# https://github.com/mikedh/trimesh
mtllib material.mtl
usemtl material_0
v 914.80040000 413.91110000 -310.13460000
v 914.80040000 413.91110000 -310.13460000
v 914.80040000 494.05250000 -310.13460000
v 914.80040000 494.05250000 -310.13460000
v 914.80080000 494.05250000 238.67910000
v 914.80080000 494.05250000 238.67910000
v 914.80080000 413.91110000 238.67910000
v 914.80080000 413.91110000 238.67910000
v -1045.74100000 413.91110000 -310.13460000
v -1045.74100000 413.91110000 -310.13460000
v -1045.74100000 494.05250000 -310.13450000
v -1045.74100000 494.05250000 -310.13450000
v -1045.74100000 413.91110000 238.67950000
v -1045.74100000 413.91110000 238.67950000
v -1045.74100000 494.05250000 238.67950000
v -1045.74100000 494.05250000 238.67950000
v -246.65370000 221.48770000 180.13050000
v -278.90440000 329.25740000 180.13050000
v -246.65370000 495.68960000 180.13050000
v -338.17250000 382.46800000 180.13050000
v -434.78880000 406.41950000 180.13050000
v -434.78880000 495.68960000 180.13050000
v -617.82640000 221.48770000 180.13050000
v -617.82640000 495.68960000 180.13050000
v -592.54980000 328.86080000 180.13050000
v -526.30770000 381.43210000 180.13050000
v 119.42160000 221.48770000 180.13050000
v 87.17080000 329.25740000 180.13050000
v 119.42160000 495.68960000 180.13050000
v 27.90280000 382.46800000 180.13050000
v -63.61600000 406.41950000 180.13050000
v -63.61600000 495.68960000 180.13050000
v -214.45760000 328.86080000 180.13050000
v -155.13490000 381.43210000 180.13050000
v 492.27770000 221.48770000 180.13050000
v 492.27770000 495.68960000 180.13050000
v 524.52850000 329.25740000 180.13050000
v 583.79660000 382.46800000 180.13050000
v 675.31540000 495.68960000 180.13050000
v 675.31540000 406.41950000 180.13050000
v 869.35110000 221.48770000 180.13050000
v 869.35110000 221.48770000 180.13050000
v 826.15700000 328.86080000 180.13050000
v 869.35110000 495.68960000 180.13050000
v 869.35110000 495.68960000 180.13050000
v 766.83420000 381.43210000 180.13050000
v 158.45320000 329.25740000 180.13050000
v 217.72130000 382.46800000 180.13050000
v 309.24010000 495.68960000 180.13050000
v 309.24010000 406.41950000 180.13050000
v 460.08170000 328.86080000 180.13050000
v 400.75890000 381.43210000 180.13050000
v -656.89820000 329.25740000 180.13050000
v -712.54350000 377.93630000 180.13050000
v -805.11400000 406.41950000 180.13050000
v -805.11400000 495.68960000 180.13050000
v -998.51780000 221.48770000 180.13050000
v -998.51780000 221.48770000 180.13050000
v -998.51780000 495.68960000 180.13050000
v -998.51780000 495.68960000 180.13050000
v -955.95570000 328.86080000 180.13050000
v -896.63280000 381.43210000 180.13050000
v -998.51780000 314.00420000 119.47840000
v -998.51780000 354.69890000 60.82520000
v -998.51780000 381.16310000 2.17190000
v -998.51780000 381.76480000 -35.34370000
v -998.51780000 495.68960000 -35.34370000
v 869.35110000 314.00420000 119.47840000
v 869.35110000 354.69890000 60.82520000
v 869.35110000 381.16310000 2.17190000
v 869.35110000 495.68960000 -35.34370000
v 869.35110000 381.76480000 -35.34370000
v -246.65370000 221.48770000 -250.81790000
v -246.65370000 495.68960000 -250.81790000
v -278.90440000 329.25740000 -250.81790000
v -338.17250000 382.46800000 -250.81790000
v -434.78880000 495.68960000 -250.81790000
v -434.78880000 406.41950000 -250.81790000
v -617.82640000 221.48770000 -250.81790000
v -592.54980000 328.86080000 -250.81790000
v -617.82640000 495.68960000 -250.81790000
v -526.30770000 381.43210000 -250.81790000
v 119.42160000 221.48770000 -250.81790000
v 119.42160000 495.68960000 -250.81790000
v 87.17080000 329.25740000 -250.81790000
v 27.90280000 382.46800000 -250.81790000
v -63.61600000 495.68960000 -250.81790000
v -63.61600000 406.41950000 -250.81790000
v -214.45760000 328.86080000 -250.81790000
v -155.13490000 381.43210000 -250.81790000
v 492.27770000 221.48770000 -250.81790000
v 524.52850000 329.25740000 -250.81790000
v 492.27770000 495.68960000 -250.81790000
v 583.79660000 382.46800000 -250.81790000
v 675.31540000 406.41950000 -250.81790000
v 675.31540000 495.68960000 -250.81790000
v 869.35110000 221.48770000 -250.81790000
v 869.35110000 221.48770000 -250.81790000
v 869.35110000 495.68960000 -250.81790000
v 869.35110000 495.68960000 -250.81790000
v 826.15700000 328.86080000 -250.81790000
v 766.83420000 381.43210000 -250.81790000
v 158.45320000 329.25740000 -250.81790000
v 217.72130000 382.46800000 -250.81790000
v 309.24010000 406.41950000 -250.81790000
v 309.24010000 495.68960000 -250.81790000
v 460.08170000 328.86080000 -250.81790000
v 400.75890000 381.43210000 -250.81790000
v -656.89820000 329.25740000 -250.81790000
v -712.54350000 377.93630000 -250.81790000
v -805.11400000 495.68960000 -250.81790000
v -805.11400000 406.41950000 -250.81790000
v -998.51780000 221.48770000 -250.81790000
v -998.51780000 221.48770000 -250.81790000
v -955.95570000 328.86080000 -250.81790000
v -998.51780000 495.68960000 -250.81790000
v -998.51780000 495.68960000 -250.81790000
v -896.63280000 381.43210000 -250.81790000
v -998.51780000 314.00420000 -190.16580000
v -998.51780000 354.69890000 -131.51250000
v -998.51780000 381.16310000 -72.85930000
v 869.35110000 314.00420000 -190.16580000
v 869.35110000 354.69890000 -131.51250000
v 869.35110000 381.16310000 -72.85930000
v 868.64720000 693.95150000 185.96730000
v 868.64720000 693.95150000 185.96730000
v 862.32930000 693.76680000 185.96730000
v 868.64720000 921.72850000 185.96730000
v 868.64720000 921.72850000 185.96730000
v 843.42430000 763.70770000 185.96730000
v 806.40750000 796.74440000 185.96730000
v 764.21900000 818.82910000 185.96730000
v 764.21900000 921.72850000 185.96730000
v 685.01370000 763.70770000 185.96730000
v 677.27060000 921.72850000 185.96730000
v 722.03050000 796.74440000 185.96730000
v 677.27060000 735.06150000 185.96730000
v 511.11690000 764.79260000 185.96730000
v 493.67410000 921.72850000 185.96730000
v 548.13370000 800.44150000 185.96730000
v 491.68590000 717.51880000 185.96730000
v 590.32230000 921.72850000 185.96730000
v 590.32230000 818.82910000 185.96730000
v 669.52760000 763.70770000 185.96730000
v 632.51080000 796.74440000 185.96730000
v 479.93370000 744.66060000 185.96730000
v 452.75730000 784.94900000 185.96730000
v 415.67390000 810.10270000 185.96730000
v 392.26710000 820.70970000 185.96730000
v 392.26710000 921.72850000 185.96730000
v 373.38550000 814.66620000 185.96730000
v 306.21910000 921.72850000 185.96730000
v 332.94280000 786.53110000 185.96730000
v 306.21910000 752.45220000 185.96730000
v 281.44630000 776.56570000 185.96730000
v 250.42990000 802.83950000 185.96730000
v 219.41350000 815.79330000 185.96730000
v 219.41350000 921.72850000 185.96730000
v 183.68290000 799.52230000 185.96730000
v 121.11760000 921.72850000 185.96730000
v 147.95230000 766.31260000 185.96730000
v 121.11760000 711.55690000 185.96730000
v 91.28190000 776.27330000 185.96730000
v 52.39290000 803.38540000 185.96730000
v 22.55730000 818.28610000 185.96730000
v 22.55730000 921.72850000 185.96730000
v -3.66020000 805.03690000 185.96720000
v -66.86070000 921.72850000 185.96730000
v -36.81430000 781.22030000 185.96720000
v -66.85820000 751.74270000 185.96720000
v 868.64720000 694.01990000 171.31840000
v 868.64720000 921.72850000 -36.07520000
v 868.64720000 785.99720000 2.75370000
v 868.64720000 813.92200000 61.08760000
v 868.64720000 921.72850000 61.08760000
v 868.64720000 785.99720000 119.42140000
v 868.64720000 748.16800000 -26.41320000
v 868.64720000 748.16800000 148.58830000
v 868.64720000 733.58380000 -36.07520000
v 868.64720000 693.95150000 -259.32580000
v 868.64720000 693.95150000 -259.32580000
v 868.64720000 921.72850000 -259.32580000
v 868.64720000 921.72850000 -259.32580000
v 862.32930000 693.76680000 -259.32580000
v 843.42430000 763.70770000 -259.32580000
v 806.40750000 796.74440000 -259.32580000
v 764.21900000 921.72850000 -259.32580000
v 764.21900000 818.82910000 -259.32580000
v 685.01370000 763.70770000 -259.32580000
v 722.03050000 796.74440000 -259.32580000
v 677.27060000 921.72850000 -259.32580000
v 677.27060000 735.06150000 -259.32580000
v 511.11690000 764.79260000 -259.32580000
v 548.13370000 800.44150000 -259.32580000
v 493.67410000 921.72850000 -259.32580000
v 491.68590000 717.51880000 -259.32580000
v 590.32230000 818.82910000 -259.32580000
v 590.32230000 921.72850000 -259.32580000
v 669.52760000 763.70770000 -259.32580000
v 632.51080000 796.74440000 -259.32580000
v 479.93370000 744.66060000 -259.32580000
v 452.75730000 784.94900000 -259.32580000
v 415.67390000 810.10270000 -259.32580000
v 392.26710000 921.72850000 -259.32580000
v 392.26710000 820.70970000 -259.32580000
v 306.21910000 921.72850000 -259.32580000
v 373.38550000 814.66620000 -259.32580000
v 332.94280000 786.53110000 -259.32580000
v 306.21910000 752.45220000 -259.32580000
v 281.44630000 776.56570000 -259.32580000
v 250.42990000 802.83950000 -259.32580000
v 219.41350000 921.72850000 -259.32580000
v 219.41350000 815.79330000 -259.32580000
v 121.11760000 921.72850000 -259.32580000
v 183.68290000 799.52230000 -259.32580000
v 147.95230000 766.31260000 -259.32580000
v 121.11760000 711.55690000 -259.32580000
v 91.28190000 776.27330000 -259.32580000
v 52.39290000 803.38540000 -259.32580000
v 22.55730000 921.72850000 -259.32580000
v 22.55730000 818.28610000 -259.32580000
v -66.85820000 921.72850000 -259.32580000
v -3.66020000 805.03690000 -259.32570000
v -36.81430000 781.22030000 -259.32570000
v -63.08590000 751.74270000 -259.32570000
v -63.08590000 751.74270000 -259.32570000
v 868.64720000 694.01990000 -240.78290000
v 868.64720000 813.92200000 -133.23800000
v 868.64720000 785.99720000 -74.90420000
v 868.64720000 921.72850000 -133.23800000
v 868.64720000 785.99720000 -191.57190000
v 868.64720000 748.16800000 -45.73730000
v 868.64720000 748.16800000 -220.73880000
v -1002.36350000 693.95150000 185.96730000
v -1002.36350000 693.95150000 185.96730000
v -1002.36350000 921.72850000 185.96730000
v -1002.36350000 921.72850000 185.96730000
v -996.04570000 693.76680000 185.96730000
v -971.48380000 763.70770000 185.96730000
v -940.12400000 796.74440000 185.96730000
v -897.93550000 921.72850000 185.96730000
v -897.93550000 818.82910000 185.96730000
v -818.73010000 763.70770000 185.96730000
v -855.74680000 796.74440000 185.96730000
v -810.98710000 921.72850000 185.96730000
v -810.98710000 735.06150000 185.96730000
v -644.83340000 764.79260000 185.96730000
v -681.85010000 800.44150000 185.96730000
v -627.39050000 921.72850000 185.96730000
v -618.23660000 717.51880000 185.96730000
v -724.03870000 818.82910000 185.96730000
v -724.03870000 921.72850000 185.96730000
v -797.01660000 763.70770000 185.96730000
v -766.22730000 796.74440000 185.96730000
v -610.19700000 744.66060000 185.96730000
v -584.15800000 784.94900000 185.96730000
v -549.39040000 810.10270000 185.96730000
v -525.98360000 921.72850000 185.96730000
v -525.98360000 820.70970000 185.96730000
v -439.93550000 921.72850000 185.96730000
v -507.10190000 814.66620000 185.96730000
v -466.65920000 786.53110000 185.96730000
v -432.92000000 752.45220000 185.96730000
v -415.16270000 776.56570000 185.96730000
v -384.14620000 802.83950000 185.96730000
v -353.12990000 921.72850000 185.96730000
v -353.12990000 815.79330000 185.96730000
v -254.83400000 921.72850000 185.96730000
v -317.39930000 799.52230000 185.96730000
v -281.66870000 766.31260000 185.96730000
v -249.22570000 711.55690000 185.96730000
v -220.17270000 776.27330000 185.96730000
v -186.10940000 803.38540000 185.96730000
v -156.27370000 921.72850000 185.96730000
v -156.27370000 818.28610000 185.96730000
v -130.05630000 805.03690000 185.96720000
v -96.90220000 781.22030000 185.96720000
v -1002.36350000 694.01990000 171.31840000
v -1002.36350000 813.92200000 61.08760000
v -1002.36350000 785.99720000 2.75370000
v -1002.36350000 921.72850000 -36.07520000
v -1002.36350000 921.72850000 61.08760000
v -1002.36350000 785.99720000 119.42140000
v -1002.36350000 748.16800000 -26.41320000
v -1002.36350000 748.16800000 148.58830000
v -1002.36350000 733.58380000 -36.07520000
v -1002.36350000 693.95150000 -259.32580000
v -1002.36350000 693.95150000 -259.32580000
v -996.04570000 693.76680000 -259.32580000
v -1002.36350000 921.72850000 -259.32580000
v -1002.36350000 921.72850000 -259.32580000
v -972.49340000 763.70770000 -259.32580000
v -940.12400000 796.74440000 -259.32580000
v -897.93550000 818.82910000 -259.32580000
v -897.93550000 921.72850000 -259.32580000
v -818.73010000 763.70770000 -259.32580000
v -810.98710000 921.72850000 -259.32580000
v -855.74680000 796.74440000 -259.32580000
v -810.98710000 735.06150000 -259.32580000
v -644.83340000 764.79260000 -259.32580000
v -627.39050000 921.72850000 -259.32580000
v -681.85010000 800.44150000 -259.32580000
v -619.11380000 717.51880000 -259.32580000
v -724.03870000 921.72850000 -259.32580000
v -724.03870000 818.82910000 -259.32580000
v -795.85350000 763.70770000 -259.32580000
v -766.22730000 796.74440000 -259.32580000
v -610.58080000 744.66060000 -259.32580000
v -584.38160000 784.94900000 -259.32580000
v -549.39040000 810.10270000 -259.32580000
v -525.98360000 820.70970000 -259.32580000
v -525.98360000 921.72850000 -259.32580000
v -507.10190000 814.66620000 -259.32580000
v -439.93550000 921.72850000 -259.32580000
v -466.65920000 786.53110000 -259.32580000
v -432.75440000 752.45220000 -259.32580000
v -415.16270000 776.56570000 -259.32580000
v -384.14620000 802.83950000 -259.32580000
v -353.12990000 815.79330000 -259.32580000
v -353.12990000 921.72850000 -259.32580000
v -317.39930000 799.52230000 -259.32580000
v -254.83400000 921.72850000 -259.32580000
v -281.66870000 766.31260000 -259.32580000
v -250.59880000 711.55690000 -259.32580000
v -220.38340000 776.27330000 -259.32580000
v -186.10940000 803.38540000 -259.32580000
v -156.27370000 818.28610000 -259.32580000
v -156.27370000 921.72850000 -259.32580000
v -130.05630000 805.03690000 -259.32570000
v -96.90220000 781.22030000 -259.32570000
v -1002.36350000 694.01990000 -240.78290000
v -1002.36350000 785.99720000 -74.90420000
v -1002.36350000 813.92200000 -133.23800000
v -1002.36350000 921.72850000 -133.23800000
v -1002.36350000 785.99720000 -191.57190000
v -1002.36350000 748.16800000 -45.73730000
v -1002.36350000 748.16800000 -220.73880000
v -1002.37650000 1012.85440000 -78.96500000
v -1002.37650000 921.72850000 -78.96500000
v -1002.37650000 921.72850000 -253.54860000
v -1002.37650000 921.72850000 -253.54860000
v -1002.37650000 1226.36650000 -55.20520000
v 868.59420000 921.72850000 -253.54860000
v 868.59420000 921.72850000 -253.54860000
v 868.59420000 921.72850000 181.29870000
v 868.59420000 921.72850000 181.29870000
v 868.59420000 1296.71070000 181.29870000
v 868.59420000 1296.71070000 181.29870000
v 868.59420000 1296.71070000 -253.54860000
v 868.59420000 1296.71070000 -253.54860000
v 260.95950000 1012.85440000 -253.54860000
v 350.41650000 1012.85440000 -253.54860000
v 483.52120000 1232.05080000 -253.54860000
v 306.37230000 1296.71070000 -253.54860000
v 485.91380000 1262.57280000 -253.54860000
v 156.77230000 1265.13430000 -253.54860000
v 158.04070000 1224.77880000 -253.54860000
v -106.39220000 1012.85440000 -253.54860000
v -17.36420000 1012.85440000 -253.54860000
v 116.26910000 1225.08740000 -253.54860000
v -62.63700000 1296.71070000 -253.54860000
v 116.26920000 1263.85570000 -253.54860000
v -244.72360000 1263.95640000 -253.54860000
v -243.27600000 1226.14210000 -253.54860000
v -654.36270000 1264.85180000 -253.54860000
v -634.80880000 1273.07740000 -253.54860000
v -717.17210000 1296.71070000 -253.54860000
v -1002.37650000 1296.71070000 -253.54860000
v -1002.37650000 1296.71070000 -253.54860000
v -849.97510000 921.72850000 -253.54860000
v -849.97510000 1012.85440000 -253.54860000
v -285.99170000 1225.86870000 -253.54860000
v -285.72850000 1262.76030000 -253.54860000
v -431.96750000 1296.71070000 -253.54860000
v -477.58080000 1012.85440000 -253.54860000
v -617.48730000 1265.98570000 -253.54860000
v -611.79130000 1230.10380000 -253.54860000
v -390.14400000 1012.85440000 -253.54860000
v 137.19430000 1273.07740000 -253.54860000
v 121.86770000 1296.71070000 -253.54860000
v 137.19430000 1216.37660000 -253.54860000
v 121.99070000 921.72850000 -253.54860000
v -17.36420000 921.72850000 -253.54860000
v -265.49670000 1273.07740000 -253.54860000
v -247.30220000 1296.71070000 -253.54860000
v -265.49670000 1216.37660000 -253.54860000
v -247.13210000 921.72850000 -253.54860000
v -390.14400000 921.72850000 -253.54860000
v -634.80880000 1216.37660000 -253.54860000
v -659.95460000 1232.25560000 -253.54860000
v -760.58810000 1012.85440000 -253.54860000
v -618.50510000 921.72850000 -253.54860000
v -760.58810000 921.72850000 -253.54860000
v 507.75230000 1273.07740000 -253.54860000
v 587.48320000 1296.71070000 -253.54860000
v 507.75230000 1216.37660000 -253.54860000
v 492.55050000 921.72850000 -253.54860000
v 350.41660000 921.72850000 -253.54860000
v 527.14520000 1264.62550000 -253.54860000
v 527.79340000 1225.07960000 -253.54860000
v 632.11320000 1012.85440000 -253.54860000
v 720.99210000 1012.85440000 -253.54860000
v 720.99210000 921.72850000 -253.54860000
v -1002.37650000 921.72850000 181.29870000
v -1002.37650000 921.72850000 181.29870000
v -1002.37650000 921.72850000 10.56670000
v -1002.37650000 1012.85440000 10.56670000
v -1002.37650000 1227.19800000 -14.01860000
v -1002.37650000 1296.71070000 -36.12490000
v -1002.37650000 1273.63280000 -34.22070000
v -1002.37650000 1266.23950000 -55.30500000
v -1002.37650000 1012.85440000 -33.89060000
v -1002.37650000 1217.65730000 -34.22070000
v -106.39220000 921.72850000 -253.54860000
v 261.34560000 921.72850000 -253.54860000
v 632.11320000 921.72850000 -253.54860000
v -477.58080000 921.72850000 -253.54860000
v 156.77230000 1265.13430000 181.29870000
v 306.37230000 1296.71070000 181.29870000
v 485.91380000 1262.57280000 181.29870000
v 350.28760000 1012.85440000 181.29870000
v 483.52120000 1232.05080000 181.29870000
v 260.95960000 1012.85440000 181.29870000
v 158.04080000 1224.77880000 181.29870000
v -244.72350000 1263.95640000 181.29870000
v -62.63690000 1296.71070000 181.29870000
v 116.26920000 1263.85570000 181.29870000
v -105.17080000 1012.85440000 181.29870000
v 116.26920000 1225.08740000 181.29870000
v -17.36410000 1012.85440000 181.29870000
v -243.27590000 1226.14210000 181.29870000
v -654.36270000 1264.85180000 181.29870000
v -1002.37650000 1296.71070000 181.29870000
v -1002.37650000 1296.71070000 181.29870000
v -717.17200000 1296.71070000 181.29870000
v -634.80880000 1273.07740000 181.29870000
v -849.97510000 1012.85440000 181.29870000
v -849.97510000 921.72850000 181.29870000
v -477.58080000 1012.85440000 181.29870000
v -611.79130000 1230.10380000 181.29870000
v -617.48730000 1265.98570000 181.29870000
v -285.72840000 1262.76030000 181.29870000
v -431.96750000 1296.71070000 181.29870000
v -285.99170000 1225.86870000 181.29870000
v -389.57150000 1012.85440000 181.29870000
v 121.86770000 1296.71070000 181.29870000
v 137.19440000 1273.07740000 181.29870000
v 137.19440000 1216.37660000 181.29870000
v 121.99080000 921.72850000 181.29870000
v -17.36410000 921.72850000 181.29870000
v -247.30220000 1296.71070000 181.29870000
v -265.49660000 1273.07740000 181.29870000
v -265.49660000 1216.37660000 181.29870000
v -247.13200000 921.72850000 181.29870000
v -389.57150000 921.72850000 181.29870000
v -761.26290000 1012.85440000 181.29870000
v -659.95460000 1232.25560000 181.29870000
v -634.80880000 1216.37660000 181.29870000
v -618.50510000 921.72850000 181.29870000
v -761.26290000 921.72850000 181.29870000
v 507.75230000 1273.07740000 181.29870000
v 587.48330000 1296.71070000 181.29870000
v 507.75230000 1216.37660000 181.29870000
v 492.55050000 921.72850000 181.29870000
v 350.28770000 921.72850000 181.29870000
v 632.11330000 1012.85440000 181.29870000
v 527.79350000 1225.07960000 181.29870000
v 527.14530000 1264.62550000 181.29870000
v 721.44770000 1012.85440000 181.29870000
v 721.44770000 921.72850000 181.29870000
v -105.17080000 921.72850000 181.29870000
v 261.34570000 921.72850000 181.29870000
v 632.11330000 921.72850000 181.29870000
v -477.58080000 921.72850000 181.29870000
v -1002.37650000 1263.72990000 -14.14590000
v -1086.42290000 1306.23170000 318.90080000
v -1086.42290000 1306.23170000 318.90080000
v -1086.42290000 1306.23170000 318.90080000
v -1086.42290000 1306.23170000 318.90080000
v -1045.49170000 1314.49020000 251.03620000
v -1045.49170000 1314.49020000 251.03620000
v -1045.49170000 1314.49020000 251.03620000
v -1045.49170000 1314.49020000 251.03620000
v 935.00420000 1314.49010000 251.03620000
v 935.00420000 1314.49010000 251.03620000
v 935.00420000 1314.49010000 251.03620000
v 935.00420000 1314.49010000 251.03620000
v 997.59620000 1306.23170000 318.90080000
v 997.59620000 1306.23170000 318.90080000
v 997.59620000 1306.23170000 318.90080000
v 997.59620000 1306.23170000 318.90080000
v 935.00420000 1314.49010000 -332.05290000
v 935.00420000 1314.49010000 -332.05290000
v 935.00420000 1314.49010000 -332.05290000
v 935.00420000 1314.49010000 -332.05290000
v 997.59620000 1306.23170000 -408.14680000
v 997.59620000 1306.23170000 -408.14680000
v 997.59620000 1306.23170000 -408.14680000
v 997.59620000 1306.23170000 -408.14680000
v -1045.49170000 1314.49010000 -332.05290000
v -1045.49170000 1314.49010000 -332.05290000
v -1045.49170000 1314.49010000 -332.05290000
v -1045.49170000 1314.49010000 -332.05290000
v -1086.42290000 1306.23170000 -408.14680000
v -1086.42290000 1306.23170000 -408.14680000
v -1086.42290000 1306.23170000 -408.14680000
v -1086.42290000 1306.23170000 -408.14680000
v -1086.42290000 907.74410000 318.90080000
v -1086.42290000 907.74410000 318.90080000
v -1086.42290000 907.74410000 318.90080000
v -1086.42290000 907.74410000 -408.14680000
v -1086.42290000 907.74410000 -408.14680000
v -1086.42290000 907.74410000 -408.14680000
v 997.59610000 907.74410000 318.90080000
v 997.59610000 907.74410000 318.90080000
v 997.59610000 907.74410000 318.90080000
v 872.41210000 907.74410000 183.17150000
v -1004.56050000 907.74410000 183.17150000
v 997.59610000 907.74410000 -408.14680000
v 997.59610000 907.74410000 -408.14680000
v 997.59610000 907.74410000 -408.14680000
v 872.41210000 907.74410000 -255.95910000
v -1004.56050000 907.74410000 -255.95910000
v -1004.56050000 1303.19740000 183.17150000
v -1004.56050000 1303.19740000 183.17150000
v 872.41210000 1303.19740000 183.17150000
v 872.41210000 1303.19740000 183.17150000
v 872.41210000 1303.19740000 -255.95910000
v 872.41210000 1303.19740000 -255.95910000
v -1004.56050000 1303.19740000 -255.95910000
v -1004.56050000 1303.19740000 -255.95910000
v 1302.22080000 415.53030000 574.70620000
v 1302.22080000 415.53030000 574.70620000
v 1302.22080000 867.38710000 574.70620000
v 1302.22080000 867.38710000 574.70620000
v 1302.22080000 630.33400000 40.61980000
v 1302.22080000 415.53030000 40.61980000
v -1431.20000000 415.53030000 574.70620000
v -1431.20000000 415.53030000 574.70620000
v -1431.20000000 867.38710000 574.70620000
v -1431.20000000 867.38710000 574.70620000
v -1431.20000000 415.53030000 -640.63320000
v -1431.20000000 415.53030000 -640.63320000
v -1431.20000000 867.38710000 -640.63320000
v -1431.20000000 867.38710000 -640.63320000
v 1301.27170000 415.53030000 -640.63320000
v 1301.27170000 415.53030000 -640.63320000
v 1301.27170000 867.38710000 -640.63320000
v 1301.27170000 867.38710000 -640.63320000
v 1301.27170000 415.53030000 -108.84140000
v 1301.27170000 630.33400000 -108.84140000
v 1301.39040000 668.52860000 -97.08790000
v 1301.98350000 700.26230000 3.25450000
v 1301.74620000 867.38710000 -34.11080000
v 1301.74630000 715.88310000 -34.11080000
v 1301.50900000 700.26230000 -71.47610000
v 1302.10220000 667.47750000 28.81000000
v -1428.51950000 -2.62010000 -644.31140000
v -1428.51950000 -2.62010000 -644.31140000
v -138.07260000 -2.62010000 -644.31100000
v -138.07260000 213.18080000 -644.31100000
v -1428.51950000 403.44790000 -644.31140000
v -1428.51950000 403.44790000 -644.31140000
v -1428.51950000 403.44790000 574.02930000
v -1428.51950000 403.44790000 574.02930000
v -1428.51950000 -2.62010000 574.02930000
v -1428.51950000 -2.62010000 574.02930000
v -505.75980000 274.49870000 574.02940000
v -505.75980000 122.02670000 574.02940000
v 1302.19070000 403.44790000 574.02970000
v 1302.19070000 403.44790000 574.02970000
v 1302.19070000 403.44790000 -643.36170000
v 1302.19070000 403.44790000 -643.36170000
v 1302.19070000 -2.62010000 -643.36170000
v 1302.19070000 -2.62010000 -643.36170000
v 1302.19070000 -2.62010000 574.02970000
v 1302.19070000 -2.62010000 574.02970000
v 11.38850000 213.18080000 -643.36190000
v 11.38850000 -2.62010000 -643.36190000
v -0.36490000 251.37530000 -643.48060000
v -63.34200000 403.44790000 -643.83640000
v -100.70730000 283.10900000 -644.07370000
v -63.34200000 298.72980000 -643.83650000
v -25.97670000 283.10900000 -643.59920000
v -126.26280000 250.32420000 -644.19240000
v 234.17770000 121.58470000 574.02950000
v 20.30490000 -2.62010000 574.02950000
v 20.30490000 236.93920000 574.02950000
v 234.17770000 274.68430000 574.02950000
v 129.61470000 403.44790000 574.02950000
v -143.01810000 236.93920000 574.02940000
v -254.35660000 403.44790000 574.02940000
v 381.45240000 121.58470000 574.02950000
v 381.45240000 274.68430000 574.02950000
v -359.31410000 274.49870000 574.02940000
v -359.31410000 122.02670000 574.02940000
v -143.01810000 -2.62010000 574.02940000
v -430.46630000 289.31750000 573.10400000
v -430.46630000 289.31750000 573.10400000
v -405.81670000 286.82490000 573.10400000
v -405.81670000 286.82490000 573.10400000
v -509.68330000 277.30440000 573.10390000
v -509.68330000 277.30440000 573.10390000
v -496.46530000 277.23510000 573.10390000
v -496.46530000 277.23510000 573.10390000
v -481.03910000 282.33910000 573.10390000
v -481.03910000 282.33910000 573.10390000
v -462.11430000 286.81480000 573.10390000
v -462.11430000 286.81480000 573.10390000
v -441.44090000 289.31750000 573.10400000
v -441.44090000 289.31750000 573.10400000
v -387.84590000 282.61340000 573.10400000
v -387.84590000 282.61340000 573.10400000
v -375.60050000 278.12680000 573.10400000
v -375.60050000 278.12680000 573.10400000
v -357.12760000 278.48750000 573.10400000
v -357.12760000 278.48750000 573.10400000
v -357.12760000 119.80510000 573.10390000
v -357.12760000 119.80510000 573.10390000
v -509.68330000 119.80510000 573.10390000
v -509.68330000 119.80510000 573.10390000
v -357.12760000 119.80510000 583.67210000
v -357.12760000 119.80510000 583.67210000
v -509.68330000 119.80510000 583.67210000
v -509.68330000 119.80510000 583.67210000
v -509.68350000 277.30440000 583.67210000
v -509.68350000 277.30440000 583.67210000
v -357.12760000 278.48750000 583.67210000
v -357.12760000 278.48750000 583.67210000
v -375.60050000 278.12680000 583.67210000
v -375.60050000 278.12680000 583.67210000
v -387.84590000 282.61340000 583.67210000
v -387.84590000 282.61340000 583.67210000
v -405.81670000 286.82490000 583.67210000
v -405.81670000 286.82490000 583.67210000
v -430.46630000 289.31750000 583.67210000
v -430.46630000 289.31750000 583.67210000
v -441.44090000 289.31750000 583.67210000
v -441.44090000 289.31750000 583.67210000
v -462.11430000 286.81480000 583.67210000
v -462.11430000 286.81480000 583.67210000
v -481.03910000 282.33910000 583.67210000
v -481.03910000 282.33910000 583.67210000
v -496.46530000 277.23510000 583.67210000
v -496.46530000 277.23510000 583.67210000
v 310.78250000 289.31760000 573.10410000
v 310.78250000 289.31760000 573.10410000
v 335.43230000 286.82500000 573.10410000
v 335.43230000 286.82500000 573.10410000
v 231.56540000 277.30450000 573.10410000
v 231.56540000 277.30450000 573.10410000
v 244.78340000 277.23520000 573.10410000
v 244.78340000 277.23520000 573.10410000
v 260.20970000 282.33920000 573.10410000
v 260.20970000 282.33920000 573.10410000
v 279.13450000 286.81490000 573.10410000
v 279.13450000 286.81490000 573.10410000
v 299.80790000 289.31760000 573.10410000
v 299.80790000 289.31760000 573.10410000
v 353.40280000 282.61350000 573.10410000
v 353.40280000 282.61350000 573.10410000
v 365.64830000 278.12690000 573.10410000
v 365.64830000 278.12690000 573.10410000
v 384.12120000 278.48750000 573.10410000
v 384.12120000 278.48750000 573.10410000
v 384.12120000 119.80510000 573.10410000
v 384.12120000 119.80510000 573.10410000
v 231.56540000 119.80510000 573.10400000
v 231.56540000 119.80510000 573.10400000
v 384.12130000 119.80510000 583.67220000
v 384.12130000 119.80510000 583.67220000
v 231.56560000 119.80510000 583.67220000
v 231.56560000 119.80510000 583.67220000
v 231.56540000 277.30440000 583.67220000
v 231.56540000 277.30440000 583.67220000
v 384.12130000 278.48750000 583.67220000
v 384.12130000 278.48750000 583.67220000
v 365.64840000 278.12690000 583.67220000
v 365.64840000 278.12690000 583.67220000
v 353.40280000 282.61350000 583.67220000
v 353.40280000 282.61350000 583.67220000
v 335.43230000 286.82500000 583.67220000
v 335.43230000 286.82500000 583.67220000
v 310.78260000 289.31760000 583.67220000
v 310.78260000 289.31760000 583.67220000
v 299.80790000 289.31760000 583.67220000
v 299.80790000 289.31760000 583.67220000
v 279.13450000 286.81490000 583.67220000
v 279.13450000 286.81490000 583.67220000
v 260.20970000 282.33920000 583.67220000
v 260.20970000 282.33920000 583.67220000
v 244.78340000 277.23520000 583.67220000
v 244.78340000 277.23520000 583.67220000
v -1427.34590000 419.96370000 -636.97550000
v -1427.34590000 419.96370000 -636.97550000
v -1427.34590000 419.96370000 -636.97550000
v -1427.16330000 419.96370000 570.74620000
v -1427.16330000 419.96370000 570.74620000
v -1427.16330000 419.96370000 570.74620000
v -1427.16330000 419.96370000 570.74620000
v -1427.16330000 415.46140000 570.74620000
v -1427.16330000 415.46140000 570.74620000
v -1427.16330000 415.46140000 570.74620000
v -1427.16330000 415.46140000 570.74620000
v -1427.34590000 415.46140000 -636.97550000
v -1427.34590000 415.46140000 -636.97550000
v -1427.34590000 415.46140000 -636.97550000
v 1297.63680000 419.96370000 570.74670000
v 1297.63680000 419.96370000 570.74670000
v 1297.63680000 419.96370000 570.74670000
v 1297.63660000 419.96370000 42.26430000
v 1297.63660000 419.96370000 42.26430000
v 1297.63660000 415.46140000 42.44800000
v 1297.63660000 415.46140000 42.44800000
v 1297.63680000 415.46140000 570.74670000
v 1297.63680000 415.46140000 570.74670000
v 1297.63680000 415.46140000 570.74670000
v -1431.71700000 424.46590000 575.30000000
v -1431.71700000 424.46590000 575.30000000
v -1431.71700000 424.46590000 575.30000000
v -1431.71700000 424.46590000 575.30000000
v -1431.89870000 424.46590000 -641.53000000
v -1431.89870000 424.46590000 -641.53000000
v -1431.89870000 424.46590000 -641.53000000
v -1431.89870000 424.46590000 -641.53000000
v 1302.19040000 424.46590000 42.04840000
v 1302.19040000 424.46590000 42.04840000
v 1302.19060000 424.46590000 575.30040000
v 1302.19060000 424.46590000 575.30040000
v 1302.19060000 424.46590000 575.30040000
v 1302.19060000 424.46590000 575.30040000
v -1431.89870000 419.96370000 -641.53000000
v -1431.89870000 419.96370000 -641.53000000
v -1431.89870000 415.46140000 -641.53000000
v -1431.89870000 415.46140000 -641.53000000
v -1431.89870000 415.46140000 -641.53000000
v -1431.89870000 415.46140000 -641.53000000
v -1431.71700000 415.46140000 575.30000000
v -1431.71700000 415.46140000 575.30000000
v -1431.71700000 415.46140000 575.30000000
v -1431.71700000 415.46140000 575.30000000
v -1431.71700000 419.96370000 575.30000000
v -1431.71700000 419.96370000 575.30000000
v 1302.19040000 419.96370000 -110.06900000
v 1302.19060000 415.46140000 -110.06910000
v 1302.19060000 415.46140000 -110.06910000
v 1302.19060000 415.46140000 -641.60240000
v 1302.19060000 415.46140000 -641.60240000
v 1302.19060000 415.46140000 -641.60240000
v 1302.19060000 415.46140000 -641.60240000
v 1302.19060000 419.96370000 -641.60240000
v 1302.19060000 419.96370000 -641.60240000
v 1302.19060000 415.46140000 575.30040000
v 1302.19060000 415.46140000 575.30040000
v 1302.19060000 415.46140000 575.30040000
v 1302.19060000 415.46140000 575.30040000
v 1302.19060000 419.96370000 575.30040000
v 1302.19060000 419.96370000 575.30040000
v 1302.19060000 419.96370000 575.30040000
v 1302.19060000 424.46590000 -641.60240000
v 1302.19060000 424.46590000 -641.60240000
v 1302.19060000 424.46590000 -641.60240000
v 1302.19060000 424.46590000 -641.60240000
v 1302.19040000 424.46590000 -110.06900000
v 1302.19040000 424.46590000 -110.06900000
v 1302.19070000 415.46140000 42.41580000
v 1302.19070000 415.46140000 42.41580000
v 1297.63600000 415.46140000 -637.04940000
v 1297.63600000 415.46140000 -637.04940000
v 1297.63600000 415.46140000 -637.04940000
v 1297.63600000 415.46140000 -637.04940000
v 1297.63600000 419.96370000 -637.04940000
v 1297.63600000 419.96370000 -637.04940000
v 1297.63600000 419.96370000 -637.04940000
v 1297.63600000 419.96370000 -637.04940000
v 1297.63650000 415.46140000 -110.14840000
v 1297.63650000 415.46140000 -110.14840000
v 1297.63650000 419.96370000 -110.14840000
v 1297.63650000 419.96370000 -110.14840000
v 1302.19040000 419.96370000 42.23210000
v 1302.19040000 419.96370000 42.23210000
v -1423.96660000 1.12290000 -639.75680000
v -1423.96660000 1.12290000 -639.75680000
v -1423.96660000 1.12290000 -639.75680000
v -1423.96610000 1.12290000 569.47550000
v -1423.96610000 1.12290000 569.47550000
v -1423.96610000 1.12290000 569.47550000
v -1423.96610000 1.12290000 569.47550000
v -1423.96610000 -3.37940000 569.47550000
v -1423.96610000 -3.37940000 569.47550000
v -1423.96610000 -3.37940000 569.47550000
v -1423.96610000 -3.37940000 569.47550000
v -1423.96660000 -3.37940000 -639.75680000
v -1423.96660000 -3.37940000 -639.75680000
v -1423.96660000 -3.37940000 -639.75680000
v 1297.63680000 1.12290000 569.47600000
v 1297.63680000 1.12290000 569.47600000
v 1297.63680000 1.12290000 569.47600000
v 1297.63600000 1.12290000 -638.80870000
v 1297.63600000 1.12290000 -638.80870000
v 1297.63600000 1.12290000 -638.80870000
v 1297.63600000 -3.37940000 -638.80870000
v 1297.63600000 -3.37940000 -638.80870000
v 1297.63600000 -3.37940000 -638.80870000
v 1297.63680000 -3.37940000 569.47600000
v 1297.63680000 -3.37940000 569.47600000
v 1297.63680000 -3.37940000 569.47600000
v 12.16240000 1.12290000 -639.25660000
v 12.16240000 1.12290000 -639.25660000
v 12.16240000 -3.37940000 -639.25650000
v 12.16240000 -3.37940000 -639.25650000
v -1428.51980000 5.62510000 574.02930000
v -1428.51980000 5.62510000 574.02930000
v -1428.51980000 5.62510000 574.02930000
v -1428.51980000 5.62510000 574.02930000
v -1428.51980000 5.62510000 -644.31140000
v -1428.51980000 5.62510000 -644.31140000
v -1428.51980000 5.62510000 -644.31140000
v -1428.51980000 5.62510000 -644.31140000
v 1302.19060000 5.62510000 -643.36170000
v 1302.19060000 5.62510000 -643.36170000
v 1302.19060000 5.62510000 -643.36170000
v 1302.19060000 5.62510000 -643.36170000
v 1302.19060000 5.62510000 574.02970000
v 1302.19060000 5.62510000 574.02970000
v 1302.19060000 5.62510000 574.02970000
v 1302.19060000 5.62510000 574.02970000
v 12.08290000 5.62510000 -643.81040000
v 12.08290000 5.62510000 -643.81040000
v -1428.51980000 1.12290000 -644.31140000
v -1428.51980000 1.12290000 -644.31140000
v -1428.51980000 -3.37940000 -644.31140000
v -1428.51980000 -3.37940000 -644.31140000
v -1428.51980000 -3.37940000 -644.31140000
v -1428.51980000 -3.37940000 -644.31140000
v -1428.51980000 -3.37940000 574.02930000
v -1428.51980000 -3.37940000 574.02930000
v -1428.51980000 -3.37940000 574.02930000
v -1428.51980000 -3.37940000 574.02930000
v -1428.51980000 1.12290000 574.02930000
v -1428.51980000 1.12290000 574.02930000
v 1302.19060000 1.12290000 574.02970000
v 1302.19060000 1.12290000 574.02970000
v 1302.19060000 -3.37940000 574.02970000
v 1302.19060000 -3.37940000 574.02970000
v 1302.19060000 -3.37940000 574.02970000
v 1302.19060000 -3.37940000 574.02970000
v 1302.19060000 -3.37940000 -643.36170000
v 1302.19060000 -3.37940000 -643.36170000
v 1302.19060000 -3.37940000 -643.36170000
v 1302.19060000 -3.37940000 -643.36170000
v 1302.19060000 1.12290000 -643.36170000
v 1302.19060000 1.12290000 -643.36170000
v 1302.19060000 1.12290000 -643.36170000
v -138.69800000 1.12290000 -643.86280000
v -138.69800000 -3.37940000 -643.86280000
v -138.69800000 -3.37940000 -643.86280000
v -138.69800000 5.62510000 -643.86280000
v -138.69800000 5.62510000 -643.86280000
v 12.08290000 -3.37940000 -643.81030000
v 12.08290000 -3.37940000 -643.81030000
v -138.61850000 -3.37940000 -639.30900000
v -138.61850000 -3.37940000 -639.30900000
v -138.61850000 1.12290000 -639.30910000
v -138.61850000 1.12290000 -639.30910000
v 12.08290000 1.12290000 -643.81040000
v 12.08290000 1.12290000 -643.81040000
v -1082.36110000 1302.44900000 314.80150000
v -1082.36110000 1302.44900000 314.80150000
v -1082.36110000 1302.44900000 314.80150000
v -1082.36110000 1302.44900000 314.80150000
v -1044.73460000 1307.64220000 250.65940000
v -1044.73460000 1307.64220000 250.65940000
v -1044.73460000 1307.64220000 250.65940000
v -1044.73460000 1307.64220000 250.65940000
v 934.54330000 1307.61780000 250.62490000
v 934.54330000 1307.61780000 250.62490000
v 934.54330000 1307.61780000 250.62490000
v 934.54330000 1307.61780000 250.62490000
v 993.53280000 1302.41800000 314.83210000
v 993.53280000 1302.41800000 314.83210000
v 993.53280000 1302.41800000 314.83210000
v 993.53280000 1302.41800000 314.83210000
v 934.53270000 1307.61550000 -331.69470000
v 934.53270000 1307.61550000 -331.69470000
v 934.53270000 1307.61550000 -331.69470000
v 934.53270000 1307.61550000 -331.69470000
v 993.54110000 1302.40750000 -404.07970000
v 993.54110000 1302.40750000 -404.07970000
v 993.54110000 1302.40750000 -404.07970000
v 993.54110000 1302.40750000 -404.07970000
v -1044.72070000 1307.64110000 -331.72440000
v -1044.72070000 1307.64110000 -331.72440000
v -1044.72070000 1307.64110000 -331.72440000
v -1044.72070000 1307.64110000 -331.72440000
v -1082.37060000 1302.43330000 -404.05270000
v -1082.37060000 1302.43330000 -404.05270000
v -1082.37060000 1302.43330000 -404.05270000
v -1082.37060000 1302.43330000 -404.05270000
v -1082.43910000 911.72780000 314.91710000
v -1082.43910000 911.72780000 314.91710000
v -1082.43910000 911.72780000 314.91710000
v -1082.43910000 911.72780000 314.91710000
v -1082.43910000 911.72780000 -404.16310000
v -1082.43910000 911.72780000 -404.16310000
v -1082.43910000 911.72780000 -404.16310000
v -1082.43910000 911.72780000 -404.16310000
v 993.61240000 911.72780000 314.91710000
v 993.61240000 911.72780000 314.91710000
v 993.61240000 911.72780000 314.91710000
v 993.61240000 911.72780000 314.91710000
v 872.41210000 914.64410000 183.17150000
v 872.41210000 914.64410000 183.17150000
v 872.41210000 914.64410000 183.17150000
v 872.41210000 914.64410000 183.17150000
v -1004.56050000 914.64410000 183.17150000
v -1004.56050000 914.64410000 183.17150000
v -1004.56050000 914.64410000 183.17150000
v -1004.56050000 914.64410000 183.17150000
v 993.61240000 911.72780000 -404.16310000
v 993.61240000 911.72780000 -404.16310000
v 993.61240000 911.72780000 -404.16310000
v 993.61240000 911.72780000 -404.16310000
v 872.41210000 914.64410000 -255.95910000
v 872.41210000 914.64410000 -255.95910000
v 872.41210000 914.64410000 -255.95910000
v 872.41210000 914.64410000 -255.95910000
v -1004.56050000 914.64410000 -255.95910000
v -1004.56050000 914.64410000 -255.95910000
v -1004.56050000 914.64410000 -255.95910000
v -1004.56050000 914.64410000 -255.95910000
v 935.00420000 1314.49010000 251.03620000
v 935.00420000 1314.49010000 251.03620000
v 935.00420000 1314.49010000 251.03620000
v 935.00420000 1314.49010000 251.03620000
v -1045.49170000 1314.49010000 251.03620000
v -1045.49170000 1314.49010000 251.03620000
v -1045.49170000 1314.49010000 251.03620000
v -1045.49170000 1314.49010000 251.03620000
v -1086.42290000 1316.38840000 318.90080000
v -1086.42290000 1316.38840000 318.90080000
v -1086.42290000 1316.38840000 318.90080000
v -1086.42290000 1316.38840000 318.90080000
v 997.59620000 1330.76930000 318.90080000
v 997.59620000 1330.76930000 318.90080000
v 997.59620000 1330.76930000 318.90080000
v 997.59620000 1330.76930000 318.90080000
v 935.00420000 1314.49010000 -332.05290000
v 935.00420000 1314.49010000 -332.05290000
v 935.00420000 1314.49010000 -332.05290000
v 935.00420000 1314.49010000 -332.05290000
v 997.59620000 1330.76930000 -408.14680000
v 997.59620000 1330.76930000 -408.14680000
v 997.59620000 1330.76930000 -408.14680000
v 997.59620000 1330.76930000 -408.14680000
v -1086.42290000 1316.38840000 -408.14680000
v -1086.42290000 1316.38840000 -408.14680000
v -1086.42290000 1316.38840000 -408.14680000
v -1086.42290000 1316.38840000 -408.14680000
v -1045.49170000 1314.49010000 -332.05290000
v -1045.49170000 1314.49010000 -332.05290000
v -1045.49170000 1314.49010000 -332.05290000
v -1045.49170000 1314.49010000 -332.05290000
v -1086.42290000 907.74410000 318.90080000
v -1086.42290000 907.74410000 318.90080000
v -1086.42290000 907.74410000 318.90080000
v -1086.42290000 907.74410000 -408.14680000
v -1086.42290000 907.74410000 -408.14680000
v -1086.42290000 907.74410000 -408.14680000
v 872.41210000 907.74410000 183.17150000
v 872.41210000 907.74410000 183.17150000
v 872.41210000 907.74410000 183.17150000
v 997.59610000 907.74410000 318.90080000
v 997.59610000 907.74410000 318.90080000
v 997.59610000 907.74410000 318.90080000
v -1004.56050000 907.74410000 183.17150000
v -1004.56050000 907.74410000 183.17150000
v -1004.56050000 907.74410000 183.17150000
v 872.41210000 907.74410000 -255.95910000
v 872.41210000 907.74410000 -255.95910000
v 872.41210000 907.74410000 -255.95910000
v 997.59610000 907.74410000 -408.14680000
v 997.59610000 907.74410000 -408.14680000
v 997.59610000 907.74410000 -408.14680000
v -1004.56050000 907.74410000 -255.95910000
v -1004.56050000 907.74410000 -255.95910000
v -1004.56050000 907.74410000 -255.95910000
v -1864.38780000 -126.44250000 -1136.43550000
v -1864.38780000 -126.44250000 -1136.43550000
v -1864.38780000 -126.44250000 -1136.43550000
v 1744.09780000 -126.44250000 -1136.43550000
v 1744.09780000 -126.44250000 -1136.43550000
v 1744.09780000 -126.44250000 -1136.43550000
v 1744.09780000 -126.44250000 1037.11600000
v 1744.09780000 -126.44250000 1037.11600000
v 1744.09780000 -126.44250000 1037.11600000
v -1864.38780000 -126.44250000 1037.11600000
v -1864.38780000 -126.44250000 1037.11600000
v -1864.38780000 -126.44250000 1037.11600000
v 1746.69290000 1334.98160000 1039.71120000
v 1746.69290000 1334.98160000 1039.71120000
v 1746.69290000 1334.98160000 1039.71120000
v -1866.98290000 1334.98160000 1039.71120000
v -1866.98290000 1334.98160000 1039.71120000
v -1866.98290000 1334.98160000 1039.71120000
v 1746.69290000 1334.98160000 -1139.03050000
v 1746.69290000 1334.98160000 -1139.03050000
v 1746.69290000 1334.98160000 -1139.03050000
v -1866.98290000 1334.98160000 -1139.03050000
v -1866.98290000 1334.98160000 -1139.03050000
v -1866.98290000 1334.98160000 -1139.03050000
v -1866.98290000 1334.98160000 -1139.03050000
v -1852.84080000 -114.89550000 -1124.88840000
v -1852.84080000 -114.89550000 -1124.88840000
v -1852.84080000 -114.89550000 -1124.88840000
v -1852.84080000 -114.89550000 1025.56910000
v -1852.84080000 -114.89550000 1025.56910000
v -1852.84080000 -114.89550000 1025.56910000
v 1732.55080000 -114.89550000 1025.56910000
v 1732.55080000 -114.89550000 1025.56910000
v 1732.55080000 -114.89550000 1025.56910000
v 1732.55080000 -114.89550000 -1124.88840000
v 1732.55080000 -114.89550000 -1124.88840000
v 1732.55080000 -114.89550000 -1124.88840000
v -1852.84080000 1347.19580000 1025.56910000
v -1852.84080000 1347.19580000 1025.56910000
v -1852.84080000 1347.19580000 1025.56910000
v 1732.55080000 1347.19580000 1025.56910000
v 1732.55080000 1347.19580000 1025.56910000
v 1732.55080000 1347.19580000 1025.56910000
v 1732.55080000 1347.19580000 -1124.88840000
v 1732.55080000 1347.19580000 -1124.88840000
v 1732.55080000 1347.19580000 -1124.88840000
v -1852.84080000 1347.19580000 -1124.88840000
v -1852.84080000 1347.19580000 -1124.88840000
v -1852.84080000 1347.19580000 -1124.88840000
v -1852.84080000 1347.19580000 -1124.88840000
v 1380.60330000 -115.97910000 -782.52030000
v 1380.60330000 -115.97910000 -782.52030000
v 1380.60330000 -115.97910000 -782.52030000
v 1380.60330000 -115.97910000 674.75680000
v 1380.60330000 -115.97910000 674.75680000
v 1380.60330000 -115.97910000 674.75680000
v -1504.46830000 -115.97910000 674.75680000
v -1504.46830000 -115.97910000 674.75680000
v -1504.46830000 -115.97910000 674.75680000
v -1504.46830000 -115.97910000 -782.52030000
v -1504.46830000 -115.97910000 -782.52030000
v -1504.46830000 -115.97910000 -782.52030000
v 1380.60340000 1271.03710000 674.75680000
v 1380.60340000 1271.03710000 674.75680000
v -1504.46830000 1271.03710000 674.75680000
v -1504.46830000 1271.03710000 674.75680000
v 1380.60340000 1271.03710000 -782.52030000
v 1380.60340000 1271.03710000 -782.52030000
v -1504.46830000 1271.03710000 -782.52030000
v -1504.46830000 1271.03710000 -782.52030000
vn 1.00000000 0.00000000 -0.00000000
vn 0.00000000 0.00000000 -1.00000000
vn 1.00000000 0.00000000 -0.00000000
vn 0.00000000 0.00000000 -1.00000000
vn 1.00000000 0.00000000 -0.00000000
vn 0.00000000 0.00000000 1.00000000
vn 1.00000000 0.00000000 -0.00000000
vn 0.00000000 0.00000000 1.00000000
vn -0.00000000 0.00000000 -1.00000000
vn -1.00000000 0.00000000 -0.00000000
vn -0.00000000 0.00000000 -1.00000000
vn -1.00000000 0.00000000 -0.00000000
vn -1.00000000 0.00000000 -0.00000000
vn 0.00000000 0.00000000 1.00000000
vn 0.00000000 0.00000000 1.00000000
vn -1.00000000 0.00000000 -0.00000000
vn 0.00000000 0.00000000 -1.00000000
vn 0.00000000 0.00000000 -1.00000000
vn 0.00000000 0.00000000 -1.00000000
vn 0.00000000 0.00000000 -1.00000000
vn 0.00000000 0.00000000 -1.00000000
vn 0.00000000 0.00000000 -1.00000000
vn 0.00000000 0.00000000 -1.00000000
vn 0.00000000 0.00000000 -1.00000000
vn 0.00000000 0.00000000 -1.00000000
vn 0.00000000 0.00000000 -1.00000000
vn 0.00000000 0.00000000 -1.00000000
vn 0.00000000 0.00000000 -1.00000000
vn 0.00000000 0.00000000 -1.00000000
vn 0.00000000 0.00000000 -1.00000000
vn 0.00000000 0.00000000 -1.00000000
vn 0.00000000 0.00000000 -1.00000000
vn 0.00000000 0.00000000 -1.00000000
vn 0.00000000 0.00000000 -1.00000000
vn 0.00000000 0.00000000 -1.00000000
vn 0.00000000 0.00000000 -1.00000000
vn 0.00000000 0.00000000 -1.00000000
vn 0.00000000 0.00000000 -1.00000000
vn 0.00000000 0.00000000 -1.00000000
vn 0.00000000 0.00000000 -1.00000000
vn 0.00000000 0.00000000 -1.00000000
vn -1.00000000 0.00000000 -0.00000000
vn 0.00000000 0.00000000 -1.00000000
vn 0.00000000 0.00000000 -1.00000000
vn -1.00000000 0.00000000 -0.00000000
vn 0.00000000 0.00000000 -1.00000000
vn 0.00000000 0.00000000 -1.00000000
vn 0.00000000 0.00000000 -1.00000000
vn 0.00000000 0.00000000 -1.00000000
vn 0.00000000 0.00000000 -1.00000000
vn 0.00000000 0.00000000 -1.00000000
vn 0.00000000 0.00000000 -1.00000000
vn 0.00000000 0.00000000 -1.00000000
vn 0.00000000 0.00000000 -1.00000000
vn 0.00000000 0.00000000 -1.00000000
vn 0.00000000 0.00000000 -1.00000000
vn 0.00000000 0.00000000 -1.00000000
vn 1.00000000 0.00000000 -0.00000000
vn 0.00000000 0.00000000 -1.00000000
vn 1.00000000 0.00000000 -0.00000000
vn 0.00000000 0.00000000 -1.00000000
vn 0.00000000 0.00000000 -1.00000000
vn 1.00000000 0.00000000 -0.00000000
vn 1.00000000 0.00000000 -0.00000000
vn 1.00000000 0.00000000 -0.00000000
vn 1.00000000 0.00000000 -0.00000000
vn 1.00000000 0.00000000 -0.00000000
vn -1.00000000 0.00000000 -0.00000000
vn -1.00000000 0.00000000 -0.00000000
vn -1.00000000 0.00000000 -0.00000000
vn -1.00000000 0.00000000 -0.00000000
vn -1.00000000 0.00000000 -0.00000000
vn 0.00000000 0.00000000 1.00000000
vn 0.00000000 0.00000000 1.00000000
vn 0.00000000 0.00000000 1.00000000
vn 0.00000000 0.00000000 1.00000000
vn 0.00000000 0.00000000 1.00000000
vn 0.00000000 0.00000000 1.00000000
vn 0.00000000 0.00000000 1.00000000
vn 0.00000000 0.00000000 1.00000000
vn 0.00000000 0.00000000 1.00000000
vn 0.00000000 0.00000000 1.00000000
vn 0.00000000 0.00000000 1.00000000
vn 0.00000000 0.00000000 1.00000000
vn 0.00000000 0.00000000 1.00000000
vn 0.00000000 0.00000000 1.00000000
vn 0.00000000 0.00000000 1.00000000
vn 0.00000000 0.00000000 1.00000000
vn 0.00000000 0.00000000 1.00000000
vn 0.00000000 0.00000000 1.00000000
vn 0.00000000 0.00000000 1.00000000
vn 0.00000000 0.00000000 1.00000000
vn 0.00000000 0.00000000 1.00000000
vn 0.00000000 0.00000000 1.00000000
vn 0.00000000 0.00000000 1.00000000
vn 0.00000000 0.00000000 1.00000000
vn 0.00000000 0.00000000 1.00000000
vn -1.00000000 0.00000000 -0.00000000
vn 0.00000000 0.00000000 1.00000000
vn -1.00000000 0.00000000 -0.00000000
vn 0.00000000 0.00000000 1.00000000
vn 0.00000000 0.00000000 1.00000000
vn 0.00000000 0.00000000 1.00000000
vn 0.00000000 0.00000000 1.00000000
vn 0.00000000 0.00000000 1.00000000
vn 0.00000000 0.00000000 1.00000000
vn 0.00000000 0.00000000 1.00000000
vn 0.00000000 0.00000000 1.00000000
vn 0.00000000 0.00000000 1.00000000
vn 0.00000000 0.00000000 1.00000000
vn 0.00000000 0.00000000 1.00000000
vn 0.00000000 0.00000000 1.00000000
vn 0.00000000 0.00000000 1.00000000
vn 1.00000000 0.00000000 -0.00000000
vn 0.00000000 0.00000000 1.00000000
vn 0.00000000 0.00000000 1.00000000
vn 1.00000000 0.00000000 -0.00000000
vn 0.00000000 0.00000000 1.00000000
vn 1.00000000 0.00000000 -0.00000000
vn 1.00000000 0.00000000 -0.00000000
vn 1.00000000 0.00000000 -0.00000000
vn -1.00000000 0.00000000 -0.00000000
vn -1.00000000 0.00000000 -0.00000000
vn -1.00000000 0.00000000 -0.00000000
vn 0.00000000 0.00000000 -1.00000000
vn -1.00000000 0.00000000 -0.00000000
vn 0.00000000 0.00000000 -1.00000000
vn 0.00000000 0.00000000 -1.00000000
vn -1.00000000 0.00000000 -0.00000000
vn 0.00000000 0.00000000 -1.00000000
vn 0.00000000 0.00000000 -1.00000000
vn 0.00000000 0.00000000 -1.00000000
vn 0.00000000 0.00000000 -1.00000000
vn 0.00000000 0.00000000 -1.00000000
vn 0.00000000 0.00000000 -1.00000000
vn -0.00000000 0.00000000 -1.00000000
vn 0.00000000 0.00000000 -1.00000000
vn 0.00000000 0.00000000 -1.00000000
vn 0.00000000 0.00000000 -1.00000000
vn -0.00000000 0.00000000 -1.00000000
vn 0.00000000 0.00000000 -1.00000000
vn 0.00000000 0.00000000 -1.00000000
vn 0.00000000 0.00000000 -1.00000000
vn 0.00000000 0.00000000 -1.00000000
vn 0.00000000 0.00000000 -1.00000000
vn 0.00000000 0.00000000 -1.00000000
vn 0.00000000 0.00000000 -1.00000000
vn 0.00000000 0.00000000 -1.00000000
vn 0.00000000 0.00000000 -1.00000000
vn 0.00000000 0.00000000 -1.00000000
vn 0.00000000 0.00000000 -1.00000000
vn 0.00000000 0.00000000 -1.00000000
vn 0.00000000 0.00000000 -1.00000000
vn 0.00000000 0.00000000 -1.00000000
vn 0.00000000 0.00000000 -1.00000000
vn 0.00000000 0.00000000 -1.00000000
vn -0.00000000 0.00000000 -1.00000000
vn -0.00000000 0.00000000 -1.00000000
vn -0.00000000 0.00000000 -1.00000000
vn 0.00000000 0.00000000 -1.00000000
vn -0.00000000 0.00000000 -1.00000000
vn 0.00000000 0.00000000 -1.00000000
vn 0.00000000 0.00000000 -1.00000000
vn 0.00000000 0.00000000 -1.00000000
vn 0.00000000 0.00000000 -1.00000000
vn 0.00000000 0.00000000 -1.00000000
vn 0.00000000 0.00000000 -1.00000000
vn -0.00000000 0.00000000 -1.00000000
vn 0.00000000 0.00000000 -1.00000000
vn 0.00000000 0.00000000 -1.00000000
vn -1.00000000 0.00000000 -0.00000000
vn -1.00000000 0.00000000 -0.00000000
vn -1.00000000 0.00000000 -0.00000000
vn -1.00000000 0.00000000 -0.00000000
vn -1.00000000 0.00000000 -0.00000000
vn -1.00000000 0.00000000 -0.00000000
vn -1.00000000 0.00000000 -0.00000000
vn -1.00000000 0.00000000 -0.00000000
vn -1.00000000 0.00000000 -0.00000000
vn -1.00000000 0.00000000 -0.00000000
vn 0.00000000 0.00000000 1.00000000
vn -1.00000000 0.00000000 -0.00000000
vn 0.00000000 0.00000000 1.00000000
vn 0.00000000 0.00000000 1.00000000
vn 0.00000000 0.00000000 1.00000000
vn 0.00000000 0.00000000 1.00000000
vn -0.00000000 0.00000000 1.00000000
vn 0.00000000 0.00000000 1.00000000
vn 0.00000000 0.00000000 1.00000000
vn -0.00000000 0.00000000 1.00000000
vn 0.00000000 0.00000000 1.00000000
vn 0.00000000 0.00000000 1.00000000
vn 0.00000000 0.00000000 1.00000000
vn -0.00000000 0.00000000 1.00000000
vn 0.00000000 0.00000000 1.00000000
vn 0.00000000 0.00000000 1.00000000
vn 0.00000000 0.00000000 1.00000000
vn 0.00000000 0.00000000 1.00000000
vn 0.00000000 0.00000000 1.00000000
vn 0.00000000 0.00000000 1.00000000
vn 0.00000000 0.00000000 1.00000000
vn 0.00000000 0.00000000 1.00000000
vn 0.00000000 0.00000000 1.00000000
vn 0.00000000 0.00000000 1.00000000
vn 0.00000000 0.00000000 1.00000000
vn 0.00000000 0.00000000 1.00000000
vn 0.00000000 0.00000000 1.00000000
vn 0.00000000 0.00000000 1.00000000
vn 0.00000000 0.00000000 1.00000000
vn 0.00000000 0.00000000 1.00000000
vn 0.00000000 0.00000000 1.00000000
vn -0.00000000 0.00000000 1.00000000
vn -0.00000000 0.00000000 1.00000000
vn 0.00000000 0.00000000 1.00000000
vn -0.00000000 0.00000000 1.00000000
vn 0.00000000 0.00000000 1.00000000
vn 0.00000000 0.00000000 1.00000000
vn 0.00000000 0.00000000 1.00000000
vn 0.00000000 0.00000000 1.00000000
vn 0.00000000 0.00000000 1.00000000
vn 0.00000000 0.00000000 1.00000000
vn 0.00000000 0.00000000 1.00000000
vn 0.00000000 0.00000000 1.00000000
vn -0.00000000 0.00000000 1.00000000
vn -0.00000000 0.00000000 1.00000000
vn -0.00000000 0.00000000 1.00000000
vn -1.00000000 0.00000000 -0.00000000
vn -1.00000000 0.00000000 -0.00000000
vn -1.00000000 0.00000000 -0.00000000
vn -1.00000000 0.00000000 -0.00000000
vn -1.00000000 0.00000000 -0.00000000
vn -1.00000000 0.00000000 -0.00000000
vn -1.00000000 0.00000000 -0.00000000
vn 1.00000000 0.00000000 -0.00000000
vn 0.00000000 0.00000000 -1.00000000
vn 1.00000000 0.00000000 -0.00000000
vn 0.00000000 0.00000000 -1.00000000
vn 0.00000000 0.00000000 -1.00000000
vn 0.00000000 0.00000000 -1.00000000
vn -0.00000000 0.00000000 -1.00000000
vn -0.00000000 0.00000000 -1.00000000
vn -0.00000000 0.00000000 -1.00000000
vn 0.00000000 0.00000000 -1.00000000
vn 0.00000000 0.00000000 -1.00000000
vn 0.00000000 0.00000000 -1.00000000
vn 0.00000000 0.00000000 -1.00000000
vn 0.00000000 0.00000000 -1.00000000
vn 0.00000000 0.00000000 -1.00000000
vn 0.00000000 0.00000000 -1.00000000
vn 0.00000000 0.00000000 -1.00000000
vn -0.00000000 0.00000000 -1.00000000
vn -0.00000000 0.00000000 -1.00000000
vn 0.00000000 0.00000000 -1.00000000
vn -0.00000000 0.00000000 -1.00000000
vn 0.00000000 0.00000000 -1.00000000
vn 0.00000000 0.00000000 -1.00000000
vn 0.00000000 0.00000000 -1.00000000
vn 0.00000000 0.00000000 -1.00000000
vn 0.00000000 0.00000000 -1.00000000
vn -0.00000000 0.00000000 -1.00000000
vn 0.00000000 0.00000000 -1.00000000
vn -0.00000000 0.00000000 -1.00000000
vn -0.00000000 0.00000000 -1.00000000
vn -0.00000000 0.00000000 -1.00000000
vn -0.00000000 0.00000000 -1.00000000
vn 0.00000000 0.00000000 -1.00000000
vn 0.00000000 0.00000000 -1.00000000
vn -0.00000000 0.00000000 -1.00000000
vn 0.00000000 0.00000000 -1.00000000
vn 0.00000000 0.00000000 -1.00000000
vn -0.00000000 0.00000000 -1.00000000
vn -0.00000000 0.00000000 -1.00000000
vn -0.00000000 0.00000000 -1.00000000
vn -0.00000000 0.00000000 -1.00000000
vn -0.00000000 0.00000000 -1.00000000
vn -0.00000000 0.00000000 -1.00000000
vn -0.00000000 0.00000000 -1.00000000
vn 1.00000000 0.00000000 -0.00000000
vn 1.00000000 0.00000000 -0.00000000
vn 1.00000000 0.00000000 -0.00000000
vn 1.00000000 0.00000000 -0.00000000
vn 1.00000000 0.00000000 -0.00000000
vn 1.00000000 0.00000000 -0.00000000
vn 1.00000000 0.00000000 -0.00000000
vn 1.00000000 0.00000000 -0.00000000
vn 1.00000000 0.00000000 -0.00000000
vn 1.00000000 0.00000000 -0.00000000
vn 0.00000000 0.00000000 1.00000000
vn 0.00000000 0.00000000 1.00000000
vn 0.00000000 0.00000000 1.00000000
vn 1.00000000 0.00000000 -0.00000000
vn 0.00000000 0.00000000 1.00000000
vn -0.00000000 0.00000000 1.00000000
vn -0.00000000 0.00000000 1.00000000
vn -0.00000000 0.00000000 1.00000000
vn 0.00000000 0.00000000 1.00000000
vn 0.00000000 0.00000000 1.00000000
vn 0.00000000 0.00000000 1.00000000
vn 0.00000000 0.00000000 1.00000000
vn 0.00000000 0.00000000 1.00000000
vn 0.00000000 0.00000000 1.00000000
vn 0.00000000 0.00000000 1.00000000
vn 0.00000000 0.00000000 1.00000000
vn -0.00000000 0.00000000 1.00000000
vn -0.00000000 0.00000000 1.00000000
vn 0.00000000 0.00000000 1.00000000
vn -0.00000000 0.00000000 1.00000000
vn 0.00000000 0.00000000 1.00000000
vn 0.00000000 0.00000000 1.00000000
vn 0.00000000 0.00000000 1.00000000
vn 0.00000000 0.00000000 1.00000000
vn 0.00000000 0.00000000 1.00000000
vn 0.00000000 0.00000000 1.00000000
vn -0.00000000 0.00000000 1.00000000
vn -0.00000000 0.00000000 1.00000000
vn -0.00000000 0.00000000 1.00000000
vn -0.00000000 0.00000000 1.00000000
vn -0.00000000 0.00000000 1.00000000
vn 0.00000000 0.00000000 1.00000000
vn 0.00000000 0.00000000 1.00000000
vn 0.00000000 0.00000000 1.00000000
vn -0.00000000 0.00000000 1.00000000
vn -0.00000000 0.00000000 1.00000000
vn -0.00000000 0.00000000 1.00000000
vn -0.00000000 0.00000000 1.00000000
vn -0.00000000 0.00000000 1.00000000
vn -0.00000000 0.00000000 1.00000000
vn -0.00000000 0.00000000 1.00000000
vn -0.00000000 0.00000000 1.00000000
vn 0.00000000 0.00000000 1.00000000
vn 1.00000000 0.00000000 -0.00000000
vn 1.00000000 0.00000000 -0.00000000
vn 1.00000000 0.00000000 -0.00000000
vn 1.00000000 0.00000000 -0.00000000
vn 1.00000000 0.00000000 -0.00000000
vn 1.00000000 0.00000000 -0.00000000
vn 1.00000000 0.00000000 -0.00000000
vn 1.00000000 0.00000000 -0.00000000
vn 1.00000000 0.00000000 -0.00000000
vn 1.00000000 0.00000000 -0.00000000
vn 0.00000000 0.00000000 1.00000000
vn 1.00000000 0.00000000 -0.00000000
vn 0.00000000 0.00000000 1.00000000
vn -1.00000000 0.00000000 -0.00000000
vn -1.00000000 0.00000000 -0.00000000
vn 0.00000000 0.00000000 -1.00000000
vn 0.00000000 0.00000000 -1.00000000
vn -1.00000000 0.00000000 -0.00000000
vn -1.00000000 0.00000000 -0.00000000
vn 0.00000000 0.00000000 1.00000000
vn 0.00000000 0.00000000 1.00000000
vn 0.00000000 0.00000000 1.00000000
vn 0.00000000 0.00000000 1.00000000
vn 0.00000000 0.00000000 1.00000000
vn 0.00000000 0.00000000 1.00000000
vn 0.00000000 0.00000000 1.00000000
vn 0.00000000 0.00000000 1.00000000
vn 0.00000000 0.00000000 1.00000000
vn 0.00000000 0.00000000 1.00000000
vn 0.00000000 0.00000000 1.00000000
vn 0.00000000 0.00000000 1.00000000
vn 0.00000000 0.00000000 1.00000000
vn 0.00000000 0.00000000 1.00000000
vn 0.00000000 0.00000000 1.00000000
vn 0.00000000 0.00000000 1.00000000
vn 0.00000000 0.00000000 1.00000000
vn 0.00000000 0.00000000 1.00000000
vn 0.00000000 0.00000000 1.00000000
vn 1.00000000 0.00000000 -0.00000000
vn 0.00000000 0.00000000 1.00000000
vn 0.00000000 0.00000000 1.00000000
vn 0.00000000 0.00000000 1.00000000
vn 0.00000000 0.00000000 1.00000000
vn 0.00000000 0.00000000 1.00000000
vn 0.00000000 0.00000000 1.00000000
vn 0.00000000 0.00000000 1.00000000
vn 0.00000000 0.00000000 1.00000000
vn 0.00000000 0.00000000 1.00000000
vn 0.00000000 0.00000000 1.00000000
vn 0.00000000 0.00000000 1.00000000
vn 0.00000000 0.00000000 1.00000000
vn 0.00000000 0.00000000 1.00000000
vn 0.00000000 0.00000000 1.00000000
vn 0.00000000 0.00000000 1.00000000
vn 0.00000000 0.00000000 1.00000000
vn 0.00000000 0.00000000 1.00000000
vn 0.00000000 0.00000000 1.00000000
vn 0.00000000 0.00000000 1.00000000
vn 0.00000000 0.00000000 1.00000000
vn 0.00000000 0.00000000 1.00000000
vn 0.00000000 0.00000000 1.00000000
vn 0.00000000 0.00000000 1.00000000
vn 0.00000000 0.00000000 1.00000000
vn 0.00000000 0.00000000 1.00000000
vn 0.00000000 0.00000000 1.00000000
vn 0.00000000 0.00000000 1.00000000
vn 0.00000000 0.00000000 1.00000000
vn 0.00000000 0.00000000 1.00000000
vn 0.00000000 0.00000000 1.00000000
vn 0.00000000 0.00000000 1.00000000
vn 0.00000000 0.00000000 1.00000000
vn 0.00000000 0.00000000 1.00000000
vn 0.00000000 0.00000000 1.00000000
vn 1.00000000 0.00000000 -0.00000000
vn -0.00000000 -0.00000000 -1.00000000
vn 1.00000000 0.00000000 -0.00000000
vn 1.00000000 0.00000000 -0.00000000
vn 1.00000000 0.00000000 -0.00000000
vn 1.00000000 0.00000000 -0.00000000
vn 1.00000000 0.00000000 -0.00000000
vn 1.00000000 0.00000000 -0.00000000
vn 1.00000000 0.00000000 -0.00000000
vn 1.00000000 0.00000000 -0.00000000
vn 0.00000000 0.00000000 1.00000000
vn 0.00000000 0.00000000 1.00000000
vn 0.00000000 0.00000000 1.00000000
vn 0.00000000 0.00000000 1.00000000
vn 0.00000000 0.00000000 -1.00000000
vn 0.00000000 0.00000000 -1.00000000
vn 0.00000000 0.00000000 -1.00000000
vn 0.00000000 0.00000000 -1.00000000
vn 0.00000000 0.00000000 -1.00000000
vn 0.00000000 0.00000000 -1.00000000
vn 0.00000000 0.00000000 -1.00000000
vn 0.00000000 0.00000000 -1.00000000
vn 0.00000000 0.00000000 -1.00000000
vn 0.00000000 0.00000000 -1.00000000
vn 0.00000000 0.00000000 -1.00000000
vn 0.00000000 0.00000000 -1.00000000
vn 0.00000000 0.00000000 -1.00000000
vn 0.00000000 0.00000000 -1.00000000
vn 0.00000000 0.00000000 -1.00000000
vn -0.00000000 -0.00000000 -1.00000000
vn 1.00000000 0.00000000 -0.00000000
vn 0.00000000 0.00000000 -1.00000000
vn 0.00000000 0.00000000 -1.00000000
vn -0.00000000 -0.00000000 -1.00000000
vn -0.00000000 0.00000000 -1.00000000
vn 0.00000000 0.00000000 -1.00000000
vn 0.00000000 0.00000000 -1.00000000
vn 0.00000000 0.00000000 -1.00000000
vn 0.00000000 0.00000000 -1.00000000
vn 0.00000000 0.00000000 -1.00000000
vn 0.00000000 0.00000000 -1.00000000
vn 0.00000000 0.00000000 -1.00000000
vn 0.00000000 0.00000000 -1.00000000
vn 0.00000000 0.00000000 -1.00000000
vn 0.00000000 0.00000000 -1.00000000
vn 0.00000000 0.00000000 -1.00000000
vn 0.00000000 0.00000000 -1.00000000
vn 0.00000000 0.00000000 -1.00000000
vn 0.00000000 0.00000000 -1.00000000
vn 0.00000000 0.00000000 -1.00000000
vn 0.00000000 0.00000000 -1.00000000
vn 0.00000000 0.00000000 -1.00000000
vn 0.00000000 0.00000000 -1.00000000
vn 0.00000000 0.00000000 -1.00000000
vn 0.00000000 0.00000000 -1.00000000
vn 0.00000000 0.00000000 -1.00000000
vn 0.00000000 0.00000000 -1.00000000
vn 0.00000000 0.00000000 -1.00000000
vn 0.00000000 -0.00000000 -1.00000000
vn 0.00000000 0.00000000 -1.00000000
vn 0.00000000 0.00000000 -1.00000000
vn 0.00000000 0.00000000 -1.00000000
vn 0.00000000 0.00000000 -1.00000000
vn 0.00000000 0.00000000 -1.00000000
vn 0.00000000 -0.00000000 -1.00000000
vn 0.00000000 0.00000000 -1.00000000
vn 0.00000000 0.00000000 -1.00000000
vn 0.00000000 0.00000000 -1.00000000
vn 0.00000000 0.00000000 -1.00000000
vn 0.00000000 0.00000000 -1.00000000
vn 0.00000000 0.00000000 -1.00000000
vn 1.00000000 0.00000000 -0.00000000
vn 1.00000000 0.00000000 -0.00000000
vn 0.19780000 -0.98020000 0.00000000
vn 0.00000000 0.00000000 -1.00000000
vn -0.00000000 -0.99270000 -0.12080000
vn 0.19780000 -0.98020000 0.00000000
vn -0.00000000 -0.98640000 0.16410000
vn -0.00000000 -0.99270000 -0.12080000
vn -0.26600000 -0.96400000 0.00000000
vn -0.13080000 -0.99140000 -0.00000000
vn -0.00000000 -0.98640000 0.16410000
vn 0.17760000 -0.98410000 -0.00000000
vn -0.00000000 -0.99270000 -0.12080000
vn -1.00000000 0.00000000 -0.00000000
vn 0.00000000 0.00000000 -1.00000000
vn -0.00000000 -0.99270000 -0.12080000
vn -0.13080000 -0.99140000 -0.00000000
vn 0.17760000 -0.98410000 -0.00000000
vn -0.13080000 -0.99140000 -0.00000000
vn 0.00000000 -0.98920000 -0.14680000
vn 0.00000000 -0.99420000 0.10790000
vn 0.00000000 -0.99420000 0.10790000
vn -0.13080000 -0.99140000 -0.00000000
vn 0.00000000 0.00000000 1.00000000
vn -1.00000000 0.00000000 -0.00000000
vn 0.00000000 -0.98920000 -0.14680000
vn -0.26600000 -0.96400000 0.00000000
vn 0.00000000 -0.99420000 0.10790000
vn 0.19780000 -0.98020000 0.00000000
vn 0.00000000 -0.99420000 0.10790000
vn 0.19780000 -0.98020000 0.00000000
vn 1.00000000 0.00000000 -0.00000000
vn 0.00000000 0.00000000 1.00000000
vn 0.00000000 0.00000000 -1.00000000
vn 1.00000000 0.00000000 -0.00000000
vn 0.00000000 1.00000000 -0.00000000
vn 1.00000000 0.00000000 -0.00000000
vn 0.00000000 1.00000000 -0.00000000
vn 0.00000000 0.00000000 1.00000000
vn 0.00000000 1.00000000 -0.00000000
vn 0.00000000 0.00000000 -1.00000000
vn -1.00000000 0.00000000 -0.00000000
vn 0.00000000 1.00000000 -0.00000000
vn 0.00000000 1.00000000 -0.00000000
vn -1.00000000 0.00000000 -0.00000000
vn 0.00000000 0.00000000 1.00000000
vn 0.00000000 1.00000000 -0.00000000
vn 0.00000000 1.00000000 -0.00000000
vn 0.00000000 1.00000000 -0.00000000
vn -0.00000000 -0.98640000 0.16410000
vn -0.26600000 -0.96400000 0.00000000
vn -0.00000000 -0.98640000 0.16410000
vn 0.17760000 -0.98410000 -0.00000000
vn 0.17760000 -0.98410000 -0.00000000
vn 0.00000000 -0.98920000 -0.14680000
vn -0.26600000 -0.96400000 0.00000000
vn 0.00000000 -0.98920000 -0.14680000
vn -1.00000000 0.00000000 -0.00000000
vn 0.00000000 0.00000000 -1.00000000
vn 0.00000000 0.00000000 -1.00000000
vn -1.00000000 -0.00050000 0.00020000
vn -1.00000000 -0.00120000 0.00050000
vn -1.00000000 0.00000000 -0.00000000
vn 0.00000000 0.00000000 -1.00000000
vn 1.00000000 0.00000000 -0.00000000
vn 0.00000000 0.00000000 -1.00000000
vn 1.00000000 0.00000000 -0.00000000
vn 0.00000000 0.00000000 1.00000000
vn 1.00000000 0.00000000 -0.00000000
vn 0.00000000 0.00000000 1.00000000
vn 1.00000000 0.00000000 -0.00000000
vn -1.00000000 0.00000000 -0.00000000
vn 0.00000000 0.00000000 1.00000000
vn 0.00000000 0.00000000 1.00000000
vn -1.00000000 0.00050000 0.00020000
vn -1.00000000 0.00000000 -0.00000000
vn -1.00000000 0.00120000 0.00050000
vn -1.00000000 0.00270000 0.00120000
vn -1.00000000 -0.00140000 0.00240000
vn -1.00000000 -0.00000000 0.00160000
vn -1.00000000 -0.00000000 0.00630000
vn -1.00000000 0.00140000 0.00240000
vn -1.00000000 -0.00270000 0.00120000
vn -0.00000000 0.00000000 1.00000000
vn 1.00000000 0.00000000 -0.00000000
vn -0.00000000 0.00000000 1.00000000
vn -0.00020000 -0.00150000 1.00000000
vn -0.00000000 -0.00020000 1.00000000
vn 1.00000000 0.00000000 -0.00000000
vn 0.00000000 0.00000000 -1.00000000
vn 1.00000000 0.00000000 -0.00000000
vn 0.00000000 -0.00000000 -1.00000000
vn 1.00000000 0.00000000 -0.00000000
vn 0.00000000 0.00000000 -1.00000000
vn 0.00000000 -0.00000000 -1.00000000
vn -1.00000000 0.00000000 -0.00000000
vn 0.00000000 -0.00000000 -1.00000000
vn -0.00000000 0.00020000 1.00000000
vn -1.00000000 0.00000000 -0.00000000
vn -1.00000000 0.00000000 -0.00000000
vn -0.00000000 0.00000000 1.00000000
vn -1.00000000 0.00000000 -0.00000000
vn 0.00000000 0.00000000 -1.00000000
vn -0.00020000 0.00150000 1.00000000
vn -0.00000000 0.00000000 1.00000000
vn -0.00050000 0.00320000 1.00000000
vn -0.00150000 -0.00000000 1.00000000
vn -0.00180000 -0.00180000 1.00000000
vn -0.00630000 -0.00000000 1.00000000
vn -0.00180000 0.00180000 1.00000000
vn -0.00050000 -0.00320000 1.00000000
vn 0.00000000 -0.00000000 -1.00000000
vn 0.00000000 -0.00000000 -1.00000000
vn 0.00000000 -0.00000000 -1.00000000
vn 0.00000000 0.00000000 -1.00000000
vn 0.00000000 0.00000000 -1.00000000
vn 0.00000000 0.00000000 -1.00000000
vn 0.00000000 0.00000000 -1.00000000
vn 0.00000000 -0.00000000 -1.00000000
vn 0.00000000 -0.00000000 -1.00000000
vn 0.00000000 0.00000000 -1.00000000
vn 0.00000000 -0.00000000 -1.00000000
vn 0.00000000 -0.00000000 -1.00000000
vn 0.10060000 0.99490000 0.00000000
vn 0.00000000 1.00000000 -0.00000000
vn 0.22820000 0.97360000 0.00000000
vn 0.10060000 0.99490000 0.00000000
vn 0.00520000 1.00000000 0.00000000
vn -1.00000000 -0.00000000 -0.00000000
vn 0.00520000 1.00000000 0.00000000
vn -0.31410000 0.94940000 0.00000000
vn -0.31410000 0.94940000 0.00000000
vn -0.23010000 0.97320000 -0.00000000
vn -0.23010000 0.97320000 -0.00000000
vn -0.12020000 0.99280000 -0.00000000
vn 0.00000000 1.00000000 -0.00000000
vn -0.12020000 0.99280000 -0.00000000
vn 0.34400000 0.93900000 0.00000000
vn 0.22820000 0.97360000 0.00000000
vn -0.01950000 0.99980000 0.00000000
vn 0.34400000 0.93900000 0.00000000
vn -0.01950000 0.99980000 0.00000000
vn 1.00000000 0.00000000 -0.00000000
vn 0.00000000 -1.00000000 -0.00000000
vn 1.00000000 0.00000000 -0.00000000
vn -1.00000000 -0.00000000 -0.00000000
vn 0.00000000 -1.00000000 -0.00000000
vn 1.00000000 0.00000000 -0.00000000
vn 0.00000000 -1.00000000 -0.00000000
vn -1.00000000 -0.00000000 -0.00000000
vn 0.00000000 -1.00000000 -0.00000000
vn -1.00000000 -0.00000000 -0.00000000
vn 0.00520000 1.00000000 0.00000000
vn 1.00000000 0.00000000 -0.00000000
vn -0.01950000 0.99980000 0.00000000
vn -0.01950000 0.99980000 0.00000000
vn 0.34400000 0.93900000 0.00000000
vn 0.34400000 0.93900000 0.00000000
vn 0.22820000 0.97360000 0.00000000
vn 0.10060000 0.99490000 0.00000000
vn 0.22820000 0.97360000 0.00000000
vn 0.00000000 1.00000000 -0.00000000
vn 0.10060000 0.99490000 0.00000000
vn -0.12020000 0.99280000 -0.00000000
vn 0.00000000 1.00000000 -0.00000000
vn -0.23010000 0.97320000 -0.00000000
vn -0.12020000 0.99280000 -0.00000000
vn -0.23010000 0.97320000 -0.00000000
vn -0.31410000 0.94940000 0.00000000
vn 0.00520000 1.00000000 0.00000000
vn -0.31410000 0.94940000 0.00000000
vn 0.10060000 0.99490000 -0.00000000
vn -0.00000000 1.00000000 0.00000000
vn 0.10060000 0.99490000 -0.00000000
vn 0.22820000 0.97360000 0.00000000
vn 0.00520000 1.00000000 -0.00000000
vn -1.00000000 -0.00000000 0.00000000
vn -0.31410000 0.94940000 -0.00000000
vn 0.00520000 1.00000000 -0.00000000
vn -0.31410000 0.94940000 -0.00000000
vn -0.23010000 0.97320000 0.00000000
vn -0.23010000 0.97320000 0.00000000
vn -0.12020000 0.99280000 0.00000000
vn -0.00000000 1.00000000 0.00000000
vn -0.12020000 0.99280000 0.00000000
vn 0.34400000 0.93900000 -0.00000000
vn 0.22820000 0.97360000 0.00000000
vn 0.34400000 0.93900000 -0.00000000
vn -0.01950000 0.99980000 0.00000000
vn -0.01950000 0.99980000 0.00000000
vn 1.00000000 0.00000000 -0.00000000
vn 0.00000000 -1.00000000 -0.00000000
vn 1.00000000 0.00000000 -0.00000000
vn 0.00000000 -1.00000000 -0.00000000
vn -1.00000000 -0.00000000 0.00000000
vn 0.00000000 -1.00000000 -0.00000000
vn 1.00000000 0.00000000 -0.00000000
vn 0.00000000 -1.00000000 -0.00000000
vn -1.00000000 -0.00000000 0.00000000
vn -1.00000000 -0.00000000 0.00000000
vn 0.00520000 1.00000000 -0.00000000
vn -0.01950000 0.99980000 0.00000000
vn 1.00000000 0.00000000 -0.00000000
vn 0.34400000 0.93900000 -0.00000000
vn -0.01950000 0.99980000 0.00000000
vn 0.22820000 0.97360000 0.00000000
vn 0.34400000 0.93900000 -0.00000000
vn 0.22820000 0.97360000 0.00000000
vn 0.10060000 0.99490000 -0.00000000
vn -0.00000000 1.00000000 0.00000000
vn 0.10060000 0.99490000 -0.00000000
vn -0.00000000 1.00000000 0.00000000
vn -0.12020000 0.99280000 0.00000000
vn -0.12020000 0.99280000 0.00000000
vn -0.23010000 0.97320000 0.00000000
vn -0.23010000 0.97320000 0.00000000
vn -0.31410000 0.94940000 -0.00000000
vn -0.31410000 0.94940000 -0.00000000
vn 0.00520000 1.00000000 -0.00000000
vn 0.40530000 0.81960000 0.40500000
vn 0.00000000 0.00000000 1.00000000
vn 1.00000000 0.00000000 -0.00020000
vn 0.00000000 0.00000000 -1.00000000
vn 0.40510000 0.81960000 -0.40520000
vn 0.40510000 0.81960000 -0.40520000
vn 1.00000000 0.00000000 -0.00020000
vn 0.00000000 -1.00000000 -0.00000000
vn 0.00000000 -1.00000000 -0.00000000
vn 1.00000000 0.00000000 -0.00020000
vn 0.00000000 0.00000000 -1.00000000
vn 1.00000000 0.00000000 -0.00020000
vn 0.00000000 0.00000000 1.00000000
vn -0.00000000 -1.00000000 0.00000000
vn 0.00000000 0.00000000 -1.00000000
vn -1.00000000 0.00000000 0.00000000
vn -0.40520000 0.81960000 -0.40520000
vn -1.00000000 0.00000000 0.00000000
vn -0.70310000 0.71110000 0.00000000
vn 0.00000000 -1.00000000 0.00000000
vn -1.00000000 0.00000000 0.00000000
vn 0.00000000 0.00000000 -1.00000000
vn -1.00000000 0.00000000 0.00000000
vn -0.00000000 -1.00000000 -0.00000000
vn -0.00000000 0.00000000 1.00000000
vn -1.00000000 0.00000000 0.00010000
vn 0.40510000 0.81960000 -0.40520000
vn 0.40510000 0.81960000 -0.40520000
vn 0.40520000 0.81960000 0.40520000
vn 0.40520000 0.81960000 0.40520000
vn -1.00000000 0.00000000 0.00010000
vn -0.00000000 0.00000000 -1.00000000
vn 1.00000000 -0.00000000 -0.00000000
vn -0.70310000 0.71110000 0.00000000
vn -0.00000000 0.00000000 1.00000000
vn 1.00000000 -0.00000000 -0.00000000
vn -0.40520000 0.81960000 -0.40520000
vn -0.40520000 0.81960000 -0.40520000
vn -0.00000000 0.00000000 -1.00000000
vn -1.00000000 0.00000000 0.00010000
vn 0.00000000 -1.00000000 0.00000000
vn 0.00000000 -1.00000000 0.00000000
vn -0.00000000 0.00000000 -1.00000000
vn -1.00000000 0.00000000 0.00010000
vn 0.00000000 -1.00000000 -0.00000000
vn 0.00000000 -1.00000000 -0.00000000
vn -0.00000000 0.00000000 1.00000000
vn -1.00000000 0.00000000 0.00010000
vn -1.00000000 0.00000000 0.00010000
vn -0.00000000 0.00000000 1.00000000
vn 1.00000000 0.00000000 0.00000000
vn 1.00000000 0.00000000 0.00000000
vn 0.00000000 -1.00000000 -0.00000000
vn -0.00000000 0.00000000 -1.00000000
vn 1.00000000 0.00000000 0.00000000
vn 0.00000000 -1.00000000 -0.00000000
vn 0.00000000 -1.00000000 -0.00000000
vn -0.00000000 0.00000000 -1.00000000
vn 1.00000000 0.00000000 0.00000000
vn -0.00000000 -1.00000000 -0.00000000
vn -0.00000000 -1.00000000 -0.00000000
vn 1.00000000 0.00000000 -0.00000000
vn -0.00000000 0.00000000 1.00000000
vn -0.00000000 0.00000000 1.00000000
vn 1.00000000 -0.00000000 -0.00000000
vn 1.00000000 0.00000000 -0.00000000
vn 1.00000000 0.00000000 0.00000000
vn -0.40520000 0.81960000 0.40510000
vn -0.00000000 0.00000000 -1.00000000
vn -0.40520000 0.81960000 0.40510000
vn -0.70310000 0.71110000 0.00000000
vn 1.00000000 0.00000000 0.00000000
vn -0.00000000 -1.00000000 0.00000000
vn 1.00000000 0.00000000 -0.00000000
vn 0.00000000 0.00000000 1.00000000
vn 0.00000000 -1.00000000 -0.00000000
vn 0.00000000 -1.00000000 -0.00000000
vn -1.00000000 0.00000000 0.00000000
vn -1.00000000 0.00000000 0.00000000
vn 0.00000000 0.00000000 1.00000000
vn -0.40510000 0.81960000 0.40520000
vn -0.40510000 0.81960000 0.40520000
vn 0.00000000 -1.00000000 -0.00000000
vn -1.00000000 0.00000000 0.00000000
vn -1.00000000 0.00000000 0.00000000
vn -0.70310000 0.71110000 0.00000000
vn 1.00000000 0.00000000 -0.00000000
vn 1.00000000 -0.00000000 -0.00000000
vn 1.00000000 0.00000000 -0.00000000
vn 0.40510000 0.81960000 0.40520000
vn -0.00030000 0.00000000 1.00000000
vn 0.00000000 0.00000000 -1.00000000
vn 1.00000000 0.00000000 -0.00000000
vn 0.40520000 0.81960000 -0.40520000
vn 0.40520000 0.81960000 -0.40520000
vn 0.00000000 -1.00000000 -0.00000000
vn 0.00000000 0.00000000 -1.00000000
vn 1.00000000 0.00000000 -0.00000000
vn 0.00000000 -1.00000000 -0.00000000
vn 1.00000000 0.00000000 -0.00000000
vn -0.00030000 0.00000000 1.00000000
vn 0.00000000 -1.00000000 -0.00000000
vn -0.40520000 0.81960000 -0.40520000
vn -1.00000000 0.00000000 0.00000000
vn 0.00000000 0.00000000 -1.00000000
vn -1.00000000 0.00000000 0.00000000
vn -0.00030000 0.00000000 1.00000000
vn -0.40520000 0.81960000 0.40510000
vn -0.00030000 0.00000000 1.00000000
vn -1.00000000 0.00000000 0.00000000
vn 0.00000000 -1.00000000 -0.00000000
vn -1.00000000 0.00000000 0.00000000
vn 0.00000000 0.00000000 -1.00000000
vn 0.00000000 -1.00000000 -0.00000000
vn -0.00020000 0.71110000 0.70310000
vn -0.00030000 0.00000000 1.00000000
vn -0.00030000 0.00000000 1.00000000
vn 0.00000000 -1.00000000 -0.00000000
vn 0.40520000 0.81960000 -0.40520000
vn 0.40520000 0.81960000 -0.40520000
vn -0.00000000 0.00000000 1.00000000
vn -1.00000000 0.00000000 -0.00000000
vn 0.40510000 0.81960000 0.40520000
vn 0.40510000 0.81960000 0.40520000
vn 0.00030000 0.00000000 -1.00000000
vn -1.00000000 0.00000000 -0.00000000
vn 1.00000000 0.00000000 -0.00000000
vn -0.40520000 0.81960000 0.40510000
vn -0.40520000 0.81960000 0.40510000
vn 0.00030000 0.00000000 -1.00000000
vn -0.40520000 0.81960000 -0.40520000
vn -0.40520000 0.81960000 -0.40520000
vn 1.00000000 0.00000000 -0.00000000
vn -0.00000000 0.00000000 1.00000000
vn -0.00020000 0.71110000 0.70310000
vn 0.00030000 0.00000000 -1.00000000
vn 0.00030000 0.00000000 -1.00000000
vn -1.00000000 0.00000000 -0.00000000
vn 0.00000000 -1.00000000 -0.00000000
vn 0.00030000 0.00000000 -1.00000000
vn 0.00000000 -1.00000000 -0.00000000
vn -1.00000000 0.00000000 -0.00000000
vn 0.00000000 -1.00000000 -0.00000000
vn 0.00000000 -1.00000000 -0.00000000
vn -1.00000000 0.00000000 -0.00000000
vn -0.00000000 0.00000000 1.00000000
vn -1.00000000 0.00000000 -0.00000000
vn -0.00000000 0.00000000 1.00000000
vn 1.00000000 0.00000000 -0.00000000
vn -0.00000000 0.00000000 1.00000000
vn 1.00000000 0.00000000 -0.00000000
vn 0.00000000 -1.00000000 -0.00000000
vn 0.00000000 -1.00000000 -0.00000000
vn -0.00000000 0.00000000 1.00000000
vn 0.00030000 -0.00000000 -1.00000000
vn 0.00000000 -1.00000000 -0.00000000
vn 1.00000000 0.00000000 -0.00000000
vn 0.00000000 -1.00000000 -0.00000000
vn 1.00000000 0.00000000 -0.00000000
vn 0.00030000 -0.00000000 -1.00000000
vn 0.00030000 0.00000000 -1.00000000
vn 0.00030000 0.00000000 -1.00000000
vn 0.00000000 -1.00000000 -0.00000000
vn 0.00030000 0.00000000 -1.00000000
vn -0.00020000 0.71110000 0.70310000
vn 0.00030000 0.00000000 -1.00000000
vn 0.00000000 -1.00000000 -0.00000000
vn 0.00030000 -0.00000000 -1.00000000
vn -0.00030000 0.00000000 1.00000000
vn 0.00000000 -1.00000000 -0.00000000
vn -0.00020000 0.71110000 0.70310000
vn -0.00030000 0.00000000 1.00000000
vn 0.00030000 0.00000000 -1.00000000
vn 0.00030000 -0.00000000 -1.00000000
vn 0.00000000 -0.00030000 -1.00000000
vn -0.00000000 -0.99670000 -0.08070000
vn 1.00000000 -0.00020000 -0.00000000
vn 0.13690000 -0.99060000 0.00000000
vn 0.99390000 0.10990000 0.00000000
vn 0.13690000 -0.99060000 0.00000000
vn -0.00000000 0.05490000 -0.99850000
vn -0.00000000 -0.99670000 -0.08070000
vn -0.99780000 0.06690000 0.00000000
vn -0.08790000 -0.99610000 0.00000000
vn -0.00000000 0.05970000 -0.99820000
vn -0.00000000 -0.99670000 -0.08070000
vn 0.00000000 -0.00020000 -1.00000000
vn -0.08790000 -0.99610000 0.00000000
vn -0.00000000 -0.99670000 -0.08070000
vn -1.00000000 -0.00020000 -0.00000000
vn -0.00000000 -0.99740000 0.07180000
vn -0.99770000 0.06840000 0.00000000
vn -0.00000000 0.05200000 0.99860000
vn -0.08790000 -0.99610000 0.00000000
vn -0.08790000 -0.99610000 0.00000000
vn -1.00000000 -0.00020000 -0.00000000
vn -0.00000000 -0.99740000 0.07180000
vn 0.00000000 -0.00020000 1.00000000
vn 0.99370000 0.11180000 0.00000000
vn -0.00000000 0.04790000 0.99890000
vn -0.00000000 -0.99740000 0.07180000
vn 0.13690000 -0.99060000 0.00000000
vn 1.00000000 -0.00020000 -0.00000000
vn 0.00000000 -0.00030000 1.00000000
vn 0.13690000 -0.99060000 0.00000000
vn -0.00000000 -0.99740000 0.07180000
vn 0.00000000 -0.00030000 -1.00000000
vn 0.00000000 0.99980000 0.02210000
vn 1.00000000 -0.00020000 -0.00000000
vn -0.03740000 0.99930000 -0.00000000
vn -0.03740000 0.99930000 -0.00000000
vn 0.00000000 0.99980000 -0.01970000
vn 1.00000000 -0.00020000 -0.00000000
vn 0.00000000 -0.00030000 1.00000000
vn 0.00000000 -0.00020000 -1.00000000
vn 0.02410000 0.99970000 -0.00000000
vn 0.00000000 0.99980000 0.02210000
vn -1.00000000 -0.00020000 -0.00000000
vn -1.00000000 0.00000000 -0.00000000
vn 0.00000000 0.00000000 -1.00000000
vn 0.02410000 0.99970000 -0.00000000
vn 0.00000000 0.99980000 0.02210000
vn 1.00000000 0.00000000 -0.00000000
vn 0.00000000 0.00000000 -1.00000000
vn 0.00000000 0.99980000 0.02210000
vn -0.03740000 0.99930000 -0.00000000
vn 0.00000000 -0.00020000 1.00000000
vn -1.00000000 -0.00020000 -0.00000000
vn 0.02410000 0.99970000 -0.00000000
vn 0.00000000 0.99980000 -0.01970000
vn 0.02410000 0.99970000 -0.00000000
vn 0.00000000 0.99980000 -0.01970000
vn 0.00000000 0.00000000 1.00000000
vn -1.00000000 0.00000000 -0.00000000
vn 0.00000000 0.99980000 -0.01970000
vn 0.00000000 0.00000000 1.00000000
vn -0.03740000 0.99930000 -0.00000000
vn 1.00000000 0.00000000 -0.00000000
vn -0.00350000 0.99120000 -0.13220000
vn -0.25170000 0.96780000 -0.00000000
vn -0.00000000 0.05970000 -0.99820000
vn -0.99780000 0.06690000 -0.00000000
vn -0.00350000 0.99120000 -0.13220000
vn 0.99390000 0.10990000 0.00000000
vn 0.04630000 0.99890000 -0.00000000
vn 0.00000000 0.05490000 -0.99850000
vn -1.00000000 0.00000000 -0.00000000
vn -0.00350000 0.99120000 -0.13220000
vn 0.04630000 0.99890000 -0.00000000
vn 0.00000000 0.00000000 1.00000000
vn 0.00000000 0.00000000 1.00000000
vn 1.00000000 -0.00000000 -0.00000000
vn -0.25170000 0.96780000 -0.00000000
vn -0.00350000 0.99120000 -0.13220000
vn -0.00350000 0.99300000 0.11810000
vn -0.25170000 0.96780000 -0.00000000
vn 0.00000000 0.05200000 0.99860000
vn -0.99770000 0.06840000 0.00000000
vn 1.00000000 -0.00000000 -0.00000000
vn 0.00000000 -0.00000000 -1.00000000
vn -0.25170000 0.96780000 -0.00000000
vn -0.00350000 0.99300000 0.11810000
vn -0.00350000 0.99300000 0.11810000
vn 0.04630000 0.99890000 -0.00000000
vn -1.00000000 0.00000000 -0.00000000
vn 0.00000000 -0.00000000 -1.00000000
vn -0.00350000 0.99300000 0.11810000
vn 0.04630000 0.99890000 -0.00000000
vn 0.99370000 0.11190000 -0.00000000
vn -0.00000000 0.04790000 0.99890000
vn -1.00000000 0.00000000 -0.00000000
vn 0.00000000 0.00000000 1.00000000
vn 0.00000000 -1.00000000 -0.00000000
vn -1.00000000 0.00000000 -0.00000000
vn 0.00000000 -0.00000000 -1.00000000
vn 0.00000000 -1.00000000 -0.00000000
vn 0.00000000 0.00000000 -1.00000000
vn 0.00000000 -1.00000000 -0.00000000
vn -1.00000000 0.00000000 -0.00000000
vn 0.00000000 -1.00000000 -0.00000000
vn 1.00000000 -0.00000000 -0.00000000
vn 0.00000000 0.00000000 1.00000000
vn 0.00000000 -1.00000000 -0.00000000
vn 1.00000000 0.00000000 -0.00000000
vn 0.00000000 0.00000000 -1.00000000
vn 0.00000000 0.00000000 1.00000000
vn 0.00000000 -1.00000000 -0.00000000
vn -1.00000000 0.00000000 -0.00000000
vn 1.00000000 -0.00000000 -0.00000000
vn 0.00000000 -0.00000000 -1.00000000
vn 0.00000000 -1.00000000 -0.00000000
vn 0.00000000 0.00000000 1.00000000
vn 0.00000000 -1.00000000 -0.00000000
vn 1.00000000 0.00000000 -0.00000000
vn 0.00000000 -0.00180000 -1.00000000
vn 0.00000000 -1.00000000 -0.00000000
vn -1.00000000 -0.00180000 -0.00000000
vn 0.00000000 -0.00180000 -1.00000000
vn 0.00000000 -1.00000000 -0.00000000
vn 1.00000000 -0.00180000 -0.00000000
vn 0.00000000 -1.00000000 -0.00000000
vn 0.00000000 -0.00180000 1.00000000
vn 1.00000000 -0.00180000 -0.00000000
vn 0.00000000 -1.00000000 -0.00000000
vn 0.00000000 -0.00180000 1.00000000
vn -1.00000000 -0.00180000 -0.00000000
vn 0.36850000 0.85340000 0.36850000
vn 0.00000000 -0.00180000 1.00000000
vn 1.00000000 -0.00180000 -0.00000000
vn -0.36850000 0.85340000 0.36850000
vn -1.00000000 -0.00180000 -0.00000000
vn 0.00000000 -0.00180000 1.00000000
vn 1.00000000 -0.00180000 -0.00000000
vn 0.36850000 0.85340000 -0.36850000
vn 0.00000000 -0.00180000 -1.00000000
vn -0.36850000 0.85340000 -0.36850000
vn -0.36850000 0.85340000 -0.36850000
vn -1.00000000 -0.00180000 -0.00000000
vn 0.00000000 -0.00180000 -1.00000000
vn 0.00000000 0.00000000 1.00000000
vn 0.00000000 1.00000000 -0.00000000
vn 1.00000000 0.00000000 -0.00000000
vn 0.00000000 0.00000000 -1.00000000
vn 1.00000000 0.00000000 -0.00000000
vn 0.00000000 1.00000000 -0.00000000
vn -1.00000000 0.00000000 -0.00000000
vn 0.00000000 1.00000000 -0.00000000
vn 0.00000000 0.00000000 -1.00000000
vn 0.00000000 1.00000000 -0.00000000
vn -1.00000000 0.00000000 -0.00000000
vn 0.00000000 0.00000000 1.00000000
vn -0.36850000 0.85340000 0.36850000
vn 1.00000000 0.00000000 -0.00000000
vn 0.00000000 0.00000000 -1.00000000
vn 0.36850000 0.85340000 0.36850000
vn -1.00000000 0.00000000 -0.00000000
vn 0.00000000 0.00000000 -1.00000000
vn 0.00000000 0.00000000 1.00000000
vn -1.00000000 0.00000000 -0.00000000
vn 0.36850000 0.85340000 -0.36850000
vn 1.00000000 0.00000000 -0.00000000
vn 0.00000000 0.00000000 1.00000000
vn -0.36850000 0.85340000 -0.36850000
vn -0.36850000 0.85340000 -0.36850000
vn 0.00000000 -1.00000000 -0.00000000
vn 0.00000000 0.00000000 -1.00000000
vn 1.00000000 -0.00000000 -0.00000000
vn 0.00000000 -1.00000000 -0.00000000
vn 1.00000000 -0.00000000 -0.00000000
vn 0.00000000 0.00000000 1.00000000
vn -1.00000000 0.00000000 -0.00000000
vn 0.00000000 -1.00000000 -0.00000000
vn 0.00000000 0.00000000 1.00000000
vn 0.00000000 -1.00000000 -0.00000000
vn 0.00000000 0.00000000 -1.00000000
vn -1.00000000 0.00000000 -0.00000000
vn 0.00000000 0.00000000 1.00000000
vn 1.00000000 -0.00000000 -0.00000000
vn -1.00000000 0.00000000 -0.00000000
vn 0.00000000 0.00000000 1.00000000
vn 1.00000000 -0.00000000 -0.00000000
vn 0.00000000 0.00000000 -1.00000000
vn 0.00000000 0.00000000 -1.00000000
vn -1.00000000 0.00000000 -0.00000000
vt 16.45550000 0.36080000
vt 16.45550000 0.36080000
vt 16.45550000 0.68190000
vt 16.45550000 0.68190000
vt 18.60310000 0.68190000
vt -1.31530000 0.68190000
vt 18.60310000 0.36080000
vt -1.31530000 0.36090000
vt 8.64390000 0.36090000
vt 8.64390000 0.36090000
vt 8.64390000 0.68190000
vt 8.64390000 0.68190000
vt 6.49630000 0.36090000
vt 6.49630000 0.36090000
vt 6.49630000 0.68190000
vt 6.49630000 0.68190000
vt 5.18040000 -0.55720000
vt 5.33970000 -0.02480000
vt 5.18040000 0.79720000
vt 5.63240000 0.23800000
vt 6.10970000 0.35630000
vt 6.10970000 0.79720000
vt 7.01370000 -0.55720000
vt 7.01370000 0.79720000
vt 6.88890000 -0.02680000
vt 6.56170000 0.23290000
vt 3.37220000 -0.55720000
vt 3.53150000 -0.02480000
vt 3.37220000 0.79720000
vt 3.82430000 0.23800000
vt 4.27630000 0.35630000
vt 4.27630000 0.79720000
vt 5.02140000 -0.02680000
vt 4.72840000 0.23290000
vt 1.53060000 -0.55720000
vt 1.53060000 0.79720000
vt 1.37130000 -0.02480000
vt 1.07850000 0.23800000
vt 0.62650000 0.79720000
vt 0.62650000 0.35630000
vt -0.27760000 -0.55720000
vt 8.82880000 -0.55720000
vt -0.11860000 -0.02680000
vt -0.27210000 0.79540000
vt 8.82880000 0.79720000
vt 0.17450000 0.23290000
vt 3.17940000 -0.02480000
vt 2.88670000 0.23800000
vt 2.43470000 0.79720000
vt 2.43470000 0.35630000
vt 1.68960000 -0.02680000
vt 1.98260000 0.23290000
vt 7.20670000 -0.02480000
vt 7.48160000 0.21560000
vt 7.93880000 0.35630000
vt 7.93860000 0.79720000
vt 8.85940000 -0.55710000
vt 8.85940000 -0.55710000
vt 8.85640000 0.79650000
vt 8.85640000 0.79650000
vt 8.68320000 -0.02700000
vt 8.39070000 0.23280000
vt 9.12830000 -0.10020000
vt 9.41800000 0.10080000
vt 9.70770000 0.23150000
vt 9.89310000 0.23450000
vt 9.89310000 0.79720000
vt 9.12830000 -0.10020000
vt 9.41800000 0.10080000
vt 9.70770000 0.23150000
vt 9.89310000 0.79720000
vt 9.89310000 0.23450000
vt 5.18040000 -0.55720000
vt 5.18040000 0.79720000
vt 5.33970000 -0.02480000
vt 5.63240000 0.23800000
vt 6.10970000 0.79720000
vt 6.10970000 0.35630000
vt 7.01370000 -0.55720000
vt 6.88890000 -0.02680000
vt 7.01370000 0.79720000
vt 6.56170000 0.23290000
vt 3.37220000 -0.55720000
vt 3.37220000 0.79720000
vt 3.53150000 -0.02480000
vt 3.82430000 0.23800000
vt 4.27630000 0.79720000
vt 4.27630000 0.35630000
vt 5.02140000 -0.02680000
vt 4.72840000 0.23290000
vt 1.53060000 -0.55720000
vt 1.37130000 -0.02480000
vt 1.53060000 0.79720000
vt 1.07850000 0.23800000
vt 0.62650000 0.35630000
vt 0.62650000 0.79720000
vt -0.27760000 -0.55720000
vt 8.82880000 -0.55720000
vt -0.27410000 0.79500000
vt 8.82880000 0.79720000
vt -0.11860000 -0.02680000
vt 0.17450000 0.23290000
vt 3.17940000 -0.02480000
vt 2.88670000 0.23800000
vt 2.43470000 0.35630000
vt 2.43470000 0.79720000
vt 1.68960000 -0.02680000
vt 1.98260000 0.23290000
vt 7.20670000 -0.02480000
vt 7.48160000 0.21560000
vt 7.93860000 0.79720000
vt 7.93880000 0.35630000
vt 8.85940000 -0.55710000
vt 8.85940000 -0.55710000
vt 8.68320000 -0.02700000
vt 8.85540000 0.79660000
vt 8.85540000 0.79660000
vt 8.39070000 0.23280000
vt 9.12830000 -0.10020000
vt 9.41800000 0.10080000
vt 9.70770000 0.23150000
vt 9.12830000 -0.10020000
vt 9.41800000 0.10080000
vt 9.70770000 0.23150000
vt -0.08830000 -0.44520000
vt 22.72330000 -0.44520000
vt -0.05700000 -0.44610000
vt -0.08830000 0.68140000
vt 22.72330000 0.68140000
vt 0.03650000 -0.10020000
vt 0.21960000 0.06320000
vt 0.42820000 0.17250000
vt 0.42820000 0.68140000
vt 0.82000000 -0.10020000
vt 0.85830000 0.68140000
vt 0.63690000 0.06320000
vt 0.85830000 -0.24190000
vt 1.68010000 -0.09480000
vt 1.76640000 0.68140000
vt 1.49700000 0.08150000
vt 1.77620000 -0.32860000
vt 1.28830000 0.68140000
vt 1.28830000 0.17250000
vt 0.89660000 -0.10020000
vt 1.07970000 0.06320000
vt 1.83430000 -0.19440000
vt 1.96880000 0.00490000
vt 2.15220000 0.12930000
vt 2.26800000 0.18180000
vt 2.26800000 0.68140000
vt 2.36130000 0.15190000
vt 2.69360000 0.68140000
vt 2.56140000 0.01270000
vt 2.69360000 -0.15580000
vt 2.81610000 -0.03660000
vt 2.96950000 0.09340000
vt 3.12290000 0.15750000
vt 3.12290000 0.68140000
vt 3.29960000 0.07700000
vt 3.60910000 0.68140000
vt 3.47640000 -0.08730000
vt 3.60910000 -0.35810000
vt 3.75670000 -0.03800000
vt 3.94900000 0.09610000
vt 4.09660000 0.16980000
vt 4.09660000 0.68140000
vt 4.22630000 0.10420000
vt 4.52930000 0.68140000
vt 4.39030000 -0.01360000
vt 4.52930000 -0.15560000
vt 22.67340000 -0.44490000
vt 21.64760000 0.68140000
vt 21.83960000 0.01010000
vt 22.12820000 0.14820000
vt 22.12820000 0.68140000
vt 22.41670000 0.01010000
vt 21.69540000 -0.17700000
vt 22.56090000 -0.17700000
vt 21.64760000 -0.24920000
vt 20.57180000 -0.44520000
vt 20.57180000 -0.44520000
vt 20.57180000 0.68140000
vt 20.57180000 0.68140000
vt 20.54060000 -0.44610000
vt 20.44710000 -0.10020000
vt 20.26400000 0.06320000
vt 20.05530000 0.68140000
vt 20.05530000 0.17250000
vt 19.66350000 -0.10020000
vt 19.84660000 0.06320000
vt 19.62520000 0.68140000
vt 19.62520000 -0.24190000
vt 18.80340000 -0.09480000
vt 18.98650000 0.08150000
vt 18.71720000 0.68140000
vt 18.70730000 -0.32860000
vt 19.19520000 0.17250000
vt 19.19520000 0.68140000
vt 19.58700000 -0.10020000
vt 19.40390000 0.06320000
vt 18.64920000 -0.19440000
vt 18.51480000 0.00490000
vt 18.33140000 0.12930000
vt 18.21560000 0.68140000
vt 18.21560000 0.18180000
vt 17.79000000 0.68140000
vt 18.12220000 0.15190000
vt 17.92210000 0.01270000
vt 17.79000000 -0.15580000
vt 17.66740000 -0.03660000
vt 17.51400000 0.09340000
vt 17.36060000 0.68140000
vt 17.36060000 0.15750000
vt 16.87440000 0.68140000
vt 17.18390000 0.07700000
vt 17.00720000 -0.08730000
vt 16.87440000 -0.35810000
vt 16.72690000 -0.03800000
vt 16.53450000 0.09610000
vt 16.38690000 0.68140000
vt 16.38690000 0.16980000
vt 15.95420000 0.68140000
vt 16.25730000 0.10420000
vt 16.09330000 -0.01360000
vt 15.97220000 -0.15540000
vt 15.93670000 -0.15560000
vt 20.63510000 -0.44490000
vt 21.16700000 0.14820000
vt 21.45550000 0.01010000
vt 21.16700000 0.68140000
vt 20.87850000 0.01010000
vt 21.59980000 -0.17700000
vt 20.73420000 -0.17700000
vt 22.72330000 -0.44520000
vt -0.08830000 -0.44520000
vt 22.72330000 0.68140000
vt -0.08830000 0.68140000
vt -0.05700000 -0.44610000
vt 0.06440000 -0.10020000
vt 0.21960000 0.06320000
vt 0.42820000 0.68140000
vt 0.42820000 0.17250000
vt 0.82000000 -0.10020000
vt 0.63690000 0.06320000
vt 0.85830000 0.68140000
vt 0.85830000 -0.24190000
vt 1.68010000 -0.09480000
vt 1.49700000 0.08150000
vt 1.76640000 0.68140000
vt 1.81170000 -0.32860000
vt 1.28830000 0.17250000
vt 1.28830000 0.68140000
vt 0.92740000 -0.10020000
vt 1.07970000 0.06320000
vt 1.85140000 -0.19440000
vt 1.98020000 0.00490000
vt 2.15220000 0.12930000
vt 2.26800000 0.68140000
vt 2.26800000 0.18180000
vt 2.69360000 0.68140000
vt 2.36130000 0.15190000
vt 2.56140000 0.01270000
vt 2.72830000 -0.15580000
vt 2.81610000 -0.03660000
vt 2.96950000 0.09340000
vt 3.12290000 0.68140000
vt 3.12290000 0.15750000
vt 3.60910000 0.68140000
vt 3.29960000 0.07700000
vt 3.47640000 -0.08730000
vt 3.63680000 -0.35810000
vt 3.78050000 -0.03800000
vt 3.94900000 0.09610000
vt 4.09660000 0.68140000
vt 4.09660000 0.16980000
vt 4.22630000 0.10420000
vt 4.39030000 -0.01360000
vt 22.67340000 -0.44490000
vt 22.12820000 0.14820000
vt 21.83960000 0.01010000
vt 21.64760000 0.68140000
vt 22.12820000 0.68140000
vt 22.41670000 0.01010000
vt 21.69540000 -0.17700000
vt 22.56090000 -0.17700000
vt 21.64760000 -0.24920000
vt 20.57180000 -0.44520000
vt 20.57180000 -0.44520000
vt 20.54060000 -0.44610000
vt 20.57180000 0.68140000
vt 20.57180000 0.68140000
vt 20.42410000 -0.10020000
vt 20.26400000 0.06320000
vt 20.05530000 0.17250000
vt 20.05530000 0.68140000
vt 19.66350000 -0.10020000
vt 19.62520000 0.68140000
vt 19.84660000 0.06320000
vt 19.62520000 -0.24190000
vt 18.80340000 -0.09480000
vt 18.71720000 0.68140000
vt 18.98650000 0.08150000
vt 18.67620000 -0.32860000
vt 19.19520000 0.68140000
vt 19.19520000 0.17250000
vt 19.55040000 -0.10020000
vt 19.40390000 0.06320000
vt 18.63400000 -0.19440000
vt 18.50440000 0.00490000
vt 18.33140000 0.12930000
vt 18.21560000 0.18180000
vt 18.21560000 0.68140000
vt 18.12220000 0.15190000
vt 17.79000000 0.68140000
vt 17.92210000 0.01270000
vt 17.75450000 -0.15580000
vt 17.66740000 -0.03660000
vt 17.51400000 0.09340000
vt 17.36060000 0.15750000
vt 17.36060000 0.68140000
vt 17.18390000 0.07700000
vt 16.87440000 0.68140000
vt 17.00720000 -0.08730000
vt 16.85350000 -0.35810000
vt 16.70400000 -0.03800000
vt 16.53450000 0.09610000
vt 16.38690000 0.16980000
vt 16.38690000 0.68140000
vt 16.25730000 0.10420000
vt 16.09330000 -0.01360000
vt 20.63510000 -0.44490000
vt 21.45550000 0.01010000
vt 21.16700000 0.14820000
vt 21.16700000 0.68140000
vt 20.87850000 0.01010000
vt 21.59980000 -0.17700000
vt 20.73420000 -0.17700000
vt 1.16530000 0.44820000
vt 1.16530000 0.00090000
vt 2.02220000 0.00090000
vt 2.02220000 0.00090000
vt 1.04870000 1.49610000
vt 11.20510000 0.00090000
vt 11.20510000 0.00090000
vt 13.33940000 0.00090000
vt 11.20510000 0.00090000
vt 11.20510000 1.84140000
vt 13.33940000 1.84140000
vt 11.20510000 1.84140000
vt 11.20510000 1.84140000
vt 8.22280000 0.44820000
vt 8.66180000 0.44820000
vt 9.31510000 1.52400000
vt 8.44570000 1.84140000
vt 9.32690000 1.67380000
vt 7.71140000 1.68640000
vt 7.71760000 1.48830000
vt 6.41980000 0.44820000
vt 6.85670000 0.44820000
vt 7.51260000 1.48980000
vt 6.63450000 1.84140000
vt 7.51260000 1.68010000
vt 5.74080000 1.68060000
vt 5.74790000 1.49500000
vt 3.73030000 1.68500000
vt 3.82620000 1.72540000
vt 3.42200000 1.84140000
vt 2.02220000 1.84140000
vt 2.02220000 1.84140000
vt 2.77020000 0.00090000
vt 2.77020000 0.44820000
vt 5.53830000 1.49370000
vt 5.53960000 1.67470000
vt 4.82180000 1.84140000
vt 4.59790000 0.44820000
vt 3.91130000 1.69060000
vt 3.93920000 1.51450000
vt 5.02710000 0.44820000
vt 7.61530000 1.72540000
vt 7.54010000 1.84140000
vt 7.61530000 1.44710000
vt 7.54070000 0.00090000
vt 6.85670000 0.00090000
vt 5.63890000 1.72540000
vt 5.72820000 1.84140000
vt 5.63890000 1.44710000
vt 5.72900000 0.00090000
vt 5.02710000 0.00090000
vt 3.82620000 1.44710000
vt 3.70280000 1.52500000
vt 3.20890000 0.44820000
vt 3.90630000 0.00090000
vt 3.20890000 0.00090000
vt 9.43410000 1.72540000
vt 9.82540000 1.84140000
vt 9.43410000 1.44710000
vt 9.35950000 0.00090000
vt 8.66180000 0.00090000
vt 9.52920000 1.68390000
vt 9.53240000 1.48980000
vt 10.04440000 0.44820000
vt 10.48070000 0.44820000
vt 10.48070000 0.00090000
vt -0.11210000 0.00090000
vt 2.02220000 0.00090000
vt 0.72280000 0.00090000
vt 0.72280000 0.44820000
vt 0.84650000 1.50020000
vt 0.95500000 1.84140000
vt 0.94570000 1.72810000
vt 1.04920000 1.69180000
vt 0.94410000 0.44820000
vt 0.94570000 1.45340000
vt 6.41980000 0.00090000
vt 8.22470000 0.00090000
vt 10.04440000 0.00090000
vt 4.59790000 0.00090000
vt 7.71140000 1.68640000
vt 8.44570000 1.84140000
vt 9.32690000 1.67380000
vt 8.66120000 0.44820000
vt 9.31510000 1.52400000
vt 8.22280000 0.44820000
vt 7.71760000 1.48830000
vt 5.74080000 1.68060000
vt 6.63450000 1.84140000
vt 7.51260000 1.68010000
vt 6.42580000 0.44820000
vt 7.51260000 1.48980000
vt 6.85670000 0.44820000
vt 5.74790000 1.49500000
vt 3.73030000 1.68500000
vt 2.02220000 1.84140000
vt -0.11210000 1.84140000
vt 3.42200000 1.84140000
vt 3.82620000 1.72540000
vt 2.77020000 0.44820000
vt 2.77020000 0.00090000
vt 4.59790000 0.44820000
vt 3.93920000 1.51450000
vt 3.91130000 1.69060000
vt 5.53960000 1.67470000
vt 4.82180000 1.84140000
vt 5.53830000 1.49370000
vt 5.02990000 0.44820000
vt 7.54010000 1.84140000
vt 7.61530000 1.72540000
vt 7.61530000 1.44710000
vt 7.54070000 0.00090000
vt 6.85670000 0.00090000
vt 5.72820000 1.84140000
vt 5.63890000 1.72540000
vt 5.63890000 1.44710000
vt 5.72900000 0.00090000
vt 5.02990000 0.00090000
vt 3.20560000 0.44820000
vt 3.70280000 1.52500000
vt 3.82620000 1.44710000
vt 3.90630000 0.00090000
vt 3.20560000 0.00090000
vt 9.43410000 1.72540000
vt 9.82540000 1.84140000
vt 9.43410000 1.44710000
vt 9.35950000 0.00090000
vt 8.66120000 0.00090000
vt 10.04440000 0.44820000
vt 9.53240000 1.48980000
vt 9.52920000 1.68390000
vt 10.48290000 0.44820000
vt 10.48290000 0.00090000
vt 6.42580000 0.00090000
vt 8.22470000 0.00090000
vt 10.04440000 0.00090000
vt 4.59790000 0.00090000
vt 0.84720000 1.67950000
vt 0.80330000 2.34170000
vt 0.80330000 2.34170000
vt 0.80330000 2.34170000
vt 0.80330000 2.34170000
vt 0.88990000 2.48530000
vt 0.88990000 2.48530000
vt 0.88990000 2.48530000
vt 0.88990000 2.48530000
vt 5.08050000 2.48530000
vt 5.08050000 2.48530000
vt 5.08050000 2.48530000
vt 5.08050000 2.48530000
vt 5.21300000 2.34170000
vt 5.21300000 2.34170000
vt 5.21300000 2.34170000
vt 5.21300000 2.34170000
vt 5.08050000 3.71910000
vt 5.08050000 3.71910000
vt 5.08050000 3.71910000
vt 5.08050000 3.71910000
vt 5.21300000 3.88010000
vt 5.21300000 3.88010000
vt 5.21300000 3.88010000
vt 5.21300000 3.88010000
vt 0.88990000 3.71910000
vt 0.88990000 3.71910000
vt 0.88990000 3.71910000
vt 0.88990000 3.71910000
vt 0.80330000 3.88010000
vt 0.80330000 3.88010000
vt 0.80330000 3.88010000
vt 0.80330000 3.88010000
vt 0.80330000 1.53840000
vt 0.00000000 2.34170000
vt 0.80330000 1.53840000
vt 0.00000000 3.88010000
vt 0.80330000 0.00000000
vt 0.80330000 4.68340000
vt 5.21300000 1.53840000
vt 5.21300000 1.53840000
vt 6.01630000 2.34170000
vt 4.94810000 1.25120000
vt 0.97650000 1.25120000
vt 6.01630000 3.88010000
vt 5.21300000 4.68340000
vt 5.21300000 0.00000000
vt 4.94810000 0.32200000
vt 0.97650000 0.32200000
vt 0.97650000 2.62890000
vt 0.97650000 2.62890000
vt 4.94810000 2.62890000
vt 4.94810000 2.62890000
vt 4.94810000 3.55810000
vt 4.94810000 3.55810000
vt 0.97650000 3.55810000
vt 0.97650000 3.55810000
vt 11.30320000 0.00000000
vt 11.30320000 0.00000000
vt 11.30320000 1.29370000
vt 11.30320000 1.29370000
vt 9.77400000 0.61500000
vt 9.77400000 0.00000000
vt 19.12940000 0.00000000
vt 19.12940000 0.00000000
vt 19.12940000 1.29370000
vt 19.12940000 1.29370000
vt 0.00000000 0.00000000
vt 22.60910000 0.00000000
vt 0.00000000 1.29370000
vt 22.60910000 1.29370000
vt 7.82350000 0.00000000
vt 7.82350000 0.00000000
vt 7.82350000 1.29370000
vt 7.82350000 1.29370000
vt 9.34610000 0.00000000
vt 9.34610000 0.61500000
vt 9.37970000 0.72440000
vt 9.66700000 0.81520000
vt 9.56010000 1.29370000
vt 9.56010000 0.86000000
vt 9.45310000 0.81520000
vt 9.74020000 0.72140000
vt 0.00000000 0.98770000
vt 29.70360000 0.98770000
vt 4.85380000 0.98770000
vt 4.85380000 1.79940000
vt 0.00000000 2.51510000
vt 29.70360000 2.51510000
vt 25.12110000 2.51510000
vt 25.12110000 2.51510000
vt 25.12110000 0.98770000
vt 25.12110000 0.98770000
vt 21.65030000 2.03000000
vt 21.65030000 1.45650000
vt 14.85000000 2.51510000
vt 14.85000000 2.51510000
vt 10.27100000 2.51510000
vt 10.27100000 2.51510000
vt 10.27100000 0.98770000
vt 10.27100000 0.98770000
vt 14.85000000 0.98770000
vt 14.85000000 0.98770000
vt 5.41590000 1.79940000
vt 5.41590000 0.98770000
vt 5.37170000 1.94310000
vt 5.13490000 2.51510000
vt 4.99430000 2.06240000
vt 5.13490000 2.12120000
vt 5.27540000 2.06240000
vt 4.89820000 1.93910000
vt 18.86720000 1.45490000
vt 19.67160000 0.98770000
vt 19.67160000 1.88880000
vt 18.86720000 2.03070000
vt 19.26040000 2.51510000
vt 20.28590000 1.88880000
vt 20.70470000 2.51510000
vt 18.31320000 1.45490000
vt 18.31320000 2.03070000
vt 21.09950000 2.03000000
vt 21.09950000 1.45650000
vt 20.28590000 0.98770000
vt 0.66410000 0.41550000
vt 0.66410000 0.41550000
vt 0.60680000 0.40940000
vt 0.60680000 0.40940000
vt 0.84810000 0.38610000
vt 0.84810000 0.38610000
vt 0.81740000 0.38590000
vt 0.81740000 0.38590000
vt 0.78160000 0.39840000
vt 0.78160000 0.39840000
vt 0.73760000 0.40940000
vt 0.73760000 0.40940000
vt 0.68960000 0.41550000
vt 0.68960000 0.41550000
vt 0.56510000 0.39910000
vt 0.56510000 0.39910000
vt 0.53660000 0.38810000
vt 0.53660000 0.38810000
vt 0.49370000 0.38900000
vt 0.49370000 0.38900000
vt 0.49370000 0.00000000
vt 0.49370000 0.00000000
vt 0.84810000 0.00000000
vt 0.84810000 0.00000000
vt 0.49370000 0.00000000
vt 0.49370000 0.00000000
vt 0.84810000 0.00000000
vt 0.84810000 0.00000000
vt 0.84810000 0.38610000
vt 0.84810000 0.38610000
vt 0.49370000 0.38900000
vt 0.49370000 0.38900000
vt 0.53660000 0.38810000
vt 0.53660000 0.38810000
vt 0.56510000 0.39910000
vt 0.56510000 0.39910000
vt 0.60680000 0.40940000
vt 0.60680000 0.40940000
vt 0.66410000 0.41550000
vt 0.66410000 0.41550000
vt 0.68960000 0.41550000
vt 0.68960000 0.41550000
vt 0.73760000 0.40940000
vt 0.73760000 0.40940000
vt 0.78160000 0.39840000
vt 0.78160000 0.39840000
vt 0.81740000 0.38590000
vt 0.81740000 0.38590000
vt 0.66410000 0.41550000
vt 0.66410000 0.41550000
vt 0.60680000 0.40940000
vt 0.60680000 0.40940000
vt 0.84810000 0.38610000
vt 0.84810000 0.38610000
vt 0.81740000 0.38590000
vt 0.81740000 0.38590000
vt 0.78160000 0.39840000
vt 0.78160000 0.39840000
vt 0.73760000 0.40940000
vt 0.73760000 0.40940000
vt 0.68960000 0.41550000
vt 0.68960000 0.41550000
vt 0.56510000 0.39910000
vt 0.56510000 0.39910000
vt 0.53660000 0.38810000
vt 0.53660000 0.38810000
vt 0.49370000 0.38900000
vt 0.49370000 0.38900000
vt 0.49370000 0.00000000
vt 0.49370000 0.00000000
vt 0.84810000 0.00000000
vt 0.84810000 0.00000000
vt 0.49370000 0.00000000
vt 0.49370000 0.00000000
vt 0.84810000 0.00000000
vt 0.84810000 0.00000000
vt 0.84810000 0.38610000
vt 0.84810000 0.38610000
vt 0.49370000 0.38900000
vt 0.49370000 0.38900000
vt 0.53660000 0.38810000
vt 0.53660000 0.38810000
vt 0.56510000 0.39910000
vt 0.56510000 0.39910000
vt 0.60680000 0.40940000
vt 0.60680000 0.40940000
vt 0.66410000 0.41550000
vt 0.66410000 0.41550000
vt 0.68960000 0.41550000
vt 0.68960000 0.41550000
vt 0.73760000 0.40940000
vt 0.73760000 0.40940000
vt 0.78160000 0.39840000
vt 0.78160000 0.39840000
vt 0.81740000 0.38590000
vt 0.81740000 0.38590000
vt 18.46290000 1.09610000
vt 18.46290000 1.09610000
vt 18.46290000 1.09610000
vt -1.82040000 1.09610000
vt -1.82040000 1.09610000
vt 22.15040000 1.09610000
vt 22.15040000 1.09610000
vt -1.82040000 1.12060000
vt 22.15040000 1.12060000
vt 22.15040000 1.12060000
vt -1.82040000 1.12060000
vt 18.46290000 1.12060000
vt 18.46290000 1.12060000
vt 18.46290000 1.12060000
vt 6.47900000 1.09610000
vt 6.47900000 1.09610000
vt 6.47900000 1.09610000
vt 8.08670000 1.09610000
vt 8.08670000 1.09610000
vt 8.08610000 1.12060000
vt 8.08610000 1.12060000
vt 6.47900000 1.12060000
vt 6.47900000 1.12060000
vt 6.47900000 1.12060000
vt -1.83430000 1.07160000
vt 22.16430000 1.07160000
vt 22.16430000 1.07160000
vt -1.83430000 1.07160000
vt 18.47680000 1.07160000
vt 18.44910000 1.07160000
vt 18.44910000 1.07160000
vt 18.47680000 1.07160000
vt 8.08730000 1.07160000
vt 8.08730000 1.07160000
vt 6.49290000 1.07160000
vt 6.46510000 1.07160000
vt 6.49290000 1.07160000
vt 6.46510000 1.07160000
vt 18.47680000 1.04710000
vt 18.44910000 1.04710000
vt 18.47680000 1.12620000
vt 18.44910000 1.12570000
vt 18.47680000 1.02260000
vt 18.44910000 1.02260000
vt -1.83430000 1.12570000
vt 22.16430000 1.12570000
vt -1.83430000 1.02260000
vt 22.16430000 1.02260000
vt 22.16430000 1.04710000
vt -1.83430000 1.04710000
vt 8.55120000 1.04710000
vt 8.55120000 1.02260000
vt 8.55120000 1.12570000
vt 11.02950000 1.02260000
vt 10.17750000 1.02260000
vt 11.03080000 1.12290000
vt 10.17750000 1.12570000
vt 11.02950000 1.04710000
vt 10.17750000 1.04710000
vt 6.49290000 1.12570000
vt 6.46510000 1.12570000
vt 6.46510000 1.02260000
vt 6.49290000 1.02260000
vt 6.49290000 1.04710000
vt 6.46510000 1.04710000
vt 6.46510000 1.04710000
vt 10.17750000 1.07160000
vt 11.02950000 1.07840000
vt 11.02950000 1.07160000
vt 10.17750000 1.07160000
vt 8.55120000 1.07160000
vt 8.55120000 1.07160000
vt 8.08620000 1.12570000
vt 8.08620000 1.02260000
vt 11.04320000 1.12060000
vt 10.16360000 1.12060000
vt 11.04320000 1.11780000
vt 10.16360000 1.12060000
vt 10.16360000 1.09610000
vt 11.04320000 1.09610000
vt 10.16360000 1.09610000
vt 11.04190000 1.10290000
vt 8.55150000 1.12060000
vt 8.55150000 1.12060000
vt 8.55150000 1.09610000
vt 8.55150000 1.09610000
vt 8.08680000 1.04710000
vt 8.08680000 1.04710000
vt 8.33300000 1.19860000
vt 8.33300000 1.19860000
vt 8.33300000 1.19860000
vt -27.76770000 1.19860000
vt 14.89600000 1.19860000
vt 14.89600000 1.19860000
vt -27.76770000 1.19860000
vt 14.89600000 1.26050000
vt -27.76770000 1.26050000
vt 14.89600000 1.26050000
vt -27.76770000 1.26050000
vt 8.33300000 1.26050000
vt 8.33300000 1.26050000
vt 8.33300000 1.26050000
vt -12.99620000 1.19860000
vt -12.99620000 1.19860000
vt -12.99620000 1.19860000
vt -6.43830000 1.19860000
vt -6.43830000 1.19860000
vt -6.43830000 1.19860000
vt -6.43830000 1.26050000
vt -6.43830000 1.26050000
vt -6.43830000 1.26050000
vt -12.99620000 1.26050000
vt -12.99620000 1.26050000
vt -12.99620000 1.26050000
vt 0.53850000 1.19860000
vt 0.53850000 1.19860000
vt 0.53850000 1.26050000
vt 0.53850000 1.26050000
vt 14.92080000 1.13670000
vt -27.79240000 1.13670000
vt -27.79240000 1.13670000
vt 14.92080000 1.13670000
vt 8.30830000 1.13670000
vt 8.35770000 1.13670000
vt 8.35770000 1.13670000
vt 8.30830000 1.13670000
vt -6.41360000 1.13670000
vt -6.41360000 1.13670000
vt -6.46310000 1.13670000
vt -6.46310000 1.13670000
vt -13.02100000 1.13670000
vt -12.97150000 1.13670000
vt -13.02100000 1.13670000
vt -12.97150000 1.13670000
vt 0.53890000 1.13670000
vt 0.53890000 1.13670000
vt 8.35770000 1.07480000
vt 8.30830000 1.07480000
vt 8.30830000 1.27340000
vt 8.35770000 1.01280000
vt 8.35770000 1.27470000
vt 8.30830000 1.01280000
vt 14.92080000 1.27340000
vt -27.79240000 1.27340000
vt 14.92080000 1.01280000
vt -27.79240000 1.01280000
vt 14.92080000 1.07480000
vt -27.79240000 1.07480000
vt -13.02100000 1.07480000
vt -12.97150000 1.07480000
vt -13.02100000 1.01280000
vt -13.02100000 1.27340000
vt -12.97150000 1.27340000
vt -12.97150000 1.01280000
vt -6.46310000 1.01280000
vt -6.46310000 1.27200000
vt -6.41360000 1.01280000
vt -6.41360000 1.27340000
vt -6.41360000 1.07480000
vt -6.46310000 1.07480000
vt -6.46310000 1.07480000
vt 1.35730000 1.07480000
vt 1.35730000 1.27350000
vt 1.35730000 1.01280000
vt 1.35730000 1.13670000
vt 1.35730000 1.13670000
vt 0.53890000 1.27330000
vt 0.53890000 1.01280000
vt 1.35680000 1.26050000
vt 1.35680000 1.26050000
vt 1.35680000 1.19860000
vt 1.35680000 1.19860000
vt 0.53890000 1.07480000
vt 0.53890000 1.07480000
vt 0.80330000 2.34170000
vt 0.80330000 2.34170000
vt 0.80330000 2.34170000
vt 0.80330000 2.34170000
vt 0.88990000 2.48530000
vt 0.88990000 2.48530000
vt 0.88990000 2.48530000
vt 0.88990000 2.48530000
vt 5.08050000 2.48530000
vt 5.08050000 2.48530000
vt 5.08050000 2.48530000
vt 5.08050000 2.48530000
vt 5.21300000 2.34170000
vt 5.21300000 2.34170000
vt 5.21300000 2.34170000
vt 5.21300000 2.34170000
vt 5.08050000 3.71910000
vt 5.08050000 3.71910000
vt 5.08050000 3.71910000
vt 5.08050000 3.71910000
vt 5.21300000 3.88010000
vt 5.21300000 3.88010000
vt 5.21300000 3.88010000
vt 5.21300000 3.88010000
vt 0.88990000 3.71910000
vt 0.88990000 3.71910000
vt 0.88990000 3.71910000
vt 0.88990000 3.71910000
vt 0.80330000 3.88010000
vt 0.80330000 3.88010000
vt 0.80330000 3.88010000
vt 0.80330000 3.88010000
vt 0.80330000 1.53840000
vt 0.80330000 1.53840000
vt 0.00000000 2.34170000
vt 0.80330000 1.53840000
vt 0.80330000 0.00000000
vt 0.80330000 0.00000000
vt 0.00000000 3.88010000
vt 0.80330000 4.68340000
vt 5.21300000 1.53840000
vt 5.21300000 1.53840000
vt 5.21300000 1.53840000
vt 6.01630000 2.34170000
vt 4.94810000 1.25120000
vt 4.94810000 1.25120000
vt 4.94810000 1.25120000
vt 4.94810000 1.25120000
vt 0.97650000 1.25120000
vt 0.97650000 1.25120000
vt 0.97650000 1.25120000
vt 0.97650000 1.25120000
vt 5.21300000 4.68340000
vt 6.01630000 3.88010000
vt 5.21300000 0.00000000
vt 5.21300000 0.00000000
vt 4.94810000 0.32200000
vt 4.94810000 0.32200000
vt 4.94810000 0.32200000
vt 4.94810000 0.32200000
vt 0.97650000 0.32200000
vt 0.97650000 0.32200000
vt 0.97650000 0.32200000
vt 0.97650000 0.32200000
vt 5.08050000 2.48530000
vt 5.08050000 2.48530000
vt 5.08050000 2.48530000
vt 5.08050000 2.48530000
vt 0.88990000 2.48530000
vt 0.88990000 2.48530000
vt 0.88990000 2.48530000
vt 0.88990000 2.48530000
vt 0.80330000 2.34170000
vt 0.80330000 2.34170000
vt 0.80330000 2.34170000
vt 0.80330000 2.34170000
vt 5.21300000 2.34170000
vt 5.21300000 2.34170000
vt 5.21300000 2.34170000
vt 5.21300000 2.34170000
vt 5.08050000 3.71910000
vt 5.08050000 3.71910000
vt 5.08050000 3.71910000
vt 5.08050000 3.71910000
vt 5.21300000 3.88010000
vt 5.21300000 3.88010000
vt 5.21300000 3.88010000
vt 5.21300000 3.88010000
vt 0.80330000 3.88010000
vt 0.80330000 3.88010000
vt 0.80330000 3.88010000
vt 0.80330000 3.88010000
vt 0.88990000 3.71910000
vt 0.88990000 3.71910000
vt 0.88990000 3.71910000
vt 0.88990000 3.71910000
vt 0.00000000 2.34170000
vt 0.80330000 1.53840000
vt 0.80330000 1.53840000
vt 0.00000000 3.88010000
vt 0.80330000 4.68340000
vt 0.80330000 0.00000000
vt 4.94810000 1.25120000
vt 4.94810000 1.25120000
vt 4.94810000 1.25120000
vt 5.21300000 1.53840000
vt 6.01630000 2.34170000
vt 5.21300000 1.53840000
vt 0.97650000 1.25120000
vt 0.97650000 1.25120000
vt 0.97650000 1.25120000
vt 4.94810000 0.32200000
vt 4.94810000 0.32200000
vt 4.94810000 0.32200000
vt 6.01630000 3.88010000
vt 5.21300000 4.68340000
vt 5.21300000 0.00000000
vt 0.97650000 0.32200000
vt 0.97650000 0.32200000
vt 0.97650000 0.32200000
vt -5.45200000 -2.81940000
vt 18.41040000 2.68570000
vt 23.91550000 -2.81940000
vt 3.72660000 -2.81940000
vt 9.23180000 2.68570000
vt 3.72660000 -2.81940000
vt 9.23180000 -2.81940000
vt 9.23180000 -2.81940000
vt 9.23180000 -2.81940000
vt 18.41040000 -2.81940000
vt 18.41040000 -2.81940000
vt 18.41040000 -2.81940000
vt 9.23180000 -6.57560000
vt 9.23180000 -6.57560000
vt 9.23180000 -6.57560000
vt 18.41040000 -6.57560000
vt 18.41040000 -6.57560000
vt 18.41040000 -6.57560000
vt 3.72660000 -6.57560000
vt 3.72660000 -6.57560000
vt 3.72660000 -6.57560000
vt -5.45200000 -6.57560000
vt 23.91550000 -6.57560000
vt 23.91550000 -6.57560000
vt -5.45200000 -6.57560000
vt -5.45200000 -2.81940000
vt 18.41040000 2.68570000
vt 23.91550000 -2.81940000
vt 18.41040000 -2.81940000
vt 18.41040000 -2.81940000
vt 18.41040000 -2.81940000
vt 9.23180000 -2.81940000
vt 9.23180000 -2.81940000
vt 9.23180000 -2.81940000
vt 9.23180000 2.68570000
vt 3.72660000 -2.81940000
vt 3.72660000 -2.81940000
vt 18.41040000 -6.57560000
vt 18.41040000 -6.57560000
vt 18.41040000 -6.57560000
vt 9.23180000 -6.57560000
vt 9.23180000 -6.57560000
vt 9.23180000 -6.57560000
vt 3.72660000 -6.57560000
vt 3.72660000 -6.57560000
vt 3.72660000 -6.57560000
vt 23.91550000 -6.57560000
vt -5.45200000 -6.57560000
vt -5.45200000 -6.57560000
vt 23.91550000 -6.57560000
vt -3.64320000 0.00000000
vt -3.64320000 0.00000000
vt -3.64320000 0.00000000
vt -3.64320000 -3.64320000
vt -0.00000000 0.00000000
vt -0.00000000 0.00000000
vt -14.49910000 0.00000000
vt -10.85590000 -3.64320000
vt 7.21270000 -0.00000000
vt -10.85590000 0.00000000
vt -10.85590000 0.00000000
vt -10.85590000 0.00000000
vt -0.00000000 3.55880000
vt -0.00000000 3.55880000
vt -14.49910000 3.55880000
vt 7.21270000 3.55880000
vt -3.64320000 3.55880000
vt -3.64320000 3.55880000
vt -10.85590000 3.55880000
vt -10.85590000 3.55880000
f 1/1/1 3/3/3 5/5/5
f 5/5/5 7/7/7 1/1/1
f 9/9/9 11/11/11 4/4/4
f 4/4/4 2/2/2 9/9/9
f 10/10/10 13/13/13 16/16/16
f 16/16/16 12/12/12 10/10/10
f 14/14/14 8/8/8 6/6/6
f 6/6/6 15/15/15 14/14/14
f 17/17/17 18/18/18 19/19/19
f 20/20/20 21/21/21 22/22/22
f 22/22/22 19/19/19 20/20/20
f 18/18/18 20/20/20 19/19/19
f 23/23/23 24/24/24 25/25/25
f 26/26/26 24/24/24 22/22/22
f 22/22/22 21/21/21 26/26/26
f 25/25/25 24/24/24 26/26/26
f 27/27/27 28/28/28 29/29/29
f 30/30/30 31/31/31 32/32/32
f 32/32/32 29/29/29 30/30/30
f 28/28/28 30/30/30 29/29/29
f 17/17/17 19/19/19 33/33/33
f 34/34/34 19/19/19 32/32/32
f 32/32/32 31/31/31 34/34/34
f 33/33/33 19/19/19 34/34/34
f 35/35/35 36/36/36 37/37/37
f 38/38/38 36/36/36 39/39/39
f 39/39/39 40/40/40 38/38/38
f 37/37/37 36/36/36 38/38/38
f 41/41/41 43/43/43 44/44/44
f 46/46/46 40/40/40 39/39/39
f 39/39/39 44/44/44 46/46/46
f 43/43/43 46/46/46 44/44/44
f 27/27/27 29/29/29 47/47/47
f 48/48/48 29/29/29 49/49/49
f 49/49/49 50/50/50 48/48/48
f 47/47/47 29/29/29 48/48/48
f 35/35/35 51/51/51 36/36/36
f 52/52/52 50/50/50 49/49/49
f 49/49/49 36/36/36 52/52/52
f 51/51/51 52/52/52 36/36/36
f 23/23/23 53/53/53 24/24/24
f 54/54/54 55/55/55 56/56/56
f 56/56/56 24/24/24 54/54/54
f 53/53/53 54/54/54 24/24/24
f 57/57/57 59/59/59 61/61/61
f 62/62/62 59/59/59 56/56/56
f 56/56/56 55/55/55 62/62/62
f 61/61/61 59/59/59 62/62/62
f 58/58/58 63/63/63 60/60/60
f 64/64/64 65/65/65 60/60/60
f 63/63/63 64/64/64 60/60/60
f 65/65/65 66/66/66 67/67/67
f 67/67/67 60/60/60 65/65/65
f 42/42/42 45/45/45 68/68/68
f 69/69/69 45/45/45 70/70/70
f 68/68/68 45/45/45 69/69/69
f 70/70/70 45/45/45 71/71/71
f 71/71/71 72/72/72 70/70/70
f 73/73/73 74/74/74 75/75/75
f 76/76/76 74/74/74 77/77/77
f 77/77/77 78/78/78 76/76/76
f 75/75/75 74/74/74 76/76/76
f 79/79/79 80/80/80 81/81/81
f 82/82/82 78/78/78 77/77/77
f 77/77/77 81/81/81 82/82/82
f 80/80/80 82/82/82 81/81/81
f 83/83/83 84/84/84 85/85/85
f 86/86/86 84/84/84 87/87/87
f 87/87/87 88/88/88 86/86/86
f 85/85/85 84/84/84 86/86/86
f 73/73/73 89/89/89 74/74/74
f 90/90/90 88/88/88 87/87/87
f 87/87/87 74/74/74 90/90/90
f 89/89/89 90/90/90 74/74/74
f 91/91/91 92/92/92 93/93/93
f 94/94/94 95/95/95 96/96/96
f 96/96/96 93/93/93 94/94/94
f 92/92/92 94/94/94 93/93/93
f 97/97/97 99/99/99 101/101/101
f 102/102/102 99/99/99 96/96/96
f 96/96/96 95/95/95 102/102/102
f 101/101/101 99/99/99 102/102/102
f 83/83/83 103/103/103 84/84/84
f 104/104/104 105/105/105 106/106/106
f 106/106/106 84/84/84 104/104/104
f 103/103/103 104/104/104 84/84/84
f 91/91/91 93/93/93 107/107/107
f 108/108/108 93/93/93 106/106/106
f 106/106/106 105/105/105 108/108/108
f 107/107/107 93/93/93 108/108/108
f 79/79/79 81/81/81 109/109/109
f 110/110/110 81/81/81 111/111/111
f 111/111/111 112/112/112 110/110/110
f 109/109/109 81/81/81 110/110/110
f 113/113/113 115/115/115 116/116/116
f 118/118/118 112/112/112 111/111/111
f 111/111/111 116/116/116 118/118/118
f 115/115/115 118/118/118 116/116/116
f 114/114/114 117/117/117 119/119/119
f 120/120/120 117/117/117 121/121/121
f 119/119/119 117/117/117 120/120/120
f 121/121/121 117/117/117 67/67/67
f 67/67/67 66/66/66 121/121/121
f 98/98/98 122/122/122 100/100/100
f 123/123/123 124/124/124 100/100/100
f 122/122/122 123/123/123 100/100/100
f 124/124/124 72/72/72 71/71/71
f 71/71/71 100/100/100 124/124/124
f 125/125/125 127/127/127 128/128/128
f 130/130/130 131/131/131 128/128/128
f 127/127/127 130/130/130 128/128/128
f 131/131/131 132/132/132 133/133/133
f 133/133/133 128/128/128 131/131/131
f 134/134/134 135/135/135 136/136/136
f 133/133/133 132/132/132 136/136/136
f 136/136/136 135/135/135 133/133/133
f 135/135/135 134/134/134 137/137/137
f 138/138/138 139/139/139 140/140/140
f 141/141/141 139/139/139 138/138/138
f 142/142/142 143/143/143 140/140/140
f 140/140/140 139/139/139 142/142/142
f 144/144/144 145/145/145 135/135/135
f 145/145/145 143/143/143 142/142/142
f 142/142/142 135/135/135 145/145/145
f 137/137/137 144/144/144 135/135/135
f 141/141/141 146/146/146 139/139/139
f 147/147/147 148/148/148 139/139/139
f 146/146/146 147/147/147 139/139/139
f 148/148/148 149/149/149 150/150/150
f 150/150/150 139/139/139 148/148/148
f 150/150/150 149/149/149 151/151/151
f 151/151/151 152/152/152 150/150/150
f 151/151/151 153/153/153 152/152/152
f 153/153/153 154/154/154 152/152/152
f 154/154/154 155/155/155 152/152/152
f 155/155/155 156/156/156 152/152/152
f 156/156/156 157/157/157 158/158/158
f 158/158/158 152/152/152 156/156/156
f 158/158/158 157/157/157 159/159/159
f 159/159/159 160/160/160 158/158/158
f 161/161/161 162/162/162 160/160/160
f 159/159/159 161/161/161 160/160/160
f 162/162/162 163/163/163 160/160/160
f 164/164/164 165/165/165 166/166/166
f 166/166/166 160/160/160 164/164/164
f 163/163/163 164/164/164 160/160/160
f 166/166/166 165/165/165 167/167/167
f 167/167/167 168/168/168 166/166/166
f 169/169/169 170/170/170 168/168/168
f 167/167/167 169/169/169 168/168/168
f 126/126/126 129/129/129 171/171/171
f 172/172/172 173/173/173 174/174/174
f 174/174/174 175/175/175 172/172/172
f 175/175/175 174/174/174 176/176/176
f 176/176/176 129/129/129 175/175/175
f 172/172/172 177/177/177 173/173/173
f 129/129/129 176/176/176 178/178/178
f 172/172/172 179/179/179 177/177/177
f 129/129/129 178/178/178 171/171/171
f 181/181/181 183/183/183 184/184/184
f 185/185/185 183/183/183 186/186/186
f 184/184/184 183/183/183 185/185/185
f 187/187/187 188/188/188 186/186/186
f 186/186/186 183/183/183 187/187/187
f 189/189/189 190/190/190 191/191/191
f 190/190/190 188/188/188 187/187/187
f 187/187/187 191/191/191 190/190/190
f 191/191/191 192/192/192 189/189/189
f 193/193/193 194/194/194 195/195/195
f 196/196/196 193/193/193 195/195/195
f 194/194/194 197/197/197 198/198/198
f 198/198/198 195/195/195 194/194/194
f 199/199/199 191/191/191 200/200/200
f 198/198/198 197/197/197 200/200/200
f 200/200/200 191/191/191 198/198/198
f 192/192/192 191/191/191 199/199/199
f 196/196/196 195/195/195 201/201/201
f 202/202/202 195/195/195 203/203/203
f 201/201/201 195/195/195 202/202/202
f 203/203/203 195/195/195 204/204/204
f 204/204/204 205/205/205 203/203/203
f 204/204/204 206/206/206 207/207/207
f 207/207/207 205/205/205 204/204/204
f 207/207/207 206/206/206 208/208/208
f 208/208/208 206/206/206 209/209/209
f 209/209/209 206/206/206 210/210/210
f 210/210/210 206/206/206 211/211/211
f 211/211/211 206/206/206 212/212/212
f 212/212/212 213/213/213 211/211/211
f 212/212/212 214/214/214 215/215/215
f 215/215/215 213/213/213 212/212/212
f 216/216/216 214/214/214 217/217/217
f 215/215/215 214/214/214 216/216/216
f 217/217/217 214/214/214 218/218/218
f 219/219/219 214/214/214 220/220/220
f 220/220/220 221/221/221 219/219/219
f 218/218/218 214/214/214 219/219/219
f 220/220/220 222/222/222 223/223/223
f 223/223/223 221/221/221 220/220/220
f 224/224/224 222/222/222 225/225/225
f 223/223/223 222/222/222 224/224/224
f 180/180/180 227/227/227 182/182/182
f 228/228/228 229/229/229 172/172/172
f 172/172/172 230/230/230 228/228/228
f 231/231/231 228/228/228 230/230/230
f 230/230/230 182/182/182 231/231/231
f 229/229/229 232/232/232 172/172/172
f 182/182/182 233/233/233 231/231/231
f 232/232/232 179/179/179 172/172/172
f 182/182/182 227/227/227 233/233/233
f 235/235/235 237/237/237 238/238/238
f 239/239/239 237/237/237 240/240/240
f 238/238/238 237/237/237 239/239/239
f 241/241/241 242/242/242 240/240/240
f 240/240/240 237/237/237 241/241/241
f 243/243/243 244/244/244 245/245/245
f 244/244/244 242/242/242 241/241/241
f 241/241/241 245/245/245 244/244/244
f 245/245/245 246/246/246 243/243/243
f 247/247/247 248/248/248 249/249/249
f 250/250/250 247/247/247 249/249/249
f 248/248/248 251/251/251 252/252/252
f 252/252/252 249/249/249 248/248/248
f 253/253/253 245/245/245 254/254/254
f 252/252/252 251/251/251 254/254/254
f 254/254/254 245/245/245 252/252/252
f 246/246/246 245/245/245 253/253/253
f 250/250/250 249/249/249 255/255/255
f 256/256/256 249/249/249 257/257/257
f 255/255/255 249/249/249 256/256/256
f 257/257/257 249/249/249 258/258/258
f 258/258/258 259/259/259 257/257/257
f 258/258/258 260/260/260 261/261/261
f 261/261/261 259/259/259 258/258/258
f 261/261/261 260/260/260 262/262/262
f 262/262/262 260/260/260 263/263/263
f 263/263/263 260/260/260 264/264/264
f 264/264/264 260/260/260 265/265/265
f 265/265/265 260/260/260 266/266/266
f 266/266/266 267/267/267 265/265/265
f 266/266/266 268/268/268 269/269/269
f 269/269/269 267/267/267 266/266/266
f 270/270/270 268/268/268 271/271/271
f 269/269/269 268/268/268 270/270/270
f 271/271/271 268/268/268 272/272/272
f 273/273/273 268/268/268 274/274/274
f 274/274/274 275/275/275 273/273/273
f 272/272/272 268/268/268 273/273/273
f 274/274/274 168/168/168 276/276/276
f 276/276/276 275/275/275 274/274/274
f 277/277/277 168/168/168 170/170/170
f 276/276/276 168/168/168 277/277/277
f 234/234/234 278/278/278 236/236/236
f 279/279/279 280/280/280 281/281/281
f 281/281/281 282/282/282 279/279/279
f 283/283/283 279/279/279 282/282/282
f 282/282/282 236/236/236 283/283/283
f 281/281/281 280/280/280 284/284/284
f 236/236/236 285/285/285 283/283/283
f 281/281/281 284/284/284 286/286/286
f 236/236/236 278/278/278 285/285/285
f 288/288/288 289/289/289 290/290/290
f 292/292/292 293/293/293 290/290/290
f 289/289/289 292/292/292 290/290/290
f 293/293/293 294/294/294 295/295/295
f 295/295/295 290/290/290 293/293/293
f 296/296/296 297/297/297 298/298/298
f 295/295/295 294/294/294 298/298/298
f 298/298/298 297/297/297 295/295/295
f 297/297/297 296/296/296 299/299/299
f 300/300/300 301/301/301 302/302/302
f 303/303/303 301/301/301 300/300/300
f 304/304/304 305/305/305 302/302/302
f 302/302/302 301/301/301 304/304/304
f 306/306/306 307/307/307 297/297/297
f 307/307/307 305/305/305 304/304/304
f 304/304/304 297/297/297 307/307/307
f 299/299/299 306/306/306 297/297/297
f 303/303/303 308/308/308 301/301/301
f 309/309/309 310/310/310 301/301/301
f 308/308/308 309/309/309 301/301/301
f 310/310/310 311/311/311 312/312/312
f 312/312/312 301/301/301 310/310/310
f 312/312/312 311/311/311 313/313/313
f 313/313/313 314/314/314 312/312/312
f 313/313/313 315/315/315 314/314/314
f 315/315/315 316/316/316 314/314/314
f 316/316/316 317/317/317 314/314/314
f 317/317/317 318/318/318 314/314/314
f 318/318/318 319/319/319 320/320/320
f 320/320/320 314/314/314 318/318/318
f 320/320/320 319/319/319 321/321/321
f 321/321/321 322/322/322 320/320/320
f 323/323/323 324/324/324 322/322/322
f 321/321/321 323/323/323 322/322/322
f 324/324/324 325/325/325 322/322/322
f 326/326/326 327/327/327 328/328/328
f 328/328/328 322/322/322 326/326/326
f 325/325/325 326/326/326 322/322/322
f 328/328/328 327/327/327 329/329/329
f 329/329/329 222/222/222 328/328/328
f 330/330/330 226/226/226 222/222/222
f 329/329/329 330/330/330 222/222/222
f 287/287/287 291/291/291 331/331/331
f 281/281/281 332/332/332 333/333/333
f 333/333/333 334/334/334 281/281/281
f 334/334/334 333/333/333 335/335/335
f 335/335/335 291/291/291 334/334/334
f 332/332/332 281/281/281 336/336/336
f 291/291/291 335/335/335 337/337/337
f 336/336/336 281/281/281 286/286/286
f 291/291/291 337/337/337 331/331/331
f 338/338/338 339/339/339 340/340/340
f 340/340/340 342/342/342 338/338/338
f 344/344/344 345/345/345 348/348/348
f 348/348/348 349/349/349 344/344/344
f 351/351/351 352/352/352 353/353/353
f 353/353/353 354/354/354 351/351/351
f 353/353/353 355/355/355 354/354/354
f 351/351/351 354/354/354 356/356/356
f 356/356/356 357/357/357 351/351/351
f 358/358/358 359/359/359 360/360/360
f 360/360/360 361/361/361 358/358/358
f 360/360/360 362/362/362 361/361/361
f 358/358/358 361/361/361 363/363/363
f 363/363/363 364/364/364 358/358/358
f 365/365/365 366/366/366 367/367/367
f 367/367/367 368/368/368 365/365/365
f 341/341/341 370/370/370 371/371/371
f 371/371/371 368/368/368 341/341/341
f 372/372/372 373/373/373 374/374/374
f 374/374/374 375/375/375 372/372/372
f 374/374/374 376/376/376 377/377/377
f 377/377/377 375/375/375 374/374/374
f 378/378/378 372/372/372 375/375/375
f 362/362/362 379/379/379 380/380/380
f 380/380/380 361/361/361 362/362/362
f 381/381/381 360/360/360 359/359/359
f 359/359/359 382/382/382 381/381/381
f 383/383/383 382/382/382 359/359/359
f 373/373/373 384/384/384 385/385/385
f 385/385/385 374/374/374 373/373/373
f 386/386/386 372/372/372 378/378/378
f 378/378/378 387/387/387 386/386/386
f 388/388/388 387/387/387 378/378/378
f 389/389/389 390/390/390 391/391/391
f 391/391/391 392/392/392 389/389/389
f 393/393/393 392/392/392 391/391/391
f 391/391/391 390/390/390 365/365/365
f 365/365/365 368/368/368 391/391/391
f 371/371/371 391/391/391 368/368/368
f 394/394/394 395/395/395 354/354/354
f 354/354/354 355/355/355 394/394/394
f 396/396/396 353/353/353 352/352/352
f 352/352/352 397/397/397 396/396/396
f 398/398/398 397/397/397 352/352/352
f 399/399/399 400/400/400 401/401/401
f 401/401/401 402/402/402 399/399/399
f 350/350/350 399/399/399 402/402/402
f 343/343/343 350/350/350 402/402/402
f 402/402/402 403/403/403 343/343/343
f 404/404/404 406/406/406 407/407/407
f 407/407/407 408/408/408 404/404/404
f 409/409/409 410/410/410 411/411/411
f 411/411/411 369/369/369 409/409/409
f 407/407/407 412/412/412 413/413/413
f 413/413/413 408/408/408 407/407/407
f 363/363/363 361/361/361 385/385/385
f 385/385/385 384/384/384 363/363/363
f 358/358/358 364/364/364 386/386/386
f 386/386/386 414/414/414 358/358/358
f 387/387/387 414/414/414 386/386/386
f 356/356/356 354/354/354 380/380/380
f 380/380/380 379/379/379 356/356/356
f 351/351/351 357/357/357 381/381/381
f 381/381/381 415/415/415 351/351/351
f 382/382/382 415/415/415 381/381/381
f 399/399/399 350/350/350 395/395/395
f 395/395/395 394/394/394 399/399/399
f 401/401/401 400/400/400 396/396/396
f 396/396/396 416/416/416 401/401/401
f 397/397/397 416/416/416 396/396/396
f 374/374/374 367/367/367 366/366/366
f 366/366/366 376/376/376 374/374/374
f 375/375/375 377/377/377 389/389/389
f 389/389/389 417/417/417 375/375/375
f 392/392/392 417/417/417 389/389/389
f 418/418/418 419/419/419 420/420/420
f 420/420/420 421/421/421 418/418/418
f 420/420/420 422/422/422 421/421/421
f 418/418/418 421/421/421 423/423/423
f 423/423/423 424/424/424 418/418/418
f 425/425/425 426/426/426 427/427/427
f 427/427/427 428/428/428 425/425/425
f 427/427/427 429/429/429 430/430/430
f 430/430/430 428/428/428 427/427/427
f 431/431/431 425/425/425 428/428/428
f 432/432/432 433/433/433 435/435/435
f 435/435/435 436/436/436 432/432/432
f 437/437/437 438/438/438 405/405/405
f 405/405/405 433/433/433 437/437/437
f 439/439/439 440/440/440 441/441/441
f 441/441/441 442/442/442 439/439/439
f 441/441/441 443/443/443 442/442/442
f 439/439/439 442/442/442 444/444/444
f 444/444/444 445/445/445 439/439/439
f 446/446/446 447/447/447 427/427/427
f 427/427/427 426/426/426 446/446/446
f 430/430/430 429/429/429 448/448/448
f 448/448/448 449/449/449 430/430/430
f 450/450/450 430/430/430 449/449/449
f 451/451/451 452/452/452 442/442/442
f 442/442/442 443/443/443 451/451/451
f 445/445/445 444/444/444 453/453/453
f 453/453/453 454/454/454 445/445/445
f 455/455/455 445/445/445 454/454/454
f 456/456/456 457/457/457 458/458/458
f 458/458/458 459/459/459 456/456/456
f 460/460/460 456/456/456 459/459/459
f 432/432/432 457/457/457 456/456/456
f 456/456/456 433/433/433 432/432/432
f 437/437/437 433/433/433 456/456/456
f 461/461/461 420/420/420 419/419/419
f 419/419/419 462/462/462 461/461/461
f 421/421/421 422/422/422 463/463/463
f 463/463/463 464/464/464 421/421/421
f 465/465/465 421/421/421 464/464/464
f 466/466/466 467/467/467 468/468/468
f 468/468/468 469/469/469 466/466/466
f 347/347/347 469/469/469 468/468/468
f 469/469/469 347/347/347 346/346/346
f 346/346/346 470/470/470 469/469/469
f 451/451/451 426/426/426 425/425/425
f 425/425/425 452/452/452 451/451/451
f 453/453/453 431/431/431 428/428/428
f 428/428/428 471/471/471 453/453/453
f 454/454/454 453/453/453 471/471/471
f 446/446/446 419/419/419 418/418/418
f 418/418/418 447/447/447 446/446/446
f 448/448/448 424/424/424 423/423/423
f 423/423/423 472/472/472 448/448/448
f 449/449/449 448/448/448 472/472/472
f 462/462/462 347/347/347 468/468/468
f 468/468/468 461/461/461 462/462/462
f 463/463/463 467/467/467 466/466/466
f 466/466/466 473/473/473 463/463/463
f 464/464/464 463/463/463 473/473/473
f 443/443/443 441/441/441 436/436/436
f 436/436/436 435/435/435 443/443/443
f 458/458/458 440/440/440 439/439/439
f 439/439/439 474/474/474 458/458/458
f 459/459/459 458/458/458 474/474/474
f 409/409/409 434/434/434 475/475/475
f 475/475/475 410/410/410 409/409/409
f 338/338/338 342/342/342 413/413/413
f 413/413/413 412/412/412 338/338/338
f 369/369/369 411/411/411 342/342/342
f 342/342/342 340/340/340 369/369/369
f 408/408/408 475/475/475 434/434/434
f 434/434/434 404/404/404 408/408/408
f 479/479/479 482/482/482 487/487/487
f 487/487/487 490/490/490 479/479/479
f 491/491/491 484/484/484 493/493/493
f 493/493/493 497/497/497 491/491/491
f 495/495/495 502/502/502 504/504/504
f 504/504/504 496/496/496 495/495/495
f 503/503/503 480/480/480 477/477/477
f 477/477/477 505/505/505 503/503/503
f 509/509/509 511/511/511 506/506/506
f 506/506/506 476/476/476 509/509/509
f 510/510/510 514/514/514 517/517/517
f 517/517/517 518/518/518 510/510/510
f 514/514/514 521/521/521 522/522/522
f 522/522/522 517/517/517 514/514/514
f 512/512/512 523/523/523 522/522/522
f 522/522/522 521/521/521 512/512/512
f 510/510/510 518/518/518 523/523/523
f 523/523/523 512/512/512 510/510/510
f 515/515/515 508/508/508 478/478/478
f 478/478/478 489/489/489 515/515/515
f 519/519/519 516/516/516 488/488/488
f 488/488/488 499/499/499 519/519/519
f 513/513/513 520/520/520 498/498/498
f 498/498/498 507/507/507 513/513/513
f 481/481/481 524/524/524 526/526/526
f 526/526/526 485/485/485 481/481/481
f 486/486/486 527/527/527 528/528/528
f 528/528/528 492/492/492 486/486/486
f 529/529/529 531/531/531 500/500/500
f 500/500/500 494/494/494 529/529/529
f 530/530/530 525/525/525 483/483/483
f 483/483/483 501/501/501 530/530/530
f 532/532/532 535/535/535 536/536/536
f 536/536/536 537/537/537 532/532/532
f 538/538/538 540/540/540 534/534/534
f 534/534/534 533/533/533 538/538/538
f 543/543/543 545/545/545 541/541/541
f 541/541/541 539/539/539 543/543/543
f 547/547/547 548/548/548 544/544/544
f 544/544/544 542/542/542 547/547/547
f 546/546/546 550/550/550 551/551/551
f 551/551/551 549/549/549 546/546/546
f 551/551/551 552/552/552 549/549/549
f 553/553/553 535/535/535 554/554/554
f 554/554/554 555/555/555 553/553/553
f 554/554/554 549/549/549 556/556/556
f 556/556/556 555/555/555 554/554/554
f 553/553/553 557/557/557 535/535/535
f 552/552/552 556/556/556 549/549/549
f 557/557/557 536/536/536 535/535/535
f 558/558/558 560/560/560 561/561/561
f 561/561/561 562/562/562 558/558/558
f 563/563/563 565/565/565 567/567/567
f 567/567/567 559/559/559 563/563/563
f 568/568/568 569/569/569 566/566/566
f 566/566/566 564/564/564 568/568/568
f 570/570/570 573/573/573 574/574/574
f 574/574/574 576/576/576 570/570/570
f 575/575/575 572/572/572 578/578/578
f 578/578/578 579/579/579 575/575/575
f 578/578/578 572/572/572 580/580/580
f 581/581/581 562/562/562 582/582/582
f 582/582/582 583/583/583 581/581/581
f 584/584/584 572/572/572 581/581/581
f 581/581/581 583/583/583 584/584/584
f 582/582/582 562/562/562 585/585/585
f 580/580/580 572/572/572 584/584/584
f 585/585/585 562/562/562 561/561/561
f 586/586/586 587/587/587 588/588/588
f 588/588/588 589/589/589 586/586/586
f 590/590/590 589/589/589 588/588/588
f 590/590/590 588/588/588 591/591/591
f 591/591/591 592/592/592 590/590/590
f 593/593/593 594/594/594 571/571/571
f 571/571/571 577/577/577 593/593/593
f 594/594/594 589/589/589 590/590/590
f 590/590/590 571/571/571 594/594/594
f 587/587/587 586/586/586 593/593/593
f 593/593/593 577/577/577 587/587/587
f 595/595/595 592/592/592 591/591/591
f 591/591/591 596/596/596 595/595/595
f 597/597/597 596/596/596 591/591/591
f 592/592/592 595/595/595 568/568/568
f 568/568/568 564/564/564 592/592/592
f 597/597/597 566/566/566 569/569/569
f 569/569/569 596/596/596 597/597/597
f 618/618/618 623/623/623 625/625/625
f 625/625/625 621/621/621 618/618/618
f 620/620/620 624/624/624 626/626/626
f 626/626/626 603/603/603 620/620/620
f 617/617/617 628/628/628 622/622/622
f 622/622/622 619/619/619 617/617/617
f 614/614/614 630/630/630 629/629/629
f 629/629/629 616/616/616 614/614/614
f 612/612/612 632/632/632 631/631/631
f 631/631/631 615/615/615 612/612/612
f 600/600/600 635/635/635 633/633/633
f 633/633/633 613/613/613 600/600/600
f 598/598/598 637/637/637 634/634/634
f 634/634/634 601/601/601 598/598/598
f 610/610/610 639/639/639 636/636/636
f 636/636/636 599/599/599 610/610/610
f 609/609/609 641/641/641 638/638/638
f 638/638/638 611/611/611 609/609/609
f 607/607/607 642/642/642 640/640/640
f 640/640/640 608/608/608 607/607/607
f 605/605/605 645/645/645 643/643/643
f 643/643/643 606/606/606 605/605/605
f 602/602/602 627/627/627 644/644/644
f 644/644/644 604/604/604 602/602/602
f 666/666/666 670/670/670 672/672/672
f 672/672/672 668/668/668 666/666/666
f 669/669/669 673/673/673 674/674/674
f 674/674/674 651/651/651 669/669/669
f 665/665/665 677/677/677 671/671/671
f 671/671/671 667/667/667 665/665/665
f 663/663/663 679/679/679 676/676/676
f 676/676/676 664/664/664 663/663/663
f 660/660/660 681/681/681 678/678/678
f 678/678/678 662/662/662 660/660/660
f 649/649/649 682/682/682 680/680/680
f 680/680/680 661/661/661 649/649/649
f 646/646/646 685/685/685 683/683/683
f 683/683/683 648/648/648 646/646/646
f 658/658/658 686/686/686 684/684/684
f 684/684/684 647/647/647 658/658/658
f 657/657/657 688/688/688 687/687/687
f 687/687/687 659/659/659 657/657/657
f 655/655/655 690/690/690 689/689/689
f 689/689/689 656/656/656 655/655/655
f 652/652/652 692/692/692 691/691/691
f 691/691/691 654/654/654 652/652/652
f 650/650/650 675/675/675 693/693/693
f 693/693/693 653/653/653 650/650/650
f 696/696/696 700/700/700 703/703/703
f 703/703/703 705/705/705 696/696/696
f 709/709/709 711/711/711 714/714/714
f 714/714/714 716/716/716 709/709/709
f 697/697/697 708/708/708 715/715/715
f 715/715/715 704/704/704 697/697/697
f 720/720/720 699/699/699 694/694/694
f 694/694/694 723/723/723 720/720/720
f 727/727/727 712/712/712 710/710/710
f 710/710/710 731/731/731 727/727/727
f 730/730/730 710/710/710 698/698/698
f 698/698/698 721/721/721 730/730/730
f 733/733/733 737/737/737 741/741/741
f 741/741/741 742/742/742 733/733/733
f 744/744/744 745/745/745 748/748/748
f 748/748/748 752/752/752 744/744/744
f 751/751/751 747/747/747 736/736/736
f 736/736/736 732/732/732 751/751/751
f 743/743/743 740/740/740 756/756/756
f 756/756/756 757/757/757 743/743/743
f 719/719/719 724/724/724 733/733/733
f 733/733/733 742/742/742 719/719/719
f 760/760/760 765/765/765 744/744/744
f 744/744/744 752/752/752 760/760/760
f 725/725/725 762/762/762 751/751/751
f 751/751/751 732/732/732 725/725/725
f 728/728/728 718/718/718 743/743/743
f 743/743/743 757/757/757 728/728/728
f 702/702/702 739/739/739 735/735/735
f 735/735/735 707/707/707 702/702/702
f 717/717/717 713/713/713 766/766/766
f 766/766/766 754/754/754 717/717/717
f 717/717/717 753/753/753 738/738/738
f 738/738/738 701/701/701 717/717/717
f 706/706/706 768/768/768 773/773/773
f 773/773/773 695/695/695 706/706/706
f 694/694/694 775/775/775 761/761/761
f 761/761/761 722/722/722 694/694/694
f 734/734/734 749/749/749 770/770/770
f 770/770/770 707/707/707 734/734/734
f 772/772/772 771/771/771 777/777/777
f 777/777/777 778/778/778 772/772/772
f 764/764/764 763/763/763 774/774/774
f 774/774/774 779/779/779 764/764/764
f 769/769/769 750/750/750 746/746/746
f 746/746/746 776/776/776 769/769/769
f 759/759/759 755/755/755 767/767/767
f 767/767/767 780/780/780 759/759/759
f 729/729/729 758/758/758 781/781/781
f 781/781/781 726/726/726 729/729/729
f 782/782/782 786/786/786 791/791/791
f 791/791/791 793/793/793 782/782/782
f 797/797/797 799/799/799 803/803/803
f 803/803/803 805/805/805 797/797/797
f 800/800/800 809/809/809 810/810/810
f 810/810/810 802/802/802 800/800/800
f 785/785/785 798/798/798 806/806/806
f 806/806/806 790/790/790 785/785/785
f 812/812/812 787/787/787 783/783/783
f 783/783/783 816/816/816 812/812/812
f 821/821/821 801/801/801 796/796/796
f 796/796/796 824/824/824 821/821/821
f 828/828/828 808/808/808 801/801/801
f 801/801/801 822/822/822 828/828/828
f 825/825/825 796/796/796 788/788/788
f 788/788/788 813/813/813 825/825/825
f 831/831/831 835/835/835 838/838/838
f 838/838/838 840/840/840 831/831/831
f 842/842/842 844/844/844 850/850/850
f 850/850/850 852/852/852 842/842/842
f 855/855/855 857/857/857 833/833/833
f 833/833/833 830/830/830 855/855/855
f 841/841/841 839/839/839 847/847/847
f 847/847/847 843/843/843 841/841/841
f 815/815/815 819/819/819 831/831/831
f 831/831/831 840/840/840 815/815/815
f 820/820/820 826/826/826 842/842/842
f 842/842/842 852/852/852 820/820/820
f 818/818/818 859/859/859 855/855/855
f 855/855/855 830/830/830 818/818/818
f 827/827/827 814/814/814 841/841/841
f 841/841/841 843/843/843 827/827/827
f 789/789/789 836/836/836 832/832/832
f 832/832/832 795/795/795 789/789/789
f 804/804/804 851/851/851 845/845/845
f 845/845/845 807/807/807 804/804/804
f 811/811/811 860/860/860 849/849/849
f 849/849/849 804/804/804 811/811/811
f 807/807/807 846/846/846 837/837/837
f 837/837/837 792/792/792 807/807/807
f 784/784/784 794/794/794 862/862/862
f 862/862/862 865/865/865 784/784/784
f 817/817/817 783/783/783 864/864/864
f 864/864/864 858/858/858 817/817/817
f 795/795/795 834/834/834 856/856/856
f 856/856/856 863/863/863 795/795/795
f 853/853/853 848/848/848 861/861/861
f 861/861/861 867/867/867 853/853/853
f 823/823/823 854/854/854 866/866/866
f 866/866/866 829/829/829 823/823/823
f 869/869/869 875/875/875 879/879/879
f 879/879/879 882/882/882 869/869/869
f 881/881/881 877/877/877 887/887/887
f 887/887/887 888/888/888 881/881/881
f 884/884/884 894/894/894 899/899/899
f 899/899/899 890/890/890 884/884/884
f 895/895/895 873/873/873 871/871/871
f 871/871/871 898/898/898 895/895/895
f 902/902/902 906/906/906 896/896/896
f 896/896/896 870/870/870 902/902/902
f 901/901/901 910/910/910 915/915/915
f 915/915/915 918/918/918 901/901/901
f 909/909/909 922/922/922 924/924/924
f 924/924/924 914/914/914 909/909/909
f 905/905/905 928/928/928 925/925/925
f 925/925/925 923/923/923 905/905/905
f 903/903/903 919/919/919 930/930/930
f 930/930/930 904/904/904 903/903/903
f 908/908/908 900/900/900 868/868/868
f 868/868/868 880/880/880 908/908/908
f 889/889/889 921/921/921 911/911/911
f 911/911/911 883/883/883 889/889/889
f 897/897/897 907/907/907 920/920/920
f 920/920/920 891/891/891 897/897/897
f 932/932/932 936/936/936 941/941/941
f 941/941/941 947/947/947 932/932/932
f 949/949/949 933/933/933 946/946/946
f 946/946/946 954/954/954 949/949/949
f 956/956/956 960/960/960 948/948/948
f 948/948/948 955/955/955 956/956/956
f 942/942/942 938/938/938 961/961/961
f 961/961/961 957/957/957 942/942/942
f 964/964/964 940/940/940 958/958/958
f 958/958/958 967/967/967 964/964/964
f 971/971/971 973/973/973 966/966/966
f 966/966/966 976/976/976 971/971/971
f 980/980/980 984/984/984 973/973/973
f 973/973/973 971/971/971 980/980/980
f 969/969/969 984/984/984 980/980/980
f 980/980/980 986/986/986 969/969/969
f 966/966/966 969/969/969 986/986/986
f 986/986/986 976/976/976 966/966/966
f 975/975/975 944/944/944 943/943/943
f 943/943/943 965/965/965 975/975/975
f 952/952/952 945/945/945 974/974/974
f 974/974/974 982/982/982 952/952/952
f 959/959/959 953/953/953 983/983/983
f 983/983/983 968/968/968 959/959/959
f 874/874/874 939/939/939 934/934/934
f 934/934/934 878/878/878 874/874/874
f 876/876/876 935/935/935 951/951/951
f 951/951/951 885/885/885 876/876/876
f 886/886/886 950/950/950 963/963/963
f 963/963/963 893/893/893 886/886/886
f 892/892/892 962/962/962 937/937/937
f 937/937/937 872/872/872 892/892/892
f 913/913/913 970/970/970 978/978/978
f 978/978/978 917/917/917 913/913/913
f 927/927/927 981/981/981 972/972/972
f 972/972/972 912/912/912 927/927/927
f 929/929/929 985/985/985 979/979/979
f 979/979/979 926/926/926 929/929/929
f 916/916/916 977/977/977 987/987/987
f 987/987/987 931/931/931 916/916/916
f 989/989/989 992/992/992 994/994/994
f 994/994/994 997/997/997 989/989/989
f 995/995/995 1001/1001/1001 1005/1005/1005
f 1005/1005/1005 998/998/998 995/995/995
f 993/993/993 1006/1006/1006 1002/1002/1002
f 1002/1002/1002 996/996/996 993/993/993
f 988/988/988 1012/1012/1012 1008/1008/1008
f 1008/1008/1008 991/991/991 988/988/988
f 999/999/999 1004/1004/1004 1011/1011/1011
f 1011/1011/1011 990/990/990 999/999/999
f 1014/1014/1014 1018/1018/1018 1020/1020/1020
f 1020/1020/1020 1022/1022/1022 1014/1014/1014
f 1021/1021/1021 1016/1016/1016 1027/1027/1027
f 1027/1027/1027 1030/1030/1030 1021/1021/1021
f 1023/1023/1023 1019/1019/1019 1029/1029/1029
f 1029/1029/1029 1032/1032/1032 1023/1023/1023
f 1013/1013/1013 1024/1024/1024 1031/1031/1031
f 1031/1031/1031 1035/1035/1035 1013/1013/1013
f 1017/1017/1017 1015/1015/1015 1034/1034/1034
f 1034/1034/1034 1026/1026/1026 1017/1017/1017
f 1000/1000/1000 1028/1028/1028 1025/1025/1025
f 1025/1025/1025 1003/1003/1003 1000/1000/1000
f 1007/1007/1007 1033/1033/1033 1028/1028/1028
f 1028/1028/1028 1000/1000/1000 1007/1007/1007
f 1009/1009/1009 1036/1036/1036 1033/1033/1033
f 1033/1033/1033 1007/1007/1007 1009/1009/1009
f 1003/1003/1003 1025/1025/1025 1037/1037/1037
f 1037/1037/1037 1010/1010/1010 1003/1003/1003
f 1038/1038/1038 1041/1041/1041 1045/1045/1045
f 1045/1045/1045 1047/1047/1047 1038/1038/1038
f 1050/1050/1050 1053/1053/1053 1046/1046/1046
f 1046/1046/1046 1043/1043/1043 1050/1050/1050
f 1054/1054/1054 1051/1051/1051 1042/1042/1042
f 1042/1042/1042 1040/1040/1040 1054/1054/1054
f 1056/1056/1056 1055/1055/1055 1039/1039/1039
f 1039/1039/1039 1048/1048/1048 1056/1056/1056
f 1052/1052/1052 1057/1057/1057 1049/1049/1049
f 1049/1049/1049 1044/1044/1044 1052/1052/1052

