# https://github.com/mikedh/trimesh
mtllib material.mtl
usemtl material_0
v 7.17965300 3.79973100 4.45450100
v 7.17965300 3.79973100 5.74902700
v 6.77182600 3.83987900 5.74902700
v 6.77182600 3.83987900 4.04679700
v 7.48167700 3.68082700 4.77958600
v 7.48167700 3.68082700 5.74902700
v 7.81335800 3.48068400 5.07983400
v 7.80476200 3.48773900 5.74902700
v 8.06876600 3.22241300 5.32361600
v 8.06876600 3.22241300 5.32361600
v 8.06427500 3.22788500 5.74902700
v 8.25159200 2.90806000 5.53216600
v 8.25159200 2.90806000 5.53216600
v 8.25048300 2.91125200 5.74902700
v 8.38444900 2.54865900 5.66488500
v 8.38424700 2.55000900 5.74902700
v 8.43462600 2.15803700 5.69767900
v 8.43462600 2.15803700 5.74902700
v 5.08227800 2.15931500 5.66761500
v 5.08227800 2.15931500 5.66761500
v 4.92110400 2.15914700 5.66762800
v 4.92110400 2.54413900 5.63428100
v 5.12390700 2.54301600 5.63432500
v 5.12390700 2.54301600 5.63432500
v 5.12390700 2.54301600 5.63432500
v 4.92110400 2.90611600 5.49942500
v 5.25053200 2.90451900 5.49987700
v 5.25053200 2.90451900 5.49987700
v 4.92110400 3.23119700 5.28157300
v 5.44099500 3.23282200 5.28002000
v 4.92110400 3.49097800 5.03122700
v 5.71344100 3.49340000 5.02750500
v 4.92110400 3.68082700 4.73950300
v 6.02994400 3.68082700 4.73950500
v 4.92110400 3.79973100 4.41225900
v 6.32661100 3.79973100 4.41226100
v 4.92110400 3.83988000 4.00461900
v 6.72987300 3.83987900 4.00461800
v 4.92110400 3.79973100 3.59698300
v 6.32635200 3.79973100 3.59698300
v 7.22071000 3.79973100 3.59698300
v 8.78889400 3.79973100 3.59698300
v 8.78889400 3.83988000 4.00461900
v 6.81394300 3.83987900 4.00461800
v 7.52213000 3.68082700 3.28056400
v 8.78889400 3.68082800 3.28056400
v 7.84329000 3.48773900 2.99458900
v 8.78889400 3.48773900 2.99458900
v 8.09905800 3.22788500 2.72460200
v 8.78889400 3.22788500 2.72460200
v 8.28294300 2.91125200 2.52387000
v 8.28294300 2.91125200 2.52387000
v 8.78889400 2.91125300 2.52387000
v 8.41509200 2.55000900 2.39754400
v 8.41509200 2.55000900 2.39754400
v 8.78889400 2.55000900 2.39754400
v 8.46471600 2.15803700 2.35826400
v 8.78889400 2.15803700 2.35826400
v 6.36718800 3.79973100 5.74902700
v 6.36718800 3.79973100 4.45472900
v 6.06987800 3.68082700 5.74902700
v 6.06987800 3.68082700 4.77970800
v 5.74184700 3.48773900 5.74902700
v 5.75210400 3.49322100 5.06461600
v 5.47024600 3.22788500 5.74902700
v 5.47593100 3.23255000 5.31542000
v 5.47593100 3.23255000 5.31542000
v 5.28502400 2.91125300 5.74902700
v 5.28308700 2.90526400 5.53249800
v 5.28308700 2.90526400 5.53249800
v 5.15501900 2.55000900 5.74902700
v 5.15471200 2.54474300 5.66470800
v 5.11216400 2.15803700 5.74902700
v 5.11225500 2.15886400 5.69761100
v 4.92110400 3.68082700 3.28056400
v 6.02942000 3.68082700 3.28056400
v 4.92110400 3.48773900 2.99459000
v 5.70288600 3.48773900 2.99459000
v 4.92110400 3.22788500 2.72460200
v 5.43521500 3.22788500 2.72460200
v 4.92110400 2.91125300 2.52387000
v 5.25264100 2.91125300 2.52387000
v 5.25264100 2.91125300 2.52387000
v 4.92110400 2.55953900 2.40087600
v 5.12919600 2.56141000 2.40153000
v 5.12919600 2.56141000 2.40153000
v 5.12919600 2.56141000 2.40153000
v 4.92110400 2.16807800 2.35927000
v 5.08337400 2.16961600 2.35942400
v 5.08337400 2.16961600 2.35942400
v 8.78889400 3.79973100 4.41226100
v 7.22044600 3.79973100 4.41226100
v 8.78889400 3.68082800 4.73950500
v 7.52163100 3.68082700 4.73950500
v 8.78889400 3.48128100 5.04238100
v 7.85230000 3.48033800 5.04328400
v 8.78889400 3.22254600 5.28833600
v 8.10399700 3.22199200 5.28871000
v 8.78889400 2.90783000 5.49927000
v 8.28410300 2.90759200 5.49935900
v 8.28410300 2.90759200 5.49935900
v 8.78889400 2.54826600 5.63419900
v 8.41534700 2.54817500 5.63420700
v 8.41534700 2.54817500 5.63420700
v 8.41534700 2.54817500 5.63420700
v 8.78889400 2.15803700 5.66772500
v 8.46471600 2.15803700 5.66772500
v 8.46471600 2.15803700 5.66772500
v 6.77182600 3.83987900 2.31175100
v 7.17965300 3.79973100 2.31175100
v 7.17965300 3.79973100 3.55509400
v 6.77182600 3.83987900 3.96243800
v 7.48167700 3.68082700 2.31175100
v 7.48167700 3.68082700 3.24103700
v 7.80476200 3.48773900 2.31175100
v 7.80476200 3.48773900 2.95732600
v 8.06427500 3.22788500 2.31175100
v 8.06427500 3.22788500 2.68910600
v 8.06427500 3.22788500 2.68910600
v 8.25048300 2.91125200 2.31175100
v 8.25048300 2.91125200 2.49118500
v 8.25048300 2.91125200 2.49118500
v 3.07038100 3.83987900 5.74902700
v 2.66255300 3.79973100 5.74902700
v 2.66255300 3.79973100 4.45450100
v 3.07038100 3.83987900 4.04679700
v 2.36052900 3.68082700 5.74902700
v 2.36052900 3.68082700 4.77958600
v 2.03744500 3.48773900 5.74902700
v 2.02884900 3.48068400 5.07983400
v 1.77793200 3.22788500 5.74902700
v 1.77344000 3.22241300 5.32361600
v 1.77344000 3.22241300 5.32361600
v 1.59172200 2.91125200 5.74902700
v 1.59061500 2.90806000 5.53216600
v 1.59061500 2.90806000 5.53216600
v 1.45795800 2.55000900 5.74902700
v 1.45775600 2.54865900 5.66488500
v 1.40758100 2.15803700 5.74902700
v 1.40758100 2.15803700 5.69767900
v 4.75992900 2.15931500 5.66761500
v 4.75992900 2.15931500 5.66761500
v 4.71829800 2.54301600 5.63432500
v 4.71829800 2.54301600 5.63432500
v 4.71829800 2.54301600 5.63432500
v 4.59167500 2.90451900 5.49987700
v 4.59167500 2.90451900 5.49987700
v 4.40121100 3.23282200 5.28002000
v 4.12876600 3.49340000 5.02750500
v 3.81226200 3.68082700 4.73950500
v 3.51559600 3.79973100 4.41226100
v 3.11233400 3.83987900 4.00461800
v 3.51585400 3.79973100 3.59698300
v 1.21500400 3.83988000 4.00461900
v 1.21500400 3.79973100 3.59698300
v 2.62149600 3.79973100 3.59698300
v 3.02826400 3.83987900 4.00461800
v 1.21500400 3.68082800 3.28056400
v 2.32007600 3.68082700 3.28056400
v 1.21500400 3.48773900 2.99458900
v 1.99891700 3.48773900 2.99458900
v 1.21500400 3.22788500 2.72460200
v 1.74314900 3.22788500 2.72460200
v 1.21500400 2.91125200 2.52387000
v 1.55926300 2.91125200 2.52387000
v 1.55926300 2.91125200 2.52387000
v 1.21500400 2.55000900 2.39754400
v 1.42711400 2.55000900 2.39754400
v 1.42711400 2.55000900 2.39754400
v 1.21500400 2.15803700 2.35826400
v 1.37749100 2.15803700 2.35826400
v 3.47501800 3.79973100 4.45472900
v 3.47501800 3.79973100 5.74902700
v 3.77232800 3.68082700 4.77970800
v 3.77232800 3.68082700 5.74902700
v 4.09010200 3.49322100 5.06461600
v 4.10035900 3.48773900 5.74902700
v 4.36627600 3.23255000 5.31542000
v 4.36627600 3.23255000 5.31542000
v 4.37196000 3.22788500 5.74902700
v 4.55911900 2.90526400 5.53249800
v 4.55911900 2.90526400 5.53249800
v 4.55718300 2.91125300 5.74902700
v 4.68749400 2.54474300 5.66470800
v 4.68718800 2.55000900 5.74902700
v 4.73004200 2.15803700 5.74902700
v 4.72995200 2.15886400 5.69761100
v 3.81278700 3.68082700 3.28056400
v 4.13932000 3.48773900 2.99459000
v 4.40699100 3.22788500 2.72460200
v 4.58956500 2.91125300 2.52387000
v 4.58956500 2.91125300 2.52387000
v 4.71301100 2.56141000 2.40153000
v 4.71301100 2.56141000 2.40153000
v 4.71301100 2.56141000 2.40153000
v 4.75883200 2.16961600 2.35942400
v 4.75883200 2.16961600 2.35942400
v 2.62176100 3.79973100 4.41226100
v 1.21500400 3.79973100 4.41226100
v 2.32057500 3.68082700 4.73950500
v 1.21500400 3.68082800 4.73950500
v 1.98990700 3.48033800 5.04328400
v 1.98990700 3.48033800 5.04328400
v 1.21500400 3.48111800 5.04253600
v 1.73821000 3.22199200 5.28871000
v 1.73821000 3.22199200 5.28871000
v 1.21500400 3.22241500 5.28842400
v 1.55810300 2.90759200 5.49935900
v 1.55810300 2.90759200 5.49935900
v 1.21500400 2.90775400 5.49929800
v 1.42685800 2.54817500 5.63420700
v 1.42685800 2.54817500 5.63420700
v 1.42685800 2.54817500 5.63420700
v 1.21500400 2.54822600 5.63420300
v 1.37749100 2.15803700 5.66772500
v 1.37749100 2.15803700 5.66772500
v 1.21500400 2.15803700 5.66772500
v 2.66255300 3.79973100 3.55509400
v 2.66255300 3.79973100 2.31175100
v 3.07038100 3.83987900 2.31175100
v 3.07038100 3.83987900 3.96243800
v 2.36052900 3.68082700 3.24103700
v 2.36052900 3.68082700 2.31175100
v 2.03744500 3.48773900 2.95732600
v 2.03744500 3.48773900 2.95732600
v 2.03744500 3.48773900 2.31175100
v 1.77793200 3.22788500 2.68910600
v 1.77793200 3.22788500 2.68910600
v 1.77793200 3.22788500 2.68910600
v 1.77793200 3.22788500 2.31175100
v 1.59172200 2.91125200 2.49118500
v 1.59172200 2.91125200 2.49118500
v 1.59172200 2.91125200 2.31175100
v 0.06947800 3.68082700 4.77958600
v 0.06947800 3.68082700 5.74902700
v -0.23254600 3.79973100 5.74902700
v -0.23254600 3.79973100 4.45456600
v 0.40115700 3.48068400 5.07983400
v 0.39256200 3.48773900 5.74902700
v 0.65656700 3.22241300 5.32361600
v 0.65656700 3.22241300 5.32361600
v 0.65207600 3.22788500 5.74902700
v 0.83939300 2.90806000 5.53216600
v 0.83939300 2.90806000 5.53216600
v 0.83828400 2.91125200 5.74902700
v 0.97225000 2.54865900 5.66488500
v 0.97204800 2.55000900 5.74902700
v 1.02242700 2.15803700 5.69767900
v 1.02242700 2.15803700 5.74902700
v -0.19155200 3.79973100 3.59698300
v -0.63625300 3.83979600 4.00461800
v 0.10993100 3.68082700 3.28056400
v 0.43109000 3.48773900 2.99458900
v 0.68685900 3.22788500 2.72460200
v 0.87074400 2.91125200 2.52387000
v 0.87074400 2.91125200 2.52387000
v 1.00289200 2.55000900 2.39754400
v 1.00289200 2.55000900 2.39754400
v 1.05251600 2.15803700 2.35826400
v -0.19181600 3.79973100 4.41226100
v 0.10943200 3.68082700 4.73950500
v 0.44009900 3.48033800 5.04328400
v 0.44009900 3.48033800 5.04328400
v 0.69179700 3.22199200 5.28871000
v 0.69179700 3.22199200 5.28871000
v 0.87190500 2.90759200 5.49935900
v 0.87190500 2.90759200 5.49935900
v 1.00314800 2.54817500 5.63420700
v 1.00314800 2.54817500 5.63420700
v 1.00314800 2.54817500 5.63420700
v 1.05251600 2.15803700 5.66772500
v 1.05251600 2.15803700 5.66772500
v -0.23254600 3.79973100 2.31175100
v 0.06947900 3.68082700 2.31175100
v 0.06947800 3.68082700 3.24103700
v -0.23254600 3.79973100 3.55503000
v 0.39256200 3.48773900 2.31175100
v 0.39256200 3.48773900 2.95732600
v 0.39256200 3.48773900 2.95732600
v 0.65207600 3.22788500 2.31175100
v 0.65207600 3.22788500 2.68910600
v 0.65207600 3.22788500 2.68910600
v 0.65207600 3.22788500 2.68910600
v 0.83828400 2.91125200 2.31175100
v 0.83828400 2.91125200 2.49118500
v 0.83828400 2.91125200 2.49118500
v 8.38424700 2.55000900 2.31175100
v 8.38424700 2.55000900 2.36685100
v 8.38424700 2.55000900 2.36685100
v 8.43462600 2.15803700 2.31175100
v 8.43462600 2.15803700 2.32827000
v 8.43462600 2.15803700 2.32827000
v 6.36718800 3.79973100 3.55487300
v 6.36718800 3.79973100 2.31175100
v 6.06987800 3.68082700 3.24098700
v 6.06987800 3.68082700 2.31175100
v 5.74184700 3.48773900 2.95755200
v 5.74184700 3.48773900 2.31175100
v 5.47024600 3.22788500 2.68924300
v 5.47024600 3.22788500 2.68924300
v 5.47024600 3.22788500 2.31175100
v 5.28485500 2.91086000 2.49098700
v 5.28485500 2.91086000 2.49098700
v 5.28393700 2.90871900 2.31175100
v 5.15981100 2.56085600 2.37073000
v 5.15939100 2.55927100 2.31175100
v 5.11341200 2.16945400 2.32938800
v 5.11338400 2.16919200 2.31175100
v 1.45795800 2.55000900 2.36685100
v 1.45795800 2.55000900 2.36685100
v 1.45795800 2.55000900 2.31175100
v 1.40758100 2.15803700 2.32827000
v 1.40758100 2.15803700 2.32827000
v 1.40758100 2.15803700 2.31175100
v 3.47501800 3.79973100 2.31175100
v 3.47501800 3.79973100 3.55487300
v 3.77232800 3.68082700 2.31175100
v 3.77232800 3.68082700 3.24098700
v 4.10035900 3.48773900 2.31175100
v 4.10035900 3.48773900 2.95755200
v 4.37196000 3.22788500 2.31175100
v 4.37196000 3.22788500 2.68924300
v 4.37196000 3.22788500 2.68924300
v 4.55827000 2.90871900 2.31175100
v 4.55735100 2.91086000 2.49098700
v 4.55735100 2.91086000 2.49098700
v 4.68281400 2.55927100 2.31175100
v 4.68239600 2.56085600 2.37073000
v 4.72882300 2.16919200 2.31175100
v 4.72879400 2.16945400 2.32938800
v 0.97204800 2.55000900 2.31175100
v 0.97204800 2.55000900 2.36685100
v 0.97204800 2.55000900 2.36685100
v 1.02242700 2.15803700 2.31175100
v 1.02242700 2.15803700 2.32827000
v 1.02242700 2.15803700 2.32827000
v 11.06464400 3.83987900 5.74902700
v 10.65700600 3.79973100 5.74902700
v 10.65700600 3.79973100 4.45236800
v 11.06464400 3.83987900 4.04672500
v 10.26503400 3.68082700 5.74902700
v 10.26503400 3.68082700 4.77700000
v 9.90379200 3.48773900 5.74902700
v 9.89518200 3.48067300 5.07876700
v 9.58715900 3.22788500 5.74902700
v 9.58265700 3.22240100 5.32266800
v 9.32730500 2.91125200 5.74902700
v 9.32619400 2.90805400 5.53178600
v 9.32619400 2.90805400 5.53178600
v 9.20189500 2.55000900 5.74902700
v 9.20169300 2.54865900 5.66489700
v 9.20169300 2.54865900 5.66489700
v 9.14316200 2.15803700 5.74902700
v 9.14316200 2.15803700 5.69767800
v 13.02201700 2.55000900 5.63404900
v 13.02201700 2.15803700 5.66772500
v 13.01018800 2.15840600 5.66769300
v 12.96815900 2.54543100 5.63423000
v 13.02201700 2.91125200 5.49798000
v 12.81769300 2.90532400 5.49965000
v 13.02201700 3.22788500 5.28474100
v 12.57387500 3.23253900 5.28028900
v 13.02201700 3.48773900 5.03620400
v 12.25642600 3.49322100 5.02777900
v 13.02201700 3.68082800 4.73950300
v 11.90803000 3.68082700 4.73950500
v 13.02201700 3.79973100 4.41225800
v 11.51578200 3.79973100 4.41226100
v 13.02201700 3.83988000 4.00462200
v 11.10675000 3.83987900 4.00461800
v 11.51614700 3.79973100 3.59698300
v 13.02201700 3.79973100 3.59698400
v 10.61313800 3.79973100 3.59698300
v 11.02253700 3.83987900 4.00461800
v 10.22059600 3.68082700 3.28056400
v 9.86270100 3.48773900 2.99458900
v 9.54949000 3.22788500 2.72460200
v 9.54949000 3.22788500 2.72460200
v 9.29353300 2.91125200 2.52387000
v 9.29353300 2.91125200 2.52387000
v 9.17111000 2.55000900 2.39754400
v 9.17111000 2.55000900 2.39754400
v 9.11298600 2.15803700 2.35826400
v 9.11298600 2.15803700 2.35826400
v 9.32730500 2.91125200 2.49154800
v 9.32730500 2.91125200 2.49154800
v 9.20189500 2.55000900 2.36684000
v 9.20189500 2.55000900 2.36684000
v 9.20189500 2.55000900 1.53265400
v 9.20189500 2.55000900 1.53265400
v 9.20189500 2.55000900 1.53265400
v 9.32730500 2.91125200 1.40977900
v 9.32730500 2.91125200 1.40977900
v 9.32730500 2.91125200 1.40977900
v 9.14316200 2.15803700 2.32827100
v 9.14316200 2.15803700 1.59077500
v 9.14316200 2.15803700 1.59077500
v 12.96860400 2.54201800 1.50306700
v 12.96860400 2.54201800 1.50306700
v 13.02201700 2.55000800 1.50187000
v 13.02201700 2.15803600 1.56060300
v 13.01022200 2.15803600 1.56060300
v 13.02201700 2.91125200 1.37646000
v 12.82051300 2.89948900 1.38054300
v 12.82051300 2.89948900 1.38054300
v 13.02201700 3.22788500 1.11660600
v 13.02201700 3.22788500 1.11660600
v 12.57821800 3.22788500 1.11660500
v 12.57821800 3.22788500 1.11660500
v 13.02201700 3.48773800 0.79997300
v 12.26424100 3.48773900 0.79997300
v 13.02201700 3.68082700 0.43873000
v 11.90479900 3.68082700 0.43872900
v 13.02201700 3.79973000 0.04675800
v 11.51398800 3.79973100 0.04675500
v 11.47228000 3.79973100 4.45236800
v 11.47228000 3.79973100 5.74902700
v 11.86425300 3.68082700 4.77702500
v 11.86425300 3.68082700 5.74902700
v 12.21522500 3.49322900 5.06362800
v 12.22549600 3.48773900 5.74902700
v 12.53643400 3.23255900 5.31464400
v 12.53643400 3.23255900 5.31464400
v 12.54212900 3.22788500 5.74902700
v 12.78425300 2.90525500 5.53219400
v 12.78425300 2.90525500 5.53219400
v 12.78425300 2.90525500 5.53219400
v 12.78231200 2.91125300 5.74902700
v 12.93762900 2.54474200 5.66468300
v 12.93762900 2.54474200 5.66468300
v 12.93762900 2.54474200 5.66468300
v 12.93732300 2.55000900 5.74902700
v 12.98020100 2.15803700 5.74902700
v 12.98011100 2.15886400 5.69761100
v 12.98011100 2.15886400 5.69761100
v 11.90869100 3.68082700 3.28056400
v 13.02201700 3.68082800 3.28056500
v 12.26658700 3.48773900 2.99459000
v 13.02201700 3.48773900 2.99459000
v 12.57934600 3.22788500 2.72460200
v 12.57934600 3.22788500 2.72460200
v 13.02201700 3.22788500 2.72460200
v 13.02201700 3.22788500 2.72460200
v 12.81609700 2.91125300 2.52387000
v 12.81609700 2.91125300 2.52387000
v 13.02201700 2.91125300 2.52387100
v 12.96457800 2.55748700 2.40015900
v 12.96457800 2.55748700 2.40015900
v 13.02201700 2.55001000 2.39754400
v 13.00997300 2.16135200 2.35859600
v 13.02201700 2.15803800 2.35826400
v 10.61350500 3.79973100 4.41226100
v 10.22129200 3.68082700 4.73950500
v 9.85366500 3.48033600 5.04328600
v 9.54449900 3.22199200 5.28871100
v 9.54449900 3.22199200 5.28871100
v 9.29240700 2.90759300 5.49935900
v 9.29240700 2.90759300 5.49935900
v 9.17085100 2.54817400 5.63420700
v 9.17085100 2.54817400 5.63420700
v 9.11298500 2.15803700 5.66772500
v 9.11298500 2.15803700 5.66772500
v 10.65700600 3.79973100 0.08846200
v 11.06464400 3.83987900 -0.35122800
v 11.06464400 3.83987900 3.96251000
v 10.65700600 3.79973100 3.55713300
v 11.86425300 3.68082700 0.47927400
v 11.86425300 3.68082700 3.24351200
v 11.47228000 3.79973100 3.55713300
v 11.47228000 3.79973100 0.08846200
v 10.26503400 3.68082700 0.47927400
v 10.26503400 3.68082700 3.24351200
v 12.22549600 3.48773900 0.83871800
v 12.22549600 3.48773900 2.95851700
v 9.90379200 3.48773900 0.83871800
v 9.90379200 3.48773900 2.95851700
v 12.54212900 3.22788500 1.15318700
v 12.54212900 3.22788500 1.15318700
v 12.54212900 3.22788500 2.69002900
v 12.54212900 3.22788500 2.69002900
v 9.58715900 3.22788500 1.15312000
v 9.58715900 3.22788500 1.15312000
v 9.58715900 3.22788500 2.69013300
v 12.78800200 2.89799700 1.41430900
v 12.78800200 2.89799700 1.41430900
v 12.78248000 2.91086400 2.49132200
v 12.78248000 2.91086400 2.49132200
v 12.93253200 2.56085800 2.37077000
v 12.93253200 2.56085800 2.37077000
v 12.93847000 2.53836300 1.53426700
v 12.93847000 2.53836300 1.53426700
v 12.97895300 2.16945400 2.32938800
v 12.97895300 2.16945400 2.32938800
v 12.98015400 2.15848400 1.59071100
v 12.98015400 2.15848400 1.59071100
v 9.11299000 2.15803700 1.56060300
v 8.78889400 2.15803700 1.56060300
v 8.78889400 2.55000900 1.50187000
v 9.17111000 2.55000900 1.50187000
v 8.78889400 2.91125200 1.37645900
v 9.29398400 2.91125200 1.37645900
v 8.78889400 3.22788500 1.11660600
v 9.55064500 3.22788500 1.11660600
v 8.78889400 3.48773900 0.79997300
v 9.86504500 3.48773900 0.79997300
v 8.78889400 3.68082700 0.43872900
v 10.22449000 3.68082700 0.43872900
v 8.78889400 3.79973100 0.04675600
v 10.61529900 3.79973100 0.04675500
v 8.78889400 3.83892900 -0.35122800
v 11.01288800 3.83892900 -0.35122800
v -0.63625300 3.83947400 5.74902700
v -0.63625300 3.83963500 4.04844500
v -0.63625300 3.83947400 2.31175100
v -0.63625300 3.83963500 3.96079100
v -8.04433200 3.83987900 5.74902700
v -8.45215800 3.79973100 5.74902700
v -8.45215800 3.79973100 4.41226100
v -8.04433200 3.83987900 4.00461800
v -8.75418300 3.68082700 5.74902700
v -8.75418300 3.68082700 4.73950500
v -9.07726800 3.48773900 5.74902700
v -9.08633300 3.48029900 5.04332100
v -9.33678100 3.22788500 5.74902700
v -9.34164200 3.22196400 5.28872900
v -9.52299000 2.91125200 5.74902700
v -9.52426500 2.90757700 5.49936500
v -9.52426500 2.90757700 5.49936500
v -9.65675400 2.55000900 5.74902700
v -9.65703000 2.54816700 5.63420700
v -9.65703000 2.54816700 5.63420700
v -9.70713100 2.15803700 5.74902700
v -9.70713100 2.15803700 5.66772500
v -9.70713100 2.15803700 5.66772500
v -6.19361000 2.54413900 5.63428100
v -6.19361000 2.15914700 5.66762800
v -6.38481300 2.15934700 5.66761100
v -6.38481300 2.15934700 5.66761100
v -6.42710800 2.54284600 5.63433100
v -6.42710800 2.54284600 5.63433100
v -6.19361000 2.90611600 5.49942500
v -6.55530200 2.90436200 5.49992100
v -6.55530200 2.90436200 5.49992100
v -6.19361000 3.23119700 5.28157300
v -6.74890300 3.23293200 5.27991300
v -6.19361000 3.49097800 5.03122700
v -7.02516800 3.49352000 5.02732000
v -6.19361000 3.68082700 4.73950300
v -7.34238400 3.68082700 4.73950500
v -6.19361000 3.79973100 4.41225900
v -7.63969400 3.79973100 4.41226100
v -6.19361000 3.83988000 4.00461900
v -7.63969400 3.79973100 3.59698300
v -6.19361000 3.79973100 3.59698300
v -8.45215800 3.79973100 3.59698300
v -10.06139900 3.83988000 4.00461900
v -10.06139900 3.79973100 3.59698300
v -8.75418300 3.68082700 3.28056400
v -10.06139900 3.68082800 3.28056400
v -9.07726800 3.48773900 2.99458900
v -10.06139900 3.48773900 2.99458900
v -9.33678100 3.22788500 2.72460200
v -10.06139900 3.22788500 2.72460200
v -9.52299000 2.91125200 2.52387000
v -9.52299000 2.91125200 2.52387000
v -10.06139900 2.91125300 2.52387000
v -9.65675400 2.55000900 2.39754400
v -9.65675400 2.55000900 2.39754400
v -10.06139900 2.55000900 2.39754400
v -9.70713100 2.15803700 2.35826400
v -9.70713100 2.15803700 2.35826400
v -10.06139900 2.15803700 2.35826400
v -7.63969400 3.79973100 5.74902700
v -7.34238400 3.68082700 5.74902700
v -7.01435300 3.48773900 5.74902700
v -6.74275300 3.22788500 5.74902700
v -6.55753100 2.91125300 5.74902700
v -6.42752400 2.55000900 5.74902700
v -6.38467000 2.15803700 5.74902700
v -7.34238400 3.68082700 3.28056400
v -6.19361000 3.68082700 3.28056400
v -7.01435300 3.48773900 2.99459000
v -6.19361000 3.48773900 2.99459000
v -6.74275300 3.22788500 2.72460200
v -6.19361000 3.22788500 2.72460200
v -6.55753100 2.91125300 2.52387000
v -6.55753100 2.91125300 2.52387000
v -6.19361000 2.91125300 2.52387000
v -6.43253700 2.56168800 2.40162800
v -6.43253700 2.56168800 2.40162800
v -6.19361000 2.55953900 2.40087600
v -6.38596700 2.16990100 2.35945300
v -6.38596700 2.16990100 2.35945300
v -6.19361000 2.16807800 2.35927000
v -10.06139900 3.79973100 4.41226100
v -10.06139900 3.68082800 4.73950500
v -10.06139900 3.48128100 5.04238100
v -10.06139900 3.22254600 5.28833600
v -10.06139900 2.90783000 5.49927000
v -10.06139900 2.54826600 5.63419900
v -10.06139900 2.15803700 5.66772500
v -8.45215800 3.79973100 2.31175100
v -8.04433200 3.83987900 2.31175100
v -8.75418300 3.68082700 2.31175100
v -9.07726800 3.48773900 2.31175100
v -9.33678100 3.22788500 2.31175100
v -9.52299000 2.91125200 2.31175100
v -3.93506000 3.79973100 4.45450100
v -3.93506000 3.79973100 5.74902700
v -4.34288700 3.83987900 5.74902700
v -4.34288700 3.83987900 4.04679700
v -3.63303500 3.68082700 4.77958600
v -3.63303500 3.68082700 5.74902700
v -3.30135500 3.48068400 5.07983400
v -3.30995100 3.48773900 5.74902700
v -3.04594700 3.22241300 5.32361600
v -3.04594700 3.22241300 5.32361600
v -3.05043700 3.22788500 5.74902700
v -2.86312100 2.90806000 5.53216600
v -2.86312100 2.90806000 5.53216600
v -2.86422900 2.91125200 5.74902700
v -2.73026200 2.54865900 5.66488500
v -2.73046400 2.55000900 5.74902700
v -2.68008700 2.15803700 5.69767900
v -2.68008700 2.15803700 5.74902700
v -6.03243400 2.15931500 5.66761500
v -6.03243400 2.15931500 5.66761500
v -5.99080400 2.54301600 5.63432500
v -5.99080400 2.54301600 5.63432500
v -5.99080400 2.54301600 5.63432500
v -5.86418100 2.90451900 5.49987700
v -5.86418100 2.90451900 5.49987700
v -5.67371700 3.23282200 5.28002000
v -5.40127200 3.49340000 5.02750500
v -5.08476800 3.68082700 4.73950500
v -4.78810200 3.79973100 4.41226100
v -4.38484000 3.83987900 4.00461800
v -4.78835900 3.79973100 3.59698300
v -3.89400100 3.79973100 3.59698300
v -2.48751000 3.79973100 3.59698300
v -2.48751000 3.83988000 4.00461900
v -4.30076900 3.83987900 4.00461800
v -3.59258100 3.68082700 3.28056400
v -2.48751000 3.68082800 3.28056400
v -3.27142300 3.48773900 2.99458900
v -2.48751000 3.48773900 2.99458900
v -3.01565400 3.22788500 2.72460200
v -2.48751000 3.22788500 2.72460200
v -2.83176900 2.91125200 2.52387000
v -2.83176900 2.91125200 2.52387000
v -2.48751000 2.91125200 2.52387000
v -2.69962000 2.55000900 2.39754400
v -2.69962000 2.55000900 2.39754400
v -2.48751000 2.55000900 2.39754400
v -2.64999800 2.15803700 2.35826400
v -2.48751000 2.15803700 2.35826400
v -4.74752400 3.79973100 5.74902700
v -4.74752400 3.79973100 4.45472900
v -5.04483400 3.68082700 5.74902700
v -5.04483400 3.68082700 4.77970800
v -5.37286500 3.48773900 5.74902700
v -5.36260900 3.49322100 5.06461600
v -5.64446500 3.22788500 5.74902700
v -5.63878100 3.23255000 5.31542000
v -5.63878100 3.23255000 5.31542000
v -5.82968800 2.91125300 5.74902700
v -5.83162600 2.90526400 5.53249800
v -5.83162600 2.90526400 5.53249800
v -5.95969400 2.55000900 5.74902700
v -5.96000000 2.54474300 5.66470800
v -6.00254800 2.15803700 5.74902700
v -6.00245800 2.15886400 5.69761100
v -5.08529300 3.68082700 3.28056400
v -5.41182600 3.48773900 2.99459000
v -5.67949600 3.22788500 2.72460200
v -5.86207200 2.91125300 2.52387000
v -5.86207200 2.91125300 2.52387000
v -5.98551600 2.56141000 2.40153000
v -5.98551600 2.56141000 2.40153000
v -5.98551600 2.56141000 2.40153000
v -6.03133900 2.16961600 2.35942400
v -6.03133900 2.16961600 2.35942400
v -2.48751000 3.79973100 4.41226100
v -3.89426600 3.79973100 4.41226100
v -2.48751000 3.68082800 4.73950500
v -3.59308100 3.68082700 4.73950500
v -2.48751000 3.48111800 5.04253600
v -3.26241200 3.48033800 5.04328400
v -3.26241200 3.48033800 5.04328400
v -2.48751000 3.22241500 5.28842400
v -3.01071500 3.22199200 5.28871000
v -3.01071500 3.22199200 5.28871000
v -2.48751000 2.90775400 5.49929800
v -2.83060900 2.90759200 5.49935900
v -2.83060900 2.90759200 5.49935900
v -2.48751000 2.54822600 5.63420300
v -2.69936400 2.54817500 5.63420700
v -2.69936400 2.54817500 5.63420700
v -2.69936400 2.54817500 5.63420700
v -2.48751000 2.15803700 5.66772500
v -2.64999800 2.15803700 5.66772500
v -2.64999800 2.15803700 5.66772500
v -4.34288700 3.83987900 2.31175100
v -3.93506000 3.79973100 2.31175100
v -3.93506000 3.79973100 3.55509400
v -4.34288700 3.83987900 3.96243800
v -3.63303500 3.68082700 2.31175100
v -3.63303500 3.68082700 3.24103700
v -3.30995100 3.48773900 2.31175100
v -3.30995100 3.48773900 2.95732600
v -3.30995100 3.48773900 2.95732600
v -3.05043700 3.22788500 2.31175100
v -3.05043700 3.22788500 2.68910600
v -3.05043700 3.22788500 2.68910600
v -3.05043700 3.22788500 2.68910600
v -2.86422900 2.91125200 2.31175100
v -2.86422900 2.91125200 2.49118500
v -2.86422900 2.91125200 2.49118500
v -1.03996000 3.79973100 5.74902700
v -1.34198400 3.68082700 5.74902700
v -1.34198400 3.68082700 4.77958600
v -1.03996000 3.79973100 4.45456600
v -1.66506800 3.48773900 5.74902700
v -1.67366300 3.48068400 5.07983400
v -1.92458100 3.22788500 5.74902700
v -1.92907300 3.22241300 5.32361600
v -1.92907300 3.22241300 5.32361600
v -2.11079000 2.91125200 5.74902700
v -2.11189900 2.90806000 5.53216600
v -2.11189900 2.90806000 5.53216600
v -2.24455400 2.55000900 5.74902700
v -2.24475600 2.54865900 5.66488500
v -2.29493300 2.15803700 5.74902700
v -2.29493300 2.15803700 5.69767900
v -1.08095400 3.79973100 3.59698300
v -1.38243700 3.68082700 3.28056400
v -1.70359600 3.48773900 2.99458900
v -1.95936500 3.22788500 2.72460200
v -2.14325000 2.91125200 2.52387000
v -2.14325000 2.91125200 2.52387000
v -2.27539800 2.55000900 2.39754400
v -2.27539800 2.55000900 2.39754400
v -2.32502300 2.15803700 2.35826400
v -1.08069000 3.79973100 4.41226100
v -1.38193800 3.68082700 4.73950500
v -1.71260500 3.48033800 5.04328400
v -1.71260500 3.48033800 5.04328400
v -1.96430400 3.22199200 5.28871000
v -1.96430400 3.22199200 5.28871000
v -2.14441000 2.90759200 5.49935900
v -2.14441000 2.90759200 5.49935900
v -2.27565400 2.54817500 5.63420700
v -2.27565400 2.54817500 5.63420700
v -2.27565400 2.54817500 5.63420700
v -2.32502300 2.15803700 5.66772500
v -2.32502300 2.15803700 5.66772500
v -1.34198400 3.68082700 3.24103700
v -1.34198500 3.68082700 2.31175100
v -1.03996000 3.79973100 2.31175100
v -1.03996000 3.79973100 3.55503000
v -1.66506800 3.48773900 2.95732600
v -1.66506800 3.48773900 2.95732600
v -1.66506800 3.48773900 2.31175100
v -1.92458100 3.22788500 2.68910600
v -1.92458100 3.22788500 2.68910600
v -1.92458100 3.22788500 2.68910600
v -1.92458100 3.22788500 2.31175100
v -2.11079000 2.91125200 2.49118500
v -2.11079000 2.91125200 2.49118500
v -2.11079000 2.91125200 2.31175100
v -9.65675400 2.55000900 2.31175100
v -9.70713100 2.15803700 2.31175100
v -7.63969400 3.79973100 2.31175100
v -7.34238400 3.68082700 2.31175100
v -7.01435300 3.48773900 2.31175100
v -6.74275300 3.22788500 2.31175100
v -6.55644200 2.90871900 2.31175100
v -6.43189800 2.55927100 2.31175100
v -6.38589000 2.16919200 2.31175100
v -2.73046400 2.55000900 2.36685100
v -2.73046400 2.55000900 2.36685100
v -2.73046400 2.55000900 2.31175100
v -2.68008700 2.15803700 2.32827000
v -2.68008700 2.15803700 2.32827000
v -2.68008700 2.15803700 2.31175100
v -4.74752400 3.79973100 3.55487300
v -4.74752400 3.79973100 2.31175100
v -5.04483400 3.68082700 3.24098700
v -5.04483400 3.68082700 2.31175100
v -5.37286500 3.48773900 2.95755200
v -5.37286500 3.48773900 2.31175100
v -5.64446500 3.22788500 2.68924300
v -5.64446500 3.22788500 2.68924300
v -5.64446500 3.22788500 2.31175100
v -5.82985700 2.91086000 2.49098700
v -5.82985700 2.91086000 2.49098700
v -5.83077600 2.90871900 2.31175100
v -5.95490100 2.56085600 2.37073000
v -5.95532000 2.55927100 2.31175100
v -6.00130000 2.16945400 2.32938800
v -6.00132800 2.16919200 2.31175100
v -2.24455400 2.55000900 2.36685100
v -2.24455400 2.55000900 2.36685100
v -2.24455400 2.55000900 2.31175100
v -2.29493300 2.15803700 2.32827000
v -2.29493300 2.15803700 2.32827000
v -2.29493300 2.15803700 2.31175100
v -11.92951400 3.79973100 4.41226100
v -11.92951400 3.79973100 5.74902700
v -12.33715000 3.83987900 5.74902700
v -12.33715000 3.83987900 4.00461800
v -11.53754200 3.68082700 4.73950500
v -11.53754200 3.68082700 5.74902700
v -11.16723300 3.48029900 5.04332100
v -11.17629800 3.48773900 5.74902700
v -10.85480500 3.22196400 5.28872900
v -10.85966400 3.22788500 5.74902700
v -10.59853600 2.90757700 5.49936500
v -10.59853600 2.90757700 5.49936500
v -10.59981100 2.91125200 5.74902700
v -10.47412500 2.54816700 5.63420700
v -10.47412500 2.54816700 5.63420700
v -10.47440100 2.55000900 5.74902700
v -10.41566700 2.15803700 5.66772500
v -10.41566700 2.15803700 5.66772500
v -10.41566700 2.15803700 5.74902700
v -14.25256300 2.15934700 5.66761100
v -14.25256300 2.15934700 5.66761100
v -14.29452400 2.15803700 5.66772500
v -14.29452400 2.55000900 5.63404900
v -14.21024700 2.54284600 5.63433100
v -14.21024700 2.54284600 5.63433100
v -14.29452400 2.91125200 5.49798000
v -14.05704800 2.90436200 5.49992100
v -14.05704800 2.90436200 5.49992100
v -14.29452400 3.22788500 5.28474100
v -13.80848400 3.23293200 5.27991300
v -14.29452400 3.48773900 5.03620400
v -13.48718500 3.49352000 5.02732000
v -14.29452400 3.68082800 4.73950300
v -13.13676000 3.68082700 4.73950500
v -14.29452400 3.79973100 4.41225800
v -12.74478800 3.79973100 4.41226100
v -14.29452400 3.83988000 4.00462200
v -12.74478800 3.79973100 3.59698300
v -14.29452400 3.79973100 3.59698400
v -11.92951400 3.79973100 3.59698300
v -11.53754200 3.68082700 3.28056400
v -11.17629800 3.48773900 2.99458900
v -10.85966400 3.22788500 2.72460200
v -10.59981100 2.91125200 2.52387000
v -10.59981100 2.91125200 2.52387000
v -10.47440100 2.55000900 2.39754400
v -10.47440100 2.55000900 2.39754400
v -10.41566700 2.15803700 2.35826400
v -10.41566700 2.15803700 2.35826400
v -10.47440100 2.55000900 1.50187000
v -10.47440100 2.55000900 1.50187000
v -10.59981100 2.91125200 1.37645900
v -10.59981100 2.91125200 1.37645900
v -10.41566700 2.15803700 1.56060300
v -10.41566700 2.15803700 1.56060300
v -14.21119400 2.53754200 1.50373700
v -14.21119400 2.53754200 1.50373700
v -14.25270800 2.15803700 1.56060200
v -14.25270800 2.15803700 1.56060200
v -14.29452400 2.15803600 1.56060300
v -14.29452400 2.55000800 1.50187000
v -14.29452400 2.91125200 1.37646000
v -14.06067600 2.89760100 1.38119800
v -14.06067600 2.89760100 1.38119800
v -14.29452400 3.22788500 1.11660600
v -14.29452400 3.22788500 1.11660600
v -13.81463400 3.22788500 1.11660500
v -13.81463400 3.22788500 1.11660500
v -14.29452400 3.48773800 0.79997300
v -13.49800000 3.48773900 0.79997300
v -14.29452400 3.68082700 0.43873000
v -13.13676000 3.68082700 0.43872900
v -14.29452400 3.79973000 0.04675800
v -12.74478800 3.79973100 0.04675500
v -12.74478800 3.79973100 5.74902700
v -13.13676000 3.68082700 5.74902700
v -13.49800000 3.48773900 5.74902700
v -13.81463400 3.22788500 5.74902700
v -14.05482200 2.91125300 5.74902700
v -14.20983200 2.55000900 5.74902700
v -14.25270800 2.15803700 5.74902700
v -13.13676000 3.68082700 3.28056400
v -14.29452400 3.68082800 3.28056500
v -13.49800000 3.48773900 2.99459000
v -14.29452400 3.48773900 2.99459000
v -13.81463400 3.22788500 2.72460200
v -13.81463400 3.22788500 2.72460200
v -14.29452400 3.22788500 2.72460200
v -14.29452400 3.22788500 2.72460200
v -14.05482200 2.91125300 2.52387000
v -14.05482200 2.91125300 2.52387000
v -14.29452400 2.91125300 2.52387100
v -14.20481900 2.56168800 2.40162800
v -14.20481900 2.56168800 2.40162800
v -14.29452400 2.55001000 2.39754400
v -14.25141100 2.16990100 2.35945300
v -14.25141100 2.16990100 2.35945300
v -14.29452400 2.15803800 2.35826400
v -12.33715000 3.83987900 -0.35122800
v -12.32750100 3.83892900 -0.35122800
v -11.92951400 3.79973100 0.04675500
v -11.53754200 3.68082700 0.43872900
v -11.17629800 3.48773900 0.79997300
v -10.85966400 3.22788500 1.11660600
v -10.06139900 2.55000900 1.50187000
v -10.06139900 2.15803700 1.56060300
v -10.06139900 2.91125200 1.37645900
v -10.06139900 3.22788500 1.11660600
v -10.06139900 3.48773900 0.79997300
v -10.06139900 3.68082700 0.43872900
v -10.06139900 3.79973100 0.04675600
v -10.06139900 3.83892900 -0.35122800
v 13.02201700 3.83892900 -0.35122800
v 11.11639900 3.83892900 -0.35122800
v -14.29452400 3.83892900 -0.35122800
v -12.34679800 3.83892900 -0.35122800
v 11.06464400 3.83987900 4.00461800
v 6.77182600 3.83987900 4.00461800
v 3.07038100 3.83987900 4.00461800
v -4.34288700 3.83987900 4.00461800
v 7.17965300 3.79973100 -5.15695800
v 6.77182600 3.83987900 -4.74925400
v 6.77182600 3.83987900 -6.45148300
v 7.17965300 3.79973100 -6.45148300
v 7.48167700 3.68082700 -5.48204300
v 7.48167700 3.68082700 -6.45148300
v 7.81335800 3.48068400 -5.78229000
v 7.80476200 3.48773900 -6.45148300
v 8.06876700 3.22241300 -6.02607300
v 8.06876700 3.22241300 -6.02607300
v 8.06427500 3.22788500 -6.45148300
v 8.25159200 2.90806000 -6.23462300
v 8.25159200 2.90806000 -6.23462300
v 8.25048300 2.91125200 -6.45148300
v 8.38444900 2.54865900 -6.36734300
v 8.38424700 2.55000900 -6.45148300
v 8.43462600 2.15803700 -6.40013500
v 8.43462600 2.15803700 -6.45148300
v 5.08227800 2.15931500 -6.37007100
v 5.08227800 2.15931500 -6.37007100
v 5.12390800 2.54301600 -6.33678200
v 5.12390800 2.54301600 -6.33678200
v 5.12390800 2.54301600 -6.33678200
v 4.92110400 2.54413900 -6.33673700
v 4.92110400 2.15914700 -6.37008400
v 5.25053100 2.90451900 -6.20233300
v 5.25053100 2.90451900 -6.20233300
v 4.92110400 2.90611600 -6.20188200
v 5.44099500 3.23282200 -5.98247600
v 4.92110400 3.23119700 -5.98403000
v 5.71344100 3.49340000 -5.72996100
v 4.92110400 3.49097800 -5.73368400
v 6.02994400 3.68082700 -5.44196100
v 4.92110400 3.68082700 -5.44196000
v 6.32661100 3.79973100 -5.11471800
v 4.92110400 3.79973100 -5.11471600
v 6.72987300 3.83987900 -4.70707400
v 4.92110400 3.83988000 -4.70707600
v 6.32635200 3.79973100 -4.29944000
v 4.92110400 3.79973100 -4.29944000
v 7.22071000 3.79973100 -4.29944000
v 6.81394300 3.83987900 -4.70707400
v 8.78889300 3.83988000 -4.70707600
v 8.78889300 3.79973100 -4.29944000
v 7.52213000 3.68082700 -3.98302100
v 8.78889300 3.68082800 -3.98302100
v 7.84329000 3.48773900 -3.69704600
v 8.78889300 3.48773900 -3.69704600
v 8.09905800 3.22788500 -3.42705800
v 8.78889300 3.22788500 -3.42705800
v 8.28294300 2.91125200 -3.22632700
v 8.28294300 2.91125200 -3.22632700
v 8.78889300 2.91125300 -3.22632700
v 8.41509200 2.55000900 -3.10000100
v 8.41509200 2.55000900 -3.10000100
v 8.78889300 2.55000900 -3.10000100
v 8.46471600 2.15803700 -3.06072000
v 8.78889300 2.15803700 -3.06072000
v 6.36718800 3.79973100 -5.15718600
v 6.36718800 3.79973100 -6.45148300
v 6.06987800 3.68082700 -5.48216400
v 6.06987800 3.68082700 -6.45148300
v 5.75210400 3.49322100 -5.76707300
v 5.74184700 3.48773900 -6.45148300
v 5.47593000 3.23255000 -6.01787600
v 5.47593000 3.23255000 -6.01787600
v 5.47024600 3.22788500 -6.45148300
v 5.28308700 2.90526400 -6.23495500
v 5.28308700 2.90526400 -6.23495500
v 5.28502400 2.91125300 -6.45148300
v 5.15471300 2.54474300 -6.36716600
v 5.15501900 2.55000900 -6.45148300
v 5.11225500 2.15886400 -6.40006700
v 5.11216400 2.15803700 -6.45148300
v 6.02942000 3.68082700 -3.98302100
v 4.92110400 3.68082700 -3.98302100
v 5.70288600 3.48773900 -3.69704600
v 4.92110400 3.48773900 -3.69704700
v 5.43521600 3.22788500 -3.42705800
v 4.92110400 3.22788500 -3.42705800
v 5.25264200 2.91125300 -3.22632700
v 5.25264200 2.91125300 -3.22632700
v 4.92110400 2.91125300 -3.22632700
v 5.12919600 2.56141000 -3.10398700
v 5.12919600 2.56141000 -3.10398700
v 5.12919600 2.56141000 -3.10398700
v 4.92110400 2.55953900 -3.10333300
v 5.08337300 2.16961600 -3.06188000
v 5.08337300 2.16961600 -3.06188000
v 4.92110400 2.16807800 -3.06172600
v 7.22044600 3.79973100 -5.11471800
v 8.78889300 3.79973100 -5.11471800
v 7.52163100 3.68082700 -5.44196100
v 8.78889300 3.68082800 -5.44196100
v 7.85230000 3.48033800 -5.74574100
v 8.78889300 3.48128100 -5.74483800
v 8.10399700 3.22199200 -5.99116700
v 8.78889300 3.22254600 -5.99079300
v 8.28410300 2.90759200 -6.20181500
v 8.28410300 2.90759200 -6.20181500
v 8.78889300 2.90783000 -6.20172600
v 8.41534800 2.54817500 -6.33666300
v 8.41534800 2.54817500 -6.33666300
v 8.41534800 2.54817500 -6.33666300
v 8.78889300 2.54826600 -6.33665600
v 8.46471600 2.15803700 -6.37018100
v 8.46471600 2.15803700 -6.37018100
v 8.78889300 2.15803700 -6.37018100
v 7.17965300 3.79973100 -4.25755100
v 7.17965300 3.79973100 -3.01420800
v 6.77182600 3.83987900 -3.01420800
v 6.77182600 3.83987900 -4.66489500
v 7.48167700 3.68082700 -3.94349400
v 7.48167700 3.68082700 -3.01420800
v 7.80476200 3.48773900 -3.65978300
v 7.80476200 3.48773900 -3.01420800
v 8.06427500 3.22788500 -3.39156300
v 8.06427500 3.22788500 -3.39156300
v 8.06427500 3.22788500 -3.01420800
v 8.25048300 2.91125200 -3.19364200
v 8.25048300 2.91125200 -3.19364200
v 8.25048300 2.91125200 -3.01420800
v 2.66255300 3.79973100 -5.15695800
v 2.66255300 3.79973100 -6.45148300
v 3.07038100 3.83987900 -6.45148300
v 3.07038100 3.83987900 -4.74925400
v 2.36052900 3.68082700 -5.48204300
v 2.36052900 3.68082700 -6.45148300
v 2.02884900 3.48068400 -5.78229000
v 2.03744500 3.48773900 -6.45148300
v 1.77344000 3.22241300 -6.02607300
v 1.77344000 3.22241300 -6.02607300
v 1.77793200 3.22788500 -6.45148300
v 1.59061500 2.90806000 -6.23462300
v 1.59061500 2.90806000 -6.23462300
v 1.59172200 2.91125200 -6.45148300
v 1.45775600 2.54865900 -6.36734300
v 1.45795800 2.55000900 -6.45148300
v 1.40758100 2.15803700 -6.40013500
v 1.40758100 2.15803700 -6.45148300
v 4.75992900 2.15931500 -6.37007100
v 4.75992900 2.15931500 -6.37007100
v 4.71829800 2.54301600 -6.33678200
v 4.71829800 2.54301600 -6.33678200
v 4.71829800 2.54301600 -6.33678200
v 4.59167500 2.90451900 -6.20233300
v 4.59167500 2.90451900 -6.20233300
v 4.40121100 3.23282200 -5.98247600
v 4.12876600 3.49340000 -5.72996100
v 3.81226200 3.68082700 -5.44196100
v 3.51559600 3.79973100 -5.11471800
v 3.11233400 3.83987900 -4.70707400
v 3.51585400 3.79973100 -4.29944000
v 2.62149600 3.79973100 -4.29944000
v 1.21500400 3.79973100 -4.29944000
v 1.21500400 3.83988000 -4.70707600
v 3.02826400 3.83987900 -4.70707400
v 2.32007600 3.68082700 -3.98302100
v 1.21500400 3.68082800 -3.98302100
v 1.99891700 3.48773900 -3.69704600
v 1.21500400 3.48773900 -3.69704600
v 1.74314900 3.22788500 -3.42705800
v 1.21500400 3.22788500 -3.42705800
v 1.55926300 2.91125200 -3.22632700
v 1.55926300 2.91125200 -3.22632700
v 1.21500400 2.91125200 -3.22632700
v 1.42711400 2.55000900 -3.10000100
v 1.42711400 2.55000900 -3.10000100
v 1.21500400 2.55000900 -3.10000100
v 1.37749100 2.15803700 -3.06072000
v 1.21500400 2.15803700 -3.06072000
v 3.47501800 3.79973100 -5.15718600
v 3.47501800 3.79973100 -6.45148300
v 3.77232800 3.68082700 -5.48216400
v 3.77232800 3.68082700 -6.45148300
v 4.09010200 3.49322100 -5.76707300
v 4.10035900 3.48773900 -6.45148300
v 4.36627600 3.23255000 -6.01787600
v 4.36627600 3.23255000 -6.01787600
v 4.37196000 3.22788500 -6.45148300
v 4.55911900 2.90526400 -6.23495500
v 4.55911900 2.90526400 -6.23495500
v 4.55718300 2.91125300 -6.45148300
v 4.68749300 2.54474300 -6.36716600
v 4.68718800 2.55000900 -6.45148300
v 4.73004200 2.15803700 -6.45148300
v 4.72995200 2.15886400 -6.40006700
v 3.81278700 3.68082700 -3.98302100
v 4.13932000 3.48773900 -3.69704600
v 4.40699100 3.22788500 -3.42705800
v 4.58956500 2.91125300 -3.22632700
v 4.58956500 2.91125300 -3.22632700
v 4.71301100 2.56141000 -3.10398700
v 4.71301100 2.56141000 -3.10398700
v 4.71301100 2.56141000 -3.10398700
v 4.75883300 2.16961600 -3.06188000
v 4.75883300 2.16961600 -3.06188000
v 2.62176100 3.79973100 -5.11471800
v 1.21500400 3.79973100 -5.11471800
v 2.32057500 3.68082700 -5.44196100
v 1.21500400 3.68082800 -5.44196100
v 1.98990700 3.48033800 -5.74574100
v 1.98990700 3.48033800 -5.74574100
v 1.21500400 3.48111800 -5.74499300
v 1.73821000 3.22199200 -5.99116700
v 1.73821000 3.22199200 -5.99116700
v 1.21500400 3.22241500 -5.99088100
v 1.55810300 2.90759200 -6.20181500
v 1.55810300 2.90759200 -6.20181500
v 1.21500400 2.90775400 -6.20175400
v 1.42685800 2.54817500 -6.33666300
v 1.42685800 2.54817500 -6.33666300
v 1.42685800 2.54817500 -6.33666300
v 1.21500400 2.54822600 -6.33665900
v 1.37749100 2.15803700 -6.37018100
v 1.37749100 2.15803700 -6.37018100
v 1.21500400 2.15803700 -6.37018100
v 2.66255300 3.79973100 -4.25755100
v 3.07038100 3.83987900 -4.66489500
v 3.07038100 3.83987900 -3.01420800
v 2.66255300 3.79973100 -3.01420800
v 2.36052900 3.68082700 -3.94349400
v 2.36052900 3.68082700 -3.01420800
v 2.03744500 3.48773900 -3.65978300
v 2.03744500 3.48773900 -3.65978300
v 2.03744500 3.48773900 -3.01420800
v 1.77793200 3.22788500 -3.39156300
v 1.77793200 3.22788500 -3.39156300
v 1.77793200 3.22788500 -3.39156300
v 1.77793200 3.22788500 -3.01420800
v 1.59172200 2.91125200 -3.19364200
v 1.59172200 2.91125200 -3.19364200
v 1.59172200 2.91125200 -3.01420800
v 0.06947800 3.68082700 -5.48204300
v -0.23254600 3.79973100 -5.15702300
v -0.23254600 3.79973100 -6.45148300
v 0.06947800 3.68082700 -6.45148300
v 0.40115700 3.48068400 -5.78229000
v 0.39256200 3.48773900 -6.45148300
v 0.65656700 3.22241300 -6.02607300
v 0.65656700 3.22241300 -6.02607300
v 0.65207600 3.22788500 -6.45148300
v 0.83939300 2.90806000 -6.23462300
v 0.83939300 2.90806000 -6.23462300
v 0.83828400 2.91125200 -6.45148300
v 0.97225000 2.54865900 -6.36734300
v 0.97204800 2.55000900 -6.45148300
v 1.02242700 2.15803700 -6.40013500
v 1.02242700 2.15803700 -6.45148300
v -0.19155200 3.79973100 -4.29944000
v -0.63625300 3.83979600 -4.70707400
v 0.10993100 3.68082700 -3.98302100
v 0.43109000 3.48773900 -3.69704600
v 0.68685900 3.22788500 -3.42705800
v 0.87074400 2.91125200 -3.22632700
v 0.87074400 2.91125200 -3.22632700
v 1.00289200 2.55000900 -3.10000100
v 1.00289200 2.55000900 -3.10000100
v 1.05251600 2.15803700 -3.06072000
v -0.19181600 3.79973100 -5.11471800
v 0.10943200 3.68082700 -5.44196100
v 0.44009900 3.48033800 -5.74574100
v 0.44009900 3.48033800 -5.74574100
v 0.69179700 3.22199200 -5.99116700
v 0.69179700 3.22199200 -5.99116700
v 0.87190500 2.90759200 -6.20181500
v 0.87190500 2.90759200 -6.20181500
v 1.00314800 2.54817500 -6.33666300
v 1.00314800 2.54817500 -6.33666300
v 1.00314800 2.54817500 -6.33666300
v 1.05251600 2.15803700 -6.37018100
v 1.05251600 2.15803700 -6.37018100
v 0.06947800 3.68082700 -3.94349400
v 0.06947900 3.68082700 -3.01420800
v -0.23254600 3.79973100 -3.01420800
v -0.23254600 3.79973100 -4.25748600
v 0.39256200 3.48773900 -3.65978300
v 0.39256200 3.48773900 -3.65978300
v 0.39256200 3.48773900 -3.01420800
v 0.65207600 3.22788500 -3.39156300
v 0.65207600 3.22788500 -3.39156300
v 0.65207600 3.22788500 -3.39156300
v 0.65207600 3.22788500 -3.01420800
v 0.83828400 2.91125200 -3.19364200
v 0.83828400 2.91125200 -3.19364200
v 0.83828400 2.91125200 -3.01420800
v 8.38424700 2.55000900 -3.06930700
v 8.38424700 2.55000900 -3.06930700
v 8.38424700 2.55000900 -3.01420800
v 8.43462600 2.15803700 -3.03072700
v 8.43462600 2.15803700 -3.03072700
v 8.43462600 2.15803700 -3.01420800
v 6.36718800 3.79973100 -4.25732900
v 6.36718800 3.79973100 -3.01420800
v 6.06987800 3.68082700 -3.94344300
v 6.06987800 3.68082700 -3.01420800
v 5.74184700 3.48773900 -3.66000800
v 5.74184700 3.48773900 -3.01420800
v 5.47024600 3.22788500 -3.39170000
v 5.47024600 3.22788500 -3.39170000
v 5.47024600 3.22788500 -3.01420800
v 5.28485500 2.91086000 -3.19344400
v 5.28485500 2.91086000 -3.19344400
v 5.28393700 2.90871900 -3.01420800
v 5.15981100 2.56085600 -3.07318600
v 5.15939100 2.55927100 -3.01420800
v 5.11341200 2.16945400 -3.03184500
v 5.11338400 2.16919200 -3.01420800
v 1.45795800 2.55000900 -3.06930700
v 1.45795800 2.55000900 -3.06930700
v 1.45795800 2.55000900 -3.01420800
v 1.40758100 2.15803700 -3.03072700
v 1.40758100 2.15803700 -3.03072700
v 1.40758100 2.15803700 -3.01420800
v 3.47501800 3.79973100 -4.25732900
v 3.47501800 3.79973100 -3.01420800
v 3.77232800 3.68082700 -3.94344300
v 3.77232800 3.68082700 -3.01420800
v 4.10035900 3.48773900 -3.66000800
v 4.10035900 3.48773900 -3.01420800
v 4.37196000 3.22788500 -3.39170000
v 4.37196000 3.22788500 -3.39170000
v 4.37196000 3.22788500 -3.01420800
v 4.55735100 2.91086000 -3.19344400
v 4.55735100 2.91086000 -3.19344400
v 4.55827000 2.90871900 -3.01420800
v 4.68239600 2.56085600 -3.07318600
v 4.68281400 2.55927100 -3.01420800
v 4.72879400 2.16945400 -3.03184500
v 4.72882300 2.16919200 -3.01420800
v 0.97204800 2.55000900 -3.06930700
v 0.97204800 2.55000900 -3.06930700
v 0.97204800 2.55000900 -3.01420800
v 1.02242700 2.15803700 -3.03072700
v 1.02242700 2.15803700 -3.03072700
v 1.02242700 2.15803700 -3.01420800
v 10.65700600 3.79973100 -5.15482500
v 10.65700600 3.79973100 -6.45148300
v 11.06464400 3.83987900 -6.45148300
v 11.06464400 3.83987900 -4.74918200
v 10.26503400 3.68082700 -5.47945700
v 10.26503400 3.68082700 -6.45148300
v 9.89518200 3.48067300 -5.78122300
v 9.90379200 3.48773900 -6.45148300
v 9.58265700 3.22240100 -6.02512500
v 9.58715900 3.22788500 -6.45148300
v 9.32619400 2.90805400 -6.23424200
v 9.32619400 2.90805400 -6.23424200
v 9.32730500 2.91125200 -6.45148300
v 9.20169300 2.54865900 -6.36735400
v 9.20169300 2.54865900 -6.36735400
v 9.20189500 2.55000900 -6.45148300
v 9.14316100 2.15803700 -6.40013500
v 9.14316100 2.15803700 -6.45148300
v 13.01018800 2.15840600 -6.37014900
v 13.02201700 2.15803700 -6.37018100
v 13.02201700 2.55000900 -6.33650500
v 12.96815900 2.54543100 -6.33668600
v 13.02201700 2.91125200 -6.20043700
v 12.81769200 2.90532400 -6.20210600
v 13.02201700 3.22788500 -5.98719700
v 12.57387500 3.23253900 -5.98274700
v 13.02201700 3.48773900 -5.73866100
v 12.25642500 3.49322100 -5.73023600
v 13.02201700 3.68082800 -5.44196000
v 11.90803000 3.68082700 -5.44196100
v 13.02201700 3.79973100 -5.11471500
v 11.51578200 3.79973100 -5.11471800
v 13.02201700 3.83988000 -4.70707800
v 11.10675000 3.83987900 -4.70707400
v 11.51614900 3.79973100 -4.29944000
v 13.02201700 3.79973100 -4.29944100
v 10.61313800 3.79973100 -4.29944000
v 11.02253700 3.83987900 -4.70707400
v 10.22059600 3.68082700 -3.98302100
v 9.86270100 3.48773900 -3.69704600
v 9.54949000 3.22788500 -3.42705800
v 9.54949000 3.22788500 -3.42705800
v 9.29353300 2.91125200 -3.22632700
v 9.29353300 2.91125200 -3.22632700
v 9.17111000 2.55000900 -3.10000100
v 9.17111000 2.55000900 -3.10000100
v 9.11298600 2.15803700 -3.06072000
v 9.11298600 2.15803700 -3.06072000
v 9.20189500 2.55000900 -2.23511100
v 9.20189500 2.55000900 -2.23511100
v 9.20189500 2.55000900 -2.23511100
v 9.20189500 2.55000900 -3.06929700
v 9.20189500 2.55000900 -3.06929700
v 9.32730500 2.91125200 -3.19400400
v 9.32730500 2.91125200 -3.19400400
v 9.32730500 2.91125200 -2.11223600
v 9.32730500 2.91125200 -2.11223600
v 9.32730500 2.91125200 -2.11223600
v 9.14316100 2.15803700 -2.29323100
v 9.14316100 2.15803700 -2.29323100
v 9.14316100 2.15803700 -3.03072800
v 12.96860400 2.54201800 -2.20552400
v 12.96860400 2.54201800 -2.20552400
v 13.01022200 2.15803600 -2.26305900
v 13.02201700 2.15803600 -2.26305900
v 13.02201700 2.55000800 -2.20432600
v 13.02201700 2.91125200 -2.07891600
v 12.82051300 2.89948900 -2.08300000
v 12.82051300 2.89948900 -2.08300000
v 13.02201700 3.22788500 -1.81906300
v 13.02201700 3.22788500 -1.81906300
v 12.57821700 3.22788500 -1.81906200
v 12.57821700 3.22788500 -1.81906200
v 13.02201700 3.48773800 -1.50243000
v 12.26424100 3.48773900 -1.50242900
v 13.02201700 3.68082700 -1.14118600
v 11.90479900 3.68082700 -1.14118600
v 13.02201700 3.79973000 -0.74921500
v 11.51398800 3.79973100 -0.74921200
v 11.47228100 3.79973100 -5.15482500
v 11.47228100 3.79973100 -6.45148300
v 11.86425300 3.68082700 -5.47948200
v 11.86425300 3.68082700 -6.45148300
v 12.21522500 3.49322900 -5.76608400
v 12.22549600 3.48773900 -6.45148300
v 12.53643300 3.23255900 -6.01710000
v 12.53643300 3.23255900 -6.01710000
v 12.54212900 3.22788500 -6.45148300
v 12.78425300 2.90525500 -6.23465000
v 12.78425300 2.90525500 -6.23465000
v 12.78425300 2.90525500 -6.23465000
v 12.78231200 2.91125300 -6.45148300
v 12.93763100 2.54474200 -6.36713900
v 12.93763100 2.54474200 -6.36713900
v 12.93763100 2.54474200 -6.36713900
v 12.93732300 2.55000900 -6.45148300
v 12.98020100 2.15803700 -6.45148300
v 12.98011100 2.15886400 -6.40006700
v 12.98011100 2.15886400 -6.40006700
v 11.90869100 3.68082700 -3.98302100
v 13.02201700 3.68082800 -3.98302200
v 12.26658700 3.48773900 -3.69704600
v 13.02201700 3.48773900 -3.69704700
v 12.57934400 3.22788500 -3.42705800
v 12.57934400 3.22788500 -3.42705800
v 13.02201700 3.22788500 -3.42705900
v 13.02201700 3.22788500 -3.42705900
v 12.81609700 2.91125300 -3.22632700
v 12.81609700 2.91125300 -3.22632700
v 13.02201700 2.91125300 -3.22632700
v 12.96457800 2.55748700 -3.10261500
v 12.96457800 2.55748700 -3.10261500
v 13.02201700 2.55001000 -3.10000100
v 13.00997300 2.16135200 -3.06105300
v 13.02201700 2.15803800 -3.06072100
v 10.61350500 3.79973100 -5.11471800
v 10.22129200 3.68082700 -5.44196100
v 9.85366500 3.48033600 -5.74574200
v 9.54450000 3.22199200 -5.99116700
v 9.54450000 3.22199200 -5.99116700
v 9.29240700 2.90759300 -6.20181500
v 9.29240700 2.90759300 -6.20181500
v 9.17085100 2.54817400 -6.33666300
v 9.17085100 2.54817400 -6.33666300
v 9.11298500 2.15803700 -6.37018100
v 9.11298500 2.15803700 -6.37018100
v 11.06464400 3.83987900 -4.66496700
v 10.65700600 3.79973100 -0.79091900
v 10.65700600 3.79973100 -4.25958900
v 11.86425300 3.68082700 -1.18173100
v 11.47228100 3.79973100 -0.79091800
v 11.47228100 3.79973100 -4.25958900
v 11.86425300 3.68082700 -3.94596900
v 10.26503400 3.68082700 -1.18173100
v 10.26503400 3.68082700 -3.94596900
v 12.22549600 3.48773900 -1.54117500
v 12.22549600 3.48773900 -3.66097400
v 9.90379200 3.48773900 -1.54117500
v 9.90379200 3.48773900 -3.66097400
v 12.54212900 3.22788500 -1.85564400
v 12.54212900 3.22788500 -1.85564400
v 12.54212900 3.22788500 -3.39248600
v 12.54212900 3.22788500 -3.39248600
v 9.58715900 3.22788500 -1.85557700
v 9.58715900 3.22788500 -1.85557700
v 9.58715900 3.22788500 -3.39258900
v 12.78800200 2.89799700 -2.11676600
v 12.78800200 2.89799700 -2.11676600
v 12.78247900 2.91086400 -3.19377800
v 12.78247900 2.91086400 -3.19377800
v 12.93253200 2.56085800 -3.07322700
v 12.93253200 2.56085800 -3.07322700
v 12.93846900 2.53836300 -2.23672400
v 12.93846900 2.53836300 -2.23672400
v 12.97895300 2.16945400 -3.03184500
v 12.97895300 2.16945400 -3.03184500
v 12.98015400 2.15848400 -2.29316800
v 12.98015400 2.15848400 -2.29316800
v 9.11299000 2.15803700 -2.26305900
v 9.17111100 2.55000900 -2.20432600
v 8.78889300 2.55000900 -2.20432600
v 8.78889300 2.15803700 -2.26305900
v 9.29398500 2.91125200 -2.07891600
v 8.78889300 2.91125200 -2.07891600
v 9.55064500 3.22788500 -1.81906200
v 8.78889300 3.22788500 -1.81906200
v 9.86504500 3.48773900 -1.50242900
v 8.78889300 3.48773900 -1.50243000
v 10.22448900 3.68082700 -1.14118500
v 8.78889300 3.68082700 -1.14118500
v 10.61529900 3.79973100 -0.74921200
v 8.78889300 3.79973100 -0.74921200
v -0.63625300 3.83947400 -6.45148300
v -0.63625300 3.83963500 -4.75090100
v -0.63625300 3.83947400 -3.01420800
v -0.63625300 3.83963500 -4.66324800
v -8.45215800 3.79973100 -5.11471800
v -8.45215800 3.79973100 -6.45148300
v -8.04433200 3.83987900 -6.45148300
v -8.04433200 3.83987900 -4.70707400
v -8.75418300 3.68082700 -5.44196100
v -8.75418300 3.68082700 -6.45148300
v -9.08633300 3.48029900 -5.74577800
v -9.07726800 3.48773900 -6.45148300
v -9.34164200 3.22196400 -5.99118500
v -9.33678100 3.22788500 -6.45148300
v -9.52426500 2.90757700 -6.20182100
v -9.52426500 2.90757700 -6.20182100
v -9.52299000 2.91125200 -6.45148300
v -9.65703000 2.54816700 -6.33666400
v -9.65703000 2.54816700 -6.33666400
v -9.65675400 2.55000900 -6.45148300
v -9.70713100 2.15803700 -6.37018100
v -9.70713100 2.15803700 -6.37018100
v -9.70713100 2.15803700 -6.45148300
v -6.38481300 2.15934700 -6.37006800
v -6.38481300 2.15934700 -6.37006800
v -6.19361000 2.15914700 -6.37008400
v -6.19361000 2.54413900 -6.33673700
v -6.42710800 2.54284600 -6.33678800
v -6.42710800 2.54284600 -6.33678800
v -6.19361000 2.90611600 -6.20188200
v -6.55530200 2.90436200 -6.20237700
v -6.55530200 2.90436200 -6.20237700
v -6.19361000 3.23119700 -5.98403000
v -6.74890300 3.23293200 -5.98236900
v -6.19361000 3.49097800 -5.73368400
v -7.02516800 3.49352000 -5.72977700
v -6.19361000 3.68082700 -5.44196000
v -7.34238400 3.68082700 -5.44196100
v -6.19361000 3.79973100 -5.11471600
v -7.63969400 3.79973100 -5.11471800
v -6.19361000 3.83988000 -4.70707600
v -7.63969400 3.79973100 -4.29944000
v -6.19361000 3.79973100 -4.29944000
v -8.45215800 3.79973100 -4.29944000
v -10.06139900 3.79973100 -4.29944000
v -10.06139900 3.83988000 -4.70707600
v -8.75418300 3.68082700 -3.98302100
v -10.06139900 3.68082800 -3.98302100
v -9.07726800 3.48773900 -3.69704600
v -10.06139900 3.48773900 -3.69704600
v -9.33678100 3.22788500 -3.42705800
v -10.06139900 3.22788500 -3.42705800
v -9.52299000 2.91125200 -3.22632700
v -9.52299000 2.91125200 -3.22632700
v -10.06139900 2.91125300 -3.22632700
v -9.65675400 2.55000900 -3.10000100
v -9.65675400 2.55000900 -3.10000100
v -10.06139900 2.55000900 -3.10000100
v -9.70713100 2.15803700 -3.06072000
v -9.70713100 2.15803700 -3.06072000
v -10.06139900 2.15803700 -3.06072000
v -7.63969400 3.79973100 -6.45148300
v -7.34238400 3.68082700 -6.45148300
v -7.01435300 3.48773900 -6.45148300
v -6.74275300 3.22788500 -6.45148300
v -6.55753100 2.91125300 -6.45148300
v -6.42752400 2.55000900 -6.45148300
v -6.38467000 2.15803700 -6.45148300
v -7.34238400 3.68082700 -3.98302100
v -6.19361000 3.68082700 -3.98302100
v -7.01435300 3.48773900 -3.69704600
v -6.19361000 3.48773900 -3.69704700
v -6.74275300 3.22788500 -3.42705800
v -6.19361000 3.22788500 -3.42705800
v -6.55753100 2.91125300 -3.22632700
v -6.55753100 2.91125300 -3.22632700
v -6.19361000 2.91125300 -3.22632700
v -6.43253700 2.56168800 -3.10408400
v -6.43253700 2.56168800 -3.10408400
v -6.19361000 2.55953900 -3.10333300
v -6.38596700 2.16990100 -3.06190900
v -6.38596700 2.16990100 -3.06190900
v -6.19361000 2.16807800 -3.06172600
v -10.06139900 3.79973100 -5.11471800
v -10.06139900 3.68082800 -5.44196100
v -10.06139900 3.48128100 -5.74483800
v -10.06139900 3.22254600 -5.99079300
v -10.06139900 2.90783000 -6.20172600
v -10.06139900 2.54826600 -6.33665600
v -10.06139900 2.15803700 -6.37018100
v -8.04433200 3.83987900 -3.01420800
v -8.45215800 3.79973100 -3.01420800
v -8.75418300 3.68082700 -3.01420800
v -9.07726800 3.48773900 -3.01420800
v -9.33678100 3.22788500 -3.01420800
v -9.52299000 2.91125200 -3.01420800
v -3.93506000 3.79973100 -5.15695800
v -4.34288700 3.83987900 -4.74925400
v -4.34288700 3.83987900 -6.45148300
v -3.93506000 3.79973100 -6.45148300
v -3.63303500 3.68082700 -5.48204300
v -3.63303500 3.68082700 -6.45148300
v -3.30135500 3.48068400 -5.78229000
v -3.30995100 3.48773900 -6.45148300
v -3.04594700 3.22241300 -6.02607300
v -3.04594700 3.22241300 -6.02607300
v -3.05043700 3.22788500 -6.45148300
v -2.86312100 2.90806000 -6.23462300
v -2.86312100 2.90806000 -6.23462300
v -2.86422900 2.91125200 -6.45148300
v -2.73026200 2.54865900 -6.36734300
v -2.73046400 2.55000900 -6.45148300
v -2.68008700 2.15803700 -6.40013500
v -2.68008700 2.15803700 -6.45148300
v -6.03243400 2.15931500 -6.37007100
v -6.03243400 2.15931500 -6.37007100
v -5.99080400 2.54301600 -6.33678200
v -5.99080400 2.54301600 -6.33678200
v -5.99080400 2.54301600 -6.33678200
v -5.86418100 2.90451900 -6.20233300
v -5.86418100 2.90451900 -6.20233300
v -5.67371700 3.23282200 -5.98247600
v -5.40127200 3.49340000 -5.72996100
v -5.08476800 3.68082700 -5.44196100
v -4.78810200 3.79973100 -5.11471800
v -4.38484000 3.83987900 -4.70707400
v -4.78835900 3.79973100 -4.29944000
v -3.89400100 3.79973100 -4.29944000
v -4.30076900 3.83987900 -4.70707400
v -2.48751000 3.83988000 -4.70707600
v -2.48751000 3.79973100 -4.29944000
v -3.59258100 3.68082700 -3.98302100
v -2.48751000 3.68082800 -3.98302100
v -3.27142300 3.48773900 -3.69704600
v -2.48751000 3.48773900 -3.69704600
v -3.01565400 3.22788500 -3.42705800
v -2.48751000 3.22788500 -3.42705800
v -2.83176900 2.91125200 -3.22632700
v -2.83176900 2.91125200 -3.22632700
v -2.48751000 2.91125200 -3.22632700
v -2.69962000 2.55000900 -3.10000100
v -2.69962000 2.55000900 -3.10000100
v -2.48751000 2.55000900 -3.10000100
v -2.64999800 2.15803700 -3.06072000
v -2.48751000 2.15803700 -3.06072000
v -4.74752400 3.79973100 -5.15718600
v -4.74752400 3.79973100 -6.45148300
v -5.04483400 3.68082700 -5.48216400
v -5.04483400 3.68082700 -6.45148300
v -5.36260900 3.49322100 -5.76707300
v -5.37286500 3.48773900 -6.45148300
v -5.63878100 3.23255000 -6.01787600
v -5.63878100 3.23255000 -6.01787600
v -5.64446500 3.22788500 -6.45148300
v -5.83162600 2.90526400 -6.23495500
v -5.83162600 2.90526400 -6.23495500
v -5.82968800 2.91125300 -6.45148300
v -5.96000000 2.54474300 -6.36716600
v -5.95969400 2.55000900 -6.45148300
v -6.00245800 2.15886400 -6.40006700
v -6.00254800 2.15803700 -6.45148300
v -5.08529300 3.68082700 -3.98302100
v -5.41182600 3.48773900 -3.69704600
v -5.67949600 3.22788500 -3.42705800
v -5.86207200 2.91125300 -3.22632700
v -5.86207200 2.91125300 -3.22632700
v -5.98551600 2.56141000 -3.10398700
v -5.98551600 2.56141000 -3.10398700
v -5.98551600 2.56141000 -3.10398700
v -6.03133900 2.16961600 -3.06188000
v -6.03133900 2.16961600 -3.06188000
v -3.89426600 3.79973100 -5.11471800
v -2.48751000 3.79973100 -5.11471800
v -3.59308100 3.68082700 -5.44196100
v -2.48751000 3.68082800 -5.44196100
v -3.26241200 3.48033800 -5.74574100
v -3.26241200 3.48033800 -5.74574100
v -2.48751000 3.48111800 -5.74499300
v -3.01071500 3.22199200 -5.99116700
v -3.01071500 3.22199200 -5.99116700
v -2.48751000 3.22241500 -5.99088100
v -2.83060900 2.90759200 -6.20181500
v -2.83060900 2.90759200 -6.20181500
v -2.48751000 2.90775400 -6.20175400
v -2.69936400 2.54817500 -6.33666300
v -2.69936400 2.54817500 -6.33666300
v -2.69936400 2.54817500 -6.33666300
v -2.48751000 2.54822600 -6.33665900
v -2.64999800 2.15803700 -6.37018100
v -2.64999800 2.15803700 -6.37018100
v -2.48751000 2.15803700 -6.37018100
v -3.93506000 3.79973100 -4.25755100
v -3.93506000 3.79973100 -3.01420800
v -4.34288700 3.83987900 -3.01420800
v -4.34288700 3.83987900 -4.66489500
v -3.63303500 3.68082700 -3.94349400
v -3.63303500 3.68082700 -3.01420800
v -3.30995100 3.48773900 -3.65978300
v -3.30995100 3.48773900 -3.65978300
v -3.30995100 3.48773900 -3.01420800
v -3.05043700 3.22788500 -3.39156300
v -3.05043700 3.22788500 -3.39156300
v -3.05043700 3.22788500 -3.39156300
v -3.05043700 3.22788500 -3.01420800
v -2.86422900 2.91125200 -3.19364200
v -2.86422900 2.91125200 -3.19364200
v -2.86422900 2.91125200 -3.01420800
v -1.34198400 3.68082700 -5.48204300
v -1.34198400 3.68082700 -6.45148300
v -1.03996000 3.79973100 -6.45148300
v -1.03996000 3.79973100 -5.15702300
v -1.67366300 3.48068400 -5.78229000
v -1.66506800 3.48773900 -6.45148300
v -1.92907300 3.22241300 -6.02607300
v -1.92907300 3.22241300 -6.02607300
v -1.92458100 3.22788500 -6.45148300
v -2.11189900 2.90806000 -6.23462300
v -2.11189900 2.90806000 -6.23462300
v -2.11079000 2.91125200 -6.45148300
v -2.24475600 2.54865900 -6.36734300
v -2.24455400 2.55000900 -6.45148300
v -2.29493300 2.15803700 -6.40013500
v -2.29493300 2.15803700 -6.45148300
v -1.08095400 3.79973100 -4.29944000
v -1.38243700 3.68082700 -3.98302100
v -1.70359600 3.48773900 -3.69704600
v -1.95936500 3.22788500 -3.42705800
v -2.14325000 2.91125200 -3.22632700
v -2.14325000 2.91125200 -3.22632700
v -2.27539800 2.55000900 -3.10000100
v -2.27539800 2.55000900 -3.10000100
v -2.32502300 2.15803700 -3.06072000
v -1.08069000 3.79973100 -5.11471800
v -1.38193800 3.68082700 -5.44196100
v -1.71260500 3.48033800 -5.74574100
v -1.71260500 3.48033800 -5.74574100
v -1.96430400 3.22199200 -5.99116700
v -1.96430400 3.22199200 -5.99116700
v -2.14441000 2.90759200 -6.20181500
v -2.14441000 2.90759200 -6.20181500
v -2.27565400 2.54817500 -6.33666300
v -2.27565400 2.54817500 -6.33666300
v -2.27565400 2.54817500 -6.33666300
v -2.32502300 2.15803700 -6.37018100
v -2.32502300 2.15803700 -6.37018100
v -1.34198400 3.68082700 -3.94349400
v -1.03996000 3.79973100 -4.25748600
v -1.03996000 3.79973100 -3.01420800
v -1.34198500 3.68082700 -3.01420800
v -1.66506800 3.48773900 -3.65978300
v -1.66506800 3.48773900 -3.65978300
v -1.66506800 3.48773900 -3.01420800
v -1.92458100 3.22788500 -3.39156300
v -1.92458100 3.22788500 -3.39156300
v -1.92458100 3.22788500 -3.39156300
v -1.92458100 3.22788500 -3.01420800
v -2.11079000 2.91125200 -3.19364200
v -2.11079000 2.91125200 -3.19364200
v -2.11079000 2.91125200 -3.01420800
v -9.65675400 2.55000900 -3.01420800
v -9.70713100 2.15803700 -3.01420800
v -7.63969400 3.79973100 -3.01420800
v -7.34238400 3.68082700 -3.01420800
v -7.01435300 3.48773900 -3.01420800
v -6.74275300 3.22788500 -3.01420800
v -6.55644200 2.90871900 -3.01420800
v -6.43189800 2.55927100 -3.01420800
v -6.38589000 2.16919200 -3.01420800
v -2.73046400 2.55000900 -3.06930700
v -2.73046400 2.55000900 -3.06930700
v -2.73046400 2.55000900 -3.01420800
v -2.68008700 2.15803700 -3.03072700
v -2.68008700 2.15803700 -3.03072700
v -2.68008700 2.15803700 -3.01420800
v -4.74752400 3.79973100 -3.01420800
v -4.74752400 3.79973100 -4.25732900
v -5.04483400 3.68082700 -3.01420800
v -5.04483400 3.68082700 -3.94344300
v -5.37286500 3.48773900 -3.01420800
v -5.37286500 3.48773900 -3.66000800
v -5.64446500 3.22788500 -3.01420800
v -5.64446500 3.22788500 -3.39170000
v -5.64446500 3.22788500 -3.39170000
v -5.83077600 2.90871900 -3.01420800
v -5.82985700 2.91086000 -3.19344400
v -5.82985700 2.91086000 -3.19344400
v -5.95532000 2.55927100 -3.01420800
v -5.95490100 2.56085600 -3.07318600
v -6.00132800 2.16919200 -3.01420800
v -6.00130000 2.16945400 -3.03184500
v -2.24455400 2.55000900 -3.01420800
v -2.24455400 2.55000900 -3.06930700
v -2.24455400 2.55000900 -3.06930700
v -2.29493300 2.15803700 -3.01420800
v -2.29493300 2.15803700 -3.03072700
v -2.29493300 2.15803700 -3.03072700
v -12.33715000 3.83987900 -6.45148300
v -11.92951400 3.79973100 -6.45148300
v -11.92951400 3.79973100 -5.11471800
v -12.33715000 3.83987900 -4.70707400
v -11.53754200 3.68082700 -6.45148300
v -11.53754200 3.68082700 -5.44196100
v -11.17629800 3.48773900 -6.45148300
v -11.16723300 3.48029900 -5.74577800
v -10.85966400 3.22788500 -6.45148300
v -10.85480500 3.22196400 -5.99118500
v -10.59981100 2.91125200 -6.45148300
v -10.59853600 2.90757700 -6.20182100
v -10.59853600 2.90757700 -6.20182100
v -10.47440100 2.55000900 -6.45148300
v -10.47412500 2.54816700 -6.33666400
v -10.47412500 2.54816700 -6.33666400
v -10.41566700 2.15803700 -6.45148300
v -10.41566700 2.15803700 -6.37018100
v -10.41566700 2.15803700 -6.37018100
v -14.29452400 2.55000900 -6.33650500
v -14.29452400 2.15803700 -6.37018100
v -14.25256300 2.15934700 -6.37006800
v -14.25256300 2.15934700 -6.37006800
v -14.21024700 2.54284600 -6.33678800
v -14.21024700 2.54284600 -6.33678800
v -14.29452400 2.91125200 -6.20043700
v -14.05704800 2.90436200 -6.20237700
v -14.05704800 2.90436200 -6.20237700
v -14.29452400 3.22788500 -5.98719700
v -13.80848400 3.23293200 -5.98236900
v -14.29452400 3.48773900 -5.73866100
v -13.48718500 3.49352000 -5.72977700
v -14.29452400 3.68082800 -5.44196000
v -13.13676000 3.68082700 -5.44196100
v -14.29452400 3.79973100 -5.11471500
v -12.74478800 3.79973100 -5.11471800
v -14.29452400 3.83988000 -4.70707800
v -12.74478800 3.79973100 -4.29944000
v -14.29452400 3.79973100 -4.29944100
v -11.92951400 3.79973100 -4.29944000
v -11.53754200 3.68082700 -3.98302100
v -11.17629800 3.48773900 -3.69704600
v -10.85966400 3.22788500 -3.42705800
v -10.59981100 2.91125200 -3.22632700
v -10.59981100 2.91125200 -3.22632700
v -10.47440100 2.55000900 -3.10000100
v -10.47440100 2.55000900 -3.10000100
v -10.41566700 2.15803700 -3.06072000
v -10.41566700 2.15803700 -3.06072000
v -10.47440100 2.55000900 -2.20432600
v -10.47440100 2.55000900 -2.20432600
v -10.59981100 2.91125200 -2.07891600
v -10.59981100 2.91125200 -2.07891600
v -10.41566700 2.15803700 -2.26305900
v -10.41566700 2.15803700 -2.26305900
v -14.21119400 2.53754200 -2.20619400
v -14.21119400 2.53754200 -2.20619400
v -14.29452400 2.55000800 -2.20432600
v -14.29452400 2.15803600 -2.26305900
v -14.25270800 2.15803700 -2.26305900
v -14.25270800 2.15803700 -2.26305900
v -14.29452400 2.91125200 -2.07891600
v -14.06067600 2.89760100 -2.08365500
v -14.06067600 2.89760100 -2.08365500
v -14.29452400 3.22788500 -1.81906300
v -14.29452400 3.22788500 -1.81906300
v -13.81463400 3.22788500 -1.81906200
v -13.81463400 3.22788500 -1.81906200
v -14.29452400 3.48773800 -1.50243000
v -13.49800000 3.48773900 -1.50242900
v -14.29452400 3.68082700 -1.14118600
v -13.13676000 3.68082700 -1.14118600
v -14.29452400 3.79973000 -0.74921500
v -12.74478800 3.79973100 -0.74921200
v -12.74478800 3.79973100 -6.45148300
v -13.13676000 3.68082700 -6.45148300
v -13.49800000 3.48773900 -6.45148300
v -13.81463400 3.22788500 -6.45148300
v -14.05482200 2.91125300 -6.45148300
v -14.20983200 2.55000900 -6.45148300
v -14.25270800 2.15803700 -6.45148300
v -13.13676000 3.68082700 -3.98302100
v -14.29452400 3.68082800 -3.98302200
v -13.49800000 3.48773900 -3.69704600
v -14.29452400 3.48773900 -3.69704700
v -13.81463400 3.22788500 -3.42705800
v -13.81463400 3.22788500 -3.42705800
v -14.29452400 3.22788500 -3.42705900
v -14.29452400 3.22788500 -3.42705900
v -14.05482200 2.91125300 -3.22632700
v -14.05482200 2.91125300 -3.22632700
v -14.29452400 2.91125300 -3.22632700
v -14.20481900 2.56168800 -3.10408400
v -14.20481900 2.56168800 -3.10408400
v -14.29452400 2.55001000 -3.10000100
v -14.25141100 2.16990100 -3.06190900
v -14.25141100 2.16990100 -3.06190900
v -14.29452400 2.15803800 -3.06072100
v -11.92951400 3.79973100 -0.74921200
v -11.53754200 3.68082700 -1.14118500
v -11.17629800 3.48773900 -1.50242900
v -10.85966400 3.22788500 -1.81906200
v -10.06139900 2.15803700 -2.26305900
v -10.06139900 2.55000900 -2.20432600
v -10.06139900 2.91125200 -2.07891600
v -10.06139900 3.22788500 -1.81906200
v -10.06139900 3.48773900 -1.50243000
v -10.06139900 3.68082700 -1.14118500
v -10.06139900 3.79973100 -0.74921200
v 11.06464400 3.83987900 -4.70707400
v 6.77182600 3.83987900 -4.70707400
v 3.07038100 3.83987900 -4.70707400
v -4.34288700 3.83987900 -4.70707400
v 7.17965300 8.58636700 4.45450100
v 7.17965300 8.58636700 5.74902700
v 6.77182600 8.62651600 5.74902700
v 6.77182600 8.62651500 4.04679700
v 7.48167700 8.46746300 4.77958600
v 7.48167700 8.46746300 5.74902700
v 7.81335800 8.26732100 5.07983400
v 7.80476200 8.27437500 5.74902700
v 8.06876600 8.00904900 5.32361600
v 8.06876600 8.00904900 5.32361600
v 8.06427500 8.01452100 5.74902700
v 8.25159200 7.69469600 5.53216600
v 8.25159200 7.69469600 5.53216600
v 8.25048300 7.69788800 5.74902700
v 8.38444900 7.33529500 5.66488500
v 8.38424700 7.33664500 5.74902700
v 8.43462600 6.94467300 5.69767900
v 8.43462600 6.94467300 5.74902700
v 5.08227800 6.94595200 5.66761500
v 5.08227800 6.94595200 5.66761500
v 4.92110400 6.94578200 5.66762800
v 4.92110400 7.33077500 5.63428100
v 5.12390700 7.32965200 5.63432500
v 5.12390700 7.32965200 5.63432500
v 5.12390700 7.32965200 5.63432500
v 4.92110400 7.69275200 5.49942500
v 5.25053200 7.69115500 5.49987700
v 5.25053200 7.69115500 5.49987700
v 4.92110400 8.01783300 5.28157300
v 5.44099500 8.01945800 5.28002000
v 4.92110400 8.27761400 5.03122700
v 5.71344100 8.28003600 5.02750500
v 4.92110400 8.46746300 4.73950300
v 6.02994400 8.46746300 4.73950500
v 4.92110400 8.58636700 4.41225900
v 6.32661100 8.58636700 4.41226100
v 4.92110400 8.62651600 4.00461900
v 6.72987300 8.62651500 4.00461800
v 4.92110400 8.58636700 3.59698300
v 6.32635200 8.58636700 3.59698300
v 7.22071000 8.58636700 3.59698300
v 8.78889400 8.58636700 3.59698300
v 8.78889400 8.62651600 4.00461900
v 6.81394300 8.62651500 4.00461800
v 7.52213000 8.46746300 3.28056400
v 8.78889400 8.46746300 3.28056400
v 7.84329000 8.27437500 2.99458900
v 8.78889400 8.27437500 2.99458900
v 8.09905800 8.01452100 2.72460200
v 8.78889400 8.01452100 2.72460200
v 8.28294300 7.69788800 2.52387000
v 8.28294300 7.69788800 2.52387000
v 8.78889400 7.69788900 2.52387000
v 8.41509200 7.33664500 2.39754400
v 8.41509200 7.33664500 2.39754400
v 8.78889400 7.33664500 2.39754400
v 8.46471600 6.94467300 2.35826400
v 8.78889400 6.94467300 2.35826400
v 6.36718800 8.58636700 5.74902700
v 6.36718800 8.58636700 4.45472900
v 6.06987800 8.46746300 5.74902700
v 6.06987800 8.46746300 4.77970800
v 5.74184700 8.27437500 5.74902700
v 5.75210400 8.27985700 5.06461600
v 5.47024600 8.01452100 5.74902700
v 5.47593100 8.01918600 5.31542000
v 5.47593100 8.01918600 5.31542000
v 5.28502400 7.69788900 5.74902700
v 5.28308700 7.69189900 5.53249800
v 5.28308700 7.69189900 5.53249800
v 5.15501900 7.33664600 5.74902700
v 5.15471200 7.33137900 5.66470800
v 5.11216400 6.94467300 5.74902700
v 5.11225500 6.94550000 5.69761100
v 4.92110400 8.46746300 3.28056400
v 6.02942000 8.46746300 3.28056400
v 4.92110400 8.27437500 2.99459000
v 5.70288600 8.27437500 2.99459000
v 4.92110400 8.01452100 2.72460200
v 5.43521500 8.01452100 2.72460200
v 4.92110400 7.69788900 2.52387000
v 5.25264100 7.69788900 2.52387000
v 5.25264100 7.69788900 2.52387000
v 4.92110400 7.34617400 2.40087600
v 5.12919600 7.34804600 2.40153000
v 5.12919600 7.34804600 2.40153000
v 5.12919600 7.34804600 2.40153000
v 4.92110400 6.95471400 2.35927000
v 5.08337400 6.95625100 2.35942400
v 5.08337400 6.95625100 2.35942400
v 8.78889400 8.58636700 4.41226100
v 7.22044600 8.58636700 4.41226100
v 8.78889400 8.46746300 4.73950500
v 7.52163100 8.46746300 4.73950500
v 8.78889400 8.26791700 5.04238100
v 7.85230000 8.26697400 5.04328400
v 8.78889400 8.00918200 5.28833600
v 8.10399700 8.00862800 5.28871000
v 8.78889400 7.69446500 5.49927000
v 8.28410300 7.69422900 5.49935900
v 8.28410300 7.69422900 5.49935900
v 8.78889400 7.33490200 5.63419900
v 8.41534700 7.33481100 5.63420700
v 8.41534700 7.33481100 5.63420700
v 8.41534700 7.33481100 5.63420700
v 8.78889400 6.94467300 5.66772500
v 8.46471600 6.94467300 5.66772500
v 8.46471600 6.94467300 5.66772500
v 6.77182600 8.62651600 2.31175100
v 7.17965300 8.58636700 2.31175100
v 7.17965300 8.58636700 3.55509400
v 6.77182600 8.62651500 3.96243800
v 7.48167700 8.46746300 2.31175100
v 7.48167700 8.46746300 3.24103700
v 7.80476200 8.27437500 2.31175100
v 7.80476200 8.27437500 2.95732600
v 8.06427500 8.01452100 2.31175100
v 8.06427500 8.01452100 2.68910600
v 8.06427500 8.01452100 2.68910600
v 8.25048300 7.69788800 2.31175100
v 8.25048300 7.69788800 2.49118500
v 8.25048300 7.69788800 2.49118500
v 3.07038100 8.62651600 5.74902700
v 2.66255300 8.58636700 5.74902700
v 2.66255300 8.58636700 4.45450100
v 3.07038100 8.62651500 4.04679700
v 2.36052900 8.46746300 5.74902700
v 2.36052900 8.46746300 4.77958600
v 2.03744500 8.27437500 5.74902700
v 2.02884900 8.26732100 5.07983400
v 1.77793200 8.01452100 5.74902700
v 1.77344000 8.00904900 5.32361600
v 1.77344000 8.00904900 5.32361600
v 1.59172200 7.69788800 5.74902700
v 1.59061500 7.69469600 5.53216600
v 1.59061500 7.69469600 5.53216600
v 1.45795800 7.33664500 5.74902700
v 1.45775600 7.33529500 5.66488500
v 1.40758100 6.94467300 5.74902700
v 1.40758100 6.94467300 5.69767900
v 4.75992900 6.94595200 5.66761500
v 4.75992900 6.94595200 5.66761500
v 4.71829800 7.32965200 5.63432500
v 4.71829800 7.32965200 5.63432500
v 4.71829800 7.32965200 5.63432500
v 4.59167500 7.69115500 5.49987700
v 4.59167500 7.69115500 5.49987700
v 4.40121100 8.01945800 5.28002000
v 4.12876600 8.28003600 5.02750500
v 3.81226200 8.46746300 4.73950500
v 3.51559600 8.58636700 4.41226100
v 3.11233400 8.62651500 4.00461800
v 3.51585400 8.58636700 3.59698300
v 1.21500400 8.62651600 4.00461900
v 1.21500400 8.58636700 3.59698300
v 2.62149600 8.58636700 3.59698300
v 3.02826400 8.62651500 4.00461800
v 1.21500400 8.46746300 3.28056400
v 2.32007600 8.46746300 3.28056400
v 1.21500400 8.27437500 2.99458900
v 1.99891700 8.27437500 2.99458900
v 1.21500400 8.01452100 2.72460200
v 1.74314900 8.01452100 2.72460200
v 1.21500400 7.69788800 2.52387000
v 1.55926300 7.69788800 2.52387000
v 1.55926300 7.69788800 2.52387000
v 1.21500400 7.33664500 2.39754400
v 1.42711400 7.33664500 2.39754400
v 1.42711400 7.33664500 2.39754400
v 1.21500400 6.94467300 2.35826400
v 1.37749100 6.94467300 2.35826400
v 3.47501800 8.58636700 4.45472900
v 3.47501800 8.58636700 5.74902700
v 3.77232800 8.46746300 4.77970800
v 3.77232800 8.46746300 5.74902700
v 4.09010200 8.27985700 5.06461600
v 4.10035900 8.27437500 5.74902700
v 4.36627600 8.01918600 5.31542000
v 4.36627600 8.01918600 5.31542000
v 4.37196000 8.01452100 5.74902700
v 4.55911900 7.69189900 5.53249800
v 4.55911900 7.69189900 5.53249800
v 4.55718300 7.69788900 5.74902700
v 4.68749400 7.33137900 5.66470800
v 4.68718800 7.33664600 5.74902700
v 4.73004200 6.94467300 5.74902700
v 4.72995200 6.94550000 5.69761100
v 3.81278700 8.46746300 3.28056400
v 4.13932000 8.27437500 2.99459000
v 4.40699100 8.01452100 2.72460200
v 4.58956500 7.69788900 2.52387000
v 4.58956500 7.69788900 2.52387000
v 4.71301100 7.34804600 2.40153000
v 4.71301100 7.34804600 2.40153000
v 4.71301100 7.34804600 2.40153000
v 4.75883200 6.95625100 2.35942400
v 4.75883200 6.95625100 2.35942400
v 2.62176100 8.58636700 4.41226100
v 1.21500400 8.58636700 4.41226100
v 2.32057500 8.46746300 4.73950500
v 1.21500400 8.46746300 4.73950500
v 1.98990700 8.26697400 5.04328400
v 1.98990700 8.26697400 5.04328400
v 1.21500400 8.26775500 5.04253600
v 1.73821000 8.00862800 5.28871000
v 1.73821000 8.00862800 5.28871000
v 1.21500400 8.00905200 5.28842400
v 1.55810300 7.69422900 5.49935900
v 1.55810300 7.69422900 5.49935900
v 1.21500400 7.69439000 5.49929800
v 1.42685800 7.33481100 5.63420700
v 1.42685800 7.33481100 5.63420700
v 1.42685800 7.33481100 5.63420700
v 1.21500400 7.33486200 5.63420300
v 1.37749100 6.94467300 5.66772500
v 1.37749100 6.94467300 5.66772500
v 1.21500400 6.94467300 5.66772500
v 2.66255300 8.58636700 3.55509400
v 2.66255300 8.58636700 2.31175100
v 3.07038100 8.62651600 2.31175100
v 3.07038100 8.62651500 3.96243800
v 2.36052900 8.46746300 3.24103700
v 2.36052900 8.46746300 2.31175100
v 2.03744500 8.27437500 2.95732600
v 2.03744500 8.27437500 2.95732600
v 2.03744500 8.27437500 2.31175100
v 1.77793200 8.01452100 2.68910600
v 1.77793200 8.01452100 2.68910600
v 1.77793200 8.01452100 2.68910600
v 1.77793200 8.01452100 2.31175100
v 1.59172200 7.69788800 2.49118500
v 1.59172200 7.69788800 2.49118500
v 1.59172200 7.69788800 2.31175100
v 0.06947800 8.46746300 4.77958600
v 0.06947800 8.46746300 5.74902700
v -0.23254600 8.58636700 5.74902700
v -0.23254600 8.58636700 4.45456600
v 0.40115700 8.26732100 5.07983400
v 0.39256200 8.27437500 5.74902700
v 0.65656700 8.00904900 5.32361600
v 0.65656700 8.00904900 5.32361600
v 0.65207600 8.01452100 5.74902700
v 0.83939300 7.69469600 5.53216600
v 0.83939300 7.69469600 5.53216600
v 0.83828400 7.69788800 5.74902700
v 0.97225000 7.33529500 5.66488500
v 0.97204800 7.33664500 5.74902700
v 1.02242700 6.94467300 5.69767900
v 1.02242700 6.94467300 5.74902700
v -0.19155200 8.58636700 3.59698300
v -0.63625300 8.62643200 4.00461800
v 0.10993100 8.46746300 3.28056400
v 0.43109000 8.27437500 2.99458900
v 0.68685900 8.01452100 2.72460200
v 0.87074400 7.69788800 2.52387000
v 0.87074400 7.69788800 2.52387000
v 1.00289200 7.33664500 2.39754400
v 1.00289200 7.33664500 2.39754400
v 1.05251600 6.94467300 2.35826400
v -0.19181600 8.58636700 4.41226100
v 0.10943200 8.46746300 4.73950500
v 0.44009900 8.26697400 5.04328400
v 0.44009900 8.26697400 5.04328400
v 0.69179700 8.00862800 5.28871000
v 0.69179700 8.00862800 5.28871000
v 0.87190500 7.69422900 5.49935900
v 0.87190500 7.69422900 5.49935900
v 1.00314800 7.33481100 5.63420700
v 1.00314800 7.33481100 5.63420700
v 1.00314800 7.33481100 5.63420700
v 1.05251600 6.94467300 5.66772500
v 1.05251600 6.94467300 5.66772500
v -0.23254600 8.58636700 2.31175100
v 0.06947900 8.46746300 2.31175100
v 0.06947800 8.46746300 3.24103700
v -0.23254600 8.58636700 3.55503000
v 0.39256200 8.27437500 2.31175100
v 0.39256200 8.27437500 2.95732600
v 0.39256200 8.27437500 2.95732600
v 0.65207600 8.01452100 2.31175100
v 0.65207600 8.01452100 2.68910600
v 0.65207600 8.01452100 2.68910600
v 0.65207600 8.01452100 2.68910600
v 0.83828400 7.69788800 2.31175100
v 0.83828400 7.69788800 2.49118500
v 0.83828400 7.69788800 2.49118500
v 8.38424700 7.33664500 2.31175100
v 8.38424700 7.33664500 2.36685100
v 8.38424700 7.33664500 2.36685100
v 8.43462600 6.94467300 2.31175100
v 8.43462600 6.94467300 2.32827000
v 8.43462600 6.94467300 2.32827000
v 6.36718800 8.58636700 3.55487300
v 6.36718800 8.58636700 2.31175100
v 6.06987800 8.46746300 3.24098700
v 6.06987800 8.46746300 2.31175100
v 5.74184700 8.27437500 2.95755200
v 5.74184700 8.27437500 2.31175100
v 5.47024600 8.01452100 2.68924300
v 5.47024600 8.01452100 2.68924300
v 5.47024600 8.01452100 2.31175100
v 5.28485500 7.69749600 2.49098700
v 5.28485500 7.69749600 2.49098700
v 5.28393700 7.69535500 2.31175100
v 5.15981100 7.34749300 2.37073000
v 5.15939100 7.34590700 2.31175100
v 5.11341200 6.95609000 2.32938800
v 5.11338400 6.95582900 2.31175100
v 1.45795800 7.33664500 2.36685100
v 1.45795800 7.33664500 2.36685100
v 1.45795800 7.33664500 2.31175100
v 1.40758100 6.94467300 2.32827000
v 1.40758100 6.94467300 2.32827000
v 1.40758100 6.94467300 2.31175100
v 3.47501800 8.58636700 2.31175100
v 3.47501800 8.58636700 3.55487300
v 3.77232800 8.46746300 2.31175100
v 3.77232800 8.46746300 3.24098700
v 4.10035900 8.27437500 2.31175100
v 4.10035900 8.27437500 2.95755200
v 4.37196000 8.01452100 2.31175100
v 4.37196000 8.01452100 2.68924300
v 4.37196000 8.01452100 2.68924300
v 4.55827000 7.69535500 2.31175100
v 4.55735100 7.69749600 2.49098700
v 4.55735100 7.69749600 2.49098700
v 4.68281400 7.34590700 2.31175100
v 4.68239600 7.34749300 2.37073000
v 4.72882300 6.95582900 2.31175100
v 4.72879400 6.95609000 2.32938800
v 0.97204800 7.33664500 2.31175100
v 0.97204800 7.33664500 2.36685100
v 0.97204800 7.33664500 2.36685100
v 1.02242700 6.94467300 2.31175100
v 1.02242700 6.94467300 2.32827000
v 1.02242700 6.94467300 2.32827000
v 11.06464400 8.62651600 5.74902700
v 10.65700600 8.58636700 5.74902700
v 10.65700600 8.58636700 4.45236800
v 11.06464400 8.62651500 4.04672500
v 10.26503400 8.46746300 5.74902700
v 10.26503400 8.46746300 4.77700000
v 9.90379200 8.27437500 5.74902700
v 9.89518200 8.26730900 5.07876700
v 9.58715900 8.01452100 5.74902700
v 9.58265700 8.00903700 5.32266800
v 9.32730500 7.69788800 5.74902700
v 9.32619400 7.69469000 5.53178600
v 9.32619400 7.69469000 5.53178600
v 9.20189500 7.33664500 5.74902700
v 9.20169300 7.33529500 5.66489700
v 9.20169300 7.33529500 5.66489700
v 9.14316200 6.94467300 5.74902700
v 9.14316200 6.94467300 5.69767800
v 13.02201700 7.33664500 5.63404900
v 13.02201700 6.94467300 5.66772500
v 13.01018800 6.94504300 5.66769300
v 12.96815900 7.33206700 5.63423000
v 13.02201700 7.69788800 5.49798000
v 12.81769300 7.69196000 5.49965000
v 13.02201700 8.01452100 5.28474100
v 12.57387500 8.01917500 5.28028900
v 13.02201700 8.27437500 5.03620400
v 12.25642600 8.27985700 5.02777900
v 13.02201700 8.46746300 4.73950300
v 11.90803000 8.46746300 4.73950500
v 13.02201700 8.58636700 4.41225800
v 11.51578200 8.58636700 4.41226100
v 13.02201700 8.62651600 4.00462200
v 11.10675000 8.62651500 4.00461800
v 11.51614700 8.58636700 3.59698300
v 13.02201700 8.58636700 3.59698400
v 10.61313800 8.58636700 3.59698300
v 11.02253700 8.62651500 4.00461800
v 10.22059600 8.46746300 3.28056400
v 9.86270100 8.27437500 2.99458900
v 9.54949000 8.01452100 2.72460200
v 9.54949000 8.01452100 2.72460200
v 9.29353300 7.69788800 2.52387000
v 9.29353300 7.69788800 2.52387000
v 9.17111000 7.33664500 2.39754400
v 9.17111000 7.33664500 2.39754400
v 9.11298600 6.94467300 2.35826400
v 9.11298600 6.94467300 2.35826400
v 9.32730500 7.69788800 2.49154800
v 9.32730500 7.69788800 2.49154800
v 9.20189500 7.33664500 2.36684000
v 9.20189500 7.33664500 2.36684000
v 9.20189500 7.33664500 1.53265400
v 9.20189500 7.33664500 1.53265400
v 9.20189500 7.33664500 1.53265400
v 9.32730500 7.69788800 1.40977900
v 9.32730500 7.69788800 1.40977900
v 9.32730500 7.69788800 1.40977900
v 9.14316200 6.94467300 2.32827100
v 9.14316200 6.94467300 1.59077500
v 9.14316200 6.94467300 1.59077500
v 12.96860400 7.32865400 1.50306700
v 12.96860400 7.32865400 1.50306700
v 13.02201700 7.33664400 1.50187000
v 13.02201700 6.94467300 1.56060300
v 13.01022200 6.94467300 1.56060300
v 13.02201700 7.69788800 1.37646000
v 12.82051300 7.68612500 1.38054300
v 12.82051300 7.68612500 1.38054300
v 13.02201700 8.01452000 1.11660600
v 13.02201700 8.01452000 1.11660600
v 12.57821800 8.01452100 1.11660500
v 12.57821800 8.01452100 1.11660500
v 13.02201700 8.27437400 0.79997300
v 12.26424100 8.27437500 0.79997300
v 13.02201700 8.46746300 0.43873000
v 11.90479900 8.46746300 0.43872900
v 13.02201700 8.58636600 0.04675800
v 11.51398800 8.58636700 0.04675500
v 11.47228000 8.58636700 4.45236800
v 11.47228000 8.58636700 5.74902700
v 11.86425300 8.46746300 4.77702500
v 11.86425300 8.46746300 5.74902700
v 12.21522500 8.27986500 5.06362800
v 12.22549600 8.27437500 5.74902700
v 12.53643400 8.01919400 5.31464400
v 12.53643400 8.01919400 5.31464400
v 12.54212900 8.01452100 5.74902700
v 12.78425300 7.69189100 5.53219400
v 12.78425300 7.69189100 5.53219400
v 12.78425300 7.69189100 5.53219400
v 12.78231200 7.69788900 5.74902700
v 12.93762900 7.33137800 5.66468300
v 12.93762900 7.33137800 5.66468300
v 12.93762900 7.33137800 5.66468300
v 12.93732300 7.33664600 5.74902700
v 12.98020100 6.94467300 5.74902700
v 12.98011100 6.94550000 5.69761100
v 12.98011100 6.94550000 5.69761100
v 11.90869100 8.46746300 3.28056400
v 13.02201700 8.46746300 3.28056500
v 12.26658700 8.27437500 2.99459000
v 13.02201700 8.27437500 2.99459000
v 12.57934600 8.01452100 2.72460200
v 12.57934600 8.01452100 2.72460200
v 13.02201700 8.01452100 2.72460200
v 13.02201700 8.01452100 2.72460200
v 12.81609700 7.69788900 2.52387000
v 12.81609700 7.69788900 2.52387000
v 13.02201700 7.69788900 2.52387100
v 12.96457800 7.34412400 2.40015900
v 12.96457800 7.34412400 2.40015900
v 13.02201700 7.33664600 2.39754400
v 13.00997300 6.94798800 2.35859600
v 13.02201700 6.94467400 2.35826400
v 10.61350500 8.58636700 4.41226100
v 10.22129200 8.46746300 4.73950500
v 9.85366500 8.26697100 5.04328600
v 9.54449900 8.00862800 5.28871100
v 9.54449900 8.00862800 5.28871100
v 9.29240700 7.69422900 5.49935900
v 9.29240700 7.69422900 5.49935900
v 9.17085100 7.33481100 5.63420700
v 9.17085100 7.33481100 5.63420700
v 9.11298500 6.94467300 5.66772500
v 9.11298500 6.94467300 5.66772500
v 10.65700600 8.58636700 0.08846200
v 11.06464400 8.62651600 -0.35122800
v 11.06464400 8.62651500 3.96251000
v 10.65700600 8.58636700 3.55713300
v 11.86425300 8.46746300 0.47927400
v 11.86425300 8.46746300 3.24351200
v 11.47228000 8.58636700 3.55713300
v 11.47228000 8.58636700 0.08846200
v 10.26503400 8.46746300 0.47927400
v 10.26503400 8.46746300 3.24351200
v 12.22549600 8.27437500 0.83871800
v 12.22549600 8.27437500 2.95851700
v 9.90379200 8.27437500 0.83871800
v 9.90379200 8.27437500 2.95851700
v 12.54212900 8.01452100 1.15318700
v 12.54212900 8.01452100 1.15318700
v 12.54212900 8.01452100 2.69002900
v 12.54212900 8.01452100 2.69002900
v 9.58715900 8.01452100 1.15312000
v 9.58715900 8.01452100 1.15312000
v 9.58715900 8.01452100 2.69013300
v 12.78800200 7.68463300 1.41430900
v 12.78800200 7.68463300 1.41430900
v 12.78248000 7.69750000 2.49132200
v 12.78248000 7.69750000 2.49132200
v 12.93253200 7.34749400 2.37077000
v 12.93253200 7.34749400 2.37077000
v 12.93847000 7.32499900 1.53426700
v 12.93847000 7.32499900 1.53426700
v 12.97895300 6.95609000 2.32938800
v 12.97895300 6.95609000 2.32938800
v 12.98015400 6.94512100 1.59071100
v 12.98015400 6.94512100 1.59071100
v 9.11299000 6.94467300 1.56060300
v 8.78889400 6.94467300 1.56060300
v 8.78889400 7.33664500 1.50187000
v 9.17111000 7.33664500 1.50187000
v 8.78889400 7.69788800 1.37645900
v 9.29398400 7.69788800 1.37645900
v 8.78889400 8.01452100 1.11660600
v 9.55064500 8.01452100 1.11660600
v 8.78889400 8.27437500 0.79997300
v 9.86504500 8.27437500 0.79997300
v 8.78889400 8.46746300 0.43872900
v 10.22449000 8.46746300 0.43872900
v 8.78889400 8.58636700 0.04675600
v 10.61529900 8.58636700 0.04675500
v 8.78889400 8.62556500 -0.35122800
v 11.01288800 8.62556500 -0.35122800
v -0.63625300 8.62611000 5.74902700
v -0.63625300 8.62627100 4.04844500
v -0.63625300 8.62611000 2.31175100
v -0.63625300 8.62627100 3.96079100
v -8.04433200 8.62651600 5.74902700
v -8.45215800 8.58636700 5.74902700
v -8.45215800 8.58636700 4.41226100
v -8.04433200 8.62651500 4.00461800
v -8.75418300 8.46746300 5.74902700
v -8.75418300 8.46746300 4.73950500
v -9.07726800 8.27437500 5.74902700
v -9.08633300 8.26693500 5.04332100
v -9.33678100 8.01452100 5.74902700
v -9.34164200 8.00860000 5.28872900
v -9.52299000 7.69788800 5.74902700
v -9.52426500 7.69421300 5.49936500
v -9.52426500 7.69421300 5.49936500
v -9.65675400 7.33664500 5.74902700
v -9.65703000 7.33480300 5.63420700
v -9.65703000 7.33480300 5.63420700
v -9.70713100 6.94467300 5.74902700
v -9.70713100 6.94467300 5.66772500
v -9.70713100 6.94467300 5.66772500
v -6.19361000 7.33077500 5.63428100
v -6.19361000 6.94578200 5.66762800
v -6.38481300 6.94598300 5.66761100
v -6.38481300 6.94598300 5.66761100
v -6.42710800 7.32948200 5.63433100
v -6.42710800 7.32948200 5.63433100
v -6.19361000 7.69275200 5.49942500
v -6.55530200 7.69099900 5.49992100
v -6.55530200 7.69099900 5.49992100
v -6.19361000 8.01783300 5.28157300
v -6.74890300 8.01956800 5.27991300
v -6.19361000 8.27761400 5.03122700
v -7.02516800 8.28015600 5.02732000
v -6.19361000 8.46746300 4.73950300
v -7.34238400 8.46746300 4.73950500
v -6.19361000 8.58636700 4.41225900
v -7.63969400 8.58636700 4.41226100
v -6.19361000 8.62651600 4.00461900
v -7.63969400 8.58636700 3.59698300
v -6.19361000 8.58636700 3.59698300
v -8.45215800 8.58636700 3.59698300
v -10.06139900 8.62651600 4.00461900
v -10.06139900 8.58636700 3.59698300
v -8.75418300 8.46746300 3.28056400
v -10.06139900 8.46746300 3.28056400
v -9.07726800 8.27437500 2.99458900
v -10.06139900 8.27437500 2.99458900
v -9.33678100 8.01452100 2.72460200
v -10.06139900 8.01452100 2.72460200
v -9.52299000 7.69788800 2.52387000
v -9.52299000 7.69788800 2.52387000
v -10.06139900 7.69788900 2.52387000
v -9.65675400 7.33664500 2.39754400
v -9.65675400 7.33664500 2.39754400
v -10.06139900 7.33664500 2.39754400
v -9.70713100 6.94467300 2.35826400
v -9.70713100 6.94467300 2.35826400
v -10.06139900 6.94467300 2.35826400
v -7.63969400 8.58636700 5.74902700
v -7.34238400 8.46746300 5.74902700
v -7.01435300 8.27437500 5.74902700
v -6.74275300 8.01452100 5.74902700
v -6.55753100 7.69788900 5.74902700
v -6.42752400 7.33664600 5.74902700
v -6.38467000 6.94467300 5.74902700
v -7.34238400 8.46746300 3.28056400
v -6.19361000 8.46746300 3.28056400
v -7.01435300 8.27437500 2.99459000
v -6.19361000 8.27437500 2.99459000
v -6.74275300 8.01452100 2.72460200
v -6.19361000 8.01452100 2.72460200
v -6.55753100 7.69788900 2.52387000
v -6.55753100 7.69788900 2.52387000
v -6.19361000 7.69788900 2.52387000
v -6.43253700 7.34832300 2.40162800
v -6.43253700 7.34832300 2.40162800
v -6.19361000 7.34617400 2.40087600
v -6.38596700 6.95653700 2.35945300
v -6.38596700 6.95653700 2.35945300
v -6.19361000 6.95471400 2.35927000
v -10.06139900 8.58636700 4.41226100
v -10.06139900 8.46746300 4.73950500
v -10.06139900 8.26791700 5.04238100
v -10.06139900 8.00918200 5.28833600
v -10.06139900 7.69446500 5.49927000
v -10.06139900 7.33490200 5.63419900
v -10.06139900 6.94467300 5.66772500
v -8.45215800 8.58636700 2.31175100
v -8.04433200 8.62651600 2.31175100
v -8.75418300 8.46746300 2.31175100
v -9.07726800 8.27437500 2.31175100
v -9.33678100 8.01452100 2.31175100
v -9.52299000 7.69788800 2.31175100
v -3.93506000 8.58636700 4.45450100
v -3.93506000 8.58636700 5.74902700
v -4.34288700 8.62651600 5.74902700
v -4.34288700 8.62651500 4.04679700
v -3.63303500 8.46746300 4.77958600
v -3.63303500 8.46746300 5.74902700
v -3.30135500 8.26732100 5.07983400
v -3.30995100 8.27437500 5.74902700
v -3.04594700 8.00904900 5.32361600
v -3.04594700 8.00904900 5.32361600
v -3.05043700 8.01452100 5.74902700
v -2.86312100 7.69469600 5.53216600
v -2.86312100 7.69469600 5.53216600
v -2.86422900 7.69788800 5.74902700
v -2.73026200 7.33529500 5.66488500
v -2.73046400 7.33664500 5.74902700
v -2.68008700 6.94467300 5.69767900
v -2.68008700 6.94467300 5.74902700
v -6.03243400 6.94595200 5.66761500
v -6.03243400 6.94595200 5.66761500
v -5.99080400 7.32965200 5.63432500
v -5.99080400 7.32965200 5.63432500
v -5.99080400 7.32965200 5.63432500
v -5.86418100 7.69115500 5.49987700
v -5.86418100 7.69115500 5.49987700
v -5.67371700 8.01945800 5.28002000
v -5.40127200 8.28003600 5.02750500
v -5.08476800 8.46746300 4.73950500
v -4.78810200 8.58636700 4.41226100
v -4.38484000 8.62651500 4.00461800
v -4.78835900 8.58636700 3.59698300
v -3.89400100 8.58636700 3.59698300
v -2.48751000 8.58636700 3.59698300
v -2.48751000 8.62651600 4.00461900
v -4.30076900 8.62651500 4.00461800
v -3.59258100 8.46746300 3.28056400
v -2.48751000 8.46746300 3.28056400
v -3.27142300 8.27437500 2.99458900
v -2.48751000 8.27437500 2.99458900
v -3.01565400 8.01452100 2.72460200
v -2.48751000 8.01452100 2.72460200
v -2.83176900 7.69788800 2.52387000
v -2.83176900 7.69788800 2.52387000
v -2.48751000 7.69788800 2.52387000
v -2.69962000 7.33664500 2.39754400
v -2.69962000 7.33664500 2.39754400
v -2.48751000 7.33664500 2.39754400
v -2.64999800 6.94467300 2.35826400
v -2.48751000 6.94467300 2.35826400
v -4.74752400 8.58636700 5.74902700
v -4.74752400 8.58636700 4.45472900
v -5.04483400 8.46746300 5.74902700
v -5.04483400 8.46746300 4.77970800
v -5.37286500 8.27437500 5.74902700
v -5.36260900 8.27985700 5.06461600
v -5.64446500 8.01452100 5.74902700
v -5.63878100 8.01918600 5.31542000
v -5.63878100 8.01918600 5.31542000
v -5.82968800 7.69788900 5.74902700
v -5.83162600 7.69189900 5.53249800
v -5.83162600 7.69189900 5.53249800
v -5.95969400 7.33664600 5.74902700
v -5.96000000 7.33137900 5.66470800
v -6.00254800 6.94467300 5.74902700
v -6.00245800 6.94550000 5.69761100
v -5.08529300 8.46746300 3.28056400
v -5.41182600 8.27437500 2.99459000
v -5.67949600 8.01452100 2.72460200
v -5.86207200 7.69788900 2.52387000
v -5.86207200 7.69788900 2.52387000
v -5.98551600 7.34804600 2.40153000
v -5.98551600 7.34804600 2.40153000
v -5.98551600 7.34804600 2.40153000
v -6.03133900 6.95625100 2.35942400
v -6.03133900 6.95625100 2.35942400
v -2.48751000 8.58636700 4.41226100
v -3.89426600 8.58636700 4.41226100
v -2.48751000 8.46746300 4.73950500
v -3.59308100 8.46746300 4.73950500
v -2.48751000 8.26775500 5.04253600
v -3.26241200 8.26697400 5.04328400
v -3.26241200 8.26697400 5.04328400
v -2.48751000 8.00905200 5.28842400
v -3.01071500 8.00862800 5.28871000
v -3.01071500 8.00862800 5.28871000
v -2.48751000 7.69439000 5.49929800
v -2.83060900 7.69422900 5.49935900
v -2.83060900 7.69422900 5.49935900
v -2.48751000 7.33486200 5.63420300
v -2.69936400 7.33481100 5.63420700
v -2.69936400 7.33481100 5.63420700
v -2.69936400 7.33481100 5.63420700
v -2.48751000 6.94467300 5.66772500
v -2.64999800 6.94467300 5.66772500
v -2.64999800 6.94467300 5.66772500
v -4.34288700 8.62651600 2.31175100
v -3.93506000 8.58636700 2.31175100
v -3.93506000 8.58636700 3.55509400
v -4.34288700 8.62651500 3.96243800
v -3.63303500 8.46746300 2.31175100
v -3.63303500 8.46746300 3.24103700
v -3.30995100 8.27437500 2.31175100
v -3.30995100 8.27437500 2.95732600
v -3.30995100 8.27437500 2.95732600
v -3.05043700 8.01452100 2.31175100
v -3.05043700 8.01452100 2.68910600
v -3.05043700 8.01452100 2.68910600
v -3.05043700 8.01452100 2.68910600
v -2.86422900 7.69788800 2.31175100
v -2.86422900 7.69788800 2.49118500
v -2.86422900 7.69788800 2.49118500
v -1.03996000 8.58636700 5.74902700
v -1.34198400 8.46746300 5.74902700
v -1.34198400 8.46746300 4.77958600
v -1.03996000 8.58636700 4.45456600
v -1.66506800 8.27437500 5.74902700
v -1.67366300 8.26732100 5.07983400
v -1.92458100 8.01452100 5.74902700
v -1.92907300 8.00904900 5.32361600
v -1.92907300 8.00904900 5.32361600
v -2.11079000 7.69788800 5.74902700
v -2.11189900 7.69469600 5.53216600
v -2.11189900 7.69469600 5.53216600
v -2.24455400 7.33664500 5.74902700
v -2.24475600 7.33529500 5.66488500
v -2.29493300 6.94467300 5.74902700
v -2.29493300 6.94467300 5.69767900
v -1.08095400 8.58636700 3.59698300
v -1.38243700 8.46746300 3.28056400
v -1.70359600 8.27437500 2.99458900
v -1.95936500 8.01452100 2.72460200
v -2.14325000 7.69788800 2.52387000
v -2.14325000 7.69788800 2.52387000
v -2.27539800 7.33664500 2.39754400
v -2.27539800 7.33664500 2.39754400
v -2.32502300 6.94467300 2.35826400
v -1.08069000 8.58636700 4.41226100
v -1.38193800 8.46746300 4.73950500
v -1.71260500 8.26697400 5.04328400
v -1.71260500 8.26697400 5.04328400
v -1.96430400 8.00862800 5.28871000
v -1.96430400 8.00862800 5.28871000
v -2.14441000 7.69422900 5.49935900
v -2.14441000 7.69422900 5.49935900
v -2.27565400 7.33481100 5.63420700
v -2.27565400 7.33481100 5.63420700
v -2.27565400 7.33481100 5.63420700
v -2.32502300 6.94467300 5.66772500
v -2.32502300 6.94467300 5.66772500
v -1.34198400 8.46746300 3.24103700
v -1.34198500 8.46746300 2.31175100
v -1.03996000 8.58636700 2.31175100
v -1.03996000 8.58636700 3.55503000
v -1.66506800 8.27437500 2.95732600
v -1.66506800 8.27437500 2.95732600
v -1.66506800 8.27437500 2.31175100
v -1.92458100 8.01452100 2.68910600
v -1.92458100 8.01452100 2.68910600
v -1.92458100 8.01452100 2.68910600
v -1.92458100 8.01452100 2.31175100
v -2.11079000 7.69788800 2.49118500
v -2.11079000 7.69788800 2.49118500
v -2.11079000 7.69788800 2.31175100
v -9.65675400 7.33664500 2.31175100
v -9.70713100 6.94467300 2.31175100
v -7.63969400 8.58636700 2.31175100
v -7.34238400 8.46746300 2.31175100
v -7.01435300 8.27437500 2.31175100
v -6.74275300 8.01452100 2.31175100
v -6.55644200 7.69535500 2.31175100
v -6.43189800 7.34590700 2.31175100
v -6.38589000 6.95582900 2.31175100
v -2.73046400 7.33664500 2.36685100
v -2.73046400 7.33664500 2.36685100
v -2.73046400 7.33664500 2.31175100
v -2.68008700 6.94467300 2.32827000
v -2.68008700 6.94467300 2.32827000
v -2.68008700 6.94467300 2.31175100
v -4.74752400 8.58636700 3.55487300
v -4.74752400 8.58636700 2.31175100
v -5.04483400 8.46746300 3.24098700
v -5.04483400 8.46746300 2.31175100
v -5.37286500 8.27437500 2.95755200
v -5.37286500 8.27437500 2.31175100
v -5.64446500 8.01452100 2.68924300
v -5.64446500 8.01452100 2.68924300
v -5.64446500 8.01452100 2.31175100
v -5.82985700 7.69749600 2.49098700
v -5.82985700 7.69749600 2.49098700
v -5.83077600 7.69535500 2.31175100
v -5.95490100 7.34749300 2.37073000
v -5.95532000 7.34590700 2.31175100
v -6.00130000 6.95609000 2.32938800
v -6.00132800 6.95582900 2.31175100
v -2.24455400 7.33664500 2.36685100
v -2.24455400 7.33664500 2.36685100
v -2.24455400 7.33664500 2.31175100
v -2.29493300 6.94467300 2.32827000
v -2.29493300 6.94467300 2.32827000
v -2.29493300 6.94467300 2.31175100
v -11.92951400 8.58636700 4.41226100
v -11.92951400 8.58636700 5.74902700
v -12.33715000 8.62651600 5.74902700
v -12.33715000 8.62651500 4.00461800
v -11.53754200 8.46746300 4.73950500
v -11.53754200 8.46746300 5.74902700
v -11.16723300 8.26693500 5.04332100
v -11.17629800 8.27437500 5.74902700
v -10.85480500 8.00860000 5.28872900
v -10.85966400 8.01452100 5.74902700
v -10.59853600 7.69421300 5.49936500
v -10.59853600 7.69421300 5.49936500
v -10.59981100 7.69788800 5.74902700
v -10.47412500 7.33480300 5.63420700
v -10.47412500 7.33480300 5.63420700
v -10.47440100 7.33664500 5.74902700
v -10.41566700 6.94467300 5.66772500
v -10.41566700 6.94467300 5.66772500
v -10.41566700 6.94467300 5.74902700
v -14.25256300 6.94598300 5.66761100
v -14.25256300 6.94598300 5.66761100
v -14.29452400 6.94467300 5.66772500
v -14.29452400 7.33664500 5.63404900
v -14.21024700 7.32948200 5.63433100
v -14.21024700 7.32948200 5.63433100
v -14.29452400 7.69788800 5.49798000
v -14.05704800 7.69099900 5.49992100
v -14.05704800 7.69099900 5.49992100
v -14.29452400 8.01452100 5.28474100
v -13.80848400 8.01956800 5.27991300
v -14.29452400 8.27437500 5.03620400
v -13.48718500 8.28015600 5.02732000
v -14.29452400 8.46746300 4.73950300
v -13.13676000 8.46746300 4.73950500
v -14.29452400 8.58636700 4.41225800
v -12.74478800 8.58636700 4.41226100
v -14.29452400 8.62651600 4.00462200
v -12.74478800 8.58636700 3.59698300
v -14.29452400 8.58636700 3.59698400
v -11.92951400 8.58636700 3.59698300
v -11.53754200 8.46746300 3.28056400
v -11.17629800 8.27437500 2.99458900
v -10.85966400 8.01452100 2.72460200
v -10.59981100 7.69788800 2.52387000
v -10.59981100 7.69788800 2.52387000
v -10.47440100 7.33664500 2.39754400
v -10.47440100 7.33664500 2.39754400
v -10.41566700 6.94467300 2.35826400
v -10.41566700 6.94467300 2.35826400
v -10.47440100 7.33664500 1.50187000
v -10.47440100 7.33664500 1.50187000
v -10.59981100 7.69788800 1.37645900
v -10.59981100 7.69788800 1.37645900
v -10.41566700 6.94467300 1.56060300
v -10.41566700 6.94467300 1.56060300
v -14.21119400 7.32417800 1.50373700
v -14.21119400 7.32417800 1.50373700
v -14.25270800 6.94467300 1.56060200
v -14.25270800 6.94467300 1.56060200
v -14.29452400 6.94467300 1.56060300
v -14.29452400 7.33664400 1.50187000
v -14.29452400 7.69788800 1.37646000
v -14.06067600 7.68423700 1.38119800
v -14.06067600 7.68423700 1.38119800
v -14.29452400 8.01452000 1.11660600
v -14.29452400 8.01452000 1.11660600
v -13.81463400 8.01452100 1.11660500
v -13.81463400 8.01452100 1.11660500
v -14.29452400 8.27437400 0.79997300
v -13.49800000 8.27437500 0.79997300
v -14.29452400 8.46746300 0.43873000
v -13.13676000 8.46746300 0.43872900
v -14.29452400 8.58636600 0.04675800
v -12.74478800 8.58636700 0.04675500
v -12.74478800 8.58636700 5.74902700
v -13.13676000 8.46746300 5.74902700
v -13.49800000 8.27437500 5.74902700
v -13.81463400 8.01452100 5.74902700
v -14.05482200 7.69788900 5.74902700
v -14.20983200 7.33664600 5.74902700
v -14.25270800 6.94467300 5.74902700
v -13.13676000 8.46746300 3.28056400
v -14.29452400 8.46746300 3.28056500
v -13.49800000 8.27437500 2.99459000
v -14.29452400 8.27437500 2.99459000
v -13.81463400 8.01452100 2.72460200
v -13.81463400 8.01452100 2.72460200
v -14.29452400 8.01452100 2.72460200
v -14.29452400 8.01452100 2.72460200
v -14.05482200 7.69788900 2.52387000
v -14.05482200 7.69788900 2.52387000
v -14.29452400 7.69788900 2.52387100
v -14.20481900 7.34832300 2.40162800
v -14.20481900 7.34832300 2.40162800
v -14.29452400 7.33664600 2.39754400
v -14.25141100 6.95653700 2.35945300
v -14.25141100 6.95653700 2.35945300
v -14.29452400 6.94467400 2.35826400
v -12.33715000 8.62651600 -0.35122800
v -12.32750100 8.62556500 -0.35122800
v -11.92951400 8.58636700 0.04675500
v -11.53754200 8.46746300 0.43872900
v -11.17629800 8.27437500 0.79997300
v -10.85966400 8.01452100 1.11660600
v -10.06139900 7.33664500 1.50187000
v -10.06139900 6.94467300 1.56060300
v -10.06139900 7.69788800 1.37645900
v -10.06139900 8.01452100 1.11660600
v -10.06139900 8.27437500 0.79997300
v -10.06139900 8.46746300 0.43872900
v -10.06139900 8.58636700 0.04675600
v -10.06139900 8.62556500 -0.35122800
v 13.02201700 8.62556500 -0.35122800
v 11.11639900 8.62556500 -0.35122800
v -14.29452400 8.62556500 -0.35122800
v -12.34679800 8.62556500 -0.35122800
v 11.06464400 8.62651500 4.00461800
v 6.77182600 8.62651500 4.00461800
v 3.07038100 8.62651500 4.00461800
v -4.34288700 8.62651500 4.00461800
v 7.17965300 8.58636700 -5.15695800
v 6.77182600 8.62651500 -4.74925400
v 6.77182600 8.62651600 -6.45148300
v 7.17965300 8.58636700 -6.45148300
v 7.48167700 8.46746300 -5.48204300
v 7.48167700 8.46746300 -6.45148300
v 7.81335800 8.26732100 -5.78229000
v 7.80476200 8.27437500 -6.45148300
v 8.06876700 8.00904900 -6.02607300
v 8.06876700 8.00904900 -6.02607300
v 8.06427500 8.01452100 -6.45148300
v 8.25159200 7.69469600 -6.23462300
v 8.25159200 7.69469600 -6.23462300
v 8.25048300 7.69788800 -6.45148300
v 8.38444900 7.33529500 -6.36734300
v 8.38424700 7.33664500 -6.45148300
v 8.43462600 6.94467300 -6.40013500
v 8.43462600 6.94467300 -6.45148300
v 5.08227800 6.94595200 -6.37007100
v 5.08227800 6.94595200 -6.37007100
v 5.12390800 7.32965200 -6.33678200
v 5.12390800 7.32965200 -6.33678200
v 5.12390800 7.32965200 -6.33678200
v 4.92110400 7.33077500 -6.33673700
v 4.92110400 6.94578200 -6.37008400
v 5.25053100 7.69115500 -6.20233300
v 5.25053100 7.69115500 -6.20233300
v 4.92110400 7.69275200 -6.20188200
v 5.44099500 8.01945800 -5.98247600
v 4.92110400 8.01783300 -5.98403000
v 5.71344100 8.28003600 -5.72996100
v 4.92110400 8.27761400 -5.73368400
v 6.02994400 8.46746300 -5.44196100
v 4.92110400 8.46746300 -5.44196000
v 6.32661100 8.58636700 -5.11471800
v 4.92110400 8.58636700 -5.11471600
v 6.72987300 8.62651500 -4.70707400
v 4.92110400 8.62651600 -4.70707600
v 6.32635200 8.58636700 -4.29944000
v 4.92110400 8.58636700 -4.29944000
v 7.22071000 8.58636700 -4.29944000
v 6.81394300 8.62651500 -4.70707400
v 8.78889300 8.62651600 -4.70707600
v 8.78889300 8.58636700 -4.29944000
v 7.52213000 8.46746300 -3.98302100
v 8.78889300 8.46746300 -3.98302100
v 7.84329000 8.27437500 -3.69704600
v 8.78889300 8.27437500 -3.69704600
v 8.09905800 8.01452100 -3.42705800
v 8.78889300 8.01452100 -3.42705800
v 8.28294300 7.69788800 -3.22632700
v 8.28294300 7.69788800 -3.22632700
v 8.78889300 7.69788900 -3.22632700
v 8.41509200 7.33664500 -3.10000100
v 8.41509200 7.33664500 -3.10000100
v 8.78889300 7.33664500 -3.10000100
v 8.46471600 6.94467300 -3.06072000
v 8.78889300 6.94467300 -3.06072000
v 6.36718800 8.58636700 -5.15718600
v 6.36718800 8.58636700 -6.45148300
v 6.06987800 8.46746300 -5.48216400
v 6.06987800 8.46746300 -6.45148300
v 5.75210400 8.27985700 -5.76707300
v 5.74184700 8.27437500 -6.45148300
v 5.47593000 8.01918600 -6.01787600
v 5.47593000 8.01918600 -6.01787600
v 5.47024600 8.01452100 -6.45148300
v 5.28308700 7.69189900 -6.23495500
v 5.28308700 7.69189900 -6.23495500
v 5.28502400 7.69788900 -6.45148300
v 5.15471300 7.33137900 -6.36716600
v 5.15501900 7.33664600 -6.45148300
v 5.11225500 6.94550000 -6.40006700
v 5.11216400 6.94467300 -6.45148300
v 6.02942000 8.46746300 -3.98302100
v 4.92110400 8.46746300 -3.98302100
v 5.70288600 8.27437500 -3.69704600
v 4.92110400 8.27437500 -3.69704700
v 5.43521600 8.01452100 -3.42705800
v 4.92110400 8.01452100 -3.42705800
v 5.25264200 7.69788900 -3.22632700
v 5.25264200 7.69788900 -3.22632700
v 4.92110400 7.69788900 -3.22632700
v 5.12919600 7.34804600 -3.10398700
v 5.12919600 7.34804600 -3.10398700
v 5.12919600 7.34804600 -3.10398700
v 4.92110400 7.34617400 -3.10333300
v 5.08337300 6.95625100 -3.06188000
v 5.08337300 6.95625100 -3.06188000
v 4.92110400 6.95471400 -3.06172600
v 7.22044600 8.58636700 -5.11471800
v 8.78889300 8.58636700 -5.11471800
v 7.52163100 8.46746300 -5.44196100
v 8.78889300 8.46746300 -5.44196100
v 7.85230000 8.26697400 -5.74574100
v 8.78889300 8.26791700 -5.74483800
v 8.10399700 8.00862800 -5.99116700
v 8.78889300 8.00918200 -5.99079300
v 8.28410300 7.69422900 -6.20181500
v 8.28410300 7.69422900 -6.20181500
v 8.78889300 7.69446500 -6.20172600
v 8.41534800 7.33481100 -6.33666300
v 8.41534800 7.33481100 -6.33666300
v 8.41534800 7.33481100 -6.33666300
v 8.78889300 7.33490200 -6.33665600
v 8.46471600 6.94467300 -6.37018100
v 8.46471600 6.94467300 -6.37018100
v 8.78889300 6.94467300 -6.37018100
v 7.17965300 8.58636700 -4.25755100
v 7.17965300 8.58636700 -3.01420800
v 6.77182600 8.62651600 -3.01420800
v 6.77182600 8.62651500 -4.66489500
v 7.48167700 8.46746300 -3.94349400
v 7.48167700 8.46746300 -3.01420800
v 7.80476200 8.27437500 -3.65978300
v 7.80476200 8.27437500 -3.01420800
v 8.06427500 8.01452100 -3.39156300
v 8.06427500 8.01452100 -3.39156300
v 8.06427500 8.01452100 -3.01420800
v 8.25048300 7.69788800 -3.19364200
v 8.25048300 7.69788800 -3.19364200
v 8.25048300 7.69788800 -3.01420800
v 2.66255300 8.58636700 -5.15695800
v 2.66255300 8.58636700 -6.45148300
v 3.07038100 8.62651600 -6.45148300
v 3.07038100 8.62651500 -4.74925400
v 2.36052900 8.46746300 -5.48204300
v 2.36052900 8.46746300 -6.45148300
v 2.02884900 8.26732100 -5.78229000
v 2.03744500 8.27437500 -6.45148300
v 1.77344000 8.00904900 -6.02607300
v 1.77344000 8.00904900 -6.02607300
v 1.77793200 8.01452100 -6.45148300
v 1.59061500 7.69469600 -6.23462300
v 1.59061500 7.69469600 -6.23462300
v 1.59172200 7.69788800 -6.45148300
v 1.45775600 7.33529500 -6.36734300
v 1.45795800 7.33664500 -6.45148300
v 1.40758100 6.94467300 -6.40013500
v 1.40758100 6.94467300 -6.45148300
v 4.75992900 6.94595200 -6.37007100
v 4.75992900 6.94595200 -6.37007100
v 4.71829800 7.32965200 -6.33678200
v 4.71829800 7.32965200 -6.33678200
v 4.71829800 7.32965200 -6.33678200
v 4.59167500 7.69115500 -6.20233300
v 4.59167500 7.69115500 -6.20233300
v 4.40121100 8.01945800 -5.98247600
v 4.12876600 8.28003600 -5.72996100
v 3.81226200 8.46746300 -5.44196100
v 3.51559600 8.58636700 -5.11471800
v 3.11233400 8.62651500 -4.70707400
v 3.51585400 8.58636700 -4.29944000
v 2.62149600 8.58636700 -4.29944000
v 1.21500400 8.58636700 -4.29944000
v 1.21500400 8.62651600 -4.70707600
v 3.02826400 8.62651500 -4.70707400
v 2.32007600 8.46746300 -3.98302100
v 1.21500400 8.46746300 -3.98302100
v 1.99891700 8.27437500 -3.69704600
v 1.21500400 8.27437500 -3.69704600
v 1.74314900 8.01452100 -3.42705800
v 1.21500400 8.01452100 -3.42705800
v 1.55926300 7.69788800 -3.22632700
v 1.55926300 7.69788800 -3.22632700
v 1.21500400 7.69788800 -3.22632700
v 1.42711400 7.33664500 -3.10000100
v 1.42711400 7.33664500 -3.10000100
v 1.21500400 7.33664500 -3.10000100
v 1.37749100 6.94467300 -3.06072000
v 1.21500400 6.94467300 -3.06072000
v 3.47501800 8.58636700 -5.15718600
v 3.47501800 8.58636700 -6.45148300
v 3.77232800 8.46746300 -5.48216400
v 3.77232800 8.46746300 -6.45148300
v 4.09010200 8.27985700 -5.76707300
v 4.10035900 8.27437500 -6.45148300
v 4.36627600 8.01918600 -6.01787600
v 4.36627600 8.01918600 -6.01787600
v 4.37196000 8.01452100 -6.45148300
v 4.55911900 7.69189900 -6.23495500
v 4.55911900 7.69189900 -6.23495500
v 4.55718300 7.69788900 -6.45148300
v 4.68749300 7.33137900 -6.36716600
v 4.68718800 7.33664600 -6.45148300
v 4.73004200 6.94467300 -6.45148300
v 4.72995200 6.94550000 -6.40006700
v 3.81278700 8.46746300 -3.98302100
v 4.13932000 8.27437500 -3.69704600
v 4.40699100 8.01452100 -3.42705800
v 4.58956500 7.69788900 -3.22632700
v 4.58956500 7.69788900 -3.22632700
v 4.71301100 7.34804600 -3.10398700
v 4.71301100 7.34804600 -3.10398700
v 4.71301100 7.34804600 -3.10398700
v 4.75883300 6.95625100 -3.06188000
v 4.75883300 6.95625100 -3.06188000
v 2.62176100 8.58636700 -5.11471800
v 1.21500400 8.58636700 -5.11471800
v 2.32057500 8.46746300 -5.44196100
v 1.21500400 8.46746300 -5.44196100
v 1.98990700 8.26697400 -5.74574100
v 1.98990700 8.26697400 -5.74574100
v 1.21500400 8.26775500 -5.74499300
v 1.73821000 8.00862800 -5.99116700
v 1.73821000 8.00862800 -5.99116700
v 1.21500400 8.00905200 -5.99088100
v 1.55810300 7.69422900 -6.20181500
v 1.55810300 7.69422900 -6.20181500
v 1.21500400 7.69439000 -6.20175400
v 1.42685800 7.33481100 -6.33666300
v 1.42685800 7.33481100 -6.33666300
v 1.42685800 7.33481100 -6.33666300
v 1.21500400 7.33486200 -6.33665900
v 1.37749100 6.94467300 -6.37018100
v 1.37749100 6.94467300 -6.37018100
v 1.21500400 6.94467300 -6.37018100
v 2.66255300 8.58636700 -4.25755100
v 3.07038100 8.62651500 -4.66489500
v 3.07038100 8.62651600 -3.01420800
v 2.66255300 8.58636700 -3.01420800
v 2.36052900 8.46746300 -3.94349400
v 2.36052900 8.46746300 -3.01420800
v 2.03744500 8.27437500 -3.65978300
v 2.03744500 8.27437500 -3.65978300
v 2.03744500 8.27437500 -3.01420800
v 1.77793200 8.01452100 -3.39156300
v 1.77793200 8.01452100 -3.39156300
v 1.77793200 8.01452100 -3.39156300
v 1.77793200 8.01452100 -3.01420800
v 1.59172200 7.69788800 -3.19364200
v 1.59172200 7.69788800 -3.19364200
v 1.59172200 7.69788800 -3.01420800
v 0.06947800 8.46746300 -5.48204300
v -0.23254600 8.58636700 -5.15702300
v -0.23254600 8.58636700 -6.45148300
v 0.06947800 8.46746300 -6.45148300
v 0.40115700 8.26732100 -5.78229000
v 0.39256200 8.27437500 -6.45148300
v 0.65656700 8.00904900 -6.02607300
v 0.65656700 8.00904900 -6.02607300
v 0.65207600 8.01452100 -6.45148300
v 0.83939300 7.69469600 -6.23462300
v 0.83939300 7.69469600 -6.23462300
v 0.83828400 7.69788800 -6.45148300
v 0.97225000 7.33529500 -6.36734300
v 0.97204800 7.33664500 -6.45148300
v 1.02242700 6.94467300 -6.40013500
v 1.02242700 6.94467300 -6.45148300
v -0.19155200 8.58636700 -4.29944000
v -0.63625300 8.62643200 -4.70707400
v 0.10993100 8.46746300 -3.98302100
v 0.43109000 8.27437500 -3.69704600
v 0.68685900 8.01452100 -3.42705800
v 0.87074400 7.69788800 -3.22632700
v 0.87074400 7.69788800 -3.22632700
v 1.00289200 7.33664500 -3.10000100
v 1.00289200 7.33664500 -3.10000100
v 1.05251600 6.94467300 -3.06072000
v -0.19181600 8.58636700 -5.11471800
v 0.10943200 8.46746300 -5.44196100
v 0.44009900 8.26697400 -5.74574100
v 0.44009900 8.26697400 -5.74574100
v 0.69179700 8.00862800 -5.99116700
v 0.69179700 8.00862800 -5.99116700
v 0.87190500 7.69422900 -6.20181500
v 0.87190500 7.69422900 -6.20181500
v 1.00314800 7.33481100 -6.33666300
v 1.00314800 7.33481100 -6.33666300
v 1.00314800 7.33481100 -6.33666300
v 1.05251600 6.94467300 -6.37018100
v 1.05251600 6.94467300 -6.37018100
v 0.06947800 8.46746300 -3.94349400
v 0.06947900 8.46746300 -3.01420800
v -0.23254600 8.58636700 -3.01420800
v -0.23254600 8.58636700 -4.25748600
v 0.39256200 8.27437500 -3.65978300
v 0.39256200 8.27437500 -3.65978300
v 0.39256200 8.27437500 -3.01420800
v 0.65207600 8.01452100 -3.39156300
v 0.65207600 8.01452100 -3.39156300
v 0.65207600 8.01452100 -3.39156300
v 0.65207600 8.01452100 -3.01420800
v 0.83828400 7.69788800 -3.19364200
v 0.83828400 7.69788800 -3.19364200
v 0.83828400 7.69788800 -3.01420800
v 8.38424700 7.33664500 -3.06930700
v 8.38424700 7.33664500 -3.06930700
v 8.38424700 7.33664500 -3.01420800
v 8.43462600 6.94467300 -3.03072700
v 8.43462600 6.94467300 -3.03072700
v 8.43462600 6.94467300 -3.01420800
v 6.36718800 8.58636700 -4.25732900
v 6.36718800 8.58636700 -3.01420800
v 6.06987800 8.46746300 -3.94344300
v 6.06987800 8.46746300 -3.01420800
v 5.74184700 8.27437500 -3.66000800
v 5.74184700 8.27437500 -3.01420800
v 5.47024600 8.01452100 -3.39170000
v 5.47024600 8.01452100 -3.39170000
v 5.47024600 8.01452100 -3.01420800
v 5.28485500 7.69749600 -3.19344400
v 5.28485500 7.69749600 -3.19344400
v 5.28393700 7.69535500 -3.01420800
v 5.15981100 7.34749300 -3.07318600
v 5.15939100 7.34590700 -3.01420800
v 5.11341200 6.95609000 -3.03184500
v 5.11338400 6.95582900 -3.01420800
v 1.45795800 7.33664500 -3.06930700
v 1.45795800 7.33664500 -3.06930700
v 1.45795800 7.33664500 -3.01420800
v 1.40758100 6.94467300 -3.03072700
v 1.40758100 6.94467300 -3.03072700
v 1.40758100 6.94467300 -3.01420800
v 3.47501800 8.58636700 -4.25732900
v 3.47501800 8.58636700 -3.01420800
v 3.77232800 8.46746300 -3.94344300
v 3.77232800 8.46746300 -3.01420800
v 4.10035900 8.27437500 -3.66000800
v 4.10035900 8.27437500 -3.01420800
v 4.37196000 8.01452100 -3.39170000
v 4.37196000 8.01452100 -3.39170000
v 4.37196000 8.01452100 -3.01420800
v 4.55735100 7.69749600 -3.19344400
v 4.55735100 7.69749600 -3.19344400
v 4.55827000 7.69535500 -3.01420800
v 4.68239600 7.34749300 -3.07318600
v 4.68281400 7.34590700 -3.01420800
v 4.72879400 6.95609000 -3.03184500
v 4.72882300 6.95582900 -3.01420800
v 0.97204800 7.33664500 -3.06930700
v 0.97204800 7.33664500 -3.06930700
v 0.97204800 7.33664500 -3.01420800
v 1.02242700 6.94467300 -3.03072700
v 1.02242700 6.94467300 -3.03072700
v 1.02242700 6.94467300 -3.01420800
v 10.65700600 8.58636700 -5.15482500
v 10.65700600 8.58636700 -6.45148300
v 11.06464400 8.62651600 -6.45148300
v 11.06464400 8.62651500 -4.74918200
v 10.26503400 8.46746300 -5.47945700
v 10.26503400 8.46746300 -6.45148300
v 9.89518200 8.26730900 -5.78122300
v 9.90379200 8.27437500 -6.45148300
v 9.58265700 8.00903700 -6.02512500
v 9.58715900 8.01452100 -6.45148300
v 9.32619400 7.69469000 -6.23424200
v 9.32619400 7.69469000 -6.23424200
v 9.32730500 7.69788800 -6.45148300
v 9.20169300 7.33529500 -6.36735400
v 9.20169300 7.33529500 -6.36735400
v 9.20189500 7.33664500 -6.45148300
v 9.14316100 6.94467300 -6.40013500
v 9.14316100 6.94467300 -6.45148300
v 13.01018800 6.94504300 -6.37014900
v 13.02201700 6.94467300 -6.37018100
v 13.02201700 7.33664500 -6.33650500
v 12.96815900 7.33206700 -6.33668600
v 13.02201700 7.69788800 -6.20043700
v 12.81769200 7.69196000 -6.20210600
v 13.02201700 8.01452100 -5.98719700
v 12.57387500 8.01917500 -5.98274700
v 13.02201700 8.27437500 -5.73866100
v 12.25642500 8.27985700 -5.73023600
v 13.02201700 8.46746300 -5.44196000
v 11.90803000 8.46746300 -5.44196100
v 13.02201700 8.58636700 -5.11471500
v 11.51578200 8.58636700 -5.11471800
v 13.02201700 8.62651600 -4.70707800
v 11.10675000 8.62651500 -4.70707400
v 11.51614900 8.58636700 -4.29944000
v 13.02201700 8.58636700 -4.29944100
v 10.61313800 8.58636700 -4.29944000
v 11.02253700 8.62651500 -4.70707400
v 10.22059600 8.46746300 -3.98302100
v 9.86270100 8.27437500 -3.69704600
v 9.54949000 8.01452100 -3.42705800
v 9.54949000 8.01452100 -3.42705800
v 9.29353300 7.69788800 -3.22632700
v 9.29353300 7.69788800 -3.22632700
v 9.17111000 7.33664500 -3.10000100
v 9.17111000 7.33664500 -3.10000100
v 9.11298600 6.94467300 -3.06072000
v 9.11298600 6.94467300 -3.06072000
v 9.20189500 7.33664500 -2.23511100
v 9.20189500 7.33664500 -2.23511100
v 9.20189500 7.33664500 -2.23511100
v 9.20189500 7.33664500 -3.06929700
v 9.20189500 7.33664500 -3.06929700
v 9.32730500 7.69788800 -3.19400400
v 9.32730500 7.69788800 -3.19400400
v 9.32730500 7.69788800 -2.11223600
v 9.32730500 7.69788800 -2.11223600
v 9.32730500 7.69788800 -2.11223600
v 9.14316100 6.94467300 -2.29323100
v 9.14316100 6.94467300 -2.29323100
v 9.14316100 6.94467300 -3.03072800
v 12.96860400 7.32865400 -2.20552400
v 12.96860400 7.32865400 -2.20552400
v 13.01022200 6.94467300 -2.26305900
v 13.02201700 6.94467300 -2.26305900
v 13.02201700 7.33664400 -2.20432600
v 13.02201700 7.69788800 -2.07891600
v 12.82051300 7.68612500 -2.08300000
v 12.82051300 7.68612500 -2.08300000
v 13.02201700 8.01452000 -1.81906300
v 13.02201700 8.01452000 -1.81906300
v 12.57821700 8.01452100 -1.81906200
v 12.57821700 8.01452100 -1.81906200
v 13.02201700 8.27437400 -1.50243000
v 12.26424100 8.27437500 -1.50242900
v 13.02201700 8.46746300 -1.14118600
v 11.90479900 8.46746300 -1.14118600
v 13.02201700 8.58636600 -0.74921500
v 11.51398800 8.58636700 -0.74921200
v 11.47228100 8.58636700 -5.15482500
v 11.47228100 8.58636700 -6.45148300
v 11.86425300 8.46746300 -5.47948200
v 11.86425300 8.46746300 -6.45148300
v 12.21522500 8.27986500 -5.76608400
v 12.22549600 8.27437500 -6.45148300
v 12.53643300 8.01919400 -6.01710000
v 12.53643300 8.01919400 -6.01710000
v 12.54212900 8.01452100 -6.45148300
v 12.78425300 7.69189100 -6.23465000
v 12.78425300 7.69189100 -6.23465000
v 12.78425300 7.69189100 -6.23465000
v 12.78231200 7.69788900 -6.45148300
v 12.93763100 7.33137800 -6.36713900
v 12.93763100 7.33137800 -6.36713900
v 12.93763100 7.33137800 -6.36713900
v 12.93732300 7.33664600 -6.45148300
v 12.98020100 6.94467300 -6.45148300
v 12.98011100 6.94550000 -6.40006700
v 12.98011100 6.94550000 -6.40006700
v 11.90869100 8.46746300 -3.98302100
v 13.02201700 8.46746300 -3.98302200
v 12.26658700 8.27437500 -3.69704600
v 13.02201700 8.27437500 -3.69704700
v 12.57934400 8.01452100 -3.42705800
v 12.57934400 8.01452100 -3.42705800
v 13.02201700 8.01452100 -3.42705900
v 13.02201700 8.01452100 -3.42705900
v 12.81609700 7.69788900 -3.22632700
v 12.81609700 7.69788900 -3.22632700
v 13.02201700 7.69788900 -3.22632700
v 12.96457800 7.34412400 -3.10261500
v 12.96457800 7.34412400 -3.10261500
v 13.02201700 7.33664600 -3.10000100
v 13.00997300 6.94798800 -3.06105300
v 13.02201700 6.94467400 -3.06072100
v 10.61350500 8.58636700 -5.11471800
v 10.22129200 8.46746300 -5.44196100
v 9.85366500 8.26697100 -5.74574200
v 9.54450000 8.00862800 -5.99116700
v 9.54450000 8.00862800 -5.99116700
v 9.29240700 7.69422900 -6.20181500
v 9.29240700 7.69422900 -6.20181500
v 9.17085100 7.33481100 -6.33666300
v 9.17085100 7.33481100 -6.33666300
v 9.11298500 6.94467300 -6.37018100
v 9.11298500 6.94467300 -6.37018100
v 11.06464400 8.62651500 -4.66496700
v 10.65700600 8.58636700 -0.79091900
v 10.65700600 8.58636700 -4.25958900
v 11.86425300 8.46746300 -1.18173100
v 11.47228100 8.58636700 -0.79091800
v 11.47228100 8.58636700 -4.25958900
v 11.86425300 8.46746300 -3.94596900
v 10.26503400 8.46746300 -1.18173100
v 10.26503400 8.46746300 -3.94596900
v 12.22549600 8.27437500 -1.54117500
v 12.22549600 8.27437500 -3.66097400
v 9.90379200 8.27437500 -1.54117500
v 9.90379200 8.27437500 -3.66097400
v 12.54212900 8.01452100 -1.85564400
v 12.54212900 8.01452100 -1.85564400
v 12.54212900 8.01452100 -3.39248600
v 12.54212900 8.01452100 -3.39248600
v 9.58715900 8.01452100 -1.85557700
v 9.58715900 8.01452100 -1.85557700
v 9.58715900 8.01452100 -3.39258900
v 12.78800200 7.68463300 -2.11676600
v 12.78800200 7.68463300 -2.11676600
v 12.78247900 7.69750000 -3.19377800
v 12.78247900 7.69750000 -3.19377800
v 12.93253200 7.34749400 -3.07322700
v 12.93253200 7.34749400 -3.07322700
v 12.93846900 7.32499900 -2.23672400
v 12.93846900 7.32499900 -2.23672400
v 12.97895300 6.95609000 -3.03184500
v 12.97895300 6.95609000 -3.03184500
v 12.98015400 6.94512100 -2.29316800
v 12.98015400 6.94512100 -2.29316800
v 9.11299000 6.94467300 -2.26305900
v 9.17111100 7.33664500 -2.20432600
v 8.78889300 7.33664500 -2.20432600
v 8.78889300 6.94467300 -2.26305900
v 9.29398500 7.69788800 -2.07891600
v 8.78889300 7.69788800 -2.07891600
v 9.55064500 8.01452100 -1.81906200
v 8.78889300 8.01452100 -1.81906200
v 9.86504500 8.27437500 -1.50242900
v 8.78889300 8.27437500 -1.50243000
v 10.22448900 8.46746300 -1.14118500
v 8.78889300 8.46746300 -1.14118500
v 10.61529900 8.58636700 -0.74921200
v 8.78889300 8.58636700 -0.74921200
v -0.63625300 8.62611000 -6.45148300
v -0.63625300 8.62627100 -4.75090100
v -0.63625300 8.62611000 -3.01420800
v -0.63625300 8.62627100 -4.66324800
v -8.45215800 8.58636700 -5.11471800
v -8.45215800 8.58636700 -6.45148300
v -8.04433200 8.62651600 -6.45148300
v -8.04433200 8.62651500 -4.70707400
v -8.75418300 8.46746300 -5.44196100
v -8.75418300 8.46746300 -6.45148300
v -9.08633300 8.26693500 -5.74577800
v -9.07726800 8.27437500 -6.45148300
v -9.34164200 8.00860000 -5.99118500
v -9.33678100 8.01452100 -6.45148300
v -9.52426500 7.69421300 -6.20182100
v -9.52426500 7.69421300 -6.20182100
v -9.52299000 7.69788800 -6.45148300
v -9.65703000 7.33480300 -6.33666400
v -9.65703000 7.33480300 -6.33666400
v -9.65675400 7.33664500 -6.45148300
v -9.70713100 6.94467300 -6.37018100
v -9.70713100 6.94467300 -6.37018100
v -9.70713100 6.94467300 -6.45148300
v -6.38481300 6.94598300 -6.37006800
v -6.38481300 6.94598300 -6.37006800
v -6.19361000 6.94578200 -6.37008400
v -6.19361000 7.33077500 -6.33673700
v -6.42710800 7.32948200 -6.33678800
v -6.42710800 7.32948200 -6.33678800
v -6.19361000 7.69275200 -6.20188200
v -6.55530200 7.69099900 -6.20237700
v -6.55530200 7.69099900 -6.20237700
v -6.19361000 8.01783300 -5.98403000
v -6.74890300 8.01956800 -5.98236900
v -6.19361000 8.27761400 -5.73368400
v -7.02516800 8.28015600 -5.72977700
v -6.19361000 8.46746300 -5.44196000
v -7.34238400 8.46746300 -5.44196100
v -6.19361000 8.58636700 -5.11471600
v -7.63969400 8.58636700 -5.11471800
v -6.19361000 8.62651600 -4.70707600
v -7.63969400 8.58636700 -4.29944000
v -6.19361000 8.58636700 -4.29944000
v -8.45215800 8.58636700 -4.29944000
v -10.06139900 8.58636700 -4.29944000
v -10.06139900 8.62651600 -4.70707600
v -8.75418300 8.46746300 -3.98302100
v -10.06139900 8.46746300 -3.98302100
v -9.07726800 8.27437500 -3.69704600
v -10.06139900 8.27437500 -3.69704600
v -9.33678100 8.01452100 -3.42705800
v -10.06139900 8.01452100 -3.42705800
v -9.52299000 7.69788800 -3.22632700
v -9.52299000 7.69788800 -3.22632700
v -10.06139900 7.69788900 -3.22632700
v -9.65675400 7.33664500 -3.10000100
v -9.65675400 7.33664500 -3.10000100
v -10.06139900 7.33664500 -3.10000100
v -9.70713100 6.94467300 -3.06072000
v -9.70713100 6.94467300 -3.06072000
v -10.06139900 6.94467300 -3.06072000
v -7.63969400 8.58636700 -6.45148300
v -7.34238400 8.46746300 -6.45148300
v -7.01435300 8.27437500 -6.45148300
v -6.74275300 8.01452100 -6.45148300
v -6.55753100 7.69788900 -6.45148300
v -6.42752400 7.33664600 -6.45148300
v -6.38467000 6.94467300 -6.45148300
v -7.34238400 8.46746300 -3.98302100
v -6.19361000 8.46746300 -3.98302100
v -7.01435300 8.27437500 -3.69704600
v -6.19361000 8.27437500 -3.69704700
v -6.74275300 8.01452100 -3.42705800
v -6.19361000 8.01452100 -3.42705800
v -6.55753100 7.69788900 -3.22632700
v -6.55753100 7.69788900 -3.22632700
v -6.19361000 7.69788900 -3.22632700
v -6.43253700 7.34832300 -3.10408400
v -6.43253700 7.34832300 -3.10408400
v -6.19361000 7.34617400 -3.10333300
v -6.38596700 6.95653700 -3.06190900
v -6.38596700 6.95653700 -3.06190900
v -6.19361000 6.95471400 -3.06172600
v -10.06139900 8.58636700 -5.11471800
v -10.06139900 8.46746300 -5.44196100
v -10.06139900 8.26791700 -5.74483800
v -10.06139900 8.00918200 -5.99079300
v -10.06139900 7.69446500 -6.20172600
v -10.06139900 7.33490200 -6.33665600
v -10.06139900 6.94467300 -6.37018100
v -8.04433200 8.62651600 -3.01420800
v -8.45215800 8.58636700 -3.01420800
v -8.75418300 8.46746300 -3.01420800
v -9.07726800 8.27437500 -3.01420800
v -9.33678100 8.01452100 -3.01420800
v -9.52299000 7.69788800 -3.01420800
v -3.93506000 8.58636700 -5.15695800
v -4.34288700 8.62651500 -4.74925400
v -4.34288700 8.62651600 -6.45148300
v -3.93506000 8.58636700 -6.45148300
v -3.63303500 8.46746300 -5.48204300
v -3.63303500 8.46746300 -6.45148300
v -3.30135500 8.26732100 -5.78229000
v -3.30995100 8.27437500 -6.45148300
v -3.04594700 8.00904900 -6.02607300
v -3.04594700 8.00904900 -6.02607300
v -3.05043700 8.01452100 -6.45148300
v -2.86312100 7.69469600 -6.23462300
v -2.86312100 7.69469600 -6.23462300
v -2.86422900 7.69788800 -6.45148300
v -2.73026200 7.33529500 -6.36734300
v -2.73046400 7.33664500 -6.45148300
v -2.68008700 6.94467300 -6.40013500
v -2.68008700 6.94467300 -6.45148300
v -6.03243400 6.94595200 -6.37007100
v -6.03243400 6.94595200 -6.37007100
v -5.99080400 7.32965200 -6.33678200
v -5.99080400 7.32965200 -6.33678200
v -5.99080400 7.32965200 -6.33678200
v -5.86418100 7.69115500 -6.20233300
v -5.86418100 7.69115500 -6.20233300
v -5.67371700 8.01945800 -5.98247600
v -5.40127200 8.28003600 -5.72996100
v -5.08476800 8.46746300 -5.44196100
v -4.78810200 8.58636700 -5.11471800
v -4.38484000 8.62651500 -4.70707400
v -4.78835900 8.58636700 -4.29944000
v -3.89400100 8.58636700 -4.29944000
v -4.30076900 8.62651500 -4.70707400
v -2.48751000 8.62651600 -4.70707600
v -2.48751000 8.58636700 -4.29944000
v -3.59258100 8.46746300 -3.98302100
v -2.48751000 8.46746300 -3.98302100
v -3.27142300 8.27437500 -3.69704600
v -2.48751000 8.27437500 -3.69704600
v -3.01565400 8.01452100 -3.42705800
v -2.48751000 8.01452100 -3.42705800
v -2.83176900 7.69788800 -3.22632700
v -2.83176900 7.69788800 -3.22632700
v -2.48751000 7.69788800 -3.22632700
v -2.69962000 7.33664500 -3.10000100
v -2.69962000 7.33664500 -3.10000100
v -2.48751000 7.33664500 -3.10000100
v -2.64999800 6.94467300 -3.06072000
v -2.48751000 6.94467300 -3.06072000
v -4.74752400 8.58636700 -5.15718600
v -4.74752400 8.58636700 -6.45148300
v -5.04483400 8.46746300 -5.48216400
v -5.04483400 8.46746300 -6.45148300
v -5.36260900 8.27985700 -5.76707300
v -5.37286500 8.27437500 -6.45148300
v -5.63878100 8.01918600 -6.01787600
v -5.63878100 8.01918600 -6.01787600
v -5.64446500 8.01452100 -6.45148300
v -5.83162600 7.69189900 -6.23495500
v -5.83162600 7.69189900 -6.23495500
v -5.82968800 7.69788900 -6.45148300
v -5.96000000 7.33137900 -6.36716600
v -5.95969400 7.33664600 -6.45148300
v -6.00245800 6.94550000 -6.40006700
v -6.00254800 6.94467300 -6.45148300
v -5.08529300 8.46746300 -3.98302100
v -5.41182600 8.27437500 -3.69704600
v -5.67949600 8.01452100 -3.42705800
v -5.86207200 7.69788900 -3.22632700
v -5.86207200 7.69788900 -3.22632700
v -5.98551600 7.34804600 -3.10398700
v -5.98551600 7.34804600 -3.10398700
v -5.98551600 7.34804600 -3.10398700
v -6.03133900 6.95625100 -3.06188000
v -6.03133900 6.95625100 -3.06188000
v -3.89426600 8.58636700 -5.11471800
v -2.48751000 8.58636700 -5.11471800
v -3.59308100 8.46746300 -5.44196100
v -2.48751000 8.46746300 -5.44196100
v -3.26241200 8.26697400 -5.74574100
v -3.26241200 8.26697400 -5.74574100
v -2.48751000 8.26775500 -5.74499300
v -3.01071500 8.00862800 -5.99116700
v -3.01071500 8.00862800 -5.99116700
v -2.48751000 8.00905200 -5.99088100
v -2.83060900 7.69422900 -6.20181500
v -2.83060900 7.69422900 -6.20181500
v -2.48751000 7.69439000 -6.20175400
v -2.69936400 7.33481100 -6.33666300
v -2.69936400 7.33481100 -6.33666300
v -2.69936400 7.33481100 -6.33666300
v -2.48751000 7.33486200 -6.33665900
v -2.64999800 6.94467300 -6.37018100
v -2.64999800 6.94467300 -6.37018100
v -2.48751000 6.94467300 -6.37018100
v -3.93506000 8.58636700 -4.25755100
v -3.93506000 8.58636700 -3.01420800
v -4.34288700 8.62651600 -3.01420800
v -4.34288700 8.62651500 -4.66489500
v -3.63303500 8.46746300 -3.94349400
v -3.63303500 8.46746300 -3.01420800
v -3.30995100 8.27437500 -3.65978300
v -3.30995100 8.27437500 -3.65978300
v -3.30995100 8.27437500 -3.01420800
v -3.05043700 8.01452100 -3.39156300
v -3.05043700 8.01452100 -3.39156300
v -3.05043700 8.01452100 -3.39156300
v -3.05043700 8.01452100 -3.01420800
v -2.86422900 7.69788800 -3.19364200
v -2.86422900 7.69788800 -3.19364200
v -2.86422900 7.69788800 -3.01420800
v -1.34198400 8.46746300 -5.48204300
v -1.34198400 8.46746300 -6.45148300
v -1.03996000 8.58636700 -6.45148300
v -1.03996000 8.58636700 -5.15702300
v -1.67366300 8.26732100 -5.78229000
v -1.66506800 8.27437500 -6.45148300
v -1.92907300 8.00904900 -6.02607300
v -1.92907300 8.00904900 -6.02607300
v -1.92458100 8.01452100 -6.45148300
v -2.11189900 7.69469600 -6.23462300
v -2.11189900 7.69469600 -6.23462300
v -2.11079000 7.69788800 -6.45148300
v -2.24475600 7.33529500 -6.36734300
v -2.24455400 7.33664500 -6.45148300
v -2.29493300 6.94467300 -6.40013500
v -2.29493300 6.94467300 -6.45148300
v -1.08095400 8.58636700 -4.29944000
v -1.38243700 8.46746300 -3.98302100
v -1.70359600 8.27437500 -3.69704600
v -1.95936500 8.01452100 -3.42705800
v -2.14325000 7.69788800 -3.22632700
v -2.14325000 7.69788800 -3.22632700
v -2.27539800 7.33664500 -3.10000100
v -2.27539800 7.33664500 -3.10000100
v -2.32502300 6.94467300 -3.06072000
v -1.08069000 8.58636700 -5.11471800
v -1.38193800 8.46746300 -5.44196100
v -1.71260500 8.26697400 -5.74574100
v -1.71260500 8.26697400 -5.74574100
v -1.96430400 8.00862800 -5.99116700
v -1.96430400 8.00862800 -5.99116700
v -2.14441000 7.69422900 -6.20181500
v -2.14441000 7.69422900 -6.20181500
v -2.27565400 7.33481100 -6.33666300
v -2.27565400 7.33481100 -6.33666300
v -2.27565400 7.33481100 -6.33666300
v -2.32502300 6.94467300 -6.37018100
v -2.32502300 6.94467300 -6.37018100
v -1.34198400 8.46746300 -3.94349400
v -1.03996000 8.58636700 -4.25748600
v -1.03996000 8.58636700 -3.01420800
v -1.34198500 8.46746300 -3.01420800
v -1.66506800 8.27437500 -3.65978300
v -1.66506800 8.27437500 -3.65978300
v -1.66506800 8.27437500 -3.01420800
v -1.92458100 8.01452100 -3.39156300
v -1.92458100 8.01452100 -3.39156300
v -1.92458100 8.01452100 -3.39156300
v -1.92458100 8.01452100 -3.01420800
v -2.11079000 7.69788800 -3.19364200
v -2.11079000 7.69788800 -3.19364200
v -2.11079000 7.69788800 -3.01420800
v -9.65675400 7.33664500 -3.01420800
v -9.70713100 6.94467300 -3.01420800
v -7.63969400 8.58636700 -3.01420800
v -7.34238400 8.46746300 -3.01420800
v -7.01435300 8.27437500 -3.01420800
v -6.74275300 8.01452100 -3.01420800
v -6.55644200 7.69535500 -3.01420800
v -6.43189800 7.34590700 -3.01420800
v -6.38589000 6.95582900 -3.01420800
v -2.73046400 7.33664500 -3.06930700
v -2.73046400 7.33664500 -3.06930700
v -2.73046400 7.33664500 -3.01420800
v -2.68008700 6.94467300 -3.03072700
v -2.68008700 6.94467300 -3.03072700
v -2.68008700 6.94467300 -3.01420800
v -4.74752400 8.58636700 -3.01420800
v -4.74752400 8.58636700 -4.25732900
v -5.04483400 8.46746300 -3.01420800
v -5.04483400 8.46746300 -3.94344300
v -5.37286500 8.27437500 -3.01420800
v -5.37286500 8.27437500 -3.66000800
v -5.64446500 8.01452100 -3.01420800
v -5.64446500 8.01452100 -3.39170000
v -5.64446500 8.01452100 -3.39170000
v -5.83077600 7.69535500 -3.01420800
v -5.82985700 7.69749600 -3.19344400
v -5.82985700 7.69749600 -3.19344400
v -5.95532000 7.34590700 -3.01420800
v -5.95490100 7.34749300 -3.07318600
v -6.00132800 6.95582900 -3.01420800
v -6.00130000 6.95609000 -3.03184500
v -2.24455400 7.33664500 -3.01420800
v -2.24455400 7.33664500 -3.06930700
v -2.24455400 7.33664500 -3.06930700
v -2.29493300 6.94467300 -3.01420800
v -2.29493300 6.94467300 -3.03072700
v -2.29493300 6.94467300 -3.03072700
v -12.33715000 8.62651600 -6.45148300
v -11.92951400 8.58636700 -6.45148300
v -11.92951400 8.58636700 -5.11471800
v -12.33715000 8.62651500 -4.70707400
v -11.53754200 8.46746300 -6.45148300
v -11.53754200 8.46746300 -5.44196100
v -11.17629800 8.27437500 -6.45148300
v -11.16723300 8.26693500 -5.74577800
v -10.85966400 8.01452100 -6.45148300
v -10.85480500 8.00860000 -5.99118500
v -10.59981100 7.69788800 -6.45148300
v -10.59853600 7.69421300 -6.20182100
v -10.59853600 7.69421300 -6.20182100
v -10.47440100 7.33664500 -6.45148300
v -10.47412500 7.33480300 -6.33666400
v -10.47412500 7.33480300 -6.33666400
v -10.41566700 6.94467300 -6.45148300
v -10.41566700 6.94467300 -6.37018100
v -10.41566700 6.94467300 -6.37018100
v -14.29452400 7.33664500 -6.33650500
v -14.29452400 6.94467300 -6.37018100
v -14.25256300 6.94598300 -6.37006800
v -14.25256300 6.94598300 -6.37006800
v -14.21024700 7.32948200 -6.33678800
v -14.21024700 7.32948200 -6.33678800
v -14.29452400 7.69788800 -6.20043700
v -14.05704800 7.69099900 -6.20237700
v -14.05704800 7.69099900 -6.20237700
v -14.29452400 8.01452100 -5.98719700
v -13.80848400 8.01956800 -5.98236900
v -14.29452400 8.27437500 -5.73866100
v -13.48718500 8.28015600 -5.72977700
v -14.29452400 8.46746300 -5.44196000
v -13.13676000 8.46746300 -5.44196100
v -14.29452400 8.58636700 -5.11471500
v -12.74478800 8.58636700 -5.11471800
v -14.29452400 8.62651600 -4.70707800
v -12.74478800 8.58636700 -4.29944000
v -14.29452400 8.58636700 -4.29944100
v -11.92951400 8.58636700 -4.29944000
v -11.53754200 8.46746300 -3.98302100
v -11.17629800 8.27437500 -3.69704600
v -10.85966400 8.01452100 -3.42705800
v -10.59981100 7.69788800 -3.22632700
v -10.59981100 7.69788800 -3.22632700
v -10.47440100 7.33664500 -3.10000100
v -10.47440100 7.33664500 -3.10000100
v -10.41566700 6.94467300 -3.06072000
v -10.41566700 6.94467300 -3.06072000
v -10.47440100 7.33664500 -2.20432600
v -10.47440100 7.33664500 -2.20432600
v -10.59981100 7.69788800 -2.07891600
v -10.59981100 7.69788800 -2.07891600
v -10.41566700 6.94467300 -2.26305900
v -10.41566700 6.94467300 -2.26305900
v -14.21119400 7.32417800 -2.20619400
v -14.21119400 7.32417800 -2.20619400
v -14.29452400 7.33664400 -2.20432600
v -14.29452400 6.94467300 -2.26305900
v -14.25270800 6.94467300 -2.26305900
v -14.25270800 6.94467300 -2.26305900
v -14.29452400 7.69788800 -2.07891600
v -14.06067600 7.68423700 -2.08365500
v -14.06067600 7.68423700 -2.08365500
v -14.29452400 8.01452000 -1.81906300
v -14.29452400 8.01452000 -1.81906300
v -13.81463400 8.01452100 -1.81906200
v -13.81463400 8.01452100 -1.81906200
v -14.29452400 8.27437400 -1.50243000
v -13.49800000 8.27437500 -1.50242900
v -14.29452400 8.46746300 -1.14118600
v -13.13676000 8.46746300 -1.14118600
v -14.29452400 8.58636600 -0.74921500
v -12.74478800 8.58636700 -0.74921200
v -12.74478800 8.58636700 -6.45148300
v -13.13676000 8.46746300 -6.45148300
v -13.49800000 8.27437500 -6.45148300
v -13.81463400 8.01452100 -6.45148300
v -14.05482200 7.69788900 -6.45148300
v -14.20983200 7.33664600 -6.45148300
v -14.25270800 6.94467300 -6.45148300
v -13.13676000 8.46746300 -3.98302100
v -14.29452400 8.46746300 -3.98302200
v -13.49800000 8.27437500 -3.69704600
v -14.29452400 8.27437500 -3.69704700
v -13.81463400 8.01452100 -3.42705800
v -13.81463400 8.01452100 -3.42705800
v -14.29452400 8.01452100 -3.42705900
v -14.29452400 8.01452100 -3.42705900
v -14.05482200 7.69788900 -3.22632700
v -14.05482200 7.69788900 -3.22632700
v -14.29452400 7.69788900 -3.22632700
v -14.20481900 7.34832300 -3.10408400
v -14.20481900 7.34832300 -3.10408400
v -14.29452400 7.33664600 -3.10000100
v -14.25141100 6.95653700 -3.06190900
v -14.25141100 6.95653700 -3.06190900
v -14.29452400 6.94467400 -3.06072100
v -11.92951400 8.58636700 -0.74921200
v -11.53754200 8.46746300 -1.14118500
v -11.17629800 8.27437500 -1.50242900
v -10.85966400 8.01452100 -1.81906200
v -10.06139900 6.94467300 -2.26305900
v -10.06139900 7.33664500 -2.20432600
v -10.06139900 7.69788800 -2.07891600
v -10.06139900 8.01452100 -1.81906200
v -10.06139900 8.27437500 -1.50243000
v -10.06139900 8.46746300 -1.14118500
v -10.06139900 8.58636700 -0.74921200
v 11.06464400 8.62651500 -4.70707400
v 6.77182600 8.62651500 -4.70707400
v 3.07038100 8.62651500 -4.70707400
v -4.34288700 8.62651500 -4.70707400
v 8.92656800 6.93951500 2.25295300
v 8.92656800 6.93951500 2.25295300
v 8.92656800 9.21728500 2.25295300
v 8.92656800 9.21728500 2.25295300
v 8.62329300 6.93766800 2.25295300
v 8.43424300 7.63707700 2.25295300
v 8.06407500 7.96744500 2.25295300
v 7.64219000 9.21728500 2.25295300
v 7.64219000 8.18829100 2.25295300
v 6.85013700 7.63707700 2.25295300
v 7.22030500 7.96744500 2.25295300
v 6.77270600 9.21728500 2.25295300
v 6.77270600 7.35061500 2.25295300
v 5.11116900 7.64792600 2.25295300
v 5.48133700 8.00441500 2.25295300
v 4.93674100 9.21728500 2.25295300
v 4.91685900 7.17518800 2.25295300
v 5.90322300 8.18829100 2.25295300
v 5.90322300 9.21728500 2.25295300
v 6.69527600 7.63707700 2.25295300
v 6.32510800 7.96744500 2.25295300
v 4.79933700 7.44660600 2.25295300
v 4.52757300 7.84949000 2.25295300
v 4.15673900 8.10102800 2.25295300
v 3.92267100 9.21728500 2.25295300
v 3.92267100 8.20709700 2.25295300
v 3.06219100 9.21728500 2.25295300
v 3.73385500 8.14666300 2.25295300
v 3.32942800 7.86531100 2.25295300
v 3.06219100 7.52452200 2.25295300
v 2.81446300 7.76565700 2.25295300
v 2.50429900 8.02839600 2.25295300
v 2.19413500 9.21728500 2.25295300
v 2.19413500 8.15793300 2.25295300
v 1.21117600 9.21728500 2.25295300
v 1.83682900 7.99522300 2.25295300
v 1.47952300 7.66312600 2.25295300
v 1.21117600 7.11556900 2.25295200
v 0.91282000 7.76273300 2.25295300
v 0.52392900 8.03385400 2.25295300
v 0.22557300 9.21728500 2.25295300
v 0.22557300 8.18286100 2.25295300
v -0.66860700 9.21728500 2.25295300
v -0.03660200 8.05036900 2.25295200
v -0.36814300 7.81220300 2.25295200
v -0.66858200 7.51742700 2.25295200
v 8.92656800 6.94019900 1.71387400
v 8.92656800 8.13922000 0.61156600
v 8.92656800 7.85997200 0.02822800
v 8.92656800 9.21728500 -0.36006200
v 8.92656800 9.21728500 0.61156600
v 8.92656800 7.85997200 1.19490400
v 8.92656800 7.48168000 -0.26344200
v 8.92656800 7.48168000 1.48657300
v 8.92656800 7.33583800 -0.36006200
v 8.92656800 6.93951500 -2.95494100
v 8.92656800 6.93951500 -2.95494100
v 8.62329300 6.93766800 -2.95494100
v 8.92656800 9.21728500 -2.95494100
v 8.92656800 9.21728500 -2.95494100
v 8.43424300 7.63707700 -2.95494100
v 8.06407500 7.96744400 -2.95494100
v 7.64219000 8.18829100 -2.95494100
v 7.64219000 9.21728500 -2.95494100
v 6.85013700 7.63707700 -2.95494100
v 6.77270600 9.21728500 -2.95494100
v 7.22030500 7.96744400 -2.95494100
v 6.77270600 7.35061500 -2.95494100
v 5.11116900 7.64792600 -2.95494100
v 4.93674100 9.21728500 -2.95494100
v 5.48133700 8.00441500 -2.95494100
v 4.91685900 7.17518800 -2.95494100
v 5.90322300 9.21728500 -2.95494100
v 5.90322300 8.18829100 -2.95494100
v 6.69527600 7.63707700 -2.95494100
v 6.32510800 7.96744400 -2.95494100
v 4.79933700 7.44660600 -2.95494100
v 4.52757300 7.84949000 -2.95494100
v 4.15673900 8.10102700 -2.95494100
v 3.92267100 8.20709700 -2.95494100
v 3.92267100 9.21728500 -2.95494100
v 3.73385500 8.14666200 -2.95494100
v 3.06219100 9.21728500 -2.95494100
v 3.32942800 7.86531100 -2.95494100
v 3.06219100 7.52452200 -2.95494100
v 2.81446300 7.76565700 -2.95494100
v 2.50429900 8.02839500 -2.95494100
v 2.19413500 8.15793300 -2.95494100
v 2.19413500 9.21728500 -2.95494100
v 1.83682900 7.99522300 -2.95494100
v 1.21117600 9.21728500 -2.95494100
v 1.47952300 7.66312600 -2.95494100
v 1.21117600 7.11556900 -2.95494100
v 0.91281900 7.76273300 -2.95494100
v 0.52392900 8.03385400 -2.95494100
v 0.22557300 8.18286100 -2.95494100
v 0.22557300 9.21728500 -2.95494100
v -0.03660200 8.05036900 -2.95494000
v -0.66858200 9.21728500 -2.95494100
v -0.36814300 7.81220300 -2.95494000
v -0.62938200 7.51742700 -2.95494000
v 8.92656800 6.94019900 -2.40713900
v 8.92656800 7.85997200 -0.74835200
v 8.92656800 8.13922000 -1.33169000
v 8.92656800 9.21728500 -1.33169000
v 8.92656800 7.85997200 -1.91502800
v 8.92656800 7.48168000 -0.45668300
v 8.92656800 7.48168000 -2.20669800
v -10.22566900 6.93951500 2.25295300
v -10.22566900 6.93951500 2.25295300
v -9.96045700 6.93766800 2.25295300
v -10.22566900 9.21728500 2.25295300
v -10.22566900 9.21728500 2.25295300
v -9.71566300 7.63707700 2.25295300
v -9.40124000 7.96744500 2.25295300
v -8.97935500 8.18829100 2.25295300
v -8.97935500 9.21728500 2.25295300
v -8.18730100 7.63707700 2.25295300
v -8.10987100 9.21728500 2.25295300
v -8.55746800 7.96744500 2.25295300
v -8.07992400 7.35061500 2.25295300
v -6.44833400 7.64792600 2.25295300
v -6.27390500 9.21728500 2.25295300
v -6.81850100 8.00441500 2.25295300
v -6.18874800 7.17518800 2.25295300
v -7.24038700 9.21728500 2.25295300
v -7.24038700 8.18829100 2.25295300
v -7.94922000 7.63707700 2.25295300
v -7.66227300 7.96744500 2.25295300
v -6.08313600 7.44660600 2.25295300
v -5.83521100 7.84949000 2.25295300
v -5.49390400 8.10102800 2.25295300
v -5.25983600 8.20709700 2.25295300
v -5.25983600 9.21728500 2.25295300
v -5.07101900 8.14666300 2.25295300
v -4.39935500 9.21728500 2.25295300
v -4.66659200 7.86531100 2.25295300
v -4.32594200 7.52452200 2.25295300
v -4.15162700 7.76565700 2.25295300
v -3.84146200 8.02839600 2.25295300
v -3.53129900 8.15793300 2.25295300
v -3.53129900 9.21728500 2.25295300
v -3.17399300 7.99522300 2.25295300
v -2.54834000 9.21728500 2.25295300
v -2.81668700 7.66312600 2.25295300
v -2.50268700 7.11556900 2.25295300
v -2.19856400 7.76273300 2.25295300
v -1.86109400 8.03385400 2.25295300
v -1.56273700 8.18286100 2.25295300
v -1.56273700 9.21728500 2.25295300
v -1.30056300 8.05036900 2.25295200
v -0.96902200 7.81220300 2.25295200
v -10.22566900 6.94019900 1.71387400
v -10.22566900 9.21728500 -0.36006200
v -10.22566900 7.85997200 0.02822800
v -10.22566900 8.13922000 0.61156600
v -10.22566900 9.21728500 0.61156600
v -10.22566900 7.85997200 1.19490400
v -10.22566900 7.48168000 -0.26344200
v -10.22566900 7.48168000 1.48657300
v -10.22566900 7.33583800 -0.36006200
v -10.22566900 6.93951500 -2.95494100
v -10.22566900 6.93951500 -2.95494100
v -10.22566900 9.21728500 -2.95494100
v -10.22566900 9.21728500 -2.95494100
v -9.96045700 6.93766800 -2.95494100
v -9.77140900 7.63707700 -2.95494100
v -9.40124000 7.96744400 -2.95494100
v -8.97935500 9.21728500 -2.95494100
v -8.97935500 8.18829100 -2.95494100
v -8.18730100 7.63707700 -2.95494100
v -8.55746800 7.96744400 -2.95494100
v -8.10987100 9.21728500 -2.95494100
v -8.10987100 7.35061500 -2.95494100
v -6.44833400 7.64792600 -2.95494100
v -6.81850100 8.00441500 -2.95494100
v -6.27390500 9.21728500 -2.95494100
v -6.19215500 7.17518800 -2.95494100
v -7.24038700 8.18829100 -2.95494100
v -7.24038700 9.21728500 -2.95494100
v -7.96841600 7.63707700 -2.95494100
v -7.66227300 7.96744400 -2.95494100
v -6.09126100 7.44660600 -2.95494100
v -5.82792200 7.84949000 -2.95494100
v -5.49390400 8.10102700 -2.95494100
v -5.25983600 9.21728500 -2.95494100
v -5.25983600 8.20709700 -2.95494100
v -4.39935500 9.21728500 -2.95494100
v -5.07101900 8.14666200 -2.95494100
v -4.66659200 7.86531100 -2.95494100
v -4.33754800 7.52452200 -2.95494100
v -4.15162700 7.76565700 -2.95494100
v -3.84146200 8.02839500 -2.95494100
v -3.53129900 9.21728500 -2.95494100
v -3.53129900 8.15793300 -2.95494100
v -2.54834000 9.21728500 -2.95494100
v -3.17399300 7.99522300 -2.95494100
v -2.81668700 7.66312600 -2.95494100
v -2.49040900 7.11556900 -2.95494100
v -2.19842200 7.76273300 -2.95494100
v -1.86109400 8.03385400 -2.95494100
v -1.56273700 9.21728500 -2.95494100
v -1.56273700 8.18286100 -2.95494100
v -1.30056300 8.05036900 -2.95494000
v -0.96902200 7.81220300 -2.95494000
v -10.22566900 6.94019900 -2.40713900
v -10.22566900 8.13922000 -1.33169000
v -10.22566900 7.85997200 -0.74835200
v -10.22566900 9.21728500 -1.33169000
v -10.22566900 7.85997200 -1.91502800
v -10.22566900 7.48168000 -0.45668300
v -10.22566900 7.48168000 -2.20669700
v 5.03448900 12.60478500 -2.71464200
v 5.07214200 12.61487100 -2.71464200
v 5.07214400 12.61487100 -2.55967100
v 5.07214400 12.61487100 -2.55967100
v 5.03448900 12.60478500 -2.55967100
v 5.03448900 12.60478500 -2.55967100
v 5.00693100 12.57722800 -2.71464200
v 5.00693100 12.57722800 -2.55967100
v 5.00693100 12.57722800 -2.55967100
v 4.99684400 12.53958400 -2.71464200
v 4.99684400 12.53958400 -2.55967100
v 4.99684400 12.53958400 -2.55967100
v 5.00346100 12.51488900 -2.71464200
v 5.00346100 12.51488900 -2.71464200
v 5.00346100 12.51488900 -2.55967100
v 5.00346100 12.51488900 -2.55967100
v 5.00346100 12.51488900 -2.55967100
v 4.91356600 12.48386200 -2.71464200
v 4.94112300 12.51141800 -2.71464200
v 4.94112300 12.51141800 -2.55967100
v 4.94112300 12.51141800 -2.55967100
v 4.91356600 12.48386200 -2.55967100
v 4.91356600 12.48386200 -2.55967100
v 4.97876700 12.52150600 -2.71464200
v 4.97876700 12.52150600 -2.55967100
v 4.97876700 12.52150600 -2.55967100
v 5.10979400 12.60478500 -2.71464200
v 5.10979400 12.60478500 -2.55967100
v 5.10979400 12.60478500 -2.55967100
v 5.13735200 12.57722800 -2.71464200
v 5.13735200 12.57722800 -2.55967100
v 5.13735200 12.57722800 -2.55967100
v 5.14743800 12.53958400 -2.71464200
v 5.14743800 12.53958400 -2.55967100
v 5.14743800 12.53958400 -2.55967100
v 5.14082100 12.51488900 -2.71464200
v 5.14082100 12.51488900 -2.71464200
v 5.14082100 12.51488900 -2.55967100
v 5.14082100 12.51488900 -2.55967100
v 5.14082100 12.51488900 -2.55967100
v 5.23071700 12.48386200 -2.71464200
v 5.24042300 12.44763700 -2.71464200
v 5.24042300 12.44763700 -2.55967100
v 5.24042300 12.44763700 -2.55967100
v 5.23071700 12.48386200 -2.55967100
v 5.23071700 12.48386200 -2.55967100
v 5.20316000 12.51141800 -2.71464200
v 5.20316000 12.51141800 -2.55967100
v 5.20316000 12.51141800 -2.55967100
v 5.16551600 12.52150600 -2.71464200
v 5.16551600 12.52150600 -2.55967100
v 5.16551600 12.52150600 -2.55967100
v 4.90385900 12.44763700 -2.71464200
v 4.90385900 12.44763700 -2.55967100
v 4.90385900 12.44763700 -2.55967100
v 5.07214200 12.28040400 -2.71464200
v 5.03448900 12.29049000 -2.71464200
v 5.03448900 12.29049000 -2.55967100
v 5.03448900 12.29049000 -2.55967100
v 5.07214200 12.28040400 -2.55967100
v 5.07214200 12.28040400 -2.55967100
v 5.00693100 12.31804700 -2.71464200
v 5.00693100 12.31804700 -2.55967100
v 5.00693100 12.31804700 -2.55967100
v 4.99684400 12.35569100 -2.71464200
v 4.99684400 12.35569100 -2.71464200
v 4.99684400 12.35569100 -2.55967100
v 4.99684400 12.35569100 -2.55967100
v 4.99684400 12.35569100 -2.55967100
v 5.00346100 12.38038600 -2.71464200
v 5.00346100 12.38038600 -2.71464200
v 5.00346100 12.38038600 -2.55967100
v 5.00346100 12.38038600 -2.55967100
v 5.00346100 12.38038600 -2.55967100
v 4.94112300 12.38385500 -2.71464200
v 4.91356600 12.41141200 -2.71464200
v 4.91356600 12.41141200 -2.55967100
v 4.91356600 12.41141200 -2.55967100
v 4.94112300 12.38385500 -2.55967100
v 4.94112300 12.38385500 -2.55967100
v 4.97876700 12.37376800 -2.71464200
v 4.97876700 12.37376800 -2.55967100
v 4.97876700 12.37376800 -2.55967100
v 5.10979400 12.29049000 -2.71464200
v 5.10979400 12.29049000 -2.55967100
v 5.10979400 12.29049000 -2.55967100
v 5.13735200 12.31804700 -2.71464200
v 5.13735200 12.31804700 -2.55967100
v 5.13735200 12.31804700 -2.55967100
v 5.14743800 12.35569100 -2.71464200
v 5.14743800 12.35569100 -2.55967100
v 5.14743800 12.35569100 -2.55967100
v 5.14082100 12.38038600 -2.71464200
v 5.14082100 12.38038600 -2.71464200
v 5.14082100 12.38038600 -2.55967100
v 5.14082100 12.38038600 -2.55967100
v 5.14082100 12.38038600 -2.55967100
v 5.23071700 12.41141200 -2.71464200
v 5.20316000 12.38385500 -2.71464200
v 5.20316000 12.38385500 -2.55967100
v 5.20316000 12.38385500 -2.55967100
v 5.23071700 12.41141200 -2.55967100
v 5.23071700 12.41141200 -2.55967100
v 5.16551600 12.37376800 -2.71464200
v 5.16551600 12.37376800 -2.55967100
v 5.16551600 12.37376800 -2.55967100
v 5.23897200 12.38713400 -2.55967100
v 5.20146400 12.32580400 -2.55967100
v 5.14267100 12.28443700 -2.55967100
v 5.24901200 12.45831800 -2.55967100
v 5.23244100 12.52252200 -2.55967100
v 5.19341900 12.57613000 -2.55967100
v 5.13741400 12.61163100 -2.55967100
v 5.07227800 12.62404300 -2.55967100
v 5.00714300 12.61163100 -2.55967100
v 4.95113800 12.57613000 -2.55967100
v 4.91211600 12.52252200 -2.55967100
v 4.89554500 12.45831800 -2.55967100
v 4.90558500 12.38713400 -2.55967100
v 4.94309300 12.32580400 -2.55967100
v 5.00188600 12.28443600 -2.55967100
v 5.07227800 12.26984600 -2.55967100
v 1.33322600 12.60478500 -2.71464200
v 1.37087800 12.61487100 -2.71464200
v 1.37088100 12.61487100 -2.55967100
v 1.37088100 12.61487100 -2.55967100
v 1.33322600 12.60478500 -2.55967100
v 1.33322600 12.60478500 -2.55967100
v 1.30566800 12.57722800 -2.71464200
v 1.30566800 12.57722800 -2.55967100
v 1.30566800 12.57722800 -2.55967100
v 1.29558200 12.53958400 -2.71464200
v 1.29558200 12.53958400 -2.55967100
v 1.29558200 12.53958400 -2.55967100
v 1.30219800 12.51488900 -2.71464200
v 1.30219800 12.51488900 -2.71464200
v 1.30219800 12.51488900 -2.55967100
v 1.30219800 12.51488900 -2.55967100
v 1.30219800 12.51488900 -2.55967100
v 1.21230300 12.48386200 -2.71464200
v 1.23986000 12.51141800 -2.71464200
v 1.23986000 12.51141800 -2.55967100
v 1.23986000 12.51141800 -2.55967100
v 1.21230300 12.48386200 -2.55967100
v 1.21230300 12.48386200 -2.55967100
v 1.27750400 12.52150600 -2.71464200
v 1.27750400 12.52150600 -2.55967100
v 1.27750400 12.52150600 -2.55967100
v 1.40853100 12.60478500 -2.71464200
v 1.40853100 12.60478500 -2.55967100
v 1.40853100 12.60478500 -2.55967100
v 1.43608800 12.57722800 -2.71464200
v 1.43608800 12.57722800 -2.55967100
v 1.43608800 12.57722800 -2.55967100
v 1.44617500 12.53958400 -2.71464200
v 1.44617500 12.53958400 -2.55967100
v 1.44617500 12.53958400 -2.55967100
v 1.43955800 12.51488900 -2.71464200
v 1.43955800 12.51488900 -2.71464200
v 1.43955800 12.51488900 -2.55967100
v 1.43955800 12.51488900 -2.55967100
v 1.43955800 12.51488900 -2.55967100
v 1.52945400 12.48386200 -2.71464200
v 1.53916000 12.44763700 -2.71464200
v 1.53916000 12.44763700 -2.55967100
v 1.53916000 12.44763700 -2.55967100
v 1.52945400 12.48386200 -2.55967100
v 1.52945400 12.48386200 -2.55967100
v 1.50189600 12.51141800 -2.71464200
v 1.50189600 12.51141800 -2.55967100
v 1.50189600 12.51141800 -2.55967100
v 1.46425300 12.52150600 -2.71464200
v 1.46425300 12.52150600 -2.55967100
v 1.46425300 12.52150600 -2.55967100
v 1.20259600 12.44763700 -2.71464200
v 1.20259600 12.44763700 -2.55967100
v 1.20259600 12.44763700 -2.55967100
v 1.37087800 12.28040400 -2.71464200
v 1.33322600 12.29049000 -2.71464200
v 1.33322600 12.29049000 -2.55967100
v 1.33322600 12.29049000 -2.55967100
v 1.37087800 12.28040400 -2.55967100
v 1.37087800 12.28040400 -2.55967100
v 1.30566800 12.31804700 -2.71464200
v 1.30566800 12.31804700 -2.55967100
v 1.30566800 12.31804700 -2.55967100
v 1.29558200 12.35569100 -2.71464200
v 1.29558200 12.35569100 -2.71464200
v 1.29558200 12.35569100 -2.55967100
v 1.29558200 12.35569100 -2.55967100
v 1.29558200 12.35569100 -2.55967100
v 1.30219800 12.38038600 -2.71464200
v 1.30219800 12.38038600 -2.71464200
v 1.30219800 12.38038600 -2.55967100
v 1.30219800 12.38038600 -2.55967100
v 1.30219800 12.38038600 -2.55967100
v 1.23986000 12.38385500 -2.71464200
v 1.21230300 12.41141200 -2.71464200
v 1.21230300 12.41141200 -2.55967100
v 1.21230300 12.41141200 -2.55967100
v 1.23986000 12.38385500 -2.55967100
v 1.23986000 12.38385500 -2.55967100
v 1.27750400 12.37376800 -2.71464200
v 1.27750400 12.37376800 -2.55967100
v 1.27750400 12.37376800 -2.55967100
v 1.40853100 12.29049000 -2.71464200
v 1.40853100 12.29049000 -2.55967100
v 1.40853100 12.29049000 -2.55967100
v 1.43608800 12.31804700 -2.71464200
v 1.43608800 12.31804700 -2.55967100
v 1.43608800 12.31804700 -2.55967100
v 1.44617500 12.35569100 -2.71464200
v 1.44617500 12.35569100 -2.55967100
v 1.44617500 12.35569100 -2.55967100
v 1.43955800 12.38038600 -2.71464200
v 1.43955800 12.38038600 -2.71464200
v 1.43955800 12.38038600 -2.55967100
v 1.43955800 12.38038600 -2.55967100
v 1.43955800 12.38038600 -2.55967100
v 1.52945400 12.41141200 -2.71464200
v 1.50189600 12.38385500 -2.71464200
v 1.50189600 12.38385500 -2.55967100
v 1.50189600 12.38385500 -2.55967100
v 1.52945400 12.41141200 -2.55967100
v 1.52945400 12.41141200 -2.55967100
v 1.46425300 12.37376800 -2.71464200
v 1.46425300 12.37376800 -2.55967100
v 1.46425300 12.37376800 -2.55967100
v 1.53770800 12.38713400 -2.55967100
v 1.50020100 12.32580400 -2.55967100
v 1.44140800 12.28443700 -2.55967100
v 1.54774900 12.45831800 -2.55967100
v 1.53117800 12.52252200 -2.55967100
v 1.49215600 12.57613000 -2.55967100
v 1.43615100 12.61163100 -2.55967100
v 1.37101600 12.62404300 -2.55967100
v 1.30588000 12.61163100 -2.55967100
v 1.24987500 12.57613000 -2.55967100
v 1.21085300 12.52252200 -2.55967100
v 1.19428200 12.45831800 -2.55967100
v 1.20432300 12.38713400 -2.55967100
v 1.24183000 12.32580400 -2.55967100
v 1.30062300 12.28443600 -2.55967100
v 1.37101600 12.26984600 -2.55967100
v -2.68377800 12.60478500 -2.71464200
v -2.64612500 12.61487100 -2.71464200
v -2.64612300 12.61487100 -2.55967100
v -2.64612300 12.61487100 -2.55967100
v -2.68377800 12.60478500 -2.55967100
v -2.68377800 12.60478500 -2.55967100
v -2.71133500 12.57722800 -2.71464200
v -2.71133500 12.57722800 -2.55967100
v -2.71133500 12.57722800 -2.55967100
v -2.72142100 12.53958400 -2.71464200
v -2.72142100 12.53958400 -2.55967100
v -2.72142100 12.53958400 -2.55967100
v -2.71480500 12.51488900 -2.71464200
v -2.71480500 12.51488900 -2.71464200
v -2.71480500 12.51488900 -2.55967100
v -2.71480500 12.51488900 -2.55967100
v -2.71480500 12.51488900 -2.55967100
v -2.80470100 12.48386200 -2.71464200
v -2.77714400 12.51141800 -2.71464200
v -2.77714400 12.51141800 -2.55967100
v -2.77714400 12.51141800 -2.55967100
v -2.80470100 12.48386200 -2.55967100
v -2.80470100 12.48386200 -2.55967100
v -2.73950000 12.52150600 -2.71464200
v -2.73950000 12.52150600 -2.55967100
v -2.73950000 12.52150600 -2.55967100
v -2.60847300 12.60478500 -2.71464200
v -2.60847300 12.60478500 -2.55967100
v -2.60847300 12.60478500 -2.55967100
v -2.58091600 12.57722800 -2.71464200
v -2.58091600 12.57722800 -2.55967100
v -2.58091600 12.57722800 -2.55967100
v -2.57082900 12.53958400 -2.71464200
v -2.57082900 12.53958400 -2.55967100
v -2.57082900 12.53958400 -2.55967100
v -2.57744600 12.51488900 -2.71464200
v -2.57744600 12.51488900 -2.71464200
v -2.57744600 12.51488900 -2.55967100
v -2.57744600 12.51488900 -2.55967100
v -2.57744600 12.51488900 -2.55967100
v -2.48755000 12.48386200 -2.71464200
v -2.47784400 12.44763700 -2.71464200
v -2.47784400 12.44763700 -2.55967100
v -2.47784400 12.44763700 -2.55967100
v -2.48755000 12.48386200 -2.55967100
v -2.48755000 12.48386200 -2.55967100
v -2.51510700 12.51141800 -2.71464200
v -2.51510700 12.51141800 -2.55967100
v -2.51510700 12.51141800 -2.55967100
v -2.55275100 12.52150600 -2.71464200
v -2.55275100 12.52150600 -2.55967100
v -2.55275100 12.52150600 -2.55967100
v -2.81440700 12.44763700 -2.71464200
v -2.81440700 12.44763700 -2.55967100
v -2.81440700 12.44763700 -2.55967100
v -2.64612500 12.28040400 -2.71464200
v -2.68377800 12.29049000 -2.71464200
v -2.68377800 12.29049000 -2.55967100
v -2.68377800 12.29049000 -2.55967100
v -2.64612500 12.28040400 -2.55967100
v -2.64612500 12.28040400 -2.55967100
v -2.71133500 12.31804700 -2.71464200
v -2.71133500 12.31804700 -2.55967100
v -2.71133500 12.31804700 -2.55967100
v -2.72142100 12.35569100 -2.71464200
v -2.72142100 12.35569100 -2.71464200
v -2.72142100 12.35569100 -2.55967100
v -2.72142100 12.35569100 -2.55967100
v -2.72142100 12.35569100 -2.55967100
v -2.71480500 12.38038600 -2.71464200
v -2.71480500 12.38038600 -2.71464200
v -2.71480500 12.38038600 -2.55967100
v -2.71480500 12.38038600 -2.55967100
v -2.71480500 12.38038600 -2.55967100
v -2.77714400 12.38385500 -2.71464200
v -2.80470100 12.41141200 -2.71464200
v -2.80470100 12.41141200 -2.55967100
v -2.80470100 12.41141200 -2.55967100
v -2.77714400 12.38385500 -2.55967100
v -2.77714400 12.38385500 -2.55967100
v -2.73950000 12.37376800 -2.71464200
v -2.73950000 12.37376800 -2.55967100
v -2.73950000 12.37376800 -2.55967100
v -2.60847300 12.29049000 -2.71464200
v -2.60847300 12.29049000 -2.55967100
v -2.60847300 12.29049000 -2.55967100
v -2.58091600 12.31804700 -2.71464200
v -2.58091600 12.31804700 -2.55967100
v -2.58091600 12.31804700 -2.55967100
v -2.57082900 12.35569100 -2.71464200
v -2.57082900 12.35569100 -2.55967100
v -2.57082900 12.35569100 -2.55967100
v -2.57744600 12.38038600 -2.71464200
v -2.57744600 12.38038600 -2.71464200
v -2.57744600 12.38038600 -2.55967100
v -2.57744600 12.38038600 -2.55967100
v -2.57744600 12.38038600 -2.55967100
v -2.48755000 12.41141200 -2.71464200
v -2.51510700 12.38385500 -2.71464200
v -2.51510700 12.38385500 -2.55967100
v -2.51510700 12.38385500 -2.55967100
v -2.48755000 12.41141200 -2.55967100
v -2.48755000 12.41141200 -2.55967100
v -2.55275100 12.37376800 -2.71464200
v -2.55275100 12.37376800 -2.55967100
v -2.55275100 12.37376800 -2.55967100
v -2.47929600 12.38713400 -2.55967100
v -2.51680200 12.32580400 -2.55967100
v -2.57559600 12.28443700 -2.55967100
v -2.46925500 12.45831800 -2.55967100
v -2.48582500 12.52252200 -2.55967100
v -2.52484800 12.57613000 -2.55967100
v -2.58085300 12.61163100 -2.55967100
v -2.64598900 12.62404300 -2.55967100
v -2.71112300 12.61163100 -2.55967100
v -2.76712900 12.57613000 -2.55967100
v -2.80615100 12.52252200 -2.55967100
v -2.82272200 12.45831800 -2.55967100
v -2.81268100 12.38713400 -2.55967100
v -2.77517300 12.32580400 -2.55967100
v -2.71638100 12.28443600 -2.55967100
v -2.64598900 12.26984600 -2.55967100
v -6.38603800 12.60478500 -2.71464200
v -6.34838400 12.61487100 -2.71464200
v -6.34838100 12.61487100 -2.55967100
v -6.34838100 12.61487100 -2.55967100
v -6.38603800 12.60478500 -2.55967100
v -6.38603800 12.60478500 -2.55967100
v -6.41359400 12.57722800 -2.71464200
v -6.41359400 12.57722800 -2.55967100
v -6.41359400 12.57722800 -2.55967100
v -6.42368000 12.53958400 -2.71464200
v -6.42368000 12.53958400 -2.55967100
v -6.42368000 12.53958400 -2.55967100
v -6.41706300 12.51488900 -2.71464200
v -6.41706300 12.51488900 -2.71464200
v -6.41706300 12.51488900 -2.55967100
v -6.41706300 12.51488900 -2.55967100
v -6.41706300 12.51488900 -2.55967100
v -6.50695900 12.48386200 -2.71464200
v -6.47940200 12.51141800 -2.71464200
v -6.47940200 12.51141800 -2.55967100
v -6.47940200 12.51141800 -2.55967100
v -6.50695900 12.48386200 -2.55967100
v -6.50695900 12.48386200 -2.55967100
v -6.44175800 12.52150600 -2.71464200
v -6.44175800 12.52150600 -2.55967100
v -6.44175800 12.52150600 -2.55967100
v -6.31073000 12.60478500 -2.71464200
v -6.31073000 12.60478500 -2.55967100
v -6.31073000 12.60478500 -2.55967100
v -6.28317400 12.57722800 -2.71464200
v -6.28317400 12.57722800 -2.55967100
v -6.28317400 12.57722800 -2.55967100
v -6.27308600 12.53958400 -2.71464200
v -6.27308600 12.53958400 -2.55967100
v -6.27308600 12.53958400 -2.55967100
v -6.27970300 12.51488900 -2.71464200
v -6.27970300 12.51488900 -2.71464200
v -6.27970300 12.51488900 -2.55967100
v -6.27970300 12.51488900 -2.55967100
v -6.27970300 12.51488900 -2.55967100
v -6.18980800 12.48386200 -2.71464200
v -6.18010300 12.44763700 -2.71464200
v -6.18010300 12.44763700 -2.55967100
v -6.18010300 12.44763700 -2.55967100
v -6.18980800 12.48386200 -2.55967100
v -6.18980800 12.48386200 -2.55967100
v -6.21736600 12.51141800 -2.71464200
v -6.21736600 12.51141800 -2.55967100
v -6.21736600 12.51141800 -2.55967100
v -6.25501000 12.52150600 -2.71464200
v -6.25501000 12.52150600 -2.55967100
v -6.25501000 12.52150600 -2.55967100
v -6.51666500 12.44763700 -2.71464200
v -6.51666500 12.44763700 -2.55967100
v -6.51666500 12.44763700 -2.55967100
v -6.34838400 12.28040400 -2.71464200
v -6.38603800 12.29049000 -2.71464200
v -6.38603800 12.29049000 -2.55967100
v -6.38603800 12.29049000 -2.55967100
v -6.34838400 12.28040400 -2.55967100
v -6.34838400 12.28040400 -2.55967100
v -6.41359400 12.31804700 -2.71464200
v -6.41359400 12.31804700 -2.55967100
v -6.41359400 12.31804700 -2.55967100
v -6.42368000 12.35569100 -2.71464200
v -6.42368000 12.35569100 -2.71464200
v -6.42368000 12.35569100 -2.55967100
v -6.42368000 12.35569100 -2.55967100
v -6.42368000 12.35569100 -2.55967100
v -6.41706300 12.38038600 -2.71464200
v -6.41706300 12.38038600 -2.71464200
v -6.41706300 12.38038600 -2.55967100
v -6.41706300 12.38038600 -2.55967100
v -6.41706300 12.38038600 -2.55967100
v -6.47940200 12.38385500 -2.71464200
v -6.50695900 12.41141200 -2.71464200
v -6.50695900 12.41141200 -2.55967100
v -6.50695900 12.41141200 -2.55967100
v -6.47940200 12.38385500 -2.55967100
v -6.47940200 12.38385500 -2.55967100
v -6.44175800 12.37376800 -2.71464200
v -6.44175800 12.37376800 -2.55967100
v -6.44175800 12.37376800 -2.55967100
v -6.31073000 12.29049000 -2.71464200
v -6.31073000 12.29049000 -2.55967100
v -6.31073000 12.29049000 -2.55967100
v -6.28317400 12.31804700 -2.71464200
v -6.28317400 12.31804700 -2.55967100
v -6.28317400 12.31804700 -2.55967100
v -6.27308600 12.35569100 -2.71464200
v -6.27308600 12.35569100 -2.55967100
v -6.27308600 12.35569100 -2.55967100
v -6.27970300 12.38038600 -2.71464200
v -6.27970300 12.38038600 -2.71464200
v -6.27970300 12.38038600 -2.55967100
v -6.27970300 12.38038600 -2.55967100
v -6.27970300 12.38038600 -2.55967100
v -6.18980800 12.41141200 -2.71464200
v -6.21736600 12.38385500 -2.71464200
v -6.21736600 12.38385500 -2.55967100
v -6.21736600 12.38385500 -2.55967100
v -6.18980800 12.41141200 -2.55967100
v -6.18980800 12.41141200 -2.55967100
v -6.25501000 12.37376800 -2.71464200
v -6.25501000 12.37376800 -2.55967100
v -6.25501000 12.37376800 -2.55967100
v -6.18155400 12.38713400 -2.55967100
v -6.21906000 12.32580400 -2.55967100
v -6.27785400 12.28443700 -2.55967100
v -6.17151400 12.45831800 -2.55967100
v -6.18808300 12.52252200 -2.55967100
v -6.22710700 12.57613000 -2.55967100
v -6.28311000 12.61163100 -2.55967100
v -6.34824700 12.62404300 -2.55967100
v -6.41338300 12.61163100 -2.55967100
v -6.46938700 12.57613000 -2.55967100
v -6.50840800 12.52252200 -2.55967100
v -6.52497900 12.45831800 -2.55967100
v -6.51493900 12.38713400 -2.55967100
v -6.47743200 12.32580400 -2.55967100
v -6.41863900 12.28443600 -2.55967100
v -6.34824700 12.26984600 -2.55967100
v -10.04949500 12.63010700 -0.34985100
v -10.04949500 12.63010700 -0.34985100
v -10.20446500 12.63010700 -0.34985300
v -10.20446500 12.62002200 -0.38750700
v -10.04949500 12.62002200 -0.38750700
v -10.04949500 12.62002200 -0.38750700
v -10.20446500 12.59246500 -0.41506300
v -10.04949500 12.59246500 -0.41506300
v -10.04949500 12.59246500 -0.41506300
v -10.20446500 12.55482100 -0.42515100
v -10.04949500 12.55482100 -0.42515100
v -10.04949500 12.55482100 -0.42515100
v -10.20446500 12.53012600 -0.41853400
v -10.20446500 12.53012600 -0.41853400
v -10.04949500 12.53012600 -0.41853400
v -10.04949500 12.53012600 -0.41853400
v -10.04949500 12.53012600 -0.41853400
v -10.04949500 12.52665500 -0.48087100
v -10.04949500 12.52665500 -0.48087100
v -10.20446500 12.52665500 -0.48087100
v -10.20446500 12.49909900 -0.50843000
v -10.04949500 12.49909900 -0.50843000
v -10.04949500 12.49909900 -0.50843000
v -10.04949500 12.53674300 -0.44322700
v -10.04949500 12.53674300 -0.44322700
v -10.20446500 12.53674300 -0.44322700
v -10.04949500 12.62002200 -0.31220100
v -10.04949500 12.62002200 -0.31220100
v -10.20446500 12.62002200 -0.31220100
v -10.04949500 12.59246500 -0.28464300
v -10.04949500 12.59246500 -0.28464300
v -10.20446500 12.59246500 -0.28464300
v -10.04949500 12.55482100 -0.27455700
v -10.04949500 12.55482100 -0.27455700
v -10.20446500 12.55482100 -0.27455700
v -10.04949500 12.53012600 -0.28117400
v -10.04949500 12.53012600 -0.28117400
v -10.04949500 12.53012600 -0.28117400
v -10.20446500 12.53012600 -0.28117400
v -10.20446500 12.53012600 -0.28117400
v -10.04949500 12.46287400 -0.18157200
v -10.04949500 12.46287400 -0.18157200
v -10.20446500 12.46287400 -0.18157200
v -10.20446500 12.49909900 -0.19127900
v -10.04949500 12.49909900 -0.19127900
v -10.04949500 12.49909900 -0.19127900
v -10.20446500 12.52665500 -0.21883500
v -10.04949500 12.52665500 -0.21883500
v -10.04949500 12.52665500 -0.21883500
v -10.20446500 12.53674300 -0.25647900
v -10.04949500 12.53674300 -0.25647900
v -10.04949500 12.53674300 -0.25647900
v -10.20446500 12.46287400 -0.51813600
v -10.04949500 12.46287400 -0.51813600
v -10.04949500 12.46287400 -0.51813600
v -10.04949500 12.30572600 -0.38750700
v -10.04949500 12.30572600 -0.38750700
v -10.20446500 12.30572600 -0.38750700
v -10.20446500 12.29564100 -0.34985300
v -10.04949500 12.29564100 -0.34985300
v -10.04949500 12.29564100 -0.34985300
v -10.04949500 12.33328400 -0.41506300
v -10.04949500 12.33328400 -0.41506300
v -10.20446500 12.33328400 -0.41506300
v -10.04949500 12.37092800 -0.42515100
v -10.04949500 12.37092800 -0.42515100
v -10.04949500 12.37092800 -0.42515100
v -10.20446500 12.37092800 -0.42515100
v -10.20446500 12.37092800 -0.42515100
v -10.04949500 12.39562300 -0.41853400
v -10.04949500 12.39562300 -0.41853400
v -10.04949500 12.39562300 -0.41853400
v -10.20446500 12.39562300 -0.41853400
v -10.20446500 12.39562300 -0.41853400
v -10.04949500 12.42664900 -0.50843000
v -10.04949500 12.42664900 -0.50843000
v -10.20446500 12.42664900 -0.50843000
v -10.20446500 12.39909200 -0.48087100
v -10.04949500 12.39909200 -0.48087100
v -10.04949500 12.39909200 -0.48087100
v -10.20446500 12.38900500 -0.44322700
v -10.04949500 12.38900500 -0.44322700
v -10.04949500 12.38900500 -0.44322700
v -10.20446500 12.30572600 -0.31220100
v -10.04949500 12.30572600 -0.31220100
v -10.04949500 12.30572600 -0.31220100
v -10.20446500 12.33328400 -0.28464300
v -10.04949500 12.33328400 -0.28464300
v -10.04949500 12.33328400 -0.28464300
v -10.20446500 12.37092800 -0.27455700
v -10.04949500 12.37092800 -0.27455700
v -10.04949500 12.37092800 -0.27455700
v -10.20446500 12.39562300 -0.28117400
v -10.20446500 12.39562300 -0.28117400
v -10.04949500 12.39562300 -0.28117400
v -10.04949500 12.39562300 -0.28117400
v -10.04949500 12.39562300 -0.28117400
v -10.04949500 12.39909200 -0.21883500
v -10.04949500 12.39909200 -0.21883500
v -10.20446500 12.39909200 -0.21883500
v -10.20446500 12.42664900 -0.19127900
v -10.04949500 12.42664900 -0.19127900
v -10.04949500 12.42664900 -0.19127900
v -10.04949500 12.38900500 -0.25647900
v -10.04949500 12.38900500 -0.25647900
v -10.20446500 12.38900500 -0.25647900
v -10.04949500 12.40237100 -0.18302500
v -10.04949500 12.34104100 -0.22052900
v -10.04949500 12.29967400 -0.27932300
v -10.04949500 12.47355500 -0.17298300
v -10.04949500 12.53775900 -0.18955300
v -10.04949500 12.59136700 -0.22857600
v -10.04949500 12.62686800 -0.28458100
v -10.04949500 12.63928000 -0.34971600
v -10.04949500 12.62686800 -0.41485300
v -10.04949500 12.59136700 -0.47085700
v -10.04949500 12.53775900 -0.50987900
v -10.04949500 12.47355500 -0.52645000
v -10.04949500 12.40237100 -0.51641000
v -10.04949500 12.34104100 -0.47890200
v -10.04949500 12.29967300 -0.42011000
v -10.04949500 12.28508300 -0.34971600
v 5.07214400 12.61487100 1.82270900
v 5.07214400 12.61487100 1.82270900
v 5.07214200 12.61487100 1.97768000
v 5.03448900 12.60478500 1.97768000
v 5.03448900 12.60478500 1.82270900
v 5.03448900 12.60478500 1.82270900
v 5.00693100 12.57722800 1.97768000
v 5.00693100 12.57722800 1.82270900
v 5.00693100 12.57722800 1.82270900
v 4.99684400 12.53958400 1.97768000
v 4.99684400 12.53958400 1.82270900
v 4.99684400 12.53958400 1.82270900
v 5.00346100 12.51488900 1.97768000
v 5.00346100 12.51488900 1.97768000
v 5.00346100 12.51488900 1.82270900
v 5.00346100 12.51488900 1.82270900
v 5.00346100 12.51488900 1.82270900
v 4.94112300 12.51141800 1.82270900
v 4.94112300 12.51141800 1.82270900
v 4.94112300 12.51141800 1.97768000
v 4.91356600 12.48386200 1.97768000
v 4.91356600 12.48386200 1.82270900
v 4.91356600 12.48386200 1.82270900
v 4.97876700 12.52150600 1.82270900
v 4.97876700 12.52150600 1.82270900
v 4.97876700 12.52150600 1.97768000
v 5.10979400 12.60478500 1.82270900
v 5.10979400 12.60478500 1.82270900
v 5.10979400 12.60478500 1.97768000
v 5.13735200 12.57722800 1.82270900
v 5.13735200 12.57722800 1.82270900
v 5.13735200 12.57722800 1.97768000
v 5.14743800 12.53958400 1.82270900
v 5.14743800 12.53958400 1.82270900
v 5.14743800 12.53958400 1.97768000
v 5.14082100 12.51488900 1.82270900
v 5.14082100 12.51488900 1.82270900
v 5.14082100 12.51488900 1.82270900
v 5.14082100 12.51488900 1.97768000
v 5.14082100 12.51488900 1.97768000
v 5.24042300 12.44763700 1.82270900
v 5.24042300 12.44763700 1.82270900
v 5.24042300 12.44763700 1.97768000
v 5.23071700 12.48386200 1.97768000
v 5.23071700 12.48386200 1.82270900
v 5.23071700 12.48386200 1.82270900
v 5.20316000 12.51141800 1.97768000
v 5.20316000 12.51141800 1.82270900
v 5.20316000 12.51141800 1.82270900
v 5.16551600 12.52150600 1.97768000
v 5.16551600 12.52150600 1.82270900
v 5.16551600 12.52150600 1.82270900
v 4.90385900 12.44763700 1.97768000
v 4.90385900 12.44763700 1.82270900
v 4.90385900 12.44763700 1.82270900
v 5.03448900 12.29049000 1.82270900
v 5.03448900 12.29049000 1.82270900
v 5.03448900 12.29049000 1.97768000
v 5.07214200 12.28040400 1.97768000
v 5.07214200 12.28040400 1.82270900
v 5.07214200 12.28040400 1.82270900
v 5.00693100 12.31804700 1.82270900
v 5.00693100 12.31804700 1.82270900
v 5.00693100 12.31804700 1.97768000
v 4.99684400 12.35569100 1.82270900
v 4.99684400 12.35569100 1.82270900
v 4.99684400 12.35569100 1.82270900
v 4.99684400 12.35569100 1.97768000
v 4.99684400 12.35569100 1.97768000
v 5.00346100 12.38038600 1.82270900
v 5.00346100 12.38038600 1.82270900
v 5.00346100 12.38038600 1.82270900
v 5.00346100 12.38038600 1.97768000
v 5.00346100 12.38038600 1.97768000
v 4.91356600 12.41141200 1.82270900
v 4.91356600 12.41141200 1.82270900
v 4.91356600 12.41141200 1.97768000
v 4.94112300 12.38385500 1.97768000
v 4.94112300 12.38385500 1.82270900
v 4.94112300 12.38385500 1.82270900
v 4.97876700 12.37376800 1.97768000
v 4.97876700 12.37376800 1.82270900
v 4.97876700 12.37376800 1.82270900
v 5.10979400 12.29049000 1.97767900
v 5.10979400 12.29049000 1.82270900
v 5.10979400 12.29049000 1.82270900
v 5.13735200 12.31804700 1.97768000
v 5.13735200 12.31804700 1.82270900
v 5.13735200 12.31804700 1.82270900
v 5.14743800 12.35569100 1.97768000
v 5.14743800 12.35569100 1.82270900
v 5.14743800 12.35569100 1.82270900
v 5.14082100 12.38038600 1.97768000
v 5.14082100 12.38038600 1.97768000
v 5.14082100 12.38038600 1.82270900
v 5.14082100 12.38038600 1.82270900
v 5.14082100 12.38038600 1.82270900
v 5.20316000 12.38385500 1.82270900
v 5.20316000 12.38385500 1.82270900
v 5.20316000 12.38385500 1.97768000
v 5.23071700 12.41141200 1.97768000
v 5.23071700 12.41141200 1.82270900
v 5.23071700 12.41141200 1.82270900
v 5.16551600 12.37376800 1.82270900
v 5.16551600 12.37376800 1.82270900
v 5.16551600 12.37376800 1.97768000
v 5.23897200 12.38713400 1.82270900
v 5.20146400 12.32580400 1.82270900
v 5.14267100 12.28443700 1.82270900
v 5.24901200 12.45831800 1.82270900
v 5.23244100 12.52252200 1.82270900
v 5.19341900 12.57613000 1.82270900
v 5.13741400 12.61163100 1.82270900
v 5.07227800 12.62404300 1.82270900
v 5.00714300 12.61163100 1.82270900
v 4.95113800 12.57613000 1.82270900
v 4.91211600 12.52252200 1.82270900
v 4.89554500 12.45831800 1.82270900
v 4.90558500 12.38713400 1.82270900
v 4.94309300 12.32580400 1.82270900
v 5.00188600 12.28443600 1.82270900
v 5.07227800 12.26984600 1.82270900
v 1.37088100 12.61487100 1.82270900
v 1.37088100 12.61487100 1.82270900
v 1.37087800 12.61487100 1.97768000
v 1.33322600 12.60478500 1.97768000
v 1.33322600 12.60478500 1.82270900
v 1.33322600 12.60478500 1.82270900
v 1.30566800 12.57722800 1.97768000
v 1.30566800 12.57722800 1.82270900
v 1.30566800 12.57722800 1.82270900
v 1.29558200 12.53958400 1.97768000
v 1.29558200 12.53958400 1.82270900
v 1.29558200 12.53958400 1.82270900
v 1.30219800 12.51488900 1.97768000
v 1.30219800 12.51488900 1.97768000
v 1.30219800 12.51488900 1.82270900
v 1.30219800 12.51488900 1.82270900
v 1.30219800 12.51488900 1.82270900
v 1.23986000 12.51141800 1.82270900
v 1.23986000 12.51141800 1.82270900
v 1.23986000 12.51141800 1.97768000
v 1.21230300 12.48386200 1.97768000
v 1.21230300 12.48386200 1.82270900
v 1.21230300 12.48386200 1.82270900
v 1.27750400 12.52150600 1.82270900
v 1.27750400 12.52150600 1.82270900
v 1.27750400 12.52150600 1.97768000
v 1.40853100 12.60478500 1.82270900
v 1.40853100 12.60478500 1.82270900
v 1.40853100 12.60478500 1.97768000
v 1.43608800 12.57722800 1.82270900
v 1.43608800 12.57722800 1.82270900
v 1.43608800 12.57722800 1.97768000
v 1.44617500 12.53958400 1.82270900
v 1.44617500 12.53958400 1.82270900
v 1.44617500 12.53958400 1.97768000
v 1.43955800 12.51488900 1.82270900
v 1.43955800 12.51488900 1.82270900
v 1.43955800 12.51488900 1.82270900
v 1.43955800 12.51488900 1.97768000
v 1.43955800 12.51488900 1.97768000
v 1.53916000 12.44763700 1.82270900
v 1.53916000 12.44763700 1.82270900
v 1.53916000 12.44763700 1.97768000
v 1.52945400 12.48386200 1.97768000
v 1.52945400 12.48386200 1.82270900
v 1.52945400 12.48386200 1.82270900
v 1.50189600 12.51141800 1.97768000
v 1.50189600 12.51141800 1.82270900
v 1.50189600 12.51141800 1.82270900
v 1.46425300 12.52150600 1.97768000
v 1.46425300 12.52150600 1.82270900
v 1.46425300 12.52150600 1.82270900
v 1.20259600 12.44763700 1.97768000
v 1.20259600 12.44763700 1.82270900
v 1.20259600 12.44763700 1.82270900
v 1.33322600 12.29049000 1.82270900
v 1.33322600 12.29049000 1.82270900
v 1.33322600 12.29049000 1.97768000
v 1.37087800 12.28040400 1.97768000
v 1.37087800 12.28040400 1.82270900
v 1.37087800 12.28040400 1.82270900
v 1.30566800 12.31804700 1.82270900
v 1.30566800 12.31804700 1.82270900
v 1.30566800 12.31804700 1.97768000
v 1.29558200 12.35569100 1.82270900
v 1.29558200 12.35569100 1.82270900
v 1.29558200 12.35569100 1.82270900
v 1.29558200 12.35569100 1.97768000
v 1.29558200 12.35569100 1.97768000
v 1.30219800 12.38038600 1.82270900
v 1.30219800 12.38038600 1.82270900
v 1.30219800 12.38038600 1.82270900
v 1.30219800 12.38038600 1.97768000
v 1.30219800 12.38038600 1.97768000
v 1.21230300 12.41141200 1.82270900
v 1.21230300 12.41141200 1.82270900
v 1.21230300 12.41141200 1.97768000
v 1.23986000 12.38385500 1.97768000
v 1.23986000 12.38385500 1.82270900
v 1.23986000 12.38385500 1.82270900
v 1.27750400 12.37376800 1.97768000
v 1.27750400 12.37376800 1.82270900
v 1.27750400 12.37376800 1.82270900
v 1.40853100 12.29049000 1.97768000
v 1.40853100 12.29049000 1.82270900
v 1.40853100 12.29049000 1.82270900
v 1.43608800 12.31804700 1.97768000
v 1.43608800 12.31804700 1.82270900
v 1.43608800 12.31804700 1.82270900
v 1.44617500 12.35569100 1.97768000
v 1.44617500 12.35569100 1.82270900
v 1.44617500 12.35569100 1.82270900
v 1.43955800 12.38038600 1.97768000
v 1.43955800 12.38038600 1.97768000
v 1.43955800 12.38038600 1.82270900
v 1.43955800 12.38038600 1.82270900
v 1.43955800 12.38038600 1.82270900
v 1.50189600 12.38385500 1.82270900
v 1.50189600 12.38385500 1.82270900
v 1.50189600 12.38385500 1.97768000
v 1.52945400 12.41141200 1.97768000
v 1.52945400 12.41141200 1.82270900
v 1.52945400 12.41141200 1.82270900
v 1.46425300 12.37376800 1.82270900
v 1.46425300 12.37376800 1.82270900
v 1.46425300 12.37376800 1.97768000
v 1.53770800 12.38713400 1.82270900
v 1.50020100 12.32580400 1.82270900
v 1.44140800 12.28443700 1.82270900
v 1.54774900 12.45831800 1.82270900
v 1.53117800 12.52252200 1.82270900
v 1.49215600 12.57613000 1.82270900
v 1.43615100 12.61163100 1.82270900
v 1.37101600 12.62404300 1.82270900
v 1.30588000 12.61163100 1.82270900
v 1.24987500 12.57613000 1.82270900
v 1.21085300 12.52252200 1.82270900
v 1.19428200 12.45831800 1.82270900
v 1.20432300 12.38713400 1.82270900
v 1.24183000 12.32580400 1.82270900
v 1.30062300 12.28443600 1.82270900
v 1.37101600 12.26984600 1.82270900
v -2.64612300 12.61487100 1.82270900
v -2.64612300 12.61487100 1.82270900
v -2.64612500 12.61487100 1.97767900
v -2.68377800 12.60478500 1.97767900
v -2.68377800 12.60478500 1.82270900
v -2.68377800 12.60478500 1.82270900
v -2.71133500 12.57722800 1.97767900
v -2.71133500 12.57722800 1.82270900
v -2.71133500 12.57722800 1.82270900
v -2.72142100 12.53958400 1.97767900
v -2.72142100 12.53958400 1.82270900
v -2.72142100 12.53958400 1.82270900
v -2.71480500 12.51488900 1.97767900
v -2.71480500 12.51488900 1.97767900
v -2.71480500 12.51488900 1.82270900
v -2.71480500 12.51488900 1.82270900
v -2.71480500 12.51488900 1.82270900
v -2.77714400 12.51141800 1.82270900
v -2.77714400 12.51141800 1.82270900
v -2.77714400 12.51141800 1.97767900
v -2.80470100 12.48386200 1.97767900
v -2.80470100 12.48386200 1.82270900
v -2.80470100 12.48386200 1.82270900
v -2.73950000 12.52150600 1.82270900
v -2.73950000 12.52150600 1.82270900
v -2.73950000 12.52150600 1.97767900
v -2.60847300 12.60478500 1.82270900
v -2.60847300 12.60478500 1.82270900
v -2.60847300 12.60478500 1.97767900
v -2.58091600 12.57722800 1.82270900
v -2.58091600 12.57722800 1.82270900
v -2.58091600 12.57722800 1.97767900
v -2.57082900 12.53958400 1.82270900
v -2.57082900 12.53958400 1.82270900
v -2.57082900 12.53958400 1.97767900
v -2.57744600 12.51488900 1.82270900
v -2.57744600 12.51488900 1.82270900
v -2.57744600 12.51488900 1.82270900
v -2.57744600 12.51488900 1.97767900
v -2.57744600 12.51488900 1.97767900
v -2.47784400 12.44763700 1.82270900
v -2.47784400 12.44763700 1.82270900
v -2.47784400 12.44763700 1.97767900
v -2.48755000 12.48386200 1.97767900
v -2.48755000 12.48386200 1.82270900
v -2.48755000 12.48386200 1.82270900
v -2.51510700 12.51141800 1.97767900
v -2.51510700 12.51141800 1.82270900
v -2.51510700 12.51141800 1.82270900
v -2.55275100 12.52150600 1.97767900
v -2.55275100 12.52150600 1.82270900
v -2.55275100 12.52150600 1.82270900
v -2.81440700 12.44763700 1.97767900
v -2.81440700 12.44763700 1.82270900
v -2.81440700 12.44763700 1.82270900
v -2.68377800 12.29049000 1.82270900
v -2.68377800 12.29049000 1.82270900
v -2.68377800 12.29049000 1.97767900
v -2.64612500 12.28040400 1.97767900
v -2.64612500 12.28040400 1.82270900
v -2.64612500 12.28040400 1.82270900
v -2.71133500 12.31804700 1.82270900
v -2.71133500 12.31804700 1.82270900
v -2.71133500 12.31804700 1.97767900
v -2.72142100 12.35569100 1.82270900
v -2.72142100 12.35569100 1.82270900
v -2.72142100 12.35569100 1.82270900
v -2.72142100 12.35569100 1.97767900
v -2.72142100 12.35569100 1.97767900
v -2.71480500 12.38038600 1.82270900
v -2.71480500 12.38038600 1.82270900
v -2.71480500 12.38038600 1.82270900
v -2.71480500 12.38038600 1.97767900
v -2.71480500 12.38038600 1.97767900
v -2.80470100 12.41141200 1.82270900
v -2.80470100 12.41141200 1.82270900
v -2.80470100 12.41141200 1.97767900
v -2.77714400 12.38385500 1.97767900
v -2.77714400 12.38385500 1.82270900
v -2.77714400 12.38385500 1.82270900
v -2.73950000 12.37376800 1.97767900
v -2.73950000 12.37376800 1.82270900
v -2.73950000 12.37376800 1.82270900
v -2.60847300 12.29049000 1.97767900
v -2.60847300 12.29049000 1.82270900
v -2.60847300 12.29049000 1.82270900
v -2.58091600 12.31804700 1.97767900
v -2.58091600 12.31804700 1.82270900
v -2.58091600 12.31804700 1.82270900
v -2.57082900 12.35569100 1.97767900
v -2.57082900 12.35569100 1.82270900
v -2.57082900 12.35569100 1.82270900
v -2.57744600 12.38038600 1.97767900
v -2.57744600 12.38038600 1.97767900
v -2.57744600 12.38038600 1.82270900
v -2.57744600 12.38038600 1.82270900
v -2.57744600 12.38038600 1.82270900
v -2.51510700 12.38385500 1.82270900
v -2.51510700 12.38385500 1.82270900
v -2.51510700 12.38385500 1.97767900
v -2.48755000 12.41141200 1.97767900
v -2.48755000 12.41141200 1.82270900
v -2.48755000 12.41141200 1.82270900
v -2.55275100 12.37376800 1.82270900
v -2.55275100 12.37376800 1.82270900
v -2.55275100 12.37376800 1.97767900
v -2.47929600 12.38713400 1.82270900
v -2.51680200 12.32580400 1.82270900
v -2.57559600 12.28443700 1.82270900
v -2.46925500 12.45831800 1.82270900
v -2.48582500 12.52252200 1.82270900
v -2.52484800 12.57613000 1.82270900
v -2.58085300 12.61163100 1.82270900
v -2.64598900 12.62404300 1.82270900
v -2.71112300 12.61163100 1.82270900
v -2.76712900 12.57613000 1.82270900
v -2.80615100 12.52252200 1.82270900
v -2.82272200 12.45831800 1.82270900
v -2.81268100 12.38713400 1.82270900
v -2.77517300 12.32580400 1.82270900
v -2.71638100 12.28443600 1.82270900
v -2.64598900 12.26984600 1.82270900
v -6.34838100 12.61487100 1.82270900
v -6.34838100 12.61487100 1.82270900
v -6.34838400 12.61487100 1.97767900
v -6.38603800 12.60478500 1.97767900
v -6.38603800 12.60478500 1.82270900
v -6.38603800 12.60478500 1.82270900
v -6.41359400 12.57722800 1.97767900
v -6.41359400 12.57722800 1.82270900
v -6.41359400 12.57722800 1.82270900
v -6.42368200 12.53958400 1.97767900
v -6.42368200 12.53958400 1.82270900
v -6.42368200 12.53958400 1.82270900
v -6.41706300 12.51488900 1.97767900
v -6.41706300 12.51488900 1.97767900
v -6.41706300 12.51488900 1.82270900
v -6.41706300 12.51488900 1.82270900
v -6.41706300 12.51488900 1.82270900
v -6.47940200 12.51141800 1.82270900
v -6.47940200 12.51141800 1.82270900
v -6.47940200 12.51141800 1.97767900
v -6.50696000 12.48386200 1.97767900
v -6.50696000 12.48386200 1.82270900
v -6.50696000 12.48386200 1.82270900
v -6.44175800 12.52150600 1.82270900
v -6.44175800 12.52150600 1.82270900
v -6.44175800 12.52150600 1.97767900
v -6.31073000 12.60478500 1.82270900
v -6.31073000 12.60478500 1.82270900
v -6.31073000 12.60478500 1.97767900
v -6.28317400 12.57722800 1.82270900
v -6.28317400 12.57722800 1.82270900
v -6.28317400 12.57722800 1.97767900
v -6.27308600 12.53958400 1.82270900
v -6.27308600 12.53958400 1.82270900
v -6.27308600 12.53958400 1.97767900
v -6.27970500 12.51488900 1.82270900
v -6.27970500 12.51488900 1.82270900
v -6.27970500 12.51488900 1.82270900
v -6.27970500 12.51488900 1.97767900
v -6.27970500 12.51488900 1.97767900
v -6.18010300 12.44763700 1.82270900
v -6.18010300 12.44763700 1.82270900
v -6.18010300 12.44763700 1.97767900
v -6.18981000 12.48386200 1.97767900
v -6.18981000 12.48386200 1.82270900
v -6.18981000 12.48386200 1.82270900
v -6.21736600 12.51141800 1.97767900
v -6.21736600 12.51141800 1.82270900
v -6.21736600 12.51141800 1.82270900
v -6.25501000 12.52150600 1.97767900
v -6.25501000 12.52150600 1.82270900
v -6.25501000 12.52150600 1.82270900
v -6.51666500 12.44763700 1.97767900
v -6.51666500 12.44763700 1.82270900
v -6.51666500 12.44763700 1.82270900
v -6.38603800 12.29049000 1.82270900
v -6.38603800 12.29049000 1.82270900
v -6.38603800 12.29049000 1.97767900
v -6.34838400 12.28040400 1.97767900
v -6.34838400 12.28040400 1.82270900
v -6.34838400 12.28040400 1.82270900
v -6.41359400 12.31804700 1.82270900
v -6.41359400 12.31804700 1.82270900
v -6.41359400 12.31804700 1.97767900
v -6.42368200 12.35569100 1.82270900
v -6.42368200 12.35569100 1.82270900
v -6.42368200 12.35569100 1.82270900
v -6.42368200 12.35569100 1.97767900
v -6.42368200 12.35569100 1.97767900
v -6.41706300 12.38038600 1.82270900
v -6.41706300 12.38038600 1.82270900
v -6.41706300 12.38038600 1.82270900
v -6.41706300 12.38038600 1.97767900
v -6.41706300 12.38038600 1.97767900
v -6.50696000 12.41141200 1.82270900
v -6.50696000 12.41141200 1.82270900
v -6.50696000 12.41141200 1.97767900
v -6.47940200 12.38385500 1.97767900
v -6.47940200 12.38385500 1.82270900
v -6.47940200 12.38385500 1.82270900
v -6.44175800 12.37376800 1.97767900
v -6.44175800 12.37376800 1.82270900
v -6.44175800 12.37376800 1.82270900
v -6.31073000 12.29049000 1.97767900
v -6.31073000 12.29049000 1.82270900
v -6.31073000 12.29049000 1.82270900
v -6.28317400 12.31804700 1.97767900
v -6.28317400 12.31804700 1.82270900
v -6.28317400 12.31804700 1.82270900
v -6.27308600 12.35569100 1.97767900
v -6.27308600 12.35569100 1.82270900
v -6.27308600 12.35569100 1.82270900
v -6.27970500 12.38038600 1.97767900
v -6.27970500 12.38038600 1.97767900
v -6.27970500 12.38038600 1.82270900
v -6.27970500 12.38038600 1.82270900
v -6.27970500 12.38038600 1.82270900
v -6.21736600 12.38385500 1.82270900
v -6.21736600 12.38385500 1.82270900
v -6.21736600 12.38385500 1.97767900
v -6.18981000 12.41141200 1.97767900
v -6.18981000 12.41141200 1.82270900
v -6.18981000 12.41141200 1.82270900
v -6.25501000 12.37376800 1.82270900
v -6.25501000 12.37376800 1.82270900
v -6.25501000 12.37376800 1.97767900
v -6.18155500 12.38713400 1.82270900
v -6.21906000 12.32580400 1.82270900
v -6.27785400 12.28443700 1.82270900
v -6.17151400 12.45831800 1.82270900
v -6.18808300 12.52252200 1.82270900
v -6.22710700 12.57613000 1.82270900
v -6.28311000 12.61163100 1.82270900
v -6.34824700 12.62404300 1.82270900
v -6.41338400 12.61163100 1.82270900
v -6.46938700 12.57613000 1.82270900
v -6.50840800 12.52252200 1.82270900
v -6.52498000 12.45831800 1.82270900
v -6.51493900 12.38713400 1.82270900
v -6.47743200 12.32580400 1.82270900
v -6.41864000 12.28443600 1.82270900
v -6.34824700 12.26984600 1.82270900
vn -0.14319397 -0.98795841 -0.05859753
vn -0.23440917 -0.97213803 0.00000000
vn 0.00040000 -0.99999992 0.00000000
vn -0.00359998 -0.99999320 -0.00079999
vn -0.32969813 -0.93699469 -0.11549935
vn -0.44180524 -0.89711064 0.00080001
vn -0.47468786 -0.86087799 -0.18319532
vn -0.61461835 -0.78882355 0.00130004
vn -0.64920636 -0.71890704 -0.24840243
vn -0.64920636 -0.71890704 -0.24840243
vn -0.79095932 -0.61186853 0.00049997
vn -0.79281655 -0.53391114 -0.29390613
vn -0.79281655 -0.53391114 -0.29390613
vn -0.90316733 -0.42928447 0.00189993
vn -0.88933852 -0.30201308 -0.34331487
vn -0.97077336 -0.23999341 0.00149996
vn -0.91582516 -0.14900409 -0.37291025
vn -0.99183794 -0.12750488 0.00000000
vn 0.36499780 -0.11959928 -0.92329444
vn 0.36499780 -0.11959928 -0.92329444
vn 0.00000000 -0.08629735 -0.99626942
vn 0.00000000 -0.22019028 -0.97545694
vn 0.35440374 -0.28560302 -0.89040940
vn 0.35440374 -0.28560302 -0.89040940
vn 0.35440374 -0.28560302 -0.89040940
vn 0.00000000 -0.45611158 -0.88992260
vn 0.30790726 -0.55311305 -0.77411826
vn 0.30790726 -0.55311305 -0.77411826
vn 0.00000000 -0.62739860 -0.77869827
vn 0.23389336 -0.72547941 -0.64728163
vn 0.00000000 -0.77096816 -0.63687369
vn 0.17049553 -0.85437761 -0.49088713
vn 0.00000000 -0.89482685 -0.44641339
vn 0.12170558 -0.94034313 -0.31771457
vn 0.00000000 -0.97516232 -0.22149144
vn 0.05789749 -0.98855707 -0.13929395
vn 0.00000000 -1.00000000 0.00000000
vn 0.01230030 -0.99962414 -0.02450059
vn 0.00000000 -0.97393923 0.22680913
vn 0.05899791 -0.98816502 0.14159499
vn -0.05850048 -0.98820803 0.14150115
vn 0.00000000 -0.97393923 0.22680913
vn 0.00000000 -1.00000000 0.00000000
vn -0.00079999 -0.99999128 0.00409996
vn -0.12179975 -0.93689806 0.32769932
vn 0.00000000 -0.88853124 0.45881613
vn -0.16989545 -0.85247715 0.49438675
vn 0.00000000 -0.77749166 0.62889325
vn -0.24259944 -0.73099832 0.63779853
vn 0.00000000 -0.63248058 0.77457622
vn -0.30880824 -0.53861438 0.78392093
vn -0.30880824 -0.53861438 0.78392093
vn 0.00000000 -0.43561582 0.90013269
vn -0.34918942 -0.28869126 0.89147300
vn -0.34918942 -0.28869126 0.89147300
vn 0.00000000 -0.21640101 0.97630456
vn -0.35999156 -0.13809676 0.92267836
vn 0.00000000 -0.09970174 0.99501737
vn 0.23740276 -0.97141131 0.00000000
vn 0.14480090 -0.98770615 -0.05890037
vn 0.44080211 -0.89760429 0.00020000
vn 0.33010385 -0.93701094 -0.11420133
vn 0.60359302 -0.79729078 0.00169998
vn 0.46219451 -0.86868968 -0.17819788
vn 0.78578524 -0.61848838 0.00369993
vn 0.63690723 -0.73130830 -0.24400277
vn 0.63690723 -0.73130830 -0.24400277
vn 0.90579168 -0.42369611 0.00479996
vn 0.79548373 -0.53048915 -0.29289401
vn 0.79548373 -0.53048915 -0.29289401
vn 0.97315780 -0.22989003 0.01069954
vn 0.89531955 -0.28880630 -0.33910740
vn 0.99407490 -0.10869726 0.00000000
vn 0.92037080 -0.13229580 -0.36798833
vn 0.00000000 -0.88853124 0.45881613
vn 0.12230139 -0.93711063 0.32690371
vn 0.00000000 -0.77749166 0.62889325
vn 0.16730334 -0.85401706 0.49260984
vn 0.00000000 -0.63248058 0.77457622
vn 0.23879560 -0.73138653 0.63878823
vn 0.00000000 -0.43561582 0.90013269
vn 0.30899733 -0.53679537 0.78509323
vn 0.30899733 -0.53679537 0.78509323
vn 0.00000000 -0.21900531 0.97572367
vn 0.34929995 -0.28939996 0.89119987
vn 0.34929995 -0.28939996 0.89119987
vn 0.34929995 -0.28939996 0.89119987
vn 0.00000000 -0.10569980 0.99439809
vn 0.36210956 -0.14090372 0.92142434
vn 0.36210956 -0.14090372 0.92142434
vn 0.00000000 -0.97516232 -0.22149144
vn -0.05769896 -0.98858226 -0.13919750
vn 0.00000000 -0.89352535 -0.44901274
vn -0.12189343 -0.93954937 -0.31998276
vn 0.00000000 -0.76702318 -0.64161939
vn -0.17510764 -0.84853702 -0.49932178
vn 0.00000000 -0.62512180 -0.78052722
vn -0.24059585 -0.71958759 -0.65138877
vn 0.00000000 -0.45710622 -0.88941211
vn -0.30870447 -0.55560804 -0.77201117
vn -0.30870447 -0.55560804 -0.77201117
vn 0.00000000 -0.22049720 -0.97538761
vn -0.35170349 -0.29320291 -0.88900883
vn -0.35170349 -0.29320291 -0.88900883
vn -0.35170349 -0.29320291 -0.88900883
vn 0.00000000 -0.08560252 -0.99632937
vn -0.35910129 -0.12490045 -0.92490332
vn -0.35910129 -0.12490045 -0.92490332
vn 0.00040000 -0.99999992 0.00000000
vn -0.23440917 -0.97213803 0.00000000
vn -0.14390368 -0.98782526 0.05910151
vn -0.02030014 -0.99970679 0.01320009
vn -0.44112295 -0.89744668 0.00000000
vn -0.32850895 -0.93712554 0.11780321
vn -0.61501315 -0.78851685 0.00000000
vn -0.46802342 -0.86464327 0.18260914
vn -0.79109363 -0.61169508 0.00000000
vn -0.65047958 -0.72067738 0.23979247
vn -0.65047958 -0.72067738 0.23979247
vn -0.90339955 -0.42879979 0.00000000
vn -0.79311839 -0.53011229 0.29990695
vn -0.79311839 -0.53011229 0.29990695
vn -0.00040000 -0.99999992 0.00000000
vn 0.23440917 -0.97213803 0.00000000
vn 0.14319397 -0.98795841 -0.05859753
vn -0.00010000 -0.99969491 -0.02469987
vn 0.44180524 -0.89711064 0.00080001
vn 0.32969813 -0.93699469 -0.11549935
vn 0.61461835 -0.78882355 0.00130004
vn 0.47468786 -0.86087799 -0.18319532
vn 0.79095932 -0.61186853 0.00049997
vn 0.64920636 -0.71890704 -0.24840243
vn 0.64920636 -0.71890704 -0.24840243
vn 0.90316733 -0.42928447 0.00189993
vn 0.79269472 -0.53409645 -0.29389804
vn 0.79269472 -0.53409645 -0.29389804
vn 0.97077336 -0.23999341 0.00149996
vn 0.88930429 -0.30190146 -0.34350166
vn 0.99183794 -0.12750488 0.00000000
vn 0.91582516 -0.14900409 -0.37291025
vn -0.36499780 -0.11959928 -0.92329444
vn -0.36499780 -0.11959928 -0.92329444
vn -0.35450130 -0.28550105 -0.89040327
vn -0.35450130 -0.28550105 -0.89040327
vn -0.35450130 -0.28550105 -0.89040327
vn -0.30798074 -0.55316541 -0.77405160
vn -0.30798074 -0.55316541 -0.77405160
vn -0.23390850 -0.72552637 -0.64722353
vn -0.17049553 -0.85437761 -0.49088713
vn -0.12170558 -0.94034313 -0.31771457
vn -0.05800288 -0.98854906 -0.13930691
vn -0.01230030 -0.99962414 0.02450059
vn -0.05889826 -0.98817084 0.14159582
vn 0.00000000 -1.00000000 0.00000000
vn 0.00000000 -0.97393923 0.22680913
vn 0.05860013 -0.98820225 0.14150032
vn 0.02459994 -0.99969738 0.00000000
vn 0.00000000 -0.88853124 0.45881613
vn 0.12179975 -0.93689806 0.32769932
vn 0.00000000 -0.77749166 0.62889325
vn 0.16990006 -0.85270030 0.49400017
vn 0.00000000 -0.63248058 0.77457622
vn 0.24310546 -0.73081641 0.63781432
vn 0.00000000 -0.43561582 0.90013269
vn 0.30871020 -0.53851779 0.78402590
vn 0.30871020 -0.53851779 0.78402590
vn 0.00000000 -0.21640101 0.97630456
vn 0.34909153 -0.28879300 0.89147838
vn 0.34909153 -0.28879300 0.89147838
vn 0.00000000 -0.09970174 0.99501737
vn 0.35999653 -0.13799867 0.92269110
vn -0.14480005 -0.98770033 -0.05900002
vn -0.23740276 -0.97141131 0.00000000
vn -0.33010385 -0.93701094 -0.11420133
vn -0.44080211 -0.89760429 0.00020000
vn -0.46219451 -0.86868968 -0.17819788
vn -0.60359302 -0.79729078 0.00169998
vn -0.63690723 -0.73130830 -0.24400277
vn -0.63690723 -0.73130830 -0.24400277
vn -0.78578524 -0.61848838 0.00369993
vn -0.79540480 -0.53060320 -0.29290177
vn -0.79540480 -0.53060320 -0.29290177
vn -0.90579168 -0.42369611 0.00479996
vn -0.89531050 -0.28860339 -0.33930398
vn -0.97320147 -0.22970035 0.01080002
vn -0.99400862 -0.10930095 0.00040000
vn -0.92023587 -0.13260517 -0.36821435
vn -0.12230139 -0.93711063 0.32690371
vn -0.16729069 -0.85375247 0.49307255
vn -0.23821007 -0.73163092 0.63872699
vn -0.30901267 -0.53702202 0.78493218
vn -0.30901267 -0.53702202 0.78493218
vn -0.34949575 -0.28919648 0.89118916
vn -0.34949575 -0.28919648 0.89118916
vn -0.34949575 -0.28919648 0.89118916
vn -0.36211466 -0.14080570 0.92143731
vn -0.36211466 -0.14080570 0.92143731
vn 0.05759930 -0.98858796 -0.13919830
vn 0.00000000 -0.97516232 -0.22149144
vn 0.12189343 -0.93954937 -0.31998276
vn 0.00000000 -0.89352535 -0.44901274
vn 0.17510764 -0.84853702 -0.49932178
vn 0.17510764 -0.84853702 -0.49932178
vn 0.00000000 -0.76697397 -0.64167822
vn 0.24059585 -0.71958759 -0.65138877
vn 0.24059585 -0.71958759 -0.65138877
vn 0.00000000 -0.62507301 -0.78056629
vn 0.30878445 -0.55577202 -0.77186114
vn 0.30878445 -0.55577202 -0.77186114
vn 0.00000000 -0.45710622 -0.88941211
vn 0.35189936 -0.29299947 -0.88899840
vn 0.35189936 -0.29299947 -0.88899840
vn 0.35189936 -0.29299947 -0.88899840
vn 0.00000000 -0.22049720 -0.97538761
vn 0.35910129 -0.12490045 -0.92490332
vn 0.35910129 -0.12490045 -0.92490332
vn 0.00000000 -0.08560252 -0.99632937
vn 0.14390283 -0.98781942 0.05920116
vn 0.23440917 -0.97213803 0.00000000
vn -0.00040000 -0.99999992 0.00000000
vn -0.02079995 -0.99969783 0.01309997
vn 0.32850895 -0.93712554 0.11780321
vn 0.44112295 -0.89744668 0.00000000
vn 0.46759812 -0.86489653 0.18249927
vn 0.46759812 -0.86489653 0.18249927
vn 0.61501315 -0.78851685 0.00000000
vn 0.65056856 -0.72046518 0.24018839
vn 0.65056856 -0.72046518 0.24018839
vn 0.65056856 -0.72046518 0.24018839
vn 0.79109363 -0.61169508 0.00000000
vn 0.79319752 -0.52999834 0.29989906
vn 0.79319752 -0.52999834 0.29989906
vn 0.90339955 -0.42879979 0.00000000
vn -0.32969813 -0.93699469 -0.11549935
vn -0.44180524 -0.89711064 0.00080001
vn -0.23440917 -0.97213803 0.00000000
vn -0.14350280 -0.98791931 -0.05850114
vn -0.47468786 -0.86087799 -0.18319532
vn -0.61461835 -0.78882355 0.00130004
vn -0.64920636 -0.71890704 -0.24840243
vn -0.64920636 -0.71890704 -0.24840243
vn -0.79095932 -0.61186853 0.00049997
vn -0.79281655 -0.53391114 -0.29390613
vn -0.79281655 -0.53391114 -0.29390613
vn -0.90316733 -0.42928447 0.00189993
vn -0.88933852 -0.30201308 -0.34331487
vn -0.97077336 -0.23999341 0.00149996
vn -0.91582516 -0.14900409 -0.37291025
vn -0.99183794 -0.12750488 0.00000000
vn -0.05860179 -0.98823020 0.14130432
vn 0.00000000 -1.00000000 0.00000000
vn -0.12179975 -0.93689806 0.32769932
vn -0.16989545 -0.85247715 0.49438675
vn -0.24259944 -0.73099832 0.63779853
vn -0.30880824 -0.53861438 0.78392093
vn -0.30880824 -0.53861438 0.78392093
vn -0.34918942 -0.28869126 0.89147300
vn -0.34918942 -0.28869126 0.89147300
vn -0.35999156 -0.13809676 0.92267836
vn -0.05770057 -0.98860976 -0.13900137
vn -0.12189343 -0.93954937 -0.31998276
vn -0.17510764 -0.84853702 -0.49932178
vn -0.17510764 -0.84853702 -0.49932178
vn -0.24059585 -0.71958759 -0.65138877
vn -0.24059585 -0.71958759 -0.65138877
vn -0.30870447 -0.55560804 -0.77201117
vn -0.30870447 -0.55560804 -0.77201117
vn -0.35170349 -0.29320291 -0.88900883
vn -0.35170349 -0.29320291 -0.88900883
vn -0.35170349 -0.29320291 -0.88900883
vn -0.35910129 -0.12490045 -0.92490332
vn -0.35910129 -0.12490045 -0.92490332
vn -0.23440917 -0.97213803 0.00000000
vn -0.44112295 -0.89744668 0.00000000
vn -0.32850895 -0.93712554 0.11780321
vn -0.14409953 -0.98779681 0.05909981
vn -0.61501315 -0.78851685 0.00000000
vn -0.46802342 -0.86464327 0.18260914
vn -0.46802342 -0.86464327 0.18260914
vn -0.79109363 -0.61169508 0.00000000
vn -0.65047958 -0.72067738 0.23979247
vn -0.65047958 -0.72067738 0.23979247
vn -0.65047958 -0.72067738 0.23979247
vn -0.90339955 -0.42879979 0.00000000
vn -0.79311839 -0.53011229 0.29990695
vn -0.79311839 -0.53011229 0.29990695
vn -0.97104165 -0.23891025 0.00000000
vn -0.88718377 -0.30149449 0.34929361
vn -0.88718377 -0.30149449 0.34929361
vn -0.99183794 -0.12750488 0.00000000
vn -0.91652114 -0.15410355 0.36910851
vn -0.91652114 -0.15410355 0.36910851
vn 0.14549533 -0.98756827 0.05949809
vn 0.23740276 -0.97141131 0.00000000
vn 0.32990770 -0.93672187 0.11710273
vn 0.44060140 -0.89770285 0.00000000
vn 0.45940521 -0.86960986 0.18090205
vn 0.60330690 -0.79750912 0.00000000
vn 0.64170366 -0.72800416 0.24130138
vn 0.64170366 -0.72800416 0.24130138
vn 0.78491091 -0.61960861 0.00020000
vn 0.79603892 -0.52502567 0.30111472
vn 0.79603892 -0.52502567 0.30111472
vn 0.90691744 -0.42130810 0.00050001
vn 0.88972681 -0.29340884 0.34971054
vn 0.97412560 -0.22600594 -0.00080002
vn 0.91956508 -0.14729441 0.36428617
vn 0.99311985 -0.11710234 0.00010000
vn 0.88718801 -0.30159592 0.34919528
vn 0.88718801 -0.30159592 0.34919528
vn 0.97104165 -0.23891025 0.00000000
vn 0.91648731 -0.15409787 0.36919489
vn 0.91648731 -0.15409787 0.36919489
vn 0.99183794 -0.12750488 0.00000000
vn -0.23740276 -0.97141131 0.00000000
vn -0.14549533 -0.98756827 0.05949809
vn -0.44060140 -0.89770285 0.00000000
vn -0.32990770 -0.93672187 0.11710273
vn -0.60330690 -0.79750912 0.00000000
vn -0.45987117 -0.86934551 0.18098866
vn -0.78491091 -0.61960861 0.00020000
vn -0.64168756 -0.72818588 0.24079533
vn -0.64168756 -0.72818588 0.24079533
vn -0.90691744 -0.42130810 0.00050001
vn -0.79591868 -0.52521233 0.30110707
vn -0.79591868 -0.52521233 0.30110707
vn -0.97412560 -0.22600594 -0.00080002
vn -0.88971675 -0.29320552 0.34990659
vn -0.99311985 -0.11710234 0.00010000
vn -0.91952968 -0.14720475 0.36441176
vn -0.97104165 -0.23891025 0.00000000
vn -0.88718377 -0.30149449 0.34929361
vn -0.88718377 -0.30149449 0.34929361
vn -0.99183794 -0.12750488 0.00000000
vn -0.91652114 -0.15410355 0.36910851
vn -0.91652114 -0.15410355 0.36910851
vn 0.00000000 -1.00000000 0.00000000
vn 0.19509682 -0.98078399 0.00000000
vn 0.12630419 -0.99063286 -0.05190172
vn -0.00010000 -0.99969737 -0.02459994
vn 0.38351429 -0.92353440 0.00100004
vn 0.27548667 -0.95435382 -0.11539442
vn 0.55539057 -0.83158588 0.00249996
vn 0.42899741 -0.88589466 -0.17649894
vn 0.70710457 -0.70710457 0.00250002
vn 0.57321985 -0.78452717 -0.23650819
vn 0.87171312 -0.49000738 0.00300005
vn 0.74670571 -0.59340454 -0.30050230
vn 0.74670571 -0.59340454 -0.30050230
vn 0.97077336 -0.23999341 0.00149996
vn 0.89060438 -0.30090148 -0.34100168
vn 0.89060438 -0.30090148 -0.34100168
vn 0.98895835 -0.14819376 0.00000000
vn 0.91197224 -0.16819488 -0.37418861
vn 0.01609970 -0.22819581 -0.97348214
vn 0.00000000 -0.08560252 -0.99632937
vn -0.35881206 -0.11870399 -0.92583112
vn -0.33459807 -0.29439830 -0.89519483
vn 0.00710003 -0.45920185 -0.88830358
vn -0.28239469 -0.57108926 -0.77078551
vn 0.00229989 -0.62557101 -0.78016384
vn -0.21351113 -0.73773847 -0.64043340
vn 0.00060000 -0.76970269 -0.63840223
vn -0.15759752 -0.85878650 -0.48749233
vn 0.00000000 -0.89482685 -0.44641339
vn -0.10349777 -0.94157973 -0.32049310
vn 0.00000000 -0.97516232 -0.22149144
vn -0.05349760 -0.98945564 -0.13459397
vn 0.00000000 -1.00000000 0.00000000
vn -0.01230030 -0.99962414 0.02450059
vn -0.05430124 -0.98912266 0.13670313
vn 0.00000000 -0.97393923 0.22680913
vn 0.05430124 -0.98912266 0.13670313
vn 0.02459994 -0.99969737 0.00010000
vn 0.10410229 -0.93822062 0.33000725
vn 0.15530063 -0.85840349 0.48890199
vn 0.21679952 -0.74899833 0.62609861
vn 0.21679952 -0.74899833 0.62609861
vn 0.27878734 -0.54697517 0.78936416
vn 0.27878734 -0.54697517 0.78936416
vn 0.35420982 -0.28950803 0.88922466
vn 0.35420982 -0.28950803 0.88922466
vn 0.35430196 -0.14510080 0.92380511
vn 0.35430196 -0.14510080 0.92380511
vn 0.74677422 -0.58977964 0.30738939
vn 0.74677422 -0.58977964 0.30738939
vn 0.88847799 -0.29999257 0.34729140
vn 0.88847799 -0.29999257 0.34729140
vn 0.88441445 -0.30860504 -0.35010572
vn 0.88441445 -0.30860504 -0.35010572
vn 0.88441445 -0.30860504 -0.35010572
vn 0.74966887 -0.59797517 -0.28358822
vn 0.74966887 -0.59797517 -0.28358822
vn 0.74966887 -0.59797517 -0.28358822
vn 0.91256906 -0.17329412 0.37038744
vn 0.91453171 -0.19000659 -0.35711238
vn 0.91453171 -0.19000659 -0.35711238
vn -0.32718255 -0.30888353 -0.89305237
vn -0.32718255 -0.30888353 -0.89305237
vn 0.01530062 -0.24760996 -0.96873897
vn 0.00000000 -0.14819376 -0.98895835
vn -0.36658802 -0.17659423 -0.91347014
vn 0.01240030 -0.49321183 -0.86982086
vn -0.28550503 -0.59851055 -0.74851319
vn -0.28550503 -0.59851055 -0.74851319
vn 0.00309999 -0.70449861 -0.70969860
vn 0.00309999 -0.70449861 -0.70969860
vn -0.21220040 -0.79240150 -0.57190108
vn -0.21220040 -0.79240150 -0.57190108
vn 0.00000000 -0.83146524 -0.55557677
vn -0.15329364 -0.89416288 -0.42068254
vn 0.00000000 -0.92387667 -0.38269034
vn -0.10010331 -0.95693164 -0.27250901
vn 0.00000000 -0.98078399 -0.19509682
vn -0.04949923 -0.99108456 -0.12369807
vn -0.12630484 -0.99063800 -0.05180199
vn -0.19509682 -0.98078399 0.00000000
vn -0.27399094 -0.95486844 -0.11469621
vn -0.38269034 -0.92387667 0.00000000
vn -0.42361642 -0.88883445 -0.17470677
vn -0.55569192 -0.83138791 0.00079999
vn -0.57828124 -0.78047467 -0.23759229
vn -0.57828124 -0.78047467 -0.23759229
vn -0.72209131 -0.69179168 0.00289997
vn -0.74669454 -0.59779563 -0.29169787
vn -0.74669454 -0.59779563 -0.29169787
vn -0.74669454 -0.59779563 -0.29169787
vn -0.86397278 -0.50348414 0.00739977
vn -0.88453327 -0.31461183 -0.34441296
vn -0.88453327 -0.31461183 -0.34441296
vn -0.88453327 -0.31461183 -0.34441296
vn -0.96555527 -0.25988796 0.01269941
vn -0.99400862 -0.10930095 0.00040000
vn -0.91918595 -0.13269797 -0.37079433
vn -0.91918595 -0.13269797 -0.37079433
vn -0.10410229 -0.93822062 0.33000725
vn 0.00000000 -0.88853124 0.45881613
vn -0.15530063 -0.85840349 0.48890199
vn 0.00000000 -0.77749166 0.62889325
vn -0.21891475 -0.74515021 0.62994245
vn -0.21891475 -0.74515021 0.62994245
vn 0.00000000 -0.63248058 0.77457622
vn 0.00000000 -0.63248058 0.77457622
vn -0.28521359 -0.55512644 0.78133722
vn -0.28521359 -0.55512644 0.78133722
vn 0.00000000 -0.43561582 0.90013269
vn -0.32980297 -0.29520266 0.89670808
vn -0.32980297 -0.29520266 0.89670808
vn 0.01730015 -0.20690185 0.97820874
vn -0.30948921 -0.13149541 0.94176716
vn 0.00000000 -0.09970174 0.99501737
vn 0.05359731 -0.98945035 -0.13459325
vn 0.10430083 -0.94090746 -0.32220256
vn 0.16050539 -0.85502870 -0.49311655
vn 0.21449807 -0.73809338 -0.63969426
vn 0.21449807 -0.73809338 -0.63969426
vn 0.27899728 -0.56389450 -0.77729242
vn 0.27899728 -0.56389450 -0.77729242
vn 0.35639150 -0.29429298 -0.88677886
vn 0.35639150 -0.29429298 -0.88677886
vn 0.35349161 -0.13199687 -0.92607802
vn 0.35349161 -0.13199687 -0.92607802
vn 0.12360021 -0.99110172 -0.04940009
vn 0.00000000 -1.00000000 0.00000000
vn -0.02020018 -0.99970881 0.01320012
vn 0.12669581 -0.99056727 0.05219828
vn -0.27250901 -0.95693164 -0.10010331
vn -0.27419148 -0.95447035 0.11749635
vn -0.12679354 -0.99054954 0.05229734
vn -0.12360021 -0.99110172 -0.04940009
vn 0.27250901 -0.95693164 -0.10010331
vn 0.27419148 -0.95447035 0.11749635
vn -0.42068254 -0.89416288 -0.15329364
vn -0.42230268 -0.88900565 0.17700112
vn 0.42068254 -0.89416288 -0.15329364
vn 0.42230268 -0.88900565 0.17700112
vn -0.57649282 -0.78869018 -0.21359734
vn -0.57649282 -0.78869018 -0.21359734
vn -0.58272743 -0.77833663 0.23371100
vn -0.58272743 -0.77833663 0.23371100
vn 0.56569356 -0.79769091 -0.20899762
vn 0.56569356 -0.79769091 -0.20899762
vn 0.57378461 -0.78607891 0.22989383
vn -0.75310086 -0.59530068 -0.28010032
vn -0.75310086 -0.59530068 -0.28010032
vn -0.74508676 -0.59538942 0.30059466
vn -0.74508676 -0.59538942 0.30059466
vn -0.87537138 -0.32818927 0.35498839
vn -0.87537138 -0.32818927 0.35498839
vn -0.87770466 -0.31730168 -0.35910191
vn -0.87770466 -0.31730168 -0.35910191
vn -0.91080278 -0.14590045 0.38620118
vn -0.91080278 -0.14590045 0.38620118
vn -0.92101477 -0.15420247 -0.35770574
vn -0.92101477 -0.15420247 -0.35770574
vn 0.35711238 -0.19000659 -0.91453171
vn 0.00000000 -0.14819376 -0.98895835
vn 0.00000000 -0.23909883 -0.97099524
vn 0.35010572 -0.30860504 -0.88441445
vn 0.00000000 -0.48879824 -0.87239686
vn 0.28349627 -0.59799212 -0.74969013
vn 0.00000000 -0.70710678 -0.70710678
vn 0.20899762 -0.79769091 -0.56569356
vn 0.00000000 -0.83146524 -0.55557677
vn 0.15329364 -0.89416288 -0.42068254
vn 0.00000000 -0.92387667 -0.38269034
vn 0.10010331 -0.95693164 -0.27250901
vn 0.00000000 -0.98078399 -0.19509682
vn 0.04949923 -0.99108456 -0.12369807
vn 0.00000000 -1.00000000 0.00000000
vn 0.01479986 -0.99989048 0.00000000
vn 0.00000000 -1.00000000 0.00000000
vn 0.00000000 -0.99999118 -0.00419996
vn 0.00000000 -1.00000000 0.00000000
vn 0.00000000 -0.99999076 0.00429996
vn -0.00040000 -0.99999992 0.00000000
vn 0.23440917 -0.97213803 0.00000000
vn 0.08259755 -0.99307054 -0.08359752
vn -0.00010000 -1.00000000 0.00000000
vn 0.44180524 -0.89711064 0.00080001
vn 0.21879084 -0.95436007 -0.20329149
vn 0.61461835 -0.78882355 0.00130004
vn 0.31678887 -0.88706882 -0.33578820
vn 0.79100767 -0.61180593 0.00060001
vn 0.44708450 -0.76577345 -0.46228397
vn 0.90320593 -0.42920282 0.00200001
vn 0.58057832 -0.59547776 -0.55527926
vn 0.58057832 -0.59547776 -0.55527926
vn 0.97077336 -0.23999341 0.00149996
vn 0.67072281 -0.33701146 -0.66072247
vn 0.67072281 -0.33701146 -0.66072247
vn 0.99183794 -0.12750488 0.00000000
vn 0.68868341 -0.14949640 -0.70948291
vn 0.68868341 -0.14949640 -0.70948291
vn 0.00000000 -0.22019028 -0.97545694
vn 0.00000000 -0.08629735 -0.99626942
vn -0.69810622 -0.13730122 -0.70270626
vn -0.69810622 -0.13730122 -0.70270626
vn -0.67606124 -0.32548134 -0.66106210
vn -0.67606124 -0.32548134 -0.66106210
vn 0.00000000 -0.45611158 -0.88992260
vn -0.58188671 -0.59278646 -0.55678728
vn -0.58188671 -0.59278646 -0.55678728
vn 0.00000000 -0.62739860 -0.77869827
vn -0.43458153 -0.77596702 -0.45718057
vn 0.00000000 -0.77096816 -0.63687369
vn -0.30912140 -0.89266179 -0.32802270
vn 0.00000000 -0.89482685 -0.44641339
vn -0.22010375 -0.95441626 -0.20160343
vn 0.00000000 -0.97516232 -0.22149144
vn -0.08310026 -0.99300307 -0.08390026
vn 0.00000000 -1.00000000 0.00000000
vn -0.08409733 -0.99286849 0.08449732
vn 0.00000000 -0.97393923 0.22680913
vn 0.08350366 -0.99294354 0.08420369
vn 0.00000000 -1.00000000 0.00000000
vn 0.00000000 -0.97393923 0.22680913
vn 0.21870461 -0.95332011 0.20820439
vn 0.00000000 -0.88853124 0.45881613
vn 0.30880921 -0.88922653 0.33751007
vn 0.00000000 -0.77749166 0.62889325
vn 0.45087770 -0.77416170 0.44427802
vn 0.00000000 -0.63248058 0.77457622
vn 0.58118872 -0.58508865 0.56558902
vn 0.58118872 -0.58508865 0.56558902
vn 0.00000000 -0.43561582 0.90013269
vn 0.66597747 -0.33328873 0.66737743
vn 0.66597747 -0.33328873 0.66737743
vn 0.00000000 -0.21640101 0.97630456
vn 0.69107082 -0.15949326 0.70497023
vn 0.69107082 -0.15949326 0.70497023
vn 0.00000000 -0.09970174 0.99501737
vn -0.23740276 -0.97141131 0.00000000
vn -0.44080211 -0.89760429 0.00020000
vn -0.60359302 -0.79729078 0.00169998
vn -0.78578524 -0.61848838 0.00369993
vn -0.90597966 -0.42329050 0.00509989
vn -0.97313116 -0.23000736 0.01060034
vn -0.99407490 -0.10869726 0.00000000
vn -0.22070016 -0.95310071 0.20710015
vn 0.00000000 -0.88853124 0.45881613
vn -0.30462006 -0.89145871 0.33542209
vn 0.00000000 -0.77749166 0.62889325
vn -0.44147789 -0.77876099 0.44567768
vn 0.00000000 -0.63248058 0.77457622
vn -0.58237311 -0.58227312 0.56727381
vn -0.58237311 -0.58227312 0.56727381
vn 0.00000000 -0.43561582 0.90013269
vn -0.66723980 -0.32981967 0.66783983
vn -0.66723980 -0.32981967 0.66783983
vn 0.00000000 -0.21900531 0.97572367
vn -0.69658587 -0.15699682 0.70008580
vn -0.69658587 -0.15699682 0.70008580
vn 0.00000000 -0.10569980 0.99439809
vn 0.00000000 -0.97516232 -0.22149144
vn 0.00000000 -0.89352535 -0.44901274
vn 0.00000000 -0.76702318 -0.64161939
vn 0.00000000 -0.62512180 -0.78052722
vn 0.00000000 -0.45710622 -0.88941211
vn 0.00000000 -0.22049720 -0.97538761
vn 0.00000000 -0.08560252 -0.99632937
vn 0.23440917 -0.97213803 0.00000000
vn -0.00040000 -0.99999992 0.00000000
vn 0.44112295 -0.89744668 0.00000000
vn 0.61501315 -0.78851685 0.00000000
vn 0.79109363 -0.61169508 0.00000000
vn 0.90339955 -0.42879979 0.00000000
vn -0.14319397 -0.98795841 -0.05859753
vn -0.23440917 -0.97213803 0.00000000
vn 0.00040000 -0.99999992 0.00000000
vn -0.00359998 -0.99999320 -0.00079999
vn -0.32969813 -0.93699469 -0.11549935
vn -0.44180524 -0.89711064 0.00080001
vn -0.47468786 -0.86087799 -0.18319532
vn -0.61461835 -0.78882355 0.00130004
vn -0.64920636 -0.71890704 -0.24840243
vn -0.64920636 -0.71890704 -0.24840243
vn -0.79095932 -0.61186853 0.00049997
vn -0.79277422 -0.53398263 -0.29389044
vn -0.79277422 -0.53398263 -0.29389044
vn -0.90316733 -0.42928447 0.00189993
vn -0.88933852 -0.30201308 -0.34331487
vn -0.97077336 -0.23999341 0.00149996
vn -0.91582516 -0.14900409 -0.37291025
vn -0.99183794 -0.12750488 0.00000000
vn 0.36499780 -0.11959928 -0.92329444
vn 0.36499780 -0.11959928 -0.92329444
vn 0.35440374 -0.28560302 -0.89040940
vn 0.35440374 -0.28560302 -0.89040940
vn 0.35440374 -0.28560302 -0.89040940
vn 0.30790726 -0.55311305 -0.77411826
vn 0.30790726 -0.55311305 -0.77411826
vn 0.23389336 -0.72547941 -0.64728163
vn 0.17049553 -0.85437761 -0.49088713
vn 0.12170558 -0.94034313 -0.31771457
vn 0.05789749 -0.98855707 -0.13929395
vn 0.01230030 -0.99962414 -0.02450059
vn 0.05899791 -0.98816502 0.14159499
vn -0.05850048 -0.98820803 0.14150115
vn 0.00000000 -0.97393923 0.22680913
vn 0.00000000 -1.00000000 0.00000000
vn -0.00079999 -0.99999128 0.00409996
vn -0.12179975 -0.93689806 0.32769932
vn 0.00000000 -0.88853124 0.45881613
vn -0.16989545 -0.85247715 0.49438675
vn 0.00000000 -0.77749166 0.62889325
vn -0.24259944 -0.73099832 0.63779853
vn 0.00000000 -0.63248058 0.77457622
vn -0.30880824 -0.53861438 0.78392093
vn -0.30880824 -0.53861438 0.78392093
vn 0.00000000 -0.43561582 0.90013269
vn -0.34918942 -0.28869126 0.89147300
vn -0.34918942 -0.28869126 0.89147300
vn 0.00000000 -0.21640101 0.97630456
vn -0.35999156 -0.13809676 0.92267836
vn 0.00000000 -0.09970174 0.99501737
vn 0.23740276 -0.97141131 0.00000000
vn 0.14480090 -0.98770615 -0.05890037
vn 0.44080211 -0.89760429 0.00020000
vn 0.33010385 -0.93701094 -0.11420133
vn 0.60359302 -0.79729078 0.00169998
vn 0.46219451 -0.86868968 -0.17819788
vn 0.78578524 -0.61848838 0.00369993
vn 0.63690723 -0.73130830 -0.24400277
vn 0.63690723 -0.73130830 -0.24400277
vn 0.90579168 -0.42369611 0.00479996
vn 0.79548373 -0.53048915 -0.29289401
vn 0.79548373 -0.53048915 -0.29289401
vn 0.97315780 -0.22989003 0.01069954
vn 0.89531955 -0.28880630 -0.33910740
vn 0.99407490 -0.10869726 0.00000000
vn 0.92037080 -0.13229580 -0.36798833
vn 0.12230139 -0.93711063 0.32690371
vn 0.16730334 -0.85401706 0.49260984
vn 0.23879560 -0.73138653 0.63878823
vn 0.30899733 -0.53679537 0.78509323
vn 0.30899733 -0.53679537 0.78509323
vn 0.34929995 -0.28939996 0.89119987
vn 0.34929995 -0.28939996 0.89119987
vn 0.34929995 -0.28939996 0.89119987
vn 0.36210956 -0.14090372 0.92142434
vn 0.36210956 -0.14090372 0.92142434
vn 0.00000000 -0.97516232 -0.22149144
vn -0.05769896 -0.98858226 -0.13919750
vn 0.00000000 -0.89352535 -0.44901274
vn -0.12189343 -0.93954937 -0.31998276
vn 0.00000000 -0.76697397 -0.64167822
vn -0.17510764 -0.84853702 -0.49932178
vn -0.17510764 -0.84853702 -0.49932178
vn 0.00000000 -0.62507301 -0.78056629
vn -0.24059585 -0.71958759 -0.65138877
vn -0.24059585 -0.71958759 -0.65138877
vn 0.00000000 -0.45710622 -0.88941211
vn -0.30870447 -0.55560804 -0.77201117
vn -0.30870447 -0.55560804 -0.77201117
vn 0.00000000 -0.22049720 -0.97538761
vn -0.35170349 -0.29320291 -0.88900883
vn -0.35170349 -0.29320291 -0.88900883
vn -0.35170349 -0.29320291 -0.88900883
vn 0.00000000 -0.08560252 -0.99632937
vn -0.35910129 -0.12490045 -0.92490332
vn -0.35910129 -0.12490045 -0.92490332
vn 0.00040000 -0.99999992 0.00000000
vn -0.23440917 -0.97213803 0.00000000
vn -0.14390368 -0.98782526 0.05910151
vn -0.02030014 -0.99970679 0.01320009
vn -0.44112295 -0.89744668 0.00000000
vn -0.32850895 -0.93712554 0.11780321
vn -0.61501315 -0.78851685 0.00000000
vn -0.46802342 -0.86464327 0.18260914
vn -0.46802342 -0.86464327 0.18260914
vn -0.79109363 -0.61169508 0.00000000
vn -0.65047958 -0.72067738 0.23979247
vn -0.65047958 -0.72067738 0.23979247
vn -0.65047958 -0.72067738 0.23979247
vn -0.90339955 -0.42879979 0.00000000
vn -0.79311839 -0.53011229 0.29990695
vn -0.79311839 -0.53011229 0.29990695
vn 0.23440917 -0.97213803 0.00000000
vn 0.44180524 -0.89711064 0.00080001
vn 0.32969813 -0.93699469 -0.11549935
vn 0.14350280 -0.98791931 -0.05850114
vn 0.61461835 -0.78882355 0.00130004
vn 0.47468786 -0.86087799 -0.18319532
vn 0.79095932 -0.61186853 0.00049997
vn 0.64920636 -0.71890704 -0.24840243
vn 0.64920636 -0.71890704 -0.24840243
vn 0.90316733 -0.42928447 0.00189993
vn 0.79269472 -0.53409645 -0.29389804
vn 0.79269472 -0.53409645 -0.29389804
vn 0.97077336 -0.23999341 0.00149996
vn 0.88930429 -0.30190146 -0.34350166
vn 0.99183794 -0.12750488 0.00000000
vn 0.91582516 -0.14900409 -0.37291025
vn 0.05860179 -0.98823020 0.14130432
vn 0.12179975 -0.93689806 0.32769932
vn 0.16990006 -0.85270030 0.49400017
vn 0.24310546 -0.73081641 0.63781432
vn 0.30871020 -0.53851779 0.78402590
vn 0.30871020 -0.53851779 0.78402590
vn 0.34909153 -0.28879300 0.89147838
vn 0.34909153 -0.28879300 0.89147838
vn 0.35999653 -0.13799867 0.92269110
vn 0.05770057 -0.98860976 -0.13900137
vn 0.12189343 -0.93954937 -0.31998276
vn 0.17510764 -0.84853702 -0.49932178
vn 0.17510764 -0.84853702 -0.49932178
vn 0.24059585 -0.71958759 -0.65138877
vn 0.24059585 -0.71958759 -0.65138877
vn 0.30878445 -0.55577202 -0.77186114
vn 0.30878445 -0.55577202 -0.77186114
vn 0.35189936 -0.29299947 -0.88899840
vn 0.35189936 -0.29299947 -0.88899840
vn 0.35189936 -0.29299947 -0.88899840
vn 0.35910129 -0.12490045 -0.92490332
vn 0.35910129 -0.12490045 -0.92490332
vn 0.32850895 -0.93712554 0.11780321
vn 0.44112295 -0.89744668 0.00000000
vn 0.23440917 -0.97213803 0.00000000
vn 0.14409953 -0.98779681 0.05909981
vn 0.46759812 -0.86489653 0.18249927
vn 0.46759812 -0.86489653 0.18249927
vn 0.61501315 -0.78851685 0.00000000
vn 0.65056856 -0.72046518 0.24018839
vn 0.65056856 -0.72046518 0.24018839
vn 0.65056856 -0.72046518 0.24018839
vn 0.79109363 -0.61169508 0.00000000
vn 0.79319752 -0.52999834 0.29989906
vn 0.79319752 -0.52999834 0.29989906
vn 0.90339955 -0.42879979 0.00000000
vn 0.97104165 -0.23891025 0.00000000
vn 0.99183794 -0.12750488 0.00000000
vn -0.23740276 -0.97141131 0.00000000
vn -0.44060140 -0.89770285 0.00000000
vn -0.60330690 -0.79750912 0.00000000
vn -0.78491089 -0.61960859 0.00030000
vn -0.90691739 -0.42130808 0.00060001
vn -0.97408162 -0.22619573 -0.00069999
vn -0.99311985 -0.11710234 0.00010000
vn -0.88718377 -0.30149449 0.34929361
vn -0.88718377 -0.30149449 0.34929361
vn -0.97104165 -0.23891025 0.00000000
vn -0.91652114 -0.15410355 0.36910851
vn -0.91652114 -0.15410355 0.36910851
vn -0.99183794 -0.12750488 0.00000000
vn 0.14549533 -0.98756827 0.05949809
vn 0.23740276 -0.97141131 0.00000000
vn 0.32990770 -0.93672187 0.11710273
vn 0.44060140 -0.89770285 0.00000000
vn 0.45940521 -0.86960986 0.18090205
vn 0.60330690 -0.79750912 0.00000000
vn 0.64170366 -0.72800416 0.24130138
vn 0.64170366 -0.72800416 0.24130138
vn 0.78491091 -0.61960861 0.00020000
vn 0.79603892 -0.52502567 0.30111472
vn 0.79603892 -0.52502567 0.30111472
vn 0.90691744 -0.42130810 0.00050001
vn 0.88972681 -0.29340884 0.34971054
vn 0.97412560 -0.22600594 -0.00080002
vn 0.91954964 -0.14730795 0.36431967
vn 0.99311983 -0.11710234 0.00020000
vn 0.88718801 -0.30159592 0.34919528
vn 0.88718801 -0.30159592 0.34919528
vn 0.97104165 -0.23891025 0.00000000
vn 0.91648731 -0.15409787 0.36919489
vn 0.91648731 -0.15409787 0.36919489
vn 0.99183794 -0.12750488 0.00000000
vn -0.07839923 -0.99399030 -0.07639925
vn -0.19509682 -0.98078399 0.00000000
vn 0.00000000 -1.00000000 0.00000000
vn 0.00000000 -1.00000000 0.00000000
vn -0.17980573 -0.96223068 -0.20440652
vn -0.38351425 -0.92353431 0.00110004
vn -0.28959115 -0.89967250 -0.32669001
vn -0.55539057 -0.83158588 0.00249996
vn -0.39651928 -0.80233901 -0.44612169
vn -0.70710439 -0.70710439 0.00260002
vn -0.52408165 -0.63657772 -0.56578020
vn -0.52408165 -0.63657772 -0.56578020
vn -0.87171312 -0.49000738 0.00300005
vn -0.67617237 -0.33578628 -0.65577321
vn -0.67617237 -0.33578628 -0.65577321
vn -0.97077336 -0.23999341 0.00149996
vn -0.68172520 -0.16340604 -0.71312636
vn -0.68172520 -0.16340604 -0.71312636
vn -0.98895835 -0.14819376 0.00000000
vn 0.69160365 -0.13680072 -0.70920374
vn 0.69160365 -0.13680072 -0.70920374
vn 0.00000000 -0.08560252 -0.99632937
vn -0.01600092 -0.22831319 -0.97345624
vn 0.65649661 -0.34599821 -0.67029653
vn 0.65649661 -0.34599821 -0.67029653
vn -0.00770006 -0.45860385 -0.88860746
vn 0.53458766 -0.63838527 -0.55378722
vn 0.53458766 -0.63838527 -0.55378722
vn -0.00250004 -0.62550984 -0.78021227
vn 0.39538616 -0.80197193 -0.44778433
vn -0.00060000 -0.76970269 -0.63840223
vn 0.28521382 -0.90264374 -0.32231562
vn 0.00000000 -0.89482685 -0.44641339
vn 0.17889855 -0.96259219 -0.20349835
vn 0.00000000 -0.97516232 -0.22149144
vn 0.07839923 -0.99399030 -0.07639925
vn 0.00000000 -1.00000000 0.00000000
vn 0.07919968 -0.99389598 0.07679969
vn 0.00000000 -0.97393923 0.22680913
vn -0.07919968 -0.99389598 0.07679969
vn -0.17960662 -0.96123545 0.20920772
vn -0.28211364 -0.90094356 0.32971594
vn -0.39912584 -0.81075248 0.42822772
vn -0.52499079 -0.62548903 0.57718987
vn -0.52499079 -0.62548903 0.57718987
vn -0.67150792 -0.33210392 0.66240781
vn -0.67150792 -0.33210392 0.66240781
vn -0.68402377 -0.17350603 0.70852462
vn -0.68402377 -0.17350603 0.70852462
vn -0.66363552 -0.34521848 -0.66363552
vn -0.66363552 -0.34521848 -0.66363552
vn -0.53060167 -0.66100208 -0.53060167
vn -0.53060167 -0.66100208 -0.53060167
vn -0.69174459 -0.20731336 -0.69174459
vn -0.69174459 -0.20731336 -0.69174459
vn 0.64326792 -0.35018254 -0.68086605
vn 0.64326792 -0.35018254 -0.68086605
vn 0.70111180 -0.18170306 -0.68951160
vn 0.70111180 -0.18170306 -0.68951160
vn 0.00000000 -0.14819376 -0.98895835
vn -0.01530062 -0.24760996 -0.96873897
vn -0.01300017 -0.49250658 -0.87021162
vn 0.54300802 -0.65560969 -0.52470775
vn 0.54300802 -0.65560969 -0.52470775
vn -0.00349998 -0.70429692 -0.70989689
vn -0.00349998 -0.70429692 -0.70989689
vn 0.39208042 -0.83105850 -0.39448030
vn 0.39208042 -0.83105850 -0.39448030
vn 0.00000000 -0.83146524 -0.55557677
vn 0.27949071 -0.91856948 -0.27949071
vn 0.00000000 -0.92387667 -0.38269034
vn 0.17499849 -0.96889166 -0.17499849
vn 0.00000000 -0.98078399 -0.19509682
vn 0.07419846 -0.99447935 -0.07419846
vn 0.19509682 -0.98078399 0.00000000
vn 0.38269034 -0.92387667 0.00000000
vn 0.55569192 -0.83138791 0.00079999
vn 0.72218890 -0.69168937 0.00299995
vn 0.86419410 -0.50309656 0.00789995
vn 0.96550072 -0.26010019 0.01250001
vn 0.99407490 -0.10869726 0.00000000
vn 0.17960662 -0.96123545 0.20920772
vn 0.00000000 -0.88853124 0.45881613
vn 0.28211364 -0.90094356 0.32971594
vn 0.00000000 -0.77749166 0.62889325
vn 0.40208526 -0.80627045 0.43388410
vn 0.40208526 -0.80627045 0.43388410
vn 0.00000000 -0.63248058 0.77457622
vn 0.00000000 -0.63248058 0.77457622
vn 0.53439029 -0.62928857 0.56428975
vn 0.53439029 -0.62928857 0.56428975
vn 0.00000000 -0.43561582 0.90013269
vn 0.64512101 -0.35781165 0.67512199
vn 0.64512101 -0.35781165 0.67512199
vn -0.01619924 -0.20819025 0.97795419
vn 0.64378255 -0.15239587 0.74987967
vn 0.64378255 -0.15239587 0.74987967
vn 0.00000000 -0.09970174 0.99501737
vn 0.00000000 -1.00000000 0.00000000
vn -0.07359911 -0.99728791 0.00000000
vn -0.07419846 -0.99447935 -0.07419846
vn -0.17499849 -0.96889166 -0.17499849
vn -0.27949071 -0.91856948 -0.27949071
vn -0.38800310 -0.83600669 -0.38800310
vn 0.00000000 -0.23909883 -0.97099524
vn 0.00000000 -0.14819376 -0.98895835
vn 0.00000000 -0.48879824 -0.87239686
vn 0.00000000 -0.70710678 -0.70710678
vn 0.00000000 -0.83146524 -0.55557677
vn 0.00000000 -0.92387667 -0.38269034
vn 0.00000000 -0.98078399 -0.19509682
vn 0.00000000 -1.00000000 0.00000000
vn 0.00000000 -1.00000000 0.00000000
vn -0.01479986 -0.99989048 0.00000000
vn 0.00000000 -1.00000000 0.00000000
vn 0.07359911 -0.99728791 0.00000000
vn -0.01179958 -0.99986426 0.01149959
vn -0.01149958 -0.99986307 -0.01189956
vn -0.01189955 -0.99986192 0.01159956
vn -0.01149958 -0.99986307 -0.01189956
vn -0.14319397 -0.98795841 0.05859753
vn -0.00359998 -0.99999320 0.00079999
vn 0.00040000 -0.99999992 0.00000000
vn -0.23440917 -0.97213803 0.00000000
vn -0.32969813 -0.93699469 0.11549935
vn -0.44180524 -0.89711064 -0.00080001
vn -0.47468786 -0.86087799 0.18319532
vn -0.61461835 -0.78882355 -0.00130004
vn -0.64920636 -0.71890704 0.24840243
vn -0.64920636 -0.71890704 0.24840243
vn -0.79095932 -0.61186853 -0.00049997
vn -0.79281655 -0.53391114 0.29390613
vn -0.79281655 -0.53391114 0.29390613
vn -0.90316733 -0.42928447 -0.00189993
vn -0.88933852 -0.30201308 0.34331487
vn -0.97077336 -0.23999341 -0.00149996
vn -0.91582516 -0.14900409 0.37291025
vn -0.99183794 -0.12750488 0.00000000
vn 0.36499780 -0.11959928 0.92329444
vn 0.36499780 -0.11959928 0.92329444
vn 0.35440374 -0.28560302 0.89040940
vn 0.35440374 -0.28560302 0.89040940
vn 0.35440374 -0.28560302 0.89040940
vn 0.00000000 -0.22019028 0.97545694
vn 0.00000000 -0.08629735 0.99626942
vn 0.30790726 -0.55311305 0.77411826
vn 0.30790726 -0.55311305 0.77411826
vn 0.00000000 -0.45611158 0.88992260
vn 0.23390850 -0.72552637 0.64722353
vn 0.00000000 -0.62739860 0.77869827
vn 0.17049553 -0.85437761 0.49088713
vn 0.00000000 -0.77096816 0.63687369
vn 0.12170558 -0.94034313 0.31771457
vn 0.00000000 -0.89482685 0.44641339
vn 0.05789749 -0.98855707 0.13929395
vn 0.00000000 -0.97516232 0.22149144
vn 0.01230030 -0.99962414 0.02450059
vn 0.00000000 -1.00000000 0.00000000
vn 0.05899791 -0.98816502 -0.14159499
vn 0.00000000 -0.97393923 -0.22680913
vn -0.05850048 -0.98820803 -0.14150115
vn -0.00079999 -0.99999128 -0.00409996
vn 0.00000000 -1.00000000 0.00000000
vn 0.00000000 -0.97393923 -0.22680913
vn -0.12179975 -0.93689806 -0.32769932
vn 0.00000000 -0.88853124 -0.45881613
vn -0.16989545 -0.85247715 -0.49438675
vn 0.00000000 -0.77749166 -0.62889325
vn -0.24259944 -0.73099832 -0.63779853
vn 0.00000000 -0.63248058 -0.77457622
vn -0.30880824 -0.53861438 -0.78392093
vn -0.30880824 -0.53861438 -0.78392093
vn 0.00000000 -0.43561582 -0.90013269
vn -0.34918942 -0.28869126 -0.89147300
vn -0.34918942 -0.28869126 -0.89147300
vn 0.00000000 -0.21640101 -0.97630456
vn -0.35999156 -0.13809676 -0.92267836
vn 0.00000000 -0.09970174 -0.99501737
vn 0.14480090 -0.98770615 0.05890037
vn 0.23740276 -0.97141131 0.00000000
vn 0.33010385 -0.93701094 0.11420133
vn 0.44080211 -0.89760429 -0.00020000
vn 0.46219451 -0.86868968 0.17819788
vn 0.60359302 -0.79729078 -0.00169998
vn 0.63690723 -0.73130830 0.24400277
vn 0.63690723 -0.73130830 0.24400277
vn 0.78578524 -0.61848838 -0.00369993
vn 0.79548373 -0.53048915 0.29289401
vn 0.79548373 -0.53048915 0.29289401
vn 0.90579168 -0.42369611 -0.00479996
vn 0.89531955 -0.28880630 0.33910740
vn 0.97315780 -0.22989003 -0.01069954
vn 0.92037080 -0.13229580 0.36798833
vn 0.99407490 -0.10869726 0.00000000
vn 0.12230139 -0.93711063 -0.32690371
vn 0.00000000 -0.88853124 -0.45881613
vn 0.16730334 -0.85401706 -0.49260984
vn 0.00000000 -0.77749166 -0.62889325
vn 0.23879560 -0.73138653 -0.63878823
vn 0.00000000 -0.63248058 -0.77457622
vn 0.30899733 -0.53679537 -0.78509323
vn 0.30899733 -0.53679537 -0.78509323
vn 0.00000000 -0.43561582 -0.90013269
vn 0.34929995 -0.28939996 -0.89119987
vn 0.34929995 -0.28939996 -0.89119987
vn 0.34929995 -0.28939996 -0.89119987
vn 0.00000000 -0.21900531 -0.97572367
vn 0.36210956 -0.14090372 -0.92142434
vn 0.36210956 -0.14090372 -0.92142434
vn 0.00000000 -0.10569980 -0.99439809
vn -0.05769896 -0.98858226 0.13919750
vn 0.00000000 -0.97516232 0.22149144
vn -0.12189343 -0.93954937 0.31998276
vn 0.00000000 -0.89352535 0.44901274
vn -0.17510764 -0.84853702 0.49932178
vn 0.00000000 -0.76702318 0.64161939
vn -0.24059585 -0.71958759 0.65138877
vn 0.00000000 -0.62512180 0.78052722
vn -0.30870447 -0.55560804 0.77201117
vn -0.30870447 -0.55560804 0.77201117
vn 0.00000000 -0.45710622 0.88941211
vn -0.35170349 -0.29320291 0.88900883
vn -0.35170349 -0.29320291 0.88900883
vn -0.35170349 -0.29320291 0.88900883
vn 0.00000000 -0.22049720 0.97538761
vn -0.35910129 -0.12490045 0.92490332
vn -0.35910129 -0.12490045 0.92490332
vn 0.00000000 -0.08560252 0.99632937
vn -0.14390368 -0.98782526 -0.05910151
vn -0.23440917 -0.97213803 0.00000000
vn 0.00040000 -0.99999992 0.00000000
vn -0.02030014 -0.99970679 -0.01320009
vn -0.32850895 -0.93712554 -0.11780321
vn -0.44112295 -0.89744668 0.00000000
vn -0.46802342 -0.86464327 -0.18260914
vn -0.61501315 -0.78851685 0.00000000
vn -0.65047958 -0.72067738 -0.23979247
vn -0.65047958 -0.72067738 -0.23979247
vn -0.79109363 -0.61169508 0.00000000
vn -0.79311839 -0.53011229 -0.29990695
vn -0.79311839 -0.53011229 -0.29990695
vn -0.90339955 -0.42879979 0.00000000
vn 0.14319397 -0.98795841 0.05859753
vn 0.23440917 -0.97213803 0.00000000
vn -0.00040000 -0.99999992 0.00000000
vn -0.00010000 -0.99969491 0.02469987
vn 0.32969813 -0.93699469 0.11549935
vn 0.44180524 -0.89711064 -0.00080001
vn 0.47468786 -0.86087799 0.18319532
vn 0.61461835 -0.78882355 -0.00130004
vn 0.64920636 -0.71890704 0.24840243
vn 0.64920636 -0.71890704 0.24840243
vn 0.79095932 -0.61186853 -0.00049997
vn 0.79269472 -0.53409645 0.29389804
vn 0.79269472 -0.53409645 0.29389804
vn 0.90316733 -0.42928447 -0.00189993
vn 0.88930429 -0.30190146 0.34350166
vn 0.97077336 -0.23999341 -0.00149996
vn 0.91582516 -0.14900409 0.37291025
vn 0.99183794 -0.12750488 0.00000000
vn -0.36499780 -0.11959928 0.92329444
vn -0.36499780 -0.11959928 0.92329444
vn -0.35450130 -0.28550105 0.89040327
vn -0.35450130 -0.28550105 0.89040327
vn -0.35450130 -0.28550105 0.89040327
vn -0.30798074 -0.55316541 0.77405160
vn -0.30798074 -0.55316541 0.77405160
vn -0.23390850 -0.72552637 0.64722353
vn -0.17049553 -0.85437761 0.49088713
vn -0.12170558 -0.94034313 0.31771457
vn -0.05800288 -0.98854906 0.13930691
vn -0.01230030 -0.99962414 -0.02450059
vn -0.05889826 -0.98817084 -0.14159582
vn 0.05860013 -0.98820225 -0.14150032
vn 0.00000000 -0.97393923 -0.22680913
vn 0.00000000 -1.00000000 0.00000000
vn 0.02459994 -0.99969738 0.00000000
vn 0.12179975 -0.93689806 -0.32769932
vn 0.00000000 -0.88853124 -0.45881613
vn 0.16990006 -0.85270030 -0.49400017
vn 0.00000000 -0.77749166 -0.62889325
vn 0.24310546 -0.73081641 -0.63781432
vn 0.00000000 -0.63248058 -0.77457622
vn 0.30871020 -0.53851779 -0.78402590
vn 0.30871020 -0.53851779 -0.78402590
vn 0.00000000 -0.43561582 -0.90013269
vn 0.34909153 -0.28879300 -0.89147838
vn 0.34909153 -0.28879300 -0.89147838
vn 0.00000000 -0.21640101 -0.97630456
vn 0.35999653 -0.13799867 -0.92269110
vn 0.00000000 -0.09970174 -0.99501737
vn -0.14480005 -0.98770033 0.05900002
vn -0.23740276 -0.97141131 0.00000000
vn -0.33010385 -0.93701094 0.11420133
vn -0.44080211 -0.89760429 -0.00020000
vn -0.46219451 -0.86868968 0.17819788
vn -0.60359302 -0.79729078 -0.00169998
vn -0.63690723 -0.73130830 0.24400277
vn -0.63690723 -0.73130830 0.24400277
vn -0.78578524 -0.61848838 -0.00369993
vn -0.79540480 -0.53060320 0.29290177
vn -0.79540480 -0.53060320 0.29290177
vn -0.90579168 -0.42369611 -0.00479996
vn -0.89531050 -0.28860339 0.33930398
vn -0.97320147 -0.22970035 -0.01080002
vn -0.99400862 -0.10930095 -0.00040000
vn -0.92023587 -0.13260517 0.36821435
vn -0.12230139 -0.93711063 -0.32690371
vn -0.16729069 -0.85375247 -0.49307255
vn -0.23821007 -0.73163092 -0.63872699
vn -0.30901267 -0.53702202 -0.78493218
vn -0.30901267 -0.53702202 -0.78493218
vn -0.34949575 -0.28919648 -0.89118916
vn -0.34949575 -0.28919648 -0.89118916
vn -0.34949575 -0.28919648 -0.89118916
vn -0.36211466 -0.14080570 -0.92143731
vn -0.36211466 -0.14080570 -0.92143731
vn 0.05759930 -0.98858796 0.13919830
vn 0.00000000 -0.97516232 0.22149144
vn 0.12189343 -0.93954937 0.31998276
vn 0.00000000 -0.89352535 0.44901274
vn 0.17510764 -0.84853702 0.49932178
vn 0.17510764 -0.84853702 0.49932178
vn 0.00000000 -0.76697397 0.64167822
vn 0.24059585 -0.71958759 0.65138877
vn 0.24059585 -0.71958759 0.65138877
vn 0.00000000 -0.62507301 0.78056629
vn 0.30878445 -0.55577202 0.77186114
vn 0.30878445 -0.55577202 0.77186114
vn 0.00000000 -0.45710622 0.88941211
vn 0.35189936 -0.29299947 0.88899840
vn 0.35189936 -0.29299947 0.88899840
vn 0.35189936 -0.29299947 0.88899840
vn 0.00000000 -0.22049720 0.97538761
vn 0.35910129 -0.12490045 0.92490332
vn 0.35910129 -0.12490045 0.92490332
vn 0.00000000 -0.08560252 0.99632937
vn 0.14390283 -0.98781942 -0.05920116
vn -0.02079995 -0.99969783 -0.01309997
vn -0.00040000 -0.99999992 0.00000000
vn 0.23440917 -0.97213803 0.00000000
vn 0.32850895 -0.93712554 -0.11780321
vn 0.44112295 -0.89744668 0.00000000
vn 0.46759812 -0.86489653 -0.18249927
vn 0.46759812 -0.86489653 -0.18249927
vn 0.61501315 -0.78851685 0.00000000
vn 0.65056856 -0.72046518 -0.24018839
vn 0.65056856 -0.72046518 -0.24018839
vn 0.65056856 -0.72046518 -0.24018839
vn 0.79109363 -0.61169508 0.00000000
vn 0.79319752 -0.52999834 -0.29989906
vn 0.79319752 -0.52999834 -0.29989906
vn 0.90339955 -0.42879979 0.00000000
vn -0.32969813 -0.93699469 0.11549935
vn -0.14350280 -0.98791931 0.05850114
vn -0.23440917 -0.97213803 0.00000000
vn -0.44180524 -0.89711064 -0.00080001
vn -0.47468786 -0.86087799 0.18319532
vn -0.61461835 -0.78882355 -0.00130004
vn -0.64920636 -0.71890704 0.24840243
vn -0.64920636 -0.71890704 0.24840243
vn -0.79095932 -0.61186853 -0.00049997
vn -0.79281655 -0.53391114 0.29390613
vn -0.79281655 -0.53391114 0.29390613
vn -0.90316733 -0.42928447 -0.00189993
vn -0.88933852 -0.30201308 0.34331487
vn -0.97077336 -0.23999341 -0.00149996
vn -0.91582516 -0.14900409 0.37291025
vn -0.99183794 -0.12750488 0.00000000
vn -0.05860179 -0.98823020 -0.14130432
vn 0.00000000 -1.00000000 0.00000000
vn -0.12179975 -0.93689806 -0.32769932
vn -0.16989545 -0.85247715 -0.49438675
vn -0.24259944 -0.73099832 -0.63779853
vn -0.30880824 -0.53861438 -0.78392093
vn -0.30880824 -0.53861438 -0.78392093
vn -0.34918942 -0.28869126 -0.89147300
vn -0.34918942 -0.28869126 -0.89147300
vn -0.35999156 -0.13809676 -0.92267836
vn -0.05770057 -0.98860976 0.13900137
vn -0.12189343 -0.93954937 0.31998276
vn -0.17510764 -0.84853702 0.49932178
vn -0.17510764 -0.84853702 0.49932178
vn -0.24059585 -0.71958759 0.65138877
vn -0.24059585 -0.71958759 0.65138877
vn -0.30870447 -0.55560804 0.77201117
vn -0.30870447 -0.55560804 0.77201117
vn -0.35170349 -0.29320291 0.88900883
vn -0.35170349 -0.29320291 0.88900883
vn -0.35170349 -0.29320291 0.88900883
vn -0.35910129 -0.12490045 0.92490332
vn -0.35910129 -0.12490045 0.92490332
vn -0.32850895 -0.93712554 -0.11780321
vn -0.44112295 -0.89744668 0.00000000
vn -0.23440917 -0.97213803 0.00000000
vn -0.14409953 -0.98779681 -0.05909981
vn -0.46802342 -0.86464327 -0.18260914
vn -0.46802342 -0.86464327 -0.18260914
vn -0.61501315 -0.78851685 0.00000000
vn -0.65047958 -0.72067738 -0.23979247
vn -0.65047958 -0.72067738 -0.23979247
vn -0.65047958 -0.72067738 -0.23979247
vn -0.79109363 -0.61169508 0.00000000
vn -0.79311839 -0.53011229 -0.29990695
vn -0.79311839 -0.53011229 -0.29990695
vn -0.90339955 -0.42879979 0.00000000
vn -0.88718377 -0.30149449 -0.34929361
vn -0.88718377 -0.30149449 -0.34929361
vn -0.97104165 -0.23891025 0.00000000
vn -0.91652114 -0.15410355 -0.36910851
vn -0.91652114 -0.15410355 -0.36910851
vn -0.99183794 -0.12750488 0.00000000
vn 0.14549533 -0.98756827 -0.05949809
vn 0.23740276 -0.97141131 0.00000000
vn 0.32990770 -0.93672187 -0.11710273
vn 0.44060140 -0.89770285 0.00000000
vn 0.45940521 -0.86960986 -0.18090205
vn 0.60330690 -0.79750912 0.00000000
vn 0.64170366 -0.72800416 -0.24130138
vn 0.64170366 -0.72800416 -0.24130138
vn 0.78491091 -0.61960861 -0.00020000
vn 0.79603892 -0.52502567 -0.30111472
vn 0.79603892 -0.52502567 -0.30111472
vn 0.90691744 -0.42130810 -0.00050001
vn 0.88972681 -0.29340884 -0.34971054
vn 0.97412560 -0.22600594 0.00080002
vn 0.91956508 -0.14729441 -0.36428617
vn 0.99311985 -0.11710234 -0.00010000
vn 0.88718801 -0.30159592 -0.34919528
vn 0.88718801 -0.30159592 -0.34919528
vn 0.97104165 -0.23891025 0.00000000
vn 0.91648731 -0.15409787 -0.36919489
vn 0.91648731 -0.15409787 -0.36919489
vn 0.99183794 -0.12750488 0.00000000
vn -0.14549533 -0.98756827 -0.05949809
vn -0.23740276 -0.97141131 0.00000000
vn -0.32990770 -0.93672187 -0.11710273
vn -0.44060140 -0.89770285 0.00000000
vn -0.45987117 -0.86934551 -0.18098866
vn -0.60330690 -0.79750912 0.00000000
vn -0.64168756 -0.72818588 -0.24079533
vn -0.64168756 -0.72818588 -0.24079533
vn -0.78491091 -0.61960861 -0.00020000
vn -0.79591868 -0.52521233 -0.30110707
vn -0.79591868 -0.52521233 -0.30110707
vn -0.90691744 -0.42130810 -0.00050001
vn -0.88971675 -0.29320552 -0.34990659
vn -0.97412560 -0.22600594 0.00080002
vn -0.91952968 -0.14720475 -0.36441176
vn -0.99311985 -0.11710234 -0.00010000
vn -0.88718377 -0.30149449 -0.34929361
vn -0.88718377 -0.30149449 -0.34929361
vn -0.97104165 -0.23891025 0.00000000
vn -0.91652114 -0.15410355 -0.36910851
vn -0.91652114 -0.15410355 -0.36910851
vn -0.99183794 -0.12750488 0.00000000
vn 0.12630419 -0.99063286 0.05190172
vn 0.19509682 -0.98078399 0.00000000
vn 0.00000000 -1.00000000 0.00000000
vn -0.00010000 -0.99969737 0.02459994
vn 0.27548667 -0.95435382 0.11539442
vn 0.38351429 -0.92353440 -0.00100004
vn 0.42899741 -0.88589466 0.17649894
vn 0.55539057 -0.83158588 -0.00249996
vn 0.57321985 -0.78452717 0.23650819
vn 0.70710457 -0.70710457 -0.00250002
vn 0.74670571 -0.59340454 0.30050230
vn 0.74670571 -0.59340454 0.30050230
vn 0.87171312 -0.49000738 -0.00300005
vn 0.89060438 -0.30090148 0.34100168
vn 0.89060438 -0.30090148 0.34100168
vn 0.97077336 -0.23999341 -0.00149996
vn 0.91197224 -0.16819488 0.37418861
vn 0.98895835 -0.14819376 0.00000000
vn -0.35881206 -0.11870399 0.92583112
vn 0.00000000 -0.08560252 0.99632937
vn 0.01609970 -0.22819581 0.97348214
vn -0.33459807 -0.29439830 0.89519483
vn 0.00710003 -0.45920185 0.88830358
vn -0.28239469 -0.57108926 0.77078551
vn 0.00229989 -0.62557101 0.78016384
vn -0.21351113 -0.73773847 0.64043340
vn 0.00060000 -0.76970269 0.63840223
vn -0.15759752 -0.85878650 0.48749233
vn 0.00000000 -0.89482685 0.44641339
vn -0.10349777 -0.94157973 0.32049310
vn 0.00000000 -0.97516232 0.22149144
vn -0.05349760 -0.98945564 0.13459397
vn 0.00000000 -1.00000000 0.00000000
vn -0.01230030 -0.99962414 -0.02450059
vn -0.05430124 -0.98912266 -0.13670313
vn 0.00000000 -0.97393923 -0.22680913
vn 0.05430124 -0.98912266 -0.13670313
vn 0.02459994 -0.99969737 -0.00010000
vn 0.10410229 -0.93822062 -0.33000725
vn 0.15530063 -0.85840349 -0.48890199
vn 0.21679952 -0.74899833 -0.62609861
vn 0.21679952 -0.74899833 -0.62609861
vn 0.27878734 -0.54697517 -0.78936416
vn 0.27878734 -0.54697517 -0.78936416
vn 0.35420982 -0.28950803 -0.88922466
vn 0.35420982 -0.28950803 -0.88922466
vn 0.35430196 -0.14510080 -0.92380511
vn 0.35430196 -0.14510080 -0.92380511
vn 0.88441445 -0.30860504 0.35010572
vn 0.88441445 -0.30860504 0.35010572
vn 0.88441445 -0.30860504 0.35010572
vn 0.88847799 -0.29999257 -0.34729140
vn 0.88847799 -0.29999257 -0.34729140
vn 0.74677422 -0.58977964 -0.30738939
vn 0.74677422 -0.58977964 -0.30738939
vn 0.74969013 -0.59799212 0.28349627
vn 0.74969013 -0.59799212 0.28349627
vn 0.74969013 -0.59799212 0.28349627
vn 0.91453171 -0.19000659 0.35711238
vn 0.91453171 -0.19000659 0.35711238
vn 0.91256906 -0.17329412 -0.37038744
vn -0.32718255 -0.30888353 0.89305237
vn -0.32718255 -0.30888353 0.89305237
vn -0.36658802 -0.17659423 0.91347014
vn 0.00000000 -0.14819376 0.98895835
vn 0.01530062 -0.24760996 0.96873897
vn 0.01240030 -0.49321183 0.86982086
vn -0.28550503 -0.59851055 0.74851319
vn -0.28550503 -0.59851055 0.74851319
vn 0.00309999 -0.70449861 0.70969860
vn 0.00309999 -0.70449861 0.70969860
vn -0.21221254 -0.79244682 0.57183378
vn -0.21221254 -0.79244682 0.57183378
vn 0.00000000 -0.83146524 0.55557677
vn -0.15329364 -0.89416288 0.42068254
vn 0.00000000 -0.92387667 0.38269034
vn -0.10010331 -0.95693164 0.27250901
vn 0.00000000 -0.98078399 0.19509682
vn -0.04949923 -0.99108456 0.12369807
vn -0.12630484 -0.99063800 0.05180199
vn -0.19509682 -0.98078399 0.00000000
vn -0.27399094 -0.95486844 0.11469621
vn -0.38269034 -0.92387667 0.00000000
vn -0.42361642 -0.88883445 0.17470677
vn -0.55569192 -0.83138791 -0.00079999
vn -0.57828124 -0.78047467 0.23759229
vn -0.57828124 -0.78047467 0.23759229
vn -0.72209131 -0.69179168 -0.00289997
vn -0.74669454 -0.59779563 0.29169787
vn -0.74669454 -0.59779563 0.29169787
vn -0.74669454 -0.59779563 0.29169787
vn -0.86397278 -0.50348414 -0.00739977
vn -0.88453327 -0.31461183 0.34441296
vn -0.88453327 -0.31461183 0.34441296
vn -0.88453327 -0.31461183 0.34441296
vn -0.96555527 -0.25988796 -0.01269941
vn -0.99400862 -0.10930095 -0.00040000
vn -0.91918595 -0.13269797 0.37079433
vn -0.91918595 -0.13269797 0.37079433
vn -0.10410229 -0.93822062 -0.33000725
vn 0.00000000 -0.88853124 -0.45881613
vn -0.15530063 -0.85840349 -0.48890199
vn 0.00000000 -0.77749166 -0.62889325
vn -0.21889844 -0.74519469 -0.62989551
vn -0.21889844 -0.74519469 -0.62989551
vn 0.00000000 -0.63248058 -0.77457622
vn 0.00000000 -0.63248058 -0.77457622
vn -0.28519130 -0.55508307 -0.78137616
vn -0.28519130 -0.55508307 -0.78137616
vn 0.00000000 -0.43561582 -0.90013269
vn -0.32980297 -0.29520266 -0.89670808
vn -0.32980297 -0.29520266 -0.89670808
vn 0.01730015 -0.20690185 -0.97820874
vn -0.30951836 -0.13150780 -0.94175585
vn 0.00000000 -0.09970174 -0.99501737
vn 0.05359731 -0.98945035 0.13459325
vn 0.10430083 -0.94090746 0.32220256
vn 0.16050539 -0.85502870 0.49311655
vn 0.21459347 -0.73807754 0.63968053
vn 0.21459347 -0.73807754 0.63968053
vn 0.27899728 -0.56389450 0.77729242
vn 0.27899728 -0.56389450 0.77729242
vn 0.35639150 -0.29429298 0.88677886
vn 0.35639150 -0.29429298 0.88677886
vn 0.35349161 -0.13199687 0.92607802
vn 0.35349161 -0.13199687 0.92607802
vn -0.02020018 -0.99970881 -0.01320012
vn 0.12360021 -0.99110172 0.04940009
vn 0.12669581 -0.99056727 -0.05219828
vn -0.27250901 -0.95693164 0.10010331
vn -0.12360021 -0.99110172 0.04940009
vn -0.12679354 -0.99054954 -0.05229734
vn -0.27419148 -0.95447035 -0.11749635
vn 0.27250901 -0.95693164 0.10010331
vn 0.27419148 -0.95447035 -0.11749635
vn -0.42068254 -0.89416288 0.15329364
vn -0.42230268 -0.88900565 -0.17700112
vn 0.42068254 -0.89416288 0.15329364
vn 0.42230268 -0.88900565 -0.17700112
vn -0.57653829 -0.78865238 0.21361419
vn -0.57653829 -0.78865238 0.21361419
vn -0.58272743 -0.77833663 -0.23371100
vn -0.58272743 -0.77833663 -0.23371100
vn 0.56569356 -0.79769091 0.20899762
vn 0.56569356 -0.79769091 0.20899762
vn 0.57378461 -0.78607891 -0.22989383
vn -0.75310086 -0.59530068 0.28010032
vn -0.75310086 -0.59530068 0.28010032
vn -0.74508676 -0.59538942 -0.30059466
vn -0.74508676 -0.59538942 -0.30059466
vn -0.87537138 -0.32818927 -0.35498839
vn -0.87537138 -0.32818927 -0.35498839
vn -0.87770466 -0.31730168 0.35910191
vn -0.87770466 -0.31730168 0.35910191
vn -0.91080278 -0.14590045 -0.38620118
vn -0.91080278 -0.14590045 -0.38620118
vn -0.92101477 -0.15420247 0.35770574
vn -0.92101477 -0.15420247 0.35770574
vn 0.35711238 -0.19000659 0.91453171
vn 0.35010572 -0.30860504 0.88441445
vn 0.00000000 -0.23909883 0.97099524
vn 0.00000000 -0.14819376 0.98895835
vn 0.28349627 -0.59799212 0.74969013
vn 0.00000000 -0.48879824 0.87239686
vn 0.20899762 -0.79769091 0.56569356
vn 0.00000000 -0.70710678 0.70710678
vn 0.15329364 -0.89416288 0.42068254
vn 0.00000000 -0.83146524 0.55557677
vn 0.10010331 -0.95693164 0.27250901
vn 0.00000000 -0.92387667 0.38269034
vn 0.04949923 -0.99108456 0.12369807
vn 0.00000000 -0.98078399 0.19509682
vn 0.00000000 -1.00000000 0.00000000
vn 0.00000000 -0.99999118 0.00419996
vn 0.00000000 -1.00000000 0.00000000
vn 0.00000000 -0.99999076 -0.00429996
vn 0.08259755 -0.99307054 0.08359752
vn 0.23440917 -0.97213803 0.00000000
vn -0.00040000 -0.99999992 0.00000000
vn -0.00010000 -1.00000000 0.00000000
vn 0.21879084 -0.95436007 0.20329149
vn 0.44180524 -0.89711064 -0.00080001
vn 0.31678887 -0.88706882 0.33578820
vn 0.61461835 -0.78882355 -0.00130004
vn 0.44708450 -0.76577345 0.46228397
vn 0.79100767 -0.61180593 -0.00060001
vn 0.58057832 -0.59547776 0.55527926
vn 0.58057832 -0.59547776 0.55527926
vn 0.90320593 -0.42920282 -0.00200001
vn 0.67072281 -0.33701146 0.66072247
vn 0.67072281 -0.33701146 0.66072247
vn 0.97077336 -0.23999341 -0.00149996
vn 0.68868341 -0.14949640 0.70948291
vn 0.68868341 -0.14949640 0.70948291
vn 0.99183794 -0.12750488 0.00000000
vn -0.69810622 -0.13730122 0.70270626
vn -0.69810622 -0.13730122 0.70270626
vn 0.00000000 -0.08629735 0.99626942
vn 0.00000000 -0.22019028 0.97545694
vn -0.67606124 -0.32548134 0.66106210
vn -0.67606124 -0.32548134 0.66106210
vn 0.00000000 -0.45611158 0.88992260
vn -0.58188671 -0.59278646 0.55678728
vn -0.58188671 -0.59278646 0.55678728
vn 0.00000000 -0.62739860 0.77869827
vn -0.43458153 -0.77596702 0.45718057
vn 0.00000000 -0.77096816 0.63687369
vn -0.30912140 -0.89266179 0.32802270
vn 0.00000000 -0.89482685 0.44641339
vn -0.22010375 -0.95441626 0.20160343
vn 0.00000000 -0.97516232 0.22149144
vn -0.08310026 -0.99300307 0.08390026
vn 0.00000000 -1.00000000 0.00000000
vn -0.08409733 -0.99286849 -0.08449732
vn 0.00000000 -0.97393923 -0.22680913
vn 0.08350366 -0.99294354 -0.08420369
vn 0.00000000 -0.97393923 -0.22680913
vn 0.00000000 -1.00000000 0.00000000
vn 0.21870461 -0.95332011 -0.20820439
vn 0.00000000 -0.88853124 -0.45881613
vn 0.30880921 -0.88922653 -0.33751007
vn 0.00000000 -0.77749166 -0.62889325
vn 0.45087770 -0.77416170 -0.44427802
vn 0.00000000 -0.63248058 -0.77457622
vn 0.58118872 -0.58508865 -0.56558902
vn 0.58118872 -0.58508865 -0.56558902
vn 0.00000000 -0.43561582 -0.90013269
vn 0.66597747 -0.33328873 -0.66737743
vn 0.66597747 -0.33328873 -0.66737743
vn 0.00000000 -0.21640101 -0.97630456
vn 0.69107082 -0.15949326 -0.70497023
vn 0.69107082 -0.15949326 -0.70497023
vn 0.00000000 -0.09970174 -0.99501737
vn -0.23740276 -0.97141131 0.00000000
vn -0.44080211 -0.89760429 -0.00020000
vn -0.60359302 -0.79729078 -0.00169998
vn -0.78578524 -0.61848838 -0.00369993
vn -0.90597966 -0.42329050 -0.00509989
vn -0.97313116 -0.23000736 -0.01060034
vn -0.99407490 -0.10869726 0.00000000
vn -0.22070016 -0.95310071 -0.20710015
vn 0.00000000 -0.88853124 -0.45881613
vn -0.30462006 -0.89145871 -0.33542209
vn 0.00000000 -0.77749166 -0.62889325
vn -0.44147789 -0.77876099 -0.44567768
vn 0.00000000 -0.63248058 -0.77457622
vn -0.58237311 -0.58227312 -0.56727381
vn -0.58237311 -0.58227312 -0.56727381
vn 0.00000000 -0.43561582 -0.90013269
vn -0.66723980 -0.32981967 -0.66783983
vn -0.66723980 -0.32981967 -0.66783983
vn 0.00000000 -0.21900531 -0.97572367
vn -0.69658587 -0.15699682 -0.70008580
vn -0.69658587 -0.15699682 -0.70008580
vn 0.00000000 -0.10569980 -0.99439809
vn 0.00000000 -0.97516232 0.22149144
vn 0.00000000 -0.89352535 0.44901274
vn 0.00000000 -0.76702318 0.64161939
vn 0.00000000 -0.62512180 0.78052722
vn 0.00000000 -0.45710622 0.88941211
vn 0.00000000 -0.22049720 0.97538761
vn 0.00000000 -0.08560252 0.99632937
vn -0.00040000 -0.99999992 0.00000000
vn 0.23440917 -0.97213803 0.00000000
vn 0.44112295 -0.89744668 0.00000000
vn 0.61501315 -0.78851685 0.00000000
vn 0.79109363 -0.61169508 0.00000000
vn 0.90339955 -0.42879979 0.00000000
vn -0.14319397 -0.98795841 0.05859753
vn -0.00359998 -0.99999320 0.00079999
vn 0.00040000 -0.99999992 0.00000000
vn -0.23440917 -0.97213803 0.00000000
vn -0.32969813 -0.93699469 0.11549935
vn -0.44180524 -0.89711064 -0.00080001
vn -0.47468786 -0.86087799 0.18319532
vn -0.61461835 -0.78882355 -0.00130004
vn -0.64920636 -0.71890704 0.24840243
vn -0.64920636 -0.71890704 0.24840243
vn -0.79095932 -0.61186853 -0.00049997
vn -0.79277422 -0.53398263 0.29389044
vn -0.79277422 -0.53398263 0.29389044
vn -0.90316733 -0.42928447 -0.00189993
vn -0.88933852 -0.30201308 0.34331487
vn -0.97077336 -0.23999341 -0.00149996
vn -0.91582516 -0.14900409 0.37291025
vn -0.99183794 -0.12750488 0.00000000
vn 0.36499780 -0.11959928 0.92329444
vn 0.36499780 -0.11959928 0.92329444
vn 0.35440374 -0.28560302 0.89040940
vn 0.35440374 -0.28560302 0.89040940
vn 0.35440374 -0.28560302 0.89040940
vn 0.30790726 -0.55311305 0.77411826
vn 0.30790726 -0.55311305 0.77411826
vn 0.23389336 -0.72547941 0.64728163
vn 0.17049553 -0.85437761 0.49088713
vn 0.12170558 -0.94034313 0.31771457
vn 0.05789749 -0.98855707 0.13929395
vn 0.01230030 -0.99962414 0.02450059
vn 0.05899791 -0.98816502 -0.14159499
vn -0.05850048 -0.98820803 -0.14150115
vn -0.00079999 -0.99999128 -0.00409996
vn 0.00000000 -1.00000000 0.00000000
vn 0.00000000 -0.97393923 -0.22680913
vn -0.12179975 -0.93689806 -0.32769932
vn 0.00000000 -0.88853124 -0.45881613
vn -0.16989545 -0.85247715 -0.49438675
vn 0.00000000 -0.77749166 -0.62889325
vn -0.24259944 -0.73099832 -0.63779853
vn 0.00000000 -0.63248058 -0.77457622
vn -0.30880824 -0.53861438 -0.78392093
vn -0.30880824 -0.53861438 -0.78392093
vn 0.00000000 -0.43561582 -0.90013269
vn -0.34918942 -0.28869126 -0.89147300
vn -0.34918942 -0.28869126 -0.89147300
vn 0.00000000 -0.21640101 -0.97630456
vn -0.35999156 -0.13809676 -0.92267836
vn 0.00000000 -0.09970174 -0.99501737
vn 0.14480090 -0.98770615 0.05890037
vn 0.23740276 -0.97141131 0.00000000
vn 0.33010385 -0.93701094 0.11420133
vn 0.44080211 -0.89760429 -0.00020000
vn 0.46219451 -0.86868968 0.17819788
vn 0.60359302 -0.79729078 -0.00169998
vn 0.63690723 -0.73130830 0.24400277
vn 0.63690723 -0.73130830 0.24400277
vn 0.78578524 -0.61848838 -0.00369993
vn 0.79548373 -0.53048915 0.29289401
vn 0.79548373 -0.53048915 0.29289401
vn 0.90579168 -0.42369611 -0.00479996
vn 0.89531955 -0.28880630 0.33910740
vn 0.97315780 -0.22989003 -0.01069954
vn 0.92037080 -0.13229580 0.36798833
vn 0.99407490 -0.10869726 0.00000000
vn 0.12230139 -0.93711063 -0.32690371
vn 0.16730334 -0.85401706 -0.49260984
vn 0.23879560 -0.73138653 -0.63878823
vn 0.30899733 -0.53679537 -0.78509323
vn 0.30899733 -0.53679537 -0.78509323
vn 0.34929995 -0.28939996 -0.89119987
vn 0.34929995 -0.28939996 -0.89119987
vn 0.34929995 -0.28939996 -0.89119987
vn 0.36210956 -0.14090372 -0.92142434
vn 0.36210956 -0.14090372 -0.92142434
vn -0.05769896 -0.98858226 0.13919750
vn 0.00000000 -0.97516232 0.22149144
vn -0.12189343 -0.93954937 0.31998276
vn 0.00000000 -0.89352535 0.44901274
vn -0.17510764 -0.84853702 0.49932178
vn -0.17510764 -0.84853702 0.49932178
vn 0.00000000 -0.76697397 0.64167822
vn -0.24059585 -0.71958759 0.65138877
vn -0.24059585 -0.71958759 0.65138877
vn 0.00000000 -0.62507301 0.78056629
vn -0.30870447 -0.55560804 0.77201117
vn -0.30870447 -0.55560804 0.77201117
vn 0.00000000 -0.45710622 0.88941211
vn -0.35170349 -0.29320291 0.88900883
vn -0.35170349 -0.29320291 0.88900883
vn -0.35170349 -0.29320291 0.88900883
vn 0.00000000 -0.22049720 0.97538761
vn -0.35910129 -0.12490045 0.92490332
vn -0.35910129 -0.12490045 0.92490332
vn 0.00000000 -0.08560252 0.99632937
vn -0.14390368 -0.98782526 -0.05910151
vn -0.23440917 -0.97213803 0.00000000
vn 0.00040000 -0.99999992 0.00000000
vn -0.02030014 -0.99970679 -0.01320009
vn -0.32850895 -0.93712554 -0.11780321
vn -0.44112295 -0.89744668 0.00000000
vn -0.46802342 -0.86464327 -0.18260914
vn -0.46802342 -0.86464327 -0.18260914
vn -0.61501315 -0.78851685 0.00000000
vn -0.65047958 -0.72067738 -0.23979247
vn -0.65047958 -0.72067738 -0.23979247
vn -0.65047958 -0.72067738 -0.23979247
vn -0.79109363 -0.61169508 0.00000000
vn -0.79311839 -0.53011229 -0.29990695
vn -0.79311839 -0.53011229 -0.29990695
vn -0.90339955 -0.42879979 0.00000000
vn 0.32969813 -0.93699469 0.11549935
vn 0.44180524 -0.89711064 -0.00080001
vn 0.23440917 -0.97213803 0.00000000
vn 0.14350280 -0.98791931 0.05850114
vn 0.47468786 -0.86087799 0.18319532
vn 0.61461835 -0.78882355 -0.00130004
vn 0.64920636 -0.71890704 0.24840243
vn 0.64920636 -0.71890704 0.24840243
vn 0.79095932 -0.61186853 -0.00049997
vn 0.79269472 -0.53409645 0.29389804
vn 0.79269472 -0.53409645 0.29389804
vn 0.90316733 -0.42928447 -0.00189993
vn 0.88930429 -0.30190146 0.34350166
vn 0.97077336 -0.23999341 -0.00149996
vn 0.91582516 -0.14900409 0.37291025
vn 0.99183794 -0.12750488 0.00000000
vn 0.05860179 -0.98823020 -0.14130432
vn 0.12179975 -0.93689806 -0.32769932
vn 0.16990006 -0.85270030 -0.49400017
vn 0.24310546 -0.73081641 -0.63781432
vn 0.30871020 -0.53851779 -0.78402590
vn 0.30871020 -0.53851779 -0.78402590
vn 0.34909153 -0.28879300 -0.89147838
vn 0.34909153 -0.28879300 -0.89147838
vn 0.35999653 -0.13799867 -0.92269110
vn 0.05770057 -0.98860976 0.13900137
vn 0.12189343 -0.93954937 0.31998276
vn 0.17510764 -0.84853702 0.49932178
vn 0.17510764 -0.84853702 0.49932178
vn 0.24059585 -0.71958759 0.65138877
vn 0.24059585 -0.71958759 0.65138877
vn 0.30878445 -0.55577202 0.77186114
vn 0.30878445 -0.55577202 0.77186114
vn 0.35189936 -0.29299947 0.88899840
vn 0.35189936 -0.29299947 0.88899840
vn 0.35189936 -0.29299947 0.88899840
vn 0.35910129 -0.12490045 0.92490332
vn 0.35910129 -0.12490045 0.92490332
vn 0.32850895 -0.93712554 -0.11780321
vn 0.14409953 -0.98779681 -0.05909981
vn 0.23440917 -0.97213803 0.00000000
vn 0.44112295 -0.89744668 0.00000000
vn 0.46759812 -0.86489653 -0.18249927
vn 0.46759812 -0.86489653 -0.18249927
vn 0.61501315 -0.78851685 0.00000000
vn 0.65056856 -0.72046518 -0.24018839
vn 0.65056856 -0.72046518 -0.24018839
vn 0.65056856 -0.72046518 -0.24018839
vn 0.79109363 -0.61169508 0.00000000
vn 0.79319752 -0.52999834 -0.29989906
vn 0.79319752 -0.52999834 -0.29989906
vn 0.90339955 -0.42879979 0.00000000
vn 0.97104165 -0.23891025 0.00000000
vn 0.99183794 -0.12750488 0.00000000
vn -0.23740276 -0.97141131 0.00000000
vn -0.44060140 -0.89770285 0.00000000
vn -0.60330690 -0.79750912 0.00000000
vn -0.78491089 -0.61960859 -0.00030000
vn -0.90691739 -0.42130808 -0.00060001
vn -0.97408162 -0.22619573 0.00069999
vn -0.99311985 -0.11710234 -0.00010000
vn -0.88718377 -0.30149449 -0.34929361
vn -0.88718377 -0.30149449 -0.34929361
vn -0.97104165 -0.23891025 0.00000000
vn -0.91652114 -0.15410355 -0.36910851
vn -0.91652114 -0.15410355 -0.36910851
vn -0.99183794 -0.12750488 0.00000000
vn 0.23740276 -0.97141131 0.00000000
vn 0.14549533 -0.98756827 -0.05949809
vn 0.44060140 -0.89770285 0.00000000
vn 0.32990770 -0.93672187 -0.11710273
vn 0.60330690 -0.79750912 0.00000000
vn 0.45940521 -0.86960986 -0.18090205
vn 0.78491091 -0.61960861 -0.00020000
vn 0.64170366 -0.72800416 -0.24130138
vn 0.64170366 -0.72800416 -0.24130138
vn 0.90691744 -0.42130810 -0.00050001
vn 0.79603892 -0.52502567 -0.30111472
vn 0.79603892 -0.52502567 -0.30111472
vn 0.97412560 -0.22600594 0.00080002
vn 0.88972681 -0.29340884 -0.34971054
vn 0.99311983 -0.11710234 -0.00020000
vn 0.91956508 -0.14729441 -0.36428617
vn 0.97104165 -0.23891025 0.00000000
vn 0.88718801 -0.30159592 -0.34919528
vn 0.88718801 -0.30159592 -0.34919528
vn 0.99183794 -0.12750488 0.00000000
vn 0.91648731 -0.15409787 -0.36919489
vn 0.91648731 -0.15409787 -0.36919489
vn 0.00000000 -1.00000000 0.00000000
vn -0.19509682 -0.98078399 0.00000000
vn -0.07839923 -0.99399030 0.07639925
vn 0.00000000 -1.00000000 0.00000000
vn -0.38351425 -0.92353431 -0.00110004
vn -0.17980573 -0.96223068 0.20440652
vn -0.55539057 -0.83158588 -0.00249996
vn -0.28959115 -0.89967250 0.32669001
vn -0.70710439 -0.70710439 -0.00260002
vn -0.39651928 -0.80233901 0.44612169
vn -0.87171312 -0.49000738 -0.00300005
vn -0.52408165 -0.63657772 0.56578020
vn -0.52408165 -0.63657772 0.56578020
vn -0.97077336 -0.23999341 -0.00149996
vn -0.67617237 -0.33578628 0.65577321
vn -0.67617237 -0.33578628 0.65577321
vn -0.98895835 -0.14819376 0.00000000
vn -0.68172520 -0.16340604 0.71312636
vn -0.68172520 -0.16340604 0.71312636
vn -0.01600092 -0.22831319 0.97345624
vn 0.00000000 -0.08560252 0.99632937
vn 0.69160365 -0.13680072 0.70920374
vn 0.69160365 -0.13680072 0.70920374
vn 0.65649661 -0.34599821 0.67029653
vn 0.65649661 -0.34599821 0.67029653
vn -0.00770006 -0.45860385 0.88860746
vn 0.53458766 -0.63838527 0.55378722
vn 0.53458766 -0.63838527 0.55378722
vn -0.00250004 -0.62550984 0.78021227
vn 0.39538616 -0.80197193 0.44778433
vn -0.00060000 -0.76970269 0.63840223
vn 0.28521382 -0.90264374 0.32231562
vn 0.00000000 -0.89482685 0.44641339
vn 0.17889855 -0.96259219 0.20349835
vn 0.00000000 -0.97516232 0.22149144
vn 0.07839923 -0.99399030 0.07639925
vn 0.00000000 -1.00000000 0.00000000
vn 0.07919968 -0.99389598 -0.07679969
vn 0.00000000 -0.97393923 -0.22680913
vn -0.07919968 -0.99389598 -0.07679969
vn -0.17960662 -0.96123545 -0.20920772
vn -0.28211364 -0.90094356 -0.32971594
vn -0.39912584 -0.81075248 -0.42822772
vn -0.52499079 -0.62548903 -0.57718987
vn -0.52499079 -0.62548903 -0.57718987
vn -0.67150792 -0.33210392 -0.66240781
vn -0.67150792 -0.33210392 -0.66240781
vn -0.68402377 -0.17350603 -0.70852462
vn -0.68402377 -0.17350603 -0.70852462
vn -0.66363552 -0.34521848 0.66363552
vn -0.66363552 -0.34521848 0.66363552
vn -0.53060167 -0.66100208 0.53060167
vn -0.53060167 -0.66100208 0.53060167
vn -0.69174459 -0.20731336 0.69174459
vn -0.69174459 -0.20731336 0.69174459
vn 0.64326792 -0.35018254 0.68086605
vn 0.64326792 -0.35018254 0.68086605
vn -0.01530062 -0.24760996 0.96873897
vn 0.00000000 -0.14819376 0.98895835
vn 0.70111180 -0.18170306 0.68951160
vn 0.70111180 -0.18170306 0.68951160
vn -0.01300017 -0.49250658 0.87021162
vn 0.54300802 -0.65560969 0.52470775
vn 0.54300802 -0.65560969 0.52470775
vn -0.00349998 -0.70429692 0.70989689
vn -0.00349998 -0.70429692 0.70989689
vn 0.39208042 -0.83105850 0.39448030
vn 0.39208042 -0.83105850 0.39448030
vn 0.00000000 -0.83146524 0.55557677
vn 0.27949071 -0.91856948 0.27949071
vn 0.00000000 -0.92387667 0.38269034
vn 0.17499849 -0.96889166 0.17499849
vn 0.00000000 -0.98078399 0.19509682
vn 0.07419846 -0.99447935 0.07419846
vn 0.19509682 -0.98078399 0.00000000
vn 0.38269034 -0.92387667 0.00000000
vn 0.55569192 -0.83138791 -0.00079999
vn 0.72218890 -0.69168937 -0.00299995
vn 0.86419410 -0.50309656 -0.00789995
vn 0.96550072 -0.26010019 -0.01250001
vn 0.99407490 -0.10869726 0.00000000
vn 0.17960662 -0.96123545 -0.20920772
vn 0.00000000 -0.88853124 -0.45881613
vn 0.28211364 -0.90094356 -0.32971594
vn 0.00000000 -0.77749166 -0.62889325
vn 0.40208526 -0.80627045 -0.43388410
vn 0.40208526 -0.80627045 -0.43388410
vn 0.00000000 -0.63248058 -0.77457622
vn 0.00000000 -0.63248058 -0.77457622
vn 0.53439029 -0.62928857 -0.56428975
vn 0.53439029 -0.62928857 -0.56428975
vn 0.00000000 -0.43561582 -0.90013269
vn 0.64512101 -0.35781165 -0.67512199
vn 0.64512101 -0.35781165 -0.67512199
vn -0.01619924 -0.20819025 -0.97795419
vn 0.64378255 -0.15239587 -0.74987967
vn 0.64378255 -0.15239587 -0.74987967
vn 0.00000000 -0.09970174 -0.99501737
vn -0.07419846 -0.99447935 0.07419846
vn -0.17499849 -0.96889166 0.17499849
vn -0.27949071 -0.91856948 0.27949071
vn -0.38800310 -0.83600669 0.38800310
vn 0.00000000 -0.14819376 0.98895835
vn 0.00000000 -0.23909883 0.97099524
vn 0.00000000 -0.48879824 0.87239686
vn 0.00000000 -0.70710678 0.70710678
vn 0.00000000 -0.83146524 0.55557677
vn 0.00000000 -0.92387667 0.38269034
vn 0.00000000 -0.98078399 0.19509682
vn -0.01179958 -0.99986426 -0.01149959
vn -0.01149958 -0.99986307 0.01189956
vn -0.01189955 -0.99986192 -0.01159956
vn -0.01149958 -0.99986307 0.01189956
vn -0.14319397 -0.98795841 -0.05859753
vn -0.23440917 -0.97213803 0.00000000
vn 0.00040000 -0.99999992 0.00000000
vn -0.00359998 -0.99999320 -0.00079999
vn -0.32969813 -0.93699469 -0.11549935
vn -0.44180524 -0.89711064 0.00080001
vn -0.47468786 -0.86087799 -0.18319532
vn -0.61461835 -0.78882355 0.00130004
vn -0.64920636 -0.71890704 -0.24840243
vn -0.64920636 -0.71890704 -0.24840243
vn -0.79095932 -0.61186853 0.00049997
vn -0.79281655 -0.53391114 -0.29390613
vn -0.79281655 -0.53391114 -0.29390613
vn -0.90316733 -0.42928447 0.00189993
vn -0.88933852 -0.30201308 -0.34331487
vn -0.97077336 -0.23999341 0.00149996
vn -0.91582516 -0.14900409 -0.37291025
vn -0.99183794 -0.12750488 0.00000000
vn 0.36499780 -0.11959928 -0.92329444
vn 0.36499780 -0.11959928 -0.92329444
vn 0.00000000 -0.08629735 -0.99626942
vn 0.00000000 -0.22019028 -0.97545694
vn 0.35440374 -0.28560302 -0.89040940
vn 0.35440374 -0.28560302 -0.89040940
vn 0.35440374 -0.28560302 -0.89040940
vn 0.00000000 -0.45611158 -0.88992260
vn 0.30790726 -0.55311305 -0.77411826
vn 0.30790726 -0.55311305 -0.77411826
vn 0.00000000 -0.62739860 -0.77869827
vn 0.23390850 -0.72552637 -0.64722353
vn 0.00000000 -0.77096816 -0.63687369
vn 0.17049553 -0.85437761 -0.49088713
vn 0.00000000 -0.89482685 -0.44641339
vn 0.12170558 -0.94034313 -0.31771457
vn 0.00000000 -0.97516232 -0.22149144
vn 0.05789749 -0.98855707 -0.13929395
vn 0.00000000 -1.00000000 0.00000000
vn 0.01230030 -0.99962414 -0.02450059
vn 0.00000000 -0.97393923 0.22680913
vn 0.05899791 -0.98816502 0.14159499
vn -0.05850048 -0.98820803 0.14150115
vn 0.00000000 -0.97393923 0.22680913
vn 0.00000000 -1.00000000 0.00000000
vn -0.00079999 -0.99999128 0.00409996
vn -0.12179975 -0.93689806 0.32769932
vn 0.00000000 -0.88853124 0.45881613
vn -0.16989545 -0.85247715 0.49438675
vn 0.00000000 -0.77749166 0.62889325
vn -0.24259944 -0.73099832 0.63779853
vn 0.00000000 -0.63248058 0.77457622
vn -0.30880824 -0.53861438 0.78392093
vn -0.30880824 -0.53861438 0.78392093
vn 0.00000000 -0.43561582 0.90013269
vn -0.34918942 -0.28869126 0.89147300
vn -0.34918942 -0.28869126 0.89147300
vn 0.00000000 -0.21640101 0.97630456
vn -0.35999156 -0.13809676 0.92267836
vn 0.00000000 -0.09970174 0.99501737
vn 0.23740276 -0.97141131 0.00000000
vn 0.14480090 -0.98770615 -0.05890037
vn 0.44080211 -0.89760429 0.00020000
vn 0.33010385 -0.93701094 -0.11420133
vn 0.60359302 -0.79729078 0.00169998
vn 0.46219451 -0.86868968 -0.17819788
vn 0.78578524 -0.61848838 0.00369993
vn 0.63690723 -0.73130830 -0.24400277
vn 0.63690723 -0.73130830 -0.24400277
vn 0.90579168 -0.42369611 0.00479996
vn 0.79548373 -0.53048915 -0.29289401
vn 0.79548373 -0.53048915 -0.29289401
vn 0.97315780 -0.22989003 0.01069954
vn 0.89531955 -0.28880630 -0.33910740
vn 0.99407490 -0.10869726 0.00000000
vn 0.92037080 -0.13229580 -0.36798833
vn 0.00000000 -0.88853124 0.45881613
vn 0.12230139 -0.93711063 0.32690371
vn 0.00000000 -0.77749166 0.62889325
vn 0.16730334 -0.85401706 0.49260984
vn 0.00000000 -0.63248058 0.77457622
vn 0.23879560 -0.73138653 0.63878823
vn 0.00000000 -0.43561582 0.90013269
vn 0.30899733 -0.53679537 0.78509323
vn 0.30899733 -0.53679537 0.78509323
vn 0.00000000 -0.21900531 0.97572367
vn 0.34929995 -0.28939996 0.89119987
vn 0.34929995 -0.28939996 0.89119987
vn 0.34929995 -0.28939996 0.89119987
vn 0.00000000 -0.10569980 0.99439809
vn 0.36210956 -0.14090372 0.92142434
vn 0.36210956 -0.14090372 0.92142434
vn 0.00000000 -0.97516232 -0.22149144
vn -0.05769896 -0.98858226 -0.13919750
vn 0.00000000 -0.89352535 -0.44901274
vn -0.12189343 -0.93954937 -0.31998276
vn 0.00000000 -0.76702318 -0.64161939
vn -0.17510764 -0.84853702 -0.49932178
vn 0.00000000 -0.62512180 -0.78052722
vn -0.24059585 -0.71958759 -0.65138877
vn 0.00000000 -0.45710622 -0.88941211
vn -0.30870447 -0.55560804 -0.77201117
vn -0.30870447 -0.55560804 -0.77201117
vn 0.00000000 -0.22049720 -0.97538761
vn -0.35170349 -0.29320291 -0.88900883
vn -0.35170349 -0.29320291 -0.88900883
vn -0.35170349 -0.29320291 -0.88900883
vn 0.00000000 -0.08560252 -0.99632937
vn -0.35910129 -0.12490045 -0.92490332
vn -0.35910129 -0.12490045 -0.92490332
vn 0.00040000 -0.99999992 0.00000000
vn -0.23440917 -0.97213803 0.00000000
vn -0.14390368 -0.98782526 0.05910151
vn -0.02030014 -0.99970679 0.01320009
vn -0.44112295 -0.89744668 0.00000000
vn -0.32850895 -0.93712554 0.11780321
vn -0.61501315 -0.78851685 0.00000000
vn -0.46802342 -0.86464327 0.18260914
vn -0.79109363 -0.61169508 0.00000000
vn -0.65047958 -0.72067738 0.23979247
vn -0.65047958 -0.72067738 0.23979247
vn -0.90339955 -0.42879979 0.00000000
vn -0.79311839 -0.53011229 0.29990695
vn -0.79311839 -0.53011229 0.29990695
vn -0.00040000 -0.99999992 0.00000000
vn 0.23440917 -0.97213803 0.00000000
vn 0.14319397 -0.98795841 -0.05859753
vn -0.00010000 -0.99969491 -0.02469987
vn 0.44180524 -0.89711064 0.00080001
vn 0.32969813 -0.93699469 -0.11549935
vn 0.61461835 -0.78882355 0.00130004
vn 0.47468786 -0.86087799 -0.18319532
vn 0.79095932 -0.61186853 0.00049997
vn 0.64920636 -0.71890704 -0.24840243
vn 0.64920636 -0.71890704 -0.24840243
vn 0.90316733 -0.42928447 0.00189993
vn 0.79269472 -0.53409645 -0.29389804
vn 0.79269472 -0.53409645 -0.29389804
vn 0.97077336 -0.23999341 0.00149996
vn 0.88930429 -0.30190146 -0.34350166
vn 0.99183794 -0.12750488 0.00000000
vn 0.91582516 -0.14900409 -0.37291025
vn -0.36499780 -0.11959928 -0.92329444
vn -0.36499780 -0.11959928 -0.92329444
vn -0.35450130 -0.28550105 -0.89040327
vn -0.35450130 -0.28550105 -0.89040327
vn -0.35450130 -0.28550105 -0.89040327
vn -0.30798074 -0.55316541 -0.77405160
vn -0.30798074 -0.55316541 -0.77405160
vn -0.23390850 -0.72552637 -0.64722353
vn -0.17049553 -0.85437761 -0.49088713
vn -0.12170558 -0.94034313 -0.31771457
vn -0.05800288 -0.98854906 -0.13930691
vn -0.01230030 -0.99962414 0.02450059
vn -0.05889826 -0.98817084 0.14159582
vn 0.00000000 -1.00000000 0.00000000
vn 0.00000000 -0.97393923 0.22680913
vn 0.05860013 -0.98820225 0.14150032
vn 0.02459994 -0.99969738 0.00000000
vn 0.00000000 -0.88853124 0.45881613
vn 0.12179975 -0.93689806 0.32769932
vn 0.00000000 -0.77749166 0.62889325
vn 0.16990006 -0.85270030 0.49400017
vn 0.00000000 -0.63248058 0.77457622
vn 0.24310546 -0.73081641 0.63781432
vn 0.00000000 -0.43561582 0.90013269
vn 0.30871020 -0.53851779 0.78402590
vn 0.30871020 -0.53851779 0.78402590
vn 0.00000000 -0.21640101 0.97630456
vn 0.34909153 -0.28879300 0.89147838
vn 0.34909153 -0.28879300 0.89147838
vn 0.00000000 -0.09970174 0.99501737
vn 0.35999653 -0.13799867 0.92269110
vn -0.14480005 -0.98770033 -0.05900002
vn -0.23740276 -0.97141131 0.00000000
vn -0.33010385 -0.93701094 -0.11420133
vn -0.44080211 -0.89760429 0.00020000
vn -0.46219451 -0.86868968 -0.17819788
vn -0.60359302 -0.79729078 0.00169998
vn -0.63690723 -0.73130830 -0.24400277
vn -0.63690723 -0.73130830 -0.24400277
vn -0.78578524 -0.61848838 0.00369993
vn -0.79540480 -0.53060320 -0.29290177
vn -0.79540480 -0.53060320 -0.29290177
vn -0.90579168 -0.42369611 0.00479996
vn -0.89531050 -0.28860339 -0.33930398
vn -0.97320147 -0.22970035 0.01080002
vn -0.99400862 -0.10930095 0.00040000
vn -0.92023587 -0.13260517 -0.36821435
vn -0.12230139 -0.93711063 0.32690371
vn -0.16729069 -0.85375247 0.49307255
vn -0.23821007 -0.73163092 0.63872699
vn -0.30901267 -0.53702202 0.78493218
vn -0.30901267 -0.53702202 0.78493218
vn -0.34949575 -0.28919648 0.89118916
vn -0.34949575 -0.28919648 0.89118916
vn -0.34949575 -0.28919648 0.89118916
vn -0.36211466 -0.14080570 0.92143731
vn -0.36211466 -0.14080570 0.92143731
vn 0.05759930 -0.98858796 -0.13919830
vn 0.00000000 -0.97516232 -0.22149144
vn 0.12189343 -0.93954937 -0.31998276
vn 0.00000000 -0.89352535 -0.44901274
vn 0.17510764 -0.84853702 -0.49932178
vn 0.17510764 -0.84853702 -0.49932178
vn 0.00000000 -0.76697397 -0.64167822
vn 0.24059585 -0.71958759 -0.65138877
vn 0.24059585 -0.71958759 -0.65138877
vn 0.00000000 -0.62507301 -0.78056629
vn 0.30878445 -0.55577202 -0.77186114
vn 0.30878445 -0.55577202 -0.77186114
vn 0.00000000 -0.45710622 -0.88941211
vn 0.35189936 -0.29299947 -0.88899840
vn 0.35189936 -0.29299947 -0.88899840
vn 0.35189936 -0.29299947 -0.88899840
vn 0.00000000 -0.22049720 -0.97538761
vn 0.35910129 -0.12490045 -0.92490332
vn 0.35910129 -0.12490045 -0.92490332
vn 0.00000000 -0.08560252 -0.99632937
vn 0.14390283 -0.98781942 0.05920116
vn 0.23440917 -0.97213803 0.00000000
vn -0.00040000 -0.99999992 0.00000000
vn -0.02079995 -0.99969783 0.01309997
vn 0.32850895 -0.93712554 0.11780321
vn 0.44112295 -0.89744668 0.00000000
vn 0.46759812 -0.86489653 0.18249927
vn 0.46759812 -0.86489653 0.18249927
vn 0.61501315 -0.78851685 0.00000000
vn 0.65056856 -0.72046518 0.24018839
vn 0.65056856 -0.72046518 0.24018839
vn 0.65056856 -0.72046518 0.24018839
vn 0.79109363 -0.61169508 0.00000000
vn 0.79319752 -0.52999834 0.29989906
vn 0.79319752 -0.52999834 0.29989906
vn 0.90339955 -0.42879979 0.00000000
vn -0.32969813 -0.93699469 -0.11549935
vn -0.44180524 -0.89711064 0.00080001
vn -0.23440917 -0.97213803 0.00000000
vn -0.14350280 -0.98791931 -0.05850114
vn -0.47468786 -0.86087799 -0.18319532
vn -0.61461835 -0.78882355 0.00130004
vn -0.64920636 -0.71890704 -0.24840243
vn -0.64920636 -0.71890704 -0.24840243
vn -0.79095932 -0.61186853 0.00049997
vn -0.79281655 -0.53391114 -0.29390613
vn -0.79281655 -0.53391114 -0.29390613
vn -0.90316733 -0.42928447 0.00189993
vn -0.88933852 -0.30201308 -0.34331487
vn -0.97077336 -0.23999341 0.00149996
vn -0.91582516 -0.14900409 -0.37291025
vn -0.99183794 -0.12750488 0.00000000
vn -0.05860179 -0.98823020 0.14130432
vn 0.00000000 -1.00000000 0.00000000
vn -0.12179975 -0.93689806 0.32769932
vn -0.16989545 -0.85247715 0.49438675
vn -0.24259944 -0.73099832 0.63779853
vn -0.30880824 -0.53861438 0.78392093
vn -0.30880824 -0.53861438 0.78392093
vn -0.34918942 -0.28869126 0.89147300
vn -0.34918942 -0.28869126 0.89147300
vn -0.35999156 -0.13809676 0.92267836
vn -0.05770057 -0.98860976 -0.13900137
vn -0.12189343 -0.93954937 -0.31998276
vn -0.17510764 -0.84853702 -0.49932178
vn -0.17510764 -0.84853702 -0.49932178
vn -0.24059585 -0.71958759 -0.65138877
vn -0.24059585 -0.71958759 -0.65138877
vn -0.30870447 -0.55560804 -0.77201117
vn -0.30870447 -0.55560804 -0.77201117
vn -0.35170349 -0.29320291 -0.88900883
vn -0.35170349 -0.29320291 -0.88900883
vn -0.35170349 -0.29320291 -0.88900883
vn -0.35910129 -0.12490045 -0.92490332
vn -0.35910129 -0.12490045 -0.92490332
vn -0.23440917 -0.97213803 0.00000000
vn -0.44112295 -0.89744668 0.00000000
vn -0.32850895 -0.93712554 0.11780321
vn -0.14409953 -0.98779681 0.05909981
vn -0.61501315 -0.78851685 0.00000000
vn -0.46802342 -0.86464327 0.18260914
vn -0.46802342 -0.86464327 0.18260914
vn -0.79109363 -0.61169508 0.00000000
vn -0.65047958 -0.72067738 0.23979247
vn -0.65047958 -0.72067738 0.23979247
vn -0.65047958 -0.72067738 0.23979247
vn -0.90339955 -0.42879979 0.00000000
vn -0.79311839 -0.53011229 0.29990695
vn -0.79311839 -0.53011229 0.29990695
vn -0.97104165 -0.23891025 0.00000000
vn -0.88718377 -0.30149449 0.34929361
vn -0.88718377 -0.30149449 0.34929361
vn -0.99183794 -0.12750488 0.00000000
vn -0.91652114 -0.15410355 0.36910851
vn -0.91652114 -0.15410355 0.36910851
vn 0.14549533 -0.98756827 0.05949809
vn 0.23740276 -0.97141131 0.00000000
vn 0.32990770 -0.93672187 0.11710273
vn 0.44060140 -0.89770285 0.00000000
vn 0.45940521 -0.86960986 0.18090205
vn 0.60330690 -0.79750912 0.00000000
vn 0.64170366 -0.72800416 0.24130138
vn 0.64170366 -0.72800416 0.24130138
vn 0.78491091 -0.61960861 0.00020000
vn 0.79603892 -0.52502567 0.30111472
vn 0.79603892 -0.52502567 0.30111472
vn 0.90691744 -0.42130810 0.00050001
vn 0.88972681 -0.29340884 0.34971054
vn 0.97412560 -0.22600594 -0.00080002
vn 0.91956508 -0.14729441 0.36428617
vn 0.99311985 -0.11710234 0.00010000
vn 0.88718801 -0.30159592 0.34919528
vn 0.88718801 -0.30159592 0.34919528
vn 0.97104165 -0.23891025 0.00000000
vn 0.91648731 -0.15409787 0.36919489
vn 0.91648731 -0.15409787 0.36919489
vn 0.99183794 -0.12750488 0.00000000
vn -0.23740276 -0.97141131 0.00000000
vn -0.14549533 -0.98756827 0.05949809
vn -0.44060140 -0.89770285 0.00000000
vn -0.32990770 -0.93672187 0.11710273
vn -0.60330690 -0.79750912 0.00000000
vn -0.45987117 -0.86934551 0.18098866
vn -0.78491091 -0.61960861 0.00020000
vn -0.64168756 -0.72818588 0.24079533
vn -0.64168756 -0.72818588 0.24079533
vn -0.90691744 -0.42130810 0.00050001
vn -0.79591868 -0.52521233 0.30110707
vn -0.79591868 -0.52521233 0.30110707
vn -0.97412560 -0.22600594 -0.00080002
vn -0.88971675 -0.29320552 0.34990659
vn -0.99311985 -0.11710234 0.00010000
vn -0.91952968 -0.14720475 0.36441176
vn -0.97104165 -0.23891025 0.00000000
vn -0.88718377 -0.30149449 0.34929361
vn -0.88718377 -0.30149449 0.34929361
vn -0.99183794 -0.12750488 0.00000000
vn -0.91652114 -0.15410355 0.36910851
vn -0.91652114 -0.15410355 0.36910851
vn 0.00000000 -1.00000000 0.00000000
vn 0.19509682 -0.98078399 0.00000000
vn 0.12630419 -0.99063286 -0.05190172
vn -0.00010000 -0.99969737 -0.02459994
vn 0.38351429 -0.92353440 0.00100004
vn 0.27548667 -0.95435382 -0.11539442
vn 0.55539057 -0.83158588 0.00249996
vn 0.42899741 -0.88589466 -0.17649894
vn 0.70710457 -0.70710457 0.00250002
vn 0.57321985 -0.78452717 -0.23650819
vn 0.87171312 -0.49000738 0.00300005
vn 0.74670571 -0.59340454 -0.30050230
vn 0.74670571 -0.59340454 -0.30050230
vn 0.97077336 -0.23999341 0.00149996
vn 0.89060438 -0.30090148 -0.34100168
vn 0.89060438 -0.30090148 -0.34100168
vn 0.98895835 -0.14819376 0.00000000
vn 0.91197224 -0.16819488 -0.37418861
vn 0.01609970 -0.22819581 -0.97348214
vn 0.00000000 -0.08560252 -0.99632937
vn -0.35881206 -0.11870399 -0.92583112
vn -0.33459807 -0.29439830 -0.89519483
vn 0.00710003 -0.45920185 -0.88830358
vn -0.28239469 -0.57108926 -0.77078551
vn 0.00229989 -0.62557101 -0.78016384
vn -0.21351113 -0.73773847 -0.64043340
vn 0.00060000 -0.76970269 -0.63840223
vn -0.15759752 -0.85878650 -0.48749233
vn 0.00000000 -0.89482685 -0.44641339
vn -0.10349777 -0.94157973 -0.32049310
vn 0.00000000 -0.97516232 -0.22149144
vn -0.05349760 -0.98945564 -0.13459397
vn 0.00000000 -1.00000000 0.00000000
vn -0.01230030 -0.99962414 0.02450059
vn -0.05430124 -0.98912266 0.13670313
vn 0.00000000 -0.97393923 0.22680913
vn 0.05430124 -0.98912266 0.13670313
vn 0.02459994 -0.99969737 0.00010000
vn 0.10410229 -0.93822062 0.33000725
vn 0.15530063 -0.85840349 0.48890199
vn 0.21679952 -0.74899833 0.62609861
vn 0.21679952 -0.74899833 0.62609861
vn 0.27878734 -0.54697517 0.78936416
vn 0.27878734 -0.54697517 0.78936416
vn 0.35420982 -0.28950803 0.88922466
vn 0.35420982 -0.28950803 0.88922466
vn 0.35430196 -0.14510080 0.92380511
vn 0.35430196 -0.14510080 0.92380511
vn 0.74677422 -0.58977964 0.30738939
vn 0.74677422 -0.58977964 0.30738939
vn 0.88847799 -0.29999257 0.34729140
vn 0.88847799 -0.29999257 0.34729140
vn 0.88441445 -0.30860504 -0.35010572
vn 0.88441445 -0.30860504 -0.35010572
vn 0.88441445 -0.30860504 -0.35010572
vn 0.74966887 -0.59797517 -0.28358822
vn 0.74966887 -0.59797517 -0.28358822
vn 0.74966887 -0.59797517 -0.28358822
vn 0.91256906 -0.17329412 0.37038744
vn 0.91453171 -0.19000659 -0.35711238
vn 0.91453171 -0.19000659 -0.35711238
vn -0.32718255 -0.30888353 -0.89305237
vn -0.32718255 -0.30888353 -0.89305237
vn 0.01530062 -0.24760996 -0.96873897
vn 0.00000000 -0.14819376 -0.98895835
vn -0.36658802 -0.17659423 -0.91347014
vn 0.01240030 -0.49321183 -0.86982086
vn -0.28550503 -0.59851055 -0.74851319
vn -0.28550503 -0.59851055 -0.74851319
vn 0.00309999 -0.70449861 -0.70969860
vn 0.00309999 -0.70449861 -0.70969860
vn -0.21220040 -0.79240150 -0.57190108
vn -0.21220040 -0.79240150 -0.57190108
vn 0.00000000 -0.83146524 -0.55557677
vn -0.15329364 -0.89416288 -0.42068254
vn 0.00000000 -0.92387667 -0.38269034
vn -0.10010331 -0.95693164 -0.27250901
vn 0.00000000 -0.98078399 -0.19509682
vn -0.04949923 -0.99108456 -0.12369807
vn -0.12630484 -0.99063800 -0.05180199
vn -0.19509682 -0.98078399 0.00000000
vn -0.27399094 -0.95486844 -0.11469621
vn -0.38269034 -0.92387667 0.00000000
vn -0.42361642 -0.88883445 -0.17470677
vn -0.55569192 -0.83138791 0.00079999
vn -0.57828124 -0.78047467 -0.23759229
vn -0.57828124 -0.78047467 -0.23759229
vn -0.72209131 -0.69179168 0.00289997
vn -0.74669454 -0.59779563 -0.29169787
vn -0.74669454 -0.59779563 -0.29169787
vn -0.74669454 -0.59779563 -0.29169787
vn -0.86397278 -0.50348414 0.00739977
vn -0.88453327 -0.31461183 -0.34441296
vn -0.88453327 -0.31461183 -0.34441296
vn -0.88453327 -0.31461183 -0.34441296
vn -0.96555527 -0.25988796 0.01269941
vn -0.99400862 -0.10930095 0.00040000
vn -0.91918595 -0.13269797 -0.37079433
vn -0.91918595 -0.13269797 -0.37079433
vn -0.10410229 -0.93822062 0.33000725
vn 0.00000000 -0.88853124 0.45881613
vn -0.15530063 -0.85840349 0.48890199
vn 0.00000000 -0.77749166 0.62889325
vn -0.21891475 -0.74515021 0.62994245
vn -0.21891475 -0.74515021 0.62994245
vn 0.00000000 -0.63248058 0.77457622
vn 0.00000000 -0.63248058 0.77457622
vn -0.28521359 -0.55512644 0.78133722
vn -0.28521359 -0.55512644 0.78133722
vn 0.00000000 -0.43561582 0.90013269
vn -0.32980297 -0.29520266 0.89670808
vn -0.32980297 -0.29520266 0.89670808
vn 0.01730015 -0.20690185 0.97820874
vn -0.30948921 -0.13149541 0.94176716
vn 0.00000000 -0.09970174 0.99501737
vn 0.05359731 -0.98945035 -0.13459325
vn 0.10430083 -0.94090746 -0.32220256
vn 0.16050539 -0.85502870 -0.49311655
vn 0.21459347 -0.73807754 -0.63968053
vn 0.21459347 -0.73807754 -0.63968053
vn 0.27899728 -0.56389450 -0.77729242
vn 0.27899728 -0.56389450 -0.77729242
vn 0.35639150 -0.29429298 -0.88677886
vn 0.35639150 -0.29429298 -0.88677886
vn 0.35349161 -0.13199687 -0.92607802
vn 0.35349161 -0.13199687 -0.92607802
vn 0.12360021 -0.99110172 -0.04940009
vn 0.00000000 -1.00000000 0.00000000
vn -0.02020018 -0.99970881 0.01320012
vn 0.12669581 -0.99056727 0.05219828
vn -0.27250901 -0.95693164 -0.10010331
vn -0.27419148 -0.95447035 0.11749635
vn -0.12679354 -0.99054954 0.05229734
vn -0.12360021 -0.99110172 -0.04940009
vn 0.27250901 -0.95693164 -0.10010331
vn 0.27419148 -0.95447035 0.11749635
vn -0.42068254 -0.89416288 -0.15329364
vn -0.42230268 -0.88900565 0.17700112
vn 0.42068254 -0.89416288 -0.15329364
vn 0.42230268 -0.88900565 0.17700112
vn -0.57653829 -0.78865238 -0.21361419
vn -0.57653829 -0.78865238 -0.21361419
vn -0.58272743 -0.77833663 0.23371100
vn -0.58272743 -0.77833663 0.23371100
vn 0.56569356 -0.79769091 -0.20899762
vn 0.56569356 -0.79769091 -0.20899762
vn 0.57378461 -0.78607891 0.22989383
vn -0.75310086 -0.59530068 -0.28010032
vn -0.75310086 -0.59530068 -0.28010032
vn -0.74508676 -0.59538942 0.30059466
vn -0.74508676 -0.59538942 0.30059466
vn -0.87537138 -0.32818927 0.35498839
vn -0.87537138 -0.32818927 0.35498839
vn -0.87770466 -0.31730168 -0.35910191
vn -0.87770466 -0.31730168 -0.35910191
vn -0.91080278 -0.14590045 0.38620118
vn -0.91080278 -0.14590045 0.38620118
vn -0.92101477 -0.15420247 -0.35770574
vn -0.92101477 -0.15420247 -0.35770574
vn 0.35711238 -0.19000659 -0.91453171
vn 0.00000000 -0.14819376 -0.98895835
vn 0.00000000 -0.23909883 -0.97099524
vn 0.35010572 -0.30860504 -0.88441445
vn 0.00000000 -0.48879824 -0.87239686
vn 0.28349627 -0.59799212 -0.74969013
vn 0.00000000 -0.70710678 -0.70710678
vn 0.20899762 -0.79769091 -0.56569356
vn 0.00000000 -0.83146524 -0.55557677
vn 0.15329364 -0.89416288 -0.42068254
vn 0.00000000 -0.92387667 -0.38269034
vn 0.10010331 -0.95693164 -0.27250901
vn 0.00000000 -0.98078399 -0.19509682
vn 0.04949923 -0.99108456 -0.12369807
vn 0.00000000 -1.00000000 0.00000000
vn 0.01479986 -0.99989048 0.00000000
vn 0.00000000 -1.00000000 0.00000000
vn 0.00000000 -0.99999118 -0.00419996
vn 0.00000000 -1.00000000 0.00000000
vn 0.00000000 -0.99999118 0.00419996
vn -0.00040000 -0.99999992 0.00000000
vn 0.23440917 -0.97213803 0.00000000
vn 0.08259755 -0.99307054 -0.08359752
vn -0.00010000 -1.00000000 0.00000000
vn 0.44180524 -0.89711064 0.00080001
vn 0.21879084 -0.95436007 -0.20329149
vn 0.61461835 -0.78882355 0.00130004
vn 0.31678887 -0.88706882 -0.33578820
vn 0.79100767 -0.61180593 0.00060001
vn 0.44708450 -0.76577345 -0.46228397
vn 0.90320593 -0.42920282 0.00200001
vn 0.58057832 -0.59547776 -0.55527926
vn 0.58057832 -0.59547776 -0.55527926
vn 0.97077336 -0.23999341 0.00149996
vn 0.67072281 -0.33701146 -0.66072247
vn 0.67072281 -0.33701146 -0.66072247
vn 0.99183794 -0.12750488 0.00000000
vn 0.68868341 -0.14949640 -0.70948291
vn 0.68868341 -0.14949640 -0.70948291
vn 0.00000000 -0.22019028 -0.97545694
vn 0.00000000 -0.08629735 -0.99626942
vn -0.69810622 -0.13730122 -0.70270626
vn -0.69810622 -0.13730122 -0.70270626
vn -0.67606124 -0.32548134 -0.66106210
vn -0.67606124 -0.32548134 -0.66106210
vn 0.00000000 -0.45611158 -0.88992260
vn -0.58188671 -0.59278646 -0.55678728
vn -0.58188671 -0.59278646 -0.55678728
vn 0.00000000 -0.62739860 -0.77869827
vn -0.43458153 -0.77596702 -0.45718057
vn 0.00000000 -0.77096816 -0.63687369
vn -0.30912140 -0.89266179 -0.32802270
vn 0.00000000 -0.89482685 -0.44641339
vn -0.22010375 -0.95441626 -0.20160343
vn 0.00000000 -0.97516232 -0.22149144
vn -0.08310026 -0.99300307 -0.08390026
vn 0.00000000 -1.00000000 0.00000000
vn -0.08409733 -0.99286849 0.08449732
vn 0.00000000 -0.97393923 0.22680913
vn 0.08350366 -0.99294354 0.08420369
vn 0.00000000 -1.00000000 0.00000000
vn 0.00000000 -0.97393923 0.22680913
vn 0.21870461 -0.95332011 0.20820439
vn 0.00000000 -0.88853124 0.45881613
vn 0.30880921 -0.88922653 0.33751007
vn 0.00000000 -0.77749166 0.62889325
vn 0.45087770 -0.77416170 0.44427802
vn 0.00000000 -0.63248058 0.77457622
vn 0.58118872 -0.58508865 0.56558902
vn 0.58118872 -0.58508865 0.56558902
vn 0.00000000 -0.43561582 0.90013269
vn 0.66597747 -0.33328873 0.66737743
vn 0.66597747 -0.33328873 0.66737743
vn 0.00000000 -0.21640101 0.97630456
vn 0.69107082 -0.15949326 0.70497023
vn 0.69107082 -0.15949326 0.70497023
vn 0.00000000 -0.09970174 0.99501737
vn -0.23740276 -0.97141131 0.00000000
vn -0.44080211 -0.89760429 0.00020000
vn -0.60359302 -0.79729078 0.00169998
vn -0.78578524 -0.61848838 0.00369993
vn -0.90597966 -0.42329050 0.00509989
vn -0.97313116 -0.23000736 0.01060034
vn -0.99407490 -0.10869726 0.00000000
vn -0.22070016 -0.95310071 0.20710015
vn 0.00000000 -0.88853124 0.45881613
vn -0.30462006 -0.89145871 0.33542209
vn 0.00000000 -0.77749166 0.62889325
vn -0.44147789 -0.77876099 0.44567768
vn 0.00000000 -0.63248058 0.77457622
vn -0.58237311 -0.58227312 0.56727381
vn -0.58237311 -0.58227312 0.56727381
vn 0.00000000 -0.43561582 0.90013269
vn -0.66723980 -0.32981967 0.66783983
vn -0.66723980 -0.32981967 0.66783983
vn 0.00000000 -0.21900531 0.97572367
vn -0.69658587 -0.15699682 0.70008580
vn -0.69658587 -0.15699682 0.70008580
vn 0.00000000 -0.10569980 0.99439809
vn 0.00000000 -0.97516232 -0.22149144
vn 0.00000000 -0.89352535 -0.44901274
vn 0.00000000 -0.76702318 -0.64161939
vn 0.00000000 -0.62512180 -0.78052722
vn 0.00000000 -0.45710622 -0.88941211
vn 0.00000000 -0.22049720 -0.97538761
vn 0.00000000 -0.08560252 -0.99632937
vn 0.23440917 -0.97213803 0.00000000
vn -0.00040000 -0.99999992 0.00000000
vn 0.44112295 -0.89744668 0.00000000
vn 0.61501315 -0.78851685 0.00000000
vn 0.79109363 -0.61169508 0.00000000
vn 0.90339955 -0.42879979 0.00000000
vn -0.14319397 -0.98795841 -0.05859753
vn -0.23440917 -0.97213803 0.00000000
vn 0.00040000 -0.99999992 0.00000000
vn -0.00359998 -0.99999320 -0.00079999
vn -0.32969813 -0.93699469 -0.11549935
vn -0.44180524 -0.89711064 0.00080001
vn -0.47468786 -0.86087799 -0.18319532
vn -0.61461835 -0.78882355 0.00130004
vn -0.64920636 -0.71890704 -0.24840243
vn -0.64920636 -0.71890704 -0.24840243
vn -0.79095932 -0.61186853 0.00049997
vn -0.79277422 -0.53398263 -0.29389044
vn -0.79277422 -0.53398263 -0.29389044
vn -0.90316733 -0.42928447 0.00189993
vn -0.88933852 -0.30201308 -0.34331487
vn -0.97077336 -0.23999341 0.00149996
vn -0.91582516 -0.14900409 -0.37291025
vn -0.99183794 -0.12750488 0.00000000
vn 0.36499780 -0.11959928 -0.92329444
vn 0.36499780 -0.11959928 -0.92329444
vn 0.35440374 -0.28560302 -0.89040940
vn 0.35440374 -0.28560302 -0.89040940
vn 0.35440374 -0.28560302 -0.89040940
vn 0.30790726 -0.55311305 -0.77411826
vn 0.30790726 -0.55311305 -0.77411826
vn 0.23389336 -0.72547941 -0.64728163
vn 0.17049553 -0.85437761 -0.49088713
vn 0.12170558 -0.94034313 -0.31771457
vn 0.05789749 -0.98855707 -0.13929395
vn 0.01230030 -0.99962414 -0.02450059
vn 0.05899791 -0.98816502 0.14159499
vn -0.05850048 -0.98820803 0.14150115
vn 0.00000000 -0.97393923 0.22680913
vn 0.00000000 -1.00000000 0.00000000
vn -0.00079999 -0.99999128 0.00409996
vn -0.12179975 -0.93689806 0.32769932
vn 0.00000000 -0.88853124 0.45881613
vn -0.16989545 -0.85247715 0.49438675
vn 0.00000000 -0.77749166 0.62889325
vn -0.24259944 -0.73099832 0.63779853
vn 0.00000000 -0.63248058 0.77457622
vn -0.30880824 -0.53861438 0.78392093
vn -0.30880824 -0.53861438 0.78392093
vn 0.00000000 -0.43561582 0.90013269
vn -0.34918942 -0.28869126 0.89147300
vn -0.34918942 -0.28869126 0.89147300
vn 0.00000000 -0.21640101 0.97630456
vn -0.35999156 -0.13809676 0.92267836
vn 0.00000000 -0.09970174 0.99501737
vn 0.23740276 -0.97141131 0.00000000
vn 0.14480090 -0.98770615 -0.05890037
vn 0.44080211 -0.89760429 0.00020000
vn 0.33010385 -0.93701094 -0.11420133
vn 0.60359302 -0.79729078 0.00169998
vn 0.46219451 -0.86868968 -0.17819788
vn 0.78578524 -0.61848838 0.00369993
vn 0.63690723 -0.73130830 -0.24400277
vn 0.63690723 -0.73130830 -0.24400277
vn 0.90579168 -0.42369611 0.00479996
vn 0.79548373 -0.53048915 -0.29289401
vn 0.79548373 -0.53048915 -0.29289401
vn 0.97315780 -0.22989003 0.01069954
vn 0.89531955 -0.28880630 -0.33910740
vn 0.99407490 -0.10869726 0.00000000
vn 0.92037080 -0.13229580 -0.36798833
vn 0.12230139 -0.93711063 0.32690371
vn 0.16730334 -0.85401706 0.49260984
vn 0.23879560 -0.73138653 0.63878823
vn 0.30899733 -0.53679537 0.78509323
vn 0.30899733 -0.53679537 0.78509323
vn 0.34929995 -0.28939996 0.89119987
vn 0.34929995 -0.28939996 0.89119987
vn 0.34929995 -0.28939996 0.89119987
vn 0.36210956 -0.14090372 0.92142434
vn 0.36210956 -0.14090372 0.92142434
vn 0.00000000 -0.97516232 -0.22149144
vn -0.05769896 -0.98858226 -0.13919750
vn 0.00000000 -0.89352535 -0.44901274
vn -0.12189343 -0.93954937 -0.31998276
vn 0.00000000 -0.76697397 -0.64167822
vn -0.17510764 -0.84853702 -0.49932178
vn -0.17510764 -0.84853702 -0.49932178
vn 0.00000000 -0.62507301 -0.78056629
vn -0.24059585 -0.71958759 -0.65138877
vn -0.24059585 -0.71958759 -0.65138877
vn 0.00000000 -0.45710622 -0.88941211
vn -0.30870447 -0.55560804 -0.77201117
vn -0.30870447 -0.55560804 -0.77201117
vn 0.00000000 -0.22049720 -0.97538761
vn -0.35170349 -0.29320291 -0.88900883
vn -0.35170349 -0.29320291 -0.88900883
vn -0.35170349 -0.29320291 -0.88900883
vn 0.00000000 -0.08560252 -0.99632937
vn -0.35910129 -0.12490045 -0.92490332
vn -0.35910129 -0.12490045 -0.92490332
vn 0.00040000 -0.99999992 0.00000000
vn -0.23440917 -0.97213803 0.00000000
vn -0.14390368 -0.98782526 0.05910151
vn -0.02030014 -0.99970679 0.01320009
vn -0.44112295 -0.89744668 0.00000000
vn -0.32850895 -0.93712554 0.11780321
vn -0.61501315 -0.78851685 0.00000000
vn -0.46802342 -0.86464327 0.18260914
vn -0.46802342 -0.86464327 0.18260914
vn -0.79109363 -0.61169508 0.00000000
vn -0.65047958 -0.72067738 0.23979247
vn -0.65047958 -0.72067738 0.23979247
vn -0.65047958 -0.72067738 0.23979247
vn -0.90339955 -0.42879979 0.00000000
vn -0.79311839 -0.53011229 0.29990695
vn -0.79311839 -0.53011229 0.29990695
vn 0.23440917 -0.97213803 0.00000000
vn 0.44180524 -0.89711064 0.00080001
vn 0.32969813 -0.93699469 -0.11549935
vn 0.14350280 -0.98791931 -0.05850114
vn 0.61461835 -0.78882355 0.00130004
vn 0.47468786 -0.86087799 -0.18319532
vn 0.79095932 -0.61186853 0.00049997
vn 0.64920636 -0.71890704 -0.24840243
vn 0.64920636 -0.71890704 -0.24840243
vn 0.90316733 -0.42928447 0.00189993
vn 0.79269472 -0.53409645 -0.29389804
vn 0.79269472 -0.53409645 -0.29389804
vn 0.97077336 -0.23999341 0.00149996
vn 0.88930429 -0.30190146 -0.34350166
vn 0.99183794 -0.12750488 0.00000000
vn 0.91582516 -0.14900409 -0.37291025
vn 0.05860179 -0.98823020 0.14130432
vn 0.12179975 -0.93689806 0.32769932
vn 0.16990006 -0.85270030 0.49400017
vn 0.24310546 -0.73081641 0.63781432
vn 0.30871020 -0.53851779 0.78402590
vn 0.30871020 -0.53851779 0.78402590
vn 0.34909153 -0.28879300 0.89147838
vn 0.34909153 -0.28879300 0.89147838
vn 0.35999653 -0.13799867 0.92269110
vn 0.05770057 -0.98860976 -0.13900137
vn 0.12189343 -0.93954937 -0.31998276
vn 0.17510764 -0.84853702 -0.49932178
vn 0.17510764 -0.84853702 -0.49932178
vn 0.24059585 -0.71958759 -0.65138877
vn 0.24059585 -0.71958759 -0.65138877
vn 0.30878445 -0.55577202 -0.77186114
vn 0.30878445 -0.55577202 -0.77186114
vn 0.35189936 -0.29299947 -0.88899840
vn 0.35189936 -0.29299947 -0.88899840
vn 0.35189936 -0.29299947 -0.88899840
vn 0.35910129 -0.12490045 -0.92490332
vn 0.35910129 -0.12490045 -0.92490332
vn 0.32850895 -0.93712554 0.11780321
vn 0.44112295 -0.89744668 0.00000000
vn 0.23440917 -0.97213803 0.00000000
vn 0.14409953 -0.98779681 0.05909981
vn 0.46759812 -0.86489653 0.18249927
vn 0.46759812 -0.86489653 0.18249927
vn 0.61501315 -0.78851685 0.00000000
vn 0.65056856 -0.72046518 0.24018839
vn 0.65056856 -0.72046518 0.24018839
vn 0.65056856 -0.72046518 0.24018839
vn 0.79109363 -0.61169508 0.00000000
vn 0.79319752 -0.52999834 0.29989906
vn 0.79319752 -0.52999834 0.29989906
vn 0.90339955 -0.42879979 0.00000000
vn 0.97104165 -0.23891025 0.00000000
vn 0.99183794 -0.12750488 0.00000000
vn -0.23740276 -0.97141131 0.00000000
vn -0.44060140 -0.89770285 0.00000000
vn -0.60330690 -0.79750912 0.00000000
vn -0.78491089 -0.61960859 0.00030000
vn -0.90691739 -0.42130808 0.00060001
vn -0.97408162 -0.22619573 -0.00069999
vn -0.99311985 -0.11710234 0.00010000
vn -0.88718377 -0.30149449 0.34929361
vn -0.88718377 -0.30149449 0.34929361
vn -0.97104165 -0.23891025 0.00000000
vn -0.91652114 -0.15410355 0.36910851
vn -0.91652114 -0.15410355 0.36910851
vn -0.99183794 -0.12750488 0.00000000
vn 0.14549533 -0.98756827 0.05949809
vn 0.23740276 -0.97141131 0.00000000
vn 0.32990770 -0.93672187 0.11710273
vn 0.44060140 -0.89770285 0.00000000
vn 0.45940521 -0.86960986 0.18090205
vn 0.60330690 -0.79750912 0.00000000
vn 0.64170366 -0.72800416 0.24130138
vn 0.64170366 -0.72800416 0.24130138
vn 0.78491091 -0.61960861 0.00020000
vn 0.79603892 -0.52502567 0.30111472
vn 0.79603892 -0.52502567 0.30111472
vn 0.90691744 -0.42130810 0.00050001
vn 0.88972681 -0.29340884 0.34971054
vn 0.97412560 -0.22600594 -0.00080002
vn 0.91954964 -0.14730795 0.36431967
vn 0.99311983 -0.11710234 0.00020000
vn 0.88718801 -0.30159592 0.34919528
vn 0.88718801 -0.30159592 0.34919528
vn 0.97104165 -0.23891025 0.00000000
vn 0.91648731 -0.15409787 0.36919489
vn 0.91648731 -0.15409787 0.36919489
vn 0.99183794 -0.12750488 0.00000000
vn -0.07839923 -0.99399030 -0.07639925
vn -0.19509682 -0.98078399 0.00000000
vn 0.00000000 -1.00000000 0.00000000
vn 0.00000000 -1.00000000 0.00000000
vn -0.17980573 -0.96223068 -0.20440652
vn -0.38351425 -0.92353431 0.00110004
vn -0.28959115 -0.89967250 -0.32669001
vn -0.55539057 -0.83158588 0.00249996
vn -0.39651928 -0.80233901 -0.44612169
vn -0.70710439 -0.70710439 0.00260002
vn -0.52408165 -0.63657772 -0.56578020
vn -0.52408165 -0.63657772 -0.56578020
vn -0.87171312 -0.49000738 0.00300005
vn -0.67617237 -0.33578628 -0.65577321
vn -0.67617237 -0.33578628 -0.65577321
vn -0.97077336 -0.23999341 0.00149996
vn -0.68172520 -0.16340604 -0.71312636
vn -0.68172520 -0.16340604 -0.71312636
vn -0.98895835 -0.14819376 0.00000000
vn 0.69160365 -0.13680072 -0.70920374
vn 0.69160365 -0.13680072 -0.70920374
vn 0.00000000 -0.08560252 -0.99632937
vn -0.01600092 -0.22831319 -0.97345624
vn 0.65649661 -0.34599821 -0.67029653
vn 0.65649661 -0.34599821 -0.67029653
vn -0.00770006 -0.45860385 -0.88860746
vn 0.53458766 -0.63838527 -0.55378722
vn 0.53458766 -0.63838527 -0.55378722
vn -0.00250004 -0.62550984 -0.78021227
vn 0.39538616 -0.80197193 -0.44778433
vn -0.00060000 -0.76970269 -0.63840223
vn 0.28521382 -0.90264374 -0.32231562
vn 0.00000000 -0.89482685 -0.44641339
vn 0.17889855 -0.96259219 -0.20349835
vn 0.00000000 -0.97516232 -0.22149144
vn 0.07839923 -0.99399030 -0.07639925
vn 0.00000000 -1.00000000 0.00000000
vn 0.07919968 -0.99389598 0.07679969
vn 0.00000000 -0.97393923 0.22680913
vn -0.07919968 -0.99389598 0.07679969
vn -0.17960662 -0.96123545 0.20920772
vn -0.28211364 -0.90094356 0.32971594
vn -0.39912584 -0.81075248 0.42822772
vn -0.52499079 -0.62548903 0.57718987
vn -0.52499079 -0.62548903 0.57718987
vn -0.67150792 -0.33210392 0.66240781
vn -0.67150792 -0.33210392 0.66240781
vn -0.68402377 -0.17350603 0.70852462
vn -0.68402377 -0.17350603 0.70852462
vn -0.66363552 -0.34521848 -0.66363552
vn -0.66363552 -0.34521848 -0.66363552
vn -0.53060167 -0.66100208 -0.53060167
vn -0.53060167 -0.66100208 -0.53060167
vn -0.69174459 -0.20731336 -0.69174459
vn -0.69174459 -0.20731336 -0.69174459
vn 0.64326792 -0.35018254 -0.68086605
vn 0.64326792 -0.35018254 -0.68086605
vn 0.70111180 -0.18170306 -0.68951160
vn 0.70111180 -0.18170306 -0.68951160
vn 0.00000000 -0.14819376 -0.98895835
vn -0.01530062 -0.24760996 -0.96873897
vn -0.01300017 -0.49250658 -0.87021162
vn 0.54300802 -0.65560969 -0.52470775
vn 0.54300802 -0.65560969 -0.52470775
vn -0.00349998 -0.70429692 -0.70989689
vn -0.00349998 -0.70429692 -0.70989689
vn 0.39208042 -0.83105850 -0.39448030
vn 0.39208042 -0.83105850 -0.39448030
vn 0.00000000 -0.83146524 -0.55557677
vn 0.27949071 -0.91856948 -0.27949071
vn 0.00000000 -0.92387667 -0.38269034
vn 0.17499849 -0.96889166 -0.17499849
vn 0.00000000 -0.98078399 -0.19509682
vn 0.07419846 -0.99447935 -0.07419846
vn 0.19509682 -0.98078399 0.00000000
vn 0.38269034 -0.92387667 0.00000000
vn 0.55569192 -0.83138791 0.00079999
vn 0.72218890 -0.69168937 0.00299995
vn 0.86419410 -0.50309656 0.00789995
vn 0.96550072 -0.26010019 0.01250001
vn 0.99407490 -0.10869726 0.00000000
vn 0.17960662 -0.96123545 0.20920772
vn 0.00000000 -0.88853124 0.45881613
vn 0.28211364 -0.90094356 0.32971594
vn 0.00000000 -0.77749166 0.62889325
vn 0.40208526 -0.80627045 0.43388410
vn 0.40208526 -0.80627045 0.43388410
vn 0.00000000 -0.63248058 0.77457622
vn 0.00000000 -0.63248058 0.77457622
vn 0.53439029 -0.62928857 0.56428975
vn 0.53439029 -0.62928857 0.56428975
vn 0.00000000 -0.43561582 0.90013269
vn 0.64512101 -0.35781165 0.67512199
vn 0.64512101 -0.35781165 0.67512199
vn -0.01619924 -0.20819025 0.97795419
vn 0.64378255 -0.15239587 0.74987967
vn 0.64378255 -0.15239587 0.74987967
vn 0.00000000 -0.09970174 0.99501737
vn 0.00000000 -1.00000000 0.00000000
vn -0.07359911 -0.99728791 0.00000000
vn -0.07419846 -0.99447935 -0.07419846
vn -0.17499849 -0.96889166 -0.17499849
vn -0.27949071 -0.91856948 -0.27949071
vn -0.38800310 -0.83600669 -0.38800310
vn 0.00000000 -0.23909883 -0.97099524
vn 0.00000000 -0.14819376 -0.98895835
vn 0.00000000 -0.48879824 -0.87239686
vn 0.00000000 -0.70710678 -0.70710678
vn 0.00000000 -0.83146524 -0.55557677
vn 0.00000000 -0.92387667 -0.38269034
vn 0.00000000 -0.98078399 -0.19509682
vn 0.00000000 -1.00000000 0.00000000
vn 0.00000000 -1.00000000 0.00000000
vn -0.01479986 -0.99989048 0.00000000
vn 0.00000000 -1.00000000 0.00000000
vn 0.07359911 -0.99728791 0.00000000
vn -0.01179958 -0.99986426 0.01149959
vn -0.01149958 -0.99986307 -0.01189956
vn -0.01189955 -0.99986192 0.01159956
vn -0.01149958 -0.99986307 -0.01189956
vn -0.14319397 -0.98795841 0.05859753
vn -0.00359998 -0.99999320 0.00079999
vn 0.00040000 -0.99999992 0.00000000
vn -0.23440917 -0.97213803 0.00000000
vn -0.32969813 -0.93699469 0.11549935
vn -0.44180524 -0.89711064 -0.00080001
vn -0.47468786 -0.86087799 0.18319532
vn -0.61461835 -0.78882355 -0.00130004
vn -0.64920636 -0.71890704 0.24840243
vn -0.64920636 -0.71890704 0.24840243
vn -0.79095932 -0.61186853 -0.00049997
vn -0.79281655 -0.53391114 0.29390613
vn -0.79281655 -0.53391114 0.29390613
vn -0.90316733 -0.42928447 -0.00189993
vn -0.88933852 -0.30201308 0.34331487
vn -0.97077336 -0.23999341 -0.00149996
vn -0.91582516 -0.14900409 0.37291025
vn -0.99183794 -0.12750488 0.00000000
vn 0.36499780 -0.11959928 0.92329444
vn 0.36499780 -0.11959928 0.92329444
vn 0.35440374 -0.28560302 0.89040940
vn 0.35440374 -0.28560302 0.89040940
vn 0.35440374 -0.28560302 0.89040940
vn 0.00000000 -0.22019028 0.97545694
vn 0.00000000 -0.08629735 0.99626942
vn 0.30790726 -0.55311305 0.77411826
vn 0.30790726 -0.55311305 0.77411826
vn 0.00000000 -0.45611158 0.88992260
vn 0.23390850 -0.72552637 0.64722353
vn 0.00000000 -0.62739860 0.77869827
vn 0.17049553 -0.85437761 0.49088713
vn 0.00000000 -0.77096816 0.63687369
vn 0.12170558 -0.94034313 0.31771457
vn 0.00000000 -0.89482685 0.44641339
vn 0.05789749 -0.98855707 0.13929395
vn 0.00000000 -0.97516232 0.22149144
vn 0.01230030 -0.99962414 0.02450059
vn 0.00000000 -1.00000000 0.00000000
vn 0.05899791 -0.98816502 -0.14159499
vn 0.00000000 -0.97393923 -0.22680913
vn -0.05850048 -0.98820803 -0.14150115
vn -0.00079999 -0.99999128 -0.00409996
vn 0.00000000 -1.00000000 0.00000000
vn 0.00000000 -0.97393923 -0.22680913
vn -0.12179975 -0.93689806 -0.32769932
vn 0.00000000 -0.88853124 -0.45881613
vn -0.16989545 -0.85247715 -0.49438675
vn 0.00000000 -0.77749166 -0.62889325
vn -0.24259944 -0.73099832 -0.63779853
vn 0.00000000 -0.63248058 -0.77457622
vn -0.30880824 -0.53861438 -0.78392093
vn -0.30880824 -0.53861438 -0.78392093
vn 0.00000000 -0.43561582 -0.90013269
vn -0.34918942 -0.28869126 -0.89147300
vn -0.34918942 -0.28869126 -0.89147300
vn 0.00000000 -0.21640101 -0.97630456
vn -0.35999156 -0.13809676 -0.92267836
vn 0.00000000 -0.09970174 -0.99501737
vn 0.14480090 -0.98770615 0.05890037
vn 0.23740276 -0.97141131 0.00000000
vn 0.33010385 -0.93701094 0.11420133
vn 0.44080211 -0.89760429 -0.00020000
vn 0.46219451 -0.86868968 0.17819788
vn 0.60359302 -0.79729078 -0.00169998
vn 0.63690723 -0.73130830 0.24400277
vn 0.63690723 -0.73130830 0.24400277
vn 0.78578524 -0.61848838 -0.00369993
vn 0.79548373 -0.53048915 0.29289401
vn 0.79548373 -0.53048915 0.29289401
vn 0.90579168 -0.42369611 -0.00479996
vn 0.89531955 -0.28880630 0.33910740
vn 0.97315780 -0.22989003 -0.01069954
vn 0.92037080 -0.13229580 0.36798833
vn 0.99407490 -0.10869726 0.00000000
vn 0.12230139 -0.93711063 -0.32690371
vn 0.00000000 -0.88853124 -0.45881613
vn 0.16730334 -0.85401706 -0.49260984
vn 0.00000000 -0.77749166 -0.62889325
vn 0.23879560 -0.73138653 -0.63878823
vn 0.00000000 -0.63248058 -0.77457622
vn 0.30899733 -0.53679537 -0.78509323
vn 0.30899733 -0.53679537 -0.78509323
vn 0.00000000 -0.43561582 -0.90013269
vn 0.34929995 -0.28939996 -0.89119987
vn 0.34929995 -0.28939996 -0.89119987
vn 0.34929995 -0.28939996 -0.89119987
vn 0.00000000 -0.21900531 -0.97572367
vn 0.36210956 -0.14090372 -0.92142434
vn 0.36210956 -0.14090372 -0.92142434
vn 0.00000000 -0.10569980 -0.99439809
vn -0.05769896 -0.98858226 0.13919750
vn 0.00000000 -0.97516232 0.22149144
vn -0.12189343 -0.93954937 0.31998276
vn 0.00000000 -0.89352535 0.44901274
vn -0.17510764 -0.84853702 0.49932178
vn 0.00000000 -0.76702318 0.64161939
vn -0.24059585 -0.71958759 0.65138877
vn 0.00000000 -0.62512180 0.78052722
vn -0.30870447 -0.55560804 0.77201117
vn -0.30870447 -0.55560804 0.77201117
vn 0.00000000 -0.45710622 0.88941211
vn -0.35170349 -0.29320291 0.88900883
vn -0.35170349 -0.29320291 0.88900883
vn -0.35170349 -0.29320291 0.88900883
vn 0.00000000 -0.22049720 0.97538761
vn -0.35910129 -0.12490045 0.92490332
vn -0.35910129 -0.12490045 0.92490332
vn 0.00000000 -0.08560252 0.99632937
vn -0.14390368 -0.98782526 -0.05910151
vn -0.23440917 -0.97213803 0.00000000
vn 0.00040000 -0.99999992 0.00000000
vn -0.02030014 -0.99970679 -0.01320009
vn -0.32850895 -0.93712554 -0.11780321
vn -0.44112295 -0.89744668 0.00000000
vn -0.46802342 -0.86464327 -0.18260914
vn -0.61501315 -0.78851685 0.00000000
vn -0.65047958 -0.72067738 -0.23979247
vn -0.65047958 -0.72067738 -0.23979247
vn -0.79109363 -0.61169508 0.00000000
vn -0.79311839 -0.53011229 -0.29990695
vn -0.79311839 -0.53011229 -0.29990695
vn -0.90339955 -0.42879979 0.00000000
vn 0.14319397 -0.98795841 0.05859753
vn 0.23440917 -0.97213803 0.00000000
vn -0.00040000 -0.99999992 0.00000000
vn -0.00010000 -0.99969491 0.02469987
vn 0.32969813 -0.93699469 0.11549935
vn 0.44180524 -0.89711064 -0.00080001
vn 0.47468786 -0.86087799 0.18319532
vn 0.61461835 -0.78882355 -0.00130004
vn 0.64920636 -0.71890704 0.24840243
vn 0.64920636 -0.71890704 0.24840243
vn 0.79095932 -0.61186853 -0.00049997
vn 0.79269472 -0.53409645 0.29389804
vn 0.79269472 -0.53409645 0.29389804
vn 0.90316733 -0.42928447 -0.00189993
vn 0.88930429 -0.30190146 0.34350166
vn 0.97077336 -0.23999341 -0.00149996
vn 0.91582516 -0.14900409 0.37291025
vn 0.99183794 -0.12750488 0.00000000
vn -0.36499780 -0.11959928 0.92329444
vn -0.36499780 -0.11959928 0.92329444
vn -0.35450130 -0.28550105 0.89040327
vn -0.35450130 -0.28550105 0.89040327
vn -0.35450130 -0.28550105 0.89040327
vn -0.30798074 -0.55316541 0.77405160
vn -0.30798074 -0.55316541 0.77405160
vn -0.23390850 -0.72552637 0.64722353
vn -0.17049553 -0.85437761 0.49088713
vn -0.12170558 -0.94034313 0.31771457
vn -0.05800288 -0.98854906 0.13930691
vn -0.01230030 -0.99962414 -0.02450059
vn -0.05889826 -0.98817084 -0.14159582
vn 0.05860013 -0.98820225 -0.14150032
vn 0.00000000 -0.97393923 -0.22680913
vn 0.00000000 -1.00000000 0.00000000
vn 0.02459994 -0.99969738 0.00000000
vn 0.12179975 -0.93689806 -0.32769932
vn 0.00000000 -0.88853124 -0.45881613
vn 0.16990006 -0.85270030 -0.49400017
vn 0.00000000 -0.77749166 -0.62889325
vn 0.24310546 -0.73081641 -0.63781432
vn 0.00000000 -0.63248058 -0.77457622
vn 0.30871020 -0.53851779 -0.78402590
vn 0.30871020 -0.53851779 -0.78402590
vn 0.00000000 -0.43561582 -0.90013269
vn 0.34909153 -0.28879300 -0.89147838
vn 0.34909153 -0.28879300 -0.89147838
vn 0.00000000 -0.21640101 -0.97630456
vn 0.35999653 -0.13799867 -0.92269110
vn 0.00000000 -0.09970174 -0.99501737
vn -0.14480005 -0.98770033 0.05900002
vn -0.23740276 -0.97141131 0.00000000
vn -0.33010385 -0.93701094 0.11420133
vn -0.44080211 -0.89760429 -0.00020000
vn -0.46219451 -0.86868968 0.17819788
vn -0.60359302 -0.79729078 -0.00169998
vn -0.63690723 -0.73130830 0.24400277
vn -0.63690723 -0.73130830 0.24400277
vn -0.78578524 -0.61848838 -0.00369993
vn -0.79540480 -0.53060320 0.29290177
vn -0.79540480 -0.53060320 0.29290177
vn -0.90579168 -0.42369611 -0.00479996
vn -0.89531050 -0.28860339 0.33930398
vn -0.97320147 -0.22970035 -0.01080002
vn -0.99400862 -0.10930095 -0.00040000
vn -0.92023587 -0.13260517 0.36821435
vn -0.12230139 -0.93711063 -0.32690371
vn -0.16729069 -0.85375247 -0.49307255
vn -0.23821007 -0.73163092 -0.63872699
vn -0.30901267 -0.53702202 -0.78493218
vn -0.30901267 -0.53702202 -0.78493218
vn -0.34949575 -0.28919648 -0.89118916
vn -0.34949575 -0.28919648 -0.89118916
vn -0.34949575 -0.28919648 -0.89118916
vn -0.36211466 -0.14080570 -0.92143731
vn -0.36211466 -0.14080570 -0.92143731
vn 0.05759930 -0.98858796 0.13919830
vn 0.00000000 -0.97516232 0.22149144
vn 0.12189343 -0.93954937 0.31998276
vn 0.00000000 -0.89352535 0.44901274
vn 0.17510764 -0.84853702 0.49932178
vn 0.17510764 -0.84853702 0.49932178
vn 0.00000000 -0.76697397 0.64167822
vn 0.24059585 -0.71958759 0.65138877
vn 0.24059585 -0.71958759 0.65138877
vn 0.00000000 -0.62507301 0.78056629
vn 0.30878445 -0.55577202 0.77186114
vn 0.30878445 -0.55577202 0.77186114
vn 0.00000000 -0.45710622 0.88941211
vn 0.35189936 -0.29299947 0.88899840
vn 0.35189936 -0.29299947 0.88899840
vn 0.35189936 -0.29299947 0.88899840
vn 0.00000000 -0.22049720 0.97538761
vn 0.35910129 -0.12490045 0.92490332
vn 0.35910129 -0.12490045 0.92490332
vn 0.00000000 -0.08560252 0.99632937
vn 0.14390283 -0.98781942 -0.05920116
vn -0.02079995 -0.99969783 -0.01309997
vn -0.00040000 -0.99999992 0.00000000
vn 0.23440917 -0.97213803 0.00000000
vn 0.32850895 -0.93712554 -0.11780321
vn 0.44112295 -0.89744668 0.00000000
vn 0.46759812 -0.86489653 -0.18249927
vn 0.46759812 -0.86489653 -0.18249927
vn 0.61501315 -0.78851685 0.00000000
vn 0.65056856 -0.72046518 -0.24018839
vn 0.65056856 -0.72046518 -0.24018839
vn 0.65056856 -0.72046518 -0.24018839
vn 0.79109363 -0.61169508 0.00000000
vn 0.79319752 -0.52999834 -0.29989906
vn 0.79319752 -0.52999834 -0.29989906
vn 0.90339955 -0.42879979 0.00000000
vn -0.32969813 -0.93699469 0.11549935
vn -0.14350280 -0.98791931 0.05850114
vn -0.23440917 -0.97213803 0.00000000
vn -0.44180524 -0.89711064 -0.00080001
vn -0.47468786 -0.86087799 0.18319532
vn -0.61461835 -0.78882355 -0.00130004
vn -0.64920636 -0.71890704 0.24840243
vn -0.64920636 -0.71890704 0.24840243
vn -0.79095932 -0.61186853 -0.00049997
vn -0.79281655 -0.53391114 0.29390613
vn -0.79281655 -0.53391114 0.29390613
vn -0.90316733 -0.42928447 -0.00189993
vn -0.88933852 -0.30201308 0.34331487
vn -0.97077336 -0.23999341 -0.00149996
vn -0.91582516 -0.14900409 0.37291025
vn -0.99183794 -0.12750488 0.00000000
vn -0.05860179 -0.98823020 -0.14130432
vn 0.00000000 -1.00000000 0.00000000
vn -0.12179975 -0.93689806 -0.32769932
vn -0.16989545 -0.85247715 -0.49438675
vn -0.24259944 -0.73099832 -0.63779853
vn -0.30880824 -0.53861438 -0.78392093
vn -0.30880824 -0.53861438 -0.78392093
vn -0.34918942 -0.28869126 -0.89147300
vn -0.34918942 -0.28869126 -0.89147300
vn -0.35999156 -0.13809676 -0.92267836
vn -0.05770057 -0.98860976 0.13900137
vn -0.12189343 -0.93954937 0.31998276
vn -0.17510764 -0.84853702 0.49932178
vn -0.17510764 -0.84853702 0.49932178
vn -0.24059585 -0.71958759 0.65138877
vn -0.24059585 -0.71958759 0.65138877
vn -0.30870447 -0.55560804 0.77201117
vn -0.30870447 -0.55560804 0.77201117
vn -0.35170349 -0.29320291 0.88900883
vn -0.35170349 -0.29320291 0.88900883
vn -0.35170349 -0.29320291 0.88900883
vn -0.35910129 -0.12490045 0.92490332
vn -0.35910129 -0.12490045 0.92490332
vn -0.32850895 -0.93712554 -0.11780321
vn -0.44112295 -0.89744668 0.00000000
vn -0.23440917 -0.97213803 0.00000000
vn -0.14409953 -0.98779681 -0.05909981
vn -0.46802342 -0.86464327 -0.18260914
vn -0.46802342 -0.86464327 -0.18260914
vn -0.61501315 -0.78851685 0.00000000
vn -0.65047958 -0.72067738 -0.23979247
vn -0.65047958 -0.72067738 -0.23979247
vn -0.65047958 -0.72067738 -0.23979247
vn -0.79109363 -0.61169508 0.00000000
vn -0.79311839 -0.53011229 -0.29990695
vn -0.79311839 -0.53011229 -0.29990695
vn -0.90339955 -0.42879979 0.00000000
vn -0.88718377 -0.30149449 -0.34929361
vn -0.88718377 -0.30149449 -0.34929361
vn -0.97104165 -0.23891025 0.00000000
vn -0.91652114 -0.15410355 -0.36910851
vn -0.91652114 -0.15410355 -0.36910851
vn -0.99183794 -0.12750488 0.00000000
vn 0.14549533 -0.98756827 -0.05949809
vn 0.23740276 -0.97141131 0.00000000
vn 0.32990770 -0.93672187 -0.11710273
vn 0.44060140 -0.89770285 0.00000000
vn 0.45940521 -0.86960986 -0.18090205
vn 0.60330690 -0.79750912 0.00000000
vn 0.64170366 -0.72800416 -0.24130138
vn 0.64170366 -0.72800416 -0.24130138
vn 0.78491091 -0.61960861 -0.00020000
vn 0.79603892 -0.52502567 -0.30111472
vn 0.79603892 -0.52502567 -0.30111472
vn 0.90691744 -0.42130810 -0.00050001
vn 0.88972681 -0.29340884 -0.34971054
vn 0.97412560 -0.22600594 0.00080002
vn 0.91956508 -0.14729441 -0.36428617
vn 0.99311985 -0.11710234 -0.00010000
vn 0.88718801 -0.30159592 -0.34919528
vn 0.88718801 -0.30159592 -0.34919528
vn 0.97104165 -0.23891025 0.00000000
vn 0.91648731 -0.15409787 -0.36919489
vn 0.91648731 -0.15409787 -0.36919489
vn 0.99183794 -0.12750488 0.00000000
vn -0.14549533 -0.98756827 -0.05949809
vn -0.23740276 -0.97141131 0.00000000
vn -0.32990770 -0.93672187 -0.11710273
vn -0.44060140 -0.89770285 0.00000000
vn -0.45987117 -0.86934551 -0.18098866
vn -0.60330690 -0.79750912 0.00000000
vn -0.64168756 -0.72818588 -0.24079533
vn -0.64168756 -0.72818588 -0.24079533
vn -0.78491091 -0.61960861 -0.00020000
vn -0.79591868 -0.52521233 -0.30110707
vn -0.79591868 -0.52521233 -0.30110707
vn -0.90691744 -0.42130810 -0.00050001
vn -0.88971675 -0.29320552 -0.34990659
vn -0.97412560 -0.22600594 0.00080002
vn -0.91952968 -0.14720475 -0.36441176
vn -0.99311985 -0.11710234 -0.00010000
vn -0.88718377 -0.30149449 -0.34929361
vn -0.88718377 -0.30149449 -0.34929361
vn -0.97104165 -0.23891025 0.00000000
vn -0.91652114 -0.15410355 -0.36910851
vn -0.91652114 -0.15410355 -0.36910851
vn -0.99183794 -0.12750488 0.00000000
vn 0.12630419 -0.99063286 0.05190172
vn 0.19509682 -0.98078399 0.00000000
vn 0.00000000 -1.00000000 0.00000000
vn -0.00010000 -0.99969737 0.02459994
vn 0.27548667 -0.95435382 0.11539442
vn 0.38351429 -0.92353440 -0.00100004
vn 0.42899741 -0.88589466 0.17649894
vn 0.55539057 -0.83158588 -0.00249996
vn 0.57321985 -0.78452717 0.23650819
vn 0.70710457 -0.70710457 -0.00250002
vn 0.74670571 -0.59340454 0.30050230
vn 0.74670571 -0.59340454 0.30050230
vn 0.87171312 -0.49000738 -0.00300005
vn 0.89060438 -0.30090148 0.34100168
vn 0.89060438 -0.30090148 0.34100168
vn 0.97077336 -0.23999341 -0.00149996
vn 0.91197224 -0.16819488 0.37418861
vn 0.98895835 -0.14819376 0.00000000
vn -0.35881206 -0.11870399 0.92583112
vn 0.00000000 -0.08560252 0.99632937
vn 0.01609970 -0.22819581 0.97348214
vn -0.33459807 -0.29439830 0.89519483
vn 0.00710003 -0.45920185 0.88830358
vn -0.28239469 -0.57108926 0.77078551
vn 0.00229989 -0.62557101 0.78016384
vn -0.21351113 -0.73773847 0.64043340
vn 0.00060000 -0.76970269 0.63840223
vn -0.15759752 -0.85878650 0.48749233
vn 0.00000000 -0.89482685 0.44641339
vn -0.10349777 -0.94157973 0.32049310
vn 0.00000000 -0.97516232 0.22149144
vn -0.05349760 -0.98945564 0.13459397
vn 0.00000000 -1.00000000 0.00000000
vn -0.01230030 -0.99962414 -0.02450059
vn -0.05430124 -0.98912266 -0.13670313
vn 0.00000000 -0.97393923 -0.22680913
vn 0.05430124 -0.98912266 -0.13670313
vn 0.02459994 -0.99969737 -0.00010000
vn 0.10410229 -0.93822062 -0.33000725
vn 0.15530063 -0.85840349 -0.48890199
vn 0.21679952 -0.74899833 -0.62609861
vn 0.21679952 -0.74899833 -0.62609861
vn 0.27878734 -0.54697517 -0.78936416
vn 0.27878734 -0.54697517 -0.78936416
vn 0.35420982 -0.28950803 -0.88922466
vn 0.35420982 -0.28950803 -0.88922466
vn 0.35430196 -0.14510080 -0.92380511
vn 0.35430196 -0.14510080 -0.92380511
vn 0.88441445 -0.30860504 0.35010572
vn 0.88441445 -0.30860504 0.35010572
vn 0.88441445 -0.30860504 0.35010572
vn 0.88847799 -0.29999257 -0.34729140
vn 0.88847799 -0.29999257 -0.34729140
vn 0.74677422 -0.58977964 -0.30738939
vn 0.74677422 -0.58977964 -0.30738939
vn 0.74969013 -0.59799212 0.28349627
vn 0.74969013 -0.59799212 0.28349627
vn 0.74969013 -0.59799212 0.28349627
vn 0.91453171 -0.19000659 0.35711238
vn 0.91453171 -0.19000659 0.35711238
vn 0.91256906 -0.17329412 -0.37038744
vn -0.32718255 -0.30888353 0.89305237
vn -0.32718255 -0.30888353 0.89305237
vn -0.36658802 -0.17659423 0.91347014
vn 0.00000000 -0.14819376 0.98895835
vn 0.01530062 -0.24760996 0.96873897
vn 0.01240030 -0.49321183 0.86982086
vn -0.28550503 -0.59851055 0.74851319
vn -0.28550503 -0.59851055 0.74851319
vn 0.00309999 -0.70449861 0.70969860
vn 0.00309999 -0.70449861 0.70969860
vn -0.21221254 -0.79244682 0.57183378
vn -0.21221254 -0.79244682 0.57183378
vn 0.00000000 -0.83146524 0.55557677
vn -0.15329364 -0.89416288 0.42068254
vn 0.00000000 -0.92387667 0.38269034
vn -0.10010331 -0.95693164 0.27250901
vn 0.00000000 -0.98078399 0.19509682
vn -0.04949923 -0.99108456 0.12369807
vn -0.12630484 -0.99063800 0.05180199
vn -0.19509682 -0.98078399 0.00000000
vn -0.27399094 -0.95486844 0.11469621
vn -0.38269034 -0.92387667 0.00000000
vn -0.42361642 -0.88883445 0.17470677
vn -0.55569192 -0.83138791 -0.00079999
vn -0.57828124 -0.78047467 0.23759229
vn -0.57828124 -0.78047467 0.23759229
vn -0.72209131 -0.69179168 -0.00289997
vn -0.74669454 -0.59779563 0.29169787
vn -0.74669454 -0.59779563 0.29169787
vn -0.74669454 -0.59779563 0.29169787
vn -0.86397278 -0.50348414 -0.00739977
vn -0.88453327 -0.31461183 0.34441296
vn -0.88453327 -0.31461183 0.34441296
vn -0.88453327 -0.31461183 0.34441296
vn -0.96555527 -0.25988796 -0.01269941
vn -0.99400862 -0.10930095 -0.00040000
vn -0.91918595 -0.13269797 0.37079433
vn -0.91918595 -0.13269797 0.37079433
vn -0.10410229 -0.93822062 -0.33000725
vn 0.00000000 -0.88853124 -0.45881613
vn -0.15530063 -0.85840349 -0.48890199
vn 0.00000000 -0.77749166 -0.62889325
vn -0.21889844 -0.74519469 -0.62989551
vn -0.21889844 -0.74519469 -0.62989551
vn 0.00000000 -0.63248058 -0.77457622
vn 0.00000000 -0.63248058 -0.77457622
vn -0.28519130 -0.55508307 -0.78137616
vn -0.28519130 -0.55508307 -0.78137616
vn 0.00000000 -0.43561582 -0.90013269
vn -0.32980297 -0.29520266 -0.89670808
vn -0.32980297 -0.29520266 -0.89670808
vn 0.01730015 -0.20690185 -0.97820874
vn -0.30948921 -0.13149541 -0.94176716
vn 0.00000000 -0.09970174 -0.99501737
vn 0.05359731 -0.98945035 0.13459325
vn 0.10430083 -0.94090746 0.32220256
vn 0.16050539 -0.85502870 0.49311655
vn 0.21460720 -0.73812475 0.63962145
vn 0.21460720 -0.73812475 0.63962145
vn 0.27899728 -0.56389450 0.77729242
vn 0.27899728 -0.56389450 0.77729242
vn 0.35639150 -0.29429298 0.88677886
vn 0.35639150 -0.29429298 0.88677886
vn 0.35349161 -0.13199687 0.92607802
vn 0.35349161 -0.13199687 0.92607802
vn -0.02020018 -0.99970881 -0.01320012
vn 0.12360021 -0.99110172 0.04940009
vn 0.12669581 -0.99056727 -0.05219828
vn -0.27250901 -0.95693164 0.10010331
vn -0.12360021 -0.99110172 0.04940009
vn -0.12679354 -0.99054954 -0.05229734
vn -0.27419148 -0.95447035 -0.11749635
vn 0.27250901 -0.95693164 0.10010331
vn 0.27419148 -0.95447035 -0.11749635
vn -0.42068254 -0.89416288 0.15329364
vn -0.42230268 -0.88900565 -0.17700112
vn 0.42068254 -0.89416288 0.15329364
vn 0.42230268 -0.88900565 -0.17700112
vn -0.57653829 -0.78865238 0.21361419
vn -0.57653829 -0.78865238 0.21361419
vn -0.58272743 -0.77833663 -0.23371100
vn -0.58272743 -0.77833663 -0.23371100
vn 0.56569356 -0.79769091 0.20899762
vn 0.56569356 -0.79769091 0.20899762
vn 0.57378461 -0.78607891 -0.22989383
vn -0.75310086 -0.59530068 0.28010032
vn -0.75310086 -0.59530068 0.28010032
vn -0.74508676 -0.59538942 -0.30059466
vn -0.74508676 -0.59538942 -0.30059466
vn -0.87537138 -0.32818927 -0.35498839
vn -0.87537138 -0.32818927 -0.35498839
vn -0.87770466 -0.31730168 0.35910191
vn -0.87770466 -0.31730168 0.35910191
vn -0.91080278 -0.14590045 -0.38620118
vn -0.91080278 -0.14590045 -0.38620118
vn -0.92101477 -0.15420247 0.35770574
vn -0.92101477 -0.15420247 0.35770574
vn 0.35711238 -0.19000659 0.91453171
vn 0.35010572 -0.30860504 0.88441445
vn 0.00000000 -0.23909883 0.97099524
vn 0.00000000 -0.14819376 0.98895835
vn 0.28349627 -0.59799212 0.74969013
vn 0.00000000 -0.48879824 0.87239686
vn 0.20899762 -0.79769091 0.56569356
vn 0.00000000 -0.70710678 0.70710678
vn 0.15329364 -0.89416288 0.42068254
vn 0.00000000 -0.83146524 0.55557677
vn 0.10010331 -0.95693164 0.27250901
vn 0.00000000 -0.92387667 0.38269034
vn 0.04949923 -0.99108456 0.12369807
vn 0.00000000 -0.98078399 0.19509682
vn 0.00000000 -1.00000000 0.00000000
vn 0.00000000 -0.99999118 0.00419996
vn 0.00000000 -1.00000000 0.00000000
vn 0.00000000 -0.99999118 -0.00419996
vn 0.08259755 -0.99307054 0.08359752
vn 0.23440917 -0.97213803 0.00000000
vn -0.00040000 -0.99999992 0.00000000
vn -0.00010000 -1.00000000 0.00000000
vn 0.21879084 -0.95436007 0.20329149
vn 0.44180524 -0.89711064 -0.00080001
vn 0.31678887 -0.88706882 0.33578820
vn 0.61461835 -0.78882355 -0.00130004
vn 0.44708450 -0.76577345 0.46228397
vn 0.79100767 -0.61180593 -0.00060001
vn 0.58057832 -0.59547776 0.55527926
vn 0.58057832 -0.59547776 0.55527926
vn 0.90320593 -0.42920282 -0.00200001
vn 0.67072281 -0.33701146 0.66072247
vn 0.67072281 -0.33701146 0.66072247
vn 0.97077336 -0.23999341 -0.00149996
vn 0.68868341 -0.14949640 0.70948291
vn 0.68868341 -0.14949640 0.70948291
vn 0.99183794 -0.12750488 0.00000000
vn -0.69810622 -0.13730122 0.70270626
vn -0.69810622 -0.13730122 0.70270626
vn 0.00000000 -0.08629735 0.99626942
vn 0.00000000 -0.22019028 0.97545694
vn -0.67606124 -0.32548134 0.66106210
vn -0.67606124 -0.32548134 0.66106210
vn 0.00000000 -0.45611158 0.88992260
vn -0.58188671 -0.59278646 0.55678728
vn -0.58188671 -0.59278646 0.55678728
vn 0.00000000 -0.62739860 0.77869827
vn -0.43458153 -0.77596702 0.45718057
vn 0.00000000 -0.77096816 0.63687369
vn -0.30912140 -0.89266179 0.32802270
vn 0.00000000 -0.89482685 0.44641339
vn -0.22010375 -0.95441626 0.20160343
vn 0.00000000 -0.97516232 0.22149144
vn -0.08310026 -0.99300307 0.08390026
vn 0.00000000 -1.00000000 0.00000000
vn -0.08409733 -0.99286849 -0.08449732
vn 0.00000000 -0.97393923 -0.22680913
vn 0.08350366 -0.99294354 -0.08420369
vn 0.00000000 -0.97393923 -0.22680913
vn 0.00000000 -1.00000000 0.00000000
vn 0.21870461 -0.95332011 -0.20820439
vn 0.00000000 -0.88853124 -0.45881613
vn 0.30880921 -0.88922653 -0.33751007
vn 0.00000000 -0.77749166 -0.62889325
vn 0.45087770 -0.77416170 -0.44427802
vn 0.00000000 -0.63248058 -0.77457622
vn 0.58118872 -0.58508865 -0.56558902
vn 0.58118872 -0.58508865 -0.56558902
vn 0.00000000 -0.43561582 -0.90013269
vn 0.66597747 -0.33328873 -0.66737743
vn 0.66597747 -0.33328873 -0.66737743
vn 0.00000000 -0.21640101 -0.97630456
vn 0.69107082 -0.15949326 -0.70497023
vn 0.69107082 -0.15949326 -0.70497023
vn 0.00000000 -0.09970174 -0.99501737
vn -0.23740276 -0.97141131 0.00000000
vn -0.44080211 -0.89760429 -0.00020000
vn -0.60359302 -0.79729078 -0.00169998
vn -0.78578524 -0.61848838 -0.00369993
vn -0.90597966 -0.42329050 -0.00509989
vn -0.97313116 -0.23000736 -0.01060034
vn -0.99407490 -0.10869726 0.00000000
vn -0.22070016 -0.95310071 -0.20710015
vn 0.00000000 -0.88853124 -0.45881613
vn -0.30462006 -0.89145871 -0.33542209
vn 0.00000000 -0.77749166 -0.62889325
vn -0.44147789 -0.77876099 -0.44567768
vn 0.00000000 -0.63248058 -0.77457622
vn -0.58237311 -0.58227312 -0.56727381
vn -0.58237311 -0.58227312 -0.56727381
vn 0.00000000 -0.43561582 -0.90013269
vn -0.66723980 -0.32981967 -0.66783983
vn -0.66723980 -0.32981967 -0.66783983
vn 0.00000000 -0.21900531 -0.97572367
vn -0.69658587 -0.15699682 -0.70008580
vn -0.69658587 -0.15699682 -0.70008580
vn 0.00000000 -0.10569980 -0.99439809
vn 0.00000000 -0.97516232 0.22149144
vn 0.00000000 -0.89352535 0.44901274
vn 0.00000000 -0.76702318 0.64161939
vn 0.00000000 -0.62512180 0.78052722
vn 0.00000000 -0.45710622 0.88941211
vn 0.00000000 -0.22049720 0.97538761
vn 0.00000000 -0.08560252 0.99632937
vn -0.00040000 -0.99999992 0.00000000
vn 0.23440917 -0.97213803 0.00000000
vn 0.44112295 -0.89744668 0.00000000
vn 0.61501315 -0.78851685 0.00000000
vn 0.79109363 -0.61169508 0.00000000
vn 0.90339955 -0.42879979 0.00000000
vn -0.14319397 -0.98795841 0.05859753
vn -0.00359998 -0.99999320 0.00079999
vn 0.00040000 -0.99999992 0.00000000
vn -0.23440917 -0.97213803 0.00000000
vn -0.32969813 -0.93699469 0.11549935
vn -0.44180524 -0.89711064 -0.00080001
vn -0.47468786 -0.86087799 0.18319532
vn -0.61461835 -0.78882355 -0.00130004
vn -0.64920636 -0.71890704 0.24840243
vn -0.64920636 -0.71890704 0.24840243
vn -0.79095932 -0.61186853 -0.00049997
vn -0.79277422 -0.53398263 0.29389044
vn -0.79277422 -0.53398263 0.29389044
vn -0.90316733 -0.42928447 -0.00189993
vn -0.88933852 -0.30201308 0.34331487
vn -0.97077336 -0.23999341 -0.00149996
vn -0.91582516 -0.14900409 0.37291025
vn -0.99183794 -0.12750488 0.00000000
vn 0.36499780 -0.11959928 0.92329444
vn 0.36499780 -0.11959928 0.92329444
vn 0.35440374 -0.28560302 0.89040940
vn 0.35440374 -0.28560302 0.89040940
vn 0.35440374 -0.28560302 0.89040940
vn 0.30790726 -0.55311305 0.77411826
vn 0.30790726 -0.55311305 0.77411826
vn 0.23389336 -0.72547941 0.64728163
vn 0.17049553 -0.85437761 0.49088713
vn 0.12170558 -0.94034313 0.31771457
vn 0.05789749 -0.98855707 0.13929395
vn 0.01230030 -0.99962414 0.02450059
vn 0.05899791 -0.98816502 -0.14159499
vn -0.05850048 -0.98820803 -0.14150115
vn -0.00079999 -0.99999128 -0.00409996
vn 0.00000000 -1.00000000 0.00000000
vn 0.00000000 -0.97393923 -0.22680913
vn -0.12179975 -0.93689806 -0.32769932
vn 0.00000000 -0.88853124 -0.45881613
vn -0.16989545 -0.85247715 -0.49438675
vn 0.00000000 -0.77749166 -0.62889325
vn -0.24259944 -0.73099832 -0.63779853
vn 0.00000000 -0.63248058 -0.77457622
vn -0.30880824 -0.53861438 -0.78392093
vn -0.30880824 -0.53861438 -0.78392093
vn 0.00000000 -0.43561582 -0.90013269
vn -0.34918942 -0.28869126 -0.89147300
vn -0.34918942 -0.28869126 -0.89147300
vn 0.00000000 -0.21640101 -0.97630456
vn -0.35999156 -0.13809676 -0.92267836
vn 0.00000000 -0.09970174 -0.99501737
vn 0.14480090 -0.98770615 0.05890037
vn 0.23740276 -0.97141131 0.00000000
vn 0.33010385 -0.93701094 0.11420133
vn 0.44080211 -0.89760429 -0.00020000
vn 0.46219451 -0.86868968 0.17819788
vn 0.60359302 -0.79729078 -0.00169998
vn 0.63690723 -0.73130830 0.24400277
vn 0.63690723 -0.73130830 0.24400277
vn 0.78578524 -0.61848838 -0.00369993
vn 0.79548373 -0.53048915 0.29289401
vn 0.79548373 -0.53048915 0.29289401
vn 0.90579168 -0.42369611 -0.00479996
vn 0.89531955 -0.28880630 0.33910740
vn 0.97315780 -0.22989003 -0.01069954
vn 0.92037080 -0.13229580 0.36798833
vn 0.99407490 -0.10869726 0.00000000
vn 0.12230139 -0.93711063 -0.32690371
vn 0.16730334 -0.85401706 -0.49260984
vn 0.23879560 -0.73138653 -0.63878823
vn 0.30899733 -0.53679537 -0.78509323
vn 0.30899733 -0.53679537 -0.78509323
vn 0.34929995 -0.28939996 -0.89119987
vn 0.34929995 -0.28939996 -0.89119987
vn 0.34929995 -0.28939996 -0.89119987
vn 0.36210956 -0.14090372 -0.92142434
vn 0.36210956 -0.14090372 -0.92142434
vn -0.05769896 -0.98858226 0.13919750
vn 0.00000000 -0.97516232 0.22149144
vn -0.12189343 -0.93954937 0.31998276
vn 0.00000000 -0.89352535 0.44901274
vn -0.17510764 -0.84853702 0.49932178
vn -0.17510764 -0.84853702 0.49932178
vn 0.00000000 -0.76697397 0.64167822
vn -0.24059585 -0.71958759 0.65138877
vn -0.24059585 -0.71958759 0.65138877
vn 0.00000000 -0.62507301 0.78056629
vn -0.30870447 -0.55560804 0.77201117
vn -0.30870447 -0.55560804 0.77201117
vn 0.00000000 -0.45710622 0.88941211
vn -0.35170349 -0.29320291 0.88900883
vn -0.35170349 -0.29320291 0.88900883
vn -0.35170349 -0.29320291 0.88900883
vn 0.00000000 -0.22049720 0.97538761
vn -0.35910129 -0.12490045 0.92490332
vn -0.35910129 -0.12490045 0.92490332
vn 0.00000000 -0.08560252 0.99632937
vn -0.14390368 -0.98782526 -0.05910151
vn -0.23440917 -0.97213803 0.00000000
vn 0.00040000 -0.99999992 0.00000000
vn -0.02030014 -0.99970679 -0.01320009
vn -0.32850895 -0.93712554 -0.11780321
vn -0.44112295 -0.89744668 0.00000000
vn -0.46802342 -0.86464327 -0.18260914
vn -0.46802342 -0.86464327 -0.18260914
vn -0.61501315 -0.78851685 0.00000000
vn -0.65047958 -0.72067738 -0.23979247
vn -0.65047958 -0.72067738 -0.23979247
vn -0.65047958 -0.72067738 -0.23979247
vn -0.79109363 -0.61169508 0.00000000
vn -0.79311839 -0.53011229 -0.29990695
vn -0.79311839 -0.53011229 -0.29990695
vn -0.90339955 -0.42879979 0.00000000
vn 0.32969813 -0.93699469 0.11549935
vn 0.44180524 -0.89711064 -0.00080001
vn 0.23440917 -0.97213803 0.00000000
vn 0.14350280 -0.98791931 0.05850114
vn 0.47468786 -0.86087799 0.18319532
vn 0.61461835 -0.78882355 -0.00130004
vn 0.64920636 -0.71890704 0.24840243
vn 0.64920636 -0.71890704 0.24840243
vn 0.79095932 -0.61186853 -0.00049997
vn 0.79269472 -0.53409645 0.29389804
vn 0.79269472 -0.53409645 0.29389804
vn 0.90316733 -0.42928447 -0.00189993
vn 0.88930429 -0.30190146 0.34350166
vn 0.97077336 -0.23999341 -0.00149996
vn 0.91582516 -0.14900409 0.37291025
vn 0.99183794 -0.12750488 0.00000000
vn 0.05860179 -0.98823020 -0.14130432
vn 0.12179975 -0.93689806 -0.32769932
vn 0.16990006 -0.85270030 -0.49400017
vn 0.24310546 -0.73081641 -0.63781432
vn 0.30871020 -0.53851779 -0.78402590
vn 0.30871020 -0.53851779 -0.78402590
vn 0.34909153 -0.28879300 -0.89147838
vn 0.34909153 -0.28879300 -0.89147838
vn 0.35999653 -0.13799867 -0.92269110
vn 0.05770057 -0.98860976 0.13900137
vn 0.12189343 -0.93954937 0.31998276
vn 0.17510764 -0.84853702 0.49932178
vn 0.17510764 -0.84853702 0.49932178
vn 0.24059585 -0.71958759 0.65138877
vn 0.24059585 -0.71958759 0.65138877
vn 0.30878445 -0.55577202 0.77186114
vn 0.30878445 -0.55577202 0.77186114
vn 0.35189936 -0.29299947 0.88899840
vn 0.35189936 -0.29299947 0.88899840
vn 0.35189936 -0.29299947 0.88899840
vn 0.35910129 -0.12490045 0.92490332
vn 0.35910129 -0.12490045 0.92490332
vn 0.32850895 -0.93712554 -0.11780321
vn 0.14409953 -0.98779681 -0.05909981
vn 0.23440917 -0.97213803 0.00000000
vn 0.44112295 -0.89744668 0.00000000
vn 0.46759812 -0.86489653 -0.18249927
vn 0.46759812 -0.86489653 -0.18249927
vn 0.61501315 -0.78851685 0.00000000
vn 0.65056856 -0.72046518 -0.24018839
vn 0.65056856 -0.72046518 -0.24018839
vn 0.65056856 -0.72046518 -0.24018839
vn 0.79109363 -0.61169508 0.00000000
vn 0.79319752 -0.52999834 -0.29989906
vn 0.79319752 -0.52999834 -0.29989906
vn 0.90339955 -0.42879979 0.00000000
vn 0.97104165 -0.23891025 0.00000000
vn 0.99183794 -0.12750488 0.00000000
vn -0.23740276 -0.97141131 0.00000000
vn -0.44060140 -0.89770285 0.00000000
vn -0.60330690 -0.79750912 0.00000000
vn -0.78491089 -0.61960859 -0.00030000
vn -0.90691739 -0.42130808 -0.00060001
vn -0.97408162 -0.22619573 0.00069999
vn -0.99311985 -0.11710234 -0.00010000
vn -0.88718377 -0.30149449 -0.34929361
vn -0.88718377 -0.30149449 -0.34929361
vn -0.97104165 -0.23891025 0.00000000
vn -0.91652114 -0.15410355 -0.36910851
vn -0.91652114 -0.15410355 -0.36910851
vn -0.99183794 -0.12750488 0.00000000
vn 0.23740276 -0.97141131 0.00000000
vn 0.14549533 -0.98756827 -0.05949809
vn 0.44060140 -0.89770285 0.00000000
vn 0.32990770 -0.93672187 -0.11710273
vn 0.60330690 -0.79750912 0.00000000
vn 0.45940521 -0.86960986 -0.18090205
vn 0.78491091 -0.61960861 -0.00020000
vn 0.64170366 -0.72800416 -0.24130138
vn 0.64170366 -0.72800416 -0.24130138
vn 0.90691744 -0.42130810 -0.00050001
vn 0.79603892 -0.52502567 -0.30111472
vn 0.79603892 -0.52502567 -0.30111472
vn 0.97412560 -0.22600594 0.00080002
vn 0.88972681 -0.29340884 -0.34971054
vn 0.99311983 -0.11710234 -0.00020000
vn 0.91954964 -0.14730795 -0.36431967
vn 0.97104165 -0.23891025 0.00000000
vn 0.88718801 -0.30159592 -0.34919528
vn 0.88718801 -0.30159592 -0.34919528
vn 0.99183794 -0.12750488 0.00000000
vn 0.91648731 -0.15409787 -0.36919489
vn 0.91648731 -0.15409787 -0.36919489
vn 0.00000000 -1.00000000 0.00000000
vn -0.19509682 -0.98078399 0.00000000
vn -0.07839923 -0.99399030 0.07639925
vn 0.00000000 -1.00000000 0.00000000
vn -0.38351425 -0.92353431 -0.00110004
vn -0.17980573 -0.96223068 0.20440652
vn -0.55539057 -0.83158588 -0.00249996
vn -0.28959115 -0.89967250 0.32669001
vn -0.70710439 -0.70710439 -0.00260002
vn -0.39651928 -0.80233901 0.44612169
vn -0.87171312 -0.49000738 -0.00300005
vn -0.52408165 -0.63657772 0.56578020
vn -0.52408165 -0.63657772 0.56578020
vn -0.97077336 -0.23999341 -0.00149996
vn -0.67617237 -0.33578628 0.65577321
vn -0.67617237 -0.33578628 0.65577321
vn -0.98895835 -0.14819376 0.00000000
vn -0.68172520 -0.16340604 0.71312636
vn -0.68172520 -0.16340604 0.71312636
vn -0.01600092 -0.22831319 0.97345624
vn 0.00000000 -0.08560252 0.99632937
vn 0.69160365 -0.13680072 0.70920374
vn 0.69160365 -0.13680072 0.70920374
vn 0.65649661 -0.34599821 0.67029653
vn 0.65649661 -0.34599821 0.67029653
vn -0.00770006 -0.45860385 0.88860746
vn 0.53458766 -0.63838527 0.55378722
vn 0.53458766 -0.63838527 0.55378722
vn -0.00250004 -0.62550984 0.78021227
vn 0.39538616 -0.80197193 0.44778433
vn -0.00060000 -0.76970269 0.63840223
vn 0.28521382 -0.90264374 0.32231562
vn 0.00000000 -0.89482685 0.44641339
vn 0.17889855 -0.96259219 0.20349835
vn 0.00000000 -0.97516232 0.22149144
vn 0.07839923 -0.99399030 0.07639925
vn 0.00000000 -1.00000000 0.00000000
vn 0.07919968 -0.99389598 -0.07679969
vn 0.00000000 -0.97393923 -0.22680913
vn -0.07919968 -0.99389598 -0.07679969
vn -0.17960662 -0.96123545 -0.20920772
vn -0.28211364 -0.90094356 -0.32971594
vn -0.39912584 -0.81075248 -0.42822772
vn -0.52499079 -0.62548903 -0.57718987
vn -0.52499079 -0.62548903 -0.57718987
vn -0.67150792 -0.33210392 -0.66240781
vn -0.67150792 -0.33210392 -0.66240781
vn -0.68402377 -0.17350603 -0.70852462
vn -0.68402377 -0.17350603 -0.70852462
vn -0.66363552 -0.34521848 0.66363552
vn -0.66363552 -0.34521848 0.66363552
vn -0.53060167 -0.66100208 0.53060167
vn -0.53060167 -0.66100208 0.53060167
vn -0.69174459 -0.20731336 0.69174459
vn -0.69174459 -0.20731336 0.69174459
vn 0.64326792 -0.35018254 0.68086605
vn 0.64326792 -0.35018254 0.68086605
vn -0.01530062 -0.24760996 0.96873897
vn 0.00000000 -0.14819376 0.98895835
vn 0.70111180 -0.18170306 0.68951160
vn 0.70111180 -0.18170306 0.68951160
vn -0.01300017 -0.49250658 0.87021162
vn 0.54300802 -0.65560969 0.52470775
vn 0.54300802 -0.65560969 0.52470775
vn -0.00349998 -0.70429692 0.70989689
vn -0.00349998 -0.70429692 0.70989689
vn 0.39208042 -0.83105850 0.39448030
vn 0.39208042 -0.83105850 0.39448030
vn 0.00000000 -0.83146524 0.55557677
vn 0.27949071 -0.91856948 0.27949071
vn 0.00000000 -0.92387667 0.38269034
vn 0.17499849 -0.96889166 0.17499849
vn 0.00000000 -0.98078399 0.19509682
vn 0.07419846 -0.99447935 0.07419846
vn 0.19509682 -0.98078399 0.00000000
vn 0.38269034 -0.92387667 0.00000000
vn 0.55569192 -0.83138791 -0.00079999
vn 0.72218890 -0.69168937 -0.00299995
vn 0.86419410 -0.50309656 -0.00789995
vn 0.96550072 -0.26010019 -0.01250001
vn 0.99407490 -0.10869726 0.00000000
vn 0.17960662 -0.96123545 -0.20920772
vn 0.00000000 -0.88853124 -0.45881613
vn 0.28211364 -0.90094356 -0.32971594
vn 0.00000000 -0.77749166 -0.62889325
vn 0.40208526 -0.80627045 -0.43388410
vn 0.40208526 -0.80627045 -0.43388410
vn 0.00000000 -0.63248058 -0.77457622
vn 0.00000000 -0.63248058 -0.77457622
vn 0.53439029 -0.62928857 -0.56428975
vn 0.53439029 -0.62928857 -0.56428975
vn 0.00000000 -0.43561582 -0.90013269
vn 0.64512101 -0.35781165 -0.67512199
vn 0.64512101 -0.35781165 -0.67512199
vn -0.01619924 -0.20819025 -0.97795419
vn 0.64378255 -0.15239587 -0.74987967
vn 0.64378255 -0.15239587 -0.74987967
vn 0.00000000 -0.09970174 -0.99501737
vn -0.07419846 -0.99447935 0.07419846
vn -0.17499849 -0.96889166 0.17499849
vn -0.27949071 -0.91856948 0.27949071
vn -0.38800310 -0.83600669 0.38800310
vn 0.00000000 -0.14819376 0.98895835
vn 0.00000000 -0.23909883 0.97099524
vn 0.00000000 -0.48879824 0.87239686
vn 0.00000000 -0.70710678 0.70710678
vn 0.00000000 -0.83146524 0.55557677
vn 0.00000000 -0.92387667 0.38269034
vn 0.00000000 -0.98078399 0.19509682
vn -0.01179958 -0.99986426 -0.01149959
vn -0.01149958 -0.99986307 0.01189956
vn -0.01189955 -0.99986192 -0.01159956
vn -0.01149958 -0.99986307 0.01189956
vn 0.00000000 0.00000000 1.00000000
vn 1.00000000 0.00000000 0.00000000
vn 0.00000000 0.00000000 1.00000000
vn 1.00000000 0.00000000 0.00000000
vn 0.00000000 0.00000000 1.00000000
vn 0.00000000 0.00000000 1.00000000
vn 0.00000000 0.00000000 1.00000000
vn 0.00000000 0.00000000 1.00000000
vn 0.00000000 0.00000000 1.00000000
vn 0.00000000 0.00000000 1.00000000
vn 0.00000000 0.00000000 1.00000000
vn 0.00000000 0.00000000 1.00000000
vn 0.00000000 0.00000000 1.00000000
vn 0.00000000 0.00000000 1.00000000
vn 0.00000000 0.00000000 1.00000000
vn 0.00000000 0.00000000 1.00000000
vn 0.00000000 0.00000000 1.00000000
vn 0.00000000 0.00000000 1.00000000
vn 0.00000000 0.00000000 1.00000000
vn 0.00000000 0.00000000 1.00000000
vn 0.00000000 0.00000000 1.00000000
vn 0.00000000 0.00000000 1.00000000
vn 0.00000000 0.00000000 1.00000000
vn 0.00000000 0.00000000 1.00000000
vn 0.00000000 0.00000000 1.00000000
vn 0.00000000 0.00000000 1.00000000
vn 0.00000000 0.00000000 1.00000000
vn 0.00000000 0.00000000 1.00000000
vn 0.00000000 0.00000000 1.00000000
vn 0.00000000 0.00000000 1.00000000
vn 0.00000000 0.00000000 1.00000000
vn 0.00000000 0.00000000 1.00000000
vn 0.00000000 0.00000000 1.00000000
vn 0.00000000 0.00000000 1.00000000
vn 0.00000000 0.00000000 1.00000000
vn 0.00000000 0.00000000 1.00000000
vn 0.00000000 0.00000000 1.00000000
vn 0.00000000 0.00000000 1.00000000
vn 0.00000000 0.00000000 1.00000000
vn 0.00000000 0.00000000 1.00000000
vn 0.00000000 0.00000000 1.00000000
vn 0.00000000 0.00000000 1.00000000
vn 0.00000000 0.00000000 1.00000000
vn 0.00000000 0.00000000 1.00000000
vn 0.00000000 0.00000000 1.00000000
vn 0.00000000 0.00000000 1.00000000
vn 1.00000000 0.00000000 0.00000000
vn 1.00000000 0.00000000 0.00000000
vn 1.00000000 0.00000000 0.00000000
vn 1.00000000 0.00000000 0.00000000
vn 1.00000000 0.00000000 0.00000000
vn 1.00000000 0.00000000 0.00000000
vn 1.00000000 0.00000000 0.00000000
vn 1.00000000 0.00000000 0.00000000
vn 1.00000000 0.00000000 0.00000000
vn 1.00000000 0.00000000 0.00000000
vn 0.00000000 0.00000000 -1.00000000
vn 0.00000000 0.00000000 -1.00000000
vn 0.00000000 0.00000000 -1.00000000
vn 1.00000000 0.00000000 0.00000000
vn 0.00000000 0.00000000 -1.00000000
vn 0.00000000 0.00000000 -1.00000000
vn 0.00000000 0.00000000 -1.00000000
vn 0.00000000 0.00000000 -1.00000000
vn 0.00000000 0.00000000 -1.00000000
vn 0.00000000 0.00000000 -1.00000000
vn 0.00000000 0.00000000 -1.00000000
vn 0.00000000 0.00000000 -1.00000000
vn 0.00000000 0.00000000 -1.00000000
vn 0.00000000 0.00000000 -1.00000000
vn 0.00000000 0.00000000 -1.00000000
vn 0.00000000 0.00000000 -1.00000000
vn 0.00000000 0.00000000 -1.00000000
vn 0.00000000 0.00000000 -1.00000000
vn 0.00000000 0.00000000 -1.00000000
vn 0.00000000 0.00000000 -1.00000000
vn 0.00000000 0.00000000 -1.00000000
vn 0.00000000 0.00000000 -1.00000000
vn 0.00000000 0.00000000 -1.00000000
vn 0.00000000 0.00000000 -1.00000000
vn 0.00000000 0.00000000 -1.00000000
vn 0.00000000 0.00000000 -1.00000000
vn 0.00000000 0.00000000 -1.00000000
vn 0.00000000 0.00000000 -1.00000000
vn 0.00000000 0.00000000 -1.00000000
vn 0.00000000 0.00000000 -1.00000000
vn 0.00000000 0.00000000 -1.00000000
vn 0.00000000 0.00000000 -1.00000000
vn 0.00000000 0.00000000 -1.00000000
vn 0.00000000 0.00000000 -1.00000000
vn 0.00000000 0.00000000 -1.00000000
vn 0.00000000 0.00000000 -1.00000000
vn 0.00000000 0.00000000 -1.00000000
vn 0.00000000 0.00000000 -1.00000000
vn 0.00000000 0.00000000 -1.00000000
vn 0.00000000 0.00000000 -1.00000000
vn 0.00000000 0.00000000 -1.00000000
vn 0.00000000 0.00000000 -1.00000000
vn 0.00000000 0.00000000 -1.00000000
vn 0.00000000 0.00000000 -1.00000000
vn 0.00000000 0.00000000 -1.00000000
vn 1.00000000 0.00000000 0.00000000
vn 1.00000000 0.00000000 0.00000000
vn 1.00000000 0.00000000 0.00000000
vn 1.00000000 0.00000000 0.00000000
vn 1.00000000 0.00000000 0.00000000
vn 1.00000000 0.00000000 0.00000000
vn 1.00000000 0.00000000 0.00000000
vn -1.00000000 0.00000000 0.00000000
vn 0.00000000 0.00000000 1.00000000
vn 0.00000000 0.00000000 1.00000000
vn -1.00000000 0.00000000 0.00000000
vn 0.00000000 0.00000000 1.00000000
vn 0.00000000 0.00000000 1.00000000
vn 0.00000000 0.00000000 1.00000000
vn 0.00000000 0.00000000 1.00000000
vn 0.00000000 0.00000000 1.00000000
vn 0.00000000 0.00000000 1.00000000
vn 0.00000000 0.00000000 1.00000000
vn 0.00000000 0.00000000 1.00000000
vn 0.00000000 0.00000000 1.00000000
vn 0.00000000 0.00000000 1.00000000
vn 0.00000000 0.00000000 1.00000000
vn 0.00000000 0.00000000 1.00000000
vn 0.00000000 0.00000000 1.00000000
vn 0.00000000 0.00000000 1.00000000
vn 0.00000000 0.00000000 1.00000000
vn 0.00000000 0.00000000 1.00000000
vn 0.00000000 0.00000000 1.00000000
vn 0.00000000 0.00000000 1.00000000
vn 0.00000000 0.00000000 1.00000000
vn 0.00000000 0.00000000 1.00000000
vn 0.00000000 0.00000000 1.00000000
vn 0.00000000 0.00000000 1.00000000
vn 0.00000000 0.00000000 1.00000000
vn 0.00000000 0.00000000 1.00000000
vn 0.00000000 0.00000000 1.00000000
vn 0.00000000 0.00000000 1.00000000
vn 0.00000000 0.00000000 1.00000000
vn 0.00000000 0.00000000 1.00000000
vn 0.00000000 0.00000000 1.00000000
vn 0.00000000 0.00000000 1.00000000
vn 0.00000000 0.00000000 1.00000000
vn 0.00000000 0.00000000 1.00000000
vn 0.00000000 0.00000000 1.00000000
vn 0.00000000 0.00000000 1.00000000
vn 0.00000000 0.00000000 1.00000000
vn 0.00000000 0.00000000 1.00000000
vn 0.00000000 0.00000000 1.00000000
vn 0.00000000 0.00000000 1.00000000
vn 0.00000000 0.00000000 1.00000000
vn 0.00000000 0.00000000 1.00000000
vn -1.00000000 0.00000000 0.00000000
vn -1.00000000 0.00000000 0.00000000
vn -1.00000000 0.00000000 0.00000000
vn -1.00000000 0.00000000 0.00000000
vn -1.00000000 0.00000000 0.00000000
vn -1.00000000 0.00000000 0.00000000
vn -1.00000000 0.00000000 0.00000000
vn -1.00000000 0.00000000 0.00000000
vn -1.00000000 0.00000000 0.00000000
vn -1.00000000 0.00000000 0.00000000
vn 0.00000000 0.00000000 -1.00000000
vn -1.00000000 0.00000000 0.00000000
vn 0.00000000 0.00000000 -1.00000000
vn 0.00000000 0.00000000 -1.00000000
vn 0.00000000 0.00000000 -1.00000000
vn 0.00000000 0.00000000 -1.00000000
vn 0.00000000 0.00000000 -1.00000000
vn 0.00000000 0.00000000 -1.00000000
vn 0.00000000 0.00000000 -1.00000000
vn 0.00000000 0.00000000 -1.00000000
vn 0.00000000 0.00000000 -1.00000000
vn 0.00000000 0.00000000 -1.00000000
vn 0.00000000 0.00000000 -1.00000000
vn 0.00000000 0.00000000 -1.00000000
vn 0.00000000 0.00000000 -1.00000000
vn 0.00000000 0.00000000 -1.00000000
vn 0.00000000 0.00000000 -1.00000000
vn 0.00000000 0.00000000 -1.00000000
vn 0.00000000 0.00000000 -1.00000000
vn 0.00000000 0.00000000 -1.00000000
vn 0.00000000 0.00000000 -1.00000000
vn 0.00000000 0.00000000 -1.00000000
vn 0.00000000 0.00000000 -1.00000000
vn 0.00000000 0.00000000 -1.00000000
vn 0.00000000 0.00000000 -1.00000000
vn 0.00000000 0.00000000 -1.00000000
vn 0.00000000 0.00000000 -1.00000000
vn 0.00000000 0.00000000 -1.00000000
vn 0.00000000 0.00000000 -1.00000000
vn 0.00000000 0.00000000 -1.00000000
vn 0.00000000 0.00000000 -1.00000000
vn 0.00000000 0.00000000 -1.00000000
vn 0.00000000 0.00000000 -1.00000000
vn 0.00000000 0.00000000 -1.00000000
vn 0.00000000 0.00000000 -1.00000000
vn 0.00000000 0.00000000 -1.00000000
vn 0.00000000 0.00000000 -1.00000000
vn 0.00000000 0.00000000 -1.00000000
vn 0.00000000 0.00000000 -1.00000000
vn 0.00000000 0.00000000 -1.00000000
vn 0.00000000 0.00000000 -1.00000000
vn 0.00000000 0.00000000 -1.00000000
vn 0.00000000 0.00000000 -1.00000000
vn -1.00000000 0.00000000 0.00000000
vn -1.00000000 0.00000000 0.00000000
vn -1.00000000 0.00000000 0.00000000
vn -1.00000000 0.00000000 0.00000000
vn -1.00000000 0.00000000 0.00000000
vn -1.00000000 0.00000000 0.00000000
vn -1.00000000 0.00000000 0.00000000
vn 0.49996770 -0.86604405 0.00000000
vn 0.00000000 -1.00000000 0.00000000
vn 0.00000000 0.00000000 1.00000000
vn 0.00000000 -1.00000000 0.00000000
vn 0.49996770 -0.86604405 0.00000000
vn 0.00000000 0.00000000 1.00000000
vn 0.86601905 -0.50001100 0.00000000
vn 0.86601905 -0.50001100 0.00000000
vn 0.00000000 0.00000000 1.00000000
vn 1.00000000 0.00000000 0.00000000
vn 0.00000000 0.00000000 1.00000000
vn 1.00000000 0.00000000 0.00000000
vn 0.96592886 0.25880773 0.00000000
vn -0.25880773 -0.96592886 0.00000000
vn 0.00000000 0.00000000 1.00000000
vn -0.25880773 -0.96592886 0.00000000
vn 0.96592886 0.25880773 0.00000000
vn 0.86601905 -0.50001100 0.00000000
vn 0.50001100 -0.86601905 0.00000000
vn 0.50001100 -0.86601905 0.00000000
vn 0.00000000 0.00000000 1.00000000
vn 0.86601905 -0.50001100 0.00000000
vn 0.00000000 0.00000000 1.00000000
vn 0.00000000 -1.00000000 0.00000000
vn 0.00000000 0.00000000 1.00000000
vn 0.00000000 -1.00000000 0.00000000
vn -0.49996770 -0.86604405 0.00000000
vn -0.50001100 -0.86601905 0.00000000
vn 0.00000000 0.00000000 1.00000000
vn -0.86601905 -0.50001100 0.00000000
vn -0.86601905 -0.50001100 0.00000000
vn 0.00000000 0.00000000 1.00000000
vn -1.00000000 0.00000000 0.00000000
vn -1.00000000 0.00000000 0.00000000
vn 0.00000000 0.00000000 1.00000000
vn -0.96592886 0.25880773 0.00000000
vn 0.25880773 -0.96592886 0.00000000
vn -0.96592886 0.25880773 0.00000000
vn 0.25880773 -0.96592886 0.00000000
vn 0.00000000 0.00000000 1.00000000
vn -0.86601905 -0.50001100 0.00000000
vn -1.00000000 0.00000000 0.00000000
vn -1.00000000 0.00000000 0.00000000
vn 0.00000000 0.00000000 1.00000000
vn 0.00000000 0.00000000 1.00000000
vn -0.86601905 -0.50001100 0.00000000
vn -0.50001100 -0.86601905 0.00000000
vn -0.50001100 -0.86601905 0.00000000
vn 0.00000000 0.00000000 1.00000000
vn 0.00000000 -1.00000000 0.00000000
vn 0.00000000 -1.00000000 0.00000000
vn 0.00000000 0.00000000 1.00000000
vn 1.00000000 0.00000000 0.00000000
vn 0.00000000 0.00000000 1.00000000
vn 1.00000000 0.00000000 0.00000000
vn 0.00000000 1.00000000 0.00000000
vn 0.50001100 0.86601905 0.00000000
vn 0.00000000 0.00000000 1.00000000
vn 0.50001100 0.86601905 0.00000000
vn 0.00000000 1.00000000 0.00000000
vn 0.00000000 0.00000000 1.00000000
vn 0.86601905 0.50001100 0.00000000
vn 0.00000000 0.00000000 1.00000000
vn 0.86601905 0.50001100 0.00000000
vn 1.00000000 0.00000000 0.00000000
vn 1.00000000 0.00000000 0.00000000
vn 0.00000000 0.00000000 1.00000000
vn 1.00000000 0.00000000 0.00000000
vn 1.00000000 0.00000000 0.00000000
vn -0.25880773 0.96592886 0.00000000
vn 0.96592886 -0.25880773 0.00000000
vn -0.25880773 0.96592886 0.00000000
vn 0.96592886 -0.25880773 0.00000000
vn 0.00000000 0.00000000 1.00000000
vn 0.50001100 0.86601905 0.00000000
vn 0.86601905 0.50001100 0.00000000
vn 0.86601905 0.50001100 0.00000000
vn 0.00000000 0.00000000 1.00000000
vn 0.00000000 0.00000000 1.00000000
vn 0.50001100 0.86601905 0.00000000
vn 0.00000000 1.00000000 0.00000000
vn 0.00000000 0.00000000 1.00000000
vn 0.00000000 1.00000000 0.00000000
vn -0.50001100 0.86601905 0.00000000
vn 0.00000000 0.00000000 1.00000000
vn -0.50001100 0.86601905 0.00000000
vn -0.86601905 0.50001100 0.00000000
vn -0.86601905 0.50001100 0.00000000
vn 0.00000000 0.00000000 1.00000000
vn -1.00000000 0.00000000 0.00000000
vn -1.00000000 0.00000000 0.00000000
vn 0.00000000 0.00000000 1.00000000
vn 0.25880773 0.96592886 0.00000000
vn -0.96592886 -0.25880773 0.00000000
vn 0.00000000 0.00000000 1.00000000
vn -0.96592886 -0.25880773 0.00000000
vn 0.25880773 0.96592886 0.00000000
vn -0.86601905 0.50001100 0.00000000
vn -0.50001100 0.86601905 0.00000000
vn 0.00000000 0.00000000 1.00000000
vn -0.50001100 0.86601905 0.00000000
vn 0.00000000 0.00000000 1.00000000
vn -0.86601905 0.50001100 0.00000000
vn 0.00000000 1.00000000 0.00000000
vn 0.00000000 1.00000000 0.00000000
vn 0.00000000 0.00000000 1.00000000
vn 0.00000000 0.00000000 1.00000000
vn 0.00000000 0.00000000 1.00000000
vn 0.00000000 0.00000000 1.00000000
vn 0.00000000 0.00000000 1.00000000
vn 0.00000000 0.00000000 1.00000000
vn 0.00000000 0.00000000 1.00000000
vn 0.00000000 0.00000000 1.00000000
vn 0.00000000 0.00000000 1.00000000
vn 0.00000000 0.00000000 1.00000000
vn 0.00000000 0.00000000 1.00000000
vn 0.00000000 0.00000000 1.00000000
vn 0.00000000 0.00000000 1.00000000
vn 0.00000000 0.00000000 1.00000000
vn 0.00000000 0.00000000 1.00000000
vn 0.00000000 0.00000000 1.00000000
vn 0.00000000 0.00000000 1.00000000
vn 0.49996770 -0.86604405 0.00000000
vn 0.00000000 -1.00000000 0.00000000
vn 0.00000000 -1.00000000 0.00000000
vn 0.00000000 0.00000000 1.00000000
vn 0.49996770 -0.86604405 0.00000000
vn 0.00000000 0.00000000 1.00000000
vn 0.86601905 -0.50001100 0.00000000
vn 0.86601905 -0.50001100 0.00000000
vn 0.00000000 0.00000000 1.00000000
vn 1.00000000 0.00000000 0.00000000
vn 0.00000000 0.00000000 1.00000000
vn 1.00000000 0.00000000 0.00000000
vn 0.96592886 0.25880773 0.00000000
vn -0.25880773 -0.96592886 0.00000000
vn 0.00000000 0.00000000 1.00000000
vn 0.96592886 0.25880773 0.00000000
vn -0.25880773 -0.96592886 0.00000000
vn 0.86601905 -0.50001100 0.00000000
vn 0.50001100 -0.86601905 0.00000000
vn 0.50001100 -0.86601905 0.00000000
vn 0.00000000 0.00000000 1.00000000
vn 0.00000000 0.00000000 1.00000000
vn 0.86601905 -0.50001100 0.00000000
vn 0.00000000 -1.00000000 0.00000000
vn 0.00000000 -1.00000000 0.00000000
vn 0.00000000 0.00000000 1.00000000
vn -0.50001100 -0.86601905 0.00000000
vn 0.00000000 0.00000000 1.00000000
vn -0.50001100 -0.86601905 0.00000000
vn -0.86601905 -0.50001100 0.00000000
vn -0.86601905 -0.50001100 0.00000000
vn 0.00000000 0.00000000 1.00000000
vn -1.00000000 0.00000000 0.00000000
vn -1.00000000 0.00000000 0.00000000
vn 0.00000000 0.00000000 1.00000000
vn -0.96592886 0.25880773 0.00000000
vn 0.25880773 -0.96592886 0.00000000
vn 0.00000000 0.00000000 1.00000000
vn -0.96592886 0.25880773 0.00000000
vn 0.25880773 -0.96592886 0.00000000
vn -0.86601905 -0.50001100 0.00000000
vn -1.00000000 0.00000000 0.00000000
vn -1.00000000 0.00000000 0.00000000
vn 0.00000000 0.00000000 1.00000000
vn -0.86601905 -0.50001100 0.00000000
vn 0.00000000 0.00000000 1.00000000
vn -0.50001100 -0.86601905 0.00000000
vn -0.50001100 -0.86601905 0.00000000
vn 0.00000000 0.00000000 1.00000000
vn 0.00000000 -1.00000000 0.00000000
vn 0.00000000 0.00000000 1.00000000
vn 0.00000000 -1.00000000 0.00000000
vn 1.00000000 0.00000000 0.00000000
vn 1.00000000 0.00000000 0.00000000
vn 0.00000000 0.00000000 1.00000000
vn 0.00000000 1.00000000 0.00000000
vn 0.50001100 0.86601905 0.00000000
vn 0.50001100 0.86601905 0.00000000
vn 0.00000000 0.00000000 1.00000000
vn 0.00000000 1.00000000 0.00000000
vn 0.00000000 0.00000000 1.00000000
vn 0.86601905 0.50001100 0.00000000
vn 0.00000000 0.00000000 1.00000000
vn 0.86601905 0.50001100 0.00000000
vn 1.00000000 0.00000000 0.00000000
vn 1.00000000 0.00000000 0.00000000
vn 1.00000000 0.00000000 0.00000000
vn 1.00000000 0.00000000 0.00000000
vn 0.00000000 0.00000000 1.00000000
vn -0.25880773 0.96592886 0.00000000
vn 0.96592886 -0.25880773 0.00000000
vn 0.00000000 0.00000000 1.00000000
vn 0.96592886 -0.25880773 0.00000000
vn -0.25880773 0.96592886 0.00000000
vn 0.50001100 0.86601905 0.00000000
vn 0.86601905 0.50001100 0.00000000
vn 0.00000000 0.00000000 1.00000000
vn 0.86601905 0.50001100 0.00000000
vn 0.50001100 0.86601905 0.00000000
vn 0.00000000 0.00000000 1.00000000
vn 0.00000000 1.00000000 0.00000000
vn 0.00000000 0.00000000 1.00000000
vn 0.00000000 1.00000000 0.00000000
vn -0.50001100 0.86601905 0.00000000
vn 0.00000000 0.00000000 1.00000000
vn -0.50001100 0.86601905 0.00000000
vn -0.86601905 0.50001100 0.00000000
vn 0.00000000 0.00000000 1.00000000
vn -0.86601905 0.50001100 0.00000000
vn -1.00000000 0.00000000 0.00000000
vn -1.00000000 0.00000000 0.00000000
vn 0.00000000 0.00000000 1.00000000
vn -0.96592886 -0.25880773 0.00000000
vn 0.25880773 0.96592886 0.00000000
vn 0.00000000 0.00000000 1.00000000
vn 0.25880773 0.96592886 0.00000000
vn -0.96592886 -0.25880773 0.00000000
vn -0.86601905 0.50001100 0.00000000
vn -0.50001100 0.86601905 0.00000000
vn -0.50001100 0.86601905 0.00000000
vn 0.00000000 0.00000000 1.00000000
vn 0.00000000 0.00000000 1.00000000
vn -0.86601905 0.50001100 0.00000000
vn 0.00000000 1.00000000 0.00000000
vn 0.00000000 1.00000000 0.00000000
vn 0.00000000 0.00000000 1.00000000
vn 0.00000000 0.00000000 1.00000000
vn 0.00000000 0.00000000 1.00000000
vn 0.00000000 0.00000000 1.00000000
vn 0.00000000 0.00000000 1.00000000
vn 0.00000000 0.00000000 1.00000000
vn 0.00000000 0.00000000 1.00000000
vn 0.00000000 0.00000000 1.00000000
vn 0.00000000 0.00000000 1.00000000
vn 0.00000000 0.00000000 1.00000000
vn 0.00000000 0.00000000 1.00000000
vn 0.00000000 0.00000000 1.00000000
vn 0.00000000 0.00000000 1.00000000
vn 0.00000000 0.00000000 1.00000000
vn 0.00000000 0.00000000 1.00000000
vn 0.00000000 0.00000000 1.00000000
vn 0.00000000 0.00000000 1.00000000
vn 0.49996770 -0.86604405 0.00000000
vn 0.00000000 -1.00000000 0.00000000
vn 0.00000000 -1.00000000 0.00000000
vn 0.00000000 0.00000000 1.00000000
vn 0.49996770 -0.86604405 0.00000000
vn 0.00000000 0.00000000 1.00000000
vn 0.86601905 -0.50001100 0.00000000
vn 0.86601905 -0.50001100 0.00000000
vn 0.00000000 0.00000000 1.00000000
vn 1.00000000 0.00000000 0.00000000
vn 0.00000000 0.00000000 1.00000000
vn 1.00000000 0.00000000 0.00000000
vn 0.96592886 0.25880773 0.00000000
vn -0.25880773 -0.96592886 0.00000000
vn 0.96592886 0.25880773 0.00000000
vn 0.00000000 0.00000000 1.00000000
vn -0.25880773 -0.96592886 0.00000000
vn 0.86601905 -0.50001100 0.00000000
vn 0.50001100 -0.86601905 0.00000000
vn 0.00000000 0.00000000 1.00000000
vn 0.50001100 -0.86601905 0.00000000
vn 0.86601905 -0.50001100 0.00000000
vn 0.00000000 0.00000000 1.00000000
vn 0.00000000 -1.00000000 0.00000000
vn 0.00000000 -1.00000000 0.00000000
vn 0.00000000 0.00000000 1.00000000
vn -0.49996770 -0.86604405 0.00000000
vn 0.00000000 0.00000000 1.00000000
vn -0.50001100 -0.86601905 0.00000000
vn -0.86601905 -0.50001100 0.00000000
vn -0.86601905 -0.50001100 0.00000000
vn 0.00000000 0.00000000 1.00000000
vn -1.00000000 0.00000000 0.00000000
vn -1.00000000 0.00000000 0.00000000
vn 0.00000000 0.00000000 1.00000000
vn 0.25880773 -0.96592886 0.00000000
vn -0.96592886 0.25880773 0.00000000
vn -0.96592886 0.25880773 0.00000000
vn 0.00000000 0.00000000 1.00000000
vn 0.25880773 -0.96592886 0.00000000
vn -0.86601905 -0.50001100 0.00000000
vn -1.00000000 0.00000000 0.00000000
vn -1.00000000 0.00000000 0.00000000
vn 0.00000000 0.00000000 1.00000000
vn -0.86601905 -0.50001100 0.00000000
vn 0.00000000 0.00000000 1.00000000
vn -0.50001100 -0.86601905 0.00000000
vn 0.00000000 0.00000000 1.00000000
vn -0.50001100 -0.86601905 0.00000000
vn 0.00000000 -1.00000000 0.00000000
vn 0.00000000 0.00000000 1.00000000
vn 0.00000000 -1.00000000 0.00000000
vn 1.00000000 0.00000000 0.00000000
vn 0.00000000 0.00000000 1.00000000
vn 1.00000000 0.00000000 0.00000000
vn 0.00000000 1.00000000 0.00000000
vn 0.50001100 0.86601905 0.00000000
vn 0.50001100 0.86601905 0.00000000
vn 0.00000000 0.00000000 1.00000000
vn 0.00000000 1.00000000 0.00000000
vn 0.00000000 0.00000000 1.00000000
vn 0.86601905 0.50001100 0.00000000
vn 0.00000000 0.00000000 1.00000000
vn 0.86601905 0.50001100 0.00000000
vn 1.00000000 0.00000000 0.00000000
vn 1.00000000 0.00000000 0.00000000
vn 1.00000000 0.00000000 0.00000000
vn 1.00000000 0.00000000 0.00000000
vn 0.00000000 0.00000000 1.00000000
vn 0.96592886 -0.25880773 0.00000000
vn -0.25880773 0.96592886 0.00000000
vn -0.25880773 0.96592886 0.00000000
vn 0.96592886 -0.25880773 0.00000000
vn 0.00000000 0.00000000 1.00000000
vn 0.50001100 0.86601905 0.00000000
vn 0.86601905 0.50001100 0.00000000
vn 0.86601905 0.50001100 0.00000000
vn 0.00000000 0.00000000 1.00000000
vn 0.00000000 0.00000000 1.00000000
vn 0.50001100 0.86601905 0.00000000
vn 0.00000000 1.00000000 0.00000000
vn 0.00000000 0.00000000 1.00000000
vn 0.00000000 1.00000000 0.00000000
vn -0.50001100 0.86601905 0.00000000
vn 0.00000000 0.00000000 1.00000000
vn -0.50001100 0.86601905 0.00000000
vn -0.86601905 0.50001100 0.00000000
vn -0.86601905 0.50001100 0.00000000
vn 0.00000000 0.00000000 1.00000000
vn -1.00000000 0.00000000 0.00000000
vn -1.00000000 0.00000000 0.00000000
vn 0.00000000 0.00000000 1.00000000
vn -0.96592886 -0.25880773 0.00000000
vn 0.25880773 0.96592886 0.00000000
vn -0.96592886 -0.25880773 0.00000000
vn 0.25880773 0.96592886 0.00000000
vn 0.00000000 0.00000000 1.00000000
vn -0.86601905 0.50001100 0.00000000
vn -0.50001100 0.86601905 0.00000000
vn 0.00000000 0.00000000 1.00000000
vn -0.50001100 0.86601905 0.00000000
vn 0.00000000 0.00000000 1.00000000
vn -0.86601905 0.50001100 0.00000000
vn 0.00000000 1.00000000 0.00000000
vn 0.00000000 1.00000000 0.00000000
vn 0.00000000 0.00000000 1.00000000
vn 0.00000000 0.00000000 1.00000000
vn 0.00000000 0.00000000 1.00000000
vn 0.00000000 0.00000000 1.00000000
vn 0.00000000 0.00000000 1.00000000
vn 0.00000000 0.00000000 1.00000000
vn 0.00000000 0.00000000 1.00000000
vn 0.00000000 0.00000000 1.00000000
vn 0.00000000 0.00000000 1.00000000
vn 0.00000000 0.00000000 1.00000000
vn 0.00000000 0.00000000 1.00000000
vn 0.00000000 0.00000000 1.00000000
vn 0.00000000 0.00000000 1.00000000
vn 0.00000000 0.00000000 1.00000000
vn 0.00000000 0.00000000 1.00000000
vn 0.00000000 0.00000000 1.00000000
vn 0.00000000 0.00000000 1.00000000
vn 0.50001100 -0.86601905 0.00000000
vn 0.00000000 -1.00000000 0.00000000
vn 0.00000000 -1.00000000 0.00000000
vn 0.00000000 0.00000000 1.00000000
vn 0.00000000 0.00000000 1.00000000
vn 0.50001100 -0.86601905 0.00000000
vn 0.86601905 -0.50001100 0.00000000
vn 0.00000000 0.00000000 1.00000000
vn 0.86601905 -0.50001100 0.00000000
vn 1.00000000 0.00000000 0.00000000
vn 1.00000000 0.00000000 0.00000000
vn 0.00000000 0.00000000 1.00000000
vn 0.96592886 0.25880773 0.00000000
vn -0.25880773 -0.96592886 0.00000000
vn 0.96592886 0.25880773 0.00000000
vn 0.00000000 0.00000000 1.00000000
vn -0.25880773 -0.96592886 0.00000000
vn 0.86601905 -0.50001100 0.00000000
vn 0.50001100 -0.86601905 0.00000000
vn 0.00000000 0.00000000 1.00000000
vn 0.50001100 -0.86601905 0.00000000
vn 0.00000000 0.00000000 1.00000000
vn 0.86601905 -0.50001100 0.00000000
vn 0.00000000 -1.00000000 0.00000000
vn 0.00000000 -1.00000000 0.00000000
vn 0.00000000 0.00000000 1.00000000
vn -0.50001100 -0.86601905 0.00000000
vn 0.00000000 0.00000000 1.00000000
vn -0.50001100 -0.86601905 0.00000000
vn -0.86601905 -0.50001100 0.00000000
vn -0.86601905 -0.50001100 0.00000000
vn 0.00000000 0.00000000 1.00000000
vn -1.00000000 0.00000000 0.00000000
vn -1.00000000 0.00000000 0.00000000
vn 0.00000000 0.00000000 1.00000000
vn 0.25880773 -0.96592886 0.00000000
vn -0.96592886 0.25880773 0.00000000
vn -0.96592886 0.25880773 0.00000000
vn 0.00000000 0.00000000 1.00000000
vn 0.25880773 -0.96592886 0.00000000
vn -0.86601905 -0.50001100 0.00000000
vn -1.00000000 0.00000000 0.00000000
vn 0.00000000 0.00000000 1.00000000
vn -1.00000000 0.00000000 0.00000000
vn -0.86601905 -0.50001100 0.00000000
vn 0.00000000 0.00000000 1.00000000
vn -0.50001100 -0.86601905 0.00000000
vn 0.00000000 0.00000000 1.00000000
vn -0.50001100 -0.86601905 0.00000000
vn 0.00000000 -1.00000000 0.00000000
vn 0.00000000 0.00000000 1.00000000
vn 0.00000000 -1.00000000 0.00000000
vn 1.00000000 0.00000000 0.00000000
vn 1.00000000 0.00000000 0.00000000
vn 0.00000000 0.00000000 1.00000000
vn 0.00000000 1.00000000 0.00000000
vn 0.50001100 0.86601905 0.00000000
vn 0.00000000 0.00000000 1.00000000
vn 0.50001100 0.86601905 0.00000000
vn 0.00000000 0.00000000 1.00000000
vn 0.00000000 1.00000000 0.00000000
vn 0.86601905 0.50001100 0.00000000
vn 0.86601905 0.50001100 0.00000000
vn 0.00000000 0.00000000 1.00000000
vn 1.00000000 0.00000000 0.00000000
vn 1.00000000 0.00000000 0.00000000
vn 1.00000000 0.00000000 0.00000000
vn 1.00000000 0.00000000 0.00000000
vn 0.00000000 0.00000000 1.00000000
vn 0.96592886 -0.25880773 0.00000000
vn -0.25880773 0.96592886 0.00000000
vn -0.25880773 0.96592886 0.00000000
vn 0.96592886 -0.25880773 0.00000000
vn 0.00000000 0.00000000 1.00000000
vn 0.50001100 0.86601905 0.00000000
vn 0.86601905 0.50001100 0.00000000
vn 0.00000000 0.00000000 1.00000000
vn 0.86601905 0.50001100 0.00000000
vn 0.00000000 0.00000000 1.00000000
vn 0.50001100 0.86601905 0.00000000
vn 0.00000000 1.00000000 0.00000000
vn 0.00000000 1.00000000 0.00000000
vn 0.00000000 0.00000000 1.00000000
vn -0.50001100 0.86601905 0.00000000
vn 0.00000000 0.00000000 1.00000000
vn -0.50001100 0.86601905 0.00000000
vn -0.86601905 0.50001100 0.00000000
vn 0.00000000 0.00000000 1.00000000
vn -0.86601905 0.50001100 0.00000000
vn -1.00000000 0.00000000 0.00000000
vn 0.00000000 0.00000000 1.00000000
vn -1.00000000 0.00000000 0.00000000
vn 0.25880773 0.96592886 0.00000000
vn -0.96592886 -0.25880773 0.00000000
vn -0.96592886 -0.25880773 0.00000000
vn 0.00000000 0.00000000 1.00000000
vn 0.25880773 0.96592886 0.00000000
vn -0.86601905 0.50001100 0.00000000
vn -0.50001100 0.86601905 0.00000000
vn 0.00000000 0.00000000 1.00000000
vn -0.50001100 0.86601905 0.00000000
vn 0.00000000 0.00000000 1.00000000
vn -0.86601905 0.50001100 0.00000000
vn 0.00000000 1.00000000 0.00000000
vn 0.00000000 0.00000000 1.00000000
vn 0.00000000 1.00000000 0.00000000
vn 0.00000000 0.00000000 1.00000000
vn 0.00000000 0.00000000 1.00000000
vn 0.00000000 0.00000000 1.00000000
vn 0.00000000 0.00000000 1.00000000
vn 0.00000000 0.00000000 1.00000000
vn 0.00000000 0.00000000 1.00000000
vn 0.00000000 0.00000000 1.00000000
vn 0.00000000 0.00000000 1.00000000
vn 0.00000000 0.00000000 1.00000000
vn 0.00000000 0.00000000 1.00000000
vn 0.00000000 0.00000000 1.00000000
vn 0.00000000 0.00000000 1.00000000
vn 0.00000000 0.00000000 1.00000000
vn 0.00000000 0.00000000 1.00000000
vn 0.00000000 0.00000000 1.00000000
vn 0.00000000 0.00000000 1.00000000
vn 0.00000000 -1.00000000 0.00000000
vn 1.00000000 0.00000000 0.00000000
vn 0.00000000 -1.00000000 0.00000000
vn 0.00000000 -0.86601905 0.50001100
vn 1.00000000 0.00000000 0.00000000
vn 0.00000000 -0.86601905 0.50001100
vn 0.00000000 -0.50001100 0.86601905
vn 1.00000000 0.00000000 0.00000000
vn 0.00000000 -0.50001100 0.86601905
vn 0.00000000 0.00000000 1.00000000
vn 1.00000000 0.00000000 0.00000000
vn 0.00000000 0.00000000 1.00000000
vn 0.00000000 0.25880773 0.96592886
vn 0.00000000 -0.96592886 -0.25880773
vn 0.00000000 0.25880773 0.96592886
vn 1.00000000 0.00000000 0.00000000
vn 0.00000000 -0.96592886 -0.25880773
vn 1.00000000 0.00000000 0.00000000
vn 0.00000000 -0.86601905 0.50001100
vn 0.00000000 -0.86601905 0.50001100
vn 0.00000000 -0.50001100 0.86601905
vn 1.00000000 0.00000000 0.00000000
vn 0.00000000 -0.50001100 0.86601905
vn 0.00000000 -1.00000000 0.00000000
vn 1.00000000 0.00000000 0.00000000
vn 0.00000000 -1.00000000 0.00000000
vn 0.00000000 -0.86601905 -0.50001100
vn 1.00000000 0.00000000 0.00000000
vn 0.00000000 -0.86604405 -0.49996770
vn 1.00000000 0.00000000 0.00000000
vn 0.00000000 -0.50001100 -0.86601905
vn 0.00000000 -0.50001100 -0.86601905
vn 0.00000000 0.00000000 -1.00000000
vn 1.00000000 0.00000000 0.00000000
vn 0.00000000 0.00000000 -1.00000000
vn 0.00000000 0.25880773 -0.96592886
vn 1.00000000 0.00000000 0.00000000
vn 0.00000000 -0.96592886 0.25880773
vn 0.00000000 -0.96592886 0.25880773
vn 0.00000000 0.25880773 -0.96592886
vn 0.00000000 0.00000000 -1.00000000
vn 1.00000000 0.00000000 0.00000000
vn 0.00000000 0.00000000 -1.00000000
vn 0.00000000 -0.50001100 -0.86601905
vn 1.00000000 0.00000000 0.00000000
vn 0.00000000 -0.50001100 -0.86601905
vn 0.00000000 -0.86601905 -0.50001100
vn 1.00000000 0.00000000 0.00000000
vn 0.00000000 -0.86601905 -0.50001100
vn 0.00000000 -1.00000000 0.00000000
vn 1.00000000 0.00000000 0.00000000
vn 0.00000000 -1.00000000 0.00000000
vn 0.00000000 0.00000000 1.00000000
vn 0.00000000 0.00000000 1.00000000
vn 1.00000000 0.00000000 0.00000000
vn 1.00000000 0.00000000 0.00000000
vn 0.00000000 0.86601905 0.50001100
vn 0.00000000 0.86601905 0.50001100
vn 0.00000000 1.00000000 0.00000000
vn 0.00000000 1.00000000 0.00000000
vn 1.00000000 0.00000000 0.00000000
vn 1.00000000 0.00000000 0.00000000
vn 0.00000000 0.50001100 0.86601905
vn 0.00000000 0.50001100 0.86601905
vn 0.00000000 0.00000000 1.00000000
vn 1.00000000 0.00000000 0.00000000
vn 0.00000000 0.00000000 1.00000000
vn 0.00000000 0.00000000 1.00000000
vn 0.00000000 0.00000000 1.00000000
vn 0.00000000 -0.25880773 0.96592886
vn 1.00000000 0.00000000 0.00000000
vn 0.00000000 0.96592886 -0.25880773
vn 0.00000000 0.96592886 -0.25880773
vn 0.00000000 -0.25880773 0.96592886
vn 0.00000000 0.50001100 0.86601905
vn 1.00000000 0.00000000 0.00000000
vn 0.00000000 0.50001100 0.86601905
vn 0.00000000 0.86601905 0.50001100
vn 1.00000000 0.00000000 0.00000000
vn 0.00000000 0.86601905 0.50001100
vn 0.00000000 1.00000000 0.00000000
vn 1.00000000 0.00000000 0.00000000
vn 0.00000000 1.00000000 0.00000000
vn 0.00000000 0.86601905 -0.50001100
vn 1.00000000 0.00000000 0.00000000
vn 0.00000000 0.86601905 -0.50001100
vn 0.00000000 0.50001100 -0.86601905
vn 1.00000000 0.00000000 0.00000000
vn 0.00000000 0.50001100 -0.86601905
vn 0.00000000 0.00000000 -1.00000000
vn 0.00000000 0.00000000 -1.00000000
vn 1.00000000 0.00000000 0.00000000
vn 0.00000000 -0.25880773 -0.96592886
vn 0.00000000 0.96592886 0.25880773
vn 1.00000000 0.00000000 0.00000000
vn 0.00000000 -0.25880773 -0.96592886
vn 0.00000000 0.96592886 0.25880773
vn 0.00000000 0.86601905 -0.50001100
vn 1.00000000 0.00000000 0.00000000
vn 0.00000000 0.86601905 -0.50001100
vn 0.00000000 0.50001100 -0.86601905
vn 1.00000000 0.00000000 0.00000000
vn 0.00000000 0.50001100 -0.86601905
vn 0.00000000 1.00000000 0.00000000
vn 1.00000000 0.00000000 0.00000000
vn 0.00000000 1.00000000 0.00000000
vn 1.00000000 0.00000000 0.00000000
vn 1.00000000 0.00000000 0.00000000
vn 1.00000000 0.00000000 0.00000000
vn 1.00000000 0.00000000 0.00000000
vn 1.00000000 0.00000000 0.00000000
vn 1.00000000 0.00000000 0.00000000
vn 1.00000000 0.00000000 0.00000000
vn 1.00000000 0.00000000 0.00000000
vn 1.00000000 0.00000000 0.00000000
vn 1.00000000 0.00000000 0.00000000
vn 1.00000000 0.00000000 0.00000000
vn 1.00000000 0.00000000 0.00000000
vn 1.00000000 0.00000000 0.00000000
vn 1.00000000 0.00000000 0.00000000
vn 1.00000000 0.00000000 0.00000000
vn 1.00000000 0.00000000 0.00000000
vn 0.00000000 0.00000000 -1.00000000
vn 0.00000000 -1.00000000 0.00000000
vn 0.00000000 -1.00000000 0.00000000
vn 0.49996770 -0.86604405 0.00000000
vn 0.00000000 0.00000000 -1.00000000
vn 0.49996770 -0.86604405 0.00000000
vn 0.86601905 -0.50001100 0.00000000
vn 0.86601905 -0.50001100 0.00000000
vn 0.00000000 0.00000000 -1.00000000
vn 1.00000000 0.00000000 0.00000000
vn 1.00000000 0.00000000 0.00000000
vn 0.00000000 0.00000000 -1.00000000
vn 0.96592886 0.25880773 0.00000000
vn -0.25880773 -0.96592886 0.00000000
vn -0.25880773 -0.96592886 0.00000000
vn 0.96592886 0.25880773 0.00000000
vn 0.00000000 0.00000000 -1.00000000
vn 0.00000000 0.00000000 -1.00000000
vn 0.50001100 -0.86601905 0.00000000
vn 0.50001100 -0.86601905 0.00000000
vn 0.86601905 -0.50001100 0.00000000
vn 0.86601905 -0.50001100 0.00000000
vn 0.00000000 0.00000000 -1.00000000
vn 0.00000000 0.00000000 -1.00000000
vn 0.00000000 -1.00000000 0.00000000
vn 0.00000000 -1.00000000 0.00000000
vn 0.00000000 0.00000000 -1.00000000
vn -0.50001100 -0.86601905 0.00000000
vn -0.49996770 -0.86604405 0.00000000
vn 0.00000000 0.00000000 -1.00000000
vn -0.86601905 -0.50001100 0.00000000
vn -0.86601905 -0.50001100 0.00000000
vn 0.00000000 0.00000000 -1.00000000
vn -1.00000000 0.00000000 0.00000000
vn -1.00000000 0.00000000 0.00000000
vn 0.25880773 -0.96592886 0.00000000
vn -0.96592886 0.25880773 0.00000000
vn 0.00000000 0.00000000 -1.00000000
vn -0.96592886 0.25880773 0.00000000
vn 0.25880773 -0.96592886 0.00000000
vn 0.00000000 0.00000000 -1.00000000
vn -1.00000000 0.00000000 0.00000000
vn -1.00000000 0.00000000 0.00000000
vn -0.86601905 -0.50001100 0.00000000
vn 0.00000000 0.00000000 -1.00000000
vn -0.86601905 -0.50001100 0.00000000
vn -0.50001100 -0.86601905 0.00000000
vn 0.00000000 0.00000000 -1.00000000
vn -0.50001100 -0.86601905 0.00000000
vn 0.00000000 -1.00000000 0.00000000
vn 0.00000000 0.00000000 -1.00000000
vn 0.00000000 -1.00000000 0.00000000
vn 1.00000000 0.00000000 0.00000000
vn 1.00000000 0.00000000 0.00000000
vn 0.00000000 0.00000000 -1.00000000
vn 0.00000000 0.00000000 -1.00000000
vn 0.50001100 0.86601905 0.00000000
vn 0.50001100 0.86601905 0.00000000
vn 0.00000000 1.00000000 0.00000000
vn 0.00000000 0.00000000 -1.00000000
vn 0.00000000 1.00000000 0.00000000
vn 0.00000000 0.00000000 -1.00000000
vn 0.86601905 0.50001100 0.00000000
vn 0.86601905 0.50001100 0.00000000
vn 0.00000000 0.00000000 -1.00000000
vn 1.00000000 0.00000000 0.00000000
vn 1.00000000 0.00000000 0.00000000
vn 1.00000000 0.00000000 0.00000000
vn 1.00000000 0.00000000 0.00000000
vn 0.00000000 0.00000000 -1.00000000
vn 0.96592886 -0.25880773 0.00000000
vn -0.25880773 0.96592886 0.00000000
vn 0.96592886 -0.25880773 0.00000000
vn -0.25880773 0.96592886 0.00000000
vn 0.00000000 0.00000000 -1.00000000
vn 0.86601905 0.50001100 0.00000000
vn 0.86601905 0.50001100 0.00000000
vn 0.50001100 0.86601905 0.00000000
vn 0.00000000 0.00000000 -1.00000000
vn 0.50001100 0.86601905 0.00000000
vn 0.00000000 1.00000000 0.00000000
vn 0.00000000 0.00000000 -1.00000000
vn 0.00000000 1.00000000 0.00000000
vn -0.50001100 0.86601905 0.00000000
vn 0.00000000 0.00000000 -1.00000000
vn -0.50001100 0.86601905 0.00000000
vn -0.86601905 0.50001100 0.00000000
vn 0.00000000 0.00000000 -1.00000000
vn -0.86601905 0.50001100 0.00000000
vn -1.00000000 0.00000000 0.00000000
vn 0.00000000 0.00000000 -1.00000000
vn -1.00000000 0.00000000 0.00000000
vn 0.25880773 0.96592886 0.00000000
vn -0.96592886 -0.25880773 0.00000000
vn -0.96592886 -0.25880773 0.00000000
vn 0.25880773 0.96592886 0.00000000
vn 0.00000000 0.00000000 -1.00000000
vn 0.00000000 0.00000000 -1.00000000
vn -0.50001100 0.86601905 0.00000000
vn -0.50001100 0.86601905 0.00000000
vn -0.86601905 0.50001100 0.00000000
vn 0.00000000 0.00000000 -1.00000000
vn -0.86601905 0.50001100 0.00000000
vn 0.00000000 0.00000000 -1.00000000
vn 0.00000000 1.00000000 0.00000000
vn 0.00000000 1.00000000 0.00000000
vn 0.00000000 0.00000000 -1.00000000
vn 0.00000000 0.00000000 -1.00000000
vn 0.00000000 0.00000000 -1.00000000
vn 0.00000000 0.00000000 -1.00000000
vn 0.00000000 0.00000000 -1.00000000
vn 0.00000000 0.00000000 -1.00000000
vn 0.00000000 0.00000000 -1.00000000
vn 0.00000000 0.00000000 -1.00000000
vn 0.00000000 0.00000000 -1.00000000
vn 0.00000000 0.00000000 -1.00000000
vn 0.00000000 0.00000000 -1.00000000
vn 0.00000000 0.00000000 -1.00000000
vn 0.00000000 0.00000000 -1.00000000
vn 0.00000000 0.00000000 -1.00000000
vn 0.00000000 0.00000000 -1.00000000
vn 0.00000000 0.00000000 -1.00000000
vn 0.00000000 -1.00000000 0.00000000
vn 0.00000000 0.00000000 -1.00000000
vn 0.00000000 -1.00000000 0.00000000
vn 0.49996770 -0.86604405 0.00000000
vn 0.00000000 0.00000000 -1.00000000
vn 0.49996770 -0.86604405 0.00000000
vn 0.86601905 -0.50001100 0.00000000
vn 0.00000000 0.00000000 -1.00000000
vn 0.86601905 -0.50001100 0.00000000
vn 1.00000000 0.00000000 0.00000000
vn 1.00000000 0.00000000 0.00000000
vn 0.00000000 0.00000000 -1.00000000
vn 0.96592886 0.25880773 0.00000000
vn -0.25880773 -0.96592886 0.00000000
vn -0.25880773 -0.96592886 0.00000000
vn 0.00000000 0.00000000 -1.00000000
vn 0.96592886 0.25880773 0.00000000
vn 0.00000000 0.00000000 -1.00000000
vn 0.50001100 -0.86601905 0.00000000
vn 0.50001100 -0.86601905 0.00000000
vn 0.86601905 -0.50001100 0.00000000
vn 0.86601905 -0.50001100 0.00000000
vn 0.00000000 0.00000000 -1.00000000
vn 0.00000000 0.00000000 -1.00000000
vn 0.00000000 -1.00000000 0.00000000
vn 0.00000000 -1.00000000 0.00000000
vn -0.50001100 -0.86601905 0.00000000
vn 0.00000000 0.00000000 -1.00000000
vn -0.50001100 -0.86601905 0.00000000
vn -0.86601905 -0.50001100 0.00000000
vn 0.00000000 0.00000000 -1.00000000
vn -0.86601905 -0.50001100 0.00000000
vn 0.00000000 0.00000000 -1.00000000
vn -1.00000000 0.00000000 0.00000000
vn -1.00000000 0.00000000 0.00000000
vn -0.96592886 0.25880773 0.00000000
vn 0.25880773 -0.96592886 0.00000000
vn 0.00000000 0.00000000 -1.00000000
vn 0.25880773 -0.96592886 0.00000000
vn -0.96592886 0.25880773 0.00000000
vn 0.00000000 0.00000000 -1.00000000
vn -1.00000000 0.00000000 0.00000000
vn -1.00000000 0.00000000 0.00000000
vn -0.86601905 -0.50001100 0.00000000
vn -0.86601905 -0.50001100 0.00000000
vn 0.00000000 0.00000000 -1.00000000
vn -0.50001100 -0.86601905 0.00000000
vn -0.50001100 -0.86601905 0.00000000
vn 0.00000000 0.00000000 -1.00000000
vn 0.00000000 -1.00000000 0.00000000
vn 0.00000000 -1.00000000 0.00000000
vn 0.00000000 0.00000000 -1.00000000
vn 1.00000000 0.00000000 0.00000000
vn 1.00000000 0.00000000 0.00000000
vn 0.00000000 0.00000000 -1.00000000
vn 0.50001100 0.86601905 0.00000000
vn 0.00000000 0.00000000 -1.00000000
vn 0.50001100 0.86601905 0.00000000
vn 0.00000000 1.00000000 0.00000000
vn 0.00000000 0.00000000 -1.00000000
vn 0.00000000 1.00000000 0.00000000
vn 0.86601905 0.50001100 0.00000000
vn 0.00000000 0.00000000 -1.00000000
vn 0.86601905 0.50001100 0.00000000
vn 0.00000000 0.00000000 -1.00000000
vn 1.00000000 0.00000000 0.00000000
vn 1.00000000 0.00000000 0.00000000
vn 1.00000000 0.00000000 0.00000000
vn 1.00000000 0.00000000 0.00000000
vn 0.00000000 0.00000000 -1.00000000
vn -0.25880773 0.96592886 0.00000000
vn 0.96592886 -0.25880773 0.00000000
vn 0.96592886 -0.25880773 0.00000000
vn -0.25880773 0.96592886 0.00000000
vn 0.86601905 0.50001100 0.00000000
vn 0.00000000 0.00000000 -1.00000000
vn 0.86601905 0.50001100 0.00000000
vn 0.50001100 0.86601905 0.00000000
vn 0.00000000 0.00000000 -1.00000000
vn 0.50001100 0.86601905 0.00000000
vn 0.00000000 1.00000000 0.00000000
vn 0.00000000 0.00000000 -1.00000000
vn 0.00000000 1.00000000 0.00000000
vn -0.50001100 0.86601905 0.00000000
vn -0.50001100 0.86601905 0.00000000
vn 0.00000000 0.00000000 -1.00000000
vn -0.86601905 0.50001100 0.00000000
vn 0.00000000 0.00000000 -1.00000000
vn -0.86601905 0.50001100 0.00000000
vn -1.00000000 0.00000000 0.00000000
vn -1.00000000 0.00000000 0.00000000
vn 0.00000000 0.00000000 -1.00000000
vn 0.25880773 0.96592886 0.00000000
vn -0.96592886 -0.25880773 0.00000000
vn 0.25880773 0.96592886 0.00000000
vn 0.00000000 0.00000000 -1.00000000
vn -0.96592886 -0.25880773 0.00000000
vn 0.00000000 0.00000000 -1.00000000
vn -0.50001100 0.86601905 0.00000000
vn -0.50001100 0.86601905 0.00000000
vn -0.86601905 0.50001100 0.00000000
vn -0.86601905 0.50001100 0.00000000
vn 0.00000000 0.00000000 -1.00000000
vn 0.00000000 0.00000000 -1.00000000
vn 0.00000000 1.00000000 0.00000000
vn 0.00000000 1.00000000 0.00000000
vn 0.00000000 0.00000000 -1.00000000
vn 0.00000000 0.00000000 -1.00000000
vn 0.00000000 0.00000000 -1.00000000
vn 0.00000000 0.00000000 -1.00000000
vn 0.00000000 0.00000000 -1.00000000
vn 0.00000000 0.00000000 -1.00000000
vn 0.00000000 0.00000000 -1.00000000
vn 0.00000000 0.00000000 -1.00000000
vn 0.00000000 0.00000000 -1.00000000
vn 0.00000000 0.00000000 -1.00000000
vn 0.00000000 0.00000000 -1.00000000
vn 0.00000000 0.00000000 -1.00000000
vn 0.00000000 0.00000000 -1.00000000
vn 0.00000000 0.00000000 -1.00000000
vn 0.00000000 0.00000000 -1.00000000
vn 0.00000000 0.00000000 -1.00000000
vn 0.00000000 0.00000000 -1.00000000
vn 0.00000000 -1.00000000 0.00000000
vn 0.00000000 -1.00000000 0.00000000
vn 0.49996770 -0.86604405 0.00000000
vn 0.00000000 0.00000000 -1.00000000
vn 0.49996770 -0.86604405 0.00000000
vn 0.86601905 -0.50001100 0.00000000
vn 0.00000000 0.00000000 -1.00000000
vn 0.86601905 -0.50001100 0.00000000
vn 1.00000000 0.00000000 0.00000000
vn 1.00000000 0.00000000 0.00000000
vn 0.00000000 0.00000000 -1.00000000
vn -0.25880773 -0.96592886 0.00000000
vn 0.96592886 0.25880773 0.00000000
vn 0.96592886 0.25880773 0.00000000
vn 0.00000000 0.00000000 -1.00000000
vn -0.25880773 -0.96592886 0.00000000
vn 0.50001100 -0.86601905 0.00000000
vn 0.00000000 0.00000000 -1.00000000
vn 0.50001100 -0.86601905 0.00000000
vn 0.86601905 -0.50001100 0.00000000
vn 0.00000000 0.00000000 -1.00000000
vn 0.86601905 -0.50001100 0.00000000
vn 0.00000000 -1.00000000 0.00000000
vn 0.00000000 0.00000000 -1.00000000
vn 0.00000000 -1.00000000 0.00000000
vn 0.00000000 0.00000000 -1.00000000
vn -0.50001100 -0.86601905 0.00000000
vn -0.49996770 -0.86604405 0.00000000
vn -0.86601905 -0.50001100 0.00000000
vn 0.00000000 0.00000000 -1.00000000
vn -0.86601905 -0.50001100 0.00000000
vn 0.00000000 0.00000000 -1.00000000
vn -1.00000000 0.00000000 0.00000000
vn -1.00000000 0.00000000 0.00000000
vn 0.00000000 0.00000000 -1.00000000
vn 0.25880773 -0.96592886 0.00000000
vn -0.96592886 0.25880773 0.00000000
vn 0.25880773 -0.96592886 0.00000000
vn -0.96592886 0.25880773 0.00000000
vn 0.00000000 0.00000000 -1.00000000
vn -1.00000000 0.00000000 0.00000000
vn -1.00000000 0.00000000 0.00000000
vn -0.86601905 -0.50001100 0.00000000
vn 0.00000000 0.00000000 -1.00000000
vn -0.86601905 -0.50001100 0.00000000
vn -0.50001100 -0.86601905 0.00000000
vn 0.00000000 0.00000000 -1.00000000
vn -0.50001100 -0.86601905 0.00000000
vn 0.00000000 -1.00000000 0.00000000
vn 0.00000000 -1.00000000 0.00000000
vn 0.00000000 0.00000000 -1.00000000
vn 1.00000000 0.00000000 0.00000000
vn 1.00000000 0.00000000 0.00000000
vn 0.00000000 0.00000000 -1.00000000
vn 0.00000000 0.00000000 -1.00000000
vn 0.50001100 0.86601905 0.00000000
vn 0.50001100 0.86601905 0.00000000
vn 0.00000000 1.00000000 0.00000000
vn 0.00000000 1.00000000 0.00000000
vn 0.00000000 0.00000000 -1.00000000
vn 0.00000000 0.00000000 -1.00000000
vn 0.86601905 0.50001100 0.00000000
vn 0.86601905 0.50001100 0.00000000
vn 0.00000000 0.00000000 -1.00000000
vn 1.00000000 0.00000000 0.00000000
vn 1.00000000 0.00000000 0.00000000
vn 1.00000000 0.00000000 0.00000000
vn 1.00000000 0.00000000 0.00000000
vn 0.00000000 0.00000000 -1.00000000
vn 0.96592886 -0.25880773 0.00000000
vn -0.25880773 0.96592886 0.00000000
vn 0.96592886 -0.25880773 0.00000000
vn -0.25880773 0.96592886 0.00000000
vn 0.86601905 0.50001100 0.00000000
vn 0.00000000 0.00000000 -1.00000000
vn 0.86601905 0.50001100 0.00000000
vn 0.50001100 0.86601905 0.00000000
vn 0.00000000 0.00000000 -1.00000000
vn 0.50001100 0.86601905 0.00000000
vn 0.00000000 1.00000000 0.00000000
vn 0.00000000 1.00000000 0.00000000
vn 0.00000000 0.00000000 -1.00000000
vn -0.50001100 0.86601905 0.00000000
vn 0.00000000 0.00000000 -1.00000000
vn -0.50001100 0.86601905 0.00000000
vn -0.86601905 0.50001100 0.00000000
vn -0.86601905 0.50001100 0.00000000
vn 0.00000000 0.00000000 -1.00000000
vn -1.00000000 0.00000000 0.00000000
vn 0.00000000 0.00000000 -1.00000000
vn -1.00000000 0.00000000 0.00000000
vn -0.96592886 -0.25880773 0.00000000
vn 0.25880773 0.96592886 0.00000000
vn -0.96592886 -0.25880773 0.00000000
vn 0.00000000 0.00000000 -1.00000000
vn 0.25880773 0.96592886 0.00000000
vn -0.50001100 0.86601905 0.00000000
vn 0.00000000 0.00000000 -1.00000000
vn -0.50001100 0.86601905 0.00000000
vn -0.86601905 0.50001100 0.00000000
vn -0.86601905 0.50001100 0.00000000
vn 0.00000000 0.00000000 -1.00000000
vn 0.00000000 0.00000000 -1.00000000
vn 0.00000000 1.00000000 0.00000000
vn 0.00000000 1.00000000 0.00000000
vn 0.00000000 0.00000000 -1.00000000
vn 0.00000000 0.00000000 -1.00000000
vn 0.00000000 0.00000000 -1.00000000
vn 0.00000000 0.00000000 -1.00000000
vn 0.00000000 0.00000000 -1.00000000
vn 0.00000000 0.00000000 -1.00000000
vn 0.00000000 0.00000000 -1.00000000
vn 0.00000000 0.00000000 -1.00000000
vn 0.00000000 0.00000000 -1.00000000
vn 0.00000000 0.00000000 -1.00000000
vn 0.00000000 0.00000000 -1.00000000
vn 0.00000000 0.00000000 -1.00000000
vn 0.00000000 0.00000000 -1.00000000
vn 0.00000000 0.00000000 -1.00000000
vn 0.00000000 0.00000000 -1.00000000
vn 0.00000000 0.00000000 -1.00000000
vn 0.00000000 -1.00000000 0.00000000
vn 0.00000000 0.00000000 -1.00000000
vn 0.00000000 -1.00000000 0.00000000
vn 0.50001100 -0.86601905 0.00000000
vn 0.00000000 0.00000000 -1.00000000
vn 0.50001100 -0.86601905 0.00000000
vn 0.86601905 -0.50001100 0.00000000
vn 0.86601905 -0.50001100 0.00000000
vn 0.00000000 0.00000000 -1.00000000
vn 1.00000000 0.00000000 0.00000000
vn 0.00000000 0.00000000 -1.00000000
vn 1.00000000 0.00000000 0.00000000
vn -0.25880773 -0.96592886 0.00000000
vn 0.96590385 0.25890103 0.00000000
vn 0.00000000 0.00000000 -1.00000000
vn -0.25880773 -0.96592886 0.00000000
vn 0.96590385 0.25890103 0.00000000
vn 0.50001100 -0.86601905 0.00000000
vn 0.00000000 0.00000000 -1.00000000
vn 0.50001100 -0.86601905 0.00000000
vn 0.86601905 -0.50001100 0.00000000
vn 0.86601905 -0.50001100 0.00000000
vn 0.00000000 0.00000000 -1.00000000
vn 0.00000000 0.00000000 -1.00000000
vn 0.00000000 -1.00000000 0.00000000
vn 0.00000000 -1.00000000 0.00000000
vn -0.50001100 -0.86601905 0.00000000
vn 0.00000000 0.00000000 -1.00000000
vn -0.50001100 -0.86601905 0.00000000
vn -0.86601905 -0.50001100 0.00000000
vn 0.00000000 0.00000000 -1.00000000
vn -0.86601905 -0.50001100 0.00000000
vn -1.00000000 0.00000000 0.00000000
vn 0.00000000 0.00000000 -1.00000000
vn -1.00000000 0.00000000 0.00000000
vn 0.00000000 0.00000000 -1.00000000
vn 0.25880773 -0.96592886 0.00000000
vn -0.96590385 0.25890103 0.00000000
vn -0.96590385 0.25890103 0.00000000
vn 0.25880773 -0.96592886 0.00000000
vn 0.00000000 0.00000000 -1.00000000
vn -1.00000000 0.00000000 0.00000000
vn -1.00000000 0.00000000 0.00000000
vn -0.86601905 -0.50001100 0.00000000
vn -0.86601905 -0.50001100 0.00000000
vn 0.00000000 0.00000000 -1.00000000
vn -0.50001100 -0.86601905 0.00000000
vn 0.00000000 0.00000000 -1.00000000
vn -0.50001100 -0.86601905 0.00000000
vn 0.00000000 -1.00000000 0.00000000
vn 0.00000000 0.00000000 -1.00000000
vn 0.00000000 -1.00000000 0.00000000
vn 1.00000000 0.00000000 0.00000000
vn 1.00000000 0.00000000 0.00000000
vn 0.00000000 0.00000000 -1.00000000
vn 0.00000000 0.00000000 -1.00000000
vn 0.50001100 0.86601905 0.00000000
vn 0.50001100 0.86601905 0.00000000
vn 0.00000000 1.00000000 0.00000000
vn 0.00000000 0.00000000 -1.00000000
vn 0.00000000 1.00000000 0.00000000
vn 0.86601905 0.50001100 0.00000000
vn 0.00000000 0.00000000 -1.00000000
vn 0.86601905 0.50001100 0.00000000
vn 1.00000000 0.00000000 0.00000000
vn 1.00000000 0.00000000 0.00000000
vn 0.00000000 0.00000000 -1.00000000
vn 1.00000000 0.00000000 0.00000000
vn 1.00000000 0.00000000 0.00000000
vn 0.00000000 0.00000000 -1.00000000
vn 0.96590385 -0.25890103 0.00000000
vn -0.25880773 0.96592886 0.00000000
vn -0.25880773 0.96592886 0.00000000
vn 0.96590385 -0.25890103 0.00000000
vn 0.86601905 0.50001100 0.00000000
vn 0.00000000 0.00000000 -1.00000000
vn 0.86601905 0.50001100 0.00000000
vn 0.50001100 0.86601905 0.00000000
vn 0.00000000 0.00000000 -1.00000000
vn 0.50001100 0.86601905 0.00000000
vn 0.00000000 1.00000000 0.00000000
vn 0.00000000 1.00000000 0.00000000
vn 0.00000000 0.00000000 -1.00000000
vn -0.50001100 0.86601905 0.00000000
vn -0.50001100 0.86601905 0.00000000
vn 0.00000000 0.00000000 -1.00000000
vn -0.86601905 0.50001100 0.00000000
vn 0.00000000 0.00000000 -1.00000000
vn -0.86601905 0.50001100 0.00000000
vn -1.00000000 0.00000000 0.00000000
vn 0.00000000 0.00000000 -1.00000000
vn -1.00000000 0.00000000 0.00000000
vn 0.25880773 0.96592886 0.00000000
vn -0.96590385 -0.25890103 0.00000000
vn 0.00000000 0.00000000 -1.00000000
vn -0.96590385 -0.25890103 0.00000000
vn 0.25880773 0.96592886 0.00000000
vn -0.50001100 0.86601905 0.00000000
vn 0.00000000 0.00000000 -1.00000000
vn -0.50001100 0.86601905 0.00000000
vn -0.86601905 0.50001100 0.00000000
vn 0.00000000 0.00000000 -1.00000000
vn -0.86601905 0.50001100 0.00000000
vn 0.00000000 0.00000000 -1.00000000
vn 0.00000000 1.00000000 0.00000000
vn 0.00000000 1.00000000 0.00000000
vn 0.00000000 0.00000000 -1.00000000
vn 0.00000000 0.00000000 -1.00000000
vn 0.00000000 0.00000000 -1.00000000
vn 0.00000000 0.00000000 -1.00000000
vn 0.00000000 0.00000000 -1.00000000
vn 0.00000000 0.00000000 -1.00000000
vn 0.00000000 0.00000000 -1.00000000
vn 0.00000000 0.00000000 -1.00000000
vn 0.00000000 0.00000000 -1.00000000
vn 0.00000000 0.00000000 -1.00000000
vn 0.00000000 0.00000000 -1.00000000
vn 0.00000000 0.00000000 -1.00000000
vn 0.00000000 0.00000000 -1.00000000
vn 0.00000000 0.00000000 -1.00000000
vn 0.00000000 0.00000000 -1.00000000
vn 0.00000000 0.00000000 -1.00000000
vt 2.05240000 0.80240000
vt 2.05240000 1.31470000
vt 2.21380000 1.31470000
vt 2.21380000 0.64110000
vt 1.93280000 0.93110000
vt 1.93280000 1.31470000
vt 1.80160000 1.04990000
vt 1.80500000 1.31470000
vt 1.70040000 1.15110000
vt 1.70050000 1.14400000
vt 1.70130000 1.31420000
vt 1.51790000 1.22790000
vt 1.62810000 1.26800000
vt 1.51880000 1.31370000
vt 1.37980000 1.27990000
vt 1.38010000 1.31320000
vt 1.25610000 1.29250000
vt 1.25600000 1.31280000
vt 3.15300000 1.28150000
vt 2.88180000 1.57740000
vt 2.94560000 1.57750000
vt 2.94580000 1.42460000
vt 2.86550000 1.42490000
vt 3.00360000 1.26890000
vt 3.00120000 1.26870000
vt 2.94600000 1.27730000
vt 2.86060000 1.21600000
vt 2.81560000 1.27780000
vt 2.94610000 1.14160000
vt 2.74050000 1.12990000
vt 2.94620000 1.03070000
vt 2.63270000 1.02920000
vt 2.94620000 0.91520000
vt 2.50740000 0.91520000
vt 2.94620000 0.78570000
vt 2.39000000 0.78570000
vt 2.94620000 0.62440000
vt 2.23040000 0.62440000
vt 2.94620000 0.46300000
vt 2.39010000 0.46300000
vt 2.03610000 0.46300000
vt 1.41550000 0.46300000
vt 1.41550000 0.62440000
vt 2.19710000 0.62440000
vt 1.91680000 0.33780000
vt 1.41550000 0.33780000
vt 1.78970000 0.22460000
vt 1.41550000 0.22460000
vt 1.68850000 0.11780000
vt 1.41550000 0.11780000
vt 1.51480000 0.03830000
vt 1.61570000 -0.00750000
vt 1.41550000 -0.00750000
vt 1.56340000 -0.15050000
vt 1.37650000 -0.01170000
vt 1.41550000 -0.15050000
vt 1.54380000 -0.30560000
vt 1.41550000 -0.30560000
vt 2.37390000 1.31470000
vt 2.37390000 0.80250000
vt 2.49160000 1.31470000
vt 2.49160000 0.93110000
vt 2.62140000 1.31470000
vt 2.61740000 1.04390000
vt 2.72890000 1.31470000
vt 2.72670000 1.14310000
vt 2.72670000 1.13640000
vt 2.85420000 1.31450000
vt 2.80270000 1.28410000
vt 2.85640000 1.22870000
vt 2.99720000 1.31410000
vt 2.99920000 1.28070000
vt 3.15230000 1.31380000
vt 3.15200000 1.29340000
vt 2.94620000 0.33780000
vt 2.50760000 0.33780000
vt 2.94620000 0.22460000
vt 2.63680000 0.22460000
vt 2.94620000 0.11780000
vt 2.74280000 0.11780000
vt 2.94620000 -0.03060000
vt 2.85830000 0.03830000
vt 2.81500000 -0.03060000
vt 2.94620000 -0.17420000
vt 2.99650000 -0.01010000
vt 2.99410000 -0.01010000
vt 2.86390000 -0.17350000
vt 2.94620000 -0.31390000
vt 2.88200000 -0.31340000
vt 3.14910000 -0.02680000
vt 1.41550000 0.78570000
vt 2.03620000 0.78570000
vt 1.41550000 0.91520000
vt 1.91700000 0.91520000
vt 1.41550000 1.03510000
vt 1.78620000 1.03540000
vt 1.41550000 1.13750000
vt 1.68650000 1.13770000
vt 1.41550000 1.26200000
vt 1.61530000 1.26210000
vt 1.51370000 1.21490000
vt 1.41550000 1.40430000
vt 1.37580000 1.26780000
vt 1.56330000 1.40440000
vt 1.37840000 1.26780000
vt 1.41550000 1.55880000
vt 1.25490000 1.28060000
vt 1.54380000 1.55880000
vt 2.21380000 -0.04560000
vt 2.05240000 -0.04560000
vt 2.05240000 0.44650000
vt 2.21380000 0.60770000
vt 1.93280000 -0.04560000
vt 1.93280000 0.32220000
vt 1.80500000 -0.04560000
vt 1.80500000 0.20990000
vt 1.70170000 -0.04560000
vt 1.70220000 0.10370000
vt 1.70230000 0.11140000
vt 1.51890000 -0.04560000
vt 1.62860000 -0.01340000
vt 1.51890000 0.02540000
vt 3.67870000 1.31470000
vt 3.84010000 1.31470000
vt 3.84010000 0.80240000
vt 3.67870000 0.64110000
vt 3.95960000 1.31470000
vt 3.95960000 0.93110000
vt 4.08750000 1.31470000
vt 4.09090000 1.04990000
vt 4.23280000 1.31420000
vt 4.19200000 1.14400000
vt 4.23500000 1.14580000
vt 4.37370000 1.31370000
vt 4.37460000 1.22790000
vt 4.26430000 1.26800000
vt 4.51240000 1.31320000
vt 4.51270000 1.27990000
vt 4.63650000 1.31280000
vt 4.63640000 1.29250000
vt 2.76710000 1.28360000
vt 3.00940000 1.57760000
vt 3.02600000 1.42510000
vt 2.90670000 1.27170000
vt 2.90900000 1.27170000
vt 3.07630000 1.27810000
vt 3.04040000 1.22230000
vt 3.15190000 1.14120000
vt 3.25980000 1.02920000
vt 3.38510000 0.91520000
vt 3.50250000 0.78570000
vt 3.66210000 0.62440000
vt 3.50240000 0.46300000
vt 4.41300000 0.62440000
vt 4.41300000 0.46300000
vt 3.85640000 0.46300000
vt 3.69540000 0.62440000
vt 4.41300000 0.33780000
vt 3.97560000 0.33780000
vt 4.41300000 0.22460000
vt 4.10270000 0.22460000
vt 4.41300000 0.11780000
vt 4.20400000 0.11780000
vt 4.41300000 -0.00750000
vt 4.27680000 -0.00750000
vt 4.37760000 0.03830000
vt 4.41300000 -0.15050000
vt 4.32910000 -0.15050000
vt 4.51600000 -0.01170000
vt 4.41300000 -0.30560000
vt 4.34870000 -0.30560000
vt 3.51860000 0.80250000
vt 3.51860000 1.31470000
vt 3.40090000 0.93110000
vt 3.40090000 1.31470000
vt 3.27510000 1.04390000
vt 3.27110000 1.31470000
vt 3.16570000 1.14810000
vt 3.16570000 1.15430000
vt 3.16360000 1.31470000
vt 3.08920000 1.28420000
vt 3.04440000 1.23430000
vt 3.04640000 1.31440000
vt 2.91090000 1.28290000
vt 2.91280000 1.31410000
vt 2.76770000 1.31370000
vt 2.76810000 1.29470000
vt 3.38490000 0.33780000
vt 3.25560000 0.22460000
vt 3.14970000 0.11780000
vt 3.07750000 -0.03060000
vt 3.01410000 0.03840000
vt 3.02860000 -0.17350000
vt 2.87260000 -0.01000000
vt 2.86980000 -0.01000000
vt 3.01050000 -0.31340000
vt 2.72940000 -0.02670000
vt 3.85620000 0.78570000
vt 4.41300000 0.78570000
vt 3.97540000 0.91520000
vt 4.41300000 0.91520000
vt 4.10630000 1.03540000
vt 4.10180000 1.03540000
vt 4.41300000 1.03510000
vt 4.20590000 1.13770000
vt 4.24490000 1.13200000
vt 4.41300000 1.13750000
vt 4.37870000 1.21490000
vt 4.27720000 1.26210000
vt 4.41300000 1.26210000
vt 4.51660000 1.26780000
vt 4.51400000 1.26780000
vt 4.32910000 1.40440000
vt 4.41300000 1.40430000
vt 4.34870000 1.55880000
vt 4.63750000 1.28060000
vt 4.41300000 1.55880000
vt 3.84010000 0.44650000
vt 3.84010000 -0.04560000
vt 3.67870000 -0.04560000
vt 3.67870000 0.60770000
vt 3.95960000 0.32220000
vt 3.95960000 -0.04560000
vt 4.08750000 0.20990000
vt 4.08750000 0.21700000
vt 4.08750000 -0.04560000
vt 4.19020000 0.11050000
vt 4.23280000 0.10370000
vt 4.19020000 0.11140000
vt 4.23280000 -0.04560000
vt 4.26390000 -0.01340000
vt 4.37360000 0.02540000
vt 4.37360000 -0.04560000
vt 4.86640000 0.93110000
vt 4.86640000 1.31470000
vt 4.98590000 1.31470000
vt 4.98590000 0.80240000
vt 4.73510000 1.04990000
vt 4.73850000 1.31470000
vt 4.63400000 1.14400000
vt 4.59100000 1.14580000
vt 4.59320000 1.31420000
vt 4.56160000 1.26800000
vt 4.45140000 1.22790000
vt 4.45230000 1.31370000
vt 4.31330000 1.27990000
vt 4.31360000 1.31320000
vt 4.18960000 1.29250000
vt 4.18950000 1.31280000
vt 4.96970000 0.46300000
vt 5.14570000 0.62440000
vt 4.85040000 0.33780000
vt 4.72320000 0.22460000
vt 4.62200000 0.11780000
vt 4.54920000 -0.00750000
vt 4.44840000 0.03830000
vt 4.49690000 -0.15050000
vt 4.31000000 -0.01170000
vt 4.47730000 -0.30560000
vt 4.96980000 0.78570000
vt 4.85060000 0.91520000
vt 4.72420000 1.03540000
vt 4.71970000 1.03540000
vt 4.62010000 1.13770000
vt 4.58110000 1.13200000
vt 4.44730000 1.21490000
vt 4.54880000 1.26210000
vt 4.49680000 1.40440000
vt 4.30930000 1.26780000
vt 4.31190000 1.26780000
vt 4.47730000 1.55880000
vt 4.18840000 1.28060000
vt 4.98590000 -0.04560000
vt 4.86640000 -0.04560000
vt 4.86640000 0.32220000
vt 4.98590000 0.44640000
vt 4.73850000 -0.04560000
vt 4.73850000 0.21700000
vt 4.73850000 0.20990000
vt 4.59320000 -0.04560000
vt 4.59320000 0.10370000
vt 4.63580000 0.11140000
vt 4.63580000 0.11050000
vt 4.45240000 -0.04560000
vt 4.45240000 0.02540000
vt 4.56210000 -0.01340000
vt 1.38030000 -0.04560000
vt 1.38030000 -0.02380000
vt 1.57560000 -0.15170000
vt 1.25650000 -0.04560000
vt 1.25650000 -0.03910000
vt 1.55570000 -0.30680000
vt 2.37390000 0.44640000
vt 2.37390000 -0.04560000
vt 2.49160000 0.32210000
vt 2.49160000 -0.04560000
vt 2.62140000 0.21000000
vt 2.62140000 -0.04560000
vt 2.72890000 0.10380000
vt 2.72890000 0.11030000
vt 2.72890000 -0.04560000
vt 2.80230000 -0.03770000
vt 2.85440000 0.02530000
vt 2.85520000 -0.04560000
vt 2.99290000 -0.02230000
vt 2.99350000 -0.04560000
vt 3.14780000 -0.03860000
vt 3.14790000 -0.04560000
vt 4.51220000 -0.02380000
vt 4.31680000 -0.15170000
vt 4.51220000 -0.04560000
vt 4.63600000 -0.03910000
vt 4.33680000 -0.30680000
vt 4.63600000 -0.04560000
vt 3.51860000 -0.04560000
vt 3.51860000 0.44640000
vt 3.40090000 -0.04560000
vt 3.40090000 0.32210000
vt 3.27110000 -0.04560000
vt 3.27110000 0.21000000
vt 3.16360000 -0.04560000
vt 3.16360000 0.10380000
vt 3.16360000 0.11030000
vt 3.01730000 -0.04560000
vt 3.09020000 -0.03770000
vt 3.01820000 0.02540000
vt 2.87300000 -0.04550000
vt 2.87360000 -0.02220000
vt 2.73050000 -0.04550000
vt 2.73060000 -0.03860000
vt 4.31380000 -0.04560000
vt 4.50920000 -0.15170000
vt 4.31380000 -0.02380000
vt 4.19000000 -0.04560000
vt 4.48920000 -0.30680000
vt 4.19000000 -0.03910000
vt 0.51480000 1.31470000
vt 0.67610000 1.31470000
vt 0.67610000 0.80160000
vt 0.51480000 0.64100000
vt 0.83130000 1.31470000
vt 0.83130000 0.93000000
vt 0.97420000 1.31470000
vt 0.97770000 1.04950000
vt 1.09960000 1.31470000
vt 1.10130000 1.15070000
vt 1.25710000 1.31380000
vt 1.25780000 1.23030000
vt 1.20280000 1.26620000
vt 1.39520000 1.31290000
vt 1.39550000 1.28060000
vt 1.25210000 1.40820000
vt 1.52620000 1.31200000
vt 1.52610000 1.29230000
vt -0.25920000 1.42270000
vt -0.25880000 1.57840000
vt -0.25410000 1.57820000
vt -0.23790000 1.42450000
vt -0.25960000 1.27560000
vt -0.17870000 1.27780000
vt -0.25980000 1.14350000
vt -0.08240000 1.14100000
vt -0.25990000 1.03260000
vt 0.04310000 1.02930000
vt -0.25990000 0.91520000
vt 0.18100000 0.91520000
vt -0.25990000 0.78570000
vt 0.33630000 0.78570000
vt -0.25990000 0.62440000
vt 0.49820000 0.62440000
vt 0.33610000 0.46300000
vt -0.25990000 0.46300000
vt 0.69350000 0.46300000
vt 0.53150000 0.62440000
vt 0.84890000 0.33780000
vt 0.99050000 0.22460000
vt 1.11450000 0.11780000
vt 1.10840000 0.11780000
vt 1.21580000 -0.00750000
vt 1.25960000 0.03830000
vt 1.26420000 -0.15050000
vt 1.40480000 -0.01170000
vt 1.55890000 -0.02720000
vt 1.28720000 -0.30560000
vt 1.20240000 -0.01150000
vt 1.25170000 0.02550000
vt 1.25200000 -0.15430000
vt 1.40300000 -0.02380000
vt 1.40300000 -0.35400000
vt 1.25200000 -0.22680000
vt 1.25200000 -0.22890000
vt 1.25170000 -0.40260000
vt 1.20240000 -0.37520000
vt 1.20240000 -0.37230000
vt 1.55720000 -0.03910000
vt 1.55720000 -0.33100000
vt 1.27530000 -0.07210000
vt 1.42310000 1.14600000
vt -0.38550000 -0.36570000
vt 1.42630000 1.12480000
vt 1.26950000 1.12480000
vt 1.26950000 1.12950000
vt 1.57510000 1.12480000
vt -0.23700000 -0.41420000
vt 1.57020000 1.20460000
vt -0.25990000 -0.51860000
vt 1.71430000 1.12480000
vt 1.71430000 1.30050000
vt -0.08420000 -0.51860000
vt -0.25990000 -0.64390000
vt 0.04010000 -0.64390000
vt -0.25990000 -0.78690000
vt 0.18230000 -0.78690000
vt -0.25990000 -0.94200000
vt 0.33700000 -0.94200000
vt 0.35350000 0.80160000
vt 0.35350000 1.31470000
vt 0.19840000 0.93010000
vt 0.19840000 1.31470000
vt 0.05950000 1.04350000
vt 0.05540000 1.31470000
vt -0.06760000 1.15370000
vt -0.06770000 1.14760000
vt -0.06990000 1.31470000
vt -0.16580000 1.28200000
vt -0.16560000 1.28410000
vt -0.18920000 1.23390000
vt -0.18730000 1.31430000
vt -0.32310000 1.28250000
vt -0.22580000 1.42570000
vt -0.22610000 1.42870000
vt -0.32130000 1.31380000
vt -0.46660000 1.31330000
vt -0.24220000 1.57910000
vt -0.46620000 1.29420000
vt 0.18080000 0.33780000
vt -0.25990000 0.33780000
vt 0.03910000 0.22460000
vt -0.25990000 0.22460000
vt 4.65600000 1.13950000
vt -0.08470000 0.11780000
vt -0.25990000 0.11780000
vt 4.65600000 1.31470000
vt -0.23240000 0.03840000
vt 4.50760000 1.23320000
vt 4.50760000 1.31470000
vt 4.36320000 1.29200000
vt -0.37990000 -0.01060000
vt 4.36010000 1.31470000
vt 4.22190000 1.31000000
vt 4.22080000 1.31470000
vt 0.69340000 0.78570000
vt 0.84860000 0.91520000
vt 0.99410000 1.03540000
vt 1.11640000 1.13770000
vt 1.11060000 1.13770000
vt 1.21620000 1.26210000
vt 1.26610000 1.21780000
vt 1.26430000 1.40440000
vt 1.39710000 1.26880000
vt 1.28720000 1.55880000
vt 1.52750000 1.28070000
vt 0.67610000 -0.92550000
vt 0.51480000 -1.09950000
vt 0.51480000 0.60770000
vt 0.67610000 0.44730000
vt 0.19840000 -0.77090000
vt 0.19840000 0.32310000
vt 0.35350000 0.44730000
vt 0.35350000 -0.92550000
vt 0.83130000 -0.77090000
vt 0.83130000 0.32310000
vt 0.05540000 -0.62860000
vt 0.05540000 0.21030000
vt 0.97420000 -0.62860000
vt 0.97420000 0.21030000
vt -0.06990000 -0.50410000
vt 1.70650000 1.31450000
vt -0.06990000 0.10410000
vt 4.64870000 1.12480000
vt 1.09960000 -0.50420000
vt 1.09960000 -0.51080000
vt 1.09960000 0.10410000
vt -0.23280000 -0.40080000
vt 1.56250000 1.21720000
vt -0.22740000 0.02540000
vt 4.50060000 1.21990000
vt -0.37380000 -0.02230000
vt 4.36350000 1.27970000
vt -0.38230000 -0.35340000
vt 1.41990000 1.15790000
vt -0.50870000 -0.03880000
vt 4.22370000 1.29810000
vt -0.51240000 -0.33110000
vt 1.26790000 1.14140000
vt 1.28720000 -0.07380000
vt 1.41550000 -0.07380000
vt 1.41550000 -0.23070000
vt 1.26420000 -0.23070000
vt 1.41550000 -0.37950000
vt 1.21560000 -0.37950000
vt 1.41550000 -0.51860000
vt 1.11400000 -0.51860000
vt 1.41550000 -0.64390000
vt 0.98960000 -0.64390000
vt 1.41550000 -0.78690000
vt 0.84730000 -0.78690000
vt 1.41550000 -0.94200000
vt 0.69270000 -0.94200000
vt 1.41550000 -1.09950000
vt 0.53530000 -1.09950000
vt 5.14570000 1.31470000
vt 5.14570000 0.64170000
vt 5.14570000 -0.04560000
vt 5.14570000 0.60700000
vt 2.21380000 1.31470000
vt 2.05240000 1.31470000
vt 2.05240000 0.78570000
vt 2.21380000 0.62440000
vt 1.93280000 1.31470000
vt 1.93280000 0.91520000
vt 1.80500000 1.31470000
vt 1.80140000 1.03540000
vt 1.70130000 1.31420000
vt 1.70030000 1.13770000
vt 1.51880000 1.31370000
vt 1.62810000 1.26210000
vt 1.51780000 1.21490000
vt 1.38010000 1.31320000
vt 1.57550000 1.40440000
vt 1.37960000 1.26780000
vt 1.25600000 1.31280000
vt 1.55570000 1.55880000
vt 1.25610000 1.28060000
vt 2.94580000 1.42460000
vt 2.94560000 1.57750000
vt 2.86990000 1.57740000
vt 3.15170000 1.28150000
vt 2.85340000 1.42500000
vt 2.99990000 1.26870000
vt 2.94600000 1.27730000
vt 2.85670000 1.21590000
vt 2.80280000 1.27780000
vt 2.94610000 1.14160000
vt 2.72650000 1.12910000
vt 2.94620000 1.03070000
vt 2.61710000 1.02910000
vt 2.94620000 0.91520000
vt 2.49160000 0.91520000
vt 2.94620000 0.78570000
vt 2.37390000 0.78570000
vt 2.94620000 0.62440000
vt 2.37390000 0.46300000
vt 2.94620000 0.46300000
vt 2.05240000 0.46300000
vt 1.41550000 0.62440000
vt 1.41550000 0.46300000
vt 1.93280000 0.33780000
vt 1.41550000 0.33780000
vt 1.80500000 0.22460000
vt 1.41550000 0.22460000
vt 1.70230000 0.11780000
vt 1.41550000 0.11780000
vt 1.51890000 0.03830000
vt 1.62860000 -0.00750000
vt 1.41550000 -0.00750000
vt 1.38030000 -0.01170000
vt 1.57560000 -0.15050000
vt 1.41550000 -0.15050000
vt 1.55570000 -0.30560000
vt 1.25650000 -0.02720000
vt 1.41550000 -0.30560000
vt 2.37390000 1.31470000
vt 2.49160000 1.31470000
vt 2.62140000 1.31470000
vt 2.72890000 1.31470000
vt 2.85420000 1.31450000
vt 2.99720000 1.31410000
vt 3.15230000 1.31380000
vt 2.49160000 0.33780000
vt 2.94620000 0.33780000
vt 2.62140000 0.22460000
vt 2.94620000 0.22460000
vt 2.72890000 0.11780000
vt 2.94620000 0.11780000
vt 2.85420000 0.03830000
vt 2.80220000 -0.03060000
vt 2.94620000 -0.03060000
vt 2.85170000 -0.17340000
vt 2.99260000 -0.01010000
vt 2.94620000 -0.17420000
vt 3.14760000 -0.02670000
vt 2.87010000 -0.31320000
vt 2.94620000 -0.31390000
vt 1.41550000 0.78570000
vt 1.41550000 0.91520000
vt 1.41550000 1.03510000
vt 1.41550000 1.13750000
vt 1.41550000 1.26200000
vt 1.41550000 1.40430000
vt 1.41550000 1.55880000
vt 2.05240000 -0.04560000
vt 2.21380000 -0.04560000
vt 1.93280000 -0.04560000
vt 1.80500000 -0.04560000
vt 1.70170000 -0.04560000
vt 1.51890000 -0.04560000
vt 3.84010000 0.80240000
vt 3.84010000 1.31470000
vt 3.67870000 1.31470000
vt 3.67870000 0.64110000
vt 3.95960000 0.93110000
vt 3.95960000 1.31470000
vt 4.09090000 1.04990000
vt 4.08750000 1.31470000
vt 4.23500000 1.14580000
vt 4.19200000 1.14400000
vt 4.23280000 1.31420000
vt 4.37460000 1.22790000
vt 4.26430000 1.26800000
vt 4.37370000 1.31370000
vt 4.51270000 1.27990000
vt 4.51240000 1.31320000
vt 4.63640000 1.29250000
vt 4.63650000 1.31280000
vt 2.76710000 1.28360000
vt 3.00940000 1.57760000
vt 3.02600000 1.42510000
vt 2.90900000 1.27170000
vt 2.90680000 1.27180000
vt 3.04050000 1.22240000
vt 3.07630000 1.27810000
vt 3.15190000 1.14120000
vt 3.25980000 1.02920000
vt 3.38510000 0.91520000
vt 3.50250000 0.78570000
vt 3.66210000 0.62440000
vt 3.50240000 0.46300000
vt 3.85640000 0.46300000
vt 4.41300000 0.46300000
vt 4.41300000 0.62440000
vt 3.69540000 0.62440000
vt 3.97560000 0.33780000
vt 4.41300000 0.33780000
vt 4.10270000 0.22460000
vt 4.41300000 0.22460000
vt 4.20400000 0.11780000
vt 4.41300000 0.11780000
vt 4.27680000 -0.00750000
vt 4.37760000 0.03830000
vt 4.41300000 -0.00750000
vt 4.51600000 -0.01170000
vt 4.32910000 -0.15050000
vt 4.41300000 -0.15050000
vt 4.34870000 -0.30560000
vt 4.41300000 -0.30560000
vt 3.51860000 1.31470000
vt 3.51860000 0.80250000
vt 3.40090000 1.31470000
vt 3.40090000 0.93110000
vt 3.27110000 1.31470000
vt 3.27510000 1.04390000
vt 3.16360000 1.31470000
vt 3.16570000 1.15430000
vt 3.16570000 1.14810000
vt 3.04640000 1.31440000
vt 3.08920000 1.28420000
vt 3.04440000 1.23430000
vt 2.91280000 1.31410000
vt 2.91090000 1.28290000
vt 2.76770000 1.31370000
vt 2.76810000 1.29470000
vt 3.38490000 0.33780000
vt 3.25560000 0.22460000
vt 3.14970000 0.11780000
vt 3.07750000 -0.03060000
vt 3.01420000 0.03840000
vt 3.02860000 -0.17350000
vt 2.87260000 -0.01010000
vt 2.86980000 -0.01000000
vt 3.01050000 -0.31340000
vt 2.72940000 -0.02670000
vt 4.41300000 0.78570000
vt 3.85620000 0.78570000
vt 4.41300000 0.91520000
vt 3.97540000 0.91520000
vt 4.41300000 1.03510000
vt 4.10180000 1.03540000
vt 4.10630000 1.03540000
vt 4.41300000 1.13750000
vt 4.20590000 1.13770000
vt 4.24490000 1.13200000
vt 4.41300000 1.26210000
vt 4.37870000 1.21490000
vt 4.27720000 1.26210000
vt 4.41300000 1.40430000
vt 4.51660000 1.26780000
vt 4.32910000 1.40440000
vt 4.51400000 1.26780000
vt 4.41300000 1.55880000
vt 4.63750000 1.28060000
vt 4.34870000 1.55880000
vt 3.67870000 -0.04560000
vt 3.84010000 -0.04560000
vt 3.84010000 0.44650000
vt 3.67870000 0.60770000
vt 3.95960000 -0.04560000
vt 3.95960000 0.32220000
vt 4.08750000 -0.04560000
vt 4.08750000 0.21700000
vt 4.08750000 0.20990000
vt 4.23280000 -0.04560000
vt 4.19020000 0.11140000
vt 4.23280000 0.10370000
vt 4.19020000 0.11050000
vt 4.37360000 -0.04560000
vt 4.37360000 0.02540000
vt 4.26390000 -0.01340000
vt 4.98590000 1.31470000
vt 4.86640000 1.31470000
vt 4.86640000 0.93110000
vt 4.98590000 0.80240000
vt 4.73850000 1.31470000
vt 4.73510000 1.04990000
vt 4.59320000 1.31420000
vt 4.59100000 1.14580000
vt 4.63400000 1.14400000
vt 4.45230000 1.31370000
vt 4.45140000 1.22790000
vt 4.56160000 1.26800000
vt 4.31360000 1.31320000
vt 4.31330000 1.27990000
vt 4.18950000 1.31280000
vt 4.18960000 1.29250000
vt 4.96970000 0.46300000
vt 4.85040000 0.33780000
vt 4.72320000 0.22460000
vt 4.62200000 0.11780000
vt 4.44840000 0.03830000
vt 4.54920000 -0.00750000
vt 4.31000000 -0.01170000
vt 4.49690000 -0.15050000
vt 4.47730000 -0.30560000
vt 4.96980000 0.78570000
vt 4.85060000 0.91520000
vt 4.72420000 1.03540000
vt 4.71970000 1.03540000
vt 4.58110000 1.13200000
vt 4.62010000 1.13770000
vt 4.54880000 1.26210000
vt 4.44730000 1.21490000
vt 4.30930000 1.26780000
vt 4.49680000 1.40440000
vt 4.31190000 1.26780000
vt 4.47730000 1.55880000
vt 4.18840000 1.28060000
vt 4.86640000 0.32220000
vt 4.86640000 -0.04560000
vt 4.98590000 -0.04560000
vt 4.98590000 0.44640000
vt 4.73850000 0.21700000
vt 4.73850000 0.20990000
vt 4.73850000 -0.04560000
vt 4.63580000 0.11050000
vt 4.63580000 0.11140000
vt 4.59320000 0.10370000
vt 4.59320000 -0.04560000
vt 4.56210000 -0.01340000
vt 4.45240000 0.02540000
vt 4.45240000 -0.04560000
vt 1.38030000 -0.04560000
vt 1.25650000 -0.04560000
vt 2.37390000 -0.04560000
vt 2.49160000 -0.04560000
vt 2.62140000 -0.04560000
vt 2.72890000 -0.04560000
vt 2.85520000 -0.04560000
vt 2.99350000 -0.04560000
vt 3.14790000 -0.04560000
vt 4.31680000 -0.15170000
vt 4.51220000 -0.02380000
vt 4.51220000 -0.04560000
vt 4.63600000 -0.03910000
vt 4.33680000 -0.30680000
vt 4.63600000 -0.04560000
vt 3.51860000 0.44640000
vt 3.51860000 -0.04560000
vt 3.40090000 0.32210000
vt 3.40090000 -0.04560000
vt 3.27110000 0.21000000
vt 3.27110000 -0.04560000
vt 3.16360000 0.11030000
vt 3.16360000 0.10380000
vt 3.16360000 -0.04560000
vt 3.09020000 -0.03770000
vt 3.01820000 0.02540000
vt 3.01730000 -0.04560000
vt 2.87360000 -0.02220000
vt 2.87300000 -0.04550000
vt 2.73060000 -0.03860000
vt 2.73050000 -0.04550000
vt 4.50920000 -0.15170000
vt 4.31380000 -0.02380000
vt 4.31380000 -0.04560000
vt 4.48920000 -0.30680000
vt 4.19000000 -0.03910000
vt 4.19000000 -0.04560000
vt 0.67610000 0.78570000
vt 0.67610000 1.31470000
vt 0.51480000 1.31470000
vt 0.51480000 0.62440000
vt 0.83130000 0.91520000
vt 0.83130000 1.31470000
vt 0.97780000 1.03540000
vt 0.97420000 1.31470000
vt 1.10150000 1.13770000
vt 1.09960000 1.31470000
vt 1.20290000 1.26210000
vt 1.25790000 1.21780000
vt 1.25710000 1.31380000
vt 1.39560000 1.26880000
vt 1.25210000 1.40440000
vt 1.39520000 1.31290000
vt 1.52610000 1.28080000
vt 1.27530000 1.55880000
vt 1.52620000 1.31200000
vt -0.24220000 1.57780000
vt -0.46600000 1.28310000
vt -0.25880000 1.57840000
vt -0.25920000 1.42270000
vt -0.22590000 1.42540000
vt -0.32380000 1.27130000
vt -0.25960000 1.27560000
vt -0.16560000 1.27810000
vt -0.18950000 1.22190000
vt -0.25980000 1.14350000
vt -0.06740000 1.14080000
vt -0.25990000 1.03260000
vt 0.05970000 1.02910000
vt -0.25990000 0.91520000
vt 0.19840000 0.91520000
vt -0.25990000 0.78570000
vt 0.35350000 0.78570000
vt -0.25990000 0.62440000
vt 0.35350000 0.46300000
vt -0.25990000 0.46300000
vt 0.67610000 0.46300000
vt 0.83130000 0.33780000
vt 0.97420000 0.22460000
vt 1.09960000 0.11780000
vt 1.20240000 -0.00750000
vt 1.25170000 0.03830000
vt 1.40300000 -0.01170000
vt 1.25200000 -0.15050000
vt 1.55720000 -0.02720000
vt 1.27530000 -0.30560000
vt 1.25200000 -0.23070000
vt 1.40300000 -0.36610000
vt 1.25170000 -0.41580000
vt 1.20240000 -0.37950000
vt 1.27530000 -0.07380000
vt 1.55720000 -0.34290000
vt -0.38260000 -0.36550000
vt 1.42140000 1.15780000
vt 1.26950000 1.14140000
vt -0.51260000 -0.34310000
vt 1.26950000 1.12480000
vt 1.42630000 1.12480000
vt 1.57510000 1.12480000
vt -0.23290000 -0.41390000
vt 1.56950000 1.21740000
vt -0.25990000 -0.51860000
vt 1.71430000 1.12480000
vt -0.06990000 -0.51860000
vt 1.71430000 1.31470000
vt -0.25990000 -0.64390000
vt 0.05540000 -0.64390000
vt -0.25990000 -0.78690000
vt 0.19840000 -0.78690000
vt -0.25990000 -0.94200000
vt 0.35350000 -0.94200000
vt 0.35350000 1.31470000
vt 0.19840000 1.31470000
vt 0.05540000 1.31470000
vt -0.06990000 1.31470000
vt -0.18730000 1.31430000
vt -0.32130000 1.31380000
vt -0.46660000 1.31330000
vt 0.19840000 0.33780000
vt -0.25990000 0.33780000
vt 0.05540000 0.22460000
vt -0.25990000 0.22460000
vt 4.65600000 1.12480000
vt -0.06990000 0.11780000
vt 4.65600000 1.31470000
vt -0.25990000 0.11780000
vt 4.50760000 1.21990000
vt -0.22720000 0.03830000
vt 4.50760000 1.31470000
vt 4.36490000 1.27920000
vt -0.37350000 -0.01010000
vt 4.36010000 1.31470000
vt 4.22500000 1.29770000
vt -0.50850000 -0.02690000
vt 4.22080000 1.31470000
vt 0.51480000 -1.09950000
vt 0.51860000 -1.09950000
vt 0.67610000 -0.94200000
vt 0.83130000 -0.78690000
vt 0.97420000 -0.64390000
vt 1.09960000 -0.51860000
vt 1.41550000 -0.23070000
vt 1.41550000 -0.07380000
vt 1.41550000 -0.37950000
vt 1.41550000 -0.51860000
vt 1.41550000 -0.64390000
vt 1.41550000 -0.78690000
vt 1.41550000 -0.94200000
vt 1.41550000 -1.09950000
vt -0.25990000 -1.09950000
vt 0.49430000 -1.09950000
vt -0.25990000 -1.09950000
vt 0.51100000 -1.09950000
vt 0.51480000 0.62440000
vt 2.21380000 0.62440000
vt 3.67870000 0.62440000
vt 3.67870000 0.62440000
vt 2.05240000 0.80240000
vt 2.21380000 0.64110000
vt 2.21380000 1.31470000
vt 2.05240000 1.31470000
vt 1.93280000 0.93110000
vt 1.93280000 1.31470000
vt 1.80160000 1.04990000
vt 1.80500000 1.31470000
vt 1.70050000 1.14400000
vt 1.70040000 1.15110000
vt 1.70130000 1.31420000
vt 1.51790000 1.22790000
vt 1.62810000 1.26800000
vt 1.51880000 1.31370000
vt 1.37980000 1.27990000
vt 1.38010000 1.31320000
vt 1.25610000 1.29250000
vt 1.25600000 1.31280000
vt 3.15300000 1.28150000
vt 2.88180000 1.57740000
vt 2.86550000 1.42490000
vt 3.00360000 1.26890000
vt 3.00120000 1.26870000
vt 2.94580000 1.42460000
vt 2.94560000 1.57750000
vt 2.86060000 1.21600000
vt 2.81560000 1.27780000
vt 2.94600000 1.27730000
vt 2.74050000 1.12990000
vt 2.94610000 1.14160000
vt 2.63270000 1.02920000
vt 2.94620000 1.03070000
vt 2.50740000 0.91520000
vt 2.94620000 0.91520000
vt 2.39000000 0.78570000
vt 2.94620000 0.78570000
vt 2.23040000 0.62440000
vt 2.94620000 0.62440000
vt 2.39010000 0.46300000
vt 2.94620000 0.46300000
vt 2.03610000 0.46300000
vt 2.19710000 0.62440000
vt 1.41550000 0.62440000
vt 1.41550000 0.46300000
vt 1.91680000 0.33780000
vt 1.41550000 0.33780000
vt 1.78970000 0.22460000
vt 1.41550000 0.22460000
vt 1.68850000 0.11780000
vt 1.41550000 0.11780000
vt 1.61570000 -0.00750000
vt 1.51480000 0.03830000
vt 1.41550000 -0.00750000
vt 1.37650000 -0.01170000
vt 1.56340000 -0.15050000
vt 1.41550000 -0.15050000
vt 1.54380000 -0.30560000
vt 1.41550000 -0.30560000
vt 2.37390000 0.80250000
vt 2.37390000 1.31470000
vt 2.49160000 0.93110000
vt 2.49160000 1.31470000
vt 2.61740000 1.04390000
vt 2.62140000 1.31470000
vt 2.72670000 1.14310000
vt 2.72670000 1.13640000
vt 2.72890000 1.31470000
vt 2.85640000 1.22870000
vt 2.80270000 1.28410000
vt 2.85420000 1.31450000
vt 2.99920000 1.28070000
vt 2.99720000 1.31410000
vt 3.15200000 1.29340000
vt 3.15230000 1.31380000
vt 2.50760000 0.33780000
vt 2.94620000 0.33780000
vt 2.63680000 0.22460000
vt 2.94620000 0.22460000
vt 2.74280000 0.11780000
vt 2.94620000 0.11780000
vt 2.81500000 -0.03060000
vt 2.85830000 0.03830000
vt 2.94620000 -0.03060000
vt 2.99410000 -0.01010000
vt 2.86390000 -0.17350000
vt 2.99650000 -0.01010000
vt 2.94620000 -0.17420000
vt 2.88200000 -0.31340000
vt 3.14910000 -0.02680000
vt 2.94620000 -0.31390000
vt 2.03620000 0.78570000
vt 1.41550000 0.78570000
vt 1.91700000 0.91520000
vt 1.41550000 0.91520000
vt 1.78620000 1.03540000
vt 1.41550000 1.03510000
vt 1.68650000 1.13770000
vt 1.41550000 1.13750000
vt 1.61530000 1.26210000
vt 1.51370000 1.21490000
vt 1.41550000 1.26200000
vt 1.56330000 1.40440000
vt 1.37580000 1.26780000
vt 1.37840000 1.26780000
vt 1.41550000 1.40430000
vt 1.54380000 1.55880000
vt 1.25490000 1.28060000
vt 1.41550000 1.55880000
vt 2.05240000 0.44650000
vt 2.05240000 -0.04560000
vt 2.21380000 -0.04560000
vt 2.21380000 0.60770000
vt 1.93280000 0.32220000
vt 1.93280000 -0.04560000
vt 1.80500000 0.20990000
vt 1.80500000 -0.04560000
vt 1.70220000 0.10370000
vt 1.70230000 0.11140000
vt 1.70170000 -0.04560000
vt 1.51890000 0.02540000
vt 1.62860000 -0.01340000
vt 1.51890000 -0.04560000
vt 3.84010000 0.80240000
vt 3.84010000 1.31470000
vt 3.67870000 1.31470000
vt 3.67870000 0.64110000
vt 3.95960000 0.93110000
vt 3.95960000 1.31470000
vt 4.09090000 1.04990000
vt 4.08750000 1.31470000
vt 4.23500000 1.14580000
vt 4.19200000 1.14400000
vt 4.23280000 1.31420000
vt 4.37460000 1.22790000
vt 4.26430000 1.26800000
vt 4.37370000 1.31370000
vt 4.51270000 1.27990000
vt 4.51240000 1.31320000
vt 4.63640000 1.29250000
vt 4.63650000 1.31280000
vt 2.76710000 1.28360000
vt 3.00940000 1.57760000
vt 3.02600000 1.42510000
vt 2.90670000 1.27170000
vt 2.90900000 1.27170000
vt 3.07630000 1.27810000
vt 3.04040000 1.22230000
vt 3.15190000 1.14120000
vt 3.25980000 1.02920000
vt 3.38510000 0.91520000
vt 3.50250000 0.78570000
vt 3.66210000 0.62440000
vt 3.50240000 0.46300000
vt 3.85640000 0.46300000
vt 4.41300000 0.46300000
vt 4.41300000 0.62440000
vt 3.69540000 0.62440000
vt 3.97560000 0.33780000
vt 4.41300000 0.33780000
vt 4.10270000 0.22460000
vt 4.41300000 0.22460000
vt 4.20400000 0.11780000
vt 4.41300000 0.11780000
vt 4.27680000 -0.00750000
vt 4.37760000 0.03830000
vt 4.41300000 -0.00750000
vt 4.32910000 -0.15050000
vt 4.51600000 -0.01170000
vt 4.41300000 -0.15050000
vt 4.34870000 -0.30560000
vt 4.41300000 -0.30560000
vt 3.51860000 0.80250000
vt 3.51860000 1.31470000
vt 3.40090000 0.93110000
vt 3.40090000 1.31470000
vt 3.27510000 1.04390000
vt 3.27110000 1.31470000
vt 3.16570000 1.14810000
vt 3.16570000 1.15430000
vt 3.16360000 1.31470000
vt 3.08920000 1.28420000
vt 3.04440000 1.23430000
vt 3.04640000 1.31440000
vt 2.91090000 1.28290000
vt 2.91280000 1.31410000
vt 2.76770000 1.31370000
vt 2.76810000 1.29470000
vt 3.38490000 0.33780000
vt 3.25560000 0.22460000
vt 3.14970000 0.11780000
vt 3.01410000 0.03840000
vt 3.07750000 -0.03060000
vt 2.87260000 -0.01000000
vt 2.86980000 -0.01000000
vt 3.02860000 -0.17350000
vt 2.72940000 -0.02670000
vt 3.01050000 -0.31340000
vt 3.85620000 0.78570000
vt 4.41300000 0.78570000
vt 3.97540000 0.91520000
vt 4.41300000 0.91520000
vt 4.10630000 1.03540000
vt 4.10180000 1.03540000
vt 4.41300000 1.03510000
vt 4.24490000 1.13200000
vt 4.20590000 1.13770000
vt 4.41300000 1.13750000
vt 4.37870000 1.21490000
vt 4.27720000 1.26210000
vt 4.41300000 1.26210000
vt 4.32910000 1.40440000
vt 4.51660000 1.26780000
vt 4.51400000 1.26780000
vt 4.41300000 1.40430000
vt 4.63750000 1.28060000
vt 4.34870000 1.55880000
vt 4.41300000 1.55880000
vt 3.84010000 0.44650000
vt 3.67870000 0.60770000
vt 3.67870000 -0.04560000
vt 3.84010000 -0.04560000
vt 3.95960000 0.32220000
vt 3.95960000 -0.04560000
vt 4.08750000 0.20990000
vt 4.08750000 0.21700000
vt 4.08750000 -0.04560000
vt 4.23280000 0.10370000
vt 4.19020000 0.11140000
vt 4.19020000 0.11050000
vt 4.23280000 -0.04560000
vt 4.37360000 0.02540000
vt 4.26390000 -0.01340000
vt 4.37360000 -0.04560000
vt 4.86640000 0.93110000
vt 4.98590000 0.80240000
vt 4.98590000 1.31470000
vt 4.86640000 1.31470000
vt 4.73510000 1.04990000
vt 4.73850000 1.31470000
vt 4.63400000 1.14400000
vt 4.59100000 1.14580000
vt 4.59320000 1.31420000
vt 4.56160000 1.26800000
vt 4.45140000 1.22790000
vt 4.45230000 1.31370000
vt 4.31330000 1.27990000
vt 4.31360000 1.31320000
vt 4.18960000 1.29250000
vt 4.18950000 1.31280000
vt 4.96970000 0.46300000
vt 5.14570000 0.62440000
vt 4.85040000 0.33780000
vt 4.72320000 0.22460000
vt 4.62200000 0.11780000
vt 4.44840000 0.03830000
vt 4.54920000 -0.00750000
vt 4.31000000 -0.01170000
vt 4.49690000 -0.15050000
vt 4.47730000 -0.30560000
vt 4.96980000 0.78570000
vt 4.85060000 0.91520000
vt 4.71970000 1.03540000
vt 4.72420000 1.03540000
vt 4.58110000 1.13200000
vt 4.62010000 1.13770000
vt 4.54880000 1.26210000
vt 4.44730000 1.21490000
vt 4.49680000 1.40440000
vt 4.30930000 1.26780000
vt 4.31190000 1.26780000
vt 4.47730000 1.55880000
vt 4.18840000 1.28060000
vt 4.86640000 0.32220000
vt 4.86640000 -0.04560000
vt 4.98590000 -0.04560000
vt 4.98590000 0.44640000
vt 4.73850000 0.20990000
vt 4.73850000 0.21700000
vt 4.73850000 -0.04560000
vt 4.63580000 0.11050000
vt 4.63580000 0.11140000
vt 4.59320000 0.10370000
vt 4.59320000 -0.04560000
vt 4.45240000 0.02540000
vt 4.56210000 -0.01340000
vt 4.45240000 -0.04560000
vt 1.38030000 -0.02380000
vt 1.57560000 -0.15170000
vt 1.38030000 -0.04560000
vt 1.25650000 -0.03910000
vt 1.55570000 -0.30680000
vt 1.25650000 -0.04560000
vt 2.37390000 0.44640000
vt 2.37390000 -0.04560000
vt 2.49160000 0.32210000
vt 2.49160000 -0.04560000
vt 2.62140000 0.21000000
vt 2.62140000 -0.04560000
vt 2.72890000 0.11030000
vt 2.72890000 0.10380000
vt 2.72890000 -0.04560000
vt 2.80230000 -0.03770000
vt 2.85440000 0.02530000
vt 2.85520000 -0.04560000
vt 2.99290000 -0.02230000
vt 2.99350000 -0.04560000
vt 3.14780000 -0.03860000
vt 3.14790000 -0.04560000
vt 4.51220000 -0.02380000
vt 4.31680000 -0.15170000
vt 4.51220000 -0.04560000
vt 4.33680000 -0.30680000
vt 4.63600000 -0.03910000
vt 4.63600000 -0.04560000
vt 3.51860000 0.44640000
vt 3.51860000 -0.04560000
vt 3.40090000 0.32210000
vt 3.40090000 -0.04560000
vt 3.27110000 0.21000000
vt 3.27110000 -0.04560000
vt 3.16360000 0.11030000
vt 3.16360000 0.10380000
vt 3.16360000 -0.04560000
vt 3.09020000 -0.03770000
vt 3.01820000 0.02540000
vt 3.01730000 -0.04560000
vt 2.87360000 -0.02220000
vt 2.87300000 -0.04550000
vt 2.73060000 -0.03860000
vt 2.73050000 -0.04550000
vt 4.50920000 -0.15170000
vt 4.31380000 -0.02380000
vt 4.31380000 -0.04560000
vt 4.48920000 -0.30680000
vt 4.19000000 -0.03910000
vt 4.19000000 -0.04560000
vt 0.67610000 0.80160000
vt 0.67610000 1.31470000
vt 0.51480000 1.31470000
vt 0.51480000 0.64100000
vt 0.83130000 0.93000000
vt 0.83130000 1.31470000
vt 0.97770000 1.04950000
vt 0.97420000 1.31470000
vt 1.10130000 1.15070000
vt 1.09960000 1.31470000
vt 1.20280000 1.26620000
vt 1.25780000 1.23030000
vt 1.25710000 1.31380000
vt 1.39550000 1.28060000
vt 1.25210000 1.40820000
vt 1.39520000 1.31290000
vt 1.52610000 1.29230000
vt 1.52620000 1.31200000
vt -0.25410000 1.57820000
vt -0.25880000 1.57840000
vt -0.25920000 1.42270000
vt -0.23790000 1.42450000
vt -0.25960000 1.27560000
vt -0.17870000 1.27780000
vt -0.25980000 1.14350000
vt -0.08240000 1.14100000
vt -0.25990000 1.03260000
vt 0.04310000 1.02930000
vt -0.25990000 0.91520000
vt 0.18100000 0.91520000
vt -0.25990000 0.78570000
vt 0.33630000 0.78570000
vt -0.25990000 0.62440000
vt 0.49820000 0.62440000
vt 0.33610000 0.46300000
vt -0.25990000 0.46300000
vt 0.69350000 0.46300000
vt 0.53150000 0.62440000
vt 0.84890000 0.33780000
vt 0.99050000 0.22460000
vt 1.11450000 0.11780000
vt 1.10840000 0.11780000
vt 1.21580000 -0.00750000
vt 1.25960000 0.03830000
vt 1.40480000 -0.01170000
vt 1.26420000 -0.15050000
vt 1.28720000 -0.30560000
vt 1.55890000 -0.02720000
vt 1.25200000 -0.22680000
vt 1.40300000 -0.35400000
vt 1.25200000 -0.22890000
vt 1.25200000 -0.15430000
vt 1.40300000 -0.02380000
vt 1.20240000 -0.01150000
vt 1.25170000 0.02550000
vt 1.20240000 -0.37230000
vt 1.20240000 -0.37520000
vt 1.25170000 -0.40260000
vt 1.55720000 -0.33100000
vt 1.27530000 -0.07210000
vt 1.55720000 -0.03910000
vt 1.42310000 1.14600000
vt -0.38550000 -0.36570000
vt 1.26950000 1.12950000
vt 1.26950000 1.12480000
vt 1.42630000 1.12480000
vt 1.57510000 1.12480000
vt 1.57020000 1.20460000
vt -0.23700000 -0.41420000
vt 1.71430000 1.12480000
vt -0.25990000 -0.51860000
vt 1.71430000 1.30050000
vt -0.08420000 -0.51860000
vt -0.25990000 -0.64390000
vt 0.04010000 -0.64390000
vt -0.25990000 -0.78690000
vt 0.18230000 -0.78690000
vt -0.25990000 -0.94200000
vt 0.33700000 -0.94200000
vt 0.35350000 0.80160000
vt 0.35350000 1.31470000
vt 0.19840000 0.93010000
vt 0.19840000 1.31470000
vt 0.05950000 1.04350000
vt 0.05540000 1.31470000
vt -0.06760000 1.15370000
vt -0.06770000 1.14760000
vt -0.06990000 1.31470000
vt -0.16580000 1.28200000
vt -0.16560000 1.28410000
vt -0.18920000 1.23390000
vt -0.18730000 1.31430000
vt -0.32310000 1.28250000
vt -0.22580000 1.42570000
vt -0.22610000 1.42870000
vt -0.32130000 1.31380000
vt -0.46660000 1.31330000
vt -0.46620000 1.29420000
vt -0.24220000 1.57910000
vt 0.18080000 0.33780000
vt -0.25990000 0.33780000
vt 0.03910000 0.22460000
vt -0.25990000 0.22460000
vt 4.65600000 1.13950000
vt -0.08470000 0.11780000
vt 4.65600000 1.31470000
vt -0.25990000 0.11780000
vt 4.50760000 1.23320000
vt -0.23240000 0.03840000
vt 4.50760000 1.31470000
vt -0.37990000 -0.01060000
vt 4.36320000 1.29200000
vt 4.36010000 1.31470000
vt 4.22190000 1.31000000
vt 4.22080000 1.31470000
vt 0.69340000 0.78570000
vt 0.84860000 0.91520000
vt 0.99410000 1.03540000
vt 1.11640000 1.13770000
vt 1.11060000 1.13770000
vt 1.21620000 1.26210000
vt 1.26610000 1.21780000
vt 1.26430000 1.40440000
vt 1.39710000 1.26880000
vt 1.28720000 1.55880000
vt 1.52750000 1.28070000
vt 0.51480000 0.60770000
vt 0.67610000 -0.92550000
vt 0.67610000 0.44730000
vt 0.19840000 -0.77090000
vt 0.35350000 -0.92550000
vt 0.35350000 0.44730000
vt 0.19840000 0.32310000
vt 0.83130000 -0.77090000
vt 0.83130000 0.32310000
vt 0.05540000 -0.62860000
vt 0.05540000 0.21030000
vt 0.97420000 -0.62860000
vt 0.97420000 0.21030000
vt 1.70650000 1.31450000
vt -0.06990000 -0.50410000
vt 4.64870000 1.12480000
vt -0.06990000 0.10410000
vt 1.09960000 -0.50420000
vt 1.09960000 -0.51080000
vt 1.09960000 0.10410000
vt 1.56250000 1.21720000
vt -0.23280000 -0.40080000
vt 4.50060000 1.21990000
vt -0.22740000 0.02540000
vt 4.36350000 1.27970000
vt -0.37380000 -0.02230000
vt -0.38230000 -0.35340000
vt 1.41990000 1.15790000
vt 4.22370000 1.29810000
vt -0.50870000 -0.03880000
vt -0.51240000 -0.33110000
vt 1.26790000 1.14140000
vt 1.28720000 -0.07380000
vt 1.26420000 -0.23070000
vt 1.41550000 -0.23070000
vt 1.41550000 -0.07380000
vt 1.21560000 -0.37950000
vt 1.41550000 -0.37950000
vt 1.11400000 -0.51860000
vt 1.41550000 -0.51860000
vt 0.98960000 -0.64390000
vt 1.41550000 -0.64390000
vt 0.84730000 -0.78690000
vt 1.41550000 -0.78690000
vt 0.69270000 -0.94200000
vt 1.41550000 -0.94200000
vt 5.14570000 1.31470000
vt 5.14570000 0.64170000
vt 5.14570000 -0.04560000
vt 5.14570000 0.60700000
vt 2.05240000 0.78570000
vt 2.05240000 1.31470000
vt 2.21380000 1.31470000
vt 2.21380000 0.62440000
vt 1.93280000 0.91520000
vt 1.93280000 1.31470000
vt 1.80140000 1.03540000
vt 1.80500000 1.31470000
vt 1.70030000 1.13770000
vt 1.70130000 1.31420000
vt 1.62810000 1.26210000
vt 1.51780000 1.21490000
vt 1.51880000 1.31370000
vt 1.37960000 1.26780000
vt 1.57550000 1.40440000
vt 1.38010000 1.31320000
vt 1.25610000 1.28060000
vt 1.55570000 1.55880000
vt 1.25600000 1.31280000
vt 2.86990000 1.57740000
vt 3.15170000 1.28150000
vt 2.94560000 1.57750000
vt 2.94580000 1.42460000
vt 2.99990000 1.26870000
vt 2.85340000 1.42500000
vt 2.94600000 1.27730000
vt 2.80280000 1.27780000
vt 2.85670000 1.21590000
vt 2.94610000 1.14160000
vt 2.72650000 1.12910000
vt 2.94620000 1.03070000
vt 2.61710000 1.02910000
vt 2.94620000 0.91520000
vt 2.49160000 0.91520000
vt 2.94620000 0.78570000
vt 2.37390000 0.78570000
vt 2.94620000 0.62440000
vt 2.37390000 0.46300000
vt 2.94620000 0.46300000
vt 2.05240000 0.46300000
vt 1.41550000 0.46300000
vt 1.41550000 0.62440000
vt 1.93280000 0.33780000
vt 1.41550000 0.33780000
vt 1.80500000 0.22460000
vt 1.41550000 0.22460000
vt 1.70230000 0.11780000
vt 1.41550000 0.11780000
vt 1.51890000 0.03830000
vt 1.62860000 -0.00750000
vt 1.41550000 -0.00750000
vt 1.57560000 -0.15050000
vt 1.38030000 -0.01170000
vt 1.41550000 -0.15050000
vt 1.55570000 -0.30560000
vt 1.25650000 -0.02720000
vt 1.41550000 -0.30560000
vt 2.37390000 1.31470000
vt 2.49160000 1.31470000
vt 2.62140000 1.31470000
vt 2.72890000 1.31470000
vt 2.85420000 1.31450000
vt 2.99720000 1.31410000
vt 3.15230000 1.31380000
vt 2.49160000 0.33780000
vt 2.94620000 0.33780000
vt 2.62140000 0.22460000
vt 2.94620000 0.22460000
vt 2.72890000 0.11780000
vt 2.94620000 0.11780000
vt 2.80220000 -0.03060000
vt 2.85420000 0.03830000
vt 2.94620000 -0.03060000
vt 2.99260000 -0.01010000
vt 2.85170000 -0.17340000
vt 2.94620000 -0.17420000
vt 2.87010000 -0.31320000
vt 3.14760000 -0.02670000
vt 2.94620000 -0.31390000
vt 1.41550000 0.78570000
vt 1.41550000 0.91520000
vt 1.41550000 1.03510000
vt 1.41550000 1.13750000
vt 1.41550000 1.26200000
vt 1.41550000 1.40430000
vt 1.41550000 1.55880000
vt 2.21380000 -0.04560000
vt 2.05240000 -0.04560000
vt 1.93280000 -0.04560000
vt 1.80500000 -0.04560000
vt 1.70170000 -0.04560000
vt 1.51890000 -0.04560000
vt 3.84010000 0.80240000
vt 3.67870000 0.64110000
vt 3.67870000 1.31470000
vt 3.84010000 1.31470000
vt 3.95960000 0.93110000
vt 3.95960000 1.31470000
vt 4.09090000 1.04990000
vt 4.08750000 1.31470000
vt 4.23500000 1.14580000
vt 4.19200000 1.14400000
vt 4.23280000 1.31420000
vt 4.37460000 1.22790000
vt 4.26430000 1.26800000
vt 4.37370000 1.31370000
vt 4.51270000 1.27990000
vt 4.51240000 1.31320000
vt 4.63640000 1.29250000
vt 4.63650000 1.31280000
vt 3.00940000 1.57760000
vt 2.76710000 1.28360000
vt 3.02600000 1.42510000
vt 2.90900000 1.27170000
vt 2.90680000 1.27180000
vt 3.04050000 1.22240000
vt 3.07630000 1.27810000
vt 3.15190000 1.14120000
vt 3.25980000 1.02920000
vt 3.38510000 0.91520000
vt 3.50250000 0.78570000
vt 3.66210000 0.62440000
vt 3.50240000 0.46300000
vt 3.85640000 0.46300000
vt 3.69540000 0.62440000
vt 4.41300000 0.62440000
vt 4.41300000 0.46300000
vt 3.97560000 0.33780000
vt 4.41300000 0.33780000
vt 4.10270000 0.22460000
vt 4.41300000 0.22460000
vt 4.20400000 0.11780000
vt 4.41300000 0.11780000
vt 4.27680000 -0.00750000
vt 4.37760000 0.03830000
vt 4.41300000 -0.00750000
vt 4.51600000 -0.01170000
vt 4.32910000 -0.15050000
vt 4.41300000 -0.15050000
vt 4.34870000 -0.30560000
vt 4.41300000 -0.30560000
vt 3.51860000 0.80250000
vt 3.51860000 1.31470000
vt 3.40090000 0.93110000
vt 3.40090000 1.31470000
vt 3.27510000 1.04390000
vt 3.27110000 1.31470000
vt 3.16570000 1.15430000
vt 3.16570000 1.14810000
vt 3.16360000 1.31470000
vt 3.04440000 1.23430000
vt 3.08920000 1.28420000
vt 3.04640000 1.31440000
vt 2.91090000 1.28290000
vt 2.91280000 1.31410000
vt 2.76810000 1.29470000
vt 2.76770000 1.31370000
vt 3.38490000 0.33780000
vt 3.25560000 0.22460000
vt 3.14970000 0.11780000
vt 3.07750000 -0.03060000
vt 3.01420000 0.03840000
vt 2.87260000 -0.01010000
vt 3.02860000 -0.17350000
vt 2.86980000 -0.01000000
vt 3.01050000 -0.31340000
vt 2.72940000 -0.02670000
vt 3.85620000 0.78570000
vt 4.41300000 0.78570000
vt 3.97540000 0.91520000
vt 4.41300000 0.91520000
vt 4.10180000 1.03540000
vt 4.10630000 1.03540000
vt 4.41300000 1.03510000
vt 4.20590000 1.13770000
vt 4.24490000 1.13200000
vt 4.41300000 1.13750000
vt 4.27720000 1.26210000
vt 4.37870000 1.21490000
vt 4.41300000 1.26210000
vt 4.32910000 1.40440000
vt 4.51660000 1.26780000
vt 4.51400000 1.26780000
vt 4.41300000 1.40430000
vt 4.34870000 1.55880000
vt 4.63750000 1.28060000
vt 4.41300000 1.55880000
vt 3.84010000 0.44650000
vt 3.84010000 -0.04560000
vt 3.67870000 -0.04560000
vt 3.67870000 0.60770000
vt 3.95960000 0.32220000
vt 3.95960000 -0.04560000
vt 4.08750000 0.20990000
vt 4.08750000 0.21700000
vt 4.08750000 -0.04560000
vt 4.23280000 0.10370000
vt 4.19020000 0.11050000
vt 4.19020000 0.11140000
vt 4.23280000 -0.04560000
vt 4.37360000 0.02540000
vt 4.26390000 -0.01340000
vt 4.37360000 -0.04560000
vt 4.86640000 0.93110000
vt 4.86640000 1.31470000
vt 4.98590000 1.31470000
vt 4.98590000 0.80240000
vt 4.73510000 1.04990000
vt 4.73850000 1.31470000
vt 4.63400000 1.14400000
vt 4.59100000 1.14580000
vt 4.59320000 1.31420000
vt 4.45140000 1.22790000
vt 4.56160000 1.26800000
vt 4.45230000 1.31370000
vt 4.31330000 1.27990000
vt 4.31360000 1.31320000
vt 4.18960000 1.29250000
vt 4.18950000 1.31280000
vt 4.96970000 0.46300000
vt 4.85040000 0.33780000
vt 4.72320000 0.22460000
vt 4.62200000 0.11780000
vt 4.54920000 -0.00750000
vt 4.44840000 0.03830000
vt 4.49690000 -0.15050000
vt 4.31000000 -0.01170000
vt 4.47730000 -0.30560000
vt 4.96980000 0.78570000
vt 4.85060000 0.91520000
vt 4.72420000 1.03540000
vt 4.71970000 1.03540000
vt 4.62010000 1.13770000
vt 4.58110000 1.13200000
vt 4.54880000 1.26210000
vt 4.44730000 1.21490000
vt 4.31190000 1.26780000
vt 4.30930000 1.26780000
vt 4.49680000 1.40440000
vt 4.18840000 1.28060000
vt 4.47730000 1.55880000
vt 4.86640000 0.32220000
vt 4.98590000 0.44640000
vt 4.98590000 -0.04560000
vt 4.86640000 -0.04560000
vt 4.73850000 0.20990000
vt 4.73850000 0.21700000
vt 4.73850000 -0.04560000
vt 4.63580000 0.11140000
vt 4.63580000 0.11050000
vt 4.59320000 0.10370000
vt 4.59320000 -0.04560000
vt 4.45240000 0.02540000
vt 4.56210000 -0.01340000
vt 4.45240000 -0.04560000
vt 1.38030000 -0.04560000
vt 1.25650000 -0.04560000
vt 2.37390000 -0.04560000
vt 2.49160000 -0.04560000
vt 2.62140000 -0.04560000
vt 2.72890000 -0.04560000
vt 2.85520000 -0.04560000
vt 2.99350000 -0.04560000
vt 3.14790000 -0.04560000
vt 4.51220000 -0.02380000
vt 4.31680000 -0.15170000
vt 4.51220000 -0.04560000
vt 4.63600000 -0.03910000
vt 4.33680000 -0.30680000
vt 4.63600000 -0.04560000
vt 3.51860000 -0.04560000
vt 3.51860000 0.44640000
vt 3.40090000 -0.04560000
vt 3.40090000 0.32210000
vt 3.27110000 -0.04560000
vt 3.27110000 0.21000000
vt 3.16360000 -0.04560000
vt 3.16360000 0.11030000
vt 3.16360000 0.10380000
vt 3.01730000 -0.04560000
vt 3.09020000 -0.03770000
vt 3.01820000 0.02540000
vt 2.87300000 -0.04550000
vt 2.87360000 -0.02220000
vt 2.73050000 -0.04550000
vt 2.73060000 -0.03860000
vt 4.31380000 -0.04560000
vt 4.50920000 -0.15170000
vt 4.31380000 -0.02380000
vt 4.19000000 -0.04560000
vt 4.48920000 -0.30680000
vt 4.19000000 -0.03910000
vt 0.51480000 1.31470000
vt 0.67610000 1.31470000
vt 0.67610000 0.78570000
vt 0.51480000 0.62440000
vt 0.83130000 1.31470000
vt 0.83130000 0.91520000
vt 0.97420000 1.31470000
vt 0.97780000 1.03540000
vt 1.09960000 1.31470000
vt 1.10150000 1.13770000
vt 1.25710000 1.31380000
vt 1.25790000 1.21780000
vt 1.20290000 1.26210000
vt 1.39520000 1.31290000
vt 1.25210000 1.40440000
vt 1.39560000 1.26880000
vt 1.52620000 1.31200000
vt 1.52610000 1.28080000
vt 1.27530000 1.55880000
vt -0.25920000 1.42270000
vt -0.25880000 1.57840000
vt -0.46600000 1.28310000
vt -0.24220000 1.57780000
vt -0.22590000 1.42540000
vt -0.32380000 1.27130000
vt -0.25960000 1.27560000
vt -0.16560000 1.27810000
vt -0.18950000 1.22190000
vt -0.25980000 1.14350000
vt -0.06740000 1.14080000
vt -0.25990000 1.03260000
vt 0.05970000 1.02910000
vt -0.25990000 0.91520000
vt 0.19840000 0.91520000
vt -0.25990000 0.78570000
vt 0.35350000 0.78570000
vt -0.25990000 0.62440000
vt 0.35350000 0.46300000
vt -0.25990000 0.46300000
vt 0.67610000 0.46300000
vt 0.83130000 0.33780000
vt 0.97420000 0.22460000
vt 1.09960000 0.11780000
vt 1.20240000 -0.00750000
vt 1.25170000 0.03830000
vt 1.25200000 -0.15050000
vt 1.40300000 -0.01170000
vt 1.55720000 -0.02720000
vt 1.27530000 -0.30560000
vt 1.40300000 -0.36610000
vt 1.25200000 -0.23070000
vt 1.20240000 -0.37950000
vt 1.25170000 -0.41580000
vt 1.55720000 -0.34290000
vt 1.27530000 -0.07380000
vt 1.42140000 1.15780000
vt -0.38260000 -0.36550000
vt 1.42630000 1.12480000
vt 1.26950000 1.12480000
vt 1.26950000 1.14140000
vt -0.51260000 -0.34310000
vt 1.57510000 1.12480000
vt 1.56950000 1.21740000
vt -0.23290000 -0.41390000
vt -0.25990000 -0.51860000
vt 1.71430000 1.12480000
vt -0.06990000 -0.51860000
vt 1.71430000 1.31470000
vt -0.25990000 -0.64390000
vt 0.05540000 -0.64390000
vt -0.25990000 -0.78690000
vt 0.19840000 -0.78690000
vt -0.25990000 -0.94200000
vt 0.35350000 -0.94200000
vt 0.35350000 1.31470000
vt 0.19840000 1.31470000
vt 0.05540000 1.31470000
vt -0.06990000 1.31470000
vt -0.18730000 1.31430000
vt -0.32130000 1.31380000
vt -0.46660000 1.31330000
vt 0.19840000 0.33780000
vt -0.25990000 0.33780000
vt 0.05540000 0.22460000
vt -0.25990000 0.22460000
vt 4.65600000 1.12480000
vt -0.06990000 0.11780000
vt 4.65600000 1.31470000
vt -0.25990000 0.11780000
vt -0.22720000 0.03830000
vt 4.50760000 1.21990000
vt 4.50760000 1.31470000
vt 4.36490000 1.27920000
vt -0.37350000 -0.01010000
vt 4.36010000 1.31470000
vt 4.22500000 1.29770000
vt -0.50850000 -0.02690000
vt 4.22080000 1.31470000
vt 0.67610000 -0.94200000
vt 0.83130000 -0.78690000
vt 0.97420000 -0.64390000
vt 1.09960000 -0.51860000
vt 1.41550000 -0.07380000
vt 1.41550000 -0.23070000
vt 1.41550000 -0.37950000
vt 1.41550000 -0.51860000
vt 1.41550000 -0.64390000
vt 1.41550000 -0.78690000
vt 1.41550000 -0.94200000
vt 0.51480000 0.62440000
vt 2.21380000 0.62440000
vt 3.67870000 0.62440000
vt 3.67870000 0.62440000
vt 2.05240000 0.80240000
vt 2.05240000 1.31470000
vt 2.21380000 1.31470000
vt 2.21380000 0.64110000
vt 1.93280000 0.93110000
vt 1.93280000 1.31470000
vt 1.80160000 1.04990000
vt 1.80500000 1.31470000
vt 1.70050000 1.14400000
vt 1.70040000 1.15110000
vt 1.70130000 1.31420000
vt 1.62810000 1.26800000
vt 1.51790000 1.22790000
vt 1.51880000 1.31370000
vt 1.37980000 1.27990000
vt 1.38010000 1.31320000
vt 1.25610000 1.29250000
vt 1.25600000 1.31280000
vt 2.88180000 1.57740000
vt 3.15300000 1.28150000
vt 2.94560000 1.57750000
vt 2.94580000 1.42460000
vt 2.86550000 1.42490000
vt 3.00360000 1.26890000
vt 3.00120000 1.26870000
vt 2.94600000 1.27730000
vt 2.81560000 1.27780000
vt 2.86060000 1.21600000
vt 2.94610000 1.14160000
vt 2.74050000 1.12990000
vt 2.94620000 1.03070000
vt 2.63270000 1.02920000
vt 2.94620000 0.91520000
vt 2.50740000 0.91520000
vt 2.94620000 0.78570000
vt 2.39000000 0.78570000
vt 2.94620000 0.62440000
vt 2.23040000 0.62440000
vt 2.94620000 0.46300000
vt 2.39010000 0.46300000
vt 2.03610000 0.46300000
vt 1.41550000 0.46300000
vt 1.41550000 0.62440000
vt 2.19710000 0.62440000
vt 1.91680000 0.33780000
vt 1.41550000 0.33780000
vt 1.78970000 0.22460000
vt 1.41550000 0.22460000
vt 1.68850000 0.11780000
vt 1.41550000 0.11780000
vt 1.61570000 -0.00750000
vt 1.51480000 0.03830000
vt 1.41550000 -0.00750000
vt 1.56340000 -0.15050000
vt 1.37650000 -0.01170000
vt 1.41550000 -0.15050000
vt 1.54380000 -0.30560000
vt 1.41550000 -0.30560000
vt 2.37390000 1.31470000
vt 2.37390000 0.80250000
vt 2.49160000 1.31470000
vt 2.49160000 0.93110000
vt 2.62140000 1.31470000
vt 2.61740000 1.04390000
vt 2.72890000 1.31470000
vt 2.72670000 1.13640000
vt 2.72670000 1.14310000
vt 2.85420000 1.31450000
vt 2.85640000 1.22870000
vt 2.80270000 1.28410000
vt 2.99720000 1.31410000
vt 2.99920000 1.28070000
vt 3.15230000 1.31380000
vt 3.15200000 1.29340000
vt 2.94620000 0.33780000
vt 2.50760000 0.33780000
vt 2.94620000 0.22460000
vt 2.63680000 0.22460000
vt 2.94620000 0.11780000
vt 2.74280000 0.11780000
vt 2.94620000 -0.03060000
vt 2.85830000 0.03830000
vt 2.81500000 -0.03060000
vt 2.94620000 -0.17420000
vt 2.99410000 -0.01010000
vt 2.99650000 -0.01010000
vt 2.86390000 -0.17350000
vt 2.94620000 -0.31390000
vt 2.88200000 -0.31340000
vt 3.14910000 -0.02680000
vt 1.41550000 0.78570000
vt 2.03620000 0.78570000
vt 1.41550000 0.91520000
vt 1.91700000 0.91520000
vt 1.41550000 1.03510000
vt 1.78620000 1.03540000
vt 1.41550000 1.13750000
vt 1.68650000 1.13770000
vt 1.41550000 1.26200000
vt 1.61530000 1.26210000
vt 1.51370000 1.21490000
vt 1.41550000 1.40430000
vt 1.37840000 1.26780000
vt 1.37580000 1.26780000
vt 1.56330000 1.40440000
vt 1.41550000 1.55880000
vt 1.54380000 1.55880000
vt 1.25490000 1.28060000
vt 2.21380000 -0.04560000
vt 2.05240000 -0.04560000
vt 2.05240000 0.44650000
vt 2.21380000 0.60770000
vt 1.93280000 -0.04560000
vt 1.93280000 0.32220000
vt 1.80500000 -0.04560000
vt 1.80500000 0.20990000
vt 1.70170000 -0.04560000
vt 1.70220000 0.10370000
vt 1.70230000 0.11140000
vt 1.51890000 -0.04560000
vt 1.62860000 -0.01340000
vt 1.51890000 0.02540000
vt 3.67870000 1.31470000
vt 3.84010000 1.31470000
vt 3.84010000 0.80240000
vt 3.67870000 0.64110000
vt 3.95960000 1.31470000
vt 3.95960000 0.93110000
vt 4.08750000 1.31470000
vt 4.09090000 1.04990000
vt 4.23280000 1.31420000
vt 4.23500000 1.14580000
vt 4.19200000 1.14400000
vt 4.37370000 1.31370000
vt 4.26430000 1.26800000
vt 4.37460000 1.22790000
vt 4.51240000 1.31320000
vt 4.51270000 1.27990000
vt 4.63650000 1.31280000
vt 4.63640000 1.29250000
vt 3.00940000 1.57760000
vt 2.76710000 1.28360000
vt 2.90900000 1.27170000
vt 2.90670000 1.27170000
vt 3.02600000 1.42510000
vt 3.07630000 1.27810000
vt 3.04040000 1.22230000
vt 3.15190000 1.14120000
vt 3.25980000 1.02920000
vt 3.38510000 0.91520000
vt 3.50250000 0.78570000
vt 3.66210000 0.62440000
vt 3.50240000 0.46300000
vt 4.41300000 0.62440000
vt 4.41300000 0.46300000
vt 3.85640000 0.46300000
vt 3.69540000 0.62440000
vt 4.41300000 0.33780000
vt 3.97560000 0.33780000
vt 4.41300000 0.22460000
vt 4.10270000 0.22460000
vt 4.41300000 0.11780000
vt 4.20400000 0.11780000
vt 4.41300000 -0.00750000
vt 4.27680000 -0.00750000
vt 4.37760000 0.03830000
vt 4.41300000 -0.15050000
vt 4.51600000 -0.01170000
vt 4.32910000 -0.15050000
vt 4.41300000 -0.30560000
vt 4.34870000 -0.30560000
vt 3.51860000 0.80250000
vt 3.51860000 1.31470000
vt 3.40090000 0.93110000
vt 3.40090000 1.31470000
vt 3.27510000 1.04390000
vt 3.27110000 1.31470000
vt 3.16570000 1.15430000
vt 3.16570000 1.14810000
vt 3.16360000 1.31470000
vt 3.08920000 1.28420000
vt 3.04440000 1.23430000
vt 3.04640000 1.31440000
vt 2.91090000 1.28290000
vt 2.91280000 1.31410000
vt 2.76770000 1.31370000
vt 2.76810000 1.29470000
vt 3.38490000 0.33780000
vt 3.25560000 0.22460000
vt 3.14970000 0.11780000
vt 3.01410000 0.03840000
vt 3.07750000 -0.03060000
vt 3.02860000 -0.17350000
vt 2.86980000 -0.01000000
vt 2.87260000 -0.01000000
vt 2.72940000 -0.02670000
vt 3.01050000 -0.31340000
vt 3.85620000 0.78570000
vt 4.41300000 0.78570000
vt 3.97540000 0.91520000
vt 4.41300000 0.91520000
vt 4.10630000 1.03540000
vt 4.10180000 1.03540000
vt 4.41300000 1.03510000
vt 4.20590000 1.13770000
vt 4.24490000 1.13200000
vt 4.41300000 1.13750000
vt 4.27720000 1.26210000
vt 4.37870000 1.21490000
vt 4.41300000 1.26210000
vt 4.51660000 1.26780000
vt 4.51400000 1.26780000
vt 4.32910000 1.40440000
vt 4.41300000 1.40430000
vt 4.34870000 1.55880000
vt 4.63750000 1.28060000
vt 4.41300000 1.55880000
vt 3.84010000 0.44650000
vt 3.84010000 -0.04560000
vt 3.67870000 -0.04560000
vt 3.67870000 0.60770000
vt 3.95960000 0.32220000
vt 3.95960000 -0.04560000
vt 4.08750000 0.21700000
vt 4.08750000 0.20990000
vt 4.08750000 -0.04560000
vt 4.19020000 0.11140000
vt 4.19020000 0.11050000
vt 4.23280000 0.10370000
vt 4.23280000 -0.04560000
vt 4.37360000 0.02540000
vt 4.26390000 -0.01340000
vt 4.37360000 -0.04560000
vt 4.86640000 0.93110000
vt 4.86640000 1.31470000
vt 4.98590000 1.31470000
vt 4.98590000 0.80240000
vt 4.73510000 1.04990000
vt 4.73850000 1.31470000
vt 4.63400000 1.14400000
vt 4.59100000 1.14580000
vt 4.59320000 1.31420000
vt 4.45140000 1.22790000
vt 4.56160000 1.26800000
vt 4.45230000 1.31370000
vt 4.31330000 1.27990000
vt 4.31360000 1.31320000
vt 4.18960000 1.29250000
vt 4.18950000 1.31280000
vt 4.96970000 0.46300000
vt 5.14570000 0.62440000
vt 4.85040000 0.33780000
vt 4.72320000 0.22460000
vt 4.62200000 0.11780000
vt 4.44840000 0.03830000
vt 4.54920000 -0.00750000
vt 4.31000000 -0.01170000
vt 4.49690000 -0.15050000
vt 4.47730000 -0.30560000
vt 4.96980000 0.78570000
vt 4.85060000 0.91520000
vt 4.72420000 1.03540000
vt 4.71970000 1.03540000
vt 4.62010000 1.13770000
vt 4.58110000 1.13200000
vt 4.54880000 1.26210000
vt 4.44730000 1.21490000
vt 4.31190000 1.26780000
vt 4.30930000 1.26780000
vt 4.49680000 1.40440000
vt 4.47730000 1.55880000
vt 4.18840000 1.28060000
vt 4.98590000 -0.04560000
vt 4.86640000 -0.04560000
vt 4.86640000 0.32220000
vt 4.98590000 0.44640000
vt 4.73850000 -0.04560000
vt 4.73850000 0.20990000
vt 4.73850000 0.21700000
vt 4.59320000 -0.04560000
vt 4.63580000 0.11140000
vt 4.63580000 0.11050000
vt 4.59320000 0.10370000
vt 4.45240000 -0.04560000
vt 4.45240000 0.02540000
vt 4.56210000 -0.01340000
vt 1.38030000 -0.04560000
vt 1.38030000 -0.02380000
vt 1.57560000 -0.15170000
vt 1.25650000 -0.04560000
vt 1.55570000 -0.30680000
vt 1.25650000 -0.03910000
vt 2.37390000 0.44640000
vt 2.37390000 -0.04560000
vt 2.49160000 0.32210000
vt 2.49160000 -0.04560000
vt 2.62140000 0.21000000
vt 2.62140000 -0.04560000
vt 2.72890000 0.11030000
vt 2.72890000 0.10380000
vt 2.72890000 -0.04560000
vt 2.85440000 0.02530000
vt 2.80230000 -0.03770000
vt 2.85520000 -0.04560000
vt 2.99290000 -0.02230000
vt 2.99350000 -0.04560000
vt 3.14780000 -0.03860000
vt 3.14790000 -0.04560000
vt 4.51220000 -0.02380000
vt 4.31680000 -0.15170000
vt 4.51220000 -0.04560000
vt 4.63600000 -0.03910000
vt 4.33680000 -0.30680000
vt 4.63600000 -0.04560000
vt 3.51860000 -0.04560000
vt 3.51860000 0.44640000
vt 3.40090000 -0.04560000
vt 3.40090000 0.32210000
vt 3.27110000 -0.04560000
vt 3.27110000 0.21000000
vt 3.16360000 -0.04560000
vt 3.16360000 0.10380000
vt 3.16360000 0.11030000
vt 3.01730000 -0.04560000
vt 3.01820000 0.02540000
vt 3.09020000 -0.03770000
vt 2.87300000 -0.04550000
vt 2.87360000 -0.02220000
vt 2.73050000 -0.04550000
vt 2.73060000 -0.03860000
vt 4.31380000 -0.04560000
vt 4.31380000 -0.02380000
vt 4.50920000 -0.15170000
vt 4.19000000 -0.04560000
vt 4.48920000 -0.30680000
vt 4.19000000 -0.03910000
vt 0.51480000 1.31470000
vt 0.67610000 1.31470000
vt 0.67610000 0.80160000
vt 0.51480000 0.64100000
vt 0.83130000 1.31470000
vt 0.83130000 0.93000000
vt 0.97420000 1.31470000
vt 0.97770000 1.04950000
vt 1.09960000 1.31470000
vt 1.10130000 1.15070000
vt 1.25710000 1.31380000
vt 1.25780000 1.23030000
vt 1.20280000 1.26620000
vt 1.39520000 1.31290000
vt 1.39550000 1.28060000
vt 1.25210000 1.40820000
vt 1.52620000 1.31200000
vt 1.52610000 1.29230000
vt -0.25920000 1.42270000
vt -0.25880000 1.57840000
vt -0.25410000 1.57820000
vt -0.23790000 1.42450000
vt -0.25960000 1.27560000
vt -0.17870000 1.27780000
vt -0.25980000 1.14350000
vt -0.08240000 1.14100000
vt -0.25990000 1.03260000
vt 0.04310000 1.02930000
vt -0.25990000 0.91520000
vt 0.18100000 0.91520000
vt -0.25990000 0.78570000
vt 0.33630000 0.78570000
vt -0.25990000 0.62440000
vt 0.49820000 0.62440000
vt 0.33610000 0.46300000
vt -0.25990000 0.46300000
vt 0.69350000 0.46300000
vt 0.53150000 0.62440000
vt 0.84890000 0.33780000
vt 0.99050000 0.22460000
vt 1.11450000 0.11780000
vt 1.10840000 0.11780000
vt 1.25960000 0.03830000
vt 1.21580000 -0.00750000
vt 1.26420000 -0.15050000
vt 1.40480000 -0.01170000
vt 1.28720000 -0.30560000
vt 1.55890000 -0.02720000
vt 1.25170000 0.02550000
vt 1.20240000 -0.01150000
vt 1.25200000 -0.15430000
vt 1.40300000 -0.02380000
vt 1.25200000 -0.22680000
vt 1.25200000 -0.22890000
vt 1.40300000 -0.35400000
vt 1.20240000 -0.37230000
vt 1.25170000 -0.40260000
vt 1.20240000 -0.37520000
vt 1.55720000 -0.03910000
vt 1.27530000 -0.07210000
vt 1.55720000 -0.33100000
vt -0.38550000 -0.36570000
vt 1.42310000 1.14600000
vt 1.42630000 1.12480000
vt 1.26950000 1.12480000
vt 1.26950000 1.12950000
vt 1.57510000 1.12480000
vt -0.23700000 -0.41420000
vt 1.57020000 1.20460000
vt 1.71430000 1.12480000
vt -0.25990000 -0.51860000
vt 1.71430000 1.30050000
vt -0.08420000 -0.51860000
vt -0.25990000 -0.64390000
vt 0.04010000 -0.64390000
vt -0.25990000 -0.78690000
vt 0.18230000 -0.78690000
vt -0.25990000 -0.94200000
vt 0.33700000 -0.94200000
vt 0.35350000 0.80160000
vt 0.35350000 1.31470000
vt 0.19840000 0.93010000
vt 0.19840000 1.31470000
vt 0.05950000 1.04350000
vt 0.05540000 1.31470000
vt -0.06760000 1.15370000
vt -0.06770000 1.14760000
vt -0.06990000 1.31470000
vt -0.18920000 1.23390000
vt -0.16560000 1.28410000
vt -0.16580000 1.28200000
vt -0.18730000 1.31430000
vt -0.22580000 1.42570000
vt -0.22610000 1.42870000
vt -0.32310000 1.28250000
vt -0.32130000 1.31380000
vt -0.46660000 1.31330000
vt -0.24220000 1.57910000
vt -0.46620000 1.29420000
vt 0.18080000 0.33780000
vt -0.25990000 0.33780000
vt 0.03910000 0.22460000
vt -0.25990000 0.22460000
vt -0.08470000 0.11780000
vt 4.65600000 1.13950000
vt -0.25990000 0.11780000
vt 4.65600000 1.31470000
vt 4.50760000 1.23320000
vt -0.23240000 0.03840000
vt 4.50760000 1.31470000
vt -0.37990000 -0.01060000
vt 4.36320000 1.29200000
vt 4.36010000 1.31470000
vt 4.22190000 1.31000000
vt 4.22080000 1.31470000
vt 0.69340000 0.78570000
vt 0.84860000 0.91520000
vt 0.99410000 1.03540000
vt 1.11060000 1.13770000
vt 1.11640000 1.13770000
vt 1.21620000 1.26210000
vt 1.26610000 1.21780000
vt 1.26430000 1.40440000
vt 1.39710000 1.26880000
vt 1.28720000 1.55880000
vt 1.52750000 1.28070000
vt 0.67610000 -0.92550000
vt 0.51480000 -1.09950000
vt 0.51480000 0.60770000
vt 0.67610000 0.44730000
vt 0.19840000 -0.77090000
vt 0.19840000 0.32310000
vt 0.35350000 0.44730000
vt 0.35350000 -0.92550000
vt 0.83130000 -0.77090000
vt 0.83130000 0.32310000
vt 0.05540000 -0.62860000
vt 0.05540000 0.21030000
vt 0.97420000 -0.62860000
vt 0.97420000 0.21030000
vt 1.70650000 1.31450000
vt -0.06990000 -0.50410000
vt -0.06990000 0.10410000
vt 4.64870000 1.12480000
vt 1.09960000 -0.50420000
vt 1.09960000 -0.51080000
vt 1.09960000 0.10410000
vt -0.23280000 -0.40080000
vt 1.56250000 1.21720000
vt 4.50060000 1.21990000
vt -0.22740000 0.02540000
vt -0.37380000 -0.02230000
vt 4.36350000 1.27970000
vt -0.38230000 -0.35340000
vt 1.41990000 1.15790000
vt -0.50870000 -0.03880000
vt 4.22370000 1.29810000
vt 1.26790000 1.14140000
vt -0.51240000 -0.33110000
vt 1.28720000 -0.07380000
vt 1.41550000 -0.07380000
vt 1.41550000 -0.23070000
vt 1.26420000 -0.23070000
vt 1.41550000 -0.37950000
vt 1.21560000 -0.37950000
vt 1.41550000 -0.51860000
vt 1.11400000 -0.51860000
vt 1.41550000 -0.64390000
vt 0.98960000 -0.64390000
vt 1.41550000 -0.78690000
vt 0.84730000 -0.78690000
vt 1.41550000 -0.94200000
vt 0.69270000 -0.94200000
vt 1.41550000 -1.09950000
vt 0.53530000 -1.09950000
vt 5.14570000 1.31470000
vt 5.14570000 0.64170000
vt 5.14570000 -0.04560000
vt 5.14570000 0.60700000
vt 2.21380000 1.31470000
vt 2.05240000 1.31470000
vt 2.05240000 0.78570000
vt 2.21380000 0.62440000
vt 1.93280000 1.31470000
vt 1.93280000 0.91520000
vt 1.80500000 1.31470000
vt 1.80140000 1.03540000
vt 1.70130000 1.31420000
vt 1.70030000 1.13770000
vt 1.51880000 1.31370000
vt 1.51780000 1.21490000
vt 1.62810000 1.26210000
vt 1.38010000 1.31320000
vt 1.57550000 1.40440000
vt 1.37960000 1.26780000
vt 1.25600000 1.31280000
vt 1.55570000 1.55880000
vt 1.25610000 1.28060000
vt 2.94580000 1.42460000
vt 2.94560000 1.57750000
vt 3.15170000 1.28150000
vt 2.86990000 1.57740000
vt 2.99990000 1.26870000
vt 2.85340000 1.42500000
vt 2.94600000 1.27730000
vt 2.80280000 1.27780000
vt 2.85670000 1.21590000
vt 2.94610000 1.14160000
vt 2.72650000 1.12910000
vt 2.94620000 1.03070000
vt 2.61710000 1.02910000
vt 2.94620000 0.91520000
vt 2.49160000 0.91520000
vt 2.94620000 0.78570000
vt 2.37390000 0.78570000
vt 2.94620000 0.62440000
vt 2.37390000 0.46300000
vt 2.94620000 0.46300000
vt 2.05240000 0.46300000
vt 1.41550000 0.62440000
vt 1.41550000 0.46300000
vt 1.93280000 0.33780000
vt 1.41550000 0.33780000
vt 1.80500000 0.22460000
vt 1.41550000 0.22460000
vt 1.70230000 0.11780000
vt 1.41550000 0.11780000
vt 1.62860000 -0.00750000
vt 1.51890000 0.03830000
vt 1.41550000 -0.00750000
vt 1.57560000 -0.15050000
vt 1.38030000 -0.01170000
vt 1.41550000 -0.15050000
vt 1.55570000 -0.30560000
vt 1.25650000 -0.02720000
vt 1.41550000 -0.30560000
vt 2.37390000 1.31470000
vt 2.49160000 1.31470000
vt 2.62140000 1.31470000
vt 2.72890000 1.31470000
vt 2.85420000 1.31450000
vt 2.99720000 1.31410000
vt 3.15230000 1.31380000
vt 2.49160000 0.33780000
vt 2.94620000 0.33780000
vt 2.62140000 0.22460000
vt 2.94620000 0.22460000
vt 2.72890000 0.11780000
vt 2.94620000 0.11780000
vt 2.85420000 0.03830000
vt 2.80220000 -0.03060000
vt 2.94620000 -0.03060000
vt 2.85170000 -0.17340000
vt 2.99260000 -0.01010000
vt 2.94620000 -0.17420000
vt 2.87010000 -0.31320000
vt 3.14760000 -0.02670000
vt 2.94620000 -0.31390000
vt 1.41550000 0.78570000
vt 1.41550000 0.91520000
vt 1.41550000 1.03510000
vt 1.41550000 1.13750000
vt 1.41550000 1.26200000
vt 1.41550000 1.40430000
vt 1.41550000 1.55880000
vt 2.05240000 -0.04560000
vt 2.21380000 -0.04560000
vt 1.93280000 -0.04560000
vt 1.80500000 -0.04560000
vt 1.70170000 -0.04560000
vt 1.51890000 -0.04560000
vt 3.84010000 0.80240000
vt 3.84010000 1.31470000
vt 3.67870000 1.31470000
vt 3.67870000 0.64110000
vt 3.95960000 0.93110000
vt 3.95960000 1.31470000
vt 4.09090000 1.04990000
vt 4.08750000 1.31470000
vt 4.19200000 1.14400000
vt 4.23500000 1.14580000
vt 4.23280000 1.31420000
vt 4.37460000 1.22790000
vt 4.26430000 1.26800000
vt 4.37370000 1.31370000
vt 4.51270000 1.27990000
vt 4.51240000 1.31320000
vt 4.63640000 1.29250000
vt 4.63650000 1.31280000
vt 3.00940000 1.57760000
vt 2.76710000 1.28360000
vt 2.90680000 1.27180000
vt 2.90900000 1.27170000
vt 3.02600000 1.42510000
vt 3.07630000 1.27810000
vt 3.04050000 1.22240000
vt 3.15190000 1.14120000
vt 3.25980000 1.02920000
vt 3.38510000 0.91520000
vt 3.50250000 0.78570000
vt 3.66210000 0.62440000
vt 3.50240000 0.46300000
vt 3.85640000 0.46300000
vt 4.41300000 0.46300000
vt 4.41300000 0.62440000
vt 3.69540000 0.62440000
vt 3.97560000 0.33780000
vt 4.41300000 0.33780000
vt 4.10270000 0.22460000
vt 4.41300000 0.22460000
vt 4.20400000 0.11780000
vt 4.41300000 0.11780000
vt 4.37760000 0.03830000
vt 4.27680000 -0.00750000
vt 4.41300000 -0.00750000
vt 4.32910000 -0.15050000
vt 4.51600000 -0.01170000
vt 4.41300000 -0.15050000
vt 4.34870000 -0.30560000
vt 4.41300000 -0.30560000
vt 3.51860000 1.31470000
vt 3.51860000 0.80250000
vt 3.40090000 1.31470000
vt 3.40090000 0.93110000
vt 3.27110000 1.31470000
vt 3.27510000 1.04390000
vt 3.16360000 1.31470000
vt 3.16570000 1.15430000
vt 3.16570000 1.14810000
vt 3.04640000 1.31440000
vt 3.04440000 1.23430000
vt 3.08920000 1.28420000
vt 2.91280000 1.31410000
vt 2.91090000 1.28290000
vt 2.76770000 1.31370000
vt 2.76810000 1.29470000
vt 3.38490000 0.33780000
vt 3.25560000 0.22460000
vt 3.14970000 0.11780000
vt 3.07750000 -0.03060000
vt 3.01420000 0.03840000
vt 2.87260000 -0.01010000
vt 2.86980000 -0.01000000
vt 3.02860000 -0.17350000
vt 3.01050000 -0.31340000
vt 2.72940000 -0.02670000
vt 4.41300000 0.78570000
vt 3.85620000 0.78570000
vt 4.41300000 0.91520000
vt 3.97540000 0.91520000
vt 4.41300000 1.03510000
vt 4.10630000 1.03540000
vt 4.10180000 1.03540000
vt 4.41300000 1.13750000
vt 4.24490000 1.13200000
vt 4.20590000 1.13770000
vt 4.41300000 1.26210000
vt 4.27720000 1.26210000
vt 4.37870000 1.21490000
vt 4.41300000 1.40430000
vt 4.51400000 1.26780000
vt 4.51660000 1.26780000
vt 4.32910000 1.40440000
vt 4.41300000 1.55880000
vt 4.63750000 1.28060000
vt 4.34870000 1.55880000
vt 3.67870000 -0.04560000
vt 3.84010000 -0.04560000
vt 3.84010000 0.44650000
vt 3.67870000 0.60770000
vt 3.95960000 -0.04560000
vt 3.95960000 0.32220000
vt 4.08750000 -0.04560000
vt 4.08750000 0.21700000
vt 4.08750000 0.20990000
vt 4.23280000 -0.04560000
vt 4.19020000 0.11140000
vt 4.23280000 0.10370000
vt 4.19020000 0.11050000
vt 4.37360000 -0.04560000
vt 4.37360000 0.02540000
vt 4.26390000 -0.01340000
vt 4.98590000 1.31470000
vt 4.86640000 1.31470000
vt 4.86640000 0.93110000
vt 4.98590000 0.80240000
vt 4.73850000 1.31470000
vt 4.73510000 1.04990000
vt 4.59320000 1.31420000
vt 4.63400000 1.14400000
vt 4.59100000 1.14580000
vt 4.45230000 1.31370000
vt 4.45140000 1.22790000
vt 4.56160000 1.26800000
vt 4.31360000 1.31320000
vt 4.31330000 1.27990000
vt 4.18950000 1.31280000
vt 4.18960000 1.29250000
vt 4.96970000 0.46300000
vt 4.85040000 0.33780000
vt 4.72320000 0.22460000
vt 4.62200000 0.11780000
vt 4.44840000 0.03830000
vt 4.54920000 -0.00750000
vt 4.31000000 -0.01170000
vt 4.49690000 -0.15050000
vt 4.47730000 -0.30560000
vt 4.96980000 0.78570000
vt 4.85060000 0.91520000
vt 4.72420000 1.03540000
vt 4.71970000 1.03540000
vt 4.62010000 1.13770000
vt 4.58110000 1.13200000
vt 4.44730000 1.21490000
vt 4.54880000 1.26210000
vt 4.31190000 1.26780000
vt 4.49680000 1.40440000
vt 4.30930000 1.26780000
vt 4.47730000 1.55880000
vt 4.18840000 1.28060000
vt 4.86640000 0.32220000
vt 4.86640000 -0.04560000
vt 4.98590000 -0.04560000
vt 4.98590000 0.44640000
vt 4.73850000 0.20990000
vt 4.73850000 0.21700000
vt 4.73850000 -0.04560000
vt 4.59320000 0.10370000
vt 4.63580000 0.11050000
vt 4.63580000 0.11140000
vt 4.59320000 -0.04560000
vt 4.45240000 0.02540000
vt 4.56210000 -0.01340000
vt 4.45240000 -0.04560000
vt 1.38030000 -0.04560000
vt 1.25650000 -0.04560000
vt 2.37390000 -0.04560000
vt 2.49160000 -0.04560000
vt 2.62140000 -0.04560000
vt 2.72890000 -0.04560000
vt 2.85520000 -0.04560000
vt 2.99350000 -0.04560000
vt 3.14790000 -0.04560000
vt 4.51220000 -0.02380000
vt 4.31680000 -0.15170000
vt 4.51220000 -0.04560000
vt 4.63600000 -0.03910000
vt 4.33680000 -0.30680000
vt 4.63600000 -0.04560000
vt 3.51860000 0.44640000
vt 3.51860000 -0.04560000
vt 3.40090000 0.32210000
vt 3.40090000 -0.04560000
vt 3.27110000 0.21000000
vt 3.27110000 -0.04560000
vt 3.16360000 0.11030000
vt 3.16360000 0.10380000
vt 3.16360000 -0.04560000
vt 3.09020000 -0.03770000
vt 3.01820000 0.02540000
vt 3.01730000 -0.04560000
vt 2.87360000 -0.02220000
vt 2.87300000 -0.04550000
vt 2.73060000 -0.03860000
vt 2.73050000 -0.04550000
vt 4.50920000 -0.15170000
vt 4.31380000 -0.02380000
vt 4.31380000 -0.04560000
vt 4.48920000 -0.30680000
vt 4.19000000 -0.03910000
vt 4.19000000 -0.04560000
vt 0.67610000 0.78570000
vt 0.67610000 1.31470000
vt 0.51480000 1.31470000
vt 0.51480000 0.62440000
vt 0.83130000 0.91520000
vt 0.83130000 1.31470000
vt 0.97780000 1.03540000
vt 0.97420000 1.31470000
vt 1.10150000 1.13770000
vt 1.09960000 1.31470000
vt 1.25790000 1.21780000
vt 1.20290000 1.26210000
vt 1.25710000 1.31380000
vt 1.25210000 1.40440000
vt 1.39560000 1.26880000
vt 1.39520000 1.31290000
vt 1.52610000 1.28080000
vt 1.27530000 1.55880000
vt 1.52620000 1.31200000
vt -0.24220000 1.57780000
vt -0.46600000 1.28310000
vt -0.25880000 1.57840000
vt -0.25920000 1.42270000
vt -0.22590000 1.42540000
vt -0.32380000 1.27130000
vt -0.25960000 1.27560000
vt -0.18950000 1.22190000
vt -0.16560000 1.27810000
vt -0.25980000 1.14350000
vt -0.06740000 1.14080000
vt -0.25990000 1.03260000
vt 0.05970000 1.02910000
vt -0.25990000 0.91520000
vt 0.19840000 0.91520000
vt -0.25990000 0.78570000
vt 0.35350000 0.78570000
vt -0.25990000 0.62440000
vt 0.35350000 0.46300000
vt -0.25990000 0.46300000
vt 0.67610000 0.46300000
vt 0.83130000 0.33780000
vt 0.97420000 0.22460000
vt 1.09960000 0.11780000
vt 1.25170000 0.03830000
vt 1.20240000 -0.00750000
vt 1.25200000 -0.15050000
vt 1.40300000 -0.01170000
vt 1.27530000 -0.30560000
vt 1.55720000 -0.02720000
vt 1.40300000 -0.36610000
vt 1.25200000 -0.23070000
vt 1.25170000 -0.41580000
vt 1.20240000 -0.37950000
vt 1.55720000 -0.34290000
vt 1.27530000 -0.07380000
vt 1.42140000 1.15780000
vt -0.38260000 -0.36550000
vt 1.26950000 1.14140000
vt -0.51260000 -0.34310000
vt 1.26950000 1.12480000
vt 1.42630000 1.12480000
vt 1.57510000 1.12480000
vt 1.56950000 1.21740000
vt -0.23290000 -0.41390000
vt 1.71430000 1.12480000
vt -0.25990000 -0.51860000
vt 1.71430000 1.31470000
vt -0.06990000 -0.51860000
vt -0.25990000 -0.64390000
vt 0.05540000 -0.64390000
vt -0.25990000 -0.78690000
vt 0.19840000 -0.78690000
vt -0.25990000 -0.94200000
vt 0.35350000 -0.94200000
vt 0.35350000 1.31470000
vt 0.19840000 1.31470000
vt 0.05540000 1.31470000
vt -0.06990000 1.31470000
vt -0.18730000 1.31430000
vt -0.32130000 1.31380000
vt -0.46660000 1.31330000
vt 0.19840000 0.33780000
vt -0.25990000 0.33780000
vt 0.05540000 0.22460000
vt -0.25990000 0.22460000
vt -0.06990000 0.11780000
vt 4.65600000 1.12480000
vt -0.25990000 0.11780000
vt 4.65600000 1.31470000
vt 4.50760000 1.21990000
vt -0.22720000 0.03830000
vt 4.50760000 1.31470000
vt 4.36490000 1.27920000
vt -0.37350000 -0.01010000
vt 4.36010000 1.31470000
vt 4.22500000 1.29770000
vt -0.50850000 -0.02690000
vt 4.22080000 1.31470000
vt 0.51480000 -1.09950000
vt 0.51860000 -1.09950000
vt 0.67610000 -0.94200000
vt 0.83130000 -0.78690000
vt 0.97420000 -0.64390000
vt 1.09960000 -0.51860000
vt 1.41550000 -0.23070000
vt 1.41550000 -0.07380000
vt 1.41550000 -0.37950000
vt 1.41550000 -0.51860000
vt 1.41550000 -0.64390000
vt 1.41550000 -0.78690000
vt 1.41550000 -0.94200000
vt 1.41550000 -1.09950000
vt -0.25990000 -1.09950000
vt 0.49430000 -1.09950000
vt -0.25990000 -1.09950000
vt 0.51100000 -1.09950000
vt 0.51480000 0.62440000
vt 2.21380000 0.62440000
vt 3.67870000 0.62440000
vt 3.67870000 0.62440000
vt 2.05240000 0.80240000
vt 2.21380000 0.64110000
vt 2.21380000 1.31470000
vt 2.05240000 1.31470000
vt 1.93280000 0.93110000
vt 1.93280000 1.31470000
vt 1.80160000 1.04990000
vt 1.80500000 1.31470000
vt 1.70050000 1.14400000
vt 1.70040000 1.15110000
vt 1.70130000 1.31420000
vt 1.51790000 1.22790000
vt 1.62810000 1.26800000
vt 1.51880000 1.31370000
vt 1.37980000 1.27990000
vt 1.38010000 1.31320000
vt 1.25610000 1.29250000
vt 1.25600000 1.31280000
vt 2.88180000 1.57740000
vt 3.15300000 1.28150000
vt 3.00360000 1.26890000
vt 2.86550000 1.42490000
vt 3.00120000 1.26870000
vt 2.94580000 1.42460000
vt 2.94560000 1.57750000
vt 2.86060000 1.21600000
vt 2.81560000 1.27780000
vt 2.94600000 1.27730000
vt 2.74050000 1.12990000
vt 2.94610000 1.14160000
vt 2.63270000 1.02920000
vt 2.94620000 1.03070000
vt 2.50740000 0.91520000
vt 2.94620000 0.91520000
vt 2.39000000 0.78570000
vt 2.94620000 0.78570000
vt 2.23040000 0.62440000
vt 2.94620000 0.62440000
vt 2.39010000 0.46300000
vt 2.94620000 0.46300000
vt 2.03610000 0.46300000
vt 2.19710000 0.62440000
vt 1.41550000 0.62440000
vt 1.41550000 0.46300000
vt 1.91680000 0.33780000
vt 1.41550000 0.33780000
vt 1.78970000 0.22460000
vt 1.41550000 0.22460000
vt 1.68850000 0.11780000
vt 1.41550000 0.11780000
vt 1.61570000 -0.00750000
vt 1.51480000 0.03830000
vt 1.41550000 -0.00750000
vt 1.37650000 -0.01170000
vt 1.56340000 -0.15050000
vt 1.41550000 -0.15050000
vt 1.54380000 -0.30560000
vt 1.41550000 -0.30560000
vt 2.37390000 0.80250000
vt 2.37390000 1.31470000
vt 2.49160000 0.93110000
vt 2.49160000 1.31470000
vt 2.61740000 1.04390000
vt 2.62140000 1.31470000
vt 2.72670000 1.14310000
vt 2.72670000 1.13640000
vt 2.72890000 1.31470000
vt 2.85640000 1.22870000
vt 2.80270000 1.28410000
vt 2.85420000 1.31450000
vt 2.99920000 1.28070000
vt 2.99720000 1.31410000
vt 3.15200000 1.29340000
vt 3.15230000 1.31380000
vt 2.50760000 0.33780000
vt 2.94620000 0.33780000
vt 2.63680000 0.22460000
vt 2.94620000 0.22460000
vt 2.74280000 0.11780000
vt 2.94620000 0.11780000
vt 2.81500000 -0.03060000
vt 2.85830000 0.03830000
vt 2.94620000 -0.03060000
vt 2.86390000 -0.17350000
vt 2.99410000 -0.01010000
vt 2.99650000 -0.01010000
vt 2.94620000 -0.17420000
vt 3.14910000 -0.02680000
vt 2.88200000 -0.31340000
vt 2.94620000 -0.31390000
vt 2.03620000 0.78570000
vt 1.41550000 0.78570000
vt 1.91700000 0.91520000
vt 1.41550000 0.91520000
vt 1.78620000 1.03540000
vt 1.41550000 1.03510000
vt 1.68650000 1.13770000
vt 1.41550000 1.13750000
vt 1.51370000 1.21490000
vt 1.61530000 1.26210000
vt 1.41550000 1.26200000
vt 1.37580000 1.26780000
vt 1.56330000 1.40440000
vt 1.37840000 1.26780000
vt 1.41550000 1.40430000
vt 1.25490000 1.28060000
vt 1.54380000 1.55880000
vt 1.41550000 1.55880000
vt 2.05240000 0.44650000
vt 2.05240000 -0.04560000
vt 2.21380000 -0.04560000
vt 2.21380000 0.60770000
vt 1.93280000 0.32220000
vt 1.93280000 -0.04560000
vt 1.80500000 0.20990000
vt 1.80500000 -0.04560000
vt 1.70220000 0.10370000
vt 1.70230000 0.11140000
vt 1.70170000 -0.04560000
vt 1.51890000 0.02540000
vt 1.62860000 -0.01340000
vt 1.51890000 -0.04560000
vt 3.84010000 0.80240000
vt 3.84010000 1.31470000
vt 3.67870000 1.31470000
vt 3.67870000 0.64110000
vt 3.95960000 0.93110000
vt 3.95960000 1.31470000
vt 4.09090000 1.04990000
vt 4.08750000 1.31470000
vt 4.19200000 1.14400000
vt 4.23500000 1.14580000
vt 4.23280000 1.31420000
vt 4.26430000 1.26800000
vt 4.37460000 1.22790000
vt 4.37370000 1.31370000
vt 4.51270000 1.27990000
vt 4.51240000 1.31320000
vt 4.63640000 1.29250000
vt 4.63650000 1.31280000
vt 3.00940000 1.57760000
vt 2.76710000 1.28360000
vt 2.90900000 1.27170000
vt 2.90670000 1.27170000
vt 3.02600000 1.42510000
vt 3.07630000 1.27810000
vt 3.04040000 1.22230000
vt 3.15190000 1.14120000
vt 3.25980000 1.02920000
vt 3.38510000 0.91520000
vt 3.50250000 0.78570000
vt 3.66210000 0.62440000
vt 3.50240000 0.46300000
vt 3.85640000 0.46300000
vt 4.41300000 0.46300000
vt 4.41300000 0.62440000
vt 3.69540000 0.62440000
vt 3.97560000 0.33780000
vt 4.41300000 0.33780000
vt 4.10270000 0.22460000
vt 4.41300000 0.22460000
vt 4.20400000 0.11780000
vt 4.41300000 0.11780000
vt 4.37760000 0.03830000
vt 4.27680000 -0.00750000
vt 4.41300000 -0.00750000
vt 4.51600000 -0.01170000
vt 4.32910000 -0.15050000
vt 4.41300000 -0.15050000
vt 4.34870000 -0.30560000
vt 4.41300000 -0.30560000
vt 3.51860000 0.80250000
vt 3.51860000 1.31470000
vt 3.40090000 0.93110000
vt 3.40090000 1.31470000
vt 3.27510000 1.04390000
vt 3.27110000 1.31470000
vt 3.16570000 1.14810000
vt 3.16570000 1.15430000
vt 3.16360000 1.31470000
vt 3.08920000 1.28420000
vt 3.04440000 1.23430000
vt 3.04640000 1.31440000
vt 2.91090000 1.28290000
vt 2.91280000 1.31410000
vt 2.76770000 1.31370000
vt 2.76810000 1.29470000
vt 3.38490000 0.33780000
vt 3.25560000 0.22460000
vt 3.14970000 0.11780000
vt 3.01410000 0.03840000
vt 3.07750000 -0.03060000
vt 2.87260000 -0.01000000
vt 2.86980000 -0.01000000
vt 3.02860000 -0.17350000
vt 2.72940000 -0.02670000
vt 3.01050000 -0.31340000
vt 3.85620000 0.78570000
vt 4.41300000 0.78570000
vt 3.97540000 0.91520000
vt 4.41300000 0.91520000
vt 4.10180000 1.03540000
vt 4.10630000 1.03540000
vt 4.41300000 1.03510000
vt 4.20590000 1.13770000
vt 4.24490000 1.13200000
vt 4.41300000 1.13750000
vt 4.37870000 1.21490000
vt 4.27720000 1.26210000
vt 4.41300000 1.26210000
vt 4.32910000 1.40440000
vt 4.51400000 1.26780000
vt 4.51660000 1.26780000
vt 4.41300000 1.40430000
vt 4.63750000 1.28060000
vt 4.34870000 1.55880000
vt 4.41300000 1.55880000
vt 3.84010000 0.44650000
vt 3.67870000 0.60770000
vt 3.67870000 -0.04560000
vt 3.84010000 -0.04560000
vt 3.95960000 0.32220000
vt 3.95960000 -0.04560000
vt 4.08750000 0.21700000
vt 4.08750000 0.20990000
vt 4.08750000 -0.04560000
vt 4.19020000 0.11050000
vt 4.23280000 0.10370000
vt 4.19020000 0.11140000
vt 4.23280000 -0.04560000
vt 4.26390000 -0.01340000
vt 4.37360000 0.02540000
vt 4.37360000 -0.04560000
vt 4.86640000 0.93110000
vt 4.98590000 0.80240000
vt 4.98590000 1.31470000
vt 4.86640000 1.31470000
vt 4.73510000 1.04990000
vt 4.73850000 1.31470000
vt 4.63400000 1.14400000
vt 4.59100000 1.14580000
vt 4.59320000 1.31420000
vt 4.56160000 1.26800000
vt 4.45140000 1.22790000
vt 4.45230000 1.31370000
vt 4.31330000 1.27990000
vt 4.31360000 1.31320000
vt 4.18960000 1.29250000
vt 4.18950000 1.31280000
vt 4.96970000 0.46300000
vt 5.14570000 0.62440000
vt 4.85040000 0.33780000
vt 4.72320000 0.22460000
vt 4.62200000 0.11780000
vt 4.54920000 -0.00750000
vt 4.44840000 0.03830000
vt 4.31000000 -0.01170000
vt 4.49690000 -0.15050000
vt 4.47730000 -0.30560000
vt 4.96980000 0.78570000
vt 4.85060000 0.91520000
vt 4.71970000 1.03540000
vt 4.72420000 1.03540000
vt 4.62010000 1.13770000
vt 4.58110000 1.13200000
vt 4.44730000 1.21490000
vt 4.54880000 1.26210000
vt 4.30930000 1.26780000
vt 4.49680000 1.40440000
vt 4.31190000 1.26780000
vt 4.47730000 1.55880000
vt 4.18840000 1.28060000
vt 4.86640000 0.32220000
vt 4.86640000 -0.04560000
vt 4.98590000 -0.04560000
vt 4.98590000 0.44640000
vt 4.73850000 0.21700000
vt 4.73850000 0.20990000
vt 4.73850000 -0.04560000
vt 4.63580000 0.11140000
vt 4.63580000 0.11050000
vt 4.59320000 0.10370000
vt 4.59320000 -0.04560000
vt 4.45240000 0.02540000
vt 4.56210000 -0.01340000
vt 4.45240000 -0.04560000
vt 1.57560000 -0.15170000
vt 1.38030000 -0.02380000
vt 1.38030000 -0.04560000
vt 1.25650000 -0.03910000
vt 1.55570000 -0.30680000
vt 1.25650000 -0.04560000
vt 2.37390000 0.44640000
vt 2.37390000 -0.04560000
vt 2.49160000 0.32210000
vt 2.49160000 -0.04560000
vt 2.62140000 0.21000000
vt 2.62140000 -0.04560000
vt 2.72890000 0.10380000
vt 2.72890000 0.11030000
vt 2.72890000 -0.04560000
vt 2.80230000 -0.03770000
vt 2.85440000 0.02530000
vt 2.85520000 -0.04560000
vt 2.99290000 -0.02230000
vt 2.99350000 -0.04560000
vt 3.14780000 -0.03860000
vt 3.14790000 -0.04560000
vt 4.31680000 -0.15170000
vt 4.51220000 -0.02380000
vt 4.51220000 -0.04560000
vt 4.33680000 -0.30680000
vt 4.63600000 -0.03910000
vt 4.63600000 -0.04560000
vt 3.51860000 0.44640000
vt 3.51860000 -0.04560000
vt 3.40090000 0.32210000
vt 3.40090000 -0.04560000
vt 3.27110000 0.21000000
vt 3.27110000 -0.04560000
vt 3.16360000 0.11030000
vt 3.16360000 0.10380000
vt 3.16360000 -0.04560000
vt 3.01820000 0.02540000
vt 3.09020000 -0.03770000
vt 3.01730000 -0.04560000
vt 2.87360000 -0.02220000
vt 2.87300000 -0.04550000
vt 2.73060000 -0.03860000
vt 2.73050000 -0.04550000
vt 4.31380000 -0.02380000
vt 4.50920000 -0.15170000
vt 4.31380000 -0.04560000
vt 4.19000000 -0.03910000
vt 4.48920000 -0.30680000
vt 4.19000000 -0.04560000
vt 0.67610000 0.80160000
vt 0.67610000 1.31470000
vt 0.51480000 1.31470000
vt 0.51480000 0.64100000
vt 0.83130000 0.93000000
vt 0.83130000 1.31470000
vt 0.97770000 1.04950000
vt 0.97420000 1.31470000
vt 1.10130000 1.15070000
vt 1.09960000 1.31470000
vt 1.20280000 1.26620000
vt 1.25780000 1.23030000
vt 1.25710000 1.31380000
vt 1.39550000 1.28060000
vt 1.25210000 1.40820000
vt 1.39520000 1.31290000
vt 1.52610000 1.29230000
vt 1.52620000 1.31200000
vt -0.25410000 1.57820000
vt -0.25880000 1.57840000
vt -0.25920000 1.42270000
vt -0.23790000 1.42450000
vt -0.25960000 1.27560000
vt -0.17870000 1.27780000
vt -0.25980000 1.14350000
vt -0.08240000 1.14100000
vt -0.25990000 1.03260000
vt 0.04310000 1.02930000
vt -0.25990000 0.91520000
vt 0.18100000 0.91520000
vt -0.25990000 0.78570000
vt 0.33630000 0.78570000
vt -0.25990000 0.62440000
vt 0.49820000 0.62440000
vt 0.33610000 0.46300000
vt -0.25990000 0.46300000
vt 0.69350000 0.46300000
vt 0.53150000 0.62440000
vt 0.84890000 0.33780000
vt 0.99050000 0.22460000
vt 1.11450000 0.11780000
vt 1.10840000 0.11780000
vt 1.21580000 -0.00750000
vt 1.25960000 0.03830000
vt 1.40480000 -0.01170000
vt 1.26420000 -0.15050000
vt 1.55890000 -0.02720000
vt 1.28720000 -0.30560000
vt 1.25200000 -0.22890000
vt 1.40300000 -0.35400000
vt 1.25200000 -0.22680000
vt 1.40300000 -0.02380000
vt 1.25200000 -0.15430000
vt 1.20240000 -0.01150000
vt 1.25170000 0.02550000
vt 1.20240000 -0.37520000
vt 1.20240000 -0.37230000
vt 1.25170000 -0.40260000
vt 1.55720000 -0.33100000
vt 1.27530000 -0.07210000
vt 1.55720000 -0.03910000
vt -0.38550000 -0.36570000
vt 1.42310000 1.14600000
vt 1.26950000 1.12950000
vt 1.26950000 1.12480000
vt 1.42630000 1.12480000
vt 1.57510000 1.12480000
vt -0.23700000 -0.41420000
vt 1.57020000 1.20460000
vt -0.25990000 -0.51860000
vt 1.71430000 1.12480000
vt 1.71430000 1.30050000
vt -0.08420000 -0.51860000
vt -0.25990000 -0.64390000
vt 0.04010000 -0.64390000
vt -0.25990000 -0.78690000
vt 0.18230000 -0.78690000
vt -0.25990000 -0.94200000
vt 0.33700000 -0.94200000
vt 0.35350000 0.80160000
vt 0.35350000 1.31470000
vt 0.19840000 0.93010000
vt 0.19840000 1.31470000
vt 0.05950000 1.04350000
vt 0.05540000 1.31470000
vt -0.06770000 1.14760000
vt -0.06760000 1.15370000
vt -0.06990000 1.31470000
vt -0.18920000 1.23390000
vt -0.16560000 1.28410000
vt -0.16580000 1.28200000
vt -0.18730000 1.31430000
vt -0.32310000 1.28250000
vt -0.22580000 1.42570000
vt -0.22610000 1.42870000
vt -0.32130000 1.31380000
vt -0.46660000 1.31330000
vt -0.24220000 1.57910000
vt -0.46620000 1.29420000
vt 0.18080000 0.33780000
vt -0.25990000 0.33780000
vt 0.03910000 0.22460000
vt -0.25990000 0.22460000
vt -0.08470000 0.11780000
vt 4.65600000 1.13950000
vt -0.25990000 0.11780000
vt 4.65600000 1.31470000
vt -0.23240000 0.03840000
vt 4.50760000 1.23320000
vt 4.50760000 1.31470000
vt -0.37990000 -0.01060000
vt 4.36320000 1.29200000
vt 4.36010000 1.31470000
vt 4.22190000 1.31000000
vt 4.22080000 1.31470000
vt 0.69340000 0.78570000
vt 0.84860000 0.91520000
vt 0.99410000 1.03540000
vt 1.11060000 1.13770000
vt 1.11640000 1.13770000
vt 1.26610000 1.21780000
vt 1.21620000 1.26210000
vt 1.26430000 1.40440000
vt 1.39710000 1.26880000
vt 1.28720000 1.55880000
vt 1.52750000 1.28070000
vt 0.51480000 0.60770000
vt 0.67610000 -0.92550000
vt 0.67610000 0.44730000
vt 0.19840000 -0.77090000
vt 0.35350000 -0.92550000
vt 0.35350000 0.44730000
vt 0.19840000 0.32310000
vt 0.83130000 -0.77090000
vt 0.83130000 0.32310000
vt 0.05540000 -0.62860000
vt 0.05540000 0.21030000
vt 0.97420000 -0.62860000
vt 0.97420000 0.21030000
vt 1.70650000 1.31450000
vt -0.06990000 -0.50410000
vt -0.06990000 0.10410000
vt 4.64870000 1.12480000
vt 1.09960000 -0.51080000
vt 1.09960000 -0.50420000
vt 1.09960000 0.10410000
vt -0.23280000 -0.40080000
vt 1.56250000 1.21720000
vt 4.50060000 1.21990000
vt -0.22740000 0.02540000
vt -0.37380000 -0.02230000
vt 4.36350000 1.27970000
vt -0.38230000 -0.35340000
vt 1.41990000 1.15790000
vt -0.50870000 -0.03880000
vt 4.22370000 1.29810000
vt -0.51240000 -0.33110000
vt 1.26790000 1.14140000
vt 1.28720000 -0.07380000
vt 1.26420000 -0.23070000
vt 1.41550000 -0.23070000
vt 1.41550000 -0.07380000
vt 1.21560000 -0.37950000
vt 1.41550000 -0.37950000
vt 1.11400000 -0.51860000
vt 1.41550000 -0.51860000
vt 0.98960000 -0.64390000
vt 1.41550000 -0.64390000
vt 0.84730000 -0.78690000
vt 1.41550000 -0.78690000
vt 0.69270000 -0.94200000
vt 1.41550000 -0.94200000
vt 5.14570000 1.31470000
vt 5.14570000 0.64170000
vt 5.14570000 -0.04560000
vt 5.14570000 0.60700000
vt 2.05240000 0.78570000
vt 2.05240000 1.31470000
vt 2.21380000 1.31470000
vt 2.21380000 0.62440000
vt 1.93280000 0.91520000
vt 1.93280000 1.31470000
vt 1.80140000 1.03540000
vt 1.80500000 1.31470000
vt 1.70030000 1.13770000
vt 1.70130000 1.31420000
vt 1.51780000 1.21490000
vt 1.62810000 1.26210000
vt 1.51880000 1.31370000
vt 1.57550000 1.40440000
vt 1.37960000 1.26780000
vt 1.38010000 1.31320000
vt 1.55570000 1.55880000
vt 1.25610000 1.28060000
vt 1.25600000 1.31280000
vt 2.86990000 1.57740000
vt 3.15170000 1.28150000
vt 2.94560000 1.57750000
vt 2.94580000 1.42460000
vt 2.99990000 1.26870000
vt 2.85340000 1.42500000
vt 2.94600000 1.27730000
vt 2.80280000 1.27780000
vt 2.85670000 1.21590000
vt 2.94610000 1.14160000
vt 2.72650000 1.12910000
vt 2.94620000 1.03070000
vt 2.61710000 1.02910000
vt 2.94620000 0.91520000
vt 2.49160000 0.91520000
vt 2.94620000 0.78570000
vt 2.37390000 0.78570000
vt 2.94620000 0.62440000
vt 2.37390000 0.46300000
vt 2.94620000 0.46300000
vt 2.05240000 0.46300000
vt 1.41550000 0.46300000
vt 1.41550000 0.62440000
vt 1.93280000 0.33780000
vt 1.41550000 0.33780000
vt 1.80500000 0.22460000
vt 1.41550000 0.22460000
vt 1.70230000 0.11780000
vt 1.41550000 0.11780000
vt 1.51890000 0.03830000
vt 1.62860000 -0.00750000
vt 1.41550000 -0.00750000
vt 1.38030000 -0.01170000
vt 1.57560000 -0.15050000
vt 1.41550000 -0.15050000
vt 1.25650000 -0.02720000
vt 1.55570000 -0.30560000
vt 1.41550000 -0.30560000
vt 2.37390000 1.31470000
vt 2.49160000 1.31470000
vt 2.62140000 1.31470000
vt 2.72890000 1.31470000
vt 2.85420000 1.31450000
vt 2.99720000 1.31410000
vt 3.15230000 1.31380000
vt 2.49160000 0.33780000
vt 2.94620000 0.33780000
vt 2.62140000 0.22460000
vt 2.94620000 0.22460000
vt 2.72890000 0.11780000
vt 2.94620000 0.11780000
vt 2.80220000 -0.03060000
vt 2.85420000 0.03830000
vt 2.94620000 -0.03060000
vt 2.99260000 -0.01010000
vt 2.85170000 -0.17340000
vt 2.94620000 -0.17420000
vt 2.87010000 -0.31320000
vt 3.14760000 -0.02670000
vt 2.94620000 -0.31390000
vt 1.41550000 0.78570000
vt 1.41550000 0.91520000
vt 1.41550000 1.03510000
vt 1.41550000 1.13750000
vt 1.41550000 1.26200000
vt 1.41550000 1.40430000
vt 1.41550000 1.55880000
vt 2.21380000 -0.04560000
vt 2.05240000 -0.04560000
vt 1.93280000 -0.04560000
vt 1.80500000 -0.04560000
vt 1.70170000 -0.04560000
vt 1.51890000 -0.04560000
vt 3.84010000 0.80240000
vt 3.67870000 0.64110000
vt 3.67870000 1.31470000
vt 3.84010000 1.31470000
vt 3.95960000 0.93110000
vt 3.95960000 1.31470000
vt 4.09090000 1.04990000
vt 4.08750000 1.31470000
vt 4.23500000 1.14580000
vt 4.19200000 1.14400000
vt 4.23280000 1.31420000
vt 4.26430000 1.26800000
vt 4.37460000 1.22790000
vt 4.37370000 1.31370000
vt 4.51270000 1.27990000
vt 4.51240000 1.31320000
vt 4.63640000 1.29250000
vt 4.63650000 1.31280000
vt 3.00940000 1.57760000
vt 2.76710000 1.28360000
vt 2.90680000 1.27180000
vt 2.90900000 1.27170000
vt 3.02600000 1.42510000
vt 3.07630000 1.27810000
vt 3.04050000 1.22240000
vt 3.15190000 1.14120000
vt 3.25980000 1.02920000
vt 3.38510000 0.91520000
vt 3.50250000 0.78570000
vt 3.66210000 0.62440000
vt 3.50240000 0.46300000
vt 3.85640000 0.46300000
vt 3.69540000 0.62440000
vt 4.41300000 0.62440000
vt 4.41300000 0.46300000
vt 3.97560000 0.33780000
vt 4.41300000 0.33780000
vt 4.10270000 0.22460000
vt 4.41300000 0.22460000
vt 4.20400000 0.11780000
vt 4.41300000 0.11780000
vt 4.37760000 0.03830000
vt 4.27680000 -0.00750000
vt 4.41300000 -0.00750000
vt 4.32910000 -0.15050000
vt 4.51600000 -0.01170000
vt 4.41300000 -0.15050000
vt 4.34870000 -0.30560000
vt 4.41300000 -0.30560000
vt 3.51860000 0.80250000
vt 3.51860000 1.31470000
vt 3.40090000 0.93110000
vt 3.40090000 1.31470000
vt 3.27510000 1.04390000
vt 3.27110000 1.31470000
vt 3.16570000 1.14810000
vt 3.16570000 1.15430000
vt 3.16360000 1.31470000
vt 3.04440000 1.23430000
vt 3.08920000 1.28420000
vt 3.04640000 1.31440000
vt 2.91090000 1.28290000
vt 2.91280000 1.31410000
vt 2.76810000 1.29470000
vt 2.76770000 1.31370000
vt 3.38490000 0.33780000
vt 3.25560000 0.22460000
vt 3.14970000 0.11780000
vt 3.01420000 0.03840000
vt 3.07750000 -0.03060000
vt 2.86980000 -0.01000000
vt 2.87260000 -0.01010000
vt 3.02860000 -0.17350000
vt 3.01050000 -0.31340000
vt 2.72940000 -0.02670000
vt 3.85620000 0.78570000
vt 4.41300000 0.78570000
vt 3.97540000 0.91520000
vt 4.41300000 0.91520000
vt 4.10630000 1.03540000
vt 4.10180000 1.03540000
vt 4.41300000 1.03510000
vt 4.20590000 1.13770000
vt 4.24490000 1.13200000
vt 4.41300000 1.13750000
vt 4.27720000 1.26210000
vt 4.37870000 1.21490000
vt 4.41300000 1.26210000
vt 4.51660000 1.26780000
vt 4.51400000 1.26780000
vt 4.32910000 1.40440000
vt 4.41300000 1.40430000
vt 4.34870000 1.55880000
vt 4.63750000 1.28060000
vt 4.41300000 1.55880000
vt 3.84010000 0.44650000
vt 3.84010000 -0.04560000
vt 3.67870000 -0.04560000
vt 3.67870000 0.60770000
vt 3.95960000 0.32220000
vt 3.95960000 -0.04560000
vt 4.08750000 0.21700000
vt 4.08750000 0.20990000
vt 4.08750000 -0.04560000
vt 4.19020000 0.11050000
vt 4.23280000 0.10370000
vt 4.19020000 0.11140000
vt 4.23280000 -0.04560000
vt 4.37360000 0.02540000
vt 4.26390000 -0.01340000
vt 4.37360000 -0.04560000
vt 4.86640000 0.93110000
vt 4.86640000 1.31470000
vt 4.98590000 1.31470000
vt 4.98590000 0.80240000
vt 4.73510000 1.04990000
vt 4.73850000 1.31470000
vt 4.59100000 1.14580000
vt 4.63400000 1.14400000
vt 4.59320000 1.31420000
vt 4.45140000 1.22790000
vt 4.56160000 1.26800000
vt 4.45230000 1.31370000
vt 4.31330000 1.27990000
vt 4.31360000 1.31320000
vt 4.18960000 1.29250000
vt 4.18950000 1.31280000
vt 4.96970000 0.46300000
vt 4.85040000 0.33780000
vt 4.72320000 0.22460000
vt 4.62200000 0.11780000
vt 4.54920000 -0.00750000
vt 4.44840000 0.03830000
vt 4.49690000 -0.15050000
vt 4.31000000 -0.01170000
vt 4.47730000 -0.30560000
vt 4.96980000 0.78570000
vt 4.85060000 0.91520000
vt 4.72420000 1.03540000
vt 4.71970000 1.03540000
vt 4.58110000 1.13200000
vt 4.62010000 1.13770000
vt 4.54880000 1.26210000
vt 4.44730000 1.21490000
vt 4.30930000 1.26780000
vt 4.49680000 1.40440000
vt 4.31190000 1.26780000
vt 4.47730000 1.55880000
vt 4.18840000 1.28060000
vt 4.86640000 0.32220000
vt 4.98590000 0.44640000
vt 4.98590000 -0.04560000
vt 4.86640000 -0.04560000
vt 4.73850000 0.20990000
vt 4.73850000 0.21700000
vt 4.73850000 -0.04560000
vt 4.59320000 0.10370000
vt 4.63580000 0.11050000
vt 4.63580000 0.11140000
vt 4.59320000 -0.04560000
vt 4.45240000 0.02540000
vt 4.56210000 -0.01340000
vt 4.45240000 -0.04560000
vt 1.38030000 -0.04560000
vt 1.25650000 -0.04560000
vt 2.37390000 -0.04560000
vt 2.49160000 -0.04560000
vt 2.62140000 -0.04560000
vt 2.72890000 -0.04560000
vt 2.85520000 -0.04560000
vt 2.99350000 -0.04560000
vt 3.14790000 -0.04560000
vt 4.51220000 -0.02380000
vt 4.31680000 -0.15170000
vt 4.51220000 -0.04560000
vt 4.63600000 -0.03910000
vt 4.33680000 -0.30680000
vt 4.63600000 -0.04560000
vt 3.51860000 -0.04560000
vt 3.51860000 0.44640000
vt 3.40090000 -0.04560000
vt 3.40090000 0.32210000
vt 3.27110000 -0.04560000
vt 3.27110000 0.21000000
vt 3.16360000 -0.04560000
vt 3.16360000 0.10380000
vt 3.16360000 0.11030000
vt 3.01730000 -0.04560000
vt 3.01820000 0.02540000
vt 3.09020000 -0.03770000
vt 2.87300000 -0.04550000
vt 2.87360000 -0.02220000
vt 2.73050000 -0.04550000
vt 2.73060000 -0.03860000
vt 4.31380000 -0.04560000
vt 4.31380000 -0.02380000
vt 4.50920000 -0.15170000
vt 4.19000000 -0.04560000
vt 4.19000000 -0.03910000
vt 4.48920000 -0.30680000
vt 0.51480000 1.31470000
vt 0.67610000 1.31470000
vt 0.67610000 0.78570000
vt 0.51480000 0.62440000
vt 0.83130000 1.31470000
vt 0.83130000 0.91520000
vt 0.97420000 1.31470000
vt 0.97780000 1.03540000
vt 1.09960000 1.31470000
vt 1.10150000 1.13770000
vt 1.25710000 1.31380000
vt 1.20290000 1.26210000
vt 1.25790000 1.21780000
vt 1.39520000 1.31290000
vt 1.39560000 1.26880000
vt 1.25210000 1.40440000
vt 1.52620000 1.31200000
vt 1.52610000 1.28080000
vt 1.27530000 1.55880000
vt -0.25920000 1.42270000
vt -0.25880000 1.57840000
vt -0.46600000 1.28310000
vt -0.24220000 1.57780000
vt -0.32380000 1.27130000
vt -0.22590000 1.42540000
vt -0.25960000 1.27560000
vt -0.16560000 1.27810000
vt -0.18950000 1.22190000
vt -0.25980000 1.14350000
vt -0.06740000 1.14080000
vt -0.25990000 1.03260000
vt 0.05970000 1.02910000
vt -0.25990000 0.91520000
vt 0.19840000 0.91520000
vt -0.25990000 0.78570000
vt 0.35350000 0.78570000
vt -0.25990000 0.62440000
vt 0.35350000 0.46300000
vt -0.25990000 0.46300000
vt 0.67610000 0.46300000
vt 0.83130000 0.33780000
vt 0.97420000 0.22460000
vt 1.09960000 0.11780000
vt 1.25170000 0.03830000
vt 1.20240000 -0.00750000
vt 1.40300000 -0.01170000
vt 1.25200000 -0.15050000
vt 1.27530000 -0.30560000
vt 1.55720000 -0.02720000
vt 1.25200000 -0.23070000
vt 1.40300000 -0.36610000
vt 1.20240000 -0.37950000
vt 1.25170000 -0.41580000
vt 1.27530000 -0.07380000
vt 1.55720000 -0.34290000
vt -0.38260000 -0.36550000
vt 1.42140000 1.15780000
vt 1.42630000 1.12480000
vt 1.26950000 1.12480000
vt 1.26950000 1.14140000
vt -0.51260000 -0.34310000
vt 1.57510000 1.12480000
vt 1.56950000 1.21740000
vt -0.23290000 -0.41390000
vt 1.71430000 1.12480000
vt -0.25990000 -0.51860000
vt 1.71430000 1.31470000
vt -0.06990000 -0.51860000
vt -0.25990000 -0.64390000
vt 0.05540000 -0.64390000
vt -0.25990000 -0.78690000
vt 0.19840000 -0.78690000
vt -0.25990000 -0.94200000
vt 0.35350000 -0.94200000
vt 0.35350000 1.31470000
vt 0.19840000 1.31470000
vt 0.05540000 1.31470000
vt -0.06990000 1.31470000
vt -0.18730000 1.31430000
vt -0.32130000 1.31380000
vt -0.46660000 1.31330000
vt 0.19840000 0.33780000
vt -0.25990000 0.33780000
vt 0.05540000 0.22460000
vt -0.25990000 0.22460000
vt 4.65600000 1.12480000
vt -0.06990000 0.11780000
vt 4.65600000 1.31470000
vt -0.25990000 0.11780000
vt 4.50760000 1.21990000
vt -0.22720000 0.03830000
vt 4.50760000 1.31470000
vt -0.37350000 -0.01010000
vt 4.36490000 1.27920000
vt 4.36010000 1.31470000
vt 4.22500000 1.29770000
vt -0.50850000 -0.02690000
vt 4.22080000 1.31470000
vt 0.67610000 -0.94200000
vt 0.83130000 -0.78690000
vt 0.97420000 -0.64390000
vt 1.09960000 -0.51860000
vt 1.41550000 -0.07380000
vt 1.41550000 -0.23070000
vt 1.41550000 -0.37950000
vt 1.41550000 -0.51860000
vt 1.41550000 -0.64390000
vt 1.41550000 -0.78690000
vt 1.41550000 -0.94200000
vt 0.51480000 0.62440000
vt 2.21380000 0.62440000
vt 3.67870000 0.62440000
vt 3.67870000 0.62440000
vt 16.14350000 0.00120000
vt 16.14350000 0.00120000
vt 16.14350000 1.51070000
vt 16.14350000 1.51070000
vt 15.94250000 0.00000000
vt 15.81720000 0.46350000
vt 15.57190000 0.68240000
vt 15.29230000 1.51070000
vt 15.29230000 0.82880000
vt 14.76740000 0.46350000
vt 15.01280000 0.68240000
vt 14.71610000 1.51070000
vt 14.71610000 0.27370000
vt 13.61500000 0.47070000
vt 13.86030000 0.70690000
vt 13.49940000 1.51070000
vt 13.48630000 0.15740000
vt 14.13990000 0.82880000
vt 14.13990000 1.51070000
vt 14.66480000 0.46350000
vt 14.41950000 0.68240000
vt 13.40840000 0.33730000
vt 13.22830000 0.60430000
vt 12.98250000 0.77100000
vt 12.82740000 1.51070000
vt 12.82740000 0.84130000
vt 12.25720000 1.51070000
vt 12.70230000 0.80120000
vt 12.43430000 0.61480000
vt 12.25720000 0.38890000
vt 12.09300000 0.54870000
vt 11.88740000 0.72280000
vt 11.68190000 1.51070000
vt 11.68190000 0.80870000
vt 11.03050000 1.51070000
vt 11.44510000 0.70080000
vt 11.20830000 0.48080000
vt 11.03050000 0.11790000
vt 10.83280000 0.54680000
vt 10.57510000 0.72640000
vt 10.37730000 1.51070000
vt 10.37730000 0.82520000
vt 9.78480000 1.51070000
vt 10.20360000 0.73740000
vt 9.98390000 0.57960000
vt 9.78480000 0.38420000
vt 16.50070000 0.00170000
vt 17.23120000 0.79630000
vt 17.61780000 0.61120000
vt 17.87510000 1.51070000
vt 17.23120000 1.51070000
vt 16.84470000 0.61120000
vt 17.81110000 0.36050000
vt 16.65140000 0.36050000
vt 17.87510000 0.26390000
vt 19.59480000 0.00120000
vt 19.59480000 0.00120000
vt 19.79580000 0.00000000
vt 19.59480000 1.51070000
vt 19.59480000 1.51070000
vt 19.92100000 0.46350000
vt 20.16640000 0.68240000
vt 20.44590000 0.82880000
vt 20.44590000 1.51070000
vt 20.97080000 0.46350000
vt 21.02210000 1.51070000
vt 20.72550000 0.68240000
vt 21.02210000 0.27370000
vt 22.12320000 0.47070000
vt 22.23880000 1.51070000
vt 21.87790000 0.70690000
vt 22.25200000 0.15740000
vt 21.59840000 1.51070000
vt 21.59840000 0.82880000
vt 21.07350000 0.46350000
vt 21.31880000 0.68240000
vt 22.32990000 0.33730000
vt 22.51000000 0.60430000
vt 22.75580000 0.77100000
vt 22.91090000 0.84130000
vt 22.91090000 1.51070000
vt 23.03600000 0.80120000
vt 23.48110000 1.51070000
vt 23.30400000 0.61480000
vt 23.48110000 0.38890000
vt 23.64530000 0.54870000
vt 23.85080000 0.72280000
vt 24.05640000 0.80870000
vt 24.05640000 1.51070000
vt 24.29320000 0.70080000
vt 24.70780000 1.51070000
vt 24.52990000 0.48080000
vt 24.70780000 0.11790000
vt 24.90550000 0.54680000
vt 25.16320000 0.72640000
vt 25.36090000 0.82520000
vt 25.36090000 1.51070000
vt 25.53470000 0.73740000
vt 25.95350000 1.51070000
vt 25.75440000 0.57960000
vt 25.92750000 0.38420000
vt 19.23170000 0.00170000
vt 18.13250000 0.61120000
vt 18.51900000 0.79630000
vt 18.51900000 1.51070000
vt 18.90560000 0.61120000
vt 17.93920000 0.36050000
vt 19.09890000 0.36050000
vt 3.45130000 0.00120000
vt 3.45130000 0.00120000
vt 3.62700000 0.00000000
vt 3.45130000 1.51070000
vt 3.45130000 1.51070000
vt 3.78930000 0.46350000
vt 3.99760000 0.68240000
vt 4.27720000 0.82880000
vt 4.27720000 1.51070000
vt 4.80210000 0.46350000
vt 4.85340000 1.51070000
vt 4.55680000 0.68240000
vt 4.87330000 0.27370000
vt 5.95450000 0.47070000
vt 6.07010000 1.51070000
vt 5.70920000 0.70690000
vt 6.12660000 0.15740000
vt 5.42960000 1.51070000
vt 5.42960000 0.82880000
vt 4.95990000 0.46350000
vt 5.15000000 0.68240000
vt 6.19650000 0.33730000
vt 6.36080000 0.60430000
vt 6.58700000 0.77100000
vt 6.74210000 0.84130000
vt 6.74210000 1.51070000
vt 6.86730000 0.80120000
vt 7.31240000 1.51070000
vt 7.13530000 0.61480000
vt 7.36100000 0.38890000
vt 7.47660000 0.54870000
vt 7.68210000 0.72280000
vt 7.88760000 0.80870000
vt 7.88760000 1.51070000
vt 8.12440000 0.70080000
vt 8.53910000 1.51070000
vt 8.36120000 0.48080000
vt 8.56930000 0.11790000
vt 8.77090000 0.54680000
vt 8.99450000 0.72640000
vt 9.19220000 0.82520000
vt 9.19220000 1.51070000
vt 9.36600000 0.73740000
vt 9.58570000 0.57960000
vt 3.09400000 0.00170000
vt 1.71960000 1.51070000
vt 1.97700000 0.61120000
vt 2.36350000 0.79630000
vt 2.36350000 1.51070000
vt 2.75010000 0.61120000
vt 1.78370000 0.36050000
vt 2.94340000 0.36050000
vt 1.71960000 0.26390000
vt 0.00000000 0.00120000
vt 32.28700000 0.00120000
vt 0.00000000 1.51070000
vt 32.28700000 1.51070000
vt 32.11120000 0.00000000
vt 31.98600000 0.46350000
vt 31.74060000 0.68240000
vt 31.46110000 1.51070000
vt 31.46110000 0.82880000
vt 30.93620000 0.46350000
vt 31.18150000 0.68240000
vt 30.88490000 1.51070000
vt 30.88490000 0.27370000
vt 29.78380000 0.47070000
vt 30.02910000 0.70690000
vt 29.66820000 1.51070000
vt 29.61400000 0.15740000
vt 30.30860000 0.82880000
vt 30.30860000 1.51070000
vt 30.79110000 0.46350000
vt 30.58820000 0.68240000
vt 29.54710000 0.33730000
vt 29.37260000 0.60430000
vt 29.15120000 0.77100000
vt 28.99610000 1.51070000
vt 28.99610000 0.84130000
vt 28.42590000 1.51070000
vt 28.87100000 0.80120000
vt 28.60300000 0.61480000
vt 28.38490000 0.38890000
vt 28.26170000 0.54870000
vt 28.05620000 0.72280000
vt 27.85060000 1.51070000
vt 27.85060000 0.80870000
vt 27.19920000 1.51070000
vt 27.61380000 0.70080000
vt 27.37710000 0.48080000
vt 27.16080000 0.11790000
vt 26.96730000 0.54680000
vt 26.74380000 0.72640000
vt 26.54610000 1.51070000
vt 26.54610000 0.82520000
vt 26.37230000 0.73740000
vt 26.15260000 0.57960000
vt 0.36300000 0.00170000
vt 1.07570000 0.79630000
vt 1.46230000 0.61120000
vt 1.07570000 1.51070000
vt 0.68920000 0.61120000
vt 1.65560000 0.36050000
vt 0.49590000 0.36050000
vt 0.81590000 0.62860000
vt 0.81590000 0.59480000
vt 0.55740000 0.36620000
vt 0.95510000 0.59480000
vt 0.95510000 0.62860000
vt 0.59030000 0.35410000
vt 0.81590000 0.65330000
vt 0.95510000 0.65330000
vt 0.62480000 0.36010000
vt 0.81590000 0.68710000
vt 0.65160000 0.38260000
vt 0.95510000 0.68710000
vt 0.81590000 0.70930000
vt 0.81590000 0.70930000
vt 0.65950000 0.40420000
vt 0.95510000 0.70930000
vt 0.95510000 0.70930000
vt 0.81590000 0.79760000
vt 0.81590000 0.76260000
vt 0.95510000 0.76260000
vt 0.70710000 0.37450000
vt 0.95510000 0.79760000
vt 0.74160000 0.38050000
vt 0.81590000 0.73230000
vt 0.67420000 0.38650000
vt 0.95510000 0.73230000
vt 0.81590000 0.56090000
vt 0.95510000 0.56090000
vt 0.53490000 0.39300000
vt 0.81590000 0.53620000
vt 0.95510000 0.53620000
vt 0.52890000 0.42750000
vt 0.81590000 0.50240000
vt 0.95510000 0.50240000
vt 0.54100000 0.46040000
vt 0.81590000 0.48020000
vt 0.81590000 0.48020000
vt 0.95510000 0.48020000
vt 0.95510000 0.48020000
vt 0.55860000 0.47510000
vt 0.81590000 0.39500000
vt 0.81590000 0.36130000
vt 0.95510000 0.36130000
vt 0.52010000 0.57600000
vt 0.50850000 0.54430000
vt 0.95510000 0.39500000
vt 0.81590000 0.42530000
vt 0.95510000 0.42530000
vt 0.51460000 0.50980000
vt 0.81590000 0.46030000
vt 0.95510000 0.46030000
vt 0.53700000 0.48300000
vt 0.81590000 0.82680000
vt 0.76740000 0.40210000
vt 0.95510000 0.82680000
vt 0.81590000 0.12170000
vt 0.81590000 0.08790000
vt 0.75260000 0.58510000
vt 0.95510000 0.08790000
vt 0.95510000 0.12170000
vt 0.73020000 0.61190000
vt 0.81590000 0.05290000
vt 0.75860000 0.55060000
vt 0.95510000 0.05290000
vt 0.81590000 0.02260000
vt 0.81590000 0.96720000
vt 0.74660000 0.51770000
vt 0.95510000 0.96720000
vt 0.95510000 0.02260000
vt 0.81590000 0.94420000
vt 0.81590000 0.94420000
vt 0.95510000 0.94420000
vt 0.95510000 0.94420000
vt 0.72900000 0.50300000
vt 0.81590000 0.89100000
vt 0.81590000 0.85600000
vt 0.95510000 0.85600000
vt 0.77900000 0.43380000
vt 0.77300000 0.46820000
vt 0.95510000 0.89100000
vt 0.81590000 0.92130000
vt 0.75060000 0.49510000
vt 0.95510000 0.92130000
vt 0.81590000 0.15560000
vt 0.69730000 0.62400000
vt 0.95510000 0.15560000
vt 0.81590000 0.19060000
vt 0.95510000 0.19060000
vt 0.66280000 0.61800000
vt 0.81590000 0.22090000
vt 0.95510000 0.22090000
vt 0.63590000 0.59550000
vt 0.81590000 0.24380000
vt 0.81590000 0.24380000
vt 0.62800000 0.57390000
vt 0.95510000 0.24380000
vt 0.95510000 0.24380000
vt 0.81590000 0.33210000
vt 0.81590000 0.29710000
vt 0.58040000 0.60360000
vt 0.95510000 0.29710000
vt 0.54600000 0.59760000
vt 0.95510000 0.33210000
vt 0.81590000 0.26680000
vt 0.95510000 0.26680000
vt 0.61330000 0.59160000
vt 0.55240000 0.61970000
vt 0.61170000 0.64540000
vt 0.67620000 0.64540000
vt 0.50830000 0.57260000
vt 0.48730000 0.51680000
vt 0.48830000 0.45730000
vt 0.51110000 0.40220000
vt 0.55260000 0.35950000
vt 0.60680000 0.33500000
vt 0.66630000 0.33210000
vt 0.72270000 0.35140000
vt 0.76800000 0.39000000
vt 0.79740000 0.44750000
vt 0.80150000 0.51190000
vt 0.77970000 0.57270000
vt 0.73550000 0.61980000
vt 0.81590000 0.62860000
vt 0.81590000 0.59480000
vt 0.95510000 0.59480000
vt 0.55740000 0.36620000
vt 0.95510000 0.62860000
vt 0.59030000 0.35410000
vt 0.81590000 0.65330000
vt 0.95510000 0.65330000
vt 0.62480000 0.36010000
vt 0.81590000 0.68710000
vt 0.65160000 0.38260000
vt 0.95510000 0.68710000
vt 0.81590000 0.70930000
vt 0.81590000 0.70930000
vt 0.65950000 0.40420000
vt 0.95510000 0.70930000
vt 0.95510000 0.70930000
vt 0.81590000 0.79760000
vt 0.81590000 0.76260000
vt 0.95510000 0.76260000
vt 0.70710000 0.37450000
vt 0.74160000 0.38050000
vt 0.95510000 0.79760000
vt 0.81590000 0.73230000
vt 0.95510000 0.73230000
vt 0.67420000 0.38650000
vt 0.81590000 0.56090000
vt 0.53490000 0.39300000
vt 0.95510000 0.56090000
vt 0.81590000 0.53620000
vt 0.95510000 0.53620000
vt 0.52890000 0.42750000
vt 0.81590000 0.50240000
vt 0.95510000 0.50240000
vt 0.54100000 0.46040000
vt 0.81590000 0.48020000
vt 0.81590000 0.48020000
vt 0.55860000 0.47510000
vt 0.95510000 0.48020000
vt 0.95510000 0.48020000
vt 0.81590000 0.39500000
vt 0.81590000 0.36130000
vt 0.95510000 0.36130000
vt 0.52010000 0.57600000
vt 0.95510000 0.39500000
vt 0.50850000 0.54430000
vt 0.81590000 0.42530000
vt 0.95510000 0.42530000
vt 0.51460000 0.50980000
vt 0.81590000 0.46030000
vt 0.53700000 0.48300000
vt 0.95510000 0.46030000
vt 0.81590000 0.82680000
vt 0.95510000 0.82680000
vt 0.76740000 0.40210000
vt 0.81590000 0.12170000
vt 0.81590000 0.08790000
vt 0.95510000 0.08790000
vt 0.75260000 0.58510000
vt 0.95510000 0.12170000
vt 0.73020000 0.61190000
vt 0.81590000 0.05290000
vt 0.75860000 0.55060000
vt 0.95510000 0.05290000
vt 0.81590000 0.02260000
vt 0.81590000 0.96720000
vt 0.95510000 0.02260000
vt 0.95510000 0.96720000
vt 0.74660000 0.51770000
vt 0.81590000 0.94420000
vt 0.81590000 0.94420000
vt 0.72900000 0.50300000
vt 0.95510000 0.94420000
vt 0.95510000 0.94420000
vt 0.81590000 0.89100000
vt 0.81590000 0.85600000
vt 0.77900000 0.43380000
vt 0.95510000 0.85600000
vt 0.95510000 0.89100000
vt 0.77300000 0.46820000
vt 0.81590000 0.92130000
vt 0.75060000 0.49510000
vt 0.95510000 0.92130000
vt 0.81590000 0.15560000
vt 0.69730000 0.62400000
vt 0.95510000 0.15560000
vt 0.81590000 0.19060000
vt 0.66280000 0.61800000
vt 0.95510000 0.19060000
vt 0.81590000 0.22090000
vt 0.95510000 0.22090000
vt 0.63590000 0.59550000
vt 0.81590000 0.24380000
vt 0.81590000 0.24380000
vt 0.62800000 0.57390000
vt 0.95510000 0.24380000
vt 0.95510000 0.24380000
vt 0.81590000 0.33210000
vt 0.81590000 0.29710000
vt 0.95510000 0.29710000
vt 0.58040000 0.60360000
vt 0.54600000 0.59760000
vt 0.95510000 0.33210000
vt 0.81590000 0.26680000
vt 0.95510000 0.26680000
vt 0.61330000 0.59160000
vt 0.55240000 0.61970000
vt 0.61170000 0.64540000
vt 0.67620000 0.64540000
vt 0.50830000 0.57260000
vt 0.48730000 0.51680000
vt 0.48830000 0.45730000
vt 0.51110000 0.40220000
vt 0.55260000 0.35950000
vt 0.60680000 0.33500000
vt 0.66630000 0.33210000
vt 0.72270000 0.35140000
vt 0.76800000 0.39000000
vt 0.79740000 0.44750000
vt 0.80150000 0.51190000
vt 0.77970000 0.57270000
vt 0.73550000 0.61980000
vt 0.81590000 0.62860000
vt 0.81590000 0.59480000
vt 0.95510000 0.59480000
vt 0.55740000 0.36620000
vt 0.95510000 0.62860000
vt 0.59030000 0.35410000
vt 0.81590000 0.65330000
vt 0.95510000 0.65330000
vt 0.62480000 0.36010000
vt 0.81590000 0.68710000
vt 0.65160000 0.38260000
vt 0.95510000 0.68710000
vt 0.81590000 0.70930000
vt 0.81590000 0.70930000
vt 0.95510000 0.70930000
vt 0.65950000 0.40420000
vt 0.95510000 0.70930000
vt 0.81590000 0.79760000
vt 0.81590000 0.76260000
vt 0.70710000 0.37450000
vt 0.95510000 0.76260000
vt 0.95510000 0.79760000
vt 0.74160000 0.38050000
vt 0.81590000 0.73230000
vt 0.95510000 0.73230000
vt 0.67420000 0.38650000
vt 0.81590000 0.56090000
vt 0.53490000 0.39300000
vt 0.95510000 0.56090000
vt 0.81590000 0.53620000
vt 0.95510000 0.53620000
vt 0.52890000 0.42750000
vt 0.81590000 0.50240000
vt 0.95510000 0.50240000
vt 0.54100000 0.46040000
vt 0.81590000 0.48020000
vt 0.81590000 0.48020000
vt 0.95510000 0.48020000
vt 0.55860000 0.47510000
vt 0.95510000 0.48020000
vt 0.81590000 0.39500000
vt 0.81590000 0.36130000
vt 0.95510000 0.36130000
vt 0.52010000 0.57600000
vt 0.95510000 0.39500000
vt 0.50850000 0.54430000
vt 0.81590000 0.42530000
vt 0.51460000 0.50980000
vt 0.95510000 0.42530000
vt 0.81590000 0.46030000
vt 0.53700000 0.48300000
vt 0.95510000 0.46030000
vt 0.81590000 0.82680000
vt 0.76740000 0.40210000
vt 0.95510000 0.82680000
vt 0.81590000 0.12170000
vt 0.81590000 0.08790000
vt 0.95510000 0.08790000
vt 0.75260000 0.58510000
vt 0.95510000 0.12170000
vt 0.73020000 0.61190000
vt 0.81590000 0.05290000
vt 0.75860000 0.55060000
vt 0.95510000 0.05290000
vt 0.81590000 0.02260000
vt 0.81590000 0.96720000
vt 0.95510000 0.96720000
vt 0.95510000 0.02260000
vt 0.74660000 0.51770000
vt 0.81590000 0.94420000
vt 0.81590000 0.94420000
vt 0.95510000 0.94420000
vt 0.95510000 0.94420000
vt 0.72900000 0.50300000
vt 0.81590000 0.89100000
vt 0.81590000 0.85600000
vt 0.95510000 0.85600000
vt 0.77900000 0.43380000
vt 0.77300000 0.46820000
vt 0.95510000 0.89100000
vt 0.81590000 0.92130000
vt 0.75060000 0.49510000
vt 0.95510000 0.92130000
vt 0.81590000 0.15560000
vt 0.69730000 0.62400000
vt 0.95510000 0.15560000
vt 0.81590000 0.19060000
vt 0.95510000 0.19060000
vt 0.66280000 0.61800000
vt 0.81590000 0.22090000
vt 0.95510000 0.22090000
vt 0.63590000 0.59550000
vt 0.81590000 0.24380000
vt 0.81590000 0.24380000
vt 0.95510000 0.24380000
vt 0.95510000 0.24380000
vt 0.62800000 0.57390000
vt 0.81590000 0.33210000
vt 0.81590000 0.29710000
vt 0.58040000 0.60360000
vt 0.95510000 0.29710000
vt 0.54600000 0.59760000
vt 0.95510000 0.33210000
vt 0.81590000 0.26680000
vt 0.95510000 0.26680000
vt 0.61330000 0.59160000
vt 0.55240000 0.61970000
vt 0.61170000 0.64540000
vt 0.67620000 0.64540000
vt 0.50830000 0.57260000
vt 0.48730000 0.51680000
vt 0.48830000 0.45730000
vt 0.51110000 0.40220000
vt 0.55260000 0.35950000
vt 0.60680000 0.33500000
vt 0.66630000 0.33210000
vt 0.72270000 0.35140000
vt 0.76800000 0.39000000
vt 0.79740000 0.44750000
vt 0.80150000 0.51190000
vt 0.77970000 0.57270000
vt 0.73550000 0.61980000
vt 0.81590000 0.62860000
vt 0.81590000 0.59480000
vt 0.95510000 0.59480000
vt 0.55740000 0.36620000
vt 0.59030000 0.35410000
vt 0.95510000 0.62860000
vt 0.81590000 0.65330000
vt 0.62480000 0.36010000
vt 0.95510000 0.65330000
vt 0.81590000 0.68710000
vt 0.95510000 0.68710000
vt 0.65160000 0.38260000
vt 0.81590000 0.70930000
vt 0.81590000 0.70930000
vt 0.95510000 0.70930000
vt 0.65950000 0.40420000
vt 0.95510000 0.70930000
vt 0.81590000 0.79760000
vt 0.81590000 0.76260000
vt 0.70710000 0.37450000
vt 0.95510000 0.76260000
vt 0.74160000 0.38050000
vt 0.95510000 0.79760000
vt 0.81590000 0.73230000
vt 0.95510000 0.73230000
vt 0.67420000 0.38650000
vt 0.81590000 0.56090000
vt 0.53490000 0.39300000
vt 0.95510000 0.56090000
vt 0.81590000 0.53620000
vt 0.95510000 0.53620000
vt 0.52890000 0.42750000
vt 0.81590000 0.50240000
vt 0.95510000 0.50240000
vt 0.54100000 0.46040000
vt 0.81590000 0.48020000
vt 0.81590000 0.48020000
vt 0.95510000 0.48020000
vt 0.55860000 0.47510000
vt 0.95510000 0.48020000
vt 0.81590000 0.39500000
vt 0.81590000 0.36130000
vt 0.52010000 0.57600000
vt 0.95510000 0.36130000
vt 0.95510000 0.39500000
vt 0.50850000 0.54430000
vt 0.81590000 0.42530000
vt 0.51460000 0.50980000
vt 0.95510000 0.42530000
vt 0.81590000 0.46030000
vt 0.53700000 0.48300000
vt 0.95510000 0.46030000
vt 0.81590000 0.82680000
vt 0.95510000 0.82680000
vt 0.76740000 0.40210000
vt 0.81590000 0.12170000
vt 0.81590000 0.08790000
vt 0.75260000 0.58510000
vt 0.95510000 0.08790000
vt 0.73020000 0.61190000
vt 0.95510000 0.12170000
vt 0.81590000 0.05290000
vt 0.95510000 0.05290000
vt 0.75860000 0.55060000
vt 0.81590000 0.02260000
vt 0.81590000 0.96720000
vt 0.95510000 0.96720000
vt 0.95510000 0.02260000
vt 0.74660000 0.51770000
vt 0.81590000 0.94420000
vt 0.81590000 0.94420000
vt 0.95510000 0.94420000
vt 0.95510000 0.94420000
vt 0.72900000 0.50300000
vt 0.81590000 0.89100000
vt 0.81590000 0.85600000
vt 0.77900000 0.43380000
vt 0.95510000 0.85600000
vt 0.77300000 0.46820000
vt 0.95510000 0.89100000
vt 0.81590000 0.92130000
vt 0.95510000 0.92130000
vt 0.75060000 0.49510000
vt 0.81590000 0.15560000
vt 0.69730000 0.62400000
vt 0.95510000 0.15560000
vt 0.81590000 0.19060000
vt 0.66280000 0.61800000
vt 0.95510000 0.19060000
vt 0.81590000 0.22090000
vt 0.63590000 0.59550000
vt 0.95510000 0.22090000
vt 0.81590000 0.24380000
vt 0.81590000 0.24380000
vt 0.95510000 0.24380000
vt 0.62800000 0.57390000
vt 0.95510000 0.24380000
vt 0.81590000 0.33210000
vt 0.81590000 0.29710000
vt 0.58040000 0.60360000
vt 0.95510000 0.29710000
vt 0.54600000 0.59760000
vt 0.95510000 0.33210000
vt 0.81590000 0.26680000
vt 0.61330000 0.59160000
vt 0.95510000 0.26680000
vt 0.55240000 0.61970000
vt 0.61170000 0.64540000
vt 0.67620000 0.64540000
vt 0.50830000 0.57260000
vt 0.48730000 0.51680000
vt 0.48830000 0.45730000
vt 0.51110000 0.40220000
vt 0.55260000 0.35950000
vt 0.60680000 0.33500000
vt 0.66630000 0.33210000
vt 0.72270000 0.35140000
vt 0.76800000 0.39000000
vt 0.79740000 0.44750000
vt 0.80150000 0.51190000
vt 0.77970000 0.57270000
vt 0.73550000 0.61980000
vt 0.95510000 0.59480000
vt 0.55740000 0.36620000
vt 0.81590000 0.59480000
vt 0.81590000 0.62860000
vt 0.59030000 0.35410000
vt 0.95510000 0.62860000
vt 0.81590000 0.65330000
vt 0.62480000 0.36010000
vt 0.95510000 0.65330000
vt 0.81590000 0.68710000
vt 0.65160000 0.38260000
vt 0.95510000 0.68710000
vt 0.81590000 0.70930000
vt 0.81590000 0.70930000
vt 0.95510000 0.70930000
vt 0.65950000 0.40420000
vt 0.95510000 0.70930000
vt 0.70710000 0.37450000
vt 0.95510000 0.76260000
vt 0.81590000 0.76260000
vt 0.81590000 0.79760000
vt 0.74160000 0.38050000
vt 0.95510000 0.79760000
vt 0.95510000 0.73230000
vt 0.67420000 0.38650000
vt 0.81590000 0.73230000
vt 0.95510000 0.56090000
vt 0.53490000 0.39300000
vt 0.81590000 0.56090000
vt 0.52890000 0.42750000
vt 0.95510000 0.53620000
vt 0.81590000 0.53620000
vt 0.95510000 0.50240000
vt 0.54100000 0.46040000
vt 0.81590000 0.50240000
vt 0.95510000 0.48020000
vt 0.55860000 0.47510000
vt 0.95510000 0.48020000
vt 0.81590000 0.48020000
vt 0.81590000 0.48020000
vt 0.95510000 0.36130000
vt 0.52010000 0.57600000
vt 0.81590000 0.36130000
vt 0.81590000 0.39500000
vt 0.50850000 0.54430000
vt 0.95510000 0.39500000
vt 0.81590000 0.42530000
vt 0.51460000 0.50980000
vt 0.95510000 0.42530000
vt 0.81590000 0.46030000
vt 0.53700000 0.48300000
vt 0.95510000 0.46030000
vt 0.81590000 0.82680000
vt 0.95510000 0.82680000
vt 0.76740000 0.40210000
vt 0.75260000 0.58510000
vt 0.95510000 0.08790000
vt 0.81590000 0.08790000
vt 0.81590000 0.12170000
vt 0.95510000 0.12170000
vt 0.73020000 0.61190000
vt 0.75860000 0.55060000
vt 0.95510000 0.05290000
vt 0.81590000 0.05290000
vt 0.95510000 0.96720000
vt 0.74660000 0.51770000
vt 0.95510000 0.02260000
vt 0.81590000 0.96720000
vt 0.81590000 0.02260000
vt 0.95510000 0.94420000
vt 0.72900000 0.50300000
vt 0.95510000 0.94420000
vt 0.81590000 0.94420000
vt 0.81590000 0.94420000
vt 0.95510000 0.85600000
vt 0.77900000 0.43380000
vt 0.81590000 0.85600000
vt 0.81590000 0.89100000
vt 0.77300000 0.46820000
vt 0.95510000 0.89100000
vt 0.81590000 0.92130000
vt 0.75060000 0.49510000
vt 0.95510000 0.92130000
vt 0.81590000 0.15560000
vt 0.69730000 0.62400000
vt 0.95510000 0.15560000
vt 0.81590000 0.19060000
vt 0.66280000 0.61800000
vt 0.95510000 0.19060000
vt 0.81590000 0.22090000
vt 0.95510000 0.22090000
vt 0.63590000 0.59550000
vt 0.81590000 0.24380000
vt 0.81590000 0.24380000
vt 0.62800000 0.57390000
vt 0.95510000 0.24380000
vt 0.95510000 0.24380000
vt 0.95510000 0.29710000
vt 0.58040000 0.60360000
vt 0.81590000 0.29710000
vt 0.81590000 0.33210000
vt 0.54600000 0.59760000
vt 0.95510000 0.33210000
vt 0.95510000 0.26680000
vt 0.61330000 0.59160000
vt 0.81590000 0.26680000
vt 0.55240000 0.61970000
vt 0.61170000 0.64540000
vt 0.67620000 0.64540000
vt 0.50830000 0.57260000
vt 0.48730000 0.51680000
vt 0.48830000 0.45730000
vt 0.51110000 0.40220000
vt 0.55260000 0.35950000
vt 0.60680000 0.33500000
vt 0.66630000 0.33210000
vt 0.72270000 0.35140000
vt 0.76800000 0.39000000
vt 0.79740000 0.44750000
vt 0.80150000 0.51190000
vt 0.77970000 0.57270000
vt 0.73550000 0.61980000
vt 0.55740000 0.36620000
vt 0.95510000 0.59480000
vt 0.81590000 0.59480000
vt 0.81590000 0.62860000
vt 0.59030000 0.35410000
vt 0.95510000 0.62860000
vt 0.81590000 0.65330000
vt 0.95510000 0.65330000
vt 0.62480000 0.36010000
vt 0.81590000 0.68710000
vt 0.95510000 0.68710000
vt 0.65160000 0.38260000
vt 0.81590000 0.70930000
vt 0.81590000 0.70930000
vt 0.95510000 0.70930000
vt 0.95510000 0.70930000
vt 0.65950000 0.40420000
vt 0.70710000 0.37450000
vt 0.95510000 0.76260000
vt 0.81590000 0.76260000
vt 0.81590000 0.79760000
vt 0.95510000 0.79760000
vt 0.74160000 0.38050000
vt 0.67420000 0.38650000
vt 0.95510000 0.73230000
vt 0.81590000 0.73230000
vt 0.53490000 0.39300000
vt 0.95510000 0.56090000
vt 0.81590000 0.56090000
vt 0.52890000 0.42750000
vt 0.95510000 0.53620000
vt 0.81590000 0.53620000
vt 0.54100000 0.46040000
vt 0.95510000 0.50240000
vt 0.81590000 0.50240000
vt 0.95510000 0.48020000
vt 0.95510000 0.48020000
vt 0.55860000 0.47510000
vt 0.81590000 0.48020000
vt 0.81590000 0.48020000
vt 0.52010000 0.57600000
vt 0.95510000 0.36130000
vt 0.81590000 0.36130000
vt 0.81590000 0.39500000
vt 0.50850000 0.54430000
vt 0.95510000 0.39500000
vt 0.81590000 0.42530000
vt 0.51460000 0.50980000
vt 0.95510000 0.42530000
vt 0.81590000 0.46030000
vt 0.53700000 0.48300000
vt 0.95510000 0.46030000
vt 0.81590000 0.82680000
vt 0.95510000 0.82680000
vt 0.76740000 0.40210000
vt 0.75260000 0.58510000
vt 0.95510000 0.08790000
vt 0.81590000 0.08790000
vt 0.81590000 0.12170000
vt 0.73020000 0.61190000
vt 0.95510000 0.12170000
vt 0.75860000 0.55060000
vt 0.95510000 0.05290000
vt 0.81590000 0.05290000
vt 0.74660000 0.51770000
vt 0.95510000 0.02260000
vt 0.95510000 0.96720000
vt 0.81590000 0.02260000
vt 0.81590000 0.96720000
vt 0.72900000 0.50300000
vt 0.95510000 0.94420000
vt 0.95510000 0.94420000
vt 0.81590000 0.94420000
vt 0.81590000 0.94420000
vt 0.77900000 0.43380000
vt 0.95510000 0.85600000
vt 0.81590000 0.85600000
vt 0.81590000 0.89100000
vt 0.77300000 0.46820000
vt 0.95510000 0.89100000
vt 0.81590000 0.92130000
vt 0.75060000 0.49510000
vt 0.95510000 0.92130000
vt 0.81590000 0.15560000
vt 0.69730000 0.62400000
vt 0.95510000 0.15560000
vt 0.81590000 0.19060000
vt 0.66280000 0.61800000
vt 0.95510000 0.19060000
vt 0.81590000 0.22090000
vt 0.63590000 0.59550000
vt 0.95510000 0.22090000
vt 0.81590000 0.24380000
vt 0.81590000 0.24380000
vt 0.95510000 0.24380000
vt 0.95510000 0.24380000
vt 0.62800000 0.57390000
vt 0.58040000 0.60360000
vt 0.95510000 0.29710000
vt 0.81590000 0.29710000
vt 0.81590000 0.33210000
vt 0.54600000 0.59760000
vt 0.95510000 0.33210000
vt 0.61330000 0.59160000
vt 0.95510000 0.26680000
vt 0.81590000 0.26680000
vt 0.55240000 0.61970000
vt 0.61170000 0.64540000
vt 0.67620000 0.64540000
vt 0.50830000 0.57260000
vt 0.48730000 0.51680000
vt 0.48830000 0.45730000
vt 0.51110000 0.40220000
vt 0.55260000 0.35950000
vt 0.60680000 0.33500000
vt 0.66630000 0.33210000
vt 0.72270000 0.35140000
vt 0.76800000 0.39000000
vt 0.79740000 0.44750000
vt 0.80150000 0.51190000
vt 0.77970000 0.57270000
vt 0.73550000 0.61980000
vt 0.95510000 0.59480000
vt 0.55740000 0.36620000
vt 0.81590000 0.59480000
vt 0.81590000 0.62860000
vt 0.59030000 0.35410000
vt 0.95510000 0.62860000
vt 0.81590000 0.65330000
vt 0.62480000 0.36010000
vt 0.95510000 0.65330000
vt 0.81590000 0.68710000
vt 0.95510000 0.68710000
vt 0.65160000 0.38260000
vt 0.81590000 0.70930000
vt 0.81590000 0.70930000
vt 0.95510000 0.70930000
vt 0.65950000 0.40420000
vt 0.95510000 0.70930000
vt 0.70710000 0.37450000
vt 0.95510000 0.76260000
vt 0.81590000 0.76260000
vt 0.81590000 0.79760000
vt 0.95510000 0.79760000
vt 0.74160000 0.38050000
vt 0.67420000 0.38650000
vt 0.95510000 0.73230000
vt 0.81590000 0.73230000
vt 0.95510000 0.56090000
vt 0.53490000 0.39300000
vt 0.81590000 0.56090000
vt 0.95510000 0.53620000
vt 0.52890000 0.42750000
vt 0.81590000 0.53620000
vt 0.54100000 0.46040000
vt 0.95510000 0.50240000
vt 0.81590000 0.50240000
vt 0.95510000 0.48020000
vt 0.95510000 0.48020000
vt 0.55860000 0.47510000
vt 0.81590000 0.48020000
vt 0.81590000 0.48020000
vt 0.52010000 0.57600000
vt 0.95510000 0.36130000
vt 0.81590000 0.36130000
vt 0.81590000 0.39500000
vt 0.95510000 0.39500000
vt 0.50850000 0.54430000
vt 0.81590000 0.42530000
vt 0.95510000 0.42530000
vt 0.51460000 0.50980000
vt 0.81590000 0.46030000
vt 0.95510000 0.46030000
vt 0.53700000 0.48300000
vt 0.81590000 0.82680000
vt 0.95510000 0.82680000
vt 0.76740000 0.40210000
vt 0.95510000 0.08790000
vt 0.75260000 0.58510000
vt 0.81590000 0.08790000
vt 0.81590000 0.12170000
vt 0.73020000 0.61190000
vt 0.95510000 0.12170000
vt 0.95510000 0.05290000
vt 0.75860000 0.55060000
vt 0.81590000 0.05290000
vt 0.74660000 0.51770000
vt 0.95510000 0.02260000
vt 0.95510000 0.96720000
vt 0.81590000 0.96720000
vt 0.81590000 0.02260000
vt 0.72900000 0.50300000
vt 0.95510000 0.94420000
vt 0.95510000 0.94420000
vt 0.81590000 0.94420000
vt 0.81590000 0.94420000
vt 0.95510000 0.85600000
vt 0.77900000 0.43380000
vt 0.81590000 0.85600000
vt 0.81590000 0.89100000
vt 0.77300000 0.46820000
vt 0.95510000 0.89100000
vt 0.81590000 0.92130000
vt 0.75060000 0.49510000
vt 0.95510000 0.92130000
vt 0.81590000 0.15560000
vt 0.95510000 0.15560000
vt 0.69730000 0.62400000
vt 0.81590000 0.19060000
vt 0.66280000 0.61800000
vt 0.95510000 0.19060000
vt 0.81590000 0.22090000
vt 0.95510000 0.22090000
vt 0.63590000 0.59550000
vt 0.81590000 0.24380000
vt 0.81590000 0.24380000
vt 0.95510000 0.24380000
vt 0.62800000 0.57390000
vt 0.95510000 0.24380000
vt 0.58040000 0.60360000
vt 0.95510000 0.29710000
vt 0.81590000 0.29710000
vt 0.81590000 0.33210000
vt 0.95510000 0.33210000
vt 0.54600000 0.59760000
vt 0.61330000 0.59160000
vt 0.95510000 0.26680000
vt 0.81590000 0.26680000
vt 0.55240000 0.61970000
vt 0.61170000 0.64540000
vt 0.67620000 0.64540000
vt 0.50830000 0.57260000
vt 0.48730000 0.51680000
vt 0.48830000 0.45730000
vt 0.51110000 0.40220000
vt 0.55260000 0.35950000
vt 0.60680000 0.33500000
vt 0.66630000 0.33210000
vt 0.72270000 0.35140000
vt 0.76800000 0.39000000
vt 0.79740000 0.44750000
vt 0.80150000 0.51190000
vt 0.77970000 0.57270000
vt 0.73550000 0.61980000
vt 0.55740000 0.36620000
vt 0.95510000 0.59480000
vt 0.81590000 0.59480000
vt 0.81590000 0.62860000
vt 0.59030000 0.35410000
vt 0.95510000 0.62860000
vt 0.81590000 0.65330000
vt 0.62480000 0.36010000
vt 0.95510000 0.65330000
vt 0.81590000 0.68710000
vt 0.95510000 0.68710000
vt 0.65160000 0.38260000
vt 0.81590000 0.70930000
vt 0.81590000 0.70930000
vt 0.95510000 0.70930000
vt 0.65950000 0.40420000
vt 0.95510000 0.70930000
vt 0.95510000 0.76260000
vt 0.70710000 0.37450000
vt 0.81590000 0.76260000
vt 0.81590000 0.79760000
vt 0.74160000 0.38050000
vt 0.95510000 0.79760000
vt 0.95510000 0.73230000
vt 0.67420000 0.38650000
vt 0.81590000 0.73230000
vt 0.53490000 0.39300000
vt 0.95510000 0.56090000
vt 0.81590000 0.56090000
vt 0.95510000 0.53620000
vt 0.52890000 0.42750000
vt 0.81590000 0.53620000
vt 0.54100000 0.46040000
vt 0.95510000 0.50240000
vt 0.81590000 0.50240000
vt 0.55860000 0.47510000
vt 0.95510000 0.48020000
vt 0.95510000 0.48020000
vt 0.81590000 0.48020000
vt 0.81590000 0.48020000
vt 0.52010000 0.57600000
vt 0.95510000 0.36130000
vt 0.81590000 0.36130000
vt 0.81590000 0.39500000
vt 0.50850000 0.54430000
vt 0.95510000 0.39500000
vt 0.81590000 0.42530000
vt 0.51460000 0.50980000
vt 0.95510000 0.42530000
vt 0.81590000 0.46030000
vt 0.95510000 0.46030000
vt 0.53700000 0.48300000
vt 0.81590000 0.82680000
vt 0.95510000 0.82680000
vt 0.76740000 0.40210000
vt 0.75260000 0.58510000
vt 0.95510000 0.08790000
vt 0.81590000 0.08790000
vt 0.81590000 0.12170000
vt 0.95510000 0.12170000
vt 0.73020000 0.61190000
vt 0.75860000 0.55060000
vt 0.95510000 0.05290000
vt 0.81590000 0.05290000
vt 0.74660000 0.51770000
vt 0.95510000 0.02260000
vt 0.95510000 0.96720000
vt 0.81590000 0.02260000
vt 0.81590000 0.96720000
vt 0.72900000 0.50300000
vt 0.95510000 0.94420000
vt 0.95510000 0.94420000
vt 0.81590000 0.94420000
vt 0.81590000 0.94420000
vt 0.95510000 0.85600000
vt 0.77900000 0.43380000
vt 0.81590000 0.85600000
vt 0.81590000 0.89100000
vt 0.77300000 0.46820000
vt 0.95510000 0.89100000
vt 0.81590000 0.92130000
vt 0.95510000 0.92130000
vt 0.75060000 0.49510000
vt 0.81590000 0.15560000
vt 0.69730000 0.62400000
vt 0.95510000 0.15560000
vt 0.81590000 0.19060000
vt 0.95510000 0.19060000
vt 0.66280000 0.61800000
vt 0.81590000 0.22090000
vt 0.63590000 0.59550000
vt 0.95510000 0.22090000
vt 0.81590000 0.24380000
vt 0.81590000 0.24380000
vt 0.95510000 0.24380000
vt 0.62800000 0.57390000
vt 0.95510000 0.24380000
vt 0.95510000 0.29710000
vt 0.58040000 0.60360000
vt 0.81590000 0.29710000
vt 0.81590000 0.33210000
vt 0.95510000 0.33210000
vt 0.54600000 0.59760000
vt 0.61330000 0.59160000
vt 0.95510000 0.26680000
vt 0.81590000 0.26680000
vt 0.55240000 0.61970000
vt 0.61170000 0.64540000
vt 0.67620000 0.64540000
vt 0.50830000 0.57260000
vt 0.48730000 0.51680000
vt 0.48830000 0.45730000
vt 0.51110000 0.40220000
vt 0.55260000 0.35950000
vt 0.60680000 0.33500000
vt 0.66630000 0.33210000
vt 0.72270000 0.35140000
vt 0.76800000 0.39000000
vt 0.79740000 0.44750000
vt 0.80150000 0.51190000
vt 0.77970000 0.57270000
vt 0.73550000 0.61980000
vt 0.95510000 0.59480000
vt 0.55740000 0.36620000
vt 0.81590000 0.59480000
vt 0.81590000 0.62860000
vt 0.59030000 0.35410000
vt 0.95510000 0.62860000
vt 0.81590000 0.65330000
vt 0.95510000 0.65330000
vt 0.62480000 0.36010000
vt 0.81590000 0.68710000
vt 0.65160000 0.38260000
vt 0.95510000 0.68710000
vt 0.81590000 0.70930000
vt 0.81590000 0.70930000
vt 0.65950000 0.40420000
vt 0.95510000 0.70930000
vt 0.95510000 0.70930000
vt 0.95510000 0.76260000
vt 0.70710000 0.37450000
vt 0.81590000 0.76260000
vt 0.81590000 0.79760000
vt 0.95510000 0.79760000
vt 0.74160000 0.38050000
vt 0.67420000 0.38650000
vt 0.95510000 0.73230000
vt 0.81590000 0.73230000
vt 0.95510000 0.56090000
vt 0.53490000 0.39300000
vt 0.81590000 0.56090000
vt 0.95510000 0.53620000
vt 0.52890000 0.42750000
vt 0.81590000 0.53620000
vt 0.95510000 0.50240000
vt 0.54100000 0.46040000
vt 0.81590000 0.50240000
vt 0.55860000 0.47510000
vt 0.95510000 0.48020000
vt 0.95510000 0.48020000
vt 0.81590000 0.48020000
vt 0.81590000 0.48020000
vt 0.52010000 0.57600000
vt 0.95510000 0.36130000
vt 0.81590000 0.36130000
vt 0.81590000 0.39500000
vt 0.95510000 0.39500000
vt 0.50850000 0.54430000
vt 0.81590000 0.42530000
vt 0.51460000 0.50980000
vt 0.95510000 0.42530000
vt 0.81590000 0.46030000
vt 0.53700000 0.48300000
vt 0.95510000 0.46030000
vt 0.81590000 0.82680000
vt 0.95510000 0.82680000
vt 0.76740000 0.40210000
vt 0.75260000 0.58510000
vt 0.95510000 0.08790000
vt 0.81590000 0.08790000
vt 0.81590000 0.12170000
vt 0.73020000 0.61190000
vt 0.95510000 0.12170000
vt 0.95510000 0.05290000
vt 0.75860000 0.55060000
vt 0.81590000 0.05290000
vt 0.95510000 0.02260000
vt 0.95510000 0.96720000
vt 0.74660000 0.51770000
vt 0.81590000 0.96720000
vt 0.81590000 0.02260000
vt 0.72900000 0.50300000
vt 0.95510000 0.94420000
vt 0.95510000 0.94420000
vt 0.81590000 0.94420000
vt 0.81590000 0.94420000
vt 0.95510000 0.85600000
vt 0.77900000 0.43380000
vt 0.81590000 0.85600000
vt 0.81590000 0.89100000
vt 0.77300000 0.46820000
vt 0.95510000 0.89100000
vt 0.81590000 0.92130000
vt 0.95510000 0.92130000
vt 0.75060000 0.49510000
vt 0.81590000 0.15560000
vt 0.95510000 0.15560000
vt 0.69730000 0.62400000
vt 0.81590000 0.19060000
vt 0.66280000 0.61800000
vt 0.95510000 0.19060000
vt 0.81590000 0.22090000
vt 0.63590000 0.59550000
vt 0.95510000 0.22090000
vt 0.81590000 0.24380000
vt 0.81590000 0.24380000
vt 0.62800000 0.57390000
vt 0.95510000 0.24380000
vt 0.95510000 0.24380000
vt 0.95510000 0.29710000
vt 0.58040000 0.60360000
vt 0.81590000 0.29710000
vt 0.81590000 0.33210000
vt 0.54600000 0.59760000
vt 0.95510000 0.33210000
vt 0.61330000 0.59160000
vt 0.95510000 0.26680000
vt 0.81590000 0.26680000
vt 0.55240000 0.61970000
vt 0.61170000 0.64540000
vt 0.67620000 0.64540000
vt 0.50830000 0.57260000
vt 0.48730000 0.51680000
vt 0.48830000 0.45730000
vt 0.51110000 0.40220000
vt 0.55260000 0.35950000
vt 0.60680000 0.33500000
vt 0.66630000 0.33210000
vt 0.72270000 0.35140000
vt 0.76800000 0.39000000
vt 0.79740000 0.44750000
vt 0.80150000 0.51190000
vt 0.77970000 0.57270000
vt 0.73550000 0.61980000
f 1/1/1 2/2/2 3/3/3
f 3/3/3 4/4/4 1/1/1
f 5/5/5 6/6/6 2/2/2
f 2/2/2 1/1/1 5/5/5
f 7/7/7 8/8/8 6/6/6
f 6/6/6 5/5/5 7/7/7
f 9/9/9 11/11/11 8/8/8
f 8/8/8 7/7/7 9/9/9
f 12/12/12 14/14/14 11/11/11
f 11/11/11 9/9/9 12/12/12
f 15/15/15 16/16/16 14/14/14
f 14/14/14 12/12/12 15/15/15
f 17/17/17 18/18/18 16/16/16
f 16/16/16 15/15/15 17/17/17
f 20/20/20 21/21/21 22/22/22
f 22/22/22 23/23/23 20/20/20
f 23/23/23 22/22/22 26/26/26
f 26/26/26 28/28/28 23/23/23
f 28/28/28 26/26/26 29/29/29
f 29/29/29 30/30/30 28/28/28
f 30/30/30 29/29/29 31/31/31
f 31/31/31 32/32/32 30/30/30
f 32/32/32 31/31/31 33/33/33
f 33/33/33 34/34/34 32/32/32
f 34/34/34 33/33/33 35/35/35
f 35/35/35 36/36/36 34/34/34
f 36/36/36 35/35/35 37/37/37
f 37/37/37 38/38/38 36/36/36
f 37/37/37 39/39/39 40/40/40
f 40/40/40 38/38/38 37/37/37
f 41/41/41 42/42/42 43/43/43
f 43/43/43 44/44/44 41/41/41
f 45/45/45 46/46/46 42/42/42
f 42/42/42 41/41/41 45/45/45
f 47/47/47 48/48/48 46/46/46
f 46/46/46 45/45/45 47/47/47
f 49/49/49 50/50/50 48/48/48
f 48/48/48 47/47/47 49/49/49
f 52/52/52 53/53/53 50/50/50
f 50/50/50 49/49/49 52/52/52
f 54/54/54 56/56/56 53/53/53
f 53/53/53 52/52/52 54/54/54
f 57/57/57 58/58/58 56/56/56
f 56/56/56 54/54/54 57/57/57
f 3/3/3 59/59/59 60/60/60
f 60/60/60 4/4/4 3/3/3
f 59/59/59 61/61/61 62/62/62
f 62/62/62 60/60/60 59/59/59
f 61/61/61 63/63/63 64/64/64
f 64/64/64 62/62/62 61/61/61
f 63/63/63 65/65/65 66/66/66
f 66/66/66 64/64/64 63/63/63
f 65/65/65 68/68/68 70/70/70
f 70/70/70 66/66/66 65/65/65
f 68/68/68 71/71/71 72/72/72
f 72/72/72 70/70/70 68/68/68
f 71/71/71 73/73/73 74/74/74
f 74/74/74 72/72/72 71/71/71
f 39/39/39 75/75/75 76/76/76
f 76/76/76 40/40/40 39/39/39
f 75/75/75 77/77/77 78/78/78
f 78/78/78 76/76/76 75/75/75
f 77/77/77 79/79/79 80/80/80
f 80/80/80 78/78/78 77/77/77
f 79/79/79 81/81/81 83/83/83
f 83/83/83 80/80/80 79/79/79
f 81/81/81 84/84/84 87/87/87
f 87/87/87 83/83/83 81/81/81
f 84/84/84 88/88/88 89/89/89
f 89/89/89 87/87/87 84/84/84
f 43/43/43 91/91/91 92/92/92
f 92/92/92 44/44/44 43/43/43
f 91/91/91 93/93/93 94/94/94
f 94/94/94 92/92/92 91/91/91
f 93/93/93 95/95/95 96/96/96
f 96/96/96 94/94/94 93/93/93
f 95/95/95 97/97/97 98/98/98
f 98/98/98 96/96/96 95/95/95
f 97/97/97 99/99/99 100/100/100
f 100/100/100 98/98/98 97/97/97
f 99/99/99 102/102/102 104/104/104
f 104/104/104 100/100/100 99/99/99
f 102/102/102 106/106/106 108/108/108
f 108/108/108 104/104/104 102/102/102
f 109/109/109 110/110/110 111/111/111
f 111/111/111 112/112/112 109/109/109
f 110/110/110 113/113/113 114/114/114
f 114/114/114 111/111/111 110/110/110
f 113/113/113 115/115/115 116/116/116
f 116/116/116 114/114/114 113/113/113
f 115/115/115 117/117/117 118/118/118
f 118/118/118 116/116/116 115/115/115
f 117/117/117 120/120/120 122/122/122
f 122/122/122 118/118/118 117/117/117
f 123/123/123 124/124/124 125/125/125
f 125/125/125 126/126/126 123/123/123
f 124/124/124 127/127/127 128/128/128
f 128/128/128 125/125/125 124/124/124
f 127/127/127 129/129/129 130/130/130
f 130/130/130 128/128/128 127/127/127
f 129/129/129 131/131/131 133/133/133
f 133/133/133 130/130/130 129/129/129
f 131/131/131 134/134/134 135/135/135
f 135/135/135 133/133/133 131/131/131
f 134/134/134 137/137/137 138/138/138
f 138/138/138 135/135/135 134/134/134
f 137/137/137 139/139/139 140/140/140
f 140/140/140 138/138/138 137/137/137
f 22/22/22 21/21/21 142/142/142
f 142/142/142 143/143/143 22/22/22
f 26/26/26 22/22/22 143/143/143
f 143/143/143 146/146/146 26/26/26
f 29/29/29 26/26/26 146/146/146
f 146/146/146 148/148/148 29/29/29
f 31/31/31 29/29/29 148/148/148
f 148/148/148 149/149/149 31/31/31
f 33/33/33 31/31/31 149/149/149
f 149/149/149 150/150/150 33/33/33
f 35/35/35 33/33/33 150/150/150
f 150/150/150 151/151/151 35/35/35
f 37/37/37 35/35/35 151/151/151
f 151/151/151 152/152/152 37/37/37
f 153/153/153 39/39/39 37/37/37
f 37/37/37 152/152/152 153/153/153
f 154/154/154 155/155/155 156/156/156
f 156/156/156 157/157/157 154/154/154
f 155/155/155 158/158/158 159/159/159
f 159/159/159 156/156/156 155/155/155
f 158/158/158 160/160/160 161/161/161
f 161/161/161 159/159/159 158/158/158
f 160/160/160 162/162/162 163/163/163
f 163/163/163 161/161/161 160/160/160
f 162/162/162 164/164/164 165/165/165
f 165/165/165 163/163/163 162/162/162
f 164/164/164 167/167/167 168/168/168
f 168/168/168 165/165/165 164/164/164
f 167/167/167 170/170/170 171/171/171
f 171/171/171 168/168/168 167/167/167
f 172/172/172 173/173/173 123/123/123
f 123/123/123 126/126/126 172/172/172
f 174/174/174 175/175/175 173/173/173
f 173/173/173 172/172/172 174/174/174
f 176/176/176 177/177/177 175/175/175
f 175/175/175 174/174/174 176/176/176
f 179/179/179 180/180/180 177/177/177
f 177/177/177 176/176/176 179/179/179
f 182/182/182 183/183/183 180/180/180
f 180/180/180 179/179/179 182/182/182
f 184/184/184 185/185/185 183/183/183
f 183/183/183 182/182/182 184/184/184
f 186/186/186 185/185/185 184/184/184
f 184/184/184 187/187/187 186/186/186
f 188/188/188 75/75/75 39/39/39
f 39/39/39 153/153/153 188/188/188
f 189/189/189 77/77/77 75/75/75
f 75/75/75 188/188/188 189/189/189
f 190/190/190 79/79/79 77/77/77
f 77/77/77 189/189/189 190/190/190
f 191/191/191 81/81/81 79/79/79
f 79/79/79 190/190/190 191/191/191
f 193/193/193 84/84/84 81/81/81
f 81/81/81 191/191/191 193/193/193
f 196/196/196 88/88/88 84/84/84
f 84/84/84 193/193/193 196/196/196
f 198/198/198 199/199/199 154/154/154
f 154/154/154 157/157/157 198/198/198
f 200/200/200 201/201/201 199/199/199
f 199/199/199 198/198/198 200/200/200
f 202/202/202 204/204/204 201/201/201
f 201/201/201 200/200/200 202/202/202
f 205/205/205 207/207/207 204/204/204
f 204/204/204 202/202/202 205/205/205
f 209/209/209 210/210/210 207/207/207
f 207/207/207 205/205/205 209/209/209
f 213/213/213 214/214/214 210/210/210
f 210/210/210 209/209/209 213/213/213
f 215/215/215 217/217/217 214/214/214
f 214/214/214 213/213/213 215/215/215
f 218/218/218 219/219/219 220/220/220
f 220/220/220 221/221/221 218/218/218
f 222/222/222 223/223/223 219/219/219
f 219/219/219 218/218/218 222/222/222
f 224/224/224 226/226/226 223/223/223
f 223/223/223 222/222/222 224/224/224
f 228/228/228 230/230/230 226/226/226
f 226/226/226 224/224/224 228/228/228
f 232/232/232 233/233/233 230/230/230
f 230/230/230 228/228/228 232/232/232
f 234/234/234 235/235/235 236/236/236
f 236/236/236 237/237/237 234/234/234
f 238/238/238 239/239/239 235/235/235
f 235/235/235 234/234/234 238/238/238
f 241/241/241 242/242/242 239/239/239
f 239/239/239 238/238/238 241/241/241
f 244/244/244 245/245/245 242/242/242
f 242/242/242 241/241/241 244/244/244
f 246/246/246 247/247/247 245/245/245
f 245/245/245 244/244/244 246/246/246
f 248/248/248 249/249/249 247/247/247
f 247/247/247 246/246/246 248/248/248
f 250/250/250 155/155/155 154/154/154
f 154/154/154 251/251/251 250/250/250
f 252/252/252 158/158/158 155/155/155
f 155/155/155 250/250/250 252/252/252
f 253/253/253 160/160/160 158/158/158
f 158/158/158 252/252/252 253/253/253
f 254/254/254 162/162/162 160/160/160
f 160/160/160 253/253/253 254/254/254
f 255/255/255 164/164/164 162/162/162
f 162/162/162 254/254/254 255/255/255
f 257/257/257 167/167/167 164/164/164
f 164/164/164 255/255/255 257/257/257
f 259/259/259 170/170/170 167/167/167
f 167/167/167 257/257/257 259/259/259
f 154/154/154 199/199/199 260/260/260
f 260/260/260 251/251/251 154/154/154
f 199/199/199 201/201/201 261/261/261
f 261/261/261 260/260/260 199/199/199
f 201/201/201 204/204/204 263/263/263
f 263/263/263 261/261/261 201/201/201
f 204/204/204 207/207/207 264/264/264
f 264/264/264 263/263/263 204/204/204
f 207/207/207 210/210/210 267/267/267
f 267/267/267 264/264/264 207/207/207
f 210/210/210 214/214/214 268/268/268
f 268/268/268 267/267/267 210/210/210
f 214/214/214 217/217/217 271/271/271
f 271/271/271 268/268/268 214/214/214
f 273/273/273 274/274/274 275/275/275
f 275/275/275 276/276/276 273/273/273
f 274/274/274 277/277/277 279/279/279
f 279/279/279 275/275/275 274/274/274
f 277/277/277 280/280/280 281/281/281
f 281/281/281 279/279/279 277/277/277
f 280/280/280 284/284/284 285/285/285
f 285/285/285 281/281/281 280/280/280
f 120/120/120 287/287/287 288/288/288
f 288/288/288 122/122/122 120/120/120
f 287/287/287 290/290/290 291/291/291
f 291/291/291 288/288/288 287/287/287
f 109/109/109 112/112/112 293/293/293
f 293/293/293 294/294/294 109/109/109
f 294/294/294 293/293/293 295/295/295
f 295/295/295 296/296/296 294/294/294
f 296/296/296 295/295/295 297/297/297
f 297/297/297 298/298/298 296/296/296
f 298/298/298 297/297/297 299/299/299
f 299/299/299 301/301/301 298/298/298
f 301/301/301 299/299/299 303/303/303
f 303/303/303 304/304/304 301/301/301
f 304/304/304 303/303/303 305/305/305
f 305/305/305 306/306/306 304/304/304
f 306/306/306 305/305/305 307/307/307
f 307/307/307 308/308/308 306/306/306
f 233/233/233 232/232/232 309/309/309
f 309/309/309 311/311/311 233/233/233
f 311/311/311 309/309/309 312/312/312
f 312/312/312 314/314/314 311/311/311
f 220/220/220 315/315/315 316/316/316
f 316/316/316 221/221/221 220/220/220
f 315/315/315 317/317/317 318/318/318
f 318/318/318 316/316/316 315/315/315
f 317/317/317 319/319/319 320/320/320
f 320/320/320 318/318/318 317/317/317
f 319/319/319 321/321/321 322/322/322
f 322/322/322 320/320/320 319/319/319
f 321/321/321 324/324/324 326/326/326
f 326/326/326 322/322/322 321/321/321
f 324/324/324 327/327/327 328/328/328
f 328/328/328 326/326/326 324/324/324
f 327/327/327 329/329/329 330/330/330
f 330/330/330 328/328/328 327/327/327
f 284/284/284 331/331/331 333/333/333
f 333/333/333 285/285/285 284/284/284
f 331/331/331 334/334/334 336/336/336
f 336/336/336 333/333/333 331/331/331
f 337/337/337 338/338/338 339/339/339
f 339/339/339 340/340/340 337/337/337
f 338/338/338 341/341/341 342/342/342
f 342/342/342 339/339/339 338/338/338
f 341/341/341 343/343/343 344/344/344
f 344/344/344 342/342/342 341/341/341
f 343/343/343 345/345/345 346/346/346
f 346/346/346 344/344/344 343/343/343
f 345/345/345 347/347/347 348/348/348
f 348/348/348 346/346/346 345/345/345
f 347/347/347 350/350/350 351/351/351
f 351/351/351 348/348/348 347/347/347
f 350/350/350 353/353/353 354/354/354
f 354/354/354 351/351/351 350/350/350
f 355/355/355 356/356/356 357/357/357
f 357/357/357 358/358/358 355/355/355
f 359/359/359 355/355/355 358/358/358
f 358/358/358 360/360/360 359/359/359
f 361/361/361 359/359/359 360/360/360
f 360/360/360 362/362/362 361/361/361
f 363/363/363 361/361/361 362/362/362
f 362/362/362 364/364/364 363/363/363
f 365/365/365 363/363/363 364/364/364
f 364/364/364 366/366/366 365/365/365
f 367/367/367 365/365/365 366/366/366
f 366/366/366 368/368/368 367/367/367
f 369/369/369 367/367/367 368/368/368
f 368/368/368 370/370/370 369/369/369
f 371/371/371 372/372/372 369/369/369
f 369/369/369 370/370/370 371/371/371
f 43/43/43 42/42/42 373/373/373
f 373/373/373 374/374/374 43/43/43
f 42/42/42 46/46/46 375/375/375
f 375/375/375 373/373/373 42/42/42
f 46/46/46 48/48/48 376/376/376
f 376/376/376 375/375/375 46/46/46
f 48/48/48 50/50/50 377/377/377
f 377/377/377 376/376/376 48/48/48
f 50/50/50 53/53/53 379/379/379
f 379/379/379 377/377/377 50/50/50
f 53/53/53 56/56/56 381/381/381
f 381/381/381 379/379/379 53/53/53
f 56/56/56 58/58/58 384/384/384
f 384/384/384 381/381/381 56/56/56
f 386/386/386 388/388/388 389/389/389
f 389/389/389 392/392/392 386/386/386
f 388/388/388 395/395/395 396/396/396
f 396/396/396 389/389/389 388/388/388
f 398/398/398 400/400/400 401/401/401
f 401/401/401 402/402/402 398/398/398
f 403/403/403 400/400/400 398/398/398
f 398/398/398 405/405/405 403/403/403
f 407/407/407 403/403/403 405/405/405
f 405/405/405 408/408/408 407/407/407
f 410/410/410 406/406/406 409/409/409
f 409/409/409 411/411/411 410/410/410
f 412/412/412 410/410/410 411/411/411
f 411/411/411 413/413/413 412/412/412
f 414/414/414 412/412/412 413/413/413
f 413/413/413 415/415/415 414/414/414
f 416/416/416 417/417/417 337/337/337
f 337/337/337 340/340/340 416/416/416
f 418/418/418 419/419/419 417/417/417
f 417/417/417 416/416/416 418/418/418
f 420/420/420 421/421/421 419/419/419
f 419/419/419 418/418/418 420/420/420
f 422/422/422 424/424/424 421/421/421
f 421/421/421 420/420/420 422/422/422
f 427/427/427 428/428/428 424/424/424
f 424/424/424 422/422/422 427/427/427
f 429/429/429 432/432/432 428/428/428
f 428/428/428 427/427/427 429/429/429
f 433/433/433 432/432/432 429/429/429
f 429/429/429 435/435/435 433/433/433
f 436/436/436 437/437/437 372/372/372
f 372/372/372 371/371/371 436/436/436
f 438/438/438 439/439/439 437/437/437
f 437/437/437 436/436/436 438/438/438
f 441/441/441 442/442/442 439/439/439
f 439/439/439 438/438/438 441/441/441
f 445/445/445 446/446/446 443/443/443
f 443/443/443 440/440/440 445/445/445
f 447/447/447 449/449/449 446/446/446
f 446/446/446 445/445/445 447/447/447
f 450/450/450 451/451/451 449/449/449
f 449/449/449 447/447/447 450/450/450
f 452/452/452 91/91/91 43/43/43
f 43/43/43 374/374/374 452/452/452
f 453/453/453 93/93/93 91/91/91
f 91/91/91 452/452/452 453/453/453
f 454/454/454 95/95/95 93/93/93
f 93/93/93 453/453/453 454/454/454
f 455/455/455 97/97/97 95/95/95
f 95/95/95 454/454/454 455/455/455
f 457/457/457 99/99/99 97/97/97
f 97/97/97 455/455/455 457/457/457
f 459/459/459 102/102/102 99/99/99
f 99/99/99 457/457/457 459/459/459
f 461/461/461 106/106/106 102/102/102
f 102/102/102 459/459/459 461/461/461
f 463/463/463 464/464/464 465/465/465
f 465/465/465 466/466/466 463/463/463
f 467/467/467 468/468/468 469/469/469
f 469/469/469 470/470/470 467/467/467
f 471/471/471 463/463/463 466/466/466
f 466/466/466 472/472/472 471/471/471
f 473/473/473 474/474/474 468/468/468
f 468/468/468 467/467/467 473/473/473
f 475/475/475 471/471/471 472/472/472
f 472/472/472 476/476/476 475/475/475
f 477/477/477 479/479/479 474/474/474
f 474/474/474 473/473/473 477/477/477
f 481/481/481 475/475/475 476/476/476
f 476/476/476 483/483/483 481/481/481
f 484/484/484 486/486/486 479/479/479
f 479/479/479 477/477/477 484/484/484
f 392/392/392 481/481/481 483/483/483
f 483/483/483 386/386/386 392/392/392
f 488/488/488 486/486/486 484/484/484
f 484/484/484 490/490/490 488/488/488
f 492/492/492 488/488/488 490/490/490
f 490/490/490 494/494/494 492/492/492
f 496/496/496 497/497/497 498/498/498
f 498/498/498 499/499/499 496/496/496
f 499/499/499 498/498/498 500/500/500
f 500/500/500 501/501/501 499/499/499
f 502/502/502 503/503/503 501/501/501
f 501/501/501 500/500/500 502/502/502
f 504/504/504 505/505/505 503/503/503
f 503/503/503 502/502/502 504/504/504
f 506/506/506 507/507/507 505/505/505
f 505/505/505 504/504/504 506/506/506
f 508/508/508 509/509/509 507/507/507
f 507/507/507 506/506/506 508/508/508
f 510/510/510 511/511/511 509/509/509
f 509/509/509 508/508/508 510/510/510
f 512/512/512 513/513/513 237/237/237
f 237/237/237 236/236/236 512/512/512
f 514/514/514 273/273/273 276/276/276
f 276/276/276 515/515/515 514/514/514
f 516/516/516 517/517/517 518/518/518
f 518/518/518 519/519/519 516/516/516
f 517/517/517 520/520/520 521/521/521
f 521/521/521 518/518/518 517/517/517
f 520/520/520 522/522/522 523/523/523
f 523/523/523 521/521/521 520/520/520
f 522/522/522 524/524/524 525/525/525
f 525/525/525 523/523/523 522/522/522
f 524/524/524 526/526/526 528/528/528
f 528/528/528 525/525/525 524/524/524
f 526/526/526 529/529/529 531/531/531
f 531/531/531 528/528/528 526/526/526
f 529/529/529 532/532/532 534/534/534
f 534/534/534 531/531/531 529/529/529
f 535/535/535 536/536/536 537/537/537
f 537/537/537 539/539/539 535/535/535
f 541/541/541 535/535/535 539/539/539
f 539/539/539 543/543/543 541/541/541
f 544/544/544 541/541/541 543/543/543
f 543/543/543 545/545/545 544/544/544
f 546/546/546 544/544/544 545/545/545
f 545/545/545 547/547/547 546/546/546
f 548/548/548 546/546/546 547/547/547
f 547/547/547 549/549/549 548/548/548
f 550/550/550 548/548/548 549/549/549
f 549/549/549 551/551/551 550/550/550
f 552/552/552 550/550/550 551/551/551
f 551/551/551 519/519/519 552/552/552
f 553/553/553 554/554/554 552/552/552
f 552/552/552 519/519/519 553/553/553
f 555/555/555 519/519/519 556/556/556
f 556/556/556 557/557/557 555/555/555
f 558/558/558 555/555/555 557/557/557
f 557/557/557 559/559/559 558/558/558
f 560/560/560 558/558/558 559/559/559
f 559/559/559 561/561/561 560/560/560
f 562/562/562 560/560/560 561/561/561
f 561/561/561 563/563/563 562/562/562
f 565/565/565 562/562/562 563/563/563
f 563/563/563 566/566/566 565/565/565
f 568/568/568 565/565/565 566/566/566
f 566/566/566 569/569/569 568/568/568
f 570/570/570 568/568/568 569/569/569
f 569/569/569 572/572/572 570/570/570
f 551/551/551 573/573/573 516/516/516
f 516/516/516 519/519/519 551/551/551
f 549/549/549 574/574/574 573/573/573
f 573/573/573 551/551/551 549/549/549
f 547/547/547 575/575/575 574/574/574
f 574/574/574 549/549/549 547/547/547
f 545/545/545 576/576/576 575/575/575
f 575/575/575 547/547/547 545/545/545
f 542/542/542 577/577/577 576/576/576
f 576/576/576 545/545/545 542/542/542
f 540/540/540 578/578/578 577/577/577
f 577/577/577 542/542/542 540/540/540
f 538/538/538 579/579/579 578/578/578
f 578/578/578 540/540/540 538/538/538
f 580/580/580 581/581/581 554/554/554
f 554/554/554 553/553/553 580/580/580
f 582/582/582 583/583/583 581/581/581
f 581/581/581 580/580/580 582/582/582
f 584/584/584 585/585/585 583/583/583
f 583/583/583 582/582/582 584/584/584
f 587/587/587 588/588/588 585/585/585
f 585/585/585 584/584/584 587/587/587
f 589/589/589 591/591/591 588/588/588
f 588/588/588 587/587/587 589/589/589
f 593/593/593 594/594/594 591/591/591
f 591/591/591 589/589/589 593/593/593
f 518/518/518 595/595/595 556/556/556
f 556/556/556 519/519/519 518/518/518
f 521/521/521 596/596/596 595/595/595
f 595/595/595 518/518/518 521/521/521
f 523/523/523 597/597/597 596/596/596
f 596/596/596 521/521/521 523/523/523
f 525/525/525 598/598/598 597/597/597
f 597/597/597 523/523/523 525/525/525
f 527/527/527 599/599/599 598/598/598
f 598/598/598 525/525/525 527/527/527
f 530/530/530 600/600/600 599/599/599
f 599/599/599 527/527/527 530/530/530
f 533/533/533 601/601/601 600/600/600
f 600/600/600 530/530/530 533/533/533
f 555/555/555 602/602/602 603/603/603
f 603/603/603 519/519/519 555/555/555
f 558/558/558 604/604/604 602/602/602
f 602/602/602 555/555/555 558/558/558
f 560/560/560 605/605/605 604/604/604
f 604/604/604 558/558/558 560/560/560
f 562/562/562 606/606/606 605/605/605
f 605/605/605 560/560/560 562/562/562
f 564/564/564 607/607/607 606/606/606
f 606/606/606 562/562/562 564/564/564
f 608/608/608 609/609/609 610/610/610
f 610/610/610 611/611/611 608/608/608
f 612/612/612 613/613/613 609/609/609
f 609/609/609 608/608/608 612/612/612
f 614/614/614 615/615/615 613/613/613
f 613/613/613 612/612/612 614/614/614
f 616/616/616 618/618/618 615/615/615
f 615/615/615 614/614/614 616/616/616
f 619/619/619 621/621/621 618/618/618
f 618/618/618 616/616/616 619/619/619
f 622/622/622 623/623/623 621/621/621
f 621/621/621 619/619/619 622/622/622
f 624/624/624 625/625/625 623/623/623
f 623/623/623 622/622/622 624/624/624
f 627/627/627 536/536/536 535/535/535
f 535/535/535 628/628/628 627/627/627
f 628/628/628 535/535/535 541/541/541
f 541/541/541 632/632/632 628/628/628
f 632/632/632 541/541/541 544/544/544
f 544/544/544 633/633/633 632/632/632
f 633/633/633 544/544/544 546/546/546
f 546/546/546 634/634/634 633/633/633
f 634/634/634 546/546/546 548/548/548
f 548/548/548 635/635/635 634/634/634
f 635/635/635 548/548/548 550/550/550
f 550/550/550 636/636/636 635/635/635
f 636/636/636 550/550/550 552/552/552
f 552/552/552 637/637/637 636/636/636
f 552/552/552 554/554/554 638/638/638
f 638/638/638 637/637/637 552/552/552
f 639/639/639 640/640/640 641/641/641
f 641/641/641 642/642/642 639/639/639
f 643/643/643 644/644/644 640/640/640
f 640/640/640 639/639/639 643/643/643
f 645/645/645 646/646/646 644/644/644
f 644/644/644 643/643/643 645/645/645
f 647/647/647 648/648/648 646/646/646
f 646/646/646 645/645/645 647/647/647
f 649/649/649 651/651/651 648/648/648
f 648/648/648 647/647/647 649/649/649
f 653/653/653 654/654/654 651/651/651
f 651/651/651 649/649/649 653/653/653
f 655/655/655 656/656/656 654/654/654
f 654/654/654 653/653/653 655/655/655
f 610/610/610 657/657/657 658/658/658
f 658/658/658 611/611/611 610/610/610
f 657/657/657 659/659/659 660/660/660
f 660/660/660 658/658/658 657/657/657
f 659/659/659 661/661/661 662/662/662
f 662/662/662 660/660/660 659/659/659
f 661/661/661 663/663/663 664/664/664
f 664/664/664 662/662/662 661/661/661
f 663/663/663 666/666/666 668/668/668
f 668/668/668 664/664/664 663/663/663
f 666/666/666 669/669/669 670/670/670
f 670/670/670 668/668/668 666/666/666
f 669/669/669 671/671/671 672/672/672
f 672/672/672 670/670/670 669/669/669
f 554/554/554 581/581/581 673/673/673
f 673/673/673 638/638/638 554/554/554
f 581/581/581 583/583/583 674/674/674
f 674/674/674 673/673/673 581/581/581
f 583/583/583 585/585/585 675/675/675
f 675/675/675 674/674/674 583/583/583
f 585/585/585 588/588/588 676/676/676
f 676/676/676 675/675/675 585/585/585
f 588/588/588 591/591/591 678/678/678
f 678/678/678 676/676/676 588/588/588
f 591/591/591 594/594/594 681/681/681
f 681/681/681 678/678/678 591/591/591
f 641/641/641 683/683/683 684/684/684
f 684/684/684 642/642/642 641/641/641
f 683/683/683 685/685/685 686/686/686
f 686/686/686 684/684/684 683/683/683
f 685/685/685 687/687/687 689/689/689
f 689/689/689 686/686/686 685/685/685
f 687/687/687 690/690/690 691/691/691
f 691/691/691 689/689/689 687/687/687
f 690/690/690 693/693/693 695/695/695
f 695/695/695 691/691/691 690/690/690
f 693/693/693 696/696/696 698/698/698
f 698/698/698 695/695/695 693/693/693
f 696/696/696 700/700/700 702/702/702
f 702/702/702 698/698/698 696/696/696
f 703/703/703 704/704/704 705/705/705
f 705/705/705 706/706/706 703/703/703
f 704/704/704 707/707/707 708/708/708
f 708/708/708 705/705/705 704/704/704
f 707/707/707 709/709/709 711/711/711
f 711/711/711 708/708/708 707/707/707
f 709/709/709 712/712/712 714/714/714
f 714/714/714 711/711/711 709/709/709
f 712/712/712 716/716/716 717/717/717
f 717/717/717 714/714/714 712/712/712
f 719/719/719 720/720/720 721/721/721
f 721/721/721 722/722/722 719/719/719
f 720/720/720 723/723/723 724/724/724
f 724/724/724 721/721/721 720/720/720
f 723/723/723 725/725/725 726/726/726
f 726/726/726 724/724/724 723/723/723
f 725/725/725 728/728/728 729/729/729
f 729/729/729 726/726/726 725/725/725
f 728/728/728 731/731/731 732/732/732
f 732/732/732 729/729/729 728/728/728
f 731/731/731 733/733/733 734/734/734
f 734/734/734 732/732/732 731/731/731
f 641/641/641 640/640/640 735/735/735
f 735/735/735 251/251/251 641/641/641
f 640/640/640 644/644/644 736/736/736
f 736/736/736 735/735/735 640/640/640
f 644/644/644 646/646/646 737/737/737
f 737/737/737 736/736/736 644/644/644
f 646/646/646 648/648/648 738/738/738
f 738/738/738 737/737/737 646/646/646
f 648/648/648 651/651/651 740/740/740
f 740/740/740 738/738/738 648/648/648
f 651/651/651 654/654/654 742/742/742
f 742/742/742 740/740/740 651/651/651
f 654/654/654 656/656/656 743/743/743
f 743/743/743 742/742/742 654/654/654
f 744/744/744 683/683/683 641/641/641
f 641/641/641 251/251/251 744/744/744
f 745/745/745 685/685/685 683/683/683
f 683/683/683 744/744/744 745/745/745
f 747/747/747 687/687/687 685/685/685
f 685/685/685 745/745/745 747/747/747
f 749/749/749 690/690/690 687/687/687
f 687/687/687 747/747/747 749/749/749
f 750/750/750 693/693/693 690/690/690
f 690/690/690 749/749/749 750/750/750
f 753/753/753 696/696/696 693/693/693
f 693/693/693 750/750/750 753/753/753
f 755/755/755 700/700/700 696/696/696
f 696/696/696 753/753/753 755/755/755
f 757/757/757 758/758/758 759/759/759
f 759/759/759 760/760/760 757/757/757
f 762/762/762 763/763/763 758/758/758
f 758/758/758 757/757/757 762/762/762
f 766/766/766 767/767/767 763/763/763
f 763/763/763 762/762/762 766/766/766
f 769/769/769 770/770/770 767/767/767
f 767/767/767 766/766/766 769/769/769
f 607/607/607 564/564/564 567/567/567
f 567/567/567 771/771/771 607/607/607
f 771/771/771 567/567/567 571/571/571
f 571/571/571 772/772/772 771/771/771
f 553/553/553 519/519/519 603/603/603
f 603/603/603 773/773/773 553/553/553
f 580/580/580 553/553/553 773/773/773
f 773/773/773 774/774/774 580/580/580
f 582/582/582 580/580/580 774/774/774
f 774/774/774 775/775/775 582/582/582
f 584/584/584 582/582/582 775/775/775
f 775/775/775 776/776/776 584/584/584
f 586/586/586 584/584/584 776/776/776
f 776/776/776 777/777/777 586/586/586
f 590/590/590 586/586/586 777/777/777
f 777/777/777 778/778/778 590/590/590
f 592/592/592 590/590/590 778/778/778
f 778/778/778 779/779/779 592/592/592
f 781/781/781 717/717/717 716/716/716
f 716/716/716 782/782/782 781/781/781
f 783/783/783 781/781/781 782/782/782
f 782/782/782 785/785/785 783/783/783
f 703/703/703 706/706/706 786/786/786
f 786/786/786 787/787/787 703/703/703
f 787/787/787 786/786/786 788/788/788
f 788/788/788 789/789/789 787/787/787
f 789/789/789 788/788/788 790/790/790
f 790/790/790 791/791/791 789/789/789
f 791/791/791 790/790/790 793/793/793
f 793/793/793 794/794/794 791/791/791
f 794/794/794 793/793/793 796/796/796
f 796/796/796 797/797/797 794/794/794
f 797/797/797 796/796/796 798/798/798
f 798/798/798 799/799/799 797/797/797
f 799/799/799 798/798/798 800/800/800
f 800/800/800 801/801/801 799/799/799
f 770/770/770 769/769/769 803/803/803
f 803/803/803 804/804/804 770/770/770
f 804/804/804 803/803/803 806/806/806
f 806/806/806 807/807/807 804/804/804
f 808/808/808 809/809/809 810/810/810
f 810/810/810 811/811/811 808/808/808
f 812/812/812 813/813/813 809/809/809
f 809/809/809 808/808/808 812/812/812
f 814/814/814 815/815/815 813/813/813
f 813/813/813 812/812/812 814/814/814
f 816/816/816 817/817/817 815/815/815
f 815/815/815 814/814/814 816/816/816
f 819/819/819 820/820/820 817/817/817
f 817/817/817 816/816/816 819/819/819
f 821/821/821 823/823/823 820/820/820
f 820/820/820 819/819/819 821/821/821
f 824/824/824 826/826/826 823/823/823
f 823/823/823 821/821/821 824/824/824
f 827/827/827 829/829/829 830/830/830
f 830/830/830 831/831/831 827/827/827
f 831/831/831 830/830/830 833/833/833
f 833/833/833 834/834/834 831/831/831
f 834/834/834 833/833/833 836/836/836
f 836/836/836 837/837/837 834/834/834
f 837/837/837 836/836/836 838/838/838
f 838/838/838 839/839/839 837/837/837
f 839/839/839 838/838/838 840/840/840
f 840/840/840 841/841/841 839/839/839
f 841/841/841 840/840/840 842/842/842
f 842/842/842 843/843/843 841/841/841
f 843/843/843 842/842/842 844/844/844
f 844/844/844 811/811/811 843/843/843
f 845/845/845 811/811/811 844/844/844
f 844/844/844 846/846/846 845/845/845
f 847/847/847 557/557/557 556/556/556
f 556/556/556 811/811/811 847/847/847
f 848/848/848 559/559/559 557/557/557
f 557/557/557 847/847/847 848/848/848
f 849/849/849 561/561/561 559/559/559
f 559/559/559 848/848/848 849/849/849
f 850/850/850 563/563/563 561/561/561
f 561/561/561 849/849/849 850/850/850
f 851/851/851 566/566/566 563/563/563
f 563/563/563 850/850/850 851/851/851
f 854/854/854 569/569/569 566/566/566
f 566/566/566 851/851/851 854/854/854
f 856/856/856 572/572/572 569/569/569
f 569/569/569 854/854/854 856/856/856
f 858/858/858 853/853/853 852/852/852
f 852/852/852 859/859/859 858/858/858
f 862/862/862 855/855/855 853/853/853
f 853/853/853 858/858/858 862/862/862
f 864/864/864 865/865/865 867/867/867
f 867/867/867 868/868/868 864/864/864
f 864/864/864 868/868/868 869/869/869
f 869/869/869 871/871/871 864/864/864
f 871/871/871 869/869/869 873/873/873
f 873/873/873 875/875/875 871/871/871
f 874/874/874 872/872/872 876/876/876
f 876/876/876 877/877/877 874/874/874
f 877/877/877 876/876/876 878/878/878
f 878/878/878 879/879/879 877/877/877
f 879/879/879 878/878/878 880/880/880
f 880/880/880 881/881/881 879/879/879
f 843/843/843 811/811/811 810/810/810
f 810/810/810 882/882/882 843/843/843
f 841/841/841 843/843/843 882/882/882
f 882/882/882 883/883/883 841/841/841
f 839/839/839 841/841/841 883/883/883
f 883/883/883 884/884/884 839/839/839
f 837/837/837 839/839/839 884/884/884
f 884/884/884 885/885/885 837/837/837
f 835/835/835 837/837/837 885/885/885
f 885/885/885 886/886/886 835/835/835
f 886/886/886 887/887/887 832/832/832
f 832/832/832 835/835/835 886/886/886
f 887/887/887 888/888/888 828/828/828
f 828/828/828 832/832/832 887/887/887
f 889/889/889 845/845/845 846/846/846
f 846/846/846 890/890/890 889/889/889
f 891/891/891 889/889/889 890/890/890
f 890/890/890 892/892/892 891/891/891
f 894/894/894 891/891/891 892/892/892
f 892/892/892 896/896/896 894/894/894
f 897/897/897 893/893/893 895/895/895
f 895/895/895 899/899/899 897/897/897
f 900/900/900 897/897/897 899/899/899
f 899/899/899 902/902/902 900/900/900
f 903/903/903 900/900/900 902/902/902
f 902/902/902 905/905/905 903/903/903
f 808/808/808 811/811/811 556/556/556
f 556/556/556 595/595/595 808/808/808
f 812/812/812 808/808/808 595/595/595
f 595/595/595 596/596/596 812/812/812
f 814/814/814 812/812/812 596/596/596
f 596/596/596 597/597/597 814/814/814
f 597/597/597 598/598/598 816/816/816
f 816/816/816 814/814/814 597/597/597
f 598/598/598 599/599/599 818/818/818
f 818/818/818 816/816/816 598/598/598
f 599/599/599 600/600/600 822/822/822
f 822/822/822 818/818/818 599/599/599
f 600/600/600 601/601/601 825/825/825
f 825/825/825 822/822/822 600/600/600
f 906/906/906 907/907/907 908/908/908
f 908/908/908 847/847/847 906/906/906
f 811/811/811 906/906/906 847/847/847
f 879/879/879 881/881/881 845/845/845
f 845/845/845 889/889/889 879/879/879
f 847/847/847 908/908/908 909/909/909
f 909/909/909 848/848/848 847/847/847
f 877/877/877 879/879/879 889/889/889
f 889/889/889 891/891/891 877/877/877
f 848/848/848 909/909/909 910/910/910
f 910/910/910 849/849/849 848/848/848
f 874/874/874 877/877/877 891/891/891
f 891/891/891 894/894/894 874/874/874
f 849/849/849 910/910/910 911/911/911
f 911/911/911 850/850/850 849/849/849
f 870/870/870 874/874/874 894/894/894
f 894/894/894 898/898/898 870/870/870
f 850/850/850 911/911/911 859/859/859
f 859/859/859 852/852/852 850/850/850
f 870/870/870 898/898/898 901/901/901
f 901/901/901 863/863/863 870/870/870
f 901/901/901 904/904/904 866/866/866
f 866/866/866 863/863/863 901/901/901
f 861/861/861 857/857/857 912/912/912
f 912/912/912 913/913/913 861/861/861
f 857/857/857 860/860/860 914/914/914
f 914/914/914 912/912/912 857/857/857
f 860/860/860 911/911/911 915/915/915
f 915/915/915 914/914/914 860/860/860
f 911/911/911 910/910/910 916/916/916
f 916/916/916 915/915/915 911/911/911
f 910/910/910 909/909/909 917/917/917
f 917/917/917 916/916/916 910/910/910
f 909/909/909 908/908/908 918/918/918
f 918/918/918 917/917/917 909/909/909
f 908/908/908 907/907/907 919/919/919
f 919/919/919 918/918/918 908/908/908
f 512/512/512 719/719/719 722/722/722
f 722/722/722 513/513/513 512/512/512
f 760/760/760 759/759/759 514/514/514
f 514/514/514 515/515/515 760/760/760
f 920/920/920 414/414/414 415/415/415
f 415/415/415 921/921/921 920/920/920
f 470/470/470 469/469/469 465/465/465
f 465/465/465 464/464/464 470/470/470
f 922/922/922 923/923/923 881/881/881
f 881/881/881 880/880/880 922/922/922
f 811/811/811 845/845/845 881/881/881
f 881/881/881 906/906/906 811/811/811
f 923/923/923 906/906/906 881/881/881
f 374/374/374 924/924/924 340/340/340
f 340/340/340 452/452/452 374/374/374
f 339/339/339 452/452/452 340/340/340
f 342/342/342 453/453/453 452/452/452
f 452/452/452 339/339/339 342/342/342
f 344/344/344 454/454/454 453/453/453
f 453/453/453 342/342/342 344/344/344
f 348/348/348 458/458/458 456/456/456
f 456/456/456 346/346/346 348/348/348
f 459/459/459 457/457/457 349/349/349
f 349/349/349 352/352/352 459/459/459
f 354/354/354 462/462/462 460/460/460
f 460/460/460 351/351/351 354/354/354
f 426/426/426 423/423/423 362/362/362
f 362/362/362 360/360/360 426/426/426
f 422/422/422 420/420/420 364/364/364
f 364/364/364 362/362/362 422/422/422
f 420/420/420 418/418/418 366/366/366
f 366/366/366 364/364/364 420/420/420
f 418/418/418 416/416/416 368/368/368
f 368/368/368 366/366/366 418/418/418
f 340/340/340 924/924/924 370/370/370
f 370/370/370 416/416/416 340/340/340
f 368/368/368 416/416/416 370/370/370
f 465/465/465 469/469/469 371/371/371
f 371/371/371 924/924/924 465/465/465
f 370/370/370 924/924/924 371/371/371
f 465/465/465 924/924/924 374/374/374
f 374/374/374 466/466/466 465/465/465
f 373/373/373 466/466/466 374/374/374
f 472/472/472 466/466/466 373/373/373
f 373/373/373 375/375/375 472/472/472
f 476/476/476 472/472/472 375/375/375
f 375/375/375 376/376/376 476/476/476
f 483/483/483 476/476/476 376/376/376
f 376/376/376 377/377/377 483/483/483
f 386/386/386 483/483/483 378/378/378
f 378/378/378 380/380/380 386/386/386
f 387/387/387 385/385/385 379/379/379
f 379/379/379 381/381/381 387/387/387
f 395/395/395 388/388/388 382/382/382
f 382/382/382 383/383/383 395/395/395
f 360/360/360 358/358/358 431/431/431
f 431/431/431 425/425/425 360/360/360
f 358/358/358 357/357/357 434/434/434
f 434/434/434 430/430/430 358/358/358
f 436/436/436 468/468/468 474/474/474
f 474/474/474 438/438/438 436/436/436
f 438/438/438 474/474/474 479/479/479
f 479/479/479 441/441/441 438/438/438
f 440/440/440 480/480/480 487/487/487
f 487/487/487 445/445/445 440/440/440
f 444/444/444 486/486/486 488/488/488
f 488/488/488 448/448/448 444/444/444
f 447/447/447 489/489/489 493/493/493
f 493/493/493 450/450/450 447/447/447
f 454/454/454 344/344/344 346/346/346
f 346/346/346 455/455/455 454/454/454
f 468/468/468 436/436/436 371/371/371
f 371/371/371 469/469/469 468/468/468
f 44/44/44 92/92/92 1/1/1
f 1/1/1 925/925/925 44/44/44
f 4/4/4 925/925/925 1/1/1
f 1/1/1 92/92/92 94/94/94
f 94/94/94 5/5/5 1/1/1
f 94/94/94 96/96/96 7/7/7
f 7/7/7 5/5/5 94/94/94
f 10/10/10 98/98/98 100/100/100
f 100/100/100 13/13/13 10/10/10
f 101/101/101 103/103/103 15/15/15
f 15/15/15 12/12/12 101/101/101
f 105/105/105 107/107/107 17/17/17
f 17/17/17 15/15/15 105/105/105
f 67/67/67 69/69/69 28/28/28
f 28/28/28 30/30/30 67/67/67
f 32/32/32 64/64/64 66/66/66
f 66/66/66 30/30/30 32/32/32
f 34/34/34 62/62/62 64/64/64
f 64/64/64 32/32/32 34/34/34
f 60/60/60 62/62/62 34/34/34
f 34/34/34 36/36/36 60/60/60
f 4/4/4 60/60/60 36/36/36
f 36/36/36 925/925/925 4/4/4
f 38/38/38 925/925/925 36/36/36
f 112/112/112 925/925/925 38/38/38
f 38/38/38 293/293/293 112/112/112
f 40/40/40 293/293/293 38/38/38
f 112/112/112 111/111/111 41/41/41
f 41/41/41 925/925/925 112/112/112
f 44/44/44 925/925/925 41/41/41
f 111/111/111 114/114/114 45/45/45
f 45/45/45 41/41/41 111/111/111
f 45/45/45 114/114/114 116/116/116
f 116/116/116 47/47/47 45/45/45
f 116/116/116 118/118/118 49/49/49
f 49/49/49 47/47/47 116/116/116
f 119/119/119 121/121/121 52/52/52
f 52/52/52 49/49/49 119/119/119
f 122/122/122 288/288/288 55/55/55
f 55/55/55 51/51/51 122/122/122
f 289/289/289 292/292/292 57/57/57
f 57/57/57 54/54/54 289/289/289
f 24/24/24 27/27/27 70/70/70
f 70/70/70 72/72/72 24/24/24
f 74/74/74 19/19/19 25/25/25
f 25/25/25 72/72/72 74/74/74
f 297/297/297 295/295/295 76/76/76
f 76/76/76 78/78/78 297/297/297
f 299/299/299 297/297/297 78/78/78
f 78/78/78 80/80/80 299/299/299
f 83/83/83 302/302/302 300/300/300
f 300/300/300 80/80/80 83/83/83
f 305/305/305 303/303/303 82/82/82
f 82/82/82 85/85/85 305/305/305
f 307/307/307 305/305/305 86/86/86
f 86/86/86 90/90/90 307/307/307
f 9/9/9 7/7/7 96/96/96
f 96/96/96 98/98/98 9/9/9
f 157/157/157 926/926/926 126/126/126
f 126/126/126 198/198/198 157/157/157
f 125/125/125 198/198/198 126/126/126
f 200/200/200 198/198/198 125/125/125
f 125/125/125 128/128/128 200/200/200
f 130/130/130 202/202/202 200/200/200
f 200/200/200 128/128/128 130/130/130
f 209/209/209 205/205/205 132/132/132
f 132/132/132 136/136/136 209/209/209
f 211/211/211 208/208/208 135/135/135
f 135/135/135 138/138/138 211/211/211
f 140/140/140 216/216/216 212/212/212
f 212/212/212 138/138/138 140/140/140
f 146/146/146 181/181/181 178/178/178
f 178/178/178 148/148/148 146/146/146
f 179/179/179 176/176/176 149/149/149
f 149/149/149 148/148/148 179/179/179
f 176/176/176 174/174/174 150/150/150
f 150/150/150 149/149/149 176/176/176
f 150/150/150 174/174/174 172/172/172
f 172/172/172 151/151/151 150/150/150
f 126/126/126 926/926/926 152/152/152
f 152/152/152 172/172/172 126/126/126
f 151/151/151 172/172/172 152/152/152
f 221/221/221 316/316/316 153/153/153
f 153/153/153 926/926/926 221/221/221
f 152/152/152 926/926/926 153/153/153
f 221/221/221 926/926/926 157/157/157
f 157/157/157 218/218/218 221/221/221
f 156/156/156 218/218/218 157/157/157
f 159/159/159 222/222/222 218/218/218
f 218/218/218 156/156/156 159/159/159
f 224/224/224 222/222/222 159/159/159
f 159/159/159 161/161/161 224/224/224
f 227/227/227 225/225/225 161/161/161
f 161/161/161 163/163/163 227/227/227
f 165/165/165 231/231/231 229/229/229
f 229/229/229 163/163/163 165/165/165
f 309/309/309 232/232/232 166/166/166
f 166/166/166 169/169/169 309/309/309
f 313/313/313 310/310/310 168/168/168
f 168/168/168 171/171/171 313/313/313
f 147/147/147 144/144/144 184/184/184
f 184/184/184 182/182/182 147/147/147
f 145/145/145 141/141/141 187/187/187
f 187/187/187 184/184/184 145/145/145
f 188/188/188 318/318/318 320/320/320
f 320/320/320 189/189/189 188/188/188
f 320/320/320 322/322/322 190/190/190
f 190/190/190 189/189/189 320/320/320
f 323/323/323 325/325/325 191/191/191
f 191/191/191 190/190/190 323/323/323
f 326/326/326 328/328/328 195/195/195
f 195/195/195 192/192/192 326/326/326
f 328/328/328 330/330/330 197/197/197
f 197/197/197 194/194/194 328/328/328
f 203/203/203 130/130/130 133/133/133
f 133/133/133 206/206/206 203/203/203
f 237/237/237 260/260/260 261/261/261
f 261/261/261 234/234/234 237/237/237
f 261/261/261 263/263/263 238/238/238
f 238/238/238 234/234/234 261/261/261
f 240/240/240 264/264/264 267/267/267
f 267/267/267 243/243/243 240/240/240
f 266/266/266 269/269/269 246/246/246
f 246/246/246 244/244/244 266/266/266
f 270/270/270 272/272/272 248/248/248
f 248/248/248 246/246/246 270/270/270
f 515/515/515 276/276/276 250/250/250
f 250/250/250 251/251/251 515/515/515
f 276/276/276 275/275/275 252/252/252
f 252/252/252 250/250/250 276/276/276
f 252/252/252 275/275/275 279/279/279
f 279/279/279 253/253/253 252/252/252
f 278/278/278 283/283/283 254/254/254
f 254/254/254 253/253/253 278/278/278
f 282/282/282 286/286/286 255/255/255
f 255/255/255 254/254/254 282/282/282
f 285/285/285 333/333/333 258/258/258
f 258/258/258 256/256/256 285/285/285
f 332/332/332 335/335/335 259/259/259
f 259/259/259 257/257/257 332/332/332
f 241/241/241 238/238/238 262/262/262
f 262/262/262 265/265/265 241/241/241
f 293/293/293 40/40/40 76/76/76
f 76/76/76 295/295/295 293/293/293
f 188/188/188 153/153/153 316/316/316
f 316/316/316 318/318/318 188/188/188
f 405/405/405 485/485/485 478/478/478
f 478/478/478 408/408/408 405/405/405
f 477/477/477 473/473/473 411/411/411
f 411/411/411 409/409/409 477/477/477
f 473/473/473 467/467/467 413/413/413
f 413/413/413 411/411/411 473/473/473
f 467/467/467 470/470/470 415/415/415
f 415/415/415 413/413/413 467/467/467
f 463/463/463 509/509/509 511/511/511
f 511/511/511 464/464/464 463/463/463
f 503/503/503 505/505/505 475/475/475
f 475/475/475 481/481/481 503/503/503
f 404/404/404 399/399/399 490/490/490
f 490/490/490 484/484/484 404/404/404
f 491/491/491 398/398/398 402/402/402
f 402/402/402 495/495/495 491/491/491
f 391/391/391 397/397/397 496/496/496
f 496/496/496 499/499/499 391/391/391
f 393/393/393 390/390/390 499/499/499
f 499/499/499 501/501/501 393/393/393
f 482/482/482 394/394/394 501/501/501
f 501/501/501 503/503/503 482/482/482
f 471/471/471 475/475/475 505/505/505
f 505/505/505 507/507/507 471/471/471
f 463/463/463 471/471/471 507/507/507
f 507/507/507 509/509/509 463/463/463
f 513/513/513 251/251/251 260/260/260
f 260/260/260 237/237/237 513/513/513
f 642/642/642 684/684/684 608/608/608
f 608/608/608 927/927/927 642/642/642
f 611/611/611 927/927/927 608/608/608
f 608/608/608 684/684/684 686/686/686
f 686/686/686 612/612/612 608/608/608
f 686/686/686 689/689/689 614/614/614
f 614/614/614 612/612/612 686/686/686
f 617/617/617 691/691/691 695/695/695
f 695/695/695 620/620/620 617/617/617
f 694/694/694 697/697/697 622/622/622
f 622/622/622 619/619/619 694/694/694
f 699/699/699 701/701/701 624/624/624
f 624/624/624 622/622/622 699/699/699
f 665/665/665 667/667/667 632/632/632
f 632/632/632 633/633/633 665/665/665
f 634/634/634 662/662/662 664/664/664
f 664/664/664 633/633/633 634/634/634
f 635/635/635 660/660/660 662/662/662
f 662/662/662 634/634/634 635/635/635
f 658/658/658 660/660/660 635/635/635
f 635/635/635 636/636/636 658/658/658
f 611/611/611 658/658/658 636/636/636
f 636/636/636 927/927/927 611/611/611
f 637/637/637 927/927/927 636/636/636
f 706/706/706 927/927/927 637/637/637
f 637/637/637 786/786/786 706/706/706
f 638/638/638 786/786/786 637/637/637
f 706/706/706 705/705/705 639/639/639
f 639/639/639 927/927/927 706/706/706
f 642/642/642 927/927/927 639/639/639
f 705/705/705 708/708/708 643/643/643
f 643/643/643 639/639/639 705/705/705
f 643/643/643 708/708/708 711/711/711
f 711/711/711 645/645/645 643/643/643
f 710/710/710 715/715/715 647/647/647
f 647/647/647 645/645/645 710/710/710
f 713/713/713 718/718/718 649/649/649
f 649/649/649 647/647/647 713/713/713
f 717/717/717 781/781/781 652/652/652
f 652/652/652 650/650/650 717/717/717
f 780/780/780 784/784/784 655/655/655
f 655/655/655 653/653/653 780/780/780
f 630/630/630 631/631/631 668/668/668
f 668/668/668 670/670/670 630/630/630
f 672/672/672 626/626/626 629/629/629
f 629/629/629 670/670/670 672/672/672
f 790/790/790 788/788/788 673/673/673
f 673/673/673 674/674/674 790/790/790
f 793/793/793 790/790/790 674/674/674
f 674/674/674 675/675/675 793/793/793
f 676/676/676 795/795/795 792/792/792
f 792/792/792 675/675/675 676/676/676
f 798/798/798 796/796/796 677/677/677
f 677/677/677 680/680/680 798/798/798
f 800/800/800 798/798/798 679/679/679
f 679/679/679 682/682/682 800/800/800
f 616/616/616 614/614/614 688/688/688
f 688/688/688 692/692/692 616/616/616
f 745/745/745 744/744/744 722/722/722
f 722/722/722 721/721/721 745/745/745
f 724/724/724 747/747/747 745/745/745
f 745/745/745 721/721/721 724/724/724
f 750/750/750 749/749/749 727/727/727
f 727/727/727 730/730/730 750/750/750
f 752/752/752 751/751/751 729/729/729
f 729/729/729 732/732/732 752/752/752
f 734/734/734 756/756/756 754/754/754
f 754/754/754 732/732/732 734/734/734
f 735/735/735 760/760/760 515/515/515
f 515/515/515 251/251/251 735/735/735
f 736/736/736 757/757/757 760/760/760
f 760/760/760 735/735/735 736/736/736
f 762/762/762 757/757/757 736/736/736
f 736/736/736 737/737/737 762/762/762
f 764/764/764 761/761/761 737/737/737
f 737/737/737 738/738/738 764/764/764
f 740/740/740 768/768/768 765/765/765
f 765/765/765 738/738/738 740/740/740
f 803/803/803 769/769/769 739/739/739
f 739/739/739 741/741/741 803/803/803
f 805/805/805 802/802/802 742/742/742
f 742/742/742 743/743/743 805/805/805
f 746/746/746 724/724/724 726/726/726
f 726/726/726 748/748/748 746/746/746
f 786/786/786 638/638/638 673/673/673
f 673/673/673 788/788/788 786/786/786
f 744/744/744 251/251/251 513/513/513
f 513/513/513 722/722/722 744/744/744
f 470/470/470 464/464/464 921/921/921
f 921/921/921 415/415/415 470/470/470
f 928/928/928 929/929/929 930/930/930
f 930/930/930 931/931/931 928/928/928
f 932/932/932 928/928/928 931/931/931
f 931/931/931 933/933/933 932/932/932
f 934/934/934 932/932/932 933/933/933
f 933/933/933 935/935/935 934/934/934
f 937/937/937 934/934/934 935/935/935
f 935/935/935 938/938/938 937/937/937
f 939/939/939 937/937/937 938/938/938
f 938/938/938 941/941/941 939/939/939
f 942/942/942 939/939/939 941/941/941
f 941/941/941 943/943/943 942/942/942
f 944/944/944 942/942/942 943/943/943
f 943/943/943 945/945/945 944/944/944
f 947/947/947 948/948/948 951/951/951
f 951/951/951 952/952/952 947/947/947
f 948/948/948 954/954/954 955/955/955
f 955/955/955 951/951/951 948/948/948
f 954/954/954 956/956/956 957/957/957
f 957/957/957 955/955/955 954/954/954
f 956/956/956 958/958/958 959/959/959
f 959/959/959 957/957/957 956/956/956
f 958/958/958 960/960/960 961/961/961
f 961/961/961 959/959/959 958/958/958
f 960/960/960 962/962/962 963/963/963
f 963/963/963 961/961/961 960/960/960
f 962/962/962 964/964/964 965/965/965
f 965/965/965 963/963/963 962/962/962
f 966/966/966 967/967/967 965/965/965
f 965/965/965 964/964/964 966/966/966
f 968/968/968 969/969/969 970/970/970
f 970/970/970 971/971/971 968/968/968
f 972/972/972 968/968/968 971/971/971
f 971/971/971 973/973/973 972/972/972
f 974/974/974 972/972/972 973/973/973
f 973/973/973 975/975/975 974/974/974
f 976/976/976 974/974/974 975/975/975
f 975/975/975 977/977/977 976/976/976
f 978/978/978 976/976/976 977/977/977
f 977/977/977 980/980/980 978/978/978
f 982/982/982 978/978/978 980/980/980
f 980/980/980 983/983/983 982/982/982
f 984/984/984 982/982/982 983/983/983
f 983/983/983 985/985/985 984/984/984
f 986/986/986 987/987/987 930/930/930
f 930/930/930 929/929/929 986/986/986
f 988/988/988 989/989/989 987/987/987
f 987/987/987 986/986/986 988/988/988
f 990/990/990 991/991/991 989/989/989
f 989/989/989 988/988/988 990/990/990
f 992/992/992 994/994/994 991/991/991
f 991/991/991 990/990/990 992/992/992
f 995/995/995 997/997/997 994/994/994
f 994/994/994 992/992/992 995/995/995
f 998/998/998 999/999/999 997/997/997
f 997/997/997 995/995/995 998/998/998
f 1000/1000/1000 1001/1001/1001 999/999/999
f 999/999/999 998/998/998 1000/1000/1000
f 1002/1002/1002 1003/1003/1003 967/967/967
f 967/967/967 966/966/966 1002/1002/1002
f 1004/1004/1004 1005/1005/1005 1003/1003/1003
f 1003/1003/1003 1002/1002/1002 1004/1004/1004
f 1006/1006/1006 1007/1007/1007 1005/1005/1005
f 1005/1005/1005 1004/1004/1004 1006/1006/1006
f 1008/1008/1008 1010/1010/1010 1007/1007/1007
f 1007/1007/1007 1006/1006/1006 1008/1008/1008
f 1012/1012/1012 1014/1014/1014 1010/1010/1010
f 1010/1010/1010 1008/1008/1008 1012/1012/1012
f 1015/1015/1015 1017/1017/1017 1014/1014/1014
f 1014/1014/1014 1012/1012/1012 1015/1015/1015
f 1018/1018/1018 1019/1019/1019 970/970/970
f 970/970/970 969/969/969 1018/1018/1018
f 1020/1020/1020 1021/1021/1021 1019/1019/1019
f 1019/1019/1019 1018/1018/1018 1020/1020/1020
f 1022/1022/1022 1023/1023/1023 1021/1021/1021
f 1021/1021/1021 1020/1020/1020 1022/1022/1022
f 1024/1024/1024 1025/1025/1025 1023/1023/1023
f 1023/1023/1023 1022/1022/1022 1024/1024/1024
f 1026/1026/1026 1028/1028/1028 1025/1025/1025
f 1025/1025/1025 1024/1024/1024 1026/1026/1026
f 1029/1029/1029 1032/1032/1032 1028/1028/1028
f 1028/1028/1028 1026/1026/1026 1029/1029/1029
f 1033/1033/1033 1035/1035/1035 1032/1032/1032
f 1032/1032/1032 1029/1029/1029 1033/1033/1033
f 1036/1036/1036 1037/1037/1037 1038/1038/1038
f 1038/1038/1038 1039/1039/1039 1036/1036/1036
f 1040/1040/1040 1041/1041/1041 1037/1037/1037
f 1037/1037/1037 1036/1036/1036 1040/1040/1040
f 1042/1042/1042 1043/1043/1043 1041/1041/1041
f 1041/1041/1041 1040/1040/1040 1042/1042/1042
f 1044/1044/1044 1046/1046/1046 1043/1043/1043
f 1043/1043/1043 1042/1042/1042 1044/1044/1044
f 1047/1047/1047 1049/1049/1049 1046/1046/1046
f 1046/1046/1046 1044/1044/1044 1047/1047/1047
f 1050/1050/1050 1051/1051/1051 1052/1052/1052
f 1052/1052/1052 1053/1053/1053 1050/1050/1050
f 1054/1054/1054 1055/1055/1055 1051/1051/1051
f 1051/1051/1051 1050/1050/1050 1054/1054/1054
f 1056/1056/1056 1057/1057/1057 1055/1055/1055
f 1055/1055/1055 1054/1054/1054 1056/1056/1056
f 1058/1058/1058 1060/1060/1060 1057/1057/1057
f 1057/1057/1057 1056/1056/1056 1058/1058/1058
f 1061/1061/1061 1063/1063/1063 1060/1060/1060
f 1060/1060/1060 1058/1058/1058 1061/1061/1061
f 1064/1064/1064 1065/1065/1065 1063/1063/1063
f 1063/1063/1063 1061/1061/1061 1064/1064/1064
f 1066/1066/1066 1067/1067/1067 1065/1065/1065
f 1065/1065/1065 1064/1064/1064 1066/1066/1066
f 1069/1069/1069 952/952/952 951/951/951
f 951/951/951 1070/1070/1070 1069/1069/1069
f 1070/1070/1070 951/951/951 955/955/955
f 955/955/955 1073/1073/1073 1070/1070/1070
f 1073/1073/1073 955/955/955 957/957/957
f 957/957/957 1075/1075/1075 1073/1073/1073
f 1075/1075/1075 957/957/957 959/959/959
f 959/959/959 1076/1076/1076 1075/1075/1075
f 1076/1076/1076 959/959/959 961/961/961
f 961/961/961 1077/1077/1077 1076/1076/1076
f 1077/1077/1077 961/961/961 963/963/963
f 963/963/963 1078/1078/1078 1077/1077/1077
f 1078/1078/1078 963/963/963 965/965/965
f 965/965/965 1079/1079/1079 1078/1078/1078
f 1080/1080/1080 1079/1079/1079 965/965/965
f 965/965/965 967/967/967 1080/1080/1080
f 1081/1081/1081 1082/1082/1082 1083/1083/1083
f 1083/1083/1083 1084/1084/1084 1081/1081/1081
f 1085/1085/1085 1086/1086/1086 1082/1082/1082
f 1082/1082/1082 1081/1081/1081 1085/1085/1085
f 1087/1087/1087 1088/1088/1088 1086/1086/1086
f 1086/1086/1086 1085/1085/1085 1087/1087/1087
f 1089/1089/1089 1090/1090/1090 1088/1088/1088
f 1088/1088/1088 1087/1087/1087 1089/1089/1089
f 1091/1091/1091 1093/1093/1093 1090/1090/1090
f 1090/1090/1090 1089/1089/1089 1091/1091/1091
f 1094/1094/1094 1096/1096/1096 1093/1093/1093
f 1093/1093/1093 1091/1091/1091 1094/1094/1094
f 1097/1097/1097 1098/1098/1098 1096/1096/1096
f 1096/1096/1096 1094/1094/1094 1097/1097/1097
f 1099/1099/1099 1053/1053/1053 1052/1052/1052
f 1052/1052/1052 1100/1100/1100 1099/1099/1099
f 1101/1101/1101 1099/1099/1099 1100/1100/1100
f 1100/1100/1100 1102/1102/1102 1101/1101/1101
f 1103/1103/1103 1101/1101/1101 1102/1102/1102
f 1102/1102/1102 1104/1104/1104 1103/1103/1103
f 1106/1106/1106 1103/1103/1103 1104/1104/1104
f 1104/1104/1104 1107/1107/1107 1106/1106/1106
f 1109/1109/1109 1106/1106/1106 1107/1107/1107
f 1107/1107/1107 1110/1110/1110 1109/1109/1109
f 1111/1111/1111 1109/1109/1109 1110/1110/1110
f 1110/1110/1110 1112/1112/1112 1111/1111/1111
f 1111/1111/1111 1112/1112/1112 1113/1113/1113
f 1113/1113/1113 1114/1114/1114 1111/1111/1111
f 1115/1115/1115 1080/1080/1080 967/967/967
f 967/967/967 1003/1003/1003 1115/1115/1115
f 1116/1116/1116 1115/1115/1115 1003/1003/1003
f 1003/1003/1003 1005/1005/1005 1116/1116/1116
f 1117/1117/1117 1116/1116/1116 1005/1005/1005
f 1005/1005/1005 1007/1007/1007 1117/1117/1117
f 1119/1119/1119 1117/1117/1117 1007/1007/1007
f 1007/1007/1007 1010/1010/1010 1119/1119/1119
f 1122/1122/1122 1119/1119/1119 1010/1010/1010
f 1010/1010/1010 1014/1014/1014 1122/1122/1122
f 1124/1124/1124 1122/1122/1122 1014/1014/1014
f 1014/1014/1014 1017/1017/1017 1124/1124/1124
f 1125/1125/1125 1084/1084/1084 1083/1083/1083
f 1083/1083/1083 1126/1126/1126 1125/1125/1125
f 1127/1127/1127 1125/1125/1125 1126/1126/1126
f 1126/1126/1126 1128/1128/1128 1127/1127/1127
f 1129/1129/1129 1127/1127/1127 1128/1128/1128
f 1128/1128/1128 1131/1131/1131 1129/1129/1129
f 1133/1133/1133 1129/1129/1129 1131/1131/1131
f 1131/1131/1131 1134/1134/1134 1133/1133/1133
f 1136/1136/1136 1133/1133/1133 1134/1134/1134
f 1134/1134/1134 1137/1137/1137 1136/1136/1136
f 1138/1138/1138 1136/1136/1136 1137/1137/1137
f 1137/1137/1137 1141/1141/1141 1138/1138/1138
f 1143/1143/1143 1138/1138/1138 1141/1141/1141
f 1141/1141/1141 1144/1144/1144 1143/1143/1143
f 1145/1145/1145 1146/1146/1146 1147/1147/1147
f 1147/1147/1147 1148/1148/1148 1145/1145/1145
f 1149/1149/1149 1145/1145/1145 1148/1148/1148
f 1148/1148/1148 1150/1150/1150 1149/1149/1149
f 1151/1151/1151 1149/1149/1149 1150/1150/1150
f 1150/1150/1150 1153/1153/1153 1151/1151/1151
f 1154/1154/1154 1151/1151/1151 1153/1153/1153
f 1153/1153/1153 1157/1157/1157 1154/1154/1154
f 1158/1158/1158 1154/1154/1154 1157/1157/1157
f 1157/1157/1157 1160/1160/1160 1158/1158/1158
f 1161/1161/1161 1162/1162/1162 1163/1163/1163
f 1163/1163/1163 1164/1164/1164 1161/1161/1161
f 1165/1165/1165 1161/1161/1161 1164/1164/1164
f 1164/1164/1164 1166/1166/1166 1165/1165/1165
f 1168/1168/1168 1165/1165/1165 1166/1166/1166
f 1166/1166/1166 1169/1169/1169 1168/1168/1168
f 1171/1171/1171 1168/1168/1168 1169/1169/1169
f 1169/1169/1169 1172/1172/1172 1171/1171/1171
f 1173/1173/1173 1171/1171/1171 1172/1172/1172
f 1172/1172/1172 1174/1174/1174 1173/1173/1173
f 1175/1175/1175 1173/1173/1173 1174/1174/1174
f 1174/1174/1174 1176/1176/1176 1175/1175/1175
f 1177/1177/1177 1178/1178/1178 1083/1083/1083
f 1083/1083/1083 1082/1082/1082 1177/1177/1177
f 1179/1179/1179 1177/1177/1177 1082/1082/1082
f 1082/1082/1082 1086/1086/1086 1179/1179/1179
f 1180/1180/1180 1179/1179/1179 1086/1086/1086
f 1086/1086/1086 1088/1088/1088 1180/1180/1180
f 1181/1181/1181 1180/1180/1180 1088/1088/1088
f 1088/1088/1088 1090/1090/1090 1181/1181/1181
f 1183/1183/1183 1181/1181/1181 1090/1090/1090
f 1090/1090/1090 1093/1093/1093 1183/1183/1183
f 1185/1185/1185 1183/1183/1183 1093/1093/1093
f 1093/1093/1093 1096/1096/1096 1185/1185/1185
f 1186/1186/1186 1185/1185/1185 1096/1096/1096
f 1096/1096/1096 1098/1098/1098 1186/1186/1186
f 1187/1187/1187 1126/1126/1126 1083/1083/1083
f 1083/1083/1083 1178/1178/1178 1187/1187/1187
f 1188/1188/1188 1128/1128/1128 1126/1126/1126
f 1126/1126/1126 1187/1187/1187 1188/1188/1188
f 1189/1189/1189 1131/1131/1131 1128/1128/1128
f 1128/1128/1128 1188/1188/1188 1189/1189/1189
f 1192/1192/1192 1134/1134/1134 1131/1131/1131
f 1131/1131/1131 1189/1189/1189 1192/1192/1192
f 1193/1193/1193 1137/1137/1137 1134/1134/1134
f 1134/1134/1134 1192/1192/1192 1193/1193/1193
f 1195/1195/1195 1141/1141/1141 1137/1137/1137
f 1137/1137/1137 1193/1193/1193 1195/1195/1195
f 1198/1198/1198 1144/1144/1144 1141/1141/1141
f 1141/1141/1141 1195/1195/1195 1198/1198/1198
f 1200/1200/1200 1201/1201/1201 1202/1202/1202
f 1202/1202/1202 1203/1203/1203 1200/1200/1200
f 1204/1204/1204 1206/1206/1206 1201/1201/1201
f 1201/1201/1201 1200/1200/1200 1204/1204/1204
f 1209/1209/1209 1210/1210/1210 1206/1206/1206
f 1206/1206/1206 1204/1204/1204 1209/1209/1209
f 1211/1211/1211 1213/1213/1213 1210/1210/1210
f 1210/1210/1210 1209/1209/1209 1211/1211/1211
f 1049/1049/1049 1047/1047/1047 1214/1214/1214
f 1214/1214/1214 1216/1216/1216 1049/1049/1049
f 1216/1216/1216 1214/1214/1214 1217/1217/1217
f 1217/1217/1217 1219/1219/1219 1216/1216/1216
f 1220/1220/1220 1039/1039/1039 1038/1038/1038
f 1038/1038/1038 1221/1221/1221 1220/1220/1220
f 1222/1222/1222 1220/1220/1220 1221/1221/1221
f 1221/1221/1221 1223/1223/1223 1222/1222/1222
f 1224/1224/1224 1222/1222/1222 1223/1223/1223
f 1223/1223/1223 1225/1225/1225 1224/1224/1224
f 1227/1227/1227 1224/1224/1224 1225/1225/1225
f 1225/1225/1225 1228/1228/1228 1227/1227/1227
f 1230/1230/1230 1227/1227/1227 1228/1228/1228
f 1228/1228/1228 1231/1231/1231 1230/1230/1230
f 1232/1232/1232 1230/1230/1230 1231/1231/1231
f 1231/1231/1231 1233/1233/1233 1232/1232/1232
f 1234/1234/1234 1232/1232/1232 1233/1233/1233
f 1233/1233/1233 1235/1235/1235 1234/1234/1234
f 1236/1236/1236 1158/1158/1158 1160/1160/1160
f 1160/1160/1160 1238/1238/1238 1236/1236/1236
f 1240/1240/1240 1236/1236/1236 1238/1238/1238
f 1238/1238/1238 1241/1241/1241 1240/1240/1240
f 1147/1147/1147 1146/1146/1146 1242/1242/1242
f 1242/1242/1242 1243/1243/1243 1147/1147/1147
f 1243/1243/1243 1242/1242/1242 1244/1244/1244
f 1244/1244/1244 1245/1245/1245 1243/1243/1243
f 1245/1245/1245 1244/1244/1244 1246/1246/1246
f 1246/1246/1246 1247/1247/1247 1245/1245/1245
f 1247/1247/1247 1246/1246/1246 1249/1249/1249
f 1249/1249/1249 1250/1250/1250 1247/1247/1247
f 1250/1250/1250 1249/1249/1249 1252/1252/1252
f 1252/1252/1252 1253/1253/1253 1250/1250/1250
f 1253/1253/1253 1252/1252/1252 1254/1254/1254
f 1254/1254/1254 1255/1255/1255 1253/1253/1253
f 1255/1255/1255 1254/1254/1254 1256/1256/1256
f 1256/1256/1256 1257/1257/1257 1255/1255/1255
f 1213/1213/1213 1211/1211/1211 1259/1259/1259
f 1259/1259/1259 1260/1260/1260 1213/1213/1213
f 1260/1260/1260 1259/1259/1259 1262/1262/1262
f 1262/1262/1262 1263/1263/1263 1260/1260/1260
f 1264/1264/1264 1265/1265/1265 1266/1266/1266
f 1266/1266/1266 1267/1267/1267 1264/1264/1264
f 1268/1268/1268 1269/1269/1269 1265/1265/1265
f 1265/1265/1265 1264/1264/1264 1268/1268/1268
f 1270/1270/1270 1271/1271/1271 1269/1269/1269
f 1269/1269/1269 1268/1268/1268 1270/1270/1270
f 1272/1272/1272 1273/1273/1273 1271/1271/1271
f 1271/1271/1271 1270/1270/1270 1272/1272/1272
f 1275/1275/1275 1276/1276/1276 1273/1273/1273
f 1273/1273/1273 1272/1272/1272 1275/1275/1275
f 1277/1277/1277 1279/1279/1279 1276/1276/1276
f 1276/1276/1276 1275/1275/1275 1277/1277/1277
f 1280/1280/1280 1281/1281/1281 1279/1279/1279
f 1279/1279/1279 1277/1277/1277 1280/1280/1280
f 1282/1282/1282 1283/1283/1283 1284/1284/1284
f 1284/1284/1284 1285/1285/1285 1282/1282/1282
f 1285/1285/1285 1284/1284/1284 1286/1286/1286
f 1286/1286/1286 1287/1287/1287 1285/1285/1285
f 1287/1287/1287 1286/1286/1286 1288/1288/1288
f 1288/1288/1288 1289/1289/1289 1287/1287/1287
f 1289/1289/1289 1288/1288/1288 1290/1290/1290
f 1290/1290/1290 1291/1291/1291 1289/1289/1289
f 1291/1291/1291 1290/1290/1290 1292/1292/1292
f 1292/1292/1292 1293/1293/1293 1291/1291/1291
f 1293/1293/1293 1292/1292/1292 1294/1294/1294
f 1294/1294/1294 1295/1295/1295 1293/1293/1293
f 1295/1295/1295 1294/1294/1294 1296/1296/1296
f 1296/1296/1296 1297/1297/1297 1295/1295/1295
f 1298/1298/1298 1297/1297/1297 1296/1296/1296
f 1296/1296/1296 1299/1299/1299 1298/1298/1298
f 1300/1300/1300 971/971/971 970/970/970
f 970/970/970 1301/1301/1301 1300/1300/1300
f 1302/1302/1302 973/973/973 971/971/971
f 971/971/971 1300/1300/1300 1302/1302/1302
f 1303/1303/1303 975/975/975 973/973/973
f 973/973/973 1302/1302/1302 1303/1303/1303
f 1304/1304/1304 977/977/977 975/975/975
f 975/975/975 1303/1303/1303 1304/1304/1304
f 1306/1306/1306 980/980/980 977/977/977
f 977/977/977 1304/1304/1304 1306/1306/1306
f 1309/1309/1309 983/983/983 980/980/980
f 980/980/980 1306/1306/1306 1309/1309/1309
f 1310/1310/1310 985/985/985 983/983/983
f 983/983/983 1309/1309/1309 1310/1310/1310
f 1313/1313/1313 1316/1316/1316 1318/1318/1318
f 1318/1318/1318 1321/1321/1321 1313/1313/1313
f 1322/1322/1322 1324/1324/1324 1316/1316/1316
f 1316/1316/1316 1313/1313/1313 1322/1322/1322
f 1325/1325/1325 1327/1327/1327 1328/1328/1328
f 1328/1328/1328 1329/1329/1329 1325/1325/1325
f 1325/1325/1325 1329/1329/1329 1330/1330/1330
f 1330/1330/1330 1331/1331/1331 1325/1325/1325
f 1331/1331/1331 1330/1330/1330 1333/1333/1333
f 1333/1333/1333 1335/1335/1335 1331/1331/1331
f 1336/1336/1336 1334/1334/1334 1337/1337/1337
f 1337/1337/1337 1338/1338/1338 1336/1336/1336
f 1338/1338/1338 1337/1337/1337 1339/1339/1339
f 1339/1339/1339 1340/1340/1340 1338/1338/1338
f 1340/1340/1340 1339/1339/1339 1341/1341/1341
f 1341/1341/1341 1342/1342/1342 1340/1340/1340
f 1343/1343/1343 1267/1267/1267 1266/1266/1266
f 1266/1266/1266 1344/1344/1344 1343/1343/1343
f 1345/1345/1345 1343/1343/1343 1344/1344/1344
f 1344/1344/1344 1346/1346/1346 1345/1345/1345
f 1347/1347/1347 1345/1345/1345 1346/1346/1346
f 1346/1346/1346 1348/1348/1348 1347/1347/1347
f 1349/1349/1349 1347/1347/1347 1348/1348/1348
f 1348/1348/1348 1351/1351/1351 1349/1349/1349
f 1354/1354/1354 1349/1349/1349 1351/1351/1351
f 1351/1351/1351 1355/1355/1355 1354/1354/1354
f 1356/1356/1356 1354/1354/1354 1355/1355/1355
f 1355/1355/1355 1359/1359/1359 1356/1356/1356
f 1356/1356/1356 1359/1359/1359 1360/1360/1360
f 1360/1360/1360 1361/1361/1361 1356/1356/1356
f 1363/1363/1363 1298/1298/1298 1299/1299/1299
f 1299/1299/1299 1364/1364/1364 1363/1363/1363
f 1365/1365/1365 1363/1363/1363 1364/1364/1364
f 1364/1364/1364 1366/1366/1366 1365/1365/1365
f 1368/1368/1368 1365/1365/1365 1366/1366/1366
f 1366/1366/1366 1370/1370/1370 1368/1368/1368
f 1371/1371/1371 1367/1367/1367 1369/1369/1369
f 1369/1369/1369 1373/1373/1373 1371/1371/1371
f 1375/1375/1375 1371/1371/1371 1373/1373/1373
f 1373/1373/1373 1376/1376/1376 1375/1375/1375
f 1377/1377/1377 1375/1375/1375 1376/1376/1376
f 1376/1376/1376 1378/1378/1378 1377/1377/1377
f 1379/1379/1379 1301/1301/1301 970/970/970
f 970/970/970 1019/1019/1019 1379/1379/1379
f 1380/1380/1380 1379/1379/1379 1019/1019/1019
f 1019/1019/1019 1021/1021/1021 1380/1380/1380
f 1381/1381/1381 1380/1380/1380 1021/1021/1021
f 1021/1021/1021 1023/1023/1023 1381/1381/1381
f 1382/1382/1382 1381/1381/1381 1023/1023/1023
f 1023/1023/1023 1025/1025/1025 1382/1382/1382
f 1384/1384/1384 1382/1382/1382 1025/1025/1025
f 1025/1025/1025 1028/1028/1028 1384/1384/1384
f 1386/1386/1386 1384/1384/1384 1028/1028/1028
f 1028/1028/1028 1032/1032/1032 1386/1386/1386
f 1388/1388/1388 1386/1386/1386 1032/1032/1032
f 1032/1032/1032 1035/1035/1035 1388/1388/1388
f 1390/1390/1390 464/464/464 1391/1391/1391
f 1391/1391/1391 1392/1392/1392 1390/1390/1390
f 1393/1393/1393 1394/1394/1394 1395/1395/1395
f 1395/1395/1395 1396/1396/1396 1393/1393/1393
f 1392/1392/1392 1391/1391/1391 1397/1397/1397
f 1397/1397/1397 1398/1398/1398 1392/1392/1392
f 1399/1399/1399 1393/1393/1393 1396/1396/1396
f 1396/1396/1396 1400/1400/1400 1399/1399/1399
f 1398/1398/1398 1397/1397/1397 1401/1401/1401
f 1401/1401/1401 1402/1402/1402 1398/1398/1398
f 1404/1404/1404 1399/1399/1399 1400/1400/1400
f 1400/1400/1400 1406/1406/1406 1404/1404/1404
f 1402/1402/1402 1401/1401/1401 1407/1407/1407
f 1407/1407/1407 1409/1409/1409 1402/1402/1402
f 1411/1411/1411 1404/1404/1404 1406/1406/1406
f 1406/1406/1406 1413/1413/1413 1411/1411/1411
f 1409/1409/1409 1407/1407/1407 1321/1321/1321
f 1321/1321/1321 1318/1318/1318 1409/1409/1409
f 1411/1411/1411 1413/1413/1413 1415/1415/1415
f 1415/1415/1415 1416/1416/1416 1411/1411/1411
f 1416/1416/1416 1415/1415/1415 1419/1419/1419
f 1419/1419/1419 1420/1420/1420 1416/1416/1416
f 1422/1422/1422 1423/1423/1423 1424/1424/1424
f 1424/1424/1424 1425/1425/1425 1422/1422/1422
f 1423/1423/1423 1426/1426/1426 1427/1427/1427
f 1427/1427/1427 1424/1424/1424 1423/1423/1423
f 1426/1426/1426 1428/1428/1428 1429/1429/1429
f 1429/1429/1429 1427/1427/1427 1426/1426/1426
f 1428/1428/1428 1430/1430/1430 1431/1431/1431
f 1431/1431/1431 1429/1429/1429 1428/1428/1428
f 1430/1430/1430 1432/1432/1432 1433/1433/1433
f 1433/1433/1433 1431/1431/1431 1430/1430/1430
f 1432/1432/1432 1434/1434/1434 1435/1435/1435
f 1435/1435/1435 1433/1433/1433 1432/1432/1432
f 1434/1434/1434 511/511/511 510/510/510
f 510/510/510 1435/1435/1435 1434/1434/1434
f 1436/1436/1436 1163/1163/1163 1162/1162/1162
f 1162/1162/1162 1437/1437/1437 1436/1436/1436
f 1203/1203/1203 1202/1202/1202 1438/1438/1438
f 1438/1438/1438 1439/1439/1439 1203/1203/1203
f 1440/1440/1440 1441/1441/1441 1442/1442/1442
f 1442/1442/1442 1443/1443/1443 1440/1440/1440
f 1444/1444/1444 1445/1445/1445 1441/1441/1441
f 1441/1441/1441 1440/1440/1440 1444/1444/1444
f 1446/1446/1446 1447/1447/1447 1445/1445/1445
f 1445/1445/1445 1444/1444/1444 1446/1446/1446
f 1448/1448/1448 1449/1449/1449 1447/1447/1447
f 1447/1447/1447 1446/1446/1446 1448/1448/1448
f 1451/1451/1451 1452/1452/1452 1449/1449/1449
f 1449/1449/1449 1448/1448/1448 1451/1451/1451
f 1453/1453/1453 1455/1455/1455 1452/1452/1452
f 1452/1452/1452 1451/1451/1451 1453/1453/1453
f 1456/1456/1456 1458/1458/1458 1455/1455/1455
f 1455/1455/1455 1453/1453/1453 1456/1456/1456
f 1459/1459/1459 1461/1461/1461 1462/1462/1462
f 1462/1462/1462 1464/1464/1464 1459/1459/1459
f 1464/1464/1464 1462/1462/1462 1465/1465/1465
f 1465/1465/1465 1466/1466/1466 1464/1464/1464
f 1466/1466/1466 1465/1465/1465 1468/1468/1468
f 1468/1468/1468 1469/1469/1469 1466/1466/1466
f 1469/1469/1469 1468/1468/1468 1470/1470/1470
f 1470/1470/1470 1471/1471/1471 1469/1469/1469
f 1471/1471/1471 1470/1470/1470 1472/1472/1472
f 1472/1472/1472 1473/1473/1473 1471/1471/1471
f 1473/1473/1473 1472/1472/1472 1474/1474/1474
f 1474/1474/1474 1475/1475/1475 1473/1473/1473
f 1475/1475/1475 1474/1474/1474 1476/1476/1476
f 1476/1476/1476 1443/1443/1443 1475/1475/1475
f 1477/1477/1477 1443/1443/1443 1476/1476/1476
f 1476/1476/1476 1478/1478/1478 1477/1477/1477
f 1479/1479/1479 1480/1480/1480 1481/1481/1481
f 1481/1481/1481 1443/1443/1443 1479/1479/1479
f 1482/1482/1482 1483/1483/1483 1480/1480/1480
f 1480/1480/1480 1479/1479/1479 1482/1482/1482
f 1484/1484/1484 1485/1485/1485 1483/1483/1483
f 1483/1483/1483 1482/1482/1482 1484/1484/1484
f 1486/1486/1486 1487/1487/1487 1485/1485/1485
f 1485/1485/1485 1484/1484/1484 1486/1486/1486
f 1489/1489/1489 1490/1490/1490 1487/1487/1487
f 1487/1487/1487 1486/1486/1486 1489/1489/1489
f 1491/1491/1491 1493/1493/1493 1490/1490/1490
f 1490/1490/1490 1489/1489/1489 1491/1491/1491
f 1494/1494/1494 1496/1496/1496 1493/1493/1493
f 1493/1493/1493 1491/1491/1491 1494/1494/1494
f 1475/1475/1475 1443/1443/1443 1442/1442/1442
f 1442/1442/1442 1497/1497/1497 1475/1475/1475
f 1473/1473/1473 1475/1475/1475 1497/1497/1497
f 1497/1497/1497 1498/1498/1498 1473/1473/1473
f 1471/1471/1471 1473/1473/1473 1498/1498/1498
f 1498/1498/1498 1499/1499/1499 1471/1471/1471
f 1469/1469/1469 1471/1471/1471 1499/1499/1499
f 1499/1499/1499 1500/1500/1500 1469/1469/1469
f 1467/1467/1467 1469/1469/1469 1500/1500/1500
f 1500/1500/1500 1501/1501/1501 1467/1467/1467
f 1501/1501/1501 1502/1502/1502 1463/1463/1463
f 1463/1463/1463 1467/1467/1467 1501/1501/1501
f 1502/1502/1502 1503/1503/1503 1460/1460/1460
f 1460/1460/1460 1463/1463/1463 1502/1502/1502
f 1504/1504/1504 1477/1477/1477 1478/1478/1478
f 1478/1478/1478 1505/1505/1505 1504/1504/1504
f 1506/1506/1506 1504/1504/1504 1505/1505/1505
f 1505/1505/1505 1507/1507/1507 1506/1506/1506
f 1508/1508/1508 1506/1506/1506 1507/1507/1507
f 1507/1507/1507 1509/1509/1509 1508/1508/1508
f 1510/1510/1510 1508/1508/1508 1509/1509/1509
f 1509/1509/1509 1512/1512/1512 1510/1510/1510
f 1514/1514/1514 1510/1510/1510 1512/1512/1512
f 1512/1512/1512 1515/1515/1515 1514/1514/1514
f 1516/1516/1516 1514/1514/1514 1515/1515/1515
f 1515/1515/1515 1518/1518/1518 1516/1516/1516
f 1440/1440/1440 1443/1443/1443 1481/1481/1481
f 1481/1481/1481 1519/1519/1519 1440/1440/1440
f 1444/1444/1444 1440/1440/1440 1519/1519/1519
f 1519/1519/1519 1520/1520/1520 1444/1444/1444
f 1446/1446/1446 1444/1444/1444 1520/1520/1520
f 1520/1520/1520 1521/1521/1521 1446/1446/1446
f 1521/1521/1521 1522/1522/1522 1448/1448/1448
f 1448/1448/1448 1446/1446/1446 1521/1521/1521
f 1522/1522/1522 1523/1523/1523 1450/1450/1450
f 1450/1450/1450 1448/1448/1448 1522/1522/1522
f 1523/1523/1523 1524/1524/1524 1454/1454/1454
f 1454/1454/1454 1450/1450/1450 1523/1523/1523
f 1524/1524/1524 1525/1525/1525 1457/1457/1457
f 1457/1457/1457 1454/1454/1454 1524/1524/1524
f 1526/1526/1526 1527/1527/1527 1479/1479/1479
f 1479/1479/1479 1443/1443/1443 1526/1526/1526
f 1527/1527/1527 1528/1528/1528 1482/1482/1482
f 1482/1482/1482 1479/1479/1479 1527/1527/1527
f 1528/1528/1528 1529/1529/1529 1484/1484/1484
f 1484/1484/1484 1482/1482/1482 1528/1528/1528
f 1529/1529/1529 1530/1530/1530 1486/1486/1486
f 1486/1486/1486 1484/1484/1484 1529/1529/1529
f 1530/1530/1530 1531/1531/1531 1488/1488/1488
f 1488/1488/1488 1486/1486/1486 1530/1530/1530
f 1532/1532/1532 1533/1533/1533 1534/1534/1534
f 1534/1534/1534 1535/1535/1535 1532/1532/1532
f 1536/1536/1536 1532/1532/1532 1535/1535/1535
f 1535/1535/1535 1537/1537/1537 1536/1536/1536
f 1538/1538/1538 1536/1536/1536 1537/1537/1537
f 1537/1537/1537 1539/1539/1539 1538/1538/1538
f 1540/1540/1540 1538/1538/1538 1539/1539/1539
f 1539/1539/1539 1542/1542/1542 1540/1540/1540
f 1543/1543/1543 1540/1540/1540 1542/1542/1542
f 1542/1542/1542 1545/1545/1545 1543/1543/1543
f 1546/1546/1546 1543/1543/1543 1545/1545/1545
f 1545/1545/1545 1547/1547/1547 1546/1546/1546
f 1548/1548/1548 1546/1546/1546 1547/1547/1547
f 1547/1547/1547 1549/1549/1549 1548/1548/1548
f 1550/1550/1550 1552/1552/1552 1462/1462/1462
f 1462/1462/1462 1461/1461/1461 1550/1550/1550
f 1552/1552/1552 1556/1556/1556 1465/1465/1465
f 1465/1465/1465 1462/1462/1462 1552/1552/1552
f 1556/1556/1556 1557/1557/1557 1468/1468/1468
f 1468/1468/1468 1465/1465/1465 1556/1556/1556
f 1557/1557/1557 1558/1558/1558 1470/1470/1470
f 1470/1470/1470 1468/1468/1468 1557/1557/1557
f 1558/1558/1558 1559/1559/1559 1472/1472/1472
f 1472/1472/1472 1470/1470/1470 1558/1558/1558
f 1559/1559/1559 1560/1560/1560 1474/1474/1474
f 1474/1474/1474 1472/1472/1472 1559/1559/1559
f 1560/1560/1560 1561/1561/1561 1476/1476/1476
f 1476/1476/1476 1474/1474/1474 1560/1560/1560
f 1562/1562/1562 1478/1478/1478 1476/1476/1476
f 1476/1476/1476 1561/1561/1561 1562/1562/1562
f 1563/1563/1563 1564/1564/1564 1565/1565/1565
f 1565/1565/1565 1566/1566/1566 1563/1563/1563
f 1567/1567/1567 1563/1563/1563 1566/1566/1566
f 1566/1566/1566 1568/1568/1568 1567/1567/1567
f 1569/1569/1569 1567/1567/1567 1568/1568/1568
f 1568/1568/1568 1570/1570/1570 1569/1569/1569
f 1571/1571/1571 1569/1569/1569 1570/1570/1570
f 1570/1570/1570 1572/1572/1572 1571/1571/1571
f 1573/1573/1573 1571/1571/1571 1572/1572/1572
f 1572/1572/1572 1575/1575/1575 1573/1573/1573
f 1577/1577/1577 1573/1573/1573 1575/1575/1575
f 1575/1575/1575 1578/1578/1578 1577/1577/1577
f 1579/1579/1579 1577/1577/1577 1578/1578/1578
f 1578/1578/1578 1580/1580/1580 1579/1579/1579
f 1581/1581/1581 1582/1582/1582 1534/1534/1534
f 1534/1534/1534 1533/1533/1533 1581/1581/1581
f 1583/1583/1583 1584/1584/1584 1582/1582/1582
f 1582/1582/1582 1581/1581/1581 1583/1583/1583
f 1585/1585/1585 1586/1586/1586 1584/1584/1584
f 1584/1584/1584 1583/1583/1583 1585/1585/1585
f 1587/1587/1587 1589/1589/1589 1586/1586/1586
f 1586/1586/1586 1585/1585/1585 1587/1587/1587
f 1590/1590/1590 1592/1592/1592 1589/1589/1589
f 1589/1589/1589 1587/1587/1587 1590/1590/1590
f 1593/1593/1593 1594/1594/1594 1592/1592/1592
f 1592/1592/1592 1590/1590/1590 1593/1593/1593
f 1595/1595/1595 1596/1596/1596 1594/1594/1594
f 1594/1594/1594 1593/1593/1593 1595/1595/1595
f 1597/1597/1597 1505/1505/1505 1478/1478/1478
f 1478/1478/1478 1562/1562/1562 1597/1597/1597
f 1598/1598/1598 1507/1507/1507 1505/1505/1505
f 1505/1505/1505 1597/1597/1597 1598/1598/1598
f 1599/1599/1599 1509/1509/1509 1507/1507/1507
f 1507/1507/1507 1598/1598/1598 1599/1599/1599
f 1600/1600/1600 1512/1512/1512 1509/1509/1509
f 1509/1509/1509 1599/1599/1599 1600/1600/1600
f 1603/1603/1603 1515/1515/1515 1512/1512/1512
f 1512/1512/1512 1600/1600/1600 1603/1603/1603
f 1605/1605/1605 1518/1518/1518 1515/1515/1515
f 1515/1515/1515 1603/1603/1603 1605/1605/1605
f 1607/1607/1607 1608/1608/1608 1565/1565/1565
f 1565/1565/1565 1564/1564/1564 1607/1607/1607
f 1609/1609/1609 1610/1610/1610 1608/1608/1608
f 1608/1608/1608 1607/1607/1607 1609/1609/1609
f 1612/1612/1612 1613/1613/1613 1610/1610/1610
f 1610/1610/1610 1609/1609/1609 1612/1612/1612
f 1614/1614/1614 1616/1616/1616 1613/1613/1613
f 1613/1613/1613 1612/1612/1612 1614/1614/1614
f 1617/1617/1617 1619/1619/1619 1616/1616/1616
f 1616/1616/1616 1614/1614/1614 1617/1617/1617
f 1620/1620/1620 1623/1623/1623 1619/1619/1619
f 1619/1619/1619 1617/1617/1617 1620/1620/1620
f 1624/1624/1624 1626/1626/1626 1623/1623/1623
f 1623/1623/1623 1620/1620/1620 1624/1624/1624
f 1627/1627/1627 1628/1628/1628 1629/1629/1629
f 1629/1629/1629 1630/1630/1630 1627/1627/1627
f 1631/1631/1631 1632/1632/1632 1628/1628/1628
f 1628/1628/1628 1627/1627/1627 1631/1631/1631
f 1633/1633/1633 1635/1635/1635 1632/1632/1632
f 1632/1632/1632 1631/1631/1631 1633/1633/1633
f 1636/1636/1636 1639/1639/1639 1635/1635/1635
f 1635/1635/1635 1633/1633/1633 1636/1636/1636
f 1640/1640/1640 1642/1642/1642 1639/1639/1639
f 1639/1639/1639 1636/1636/1636 1640/1640/1640
f 1643/1643/1643 1644/1644/1644 1645/1645/1645
f 1645/1645/1645 1646/1646/1646 1643/1643/1643
f 1647/1647/1647 1648/1648/1648 1644/1644/1644
f 1644/1644/1644 1643/1643/1643 1647/1647/1647
f 1650/1650/1650 1651/1651/1651 1648/1648/1648
f 1648/1648/1648 1647/1647/1647 1650/1650/1650
f 1652/1652/1652 1654/1654/1654 1651/1651/1651
f 1651/1651/1651 1650/1650/1650 1652/1652/1652
f 1655/1655/1655 1656/1656/1656 1654/1654/1654
f 1654/1654/1654 1652/1652/1652 1655/1655/1655
f 1657/1657/1657 1658/1658/1658 1656/1656/1656
f 1656/1656/1656 1655/1655/1655 1657/1657/1657
f 1659/1659/1659 1566/1566/1566 1565/1565/1565
f 1565/1565/1565 1178/1178/1178 1659/1659/1659
f 1660/1660/1660 1568/1568/1568 1566/1566/1566
f 1566/1566/1566 1659/1659/1659 1660/1660/1660
f 1661/1661/1661 1570/1570/1570 1568/1568/1568
f 1568/1568/1568 1660/1660/1660 1661/1661/1661
f 1662/1662/1662 1572/1572/1572 1570/1570/1570
f 1570/1570/1570 1661/1661/1661 1662/1662/1662
f 1663/1663/1663 1575/1575/1575 1572/1572/1572
f 1572/1572/1572 1662/1662/1662 1663/1663/1663
f 1665/1665/1665 1578/1578/1578 1575/1575/1575
f 1575/1575/1575 1663/1663/1663 1665/1665/1665
f 1667/1667/1667 1580/1580/1580 1578/1578/1578
f 1578/1578/1578 1665/1665/1665 1667/1667/1667
f 1668/1668/1668 1178/1178/1178 1565/1565/1565
f 1565/1565/1565 1608/1608/1608 1668/1668/1668
f 1669/1669/1669 1668/1668/1668 1608/1608/1608
f 1608/1608/1608 1610/1610/1610 1669/1669/1669
f 1671/1671/1671 1669/1669/1669 1610/1610/1610
f 1610/1610/1610 1613/1613/1613 1671/1671/1671
f 1672/1672/1672 1671/1671/1671 1613/1613/1613
f 1613/1613/1613 1616/1616/1616 1672/1672/1672
f 1674/1674/1674 1672/1672/1672 1616/1616/1616
f 1616/1616/1616 1619/1619/1619 1674/1674/1674
f 1678/1678/1678 1674/1674/1674 1619/1619/1619
f 1619/1619/1619 1623/1623/1623 1678/1678/1678
f 1680/1680/1680 1678/1678/1678 1623/1623/1623
f 1623/1623/1623 1626/1626/1626 1680/1680/1680
f 1681/1681/1681 1682/1682/1682 1683/1683/1683
f 1683/1683/1683 1684/1684/1684 1681/1681/1681
f 1685/1685/1685 1681/1681/1681 1684/1684/1684
f 1684/1684/1684 1687/1687/1687 1685/1685/1685
f 1690/1690/1690 1685/1685/1685 1687/1687/1687
f 1687/1687/1687 1691/1691/1691 1690/1690/1690
f 1692/1692/1692 1690/1690/1690 1691/1691/1691
f 1691/1691/1691 1694/1694/1694 1692/1692/1692
f 1531/1531/1531 1695/1695/1695 1492/1492/1492
f 1492/1492/1492 1488/1488/1488 1531/1531/1531
f 1695/1695/1695 1696/1696/1696 1495/1495/1495
f 1495/1495/1495 1492/1492/1492 1695/1695/1695
f 1526/1526/1526 1443/1443/1443 1477/1477/1477
f 1477/1477/1477 1697/1697/1697 1526/1526/1526
f 1697/1697/1697 1477/1477/1477 1504/1504/1504
f 1504/1504/1504 1698/1698/1698 1697/1697/1697
f 1698/1698/1698 1504/1504/1504 1506/1506/1506
f 1506/1506/1506 1699/1699/1699 1698/1698/1698
f 1699/1699/1699 1506/1506/1506 1508/1508/1508
f 1508/1508/1508 1700/1700/1700 1699/1699/1699
f 1700/1700/1700 1508/1508/1508 1511/1511/1511
f 1511/1511/1511 1701/1701/1701 1700/1700/1700
f 1701/1701/1701 1511/1511/1511 1513/1513/1513
f 1513/1513/1513 1702/1702/1702 1701/1701/1701
f 1702/1702/1702 1513/1513/1513 1517/1517/1517
f 1517/1517/1517 1703/1703/1703 1702/1702/1702
f 1642/1642/1642 1640/1640/1640 1704/1704/1704
f 1704/1704/1704 1706/1706/1706 1642/1642/1642
f 1706/1706/1706 1704/1704/1704 1707/1707/1707
f 1707/1707/1707 1709/1709/1709 1706/1706/1706
f 1629/1629/1629 1710/1710/1710 1711/1711/1711
f 1711/1711/1711 1630/1630/1630 1629/1629/1629
f 1710/1710/1710 1712/1712/1712 1713/1713/1713
f 1713/1713/1713 1711/1711/1711 1710/1710/1710
f 1712/1712/1712 1714/1714/1714 1715/1715/1715
f 1715/1715/1715 1713/1713/1713 1712/1712/1712
f 1714/1714/1714 1716/1716/1716 1718/1718/1718
f 1718/1718/1718 1715/1715/1715 1714/1714/1714
f 1716/1716/1716 1719/1719/1719 1721/1721/1721
f 1721/1721/1721 1718/1718/1718 1716/1716/1716
f 1719/1719/1719 1722/1722/1722 1723/1723/1723
f 1723/1723/1723 1721/1721/1721 1719/1719/1719
f 1722/1722/1722 1724/1724/1724 1725/1725/1725
f 1725/1725/1725 1723/1723/1723 1722/1722/1722
f 1694/1694/1694 1726/1726/1726 1728/1728/1728
f 1728/1728/1728 1692/1692/1692 1694/1694/1694
f 1726/1726/1726 1729/1729/1729 1731/1731/1731
f 1731/1731/1731 1728/1728/1728 1726/1726/1726
f 1732/1732/1732 1733/1733/1733 1734/1734/1734
f 1734/1734/1734 1735/1735/1735 1732/1732/1732
f 1733/1733/1733 1736/1736/1736 1737/1737/1737
f 1737/1737/1737 1734/1734/1734 1733/1733/1733
f 1736/1736/1736 1738/1738/1738 1739/1739/1739
f 1739/1739/1739 1737/1737/1737 1736/1736/1736
f 1738/1738/1738 1740/1740/1740 1741/1741/1741
f 1741/1741/1741 1739/1739/1739 1738/1738/1738
f 1740/1740/1740 1742/1742/1742 1743/1743/1743
f 1743/1743/1743 1741/1741/1741 1740/1740/1740
f 1742/1742/1742 1745/1745/1745 1747/1747/1747
f 1747/1747/1747 1743/1743/1743 1742/1742/1742
f 1745/1745/1745 1748/1748/1748 1749/1749/1749
f 1749/1749/1749 1747/1747/1747 1745/1745/1745
f 1751/1751/1751 1752/1752/1752 1754/1754/1754
f 1754/1754/1754 1755/1755/1755 1751/1751/1751
f 1757/1757/1757 1751/1751/1751 1755/1755/1755
f 1755/1755/1755 1758/1758/1758 1757/1757/1757
f 1760/1760/1760 1757/1757/1757 1758/1758/1758
f 1758/1758/1758 1761/1761/1761 1760/1760/1760
f 1762/1762/1762 1760/1760/1760 1761/1761/1761
f 1761/1761/1761 1763/1763/1763 1762/1762/1762
f 1764/1764/1764 1762/1762/1762 1763/1763/1763
f 1763/1763/1763 1765/1765/1765 1764/1764/1764
f 1766/1766/1766 1764/1764/1764 1765/1765/1765
f 1765/1765/1765 1767/1767/1767 1766/1766/1766
f 1768/1768/1768 1766/1766/1766 1767/1767/1767
f 1767/1767/1767 1735/1735/1735 1768/1768/1768
f 1769/1769/1769 1770/1770/1770 1768/1768/1768
f 1768/1768/1768 1735/1735/1735 1769/1769/1769
f 1771/1771/1771 1735/1735/1735 1481/1481/1481
f 1481/1481/1481 1480/1480/1480 1771/1771/1771
f 1772/1772/1772 1771/1771/1771 1480/1480/1480
f 1480/1480/1480 1483/1483/1483 1772/1772/1772
f 1773/1773/1773 1772/1772/1772 1483/1483/1483
f 1483/1483/1483 1485/1485/1485 1773/1773/1773
f 1774/1774/1774 1773/1773/1773 1485/1485/1485
f 1485/1485/1485 1487/1487/1487 1774/1774/1774
f 1775/1775/1775 1774/1774/1774 1487/1487/1487
f 1487/1487/1487 1490/1490/1490 1775/1775/1775
f 1777/1777/1777 1775/1775/1775 1490/1490/1490
f 1490/1490/1490 1493/1493/1493 1777/1777/1777
f 1780/1780/1780 1777/1777/1777 1493/1493/1493
f 1493/1493/1493 1496/1496/1496 1780/1780/1780
f 1776/1776/1776 1778/1778/1778 1781/1781/1781
f 1781/1781/1781 1784/1784/1784 1776/1776/1776
f 1778/1778/1778 1779/1779/1779 1785/1785/1785
f 1785/1785/1785 1781/1781/1781 1778/1778/1778
f 1787/1787/1787 1789/1789/1789 1790/1790/1790
f 1790/1790/1790 1791/1791/1791 1787/1787/1787
f 1793/1793/1793 1789/1789/1789 1787/1787/1787
f 1787/1787/1787 1794/1794/1794 1793/1793/1793
f 1797/1797/1797 1793/1793/1793 1794/1794/1794
f 1794/1794/1794 1799/1799/1799 1797/1797/1797
f 1800/1800/1800 1796/1796/1796 1798/1798/1798
f 1798/1798/1798 1801/1801/1801 1800/1800/1800
f 1802/1802/1802 1800/1800/1800 1801/1801/1801
f 1801/1801/1801 1803/1803/1803 1802/1802/1802
f 1804/1804/1804 1802/1802/1802 1803/1803/1803
f 1803/1803/1803 1805/1805/1805 1804/1804/1804
f 1767/1767/1767 1806/1806/1806 1732/1732/1732
f 1732/1732/1732 1735/1735/1735 1767/1767/1767
f 1765/1765/1765 1807/1807/1807 1806/1806/1806
f 1806/1806/1806 1767/1767/1767 1765/1765/1765
f 1763/1763/1763 1808/1808/1808 1807/1807/1807
f 1807/1807/1807 1765/1765/1765 1763/1763/1763
f 1761/1761/1761 1809/1809/1809 1808/1808/1808
f 1808/1808/1808 1763/1763/1763 1761/1761/1761
f 1759/1759/1759 1810/1810/1810 1809/1809/1809
f 1809/1809/1809 1761/1761/1761 1759/1759/1759
f 1756/1756/1756 1811/1811/1811 1810/1810/1810
f 1810/1810/1810 1759/1759/1759 1756/1756/1756
f 1753/1753/1753 1812/1812/1812 1811/1811/1811
f 1811/1811/1811 1756/1756/1756 1753/1753/1753
f 1813/1813/1813 1814/1814/1814 1770/1770/1770
f 1770/1770/1770 1769/1769/1769 1813/1813/1813
f 1815/1815/1815 1816/1816/1816 1814/1814/1814
f 1814/1814/1814 1813/1813/1813 1815/1815/1815
f 1818/1818/1818 1820/1820/1820 1816/1816/1816
f 1816/1816/1816 1815/1815/1815 1818/1818/1818
f 1822/1822/1822 1823/1823/1823 1819/1819/1819
f 1819/1819/1819 1817/1817/1817 1822/1822/1822
f 1824/1824/1824 1826/1826/1826 1823/1823/1823
f 1823/1823/1823 1822/1822/1822 1824/1824/1824
f 1827/1827/1827 1829/1829/1829 1826/1826/1826
f 1826/1826/1826 1824/1824/1824 1827/1827/1827
f 1734/1734/1734 1519/1519/1519 1481/1481/1481
f 1481/1481/1481 1735/1735/1735 1734/1734/1734
f 1737/1737/1737 1520/1520/1520 1519/1519/1519
f 1519/1519/1519 1734/1734/1734 1737/1737/1737
f 1739/1739/1739 1521/1521/1521 1520/1520/1520
f 1520/1520/1520 1737/1737/1737 1739/1739/1739
f 1741/1741/1741 1522/1522/1522 1521/1521/1521
f 1521/1521/1521 1739/1739/1739 1741/1741/1741
f 1744/1744/1744 1523/1523/1523 1522/1522/1522
f 1522/1522/1522 1741/1741/1741 1744/1744/1744
f 1746/1746/1746 1524/1524/1524 1523/1523/1523
f 1523/1523/1523 1744/1744/1744 1746/1746/1746
f 1750/1750/1750 1525/1525/1525 1524/1524/1524
f 1524/1524/1524 1746/1746/1746 1750/1750/1750
f 1830/1830/1830 907/907/907 906/906/906
f 906/906/906 1771/1771/1771 1830/1830/1830
f 1735/1735/1735 1771/1771/1771 906/906/906
f 1803/1803/1803 1813/1813/1813 1769/1769/1769
f 1769/1769/1769 1805/1805/1805 1803/1803/1803
f 1771/1771/1771 1772/1772/1772 1831/1831/1831
f 1831/1831/1831 1830/1830/1830 1771/1771/1771
f 1801/1801/1801 1815/1815/1815 1813/1813/1813
f 1813/1813/1813 1803/1803/1803 1801/1801/1801
f 1772/1772/1772 1773/1773/1773 1832/1832/1832
f 1832/1832/1832 1831/1831/1831 1772/1772/1772
f 1798/1798/1798 1818/1818/1818 1815/1815/1815
f 1815/1815/1815 1801/1801/1801 1798/1798/1798
f 1773/1773/1773 1774/1774/1774 1833/1833/1833
f 1833/1833/1833 1832/1832/1832 1773/1773/1773
f 1795/1795/1795 1821/1821/1821 1818/1818/1818
f 1818/1818/1818 1798/1798/1798 1795/1795/1795
f 1774/1774/1774 1776/1776/1776 1784/1784/1784
f 1784/1784/1784 1833/1833/1833 1774/1774/1774
f 1795/1795/1795 1788/1788/1788 1825/1825/1825
f 1825/1825/1825 1821/1821/1821 1795/1795/1795
f 1792/1792/1792 1828/1828/1828 1825/1825/1825
f 1825/1825/1825 1788/1788/1788 1792/1792/1792
f 1786/1786/1786 1834/1834/1834 1835/1835/1835
f 1835/1835/1835 1782/1782/1782 1786/1786/1786
f 1782/1782/1782 1835/1835/1835 1836/1836/1836
f 1836/1836/1836 1783/1783/1783 1782/1782/1782
f 1837/1837/1837 1833/1833/1833 1783/1783/1783
f 1783/1783/1783 1836/1836/1836 1837/1837/1837
f 1838/1838/1838 1832/1832/1832 1833/1833/1833
f 1833/1833/1833 1837/1837/1837 1838/1838/1838
f 1839/1839/1839 1831/1831/1831 1832/1832/1832
f 1832/1832/1832 1838/1838/1838 1839/1839/1839
f 1840/1840/1840 1830/1830/1830 1831/1831/1831
f 1831/1831/1831 1839/1839/1839 1840/1840/1840
f 919/919/919 907/907/907 1830/1830/1830
f 1830/1830/1830 1840/1840/1840 919/919/919
f 1436/1436/1436 1437/1437/1437 1646/1646/1646
f 1646/1646/1646 1645/1645/1645 1436/1436/1436
f 1682/1682/1682 1439/1439/1439 1438/1438/1438
f 1438/1438/1438 1683/1683/1683 1682/1682/1682
f 1342/1342/1342 1341/1341/1341 920/920/920
f 920/920/920 921/921/921 1342/1342/1342
f 1390/1390/1390 1395/1395/1395 1394/1394/1394
f 1394/1394/1394 464/464/464 1390/1390/1390
f 922/922/922 1804/1804/1804 1805/1805/1805
f 1805/1805/1805 923/923/923 922/922/922
f 1769/1769/1769 1735/1735/1735 906/906/906
f 906/906/906 1805/1805/1805 1769/1769/1769
f 923/923/923 1805/1805/1805 906/906/906
f 1267/1267/1267 1841/1841/1841 1301/1301/1301
f 1301/1301/1301 1379/1379/1379 1267/1267/1267
f 1264/1264/1264 1267/1267/1267 1379/1379/1379
f 1268/1268/1268 1264/1264/1264 1379/1379/1379
f 1379/1379/1379 1380/1380/1380 1268/1268/1268
f 1270/1270/1270 1268/1268/1268 1380/1380/1380
f 1380/1380/1380 1381/1381/1381 1270/1270/1270
f 1275/1275/1275 1272/1272/1272 1383/1383/1383
f 1383/1383/1383 1385/1385/1385 1275/1275/1275
f 1274/1274/1274 1384/1384/1384 1386/1386/1386
f 1386/1386/1386 1278/1278/1278 1274/1274/1274
f 1280/1280/1280 1277/1277/1277 1387/1387/1387
f 1387/1387/1387 1389/1389/1389 1280/1280/1280
f 1289/1289/1289 1350/1350/1350 1353/1353/1353
f 1353/1353/1353 1287/1287/1287 1289/1289/1289
f 1291/1291/1291 1347/1347/1347 1349/1349/1349
f 1349/1349/1349 1289/1289/1289 1291/1291/1291
f 1293/1293/1293 1345/1345/1345 1347/1347/1347
f 1347/1347/1347 1291/1291/1291 1293/1293/1293
f 1295/1295/1295 1343/1343/1343 1345/1345/1345
f 1345/1345/1345 1293/1293/1293 1295/1295/1295
f 1297/1297/1297 1841/1841/1841 1267/1267/1267
f 1267/1267/1267 1343/1343/1343 1297/1297/1297
f 1295/1295/1295 1297/1297/1297 1343/1343/1343
f 1298/1298/1298 1395/1395/1395 1390/1390/1390
f 1390/1390/1390 1841/1841/1841 1298/1298/1298
f 1297/1297/1297 1298/1298/1298 1841/1841/1841
f 1301/1301/1301 1841/1841/1841 1390/1390/1390
f 1390/1390/1390 1392/1392/1392 1301/1301/1301
f 1300/1300/1300 1301/1301/1301 1392/1392/1392
f 1300/1300/1300 1392/1392/1392 1398/1398/1398
f 1398/1398/1398 1302/1302/1302 1300/1300/1300
f 1302/1302/1302 1398/1398/1398 1402/1402/1402
f 1402/1402/1402 1303/1303/1303 1302/1302/1302
f 1303/1303/1303 1402/1402/1402 1409/1409/1409
f 1409/1409/1409 1304/1304/1304 1303/1303/1303
f 1305/1305/1305 1409/1409/1409 1318/1318/1318
f 1318/1318/1318 1307/1307/1307 1305/1305/1305
f 1306/1306/1306 1317/1317/1317 1315/1315/1315
f 1315/1315/1315 1309/1309/1309 1306/1306/1306
f 1308/1308/1308 1316/1316/1316 1324/1324/1324
f 1324/1324/1324 1311/1311/1311 1308/1308/1308
f 1358/1358/1358 1285/1285/1285 1287/1287/1287
f 1287/1287/1287 1352/1352/1352 1358/1358/1358
f 1362/1362/1362 1282/1282/1282 1285/1285/1285
f 1285/1285/1285 1357/1357/1357 1362/1362/1362
f 1363/1363/1363 1365/1365/1365 1400/1400/1400
f 1400/1400/1400 1396/1396/1396 1363/1363/1363
f 1365/1365/1365 1368/1368/1368 1406/1406/1406
f 1406/1406/1406 1400/1400/1400 1365/1365/1365
f 1367/1367/1367 1371/1371/1371 1412/1412/1412
f 1412/1412/1412 1405/1405/1405 1367/1367/1367
f 1372/1372/1372 1374/1374/1374 1415/1415/1415
f 1415/1415/1415 1413/1413/1413 1372/1372/1372
f 1375/1375/1375 1377/1377/1377 1418/1418/1418
f 1418/1418/1418 1414/1414/1414 1375/1375/1375
f 1381/1381/1381 1382/1382/1382 1272/1272/1272
f 1272/1272/1272 1270/1270/1270 1381/1381/1381
f 1396/1396/1396 1395/1395/1395 1298/1298/1298
f 1298/1298/1298 1363/1363/1363 1396/1396/1396
f 928/928/928 1018/1018/1018 969/969/969
f 969/969/969 1842/1842/1842 928/928/928
f 929/929/929 928/928/928 1842/1842/1842
f 928/928/928 932/932/932 1020/1020/1020
f 1020/1020/1020 1018/1018/1018 928/928/928
f 934/934/934 1022/1022/1022 1020/1020/1020
f 1020/1020/1020 932/932/932 934/934/934
f 936/936/936 940/940/940 1026/1026/1026
f 1026/1026/1026 1024/1024/1024 936/936/936
f 942/942/942 1030/1030/1030 1027/1027/1027
f 1027/1027/1027 939/939/939 942/942/942
f 944/944/944 1034/1034/1034 1031/1031/1031
f 1031/1031/1031 942/942/942 944/944/944
f 954/954/954 996/996/996 993/993/993
f 993/993/993 956/956/956 954/954/954
f 958/958/958 956/956/956 992/992/992
f 992/992/992 990/990/990 958/958/958
f 960/960/960 958/958/958 990/990/990
f 990/990/990 988/988/988 960/960/960
f 960/960/960 988/988/988 986/986/986
f 986/986/986 962/962/962 960/960/960
f 962/962/962 986/986/986 929/929/929
f 929/929/929 1842/1842/1842 962/962/962
f 964/964/964 962/962/962 1842/1842/1842
f 964/964/964 1842/1842/1842 1039/1039/1039
f 1039/1039/1039 1220/1220/1220 964/964/964
f 966/966/966 964/964/964 1220/1220/1220
f 968/968/968 1036/1036/1036 1039/1039/1039
f 1039/1039/1039 1842/1842/1842 968/968/968
f 969/969/969 968/968/968 1842/1842/1842
f 972/972/972 1040/1040/1040 1036/1036/1036
f 1036/1036/1036 968/968/968 972/972/972
f 972/972/972 974/974/974 1042/1042/1042
f 1042/1042/1042 1040/1040/1040 972/972/972
f 976/976/976 1044/1044/1044 1042/1042/1042
f 1042/1042/1042 974/974/974 976/976/976
f 978/978/978 1048/1048/1048 1045/1045/1045
f 1045/1045/1045 976/976/976 978/978/978
f 981/981/981 1214/1214/1214 1047/1047/1047
f 1047/1047/1047 979/979/979 981/981/981
f 984/984/984 1218/1218/1218 1215/1215/1215
f 1215/1215/1215 982/982/982 984/984/984
f 995/995/995 953/953/953 949/949/949
f 949/949/949 998/998/998 995/995/995
f 1000/1000/1000 998/998/998 950/950/950
f 950/950/950 946/946/946 1000/1000/1000
f 1002/1002/1002 1222/1222/1222 1224/1224/1224
f 1224/1224/1224 1004/1004/1004 1002/1002/1002
f 1004/1004/1004 1224/1224/1224 1227/1227/1227
f 1227/1227/1227 1006/1006/1006 1004/1004/1004
f 1008/1008/1008 1006/1006/1006 1226/1226/1226
f 1226/1226/1226 1229/1229/1229 1008/1008/1008
f 1009/1009/1009 1230/1230/1230 1232/1232/1232
f 1232/1232/1232 1013/1013/1013 1009/1009/1009
f 1011/1011/1011 1232/1232/1232 1234/1234/1234
f 1234/1234/1234 1016/1016/1016 1011/1011/1011
f 1022/1022/1022 934/934/934 937/937/937
f 937/937/937 1024/1024/1024 1022/1022/1022
f 1053/1053/1053 1843/1843/1843 1084/1084/1084
f 1084/1084/1084 1125/1125/1125 1053/1053/1053
f 1050/1050/1050 1053/1053/1053 1125/1125/1125
f 1050/1050/1050 1125/1125/1125 1127/1127/1127
f 1127/1127/1127 1054/1054/1054 1050/1050/1050
f 1056/1056/1056 1054/1054/1054 1127/1127/1127
f 1127/1127/1127 1129/1129/1129 1056/1056/1056
f 1059/1059/1059 1133/1133/1133 1136/1136/1136
f 1136/1136/1136 1062/1062/1062 1059/1059/1059
f 1061/1061/1061 1135/1135/1135 1139/1139/1139
f 1139/1139/1139 1064/1064/1064 1061/1061/1061
f 1066/1066/1066 1064/1064/1064 1140/1140/1140
f 1140/1140/1140 1142/1142/1142 1066/1066/1066
f 1073/1073/1073 1075/1075/1075 1105/1105/1105
f 1105/1105/1105 1108/1108/1108 1073/1073/1073
f 1076/1076/1076 1103/1103/1103 1106/1106/1106
f 1106/1106/1106 1075/1075/1075 1076/1076/1076
f 1077/1077/1077 1101/1101/1101 1103/1103/1103
f 1103/1103/1103 1076/1076/1076 1077/1077/1077
f 1077/1077/1077 1078/1078/1078 1099/1099/1099
f 1099/1099/1099 1101/1101/1101 1077/1077/1077
f 1079/1079/1079 1843/1843/1843 1053/1053/1053
f 1053/1053/1053 1099/1099/1099 1079/1079/1079
f 1078/1078/1078 1079/1079/1079 1099/1099/1099
f 1080/1080/1080 1242/1242/1242 1146/1146/1146
f 1146/1146/1146 1843/1843/1843 1080/1080/1080
f 1079/1079/1079 1080/1080/1080 1843/1843/1843
f 1084/1084/1084 1843/1843/1843 1146/1146/1146
f 1146/1146/1146 1145/1145/1145 1084/1084/1084
f 1081/1081/1081 1084/1084/1084 1145/1145/1145
f 1085/1085/1085 1081/1081/1081 1145/1145/1145
f 1145/1145/1145 1149/1149/1149 1085/1085/1085
f 1085/1085/1085 1149/1149/1149 1151/1151/1151
f 1151/1151/1151 1087/1087/1087 1085/1085/1085
f 1087/1087/1087 1152/1152/1152 1156/1156/1156
f 1156/1156/1156 1089/1089/1089 1087/1087/1087
f 1091/1091/1091 1089/1089/1089 1155/1155/1155
f 1155/1155/1155 1159/1159/1159 1091/1091/1091
f 1092/1092/1092 1158/1158/1158 1236/1236/1236
f 1236/1236/1236 1095/1095/1095 1092/1092/1092
f 1094/1094/1094 1237/1237/1237 1239/1239/1239
f 1239/1239/1239 1097/1097/1097 1094/1094/1094
f 1111/1111/1111 1071/1071/1071 1074/1074/1074
f 1074/1074/1074 1109/1109/1109 1111/1111/1111
f 1114/1114/1114 1068/1068/1068 1072/1072/1072
f 1072/1072/1072 1111/1111/1111 1114/1114/1114
f 1115/1115/1115 1116/1116/1116 1246/1246/1246
f 1246/1246/1246 1244/1244/1244 1115/1115/1115
f 1117/1117/1117 1249/1249/1249 1246/1246/1246
f 1246/1246/1246 1116/1116/1116 1117/1117/1117
f 1119/1119/1119 1251/1251/1251 1248/1248/1248
f 1248/1248/1248 1117/1117/1117 1119/1119/1119
f 1121/1121/1121 1254/1254/1254 1252/1252/1252
f 1252/1252/1252 1118/1118/1118 1121/1121/1121
f 1123/1123/1123 1256/1256/1256 1254/1254/1254
f 1254/1254/1254 1120/1120/1120 1123/1123/1123
f 1130/1130/1130 1132/1132/1132 1058/1058/1058
f 1058/1058/1058 1056/1056/1056 1130/1130/1130
f 1162/1162/1162 1161/1161/1161 1188/1188/1188
f 1188/1188/1188 1187/1187/1187 1162/1162/1162
f 1165/1165/1165 1189/1189/1189 1188/1188/1188
f 1188/1188/1188 1161/1161/1161 1165/1165/1165
f 1167/1167/1167 1170/1170/1170 1193/1193/1193
f 1193/1193/1193 1192/1192/1192 1167/1167/1167
f 1173/1173/1173 1196/1196/1196 1194/1194/1194
f 1194/1194/1194 1171/1171/1171 1173/1173/1173
f 1175/1175/1175 1199/1199/1199 1197/1197/1197
f 1197/1197/1197 1173/1173/1173 1175/1175/1175
f 1177/1177/1177 1203/1203/1203 1439/1439/1439
f 1439/1439/1439 1178/1178/1178 1177/1177/1177
f 1179/1179/1179 1200/1200/1200 1203/1203/1203
f 1203/1203/1203 1177/1177/1177 1179/1179/1179
f 1179/1179/1179 1180/1180/1180 1204/1204/1204
f 1204/1204/1204 1200/1200/1200 1179/1179/1179
f 1181/1181/1181 1207/1207/1207 1205/1205/1205
f 1205/1205/1205 1180/1180/1180 1181/1181/1181
f 1183/1183/1183 1212/1212/1212 1208/1208/1208
f 1208/1208/1208 1181/1181/1181 1183/1183/1183
f 1184/1184/1184 1259/1259/1259 1211/1211/1211
f 1211/1211/1211 1182/1182/1182 1184/1184/1184
f 1186/1186/1186 1261/1261/1261 1258/1258/1258
f 1258/1258/1258 1185/1185/1185 1186/1186/1186
f 1190/1190/1190 1165/1165/1165 1168/1168/1168
f 1168/1168/1168 1191/1191/1191 1190/1190/1190
f 1220/1220/1220 1222/1222/1222 1002/1002/1002
f 1002/1002/1002 966/966/966 1220/1220/1220
f 1242/1242/1242 1080/1080/1080 1115/1115/1115
f 1115/1115/1115 1244/1244/1244 1242/1242/1242
f 1331/1331/1331 1335/1335/1335 1403/1403/1403
f 1403/1403/1403 1410/1410/1410 1331/1331/1331
f 1338/1338/1338 1399/1399/1399 1404/1404/1404
f 1404/1404/1404 1336/1336/1336 1338/1338/1338
f 1340/1340/1340 1393/1393/1393 1399/1399/1399
f 1399/1399/1399 1338/1338/1338 1340/1340/1340
f 1342/1342/1342 1394/1394/1394 1393/1393/1393
f 1393/1393/1393 1340/1340/1340 1342/1342/1342
f 1391/1391/1391 464/464/464 511/511/511
f 511/511/511 1434/1434/1434 1391/1391/1391
f 1401/1401/1401 1430/1430/1430 1428/1428/1428
f 1428/1428/1428 1407/1407/1407 1401/1401/1401
f 1416/1416/1416 1326/1326/1326 1332/1332/1332
f 1332/1332/1332 1411/1411/1411 1416/1416/1416
f 1417/1417/1417 1421/1421/1421 1327/1327/1327
f 1327/1327/1327 1325/1325/1325 1417/1417/1417
f 1422/1422/1422 1323/1323/1323 1314/1314/1314
f 1314/1314/1314 1423/1423/1423 1422/1422/1422
f 1423/1423/1423 1312/1312/1312 1320/1320/1320
f 1320/1320/1320 1426/1426/1426 1423/1423/1423
f 1426/1426/1426 1319/1319/1319 1408/1408/1408
f 1408/1408/1408 1428/1428/1428 1426/1426/1426
f 1430/1430/1430 1401/1401/1401 1397/1397/1397
f 1397/1397/1397 1432/1432/1432 1430/1430/1430
f 1432/1432/1432 1397/1397/1397 1391/1391/1391
f 1391/1391/1391 1434/1434/1434 1432/1432/1432
f 1437/1437/1437 1162/1162/1162 1187/1187/1187
f 1187/1187/1187 1178/1178/1178 1437/1437/1437
f 1532/1532/1532 1607/1607/1607 1564/1564/1564
f 1564/1564/1564 1844/1844/1844 1532/1532/1532
f 1533/1533/1533 1532/1532/1532 1844/1844/1844
f 1532/1532/1532 1536/1536/1536 1609/1609/1609
f 1609/1609/1609 1607/1607/1607 1532/1532/1532
f 1538/1538/1538 1612/1612/1612 1609/1609/1609
f 1609/1609/1609 1536/1536/1536 1538/1538/1538
f 1541/1541/1541 1544/1544/1544 1617/1617/1617
f 1617/1617/1617 1614/1614/1614 1541/1541/1541
f 1546/1546/1546 1621/1621/1621 1618/1618/1618
f 1618/1618/1618 1543/1543/1543 1546/1546/1546
f 1548/1548/1548 1625/1625/1625 1622/1622/1622
f 1622/1622/1622 1546/1546/1546 1548/1548/1548
f 1556/1556/1556 1591/1591/1591 1588/1588/1588
f 1588/1588/1588 1557/1557/1557 1556/1556/1556
f 1558/1558/1558 1557/1557/1557 1587/1587/1587
f 1587/1587/1587 1585/1585/1585 1558/1558/1558
f 1559/1559/1559 1558/1558/1558 1585/1585/1585
f 1585/1585/1585 1583/1583/1583 1559/1559/1559
f 1559/1559/1559 1583/1583/1583 1581/1581/1581
f 1581/1581/1581 1560/1560/1560 1559/1559/1559
f 1560/1560/1560 1581/1581/1581 1533/1533/1533
f 1533/1533/1533 1844/1844/1844 1560/1560/1560
f 1561/1561/1561 1560/1560/1560 1844/1844/1844
f 1561/1561/1561 1844/1844/1844 1630/1630/1630
f 1630/1630/1630 1711/1711/1711 1561/1561/1561
f 1562/1562/1562 1561/1561/1561 1711/1711/1711
f 1563/1563/1563 1627/1627/1627 1630/1630/1630
f 1630/1630/1630 1844/1844/1844 1563/1563/1563
f 1564/1564/1564 1563/1563/1563 1844/1844/1844
f 1567/1567/1567 1631/1631/1631 1627/1627/1627
f 1627/1627/1627 1563/1563/1563 1567/1567/1567
f 1567/1567/1567 1569/1569/1569 1633/1633/1633
f 1633/1633/1633 1631/1631/1631 1567/1567/1567
f 1571/1571/1571 1637/1637/1637 1634/1634/1634
f 1634/1634/1634 1569/1569/1569 1571/1571/1571
f 1573/1573/1573 1641/1641/1641 1638/1638/1638
f 1638/1638/1638 1571/1571/1571 1573/1573/1573
f 1576/1576/1576 1704/1704/1704 1640/1640/1640
f 1640/1640/1640 1574/1574/1574 1576/1576/1576
f 1579/1579/1579 1708/1708/1708 1705/1705/1705
f 1705/1705/1705 1577/1577/1577 1579/1579/1579
f 1590/1590/1590 1555/1555/1555 1554/1554/1554
f 1554/1554/1554 1593/1593/1593 1590/1590/1590
f 1595/1595/1595 1593/1593/1593 1553/1553/1553
f 1553/1553/1553 1551/1551/1551 1595/1595/1595
f 1597/1597/1597 1713/1713/1713 1715/1715/1715
f 1715/1715/1715 1598/1598/1598 1597/1597/1597
f 1598/1598/1598 1715/1715/1715 1718/1718/1718
f 1718/1718/1718 1599/1599/1599 1598/1598/1598
f 1600/1600/1600 1599/1599/1599 1717/1717/1717
f 1717/1717/1717 1720/1720/1720 1600/1600/1600
f 1601/1601/1601 1721/1721/1721 1723/1723/1723
f 1723/1723/1723 1604/1604/1604 1601/1601/1601
f 1602/1602/1602 1723/1723/1723 1725/1725/1725
f 1725/1725/1725 1606/1606/1606 1602/1602/1602
f 1611/1611/1611 1538/1538/1538 1540/1540/1540
f 1540/1540/1540 1615/1615/1615 1611/1611/1611
f 1646/1646/1646 1668/1668/1668 1669/1669/1669
f 1669/1669/1669 1643/1643/1643 1646/1646/1646
f 1647/1647/1647 1643/1643/1643 1669/1669/1669
f 1669/1669/1669 1671/1671/1671 1647/1647/1647
f 1649/1649/1649 1672/1672/1672 1674/1674/1674
f 1674/1674/1674 1653/1653/1653 1649/1649/1649
f 1652/1652/1652 1675/1675/1675 1677/1677/1677
f 1677/1677/1677 1655/1655/1655 1652/1652/1652
f 1657/1657/1657 1655/1655/1655 1676/1676/1676
f 1676/1676/1676 1679/1679/1679 1657/1657/1657
f 1659/1659/1659 1178/1178/1178 1439/1439/1439
f 1439/1439/1439 1682/1682/1682 1659/1659/1659
f 1660/1660/1660 1659/1659/1659 1682/1682/1682
f 1682/1682/1682 1681/1681/1681 1660/1660/1660
f 1660/1660/1660 1681/1681/1681 1685/1685/1685
f 1685/1685/1685 1661/1661/1661 1660/1660/1660
f 1661/1661/1661 1686/1686/1686 1689/1689/1689
f 1689/1689/1689 1662/1662/1662 1661/1661/1661
f 1663/1663/1663 1662/1662/1662 1688/1688/1688
f 1688/1688/1688 1693/1693/1693 1663/1663/1663
f 1664/1664/1664 1692/1692/1692 1728/1728/1728
f 1728/1728/1728 1666/1666/1666 1664/1664/1664
f 1665/1665/1665 1727/1727/1727 1730/1730/1730
f 1730/1730/1730 1667/1667/1667 1665/1665/1665
f 1670/1670/1670 1673/1673/1673 1650/1650/1650
f 1650/1650/1650 1647/1647/1647 1670/1670/1670
f 1711/1711/1711 1713/1713/1713 1597/1597/1597
f 1597/1597/1597 1562/1562/1562 1711/1711/1711
f 1437/1437/1437 1178/1178/1178 1668/1668/1668
f 1668/1668/1668 1646/1646/1646 1437/1437/1437
f 921/921/921 464/464/464 1394/1394/1394
f 1394/1394/1394 1342/1342/1342 921/921/921
f 1845/1845/1845 1846/1846/1846 1847/1847/1847
f 1847/1847/1847 1848/1848/1848 1845/1845/1845
f 1849/1849/1849 1850/1850/1850 1846/1846/1846
f 1846/1846/1846 1845/1845/1845 1849/1849/1849
f 1851/1851/1851 1852/1852/1852 1850/1850/1850
f 1850/1850/1850 1849/1849/1849 1851/1851/1851
f 1854/1854/1854 1855/1855/1855 1852/1852/1852
f 1852/1852/1852 1851/1851/1851 1854/1854/1854
f 1857/1857/1857 1858/1858/1858 1855/1855/1855
f 1855/1855/1855 1854/1854/1854 1857/1857/1857
f 1859/1859/1859 1860/1860/1860 1858/1858/1858
f 1858/1858/1858 1857/1857/1857 1859/1859/1859
f 1861/1861/1861 1862/1862/1862 1860/1860/1860
f 1860/1860/1860 1859/1859/1859 1861/1861/1861
f 1863/1863/1863 1865/1865/1865 1866/1866/1866
f 1866/1866/1866 1867/1867/1867 1863/1863/1863
f 1867/1867/1867 1866/1866/1866 1870/1870/1870
f 1870/1870/1870 1871/1871/1871 1867/1867/1867
f 1871/1871/1871 1870/1870/1870 1873/1873/1873
f 1873/1873/1873 1874/1874/1874 1871/1871/1871
f 1874/1874/1874 1873/1873/1873 1875/1875/1875
f 1875/1875/1875 1876/1876/1876 1874/1874/1874
f 1876/1876/1876 1875/1875/1875 1877/1877/1877
f 1877/1877/1877 1878/1878/1878 1876/1876/1876
f 1878/1878/1878 1877/1877/1877 1879/1879/1879
f 1879/1879/1879 1880/1880/1880 1878/1878/1878
f 1880/1880/1880 1879/1879/1879 1881/1881/1881
f 1881/1881/1881 1882/1882/1882 1880/1880/1880
f 1881/1881/1881 1883/1883/1883 1884/1884/1884
f 1884/1884/1884 1882/1882/1882 1881/1881/1881
f 1885/1885/1885 1886/1886/1886 1887/1887/1887
f 1887/1887/1887 1888/1888/1888 1885/1885/1885
f 1889/1889/1889 1890/1890/1890 1886/1886/1886
f 1886/1886/1886 1885/1885/1885 1889/1889/1889
f 1891/1891/1891 1892/1892/1892 1890/1890/1890
f 1890/1890/1890 1889/1889/1889 1891/1891/1891
f 1893/1893/1893 1894/1894/1894 1892/1892/1892
f 1892/1892/1892 1891/1891/1891 1893/1893/1893
f 1895/1895/1895 1897/1897/1897 1894/1894/1894
f 1894/1894/1894 1893/1893/1893 1895/1895/1895
f 1898/1898/1898 1900/1900/1900 1897/1897/1897
f 1897/1897/1897 1895/1895/1895 1898/1898/1898
f 1901/1901/1901 1902/1902/1902 1900/1900/1900
f 1900/1900/1900 1898/1898/1898 1901/1901/1901
f 1847/1847/1847 1903/1903/1903 1904/1904/1904
f 1904/1904/1904 1848/1848/1848 1847/1847/1847
f 1903/1903/1903 1905/1905/1905 1906/1906/1906
f 1906/1906/1906 1904/1904/1904 1903/1903/1903
f 1905/1905/1905 1907/1907/1907 1908/1908/1908
f 1908/1908/1908 1906/1906/1906 1905/1905/1905
f 1907/1907/1907 1909/1909/1909 1911/1911/1911
f 1911/1911/1911 1908/1908/1908 1907/1907/1907
f 1909/1909/1909 1912/1912/1912 1913/1913/1913
f 1913/1913/1913 1911/1911/1911 1909/1909/1909
f 1912/1912/1912 1915/1915/1915 1916/1916/1916
f 1916/1916/1916 1913/1913/1913 1912/1912/1912
f 1915/1915/1915 1917/1917/1917 1918/1918/1918
f 1918/1918/1918 1916/1916/1916 1915/1915/1915
f 1883/1883/1883 1919/1919/1919 1920/1920/1920
f 1920/1920/1920 1884/1884/1884 1883/1883/1883
f 1919/1919/1919 1921/1921/1921 1922/1922/1922
f 1922/1922/1922 1920/1920/1920 1919/1919/1919
f 1921/1921/1921 1923/1923/1923 1924/1924/1924
f 1924/1924/1924 1922/1922/1922 1921/1921/1921
f 1923/1923/1923 1925/1925/1925 1927/1927/1927
f 1927/1927/1927 1924/1924/1924 1923/1923/1923
f 1925/1925/1925 1928/1928/1928 1931/1931/1931
f 1931/1931/1931 1927/1927/1927 1925/1925/1925
f 1928/1928/1928 1932/1932/1932 1933/1933/1933
f 1933/1933/1933 1931/1931/1931 1928/1928/1928
f 1887/1887/1887 1935/1935/1935 1936/1936/1936
f 1936/1936/1936 1888/1888/1888 1887/1887/1887
f 1935/1935/1935 1937/1937/1937 1938/1938/1938
f 1938/1938/1938 1936/1936/1936 1935/1935/1935
f 1937/1937/1937 1939/1939/1939 1940/1940/1940
f 1940/1940/1940 1938/1938/1938 1937/1937/1937
f 1939/1939/1939 1941/1941/1941 1942/1942/1942
f 1942/1942/1942 1940/1940/1940 1939/1939/1939
f 1941/1941/1941 1943/1943/1943 1944/1944/1944
f 1944/1944/1944 1942/1942/1942 1941/1941/1941
f 1943/1943/1943 1946/1946/1946 1949/1949/1949
f 1949/1949/1949 1944/1944/1944 1943/1943/1943
f 1946/1946/1946 1950/1950/1950 1951/1951/1951
f 1951/1951/1951 1949/1949/1949 1946/1946/1946
f 1953/1953/1953 1954/1954/1954 1955/1955/1955
f 1955/1955/1955 1956/1956/1956 1953/1953/1953
f 1954/1954/1954 1957/1957/1957 1958/1958/1958
f 1958/1958/1958 1955/1955/1955 1954/1954/1954
f 1957/1957/1957 1959/1959/1959 1960/1960/1960
f 1960/1960/1960 1958/1958/1958 1957/1957/1957
f 1959/1959/1959 1961/1961/1961 1962/1962/1962
f 1962/1962/1962 1960/1960/1960 1959/1959/1959
f 1961/1961/1961 1964/1964/1964 1966/1966/1966
f 1966/1966/1966 1962/1962/1962 1961/1961/1961
f 1967/1967/1967 1968/1968/1968 1969/1969/1969
f 1969/1969/1969 1970/1970/1970 1967/1967/1967
f 1968/1968/1968 1971/1971/1971 1972/1972/1972
f 1972/1972/1972 1969/1969/1969 1968/1968/1968
f 1971/1971/1971 1973/1973/1973 1974/1974/1974
f 1974/1974/1974 1972/1972/1972 1971/1971/1971
f 1973/1973/1973 1975/1975/1975 1976/1976/1976
f 1976/1976/1976 1974/1974/1974 1973/1973/1973
f 1975/1975/1975 1978/1978/1978 1980/1980/1980
f 1980/1980/1980 1976/1976/1976 1975/1975/1975
f 1978/1978/1978 1981/1981/1981 1982/1982/1982
f 1982/1982/1982 1980/1980/1980 1978/1978/1978
f 1981/1981/1981 1983/1983/1983 1984/1984/1984
f 1984/1984/1984 1982/1982/1982 1981/1981/1981
f 1866/1866/1866 1865/1865/1865 1985/1985/1985
f 1985/1985/1985 1989/1989/1989 1866/1866/1866
f 1870/1870/1870 1866/1866/1866 1989/1989/1989
f 1989/1989/1989 1990/1990/1990 1870/1870/1870
f 1873/1873/1873 1870/1870/1870 1990/1990/1990
f 1990/1990/1990 1992/1992/1992 1873/1873/1873
f 1875/1875/1875 1873/1873/1873 1992/1992/1992
f 1992/1992/1992 1993/1993/1993 1875/1875/1875
f 1877/1877/1877 1875/1875/1875 1993/1993/1993
f 1993/1993/1993 1994/1994/1994 1877/1877/1877
f 1879/1879/1879 1877/1877/1877 1994/1994/1994
f 1994/1994/1994 1995/1995/1995 1879/1879/1879
f 1881/1881/1881 1879/1879/1879 1995/1995/1995
f 1995/1995/1995 1996/1996/1996 1881/1881/1881
f 1997/1997/1997 1883/1883/1883 1881/1881/1881
f 1881/1881/1881 1996/1996/1996 1997/1997/1997
f 1998/1998/1998 1999/1999/1999 2000/2000/2000
f 2000/2000/2000 2001/2001/2001 1998/1998/1998
f 1999/1999/1999 2002/2002/2002 2003/2003/2003
f 2003/2003/2003 2000/2000/2000 1999/1999/1999
f 2002/2002/2002 2004/2004/2004 2005/2005/2005
f 2005/2005/2005 2003/2003/2003 2002/2002/2002
f 2004/2004/2004 2006/2006/2006 2007/2007/2007
f 2007/2007/2007 2005/2005/2005 2004/2004/2004
f 2006/2006/2006 2008/2008/2008 2009/2009/2009
f 2009/2009/2009 2007/2007/2007 2006/2006/2006
f 2008/2008/2008 2011/2011/2011 2013/2013/2013
f 2013/2013/2013 2009/2009/2009 2008/2008/2008
f 2011/2011/2011 2014/2014/2014 2015/2015/2015
f 2015/2015/2015 2013/2013/2013 2011/2011/2011
f 2016/2016/2016 2017/2017/2017 1967/1967/1967
f 1967/1967/1967 1970/1970/1970 2016/2016/2016
f 2018/2018/2018 2019/2019/2019 2017/2017/2017
f 2017/2017/2017 2016/2016/2016 2018/2018/2018
f 2020/2020/2020 2021/2021/2021 2019/2019/2019
f 2019/2019/2019 2018/2018/2018 2020/2020/2020
f 2022/2022/2022 2024/2024/2024 2021/2021/2021
f 2021/2021/2021 2020/2020/2020 2022/2022/2022
f 2026/2026/2026 2027/2027/2027 2024/2024/2024
f 2024/2024/2024 2022/2022/2022 2026/2026/2026
f 2028/2028/2028 2029/2029/2029 2027/2027/2027
f 2027/2027/2027 2026/2026/2026 2028/2028/2028
f 2030/2030/2030 2029/2029/2029 2028/2028/2028
f 2028/2028/2028 2031/2031/2031 2030/2030/2030
f 2032/2032/2032 1919/1919/1919 1883/1883/1883
f 1883/1883/1883 1997/1997/1997 2032/2032/2032
f 2033/2033/2033 1921/1921/1921 1919/1919/1919
f 1919/1919/1919 2032/2032/2032 2033/2033/2033
f 2034/2034/2034 1923/1923/1923 1921/1921/1921
f 1921/1921/1921 2033/2033/2033 2034/2034/2034
f 2036/2036/2036 1925/1925/1925 1923/1923/1923
f 1923/1923/1923 2034/2034/2034 2036/2036/2036
f 2037/2037/2037 1928/1928/1928 1925/1925/1925
f 1925/1925/1925 2036/2036/2036 2037/2037/2037
f 2041/2041/2041 1932/1932/1932 1928/1928/1928
f 1928/1928/1928 2037/2037/2037 2041/2041/2041
f 2042/2042/2042 2043/2043/2043 1998/1998/1998
f 1998/1998/1998 2001/2001/2001 2042/2042/2042
f 2044/2044/2044 2045/2045/2045 2043/2043/2043
f 2043/2043/2043 2042/2042/2042 2044/2044/2044
f 2046/2046/2046 2048/2048/2048 2045/2045/2045
f 2045/2045/2045 2044/2044/2044 2046/2046/2046
f 2049/2049/2049 2051/2051/2051 2048/2048/2048
f 2048/2048/2048 2046/2046/2046 2049/2049/2049
f 2052/2052/2052 2054/2054/2054 2051/2051/2051
f 2051/2051/2051 2049/2049/2049 2052/2052/2052
f 2057/2057/2057 2058/2058/2058 2054/2054/2054
f 2054/2054/2054 2052/2052/2052 2057/2057/2057
f 2059/2059/2059 2061/2061/2061 2058/2058/2058
f 2058/2058/2058 2057/2057/2057 2059/2059/2059
f 2062/2062/2062 2063/2063/2063 2064/2064/2064
f 2064/2064/2064 2065/2065/2065 2062/2062/2062
f 2066/2066/2066 2067/2067/2067 2063/2063/2063
f 2063/2063/2063 2062/2062/2062 2066/2066/2066
f 2069/2069/2069 2070/2070/2070 2067/2067/2067
f 2067/2067/2067 2066/2066/2066 2069/2069/2069
f 2073/2073/2073 2074/2074/2074 2070/2070/2070
f 2070/2070/2070 2069/2069/2069 2073/2073/2073
f 2075/2075/2075 2077/2077/2077 2074/2074/2074
f 2074/2074/2074 2073/2073/2073 2075/2075/2075
f 2078/2078/2078 2079/2079/2079 2080/2080/2080
f 2080/2080/2080 2081/2081/2081 2078/2078/2078
f 2082/2082/2082 2083/2083/2083 2079/2079/2079
f 2079/2079/2079 2078/2078/2078 2082/2082/2082
f 2085/2085/2085 2086/2086/2086 2083/2083/2083
f 2083/2083/2083 2082/2082/2082 2085/2085/2085
f 2087/2087/2087 2089/2089/2089 2086/2086/2086
f 2086/2086/2086 2085/2085/2085 2087/2087/2087
f 2090/2090/2090 2091/2091/2091 2089/2089/2089
f 2089/2089/2089 2087/2087/2087 2090/2090/2090
f 2092/2092/2092 2093/2093/2093 2091/2091/2091
f 2091/2091/2091 2090/2090/2090 2092/2092/2092
f 2094/2094/2094 1999/1999/1999 1998/1998/1998
f 1998/1998/1998 2095/2095/2095 2094/2094/2094
f 2096/2096/2096 2002/2002/2002 1999/1999/1999
f 1999/1999/1999 2094/2094/2094 2096/2096/2096
f 2097/2097/2097 2004/2004/2004 2002/2002/2002
f 2002/2002/2002 2096/2096/2096 2097/2097/2097
f 2098/2098/2098 2006/2006/2006 2004/2004/2004
f 2004/2004/2004 2097/2097/2097 2098/2098/2098
f 2100/2100/2100 2008/2008/2008 2006/2006/2006
f 2006/2006/2006 2098/2098/2098 2100/2100/2100
f 2102/2102/2102 2011/2011/2011 2008/2008/2008
f 2008/2008/2008 2100/2100/2100 2102/2102/2102
f 2103/2103/2103 2014/2014/2014 2011/2011/2011
f 2011/2011/2011 2102/2102/2102 2103/2103/2103
f 1998/1998/1998 2043/2043/2043 2104/2104/2104
f 2104/2104/2104 2095/2095/2095 1998/1998/1998
f 2043/2043/2043 2045/2045/2045 2105/2105/2105
f 2105/2105/2105 2104/2104/2104 2043/2043/2043
f 2045/2045/2045 2048/2048/2048 2107/2107/2107
f 2107/2107/2107 2105/2105/2105 2045/2045/2045
f 2048/2048/2048 2051/2051/2051 2108/2108/2108
f 2108/2108/2108 2107/2107/2107 2048/2048/2048
f 2051/2051/2051 2054/2054/2054 2110/2110/2110
f 2110/2110/2110 2108/2108/2108 2051/2051/2051
f 2054/2054/2054 2058/2058/2058 2114/2114/2114
f 2114/2114/2114 2110/2110/2110 2054/2054/2054
f 2058/2058/2058 2061/2061/2061 2115/2115/2115
f 2115/2115/2115 2114/2114/2114 2058/2058/2058
f 2117/2117/2117 2118/2118/2118 2119/2119/2119
f 2119/2119/2119 2120/2120/2120 2117/2117/2117
f 2118/2118/2118 2121/2121/2121 2122/2122/2122
f 2122/2122/2122 2119/2119/2119 2118/2118/2118
f 2121/2121/2121 2124/2124/2124 2127/2127/2127
f 2127/2127/2127 2122/2122/2122 2121/2121/2121
f 2124/2124/2124 2128/2128/2128 2129/2129/2129
f 2129/2129/2129 2127/2127/2127 2124/2124/2124
f 1964/1964/1964 2131/2131/2131 2132/2132/2132
f 2132/2132/2132 1966/1966/1966 1964/1964/1964
f 2131/2131/2131 2134/2134/2134 2136/2136/2136
f 2136/2136/2136 2132/2132/2132 2131/2131/2131
f 1953/1953/1953 1956/1956/1956 2137/2137/2137
f 2137/2137/2137 2138/2138/2138 1953/1953/1953
f 2138/2138/2138 2137/2137/2137 2139/2139/2139
f 2139/2139/2139 2140/2140/2140 2138/2138/2138
f 2140/2140/2140 2139/2139/2139 2141/2141/2141
f 2141/2141/2141 2142/2142/2142 2140/2140/2140
f 2142/2142/2142 2141/2141/2141 2144/2144/2144
f 2144/2144/2144 2145/2145/2145 2142/2142/2142
f 2145/2145/2145 2144/2144/2144 2146/2146/2146
f 2146/2146/2146 2148/2148/2148 2145/2145/2145
f 2148/2148/2148 2146/2146/2146 2149/2149/2149
f 2149/2149/2149 2150/2150/2150 2148/2148/2148
f 2150/2150/2150 2149/2149/2149 2151/2151/2151
f 2151/2151/2151 2152/2152/2152 2150/2150/2150
f 2077/2077/2077 2075/2075/2075 2153/2153/2153
f 2153/2153/2153 2155/2155/2155 2077/2077/2077
f 2155/2155/2155 2153/2153/2153 2156/2156/2156
f 2156/2156/2156 2158/2158/2158 2155/2155/2155
f 2064/2064/2064 2159/2159/2159 2160/2160/2160
f 2160/2160/2160 2065/2065/2065 2064/2064/2064
f 2159/2159/2159 2161/2161/2161 2162/2162/2162
f 2162/2162/2162 2160/2160/2160 2159/2159/2159
f 2161/2161/2161 2163/2163/2163 2164/2164/2164
f 2164/2164/2164 2162/2162/2162 2161/2161/2161
f 2163/2163/2163 2165/2165/2165 2166/2166/2166
f 2166/2166/2166 2164/2164/2164 2163/2163/2163
f 2165/2165/2165 2168/2168/2168 2169/2169/2169
f 2169/2169/2169 2166/2166/2166 2165/2165/2165
f 2168/2168/2168 2171/2171/2171 2172/2172/2172
f 2172/2172/2172 2169/2169/2169 2168/2168/2168
f 2171/2171/2171 2173/2173/2173 2174/2174/2174
f 2174/2174/2174 2172/2172/2172 2171/2171/2171
f 2128/2128/2128 2175/2175/2175 2176/2176/2176
f 2176/2176/2176 2129/2129/2129 2128/2128/2128
f 2175/2175/2175 2178/2178/2178 2180/2180/2180
f 2180/2180/2180 2176/2176/2176 2175/2175/2175
f 2181/2181/2181 2182/2182/2182 2183/2183/2183
f 2183/2183/2183 2184/2184/2184 2181/2181/2181
f 2182/2182/2182 2185/2185/2185 2186/2186/2186
f 2186/2186/2186 2183/2183/2183 2182/2182/2182
f 2185/2185/2185 2187/2187/2187 2188/2188/2188
f 2188/2188/2188 2186/2186/2186 2185/2185/2185
f 2187/2187/2187 2189/2189/2189 2190/2190/2190
f 2190/2190/2190 2188/2188/2188 2187/2187/2187
f 2189/2189/2189 2191/2191/2191 2192/2192/2192
f 2192/2192/2192 2190/2190/2190 2189/2189/2189
f 2191/2191/2191 2194/2194/2194 2195/2195/2195
f 2195/2195/2195 2192/2192/2192 2191/2191/2191
f 2194/2194/2194 2197/2197/2197 2198/2198/2198
f 2198/2198/2198 2195/2195/2195 2194/2194/2194
f 2199/2199/2199 2200/2200/2200 2201/2201/2201
f 2201/2201/2201 2202/2202/2202 2199/2199/2199
f 2203/2203/2203 2199/2199/2199 2202/2202/2202
f 2202/2202/2202 2204/2204/2204 2203/2203/2203
f 2205/2205/2205 2203/2203/2203 2204/2204/2204
f 2204/2204/2204 2206/2206/2206 2205/2205/2205
f 2207/2207/2207 2205/2205/2205 2206/2206/2206
f 2206/2206/2206 2208/2208/2208 2207/2207/2207
f 2209/2209/2209 2207/2207/2207 2208/2208/2208
f 2208/2208/2208 2210/2210/2210 2209/2209/2209
f 2211/2211/2211 2209/2209/2209 2210/2210/2210
f 2210/2210/2210 2212/2212/2212 2211/2211/2211
f 2213/2213/2213 2211/2211/2211 2212/2212/2212
f 2212/2212/2212 2214/2214/2214 2213/2213/2213
f 2215/2215/2215 2216/2216/2216 2213/2213/2213
f 2213/2213/2213 2214/2214/2214 2215/2215/2215
f 1887/1887/1887 1886/1886/1886 2217/2217/2217
f 2217/2217/2217 2218/2218/2218 1887/1887/1887
f 1886/1886/1886 1890/1890/1890 2219/2219/2219
f 2219/2219/2219 2217/2217/2217 1886/1886/1886
f 1890/1890/1890 1892/1892/1892 2220/2220/2220
f 2220/2220/2220 2219/2219/2219 1890/1890/1890
f 1892/1892/1892 1894/1894/1894 2221/2221/2221
f 2221/2221/2221 2220/2220/2220 1892/1892/1892
f 1894/1894/1894 1897/1897/1897 2224/2224/2224
f 2224/2224/2224 2221/2221/2221 1894/1894/1894
f 1897/1897/1897 1900/1900/1900 2225/2225/2225
f 2225/2225/2225 2224/2224/2224 1897/1897/1897
f 1900/1900/1900 1902/1902/1902 2227/2227/2227
f 2227/2227/2227 2225/2225/2225 1900/1900/1900
f 2229/2229/2229 2232/2232/2232 2235/2235/2235
f 2235/2235/2235 2237/2237/2237 2229/2229/2229
f 2232/2232/2232 2239/2239/2239 2241/2241/2241
f 2241/2241/2241 2235/2235/2235 2232/2232/2232
f 2243/2243/2243 2244/2244/2244 2245/2245/2245
f 2245/2245/2245 2246/2246/2246 2243/2243/2243
f 2247/2247/2247 2244/2244/2244 2243/2243/2243
f 2243/2243/2243 2249/2249/2249 2247/2247/2247
f 2250/2250/2250 2247/2247/2247 2249/2249/2249
f 2249/2249/2249 2252/2252/2252 2250/2250/2250
f 2254/2254/2254 2251/2251/2251 2253/2253/2253
f 2253/2253/2253 2255/2255/2255 2254/2254/2254
f 2256/2256/2256 2254/2254/2254 2255/2255/2255
f 2255/2255/2255 2257/2257/2257 2256/2256/2256
f 2258/2258/2258 2256/2256/2256 2257/2257/2257
f 2257/2257/2257 2259/2259/2259 2258/2258/2258
f 2260/2260/2260 2261/2261/2261 2181/2181/2181
f 2181/2181/2181 2184/2184/2184 2260/2260/2260
f 2262/2262/2262 2263/2263/2263 2261/2261/2261
f 2261/2261/2261 2260/2260/2260 2262/2262/2262
f 2264/2264/2264 2265/2265/2265 2263/2263/2263
f 2263/2263/2263 2262/2262/2262 2264/2264/2264
f 2266/2266/2266 2268/2268/2268 2265/2265/2265
f 2265/2265/2265 2264/2264/2264 2266/2266/2266
f 2269/2269/2269 2272/2272/2272 2268/2268/2268
f 2268/2268/2268 2266/2266/2266 2269/2269/2269
f 2275/2275/2275 2276/2276/2276 2272/2272/2272
f 2272/2272/2272 2269/2269/2269 2275/2275/2275
f 2277/2277/2277 2276/2276/2276 2275/2275/2275
f 2275/2275/2275 2279/2279/2279 2277/2277/2277
f 2280/2280/2280 2281/2281/2281 2216/2216/2216
f 2216/2216/2216 2215/2215/2215 2280/2280/2280
f 2282/2282/2282 2283/2283/2283 2281/2281/2281
f 2281/2281/2281 2280/2280/2280 2282/2282/2282
f 2284/2284/2284 2286/2286/2286 2283/2283/2283
f 2283/2283/2283 2282/2282/2282 2284/2284/2284
f 2288/2288/2288 2290/2290/2290 2287/2287/2287
f 2287/2287/2287 2285/2285/2285 2288/2288/2288
f 2292/2292/2292 2293/2293/2293 2290/2290/2290
f 2290/2290/2290 2288/2288/2288 2292/2292/2292
f 2294/2294/2294 2295/2295/2295 2293/2293/2293
f 2293/2293/2293 2292/2292/2292 2294/2294/2294
f 2296/2296/2296 1935/1935/1935 1887/1887/1887
f 1887/1887/1887 2218/2218/2218 2296/2296/2296
f 2297/2297/2297 1937/1937/1937 1935/1935/1935
f 1935/1935/1935 2296/2296/2296 2297/2297/2297
f 2298/2298/2298 1939/1939/1939 1937/1937/1937
f 1937/1937/1937 2297/2297/2297 2298/2298/2298
f 2300/2300/2300 1941/1941/1941 1939/1939/1939
f 1939/1939/1939 2298/2298/2298 2300/2300/2300
f 2301/2301/2301 1943/1943/1943 1941/1941/1941
f 1941/1941/1941 2300/2300/2300 2301/2301/2301
f 2303/2303/2303 1946/1946/1946 1943/1943/1943
f 1943/1943/1943 2301/2301/2301 2303/2303/2303
f 2305/2305/2305 1950/1950/1950 1946/1946/1946
f 1946/1946/1946 2303/2303/2303 2305/2305/2305
f 2307/2307/2307 2308/2308/2308 2309/2309/2309
f 2309/2309/2309 2310/2310/2310 2307/2307/2307
f 2311/2311/2311 2312/2312/2312 2313/2313/2313
f 2313/2313/2313 2314/2314/2314 2311/2311/2311
f 2315/2315/2315 2307/2307/2307 2310/2310/2310
f 2310/2310/2310 2316/2316/2316 2315/2315/2315
f 2317/2317/2317 2318/2318/2318 2312/2312/2312
f 2312/2312/2312 2311/2311/2311 2317/2317/2317
f 2319/2319/2319 2315/2315/2315 2316/2316/2316
f 2316/2316/2316 2320/2320/2320 2319/2319/2319
f 2322/2322/2322 2323/2323/2323 2318/2318/2318
f 2318/2318/2318 2317/2317/2317 2322/2322/2322
f 2325/2325/2325 2319/2319/2319 2320/2320/2320
f 2320/2320/2320 2327/2327/2327 2325/2325/2325
f 2328/2328/2328 2331/2331/2331 2323/2323/2323
f 2323/2323/2323 2322/2322/2322 2328/2328/2328
f 2237/2237/2237 2325/2325/2325 2327/2327/2327
f 2327/2327/2327 2229/2229/2229 2237/2237/2237
f 2332/2332/2332 2331/2331/2331 2328/2328/2328
f 2328/2328/2328 2334/2334/2334 2332/2332/2332
f 2336/2336/2336 2332/2332/2332 2334/2334/2334
f 2334/2334/2334 2339/2339/2339 2336/2336/2336
f 2340/2340/2340 2341/2341/2341 2342/2342/2342
f 2342/2342/2342 2343/2343/2343 2340/2340/2340
f 2343/2343/2343 2342/2342/2342 2344/2344/2344
f 2344/2344/2344 2345/2345/2345 2343/2343/2343
f 2346/2346/2346 2347/2347/2347 2345/2345/2345
f 2345/2345/2345 2344/2344/2344 2346/2346/2346
f 2348/2348/2348 2349/2349/2349 2347/2347/2347
f 2347/2347/2347 2346/2346/2346 2348/2348/2348
f 2350/2350/2350 2351/2351/2351 2349/2349/2349
f 2349/2349/2349 2348/2348/2348 2350/2350/2350
f 2352/2352/2352 2353/2353/2353 2351/2351/2351
f 2351/2351/2351 2350/2350/2350 2352/2352/2352
f 2354/2354/2354 2355/2355/2355 2353/2353/2353
f 2353/2353/2353 2352/2352/2352 2354/2354/2354
f 2356/2356/2356 2357/2357/2357 2081/2081/2081
f 2081/2081/2081 2080/2080/2080 2356/2356/2356
f 2358/2358/2358 2117/2117/2117 2120/2120/2120
f 2120/2120/2120 2359/2359/2359 2358/2358/2358
f 2360/2360/2360 2361/2361/2361 2362/2362/2362
f 2362/2362/2362 2363/2363/2363 2360/2360/2360
f 2361/2361/2361 2364/2364/2364 2365/2365/2365
f 2365/2365/2365 2362/2362/2362 2361/2361/2361
f 2364/2364/2364 2366/2366/2366 2367/2367/2367
f 2367/2367/2367 2365/2365/2365 2364/2364/2364
f 2366/2366/2366 2368/2368/2368 2369/2369/2369
f 2369/2369/2369 2367/2367/2367 2366/2366/2366
f 2368/2368/2368 2370/2370/2370 2371/2371/2371
f 2371/2371/2371 2369/2369/2369 2368/2368/2368
f 2370/2370/2370 2373/2373/2373 2375/2375/2375
f 2375/2375/2375 2371/2371/2371 2370/2370/2370
f 2373/2373/2373 2376/2376/2376 2378/2378/2378
f 2378/2378/2378 2375/2375/2375 2373/2373/2373
f 2379/2379/2379 2380/2380/2380 2382/2382/2382
f 2382/2382/2382 2384/2384/2384 2379/2379/2379
f 2385/2385/2385 2379/2379/2379 2384/2384/2384
f 2384/2384/2384 2386/2386/2386 2385/2385/2385
f 2388/2388/2388 2385/2385/2385 2386/2386/2386
f 2386/2386/2386 2389/2389/2389 2388/2388/2388
f 2390/2390/2390 2388/2388/2388 2389/2389/2389
f 2389/2389/2389 2391/2391/2391 2390/2390/2390
f 2392/2392/2392 2390/2390/2390 2391/2391/2391
f 2391/2391/2391 2393/2393/2393 2392/2392/2392
f 2394/2394/2394 2392/2392/2392 2393/2393/2393
f 2393/2393/2393 2395/2395/2395 2394/2394/2394
f 2396/2396/2396 2394/2394/2394 2395/2395/2395
f 2395/2395/2395 2363/2363/2363 2396/2396/2396
f 2397/2397/2397 2398/2398/2398 2396/2396/2396
f 2396/2396/2396 2363/2363/2363 2397/2397/2397
f 2399/2399/2399 2363/2363/2363 2400/2400/2400
f 2400/2400/2400 2401/2401/2401 2399/2399/2399
f 2402/2402/2402 2399/2399/2399 2401/2401/2401
f 2401/2401/2401 2403/2403/2403 2402/2402/2402
f 2404/2404/2404 2402/2402/2402 2403/2403/2403
f 2403/2403/2403 2405/2405/2405 2404/2404/2404
f 2406/2406/2406 2404/2404/2404 2405/2405/2405
f 2405/2405/2405 2407/2407/2407 2406/2406/2406
f 2408/2408/2408 2406/2406/2406 2407/2407/2407
f 2407/2407/2407 2410/2410/2410 2408/2408/2408
f 2411/2411/2411 2408/2408/2408 2410/2410/2410
f 2410/2410/2410 2413/2413/2413 2411/2411/2411
f 2414/2414/2414 2411/2411/2411 2413/2413/2413
f 2413/2413/2413 2416/2416/2416 2414/2414/2414
f 2395/2395/2395 2417/2417/2417 2360/2360/2360
f 2360/2360/2360 2363/2363/2363 2395/2395/2395
f 2393/2393/2393 2418/2418/2418 2417/2417/2417
f 2417/2417/2417 2395/2395/2395 2393/2393/2393
f 2391/2391/2391 2419/2419/2419 2418/2418/2418
f 2418/2418/2418 2393/2393/2393 2391/2391/2391
f 2389/2389/2389 2420/2420/2420 2419/2419/2419
f 2419/2419/2419 2391/2391/2391 2389/2389/2389
f 2387/2387/2387 2421/2421/2421 2420/2420/2420
f 2420/2420/2420 2389/2389/2389 2387/2387/2387
f 2383/2383/2383 2422/2422/2422 2421/2421/2421
f 2421/2421/2421 2387/2387/2387 2383/2383/2383
f 2381/2381/2381 2423/2423/2423 2422/2422/2422
f 2422/2422/2422 2383/2383/2383 2381/2381/2381
f 2424/2424/2424 2425/2425/2425 2398/2398/2398
f 2398/2398/2398 2397/2397/2397 2424/2424/2424
f 2426/2426/2426 2427/2427/2427 2425/2425/2425
f 2425/2425/2425 2424/2424/2424 2426/2426/2426
f 2428/2428/2428 2429/2429/2429 2427/2427/2427
f 2427/2427/2427 2426/2426/2426 2428/2428/2428
f 2431/2431/2431 2432/2432/2432 2429/2429/2429
f 2429/2429/2429 2428/2428/2428 2431/2431/2431
f 2433/2433/2433 2435/2435/2435 2432/2432/2432
f 2432/2432/2432 2431/2431/2431 2433/2433/2433
f 2436/2436/2436 2438/2438/2438 2435/2435/2435
f 2435/2435/2435 2433/2433/2433 2436/2436/2436
f 2362/2362/2362 2439/2439/2439 2400/2400/2400
f 2400/2400/2400 2363/2363/2363 2362/2362/2362
f 2365/2365/2365 2440/2440/2440 2439/2439/2439
f 2439/2439/2439 2362/2362/2362 2365/2365/2365
f 2367/2367/2367 2441/2441/2441 2440/2440/2440
f 2440/2440/2440 2365/2365/2365 2367/2367/2367
f 2369/2369/2369 2442/2442/2442 2441/2441/2441
f 2441/2441/2441 2367/2367/2367 2369/2369/2369
f 2372/2372/2372 2443/2443/2443 2442/2442/2442
f 2442/2442/2442 2369/2369/2369 2372/2372/2372
f 2374/2374/2374 2444/2444/2444 2443/2443/2443
f 2443/2443/2443 2372/2372/2372 2374/2374/2374
f 2377/2377/2377 2445/2445/2445 2444/2444/2444
f 2444/2444/2444 2374/2374/2374 2377/2377/2377
f 2399/2399/2399 2446/2446/2446 2447/2447/2447
f 2447/2447/2447 2363/2363/2363 2399/2399/2399
f 2402/2402/2402 2448/2448/2448 2446/2446/2446
f 2446/2446/2446 2399/2399/2399 2402/2402/2402
f 2404/2404/2404 2449/2449/2449 2448/2448/2448
f 2448/2448/2448 2402/2402/2402 2404/2404/2404
f 2406/2406/2406 2450/2450/2450 2449/2449/2449
f 2449/2449/2449 2404/2404/2404 2406/2406/2406
f 2409/2409/2409 2451/2451/2451 2450/2450/2450
f 2450/2450/2450 2406/2406/2406 2409/2409/2409
f 2452/2452/2452 2453/2453/2453 2454/2454/2454
f 2454/2454/2454 2455/2455/2455 2452/2452/2452
f 2456/2456/2456 2457/2457/2457 2453/2453/2453
f 2453/2453/2453 2452/2452/2452 2456/2456/2456
f 2458/2458/2458 2459/2459/2459 2457/2457/2457
f 2457/2457/2457 2456/2456/2456 2458/2458/2458
f 2461/2461/2461 2462/2462/2462 2459/2459/2459
f 2459/2459/2459 2458/2458/2458 2461/2461/2461
f 2463/2463/2463 2465/2465/2465 2462/2462/2462
f 2462/2462/2462 2461/2461/2461 2463/2463/2463
f 2466/2466/2466 2467/2467/2467 2465/2465/2465
f 2465/2465/2465 2463/2463/2463 2466/2466/2466
f 2468/2468/2468 2469/2469/2469 2467/2467/2467
f 2467/2467/2467 2466/2466/2466 2468/2468/2468
f 2470/2470/2470 2380/2380/2380 2379/2379/2379
f 2379/2379/2379 2474/2474/2474 2470/2470/2470
f 2474/2474/2474 2379/2379/2379 2385/2385/2385
f 2385/2385/2385 2475/2475/2475 2474/2474/2474
f 2475/2475/2475 2385/2385/2385 2388/2388/2388
f 2388/2388/2388 2477/2477/2477 2475/2475/2475
f 2477/2477/2477 2388/2388/2388 2390/2390/2390
f 2390/2390/2390 2478/2478/2478 2477/2477/2477
f 2478/2478/2478 2390/2390/2390 2392/2392/2392
f 2392/2392/2392 2479/2479/2479 2478/2478/2478
f 2479/2479/2479 2392/2392/2392 2394/2394/2394
f 2394/2394/2394 2480/2480/2480 2479/2479/2479
f 2480/2480/2480 2394/2394/2394 2396/2396/2396
f 2396/2396/2396 2481/2481/2481 2480/2480/2480
f 2396/2396/2396 2398/2398/2398 2482/2482/2482
f 2482/2482/2482 2481/2481/2481 2396/2396/2396
f 2483/2483/2483 2484/2484/2484 2485/2485/2485
f 2485/2485/2485 2486/2486/2486 2483/2483/2483
f 2487/2487/2487 2488/2488/2488 2484/2484/2484
f 2484/2484/2484 2483/2483/2483 2487/2487/2487
f 2489/2489/2489 2490/2490/2490 2488/2488/2488
f 2488/2488/2488 2487/2487/2487 2489/2489/2489
f 2491/2491/2491 2492/2492/2492 2490/2490/2490
f 2490/2490/2490 2489/2489/2489 2491/2491/2491
f 2494/2494/2494 2495/2495/2495 2492/2492/2492
f 2492/2492/2492 2491/2491/2491 2494/2494/2494
f 2496/2496/2496 2498/2498/2498 2495/2495/2495
f 2495/2495/2495 2494/2494/2494 2496/2496/2496
f 2499/2499/2499 2500/2500/2500 2498/2498/2498
f 2498/2498/2498 2496/2496/2496 2499/2499/2499
f 2454/2454/2454 2501/2501/2501 2502/2502/2502
f 2502/2502/2502 2455/2455/2455 2454/2454/2454
f 2501/2501/2501 2503/2503/2503 2504/2504/2504
f 2504/2504/2504 2502/2502/2502 2501/2501/2501
f 2503/2503/2503 2505/2505/2505 2506/2506/2506
f 2506/2506/2506 2504/2504/2504 2503/2503/2503
f 2505/2505/2505 2507/2507/2507 2508/2508/2508
f 2508/2508/2508 2506/2506/2506 2505/2505/2505
f 2507/2507/2507 2510/2510/2510 2511/2511/2511
f 2511/2511/2511 2508/2508/2508 2507/2507/2507
f 2510/2510/2510 2513/2513/2513 2514/2514/2514
f 2514/2514/2514 2511/2511/2511 2510/2510/2510
f 2513/2513/2513 2515/2515/2515 2516/2516/2516
f 2516/2516/2516 2514/2514/2514 2513/2513/2513
f 2398/2398/2398 2425/2425/2425 2517/2517/2517
f 2517/2517/2517 2482/2482/2482 2398/2398/2398
f 2425/2425/2425 2427/2427/2427 2518/2518/2518
f 2518/2518/2518 2517/2517/2517 2425/2425/2425
f 2427/2427/2427 2429/2429/2429 2519/2519/2519
f 2519/2519/2519 2518/2518/2518 2427/2427/2427
f 2429/2429/2429 2432/2432/2432 2520/2520/2520
f 2520/2520/2520 2519/2519/2519 2429/2429/2429
f 2432/2432/2432 2435/2435/2435 2524/2524/2524
f 2524/2524/2524 2520/2520/2520 2432/2432/2432
f 2435/2435/2435 2438/2438/2438 2525/2525/2525
f 2525/2525/2525 2524/2524/2524 2435/2435/2435
f 2485/2485/2485 2527/2527/2527 2528/2528/2528
f 2528/2528/2528 2486/2486/2486 2485/2485/2485
f 2527/2527/2527 2529/2529/2529 2530/2530/2530
f 2530/2530/2530 2528/2528/2528 2527/2527/2527
f 2529/2529/2529 2531/2531/2531 2532/2532/2532
f 2532/2532/2532 2530/2530/2530 2529/2529/2529
f 2531/2531/2531 2534/2534/2534 2536/2536/2536
f 2536/2536/2536 2532/2532/2532 2531/2531/2531
f 2534/2534/2534 2537/2537/2537 2538/2538/2538
f 2538/2538/2538 2536/2536/2536 2534/2534/2534
f 2537/2537/2537 2540/2540/2540 2543/2543/2543
f 2543/2543/2543 2538/2538/2538 2537/2537/2537
f 2540/2540/2540 2544/2544/2544 2546/2546/2546
f 2546/2546/2546 2543/2543/2543 2540/2540/2540
f 2547/2547/2547 2548/2548/2548 2549/2549/2549
f 2549/2549/2549 2550/2550/2550 2547/2547/2547
f 2548/2548/2548 2551/2551/2551 2552/2552/2552
f 2552/2552/2552 2549/2549/2549 2548/2548/2548
f 2551/2551/2551 2553/2553/2553 2555/2555/2555
f 2555/2555/2555 2552/2552/2552 2551/2551/2551
f 2553/2553/2553 2556/2556/2556 2558/2558/2558
f 2558/2558/2558 2555/2555/2555 2553/2553/2553
f 2556/2556/2556 2560/2560/2560 2561/2561/2561
f 2561/2561/2561 2558/2558/2558 2556/2556/2556
f 2563/2563/2563 2564/2564/2564 2565/2565/2565
f 2565/2565/2565 2566/2566/2566 2563/2563/2563
f 2564/2564/2564 2567/2567/2567 2568/2568/2568
f 2568/2568/2568 2565/2565/2565 2564/2564/2564
f 2567/2567/2567 2569/2569/2569 2571/2571/2571
f 2571/2571/2571 2568/2568/2568 2567/2567/2567
f 2569/2569/2569 2572/2572/2572 2573/2573/2573
f 2573/2573/2573 2571/2571/2571 2569/2569/2569
f 2572/2572/2572 2575/2575/2575 2576/2576/2576
f 2576/2576/2576 2573/2573/2573 2572/2572/2572
f 2575/2575/2575 2577/2577/2577 2578/2578/2578
f 2578/2578/2578 2576/2576/2576 2575/2575/2575
f 2485/2485/2485 2484/2484/2484 2579/2579/2579
f 2579/2579/2579 2095/2095/2095 2485/2485/2485
f 2484/2484/2484 2488/2488/2488 2580/2580/2580
f 2580/2580/2580 2579/2579/2579 2484/2484/2484
f 2488/2488/2488 2490/2490/2490 2581/2581/2581
f 2581/2581/2581 2580/2580/2580 2488/2488/2488
f 2490/2490/2490 2492/2492/2492 2582/2582/2582
f 2582/2582/2582 2581/2581/2581 2490/2490/2490
f 2492/2492/2492 2495/2495/2495 2584/2584/2584
f 2584/2584/2584 2582/2582/2582 2492/2492/2492
f 2495/2495/2495 2498/2498/2498 2586/2586/2586
f 2586/2586/2586 2584/2584/2584 2495/2495/2495
f 2498/2498/2498 2500/2500/2500 2587/2587/2587
f 2587/2587/2587 2586/2586/2586 2498/2498/2498
f 2588/2588/2588 2527/2527/2527 2485/2485/2485
f 2485/2485/2485 2095/2095/2095 2588/2588/2588
f 2589/2589/2589 2529/2529/2529 2527/2527/2527
f 2527/2527/2527 2588/2588/2588 2589/2589/2589
f 2591/2591/2591 2531/2531/2531 2529/2529/2529
f 2529/2529/2529 2589/2589/2589 2591/2591/2591
f 2592/2592/2592 2534/2534/2534 2531/2531/2531
f 2531/2531/2531 2591/2591/2591 2592/2592/2592
f 2595/2595/2595 2537/2537/2537 2534/2534/2534
f 2534/2534/2534 2592/2592/2592 2595/2595/2595
f 2597/2597/2597 2540/2540/2540 2537/2537/2537
f 2537/2537/2537 2595/2595/2595 2597/2597/2597
f 2599/2599/2599 2544/2544/2544 2540/2540/2540
f 2540/2540/2540 2597/2597/2597 2599/2599/2599
f 2601/2601/2601 2602/2602/2602 2603/2603/2603
f 2603/2603/2603 2604/2604/2604 2601/2601/2601
f 2605/2605/2605 2607/2607/2607 2602/2602/2602
f 2602/2602/2602 2601/2601/2601 2605/2605/2605
f 2608/2608/2608 2611/2611/2611 2607/2607/2607
f 2607/2607/2607 2605/2605/2605 2608/2608/2608
f 2612/2612/2612 2614/2614/2614 2611/2611/2611
f 2611/2611/2611 2608/2608/2608 2612/2612/2612
f 2451/2451/2451 2409/2409/2409 2412/2412/2412
f 2412/2412/2412 2615/2615/2615 2451/2451/2451
f 2615/2615/2615 2412/2412/2412 2415/2415/2415
f 2415/2415/2415 2616/2616/2616 2615/2615/2615
f 2397/2397/2397 2363/2363/2363 2447/2447/2447
f 2447/2447/2447 2617/2617/2617 2397/2397/2397
f 2424/2424/2424 2397/2397/2397 2617/2617/2617
f 2617/2617/2617 2618/2618/2618 2424/2424/2424
f 2426/2426/2426 2424/2424/2424 2618/2618/2618
f 2618/2618/2618 2619/2619/2619 2426/2426/2426
f 2428/2428/2428 2426/2426/2426 2619/2619/2619
f 2619/2619/2619 2620/2620/2620 2428/2428/2428
f 2430/2430/2430 2428/2428/2428 2620/2620/2620
f 2620/2620/2620 2621/2621/2621 2430/2430/2430
f 2434/2434/2434 2430/2430/2430 2621/2621/2621
f 2621/2621/2621 2622/2622/2622 2434/2434/2434
f 2437/2437/2437 2434/2434/2434 2622/2622/2622
f 2622/2622/2622 2623/2623/2623 2437/2437/2437
f 2624/2624/2624 2561/2561/2561 2560/2560/2560
f 2560/2560/2560 2626/2626/2626 2624/2624/2624
f 2627/2627/2627 2624/2624/2624 2626/2626/2626
f 2626/2626/2626 2629/2629/2629 2627/2627/2627
f 2547/2547/2547 2550/2550/2550 2630/2630/2630
f 2630/2630/2630 2631/2631/2631 2547/2547/2547
f 2631/2631/2631 2630/2630/2630 2632/2632/2632
f 2632/2632/2632 2633/2633/2633 2631/2631/2631
f 2633/2633/2633 2632/2632/2632 2634/2634/2634
f 2634/2634/2634 2635/2635/2635 2633/2633/2633
f 2635/2635/2635 2634/2634/2634 2637/2637/2637
f 2637/2637/2637 2638/2638/2638 2635/2635/2635
f 2638/2638/2638 2637/2637/2637 2640/2640/2640
f 2640/2640/2640 2641/2641/2641 2638/2638/2638
f 2641/2641/2641 2640/2640/2640 2642/2642/2642
f 2642/2642/2642 2643/2643/2643 2641/2641/2641
f 2643/2643/2643 2642/2642/2642 2644/2644/2644
f 2644/2644/2644 2645/2645/2645 2643/2643/2643
f 2614/2614/2614 2612/2612/2612 2647/2647/2647
f 2647/2647/2647 2648/2648/2648 2614/2614/2614
f 2648/2648/2648 2647/2647/2647 2650/2650/2650
f 2650/2650/2650 2651/2651/2651 2648/2648/2648
f 2652/2652/2652 2653/2653/2653 2654/2654/2654
f 2654/2654/2654 2655/2655/2655 2652/2652/2652
f 2656/2656/2656 2657/2657/2657 2653/2653/2653
f 2653/2653/2653 2652/2652/2652 2656/2656/2656
f 2658/2658/2658 2659/2659/2659 2657/2657/2657
f 2657/2657/2657 2656/2656/2656 2658/2658/2658
f 2660/2660/2660 2661/2661/2661 2659/2659/2659
f 2659/2659/2659 2658/2658/2658 2660/2660/2660
f 2662/2662/2662 2664/2664/2664 2661/2661/2661
f 2661/2661/2661 2660/2660/2660 2662/2662/2662
f 2666/2666/2666 2667/2667/2667 2664/2664/2664
f 2664/2664/2664 2662/2662/2662 2666/2666/2666
f 2668/2668/2668 2670/2670/2670 2667/2667/2667
f 2667/2667/2667 2666/2666/2666 2668/2668/2668
f 2671/2671/2671 2673/2673/2673 2674/2674/2674
f 2674/2674/2674 2675/2675/2675 2671/2671/2671
f 2675/2675/2675 2674/2674/2674 2677/2677/2677
f 2677/2677/2677 2679/2679/2679 2675/2675/2675
f 2679/2679/2679 2677/2677/2677 2680/2680/2680
f 2680/2680/2680 2681/2681/2681 2679/2679/2679
f 2681/2681/2681 2680/2680/2680 2682/2682/2682
f 2682/2682/2682 2683/2683/2683 2681/2681/2681
f 2683/2683/2683 2682/2682/2682 2684/2684/2684
f 2684/2684/2684 2685/2685/2685 2683/2683/2683
f 2685/2685/2685 2684/2684/2684 2686/2686/2686
f 2686/2686/2686 2687/2687/2687 2685/2685/2685
f 2687/2687/2687 2686/2686/2686 2688/2688/2688
f 2688/2688/2688 2655/2655/2655 2687/2687/2687
f 2689/2689/2689 2655/2655/2655 2688/2688/2688
f 2688/2688/2688 2690/2690/2690 2689/2689/2689
f 2691/2691/2691 2401/2401/2401 2400/2400/2400
f 2400/2400/2400 2655/2655/2655 2691/2691/2691
f 2692/2692/2692 2403/2403/2403 2401/2401/2401
f 2401/2401/2401 2691/2691/2691 2692/2692/2692
f 2693/2693/2693 2405/2405/2405 2403/2403/2403
f 2403/2403/2403 2692/2692/2692 2693/2693/2693
f 2694/2694/2694 2407/2407/2407 2405/2405/2405
f 2405/2405/2405 2693/2693/2693 2694/2694/2694
f 2696/2696/2696 2410/2410/2410 2407/2407/2407
f 2407/2407/2407 2694/2694/2694 2696/2696/2696
f 2697/2697/2697 2413/2413/2413 2410/2410/2410
f 2410/2410/2410 2696/2696/2696 2697/2697/2697
f 2699/2699/2699 2416/2416/2416 2413/2413/2413
f 2413/2413/2413 2697/2697/2697 2699/2699/2699
f 2701/2701/2701 2698/2698/2698 2695/2695/2695
f 2695/2695/2695 2703/2703/2703 2701/2701/2701
f 2705/2705/2705 2700/2700/2700 2698/2698/2698
f 2698/2698/2698 2701/2701/2701 2705/2705/2705
f 2707/2707/2707 2709/2709/2709 2711/2711/2711
f 2711/2711/2711 2712/2712/2712 2707/2707/2707
f 2707/2707/2707 2712/2712/2712 2713/2713/2713
f 2713/2713/2713 2714/2714/2714 2707/2707/2707
f 2714/2714/2714 2713/2713/2713 2716/2716/2716
f 2716/2716/2716 2718/2718/2718 2714/2714/2714
f 2719/2719/2719 2717/2717/2717 2720/2720/2720
f 2720/2720/2720 2721/2721/2721 2719/2719/2719
f 2721/2721/2721 2720/2720/2720 2722/2722/2722
f 2722/2722/2722 2723/2723/2723 2721/2721/2721
f 2723/2723/2723 2722/2722/2722 2724/2724/2724
f 2724/2724/2724 2725/2725/2725 2723/2723/2723
f 2687/2687/2687 2655/2655/2655 2654/2654/2654
f 2654/2654/2654 2726/2726/2726 2687/2687/2687
f 2685/2685/2685 2687/2687/2687 2726/2726/2726
f 2726/2726/2726 2727/2727/2727 2685/2685/2685
f 2683/2683/2683 2685/2685/2685 2727/2727/2727
f 2727/2727/2727 2728/2728/2728 2683/2683/2683
f 2681/2681/2681 2683/2683/2683 2728/2728/2728
f 2728/2728/2728 2729/2729/2729 2681/2681/2681
f 2678/2678/2678 2681/2681/2681 2729/2729/2729
f 2729/2729/2729 2730/2730/2730 2678/2678/2678
f 2730/2730/2730 2731/2731/2731 2676/2676/2676
f 2676/2676/2676 2678/2678/2678 2730/2730/2730
f 2731/2731/2731 2732/2732/2732 2672/2672/2672
f 2672/2672/2672 2676/2676/2676 2731/2731/2731
f 2733/2733/2733 2689/2689/2689 2690/2690/2690
f 2690/2690/2690 2734/2734/2734 2733/2733/2733
f 2735/2735/2735 2733/2733/2733 2734/2734/2734
f 2734/2734/2734 2736/2736/2736 2735/2735/2735
f 2737/2737/2737 2735/2735/2735 2736/2736/2736
f 2736/2736/2736 2739/2739/2739 2737/2737/2737
f 2741/2741/2741 2738/2738/2738 2740/2740/2740
f 2740/2740/2740 2743/2743/2743 2741/2741/2741
f 2744/2744/2744 2741/2741/2741 2743/2743/2743
f 2743/2743/2743 2746/2746/2746 2744/2744/2744
f 2747/2747/2747 2744/2744/2744 2746/2746/2746
f 2746/2746/2746 2749/2749/2749 2747/2747/2747
f 2652/2652/2652 2655/2655/2655 2400/2400/2400
f 2400/2400/2400 2439/2439/2439 2652/2652/2652
f 2656/2656/2656 2652/2652/2652 2439/2439/2439
f 2439/2439/2439 2440/2440/2440 2656/2656/2656
f 2658/2658/2658 2656/2656/2656 2440/2440/2440
f 2440/2440/2440 2441/2441/2441 2658/2658/2658
f 2441/2441/2441 2442/2442/2442 2660/2660/2660
f 2660/2660/2660 2658/2658/2658 2441/2441/2441
f 2442/2442/2442 2443/2443/2443 2663/2663/2663
f 2663/2663/2663 2660/2660/2660 2442/2442/2442
f 2443/2443/2443 2444/2444/2444 2665/2665/2665
f 2665/2665/2665 2663/2663/2663 2443/2443/2443
f 2444/2444/2444 2445/2445/2445 2669/2669/2669
f 2669/2669/2669 2665/2665/2665 2444/2444/2444
f 2750/2750/2750 2751/2751/2751 2752/2752/2752
f 2752/2752/2752 2691/2691/2691 2750/2750/2750
f 2655/2655/2655 2750/2750/2750 2691/2691/2691
f 2723/2723/2723 2725/2725/2725 2689/2689/2689
f 2689/2689/2689 2733/2733/2733 2723/2723/2723
f 2691/2691/2691 2752/2752/2752 2753/2753/2753
f 2753/2753/2753 2692/2692/2692 2691/2691/2691
f 2721/2721/2721 2723/2723/2723 2733/2733/2733
f 2733/2733/2733 2735/2735/2735 2721/2721/2721
f 2692/2692/2692 2753/2753/2753 2754/2754/2754
f 2754/2754/2754 2693/2693/2693 2692/2692/2692
f 2719/2719/2719 2721/2721/2721 2735/2735/2735
f 2735/2735/2735 2737/2737/2737 2719/2719/2719
f 2693/2693/2693 2754/2754/2754 2755/2755/2755
f 2755/2755/2755 2694/2694/2694 2693/2693/2693
f 2715/2715/2715 2719/2719/2719 2737/2737/2737
f 2737/2737/2737 2742/2742/2742 2715/2715/2715
f 2694/2694/2694 2755/2755/2755 2703/2703/2703
f 2703/2703/2703 2695/2695/2695 2694/2694/2694
f 2715/2715/2715 2742/2742/2742 2745/2745/2745
f 2745/2745/2745 2708/2708/2708 2715/2715/2715
f 2745/2745/2745 2748/2748/2748 2710/2710/2710
f 2710/2710/2710 2708/2708/2708 2745/2745/2745
f 2706/2706/2706 2702/2702/2702 2756/2756/2756
f 2756/2756/2756 2757/2757/2757 2706/2706/2706
f 2702/2702/2702 2704/2704/2704 2758/2758/2758
f 2758/2758/2758 2756/2756/2756 2702/2702/2702
f 2704/2704/2704 2755/2755/2755 2759/2759/2759
f 2759/2759/2759 2758/2758/2758 2704/2704/2704
f 2755/2755/2755 2754/2754/2754 2760/2760/2760
f 2760/2760/2760 2759/2759/2759 2755/2755/2755
f 2754/2754/2754 2753/2753/2753 2761/2761/2761
f 2761/2761/2761 2760/2760/2760 2754/2754/2754
f 2753/2753/2753 2752/2752/2752 2762/2762/2762
f 2762/2762/2762 2761/2761/2761 2753/2753/2753
f 2752/2752/2752 2751/2751/2751 2763/2763/2763
f 2763/2763/2763 2762/2762/2762 2752/2752/2752
f 2356/2356/2356 2563/2563/2563 2566/2566/2566
f 2566/2566/2566 2357/2357/2357 2356/2356/2356
f 2604/2604/2604 2603/2603/2603 2358/2358/2358
f 2358/2358/2358 2359/2359/2359 2604/2604/2604
f 2764/2764/2764 2258/2258/2258 2259/2259/2259
f 2259/2259/2259 2765/2765/2765 2764/2764/2764
f 2314/2314/2314 2313/2313/2313 2309/2309/2309
f 2309/2309/2309 2308/2308/2308 2314/2314/2314
f 2766/2766/2766 2767/2767/2767 2725/2725/2725
f 2725/2725/2725 2724/2724/2724 2766/2766/2766
f 2655/2655/2655 2689/2689/2689 2725/2725/2725
f 2725/2725/2725 2750/2750/2750 2655/2655/2655
f 2767/2767/2767 2750/2750/2750 2725/2725/2725
f 2218/2218/2218 2768/2768/2768 2184/2184/2184
f 2184/2184/2184 2296/2296/2296 2218/2218/2218
f 2183/2183/2183 2296/2296/2296 2184/2184/2184
f 2186/2186/2186 2297/2297/2297 2296/2296/2296
f 2296/2296/2296 2183/2183/2183 2186/2186/2186
f 2188/2188/2188 2298/2298/2298 2297/2297/2297
f 2297/2297/2297 2186/2186/2186 2188/2188/2188
f 2192/2192/2192 2302/2302/2302 2299/2299/2299
f 2299/2299/2299 2190/2190/2190 2192/2192/2192
f 2303/2303/2303 2301/2301/2301 2193/2193/2193
f 2193/2193/2193 2196/2196/2196 2303/2303/2303
f 2198/2198/2198 2306/2306/2306 2304/2304/2304
f 2304/2304/2304 2195/2195/2195 2198/2198/2198
f 2270/2270/2270 2267/2267/2267 2206/2206/2206
f 2206/2206/2206 2204/2204/2204 2270/2270/2270
f 2266/2266/2266 2264/2264/2264 2208/2208/2208
f 2208/2208/2208 2206/2206/2206 2266/2266/2266
f 2264/2264/2264 2262/2262/2262 2210/2210/2210
f 2210/2210/2210 2208/2208/2208 2264/2264/2264
f 2262/2262/2262 2260/2260/2260 2212/2212/2212
f 2212/2212/2212 2210/2210/2210 2262/2262/2262
f 2184/2184/2184 2768/2768/2768 2214/2214/2214
f 2214/2214/2214 2260/2260/2260 2184/2184/2184
f 2212/2212/2212 2260/2260/2260 2214/2214/2214
f 2309/2309/2309 2313/2313/2313 2215/2215/2215
f 2215/2215/2215 2768/2768/2768 2309/2309/2309
f 2214/2214/2214 2768/2768/2768 2215/2215/2215
f 2309/2309/2309 2768/2768/2768 2218/2218/2218
f 2218/2218/2218 2310/2310/2310 2309/2309/2309
f 2217/2217/2217 2310/2310/2310 2218/2218/2218
f 2316/2316/2316 2310/2310/2310 2217/2217/2217
f 2217/2217/2217 2219/2219/2219 2316/2316/2316
f 2320/2320/2320 2316/2316/2316 2219/2219/2219
f 2219/2219/2219 2220/2220/2220 2320/2320/2320
f 2327/2327/2327 2320/2320/2320 2220/2220/2220
f 2220/2220/2220 2221/2221/2221 2327/2327/2327
f 2229/2229/2229 2327/2327/2327 2222/2222/2222
f 2222/2222/2222 2223/2223/2223 2229/2229/2229
f 2231/2231/2231 2230/2230/2230 2224/2224/2224
f 2224/2224/2224 2225/2225/2225 2231/2231/2231
f 2239/2239/2239 2232/2232/2232 2226/2226/2226
f 2226/2226/2226 2228/2228/2228 2239/2239/2239
f 2204/2204/2204 2202/2202/2202 2274/2274/2274
f 2274/2274/2274 2271/2271/2271 2204/2204/2204
f 2202/2202/2202 2201/2201/2201 2278/2278/2278
f 2278/2278/2278 2273/2273/2273 2202/2202/2202
f 2280/2280/2280 2312/2312/2312 2318/2318/2318
f 2318/2318/2318 2282/2282/2282 2280/2280/2280
f 2282/2282/2282 2318/2318/2318 2323/2323/2323
f 2323/2323/2323 2284/2284/2284 2282/2282/2282
f 2285/2285/2285 2324/2324/2324 2330/2330/2330
f 2330/2330/2330 2288/2288/2288 2285/2285/2285
f 2289/2289/2289 2331/2331/2331 2332/2332/2332
f 2332/2332/2332 2291/2291/2291 2289/2289/2289
f 2292/2292/2292 2333/2333/2333 2337/2337/2337
f 2337/2337/2337 2294/2294/2294 2292/2292/2292
f 2298/2298/2298 2188/2188/2188 2190/2190/2190
f 2190/2190/2190 2300/2300/2300 2298/2298/2298
f 2312/2312/2312 2280/2280/2280 2215/2215/2215
f 2215/2215/2215 2313/2313/2313 2312/2312/2312
f 1888/1888/1888 1936/1936/1936 1845/1845/1845
f 1845/1845/1845 2769/2769/2769 1888/1888/1888
f 1848/1848/1848 2769/2769/2769 1845/1845/1845
f 1845/1845/1845 1936/1936/1936 1938/1938/1938
f 1938/1938/1938 1849/1849/1849 1845/1845/1845
f 1938/1938/1938 1940/1940/1940 1851/1851/1851
f 1851/1851/1851 1849/1849/1849 1938/1938/1938
f 1853/1853/1853 1942/1942/1942 1944/1944/1944
f 1944/1944/1944 1856/1856/1856 1853/1853/1853
f 1945/1945/1945 1948/1948/1948 1859/1859/1859
f 1859/1859/1859 1857/1857/1857 1945/1945/1945
f 1947/1947/1947 1952/1952/1952 1861/1861/1861
f 1861/1861/1861 1859/1859/1859 1947/1947/1947
f 1910/1910/1910 1914/1914/1914 1871/1871/1871
f 1871/1871/1871 1874/1874/1874 1910/1910/1910
f 1876/1876/1876 1908/1908/1908 1911/1911/1911
f 1911/1911/1911 1874/1874/1874 1876/1876/1876
f 1878/1878/1878 1906/1906/1906 1908/1908/1908
f 1908/1908/1908 1876/1876/1876 1878/1878/1878
f 1904/1904/1904 1906/1906/1906 1878/1878/1878
f 1878/1878/1878 1880/1880/1880 1904/1904/1904
f 1848/1848/1848 1904/1904/1904 1880/1880/1880
f 1880/1880/1880 2769/2769/2769 1848/1848/1848
f 1882/1882/1882 2769/2769/2769 1880/1880/1880
f 1956/1956/1956 2769/2769/2769 1882/1882/1882
f 1882/1882/1882 2137/2137/2137 1956/1956/1956
f 1884/1884/1884 2137/2137/2137 1882/1882/1882
f 1956/1956/1956 1955/1955/1955 1885/1885/1885
f 1885/1885/1885 2769/2769/2769 1956/1956/1956
f 1888/1888/1888 2769/2769/2769 1885/1885/1885
f 1955/1955/1955 1958/1958/1958 1889/1889/1889
f 1889/1889/1889 1885/1885/1885 1955/1955/1955
f 1889/1889/1889 1958/1958/1958 1960/1960/1960
f 1960/1960/1960 1891/1891/1891 1889/1889/1889
f 1960/1960/1960 1962/1962/1962 1893/1893/1893
f 1893/1893/1893 1891/1891/1891 1960/1960/1960
f 1963/1963/1963 1965/1965/1965 1895/1895/1895
f 1895/1895/1895 1893/1893/1893 1963/1963/1963
f 1966/1966/1966 2132/2132/2132 1899/1899/1899
f 1899/1899/1899 1896/1896/1896 1966/1966/1966
f 2133/2133/2133 2135/2135/2135 1901/1901/1901
f 1901/1901/1901 1898/1898/1898 2133/2133/2133
f 1868/1868/1868 1872/1872/1872 1913/1913/1913
f 1913/1913/1913 1916/1916/1916 1868/1868/1868
f 1918/1918/1918 1864/1864/1864 1869/1869/1869
f 1869/1869/1869 1916/1916/1916 1918/1918/1918
f 2141/2141/2141 2139/2139/2139 1920/1920/1920
f 1920/1920/1920 1922/1922/1922 2141/2141/2141
f 2144/2144/2144 2141/2141/2141 1922/1922/1922
f 1922/1922/1922 1924/1924/1924 2144/2144/2144
f 1927/1927/1927 2147/2147/2147 2143/2143/2143
f 2143/2143/2143 1924/1924/1924 1927/1927/1927
f 2149/2149/2149 2146/2146/2146 1926/1926/1926
f 1926/1926/1926 1930/1930/1930 2149/2149/2149
f 2151/2151/2151 2149/2149/2149 1929/1929/1929
f 1929/1929/1929 1934/1934/1934 2151/2151/2151
f 1854/1854/1854 1851/1851/1851 1940/1940/1940
f 1940/1940/1940 1942/1942/1942 1854/1854/1854
f 2001/2001/2001 2770/2770/2770 1970/1970/1970
f 1970/1970/1970 2042/2042/2042 2001/2001/2001
f 1969/1969/1969 2042/2042/2042 1970/1970/1970
f 2044/2044/2044 2042/2042/2042 1969/1969/1969
f 1969/1969/1969 1972/1972/1972 2044/2044/2044
f 1974/1974/1974 2046/2046/2046 2044/2044/2044
f 2044/2044/2044 1972/1972/1972 1974/1974/1974
f 2052/2052/2052 2049/2049/2049 1977/1977/1977
f 1977/1977/1977 1979/1979/1979 2052/2052/2052
f 2055/2055/2055 2053/2053/2053 1980/1980/1980
f 1980/1980/1980 1982/1982/1982 2055/2055/2055
f 1984/1984/1984 2060/2060/2060 2056/2056/2056
f 2056/2056/2056 1982/1982/1982 1984/1984/1984
f 1990/1990/1990 2025/2025/2025 2023/2023/2023
f 2023/2023/2023 1992/1992/1992 1990/1990/1990
f 2022/2022/2022 2020/2020/2020 1993/1993/1993
f 1993/1993/1993 1992/1992/1992 2022/2022/2022
f 2020/2020/2020 2018/2018/2018 1994/1994/1994
f 1994/1994/1994 1993/1993/1993 2020/2020/2020
f 1994/1994/1994 2018/2018/2018 2016/2016/2016
f 2016/2016/2016 1995/1995/1995 1994/1994/1994
f 1970/1970/1970 2770/2770/2770 1996/1996/1996
f 1996/1996/1996 2016/2016/2016 1970/1970/1970
f 1995/1995/1995 2016/2016/2016 1996/1996/1996
f 2065/2065/2065 2160/2160/2160 1997/1997/1997
f 1997/1997/1997 2770/2770/2770 2065/2065/2065
f 1996/1996/1996 2770/2770/2770 1997/1997/1997
f 2065/2065/2065 2770/2770/2770 2001/2001/2001
f 2001/2001/2001 2062/2062/2062 2065/2065/2065
f 2000/2000/2000 2062/2062/2062 2001/2001/2001
f 2003/2003/2003 2066/2066/2066 2062/2062/2062
f 2062/2062/2062 2000/2000/2000 2003/2003/2003
f 2069/2069/2069 2066/2066/2066 2003/2003/2003
f 2003/2003/2003 2005/2005/2005 2069/2069/2069
f 2072/2072/2072 2068/2068/2068 2005/2005/2005
f 2005/2005/2005 2007/2007/2007 2072/2072/2072
f 2009/2009/2009 2076/2076/2076 2071/2071/2071
f 2071/2071/2071 2007/2007/2007 2009/2009/2009
f 2153/2153/2153 2075/2075/2075 2010/2010/2010
f 2010/2010/2010 2012/2012/2012 2153/2153/2153
f 2157/2157/2157 2154/2154/2154 2013/2013/2013
f 2013/2013/2013 2015/2015/2015 2157/2157/2157
f 1991/1991/1991 1988/1988/1988 2028/2028/2028
f 2028/2028/2028 2026/2026/2026 1991/1991/1991
f 1987/1987/1987 1986/1986/1986 2031/2031/2031
f 2031/2031/2031 2028/2028/2028 1987/1987/1987
f 2032/2032/2032 2162/2162/2162 2164/2164/2164
f 2164/2164/2164 2033/2033/2033 2032/2032/2032
f 2164/2164/2164 2166/2166/2166 2034/2034/2034
f 2034/2034/2034 2033/2033/2033 2164/2164/2164
f 2167/2167/2167 2170/2170/2170 2036/2036/2036
f 2036/2036/2036 2034/2034/2034 2167/2167/2167
f 2169/2169/2169 2172/2172/2172 2038/2038/2038
f 2038/2038/2038 2035/2035/2035 2169/2169/2169
f 2172/2172/2172 2174/2174/2174 2040/2040/2040
f 2040/2040/2040 2039/2039/2039 2172/2172/2172
f 2047/2047/2047 1974/1974/1974 1976/1976/1976
f 1976/1976/1976 2050/2050/2050 2047/2047/2047
f 2081/2081/2081 2104/2104/2104 2105/2105/2105
f 2105/2105/2105 2078/2078/2078 2081/2081/2081
f 2105/2105/2105 2107/2107/2107 2082/2082/2082
f 2082/2082/2082 2078/2078/2078 2105/2105/2105
f 2084/2084/2084 2108/2108/2108 2110/2110/2110
f 2110/2110/2110 2088/2088/2088 2084/2084/2084
f 2111/2111/2111 2113/2113/2113 2090/2090/2090
f 2090/2090/2090 2087/2087/2087 2111/2111/2111
f 2112/2112/2112 2116/2116/2116 2092/2092/2092
f 2092/2092/2092 2090/2090/2090 2112/2112/2112
f 2359/2359/2359 2120/2120/2120 2094/2094/2094
f 2094/2094/2094 2095/2095/2095 2359/2359/2359
f 2120/2120/2120 2119/2119/2119 2096/2096/2096
f 2096/2096/2096 2094/2094/2094 2120/2120/2120
f 2096/2096/2096 2119/2119/2119 2122/2122/2122
f 2122/2122/2122 2097/2097/2097 2096/2096/2096
f 2123/2123/2123 2126/2126/2126 2098/2098/2098
f 2098/2098/2098 2097/2097/2097 2123/2123/2123
f 2125/2125/2125 2130/2130/2130 2100/2100/2100
f 2100/2100/2100 2098/2098/2098 2125/2125/2125
f 2129/2129/2129 2176/2176/2176 2101/2101/2101
f 2101/2101/2101 2099/2099/2099 2129/2129/2129
f 2177/2177/2177 2179/2179/2179 2103/2103/2103
f 2103/2103/2103 2102/2102/2102 2177/2177/2177
f 2085/2085/2085 2082/2082/2082 2106/2106/2106
f 2106/2106/2106 2109/2109/2109 2085/2085/2085
f 2137/2137/2137 1884/1884/1884 1920/1920/1920
f 1920/1920/1920 2139/2139/2139 2137/2137/2137
f 2032/2032/2032 1997/1997/1997 2160/2160/2160
f 2160/2160/2160 2162/2162/2162 2032/2032/2032
f 2249/2249/2249 2329/2329/2329 2321/2321/2321
f 2321/2321/2321 2252/2252/2252 2249/2249/2249
f 2322/2322/2322 2317/2317/2317 2255/2255/2255
f 2255/2255/2255 2253/2253/2253 2322/2322/2322
f 2317/2317/2317 2311/2311/2311 2257/2257/2257
f 2257/2257/2257 2255/2255/2255 2317/2317/2317
f 2311/2311/2311 2314/2314/2314 2259/2259/2259
f 2259/2259/2259 2257/2257/2257 2311/2311/2311
f 2307/2307/2307 2353/2353/2353 2355/2355/2355
f 2355/2355/2355 2308/2308/2308 2307/2307/2307
f 2347/2347/2347 2349/2349/2349 2319/2319/2319
f 2319/2319/2319 2325/2325/2325 2347/2347/2347
f 2248/2248/2248 2242/2242/2242 2334/2334/2334
f 2334/2334/2334 2328/2328/2328 2248/2248/2248
f 2335/2335/2335 2243/2243/2243 2246/2246/2246
f 2246/2246/2246 2338/2338/2338 2335/2335/2335
f 2234/2234/2234 2240/2240/2240 2340/2340/2340
f 2340/2340/2340 2343/2343/2343 2234/2234/2234
f 2238/2238/2238 2233/2233/2233 2343/2343/2343
f 2343/2343/2343 2345/2345/2345 2238/2238/2238
f 2326/2326/2326 2236/2236/2236 2345/2345/2345
f 2345/2345/2345 2347/2347/2347 2326/2326/2326
f 2315/2315/2315 2319/2319/2319 2349/2349/2349
f 2349/2349/2349 2351/2351/2351 2315/2315/2315
f 2307/2307/2307 2315/2315/2315 2351/2351/2351
f 2351/2351/2351 2353/2353/2353 2307/2307/2307
f 2357/2357/2357 2095/2095/2095 2104/2104/2104
f 2104/2104/2104 2081/2081/2081 2357/2357/2357
f 2486/2486/2486 2528/2528/2528 2452/2452/2452
f 2452/2452/2452 2771/2771/2771 2486/2486/2486
f 2455/2455/2455 2771/2771/2771 2452/2452/2452
f 2452/2452/2452 2528/2528/2528 2530/2530/2530
f 2530/2530/2530 2456/2456/2456 2452/2452/2452
f 2530/2530/2530 2532/2532/2532 2458/2458/2458
f 2458/2458/2458 2456/2456/2456 2530/2530/2530
f 2460/2460/2460 2536/2536/2536 2538/2538/2538
f 2538/2538/2538 2464/2464/2464 2460/2460/2460
f 2539/2539/2539 2542/2542/2542 2466/2466/2466
f 2466/2466/2466 2463/2463/2463 2539/2539/2539
f 2541/2541/2541 2545/2545/2545 2468/2468/2468
f 2468/2468/2468 2466/2466/2466 2541/2541/2541
f 2509/2509/2509 2512/2512/2512 2475/2475/2475
f 2475/2475/2475 2477/2477/2477 2509/2509/2509
f 2478/2478/2478 2506/2506/2506 2508/2508/2508
f 2508/2508/2508 2477/2477/2477 2478/2478/2478
f 2479/2479/2479 2504/2504/2504 2506/2506/2506
f 2506/2506/2506 2478/2478/2478 2479/2479/2479
f 2502/2502/2502 2504/2504/2504 2479/2479/2479
f 2479/2479/2479 2480/2480/2480 2502/2502/2502
f 2455/2455/2455 2502/2502/2502 2480/2480/2480
f 2480/2480/2480 2771/2771/2771 2455/2455/2455
f 2481/2481/2481 2771/2771/2771 2480/2480/2480
f 2550/2550/2550 2771/2771/2771 2481/2481/2481
f 2481/2481/2481 2630/2630/2630 2550/2550/2550
f 2482/2482/2482 2630/2630/2630 2481/2481/2481
f 2550/2550/2550 2549/2549/2549 2483/2483/2483
f 2483/2483/2483 2771/2771/2771 2550/2550/2550
f 2486/2486/2486 2771/2771/2771 2483/2483/2483
f 2549/2549/2549 2552/2552/2552 2487/2487/2487
f 2487/2487/2487 2483/2483/2483 2549/2549/2549
f 2487/2487/2487 2552/2552/2552 2555/2555/2555
f 2555/2555/2555 2489/2489/2489 2487/2487/2487
f 2554/2554/2554 2559/2559/2559 2491/2491/2491
f 2491/2491/2491 2489/2489/2489 2554/2554/2554
f 2557/2557/2557 2562/2562/2562 2494/2494/2494
f 2494/2494/2494 2491/2491/2491 2557/2557/2557
f 2561/2561/2561 2624/2624/2624 2497/2497/2497
f 2497/2497/2497 2493/2493/2493 2561/2561/2561
f 2625/2625/2625 2628/2628/2628 2499/2499/2499
f 2499/2499/2499 2496/2496/2496 2625/2625/2625
f 2472/2472/2472 2476/2476/2476 2511/2511/2511
f 2511/2511/2511 2514/2514/2514 2472/2472/2472
f 2516/2516/2516 2471/2471/2471 2473/2473/2473
f 2473/2473/2473 2514/2514/2514 2516/2516/2516
f 2634/2634/2634 2632/2632/2632 2517/2517/2517
f 2517/2517/2517 2518/2518/2518 2634/2634/2634
f 2637/2637/2637 2634/2634/2634 2518/2518/2518
f 2518/2518/2518 2519/2519/2519 2637/2637/2637
f 2520/2520/2520 2639/2639/2639 2636/2636/2636
f 2636/2636/2636 2519/2519/2519 2520/2520/2520
f 2642/2642/2642 2640/2640/2640 2521/2521/2521
f 2521/2521/2521 2523/2523/2523 2642/2642/2642
f 2644/2644/2644 2642/2642/2642 2522/2522/2522
f 2522/2522/2522 2526/2526/2526 2644/2644/2644
f 2461/2461/2461 2458/2458/2458 2533/2533/2533
f 2533/2533/2533 2535/2535/2535 2461/2461/2461
f 2589/2589/2589 2588/2588/2588 2566/2566/2566
f 2566/2566/2566 2565/2565/2565 2589/2589/2589
f 2568/2568/2568 2591/2591/2591 2589/2589/2589
f 2589/2589/2589 2565/2565/2565 2568/2568/2568
f 2595/2595/2595 2592/2592/2592 2570/2570/2570
f 2570/2570/2570 2574/2574/2574 2595/2595/2595
f 2598/2598/2598 2594/2594/2594 2573/2573/2573
f 2573/2573/2573 2576/2576/2576 2598/2598/2598
f 2578/2578/2578 2600/2600/2600 2596/2596/2596
f 2596/2596/2596 2576/2576/2576 2578/2578/2578
f 2579/2579/2579 2604/2604/2604 2359/2359/2359
f 2359/2359/2359 2095/2095/2095 2579/2579/2579
f 2580/2580/2580 2601/2601/2601 2604/2604/2604
f 2604/2604/2604 2579/2579/2579 2580/2580/2580
f 2605/2605/2605 2601/2601/2601 2580/2580/2580
f 2580/2580/2580 2581/2581/2581 2605/2605/2605
f 2609/2609/2609 2606/2606/2606 2581/2581/2581
f 2581/2581/2581 2582/2582/2582 2609/2609/2609
f 2584/2584/2584 2613/2613/2613 2610/2610/2610
f 2610/2610/2610 2582/2582/2582 2584/2584/2584
f 2647/2647/2647 2612/2612/2612 2583/2583/2583
f 2583/2583/2583 2585/2585/2585 2647/2647/2647
f 2649/2649/2649 2646/2646/2646 2586/2586/2586
f 2586/2586/2586 2587/2587/2587 2649/2649/2649
f 2590/2590/2590 2568/2568/2568 2571/2571/2571
f 2571/2571/2571 2593/2593/2593 2590/2590/2590
f 2630/2630/2630 2482/2482/2482 2517/2517/2517
f 2517/2517/2517 2632/2632/2632 2630/2630/2630
f 2588/2588/2588 2095/2095/2095 2357/2357/2357
f 2357/2357/2357 2566/2566/2566 2588/2588/2588
f 2314/2314/2314 2308/2308/2308 2765/2765/2765
f 2765/2765/2765 2259/2259/2259 2314/2314/2314
f 2772/2772/2772 2773/2773/2773 2774/2774/2774
f 2774/2774/2774 2775/2775/2775 2772/2772/2772
f 2776/2776/2776 2772/2772/2772 2775/2775/2775
f 2775/2775/2775 2777/2777/2777 2776/2776/2776
f 2778/2778/2778 2776/2776/2776 2777/2777/2777
f 2777/2777/2777 2779/2779/2779 2778/2778/2778
f 2781/2781/2781 2778/2778/2778 2779/2779/2779
f 2779/2779/2779 2782/2782/2782 2781/2781/2781
f 2783/2783/2783 2781/2781/2781 2782/2782/2782
f 2782/2782/2782 2785/2785/2785 2783/2783/2783
f 2786/2786/2786 2783/2783/2783 2785/2785/2785
f 2785/2785/2785 2787/2787/2787 2786/2786/2786
f 2788/2788/2788 2786/2786/2786 2787/2787/2787
f 2787/2787/2787 2789/2789/2789 2788/2788/2788
f 2790/2790/2790 2793/2793/2793 2795/2795/2795
f 2795/2795/2795 2796/2796/2796 2790/2790/2790
f 2793/2793/2793 2798/2798/2798 2799/2799/2799
f 2799/2799/2799 2795/2795/2795 2793/2793/2793
f 2798/2798/2798 2800/2800/2800 2801/2801/2801
f 2801/2801/2801 2799/2799/2799 2798/2798/2798
f 2800/2800/2800 2802/2802/2802 2803/2803/2803
f 2803/2803/2803 2801/2801/2801 2800/2800/2800
f 2802/2802/2802 2804/2804/2804 2805/2805/2805
f 2805/2805/2805 2803/2803/2803 2802/2802/2802
f 2804/2804/2804 2806/2806/2806 2807/2807/2807
f 2807/2807/2807 2805/2805/2805 2804/2804/2804
f 2806/2806/2806 2808/2808/2808 2809/2809/2809
f 2809/2809/2809 2807/2807/2807 2806/2806/2806
f 2810/2810/2810 2811/2811/2811 2809/2809/2809
f 2809/2809/2809 2808/2808/2808 2810/2810/2810
f 2812/2812/2812 2813/2813/2813 2814/2814/2814
f 2814/2814/2814 2815/2815/2815 2812/2812/2812
f 2816/2816/2816 2812/2812/2812 2815/2815/2815
f 2815/2815/2815 2817/2817/2817 2816/2816/2816
f 2818/2818/2818 2816/2816/2816 2817/2817/2817
f 2817/2817/2817 2819/2819/2819 2818/2818/2818
f 2820/2820/2820 2818/2818/2818 2819/2819/2819
f 2819/2819/2819 2821/2821/2821 2820/2820/2820
f 2822/2822/2822 2820/2820/2820 2821/2821/2821
f 2821/2821/2821 2824/2824/2824 2822/2822/2822
f 2826/2826/2826 2822/2822/2822 2824/2824/2824
f 2824/2824/2824 2827/2827/2827 2826/2826/2826
f 2828/2828/2828 2826/2826/2826 2827/2827/2827
f 2827/2827/2827 2829/2829/2829 2828/2828/2828
f 2830/2830/2830 2831/2831/2831 2774/2774/2774
f 2774/2774/2774 2773/2773/2773 2830/2830/2830
f 2832/2832/2832 2833/2833/2833 2831/2831/2831
f 2831/2831/2831 2830/2830/2830 2832/2832/2832
f 2834/2834/2834 2835/2835/2835 2833/2833/2833
f 2833/2833/2833 2832/2832/2832 2834/2834/2834
f 2836/2836/2836 2838/2838/2838 2835/2835/2835
f 2835/2835/2835 2834/2834/2834 2836/2836/2836
f 2839/2839/2839 2841/2841/2841 2838/2838/2838
f 2838/2838/2838 2836/2836/2836 2839/2839/2839
f 2842/2842/2842 2843/2843/2843 2841/2841/2841
f 2841/2841/2841 2839/2839/2839 2842/2842/2842
f 2844/2844/2844 2845/2845/2845 2843/2843/2843
f 2843/2843/2843 2842/2842/2842 2844/2844/2844
f 2846/2846/2846 2847/2847/2847 2811/2811/2811
f 2811/2811/2811 2810/2810/2810 2846/2846/2846
f 2848/2848/2848 2849/2849/2849 2847/2847/2847
f 2847/2847/2847 2846/2846/2846 2848/2848/2848
f 2850/2850/2850 2851/2851/2851 2849/2849/2849
f 2849/2849/2849 2848/2848/2848 2850/2850/2850
f 2852/2852/2852 2854/2854/2854 2851/2851/2851
f 2851/2851/2851 2850/2850/2850 2852/2852/2852
f 2855/2855/2855 2858/2858/2858 2854/2854/2854
f 2854/2854/2854 2852/2852/2852 2855/2855/2855
f 2860/2860/2860 2861/2861/2861 2858/2858/2858
f 2858/2858/2858 2855/2855/2855 2860/2860/2860
f 2862/2862/2862 2863/2863/2863 2814/2814/2814
f 2814/2814/2814 2813/2813/2813 2862/2862/2862
f 2864/2864/2864 2865/2865/2865 2863/2863/2863
f 2863/2863/2863 2862/2862/2862 2864/2864/2864
f 2866/2866/2866 2867/2867/2867 2865/2865/2865
f 2865/2865/2865 2864/2864/2864 2866/2866/2866
f 2868/2868/2868 2869/2869/2869 2867/2867/2867
f 2867/2867/2867 2866/2866/2866 2868/2868/2868
f 2871/2871/2871 2872/2872/2872 2869/2869/2869
f 2869/2869/2869 2868/2868/2868 2871/2871/2871
f 2874/2874/2874 2876/2876/2876 2872/2872/2872
f 2872/2872/2872 2871/2871/2871 2874/2874/2874
f 2878/2878/2878 2879/2879/2879 2876/2876/2876
f 2876/2876/2876 2874/2874/2874 2878/2878/2878
f 2880/2880/2880 2881/2881/2881 2882/2882/2882
f 2882/2882/2882 2883/2883/2883 2880/2880/2880
f 2884/2884/2884 2885/2885/2885 2881/2881/2881
f 2881/2881/2881 2880/2880/2880 2884/2884/2884
f 2886/2886/2886 2887/2887/2887 2885/2885/2885
f 2885/2885/2885 2884/2884/2884 2886/2886/2886
f 2888/2888/2888 2890/2890/2890 2887/2887/2887
f 2887/2887/2887 2886/2886/2886 2888/2888/2888
f 2891/2891/2891 2893/2893/2893 2890/2890/2890
f 2890/2890/2890 2888/2888/2888 2891/2891/2891
f 2894/2894/2894 2895/2895/2895 2896/2896/2896
f 2896/2896/2896 2897/2897/2897 2894/2894/2894
f 2898/2898/2898 2899/2899/2899 2895/2895/2895
f 2895/2895/2895 2894/2894/2894 2898/2898/2898
f 2900/2900/2900 2901/2901/2901 2899/2899/2899
f 2899/2899/2899 2898/2898/2898 2900/2900/2900
f 2903/2903/2903 2904/2904/2904 2901/2901/2901
f 2901/2901/2901 2900/2900/2900 2903/2903/2903
f 2906/2906/2906 2907/2907/2907 2904/2904/2904
f 2904/2904/2904 2903/2903/2903 2906/2906/2906
f 2908/2908/2908 2909/2909/2909 2907/2907/2907
f 2907/2907/2907 2906/2906/2906 2908/2908/2908
f 2910/2910/2910 2911/2911/2911 2909/2909/2909
f 2909/2909/2909 2908/2908/2908 2910/2910/2910
f 2912/2912/2912 2796/2796/2796 2795/2795/2795
f 2795/2795/2795 2916/2916/2916 2912/2912/2912
f 2916/2916/2916 2795/2795/2795 2799/2799/2799
f 2799/2799/2799 2917/2917/2917 2916/2916/2916
f 2917/2917/2917 2799/2799/2799 2801/2801/2801
f 2801/2801/2801 2919/2919/2919 2917/2917/2917
f 2919/2919/2919 2801/2801/2801 2803/2803/2803
f 2803/2803/2803 2920/2920/2920 2919/2919/2919
f 2920/2920/2920 2803/2803/2803 2805/2805/2805
f 2805/2805/2805 2921/2921/2921 2920/2920/2920
f 2921/2921/2921 2805/2805/2805 2807/2807/2807
f 2807/2807/2807 2922/2922/2922 2921/2921/2921
f 2922/2922/2922 2807/2807/2807 2809/2809/2809
f 2809/2809/2809 2923/2923/2923 2922/2922/2922
f 2924/2924/2924 2923/2923/2923 2809/2809/2809
f 2809/2809/2809 2811/2811/2811 2924/2924/2924
f 2925/2925/2925 2926/2926/2926 2927/2927/2927
f 2927/2927/2927 2928/2928/2928 2925/2925/2925
f 2929/2929/2929 2930/2930/2930 2926/2926/2926
f 2926/2926/2926 2925/2925/2925 2929/2929/2929
f 2931/2931/2931 2932/2932/2932 2930/2930/2930
f 2930/2930/2930 2929/2929/2929 2931/2931/2931
f 2933/2933/2933 2934/2934/2934 2932/2932/2932
f 2932/2932/2932 2931/2931/2931 2933/2933/2933
f 2936/2936/2936 2937/2937/2937 2934/2934/2934
f 2934/2934/2934 2933/2933/2933 2936/2936/2936
f 2939/2939/2939 2940/2940/2940 2937/2937/2937
f 2937/2937/2937 2936/2936/2936 2939/2939/2939
f 2941/2941/2941 2942/2942/2942 2940/2940/2940
f 2940/2940/2940 2939/2939/2939 2941/2941/2941
f 2943/2943/2943 2897/2897/2897 2896/2896/2896
f 2896/2896/2896 2944/2944/2944 2943/2943/2943
f 2945/2945/2945 2943/2943/2943 2944/2944/2944
f 2944/2944/2944 2946/2946/2946 2945/2945/2945
f 2947/2947/2947 2945/2945/2945 2946/2946/2946
f 2946/2946/2946 2948/2948/2948 2947/2947/2947
f 2950/2950/2950 2947/2947/2947 2948/2948/2948
f 2948/2948/2948 2951/2951/2951 2950/2950/2950
f 2953/2953/2953 2950/2950/2950 2951/2951/2951
f 2951/2951/2951 2954/2954/2954 2953/2953/2953
f 2955/2955/2955 2953/2953/2953 2954/2954/2954
f 2954/2954/2954 2956/2956/2956 2955/2955/2955
f 2955/2955/2955 2956/2956/2956 2957/2957/2957
f 2957/2957/2957 2958/2958/2958 2955/2955/2955
f 2959/2959/2959 2924/2924/2924 2811/2811/2811
f 2811/2811/2811 2847/2847/2847 2959/2959/2959
f 2960/2960/2960 2959/2959/2959 2847/2847/2847
f 2847/2847/2847 2849/2849/2849 2960/2960/2960
f 2961/2961/2961 2960/2960/2960 2849/2849/2849
f 2849/2849/2849 2851/2851/2851 2961/2961/2961
f 2963/2963/2963 2961/2961/2961 2851/2851/2851
f 2851/2851/2851 2854/2854/2854 2963/2963/2963
f 2966/2966/2966 2963/2963/2963 2854/2854/2854
f 2854/2854/2854 2858/2858/2858 2966/2966/2966
f 2968/2968/2968 2966/2966/2966 2858/2858/2858
f 2858/2858/2858 2861/2861/2861 2968/2968/2968
f 2969/2969/2969 2928/2928/2928 2927/2927/2927
f 2927/2927/2927 2970/2970/2970 2969/2969/2969
f 2971/2971/2971 2969/2969/2969 2970/2970/2970
f 2970/2970/2970 2972/2972/2972 2971/2971/2971
f 2974/2974/2974 2971/2971/2971 2972/2972/2972
f 2972/2972/2972 2975/2975/2975 2974/2974/2974
f 2976/2976/2976 2974/2974/2974 2975/2975/2975
f 2975/2975/2975 2978/2978/2978 2976/2976/2976
f 2980/2980/2980 2976/2976/2976 2978/2978/2978
f 2978/2978/2978 2981/2981/2981 2980/2980/2980
f 2982/2982/2982 2980/2980/2980 2981/2981/2981
f 2981/2981/2981 2985/2985/2985 2982/2982/2982
f 2987/2987/2987 2982/2982/2982 2985/2985/2985
f 2985/2985/2985 2988/2988/2988 2987/2987/2987
f 2989/2989/2989 2990/2990/2990 2991/2991/2991
f 2991/2991/2991 2992/2992/2992 2989/2989/2989
f 2993/2993/2993 2989/2989/2989 2992/2992/2992
f 2992/2992/2992 2994/2994/2994 2993/2993/2993
f 2996/2996/2996 2993/2993/2993 2994/2994/2994
f 2994/2994/2994 2997/2997/2997 2996/2996/2996
f 2999/2999/2999 2996/2996/2996 2997/2997/2997
f 2997/2997/2997 3001/3001/3001 2999/2999/2999
f 3003/3003/3003 2999/2999/2999 3001/3001/3001
f 3001/3001/3001 3004/3004/3004 3003/3003/3003
f 3005/3005/3005 3006/3006/3006 3007/3007/3007
f 3007/3007/3007 3008/3008/3008 3005/3005/3005
f 3009/3009/3009 3005/3005/3005 3008/3008/3008
f 3008/3008/3008 3010/3010/3010 3009/3009/3009
f 3012/3012/3012 3009/3009/3009 3010/3010/3010
f 3010/3010/3010 3013/3013/3013 3012/3012/3012
f 3015/3015/3015 3012/3012/3012 3013/3013/3013
f 3013/3013/3013 3016/3016/3016 3015/3015/3015
f 3017/3017/3017 3015/3015/3015 3016/3016/3016
f 3016/3016/3016 3018/3018/3018 3017/3017/3017
f 3019/3019/3019 3017/3017/3017 3018/3018/3018
f 3018/3018/3018 3020/3020/3020 3019/3019/3019
f 3021/3021/3021 3022/3022/3022 2927/2927/2927
f 2927/2927/2927 2926/2926/2926 3021/3021/3021
f 3023/3023/3023 3021/3021/3021 2926/2926/2926
f 2926/2926/2926 2930/2930/2930 3023/3023/3023
f 3024/3024/3024 3023/3023/3023 2930/2930/2930
f 2930/2930/2930 2932/2932/2932 3024/3024/3024
f 3025/3025/3025 3024/3024/3024 2932/2932/2932
f 2932/2932/2932 2934/2934/2934 3025/3025/3025
f 3026/3026/3026 3025/3025/3025 2934/2934/2934
f 2934/2934/2934 2937/2937/2937 3026/3026/3026
f 3029/3029/3029 3026/3026/3026 2937/2937/2937
f 2937/2937/2937 2940/2940/2940 3029/3029/3029
f 3030/3030/3030 3029/3029/3029 2940/2940/2940
f 2940/2940/2940 2942/2942/2942 3030/3030/3030
f 3031/3031/3031 2970/2970/2970 2927/2927/2927
f 2927/2927/2927 3022/3022/3022 3031/3031/3031
f 3032/3032/3032 2972/2972/2972 2970/2970/2970
f 2970/2970/2970 3031/3031/3031 3032/3032/3032
f 3033/3033/3033 2975/2975/2975 2972/2972/2972
f 2972/2972/2972 3032/3032/3032 3033/3033/3033
f 3035/3035/3035 2978/2978/2978 2975/2975/2975
f 2975/2975/2975 3033/3033/3033 3035/3035/3035
f 3038/3038/3038 2981/2981/2981 2978/2978/2978
f 2978/2978/2978 3035/3035/3035 3038/3038/3038
f 3040/3040/3040 2985/2985/2985 2981/2981/2981
f 2981/2981/2981 3038/3038/3038 3040/3040/3040
f 3042/3042/3042 2988/2988/2988 2985/2985/2985
f 2985/2985/2985 3040/3040/3040 3042/3042/3042
f 3044/3044/3044 3045/3045/3045 3046/3046/3046
f 3046/3046/3046 3047/3047/3047 3044/3044/3044
f 3049/3049/3049 3050/3050/3050 3045/3045/3045
f 3045/3045/3045 3044/3044/3044 3049/3049/3049
f 3053/3053/3053 3054/3054/3054 3050/3050/3050
f 3050/3050/3050 3049/3049/3049 3053/3053/3053
f 3055/3055/3055 3057/3057/3057 3054/3054/3054
f 3054/3054/3054 3053/3053/3053 3055/3055/3055
f 2893/2893/2893 2891/2891/2891 3059/3059/3059
f 3059/3059/3059 3060/3060/3060 2893/2893/2893
f 3060/3060/3060 3059/3059/3059 3061/3061/3061
f 3061/3061/3061 3063/3063/3063 3060/3060/3060
f 3064/3064/3064 2883/2883/2883 2882/2882/2882
f 2882/2882/2882 3065/3065/3065 3064/3064/3064
f 3066/3066/3066 3064/3064/3064 3065/3065/3065
f 3065/3065/3065 3067/3067/3067 3066/3066/3066
f 3068/3068/3068 3066/3066/3066 3067/3067/3067
f 3067/3067/3067 3069/3069/3069 3068/3068/3068
f 3070/3070/3070 3068/3068/3068 3069/3069/3069
f 3069/3069/3069 3072/3072/3072 3070/3070/3070
f 3074/3074/3074 3070/3070/3070 3072/3072/3072
f 3072/3072/3072 3075/3075/3075 3074/3074/3074
f 3076/3076/3076 3074/3074/3074 3075/3075/3075
f 3075/3075/3075 3077/3077/3077 3076/3076/3076
f 3078/3078/3078 3076/3076/3076 3077/3077/3077
f 3077/3077/3077 3079/3079/3079 3078/3078/3078
f 3081/3081/3081 3003/3003/3003 3004/3004/3004
f 3004/3004/3004 3082/3082/3082 3081/3081/3081
f 3084/3084/3084 3081/3081/3081 3082/3082/3082
f 3082/3082/3082 3085/3085/3085 3084/3084/3084
f 2991/2991/2991 2990/2990/2990 3086/3086/3086
f 3086/3086/3086 3087/3087/3087 2991/2991/2991
f 3087/3087/3087 3086/3086/3086 3088/3088/3088
f 3088/3088/3088 3089/3089/3089 3087/3087/3087
f 3089/3089/3089 3088/3088/3088 3090/3090/3090
f 3090/3090/3090 3091/3091/3091 3089/3089/3089
f 3091/3091/3091 3090/3090/3090 3093/3093/3093
f 3093/3093/3093 3094/3094/3094 3091/3091/3091
f 3094/3094/3094 3093/3093/3093 3095/3095/3095
f 3095/3095/3095 3097/3097/3097 3094/3094/3094
f 3097/3097/3097 3095/3095/3095 3098/3098/3098
f 3098/3098/3098 3099/3099/3099 3097/3097/3097
f 3099/3099/3099 3098/3098/3098 3100/3100/3100
f 3100/3100/3100 3101/3101/3101 3099/3099/3099
f 3057/3057/3057 3055/3055/3055 3102/3102/3102
f 3102/3102/3102 3104/3104/3104 3057/3057/3057
f 3104/3104/3104 3102/3102/3102 3105/3105/3105
f 3105/3105/3105 3107/3107/3107 3104/3104/3104
f 3108/3108/3108 3109/3109/3109 3110/3110/3110
f 3110/3110/3110 3111/3111/3111 3108/3108/3108
f 3112/3112/3112 3113/3113/3113 3109/3109/3109
f 3109/3109/3109 3108/3108/3108 3112/3112/3112
f 3114/3114/3114 3115/3115/3115 3113/3113/3113
f 3113/3113/3113 3112/3112/3112 3114/3114/3114
f 3116/3116/3116 3117/3117/3117 3115/3115/3115
f 3115/3115/3115 3114/3114/3114 3116/3116/3116
f 3119/3119/3119 3120/3120/3120 3117/3117/3117
f 3117/3117/3117 3116/3116/3116 3119/3119/3119
f 3121/3121/3121 3123/3123/3123 3120/3120/3120
f 3120/3120/3120 3119/3119/3119 3121/3121/3121
f 3124/3124/3124 3125/3125/3125 3123/3123/3123
f 3123/3123/3123 3121/3121/3121 3124/3124/3124
f 3126/3126/3126 3127/3127/3127 3128/3128/3128
f 3128/3128/3128 3129/3129/3129 3126/3126/3126
f 3129/3129/3129 3128/3128/3128 3130/3130/3130
f 3130/3130/3130 3131/3131/3131 3129/3129/3129
f 3131/3131/3131 3130/3130/3130 3132/3132/3132
f 3132/3132/3132 3133/3133/3133 3131/3131/3131
f 3133/3133/3133 3132/3132/3132 3134/3134/3134
f 3134/3134/3134 3135/3135/3135 3133/3133/3133
f 3135/3135/3135 3134/3134/3134 3136/3136/3136
f 3136/3136/3136 3137/3137/3137 3135/3135/3135
f 3137/3137/3137 3136/3136/3136 3138/3138/3138
f 3138/3138/3138 3139/3139/3139 3137/3137/3137
f 3139/3139/3139 3138/3138/3138 3140/3140/3140
f 3140/3140/3140 3141/3141/3141 3139/3139/3139
f 3142/3142/3142 3141/3141/3141 3140/3140/3140
f 3140/3140/3140 3143/3143/3143 3142/3142/3142
f 3144/3144/3144 2815/2815/2815 2814/2814/2814
f 2814/2814/2814 3145/3145/3145 3144/3144/3144
f 3146/3146/3146 2817/2817/2817 2815/2815/2815
f 2815/2815/2815 3144/3144/3144 3146/3146/3146
f 3147/3147/3147 2819/2819/2819 2817/2817/2817
f 2817/2817/2817 3146/3146/3146 3147/3147/3147
f 3148/3148/3148 2821/2821/2821 2819/2819/2819
f 2819/2819/2819 3147/3147/3147 3148/3148/3148
f 3150/3150/3150 2824/2824/2824 2821/2821/2821
f 2821/2821/2821 3148/3148/3148 3150/3150/3150
f 3153/3153/3153 2827/2827/2827 2824/2824/2824
f 2824/2824/2824 3150/3150/3150 3153/3153/3153
f 3155/3155/3155 2829/2829/2829 2827/2827/2827
f 2827/2827/2827 3153/3153/3153 3155/3155/3155
f 3157/3157/3157 3159/3159/3159 3162/3162/3162
f 3162/3162/3162 3165/3165/3165 3157/3157/3157
f 3166/3166/3166 3168/3168/3168 3159/3159/3159
f 3159/3159/3159 3157/3157/3157 3166/3166/3166
f 3170/3170/3170 3171/3171/3171 3172/3172/3172
f 3172/3172/3172 3173/3173/3173 3170/3170/3170
f 3170/3170/3170 3173/3173/3173 3174/3174/3174
f 3174/3174/3174 3176/3176/3176 3170/3170/3170
f 3176/3176/3176 3174/3174/3174 3178/3178/3178
f 3178/3178/3178 3179/3179/3179 3176/3176/3176
f 3180/3180/3180 3177/3177/3177 3181/3181/3181
f 3181/3181/3181 3182/3182/3182 3180/3180/3180
f 3182/3182/3182 3181/3181/3181 3183/3183/3183
f 3183/3183/3183 3184/3184/3184 3182/3182/3182
f 3184/3184/3184 3183/3183/3183 3185/3185/3185
f 3185/3185/3185 3186/3186/3186 3184/3184/3184
f 3187/3187/3187 3111/3111/3111 3110/3110/3110
f 3110/3110/3110 3188/3188/3188 3187/3187/3187
f 3189/3189/3189 3187/3187/3187 3188/3188/3188
f 3188/3188/3188 3190/3190/3190 3189/3189/3189
f 3191/3191/3191 3189/3189/3189 3190/3190/3190
f 3190/3190/3190 3192/3192/3192 3191/3191/3191
f 3194/3194/3194 3191/3191/3191 3192/3192/3192
f 3192/3192/3192 3195/3195/3195 3194/3194/3194
f 3196/3196/3196 3194/3194/3194 3195/3195/3195
f 3195/3195/3195 3199/3199/3199 3196/3196/3196
f 3200/3200/3200 3196/3196/3196 3199/3199/3199
f 3199/3199/3199 3203/3203/3203 3200/3200/3200
f 3200/3200/3200 3203/3203/3203 3204/3204/3204
f 3204/3204/3204 3206/3206/3206 3200/3200/3200
f 3207/3207/3207 3142/3142/3142 3143/3143/3143
f 3143/3143/3143 3208/3208/3208 3207/3207/3207
f 3209/3209/3209 3207/3207/3207 3208/3208/3208
f 3208/3208/3208 3210/3210/3210 3209/3209/3209
f 3211/3211/3211 3209/3209/3209 3210/3210/3210
f 3210/3210/3210 3213/3213/3213 3211/3211/3211
f 3216/3216/3216 3212/3212/3212 3214/3214/3214
f 3214/3214/3214 3217/3217/3217 3216/3216/3216
f 3219/3219/3219 3216/3216/3216 3217/3217/3217
f 3217/3217/3217 3220/3220/3220 3219/3219/3219
f 3221/3221/3221 3219/3219/3219 3220/3220/3220
f 3220/3220/3220 3222/3222/3222 3221/3221/3221
f 3223/3223/3223 3145/3145/3145 2814/2814/2814
f 2814/2814/2814 2863/2863/2863 3223/3223/3223
f 3224/3224/3224 3223/3223/3223 2863/2863/2863
f 2863/2863/2863 2865/2865/2865 3224/3224/3224
f 3225/3225/3225 3224/3224/3224 2865/2865/2865
f 2865/2865/2865 2867/2867/2867 3225/3225/3225
f 3227/3227/3227 3225/3225/3225 2867/2867/2867
f 2867/2867/2867 2869/2869/2869 3227/3227/3227
f 3229/3229/3229 3227/3227/3227 2869/2869/2869
f 2869/2869/2869 2872/2872/2872 3229/3229/3229
f 3230/3230/3230 3229/3229/3229 2872/2872/2872
f 2872/2872/2872 2876/2876/2876 3230/3230/3230
f 3232/3232/3232 3230/3230/3230 2876/2876/2876
f 2876/2876/2876 2879/2879/2879 3232/3232/3232
f 3234/3234/3234 2308/2308/2308 3235/3235/3235
f 3235/3235/3235 3236/3236/3236 3234/3234/3234
f 3237/3237/3237 3238/3238/3238 3239/3239/3239
f 3239/3239/3239 3240/3240/3240 3237/3237/3237
f 3236/3236/3236 3235/3235/3235 3241/3241/3241
f 3241/3241/3241 3242/3242/3242 3236/3236/3236
f 3243/3243/3243 3237/3237/3237 3240/3240/3240
f 3240/3240/3240 3244/3244/3244 3243/3243/3243
f 3242/3242/3242 3241/3241/3241 3245/3245/3245
f 3245/3245/3245 3246/3246/3246 3242/3242/3242
f 3248/3248/3248 3243/3243/3243 3244/3244/3244
f 3244/3244/3244 3249/3249/3249 3248/3248/3248
f 3246/3246/3246 3245/3245/3245 3252/3252/3252
f 3252/3252/3252 3253/3253/3253 3246/3246/3246
f 3254/3254/3254 3248/3248/3248 3249/3249/3249
f 3249/3249/3249 3257/3257/3257 3254/3254/3254
f 3253/3253/3253 3252/3252/3252 3165/3165/3165
f 3165/3165/3165 3162/3162/3162 3253/3253/3253
f 3254/3254/3254 3257/3257/3257 3258/3258/3258
f 3258/3258/3258 3260/3260/3260 3254/3254/3254
f 3260/3260/3260 3258/3258/3258 3262/3262/3262
f 3262/3262/3262 3264/3264/3264 3260/3260/3260
f 3266/3266/3266 3267/3267/3267 3268/3268/3268
f 3268/3268/3268 3269/3269/3269 3266/3266/3266
f 3267/3267/3267 3270/3270/3270 3271/3271/3271
f 3271/3271/3271 3268/3268/3268 3267/3267/3267
f 3270/3270/3270 3272/3272/3272 3273/3273/3273
f 3273/3273/3273 3271/3271/3271 3270/3270/3270
f 3272/3272/3272 3274/3274/3274 3275/3275/3275
f 3275/3275/3275 3273/3273/3273 3272/3272/3272
f 3274/3274/3274 3276/3276/3276 3277/3277/3277
f 3277/3277/3277 3275/3275/3275 3274/3274/3274
f 3276/3276/3276 3278/3278/3278 3279/3279/3279
f 3279/3279/3279 3277/3277/3277 3276/3276/3276
f 3278/3278/3278 2355/2355/2355 2354/2354/2354
f 2354/2354/2354 3279/3279/3279 3278/3278/3278
f 3280/3280/3280 3007/3007/3007 3006/3006/3006
f 3006/3006/3006 3281/3281/3281 3280/3280/3280
f 3047/3047/3047 3046/3046/3046 3282/3282/3282
f 3282/3282/3282 3283/3283/3283 3047/3047/3047
f 3284/3284/3284 3285/3285/3285 3286/3286/3286
f 3286/3286/3286 3287/3287/3287 3284/3284/3284
f 3288/3288/3288 3289/3289/3289 3285/3285/3285
f 3285/3285/3285 3284/3284/3284 3288/3288/3288
f 3290/3290/3290 3291/3291/3291 3289/3289/3289
f 3289/3289/3289 3288/3288/3288 3290/3290/3290
f 3292/3292/3292 3293/3293/3293 3291/3291/3291
f 3291/3291/3291 3290/3290/3290 3292/3292/3292
f 3294/3294/3294 3296/3296/3296 3293/3293/3293
f 3293/3293/3293 3292/3292/3292 3294/3294/3294
f 3298/3298/3298 3299/3299/3299 3296/3296/3296
f 3296/3296/3296 3294/3294/3294 3298/3298/3298
f 3301/3301/3301 3302/3302/3302 3299/3299/3299
f 3299/3299/3299 3298/3298/3298 3301/3301/3301
f 3303/3303/3303 3305/3305/3305 3306/3306/3306
f 3306/3306/3306 3308/3308/3308 3303/3303/3303
f 3308/3308/3308 3306/3306/3306 3309/3309/3309
f 3309/3309/3309 3310/3310/3310 3308/3308/3308
f 3310/3310/3310 3309/3309/3309 3312/3312/3312
f 3312/3312/3312 3313/3313/3313 3310/3310/3310
f 3313/3313/3313 3312/3312/3312 3314/3314/3314
f 3314/3314/3314 3315/3315/3315 3313/3313/3313
f 3315/3315/3315 3314/3314/3314 3316/3316/3316
f 3316/3316/3316 3317/3317/3317 3315/3315/3315
f 3317/3317/3317 3316/3316/3316 3318/3318/3318
f 3318/3318/3318 3319/3319/3319 3317/3317/3317
f 3319/3319/3319 3318/3318/3318 3320/3320/3320
f 3320/3320/3320 3287/3287/3287 3319/3319/3319
f 3321/3321/3321 3287/3287/3287 3320/3320/3320
f 3320/3320/3320 3322/3322/3322 3321/3321/3321
f 3323/3323/3323 3324/3324/3324 3325/3325/3325
f 3325/3325/3325 3287/3287/3287 3323/3323/3323
f 3326/3326/3326 3327/3327/3327 3324/3324/3324
f 3324/3324/3324 3323/3323/3323 3326/3326/3326
f 3328/3328/3328 3329/3329/3329 3327/3327/3327
f 3327/3327/3327 3326/3326/3326 3328/3328/3328
f 3330/3330/3330 3331/3331/3331 3329/3329/3329
f 3329/3329/3329 3328/3328/3328 3330/3330/3330
f 3333/3333/3333 3334/3334/3334 3331/3331/3331
f 3331/3331/3331 3330/3330/3330 3333/3333/3333
f 3336/3336/3336 3337/3337/3337 3334/3334/3334
f 3334/3334/3334 3333/3333/3333 3336/3336/3336
f 3339/3339/3339 3340/3340/3340 3337/3337/3337
f 3337/3337/3337 3336/3336/3336 3339/3339/3339
f 3319/3319/3319 3287/3287/3287 3286/3286/3286
f 3286/3286/3286 3341/3341/3341 3319/3319/3319
f 3317/3317/3317 3319/3319/3319 3341/3341/3341
f 3341/3341/3341 3342/3342/3342 3317/3317/3317
f 3315/3315/3315 3317/3317/3317 3342/3342/3342
f 3342/3342/3342 3343/3343/3343 3315/3315/3315
f 3313/3313/3313 3315/3315/3315 3343/3343/3343
f 3343/3343/3343 3344/3344/3344 3313/3313/3313
f 3311/3311/3311 3313/3313/3313 3344/3344/3344
f 3344/3344/3344 3345/3345/3345 3311/3311/3311
f 3345/3345/3345 3346/3346/3346 3307/3307/3307
f 3307/3307/3307 3311/3311/3311 3345/3345/3345
f 3346/3346/3346 3347/3347/3347 3304/3304/3304
f 3304/3304/3304 3307/3307/3307 3346/3346/3346
f 3348/3348/3348 3321/3321/3321 3322/3322/3322
f 3322/3322/3322 3349/3349/3349 3348/3348/3348
f 3350/3350/3350 3348/3348/3348 3349/3349/3349
f 3349/3349/3349 3351/3351/3351 3350/3350/3350
f 3352/3352/3352 3350/3350/3350 3351/3351/3351
f 3351/3351/3351 3353/3353/3353 3352/3352/3352
f 3354/3354/3354 3352/3352/3352 3353/3353/3353
f 3353/3353/3353 3356/3356/3356 3354/3354/3354
f 3358/3358/3358 3354/3354/3354 3356/3356/3356
f 3356/3356/3356 3359/3359/3359 3358/3358/3358
f 3360/3360/3360 3358/3358/3358 3359/3359/3359
f 3359/3359/3359 3362/3362/3362 3360/3360/3360
f 3284/3284/3284 3287/3287/3287 3325/3325/3325
f 3325/3325/3325 3363/3363/3363 3284/3284/3284
f 3288/3288/3288 3284/3284/3284 3363/3363/3363
f 3363/3363/3363 3364/3364/3364 3288/3288/3288
f 3290/3290/3290 3288/3288/3288 3364/3364/3364
f 3364/3364/3364 3365/3365/3365 3290/3290/3290
f 3365/3365/3365 3366/3366/3366 3292/3292/3292
f 3292/3292/3292 3290/3290/3290 3365/3365/3365
f 3366/3366/3366 3367/3367/3367 3295/3295/3295
f 3295/3295/3295 3292/3292/3292 3366/3366/3366
f 3367/3367/3367 3368/3368/3368 3297/3297/3297
f 3297/3297/3297 3295/3295/3295 3367/3367/3367
f 3368/3368/3368 3369/3369/3369 3300/3300/3300
f 3300/3300/3300 3297/3297/3297 3368/3368/3368
f 3370/3370/3370 3371/3371/3371 3323/3323/3323
f 3323/3323/3323 3287/3287/3287 3370/3370/3370
f 3371/3371/3371 3372/3372/3372 3326/3326/3326
f 3326/3326/3326 3323/3323/3323 3371/3371/3371
f 3372/3372/3372 3373/3373/3373 3328/3328/3328
f 3328/3328/3328 3326/3326/3326 3372/3372/3372
f 3373/3373/3373 3374/3374/3374 3330/3330/3330
f 3330/3330/3330 3328/3328/3328 3373/3373/3373
f 3374/3374/3374 3375/3375/3375 3332/3332/3332
f 3332/3332/3332 3330/3330/3330 3374/3374/3374
f 3376/3376/3376 3377/3377/3377 3378/3378/3378
f 3378/3378/3378 3379/3379/3379 3376/3376/3376
f 3380/3380/3380 3376/3376/3376 3379/3379/3379
f 3379/3379/3379 3381/3381/3381 3380/3380/3380
f 3382/3382/3382 3380/3380/3380 3381/3381/3381
f 3381/3381/3381 3383/3383/3383 3382/3382/3382
f 3384/3384/3384 3382/3382/3382 3383/3383/3383
f 3383/3383/3383 3386/3386/3386 3384/3384/3384
f 3388/3388/3388 3384/3384/3384 3386/3386/3386
f 3386/3386/3386 3389/3389/3389 3388/3388/3388
f 3390/3390/3390 3388/3388/3388 3389/3389/3389
f 3389/3389/3389 3391/3391/3391 3390/3390/3390
f 3392/3392/3392 3390/3390/3390 3391/3391/3391
f 3391/3391/3391 3393/3393/3393 3392/3392/3392
f 3394/3394/3394 3398/3398/3398 3306/3306/3306
f 3306/3306/3306 3305/3305/3305 3394/3394/3394
f 3398/3398/3398 3399/3399/3399 3309/3309/3309
f 3309/3309/3309 3306/3306/3306 3398/3398/3398
f 3399/3399/3399 3401/3401/3401 3312/3312/3312
f 3312/3312/3312 3309/3309/3309 3399/3399/3399
f 3401/3401/3401 3402/3402/3402 3314/3314/3314
f 3314/3314/3314 3312/3312/3312 3401/3401/3401
f 3402/3402/3402 3403/3403/3403 3316/3316/3316
f 3316/3316/3316 3314/3314/3314 3402/3402/3402
f 3403/3403/3403 3404/3404/3404 3318/3318/3318
f 3318/3318/3318 3316/3316/3316 3403/3403/3403
f 3404/3404/3404 3405/3405/3405 3320/3320/3320
f 3320/3320/3320 3318/3318/3318 3404/3404/3404
f 3406/3406/3406 3322/3322/3322 3320/3320/3320
f 3320/3320/3320 3405/3405/3405 3406/3406/3406
f 3407/3407/3407 3408/3408/3408 3409/3409/3409
f 3409/3409/3409 3410/3410/3410 3407/3407/3407
f 3411/3411/3411 3407/3407/3407 3410/3410/3410
f 3410/3410/3410 3412/3412/3412 3411/3411/3411
f 3413/3413/3413 3411/3411/3411 3412/3412/3412
f 3412/3412/3412 3414/3414/3414 3413/3413/3413
f 3415/3415/3415 3413/3413/3413 3414/3414/3414
f 3414/3414/3414 3416/3416/3416 3415/3415/3415
f 3418/3418/3418 3415/3415/3415 3416/3416/3416
f 3416/3416/3416 3419/3419/3419 3418/3418/3418
f 3420/3420/3420 3418/3418/3418 3419/3419/3419
f 3419/3419/3419 3422/3422/3422 3420/3420/3420
f 3423/3423/3423 3420/3420/3420 3422/3422/3422
f 3422/3422/3422 3424/3424/3424 3423/3423/3423
f 3425/3425/3425 3426/3426/3426 3378/3378/3378
f 3378/3378/3378 3377/3377/3377 3425/3425/3425
f 3427/3427/3427 3428/3428/3428 3426/3426/3426
f 3426/3426/3426 3425/3425/3425 3427/3427/3427
f 3429/3429/3429 3430/3430/3430 3428/3428/3428
f 3428/3428/3428 3427/3427/3427 3429/3429/3429
f 3432/3432/3432 3433/3433/3433 3430/3430/3430
f 3430/3430/3430 3429/3429/3429 3432/3432/3432
f 3434/3434/3434 3436/3436/3436 3433/3433/3433
f 3433/3433/3433 3432/3432/3432 3434/3434/3434
f 3437/3437/3437 3438/3438/3438 3436/3436/3436
f 3436/3436/3436 3434/3434/3434 3437/3437/3437
f 3439/3439/3439 3440/3440/3440 3438/3438/3438
f 3438/3438/3438 3437/3437/3437 3439/3439/3439
f 3441/3441/3441 3349/3349/3349 3322/3322/3322
f 3322/3322/3322 3406/3406/3406 3441/3441/3441
f 3442/3442/3442 3351/3351/3351 3349/3349/3349
f 3349/3349/3349 3441/3441/3441 3442/3442/3442
f 3443/3443/3443 3353/3353/3353 3351/3351/3351
f 3351/3351/3351 3442/3442/3442 3443/3443/3443
f 3445/3445/3445 3356/3356/3356 3353/3353/3353
f 3353/3353/3353 3443/3443/3443 3445/3445/3445
f 3448/3448/3448 3359/3359/3359 3356/3356/3356
f 3356/3356/3356 3445/3445/3445 3448/3448/3448
f 3449/3449/3449 3362/3362/3362 3359/3359/3359
f 3359/3359/3359 3448/3448/3448 3449/3449/3449
f 3451/3451/3451 3452/3452/3452 3409/3409/3409
f 3409/3409/3409 3408/3408/3408 3451/3451/3451
f 3453/3453/3453 3454/3454/3454 3452/3452/3452
f 3452/3452/3452 3451/3451/3451 3453/3453/3453
f 3455/3455/3455 3457/3457/3457 3454/3454/3454
f 3454/3454/3454 3453/3453/3453 3455/3455/3455
f 3458/3458/3458 3460/3460/3460 3457/3457/3457
f 3457/3457/3457 3455/3455/3455 3458/3458/3458
f 3461/3461/3461 3463/3463/3463 3460/3460/3460
f 3460/3460/3460 3458/3458/3458 3461/3461/3461
f 3466/3466/3466 3467/3467/3467 3463/3463/3463
f 3463/3463/3463 3461/3461/3461 3466/3466/3466
f 3468/3468/3468 3470/3470/3470 3467/3467/3467
f 3467/3467/3467 3466/3466/3466 3468/3468/3468
f 3471/3471/3471 3472/3472/3472 3473/3473/3473
f 3473/3473/3473 3474/3474/3474 3471/3471/3471
f 3475/3475/3475 3476/3476/3476 3472/3472/3472
f 3472/3472/3472 3471/3471/3471 3475/3475/3475
f 3478/3478/3478 3479/3479/3479 3476/3476/3476
f 3476/3476/3476 3475/3475/3475 3478/3478/3478
f 3481/3481/3481 3483/3483/3483 3479/3479/3479
f 3479/3479/3479 3478/3478/3478 3481/3481/3481
f 3484/3484/3484 3486/3486/3486 3483/3483/3483
f 3483/3483/3483 3481/3481/3481 3484/3484/3484
f 3487/3487/3487 3488/3488/3488 3489/3489/3489
f 3489/3489/3489 3490/3490/3490 3487/3487/3487
f 3491/3491/3491 3492/3492/3492 3488/3488/3488
f 3488/3488/3488 3487/3487/3487 3491/3491/3491
f 3493/3493/3493 3495/3495/3495 3492/3492/3492
f 3492/3492/3492 3491/3491/3491 3493/3493/3493
f 3496/3496/3496 3498/3498/3498 3495/3495/3495
f 3495/3495/3495 3493/3493/3493 3496/3496/3496
f 3499/3499/3499 3500/3500/3500 3498/3498/3498
f 3498/3498/3498 3496/3496/3496 3499/3499/3499
f 3501/3501/3501 3502/3502/3502 3500/3500/3500
f 3500/3500/3500 3499/3499/3499 3501/3501/3501
f 3503/3503/3503 3410/3410/3410 3409/3409/3409
f 3409/3409/3409 3022/3022/3022 3503/3503/3503
f 3504/3504/3504 3412/3412/3412 3410/3410/3410
f 3410/3410/3410 3503/3503/3503 3504/3504/3504
f 3505/3505/3505 3414/3414/3414 3412/3412/3412
f 3412/3412/3412 3504/3504/3504 3505/3505/3505
f 3506/3506/3506 3416/3416/3416 3414/3414/3414
f 3414/3414/3414 3505/3505/3505 3506/3506/3506
f 3507/3507/3507 3419/3419/3419 3416/3416/3416
f 3416/3416/3416 3506/3506/3506 3507/3507/3507
f 3509/3509/3509 3422/3422/3422 3419/3419/3419
f 3419/3419/3419 3507/3507/3507 3509/3509/3509
f 3511/3511/3511 3424/3424/3424 3422/3422/3422
f 3422/3422/3422 3509/3509/3509 3511/3511/3511
f 3512/3512/3512 3022/3022/3022 3409/3409/3409
f 3409/3409/3409 3452/3452/3452 3512/3512/3512
f 3513/3513/3513 3512/3512/3512 3452/3452/3452
f 3452/3452/3452 3454/3454/3454 3513/3513/3513
f 3515/3515/3515 3513/3513/3513 3454/3454/3454
f 3454/3454/3454 3457/3457/3457 3515/3515/3515
f 3517/3517/3517 3515/3515/3515 3457/3457/3457
f 3457/3457/3457 3460/3460/3460 3517/3517/3517
f 3518/3518/3518 3517/3517/3517 3460/3460/3460
f 3460/3460/3460 3463/3463/3463 3518/3518/3518
f 3521/3521/3521 3518/3518/3518 3463/3463/3463
f 3463/3463/3463 3467/3467/3467 3521/3521/3521
f 3523/3523/3523 3521/3521/3521 3467/3467/3467
f 3467/3467/3467 3470/3470/3470 3523/3523/3523
f 3525/3525/3525 3526/3526/3526 3527/3527/3527
f 3527/3527/3527 3528/3528/3528 3525/3525/3525
f 3529/3529/3529 3525/3525/3525 3528/3528/3528
f 3528/3528/3528 3531/3531/3531 3529/3529/3529
f 3532/3532/3532 3529/3529/3529 3531/3531/3531
f 3531/3531/3531 3535/3535/3535 3532/3532/3532
f 3536/3536/3536 3532/3532/3532 3535/3535/3535
f 3535/3535/3535 3538/3538/3538 3536/3536/3536
f 3375/3375/3375 3539/3539/3539 3335/3335/3335
f 3335/3335/3335 3332/3332/3332 3375/3375/3375
f 3539/3539/3539 3540/3540/3540 3338/3338/3338
f 3338/3338/3338 3335/3335/3335 3539/3539/3539
f 3370/3370/3370 3287/3287/3287 3321/3321/3321
f 3321/3321/3321 3541/3541/3541 3370/3370/3370
f 3541/3541/3541 3321/3321/3321 3348/3348/3348
f 3348/3348/3348 3542/3542/3542 3541/3541/3541
f 3542/3542/3542 3348/3348/3348 3350/3350/3350
f 3350/3350/3350 3543/3543/3543 3542/3542/3542
f 3543/3543/3543 3350/3350/3350 3352/3352/3352
f 3352/3352/3352 3544/3544/3544 3543/3543/3543
f 3544/3544/3544 3352/3352/3352 3355/3355/3355
f 3355/3355/3355 3545/3545/3545 3544/3544/3544
f 3545/3545/3545 3355/3355/3355 3357/3357/3357
f 3357/3357/3357 3546/3546/3546 3545/3545/3545
f 3546/3546/3546 3357/3357/3357 3361/3361/3361
f 3361/3361/3361 3547/3547/3547 3546/3546/3546
f 3486/3486/3486 3484/3484/3484 3548/3548/3548
f 3548/3548/3548 3550/3550/3550 3486/3486/3486
f 3550/3550/3550 3548/3548/3548 3551/3551/3551
f 3551/3551/3551 3553/3553/3553 3550/3550/3550
f 3473/3473/3473 3554/3554/3554 3555/3555/3555
f 3555/3555/3555 3474/3474/3474 3473/3473/3473
f 3554/3554/3554 3556/3556/3556 3557/3557/3557
f 3557/3557/3557 3555/3555/3555 3554/3554/3554
f 3556/3556/3556 3558/3558/3558 3559/3559/3559
f 3559/3559/3559 3557/3557/3557 3556/3556/3556
f 3558/3558/3558 3560/3560/3560 3561/3561/3561
f 3561/3561/3561 3559/3559/3559 3558/3558/3558
f 3560/3560/3560 3563/3563/3563 3564/3564/3564
f 3564/3564/3564 3561/3561/3561 3560/3560/3560
f 3563/3563/3563 3566/3566/3566 3567/3567/3567
f 3567/3567/3567 3564/3564/3564 3563/3563/3563
f 3566/3566/3566 3568/3568/3568 3569/3569/3569
f 3569/3569/3569 3567/3567/3567 3566/3566/3566
f 3538/3538/3538 3570/3570/3570 3571/3571/3571
f 3571/3571/3571 3536/3536/3536 3538/3538/3538
f 3570/3570/3570 3573/3573/3573 3574/3574/3574
f 3574/3574/3574 3571/3571/3571 3570/3570/3570
f 3576/3576/3576 3577/3577/3577 3578/3578/3578
f 3578/3578/3578 3579/3579/3579 3576/3576/3576
f 3577/3577/3577 3580/3580/3580 3581/3581/3581
f 3581/3581/3581 3578/3578/3578 3577/3577/3577
f 3580/3580/3580 3582/3582/3582 3583/3583/3583
f 3583/3583/3583 3581/3581/3581 3580/3580/3580
f 3582/3582/3582 3584/3584/3584 3585/3585/3585
f 3585/3585/3585 3583/3583/3583 3582/3582/3582
f 3584/3584/3584 3586/3586/3586 3588/3588/3588
f 3588/3588/3588 3585/3585/3585 3584/3584/3584
f 3586/3586/3586 3589/3589/3589 3590/3590/3590
f 3590/3590/3590 3588/3588/3588 3586/3586/3586
f 3589/3589/3589 3592/3592/3592 3593/3593/3593
f 3593/3593/3593 3590/3590/3590 3589/3589/3589
f 3595/3595/3595 3596/3596/3596 3598/3598/3598
f 3598/3598/3598 3600/3600/3600 3595/3595/3595
f 3601/3601/3601 3595/3595/3595 3600/3600/3600
f 3600/3600/3600 3602/3602/3602 3601/3601/3601
f 3604/3604/3604 3601/3601/3601 3602/3602/3602
f 3602/3602/3602 3605/3605/3605 3604/3604/3604
f 3606/3606/3606 3604/3604/3604 3605/3605/3605
f 3605/3605/3605 3607/3607/3607 3606/3606/3606
f 3608/3608/3608 3606/3606/3606 3607/3607/3607
f 3607/3607/3607 3609/3609/3609 3608/3608/3608
f 3610/3610/3610 3608/3608/3608 3609/3609/3609
f 3609/3609/3609 3611/3611/3611 3610/3610/3610
f 3612/3612/3612 3610/3610/3610 3611/3611/3611
f 3611/3611/3611 3579/3579/3579 3612/3612/3612
f 3613/3613/3613 3614/3614/3614 3612/3612/3612
f 3612/3612/3612 3579/3579/3579 3613/3613/3613
f 3615/3615/3615 3579/3579/3579 3325/3325/3325
f 3325/3325/3325 3324/3324/3324 3615/3615/3615
f 3616/3616/3616 3615/3615/3615 3324/3324/3324
f 3324/3324/3324 3327/3327/3327 3616/3616/3616
f 3617/3617/3617 3616/3616/3616 3327/3327/3327
f 3327/3327/3327 3329/3329/3329 3617/3617/3617
f 3618/3618/3618 3617/3617/3617 3329/3329/3329
f 3329/3329/3329 3331/3331/3331 3618/3618/3618
f 3620/3620/3620 3618/3618/3618 3331/3331/3331
f 3331/3331/3331 3334/3334/3334 3620/3620/3620
f 3622/3622/3622 3620/3620/3620 3334/3334/3334
f 3334/3334/3334 3337/3337/3337 3622/3622/3622
f 3623/3623/3623 3622/3622/3622 3337/3337/3337
f 3337/3337/3337 3340/3340/3340 3623/3623/3623
f 3619/3619/3619 3621/3621/3621 3626/3626/3626
f 3626/3626/3626 3628/3628/3628 3619/3619/3619
f 3621/3621/3621 3624/3624/3624 3630/3630/3630
f 3630/3630/3630 3626/3626/3626 3621/3621/3621
f 3632/3632/3632 3633/3633/3633 3634/3634/3634
f 3634/3634/3634 3635/3635/3635 3632/3632/3632
f 3637/3637/3637 3633/3633/3633 3632/3632/3632
f 3632/3632/3632 3638/3638/3638 3637/3637/3637
f 3640/3640/3640 3637/3637/3637 3638/3638/3638
f 3638/3638/3638 3642/3642/3642 3640/3640/3640
f 3644/3644/3644 3641/3641/3641 3643/3643/3643
f 3643/3643/3643 3645/3645/3645 3644/3644/3644
f 3646/3646/3646 3644/3644/3644 3645/3645/3645
f 3645/3645/3645 3647/3647/3647 3646/3646/3646
f 3648/3648/3648 3646/3646/3646 3647/3647/3647
f 3647/3647/3647 3649/3649/3649 3648/3648/3648
f 3611/3611/3611 3650/3650/3650 3576/3576/3576
f 3576/3576/3576 3579/3579/3579 3611/3611/3611
f 3609/3609/3609 3651/3651/3651 3650/3650/3650
f 3650/3650/3650 3611/3611/3611 3609/3609/3609
f 3607/3607/3607 3652/3652/3652 3651/3651/3651
f 3651/3651/3651 3609/3609/3609 3607/3607/3607
f 3605/3605/3605 3653/3653/3653 3652/3652/3652
f 3652/3652/3652 3607/3607/3607 3605/3605/3605
f 3603/3603/3603 3654/3654/3654 3653/3653/3653
f 3653/3653/3653 3605/3605/3605 3603/3603/3603
f 3599/3599/3599 3655/3655/3655 3654/3654/3654
f 3654/3654/3654 3603/3603/3603 3599/3599/3599
f 3597/3597/3597 3656/3656/3656 3655/3655/3655
f 3655/3655/3655 3599/3599/3599 3597/3597/3597
f 3657/3657/3657 3658/3658/3658 3614/3614/3614
f 3614/3614/3614 3613/3613/3613 3657/3657/3657
f 3659/3659/3659 3660/3660/3660 3658/3658/3658
f 3658/3658/3658 3657/3657/3657 3659/3659/3659
f 3662/3662/3662 3664/3664/3664 3660/3660/3660
f 3660/3660/3660 3659/3659/3659 3662/3662/3662
f 3665/3665/3665 3667/3667/3667 3663/3663/3663
f 3663/3663/3663 3661/3661/3661 3665/3665/3665
f 3669/3669/3669 3670/3670/3670 3667/3667/3667
f 3667/3667/3667 3665/3665/3665 3669/3669/3669
f 3671/3671/3671 3673/3673/3673 3670/3670/3670
f 3670/3670/3670 3669/3669/3669 3671/3671/3671
f 3578/3578/3578 3363/3363/3363 3325/3325/3325
f 3325/3325/3325 3579/3579/3579 3578/3578/3578
f 3581/3581/3581 3364/3364/3364 3363/3363/3363
f 3363/3363/3363 3578/3578/3578 3581/3581/3581
f 3583/3583/3583 3365/3365/3365 3364/3364/3364
f 3364/3364/3364 3581/3581/3581 3583/3583/3583
f 3585/3585/3585 3366/3366/3366 3365/3365/3365
f 3365/3365/3365 3583/3583/3583 3585/3585/3585
f 3587/3587/3587 3367/3367/3367 3366/3366/3366
f 3366/3366/3366 3585/3585/3585 3587/3587/3587
f 3591/3591/3591 3368/3368/3368 3367/3367/3367
f 3367/3367/3367 3587/3587/3587 3591/3591/3591
f 3594/3594/3594 3369/3369/3369 3368/3368/3368
f 3368/3368/3368 3591/3591/3591 3594/3594/3594
f 3674/3674/3674 2751/2751/2751 2750/2750/2750
f 2750/2750/2750 3615/3615/3615 3674/3674/3674
f 3579/3579/3579 3615/3615/3615 2750/2750/2750
f 3647/3647/3647 3657/3657/3657 3613/3613/3613
f 3613/3613/3613 3649/3649/3649 3647/3647/3647
f 3615/3615/3615 3616/3616/3616 3675/3675/3675
f 3675/3675/3675 3674/3674/3674 3615/3615/3615
f 3645/3645/3645 3659/3659/3659 3657/3657/3657
f 3657/3657/3657 3647/3647/3647 3645/3645/3645
f 3616/3616/3616 3617/3617/3617 3676/3676/3676
f 3676/3676/3676 3675/3675/3675 3616/3616/3616
f 3643/3643/3643 3662/3662/3662 3659/3659/3659
f 3659/3659/3659 3645/3645/3645 3643/3643/3643
f 3617/3617/3617 3618/3618/3618 3677/3677/3677
f 3677/3677/3677 3676/3676/3676 3617/3617/3617
f 3639/3639/3639 3666/3666/3666 3662/3662/3662
f 3662/3662/3662 3643/3643/3643 3639/3639/3639
f 3618/3618/3618 3619/3619/3619 3628/3628/3628
f 3628/3628/3628 3677/3677/3677 3618/3618/3618
f 3639/3639/3639 3631/3631/3631 3668/3668/3668
f 3668/3668/3668 3666/3666/3666 3639/3639/3639
f 3636/3636/3636 3672/3672/3672 3668/3668/3668
f 3668/3668/3668 3631/3631/3631 3636/3636/3636
f 3629/3629/3629 3678/3678/3678 3679/3679/3679
f 3679/3679/3679 3625/3625/3625 3629/3629/3629
f 3625/3625/3625 3679/3679/3679 3680/3680/3680
f 3680/3680/3680 3627/3627/3627 3625/3625/3625
f 3681/3681/3681 3677/3677/3677 3627/3627/3627
f 3627/3627/3627 3680/3680/3680 3681/3681/3681
f 3682/3682/3682 3676/3676/3676 3677/3677/3677
f 3677/3677/3677 3681/3681/3681 3682/3682/3682
f 3683/3683/3683 3675/3675/3675 3676/3676/3676
f 3676/3676/3676 3682/3682/3682 3683/3683/3683
f 3684/3684/3684 3674/3674/3674 3675/3675/3675
f 3675/3675/3675 3683/3683/3683 3684/3684/3684
f 2763/2763/2763 2751/2751/2751 3674/3674/3674
f 3674/3674/3674 3684/3684/3684 2763/2763/2763
f 3280/3280/3280 3281/3281/3281 3490/3490/3490
f 3490/3490/3490 3489/3489/3489 3280/3280/3280
f 3526/3526/3526 3283/3283/3283 3282/3282/3282
f 3282/3282/3282 3527/3527/3527 3526/3526/3526
f 3186/3186/3186 3185/3185/3185 2764/2764/2764
f 2764/2764/2764 2765/2765/2765 3186/3186/3186
f 3234/3234/3234 3239/3239/3239 3238/3238/3238
f 3238/3238/3238 2308/2308/2308 3234/3234/3234
f 2766/2766/2766 3648/3648/3648 3649/3649/3649
f 3649/3649/3649 2767/2767/2767 2766/2766/2766
f 3613/3613/3613 3579/3579/3579 2750/2750/2750
f 2750/2750/2750 3649/3649/3649 3613/3613/3613
f 2767/2767/2767 3649/3649/3649 2750/2750/2750
f 3111/3111/3111 3685/3685/3685 3145/3145/3145
f 3145/3145/3145 3223/3223/3223 3111/3111/3111
f 3108/3108/3108 3111/3111/3111 3223/3223/3223
f 3112/3112/3112 3108/3108/3108 3223/3223/3223
f 3223/3223/3223 3224/3224/3224 3112/3112/3112
f 3114/3114/3114 3112/3112/3112 3224/3224/3224
f 3224/3224/3224 3225/3225/3225 3114/3114/3114
f 3119/3119/3119 3116/3116/3116 3226/3226/3226
f 3226/3226/3226 3228/3228/3228 3119/3119/3119
f 3118/3118/3118 3229/3229/3229 3230/3230/3230
f 3230/3230/3230 3122/3122/3122 3118/3118/3118
f 3124/3124/3124 3121/3121/3121 3231/3231/3231
f 3231/3231/3231 3233/3233/3233 3124/3124/3124
f 3133/3133/3133 3193/3193/3193 3197/3197/3197
f 3197/3197/3197 3131/3131/3131 3133/3133/3133
f 3135/3135/3135 3191/3191/3191 3194/3194/3194
f 3194/3194/3194 3133/3133/3133 3135/3135/3135
f 3137/3137/3137 3189/3189/3189 3191/3191/3191
f 3191/3191/3191 3135/3135/3135 3137/3137/3137
f 3139/3139/3139 3187/3187/3187 3189/3189/3189
f 3189/3189/3189 3137/3137/3137 3139/3139/3139
f 3141/3141/3141 3685/3685/3685 3111/3111/3111
f 3111/3111/3111 3187/3187/3187 3141/3141/3141
f 3139/3139/3139 3141/3141/3141 3187/3187/3187
f 3142/3142/3142 3239/3239/3239 3234/3234/3234
f 3234/3234/3234 3685/3685/3685 3142/3142/3142
f 3141/3141/3141 3142/3142/3142 3685/3685/3685
f 3145/3145/3145 3685/3685/3685 3234/3234/3234
f 3234/3234/3234 3236/3236/3236 3145/3145/3145
f 3144/3144/3144 3145/3145/3145 3236/3236/3236
f 3144/3144/3144 3236/3236/3236 3242/3242/3242
f 3242/3242/3242 3146/3146/3146 3144/3144/3144
f 3146/3146/3146 3242/3242/3242 3246/3246/3246
f 3246/3246/3246 3147/3147/3147 3146/3146/3146
f 3147/3147/3147 3246/3246/3246 3253/3253/3253
f 3253/3253/3253 3148/3148/3148 3147/3147/3147
f 3149/3149/3149 3253/3253/3253 3162/3162/3162
f 3162/3162/3162 3151/3151/3151 3149/3149/3149
f 3150/3150/3150 3161/3161/3161 3160/3160/3160
f 3160/3160/3160 3153/3153/3153 3150/3150/3150
f 3152/3152/3152 3159/3159/3159 3168/3168/3168
f 3168/3168/3168 3154/3154/3154 3152/3152/3152
f 3202/3202/3202 3129/3129/3129 3131/3131/3131
f 3131/3131/3131 3198/3198/3198 3202/3202/3202
f 3205/3205/3205 3126/3126/3126 3129/3129/3129
f 3129/3129/3129 3201/3201/3201 3205/3205/3205
f 3207/3207/3207 3209/3209/3209 3244/3244/3244
f 3244/3244/3244 3240/3240/3240 3207/3207/3207
f 3209/3209/3209 3211/3211/3211 3249/3249/3249
f 3249/3249/3249 3244/3244/3244 3209/3209/3209
f 3212/3212/3212 3216/3216/3216 3256/3256/3256
f 3256/3256/3256 3250/3250/3250 3212/3212/3212
f 3215/3215/3215 3218/3218/3218 3258/3258/3258
f 3258/3258/3258 3257/3257/3257 3215/3215/3215
f 3219/3219/3219 3221/3221/3221 3263/3263/3263
f 3263/3263/3263 3259/3259/3259 3219/3219/3219
f 3225/3225/3225 3227/3227/3227 3116/3116/3116
f 3116/3116/3116 3114/3114/3114 3225/3225/3225
f 3240/3240/3240 3239/3239/3239 3142/3142/3142
f 3142/3142/3142 3207/3207/3207 3240/3240/3240
f 2772/2772/2772 2862/2862/2862 2813/2813/2813
f 2813/2813/2813 3686/3686/3686 2772/2772/2772
f 2773/2773/2773 2772/2772/2772 3686/3686/3686
f 2772/2772/2772 2776/2776/2776 2864/2864/2864
f 2864/2864/2864 2862/2862/2862 2772/2772/2772
f 2778/2778/2778 2866/2866/2866 2864/2864/2864
f 2864/2864/2864 2776/2776/2776 2778/2778/2778
f 2780/2780/2780 2784/2784/2784 2871/2871/2871
f 2871/2871/2871 2868/2868/2868 2780/2780/2780
f 2786/2786/2786 2873/2873/2873 2870/2870/2870
f 2870/2870/2870 2783/2783/2783 2786/2786/2786
f 2788/2788/2788 2877/2877/2877 2875/2875/2875
f 2875/2875/2875 2786/2786/2786 2788/2788/2788
f 2798/2798/2798 2840/2840/2840 2837/2837/2837
f 2837/2837/2837 2800/2800/2800 2798/2798/2798
f 2802/2802/2802 2800/2800/2800 2836/2836/2836
f 2836/2836/2836 2834/2834/2834 2802/2802/2802
f 2804/2804/2804 2802/2802/2802 2834/2834/2834
f 2834/2834/2834 2832/2832/2832 2804/2804/2804
f 2804/2804/2804 2832/2832/2832 2830/2830/2830
f 2830/2830/2830 2806/2806/2806 2804/2804/2804
f 2806/2806/2806 2830/2830/2830 2773/2773/2773
f 2773/2773/2773 3686/3686/3686 2806/2806/2806
f 2808/2808/2808 2806/2806/2806 3686/3686/3686
f 2808/2808/2808 3686/3686/3686 2883/2883/2883
f 2883/2883/2883 3064/3064/3064 2808/2808/2808
f 2810/2810/2810 2808/2808/2808 3064/3064/3064
f 2812/2812/2812 2880/2880/2880 2883/2883/2883
f 2883/2883/2883 3686/3686/3686 2812/2812/2812
f 2813/2813/2813 2812/2812/2812 3686/3686/3686
f 2816/2816/2816 2884/2884/2884 2880/2880/2880
f 2880/2880/2880 2812/2812/2812 2816/2816/2816
f 2816/2816/2816 2818/2818/2818 2886/2886/2886
f 2886/2886/2886 2884/2884/2884 2816/2816/2816
f 2820/2820/2820 2888/2888/2888 2886/2886/2886
f 2886/2886/2886 2818/2818/2818 2820/2820/2820
f 2822/2822/2822 2892/2892/2892 2889/2889/2889
f 2889/2889/2889 2820/2820/2820 2822/2822/2822
f 2825/2825/2825 3059/3059/3059 2891/2891/2891
f 2891/2891/2891 2823/2823/2823 2825/2825/2825
f 2828/2828/2828 3062/3062/3062 3058/3058/3058
f 3058/3058/3058 2826/2826/2826 2828/2828/2828
f 2839/2839/2839 2797/2797/2797 2792/2792/2792
f 2792/2792/2792 2842/2842/2842 2839/2839/2839
f 2844/2844/2844 2842/2842/2842 2794/2794/2794
f 2794/2794/2794 2791/2791/2791 2844/2844/2844
f 2846/2846/2846 3066/3066/3066 3068/3068/3068
f 3068/3068/3068 2848/2848/2848 2846/2846/2846
f 2848/2848/2848 3068/3068/3068 3070/3070/3070
f 3070/3070/3070 2850/2850/2850 2848/2848/2848
f 2852/2852/2852 2850/2850/2850 3071/3071/3071
f 3071/3071/3071 3073/3073/3073 2852/2852/2852
f 2853/2853/2853 3074/3074/3074 3076/3076/3076
f 3076/3076/3076 2857/2857/2857 2853/2853/2853
f 2856/2856/2856 3076/3076/3076 3078/3078/3078
f 3078/3078/3078 2859/2859/2859 2856/2856/2856
f 2866/2866/2866 2778/2778/2778 2781/2781/2781
f 2781/2781/2781 2868/2868/2868 2866/2866/2866
f 2897/2897/2897 3687/3687/3687 2928/2928/2928
f 2928/2928/2928 2969/2969/2969 2897/2897/2897
f 2894/2894/2894 2897/2897/2897 2969/2969/2969
f 2894/2894/2894 2969/2969/2969 2971/2971/2971
f 2971/2971/2971 2898/2898/2898 2894/2894/2894
f 2900/2900/2900 2898/2898/2898 2971/2971/2971
f 2971/2971/2971 2974/2974/2974 2900/2900/2900
f 2902/2902/2902 2976/2976/2976 2980/2980/2980
f 2980/2980/2980 2905/2905/2905 2902/2902/2902
f 2906/2906/2906 2979/2979/2979 2984/2984/2984
f 2984/2984/2984 2908/2908/2908 2906/2906/2906
f 2910/2910/2910 2908/2908/2908 2983/2983/2983
f 2983/2983/2983 2986/2986/2986 2910/2910/2910
f 2917/2917/2917 2919/2919/2919 2949/2949/2949
f 2949/2949/2949 2952/2952/2952 2917/2917/2917
f 2920/2920/2920 2947/2947/2947 2950/2950/2950
f 2950/2950/2950 2919/2919/2919 2920/2920/2920
f 2921/2921/2921 2945/2945/2945 2947/2947/2947
f 2947/2947/2947 2920/2920/2920 2921/2921/2921
f 2921/2921/2921 2922/2922/2922 2943/2943/2943
f 2943/2943/2943 2945/2945/2945 2921/2921/2921
f 2923/2923/2923 3687/3687/3687 2897/2897/2897
f 2897/2897/2897 2943/2943/2943 2923/2923/2923
f 2922/2922/2922 2923/2923/2923 2943/2943/2943
f 2924/2924/2924 3086/3086/3086 2990/2990/2990
f 2990/2990/2990 3687/3687/3687 2924/2924/2924
f 2923/2923/2923 2924/2924/2924 3687/3687/3687
f 2928/2928/2928 3687/3687/3687 2990/2990/2990
f 2990/2990/2990 2989/2989/2989 2928/2928/2928
f 2925/2925/2925 2928/2928/2928 2989/2989/2989
f 2929/2929/2929 2925/2925/2925 2989/2989/2989
f 2989/2989/2989 2993/2993/2993 2929/2929/2929
f 2929/2929/2929 2993/2993/2993 2996/2996/2996
f 2996/2996/2996 2931/2931/2931 2929/2929/2929
f 2931/2931/2931 2995/2995/2995 2998/2998/2998
f 2998/2998/2998 2933/2933/2933 2931/2931/2931
f 2936/2936/2936 2933/2933/2933 3000/3000/3000
f 3000/3000/3000 3002/3002/3002 2936/2936/2936
f 2935/2935/2935 3003/3003/3003 3081/3081/3081
f 3081/3081/3081 2938/2938/2938 2935/2935/2935
f 2939/2939/2939 3080/3080/3080 3083/3083/3083
f 3083/3083/3083 2941/2941/2941 2939/2939/2939
f 2955/2955/2955 2915/2915/2915 2918/2918/2918
f 2918/2918/2918 2953/2953/2953 2955/2955/2955
f 2958/2958/2958 2913/2913/2913 2914/2914/2914
f 2914/2914/2914 2955/2955/2955 2958/2958/2958
f 2959/2959/2959 2960/2960/2960 3090/3090/3090
f 3090/3090/3090 3088/3088/3088 2959/2959/2959
f 2961/2961/2961 3093/3093/3093 3090/3090/3090
f 3090/3090/3090 2960/2960/2960 2961/2961/2961
f 2963/2963/2963 3096/3096/3096 3092/3092/3092
f 3092/3092/3092 2961/2961/2961 2963/2963/2963
f 2965/2965/2965 3098/3098/3098 3095/3095/3095
f 3095/3095/3095 2962/2962/2962 2965/2965/2965
f 2967/2967/2967 3100/3100/3100 3098/3098/3098
f 3098/3098/3098 2964/2964/2964 2967/2967/2967
f 2973/2973/2973 2977/2977/2977 2903/2903/2903
f 2903/2903/2903 2900/2900/2900 2973/2973/2973
f 3006/3006/3006 3005/3005/3005 3032/3032/3032
f 3032/3032/3032 3031/3031/3031 3006/3006/3006
f 3009/3009/3009 3033/3033/3033 3032/3032/3032
f 3032/3032/3032 3005/3005/3005 3009/3009/3009
f 3011/3011/3011 3014/3014/3014 3038/3038/3038
f 3038/3038/3038 3035/3035/3035 3011/3011/3011
f 3017/3017/3017 3039/3039/3039 3037/3037/3037
f 3037/3037/3037 3015/3015/3015 3017/3017/3017
f 3019/3019/3019 3043/3043/3043 3041/3041/3041
f 3041/3041/3041 3017/3017/3017 3019/3019/3019
f 3021/3021/3021 3047/3047/3047 3283/3283/3283
f 3283/3283/3283 3022/3022/3022 3021/3021/3021
f 3023/3023/3023 3044/3044/3044 3047/3047/3047
f 3047/3047/3047 3021/3021/3021 3023/3023/3023
f 3023/3023/3023 3024/3024/3024 3049/3049/3049
f 3049/3049/3049 3044/3044/3044 3023/3023/3023
f 3025/3025/3025 3052/3052/3052 3048/3048/3048
f 3048/3048/3048 3024/3024/3024 3025/3025/3025
f 3026/3026/3026 3056/3056/3056 3051/3051/3051
f 3051/3051/3051 3025/3025/3025 3026/3026/3026
f 3028/3028/3028 3102/3102/3102 3055/3055/3055
f 3055/3055/3055 3027/3027/3027 3028/3028/3028
f 3030/3030/3030 3106/3106/3106 3103/3103/3103
f 3103/3103/3103 3029/3029/3029 3030/3030/3030
f 3034/3034/3034 3009/3009/3009 3012/3012/3012
f 3012/3012/3012 3036/3036/3036 3034/3034/3034
f 3064/3064/3064 3066/3066/3066 2846/2846/2846
f 2846/2846/2846 2810/2810/2810 3064/3064/3064
f 3086/3086/3086 2924/2924/2924 2959/2959/2959
f 2959/2959/2959 3088/3088/3088 3086/3086/3086
f 3176/3176/3176 3179/3179/3179 3247/3247/3247
f 3247/3247/3247 3255/3255/3255 3176/3176/3176
f 3182/3182/3182 3243/3243/3243 3248/3248/3248
f 3248/3248/3248 3180/3180/3180 3182/3182/3182
f 3184/3184/3184 3237/3237/3237 3243/3243/3243
f 3243/3243/3243 3182/3182/3182 3184/3184/3184
f 3186/3186/3186 3238/3238/3238 3237/3237/3237
f 3237/3237/3237 3184/3184/3184 3186/3186/3186
f 3235/3235/3235 2308/2308/2308 2355/2355/2355
f 2355/2355/2355 3278/3278/3278 3235/3235/3235
f 3245/3245/3245 3274/3274/3274 3272/3272/3272
f 3272/3272/3272 3252/3252/3252 3245/3245/3245
f 3260/3260/3260 3169/3169/3169 3175/3175/3175
f 3175/3175/3175 3254/3254/3254 3260/3260/3260
f 3261/3261/3261 3265/3265/3265 3171/3171/3171
f 3171/3171/3171 3170/3170/3170 3261/3261/3261
f 3266/3266/3266 3167/3167/3167 3156/3156/3156
f 3156/3156/3156 3267/3267/3267 3266/3266/3266
f 3267/3267/3267 3158/3158/3158 3163/3163/3163
f 3163/3163/3163 3270/3270/3270 3267/3267/3267
f 3270/3270/3270 3164/3164/3164 3251/3251/3251
f 3251/3251/3251 3272/3272/3272 3270/3270/3270
f 3274/3274/3274 3245/3245/3245 3241/3241/3241
f 3241/3241/3241 3276/3276/3276 3274/3274/3274
f 3276/3276/3276 3241/3241/3241 3235/3235/3235
f 3235/3235/3235 3278/3278/3278 3276/3276/3276
f 3281/3281/3281 3006/3006/3006 3031/3031/3031
f 3031/3031/3031 3022/3022/3022 3281/3281/3281
f 3376/3376/3376 3451/3451/3451 3408/3408/3408
f 3408/3408/3408 3688/3688/3688 3376/3376/3376
f 3377/3377/3377 3376/3376/3376 3688/3688/3688
f 3376/3376/3376 3380/3380/3380 3453/3453/3453
f 3453/3453/3453 3451/3451/3451 3376/3376/3376
f 3382/3382/3382 3455/3455/3455 3453/3453/3453
f 3453/3453/3453 3380/3380/3380 3382/3382/3382
f 3385/3385/3385 3387/3387/3387 3461/3461/3461
f 3461/3461/3461 3458/3458/3458 3385/3385/3385
f 3390/3390/3390 3464/3464/3464 3462/3462/3462
f 3462/3462/3462 3388/3388/3388 3390/3390/3390
f 3392/3392/3392 3469/3469/3469 3465/3465/3465
f 3465/3465/3465 3390/3390/3390 3392/3392/3392
f 3399/3399/3399 3435/3435/3435 3431/3431/3431
f 3431/3431/3431 3401/3401/3401 3399/3399/3399
f 3402/3402/3402 3401/3401/3401 3432/3432/3432
f 3432/3432/3432 3429/3429/3429 3402/3402/3402
f 3403/3403/3403 3402/3402/3402 3429/3429/3429
f 3429/3429/3429 3427/3427/3427 3403/3403/3403
f 3403/3403/3403 3427/3427/3427 3425/3425/3425
f 3425/3425/3425 3404/3404/3404 3403/3403/3403
f 3404/3404/3404 3425/3425/3425 3377/3377/3377
f 3377/3377/3377 3688/3688/3688 3404/3404/3404
f 3405/3405/3405 3404/3404/3404 3688/3688/3688
f 3405/3405/3405 3688/3688/3688 3474/3474/3474
f 3474/3474/3474 3555/3555/3555 3405/3405/3405
f 3406/3406/3406 3405/3405/3405 3555/3555/3555
f 3407/3407/3407 3471/3471/3471 3474/3474/3474
f 3474/3474/3474 3688/3688/3688 3407/3407/3407
f 3408/3408/3408 3407/3407/3407 3688/3688/3688
f 3411/3411/3411 3475/3475/3475 3471/3471/3471
f 3471/3471/3471 3407/3407/3407 3411/3411/3411
f 3411/3411/3411 3413/3413/3413 3478/3478/3478
f 3478/3478/3478 3475/3475/3475 3411/3411/3411
f 3415/3415/3415 3480/3480/3480 3477/3477/3477
f 3477/3477/3477 3413/3413/3413 3415/3415/3415
f 3418/3418/3418 3485/3485/3485 3482/3482/3482
f 3482/3482/3482 3415/3415/3415 3418/3418/3418
f 3421/3421/3421 3548/3548/3548 3484/3484/3484
f 3484/3484/3484 3417/3417/3417 3421/3421/3421
f 3423/3423/3423 3552/3552/3552 3549/3549/3549
f 3549/3549/3549 3420/3420/3420 3423/3423/3423
f 3434/3434/3434 3400/3400/3400 3396/3396/3396
f 3396/3396/3396 3437/3437/3437 3434/3434/3434
f 3439/3439/3439 3437/3437/3437 3397/3397/3397
f 3397/3397/3397 3395/3395/3395 3439/3439/3439
f 3441/3441/3441 3557/3557/3557 3559/3559/3559
f 3559/3559/3559 3442/3442/3442 3441/3441/3441
f 3442/3442/3442 3559/3559/3559 3561/3561/3561
f 3561/3561/3561 3443/3443/3443 3442/3442/3442
f 3445/3445/3445 3443/3443/3443 3562/3562/3562
f 3562/3562/3562 3565/3565/3565 3445/3445/3445
f 3444/3444/3444 3564/3564/3564 3567/3567/3567
f 3567/3567/3567 3446/3446/3446 3444/3444/3444
f 3447/3447/3447 3567/3567/3567 3569/3569/3569
f 3569/3569/3569 3450/3450/3450 3447/3447/3447
f 3456/3456/3456 3382/3382/3382 3384/3384/3384
f 3384/3384/3384 3459/3459/3459 3456/3456/3456
f 3490/3490/3490 3512/3512/3512 3513/3513/3513
f 3513/3513/3513 3487/3487/3487 3490/3490/3490
f 3491/3491/3491 3487/3487/3487 3513/3513/3513
f 3513/3513/3513 3515/3515/3515 3491/3491/3491
f 3494/3494/3494 3517/3517/3517 3518/3518/3518
f 3518/3518/3518 3497/3497/3497 3494/3494/3494
f 3496/3496/3496 3519/3519/3519 3520/3520/3520
f 3520/3520/3520 3499/3499/3499 3496/3496/3496
f 3501/3501/3501 3499/3499/3499 3522/3522/3522
f 3522/3522/3522 3524/3524/3524 3501/3501/3501
f 3503/3503/3503 3022/3022/3022 3283/3283/3283
f 3283/3283/3283 3526/3526/3526 3503/3503/3503
f 3504/3504/3504 3503/3503/3503 3526/3526/3526
f 3526/3526/3526 3525/3525/3525 3504/3504/3504
f 3504/3504/3504 3525/3525/3525 3529/3529/3529
f 3529/3529/3529 3505/3505/3505 3504/3504/3504
f 3505/3505/3505 3530/3530/3530 3533/3533/3533
f 3533/3533/3533 3506/3506/3506 3505/3505/3505
f 3507/3507/3507 3506/3506/3506 3534/3534/3534
f 3534/3534/3534 3537/3537/3537 3507/3507/3507
f 3508/3508/3508 3536/3536/3536 3571/3571/3571
f 3571/3571/3571 3510/3510/3510 3508/3508/3508
f 3509/3509/3509 3572/3572/3572 3575/3575/3575
f 3575/3575/3575 3511/3511/3511 3509/3509/3509
f 3514/3514/3514 3516/3516/3516 3493/3493/3493
f 3493/3493/3493 3491/3491/3491 3514/3514/3514
f 3555/3555/3555 3557/3557/3557 3441/3441/3441
f 3441/3441/3441 3406/3406/3406 3555/3555/3555
f 3281/3281/3281 3022/3022/3022 3512/3512/3512
f 3512/3512/3512 3490/3490/3490 3281/3281/3281
f 2765/2765/2765 2308/2308/2308 3238/3238/3238
f 3238/3238/3238 3186/3186/3186 2765/2765/2765
f 3689/3689/3689 3691/3691/3691 3693/3693/3693
f 3694/3694/3694 3691/3691/3691 3695/3695/3695
f 3693/3693/3693 3691/3691/3691 3694/3694/3694
f 3696/3696/3696 3697/3697/3697 3695/3695/3695
f 3695/3695/3695 3691/3691/3691 3696/3696/3696
f 3698/3698/3698 3699/3699/3699 3700/3700/3700
f 3699/3699/3699 3697/3697/3697 3696/3696/3696
f 3696/3696/3696 3700/3700/3700 3699/3699/3699
f 3700/3700/3700 3701/3701/3701 3698/3698/3698
f 3702/3702/3702 3703/3703/3703 3704/3704/3704
f 3705/3705/3705 3702/3702/3702 3704/3704/3704
f 3703/3703/3703 3706/3706/3706 3707/3707/3707
f 3707/3707/3707 3704/3704/3704 3703/3703/3703
f 3708/3708/3708 3700/3700/3700 3709/3709/3709
f 3707/3707/3707 3706/3706/3706 3709/3709/3709
f 3709/3709/3709 3700/3700/3700 3707/3707/3707
f 3701/3701/3701 3700/3700/3700 3708/3708/3708
f 3705/3705/3705 3704/3704/3704 3710/3710/3710
f 3711/3711/3711 3704/3704/3704 3712/3712/3712
f 3710/3710/3710 3704/3704/3704 3711/3711/3711
f 3712/3712/3712 3704/3704/3704 3713/3713/3713
f 3713/3713/3713 3714/3714/3714 3712/3712/3712
f 3713/3713/3713 3715/3715/3715 3716/3716/3716
f 3716/3716/3716 3714/3714/3714 3713/3713/3713
f 3716/3716/3716 3715/3715/3715 3717/3717/3717
f 3717/3717/3717 3715/3715/3715 3718/3718/3718
f 3718/3718/3718 3715/3715/3715 3719/3719/3719
f 3719/3719/3719 3715/3715/3715 3720/3720/3720
f 3720/3720/3720 3715/3715/3715 3721/3721/3721
f 3721/3721/3721 3722/3722/3722 3720/3720/3720
f 3721/3721/3721 3723/3723/3723 3724/3724/3724
f 3724/3724/3724 3722/3722/3722 3721/3721/3721
f 3725/3725/3725 3723/3723/3723 3726/3726/3726
f 3724/3724/3724 3723/3723/3723 3725/3725/3725
f 3726/3726/3726 3723/3723/3723 3727/3727/3727
f 3728/3728/3728 3723/3723/3723 3729/3729/3729
f 3729/3729/3729 3730/3730/3730 3728/3728/3728
f 3727/3727/3727 3723/3723/3723 3728/3728/3728
f 3729/3729/3729 3731/3731/3731 3732/3732/3732
f 3732/3732/3732 3730/3730/3730 3729/3729/3729
f 3733/3733/3733 3731/3731/3731 3734/3734/3734
f 3732/3732/3732 3731/3731/3731 3733/3733/3733
f 3690/3690/3690 3735/3735/3735 3692/3692/3692
f 3736/3736/3736 3737/3737/3737 3738/3738/3738
f 3738/3738/3738 3739/3739/3739 3736/3736/3736
f 3740/3740/3740 3736/3736/3736 3739/3739/3739
f 3739/3739/3739 3692/3692/3692 3740/3740/3740
f 3738/3738/3738 3737/3737/3737 3741/3741/3741
f 3692/3692/3692 3742/3742/3742 3740/3740/3740
f 3738/3738/3738 3741/3741/3741 3743/3743/3743
f 3692/3692/3692 3735/3735/3735 3742/3742/3742
f 3745/3745/3745 3746/3746/3746 3747/3747/3747
f 3749/3749/3749 3750/3750/3750 3747/3747/3747
f 3746/3746/3746 3749/3749/3749 3747/3747/3747
f 3750/3750/3750 3751/3751/3751 3752/3752/3752
f 3752/3752/3752 3747/3747/3747 3750/3750/3750
f 3753/3753/3753 3754/3754/3754 3755/3755/3755
f 3752/3752/3752 3751/3751/3751 3755/3755/3755
f 3755/3755/3755 3754/3754/3754 3752/3752/3752
f 3754/3754/3754 3753/3753/3753 3756/3756/3756
f 3757/3757/3757 3758/3758/3758 3759/3759/3759
f 3760/3760/3760 3758/3758/3758 3757/3757/3757
f 3761/3761/3761 3762/3762/3762 3759/3759/3759
f 3759/3759/3759 3758/3758/3758 3761/3761/3761
f 3763/3763/3763 3764/3764/3764 3754/3754/3754
f 3764/3764/3764 3762/3762/3762 3761/3761/3761
f 3761/3761/3761 3754/3754/3754 3764/3764/3764
f 3756/3756/3756 3763/3763/3763 3754/3754/3754
f 3760/3760/3760 3765/3765/3765 3758/3758/3758
f 3766/3766/3766 3767/3767/3767 3758/3758/3758
f 3765/3765/3765 3766/3766/3766 3758/3758/3758
f 3767/3767/3767 3768/3768/3768 3769/3769/3769
f 3769/3769/3769 3758/3758/3758 3767/3767/3767
f 3769/3769/3769 3768/3768/3768 3770/3770/3770
f 3770/3770/3770 3771/3771/3771 3769/3769/3769
f 3770/3770/3770 3772/3772/3772 3771/3771/3771
f 3772/3772/3772 3773/3773/3773 3771/3771/3771
f 3773/3773/3773 3774/3774/3774 3771/3771/3771
f 3774/3774/3774 3775/3775/3775 3771/3771/3771
f 3775/3775/3775 3776/3776/3776 3777/3777/3777
f 3777/3777/3777 3771/3771/3771 3775/3775/3775
f 3777/3777/3777 3776/3776/3776 3778/3778/3778
f 3778/3778/3778 3779/3779/3779 3777/3777/3777
f 3780/3780/3780 3781/3781/3781 3779/3779/3779
f 3778/3778/3778 3780/3780/3780 3779/3779/3779
f 3781/3781/3781 3782/3782/3782 3779/3779/3779
f 3783/3783/3783 3784/3784/3784 3785/3785/3785
f 3785/3785/3785 3779/3779/3779 3783/3783/3783
f 3782/3782/3782 3783/3783/3783 3779/3779/3779
f 3785/3785/3785 3784/3784/3784 3786/3786/3786
f 3786/3786/3786 3787/3787/3787 3785/3785/3785
f 3788/3788/3788 3789/3789/3789 3787/3787/3787
f 3786/3786/3786 3788/3788/3788 3787/3787/3787
f 3744/3744/3744 3748/3748/3748 3790/3790/3790
f 3738/3738/3738 3791/3791/3791 3792/3792/3792
f 3792/3792/3792 3793/3793/3793 3738/3738/3738
f 3793/3793/3793 3792/3792/3792 3794/3794/3794
f 3794/3794/3794 3748/3748/3748 3793/3793/3793
f 3791/3791/3791 3738/3738/3738 3795/3795/3795
f 3748/3748/3748 3794/3794/3794 3796/3796/3796
f 3795/3795/3795 3738/3738/3738 3743/3743/3743
f 3748/3748/3748 3796/3796/3796 3790/3790/3790
f 3798/3798/3798 3799/3799/3799 3801/3801/3801
f 3802/3802/3802 3803/3803/3803 3801/3801/3801
f 3799/3799/3799 3802/3802/3802 3801/3801/3801
f 3803/3803/3803 3804/3804/3804 3805/3805/3805
f 3805/3805/3805 3801/3801/3801 3803/3803/3803
f 3806/3806/3806 3807/3807/3807 3808/3808/3808
f 3805/3805/3805 3804/3804/3804 3808/3808/3808
f 3808/3808/3808 3807/3807/3807 3805/3805/3805
f 3807/3807/3807 3806/3806/3806 3809/3809/3809
f 3810/3810/3810 3811/3811/3811 3812/3812/3812
f 3813/3813/3813 3811/3811/3811 3810/3810/3810
f 3814/3814/3814 3815/3815/3815 3812/3812/3812
f 3812/3812/3812 3811/3811/3811 3814/3814/3814
f 3816/3816/3816 3817/3817/3817 3807/3807/3807
f 3817/3817/3817 3815/3815/3815 3814/3814/3814
f 3814/3814/3814 3807/3807/3807 3817/3817/3817
f 3809/3809/3809 3816/3816/3816 3807/3807/3807
f 3813/3813/3813 3818/3818/3818 3811/3811/3811
f 3819/3819/3819 3820/3820/3820 3811/3811/3811
f 3818/3818/3818 3819/3819/3819 3811/3811/3811
f 3820/3820/3820 3821/3821/3821 3822/3822/3822
f 3822/3822/3822 3811/3811/3811 3820/3820/3820
f 3822/3822/3822 3821/3821/3821 3823/3823/3823
f 3823/3823/3823 3824/3824/3824 3822/3822/3822
f 3823/3823/3823 3825/3825/3825 3824/3824/3824
f 3825/3825/3825 3826/3826/3826 3824/3824/3824
f 3826/3826/3826 3827/3827/3827 3824/3824/3824
f 3827/3827/3827 3828/3828/3828 3824/3824/3824
f 3828/3828/3828 3829/3829/3829 3830/3830/3830
f 3830/3830/3830 3824/3824/3824 3828/3828/3828
f 3830/3830/3830 3829/3829/3829 3831/3831/3831
f 3831/3831/3831 3832/3832/3832 3830/3830/3830
f 3833/3833/3833 3834/3834/3834 3832/3832/3832
f 3831/3831/3831 3833/3833/3833 3832/3832/3832
f 3834/3834/3834 3835/3835/3835 3832/3832/3832
f 3836/3836/3836 3837/3837/3837 3838/3838/3838
f 3838/3838/3838 3832/3832/3832 3836/3836/3836
f 3835/3835/3835 3836/3836/3836 3832/3832/3832
f 3838/3838/3838 3837/3837/3837 3839/3839/3839
f 3839/3839/3839 3731/3731/3731 3838/3838/3838
f 3840/3840/3840 3734/3734/3734 3731/3731/3731
f 3839/3839/3839 3840/3840/3840 3731/3731/3731
f 3797/3797/3797 3800/3800/3800 3841/3841/3841
f 3842/3842/3842 3843/3843/3843 3844/3844/3844
f 3844/3844/3844 3845/3845/3845 3842/3842/3842
f 3845/3845/3845 3844/3844/3844 3846/3846/3846
f 3846/3846/3846 3800/3800/3800 3845/3845/3845
f 3842/3842/3842 3847/3847/3847 3843/3843/3843
f 3800/3800/3800 3846/3846/3846 3848/3848/3848
f 3842/3842/3842 3849/3849/3849 3847/3847/3847
f 3800/3800/3800 3848/3848/3848 3841/3841/3841
f 3851/3851/3851 3853/3853/3853 3854/3854/3854
f 3855/3855/3855 3853/3853/3853 3856/3856/3856
f 3854/3854/3854 3853/3853/3853 3855/3855/3855
f 3857/3857/3857 3858/3858/3858 3856/3856/3856
f 3856/3856/3856 3853/3853/3853 3857/3857/3857
f 3859/3859/3859 3860/3860/3860 3861/3861/3861
f 3860/3860/3860 3858/3858/3858 3857/3857/3857
f 3857/3857/3857 3861/3861/3861 3860/3860/3860
f 3861/3861/3861 3862/3862/3862 3859/3859/3859
f 3863/3863/3863 3864/3864/3864 3865/3865/3865
f 3866/3866/3866 3863/3863/3863 3865/3865/3865
f 3864/3864/3864 3867/3867/3867 3868/3868/3868
f 3868/3868/3868 3865/3865/3865 3864/3864/3864
f 3869/3869/3869 3861/3861/3861 3870/3870/3870
f 3868/3868/3868 3867/3867/3867 3870/3870/3870
f 3870/3870/3870 3861/3861/3861 3868/3868/3868
f 3862/3862/3862 3861/3861/3861 3869/3869/3869
f 3866/3866/3866 3865/3865/3865 3871/3871/3871
f 3872/3872/3872 3865/3865/3865 3873/3873/3873
f 3871/3871/3871 3865/3865/3865 3872/3872/3872
f 3873/3873/3873 3865/3865/3865 3874/3874/3874
f 3874/3874/3874 3875/3875/3875 3873/3873/3873
f 3874/3874/3874 3876/3876/3876 3877/3877/3877
f 3877/3877/3877 3875/3875/3875 3874/3874/3874
f 3877/3877/3877 3876/3876/3876 3878/3878/3878
f 3878/3878/3878 3876/3876/3876 3879/3879/3879
f 3879/3879/3879 3876/3876/3876 3880/3880/3880
f 3880/3880/3880 3876/3876/3876 3881/3881/3881
f 3881/3881/3881 3876/3876/3876 3882/3882/3882
f 3882/3882/3882 3883/3883/3883 3881/3881/3881
f 3882/3882/3882 3884/3884/3884 3885/3885/3885
f 3885/3885/3885 3883/3883/3883 3882/3882/3882
f 3886/3886/3886 3884/3884/3884 3887/3887/3887
f 3885/3885/3885 3884/3884/3884 3886/3886/3886
f 3887/3887/3887 3884/3884/3884 3888/3888/3888
f 3889/3889/3889 3884/3884/3884 3890/3890/3890
f 3890/3890/3890 3891/3891/3891 3889/3889/3889
f 3888/3888/3888 3884/3884/3884 3889/3889/3889
f 3890/3890/3890 3787/3787/3787 3892/3892/3892
f 3892/3892/3892 3891/3891/3891 3890/3890/3890
f 3893/3893/3893 3787/3787/3787 3789/3789/3789
f 3892/3892/3892 3787/3787/3787 3893/3893/3893
f 3850/3850/3850 3894/3894/3894 3852/3852/3852
f 3895/3895/3895 3896/3896/3896 3842/3842/3842
f 3842/3842/3842 3897/3897/3897 3895/3895/3895
f 3898/3898/3898 3895/3895/3895 3897/3897/3897
f 3897/3897/3897 3852/3852/3852 3898/3898/3898
f 3896/3896/3896 3899/3899/3899 3842/3842/3842
f 3852/3852/3852 3900/3900/3900 3898/3898/3898
f 3899/3899/3899 3849/3849/3849 3842/3842/3842
f 3852/3852/3852 3894/3894/3894 3900/3900/3900
f 3901/3901/3901 3902/3902/3902 3904/3904/3904
f 3904/3904/3904 3905/3905/3905 3901/3901/3901
f 3907/3907/3907 3901/3901/3901 3905/3905/3905
f 3905/3905/3905 3908/3908/3908 3907/3907/3907
f 3910/3910/3910 3907/3907/3907 3908/3908/3908
f 3908/3908/3908 3912/3912/3912 3910/3910/3910
f 3913/3913/3913 3910/3910/3910 3912/3912/3912
f 3912/3912/3912 3917/3917/3917 3913/3913/3913
f 3918/3918/3918 3919/3919/3919 3920/3920/3920
f 3920/3920/3920 3922/3922/3922 3918/3918/3918
f 3919/3919/3919 3924/3924/3924 3926/3926/3926
f 3926/3926/3926 3920/3920/3920 3919/3919/3919
f 3924/3924/3924 3914/3914/3914 3916/3916/3916
f 3916/3916/3916 3926/3926/3926 3924/3924/3924
f 3902/3902/3902 3927/3927/3927 3928/3928/3928
f 3928/3928/3928 3904/3904/3904 3902/3902/3902
f 3927/3927/3927 3930/3930/3930 3931/3931/3931
f 3931/3931/3931 3928/3928/3928 3927/3927/3927
f 3930/3930/3930 3933/3933/3933 3934/3934/3934
f 3934/3934/3934 3931/3931/3931 3930/3930/3930
f 3933/3933/3933 3936/3936/3936 3938/3938/3938
f 3938/3938/3938 3934/3934/3934 3933/3933/3933
f 3941/3941/3941 3942/3942/3942 3943/3943/3943
f 3943/3943/3943 3946/3946/3946 3941/3941/3941
f 3947/3947/3947 3941/3941/3941 3946/3946/3946
f 3946/3946/3946 3948/3948/3948 3947/3947/3947
f 3950/3950/3950 3947/3947/3947 3948/3948/3948
f 3948/3948/3948 3951/3951/3951 3950/3950/3950
f 3937/3937/3937 3950/3950/3950 3951/3951/3951
f 3951/3951/3951 3939/3939/3939 3937/3937/3937
f 3953/3953/3953 3918/3918/3918 3922/3922/3922
f 3922/3922/3922 3955/3955/3955 3953/3953/3953
f 3956/3956/3956 3957/3957/3957 3959/3959/3959
f 3959/3959/3959 3960/3960/3960 3956/3956/3956
f 3957/3957/3957 3962/3962/3962 3964/3964/3964
f 3964/3964/3964 3959/3959/3959 3957/3957/3957
f 3962/3962/3962 3965/3965/3965 3969/3969/3969
f 3969/3969/3969 3964/3964/3964 3962/3962/3962
f 3966/3966/3966 3971/3971/3971 3973/3973/3973
f 3973/3973/3973 3968/3968/3968 3966/3966/3966
f 3975/3975/3975 3976/3976/3976 3977/3977/3977
f 3977/3977/3977 3980/3980/3980 3975/3975/3975
f 3981/3981/3981 3975/3975/3975 3980/3980/3980
f 3980/3980/3980 3983/3983/3983 3981/3981/3981
f 3970/3970/3970 3981/3981/3981 3983/3983/3983
f 3983/3983/3983 3972/3972/3972 3970/3970/3970
f 3984/3984/3984 3956/3956/3956 3960/3960/3960
f 3960/3960/3960 3986/3986/3986 3984/3984/3984
f 3987/3987/3987 3984/3984/3984 3986/3986/3986
f 3986/3986/3986 3988/3988/3988 3987/3987/3987
f 3990/3990/3990 3987/3987/3987 3988/3988/3988
f 3988/3988/3988 3991/3991/3991 3990/3990/3990
f 3994/3994/3994 3990/3990/3990 3991/3991/3991
f 3991/3991/3991 3996/3996/3996 3994/3994/3994
f 3998/3998/3998 3999/3999/3999 4001/4001/4001
f 4001/4001/4001 4003/4003/4003 3998/3998/3998
f 3999/3999/3999 4004/4004/4004 4005/4005/4005
f 4005/4005/4005 4001/4001/4001 3999/3999/3999
f 4004/4004/4004 3993/3993/3993 3997/3997/3997
f 3997/3997/3997 4005/4005/4005 4004/4004/4004
f 3976/3976/3976 3953/3953/3953 3955/3955/3955
f 3955/3955/3955 3977/3977/3977 3976/3976/3976
f 3942/3942/3942 3998/3998/3998 4003/4003/4003
f 4003/4003/4003 3943/3943/3943 3942/3942/3942
f 4007/4007/4007 4002/4002/4002 4000/4000/4000
f 4000/4000/4000 4008/4008/4008 4007/4007/4007
f 4008/4008/4008 4000/4000/4000 4006/4006/4006
f 4006/4006/4006 4009/4009/4009 4008/4008/4008
f 4010/4010/4010 3944/3944/3944 4002/4002/4002
f 4002/4002/4002 4007/4007/4007 4010/4010/4010
f 4010/4010/4010 4011/4011/4011 3945/3945/3945
f 3945/3945/3945 3944/3944/3944 4010/4010/4010
f 4011/4011/4011 4012/4012/4012 3949/3949/3949
f 3949/3949/3949 3945/3945/3945 4011/4011/4011
f 4012/4012/4012 4013/4013/4013 3952/3952/3952
f 3952/3952/3952 3949/3949/3949 4012/4012/4012
f 3952/3952/3952 4013/4013/4013 3932/3932/3932
f 3932/3932/3932 3935/3935/3935 3952/3952/3952
f 4013/4013/4013 4014/4014/4014 3929/3929/3929
f 3929/3929/3929 3932/3932/3932 4013/4013/4013
f 3906/3906/3906 3903/3903/3903 4014/4014/4014
f 4014/4014/4014 4015/4015/4015 3906/3906/3906
f 4015/4015/4015 4016/4016/4016 3909/3909/3909
f 3909/3909/3909 3906/3906/3906 4015/4015/4015
f 4016/4016/4016 4017/4017/4017 3911/3911/3911
f 3911/3911/3911 3909/3909/3909 4016/4016/4016
f 3911/3911/3911 4017/4017/4017 3921/3921/3921
f 3921/3921/3921 3925/3925/3925 3911/3911/3911
f 4018/4018/4018 3954/3954/3954 3923/3923/3923
f 3923/3923/3923 4017/4017/4017 4018/4018/4018
f 4018/4018/4018 4019/4019/4019 3978/3978/3978
f 3978/3978/3978 3954/3954/3954 4018/4018/4018
f 4019/4019/4019 4020/4020/4020 3979/3979/3979
f 3979/3979/3979 3978/3978/3978 4019/4019/4019
f 4020/4020/4020 4021/4021/4021 3982/3982/3982
f 3982/3982/3982 3979/3979/3979 4020/4020/4020
f 3982/3982/3982 4021/4021/4021 3963/3963/3963
f 3963/3963/3963 3967/3967/3967 3982/3982/3982
f 3958/3958/3958 3963/3963/3963 4021/4021/4021
f 4021/4021/4021 4022/4022/4022 3958/3958/3958
f 4022/4022/4022 4009/4009/4009 3985/3985/3985
f 3985/3985/3985 3961/3961/3961 4022/4022/4022
f 4006/4006/4006 3992/3992/3992 3989/3989/3989
f 3989/3989/3989 4009/4009/4009 4006/4006/4006
f 3911/3911/3911 3925/3925/3925 3915/3915/3915
f 3921/3921/3921 4017/4017/4017 3923/3923/3923
f 3929/3929/3929 4014/4014/4014 3903/3903/3903
f 3940/3940/3940 3952/3952/3952 3935/3935/3935
f 3958/3958/3958 4022/4022/4022 3961/3961/3961
f 3974/3974/3974 3982/3982/3982 3967/3967/3967
f 3985/3985/3985 4009/4009/4009 3989/3989/3989
f 3992/3992/3992 4006/4006/4006 3995/3995/3995
f 4023/4023/4023 4024/4024/4024 4025/4025/4025
f 4025/4025/4025 4027/4027/4027 4023/4023/4023
f 4029/4029/4029 4023/4023/4023 4027/4027/4027
f 4027/4027/4027 4030/4030/4030 4029/4029/4029
f 4032/4032/4032 4029/4029/4029 4030/4030/4030
f 4030/4030/4030 4034/4034/4034 4032/4032/4032
f 4035/4035/4035 4032/4032/4032 4034/4034/4034
f 4034/4034/4034 4038/4038/4038 4035/4035/4035
f 4040/4040/4040 4041/4041/4041 4042/4042/4042
f 4042/4042/4042 4045/4045/4045 4040/4040/4040
f 4041/4041/4041 4046/4046/4046 4047/4047/4047
f 4047/4047/4047 4042/4042/4042 4041/4041/4041
f 4046/4046/4046 4036/4036/4036 4039/4039/4039
f 4039/4039/4039 4047/4047/4047 4046/4046/4046
f 4024/4024/4024 4049/4049/4049 4051/4051/4051
f 4051/4051/4051 4025/4025/4025 4024/4024/4024
f 4049/4049/4049 4052/4052/4052 4053/4053/4053
f 4053/4053/4053 4051/4051/4051 4049/4049/4049
f 4052/4052/4052 4055/4055/4055 4056/4056/4056
f 4056/4056/4056 4053/4053/4053 4052/4052/4052
f 4055/4055/4055 4058/4058/4058 4061/4061/4061
f 4061/4061/4061 4056/4056/4056 4055/4055/4055
f 4063/4063/4063 4064/4064/4064 4065/4065/4065
f 4065/4065/4065 4067/4067/4067 4063/4063/4063
f 4069/4069/4069 4063/4063/4063 4067/4067/4067
f 4067/4067/4067 4070/4070/4070 4069/4069/4069
f 4072/4072/4072 4069/4069/4069 4070/4070/4070
f 4070/4070/4070 4074/4074/4074 4072/4072/4072
f 4059/4059/4059 4072/4072/4072 4074/4074/4074
f 4074/4074/4074 4062/4062/4062 4059/4059/4059
f 4075/4075/4075 4040/4040/4040 4045/4045/4045
f 4045/4045/4045 4076/4076/4076 4075/4075/4075
f 4078/4078/4078 4079/4079/4079 4080/4080/4080
f 4080/4080/4080 4082/4082/4082 4078/4078/4078
f 4079/4079/4079 4084/4084/4084 4086/4086/4086
f 4086/4086/4086 4080/4080/4080 4079/4079/4079
f 4084/4084/4084 4087/4087/4087 4089/4089/4089
f 4089/4089/4089 4086/4086/4086 4084/4084/4084
f 4088/4088/4088 4093/4093/4093 4095/4095/4095
f 4095/4095/4095 4090/4090/4090 4088/4088/4088
f 4097/4097/4097 4098/4098/4098 4100/4100/4100
f 4100/4100/4100 4101/4101/4101 4097/4097/4097
f 4103/4103/4103 4097/4097/4097 4101/4101/4101
f 4101/4101/4101 4105/4105/4105 4103/4103/4103
f 4092/4092/4092 4103/4103/4103 4105/4105/4105
f 4105/4105/4105 4096/4096/4096 4092/4092/4092
f 4106/4106/4106 4078/4078/4078 4082/4082/4082
f 4082/4082/4082 4108/4108/4108 4106/4106/4106
f 4109/4109/4109 4106/4106/4106 4108/4108/4108
f 4108/4108/4108 4111/4111/4111 4109/4109/4109
f 4112/4112/4112 4109/4109/4109 4111/4111/4111
f 4111/4111/4111 4113/4113/4113 4112/4112/4112
f 4115/4115/4115 4112/4112/4112 4113/4113/4113
f 4113/4113/4113 4119/4119/4119 4115/4115/4115
f 4120/4120/4120 4121/4121/4121 4122/4122/4122
f 4122/4122/4122 4125/4125/4125 4120/4120/4120
f 4121/4121/4121 4126/4126/4126 4127/4127/4127
f 4127/4127/4127 4122/4122/4122 4121/4121/4121
f 4126/4126/4126 4116/4116/4116 4118/4118/4118
f 4118/4118/4118 4127/4127/4127 4126/4126/4126
f 4098/4098/4098 4075/4075/4075 4076/4076/4076
f 4076/4076/4076 4100/4100/4100 4098/4098/4098
f 4064/4064/4064 4120/4120/4120 4125/4125/4125
f 4125/4125/4125 4065/4065/4065 4064/4064/4064
f 4129/4129/4129 4124/4124/4124 4123/4123/4123
f 4123/4123/4123 4130/4130/4130 4129/4129/4129
f 4130/4130/4130 4123/4123/4123 4128/4128/4128
f 4128/4128/4128 4131/4131/4131 4130/4130/4130
f 4132/4132/4132 4066/4066/4066 4124/4124/4124
f 4124/4124/4124 4129/4129/4129 4132/4132/4132
f 4132/4132/4132 4133/4133/4133 4068/4068/4068
f 4068/4068/4068 4066/4066/4066 4132/4132/4132
f 4133/4133/4133 4134/4134/4134 4071/4071/4071
f 4071/4071/4071 4068/4068/4068 4133/4133/4133
f 4134/4134/4134 4135/4135/4135 4073/4073/4073
f 4073/4073/4073 4071/4071/4071 4134/4134/4134
f 4073/4073/4073 4135/4135/4135 4054/4054/4054
f 4054/4054/4054 4057/4057/4057 4073/4073/4073
f 4135/4135/4135 4136/4136/4136 4050/4050/4050
f 4050/4050/4050 4054/4054/4054 4135/4135/4135
f 4028/4028/4028 4026/4026/4026 4136/4136/4136
f 4136/4136/4136 4137/4137/4137 4028/4028/4028
f 4137/4137/4137 4138/4138/4138 4031/4031/4031
f 4031/4031/4031 4028/4028/4028 4137/4137/4137
f 4138/4138/4138 4139/4139/4139 4033/4033/4033
f 4033/4033/4033 4031/4031/4031 4138/4138/4138
f 4033/4033/4033 4139/4139/4139 4043/4043/4043
f 4043/4043/4043 4048/4048/4048 4033/4033/4033
f 4140/4140/4140 4077/4077/4077 4044/4044/4044
f 4044/4044/4044 4139/4139/4139 4140/4140/4140
f 4140/4140/4140 4141/4141/4141 4099/4099/4099
f 4099/4099/4099 4077/4077/4077 4140/4140/4140
f 4141/4141/4141 4142/4142/4142 4102/4102/4102
f 4102/4102/4102 4099/4099/4099 4141/4141/4141
f 4142/4142/4142 4143/4143/4143 4104/4104/4104
f 4104/4104/4104 4102/4102/4102 4142/4142/4142
f 4104/4104/4104 4143/4143/4143 4085/4085/4085
f 4085/4085/4085 4091/4091/4091 4104/4104/4104
f 4081/4081/4081 4085/4085/4085 4143/4143/4143
f 4143/4143/4143 4144/4144/4144 4081/4081/4081
f 4144/4144/4144 4131/4131/4131 4107/4107/4107
f 4107/4107/4107 4083/4083/4083 4144/4144/4144
f 4128/4128/4128 4114/4114/4114 4110/4110/4110
f 4110/4110/4110 4131/4131/4131 4128/4128/4128
f 4033/4033/4033 4048/4048/4048 4037/4037/4037
f 4043/4043/4043 4139/4139/4139 4044/4044/4044
f 4050/4050/4050 4136/4136/4136 4026/4026/4026
f 4060/4060/4060 4073/4073/4073 4057/4057/4057
f 4081/4081/4081 4144/4144/4144 4083/4083/4083
f 4094/4094/4094 4104/4104/4104 4091/4091/4091
f 4107/4107/4107 4131/4131/4131 4110/4110/4110
f 4114/4114/4114 4128/4128/4128 4117/4117/4117
f 4145/4145/4145 4146/4146/4146 4147/4147/4147
f 4147/4147/4147 4149/4149/4149 4145/4145/4145
f 4151/4151/4151 4145/4145/4145 4149/4149/4149
f 4149/4149/4149 4152/4152/4152 4151/4151/4151
f 4154/4154/4154 4151/4151/4151 4152/4152/4152
f 4152/4152/4152 4156/4156/4156 4154/4154/4154
f 4157/4157/4157 4154/4154/4154 4156/4156/4156
f 4156/4156/4156 4159/4159/4159 4157/4157/4157
f 4162/4162/4162 4163/4163/4163 4165/4165/4165
f 4165/4165/4165 4166/4166/4166 4162/4162/4162
f 4163/4163/4163 4168/4168/4168 4169/4169/4169
f 4169/4169/4169 4165/4165/4165 4163/4163/4163
f 4168/4168/4168 4158/4158/4158 4161/4161/4161
f 4161/4161/4161 4169/4169/4169 4168/4168/4168
f 4146/4146/4146 4171/4171/4171 4173/4173/4173
f 4173/4173/4173 4147/4147/4147 4146/4146/4146
f 4171/4171/4171 4174/4174/4174 4175/4175/4175
f 4175/4175/4175 4173/4173/4173 4171/4171/4171
f 4174/4174/4174 4177/4177/4177 4178/4178/4178
f 4178/4178/4178 4175/4175/4175 4174/4174/4174
f 4177/4177/4177 4181/4181/4181 4182/4182/4182
f 4182/4182/4182 4178/4178/4178 4177/4177/4177
f 4185/4185/4185 4186/4186/4186 4187/4187/4187
f 4187/4187/4187 4189/4189/4189 4185/4185/4185
f 4191/4191/4191 4185/4185/4185 4189/4189/4189
f 4189/4189/4189 4193/4193/4193 4191/4191/4191
f 4194/4194/4194 4191/4191/4191 4193/4193/4193
f 4193/4193/4193 4196/4196/4196 4194/4194/4194
f 4180/4180/4180 4194/4194/4194 4196/4196/4196
f 4196/4196/4196 4184/4184/4184 4180/4180/4180
f 4197/4197/4197 4162/4162/4162 4166/4166/4166
f 4166/4166/4166 4199/4199/4199 4197/4197/4197
f 4200/4200/4200 4201/4201/4201 4202/4202/4202
f 4202/4202/4202 4204/4204/4204 4200/4200/4200
f 4201/4201/4201 4206/4206/4206 4208/4208/4208
f 4208/4208/4208 4202/4202/4202 4201/4201/4201
f 4206/4206/4206 4209/4209/4209 4212/4212/4212
f 4212/4212/4212 4208/4208/4208 4206/4206/4206
f 4210/4210/4210 4214/4214/4214 4217/4217/4217
f 4217/4217/4217 4211/4211/4211 4210/4210/4210
f 4219/4219/4219 4220/4220/4220 4221/4221/4221
f 4221/4221/4221 4224/4224/4224 4219/4219/4219
f 4225/4225/4225 4219/4219/4219 4224/4224/4224
f 4224/4224/4224 4227/4227/4227 4225/4225/4225
f 4215/4215/4215 4225/4225/4225 4227/4227/4227
f 4227/4227/4227 4216/4216/4216 4215/4215/4215
f 4228/4228/4228 4200/4200/4200 4204/4204/4204
f 4204/4204/4204 4230/4230/4230 4228/4228/4228
f 4231/4231/4231 4228/4228/4228 4230/4230/4230
f 4230/4230/4230 4232/4232/4232 4231/4231/4231
f 4234/4234/4234 4231/4231/4231 4232/4232/4232
f 4232/4232/4232 4235/4235/4235 4234/4234/4234
f 4237/4237/4237 4234/4234/4234 4235/4235/4235
f 4235/4235/4235 4239/4239/4239 4237/4237/4237
f 4242/4242/4242 4243/4243/4243 4245/4245/4245
f 4245/4245/4245 4247/4247/4247 4242/4242/4242
f 4243/4243/4243 4248/4248/4248 4249/4249/4249
f 4249/4249/4249 4245/4245/4245 4243/4243/4243
f 4248/4248/4248 4238/4238/4238 4240/4240/4240
f 4240/4240/4240 4249/4249/4249 4248/4248/4248
f 4220/4220/4220 4197/4197/4197 4199/4199/4199
f 4199/4199/4199 4221/4221/4221 4220/4220/4220
f 4186/4186/4186 4242/4242/4242 4247/4247/4247
f 4247/4247/4247 4187/4187/4187 4186/4186/4186
f 4251/4251/4251 4246/4246/4246 4244/4244/4244
f 4244/4244/4244 4252/4252/4252 4251/4251/4251
f 4252/4252/4252 4244/4244/4244 4250/4250/4250
f 4250/4250/4250 4253/4253/4253 4252/4252/4252
f 4254/4254/4254 4188/4188/4188 4246/4246/4246
f 4246/4246/4246 4251/4251/4251 4254/4254/4254
f 4254/4254/4254 4255/4255/4255 4190/4190/4190
f 4190/4190/4190 4188/4188/4188 4254/4254/4254
f 4255/4255/4255 4256/4256/4256 4192/4192/4192
f 4192/4192/4192 4190/4190/4190 4255/4255/4255
f 4256/4256/4256 4257/4257/4257 4195/4195/4195
f 4195/4195/4195 4192/4192/4192 4256/4256/4256
f 4195/4195/4195 4257/4257/4257 4176/4176/4176
f 4176/4176/4176 4179/4179/4179 4195/4195/4195
f 4257/4257/4257 4258/4258/4258 4172/4172/4172
f 4172/4172/4172 4176/4176/4176 4257/4257/4257
f 4150/4150/4150 4148/4148/4148 4258/4258/4258
f 4258/4258/4258 4259/4259/4259 4150/4150/4150
f 4259/4259/4259 4260/4260/4260 4153/4153/4153
f 4153/4153/4153 4150/4150/4150 4259/4259/4259
f 4260/4260/4260 4261/4261/4261 4155/4155/4155
f 4155/4155/4155 4153/4153/4153 4260/4260/4260
f 4155/4155/4155 4261/4261/4261 4164/4164/4164
f 4164/4164/4164 4170/4170/4170 4155/4155/4155
f 4262/4262/4262 4198/4198/4198 4167/4167/4167
f 4167/4167/4167 4261/4261/4261 4262/4262/4262
f 4262/4262/4262 4263/4263/4263 4222/4222/4222
f 4222/4222/4222 4198/4198/4198 4262/4262/4262
f 4263/4263/4263 4264/4264/4264 4223/4223/4223
f 4223/4223/4223 4222/4222/4222 4263/4263/4263
f 4264/4264/4264 4265/4265/4265 4226/4226/4226
f 4226/4226/4226 4223/4223/4223 4264/4264/4264
f 4226/4226/4226 4265/4265/4265 4207/4207/4207
f 4207/4207/4207 4213/4213/4213 4226/4226/4226
f 4203/4203/4203 4207/4207/4207 4265/4265/4265
f 4265/4265/4265 4266/4266/4266 4203/4203/4203
f 4266/4266/4266 4253/4253/4253 4229/4229/4229
f 4229/4229/4229 4205/4205/4205 4266/4266/4266
f 4250/4250/4250 4236/4236/4236 4233/4233/4233
f 4233/4233/4233 4253/4253/4253 4250/4250/4250
f 4155/4155/4155 4170/4170/4170 4160/4160/4160
f 4164/4164/4164 4261/4261/4261 4167/4167/4167
f 4172/4172/4172 4258/4258/4258 4148/4148/4148
f 4183/4183/4183 4195/4195/4195 4179/4179/4179
f 4203/4203/4203 4266/4266/4266 4205/4205/4205
f 4218/4218/4218 4226/4226/4226 4213/4213/4213
f 4229/4229/4229 4253/4253/4253 4233/4233/4233
f 4236/4236/4236 4250/4250/4250 4241/4241/4241
f 4267/4267/4267 4268/4268/4268 4269/4269/4269
f 4269/4269/4269 4272/4272/4272 4267/4267/4267
f 4273/4273/4273 4267/4267/4267 4272/4272/4272
f 4272/4272/4272 4275/4275/4275 4273/4273/4273
f 4276/4276/4276 4273/4273/4273 4275/4275/4275
f 4275/4275/4275 4277/4277/4277 4276/4276/4276
f 4279/4279/4279 4276/4276/4276 4277/4277/4277
f 4277/4277/4277 4281/4281/4281 4279/4279/4279
f 4284/4284/4284 4285/4285/4285 4287/4287/4287
f 4287/4287/4287 4289/4289/4289 4284/4284/4284
f 4285/4285/4285 4290/4290/4290 4291/4291/4291
f 4291/4291/4291 4287/4287/4287 4285/4285/4285
f 4290/4290/4290 4280/4280/4280 4283/4283/4283
f 4283/4283/4283 4291/4291/4291 4290/4290/4290
f 4268/4268/4268 4293/4293/4293 4295/4295/4295
f 4295/4295/4295 4269/4269/4269 4268/4268/4268
f 4293/4293/4293 4296/4296/4296 4297/4297/4297
f 4297/4297/4297 4295/4295/4295 4293/4293/4293
f 4296/4296/4296 4299/4299/4299 4300/4300/4300
f 4300/4300/4300 4297/4297/4297 4296/4296/4296
f 4299/4299/4299 4303/4303/4303 4304/4304/4304
f 4304/4304/4304 4300/4300/4300 4299/4299/4299
f 4307/4307/4307 4308/4308/4308 4310/4310/4310
f 4310/4310/4310 4311/4311/4311 4307/4307/4307
f 4313/4313/4313 4307/4307/4307 4311/4311/4311
f 4311/4311/4311 4315/4315/4315 4313/4313/4313
f 4316/4316/4316 4313/4313/4313 4315/4315/4315
f 4315/4315/4315 4318/4318/4318 4316/4316/4316
f 4302/4302/4302 4316/4316/4316 4318/4318/4318
f 4318/4318/4318 4306/4306/4306 4302/4302/4302
f 4319/4319/4319 4284/4284/4284 4289/4289/4289
f 4289/4289/4289 4320/4320/4320 4319/4319/4319
f 4322/4322/4322 4323/4323/4323 4325/4325/4325
f 4325/4325/4325 4327/4327/4327 4322/4322/4322
f 4323/4323/4323 4328/4328/4328 4329/4329/4329
f 4329/4329/4329 4325/4325/4325 4323/4323/4323
f 4328/4328/4328 4331/4331/4331 4334/4334/4334
f 4334/4334/4334 4329/4329/4329 4328/4328/4328
f 4332/4332/4332 4336/4336/4336 4339/4339/4339
f 4339/4339/4339 4333/4333/4333 4332/4332/4332
f 4341/4341/4341 4342/4342/4342 4344/4344/4344
f 4344/4344/4344 4346/4346/4346 4341/4341/4341
f 4347/4347/4347 4341/4341/4341 4346/4346/4346
f 4346/4346/4346 4348/4348/4348 4347/4347/4347
f 4337/4337/4337 4347/4347/4347 4348/4348/4348
f 4348/4348/4348 4338/4338/4338 4337/4337/4337
f 4350/4350/4350 4322/4322/4322 4327/4327/4327
f 4327/4327/4327 4352/4352/4352 4350/4350/4350
f 4353/4353/4353 4350/4350/4350 4352/4352/4352
f 4352/4352/4352 4355/4355/4355 4353/4353/4353
f 4356/4356/4356 4353/4353/4353 4355/4355/4355
f 4355/4355/4355 4358/4358/4358 4356/4356/4356
f 4360/4360/4360 4356/4356/4356 4358/4358/4358
f 4358/4358/4358 4361/4361/4361 4360/4360/4360
f 4364/4364/4364 4365/4365/4365 4367/4367/4367
f 4367/4367/4367 4369/4369/4369 4364/4364/4364
f 4365/4365/4365 4370/4370/4370 4372/4372/4372
f 4372/4372/4372 4367/4367/4367 4365/4365/4365
f 4370/4370/4370 4359/4359/4359 4363/4363/4363
f 4363/4363/4363 4372/4372/4372 4370/4370/4370
f 4342/4342/4342 4319/4319/4319 4320/4320/4320
f 4320/4320/4320 4344/4344/4344 4342/4342/4342
f 4308/4308/4308 4364/4364/4364 4369/4369/4369
f 4369/4369/4369 4310/4310/4310 4308/4308/4308
f 4373/4373/4373 4368/4368/4368 4366/4366/4366
f 4366/4366/4366 4374/4374/4374 4373/4373/4373
f 4374/4374/4374 4366/4366/4366 4371/4371/4371
f 4371/4371/4371 4375/4375/4375 4374/4374/4374
f 4376/4376/4376 4309/4309/4309 4368/4368/4368
f 4368/4368/4368 4373/4373/4373 4376/4376/4376
f 4376/4376/4376 4377/4377/4377 4312/4312/4312
f 4312/4312/4312 4309/4309/4309 4376/4376/4376
f 4377/4377/4377 4378/4378/4378 4314/4314/4314
f 4314/4314/4314 4312/4312/4312 4377/4377/4377
f 4378/4378/4378 4379/4379/4379 4317/4317/4317
f 4317/4317/4317 4314/4314/4314 4378/4378/4378
f 4317/4317/4317 4379/4379/4379 4298/4298/4298
f 4298/4298/4298 4301/4301/4301 4317/4317/4317
f 4379/4379/4379 4380/4380/4380 4294/4294/4294
f 4294/4294/4294 4298/4298/4298 4379/4379/4379
f 4271/4271/4271 4270/4270/4270 4380/4380/4380
f 4380/4380/4380 4381/4381/4381 4271/4271/4271
f 4381/4381/4381 4382/4382/4382 4274/4274/4274
f 4274/4274/4274 4271/4271/4271 4381/4381/4381
f 4382/4382/4382 4383/4383/4383 4278/4278/4278
f 4278/4278/4278 4274/4274/4274 4382/4382/4382
f 4278/4278/4278 4383/4383/4383 4286/4286/4286
f 4286/4286/4286 4292/4292/4292 4278/4278/4278
f 4384/4384/4384 4321/4321/4321 4288/4288/4288
f 4288/4288/4288 4383/4383/4383 4384/4384/4384
f 4384/4384/4384 4385/4385/4385 4343/4343/4343
f 4343/4343/4343 4321/4321/4321 4384/4384/4384
f 4385/4385/4385 4386/4386/4386 4345/4345/4345
f 4345/4345/4345 4343/4343/4343 4385/4385/4385
f 4386/4386/4386 4387/4387/4387 4349/4349/4349
f 4349/4349/4349 4345/4345/4345 4386/4386/4386
f 4349/4349/4349 4387/4387/4387 4330/4330/4330
f 4330/4330/4330 4335/4335/4335 4349/4349/4349
f 4324/4324/4324 4330/4330/4330 4387/4387/4387
f 4387/4387/4387 4388/4388/4388 4324/4324/4324
f 4388/4388/4388 4375/4375/4375 4351/4351/4351
f 4351/4351/4351 4326/4326/4326 4388/4388/4388
f 4371/4371/4371 4357/4357/4357 4354/4354/4354
f 4354/4354/4354 4375/4375/4375 4371/4371/4371
f 4278/4278/4278 4292/4292/4292 4282/4282/4282
f 4286/4286/4286 4383/4383/4383 4288/4288/4288
f 4294/4294/4294 4380/4380/4380 4270/4270/4270
f 4305/4305/4305 4317/4317/4317 4301/4301/4301
f 4324/4324/4324 4388/4388/4388 4326/4326/4326
f 4340/4340/4340 4349/4349/4349 4335/4335/4335
f 4351/4351/4351 4375/4375/4375 4354/4354/4354
f 4357/4357/4357 4371/4371/4371 4362/4362/4362
f 4389/4389/4389 4391/4391/4391 4392/4392/4392
f 4392/4392/4392 4394/4394/4394 4389/4389/4389
f 4394/4394/4394 4392/4392/4392 4395/4395/4395
f 4395/4395/4395 4397/4397/4397 4394/4394/4394
f 4397/4397/4397 4395/4395/4395 4398/4398/4398
f 4398/4398/4398 4400/4400/4400 4397/4397/4397
f 4400/4400/4400 4398/4398/4398 4401/4401/4401
f 4401/4401/4401 4403/4403/4403 4400/4400/4400
f 4407/4407/4407 4408/4408/4408 4409/4409/4409
f 4409/4409/4409 4411/4411/4411 4407/4407/4407
f 4412/4412/4412 4414/4414/4414 4408/4408/4408
f 4408/4408/4408 4407/4407/4407 4412/4412/4412
f 4405/4405/4405 4402/4402/4402 4414/4414/4414
f 4414/4414/4414 4412/4412/4412 4405/4405/4405
f 4415/4415/4415 4417/4417/4417 4391/4391/4391
f 4391/4391/4391 4389/4389/4389 4415/4415/4415
f 4419/4419/4419 4420/4420/4420 4417/4417/4417
f 4417/4417/4417 4415/4415/4415 4419/4419/4419
f 4421/4421/4421 4423/4423/4423 4420/4420/4420
f 4420/4420/4420 4419/4419/4419 4421/4421/4421
f 4424/4424/4424 4428/4428/4428 4423/4423/4423
f 4423/4423/4423 4421/4421/4421 4424/4424/4424
f 4429/4429/4429 4431/4431/4431 4432/4432/4432
f 4432/4432/4432 4434/4434/4434 4429/4429/4429
f 4434/4434/4434 4432/4432/4432 4435/4435/4435
f 4435/4435/4435 4437/4437/4437 4434/4434/4434
f 4437/4437/4437 4435/4435/4435 4438/4438/4438
f 4438/4438/4438 4440/4440/4440 4437/4437/4437
f 4440/4440/4440 4438/4438/4438 4427/4427/4427
f 4427/4427/4427 4426/4426/4426 4440/4440/4440
f 4411/4411/4411 4409/4409/4409 4441/4441/4441
f 4441/4441/4441 4442/4442/4442 4411/4411/4411
f 4445/4445/4445 4446/4446/4446 4447/4447/4447
f 4447/4447/4447 4448/4448/4448 4445/4445/4445
f 4451/4451/4451 4452/4452/4452 4446/4446/4446
f 4446/4446/4446 4445/4445/4445 4451/4451/4451
f 4455/4455/4455 4457/4457/4457 4452/4452/4452
f 4452/4452/4452 4451/4451/4451 4455/4455/4455
f 4458/4458/4458 4462/4462/4462 4456/4456/4456
f 4456/4456/4456 4453/4453/4453 4458/4458/4458
f 4463/4463/4463 4465/4465/4465 4466/4466/4466
f 4466/4466/4466 4468/4468/4468 4463/4463/4463
f 4468/4468/4468 4466/4466/4466 4469/4469/4469
f 4469/4469/4469 4471/4471/4471 4468/4468/4468
f 4471/4471/4471 4469/4469/4469 4461/4461/4461
f 4461/4461/4461 4460/4460/4460 4471/4471/4471
f 4448/4448/4448 4447/4447/4447 4472/4472/4472
f 4472/4472/4472 4474/4474/4474 4448/4448/4448
f 4474/4474/4474 4472/4472/4472 4475/4475/4475
f 4475/4475/4475 4477/4477/4477 4474/4474/4474
f 4477/4477/4477 4475/4475/4475 4478/4478/4478
f 4478/4478/4478 4479/4479/4479 4477/4477/4477
f 4479/4479/4479 4478/4478/4478 4481/4481/4481
f 4481/4481/4481 4484/4484/4484 4479/4479/4479
f 4486/4486/4486 4488/4488/4488 4489/4489/4489
f 4489/4489/4489 4491/4491/4491 4486/4486/4486
f 4492/4492/4492 4494/4494/4494 4488/4488/4488
f 4488/4488/4488 4486/4486/4486 4492/4492/4492
f 4485/4485/4485 4482/4482/4482 4494/4494/4494
f 4494/4494/4494 4492/4492/4492 4485/4485/4485
f 4442/4442/4442 4441/4441/4441 4465/4465/4465
f 4465/4465/4465 4463/4463/4463 4442/4442/4442
f 4491/4491/4491 4489/4489/4489 4431/4431/4431
f 4431/4431/4431 4429/4429/4429 4491/4491/4491
f 4487/4487/4487 4490/4490/4490 4495/4495/4495
f 4495/4495/4495 4496/4496/4496 4487/4487/4487
f 4493/4493/4493 4487/4487/4487 4496/4496/4496
f 4496/4496/4496 4497/4497/4497 4493/4493/4493
f 4490/4490/4490 4430/4430/4430 4498/4498/4498
f 4498/4498/4498 4495/4495/4495 4490/4490/4490
f 4498/4498/4498 4430/4430/4430 4433/4433/4433
f 4433/4433/4433 4499/4499/4499 4498/4498/4498
f 4499/4499/4499 4433/4433/4433 4436/4436/4436
f 4436/4436/4436 4500/4500/4500 4499/4499/4499
f 4500/4500/4500 4436/4436/4436 4439/4439/4439
f 4439/4439/4439 4501/4501/4501 4500/4500/4500
f 4439/4439/4439 4422/4422/4422 4418/4418/4418
f 4418/4418/4418 4501/4501/4501 4439/4439/4439
f 4501/4501/4501 4418/4418/4418 4416/4416/4416
f 4416/4416/4416 4502/4502/4502 4501/4501/4501
f 4393/4393/4393 4503/4503/4503 4502/4502/4502
f 4502/4502/4502 4390/4390/4390 4393/4393/4393
f 4503/4503/4503 4393/4393/4393 4396/4396/4396
f 4396/4396/4396 4504/4504/4504 4503/4503/4503
f 4504/4504/4504 4396/4396/4396 4399/4399/4399
f 4399/4399/4399 4505/4505/4505 4504/4504/4504
f 4399/4399/4399 4413/4413/4413 4406/4406/4406
f 4406/4406/4406 4505/4505/4505 4399/4399/4399
f 4410/4410/4410 4443/4443/4443 4506/4506/4506
f 4506/4506/4506 4505/4505/4505 4410/4410/4410
f 4506/4506/4506 4443/4443/4443 4464/4464/4464
f 4464/4464/4464 4507/4507/4507 4506/4506/4506
f 4507/4507/4507 4464/4464/4464 4467/4467/4467
f 4467/4467/4467 4508/4508/4508 4507/4507/4507
f 4508/4508/4508 4467/4467/4467 4470/4470/4470
f 4470/4470/4470 4509/4509/4509 4508/4508/4508
f 4470/4470/4470 4454/4454/4454 4450/4450/4450
f 4450/4450/4450 4509/4509/4509 4470/4470/4470
f 4444/4444/4444 4510/4510/4510 4509/4509/4509
f 4509/4509/4509 4450/4450/4450 4444/4444/4444
f 4510/4510/4510 4449/4449/4449 4473/4473/4473
f 4473/4473/4473 4497/4497/4497 4510/4510/4510
f 4476/4476/4476 4480/4480/4480 4493/4493/4493
f 4493/4493/4493 4497/4497/4497 4476/4476/4476
f 4399/4399/4399 4404/4404/4404 4413/4413/4413
f 4406/4406/4406 4410/4410/4410 4505/4505/4505
f 4416/4416/4416 4390/4390/4390 4502/4502/4502
f 4425/4425/4425 4422/4422/4422 4439/4439/4439
f 4444/4444/4444 4449/4449/4449 4510/4510/4510
f 4459/4459/4459 4454/4454/4454 4470/4470/4470
f 4473/4473/4473 4476/4476/4476 4497/4497/4497
f 4480/4480/4480 4483/4483/4483 4493/4493/4493
f 4512/4512/4512 4513/4513/4513 4514/4514/4514
f 4514/4514/4514 4516/4516/4516 4512/4512/4512
f 4516/4516/4516 4514/4514/4514 4517/4517/4517
f 4517/4517/4517 4518/4518/4518 4516/4516/4516
f 4518/4518/4518 4517/4517/4517 4520/4520/4520
f 4520/4520/4520 4521/4521/4521 4518/4518/4518
f 4521/4521/4521 4520/4520/4520 4523/4523/4523
f 4523/4523/4523 4526/4526/4526 4521/4521/4521
f 4529/4529/4529 4530/4530/4530 4531/4531/4531
f 4531/4531/4531 4532/4532/4532 4529/4529/4529
f 4535/4535/4535 4536/4536/4536 4530/4530/4530
f 4530/4530/4530 4529/4529/4529 4535/4535/4535
f 4525/4525/4525 4524/4524/4524 4536/4536/4536
f 4536/4536/4536 4535/4535/4535 4525/4525/4525
f 4538/4538/4538 4539/4539/4539 4513/4513/4513
f 4513/4513/4513 4512/4512/4512 4538/4538/4538
f 4541/4541/4541 4542/4542/4542 4539/4539/4539
f 4539/4539/4539 4538/4538/4538 4541/4541/4541
f 4544/4544/4544 4545/4545/4545 4542/4542/4542
f 4542/4542/4542 4541/4541/4541 4544/4544/4544
f 4547/4547/4547 4549/4549/4549 4545/4545/4545
f 4545/4545/4545 4544/4544/4544 4547/4547/4547
f 4552/4552/4552 4553/4553/4553 4554/4554/4554
f 4554/4554/4554 4556/4556/4556 4552/4552/4552
f 4556/4556/4556 4554/4554/4554 4557/4557/4557
f 4557/4557/4557 4559/4559/4559 4556/4556/4556
f 4559/4559/4559 4557/4557/4557 4560/4560/4560
f 4560/4560/4560 4562/4562/4562 4559/4559/4559
f 4562/4562/4562 4560/4560/4560 4550/4550/4550
f 4550/4550/4550 4546/4546/4546 4562/4562/4562
f 4532/4532/4532 4531/4531/4531 4563/4563/4563
f 4563/4563/4563 4564/4564/4564 4532/4532/4532
f 4567/4567/4567 4568/4568/4568 4569/4569/4569
f 4569/4569/4569 4571/4571/4571 4567/4567/4567
f 4573/4573/4573 4574/4574/4574 4568/4568/4568
f 4568/4568/4568 4567/4567/4567 4573/4573/4573
f 4576/4576/4576 4578/4578/4578 4574/4574/4574
f 4574/4574/4574 4573/4573/4573 4576/4576/4576
f 4581/4581/4581 4583/4583/4583 4579/4579/4579
f 4579/4579/4579 4577/4577/4577 4581/4581/4581
f 4586/4586/4586 4587/4587/4587 4588/4588/4588
f 4588/4588/4588 4590/4590/4590 4586/4586/4586
f 4590/4590/4590 4588/4588/4588 4591/4591/4591
f 4591/4591/4591 4593/4593/4593 4590/4590/4590
f 4593/4593/4593 4591/4591/4591 4584/4584/4584
f 4584/4584/4584 4582/4582/4582 4593/4593/4593
f 4571/4571/4571 4569/4569/4569 4594/4594/4594
f 4594/4594/4594 4596/4596/4596 4571/4571/4571
f 4596/4596/4596 4594/4594/4594 4597/4597/4597
f 4597/4597/4597 4599/4599/4599 4596/4596/4596
f 4599/4599/4599 4597/4597/4597 4600/4600/4600
f 4600/4600/4600 4602/4602/4602 4599/4599/4599
f 4602/4602/4602 4600/4600/4600 4604/4604/4604
f 4604/4604/4604 4605/4605/4605 4602/4602/4602
f 4609/4609/4609 4610/4610/4610 4611/4611/4611
f 4611/4611/4611 4613/4613/4613 4609/4609/4609
f 4615/4615/4615 4616/4616/4616 4610/4610/4610
f 4610/4610/4610 4609/4609/4609 4615/4615/4615
f 4606/4606/4606 4603/4603/4603 4616/4616/4616
f 4616/4616/4616 4615/4615/4615 4606/4606/4606
f 4564/4564/4564 4563/4563/4563 4587/4587/4587
f 4587/4587/4587 4586/4586/4586 4564/4564/4564
f 4613/4613/4613 4611/4611/4611 4553/4553/4553
f 4553/4553/4553 4552/4552/4552 4613/4613/4613
f 4608/4608/4608 4612/4612/4612 4617/4617/4617
f 4617/4617/4617 4618/4618/4618 4608/4608/4608
f 4614/4614/4614 4608/4608/4608 4618/4618/4618
f 4618/4618/4618 4619/4619/4619 4614/4614/4614
f 4612/4612/4612 4551/4551/4551 4620/4620/4620
f 4620/4620/4620 4617/4617/4617 4612/4612/4612
f 4620/4620/4620 4551/4551/4551 4555/4555/4555
f 4555/4555/4555 4621/4621/4621 4620/4620/4620
f 4621/4621/4621 4555/4555/4555 4558/4558/4558
f 4558/4558/4558 4622/4622/4622 4621/4621/4621
f 4622/4622/4622 4558/4558/4558 4561/4561/4561
f 4561/4561/4561 4623/4623/4623 4622/4622/4622
f 4561/4561/4561 4543/4543/4543 4540/4540/4540
f 4540/4540/4540 4623/4623/4623 4561/4561/4561
f 4623/4623/4623 4540/4540/4540 4537/4537/4537
f 4537/4537/4537 4624/4624/4624 4623/4623/4623
f 4515/4515/4515 4625/4625/4625 4624/4624/4624
f 4624/4624/4624 4511/4511/4511 4515/4515/4515
f 4625/4625/4625 4515/4515/4515 4519/4519/4519
f 4519/4519/4519 4626/4626/4626 4625/4625/4625
f 4626/4626/4626 4519/4519/4519 4522/4522/4522
f 4522/4522/4522 4627/4627/4627 4626/4626/4626
f 4522/4522/4522 4534/4534/4534 4528/4528/4528
f 4528/4528/4528 4627/4627/4627 4522/4522/4522
f 4533/4533/4533 4565/4565/4565 4628/4628/4628
f 4628/4628/4628 4627/4627/4627 4533/4533/4533
f 4628/4628/4628 4565/4565/4565 4585/4585/4585
f 4585/4585/4585 4629/4629/4629 4628/4628/4628
f 4629/4629/4629 4585/4585/4585 4589/4589/4589
f 4589/4589/4589 4630/4630/4630 4629/4629/4629
f 4630/4630/4630 4589/4589/4589 4592/4592/4592
f 4592/4592/4592 4631/4631/4631 4630/4630/4630
f 4592/4592/4592 4575/4575/4575 4572/4572/4572
f 4572/4572/4572 4631/4631/4631 4592/4592/4592
f 4566/4566/4566 4632/4632/4632 4631/4631/4631
f 4631/4631/4631 4572/4572/4572 4566/4566/4566
f 4632/4632/4632 4570/4570/4570 4595/4595/4595
f 4595/4595/4595 4619/4619/4619 4632/4632/4632
f 4598/4598/4598 4601/4601/4601 4614/4614/4614
f 4614/4614/4614 4619/4619/4619 4598/4598/4598
f 4522/4522/4522 4527/4527/4527 4534/4534/4534
f 4528/4528/4528 4533/4533/4533 4627/4627/4627
f 4537/4537/4537 4511/4511/4511 4624/4624/4624
f 4548/4548/4548 4543/4543/4543 4561/4561/4561
f 4566/4566/4566 4570/4570/4570 4632/4632/4632
f 4580/4580/4580 4575/4575/4575 4592/4592/4592
f 4595/4595/4595 4598/4598/4598 4619/4619/4619
f 4601/4601/4601 4607/4607/4607 4614/4614/4614
f 4633/4633/4633 4635/4635/4635 4636/4636/4636
f 4636/4636/4636 4638/4638/4638 4633/4633/4633
f 4638/4638/4638 4636/4636/4636 4639/4639/4639
f 4639/4639/4639 4641/4641/4641 4638/4638/4638
f 4641/4641/4641 4639/4639/4639 4642/4642/4642
f 4642/4642/4642 4643/4643/4643 4641/4641/4641
f 4643/4643/4643 4642/4642/4642 4645/4645/4645
f 4645/4645/4645 4649/4649/4649 4643/4643/4643
f 4651/4651/4651 4652/4652/4652 4653/4653/4653
f 4653/4653/4653 4654/4654/4654 4651/4651/4651
f 4657/4657/4657 4658/4658/4658 4652/4652/4652
f 4652/4652/4652 4651/4651/4651 4657/4657/4657
f 4647/4647/4647 4646/4646/4646 4658/4658/4658
f 4658/4658/4658 4657/4657/4657 4647/4647/4647
f 4659/4659/4659 4661/4661/4661 4635/4635/4635
f 4635/4635/4635 4633/4633/4633 4659/4659/4659
f 4662/4662/4662 4664/4664/4664 4661/4661/4661
f 4661/4661/4661 4659/4659/4659 4662/4662/4662
f 4666/4666/4666 4667/4667/4667 4664/4664/4664
f 4664/4664/4664 4662/4662/4662 4666/4666/4666
f 4668/4668/4668 4672/4672/4672 4667/4667/4667
f 4667/4667/4667 4666/4666/4666 4668/4668/4668
f 4674/4674/4674 4675/4675/4675 4676/4676/4676
f 4676/4676/4676 4677/4677/4677 4674/4674/4674
f 4677/4677/4677 4676/4676/4676 4679/4679/4679
f 4679/4679/4679 4680/4680/4680 4677/4677/4677
f 4680/4680/4680 4679/4679/4679 4682/4682/4682
f 4682/4682/4682 4683/4683/4683 4680/4680/4680
f 4683/4683/4683 4682/4682/4682 4671/4671/4671
f 4671/4671/4671 4669/4669/4669 4683/4683/4683
f 4654/4654/4654 4653/4653/4653 4685/4685/4685
f 4685/4685/4685 4686/4686/4686 4654/4654/4654
f 4688/4688/4688 4690/4690/4690 4691/4691/4691
f 4691/4691/4691 4693/4693/4693 4688/4688/4688
f 4694/4694/4694 4696/4696/4696 4690/4690/4690
f 4690/4690/4690 4688/4688/4688 4694/4694/4694
f 4698/4698/4698 4701/4701/4701 4696/4696/4696
f 4696/4696/4696 4694/4694/4694 4698/4698/4698
f 4704/4704/4704 4705/4705/4705 4700/4700/4700
f 4700/4700/4700 4699/4699/4699 4704/4704/4704
f 4707/4707/4707 4709/4709/4709 4710/4710/4710
f 4710/4710/4710 4712/4712/4712 4707/4707/4707
f 4712/4712/4712 4710/4710/4710 4713/4713/4713
f 4713/4713/4713 4715/4715/4715 4712/4712/4712
f 4715/4715/4715 4713/4713/4713 4706/4706/4706
f 4706/4706/4706 4703/4703/4703 4715/4715/4715
f 4693/4693/4693 4691/4691/4691 4716/4716/4716
f 4716/4716/4716 4717/4717/4717 4693/4693/4693
f 4717/4717/4717 4716/4716/4716 4719/4719/4719
f 4719/4719/4719 4721/4721/4721 4717/4717/4717
f 4721/4721/4721 4719/4719/4719 4722/4722/4722
f 4722/4722/4722 4723/4723/4723 4721/4721/4721
f 4723/4723/4723 4722/4722/4722 4726/4726/4726
f 4726/4726/4726 4729/4729/4729 4723/4723/4723
f 4731/4731/4731 4732/4732/4732 4733/4733/4733
f 4733/4733/4733 4734/4734/4734 4731/4731/4731
f 4737/4737/4737 4738/4738/4738 4732/4732/4732
f 4732/4732/4732 4731/4731/4731 4737/4737/4737
f 4727/4727/4727 4725/4725/4725 4738/4738/4738
f 4738/4738/4738 4737/4737/4737 4727/4727/4727
f 4686/4686/4686 4685/4685/4685 4709/4709/4709
f 4709/4709/4709 4707/4707/4707 4686/4686/4686
f 4734/4734/4734 4733/4733/4733 4675/4675/4675
f 4675/4675/4675 4674/4674/4674 4734/4734/4734
f 4730/4730/4730 4735/4735/4735 4739/4739/4739
f 4739/4739/4739 4740/4740/4740 4730/4730/4730
f 4736/4736/4736 4730/4730/4730 4740/4740/4740
f 4740/4740/4740 4741/4741/4741 4736/4736/4736
f 4735/4735/4735 4673/4673/4673 4742/4742/4742
f 4742/4742/4742 4739/4739/4739 4735/4735/4735
f 4742/4742/4742 4673/4673/4673 4678/4678/4678
f 4678/4678/4678 4743/4743/4743 4742/4742/4742
f 4743/4743/4743 4678/4678/4678 4681/4681/4681
f 4681/4681/4681 4744/4744/4744 4743/4743/4743
f 4744/4744/4744 4681/4681/4681 4684/4684/4684
f 4684/4684/4684 4745/4745/4745 4744/4744/4744
f 4684/4684/4684 4665/4665/4665 4663/4663/4663
f 4663/4663/4663 4745/4745/4745 4684/4684/4684
f 4745/4745/4745 4663/4663/4663 4660/4660/4660
f 4660/4660/4660 4746/4746/4746 4745/4745/4745
f 4637/4637/4637 4747/4747/4747 4746/4746/4746
f 4746/4746/4746 4634/4634/4634 4637/4637/4637
f 4747/4747/4747 4637/4637/4637 4640/4640/4640
f 4640/4640/4640 4748/4748/4748 4747/4747/4747
f 4748/4748/4748 4640/4640/4640 4644/4644/4644
f 4644/4644/4644 4749/4749/4749 4748/4748/4748
f 4644/4644/4644 4656/4656/4656 4650/4650/4650
f 4650/4650/4650 4749/4749/4749 4644/4644/4644
f 4655/4655/4655 4687/4687/4687 4750/4750/4750
f 4750/4750/4750 4749/4749/4749 4655/4655/4655
f 4750/4750/4750 4687/4687/4687 4708/4708/4708
f 4708/4708/4708 4751/4751/4751 4750/4750/4750
f 4751/4751/4751 4708/4708/4708 4711/4711/4711
f 4711/4711/4711 4752/4752/4752 4751/4751/4751
f 4752/4752/4752 4711/4711/4711 4714/4714/4714
f 4714/4714/4714 4753/4753/4753 4752/4752/4752
f 4714/4714/4714 4697/4697/4697 4695/4695/4695
f 4695/4695/4695 4753/4753/4753 4714/4714/4714
f 4689/4689/4689 4754/4754/4754 4753/4753/4753
f 4753/4753/4753 4695/4695/4695 4689/4689/4689
f 4754/4754/4754 4692/4692/4692 4718/4718/4718
f 4718/4718/4718 4741/4741/4741 4754/4754/4754
f 4720/4720/4720 4724/4724/4724 4736/4736/4736
f 4736/4736/4736 4741/4741/4741 4720/4720/4720
f 4644/4644/4644 4648/4648/4648 4656/4656/4656
f 4650/4650/4650 4655/4655/4655 4749/4749/4749
f 4660/4660/4660 4634/4634/4634 4746/4746/4746
f 4670/4670/4670 4665/4665/4665 4684/4684/4684
f 4689/4689/4689 4692/4692/4692 4754/4754/4754
f 4702/4702/4702 4697/4697/4697 4714/4714/4714
f 4718/4718/4718 4720/4720/4720 4741/4741/4741
f 4724/4724/4724 4728/4728/4728 4736/4736/4736
f 4756/4756/4756 4757/4757/4757 4758/4758/4758
f 4758/4758/4758 4760/4760/4760 4756/4756/4756
f 4760/4760/4760 4758/4758/4758 4761/4761/4761
f 4761/4761/4761 4763/4763/4763 4760/4760/4760
f 4763/4763/4763 4761/4761/4761 4764/4764/4764
f 4764/4764/4764 4765/4765/4765 4763/4763/4763
f 4765/4765/4765 4764/4764/4764 4768/4768/4768
f 4768/4768/4768 4769/4769/4769 4765/4765/4765
f 4772/4772/4772 4774/4774/4774 4775/4775/4775
f 4775/4775/4775 4777/4777/4777 4772/4772/4772
f 4778/4778/4778 4780/4780/4780 4774/4774/4774
f 4774/4774/4774 4772/4772/4772 4778/4778/4778
f 4771/4771/4771 4767/4767/4767 4780/4780/4780
f 4780/4780/4780 4778/4778/4778 4771/4771/4771
f 4782/4782/4782 4783/4783/4783 4757/4757/4757
f 4757/4757/4757 4756/4756/4756 4782/4782/4782
f 4784/4784/4784 4786/4786/4786 4783/4783/4783
f 4783/4783/4783 4782/4782/4782 4784/4784/4784
f 4788/4788/4788 4789/4789/4789 4786/4786/4786
f 4786/4786/4786 4784/4784/4784 4788/4788/4788
f 4792/4792/4792 4794/4794/4794 4789/4789/4789
f 4789/4789/4789 4788/4788/4788 4792/4792/4792
f 4796/4796/4796 4797/4797/4797 4798/4798/4798
f 4798/4798/4798 4800/4800/4800 4796/4796/4796
f 4800/4800/4800 4798/4798/4798 4801/4801/4801
f 4801/4801/4801 4803/4803/4803 4800/4800/4800
f 4803/4803/4803 4801/4801/4801 4804/4804/4804
f 4804/4804/4804 4805/4805/4805 4803/4803/4803
f 4805/4805/4805 4804/4804/4804 4793/4793/4793
f 4793/4793/4793 4791/4791/4791 4805/4805/4805
f 4777/4777/4777 4775/4775/4775 4807/4807/4807
f 4807/4807/4807 4808/4808/4808 4777/4777/4777
f 4811/4811/4811 4812/4812/4812 4813/4813/4813
f 4813/4813/4813 4814/4814/4814 4811/4811/4811
f 4817/4817/4817 4818/4818/4818 4812/4812/4812
f 4812/4812/4812 4811/4811/4811 4817/4817/4817
f 4820/4820/4820 4822/4822/4822 4818/4818/4818
f 4818/4818/4818 4817/4817/4817 4820/4820/4820
f 4825/4825/4825 4827/4827/4827 4823/4823/4823
f 4823/4823/4823 4821/4821/4821 4825/4825/4825
f 4829/4829/4829 4831/4831/4831 4832/4832/4832
f 4832/4832/4832 4834/4834/4834 4829/4829/4829
f 4834/4834/4834 4832/4832/4832 4835/4835/4835
f 4835/4835/4835 4836/4836/4836 4834/4834/4834
f 4836/4836/4836 4835/4835/4835 4828/4828/4828
f 4828/4828/4828 4826/4826/4826 4836/4836/4836
f 4814/4814/4814 4813/4813/4813 4838/4838/4838
f 4838/4838/4838 4840/4840/4840 4814/4814/4814
f 4840/4840/4840 4838/4838/4838 4841/4841/4841
f 4841/4841/4841 4842/4842/4842 4840/4840/4840
f 4842/4842/4842 4841/4841/4841 4844/4844/4844
f 4844/4844/4844 4846/4846/4846 4842/4842/4842
f 4846/4846/4846 4844/4844/4844 4847/4847/4847
f 4847/4847/4847 4849/4849/4849 4846/4846/4846
f 4852/4852/4852 4854/4854/4854 4855/4855/4855
f 4855/4855/4855 4856/4856/4856 4852/4852/4852
f 4859/4859/4859 4860/4860/4860 4854/4854/4854
f 4854/4854/4854 4852/4852/4852 4859/4859/4859
f 4851/4851/4851 4848/4848/4848 4860/4860/4860
f 4860/4860/4860 4859/4859/4859 4851/4851/4851
f 4808/4808/4808 4807/4807/4807 4831/4831/4831
f 4831/4831/4831 4829/4829/4829 4808/4808/4808
f 4856/4856/4856 4855/4855/4855 4797/4797/4797
f 4797/4797/4797 4796/4796/4796 4856/4856/4856
f 4853/4853/4853 4857/4857/4857 4861/4861/4861
f 4861/4861/4861 4862/4862/4862 4853/4853/4853
f 4858/4858/4858 4853/4853/4853 4862/4862/4862
f 4862/4862/4862 4863/4863/4863 4858/4858/4858
f 4857/4857/4857 4795/4795/4795 4864/4864/4864
f 4864/4864/4864 4861/4861/4861 4857/4857/4857
f 4864/4864/4864 4795/4795/4795 4799/4799/4799
f 4799/4799/4799 4865/4865/4865 4864/4864/4864
f 4865/4865/4865 4799/4799/4799 4802/4802/4802
f 4802/4802/4802 4866/4866/4866 4865/4865/4865
f 4866/4866/4866 4802/4802/4802 4806/4806/4806
f 4806/4806/4806 4867/4867/4867 4866/4866/4866
f 4806/4806/4806 4787/4787/4787 4785/4785/4785
f 4785/4785/4785 4867/4867/4867 4806/4806/4806
f 4867/4867/4867 4785/4785/4785 4781/4781/4781
f 4781/4781/4781 4868/4868/4868 4867/4867/4867
f 4759/4759/4759 4869/4869/4869 4868/4868/4868
f 4868/4868/4868 4755/4755/4755 4759/4759/4759
f 4869/4869/4869 4759/4759/4759 4762/4762/4762
f 4762/4762/4762 4870/4870/4870 4869/4869/4869
f 4870/4870/4870 4762/4762/4762 4766/4766/4766
f 4766/4766/4766 4871/4871/4871 4870/4870/4870
f 4766/4766/4766 4779/4779/4779 4773/4773/4773
f 4773/4773/4773 4871/4871/4871 4766/4766/4766
f 4776/4776/4776 4809/4809/4809 4872/4872/4872
f 4872/4872/4872 4871/4871/4871 4776/4776/4776
f 4872/4872/4872 4809/4809/4809 4830/4830/4830
f 4830/4830/4830 4873/4873/4873 4872/4872/4872
f 4873/4873/4873 4830/4830/4830 4833/4833/4833
f 4833/4833/4833 4874/4874/4874 4873/4873/4873
f 4874/4874/4874 4833/4833/4833 4837/4837/4837
f 4837/4837/4837 4875/4875/4875 4874/4874/4874
f 4837/4837/4837 4819/4819/4819 4816/4816/4816
f 4816/4816/4816 4875/4875/4875 4837/4837/4837
f 4810/4810/4810 4876/4876/4876 4875/4875/4875
f 4875/4875/4875 4816/4816/4816 4810/4810/4810
f 4876/4876/4876 4815/4815/4815 4839/4839/4839
f 4839/4839/4839 4863/4863/4863 4876/4876/4876
f 4843/4843/4843 4845/4845/4845 4858/4858/4858
f 4858/4858/4858 4863/4863/4863 4843/4843/4843
f 4766/4766/4766 4770/4770/4770 4779/4779/4779
f 4773/4773/4773 4776/4776/4776 4871/4871/4871
f 4781/4781/4781 4755/4755/4755 4868/4868/4868
f 4790/4790/4790 4787/4787/4787 4806/4806/4806
f 4810/4810/4810 4815/4815/4815 4876/4876/4876
f 4824/4824/4824 4819/4819/4819 4837/4837/4837
f 4839/4839/4839 4843/4843/4843 4863/4863/4863
f 4845/4845/4845 4850/4850/4850 4858/4858/4858
f 4877/4877/4877 4879/4879/4879 4880/4880/4880
f 4880/4880/4880 4882/4882/4882 4877/4877/4877
f 4882/4882/4882 4880/4880/4880 4883/4883/4883
f 4883/4883/4883 4884/4884/4884 4882/4882/4882
f 4884/4884/4884 4883/4883/4883 4886/4886/4886
f 4886/4886/4886 4888/4888/4888 4884/4884/4884
f 4888/4888/4888 4886/4886/4886 4890/4890/4890
f 4890/4890/4890 4893/4893/4893 4888/4888/4888
f 4894/4894/4894 4896/4896/4896 4897/4897/4897
f 4897/4897/4897 4898/4898/4898 4894/4894/4894
f 4901/4901/4901 4902/4902/4902 4896/4896/4896
f 4896/4896/4896 4894/4894/4894 4901/4901/4901
f 4892/4892/4892 4889/4889/4889 4902/4902/4902
f 4902/4902/4902 4901/4901/4901 4892/4892/4892
f 4903/4903/4903 4905/4905/4905 4879/4879/4879
f 4879/4879/4879 4877/4877/4877 4903/4903/4903
f 4906/4906/4906 4908/4908/4908 4905/4905/4905
f 4905/4905/4905 4903/4903/4903 4906/4906/4906
f 4909/4909/4909 4911/4911/4911 4908/4908/4908
f 4908/4908/4908 4906/4906/4906 4909/4909/4909
f 4914/4914/4914 4915/4915/4915 4911/4911/4911
f 4911/4911/4911 4909/4909/4909 4914/4914/4914
f 4918/4918/4918 4919/4919/4919 4920/4920/4920
f 4920/4920/4920 4921/4921/4921 4918/4918/4918
f 4921/4921/4921 4920/4920/4920 4923/4923/4923
f 4923/4923/4923 4925/4925/4925 4921/4921/4921
f 4925/4925/4925 4923/4923/4923 4926/4926/4926
f 4926/4926/4926 4928/4928/4928 4925/4925/4925
f 4928/4928/4928 4926/4926/4926 4916/4916/4916
f 4916/4916/4916 4913/4913/4913 4928/4928/4928
f 4898/4898/4898 4897/4897/4897 4929/4929/4929
f 4929/4929/4929 4930/4930/4930 4898/4898/4898
f 4933/4933/4933 4934/4934/4934 4935/4935/4935
f 4935/4935/4935 4937/4937/4937 4933/4933/4933
f 4938/4938/4938 4940/4940/4940 4934/4934/4934
f 4934/4934/4934 4933/4933/4933 4938/4938/4938
f 4941/4941/4941 4945/4945/4945 4940/4940/4940
f 4940/4940/4940 4938/4938/4938 4941/4941/4941
f 4947/4947/4947 4950/4950/4950 4944/4944/4944
f 4944/4944/4944 4942/4942/4942 4947/4947/4947
f 4951/4951/4951 4953/4953/4953 4954/4954/4954
f 4954/4954/4954 4956/4956/4956 4951/4951/4951
f 4956/4956/4956 4954/4954/4954 4957/4957/4957
f 4957/4957/4957 4958/4958/4958 4956/4956/4956
f 4958/4958/4958 4957/4957/4957 4949/4949/4949
f 4949/4949/4949 4948/4948/4948 4958/4958/4958
f 4937/4937/4937 4935/4935/4935 4960/4960/4960
f 4960/4960/4960 4961/4961/4961 4937/4937/4937
f 4961/4961/4961 4960/4960/4960 4963/4963/4963
f 4963/4963/4963 4965/4965/4965 4961/4961/4961
f 4965/4965/4965 4963/4963/4963 4966/4966/4966
f 4966/4966/4966 4968/4968/4968 4965/4965/4965
f 4968/4968/4968 4966/4966/4966 4970/4970/4970
f 4970/4970/4970 4972/4972/4972 4968/4968/4968
f 4974/4974/4974 4976/4976/4976 4977/4977/4977
f 4977/4977/4977 4979/4979/4979 4974/4974/4974
f 4981/4981/4981 4982/4982/4982 4976/4976/4976
f 4976/4976/4976 4974/4974/4974 4981/4981/4981
f 4973/4973/4973 4969/4969/4969 4982/4982/4982
f 4982/4982/4982 4981/4981/4981 4973/4973/4973
f 4930/4930/4930 4929/4929/4929 4953/4953/4953
f 4953/4953/4953 4951/4951/4951 4930/4930/4930
f 4979/4979/4979 4977/4977/4977 4919/4919/4919
f 4919/4919/4919 4918/4918/4918 4979/4979/4979
f 4975/4975/4975 4978/4978/4978 4983/4983/4983
f 4983/4983/4983 4984/4984/4984 4975/4975/4975
f 4980/4980/4980 4975/4975/4975 4984/4984/4984
f 4984/4984/4984 4985/4985/4985 4980/4980/4980
f 4978/4978/4978 4917/4917/4917 4986/4986/4986
f 4986/4986/4986 4983/4983/4983 4978/4978/4978
f 4986/4986/4986 4917/4917/4917 4922/4922/4922
f 4922/4922/4922 4987/4987/4987 4986/4986/4986
f 4987/4987/4987 4922/4922/4922 4924/4924/4924
f 4924/4924/4924 4988/4988/4988 4987/4987/4987
f 4988/4988/4988 4924/4924/4924 4927/4927/4927
f 4927/4927/4927 4989/4989/4989 4988/4988/4988
f 4927/4927/4927 4910/4910/4910 4907/4907/4907
f 4907/4907/4907 4989/4989/4989 4927/4927/4927
f 4989/4989/4989 4907/4907/4907 4904/4904/4904
f 4904/4904/4904 4990/4990/4990 4989/4989/4989
f 4881/4881/4881 4991/4991/4991 4990/4990/4990
f 4990/4990/4990 4878/4878/4878 4881/4881/4881
f 4991/4991/4991 4881/4881/4881 4885/4885/4885
f 4885/4885/4885 4992/4992/4992 4991/4991/4991
f 4992/4992/4992 4885/4885/4885 4887/4887/4887
f 4887/4887/4887 4993/4993/4993 4992/4992/4992
f 4887/4887/4887 4900/4900/4900 4895/4895/4895
f 4895/4895/4895 4993/4993/4993 4887/4887/4887
f 4899/4899/4899 4931/4931/4931 4994/4994/4994
f 4994/4994/4994 4993/4993/4993 4899/4899/4899
f 4994/4994/4994 4931/4931/4931 4952/4952/4952
f 4952/4952/4952 4995/4995/4995 4994/4994/4994
f 4995/4995/4995 4952/4952/4952 4955/4955/4955
f 4955/4955/4955 4996/4996/4996 4995/4995/4995
f 4996/4996/4996 4955/4955/4955 4959/4959/4959
f 4959/4959/4959 4997/4997/4997 4996/4996/4996
f 4959/4959/4959 4943/4943/4943 4939/4939/4939
f 4939/4939/4939 4997/4997/4997 4959/4959/4959
f 4932/4932/4932 4998/4998/4998 4997/4997/4997
f 4997/4997/4997 4939/4939/4939 4932/4932/4932
f 4998/4998/4998 4936/4936/4936 4962/4962/4962
f 4962/4962/4962 4985/4985/4985 4998/4998/4998
f 4964/4964/4964 4967/4967/4967 4980/4980/4980
f 4980/4980/4980 4985/4985/4985 4964/4964/4964
f 4887/4887/4887 4891/4891/4891 4900/4900/4900
f 4895/4895/4895 4899/4899/4899 4993/4993/4993
f 4904/4904/4904 4878/4878/4878 4990/4990/4990
f 4912/4912/4912 4910/4910/4910 4927/4927/4927
f 4932/4932/4932 4936/4936/4936 4998/4998/4998
f 4946/4946/4946 4943/4943/4943 4959/4959/4959
f 4962/4962/4962 4964/4964/4964 4985/4985/4985
f 4967/4967/4967 4971/4971/4971 4980/4980/4980

