# https://github.com/mikedh/trimesh
mtllib material.mtl
usemtl material_0
v -581.84090000 220.99710000 167.69190000
v -581.84090000 220.99710000 167.69190000
v -581.84090000 220.99710000 167.69190000
v -658.59480000 220.99710000 167.69190000
v -658.59480000 220.99710000 167.69190000
v -658.59480000 220.99710000 167.69190000
v -658.59480000 220.99710000 244.57010000
v -658.59480000 220.99710000 244.57010000
v -658.59480000 220.99710000 244.57010000
v -581.84090000 220.99710000 244.57010000
v -581.84090000 220.99710000 244.57010000
v -581.84090000 220.99710000 244.57010000
v -581.84090000 212.97820000 244.57010000
v -581.84090000 212.97820000 244.57010000
v -581.84090000 212.97820000 244.57010000
v -581.84090000 212.97820000 244.57010000
v -658.59480000 212.97820000 244.57010000
v -658.59480000 212.97820000 244.57010000
v -658.59480000 207.88800000 244.57010000
v -581.84090000 207.88800000 244.57010000
v -581.84090000 207.88800000 244.57010000
v -658.59480000 212.97820000 167.69190000
v -658.59480000 212.97820000 167.69190000
v -658.59480000 207.88800000 167.69190000
v -581.84090000 212.97820000 167.69190000
v -581.84090000 212.97820000 167.69190000
v -581.84090000 207.88800000 167.69190000
v -584.02770000 204.08660000 242.37970000
v -584.02770000 204.08660000 242.37970000
v -584.02770000 204.08660000 169.88230000
v -584.02770000 204.08660000 169.88230000
v -656.40810000 204.08660000 169.88230000
v -656.40810000 204.08660000 169.88230000
v -656.40810000 204.08660000 242.37970000
v -656.40810000 204.08660000 242.37970000
v -589.55430000 201.17210000 236.84410000
v -589.55430000 201.17210000 236.84410000
v -589.55430000 201.17210000 175.41780000
v -589.55430000 201.17210000 175.41780000
v -650.88150000 201.17210000 175.41780000
v -650.88150000 201.17210000 175.41780000
v -650.88150000 201.17210000 236.84410000
v -650.88150000 201.17210000 236.84410000
v -646.21550000 186.65130000 195.17840000
v -646.21550000 186.65130000 195.17840000
v -646.21550000 186.65130000 195.17840000
v -631.10850000 186.65130000 180.07140000
v -631.10850000 186.65130000 180.07140000
v -631.10850000 -2.46070000 180.07140000
v -646.21550000 -2.46070000 195.17840000
v -609.74400000 186.65130000 180.07140000
v -609.74400000 186.65130000 180.07140000
v -609.74400000 186.65130000 180.07140000
v -609.74400000 -2.46070000 180.07140000
v -609.74400000 -2.46070000 180.07140000
v -594.63710000 186.65130000 195.17840000
v -594.63710000 186.65130000 195.17840000
v -594.63710000 -2.46070000 195.17840000
v -594.63710000 186.65130000 216.54280000
v -594.63710000 186.65130000 216.54280000
v -594.63710000 -2.46070000 216.54280000
v -609.74410000 186.65130000 231.64980000
v -609.74410000 186.65130000 231.64980000
v -609.74410000 186.65130000 231.64980000
v -609.74410000 -2.46070000 231.64980000
v -609.74410000 -2.46070000 231.64980000
v -631.10850000 186.65130000 231.64980000
v -631.10850000 186.65130000 231.64980000
v -631.10850000 -2.46070000 231.64980000
v -646.21550000 186.65130000 216.54280000
v -646.21550000 186.65130000 216.54280000
v -646.21550000 186.65130000 216.54280000
v -646.21550000 -2.46070000 216.54280000
v -646.21550000 -2.46070000 216.54280000
v -647.79000000 192.50010000 194.52620000
v -647.79000000 192.50010000 194.52620000
v -647.79000000 192.50010000 194.52620000
v -647.79000000 192.50010000 194.52620000
v -631.76070000 192.50010000 178.49690000
v -631.76070000 192.50010000 178.49690000
v -631.10850000 191.22600000 180.07140000
v -631.10850000 191.22600000 180.07140000
v -646.21550000 191.22600000 195.17840000
v -646.21550000 191.22600000 195.17840000
v -646.21550000 191.22600000 195.17840000
v -646.21550000 191.22600000 195.17840000
v -609.09180000 192.50010000 178.49690000
v -609.09180000 192.50010000 178.49690000
v -609.74400000 191.22600000 180.07140000
v -609.74400000 191.22600000 180.07140000
v -593.06260000 192.50010000 194.52620000
v -593.06260000 192.50010000 194.52620000
v -594.63710000 191.22600000 195.17840000
v -594.63710000 191.22600000 195.17840000
v -593.06260000 192.50010000 217.19510000
v -593.06260000 192.50010000 217.19510000
v -594.63710000 191.22600000 216.54280000
v -594.63710000 191.22600000 216.54280000
v -609.09180000 192.50010000 233.22430000
v -609.09180000 192.50010000 233.22430000
v -609.74410000 191.22600000 231.64980000
v -609.74410000 191.22600000 231.64980000
v -631.76070000 192.50010000 233.22430000
v -631.76070000 192.50010000 233.22430000
v -631.10850000 191.22600000 231.64980000
v -631.10850000 191.22600000 231.64980000
v -647.79000000 192.50010000 217.19510000
v -647.79000000 192.50010000 217.19510000
v -646.21550000 191.22600000 216.54280000
v -646.21550000 191.22600000 216.54280000
v -648.46110000 199.26040000 194.24820000
v -648.46110000 199.26040000 194.24820000
v -648.46110000 199.26040000 194.24820000
v -648.46110000 199.26040000 194.24820000
v -632.03870000 199.26040000 177.82580000
v -632.03870000 199.26040000 177.82580000
v -631.30930000 196.32250000 179.58650000
v -646.70040000 196.32250000 194.97750000
v -646.70040000 196.32250000 194.97750000
v -608.81400000 199.26040000 177.82580000
v -608.81400000 199.26040000 177.82580000
v -609.54320000 196.32250000 179.58650000
v -592.39150000 199.26040000 194.24820000
v -592.39150000 199.26040000 194.24820000
v -592.39150000 199.26040000 194.24820000
v -594.15210000 196.32250000 194.97750000
v -592.39160000 199.26040000 217.47300000
v -592.39160000 199.26040000 217.47300000
v -592.39160000 199.26040000 217.47300000
v -594.15210000 196.32250000 216.74370000
v -608.81400000 199.26040000 233.89540000
v -608.81400000 199.26040000 233.89540000
v -609.54320000 196.32250000 232.13480000
v -632.03870000 199.26040000 233.89540000
v -632.03870000 199.26040000 233.89540000
v -631.30930000 196.32250000 232.13480000
v -648.46110000 199.26040000 217.47300000
v -648.46110000 199.26040000 217.47300000
v -648.46110000 199.26040000 217.47300000
v -646.70040000 196.32250000 216.74370000
v -648.71060000 188.93870000 194.14490000
v -648.71060000 188.93870000 194.14490000
v -648.71060000 188.93870000 194.14490000
v -648.71060000 188.93870000 194.14490000
v -632.14210000 188.93870000 177.57630000
v -632.14210000 188.93870000 177.57630000
v -608.71060000 188.93870000 177.57630000
v -608.71060000 188.93870000 177.57630000
v -592.14200000 188.93870000 194.14490000
v -592.14200000 188.93870000 194.14490000
v -592.14200000 188.93870000 217.57640000
v -592.14200000 188.93870000 217.57640000
v -608.71060000 188.93870000 234.14490000
v -608.71060000 188.93870000 234.14490000
v -632.14210000 188.93870000 234.14490000
v -632.14210000 188.93870000 234.14490000
v -648.71060000 188.93870000 217.57640000
v -648.71060000 188.93870000 217.57640000
v -646.83920000 193.77420000 194.92000000
v -646.83920000 193.77420000 194.92000000
v -631.36690000 193.77420000 179.44770000
v -609.48570000 193.77420000 179.44770000
v -594.01330000 193.77420000 194.92000000
v -594.01330000 193.77420000 216.80120000
v -609.48570000 193.77420000 232.27360000
v -631.36690000 193.77420000 232.27360000
v -646.83920000 193.77420000 216.80120000
v -582.76950000 215.20930000 243.64150000
v -582.76950000 215.20930000 243.64150000
v -582.76950000 215.20930000 243.64150000
v -582.76950000 215.20930000 243.64150000
v -657.66630000 215.20930000 243.64150000
v -657.66630000 215.20930000 243.64150000
v -657.66630000 215.20930000 243.64150000
v -657.66630000 215.20930000 243.64150000
v -657.66630000 212.97820000 243.64150000
v -657.66630000 212.97820000 243.64150000
v -657.66630000 212.97820000 243.64150000
v -582.76950000 212.97820000 243.64150000
v -582.76950000 212.97820000 243.64150000
v -582.76950000 212.97820000 243.64150000
v -582.76950000 212.97820000 243.64150000
v -657.66630000 215.20930000 168.62050000
v -657.66630000 215.20930000 168.62050000
v -657.66630000 215.20930000 168.62050000
v -657.66630000 215.20930000 168.62050000
v -657.66630000 212.97820000 168.62050000
v -657.66630000 212.97820000 168.62050000
v -657.66630000 212.97820000 168.62050000
v -582.76950000 215.20930000 168.62050000
v -582.76950000 215.20930000 168.62050000
v -582.76950000 215.20930000 168.62050000
v -582.76950000 215.20930000 168.62050000
v -582.76950000 212.97820000 168.62050000
v -582.76950000 212.97820000 168.62050000
v -582.76950000 212.97820000 168.62050000
v -581.84090000 215.20930000 244.57010000
v -581.84090000 215.20930000 244.57010000
v -581.84090000 215.20930000 244.57010000
v -658.59480000 215.20930000 244.57010000
v -658.59480000 215.20930000 244.57010000
v -658.59480000 215.20930000 244.57010000
v -658.59480000 215.20930000 167.69190000
v -658.59480000 215.20930000 167.69190000
v -658.59480000 215.20930000 167.69190000
v -658.59480000 215.20930000 167.69190000
v -581.84090000 215.20930000 167.69190000
v -581.84090000 215.20930000 167.69190000
v -581.84090000 215.20930000 167.69190000
v -284.58260000 220.99710000 244.19550000
v -284.58260000 220.99710000 244.19550000
v -284.58260000 220.99710000 244.19550000
v -207.70450000 220.99710000 244.19550000
v -207.70450000 220.99710000 244.19550000
v -207.70450000 220.99710000 244.19550000
v -207.70450000 220.99710000 167.44160000
v -207.70450000 220.99710000 167.44160000
v -207.70450000 220.99710000 167.44160000
v -284.58260000 220.99710000 167.44160000
v -284.58260000 220.99710000 167.44160000
v -284.58260000 220.99710000 167.44160000
v -284.58260000 207.88800000 244.19550000
v -284.58260000 212.97820000 244.19550000
v -284.58260000 212.97820000 244.19550000
v -284.58260000 212.97820000 167.44160000
v -284.58260000 212.97820000 167.44160000
v -284.58260000 212.97820000 167.44160000
v -284.58260000 212.97820000 167.44160000
v -284.58260000 207.88800000 167.44160000
v -284.58260000 207.88800000 167.44160000
v -207.70450000 207.88800000 244.19550000
v -207.70450000 212.97820000 244.19550000
v -207.70450000 212.97820000 244.19550000
v -207.70450000 207.88800000 167.44160000
v -207.70450000 212.97820000 167.44160000
v -207.70450000 212.97820000 167.44160000
v -209.89480000 204.08660000 169.62840000
v -209.89480000 204.08660000 169.62840000
v -282.39230000 204.08660000 169.62840000
v -282.39230000 204.08660000 169.62840000
v -209.89480000 204.08660000 242.00880000
v -209.89480000 204.08660000 242.00880000
v -282.39230000 204.08660000 242.00880000
v -282.39230000 204.08660000 242.00880000
v -215.43040000 201.17210000 175.15500000
v -215.43040000 201.17210000 175.15500000
v -276.85670000 201.17210000 175.15500000
v -276.85670000 201.17210000 175.15500000
v -215.43040000 201.17210000 236.48210000
v -215.43040000 201.17210000 236.48210000
v -276.85670000 201.17210000 236.48210000
v -276.85670000 201.17210000 236.48210000
v -220.08400000 -2.46070000 216.70920000
v -220.08400000 -2.46070000 216.70920000
v -220.08400000 186.65130000 216.70920000
v -220.08400000 186.65130000 216.70920000
v -220.08400000 186.65130000 216.70920000
v -235.19100000 186.65130000 231.81610000
v -235.19100000 186.65130000 231.81610000
v -235.19100000 186.65130000 231.81610000
v -235.19100000 -2.46070000 231.81610000
v -220.08400000 -2.46070000 195.34470000
v -220.08400000 -2.46070000 195.34470000
v -220.08400000 186.65130000 195.34470000
v -220.08400000 186.65130000 195.34470000
v -220.08400000 186.65130000 195.34470000
v -235.19100000 -2.46070000 180.23780000
v -235.19100000 -2.46070000 180.23780000
v -235.19100000 186.65130000 180.23780000
v -235.19100000 186.65130000 180.23780000
v -235.19100000 186.65130000 180.23780000
v -256.55540000 -2.46070000 180.23780000
v -256.55540000 -2.46070000 180.23780000
v -256.55540000 186.65130000 180.23780000
v -256.55540000 186.65130000 180.23780000
v -256.55540000 186.65130000 180.23780000
v -271.66240000 -2.46070000 195.34470000
v -271.66240000 186.65130000 195.34470000
v -271.66240000 186.65130000 195.34470000
v -271.66240000 -2.46070000 216.70920000
v -271.66240000 186.65130000 216.70920000
v -271.66240000 186.65130000 216.70920000
v -256.55540000 -2.46070000 231.81610000
v -256.55540000 186.65130000 231.81610000
v -256.55540000 186.65130000 231.81610000
v -220.08400000 191.22600000 216.70920000
v -220.08400000 191.22600000 216.70920000
v -218.50950000 192.50010000 217.36140000
v -218.50950000 192.50010000 217.36140000
v -234.53880000 192.50010000 233.39070000
v -234.53880000 192.50010000 233.39070000
v -234.53880000 192.50010000 233.39070000
v -234.53880000 192.50010000 233.39070000
v -235.19100000 191.22600000 231.81610000
v -235.19100000 191.22600000 231.81610000
v -235.19100000 191.22600000 231.81610000
v -235.19100000 191.22600000 231.81610000
v -220.08400000 191.22600000 195.34470000
v -220.08400000 191.22600000 195.34470000
v -218.50950000 192.50010000 194.69250000
v -218.50950000 192.50010000 194.69250000
v -235.19100000 191.22600000 180.23780000
v -235.19100000 191.22600000 180.23780000
v -234.53880000 192.50010000 178.66320000
v -234.53880000 192.50010000 178.66320000
v -256.55540000 191.22600000 180.23780000
v -256.55540000 191.22600000 180.23780000
v -257.20760000 192.50010000 178.66320000
v -257.20760000 192.50010000 178.66320000
v -271.66240000 191.22600000 195.34470000
v -271.66240000 191.22600000 195.34470000
v -273.23690000 192.50010000 194.69250000
v -273.23690000 192.50010000 194.69250000
v -271.66240000 191.22600000 216.70920000
v -271.66240000 191.22600000 216.70920000
v -273.23690000 192.50010000 217.36140000
v -273.23690000 192.50010000 217.36140000
v -256.55540000 191.22600000 231.81610000
v -256.55540000 191.22600000 231.81610000
v -257.20760000 192.50010000 233.39070000
v -257.20760000 192.50010000 233.39070000
v -219.59910000 196.32250000 216.91010000
v -217.83840000 199.26040000 217.63940000
v -217.83840000 199.26040000 217.63940000
v -234.26090000 199.26040000 234.06170000
v -234.26090000 199.26040000 234.06170000
v -234.26090000 199.26040000 234.06170000
v -234.26090000 199.26040000 234.06170000
v -234.99010000 196.32250000 232.30110000
v -234.99010000 196.32250000 232.30110000
v -219.59910000 196.32250000 195.14390000
v -217.83840000 199.26040000 194.41460000
v -217.83840000 199.26040000 194.41460000
v -234.99010000 196.32250000 179.75280000
v -234.26090000 199.26040000 177.99220000
v -234.26090000 199.26040000 177.99220000
v -234.26090000 199.26040000 177.99220000
v -256.75630000 196.32250000 179.75280000
v -257.48560000 199.26040000 177.99220000
v -257.48560000 199.26040000 177.99220000
v -257.48560000 199.26040000 177.99220000
v -272.14730000 196.32250000 195.14390000
v -273.90800000 199.26040000 194.41460000
v -273.90800000 199.26040000 194.41460000
v -272.14730000 196.32250000 216.91010000
v -273.90800000 199.26040000 217.63940000
v -273.90800000 199.26040000 217.63940000
v -256.75630000 196.32250000 232.30110000
v -257.48560000 199.26040000 234.06170000
v -257.48560000 199.26040000 234.06170000
v -257.48560000 199.26040000 234.06170000
v -217.58890000 188.93870000 217.74270000
v -217.58890000 188.93870000 217.74270000
v -234.15750000 188.93870000 234.31120000
v -234.15750000 188.93870000 234.31120000
v -234.15750000 188.93870000 234.31120000
v -234.15750000 188.93870000 234.31120000
v -217.58890000 188.93870000 194.31120000
v -217.58890000 188.93870000 194.31120000
v -234.15750000 188.93870000 177.74260000
v -234.15750000 188.93870000 177.74260000
v -257.58900000 188.93870000 177.74270000
v -257.58900000 188.93870000 177.74270000
v -274.15750000 188.93870000 194.31120000
v -274.15750000 188.93870000 194.31120000
v -274.15750000 188.93870000 217.74270000
v -274.15750000 188.93870000 217.74270000
v -257.58900000 188.93870000 234.31120000
v -257.58900000 188.93870000 234.31120000
v -234.93260000 193.77420000 232.43990000
v -234.93260000 193.77420000 232.43990000
v -219.46030000 193.77420000 216.96760000
v -219.46030000 193.77420000 195.08630000
v -234.93260000 193.77420000 179.61400000
v -256.81380000 193.77420000 179.61400000
v -272.28610000 193.77420000 195.08630000
v -272.28610000 193.77420000 216.96760000
v -256.81380000 193.77420000 232.43990000
v -283.65410000 212.97820000 243.26690000
v -283.65410000 212.97820000 243.26690000
v -283.65410000 212.97820000 243.26690000
v -283.65410000 215.20930000 243.26690000
v -283.65410000 215.20930000 243.26690000
v -283.65410000 215.20930000 243.26690000
v -283.65410000 215.20930000 243.26690000
v -283.65410000 215.20930000 168.37010000
v -283.65410000 215.20930000 168.37010000
v -283.65410000 215.20930000 168.37010000
v -283.65410000 215.20930000 168.37010000
v -283.65410000 212.97820000 168.37010000
v -283.65410000 212.97820000 168.37010000
v -283.65410000 212.97820000 168.37010000
v -283.65410000 212.97820000 168.37010000
v -208.63310000 212.97820000 243.26690000
v -208.63310000 212.97820000 243.26690000
v -208.63310000 212.97820000 243.26690000
v -208.63310000 215.20930000 243.26690000
v -208.63310000 215.20930000 243.26690000
v -208.63310000 215.20930000 243.26690000
v -208.63310000 215.20930000 243.26690000
v -208.63310000 212.97820000 168.37010000
v -208.63310000 212.97820000 168.37010000
v -208.63310000 212.97820000 168.37010000
v -208.63310000 215.20930000 168.37010000
v -208.63310000 215.20930000 168.37010000
v -208.63310000 215.20930000 168.37010000
v -208.63310000 215.20930000 168.37010000
v -284.58260000 215.20930000 167.44160000
v -284.58260000 215.20930000 167.44160000
v -284.58260000 215.20930000 167.44160000
v -284.58260000 215.20930000 244.19550000
v -284.58260000 215.20930000 244.19550000
v -284.58260000 215.20930000 244.19550000
v -207.70450000 215.20930000 244.19550000
v -207.70450000 215.20930000 244.19550000
v -207.70450000 215.20930000 244.19550000
v -207.70450000 215.20930000 244.19550000
v -207.70450000 215.20930000 167.44160000
v -207.70450000 215.20930000 167.44160000
v -207.70450000 215.20930000 167.44160000
v 160.41380000 220.99710000 167.71380000
v 160.41380000 220.99710000 167.71380000
v 160.41380000 220.99710000 167.71380000
v 83.53560000 220.99710000 167.71380000
v 83.53560000 220.99710000 167.71380000
v 83.53560000 220.99710000 167.71380000
v 83.53560000 220.99710000 244.46770000
v 83.53560000 220.99710000 244.46770000
v 83.53560000 220.99710000 244.46770000
v 160.41380000 220.99710000 244.46770000
v 160.41380000 220.99710000 244.46770000
v 160.41380000 220.99710000 244.46770000
v 160.41380000 207.88800000 167.71380000
v 160.41380000 212.97820000 167.71380000
v 160.41380000 212.97820000 167.71380000
v 160.41380000 212.97820000 244.46770000
v 160.41380000 212.97820000 244.46770000
v 160.41380000 212.97820000 244.46770000
v 160.41380000 212.97820000 244.46770000
v 160.41380000 207.88800000 244.46770000
v 160.41380000 207.88800000 244.46770000
v 83.53560000 207.88800000 167.71380000
v 83.53560000 212.97820000 167.71380000
v 83.53560000 212.97820000 167.71380000
v 83.53560000 207.88800000 244.46770000
v 83.53560000 212.97820000 244.46770000
v 83.53560000 212.97820000 244.46770000
v 85.72600000 204.08660000 242.28090000
v 85.72600000 204.08660000 242.28090000
v 158.22340000 204.08660000 242.28090000
v 158.22340000 204.08660000 242.28090000
v 85.72600000 204.08660000 169.90050000
v 85.72600000 204.08660000 169.90050000
v 158.22340000 204.08660000 169.90050000
v 158.22340000 204.08660000 169.90050000
v 91.26150000 201.17210000 236.75430000
v 91.26150000 201.17210000 236.75430000
v 152.68790000 201.17210000 236.75430000
v 152.68790000 201.17210000 236.75430000
v 91.26150000 201.17210000 175.42720000
v 91.26150000 201.17210000 175.42720000
v 152.68790000 201.17210000 175.42720000
v 152.68790000 201.17210000 175.42720000
v 95.91520000 -2.46070000 195.20010000
v 95.91520000 186.65130000 195.20010000
v 95.91520000 186.65130000 195.20010000
v 111.02210000 186.65130000 180.09320000
v 111.02210000 186.65130000 180.09320000
v 111.02210000 186.65130000 180.09320000
v 111.02210000 186.65130000 180.09320000
v 111.02210000 -2.46070000 180.09320000
v 111.02210000 -2.46070000 180.09320000
v 95.91520000 -2.46070000 216.56460000
v 95.91520000 -2.46070000 216.56460000
v 95.91520000 186.65130000 216.56460000
v 95.91520000 186.65130000 216.56460000
v 95.91520000 186.65130000 216.56460000
v 111.02210000 -2.46070000 231.67150000
v 111.02210000 186.65130000 231.67150000
v 111.02210000 186.65130000 231.67150000
v 132.38660000 -2.46070000 231.67150000
v 132.38660000 186.65130000 231.67150000
v 132.38660000 186.65130000 231.67150000
v 147.49350000 -2.46070000 216.56460000
v 147.49350000 -2.46070000 216.56460000
v 147.49350000 186.65130000 216.56460000
v 147.49350000 186.65130000 216.56460000
v 147.49350000 186.65130000 216.56460000
v 147.49350000 -2.46070000 195.20010000
v 147.49350000 186.65130000 195.20010000
v 147.49350000 186.65130000 195.20010000
v 132.38660000 -2.46070000 180.09320000
v 132.38660000 -2.46070000 180.09320000
v 132.38660000 186.65130000 180.09320000
v 132.38660000 186.65130000 180.09320000
v 132.38660000 186.65130000 180.09320000
v 95.91520000 191.22600000 195.20010000
v 95.91520000 191.22600000 195.20010000
v 94.34060000 192.50010000 194.54790000
v 94.34060000 192.50010000 194.54790000
v 110.36990000 192.50010000 178.51870000
v 110.36990000 192.50010000 178.51870000
v 110.36990000 192.50010000 178.51870000
v 110.36990000 192.50010000 178.51870000
v 111.02210000 191.22600000 180.09320000
v 111.02210000 191.22600000 180.09320000
v 111.02210000 191.22600000 180.09320000
v 111.02210000 191.22600000 180.09320000
v 95.91520000 191.22600000 216.56460000
v 95.91520000 191.22600000 216.56460000
v 94.34060000 192.50010000 217.21670000
v 94.34060000 192.50010000 217.21670000
v 111.02210000 191.22600000 231.67150000
v 111.02210000 191.22600000 231.67150000
v 110.36990000 192.50010000 233.24600000
v 110.36990000 192.50010000 233.24600000
v 132.38660000 191.22600000 231.67150000
v 132.38660000 191.22600000 231.67150000
v 133.03880000 192.50010000 233.24600000
v 133.03880000 192.50010000 233.24600000
v 147.49350000 191.22600000 216.56460000
v 147.49350000 191.22600000 216.56460000
v 149.06810000 192.50010000 217.21670000
v 149.06810000 192.50010000 217.21670000
v 147.49350000 191.22600000 195.20010000
v 147.49350000 191.22600000 195.20010000
v 149.06810000 192.50010000 194.54790000
v 149.06810000 192.50010000 194.54790000
v 132.38660000 191.22600000 180.09320000
v 132.38660000 191.22600000 180.09320000
v 133.03880000 192.50010000 178.51870000
v 133.03880000 192.50010000 178.51870000
v 95.43020000 196.32250000 194.99920000
v 93.66960000 199.26040000 194.26990000
v 93.66960000 199.26040000 194.26990000
v 110.09190000 199.26040000 177.84760000
v 110.09190000 199.26040000 177.84760000
v 110.09190000 199.26040000 177.84760000
v 110.09190000 199.26040000 177.84760000
v 110.82120000 196.32250000 179.60820000
v 110.82120000 196.32250000 179.60820000
v 95.43020000 196.32250000 216.76540000
v 93.66960000 199.26040000 217.49480000
v 93.66960000 199.26040000 217.49480000
v 110.82120000 196.32250000 232.15640000
v 110.09190000 199.26040000 233.91710000
v 110.09190000 199.26040000 233.91710000
v 110.09190000 199.26040000 233.91710000
v 132.58740000 196.32250000 232.15640000
v 133.31670000 199.26040000 233.91710000
v 133.31670000 199.26040000 233.91710000
v 133.31670000 199.26040000 233.91710000
v 147.97850000 196.32250000 216.76540000
v 149.73910000 199.26040000 217.49480000
v 149.73910000 199.26040000 217.49480000
v 147.97850000 196.32250000 194.99920000
v 149.73910000 199.26040000 194.26990000
v 149.73910000 199.26040000 194.26990000
v 132.58740000 196.32250000 179.60820000
v 133.31670000 199.26040000 177.84760000
v 133.31670000 199.26040000 177.84760000
v 133.31670000 199.26040000 177.84760000
v 93.42000000 188.93870000 194.16670000
v 93.42000000 188.93870000 194.16670000
v 109.98860000 188.93870000 177.59810000
v 109.98860000 188.93870000 177.59810000
v 109.98860000 188.93870000 177.59810000
v 109.98860000 188.93870000 177.59810000
v 93.42000000 188.93870000 217.59810000
v 93.42000000 188.93870000 217.59810000
v 109.98860000 188.93870000 234.16670000
v 109.98860000 188.93870000 234.16670000
v 133.42000000 188.93870000 234.16670000
v 133.42000000 188.93870000 234.16670000
v 149.98860000 188.93870000 217.59810000
v 149.98860000 188.93870000 217.59810000
v 149.98860000 188.93870000 194.16670000
v 149.98860000 188.93870000 194.16670000
v 133.42000000 188.93870000 177.59810000
v 133.42000000 188.93870000 177.59810000
v 110.76370000 193.77420000 179.46940000
v 110.76370000 193.77420000 179.46940000
v 95.29140000 193.77420000 194.94180000
v 95.29140000 193.77420000 216.82290000
v 110.76370000 193.77420000 232.29530000
v 132.64500000 193.77420000 232.29530000
v 148.11730000 193.77420000 216.82290000
v 148.11730000 193.77420000 194.94180000
v 132.64500000 193.77420000 179.46940000
v 159.48520000 212.97820000 168.64220000
v 159.48520000 212.97820000 168.64220000
v 159.48520000 212.97820000 168.64220000
v 159.48520000 215.20930000 168.64220000
v 159.48520000 215.20930000 168.64220000
v 159.48520000 215.20930000 168.64220000
v 159.48520000 215.20930000 168.64220000
v 159.48520000 215.20930000 243.53920000
v 159.48520000 215.20930000 243.53920000
v 159.48520000 215.20930000 243.53920000
v 159.48520000 215.20930000 243.53920000
v 159.48520000 212.97820000 243.53920000
v 159.48520000 212.97820000 243.53920000
v 159.48520000 212.97820000 243.53920000
v 159.48520000 212.97820000 243.53920000
v 84.46420000 212.97820000 168.64220000
v 84.46420000 212.97820000 168.64220000
v 84.46420000 212.97820000 168.64220000
v 84.46420000 215.20930000 168.64220000
v 84.46420000 215.20930000 168.64220000
v 84.46420000 215.20930000 168.64220000
v 84.46420000 215.20930000 168.64220000
v 84.46420000 212.97820000 243.53920000
v 84.46420000 212.97820000 243.53920000
v 84.46420000 212.97820000 243.53920000
v 84.46420000 215.20930000 243.53920000
v 84.46420000 215.20930000 243.53920000
v 84.46420000 215.20930000 243.53920000
v 84.46420000 215.20930000 243.53920000
v 160.41380000 215.20930000 244.46770000
v 160.41380000 215.20930000 244.46770000
v 160.41380000 215.20930000 244.46770000
v 160.41380000 215.20930000 167.71380000
v 160.41380000 215.20930000 167.71380000
v 160.41380000 215.20930000 167.71380000
v 83.53560000 215.20930000 167.71380000
v 83.53560000 215.20930000 167.71380000
v 83.53560000 215.20930000 167.71380000
v 83.53560000 215.20930000 167.71380000
v 83.53560000 215.20930000 244.46770000
v 83.53560000 215.20930000 244.46770000
v 83.53560000 215.20930000 244.46770000
v 528.66990000 220.99710000 244.56980000
v 528.66990000 220.99710000 244.56980000
v 528.66990000 220.99710000 244.56980000
v 528.66990000 220.99710000 167.69170000
v 528.66990000 220.99710000 167.69170000
v 528.66990000 220.99710000 167.69170000
v 451.91600000 220.99710000 167.69170000
v 451.91600000 220.99710000 167.69170000
v 451.91600000 220.99710000 167.69170000
v 451.91600000 220.99710000 244.56980000
v 451.91600000 220.99710000 244.56980000
v 451.91600000 220.99710000 244.56980000
v 528.66990000 207.88800000 244.56980000
v 528.66990000 212.97820000 244.56980000
v 528.66990000 212.97820000 244.56980000
v 451.91600000 212.97820000 244.56980000
v 451.91600000 212.97820000 244.56980000
v 451.91600000 212.97820000 244.56980000
v 451.91600000 212.97820000 244.56980000
v 451.91600000 207.88800000 244.56980000
v 451.91600000 207.88800000 244.56980000
v 528.66990000 207.88800000 167.69170000
v 528.66990000 212.97820000 167.69170000
v 528.66990000 212.97820000 167.69170000
v 451.91600000 207.88800000 167.69170000
v 451.91600000 212.97820000 167.69170000
v 451.91600000 212.97820000 167.69170000
v 454.10280000 204.08660000 169.88200000
v 454.10280000 204.08660000 169.88200000
v 454.10280000 204.08660000 242.37950000
v 454.10280000 204.08660000 242.37950000
v 526.48320000 204.08660000 169.88200000
v 526.48320000 204.08660000 169.88200000
v 526.48320000 204.08660000 242.37950000
v 526.48320000 204.08660000 242.37950000
v 459.62940000 201.17210000 175.41750000
v 459.62940000 201.17210000 175.41750000
v 459.62940000 201.17210000 236.84390000
v 459.62940000 201.17210000 236.84390000
v 520.95650000 201.17210000 175.41750000
v 520.95650000 201.17210000 175.41750000
v 520.95650000 201.17210000 236.84390000
v 520.95650000 201.17210000 236.84390000
v 501.18360000 -2.46070000 180.07120000
v 501.18360000 -2.46070000 180.07120000
v 501.18360000 186.65130000 180.07120000
v 501.18360000 186.65130000 180.07120000
v 501.18360000 186.65130000 180.07120000
v 516.29050000 186.65130000 195.17820000
v 516.29050000 186.65130000 195.17820000
v 516.29050000 186.65130000 195.17820000
v 516.29050000 -2.46070000 195.17820000
v 479.81910000 -2.46070000 180.07120000
v 479.81910000 -2.46070000 180.07120000
v 479.81910000 186.65130000 180.07120000
v 479.81910000 186.65130000 180.07120000
v 479.81910000 186.65130000 180.07120000
v 464.71240000 -2.46070000 195.17820000
v 464.71240000 186.65130000 195.17820000
v 464.71240000 186.65130000 195.17820000
v 464.71240000 -2.46070000 216.54260000
v 464.71240000 186.65130000 216.54260000
v 464.71240000 186.65130000 216.54260000
v 479.81910000 -2.46070000 231.64950000
v 479.81910000 -2.46070000 231.64950000
v 479.81910000 186.65130000 231.64950000
v 479.81910000 186.65130000 231.64950000
v 479.81910000 186.65130000 231.64950000
v 501.18360000 -2.46070000 231.64950000
v 501.18360000 -2.46070000 231.64950000
v 501.18360000 186.65130000 231.64950000
v 501.18360000 186.65130000 231.64950000
v 501.18360000 186.65130000 231.64950000
v 516.29050000 -2.46070000 216.54260000
v 516.29050000 186.65130000 216.54260000
v 516.29050000 186.65130000 216.54260000
v 501.18360000 191.22600000 180.07120000
v 501.18360000 191.22600000 180.07120000
v 501.83570000 192.50010000 178.49660000
v 501.83570000 192.50010000 178.49660000
v 517.86520000 192.50010000 194.52590000
v 517.86520000 192.50010000 194.52590000
v 517.86520000 192.50010000 194.52590000
v 517.86520000 192.50010000 194.52590000
v 516.29050000 191.22600000 195.17820000
v 516.29050000 191.22600000 195.17820000
v 516.29050000 191.22600000 195.17820000
v 516.29050000 191.22600000 195.17820000
v 479.81910000 191.22600000 180.07120000
v 479.81910000 191.22600000 180.07120000
v 479.16700000 192.50010000 178.49660000
v 479.16700000 192.50010000 178.49660000
v 464.71240000 191.22600000 195.17820000
v 464.71240000 191.22600000 195.17820000
v 463.13770000 192.50010000 194.52590000
v 463.13770000 192.50010000 194.52590000
v 464.71240000 191.22600000 216.54260000
v 464.71240000 191.22600000 216.54260000
v 463.13770000 192.50010000 217.19480000
v 463.13770000 192.50010000 217.19480000
v 479.81910000 191.22600000 231.64950000
v 479.81910000 191.22600000 231.64950000
v 479.16700000 192.50010000 233.22410000
v 479.16700000 192.50010000 233.22410000
v 501.18360000 191.22600000 231.64950000
v 501.18360000 191.22600000 231.64950000
v 501.83570000 192.50010000 233.22410000
v 501.83570000 192.50010000 233.22410000
v 516.29050000 191.22600000 216.54260000
v 516.29050000 191.22600000 216.54260000
v 517.86520000 192.50010000 217.19480000
v 517.86520000 192.50010000 217.19480000
v 501.38450000 196.32250000 179.58620000
v 502.11370000 199.26040000 177.82560000
v 502.11370000 199.26040000 177.82560000
v 518.53610000 199.26040000 194.24800000
v 518.53610000 199.26040000 194.24800000
v 518.53610000 199.26040000 194.24800000
v 518.53610000 199.26040000 194.24800000
v 516.77560000 196.32250000 194.97720000
v 516.77560000 196.32250000 194.97720000
v 479.61840000 196.32250000 179.58620000
v 478.88910000 199.26040000 177.82560000
v 478.88910000 199.26040000 177.82560000
v 464.22730000 196.32250000 194.97730000
v 462.46650000 199.26040000 194.24800000
v 462.46650000 199.26040000 194.24800000
v 462.46650000 199.26040000 194.24800000
v 464.22730000 196.32250000 216.74350000
v 462.46650000 199.26040000 217.47280000
v 462.46650000 199.26040000 217.47280000
v 462.46650000 199.26040000 217.47280000
v 479.61840000 196.32250000 232.13450000
v 478.88910000 199.26040000 233.89510000
v 478.88910000 199.26040000 233.89510000
v 501.38450000 196.32250000 232.13450000
v 502.11370000 199.26040000 233.89510000
v 502.11370000 199.26040000 233.89510000
v 516.77560000 196.32250000 216.74350000
v 518.53610000 199.26040000 217.47280000
v 518.53610000 199.26040000 217.47280000
v 518.53610000 199.26040000 217.47280000
v 502.21730000 188.93870000 177.57600000
v 502.21730000 188.93870000 177.57600000
v 518.78560000 188.93870000 194.14470000
v 518.78560000 188.93870000 194.14470000
v 518.78560000 188.93870000 194.14470000
v 518.78560000 188.93870000 194.14470000
v 478.78560000 188.93870000 177.57600000
v 478.78560000 188.93870000 177.57600000
v 462.21700000 188.93870000 194.14470000
v 462.21700000 188.93870000 194.14470000
v 462.21700000 188.93870000 217.57610000
v 462.21700000 188.93870000 217.57610000
v 478.78560000 188.93870000 234.14470000
v 478.78560000 188.93870000 234.14470000
v 502.21730000 188.93870000 234.14470000
v 502.21730000 188.93870000 234.14470000
v 518.78560000 188.93870000 217.57610000
v 518.78560000 188.93870000 217.57610000
v 516.91430000 193.77420000 194.91970000
v 516.91430000 193.77420000 194.91970000
v 501.44210000 193.77420000 179.44740000
v 479.56080000 193.77420000 179.44740000
v 464.08830000 193.77420000 194.91970000
v 464.08830000 193.77420000 216.80100000
v 479.56080000 193.77420000 232.27330000
v 501.44210000 193.77420000 232.27330000
v 516.91430000 193.77420000 216.80100000
v 527.74150000 212.97820000 243.64120000
v 527.74150000 212.97820000 243.64120000
v 527.74150000 212.97820000 243.64120000
v 527.74150000 215.20930000 243.64120000
v 527.74150000 215.20930000 243.64120000
v 527.74150000 215.20930000 243.64120000
v 527.74150000 215.20930000 243.64120000
v 452.84450000 215.20930000 243.64120000
v 452.84450000 215.20930000 243.64120000
v 452.84450000 215.20930000 243.64120000
v 452.84450000 215.20930000 243.64120000
v 452.84450000 212.97820000 243.64120000
v 452.84450000 212.97820000 243.64120000
v 452.84450000 212.97820000 243.64120000
v 452.84450000 212.97820000 243.64120000
v 527.74150000 212.97820000 168.62020000
v 527.74150000 212.97820000 168.62020000
v 527.74150000 212.97820000 168.62020000
v 527.74150000 215.20930000 168.62020000
v 527.74150000 215.20930000 168.62020000
v 527.74150000 215.20930000 168.62020000
v 527.74150000 215.20930000 168.62020000
v 452.84450000 212.97820000 168.62020000
v 452.84450000 212.97820000 168.62020000
v 452.84450000 212.97820000 168.62020000
v 452.84450000 215.20930000 168.62020000
v 452.84450000 215.20930000 168.62020000
v 452.84450000 215.20930000 168.62020000
v 452.84450000 215.20930000 168.62020000
v 451.91600000 215.20930000 244.56980000
v 451.91600000 215.20930000 244.56980000
v 451.91600000 215.20930000 244.56980000
v 528.66990000 215.20930000 244.56980000
v 528.66990000 215.20930000 244.56980000
v 528.66990000 215.20930000 244.56980000
v 528.66990000 215.20930000 167.69170000
v 528.66990000 215.20930000 167.69170000
v 528.66990000 215.20930000 167.69170000
v 528.66990000 215.20930000 167.69170000
v 451.91600000 215.20930000 167.69170000
v 451.91600000 215.20930000 167.69170000
v 451.91600000 215.20930000 167.69170000
v -658.34420000 220.99710000 -316.76740000
v -658.34420000 220.99710000 -316.76740000
v -658.34420000 220.99710000 -316.76740000
v -658.34420000 220.99710000 -240.01350000
v -658.34420000 220.99710000 -240.01350000
v -658.34420000 220.99710000 -240.01350000
v -581.46610000 220.99710000 -240.01350000
v -581.46610000 220.99710000 -240.01350000
v -581.46610000 220.99710000 -240.01350000
v -581.46610000 220.99710000 -316.76740000
v -581.46610000 220.99710000 -316.76740000
v -581.46610000 220.99710000 -316.76740000
v -581.46610000 212.97820000 -316.76740000
v -581.46610000 212.97820000 -316.76740000
v -581.46610000 212.97820000 -316.76740000
v -581.46610000 212.97820000 -316.76740000
v -581.46610000 212.97820000 -240.01350000
v -581.46610000 212.97820000 -240.01350000
v -581.46610000 207.88800000 -240.01350000
v -581.46610000 207.88800000 -316.76740000
v -581.46610000 207.88800000 -316.76740000
v -658.34420000 212.97820000 -240.01350000
v -658.34420000 212.97820000 -240.01350000
v -658.34420000 207.88800000 -240.01350000
v -658.34420000 212.97820000 -316.76740000
v -658.34420000 212.97820000 -316.76740000
v -658.34420000 207.88800000 -316.76740000
v -583.65640000 204.08660000 -314.58070000
v -583.65640000 204.08660000 -314.58070000
v -656.15380000 204.08660000 -314.58070000
v -656.15380000 204.08660000 -314.58070000
v -656.15380000 204.08660000 -242.20030000
v -656.15380000 204.08660000 -242.20030000
v -583.65640000 204.08660000 -242.20030000
v -583.65640000 204.08660000 -242.20030000
v -589.19190000 201.17210000 -309.05400000
v -589.19190000 201.17210000 -309.05400000
v -650.61830000 201.17210000 -309.05400000
v -650.61830000 201.17210000 -309.05400000
v -650.61830000 201.17210000 -247.72690000
v -650.61830000 201.17210000 -247.72690000
v -589.19190000 201.17210000 -247.72690000
v -589.19190000 201.17210000 -247.72690000
v -630.85770000 186.65130000 -252.39290000
v -630.85770000 186.65130000 -252.39290000
v -630.85770000 186.65130000 -252.39290000
v -645.96460000 186.65130000 -267.49980000
v -645.96460000 186.65130000 -267.49980000
v -645.96460000 -2.46070000 -267.49980000
v -630.85770000 -2.46070000 -252.39290000
v -645.96460000 186.65130000 -288.86430000
v -645.96460000 186.65130000 -288.86430000
v -645.96460000 186.65130000 -288.86430000
v -645.96460000 -2.46070000 -288.86430000
v -645.96460000 -2.46070000 -288.86430000
v -630.85770000 186.65130000 -303.97130000
v -630.85770000 186.65130000 -303.97130000
v -630.85770000 -2.46070000 -303.97130000
v -609.49320000 186.65130000 -303.97130000
v -609.49320000 186.65130000 -303.97130000
v -609.49320000 -2.46070000 -303.97130000
v -594.38620000 186.65130000 -288.86430000
v -594.38620000 186.65130000 -288.86430000
v -594.38620000 186.65130000 -288.86430000
v -594.38620000 -2.46070000 -288.86430000
v -594.38620000 -2.46070000 -288.86430000
v -594.38620000 186.65130000 -267.49980000
v -594.38620000 186.65130000 -267.49980000
v -594.38620000 -2.46070000 -267.49980000
v -609.49320000 186.65130000 -252.39290000
v -609.49320000 186.65130000 -252.39290000
v -609.49320000 186.65130000 -252.39290000
v -609.49320000 -2.46070000 -252.39290000
v -609.49320000 -2.46070000 -252.39290000
v -631.50990000 192.50010000 -250.81830000
v -631.50990000 192.50010000 -250.81830000
v -631.50990000 192.50010000 -250.81830000
v -631.50990000 192.50010000 -250.81830000
v -647.53920000 192.50010000 -266.84760000
v -647.53920000 192.50010000 -266.84760000
v -645.96460000 191.22600000 -267.49980000
v -645.96460000 191.22600000 -267.49980000
v -630.85770000 191.22600000 -252.39290000
v -630.85770000 191.22600000 -252.39290000
v -630.85770000 191.22600000 -252.39290000
v -630.85770000 191.22600000 -252.39290000
v -647.53920000 192.50010000 -289.51650000
v -647.53920000 192.50010000 -289.51650000
v -645.96460000 191.22600000 -288.86430000
v -645.96460000 191.22600000 -288.86430000
v -631.50990000 192.50010000 -305.54570000
v -631.50990000 192.50010000 -305.54570000
v -630.85770000 191.22600000 -303.97130000
v -630.85770000 191.22600000 -303.97130000
v -608.84110000 192.50010000 -305.54570000
v -608.84110000 192.50010000 -305.54570000
v -609.49320000 191.22600000 -303.97130000
v -609.49320000 191.22600000 -303.97130000
v -592.81180000 192.50010000 -289.51650000
v -592.81180000 192.50010000 -289.51650000
v -594.38620000 191.22600000 -288.86430000
v -594.38620000 191.22600000 -288.86430000
v -592.81180000 192.50010000 -266.84760000
v -592.81180000 192.50010000 -266.84760000
v -594.38620000 191.22600000 -267.49980000
v -594.38620000 191.22600000 -267.49980000
v -608.84110000 192.50010000 -250.81830000
v -608.84110000 192.50010000 -250.81830000
v -609.49320000 191.22600000 -252.39290000
v -609.49320000 191.22600000 -252.39290000
v -631.78780000 199.26040000 -250.14730000
v -631.78780000 199.26040000 -250.14730000
v -631.78780000 199.26040000 -250.14730000
v -631.78780000 199.26040000 -250.14730000
v -648.21020000 199.26040000 -266.56970000
v -648.21020000 199.26040000 -266.56970000
v -646.44970000 196.32250000 -267.29900000
v -631.05860000 196.32250000 -251.90790000
v -631.05860000 196.32250000 -251.90790000
v -648.21020000 199.26040000 -289.79450000
v -648.21020000 199.26040000 -289.79450000
v -646.44970000 196.32250000 -289.06520000
v -631.78780000 199.26040000 -306.21690000
v -631.78780000 199.26040000 -306.21690000
v -631.78780000 199.26040000 -306.21690000
v -631.05860000 196.32250000 -304.45620000
v -608.56310000 199.26040000 -306.21680000
v -608.56310000 199.26040000 -306.21680000
v -608.56310000 199.26040000 -306.21680000
v -609.29240000 196.32250000 -304.45620000
v -592.14060000 199.26040000 -289.79450000
v -592.14060000 199.26040000 -289.79450000
v -593.90140000 196.32250000 -289.06520000
v -592.14060000 199.26040000 -266.56970000
v -592.14060000 199.26040000 -266.56970000
v -593.90140000 196.32250000 -267.29900000
v -608.56310000 199.26040000 -250.14730000
v -608.56310000 199.26040000 -250.14730000
v -608.56310000 199.26040000 -250.14730000
v -609.29240000 196.32250000 -251.90790000
v -631.89120000 188.93870000 -249.89780000
v -631.89120000 188.93870000 -249.89780000
v -631.89120000 188.93870000 -249.89780000
v -631.89120000 188.93870000 -249.89780000
v -648.45970000 188.93870000 -266.46630000
v -648.45970000 188.93870000 -266.46630000
v -648.45970000 188.93870000 -289.89780000
v -648.45970000 188.93870000 -289.89780000
v -631.89120000 188.93870000 -306.46640000
v -631.89120000 188.93870000 -306.46640000
v -608.45970000 188.93870000 -306.46640000
v -608.45970000 188.93870000 -306.46640000
v -591.89110000 188.93870000 -289.89780000
v -591.89110000 188.93870000 -289.89780000
v -591.89110000 188.93870000 -266.46630000
v -591.89110000 188.93870000 -266.46630000
v -608.45970000 188.93870000 -249.89780000
v -608.45970000 188.93870000 -249.89780000
v -631.11610000 193.77420000 -251.76910000
v -631.11610000 193.77420000 -251.76910000
v -646.58840000 193.77420000 -267.24140000
v -646.58840000 193.77420000 -289.12270000
v -631.11610000 193.77420000 -304.59510000
v -609.23490000 193.77420000 -304.59510000
v -593.76250000 193.77420000 -289.12270000
v -593.76250000 193.77420000 -267.24140000
v -609.23490000 193.77420000 -251.76910000
v -582.39470000 215.20930000 -315.83880000
v -582.39470000 215.20930000 -315.83880000
v -582.39470000 215.20930000 -315.83880000
v -582.39470000 215.20930000 -315.83880000
v -582.39470000 215.20930000 -240.94200000
v -582.39470000 215.20930000 -240.94200000
v -582.39470000 215.20930000 -240.94200000
v -582.39470000 215.20930000 -240.94200000
v -582.39470000 212.97820000 -240.94200000
v -582.39470000 212.97820000 -240.94200000
v -582.39470000 212.97820000 -240.94200000
v -582.39470000 212.97820000 -315.83880000
v -582.39470000 212.97820000 -315.83880000
v -582.39470000 212.97820000 -315.83880000
v -582.39470000 212.97820000 -315.83880000
v -657.41550000 215.20930000 -240.94200000
v -657.41550000 215.20930000 -240.94200000
v -657.41550000 215.20930000 -240.94200000
v -657.41550000 215.20930000 -240.94200000
v -657.41550000 212.97820000 -240.94200000
v -657.41550000 212.97820000 -240.94200000
v -657.41550000 212.97820000 -240.94200000
v -657.41550000 215.20930000 -315.83880000
v -657.41550000 215.20930000 -315.83880000
v -657.41550000 215.20930000 -315.83880000
v -657.41550000 215.20930000 -315.83880000
v -657.41550000 212.97820000 -315.83880000
v -657.41550000 212.97820000 -315.83880000
v -657.41550000 212.97820000 -315.83880000
v -581.46610000 215.20930000 -316.76740000
v -581.46610000 215.20930000 -316.76740000
v -581.46610000 215.20930000 -316.76740000
v -581.46610000 215.20930000 -240.01350000
v -581.46610000 215.20930000 -240.01350000
v -581.46610000 215.20930000 -240.01350000
v -658.34420000 215.20930000 -240.01350000
v -658.34420000 215.20930000 -240.01350000
v -658.34420000 215.20930000 -240.01350000
v -658.34420000 215.20930000 -240.01350000
v -658.34420000 215.20930000 -316.76740000
v -658.34420000 215.20930000 -316.76740000
v -658.34420000 215.20930000 -316.76740000
v -207.70450000 220.99710000 -239.74090000
v -207.70450000 220.99710000 -239.74090000
v -207.70450000 220.99710000 -239.74090000
v -207.70450000 220.99710000 -316.49480000
v -207.70450000 220.99710000 -316.49480000
v -207.70450000 220.99710000 -316.49480000
v -284.58250000 220.99710000 -316.49480000
v -284.58250000 220.99710000 -316.49480000
v -284.58250000 220.99710000 -316.49480000
v -284.58250000 220.99710000 -239.74090000
v -284.58250000 220.99710000 -239.74090000
v -284.58250000 220.99710000 -239.74090000
v -284.58250000 212.97820000 -239.74090000
v -284.58250000 212.97820000 -239.74090000
v -284.58250000 212.97820000 -239.74090000
v -284.58250000 212.97820000 -239.74090000
v -284.58250000 212.97820000 -316.49480000
v -284.58250000 212.97820000 -316.49480000
v -284.58250000 207.88800000 -316.49480000
v -284.58250000 207.88800000 -239.74090000
v -284.58250000 207.88800000 -239.74090000
v -207.70450000 212.97820000 -316.49480000
v -207.70450000 212.97820000 -316.49480000
v -207.70450000 207.88800000 -316.49480000
v -207.70450000 212.97820000 -239.74090000
v -207.70450000 212.97820000 -239.74090000
v -207.70450000 207.88800000 -239.74090000
v -282.39220000 204.08660000 -241.92770000
v -282.39220000 204.08660000 -241.92770000
v -209.89480000 204.08660000 -241.92770000
v -209.89480000 204.08660000 -241.92770000
v -209.89480000 204.08660000 -314.30800000
v -209.89480000 204.08660000 -314.30800000
v -282.39220000 204.08660000 -314.30800000
v -282.39220000 204.08660000 -314.30800000
v -276.85670000 201.17210000 -247.45430000
v -276.85670000 201.17210000 -247.45430000
v -215.43030000 201.17210000 -247.45430000
v -215.43030000 201.17210000 -247.45430000
v -215.43030000 201.17210000 -308.78140000
v -215.43030000 201.17210000 -308.78140000
v -276.85670000 201.17210000 -308.78140000
v -276.85670000 201.17210000 -308.78140000
v -235.19090000 186.65130000 -304.11540000
v -235.19090000 186.65130000 -304.11540000
v -235.19090000 186.65130000 -304.11540000
v -220.08400000 186.65130000 -289.00850000
v -220.08400000 186.65130000 -289.00850000
v -220.08400000 186.65130000 -289.00850000
v -220.08400000 -2.46070000 -289.00850000
v -220.08400000 -2.46070000 -289.00850000
v -235.19090000 -2.46070000 -304.11540000
v -220.08400000 186.65130000 -267.64400000
v -220.08400000 186.65130000 -267.64400000
v -220.08400000 186.65130000 -267.64400000
v -220.08400000 -2.46070000 -267.64400000
v -220.08400000 -2.46070000 -267.64400000
v -235.19090000 186.65130000 -252.53700000
v -235.19090000 186.65130000 -252.53700000
v -235.19090000 186.65130000 -252.53700000
v -235.19090000 -2.46070000 -252.53700000
v -235.19090000 -2.46070000 -252.53700000
v -256.55540000 186.65130000 -252.53700000
v -256.55540000 186.65130000 -252.53700000
v -256.55540000 186.65130000 -252.53700000
v -256.55540000 -2.46070000 -252.53700000
v -256.55540000 -2.46070000 -252.53700000
v -271.66240000 186.65130000 -267.64400000
v -271.66240000 186.65130000 -267.64400000
v -271.66240000 -2.46070000 -267.64400000
v -271.66240000 186.65130000 -289.00850000
v -271.66240000 186.65130000 -289.00850000
v -271.66240000 -2.46070000 -289.00850000
v -256.55540000 186.65130000 -304.11540000
v -256.55540000 186.65130000 -304.11540000
v -256.55540000 -2.46070000 -304.11540000
v -234.53870000 192.50010000 -305.69000000
v -234.53870000 192.50010000 -305.69000000
v -234.53870000 192.50010000 -305.69000000
v -234.53870000 192.50010000 -305.69000000
v -218.50940000 192.50010000 -289.66070000
v -218.50940000 192.50010000 -289.66070000
v -220.08400000 191.22600000 -289.00850000
v -220.08400000 191.22600000 -289.00850000
v -235.19090000 191.22600000 -304.11540000
v -235.19090000 191.22600000 -304.11540000
v -235.19090000 191.22600000 -304.11540000
v -235.19090000 191.22600000 -304.11540000
v -218.50940000 192.50010000 -266.99180000
v -218.50940000 192.50010000 -266.99180000
v -220.08400000 191.22600000 -267.64400000
v -220.08400000 191.22600000 -267.64400000
v -234.53870000 192.50010000 -250.96250000
v -234.53870000 192.50010000 -250.96250000
v -235.19090000 191.22600000 -252.53700000
v -235.19090000 191.22600000 -252.53700000
v -257.20750000 192.50010000 -250.96250000
v -257.20750000 192.50010000 -250.96250000
v -256.55540000 191.22600000 -252.53700000
v -256.55540000 191.22600000 -252.53700000
v -273.23680000 192.50010000 -266.99180000
v -273.23680000 192.50010000 -266.99180000
v -271.66240000 191.22600000 -267.64400000
v -271.66240000 191.22600000 -267.64400000
v -273.23680000 192.50010000 -289.66070000
v -273.23680000 192.50010000 -289.66070000
v -271.66240000 191.22600000 -289.00850000
v -271.66240000 191.22600000 -289.00850000
v -257.20750000 192.50010000 -305.69000000
v -257.20750000 192.50010000 -305.69000000
v -256.55540000 191.22600000 -304.11540000
v -256.55540000 191.22600000 -304.11540000
v -234.26070000 199.26040000 -306.36100000
v -234.26070000 199.26040000 -306.36100000
v -234.26070000 199.26040000 -306.36100000
v -234.26070000 199.26040000 -306.36100000
v -217.83840000 199.26040000 -289.93870000
v -217.83840000 199.26040000 -289.93870000
v -219.59900000 196.32250000 -289.20940000
v -234.99000000 196.32250000 -304.60040000
v -234.99000000 196.32250000 -304.60040000
v -217.83840000 199.26040000 -266.71390000
v -217.83840000 199.26040000 -266.71390000
v -219.59900000 196.32250000 -267.44320000
v -234.26070000 199.26040000 -250.29140000
v -234.26070000 199.26040000 -250.29140000
v -234.26070000 199.26040000 -250.29140000
v -234.99000000 196.32250000 -252.05210000
v -257.48550000 199.26040000 -250.29140000
v -257.48550000 199.26040000 -250.29140000
v -257.48550000 199.26040000 -250.29140000
v -256.75620000 196.32250000 -252.05210000
v -273.90800000 199.26040000 -266.71390000
v -273.90800000 199.26040000 -266.71390000
v -272.14720000 196.32250000 -267.44320000
v -273.90800000 199.26040000 -289.93870000
v -273.90800000 199.26040000 -289.93870000
v -272.14720000 196.32250000 -289.20940000
v -257.48550000 199.26040000 -306.36100000
v -257.48550000 199.26040000 -306.36100000
v -257.48550000 199.26040000 -306.36100000
v -256.75620000 196.32250000 -304.60040000
v -234.15730000 188.93870000 -306.61050000
v -234.15730000 188.93870000 -306.61050000
v -234.15730000 188.93870000 -306.61050000
v -234.15730000 188.93870000 -306.61050000
v -217.58890000 188.93870000 -290.04200000
v -217.58890000 188.93870000 -290.04200000
v -217.58890000 188.93870000 -266.61050000
v -217.58890000 188.93870000 -266.61050000
v -234.15730000 188.93870000 -250.04190000
v -234.15730000 188.93870000 -250.04190000
v -257.58890000 188.93870000 -250.04190000
v -257.58890000 188.93870000 -250.04190000
v -274.15750000 188.93870000 -266.61050000
v -274.15750000 188.93870000 -266.61050000
v -274.15750000 188.93870000 -290.04200000
v -274.15750000 188.93870000 -290.04200000
v -257.58890000 188.93870000 -306.61050000
v -257.58890000 188.93870000 -306.61050000
v -234.93250000 193.77420000 -304.73920000
v -234.93250000 193.77420000 -304.73920000
v -219.46020000 193.77420000 -289.26680000
v -219.46020000 193.77420000 -267.38560000
v -234.93250000 193.77420000 -251.91330000
v -256.81370000 193.77420000 -251.91330000
v -272.28610000 193.77420000 -267.38560000
v -272.28610000 193.77420000 -289.26680000
v -256.81370000 193.77420000 -304.73920000
v -283.65390000 215.20930000 -240.66940000
v -283.65390000 215.20930000 -240.66940000
v -283.65390000 215.20930000 -240.66940000
v -283.65390000 215.20930000 -240.66940000
v -283.65390000 215.20930000 -315.56620000
v -283.65390000 215.20930000 -315.56620000
v -283.65390000 215.20930000 -315.56620000
v -283.65390000 215.20930000 -315.56620000
v -283.65390000 212.97820000 -315.56620000
v -283.65390000 212.97820000 -315.56620000
v -283.65390000 212.97820000 -315.56620000
v -283.65390000 212.97820000 -240.66940000
v -283.65390000 212.97820000 -240.66940000
v -283.65390000 212.97820000 -240.66940000
v -283.65390000 212.97820000 -240.66940000
v -208.63310000 215.20930000 -315.56620000
v -208.63310000 215.20930000 -315.56620000
v -208.63310000 215.20930000 -315.56620000
v -208.63310000 215.20930000 -315.56620000
v -208.63310000 212.97820000 -315.56620000
v -208.63310000 212.97820000 -315.56620000
v -208.63310000 212.97820000 -315.56620000
v -208.63310000 215.20930000 -240.66940000
v -208.63310000 215.20930000 -240.66940000
v -208.63310000 215.20930000 -240.66940000
v -208.63310000 215.20930000 -240.66940000
v -208.63310000 212.97820000 -240.66940000
v -208.63310000 212.97820000 -240.66940000
v -208.63310000 212.97820000 -240.66940000
v -284.58250000 215.20930000 -239.74090000
v -284.58250000 215.20930000 -239.74090000
v -284.58250000 215.20930000 -239.74090000
v -284.58250000 215.20930000 -316.49480000
v -284.58250000 215.20930000 -316.49480000
v -284.58250000 215.20930000 -316.49480000
v -207.70450000 215.20930000 -316.49480000
v -207.70450000 215.20930000 -316.49480000
v -207.70450000 215.20930000 -316.49480000
v -207.70450000 215.20930000 -316.49480000
v -207.70450000 215.20930000 -239.74090000
v -207.70450000 215.20930000 -239.74090000
v -207.70450000 215.20930000 -239.74090000
v 83.28530000 220.99710000 -316.86920000
v 83.28530000 220.99710000 -316.86920000
v 83.28530000 220.99710000 -316.86920000
v 83.28530000 220.99710000 -239.99110000
v 83.28530000 220.99710000 -239.99110000
v 83.28530000 220.99710000 -239.99110000
v 160.03920000 220.99710000 -239.99110000
v 160.03920000 220.99710000 -239.99110000
v 160.03920000 220.99710000 -239.99110000
v 160.03920000 220.99710000 -316.86920000
v 160.03920000 220.99710000 -316.86920000
v 160.03920000 220.99710000 -316.86920000
v 83.28530000 207.88800000 -316.86920000
v 83.28530000 212.97820000 -316.86920000
v 83.28530000 212.97820000 -316.86920000
v 160.03920000 212.97820000 -316.86920000
v 160.03920000 212.97820000 -316.86920000
v 160.03920000 212.97820000 -316.86920000
v 160.03920000 212.97820000 -316.86920000
v 160.03920000 207.88800000 -316.86920000
v 160.03920000 207.88800000 -316.86920000
v 83.28530000 207.88800000 -239.99110000
v 83.28530000 212.97820000 -239.99110000
v 83.28530000 212.97820000 -239.99110000
v 160.03920000 207.88800000 -239.99110000
v 160.03920000 212.97820000 -239.99110000
v 160.03920000 212.97820000 -239.99110000
v 157.85250000 204.08660000 -242.18140000
v 157.85250000 204.08660000 -242.18140000
v 157.85250000 204.08660000 -314.67890000
v 157.85250000 204.08660000 -314.67890000
v 85.47210000 204.08660000 -242.18140000
v 85.47210000 204.08660000 -242.18140000
v 85.47210000 204.08660000 -314.67890000
v 85.47210000 204.08660000 -314.67890000
v 152.32590000 201.17210000 -247.71700000
v 152.32590000 201.17210000 -247.71700000
v 152.32590000 201.17210000 -309.14330000
v 152.32590000 201.17210000 -309.14330000
v 90.99870000 201.17210000 -247.71700000
v 90.99870000 201.17210000 -247.71700000
v 90.99870000 201.17210000 -309.14330000
v 90.99870000 201.17210000 -309.14330000
v 110.77170000 -2.46070000 -252.37060000
v 110.77170000 186.65130000 -252.37060000
v 110.77170000 186.65130000 -252.37060000
v 95.66470000 186.65130000 -267.47760000
v 95.66470000 186.65130000 -267.47760000
v 95.66470000 186.65130000 -267.47760000
v 95.66470000 186.65130000 -267.47760000
v 95.66470000 -2.46070000 -267.47760000
v 95.66470000 -2.46070000 -267.47760000
v 132.13620000 -2.46070000 -252.37060000
v 132.13620000 -2.46070000 -252.37060000
v 132.13620000 186.65130000 -252.37060000
v 132.13620000 186.65130000 -252.37060000
v 132.13620000 186.65130000 -252.37060000
v 147.24310000 -2.46070000 -267.47760000
v 147.24310000 186.65130000 -267.47760000
v 147.24310000 186.65130000 -267.47760000
v 147.24310000 -2.46070000 -288.84210000
v 147.24310000 186.65130000 -288.84210000
v 147.24310000 186.65130000 -288.84210000
v 132.13620000 -2.46070000 -303.94900000
v 132.13620000 -2.46070000 -303.94900000
v 132.13620000 186.65130000 -303.94900000
v 132.13620000 186.65130000 -303.94900000
v 132.13620000 186.65130000 -303.94900000
v 110.77170000 -2.46070000 -303.94900000
v 110.77170000 186.65130000 -303.94900000
v 110.77170000 186.65130000 -303.94900000
v 95.66470000 -2.46070000 -288.84210000
v 95.66470000 -2.46070000 -288.84210000
v 95.66470000 186.65130000 -288.84210000
v 95.66470000 186.65130000 -288.84210000
v 95.66470000 186.65130000 -288.84210000
v 110.77170000 191.22600000 -252.37060000
v 110.77170000 191.22600000 -252.37060000
v 110.11940000 192.50010000 -250.79610000
v 110.11940000 192.50010000 -250.79610000
v 94.09030000 192.50010000 -266.82540000
v 94.09030000 192.50010000 -266.82540000
v 94.09030000 192.50010000 -266.82540000
v 94.09030000 192.50010000 -266.82540000
v 95.66470000 191.22600000 -267.47760000
v 95.66470000 191.22600000 -267.47760000
v 95.66470000 191.22600000 -267.47760000
v 95.66470000 191.22600000 -267.47760000
v 132.13620000 191.22600000 -252.37060000
v 132.13620000 191.22600000 -252.37060000
v 132.78830000 192.50010000 -250.79610000
v 132.78830000 192.50010000 -250.79610000
v 147.24310000 191.22600000 -267.47760000
v 147.24310000 191.22600000 -267.47760000
v 148.81760000 192.50010000 -266.82540000
v 148.81760000 192.50010000 -266.82540000
v 147.24310000 191.22600000 -288.84210000
v 147.24310000 191.22600000 -288.84210000
v 148.81760000 192.50010000 -289.49420000
v 148.81760000 192.50010000 -289.49420000
v 132.13620000 191.22600000 -303.94900000
v 132.13620000 191.22600000 -303.94900000
v 132.78830000 192.50010000 -305.52350000
v 132.78830000 192.50010000 -305.52350000
v 110.77170000 191.22600000 -303.94900000
v 110.77170000 191.22600000 -303.94900000
v 110.11940000 192.50010000 -305.52350000
v 110.11940000 192.50010000 -305.52350000
v 95.66470000 191.22600000 -288.84210000
v 95.66470000 191.22600000 -288.84210000
v 94.09030000 192.50010000 -289.49420000
v 94.09030000 192.50010000 -289.49420000
v 110.57070000 196.32250000 -251.88570000
v 109.84150000 199.26040000 -250.12500000
v 109.84150000 199.26040000 -250.12500000
v 93.41910000 199.26040000 -266.54750000
v 93.41910000 199.26040000 -266.54750000
v 93.41910000 199.26040000 -266.54750000
v 93.41910000 199.26040000 -266.54750000
v 95.17970000 196.32250000 -267.27670000
v 95.17970000 196.32250000 -267.27670000
v 132.33700000 196.32250000 -251.88570000
v 133.06630000 199.26040000 -250.12500000
v 133.06630000 199.26040000 -250.12500000
v 147.72800000 196.32250000 -267.27670000
v 149.48870000 199.26040000 -266.54750000
v 149.48870000 199.26040000 -266.54750000
v 149.48870000 199.26040000 -266.54750000
v 147.72800000 196.32250000 -289.04290000
v 149.48870000 199.26040000 -289.77220000
v 149.48870000 199.26040000 -289.77220000
v 149.48870000 199.26040000 -289.77220000
v 132.33700000 196.32250000 -304.43390000
v 133.06630000 199.26040000 -306.19460000
v 133.06630000 199.26040000 -306.19460000
v 110.57070000 196.32250000 -304.43390000
v 109.84150000 199.26040000 -306.19460000
v 109.84150000 199.26040000 -306.19460000
v 95.17970000 196.32250000 -289.04290000
v 93.41910000 199.26040000 -289.77220000
v 93.41910000 199.26040000 -289.77220000
v 93.41910000 199.26040000 -289.77220000
v 109.73820000 188.93870000 -249.87550000
v 109.73820000 188.93870000 -249.87550000
v 93.16960000 188.93870000 -266.44410000
v 93.16960000 188.93870000 -266.44410000
v 93.16960000 188.93870000 -266.44410000
v 93.16960000 188.93870000 -266.44410000
v 133.16960000 188.93870000 -249.87550000
v 133.16960000 188.93870000 -249.87550000
v 149.73820000 188.93870000 -266.44410000
v 149.73820000 188.93870000 -266.44410000
v 149.73820000 188.93870000 -289.87560000
v 149.73820000 188.93870000 -289.87560000
v 133.16960000 188.93870000 -306.44410000
v 133.16960000 188.93870000 -306.44410000
v 109.73820000 188.93870000 -306.44410000
v 109.73820000 188.93870000 -306.44410000
v 93.16960000 188.93870000 -289.87560000
v 93.16960000 188.93870000 -289.87560000
v 95.04100000 193.77420000 -267.21920000
v 95.04100000 193.77420000 -267.21920000
v 110.51340000 193.77420000 -251.74690000
v 132.39450000 193.77420000 -251.74690000
v 147.86690000 193.77420000 -267.21920000
v 147.86690000 193.77420000 -289.10040000
v 132.39450000 193.77420000 -304.57280000
v 110.51340000 193.77420000 -304.57280000
v 95.04100000 193.77420000 -289.10040000
v 84.21380000 212.97820000 -315.94060000
v 84.21380000 212.97820000 -315.94060000
v 84.21380000 212.97820000 -315.94060000
v 84.21380000 215.20930000 -315.94060000
v 84.21380000 215.20930000 -315.94060000
v 84.21380000 215.20930000 -315.94060000
v 84.21380000 215.20930000 -315.94060000
v 159.11080000 215.20930000 -315.94060000
v 159.11080000 215.20930000 -315.94060000
v 159.11080000 215.20930000 -315.94060000
v 159.11080000 215.20930000 -315.94060000
v 159.11080000 212.97820000 -315.94060000
v 159.11080000 212.97820000 -315.94060000
v 159.11080000 212.97820000 -315.94060000
v 159.11080000 212.97820000 -315.94060000
v 84.21380000 212.97820000 -240.91970000
v 84.21380000 212.97820000 -240.91970000
v 84.21380000 212.97820000 -240.91970000
v 84.21380000 215.20930000 -240.91970000
v 84.21380000 215.20930000 -240.91970000
v 84.21380000 215.20930000 -240.91970000
v 84.21380000 215.20930000 -240.91970000
v 159.11080000 212.97820000 -240.91970000
v 159.11080000 212.97820000 -240.91970000
v 159.11080000 212.97820000 -240.91970000
v 159.11080000 215.20930000 -240.91970000
v 159.11080000 215.20930000 -240.91970000
v 159.11080000 215.20930000 -240.91970000
v 159.11080000 215.20930000 -240.91970000
v 160.03920000 215.20930000 -316.86920000
v 160.03920000 215.20930000 -316.86920000
v 160.03920000 215.20930000 -316.86920000
v 83.28530000 215.20930000 -316.86920000
v 83.28530000 215.20930000 -316.86920000
v 83.28530000 215.20930000 -316.86920000
v 83.28530000 215.20930000 -239.99110000
v 83.28530000 215.20930000 -239.99110000
v 83.28530000 215.20930000 -239.99110000
v 83.28530000 215.20930000 -239.99110000
v 160.03920000 215.20930000 -239.99110000
v 160.03920000 215.20930000 -239.99110000
v 160.03920000 215.20930000 -239.99110000
v 528.94110000 220.99710000 -316.51680000
v 528.94110000 220.99710000 -316.51680000
v 528.94110000 220.99710000 -316.51680000
v 452.18720000 220.99710000 -316.51680000
v 452.18720000 220.99710000 -316.51680000
v 452.18720000 220.99710000 -316.51680000
v 452.18720000 220.99710000 -239.63860000
v 452.18720000 220.99710000 -239.63860000
v 452.18720000 220.99710000 -239.63860000
v 528.94110000 220.99710000 -239.63860000
v 528.94110000 220.99710000 -239.63860000
v 528.94110000 220.99710000 -239.63860000
v 528.94110000 212.97820000 -239.63860000
v 528.94110000 212.97820000 -239.63860000
v 528.94110000 212.97820000 -239.63860000
v 528.94110000 212.97820000 -239.63860000
v 452.18720000 212.97820000 -239.63860000
v 452.18720000 212.97820000 -239.63860000
v 452.18720000 207.88800000 -239.63860000
v 528.94110000 207.88800000 -239.63860000
v 528.94110000 207.88800000 -239.63860000
v 452.18720000 212.97820000 -316.51680000
v 452.18720000 212.97820000 -316.51680000
v 452.18720000 207.88800000 -316.51680000
v 528.94110000 212.97820000 -316.51680000
v 528.94110000 212.97820000 -316.51680000
v 528.94110000 207.88800000 -316.51680000
v 526.75430000 204.08660000 -241.82890000
v 526.75430000 204.08660000 -241.82890000
v 526.75430000 204.08660000 -314.32640000
v 526.75430000 204.08660000 -314.32640000
v 454.37400000 204.08660000 -314.32640000
v 454.37400000 204.08660000 -314.32640000
v 454.37400000 204.08660000 -241.82890000
v 454.37400000 204.08660000 -241.82890000
v 521.22770000 201.17210000 -247.36450000
v 521.22770000 201.17210000 -247.36450000
v 521.22770000 201.17210000 -308.79090000
v 521.22770000 201.17210000 -308.79090000
v 459.90060000 201.17210000 -308.79090000
v 459.90060000 201.17210000 -308.79090000
v 459.90060000 201.17210000 -247.36450000
v 459.90060000 201.17210000 -247.36450000
v 464.56660000 186.65130000 -289.03030000
v 464.56660000 186.65130000 -289.03030000
v 464.56660000 186.65130000 -289.03030000
v 479.67350000 186.65130000 -304.13720000
v 479.67350000 186.65130000 -304.13720000
v 479.67350000 186.65130000 -304.13720000
v 479.67350000 -2.46070000 -304.13720000
v 479.67350000 -2.46070000 -304.13720000
v 464.56660000 -2.46070000 -289.03030000
v 501.03800000 186.65130000 -304.13720000
v 501.03800000 186.65130000 -304.13720000
v 501.03800000 186.65130000 -304.13720000
v 501.03800000 -2.46070000 -304.13720000
v 501.03800000 -2.46070000 -304.13720000
v 516.14470000 186.65130000 -289.03030000
v 516.14470000 186.65130000 -289.03030000
v 516.14470000 -2.46070000 -289.03030000
v 516.14470000 186.65130000 -267.66580000
v 516.14470000 186.65130000 -267.66580000
v 516.14470000 -2.46070000 -267.66580000
v 501.03800000 186.65130000 -252.55890000
v 501.03800000 186.65130000 -252.55890000
v 501.03800000 186.65130000 -252.55890000
v 501.03800000 -2.46070000 -252.55890000
v 501.03800000 -2.46070000 -252.55890000
v 479.67350000 186.65130000 -252.55890000
v 479.67350000 186.65130000 -252.55890000
v 479.67350000 186.65130000 -252.55890000
v 479.67350000 -2.46070000 -252.55890000
v 479.67350000 -2.46070000 -252.55890000
v 464.56660000 186.65130000 -267.66580000
v 464.56660000 186.65130000 -267.66580000
v 464.56660000 -2.46070000 -267.66580000
v 462.99190000 192.50010000 -289.68250000
v 462.99190000 192.50010000 -289.68250000
v 462.99190000 192.50010000 -289.68250000
v 462.99190000 192.50010000 -289.68250000
v 479.02140000 192.50010000 -305.71180000
v 479.02140000 192.50010000 -305.71180000
v 479.67350000 191.22600000 -304.13720000
v 479.67350000 191.22600000 -304.13720000
v 464.56660000 191.22600000 -289.03030000
v 464.56660000 191.22600000 -289.03030000
v 464.56660000 191.22600000 -289.03030000
v 464.56660000 191.22600000 -289.03030000
v 501.69010000 192.50010000 -305.71180000
v 501.69010000 192.50010000 -305.71180000
v 501.03800000 191.22600000 -304.13720000
v 501.03800000 191.22600000 -304.13720000
v 517.71940000 192.50010000 -289.68250000
v 517.71940000 192.50010000 -289.68250000
v 516.14470000 191.22600000 -289.03030000
v 516.14470000 191.22600000 -289.03030000
v 517.71940000 192.50010000 -267.01360000
v 517.71940000 192.50010000 -267.01360000
v 516.14470000 191.22600000 -267.66580000
v 516.14470000 191.22600000 -267.66580000
v 501.69010000 192.50010000 -250.98430000
v 501.69010000 192.50010000 -250.98430000
v 501.03800000 191.22600000 -252.55890000
v 501.03800000 191.22600000 -252.55890000
v 479.02140000 192.50010000 -250.98430000
v 479.02140000 192.50010000 -250.98430000
v 479.67350000 191.22600000 -252.55890000
v 479.67350000 191.22600000 -252.55890000
v 462.99190000 192.50010000 -267.01360000
v 462.99190000 192.50010000 -267.01360000
v 464.56660000 191.22600000 -267.66580000
v 464.56660000 191.22600000 -267.66580000
v 462.32100000 199.26040000 -289.96040000
v 462.32100000 199.26040000 -289.96040000
v 462.32100000 199.26040000 -289.96040000
v 462.32100000 199.26040000 -289.96040000
v 478.74330000 199.26040000 -306.38280000
v 478.74330000 199.26040000 -306.38280000
v 479.47260000 196.32250000 -304.62220000
v 464.08150000 196.32250000 -289.23120000
v 464.08150000 196.32250000 -289.23120000
v 501.96800000 199.26040000 -306.38280000
v 501.96800000 199.26040000 -306.38280000
v 501.23870000 196.32250000 -304.62220000
v 518.39060000 199.26040000 -289.96040000
v 518.39060000 199.26040000 -289.96040000
v 518.39060000 199.26040000 -289.96040000
v 516.62980000 196.32250000 -289.23120000
v 518.39060000 199.26040000 -266.73570000
v 518.39060000 199.26040000 -266.73570000
v 518.39060000 199.26040000 -266.73570000
v 516.62980000 196.32250000 -267.46490000
v 501.96800000 199.26040000 -250.31330000
v 501.96800000 199.26040000 -250.31330000
v 501.23870000 196.32250000 -252.07390000
v 478.74330000 199.26040000 -250.31330000
v 478.74330000 199.26040000 -250.31330000
v 479.47260000 196.32250000 -252.07390000
v 462.32100000 199.26040000 -266.73570000
v 462.32100000 199.26040000 -266.73570000
v 462.32100000 199.26040000 -266.73570000
v 464.08150000 196.32250000 -267.46490000
v 462.07150000 188.93870000 -290.06380000
v 462.07150000 188.93870000 -290.06380000
v 462.07150000 188.93870000 -290.06380000
v 462.07150000 188.93870000 -290.06380000
v 478.63980000 188.93870000 -306.63240000
v 478.63980000 188.93870000 -306.63240000
v 502.07150000 188.93870000 -306.63240000
v 502.07150000 188.93870000 -306.63240000
v 518.64010000 188.93870000 -290.06380000
v 518.64010000 188.93870000 -290.06380000
v 518.64010000 188.93870000 -266.63230000
v 518.64010000 188.93870000 -266.63230000
v 502.07150000 188.93870000 -250.06380000
v 502.07150000 188.93870000 -250.06380000
v 478.63980000 188.93870000 -250.06380000
v 478.63980000 188.93870000 -250.06380000
v 462.07150000 188.93870000 -266.63230000
v 462.07150000 188.93870000 -266.63230000
v 463.94280000 193.77420000 -289.28870000
v 463.94280000 193.77420000 -289.28870000
v 479.41500000 193.77420000 -304.76100000
v 501.29630000 193.77420000 -304.76100000
v 516.76870000 193.77420000 -289.28870000
v 516.76870000 193.77420000 -267.40740000
v 501.29630000 193.77420000 -251.93510000
v 479.41500000 193.77420000 -251.93510000
v 463.94280000 193.77420000 -267.40740000
v 528.01260000 215.20930000 -240.56720000
v 528.01260000 215.20930000 -240.56720000
v 528.01260000 215.20930000 -240.56720000
v 528.01260000 215.20930000 -240.56720000
v 453.11570000 215.20930000 -240.56720000
v 453.11570000 215.20930000 -240.56720000
v 453.11570000 215.20930000 -240.56720000
v 453.11570000 215.20930000 -240.56720000
v 453.11570000 212.97820000 -240.56720000
v 453.11570000 212.97820000 -240.56720000
v 453.11570000 212.97820000 -240.56720000
v 528.01260000 212.97820000 -240.56720000
v 528.01260000 212.97820000 -240.56720000
v 528.01260000 212.97820000 -240.56720000
v 528.01260000 212.97820000 -240.56720000
v 453.11570000 215.20930000 -315.58820000
v 453.11570000 215.20930000 -315.58820000
v 453.11570000 215.20930000 -315.58820000
v 453.11570000 215.20930000 -315.58820000
v 453.11570000 212.97820000 -315.58820000
v 453.11570000 212.97820000 -315.58820000
v 453.11570000 212.97820000 -315.58820000
v 528.01260000 215.20930000 -315.58820000
v 528.01260000 215.20930000 -315.58820000
v 528.01260000 215.20930000 -315.58820000
v 528.01260000 215.20930000 -315.58820000
v 528.01260000 212.97820000 -315.58820000
v 528.01260000 212.97820000 -315.58820000
v 528.01260000 212.97820000 -315.58820000
v 528.94110000 215.20930000 -239.63860000
v 528.94110000 215.20930000 -239.63860000
v 528.94110000 215.20930000 -239.63860000
v 452.18720000 215.20930000 -239.63860000
v 452.18720000 215.20930000 -239.63860000
v 452.18720000 215.20930000 -239.63860000
v 452.18720000 215.20930000 -316.51680000
v 452.18720000 215.20930000 -316.51680000
v 452.18720000 215.20930000 -316.51680000
v 452.18720000 215.20930000 -316.51680000
v 528.94110000 215.20930000 -316.51680000
v 528.94110000 215.20930000 -316.51680000
v 528.94110000 215.20930000 -316.51680000
v -947.95560000 220.99710000 169.73680000
v -947.95560000 220.99710000 169.73680000
v -947.95560000 220.99710000 169.73680000
v -980.34200000 220.99710000 169.73680000
v -980.34200000 220.99710000 169.73680000
v -980.34200000 220.99710000 169.73680000
v -1003.63870000 220.99700000 193.03340000
v -1003.63870000 220.99710000 246.61490000
v -1003.63870000 220.99710000 246.61490000
v -947.95560000 220.99710000 246.61490000
v -947.95560000 220.99710000 246.61490000
v -947.95560000 220.99710000 246.61490000
v -947.95560000 212.97820000 246.61490000
v -947.95560000 212.97820000 246.61490000
v -947.95560000 212.97820000 246.61490000
v -947.95560000 212.97820000 246.61490000
v -1003.63870000 212.97820000 246.61490000
v -1003.63870000 212.97820000 246.61490000
v -1003.63870000 207.88800000 246.61490000
v -947.95560000 207.88800000 246.61490000
v -947.95560000 207.88800000 246.61490000
v -947.95560000 212.97820000 169.73680000
v -947.95560000 212.97820000 169.73680000
v -947.95560000 207.88800000 169.73680000
v -950.44040000 204.08660000 244.42460000
v -950.44040000 204.08660000 244.42460000
v -950.44040000 204.08660000 171.92710000
v -950.44040000 204.08660000 171.92710000
v -982.53250000 204.08660000 171.92720000
v -980.34200000 207.88800000 169.73680000
v -956.71970000 201.17210000 238.88900000
v -956.71970000 201.17210000 238.88900000
v -956.71970000 201.17210000 177.46270000
v -956.71970000 201.17210000 177.46270000
v -1003.63870000 204.08660000 244.42460000
v -1003.63870000 201.17210000 238.88900000
v -979.66020000 186.65130000 182.11630000
v -979.66020000 186.65130000 182.11630000
v -979.66020000 186.65130000 182.11630000
v -962.49510000 186.65130000 197.22320000
v -962.49510000 186.65130000 197.22320000
v -962.49510000 186.65130000 197.22320000
v -962.49510000 -2.46070000 197.22320000
v -962.49510000 -2.46070000 197.22320000
v -979.66020000 -2.46070000 182.11630000
v -979.66020000 -2.46070000 182.11630000
v -962.49510000 186.65130000 218.58770000
v -962.49510000 186.65130000 218.58770000
v -962.49510000 186.65130000 218.58770000
v -962.49510000 -2.46070000 218.58770000
v -962.49510000 -2.46070000 218.58770000
v -979.66020000 186.65130000 233.69470000
v -979.66020000 186.65130000 233.69470000
v -979.66020000 186.65130000 233.69470000
v -979.66020000 -2.46070000 233.69470000
v -979.66020000 -2.46070000 233.69470000
v -1003.63870000 186.65130000 233.69470000
v -1003.63870000 186.65130000 233.69470000
v -1003.63870000 -2.46070000 233.69470000
v -978.91890000 192.50010000 180.54180000
v -978.91890000 192.50010000 180.54180000
v -960.70610000 192.50010000 196.57110000
v -960.70610000 192.50010000 196.57110000
v -962.49510000 191.22600000 197.22320000
v -962.49510000 191.22600000 197.22320000
v -979.66020000 191.22600000 182.11630000
v -979.66020000 191.22600000 182.11630000
v -960.70610000 192.50010000 219.23990000
v -960.70610000 192.50010000 219.23990000
v -962.49510000 191.22600000 218.58770000
v -962.49510000 191.22600000 218.58770000
v -978.91890000 192.50010000 235.26920000
v -978.91890000 192.50010000 235.26920000
v -979.66020000 191.22600000 233.69470000
v -979.66020000 191.22600000 233.69470000
v -1003.63870000 192.50010000 235.26920000
v -1003.63870000 192.50010000 235.26920000
v -1003.63870000 191.22600000 233.69470000
v -1003.63870000 191.22600000 233.69470000
v -978.60330000 199.26040000 179.87070000
v -978.60330000 199.26040000 179.87070000
v -959.94360000 199.26040000 196.29310000
v -959.94360000 199.26040000 196.29310000
v -959.94360000 199.26040000 196.29310000
v -961.94380000 196.32250000 197.02240000
v -979.43160000 196.32250000 181.63130000
v -959.94360000 199.26040000 219.51790000
v -959.94360000 199.26040000 219.51790000
v -959.94360000 199.26040000 219.51790000
v -961.94380000 196.32250000 218.78860000
v -978.60330000 199.26040000 235.94030000
v -978.60330000 199.26040000 235.94030000
v -979.43160000 196.32250000 234.17960000
v -1003.63870000 199.26040000 235.94030000
v -1003.63870000 199.26040000 235.94030000
v -1003.63870000 196.32250000 234.17960000
v -990.47610000 199.26040000 179.87070000
v -990.47610000 199.26040000 179.87070000
v -988.06790000 201.17210000 177.46270000
v -992.72170000 186.65130000 182.11630000
v -992.72170000 186.65130000 182.11630000
v -992.72170000 186.65130000 182.11630000
v -990.22660000 188.93860000 179.62120000
v -990.22660000 188.93860000 179.62120000
v -978.48580000 188.93870000 179.62120000
v -978.48580000 188.93870000 179.62120000
v -959.65990000 188.93870000 196.18970000
v -959.65990000 188.93870000 196.18970000
v -959.65990000 188.93870000 219.62120000
v -959.65990000 188.93870000 219.62120000
v -978.48580000 188.93870000 236.18980000
v -978.48580000 188.93870000 236.18980000
v -992.72170000 191.22600000 182.11630000
v -992.72170000 191.22600000 182.11630000
v -992.09790000 193.77420000 181.49250000
v -992.23660000 196.32250000 181.63140000
v -979.36620000 193.77420000 181.49250000
v -961.78640000 193.77420000 196.96490000
v -961.78640000 193.77420000 218.84610000
v -979.36620000 193.77420000 234.31850000
v -991.14700000 192.50010000 180.54180000
v -991.14700000 192.50010000 180.54180000
v -949.01050000 215.20930000 245.68630000
v -949.01050000 215.20930000 245.68630000
v -949.01050000 215.20930000 245.68630000
v -949.01050000 215.20930000 245.68630000
v -1003.63870000 215.20930000 245.68630000
v -1003.63870000 215.20930000 245.68630000
v -1003.63870000 212.97820000 245.68630000
v -1003.63870000 212.97820000 245.68630000
v -949.01050000 212.97820000 245.68630000
v -949.01050000 212.97820000 245.68630000
v -949.01050000 212.97820000 245.68630000
v -949.01050000 212.97820000 245.68630000
v -949.01050000 215.20930000 170.66540000
v -949.01050000 215.20930000 170.66540000
v -949.01050000 215.20930000 170.66540000
v -949.01050000 215.20930000 170.66540000
v -949.01050000 212.97820000 170.66540000
v -949.01050000 212.97820000 170.66540000
v -949.01050000 212.97820000 170.66540000
v -980.34200000 215.20930000 169.73680000
v -980.34200000 215.20930000 169.73680000
v -980.34200000 215.20930000 169.73680000
v -947.95560000 215.20930000 169.73680000
v -947.95560000 215.20930000 169.73680000
v -947.95560000 215.20930000 169.73680000
v -947.95560000 215.20930000 246.61490000
v -947.95560000 215.20930000 246.61490000
v -947.95560000 215.20930000 246.61490000
v -981.27080000 215.20930000 170.66540000
v -981.27080000 215.20930000 170.66540000
v -981.27080000 215.20930000 170.66540000
v -1003.63870000 188.93860000 236.18980000
v -1003.63870000 188.93860000 236.18980000
v -1003.63870000 193.77420000 234.31850000
v -1003.63870000 215.20930000 246.61490000
v -1003.63870000 215.20930000 246.61490000
v -1027.61740000 186.65130000 233.69470000
v -1027.61740000 186.65130000 233.69470000
v -1027.61740000 186.65130000 233.69470000
v -1027.61740000 -2.46070000 233.69470000
v -1027.61740000 -2.46070000 233.69470000
v -1027.61740000 191.22600000 233.69470000
v -1027.61740000 191.22600000 233.69470000
v -1028.35860000 192.50010000 235.26920000
v -1028.35860000 192.50010000 235.26920000
v -1027.84570000 196.32250000 234.17960000
v -1028.67430000 199.26040000 235.94030000
v -1028.67430000 199.26040000 235.94030000
v -1028.79150000 188.93870000 236.18980000
v -1028.79150000 188.93870000 236.18980000
v -1038.36740000 188.93870000 227.76210000
v -1038.36740000 188.93870000 227.76210000
v -1036.49070000 186.65130000 225.88530000
v -1036.49070000 186.65130000 225.88530000
v -1036.49070000 186.65130000 225.88530000
v -1036.49070000 191.22600000 225.88530000
v -1036.49070000 191.22600000 225.88530000
v -1036.85550000 196.32250000 226.25020000
v -1036.96000000 193.77420000 226.35460000
v -1027.91110000 193.77420000 234.31850000
v -1037.67500000 192.50010000 227.06970000
v -1037.67500000 192.50010000 227.06970000
v -1057.22020000 207.88800000 246.61490000
v -1055.02980000 204.08660000 244.42450000
v -1049.49440000 201.17210000 238.88900000
v -1049.32860000 201.06470000 238.72340000
v -1057.22020000 220.99710000 246.61490000
v -1057.22020000 220.99710000 246.61490000
v -1057.22020000 220.99710000 246.61490000
v -1057.22020000 215.20930000 246.61490000
v -1057.22020000 215.20930000 246.61490000
v -1057.22020000 215.20930000 246.61490000
v -1056.29150000 215.20930000 245.68630000
v -1056.29150000 215.20930000 245.68630000
v -1056.29150000 215.20930000 245.68630000
v -980.34200000 212.97820000 169.73680000
v -980.34200000 212.97820000 169.73680000
v -992.72170000 -2.46070000 182.11630000
v -992.72170000 -2.46070000 182.11630000
v -981.27080000 212.97820000 170.66540000
v -981.27080000 212.97820000 170.66540000
v -981.27080000 212.97820000 170.66540000
v -1057.22020000 212.97820000 246.61490000
v -1057.22020000 212.97820000 246.61490000
v -1036.49070000 -2.46070000 225.88530000
v -1036.49070000 -2.46070000 225.88530000
v -1038.17970000 199.26040000 227.57440000
v -1038.17970000 199.26040000 227.57440000
v -1056.29150000 212.97820000 245.68630000
v -1056.29150000 212.97820000 245.68630000
v -1056.29150000 212.97820000 245.68630000
v -980.34200000 220.99710000 137.35030000
v -980.34200000 220.99710000 137.35030000
v -980.34200000 220.99710000 137.35030000
v -1057.22020000 220.99710000 193.03350000
v -1057.22020000 220.99710000 193.03350000
v -1057.22020000 220.99710000 137.35040000
v -1057.22020000 220.99710000 137.35040000
v -1057.22020000 220.99710000 137.35040000
v -1057.22020000 207.88800000 193.03350000
v -1057.22020000 212.97820000 193.03350000
v -1057.22020000 212.97820000 193.03350000
v -1057.22020000 212.97820000 137.35040000
v -1057.22020000 212.97820000 137.35040000
v -1057.22020000 212.97820000 137.35040000
v -1057.22020000 212.97820000 137.35040000
v -1057.22020000 207.88800000 137.35040000
v -1057.22020000 207.88800000 137.35040000
v -980.34200000 212.97820000 137.35030000
v -980.34200000 212.97820000 137.35030000
v -980.34200000 207.88800000 137.35030000
v -982.53250000 204.08660000 139.83510000
v -982.53250000 204.08660000 139.83510000
v -1055.02980000 204.08660000 139.83510000
v -1055.02980000 204.08660000 139.83510000
v -988.06790000 201.17210000 146.11450000
v -988.06790000 201.17210000 146.11450000
v -1049.49440000 201.17210000 146.11450000
v -1049.49440000 201.17210000 146.11450000
v -1049.49440000 201.17210000 193.03350000
v -1055.02980000 204.08660000 193.03350000
v -1007.82860000 -2.46070000 151.88970000
v -1007.82860000 -2.46070000 151.88970000
v -1007.82860000 186.65130000 151.88970000
v -1007.82860000 186.65130000 151.88970000
v -1007.82860000 186.65130000 151.88970000
v -992.72170000 186.65130000 169.05480000
v -992.72170000 186.65130000 169.05480000
v -992.72170000 186.65130000 169.05480000
v -992.72170000 -2.46070000 169.05480000
v -992.72170000 -2.46070000 169.05480000
v -1029.19310000 -2.46070000 151.88970000
v -1029.19310000 -2.46070000 151.88970000
v -1029.19310000 186.65130000 151.88970000
v -1029.19310000 186.65130000 151.88970000
v -1029.19310000 186.65130000 151.88970000
v -1044.30000000 -2.46070000 169.05480000
v -1044.30000000 -2.46070000 169.05480000
v -1044.30000000 186.65130000 169.05480000
v -1044.30000000 186.65130000 169.05480000
v -1044.30000000 186.65130000 169.05480000
v -1044.30000000 -2.46070000 193.03350000
v -1044.30000000 186.65130000 193.03350000
v -1044.30000000 186.65130000 193.03350000
v -1007.82860000 191.22600000 151.88970000
v -1007.82860000 191.22600000 151.88970000
v -1007.17630000 192.50010000 150.10090000
v -1007.17630000 192.50010000 150.10090000
v -991.14700000 192.50010000 168.31360000
v -991.14700000 192.50010000 168.31360000
v -992.72170000 191.22600000 169.05480000
v -992.72170000 191.22600000 169.05480000
v -1029.19310000 191.22600000 151.88970000
v -1029.19310000 191.22600000 151.88970000
v -1029.84520000 192.50010000 150.10090000
v -1029.84520000 192.50010000 150.10090000
v -1044.30000000 191.22600000 169.05480000
v -1044.30000000 191.22600000 169.05480000
v -1045.87450000 192.50010000 168.31360000
v -1045.87450000 192.50010000 168.31360000
v -1044.30000000 191.22600000 193.03350000
v -1044.30000000 191.22600000 193.03350000
v -1045.87450000 192.50010000 193.03350000
v -1045.87450000 192.50010000 193.03350000
v -1007.62770000 196.32250000 151.33870000
v -1006.89840000 199.26040000 149.33820000
v -1006.89840000 199.26040000 149.33820000
v -1006.89840000 199.26040000 149.33820000
v -990.47610000 199.26040000 167.99800000
v -990.47610000 199.26040000 167.99800000
v -992.23660000 196.32250000 168.82640000
v -1029.39380000 196.32250000 151.33860000
v -1030.12300000 199.26040000 149.33830000
v -1030.12300000 199.26040000 149.33830000
v -1030.12300000 199.26040000 149.33830000
v -1044.78490000 196.32250000 168.82640000
v -1046.54570000 199.26040000 167.99800000
v -1046.54570000 199.26040000 167.99800000
v -1044.78490000 196.32250000 193.03350000
v -1046.54570000 199.26040000 193.03350000
v -1046.54570000 199.26040000 193.03350000
v -990.22660000 188.93870000 167.88050000
v -990.22660000 188.93870000 167.88050000
v -1006.79490000 188.93870000 149.05470000
v -1006.79490000 188.93870000 149.05470000
v -1030.22660000 188.93870000 149.05470000
v -1030.22660000 188.93870000 149.05470000
v -1046.79520000 188.93870000 167.88050000
v -1046.79520000 188.93870000 167.88050000
v -992.09790000 193.77420000 168.76100000
v -1007.57010000 193.77420000 151.18110000
v -1029.45140000 193.77420000 151.18110000
v -1044.92380000 193.77420000 168.76100000
v -1056.29150000 212.97820000 193.03350000
v -1056.29150000 212.97820000 193.03350000
v -1056.29150000 215.20930000 193.03350000
v -1056.29150000 215.20930000 193.03350000
v -1056.29150000 215.20930000 138.40530000
v -1056.29150000 215.20930000 138.40530000
v -1056.29150000 215.20930000 138.40530000
v -1056.29150000 215.20930000 138.40530000
v -1056.29150000 212.97820000 138.40530000
v -1056.29150000 212.97820000 138.40530000
v -1056.29150000 212.97820000 138.40530000
v -1056.29150000 212.97820000 138.40530000
v -981.27080000 215.20930000 138.40520000
v -981.27080000 215.20930000 138.40520000
v -981.27080000 215.20930000 138.40520000
v -981.27080000 215.20930000 138.40520000
v -981.27080000 212.97820000 138.40520000
v -981.27080000 212.97820000 138.40520000
v -981.27080000 212.97820000 138.40520000
v -980.34200000 215.20930000 137.35030000
v -980.34200000 215.20930000 137.35030000
v -980.34200000 215.20930000 137.35030000
v -1057.22020000 215.20930000 137.35040000
v -1057.22020000 215.20930000 137.35040000
v -1057.22020000 215.20930000 137.35040000
v -1046.79520000 188.93860000 193.03350000
v -1046.79520000 188.93860000 193.03350000
v -1044.92380000 193.77420000 193.03350000
v -1057.22020000 215.20930000 193.03350000
v -1057.22020000 215.20930000 193.03350000
v -1044.30000000 186.65130000 217.01210000
v -1044.30000000 186.65130000 217.01210000
v -1044.30000000 186.65130000 217.01210000
v -1044.30000000 -2.46070000 217.01210000
v -1044.30000000 -2.46070000 217.01210000
v -1044.30000000 191.22600000 217.01210000
v -1044.30000000 191.22600000 217.01210000
v -1045.87450000 192.50010000 217.75330000
v -1045.87450000 192.50010000 217.75330000
v -1044.78490000 196.32250000 217.24040000
v -1046.54570000 199.26040000 218.06900000
v -1046.54570000 199.26040000 218.06900000
v -1046.79520000 188.93870000 218.18630000
v -1046.79520000 188.93870000 218.18630000
v -1044.92380000 193.77420000 217.30590000
v -1003.63870000 220.99700000 -263.28780000
v -980.34200000 220.99710000 -239.99110000
v -980.34200000 220.99710000 -239.99110000
v -980.34200000 220.99710000 -239.99110000
v -947.95560000 220.99710000 -239.99110000
v -947.95560000 220.99710000 -239.99110000
v -947.95560000 220.99710000 -239.99110000
v -1003.63870000 220.99710000 -316.86920000
v -1003.63870000 220.99710000 -316.86920000
v -947.95560000 220.99710000 -316.86920000
v -947.95560000 220.99710000 -316.86920000
v -947.95560000 220.99710000 -316.86920000
v -1003.63870000 207.88800000 -316.86920000
v -1003.63870000 212.97820000 -316.86920000
v -1003.63870000 212.97820000 -316.86920000
v -947.95560000 212.97820000 -316.86920000
v -947.95560000 212.97820000 -316.86920000
v -947.95560000 212.97820000 -316.86920000
v -947.95560000 212.97820000 -316.86920000
v -947.95560000 207.88800000 -316.86920000
v -947.95560000 207.88800000 -316.86920000
v -947.95560000 212.97820000 -239.99110000
v -947.95560000 212.97820000 -239.99110000
v -947.95560000 207.88800000 -239.99110000
v -950.44040000 204.08660000 -242.18140000
v -950.44040000 204.08660000 -242.18140000
v -950.44040000 204.08660000 -314.67890000
v -950.44040000 204.08660000 -314.67890000
v -980.34200000 207.88800000 -239.99110000
v -982.53250000 204.08660000 -242.18150000
v -956.71970000 201.17210000 -247.71700000
v -956.71970000 201.17210000 -247.71700000
v -956.71970000 201.17210000 -309.14330000
v -956.71970000 201.17210000 -309.14330000
v -1003.63870000 201.17210000 -309.14330000
v -1003.63870000 204.08660000 -314.67890000
v -962.49510000 -2.46070000 -267.47760000
v -962.49510000 -2.46070000 -267.47760000
v -962.49510000 186.65130000 -267.47760000
v -962.49510000 186.65130000 -267.47760000
v -962.49510000 186.65130000 -267.47760000
v -979.66020000 186.65130000 -252.37060000
v -979.66020000 186.65130000 -252.37060000
v -979.66020000 186.65130000 -252.37060000
v -979.66020000 -2.46070000 -252.37060000
v -979.66020000 -2.46070000 -252.37060000
v -962.49510000 -2.46070000 -288.84210000
v -962.49510000 -2.46070000 -288.84210000
v -962.49510000 186.65130000 -288.84210000
v -962.49510000 186.65130000 -288.84210000
v -962.49510000 186.65130000 -288.84210000
v -979.66020000 -2.46070000 -303.94900000
v -979.66020000 -2.46070000 -303.94900000
v -979.66020000 186.65130000 -303.94900000
v -979.66020000 186.65130000 -303.94900000
v -979.66020000 186.65130000 -303.94900000
v -1003.63870000 -2.46070000 -303.94900000
v -1003.63870000 186.65130000 -303.94900000
v -1003.63870000 186.65130000 -303.94900000
v -962.49510000 191.22600000 -267.47760000
v -962.49510000 191.22600000 -267.47760000
v -960.70610000 192.50010000 -266.82540000
v -960.70610000 192.50010000 -266.82540000
v -978.91890000 192.50010000 -250.79610000
v -978.91890000 192.50010000 -250.79610000
v -979.66020000 191.22600000 -252.37060000
v -979.66020000 191.22600000 -252.37060000
v -962.49510000 191.22600000 -288.84210000
v -962.49510000 191.22600000 -288.84210000
v -960.70610000 192.50010000 -289.49420000
v -960.70610000 192.50010000 -289.49420000
v -979.66020000 191.22600000 -303.94900000
v -979.66020000 191.22600000 -303.94900000
v -978.91890000 192.50010000 -305.52350000
v -978.91890000 192.50010000 -305.52350000
v -1003.63870000 191.22600000 -303.94900000
v -1003.63870000 191.22600000 -303.94900000
v -1003.63870000 192.50010000 -305.52350000
v -1003.63870000 192.50010000 -305.52350000
v -961.94380000 196.32250000 -267.27670000
v -959.94360000 199.26040000 -266.54750000
v -959.94360000 199.26040000 -266.54750000
v -959.94360000 199.26040000 -266.54750000
v -978.60330000 199.26040000 -250.12500000
v -978.60330000 199.26040000 -250.12500000
v -979.43160000 196.32250000 -251.88570000
v -961.94380000 196.32250000 -289.04290000
v -959.94360000 199.26040000 -289.77220000
v -959.94360000 199.26040000 -289.77220000
v -959.94360000 199.26040000 -289.77220000
v -979.43160000 196.32250000 -304.43390000
v -978.60330000 199.26040000 -306.19460000
v -978.60330000 199.26040000 -306.19460000
v -1003.63870000 196.32250000 -304.43390000
v -1003.63870000 199.26040000 -306.19460000
v -1003.63870000 199.26040000 -306.19460000
v -988.06790000 201.17210000 -247.71700000
v -990.47610000 199.26040000 -250.12500000
v -990.47610000 199.26040000 -250.12500000
v -978.48580000 188.93870000 -249.87550000
v -978.48580000 188.93870000 -249.87550000
v -990.22660000 188.93860000 -249.87550000
v -990.22660000 188.93860000 -249.87550000
v -992.72170000 186.65130000 -252.37060000
v -992.72170000 186.65130000 -252.37060000
v -992.72170000 186.65130000 -252.37060000
v -959.65990000 188.93870000 -266.44410000
v -959.65990000 188.93870000 -266.44410000
v -959.65990000 188.93870000 -289.87560000
v -959.65990000 188.93870000 -289.87560000
v -978.48580000 188.93870000 -306.44410000
v -978.48580000 188.93870000 -306.44410000
v -992.72170000 191.22600000 -252.37060000
v -992.72170000 191.22600000 -252.37060000
v -992.23660000 196.32250000 -251.88570000
v -992.09790000 193.77420000 -251.74690000
v -979.36620000 193.77420000 -251.74690000
v -961.78640000 193.77420000 -267.21920000
v -961.78640000 193.77420000 -289.10040000
v -979.36620000 193.77420000 -304.57280000
v -991.14700000 192.50010000 -250.79610000
v -991.14700000 192.50010000 -250.79610000
v -1003.63870000 212.97820000 -315.94060000
v -1003.63870000 212.97820000 -315.94060000
v -1003.63870000 215.20930000 -315.94060000
v -1003.63870000 215.20930000 -315.94060000
v -949.01050000 215.20930000 -315.94060000
v -949.01050000 215.20930000 -315.94060000
v -949.01050000 215.20930000 -315.94060000
v -949.01050000 215.20930000 -315.94060000
v -949.01050000 212.97820000 -315.94060000
v -949.01050000 212.97820000 -315.94060000
v -949.01050000 212.97820000 -315.94060000
v -949.01050000 212.97820000 -315.94060000
v -949.01050000 215.20930000 -240.91970000
v -949.01050000 215.20930000 -240.91970000
v -949.01050000 215.20930000 -240.91970000
v -949.01050000 215.20930000 -240.91970000
v -949.01050000 212.97820000 -240.91970000
v -949.01050000 212.97820000 -240.91970000
v -949.01050000 212.97820000 -240.91970000
v -980.34200000 215.20930000 -239.99110000
v -980.34200000 215.20930000 -239.99110000
v -980.34200000 215.20930000 -239.99110000
v -947.95560000 215.20930000 -239.99110000
v -947.95560000 215.20930000 -239.99110000
v -947.95560000 215.20930000 -239.99110000
v -947.95560000 215.20930000 -316.86920000
v -947.95560000 215.20930000 -316.86920000
v -947.95560000 215.20930000 -316.86920000
v -981.27080000 215.20930000 -240.91970000
v -981.27080000 215.20930000 -240.91970000
v -981.27080000 215.20930000 -240.91970000
v -1003.63870000 188.93860000 -306.44410000
v -1003.63870000 188.93860000 -306.44410000
v -1003.63870000 193.77420000 -304.57280000
v -1003.63870000 215.20930000 -316.86920000
v -1003.63870000 215.20930000 -316.86920000
v -1027.61740000 186.65130000 -303.94900000
v -1027.61740000 186.65130000 -303.94900000
v -1027.61740000 186.65130000 -303.94900000
v -1027.61740000 -2.46070000 -303.94900000
v -1027.61740000 -2.46070000 -303.94900000
v -1027.61740000 191.22600000 -303.94900000
v -1027.61740000 191.22600000 -303.94900000
v -1028.35860000 192.50010000 -305.52350000
v -1028.35860000 192.50010000 -305.52350000
v -1027.84570000 196.32250000 -304.43390000
v -1028.67430000 199.26040000 -306.19460000
v -1028.67430000 199.26040000 -306.19460000
v -1036.49070000 186.65130000 -296.13970000
v -1036.49070000 186.65130000 -296.13970000
v -1036.49070000 186.65130000 -296.13970000
v -1038.36740000 188.93870000 -298.01640000
v -1038.36740000 188.93870000 -298.01640000
v -1028.79150000 188.93870000 -306.44410000
v -1028.79150000 188.93870000 -306.44410000
v -1036.49070000 191.22600000 -296.13970000
v -1036.49070000 191.22600000 -296.13970000
v -1036.96000000 193.77420000 -296.60890000
v -1036.85550000 196.32250000 -296.50450000
v -1027.91110000 193.77420000 -304.57280000
v -1037.67500000 192.50010000 -297.32410000
v -1037.67500000 192.50010000 -297.32410000
v -1055.02980000 204.08660000 -314.67890000
v -1057.22020000 207.88800000 -316.86920000
v -1049.32860000 201.06470000 -308.97780000
v -1049.49440000 201.17210000 -309.14330000
v -1057.22020000 215.20930000 -316.86920000
v -1057.22020000 215.20930000 -316.86920000
v -1057.22020000 215.20930000 -316.86920000
v -1057.22020000 220.99710000 -316.86920000
v -1057.22020000 220.99710000 -316.86920000
v -1057.22020000 220.99710000 -316.86920000
v -1056.29150000 215.20930000 -315.94060000
v -1056.29150000 215.20930000 -315.94060000
v -1056.29150000 215.20930000 -315.94060000
v -980.34200000 212.97820000 -239.99110000
v -980.34200000 212.97820000 -239.99110000
v -992.72170000 -2.46070000 -252.37060000
v -992.72170000 -2.46070000 -252.37060000
v -981.27080000 212.97820000 -240.91970000
v -981.27080000 212.97820000 -240.91970000
v -981.27080000 212.97820000 -240.91970000
v -1057.22020000 212.97820000 -316.86920000
v -1057.22020000 212.97820000 -316.86920000
v -1036.49070000 -2.46070000 -296.13970000
v -1036.49070000 -2.46070000 -296.13970000
v -1038.17970000 199.26040000 -297.82880000
v -1038.17970000 199.26040000 -297.82880000
v -1056.29150000 212.97820000 -315.94060000
v -1056.29150000 212.97820000 -315.94060000
v -1056.29150000 212.97820000 -315.94060000
v -980.34200000 220.99710000 -207.60460000
v -980.34200000 220.99710000 -207.60460000
v -980.34200000 220.99710000 -207.60460000
v -1057.22020000 220.99710000 -263.28780000
v -1057.22020000 220.99710000 -263.28780000
v -1057.22020000 220.99710000 -207.60470000
v -1057.22020000 220.99710000 -207.60470000
v -1057.22020000 220.99710000 -207.60470000
v -1057.22020000 212.97820000 -207.60470000
v -1057.22020000 212.97820000 -207.60470000
v -1057.22020000 212.97820000 -207.60470000
v -1057.22020000 212.97820000 -207.60470000
v -1057.22020000 212.97820000 -263.28780000
v -1057.22020000 212.97820000 -263.28780000
v -1057.22020000 207.88800000 -263.28780000
v -1057.22020000 207.88800000 -207.60470000
v -1057.22020000 207.88800000 -207.60470000
v -980.34200000 212.97820000 -207.60460000
v -980.34200000 212.97820000 -207.60460000
v -980.34200000 207.88800000 -207.60460000
v -1055.02980000 204.08660000 -210.08940000
v -1055.02980000 204.08660000 -210.08940000
v -982.53250000 204.08660000 -210.08940000
v -982.53250000 204.08660000 -210.08940000
v -1049.49440000 201.17210000 -216.36890000
v -1049.49440000 201.17210000 -216.36890000
v -988.06790000 201.17210000 -216.36880000
v -988.06790000 201.17210000 -216.36880000
v -1055.02980000 204.08660000 -263.28780000
v -1049.49440000 201.17210000 -263.28780000
v -992.72170000 186.65130000 -239.30920000
v -992.72170000 186.65130000 -239.30920000
v -992.72170000 186.65130000 -239.30920000
v -1007.82860000 186.65130000 -222.14410000
v -1007.82860000 186.65130000 -222.14410000
v -1007.82860000 186.65130000 -222.14410000
v -1007.82860000 -2.46070000 -222.14410000
v -1007.82860000 -2.46070000 -222.14410000
v -992.72170000 -2.46070000 -239.30920000
v -992.72170000 -2.46070000 -239.30920000
v -1029.19310000 186.65130000 -222.14410000
v -1029.19310000 186.65130000 -222.14410000
v -1029.19310000 186.65130000 -222.14410000
v -1029.19310000 -2.46070000 -222.14410000
v -1029.19310000 -2.46070000 -222.14410000
v -1044.30000000 186.65130000 -239.30920000
v -1044.30000000 186.65130000 -239.30920000
v -1044.30000000 186.65130000 -239.30920000
v -1044.30000000 -2.46070000 -239.30920000
v -1044.30000000 -2.46070000 -239.30920000
v -1044.30000000 186.65130000 -263.28780000
v -1044.30000000 186.65130000 -263.28780000
v -1044.30000000 -2.46070000 -263.28780000
v -991.14700000 192.50010000 -238.56800000
v -991.14700000 192.50010000 -238.56800000
v -1007.17630000 192.50010000 -220.35520000
v -1007.17630000 192.50010000 -220.35520000
v -1007.82860000 191.22600000 -222.14410000
v -1007.82860000 191.22600000 -222.14410000
v -992.72170000 191.22600000 -239.30920000
v -992.72170000 191.22600000 -239.30920000
v -1029.84520000 192.50010000 -220.35520000
v -1029.84520000 192.50010000 -220.35520000
v -1029.19310000 191.22600000 -222.14410000
v -1029.19310000 191.22600000 -222.14410000
v -1045.87450000 192.50010000 -238.56800000
v -1045.87450000 192.50010000 -238.56800000
v -1044.30000000 191.22600000 -239.30920000
v -1044.30000000 191.22600000 -239.30920000
v -1045.87450000 192.50010000 -263.28780000
v -1045.87450000 192.50010000 -263.28780000
v -1044.30000000 191.22600000 -263.28780000
v -1044.30000000 191.22600000 -263.28780000
v -990.47610000 199.26040000 -238.25230000
v -990.47610000 199.26040000 -238.25230000
v -1006.89840000 199.26040000 -219.59260000
v -1006.89840000 199.26040000 -219.59260000
v -1006.89840000 199.26040000 -219.59260000
v -1007.62770000 196.32250000 -221.59300000
v -992.23660000 196.32250000 -239.08080000
v -1030.12300000 199.26040000 -219.59260000
v -1030.12300000 199.26040000 -219.59260000
v -1030.12300000 199.26040000 -219.59260000
v -1029.39380000 196.32250000 -221.59290000
v -1046.54570000 199.26040000 -238.25230000
v -1046.54570000 199.26040000 -238.25230000
v -1044.78490000 196.32250000 -239.08080000
v -1046.54570000 199.26040000 -263.28780000
v -1046.54570000 199.26040000 -263.28780000
v -1044.78490000 196.32250000 -263.28780000
v -990.22660000 188.93870000 -238.13480000
v -990.22660000 188.93870000 -238.13480000
v -1006.79490000 188.93870000 -219.30910000
v -1006.79490000 188.93870000 -219.30910000
v -1030.22660000 188.93870000 -219.30910000
v -1030.22660000 188.93870000 -219.30910000
v -1046.79520000 188.93870000 -238.13490000
v -1046.79520000 188.93870000 -238.13490000
v -992.09790000 193.77420000 -239.01540000
v -1007.57010000 193.77420000 -221.43540000
v -1029.45140000 193.77420000 -221.43540000
v -1044.92380000 193.77420000 -239.01540000
v -1056.29150000 215.20930000 -208.65960000
v -1056.29150000 215.20930000 -208.65960000
v -1056.29150000 215.20930000 -208.65960000
v -1056.29150000 215.20930000 -208.65960000
v -1056.29150000 215.20930000 -263.28780000
v -1056.29150000 215.20930000 -263.28780000
v -1056.29150000 212.97820000 -263.28780000
v -1056.29150000 212.97820000 -263.28780000
v -1056.29150000 212.97820000 -208.65960000
v -1056.29150000 212.97820000 -208.65960000
v -1056.29150000 212.97820000 -208.65960000
v -1056.29150000 212.97820000 -208.65960000
v -981.27080000 215.20930000 -208.65960000
v -981.27080000 215.20930000 -208.65960000
v -981.27080000 215.20930000 -208.65960000
v -981.27080000 215.20930000 -208.65960000
v -981.27080000 212.97820000 -208.65960000
v -981.27080000 212.97820000 -208.65960000
v -981.27080000 212.97820000 -208.65960000
v -980.34200000 215.20930000 -207.60460000
v -980.34200000 215.20930000 -207.60460000
v -980.34200000 215.20930000 -207.60460000
v -1057.22020000 215.20930000 -207.60470000
v -1057.22020000 215.20930000 -207.60470000
v -1057.22020000 215.20930000 -207.60470000
v -1046.79520000 188.93860000 -263.28780000
v -1046.79520000 188.93860000 -263.28780000
v -1044.92380000 193.77420000 -263.28780000
v -1057.22020000 215.20930000 -263.28780000
v -1057.22020000 215.20930000 -263.28780000
v -1044.30000000 186.65130000 -287.26640000
v -1044.30000000 186.65130000 -287.26640000
v -1044.30000000 186.65130000 -287.26640000
v -1044.30000000 -2.46070000 -287.26640000
v -1044.30000000 -2.46070000 -287.26640000
v -1044.30000000 191.22600000 -287.26640000
v -1044.30000000 191.22600000 -287.26640000
v -1045.87450000 192.50010000 -288.00770000
v -1045.87450000 192.50010000 -288.00770000
v -1044.78490000 196.32250000 -287.49470000
v -1046.54570000 199.26040000 -288.32330000
v -1046.54570000 199.26040000 -288.32330000
v -1046.79520000 188.93870000 -288.44060000
v -1046.79520000 188.93870000 -288.44060000
v -1044.92380000 193.77420000 -287.56030000
v 816.33930000 220.99710000 -239.99110000
v 816.33930000 220.99710000 -239.99110000
v 816.33930000 220.99710000 -239.99110000
v 848.72580000 220.99710000 -239.99110000
v 848.72580000 220.99710000 -239.99110000
v 848.72580000 220.99710000 -239.99110000
v 872.02240000 220.99700000 -263.28780000
v 872.02240000 220.99710000 -316.86920000
v 872.02240000 220.99710000 -316.86920000
v 816.33930000 220.99710000 -316.86920000
v 816.33930000 220.99710000 -316.86920000
v 816.33930000 220.99710000 -316.86920000
v 816.33930000 212.97820000 -316.86920000
v 816.33930000 212.97820000 -316.86920000
v 816.33930000 212.97820000 -316.86920000
v 816.33930000 212.97820000 -316.86920000
v 872.02240000 212.97820000 -316.86920000
v 872.02240000 212.97820000 -316.86920000
v 872.02240000 207.88800000 -316.86920000
v 816.33930000 207.88800000 -316.86920000
v 816.33930000 207.88800000 -316.86920000
v 816.33930000 212.97820000 -239.99110000
v 816.33930000 212.97820000 -239.99110000
v 816.33930000 207.88800000 -239.99110000
v 818.82400000 204.08660000 -314.67890000
v 818.82400000 204.08660000 -314.67890000
v 818.82400000 204.08660000 -242.18140000
v 818.82400000 204.08660000 -242.18140000
v 850.91610000 204.08660000 -242.18150000
v 848.72580000 207.88800000 -239.99110000
v 825.10350000 201.17210000 -309.14330000
v 825.10350000 201.17210000 -309.14330000
v 825.10350000 201.17210000 -247.71700000
v 825.10350000 201.17210000 -247.71700000
v 872.02240000 204.08660000 -314.67890000
v 872.02240000 201.17210000 -309.14330000
v 848.04380000 186.65130000 -252.37060000
v 848.04380000 186.65130000 -252.37060000
v 848.04380000 186.65130000 -252.37060000
v 830.87870000 186.65130000 -267.47760000
v 830.87870000 186.65130000 -267.47760000
v 830.87870000 186.65130000 -267.47760000
v 830.87870000 -2.46070000 -267.47760000
v 830.87870000 -2.46070000 -267.47760000
v 848.04380000 -2.46070000 -252.37060000
v 848.04380000 -2.46070000 -252.37060000
v 830.87870000 186.65130000 -288.84210000
v 830.87870000 186.65130000 -288.84210000
v 830.87870000 186.65130000 -288.84210000
v 830.87870000 -2.46070000 -288.84210000
v 830.87870000 -2.46070000 -288.84210000
v 848.04380000 186.65130000 -303.94900000
v 848.04380000 186.65130000 -303.94900000
v 848.04380000 186.65130000 -303.94900000
v 848.04380000 -2.46070000 -303.94900000
v 848.04380000 -2.46070000 -303.94900000
v 872.02240000 186.65130000 -303.94900000
v 872.02240000 186.65130000 -303.94900000
v 872.02240000 -2.46070000 -303.94900000
v 847.30260000 192.50010000 -250.79610000
v 847.30260000 192.50010000 -250.79610000
v 829.08980000 192.50010000 -266.82540000
v 829.08980000 192.50010000 -266.82540000
v 830.87870000 191.22600000 -267.47760000
v 830.87870000 191.22600000 -267.47760000
v 848.04380000 191.22600000 -252.37060000
v 848.04380000 191.22600000 -252.37060000
v 829.08980000 192.50010000 -289.49420000
v 829.08980000 192.50010000 -289.49420000
v 830.87870000 191.22600000 -288.84210000
v 830.87870000 191.22600000 -288.84210000
v 847.30260000 192.50010000 -305.52350000
v 847.30260000 192.50010000 -305.52350000
v 848.04380000 191.22600000 -303.94900000
v 848.04380000 191.22600000 -303.94900000
v 872.02240000 192.50010000 -305.52350000
v 872.02240000 192.50010000 -305.52350000
v 872.02240000 191.22600000 -303.94900000
v 872.02240000 191.22600000 -303.94900000
v 846.98690000 199.26040000 -250.12500000
v 846.98690000 199.26040000 -250.12500000
v 828.32720000 199.26040000 -266.54750000
v 828.32720000 199.26040000 -266.54750000
v 828.32720000 199.26040000 -266.54750000
v 830.32760000 196.32250000 -267.27670000
v 847.81540000 196.32250000 -251.88570000
v 828.32720000 199.26040000 -289.77220000
v 828.32720000 199.26040000 -289.77220000
v 828.32720000 199.26040000 -289.77220000
v 830.32760000 196.32250000 -289.04290000
v 846.98690000 199.26040000 -306.19460000
v 846.98690000 199.26040000 -306.19460000
v 847.81540000 196.32250000 -304.43390000
v 872.02240000 199.26040000 -306.19460000
v 872.02240000 199.26040000 -306.19460000
v 872.02240000 196.32250000 -304.43390000
v 858.85970000 199.26040000 -250.12500000
v 858.85970000 199.26040000 -250.12500000
v 856.45160000 201.17210000 -247.71700000
v 861.10530000 186.65130000 -252.37060000
v 861.10530000 186.65130000 -252.37060000
v 861.10530000 186.65130000 -252.37060000
v 858.61020000 188.93860000 -249.87550000
v 858.61020000 188.93860000 -249.87550000
v 846.86940000 188.93870000 -249.87550000
v 846.86940000 188.93870000 -249.87550000
v 828.04360000 188.93870000 -266.44410000
v 828.04360000 188.93870000 -266.44410000
v 828.04360000 188.93870000 -289.87560000
v 828.04360000 188.93870000 -289.87560000
v 846.86940000 188.93870000 -306.44410000
v 846.86940000 188.93870000 -306.44410000
v 861.10530000 191.22600000 -252.37060000
v 861.10530000 191.22600000 -252.37060000
v 860.48150000 193.77420000 -251.74690000
v 860.62030000 196.32250000 -251.88570000
v 847.74990000 193.77420000 -251.74690000
v 830.17000000 193.77420000 -267.21920000
v 830.17000000 193.77420000 -289.10040000
v 847.74990000 193.77420000 -304.57280000
v 859.53070000 192.50010000 -250.79610000
v 859.53070000 192.50010000 -250.79610000
v 817.39420000 215.20930000 -315.94060000
v 817.39420000 215.20930000 -315.94060000
v 817.39420000 215.20930000 -315.94060000
v 817.39420000 215.20930000 -315.94060000
v 872.02240000 215.20930000 -315.94060000
v 872.02240000 215.20930000 -315.94060000
v 872.02240000 212.97820000 -315.94060000
v 872.02240000 212.97820000 -315.94060000
v 817.39420000 212.97820000 -315.94060000
v 817.39420000 212.97820000 -315.94060000
v 817.39420000 212.97820000 -315.94060000
v 817.39420000 212.97820000 -315.94060000
v 817.39420000 215.20930000 -240.91970000
v 817.39420000 215.20930000 -240.91970000
v 817.39420000 215.20930000 -240.91970000
v 817.39420000 215.20930000 -240.91970000
v 817.39420000 212.97820000 -240.91970000
v 817.39420000 212.97820000 -240.91970000
v 817.39420000 212.97820000 -240.91970000
v 848.72580000 215.20930000 -239.99110000
v 848.72580000 215.20930000 -239.99110000
v 848.72580000 215.20930000 -239.99110000
v 816.33930000 215.20930000 -239.99110000
v 816.33930000 215.20930000 -239.99110000
v 816.33930000 215.20930000 -239.99110000
v 816.33930000 215.20930000 -316.86920000
v 816.33930000 215.20930000 -316.86920000
v 816.33930000 215.20930000 -316.86920000
v 849.65440000 215.20930000 -240.91970000
v 849.65440000 215.20930000 -240.91970000
v 849.65440000 215.20930000 -240.91970000
v 872.02240000 188.93860000 -306.44410000
v 872.02240000 188.93860000 -306.44410000
v 872.02240000 193.77420000 -304.57280000
v 872.02240000 215.20930000 -316.86920000
v 872.02240000 215.20930000 -316.86920000
v 896.00100000 186.65130000 -303.94900000
v 896.00100000 186.65130000 -303.94900000
v 896.00100000 186.65130000 -303.94900000
v 896.00100000 -2.46070000 -303.94900000
v 896.00100000 -2.46070000 -303.94900000
v 896.00100000 191.22600000 -303.94900000
v 896.00100000 191.22600000 -303.94900000
v 896.74220000 192.50010000 -305.52350000
v 896.74220000 192.50010000 -305.52350000
v 896.22930000 196.32250000 -304.43390000
v 897.05790000 199.26040000 -306.19460000
v 897.05790000 199.26040000 -306.19460000
v 897.17520000 188.93870000 -306.44410000
v 897.17520000 188.93870000 -306.44410000
v 906.75100000 188.93870000 -298.01640000
v 906.75100000 188.93870000 -298.01640000
v 904.87430000 186.65130000 -296.13970000
v 904.87430000 186.65130000 -296.13970000
v 904.87430000 186.65130000 -296.13970000
v 904.87430000 191.22600000 -296.13970000
v 904.87430000 191.22600000 -296.13970000
v 905.23910000 196.32250000 -296.50450000
v 905.34360000 193.77420000 -296.60890000
v 896.29490000 193.77420000 -304.57280000
v 906.05870000 192.50010000 -297.32410000
v 906.05870000 192.50010000 -297.32410000
v 925.60380000 207.88800000 -316.86920000
v 923.41350000 204.08660000 -314.67890000
v 917.87800000 201.17210000 -309.14330000
v 917.71230000 201.06470000 -308.97780000
v 925.60380000 220.99710000 -316.86920000
v 925.60380000 220.99710000 -316.86920000
v 925.60380000 220.99710000 -316.86920000
v 925.60380000 215.20930000 -316.86920000
v 925.60380000 215.20930000 -316.86920000
v 925.60380000 215.20930000 -316.86920000
v 924.67520000 215.20930000 -315.94060000
v 924.67520000 215.20930000 -315.94060000
v 924.67520000 215.20930000 -315.94060000
v 848.72580000 212.97820000 -239.99110000
v 848.72580000 212.97820000 -239.99110000
v 861.10530000 -2.46070000 -252.37060000
v 861.10530000 -2.46070000 -252.37060000
v 849.65440000 212.97820000 -240.91970000
v 849.65440000 212.97820000 -240.91970000
v 849.65440000 212.97820000 -240.91970000
v 925.60380000 212.97820000 -316.86920000
v 925.60380000 212.97820000 -316.86920000
v 904.87430000 -2.46070000 -296.13970000
v 904.87430000 -2.46070000 -296.13970000
v 906.56340000 199.26040000 -297.82880000
v 906.56340000 199.26040000 -297.82880000
v 924.67520000 212.97820000 -315.94060000
v 924.67520000 212.97820000 -315.94060000
v 924.67520000 212.97820000 -315.94060000
v 848.72580000 220.99710000 -207.60460000
v 848.72580000 220.99710000 -207.60460000
v 848.72580000 220.99710000 -207.60460000
v 925.60380000 220.99710000 -263.28780000
v 925.60380000 220.99710000 -263.28780000
v 925.60380000 220.99710000 -207.60470000
v 925.60380000 220.99710000 -207.60470000
v 925.60380000 220.99710000 -207.60470000
v 925.60380000 207.88800000 -263.28780000
v 925.60380000 212.97820000 -263.28780000
v 925.60380000 212.97820000 -263.28780000
v 925.60380000 212.97820000 -207.60470000
v 925.60380000 212.97820000 -207.60470000
v 925.60380000 212.97820000 -207.60470000
v 925.60380000 212.97820000 -207.60470000
v 925.60380000 207.88800000 -207.60470000
v 925.60380000 207.88800000 -207.60470000
v 848.72580000 212.97820000 -207.60460000
v 848.72580000 212.97820000 -207.60460000
v 848.72580000 207.88800000 -207.60460000
v 850.91610000 204.08660000 -210.08940000
v 850.91610000 204.08660000 -210.08940000
v 923.41350000 204.08660000 -210.08940000
v 923.41350000 204.08660000 -210.08940000
v 856.45160000 201.17210000 -216.36880000
v 856.45160000 201.17210000 -216.36880000
v 917.87800000 201.17210000 -216.36890000
v 917.87800000 201.17210000 -216.36890000
v 917.87800000 201.17210000 -263.28780000
v 923.41350000 204.08660000 -263.28780000
v 876.21220000 -2.46070000 -222.14410000
v 876.21220000 -2.46070000 -222.14410000
v 876.21220000 186.65130000 -222.14410000
v 876.21220000 186.65130000 -222.14410000
v 876.21220000 186.65130000 -222.14410000
v 861.10530000 186.65130000 -239.30920000
v 861.10530000 186.65130000 -239.30920000
v 861.10530000 186.65130000 -239.30920000
v 861.10530000 -2.46070000 -239.30920000
v 861.10530000 -2.46070000 -239.30920000
v 897.57670000 -2.46070000 -222.14410000
v 897.57670000 -2.46070000 -222.14410000
v 897.57670000 186.65130000 -222.14410000
v 897.57670000 186.65130000 -222.14410000
v 897.57670000 186.65130000 -222.14410000
v 912.68370000 -2.46070000 -239.30920000
v 912.68370000 -2.46070000 -239.30920000
v 912.68370000 186.65130000 -239.30920000
v 912.68370000 186.65130000 -239.30920000
v 912.68370000 186.65130000 -239.30920000
v 912.68370000 -2.46070000 -263.28780000
v 912.68370000 186.65130000 -263.28780000
v 912.68370000 186.65130000 -263.28780000
v 876.21220000 191.22600000 -222.14410000
v 876.21220000 191.22600000 -222.14410000
v 875.56000000 192.50010000 -220.35520000
v 875.56000000 192.50010000 -220.35520000
v 859.53070000 192.50010000 -238.56800000
v 859.53070000 192.50010000 -238.56800000
v 861.10530000 191.22600000 -239.30920000
v 861.10530000 191.22600000 -239.30920000
v 897.57670000 191.22600000 -222.14410000
v 897.57670000 191.22600000 -222.14410000
v 898.22880000 192.50010000 -220.35520000
v 898.22880000 192.50010000 -220.35520000
v 912.68370000 191.22600000 -239.30920000
v 912.68370000 191.22600000 -239.30920000
v 914.25810000 192.50010000 -238.56800000
v 914.25810000 192.50010000 -238.56800000
v 912.68370000 191.22600000 -263.28780000
v 912.68370000 191.22600000 -263.28780000
v 914.25810000 192.50010000 -263.28780000
v 914.25810000 192.50010000 -263.28780000
v 876.01130000 196.32250000 -221.59300000
v 875.28200000 199.26040000 -219.59260000
v 875.28200000 199.26040000 -219.59260000
v 875.28200000 199.26040000 -219.59260000
v 858.85970000 199.26040000 -238.25230000
v 858.85970000 199.26040000 -238.25230000
v 860.62030000 196.32250000 -239.08080000
v 897.77750000 196.32250000 -221.59290000
v 898.50680000 199.26040000 -219.59260000
v 898.50680000 199.26040000 -219.59260000
v 898.50680000 199.26040000 -219.59260000
v 913.16850000 196.32250000 -239.08080000
v 914.92930000 199.26040000 -238.25230000
v 914.92930000 199.26040000 -238.25230000
v 913.16850000 196.32250000 -263.28780000
v 914.92930000 199.26040000 -263.28780000
v 914.92930000 199.26040000 -263.28780000
v 858.61020000 188.93870000 -238.13480000
v 858.61020000 188.93870000 -238.13480000
v 875.17860000 188.93870000 -219.30910000
v 875.17860000 188.93870000 -219.30910000
v 898.61020000 188.93870000 -219.30910000
v 898.61020000 188.93870000 -219.30910000
v 915.17880000 188.93870000 -238.13490000
v 915.17880000 188.93870000 -238.13490000
v 860.48150000 193.77420000 -239.01540000
v 875.95380000 193.77420000 -221.43540000
v 897.83500000 193.77420000 -221.43540000
v 913.30740000 193.77420000 -239.01540000
v 924.67520000 212.97820000 -263.28780000
v 924.67520000 212.97820000 -263.28780000
v 924.67520000 215.20930000 -263.28780000
v 924.67520000 215.20930000 -263.28780000
v 924.67520000 215.20930000 -208.65960000
v 924.67520000 215.20930000 -208.65960000
v 924.67520000 215.20930000 -208.65960000
v 924.67520000 215.20930000 -208.65960000
v 924.67520000 212.97820000 -208.65960000
v 924.67520000 212.97820000 -208.65960000
v 924.67520000 212.97820000 -208.65960000
v 924.67520000 212.97820000 -208.65960000
v 849.65440000 215.20930000 -208.65960000
v 849.65440000 215.20930000 -208.65960000
v 849.65440000 215.20930000 -208.65960000
v 849.65440000 215.20930000 -208.65960000
v 849.65440000 212.97820000 -208.65960000
v 849.65440000 212.97820000 -208.65960000
v 849.65440000 212.97820000 -208.65960000
v 848.72580000 215.20930000 -207.60460000
v 848.72580000 215.20930000 -207.60460000
v 848.72580000 215.20930000 -207.60460000
v 925.60380000 215.20930000 -207.60470000
v 925.60380000 215.20930000 -207.60470000
v 925.60380000 215.20930000 -207.60470000
v 915.17880000 188.93860000 -263.28780000
v 915.17880000 188.93860000 -263.28780000
v 913.30740000 193.77420000 -263.28780000
v 925.60380000 215.20930000 -263.28780000
v 925.60380000 215.20930000 -263.28780000
v 912.68370000 186.65130000 -287.26640000
v 912.68370000 186.65130000 -287.26640000
v 912.68370000 186.65130000 -287.26640000
v 912.68370000 -2.46070000 -287.26640000
v 912.68370000 -2.46070000 -287.26640000
v 912.68370000 191.22600000 -287.26640000
v 912.68370000 191.22600000 -287.26640000
v 914.25810000 192.50010000 -288.00770000
v 914.25810000 192.50010000 -288.00770000
v 913.16850000 196.32250000 -287.49470000
v 914.92930000 199.26040000 -288.32330000
v 914.92930000 199.26040000 -288.32330000
v 915.17880000 188.93870000 -288.44060000
v 915.17880000 188.93870000 -288.44060000
v 913.30740000 193.77420000 -287.56030000
v 872.02240000 220.99700000 193.03340000
v 848.72580000 220.99710000 169.73680000
v 848.72580000 220.99710000 169.73680000
v 848.72580000 220.99710000 169.73680000
v 816.33930000 220.99710000 169.73680000
v 816.33930000 220.99710000 169.73680000
v 816.33930000 220.99710000 169.73680000
v 872.02240000 220.99710000 246.61490000
v 872.02240000 220.99710000 246.61490000
v 816.33930000 220.99710000 246.61490000
v 816.33930000 220.99710000 246.61490000
v 816.33930000 220.99710000 246.61490000
v 872.02240000 207.88800000 246.61490000
v 872.02240000 212.97820000 246.61490000
v 872.02240000 212.97820000 246.61490000
v 816.33930000 212.97820000 246.61490000
v 816.33930000 212.97820000 246.61490000
v 816.33930000 212.97820000 246.61490000
v 816.33930000 212.97820000 246.61490000
v 816.33930000 207.88800000 246.61490000
v 816.33930000 207.88800000 246.61490000
v 816.33930000 212.97820000 169.73680000
v 816.33930000 212.97820000 169.73680000
v 816.33930000 207.88800000 169.73680000
v 818.82400000 204.08660000 171.92710000
v 818.82400000 204.08660000 171.92710000
v 818.82400000 204.08660000 244.42460000
v 818.82400000 204.08660000 244.42460000
v 848.72580000 207.88800000 169.73680000
v 850.91610000 204.08660000 171.92720000
v 825.10350000 201.17210000 177.46270000
v 825.10350000 201.17210000 177.46270000
v 825.10350000 201.17210000 238.88900000
v 825.10350000 201.17210000 238.88900000
v 872.02240000 201.17210000 238.88900000
v 872.02240000 204.08660000 244.42460000
v 830.87870000 -2.46070000 197.22320000
v 830.87870000 -2.46070000 197.22320000
v 830.87870000 186.65130000 197.22320000
v 830.87870000 186.65130000 197.22320000
v 830.87870000 186.65130000 197.22320000
v 848.04380000 186.65130000 182.11630000
v 848.04380000 186.65130000 182.11630000
v 848.04380000 186.65130000 182.11630000
v 848.04380000 -2.46070000 182.11630000
v 848.04380000 -2.46070000 182.11630000
v 830.87870000 -2.46070000 218.58770000
v 830.87870000 -2.46070000 218.58770000
v 830.87870000 186.65130000 218.58770000
v 830.87870000 186.65130000 218.58770000
v 830.87870000 186.65130000 218.58770000
v 848.04380000 -2.46070000 233.69470000
v 848.04380000 -2.46070000 233.69470000
v 848.04380000 186.65130000 233.69470000
v 848.04380000 186.65130000 233.69470000
v 848.04380000 186.65130000 233.69470000
v 872.02240000 -2.46070000 233.69470000
v 872.02240000 186.65130000 233.69470000
v 872.02240000 186.65130000 233.69470000
v 830.87870000 191.22600000 197.22320000
v 830.87870000 191.22600000 197.22320000
v 829.08980000 192.50010000 196.57110000
v 829.08980000 192.50010000 196.57110000
v 847.30260000 192.50010000 180.54180000
v 847.30260000 192.50010000 180.54180000
v 848.04380000 191.22600000 182.11630000
v 848.04380000 191.22600000 182.11630000
v 830.87870000 191.22600000 218.58770000
v 830.87870000 191.22600000 218.58770000
v 829.08980000 192.50010000 219.23990000
v 829.08980000 192.50010000 219.23990000
v 848.04380000 191.22600000 233.69470000
v 848.04380000 191.22600000 233.69470000
v 847.30260000 192.50010000 235.26920000
v 847.30260000 192.50010000 235.26920000
v 872.02240000 191.22600000 233.69470000
v 872.02240000 191.22600000 233.69470000
v 872.02240000 192.50010000 235.26920000
v 872.02240000 192.50010000 235.26920000
v 830.32760000 196.32250000 197.02240000
v 828.32720000 199.26040000 196.29310000
v 828.32720000 199.26040000 196.29310000
v 828.32720000 199.26040000 196.29310000
v 846.98690000 199.26040000 179.87070000
v 846.98690000 199.26040000 179.87070000
v 847.81540000 196.32250000 181.63130000
v 830.32760000 196.32250000 218.78860000
v 828.32720000 199.26040000 219.51790000
v 828.32720000 199.26040000 219.51790000
v 828.32720000 199.26040000 219.51790000
v 847.81540000 196.32250000 234.17960000
v 846.98690000 199.26040000 235.94030000
v 846.98690000 199.26040000 235.94030000
v 872.02240000 196.32250000 234.17960000
v 872.02240000 199.26040000 235.94030000
v 872.02240000 199.26040000 235.94030000
v 856.45160000 201.17210000 177.46270000
v 858.85970000 199.26040000 179.87070000
v 858.85970000 199.26040000 179.87070000
v 846.86940000 188.93870000 179.62120000
v 846.86940000 188.93870000 179.62120000
v 858.61020000 188.93860000 179.62120000
v 858.61020000 188.93860000 179.62120000
v 861.10530000 186.65130000 182.11630000
v 861.10530000 186.65130000 182.11630000
v 861.10530000 186.65130000 182.11630000
v 828.04360000 188.93870000 196.18970000
v 828.04360000 188.93870000 196.18970000
v 828.04360000 188.93870000 219.62120000
v 828.04360000 188.93870000 219.62120000
v 846.86940000 188.93870000 236.18980000
v 846.86940000 188.93870000 236.18980000
v 861.10530000 191.22600000 182.11630000
v 861.10530000 191.22600000 182.11630000
v 860.62030000 196.32250000 181.63140000
v 860.48150000 193.77420000 181.49250000
v 847.74990000 193.77420000 181.49250000
v 830.17000000 193.77420000 196.96490000
v 830.17000000 193.77420000 218.84610000
v 847.74990000 193.77420000 234.31850000
v 859.53070000 192.50010000 180.54180000
v 859.53070000 192.50010000 180.54180000
v 872.02240000 212.97820000 245.68630000
v 872.02240000 212.97820000 245.68630000
v 872.02240000 215.20930000 245.68630000
v 872.02240000 215.20930000 245.68630000
v 817.39420000 215.20930000 245.68630000
v 817.39420000 215.20930000 245.68630000
v 817.39420000 215.20930000 245.68630000
v 817.39420000 215.20930000 245.68630000
v 817.39420000 212.97820000 245.68630000
v 817.39420000 212.97820000 245.68630000
v 817.39420000 212.97820000 245.68630000
v 817.39420000 212.97820000 245.68630000
v 817.39420000 215.20930000 170.66540000
v 817.39420000 215.20930000 170.66540000
v 817.39420000 215.20930000 170.66540000
v 817.39420000 215.20930000 170.66540000
v 817.39420000 212.97820000 170.66540000
v 817.39420000 212.97820000 170.66540000
v 817.39420000 212.97820000 170.66540000
v 848.72580000 215.20930000 169.73680000
v 848.72580000 215.20930000 169.73680000
v 848.72580000 215.20930000 169.73680000
v 816.33930000 215.20930000 169.73680000
v 816.33930000 215.20930000 169.73680000
v 816.33930000 215.20930000 169.73680000
v 816.33930000 215.20930000 246.61490000
v 816.33930000 215.20930000 246.61490000
v 816.33930000 215.20930000 246.61490000
v 849.65440000 215.20930000 170.66540000
v 849.65440000 215.20930000 170.66540000
v 849.65440000 215.20930000 170.66540000
v 872.02240000 188.93860000 236.18980000
v 872.02240000 188.93860000 236.18980000
v 872.02240000 193.77420000 234.31850000
v 872.02240000 215.20930000 246.61490000
v 872.02240000 215.20930000 246.61490000
v 896.00100000 186.65130000 233.69470000
v 896.00100000 186.65130000 233.69470000
v 896.00100000 186.65130000 233.69470000
v 896.00100000 -2.46070000 233.69470000
v 896.00100000 -2.46070000 233.69470000
v 896.00100000 191.22600000 233.69470000
v 896.00100000 191.22600000 233.69470000
v 896.74220000 192.50010000 235.26920000
v 896.74220000 192.50010000 235.26920000
v 896.22930000 196.32250000 234.17960000
v 897.05790000 199.26040000 235.94030000
v 897.05790000 199.26040000 235.94030000
v 904.87430000 186.65130000 225.88530000
v 904.87430000 186.65130000 225.88530000
v 904.87430000 186.65130000 225.88530000
v 906.75100000 188.93870000 227.76210000
v 906.75100000 188.93870000 227.76210000
v 897.17520000 188.93870000 236.18980000
v 897.17520000 188.93870000 236.18980000
v 904.87430000 191.22600000 225.88530000
v 904.87430000 191.22600000 225.88530000
v 905.34360000 193.77420000 226.35460000
v 905.23910000 196.32250000 226.25020000
v 896.29490000 193.77420000 234.31850000
v 906.05870000 192.50010000 227.06970000
v 906.05870000 192.50010000 227.06970000
v 923.41350000 204.08660000 244.42450000
v 925.60380000 207.88800000 246.61490000
v 917.71230000 201.06470000 238.72340000
v 917.87800000 201.17210000 238.88900000
v 925.60380000 215.20930000 246.61490000
v 925.60380000 215.20930000 246.61490000
v 925.60380000 215.20930000 246.61490000
v 925.60380000 220.99710000 246.61490000
v 925.60380000 220.99710000 246.61490000
v 925.60380000 220.99710000 246.61490000
v 924.67520000 215.20930000 245.68630000
v 924.67520000 215.20930000 245.68630000
v 924.67520000 215.20930000 245.68630000
v 848.72580000 212.97820000 169.73680000
v 848.72580000 212.97820000 169.73680000
v 861.10530000 -2.46070000 182.11630000
v 861.10530000 -2.46070000 182.11630000
v 849.65440000 212.97820000 170.66540000
v 849.65440000 212.97820000 170.66540000
v 849.65440000 212.97820000 170.66540000
v 925.60380000 212.97820000 246.61490000
v 925.60380000 212.97820000 246.61490000
v 904.87430000 -2.46070000 225.88530000
v 904.87430000 -2.46070000 225.88530000
v 906.56340000 199.26040000 227.57440000
v 906.56340000 199.26040000 227.57440000
v 924.67520000 212.97820000 245.68630000
v 924.67520000 212.97820000 245.68630000
v 924.67520000 212.97820000 245.68630000
v 848.72580000 220.99710000 137.35030000
v 848.72580000 220.99710000 137.35030000
v 848.72580000 220.99710000 137.35030000
v 925.60380000 220.99710000 193.03350000
v 925.60380000 220.99710000 193.03350000
v 925.60380000 220.99710000 137.35040000
v 925.60380000 220.99710000 137.35040000
v 925.60380000 220.99710000 137.35040000
v 925.60380000 212.97820000 137.35040000
v 925.60380000 212.97820000 137.35040000
v 925.60380000 212.97820000 137.35040000
v 925.60380000 212.97820000 137.35040000
v 925.60380000 212.97820000 193.03350000
v 925.60380000 212.97820000 193.03350000
v 925.60380000 207.88800000 193.03350000
v 925.60380000 207.88800000 137.35040000
v 925.60380000 207.88800000 137.35040000
v 848.72580000 212.97820000 137.35030000
v 848.72580000 212.97820000 137.35030000
v 848.72580000 207.88800000 137.35030000
v 923.41350000 204.08660000 139.83510000
v 923.41350000 204.08660000 139.83510000
v 850.91610000 204.08660000 139.83510000
v 850.91610000 204.08660000 139.83510000
v 917.87800000 201.17210000 146.11450000
v 917.87800000 201.17210000 146.11450000
v 856.45160000 201.17210000 146.11450000
v 856.45160000 201.17210000 146.11450000
v 923.41350000 204.08660000 193.03350000
v 917.87800000 201.17210000 193.03350000
v 861.10530000 186.65130000 169.05480000
v 861.10530000 186.65130000 169.05480000
v 861.10530000 186.65130000 169.05480000
v 876.21220000 186.65130000 151.88970000
v 876.21220000 186.65130000 151.88970000
v 876.21220000 186.65130000 151.88970000
v 876.21220000 -2.46070000 151.88970000
v 876.21220000 -2.46070000 151.88970000
v 861.10530000 -2.46070000 169.05480000
v 861.10530000 -2.46070000 169.05480000
v 897.57670000 186.65130000 151.88970000
v 897.57670000 186.65130000 151.88970000
v 897.57670000 186.65130000 151.88970000
v 897.57670000 -2.46070000 151.88970000
v 897.57670000 -2.46070000 151.88970000
v 912.68370000 186.65130000 169.05480000
v 912.68370000 186.65130000 169.05480000
v 912.68370000 186.65130000 169.05480000
v 912.68370000 -2.46070000 169.05480000
v 912.68370000 -2.46070000 169.05480000
v 912.68370000 186.65130000 193.03350000
v 912.68370000 186.65130000 193.03350000
v 912.68370000 -2.46070000 193.03350000
v 859.53070000 192.50010000 168.31360000
v 859.53070000 192.50010000 168.31360000
v 875.56000000 192.50010000 150.10090000
v 875.56000000 192.50010000 150.10090000
v 876.21220000 191.22600000 151.88970000
v 876.21220000 191.22600000 151.88970000
v 861.10530000 191.22600000 169.05480000
v 861.10530000 191.22600000 169.05480000
v 898.22880000 192.50010000 150.10090000
v 898.22880000 192.50010000 150.10090000
v 897.57670000 191.22600000 151.88970000
v 897.57670000 191.22600000 151.88970000
v 914.25810000 192.50010000 168.31360000
v 914.25810000 192.50010000 168.31360000
v 912.68370000 191.22600000 169.05480000
v 912.68370000 191.22600000 169.05480000
v 914.25810000 192.50010000 193.03350000
v 914.25810000 192.50010000 193.03350000
v 912.68370000 191.22600000 193.03350000
v 912.68370000 191.22600000 193.03350000
v 858.85970000 199.26040000 167.99800000
v 858.85970000 199.26040000 167.99800000
v 875.28200000 199.26040000 149.33820000
v 875.28200000 199.26040000 149.33820000
v 875.28200000 199.26040000 149.33820000
v 876.01130000 196.32250000 151.33870000
v 860.62030000 196.32250000 168.82640000
v 898.50680000 199.26040000 149.33830000
v 898.50680000 199.26040000 149.33830000
v 898.50680000 199.26040000 149.33830000
v 897.77750000 196.32250000 151.33860000
v 914.92930000 199.26040000 167.99800000
v 914.92930000 199.26040000 167.99800000
v 913.16850000 196.32250000 168.82640000
v 914.92930000 199.26040000 193.03350000
v 914.92930000 199.26040000 193.03350000
v 913.16850000 196.32250000 193.03350000
v 858.61020000 188.93870000 167.88050000
v 858.61020000 188.93870000 167.88050000
v 875.17860000 188.93870000 149.05470000
v 875.17860000 188.93870000 149.05470000
v 898.61020000 188.93870000 149.05470000
v 898.61020000 188.93870000 149.05470000
v 915.17880000 188.93870000 167.88050000
v 915.17880000 188.93870000 167.88050000
v 860.48150000 193.77420000 168.76100000
v 875.95380000 193.77420000 151.18110000
v 897.83500000 193.77420000 151.18110000
v 913.30740000 193.77420000 168.76100000
v 924.67520000 215.20930000 138.40530000
v 924.67520000 215.20930000 138.40530000
v 924.67520000 215.20930000 138.40530000
v 924.67520000 215.20930000 138.40530000
v 924.67520000 215.20930000 193.03350000
v 924.67520000 215.20930000 193.03350000
v 924.67520000 212.97820000 193.03350000
v 924.67520000 212.97820000 193.03350000
v 924.67520000 212.97820000 138.40530000
v 924.67520000 212.97820000 138.40530000
v 924.67520000 212.97820000 138.40530000
v 924.67520000 212.97820000 138.40530000
v 849.65440000 215.20930000 138.40520000
v 849.65440000 215.20930000 138.40520000
v 849.65440000 215.20930000 138.40520000
v 849.65440000 215.20930000 138.40520000
v 849.65440000 212.97820000 138.40520000
v 849.65440000 212.97820000 138.40520000
v 849.65440000 212.97820000 138.40520000
v 848.72580000 215.20930000 137.35030000
v 848.72580000 215.20930000 137.35030000
v 848.72580000 215.20930000 137.35030000
v 925.60380000 215.20930000 137.35040000
v 925.60380000 215.20930000 137.35040000
v 925.60380000 215.20930000 137.35040000
v 915.17880000 188.93860000 193.03350000
v 915.17880000 188.93860000 193.03350000
v 913.30740000 193.77420000 193.03350000
v 925.60380000 215.20930000 193.03350000
v 925.60380000 215.20930000 193.03350000
v 912.68370000 186.65130000 217.01210000
v 912.68370000 186.65130000 217.01210000
v 912.68370000 186.65130000 217.01210000
v 912.68370000 -2.46070000 217.01210000
v 912.68370000 -2.46070000 217.01210000
v 912.68370000 191.22600000 217.01210000
v 912.68370000 191.22600000 217.01210000
v 914.25810000 192.50010000 217.75330000
v 914.25810000 192.50010000 217.75330000
v 913.16850000 196.32250000 217.24040000
v 914.92930000 199.26040000 218.06900000
v 914.92930000 199.26040000 218.06900000
v 915.17880000 188.93870000 218.18630000
v 915.17880000 188.93870000 218.18630000
v 913.30740000 193.77420000 217.30590000
vn 0.00000000 1.00000000 -0.00000000
vn 0.00000000 0.00000000 -1.00000000
vn 1.00000000 0.00000000 -0.00000000
vn 0.00000000 0.00000000 -1.00000000
vn -1.00000000 0.00000000 -0.00000000
vn 0.00000000 1.00000000 -0.00000000
vn -1.00000000 0.00000000 -0.00000000
vn 0.00000000 0.00000000 1.00000000
vn 0.00000000 1.00000000 -0.00000000
vn 0.00000000 1.00000000 -0.00000000
vn 1.00000000 0.00000000 -0.00000000
vn 0.00000000 0.00000000 1.00000000
vn 0.00000000 1.00000000 -0.00000000
vn 0.70710000 0.00000000 0.70710000
vn 0.70710000 0.00000000 0.70710000
vn 0.00000000 1.00000000 -0.00000000
vn 0.00000000 1.00000000 -0.00000000
vn -0.70710000 0.00000000 0.70710000
vn -0.67560000 -0.29510000 0.67570000
vn 0.67560000 -0.29510000 0.67570000
vn 0.67560000 -0.29510000 0.67570000
vn 0.00000000 1.00000000 -0.00000000
vn -0.70710000 0.00000000 -0.70710000
vn -0.67560000 -0.29510000 -0.67570000
vn 0.00000000 1.00000000 -0.00000000
vn 0.70710000 0.00000000 -0.70710000
vn 0.67560000 -0.29510000 -0.67570000
vn 0.46270000 -0.75640000 0.46240000
vn 0.46270000 -0.75640000 0.46240000
vn 0.46270000 -0.75640000 -0.46240000
vn 0.46270000 -0.75640000 -0.46240000
vn -0.46270000 -0.75640000 -0.46240000
vn -0.46270000 -0.75640000 -0.46240000
vn -0.46270000 -0.75640000 0.46240000
vn -0.46270000 -0.75640000 0.46240000
vn 0.21650000 -0.95200000 0.21620000
vn 0.21650000 -0.95200000 0.21620000
vn 0.21770000 -0.95160000 -0.21700000
vn 0.21770000 -0.95160000 -0.21700000
vn -0.21830000 -0.95120000 -0.21800000
vn -0.21830000 -0.95120000 -0.21800000
vn -0.21710000 -0.95170000 0.21720000
vn -0.21710000 -0.95170000 0.21720000
vn -0.59710000 -0.76310000 -0.24730000
vn -0.59710000 -0.76310000 -0.24730000
vn -0.92390000 0.00000000 -0.38270000
vn -0.24730000 -0.76310000 -0.59710000
vn -0.38270000 0.00000000 -0.92390000
vn -0.38270000 0.00000000 -0.92390000
vn -0.92390000 0.00000000 -0.38270000
vn 0.24730000 -0.76310000 -0.59710000
vn 0.70710000 0.00000000 -0.70710000
vn 0.00000000 0.00000000 -1.00000000
vn 0.70710000 0.00000000 -0.70710000
vn 0.00000000 0.00000000 -1.00000000
vn 0.92390000 0.00000000 -0.38270000
vn 0.59710000 -0.76310000 -0.24730000
vn 0.92390000 0.00000000 -0.38270000
vn 0.59710000 -0.76310000 0.24730000
vn 0.92390000 0.00000000 0.38270000
vn 0.92390000 0.00000000 0.38270000
vn 0.24730000 -0.76310000 0.59710000
vn 0.00000000 0.00000000 1.00000000
vn 0.70710000 0.00000000 0.70710000
vn 0.70710000 0.00000000 0.70710000
vn 0.00000000 0.00000000 1.00000000
vn -0.24730000 -0.76310000 0.59710000
vn -0.38270000 0.00000000 0.92390000
vn -0.38270000 0.00000000 0.92390000
vn -1.00000000 0.00000000 -0.00000000
vn -0.70710000 0.00000000 0.70710000
vn -0.59710000 -0.76310000 0.24730000
vn -0.70710000 0.00000000 0.70710000
vn -1.00000000 0.00000000 -0.00000000
vn -0.71870000 0.62830000 -0.29770000
vn -0.71870000 0.62830000 -0.29770000
vn -0.55320000 -0.80090000 -0.22910000
vn -0.55320000 -0.80090000 -0.22910000
vn -0.22910000 -0.80090000 -0.55320000
vn -0.29770000 0.62830000 -0.71870000
vn -0.22910000 -0.80090000 -0.55320000
vn -0.24730000 0.76310000 -0.59710000
vn -0.59710000 0.76310000 -0.24730000
vn -0.55320000 -0.80090000 -0.22910000
vn -0.55320000 -0.80090000 -0.22910000
vn -0.59710000 0.76310000 -0.24730000
vn 0.29770000 0.62830000 -0.71870000
vn 0.22910000 -0.80090000 -0.55320000
vn 0.24730000 0.76310000 -0.59710000
vn 0.22910000 -0.80090000 -0.55320000
vn 0.71870000 0.62830000 -0.29770000
vn 0.55320000 -0.80090000 -0.22910000
vn 0.59710000 0.76310000 -0.24730000
vn 0.55320000 -0.80090000 -0.22910000
vn 0.55320000 -0.80090000 0.22910000
vn 0.71870000 0.62830000 0.29770000
vn 0.55320000 -0.80090000 0.22910000
vn 0.59710000 0.76310000 0.24730000
vn 0.22910000 -0.80090000 0.55320000
vn 0.29770000 0.62830000 0.71870000
vn 0.22910000 -0.80090000 0.55320000
vn 0.24730000 0.76310000 0.59710000
vn -0.29770000 0.62830000 0.71870000
vn -0.22910000 -0.80090000 0.55320000
vn -0.22910000 -0.80090000 0.55320000
vn -0.24730000 0.76310000 0.59710000
vn -0.71870000 0.62840000 0.29770000
vn -0.55320000 -0.80090000 0.22910000
vn -0.55320000 -0.80090000 0.22910000
vn -0.59710000 0.76310000 0.24730000
vn -0.63780000 -0.75590000 -0.14760000
vn -0.63780000 -0.75590000 -0.14760000
vn -0.63780000 -0.75590000 -0.14760000
vn -0.63780000 -0.75590000 -0.14760000
vn -0.14760000 -0.75510000 -0.63880000
vn -0.14760000 -0.75510000 -0.63880000
vn -0.36780000 -0.27640000 -0.88790000
vn -0.88790000 -0.27640000 -0.36780000
vn -0.88790000 -0.27640000 -0.36780000
vn 0.14730000 -0.75510000 -0.63890000
vn 0.14730000 -0.75510000 -0.63890000
vn 0.36780000 -0.27640000 -0.88790000
vn 0.60790000 -0.78010000 -0.14790000
vn 0.60790000 -0.78010000 -0.14790000
vn 0.60790000 -0.78010000 -0.14790000
vn 0.88790000 -0.27640000 -0.36780000
vn 0.60800000 -0.78010000 0.14750000
vn 0.60800000 -0.78010000 0.14750000
vn 0.60800000 -0.78010000 0.14750000
vn 0.88790000 -0.27640000 0.36780000
vn 0.14770000 -0.78570000 0.60080000
vn 0.14770000 -0.78570000 0.60080000
vn 0.36780000 -0.27640000 0.88790000
vn -0.14800000 -0.78560000 0.60070000
vn -0.14800000 -0.78560000 0.60070000
vn -0.36780000 -0.27640000 0.88790000
vn -0.63790000 -0.75590000 0.14720000
vn -0.63790000 -0.75590000 0.14720000
vn -0.63790000 -0.75590000 0.14720000
vn -0.88790000 -0.27640000 0.36780000
vn -0.59710000 -0.76310000 -0.24730000
vn -0.59710000 -0.76310000 -0.24730000
vn -0.59710000 0.76310000 -0.24730000
vn -0.59710000 0.76310000 -0.24730000
vn -0.24730000 -0.76310000 -0.59710000
vn -0.24730000 0.76310000 -0.59710000
vn 0.24730000 -0.76310000 -0.59710000
vn 0.24730000 0.76310000 -0.59710000
vn 0.59710000 0.76310000 -0.24730000
vn 0.59710000 -0.76310000 -0.24730000
vn 0.59710000 0.76310000 0.24730000
vn 0.59710000 -0.76310000 0.24730000
vn 0.24730000 0.76310000 0.59710000
vn 0.24730000 -0.76310000 0.59710000
vn -0.24730000 0.76310000 0.59710000
vn -0.24730000 -0.76310000 0.59710000
vn -0.59710000 -0.76310000 0.24730000
vn -0.59710000 0.76310000 0.24730000
vn -0.85130000 0.38860000 -0.35260000
vn -0.85130000 0.38860000 -0.35260000
vn -0.35260000 0.38860000 -0.85130000
vn 0.35260000 0.38860000 -0.85130000
vn 0.85130000 0.38860000 -0.35260000
vn 0.85130000 0.38860000 0.35260000
vn 0.35260000 0.38860000 0.85130000
vn -0.35260000 0.38860000 0.85130000
vn -0.85130000 0.38860000 0.35260000
vn 0.00000000 -1.00000000 -0.00000000
vn 1.00000000 0.00000000 -0.00000000
vn 0.00000000 -1.00000000 -0.00000000
vn 0.00000000 0.00000000 1.00000000
vn 0.00000000 -1.00000000 -0.00000000
vn 0.00000000 -1.00000000 -0.00000000
vn -1.00000000 0.00000000 -0.00000000
vn 0.00000000 0.00000000 1.00000000
vn -1.00000000 0.00000000 -0.00000000
vn 0.00000000 0.00000000 1.00000000
vn 0.00000000 1.00000000 -0.00000000
vn 0.00000000 1.00000000 -0.00000000
vn 1.00000000 0.00000000 -0.00000000
vn 0.00000000 0.00000000 1.00000000
vn 0.00000000 1.00000000 -0.00000000
vn 0.00000000 -1.00000000 -0.00000000
vn 0.00000000 0.00000000 -1.00000000
vn 0.00000000 -1.00000000 -0.00000000
vn -1.00000000 0.00000000 -0.00000000
vn 0.00000000 1.00000000 -0.00000000
vn -1.00000000 0.00000000 -0.00000000
vn 0.00000000 0.00000000 -1.00000000
vn 0.00000000 -1.00000000 -0.00000000
vn 0.00000000 -1.00000000 -0.00000000
vn 1.00000000 0.00000000 -0.00000000
vn 0.00000000 0.00000000 -1.00000000
vn 0.00000000 1.00000000 -0.00000000
vn 0.00000000 0.00000000 -1.00000000
vn 1.00000000 0.00000000 -0.00000000
vn 1.00000000 0.00000000 -0.00000000
vn 0.00000000 0.00000000 1.00000000
vn 0.00000000 -1.00000000 -0.00000000
vn -1.00000000 0.00000000 -0.00000000
vn 0.00000000 -1.00000000 -0.00000000
vn 0.00000000 0.00000000 1.00000000
vn 0.00000000 -1.00000000 -0.00000000
vn -1.00000000 0.00000000 -0.00000000
vn 0.00000000 -1.00000000 -0.00000000
vn 0.00000000 0.00000000 -1.00000000
vn 0.00000000 -1.00000000 -0.00000000
vn 1.00000000 0.00000000 -0.00000000
vn 0.00000000 0.00000000 -1.00000000
vn -1.00000000 0.00000000 -0.00000000
vn 0.00000000 1.00000000 -0.00000000
vn 0.00000000 0.00000000 1.00000000
vn 0.00000000 0.00000000 1.00000000
vn 1.00000000 0.00000000 -0.00000000
vn 0.00000000 1.00000000 -0.00000000
vn 0.00000000 1.00000000 -0.00000000
vn 0.00000000 0.00000000 -1.00000000
vn 1.00000000 0.00000000 -0.00000000
vn 0.00000000 0.00000000 -1.00000000
vn -1.00000000 0.00000000 -0.00000000
vn 0.00000000 1.00000000 -0.00000000
vn -0.67570000 -0.29510000 0.67560000
vn 0.00000000 1.00000000 -0.00000000
vn -0.70710000 0.00000000 0.70710000
vn -0.70710000 0.00000000 -0.70710000
vn -0.70710000 0.00000000 -0.70710000
vn 0.00000000 1.00000000 -0.00000000
vn 0.00000000 1.00000000 -0.00000000
vn -0.67570000 -0.29510000 -0.67560000
vn -0.67570000 -0.29510000 -0.67560000
vn 0.67570000 -0.29510000 0.67560000
vn 0.00000000 1.00000000 -0.00000000
vn 0.70710000 0.00000000 0.70710000
vn 0.67570000 -0.29510000 -0.67560000
vn 0.00000000 1.00000000 -0.00000000
vn 0.70710000 0.00000000 -0.70710000
vn 0.46240000 -0.75640000 -0.46270000
vn 0.46240000 -0.75640000 -0.46270000
vn -0.46240000 -0.75640000 -0.46270000
vn -0.46240000 -0.75640000 -0.46270000
vn 0.46240000 -0.75640000 0.46270000
vn 0.46240000 -0.75640000 0.46270000
vn -0.46240000 -0.75640000 0.46270000
vn -0.46240000 -0.75640000 0.46270000
vn 0.21700000 -0.95160000 -0.21770000
vn 0.21700000 -0.95160000 -0.21770000
vn -0.21620000 -0.95200000 -0.21650000
vn -0.21620000 -0.95200000 -0.21650000
vn 0.21800000 -0.95120000 0.21830000
vn 0.21800000 -0.95120000 0.21830000
vn -0.21720000 -0.95170000 0.21710000
vn -0.21720000 -0.95170000 0.21710000
vn 0.70710000 0.00000000 0.70710000
vn 1.00000000 0.00000000 -0.00000000
vn 0.59710000 -0.76310000 0.24730000
vn 0.70710000 0.00000000 0.70710000
vn 1.00000000 0.00000000 -0.00000000
vn 0.38270000 0.00000000 0.92390000
vn 0.24730000 -0.76310000 0.59710000
vn 0.24730000 -0.76310000 0.59710000
vn 0.38270000 0.00000000 0.92390000
vn 0.92390000 0.00000000 -0.38270000
vn 0.92390000 0.00000000 -0.38270000
vn 0.92390000 0.00000000 -0.38270000
vn 0.92390000 0.00000000 -0.38270000
vn 0.59710000 -0.76310000 -0.24730000
vn 0.00000000 0.00000000 -1.00000000
vn 0.70710000 0.00000000 -0.70710000
vn 0.24730000 -0.76310000 -0.59710000
vn 0.00000000 0.00000000 -1.00000000
vn 0.70710000 0.00000000 -0.70710000
vn -0.70710000 0.00000000 -0.70710000
vn 0.00000000 0.00000000 -1.00000000
vn -0.24730000 -0.76310000 -0.59710000
vn 0.00000000 0.00000000 -1.00000000
vn -0.70710000 0.00000000 -0.70710000
vn -0.92390000 0.00000000 -0.38270000
vn -0.59710000 -0.76310000 -0.24730000
vn -0.92390000 0.00000000 -0.38270000
vn -0.92390000 0.00000000 0.38270000
vn -0.92390000 0.00000000 0.38270000
vn -0.59710000 -0.76310000 0.24730000
vn -0.38270000 0.00000000 0.92390000
vn -0.24730000 -0.76310000 0.59710000
vn -0.38270000 0.00000000 0.92390000
vn 0.59710000 0.76310000 0.24730000
vn 0.55320000 -0.80090000 0.22910000
vn 0.71870000 0.62830000 0.29770000
vn 0.55320000 -0.80090000 0.22910000
vn 0.29770000 0.62830000 0.71870000
vn 0.29770000 0.62830000 0.71870000
vn 0.22910000 -0.80090000 0.55320000
vn 0.22910000 -0.80090000 0.55320000
vn 0.22910000 -0.80090000 0.55320000
vn 0.22910000 -0.80090000 0.55320000
vn 0.24730000 0.76310000 0.59710000
vn 0.24730000 0.76310000 0.59710000
vn 0.59710000 0.76310000 -0.24730000
vn 0.55320000 -0.80090000 -0.22910000
vn 0.55320000 -0.80090000 -0.22910000
vn 0.71870000 0.62830000 -0.29770000
vn 0.22910000 -0.80090000 -0.55320000
vn 0.24730000 0.76310000 -0.59710000
vn 0.22910000 -0.80090000 -0.55320000
vn 0.29770000 0.62830000 -0.71870000
vn -0.22910000 -0.80090000 -0.55320000
vn -0.24730000 0.76310000 -0.59710000
vn -0.29770000 0.62830000 -0.71870000
vn -0.22910000 -0.80090000 -0.55320000
vn -0.55320000 -0.80090000 -0.22910000
vn -0.59710000 0.76310000 -0.24730000
vn -0.71870000 0.62830000 -0.29770000
vn -0.55320000 -0.80090000 -0.22910000
vn -0.55320000 -0.80090000 0.22910000
vn -0.59710000 0.76310000 0.24730000
vn -0.55320000 -0.80090000 0.22910000
vn -0.71870000 0.62840000 0.29770000
vn -0.24730000 0.76310000 0.59710000
vn -0.22910000 -0.80090000 0.55320000
vn -0.29770000 0.62830000 0.71870000
vn -0.22910000 -0.80090000 0.55320000
vn 0.88790000 -0.27640000 0.36780000
vn 0.63880000 -0.75510000 0.14760000
vn 0.63880000 -0.75510000 0.14760000
vn 0.14760000 -0.75590000 0.63780000
vn 0.14760000 -0.75590000 0.63780000
vn 0.14760000 -0.75590000 0.63780000
vn 0.14760000 -0.75590000 0.63780000
vn 0.36780000 -0.27640000 0.88790000
vn 0.36780000 -0.27640000 0.88790000
vn 0.88790000 -0.27640000 -0.36780000
vn 0.63890000 -0.75510000 -0.14730000
vn 0.63890000 -0.75510000 -0.14730000
vn 0.36780000 -0.27640000 -0.88790000
vn 0.14790000 -0.78010000 -0.60790000
vn 0.14790000 -0.78010000 -0.60790000
vn 0.14790000 -0.78010000 -0.60790000
vn -0.36780000 -0.27640000 -0.88790000
vn -0.14750000 -0.78010000 -0.60800000
vn -0.14750000 -0.78010000 -0.60800000
vn -0.14750000 -0.78010000 -0.60800000
vn -0.88790000 -0.27640000 -0.36780000
vn -0.60080000 -0.78570000 -0.14770000
vn -0.60080000 -0.78570000 -0.14770000
vn -0.88790000 -0.27640000 0.36780000
vn -0.60070000 -0.78560000 0.14800000
vn -0.60070000 -0.78560000 0.14800000
vn -0.36780000 -0.27640000 0.88790000
vn -0.14720000 -0.75590000 0.63790000
vn -0.14720000 -0.75590000 0.63790000
vn -0.14720000 -0.75590000 0.63790000
vn 0.59710000 -0.76310000 0.24730000
vn 0.59710000 0.76310000 0.24730000
vn 0.24730000 0.76310000 0.59710000
vn 0.24730000 0.76310000 0.59710000
vn 0.24730000 -0.76310000 0.59710000
vn 0.24730000 -0.76310000 0.59710000
vn 0.59710000 0.76310000 -0.24730000
vn 0.59710000 -0.76310000 -0.24730000
vn 0.24730000 -0.76310000 -0.59710000
vn 0.24730000 0.76310000 -0.59710000
vn -0.24730000 -0.76310000 -0.59710000
vn -0.24730000 0.76310000 -0.59710000
vn -0.59710000 -0.76310000 -0.24730000
vn -0.59710000 0.76310000 -0.24730000
vn -0.59710000 -0.76310000 0.24730000
vn -0.59710000 0.76310000 0.24730000
vn -0.24730000 0.76310000 0.59710000
vn -0.24730000 -0.76310000 0.59710000
vn 0.35260000 0.38860000 0.85130000
vn 0.35260000 0.38860000 0.85130000
vn 0.85130000 0.38860000 0.35260000
vn 0.85130000 0.38860000 -0.35260000
vn 0.35260000 0.38860000 -0.85130000
vn -0.35260000 0.38860000 -0.85130000
vn -0.85120000 0.38860000 -0.35260000
vn -0.85130000 0.38860000 0.35260000
vn -0.35260000 0.38860000 0.85130000
vn -1.00000000 0.00000000 -0.00000000
vn 0.00000000 0.00000000 1.00000000
vn 0.00000000 1.00000000 -0.00000000
vn 0.00000000 0.00000000 1.00000000
vn -1.00000000 0.00000000 -0.00000000
vn 0.00000000 -1.00000000 -0.00000000
vn 0.00000000 -1.00000000 -0.00000000
vn 0.00000000 0.00000000 -1.00000000
vn 0.00000000 -1.00000000 -0.00000000
vn 0.00000000 -1.00000000 -0.00000000
vn -1.00000000 0.00000000 -0.00000000
vn -1.00000000 0.00000000 -0.00000000
vn 0.00000000 1.00000000 -0.00000000
vn 0.00000000 1.00000000 -0.00000000
vn 0.00000000 0.00000000 -1.00000000
vn 1.00000000 0.00000000 -0.00000000
vn 0.00000000 1.00000000 -0.00000000
vn 0.00000000 0.00000000 1.00000000
vn 0.00000000 0.00000000 1.00000000
vn 0.00000000 -1.00000000 -0.00000000
vn 1.00000000 0.00000000 -0.00000000
vn 0.00000000 -1.00000000 -0.00000000
vn 0.00000000 1.00000000 -0.00000000
vn 1.00000000 0.00000000 -0.00000000
vn 0.00000000 0.00000000 -1.00000000
vn 0.00000000 -1.00000000 -0.00000000
vn 0.00000000 -1.00000000 -0.00000000
vn 1.00000000 0.00000000 -0.00000000
vn 0.00000000 0.00000000 -1.00000000
vn -1.00000000 0.00000000 -0.00000000
vn 0.00000000 0.00000000 -1.00000000
vn 0.00000000 -1.00000000 -0.00000000
vn -1.00000000 0.00000000 -0.00000000
vn 0.00000000 -1.00000000 -0.00000000
vn 0.00000000 0.00000000 1.00000000
vn 0.00000000 0.00000000 1.00000000
vn 1.00000000 0.00000000 -0.00000000
vn 0.00000000 -1.00000000 -0.00000000
vn 0.00000000 -1.00000000 -0.00000000
vn 0.00000000 0.00000000 -1.00000000
vn 1.00000000 0.00000000 -0.00000000
vn 0.00000000 -1.00000000 -0.00000000
vn 0.00000000 0.00000000 -1.00000000
vn 0.00000000 1.00000000 -0.00000000
vn 1.00000000 0.00000000 -0.00000000
vn 0.00000000 1.00000000 -0.00000000
vn -1.00000000 0.00000000 -0.00000000
vn 0.00000000 0.00000000 -1.00000000
vn -1.00000000 0.00000000 -0.00000000
vn 0.00000000 0.00000000 1.00000000
vn 0.00000000 1.00000000 -0.00000000
vn 0.00000000 0.00000000 1.00000000
vn 1.00000000 0.00000000 -0.00000000
vn 0.00000000 1.00000000 -0.00000000
vn 0.67570000 -0.29510000 -0.67560000
vn 0.00000000 1.00000000 -0.00000000
vn 0.70710000 0.00000000 -0.70710000
vn 0.00000000 1.00000000 -0.00000000
vn 0.00000000 1.00000000 -0.00000000
vn 0.70710000 0.00000000 0.70710000
vn 0.70710000 0.00000000 0.70710000
vn 0.67570000 -0.29510000 0.67560000
vn 0.67570000 -0.29510000 0.67560000
vn -0.67570000 -0.29510000 -0.67560000
vn -0.70710000 0.00000000 -0.70710000
vn 0.00000000 1.00000000 -0.00000000
vn -0.67570000 -0.29510000 0.67560000
vn 0.00000000 1.00000000 -0.00000000
vn -0.70710000 0.00000000 0.70710000
vn -0.46240000 -0.75640000 0.46270000
vn -0.46240000 -0.75640000 0.46270000
vn 0.46240000 -0.75640000 0.46270000
vn 0.46240000 -0.75640000 0.46270000
vn -0.46240000 -0.75640000 -0.46270000
vn -0.46240000 -0.75640000 -0.46270000
vn 0.46240000 -0.75640000 -0.46270000
vn 0.46240000 -0.75640000 -0.46270000
vn -0.21700000 -0.95160000 0.21770000
vn -0.21700000 -0.95160000 0.21770000
vn 0.21620000 -0.95200000 0.21650000
vn 0.21620000 -0.95200000 0.21650000
vn -0.21800000 -0.95120000 -0.21830000
vn -0.21800000 -0.95120000 -0.21830000
vn 0.21720000 -0.95170000 -0.21710000
vn 0.21720000 -0.95170000 -0.21710000
vn -0.92390000 0.00000000 -0.38270000
vn -0.92390000 0.00000000 -0.38270000
vn -0.59710000 -0.76310000 -0.24730000
vn -0.70710000 0.00000000 -0.70710000
vn -0.24730000 -0.76310000 -0.59710000
vn -0.24730000 -0.76310000 -0.59710000
vn 0.00000000 0.00000000 -1.00000000
vn -0.70710000 0.00000000 -0.70710000
vn 0.00000000 0.00000000 -1.00000000
vn -0.70710000 0.00000000 0.70710000
vn -1.00000000 0.00000000 -0.00000000
vn -0.70710000 0.00000000 0.70710000
vn -1.00000000 0.00000000 -0.00000000
vn -0.59710000 -0.76310000 0.24730000
vn -0.38270000 0.00000000 0.92390000
vn -0.38270000 0.00000000 0.92390000
vn -0.24730000 -0.76310000 0.59710000
vn 0.38270000 0.00000000 0.92390000
vn 0.24730000 -0.76310000 0.59710000
vn 0.38270000 0.00000000 0.92390000
vn 1.00000000 0.00000000 -0.00000000
vn 0.70710000 0.00000000 0.70710000
vn 1.00000000 0.00000000 -0.00000000
vn 0.59710000 -0.76310000 0.24730000
vn 0.70710000 0.00000000 0.70710000
vn 0.92390000 0.00000000 -0.38270000
vn 0.92390000 0.00000000 -0.38270000
vn 0.59710000 -0.76310000 -0.24730000
vn 0.70710000 0.00000000 -0.70710000
vn 0.00000000 0.00000000 -1.00000000
vn 0.70710000 0.00000000 -0.70710000
vn 0.24730000 -0.76310000 -0.59710000
vn 0.00000000 0.00000000 -1.00000000
vn -0.55320000 -0.80090000 -0.22910000
vn -0.59710000 0.76310000 -0.24730000
vn -0.71870000 0.62830000 -0.29770000
vn -0.55320000 -0.80090000 -0.22910000
vn -0.29770000 0.62830000 -0.71870000
vn -0.22910000 -0.80090000 -0.55320000
vn -0.22910000 -0.80090000 -0.55320000
vn -0.29770000 0.62830000 -0.71870000
vn -0.24730000 0.76310000 -0.59710000
vn -0.22910000 -0.80090000 -0.55320000
vn -0.22910000 -0.80090000 -0.55320000
vn -0.24730000 0.76310000 -0.59710000
vn -0.55320000 -0.80090000 0.22920000
vn -0.59710000 0.76310000 0.24730000
vn -0.71870000 0.62830000 0.29770000
vn -0.55320000 -0.80090000 0.22910000
vn -0.24730000 0.76310000 0.59710000
vn -0.22910000 -0.80090000 0.55320000
vn -0.29770000 0.62830000 0.71870000
vn -0.22910000 -0.80090000 0.55320000
vn 0.24730000 0.76310000 0.59710000
vn 0.22910000 -0.80090000 0.55320000
vn 0.22910000 -0.80090000 0.55320000
vn 0.29770000 0.62830000 0.71870000
vn 0.55320000 -0.80090000 0.22920000
vn 0.59710000 0.76310000 0.24730000
vn 0.55320000 -0.80090000 0.22910000
vn 0.71870000 0.62830000 0.29770000
vn 0.55320000 -0.80090000 -0.22910000
vn 0.59710000 0.76310000 -0.24730000
vn 0.55320000 -0.80090000 -0.22910000
vn 0.71870000 0.62830000 -0.29770000
vn 0.22910000 -0.80090000 -0.55320000
vn 0.24730000 0.76310000 -0.59710000
vn 0.22910000 -0.80090000 -0.55320000
vn 0.29770000 0.62830000 -0.71870000
vn -0.88790000 -0.27640000 -0.36780000
vn -0.63880000 -0.75510000 -0.14760000
vn -0.63880000 -0.75510000 -0.14760000
vn -0.14760000 -0.75590000 -0.63780000
vn -0.14760000 -0.75590000 -0.63780000
vn -0.14760000 -0.75590000 -0.63780000
vn -0.14760000 -0.75590000 -0.63780000
vn -0.36780000 -0.27640000 -0.88790000
vn -0.36780000 -0.27640000 -0.88790000
vn -0.88790000 -0.27640000 0.36780000
vn -0.63890000 -0.75510000 0.14730000
vn -0.63890000 -0.75510000 0.14730000
vn -0.36780000 -0.27640000 0.88790000
vn -0.14790000 -0.78010000 0.60790000
vn -0.14790000 -0.78010000 0.60790000
vn -0.14790000 -0.78010000 0.60790000
vn 0.36780000 -0.27640000 0.88790000
vn 0.14750000 -0.78020000 0.60790000
vn 0.14750000 -0.78020000 0.60790000
vn 0.14750000 -0.78020000 0.60790000
vn 0.88790000 -0.27640000 0.36780000
vn 0.60080000 -0.78570000 0.14770000
vn 0.60080000 -0.78570000 0.14770000
vn 0.88790000 -0.27640000 -0.36780000
vn 0.60070000 -0.78560000 -0.14800000
vn 0.60070000 -0.78560000 -0.14800000
vn 0.36780000 -0.27640000 -0.88790000
vn 0.14720000 -0.75590000 -0.63790000
vn 0.14720000 -0.75590000 -0.63790000
vn 0.14720000 -0.75590000 -0.63790000
vn -0.59710000 0.76310000 -0.24730000
vn -0.59710000 -0.76310000 -0.24730000
vn -0.24730000 0.76310000 -0.59710000
vn -0.24730000 -0.76310000 -0.59710000
vn -0.24730000 0.76310000 -0.59710000
vn -0.24730000 -0.76310000 -0.59710000
vn -0.59710000 0.76310000 0.24730000
vn -0.59710000 -0.76310000 0.24730000
vn -0.24730000 -0.76310000 0.59710000
vn -0.24730000 0.76310000 0.59710000
vn 0.24730000 0.76310000 0.59710000
vn 0.24730000 -0.76310000 0.59710000
vn 0.59710000 -0.76310000 0.24730000
vn 0.59710000 0.76310000 0.24730000
vn 0.59710000 -0.76310000 -0.24730000
vn 0.59710000 0.76310000 -0.24730000
vn 0.24730000 -0.76310000 -0.59710000
vn 0.24730000 0.76310000 -0.59710000
vn -0.35260000 0.38860000 -0.85130000
vn -0.35260000 0.38860000 -0.85130000
vn -0.85130000 0.38860000 -0.35260000
vn -0.85130000 0.38860000 0.35260000
vn -0.35260000 0.38860000 0.85130000
vn 0.35260000 0.38860000 0.85130000
vn 0.85130000 0.38860000 0.35260000
vn 0.85130000 0.38860000 -0.35260000
vn 0.35260000 0.38860000 -0.85130000
vn 1.00000000 0.00000000 -0.00000000
vn 0.00000000 0.00000000 -1.00000000
vn 0.00000000 1.00000000 -0.00000000
vn 1.00000000 0.00000000 -0.00000000
vn 0.00000000 -1.00000000 -0.00000000
vn 0.00000000 0.00000000 -1.00000000
vn 0.00000000 -1.00000000 -0.00000000
vn 1.00000000 0.00000000 -0.00000000
vn 0.00000000 -1.00000000 -0.00000000
vn 0.00000000 0.00000000 1.00000000
vn 0.00000000 -1.00000000 -0.00000000
vn 1.00000000 0.00000000 -0.00000000
vn 0.00000000 0.00000000 1.00000000
vn 0.00000000 1.00000000 -0.00000000
vn 0.00000000 1.00000000 -0.00000000
vn -1.00000000 0.00000000 -0.00000000
vn 0.00000000 1.00000000 -0.00000000
vn 0.00000000 0.00000000 -1.00000000
vn -1.00000000 0.00000000 -0.00000000
vn 0.00000000 0.00000000 -1.00000000
vn 0.00000000 -1.00000000 -0.00000000
vn 0.00000000 -1.00000000 -0.00000000
vn -1.00000000 0.00000000 -0.00000000
vn 0.00000000 0.00000000 1.00000000
vn 0.00000000 1.00000000 -0.00000000
vn 0.00000000 -1.00000000 -0.00000000
vn 0.00000000 -1.00000000 -0.00000000
vn 0.00000000 0.00000000 1.00000000
vn -1.00000000 0.00000000 -0.00000000
vn 0.00000000 -1.00000000 -0.00000000
vn 1.00000000 0.00000000 -0.00000000
vn 0.00000000 0.00000000 1.00000000
vn 0.00000000 0.00000000 -1.00000000
vn 1.00000000 0.00000000 -0.00000000
vn 0.00000000 -1.00000000 -0.00000000
vn 0.00000000 -1.00000000 -0.00000000
vn 0.00000000 -1.00000000 -0.00000000
vn 0.00000000 0.00000000 -1.00000000
vn -1.00000000 0.00000000 -0.00000000
vn 0.00000000 -1.00000000 -0.00000000
vn -1.00000000 0.00000000 -0.00000000
vn 0.00000000 0.00000000 1.00000000
vn 0.00000000 1.00000000 -0.00000000
vn 1.00000000 0.00000000 -0.00000000
vn 0.00000000 0.00000000 1.00000000
vn 1.00000000 0.00000000 -0.00000000
vn 0.00000000 1.00000000 -0.00000000
vn 0.00000000 0.00000000 -1.00000000
vn 0.00000000 1.00000000 -0.00000000
vn 0.00000000 0.00000000 -1.00000000
vn -1.00000000 0.00000000 -0.00000000
vn -1.00000000 0.00000000 -0.00000000
vn 0.00000000 0.00000000 1.00000000
vn 0.00000000 1.00000000 -0.00000000
vn 0.67560000 -0.29510000 0.67570000
vn 0.00000000 1.00000000 -0.00000000
vn 0.70710000 0.00000000 0.70710000
vn 0.00000000 1.00000000 -0.00000000
vn -0.70710000 0.00000000 0.70710000
vn -0.70710000 0.00000000 0.70710000
vn 0.00000000 1.00000000 -0.00000000
vn -0.67560000 -0.29510000 0.67570000
vn -0.67560000 -0.29510000 0.67570000
vn 0.67560000 -0.29510000 -0.67570000
vn 0.00000000 1.00000000 -0.00000000
vn 0.70710000 0.00000000 -0.70710000
vn -0.67560000 -0.29510000 -0.67570000
vn -0.70710000 0.00000000 -0.70710000
vn 0.00000000 1.00000000 -0.00000000
vn -0.46270000 -0.75640000 -0.46240000
vn -0.46270000 -0.75640000 -0.46240000
vn -0.46270000 -0.75640000 0.46240000
vn -0.46270000 -0.75640000 0.46240000
vn 0.46270000 -0.75640000 -0.46240000
vn 0.46270000 -0.75640000 -0.46240000
vn 0.46270000 -0.75640000 0.46240000
vn 0.46270000 -0.75640000 0.46240000
vn -0.21770000 -0.95160000 -0.21700000
vn -0.21770000 -0.95160000 -0.21700000
vn -0.21650000 -0.95200000 0.21630000
vn -0.21650000 -0.95200000 0.21630000
vn 0.21830000 -0.95120000 -0.21800000
vn 0.21830000 -0.95120000 -0.21800000
vn 0.21710000 -0.95170000 0.21720000
vn 0.21710000 -0.95170000 0.21720000
vn 0.70710000 0.00000000 -0.70710000
vn 0.00000000 0.00000000 -1.00000000
vn 0.24730000 -0.76310000 -0.59710000
vn 0.70710000 0.00000000 -0.70710000
vn 0.00000000 0.00000000 -1.00000000
vn 0.59710000 -0.76310000 -0.24730000
vn 0.59710000 -0.76310000 -0.24730000
vn 0.92390000 0.00000000 -0.38270000
vn 0.92390000 0.00000000 -0.38270000
vn 0.00000000 0.00000000 -1.00000000
vn -0.70710000 0.00000000 -0.70710000
vn -0.70710000 0.00000000 -0.70710000
vn 0.00000000 0.00000000 -1.00000000
vn -0.24730000 -0.76310000 -0.59710000
vn -0.92390000 0.00000000 -0.38270000
vn -0.92390000 0.00000000 -0.38270000
vn -0.59710000 -0.76310000 -0.24730000
vn -0.92390000 0.00000000 0.38270000
vn -0.59710000 -0.76310000 0.24730000
vn -0.92390000 0.00000000 0.38270000
vn 0.00000000 0.00000000 1.00000000
vn -0.70710000 0.00000000 0.70710000
vn -0.70710000 0.00000000 0.70710000
vn -0.24730000 -0.76310000 0.59710000
vn 0.00000000 0.00000000 1.00000000
vn 0.70710000 0.00000000 0.70710000
vn 0.00000000 0.00000000 1.00000000
vn 0.00000000 0.00000000 1.00000000
vn 0.70710000 0.00000000 0.70710000
vn 0.24730000 -0.76310000 0.59710000
vn 0.92390000 0.00000000 0.38270000
vn 0.92390000 0.00000000 0.38270000
vn 0.59710000 -0.76310000 0.24730000
vn 0.24730000 0.76310000 -0.59710000
vn 0.22910000 -0.80090000 -0.55320000
vn 0.29770000 0.62830000 -0.71880000
vn 0.22910000 -0.80090000 -0.55320000
vn 0.71870000 0.62840000 -0.29770000
vn 0.55320000 -0.80090000 -0.22910000
vn 0.55320000 -0.80090000 -0.22910000
vn 0.71870000 0.62840000 -0.29770000
vn 0.55320000 -0.80090000 -0.22910000
vn 0.55320000 -0.80090000 -0.22910000
vn 0.59710000 0.76310000 -0.24730000
vn 0.59710000 0.76310000 -0.24730000
vn -0.22920000 -0.80090000 -0.55320000
vn -0.24730000 0.76310000 -0.59710000
vn -0.29770000 0.62830000 -0.71870000
vn -0.22910000 -0.80090000 -0.55320000
vn -0.55320000 -0.80090000 -0.22910000
vn -0.59710000 0.76310000 -0.24730000
vn -0.55320000 -0.80090000 -0.22910000
vn -0.71870000 0.62830000 -0.29770000
vn -0.59710000 0.76310000 0.24730000
vn -0.55320000 -0.80090000 0.22910000
vn -0.71870000 0.62830000 0.29770000
vn -0.55320000 -0.80090000 0.22910000
vn -0.24730000 0.76310000 0.59710000
vn -0.22920000 -0.80090000 0.55320000
vn -0.22910000 -0.80090000 0.55320000
vn -0.29770000 0.62830000 0.71870000
vn 0.22920000 -0.80090000 0.55320000
vn 0.24730000 0.76310000 0.59710000
vn 0.29770000 0.62830000 0.71880000
vn 0.22910000 -0.80090000 0.55320000
vn 0.55320000 -0.80090000 0.22910000
vn 0.59710000 0.76310000 0.24730000
vn 0.55320000 -0.80090000 0.22910000
vn 0.71870000 0.62840000 0.29770000
vn 0.36780000 -0.27640000 -0.88790000
vn 0.14760000 -0.75510000 -0.63880000
vn 0.14760000 -0.75510000 -0.63880000
vn 0.63790000 -0.75590000 -0.14760000
vn 0.63790000 -0.75590000 -0.14760000
vn 0.63790000 -0.75590000 -0.14760000
vn 0.63790000 -0.75590000 -0.14760000
vn 0.88790000 -0.27640000 -0.36780000
vn 0.88790000 -0.27640000 -0.36780000
vn -0.36780000 -0.27640000 -0.88790000
vn -0.14730000 -0.75510000 -0.63890000
vn -0.14730000 -0.75510000 -0.63890000
vn -0.88790000 -0.27640000 -0.36780000
vn -0.60790000 -0.78010000 -0.14790000
vn -0.60790000 -0.78010000 -0.14790000
vn -0.60790000 -0.78010000 -0.14790000
vn -0.88790000 -0.27640000 0.36780000
vn -0.60790000 -0.78020000 0.14750000
vn -0.60790000 -0.78020000 0.14750000
vn -0.60790000 -0.78020000 0.14750000
vn -0.36780000 -0.27640000 0.88790000
vn -0.14770000 -0.78570000 0.60080000
vn -0.14770000 -0.78570000 0.60080000
vn 0.36780000 -0.27640000 0.88790000
vn 0.14800000 -0.78560000 0.60070000
vn 0.14800000 -0.78560000 0.60070000
vn 0.88790000 -0.27640000 0.36780000
vn 0.63790000 -0.75590000 0.14720000
vn 0.63790000 -0.75590000 0.14720000
vn 0.63790000 -0.75590000 0.14720000
vn 0.24730000 0.76310000 -0.59710000
vn 0.24730000 -0.76310000 -0.59710000
vn 0.59710000 0.76310000 -0.24730000
vn 0.59710000 0.76310000 -0.24730000
vn 0.59710000 -0.76310000 -0.24730000
vn 0.59710000 -0.76310000 -0.24730000
vn -0.24730000 -0.76310000 -0.59710000
vn -0.24730000 0.76310000 -0.59710000
vn -0.59710000 0.76310000 -0.24730000
vn -0.59710000 -0.76310000 -0.24730000
vn -0.59710000 -0.76310000 0.24730000
vn -0.59710000 0.76310000 0.24730000
vn -0.24730000 -0.76310000 0.59710000
vn -0.24730000 0.76310000 0.59710000
vn 0.24730000 0.76310000 0.59710000
vn 0.24730000 -0.76310000 0.59710000
vn 0.59710000 -0.76310000 0.24730000
vn 0.59710000 0.76310000 0.24730000
vn 0.85120000 0.38860000 -0.35260000
vn 0.85120000 0.38860000 -0.35260000
vn 0.35260000 0.38860000 -0.85130000
vn -0.35260000 0.38860000 -0.85120000
vn -0.85130000 0.38860000 -0.35260000
vn -0.85130000 0.38860000 0.35260000
vn -0.35260000 0.38860000 0.85130000
vn 0.35260000 0.38860000 0.85130000
vn 0.85120000 0.38870000 0.35260000
vn 1.00000000 0.00000000 -0.00000000
vn 0.00000000 0.00000000 1.00000000
vn 0.00000000 1.00000000 -0.00000000
vn 0.00000000 -1.00000000 -0.00000000
vn 0.00000000 0.00000000 1.00000000
vn 0.00000000 -1.00000000 -0.00000000
vn 1.00000000 0.00000000 -0.00000000
vn 0.00000000 0.00000000 1.00000000
vn 0.00000000 -1.00000000 -0.00000000
vn 0.00000000 -1.00000000 -0.00000000
vn -1.00000000 0.00000000 -0.00000000
vn 0.00000000 1.00000000 -0.00000000
vn -1.00000000 0.00000000 -0.00000000
vn 0.00000000 0.00000000 1.00000000
vn 0.00000000 1.00000000 -0.00000000
vn 1.00000000 0.00000000 -0.00000000
vn 0.00000000 0.00000000 -1.00000000
vn 0.00000000 1.00000000 -0.00000000
vn 0.00000000 -1.00000000 -0.00000000
vn 0.00000000 -1.00000000 -0.00000000
vn 0.00000000 0.00000000 -1.00000000
vn 1.00000000 0.00000000 -0.00000000
vn -1.00000000 0.00000000 -0.00000000
vn 0.00000000 0.00000000 -1.00000000
vn 0.00000000 1.00000000 -0.00000000
vn -1.00000000 0.00000000 -0.00000000
vn 0.00000000 -1.00000000 -0.00000000
vn 0.00000000 -1.00000000 -0.00000000
vn 0.00000000 0.00000000 -1.00000000
vn -1.00000000 0.00000000 -0.00000000
vn 0.00000000 0.00000000 1.00000000
vn 0.00000000 -1.00000000 -0.00000000
vn 1.00000000 0.00000000 -0.00000000
vn 0.00000000 -1.00000000 -0.00000000
vn 0.00000000 0.00000000 1.00000000
vn 0.00000000 -1.00000000 -0.00000000
vn 0.00000000 -1.00000000 -0.00000000
vn 1.00000000 0.00000000 -0.00000000
vn 0.00000000 0.00000000 -1.00000000
vn 0.00000000 -1.00000000 -0.00000000
vn 0.00000000 0.00000000 -1.00000000
vn -1.00000000 0.00000000 -0.00000000
vn 0.00000000 1.00000000 -0.00000000
vn -1.00000000 0.00000000 -0.00000000
vn 0.00000000 0.00000000 -1.00000000
vn 0.00000000 0.00000000 1.00000000
vn -1.00000000 0.00000000 -0.00000000
vn 0.00000000 1.00000000 -0.00000000
vn 0.00000000 1.00000000 -0.00000000
vn 1.00000000 0.00000000 -0.00000000
vn 0.00000000 0.00000000 1.00000000
vn 1.00000000 0.00000000 -0.00000000
vn 0.00000000 1.00000000 -0.00000000
vn 0.00000000 0.00000000 -1.00000000
vn 0.00000000 1.00000000 -0.00000000
vn 0.70710000 0.00000000 -0.70710000
vn 0.70710000 0.00000000 -0.70710000
vn 0.00000000 1.00000000 -0.00000000
vn 0.00000000 1.00000000 -0.00000000
vn 0.70710000 0.00000000 0.70710000
vn 0.67570000 -0.29510000 0.67560000
vn 0.67570000 -0.29510000 -0.67560000
vn 0.67570000 -0.29510000 -0.67560000
vn 0.00000000 1.00000000 -0.00000000
vn -0.70710000 0.00000000 0.70710000
vn -0.67570000 -0.29510000 0.67560000
vn 0.00000000 1.00000000 -0.00000000
vn -0.70710000 0.00000000 -0.70710000
vn -0.67570000 -0.29510000 -0.67560000
vn 0.46240000 -0.75640000 -0.46270000
vn 0.46240000 -0.75640000 -0.46270000
vn -0.46240000 -0.75640000 -0.46270000
vn -0.46240000 -0.75640000 -0.46270000
vn -0.46240000 -0.75640000 0.46270000
vn -0.46240000 -0.75640000 0.46270000
vn 0.46240000 -0.75640000 0.46270000
vn 0.46240000 -0.75640000 0.46270000
vn 0.21630000 -0.95200000 -0.21650000
vn 0.21630000 -0.95200000 -0.21650000
vn -0.21700000 -0.95160000 -0.21770000
vn -0.21700000 -0.95160000 -0.21770000
vn -0.21800000 -0.95120000 0.21830000
vn -0.21800000 -0.95120000 0.21830000
vn 0.21720000 -0.95170000 0.21710000
vn 0.21720000 -0.95170000 0.21710000
vn -0.24730000 -0.76310000 0.59710000
vn -0.24730000 -0.76310000 0.59710000
vn -0.38270000 0.00000000 0.92390000
vn -0.59710000 -0.76310000 0.24730000
vn -0.92390000 0.00000000 0.38270000
vn -0.92390000 0.00000000 0.38270000
vn -0.38270000 0.00000000 0.92390000
vn -0.70710000 0.00000000 -0.70710000
vn -0.59710000 -0.76310000 -0.24730000
vn -1.00000000 0.00000000 -0.00000000
vn -1.00000000 0.00000000 -0.00000000
vn -0.70710000 0.00000000 -0.70710000
vn -0.24730000 -0.76310000 -0.59710000
vn -0.38270000 0.00000000 -0.92390000
vn -0.38270000 0.00000000 -0.92390000
vn 0.38270000 0.00000000 -0.92390000
vn 0.24730000 -0.76310000 -0.59710000
vn 0.38270000 0.00000000 -0.92390000
vn 1.00000000 0.00000000 -0.00000000
vn 0.59710000 -0.76310000 -0.24730000
vn 0.70710000 0.00000000 -0.70710000
vn 0.70710000 0.00000000 -0.70710000
vn 1.00000000 0.00000000 -0.00000000
vn 0.92390000 0.00000000 0.38270000
vn 0.59710000 -0.76310000 0.24730000
vn 0.92390000 0.00000000 0.38270000
vn 0.00000000 0.00000000 1.00000000
vn 0.24730000 -0.76310000 0.59710000
vn 0.70710000 0.00000000 0.70710000
vn 0.00000000 0.00000000 1.00000000
vn 0.70710000 0.00000000 0.70710000
vn -0.22910000 -0.80090000 0.55320000
vn -0.29770000 0.62830000 0.71870000
vn -0.29770000 0.62830000 0.71870000
vn -0.22910000 -0.80090000 0.55320000
vn -0.71870000 0.62830000 0.29770000
vn -0.55320000 -0.80090000 0.22910000
vn -0.59710000 0.76310000 0.24730000
vn -0.55320000 -0.80090000 0.22910000
vn -0.24730000 0.76310000 0.59710000
vn -0.24730000 0.76310000 0.59710000
vn -0.22910000 -0.80090000 0.55320000
vn -0.22910000 -0.80090000 0.55320000
vn -0.71870000 0.62840000 -0.29770000
vn -0.55320000 -0.80090000 -0.22910000
vn -0.55320000 -0.80090000 -0.22910000
vn -0.59710000 0.76310000 -0.24730000
vn -0.29770000 0.62830000 -0.71870000
vn -0.22910000 -0.80090000 -0.55320000
vn -0.24730000 0.76310000 -0.59710000
vn -0.22910000 -0.80090000 -0.55320000
vn 0.29770000 0.62830000 -0.71870000
vn 0.22910000 -0.80090000 -0.55320000
vn 0.24730000 0.76310000 -0.59710000
vn 0.22920000 -0.80090000 -0.55320000
vn 0.55320000 -0.80090000 -0.22910000
vn 0.71870000 0.62830000 -0.29770000
vn 0.55320000 -0.80090000 -0.22910000
vn 0.59710000 0.76310000 -0.24730000
vn 0.55320000 -0.80090000 0.22910000
vn 0.71870000 0.62830000 0.29770000
vn 0.55320000 -0.80090000 0.22910000
vn 0.59710000 0.76310000 0.24730000
vn 0.29770000 0.62830000 0.71870000
vn 0.22910000 -0.80090000 0.55320000
vn 0.22910000 -0.80090000 0.55320000
vn 0.24730000 0.76310000 0.59710000
vn -0.14760000 -0.75590000 0.63780000
vn -0.14760000 -0.75590000 0.63780000
vn -0.14760000 -0.75590000 0.63780000
vn -0.14760000 -0.75590000 0.63780000
vn -0.63880000 -0.75510000 0.14760000
vn -0.63880000 -0.75510000 0.14760000
vn -0.88790000 -0.27640000 0.36780000
vn -0.36780000 -0.27640000 0.88790000
vn -0.36780000 -0.27640000 0.88790000
vn -0.63890000 -0.75510000 -0.14730000
vn -0.63890000 -0.75510000 -0.14730000
vn -0.88790000 -0.27640000 -0.36780000
vn -0.14790000 -0.78010000 -0.60790000
vn -0.14790000 -0.78010000 -0.60790000
vn -0.14790000 -0.78010000 -0.60790000
vn -0.36780000 -0.27640000 -0.88790000
vn 0.14750000 -0.78010000 -0.60800000
vn 0.14750000 -0.78010000 -0.60800000
vn 0.14750000 -0.78010000 -0.60800000
vn 0.36780000 -0.27640000 -0.88790000
vn 0.60080000 -0.78570000 -0.14770000
vn 0.60080000 -0.78570000 -0.14770000
vn 0.88790000 -0.27640000 -0.36780000
vn 0.60070000 -0.78560000 0.14800000
vn 0.60070000 -0.78560000 0.14800000
vn 0.88790000 -0.27640000 0.36780000
vn 0.14720000 -0.75590000 0.63790000
vn 0.14720000 -0.75590000 0.63790000
vn 0.14720000 -0.75590000 0.63790000
vn 0.36780000 -0.27640000 0.88790000
vn -0.24730000 -0.76310000 0.59710000
vn -0.24730000 0.76310000 0.59710000
vn -0.24730000 -0.76310000 0.59710000
vn -0.24730000 0.76310000 0.59710000
vn -0.59710000 0.76310000 0.24730000
vn -0.59710000 -0.76310000 0.24730000
vn -0.59710000 -0.76310000 -0.24730000
vn -0.59710000 0.76310000 -0.24730000
vn -0.24730000 -0.76310000 -0.59710000
vn -0.24730000 0.76310000 -0.59710000
vn 0.24730000 0.76310000 -0.59710000
vn 0.24730000 -0.76310000 -0.59710000
vn 0.59710000 -0.76310000 -0.24730000
vn 0.59710000 0.76310000 -0.24730000
vn 0.59710000 0.76310000 0.24730000
vn 0.59710000 -0.76310000 0.24730000
vn 0.24730000 -0.76310000 0.59710000
vn 0.24730000 0.76310000 0.59710000
vn -0.35260000 0.38860000 0.85130000
vn -0.35260000 0.38860000 0.85130000
vn -0.85130000 0.38860000 0.35260000
vn -0.85130000 0.38860000 -0.35260000
vn -0.35260000 0.38860000 -0.85130000
vn 0.35260000 0.38860000 -0.85130000
vn 0.85130000 0.38860000 -0.35260000
vn 0.85130000 0.38860000 0.35260000
vn 0.35260000 0.38860000 0.85130000
vn 1.00000000 0.00000000 -0.00000000
vn 0.00000000 0.00000000 -1.00000000
vn 0.00000000 -1.00000000 -0.00000000
vn 0.00000000 -1.00000000 -0.00000000
vn 0.00000000 0.00000000 1.00000000
vn 0.00000000 -1.00000000 -0.00000000
vn 0.00000000 -1.00000000 -0.00000000
vn 1.00000000 0.00000000 -0.00000000
vn 1.00000000 0.00000000 -0.00000000
vn 0.00000000 1.00000000 -0.00000000
vn 0.00000000 0.00000000 1.00000000
vn 0.00000000 0.00000000 -1.00000000
vn 0.00000000 1.00000000 -0.00000000
vn 0.00000000 1.00000000 -0.00000000
vn 1.00000000 0.00000000 -0.00000000
vn 0.00000000 -1.00000000 -0.00000000
vn 0.00000000 -1.00000000 -0.00000000
vn 0.00000000 0.00000000 1.00000000
vn -1.00000000 0.00000000 -0.00000000
vn -1.00000000 0.00000000 -0.00000000
vn 0.00000000 1.00000000 -0.00000000
vn 0.00000000 0.00000000 1.00000000
vn 0.00000000 0.00000000 -1.00000000
vn -1.00000000 0.00000000 -0.00000000
vn 0.00000000 -1.00000000 -0.00000000
vn 0.00000000 -1.00000000 -0.00000000
vn 0.00000000 1.00000000 -0.00000000
vn 0.00000000 0.00000000 -1.00000000
vn -1.00000000 0.00000000 -0.00000000
vn 1.00000000 0.00000000 -0.00000000
vn 0.00000000 0.00000000 -1.00000000
vn 0.00000000 -1.00000000 -0.00000000
vn 0.00000000 0.00000000 1.00000000
vn 0.00000000 -1.00000000 -0.00000000
vn 1.00000000 0.00000000 -0.00000000
vn 0.00000000 -1.00000000 -0.00000000
vn 0.00000000 -1.00000000 -0.00000000
vn 0.00000000 0.00000000 1.00000000
vn -1.00000000 0.00000000 -0.00000000
vn 0.00000000 0.00000000 -1.00000000
vn -1.00000000 0.00000000 -0.00000000
vn 0.00000000 -1.00000000 -0.00000000
vn 1.00000000 0.00000000 -0.00000000
vn 0.00000000 1.00000000 -0.00000000
vn 0.00000000 0.00000000 1.00000000
vn 0.00000000 0.00000000 -1.00000000
vn 1.00000000 0.00000000 -0.00000000
vn 0.00000000 1.00000000 -0.00000000
vn 0.00000000 0.00000000 -1.00000000
vn -1.00000000 0.00000000 -0.00000000
vn 0.00000000 1.00000000 -0.00000000
vn -1.00000000 0.00000000 -0.00000000
vn 0.00000000 0.00000000 1.00000000
vn 0.00000000 1.00000000 -0.00000000
vn 0.00000000 1.00000000 -0.00000000
vn 0.00000000 1.00000000 -0.00000000
vn -0.70710000 0.00000000 0.70710000
vn -0.70710000 0.00000000 0.70710000
vn -0.70710000 0.00000000 -0.70710000
vn 0.00000000 1.00000000 -0.00000000
vn -0.67570000 -0.29510000 -0.67560000
vn -0.67570000 -0.29510000 0.67560000
vn -0.67570000 -0.29510000 0.67560000
vn 0.70710000 0.00000000 -0.70710000
vn 0.00000000 1.00000000 -0.00000000
vn 0.67570000 -0.29510000 -0.67560000
vn 0.70710000 0.00000000 0.70710000
vn 0.00000000 1.00000000 -0.00000000
vn 0.67570000 -0.29510000 0.67560000
vn -0.46240000 -0.75640000 0.46270000
vn -0.46240000 -0.75640000 0.46270000
vn 0.46240000 -0.75640000 0.46270000
vn 0.46240000 -0.75640000 0.46270000
vn 0.46240000 -0.75640000 -0.46270000
vn 0.46240000 -0.75640000 -0.46270000
vn -0.46240000 -0.75640000 -0.46270000
vn -0.46240000 -0.75640000 -0.46270000
vn -0.21630000 -0.95200000 0.21650000
vn -0.21630000 -0.95200000 0.21650000
vn 0.21700000 -0.95160000 0.21770000
vn 0.21700000 -0.95160000 0.21770000
vn 0.21800000 -0.95120000 -0.21830000
vn 0.21800000 -0.95120000 -0.21830000
vn -0.21720000 -0.95170000 -0.21710000
vn -0.21720000 -0.95170000 -0.21710000
vn 0.24730000 -0.76310000 -0.59710000
vn 0.24730000 -0.76310000 -0.59710000
vn 0.38270000 0.00000000 -0.92390000
vn 1.00000000 0.00000000 -0.00000000
vn 0.59710000 -0.76310000 -0.24730000
vn 0.70710000 0.00000000 -0.70710000
vn 1.00000000 0.00000000 -0.00000000
vn 0.70710000 0.00000000 -0.70710000
vn 0.38270000 0.00000000 -0.92390000
vn 0.59710000 -0.76310000 0.24730000
vn 0.92390000 0.00000000 0.38270000
vn 0.92390000 0.00000000 0.38270000
vn 0.92390000 0.00000000 0.38270000
vn 0.92390000 0.00000000 0.38270000
vn 0.24730000 -0.76310000 0.59710000
vn 0.00000000 0.00000000 1.00000000
vn 0.70710000 0.00000000 0.70710000
vn 0.00000000 0.00000000 1.00000000
vn 0.70710000 0.00000000 0.70710000
vn -0.70710000 0.00000000 0.70710000
vn 0.00000000 0.00000000 1.00000000
vn -0.24730000 -0.76310000 0.59710000
vn -0.70710000 0.00000000 0.70710000
vn 0.00000000 0.00000000 1.00000000
vn -0.59710000 -0.76310000 0.24730000
vn -0.92390000 0.00000000 0.38270000
vn -0.92390000 0.00000000 0.38270000
vn -0.59710000 -0.76310000 -0.24730000
vn -0.92390000 0.00000000 -0.38270000
vn -0.92390000 0.00000000 -0.38270000
vn -0.38270000 0.00000000 -0.92390000
vn -0.24730000 -0.76310000 -0.59710000
vn -0.38270000 0.00000000 -0.92390000
vn 0.22910000 -0.80090000 -0.55320000
vn 0.29770000 0.62830000 -0.71870000
vn 0.22910000 -0.80090000 -0.55320000
vn 0.29770000 0.62830000 -0.71870000
vn 0.55320000 -0.80090000 -0.22910000
vn 0.71870000 0.62840000 -0.29770000
vn 0.55320000 -0.80090000 -0.22910000
vn 0.59710000 0.76310000 -0.24730000
vn 0.24730000 0.76310000 -0.59710000
vn 0.24730000 0.76310000 -0.59710000
vn 0.22910000 -0.80090000 -0.55320000
vn 0.22910000 -0.80090000 -0.55320000
vn 0.55320000 -0.80090000 0.22910000
vn 0.71870000 0.62840000 0.29770000
vn 0.59710000 0.76310000 0.24730000
vn 0.55320000 -0.80090000 0.22910000
vn 0.22910000 -0.80090000 0.55320000
vn 0.29770000 0.62830000 0.71870000
vn 0.24730000 0.76310000 0.59710000
vn 0.22910000 -0.80090000 0.55320000
vn -0.22910000 -0.80090000 0.55320000
vn -0.29770000 0.62830000 0.71870000
vn -0.24730000 0.76310000 0.59710000
vn -0.22920000 -0.80090000 0.55320000
vn -0.55320000 -0.80090000 0.22910000
vn -0.71870000 0.62830000 0.29770000
vn -0.55320000 -0.80090000 0.22910000
vn -0.59710000 0.76310000 0.24730000
vn -0.71870000 0.62830000 -0.29770000
vn -0.55320000 -0.80090000 -0.22910000
vn -0.55320000 -0.80090000 -0.22910000
vn -0.59710000 0.76310000 -0.24730000
vn -0.29770000 0.62830000 -0.71870000
vn -0.22910000 -0.80090000 -0.55320000
vn -0.22910000 -0.80090000 -0.55320000
vn -0.24730000 0.76310000 -0.59710000
vn 0.14760000 -0.75590000 -0.63780000
vn 0.14760000 -0.75590000 -0.63780000
vn 0.14760000 -0.75590000 -0.63780000
vn 0.14760000 -0.75590000 -0.63780000
vn 0.63880000 -0.75510000 -0.14760000
vn 0.63880000 -0.75510000 -0.14760000
vn 0.88790000 -0.27640000 -0.36780000
vn 0.36780000 -0.27640000 -0.88790000
vn 0.36780000 -0.27640000 -0.88790000
vn 0.63890000 -0.75510000 0.14730000
vn 0.63890000 -0.75510000 0.14730000
vn 0.88790000 -0.27640000 0.36780000
vn 0.14790000 -0.78010000 0.60790000
vn 0.14790000 -0.78010000 0.60790000
vn 0.14790000 -0.78010000 0.60790000
vn 0.36780000 -0.27640000 0.88790000
vn -0.14750000 -0.78010000 0.60800000
vn -0.14750000 -0.78010000 0.60800000
vn -0.14750000 -0.78010000 0.60800000
vn -0.36780000 -0.27640000 0.88790000
vn -0.60080000 -0.78570000 0.14770000
vn -0.60080000 -0.78570000 0.14770000
vn -0.88790000 -0.27640000 0.36780000
vn -0.60070000 -0.78560000 -0.14800000
vn -0.60070000 -0.78560000 -0.14800000
vn -0.88790000 -0.27640000 -0.36780000
vn -0.14720000 -0.75590000 -0.63790000
vn -0.14720000 -0.75590000 -0.63790000
vn -0.14720000 -0.75590000 -0.63790000
vn -0.36780000 -0.27640000 -0.88790000
vn 0.24730000 0.76310000 -0.59710000
vn 0.24730000 -0.76310000 -0.59710000
vn 0.24730000 -0.76310000 -0.59710000
vn 0.24730000 0.76310000 -0.59710000
vn 0.59710000 0.76310000 -0.24730000
vn 0.59710000 -0.76310000 -0.24730000
vn 0.59710000 0.76310000 0.24730000
vn 0.59710000 -0.76310000 0.24730000
vn 0.24730000 -0.76310000 0.59710000
vn 0.24730000 0.76310000 0.59710000
vn -0.24730000 -0.76310000 0.59710000
vn -0.24730000 0.76310000 0.59710000
vn -0.59710000 -0.76310000 0.24730000
vn -0.59710000 0.76310000 0.24730000
vn -0.59710000 0.76310000 -0.24730000
vn -0.59710000 -0.76310000 -0.24730000
vn -0.24730000 -0.76310000 -0.59710000
vn -0.24730000 0.76310000 -0.59710000
vn 0.35260000 0.38860000 -0.85130000
vn 0.35260000 0.38860000 -0.85130000
vn 0.85130000 0.38860000 -0.35260000
vn 0.85120000 0.38860000 0.35260000
vn 0.35260000 0.38860000 0.85130000
vn -0.35260000 0.38860000 0.85130000
vn -0.85130000 0.38860000 0.35260000
vn -0.85130000 0.38860000 -0.35260000
vn -0.35260000 0.38860000 -0.85130000
vn 0.00000000 0.00000000 1.00000000
vn 0.00000000 -1.00000000 -0.00000000
vn -1.00000000 0.00000000 -0.00000000
vn 0.00000000 -1.00000000 -0.00000000
vn 0.00000000 -1.00000000 -0.00000000
vn 0.00000000 -1.00000000 -0.00000000
vn 0.00000000 0.00000000 -1.00000000
vn -1.00000000 0.00000000 -0.00000000
vn 0.00000000 1.00000000 -0.00000000
vn 0.00000000 0.00000000 -1.00000000
vn -1.00000000 0.00000000 -0.00000000
vn 0.00000000 1.00000000 -0.00000000
vn -1.00000000 0.00000000 -0.00000000
vn 0.00000000 1.00000000 -0.00000000
vn 0.00000000 0.00000000 1.00000000
vn 1.00000000 0.00000000 -0.00000000
vn 0.00000000 -1.00000000 -0.00000000
vn 0.00000000 -1.00000000 -0.00000000
vn 0.00000000 0.00000000 -1.00000000
vn 1.00000000 0.00000000 -0.00000000
vn 0.00000000 1.00000000 -0.00000000
vn 0.00000000 0.00000000 -1.00000000
vn 0.00000000 -1.00000000 -0.00000000
vn 1.00000000 0.00000000 -0.00000000
vn 0.00000000 0.00000000 1.00000000
vn 0.00000000 -1.00000000 -0.00000000
vn 0.00000000 1.00000000 -0.00000000
vn 1.00000000 0.00000000 -0.00000000
vn 0.00000000 0.00000000 1.00000000
vn 0.00000000 0.00000000 1.00000000
vn 0.00000000 -1.00000000 -0.00000000
vn -1.00000000 0.00000000 -0.00000000
vn 0.00000000 0.00000000 -1.00000000
vn 0.00000000 -1.00000000 -0.00000000
vn -1.00000000 0.00000000 -0.00000000
vn 0.00000000 -1.00000000 -0.00000000
vn 0.00000000 0.00000000 -1.00000000
vn 0.00000000 -1.00000000 -0.00000000
vn 1.00000000 0.00000000 -0.00000000
vn 0.00000000 -1.00000000 -0.00000000
vn 1.00000000 0.00000000 -0.00000000
vn 0.00000000 0.00000000 1.00000000
vn 0.00000000 0.00000000 -1.00000000
vn 0.00000000 1.00000000 -0.00000000
vn -1.00000000 0.00000000 -0.00000000
vn -1.00000000 0.00000000 -0.00000000
vn 0.00000000 0.00000000 1.00000000
vn 0.00000000 1.00000000 -0.00000000
vn 0.00000000 1.00000000 -0.00000000
vn 1.00000000 0.00000000 -0.00000000
vn 0.00000000 0.00000000 1.00000000
vn 1.00000000 0.00000000 -0.00000000
vn 0.00000000 1.00000000 -0.00000000
vn 0.00000000 0.00000000 -1.00000000
vn -0.67560000 -0.29510000 -0.67570000
vn 0.00000000 1.00000000 -0.00000000
vn -0.70710000 0.00000000 -0.70710000
vn 0.00000000 1.00000000 -0.00000000
vn 0.00000000 1.00000000 -0.00000000
vn 0.70710000 0.00000000 -0.70710000
vn 0.70710000 0.00000000 -0.70710000
vn 0.67560000 -0.29510000 -0.67570000
vn 0.67560000 -0.29510000 -0.67570000
vn -0.67560000 -0.29510000 0.67570000
vn 0.00000000 1.00000000 -0.00000000
vn -0.70710000 0.00000000 0.70710000
vn 0.67560000 -0.29510000 0.67570000
vn 0.00000000 1.00000000 -0.00000000
vn 0.70710000 0.00000000 0.70710000
vn 0.46270000 -0.75640000 0.46240000
vn 0.46270000 -0.75640000 0.46240000
vn 0.46270000 -0.75640000 -0.46240000
vn 0.46270000 -0.75640000 -0.46240000
vn -0.46270000 -0.75640000 0.46240000
vn -0.46270000 -0.75640000 0.46240000
vn -0.46270000 -0.75640000 -0.46240000
vn -0.46270000 -0.75640000 -0.46240000
vn 0.21770000 -0.95160000 0.21700000
vn 0.21770000 -0.95160000 0.21700000
vn 0.21650000 -0.95200000 -0.21620000
vn 0.21650000 -0.95200000 -0.21620000
vn -0.21830000 -0.95120000 0.21800000
vn -0.21830000 -0.95120000 0.21800000
vn -0.21710000 -0.95170000 -0.21720000
vn -0.21710000 -0.95170000 -0.21720000
vn -0.38270000 0.00000000 0.92390000
vn -0.38270000 0.00000000 0.92390000
vn -0.24730000 -0.76310000 0.59710000
vn -0.70710000 0.00000000 0.70710000
vn -0.59710000 -0.76310000 0.24730000
vn -0.59710000 -0.76310000 0.24730000
vn -1.00000000 0.00000000 -0.00000000
vn -0.70710000 0.00000000 0.70710000
vn -1.00000000 0.00000000 -0.00000000
vn 0.00000000 0.00000000 1.00000000
vn 0.70710000 0.00000000 0.70710000
vn 0.70710000 0.00000000 0.70710000
vn 0.00000000 0.00000000 1.00000000
vn 0.24730000 -0.76310000 0.59710000
vn 0.92390000 0.00000000 0.38270000
vn 0.59710000 -0.76310000 0.24730000
vn 0.92390000 0.00000000 0.38270000
vn 0.92390000 0.00000000 -0.38270000
vn 0.59710000 -0.76310000 -0.24730000
vn 0.92390000 0.00000000 -0.38270000
vn 0.70710000 0.00000000 -0.70710000
vn 0.00000000 0.00000000 -1.00000000
vn 0.00000000 0.00000000 -1.00000000
vn 0.24730000 -0.76310000 -0.59710000
vn 0.70710000 0.00000000 -0.70710000
vn -0.38270000 0.00000000 -0.92390000
vn -0.38270000 0.00000000 -0.92390000
vn -0.24730000 -0.76310000 -0.59710000
vn -0.70710000 0.00000000 -0.70710000
vn -1.00000000 0.00000000 -0.00000000
vn -0.59710000 -0.76310000 -0.24730000
vn -0.70710000 0.00000000 -0.70710000
vn -1.00000000 0.00000000 -0.00000000
vn -0.22910000 -0.80090000 0.55320000
vn -0.24730000 0.76310000 0.59710000
vn -0.29770000 0.62830000 0.71870000
vn -0.22910000 -0.80090000 0.55320000
vn -0.55320000 -0.80090000 0.22910000
vn -0.71870000 0.62830000 0.29770000
vn -0.55320000 -0.80090000 0.22910000
vn -0.71870000 0.62830000 0.29770000
vn -0.55320000 -0.80090000 0.22910000
vn -0.59710000 0.76310000 0.24730000
vn -0.59710000 0.76310000 0.24730000
vn -0.55320000 -0.80090000 0.22910000
vn 0.24730000 0.76310000 0.59710000
vn 0.22920000 -0.80090000 0.55320000
vn 0.29770000 0.62830000 0.71870000
vn 0.22910000 -0.80090000 0.55320000
vn 0.59710000 0.76310000 0.24730000
vn 0.55320000 -0.80090000 0.22910000
vn 0.71870000 0.62830000 0.29770000
vn 0.55320000 -0.80090000 0.22910000
vn 0.59710000 0.76310000 -0.24730000
vn 0.55320000 -0.80090000 -0.22910000
vn 0.71870000 0.62830000 -0.29770000
vn 0.55320000 -0.80090000 -0.22910000
vn 0.24730000 0.76310000 -0.59710000
vn 0.22920000 -0.80090000 -0.55320000
vn 0.29770000 0.62830000 -0.71870000
vn 0.22910000 -0.80090000 -0.55320000
vn -0.22910000 -0.80090000 -0.55320000
vn -0.24730000 0.76310000 -0.59710000
vn -0.29770000 0.62830000 -0.71870000
vn -0.22910000 -0.80090000 -0.55320000
vn -0.55320000 -0.80090000 -0.22910000
vn -0.59710000 0.76310000 -0.24730000
vn -0.71870000 0.62830000 -0.29770000
vn -0.55320000 -0.80090000 -0.22910000
vn -0.36780000 -0.27640000 0.88790000
vn -0.14760000 -0.75510000 0.63880000
vn -0.14760000 -0.75510000 0.63880000
vn -0.63780000 -0.75590000 0.14760000
vn -0.63780000 -0.75590000 0.14760000
vn -0.63780000 -0.75590000 0.14760000
vn -0.63780000 -0.75590000 0.14760000
vn -0.88790000 -0.27640000 0.36780000
vn -0.88790000 -0.27640000 0.36780000
vn 0.36780000 -0.27640000 0.88790000
vn 0.14730000 -0.75510000 0.63890000
vn 0.14730000 -0.75510000 0.63890000
vn 0.88790000 -0.27640000 0.36780000
vn 0.60790000 -0.78010000 0.14790000
vn 0.60790000 -0.78010000 0.14790000
vn 0.60790000 -0.78010000 0.14790000
vn 0.88790000 -0.27640000 -0.36780000
vn 0.60790000 -0.78010000 -0.14750000
vn 0.60790000 -0.78010000 -0.14750000
vn 0.60790000 -0.78010000 -0.14750000
vn 0.36780000 -0.27640000 -0.88790000
vn 0.14770000 -0.78570000 -0.60080000
vn 0.14770000 -0.78570000 -0.60080000
vn -0.36780000 -0.27640000 -0.88790000
vn -0.14800000 -0.78560000 -0.60070000
vn -0.14800000 -0.78560000 -0.60070000
vn -0.88790000 -0.27640000 -0.36780000
vn -0.63790000 -0.75590000 -0.14720000
vn -0.63790000 -0.75590000 -0.14720000
vn -0.63790000 -0.75590000 -0.14720000
vn -0.24730000 -0.76310000 0.59710000
vn -0.24730000 0.76310000 0.59710000
vn -0.59710000 -0.76310000 0.24730000
vn -0.59710000 -0.76310000 0.24730000
vn -0.59710000 0.76310000 0.24730000
vn -0.59710000 0.76310000 0.24730000
vn 0.24730000 0.76310000 0.59710000
vn 0.24730000 -0.76310000 0.59710000
vn 0.59710000 -0.76310000 0.24730000
vn 0.59710000 0.76310000 0.24730000
vn 0.59710000 0.76310000 -0.24730000
vn 0.59710000 -0.76310000 -0.24730000
vn 0.24730000 -0.76310000 -0.59710000
vn 0.24730000 0.76310000 -0.59710000
vn -0.24730000 0.76310000 -0.59710000
vn -0.24730000 -0.76310000 -0.59710000
vn -0.59710000 -0.76310000 -0.24730000
vn -0.59710000 0.76310000 -0.24730000
vn -0.85130000 0.38860000 0.35260000
vn -0.85130000 0.38860000 0.35260000
vn -0.35260000 0.38860000 0.85130000
vn 0.35260000 0.38860000 0.85130000
vn 0.85130000 0.38860000 0.35260000
vn 0.85130000 0.38860000 -0.35260000
vn 0.35260000 0.38860000 -0.85130000
vn -0.35260000 0.38860000 -0.85130000
vn -0.85130000 0.38860000 -0.35260000
vn 0.00000000 1.00000000 -0.00000000
vn 0.00000000 0.00000000 -1.00000000
vn -1.00000000 0.00000000 -0.00000000
vn 0.00000000 -1.00000000 -0.00000000
vn 0.00000000 -1.00000000 -0.00000000
vn 0.00000000 0.00000000 -1.00000000
vn -1.00000000 0.00000000 -0.00000000
vn 0.00000000 0.00000000 -1.00000000
vn 0.00000000 -1.00000000 -0.00000000
vn 0.00000000 -1.00000000 -0.00000000
vn 1.00000000 0.00000000 -0.00000000
vn 0.00000000 0.00000000 -1.00000000
vn 1.00000000 0.00000000 -0.00000000
vn 0.00000000 1.00000000 -0.00000000
vn 0.00000000 1.00000000 -0.00000000
vn -1.00000000 0.00000000 -0.00000000
vn 0.00000000 0.00000000 1.00000000
vn 0.00000000 1.00000000 -0.00000000
vn 0.00000000 -1.00000000 -0.00000000
vn -1.00000000 0.00000000 -0.00000000
vn 0.00000000 -1.00000000 -0.00000000
vn 0.00000000 0.00000000 1.00000000
vn 1.00000000 0.00000000 -0.00000000
vn 0.00000000 0.00000000 1.00000000
vn 0.00000000 1.00000000 -0.00000000
vn 1.00000000 0.00000000 -0.00000000
vn 0.00000000 -1.00000000 -0.00000000
vn 0.00000000 0.00000000 1.00000000
vn 0.00000000 -1.00000000 -0.00000000
vn 0.00000000 0.00000000 -1.00000000
vn 1.00000000 0.00000000 -0.00000000
vn 0.00000000 -1.00000000 -0.00000000
vn -1.00000000 0.00000000 -0.00000000
vn 0.00000000 0.00000000 -1.00000000
vn 0.00000000 -1.00000000 -0.00000000
vn 0.00000000 -1.00000000 -0.00000000
vn -1.00000000 0.00000000 -0.00000000
vn 0.00000000 0.00000000 1.00000000
vn 0.00000000 -1.00000000 -0.00000000
vn 0.00000000 -1.00000000 -0.00000000
vn 1.00000000 0.00000000 -0.00000000
vn 0.00000000 0.00000000 1.00000000
vn 0.00000000 0.00000000 -1.00000000
vn 1.00000000 0.00000000 -0.00000000
vn 0.00000000 1.00000000 -0.00000000
vn -1.00000000 0.00000000 -0.00000000
vn 0.00000000 0.00000000 -1.00000000
vn 0.00000000 1.00000000 -0.00000000
vn 0.00000000 0.00000000 1.00000000
vn -1.00000000 0.00000000 -0.00000000
vn 0.00000000 1.00000000 -0.00000000
vn 1.00000000 0.00000000 -0.00000000
vn 0.00000000 0.00000000 1.00000000
vn 0.00000000 1.00000000 -0.00000000
vn 0.70710000 0.00000000 0.70710000
vn 0.70710000 0.00000000 0.70710000
vn 0.00000000 1.00000000 -0.00000000
vn 0.00000000 1.00000000 -0.00000000
vn -0.70710000 0.00000000 0.70710000
vn 0.00000000 1.00000000 -0.00000000
vn -0.67560000 -0.29510000 0.67570000
vn 0.67560000 -0.29510000 0.67570000
vn 0.67560000 -0.29510000 0.67570000
vn 0.00000000 1.00000000 -0.00000000
vn -0.70710000 0.00000000 -0.70710000
vn -0.67560000 -0.29510000 -0.67570000
vn 0.00000000 1.00000000 -0.00000000
vn 0.70710000 0.00000000 -0.70710000
vn 0.67560000 -0.29510000 -0.67570000
vn 0.46270000 -0.75640000 0.46240000
vn 0.46270000 -0.75640000 0.46240000
vn 0.46270000 -0.75640000 -0.46240000
vn 0.46270000 -0.75640000 -0.46240000
vn -0.46270000 -0.75640000 -0.46240000
vn -0.46270000 -0.75640000 -0.46240000
vn -0.46270000 -0.75640000 0.46240000
vn -0.46270000 -0.75640000 0.46240000
vn 0.21650000 -0.95200000 0.21620000
vn 0.21650000 -0.95200000 0.21620000
vn 0.21770000 -0.95160000 -0.21700000
vn 0.21770000 -0.95160000 -0.21700000
vn -0.21830000 -0.95120000 -0.21800000
vn -0.21830000 -0.95120000 -0.21800000
vn -0.21710000 -0.95170000 0.21720000
vn -0.21710000 -0.95170000 0.21720000
vn -0.59710000 -0.76310000 -0.24730000
vn -0.92390000 0.00000000 -0.38270000
vn -0.59710000 -0.76310000 -0.24730000
vn -0.70710000 0.00000000 -0.70710000
vn -0.24730000 -0.76310000 -0.59710000
vn 0.00000000 0.00000000 -1.00000000
vn -0.70710000 0.00000000 -0.70710000
vn 0.00000000 0.00000000 -1.00000000
vn -0.92390000 0.00000000 -0.38270000
vn 0.24730000 -0.76310000 -0.59710000
vn 0.70710000 0.00000000 -0.70710000
vn 0.00000000 0.00000000 -1.00000000
vn 0.70710000 0.00000000 -0.70710000
vn 0.00000000 0.00000000 -1.00000000
vn 0.59710000 -0.76310000 -0.24730000
vn 0.92390000 0.00000000 -0.38270000
vn 0.92390000 0.00000000 -0.38270000
vn 0.59710000 -0.76310000 0.24730000
vn 0.92390000 0.00000000 0.38270000
vn 0.92390000 0.00000000 0.38270000
vn 0.70710000 0.00000000 0.70710000
vn 0.24730000 -0.76310000 0.59710000
vn 0.00000000 0.00000000 1.00000000
vn 0.00000000 0.00000000 1.00000000
vn 0.70710000 0.00000000 0.70710000
vn -0.70710000 0.00000000 0.70710000
vn -0.24730000 -0.76310000 0.59710000
vn 0.00000000 0.00000000 1.00000000
vn -0.70710000 0.00000000 0.70710000
vn 0.00000000 0.00000000 1.00000000
vn -0.59710000 -0.76310000 0.24730000
vn -0.92390000 0.00000000 0.38270000
vn -0.92390000 0.00000000 0.38270000
vn -0.71870000 0.62840000 -0.29770000
vn -0.71870000 0.62840000 -0.29770000
vn -0.55320000 -0.80090000 -0.22910000
vn -0.55320000 -0.80090000 -0.22910000
vn -0.29770000 0.62830000 -0.71880000
vn -0.22910000 -0.80090000 -0.55320000
vn -0.24730000 0.76310000 -0.59710000
vn -0.22910000 -0.80090000 -0.55320000
vn -0.59710000 0.76310000 -0.24730000
vn -0.55320000 -0.80090000 -0.22910000
vn -0.59710000 0.76310000 -0.24730000
vn -0.55320000 -0.80090000 -0.22910000
vn 0.22910000 -0.80090000 -0.55320000
vn 0.29770000 0.62830000 -0.71870000
vn 0.22920000 -0.80090000 -0.55320000
vn 0.24730000 0.76310000 -0.59710000
vn 0.71870000 0.62830000 -0.29770000
vn 0.55320000 -0.80090000 -0.22910000
vn 0.55320000 -0.80090000 -0.22910000
vn 0.59710000 0.76310000 -0.24730000
vn 0.71870000 0.62830000 0.29770000
vn 0.55320000 -0.80090000 0.22910000
vn 0.55320000 -0.80090000 0.22910000
vn 0.59710000 0.76310000 0.24730000
vn 0.29770000 0.62830000 0.71870000
vn 0.22910000 -0.80090000 0.55320000
vn 0.22920000 -0.80090000 0.55320000
vn 0.24730000 0.76310000 0.59710000
vn -0.22910000 -0.80090000 0.55320000
vn -0.29770000 0.62830000 0.71880000
vn -0.22920000 -0.80090000 0.55320000
vn -0.24730000 0.76310000 0.59710000
vn -0.55320000 -0.80090000 0.22910000
vn -0.71870000 0.62840000 0.29770000
vn -0.59710000 0.76310000 0.24730000
vn -0.55320000 -0.80090000 0.22910000
vn -0.63790000 -0.75590000 -0.14760000
vn -0.63790000 -0.75590000 -0.14760000
vn -0.63790000 -0.75590000 -0.14760000
vn -0.63790000 -0.75590000 -0.14760000
vn -0.14760000 -0.75510000 -0.63880000
vn -0.14760000 -0.75510000 -0.63880000
vn -0.36780000 -0.27640000 -0.88790000
vn -0.88790000 -0.27640000 -0.36780000
vn -0.88790000 -0.27640000 -0.36780000
vn 0.14730000 -0.75510000 -0.63890000
vn 0.14730000 -0.75510000 -0.63890000
vn 0.36780000 -0.27640000 -0.88790000
vn 0.60790000 -0.78010000 -0.14790000
vn 0.60790000 -0.78010000 -0.14790000
vn 0.60790000 -0.78010000 -0.14790000
vn 0.88790000 -0.27640000 -0.36780000
vn 0.60790000 -0.78020000 0.14750000
vn 0.60790000 -0.78020000 0.14750000
vn 0.60790000 -0.78020000 0.14750000
vn 0.88790000 -0.27640000 0.36780000
vn 0.14770000 -0.78570000 0.60080000
vn 0.14770000 -0.78570000 0.60080000
vn 0.36780000 -0.27640000 0.88790000
vn -0.14800000 -0.78560000 0.60070000
vn -0.14800000 -0.78560000 0.60070000
vn -0.36780000 -0.27640000 0.88790000
vn -0.63790000 -0.75590000 0.14720000
vn -0.63790000 -0.75590000 0.14720000
vn -0.63790000 -0.75590000 0.14720000
vn -0.88790000 -0.27640000 0.36780000
vn -0.59710000 -0.76310000 -0.24730000
vn -0.59710000 0.76310000 -0.24730000
vn -0.59710000 0.76310000 -0.24730000
vn -0.59710000 -0.76310000 -0.24730000
vn -0.24730000 0.76310000 -0.59710000
vn -0.24730000 -0.76310000 -0.59710000
vn 0.24730000 -0.76310000 -0.59710000
vn 0.24730000 0.76310000 -0.59710000
vn 0.59710000 -0.76310000 -0.24730000
vn 0.59710000 0.76310000 -0.24730000
vn 0.59710000 -0.76310000 0.24730000
vn 0.59710000 0.76310000 0.24730000
vn 0.24730000 0.76310000 0.59710000
vn 0.24730000 -0.76310000 0.59710000
vn -0.24730000 -0.76310000 0.59710000
vn -0.24730000 0.76310000 0.59710000
vn -0.59710000 -0.76310000 0.24730000
vn -0.59710000 0.76310000 0.24730000
vn -0.85120000 0.38860000 -0.35260000
vn -0.85120000 0.38860000 -0.35260000
vn -0.35260000 0.38860000 -0.85130000
vn 0.35260000 0.38860000 -0.85130000
vn 0.85130000 0.38860000 -0.35260000
vn 0.85130000 0.38860000 0.35260000
vn 0.35260000 0.38860000 0.85130000
vn -0.35260000 0.38860000 0.85130000
vn -0.85120000 0.38860000 0.35260000
vn 1.00000000 0.00000000 -0.00000000
vn 0.00000000 -1.00000000 -0.00000000
vn 0.00000000 -1.00000000 -0.00000000
vn 0.00000000 0.00000000 1.00000000
vn 0.00000000 0.00000000 1.00000000
vn 0.00000000 -1.00000000 -0.00000000
vn -1.00000000 0.00000000 -0.00000000
vn 0.00000000 -1.00000000 -0.00000000
vn -1.00000000 0.00000000 -0.00000000
vn 0.00000000 0.00000000 1.00000000
vn 0.00000000 1.00000000 -0.00000000
vn 0.00000000 1.00000000 -0.00000000
vn 1.00000000 0.00000000 -0.00000000
vn 0.00000000 1.00000000 -0.00000000
vn 0.00000000 0.00000000 1.00000000
vn 0.00000000 -1.00000000 -0.00000000
vn 0.00000000 0.00000000 -1.00000000
vn 0.00000000 -1.00000000 -0.00000000
vn -1.00000000 0.00000000 -0.00000000
vn 0.00000000 0.00000000 -1.00000000
vn 0.00000000 1.00000000 -0.00000000
vn -1.00000000 0.00000000 -0.00000000
vn 0.00000000 -1.00000000 -0.00000000
vn 1.00000000 0.00000000 -0.00000000
vn 0.00000000 -1.00000000 -0.00000000
vn 0.00000000 0.00000000 -1.00000000
vn 0.00000000 1.00000000 -0.00000000
vn 0.00000000 0.00000000 -1.00000000
vn 1.00000000 0.00000000 -0.00000000
vn 1.00000000 0.00000000 -0.00000000
vn 0.00000000 -1.00000000 -0.00000000
vn 0.00000000 0.00000000 1.00000000
vn -1.00000000 0.00000000 -0.00000000
vn 0.00000000 -1.00000000 -0.00000000
vn 0.00000000 0.00000000 1.00000000
vn -1.00000000 0.00000000 -0.00000000
vn 0.00000000 0.00000000 -1.00000000
vn 0.00000000 -1.00000000 -0.00000000
vn 0.00000000 -1.00000000 -0.00000000
vn 0.00000000 0.00000000 -1.00000000
vn 1.00000000 0.00000000 -0.00000000
vn 0.00000000 -1.00000000 -0.00000000
vn -0.00000000 1.00000000 0.00000000
vn 0.00000000 0.00000000 -1.00000000
vn 1.00000000 0.00000000 -0.00000000
vn 0.00000000 0.00000000 -1.00000000
vn 1.00000000 0.00000000 -0.00000000
vn -0.00000000 1.00000000 0.00000000
vn -0.00000000 1.00000000 0.00000000
vn 0.00000000 0.00000000 1.00000000
vn -0.00000000 1.00000000 -0.00000000
vn 0.00000000 1.00000000 -0.00000000
vn 0.00000000 0.00000000 1.00000000
vn 1.00000000 0.00000000 -0.00000000
vn 0.00000000 1.00000000 -0.00000000
vn 0.70710000 0.00000000 0.70710000
vn 0.00000000 1.00000000 -0.00000000
vn 0.70710000 0.00000000 0.70710000
vn 0.00000000 1.00000000 -0.00000000
vn 0.00000000 0.00000000 1.00000000
vn -0.00000000 -0.25840000 0.96600000
vn 0.67610000 -0.30730000 0.66960000
vn 0.67610000 -0.30730000 0.66960000
vn 0.00000000 1.00000000 -0.00000000
vn 0.70710000 0.00000000 -0.70710000
vn 0.67610000 -0.30730000 -0.66960000
vn 0.43760000 -0.77280000 0.45960000
vn 0.43760000 -0.77280000 0.45960000
vn 0.43760000 -0.77280000 -0.45960000
vn 0.43760000 -0.77280000 -0.45960000
vn 0.34330000 -0.87430000 -0.34330000
vn 0.64940000 -0.39570000 -0.64940000
vn 0.19180000 -0.95690000 0.21800000
vn 0.19180000 -0.95690000 0.21800000
vn 0.19280000 -0.95660000 -0.21870000
vn 0.19280000 -0.95660000 -0.21870000
vn -0.00000000 -0.72040000 0.69350000
vn 0.00000000 -0.86290000 0.50540000
vn 0.21500000 -0.76820000 -0.60300000
vn 0.00000000 0.00000000 -1.00000000
vn 0.66070000 0.00000000 -0.75070000
vn 0.66070000 0.00000000 -0.75070000
vn 1.00000000 0.00000000 -0.00000000
vn 0.54630000 -0.79550000 -0.26200000
vn 0.66070000 0.00000000 -0.75070000
vn 1.00000000 0.00000000 -0.00000000
vn 0.66070000 0.00000000 -0.75070000
vn 0.00000000 0.00000000 -1.00000000
vn 0.66070000 0.00000000 0.75070000
vn 0.54630000 -0.79550000 0.26200000
vn 1.00000000 0.00000000 -0.00000000
vn 1.00000000 0.00000000 -0.00000000
vn 0.66070000 0.00000000 0.75070000
vn 0.21500000 -0.76820000 0.60300000
vn 0.00000000 0.00000000 1.00000000
vn 0.66070000 0.00000000 0.75070000
vn 0.00000000 0.00000000 1.00000000
vn 0.66070000 0.00000000 0.75070000
vn 0.00000000 0.00000000 1.00000000
vn 0.00000000 -0.73710000 0.67570000
vn 0.00000000 0.00000000 1.00000000
vn 0.27940000 0.63530000 -0.71990000
vn 0.21520000 -0.80620000 -0.55110000
vn 0.51020000 -0.83060000 -0.22310000
vn 0.68030000 0.66920000 -0.29900000
vn 0.54630000 0.79550000 -0.26200000
vn 0.50280000 -0.82980000 -0.24210000
vn 0.21500000 0.76820000 -0.60300000
vn 0.19830000 -0.80550000 -0.55840000
vn 0.51020000 -0.83060000 0.22310000
vn 0.68030000 0.66920000 0.29900000
vn 0.54630000 0.79550000 0.26200000
vn 0.50280000 -0.82980000 0.24210000
vn 0.21520000 -0.80620000 0.55110000
vn 0.27940000 0.63530000 0.71990000
vn 0.21500000 0.76820000 0.60300000
vn 0.19830000 -0.80550000 0.55840000
vn 0.00000000 0.59800000 0.80150000
vn 0.00000000 -0.77740000 0.62910000
vn 0.00000000 0.73710000 0.67580000
vn 0.00000000 -0.77740000 0.62910000
vn 0.13860000 -0.75070000 -0.64600000
vn 0.13860000 -0.75070000 -0.64600000
vn 0.55880000 -0.81610000 -0.14730000
vn 0.55880000 -0.81610000 -0.14730000
vn 0.55880000 -0.81610000 -0.14730000
vn 0.86520000 -0.30310000 -0.39940000
vn 0.33340000 -0.27830000 -0.90080000
vn 0.55880000 -0.81620000 0.14690000
vn 0.55880000 -0.81620000 0.14690000
vn 0.55880000 -0.81620000 0.14690000
vn 0.86520000 -0.30310000 0.39940000
vn 0.13900000 -0.78150000 0.60820000
vn 0.13900000 -0.78150000 0.60820000
vn 0.33340000 -0.27830000 0.90080000
vn 0.00000000 -0.69450000 0.71950000
vn 0.00000000 -0.69450000 0.71950000
vn 0.00000000 -0.24040000 0.97070000
vn 0.48170000 -0.73200000 -0.48170000
vn 0.48170000 -0.73200000 -0.48170000
vn 0.31860000 -0.89270000 -0.31860000
vn 0.38460000 -0.83910000 -0.38460000
vn 0.00000000 0.00000000 -1.00000000
vn 1.00000000 0.00000000 -0.00000000
vn 0.38460000 0.83910000 -0.38460000
vn 0.38460000 -0.83910000 -0.38460000
vn 0.23220000 0.76900000 -0.59560000
vn 0.23220000 -0.76900000 -0.59560000
vn 0.55410000 -0.79640000 -0.24250000
vn 0.55410000 0.79640000 -0.24250000
vn 0.55410000 0.79640000 0.24250000
vn 0.55410000 -0.79640000 0.24250000
vn 0.23220000 0.76900000 0.59560000
vn 0.23220000 -0.76900000 0.59560000
vn 0.38460000 0.83910000 -0.38460000
vn 0.35120000 -0.86800000 -0.35120000
vn 0.65490000 0.37720000 -0.65490000
vn 0.68140000 -0.26700000 -0.68140000
vn 0.31950000 0.39110000 -0.86310000
vn 0.82270000 0.42290000 -0.37980000
vn 0.82270000 0.42290000 0.37980000
vn 0.31950000 0.39110000 0.86310000
vn 0.35110000 -0.86800000 -0.35120000
vn 0.48630000 0.72590000 -0.48640000
vn 1.00000000 0.00000000 -0.00000000
vn 0.00000000 -1.00000000 -0.00000000
vn 0.00000000 -1.00000000 -0.00000000
vn 0.00000000 0.00000000 1.00000000
vn 0.00000000 -1.00000000 -0.00000000
vn 0.00000000 0.00000000 1.00000000
vn 0.00000000 0.00000000 1.00000000
vn 0.00000000 1.00000000 -0.00000000
vn 0.00000000 1.00000000 -0.00000000
vn 0.00000000 0.00000000 1.00000000
vn 1.00000000 0.00000000 -0.00000000
vn 0.00000000 1.00000000 -0.00000000
vn 0.00000000 -1.00000000 -0.00000000
vn 0.00000000 0.00000000 -1.00000000
vn 1.00000000 0.00000000 -0.00000000
vn 0.00000000 -1.00000000 -0.00000000
vn 0.00000000 1.00000000 -0.00000000
vn 1.00000000 0.00000000 -0.00000000
vn 0.00000000 0.00000000 -1.00000000
vn 0.00000000 -1.00000000 -0.00000000
vn 1.00000000 0.00000000 -0.00000000
vn 0.00000000 0.00000000 -1.00000000
vn 1.00000000 0.00000000 -0.00000000
vn 0.00000000 -1.00000000 -0.00000000
vn 0.00000000 0.00000000 -1.00000000
vn 0.00000000 0.00000000 1.00000000
vn 0.00000000 -1.00000000 -0.00000000
vn 1.00000000 0.00000000 -0.00000000
vn 0.00000000 -1.00000000 -0.00000000
vn 1.00000000 0.00000000 -0.00000000
vn 0.00000000 0.00000000 -1.00000000
vn 0.00000000 -0.73710000 0.67570000
vn -0.00000000 0.73710000 0.67580000
vn 0.00000000 0.34080000 0.94010000
vn 0.00000000 0.00000000 1.00000000
vn 0.00000000 -1.00000000 -0.00000000
vn 0.00000000 0.00000000 1.00000000
vn -0.66070000 0.00000000 0.75070000
vn -0.21500000 -0.76820000 0.60300000
vn 0.00000000 0.00000000 1.00000000
vn -0.66070000 0.00000000 0.75070000
vn -0.21500000 0.76820000 0.60300000
vn -0.19830000 -0.80550000 0.55840000
vn -0.21520000 -0.80620000 0.55110000
vn -0.27940000 0.63530000 0.71990000
vn -0.33340000 -0.27830000 0.90080000
vn -0.13900000 -0.78150000 0.60820000
vn -0.13900000 -0.78150000 0.60820000
vn -0.23220000 0.76890000 0.59560000
vn -0.23220000 -0.76890000 0.59560000
vn -0.46160000 0.75750000 0.46160000
vn -0.46160000 -0.75750000 0.46160000
vn -0.70710000 0.00000000 0.70710000
vn -0.70710000 0.00000000 0.70710000
vn -0.46160000 -0.75750000 0.46160000
vn -0.46160000 0.75750000 0.46160000
vn -0.42810000 -0.79590000 0.42810000
vn -0.68370000 -0.25510000 0.68370000
vn -0.65950000 0.36050000 0.65960000
vn -0.31950000 0.39110000 0.86310000
vn -0.42810000 -0.79590000 0.42810000
vn -0.55380000 0.62170000 0.55380000
vn -0.67560000 -0.29530000 0.67560000
vn -0.46240000 -0.75660000 0.46240000
vn -0.25980000 -0.93000000 0.25980000
vn -0.24840000 -0.93620000 0.24880000
vn -1.00000000 0.00000000 -0.00000000
vn 0.00000000 1.00000000 -0.00000000
vn 0.00000000 0.00000000 1.00000000
vn 0.00000000 -1.00000000 -0.00000000
vn -1.00000000 0.00000000 -0.00000000
vn 0.00000000 0.00000000 1.00000000
vn 0.00000000 0.00000000 1.00000000
vn 0.00000000 -1.00000000 -0.00000000
vn -1.00000000 0.00000000 -0.00000000
vn 0.00000000 1.00000000 -0.00000000
vn 0.70710000 0.00000000 -0.70710000
vn 1.00000000 0.00000000 -0.00000000
vn 0.00000000 0.00000000 -1.00000000
vn 0.00000000 0.00000000 -1.00000000
vn 0.00000000 1.00000000 -0.00000000
vn 1.00000000 0.00000000 -0.00000000
vn -0.70710000 0.00000000 0.70710000
vn 0.00000000 1.00000000 -0.00000000
vn -0.70710000 0.00000000 0.70710000
vn -0.70710000 0.00000000 0.70710000
vn -0.36570000 -0.85580000 0.36570000
vn -0.36570000 -0.85580000 0.36570000
vn 0.00000000 0.00000000 1.00000000
vn -1.00000000 0.00000000 -0.00000000
vn 0.00000000 1.00000000 -0.00000000
vn -0.00000000 0.00000000 -1.00000000
vn 1.00000000 0.00000000 -0.00000000
vn -0.00000000 1.00000000 0.00000000
vn -1.00000000 0.00000000 -0.00000000
vn 0.00000000 1.00000000 0.00000000
vn 0.00000000 1.00000000 -0.00000000
vn -1.00000000 0.00000000 -0.00000000
vn -0.00000000 0.00000000 -1.00000000
vn -0.96600000 -0.25840000 -0.00000000
vn 0.00000000 1.00000000 -0.00000000
vn -1.00000000 0.00000000 -0.00000000
vn 0.00000000 1.00000000 -0.00000000
vn 0.00000000 1.00000000 -0.00000000
vn -0.70710000 0.00000000 -0.70710000
vn -0.70710000 0.00000000 -0.70710000
vn -0.66960000 -0.30730000 -0.67610000
vn -0.66960000 -0.30730000 -0.67610000
vn 0.00000000 1.00000000 -0.00000000
vn 0.70710000 0.00000000 -0.70710000
vn 0.66960000 -0.30730000 -0.67610000
vn 0.45960000 -0.77280000 -0.43760000
vn 0.45960000 -0.77280000 -0.43760000
vn -0.45960000 -0.77280000 -0.43760000
vn -0.45960000 -0.77280000 -0.43760000
vn 0.21870000 -0.95660000 -0.19280000
vn 0.21870000 -0.95660000 -0.19280000
vn -0.21800000 -0.95690000 -0.19180000
vn -0.21800000 -0.95690000 -0.19180000
vn -0.50550000 -0.86290000 -0.00000000
vn -0.69350000 -0.72040000 -0.00000000
vn 0.75070000 0.00000000 -0.66070000
vn 0.00000000 0.00000000 -1.00000000
vn 0.75070000 0.00000000 -0.66070000
vn 0.00000000 0.00000000 -1.00000000
vn 0.26200000 -0.79550000 -0.54630000
vn 0.75070000 0.00000000 -0.66070000
vn 0.60300000 -0.76820000 -0.21500000
vn 1.00000000 0.00000000 -0.00000000
vn 1.00000000 0.00000000 -0.00000000
vn 0.75070000 0.00000000 -0.66070000
vn 0.00000000 0.00000000 -1.00000000
vn -0.75070000 0.00000000 -0.66070000
vn -0.75070000 0.00000000 -0.66070000
vn 0.00000000 0.00000000 -1.00000000
vn -0.26210000 -0.79550000 -0.54630000
vn -0.75070000 0.00000000 -0.66070000
vn -1.00000000 0.00000000 -0.00000000
vn -0.75070000 0.00000000 -0.66070000
vn -0.60300000 -0.76820000 -0.21500000
vn -1.00000000 0.00000000 -0.00000000
vn -1.00000000 0.00000000 -0.00000000
vn -1.00000000 0.00000000 -0.00000000
vn -0.67570000 -0.73710000 -0.00000000
vn 0.26200000 0.79550000 -0.54630000
vn 0.24200000 -0.82980000 -0.50280000
vn 0.22310000 -0.83060000 -0.51020000
vn 0.29900000 0.66920000 -0.68030000
vn 0.55110000 -0.80620000 -0.21510000
vn 0.71990000 0.63540000 -0.27940000
vn 0.60300000 0.76820000 -0.21500000
vn 0.55840000 -0.80550000 -0.19830000
vn -0.24210000 -0.82980000 -0.50280000
vn -0.26200000 0.79550000 -0.54630000
vn -0.22310000 -0.83060000 -0.51030000
vn -0.29900000 0.66920000 -0.68030000
vn -0.55850000 -0.80550000 -0.19830000
vn -0.60300000 0.76820000 -0.21500000
vn -0.71990000 0.63530000 -0.27940000
vn -0.55110000 -0.80620000 -0.21520000
vn -0.62910000 -0.77740000 -0.00000000
vn -0.67580000 0.73710000 -0.00000000
vn -0.62910000 -0.77740000 -0.00000000
vn -0.80150000 0.59800000 -0.00000000
vn 0.39940000 -0.30310000 -0.86520000
vn 0.14730000 -0.81610000 -0.55880000
vn 0.14730000 -0.81610000 -0.55880000
vn 0.14730000 -0.81610000 -0.55880000
vn 0.64600000 -0.75070000 -0.13860000
vn 0.64600000 -0.75070000 -0.13860000
vn 0.90080000 -0.27830000 -0.33340000
vn -0.39940000 -0.30310000 -0.86520000
vn -0.14690000 -0.81620000 -0.55880000
vn -0.14690000 -0.81620000 -0.55880000
vn -0.14690000 -0.81620000 -0.55880000
vn -0.90080000 -0.27830000 -0.33340000
vn -0.60820000 -0.78150000 -0.13900000
vn -0.60820000 -0.78150000 -0.13900000
vn -0.97070000 -0.24040000 -0.00000000
vn -0.71950000 -0.69450000 -0.00000000
vn -0.71950000 -0.69450000 -0.00000000
vn 0.59560000 0.76900000 -0.23220000
vn 0.59560000 -0.76900000 -0.23220000
vn 0.24250000 0.79640000 -0.55410000
vn 0.24250000 -0.79640000 -0.55410000
vn -0.24250000 0.79630000 -0.55410000
vn -0.24250000 -0.79630000 -0.55410000
vn -0.59560000 -0.76900000 -0.23220000
vn -0.59560000 0.76900000 -0.23220000
vn 0.86310000 0.39110000 -0.31950000
vn 0.37980000 0.42290000 -0.82270000
vn -0.37980000 0.42290000 -0.82270000
vn -0.86310000 0.39110000 -0.31950000
vn 0.00000000 1.00000000 -0.00000000
vn -1.00000000 0.00000000 -0.00000000
vn 0.00000000 -1.00000000 -0.00000000
vn -1.00000000 0.00000000 -0.00000000
vn -0.00000000 0.00000000 -1.00000000
vn 0.00000000 -1.00000000 -0.00000000
vn -1.00000000 0.00000000 -0.00000000
vn 0.00000000 -1.00000000 -0.00000000
vn -1.00000000 0.00000000 -0.00000000
vn 0.00000000 1.00000000 -0.00000000
vn -0.00000000 0.00000000 -1.00000000
vn 0.00000000 1.00000000 -0.00000000
vn 0.00000000 -1.00000000 -0.00000000
vn 1.00000000 0.00000000 -0.00000000
vn 0.00000000 -1.00000000 -0.00000000
vn -0.00000000 0.00000000 -1.00000000
vn 0.00000000 1.00000000 -0.00000000
vn 1.00000000 0.00000000 -0.00000000
vn -0.00000000 0.00000000 -1.00000000
vn -0.00000000 0.00000000 -1.00000000
vn 0.00000000 -1.00000000 -0.00000000
vn 1.00000000 0.00000000 -0.00000000
vn -0.00000000 0.00000000 -1.00000000
vn 0.00000000 -1.00000000 -0.00000000
vn -1.00000000 0.00000000 -0.00000000
vn -0.67570000 -0.73710000 0.00000000
vn -0.67580000 0.73710000 -0.00000000
vn -0.94010000 0.34080000 -0.00000000
vn -1.00000000 0.00000000 -0.00000000
vn 0.00000000 -1.00000000 -0.00000000
vn -1.00000000 0.00000000 -0.00000000
vn -0.75070000 0.00000000 0.66070000
vn -0.60300000 -0.76820000 0.21500000
vn -0.75070000 0.00000000 0.66070000
vn -1.00000000 0.00000000 -0.00000000
vn -0.60300000 0.76820000 0.21500000
vn -0.55850000 -0.80550000 0.19830000
vn -0.71990000 0.63530000 0.27940000
vn -0.55110000 -0.80620000 0.21520000
vn -0.90080000 -0.27830000 0.33340000
vn -0.60820000 -0.78150000 0.13900000
vn -0.60820000 -0.78150000 0.13900000
vn -0.59560000 -0.76900000 0.23220000
vn -0.59560000 0.76900000 0.23220000
vn -0.86310000 0.39110000 0.31950000
vn -0.00000000 1.00000000 -0.00000000
vn 0.00000000 0.00000000 1.00000000
vn -0.00000000 1.00000000 -0.00000000
vn 1.00000000 0.00000000 -0.00000000
vn -0.00000000 1.00000000 -0.00000000
vn 0.00000000 0.00000000 1.00000000
vn 1.00000000 0.00000000 -0.00000000
vn 0.00000000 0.00000000 -1.00000000
vn -0.00000000 1.00000000 0.00000000
vn 0.00000000 1.00000000 -0.00000000
vn 1.00000000 0.00000000 -0.00000000
vn 0.00000000 0.00000000 -1.00000000
vn -0.00000000 -0.25840000 -0.96600000
vn 0.00000000 0.00000000 -1.00000000
vn 0.00000000 1.00000000 -0.00000000
vn 0.70710000 0.00000000 -0.70710000
vn 0.70710000 0.00000000 -0.70710000
vn 0.00000000 1.00000000 -0.00000000
vn 0.00000000 1.00000000 -0.00000000
vn 0.67610000 -0.30730000 -0.66960000
vn 0.67610000 -0.30730000 -0.66960000
vn 0.70710000 0.00000000 0.70710000
vn 0.00000000 1.00000000 -0.00000000
vn 0.67610000 -0.30730000 0.66960000
vn 0.43760000 -0.77280000 0.45960000
vn 0.43760000 -0.77280000 0.45960000
vn 0.43760000 -0.77280000 -0.45960000
vn 0.43760000 -0.77280000 -0.45960000
vn 0.64940000 -0.39570000 0.64940000
vn 0.34330000 -0.87430000 0.34330000
vn 0.19280000 -0.95660000 0.21870000
vn 0.19280000 -0.95660000 0.21870000
vn 0.19180000 -0.95690000 -0.21800000
vn 0.19180000 -0.95690000 -0.21800000
vn 0.00000000 -0.86290000 -0.50540000
vn -0.00000000 -0.72040000 -0.69350000
vn 0.66070000 0.00000000 0.75070000
vn 1.00000000 0.00000000 -0.00000000
vn 1.00000000 0.00000000 -0.00000000
vn 0.54630000 -0.79550000 0.26200000
vn 0.66070000 0.00000000 0.75070000
vn 0.00000000 0.00000000 1.00000000
vn 0.66070000 0.00000000 0.75070000
vn 0.21500000 -0.76820000 0.60300000
vn 0.66070000 0.00000000 0.75070000
vn 0.00000000 0.00000000 1.00000000
vn 1.00000000 0.00000000 -0.00000000
vn 0.66070000 0.00000000 -0.75070000
vn 0.66070000 0.00000000 -0.75070000
vn 0.54630000 -0.79550000 -0.26200000
vn 1.00000000 0.00000000 -0.00000000
vn 0.66070000 0.00000000 -0.75070000
vn 0.00000000 0.00000000 -1.00000000
vn 0.00000000 0.00000000 -1.00000000
vn 0.21500000 -0.76820000 -0.60300000
vn 0.66070000 0.00000000 -0.75070000
vn 0.00000000 0.00000000 -1.00000000
vn 0.00000000 -0.73710000 -0.67570000
vn 0.00000000 0.00000000 -1.00000000
vn 0.54630000 0.79550000 0.26200000
vn 0.50280000 -0.82980000 0.24210000
vn 0.51020000 -0.83060000 0.22310000
vn 0.68030000 0.66920000 0.29900000
vn 0.27940000 0.63530000 0.71990000
vn 0.21520000 -0.80620000 0.55110000
vn 0.19830000 -0.80550000 0.55840000
vn 0.21500000 0.76820000 0.60300000
vn 0.54630000 0.79550000 -0.26200000
vn 0.50280000 -0.82980000 -0.24210000
vn 0.51020000 -0.83060000 -0.22310000
vn 0.68030000 0.66920000 -0.29900000
vn 0.21500000 0.76820000 -0.60300000
vn 0.19830000 -0.80550000 -0.55840000
vn 0.27940000 0.63530000 -0.71990000
vn 0.21520000 -0.80620000 -0.55110000
vn 0.00000000 0.73710000 -0.67580000
vn 0.00000000 -0.77740000 -0.62910000
vn 0.00000000 0.59800000 -0.80150000
vn 0.00000000 -0.77740000 -0.62910000
vn 0.86520000 -0.30310000 0.39940000
vn 0.55880000 -0.81610000 0.14730000
vn 0.55880000 -0.81610000 0.14730000
vn 0.55880000 -0.81610000 0.14730000
vn 0.13860000 -0.75070000 0.64600000
vn 0.13860000 -0.75070000 0.64600000
vn 0.33340000 -0.27830000 0.90080000
vn 0.86520000 -0.30310000 -0.39940000
vn 0.55880000 -0.81620000 -0.14690000
vn 0.55880000 -0.81620000 -0.14690000
vn 0.55880000 -0.81620000 -0.14690000
vn 0.33340000 -0.27830000 -0.90080000
vn 0.13900000 -0.78150000 -0.60820000
vn 0.13900000 -0.78150000 -0.60820000
vn 0.00000000 -0.24040000 -0.97070000
vn 0.00000000 -0.69450000 -0.71950000
vn 0.00000000 -0.69450000 -0.71950000
vn 0.31860000 -0.89270000 0.31860000
vn 0.48170000 -0.73200000 0.48170000
vn 0.48170000 -0.73200000 0.48170000
vn 0.23220000 0.76900000 0.59560000
vn 0.23220000 -0.76900000 0.59560000
vn 0.38460000 0.83910000 0.38460000
vn 0.38460000 -0.83910000 0.38460000
vn 0.38460000 -0.83910000 0.38460000
vn 0.00000000 0.00000000 1.00000000
vn 1.00000000 0.00000000 -0.00000000
vn 0.55410000 -0.79640000 0.24250000
vn 0.55410000 0.79640000 0.24250000
vn 0.55410000 0.79640000 -0.24250000
vn 0.55410000 -0.79640000 -0.24250000
vn 0.23220000 0.76900000 -0.59560000
vn 0.23220000 -0.76900000 -0.59560000
vn 0.38460000 0.83910000 0.38460000
vn 0.35120000 -0.86800000 0.35120000
vn 0.68140000 -0.26700000 0.68140000
vn 0.65490000 0.37720000 0.65490000
vn 0.31950000 0.39110000 0.86310000
vn 0.82270000 0.42290000 0.37980000
vn 0.82270000 0.42290000 -0.37980000
vn 0.31950000 0.39110000 -0.86310000
vn 0.48630000 0.72590000 0.48640000
vn 0.35110000 -0.86800000 0.35120000
vn 0.00000000 1.00000000 -0.00000000
vn 0.00000000 0.00000000 -1.00000000
vn 0.00000000 0.00000000 -1.00000000
vn 0.00000000 -1.00000000 -0.00000000
vn 0.00000000 -1.00000000 -0.00000000
vn 1.00000000 0.00000000 -0.00000000
vn 0.00000000 0.00000000 -1.00000000
vn 0.00000000 -1.00000000 -0.00000000
vn 0.00000000 0.00000000 -1.00000000
vn 0.00000000 1.00000000 -0.00000000
vn 0.00000000 1.00000000 -0.00000000
vn 1.00000000 0.00000000 -0.00000000
vn 0.00000000 0.00000000 1.00000000
vn 0.00000000 -1.00000000 -0.00000000
vn 1.00000000 0.00000000 -0.00000000
vn 0.00000000 -1.00000000 -0.00000000
vn 0.00000000 0.00000000 1.00000000
vn 0.00000000 1.00000000 -0.00000000
vn 1.00000000 0.00000000 -0.00000000
vn 0.00000000 -1.00000000 -0.00000000
vn 0.00000000 0.00000000 1.00000000
vn 1.00000000 0.00000000 -0.00000000
vn 0.00000000 0.00000000 1.00000000
vn 0.00000000 -1.00000000 -0.00000000
vn 1.00000000 0.00000000 -0.00000000
vn 0.00000000 0.00000000 -1.00000000
vn 1.00000000 0.00000000 -0.00000000
vn 0.00000000 -1.00000000 -0.00000000
vn 0.00000000 -1.00000000 -0.00000000
vn 1.00000000 0.00000000 -0.00000000
vn 0.00000000 0.00000000 1.00000000
vn -0.00000000 0.73710000 -0.67580000
vn 0.00000000 -0.73710000 -0.67570000
vn 0.00000000 0.34080000 -0.94010000
vn 0.00000000 -1.00000000 -0.00000000
vn 0.00000000 0.00000000 -1.00000000
vn -0.21500000 -0.76820000 -0.60300000
vn -0.66070000 0.00000000 -0.75070000
vn 0.00000000 0.00000000 -1.00000000
vn -0.66070000 0.00000000 -0.75070000
vn 0.00000000 0.00000000 -1.00000000
vn -0.19830000 -0.80550000 -0.55840000
vn -0.21500000 0.76820000 -0.60300000
vn -0.21520000 -0.80620000 -0.55110000
vn -0.27940000 0.63530000 -0.71990000
vn -0.33340000 -0.27830000 -0.90080000
vn -0.13900000 -0.78150000 -0.60820000
vn -0.13900000 -0.78150000 -0.60820000
vn -0.46160000 -0.75750000 -0.46160000
vn -0.70710000 0.00000000 -0.70710000
vn -0.70710000 0.00000000 -0.70710000
vn -0.46160000 0.75750000 -0.46160000
vn -0.46160000 -0.75750000 -0.46160000
vn -0.23220000 0.76890000 -0.59560000
vn -0.23220000 -0.76890000 -0.59560000
vn -0.42810000 -0.79590000 -0.42810000
vn -0.46160000 0.75750000 -0.46160000
vn -0.65950000 0.36050000 -0.65960000
vn -0.68370000 -0.25510000 -0.68370000
vn -0.31950000 0.39110000 -0.86310000
vn -0.42810000 -0.79590000 -0.42810000
vn -0.55380000 0.62170000 -0.55380000
vn -0.46240000 -0.75660000 -0.46240000
vn -0.67560000 -0.29530000 -0.67560000
vn -0.24840000 -0.93620000 -0.24880000
vn -0.25980000 -0.93000000 -0.25980000
vn -1.00000000 0.00000000 -0.00000000
vn 0.00000000 -1.00000000 -0.00000000
vn 0.00000000 0.00000000 -1.00000000
vn -1.00000000 0.00000000 -0.00000000
vn 0.00000000 0.00000000 -1.00000000
vn 0.00000000 1.00000000 0.00000000
vn -1.00000000 0.00000000 -0.00000000
vn 0.00000000 -1.00000000 -0.00000000
vn 0.00000000 0.00000000 -1.00000000
vn 0.00000000 1.00000000 -0.00000000
vn 0.70710000 0.00000000 0.70710000
vn 0.00000000 0.00000000 1.00000000
vn 1.00000000 0.00000000 -0.00000000
vn 0.00000000 1.00000000 -0.00000000
vn 0.00000000 0.00000000 1.00000000
vn 1.00000000 0.00000000 -0.00000000
vn -0.70710000 0.00000000 -0.70710000
vn 0.00000000 1.00000000 -0.00000000
vn -0.70710000 0.00000000 -0.70710000
vn -0.70710000 0.00000000 -0.70710000
vn -0.36570000 -0.85580000 -0.36570000
vn -0.36570000 -0.85580000 -0.36570000
vn 0.00000000 0.00000000 -1.00000000
vn -1.00000000 0.00000000 -0.00000000
vn 0.00000000 1.00000000 -0.00000000
vn -0.00000000 1.00000000 -0.00000000
vn -0.00000000 0.00000000 1.00000000
vn 1.00000000 0.00000000 -0.00000000
vn 0.00000000 1.00000000 -0.00000000
vn -1.00000000 0.00000000 -0.00000000
vn -1.00000000 0.00000000 -0.00000000
vn 0.00000000 1.00000000 -0.00000000
vn -0.00000000 0.00000000 1.00000000
vn -0.70710000 0.00000000 0.70710000
vn -0.70710000 0.00000000 0.70710000
vn 0.00000000 1.00000000 -0.00000000
vn 0.00000000 1.00000000 -0.00000000
vn -1.00000000 0.00000000 -0.00000000
vn 0.00000000 1.00000000 -0.00000000
vn -0.96600000 -0.25840000 -0.00000000
vn -0.66960000 -0.30730000 0.67610000
vn -0.66960000 -0.30730000 0.67610000
vn 0.00000000 1.00000000 -0.00000000
vn 0.70710000 0.00000000 0.70710000
vn 0.66960000 -0.30730000 0.67610000
vn -0.45960000 -0.77280000 0.43760000
vn -0.45960000 -0.77280000 0.43760000
vn 0.45960000 -0.77280000 0.43760000
vn 0.45960000 -0.77280000 0.43760000
vn -0.21800000 -0.95690000 0.19180000
vn -0.21800000 -0.95690000 0.19180000
vn 0.21870000 -0.95660000 0.19280000
vn 0.21870000 -0.95660000 0.19280000
vn -0.69350000 -0.72040000 -0.00000000
vn -0.50550000 -0.86290000 -0.00000000
vn 0.75070000 0.00000000 0.66070000
vn 1.00000000 0.00000000 -0.00000000
vn 0.60300000 -0.76820000 0.21500000
vn 0.75070000 0.00000000 0.66070000
vn 0.00000000 0.00000000 1.00000000
vn 0.26200000 -0.79550000 0.54630000
vn 0.75070000 0.00000000 0.66070000
vn 0.00000000 0.00000000 1.00000000
vn 0.75070000 0.00000000 0.66070000
vn 1.00000000 0.00000000 -0.00000000
vn -0.75070000 0.00000000 0.66070000
vn 0.00000000 0.00000000 1.00000000
vn -0.26210000 -0.79550000 0.54630000
vn 0.00000000 0.00000000 1.00000000
vn -0.75070000 0.00000000 0.66070000
vn -0.60300000 -0.76820000 0.21500000
vn -1.00000000 0.00000000 -0.00000000
vn -0.75070000 0.00000000 0.66070000
vn -1.00000000 0.00000000 -0.00000000
vn -0.75070000 0.00000000 0.66070000
vn -1.00000000 0.00000000 -0.00000000
vn -0.67570000 -0.73710000 -0.00000000
vn -1.00000000 0.00000000 -0.00000000
vn 0.71990000 0.63540000 0.27940000
vn 0.55110000 -0.80620000 0.21510000
vn 0.29900000 0.66920000 0.68030000
vn 0.22310000 -0.83060000 0.51020000
vn 0.26200000 0.79550000 0.54630000
vn 0.24200000 -0.82980000 0.50280000
vn 0.55840000 -0.80550000 0.19830000
vn 0.60300000 0.76820000 0.21500000
vn -0.22310000 -0.83060000 0.51030000
vn -0.29900000 0.66920000 0.68030000
vn -0.24210000 -0.82980000 0.50280000
vn -0.26200000 0.79550000 0.54630000
vn -0.55110000 -0.80620000 0.21520000
vn -0.71990000 0.63530000 0.27940000
vn -0.55850000 -0.80550000 0.19830000
vn -0.60300000 0.76820000 0.21500000
vn -0.62910000 -0.77740000 -0.00000000
vn -0.80150000 0.59800000 -0.00000000
vn -0.67580000 0.73710000 -0.00000000
vn -0.62910000 -0.77740000 -0.00000000
vn 0.64600000 -0.75070000 0.13860000
vn 0.64600000 -0.75070000 0.13860000
vn 0.14730000 -0.81610000 0.55880000
vn 0.14730000 -0.81610000 0.55880000
vn 0.14730000 -0.81610000 0.55880000
vn 0.39940000 -0.30310000 0.86520000
vn 0.90080000 -0.27830000 0.33340000
vn -0.14690000 -0.81620000 0.55880000
vn -0.14690000 -0.81620000 0.55880000
vn -0.14690000 -0.81620000 0.55880000
vn -0.39940000 -0.30310000 0.86520000
vn -0.60820000 -0.78150000 0.13900000
vn -0.60820000 -0.78150000 0.13900000
vn -0.90080000 -0.27830000 0.33340000
vn -0.71950000 -0.69450000 -0.00000000
vn -0.71950000 -0.69450000 -0.00000000
vn -0.97070000 -0.24040000 -0.00000000
vn 0.59560000 0.76900000 0.23220000
vn 0.59560000 -0.76900000 0.23220000
vn 0.24250000 0.79640000 0.55410000
vn 0.24250000 -0.79640000 0.55410000
vn -0.24250000 -0.79630000 0.55410000
vn -0.24250000 0.79630000 0.55410000
vn -0.59560000 -0.76900000 0.23220000
vn -0.59560000 0.76900000 0.23220000
vn 0.86310000 0.39110000 0.31950000
vn 0.37980000 0.42290000 0.82270000
vn -0.37980000 0.42290000 0.82270000
vn -0.86310000 0.39110000 0.31950000
vn -1.00000000 0.00000000 -0.00000000
vn -0.00000000 0.00000000 1.00000000
vn 0.00000000 -1.00000000 -0.00000000
vn 0.00000000 -1.00000000 -0.00000000
vn 0.00000000 -1.00000000 -0.00000000
vn -1.00000000 0.00000000 -0.00000000
vn -1.00000000 0.00000000 -0.00000000
vn 0.00000000 1.00000000 -0.00000000
vn 0.00000000 1.00000000 -0.00000000
vn 0.00000000 1.00000000 -0.00000000
vn -1.00000000 0.00000000 -0.00000000
vn -0.00000000 0.00000000 1.00000000
vn -0.00000000 0.00000000 1.00000000
vn 1.00000000 0.00000000 -0.00000000
vn 0.00000000 -1.00000000 -0.00000000
vn 0.00000000 -1.00000000 -0.00000000
vn 1.00000000 0.00000000 -0.00000000
vn -0.00000000 0.00000000 1.00000000
vn 0.00000000 1.00000000 -0.00000000
vn 0.00000000 -1.00000000 -0.00000000
vn 1.00000000 0.00000000 -0.00000000
vn -0.00000000 0.00000000 1.00000000
vn -1.00000000 0.00000000 -0.00000000
vn 0.00000000 -1.00000000 -0.00000000
vn -0.00000000 0.00000000 1.00000000
vn -0.67580000 0.73710000 0.00000000
vn -0.67570000 -0.73710000 -0.00000000
vn -0.94010000 0.34080000 -0.00000000
vn -1.00000000 0.00000000 -0.00000000
vn 0.00000000 -1.00000000 -0.00000000
vn -1.00000000 0.00000000 -0.00000000
vn -0.75070000 0.00000000 -0.66070000
vn -0.60300000 -0.76820000 -0.21500000
vn -1.00000000 0.00000000 -0.00000000
vn -0.75070000 0.00000000 -0.66070000
vn -0.55850000 -0.80550000 -0.19830000
vn -0.60300000 0.76820000 -0.21500000
vn -0.55110000 -0.80620000 -0.21520000
vn -0.71990000 0.63530000 -0.27940000
vn -0.90080000 -0.27830000 -0.33340000
vn -0.60820000 -0.78150000 -0.13900000
vn -0.60820000 -0.78150000 -0.13900000
vn -0.59560000 -0.76900000 -0.23220000
vn -0.59560000 0.76900000 -0.23220000
vn -0.86310000 0.39110000 -0.31950000
vn 0.00000000 1.00000000 -0.00000000
vn -1.00000000 0.00000000 -0.00000000
vn 0.00000000 0.00000000 1.00000000
vn 0.00000000 0.00000000 1.00000000
vn -1.00000000 0.00000000 -0.00000000
vn 0.00000000 1.00000000 -0.00000000
vn 0.00000000 1.00000000 -0.00000000
vn 0.00000000 0.00000000 -1.00000000
vn 0.00000000 1.00000000 0.00000000
vn -1.00000000 0.00000000 -0.00000000
vn 0.00000000 0.00000000 -1.00000000
vn 0.00000000 1.00000000 -0.00000000
vn -0.70710000 0.00000000 -0.70710000
vn -0.70710000 0.00000000 -0.70710000
vn 0.00000000 1.00000000 -0.00000000
vn 0.00000000 1.00000000 -0.00000000
vn 0.00000000 1.00000000 -0.00000000
vn 0.00000000 0.00000000 -1.00000000
vn 0.00000000 -0.25840000 -0.96600000
vn -0.67610000 -0.30730000 -0.66960000
vn -0.67610000 -0.30730000 -0.66960000
vn -0.70710000 0.00000000 0.70710000
vn 0.00000000 1.00000000 -0.00000000
vn -0.67610000 -0.30730000 0.66960000
vn -0.43760000 -0.77280000 -0.45960000
vn -0.43760000 -0.77280000 -0.45960000
vn -0.43760000 -0.77280000 0.45960000
vn -0.43760000 -0.77280000 0.45960000
vn -0.34330000 -0.87430000 0.34330000
vn -0.64940000 -0.39570000 0.64940000
vn -0.19180000 -0.95690000 -0.21800000
vn -0.19180000 -0.95690000 -0.21800000
vn -0.19280000 -0.95660000 0.21870000
vn -0.19280000 -0.95660000 0.21870000
vn 0.00000000 -0.72040000 -0.69350000
vn 0.00000000 -0.86290000 -0.50540000
vn -0.21500000 -0.76820000 0.60300000
vn 0.00000000 0.00000000 1.00000000
vn -0.66070000 0.00000000 0.75070000
vn -0.54630000 -0.79550000 0.26200000
vn -0.66070000 0.00000000 0.75070000
vn -1.00000000 0.00000000 -0.00000000
vn -0.66070000 0.00000000 0.75070000
vn -1.00000000 0.00000000 -0.00000000
vn -0.66070000 0.00000000 0.75070000
vn 0.00000000 0.00000000 1.00000000
vn -1.00000000 0.00000000 -0.00000000
vn -0.54630000 -0.79550000 -0.26200000
vn -0.66070000 0.00000000 -0.75070000
vn -0.66070000 0.00000000 -0.75070000
vn -1.00000000 0.00000000 -0.00000000
vn -0.21500000 -0.76820000 -0.60300000
vn -0.66070000 0.00000000 -0.75070000
vn 0.00000000 0.00000000 -1.00000000
vn -0.66070000 0.00000000 -0.75070000
vn 0.00000000 0.00000000 -1.00000000
vn 0.00000000 -0.73710000 -0.67570000
vn 0.00000000 0.00000000 -1.00000000
vn 0.00000000 0.00000000 -1.00000000
vn -0.27940000 0.63530000 0.71990000
vn -0.21520000 -0.80620000 0.55110000
vn -0.51030000 -0.83060000 0.22310000
vn -0.68030000 0.66920000 0.29900000
vn -0.54630000 0.79550000 0.26200000
vn -0.50280000 -0.82980000 0.24210000
vn -0.19830000 -0.80550000 0.55840000
vn -0.21500000 0.76820000 0.60300000
vn -0.68030000 0.66920000 -0.29900000
vn -0.51030000 -0.83060000 -0.22310000
vn -0.54630000 0.79550000 -0.26200000
vn -0.50280000 -0.82980000 -0.24210000
vn -0.27940000 0.63530000 -0.71990000
vn -0.21520000 -0.80620000 -0.55110000
vn -0.21500000 0.76820000 -0.60300000
vn -0.19830000 -0.80550000 -0.55840000
vn 0.00000000 -0.77740000 -0.62910000
vn 0.00000000 0.59800000 -0.80150000
vn 0.00000000 -0.77740000 -0.62910000
vn 0.00000000 0.73710000 -0.67580000
vn -0.13860000 -0.75070000 0.64600000
vn -0.13860000 -0.75070000 0.64600000
vn -0.55880000 -0.81610000 0.14730000
vn -0.55880000 -0.81610000 0.14730000
vn -0.55880000 -0.81610000 0.14730000
vn -0.86520000 -0.30310000 0.39940000
vn -0.33340000 -0.27830000 0.90080000
vn -0.55880000 -0.81620000 -0.14690000
vn -0.55880000 -0.81620000 -0.14690000
vn -0.55880000 -0.81620000 -0.14690000
vn -0.86520000 -0.30310000 -0.39940000
vn -0.13900000 -0.78150000 -0.60820000
vn -0.13900000 -0.78150000 -0.60820000
vn -0.33340000 -0.27830000 -0.90080000
vn 0.00000000 -0.69450000 -0.71950000
vn 0.00000000 -0.69450000 -0.71950000
vn 0.00000000 -0.24040000 -0.97070000
vn -0.48170000 -0.73200000 0.48170000
vn -0.48170000 -0.73200000 0.48170000
vn -0.31860000 -0.89270000 0.31860000
vn -0.38460000 -0.83910000 0.38460000
vn -1.00000000 0.00000000 -0.00000000
vn 0.00000000 0.00000000 1.00000000
vn -0.38460000 -0.83910000 0.38460000
vn -0.38460000 0.83910000 0.38460000
vn -0.23220000 -0.76900000 0.59560000
vn -0.23220000 0.76900000 0.59560000
vn -0.55410000 -0.79630000 0.24250000
vn -0.55410000 0.79640000 0.24250000
vn -0.55410000 0.79640000 -0.24250000
vn -0.55410000 -0.79630000 -0.24250000
vn -0.23220000 -0.76900000 -0.59560000
vn -0.23220000 0.76900000 -0.59560000
vn -0.35120000 -0.86800000 0.35120000
vn -0.38460000 0.83910000 0.38460000
vn -0.65490000 0.37720000 0.65490000
vn -0.68140000 -0.26700000 0.68140000
vn -0.31950000 0.39110000 0.86310000
vn -0.82270000 0.42290000 0.37980000
vn -0.82270000 0.42290000 -0.37980000
vn -0.31950000 0.39110000 -0.86310000
vn -0.35120000 -0.86800000 0.35120000
vn -0.48640000 0.72590000 0.48640000
vn -1.00000000 0.00000000 -0.00000000
vn 0.00000000 -1.00000000 -0.00000000
vn 0.00000000 0.00000000 -1.00000000
vn 0.00000000 -1.00000000 -0.00000000
vn 0.00000000 -1.00000000 -0.00000000
vn 0.00000000 0.00000000 -1.00000000
vn 0.00000000 1.00000000 -0.00000000
vn 0.00000000 0.00000000 -1.00000000
vn -1.00000000 0.00000000 -0.00000000
vn 0.00000000 0.00000000 -1.00000000
vn 0.00000000 1.00000000 -0.00000000
vn 0.00000000 1.00000000 -0.00000000
vn -1.00000000 0.00000000 -0.00000000
vn 0.00000000 0.00000000 1.00000000
vn 0.00000000 -1.00000000 -0.00000000
vn 0.00000000 -1.00000000 -0.00000000
vn 0.00000000 0.00000000 1.00000000
vn -1.00000000 0.00000000 -0.00000000
vn 0.00000000 1.00000000 -0.00000000
vn 0.00000000 0.00000000 1.00000000
vn 0.00000000 -1.00000000 -0.00000000
vn -1.00000000 0.00000000 -0.00000000
vn -1.00000000 0.00000000 -0.00000000
vn 0.00000000 0.00000000 1.00000000
vn 0.00000000 -1.00000000 -0.00000000
vn 0.00000000 0.00000000 -1.00000000
vn -1.00000000 0.00000000 -0.00000000
vn 0.00000000 -1.00000000 -0.00000000
vn 0.00000000 -1.00000000 -0.00000000
vn 0.00000000 0.00000000 1.00000000
vn -1.00000000 0.00000000 -0.00000000
vn -0.00000000 0.73710000 -0.67580000
vn 0.00000000 -0.73710000 -0.67570000
vn 0.00000000 0.34080000 -0.94010000
vn 0.00000000 0.00000000 -1.00000000
vn 0.00000000 -1.00000000 -0.00000000
vn 0.66070000 0.00000000 -0.75070000
vn 0.00000000 0.00000000 -1.00000000
vn 0.21500000 -0.76820000 -0.60300000
vn 0.66070000 0.00000000 -0.75070000
vn 0.00000000 0.00000000 -1.00000000
vn 0.19830000 -0.80550000 -0.55840000
vn 0.21500000 0.76820000 -0.60300000
vn 0.27940000 0.63530000 -0.71990000
vn 0.21520000 -0.80620000 -0.55110000
vn 0.33340000 -0.27830000 -0.90080000
vn 0.13900000 -0.78150000 -0.60820000
vn 0.13900000 -0.78150000 -0.60820000
vn 0.23220000 -0.76900000 -0.59560000
vn 0.23220000 0.76900000 -0.59560000
vn 0.46160000 -0.75750000 -0.46160000
vn 0.46160000 0.75750000 -0.46160000
vn 0.46160000 -0.75750000 -0.46160000
vn 0.70710000 0.00000000 -0.70710000
vn 0.70710000 0.00000000 -0.70710000
vn 0.42810000 -0.79590000 -0.42810000
vn 0.46160000 0.75750000 -0.46160000
vn 0.68370000 -0.25520000 -0.68370000
vn 0.65950000 0.36050000 -0.65950000
vn 0.31950000 0.39110000 -0.86310000
vn 0.55380000 0.62170000 -0.55380000
vn 0.42810000 -0.79590000 -0.42810000
vn 0.67560000 -0.29530000 -0.67560000
vn 0.46240000 -0.75660000 -0.46240000
vn 0.25980000 -0.93000000 -0.25980000
vn 0.24860000 -0.93610000 -0.24870000
vn 1.00000000 0.00000000 -0.00000000
vn 0.00000000 0.00000000 -1.00000000
vn -0.00000000 1.00000000 0.00000000
vn 1.00000000 0.00000000 -0.00000000
vn 0.00000000 -1.00000000 -0.00000000
vn 0.00000000 0.00000000 -1.00000000
vn 0.00000000 -1.00000000 -0.00000000
vn 0.00000000 0.00000000 -1.00000000
vn 1.00000000 0.00000000 -0.00000000
vn 0.00000000 1.00000000 -0.00000000
vn -0.70710000 0.00000000 0.70710000
vn -1.00000000 0.00000000 -0.00000000
vn 0.00000000 0.00000000 1.00000000
vn -1.00000000 0.00000000 -0.00000000
vn 0.00000000 0.00000000 1.00000000
vn 0.00000000 1.00000000 -0.00000000
vn 0.00000000 1.00000000 -0.00000000
vn 0.70710000 0.00000000 -0.70710000
vn 0.70710000 0.00000000 -0.70710000
vn 0.70710000 0.00000000 -0.70710000
vn 0.36570000 -0.85580000 -0.36570000
vn 0.36570000 -0.85580000 -0.36570000
vn 1.00000000 0.00000000 -0.00000000
vn 0.00000000 1.00000000 -0.00000000
vn 0.00000000 0.00000000 -1.00000000
vn 0.00000000 0.00000000 1.00000000
vn 0.00000000 1.00000000 -0.00000000
vn -1.00000000 0.00000000 -0.00000000
vn 1.00000000 0.00000000 -0.00000000
vn -0.00000000 1.00000000 -0.00000000
vn 0.00000000 0.00000000 1.00000000
vn 1.00000000 0.00000000 -0.00000000
vn 0.00000000 1.00000000 -0.00000000
vn 0.96600000 -0.25840000 -0.00000000
vn 0.00000000 1.00000000 -0.00000000
vn 1.00000000 0.00000000 -0.00000000
vn 0.00000000 1.00000000 -0.00000000
vn 0.70710000 0.00000000 0.70710000
vn 0.00000000 1.00000000 -0.00000000
vn 0.70710000 0.00000000 0.70710000
vn 0.66960000 -0.30730000 0.67610000
vn 0.66960000 -0.30730000 0.67610000
vn -0.70710000 0.00000000 0.70710000
vn 0.00000000 1.00000000 -0.00000000
vn -0.66960000 -0.30730000 0.67610000
vn -0.45960000 -0.77280000 0.43760000
vn -0.45960000 -0.77280000 0.43760000
vn 0.45960000 -0.77280000 0.43760000
vn 0.45960000 -0.77280000 0.43760000
vn -0.21870000 -0.95660000 0.19280000
vn -0.21870000 -0.95660000 0.19280000
vn 0.21800000 -0.95690000 0.19180000
vn 0.21800000 -0.95690000 0.19180000
vn 0.50540000 -0.86290000 -0.00000000
vn 0.69350000 -0.72040000 -0.00000000
vn 0.00000000 0.00000000 1.00000000
vn -0.75070000 0.00000000 0.66070000
vn -0.75070000 0.00000000 0.66070000
vn -0.26200000 -0.79550000 0.54630000
vn 0.00000000 0.00000000 1.00000000
vn -0.75070000 0.00000000 0.66070000
vn -0.60300000 -0.76820000 0.21500000
vn -1.00000000 0.00000000 -0.00000000
vn -1.00000000 0.00000000 -0.00000000
vn -0.75070000 0.00000000 0.66070000
vn 0.00000000 0.00000000 1.00000000
vn 0.75070000 0.00000000 0.66070000
vn 0.75070000 0.00000000 0.66070000
vn 0.00000000 0.00000000 1.00000000
vn 0.26210000 -0.79550000 0.54630000
vn 0.75070000 0.00000000 0.66070000
vn 1.00000000 0.00000000 -0.00000000
vn 0.60300000 -0.76820000 0.21500000
vn 0.75070000 0.00000000 0.66070000
vn 1.00000000 0.00000000 -0.00000000
vn 1.00000000 0.00000000 -0.00000000
vn 0.67570000 -0.73710000 -0.00000000
vn 1.00000000 0.00000000 -0.00000000
vn -0.24210000 -0.82980000 0.50280000
vn -0.26200000 0.79550000 0.54630000
vn -0.22310000 -0.83060000 0.51030000
vn -0.29900000 0.66920000 0.68030000
vn -0.55110000 -0.80620000 0.21520000
vn -0.71990000 0.63530000 0.27940000
vn -0.55840000 -0.80550000 0.19830000
vn -0.60300000 0.76820000 0.21500000
vn 0.26200000 0.79550000 0.54630000
vn 0.24210000 -0.82980000 0.50280000
vn 0.22310000 -0.83060000 0.51030000
vn 0.29900000 0.66920000 0.68030000
vn 0.60300000 0.76820000 0.21500000
vn 0.55850000 -0.80550000 0.19830000
vn 0.71990000 0.63530000 0.27940000
vn 0.55110000 -0.80620000 0.21520000
vn 0.67580000 0.73710000 -0.00000000
vn 0.62910000 -0.77740000 -0.00000000
vn 0.62910000 -0.77740000 -0.00000000
vn 0.80150000 0.59800000 -0.00000000
vn -0.39940000 -0.30310000 0.86520000
vn -0.14730000 -0.81610000 0.55880000
vn -0.14730000 -0.81610000 0.55880000
vn -0.14730000 -0.81610000 0.55880000
vn -0.64600000 -0.75070000 0.13860000
vn -0.64600000 -0.75070000 0.13860000
vn -0.90080000 -0.27830000 0.33340000
vn 0.39940000 -0.30310000 0.86520000
vn 0.14690000 -0.81620000 0.55880000
vn 0.14690000 -0.81620000 0.55880000
vn 0.14690000 -0.81620000 0.55880000
vn 0.90080000 -0.27830000 0.33340000
vn 0.60820000 -0.78150000 0.13900000
vn 0.60820000 -0.78150000 0.13900000
vn 0.97070000 -0.24040000 -0.00000000
vn 0.71950000 -0.69450000 -0.00000000
vn 0.71950000 -0.69450000 -0.00000000
vn -0.59560000 0.76900000 0.23220000
vn -0.59560000 -0.76900000 0.23220000
vn -0.24250000 0.79630000 0.55410000
vn -0.24250000 -0.79630000 0.55410000
vn 0.24250000 -0.79630000 0.55410000
vn 0.24250000 0.79630000 0.55410000
vn 0.59560000 -0.76900000 0.23220000
vn 0.59560000 0.76900000 0.23220000
vn -0.86310000 0.39110000 0.31950000
vn -0.37980000 0.42290000 0.82270000
vn 0.37980000 0.42290000 0.82270000
vn 0.86310000 0.39110000 0.31950000
vn 0.00000000 1.00000000 -0.00000000
vn 1.00000000 0.00000000 -0.00000000
vn 0.00000000 -1.00000000 -0.00000000
vn 1.00000000 0.00000000 -0.00000000
vn 0.00000000 0.00000000 1.00000000
vn 1.00000000 0.00000000 -0.00000000
vn 0.00000000 -1.00000000 -0.00000000
vn 0.00000000 -1.00000000 -0.00000000
vn 0.00000000 1.00000000 -0.00000000
vn 1.00000000 0.00000000 -0.00000000
vn 0.00000000 0.00000000 1.00000000
vn 0.00000000 1.00000000 -0.00000000
vn -1.00000000 0.00000000 -0.00000000
vn 0.00000000 -1.00000000 -0.00000000
vn 0.00000000 -1.00000000 -0.00000000
vn 0.00000000 0.00000000 1.00000000
vn 0.00000000 1.00000000 -0.00000000
vn 0.00000000 0.00000000 1.00000000
vn -1.00000000 0.00000000 -0.00000000
vn -1.00000000 0.00000000 -0.00000000
vn 0.00000000 0.00000000 1.00000000
vn 0.00000000 -1.00000000 -0.00000000
vn 0.00000000 0.00000000 1.00000000
vn 0.00000000 -1.00000000 -0.00000000
vn 1.00000000 0.00000000 -0.00000000
vn 0.67570000 -0.73710000 -0.00000000
vn 0.67580000 0.73710000 0.00000000
vn 0.94010000 0.34080000 -0.00000000
vn 1.00000000 0.00000000 -0.00000000
vn 0.00000000 -1.00000000 -0.00000000
vn 0.60300000 -0.76820000 -0.21500000
vn 0.75070000 0.00000000 -0.66070000
vn 1.00000000 0.00000000 -0.00000000
vn 1.00000000 0.00000000 -0.00000000
vn 0.75070000 0.00000000 -0.66070000
vn 0.55850000 -0.80550000 -0.19830000
vn 0.60300000 0.76820000 -0.21500000
vn 0.55110000 -0.80620000 -0.21520000
vn 0.71990000 0.63530000 -0.27940000
vn 0.90080000 -0.27830000 -0.33340000
vn 0.60820000 -0.78150000 -0.13900000
vn 0.60820000 -0.78150000 -0.13900000
vn 0.59560000 -0.76900000 -0.23220000
vn 0.59560000 0.76900000 -0.23220000
vn 0.86310000 0.39110000 -0.31950000
vn 0.00000000 1.00000000 0.00000000
vn -1.00000000 0.00000000 -0.00000000
vn 0.00000000 1.00000000 0.00000000
vn 0.00000000 0.00000000 -1.00000000
vn 0.00000000 1.00000000 0.00000000
vn 0.00000000 0.00000000 -1.00000000
vn -1.00000000 0.00000000 -0.00000000
vn 0.00000000 0.00000000 1.00000000
vn 0.00000000 1.00000000 -0.00000000
vn -1.00000000 0.00000000 -0.00000000
vn 0.00000000 1.00000000 -0.00000000
vn 0.00000000 0.00000000 1.00000000
vn 0.00000000 -0.25840000 0.96600000
vn 0.00000000 0.00000000 1.00000000
vn 0.00000000 1.00000000 -0.00000000
vn 0.00000000 1.00000000 -0.00000000
vn 0.00000000 1.00000000 -0.00000000
vn -0.70710000 0.00000000 0.70710000
vn -0.70710000 0.00000000 0.70710000
vn -0.67610000 -0.30730000 0.66960000
vn -0.67610000 -0.30730000 0.66960000
vn -0.70710000 0.00000000 -0.70710000
vn 0.00000000 1.00000000 -0.00000000
vn -0.67610000 -0.30730000 -0.66960000
vn -0.43760000 -0.77280000 -0.45960000
vn -0.43760000 -0.77280000 -0.45960000
vn -0.43760000 -0.77280000 0.45960000
vn -0.43760000 -0.77280000 0.45960000
vn -0.64940000 -0.39570000 -0.64940000
vn -0.34330000 -0.87430000 -0.34330000
vn -0.19280000 -0.95660000 -0.21870000
vn -0.19280000 -0.95660000 -0.21870000
vn -0.19180000 -0.95690000 0.21800000
vn -0.19180000 -0.95690000 0.21800000
vn 0.00000000 -0.86290000 0.50540000
vn 0.00000000 -0.72040000 0.69350000
vn -0.66070000 0.00000000 -0.75070000
vn -1.00000000 0.00000000 -0.00000000
vn -0.66070000 0.00000000 -0.75070000
vn -1.00000000 0.00000000 -0.00000000
vn -0.54630000 -0.79550000 -0.26200000
vn 0.00000000 0.00000000 -1.00000000
vn -0.66070000 0.00000000 -0.75070000
vn -0.21500000 -0.76820000 -0.60300000
vn -0.66070000 0.00000000 -0.75070000
vn 0.00000000 0.00000000 -1.00000000
vn -1.00000000 0.00000000 -0.00000000
vn -0.66070000 0.00000000 0.75070000
vn -0.66070000 0.00000000 0.75070000
vn -0.54630000 -0.79550000 0.26200000
vn -1.00000000 0.00000000 -0.00000000
vn -0.66070000 0.00000000 0.75070000
vn 0.00000000 0.00000000 1.00000000
vn 0.00000000 0.00000000 1.00000000
vn -0.66070000 0.00000000 0.75070000
vn -0.21500000 -0.76820000 0.60300000
vn 0.00000000 0.00000000 1.00000000
vn 0.00000000 0.00000000 1.00000000
vn 0.00000000 -0.73710000 0.67570000
vn -0.50280000 -0.82980000 -0.24210000
vn -0.54630000 0.79550000 -0.26200000
vn -0.68030000 0.66920000 -0.29900000
vn -0.51030000 -0.83060000 -0.22310000
vn -0.21520000 -0.80620000 -0.55110000
vn -0.27940000 0.63530000 -0.71990000
vn -0.21500000 0.76820000 -0.60300000
vn -0.19830000 -0.80550000 -0.55840000
vn -0.50280000 -0.82980000 0.24210000
vn -0.54630000 0.79550000 0.26200000
vn -0.68030000 0.66920000 0.29900000
vn -0.51030000 -0.83060000 0.22310000
vn -0.19830000 -0.80550000 0.55840000
vn -0.21500000 0.76820000 0.60300000
vn -0.21520000 -0.80620000 0.55110000
vn -0.27940000 0.63530000 0.71990000
vn 0.00000000 -0.77740000 0.62910000
vn 0.00000000 0.73710000 0.67580000
vn 0.00000000 -0.77740000 0.62910000
vn 0.00000000 0.59800000 0.80150000
vn -0.86520000 -0.30310000 -0.39940000
vn -0.55880000 -0.81610000 -0.14730000
vn -0.55880000 -0.81610000 -0.14730000
vn -0.55880000 -0.81610000 -0.14730000
vn -0.13860000 -0.75070000 -0.64600000
vn -0.13860000 -0.75070000 -0.64600000
vn -0.33340000 -0.27830000 -0.90080000
vn -0.86520000 -0.30310000 0.39940000
vn -0.55880000 -0.81620000 0.14690000
vn -0.55880000 -0.81620000 0.14690000
vn -0.55880000 -0.81620000 0.14690000
vn -0.33340000 -0.27830000 0.90080000
vn -0.13900000 -0.78150000 0.60820000
vn -0.13900000 -0.78150000 0.60820000
vn 0.00000000 -0.24040000 0.97070000
vn 0.00000000 -0.69450000 0.71950000
vn 0.00000000 -0.69450000 0.71950000
vn -0.31860000 -0.89270000 -0.31860000
vn -0.48170000 -0.73200000 -0.48170000
vn -0.48170000 -0.73200000 -0.48170000
vn -0.23220000 -0.76900000 -0.59560000
vn -0.23220000 0.76900000 -0.59560000
vn -0.38460000 -0.83910000 -0.38460000
vn -0.38460000 0.83910000 -0.38460000
vn -0.38460000 -0.83910000 -0.38460000
vn 0.00000000 0.00000000 -1.00000000
vn -1.00000000 0.00000000 -0.00000000
vn -0.55410000 -0.79630000 -0.24250000
vn -0.55410000 0.79640000 -0.24250000
vn -0.55410000 -0.79630000 0.24250000
vn -0.55410000 0.79640000 0.24250000
vn -0.23220000 -0.76900000 0.59560000
vn -0.23220000 0.76900000 0.59560000
vn -0.35120000 -0.86800000 -0.35120000
vn -0.38460000 0.83910000 -0.38460000
vn -0.68140000 -0.26700000 -0.68140000
vn -0.65490000 0.37720000 -0.65490000
vn -0.31950000 0.39110000 -0.86310000
vn -0.82270000 0.42290000 -0.37980000
vn -0.82270000 0.42290000 0.37980000
vn -0.31950000 0.39110000 0.86310000
vn -0.48640000 0.72590000 -0.48640000
vn -0.35120000 -0.86800000 -0.35120000
vn 0.00000000 0.00000000 1.00000000
vn 0.00000000 1.00000000 -0.00000000
vn 0.00000000 0.00000000 1.00000000
vn 0.00000000 -1.00000000 -0.00000000
vn -1.00000000 0.00000000 -0.00000000
vn 0.00000000 -1.00000000 -0.00000000
vn 0.00000000 -1.00000000 -0.00000000
vn 0.00000000 0.00000000 1.00000000
vn -1.00000000 0.00000000 -0.00000000
vn 0.00000000 0.00000000 1.00000000
vn 0.00000000 1.00000000 -0.00000000
vn 0.00000000 1.00000000 -0.00000000
vn 0.00000000 -1.00000000 -0.00000000
vn 0.00000000 -1.00000000 -0.00000000
vn -1.00000000 0.00000000 -0.00000000
vn 0.00000000 0.00000000 -1.00000000
vn -1.00000000 0.00000000 -0.00000000
vn 0.00000000 1.00000000 -0.00000000
vn 0.00000000 0.00000000 -1.00000000
vn -1.00000000 0.00000000 -0.00000000
vn 0.00000000 0.00000000 -1.00000000
vn 0.00000000 -1.00000000 -0.00000000
vn 0.00000000 -1.00000000 -0.00000000
vn -1.00000000 0.00000000 -0.00000000
vn 0.00000000 0.00000000 -1.00000000
vn 0.00000000 0.00000000 1.00000000
vn 0.00000000 -1.00000000 -0.00000000
vn -1.00000000 0.00000000 -0.00000000
vn -1.00000000 0.00000000 -0.00000000
vn 0.00000000 0.00000000 -1.00000000
vn 0.00000000 -1.00000000 -0.00000000
vn 0.00000000 -0.73710000 0.67570000
vn -0.00000000 0.73710000 0.67580000
vn 0.00000000 0.34080000 0.94010000
vn 0.00000000 -1.00000000 -0.00000000
vn 0.00000000 0.00000000 1.00000000
vn 0.21500000 -0.76820000 0.60300000
vn 0.66070000 0.00000000 0.75070000
vn 0.00000000 0.00000000 1.00000000
vn 0.66070000 0.00000000 0.75070000
vn 0.00000000 0.00000000 1.00000000
vn 0.19830000 -0.80550000 0.55840000
vn 0.21500000 0.76820000 0.60300000
vn 0.21520000 -0.80620000 0.55110000
vn 0.27940000 0.63530000 0.71990000
vn 0.33340000 -0.27830000 0.90080000
vn 0.13900000 -0.78150000 0.60820000
vn 0.13900000 -0.78150000 0.60820000
vn 0.46160000 -0.75750000 0.46160000
vn 0.70710000 0.00000000 0.70710000
vn 0.70710000 0.00000000 0.70710000
vn 0.46160000 -0.75750000 0.46160000
vn 0.46160000 0.75750000 0.46160000
vn 0.23220000 0.76900000 0.59560000
vn 0.23220000 -0.76900000 0.59560000
vn 0.46160000 0.75750000 0.46160000
vn 0.42810000 -0.79590000 0.42810000
vn 0.65950000 0.36050000 0.65950000
vn 0.68370000 -0.25520000 0.68370000
vn 0.31950000 0.39110000 0.86310000
vn 0.55380000 0.62170000 0.55380000
vn 0.42810000 -0.79590000 0.42810000
vn 0.46240000 -0.75660000 0.46240000
vn 0.67560000 -0.29530000 0.67560000
vn 0.24860000 -0.93610000 0.24870000
vn 0.25980000 -0.93000000 0.25980000
vn 0.00000000 0.00000000 1.00000000
vn 0.00000000 -1.00000000 -0.00000000
vn 1.00000000 0.00000000 -0.00000000
vn 0.00000000 0.00000000 1.00000000
vn -0.00000000 1.00000000 -0.00000000
vn 1.00000000 0.00000000 -0.00000000
vn 0.00000000 0.00000000 1.00000000
vn 0.00000000 -1.00000000 -0.00000000
vn 1.00000000 0.00000000 -0.00000000
vn 0.00000000 1.00000000 -0.00000000
vn -0.70710000 0.00000000 -0.70710000
vn -1.00000000 0.00000000 -0.00000000
vn 0.00000000 0.00000000 -1.00000000
vn 0.00000000 1.00000000 -0.00000000
vn 0.00000000 0.00000000 -1.00000000
vn -1.00000000 0.00000000 -0.00000000
vn 0.70710000 0.00000000 0.70710000
vn 0.00000000 1.00000000 -0.00000000
vn 0.70710000 0.00000000 0.70710000
vn 0.70710000 0.00000000 0.70710000
vn 0.36570000 -0.85580000 0.36570000
vn 0.36570000 -0.85580000 0.36570000
vn 0.00000000 0.00000000 1.00000000
vn 1.00000000 0.00000000 -0.00000000
vn 0.00000000 1.00000000 -0.00000000
vn 0.00000000 1.00000000 0.00000000
vn 0.00000000 0.00000000 -1.00000000
vn -1.00000000 0.00000000 -0.00000000
vn 1.00000000 0.00000000 -0.00000000
vn -0.00000000 1.00000000 0.00000000
vn 1.00000000 0.00000000 -0.00000000
vn 0.00000000 0.00000000 -1.00000000
vn 0.00000000 1.00000000 -0.00000000
vn 0.70710000 0.00000000 -0.70710000
vn 0.00000000 1.00000000 -0.00000000
vn 0.70710000 0.00000000 -0.70710000
vn 0.00000000 1.00000000 -0.00000000
vn 0.00000000 1.00000000 -0.00000000
vn 1.00000000 0.00000000 -0.00000000
vn 0.96600000 -0.25840000 -0.00000000
vn 0.66960000 -0.30730000 -0.67610000
vn 0.66960000 -0.30730000 -0.67610000
vn 0.00000000 1.00000000 -0.00000000
vn -0.70710000 0.00000000 -0.70710000
vn -0.66960000 -0.30730000 -0.67610000
vn 0.45960000 -0.77280000 -0.43760000
vn 0.45960000 -0.77280000 -0.43760000
vn -0.45960000 -0.77280000 -0.43760000
vn -0.45960000 -0.77280000 -0.43760000
vn 0.21800000 -0.95690000 -0.19180000
vn 0.21800000 -0.95690000 -0.19180000
vn -0.21870000 -0.95660000 -0.19280000
vn -0.21870000 -0.95660000 -0.19280000
vn 0.69350000 -0.72040000 -0.00000000
vn 0.50540000 -0.86290000 -0.00000000
vn -0.75070000 0.00000000 -0.66070000
vn -1.00000000 0.00000000 -0.00000000
vn -0.60300000 -0.76820000 -0.21500000
vn -0.26200000 -0.79550000 -0.54630000
vn -0.75070000 0.00000000 -0.66070000
vn 0.00000000 0.00000000 -1.00000000
vn -0.75070000 0.00000000 -0.66070000
vn 0.00000000 0.00000000 -1.00000000
vn -1.00000000 0.00000000 -0.00000000
vn -0.75070000 0.00000000 -0.66070000
vn 0.26210000 -0.79550000 -0.54630000
vn 0.00000000 0.00000000 -1.00000000
vn 0.75070000 0.00000000 -0.66070000
vn 0.00000000 0.00000000 -1.00000000
vn 0.75070000 0.00000000 -0.66070000
vn 0.75070000 0.00000000 -0.66070000
vn 0.60300000 -0.76820000 -0.21500000
vn 1.00000000 0.00000000 -0.00000000
vn 0.75070000 0.00000000 -0.66070000
vn 1.00000000 0.00000000 -0.00000000
vn 1.00000000 0.00000000 -0.00000000
vn 0.67570000 -0.73710000 -0.00000000
vn 1.00000000 0.00000000 -0.00000000
vn -0.55110000 -0.80620000 -0.21520000
vn -0.71990000 0.63530000 -0.27940000
vn -0.22310000 -0.83060000 -0.51030000
vn -0.29900000 0.66920000 -0.68030000
vn -0.26200000 0.79550000 -0.54630000
vn -0.24210000 -0.82980000 -0.50280000
vn -0.60300000 0.76820000 -0.21500000
vn -0.55840000 -0.80550000 -0.19830000
vn 0.22310000 -0.83060000 -0.51030000
vn 0.29900000 0.66920000 -0.68030000
vn 0.26200000 0.79550000 -0.54630000
vn 0.24210000 -0.82980000 -0.50280000
vn 0.71990000 0.63530000 -0.27940000
vn 0.55110000 -0.80620000 -0.21520000
vn 0.55850000 -0.80550000 -0.19830000
vn 0.60300000 0.76820000 -0.21500000
vn 0.80150000 0.59800000 -0.00000000
vn 0.62910000 -0.77740000 -0.00000000
vn 0.67580000 0.73710000 -0.00000000
vn 0.62910000 -0.77740000 -0.00000000
vn -0.64600000 -0.75070000 -0.13860000
vn -0.64600000 -0.75070000 -0.13860000
vn -0.14730000 -0.81610000 -0.55880000
vn -0.14730000 -0.81610000 -0.55880000
vn -0.14730000 -0.81610000 -0.55880000
vn -0.39940000 -0.30310000 -0.86520000
vn -0.90080000 -0.27830000 -0.33340000
vn 0.14690000 -0.81620000 -0.55880000
vn 0.14690000 -0.81620000 -0.55880000
vn 0.14690000 -0.81620000 -0.55880000
vn 0.39940000 -0.30310000 -0.86520000
vn 0.60820000 -0.78150000 -0.13900000
vn 0.60820000 -0.78150000 -0.13900000
vn 0.90080000 -0.27830000 -0.33340000
vn 0.71950000 -0.69450000 -0.00000000
vn 0.71950000 -0.69450000 -0.00000000
vn 0.97070000 -0.24040000 -0.00000000
vn -0.59560000 -0.76900000 -0.23220000
vn -0.59560000 0.76900000 -0.23220000
vn -0.24250000 -0.79630000 -0.55410000
vn -0.24250000 0.79630000 -0.55410000
vn 0.24250000 0.79630000 -0.55410000
vn 0.24250000 -0.79630000 -0.55410000
vn 0.59560000 0.76900000 -0.23220000
vn 0.59560000 -0.76900000 -0.23220000
vn -0.86310000 0.39110000 -0.31950000
vn -0.37980000 0.42290000 -0.82270000
vn 0.37980000 0.42290000 -0.82270000
vn 0.86310000 0.39110000 -0.31950000
vn 0.00000000 0.00000000 -1.00000000
vn 0.00000000 -1.00000000 -0.00000000
vn 0.00000000 -1.00000000 -0.00000000
vn 1.00000000 0.00000000 -0.00000000
vn 0.00000000 -1.00000000 -0.00000000
vn 1.00000000 0.00000000 -0.00000000
vn 0.00000000 1.00000000 -0.00000000
vn 1.00000000 0.00000000 -0.00000000
vn 0.00000000 1.00000000 -0.00000000
vn 0.00000000 1.00000000 -0.00000000
vn 0.00000000 0.00000000 -1.00000000
vn 1.00000000 0.00000000 -0.00000000
vn -1.00000000 0.00000000 -0.00000000
vn 0.00000000 0.00000000 -1.00000000
vn 0.00000000 -1.00000000 -0.00000000
vn 0.00000000 -1.00000000 -0.00000000
vn 0.00000000 1.00000000 -0.00000000
vn 0.00000000 0.00000000 -1.00000000
vn -1.00000000 0.00000000 -0.00000000
vn 0.00000000 0.00000000 -1.00000000
vn -1.00000000 0.00000000 -0.00000000
vn 0.00000000 -1.00000000 -0.00000000
vn 0.00000000 0.00000000 -1.00000000
vn 1.00000000 0.00000000 -0.00000000
vn 0.00000000 -1.00000000 -0.00000000
vn 0.67580000 0.73710000 -0.00000000
vn 0.67570000 -0.73710000 0.00000000
vn 0.94010000 0.34080000 -0.00000000
vn 0.00000000 -1.00000000 -0.00000000
vn 1.00000000 0.00000000 -0.00000000
vn 0.60300000 -0.76820000 0.21500000
vn 1.00000000 0.00000000 -0.00000000
vn 0.75070000 0.00000000 0.66070000
vn 1.00000000 0.00000000 -0.00000000
vn 0.75070000 0.00000000 0.66070000
vn 0.55850000 -0.80550000 0.19830000
vn 0.60300000 0.76820000 0.21500000
vn 0.55110000 -0.80620000 0.21520000
vn 0.71990000 0.63530000 0.27940000
vn 0.90080000 -0.27830000 0.33340000
vn 0.60820000 -0.78150000 0.13900000
vn 0.60820000 -0.78150000 0.13900000
vn 0.59560000 -0.76900000 0.23220000
vn 0.59560000 0.76900000 0.23220000
vn 0.86310000 0.39110000 0.31950000
vt 0.29690000 0.90500000
vt 0.00590000 0.25010000
vt 0.00590000 0.25010000
vt 0.00590000 0.00610000
vt 0.00590000 0.98290000
vt 0.29690000 0.71360000
vt 0.00590000 0.73850000
vt 0.00590000 0.73850000
vt 0.10520000 0.71360000
vt 0.10520000 0.90500000
vt 0.00590000 0.49450000
vt 0.00590000 0.49450000
vt 0.04190000 0.97400000
vt 0.04190000 0.01490000
vt 0.04190000 0.97400000
vt 0.04190000 0.01490000
vt 0.04190000 0.25590000
vt 0.04190000 0.25590000
vt 0.05790000 0.25590000
vt 0.05790000 0.97400000
vt 0.05790000 0.01490000
vt 0.04190000 0.49440000
vt 0.04190000 0.49440000
vt 0.05770000 0.49440000
vt 0.04190000 0.73250000
vt 0.04190000 0.73250000
vt 0.05770000 0.73250000
vt 0.06980000 0.02170000
vt 0.06980000 0.96710000
vt 0.06980000 0.73940000
vt 0.06940000 0.72570000
vt 0.06940000 0.50120000
vt 0.06940000 0.48760000
vt 0.06940000 0.26270000
vt 0.06980000 0.24910000
vt 0.08710000 0.94970000
vt 0.08720000 0.03910000
vt 0.08660000 0.70860000
vt 0.08710000 0.75680000
vt 0.08660000 0.47040000
vt 0.08660000 0.51830000
vt 0.08660000 0.27990000
vt 0.08720000 0.23170000
vt 0.13560000 0.91330000
vt 0.99310000 0.91330000
vt 0.82150000 0.90030000
vt 0.24280000 0.91330000
vt 0.89270000 0.90030000
vt 0.89270000 0.00860000
vt 0.82150000 0.00860000
vt 0.35000000 0.91330000
vt 0.30560000 0.90030000
vt 0.99350000 0.90030000
vt 0.30560000 0.00860000
vt 0.99350000 0.00860000
vt 0.37680000 0.90030000
vt 0.45710000 0.91330000
vt 0.37680000 0.00860000
vt 0.56430000 0.91330000
vt 0.47750000 0.90030000
vt 0.47750000 0.00860000
vt 0.67150000 0.91330000
vt 0.54880000 0.90030000
vt 0.54880000 0.90030000
vt 0.54880000 0.00860000
vt 0.54880000 0.00860000
vt 0.77870000 0.91330000
vt 0.64950000 0.90030000
vt 0.64950000 0.00860000
vt 0.72070000 0.90030000
vt 0.72070000 0.90030000
vt 0.88590000 0.91330000
vt 0.72070000 0.00860000
vt 0.72070000 0.00860000
vt 0.13560000 0.94930000
vt 0.99310000 0.94930000
vt 0.99310000 0.94930000
vt 0.13560000 0.94930000
vt 0.24280000 0.94930000
vt 0.24280000 0.94930000
vt 0.24280000 0.94140000
vt 0.24280000 0.94140000
vt 0.13560000 0.94140000
vt 0.99310000 0.94140000
vt 0.13560000 0.94140000
vt 0.99310000 0.94140000
vt 0.35000000 0.94930000
vt 0.35000000 0.94930000
vt 0.35000000 0.94140000
vt 0.35000000 0.94140000
vt 0.45710000 0.94930000
vt 0.45710000 0.94930000
vt 0.45710000 0.94140000
vt 0.45710000 0.94140000
vt 0.56430000 0.94930000
vt 0.56430000 0.94930000
vt 0.56430000 0.94140000
vt 0.56430000 0.94140000
vt 0.67150000 0.94930000
vt 0.67150000 0.94930000
vt 0.67150000 0.94140000
vt 0.67150000 0.94140000
vt 0.77870000 0.94930000
vt 0.77870000 0.94930000
vt 0.77870000 0.94140000
vt 0.77870000 0.94140000
vt 0.88590000 0.94930000
vt 0.88590000 0.94930000
vt 0.88590000 0.94140000
vt 0.88590000 0.94140000
vt 0.99310000 0.99080000
vt 0.14500000 0.52580000
vt 0.09410000 0.41200000
vt 0.13560000 0.99080000
vt 0.09410000 0.57680000
vt 0.24280000 0.99080000
vt 0.24280000 0.97270000
vt 0.13560000 0.97270000
vt 0.99310000 0.97270000
vt 0.35000000 0.99080000
vt 0.09410000 0.64880000
vt 0.35000000 0.97270000
vt 0.09610000 0.81590000
vt 0.14500000 0.69980000
vt 0.45710000 0.99080000
vt 0.45710000 0.97270000
vt 0.14800000 0.04800000
vt 0.56430000 0.99080000
vt 0.09610000 0.88890000
vt 0.56430000 0.97270000
vt 0.67150000 0.99080000
vt 0.09640000 0.09960000
vt 0.67150000 0.97270000
vt 0.09640000 0.17250000
vt 0.77870000 0.99080000
vt 0.77870000 0.97270000
vt 0.14800000 0.22410000
vt 0.09410000 0.34000000
vt 0.88590000 0.99080000
vt 0.88590000 0.97270000
vt 0.13560000 0.92740000
vt 0.99310000 0.92740000
vt 0.99310000 0.92740000
vt 0.13560000 0.92740000
vt 0.24280000 0.92740000
vt 0.24280000 0.92740000
vt 0.35000000 0.92740000
vt 0.35000000 0.92740000
vt 0.45710000 0.92740000
vt 0.45710000 0.92740000
vt 0.56430000 0.92740000
vt 0.56430000 0.92740000
vt 0.67150000 0.92740000
vt 0.67150000 0.92740000
vt 0.77870000 0.92740000
vt 0.77870000 0.92740000
vt 0.88590000 0.92740000
vt 0.88590000 0.92740000
vt 0.13560000 0.95710000
vt 0.99310000 0.95710000
vt 0.24280000 0.95710000
vt 0.35000000 0.95710000
vt 0.45710000 0.95710000
vt 0.56430000 0.95710000
vt 0.67150000 0.95710000
vt 0.77870000 0.95710000
vt 0.88590000 0.95710000
vt 0.02720000 0.49740000
vt 0.03180000 0.97100000
vt 0.02720000 0.49150000
vt 0.03180000 0.01780000
vt 0.02720000 0.73550000
vt 0.02720000 0.74140000
vt 0.03180000 0.25590000
vt 0.03180000 0.25590000
vt 0.03890000 0.25590000
vt 0.03890000 0.25590000
vt 0.03890000 0.25590000
vt 0.03890000 0.97100000
vt 0.03890000 0.97100000
vt 0.03890000 0.01780000
vt 0.03890000 0.01780000
vt 0.02720000 0.00900000
vt 0.03180000 0.49440000
vt 0.02720000 0.97990000
vt 0.03180000 0.49440000
vt 0.03890000 0.49440000
vt 0.03890000 0.49440000
vt 0.03890000 0.49440000
vt 0.02720000 0.25300000
vt 0.02720000 0.24710000
vt 0.03180000 0.73250000
vt 0.03180000 0.73250000
vt 0.03890000 0.73250000
vt 0.03890000 0.73250000
vt 0.03890000 0.73250000
vt 0.02430000 0.49450000
vt 0.02430000 0.49450000
vt 0.02430000 0.49450000
vt 0.02430000 0.73850000
vt 0.02430000 0.73850000
vt 0.02430000 0.73850000
vt 0.02430000 0.98290000
vt 0.02430000 0.98290000
vt 0.02430000 0.00610000
vt 0.02430000 0.00610000
vt 0.02430000 0.25010000
vt 0.02430000 0.25010000
vt 0.02430000 0.25010000
vt 0.00590000 0.73850000
vt 0.10520000 0.71360000
vt 0.00590000 0.73850000
vt 0.00590000 0.98290000
vt 0.00590000 0.00610000
vt 0.29690000 0.71360000
vt 0.29690000 0.90500000
vt 0.00590000 0.25010000
vt 0.00590000 0.25010000
vt 0.00590000 0.49450000
vt 0.00590000 0.49450000
vt 0.10520000 0.90500000
vt 0.05790000 0.25590000
vt 0.04190000 0.25590000
vt 0.04190000 0.25590000
vt 0.04190000 0.97400000
vt 0.04190000 0.01490000
vt 0.04190000 0.97400000
vt 0.04190000 0.01490000
vt 0.05790000 0.01490000
vt 0.05790000 0.97400000
vt 0.05770000 0.49440000
vt 0.04190000 0.49440000
vt 0.04190000 0.49440000
vt 0.05770000 0.73250000
vt 0.04190000 0.73250000
vt 0.04190000 0.73250000
vt 0.06980000 0.73940000
vt 0.06940000 0.72570000
vt 0.06980000 0.96710000
vt 0.06980000 0.02170000
vt 0.06940000 0.48760000
vt 0.06940000 0.50120000
vt 0.06980000 0.24910000
vt 0.06940000 0.26270000
vt 0.08710000 0.75680000
vt 0.08660000 0.70860000
vt 0.08720000 0.03910000
vt 0.08710000 0.94970000
vt 0.08660000 0.47040000
vt 0.08660000 0.51830000
vt 0.08720000 0.23170000
vt 0.08660000 0.27990000
vt 0.89270000 0.00860000
vt 0.89270000 0.00860000
vt 0.24280000 0.91330000
vt 0.89270000 0.90030000
vt 0.89270000 0.90030000
vt 0.82150000 0.90030000
vt 0.99310000 0.91330000
vt 0.13560000 0.91330000
vt 0.82150000 0.00860000
vt 0.99350000 0.00860000
vt 0.30560000 0.00860000
vt 0.99350000 0.90030000
vt 0.30560000 0.90030000
vt 0.35000000 0.91330000
vt 0.37680000 0.00860000
vt 0.37680000 0.00860000
vt 0.45710000 0.91330000
vt 0.37680000 0.90030000
vt 0.37680000 0.90030000
vt 0.47750000 0.00860000
vt 0.47750000 0.00860000
vt 0.56430000 0.91330000
vt 0.47750000 0.90030000
vt 0.47750000 0.90030000
vt 0.54880000 0.00860000
vt 0.67150000 0.91330000
vt 0.54880000 0.90030000
vt 0.64950000 0.00860000
vt 0.64950000 0.90030000
vt 0.77870000 0.91330000
vt 0.72070000 0.00860000
vt 0.88590000 0.91330000
vt 0.72070000 0.90030000
vt 0.24280000 0.94140000
vt 0.24280000 0.94140000
vt 0.24280000 0.94930000
vt 0.24280000 0.94930000
vt 0.13560000 0.94930000
vt 0.99310000 0.94930000
vt 0.99310000 0.94930000
vt 0.13560000 0.94930000
vt 0.13560000 0.94140000
vt 0.99310000 0.94140000
vt 0.99310000 0.94140000
vt 0.13560000 0.94140000
vt 0.35000000 0.94140000
vt 0.35000000 0.94140000
vt 0.35000000 0.94930000
vt 0.35000000 0.94930000
vt 0.45710000 0.94140000
vt 0.45710000 0.94140000
vt 0.45710000 0.94930000
vt 0.45710000 0.94930000
vt 0.56430000 0.94140000
vt 0.56430000 0.94140000
vt 0.56430000 0.94930000
vt 0.56430000 0.94930000
vt 0.67150000 0.94140000
vt 0.67150000 0.94140000
vt 0.67150000 0.94930000
vt 0.67150000 0.94930000
vt 0.77870000 0.94140000
vt 0.77870000 0.94140000
vt 0.77870000 0.94930000
vt 0.77870000 0.94930000
vt 0.88590000 0.94140000
vt 0.88590000 0.94140000
vt 0.88590000 0.94930000
vt 0.88590000 0.94930000
vt 0.24280000 0.97270000
vt 0.24280000 0.99080000
vt 0.09410000 0.57680000
vt 0.13560000 0.99080000
vt 0.99310000 0.99080000
vt 0.14500000 0.52580000
vt 0.09410000 0.41200000
vt 0.13560000 0.97270000
vt 0.99310000 0.97270000
vt 0.35000000 0.97270000
vt 0.35000000 0.99080000
vt 0.09410000 0.64880000
vt 0.45710000 0.97270000
vt 0.45710000 0.99080000
vt 0.09610000 0.81590000
vt 0.14500000 0.69980000
vt 0.56430000 0.97270000
vt 0.56430000 0.99080000
vt 0.14800000 0.04800000
vt 0.09610000 0.88890000
vt 0.67150000 0.97270000
vt 0.67150000 0.99080000
vt 0.09640000 0.09960000
vt 0.77870000 0.97270000
vt 0.77870000 0.99080000
vt 0.09640000 0.17250000
vt 0.88590000 0.97270000
vt 0.88590000 0.99080000
vt 0.09410000 0.34000000
vt 0.14800000 0.22410000
vt 0.24280000 0.92740000
vt 0.24280000 0.92740000
vt 0.13560000 0.92740000
vt 0.99310000 0.92740000
vt 0.13560000 0.92740000
vt 0.99310000 0.92740000
vt 0.35000000 0.92740000
vt 0.35000000 0.92740000
vt 0.45710000 0.92740000
vt 0.45710000 0.92740000
vt 0.56430000 0.92740000
vt 0.56430000 0.92740000
vt 0.67150000 0.92740000
vt 0.67150000 0.92740000
vt 0.77870000 0.92740000
vt 0.77870000 0.92740000
vt 0.88590000 0.92740000
vt 0.88590000 0.92740000
vt 0.99310000 0.95710000
vt 0.13560000 0.95710000
vt 0.24280000 0.95710000
vt 0.35000000 0.95710000
vt 0.45710000 0.95710000
vt 0.56430000 0.95710000
vt 0.67150000 0.95710000
vt 0.77870000 0.95710000
vt 0.88590000 0.95710000
vt 0.03890000 0.25590000
vt 0.03890000 0.25590000
vt 0.03890000 0.25590000
vt 0.03180000 0.25590000
vt 0.03180000 0.25590000
vt 0.02720000 0.73550000
vt 0.02720000 0.74140000
vt 0.03180000 0.97100000
vt 0.02720000 0.49740000
vt 0.02720000 0.49150000
vt 0.03180000 0.01780000
vt 0.03890000 0.01780000
vt 0.03890000 0.01780000
vt 0.03890000 0.97100000
vt 0.03890000 0.97100000
vt 0.03890000 0.49440000
vt 0.03890000 0.49440000
vt 0.03890000 0.49440000
vt 0.03180000 0.49440000
vt 0.02720000 0.00900000
vt 0.03180000 0.49440000
vt 0.02720000 0.97990000
vt 0.03890000 0.73250000
vt 0.03890000 0.73250000
vt 0.03890000 0.73250000
vt 0.02720000 0.25300000
vt 0.02720000 0.24710000
vt 0.03180000 0.73250000
vt 0.03180000 0.73250000
vt 0.02430000 0.49450000
vt 0.02430000 0.49450000
vt 0.02430000 0.49450000
vt 0.02430000 0.73850000
vt 0.02430000 0.73850000
vt 0.02430000 0.73850000
vt 0.02430000 0.98290000
vt 0.02430000 0.00610000
vt 0.02430000 0.98290000
vt 0.02430000 0.00610000
vt 0.02430000 0.25010000
vt 0.02430000 0.25010000
vt 0.02430000 0.25010000
vt 0.00590000 0.73850000
vt 0.10520000 0.71360000
vt 0.00590000 0.73850000
vt 0.29690000 0.71360000
vt 0.00590000 0.00610000
vt 0.00590000 0.98290000
vt 0.00590000 0.25010000
vt 0.00590000 0.25010000
vt 0.29690000 0.90500000
vt 0.00590000 0.49450000
vt 0.00590000 0.49450000
vt 0.10520000 0.90500000
vt 0.05790000 0.25590000
vt 0.04190000 0.25590000
vt 0.04190000 0.25590000
vt 0.04190000 0.97400000
vt 0.04190000 0.01490000
vt 0.04190000 0.01490000
vt 0.04190000 0.97400000
vt 0.05790000 0.97400000
vt 0.05790000 0.01490000
vt 0.05770000 0.49440000
vt 0.04190000 0.49440000
vt 0.04190000 0.49440000
vt 0.05770000 0.73250000
vt 0.04190000 0.73250000
vt 0.04190000 0.73250000
vt 0.06980000 0.73940000
vt 0.06940000 0.72570000
vt 0.06980000 0.96710000
vt 0.06980000 0.02170000
vt 0.06940000 0.50120000
vt 0.06940000 0.48760000
vt 0.06980000 0.24910000
vt 0.06940000 0.26270000
vt 0.08660000 0.70860000
vt 0.08710000 0.75680000
vt 0.08710000 0.94970000
vt 0.08720000 0.03910000
vt 0.08660000 0.47040000
vt 0.08660000 0.51830000
vt 0.08660000 0.27990000
vt 0.08720000 0.23170000
vt 0.89270000 0.00860000
vt 0.89270000 0.90030000
vt 0.24280000 0.91330000
vt 0.82150000 0.90030000
vt 0.13560000 0.91330000
vt 0.99310000 0.91330000
vt 0.82150000 0.90030000
vt 0.82150000 0.00860000
vt 0.82150000 0.00860000
vt 0.30560000 0.00860000
vt 0.99350000 0.00860000
vt 0.30560000 0.90030000
vt 0.99350000 0.90030000
vt 0.35000000 0.91330000
vt 0.37680000 0.00860000
vt 0.37680000 0.90030000
vt 0.45710000 0.91330000
vt 0.47750000 0.00860000
vt 0.56430000 0.91330000
vt 0.47750000 0.90030000
vt 0.54880000 0.00860000
vt 0.54880000 0.00860000
vt 0.54880000 0.90030000
vt 0.67150000 0.91330000
vt 0.54880000 0.90030000
vt 0.64950000 0.00860000
vt 0.64950000 0.90030000
vt 0.77870000 0.91330000
vt 0.72070000 0.00860000
vt 0.72070000 0.00860000
vt 0.72070000 0.90030000
vt 0.88590000 0.91330000
vt 0.72070000 0.90030000
vt 0.24280000 0.94140000
vt 0.24280000 0.94140000
vt 0.24280000 0.94930000
vt 0.24280000 0.94930000
vt 0.13560000 0.94930000
vt 0.13560000 0.94930000
vt 0.99310000 0.94930000
vt 0.99310000 0.94930000
vt 0.99310000 0.94140000
vt 0.13560000 0.94140000
vt 0.99310000 0.94140000
vt 0.13560000 0.94140000
vt 0.35000000 0.94140000
vt 0.35000000 0.94140000
vt 0.35000000 0.94930000
vt 0.35000000 0.94930000
vt 0.45710000 0.94140000
vt 0.45710000 0.94140000
vt 0.45710000 0.94930000
vt 0.45710000 0.94930000
vt 0.56430000 0.94140000
vt 0.56430000 0.94140000
vt 0.56430000 0.94930000
vt 0.56430000 0.94930000
vt 0.67150000 0.94140000
vt 0.67150000 0.94140000
vt 0.67150000 0.94930000
vt 0.67150000 0.94930000
vt 0.77870000 0.94140000
vt 0.77870000 0.94140000
vt 0.77870000 0.94930000
vt 0.77870000 0.94930000
vt 0.88590000 0.94140000
vt 0.88590000 0.94140000
vt 0.88590000 0.94930000
vt 0.88590000 0.94930000
vt 0.24280000 0.97270000
vt 0.09410000 0.57680000
vt 0.24280000 0.99080000
vt 0.99310000 0.99080000
vt 0.13560000 0.99080000
vt 0.14500000 0.52580000
vt 0.09410000 0.41200000
vt 0.13560000 0.97270000
vt 0.99310000 0.97270000
vt 0.35000000 0.97270000
vt 0.35000000 0.99080000
vt 0.09410000 0.64880000
vt 0.45710000 0.97270000
vt 0.14500000 0.69980000
vt 0.45710000 0.99080000
vt 0.09610000 0.81590000
vt 0.56430000 0.97270000
vt 0.56430000 0.99080000
vt 0.09610000 0.88890000
vt 0.14800000 0.04800000
vt 0.67150000 0.97270000
vt 0.67150000 0.99080000
vt 0.09640000 0.09960000
vt 0.77870000 0.97270000
vt 0.09640000 0.17250000
vt 0.77870000 0.99080000
vt 0.88590000 0.97270000
vt 0.88590000 0.99080000
vt 0.09410000 0.34000000
vt 0.14800000 0.22410000
vt 0.24280000 0.92740000
vt 0.24280000 0.92740000
vt 0.13560000 0.92740000
vt 0.13560000 0.92740000
vt 0.99310000 0.92740000
vt 0.99310000 0.92740000
vt 0.35000000 0.92740000
vt 0.35000000 0.92740000
vt 0.45710000 0.92740000
vt 0.45710000 0.92740000
vt 0.56430000 0.92740000
vt 0.56430000 0.92740000
vt 0.67150000 0.92740000
vt 0.67150000 0.92740000
vt 0.77870000 0.92740000
vt 0.77870000 0.92740000
vt 0.88590000 0.92740000
vt 0.88590000 0.92740000
vt 0.99310000 0.95710000
vt 0.13560000 0.95710000
vt 0.24280000 0.95710000
vt 0.35000000 0.95710000
vt 0.45710000 0.95710000
vt 0.56430000 0.95710000
vt 0.67150000 0.95710000
vt 0.77870000 0.95710000
vt 0.88590000 0.95710000
vt 0.03890000 0.25590000
vt 0.03890000 0.25590000
vt 0.03890000 0.25590000
vt 0.03180000 0.25590000
vt 0.02720000 0.73550000
vt 0.03180000 0.25590000
vt 0.02720000 0.74140000
vt 0.03180000 0.01780000
vt 0.02720000 0.49740000
vt 0.03180000 0.97100000
vt 0.02720000 0.49150000
vt 0.03890000 0.01780000
vt 0.03890000 0.97100000
vt 0.03890000 0.01780000
vt 0.03890000 0.97100000
vt 0.03890000 0.49440000
vt 0.03890000 0.49440000
vt 0.03890000 0.49440000
vt 0.03180000 0.49440000
vt 0.03180000 0.49440000
vt 0.02720000 0.97990000
vt 0.02720000 0.00900000
vt 0.03890000 0.73250000
vt 0.03890000 0.73250000
vt 0.03890000 0.73250000
vt 0.02720000 0.25300000
vt 0.02720000 0.24710000
vt 0.03180000 0.73250000
vt 0.03180000 0.73250000
vt 0.02430000 0.49450000
vt 0.02430000 0.49450000
vt 0.02430000 0.49450000
vt 0.02430000 0.73850000
vt 0.02430000 0.73850000
vt 0.02430000 0.73850000
vt 0.02430000 0.98290000
vt 0.02430000 0.00610000
vt 0.02430000 0.98290000
vt 0.02430000 0.00610000
vt 0.02430000 0.25010000
vt 0.02430000 0.25010000
vt 0.02430000 0.25010000
vt 0.10520000 0.71360000
vt 0.00590000 0.73850000
vt 0.00590000 0.73850000
vt 0.00590000 0.98290000
vt 0.29690000 0.71360000
vt 0.00590000 0.00610000
vt 0.29690000 0.90500000
vt 0.00590000 0.25010000
vt 0.00590000 0.25010000
vt 0.00590000 0.49450000
vt 0.00590000 0.49450000
vt 0.10520000 0.90500000
vt 0.05790000 0.25590000
vt 0.04190000 0.25590000
vt 0.04190000 0.25590000
vt 0.04190000 0.01490000
vt 0.04190000 0.01490000
vt 0.04190000 0.97400000
vt 0.04190000 0.97400000
vt 0.05790000 0.97400000
vt 0.05790000 0.01490000
vt 0.05770000 0.49440000
vt 0.04190000 0.49440000
vt 0.04190000 0.49440000
vt 0.05770000 0.73250000
vt 0.04190000 0.73250000
vt 0.04190000 0.73250000
vt 0.06940000 0.72570000
vt 0.06980000 0.73940000
vt 0.06980000 0.02170000
vt 0.06980000 0.96710000
vt 0.06940000 0.50120000
vt 0.06940000 0.48760000
vt 0.06940000 0.26270000
vt 0.06980000 0.24910000
vt 0.08660000 0.70860000
vt 0.08710000 0.75680000
vt 0.08720000 0.03910000
vt 0.08710000 0.94970000
vt 0.08660000 0.47040000
vt 0.08660000 0.51830000
vt 0.08660000 0.27990000
vt 0.08720000 0.23170000
vt 0.89270000 0.00860000
vt 0.89270000 0.00860000
vt 0.24280000 0.91330000
vt 0.89270000 0.90030000
vt 0.89270000 0.90030000
vt 0.13560000 0.91330000
vt 0.99310000 0.91330000
vt 0.82150000 0.90030000
vt 0.82150000 0.00860000
vt 0.99350000 0.00860000
vt 0.30560000 0.00860000
vt 0.30560000 0.90030000
vt 0.99350000 0.90030000
vt 0.35000000 0.91330000
vt 0.37680000 0.00860000
vt 0.37680000 0.90030000
vt 0.45710000 0.91330000
vt 0.47750000 0.00860000
vt 0.56430000 0.91330000
vt 0.47750000 0.90030000
vt 0.54880000 0.00860000
vt 0.54880000 0.00860000
vt 0.54880000 0.90030000
vt 0.67150000 0.91330000
vt 0.54880000 0.90030000
vt 0.64950000 0.00860000
vt 0.64950000 0.00860000
vt 0.64950000 0.90030000
vt 0.64950000 0.90030000
vt 0.77870000 0.91330000
vt 0.72070000 0.00860000
vt 0.72070000 0.90030000
vt 0.88590000 0.91330000
vt 0.24280000 0.94140000
vt 0.24280000 0.94140000
vt 0.24280000 0.94930000
vt 0.24280000 0.94930000
vt 0.99310000 0.94930000
vt 0.13560000 0.94930000
vt 0.99310000 0.94930000
vt 0.13560000 0.94930000
vt 0.13560000 0.94140000
vt 0.99310000 0.94140000
vt 0.99310000 0.94140000
vt 0.13560000 0.94140000
vt 0.35000000 0.94140000
vt 0.35000000 0.94140000
vt 0.35000000 0.94930000
vt 0.35000000 0.94930000
vt 0.45710000 0.94140000
vt 0.45710000 0.94140000
vt 0.45710000 0.94930000
vt 0.45710000 0.94930000
vt 0.56430000 0.94140000
vt 0.56430000 0.94140000
vt 0.56430000 0.94930000
vt 0.56430000 0.94930000
vt 0.67150000 0.94140000
vt 0.67150000 0.94140000
vt 0.67150000 0.94930000
vt 0.67150000 0.94930000
vt 0.77870000 0.94140000
vt 0.77870000 0.94140000
vt 0.77870000 0.94930000
vt 0.77870000 0.94930000
vt 0.88590000 0.94140000
vt 0.88590000 0.94140000
vt 0.88590000 0.94930000
vt 0.88590000 0.94930000
vt 0.24280000 0.97270000
vt 0.24280000 0.99080000
vt 0.09410000 0.57680000
vt 0.09410000 0.41200000
vt 0.14500000 0.52580000
vt 0.99310000 0.99080000
vt 0.13560000 0.99080000
vt 0.99310000 0.97270000
vt 0.13560000 0.97270000
vt 0.35000000 0.97270000
vt 0.09410000 0.64880000
vt 0.35000000 0.99080000
vt 0.45710000 0.97270000
vt 0.45710000 0.99080000
vt 0.09610000 0.81590000
vt 0.14500000 0.69980000
vt 0.56430000 0.97270000
vt 0.09610000 0.88890000
vt 0.14800000 0.04800000
vt 0.56430000 0.99080000
vt 0.67150000 0.97270000
vt 0.09640000 0.09960000
vt 0.67150000 0.99080000
vt 0.77870000 0.97270000
vt 0.77870000 0.99080000
vt 0.09640000 0.17250000
vt 0.88590000 0.97270000
vt 0.88590000 0.99080000
vt 0.14800000 0.22410000
vt 0.09410000 0.34000000
vt 0.24280000 0.92740000
vt 0.24280000 0.92740000
vt 0.13560000 0.92740000
vt 0.99310000 0.92740000
vt 0.99310000 0.92740000
vt 0.13560000 0.92740000
vt 0.35000000 0.92740000
vt 0.35000000 0.92740000
vt 0.45710000 0.92740000
vt 0.45710000 0.92740000
vt 0.56430000 0.92740000
vt 0.56430000 0.92740000
vt 0.67150000 0.92740000
vt 0.67150000 0.92740000
vt 0.77870000 0.92740000
vt 0.77870000 0.92740000
vt 0.88590000 0.92740000
vt 0.88590000 0.92740000
vt 0.13560000 0.95710000
vt 0.99310000 0.95710000
vt 0.24280000 0.95710000
vt 0.35000000 0.95710000
vt 0.45710000 0.95710000
vt 0.56430000 0.95710000
vt 0.67150000 0.95710000
vt 0.77870000 0.95710000
vt 0.88590000 0.95710000
vt 0.03890000 0.25590000
vt 0.03890000 0.25590000
vt 0.03890000 0.25590000
vt 0.02720000 0.74140000
vt 0.03180000 0.25590000
vt 0.02720000 0.73550000
vt 0.03180000 0.25590000
vt 0.03180000 0.01780000
vt 0.02720000 0.49150000
vt 0.02720000 0.49740000
vt 0.03180000 0.97100000
vt 0.03890000 0.01780000
vt 0.03890000 0.97100000
vt 0.03890000 0.01780000
vt 0.03890000 0.97100000
vt 0.03890000 0.49440000
vt 0.03890000 0.49440000
vt 0.03890000 0.49440000
vt 0.02720000 0.00900000
vt 0.02720000 0.97990000
vt 0.03180000 0.49440000
vt 0.03180000 0.49440000
vt 0.03890000 0.73250000
vt 0.03890000 0.73250000
vt 0.03890000 0.73250000
vt 0.03180000 0.73250000
vt 0.02720000 0.25300000
vt 0.02720000 0.24710000
vt 0.03180000 0.73250000
vt 0.02430000 0.49450000
vt 0.02430000 0.49450000
vt 0.02430000 0.49450000
vt 0.02430000 0.73850000
vt 0.02430000 0.73850000
vt 0.02430000 0.73850000
vt 0.02430000 0.00610000
vt 0.02430000 0.98290000
vt 0.02430000 0.98290000
vt 0.02430000 0.00610000
vt 0.02430000 0.25010000
vt 0.02430000 0.25010000
vt 0.02430000 0.25010000
vt 0.29690000 0.90500000
vt 0.00590000 0.25010000
vt 0.00590000 0.25010000
vt 0.00590000 0.98290000
vt 0.00590000 0.00610000
vt 0.29690000 0.71360000
vt 0.10520000 0.71360000
vt 0.00590000 0.73850000
vt 0.00590000 0.73850000
vt 0.00590000 0.49450000
vt 0.10520000 0.90500000
vt 0.00590000 0.49450000
vt 0.04190000 0.97400000
vt 0.04190000 0.01490000
vt 0.04190000 0.97400000
vt 0.04190000 0.01490000
vt 0.04190000 0.25590000
vt 0.04190000 0.25590000
vt 0.05790000 0.25590000
vt 0.05790000 0.01490000
vt 0.05790000 0.97400000
vt 0.04190000 0.49440000
vt 0.04190000 0.49440000
vt 0.05770000 0.49440000
vt 0.04190000 0.73250000
vt 0.04190000 0.73250000
vt 0.05770000 0.73250000
vt 0.06980000 0.96710000
vt 0.06980000 0.02170000
vt 0.06980000 0.73940000
vt 0.06940000 0.72570000
vt 0.06940000 0.50120000
vt 0.06940000 0.48760000
vt 0.06980000 0.24910000
vt 0.06940000 0.26270000
vt 0.08710000 0.94970000
vt 0.08720000 0.03910000
vt 0.08710000 0.75680000
vt 0.08660000 0.70860000
vt 0.08660000 0.51830000
vt 0.08660000 0.47040000
vt 0.08660000 0.27990000
vt 0.08720000 0.23170000
vt 0.13560000 0.91330000
vt 0.99310000 0.91330000
vt 0.82150000 0.90030000
vt 0.24280000 0.91330000
vt 0.89270000 0.90030000
vt 0.89270000 0.00860000
vt 0.82150000 0.00860000
vt 0.30560000 0.90030000
vt 0.35000000 0.91330000
vt 0.99350000 0.90030000
vt 0.99350000 0.00860000
vt 0.30560000 0.00860000
vt 0.45710000 0.91330000
vt 0.37680000 0.90030000
vt 0.37680000 0.00860000
vt 0.47750000 0.90030000
vt 0.56430000 0.91330000
vt 0.47750000 0.00860000
vt 0.54880000 0.90030000
vt 0.67150000 0.91330000
vt 0.54880000 0.90030000
vt 0.54880000 0.00860000
vt 0.54880000 0.00860000
vt 0.64950000 0.90030000
vt 0.77870000 0.91330000
vt 0.64950000 0.00860000
vt 0.72070000 0.90030000
vt 0.88590000 0.91330000
vt 0.72070000 0.90030000
vt 0.72070000 0.00860000
vt 0.72070000 0.00860000
vt 0.99310000 0.94930000
vt 0.99310000 0.94930000
vt 0.13560000 0.94930000
vt 0.13560000 0.94930000
vt 0.24280000 0.94930000
vt 0.24280000 0.94930000
vt 0.24280000 0.94140000
vt 0.24280000 0.94140000
vt 0.99310000 0.94140000
vt 0.13560000 0.94140000
vt 0.13560000 0.94140000
vt 0.99310000 0.94140000
vt 0.35000000 0.94930000
vt 0.35000000 0.94930000
vt 0.35000000 0.94140000
vt 0.35000000 0.94140000
vt 0.45710000 0.94930000
vt 0.45710000 0.94930000
vt 0.45710000 0.94140000
vt 0.45710000 0.94140000
vt 0.56430000 0.94930000
vt 0.56430000 0.94930000
vt 0.56430000 0.94140000
vt 0.56430000 0.94140000
vt 0.67150000 0.94930000
vt 0.67150000 0.94930000
vt 0.67150000 0.94140000
vt 0.67150000 0.94140000
vt 0.77870000 0.94930000
vt 0.77870000 0.94930000
vt 0.77870000 0.94140000
vt 0.77870000 0.94140000
vt 0.88590000 0.94930000
vt 0.88590000 0.94930000
vt 0.88590000 0.94140000
vt 0.88590000 0.94140000
vt 0.99310000 0.99080000
vt 0.13560000 0.99080000
vt 0.14500000 0.52580000
vt 0.09410000 0.41200000
vt 0.24280000 0.99080000
vt 0.09410000 0.57680000
vt 0.24280000 0.97270000
vt 0.99310000 0.97270000
vt 0.13560000 0.97270000
vt 0.09410000 0.64880000
vt 0.35000000 0.99080000
vt 0.35000000 0.97270000
vt 0.09610000 0.81590000
vt 0.45710000 0.99080000
vt 0.14500000 0.69980000
vt 0.45710000 0.97270000
vt 0.09610000 0.88890000
vt 0.14800000 0.04800000
vt 0.56430000 0.99080000
vt 0.56430000 0.97270000
vt 0.09640000 0.09960000
vt 0.67150000 0.99080000
vt 0.67150000 0.97270000
vt 0.77870000 0.99080000
vt 0.09640000 0.17250000
vt 0.77870000 0.97270000
vt 0.09410000 0.34000000
vt 0.14800000 0.22410000
vt 0.88590000 0.99080000
vt 0.88590000 0.97270000
vt 0.13560000 0.92740000
vt 0.13560000 0.92740000
vt 0.99310000 0.92740000
vt 0.99310000 0.92740000
vt 0.24280000 0.92740000
vt 0.24280000 0.92740000
vt 0.35000000 0.92740000
vt 0.35000000 0.92740000
vt 0.45710000 0.92740000
vt 0.45710000 0.92740000
vt 0.56430000 0.92740000
vt 0.56430000 0.92740000
vt 0.67150000 0.92740000
vt 0.67150000 0.92740000
vt 0.77870000 0.92740000
vt 0.77870000 0.92740000
vt 0.88590000 0.92740000
vt 0.88590000 0.92740000
vt 0.99310000 0.95710000
vt 0.13560000 0.95710000
vt 0.24280000 0.95710000
vt 0.35000000 0.95710000
vt 0.45710000 0.95710000
vt 0.56430000 0.95710000
vt 0.67150000 0.95710000
vt 0.77870000 0.95710000
vt 0.88590000 0.95710000
vt 0.03180000 0.01780000
vt 0.03180000 0.97100000
vt 0.02720000 0.49740000
vt 0.02720000 0.49150000
vt 0.03180000 0.25590000
vt 0.02720000 0.73550000
vt 0.02720000 0.74140000
vt 0.03180000 0.25590000
vt 0.03890000 0.25590000
vt 0.03890000 0.25590000
vt 0.03890000 0.25590000
vt 0.03890000 0.97100000
vt 0.03890000 0.97100000
vt 0.03890000 0.01780000
vt 0.03890000 0.01780000
vt 0.02720000 0.00900000
vt 0.02720000 0.97990000
vt 0.03180000 0.49440000
vt 0.03180000 0.49440000
vt 0.03890000 0.49440000
vt 0.03890000 0.49440000
vt 0.03890000 0.49440000
vt 0.03180000 0.73250000
vt 0.03180000 0.73250000
vt 0.02720000 0.24710000
vt 0.02720000 0.25300000
vt 0.03890000 0.73250000
vt 0.03890000 0.73250000
vt 0.03890000 0.73250000
vt 0.02430000 0.49450000
vt 0.02430000 0.49450000
vt 0.02430000 0.49450000
vt 0.02430000 0.73850000
vt 0.02430000 0.73850000
vt 0.02430000 0.73850000
vt 0.02430000 0.00610000
vt 0.02430000 0.98290000
vt 0.02430000 0.98290000
vt 0.02430000 0.00610000
vt 0.02430000 0.25010000
vt 0.02430000 0.25010000
vt 0.02430000 0.25010000
vt 0.00590000 0.25010000
vt 0.29690000 0.90500000
vt 0.00590000 0.25010000
vt 0.00590000 0.98290000
vt 0.00590000 0.00610000
vt 0.29690000 0.71360000
vt 0.00590000 0.73850000
vt 0.00590000 0.73850000
vt 0.10520000 0.71360000
vt 0.00590000 0.49450000
vt 0.00590000 0.49450000
vt 0.10520000 0.90500000
vt 0.04190000 0.97400000
vt 0.04190000 0.01490000
vt 0.04190000 0.01490000
vt 0.04190000 0.97400000
vt 0.04190000 0.25590000
vt 0.04190000 0.25590000
vt 0.05790000 0.25590000
vt 0.05790000 0.01490000
vt 0.05790000 0.97400000
vt 0.04190000 0.49440000
vt 0.04190000 0.49440000
vt 0.05770000 0.49440000
vt 0.04190000 0.73250000
vt 0.04190000 0.73250000
vt 0.05770000 0.73250000
vt 0.06980000 0.96710000
vt 0.06980000 0.02170000
vt 0.06940000 0.72570000
vt 0.06980000 0.73940000
vt 0.06940000 0.50120000
vt 0.06940000 0.48760000
vt 0.06940000 0.26270000
vt 0.06980000 0.24910000
vt 0.08710000 0.94970000
vt 0.08720000 0.03910000
vt 0.08710000 0.75680000
vt 0.08660000 0.70860000
vt 0.08660000 0.51830000
vt 0.08660000 0.47040000
vt 0.08720000 0.23170000
vt 0.08660000 0.27990000
vt 0.13560000 0.91330000
vt 0.99310000 0.91330000
vt 0.82150000 0.90030000
vt 0.89270000 0.90030000
vt 0.24280000 0.91330000
vt 0.89270000 0.90030000
vt 0.89270000 0.00860000
vt 0.89270000 0.00860000
vt 0.82150000 0.00860000
vt 0.35000000 0.91330000
vt 0.30560000 0.90030000
vt 0.99350000 0.90030000
vt 0.99350000 0.00860000
vt 0.30560000 0.00860000
vt 0.45710000 0.91330000
vt 0.37680000 0.90030000
vt 0.37680000 0.90030000
vt 0.37680000 0.00860000
vt 0.37680000 0.00860000
vt 0.47750000 0.90030000
vt 0.47750000 0.90030000
vt 0.56430000 0.91330000
vt 0.47750000 0.00860000
vt 0.47750000 0.00860000
vt 0.67150000 0.91330000
vt 0.54880000 0.90030000
vt 0.54880000 0.00860000
vt 0.77870000 0.91330000
vt 0.64950000 0.90030000
vt 0.64950000 0.00860000
vt 0.72070000 0.90030000
vt 0.88590000 0.91330000
vt 0.72070000 0.00860000
vt 0.13560000 0.94930000
vt 0.13560000 0.94930000
vt 0.99310000 0.94930000
vt 0.99310000 0.94930000
vt 0.24280000 0.94930000
vt 0.24280000 0.94930000
vt 0.24280000 0.94140000
vt 0.24280000 0.94140000
vt 0.13560000 0.94140000
vt 0.99310000 0.94140000
vt 0.99310000 0.94140000
vt 0.13560000 0.94140000
vt 0.35000000 0.94930000
vt 0.35000000 0.94930000
vt 0.35000000 0.94140000
vt 0.35000000 0.94140000
vt 0.45710000 0.94930000
vt 0.45710000 0.94930000
vt 0.45710000 0.94140000
vt 0.45710000 0.94140000
vt 0.56430000 0.94930000
vt 0.56430000 0.94930000
vt 0.56430000 0.94140000
vt 0.56430000 0.94140000
vt 0.67150000 0.94930000
vt 0.67150000 0.94930000
vt 0.67150000 0.94140000
vt 0.67150000 0.94140000
vt 0.77870000 0.94930000
vt 0.77870000 0.94930000
vt 0.77870000 0.94140000
vt 0.77870000 0.94140000
vt 0.88590000 0.94930000
vt 0.88590000 0.94930000
vt 0.88590000 0.94140000
vt 0.88590000 0.94140000
vt 0.13560000 0.99080000
vt 0.99310000 0.99080000
vt 0.14500000 0.52580000
vt 0.09410000 0.41200000
vt 0.24280000 0.99080000
vt 0.09410000 0.57680000
vt 0.24280000 0.97270000
vt 0.99310000 0.97270000
vt 0.13560000 0.97270000
vt 0.09410000 0.64880000
vt 0.35000000 0.99080000
vt 0.35000000 0.97270000
vt 0.14500000 0.69980000
vt 0.09610000 0.81590000
vt 0.45710000 0.99080000
vt 0.45710000 0.97270000
vt 0.09610000 0.88890000
vt 0.14800000 0.04800000
vt 0.56430000 0.99080000
vt 0.56430000 0.97270000
vt 0.09640000 0.09960000
vt 0.67150000 0.99080000
vt 0.67150000 0.97270000
vt 0.77870000 0.99080000
vt 0.09640000 0.17250000
vt 0.77870000 0.97270000
vt 0.14800000 0.22410000
vt 0.09410000 0.34000000
vt 0.88590000 0.99080000
vt 0.88590000 0.97270000
vt 0.13560000 0.92740000
vt 0.99310000 0.92740000
vt 0.13560000 0.92740000
vt 0.99310000 0.92740000
vt 0.24280000 0.92740000
vt 0.24280000 0.92740000
vt 0.35000000 0.92740000
vt 0.35000000 0.92740000
vt 0.45710000 0.92740000
vt 0.45710000 0.92740000
vt 0.56430000 0.92740000
vt 0.56430000 0.92740000
vt 0.67150000 0.92740000
vt 0.67150000 0.92740000
vt 0.77870000 0.92740000
vt 0.77870000 0.92740000
vt 0.88590000 0.92740000
vt 0.88590000 0.92740000
vt 0.99310000 0.95710000
vt 0.13560000 0.95710000
vt 0.24280000 0.95710000
vt 0.35000000 0.95710000
vt 0.45710000 0.95710000
vt 0.56430000 0.95710000
vt 0.67150000 0.95710000
vt 0.77870000 0.95710000
vt 0.88590000 0.95710000
vt 0.03180000 0.97100000
vt 0.02720000 0.49150000
vt 0.03180000 0.01780000
vt 0.02720000 0.49740000
vt 0.02720000 0.73550000
vt 0.02720000 0.74140000
vt 0.03180000 0.25590000
vt 0.03180000 0.25590000
vt 0.03890000 0.25590000
vt 0.03890000 0.25590000
vt 0.03890000 0.25590000
vt 0.03890000 0.97100000
vt 0.03890000 0.01780000
vt 0.03890000 0.01780000
vt 0.03890000 0.97100000
vt 0.03180000 0.49440000
vt 0.02720000 0.00900000
vt 0.02720000 0.97990000
vt 0.03180000 0.49440000
vt 0.03890000 0.49440000
vt 0.03890000 0.49440000
vt 0.03890000 0.49440000
vt 0.02720000 0.25300000
vt 0.03180000 0.73250000
vt 0.03180000 0.73250000
vt 0.02720000 0.24710000
vt 0.03890000 0.73250000
vt 0.03890000 0.73250000
vt 0.03890000 0.73250000
vt 0.02430000 0.49450000
vt 0.02430000 0.49450000
vt 0.02430000 0.49450000
vt 0.02430000 0.73850000
vt 0.02430000 0.73850000
vt 0.02430000 0.73850000
vt 0.02430000 0.98290000
vt 0.02430000 0.98290000
vt 0.02430000 0.00610000
vt 0.02430000 0.00610000
vt 0.02430000 0.25010000
vt 0.02430000 0.25010000
vt 0.02430000 0.25010000
vt 0.00590000 0.73850000
vt 0.10520000 0.71360000
vt 0.00590000 0.73850000
vt 0.00590000 0.98290000
vt 0.00590000 0.00610000
vt 0.29690000 0.71360000
vt 0.29690000 0.90500000
vt 0.00590000 0.25010000
vt 0.00590000 0.25010000
vt 0.00590000 0.49450000
vt 0.10520000 0.90500000
vt 0.00590000 0.49450000
vt 0.05790000 0.25590000
vt 0.04190000 0.25590000
vt 0.04190000 0.25590000
vt 0.04190000 0.01490000
vt 0.04190000 0.97400000
vt 0.04190000 0.01490000
vt 0.04190000 0.97400000
vt 0.05790000 0.97400000
vt 0.05790000 0.01490000
vt 0.05770000 0.49440000
vt 0.04190000 0.49440000
vt 0.04190000 0.49440000
vt 0.05770000 0.73250000
vt 0.04190000 0.73250000
vt 0.04190000 0.73250000
vt 0.06940000 0.72570000
vt 0.06980000 0.73940000
vt 0.06980000 0.96710000
vt 0.06980000 0.02170000
vt 0.06940000 0.50120000
vt 0.06940000 0.48760000
vt 0.06980000 0.24910000
vt 0.06940000 0.26270000
vt 0.08660000 0.70860000
vt 0.08710000 0.75680000
vt 0.08710000 0.94970000
vt 0.08720000 0.03910000
vt 0.08660000 0.47040000
vt 0.08660000 0.51830000
vt 0.08660000 0.27990000
vt 0.08720000 0.23170000
vt 0.89270000 0.00860000
vt 0.89270000 0.90030000
vt 0.24280000 0.91330000
vt 0.82150000 0.90030000
vt 0.13560000 0.91330000
vt 0.99310000 0.91330000
vt 0.82150000 0.90030000
vt 0.82150000 0.00860000
vt 0.82150000 0.00860000
vt 0.99350000 0.00860000
vt 0.30560000 0.00860000
vt 0.30560000 0.90030000
vt 0.99350000 0.90030000
vt 0.35000000 0.91330000
vt 0.37680000 0.00860000
vt 0.45710000 0.91330000
vt 0.37680000 0.90030000
vt 0.47750000 0.00860000
vt 0.56430000 0.91330000
vt 0.47750000 0.90030000
vt 0.54880000 0.00860000
vt 0.54880000 0.00860000
vt 0.54880000 0.90030000
vt 0.67150000 0.91330000
vt 0.54880000 0.90030000
vt 0.64950000 0.00860000
vt 0.64950000 0.90030000
vt 0.77870000 0.91330000
vt 0.72070000 0.00860000
vt 0.72070000 0.00860000
vt 0.88590000 0.91330000
vt 0.72070000 0.90030000
vt 0.72070000 0.90030000
vt 0.24280000 0.94140000
vt 0.24280000 0.94140000
vt 0.24280000 0.94930000
vt 0.24280000 0.94930000
vt 0.13560000 0.94930000
vt 0.99310000 0.94930000
vt 0.99310000 0.94930000
vt 0.13560000 0.94930000
vt 0.99310000 0.94140000
vt 0.99310000 0.94140000
vt 0.13560000 0.94140000
vt 0.13560000 0.94140000
vt 0.35000000 0.94140000
vt 0.35000000 0.94140000
vt 0.35000000 0.94930000
vt 0.35000000 0.94930000
vt 0.45710000 0.94140000
vt 0.45710000 0.94140000
vt 0.45710000 0.94930000
vt 0.45710000 0.94930000
vt 0.56430000 0.94140000
vt 0.56430000 0.94140000
vt 0.56430000 0.94930000
vt 0.56430000 0.94930000
vt 0.67150000 0.94140000
vt 0.67150000 0.94140000
vt 0.67150000 0.94930000
vt 0.67150000 0.94930000
vt 0.77870000 0.94140000
vt 0.77870000 0.94140000
vt 0.77870000 0.94930000
vt 0.77870000 0.94930000
vt 0.88590000 0.94140000
vt 0.88590000 0.94140000
vt 0.88590000 0.94930000
vt 0.88590000 0.94930000
vt 0.24280000 0.97270000
vt 0.24280000 0.99080000
vt 0.09410000 0.57680000
vt 0.13560000 0.99080000
vt 0.14500000 0.52580000
vt 0.09410000 0.41200000
vt 0.99310000 0.99080000
vt 0.13560000 0.97270000
vt 0.99310000 0.97270000
vt 0.35000000 0.97270000
vt 0.35000000 0.99080000
vt 0.09410000 0.64880000
vt 0.45710000 0.97270000
vt 0.45710000 0.99080000
vt 0.09610000 0.81590000
vt 0.14500000 0.69980000
vt 0.56430000 0.97270000
vt 0.09610000 0.88890000
vt 0.14800000 0.04800000
vt 0.56430000 0.99080000
vt 0.67150000 0.97270000
vt 0.67150000 0.99080000
vt 0.09640000 0.09960000
vt 0.77870000 0.97270000
vt 0.09640000 0.17250000
vt 0.77870000 0.99080000
vt 0.88590000 0.97270000
vt 0.88590000 0.99080000
vt 0.09410000 0.34000000
vt 0.14800000 0.22410000
vt 0.24280000 0.92740000
vt 0.24280000 0.92740000
vt 0.99310000 0.92740000
vt 0.13560000 0.92740000
vt 0.13560000 0.92740000
vt 0.99310000 0.92740000
vt 0.35000000 0.92740000
vt 0.35000000 0.92740000
vt 0.45710000 0.92740000
vt 0.45710000 0.92740000
vt 0.56430000 0.92740000
vt 0.56430000 0.92740000
vt 0.67150000 0.92740000
vt 0.67150000 0.92740000
vt 0.77870000 0.92740000
vt 0.77870000 0.92740000
vt 0.88590000 0.92740000
vt 0.88590000 0.92740000
vt 0.13560000 0.95710000
vt 0.99310000 0.95710000
vt 0.24280000 0.95710000
vt 0.35000000 0.95710000
vt 0.45710000 0.95710000
vt 0.56430000 0.95710000
vt 0.67150000 0.95710000
vt 0.77870000 0.95710000
vt 0.88590000 0.95710000
vt 0.03890000 0.25590000
vt 0.03890000 0.25590000
vt 0.03890000 0.25590000
vt 0.02720000 0.74140000
vt 0.02720000 0.73550000
vt 0.03180000 0.25590000
vt 0.03180000 0.25590000
vt 0.03180000 0.01780000
vt 0.02720000 0.49150000
vt 0.02720000 0.49740000
vt 0.03180000 0.97100000
vt 0.03890000 0.01780000
vt 0.03890000 0.97100000
vt 0.03890000 0.97100000
vt 0.03890000 0.01780000
vt 0.03890000 0.49440000
vt 0.03890000 0.49440000
vt 0.03890000 0.49440000
vt 0.02720000 0.00900000
vt 0.03180000 0.49440000
vt 0.02720000 0.97990000
vt 0.03180000 0.49440000
vt 0.03890000 0.73250000
vt 0.03890000 0.73250000
vt 0.03890000 0.73250000
vt 0.03180000 0.73250000
vt 0.02720000 0.24710000
vt 0.03180000 0.73250000
vt 0.02720000 0.25300000
vt 0.02430000 0.49450000
vt 0.02430000 0.49450000
vt 0.02430000 0.49450000
vt 0.02430000 0.73850000
vt 0.02430000 0.73850000
vt 0.02430000 0.73850000
vt 0.02430000 0.00610000
vt 0.02430000 0.98290000
vt 0.02430000 0.00610000
vt 0.02430000 0.98290000
vt 0.02430000 0.25010000
vt 0.02430000 0.25010000
vt 0.02430000 0.25010000
vt 0.00590000 0.25010000
vt 0.00590000 0.25010000
vt 0.29690000 0.90500000
vt 0.00590000 0.98290000
vt 0.00590000 0.00610000
vt 0.29690000 0.71360000
vt 0.00590000 0.73850000
vt 0.00590000 0.73850000
vt 0.10520000 0.71360000
vt 0.00590000 0.49450000
vt 0.00590000 0.49450000
vt 0.10520000 0.90500000
vt 0.04190000 0.01490000
vt 0.04190000 0.97400000
vt 0.04190000 0.01490000
vt 0.04190000 0.97400000
vt 0.04190000 0.25590000
vt 0.04190000 0.25590000
vt 0.05790000 0.25590000
vt 0.05790000 0.97400000
vt 0.05790000 0.01490000
vt 0.04190000 0.49440000
vt 0.04190000 0.49440000
vt 0.05770000 0.49440000
vt 0.04190000 0.73250000
vt 0.04190000 0.73250000
vt 0.05770000 0.73250000
vt 0.06980000 0.96710000
vt 0.06980000 0.02170000
vt 0.06980000 0.73940000
vt 0.06940000 0.72570000
vt 0.06940000 0.50120000
vt 0.06940000 0.48760000
vt 0.06940000 0.26270000
vt 0.06980000 0.24910000
vt 0.08710000 0.94970000
vt 0.08720000 0.03910000
vt 0.08660000 0.70860000
vt 0.08710000 0.75680000
vt 0.08660000 0.47040000
vt 0.08660000 0.51830000
vt 0.08660000 0.27990000
vt 0.08720000 0.23170000
vt 0.13560000 0.91330000
vt 0.82150000 0.90030000
vt 0.99310000 0.91330000
vt 0.89270000 0.90030000
vt 0.24280000 0.91330000
vt 0.89270000 0.90030000
vt 0.89270000 0.00860000
vt 0.89270000 0.00860000
vt 0.82150000 0.00860000
vt 0.35000000 0.91330000
vt 0.30560000 0.90030000
vt 0.99350000 0.90030000
vt 0.30560000 0.00860000
vt 0.99350000 0.00860000
vt 0.45710000 0.91330000
vt 0.37680000 0.90030000
vt 0.37680000 0.00860000
vt 0.56430000 0.91330000
vt 0.47750000 0.90030000
vt 0.47750000 0.00860000
vt 0.54880000 0.90030000
vt 0.67150000 0.91330000
vt 0.54880000 0.90030000
vt 0.54880000 0.00860000
vt 0.54880000 0.00860000
vt 0.64950000 0.90030000
vt 0.77870000 0.91330000
vt 0.64950000 0.90030000
vt 0.64950000 0.00860000
vt 0.64950000 0.00860000
vt 0.88590000 0.91330000
vt 0.72070000 0.90030000
vt 0.72070000 0.00860000
vt 0.99310000 0.94930000
vt 0.13560000 0.94930000
vt 0.13560000 0.94930000
vt 0.99310000 0.94930000
vt 0.24280000 0.94930000
vt 0.24280000 0.94930000
vt 0.24280000 0.94140000
vt 0.24280000 0.94140000
vt 0.99310000 0.94140000
vt 0.13560000 0.94140000
vt 0.13560000 0.94140000
vt 0.99310000 0.94140000
vt 0.35000000 0.94930000
vt 0.35000000 0.94930000
vt 0.35000000 0.94140000
vt 0.35000000 0.94140000
vt 0.45710000 0.94930000
vt 0.45710000 0.94930000
vt 0.45710000 0.94140000
vt 0.45710000 0.94140000
vt 0.56430000 0.94930000
vt 0.56430000 0.94930000
vt 0.56430000 0.94140000
vt 0.56430000 0.94140000
vt 0.67150000 0.94930000
vt 0.67150000 0.94930000
vt 0.67150000 0.94140000
vt 0.67150000 0.94140000
vt 0.77870000 0.94930000
vt 0.77870000 0.94930000
vt 0.77870000 0.94140000
vt 0.77870000 0.94140000
vt 0.88590000 0.94930000
vt 0.88590000 0.94930000
vt 0.88590000 0.94140000
vt 0.88590000 0.94140000
vt 0.09410000 0.41200000
vt 0.14500000 0.52580000
vt 0.99310000 0.99080000
vt 0.13560000 0.99080000
vt 0.09410000 0.57680000
vt 0.24280000 0.99080000
vt 0.24280000 0.97270000
vt 0.13560000 0.97270000
vt 0.99310000 0.97270000
vt 0.09410000 0.64880000
vt 0.35000000 0.99080000
vt 0.35000000 0.97270000
vt 0.14500000 0.69980000
vt 0.09610000 0.81590000
vt 0.45710000 0.99080000
vt 0.45710000 0.97270000
vt 0.14800000 0.04800000
vt 0.56430000 0.99080000
vt 0.09610000 0.88890000
vt 0.56430000 0.97270000
vt 0.09640000 0.09960000
vt 0.67150000 0.99080000
vt 0.67150000 0.97270000
vt 0.09640000 0.17250000
vt 0.77870000 0.99080000
vt 0.77870000 0.97270000
vt 0.09410000 0.34000000
vt 0.88590000 0.99080000
vt 0.14800000 0.22410000
vt 0.88590000 0.97270000
vt 0.13560000 0.92740000
vt 0.13560000 0.92740000
vt 0.99310000 0.92740000
vt 0.99310000 0.92740000
vt 0.24280000 0.92740000
vt 0.24280000 0.92740000
vt 0.35000000 0.92740000
vt 0.35000000 0.92740000
vt 0.45710000 0.92740000
vt 0.45710000 0.92740000
vt 0.56430000 0.92740000
vt 0.56430000 0.92740000
vt 0.67150000 0.92740000
vt 0.67150000 0.92740000
vt 0.77870000 0.92740000
vt 0.77870000 0.92740000
vt 0.88590000 0.92740000
vt 0.88590000 0.92740000
vt 0.13560000 0.95710000
vt 0.99310000 0.95710000
vt 0.24280000 0.95710000
vt 0.35000000 0.95710000
vt 0.45710000 0.95710000
vt 0.56430000 0.95710000
vt 0.67150000 0.95710000
vt 0.77870000 0.95710000
vt 0.88590000 0.95710000
vt 0.03180000 0.97100000
vt 0.02720000 0.49740000
vt 0.02720000 0.49150000
vt 0.03180000 0.01780000
vt 0.03180000 0.25590000
vt 0.02720000 0.73550000
vt 0.03180000 0.25590000
vt 0.02720000 0.74140000
vt 0.03890000 0.25590000
vt 0.03890000 0.25590000
vt 0.03890000 0.25590000
vt 0.03890000 0.01780000
vt 0.03890000 0.97100000
vt 0.03890000 0.97100000
vt 0.03890000 0.01780000
vt 0.02720000 0.97990000
vt 0.03180000 0.49440000
vt 0.02720000 0.00900000
vt 0.03180000 0.49440000
vt 0.03890000 0.49440000
vt 0.03890000 0.49440000
vt 0.03890000 0.49440000
vt 0.02720000 0.24710000
vt 0.03180000 0.73250000
vt 0.02720000 0.25300000
vt 0.03180000 0.73250000
vt 0.03890000 0.73250000
vt 0.03890000 0.73250000
vt 0.03890000 0.73250000
vt 0.02430000 0.49450000
vt 0.02430000 0.49450000
vt 0.02430000 0.49450000
vt 0.02430000 0.73850000
vt 0.02430000 0.73850000
vt 0.02430000 0.73850000
vt 0.02430000 0.98290000
vt 0.02430000 0.00610000
vt 0.02430000 0.00610000
vt 0.02430000 0.98290000
vt 0.02430000 0.25010000
vt 0.02430000 0.25010000
vt 0.02430000 0.25010000
vt 0.29690000 0.90500000
vt 0.00590000 0.25010000
vt 0.00590000 0.25010000
vt 0.00590000 0.15950000
vt 0.00590000 0.15950000
vt 0.29690000 0.83390000
vt 0.23880000 0.78280000
vt 0.00590000 0.65030000
vt 0.10520000 0.78280000
vt 0.10520000 0.90500000
vt 0.00590000 0.49450000
vt 0.00590000 0.49450000
vt 0.04190000 0.97400000
vt 0.04190000 0.01490000
vt 0.04190000 0.01490000
vt 0.04190000 0.97400000
vt 0.04190000 0.16880000
vt 0.04190000 0.16880000
vt 0.05790000 0.16880000
vt 0.05790000 0.97400000
vt 0.05790000 0.01490000
vt 0.04190000 0.73250000
vt 0.04190000 0.73250000
vt 0.05770000 0.73250000
vt 0.06980000 0.96710000
vt 0.06980000 0.02170000
vt 0.06940000 0.72570000
vt 0.06980000 0.73940000
vt 0.06940000 0.63810000
vt 0.05770000 0.64410000
vt 0.08720000 0.03910000
vt 0.08710000 0.94970000
vt 0.08710000 0.75680000
vt 0.08660000 0.70860000
vt 0.06980000 0.16880000
vt 0.08720000 0.16880000
vt 0.35000000 0.91330000
vt 0.31770000 0.90050000
vt 0.99670000 0.90050000
vt 0.89290000 0.90050000
vt 0.89290000 0.90050000
vt 0.45710000 0.91330000
vt 0.89290000 0.00910000
vt 0.89290000 0.00910000
vt 0.99670000 0.00910000
vt 0.31770000 0.00910000
vt 0.71840000 0.90050000
vt 0.56430000 0.91330000
vt 0.80480000 0.90050000
vt 0.80480000 0.00910000
vt 0.71840000 0.00910000
vt 0.67150000 0.91330000
vt 0.64900000 0.90050000
vt 0.64900000 0.90050000
vt 0.64900000 0.00910000
vt 0.64900000 0.00910000
vt 0.47500000 0.90050000
vt 0.77740000 0.91330000
vt 0.47500000 0.00910000
vt 0.35000000 0.94930000
vt 0.35000000 0.94930000
vt 0.45710000 0.94930000
vt 0.45710000 0.94930000
vt 0.45710000 0.94140000
vt 0.45710000 0.94140000
vt 0.35000000 0.94140000
vt 0.35000000 0.94140000
vt 0.56430000 0.94930000
vt 0.56430000 0.94930000
vt 0.56430000 0.94140000
vt 0.56430000 0.94140000
vt 0.67150000 0.94930000
vt 0.67150000 0.94930000
vt 0.67150000 0.94140000
vt 0.67150000 0.94140000
vt 0.77440000 0.94930000
vt 0.77440000 0.94930000
vt 0.77740000 0.94140000
vt 0.77740000 0.94140000
vt 0.35000000 0.99080000
vt 0.09410000 0.64880000
vt 0.45710000 0.99080000
vt 0.09610000 0.81590000
vt 0.14500000 0.69980000
vt 0.45710000 0.97270000
vt 0.35000000 0.97270000
vt 0.14800000 0.04800000
vt 0.09610000 0.88890000
vt 0.56430000 0.99080000
vt 0.56430000 0.97270000
vt 0.67150000 0.99080000
vt 0.09640000 0.09960000
vt 0.67150000 0.97270000
vt 0.09640000 0.16880000
vt 0.77320000 0.99080000
vt 0.77640000 0.97270000
vt 0.30170000 0.99080000
vt 0.09410000 0.61640000
vt 0.08660000 0.62300000
vt 0.29230000 0.91330000
vt 0.35630000 0.90050000
vt 0.33140000 0.90050000
vt 0.30270000 0.92740000
vt 0.30270000 0.92740000
vt 0.35000000 0.92740000
vt 0.35000000 0.92740000
vt 0.45710000 0.92740000
vt 0.45710000 0.92740000
vt 0.56430000 0.92740000
vt 0.56430000 0.92740000
vt 0.67150000 0.92740000
vt 0.67150000 0.92740000
vt 0.29230000 0.94140000
vt 0.29230000 0.94140000
vt 0.29510000 0.95710000
vt 0.29450000 0.97270000
vt 0.35000000 0.95710000
vt 0.45710000 0.95710000
vt 0.56430000 0.95710000
vt 0.67150000 0.95710000
vt 0.29910000 0.94930000
vt 0.29910000 0.94930000
vt 0.03180000 0.97100000
vt 0.02720000 0.49740000
vt 0.02720000 0.49150000
vt 0.03180000 0.01780000
vt 0.02720000 0.65030000
vt 0.03180000 0.17070000
vt 0.03890000 0.17070000
vt 0.03890000 0.17070000
vt 0.03890000 0.97100000
vt 0.03890000 0.01780000
vt 0.03890000 0.97100000
vt 0.03890000 0.01780000
vt 0.02720000 0.24710000
vt 0.03180000 0.73250000
vt 0.03180000 0.73250000
vt 0.02720000 0.25300000
vt 0.03890000 0.73250000
vt 0.03890000 0.73250000
vt 0.03890000 0.73250000
vt 0.02430000 0.15950000
vt 0.02430000 0.15950000
vt 0.02430000 0.15950000
vt 0.02430000 0.25010000
vt 0.02430000 0.25010000
vt 0.02430000 0.25010000
vt 0.02430000 0.49450000
vt 0.02430000 0.49450000
vt 0.02430000 0.49450000
vt 0.02720000 0.15690000
vt 0.03180000 0.64220000
vt 0.03180000 0.64220000
vt 0.77280000 0.92740000
vt 0.77280000 0.92740000
vt 0.77610000 0.95710000
vt 0.02430000 0.65030000
vt 0.02430000 0.65030000
vt 0.36980000 0.90050000
vt 0.36980000 0.90050000
vt 0.67150000 0.91330000
vt 0.36980000 0.00910000
vt 0.36980000 0.00910000
vt 0.67150000 0.94140000
vt 0.67150000 0.94140000
vt 0.67150000 0.94930000
vt 0.67150000 0.94930000
vt 0.67150000 0.97270000
vt 0.67150000 0.99080000
vt 0.09640000 0.09960000
vt 0.67150000 0.92740000
vt 0.67150000 0.92740000
vt 0.61700000 0.92740000
vt 0.61700000 0.92740000
vt 0.99720000 0.90050000
vt 0.31610000 0.90050000
vt 0.61610000 0.91330000
vt 0.61610000 0.94140000
vt 0.61610000 0.94140000
vt 0.61630000 0.97270000
vt 0.61630000 0.95710000
vt 0.67150000 0.95710000
vt 0.61670000 0.94930000
vt 0.61670000 0.94930000
vt 0.05790000 0.02070000
vt 0.06980000 0.02670000
vt 0.08720000 0.04200000
vt 0.08770000 0.04250000
vt 0.00590000 0.50040000
vt 0.10520000 0.90040000
vt 0.00590000 0.50040000
vt 0.02430000 0.50040000
vt 0.02430000 0.50040000
vt 0.02430000 0.50040000
vt 0.03180000 0.02330000
vt 0.02720000 0.50300000
vt 0.03180000 0.02330000
vt 0.04190000 0.64410000
vt 0.04190000 0.64410000
vt 0.33140000 0.00910000
vt 0.35630000 0.00910000
vt 0.03890000 0.64220000
vt 0.03890000 0.64220000
vt 0.03890000 0.64220000
vt 0.04190000 0.02070000
vt 0.04190000 0.02070000
vt 0.99720000 0.00910000
vt 0.31610000 0.00910000
vt 0.12270000 0.07330000
vt 0.61690000 0.99080000
vt 0.03890000 0.02330000
vt 0.03890000 0.02330000
vt 0.03890000 0.02330000
vt 0.00590000 0.25010000
vt 0.00590000 0.25010000
vt 0.29690000 0.90500000
vt 0.00590000 0.65030000
vt 0.10520000 0.78280000
vt 0.10520000 0.90500000
vt 0.00590000 0.49450000
vt 0.00590000 0.49450000
vt 0.05790000 0.16880000
vt 0.04190000 0.16880000
vt 0.04190000 0.16880000
vt 0.04190000 0.01490000
vt 0.04190000 0.97400000
vt 0.04190000 0.01490000
vt 0.04190000 0.97400000
vt 0.05790000 0.97400000
vt 0.05790000 0.01490000
vt 0.04190000 0.73250000
vt 0.04190000 0.73250000
vt 0.05770000 0.73250000
vt 0.06940000 0.72570000
vt 0.06980000 0.73940000
vt 0.06980000 0.96710000
vt 0.06980000 0.02170000
vt 0.08660000 0.70860000
vt 0.08710000 0.75680000
vt 0.08710000 0.94970000
vt 0.08720000 0.03910000
vt 0.08720000 0.16880000
vt 0.06980000 0.16880000
vt 0.48000000 0.00910000
vt 0.48000000 0.00910000
vt 0.48000000 0.90050000
vt 0.48000000 0.90050000
vt 0.45710000 0.91330000
vt 0.38000000 0.90050000
vt 0.35000000 0.91330000
vt 0.38000000 0.90050000
vt 0.38000000 0.00910000
vt 0.38000000 0.00910000
vt 0.54720000 0.00910000
vt 0.54720000 0.00910000
vt 0.54720000 0.90050000
vt 0.54720000 0.90050000
vt 0.56430000 0.91330000
vt 0.64670000 0.00910000
vt 0.64670000 0.00910000
vt 0.64670000 0.90050000
vt 0.67150000 0.91330000
vt 0.64670000 0.90050000
vt 0.74320000 0.00910000
vt 0.74320000 0.90050000
vt 0.77740000 0.91330000
vt 0.45710000 0.94140000
vt 0.45710000 0.94140000
vt 0.45710000 0.94930000
vt 0.45710000 0.94930000
vt 0.35000000 0.94930000
vt 0.35000000 0.94930000
vt 0.35000000 0.94140000
vt 0.35000000 0.94140000
vt 0.56430000 0.94140000
vt 0.56430000 0.94140000
vt 0.56430000 0.94930000
vt 0.56430000 0.94930000
vt 0.67150000 0.94140000
vt 0.67150000 0.94140000
vt 0.67150000 0.94930000
vt 0.67150000 0.94930000
vt 0.77740000 0.94140000
vt 0.77740000 0.94140000
vt 0.77440000 0.94930000
vt 0.77440000 0.94930000
vt 0.45710000 0.97270000
vt 0.45710000 0.99080000
vt 0.14500000 0.69980000
vt 0.09610000 0.81590000
vt 0.09410000 0.64880000
vt 0.35000000 0.99080000
vt 0.35000000 0.97270000
vt 0.56430000 0.97270000
vt 0.09610000 0.88890000
vt 0.56430000 0.99080000
vt 0.14800000 0.04800000
vt 0.67150000 0.97270000
vt 0.67150000 0.99080000
vt 0.09640000 0.09960000
vt 0.77640000 0.97270000
vt 0.09640000 0.16880000
vt 0.77320000 0.99080000
vt 0.35000000 0.92740000
vt 0.35000000 0.92740000
vt 0.45710000 0.92740000
vt 0.45710000 0.92740000
vt 0.56430000 0.92740000
vt 0.56430000 0.92740000
vt 0.67150000 0.92740000
vt 0.67150000 0.92740000
vt 0.35000000 0.95710000
vt 0.45710000 0.95710000
vt 0.56430000 0.95710000
vt 0.67150000 0.95710000
vt 0.03890000 0.17070000
vt 0.03890000 0.17070000
vt 0.02720000 0.65030000
vt 0.03180000 0.17070000
vt 0.03180000 0.97100000
vt 0.02720000 0.49740000
vt 0.03180000 0.01780000
vt 0.02720000 0.49150000
vt 0.03890000 0.01780000
vt 0.03890000 0.01780000
vt 0.03890000 0.97100000
vt 0.03890000 0.97100000
vt 0.02720000 0.25300000
vt 0.03180000 0.73250000
vt 0.02720000 0.24710000
vt 0.03180000 0.73250000
vt 0.03890000 0.73250000
vt 0.03890000 0.73250000
vt 0.03890000 0.73250000
vt 0.02430000 0.25010000
vt 0.02430000 0.25010000
vt 0.02430000 0.25010000
vt 0.02430000 0.49450000
vt 0.02430000 0.49450000
vt 0.02430000 0.49450000
vt 0.77280000 0.92740000
vt 0.77280000 0.92740000
vt 0.77610000 0.95710000
vt 0.02430000 0.65030000
vt 0.02430000 0.65030000
vt 0.89310000 0.90050000
vt 0.89310000 0.90050000
vt 0.67150000 0.91330000
vt 0.89310000 0.00910000
vt 0.89310000 0.00910000
vt 0.67150000 0.94140000
vt 0.67150000 0.94140000
vt 0.67150000 0.94930000
vt 0.67150000 0.94930000
vt 0.67150000 0.97270000
vt 0.67150000 0.99080000
vt 0.09640000 0.09960000
vt 0.67150000 0.92740000
vt 0.67150000 0.92740000
vt 0.67150000 0.95710000
vt 0.23880000 0.78280000
vt 0.00590000 0.15950000
vt 0.29690000 0.83390000
vt 0.00590000 0.15950000
vt 0.29690000 0.90500000
vt 0.00590000 0.25010000
vt 0.00590000 0.25010000
vt 0.00590000 0.65030000
vt 0.10520000 0.78280000
vt 0.10520000 0.90500000
vt 0.00590000 0.49450000
vt 0.00590000 0.49450000
vt 0.05790000 0.16880000
vt 0.04190000 0.16880000
vt 0.04190000 0.16880000
vt 0.04190000 0.97400000
vt 0.04190000 0.01490000
vt 0.04190000 0.97400000
vt 0.04190000 0.01490000
vt 0.05790000 0.97400000
vt 0.05790000 0.01490000
vt 0.04190000 0.73250000
vt 0.04190000 0.73250000
vt 0.05770000 0.73250000
vt 0.06940000 0.72570000
vt 0.06980000 0.73940000
vt 0.06980000 0.96710000
vt 0.06980000 0.02170000
vt 0.05770000 0.64410000
vt 0.06940000 0.63810000
vt 0.08710000 0.75680000
vt 0.08660000 0.70860000
vt 0.08710000 0.94970000
vt 0.08720000 0.03910000
vt 0.08720000 0.16880000
vt 0.06980000 0.16880000
vt 0.89290000 0.00910000
vt 0.89290000 0.00910000
vt 0.89290000 0.90050000
vt 0.45710000 0.91330000
vt 0.89290000 0.90050000
vt 0.31770000 0.90050000
vt 0.99670000 0.90050000
vt 0.35000000 0.91330000
vt 0.99670000 0.00910000
vt 0.31770000 0.00910000
vt 0.80480000 0.00910000
vt 0.71840000 0.00910000
vt 0.71840000 0.90050000
vt 0.56430000 0.91330000
vt 0.80480000 0.90050000
vt 0.64900000 0.00910000
vt 0.64900000 0.00910000
vt 0.64900000 0.90050000
vt 0.67150000 0.91330000
vt 0.64900000 0.90050000
vt 0.47500000 0.00910000
vt 0.77740000 0.91330000
vt 0.47500000 0.90050000
vt 0.45710000 0.94140000
vt 0.45710000 0.94140000
vt 0.45710000 0.94930000
vt 0.45710000 0.94930000
vt 0.35000000 0.94930000
vt 0.35000000 0.94930000
vt 0.35000000 0.94140000
vt 0.35000000 0.94140000
vt 0.56430000 0.94140000
vt 0.56430000 0.94140000
vt 0.56430000 0.94930000
vt 0.56430000 0.94930000
vt 0.67150000 0.94140000
vt 0.67150000 0.94140000
vt 0.67150000 0.94930000
vt 0.67150000 0.94930000
vt 0.77740000 0.94140000
vt 0.77740000 0.94140000
vt 0.77440000 0.94930000
vt 0.77440000 0.94930000
vt 0.45710000 0.97270000
vt 0.14500000 0.69980000
vt 0.09610000 0.81590000
vt 0.45710000 0.99080000
vt 0.09410000 0.64880000
vt 0.35000000 0.99080000
vt 0.35000000 0.97270000
vt 0.56430000 0.97270000
vt 0.09610000 0.88890000
vt 0.56430000 0.99080000
vt 0.14800000 0.04800000
vt 0.67150000 0.97270000
vt 0.09640000 0.09960000
vt 0.67150000 0.99080000
vt 0.77640000 0.97270000
vt 0.77320000 0.99080000
vt 0.09640000 0.16880000
vt 0.08660000 0.62300000
vt 0.30170000 0.99080000
vt 0.09410000 0.61640000
vt 0.35000000 0.92740000
vt 0.35000000 0.92740000
vt 0.30270000 0.92740000
vt 0.30270000 0.92740000
vt 0.29230000 0.91330000
vt 0.33730000 0.90050000
vt 0.33730000 0.90050000
vt 0.45710000 0.92740000
vt 0.45710000 0.92740000
vt 0.56430000 0.92740000
vt 0.56430000 0.92740000
vt 0.67150000 0.92740000
vt 0.67150000 0.92740000
vt 0.29230000 0.94140000
vt 0.29230000 0.94140000
vt 0.29450000 0.97270000
vt 0.29510000 0.95710000
vt 0.35000000 0.95710000
vt 0.45710000 0.95710000
vt 0.56430000 0.95710000
vt 0.67150000 0.95710000
vt 0.29910000 0.94930000
vt 0.29910000 0.94930000
vt 0.03890000 0.17070000
vt 0.03890000 0.17070000
vt 0.03180000 0.17070000
vt 0.02720000 0.65030000
vt 0.02720000 0.49150000
vt 0.03180000 0.97100000
vt 0.03180000 0.01780000
vt 0.02720000 0.49740000
vt 0.03890000 0.01780000
vt 0.03890000 0.97100000
vt 0.03890000 0.01780000
vt 0.03890000 0.97100000
vt 0.03180000 0.73250000
vt 0.02720000 0.24710000
vt 0.03180000 0.73250000
vt 0.02720000 0.25300000
vt 0.03890000 0.73250000
vt 0.03890000 0.73250000
vt 0.03890000 0.73250000
vt 0.02430000 0.15950000
vt 0.02430000 0.15950000
vt 0.02430000 0.15950000
vt 0.02430000 0.25010000
vt 0.02430000 0.25010000
vt 0.02430000 0.25010000
vt 0.02430000 0.49450000
vt 0.02430000 0.49450000
vt 0.02430000 0.49450000
vt 0.02720000 0.15690000
vt 0.03180000 0.64220000
vt 0.03180000 0.64220000
vt 0.77280000 0.92740000
vt 0.77280000 0.92740000
vt 0.77610000 0.95710000
vt 0.02430000 0.65030000
vt 0.02430000 0.65030000
vt 0.67150000 0.91330000
vt 0.36980000 0.90050000
vt 0.36980000 0.90050000
vt 0.36980000 0.00910000
vt 0.36980000 0.00910000
vt 0.67150000 0.94140000
vt 0.67150000 0.94140000
vt 0.67150000 0.94930000
vt 0.67150000 0.94930000
vt 0.67150000 0.97270000
vt 0.09640000 0.09960000
vt 0.67150000 0.99080000
vt 0.61610000 0.91330000
vt 0.99720000 0.90050000
vt 0.31610000 0.90050000
vt 0.61700000 0.92740000
vt 0.61700000 0.92740000
vt 0.67150000 0.92740000
vt 0.67150000 0.92740000
vt 0.61610000 0.94140000
vt 0.61610000 0.94140000
vt 0.61630000 0.95710000
vt 0.61630000 0.97270000
vt 0.67150000 0.95710000
vt 0.61670000 0.94930000
vt 0.61670000 0.94930000
vt 0.06980000 0.02670000
vt 0.05790000 0.02070000
vt 0.08770000 0.04250000
vt 0.08720000 0.04200000
vt 0.02430000 0.50040000
vt 0.02430000 0.50040000
vt 0.02430000 0.50040000
vt 0.00590000 0.50040000
vt 0.00590000 0.50040000
vt 0.10520000 0.90040000
vt 0.03180000 0.02330000
vt 0.02720000 0.50300000
vt 0.03180000 0.02330000
vt 0.04190000 0.64410000
vt 0.04190000 0.64410000
vt 0.33730000 0.00910000
vt 0.33730000 0.00910000
vt 0.03890000 0.64220000
vt 0.03890000 0.64220000
vt 0.03890000 0.64220000
vt 0.04190000 0.02070000
vt 0.04190000 0.02070000
vt 0.31610000 0.00910000
vt 0.99720000 0.00910000
vt 0.61690000 0.99080000
vt 0.12270000 0.07330000
vt 0.03890000 0.02330000
vt 0.03890000 0.02330000
vt 0.03890000 0.02330000
vt 0.29690000 0.90500000
vt 0.00590000 0.25010000
vt 0.00590000 0.25010000
vt 0.10520000 0.78280000
vt 0.00590000 0.65030000
vt 0.00590000 0.49450000
vt 0.10520000 0.90500000
vt 0.00590000 0.49450000
vt 0.04190000 0.97400000
vt 0.04190000 0.01490000
vt 0.04190000 0.97400000
vt 0.04190000 0.01490000
vt 0.04190000 0.16880000
vt 0.04190000 0.16880000
vt 0.05790000 0.16880000
vt 0.05790000 0.01490000
vt 0.05790000 0.97400000
vt 0.04190000 0.73250000
vt 0.04190000 0.73250000
vt 0.05770000 0.73250000
vt 0.06980000 0.96710000
vt 0.06980000 0.02170000
vt 0.06980000 0.73940000
vt 0.06940000 0.72570000
vt 0.08710000 0.94970000
vt 0.08720000 0.03910000
vt 0.08710000 0.75680000
vt 0.08660000 0.70860000
vt 0.06980000 0.16880000
vt 0.08720000 0.16880000
vt 0.38000000 0.90050000
vt 0.38000000 0.90050000
vt 0.35000000 0.91330000
vt 0.48000000 0.90050000
vt 0.48000000 0.90050000
vt 0.45710000 0.91330000
vt 0.48000000 0.00910000
vt 0.48000000 0.00910000
vt 0.38000000 0.00910000
vt 0.38000000 0.00910000
vt 0.54720000 0.90050000
vt 0.54720000 0.90050000
vt 0.56430000 0.91330000
vt 0.54720000 0.00910000
vt 0.54720000 0.00910000
vt 0.67150000 0.91330000
vt 0.64670000 0.90050000
vt 0.64670000 0.90050000
vt 0.64670000 0.00910000
vt 0.64670000 0.00910000
vt 0.74320000 0.90050000
vt 0.77740000 0.91330000
vt 0.74320000 0.00910000
vt 0.35000000 0.94930000
vt 0.35000000 0.94930000
vt 0.45710000 0.94930000
vt 0.45710000 0.94930000
vt 0.45710000 0.94140000
vt 0.45710000 0.94140000
vt 0.35000000 0.94140000
vt 0.35000000 0.94140000
vt 0.56430000 0.94930000
vt 0.56430000 0.94930000
vt 0.56430000 0.94140000
vt 0.56430000 0.94140000
vt 0.67150000 0.94930000
vt 0.67150000 0.94930000
vt 0.67150000 0.94140000
vt 0.67150000 0.94140000
vt 0.77440000 0.94930000
vt 0.77440000 0.94930000
vt 0.77740000 0.94140000
vt 0.77740000 0.94140000
vt 0.09410000 0.64880000
vt 0.35000000 0.99080000
vt 0.45710000 0.99080000
vt 0.09610000 0.81590000
vt 0.14500000 0.69980000
vt 0.45710000 0.97270000
vt 0.35000000 0.97270000
vt 0.14800000 0.04800000
vt 0.56430000 0.99080000
vt 0.09610000 0.88890000
vt 0.56430000 0.97270000
vt 0.67150000 0.99080000
vt 0.09640000 0.09960000
vt 0.67150000 0.97270000
vt 0.77320000 0.99080000
vt 0.09640000 0.16880000
vt 0.77640000 0.97270000
vt 0.35000000 0.92740000
vt 0.35000000 0.92740000
vt 0.45710000 0.92740000
vt 0.45710000 0.92740000
vt 0.56430000 0.92740000
vt 0.56430000 0.92740000
vt 0.67150000 0.92740000
vt 0.67150000 0.92740000
vt 0.35000000 0.95710000
vt 0.45710000 0.95710000
vt 0.56430000 0.95710000
vt 0.67150000 0.95710000
vt 0.03180000 0.01780000
vt 0.03180000 0.97100000
vt 0.02720000 0.49740000
vt 0.02720000 0.49150000
vt 0.02720000 0.65030000
vt 0.03180000 0.17070000
vt 0.03890000 0.17070000
vt 0.03890000 0.17070000
vt 0.03890000 0.01780000
vt 0.03890000 0.97100000
vt 0.03890000 0.01780000
vt 0.03890000 0.97100000
vt 0.03180000 0.73250000
vt 0.03180000 0.73250000
vt 0.02720000 0.25300000
vt 0.02720000 0.24710000
vt 0.03890000 0.73250000
vt 0.03890000 0.73250000
vt 0.03890000 0.73250000
vt 0.02430000 0.25010000
vt 0.02430000 0.25010000
vt 0.02430000 0.25010000
vt 0.02430000 0.49450000
vt 0.02430000 0.49450000
vt 0.02430000 0.49450000
vt 0.77280000 0.92740000
vt 0.77280000 0.92740000
vt 0.77610000 0.95710000
vt 0.02430000 0.65030000
vt 0.02430000 0.65030000
vt 0.89310000 0.90050000
vt 0.89310000 0.90050000
vt 0.67150000 0.91330000
vt 0.89310000 0.00910000
vt 0.89310000 0.00910000
vt 0.67150000 0.94140000
vt 0.67150000 0.94140000
vt 0.67150000 0.94930000
vt 0.67150000 0.94930000
vt 0.67150000 0.97270000
vt 0.67150000 0.99080000
vt 0.09640000 0.09960000
vt 0.67150000 0.92740000
vt 0.67150000 0.92740000
vt 0.67150000 0.95710000
vt 0.29690000 0.90500000
vt 0.00590000 0.25010000
vt 0.00590000 0.25010000
vt 0.00590000 0.15950000
vt 0.00590000 0.15950000
vt 0.29690000 0.83390000
vt 0.23880000 0.78280000
vt 0.00590000 0.65030000
vt 0.10520000 0.78280000
vt 0.00590000 0.49450000
vt 0.00590000 0.49450000
vt 0.10520000 0.90500000
vt 0.04190000 0.97400000
vt 0.04190000 0.01490000
vt 0.04190000 0.01490000
vt 0.04190000 0.97400000
vt 0.04190000 0.16880000
vt 0.04190000 0.16880000
vt 0.05790000 0.16880000
vt 0.05790000 0.01490000
vt 0.05790000 0.97400000
vt 0.04190000 0.73250000
vt 0.04190000 0.73250000
vt 0.05770000 0.73250000
vt 0.06980000 0.02170000
vt 0.06980000 0.96710000
vt 0.06940000 0.72570000
vt 0.06980000 0.73940000
vt 0.06940000 0.63810000
vt 0.05770000 0.64410000
vt 0.08710000 0.94970000
vt 0.08720000 0.03910000
vt 0.08660000 0.70860000
vt 0.08710000 0.75680000
vt 0.06980000 0.16880000
vt 0.08720000 0.16880000
vt 0.35000000 0.91330000
vt 0.31770000 0.90050000
vt 0.99670000 0.90050000
vt 0.45710000 0.91330000
vt 0.89290000 0.90050000
vt 0.89290000 0.90050000
vt 0.89290000 0.00910000
vt 0.89290000 0.00910000
vt 0.99670000 0.00910000
vt 0.31770000 0.00910000
vt 0.80480000 0.90050000
vt 0.56430000 0.91330000
vt 0.71840000 0.90050000
vt 0.71840000 0.00910000
vt 0.80480000 0.00910000
vt 0.67150000 0.91330000
vt 0.64900000 0.90050000
vt 0.64900000 0.90050000
vt 0.64900000 0.00910000
vt 0.64900000 0.00910000
vt 0.77740000 0.91330000
vt 0.47500000 0.90050000
vt 0.47500000 0.00910000
vt 0.35000000 0.94930000
vt 0.35000000 0.94930000
vt 0.45710000 0.94930000
vt 0.45710000 0.94930000
vt 0.45710000 0.94140000
vt 0.45710000 0.94140000
vt 0.35000000 0.94140000
vt 0.35000000 0.94140000
vt 0.56430000 0.94930000
vt 0.56430000 0.94930000
vt 0.56430000 0.94140000
vt 0.56430000 0.94140000
vt 0.67150000 0.94930000
vt 0.67150000 0.94930000
vt 0.67150000 0.94140000
vt 0.67150000 0.94140000
vt 0.77440000 0.94930000
vt 0.77440000 0.94930000
vt 0.77740000 0.94140000
vt 0.77740000 0.94140000
vt 0.35000000 0.99080000
vt 0.09410000 0.64880000
vt 0.14500000 0.69980000
vt 0.45710000 0.99080000
vt 0.09610000 0.81590000
vt 0.45710000 0.97270000
vt 0.35000000 0.97270000
vt 0.56430000 0.99080000
vt 0.14800000 0.04800000
vt 0.09610000 0.88890000
vt 0.56430000 0.97270000
vt 0.67150000 0.99080000
vt 0.09640000 0.09960000
vt 0.67150000 0.97270000
vt 0.09640000 0.16880000
vt 0.77320000 0.99080000
vt 0.77640000 0.97270000
vt 0.30170000 0.99080000
vt 0.09410000 0.61640000
vt 0.08660000 0.62300000
vt 0.29230000 0.91330000
vt 0.33900000 0.90050000
vt 0.35630000 0.90050000
vt 0.30270000 0.92740000
vt 0.30270000 0.92740000
vt 0.35000000 0.92740000
vt 0.35000000 0.92740000
vt 0.45710000 0.92740000
vt 0.45710000 0.92740000
vt 0.56430000 0.92740000
vt 0.56430000 0.92740000
vt 0.67150000 0.92740000
vt 0.67150000 0.92740000
vt 0.29230000 0.94140000
vt 0.29230000 0.94140000
vt 0.29510000 0.95710000
vt 0.29450000 0.97270000
vt 0.35000000 0.95710000
vt 0.45710000 0.95710000
vt 0.56430000 0.95710000
vt 0.67150000 0.95710000
vt 0.29910000 0.94930000
vt 0.29910000 0.94930000
vt 0.03180000 0.97100000
vt 0.02720000 0.49740000
vt 0.03180000 0.01780000
vt 0.02720000 0.49150000
vt 0.02720000 0.65030000
vt 0.03180000 0.17070000
vt 0.03890000 0.17070000
vt 0.03890000 0.17070000
vt 0.03890000 0.97100000
vt 0.03890000 0.01780000
vt 0.03890000 0.01780000
vt 0.03890000 0.97100000
vt 0.03180000 0.73250000
vt 0.03180000 0.73250000
vt 0.02720000 0.24710000
vt 0.02720000 0.25300000
vt 0.03890000 0.73250000
vt 0.03890000 0.73250000
vt 0.03890000 0.73250000
vt 0.02430000 0.15950000
vt 0.02430000 0.15950000
vt 0.02430000 0.15950000
vt 0.02430000 0.25010000
vt 0.02430000 0.25010000
vt 0.02430000 0.25010000
vt 0.02430000 0.49450000
vt 0.02430000 0.49450000
vt 0.02430000 0.49450000
vt 0.02720000 0.15690000
vt 0.03180000 0.64220000
vt 0.03180000 0.64220000
vt 0.77280000 0.92740000
vt 0.77280000 0.92740000
vt 0.77610000 0.95710000
vt 0.02430000 0.65030000
vt 0.02430000 0.65030000
vt 0.36980000 0.90050000
vt 0.36980000 0.90050000
vt 0.67150000 0.91330000
vt 0.36980000 0.00910000
vt 0.36980000 0.00910000
vt 0.67150000 0.94140000
vt 0.67150000 0.94140000
vt 0.67150000 0.94930000
vt 0.67150000 0.94930000
vt 0.67150000 0.97270000
vt 0.09640000 0.09960000
vt 0.67150000 0.99080000
vt 0.67150000 0.92740000
vt 0.67150000 0.92740000
vt 0.61700000 0.92740000
vt 0.61700000 0.92740000
vt 0.61610000 0.91330000
vt 0.99720000 0.90050000
vt 0.31610000 0.90050000
vt 0.61610000 0.94140000
vt 0.61610000 0.94140000
vt 0.61630000 0.97270000
vt 0.61630000 0.95710000
vt 0.67150000 0.95710000
vt 0.61670000 0.94930000
vt 0.61670000 0.94930000
vt 0.05790000 0.02070000
vt 0.06980000 0.02670000
vt 0.08720000 0.04200000
vt 0.08770000 0.04250000
vt 0.00590000 0.50040000
vt 0.00590000 0.50040000
vt 0.10520000 0.90040000
vt 0.02430000 0.50040000
vt 0.02430000 0.50040000
vt 0.02430000 0.50040000
vt 0.02720000 0.50300000
vt 0.03180000 0.02330000
vt 0.03180000 0.02330000
vt 0.04190000 0.64410000
vt 0.04190000 0.64410000
vt 0.33900000 0.00910000
vt 0.35630000 0.00910000
vt 0.03890000 0.64220000
vt 0.03890000 0.64220000
vt 0.03890000 0.64220000
vt 0.04190000 0.02070000
vt 0.04190000 0.02070000
vt 0.99720000 0.00910000
vt 0.31610000 0.00910000
vt 0.61690000 0.99080000
vt 0.12270000 0.07330000
vt 0.03890000 0.02330000
vt 0.03890000 0.02330000
vt 0.03890000 0.02330000
vt 0.00590000 0.25010000
vt 0.29690000 0.90500000
vt 0.00590000 0.25010000
vt 0.00590000 0.65030000
vt 0.10520000 0.78280000
vt 0.00590000 0.49450000
vt 0.00590000 0.49450000
vt 0.10520000 0.90500000
vt 0.05790000 0.16880000
vt 0.04190000 0.16880000
vt 0.04190000 0.16880000
vt 0.04190000 0.97400000
vt 0.04190000 0.97400000
vt 0.04190000 0.01490000
vt 0.04190000 0.01490000
vt 0.05790000 0.97400000
vt 0.05790000 0.01490000
vt 0.04190000 0.73250000
vt 0.04190000 0.73250000
vt 0.05770000 0.73250000
vt 0.06980000 0.73940000
vt 0.06940000 0.72570000
vt 0.06980000 0.96710000
vt 0.06980000 0.02170000
vt 0.08660000 0.70860000
vt 0.08710000 0.75680000
vt 0.08710000 0.94970000
vt 0.08720000 0.03910000
vt 0.08720000 0.16880000
vt 0.06980000 0.16880000
vt 0.48000000 0.00910000
vt 0.48000000 0.00910000
vt 0.48000000 0.90050000
vt 0.45710000 0.91330000
vt 0.48000000 0.90050000
vt 0.38000000 0.90050000
vt 0.35000000 0.91330000
vt 0.38000000 0.90050000
vt 0.38000000 0.00910000
vt 0.38000000 0.00910000
vt 0.54720000 0.00910000
vt 0.54720000 0.00910000
vt 0.54720000 0.90050000
vt 0.54720000 0.90050000
vt 0.56430000 0.91330000
vt 0.64670000 0.00910000
vt 0.64670000 0.00910000
vt 0.67150000 0.91330000
vt 0.64670000 0.90050000
vt 0.64670000 0.90050000
vt 0.74320000 0.00910000
vt 0.77740000 0.91330000
vt 0.74320000 0.90050000
vt 0.45710000 0.94140000
vt 0.45710000 0.94140000
vt 0.45710000 0.94930000
vt 0.45710000 0.94930000
vt 0.35000000 0.94930000
vt 0.35000000 0.94930000
vt 0.35000000 0.94140000
vt 0.35000000 0.94140000
vt 0.56430000 0.94140000
vt 0.56430000 0.94140000
vt 0.56430000 0.94930000
vt 0.56430000 0.94930000
vt 0.67150000 0.94140000
vt 0.67150000 0.94140000
vt 0.67150000 0.94930000
vt 0.67150000 0.94930000
vt 0.77740000 0.94140000
vt 0.77740000 0.94140000
vt 0.77440000 0.94930000
vt 0.77440000 0.94930000
vt 0.45710000 0.97270000
vt 0.45710000 0.99080000
vt 0.09610000 0.81590000
vt 0.14500000 0.69980000
vt 0.35000000 0.99080000
vt 0.09410000 0.64880000
vt 0.35000000 0.97270000
vt 0.56430000 0.97270000
vt 0.09610000 0.88890000
vt 0.56430000 0.99080000
vt 0.14800000 0.04800000
vt 0.67150000 0.97270000
vt 0.67150000 0.99080000
vt 0.09640000 0.09960000
vt 0.77640000 0.97270000
vt 0.77320000 0.99080000
vt 0.09640000 0.16880000
vt 0.35000000 0.92740000
vt 0.35000000 0.92740000
vt 0.45710000 0.92740000
vt 0.45710000 0.92740000
vt 0.56430000 0.92740000
vt 0.56430000 0.92740000
vt 0.67150000 0.92740000
vt 0.67150000 0.92740000
vt 0.35000000 0.95710000
vt 0.45710000 0.95710000
vt 0.56430000 0.95710000
vt 0.67150000 0.95710000
vt 0.03890000 0.17070000
vt 0.03890000 0.17070000
vt 0.02720000 0.65030000
vt 0.03180000 0.17070000
vt 0.03180000 0.97100000
vt 0.03180000 0.01780000
vt 0.02720000 0.49740000
vt 0.02720000 0.49150000
vt 0.03890000 0.01780000
vt 0.03890000 0.01780000
vt 0.03890000 0.97100000
vt 0.03890000 0.97100000
vt 0.03180000 0.73250000
vt 0.02720000 0.25300000
vt 0.02720000 0.24710000
vt 0.03180000 0.73250000
vt 0.03890000 0.73250000
vt 0.03890000 0.73250000
vt 0.03890000 0.73250000
vt 0.02430000 0.25010000
vt 0.02430000 0.25010000
vt 0.02430000 0.25010000
vt 0.02430000 0.49450000
vt 0.02430000 0.49450000
vt 0.02430000 0.49450000
vt 0.77280000 0.92740000
vt 0.77280000 0.92740000
vt 0.77610000 0.95710000
vt 0.02430000 0.65030000
vt 0.02430000 0.65030000
vt 0.67150000 0.91330000
vt 0.89310000 0.90050000
vt 0.89310000 0.90050000
vt 0.89310000 0.00910000
vt 0.89310000 0.00910000
vt 0.67150000 0.94140000
vt 0.67150000 0.94140000
vt 0.67150000 0.94930000
vt 0.67150000 0.94930000
vt 0.67150000 0.97270000
vt 0.09640000 0.09960000
vt 0.67150000 0.99080000
vt 0.67150000 0.92740000
vt 0.67150000 0.92740000
vt 0.67150000 0.95710000
vt 0.23880000 0.78280000
vt 0.00590000 0.15950000
vt 0.29690000 0.83390000
vt 0.00590000 0.15950000
vt 0.29690000 0.90500000
vt 0.00590000 0.25010000
vt 0.00590000 0.25010000
vt 0.00590000 0.65030000
vt 0.10520000 0.78280000
vt 0.00590000 0.49450000
vt 0.10520000 0.90500000
vt 0.00590000 0.49450000
vt 0.05790000 0.16880000
vt 0.04190000 0.16880000
vt 0.04190000 0.16880000
vt 0.04190000 0.01490000
vt 0.04190000 0.97400000
vt 0.04190000 0.01490000
vt 0.04190000 0.97400000
vt 0.05790000 0.01490000
vt 0.05790000 0.97400000
vt 0.04190000 0.73250000
vt 0.04190000 0.73250000
vt 0.05770000 0.73250000
vt 0.06980000 0.73940000
vt 0.06940000 0.72570000
vt 0.06980000 0.02170000
vt 0.06980000 0.96710000
vt 0.05770000 0.64410000
vt 0.06940000 0.63810000
vt 0.08660000 0.70860000
vt 0.08710000 0.75680000
vt 0.08720000 0.03910000
vt 0.08710000 0.94970000
vt 0.08720000 0.16880000
vt 0.06980000 0.16880000
vt 0.89290000 0.00910000
vt 0.89290000 0.00910000
vt 0.89290000 0.90050000
vt 0.89290000 0.90050000
vt 0.45710000 0.91330000
vt 0.31770000 0.90050000
vt 0.99670000 0.90050000
vt 0.35000000 0.91330000
vt 0.99670000 0.00910000
vt 0.31770000 0.00910000
vt 0.80480000 0.00910000
vt 0.71840000 0.00910000
vt 0.71840000 0.90050000
vt 0.56430000 0.91330000
vt 0.80480000 0.90050000
vt 0.64900000 0.00910000
vt 0.64900000 0.00910000
vt 0.64900000 0.90050000
vt 0.64900000 0.90050000
vt 0.67150000 0.91330000
vt 0.47500000 0.00910000
vt 0.47500000 0.90050000
vt 0.77740000 0.91330000
vt 0.45710000 0.94140000
vt 0.45710000 0.94140000
vt 0.45710000 0.94930000
vt 0.45710000 0.94930000
vt 0.35000000 0.94930000
vt 0.35000000 0.94930000
vt 0.35000000 0.94140000
vt 0.35000000 0.94140000
vt 0.56430000 0.94140000
vt 0.56430000 0.94140000
vt 0.56430000 0.94930000
vt 0.56430000 0.94930000
vt 0.67150000 0.94140000
vt 0.67150000 0.94140000
vt 0.67150000 0.94930000
vt 0.67150000 0.94930000
vt 0.77740000 0.94140000
vt 0.77740000 0.94140000
vt 0.77440000 0.94930000
vt 0.77440000 0.94930000
vt 0.45710000 0.97270000
vt 0.45710000 0.99080000
vt 0.09610000 0.81590000
vt 0.14500000 0.69980000
vt 0.09410000 0.64880000
vt 0.35000000 0.99080000
vt 0.35000000 0.97270000
vt 0.56430000 0.97270000
vt 0.56430000 0.99080000
vt 0.14800000 0.04800000
vt 0.09610000 0.88890000
vt 0.67150000 0.97270000
vt 0.67150000 0.99080000
vt 0.09640000 0.09960000
vt 0.77640000 0.97270000
vt 0.09640000 0.16880000
vt 0.77320000 0.99080000
vt 0.08660000 0.62300000
vt 0.30170000 0.99080000
vt 0.09410000 0.61640000
vt 0.35000000 0.92740000
vt 0.35000000 0.92740000
vt 0.30270000 0.92740000
vt 0.30270000 0.92740000
vt 0.29230000 0.91330000
vt 0.35630000 0.90050000
vt 0.33900000 0.90050000
vt 0.45710000 0.92740000
vt 0.45710000 0.92740000
vt 0.56430000 0.92740000
vt 0.56430000 0.92740000
vt 0.67150000 0.92740000
vt 0.67150000 0.92740000
vt 0.29230000 0.94140000
vt 0.29230000 0.94140000
vt 0.29450000 0.97270000
vt 0.29510000 0.95710000
vt 0.35000000 0.95710000
vt 0.45710000 0.95710000
vt 0.56430000 0.95710000
vt 0.67150000 0.95710000
vt 0.29910000 0.94930000
vt 0.29910000 0.94930000
vt 0.03890000 0.17070000
vt 0.03890000 0.17070000
vt 0.03180000 0.17070000
vt 0.02720000 0.65030000
vt 0.03180000 0.97100000
vt 0.02720000 0.49150000
vt 0.02720000 0.49740000
vt 0.03180000 0.01780000
vt 0.03890000 0.97100000
vt 0.03890000 0.01780000
vt 0.03890000 0.01780000
vt 0.03890000 0.97100000
vt 0.02720000 0.24710000
vt 0.02720000 0.25300000
vt 0.03180000 0.73250000
vt 0.03180000 0.73250000
vt 0.03890000 0.73250000
vt 0.03890000 0.73250000
vt 0.03890000 0.73250000
vt 0.02430000 0.15950000
vt 0.02430000 0.15950000
vt 0.02430000 0.15950000
vt 0.02430000 0.25010000
vt 0.02430000 0.25010000
vt 0.02430000 0.25010000
vt 0.02430000 0.49450000
vt 0.02430000 0.49450000
vt 0.02430000 0.49450000
vt 0.03180000 0.64220000
vt 0.03180000 0.64220000
vt 0.02720000 0.15690000
vt 0.77280000 0.92740000
vt 0.77280000 0.92740000
vt 0.77610000 0.95710000
vt 0.02430000 0.65030000
vt 0.02430000 0.65030000
vt 0.67150000 0.91330000
vt 0.36980000 0.90050000
vt 0.36980000 0.90050000
vt 0.36980000 0.00910000
vt 0.36980000 0.00910000
vt 0.67150000 0.94140000
vt 0.67150000 0.94140000
vt 0.67150000 0.94930000
vt 0.67150000 0.94930000
vt 0.67150000 0.97270000
vt 0.67150000 0.99080000
vt 0.09640000 0.09960000
vt 0.61610000 0.91330000
vt 0.99720000 0.90050000
vt 0.31610000 0.90050000
vt 0.61700000 0.92740000
vt 0.61700000 0.92740000
vt 0.67150000 0.92740000
vt 0.67150000 0.92740000
vt 0.61610000 0.94140000
vt 0.61610000 0.94140000
vt 0.61630000 0.95710000
vt 0.61630000 0.97270000
vt 0.67150000 0.95710000
vt 0.61670000 0.94930000
vt 0.61670000 0.94930000
vt 0.06980000 0.02670000
vt 0.05790000 0.02070000
vt 0.08770000 0.04250000
vt 0.08720000 0.04200000
vt 0.02430000 0.50040000
vt 0.02430000 0.50040000
vt 0.02430000 0.50040000
vt 0.00590000 0.50040000
vt 0.10520000 0.90040000
vt 0.00590000 0.50040000
vt 0.03180000 0.02330000
vt 0.02720000 0.50300000
vt 0.03180000 0.02330000
vt 0.04190000 0.64410000
vt 0.04190000 0.64410000
vt 0.33900000 0.00910000
vt 0.35630000 0.00910000
vt 0.03890000 0.64220000
vt 0.03890000 0.64220000
vt 0.03890000 0.64220000
vt 0.04190000 0.02070000
vt 0.04190000 0.02070000
vt 0.99720000 0.00910000
vt 0.31610000 0.00910000
vt 0.61690000 0.99080000
vt 0.12270000 0.07330000
vt 0.03890000 0.02330000
vt 0.03890000 0.02330000
vt 0.03890000 0.02330000
vt 0.29690000 0.90500000
vt 0.00590000 0.25010000
vt 0.00590000 0.25010000
vt 0.00590000 0.65030000
vt 0.10520000 0.78280000
vt 0.00590000 0.49450000
vt 0.00590000 0.49450000
vt 0.10520000 0.90500000
vt 0.04190000 0.97400000
vt 0.04190000 0.01490000
vt 0.04190000 0.01490000
vt 0.04190000 0.97400000
vt 0.04190000 0.16880000
vt 0.04190000 0.16880000
vt 0.05790000 0.16880000
vt 0.05790000 0.97400000
vt 0.05790000 0.01490000
vt 0.04190000 0.73250000
vt 0.04190000 0.73250000
vt 0.05770000 0.73250000
vt 0.06980000 0.02170000
vt 0.06980000 0.96710000
vt 0.06940000 0.72570000
vt 0.06980000 0.73940000
vt 0.08720000 0.03910000
vt 0.08710000 0.94970000
vt 0.08710000 0.75680000
vt 0.08660000 0.70860000
vt 0.06980000 0.16880000
vt 0.08720000 0.16880000
vt 0.38000000 0.90050000
vt 0.38000000 0.90050000
vt 0.35000000 0.91330000
vt 0.45710000 0.91330000
vt 0.48000000 0.90050000
vt 0.48000000 0.90050000
vt 0.48000000 0.00910000
vt 0.48000000 0.00910000
vt 0.38000000 0.00910000
vt 0.38000000 0.00910000
vt 0.56430000 0.91330000
vt 0.54720000 0.90050000
vt 0.54720000 0.90050000
vt 0.54720000 0.00910000
vt 0.54720000 0.00910000
vt 0.64670000 0.90050000
vt 0.67150000 0.91330000
vt 0.64670000 0.90050000
vt 0.64670000 0.00910000
vt 0.64670000 0.00910000
vt 0.74320000 0.90050000
vt 0.77740000 0.91330000
vt 0.74320000 0.00910000
vt 0.35000000 0.94930000
vt 0.35000000 0.94930000
vt 0.45710000 0.94930000
vt 0.45710000 0.94930000
vt 0.45710000 0.94140000
vt 0.45710000 0.94140000
vt 0.35000000 0.94140000
vt 0.35000000 0.94140000
vt 0.56430000 0.94930000
vt 0.56430000 0.94930000
vt 0.56430000 0.94140000
vt 0.56430000 0.94140000
vt 0.67150000 0.94930000
vt 0.67150000 0.94930000
vt 0.67150000 0.94140000
vt 0.67150000 0.94140000
vt 0.77440000 0.94930000
vt 0.77440000 0.94930000
vt 0.77740000 0.94140000
vt 0.77740000 0.94140000
vt 0.35000000 0.99080000
vt 0.09410000 0.64880000
vt 0.45710000 0.99080000
vt 0.14500000 0.69980000
vt 0.09610000 0.81590000
vt 0.45710000 0.97270000
vt 0.35000000 0.97270000
vt 0.56430000 0.99080000
vt 0.14800000 0.04800000
vt 0.09610000 0.88890000
vt 0.56430000 0.97270000
vt 0.67150000 0.99080000
vt 0.09640000 0.09960000
vt 0.67150000 0.97270000
vt 0.77320000 0.99080000
vt 0.09640000 0.16880000
vt 0.77640000 0.97270000
vt 0.35000000 0.92740000
vt 0.35000000 0.92740000
vt 0.45710000 0.92740000
vt 0.45710000 0.92740000
vt 0.56430000 0.92740000
vt 0.56430000 0.92740000
vt 0.67150000 0.92740000
vt 0.67150000 0.92740000
vt 0.35000000 0.95710000
vt 0.45710000 0.95710000
vt 0.56430000 0.95710000
vt 0.67150000 0.95710000
vt 0.03180000 0.97100000
vt 0.02720000 0.49740000
vt 0.02720000 0.49150000
vt 0.03180000 0.01780000
vt 0.02720000 0.65030000
vt 0.03180000 0.17070000
vt 0.03890000 0.17070000
vt 0.03890000 0.17070000
vt 0.03890000 0.97100000
vt 0.03890000 0.01780000
vt 0.03890000 0.97100000
vt 0.03890000 0.01780000
vt 0.03180000 0.73250000
vt 0.03180000 0.73250000
vt 0.02720000 0.24710000
vt 0.02720000 0.25300000
vt 0.03890000 0.73250000
vt 0.03890000 0.73250000
vt 0.03890000 0.73250000
vt 0.02430000 0.25010000
vt 0.02430000 0.25010000
vt 0.02430000 0.25010000
vt 0.02430000 0.49450000
vt 0.02430000 0.49450000
vt 0.02430000 0.49450000
vt 0.77280000 0.92740000
vt 0.77280000 0.92740000
vt 0.77610000 0.95710000
vt 0.02430000 0.65030000
vt 0.02430000 0.65030000
vt 0.67150000 0.91330000
vt 0.89310000 0.90050000
vt 0.89310000 0.90050000
vt 0.89310000 0.00910000
vt 0.89310000 0.00910000
vt 0.67150000 0.94140000
vt 0.67150000 0.94140000
vt 0.67150000 0.94930000
vt 0.67150000 0.94930000
vt 0.67150000 0.97270000
vt 0.67150000 0.99080000
vt 0.09640000 0.09960000
vt 0.67150000 0.92740000
vt 0.67150000 0.92740000
vt 0.67150000 0.95710000
f 1/1/1 6/6/6 9/9/9
f 9/9/9 10/10/10 1/1/1
f 14/14/14 18/18/18 19/19/19
f 19/19/19 21/21/21 14/14/14
f 18/18/18 23/23/23 24/24/24
f 24/24/24 19/19/19 18/18/18
f 23/23/23 26/26/26 27/27/27
f 27/27/27 24/24/24 23/23/23
f 26/26/26 15/15/15 20/20/20
f 20/20/20 27/27/27 26/26/26
f 29/29/29 30/30/30 27/27/27
f 27/27/27 20/20/20 29/29/29
f 31/31/31 32/32/32 24/24/24
f 24/24/24 27/27/27 31/31/31
f 33/33/33 34/34/34 19/19/19
f 19/19/19 24/24/24 33/33/33
f 35/35/35 28/28/28 21/21/21
f 21/21/21 19/19/19 35/35/35
f 29/29/29 36/36/36 39/39/39
f 39/39/39 30/30/30 29/29/29
f 31/31/31 38/38/38 41/41/41
f 41/41/41 32/32/32 31/31/31
f 33/33/33 40/40/40 42/42/42
f 42/42/42 34/34/34 33/33/33
f 35/35/35 43/43/43 37/37/37
f 37/37/37 28/28/28 35/35/35
f 46/46/46 48/48/48 49/49/49
f 49/49/49 50/50/50 46/46/46
f 48/48/48 53/53/53 55/55/55
f 55/55/55 49/49/49 48/48/48
f 52/52/52 56/56/56 58/58/58
f 58/58/58 54/54/54 52/52/52
f 56/56/56 60/60/60 61/61/61
f 61/61/61 58/58/58 56/56/56
f 60/60/60 64/64/64 65/65/65
f 65/65/65 61/61/61 60/60/60
f 63/63/63 68/68/68 69/69/69
f 69/69/69 66/66/66 63/63/63
f 68/68/68 71/71/71 73/73/73
f 73/73/73 69/69/69 68/68/68
f 70/70/70 46/46/46 50/50/50
f 50/50/50 74/74/74 70/70/70
f 78/78/78 79/79/79 81/81/81
f 81/81/81 85/85/85 78/78/78
f 79/79/79 88/88/88 90/90/90
f 90/90/90 81/81/81 79/79/79
f 88/88/88 92/92/92 94/94/94
f 94/94/94 90/90/90 88/88/88
f 92/92/92 95/95/95 97/97/97
f 97/97/97 94/94/94 92/92/92
f 95/95/95 99/99/99 101/101/101
f 101/101/101 97/97/97 95/95/95
f 99/99/99 104/104/104 105/105/105
f 105/105/105 101/101/101 99/99/99
f 104/104/104 108/108/108 109/109/109
f 109/109/109 105/105/105 104/104/104
f 108/108/108 77/77/77 84/84/84
f 84/84/84 109/109/109 108/108/108
f 114/114/114 116/116/116 117/117/117
f 117/117/117 118/118/118 114/114/114
f 116/116/116 120/120/120 122/122/122
f 122/122/122 117/117/117 116/116/116
f 120/120/120 125/125/125 126/126/126
f 126/126/126 122/122/122 120/120/120
f 125/125/125 128/128/128 130/130/130
f 130/130/130 126/126/126 125/125/125
f 128/128/128 131/131/131 133/133/133
f 133/133/133 130/130/130 128/128/128
f 131/131/131 135/135/135 136/136/136
f 136/136/136 133/133/133 131/131/131
f 135/135/135 139/139/139 140/140/140
f 140/140/140 136/136/136 135/135/135
f 139/139/139 111/111/111 119/119/119
f 119/119/119 140/140/140 139/139/139
f 121/121/121 115/115/115 41/41/41
f 41/41/41 38/38/38 121/121/121
f 41/41/41 115/115/115 112/112/112
f 40/40/40 113/113/113 138/138/138
f 138/138/138 42/42/42 40/40/40
f 43/43/43 137/137/137 134/134/134
f 43/43/43 134/134/134 132/132/132
f 132/132/132 37/37/37 43/43/43
f 37/37/37 132/132/132 127/127/127
f 129/129/129 123/123/123 39/39/39
f 39/39/39 36/36/36 129/129/129
f 38/38/38 124/124/124 121/121/121
f 44/44/44 141/141/141 145/145/145
f 145/145/145 47/47/47 44/44/44
f 47/47/47 145/145/145 147/147/147
f 147/147/147 51/51/51 47/47/47
f 51/51/51 147/147/147 150/150/150
f 150/150/150 57/57/57 51/51/51
f 57/57/57 150/150/150 152/152/152
f 152/152/152 59/59/59 57/57/57
f 59/59/59 152/152/152 154/154/154
f 154/154/154 62/62/62 59/59/59
f 62/62/62 154/154/154 156/156/156
f 156/156/156 67/67/67 62/62/62
f 67/67/67 156/156/156 157/157/157
f 157/157/157 72/72/72 67/67/67
f 72/72/72 157/157/157 142/142/142
f 142/142/142 45/45/45 72/72/72
f 144/144/144 83/83/83 82/82/82
f 82/82/82 146/146/146 144/144/144
f 146/146/146 82/82/82 89/89/89
f 89/89/89 148/148/148 146/146/146
f 148/148/148 89/89/89 93/93/93
f 93/93/93 149/149/149 148/148/148
f 149/149/149 93/93/93 98/98/98
f 98/98/98 151/151/151 149/149/149
f 151/151/151 98/98/98 102/102/102
f 102/102/102 153/153/153 151/151/151
f 153/153/153 102/102/102 106/106/106
f 106/106/106 155/155/155 153/153/153
f 155/155/155 106/106/106 110/110/110
f 110/110/110 158/158/158 155/155/155
f 158/158/158 110/110/110 86/86/86
f 86/86/86 143/143/143 158/158/158
f 159/159/159 118/118/118 117/117/117
f 117/117/117 161/161/161 159/159/159
f 161/161/161 117/117/117 122/122/122
f 122/122/122 162/162/162 161/161/161
f 162/162/162 122/122/122 126/126/126
f 126/126/126 163/163/163 162/162/162
f 163/163/163 126/126/126 130/130/130
f 130/130/130 164/164/164 163/163/163
f 164/164/164 130/130/130 133/133/133
f 133/133/133 165/165/165 164/164/164
f 165/165/165 133/133/133 136/136/136
f 136/136/136 166/166/166 165/165/165
f 166/166/166 136/136/136 140/140/140
f 140/140/140 167/167/167 166/166/166
f 167/167/167 140/140/140 119/119/119
f 119/119/119 160/160/160 167/167/167
f 75/75/75 159/159/159 161/161/161
f 161/161/161 80/80/80 75/75/75
f 80/80/80 161/161/161 162/162/162
f 162/162/162 87/87/87 80/80/80
f 87/87/87 162/162/162 163/163/163
f 163/163/163 91/91/91 87/87/87
f 91/91/91 163/163/163 164/164/164
f 164/164/164 96/96/96 91/91/91
f 96/96/96 164/164/164 165/165/165
f 165/165/165 100/100/100 96/96/96
f 100/100/100 165/165/165 166/166/166
f 166/166/166 103/103/103 100/100/100
f 103/103/103 166/166/166 167/167/167
f 167/167/167 107/107/107 103/103/103
f 107/107/107 167/167/167 160/160/160
f 160/160/160 76/76/76 107/107/107
f 171/171/171 175/175/175 177/177/177
f 177/177/177 181/181/181 171/171/171
f 174/174/174 186/186/186 188/188/188
f 188/188/188 176/176/176 174/174/174
f 184/184/184 193/193/193 195/195/195
f 195/195/195 189/189/189 184/184/184
f 192/192/192 169/169/169 180/180/180
f 180/180/180 196/196/196 192/192/192
f 198/198/198 12/12/12 8/8/8
f 8/8/8 202/202/202 198/198/198
f 200/200/200 7/7/7 5/5/5
f 5/5/5 204/204/204 200/200/200
f 206/206/206 4/4/4 2/2/2
f 2/2/2 209/209/209 206/206/206
f 208/208/208 3/3/3 11/11/11
f 11/11/11 197/197/197 208/208/208
f 182/182/182 178/178/178 17/17/17
f 17/17/17 16/16/16 182/182/182
f 178/178/178 187/187/187 22/22/22
f 22/22/22 17/17/17 178/178/178
f 187/187/187 194/194/194 25/25/25
f 25/25/25 22/22/22 187/187/187
f 194/194/194 179/179/179 13/13/13
f 13/13/13 25/25/25 194/194/194
f 172/172/172 168/168/168 199/199/199
f 199/199/199 201/201/201 172/172/172
f 170/170/170 190/190/190 207/207/207
f 207/207/207 199/199/199 170/170/170
f 191/191/191 183/183/183 205/205/205
f 205/205/205 207/207/207 191/191/191
f 185/185/185 173/173/173 201/201/201
f 201/201/201 203/203/203 185/185/185
f 211/211/211 215/215/215 216/216/216
f 216/216/216 221/221/221 211/211/211
f 222/222/222 224/224/224 226/226/226
f 226/226/226 229/229/229 222/222/222
f 231/231/231 233/233/233 224/224/224
f 224/224/224 222/222/222 231/231/231
f 234/234/234 236/236/236 233/233/233
f 233/233/233 231/231/231 234/234/234
f 230/230/230 225/225/225 236/236/236
f 236/236/236 234/234/234 230/230/230
f 234/234/234 237/237/237 239/239/239
f 239/239/239 230/230/230 234/234/234
f 231/231/231 242/242/242 238/238/238
f 238/238/238 234/234/234 231/231/231
f 222/222/222 244/244/244 241/241/241
f 241/241/241 231/231/231 222/222/222
f 229/229/229 240/240/240 243/243/243
f 243/243/243 222/222/222 229/229/229
f 245/245/245 248/248/248 239/239/239
f 239/239/239 237/237/237 245/245/245
f 250/250/250 246/246/246 238/238/238
f 238/238/238 242/242/242 250/250/250
f 252/252/252 249/249/249 241/241/241
f 241/241/241 244/244/244 252/252/252
f 247/247/247 251/251/251 243/243/243
f 243/243/243 240/240/240 247/247/247
f 253/253/253 256/256/256 258/258/258
f 258/258/258 261/261/261 253/253/253
f 262/262/262 264/264/264 257/257/257
f 257/257/257 254/254/254 262/262/262
f 268/268/268 271/271/271 265/265/265
f 265/265/265 263/263/263 268/268/268
f 273/273/273 275/275/275 270/270/270
f 270/270/270 267/267/267 273/273/273
f 277/277/277 279/279/279 276/276/276
f 276/276/276 272/272/272 277/277/277
f 280/280/280 281/281/281 279/279/279
f 279/279/279 277/277/277 280/280/280
f 283/283/283 285/285/285 281/281/281
f 281/281/281 280/280/280 283/283/283
f 261/261/261 258/258/258 285/285/285
f 285/285/285 283/283/283 261/261/261
f 287/287/287 289/289/289 293/293/293
f 293/293/293 294/294/294 287/287/287
f 299/299/299 300/300/300 289/289/289
f 289/289/289 287/287/287 299/299/299
f 302/302/302 304/304/304 300/300/300
f 300/300/300 299/299/299 302/302/302
f 306/306/306 309/309/309 304/304/304
f 304/304/304 302/302/302 306/306/306
f 310/310/310 313/313/313 309/309/309
f 309/309/309 306/306/306 310/310/310
f 314/314/314 316/316/316 313/313/313
f 313/313/313 310/310/310 314/314/314
f 319/319/319 321/321/321 316/316/316
f 316/316/316 314/314/314 319/319/319
f 295/295/295 292/292/292 321/321/321
f 321/321/321 319/319/319 295/295/295
f 322/322/322 323/323/323 325/325/325
f 325/325/325 329/329/329 322/322/322
f 331/331/331 332/332/332 323/323/323
f 323/323/323 322/322/322 331/331/331
f 334/334/334 335/335/335 332/332/332
f 332/332/332 331/331/331 334/334/334
f 338/338/338 339/339/339 335/335/335
f 335/335/335 334/334/334 338/338/338
f 342/342/342 343/343/343 339/339/339
f 339/339/339 338/338/338 342/342/342
f 345/345/345 346/346/346 343/343/343
f 343/343/343 342/342/342 345/345/345
f 348/348/348 349/349/349 346/346/346
f 346/346/346 345/345/345 348/348/348
f 330/330/330 326/326/326 349/349/349
f 349/349/349 348/348/348 330/330/330
f 250/250/250 324/324/324 333/333/333
f 333/333/333 246/246/246 250/250/250
f 250/250/250 327/327/327 324/324/324
f 249/249/249 252/252/252 350/350/350
f 350/350/350 328/328/328 249/249/249
f 251/251/251 347/347/347 351/351/351
f 251/251/251 247/247/247 344/344/344
f 344/344/344 347/347/347 251/251/251
f 247/247/247 340/340/340 344/344/344
f 245/245/245 336/336/336 341/341/341
f 341/341/341 248/248/248 245/245/245
f 246/246/246 333/333/333 337/337/337
f 352/352/352 356/356/356 260/260/260
f 260/260/260 255/255/255 352/352/352
f 359/359/359 352/352/352 255/255/255
f 255/255/255 266/266/266 359/359/359
f 360/360/360 359/359/359 266/266/266
f 266/266/266 269/269/269 360/360/360
f 362/362/362 360/360/360 269/269/269
f 269/269/269 274/274/274 362/362/362
f 364/364/364 362/362/362 274/274/274
f 274/274/274 278/278/278 364/364/364
f 366/366/366 364/364/364 278/278/278
f 278/278/278 282/282/282 366/366/366
f 369/369/369 366/366/366 282/282/282
f 282/282/282 284/284/284 369/369/369
f 357/357/357 369/369/369 284/284/284
f 284/284/284 259/259/259 357/357/357
f 286/286/286 297/297/297 354/354/354
f 354/354/354 353/353/353 286/286/286
f 298/298/298 286/286/286 353/353/353
f 353/353/353 358/358/358 298/298/298
f 303/303/303 298/298/298 358/358/358
f 358/358/358 361/361/361 303/303/303
f 307/307/307 303/303/303 361/361/361
f 361/361/361 363/363/363 307/307/307
f 311/311/311 307/307/307 363/363/363
f 363/363/363 365/365/365 311/311/311
f 315/315/315 311/311/311 365/365/365
f 365/365/365 367/367/367 315/315/315
f 318/318/318 315/315/315 367/367/367
f 367/367/367 368/368/368 318/318/318
f 296/296/296 318/318/318 368/368/368
f 368/368/368 355/355/355 296/296/296
f 322/322/322 329/329/329 371/371/371
f 371/371/371 372/372/372 322/322/322
f 331/331/331 322/322/322 372/372/372
f 372/372/372 373/373/373 331/331/331
f 334/334/334 331/331/331 373/373/373
f 373/373/373 374/374/374 334/334/334
f 338/338/338 334/334/334 374/374/374
f 374/374/374 375/375/375 338/338/338
f 342/342/342 338/338/338 375/375/375
f 375/375/375 376/376/376 342/342/342
f 345/345/345 342/342/342 376/376/376
f 376/376/376 377/377/377 345/345/345
f 348/348/348 345/345/345 377/377/377
f 377/377/377 378/378/378 348/348/348
f 330/330/330 348/348/348 378/378/378
f 378/378/378 370/370/370 330/330/330
f 372/372/372 371/371/371 290/290/290
f 290/290/290 288/288/288 372/372/372
f 373/373/373 372/372/372 288/288/288
f 288/288/288 301/301/301 373/373/373
f 374/374/374 373/373/373 301/301/301
f 301/301/301 305/305/305 374/374/374
f 375/375/375 374/374/374 305/305/305
f 305/305/305 308/308/308 375/375/375
f 376/376/376 375/375/375 308/308/308
f 308/308/308 312/312/312 376/376/376
f 377/377/377 376/376/376 312/312/312
f 312/312/312 317/317/317 377/377/377
f 378/378/378 377/377/377 317/317/317
f 317/317/317 320/320/320 378/378/378
f 370/370/370 378/378/378 320/320/320
f 320/320/320 291/291/291 370/370/370
f 379/379/379 383/383/383 389/389/389
f 389/389/389 390/390/390 379/379/379
f 396/396/396 397/397/397 382/382/382
f 382/382/382 380/380/380 396/396/396
f 402/402/402 406/406/406 399/399/399
f 399/399/399 394/394/394 402/402/402
f 393/393/393 386/386/386 407/407/407
f 407/407/407 403/403/403 393/393/393
f 210/210/210 220/220/220 408/408/408
f 408/408/408 411/411/411 210/210/210
f 213/213/213 212/212/212 413/413/413
f 413/413/413 414/414/414 213/213/213
f 218/218/218 214/214/214 415/415/415
f 415/415/415 419/419/419 218/218/218
f 219/219/219 217/217/217 418/418/418
f 418/418/418 409/409/409 219/219/219
f 223/223/223 381/381/381 391/391/391
f 391/391/391 228/228/228 223/223/223
f 232/232/232 395/395/395 381/381/381
f 381/381/381 223/223/223 232/232/232
f 235/235/235 401/401/401 395/395/395
f 395/395/395 232/232/232 235/235/235
f 227/227/227 392/392/392 401/401/401
f 401/401/401 235/235/235 227/227/227
f 410/410/410 387/387/387 384/384/384
f 384/384/384 412/412/412 410/410/410
f 420/420/420 404/404/404 388/388/388
f 388/388/388 410/410/410 420/420/420
f 417/417/417 398/398/398 405/405/405
f 405/405/405 420/420/420 417/417/417
f 412/412/412 385/385/385 400/400/400
f 400/400/400 416/416/416 412/412/412
f 422/422/422 424/424/424 429/429/429
f 429/429/429 432/432/432 422/422/422
f 433/433/433 435/435/435 438/438/438
f 438/438/438 441/441/441 433/433/433
f 442/442/442 443/443/443 435/435/435
f 435/435/435 433/433/433 442/442/442
f 445/445/445 447/447/447 443/443/443
f 443/443/443 442/442/442 445/445/445
f 440/440/440 439/439/439 447/447/447
f 447/447/447 445/445/445 440/440/440
f 445/445/445 448/448/448 450/450/450
f 450/450/450 440/440/440 445/445/445
f 442/442/442 452/452/452 449/449/449
f 449/449/449 445/445/445 442/442/442
f 433/433/433 455/455/455 453/453/453
f 453/453/453 442/442/442 433/433/433
f 441/441/441 451/451/451 454/454/454
f 454/454/454 433/433/433 441/441/441
f 457/457/457 458/458/458 450/450/450
f 450/450/450 448/448/448 457/457/457
f 461/461/461 456/456/456 449/449/449
f 449/449/449 452/452/452 461/461/461
f 462/462/462 460/460/460 453/453/453
f 453/453/453 455/455/455 462/462/462
f 459/459/459 463/463/463 454/454/454
f 454/454/454 451/451/451 459/459/459
f 464/464/464 465/465/465 467/467/467
f 467/467/467 471/471/471 464/464/464
f 474/474/474 476/476/476 465/465/465
f 465/465/465 464/464/464 474/474/474
f 478/478/478 479/479/479 475/475/475
f 475/475/475 473/473/473 478/478/478
f 481/481/481 483/483/483 479/479/479
f 479/479/479 478/478/478 481/481/481
f 485/485/485 488/488/488 483/483/483
f 483/483/483 481/481/481 485/485/485
f 489/489/489 490/490/490 486/486/486
f 486/486/486 484/484/484 489/489/489
f 492/492/492 494/494/494 490/490/490
f 490/490/490 489/489/489 492/492/492
f 472/472/472 470/470/470 496/496/496
f 496/496/496 493/493/493 472/472/472
f 497/497/497 500/500/500 502/502/502
f 502/502/502 506/506/506 497/497/497
f 509/509/509 512/512/512 500/500/500
f 500/500/500 497/497/497 509/509/509
f 514/514/514 516/516/516 512/512/512
f 512/512/512 509/509/509 514/514/514
f 518/518/518 519/519/519 516/516/516
f 516/516/516 514/514/514 518/518/518
f 521/521/521 523/523/523 519/519/519
f 519/519/519 518/518/518 521/521/521
f 525/525/525 527/527/527 523/523/523
f 523/523/523 521/521/521 525/525/525
f 529/529/529 531/531/531 527/527/527
f 527/527/527 525/525/525 529/529/529
f 507/507/507 503/503/503 531/531/531
f 531/531/531 529/529/529 507/507/507
f 533/533/533 535/535/535 537/537/537
f 537/537/537 540/540/540 533/533/533
f 542/542/542 543/543/543 535/535/535
f 535/535/535 533/533/533 542/542/542
f 545/545/545 547/547/547 543/543/543
f 543/543/543 542/542/542 545/545/545
f 549/549/549 550/550/550 547/547/547
f 547/547/547 545/545/545 549/549/549
f 553/553/553 554/554/554 550/550/550
f 550/550/550 549/549/549 553/553/553
f 556/556/556 558/558/558 554/554/554
f 554/554/554 553/553/553 556/556/556
f 559/559/559 560/560/560 558/558/558
f 558/558/558 556/556/556 559/559/559
f 541/541/541 536/536/536 560/560/560
f 560/560/560 559/559/559 541/541/541
f 461/461/461 534/534/534 544/544/544
f 544/544/544 456/456/456 461/461/461
f 461/461/461 538/538/538 534/534/534
f 460/460/460 462/462/462 561/561/561
f 561/561/561 539/539/539 460/460/460
f 463/463/463 557/557/557 562/562/562
f 463/463/463 459/459/459 555/555/555
f 555/555/555 557/557/557 463/463/463
f 459/459/459 552/552/552 555/555/555
f 457/457/457 548/548/548 551/551/551
f 551/551/551 458/458/458 457/457/457
f 456/456/456 544/544/544 546/546/546
f 564/564/564 566/566/566 468/468/468
f 468/468/468 466/466/466 564/564/564
f 570/570/570 564/564/564 466/466/466
f 466/466/466 477/477/477 570/570/570
f 571/571/571 570/570/570 477/477/477
f 477/477/477 480/480/480 571/571/571
f 574/574/574 571/571/571 480/480/480
f 480/480/480 482/482/482 574/574/574
f 575/575/575 574/574/574 482/482/482
f 482/482/482 487/487/487 575/575/575
f 577/577/577 575/575/575 487/487/487
f 487/487/487 491/491/491 577/577/577
f 579/579/579 577/577/577 491/491/491
f 491/491/491 495/495/495 579/579/579
f 568/568/568 579/579/579 495/495/495
f 495/495/495 469/469/469 568/568/568
f 498/498/498 508/508/508 565/565/565
f 565/565/565 563/563/563 498/498/498
f 510/510/510 498/498/498 563/563/563
f 563/563/563 569/569/569 510/510/510
f 513/513/513 510/510/510 569/569/569
f 569/569/569 572/572/572 513/513/513
f 517/517/517 513/513/513 572/572/572
f 572/572/572 573/573/573 517/517/517
f 522/522/522 517/517/517 573/573/573
f 573/573/573 576/576/576 522/522/522
f 526/526/526 522/522/522 576/576/576
f 576/576/576 578/578/578 526/526/526
f 530/530/530 526/526/526 578/578/578
f 578/578/578 580/580/580 530/530/530
f 505/505/505 530/530/530 580/580/580
f 580/580/580 567/567/567 505/505/505
f 533/533/533 540/540/540 582/582/582
f 582/582/582 583/583/583 533/533/533
f 542/542/542 533/533/533 583/583/583
f 583/583/583 584/584/584 542/542/542
f 545/545/545 542/542/542 584/584/584
f 584/584/584 585/585/585 545/545/545
f 549/549/549 545/545/545 585/585/585
f 585/585/585 586/586/586 549/549/549
f 553/553/553 549/549/549 586/586/586
f 586/586/586 587/587/587 553/553/553
f 556/556/556 553/553/553 587/587/587
f 587/587/587 588/588/588 556/556/556
f 559/559/559 556/556/556 588/588/588
f 588/588/588 589/589/589 559/559/559
f 541/541/541 559/559/559 589/589/589
f 589/589/589 581/581/581 541/541/541
f 583/583/583 582/582/582 501/501/501
f 501/501/501 499/499/499 583/583/583
f 584/584/584 583/583/583 499/499/499
f 499/499/499 511/511/511 584/584/584
f 585/585/585 584/584/584 511/511/511
f 511/511/511 515/515/515 585/585/585
f 586/586/586 585/585/585 515/515/515
f 515/515/515 520/520/520 586/586/586
f 587/587/587 586/586/586 520/520/520
f 520/520/520 524/524/524 587/587/587
f 588/588/588 587/587/587 524/524/524
f 524/524/524 528/528/528 588/588/588
f 589/589/589 588/588/588 528/528/528
f 528/528/528 532/532/532 589/589/589
f 581/581/581 589/589/589 532/532/532
f 532/532/532 504/504/504 581/581/581
f 590/590/590 593/593/593 597/597/597
f 597/597/597 601/601/601 590/590/590
f 607/607/607 609/609/609 595/595/595
f 595/595/595 591/591/591 607/607/607
f 612/612/612 618/618/618 608/608/608
f 608/608/608 605/605/605 612/612/612
f 602/602/602 599/599/599 617/617/617
f 617/617/617 613/613/613 602/602/602
f 423/423/423 431/431/431 620/620/620
f 620/620/620 623/623/623 423/423/423
f 426/426/426 421/421/421 622/622/622
f 622/622/622 627/627/627 426/426/426
f 427/427/427 425/425/425 628/628/628
f 628/628/628 630/630/630 427/427/427
f 430/430/430 428/428/428 631/631/631
f 631/631/631 621/621/621 430/430/430
f 434/434/434 592/592/592 603/603/603
f 603/603/603 437/437/437 434/434/434
f 444/444/444 606/606/606 592/592/592
f 592/592/592 434/434/434 444/444/444
f 446/446/446 614/614/614 606/606/606
f 606/606/606 444/444/444 446/446/446
f 436/436/436 604/604/604 614/614/614
f 614/614/614 446/446/446 436/436/436
f 619/619/619 598/598/598 594/594/594
f 594/594/594 624/624/624 619/619/619
f 629/629/629 615/615/615 600/600/600
f 600/600/600 619/619/619 629/629/629
f 626/626/626 611/611/611 616/616/616
f 616/616/616 629/629/629 626/626/626
f 624/624/624 596/596/596 610/610/610
f 610/610/610 625/625/625 624/624/624
f 632/632/632 636/636/636 638/638/638
f 638/638/638 643/643/643 632/632/632
f 644/644/644 646/646/646 648/648/648
f 648/648/648 652/652/652 644/644/644
f 653/653/653 655/655/655 646/646/646
f 646/646/646 644/644/644 653/653/653
f 656/656/656 657/657/657 655/655/655
f 655/655/655 653/653/653 656/656/656
f 651/651/651 649/649/649 657/657/657
f 657/657/657 656/656/656 651/651/651
f 656/656/656 660/660/660 662/662/662
f 662/662/662 651/651/651 656/656/656
f 653/653/653 663/663/663 659/659/659
f 659/659/659 656/656/656 653/653/653
f 644/644/644 665/665/665 664/664/664
f 664/664/664 653/653/653 644/644/644
f 652/652/652 661/661/661 666/666/666
f 666/666/666 644/644/644 652/652/652
f 668/668/668 670/670/670 662/662/662
f 662/662/662 660/660/660 668/668/668
f 672/672/672 667/667/667 659/659/659
f 659/659/659 663/663/663 672/672/672
f 673/673/673 671/671/671 664/664/664
f 664/664/664 665/665/665 673/673/673
f 669/669/669 674/674/674 666/666/666
f 666/666/666 661/661/661 669/669/669
f 675/675/675 678/678/678 682/682/682
f 682/682/682 683/683/683 675/675/675
f 684/684/684 687/687/687 679/679/679
f 679/679/679 676/676/676 684/684/684
f 689/689/689 690/690/690 686/686/686
f 686/686/686 685/685/685 689/689/689
f 692/692/692 694/694/694 690/690/690
f 690/690/690 689/689/689 692/692/692
f 696/696/696 697/697/697 694/694/694
f 694/694/694 692/692/692 696/696/696
f 701/701/701 702/702/702 699/699/699
f 699/699/699 695/695/695 701/701/701
f 705/705/705 706/706/706 703/703/703
f 703/703/703 700/700/700 705/705/705
f 683/683/683 682/682/682 706/706/706
f 706/706/706 705/705/705 683/683/683
f 709/709/709 711/711/711 713/713/713
f 713/713/713 716/716/716 709/709/709
f 720/720/720 723/723/723 711/711/711
f 711/711/711 709/709/709 720/720/720
f 724/724/724 726/726/726 723/723/723
f 723/723/723 720/720/720 724/724/724
f 729/729/729 731/731/731 726/726/726
f 726/726/726 724/724/724 729/729/729
f 733/733/733 734/734/734 731/731/731
f 731/731/731 729/729/729 733/733/733
f 736/736/736 739/739/739 734/734/734
f 734/734/734 733/733/733 736/736/736
f 740/740/740 742/742/742 739/739/739
f 739/739/739 736/736/736 740/740/740
f 717/717/717 714/714/714 742/742/742
f 742/742/742 740/740/740 717/717/717
f 744/744/744 745/745/745 750/750/750
f 750/750/750 752/752/752 744/744/744
f 753/753/753 755/755/755 745/745/745
f 745/745/745 744/744/744 753/753/753
f 756/756/756 757/757/757 755/755/755
f 755/755/755 753/753/753 756/756/756
f 760/760/760 763/763/763 757/757/757
f 757/757/757 756/756/756 760/760/760
f 764/764/764 766/766/766 763/763/763
f 763/763/763 760/760/760 764/764/764
f 767/767/767 768/768/768 766/766/766
f 766/766/766 764/764/764 767/767/767
f 770/770/770 771/771/771 768/768/768
f 768/768/768 767/767/767 770/770/770
f 751/751/751 749/749/749 771/771/771
f 771/771/771 770/770/770 751/751/751
f 672/672/672 746/746/746 754/754/754
f 754/754/754 667/667/667 672/672/672
f 672/672/672 748/748/748 746/746/746
f 671/671/671 673/673/673 773/773/773
f 773/773/773 747/747/747 671/671/671
f 674/674/674 769/769/769 772/772/772
f 674/674/674 669/669/669 765/765/765
f 765/765/765 769/769/769 674/674/674
f 669/669/669 762/762/762 765/765/765
f 668/668/668 758/758/758 761/761/761
f 761/761/761 670/670/670 668/668/668
f 667/667/667 754/754/754 759/759/759
f 775/775/775 779/779/779 680/680/680
f 680/680/680 677/677/677 775/775/775
f 780/780/780 775/775/775 677/677/677
f 677/677/677 688/688/688 780/780/780
f 783/783/783 780/780/780 688/688/688
f 688/688/688 691/691/691 783/783/783
f 784/784/784 783/783/783 691/691/691
f 691/691/691 693/693/693 784/784/784
f 786/786/786 784/784/784 693/693/693
f 693/693/693 698/698/698 786/786/786
f 789/789/789 786/786/786 698/698/698
f 698/698/698 704/704/704 789/789/789
f 790/790/790 789/789/789 704/704/704
f 704/704/704 707/707/707 790/790/790
f 778/778/778 790/790/790 707/707/707
f 707/707/707 681/681/681 778/778/778
f 708/708/708 719/719/719 776/776/776
f 776/776/776 774/774/774 708/708/708
f 721/721/721 708/708/708 774/774/774
f 774/774/774 781/781/781 721/721/721
f 725/725/725 721/721/721 781/781/781
f 781/781/781 782/782/782 725/725/725
f 728/728/728 725/725/725 782/782/782
f 782/782/782 785/785/785 728/728/728
f 732/732/732 728/728/728 785/785/785
f 785/785/785 787/787/787 732/732/732
f 737/737/737 732/732/732 787/787/787
f 787/787/787 788/788/788 737/737/737
f 741/741/741 737/737/737 788/788/788
f 788/788/788 791/791/791 741/741/741
f 718/718/718 741/741/741 791/791/791
f 791/791/791 777/777/777 718/718/718
f 744/744/744 752/752/752 792/792/792
f 792/792/792 794/794/794 744/744/744
f 753/753/753 744/744/744 794/794/794
f 794/794/794 795/795/795 753/753/753
f 756/756/756 753/753/753 795/795/795
f 795/795/795 796/796/796 756/756/756
f 760/760/760 756/756/756 796/796/796
f 796/796/796 797/797/797 760/760/760
f 764/764/764 760/760/760 797/797/797
f 797/797/797 798/798/798 764/764/764
f 767/767/767 764/764/764 798/798/798
f 798/798/798 799/799/799 767/767/767
f 770/770/770 767/767/767 799/799/799
f 799/799/799 800/800/800 770/770/770
f 751/751/751 770/770/770 800/800/800
f 800/800/800 793/793/793 751/751/751
f 794/794/794 792/792/792 715/715/715
f 715/715/715 710/710/710 794/794/794
f 795/795/795 794/794/794 710/710/710
f 710/710/710 722/722/722 795/795/795
f 796/796/796 795/795/795 722/722/722
f 722/722/722 727/727/727 796/796/796
f 797/797/797 796/796/796 727/727/727
f 727/727/727 730/730/730 797/797/797
f 798/798/798 797/797/797 730/730/730
f 730/730/730 735/735/735 798/798/798
f 799/799/799 798/798/798 735/735/735
f 735/735/735 738/738/738 799/799/799
f 800/800/800 799/799/799 738/738/738
f 738/738/738 743/743/743 800/800/800
f 793/793/793 800/800/800 743/743/743
f 743/743/743 712/712/712 793/793/793
f 802/802/802 805/805/805 808/808/808
f 808/808/808 814/814/814 802/802/802
f 816/816/816 822/822/822 807/807/807
f 807/807/807 801/801/801 816/816/816
f 824/824/824 829/829/829 821/821/821
f 821/821/821 817/817/817 824/824/824
f 813/813/813 811/811/811 826/826/826
f 826/826/826 823/823/823 813/813/813
f 634/634/634 642/642/642 831/831/831
f 831/831/831 835/835/835 634/634/634
f 635/635/635 633/633/633 833/833/833
f 833/833/833 838/838/838 635/635/635
f 639/639/639 637/637/637 839/839/839
f 839/839/839 841/841/841 639/639/639
f 641/641/641 640/640/640 842/842/842
f 842/842/842 830/830/830 641/641/641
f 645/645/645 803/803/803 812/812/812
f 812/812/812 647/647/647 645/645/645
f 654/654/654 818/818/818 803/803/803
f 803/803/803 645/645/645 654/654/654
f 658/658/658 825/825/825 818/818/818
f 818/818/818 654/654/654 658/658/658
f 650/650/650 815/815/815 825/825/825
f 825/825/825 658/658/658 650/650/650
f 832/832/832 810/810/810 806/806/806
f 806/806/806 834/834/834 832/832/832
f 840/840/840 827/827/827 809/809/809
f 809/809/809 832/832/832 840/840/840
f 836/836/836 819/819/819 828/828/828
f 828/828/828 840/840/840 836/836/836
f 834/834/834 804/804/804 820/820/820
f 820/820/820 837/837/837 834/834/834
f 843/843/843 848/848/848 849/849/849
f 849/849/849 853/853/853 843/843/843
f 856/856/856 860/860/860 861/861/861
f 861/861/861 862/862/862 856/856/856
f 860/860/860 865/865/865 866/866/866
f 866/866/866 861/861/861 860/860/860
f 865/865/865 868/868/868 869/869/869
f 869/869/869 866/866/866 865/865/865
f 868/868/868 857/857/857 863/863/863
f 863/863/863 869/869/869 868/868/868
f 870/870/870 872/872/872 869/869/869
f 869/869/869 863/863/863 870/870/870
f 873/873/873 874/874/874 866/866/866
f 866/866/866 869/869/869 873/873/873
f 875/875/875 877/877/877 861/861/861
f 861/861/861 866/866/866 875/875/875
f 876/876/876 871/871/871 862/862/862
f 862/862/862 861/861/861 876/876/876
f 870/870/870 878/878/878 880/880/880
f 880/880/880 872/872/872 870/870/870
f 873/873/873 881/881/881 882/882/882
f 882/882/882 874/874/874 873/873/873
f 875/875/875 883/883/883 884/884/884
f 884/884/884 877/877/877 875/875/875
f 876/876/876 885/885/885 879/879/879
f 879/879/879 871/871/871 876/876/876
f 888/888/888 890/890/890 891/891/891
f 891/891/891 892/892/892 888/888/888
f 890/890/890 895/895/895 896/896/896
f 896/896/896 891/891/891 890/890/890
f 893/893/893 899/899/899 900/900/900
f 900/900/900 897/897/897 893/893/893
f 899/899/899 901/901/901 903/903/903
f 903/903/903 900/900/900 899/899/899
f 901/901/901 906/906/906 907/907/907
f 907/907/907 903/903/903 901/901/901
f 904/904/904 909/909/909 911/911/911
f 911/911/911 908/908/908 904/904/904
f 909/909/909 914/914/914 916/916/916
f 916/916/916 911/911/911 909/909/909
f 912/912/912 888/888/888 892/892/892
f 892/892/892 915/915/915 912/912/912
f 920/920/920 922/922/922 924/924/924
f 924/924/924 927/927/927 920/920/920
f 922/922/922 930/930/930 931/931/931
f 931/931/931 924/924/924 922/922/922
f 930/930/930 934/934/934 936/936/936
f 936/936/936 931/931/931 930/930/930
f 934/934/934 938/938/938 940/940/940
f 940/940/940 936/936/936 934/934/934
f 938/938/938 941/941/941 943/943/943
f 943/943/943 940/940/940 938/938/938
f 941/941/941 945/945/945 947/947/947
f 947/947/947 943/943/943 941/941/941
f 945/945/945 950/950/950 951/951/951
f 951/951/951 947/947/947 945/945/945
f 950/950/950 917/917/917 928/928/928
f 928/928/928 951/951/951 950/950/950
f 954/954/954 957/957/957 959/959/959
f 959/959/959 961/961/961 954/954/954
f 957/957/957 963/963/963 964/964/964
f 964/964/964 959/959/959 957/957/957
f 963/963/963 966/966/966 968/968/968
f 968/968/968 964/964/964 963/963/963
f 966/966/966 971/971/971 972/972/972
f 972/972/972 968/968/968 966/966/966
f 971/971/971 974/974/974 975/975/975
f 975/975/975 972/972/972 971/971/971
f 974/974/974 976/976/976 978/978/978
f 978/978/978 975/975/975 974/974/974
f 976/976/976 981/981/981 982/982/982
f 982/982/982 978/978/978 976/976/976
f 981/981/981 953/953/953 960/960/960
f 960/960/960 982/982/982 981/981/981
f 962/962/962 958/958/958 882/882/882
f 882/882/882 881/881/881 962/962/962
f 882/882/882 958/958/958 955/955/955
f 883/883/883 956/956/956 979/979/979
f 979/979/979 884/884/884 883/883/883
f 885/885/885 980/980/980 977/977/977
f 885/885/885 977/977/977 973/973/973
f 973/973/973 879/879/879 885/885/885
f 879/879/879 973/973/973 970/970/970
f 969/969/969 965/965/965 880/880/880
f 880/880/880 878/878/878 969/969/969
f 881/881/881 967/967/967 962/962/962
f 886/886/886 983/983/983 988/988/988
f 988/988/988 889/889/889 886/886/886
f 889/889/889 988/988/988 989/989/989
f 989/989/989 894/894/894 889/889/889
f 894/894/894 989/989/989 991/991/991
f 991/991/991 898/898/898 894/894/894
f 898/898/898 991/991/991 994/994/994
f 994/994/994 902/902/902 898/898/898
f 902/902/902 994/994/994 995/995/995
f 995/995/995 905/905/905 902/902/902
f 905/905/905 995/995/995 998/998/998
f 998/998/998 910/910/910 905/905/905
f 910/910/910 998/998/998 999/999/999
f 999/999/999 913/913/913 910/910/910
f 913/913/913 999/999/999 985/985/985
f 985/985/985 887/887/887 913/913/913
f 984/984/984 926/926/926 923/923/923
f 923/923/923 987/987/987 984/984/984
f 987/987/987 923/923/923 932/932/932
f 932/932/932 990/990/990 987/987/987
f 990/990/990 932/932/932 935/935/935
f 935/935/935 992/992/992 990/990/990
f 992/992/992 935/935/935 939/939/939
f 939/939/939 993/993/993 992/992/992
f 993/993/993 939/939/939 944/944/944
f 944/944/944 996/996/996 993/993/993
f 996/996/996 944/944/944 948/948/948
f 948/948/948 997/997/997 996/996/996
f 997/997/997 948/948/948 952/952/952
f 952/952/952 1000/1000/1000 997/997/997
f 1000/1000/1000 952/952/952 925/925/925
f 925/925/925 986/986/986 1000/1000/1000
f 1002/1002/1002 961/961/961 959/959/959
f 959/959/959 1003/1003/1003 1002/1002/1002
f 1003/1003/1003 959/959/959 964/964/964
f 964/964/964 1004/1004/1004 1003/1003/1003
f 1004/1004/1004 964/964/964 968/968/968
f 968/968/968 1005/1005/1005 1004/1004/1004
f 1005/1005/1005 968/968/968 972/972/972
f 972/972/972 1006/1006/1006 1005/1005/1005
f 1006/1006/1006 972/972/972 975/975/975
f 975/975/975 1007/1007/1007 1006/1006/1006
f 1007/1007/1007 975/975/975 978/978/978
f 978/978/978 1008/1008/1008 1007/1007/1007
f 1008/1008/1008 978/978/978 982/982/982
f 982/982/982 1009/1009/1009 1008/1008/1008
f 1009/1009/1009 982/982/982 960/960/960
f 960/960/960 1001/1001/1001 1009/1009/1009
f 919/919/919 1002/1002/1002 1003/1003/1003
f 1003/1003/1003 921/921/921 919/919/919
f 921/921/921 1003/1003/1003 1004/1004/1004
f 1004/1004/1004 929/929/929 921/921/921
f 929/929/929 1004/1004/1004 1005/1005/1005
f 1005/1005/1005 933/933/933 929/929/929
f 933/933/933 1005/1005/1005 1006/1006/1006
f 1006/1006/1006 937/937/937 933/933/933
f 937/937/937 1006/1006/1006 1007/1007/1007
f 1007/1007/1007 942/942/942 937/937/937
f 942/942/942 1007/1007/1007 1008/1008/1008
f 1008/1008/1008 946/946/946 942/942/942
f 946/946/946 1008/1008/1008 1009/1009/1009
f 1009/1009/1009 949/949/949 946/946/946
f 949/949/949 1009/1009/1009 1001/1001/1001
f 1001/1001/1001 918/918/918 949/949/949
f 1010/1010/1010 1017/1017/1017 1018/1018/1018
f 1018/1018/1018 1024/1024/1024 1010/1010/1010
f 1014/1014/1014 1027/1027/1027 1031/1031/1031
f 1031/1031/1031 1020/1020/1020 1014/1014/1014
f 1028/1028/1028 1033/1033/1033 1038/1038/1038
f 1038/1038/1038 1029/1029/1029 1028/1028/1028
f 1032/1032/1032 1011/1011/1011 1021/1021/1021
f 1021/1021/1021 1037/1037/1037 1032/1032/1032
f 1039/1039/1039 852/852/852 850/850/850
f 850/850/850 1044/1044/1044 1039/1039/1039
f 1042/1042/1042 851/851/851 846/846/846
f 846/846/846 1047/1047/1047 1042/1042/1042
f 1048/1048/1048 847/847/847 844/844/844
f 844/844/844 1050/1050/1050 1048/1048/1048
f 1049/1049/1049 845/845/845 854/854/854
f 854/854/854 1040/1040/1040 1049/1049/1049
f 1023/1023/1023 1019/1019/1019 859/859/859
f 859/859/859 858/858/858 1023/1023/1023
f 1019/1019/1019 1030/1030/1030 864/864/864
f 864/864/864 859/859/859 1019/1019/1019
f 1030/1030/1030 1036/1036/1036 867/867/867
f 867/867/867 864/864/864 1030/1030/1030
f 1036/1036/1036 1022/1022/1022 855/855/855
f 855/855/855 867/867/867 1036/1036/1036
f 1015/1015/1015 1012/1012/1012 1041/1041/1041
f 1041/1041/1041 1043/1043/1043 1015/1015/1015
f 1013/1013/1013 1035/1035/1035 1051/1051/1051
f 1051/1051/1051 1041/1041/1041 1013/1013/1013
f 1034/1034/1034 1025/1025/1025 1045/1045/1045
f 1045/1045/1045 1051/1051/1051 1034/1034/1034
f 1026/1026/1026 1016/1016/1016 1043/1043/1043
f 1043/1043/1043 1046/1046/1046 1026/1026/1026
f 1053/1053/1053 1057/1057/1057 1060/1060/1060
f 1060/1060/1060 1063/1063/1063 1053/1053/1053
f 1066/1066/1066 1068/1068/1068 1070/1070/1070
f 1070/1070/1070 1071/1071/1071 1066/1066/1066
f 1068/1068/1068 1073/1073/1073 1075/1075/1075
f 1075/1075/1075 1070/1070/1070 1068/1068/1068
f 1073/1073/1073 1076/1076/1076 1078/1078/1078
f 1078/1078/1078 1075/1075/1075 1073/1073/1073
f 1076/1076/1076 1067/1067/1067 1072/1072/1072
f 1072/1072/1072 1078/1078/1078 1076/1076/1076
f 1079/1079/1079 1082/1082/1082 1078/1078/1078
f 1078/1078/1078 1072/1072/1072 1079/1079/1079
f 1081/1081/1081 1083/1083/1083 1075/1075/1075
f 1075/1075/1075 1078/1078/1078 1081/1081/1081
f 1084/1084/1084 1085/1085/1085 1070/1070/1070
f 1070/1070/1070 1075/1075/1075 1084/1084/1084
f 1086/1086/1086 1080/1080/1080 1071/1071/1071
f 1071/1071/1071 1070/1070/1070 1086/1086/1086
f 1079/1079/1079 1087/1087/1087 1089/1089/1089
f 1089/1089/1089 1082/1082/1082 1079/1079/1079
f 1081/1081/1081 1090/1090/1090 1091/1091/1091
f 1091/1091/1091 1083/1083/1083 1081/1081/1081
f 1084/1084/1084 1092/1092/1092 1094/1094/1094
f 1094/1094/1094 1085/1085/1085 1084/1084/1084
f 1086/1086/1086 1093/1093/1093 1088/1088/1088
f 1088/1088/1088 1080/1080/1080 1086/1086/1086
f 1097/1097/1097 1100/1100/1100 1102/1102/1102
f 1102/1102/1102 1103/1103/1103 1097/1097/1097
f 1098/1098/1098 1106/1106/1106 1107/1107/1107
f 1107/1107/1107 1101/1101/1101 1098/1098/1098
f 1105/1105/1105 1111/1111/1111 1113/1113/1113
f 1113/1113/1113 1108/1108/1108 1105/1105/1105
f 1110/1110/1110 1115/1115/1115 1118/1118/1118
f 1118/1118/1118 1112/1112/1112 1110/1110/1110
f 1114/1114/1114 1120/1120/1120 1121/1121/1121
f 1121/1121/1121 1117/1117/1117 1114/1114/1114
f 1120/1120/1120 1123/1123/1123 1124/1124/1124
f 1124/1124/1124 1121/1121/1121 1120/1120/1120
f 1123/1123/1123 1125/1125/1125 1127/1127/1127
f 1127/1127/1127 1124/1124/1124 1123/1123/1123
f 1125/1125/1125 1097/1097/1097 1103/1103/1103
f 1103/1103/1103 1127/1127/1127 1125/1125/1125
f 1128/1128/1128 1132/1132/1132 1134/1134/1134
f 1134/1134/1134 1139/1139/1139 1128/1128/1128
f 1132/1132/1132 1140/1140/1140 1143/1143/1143
f 1143/1143/1143 1134/1134/1134 1132/1132/1132
f 1140/1140/1140 1144/1144/1144 1147/1147/1147
f 1147/1147/1147 1143/1143/1143 1140/1140/1140
f 1144/1144/1144 1148/1148/1148 1151/1151/1151
f 1151/1151/1151 1147/1147/1147 1144/1144/1144
f 1148/1148/1148 1152/1152/1152 1154/1154/1154
f 1154/1154/1154 1151/1151/1151 1148/1148/1148
f 1152/1152/1152 1157/1157/1157 1158/1158/1158
f 1158/1158/1158 1154/1154/1154 1152/1152/1152
f 1157/1157/1157 1161/1161/1161 1162/1162/1162
f 1162/1162/1162 1158/1158/1158 1157/1157/1157
f 1161/1161/1161 1130/1130/1130 1138/1138/1138
f 1138/1138/1138 1162/1162/1162 1161/1161/1161
f 1164/1164/1164 1168/1168/1168 1170/1170/1170
f 1170/1170/1170 1172/1172/1172 1164/1164/1164
f 1168/1168/1168 1174/1174/1174 1175/1175/1175
f 1175/1175/1175 1170/1170/1170 1168/1168/1168
f 1174/1174/1174 1178/1178/1178 1179/1179/1179
f 1179/1179/1179 1175/1175/1175 1174/1174/1174
f 1178/1178/1178 1182/1182/1182 1183/1183/1183
f 1183/1183/1183 1179/1179/1179 1178/1178/1178
f 1182/1182/1182 1185/1185/1185 1186/1186/1186
f 1186/1186/1186 1183/1183/1183 1182/1182/1182
f 1185/1185/1185 1187/1187/1187 1189/1189/1189
f 1189/1189/1189 1186/1186/1186 1185/1185/1185
f 1187/1187/1187 1192/1192/1192 1193/1193/1193
f 1193/1193/1193 1189/1189/1189 1187/1187/1187
f 1192/1192/1192 1165/1165/1165 1171/1171/1171
f 1171/1171/1171 1193/1193/1193 1192/1192/1192
f 1173/1173/1173 1169/1169/1169 1091/1091/1091
f 1091/1091/1091 1090/1090/1090 1173/1173/1173
f 1091/1091/1091 1169/1169/1169 1166/1166/1166
f 1092/1092/1092 1167/1167/1167 1191/1191/1191
f 1191/1191/1191 1094/1094/1094 1092/1092/1092
f 1093/1093/1093 1190/1190/1190 1188/1188/1188
f 1093/1093/1093 1188/1188/1188 1184/1184/1184
f 1184/1184/1184 1088/1088/1088 1093/1093/1093
f 1088/1088/1088 1184/1184/1184 1181/1181/1181
f 1180/1180/1180 1177/1177/1177 1089/1089/1089
f 1089/1089/1089 1087/1087/1087 1180/1180/1180
f 1090/1090/1090 1176/1176/1176 1173/1173/1173
f 1095/1095/1095 1196/1196/1196 1199/1199/1199
f 1199/1199/1199 1099/1099/1099 1095/1095/1095
f 1099/1099/1099 1199/1199/1199 1201/1201/1201
f 1201/1201/1201 1104/1104/1104 1099/1099/1099
f 1104/1104/1104 1201/1201/1201 1202/1202/1202
f 1202/1202/1202 1109/1109/1109 1104/1104/1104
f 1109/1109/1109 1202/1202/1202 1204/1204/1204
f 1204/1204/1204 1116/1116/1116 1109/1109/1109
f 1116/1116/1116 1204/1204/1204 1206/1206/1206
f 1206/1206/1206 1119/1119/1119 1116/1116/1116
f 1119/1119/1119 1206/1206/1206 1209/1209/1209
f 1209/1209/1209 1122/1122/1122 1119/1119/1119
f 1122/1122/1122 1209/1209/1209 1210/1210/1210
f 1210/1210/1210 1126/1126/1126 1122/1122/1122
f 1126/1126/1126 1210/1210/1210 1195/1195/1195
f 1195/1195/1195 1096/1096/1096 1126/1126/1126
f 1194/1194/1194 1136/1136/1136 1135/1135/1135
f 1135/1135/1135 1198/1198/1198 1194/1194/1194
f 1198/1198/1198 1135/1135/1135 1142/1142/1142
f 1142/1142/1142 1200/1200/1200 1198/1198/1198
f 1200/1200/1200 1142/1142/1142 1146/1146/1146
f 1146/1146/1146 1203/1203/1203 1200/1200/1200
f 1203/1203/1203 1146/1146/1146 1150/1150/1150
f 1150/1150/1150 1205/1205/1205 1203/1203/1203
f 1205/1205/1205 1150/1150/1150 1155/1155/1155
f 1155/1155/1155 1207/1207/1207 1205/1205/1205
f 1207/1207/1207 1155/1155/1155 1159/1159/1159
f 1159/1159/1159 1208/1208/1208 1207/1207/1207
f 1208/1208/1208 1159/1159/1159 1163/1163/1163
f 1163/1163/1163 1211/1211/1211 1208/1208/1208
f 1211/1211/1211 1163/1163/1163 1137/1137/1137
f 1137/1137/1137 1197/1197/1197 1211/1211/1211
f 1213/1213/1213 1172/1172/1172 1170/1170/1170
f 1170/1170/1170 1214/1214/1214 1213/1213/1213
f 1214/1214/1214 1170/1170/1170 1175/1175/1175
f 1175/1175/1175 1215/1215/1215 1214/1214/1214
f 1215/1215/1215 1175/1175/1175 1179/1179/1179
f 1179/1179/1179 1216/1216/1216 1215/1215/1215
f 1216/1216/1216 1179/1179/1179 1183/1183/1183
f 1183/1183/1183 1217/1217/1217 1216/1216/1216
f 1217/1217/1217 1183/1183/1183 1186/1186/1186
f 1186/1186/1186 1218/1218/1218 1217/1217/1217
f 1218/1218/1218 1186/1186/1186 1189/1189/1189
f 1189/1189/1189 1219/1219/1219 1218/1218/1218
f 1219/1219/1219 1189/1189/1189 1193/1193/1193
f 1193/1193/1193 1220/1220/1220 1219/1219/1219
f 1220/1220/1220 1193/1193/1193 1171/1171/1171
f 1171/1171/1171 1212/1212/1212 1220/1220/1220
f 1129/1129/1129 1213/1213/1213 1214/1214/1214
f 1214/1214/1214 1133/1133/1133 1129/1129/1129
f 1133/1133/1133 1214/1214/1214 1215/1215/1215
f 1215/1215/1215 1141/1141/1141 1133/1133/1133
f 1141/1141/1141 1215/1215/1215 1216/1216/1216
f 1216/1216/1216 1145/1145/1145 1141/1141/1141
f 1145/1145/1145 1216/1216/1216 1217/1217/1217
f 1217/1217/1217 1149/1149/1149 1145/1145/1145
f 1149/1149/1149 1217/1217/1217 1218/1218/1218
f 1218/1218/1218 1153/1153/1153 1149/1149/1149
f 1153/1153/1153 1218/1218/1218 1219/1219/1219
f 1219/1219/1219 1156/1156/1156 1153/1153/1153
f 1156/1156/1156 1219/1219/1219 1220/1220/1220
f 1220/1220/1220 1160/1160/1160 1156/1156/1156
f 1160/1160/1160 1220/1220/1220 1212/1212/1212
f 1212/1212/1212 1131/1131/1131 1160/1160/1160
f 1223/1223/1223 1228/1228/1228 1231/1231/1231
f 1231/1231/1231 1233/1233/1233 1223/1223/1223
f 1227/1227/1227 1239/1239/1239 1242/1242/1242
f 1242/1242/1242 1230/1230/1230 1227/1227/1227
f 1236/1236/1236 1244/1244/1244 1248/1248/1248
f 1248/1248/1248 1240/1240/1240 1236/1236/1236
f 1245/1245/1245 1221/1221/1221 1235/1235/1235
f 1235/1235/1235 1249/1249/1249 1245/1245/1245
f 1252/1252/1252 1061/1061/1061 1059/1059/1059
f 1059/1059/1059 1255/1255/1255 1252/1252/1252
f 1253/1253/1253 1058/1058/1058 1055/1055/1055
f 1055/1055/1055 1257/1257/1257 1253/1253/1253
f 1259/1259/1259 1056/1056/1056 1052/1052/1052
f 1052/1052/1052 1261/1261/1261 1259/1259/1259
f 1262/1262/1262 1054/1054/1054 1062/1062/1062
f 1062/1062/1062 1250/1250/1250 1262/1262/1262
f 1234/1234/1234 1229/1229/1229 1069/1069/1069
f 1069/1069/1069 1065/1065/1065 1234/1234/1234
f 1229/1229/1229 1241/1241/1241 1074/1074/1074
f 1074/1074/1074 1069/1069/1069 1229/1229/1229
f 1241/1241/1241 1247/1247/1247 1077/1077/1077
f 1077/1077/1077 1074/1074/1074 1241/1241/1241
f 1247/1247/1247 1232/1232/1232 1064/1064/1064
f 1064/1064/1064 1077/1077/1077 1247/1247/1247
f 1225/1225/1225 1224/1224/1224 1251/1251/1251
f 1251/1251/1251 1254/1254/1254 1225/1225/1225
f 1222/1222/1222 1243/1243/1243 1260/1260/1260
f 1260/1260/1260 1251/1251/1251 1222/1222/1222
f 1246/1246/1246 1237/1237/1237 1258/1258/1258
f 1258/1258/1258 1260/1260/1260 1246/1246/1246
f 1238/1238/1238 1226/1226/1226 1254/1254/1254
f 1254/1254/1254 1256/1256/1256 1238/1238/1238
f 1264/1264/1264 1268/1268/1268 1269/1269/1269
f 1269/1269/1269 1273/1273/1273 1264/1264/1264
f 1275/1275/1275 1277/1277/1277 1280/1280/1280
f 1280/1280/1280 1283/1283/1283 1275/1275/1275
f 1284/1284/1284 1286/1286/1286 1277/1277/1277
f 1277/1277/1277 1275/1275/1275 1284/1284/1284
f 1287/1287/1287 1289/1289/1289 1286/1286/1286
f 1286/1286/1286 1284/1284/1284 1287/1287/1287
f 1282/1282/1282 1281/1281/1281 1289/1289/1289
f 1289/1289/1289 1287/1287/1287 1282/1282/1282
f 1287/1287/1287 1291/1291/1291 1292/1292/1292
f 1292/1292/1292 1282/1282/1282 1287/1287/1287
f 1284/1284/1284 1294/1294/1294 1290/1290/1290
f 1290/1290/1290 1287/1287/1287 1284/1284/1284
f 1275/1275/1275 1297/1297/1297 1295/1295/1295
f 1295/1295/1295 1284/1284/1284 1275/1275/1275
f 1283/1283/1283 1293/1293/1293 1296/1296/1296
f 1296/1296/1296 1275/1275/1275 1283/1283/1283
f 1299/1299/1299 1300/1300/1300 1292/1292/1292
f 1292/1292/1292 1291/1291/1291 1299/1299/1299
f 1303/1303/1303 1298/1298/1298 1290/1290/1290
f 1290/1290/1290 1294/1294/1294 1303/1303/1303
f 1304/1304/1304 1302/1302/1302 1295/1295/1295
f 1295/1295/1295 1297/1297/1297 1304/1304/1304
f 1301/1301/1301 1305/1305/1305 1296/1296/1296
f 1296/1296/1296 1293/1293/1293 1301/1301/1301
f 1306/1306/1306 1307/1307/1307 1309/1309/1309
f 1309/1309/1309 1313/1313/1313 1306/1306/1306
f 1315/1315/1315 1318/1318/1318 1307/1307/1307
f 1307/1307/1307 1306/1306/1306 1315/1315/1315
f 1320/1320/1320 1322/1322/1322 1317/1317/1317
f 1317/1317/1317 1316/1316/1316 1320/1320/1320
f 1323/1323/1323 1325/1325/1325 1322/1322/1322
f 1322/1322/1322 1320/1320/1320 1323/1323/1323
f 1326/1326/1326 1330/1330/1330 1325/1325/1325
f 1325/1325/1325 1323/1323/1323 1326/1326/1326
f 1331/1331/1331 1332/1332/1332 1328/1328/1328
f 1328/1328/1328 1327/1327/1327 1331/1331/1331
f 1334/1334/1334 1337/1337/1337 1332/1332/1332
f 1332/1332/1332 1331/1331/1331 1334/1334/1334
f 1314/1314/1314 1312/1312/1312 1338/1338/1338
f 1338/1338/1338 1335/1335/1335 1314/1314/1314
f 1339/1339/1339 1342/1342/1342 1343/1343/1343
f 1343/1343/1343 1350/1350/1350 1339/1339/1339
f 1352/1352/1352 1354/1354/1354 1342/1342/1342
f 1342/1342/1342 1339/1339/1339 1352/1352/1352
f 1356/1356/1356 1358/1358/1358 1354/1354/1354
f 1354/1354/1354 1352/1352/1352 1356/1356/1356
f 1360/1360/1360 1362/1362/1362 1358/1358/1358
f 1358/1358/1358 1356/1356/1356 1360/1360/1360
f 1364/1364/1364 1366/1366/1366 1362/1362/1362
f 1362/1362/1362 1360/1360/1360 1364/1364/1364
f 1367/1367/1367 1370/1370/1370 1366/1366/1366
f 1366/1366/1366 1364/1364/1364 1367/1367/1367
f 1371/1371/1371 1374/1374/1374 1370/1370/1370
f 1370/1370/1370 1367/1367/1367 1371/1371/1371
f 1347/1347/1347 1345/1345/1345 1374/1374/1374
f 1374/1374/1374 1371/1371/1371 1347/1347/1347
f 1375/1375/1375 1376/1376/1376 1378/1378/1378
f 1378/1378/1378 1382/1382/1382 1375/1375/1375
f 1384/1384/1384 1385/1385/1385 1376/1376/1376
f 1376/1376/1376 1375/1375/1375 1384/1384/1384
f 1387/1387/1387 1388/1388/1388 1385/1385/1385
f 1385/1385/1385 1384/1384/1384 1387/1387/1387
f 1391/1391/1391 1394/1394/1394 1388/1388/1388
f 1388/1388/1388 1387/1387/1387 1391/1391/1391
f 1395/1395/1395 1396/1396/1396 1394/1394/1394
f 1394/1394/1394 1391/1391/1391 1395/1395/1395
f 1398/1398/1398 1400/1400/1400 1396/1396/1396
f 1396/1396/1396 1395/1395/1395 1398/1398/1398
f 1401/1401/1401 1402/1402/1402 1400/1400/1400
f 1400/1400/1400 1398/1398/1398 1401/1401/1401
f 1383/1383/1383 1381/1381/1381 1402/1402/1402
f 1402/1402/1402 1401/1401/1401 1383/1383/1383
f 1303/1303/1303 1377/1377/1377 1386/1386/1386
f 1386/1386/1386 1298/1298/1298 1303/1303/1303
f 1303/1303/1303 1379/1379/1379 1377/1377/1377
f 1302/1302/1302 1304/1304/1304 1403/1403/1403
f 1403/1403/1403 1380/1380/1380 1302/1302/1302
f 1305/1305/1305 1399/1399/1399 1404/1404/1404
f 1305/1305/1305 1301/1301/1301 1397/1397/1397
f 1397/1397/1397 1399/1399/1399 1305/1305/1305
f 1301/1301/1301 1393/1393/1393 1397/1397/1397
f 1299/1299/1299 1389/1389/1389 1392/1392/1392
f 1392/1392/1392 1300/1300/1300 1299/1299/1299
f 1298/1298/1298 1386/1386/1386 1390/1390/1390
f 1405/1405/1405 1408/1408/1408 1310/1310/1310
f 1310/1310/1310 1308/1308/1308 1405/1405/1405
f 1412/1412/1412 1405/1405/1405 1308/1308/1308
f 1308/1308/1308 1319/1319/1319 1412/1412/1412
f 1413/1413/1413 1412/1412/1412 1319/1319/1319
f 1319/1319/1319 1321/1321/1321 1413/1413/1413
f 1416/1416/1416 1413/1413/1413 1321/1321/1321
f 1321/1321/1321 1324/1324/1324 1416/1416/1416
f 1417/1417/1417 1416/1416/1416 1324/1324/1324
f 1324/1324/1324 1329/1329/1329 1417/1417/1417
f 1420/1420/1420 1417/1417/1417 1329/1329/1329
f 1329/1329/1329 1333/1333/1333 1420/1420/1420
f 1421/1421/1421 1420/1420/1420 1333/1333/1333
f 1333/1333/1333 1336/1336/1336 1421/1421/1421
f 1407/1407/1407 1421/1421/1421 1336/1336/1336
f 1336/1336/1336 1311/1311/1311 1407/1407/1407
f 1340/1340/1340 1349/1349/1349 1409/1409/1409
f 1409/1409/1409 1406/1406/1406 1340/1340/1340
f 1351/1351/1351 1340/1340/1340 1406/1406/1406
f 1406/1406/1406 1411/1411/1411 1351/1351/1351
f 1355/1355/1355 1351/1351/1351 1411/1411/1411
f 1411/1411/1411 1414/1414/1414 1355/1355/1355
f 1359/1359/1359 1355/1355/1355 1414/1414/1414
f 1414/1414/1414 1415/1415/1415 1359/1359/1359
f 1363/1363/1363 1359/1359/1359 1415/1415/1415
f 1415/1415/1415 1418/1418/1418 1363/1363/1363
f 1368/1368/1368 1363/1363/1363 1418/1418/1418
f 1418/1418/1418 1419/1419/1419 1368/1368/1368
f 1372/1372/1372 1368/1368/1368 1419/1419/1419
f 1419/1419/1419 1422/1422/1422 1372/1372/1372
f 1348/1348/1348 1372/1372/1372 1422/1422/1422
f 1422/1422/1422 1410/1410/1410 1348/1348/1348
f 1375/1375/1375 1382/1382/1382 1423/1423/1423
f 1423/1423/1423 1425/1425/1425 1375/1375/1375
f 1384/1384/1384 1375/1375/1375 1425/1425/1425
f 1425/1425/1425 1426/1426/1426 1384/1384/1384
f 1387/1387/1387 1384/1384/1384 1426/1426/1426
f 1426/1426/1426 1427/1427/1427 1387/1387/1387
f 1391/1391/1391 1387/1387/1387 1427/1427/1427
f 1427/1427/1427 1428/1428/1428 1391/1391/1391
f 1395/1395/1395 1391/1391/1391 1428/1428/1428
f 1428/1428/1428 1429/1429/1429 1395/1395/1395
f 1398/1398/1398 1395/1395/1395 1429/1429/1429
f 1429/1429/1429 1430/1430/1430 1398/1398/1398
f 1401/1401/1401 1398/1398/1398 1430/1430/1430
f 1430/1430/1430 1431/1431/1431 1401/1401/1401
f 1383/1383/1383 1401/1401/1401 1431/1431/1431
f 1431/1431/1431 1424/1424/1424 1383/1383/1383
f 1425/1425/1425 1423/1423/1423 1346/1346/1346
f 1346/1346/1346 1341/1341/1341 1425/1425/1425
f 1426/1426/1426 1425/1425/1425 1341/1341/1341
f 1341/1341/1341 1353/1353/1353 1426/1426/1426
f 1427/1427/1427 1426/1426/1426 1353/1353/1353
f 1353/1353/1353 1357/1357/1357 1427/1427/1427
f 1428/1428/1428 1427/1427/1427 1357/1357/1357
f 1357/1357/1357 1361/1361/1361 1428/1428/1428
f 1429/1429/1429 1428/1428/1428 1361/1361/1361
f 1361/1361/1361 1365/1365/1365 1429/1429/1429
f 1430/1430/1430 1429/1429/1429 1365/1365/1365
f 1365/1365/1365 1369/1369/1369 1430/1430/1430
f 1431/1431/1431 1430/1430/1430 1369/1369/1369
f 1369/1369/1369 1373/1373/1373 1431/1431/1431
f 1424/1424/1424 1431/1431/1431 1373/1373/1373
f 1373/1373/1373 1344/1344/1344 1424/1424/1424
f 1433/1433/1433 1437/1437/1437 1439/1439/1439
f 1439/1439/1439 1443/1443/1443 1433/1433/1433
f 1447/1447/1447 1451/1451/1451 1438/1438/1438
f 1438/1438/1438 1434/1434/1434 1447/1447/1447
f 1455/1455/1455 1459/1459/1459 1453/1453/1453
f 1453/1453/1453 1448/1448/1448 1455/1455/1455
f 1444/1444/1444 1442/1442/1442 1457/1457/1457
f 1457/1457/1457 1454/1454/1454 1444/1444/1444
f 1263/1263/1263 1274/1274/1274 1461/1461/1461
f 1461/1461/1461 1465/1465/1465 1263/1263/1263
f 1266/1266/1266 1265/1265/1265 1464/1464/1464
f 1464/1464/1464 1468/1468/1468 1266/1266/1266
f 1271/1271/1271 1267/1267/1267 1469/1469/1469
f 1469/1469/1469 1473/1473/1473 1271/1271/1271
f 1272/1272/1272 1270/1270/1270 1472/1472/1472
f 1472/1472/1472 1462/1462/1462 1272/1272/1272
f 1276/1276/1276 1432/1432/1432 1446/1446/1446
f 1446/1446/1446 1278/1278/1278 1276/1276/1276
f 1285/1285/1285 1449/1449/1449 1432/1432/1432
f 1432/1432/1432 1276/1276/1276 1285/1285/1285
f 1288/1288/1288 1456/1456/1456 1449/1449/1449
f 1449/1449/1449 1285/1285/1285 1288/1288/1288
f 1279/1279/1279 1445/1445/1445 1456/1456/1456
f 1456/1456/1456 1288/1288/1288 1279/1279/1279
f 1463/1463/1463 1441/1441/1441 1436/1436/1436
f 1436/1436/1436 1466/1466/1466 1463/1463/1463
f 1471/1471/1471 1460/1460/1460 1440/1440/1440
f 1440/1440/1440 1463/1463/1463 1471/1471/1471
f 1467/1467/1467 1450/1450/1450 1458/1458/1458
f 1458/1458/1458 1471/1471/1471 1467/1467/1467
f 1466/1466/1466 1435/1435/1435 1452/1452/1452
f 1452/1452/1452 1470/1470/1470 1466/1466/1466
f 1476/1476/1476 1479/1479/1479 1482/1482/1482
f 1482/1482/1482 1485/1485/1485 1476/1476/1476
f 1486/1486/1486 1490/1490/1490 1492/1492/1492
f 1492/1492/1492 1494/1494/1494 1486/1486/1486
f 1490/1490/1490 1496/1496/1496 1497/1497/1497
f 1497/1497/1497 1492/1492/1492 1490/1490/1490
f 1496/1496/1496 1499/1499/1499 1500/1500/1500
f 1500/1500/1500 1497/1497/1497 1496/1496/1496
f 1499/1499/1499 1487/1487/1487 1493/1493/1493
f 1493/1493/1493 1500/1500/1500 1499/1499/1499
f 1501/1501/1501 1503/1503/1503 1500/1500/1500
f 1500/1500/1500 1493/1493/1493 1501/1501/1501
f 1504/1504/1504 1505/1505/1505 1497/1497/1497
f 1497/1497/1497 1500/1500/1500 1504/1504/1504
f 1506/1506/1506 1507/1507/1507 1492/1492/1492
f 1492/1492/1492 1497/1497/1497 1506/1506/1506
f 1508/1508/1508 1502/1502/1502 1494/1494/1494
f 1494/1494/1494 1492/1492/1492 1508/1508/1508
f 1501/1501/1501 1509/1509/1509 1512/1512/1512
f 1512/1512/1512 1503/1503/1503 1501/1501/1501
f 1504/1504/1504 1511/1511/1511 1514/1514/1514
f 1514/1514/1514 1505/1505/1505 1504/1504/1504
f 1506/1506/1506 1513/1513/1513 1515/1515/1515
f 1515/1515/1515 1507/1507/1507 1506/1506/1506
f 1508/1508/1508 1516/1516/1516 1510/1510/1510
f 1510/1510/1510 1502/1502/1502 1508/1508/1508
f 1518/1518/1518 1520/1520/1520 1523/1523/1523
f 1523/1523/1523 1525/1525/1525 1518/1518/1518
f 1522/1522/1522 1528/1528/1528 1530/1530/1530
f 1530/1530/1530 1524/1524/1524 1522/1522/1522
f 1527/1527/1527 1532/1532/1532 1533/1533/1533
f 1533/1533/1533 1529/1529/1529 1527/1527/1527
f 1532/1532/1532 1535/1535/1535 1536/1536/1536
f 1536/1536/1536 1533/1533/1533 1532/1532/1532
f 1535/1535/1535 1537/1537/1537 1541/1541/1541
f 1541/1541/1541 1536/1536/1536 1535/1535/1535
f 1539/1539/1539 1544/1544/1544 1546/1546/1546
f 1546/1546/1546 1540/1540/1540 1539/1539/1539
f 1542/1542/1542 1548/1548/1548 1549/1549/1549
f 1549/1549/1549 1545/1545/1545 1542/1542/1542
f 1548/1548/1548 1518/1518/1518 1525/1525/1525
f 1525/1525/1525 1549/1549/1549 1548/1548/1548
f 1552/1552/1552 1555/1555/1555 1557/1557/1557
f 1557/1557/1557 1559/1559/1559 1552/1552/1552
f 1555/1555/1555 1562/1562/1562 1564/1564/1564
f 1564/1564/1564 1557/1557/1557 1555/1555/1555
f 1562/1562/1562 1567/1567/1567 1568/1568/1568
f 1568/1568/1568 1564/1564/1564 1562/1562/1562
f 1567/1567/1567 1571/1571/1571 1572/1572/1572
f 1572/1572/1572 1568/1568/1568 1567/1567/1567
f 1571/1571/1571 1575/1575/1575 1576/1576/1576
f 1576/1576/1576 1572/1572/1572 1571/1571/1571
f 1575/1575/1575 1578/1578/1578 1580/1580/1580
f 1580/1580/1580 1576/1576/1576 1575/1575/1575
f 1578/1578/1578 1582/1582/1582 1585/1585/1585
f 1585/1585/1585 1580/1580/1580 1578/1578/1578
f 1582/1582/1582 1553/1553/1553 1561/1561/1561
f 1561/1561/1561 1585/1585/1585 1582/1582/1582
f 1589/1589/1589 1591/1591/1591 1592/1592/1592
f 1592/1592/1592 1593/1593/1593 1589/1589/1589
f 1591/1591/1591 1596/1596/1596 1597/1597/1597
f 1597/1597/1597 1592/1592/1592 1591/1591/1591
f 1596/1596/1596 1600/1600/1600 1601/1601/1601
f 1601/1601/1601 1597/1597/1597 1596/1596/1596
f 1600/1600/1600 1603/1603/1603 1605/1605/1605
f 1605/1605/1605 1601/1601/1601 1600/1600/1600
f 1603/1603/1603 1607/1607/1607 1608/1608/1608
f 1608/1608/1608 1605/1605/1605 1603/1603/1603
f 1607/1607/1607 1610/1610/1610 1611/1611/1611
f 1611/1611/1611 1608/1608/1608 1607/1607/1607
f 1610/1610/1610 1613/1613/1613 1615/1615/1615
f 1615/1615/1615 1611/1611/1611 1610/1610/1610
f 1613/1613/1613 1588/1588/1588 1594/1594/1594
f 1594/1594/1594 1615/1615/1615 1613/1613/1613
f 1595/1595/1595 1590/1590/1590 1514/1514/1514
f 1514/1514/1514 1511/1511/1511 1595/1595/1595
f 1514/1514/1514 1590/1590/1590 1587/1587/1587
f 1513/1513/1513 1586/1586/1586 1612/1612/1612
f 1612/1612/1612 1515/1515/1515 1513/1513/1513
f 1516/1516/1516 1614/1614/1614 1609/1609/1609
f 1516/1516/1516 1609/1609/1609 1606/1606/1606
f 1606/1606/1606 1510/1510/1510 1516/1516/1516
f 1510/1510/1510 1606/1606/1606 1602/1602/1602
f 1604/1604/1604 1599/1599/1599 1512/1512/1512
f 1512/1512/1512 1509/1509/1509 1604/1604/1604
f 1511/1511/1511 1598/1598/1598 1595/1595/1595
f 1517/1517/1517 1616/1616/1616 1621/1621/1621
f 1621/1621/1621 1521/1521/1521 1517/1517/1517
f 1521/1521/1521 1621/1621/1621 1622/1622/1622
f 1622/1622/1622 1526/1526/1526 1521/1521/1521
f 1526/1526/1526 1622/1622/1622 1624/1624/1624
f 1624/1624/1624 1531/1531/1531 1526/1526/1526
f 1531/1531/1531 1624/1624/1624 1626/1626/1626
f 1626/1626/1626 1534/1534/1534 1531/1531/1531
f 1534/1534/1534 1626/1626/1626 1629/1629/1629
f 1629/1629/1629 1538/1538/1538 1534/1534/1534
f 1538/1538/1538 1629/1629/1629 1630/1630/1630
f 1630/1630/1630 1543/1543/1543 1538/1538/1538
f 1543/1543/1543 1630/1630/1630 1632/1632/1632
f 1632/1632/1632 1547/1547/1547 1543/1543/1543
f 1547/1547/1547 1632/1632/1632 1619/1619/1619
f 1619/1619/1619 1519/1519/1519 1547/1547/1547
f 1617/1617/1617 1560/1560/1560 1556/1556/1556
f 1556/1556/1556 1620/1620/1620 1617/1617/1617
f 1620/1620/1620 1556/1556/1556 1565/1565/1565
f 1565/1565/1565 1623/1623/1623 1620/1620/1620
f 1623/1623/1623 1565/1565/1565 1569/1569/1569
f 1569/1569/1569 1625/1625/1625 1623/1623/1623
f 1625/1625/1625 1569/1569/1569 1573/1573/1573
f 1573/1573/1573 1627/1627/1627 1625/1625/1625
f 1627/1627/1627 1573/1573/1573 1577/1577/1577
f 1577/1577/1577 1628/1628/1628 1627/1627/1627
f 1628/1628/1628 1577/1577/1577 1581/1581/1581
f 1581/1581/1581 1631/1631/1631 1628/1628/1628
f 1631/1631/1631 1581/1581/1581 1584/1584/1584
f 1584/1584/1584 1633/1633/1633 1631/1631/1631
f 1633/1633/1633 1584/1584/1584 1558/1558/1558
f 1558/1558/1558 1618/1618/1618 1633/1633/1633
f 1634/1634/1634 1593/1593/1593 1592/1592/1592
f 1592/1592/1592 1636/1636/1636 1634/1634/1634
f 1636/1636/1636 1592/1592/1592 1597/1597/1597
f 1597/1597/1597 1637/1637/1637 1636/1636/1636
f 1637/1637/1637 1597/1597/1597 1601/1601/1601
f 1601/1601/1601 1638/1638/1638 1637/1637/1637
f 1638/1638/1638 1601/1601/1601 1605/1605/1605
f 1605/1605/1605 1639/1639/1639 1638/1638/1638
f 1639/1639/1639 1605/1605/1605 1608/1608/1608
f 1608/1608/1608 1640/1640/1640 1639/1639/1639
f 1640/1640/1640 1608/1608/1608 1611/1611/1611
f 1611/1611/1611 1641/1641/1641 1640/1640/1640
f 1641/1641/1641 1611/1611/1611 1615/1615/1615
f 1615/1615/1615 1642/1642/1642 1641/1641/1641
f 1642/1642/1642 1615/1615/1615 1594/1594/1594
f 1594/1594/1594 1635/1635/1635 1642/1642/1642
f 1551/1551/1551 1634/1634/1634 1636/1636/1636
f 1636/1636/1636 1554/1554/1554 1551/1551/1551
f 1554/1554/1554 1636/1636/1636 1637/1637/1637
f 1637/1637/1637 1563/1563/1563 1554/1554/1554
f 1563/1563/1563 1637/1637/1637 1638/1638/1638
f 1638/1638/1638 1566/1566/1566 1563/1563/1563
f 1566/1566/1566 1638/1638/1638 1639/1639/1639
f 1639/1639/1639 1570/1570/1570 1566/1566/1566
f 1570/1570/1570 1639/1639/1639 1640/1640/1640
f 1640/1640/1640 1574/1574/1574 1570/1570/1570
f 1574/1574/1574 1640/1640/1640 1641/1641/1641
f 1641/1641/1641 1579/1579/1579 1574/1574/1574
f 1579/1579/1579 1641/1641/1641 1642/1642/1642
f 1642/1642/1642 1583/1583/1583 1579/1579/1579
f 1583/1583/1583 1642/1642/1642 1635/1635/1635
f 1635/1635/1635 1550/1550/1550 1583/1583/1583
f 1646/1646/1646 1647/1647/1647 1652/1652/1652
f 1652/1652/1652 1657/1657/1657 1646/1646/1646
f 1649/1649/1649 1661/1661/1661 1664/1664/1664
f 1664/1664/1664 1651/1651/1651 1649/1649/1649
f 1659/1659/1659 1668/1668/1668 1670/1670/1670
f 1670/1670/1670 1662/1662/1662 1659/1659/1659
f 1666/1666/1666 1643/1643/1643 1655/1655/1655
f 1655/1655/1655 1671/1671/1671 1666/1666/1666
f 1674/1674/1674 1484/1484/1484 1480/1480/1480
f 1480/1480/1480 1677/1677/1677 1674/1674/1674
f 1675/1675/1675 1481/1481/1481 1477/1477/1477
f 1477/1477/1477 1678/1678/1678 1675/1675/1675
f 1679/1679/1679 1478/1478/1478 1474/1474/1474
f 1474/1474/1474 1682/1682/1682 1679/1679/1679
f 1683/1683/1683 1475/1475/1475 1483/1483/1483
f 1483/1483/1483 1672/1672/1672 1683/1683/1683
f 1654/1654/1654 1653/1653/1653 1491/1491/1491
f 1491/1491/1491 1488/1488/1488 1654/1654/1654
f 1653/1653/1653 1663/1663/1663 1495/1495/1495
f 1495/1495/1495 1491/1491/1491 1653/1653/1653
f 1663/1663/1663 1669/1669/1669 1498/1498/1498
f 1498/1498/1498 1495/1495/1495 1663/1663/1663
f 1669/1669/1669 1656/1656/1656 1489/1489/1489
f 1489/1489/1489 1498/1498/1498 1669/1669/1669
f 1648/1648/1648 1644/1644/1644 1673/1673/1673
f 1673/1673/1673 1676/1676/1676 1648/1648/1648
f 1645/1645/1645 1667/1667/1667 1684/1684/1684
f 1684/1684/1684 1673/1673/1673 1645/1645/1645
f 1665/1665/1665 1660/1660/1660 1680/1680/1680
f 1680/1680/1680 1684/1684/1684 1665/1665/1665
f 1658/1658/1658 1650/1650/1650 1676/1676/1676
f 1676/1676/1676 1681/1681/1681 1658/1658/1658
f 1685/1685/1685 1690/1690/1690 1691/1691/1691
f 1691/1691/1691 1693/1693/1693 1685/1685/1685
f 1694/1694/1694 1685/1685/1685 1693/1693/1693
f 1698/1698/1698 1702/1702/1702 1703/1703/1703
f 1703/1703/1703 1705/1705/1705 1698/1698/1698
f 1707/1707/1707 1700/1700/1700 1704/1704/1704
f 1704/1704/1704 1708/1708/1708 1707/1707/1707
f 1709/1709/1709 1712/1712/1712 1708/1708/1708
f 1708/1708/1708 1704/1704/1704 1709/1709/1709
f 1711/1711/1711 1713/1713/1713 1714/1714/1714
f 1714/1714/1714 1708/1708/1708 1711/1711/1711
f 1709/1709/1709 1716/1716/1716 1717/1717/1717
f 1717/1717/1717 1712/1712/1712 1709/1709/1709
f 1719/1719/1719 1720/1720/1720 1715/1715/1715
f 1715/1715/1715 1710/1710/1710 1719/1719/1719
f 1723/1723/1723 1724/1724/1724 1727/1727/1727
f 1727/1727/1727 1729/1729/1729 1723/1723/1723
f 1725/1725/1725 1733/1733/1733 1734/1734/1734
f 1734/1734/1734 1728/1728/1728 1725/1725/1725
f 1731/1731/1731 1738/1738/1738 1740/1740/1740
f 1740/1740/1740 1735/1735/1735 1731/1731/1731
f 1737/1737/1737 1741/1741/1741 1743/1743/1743
f 1743/1743/1743 1739/1739/1739 1737/1737/1737
f 1745/1745/1745 1746/1746/1746 1749/1749/1749
f 1749/1749/1749 1751/1751/1751 1745/1745/1745
f 1746/1746/1746 1752/1752/1752 1755/1755/1755
f 1755/1755/1755 1749/1749/1749 1746/1746/1746
f 1755/1755/1755 1752/1752/1752 1756/1756/1756
f 1756/1756/1756 1759/1759/1759 1755/1755/1755
f 1759/1759/1759 1756/1756/1756 1761/1761/1761
f 1761/1761/1761 1763/1763/1763 1759/1759/1759
f 1764/1764/1764 1766/1766/1766 1769/1769/1769
f 1769/1769/1769 1770/1770/1770 1764/1764/1764
f 1766/1766/1766 1773/1773/1773 1774/1774/1774
f 1774/1774/1774 1769/1769/1769 1766/1766/1766
f 1774/1774/1774 1773/1773/1773 1775/1775/1775
f 1775/1775/1775 1777/1777/1777 1774/1774/1774
f 1777/1777/1777 1775/1775/1775 1779/1779/1779
f 1779/1779/1779 1780/1780/1780 1777/1777/1777
f 1765/1765/1765 1782/1782/1782 1783/1783/1783
f 1783/1783/1783 1718/1718/1718 1765/1765/1765
f 1715/1715/1715 1776/1776/1776 1771/1771/1771
f 1772/1772/1772 1767/1767/1767 1717/1717/1717
f 1717/1717/1717 1716/1716/1716 1772/1772/1772
f 1718/1718/1718 1768/1768/1768 1765/1765/1765
f 1721/1721/1721 1784/1784/1784 1788/1788/1788
f 1788/1788/1788 1790/1790/1790 1721/1721/1721
f 1726/1726/1726 1721/1721/1721 1790/1790/1790
f 1790/1790/1790 1791/1791/1791 1726/1726/1726
f 1726/1726/1726 1791/1791/1791 1794/1794/1794
f 1794/1794/1794 1732/1732/1732 1726/1726/1726
f 1732/1732/1732 1794/1794/1794 1796/1796/1796
f 1796/1796/1796 1736/1736/1736 1732/1732/1732
f 1787/1787/1787 1797/1797/1797 1750/1750/1750
f 1750/1750/1750 1789/1789/1789 1787/1787/1787
f 1789/1789/1789 1750/1750/1750 1748/1748/1748
f 1748/1748/1748 1792/1792/1792 1789/1789/1789
f 1792/1792/1792 1748/1748/1748 1754/1754/1754
f 1754/1754/1754 1793/1793/1793 1792/1792/1792
f 1795/1795/1795 1793/1793/1793 1754/1754/1754
f 1754/1754/1754 1758/1758/1758 1795/1795/1795
f 1799/1799/1799 1800/1800/1800 1770/1770/1770
f 1770/1770/1770 1801/1801/1801 1799/1799/1799
f 1801/1801/1801 1770/1770/1770 1769/1769/1769
f 1769/1769/1769 1802/1802/1802 1801/1801/1801
f 1802/1802/1802 1769/1769/1769 1774/1774/1774
f 1774/1774/1774 1803/1803/1803 1802/1802/1802
f 1803/1803/1803 1774/1774/1774 1777/1777/1777
f 1777/1777/1777 1804/1804/1804 1803/1803/1803
f 1806/1806/1806 1799/1799/1799 1801/1801/1801
f 1801/1801/1801 1744/1744/1744 1806/1806/1806
f 1744/1744/1744 1801/1801/1801 1802/1802/1802
f 1802/1802/1802 1747/1747/1747 1744/1744/1744
f 1747/1747/1747 1802/1802/1802 1803/1803/1803
f 1803/1803/1803 1753/1753/1753 1747/1747/1747
f 1757/1757/1757 1753/1753/1753 1803/1803/1803
f 1803/1803/1803 1804/1804/1804 1757/1757/1757
f 1810/1810/1810 1812/1812/1812 1813/1813/1813
f 1813/1813/1813 1816/1816/1816 1810/1810/1810
f 1821/1821/1821 1807/1807/1807 1817/1817/1817
f 1817/1817/1817 1824/1824/1824 1821/1821/1821
f 1828/1828/1828 1688/1688/1688 1686/1686/1686
f 1686/1686/1686 1831/1831/1831 1828/1828/1828
f 1829/1829/1829 1687/1687/1687 1696/1696/1696
f 1696/1696/1696 1834/1834/1834 1829/1829/1829
f 1818/1818/1818 1814/1814/1814 1701/1701/1701
f 1701/1701/1701 1699/1699/1699 1818/1818/1818
f 1823/1823/1823 1815/1815/1815 1697/1697/1697
f 1697/1697/1697 1706/1706/1706 1823/1823/1823
f 1809/1809/1809 1822/1822/1822 1830/1830/1830
f 1830/1830/1830 1833/1833/1833 1809/1809/1809
f 1819/1819/1819 1835/1835/1835 1826/1826/1826
f 1826/1826/1826 1830/1830/1830 1819/1819/1819
f 1703/1703/1703 1719/1719/1719 1710/1710/1710
f 1710/1710/1710 1705/1705/1705 1703/1703/1703
f 1720/1720/1720 1778/1778/1778 1776/1776/1776
f 1776/1776/1776 1715/1715/1715 1720/1720/1720
f 1838/1838/1838 1742/1742/1742 1736/1736/1736
f 1736/1736/1736 1796/1796/1796 1838/1838/1838
f 1839/1839/1839 1795/1795/1795 1758/1758/1758
f 1758/1758/1758 1762/1762/1762 1839/1839/1839
f 1840/1840/1840 1804/1804/1804 1777/1777/1777
f 1777/1777/1777 1780/1780/1780 1840/1840/1840
f 1760/1760/1760 1757/1757/1757 1804/1804/1804
f 1804/1804/1804 1840/1840/1840 1760/1760/1760
f 1841/1841/1841 1832/1832/1832 1695/1695/1695
f 1695/1695/1695 1692/1692/1692 1841/1841/1841
f 1842/1842/1842 1811/1811/1811 1808/1808/1808
f 1808/1808/1808 1833/1833/1833 1842/1842/1842
f 1743/1743/1743 1741/1741/1741 1843/1843/1843
f 1843/1843/1843 1846/1846/1846 1743/1743/1743
f 1849/1849/1849 1763/1763/1763 1761/1761/1761
f 1761/1761/1761 1850/1850/1850 1849/1849/1849
f 1852/1852/1852 1780/1780/1780 1779/1779/1779
f 1779/1779/1779 1853/1853/1853 1852/1852/1852
f 1845/1845/1845 1856/1856/1856 1858/1858/1858
f 1858/1858/1858 1861/1861/1861 1845/1845/1845
f 1848/1848/1848 1862/1862/1862 1857/1857/1857
f 1857/1857/1857 1855/1855/1855 1848/1848/1848
f 1852/1852/1852 1864/1864/1864 1865/1865/1865
f 1865/1865/1865 1866/1866/1866 1852/1852/1852
f 1866/1866/1866 1865/1865/1865 1868/1868/1868
f 1868/1868/1868 1851/1851/1851 1866/1866/1866
f 1703/1703/1703 1869/1869/1869 1870/1870/1870
f 1870/1870/1870 1719/1719/1719 1703/1703/1703
f 1871/1871/1871 1872/1872/1872 1854/1854/1854
f 1854/1854/1854 1778/1778/1778 1871/1871/1871
f 1720/1720/1720 1871/1871/1871 1778/1778/1778
f 1838/1838/1838 1856/1856/1856 1845/1845/1845
f 1845/1845/1845 1742/1742/1742 1838/1838/1838
f 1848/1848/1848 1855/1855/1855 1839/1839/1839
f 1839/1839/1839 1762/1762/1762 1848/1848/1848
f 1852/1852/1852 1866/1866/1866 1840/1840/1840
f 1840/1840/1840 1780/1780/1780 1852/1852/1852
f 1866/1866/1866 1851/1851/1851 1760/1760/1760
f 1760/1760/1760 1840/1840/1840 1866/1866/1866
f 1875/1875/1875 1878/1878/1878 1841/1841/1841
f 1841/1841/1841 1692/1692/1692 1875/1875/1875
f 1842/1842/1842 1876/1876/1876 1880/1880/1880
f 1880/1880/1880 1811/1811/1811 1842/1842/1842
f 1883/1883/1883 1707/1707/1707 1708/1708/1708
f 1708/1708/1708 1714/1714/1714 1883/1883/1883
f 1713/1713/1713 1711/1711/1711 1718/1718/1718
f 1718/1718/1718 1783/1783/1783 1713/1713/1713
f 1785/1785/1785 1722/1722/1722 1730/1730/1730
f 1730/1730/1730 1885/1885/1885 1785/1785/1785
f 1805/1805/1805 1745/1745/1745 1751/1751/1751
f 1751/1751/1751 1798/1798/1798 1805/1805/1805
f 1781/1781/1781 1764/1764/1764 1770/1770/1770
f 1770/1770/1770 1800/1800/1800 1781/1781/1781
f 1837/1837/1837 1820/1820/1820 1825/1825/1825
f 1825/1825/1825 1886/1886/1886 1837/1837/1837
f 1882/1882/1882 1887/1887/1887 1823/1823/1823
f 1823/1823/1823 1706/1706/1706 1882/1882/1882
f 1691/1691/1691 1874/1874/1874 1693/1693/1693
f 1869/1869/1869 1703/1703/1703 1702/1702/1702
f 1702/1702/1702 1889/1889/1889 1869/1869/1869
f 1871/1871/1871 1720/1720/1720 1719/1719/1719
f 1719/1719/1719 1870/1870/1870 1871/1871/1871
f 1892/1892/1892 1847/1847/1847 1844/1844/1844
f 1844/1844/1844 1860/1860/1860 1892/1892/1892
f 1867/1867/1867 1863/1863/1863 1849/1849/1849
f 1849/1849/1849 1850/1850/1850 1867/1867/1867
f 1894/1894/1894 1864/1864/1864 1852/1852/1852
f 1852/1852/1852 1853/1853/1853 1894/1894/1894
f 1872/1872/1872 1893/1893/1893 1854/1854/1854
f 1895/1895/1895 1813/1813/1813 1812/1812/1812
f 1812/1812/1812 1879/1879/1879 1895/1895/1895
f 1897/1897/1897 1890/1890/1890 1701/1701/1701
f 1701/1701/1701 1814/1814/1814 1897/1897/1897
f 1691/1691/1691 1690/1690/1690 1900/1900/1900
f 1900/1900/1900 1902/1902/1902 1691/1691/1691
f 1903/1903/1903 1902/1902/1902 1900/1900/1900
f 1906/1906/1906 1908/1908/1908 1911/1911/1911
f 1911/1911/1911 1914/1914/1914 1906/1906/1906
f 1913/1913/1913 1912/1912/1912 1916/1916/1916
f 1916/1916/1916 1917/1917/1917 1913/1913/1913
f 1917/1917/1917 1919/1919/1919 1920/1920/1920
f 1920/1920/1920 1913/1913/1913 1917/1917/1917
f 1714/1714/1714 1713/1713/1713 1918/1918/1918
f 1918/1918/1918 1917/1917/1917 1714/1714/1714
f 1923/1923/1923 1924/1924/1924 1920/1920/1920
f 1920/1920/1920 1919/1919/1919 1923/1923/1923
f 1925/1925/1925 1926/1926/1926 1927/1927/1927
f 1927/1927/1927 1921/1921/1921 1925/1925/1925
f 1928/1928/1928 1930/1930/1930 1933/1933/1933
f 1933/1933/1933 1937/1937/1937 1928/1928/1928
f 1938/1938/1938 1941/1941/1941 1931/1931/1931
f 1931/1931/1931 1929/1929/1929 1938/1938/1938
f 1943/1943/1943 1945/1945/1945 1940/1940/1940
f 1940/1940/1940 1939/1939/1939 1943/1943/1943
f 1948/1948/1948 1949/1949/1949 1947/1947/1947
f 1947/1947/1947 1944/1944/1944 1948/1948/1948
f 1952/1952/1952 1953/1953/1953 1955/1955/1955
f 1955/1955/1955 1958/1958/1958 1952/1952/1952
f 1959/1959/1959 1961/1961/1961 1953/1953/1953
f 1953/1953/1953 1952/1952/1952 1959/1959/1959
f 1959/1959/1959 1963/1963/1963 1966/1966/1966
f 1966/1966/1966 1961/1961/1961 1959/1959/1959
f 1963/1963/1963 1967/1967/1967 1969/1969/1969
f 1969/1969/1969 1966/1966/1966 1963/1963/1963
f 1971/1971/1971 1972/1972/1972 1976/1976/1976
f 1976/1976/1976 1977/1977/1977 1971/1971/1971
f 1978/1978/1978 1980/1980/1980 1972/1972/1972
f 1972/1972/1972 1971/1971/1971 1978/1978/1978
f 1978/1978/1978 1982/1982/1982 1983/1983/1983
f 1983/1983/1983 1980/1980/1980 1978/1978/1978
f 1982/1982/1982 1985/1985/1985 1987/1987/1987
f 1987/1987/1987 1983/1983/1983 1982/1982/1982
f 1783/1783/1783 1782/1782/1782 1975/1975/1975
f 1975/1975/1975 1922/1922/1922 1783/1783/1783
f 1925/1925/1925 1981/1981/1981 1984/1984/1984
f 1923/1923/1923 1974/1974/1974 1979/1979/1979
f 1979/1979/1979 1924/1924/1924 1923/1923/1923
f 1922/1922/1922 1975/1975/1975 1973/1973/1973
f 1934/1934/1934 1989/1989/1989 1788/1788/1788
f 1788/1788/1788 1784/1784/1784 1934/1934/1934
f 1932/1932/1932 1991/1991/1991 1989/1989/1989
f 1989/1989/1989 1934/1934/1934 1932/1932/1932
f 1993/1993/1993 1991/1991/1991 1932/1932/1932
f 1932/1932/1932 1942/1942/1942 1993/1993/1993
f 1994/1994/1994 1993/1993/1993 1942/1942/1942
f 1942/1942/1942 1946/1946/1946 1994/1994/1994
f 1957/1957/1957 1797/1797/1797 1787/1787/1787
f 1787/1787/1787 1988/1988/1988 1957/1957/1957
f 1951/1951/1951 1957/1957/1957 1988/1988/1988
f 1988/1988/1988 1990/1990/1990 1951/1951/1951
f 1960/1960/1960 1951/1951/1951 1990/1990/1990
f 1990/1990/1990 1992/1992/1992 1960/1960/1960
f 1995/1995/1995 1964/1964/1964 1960/1960/1960
f 1960/1960/1960 1992/1992/1992 1995/1995/1995
f 1977/1977/1977 1800/1800/1800 1799/1799/1799
f 1799/1799/1799 1996/1996/1996 1977/1977/1977
f 1971/1971/1971 1977/1977/1977 1996/1996/1996
f 1996/1996/1996 1997/1997/1997 1971/1971/1971
f 1978/1978/1978 1971/1971/1971 1997/1997/1997
f 1997/1997/1997 1998/1998/1998 1978/1978/1978
f 1982/1982/1982 1978/1978/1978 1998/1998/1998
f 1998/1998/1998 1999/1999/1999 1982/1982/1982
f 1996/1996/1996 1799/1799/1799 1806/1806/1806
f 1806/1806/1806 1956/1956/1956 1996/1996/1996
f 1997/1997/1997 1996/1996/1996 1956/1956/1956
f 1956/1956/1956 1954/1954/1954 1997/1997/1997
f 1998/1998/1998 1997/1997/1997 1954/1954/1954
f 1954/1954/1954 1962/1962/1962 1998/1998/1998
f 1965/1965/1965 1999/1999/1999 1998/1998/1998
f 1998/1998/1998 1962/1962/1962 1965/1965/1965
f 2001/2001/2001 2003/2003/2003 2006/2006/2006
f 2006/2006/2006 2008/2008/2008 2001/2001/2001
f 2010/2010/2010 2004/2004/2004 2015/2015/2015
f 2015/2015/2015 2018/2018/2018 2010/2010/2010
f 1899/1899/1899 1689/1689/1689 1827/1827/1827
f 1827/1827/1827 2021/2021/2021 1899/1899/1899
f 1905/1905/1905 1898/1898/1898 2019/2019/2019
f 2019/2019/2019 2022/2022/2022 1905/1905/1905
f 1907/1907/1907 2000/2000/2000 2009/2009/2009
f 2009/2009/2009 1909/1909/1909 1907/1907/1907
f 1910/1910/1910 2011/2011/2011 2016/2016/2016
f 2016/2016/2016 1915/1915/1915 1910/1910/1910
f 2020/2020/2020 2012/2012/2012 2007/2007/2007
f 2007/2007/2007 2023/2023/2023 2020/2020/2020
f 1826/1826/1826 1835/1835/1835 2014/2014/2014
f 2014/2014/2014 2020/2020/2020 1826/1826/1826
f 1906/1906/1906 1914/1914/1914 1921/1921/1921
f 1921/1921/1921 1927/1927/1927 1906/1906/1906
f 1926/1926/1926 1925/1925/1925 1984/1984/1984
f 1984/1984/1984 1986/1986/1986 1926/1926/1926
f 2025/2025/2025 1994/1994/1994 1946/1946/1946
f 1946/1946/1946 1950/1950/1950 2025/2025/2025
f 1964/1964/1964 1995/1995/1995 2026/2026/2026
f 2026/2026/2026 1968/1968/1968 1964/1964/1964
f 1982/1982/1982 1999/1999/1999 2027/2027/2027
f 2027/2027/2027 1985/1985/1985 1982/1982/1982
f 1999/1999/1999 1965/1965/1965 1970/1970/1970
f 1970/1970/1970 2027/2027/2027 1999/1999/1999
f 1904/1904/1904 2024/2024/2024 2028/2028/2028
f 2028/2028/2028 1901/1901/1901 1904/1904/1904
f 2029/2029/2029 2023/2023/2023 2005/2005/2005
f 2005/2005/2005 2002/2002/2002 2029/2029/2029
f 2030/2030/2030 1949/1949/1949 1948/1948/1948
f 1948/1948/1948 2034/2034/2034 2030/2030/2030
f 2036/2036/2036 2038/2038/2038 1969/1969/1969
f 1969/1969/1969 1967/1967/1967 2036/2036/2036
f 2039/2039/2039 2040/2040/2040 1987/1987/1987
f 1987/1987/1987 1985/1985/1985 2039/2039/2039
f 2032/2032/2032 1861/1861/1861 1858/1858/1858
f 1858/1858/1858 2042/2042/2042 2032/2032/2032
f 1857/1857/1857 1862/1862/1862 2035/2035/2035
f 2035/2035/2035 2043/2043/2043 1857/1857/1857
f 1865/1865/1865 1864/1864/1864 2039/2039/2039
f 2039/2039/2039 2044/2044/2044 1865/1865/1865
f 1868/1868/1868 1865/1865/1865 2044/2044/2044
f 2044/2044/2044 2037/2037/2037 1868/1868/1868
f 1906/1906/1906 1927/1927/1927 1870/1870/1870
f 1870/1870/1870 1869/1869/1869 1906/1906/1906
f 2041/2041/2041 1872/1872/1872 1871/1871/1871
f 1871/1871/1871 1986/1986/1986 2041/2041/2041
f 1926/1926/1926 1986/1986/1986 1871/1871/1871
f 2025/2025/2025 1950/1950/1950 2032/2032/2032
f 2032/2032/2032 2042/2042/2042 2025/2025/2025
f 2026/2026/2026 2043/2043/2043 2035/2035/2035
f 2035/2035/2035 1968/1968/1968 2026/2026/2026
f 2027/2027/2027 2044/2044/2044 2039/2039/2039
f 2039/2039/2039 1985/1985/1985 2027/2027/2027
f 1970/1970/1970 2037/2037/2037 2044/2044/2044
f 2044/2044/2044 2027/2027/2027 1970/1970/1970
f 2028/2028/2028 1877/1877/1877 1873/1873/1873
f 1873/1873/1873 1901/1901/1901 2028/2028/2028
f 2029/2029/2029 2002/2002/2002 1880/1880/1880
f 1880/1880/1880 1876/1876/1876 2029/2029/2029
f 1917/1917/1917 1916/1916/1916 1883/1883/1883
f 1883/1883/1883 1714/1714/1714 1917/1917/1917
f 1922/1922/1922 1918/1918/1918 1713/1713/1713
f 1713/1713/1713 1783/1783/1783 1922/1922/1922
f 1936/1936/1936 1935/1935/1935 1786/1786/1786
f 1786/1786/1786 1884/1884/1884 1936/1936/1936
f 1958/1958/1958 1955/1955/1955 1805/1805/1805
f 1805/1805/1805 1798/1798/1798 1958/1958/1958
f 1977/1977/1977 1976/1976/1976 1781/1781/1781
f 1781/1781/1781 1800/1800/1800 1977/1977/1977
f 2017/2017/2017 2013/2013/2013 1836/1836/1836
f 1836/1836/1836 1888/1888/1888 2017/2017/2017
f 1882/1882/1882 1915/1915/1915 2016/2016/2016
f 2016/2016/2016 1887/1887/1887 1882/1882/1882
f 1691/1691/1691 1902/1902/1902 1874/1874/1874
f 1908/1908/1908 1906/1906/1906 1869/1869/1869
f 1869/1869/1869 1889/1889/1889 1908/1908/1908
f 1927/1927/1927 1926/1926/1926 1871/1871/1871
f 1871/1871/1871 1870/1870/1870 1927/1927/1927
f 2031/2031/2031 2033/2033/2033 1891/1891/1891
f 1891/1891/1891 1859/1859/1859 2031/2031/2031
f 1867/1867/1867 2038/2038/2038 2036/2036/2036
f 2036/2036/2036 1863/1863/1863 1867/1867/1867
f 1894/1894/1894 2040/2040/2040 2039/2039/2039
f 2039/2039/2039 1864/1864/1864 1894/1894/1894
f 1872/1872/1872 2041/2041/2041 1893/1893/1893
f 2003/2003/2003 2001/2001/2001 1896/1896/1896
f 1896/1896/1896 1881/1881/1881 2003/2003/2003
f 1897/1897/1897 2000/2000/2000 1907/1907/1907
f 1907/1907/1907 1890/1890/1890 1897/1897/1897
f 2045/2045/2045 2047/2047/2047 2049/2049/2049
f 2049/2049/2049 2053/2053/2053 2045/2045/2045
f 2054/2054/2054 2053/2053/2053 2049/2049/2049
f 2057/2057/2057 2058/2058/2058 2061/2061/2061
f 2061/2061/2061 2065/2065/2065 2057/2057/2057
f 2064/2064/2064 2060/2060/2060 2066/2066/2066
f 2066/2066/2066 2068/2068/2068 2064/2064/2064
f 2068/2068/2068 2070/2070/2070 2071/2071/2071
f 2071/2071/2071 2064/2064/2064 2068/2068/2068
f 2073/2073/2073 2074/2074/2074 2069/2069/2069
f 2069/2069/2069 2068/2068/2068 2073/2073/2073
f 2075/2075/2075 2077/2077/2077 2071/2071/2071
f 2071/2071/2071 2070/2070/2070 2075/2075/2075
f 2078/2078/2078 2079/2079/2079 2080/2080/2080
f 2080/2080/2080 2072/2072/2072 2078/2078/2078
f 2081/2081/2081 2085/2085/2085 2087/2087/2087
f 2087/2087/2087 2089/2089/2089 2081/2081/2081
f 2091/2091/2091 2095/2095/2095 2083/2083/2083
f 2083/2083/2083 2082/2082/2082 2091/2091/2091
f 2096/2096/2096 2100/2100/2100 2093/2093/2093
f 2093/2093/2093 2092/2092/2092 2096/2096/2096
f 2101/2101/2101 2103/2103/2103 2098/2098/2098
f 2098/2098/2098 2097/2097/2097 2101/2101/2101
f 2105/2105/2105 2106/2106/2106 2109/2109/2109
f 2109/2109/2109 2110/2110/2110 2105/2105/2105
f 2113/2113/2113 2114/2114/2114 2106/2106/2106
f 2106/2106/2106 2105/2105/2105 2113/2113/2113
f 2113/2113/2113 2117/2117/2117 2119/2119/2119
f 2119/2119/2119 2114/2114/2114 2113/2113/2113
f 2117/2117/2117 2121/2121/2121 2123/2123/2123
f 2123/2123/2123 2119/2119/2119 2117/2117/2117
f 2124/2124/2124 2127/2127/2127 2129/2129/2129
f 2129/2129/2129 2130/2130/2130 2124/2124/2124
f 2131/2131/2131 2133/2133/2133 2127/2127/2127
f 2127/2127/2127 2124/2124/2124 2131/2131/2131
f 2131/2131/2131 2135/2135/2135 2137/2137/2137
f 2137/2137/2137 2133/2133/2133 2131/2131/2131
f 2135/2135/2135 2138/2138/2138 2139/2139/2139
f 2139/2139/2139 2137/2137/2137 2135/2135/2135
f 2141/2141/2141 2143/2143/2143 2128/2128/2128
f 2128/2128/2128 2076/2076/2076 2141/2141/2141
f 2078/2078/2078 2134/2134/2134 2136/2136/2136
f 2075/2075/2075 2126/2126/2126 2132/2132/2132
f 2132/2132/2132 2077/2077/2077 2075/2075/2075
f 2076/2076/2076 2128/2128/2128 2125/2125/2125
f 2088/2088/2088 2145/2145/2145 2147/2147/2147
f 2147/2147/2147 2148/2148/2148 2088/2088/2088
f 2084/2084/2084 2151/2151/2151 2145/2145/2145
f 2145/2145/2145 2088/2088/2088 2084/2084/2084
f 2154/2154/2154 2151/2151/2151 2084/2084/2084
f 2084/2084/2084 2094/2094/2094 2154/2154/2154
f 2156/2156/2156 2154/2154/2154 2094/2094/2094
f 2094/2094/2094 2099/2099/2099 2156/2156/2156
f 2111/2111/2111 2157/2157/2157 2146/2146/2146
f 2146/2146/2146 2144/2144/2144 2111/2111/2111
f 2104/2104/2104 2111/2111/2111 2144/2144/2144
f 2144/2144/2144 2152/2152/2152 2104/2104/2104
f 2112/2112/2112 2104/2104/2104 2152/2152/2152
f 2152/2152/2152 2153/2153/2153 2112/2112/2112
f 2155/2155/2155 2116/2116/2116 2112/2112/2112
f 2112/2112/2112 2153/2153/2153 2155/2155/2155
f 2130/2130/2130 2159/2159/2159 2160/2160/2160
f 2160/2160/2160 2161/2161/2161 2130/2130/2130
f 2124/2124/2124 2130/2130/2130 2161/2161/2161
f 2161/2161/2161 2162/2162/2162 2124/2124/2124
f 2131/2131/2131 2124/2124/2124 2162/2162/2162
f 2162/2162/2162 2163/2163/2163 2131/2131/2131
f 2135/2135/2135 2131/2131/2131 2163/2163/2163
f 2163/2163/2163 2164/2164/2164 2135/2135/2135
f 2161/2161/2161 2160/2160/2160 2165/2165/2165
f 2165/2165/2165 2108/2108/2108 2161/2161/2161
f 2162/2162/2162 2161/2161/2161 2108/2108/2108
f 2108/2108/2108 2107/2107/2107 2162/2162/2162
f 2163/2163/2163 2162/2162/2162 2107/2107/2107
f 2107/2107/2107 2115/2115/2115 2163/2163/2163
f 2118/2118/2118 2164/2164/2164 2163/2163/2163
f 2163/2163/2163 2115/2115/2115 2118/2118/2118
f 2168/2168/2168 2169/2169/2169 2173/2173/2173
f 2173/2173/2173 2175/2175/2175 2168/2168/2168
f 2178/2178/2178 2172/2172/2172 2181/2181/2181
f 2181/2181/2181 2185/2185/2185 2178/2178/2178
f 2050/2050/2050 2046/2046/2046 2187/2187/2187
f 2187/2187/2187 2189/2189/2189 2050/2050/2050
f 2055/2055/2055 2051/2051/2051 2191/2191/2191
f 2191/2191/2191 2193/2193/2193 2055/2055/2055
f 2059/2059/2059 2167/2167/2167 2177/2177/2177
f 2177/2177/2177 2063/2063/2063 2059/2059/2059
f 2062/2062/2062 2176/2176/2176 2184/2184/2184
f 2184/2184/2184 2067/2067/2067 2062/2062/2062
f 2190/2190/2190 2182/2182/2182 2171/2171/2171
f 2171/2171/2171 2194/2194/2194 2190/2190/2190
f 2186/2186/2186 2195/2195/2195 2180/2180/2180
f 2180/2180/2180 2190/2190/2190 2186/2186/2186
f 2057/2057/2057 2065/2065/2065 2072/2072/2072
f 2072/2072/2072 2080/2080/2080 2057/2057/2057
f 2079/2079/2079 2078/2078/2078 2136/2136/2136
f 2136/2136/2136 2140/2140/2140 2079/2079/2079
f 2199/2199/2199 2156/2156/2156 2099/2099/2099
f 2099/2099/2099 2102/2102/2102 2199/2199/2199
f 2116/2116/2116 2155/2155/2155 2198/2198/2198
f 2198/2198/2198 2120/2120/2120 2116/2116/2116
f 2135/2135/2135 2164/2164/2164 2200/2200/2200
f 2200/2200/2200 2138/2138/2138 2135/2135/2135
f 2164/2164/2164 2118/2118/2118 2122/2122/2122
f 2122/2122/2122 2200/2200/2200 2164/2164/2164
f 2056/2056/2056 2192/2192/2192 2202/2202/2202
f 2202/2202/2202 2052/2052/2052 2056/2056/2056
f 2201/2201/2201 2194/2194/2194 2174/2174/2174
f 2174/2174/2174 2170/2170/2170 2201/2201/2201
f 2205/2205/2205 2103/2103/2103 2101/2101/2101
f 2101/2101/2101 2207/2207/2207 2205/2205/2205
f 2208/2208/2208 2210/2210/2210 2123/2123/2123
f 2123/2123/2123 2121/2121/2121 2208/2208/2208
f 2212/2212/2212 2214/2214/2214 2139/2139/2139
f 2139/2139/2139 2138/2138/2138 2212/2212/2212
f 2203/2203/2203 2215/2215/2215 2219/2219/2219
f 2219/2219/2219 2221/2221/2221 2203/2203/2203
f 2218/2218/2218 2223/2223/2223 2209/2209/2209
f 2209/2209/2209 2220/2220/2220 2218/2218/2218
f 2224/2224/2224 2225/2225/2225 2212/2212/2212
f 2212/2212/2212 2226/2226/2226 2224/2224/2224
f 2228/2228/2228 2224/2224/2224 2226/2226/2226
f 2226/2226/2226 2211/2211/2211 2228/2228/2228
f 2057/2057/2057 2080/2080/2080 2229/2229/2229
f 2229/2229/2229 2230/2230/2230 2057/2057/2057
f 2213/2213/2213 2231/2231/2231 2232/2232/2232
f 2232/2232/2232 2140/2140/2140 2213/2213/2213
f 2079/2079/2079 2140/2140/2140 2232/2232/2232
f 2199/2199/2199 2102/2102/2102 2203/2203/2203
f 2203/2203/2203 2221/2221/2221 2199/2199/2199
f 2198/2198/2198 2220/2220/2220 2209/2209/2209
f 2209/2209/2209 2120/2120/2120 2198/2198/2198
f 2200/2200/2200 2226/2226/2226 2212/2212/2212
f 2212/2212/2212 2138/2138/2138 2200/2200/2200
f 2122/2122/2122 2211/2211/2211 2226/2226/2226
f 2226/2226/2226 2200/2200/2200 2122/2122/2122
f 2202/2202/2202 2235/2235/2235 2237/2237/2237
f 2237/2237/2237 2052/2052/2052 2202/2202/2202
f 2201/2201/2201 2170/2170/2170 2240/2240/2240
f 2240/2240/2240 2234/2234/2234 2201/2201/2201
f 2068/2068/2068 2066/2066/2066 2243/2243/2243
f 2243/2243/2243 2073/2073/2073 2068/2068/2068
f 2076/2076/2076 2069/2069/2069 2074/2074/2074
f 2074/2074/2074 2141/2141/2141 2076/2076/2076
f 2090/2090/2090 2086/2086/2086 2149/2149/2149
f 2149/2149/2149 2244/2244/2244 2090/2090/2090
f 2110/2110/2110 2109/2109/2109 2166/2166/2166
f 2166/2166/2166 2158/2158/2158 2110/2110/2110
f 2130/2130/2130 2129/2129/2129 2142/2142/2142
f 2142/2142/2142 2159/2159/2159 2130/2130/2130
f 2183/2183/2183 2179/2179/2179 2197/2197/2197
f 2197/2197/2197 2247/2247/2247 2183/2183/2183
f 2242/2242/2242 2067/2067/2067 2184/2184/2184
f 2184/2184/2184 2246/2246/2246 2242/2242/2242
f 2045/2045/2045 2053/2053/2053 2238/2238/2238
f 2058/2058/2058 2057/2057/2057 2230/2230/2230
f 2230/2230/2230 2249/2249/2249 2058/2058/2058
f 2080/2080/2080 2079/2079/2079 2232/2232/2232
f 2232/2232/2232 2229/2229/2229 2080/2080/2080
f 2204/2204/2204 2206/2206/2206 2251/2251/2251
f 2251/2251/2251 2217/2217/2217 2204/2204/2204
f 2227/2227/2227 2210/2210/2210 2208/2208/2208
f 2208/2208/2208 2222/2222/2222 2227/2227/2227
f 2253/2253/2253 2214/2214/2214 2212/2212/2212
f 2212/2212/2212 2225/2225/2225 2253/2253/2253
f 2231/2231/2231 2213/2213/2213 2254/2254/2254
f 2169/2169/2169 2168/2168/2168 2255/2255/2255
f 2255/2255/2255 2241/2241/2241 2169/2169/2169
f 2257/2257/2257 2167/2167/2167 2059/2059/2059
f 2059/2059/2059 2250/2250/2250 2257/2257/2257
f 2258/2258/2258 2047/2047/2047 2045/2045/2045
f 2045/2045/2045 2261/2261/2261 2258/2258/2258
f 2264/2264/2264 2258/2258/2258 2261/2261/2261
f 2267/2267/2267 2270/2270/2270 2272/2272/2272
f 2272/2272/2272 2273/2273/2273 2267/2267/2267
f 2276/2276/2276 2266/2266/2266 2274/2274/2274
f 2274/2274/2274 2277/2277/2277 2276/2276/2276
f 2278/2278/2278 2280/2280/2280 2277/2277/2277
f 2277/2277/2277 2274/2274/2274 2278/2278/2278
f 2281/2281/2281 2074/2074/2074 2073/2073/2073
f 2073/2073/2073 2277/2277/2277 2281/2281/2281
f 2278/2278/2278 2282/2282/2282 2284/2284/2284
f 2284/2284/2284 2280/2280/2280 2278/2278/2278
f 2286/2286/2286 2287/2287/2287 2283/2283/2283
f 2283/2283/2283 2279/2279/2279 2286/2286/2286
f 2288/2288/2288 2291/2291/2291 2294/2294/2294
f 2294/2294/2294 2296/2296/2296 2288/2288/2288
f 2292/2292/2292 2299/2299/2299 2301/2301/2301
f 2301/2301/2301 2295/2295/2295 2292/2292/2292
f 2298/2298/2298 2305/2305/2305 2307/2307/2307
f 2307/2307/2307 2302/2302/2302 2298/2298/2298
f 2304/2304/2304 2308/2308/2308 2310/2310/2310
f 2310/2310/2310 2306/2306/2306 2304/2304/2304
f 2312/2312/2312 2314/2314/2314 2316/2316/2316
f 2316/2316/2316 2317/2317/2317 2312/2312/2312
f 2314/2314/2314 2319/2319/2319 2321/2321/2321
f 2321/2321/2321 2316/2316/2316 2314/2314/2314
f 2321/2321/2321 2319/2319/2319 2323/2323/2323
f 2323/2323/2323 2325/2325/2325 2321/2321/2321
f 2325/2325/2325 2323/2323/2323 2327/2327/2327
f 2327/2327/2327 2330/2330/2330 2325/2325/2325
f 2332/2332/2332 2333/2333/2333 2336/2336/2336
f 2336/2336/2336 2337/2337/2337 2332/2332/2332
f 2333/2333/2333 2339/2339/2339 2341/2341/2341
f 2341/2341/2341 2336/2336/2336 2333/2333/2333
f 2341/2341/2341 2339/2339/2339 2342/2342/2342
f 2342/2342/2342 2344/2344/2344 2341/2341/2341
f 2344/2344/2344 2342/2342/2342 2345/2345/2345
f 2345/2345/2345 2347/2347/2347 2344/2344/2344
f 2331/2331/2331 2143/2143/2143 2141/2141/2141
f 2141/2141/2141 2285/2285/2285 2331/2331/2331
f 2283/2283/2283 2343/2343/2343 2338/2338/2338
f 2340/2340/2340 2334/2334/2334 2284/2284/2284
f 2284/2284/2284 2282/2282/2282 2340/2340/2340
f 2285/2285/2285 2335/2335/2335 2331/2331/2331
f 2290/2290/2290 2148/2148/2148 2147/2147/2147
f 2147/2147/2147 2349/2349/2349 2290/2290/2290
f 2293/2293/2293 2290/2290/2290 2349/2349/2349
f 2349/2349/2349 2351/2351/2351 2293/2293/2293
f 2293/2293/2293 2351/2351/2351 2352/2352/2352
f 2352/2352/2352 2300/2300/2300 2293/2293/2293
f 2300/2300/2300 2352/2352/2352 2354/2354/2354
f 2354/2354/2354 2303/2303/2303 2300/2300/2300
f 2146/2146/2146 2157/2157/2157 2318/2318/2318
f 2318/2318/2318 2348/2348/2348 2146/2146/2146
f 2348/2348/2348 2318/2318/2318 2315/2315/2315
f 2315/2315/2315 2350/2350/2350 2348/2348/2348
f 2350/2350/2350 2315/2315/2315 2322/2322/2322
f 2322/2322/2322 2353/2353/2353 2350/2350/2350
f 2355/2355/2355 2353/2353/2353 2322/2322/2322
f 2322/2322/2322 2326/2326/2326 2355/2355/2355
f 2160/2160/2160 2159/2159/2159 2337/2337/2337
f 2337/2337/2337 2356/2356/2356 2160/2160/2160
f 2356/2356/2356 2337/2337/2337 2336/2336/2336
f 2336/2336/2336 2357/2357/2357 2356/2356/2356
f 2357/2357/2357 2336/2336/2336 2341/2341/2341
f 2341/2341/2341 2358/2358/2358 2357/2357/2357
f 2358/2358/2358 2341/2341/2341 2344/2344/2344
f 2344/2344/2344 2359/2359/2359 2358/2358/2358
f 2165/2165/2165 2160/2160/2160 2356/2356/2356
f 2356/2356/2356 2311/2311/2311 2165/2165/2165
f 2311/2311/2311 2356/2356/2356 2357/2357/2357
f 2357/2357/2357 2313/2313/2313 2311/2311/2311
f 2313/2313/2313 2357/2357/2357 2358/2358/2358
f 2358/2358/2358 2320/2320/2320 2313/2313/2313
f 2324/2324/2324 2320/2320/2320 2358/2358/2358
f 2358/2358/2358 2359/2359/2359 2324/2324/2324
f 2360/2360/2360 2365/2365/2365 2366/2366/2366
f 2366/2366/2366 2370/2370/2370 2360/2360/2360
f 2372/2372/2372 2361/2361/2361 2371/2371/2371
f 2371/2371/2371 2377/2377/2377 2372/2372/2372
f 2188/2188/2188 2048/2048/2048 2260/2260/2260
f 2260/2260/2260 2380/2380/2380 2188/2188/2188
f 2381/2381/2381 2259/2259/2259 2265/2265/2265
f 2265/2265/2265 2384/2384/2384 2381/2381/2381
f 2368/2368/2368 2367/2367/2367 2271/2271/2271
f 2271/2271/2271 2269/2269/2269 2368/2368/2368
f 2378/2378/2378 2369/2369/2369 2268/2268/2268
f 2268/2268/2268 2275/2275/2275 2378/2378/2378
f 2363/2363/2363 2374/2374/2374 2379/2379/2379
f 2379/2379/2379 2383/2383/2383 2363/2363/2363
f 2375/2375/2375 2195/2195/2195 2186/2186/2186
f 2186/2186/2186 2379/2379/2379 2375/2375/2375
f 2272/2272/2272 2286/2286/2286 2279/2279/2279
f 2279/2279/2279 2273/2273/2273 2272/2272/2272
f 2287/2287/2287 2346/2346/2346 2343/2343/2343
f 2343/2343/2343 2283/2283/2283 2287/2287/2287
f 2386/2386/2386 2309/2309/2309 2303/2303/2303
f 2303/2303/2303 2354/2354/2354 2386/2386/2386
f 2385/2385/2385 2355/2355/2355 2326/2326/2326
f 2326/2326/2326 2329/2329/2329 2385/2385/2385
f 2387/2387/2387 2359/2359/2359 2344/2344/2344
f 2344/2344/2344 2347/2347/2347 2387/2387/2387
f 2328/2328/2328 2324/2324/2324 2359/2359/2359
f 2359/2359/2359 2387/2387/2387 2328/2328/2328
f 2388/2388/2388 2382/2382/2382 2263/2263/2263
f 2263/2263/2263 2262/2262/2262 2388/2388/2388
f 2389/2389/2389 2364/2364/2364 2362/2362/2362
f 2362/2362/2362 2383/2383/2383 2389/2389/2389
f 2310/2310/2310 2308/2308/2308 2390/2390/2390
f 2390/2390/2390 2393/2393/2393 2310/2310/2310
f 2395/2395/2395 2330/2330/2330 2327/2327/2327
f 2327/2327/2327 2397/2397/2397 2395/2395/2395
f 2399/2399/2399 2347/2347/2347 2345/2345/2345
f 2345/2345/2345 2400/2400/2400 2399/2399/2399
f 2392/2392/2392 2402/2402/2402 2219/2219/2219
f 2219/2219/2219 2215/2215/2215 2392/2392/2392
f 2396/2396/2396 2223/2223/2223 2218/2218/2218
f 2218/2218/2218 2403/2403/2403 2396/2396/2396
f 2399/2399/2399 2225/2225/2225 2224/2224/2224
f 2224/2224/2224 2404/2404/2404 2399/2399/2399
f 2404/2404/2404 2224/2224/2224 2228/2228/2228
f 2228/2228/2228 2398/2398/2398 2404/2404/2404
f 2272/2272/2272 2230/2230/2230 2229/2229/2229
f 2229/2229/2229 2286/2286/2286 2272/2272/2272
f 2232/2232/2232 2231/2231/2231 2401/2401/2401
f 2401/2401/2401 2346/2346/2346 2232/2232/2232
f 2287/2287/2287 2232/2232/2232 2346/2346/2346
f 2386/2386/2386 2402/2402/2402 2392/2392/2392
f 2392/2392/2392 2309/2309/2309 2386/2386/2386
f 2396/2396/2396 2403/2403/2403 2385/2385/2385
f 2385/2385/2385 2329/2329/2329 2396/2396/2396
f 2399/2399/2399 2404/2404/2404 2387/2387/2387
f 2387/2387/2387 2347/2347/2347 2399/2399/2399
f 2404/2404/2404 2398/2398/2398 2328/2328/2328
f 2328/2328/2328 2387/2387/2387 2404/2404/2404
f 2236/2236/2236 2233/2233/2233 2388/2388/2388
f 2388/2388/2388 2262/2262/2262 2236/2236/2236
f 2389/2389/2389 2234/2234/2234 2240/2240/2240
f 2240/2240/2240 2364/2364/2364 2389/2389/2389
f 2243/2243/2243 2276/2276/2276 2277/2277/2277
f 2277/2277/2277 2073/2073/2073 2243/2243/2243
f 2074/2074/2074 2281/2281/2281 2285/2285/2285
f 2285/2285/2285 2141/2141/2141 2074/2074/2074
f 2150/2150/2150 2289/2289/2289 2297/2297/2297
f 2297/2297/2297 2245/2245/2245 2150/2150/2150
f 2166/2166/2166 2312/2312/2312 2317/2317/2317
f 2317/2317/2317 2158/2158/2158 2166/2166/2166
f 2142/2142/2142 2332/2332/2332 2337/2337/2337
f 2337/2337/2337 2159/2159/2159 2142/2142/2142
f 2196/2196/2196 2373/2373/2373 2376/2376/2376
f 2376/2376/2376 2248/2248/2248 2196/2196/2196
f 2242/2242/2242 2246/2246/2246 2378/2378/2378
f 2378/2378/2378 2275/2275/2275 2242/2242/2242
f 2045/2045/2045 2238/2238/2238 2261/2261/2261
f 2230/2230/2230 2272/2272/2272 2270/2270/2270
f 2270/2270/2270 2249/2249/2249 2230/2230/2230
f 2232/2232/2232 2287/2287/2287 2286/2286/2286
f 2286/2286/2286 2229/2229/2229 2232/2232/2232
f 2252/2252/2252 2394/2394/2394 2391/2391/2391
f 2391/2391/2391 2216/2216/2216 2252/2252/2252
f 2227/2227/2227 2222/2222/2222 2395/2395/2395
f 2395/2395/2395 2397/2397/2397 2227/2227/2227
f 2253/2253/2253 2225/2225/2225 2399/2399/2399
f 2399/2399/2399 2400/2400/2400 2253/2253/2253
f 2231/2231/2231 2254/2254/2254 2401/2401/2401
f 2256/2256/2256 2366/2366/2366 2365/2365/2365
f 2365/2365/2365 2239/2239/2239 2256/2256/2256
f 2257/2257/2257 2250/2250/2250 2271/2271/2271
f 2271/2271/2271 2367/2367/2367 2257/2257/2257
f 2405/2405/2405 2410/2410/2410 2411/2411/2411
f 2411/2411/2411 2413/2413/2413 2405/2405/2405
f 2416/2416/2416 2405/2405/2405 2413/2413/2413
f 2418/2418/2418 2422/2422/2422 2423/2423/2423
f 2423/2423/2423 2424/2424/2424 2418/2418/2418
f 2426/2426/2426 2417/2417/2417 2425/2425/2425
f 2425/2425/2425 2428/2428/2428 2426/2426/2426
f 2430/2430/2430 2432/2432/2432 2428/2428/2428
f 2428/2428/2428 2425/2425/2425 2430/2430/2430
f 2431/2431/2431 2433/2433/2433 2434/2434/2434
f 2434/2434/2434 2428/2428/2428 2431/2431/2431
f 2430/2430/2430 2435/2435/2435 2438/2438/2438
f 2438/2438/2438 2432/2432/2432 2430/2430/2430
f 2439/2439/2439 2440/2440/2440 2436/2436/2436
f 2436/2436/2436 2429/2429/2429 2439/2439/2439
f 2443/2443/2443 2445/2445/2445 2447/2447/2447
f 2447/2447/2447 2449/2449/2449 2443/2443/2443
f 2446/2446/2446 2451/2451/2451 2455/2455/2455
f 2455/2455/2455 2448/2448/2448 2446/2446/2446
f 2453/2453/2453 2457/2457/2457 2459/2459/2459
f 2459/2459/2459 2454/2454/2454 2453/2453/2453
f 2458/2458/2458 2462/2462/2462 2463/2463/2463
f 2463/2463/2463 2460/2460/2460 2458/2458/2458
f 2465/2465/2465 2466/2466/2466 2469/2469/2469
f 2469/2469/2469 2470/2470/2470 2465/2465/2465
f 2466/2466/2466 2473/2473/2473 2475/2475/2475
f 2475/2475/2475 2469/2469/2469 2466/2466/2466
f 2475/2475/2475 2473/2473/2473 2477/2477/2477
f 2477/2477/2477 2479/2479/2479 2475/2475/2475
f 2479/2479/2479 2477/2477/2477 2480/2480/2480
f 2480/2480/2480 2482/2482/2482 2479/2479/2479
f 2484/2484/2484 2487/2487/2487 2489/2489/2489
f 2489/2489/2489 2490/2490/2490 2484/2484/2484
f 2487/2487/2487 2491/2491/2491 2494/2494/2494
f 2494/2494/2494 2489/2489/2489 2487/2487/2487
f 2494/2494/2494 2491/2491/2491 2495/2495/2495
f 2495/2495/2495 2497/2497/2497 2494/2494/2494
f 2497/2497/2497 2495/2495/2495 2499/2499/2499
f 2499/2499/2499 2500/2500/2500 2497/2497/2497
f 2485/2485/2485 2502/2502/2502 2503/2503/2503
f 2503/2503/2503 2437/2437/2437 2485/2485/2485
f 2436/2436/2436 2496/2496/2496 2492/2492/2492
f 2493/2493/2493 2488/2488/2488 2438/2438/2438
f 2438/2438/2438 2435/2435/2435 2493/2493/2493
f 2437/2437/2437 2486/2486/2486 2485/2485/2485
f 2441/2441/2441 2504/2504/2504 2507/2507/2507
f 2507/2507/2507 2509/2509/2509 2441/2441/2441
f 2444/2444/2444 2441/2441/2441 2509/2509/2509
f 2509/2509/2509 2511/2511/2511 2444/2444/2444
f 2444/2444/2444 2511/2511/2511 2514/2514/2514
f 2514/2514/2514 2452/2452/2452 2444/2444/2444
f 2452/2452/2452 2514/2514/2514 2515/2515/2515
f 2515/2515/2515 2456/2456/2456 2452/2452/2452
f 2508/2508/2508 2518/2518/2518 2471/2471/2471
f 2471/2471/2471 2510/2510/2510 2508/2508/2508
f 2510/2510/2510 2471/2471/2471 2468/2468/2468
f 2468/2468/2468 2512/2512/2512 2510/2510/2510
f 2512/2512/2512 2468/2468/2468 2474/2474/2474
f 2474/2474/2474 2513/2513/2513 2512/2512/2512
f 2516/2516/2516 2513/2513/2513 2474/2474/2474
f 2474/2474/2474 2478/2478/2478 2516/2516/2516
f 2519/2519/2519 2520/2520/2520 2490/2490/2490
f 2490/2490/2490 2521/2521/2521 2519/2519/2519
f 2521/2521/2521 2490/2490/2490 2489/2489/2489
f 2489/2489/2489 2522/2522/2522 2521/2521/2521
f 2522/2522/2522 2489/2489/2489 2494/2494/2494
f 2494/2494/2494 2523/2523/2523 2522/2522/2522
f 2523/2523/2523 2494/2494/2494 2497/2497/2497
f 2497/2497/2497 2524/2524/2524 2523/2523/2523
f 2526/2526/2526 2519/2519/2519 2521/2521/2521
f 2521/2521/2521 2464/2464/2464 2526/2526/2526
f 2464/2464/2464 2521/2521/2521 2522/2522/2522
f 2522/2522/2522 2467/2467/2467 2464/2464/2464
f 2467/2467/2467 2522/2522/2522 2523/2523/2523
f 2523/2523/2523 2472/2472/2472 2467/2467/2467
f 2476/2476/2476 2472/2472/2472 2523/2523/2523
f 2523/2523/2523 2524/2524/2524 2476/2476/2476
f 2529/2529/2529 2532/2532/2532 2534/2534/2534
f 2534/2534/2534 2536/2536/2536 2529/2529/2529
f 2539/2539/2539 2527/2527/2527 2535/2535/2535
f 2535/2535/2535 2544/2544/2544 2539/2539/2539
f 2546/2546/2546 2408/2408/2408 2407/2407/2407
f 2407/2407/2407 2550/2550/2550 2546/2546/2546
f 2549/2549/2549 2406/2406/2406 2414/2414/2414
f 2414/2414/2414 2553/2553/2553 2549/2549/2549
f 2537/2537/2537 2533/2533/2533 2421/2421/2421
f 2421/2421/2421 2419/2419/2419 2537/2537/2537
f 2545/2545/2545 2538/2538/2538 2420/2420/2420
f 2420/2420/2420 2427/2427/2427 2545/2545/2545
f 2530/2530/2530 2542/2542/2542 2551/2551/2551
f 2551/2551/2551 2554/2554/2554 2530/2530/2530
f 2541/2541/2541 2555/2555/2555 2547/2547/2547
f 2547/2547/2547 2551/2551/2551 2541/2541/2541
f 2423/2423/2423 2439/2439/2439 2429/2429/2429
f 2429/2429/2429 2424/2424/2424 2423/2423/2423
f 2440/2440/2440 2498/2498/2498 2496/2496/2496
f 2496/2496/2496 2436/2436/2436 2440/2440/2440
f 2559/2559/2559 2461/2461/2461 2456/2456/2456
f 2456/2456/2456 2515/2515/2515 2559/2559/2559
f 2558/2558/2558 2516/2516/2516 2478/2478/2478
f 2478/2478/2478 2483/2483/2483 2558/2558/2558
f 2560/2560/2560 2524/2524/2524 2497/2497/2497
f 2497/2497/2497 2500/2500/2500 2560/2560/2560
f 2481/2481/2481 2476/2476/2476 2524/2524/2524
f 2524/2524/2524 2560/2560/2560 2481/2481/2481
f 2561/2561/2561 2552/2552/2552 2415/2415/2415
f 2415/2415/2415 2412/2412/2412 2561/2561/2561
f 2562/2562/2562 2531/2531/2531 2528/2528/2528
f 2528/2528/2528 2554/2554/2554 2562/2562/2562
f 2463/2463/2463 2462/2462/2462 2564/2564/2564
f 2564/2564/2564 2567/2567/2567 2463/2463/2463
f 2568/2568/2568 2482/2482/2482 2480/2480/2480
f 2480/2480/2480 2571/2571/2571 2568/2568/2568
f 2572/2572/2572 2500/2500/2500 2499/2499/2499
f 2499/2499/2499 2574/2574/2574 2572/2572/2572
f 2565/2565/2565 2575/2575/2575 2577/2577/2577
f 2577/2577/2577 2579/2579/2579 2565/2565/2565
f 2569/2569/2569 2583/2583/2583 2578/2578/2578
f 2578/2578/2578 2576/2576/2576 2569/2569/2569
f 2572/2572/2572 2584/2584/2584 2585/2585/2585
f 2585/2585/2585 2586/2586/2586 2572/2572/2572
f 2586/2586/2586 2585/2585/2585 2587/2587/2587
f 2587/2587/2587 2570/2570/2570 2586/2586/2586
f 2423/2423/2423 2589/2589/2589 2590/2590/2590
f 2590/2590/2590 2439/2439/2439 2423/2423/2423
f 2591/2591/2591 2592/2592/2592 2573/2573/2573
f 2573/2573/2573 2498/2498/2498 2591/2591/2591
f 2440/2440/2440 2591/2591/2591 2498/2498/2498
f 2559/2559/2559 2575/2575/2575 2565/2565/2565
f 2565/2565/2565 2461/2461/2461 2559/2559/2559
f 2569/2569/2569 2576/2576/2576 2558/2558/2558
f 2558/2558/2558 2483/2483/2483 2569/2569/2569
f 2572/2572/2572 2586/2586/2586 2560/2560/2560
f 2560/2560/2560 2500/2500/2500 2572/2572/2572
f 2586/2586/2586 2570/2570/2570 2481/2481/2481
f 2481/2481/2481 2560/2560/2560 2586/2586/2586
f 2594/2594/2594 2598/2598/2598 2561/2561/2561
f 2561/2561/2561 2412/2412/2412 2594/2594/2594
f 2562/2562/2562 2597/2597/2597 2599/2599/2599
f 2599/2599/2599 2531/2531/2531 2562/2562/2562
f 2603/2603/2603 2426/2426/2426 2428/2428/2428
f 2428/2428/2428 2434/2434/2434 2603/2603/2603
f 2433/2433/2433 2431/2431/2431 2437/2437/2437
f 2437/2437/2437 2503/2503/2503 2433/2433/2433
f 2506/2506/2506 2442/2442/2442 2450/2450/2450
f 2450/2450/2450 2605/2605/2605 2506/2506/2506
f 2525/2525/2525 2465/2465/2465 2470/2470/2470
f 2470/2470/2470 2517/2517/2517 2525/2525/2525
f 2501/2501/2501 2484/2484/2484 2490/2490/2490
f 2490/2490/2490 2520/2520/2520 2501/2501/2501
f 2556/2556/2556 2540/2540/2540 2543/2543/2543
f 2543/2543/2543 2607/2607/2607 2556/2556/2556
f 2602/2602/2602 2608/2608/2608 2545/2545/2545
f 2545/2545/2545 2427/2427/2427 2602/2602/2602
f 2411/2411/2411 2595/2595/2595 2413/2413/2413
f 2589/2589/2589 2423/2423/2423 2422/2422/2422
f 2422/2422/2422 2610/2610/2610 2589/2589/2589
f 2591/2591/2591 2440/2440/2440 2439/2439/2439
f 2439/2439/2439 2590/2590/2590 2591/2591/2591
f 2612/2612/2612 2566/2566/2566 2563/2563/2563
f 2563/2563/2563 2581/2581/2581 2612/2612/2612
f 2588/2588/2588 2582/2582/2582 2568/2568/2568
f 2568/2568/2568 2571/2571/2571 2588/2588/2588
f 2613/2613/2613 2584/2584/2584 2572/2572/2572
f 2572/2572/2572 2574/2574/2574 2613/2613/2613
f 2592/2592/2592 2614/2614/2614 2573/2573/2573
f 2617/2617/2617 2534/2534/2534 2532/2532/2532
f 2532/2532/2532 2600/2600/2600 2617/2617/2617
f 2616/2616/2616 2609/2609/2609 2421/2421/2421
f 2421/2421/2421 2533/2533/2533 2616/2616/2616
f 2411/2411/2411 2410/2410/2410 2619/2619/2619
f 2619/2619/2619 2622/2622/2622 2411/2411/2411
f 2625/2625/2625 2622/2622/2622 2619/2619/2619
f 2626/2626/2626 2628/2628/2628 2632/2632/2632
f 2632/2632/2632 2634/2634/2634 2626/2626/2626
f 2633/2633/2633 2630/2630/2630 2635/2635/2635
f 2635/2635/2635 2637/2637/2637 2633/2633/2633
f 2637/2637/2637 2638/2638/2638 2640/2640/2640
f 2640/2640/2640 2633/2633/2633 2637/2637/2637
f 2434/2434/2434 2433/2433/2433 2639/2639/2639
f 2639/2639/2639 2637/2637/2637 2434/2434/2434
f 2643/2643/2643 2644/2644/2644 2640/2640/2640
f 2640/2640/2640 2638/2638/2638 2643/2643/2643
f 2645/2645/2645 2646/2646/2646 2647/2647/2647
f 2647/2647/2647 2641/2641/2641 2645/2645/2645
f 2649/2649/2649 2650/2650/2650 2653/2653/2653
f 2653/2653/2653 2657/2657/2657 2649/2649/2649
f 2658/2658/2658 2661/2661/2661 2652/2652/2652
f 2652/2652/2652 2648/2648/2648 2658/2658/2658
f 2663/2663/2663 2666/2666/2666 2660/2660/2660
f 2660/2660/2660 2659/2659/2659 2663/2663/2663
f 2668/2668/2668 2670/2670/2670 2667/2667/2667
f 2667/2667/2667 2664/2664/2664 2668/2668/2668
f 2671/2671/2671 2673/2673/2673 2675/2675/2675
f 2675/2675/2675 2677/2677/2677 2671/2671/2671
f 2680/2680/2680 2681/2681/2681 2673/2673/2673
f 2673/2673/2673 2671/2671/2671 2680/2680/2680
f 2680/2680/2680 2684/2684/2684 2686/2686/2686
f 2686/2686/2686 2681/2681/2681 2680/2680/2680
f 2684/2684/2684 2688/2688/2688 2689/2689/2689
f 2689/2689/2689 2686/2686/2686 2684/2684/2684
f 2691/2691/2691 2692/2692/2692 2695/2695/2695
f 2695/2695/2695 2697/2697/2697 2691/2691/2691
f 2698/2698/2698 2700/2700/2700 2692/2692/2692
f 2692/2692/2692 2691/2691/2691 2698/2698/2698
f 2698/2698/2698 2702/2702/2702 2703/2703/2703
f 2703/2703/2703 2700/2700/2700 2698/2698/2698
f 2702/2702/2702 2705/2705/2705 2706/2706/2706
f 2706/2706/2706 2703/2703/2703 2702/2702/2702
f 2503/2503/2503 2502/2502/2502 2696/2696/2696
f 2696/2696/2696 2642/2642/2642 2503/2503/2503
f 2645/2645/2645 2701/2701/2701 2704/2704/2704
f 2643/2643/2643 2693/2693/2693 2699/2699/2699
f 2699/2699/2699 2644/2644/2644 2643/2643/2643
f 2642/2642/2642 2696/2696/2696 2694/2694/2694
f 2654/2654/2654 2709/2709/2709 2507/2507/2507
f 2507/2507/2507 2504/2504/2504 2654/2654/2654
f 2651/2651/2651 2711/2711/2711 2709/2709/2709
f 2709/2709/2709 2654/2654/2654 2651/2651/2651
f 2712/2712/2712 2711/2711/2711 2651/2651/2651
f 2651/2651/2651 2662/2662/2662 2712/2712/2712
f 2714/2714/2714 2712/2712/2712 2662/2662/2662
f 2662/2662/2662 2665/2665/2665 2714/2714/2714
f 2678/2678/2678 2518/2518/2518 2508/2508/2508
f 2508/2508/2508 2708/2708/2708 2678/2678/2678
f 2672/2672/2672 2678/2678/2678 2708/2708/2708
f 2708/2708/2708 2710/2710/2710 2672/2672/2672
f 2679/2679/2679 2672/2672/2672 2710/2710/2710
f 2710/2710/2710 2713/2713/2713 2679/2679/2679
f 2715/2715/2715 2683/2683/2683 2679/2679/2679
f 2679/2679/2679 2713/2713/2713 2715/2715/2715
f 2697/2697/2697 2520/2520/2520 2519/2519/2519
f 2519/2519/2519 2716/2716/2716 2697/2697/2697
f 2691/2691/2691 2697/2697/2697 2716/2716/2716
f 2716/2716/2716 2717/2717/2717 2691/2691/2691
f 2698/2698/2698 2691/2691/2691 2717/2717/2717
f 2717/2717/2717 2718/2718/2718 2698/2698/2698
f 2702/2702/2702 2698/2698/2698 2718/2718/2718
f 2718/2718/2718 2719/2719/2719 2702/2702/2702
f 2716/2716/2716 2519/2519/2519 2526/2526/2526
f 2526/2526/2526 2676/2676/2676 2716/2716/2716
f 2717/2717/2717 2716/2716/2716 2676/2676/2676
f 2676/2676/2676 2674/2674/2674 2717/2717/2717
f 2718/2718/2718 2717/2717/2717 2674/2674/2674
f 2674/2674/2674 2682/2682/2682 2718/2718/2718
f 2685/2685/2685 2719/2719/2719 2718/2718/2718
f 2718/2718/2718 2682/2682/2682 2685/2685/2685
f 2721/2721/2721 2723/2723/2723 2725/2725/2725
f 2725/2725/2725 2729/2729/2729 2721/2721/2721
f 2730/2730/2730 2724/2724/2724 2735/2735/2735
f 2735/2735/2735 2737/2737/2737 2730/2730/2730
f 2620/2620/2620 2409/2409/2409 2548/2548/2548
f 2548/2548/2548 2739/2739/2739 2620/2620/2620
f 2623/2623/2623 2618/2618/2618 2740/2740/2740
f 2740/2740/2740 2742/2742/2742 2623/2623/2623
f 2627/2627/2627 2720/2720/2720 2728/2728/2728
f 2728/2728/2728 2631/2631/2631 2627/2627/2627
f 2629/2629/2629 2731/2731/2731 2736/2736/2736
f 2736/2736/2736 2636/2636/2636 2629/2629/2629
f 2741/2741/2741 2733/2733/2733 2727/2727/2727
f 2727/2727/2727 2743/2743/2743 2741/2741/2741
f 2547/2547/2547 2555/2555/2555 2734/2734/2734
f 2734/2734/2734 2741/2741/2741 2547/2547/2547
f 2626/2626/2626 2634/2634/2634 2641/2641/2641
f 2641/2641/2641 2647/2647/2647 2626/2626/2626
f 2646/2646/2646 2645/2645/2645 2704/2704/2704
f 2704/2704/2704 2707/2707/2707 2646/2646/2646
f 2745/2745/2745 2714/2714/2714 2665/2665/2665
f 2665/2665/2665 2669/2669/2669 2745/2745/2745
f 2683/2683/2683 2715/2715/2715 2746/2746/2746
f 2746/2746/2746 2687/2687/2687 2683/2683/2683
f 2702/2702/2702 2719/2719/2719 2747/2747/2747
f 2747/2747/2747 2705/2705/2705 2702/2702/2702
f 2719/2719/2719 2685/2685/2685 2690/2690/2690
f 2690/2690/2690 2747/2747/2747 2719/2719/2719
f 2624/2624/2624 2744/2744/2744 2748/2748/2748
f 2748/2748/2748 2621/2621/2621 2624/2624/2624
f 2749/2749/2749 2743/2743/2743 2726/2726/2726
f 2726/2726/2726 2722/2722/2722 2749/2749/2749
f 2752/2752/2752 2670/2670/2670 2668/2668/2668
f 2668/2668/2668 2753/2753/2753 2752/2752/2752
f 2755/2755/2755 2757/2757/2757 2689/2689/2689
f 2689/2689/2689 2688/2688/2688 2755/2755/2755
f 2759/2759/2759 2761/2761/2761 2706/2706/2706
f 2706/2706/2706 2705/2705/2705 2759/2759/2759
f 2750/2750/2750 2579/2579/2579 2577/2577/2577
f 2577/2577/2577 2762/2762/2762 2750/2750/2750
f 2578/2578/2578 2583/2583/2583 2756/2756/2756
f 2756/2756/2756 2763/2763/2763 2578/2578/2578
f 2585/2585/2585 2584/2584/2584 2759/2759/2759
f 2759/2759/2759 2764/2764/2764 2585/2585/2585
f 2587/2587/2587 2585/2585/2585 2764/2764/2764
f 2764/2764/2764 2758/2758/2758 2587/2587/2587
f 2626/2626/2626 2647/2647/2647 2590/2590/2590
f 2590/2590/2590 2589/2589/2589 2626/2626/2626
f 2760/2760/2760 2592/2592/2592 2591/2591/2591
f 2591/2591/2591 2707/2707/2707 2760/2760/2760
f 2646/2646/2646 2707/2707/2707 2591/2591/2591
f 2745/2745/2745 2669/2669/2669 2750/2750/2750
f 2750/2750/2750 2762/2762/2762 2745/2745/2745
f 2746/2746/2746 2763/2763/2763 2756/2756/2756
f 2756/2756/2756 2687/2687/2687 2746/2746/2746
f 2747/2747/2747 2764/2764/2764 2759/2759/2759
f 2759/2759/2759 2705/2705/2705 2747/2747/2747
f 2690/2690/2690 2758/2758/2758 2764/2764/2764
f 2764/2764/2764 2747/2747/2747 2690/2690/2690
f 2748/2748/2748 2596/2596/2596 2593/2593/2593
f 2593/2593/2593 2621/2621/2621 2748/2748/2748
f 2749/2749/2749 2722/2722/2722 2599/2599/2599
f 2599/2599/2599 2597/2597/2597 2749/2749/2749
f 2637/2637/2637 2635/2635/2635 2603/2603/2603
f 2603/2603/2603 2434/2434/2434 2637/2637/2637
f 2642/2642/2642 2639/2639/2639 2433/2433/2433
f 2433/2433/2433 2503/2503/2503 2642/2642/2642
f 2656/2656/2656 2655/2655/2655 2505/2505/2505
f 2505/2505/2505 2604/2604/2604 2656/2656/2656
f 2677/2677/2677 2675/2675/2675 2525/2525/2525
f 2525/2525/2525 2517/2517/2517 2677/2677/2677
f 2697/2697/2697 2695/2695/2695 2501/2501/2501
f 2501/2501/2501 2520/2520/2520 2697/2697/2697
f 2738/2738/2738 2732/2732/2732 2557/2557/2557
f 2557/2557/2557 2606/2606/2606 2738/2738/2738
f 2602/2602/2602 2636/2636/2636 2736/2736/2736
f 2736/2736/2736 2608/2608/2608 2602/2602/2602
f 2411/2411/2411 2622/2622/2622 2595/2595/2595
f 2628/2628/2628 2626/2626/2626 2589/2589/2589
f 2589/2589/2589 2610/2610/2610 2628/2628/2628
f 2647/2647/2647 2646/2646/2646 2591/2591/2591
f 2591/2591/2591 2590/2590/2590 2647/2647/2647
f 2751/2751/2751 2754/2754/2754 2611/2611/2611
f 2611/2611/2611 2580/2580/2580 2751/2751/2751
f 2588/2588/2588 2757/2757/2757 2755/2755/2755
f 2755/2755/2755 2582/2582/2582 2588/2588/2588
f 2613/2613/2613 2761/2761/2761 2759/2759/2759
f 2759/2759/2759 2584/2584/2584 2613/2613/2613
f 2592/2592/2592 2760/2760/2760 2614/2614/2614
f 2723/2723/2723 2721/2721/2721 2615/2615/2615
f 2615/2615/2615 2601/2601/2601 2723/2723/2723
f 2616/2616/2616 2720/2720/2720 2627/2627/2627
f 2627/2627/2627 2609/2609/2609 2616/2616/2616
f 2765/2765/2765 2767/2767/2767 2769/2769/2769
f 2769/2769/2769 2773/2773/2773 2765/2765/2765
f 2775/2775/2775 2773/2773/2773 2769/2769/2769
f 2777/2777/2777 2778/2778/2778 2782/2782/2782
f 2782/2782/2782 2784/2784/2784 2777/2777/2777
f 2785/2785/2785 2783/2783/2783 2786/2786/2786
f 2786/2786/2786 2788/2788/2788 2785/2785/2785
f 2788/2788/2788 2789/2789/2789 2792/2792/2792
f 2792/2792/2792 2785/2785/2785 2788/2788/2788
f 2793/2793/2793 2794/2794/2794 2790/2790/2790
f 2790/2790/2790 2788/2788/2788 2793/2793/2793
f 2796/2796/2796 2798/2798/2798 2792/2792/2792
f 2792/2792/2792 2789/2789/2789 2796/2796/2796
f 2797/2797/2797 2799/2799/2799 2800/2800/2800
f 2800/2800/2800 2791/2791/2791 2797/2797/2797
f 2801/2801/2801 2803/2803/2803 2807/2807/2807
f 2807/2807/2807 2809/2809/2809 2801/2801/2801
f 2811/2811/2811 2815/2815/2815 2804/2804/2804
f 2804/2804/2804 2802/2802/2802 2811/2811/2811
f 2816/2816/2816 2819/2819/2819 2813/2813/2813
f 2813/2813/2813 2812/2812/2812 2816/2816/2816
f 2821/2821/2821 2822/2822/2822 2818/2818/2818
f 2818/2818/2818 2817/2817/2817 2821/2821/2821
f 2824/2824/2824 2827/2827/2827 2828/2828/2828
f 2828/2828/2828 2831/2831/2831 2824/2824/2824
f 2832/2832/2832 2835/2835/2835 2827/2827/2827
f 2827/2827/2827 2824/2824/2824 2832/2832/2832
f 2832/2832/2832 2836/2836/2836 2838/2838/2838
f 2838/2838/2838 2835/2835/2835 2832/2832/2832
f 2836/2836/2836 2840/2840/2840 2842/2842/2842
f 2842/2842/2842 2838/2838/2838 2836/2836/2836
f 2844/2844/2844 2845/2845/2845 2849/2849/2849
f 2849/2849/2849 2850/2850/2850 2844/2844/2844
f 2851/2851/2851 2852/2852/2852 2845/2845/2845
f 2845/2845/2845 2844/2844/2844 2851/2851/2851
f 2851/2851/2851 2855/2855/2855 2856/2856/2856
f 2856/2856/2856 2852/2852/2852 2851/2851/2851
f 2855/2855/2855 2858/2858/2858 2860/2860/2860
f 2860/2860/2860 2856/2856/2856 2855/2855/2855
f 2861/2861/2861 2863/2863/2863 2848/2848/2848
f 2848/2848/2848 2795/2795/2795 2861/2861/2861
f 2797/2797/2797 2853/2853/2853 2857/2857/2857
f 2796/2796/2796 2846/2846/2846 2854/2854/2854
f 2854/2854/2854 2798/2798/2798 2796/2796/2796
f 2795/2795/2795 2848/2848/2848 2847/2847/2847
f 2808/2808/2808 2864/2864/2864 2866/2866/2866
f 2866/2866/2866 2868/2868/2868 2808/2808/2808
f 2805/2805/2805 2871/2871/2871 2864/2864/2864
f 2864/2864/2864 2808/2808/2808 2805/2805/2805
f 2873/2873/2873 2871/2871/2871 2805/2805/2805
f 2805/2805/2805 2814/2814/2814 2873/2873/2873
f 2875/2875/2875 2873/2873/2873 2814/2814/2814
f 2814/2814/2814 2820/2820/2820 2875/2875/2875
f 2830/2830/2830 2878/2878/2878 2867/2867/2867
f 2867/2867/2867 2865/2865/2865 2830/2830/2830
f 2825/2825/2825 2830/2830/2830 2865/2865/2865
f 2865/2865/2865 2872/2872/2872 2825/2825/2825
f 2833/2833/2833 2825/2825/2825 2872/2872/2872
f 2872/2872/2872 2874/2874/2874 2833/2833/2833
f 2876/2876/2876 2837/2837/2837 2833/2833/2833
f 2833/2833/2833 2874/2874/2874 2876/2876/2876
f 2850/2850/2850 2879/2879/2879 2880/2880/2880
f 2880/2880/2880 2881/2881/2881 2850/2850/2850
f 2844/2844/2844 2850/2850/2850 2881/2881/2881
f 2881/2881/2881 2882/2882/2882 2844/2844/2844
f 2851/2851/2851 2844/2844/2844 2882/2882/2882
f 2882/2882/2882 2883/2883/2883 2851/2851/2851
f 2855/2855/2855 2851/2851/2851 2883/2883/2883
f 2883/2883/2883 2884/2884/2884 2855/2855/2855
f 2881/2881/2881 2880/2880/2880 2885/2885/2885
f 2885/2885/2885 2829/2829/2829 2881/2881/2881
f 2882/2882/2882 2881/2881/2881 2829/2829/2829
f 2829/2829/2829 2826/2826/2826 2882/2882/2882
f 2883/2883/2883 2882/2882/2882 2826/2826/2826
f 2826/2826/2826 2834/2834/2834 2883/2883/2883
f 2839/2839/2839 2884/2884/2884 2883/2883/2883
f 2883/2883/2883 2834/2834/2834 2839/2839/2839
f 2887/2887/2887 2889/2889/2889 2894/2894/2894
f 2894/2894/2894 2896/2896/2896 2887/2887/2887
f 2895/2895/2895 2891/2891/2891 2901/2901/2901
f 2901/2901/2901 2903/2903/2903 2895/2895/2895
f 2770/2770/2770 2768/2768/2768 2907/2907/2907
f 2907/2907/2907 2911/2911/2911 2770/2770/2770
f 2774/2774/2774 2771/2771/2771 2910/2910/2910
f 2910/2910/2910 2914/2914/2914 2774/2774/2774
f 2779/2779/2779 2888/2888/2888 2897/2897/2897
f 2897/2897/2897 2780/2780/2780 2779/2779/2779
f 2781/2781/2781 2898/2898/2898 2904/2904/2904
f 2904/2904/2904 2787/2787/2787 2781/2781/2781
f 2909/2909/2909 2900/2900/2900 2892/2892/2892
f 2892/2892/2892 2913/2913/2913 2909/2909/2909
f 2908/2908/2908 2917/2917/2917 2899/2899/2899
f 2899/2899/2899 2909/2909/2909 2908/2908/2908
f 2777/2777/2777 2784/2784/2784 2791/2791/2791
f 2791/2791/2791 2800/2800/2800 2777/2777/2777
f 2799/2799/2799 2797/2797/2797 2857/2857/2857
f 2857/2857/2857 2859/2859/2859 2799/2799/2799
f 2918/2918/2918 2875/2875/2875 2820/2820/2820
f 2820/2820/2820 2823/2823/2823 2918/2918/2918
f 2837/2837/2837 2876/2876/2876 2919/2919/2919
f 2919/2919/2919 2841/2841/2841 2837/2837/2837
f 2855/2855/2855 2884/2884/2884 2920/2920/2920
f 2920/2920/2920 2858/2858/2858 2855/2855/2855
f 2884/2884/2884 2839/2839/2839 2843/2843/2843
f 2843/2843/2843 2920/2920/2920 2884/2884/2884
f 2776/2776/2776 2912/2912/2912 2922/2922/2922
f 2922/2922/2922 2772/2772/2772 2776/2776/2776
f 2921/2921/2921 2913/2913/2913 2893/2893/2893
f 2893/2893/2893 2890/2890/2890 2921/2921/2921
f 2925/2925/2925 2822/2822/2822 2821/2821/2821
f 2821/2821/2821 2927/2927/2927 2925/2925/2925
f 2928/2928/2928 2930/2930/2930 2842/2842/2842
f 2842/2842/2842 2840/2840/2840 2928/2928/2928
f 2932/2932/2932 2933/2933/2933 2860/2860/2860
f 2860/2860/2860 2858/2858/2858 2932/2932/2932
f 2923/2923/2923 2935/2935/2935 2938/2938/2938
f 2938/2938/2938 2941/2941/2941 2923/2923/2923
f 2939/2939/2939 2942/2942/2942 2929/2929/2929
f 2929/2929/2929 2940/2940/2940 2939/2939/2939
f 2944/2944/2944 2945/2945/2945 2932/2932/2932
f 2932/2932/2932 2946/2946/2946 2944/2944/2944
f 2947/2947/2947 2944/2944/2944 2946/2946/2946
f 2946/2946/2946 2931/2931/2931 2947/2947/2947
f 2777/2777/2777 2800/2800/2800 2949/2949/2949
f 2949/2949/2949 2950/2950/2950 2777/2777/2777
f 2934/2934/2934 2951/2951/2951 2952/2952/2952
f 2952/2952/2952 2859/2859/2859 2934/2934/2934
f 2799/2799/2799 2859/2859/2859 2952/2952/2952
f 2918/2918/2918 2823/2823/2823 2923/2923/2923
f 2923/2923/2923 2941/2941/2941 2918/2918/2918
f 2919/2919/2919 2940/2940/2940 2929/2929/2929
f 2929/2929/2929 2841/2841/2841 2919/2919/2919
f 2920/2920/2920 2946/2946/2946 2932/2932/2932
f 2932/2932/2932 2858/2858/2858 2920/2920/2920
f 2843/2843/2843 2931/2931/2931 2946/2946/2946
f 2946/2946/2946 2920/2920/2920 2843/2843/2843
f 2922/2922/2922 2953/2953/2953 2956/2956/2956
f 2956/2956/2956 2772/2772/2772 2922/2922/2922
f 2921/2921/2921 2890/2890/2890 2960/2960/2960
f 2960/2960/2960 2954/2954/2954 2921/2921/2921
f 2788/2788/2788 2786/2786/2786 2963/2963/2963
f 2963/2963/2963 2793/2793/2793 2788/2788/2788
f 2795/2795/2795 2790/2790/2790 2794/2794/2794
f 2794/2794/2794 2861/2861/2861 2795/2795/2795
f 2810/2810/2810 2806/2806/2806 2869/2869/2869
f 2869/2869/2869 2965/2965/2965 2810/2810/2810
f 2831/2831/2831 2828/2828/2828 2886/2886/2886
f 2886/2886/2886 2877/2877/2877 2831/2831/2831
f 2850/2850/2850 2849/2849/2849 2862/2862/2862
f 2862/2862/2862 2879/2879/2879 2850/2850/2850
f 2905/2905/2905 2902/2902/2902 2916/2916/2916
f 2916/2916/2916 2967/2967/2967 2905/2905/2905
f 2962/2962/2962 2787/2787/2787 2904/2904/2904
f 2904/2904/2904 2966/2966/2966 2962/2962/2962
f 2765/2765/2765 2773/2773/2773 2957/2957/2957
f 2778/2778/2778 2777/2777/2777 2950/2950/2950
f 2950/2950/2950 2969/2969/2969 2778/2778/2778
f 2800/2800/2800 2799/2799/2799 2952/2952/2952
f 2952/2952/2952 2949/2949/2949 2800/2800/2800
f 2924/2924/2924 2926/2926/2926 2972/2972/2972
f 2972/2972/2972 2937/2937/2937 2924/2924/2924
f 2948/2948/2948 2930/2930/2930 2928/2928/2928
f 2928/2928/2928 2943/2943/2943 2948/2948/2948
f 2973/2973/2973 2933/2933/2933 2932/2932/2932
f 2932/2932/2932 2945/2945/2945 2973/2973/2973
f 2951/2951/2951 2934/2934/2934 2974/2974/2974
f 2889/2889/2889 2887/2887/2887 2975/2975/2975
f 2975/2975/2975 2959/2959/2959 2889/2889/2889
f 2977/2977/2977 2888/2888/2888 2779/2779/2779
f 2779/2779/2779 2970/2970/2970 2977/2977/2977
f 2978/2978/2978 2767/2767/2767 2765/2765/2765
f 2765/2765/2765 2982/2982/2982 2978/2978/2978
f 2985/2985/2985 2978/2978/2978 2982/2982/2982
f 2988/2988/2988 2991/2991/2991 2992/2992/2992
f 2992/2992/2992 2994/2994/2994 2988/2988/2988
f 2996/2996/2996 2986/2986/2986 2993/2993/2993
f 2993/2993/2993 2997/2997/2997 2996/2996/2996
f 2999/2999/2999 3001/3001/3001 2997/2997/2997
f 2997/2997/2997 2993/2993/2993 2999/2999/2999
f 3000/3000/3000 2794/2794/2794 2793/2793/2793
f 2793/2793/2793 2997/2997/2997 3000/3000/3000
f 2999/2999/2999 3003/3003/3003 3004/3004/3004
f 3004/3004/3004 3001/3001/3001 2999/2999/2999
f 3006/3006/3006 3007/3007/3007 3002/3002/3002
f 3002/3002/3002 2998/2998/2998 3006/3006/3006
f 3008/3008/3008 3012/3012/3012 3014/3014/3014
f 3014/3014/3014 3017/3017/3017 3008/3008/3008
f 3013/3013/3013 3019/3019/3019 3021/3021/3021
f 3021/3021/3021 3015/3015/3015 3013/3013/3013
f 3020/3020/3020 3023/3023/3023 3026/3026/3026
f 3026/3026/3026 3022/3022/3022 3020/3020/3020
f 3025/3025/3025 3028/3028/3028 3030/3030/3030
f 3030/3030/3030 3027/3027/3027 3025/3025/3025
f 3031/3031/3031 3033/3033/3033 3036/3036/3036
f 3036/3036/3036 3038/3038/3038 3031/3031/3031
f 3033/3033/3033 3039/3039/3039 3042/3042/3042
f 3042/3042/3042 3036/3036/3036 3033/3033/3033
f 3042/3042/3042 3039/3039/3039 3044/3044/3044
f 3044/3044/3044 3045/3045/3045 3042/3042/3042
f 3045/3045/3045 3044/3044/3044 3048/3048/3048
f 3048/3048/3048 3050/3050/3050 3045/3045/3045
f 3051/3051/3051 3053/3053/3053 3056/3056/3056
f 3056/3056/3056 3057/3057/3057 3051/3051/3051
f 3053/3053/3053 3058/3058/3058 3061/3061/3061
f 3061/3061/3061 3056/3056/3056 3053/3053/3053
f 3061/3061/3061 3058/3058/3058 3062/3062/3062
f 3062/3062/3062 3064/3064/3064 3061/3061/3061
f 3064/3064/3064 3062/3062/3062 3065/3065/3065
f 3065/3065/3065 3067/3067/3067 3064/3064/3064
f 3052/3052/3052 2863/2863/2863 2861/2861/2861
f 2861/2861/2861 3005/3005/3005 3052/3052/3052
f 3002/3002/3002 3063/3063/3063 3059/3059/3059
f 3060/3060/3060 3055/3055/3055 3004/3004/3004
f 3004/3004/3004 3003/3003/3003 3060/3060/3060
f 3005/3005/3005 3054/3054/3054 3052/3052/3052
f 3010/3010/3010 2868/2868/2868 2866/2866/2866
f 2866/2866/2866 3068/3068/3068 3010/3010/3010
f 3011/3011/3011 3010/3010/3010 3068/3068/3068
f 3068/3068/3068 3070/3070/3070 3011/3011/3011
f 3011/3011/3011 3070/3070/3070 3073/3073/3073
f 3073/3073/3073 3018/3018/3018 3011/3011/3011
f 3018/3018/3018 3073/3073/3073 3075/3075/3075
f 3075/3075/3075 3024/3024/3024 3018/3018/3018
f 2867/2867/2867 2878/2878/2878 3037/3037/3037
f 3037/3037/3037 3069/3069/3069 2867/2867/2867
f 3069/3069/3069 3037/3037/3037 3035/3035/3035
f 3035/3035/3035 3071/3071/3071 3069/3069/3069
f 3071/3071/3071 3035/3035/3035 3041/3041/3041
f 3041/3041/3041 3072/3072/3072 3071/3071/3071
f 3074/3074/3074 3072/3072/3072 3041/3041/3041
f 3041/3041/3041 3046/3046/3046 3074/3074/3074
f 2880/2880/2880 2879/2879/2879 3057/3057/3057
f 3057/3057/3057 3076/3076/3076 2880/2880/2880
f 3076/3076/3076 3057/3057/3057 3056/3056/3056
f 3056/3056/3056 3077/3077/3077 3076/3076/3076
f 3077/3077/3077 3056/3056/3056 3061/3061/3061
f 3061/3061/3061 3078/3078/3078 3077/3077/3077
f 3078/3078/3078 3061/3061/3061 3064/3064/3064
f 3064/3064/3064 3079/3079/3079 3078/3078/3078
f 2885/2885/2885 2880/2880/2880 3076/3076/3076
f 3076/3076/3076 3032/3032/3032 2885/2885/2885
f 3032/3032/3032 3076/3076/3076 3077/3077/3077
f 3077/3077/3077 3034/3034/3034 3032/3032/3032
f 3034/3034/3034 3077/3077/3077 3078/3078/3078
f 3078/3078/3078 3040/3040/3040 3034/3034/3034
f 3043/3043/3043 3040/3040/3040 3078/3078/3078
f 3078/3078/3078 3079/3079/3079 3043/3043/3043
f 3083/3083/3083 3085/3085/3085 3087/3087/3087
f 3087/3087/3087 3091/3091/3091 3083/3083/3083
f 3093/3093/3093 3080/3080/3080 3090/3090/3090
f 3090/3090/3090 3097/3097/3097 3093/3093/3093
f 2906/2906/2906 2766/2766/2766 2980/2980/2980
f 2980/2980/2980 3100/3100/3100 2906/2906/2906
f 3099/3099/3099 2979/2979/2979 2984/2984/2984
f 2984/2984/2984 3102/3102/3102 3099/3099/3099
f 3089/3089/3089 3086/3086/3086 2990/2990/2990
f 2990/2990/2990 2987/2987/2987 3089/3089/3089
f 3096/3096/3096 3088/3088/3088 2989/2989/2989
f 2989/2989/2989 2995/2995/2995 3096/3096/3096
f 3082/3082/3082 3095/3095/3095 3101/3101/3101
f 3101/3101/3101 3104/3104/3104 3082/3082/3082
f 3094/3094/3094 2917/2917/2917 2908/2908/2908
f 2908/2908/2908 3101/3101/3101 3094/3094/3094
f 2992/2992/2992 3006/3006/3006 2998/2998/2998
f 2998/2998/2998 2994/2994/2994 2992/2992/2992
f 3007/3007/3007 3066/3066/3066 3063/3063/3063
f 3063/3063/3063 3002/3002/3002 3007/3007/3007
f 3106/3106/3106 3029/3029/3029 3024/3024/3024
f 3024/3024/3024 3075/3075/3075 3106/3106/3106
f 3105/3105/3105 3074/3074/3074 3046/3046/3046
f 3046/3046/3046 3049/3049/3049 3105/3105/3105
f 3107/3107/3107 3079/3079/3079 3064/3064/3064
f 3064/3064/3064 3067/3067/3067 3107/3107/3107
f 3047/3047/3047 3043/3043/3043 3079/3079/3079
f 3079/3079/3079 3107/3107/3107 3047/3047/3047
f 3109/3109/3109 3103/3103/3103 2983/2983/2983
f 2983/2983/2983 2981/2981/2981 3109/3109/3109
f 3108/3108/3108 3084/3084/3084 3081/3081/3081
f 3081/3081/3081 3104/3104/3104 3108/3108/3108
f 3030/3030/3030 3028/3028/3028 3111/3111/3111
f 3111/3111/3111 3113/3113/3113 3030/3030/3030
f 3115/3115/3115 3050/3050/3050 3048/3048/3048
f 3048/3048/3048 3117/3117/3117 3115/3115/3115
f 3119/3119/3119 3067/3067/3067 3065/3065/3065
f 3065/3065/3065 3120/3120/3120 3119/3119/3119
f 3110/3110/3110 3122/3122/3122 2938/2938/2938
f 2938/2938/2938 2935/2935/2935 3110/3110/3110
f 3116/3116/3116 2942/2942/2942 2939/2939/2939
f 2939/2939/2939 3123/3123/3123 3116/3116/3116
f 3119/3119/3119 2945/2945/2945 2944/2944/2944
f 2944/2944/2944 3124/3124/3124 3119/3119/3119
f 3124/3124/3124 2944/2944/2944 2947/2947/2947
f 2947/2947/2947 3118/3118/3118 3124/3124/3124
f 2992/2992/2992 2950/2950/2950 2949/2949/2949
f 2949/2949/2949 3006/3006/3006 2992/2992/2992
f 2952/2952/2952 2951/2951/2951 3121/3121/3121
f 3121/3121/3121 3066/3066/3066 2952/2952/2952
f 3007/3007/3007 2952/2952/2952 3066/3066/3066
f 3106/3106/3106 3122/3122/3122 3110/3110/3110
f 3110/3110/3110 3029/3029/3029 3106/3106/3106
f 3116/3116/3116 3123/3123/3123 3105/3105/3105
f 3105/3105/3105 3049/3049/3049 3116/3116/3116
f 3119/3119/3119 3124/3124/3124 3107/3107/3107
f 3107/3107/3107 3067/3067/3067 3119/3119/3119
f 3124/3124/3124 3118/3118/3118 3047/3047/3047
f 3047/3047/3047 3107/3107/3107 3124/3124/3124
f 2958/2958/2958 2955/2955/2955 3109/3109/3109
f 3109/3109/3109 2981/2981/2981 2958/2958/2958
f 3108/3108/3108 2954/2954/2954 2960/2960/2960
f 2960/2960/2960 3084/3084/3084 3108/3108/3108
f 2963/2963/2963 2996/2996/2996 2997/2997/2997
f 2997/2997/2997 2793/2793/2793 2963/2963/2963
f 2794/2794/2794 3000/3000/3000 3005/3005/3005
f 3005/3005/3005 2861/2861/2861 2794/2794/2794
f 2870/2870/2870 3009/3009/3009 3016/3016/3016
f 3016/3016/3016 2964/2964/2964 2870/2870/2870
f 2886/2886/2886 3031/3031/3031 3038/3038/3038
f 3038/3038/3038 2877/2877/2877 2886/2886/2886
f 2862/2862/2862 3051/3051/3051 3057/3057/3057
f 3057/3057/3057 2879/2879/2879 2862/2862/2862
f 2915/2915/2915 3092/3092/3092 3098/3098/3098
f 3098/3098/3098 2968/2968/2968 2915/2915/2915
f 2962/2962/2962 2966/2966/2966 3096/3096/3096
f 3096/3096/3096 2995/2995/2995 2962/2962/2962
f 2765/2765/2765 2957/2957/2957 2982/2982/2982
f 2950/2950/2950 2992/2992/2992 2991/2991/2991
f 2991/2991/2991 2969/2969/2969 2950/2950/2950
f 2952/2952/2952 3007/3007/3007 3006/3006/3006
f 3006/3006/3006 2949/2949/2949 2952/2952/2952
f 2971/2971/2971 3114/3114/3114 3112/3112/3112
f 3112/3112/3112 2936/2936/2936 2971/2971/2971
f 2948/2948/2948 2943/2943/2943 3115/3115/3115
f 3115/3115/3115 3117/3117/3117 2948/2948/2948
f 2973/2973/2973 2945/2945/2945 3119/3119/3119
f 3119/3119/3119 3120/3120/3120 2973/2973/2973
f 2951/2951/2951 2974/2974/2974 3121/3121/3121
f 2976/2976/2976 3087/3087/3087 3085/3085/3085
f 3085/3085/3085 2961/2961/2961 2976/2976/2976
f 2977/2977/2977 2970/2970/2970 2990/2990/2990
f 2990/2990/2990 3086/3086/3086 2977/2977/2977

