# https://github.com/mikedh/trimesh
mtllib material.mtl
usemtl material_0
v -155.32920000 229.01340000 567.14380000
v -155.32920000 229.01340000 567.14380000
v -155.32920000 229.01340000 567.14380000
v -155.32920000 229.01340000 567.14380000
v -165.66100000 239.24330000 554.26980000
v -165.66100000 239.24330000 554.26980000
v -165.66100000 239.24330000 554.26980000
v -64.84160000 239.24330000 554.26980000
v -64.84160000 239.24330000 554.26980000
v -64.82100000 228.47970000 567.14380000
v -64.82100000 228.47970000 567.14380000
v -128.85190000 199.31560000 567.14380000
v -128.85190000 199.31560000 567.14380000
v -128.85190000 199.31560000 567.14380000
v -128.09890000 5.80000000 567.14380000
v -128.09890000 5.80000000 567.14380000
v -128.09890000 5.80000000 567.14380000
v -154.21310000 -2.13490000 567.14380000
v -154.21310000 -2.13490000 567.14380000
v -154.21310000 -2.13490000 567.14380000
v -13.24800000 188.28320000 574.75870000
v -13.24800000 188.28320000 574.75870000
v -13.24800000 188.28320000 574.75870000
v -12.36180000 190.49900000 574.75870000
v -12.36180000 190.49900000 574.75870000
v -11.58630000 191.60690000 574.75870000
v -11.58630000 191.60690000 574.75870000
v -11.58630000 191.60690000 574.75870000
v -8.81650000 187.28610000 574.75870000
v -8.81650000 187.28610000 574.75870000
v -0.67530000 199.31560000 574.75870000
v -0.67530000 199.31560000 574.75870000
v -0.67530000 199.31560000 574.75870000
v -0.67530000 175.21020000 574.75870000
v -0.67530000 175.21020000 574.75870000
v -0.67530000 175.21020000 574.75870000
v -3.16640000 176.20730000 574.75870000
v -3.16640000 176.20730000 574.75870000
v -4.82820000 184.07330000 574.75870000
v -4.82820000 184.07330000 574.75870000
v -4.71740000 178.97710000 574.75870000
v -4.71740000 178.97710000 574.75870000
v -6.37930000 186.73220000 574.75870000
v -6.37930000 186.73220000 574.75870000
v -6.37930000 186.73220000 574.75870000
v -11.47550000 185.84590000 574.75870000
v -11.47550000 185.84590000 574.75870000
v -11.47550000 185.84590000 574.75870000
v -13.46960000 193.15790000 574.75870000
v -13.46960000 193.15790000 574.75870000
v -13.46960000 193.15790000 574.75870000
v -12.58340000 196.92470000 574.75870000
v -12.58340000 196.92470000 574.75870000
v -12.47250000 199.31560000 574.75870000
v -12.47250000 199.31560000 574.75870000
v -12.47250000 199.31560000 574.75870000
v -118.04100000 190.77200000 586.18120000
v -118.04100000 190.77200000 586.18120000
v -118.04100000 190.77200000 586.18120000
v -118.84470000 191.52210000 586.18120000
v -118.84470000 191.52210000 586.18120000
v -118.84470000 191.52210000 586.18120000
v -117.82680000 192.91510000 586.18120000
v -117.82680000 192.91510000 586.18120000
v -118.09460000 188.14670000 586.18120000
v -118.09460000 188.14670000 586.18120000
v -118.09460000 188.14670000 586.18120000
v -118.04100000 195.43330000 586.18120000
v -118.04100000 195.43330000 586.18120000
v -118.63050000 196.50490000 586.18120000
v -118.63050000 196.50490000 586.18120000
v -118.63050000 196.50490000 586.18120000
v -117.71960000 198.05870000 586.18120000
v -117.71960000 198.05870000 586.18120000
v -117.71960000 199.31560000 586.18120000
v -117.71960000 199.31560000 586.18120000
v -117.71960000 199.31560000 586.18120000
v -65.09610000 199.31560000 586.18120000
v -65.09610000 199.31560000 586.18120000
v -120.18420000 187.18230000 586.18120000
v -120.18420000 187.18230000 586.18120000
v -120.18420000 187.18230000 586.18120000
v -64.38710000 5.80000000 586.18120000
v -64.38710000 5.80000000 586.18120000
v -128.09890000 5.80000000 586.18120000
v -128.09890000 5.80000000 586.18120000
v -128.09890000 5.80000000 586.18120000
v -126.77430000 177.64530000 586.18120000
v -126.77430000 177.64530000 586.18120000
v -128.75610000 174.69890000 586.18120000
v -128.75610000 174.69890000 586.18120000
v -128.75610000 174.69890000 586.18120000
v -125.27420000 182.68170000 586.18120000
v -125.27420000 182.68170000 586.18120000
v -123.98830000 186.86080000 586.18120000
v -123.98830000 186.86080000 586.18120000
v -122.05940000 188.09310000 586.18120000
v -122.05940000 188.09310000 586.18120000
v -122.05940000 188.09310000 586.18120000
v -118.63050000 196.50490000 574.75870000
v -118.63050000 196.50490000 574.75870000
v -118.63050000 196.50490000 574.75870000
v -118.04100000 195.43330000 574.75870000
v -118.04100000 195.43330000 574.75870000
v -117.82680000 192.91510000 574.75870000
v -117.82680000 192.91510000 574.75870000
v -128.85190000 199.31560000 574.75870000
v -128.85190000 199.31560000 574.75870000
v -128.85190000 199.31560000 574.75870000
v -118.84470000 191.52210000 574.75870000
v -118.84470000 191.52210000 574.75870000
v -118.84470000 191.52210000 574.75870000
v -117.71960000 198.05870000 574.75870000
v -117.71960000 198.05870000 574.75870000
v -117.71960000 199.31560000 574.75870000
v -117.71960000 199.31560000 574.75870000
v -117.71960000 199.31560000 574.75870000
v -118.04100000 190.77200000 574.75870000
v -118.04100000 190.77200000 574.75870000
v -118.04100000 190.77200000 574.75870000
v -118.09460000 188.14670000 574.75870000
v -118.09460000 188.14670000 574.75870000
v -118.09460000 188.14670000 574.75870000
v -120.18420000 187.18230000 574.75870000
v -120.18420000 187.18230000 574.75870000
v -120.18420000 187.18230000 574.75870000
v -125.27420000 182.68170000 574.75870000
v -125.27420000 182.68170000 574.75870000
v -126.77430000 177.64530000 574.75870000
v -126.77430000 177.64530000 574.75870000
v -128.75610000 174.69890000 574.75870000
v -128.75610000 174.69890000 574.75870000
v -128.75610000 174.69890000 574.75870000
v -123.98830000 186.86080000 574.75870000
v -123.98830000 186.86080000 574.75870000
v -122.05940000 188.09310000 574.75870000
v -122.05940000 188.09310000 574.75870000
v -122.05940000 188.09310000 574.75870000
v -65.09610000 199.31560000 567.14380000
v -65.09610000 199.31560000 567.14380000
v -0.67530000 199.31560000 567.14380000
v -0.67530000 199.31560000 567.14380000
v -0.67530000 199.31560000 567.14380000
v -0.67530000 5.80000000 567.14380000
v -0.67530000 5.80000000 567.14380000
v -0.67530000 5.80000000 567.14380000
v -0.67530000 175.21020000 586.18120000
v -0.67530000 175.21020000 586.18120000
v -0.67530000 175.21020000 586.18120000
v -3.16640000 176.20730000 586.18120000
v -3.16640000 176.20730000 586.18120000
v -0.67530000 5.80000000 586.18120000
v -0.67530000 5.80000000 586.18120000
v -0.67530000 5.80000000 586.18120000
v -64.38710000 5.80000000 567.14380000
v -64.38710000 5.80000000 567.14380000
v -12.58340000 196.92470000 586.18120000
v -12.58340000 196.92470000 586.18120000
v -12.47250000 199.31560000 586.18120000
v -12.47250000 199.31560000 586.18120000
v -12.47250000 199.31560000 586.18120000
v -13.46960000 193.15790000 586.18120000
v -13.46960000 193.15790000 586.18120000
v -13.46960000 193.15790000 586.18120000
v -11.58630000 191.60690000 586.18120000
v -11.58630000 191.60690000 586.18120000
v -11.58630000 191.60690000 586.18120000
v -12.36180000 190.49900000 586.18120000
v -12.36180000 190.49900000 586.18120000
v -13.24800000 188.28320000 586.18120000
v -13.24800000 188.28320000 586.18120000
v -13.24800000 188.28320000 586.18120000
v -11.47550000 185.84590000 586.18120000
v -11.47550000 185.84590000 586.18120000
v -11.47550000 185.84590000 586.18120000
v -8.81650000 187.28610000 586.18120000
v -8.81650000 187.28610000 586.18120000
v -6.37930000 186.73220000 586.18120000
v -6.37930000 186.73220000 586.18120000
v -6.37930000 186.73220000 586.18120000
v -4.82820000 184.07330000 586.18120000
v -4.82820000 184.07330000 586.18120000
v -4.71740000 178.97710000 586.18120000
v -4.71740000 178.97710000 586.18120000
v -64.84970000 243.56430000 554.26980000
v 41.11110000 243.56430000 554.26980000
v 41.11110000 243.56430000 554.26980000
v 37.04720000 239.24330000 554.26980000
v 37.04720000 239.24330000 554.26980000
v 37.04720000 239.24330000 554.26980000
v 26.41810000 227.94170000 567.14380000
v 26.41810000 227.94170000 567.14380000
v 26.41810000 227.94170000 567.14380000
v 26.41810000 227.94170000 567.14380000
v -64.26320000 -2.13490000 567.14380000
v -64.26320000 -2.13490000 567.14380000
v 25.68680000 -2.13490000 567.14380000
v 25.68680000 -2.13490000 567.14380000
v 25.68680000 -2.13490000 567.14380000
v -170.02490000 243.56430000 554.26980000
v 39.07920000 239.24330000 598.56630000
v 27.32760000 228.21070000 605.01350000
v 27.32760000 228.21070000 605.01350000
v 41.11110000 243.56430000 598.56230000
v -156.23880000 229.28240000 605.01360000
v -156.23880000 229.28240000 605.01360000
v -167.69290000 239.24330000 598.56630000
v -169.72490000 243.56430000 598.56230000
v -169.72490000 243.56430000 554.26980000
v -153.30360000 -1.86600000 605.01360000
v -153.30360000 -1.86600000 605.01360000
v -63.35360000 -1.86600000 605.01360000
v 26.59630000 -1.86600000 605.01360000
v 26.59630000 -1.86600000 605.01360000
v -430.46630000 289.31750000 573.10400000
v -405.81670000 286.82490000 573.10400000
v -419.81150000 268.29390000 573.10390000
v -419.81150000 268.29390000 573.10390000
v -433.80640000 269.28210000 573.10390000
v -433.80640000 269.28210000 573.10390000
v -475.79110000 264.01200000 589.75270000
v -475.79110000 264.01200000 589.75270000
v -454.32170000 268.01720000 589.75270000
v -454.32170000 268.01720000 589.75270000
v -433.80640000 269.28210000 589.75270000
v -433.80640000 269.28210000 589.75270000
v -380.84850000 259.70230000 589.75270000
v -380.84850000 259.70230000 589.75270000
v -380.84850000 259.70230000 589.75270000
v -419.81150000 268.29380000 589.75270000
v -419.81150000 268.29380000 589.75270000
v -399.45530000 264.98480000 589.75270000
v -399.45530000 264.98480000 589.75270000
v -488.83180000 259.04820000 589.75270000
v -488.83180000 259.04820000 589.75270000
v -488.83180000 259.04820000 589.75270000
v -488.83180000 259.04820000 573.10390000
v -488.83180000 259.04820000 573.10390000
v -488.83180000 259.04820000 573.10390000
v -509.68330000 277.30440000 573.10390000
v -496.46530000 277.23510000 573.10390000
v -475.79110000 264.01200000 573.10390000
v -475.79110000 264.01200000 573.10390000
v -481.03910000 282.33910000 573.10390000
v -462.11430000 286.81480000 573.10390000
v -454.32180000 268.01720000 573.10390000
v -454.32180000 268.01720000 573.10390000
v -441.44090000 289.31750000 573.10400000
v -387.84590000 282.61340000 573.10400000
v -399.45530000 264.98490000 573.10390000
v -399.45530000 264.98490000 573.10390000
v -375.60050000 278.12680000 573.10400000
v -380.84850000 259.70240000 573.10390000
v -380.84850000 259.70240000 573.10390000
v -380.84850000 259.70240000 573.10390000
v -357.12760000 278.48750000 573.10400000
v -498.92520000 131.40470000 577.45780000
v -498.92520000 131.40470000 577.45780000
v -498.54540000 246.99730000 577.45790000
v -498.54540000 246.99730000 577.45790000
v -488.98000000 238.03180000 582.13790000
v -488.98000000 238.03180000 582.13790000
v -488.98000000 238.03180000 582.13790000
v -488.98000000 238.03180000 582.13790000
v -489.73950000 139.74460000 582.13790000
v -489.73950000 139.74460000 582.13790000
v -489.73950000 139.74460000 582.13790000
v -489.73950000 139.74460000 582.13790000
v -489.73950000 139.74460000 589.75270000
v -489.73950000 139.74460000 589.75270000
v -489.73950000 139.74460000 589.75270000
v -488.98000000 238.03170000 589.75270000
v -488.98000000 238.03170000 589.75270000
v -488.98000000 238.03170000 589.75270000
v -378.50310000 237.81700000 589.75260000
v -378.50310000 237.81700000 589.75260000
v -378.50310000 237.81700000 589.75260000
v -377.55400000 140.61300000 589.75280000
v -377.55400000 140.61300000 589.75280000
v -377.55400000 140.61300000 589.75280000
v -378.50310000 237.81700000 582.13780000
v -378.50310000 237.81700000 582.13780000
v -378.50310000 237.81700000 582.13780000
v -378.50310000 237.81700000 582.13780000
v -377.55400000 140.61300000 582.13790000
v -377.55400000 140.61300000 582.13790000
v -377.55400000 140.61300000 582.13790000
v -377.55400000 140.61300000 582.13790000
v -360.46840000 123.20830000 573.10390000
v -360.32760000 123.06490000 573.10390000
v -360.46840000 123.06490000 573.10390000
v -364.73970000 127.55940000 573.10390000
v -364.73970000 127.55940000 573.10390000
v -364.73970000 127.55940000 573.10390000
v -364.97710000 251.42650000 573.10390000
v -364.97710000 251.42650000 573.10390000
v -364.97710000 251.42650000 573.10390000
v -360.46840000 255.96300000 573.10400000
v -357.12760000 119.80510000 573.10390000
v -509.68330000 119.80510000 573.10390000
v -508.11080000 123.06490000 573.10390000
v -508.11080000 255.96300000 573.10390000
v -369.01120000 131.91060000 577.45790000
v -369.01120000 131.91060000 577.45790000
v -503.32810000 251.48020000 573.10390000
v -503.32810000 251.48020000 573.10390000
v -503.32810000 251.48020000 573.10390000
v -503.51810000 127.23480000 573.10390000
v -503.51810000 127.23480000 573.10390000
v -503.51810000 127.23480000 573.10390000
v -369.48570000 246.89000000 577.45780000
v -369.48570000 246.89000000 577.45780000
v 310.78250000 289.31760000 573.10410000
v 335.43230000 286.82500000 573.10410000
v 321.43740000 268.29390000 573.10400000
v 321.43740000 268.29390000 573.10400000
v 307.44240000 269.28220000 573.10400000
v 307.44240000 269.28220000 573.10400000
v 265.45760000 264.01210000 589.75290000
v 265.45760000 264.01210000 589.75290000
v 286.92710000 268.01730000 589.75290000
v 286.92710000 268.01730000 589.75290000
v 307.44240000 269.28220000 589.75290000
v 307.44240000 269.28220000 589.75290000
v 360.40040000 259.70240000 589.75280000
v 360.40040000 259.70240000 589.75280000
v 360.40040000 259.70240000 589.75280000
v 321.43740000 268.29390000 589.75290000
v 321.43740000 268.29390000 589.75290000
v 341.79360000 264.98490000 589.75280000
v 341.79360000 264.98490000 589.75280000
v 252.41700000 259.04830000 589.75290000
v 252.41700000 259.04830000 589.75290000
v 252.41700000 259.04830000 589.75290000
v 252.41700000 259.04830000 573.10400000
v 252.41700000 259.04830000 573.10400000
v 252.41700000 259.04830000 573.10400000
v 231.56540000 277.30450000 573.10410000
v 244.78340000 277.23520000 573.10410000
v 265.45760000 264.01210000 573.10400000
v 265.45760000 264.01210000 573.10400000
v 260.20970000 282.33920000 573.10410000
v 279.13450000 286.81490000 573.10410000
v 286.92710000 268.01730000 573.10400000
v 286.92710000 268.01730000 573.10400000
v 299.80790000 289.31760000 573.10410000
v 353.40280000 282.61350000 573.10410000
v 341.79360000 264.98500000 573.10400000
v 341.79360000 264.98500000 573.10400000
v 365.64830000 278.12690000 573.10410000
v 360.40030000 259.70250000 573.10400000
v 360.40030000 259.70250000 573.10400000
v 360.40030000 259.70250000 573.10400000
v 384.12120000 278.48750000 573.10410000
v 242.32360000 131.40480000 577.45790000
v 242.32360000 131.40480000 577.45790000
v 242.70340000 246.99740000 577.45800000
v 242.70340000 246.99740000 577.45800000
v 252.26870000 238.03180000 582.13810000
v 252.26870000 238.03180000 582.13810000
v 252.26870000 238.03180000 582.13810000
v 252.26870000 238.03180000 582.13810000
v 251.50930000 139.74470000 582.13810000
v 251.50930000 139.74470000 582.13810000
v 251.50930000 139.74470000 582.13810000
v 251.50930000 139.74470000 582.13810000
v 251.50930000 139.74470000 589.75290000
v 251.50930000 139.74470000 589.75290000
v 251.50930000 139.74470000 589.75290000
v 252.26870000 238.03180000 589.75290000
v 252.26870000 238.03180000 589.75290000
v 252.26870000 238.03180000 589.75290000
v 362.74570000 237.81710000 589.75280000
v 362.74570000 237.81710000 589.75280000
v 362.74570000 237.81710000 589.75280000
v 363.69470000 140.61300000 589.75290000
v 363.69470000 140.61300000 589.75290000
v 363.69470000 140.61300000 589.75290000
v 362.74570000 237.81710000 582.13790000
v 362.74570000 237.81710000 582.13790000
v 362.74570000 237.81710000 582.13790000
v 362.74570000 237.81710000 582.13790000
v 363.69470000 140.61300000 582.13810000
v 363.69470000 140.61300000 582.13810000
v 363.69470000 140.61300000 582.13810000
v 363.69470000 140.61300000 582.13810000
v 380.78040000 123.20840000 573.10410000
v 380.92110000 123.06500000 573.10410000
v 380.78040000 123.06500000 573.10410000
v 376.50900000 127.55950000 573.10410000
v 376.50900000 127.55950000 573.10410000
v 376.50900000 127.55950000 573.10410000
v 376.27170000 251.42660000 573.10410000
v 376.27170000 251.42660000 573.10410000
v 376.27170000 251.42660000 573.10410000
v 380.78040000 255.96310000 573.10410000
v 384.12120000 119.80510000 573.10410000
v 231.56540000 119.80510000 573.10400000
v 233.13790000 123.06490000 573.10400000
v 233.13790000 255.96310000 573.10410000
v 372.23750000 131.91070000 577.45800000
v 372.23750000 131.91070000 577.45800000
v 237.92070000 251.48020000 573.10410000
v 237.92070000 251.48020000 573.10410000
v 237.92070000 251.48020000 573.10410000
v 237.73080000 127.23490000 573.10400000
v 237.73080000 127.23490000 573.10400000
v 237.73080000 127.23490000 573.10400000
v 371.76310000 246.89010000 577.45790000
v 371.76310000 246.89010000 577.45790000
v 13.02360000 106.09090000 -632.63510000
v 13.02360000 106.09090000 -632.63510000
v 7.55830000 106.09090000 -638.42270000
v 7.55830000 106.09090000 -638.42270000
v 7.60730000 -2.21550000 -638.42270000
v 7.60730000 -2.21550000 -638.42270000
v 7.60730000 -2.21550000 -638.42270000
v 13.02360000 -2.21550000 -632.63510000
v 13.02360000 -2.21550000 -632.63510000
v 13.02360000 -2.21550000 -632.63510000
v -133.86660000 106.09090000 -638.42270000
v -133.86660000 106.09090000 -638.42270000
v -140.44690000 106.09090000 -632.63510000
v -140.44690000 106.09090000 -632.63510000
v -140.44690000 -2.21550000 -632.63510000
v -140.44690000 -2.21550000 -632.63510000
v -140.44690000 -2.21550000 -632.63510000
v -133.69470000 -2.21550000 -638.42270000
v -133.69470000 -2.21550000 -638.42270000
v -133.69470000 -2.21550000 -638.42270000
v -64.65530000 274.42840000 -650.92710000
v -64.65530000 274.42840000 -650.92710000
v -64.65530000 274.42840000 -650.92710000
v -64.65530000 214.39720000 -650.92710000
v -13.85840000 214.39720000 -650.92710000
v -13.85840000 214.39720000 -650.92710000
v -33.55970000 256.13840000 -650.92710000
v -33.55970000 256.13840000 -650.92710000
v -15.45630000 224.41080000 -650.92710000
v -15.45630000 224.41080000 -650.92710000
v -21.80180000 240.08800000 -650.92710000
v -21.80180000 240.08800000 -650.92710000
v -47.74380000 266.96310000 -650.92710000
v -47.74380000 266.96310000 -650.92710000
v -107.27970000 240.27460000 -650.92710000
v -107.27970000 240.27460000 -650.92710000
v -113.25200000 225.53060000 -650.92720000
v -113.25200000 225.53060000 -650.92720000
v -114.69920000 214.39720000 -650.92720000
v -114.69920000 214.39720000 -650.92720000
v -77.79160000 268.64280000 -650.92710000
v -77.79160000 268.64280000 -650.92710000
v -95.14860000 256.32500000 -650.92710000
v -95.14860000 256.32500000 -650.92710000
v -95.14860000 256.32500000 -650.92710000
v -133.98670000 181.80530000 -638.42270000
v -133.98670000 181.80530000 -638.42270000
v -140.44690000 181.80530000 -632.63510000
v -140.44690000 181.80530000 -632.63510000
v -64.65530000 206.86730000 -650.92710000
v -64.65530000 206.86730000 -650.92710000
v -12.65670000 206.86730000 -650.92700000
v -12.65670000 206.86730000 -650.92700000
v -12.65670000 206.86730000 -650.92700000
v -115.67810000 206.86730000 -650.92720000
v -115.67810000 206.86730000 -650.92720000
v -115.67810000 206.86730000 -650.92720000
v -12.36150000 4.52640000 -649.82200000
v -12.36150000 4.52640000 -649.82200000
v -12.36150000 4.52640000 -649.82200000
v -11.91060000 106.09090000 -649.82200000
v -11.91060000 106.09090000 -649.82200000
v -64.65530000 106.09090000 -649.82200000
v -64.65530000 4.52640000 -649.82200000
v -64.65530000 4.52640000 -649.82200000
v -115.43490000 4.52640000 -649.82200000
v -115.43490000 4.52640000 -649.82200000
v -115.43490000 4.52640000 -649.82200000
v -116.33650000 106.09090000 -649.82200000
v -116.33650000 106.09090000 -649.82200000
v 13.02360000 181.80530000 -632.63510000
v 13.02360000 181.80530000 -632.63510000
v 13.02360000 181.80530000 -632.63510000
v 7.32840000 181.80530000 -638.42270000
v 7.32840000 181.80530000 -638.42270000
v -106.59630000 173.31900000 -643.28650000
v -106.59630000 173.31900000 -643.28650000
v -106.59630000 173.31900000 -643.28650000
v -105.19410000 175.11370000 -643.28650000
v -105.19410000 175.11370000 -643.28650000
v -105.19410000 175.11370000 -643.28650000
v -105.92320000 176.90850000 -643.28650000
v -105.92320000 176.90850000 -643.28650000
v -105.92320000 176.90850000 -643.28650000
v -105.08190000 181.80530000 -643.28650000
v -105.08190000 181.80530000 -643.28650000
v -105.08190000 181.80530000 -643.28650000
v -105.19410000 177.80590000 -643.28650000
v -105.19410000 177.80590000 -643.28650000
v -117.00850000 181.80530000 -643.28650000
v -117.00850000 181.80530000 -643.28650000
v -117.00850000 181.80530000 -643.28650000
v -116.81970000 160.53140000 -643.28650000
v -116.81970000 160.53140000 -643.28650000
v -116.81970000 160.53140000 -643.28650000
v -111.53200000 165.52280000 -643.28650000
v -111.53200000 165.52280000 -643.28650000
v -113.88760000 161.76500000 -643.28650000
v -113.88760000 161.76500000 -643.28650000
v -109.90540000 169.11240000 -643.28650000
v -109.90540000 169.11240000 -643.28650000
v -109.90540000 169.11240000 -643.28650000
v -105.30630000 170.79510000 -643.28650000
v -105.30630000 170.79510000 -643.28650000
v -105.30630000 170.79510000 -643.28650000
v -106.87670000 169.05640000 -643.28650000
v -106.87670000 169.05640000 -643.28650000
v -106.87670000 169.05640000 -643.28650000
v -113.88760000 161.76500000 -649.82200000
v -113.88760000 161.76500000 -649.82200000
v -116.81970000 160.53140000 -649.82200000
v -116.81970000 160.53140000 -649.82200000
v -116.81970000 160.53140000 -649.82200000
v -64.65530000 181.80530000 -649.82200000
v -64.65530000 181.80530000 -649.82200000
v -105.08190000 181.80530000 -649.82200000
v -105.08190000 181.80530000 -649.82200000
v -105.08190000 181.80530000 -649.82200000
v -105.19410000 177.80590000 -649.82200000
v -105.19410000 177.80590000 -649.82200000
v -105.19410000 175.11370000 -649.82200000
v -105.19410000 175.11370000 -649.82200000
v -105.19410000 175.11370000 -649.82200000
v -105.92320000 176.90850000 -649.82200000
v -105.92320000 176.90850000 -649.82200000
v -105.92320000 176.90850000 -649.82200000
v -106.59630000 173.31900000 -649.82200000
v -106.59630000 173.31900000 -649.82200000
v -106.59630000 173.31900000 -649.82200000
v -105.30630000 170.79510000 -649.82200000
v -105.30630000 170.79510000 -649.82200000
v -105.30630000 170.79510000 -649.82200000
v -106.87670000 169.05640000 -649.82200000
v -106.87670000 169.05640000 -649.82200000
v -106.87670000 169.05640000 -649.82200000
v -111.53200000 165.52280000 -649.82200000
v -111.53200000 165.52280000 -649.82200000
v -109.90540000 169.11240000 -649.82200000
v -109.90540000 169.11240000 -649.82200000
v -109.90540000 169.11240000 -649.82200000
v -23.15010000 178.35630000 -649.82200000
v -23.15010000 178.35630000 -649.82200000
v -23.15010000 178.35630000 -649.82200000
v -23.26480000 181.80530000 -649.82200000
v -23.26480000 181.80530000 -649.82200000
v -23.26480000 181.80530000 -649.82200000
v -23.03540000 175.14630000 -649.82200000
v -23.03540000 175.14630000 -649.82200000
v -23.03540000 175.14630000 -649.82200000
v -13.00400000 160.52910000 -649.82200000
v -13.00400000 160.52910000 -649.82200000
v -13.00400000 160.52910000 -649.82200000
v -11.66980000 160.35630000 -649.82200000
v -11.66980000 160.35630000 -649.82200000
v -11.66980000 160.35630000 -649.82200000
v -15.58350000 162.87930000 -649.82200000
v -15.58350000 162.87930000 -649.82200000
v -15.58350000 162.87930000 -649.82200000
v -21.54500000 170.50320000 -649.82200000
v -21.54500000 170.50320000 -649.82200000
v -21.54500000 170.50320000 -649.82200000
v -17.01660000 167.29320000 -649.82200000
v -17.01660000 167.29320000 -649.82200000
v -17.01660000 167.29320000 -649.82200000
v -19.30940000 170.61780000 -649.82200000
v -19.30940000 170.61780000 -649.82200000
v -19.30940000 170.61780000 -649.82200000
v -22.46230000 171.70700000 -649.82200000
v -22.46230000 171.70700000 -649.82200000
v -22.46230000 171.70700000 -649.82200000
v -21.60240000 174.17180000 -649.82200000
v -21.60240000 174.17180000 -649.82200000
v -21.60240000 174.17180000 -649.82200000
v -22.34750000 177.49650000 -649.82200000
v -22.34750000 177.49650000 -649.82200000
v -22.34750000 177.49650000 -649.82200000
v -13.00400000 160.52910000 -643.28640000
v -13.00400000 160.52910000 -643.28640000
v -13.00400000 160.52910000 -643.28640000
v -11.66980000 160.35630000 -643.28640000
v -11.66980000 160.35630000 -643.28640000
v -11.66980000 160.35630000 -643.28640000
v -11.57460000 181.80530000 -643.28640000
v -11.57460000 181.80530000 -643.28640000
v -11.57460000 181.80530000 -643.28640000
v -17.01660000 167.29320000 -643.28640000
v -17.01660000 167.29320000 -643.28640000
v -17.01660000 167.29320000 -643.28640000
v -23.26480000 181.80530000 -643.28640000
v -23.26480000 181.80530000 -643.28640000
v -23.26480000 181.80530000 -643.28640000
v -23.15010000 178.35630000 -643.28640000
v -23.15010000 178.35630000 -643.28640000
v -23.15010000 178.35630000 -643.28640000
v -22.34750000 177.49650000 -643.28640000
v -22.34750000 177.49650000 -643.28640000
v -22.34750000 177.49650000 -643.28640000
v -23.03540000 175.14630000 -643.28640000
v -23.03540000 175.14630000 -643.28640000
v -23.03540000 175.14630000 -643.28640000
v -21.60240000 174.17180000 -643.28640000
v -21.60240000 174.17180000 -643.28640000
v -21.60240000 174.17180000 -643.28640000
v -22.46230000 171.70700000 -643.28640000
v -22.46230000 171.70700000 -643.28640000
v -22.46230000 171.70700000 -643.28640000
v -21.54500000 170.50320000 -643.28640000
v -21.54500000 170.50320000 -643.28640000
v -21.54500000 170.50320000 -643.28640000
v -19.30940000 170.61780000 -643.28640000
v -19.30940000 170.61780000 -643.28640000
v -19.30940000 170.61780000 -643.28640000
v -15.58350000 162.87930000 -643.28640000
v -15.58350000 162.87930000 -643.28640000
v -15.58350000 162.87930000 -643.28640000
v -11.57460000 181.80530000 -638.42270000
v -11.57460000 181.80530000 -638.42270000
v -11.57460000 181.80530000 -638.42270000
v -11.91060000 106.09090000 -638.42270000
v -11.91060000 106.09090000 -638.42270000
v -117.00850000 181.80530000 -638.42270000
v -117.00850000 181.80530000 -638.42270000
v -117.00850000 181.80530000 -638.42270000
v -64.65530000 181.80530000 -638.42270000
v -64.65530000 181.80530000 -638.42270000
v -12.36150000 4.52640000 -638.42270000
v -12.36150000 4.52640000 -638.42270000
v -12.36150000 4.52640000 -638.42270000
v -64.65530000 4.52640000 -638.42270000
v -64.65530000 4.52640000 -638.42270000
v -115.43490000 4.52640000 -638.42270000
v -115.43490000 4.52640000 -638.42270000
v -115.43490000 4.52640000 -638.42270000
v -116.33650000 106.09090000 -638.42270000
v -116.33650000 106.09090000 -638.42270000
v -134.03850000 214.39720000 -638.42270000
v -134.03850000 214.39720000 -638.42270000
v -140.44690000 214.39720000 -632.63510000
v -140.44690000 214.39720000 -632.63510000
v 13.02360000 214.39720000 -632.63510000
v 13.02360000 214.39720000 -632.63510000
v 7.22940000 214.39720000 -638.42270000
v 7.22940000 214.39720000 -638.42270000
v -64.65530000 206.86730000 -638.42270000
v -64.65530000 206.86730000 -638.42270000
v -12.65670000 206.86730000 -638.42260000
v -12.65670000 206.86730000 -638.42260000
v -12.65670000 206.86730000 -638.42260000
v -115.67810000 206.86730000 -638.42270000
v -115.67810000 206.86730000 -638.42270000
v -115.67810000 206.86730000 -638.42270000
v -114.69920000 214.39720000 -638.42270000
v -114.69920000 214.39720000 -638.42270000
v -113.25200000 225.53060000 -638.42270000
v -113.25200000 225.53060000 -638.42270000
v -107.27970000 240.27460000 -638.42270000
v -107.27970000 240.27460000 -638.42270000
v -95.14860000 256.32500000 -638.42270000
v -95.14860000 256.32500000 -638.42270000
v -95.14860000 256.32500000 -638.42270000
v -77.79160000 268.64280000 -638.42270000
v -77.79160000 268.64280000 -638.42270000
v -64.65530000 274.42840000 -638.42270000
v -64.65530000 274.42840000 -638.42270000
v -64.65530000 274.42840000 -638.42270000
v -47.74380000 266.96310000 -638.42270000
v -47.74380000 266.96310000 -638.42270000
v -33.55970000 256.13840000 -638.42270000
v -33.55970000 256.13840000 -638.42270000
v -21.80180000 240.08800000 -638.42270000
v -21.80180000 240.08800000 -638.42270000
v -15.45630000 224.41080000 -638.42270000
v -15.45630000 224.41080000 -638.42270000
v -13.85840000 214.39720000 -638.42270000
v -13.85840000 214.39720000 -638.42270000
v 13.02360000 -2.21550000 -651.53850000
v 13.02360000 -2.21550000 -651.53850000
v -64.65530000 -2.21550000 -651.53850000
v -64.65530000 -2.21550000 -638.42270000
v -64.65530000 -2.21550000 -638.42270000
v -140.44690000 106.09090000 -651.53850000
v -140.44690000 -2.21550000 -651.53850000
v -140.44690000 -2.21550000 -651.53850000
v 13.02360000 181.80530000 -651.53850000
v 13.02360000 181.80530000 -651.53850000
v 13.02360000 214.39720000 -651.53850000
v -47.50540000 295.76370000 -651.53850000
v -64.65530000 300.38570000 -651.53850000
v -64.65530000 300.38570000 -632.63510000
v -64.65530000 300.38570000 -632.63510000
v -47.50540000 295.76370000 -632.63510000
v -47.50540000 295.76370000 -632.63510000
v -27.18050000 285.59520000 -651.53850000
v -27.18050000 285.59520000 -632.63510000
v -27.18050000 285.59520000 -632.63510000
v -11.93690000 271.35930000 -651.53850000
v -11.93690000 271.35930000 -632.63510000
v -11.93690000 271.35930000 -632.63510000
v 3.30660000 248.61880000 -651.53850000
v 3.30660000 248.61880000 -632.63510000
v 3.30660000 248.61880000 -632.63510000
v 10.92850000 226.06320000 -651.53850000
v 10.92850000 226.06320000 -632.63510000
v 10.92850000 226.06320000 -632.63510000
v -79.00890000 296.50320000 -651.53850000
v -79.00890000 296.50320000 -632.63510000
v -79.00890000 296.50320000 -632.63510000
v -94.25260000 289.84750000 -651.53850000
v -94.25260000 289.84750000 -632.63510000
v -94.25260000 289.84750000 -632.63510000
v -110.85120000 277.64530000 -651.53850000
v -110.85120000 277.64530000 -632.63510000
v -110.85120000 277.64530000 -632.63510000
v -125.75610000 259.34190000 -651.53850000
v -125.75610000 259.34190000 -651.53850000
v -125.75610000 259.34190000 -632.63510000
v -125.75610000 259.34190000 -632.63510000
v -125.75610000 259.34190000 -632.63510000
v -135.91850000 238.26540000 -651.53850000
v -140.44690000 214.39720000 -651.53850000
v -135.91850000 238.26540000 -632.63510000
v -135.91850000 238.26540000 -632.63510000
v -140.44690000 181.80530000 -651.53850000
v 13.02360000 106.09090000 -651.53850000
v -48.45280000 290.40560000 -638.42270000
v -48.45280000 290.40560000 -638.42270000
v -31.26700000 280.78160000 -638.42270000
v -31.26700000 280.78160000 -638.42270000
v -64.65530000 293.84280000 -638.42270000
v -64.65530000 293.84280000 -638.42270000
v -128.88270000 236.78570000 -638.42270000
v -128.88270000 236.78570000 -638.42270000
v -119.25850000 255.34650000 -638.42270000
v -119.25850000 255.34650000 -638.42270000
v -105.16610000 273.56350000 -638.42270000
v -105.16610000 273.56350000 -638.42270000
v -89.35510000 285.24990000 -638.42270000
v -89.35510000 285.24990000 -638.42270000
v -16.48710000 267.03280000 -638.42270000
v -16.48710000 267.03280000 -638.42270000
v -0.33240000 245.72240000 -638.42270000
v -0.33240000 245.72240000 -638.42270000
v 4.92600000 223.93930000 -638.42270000
v 4.92600000 223.93930000 -638.42270000
v 1302.40870000 414.24940000 -105.46230000
v 1302.40870000 414.24940000 -105.46230000
v 1302.40870000 414.24940000 -105.46230000
v 1302.40870000 522.55580000 -105.41330000
v 1302.40870000 522.55580000 -105.41330000
v 1296.62110000 522.55580000 -110.87860000
v 1296.62110000 522.55580000 -110.87860000
v 1296.62110000 414.24940000 -110.87860000
v 1296.62110000 414.24940000 -110.87860000
v 1296.62110000 414.24940000 -110.87860000
v 1296.62110000 414.24940000 42.59190000
v 1296.62110000 414.24940000 42.59190000
v 1296.62110000 414.24940000 42.59190000
v 1296.62110000 522.55580000 42.59190000
v 1296.62110000 522.55580000 42.59190000
v 1302.40870000 522.55580000 36.01160000
v 1302.40870000 522.55580000 36.01160000
v 1302.40870000 414.24940000 35.83970000
v 1302.40870000 414.24940000 35.83970000
v 1302.40870000 414.24940000 35.83970000
v 1314.91310000 672.60330000 -64.29530000
v 1314.91310000 672.60330000 -64.29530000
v 1314.91310000 656.55290000 -76.05320000
v 1314.91310000 656.55290000 -76.05320000
v 1314.91310000 640.87570000 -82.39870000
v 1314.91310000 640.87570000 -82.39870000
v 1314.91310000 630.86210000 -33.19970000
v 1314.91310000 630.86210000 -83.99660000
v 1314.91310000 630.86210000 -83.99660000
v 1314.91310000 690.89330000 -33.19970000
v 1314.91310000 690.89330000 -33.19970000
v 1314.91310000 690.89330000 -33.19970000
v 1314.91310000 683.42800000 -50.11120000
v 1314.91310000 683.42800000 -50.11120000
v 1314.91310000 685.10770000 -20.06330000
v 1314.91310000 685.10770000 -20.06330000
v 1314.91310000 656.73950000 9.42470000
v 1314.91310000 656.73950000 9.42470000
v 1314.91310000 630.86210000 16.84430000
v 1314.91310000 630.86210000 16.84430000
v 1314.91310000 641.99550000 15.39690000
v 1314.91310000 641.99550000 15.39690000
v 1314.91310000 672.78990000 -2.70650000
v 1314.91310000 672.78990000 -2.70650000
v 1314.91310000 672.78990000 -2.70650000
v 1296.62110000 598.27020000 42.59190000
v 1296.62110000 598.27020000 42.59190000
v 1302.40870000 598.27020000 36.13170000
v 1302.40870000 598.27020000 36.13170000
v 1314.91310000 623.33220000 -33.19970000
v 1314.91310000 623.33220000 -33.19970000
v 1314.91300000 623.33220000 -85.19820000
v 1314.91300000 623.33220000 -85.19820000
v 1314.91300000 623.33220000 -85.19820000
v 1314.91310000 623.33220000 17.82310000
v 1314.91310000 623.33220000 17.82310000
v 1314.91310000 623.33220000 17.82310000
v 1313.80790000 522.55580000 -33.19970000
v 1313.80790000 522.55580000 -85.94430000
v 1313.80790000 522.55580000 -85.94430000
v 1313.80790000 420.99130000 -85.49360000
v 1313.80790000 420.99130000 -85.49360000
v 1313.80790000 420.99130000 -85.49360000
v 1313.80790000 420.99130000 -33.19970000
v 1313.80790000 420.99130000 -33.19970000
v 1313.80790000 420.99130000 17.58000000
v 1313.80790000 420.99130000 17.58000000
v 1313.80790000 420.99130000 17.58000000
v 1313.80790000 522.55580000 18.48150000
v 1313.80790000 522.55580000 18.48150000
v 1296.62110000 598.27020000 -110.87860000
v 1296.62110000 598.27020000 -110.87860000
v 1296.62110000 598.27020000 -110.87860000
v 1302.40870000 598.27020000 -105.18340000
v 1302.40870000 598.27020000 -105.18340000
v 1307.27250000 585.57730000 12.05040000
v 1307.27250000 585.57730000 12.05040000
v 1307.27250000 585.57730000 12.05040000
v 1307.27250000 581.98770000 13.67690000
v 1307.27250000 581.98770000 13.67690000
v 1307.27250000 578.22990000 16.03260000
v 1307.27250000 578.22990000 16.03260000
v 1307.27250000 598.27020000 19.15360000
v 1307.27250000 598.27020000 19.15360000
v 1307.27250000 598.27020000 19.15360000
v 1307.27250000 576.99630000 18.96480000
v 1307.27250000 576.99630000 18.96480000
v 1307.27250000 576.99630000 18.96480000
v 1307.27250000 598.27020000 7.22690000
v 1307.27250000 598.27020000 7.22690000
v 1307.27250000 598.27020000 7.22690000
v 1307.27250000 594.27080000 7.33910000
v 1307.27250000 594.27080000 7.33910000
v 1307.27250000 593.37340000 8.06820000
v 1307.27250000 593.37340000 8.06820000
v 1307.27250000 593.37340000 8.06820000
v 1307.27250000 589.78390000 8.74130000
v 1307.27250000 589.78390000 8.74130000
v 1307.27250000 589.78390000 8.74130000
v 1307.27250000 591.57860000 7.33910000
v 1307.27250000 591.57860000 7.33910000
v 1307.27250000 591.57860000 7.33910000
v 1307.27250000 585.52120000 9.02170000
v 1307.27250000 585.52120000 9.02170000
v 1307.27250000 585.52120000 9.02170000
v 1307.27250000 587.25990000 7.45130000
v 1307.27250000 587.25990000 7.45130000
v 1307.27250000 587.25990000 7.45130000
v 1313.80790000 587.25990000 7.45130000
v 1313.80790000 587.25990000 7.45130000
v 1313.80790000 587.25990000 7.45130000
v 1313.80790000 589.78390000 8.74130000
v 1313.80790000 589.78390000 8.74130000
v 1313.80790000 589.78390000 8.74130000
v 1313.80790000 591.57860000 7.33910000
v 1313.80790000 591.57860000 7.33910000
v 1313.80790000 591.57860000 7.33910000
v 1313.80790000 598.27020000 -33.19970000
v 1313.80790000 598.27020000 -33.19970000
v 1313.80790000 593.37340000 8.06820000
v 1313.80790000 593.37340000 8.06820000
v 1313.80790000 593.37340000 8.06820000
v 1313.80790000 594.27080000 7.33910000
v 1313.80790000 594.27080000 7.33910000
v 1313.80790000 598.27020000 7.22690000
v 1313.80790000 598.27020000 7.22690000
v 1313.80790000 598.27020000 7.22690000
v 1313.80790000 585.52120000 9.02170000
v 1313.80790000 585.52120000 9.02170000
v 1313.80790000 585.52120000 9.02170000
v 1313.80790000 578.22990000 16.03260000
v 1313.80790000 578.22990000 16.03260000
v 1313.80790000 576.99630000 18.96480000
v 1313.80790000 576.99630000 18.96480000
v 1313.80790000 576.99630000 18.96480000
v 1313.80790000 581.98770000 13.67690000
v 1313.80790000 581.98770000 13.67690000
v 1313.80790000 585.57730000 12.05040000
v 1313.80790000 585.57730000 12.05040000
v 1313.80790000 585.57730000 12.05040000
v 1313.80790000 591.61120000 -74.81950000
v 1313.80790000 591.61120000 -74.81950000
v 1313.80790000 591.61120000 -74.81950000
v 1313.80790000 590.63670000 -76.25260000
v 1313.80790000 590.63670000 -76.25260000
v 1313.80790000 590.63670000 -76.25260000
v 1313.80790000 588.17190000 -75.39280000
v 1313.80790000 588.17190000 -75.39280000
v 1313.80790000 588.17190000 -75.39280000
v 1313.80790000 586.96810000 -76.30990000
v 1313.80790000 586.96810000 -76.30990000
v 1313.80790000 586.96810000 -76.30990000
v 1313.80790000 587.08270000 -78.54550000
v 1313.80790000 587.08270000 -78.54550000
v 1313.80790000 587.08270000 -78.54550000
v 1313.80790000 583.75810000 -80.83840000
v 1313.80790000 583.75810000 -80.83840000
v 1313.80790000 583.75810000 -80.83840000
v 1313.80790000 579.34420000 -82.27140000
v 1313.80790000 579.34420000 -82.27140000
v 1313.80790000 579.34420000 -82.27140000
v 1313.80790000 576.99400000 -84.85090000
v 1313.80790000 576.99400000 -84.85090000
v 1313.80790000 576.99400000 -84.85090000
v 1313.80790000 576.82120000 -86.18520000
v 1313.80790000 576.82120000 -86.18520000
v 1313.80790000 576.82120000 -86.18520000
v 1313.80790000 598.27020000 -74.59020000
v 1313.80790000 598.27020000 -74.59020000
v 1313.80790000 598.27020000 -74.59020000
v 1313.80790000 594.82120000 -74.70490000
v 1313.80790000 594.82120000 -74.70490000
v 1313.80790000 594.82120000 -74.70490000
v 1313.80790000 593.96140000 -75.50740000
v 1313.80790000 593.96140000 -75.50740000
v 1313.80790000 593.96140000 -75.50740000
v 1307.27230000 576.99400000 -84.85090000
v 1307.27230000 576.99400000 -84.85090000
v 1307.27230000 576.99400000 -84.85090000
v 1307.27230000 579.34420000 -82.27140000
v 1307.27230000 579.34420000 -82.27140000
v 1307.27230000 579.34420000 -82.27140000
v 1307.27230000 583.75810000 -80.83840000
v 1307.27230000 583.75810000 -80.83840000
v 1307.27230000 583.75810000 -80.83840000
v 1307.27250000 598.27020000 -74.59020000
v 1307.27250000 598.27020000 -74.59020000
v 1307.27250000 598.27020000 -74.59020000
v 1307.27250000 587.08270000 -78.54550000
v 1307.27250000 587.08270000 -78.54550000
v 1307.27250000 587.08270000 -78.54550000
v 1307.27250000 586.96810000 -76.30990000
v 1307.27250000 586.96810000 -76.30990000
v 1307.27250000 586.96810000 -76.30990000
v 1307.27250000 588.17190000 -75.39280000
v 1307.27250000 588.17190000 -75.39280000
v 1307.27250000 588.17190000 -75.39280000
v 1307.27250000 590.63670000 -76.25260000
v 1307.27250000 590.63670000 -76.25260000
v 1307.27250000 590.63670000 -76.25260000
v 1307.27250000 591.61120000 -74.81950000
v 1307.27250000 591.61120000 -74.81950000
v 1307.27250000 591.61120000 -74.81950000
v 1307.27250000 593.96140000 -75.50740000
v 1307.27250000 593.96140000 -75.50740000
v 1307.27250000 593.96140000 -75.50740000
v 1307.27250000 594.82120000 -74.70490000
v 1307.27250000 594.82120000 -74.70490000
v 1307.27250000 594.82120000 -74.70490000
v 1307.27230000 598.27020000 -86.28040000
v 1307.27230000 598.27020000 -86.28040000
v 1307.27230000 598.27020000 -86.28040000
v 1307.27230000 576.82120000 -86.18520000
v 1307.27230000 576.82120000 -86.18520000
v 1307.27230000 576.82120000 -86.18520000
v 1302.40870000 598.27020000 -86.28040000
v 1302.40870000 598.27020000 -86.28040000
v 1302.40870000 598.27020000 -86.28040000
v 1302.40870000 522.55580000 -85.94430000
v 1302.40870000 522.55580000 -85.94430000
v 1302.40870000 598.27020000 19.15360000
v 1302.40870000 598.27020000 19.15360000
v 1302.40870000 598.27020000 19.15360000
v 1302.40870000 598.27020000 -33.19970000
v 1302.40870000 598.27020000 -33.19970000
v 1302.40870000 420.99130000 -85.49360000
v 1302.40870000 420.99130000 -85.49360000
v 1302.40870000 420.99130000 -85.49360000
v 1302.40870000 420.99130000 -33.19970000
v 1302.40870000 420.99130000 -33.19970000
v 1302.40870000 420.99130000 17.58000000
v 1302.40870000 420.99130000 17.58000000
v 1302.40870000 420.99130000 17.58000000
v 1302.40870000 522.55580000 18.48150000
v 1302.40870000 522.55580000 18.48150000
v 1296.62110000 630.86210000 42.59200000
v 1296.62110000 630.86210000 42.59200000
v 1302.40870000 630.86210000 36.18340000
v 1302.40870000 630.86210000 36.18340000
v 1296.62110000 630.86210000 -110.87860000
v 1296.62110000 630.86210000 -110.87860000
v 1302.40870000 630.86210000 -105.08440000
v 1302.40870000 630.86210000 -105.08440000
v 1302.40870000 623.33220000 -33.19970000
v 1302.40870000 623.33220000 -33.19970000
v 1302.40860000 623.33220000 -85.19820000
v 1302.40860000 623.33220000 -85.19820000
v 1302.40860000 623.33220000 -85.19820000
v 1302.40870000 623.33220000 17.82320000
v 1302.40870000 623.33220000 17.82320000
v 1302.40870000 623.33220000 17.82320000
v 1302.40870000 630.86210000 16.84430000
v 1302.40870000 630.86210000 16.84430000
v 1302.40870000 641.99550000 15.39690000
v 1302.40870000 641.99550000 15.39690000
v 1302.40870000 656.73950000 9.42470000
v 1302.40870000 656.73950000 9.42470000
v 1302.40870000 672.78990000 -2.70650000
v 1302.40870000 672.78990000 -2.70650000
v 1302.40870000 672.78990000 -2.70650000
v 1302.40870000 685.10770000 -20.06330000
v 1302.40870000 685.10770000 -20.06330000
v 1302.40870000 690.89330000 -33.19970000
v 1302.40870000 690.89330000 -33.19970000
v 1302.40870000 690.89330000 -33.19970000
v 1302.40870000 683.42800000 -50.11120000
v 1302.40870000 683.42800000 -50.11120000
v 1302.40870000 672.60330000 -64.29530000
v 1302.40870000 672.60330000 -64.29530000
v 1302.40870000 656.55290000 -76.05320000
v 1302.40870000 656.55290000 -76.05320000
v 1302.40870000 640.87570000 -82.39870000
v 1302.40870000 640.87570000 -82.39870000
v 1302.40870000 630.86210000 -83.99660000
v 1302.40870000 630.86210000 -83.99660000
v 1315.52440000 414.24940000 -110.87860000
v 1315.52440000 414.24940000 -110.87860000
v 1302.40870000 414.24940000 -33.19970000
v 1302.40870000 414.24940000 -33.19970000
v 1315.52440000 414.24940000 -33.19970000
v 1315.52440000 414.24940000 42.59190000
v 1315.52440000 414.24940000 42.59190000
v 1315.52440000 522.55580000 42.59190000
v 1315.52440000 630.86210000 -110.87860000
v 1315.52440000 598.27020000 -110.87860000
v 1315.52440000 598.27020000 -110.87860000
v 1296.62110000 716.85060000 -33.19970000
v 1296.62110000 716.85060000 -33.19970000
v 1315.52440000 716.85060000 -33.19970000
v 1315.52440000 712.22860000 -50.34960000
v 1296.62110000 712.22860000 -50.34960000
v 1296.62110000 712.22860000 -50.34960000
v 1315.52440000 702.06010000 -70.67440000
v 1296.62110000 702.06010000 -70.67440000
v 1296.62110000 702.06010000 -70.67440000
v 1315.52440000 687.82420000 -85.91800000
v 1296.62110000 687.82420000 -85.91800000
v 1296.62110000 687.82420000 -85.91800000
v 1315.52440000 665.08370000 -101.16170000
v 1296.62110000 665.08370000 -101.16170000
v 1296.62110000 665.08370000 -101.16170000
v 1296.62110000 642.52810000 -108.78350000
v 1296.62110000 642.52810000 -108.78350000
v 1315.52440000 642.52810000 -108.78350000
v 1296.62110000 712.96810000 -18.84610000
v 1296.62110000 712.96810000 -18.84610000
v 1315.52440000 712.96810000 -18.84610000
v 1296.62110000 706.31240000 -3.60240000
v 1296.62110000 706.31240000 -3.60240000
v 1315.52440000 706.31240000 -3.60240000
v 1296.62110000 694.11020000 12.99620000
v 1296.62110000 694.11020000 12.99620000
v 1315.52440000 694.11020000 12.99620000
v 1296.62110000 675.80680000 27.90110000
v 1296.62110000 675.80680000 27.90110000
v 1296.62110000 675.80680000 27.90110000
v 1315.52440000 675.80680000 27.90110000
v 1315.52440000 675.80680000 27.90110000
v 1315.52440000 630.86210000 42.59200000
v 1315.52440000 654.73030000 38.06350000
v 1296.62110000 654.73030000 38.06350000
v 1296.62110000 654.73030000 38.06350000
v 1315.52440000 598.27020000 42.59190000
v 1315.52440000 522.55580000 -110.87860000
v 1302.40870000 706.87050000 -49.40220000
v 1302.40870000 706.87050000 -49.40220000
v 1302.40870000 697.24650000 -66.58810000
v 1302.40870000 697.24650000 -66.58810000
v 1302.40870000 710.30770000 -33.19970000
v 1302.40870000 710.30770000 -33.19970000
v 1302.40870000 653.25060000 31.02770000
v 1302.40870000 653.25060000 31.02770000
v 1302.40870000 671.81130000 21.40360000
v 1302.40870000 671.81130000 21.40360000
v 1302.40870000 690.02840000 7.31120000
v 1302.40870000 690.02840000 7.31120000
v 1302.40870000 701.71480000 -8.49980000
v 1302.40870000 701.71480000 -8.49980000
v 1302.40870000 683.49770000 -81.36790000
v 1302.40870000 683.49770000 -81.36790000
v 1302.40870000 662.18730000 -97.52260000
v 1302.40870000 662.18730000 -97.52260000
v 1302.40870000 640.40420000 -102.78100000
v 1302.40870000 640.40420000 -102.78100000
vn -0.00040000 -0.78160000 -0.62380000
vn 0.00000000 0.00000000 -1.00000000
vn -0.67740000 -0.73510000 -0.02720000
vn -0.99970000 -0.00480000 -0.02400000
vn 0.00000000 -0.78290000 -0.62210000
vn 0.00000000 0.00000000 -1.00000000
vn -0.71210000 -0.70130000 -0.03270000
vn -0.00400000 -0.76720000 -0.64140000
vn 0.00000000 0.00000000 -1.00000000
vn -0.00450000 -0.76720000 -0.64140000
vn 0.00000000 0.00000000 -1.00000000
vn 1.00000000 0.00390000 -0.00000000
vn 0.00000000 -1.00000000 -0.00000000
vn 0.00000000 0.00000000 -1.00000000
vn -0.00000000 1.00000000 -0.00000000
vn 0.00000000 0.00000000 -1.00000000
vn 1.00000000 0.00390000 -0.00000000
vn -0.99970000 -0.01190000 0.01910000
vn 0.00000000 -1.00000000 0.00710000
vn 0.00000000 0.00000000 -1.00000000
vn 0.00000000 0.00000000 -1.00000000
vn -0.80870000 -0.58820000 -0.00000000
vn -0.92850000 0.37140000 -0.00000000
vn -0.87970000 0.47560000 -0.00000000
vn 0.00000000 0.00000000 -1.00000000
vn -0.63570000 -0.77190000 -0.00000000
vn 0.00000000 0.00000000 -1.00000000
vn -0.81920000 0.57350000 -0.00000000
vn 0.00000000 0.00000000 -1.00000000
vn 0.13600000 -0.99070000 -0.00000000
vn 0.00000000 -1.00000000 -0.00000000
vn 0.00000000 0.00000000 -1.00000000
vn -1.00000000 0.00000000 -0.00000000
vn 0.00000000 0.00000000 -1.00000000
vn -1.00000000 0.00000000 -0.00000000
vn -0.37160000 -0.92840000 -0.00000000
vn 0.00000000 0.00000000 -1.00000000
vn -0.65980000 -0.75150000 -0.00000000
vn 0.00000000 0.00000000 -1.00000000
vn -0.96240000 -0.27150000 -0.00000000
vn 0.00000000 0.00000000 -1.00000000
vn -0.96480000 -0.26300000 -0.00000000
vn -0.22160000 -0.97510000 -0.00000000
vn 0.00000000 0.00000000 -1.00000000
vn -0.86380000 -0.50390000 -0.00000000
vn 0.00000000 0.00000000 -1.00000000
vn -0.80870000 -0.58820000 -0.00000000
vn 0.47630000 -0.87930000 -0.00000000
vn 0.00000000 0.00000000 -1.00000000
vn -0.63570000 -0.77190000 -0.00000000
vn -0.97340000 0.22900000 -0.00000000
vn -0.99040000 0.13830000 -0.00000000
vn 0.00000000 0.00000000 -1.00000000
vn -0.99890000 0.04630000 -0.00000000
vn 0.00000000 0.00000000 -1.00000000
vn 0.00000000 -1.00000000 -0.00000000
vn 0.68230000 0.73110000 -0.00000000
vn 0.99980000 -0.02040000 -0.00000000
vn 0.00000000 0.00000000 -1.00000000
vn 0.68230000 0.73110000 -0.00000000
vn 0.80740000 -0.59000000 -0.00000000
vn 0.00000000 0.00000000 -1.00000000
vn 0.00000000 0.00000000 -1.00000000
vn 0.96290000 -0.26970000 -0.00000000
vn 0.00000000 0.00000000 -1.00000000
vn 0.41910000 -0.90800000 -0.00000000
vn 0.99980000 -0.02040000 -0.00000000
vn 0.95710000 0.28970000 -0.00000000
vn 0.00000000 0.00000000 -1.00000000
vn 0.00000000 0.00000000 -1.00000000
vn 0.86270000 -0.50570000 -0.00000000
vn 0.87620000 0.48200000 -0.00000000
vn 0.00000000 0.00000000 -1.00000000
vn 0.96510000 -0.26200000 -0.00000000
vn 0.00000000 -1.00000000 -0.00000000
vn 0.00000000 0.00000000 -1.00000000
vn 1.00000000 0.00000000 -0.00000000
vn 0.00000000 0.00000000 -1.00000000
vn 0.00000000 -1.00000000 -0.00000000
vn 0.00000000 0.00000000 -1.00000000
vn 0.41910000 -0.90800000 -0.00000000
vn -0.43690000 -0.89950000 -0.00000000
vn -0.00000000 1.00000000 -0.00000000
vn 0.00000000 0.00000000 -1.00000000
vn -0.00000000 1.00000000 -0.00000000
vn 1.00000000 0.00390000 -0.00000000
vn 0.00000000 0.00000000 -1.00000000
vn 0.90440000 -0.42670000 -0.00000000
vn 0.00000000 0.00000000 -1.00000000
vn 0.00000000 0.00000000 -1.00000000
vn 0.95710000 -0.28990000 -0.00000000
vn 0.95710000 -0.28990000 -0.00000000
vn 0.95710000 -0.28980000 -0.00000000
vn 0.00000000 0.00000000 -1.00000000
vn 0.79580000 -0.60550000 -0.00000000
vn 0.00000000 0.00000000 -1.00000000
vn -0.43690000 -0.89950000 -0.00000000
vn 0.00000000 0.00000000 -1.00000000
vn 0.53840000 -0.84270000 -0.00000000
vn 0.86270000 -0.50570000 -0.00000000
vn 0.87620000 0.48200000 -0.00000000
vn 0.00000000 0.00000000 -1.00000000
vn 0.00000000 0.00000000 -1.00000000
vn 0.95710000 0.28970000 -0.00000000
vn 0.00000000 0.00000000 -1.00000000
vn 0.96290000 -0.26970000 -0.00000000
vn 1.00000000 0.00390000 -0.00000000
vn 0.00000000 -1.00000000 -0.00000000
vn 0.00000000 0.00000000 -1.00000000
vn 0.68230000 0.73110000 -0.00000000
vn 0.80740000 -0.59000000 -0.00000000
vn 0.00000000 0.00000000 -1.00000000
vn 0.96510000 -0.26200000 -0.00000000
vn 0.00000000 0.00000000 -1.00000000
vn 1.00000000 0.00000000 -0.00000000
vn 0.00000000 0.00000000 -1.00000000
vn 0.00000000 -1.00000000 -0.00000000
vn 0.99980000 -0.02040000 -0.00000000
vn 0.00000000 0.00000000 -1.00000000
vn 0.68230000 0.73110000 -0.00000000
vn 0.00000000 0.00000000 -1.00000000
vn 0.99980000 -0.02040000 -0.00000000
vn 0.41910000 -0.90800000 -0.00000000
vn 0.41910000 -0.90800000 -0.00000000
vn -0.43690000 -0.89950000 -0.00000000
vn 0.00000000 0.00000000 -1.00000000
vn 0.95710000 -0.28980000 -0.00000000
vn 0.00000000 0.00000000 -1.00000000
vn 0.90440000 -0.42670000 -0.00000000
vn 0.00000000 0.00000000 -1.00000000
vn 0.00000000 0.00000000 -1.00000000
vn 0.99000000 -0.14130000 -0.00000000
vn 0.99000000 -0.14130000 -0.00000000
vn 0.79580000 -0.60550000 -0.00000000
vn 0.00000000 0.00000000 -1.00000000
vn 0.53840000 -0.84270000 -0.00000000
vn -0.43690000 -0.89950000 -0.00000000
vn 0.00000000 0.00000000 -1.00000000
vn 0.00000000 -1.00000000 -0.00000000
vn 0.00000000 0.00000000 -1.00000000
vn -1.00000000 0.00000000 -0.00000000
vn 0.00000000 -1.00000000 -0.00000000
vn 0.00000000 0.00000000 -1.00000000
vn 0.00000000 1.00000000 -0.00000000
vn 0.00000000 0.00000000 -1.00000000
vn -1.00000000 0.00000000 -0.00000000
vn -1.00000000 0.00000000 -0.00000000
vn -0.37160000 -0.92840000 -0.00000000
vn 0.00000000 0.00000000 -1.00000000
vn -0.65980000 -0.75150000 -0.00000000
vn 0.00000000 0.00000000 -1.00000000
vn 0.00000000 1.00000000 -0.00000000
vn -1.00000000 0.00000000 -0.00000000
vn 0.00000000 0.00000000 -1.00000000
vn 0.00000000 0.00000000 -1.00000000
vn -0.00000000 1.00000000 -0.00000000
vn -0.99040000 0.13830000 -0.00000000
vn 0.00000000 0.00000000 -1.00000000
vn -0.99890000 0.04630000 -0.00000000
vn 0.00000000 0.00000000 -1.00000000
vn 0.00000000 -1.00000000 -0.00000000
vn 0.00000000 0.00000000 -1.00000000
vn -0.63570000 -0.77190000 -0.00000000
vn -0.97340000 0.22900000 -0.00000000
vn -0.81920000 0.57350000 -0.00000000
vn -0.63570000 -0.77190000 -0.00000000
vn 0.00000000 0.00000000 -1.00000000
vn 0.00000000 0.00000000 -1.00000000
vn -0.87970000 0.47560000 -0.00000000
vn -0.80870000 -0.58820000 -0.00000000
vn 0.00000000 0.00000000 -1.00000000
vn -0.92850000 0.37140000 -0.00000000
vn 0.47630000 -0.87930000 -0.00000000
vn -0.80870000 -0.58820000 -0.00000000
vn 0.00000000 0.00000000 -1.00000000
vn 0.13600000 -0.99070000 -0.00000000
vn 0.00000000 0.00000000 -1.00000000
vn 0.00000000 0.00000000 -1.00000000
vn -0.22160000 -0.97510000 -0.00000000
vn -0.86380000 -0.50390000 -0.00000000
vn 0.00000000 0.00000000 -1.00000000
vn -0.96240000 -0.27150000 -0.00000000
vn -0.96480000 -0.26300000 -0.00000000
vn 0.00000000 0.00000000 -1.00000000
vn 0.00000000 0.00000000 -1.00000000
vn 0.74240000 -0.66920000 -0.03120000
vn 0.00000000 0.00000000 -1.00000000
vn -0.00000000 -0.75150000 -0.65970000
vn 0.72110000 -0.69200000 -0.03310000
vn 0.00000000 0.00000000 -1.00000000
vn 0.00000000 0.00000000 -1.00000000
vn -0.00040000 -0.75290000 -0.65820000
vn 0.70350000 -0.71020000 -0.02800000
vn 0.99970000 -0.00320000 -0.02400000
vn 0.00000000 0.00000000 -1.00000000
vn 0.00000000 -1.00000000 0.00710000
vn 0.99970000 -0.00320000 -0.02400000
vn 0.00000000 -1.00000000 0.00710000
vn 0.00000000 0.00000000 -1.00000000
vn 0.00000000 0.00000000 -1.00000000
vn 0.79300000 -0.60920000 -0.01030000
vn 0.99970000 -0.00320000 -0.02400000
vn 0.68120000 -0.73210000 -0.01120000
vn 0.90490000 -0.42550000 -0.00000000
vn -0.99980000 -0.00560000 -0.01900000
vn -0.65290000 -0.75740000 -0.01030000
vn -0.77940000 -0.62640000 -0.00970000
vn -0.90490000 -0.42560000 -0.00000000
vn -0.74240000 -0.66920000 -0.03120000
vn 0.00000000 -1.00000000 0.00710000
vn -0.99960000 -0.01270000 0.02410000
vn 0.00000000 -1.00000000 0.00710000
vn 0.00000000 -1.00000000 0.00710000
vn 0.99970000 -0.00320000 -0.02400000
vn 0.00000000 0.00000000 -1.00000000
vn 0.00000000 0.00000000 -1.00000000
vn 0.00000000 0.00000000 -1.00000000
vn -0.11560000 -0.99330000 -0.00000000
vn -0.00450000 -1.00000000 -0.00000000
vn 0.00000000 0.00000000 -1.00000000
vn -0.00000000 0.00000000 -1.00000000
vn 0.27070000 -0.96270000 -0.00000000
vn -0.00000000 0.00000000 -1.00000000
vn 0.12270000 -0.99240000 -0.00000000
vn -0.00450000 -1.00000000 -0.00000000
vn -0.00000000 -0.00000000 -1.00000000
vn -0.00610000 1.00000000 0.00000000
vn -0.00000000 -0.00000000 -1.00000000
vn -0.27310000 -0.96200000 -0.00000000
vn 0.00000000 0.00000000 -1.00000000
vn -0.11560000 -0.99330000 -0.00000000
vn -0.21710000 -0.97610000 -0.00000000
vn 0.00000000 0.00000000 -1.00000000
vn -0.00610000 1.00000000 0.00000000
vn -0.00000000 0.00000000 -1.00000000
vn 0.35570000 -0.93460000 -0.00000000
vn 0.35570000 -0.93460000 -0.00000000
vn -0.00000000 -0.00000000 -1.00000000
vn -0.00610000 1.00000000 0.00000000
vn -0.00000000 0.00000000 -1.00000000
vn -0.00000000 0.00000000 -1.00000000
vn 0.27070000 -0.96270000 -0.00000000
vn -0.00000000 0.00000000 -1.00000000
vn -0.00000000 0.00000000 -1.00000000
vn 0.00000000 0.00000000 -1.00000000
vn 0.00000000 0.00000000 -1.00000000
vn 0.12270000 -0.99240000 -0.00000000
vn 0.00000000 0.00000000 -1.00000000
vn 0.00000000 0.00000000 -1.00000000
vn -0.21710000 -0.97610000 -0.00000000
vn 0.00000000 0.00000000 -1.00000000
vn 0.00000000 0.00000000 -1.00000000
vn -0.00610000 1.00000000 0.00000000
vn 0.00000000 -0.00000000 -1.00000000
vn -0.27310000 -0.96200000 -0.00000000
vn 0.00000000 0.00000000 -1.00000000
vn -0.00180000 0.66690000 -0.74510000
vn 0.62600000 -0.00260000 -0.77980000
vn 0.61080000 -0.00120000 -0.79180000
vn -0.00070000 -0.63970000 -0.76870000
vn 0.43920000 -0.00150000 -0.89840000
vn -0.00090000 -0.46350000 -0.88610000
vn 1.00000000 -0.00770000 -0.00000000
vn -0.00190000 -1.00000000 -0.00000000
vn -0.00200000 0.49030000 -0.87160000
vn 1.00000000 -0.00770000 -0.00000000
vn 0.45650000 -0.00350000 -0.88970000
vn -0.00770000 1.00000000 -0.00000000
vn -0.00770000 1.00000000 -0.00000000
vn -0.00000000 -0.00000000 -1.00000000
vn 1.00000000 -0.00770000 -0.00000000
vn 1.00000000 -0.00770000 -0.00000000
vn -0.00000000 0.00000000 -1.00000000
vn -0.00190000 -1.00000000 -0.00000000
vn -0.00190000 -1.00000000 -0.00000000
vn -0.00000000 -0.00000000 -1.00000000
vn -1.00000000 -0.00980000 -0.00000000
vn -1.00000000 -0.00980000 -0.00000000
vn -0.00770000 1.00000000 -0.00000000
vn 0.00000000 -0.00000000 -1.00000000
vn -0.00190000 -1.00000000 -0.00000000
vn -1.00000000 -0.00980000 -0.00000000
vn -0.45710000 -0.00450000 -0.88940000
vn -0.00040000 -0.45830000 -0.88880000
vn -0.00770000 1.00000000 -0.00000000
vn -0.00360000 0.47090000 -0.88220000
vn -0.48100000 -0.00210000 -0.87670000
vn -1.00000000 -0.00980000 -0.00000000
vn 0.00000000 0.00000000 -1.00000000
vn 0.00000000 0.00000000 -1.00000000
vn 0.00000000 0.00000000 -1.00000000
vn -0.71450000 -0.00140000 -0.69960000
vn 0.00000000 0.00000000 -1.00000000
vn -0.00270000 0.70680000 -0.70740000
vn -0.00030000 -0.69230000 -0.72160000
vn -0.69430000 -0.00280000 -0.71970000
vn 0.00000000 0.00000000 -1.00000000
vn 0.00000000 0.00000000 -1.00000000
vn 0.00000000 0.00000000 -1.00000000
vn 0.00000000 -0.00000000 -1.00000000
vn -0.00000000 0.00000000 -1.00000000
vn 0.00000000 -0.00000000 -1.00000000
vn -0.00300000 0.64540000 -0.76390000
vn -0.65550000 -0.00160000 -0.75520000
vn 0.67270000 -0.00100000 -0.74000000
vn 0.00000000 0.00000000 -1.00000000
vn -0.00060000 -0.69680000 -0.71730000
vn -0.00170000 0.72310000 -0.69070000
vn 0.68820000 -0.00220000 -0.72550000
vn -0.00000000 0.00000000 -1.00000000
vn -0.63350000 -0.00330000 -0.77370000
vn -0.00030000 -0.63230000 -0.77470000
vn 0.00000000 0.00000000 -1.00000000
vn 0.00000000 0.00000000 -1.00000000
vn 0.00000000 0.00000000 -1.00000000
vn -0.11560000 -0.99330000 -0.00000000
vn 0.00000000 0.00000000 -1.00000000
vn -0.00450000 -1.00000000 -0.00000000
vn -0.00000000 0.00000000 -1.00000000
vn 0.27070000 -0.96270000 -0.00000000
vn 0.00000000 0.00000000 -1.00000000
vn 0.12270000 -0.99240000 -0.00000000
vn -0.00450000 -1.00000000 -0.00000000
vn -0.00000000 0.00000000 -1.00000000
vn -0.27310000 -0.96200000 -0.00000000
vn -0.00610000 1.00000000 0.00000000
vn -0.00000000 -0.00000000 -1.00000000
vn 0.00000000 0.00000000 -1.00000000
vn -0.11560000 -0.99330000 -0.00000000
vn -0.21710000 -0.97610000 -0.00000000
vn -0.00000000 -0.00000000 -1.00000000
vn -0.00610000 1.00000000 0.00000000
vn 0.35570000 -0.93460000 -0.00000000
vn -0.00000000 0.00000000 -1.00000000
vn -0.00000000 -0.00000000 -1.00000000
vn 0.35570000 -0.93460000 -0.00000000
vn -0.00610000 1.00000000 0.00000000
vn -0.00000000 0.00000000 -1.00000000
vn 0.00000000 0.00000000 -1.00000000
vn 0.27070000 -0.96270000 -0.00000000
vn -0.00000000 0.00000000 -1.00000000
vn 0.00000000 0.00000000 -1.00000000
vn -0.00000000 0.00000000 -1.00000000
vn -0.00000000 0.00000000 -1.00000000
vn 0.12270000 -0.99240000 -0.00000000
vn -0.00000000 0.00000000 -1.00000000
vn 0.00000000 0.00000000 -1.00000000
vn 0.00000000 0.00000000 -1.00000000
vn -0.21710000 -0.97610000 -0.00000000
vn 0.00000000 0.00000000 -1.00000000
vn -0.00610000 1.00000000 0.00000000
vn 0.00000000 -0.00000000 -1.00000000
vn -0.27310000 -0.96200000 -0.00000000
vn 0.00000000 0.00000000 -1.00000000
vn -0.00180000 0.66690000 -0.74510000
vn 0.62600000 -0.00260000 -0.77980000
vn -0.00070000 -0.63970000 -0.76870000
vn 0.61080000 -0.00120000 -0.79180000
vn 0.43920000 -0.00150000 -0.89840000
vn -0.00090000 -0.46350000 -0.88610000
vn 1.00000000 -0.00770000 -0.00000000
vn -0.00190000 -1.00000000 -0.00000000
vn 0.45650000 -0.00350000 -0.88970000
vn 1.00000000 -0.00770000 -0.00000000
vn -0.00200000 0.49030000 -0.87160000
vn -0.00770000 1.00000000 -0.00000000
vn 1.00000000 -0.00770000 -0.00000000
vn -0.00000000 -0.00000000 -1.00000000
vn -0.00770000 1.00000000 -0.00000000
vn -0.00190000 -1.00000000 -0.00000000
vn 1.00000000 -0.00770000 -0.00000000
vn -0.00000000 -0.00000000 -1.00000000
vn -1.00000000 -0.00980000 -0.00000000
vn -0.00000000 -0.00000000 -1.00000000
vn -0.00190000 -1.00000000 -0.00000000
vn 0.00000000 -0.00000000 -1.00000000
vn -0.00770000 1.00000000 -0.00000000
vn -1.00000000 -0.00980000 -0.00000000
vn -1.00000000 -0.00980000 -0.00000000
vn -0.00040000 -0.45830000 -0.88880000
vn -0.45710000 -0.00450000 -0.88940000
vn -0.00190000 -1.00000000 -0.00000000
vn -0.00360000 0.47090000 -0.88220000
vn -1.00000000 -0.00980000 -0.00000000
vn -0.00770000 1.00000000 -0.00000000
vn -0.48100000 -0.00210000 -0.87670000
vn 0.00000000 0.00000000 -1.00000000
vn 0.00000000 -0.00000000 -1.00000000
vn 0.00000000 -0.00000000 -1.00000000
vn -0.71450000 -0.00140000 -0.69960000
vn -0.00270000 0.70680000 -0.70740000
vn 0.00000000 0.00000000 -1.00000000
vn 0.00000000 0.00000000 -1.00000000
vn -0.69430000 -0.00280000 -0.71970000
vn -0.00030000 -0.69230000 -0.72160000
vn 0.00000000 0.00000000 -1.00000000
vn 0.00000000 -0.00000000 -1.00000000
vn 0.00000000 -0.00000000 -1.00000000
vn -0.00000000 0.00000000 -1.00000000
vn 0.00000000 -0.00000000 -1.00000000
vn -0.65550000 -0.00160000 -0.75520000
vn -0.00300000 0.64540000 -0.76390000
vn 0.67270000 -0.00100000 -0.74000000
vn 0.00000000 0.00000000 -1.00000000
vn -0.00060000 -0.69680000 -0.71730000
vn -0.00170000 0.72310000 -0.69070000
vn 0.68820000 -0.00220000 -0.72550000
vn -0.00000000 0.00000000 -1.00000000
vn -0.63350000 -0.00330000 -0.77370000
vn -0.00030000 -0.63230000 -0.77470000
vn -0.72710000 -0.00020000 0.68650000
vn 1.00000000 0.00000000 -0.00000000
vn -0.72660000 -0.00020000 0.68710000
vn 0.00000000 0.00000000 1.00000000
vn -0.73000000 -0.00000000 0.68340000
vn 0.00000000 0.00000000 1.00000000
vn 0.00000000 -1.00000000 -0.00000000
vn -0.73010000 0.00000000 0.68330000
vn 0.00000000 -1.00000000 -0.00000000
vn 1.00000000 0.00000000 -0.00000000
vn 0.66040000 0.00010000 0.75090000
vn 0.00000000 0.00000000 1.00000000
vn -1.00000000 0.00000000 -0.00000000
vn 0.66040000 0.00000000 0.75090000
vn 0.00000000 -1.00000000 -0.00000000
vn -1.00000000 0.00000000 -0.00000000
vn 0.65130000 0.00100000 0.75880000
vn -0.00000000 -1.00000000 0.00000000
vn 0.65080000 0.00100000 0.75930000
vn 0.00000000 0.00000000 1.00000000
vn -0.40380000 -0.91480000 0.00000000
vn -0.00000000 -0.00000000 1.00000000
vn 0.40310000 -0.91520000 -0.00000000
vn -0.00000000 0.00000000 1.00000000
vn -0.98750000 -0.15760000 0.00000000
vn -0.00000000 0.00000000 1.00000000
vn 0.00000000 0.00000000 1.00000000
vn -0.71400000 -0.70010000 0.00000000
vn 0.00000000 0.00000000 1.00000000
vn -0.96340000 -0.26810000 0.00000000
vn 0.00000000 0.00000000 1.00000000
vn -0.87350000 -0.48680000 0.00000000
vn 0.00000000 0.00000000 1.00000000
vn -0.50880000 -0.86090000 0.00000000
vn 0.00000000 -0.00000000 1.00000000
vn 0.86980000 -0.49340000 0.00000000
vn -0.00000000 0.00000000 1.00000000
vn 0.96710000 -0.25420000 0.00000000
vn -0.00000000 -0.00000000 1.00000000
vn 0.99170000 -0.12890000 0.00000000
vn 0.49340000 -0.86980000 0.00000000
vn 0.00000000 0.00000000 1.00000000
vn 0.69640000 -0.71760000 0.00000000
vn 0.69640000 -0.71760000 0.00000000
vn 0.00000000 0.00000000 1.00000000
vn 0.00000000 0.00000000 1.00000000
vn 0.66730000 0.00110000 0.74480000
vn -1.00000000 0.00000000 -0.00000000
vn 0.66730000 0.00090000 0.74480000
vn -0.00000000 0.00000000 1.00000000
vn 0.00000000 1.00000000 -0.00000000
vn -0.98750000 -0.15760000 0.00000000
vn -0.00000000 0.00000000 1.00000000
vn 0.00000000 1.00000000 -0.00000000
vn -0.00000000 1.00000000 -0.00000000
vn -0.00000000 0.00000000 1.00000000
vn 0.99170000 -0.12890000 0.00000000
vn 0.00000000 1.00000000 -0.00000000
vn -1.00000000 0.00440000 -0.00000000
vn 0.00000000 0.00000000 1.00000000
vn -1.00000000 0.00440000 -0.00000000
vn 0.00000000 0.00000000 1.00000000
vn 0.00000000 0.00000000 1.00000000
vn 0.00000000 0.00000000 1.00000000
vn 0.00000000 1.00000000 -0.00000000
vn 0.00000000 0.00000000 1.00000000
vn 1.00000000 0.00890000 -0.00000000
vn 0.00000000 1.00000000 -0.00000000
vn 1.00000000 0.00890000 -0.00000000
vn 0.00000000 0.00000000 1.00000000
vn -0.71330000 -0.00100000 0.70090000
vn 1.00000000 0.00000000 -0.00000000
vn 1.00000000 0.00000000 -0.00000000
vn -0.71230000 -0.00120000 0.70190000
vn 0.00000000 -0.00000000 1.00000000
vn 0.89040000 0.45510000 -0.00000000
vn 0.00000000 0.00000000 1.00000000
vn 0.78800000 -0.61570000 -0.00000000
vn 0.78800000 -0.61570000 -0.00000000
vn 0.92650000 0.37640000 -0.00000000
vn 0.00000000 0.00000000 1.00000000
vn 0.00000000 0.00000000 1.00000000
vn 0.92650000 0.37640000 -0.00000000
vn 0.77610000 -0.63060000 -0.00000000
vn 0.00000000 -1.00000000 -0.00000000
vn 0.99960000 -0.02800000 -0.00000000
vn 0.00000000 0.00000000 1.00000000
vn 0.00000000 0.00000000 1.00000000
vn 0.93760000 -0.34780000 -0.00000000
vn 0.00000000 -1.00000000 -0.00000000
vn 0.00000000 0.00000000 1.00000000
vn 1.00000000 0.00890000 -0.00000000
vn 0.38780000 -0.92170000 -0.00000000
vn 1.00000000 0.00890000 0.00000000
vn 0.00000000 0.00000000 1.00000000
vn 0.88110000 -0.47300000 -0.00000000
vn 0.00000000 0.00000000 1.00000000
vn 0.00000000 0.00000000 1.00000000
vn 0.64770000 -0.76190000 -0.00000000
vn -0.01850000 -0.99980000 -0.00000000
vn 0.91080000 -0.41270000 -0.00000000
vn 0.00000000 0.00000000 1.00000000
vn 0.74210000 -0.67030000 -0.00000000
vn 0.00000000 0.00000000 1.00000000
vn 0.89040000 0.45510000 -0.00000000
vn 0.74210000 -0.67030000 -0.00000000
vn -0.01850000 -0.99980000 -0.00000000
vn 0.00000000 0.00000000 1.00000000
vn 0.64770000 -0.76190000 -0.00000000
vn 0.00000000 0.00000000 1.00000000
vn 0.38780000 -0.92170000 -0.00000000
vn 0.00000000 0.00000000 1.00000000
vn 1.00000000 0.00890000 -0.00000000
vn 0.00000000 -1.00000000 -0.00000000
vn 0.00000000 0.00000000 1.00000000
vn 0.00000000 -1.00000000 -0.00000000
vn 0.00000000 0.00000000 1.00000000
vn 0.99960000 -0.02800000 -0.00000000
vn 0.00000000 0.00000000 1.00000000
vn 0.93760000 -0.34780000 -0.00000000
vn 0.78800000 -0.61570000 -0.00000000
vn 0.00000000 0.00000000 1.00000000
vn 0.92650000 0.37640000 -0.00000000
vn 0.77610000 -0.63060000 -0.00000000
vn 0.00000000 0.00000000 1.00000000
vn 0.92650000 0.37640000 -0.00000000
vn 0.78800000 -0.61570000 -0.00000000
vn 0.00000000 0.00000000 1.00000000
vn 0.89040000 0.45510000 -0.00000000
vn 0.74210000 -0.67030000 -0.00000000
vn 0.89040000 0.45510000 -0.00000000
vn 0.00000000 0.00000000 1.00000000
vn -0.01850000 -0.99980000 -0.00000000
vn 0.74210000 -0.67030000 -0.00000000
vn 0.00000000 0.00000000 1.00000000
vn 0.88110000 -0.47300000 -0.00000000
vn 0.00000000 0.00000000 1.00000000
vn -0.01850000 -0.99980000 -0.00000000
vn 0.91080000 -0.41270000 -0.00000000
vn 0.00000000 0.00000000 1.00000000
vn 0.00000000 0.00000000 1.00000000
vn -0.92410000 -0.38210000 -0.00000000
vn -0.92410000 -0.38210000 -0.00000000
vn 0.00000000 -1.00000000 -0.00000000
vn 0.00000000 0.00000000 1.00000000
vn -0.99940000 -0.03320000 -0.00000000
vn -0.56230000 -0.82690000 -0.00000000
vn 0.00000000 0.00000000 1.00000000
vn -0.95970000 0.28090000 -0.00000000
vn -0.42040000 -0.90730000 -0.00000000
vn 0.00000000 0.00000000 1.00000000
vn -0.42040000 -0.90730000 -0.00000000
vn -0.12850000 -0.99170000 -0.00000000
vn -1.00000000 0.00440000 -0.00000000
vn 0.00000000 0.00000000 1.00000000
vn -0.84030000 -0.54210000 -0.00000000
vn -0.84030000 -0.54210000 -0.00000000
vn 0.00000000 0.00000000 1.00000000
vn -0.79540000 -0.60610000 -0.00000000
vn 0.05120000 -0.99870000 -0.00000000
vn 0.00000000 0.00000000 1.00000000
vn 0.00000000 0.00000000 1.00000000
vn -0.89660000 -0.44290000 -0.00000000
vn -0.89660000 -0.44290000 -0.00000000
vn 0.05120000 -0.99870000 -0.00000000
vn 0.00000000 0.00000000 1.00000000
vn -0.82320000 -0.56770000 -0.00000000
vn -0.94420000 0.32940000 -0.00000000
vn 0.00000000 0.00000000 1.00000000
vn -0.79540000 -0.60610000 -0.00000000
vn -0.56230000 -0.82690000 -0.00000000
vn -0.94420000 0.32940000 -0.00000000
vn 0.00000000 0.00000000 1.00000000
vn -0.95970000 0.28090000 -0.00000000
vn 0.00000000 0.00000000 1.00000000
vn -0.73100000 -0.68240000 -0.00000000
vn -0.42040000 -0.90730000 -0.00000000
vn -0.42040000 -0.90730000 -0.00000000
vn 0.00000000 0.00000000 1.00000000
vn -0.12850000 -0.99170000 -0.00000000
vn 0.00000000 0.00000000 1.00000000
vn -1.00000000 0.00440000 0.00000000
vn 0.00000000 0.00000000 1.00000000
vn -1.00000000 0.00440000 -0.00000000
vn 0.00000000 -1.00000000 -0.00000000
vn -0.89660000 -0.44290000 -0.00000000
vn 0.00000000 0.00000000 1.00000000
vn -0.89660000 -0.44290000 -0.00000000
vn 0.00000000 -1.00000000 -0.00000000
vn -0.99940000 -0.03320000 -0.00000000
vn 0.00000000 0.00000000 1.00000000
vn -0.92410000 -0.38210000 -0.00000000
vn -0.92410000 -0.38210000 -0.00000000
vn 0.00000000 0.00000000 1.00000000
vn -0.73100000 -0.68240000 -0.00000000
vn -0.95970000 0.28090000 -0.00000000
vn 0.00000000 0.00000000 1.00000000
vn 0.00000000 0.00000000 1.00000000
vn -0.95970000 0.28090000 -0.00000000
vn -0.56230000 -0.82690000 -0.00000000
vn -0.94420000 0.32940000 -0.00000000
vn 0.00000000 0.00000000 1.00000000
vn -0.56230000 -0.82690000 -0.00000000
vn -0.94420000 0.32940000 -0.00000000
vn -0.79540000 -0.60610000 -0.00000000
vn 0.00000000 0.00000000 1.00000000
vn 0.00000000 0.00000000 1.00000000
vn 0.05120000 -0.99870000 -0.00000000
vn -0.79540000 -0.60610000 -0.00000000
vn 0.05120000 -0.99870000 -0.00000000
vn 0.00000000 0.00000000 1.00000000
vn -0.82320000 -0.56770000 -0.00000000
vn -0.84030000 -0.54210000 -0.00000000
vn 0.00000000 0.00000000 1.00000000
vn -0.84030000 -0.54210000 -0.00000000
vn 0.00000000 -1.00000000 -0.00000000
vn -1.00000000 0.00440000 0.00000000
vn 0.00000000 -0.00000000 1.00000000
vn -1.00000000 0.00440000 0.00000000
vn 0.00000000 0.00000000 1.00000000
vn 1.00000000 0.00890000 0.00000000
vn 0.00000000 -1.00000000 -0.00000000
vn 0.00000000 0.00000000 1.00000000
vn -0.00000000 -0.00000000 1.00000000
vn 0.00000000 -1.00000000 -0.00000000
vn -1.00000000 0.00440000 -0.00000000
vn 0.00000000 1.00000000 -0.00000000
vn 0.00000000 0.00000000 1.00000000
vn 0.00000000 0.00000000 1.00000000
vn 0.00000000 1.00000000 -0.00000000
vn 0.00000000 1.00000000 -0.00000000
vn 1.00000000 0.00890000 -0.00000000
vn 0.00000000 0.00000000 1.00000000
vn 0.00000000 0.00000000 1.00000000
vn 1.00000000 0.00890000 0.00000000
vn 0.66250000 -0.06800000 0.74590000
vn 0.00000000 0.00000000 1.00000000
vn -0.99560000 0.09360000 -0.00000000
vn 0.66900000 -0.06030000 0.74080000
vn 0.99610000 0.08870000 -0.00000000
vn -0.70590000 -0.06140000 0.70570000
vn 0.00000000 0.00000000 1.00000000
vn -0.69620000 -0.07410000 0.71400000
vn 0.00000000 1.00000000 -0.00000000
vn -0.00000000 0.00000000 1.00000000
vn 0.00000000 0.00000000 1.00000000
vn 0.00000000 1.00000000 -0.00000000
vn -0.98750000 -0.15760000 0.00000000
vn -0.00000000 1.00000000 -0.00000000
vn 0.99170000 -0.12890000 0.00000000
vn 0.00000000 0.00000000 1.00000000
vn 0.00000000 0.00000000 1.00000000
vn 0.99170000 -0.12890000 0.00000000
vn 0.96710000 -0.25420000 0.00000000
vn 0.00000000 0.00000000 1.00000000
vn 0.86980000 -0.49340000 0.00000000
vn 0.00000000 0.00000000 1.00000000
vn 0.69640000 -0.71760000 0.00000000
vn 0.00000000 0.00000000 1.00000000
vn 0.69640000 -0.71760000 0.00000000
vn 0.00000000 0.00000000 1.00000000
vn 0.49340000 -0.86980000 0.00000000
vn 0.40310000 -0.91520000 0.00000000
vn -0.40380000 -0.91480000 -0.00000000
vn 0.00000000 0.00000000 1.00000000
vn -0.50880000 -0.86090000 0.00000000
vn 0.00000000 0.00000000 1.00000000
vn -0.71400000 -0.70010000 0.00000000
vn 0.00000000 0.00000000 1.00000000
vn -0.87350000 -0.48680000 0.00000000
vn 0.00000000 0.00000000 1.00000000
vn -0.96340000 -0.26810000 0.00000000
vn 0.00000000 0.00000000 1.00000000
vn 0.00000000 0.00000000 1.00000000
vn -0.98750000 -0.15760000 0.00000000
vn 1.00000000 0.00000000 -0.00000000
vn 0.00000000 -1.00000000 -0.00000000
vn -0.00000000 -1.00000000 -0.00000000
vn -0.00000000 -1.00000000 0.00000000
vn 0.00000000 0.00000000 1.00000000
vn -1.00000000 0.00000000 -0.00000000
vn -0.00000000 -1.00000000 0.00000000
vn -1.00000000 0.00000000 -0.00000000
vn 1.00000000 0.00000000 -0.00000000
vn 1.00000000 0.00000000 -0.00000000
vn 0.99610000 0.08870000 -0.00000000
vn 0.35560000 0.93460000 -0.00000000
vn -0.00050000 1.00000000 -0.00000000
vn 0.00030000 -0.66260000 0.74900000
vn -0.00050000 1.00000000 -0.00000000
vn -0.23910000 -0.68380000 0.68940000
vn 0.35560000 0.93460000 -0.00000000
vn 0.57090000 0.82100000 -0.00000000
vn -0.40210000 -0.55310000 0.72970000
vn 0.57090000 0.82100000 -0.00000000
vn 0.76160000 0.64810000 -0.00000000
vn 0.76160000 0.64810000 -0.00000000
vn -0.51480000 -0.44110000 0.73510000
vn 0.89690000 0.44230000 -0.00000000
vn -0.68270000 -0.36660000 0.63210000
vn 0.89690000 0.44230000 -0.00000000
vn 0.96850000 0.24910000 -0.00000000
vn 0.96850000 0.24910000 -0.00000000
vn -0.67710000 -0.16180000 0.71790000
vn -0.33150000 0.94340000 -0.00000000
vn 0.21230000 -0.60930000 0.76400000
vn -0.33150000 0.94340000 -0.00000000
vn -0.49930000 0.86640000 -0.00000000
vn 0.34190000 -0.57260000 0.74510000
vn -0.49930000 0.86640000 -0.00000000
vn -0.68940000 0.72440000 -0.00000000
vn 0.44940000 -0.45360000 0.76960000
vn -0.68940000 0.72440000 -0.00000000
vn -0.84390000 0.53660000 -0.00000000
vn -0.84390000 0.53660000 -0.00000000
vn -0.84390000 0.53660000 -0.00000000
vn 0.51080000 -0.33140000 0.79320000
vn -0.84390000 0.53660000 -0.00000000
vn -0.94970000 0.31300000 -0.00000000
vn -0.99560000 0.09360000 -0.00000000
vn 0.60240000 -0.20380000 0.77180000
vn -0.94970000 0.31300000 -0.00000000
vn -1.00000000 0.00000000 -0.00000000
vn 1.00000000 0.00000000 -0.00000000
vn 0.00000000 0.00000000 1.00000000
vn -0.25000000 -0.68230000 0.68700000
vn 0.00000000 0.00000000 1.00000000
vn -0.39680000 -0.54860000 0.73590000
vn 0.01340000 -0.66010000 0.75110000
vn 0.00000000 0.00000000 1.00000000
vn 0.00000000 0.00000000 1.00000000
vn 0.58870000 -0.21430000 0.77940000
vn 0.50890000 -0.33310000 0.79380000
vn 0.00000000 0.00000000 1.00000000
vn 0.44410000 -0.46690000 0.76470000
vn 0.00000000 0.00000000 1.00000000
vn 0.31290000 -0.58120000 0.75120000
vn 0.00000000 0.00000000 1.00000000
vn 0.00000000 0.00000000 1.00000000
vn -0.52180000 -0.44700000 0.72660000
vn -0.69020000 -0.34680000 0.63510000
vn 0.00000000 0.00000000 1.00000000
vn -0.65580000 -0.15830000 0.73820000
vn 0.00000000 0.00000000 1.00000000
vn -0.68350000 -0.00000000 0.73000000
vn 0.00000000 -1.00000000 -0.00000000
vn -1.00000000 0.00000000 -0.00000000
vn -1.00000000 0.00000000 -0.00000000
vn -0.68710000 -0.00020000 0.72660000
vn 0.00000000 -0.00000000 -1.00000000
vn -0.68650000 -0.00020000 0.72710000
vn -0.68330000 0.00000000 0.73010000
vn 0.00000000 -1.00000000 -0.00000000
vn 0.00000000 -0.00000000 -1.00000000
vn -0.75880000 0.00100000 -0.65130000
vn 0.00000000 0.00000000 1.00000000
vn 0.00000000 -1.00000000 -0.00000000
vn -0.75090000 0.00000000 -0.66040000
vn 0.00000000 0.00000000 1.00000000
vn -1.00000000 0.00000000 -0.00000000
vn -0.75090000 0.00010000 -0.66040000
vn -0.75930000 0.00100000 -0.65080000
vn -1.00000000 0.00000000 -0.00000000
vn -0.00000000 -1.00000000 0.00000000
vn 0.00000000 -0.70010000 0.71400000
vn -1.00000000 0.00000000 -0.00000000
vn 0.00000000 -0.48680000 0.87350000
vn -1.00000000 0.00000000 -0.00000000
vn 0.00000000 -0.26810000 0.96340000
vn -1.00000000 0.00000000 -0.00000000
vn -1.00000000 0.00000000 -0.00000000
vn -1.00000000 0.00000000 0.00000000
vn 0.00000000 -0.15760000 0.98750000
vn -1.00000000 0.00000000 -0.00000000
vn 0.00000000 -0.91520000 -0.40310000
vn 0.00000000 -0.91480000 0.40380000
vn -1.00000000 0.00000000 -0.00000000
vn 0.00000000 -0.86090000 0.50880000
vn -1.00000000 0.00000000 -0.00000000
vn -0.00000000 -0.86980000 -0.49340000
vn -1.00000000 0.00000000 -0.00000000
vn -0.00000000 -0.49340000 -0.86980000
vn 0.00000000 -0.12890000 -0.99170000
vn -1.00000000 0.00000000 -0.00000000
vn -1.00000000 0.00000000 -0.00000000
vn -0.00000000 -0.25420000 -0.96710000
vn -0.00000000 -0.71760000 -0.69640000
vn -0.00000000 -0.71760000 -0.69640000
vn -1.00000000 0.00000000 -0.00000000
vn -0.74480000 0.00090000 -0.66730000
vn 0.00000000 -0.00000000 1.00000000
vn -0.74480000 0.00110000 -0.66730000
vn -1.00000000 0.00000000 -0.00000000
vn 0.00000000 1.00000000 -0.00000000
vn -1.00000000 0.00000000 0.00000000
vn 0.00000000 1.00000000 -0.00000000
vn -1.00000000 0.00000000 0.00000000
vn 0.00000000 -0.15760000 0.98750000
vn -1.00000000 0.00000000 -0.00000000
vn -0.00000000 -0.12890000 -0.99170000
vn 0.00000000 1.00000000 -0.00000000
vn -1.00000000 0.00000000 -0.00000000
vn 0.00000000 0.00440000 1.00000000
vn -1.00000000 0.00000000 -0.00000000
vn 0.00000000 0.00440000 1.00000000
vn 0.00000000 1.00000000 -0.00000000
vn -1.00000000 0.00000000 -0.00000000
vn 0.00000000 1.00000000 -0.00000000
vn -1.00000000 0.00000000 -0.00000000
vn -1.00000000 0.00000000 -0.00000000
vn 0.00000000 1.00000000 -0.00000000
vn 0.00000000 0.00890000 -1.00000000
vn 0.00000000 0.00890000 -1.00000000
vn -1.00000000 0.00000000 -0.00000000
vn 0.00000000 0.00000000 -1.00000000
vn 0.00000000 0.00000000 -1.00000000
vn -0.70090000 -0.00100000 0.71330000
vn -1.00000000 -0.00000000 -0.00000000
vn -0.70190000 -0.00120000 0.71230000
vn 0.00000000 -0.99980000 0.01850000
vn -1.00000000 0.00000000 -0.00000000
vn 0.00000000 -0.41270000 -0.91090000
vn -1.00000000 0.00000000 -0.00000000
vn 0.00000000 -0.47300000 -0.88110000
vn 0.00000000 -0.76190000 -0.64770000
vn -1.00000000 0.00000000 -0.00000000
vn -1.00000000 0.00000000 -0.00000000
vn 0.00000000 -1.00000000 -0.00000000
vn 0.00000000 0.00890000 -1.00000000
vn -1.00000000 0.00000000 -0.00000000
vn -0.00000000 0.00890000 -1.00000000
vn 0.00000000 -0.92170000 -0.38780000
vn 0.00000000 -0.02800000 -0.99960000
vn -1.00000000 0.00000000 -0.00000000
vn 0.00000000 -1.00000000 -0.00000000
vn 0.00000000 -0.34780000 -0.93760000
vn -1.00000000 0.00000000 -0.00000000
vn 0.00000000 -0.63060000 -0.77610000
vn -1.00000000 0.00000000 -0.00000000
vn 0.00000000 0.37640000 -0.92650000
vn -1.00000000 0.00000000 -0.00000000
vn 0.00000000 0.45510000 -0.89040000
vn 0.00000000 -0.61560000 -0.78800000
vn -1.00000000 0.00000000 -0.00000000
vn 0.00000000 0.37640000 -0.92650000
vn 0.00000000 -0.61560000 -0.78800000
vn -1.00000000 0.00000000 -0.00000000
vn 0.00000000 -0.99980000 0.01850000
vn 0.00000000 -0.67030000 -0.74210000
vn 0.00000000 -0.67030000 -0.74210000
vn 0.00000000 0.45510000 -0.89040000
vn -1.00000000 0.00000000 -0.00000000
vn -1.00000000 0.00000000 -0.00000000
vn 0.00000000 0.45510000 -0.89040000
vn 0.00000000 -0.67030000 -0.74210000
vn 0.00000000 -0.61560000 -0.78800000
vn 0.00000000 0.45510000 -0.89040000
vn -1.00000000 0.00000000 -0.00000000
vn -1.00000000 0.00000000 -0.00000000
vn 0.00000000 -0.61560000 -0.78800000
vn 0.00000000 0.37640000 -0.92650000
vn 0.00000000 -1.00000000 -0.00000000
vn -1.00000000 0.00000000 -0.00000000
vn 0.00000000 0.37640000 -0.92650000
vn 0.00000000 -0.63060000 -0.77610000
vn -1.00000000 0.00000000 -0.00000000
vn 0.00000000 -0.34780000 -0.93760000
vn -1.00000000 0.00000000 -0.00000000
vn -1.00000000 0.00000000 -0.00000000
vn 0.00000000 -0.02800000 -0.99960000
vn 0.00000000 -1.00000000 -0.00000000
vn 0.00000000 -0.67030000 -0.74210000
vn 0.00000000 -0.99980000 0.01850000
vn -1.00000000 0.00000000 -0.00000000
vn -1.00000000 0.00000000 -0.00000000
vn 0.00000000 -0.76190000 -0.64770000
vn 0.00000000 -0.92170000 -0.38780000
vn 0.00000000 0.00890000 -1.00000000
vn -1.00000000 0.00000000 -0.00000000
vn -1.00000000 0.00000000 -0.00000000
vn 0.00000000 -0.47300000 -0.88110000
vn 0.00000000 -0.41270000 -0.91090000
vn -1.00000000 0.00000000 -0.00000000
vn 0.00000000 -0.99980000 0.01850000
vn 0.00000000 0.28090000 0.95970000
vn -1.00000000 0.00000000 -0.00000000
vn 0.00000000 -0.82690000 0.56230000
vn 0.00000000 -0.82690000 0.56230000
vn -1.00000000 0.00000000 -0.00000000
vn 0.00000000 0.32940000 0.94420000
vn 0.00000000 0.32940000 0.94420000
vn 0.00000000 -0.60600000 0.79540000
vn -1.00000000 0.00000000 -0.00000000
vn 0.00000000 -0.99870000 -0.05120000
vn 0.00000000 -0.60600000 0.79540000
vn -1.00000000 0.00000000 -0.00000000
vn -1.00000000 0.00000000 -0.00000000
vn 0.00000000 -0.99870000 -0.05120000
vn 0.00000000 -0.56770000 0.82320000
vn 0.00000000 -0.44290000 0.89660000
vn -1.00000000 0.00000000 -0.00000000
vn 0.00000000 -0.44290000 0.89660000
vn 0.00000000 -0.54210000 0.84030000
vn 0.00000000 -0.54210000 0.84030000
vn -1.00000000 0.00000000 -0.00000000
vn -1.00000000 0.00000000 -0.00000000
vn 0.00000000 -0.90730000 0.42040000
vn 0.00000000 -0.90730000 0.42040000
vn -1.00000000 0.00000000 -0.00000000
vn 0.00000000 -0.99170000 0.12850000
vn 0.00000000 0.00440000 1.00000000
vn 0.00000000 -0.03320000 0.99940000
vn 0.00000000 -1.00000000 -0.00000000
vn -1.00000000 0.00000000 -0.00000000
vn 0.00000000 -0.38210000 0.92410000
vn -1.00000000 0.00000000 -0.00000000
vn 0.00000000 -0.38210000 0.92410000
vn 0.00000000 0.28090000 0.95970000
vn -1.00000000 0.00000000 -0.00000000
vn 0.00000000 -0.68230000 0.73100000
vn 0.00000000 -0.90730000 0.42040000
vn 0.00000000 -0.90730000 0.42040000
vn -1.00000000 0.00000000 0.00000000
vn 0.00000000 -0.54210000 0.84030000
vn 0.00000000 -0.54210000 0.84030000
vn -1.00000000 0.00000000 -0.00000000
vn 0.00000000 -0.44290000 0.89660000
vn -1.00000000 0.00000000 -0.00000000
vn 0.00000000 -0.44290000 0.89660000
vn -1.00000000 0.00000000 0.00000000
vn 0.00000000 -1.00000000 -0.00000000
vn 0.00000000 -0.03320000 0.99940000
vn -1.00000000 -0.00020000 0.00030000
vn 0.00000000 -0.99870000 -0.05120000
vn 0.00000000 -0.56770000 0.82320000
vn -1.00000000 0.00000000 -0.00000000
vn 0.00000000 -0.99870000 -0.05120000
vn 0.00000000 -0.60600000 0.79540000
vn 0.00000000 -0.60600000 0.79540000
vn 0.00000000 0.32940000 0.94420000
vn -1.00000000 0.00000000 -0.00000000
vn -1.00000000 -0.00000000 0.00000000
vn 0.00000000 -0.82690000 0.56230000
vn 0.00000000 0.32940000 0.94420000
vn 0.00000000 0.28090000 0.95970000
vn -1.00000000 0.00000000 -0.00000000
vn 0.00000000 -0.82690000 0.56230000
vn -1.00000000 0.00000000 -0.00000000
vn 0.00000000 0.28090000 0.95970000
vn 0.00000000 -0.68230000 0.73100000
vn 0.00000000 -0.38210000 0.92410000
vn -1.00000000 0.00000000 -0.00000000
vn 0.00000000 -0.38210000 0.92410000
vn -1.00000000 0.00000000 0.00000000
vn 0.00000000 0.00440000 1.00000000
vn 0.00000000 -1.00000000 -0.00000000
vn -1.00000000 0.00000000 -0.00000000
vn 0.00000000 0.00440000 1.00000000
vn 0.00000000 -0.99170000 0.12850000
vn 0.00000000 0.00440000 1.00000000
vn 0.00000000 -1.00000000 -0.00000000
vn -1.00000000 -0.00000000 -0.00000000
vn -1.00000000 0.00000000 -0.00000000
vn 0.00000000 0.00440000 1.00000000
vn 0.00000000 -1.00000000 -0.00000000
vn -1.00000000 0.00000000 -0.00000000
vn -0.00000000 0.00890000 -1.00000000
vn -1.00000000 -0.00000000 0.00000000
vn 0.00000000 -1.00000000 -0.00000000
vn 0.00000000 1.00000000 -0.00000000
vn 0.00000000 0.00440000 1.00000000
vn -1.00000000 0.00000000 -0.00000000
vn -1.00000000 0.00000000 -0.00000000
vn 0.00000000 1.00000000 -0.00000000
vn 0.00000000 0.00890000 -1.00000000
vn 0.00000000 1.00000000 -0.00000000
vn -1.00000000 0.00000000 -0.00000000
vn -1.00000000 0.00000000 -0.00000000
vn -0.00000000 0.00890000 -1.00000000
vn 0.00000000 0.09360000 0.99560000
vn -0.74080000 -0.06030000 -0.66900000
vn -0.74600000 -0.06800000 -0.66250000
vn -1.00000000 0.00000000 -0.00000000
vn -0.70570000 -0.06140000 0.70590000
vn 0.00000000 0.08870000 -0.99610000
vn -0.71400000 -0.07410000 0.69620000
vn -1.00000000 0.00000000 -0.00000000
vn 0.00000000 1.00000000 -0.00000000
vn -1.00000000 0.00000000 0.00000000
vn 0.00000000 1.00000000 -0.00000000
vn -1.00000000 0.00000000 -0.00000000
vn 0.00000000 -0.15760000 0.98750000
vn -1.00000000 0.00000000 -0.00000000
vn 0.00000000 1.00000000 -0.00000000
vn -0.00000000 -0.12890000 -0.99170000
vn -0.00000000 -0.12890000 -0.99170000
vn -1.00000000 0.00000000 -0.00000000
vn -1.00000000 0.00000000 -0.00000000
vn 0.00000000 -0.25420000 -0.96710000
vn -1.00000000 0.00000000 -0.00000000
vn -0.00000000 -0.49340000 -0.86980000
vn -0.00000000 -0.71760000 -0.69640000
vn -1.00000000 0.00000000 -0.00000000
vn -0.00000000 -0.71760000 -0.69640000
vn -0.00000000 -0.86980000 -0.49340000
vn -1.00000000 0.00000000 -0.00000000
vn 0.00000000 -0.91480000 0.40380000
vn -1.00000000 0.00000000 -0.00000000
vn -0.00000000 -0.91520000 -0.40310000
vn -1.00000000 0.00000000 -0.00000000
vn 0.00000000 -0.86090000 0.50880000
vn 0.00000000 -0.70010000 0.71400000
vn -1.00000000 0.00000000 -0.00000000
vn 0.00000000 -0.48680000 0.87350000
vn -1.00000000 0.00000000 -0.00000000
vn 0.00000000 -0.26810000 0.96340000
vn -1.00000000 0.00000000 -0.00000000
vn -1.00000000 0.00000000 -0.00000000
vn 0.00000000 -0.15760000 0.98750000
vn 0.00000000 -1.00000000 -0.00000000
vn 0.00000000 -0.00000000 -1.00000000
vn 0.00000000 -1.00000000 0.00000000
vn -1.00000000 0.00000000 -0.00000000
vn -0.00000000 -1.00000000 0.00000000
vn -0.00000000 -1.00000000 0.00000000
vn 0.00000000 0.00000000 1.00000000
vn 0.00000000 0.00000000 1.00000000
vn 0.00000000 0.08870000 -0.99610000
vn 0.00000000 0.00000000 -1.00000000
vn 0.00000000 0.00000000 -1.00000000
vn 0.00000000 1.00000000 0.00050000
vn -0.74900000 -0.66260000 -0.00030000
vn 0.00000000 1.00000000 0.00050000
vn 0.00000000 0.93460000 -0.35560000
vn 0.00000000 0.93460000 -0.35560000
vn -0.68940000 -0.68380000 0.23910000
vn 0.00000000 0.82100000 -0.57090000
vn 0.00000000 0.82100000 -0.57090000
vn -0.72970000 -0.55310000 0.40210000
vn 0.00000000 0.64810000 -0.76160000
vn 0.00000000 0.64810000 -0.76160000
vn -0.73510000 -0.44110000 0.51480000
vn 0.00000000 0.44230000 -0.89680000
vn -0.63210000 -0.36660000 0.68270000
vn 0.00000000 0.44230000 -0.89680000
vn 0.00000000 0.24910000 -0.96850000
vn -0.71790000 -0.16180000 0.67710000
vn 0.00000000 0.24910000 -0.96850000
vn -0.76400000 -0.60930000 -0.21230000
vn 0.00000000 0.94340000 0.33150000
vn 0.00000000 0.94340000 0.33150000
vn 0.00000000 0.86640000 0.49930000
vn -0.74510000 -0.57260000 -0.34190000
vn 0.00000000 0.86640000 0.49930000
vn 0.00000000 0.72440000 0.68940000
vn -0.76960000 -0.45360000 -0.44940000
vn 0.00000000 0.72440000 0.68940000
vn -0.79320000 -0.33140000 -0.51080000
vn 0.00000000 0.53660000 0.84390000
vn 0.00000000 0.53660000 0.84390000
vn 0.00000000 0.53660000 0.84390000
vn 0.00000000 0.53660000 0.84390000
vn 0.00000000 0.09360000 0.99560000
vn 0.00000000 0.31300000 0.94970000
vn -0.77180000 -0.20380000 -0.60240000
vn 0.00000000 0.31300000 0.94970000
vn 0.00000000 -0.00000000 1.00000000
vn 0.00000000 -0.00000000 -1.00000000
vn -0.68700000 -0.68230000 0.25000000
vn -1.00000000 0.00000000 -0.00000000
vn -0.73590000 -0.54860000 0.39680000
vn -1.00000000 0.00000000 -0.00000000
vn -0.75110000 -0.66010000 -0.01340000
vn -1.00000000 0.00000000 -0.00000000
vn -0.77940000 -0.21430000 -0.58870000
vn -1.00000000 0.00000000 -0.00000000
vn -1.00000000 0.00000000 -0.00000000
vn -0.79380000 -0.33310000 -0.50890000
vn -1.00000000 0.00000000 -0.00000000
vn -0.76470000 -0.46690000 -0.44410000
vn -0.75120000 -0.58120000 -0.31290000
vn -1.00000000 0.00000000 -0.00000000
vn -1.00000000 0.00000000 -0.00000000
vn -0.72650000 -0.44700000 0.52180000
vn -1.00000000 0.00000000 -0.00000000
vn -0.63510000 -0.34680000 0.69020000
vn -1.00000000 0.00000000 -0.00000000
vn -0.73820000 -0.15830000 0.65580000
vt 0.90680000 0.96280000
vt 0.90680000 0.96280000
vt 0.90680000 0.96280000
vt 0.01860000 0.48210000
vt 0.93000000 0.98640000
vt 0.93000000 0.98640000
vt 0.93000000 0.98640000
vt 0.70370000 0.98640000
vt 0.70370000 0.98640000
vt 0.70360000 0.96150000
vt 0.70360000 0.96150000
vt 0.55640000 0.94830000
vt 0.50590000 0.94670000
vt 0.84740000 0.89420000
vt 0.50590000 0.58630000
vt 0.84570000 0.44740000
vt 0.55640000 0.43510000
vt 0.01860000 0.00220000
vt 0.01860000 0.41740000
vt 0.90430000 0.42900000
vt 0.58790000 0.86870000
vt 0.58790000 0.86870000
vt 0.58790000 0.86870000
vt 0.58590000 0.87380000
vt 0.58590000 0.87380000
vt 0.58410000 0.87640000
vt 0.58410000 0.87640000
vt 0.58410000 0.87640000
vt 0.57790000 0.86640000
vt 0.57790000 0.86640000
vt 0.52610000 0.60680000
vt 0.55970000 0.89420000
vt 0.52610000 1.01140000
vt 0.55970000 0.83850000
vt 0.52610000 0.94750000
vt 0.55970000 0.83850000
vt 0.56520000 0.84080000
vt 0.56520000 0.84080000
vt 0.56900000 0.85900000
vt 0.56900000 0.85900000
vt 0.56870000 0.84720000
vt 0.56870000 0.84720000
vt 0.57250000 0.86510000
vt 0.57250000 0.86510000
vt 0.57250000 0.86510000
vt 0.58390000 0.86310000
vt 0.58390000 0.86310000
vt 0.58390000 0.86310000
vt 0.58840000 0.88000000
vt 0.58840000 0.88000000
vt 0.58840000 0.88000000
vt 0.58640000 0.88870000
vt 0.58640000 0.88870000
vt 0.58610000 0.89420000
vt 0.58610000 0.89420000
vt 0.52610000 0.63810000
vt 0.82310000 0.87450000
vt 0.82310000 0.87450000
vt 0.82310000 0.87450000
vt 0.82490000 0.87620000
vt 0.82490000 0.87620000
vt 0.82490000 0.87620000
vt 0.82260000 0.87940000
vt 0.82260000 0.87940000
vt 0.82320000 0.86840000
vt 0.82320000 0.86840000
vt 0.82320000 0.86840000
vt 0.82310000 0.88520000
vt 0.82310000 0.88520000
vt 0.82440000 0.88770000
vt 0.82440000 0.88770000
vt 0.82440000 0.88770000
vt 0.82240000 0.89130000
vt 0.82240000 0.89130000
vt 0.55640000 0.91710000
vt 0.82240000 0.89420000
vt 0.82240000 0.89420000
vt 0.70430000 0.89420000
vt 0.55640000 0.77760000
vt 0.82790000 0.86620000
vt 0.82790000 0.86620000
vt 0.82790000 0.86620000
vt 0.55640000 0.75520000
vt 0.70270000 0.44740000
vt 0.55640000 0.58630000
vt 0.50590000 0.43510000
vt 0.84570000 0.44740000
vt 0.84270000 0.84420000
vt 0.84270000 0.84420000
vt 0.84720000 0.83730000
vt 0.50590000 0.88300000
vt 0.84720000 0.83730000
vt 0.83930000 0.85580000
vt 0.83930000 0.85580000
vt 0.83650000 0.86540000
vt 0.83650000 0.86540000
vt 0.83210000 0.86830000
vt 0.83210000 0.86830000
vt 0.83210000 0.86830000
vt 0.82440000 0.88770000
vt 0.82440000 0.88770000
vt 0.82440000 0.88770000
vt 0.82310000 0.88520000
vt 0.82310000 0.88520000
vt 0.82260000 0.87940000
vt 0.82260000 0.87940000
vt 0.53620000 0.94830000
vt 0.52610000 0.94670000
vt 0.84740000 0.89420000
vt 0.82490000 0.87620000
vt 0.82490000 0.87620000
vt 0.82490000 0.87620000
vt 0.82240000 0.89130000
vt 0.82240000 0.89130000
vt 0.82240000 0.89420000
vt 0.82240000 0.89420000
vt 0.52610000 0.91710000
vt 0.82310000 0.87450000
vt 0.82310000 0.87450000
vt 0.82310000 0.87450000
vt 0.82320000 0.86840000
vt 0.82320000 0.86840000
vt 0.82320000 0.86840000
vt 0.82790000 0.86620000
vt 0.82790000 0.86620000
vt 0.82790000 0.86620000
vt 0.83930000 0.85580000
vt 0.83930000 0.85580000
vt 0.84270000 0.84420000
vt 0.84270000 0.84420000
vt 0.84720000 0.83730000
vt 0.53620000 0.88300000
vt 0.84720000 0.83730000
vt 0.83650000 0.86540000
vt 0.83650000 0.86540000
vt 0.83210000 0.86830000
vt 0.83210000 0.86830000
vt 0.83210000 0.86830000
vt 0.50590000 0.77760000
vt 0.70430000 0.89420000
vt 0.50590000 1.01140000
vt 0.50590000 0.60680000
vt 0.55970000 0.89420000
vt 0.50590000 0.92410000
vt 0.55970000 0.44740000
vt 0.50590000 0.49820000
vt 0.55640000 0.94750000
vt 0.55970000 0.83850000
vt 0.55970000 0.83850000
vt 0.56520000 0.84080000
vt 0.56520000 0.84080000
vt 0.55640000 0.92410000
vt 0.55640000 0.49820000
vt 0.55970000 0.44740000
vt 0.70270000 0.44740000
vt 0.50590000 0.75520000
vt 0.58640000 0.88870000
vt 0.58640000 0.88870000
vt 0.58610000 0.89420000
vt 0.58610000 0.89420000
vt 0.55640000 0.63810000
vt 0.58840000 0.88000000
vt 0.58840000 0.88000000
vt 0.58840000 0.88000000
vt 0.58410000 0.87640000
vt 0.58410000 0.87640000
vt 0.58410000 0.87640000
vt 0.58590000 0.87380000
vt 0.58590000 0.87380000
vt 0.58790000 0.86870000
vt 0.58790000 0.86870000
vt 0.58790000 0.86870000
vt 0.58390000 0.86310000
vt 0.58390000 0.86310000
vt 0.58390000 0.86310000
vt 0.57790000 0.86640000
vt 0.57790000 0.86640000
vt 0.57250000 0.86510000
vt 0.57250000 0.86510000
vt 0.57250000 0.86510000
vt 0.56900000 0.85900000
vt 0.56900000 0.85900000
vt 0.56870000 0.84720000
vt 0.56870000 0.84720000
vt 0.70370000 0.99640000
vt 0.92820000 0.99640000
vt 0.46590000 0.99640000
vt 0.47500000 0.98640000
vt 0.93000000 0.98640000
vt 0.47500000 0.98640000
vt 0.49880000 0.96030000
vt 0.49880000 0.96030000
vt 0.90680000 0.96280000
vt 0.02800000 0.01010000
vt 0.70240000 0.42900000
vt 0.02160000 0.23070000
vt 0.02450000 0.48770000
vt 0.02450000 0.04410000
vt 0.50050000 0.42900000
vt 0.93980000 0.99640000
vt 0.81680000 0.98640000
vt 0.06860000 0.01070000
vt 0.80520000 0.96210000
vt 0.81600000 0.99640000
vt 0.05910000 0.48270000
vt 0.80520000 0.96210000
vt 0.81680000 0.98640000
vt 0.81600000 0.99640000
vt 0.92820000 0.99640000
vt 0.05920000 0.41790000
vt 0.05920000 0.00280000
vt 0.06210000 0.23130000
vt 0.06510000 0.04460000
vt 0.06510000 0.48830000
vt 0.66410000 0.41550000
vt 0.60680000 0.40940000
vt 0.63940000 0.36400000
vt 0.44080000 0.24260000
vt 0.44080000 0.26890000
vt 0.67190000 0.36640000
vt 0.76940000 0.35350000
vt 0.47260000 0.34870000
vt 0.71950000 0.36330000
vt 0.47260000 0.30760000
vt 0.47260000 0.26890000
vt 0.67190000 0.36640000
vt 0.47260000 0.57810000
vt 0.54880000 0.34290000
vt 0.47260000 0.16720000
vt 0.63940000 0.36400000
vt 0.47260000 0.24260000
vt 0.47260000 0.20370000
vt 0.59210000 0.35590000
vt 0.47260000 0.37510000
vt 0.79970000 0.34130000
vt 0.47260000 0.37510000
vt 0.44080000 0.37510000
vt 0.79970000 0.34130000
vt 0.44080000 0.37510000
vt 0.84810000 0.38610000
vt 0.81740000 0.38590000
vt 0.44080000 0.34870000
vt 0.76940000 0.35350000
vt 0.78160000 0.39840000
vt 0.73760000 0.40940000
vt 0.71950000 0.36330000
vt 0.44080000 0.30760000
vt 0.68960000 0.41550000
vt 0.56510000 0.39910000
vt 0.44080000 0.20370000
vt 0.59210000 0.35590000
vt 0.53660000 0.38810000
vt 0.44080000 0.57810000
vt 0.54880000 0.34290000
vt 0.44080000 0.16720000
vt 0.49370000 0.38900000
vt 0.82310000 0.02840000
vt 0.82310000 0.02840000
vt 0.82230000 0.31180000
vt 0.82230000 0.31180000
vt 0.80000000 0.28980000
vt 0.80000000 0.28980000
vt 0.44080000 0.08800000
vt 0.44080000 0.28930000
vt 0.80180000 0.04890000
vt 0.44080000 0.28300000
vt 0.80180000 0.04890000
vt 0.44080000 0.08010000
vt 0.47260000 0.08010000
vt 0.80180000 0.04890000
vt 0.47260000 0.28300000
vt 0.47260000 0.08800000
vt 0.80000000 0.28980000
vt 0.47260000 0.28930000
vt 0.47260000 0.08170000
vt 0.54340000 0.28930000
vt 0.47260000 0.28190000
vt 0.47260000 0.08910000
vt 0.47260000 0.29090000
vt 0.54120000 0.05100000
vt 0.44080000 0.08170000
vt 0.44080000 0.28190000
vt 0.54340000 0.28930000
vt 0.54340000 0.28930000
vt 0.44080000 0.29090000
vt 0.54120000 0.05100000
vt 0.54120000 0.05100000
vt 0.44080000 0.08910000
vt 0.50150000 0.00830000
vt 0.50120000 0.00800000
vt 0.50150000 0.00800000
vt 0.51140000 0.01900000
vt 0.51140000 0.01900000
vt 0.51140000 0.01900000
vt 0.51200000 0.32270000
vt 0.51200000 0.32270000
vt 0.51200000 0.32270000
vt 0.50150000 0.33380000
vt 0.49370000 0.00000000
vt 0.84810000 0.00000000
vt 0.84450000 0.00800000
vt 0.84450000 0.33380000
vt 0.52130000 0.02970000
vt 0.52130000 0.02970000
vt 0.83340000 0.32280000
vt 0.83340000 0.32280000
vt 0.83340000 0.32280000
vt 0.83380000 0.01820000
vt 0.83380000 0.01820000
vt 0.83380000 0.01820000
vt 0.52240000 0.31150000
vt 0.52240000 0.31150000
vt 0.66410000 0.41550000
vt 0.60680000 0.40940000
vt 0.63940000 0.36400000
vt 0.44080000 0.24260000
vt 0.67190000 0.36640000
vt 0.44080000 0.26890000
vt 0.76940000 0.35350000
vt 0.47260000 0.34870000
vt 0.71950000 0.36330000
vt 0.47260000 0.30760000
vt 0.47260000 0.26890000
vt 0.67190000 0.36640000
vt 0.47260000 0.16720000
vt 0.47260000 0.57810000
vt 0.54880000 0.34290000
vt 0.63940000 0.36400000
vt 0.47260000 0.24260000
vt 0.47260000 0.20370000
vt 0.59210000 0.35590000
vt 0.47260000 0.37510000
vt 0.47260000 0.37510000
vt 0.79970000 0.34130000
vt 0.79970000 0.34130000
vt 0.44080000 0.37510000
vt 0.44080000 0.37510000
vt 0.84810000 0.38610000
vt 0.81740000 0.38590000
vt 0.44080000 0.34870000
vt 0.76940000 0.35350000
vt 0.78160000 0.39840000
vt 0.73760000 0.40940000
vt 0.71950000 0.36330000
vt 0.44080000 0.30760000
vt 0.68960000 0.41550000
vt 0.56510000 0.39910000
vt 0.59210000 0.35590000
vt 0.44080000 0.20370000
vt 0.53660000 0.38810000
vt 0.44080000 0.57810000
vt 0.54880000 0.34290000
vt 0.44080000 0.16720000
vt 0.49370000 0.38900000
vt 0.82310000 0.02840000
vt 0.82310000 0.02840000
vt 0.82230000 0.31180000
vt 0.82230000 0.31180000
vt 0.80000000 0.28980000
vt 0.80000000 0.28980000
vt 0.44080000 0.08800000
vt 0.44080000 0.28930000
vt 0.80180000 0.04890000
vt 0.44080000 0.28300000
vt 0.80180000 0.04890000
vt 0.44080000 0.08010000
vt 0.47260000 0.28300000
vt 0.80180000 0.04890000
vt 0.47260000 0.08010000
vt 0.47260000 0.28930000
vt 0.47260000 0.08800000
vt 0.80000000 0.28980000
vt 0.47260000 0.28190000
vt 0.54340000 0.28930000
vt 0.47260000 0.08170000
vt 0.54120000 0.05100000
vt 0.47260000 0.29090000
vt 0.47260000 0.08910000
vt 0.44080000 0.28190000
vt 0.54340000 0.28930000
vt 0.54340000 0.28930000
vt 0.44080000 0.08170000
vt 0.54120000 0.05100000
vt 0.44080000 0.08910000
vt 0.44080000 0.29090000
vt 0.54120000 0.05100000
vt 0.50150000 0.00830000
vt 0.50120000 0.00800000
vt 0.50150000 0.00800000
vt 0.51140000 0.01900000
vt 0.51140000 0.01900000
vt 0.51140000 0.01900000
vt 0.51200000 0.32270000
vt 0.51200000 0.32270000
vt 0.51200000 0.32270000
vt 0.50150000 0.33380000
vt 0.49370000 0.00000000
vt 0.84810000 0.00000000
vt 0.84450000 0.00800000
vt 0.84450000 0.33380000
vt 0.52130000 0.02970000
vt 0.52130000 0.02970000
vt 0.83340000 0.32280000
vt 0.83340000 0.32280000
vt 0.83340000 0.32280000
vt 0.83380000 0.01820000
vt 0.83380000 0.01820000
vt 0.83380000 0.01820000
vt 0.52240000 0.31150000
vt 0.52240000 0.31150000
vt -0.00000000 0.33610000
vt 0.06360000 0.38760000
vt 0.01750000 0.33610000
vt 0.01750000 0.33610000
vt 0.01740000 -0.00000000
vt 0.01740000 -0.00000000
vt 0.06360000 0.53080000
vt 0.00000000 0.00000000
vt 0.06360000 0.54970000
vt 0.06360000 0.00830000
vt 0.47150000 0.33610000
vt 0.47150000 0.33610000
vt 0.06360000 0.41570000
vt 0.49260000 0.33610000
vt 0.06360000 0.01230000
vt 0.06360000 0.70820000
vt 0.49260000 0.00000000
vt 0.06360000 0.03600000
vt 0.47090000 0.00000000
vt 0.47090000 0.00000000
vt 0.06860000 0.64380000
vt 0.24930000 0.85850000
vt 0.06860000 0.64380000
vt 0.24930000 0.67220000
vt 0.06860000 0.44940000
vt 0.08630000 0.67220000
vt 0.14950000 0.80170000
vt 0.06860000 0.56080000
vt 0.09140000 0.70330000
vt 0.06860000 0.47610000
vt 0.11180000 0.75190000
vt 0.06860000 0.51800000
vt 0.19500000 0.83530000
vt 0.06860000 0.59870000
vt 0.38610000 0.75250000
vt 0.06860000 0.06500000
vt 0.40530000 0.70680000
vt 0.06860000 0.10440000
vt 0.40990000 0.67220000
vt 0.06860000 0.13410000
vt 0.06860000 0.67890000
vt 0.29150000 0.84060000
vt 0.06860000 0.72520000
vt 0.06860000 0.02220000
vt 0.34720000 0.80230000
vt 0.47180000 0.57110000
vt 0.47180000 0.57110000
vt 0.06360000 0.21130000
vt 0.49260000 0.57110000
vt 0.24930000 0.64880000
vt 0.06860000 0.29050000
vt 0.06860000 0.42930000
vt 0.08240000 0.64880000
vt 0.06860000 0.42930000
vt 0.06860000 0.15420000
vt 0.41310000 0.64880000
vt 0.06860000 0.15420000
vt 0.15110000 0.01900000
vt 0.06100000 0.02410000
vt 0.08150000 0.02090000
vt 0.06100000 0.33530000
vt 0.08000000 0.33610000
vt 0.24930000 0.33610000
vt 0.24930000 0.02090000
vt 0.25540000 0.01900000
vt 0.41230000 0.02090000
vt 0.43500000 0.02120000
vt 0.35660000 0.01900000
vt 0.43500000 0.33710000
vt 0.41520000 0.33610000
vt -0.00000000 0.57110000
vt 0.06360000 0.00070000
vt 0.06360000 0.65270000
vt 0.01830000 0.57110000
vt 0.01830000 0.57110000
vt 0.06110000 0.31600000
vt 0.38390000 0.54470000
vt 0.06110000 0.31600000
vt 0.06110000 0.32950000
vt 0.06110000 0.32950000
vt 0.37940000 0.55030000
vt 0.38180000 0.55590000
vt 0.06110000 0.34100000
vt 0.06110000 0.34100000
vt 0.45440000 0.47190000
vt 0.06110000 0.37160000
vt 0.37910000 0.57110000
vt 0.37940000 0.55870000
vt 0.06110000 0.34780000
vt 0.45440000 0.52070000
vt 0.41730000 0.57110000
vt 0.45530000 0.57260000
vt 0.06110000 0.19890000
vt 0.45530000 0.50640000
vt 0.41670000 0.50510000
vt 0.06110000 0.24400000
vt 0.39980000 0.52050000
vt 0.40730000 0.50890000
vt 0.06110000 0.21770000
vt 0.06110000 0.26740000
vt 0.06110000 0.26740000
vt 0.39450000 0.53170000
vt 0.06110000 0.29920000
vt 0.37980000 0.53690000
vt 0.06110000 0.29920000
vt 0.06110000 0.28530000
vt 0.06110000 0.28530000
vt 0.38480000 0.53150000
vt 0.02240000 0.21770000
vt 0.40730000 0.50890000
vt 0.02240000 0.19890000
vt 0.41670000 0.50510000
vt 0.43500000 0.50640000
vt 0.48120000 0.30620000
vt 0.24930000 0.57110000
vt 0.48120000 0.47190000
vt 0.37910000 0.57110000
vt 0.02240000 0.37160000
vt 0.37940000 0.55870000
vt 0.02240000 0.34780000
vt 0.02240000 0.32950000
vt 0.37940000 0.55030000
vt 0.02240000 0.32950000
vt 0.02240000 0.34100000
vt 0.38180000 0.55590000
vt 0.02240000 0.34100000
vt 0.02240000 0.31600000
vt 0.38390000 0.54470000
vt 0.02240000 0.31600000
vt 0.02240000 0.29920000
vt 0.02240000 0.29920000
vt 0.37980000 0.53690000
vt 0.02240000 0.28530000
vt 0.02240000 0.28530000
vt 0.38480000 0.53150000
vt 0.02240000 0.24400000
vt 0.39980000 0.52050000
vt 0.02240000 0.26740000
vt 0.02240000 0.26740000
vt 0.39450000 0.53170000
vt 0.11610000 0.56040000
vt 0.06110000 0.36320000
vt 0.06110000 0.34940000
vt 0.48120000 0.13660000
vt 0.11650000 0.57110000
vt 0.06110000 0.37000000
vt 0.06110000 0.36480000
vt 0.11570000 0.55040000
vt 0.06110000 0.35240000
vt 0.06110000 0.36370000
vt 0.08350000 0.50500000
vt 0.06110000 0.34940000
vt 0.06110000 0.35570000
vt 0.06100000 0.50150000
vt 0.07930000 0.50450000
vt 0.06110000 0.34590000
vt 0.06110000 0.37000000
vt 0.09180000 0.51230000
vt 0.06110000 0.35520000
vt 0.02240000 0.35310000
vt 0.11100000 0.53600000
vt 0.09640000 0.52600000
vt 0.06110000 0.34780000
vt 0.06110000 0.37340000
vt 0.02240000 0.36630000
vt 0.10380000 0.53640000
vt 0.06110000 0.37160000
vt 0.06110000 0.35200000
vt 0.11390000 0.53970000
vt 0.06110000 0.36420000
vt 0.06110000 0.35460000
vt 0.06110000 0.36740000
vt 0.11110000 0.54740000
vt 0.06110000 0.36700000
vt 0.11350000 0.55770000
vt 0.06110000 0.35620000
vt 0.02240000 0.36370000
vt 0.02240000 0.34940000
vt 0.08350000 0.50500000
vt 0.02240000 0.35570000
vt 0.07930000 0.50450000
vt 0.04100000 0.50150000
vt 0.07890000 0.57110000
vt 0.04100000 0.56720000
vt 0.45440000 0.08870000
vt 0.02240000 0.34780000
vt 0.09640000 0.52600000
vt 0.02240000 0.37340000
vt 0.45440000 0.13660000
vt 0.02240000 0.37000000
vt 0.11650000 0.57110000
vt 0.02240000 0.34940000
vt 0.02240000 0.36320000
vt 0.11610000 0.56040000
vt 0.02240000 0.35620000
vt 0.02240000 0.36700000
vt 0.11350000 0.55770000
vt 0.11570000 0.55040000
vt 0.02240000 0.35240000
vt 0.02240000 0.36480000
vt 0.02240000 0.36740000
vt 0.11110000 0.54740000
vt 0.02240000 0.35460000
vt 0.02240000 0.35200000
vt 0.02240000 0.36420000
vt 0.11390000 0.53970000
vt 0.11100000 0.53600000
vt 0.06110000 0.35310000
vt 0.02240000 0.35520000
vt 0.06110000 0.36630000
vt 0.10380000 0.53640000
vt 0.02240000 0.37160000
vt 0.02240000 0.37000000
vt 0.09180000 0.51230000
vt 0.02240000 0.34590000
vt 0.43450000 0.08870000
vt 0.02610000 0.56720000
vt 0.07890000 0.57110000
vt 0.02610000 0.33530000
vt 0.08000000 0.33610000
vt 0.47040000 0.57260000
vt 0.43450000 0.52070000
vt 0.41730000 0.57110000
vt 0.24930000 0.57110000
vt 0.43450000 0.30620000
vt 0.02610000 0.02410000
vt 0.15110000 0.00370000
vt 0.08150000 0.02090000
vt 0.24930000 0.02090000
vt 0.25540000 0.00370000
vt 0.35660000 0.00370000
vt 0.47040000 0.02120000
vt 0.41230000 0.02090000
vt 0.41520000 0.33610000
vt 0.47040000 0.33710000
vt 0.47200000 0.67220000
vt 0.47200000 0.67220000
vt 0.06360000 0.12330000
vt 0.49260000 0.67220000
vt 0.06360000 0.11490000
vt -0.00000000 0.67220000
vt 0.01860000 0.67220000
vt 0.01860000 0.67220000
vt 0.02820000 0.29050000
vt 0.24930000 0.64880000
vt 0.08240000 0.64880000
vt 0.02820000 0.42930000
vt 0.02820000 0.42930000
vt 0.02820000 0.15420000
vt 0.02820000 0.15420000
vt 0.41310000 0.64880000
vt 0.40990000 0.67220000
vt 0.02820000 0.13410000
vt 0.02820000 0.10440000
vt 0.40530000 0.70680000
vt 0.02820000 0.06500000
vt 0.38610000 0.75250000
vt 0.02820000 0.02220000
vt 0.34720000 0.80230000
vt 0.02820000 0.72520000
vt 0.29150000 0.84060000
vt 0.02820000 0.67890000
vt 0.02820000 0.64380000
vt 0.02820000 0.64380000
vt 0.24930000 0.85850000
vt 0.02820000 0.59870000
vt 0.19500000 0.83530000
vt 0.02820000 0.56080000
vt 0.14950000 0.80170000
vt 0.02820000 0.51800000
vt 0.11180000 0.75190000
vt 0.02820000 0.47610000
vt 0.09140000 0.70330000
vt 0.08630000 0.67220000
vt 0.02820000 0.44940000
vt 0.01770000 0.00830000
vt 0.01770000 0.54970000
vt 0.01770000 0.27770000
vt 0.06360000 0.27770000
vt 0.24930000 -0.00000000
vt 0.01770000 0.41570000
vt 0.01770000 0.01230000
vt 0.01770000 0.70820000
vt 0.01770000 0.00070000
vt 0.01770000 0.65270000
vt 0.01770000 0.11490000
vt 0.01770000 0.43890000
vt 0.01770000 0.49890000
vt 0.24930000 0.93910000
vt 0.06360000 0.49890000
vt 0.19430000 0.92470000
vt 0.06360000 0.43890000
vt 0.01770000 0.36770000
vt 0.12900000 0.89320000
vt 0.06360000 0.36770000
vt 0.01770000 0.31430000
vt 0.06360000 0.31430000
vt 0.08010000 0.84900000
vt 0.01770000 0.23470000
vt 0.03120000 0.77840000
vt 0.06360000 0.23470000
vt 0.01770000 0.15570000
vt 0.06360000 0.15570000
vt 0.00670000 0.70840000
vt 0.01770000 0.54920000
vt 0.29540000 0.92700000
vt 0.06360000 0.54920000
vt 0.01770000 0.60260000
vt 0.34430000 0.90640000
vt 0.06360000 0.60260000
vt 0.01770000 0.66070000
vt 0.39760000 0.86850000
vt 0.06360000 0.66070000
vt 0.01770000 0.00190000
vt 0.01770000 0.72480000
vt 0.06360000 0.72480000
vt 0.44540000 0.81170000
vt 0.06360000 0.00190000
vt 0.01770000 0.05880000
vt 0.01770000 0.12330000
vt 0.47800000 0.74630000
vt 0.06360000 0.05880000
vt 0.01770000 0.21130000
vt 0.01770000 0.38760000
vt 0.19730000 0.90810000
vt 0.19730000 0.90810000
vt 0.14220000 0.87820000
vt 0.14220000 0.87820000
vt 0.24930000 0.91880000
vt 0.24930000 0.91880000
vt 0.45550000 0.74170000
vt 0.45550000 0.74170000
vt 0.42460000 0.79930000
vt 0.42460000 0.79930000
vt 0.37930000 0.85580000
vt 0.37930000 0.85580000
vt 0.32860000 0.89210000
vt 0.32860000 0.89210000
vt 0.09470000 0.83560000
vt 0.09470000 0.83560000
vt 0.04290000 0.76940000
vt 0.04290000 0.76940000
vt 0.02600000 0.70180000
vt 0.02600000 0.70180000
vt 0.01740000 -0.00000000
vt 0.06360000 0.53080000
vt 0.01740000 -0.00000000
vt 0.01750000 0.33610000
vt 0.01750000 0.33610000
vt 0.06360000 0.38760000
vt -0.00000000 0.33610000
vt 0.00000000 0.00000000
vt 0.06360000 0.54970000
vt 0.06360000 0.00830000
vt 0.49260000 0.00000000
vt 0.06360000 0.70820000
vt 0.06360000 0.01230000
vt 0.49260000 0.33610000
vt 0.06360000 0.41570000
vt 0.47150000 0.33610000
vt 0.47150000 0.33610000
vt 0.47090000 0.00000000
vt 0.47090000 0.00000000
vt 0.06360000 0.03600000
vt 0.06860000 0.56080000
vt 0.14950000 0.80170000
vt 0.06860000 0.51800000
vt 0.11180000 0.75190000
vt 0.06860000 0.47610000
vt 0.09140000 0.70330000
vt 0.24930000 0.67220000
vt 0.08630000 0.67220000
vt 0.06860000 0.44940000
vt 0.24930000 0.85850000
vt 0.06860000 0.64380000
vt 0.06860000 0.64380000
vt 0.19500000 0.83530000
vt 0.06860000 0.59870000
vt 0.29150000 0.84060000
vt 0.06860000 0.67890000
vt 0.38610000 0.75250000
vt 0.06860000 0.06500000
vt 0.06860000 0.13410000
vt 0.40990000 0.67220000
vt 0.40530000 0.70680000
vt 0.06860000 0.10440000
vt 0.06860000 0.02220000
vt 0.06860000 0.72520000
vt 0.34720000 0.80230000
vt 0.49260000 0.57110000
vt 0.06360000 0.21130000
vt 0.47180000 0.57110000
vt 0.47180000 0.57110000
vt 0.06860000 0.29050000
vt 0.24930000 0.64880000
vt 0.06860000 0.42930000
vt 0.08240000 0.64880000
vt 0.06860000 0.42930000
vt 0.41310000 0.64880000
vt 0.06860000 0.15420000
vt 0.06860000 0.15420000
vt 0.24930000 0.33610000
vt 0.06100000 0.33530000
vt 0.08000000 0.33610000
vt 0.06100000 0.02410000
vt 0.15110000 0.01900000
vt 0.08150000 0.02090000
vt 0.25540000 0.01900000
vt 0.24930000 0.02090000
vt 0.41230000 0.02090000
vt 0.35660000 0.01900000
vt 0.43500000 0.02120000
vt 0.43500000 0.33710000
vt 0.41520000 0.33610000
vt 0.06360000 0.00070000
vt 0.06360000 0.65270000
vt -0.00000000 0.57110000
vt 0.01830000 0.57110000
vt 0.01830000 0.57110000
vt 0.06110000 0.26740000
vt 0.39450000 0.53170000
vt 0.06110000 0.26740000
vt 0.39980000 0.52050000
vt 0.06110000 0.24400000
vt 0.06110000 0.21770000
vt 0.40730000 0.50890000
vt 0.41730000 0.57110000
vt 0.45440000 0.52070000
vt 0.45530000 0.57260000
vt 0.41670000 0.50510000
vt 0.45530000 0.50640000
vt 0.06110000 0.19890000
vt 0.06110000 0.37160000
vt 0.37910000 0.57110000
vt 0.45440000 0.47190000
vt 0.06110000 0.34780000
vt 0.37940000 0.55870000
vt 0.06110000 0.34100000
vt 0.38180000 0.55590000
vt 0.06110000 0.34100000
vt 0.38390000 0.54470000
vt 0.06110000 0.31600000
vt 0.06110000 0.31600000
vt 0.37940000 0.55030000
vt 0.06110000 0.32950000
vt 0.06110000 0.32950000
vt 0.38480000 0.53150000
vt 0.06110000 0.28530000
vt 0.06110000 0.28530000
vt 0.06110000 0.29920000
vt 0.06110000 0.29920000
vt 0.37980000 0.53690000
vt 0.37980000 0.53690000
vt 0.02240000 0.29920000
vt 0.02240000 0.29920000
vt 0.02240000 0.31600000
vt 0.02240000 0.31600000
vt 0.38390000 0.54470000
vt 0.37940000 0.55030000
vt 0.02240000 0.32950000
vt 0.02240000 0.32950000
vt 0.48120000 0.30620000
vt 0.24930000 0.57110000
vt 0.02240000 0.34100000
vt 0.02240000 0.34100000
vt 0.38180000 0.55590000
vt 0.02240000 0.34780000
vt 0.37940000 0.55870000
vt 0.37910000 0.57110000
vt 0.02240000 0.37160000
vt 0.48120000 0.47190000
vt 0.02240000 0.28530000
vt 0.02240000 0.28530000
vt 0.38480000 0.53150000
vt 0.40730000 0.50890000
vt 0.02240000 0.21770000
vt 0.02240000 0.19890000
vt 0.43500000 0.50640000
vt 0.41670000 0.50510000
vt 0.39980000 0.52050000
vt 0.02240000 0.24400000
vt 0.02240000 0.26740000
vt 0.39450000 0.53170000
vt 0.02240000 0.26740000
vt 0.06110000 0.35240000
vt 0.11570000 0.55040000
vt 0.06110000 0.36480000
vt 0.06110000 0.35460000
vt 0.11110000 0.54740000
vt 0.06110000 0.36740000
vt 0.06110000 0.35200000
vt 0.06110000 0.36420000
vt 0.11390000 0.53970000
vt 0.02240000 0.35310000
vt 0.06110000 0.35520000
vt 0.11100000 0.53600000
vt 0.10380000 0.53640000
vt 0.02240000 0.36630000
vt 0.06110000 0.37160000
vt 0.06110000 0.34780000
vt 0.09640000 0.52600000
vt 0.06110000 0.37340000
vt 0.06110000 0.34590000
vt 0.06110000 0.37000000
vt 0.09180000 0.51230000
vt 0.08350000 0.50500000
vt 0.06110000 0.36370000
vt 0.06110000 0.34940000
vt 0.07930000 0.50450000
vt 0.06110000 0.35570000
vt 0.06100000 0.50150000
vt 0.06110000 0.37000000
vt 0.48120000 0.13660000
vt 0.11650000 0.57110000
vt 0.06110000 0.36320000
vt 0.11610000 0.56040000
vt 0.06110000 0.34940000
vt 0.06110000 0.36700000
vt 0.11350000 0.55770000
vt 0.06110000 0.35620000
vt 0.02240000 0.34940000
vt 0.02240000 0.36370000
vt 0.08350000 0.50500000
vt 0.02240000 0.37000000
vt 0.02240000 0.34590000
vt 0.09180000 0.51230000
vt 0.02240000 0.37340000
vt 0.09640000 0.52600000
vt 0.02240000 0.34780000
vt 0.11650000 0.57110000
vt 0.45440000 0.13660000
vt 0.02240000 0.37000000
vt 0.10380000 0.53640000
vt 0.06110000 0.36630000
vt 0.02240000 0.37160000
vt 0.11100000 0.53600000
vt 0.06110000 0.35310000
vt 0.02240000 0.35520000
vt 0.02240000 0.36420000
vt 0.02240000 0.35200000
vt 0.11390000 0.53970000
vt 0.11110000 0.54740000
vt 0.02240000 0.35460000
vt 0.02240000 0.36740000
vt 0.02240000 0.35240000
vt 0.11570000 0.55040000
vt 0.02240000 0.36480000
vt 0.11350000 0.55770000
vt 0.02240000 0.36700000
vt 0.02240000 0.35620000
vt 0.02240000 0.36320000
vt 0.11610000 0.56040000
vt 0.02240000 0.34940000
vt 0.07890000 0.57110000
vt 0.04100000 0.56720000
vt 0.45440000 0.08870000
vt 0.07930000 0.50450000
vt 0.04100000 0.50150000
vt 0.02240000 0.35570000
vt 0.02610000 0.56720000
vt 0.43450000 0.08870000
vt 0.07890000 0.57110000
vt 0.08000000 0.33610000
vt 0.02610000 0.33530000
vt 0.43450000 0.52070000
vt 0.41730000 0.57110000
vt 0.47040000 0.57260000
vt 0.24930000 0.57110000
vt 0.43450000 0.30620000
vt 0.15110000 0.00370000
vt 0.02610000 0.02410000
vt 0.08150000 0.02090000
vt 0.24930000 0.02090000
vt 0.25540000 0.00370000
vt 0.47040000 0.02120000
vt 0.35660000 0.00370000
vt 0.41230000 0.02090000
vt 0.41520000 0.33610000
vt 0.47040000 0.33710000
vt 0.06360000 0.12330000
vt 0.49260000 0.67220000
vt 0.47200000 0.67220000
vt 0.47200000 0.67220000
vt -0.00000000 0.67220000
vt 0.06360000 0.11490000
vt 0.01860000 0.67220000
vt 0.01860000 0.67220000
vt 0.02820000 0.29050000
vt 0.24930000 0.64880000
vt 0.02820000 0.42930000
vt 0.08240000 0.64880000
vt 0.02820000 0.42930000
vt 0.41310000 0.64880000
vt 0.02820000 0.15420000
vt 0.02820000 0.15420000
vt 0.02820000 0.13410000
vt 0.40990000 0.67220000
vt 0.40530000 0.70680000
vt 0.02820000 0.10440000
vt 0.38610000 0.75250000
vt 0.02820000 0.06500000
vt 0.02820000 0.02220000
vt 0.34720000 0.80230000
vt 0.02820000 0.72520000
vt 0.02820000 0.67890000
vt 0.29150000 0.84060000
vt 0.02820000 0.64380000
vt 0.24930000 0.85850000
vt 0.02820000 0.64380000
vt 0.19500000 0.83530000
vt 0.02820000 0.59870000
vt 0.02820000 0.56080000
vt 0.14950000 0.80170000
vt 0.02820000 0.51800000
vt 0.11180000 0.75190000
vt 0.02820000 0.47610000
vt 0.09140000 0.70330000
vt 0.08630000 0.67220000
vt 0.02820000 0.44940000
vt 0.01770000 0.54970000
vt 0.01770000 0.00830000
vt 0.06360000 0.27770000
vt 0.24930000 -0.00000000
vt 0.01770000 0.27770000
vt 0.01770000 0.01230000
vt 0.01770000 0.70820000
vt 0.01770000 0.41570000
vt 0.01770000 0.11490000
vt 0.01770000 0.00070000
vt 0.01770000 0.65270000
vt 0.06360000 0.49890000
vt 0.24930000 0.93910000
vt 0.01770000 0.49890000
vt 0.01770000 0.43890000
vt 0.06360000 0.43890000
vt 0.19430000 0.92470000
vt 0.01770000 0.36770000
vt 0.06360000 0.36770000
vt 0.12900000 0.89320000
vt 0.01770000 0.31430000
vt 0.06360000 0.31430000
vt 0.08010000 0.84900000
vt 0.01770000 0.23470000
vt 0.03120000 0.77840000
vt 0.06360000 0.23470000
vt 0.06360000 0.15570000
vt 0.00670000 0.70840000
vt 0.01770000 0.15570000
vt 0.29540000 0.92700000
vt 0.06360000 0.54920000
vt 0.01770000 0.54920000
vt 0.06360000 0.60260000
vt 0.34430000 0.90640000
vt 0.01770000 0.60260000
vt 0.06360000 0.66070000
vt 0.39760000 0.86850000
vt 0.01770000 0.66070000
vt 0.44540000 0.81170000
vt 0.06360000 0.00190000
vt 0.06360000 0.72480000
vt 0.01770000 0.72480000
vt 0.01770000 0.00190000
vt 0.01770000 0.12330000
vt 0.01770000 0.05880000
vt 0.47800000 0.74630000
vt 0.06360000 0.05880000
vt 0.01770000 0.21130000
vt 0.01770000 0.38760000
vt 0.19730000 0.90810000
vt 0.19730000 0.90810000
vt 0.14220000 0.87820000
vt 0.14220000 0.87820000
vt 0.24930000 0.91880000
vt 0.24930000 0.91880000
vt 0.45550000 0.74170000
vt 0.45550000 0.74170000
vt 0.42460000 0.79930000
vt 0.42460000 0.79930000
vt 0.37930000 0.85580000
vt 0.37930000 0.85580000
vt 0.32860000 0.89210000
vt 0.32860000 0.89210000
vt 0.09470000 0.83560000
vt 0.09470000 0.83560000
vt 0.04290000 0.76940000
vt 0.04290000 0.76940000
vt 0.02600000 0.70180000
vt 0.02600000 0.70180000
f 1/1/1 5/5/5 8/8/8
f 8/8/8 10/10/10 1/1/1
f 14/14/14 16/16/16 20/20/20
f 20/20/20 2/2/2 14/14/14
f 21/21/21 25/25/25 27/27/27
f 27/27/27 29/29/29 21/21/21
f 32/32/32 34/34/34 37/37/37
f 37/37/37 39/39/39 32/32/32
f 37/37/37 41/41/41 39/39/39
f 32/32/32 39/39/39 44/44/44
f 44/44/44 27/27/27 32/32/32
f 27/27/27 44/44/44 29/29/29
f 46/46/46 21/21/21 29/29/29
f 27/27/27 49/49/49 53/53/53
f 53/53/53 55/55/55 27/27/27
f 27/27/27 55/55/55 32/32/32
f 59/59/59 62/62/62 63/63/63
f 63/63/63 65/65/65 59/59/59
f 69/69/69 70/70/70 73/73/73
f 73/73/73 63/63/63 69/69/69
f 73/73/73 76/76/76 78/78/78
f 78/78/78 63/63/63 73/73/73
f 65/65/65 63/63/63 78/78/78
f 78/78/78 80/80/80 65/65/65
f 78/78/78 84/84/84 87/87/87
f 87/87/87 89/89/89 78/78/78
f 87/87/87 90/90/90 89/89/89
f 89/89/89 94/94/94 96/96/96
f 96/96/96 80/80/80 89/89/89
f 96/96/96 98/98/98 80/80/80
f 78/78/78 89/89/89 80/80/80
f 102/102/102 103/103/103 105/105/105
f 105/105/105 109/109/109 102/102/102
f 105/105/105 112/112/112 109/109/109
f 114/114/114 102/102/102 109/109/109
f 109/109/109 116/116/116 114/114/114
f 119/119/119 121/121/121 126/126/126
f 126/126/126 109/109/109 119/119/119
f 128/128/128 130/130/130 131/131/131
f 131/131/131 135/135/135 128/128/128
f 135/135/135 131/131/131 109/109/109
f 109/109/109 138/138/138 135/135/135
f 126/126/126 138/138/138 109/109/109
f 112/112/112 119/119/119 109/109/109
f 13/13/13 139/139/139 117/117/117
f 117/117/117 108/108/108 13/13/13
f 141/141/141 146/146/146 35/35/35
f 35/35/35 33/33/33 141/141/141
f 36/36/36 148/148/148 150/150/150
f 150/150/150 38/38/38 36/36/36
f 146/146/146 153/153/153 147/147/147
f 147/147/147 35/35/35 146/146/146
f 156/156/156 83/83/83 152/152/152
f 152/152/152 144/144/144 156/156/156
f 132/132/132 91/91/91 86/86/86
f 86/86/86 17/17/17 132/132/132
f 129/129/129 88/88/88 92/92/92
f 92/92/92 133/133/133 129/129/129
f 127/127/127 93/93/93 88/88/88
f 88/88/88 129/129/129 127/127/127
f 134/134/134 95/95/95 93/93/93
f 93/93/93 127/127/127 134/134/134
f 136/136/136 99/99/99 95/95/95
f 95/95/95 134/134/134 136/136/136
f 125/125/125 82/82/82 97/97/97
f 97/97/97 137/137/137 125/125/125
f 123/123/123 66/66/66 81/81/81
f 81/81/81 124/124/124 123/123/123
f 118/118/118 58/58/58 67/67/67
f 67/67/67 122/122/122 118/118/118
f 110/110/110 60/60/60 57/57/57
f 57/57/57 120/120/120 110/110/110
f 106/106/106 64/64/64 61/61/61
f 61/61/61 111/111/111 106/106/106
f 104/104/104 68/68/68 64/64/64
f 64/64/64 106/106/106 104/104/104
f 101/101/101 72/72/72 68/68/68
f 68/68/68 104/104/104 101/101/101
f 113/113/113 74/74/74 71/71/71
f 71/71/71 100/100/100 113/113/113
f 115/115/115 77/77/77 74/74/74
f 74/74/74 113/113/113 115/115/115
f 117/117/117 139/139/139 79/79/79
f 79/79/79 75/75/75 117/117/117
f 52/52/52 157/157/157 159/159/159
f 159/159/159 54/54/54 52/52/52
f 51/51/51 164/164/164 157/157/157
f 157/157/157 52/52/52 51/51/51
f 26/26/26 166/166/166 163/163/163
f 163/163/163 50/50/50 26/26/26
f 24/24/24 169/169/169 165/165/165
f 165/165/165 28/28/28 24/24/24
f 23/23/23 172/172/172 169/169/169
f 169/169/169 24/24/24 23/23/23
f 47/47/47 174/174/174 170/170/170
f 170/170/170 22/22/22 47/47/47
f 30/30/30 176/176/176 173/173/173
f 173/173/173 48/48/48 30/30/30
f 43/43/43 179/179/179 176/176/176
f 176/176/176 30/30/30 43/43/43
f 40/40/40 182/182/182 180/180/180
f 180/180/180 45/45/45 40/40/40
f 42/42/42 183/183/183 182/182/182
f 182/182/182 40/40/40 42/42/42
f 38/38/38 150/150/150 183/183/183
f 183/183/183 42/42/42 38/38/38
f 12/12/12 107/107/107 132/132/132
f 132/132/132 17/17/17 12/12/12
f 185/185/185 187/187/187 190/190/190
f 190/190/190 9/9/9 185/185/185
f 11/11/11 191/191/191 143/143/143
f 143/143/143 140/140/140 11/11/11
f 56/56/56 161/161/161 79/79/79
f 79/79/79 139/139/139 56/56/56
f 142/142/142 31/31/31 56/56/56
f 56/56/56 139/139/139 142/142/142
f 195/195/195 155/155/155 145/145/145
f 145/145/145 199/199/199 195/195/195
f 6/6/6 200/200/200 185/185/185
f 185/185/185 9/9/9 6/6/6
f 192/192/192 10/10/10 8/8/8
f 8/8/8 188/188/188 192/192/192
f 199/199/199 145/145/145 143/143/143
f 143/143/143 191/191/191 199/199/199
f 11/11/11 140/140/140 14/14/14
f 14/14/14 2/2/2 11/11/11
f 193/193/193 189/189/189 201/201/201
f 201/201/201 203/203/203 193/193/193
f 186/186/186 204/204/204 201/201/201
f 201/201/201 189/189/189 186/186/186
f 3/3/3 206/206/206 207/207/207
f 207/207/207 7/7/7 3/3/3
f 207/207/207 208/208/208 209/209/209
f 209/209/209 7/7/7 207/207/207
f 18/18/18 211/211/211 205/205/205
f 205/205/205 4/4/4 18/18/18
f 196/196/196 212/212/212 210/210/210
f 210/210/210 19/19/19 196/196/196
f 194/194/194 202/202/202 214/214/214
f 214/214/214 197/197/197 194/194/194
f 15/15/15 85/85/85 83/83/83
f 83/83/83 156/156/156 15/15/15
f 195/195/195 20/20/20 16/16/16
f 16/16/16 155/155/155 195/195/195
f 198/198/198 213/213/213 212/212/212
f 212/212/212 196/196/196 198/198/198
f 78/78/78 160/160/160 158/158/158
f 158/158/158 162/162/162 78/78/78
f 162/162/162 167/167/167 168/168/168
f 168/168/168 171/171/171 162/162/162
f 78/78/78 162/162/162 171/171/171
f 171/171/171 154/154/154 78/78/78
f 175/175/175 177/177/177 178/178/178
f 178/178/178 184/184/184 175/175/175
f 178/178/178 181/181/181 184/184/184
f 151/151/151 149/149/149 154/154/154
f 154/154/154 184/184/184 151/151/151
f 175/175/175 184/184/184 154/154/154
f 154/154/154 171/171/171 175/175/175
f 78/78/78 154/154/154 84/84/84
f 215/215/215 216/216/216 217/217/217
f 217/217/217 220/220/220 215/215/215
f 221/221/221 223/223/223 226/226/226
f 226/226/226 228/228/228 221/221/221
f 226/226/226 230/230/230 233/233/233
f 233/233/233 228/228/228 226/226/226
f 235/235/235 221/221/221 228/228/228
f 238/238/238 240/240/240 241/241/241
f 241/241/241 243/243/243 238/238/238
f 243/243/243 241/241/241 244/244/244
f 244/244/244 245/245/245 243/243/243
f 246/246/246 243/243/243 245/245/245
f 246/246/246 245/245/245 248/248/248
f 248/248/248 220/220/220 246/246/246
f 220/220/220 248/248/248 215/215/215
f 216/216/216 249/249/249 251/251/251
f 251/251/251 217/217/217 216/216/216
f 249/249/249 252/252/252 254/254/254
f 254/254/254 251/251/251 249/249/249
f 252/252/252 256/256/256 254/254/254
f 258/258/258 259/259/259 261/261/261
f 261/261/261 267/267/267 258/258/258
f 270/270/270 273/273/273 276/276/276
f 276/276/276 280/280/280 270/270/270
f 255/255/255 229/229/229 232/232/232
f 232/232/232 250/250/250 255/255/255
f 239/239/239 234/234/234 227/227/227
f 227/227/227 253/253/253 239/239/239
f 242/242/242 222/222/222 236/236/236
f 236/236/236 237/237/237 242/242/242
f 247/247/247 224/224/224 222/222/222
f 222/222/222 242/242/242 247/247/247
f 219/219/219 225/225/225 224/224/224
f 224/224/224 247/247/247 219/219/219
f 218/218/218 231/231/231 225/225/225
f 225/225/225 219/219/219 218/218/218
f 250/250/250 232/232/232 231/231/231
f 231/231/231 218/218/218 250/250/250
f 281/281/281 275/275/275 274/274/274
f 274/274/274 264/264/264 281/281/281
f 288/288/288 278/278/278 277/277/277
f 277/277/277 282/282/282 288/288/288
f 268/268/268 269/269/269 279/279/279
f 279/279/279 285/285/285 268/268/268
f 263/263/263 272/272/272 271/271/271
f 271/271/271 266/266/266 263/263/263
f 289/289/289 290/290/290 291/291/291
f 293/293/293 297/297/297 298/298/298
f 298/298/298 289/289/289 293/293/293
f 291/291/291 290/290/290 299/299/299
f 299/299/299 300/300/300 291/291/291
f 291/291/291 300/300/300 301/301/301
f 256/256/256 299/299/299 290/290/290
f 290/290/290 289/289/289 256/256/256
f 256/256/256 289/289/289 298/298/298
f 240/240/240 238/238/238 302/302/302
f 265/265/265 286/286/286 303/303/303
f 303/303/303 257/257/257 265/265/265
f 300/300/300 240/240/240 302/302/302
f 302/302/302 301/301/301 300/300/300
f 298/298/298 297/297/297 306/306/306
f 306/306/306 302/302/302 298/298/298
f 254/254/254 298/298/298 302/302/302
f 302/302/302 238/238/238 254/254/254
f 254/254/254 256/256/256 298/298/298
f 309/309/309 305/305/305 259/259/259
f 259/259/259 258/258/258 309/309/309
f 287/287/287 283/283/283 311/311/311
f 311/311/311 304/304/304 287/287/287
f 294/294/294 308/308/308 257/257/257
f 257/257/257 303/303/303 294/294/294
f 284/284/284 262/262/262 260/260/260
f 260/260/260 312/312/312 284/284/284
f 304/304/304 311/311/311 296/296/296
f 296/296/296 292/292/292 304/304/304
f 312/312/312 260/260/260 307/307/307
f 307/307/307 295/295/295 312/312/312
f 301/301/301 302/302/302 306/306/306
f 306/306/306 310/310/310 301/301/301
f 291/291/291 301/301/301 310/310/310
f 310/310/310 289/289/289 291/291/291
f 293/293/293 289/289/289 310/310/310
f 313/313/313 314/314/314 315/315/315
f 315/315/315 317/317/317 313/313/313
f 319/319/319 321/321/321 324/324/324
f 324/324/324 327/327/327 319/319/319
f 324/324/324 328/328/328 331/331/331
f 331/331/331 327/327/327 324/324/324
f 334/334/334 319/319/319 327/327/327
f 335/335/335 338/338/338 339/339/339
f 339/339/339 341/341/341 335/335/335
f 341/341/341 339/339/339 342/342/342
f 342/342/342 343/343/343 341/341/341
f 344/344/344 341/341/341 343/343/343
f 344/344/344 343/343/343 346/346/346
f 346/346/346 317/317/317 344/344/344
f 317/317/317 346/346/346 313/313/313
f 314/314/314 347/347/347 348/348/348
f 348/348/348 315/315/315 314/314/314
f 347/347/347 350/350/350 352/352/352
f 352/352/352 348/348/348 347/347/347
f 350/350/350 354/354/354 352/352/352
f 356/356/356 358/358/358 359/359/359
f 359/359/359 363/363/363 356/356/356
f 368/368/368 372/372/372 374/374/374
f 374/374/374 376/376/376 368/368/368
f 353/353/353 325/325/325 330/330/330
f 330/330/330 349/349/349 353/353/353
f 337/337/337 332/332/332 326/326/326
f 326/326/326 351/351/351 337/337/337
f 340/340/340 320/320/320 333/333/333
f 333/333/333 336/336/336 340/340/340
f 345/345/345 322/322/322 320/320/320
f 320/320/320 340/340/340 345/345/345
f 318/318/318 323/323/323 322/322/322
f 322/322/322 345/345/345 318/318/318
f 316/316/316 329/329/329 323/323/323
f 323/323/323 318/318/318 316/316/316
f 349/349/349 330/330/330 329/329/329
f 329/329/329 316/316/316 349/349/349
f 382/382/382 375/375/375 370/370/370
f 370/370/370 362/362/362 382/382/382
f 384/384/384 378/378/378 373/373/373
f 373/373/373 379/379/379 384/384/384
f 366/366/366 369/369/369 377/377/377
f 377/377/377 385/385/385 366/366/366
f 361/361/361 371/371/371 367/367/367
f 367/367/367 364/364/364 361/361/361
f 387/387/387 388/388/388 389/389/389
f 392/392/392 393/393/393 396/396/396
f 396/396/396 387/387/387 392/392/392
f 389/389/389 388/388/388 397/397/397
f 397/397/397 398/398/398 389/389/389
f 389/389/389 398/398/398 399/399/399
f 354/354/354 397/397/397 388/388/388
f 388/388/388 387/387/387 354/354/354
f 354/354/354 387/387/387 396/396/396
f 338/338/338 335/335/335 400/400/400
f 365/365/365 383/383/383 402/402/402
f 402/402/402 355/355/355 365/365/365
f 398/398/398 338/338/338 400/400/400
f 400/400/400 399/399/399 398/398/398
f 396/396/396 393/393/393 404/404/404
f 404/404/404 400/400/400 396/396/396
f 352/352/352 396/396/396 400/400/400
f 400/400/400 335/335/335 352/352/352
f 352/352/352 354/354/354 396/396/396
f 407/407/407 403/403/403 358/358/358
f 358/358/358 356/356/356 407/407/407
f 386/386/386 381/381/381 409/409/409
f 409/409/409 401/401/401 386/386/386
f 391/391/391 406/406/406 355/355/355
f 355/355/355 402/402/402 391/391/391
f 380/380/380 360/360/360 357/357/357
f 357/357/357 410/410/410 380/380/380
f 401/401/401 409/409/409 394/394/394
f 394/394/394 390/390/390 401/401/401
f 410/410/410 357/357/357 405/405/405
f 405/405/405 395/395/395 410/410/410
f 399/399/399 400/400/400 404/404/404
f 404/404/404 408/408/408 399/399/399
f 389/389/389 399/399/399 408/408/408
f 408/408/408 387/387/387 389/389/389
f 392/392/392 387/387/387 408/408/408
f 411/411/411 413/413/413 415/415/415
f 415/415/415 418/418/418 411/411/411
f 421/421/421 424/424/424 427/427/427
f 427/427/427 429/429/429 421/421/421
f 432/432/432 434/434/434 436/436/436
f 436/436/436 437/437/437 432/432/432
f 436/436/436 439/439/439 441/441/441
f 441/441/441 437/437/437 436/436/436
f 443/443/443 432/432/432 437/437/437
f 445/445/445 447/447/447 449/449/449
f 449/449/449 432/432/432 445/445/445
f 449/449/449 434/434/434 432/432/432
f 445/445/445 432/432/432 452/452/452
f 452/452/452 455/455/455 445/445/445
f 421/421/421 457/457/457 459/459/459
f 459/459/459 424/424/424 421/421/421
f 460/460/460 463/463/463 436/436/436
f 436/436/436 434/434/434 460/460/460
f 460/460/460 434/434/434 449/449/449
f 449/449/449 466/466/466 460/460/460
f 470/470/470 472/472/472 473/473/473
f 473/473/473 474/474/474 470/470/470
f 476/476/476 474/474/474 473/473/473
f 473/473/473 480/480/480 476/476/476
f 413/413/413 411/411/411 481/481/481
f 481/481/481 484/484/484 413/413/413
f 487/487/487 491/491/491 492/492/492
f 492/492/492 497/497/497 487/487/487
f 492/492/492 498/498/498 497/497/497
f 497/497/497 501/501/501 505/505/505
f 505/505/505 507/507/507 497/497/497
f 505/505/505 508/508/508 507/507/507
f 497/497/497 507/507/507 512/512/512
f 512/512/512 487/487/487 497/497/497
f 514/514/514 487/487/487 512/512/512
f 512/512/512 518/518/518 514/514/514
f 520/520/520 522/522/522 480/480/480
f 480/480/480 525/525/525 520/520/520
f 480/480/480 473/473/473 525/525/525
f 525/525/525 527/527/527 529/529/529
f 529/529/529 532/532/532 525/525/525
f 529/529/529 535/535/535 532/532/532
f 532/532/532 538/538/538 542/542/542
f 542/542/542 525/525/525 532/532/532
f 525/525/525 542/542/542 545/545/545
f 545/545/545 520/520/520 525/525/525
f 547/547/547 520/520/520 545/545/545
f 545/545/545 550/550/550 547/547/547
f 551/551/551 555/555/555 525/525/525
f 525/525/525 558/558/558 551/551/551
f 525/525/525 473/473/473 472/472/472
f 472/472/472 561/561/561 525/525/525
f 472/472/472 565/565/565 561/561/561
f 525/525/525 561/561/561 568/568/568
f 568/568/568 571/571/571 525/525/525
f 568/568/568 572/572/572 576/576/576
f 576/576/576 571/571/571 568/568/568
f 525/525/525 571/571/571 579/579/579
f 579/579/579 558/558/558 525/525/525
f 579/579/579 583/583/583 558/558/558
f 585/585/585 551/551/551 558/558/558
f 589/589/589 591/591/591 593/593/593
f 593/593/593 597/597/597 589/589/589
f 593/593/593 601/601/601 604/604/604
f 604/604/604 607/607/607 593/593/593
f 607/607/607 608/608/608 612/612/612
f 612/612/612 593/593/593 607/607/607
f 612/612/612 616/616/616 617/617/617
f 617/617/617 621/621/621 612/612/612
f 593/593/593 612/612/612 621/621/621
f 621/621/621 597/597/597 593/593/593
f 589/589/589 597/597/597 624/624/624
f 627/627/627 594/594/594 592/592/592
f 592/592/592 629/629/629 627/627/627
f 632/632/632 500/500/500 495/495/495
f 495/495/495 635/635/635 632/632/632
f 530/530/530 528/528/528 496/496/496
f 496/496/496 499/499/499 530/530/530
f 495/495/495 526/526/526 524/524/524
f 524/524/524 635/635/635 495/495/495
f 524/524/524 554/554/554 599/599/599
f 599/599/599 635/635/635 524/524/524
f 556/556/556 553/553/553 602/602/602
f 602/602/602 600/600/600 556/556/556
f 552/552/552 586/586/586 605/605/605
f 605/605/605 603/603/603 552/552/552
f 584/584/584 559/559/559 609/609/609
f 609/609/609 606/606/606 584/584/584
f 557/557/557 581/581/581 613/613/613
f 613/613/613 610/610/610 557/557/557
f 582/582/582 578/578/578 614/614/614
f 614/614/614 611/611/611 582/582/582
f 580/580/580 569/569/569 619/619/619
f 619/619/619 615/615/615 580/580/580
f 570/570/570 575/575/575 620/620/620
f 620/620/620 618/618/618 570/570/570
f 577/577/577 573/573/573 596/596/596
f 596/596/596 622/622/622 577/577/577
f 574/574/574 566/566/566 625/625/625
f 625/625/625 598/598/598 574/574/574
f 567/567/567 562/562/562 588/588/588
f 588/588/588 623/623/623 567/567/567
f 560/560/560 563/563/563 590/590/590
f 590/590/590 587/587/587 560/560/560
f 592/592/592 564/564/564 471/471/471
f 471/471/471 629/629/629 592/592/592
f 471/471/471 469/469/469 636/636/636
f 636/636/636 629/629/629 471/471/471
f 468/468/468 475/475/475 640/640/640
f 640/640/640 637/637/637 468/468/468
f 475/475/475 478/478/478 641/641/641
f 641/641/641 640/640/640 475/475/475
f 477/477/477 479/479/479 645/645/645
f 645/645/645 642/642/642 477/477/477
f 479/479/479 523/523/523 504/504/504
f 504/504/504 645/645/645 479/479/479
f 521/521/521 519/519/519 509/509/509
f 509/509/509 503/503/503 521/521/521
f 519/519/519 546/546/546 506/506/506
f 506/506/506 509/509/509 519/519/519
f 546/546/546 549/549/549 511/511/511
f 511/511/511 506/506/506 546/546/546
f 548/548/548 543/543/543 517/517/517
f 517/517/517 510/510/510 548/548/548
f 544/544/544 540/540/540 513/513/513
f 513/513/513 516/516/516 544/544/544
f 541/541/541 539/539/539 486/486/486
f 486/486/486 515/515/515 541/541/541
f 537/537/537 531/531/531 489/489/489
f 489/489/489 488/488/488 537/537/537
f 533/533/533 536/536/536 493/493/493
f 493/493/493 490/490/490 533/533/533
f 534/534/534 530/530/530 499/499/499
f 499/499/499 494/494/494 534/534/534
f 504/504/504 502/502/502 631/631/631
f 631/631/631 645/645/645 504/504/504
f 599/599/599 595/595/595 626/626/626
f 626/626/626 635/635/635 599/599/599
f 646/646/646 649/649/649 459/459/459
f 459/459/459 457/457/457 646/646/646
f 484/484/484 481/481/481 651/651/651
f 651/651/651 653/653/653 484/484/484
f 464/464/464 461/461/461 654/654/654
f 654/654/654 657/657/657 464/464/464
f 461/461/461 465/465/465 659/659/659
f 659/659/659 654/654/654 461/461/461
f 467/467/467 450/450/450 663/663/663
f 663/663/663 660/660/660 467/467/467
f 450/450/450 448/448/448 664/664/664
f 664/664/664 663/663/663 450/450/450
f 448/448/448 446/446/446 666/666/666
f 666/666/666 664/664/664 448/448/448
f 446/446/446 454/454/454 668/668/668
f 668/668/668 666/666/666 446/446/446
f 453/453/453 451/451/451 672/672/672
f 672/672/672 670/670/670 453/453/453
f 451/451/451 433/433/433 673/673/673
f 673/673/673 672/672/672 451/451/451
f 431/431/431 444/444/444 676/676/676
f 676/676/676 674/674/674 431/431/431
f 444/444/444 438/438/438 678/678/678
f 678/678/678 676/676/676 444/444/444
f 438/438/438 442/442/442 680/680/680
f 680/680/680 678/678/678 438/438/438
f 442/442/442 440/440/440 682/682/682
f 682/682/682 680/680/680 442/442/442
f 440/440/440 435/435/435 685/685/685
f 685/685/685 682/682/682 440/440/440
f 435/435/435 462/462/462 658/658/658
f 658/658/658 685/685/685 435/435/435
f 687/687/687 419/419/419 417/417/417
f 417/417/417 688/688/688 687/687/687
f 689/689/689 688/688/688 417/417/417
f 691/691/691 693/693/693 426/426/426
f 426/426/426 423/423/423 691/691/691
f 694/694/694 696/696/696 650/650/650
f 650/650/650 482/482/482 694/694/694
f 692/692/692 688/688/688 689/689/689
f 689/689/689 428/428/428 692/692/692
f 425/425/425 692/692/692 428/428/428
f 697/697/697 698/698/698 700/700/700
f 700/700/700 702/702/702 697/697/697
f 703/703/703 697/697/697 702/702/702
f 702/702/702 705/705/705 703/703/703
f 706/706/706 703/703/703 705/705/705
f 705/705/705 707/707/707 706/706/706
f 709/709/709 706/706/706 707/707/707
f 707/707/707 711/711/711 709/709/709
f 696/696/696 712/712/712 713/713/713
f 713/713/713 650/650/650 696/696/696
f 712/712/712 709/709/709 711/711/711
f 711/711/711 713/713/713 712/712/712
f 698/698/698 715/715/715 717/717/717
f 717/717/717 700/700/700 698/698/698
f 715/715/715 718/718/718 720/720/720
f 720/720/720 717/717/717 715/715/715
f 718/718/718 721/721/721 723/723/723
f 723/723/723 720/720/720 718/718/718
f 721/721/721 725/725/725 726/726/726
f 726/726/726 723/723/723 721/721/721
f 729/729/729 730/730/730 648/648/648
f 648/648/648 732/732/732 729/729/729
f 724/724/724 729/729/729 732/732/732
f 732/732/732 728/728/728 724/724/724
f 733/733/733 691/691/691 423/423/423
f 423/423/423 458/458/458 733/733/733
f 686/686/686 734/734/734 412/412/412
f 412/412/412 420/420/420 686/686/686
f 734/734/734 695/695/695 483/483/483
f 483/483/483 412/412/412 734/734/734
f 730/730/730 733/733/733 458/458/458
f 458/458/458 648/648/648 730/730/730
f 414/414/414 630/630/630 638/638/638
f 638/638/638 416/416/416 414/414/414
f 485/485/485 628/628/628 630/630/630
f 630/630/630 414/414/414 485/485/485
f 485/485/485 652/652/652 656/656/656
f 656/656/656 628/628/628 485/485/485
f 736/736/736 738/738/738 704/704/704
f 704/704/704 701/701/701 736/736/736
f 735/735/735 740/740/740 675/675/675
f 675/675/675 677/677/677 735/735/735
f 646/646/646 742/742/742 731/731/731
f 731/731/731 649/649/649 646/646/646
f 647/647/647 662/662/662 665/665/665
f 665/665/665 741/741/741 647/647/647
f 456/456/456 633/633/633 661/661/661
f 661/661/661 647/647/647 456/456/456
f 422/422/422 644/644/644 633/633/633
f 633/633/633 456/456/456 422/422/422
f 422/422/422 430/430/430 643/643/643
f 643/643/643 644/644/644 422/422/422
f 638/638/638 639/639/639 690/690/690
f 690/690/690 416/416/416 638/638/638
f 643/643/643 430/430/430 690/690/690
f 690/690/690 639/639/639 643/643/643
f 742/742/742 743/743/743 727/727/727
f 727/727/727 731/731/731 742/742/742
f 743/743/743 745/745/745 722/722/722
f 722/722/722 727/727/727 743/743/743
f 745/745/745 747/747/747 719/719/719
f 719/719/719 722/722/722 745/745/745
f 747/747/747 739/739/739 716/716/716
f 716/716/716 719/719/719 747/747/747
f 716/716/716 739/739/739 699/699/699
f 701/701/701 699/699/699 739/739/739
f 739/739/739 736/736/736 701/701/701
f 738/738/738 750/750/750 708/708/708
f 708/708/708 704/704/704 738/738/738
f 750/750/750 751/751/751 710/710/710
f 710/710/710 708/708/708 750/750/750
f 751/751/751 753/753/753 714/714/714
f 714/714/714 710/710/710 751/751/751
f 714/714/714 753/753/753 653/653/653
f 653/653/653 651/651/651 714/714/714
f 661/661/661 633/633/633 634/634/634
f 634/634/634 655/655/655 661/661/661
f 656/656/656 655/655/655 634/634/634
f 634/634/634 628/628/628 656/656/656
f 647/647/647 661/661/661 662/662/662
f 656/656/656 652/652/652 684/684/684
f 748/748/748 671/671/671 675/675/675
f 675/675/675 740/740/740 748/748/748
f 746/746/746 669/669/669 671/671/671
f 671/671/671 748/748/748 746/746/746
f 744/744/744 667/667/667 669/669/669
f 669/669/669 746/746/746 744/744/744
f 741/741/741 665/665/665 667/667/667
f 667/667/667 744/744/744 741/741/741
f 677/677/677 679/679/679 737/737/737
f 737/737/737 735/735/735 677/677/677
f 679/679/679 681/681/681 749/749/749
f 749/749/749 737/737/737 679/679/679
f 681/681/681 683/683/683 752/752/752
f 752/752/752 749/749/749 681/681/681
f 683/683/683 684/684/684 754/754/754
f 754/754/754 752/752/752 683/683/683
f 754/754/754 684/684/684 652/652/652
f 755/755/755 759/759/759 761/761/761
f 761/761/761 762/762/762 755/755/755
f 765/765/765 768/768/768 771/771/771
f 771/771/771 772/772/772 765/765/765
f 776/776/776 778/778/778 780/780/780
f 780/780/780 781/781/781 776/776/776
f 780/780/780 782/782/782 781/781/781
f 776/776/776 781/781/781 784/784/784
f 784/784/784 787/787/787 776/776/776
f 789/789/789 784/784/784 781/781/781
f 781/781/781 791/791/791 789/789/789
f 781/781/781 794/794/794 795/795/795
f 795/795/795 791/791/791 781/781/781
f 799/799/799 789/789/789 791/791/791
f 800/800/800 802/802/802 771/771/771
f 771/771/771 768/768/768 800/800/800
f 805/805/805 781/781/781 782/782/782
f 782/782/782 807/807/807 805/805/805
f 794/794/794 781/781/781 805/805/805
f 805/805/805 809/809/809 794/794/794
f 812/812/812 814/814/814 817/817/817
f 817/817/817 819/819/819 812/812/812
f 812/812/812 819/819/819 820/820/820
f 820/820/820 824/824/824 812/812/812
f 827/827/827 761/761/761 759/759/759
f 759/759/759 829/829/829 827/827/827
f 831/831/831 833/833/833 836/836/836
f 836/836/836 837/837/837 831/831/831
f 836/836/836 840/840/840 837/837/837
f 837/837/837 844/844/844 847/847/847
f 847/847/847 849/849/849 837/837/837
f 831/831/831 837/837/837 849/849/849
f 849/849/849 851/851/851 831/831/831
f 849/849/849 854/854/854 851/851/851
f 857/857/857 831/831/831 851/851/851
f 851/851/851 862/862/862 857/857/857
f 863/863/863 868/868/868 869/869/869
f 869/869/869 873/873/873 863/863/863
f 869/869/869 876/876/876 878/878/878
f 878/878/878 873/873/873 869/869/869
f 878/878/878 879/879/879 873/873/873
f 884/884/884 863/863/863 873/873/873
f 873/873/873 885/885/885 884/884/884
f 873/873/873 812/812/812 824/824/824
f 824/824/824 885/885/885 873/873/873
f 824/824/824 889/889/889 885/885/885
f 884/884/884 885/885/885 890/890/890
f 890/890/890 893/893/893 884/884/884
f 896/896/896 899/899/899 903/903/903
f 903/903/903 814/814/814 896/896/896
f 906/906/906 907/907/907 911/911/911
f 911/911/911 915/915/915 906/906/906
f 916/916/916 919/919/919 814/814/814
f 814/814/814 915/915/915 916/916/916
f 906/906/906 915/915/915 814/814/814
f 814/814/814 903/903/903 906/906/906
f 814/814/814 812/812/812 873/873/873
f 873/873/873 896/896/896 814/814/814
f 873/873/873 924/924/924 926/926/926
f 926/926/926 896/896/896 873/873/873
f 929/929/929 896/896/896 926/926/926
f 933/933/933 936/936/936 938/938/938
f 938/938/938 940/940/940 933/933/933
f 943/943/943 946/946/946 951/951/951
f 951/951/951 952/952/952 943/943/943
f 938/938/938 943/943/943 952/952/952
f 952/952/952 940/940/940 938/938/938
f 952/952/952 956/956/956 958/958/958
f 958/958/958 940/940/940 952/952/952
f 958/958/958 962/962/962 940/940/940
f 933/933/933 940/940/940 964/964/964
f 964/964/964 967/967/967 933/933/933
f 970/970/970 974/974/974 968/968/968
f 968/968/968 965/965/965 970/970/970
f 975/975/975 979/979/979 845/845/845
f 845/845/845 838/838/838 975/975/975
f 843/843/843 880/880/880 877/877/877
f 877/877/877 846/846/846 843/843/843
f 845/845/845 979/979/979 872/872/872
f 872/872/872 881/881/881 845/845/845
f 941/941/941 923/923/923 872/872/872
f 872/872/872 979/979/979 941/941/941
f 963/963/963 927/927/927 922/922/922
f 922/922/922 942/942/942 963/963/963
f 960/960/960 930/930/930 925/925/925
f 925/925/925 961/961/961 960/960/960
f 955/955/955 895/895/895 928/928/928
f 928/928/928 959/959/959 955/955/955
f 953/953/953 898/898/898 897/897/897
f 897/897/897 957/957/957 953/953/953
f 950/950/950 901/901/901 900/900/900
f 900/900/900 954/954/954 950/950/950
f 948/948/948 905/905/905 902/902/902
f 902/902/902 949/949/949 948/948/948
f 944/944/944 908/908/908 904/904/904
f 904/904/904 947/947/947 944/944/944
f 939/939/939 910/910/910 909/909/909
f 909/909/909 945/945/945 939/939/939
f 935/935/935 913/913/913 912/912/912
f 912/912/912 937/937/937 935/935/935
f 931/931/931 918/918/918 914/914/914
f 914/914/914 934/934/934 931/931/931
f 969/969/969 920/920/920 917/917/917
f 917/917/917 932/932/932 969/969/969
f 968/968/968 974/974/974 813/813/813
f 813/813/813 921/921/921 968/968/968
f 981/981/981 815/815/815 813/813/813
f 813/813/813 974/974/974 981/981/981
f 984/984/984 818/818/818 816/816/816
f 816/816/816 980/980/980 984/984/984
f 986/986/986 821/821/821 818/818/818
f 818/818/818 984/984/984 986/986/986
f 989/989/989 823/823/823 822/822/822
f 822/822/822 985/985/985 989/989/989
f 841/841/841 888/888/888 823/823/823
f 823/823/823 989/989/989 841/841/841
f 835/835/835 886/886/886 887/887/887
f 887/887/887 842/842/842 835/835/835
f 834/834/834 891/891/891 886/886/886
f 886/886/886 835/835/835 834/834/834
f 832/832/832 892/892/892 891/891/891
f 891/891/891 834/834/834 832/832/832
f 858/858/858 883/883/883 894/894/894
f 894/894/894 830/830/830 858/858/858
f 860/860/860 865/865/865 882/882/882
f 882/882/882 859/859/859 860/860/860
f 852/852/852 867/867/867 864/864/864
f 864/864/864 861/861/861 852/852/852
f 856/856/856 870/870/870 866/866/866
f 866/866/866 853/853/853 856/856/856
f 850/850/850 874/874/874 871/871/871
f 871/871/871 855/855/855 850/850/850
f 846/846/846 877/877/877 875/875/875
f 875/875/875 848/848/848 846/846/846
f 977/977/977 839/839/839 841/841/841
f 841/841/841 989/989/989 977/977/977
f 971/971/971 966/966/966 941/941/941
f 941/941/941 979/979/979 971/971/971
f 800/800/800 991/991/991 992/992/992
f 992/992/992 802/802/802 800/800/800
f 994/994/994 827/827/827 829/829/829
f 829/829/829 996/996/996 994/994/994
f 998/998/998 804/804/804 806/806/806
f 806/806/806 1000/1000/1000 998/998/998
f 1004/1004/1004 811/811/811 804/804/804
f 804/804/804 998/998/998 1004/1004/1004
f 1006/1006/1006 793/793/793 810/810/810
f 810/810/810 1005/1005/1005 1006/1006/1006
f 1009/1009/1009 796/796/796 793/793/793
f 793/793/793 1006/1006/1006 1009/1009/1009
f 1011/1011/1011 792/792/792 796/796/796
f 796/796/796 1009/1009/1009 1011/1011/1011
f 1012/1012/1012 797/797/797 792/792/792
f 792/792/792 1011/1011/1011 1012/1012/1012
f 1015/1015/1015 790/790/790 798/798/798
f 798/798/798 1014/1014/1014 1015/1015/1015
f 1019/1019/1019 785/785/785 790/790/790
f 790/790/790 1015/1015/1015 1019/1019/1019
f 1021/1021/1021 788/788/788 786/786/786
f 786/786/786 1017/1017/1017 1021/1021/1021
f 1022/1022/1022 775/775/775 788/788/788
f 788/788/788 1021/1021/1021 1022/1022/1022
f 1024/1024/1024 777/777/777 775/775/775
f 775/775/775 1022/1022/1022 1024/1024/1024
f 1026/1026/1026 779/779/779 777/777/777
f 777/777/777 1024/1024/1024 1026/1026/1026
f 1029/1029/1029 783/783/783 779/779/779
f 779/779/779 1026/1026/1026 1029/1029/1029
f 1002/1002/1002 808/808/808 783/783/783
f 783/783/783 1029/1029/1029 1002/1002/1002
f 756/756/756 763/763/763 1030/1030/1030
f 1030/1030/1030 1032/1032/1032 756/756/756
f 1032/1032/1032 1030/1030/1030 1034/1034/1034
f 766/766/766 1036/1036/1036 1037/1037/1037
f 1037/1037/1037 769/769/769 766/766/766
f 995/995/995 1038/1038/1038 1039/1039/1039
f 1039/1039/1039 825/825/825 995/995/995
f 774/774/774 1032/1032/1032 1034/1034/1034
f 1034/1034/1034 1035/1035/1035 774/774/774
f 767/767/767 774/774/774 1035/1035/1035
f 1041/1041/1041 1043/1043/1043 1044/1044/1044
f 1044/1044/1044 1045/1045/1045 1041/1041/1041
f 1045/1045/1045 1044/1044/1044 1047/1047/1047
f 1047/1047/1047 1048/1048/1048 1045/1045/1045
f 1048/1048/1048 1047/1047/1047 1050/1050/1050
f 1050/1050/1050 1051/1051/1051 1048/1048/1048
f 1051/1051/1051 1050/1050/1050 1053/1053/1053
f 1053/1053/1053 1055/1055/1055 1051/1051/1051
f 1056/1056/1056 1058/1058/1058 1038/1038/1038
f 1038/1038/1038 995/995/995 1056/1056/1056
f 1055/1055/1055 1053/1053/1053 1058/1058/1058
f 1058/1058/1058 1056/1056/1056 1055/1055/1055
f 1060/1060/1060 1061/1061/1061 1043/1043/1043
f 1043/1043/1043 1041/1041/1041 1060/1060/1060
f 1062/1062/1062 1064/1064/1064 1061/1061/1061
f 1061/1061/1061 1060/1060/1060 1062/1062/1062
f 1065/1065/1065 1067/1067/1067 1064/1064/1064
f 1064/1064/1064 1062/1062/1062 1065/1065/1065
f 1070/1070/1070 1071/1071/1071 1067/1067/1067
f 1067/1067/1067 1065/1065/1065 1070/1070/1070
f 990/990/990 1073/1073/1073 1074/1074/1074
f 1074/1074/1074 1076/1076/1076 990/990/990
f 1076/1076/1076 1074/1074/1074 1072/1072/1072
f 1072/1072/1072 1069/1069/1069 1076/1076/1076
f 769/769/769 1037/1037/1037 1077/1077/1077
f 1077/1077/1077 801/801/801 769/769/769
f 760/760/760 1078/1078/1078 1031/1031/1031
f 1031/1031/1031 764/764/764 760/760/760
f 826/826/826 1040/1040/1040 1078/1078/1078
f 1078/1078/1078 760/760/760 826/826/826
f 801/801/801 1077/1077/1077 1073/1073/1073
f 1073/1073/1073 990/990/990 801/801/801
f 982/982/982 973/973/973 758/758/758
f 758/758/758 757/757/757 982/982/982
f 973/973/973 972/972/972 828/828/828
f 828/828/828 758/758/758 973/973/973
f 828/828/828 972/972/972 1001/1001/1001
f 1001/1001/1001 997/997/997 828/828/828
f 1079/1079/1079 1046/1046/1046 1049/1049/1049
f 1049/1049/1049 1081/1081/1081 1079/1079/1079
f 1080/1080/1080 1020/1020/1020 1018/1018/1018
f 1018/1018/1018 1084/1084/1084 1080/1080/1080
f 992/992/992 991/991/991 1075/1075/1075
f 1075/1075/1075 1085/1085/1085 992/992/992
f 1008/1008/1008 1007/1007/1007 993/993/993
f 993/993/993 1086/1086/1086 1008/1008/1008
f 1003/1003/1003 976/976/976 803/803/803
f 803/803/803 993/993/993 1003/1003/1003
f 976/976/976 988/988/988 770/770/770
f 770/770/770 803/803/803 976/976/976
f 770/770/770 988/988/988 987/987/987
f 987/987/987 773/773/773 770/770/770
f 1033/1033/1033 983/983/983 982/982/982
f 982/982/982 757/757/757 1033/1033/1033
f 987/987/987 983/983/983 1033/1033/1033
f 1033/1033/1033 773/773/773 987/987/987
f 1068/1068/1068 1088/1088/1088 1085/1085/1085
f 1085/1085/1085 1075/1075/1075 1068/1068/1068
f 1066/1066/1066 1090/1090/1090 1088/1088/1088
f 1088/1088/1088 1068/1068/1068 1066/1066/1066
f 1063/1063/1063 1091/1091/1091 1090/1090/1090
f 1090/1090/1090 1066/1066/1066 1063/1063/1063
f 1059/1059/1059 1083/1083/1083 1091/1091/1091
f 1091/1091/1091 1063/1063/1063 1059/1059/1059
f 1059/1059/1059 1042/1042/1042 1083/1083/1083
f 1083/1083/1083 1042/1042/1042 1046/1046/1046
f 1046/1046/1046 1079/1079/1079 1083/1083/1083
f 1052/1052/1052 1094/1094/1094 1081/1081/1081
f 1081/1081/1081 1049/1049/1049 1052/1052/1052
f 1054/1054/1054 1096/1096/1096 1094/1094/1094
f 1094/1094/1094 1052/1052/1052 1054/1054/1054
f 1057/1057/1057 1098/1098/1098 1096/1096/1096
f 1096/1096/1096 1054/1054/1054 1057/1057/1057
f 1057/1057/1057 994/994/994 996/996/996
f 996/996/996 1098/1098/1098 1057/1057/1057
f 1003/1003/1003 999/999/999 978/978/978
f 978/978/978 976/976/976 1003/1003/1003
f 978/978/978 999/999/999 1001/1001/1001
f 1001/1001/1001 972/972/972 978/978/978
f 993/993/993 1007/1007/1007 1003/1003/1003
f 1001/1001/1001 1028/1028/1028 997/997/997
f 1092/1092/1092 1084/1084/1084 1018/1018/1018
f 1018/1018/1018 1016/1016/1016 1092/1092/1092
f 1089/1089/1089 1092/1092/1092 1016/1016/1016
f 1016/1016/1016 1013/1013/1013 1089/1089/1089
f 1087/1087/1087 1089/1089/1089 1013/1013/1013
f 1013/1013/1013 1010/1010/1010 1087/1087/1087
f 1086/1086/1086 1087/1087/1087 1010/1010/1010
f 1010/1010/1010 1008/1008/1008 1086/1086/1086
f 1082/1082/1082 1023/1023/1023 1020/1020/1020
f 1020/1020/1020 1080/1080/1080 1082/1082/1082
f 1093/1093/1093 1025/1025/1025 1023/1023/1023
f 1023/1023/1023 1082/1082/1082 1093/1093/1093
f 1095/1095/1095 1027/1027/1027 1025/1025/1025
f 1025/1025/1025 1093/1093/1093 1095/1095/1095
f 1097/1097/1097 1028/1028/1028 1027/1027/1027
f 1027/1027/1027 1095/1095/1095 1097/1097/1097
f 1097/1097/1097 997/997/997 1028/1028/1028

