# https://github.com/mikedh/trimesh
mtllib material.mtl
usemtl material_0
v -1418.83810000 714.05620000 -48.85200000
v -1423.70260000 707.85330000 -45.96790000
v -1423.70260000 713.22670000 -52.77530000
v -1418.46700000 712.39210000 -42.39660000
v -1423.70240000 712.65070000 -61.25160000
v -1405.40010000 716.57340000 -68.00460000
v -1420.62010000 715.86910000 -58.94510000
v -1414.35230000 737.04630000 -55.19120000
v -1416.05270000 726.79320000 -54.68180000
v -1410.28810000 734.66420000 -60.78370000
v -1424.65040000 750.55810000 -56.30410000
v -1419.64620000 745.84920000 -59.42390000
v -1424.65160000 748.58590000 -59.72840000
v -1417.45120000 748.83010000 -51.48280000
v -1424.64990000 751.27060000 -52.49780000
v -1413.51640000 751.01120000 -44.08930000
v -1413.30050000 750.85210000 -48.18950000
v -1409.14620000 751.24900000 -44.65810000
v -1416.49370000 747.54160000 -49.43440000
v -1410.87260000 734.24160000 -50.50870000
v -1408.51460000 723.15790000 -45.76360000
v -1413.06860000 725.16050000 -50.15340000
v -1406.21630000 726.24460000 -64.29200000
v -1414.79740000 727.82450000 -68.85540000
v -1415.16260000 702.84170000 -98.05250000
v -1404.53960000 706.13120000 -95.92960000
v -1423.70240000 701.66200000 -94.92870000
v -1418.54050000 706.59390000 -109.98990000
v -1419.31670000 720.32790000 -110.94620000
v -1408.55540000 715.14260000 -104.14240000
v -1411.81300000 724.81010000 -93.82480000
v -1404.73270000 716.01950000 -102.61890000
v -1410.44750000 729.01010000 -101.47280000
v -1416.12230000 743.38480000 -95.07650000
v -1416.14990000 736.95200000 -95.69160000
v -1419.23580000 739.94420000 -100.18060000
v -1411.04980000 736.03770000 -95.01410000
v -1409.45950000 738.97890000 -85.71430000
v -1408.71660000 730.65310000 -90.23000000
v -1414.75610000 739.41160000 -85.67010000
v -1416.07450000 745.20900000 -88.18060000
v -1416.96090000 746.02260000 -81.04440000
v -1408.82280000 731.60460000 -84.69760000
v -1408.25200000 738.02280000 -77.85640000
v -1409.70430000 727.64580000 -82.44730000
v -1409.17210000 730.46030000 -74.32110000
v -1410.19340000 721.70760000 -78.97110000
v -1414.10740000 720.06770000 -76.50200000
v -1416.69920000 732.49260000 -72.47390000
v -1414.60820000 731.95050000 -66.95700000
v -1416.92800000 736.14750000 -68.04630000
v -1417.54170000 738.83220000 -69.54860000
v -1404.46580000 707.12630000 -76.04150000
v -1410.50590000 719.73920000 -87.14370000
v -1413.95970000 717.03090000 -88.23540000
v -1404.09770000 704.24690000 -86.78520000
v -1412.80590000 741.29120000 -64.06770000
v -1411.90260000 737.59340000 -66.30520000
v -1424.64940000 750.32820000 -63.09590000
v -1413.10640000 746.05080000 -72.37820000
v -1424.64530000 752.87660000 -69.13080000
v -1414.90190000 734.29810000 -64.74360000
v -1416.07910000 738.73700000 -67.70100000
v -1410.11280000 741.75640000 -99.65600000
v -1411.31030000 738.79010000 -102.25750000
v -1420.57500000 739.36110000 -105.04610000
v -1410.20340000 739.12340000 -105.07260000
v -1424.64480000 744.37230000 -103.53320000
v -1424.64310000 747.00360000 -96.74520000
v -1411.98800000 743.07500000 -101.67460000
v -1412.83250000 735.90240000 -109.29370000
v -1414.46240000 732.31190000 -114.06060000
v -1409.22240000 736.05790000 -110.42470000
v -1414.25810000 735.36080000 -119.44270000
v -1410.27880000 736.27800000 -114.97140000
v -1414.91800000 732.94260000 -117.58340000
v -1412.49240000 739.58390000 -116.04810000
v -1424.64530000 741.90260000 -111.82570000
v -1412.36210000 739.22890000 -114.99190000
v -1424.64400000 740.87880000 -117.71470000
v -1420.08230000 737.15190000 -109.33200000
v -1422.74120000 732.34920000 -108.51340000
v -1421.91850000 734.14370000 -113.42060000
v -1423.34840000 708.65940000 -135.51400000
v -1421.34010000 705.37010000 -138.31030000
v -1420.48540000 708.11110000 -135.81090000
v -1420.11990000 705.88540000 -140.01160000
v -1414.25240000 710.22660000 -139.99310000
v -1416.15260000 711.14390000 -141.48550000
v -1410.56100000 723.43780000 -137.96150000
v -1411.81300000 715.10670000 -140.50180000
v -1414.13500000 720.83560000 -140.66980000
v -1411.52100000 723.68320000 -139.71610000
v -1409.64430000 728.58360000 -134.06500000
v -1411.11280000 735.90300000 -126.85400000
v -1409.31130000 730.39360000 -130.08510000
v -1413.98880000 732.73020000 -136.66360000
v -1413.74150000 737.66320000 -128.24790000
v -1408.43650000 731.09300000 -135.69810000
v -1424.63820000 727.73850000 -140.65750000
v -1424.63870000 732.74950000 -137.22290000
v -1413.84990000 726.90860000 -139.81360000
v -1424.64260000 739.36740000 -123.76420000
v -1411.42970000 737.05900000 -127.35840000
v -1424.64090000 738.13490000 -128.98970000
v -1412.53960000 722.83190000 -143.37320000
v -1411.05880000 708.07260000 -148.35340000
v -1414.16020000 704.94330000 -151.59720000
v -1412.67630000 710.97160000 -149.87150000
v -1418.78300000 704.39780000 -151.29820000
v -1417.93750000 705.66080000 -153.14160000
v -1420.85820000 701.85330000 -154.63350000
v -1417.46700000 708.56880000 -153.16710000
v -1415.76420000 712.83290000 -151.42660000
v -1420.01980000 701.91370000 -156.36080000
v -1412.71220000 699.21560000 -152.28310000
v -1414.22850000 717.80490000 -148.24980000
v -1411.40330000 716.35890000 -147.11060000
v -1415.39380000 715.90230000 -155.60270000
v -1415.64550000 715.05090000 -157.64900000
v -1416.53930000 719.35390000 -155.67630000
v -1417.77610000 697.89820000 -156.01640000
v -1411.99800000 693.79600000 -156.57950000
v -1424.63700000 695.75470000 -157.90410000
v -1422.92160000 728.71930000 -117.17640000
v -1416.63500000 735.58080000 -120.16420000
v -1421.05130000 734.21640000 -117.69440000
v -1415.88500000 731.49100000 -124.30980000
v -1421.11910000 720.06600000 -129.45040000
v -1423.94020000 723.12710000 -125.59570000
v -1423.73100000 715.93910000 -130.47050000
v -1416.11130000 703.81700000 -159.40020000
v -1424.63500000 698.25780000 -158.70140000
v -1424.63110000 702.16130000 -161.20090000
v -1418.74490000 654.42470000 -151.40730000
v -1421.47750000 665.75400000 -153.09680000
v -1421.91700000 661.64900000 -146.39720000
v -1416.75760000 684.16710000 -148.25480000
v -1416.22580000 690.48540000 -149.77620000
v -1417.29050000 685.11270000 -146.47220000
v -1418.18630000 662.53130000 -145.06200000
v -1412.21120000 657.39140000 -144.82280000
v -1418.12720000 634.71160000 -154.39290000
v -1417.79740000 656.58330000 -156.77270000
v -1411.81690000 664.93240000 -156.38450000
v -1409.87570000 674.81540000 -156.09370000
v -1412.08640000 668.80900000 -152.96330000
v -1408.82570000 677.44040000 -152.54880000
v -1411.13870000 683.17140000 -149.55540000
v -1410.81350000 675.89610000 -150.47930000
v -1409.31400000 675.99620000 -157.80290000
v -1410.63670000 666.94800000 -160.06740000
v -1410.52120000 672.88350000 -161.86740000
v -1411.86450000 688.10390000 -155.85820000
v -1412.65380000 688.10230000 -159.21890000
v -1412.70310000 698.80940000 -145.93430000
v -1412.36820000 695.78050000 -143.15610000
v -1413.07010000 691.85070000 -147.37600000
v -1412.93800000 690.84240000 -140.59560000
v -1414.41190000 684.39430000 -138.30340000
v -1413.82420000 684.69570000 -144.84560000
v -1416.05150000 665.89560000 -140.39740000
v -1415.17680000 675.72050000 -136.42800000
v -1416.40410000 668.14260000 -135.77010000
v -1416.94820000 675.60360000 -144.35550000
v -1419.25680000 668.53670000 -133.55650000
v -1414.58960000 663.92380000 -133.37050000
v -1412.61130000 693.80460000 -150.02840000
v -1411.49630000 682.13260000 -154.76380000
v -1412.30790000 686.77170000 -151.97360000
v -1411.64700000 692.61400000 -153.22010000
v -1410.42530000 681.81900000 -157.82030000
v -1421.11840000 677.39350000 -132.04700000
v -1422.91140000 680.11080000 -123.38590000
v -1420.28860000 668.10990000 -130.88110000
v -1419.09590000 664.54490000 -124.59210000
v -1422.05930000 670.80130000 -112.80280000
v -1421.37260000 696.75880000 -137.32760000
v -1422.72900000 692.90490000 -115.68490000
v -1421.25120000 687.96370000 -133.96210000
v -1423.70240000 653.76880000 -118.50710000
v -1423.70260000 670.70860000 -110.82470000
v -1423.70240000 641.82560000 -119.12670000
v -1415.65670000 647.38640000 -121.42670000
v -1411.94140000 652.19760000 -134.26660000
v -1417.61110000 644.77910000 -135.91900000
v -1411.22270000 652.78520000 -138.74600000
v -1411.84160000 649.90980000 -130.10010000
v -1415.10940000 636.92530000 -130.56010000
v -1411.43290000 642.29960000 -127.28730000
v -1411.29440000 649.35770000 -142.89290000
v -1421.23880000 637.65580000 -141.13490000
v -1410.72950000 642.75820000 -146.06100000
v -1413.94870000 630.39010000 -152.55680000
v -1413.75070000 608.90970000 -151.36610000
v -1424.65480000 533.40680000 -110.60190000
v -1408.38180000 537.55180000 -109.54480000
v -1424.65720000 532.18550000 -105.86310000
v -1420.04030000 543.96020000 -110.59390000
v -1406.98320000 540.65030000 -105.93490000
v -1424.65500000 585.31090000 -146.36770000
v -1424.65330000 608.40180000 -154.47150000
v -1413.12040000 634.59540000 -127.27560000
v -1415.49930000 629.23500000 -130.51470000
v -1423.16160000 632.16390000 -134.86560000
v -1423.18190000 627.68100000 -143.68790000
v -1418.44380000 626.37180000 -130.40640000
v -1420.59060000 557.40870000 -123.93330000
v -1415.81370000 564.84840000 -110.66460000
v -1421.40230000 549.12900000 -116.90790000
v -1418.56860000 635.20670000 -122.29220000
v -1421.81250000 619.39590000 -121.28330000
v -1423.70260000 619.24130000 -119.16180000
v -1423.70240000 534.75940000 -53.76930000
v -1423.70240000 534.19880000 -47.17920000
v -1418.14010000 529.97200000 -53.23580000
v -1410.99950000 537.22280000 -90.43450000
v -1408.61500000 540.54850000 -99.26910000
v -1416.50680000 542.06850000 -87.80700000
v -1413.05860000 511.28540000 -77.62530000
v -1406.66140000 508.45690000 -73.16650000
v -1414.81690000 507.13530000 -78.19030000
v -1417.93140000 549.64770000 -102.17250000
v -1401.67990000 510.62760000 -53.00340000
v -1417.70970000 516.72030000 -66.13750000
v -1407.98360000 520.44840000 -52.56470000
v -1424.65140000 623.32060000 -159.25700000
v -1424.64890000 640.81420000 -161.30980000
v -1407.36600000 521.93640000 -46.66030000
v -1409.20610000 526.40170000 -49.90740000
v -1406.90060000 501.77960000 -45.03200000
v -1402.16870000 511.27420000 -44.40560000
v -1410.02610000 504.94620000 -38.84070000
v -1424.64990000 497.24040000 -50.04800000
v -1411.36180000 495.89940000 -43.67330000
v -1424.64530000 494.44820000 -46.92340000
v -1410.79080000 497.31710000 -38.84070000
v -1415.01860000 494.14030000 -38.84070000
v -1424.65260000 502.72100000 -69.04430000
v -1408.71120000 503.82930000 -63.25130000
v -1424.65160000 500.87060000 -66.00680000
v -1419.47270000 509.75220000 -81.96420000
v -1424.65480000 509.41490000 -82.33970000
v -1424.65870000 514.06790000 -82.28670000
v -1424.66040000 515.23520000 -79.51460000
v -1424.66060000 514.27590000 -75.65760000
v -1418.49270000 711.94540000 -38.84070000
v -1423.70260000 706.79410000 -38.84070000
v -1423.70240000 533.04460000 -38.84070000
v -1423.70240000 539.77640000 -67.57210000
v -1408.75050000 732.29590000 -64.34000000
v -1412.17070000 741.15120000 -67.53510000
v -1424.64770000 754.04750000 -49.53860000
v -1412.75630000 752.62510000 -48.98750000
v -1424.64480000 757.37270000 -46.76210000
v -1409.00290000 753.49840000 -44.85620000
v -1424.64430000 758.55310000 -38.84070000
v -1406.66940000 752.75830000 -38.84070000
v -1409.79370000 750.93480000 -38.84070000
v -1415.19260000 747.05290000 -41.90880000
v -1405.54880000 735.31290000 -42.91850000
v -1414.96920000 750.37920000 -38.84070000
v -1414.68310000 746.74450000 -38.84070000
v -1405.18770000 736.20060000 -38.84070000
v -1405.80130000 723.48690000 -38.84070000
v -1423.70240000 701.25470000 -87.91620000
v -1423.70240000 702.75050000 -73.52680000
v -1423.70260000 561.30230000 -93.09410000
v -1423.70260000 551.46940000 -80.81050000
v -1423.70260000 571.86260000 -102.57800000
v -1423.70240000 694.22710000 -100.11830000
v -1417.29320000 694.69950000 -101.88250000
v -1414.68260000 728.96850000 -103.26400000
v -1414.23880000 738.59120000 -78.20760000
v -1419.74980000 743.85640000 -74.13950000
v -1411.82080000 748.00120000 -79.81790000
v -1424.64230000 752.71890000 -77.48710000
v -1411.61110000 746.39270000 -88.25570000
v -1424.64060000 750.10170000 -87.83700000
v -1411.63280000 744.64770000 -95.35980000
v -1409.57740000 739.93870000 -107.57370000
v -1410.60770000 739.68570000 -111.44030000
v -1411.41060000 737.34550000 -118.63310000
v -1410.36400000 735.56560000 -121.05600000
v -1424.64480000 743.44570000 -107.79460000
v -1424.64380000 738.83900000 -122.52090000
v -1410.60420000 730.87870000 -125.11650000
v -1408.92990000 721.20510000 -133.39730000
v -1412.67990000 724.33010000 -128.32570000
v -1415.72880000 717.56510000 -129.95670000
v -1414.20560000 711.92860000 -136.14920000
v -1418.48750000 725.73780000 -127.90010000
v -1418.23100000 712.88070000 -132.31640000
v -1408.69170000 718.48710000 -137.53060000
v -1409.00440000 725.15840000 -137.72890000
v -1408.11870000 729.71450000 -134.44100000
v -1410.35670000 726.27940000 -138.76910000
v -1412.09690000 729.46180000 -138.40540000
v -1414.43360000 714.76570000 -144.72580000
v -1409.14990000 714.97590000 -144.16200000
v -1424.63720000 723.16190000 -144.43250000
v -1418.24950000 705.91490000 -148.62250000
v -1417.57570000 705.85860000 -156.92470000
v -1418.06910000 703.95770000 -144.86960000
v -1412.22050000 699.56620000 -149.39890000
v -1424.63550000 718.38760000 -148.86030000
v -1424.63450000 713.49840000 -152.00750000
v -1424.63530000 710.50100000 -152.80880000
v -1424.63210000 710.97560000 -156.21290000
v -1415.87400000 711.25270000 -157.58350000
v -1424.63110000 716.29140000 -154.68280000
v -1416.24390000 705.02030000 -158.03550000
v -1416.36740000 710.65140000 -159.74050000
v -1424.63040000 719.81260000 -154.09630000
v -1424.62770000 721.65730000 -157.93060000
v -1424.62840000 725.43370000 -154.00630000
v -1424.63010000 723.53740000 -152.46420000
v -1424.63060000 722.13240000 -152.40550000
v -1424.62790000 715.31030000 -160.21930000
v -1424.62840000 710.67700000 -161.42260000
v -1417.26950000 700.21840000 -157.02390000
v -1420.49930000 683.91720000 -106.95020000
v -1423.70260000 683.52670000 -105.56920000
v -1418.98830000 699.86680000 -141.91140000
v -1419.24320000 693.56190000 -139.07290000
v -1421.28960000 702.97270000 -140.52750000
v -1419.96000000 686.14720000 -136.11520000
v -1420.35940000 676.50600000 -134.34910000
v -1424.63750000 689.69150000 -160.26070000
v -1411.34080000 679.80350000 -161.74390000
v -1424.63990000 681.06440000 -162.75380000
v -1424.64380000 670.94910000 -163.38650000
v -1424.64820000 663.43100000 -161.26550000
v -1424.64890000 657.38950000 -161.05670000
v -1419.55520000 661.86850000 -157.15350000
v -1420.87180000 674.63380000 -149.49250000
v -1421.68040000 676.18510000 -145.59300000
v -1411.45120000 648.10230000 -149.22390000
v -1412.78610000 662.06850000 -139.48730000
v -1415.39770000 660.32160000 -125.11300000
v -1415.25440000 640.02070000 -133.81520000
v -1412.40770000 628.28870000 -147.55730000
v -1408.50590000 607.96050000 -146.23810000
v -1421.53690000 610.43010000 -143.54080000
v -1407.87130000 585.15420000 -140.00120000
v -1419.84860000 589.83240000 -138.34880000
v -1409.67240000 567.15690000 -132.29780000
v -1424.65650000 565.57120000 -136.86310000
v -1420.76980000 571.31130000 -130.60930000
v -1408.44850000 553.54680000 -124.33200000
v -1424.65500000 548.59250000 -126.67460000
v -1407.76660000 543.09680000 -116.09720000
v -1424.65450000 539.11170000 -118.67180000
v -1424.65990000 534.52330000 -103.10940000
v -1417.58330000 631.84160000 -133.49730000
v -1420.91750000 615.16390000 -128.49050000
v -1420.60520000 599.18920000 -124.79620000
v -1420.92800000 580.78420000 -118.80510000
v -1421.15480000 602.47130000 -118.19940000
v -1423.70260000 601.90910000 -115.45300000
v -1418.63010000 586.01070000 -113.58930000
v -1423.70260000 585.72120000 -110.42280000
v -1419.40600000 571.25520000 -105.20670000
v -1418.45830000 559.16630000 -95.03430000
v -1419.11130000 548.90800000 -82.45140000
v -1418.82640000 537.97610000 -69.03370000
v -1418.84330000 530.72300000 -75.30100000
v -1403.66940000 528.72220000 -43.84150000
v -1424.66210000 534.47670000 -98.11370000
v -1424.66330000 532.13520000 -89.78520000
v -1411.45140000 528.29500000 -81.28530000
v -1424.66380000 524.95100000 -81.80970000
v -1410.04790000 516.90500000 -74.58240000
v -1424.65190000 503.96120000 -73.08560000
v -1424.65230000 505.82990000 -78.35710000
v -1402.86080000 503.91970000 -53.06910000
v -1403.15550000 527.91500000 -38.84070000
v -1405.77560000 523.40970000 -38.84070000
v -1405.49660000 524.28450000 -43.53500000
v -1408.48750000 519.83960000 -38.84070000
v -1424.65040000 498.18260000 -56.28690000
v -1424.64330000 493.04720000 -38.84070000
v -1418.83810000 714.09420000 -28.82940000
v -1423.70260000 713.27290000 -24.90600000
v -1423.70260000 707.89030000 -31.71350000
v -1418.46700000 712.41820000 -35.28470000
v -1423.70240000 712.71460000 -16.42980000
v -1420.62010000 715.92610000 -18.73630000
v -1405.40040000 716.64830000 -9.67670000
v -1414.35230000 737.06000000 -22.49010000
v -1410.28810000 734.69650000 -16.89760000
v -1416.05270000 726.82670000 -22.99950000
v -1424.65040000 750.55810000 -21.37720000
v -1424.65160000 748.58590000 -17.95300000
v -1419.64620000 745.84970000 -18.25750000
v -1417.45120000 748.83010000 -26.19850000
v -1424.64990000 751.27060000 -25.18360000
v -1413.51640000 751.01120000 -33.59200000
v -1409.14620000 751.24900000 -33.02330000
v -1413.30050000 750.85210000 -29.49180000
v -1410.87260000 734.25040000 -27.17270000
v -1416.49370000 747.54160000 -28.24700000
v -1408.51460000 723.17700000 -31.91770000
v -1413.06860000 725.18650000 -27.52800000
v -1406.21630000 726.29980000 -13.38940000
v -1414.79740000 727.88730000 -8.82590000
v -1415.16260000 702.97500000 20.37110000
v -1423.70240000 701.78880000 17.24740000
v -1404.53960000 706.26030000 18.24820000
v -1418.54080000 706.78420000 32.30860000
v -1408.55540000 715.28030000 26.46100000
v -1419.31670000 720.46940000 33.26490000
v -1411.81300000 724.92340000 16.14350000
v -1410.44750000 729.12930000 23.79140000
v -1404.73270000 716.15390000 24.93750000
v -1416.12230000 743.46560000 17.39520000
v -1419.23580000 740.04050000 22.49920000
v -1416.14990000 737.04820000 18.01020000
v -1411.04980000 736.13480000 17.33280000
v -1408.71660000 730.75180000 12.54870000
v -1409.45970000 739.05360000 8.03300000
v -1414.75610000 739.48540000 7.98880000
v -1416.96090000 746.07090000 3.36300000
v -1416.07450000 745.27330000 10.49920000
v -1408.82280000 731.69200000 7.01630000
v -1408.25200000 738.08450000 0.17500000
v -1409.70460000 727.73540000 4.76590000
v -1410.19340000 721.79870000 1.28980000
v -1409.17210000 730.52980000 -3.36020000
v -1416.69920000 732.55440000 -5.20750000
v -1414.10740000 720.15610000 -1.17940000
v -1414.60820000 732.00200000 -10.72440000
v -1416.92820000 736.19260000 -9.63500000
v -1417.54170000 738.87460000 -8.13270000
v -1404.46580000 707.22210000 -1.63980000
v -1410.50590000 719.84710000 9.46240000
v -1413.95970000 717.14310000 10.55400000
v -1404.09770000 704.36170000 9.10380000
v -1412.80590000 741.31560000 -13.61360000
v -1411.90260000 737.63170000 -11.37620000
v -1424.64940000 750.32820000 -14.58540000
v -1424.64530000 752.87720000 -8.55060000
v -1413.10640000 746.08120000 -5.30320000
v -1414.90190000 734.34010000 -12.93780000
v -1416.07910000 738.77560000 -9.98030000
v -1410.11280000 741.84840000 21.97460000
v -1411.31030000 738.89260000 24.57620000
v -1420.57500000 739.46530000 27.36470000
v -1410.20340000 739.22910000 27.39120000
v -1424.64480000 744.46180000 25.85190000
v -1411.98800000 743.16690000 23.99320000
v -1424.64310000 747.07610000 19.06380000
v -1412.83250000 736.02010000 31.61230000
v -1409.22240000 736.17660000 32.74330000
v -1414.46240000 732.44170000 36.37920000
v -1414.25810000 735.49050000 41.76130000
v -1414.91800000 733.07490000 39.90200000
v -1410.27880000 736.40150000 37.29000000
v -1412.49240000 739.70180000 38.36670000
v -1412.36210000 739.34650000 37.31050000
v -1424.64530000 742.00870000 34.14430000
v -1424.64400000 740.99370000 40.03340000
v -1420.08230000 737.26630000 31.65070000
v -1421.91850000 734.26820000 35.73930000
v -1422.74120000 732.47080000 30.83210000
v -1423.34840000 708.80100000 57.83260000
v -1420.48540000 708.26120000 58.12950000
v -1421.34010000 705.52470000 60.62890000
v -1420.11990000 706.00680000 62.33030000
v -1414.25240000 710.27230000 62.31170000
v -1416.15260000 711.13820000 63.80410000
v -1410.56100000 723.21580000 60.28010000
v -1414.13500000 720.60890000 62.98850000
v -1411.81300000 715.03520000 62.82040000
v -1411.52100000 723.40950000 62.03470000
v -1409.64430000 728.48550000 56.38360000
v -1409.31130000 730.51570000 52.40370000
v -1411.11280000 736.03780000 49.17260000
v -1413.98880000 732.72730000 58.98220000
v -1408.43650000 731.06510000 58.01680000
v -1413.74150000 737.79550000 50.56650000
v -1424.63820000 727.31790000 62.97620000
v -1413.84990000 726.54060000 62.13220000
v -1424.63870000 732.53370000 59.54160000
v -1411.42970000 737.19200000 49.67710000
v -1424.64280000 739.49090000 46.08290000
v -1424.64090000 738.26480000 51.30840000
v -1412.53980000 722.49040000 65.69180000
v -1411.05880000 708.02090000 70.67200000
v -1412.67630000 710.81590000 72.19010000
v -1414.16020000 704.90640000 73.91580000
v -1418.78300000 704.37340000 73.61690000
v -1417.93750000 705.57880000 75.46020000
v -1420.85840000 701.83750000 76.95220000
v -1417.46700000 708.41210000 75.48580000
v -1415.76420000 712.59200000 73.74520000
v -1420.01980000 701.87460000 78.67940000
v -1412.71220000 699.28860000 74.60170000
v -1414.22850000 717.48990000 70.56840000
v -1411.40360000 716.11490000 69.42920000
v -1415.39400000 715.49190000 77.92130000
v -1416.53960000 718.83440000 77.99490000
v -1415.64550000 714.62870000 79.96760000
v -1417.77610000 697.94650000 78.33500000
v -1424.63720000 695.81960000 80.22270000
v -1411.99830000 693.90660000 78.89810000
v -1422.92160000 728.85630000 39.49500000
v -1416.63500000 735.71060000 42.48280000
v -1415.88500000 731.63170000 46.62840000
v -1421.05150000 734.34540000 40.01310000
v -1421.11910000 720.10090000 51.76910000
v -1423.73100000 716.03510000 52.78920000
v -1423.94020000 723.31740000 47.91430000
v -1416.11130000 703.69370000 81.71880000
v -1424.63110000 702.05830000 83.51950000
v -1424.63500000 698.27000000 81.02000000
v -1418.74490000 653.90090000 73.72590000
v -1421.91700000 661.28510000 68.71590000
v -1421.47750000 665.56780000 75.41550000
v -1416.75760000 684.32860000 70.57340000
v -1417.29050000 685.28690000 68.79090000
v -1416.22580000 690.66840000 72.09480000
v -1418.18650000 662.17280000 67.38060000
v -1412.21120000 656.86250000 67.14140000
v -1417.79740000 656.18550000 79.09140000
v -1418.12720000 633.72740000 76.71160000
v -1411.81690000 664.74140000 78.70310000
v -1412.08640000 668.68740000 75.28190000
v -1409.87570000 674.84530000 78.41240000
v -1408.82570000 677.50520000 74.86750000
v -1410.81350000 675.92480000 72.79790000
v -1411.13870000 683.32100000 71.87410000
v -1409.31400000 676.05380000 80.12160000
v -1410.52120000 672.90850000 84.18610000
v -1410.63670000 666.83870000 82.38600000
v -1412.65380000 688.24380000 81.53760000
v -1411.86450000 688.26080000 78.17680000
v -1412.70310000 698.96670000 68.25290000
v -1413.07010000 692.04940000 69.69470000
v -1412.36820000 695.99770000 65.47470000
v -1412.93800000 691.08340000 62.91420000
v -1413.82420000 684.86980000 67.16430000
v -1414.41190000 684.57140000 60.62200000
v -1416.05180000 665.59620000 62.71600000
v -1416.40410000 667.88140000 58.08880000
v -1415.17680000 675.69370000 58.74670000
v -1416.94820000 675.60570000 66.67410000
v -1419.25680000 668.27770000 55.87520000
v -1414.58980000 663.50240000 55.68910000
v -1412.61130000 693.97180000 72.34700000
v -1411.49630000 682.26760000 77.08250000
v -1411.64700000 692.76480000 75.53880000
v -1412.30790000 686.94380000 74.29220000
v -1410.42530000 681.95050000 80.13890000
v -1421.11840000 677.40020000 54.36560000
v -1420.28860000 667.82120000 53.19970000
v -1422.91140000 680.16690000 45.70450000
v -1419.09590000 664.09120000 46.91080000
v -1422.05960000 670.51210000 35.12140000
v -1421.37260000 697.01280000 59.64620000
v -1421.25150000 688.19540000 56.28070000
v -1422.72900000 693.23600000 38.00360000
v -1423.70240000 652.91920000 40.82580000
v -1423.70260000 670.40940000 33.14340000
v -1415.65670000 646.33020000 43.74530000
v -1423.70240000 640.62660000 41.44540000
v -1411.94140000 651.39220000 56.58520000
v -1411.22270000 652.04420000 61.06470000
v -1417.61130000 643.78410000 58.23760000
v -1411.84180000 648.99230000 52.41880000
v -1415.10940000 635.66270000 52.87870000
v -1411.43290000 641.13440000 49.60600000
v -1411.29440000 648.56230000 65.21150000
v -1410.72970000 641.82120000 68.37970000
v -1421.23880000 636.55350000 63.45360000
v -1413.94870000 629.27450000 74.87550000
v -1413.75070000 607.48560000 73.68480000
v -1424.65500000 533.31100000 32.92050000
v -1424.65720000 532.10030000 28.18170000
v -1408.38180000 537.44370000 31.86350000
v -1406.98320000 540.53980000 28.25350000
v -1420.04030000 543.83610000 32.91250000
v -1424.65330000 607.05720000 76.79020000
v -1424.65530000 583.92420000 68.68640000
v -1413.12040000 633.24400000 49.59430000
v -1415.49930000 627.81040000 52.83340000
v -1423.16160000 630.87160000 57.18430000
v -1423.18190000 626.41330000 66.00660000
v -1418.44380000 624.90560000 52.72510000
v -1420.59060000 557.15270000 46.25200000
v -1421.40230000 548.98790000 39.22650000
v -1415.81370000 564.33180000 32.98320000
v -1418.56860000 633.84640000 44.61080000
v -1421.81270000 617.78230000 43.60190000
v -1423.70260000 617.62650000 41.48050000
v -1423.70240000 534.75940000 -23.91210000
v -1418.14010000 529.97200000 -24.44550000
v -1423.70240000 534.19880000 -30.50220000
v -1410.99950000 537.14720000 12.75320000
v -1416.50680000 541.98600000 10.12560000
v -1408.61500000 540.44850000 21.58770000
v -1413.05860000 511.28540000 -0.05610000
v -1414.81690000 507.13530000 0.50900000
v -1406.66140000 508.45690000 -4.51490000
v -1417.93140000 549.52460000 24.49110000
v -1401.67990000 510.62760000 -24.67800000
v -1407.98360000 520.44840000 -25.11660000
v -1417.70970000 516.72030000 -11.54380000
v -1424.65140000 622.22490000 81.57560000
v -1424.64890000 640.10000000 83.62840000
v -1407.36600000 521.93640000 -31.02110000
v -1409.20610000 526.40170000 -27.77400000
v -1406.90060000 501.77960000 -32.64940000
v -1402.16870000 511.27420000 -33.27580000
v -1424.64990000 497.24040000 -27.63340000
v -1411.36180000 495.89940000 -34.00810000
v -1424.64530000 494.44820000 -30.75800000
v -1424.65260000 502.72100000 -8.63710000
v -1424.65160000 500.87060000 -11.67450000
v -1408.71120000 503.82930000 -14.43010000
v -1419.47270000 509.75220000 4.28290000
v -1424.65480000 509.41490000 4.65830000
v -1424.65870000 514.06790000 4.60530000
v -1424.66040000 515.23520000 1.83330000
v -1424.66060000 514.27590000 -2.02380000
v -1423.70240000 539.74510000 -10.10930000
v -1408.75050000 732.34090000 -13.34130000
v -1412.17070000 741.18380000 -10.14620000
v -1424.64770000 754.04750000 -28.14270000
v -1412.75630000 752.62510000 -28.69390000
v -1424.64480000 757.37270000 -30.91930000
v -1409.00290000 753.49840000 -32.82520000
v -1415.19260000 747.05290000 -35.77260000
v -1405.54880000 735.31290000 -34.76290000
v -1423.70240000 701.37060000 10.23480000
v -1423.70240000 702.84200000 -4.15450000
v -1423.70260000 561.18160000 15.41270000
v -1423.70260000 551.38350000 3.12910000
v -1423.70260000 571.14780000 24.89660000
v -1417.29320000 694.70340000 24.20110000
v -1423.70240000 694.21200000 22.43700000
v -1414.68260000 729.09020000 25.58260000
v -1414.23880000 738.65250000 0.52630000
v -1419.74980000 743.89580000 -3.54190000
v -1411.82080000 748.04170000 2.13650000
v -1424.64260000 752.73840000 -0.19430000
v -1411.61110000 746.45410000 10.57430000
v -1424.64060000 750.15010000 10.15570000
v -1411.63280000 744.72600000 17.67850000
v -1409.57740000 740.04580000 29.89230000
v -1410.60770000 739.79820000 33.75890000
v -1411.41060000 737.47060000 40.95180000
v -1410.36400000 735.69640000 43.37470000
v -1424.64480000 743.54320000 30.11320000
v -1424.64380000 738.96260000 44.83960000
v -1410.60420000 731.02120000 47.43510000
v -1415.72880000 717.65110000 52.27530000
v -1412.67990000 724.50320000 50.64430000
v -1408.93020000 721.15060000 55.71600000
v -1414.20560000 712.01120000 58.46790000
v -1418.48750000 725.89890000 50.21880000
v -1418.23100000 713.00930000 54.63500000
v -1408.69190000 718.40530000 59.84920000
v -1408.11870000 729.71500000 56.75960000
v -1409.00440000 724.90170000 60.04750000
v -1410.35670000 725.96310000 61.08770000
v -1412.09690000 729.06570000 60.72400000
v -1409.14990000 714.83710000 66.48060000
v -1414.43380000 714.60880000 67.04450000
v -1424.63720000 722.77550000 66.75110000
v -1418.24950000 705.89850000 70.94110000
v -1417.57590000 705.71490000 79.24330000
v -1418.06910000 704.04100000 67.18830000
v -1412.22050000 699.67000000 71.71750000
v -1424.63550000 718.03750000 71.17890000
v -1424.63450000 713.22530000 74.32610000
v -1424.63530000 710.29730000 75.12750000
v -1424.63210000 710.70060000 78.53160000
v -1424.63110000 715.88560000 77.00140000
v -1415.87400000 710.94710000 79.90210000
v -1416.24390000 704.88370000 80.35410000
v -1416.36740000 710.32870000 82.05910000
v -1424.63040000 719.31120000 76.41490000
v -1424.62770000 721.02250000 80.24930000
v -1424.63010000 722.95710000 74.78280000
v -1424.62870000 724.76250000 76.32490000
v -1424.63060000 721.59580000 74.72420000
v -1424.62790000 714.83610000 82.53800000
v -1424.62870000 710.32930000 83.74130000
v -1417.26950000 700.20970000 79.34250000
v -1420.49930000 684.03360000 29.26890000
v -1423.70260000 683.62510000 27.88780000
v -1418.98850000 700.05180000 64.23010000
v -1419.24320000 693.81110000 61.39160000
v -1421.28960000 703.13170000 62.84610000
v -1419.96000000 686.35110000 58.43380000
v -1420.35940000 676.49580000 56.66770000
v -1424.63770000 689.81410000 82.57930000
v -1424.63990000 681.19290000 85.07240000
v -1411.34080000 679.92080000 84.06250000
v -1424.64380000 670.96070000 85.70510000
v -1424.64820000 663.27020000 83.58420000
v -1419.55520000 661.61850000 79.47210000
v -1424.64890000 657.08010000 83.37540000
v -1421.68070000 676.20790000 67.91170000
v -1420.87180000 674.63760000 71.81110000
v -1411.45120000 647.35520000 71.54250000
v -1412.78640000 661.63410000 61.80590000
v -1415.39770000 659.71590000 47.43160000
v -1415.25440000 638.86850000 56.13390000
v -1412.40770000 627.05140000 69.87590000
v -1408.50590000 606.45040000 68.55680000
v -1421.53690000 608.93630000 65.85940000
v -1407.87130000 583.67580000 62.31980000
v -1419.84860000 588.30740000 60.66750000
v -1424.65650000 564.71390000 59.18180000
v -1409.67240000 566.19510000 54.61650000
v -1420.76980000 570.20640000 52.92800000
v -1408.44850000 553.39010000 46.65060000
v -1424.65500000 548.44380000 48.99320000
v -1424.65450000 538.99030000 40.99050000
v -1407.76660000 542.96690000 38.41580000
v -1424.65990000 534.43540000 25.42800000
v -1417.58330000 630.50490000 55.81590000
v -1420.91770000 613.55100000 50.80920000
v -1420.60520000 597.52530000 47.11480000
v -1420.92800000 579.42350000 41.12380000
v -1421.15480000 600.78420000 40.51810000
v -1423.70260000 600.23940000 37.77160000
v -1418.63010000 584.54150000 35.90800000
v -1423.70260000 584.31470000 32.74140000
v -1419.40600000 570.48080000 27.52540000
v -1418.45830000 559.04270000 17.35290000
v -1419.11130000 548.82210000 4.77010000
v -1418.82640000 537.94510000 -8.64770000
v -1418.84330000 530.69910000 -2.38030000
v -1403.66940000 528.72220000 -33.83980000
v -1424.66210000 534.39720000 20.43230000
v -1424.66330000 532.07800000 12.10380000
v -1411.45140000 528.26530000 3.60400000
v -1424.66380000 524.93410000 4.12830000
v -1410.04790000 516.90500000 -3.09900000
v -1424.65190000 503.96120000 -4.59580000
v -1424.65230000 505.82990000 0.67580000
v -1402.86080000 503.91970000 -24.61220000
v -1405.49660000 524.28450000 -34.14640000
v -1424.65040000 498.18260000 -21.39450000
v 1294.18080000 261.82760000 -25.90790000
v 1299.04530000 255.62480000 -28.79200000
v 1299.04530000 260.99820000 -21.98460000
v 1293.80970000 260.16350000 -32.36330000
v 1299.04520000 260.42210000 -13.50830000
v 1280.74290000 264.34480000 -6.75530000
v 1295.96280000 263.64050000 -15.81480000
v 1289.69490000 284.81770000 -19.56860000
v 1291.39540000 274.56460000 -20.07800000
v 1285.63060000 282.43560000 -13.97620000
v 1299.85690000 298.32960000 -18.45580000
v 1294.98900000 293.62070000 -15.33600000
v 1299.85790000 296.35740000 -15.03150000
v 1292.79380000 296.60160000 -23.27710000
v 1299.85670000 299.04210000 -22.26210000
v 1288.85900000 298.78260000 -30.67060000
v 1288.64310000 298.62350000 -26.57030000
v 1284.48880000 299.02040000 -30.10180000
v 1291.83620000 295.31300000 -25.32550000
v 1286.21520000 282.01300000 -24.25120000
v 1283.85740000 270.92930000 -28.99620000
v 1288.41130000 272.93190000 -24.60650000
v 1281.55900000 274.01600000 -10.46790000
v 1290.14010000 275.59600000 -5.90440000
v 1290.50520000 250.61310000 23.29260000
v 1279.88230000 253.90260000 21.16970000
v 1299.04500000 249.43340000 20.16880000
v 1293.88330000 254.36530000 35.23000000
v 1294.65930000 268.09930000 36.18630000
v 1283.89810000 262.91400000 29.38250000
v 1287.15550000 272.58150000 19.06490000
v 1280.07530000 263.79090000 27.85900000
v 1285.79030000 276.78160000 26.71290000
v 1291.46510000 291.15620000 20.31670000
v 1291.49270000 284.72340000 20.93170000
v 1294.57850000 287.71560000 25.42070000
v 1286.39250000 283.80910000 20.25430000
v 1284.80220000 286.75030000 10.95450000
v 1284.05930000 278.42450000 15.47020000
v 1290.09860000 287.18300000 10.91030000
v 1291.41710000 292.98050000 13.42070000
v 1292.30370000 293.79400000 6.28450000
v 1284.16540000 279.37600000 9.93780000
v 1283.59460000 285.79420000 3.09650000
v 1285.04710000 275.41710000 7.68740000
v 1284.51490000 278.23170000 -0.43870000
v 1285.53610000 269.47900000 4.21130000
v 1289.45000000 267.83910000 1.74210000
v 1292.04190000 280.26400000 -2.28600000
v 1289.95080000 279.72190000 -7.80290000
v 1292.27080000 283.91890000 -6.71350000
v 1292.88430000 286.60370000 -5.21120000
v 1279.80850000 254.89770000 1.28170000
v 1285.84860000 267.51060000 12.38390000
v 1289.30240000 264.80230000 13.47550000
v 1279.44030000 252.01830000 12.02530000
v 1288.14870000 289.06260000 -10.69220000
v 1287.24510000 285.36480000 -8.45470000
v 1299.85630000 298.09970000 -11.66400000
v 1288.44910000 293.82230000 -2.38170000
v 1299.85340000 300.64800000 -5.62910000
v 1290.24460000 282.06950000 -10.01630000
v 1291.42190000 286.50850000 -7.05880000
v 1285.45540000 289.52790000 24.89610000
v 1286.65300000 286.56150000 27.49770000
v 1295.91770000 287.13250000 30.28620000
v 1285.54600000 286.89480000 30.31270000
v 1299.85300000 292.14360000 28.77330000
v 1299.85180000 294.77500000 21.98530000
v 1287.33070000 290.84640000 26.91470000
v 1288.17520000 283.67380000 34.53380000
v 1289.80510000 280.08330000 39.30070000
v 1284.56510000 283.82930000 35.66480000
v 1289.60070000 283.13220000 44.68280000
v 1285.62160000 284.04940000 40.21150000
v 1290.26070000 280.71400000 42.82350000
v 1287.83510000 287.35530000 41.28820000
v 1299.85340000 289.67400000 37.06580000
v 1287.70470000 287.00030000 40.23200000
v 1299.85250000 288.65020000 42.95480000
v 1295.42490000 284.92330000 34.57220000
v 1298.08400000 280.12070000 33.75360000
v 1297.26100000 281.91520000 38.66070000
v 1298.69100000 256.43080000 60.75410000
v 1296.68270000 253.14150000 63.55040000
v 1295.82810000 255.88250000 61.05100000
v 1295.46250000 253.65690000 65.25180000
v 1289.59520000 257.99800000 65.23320000
v 1291.49520000 258.91530000 66.72560000
v 1285.90380000 271.20920000 63.20160000
v 1287.15560000 262.87810000 65.74190000
v 1289.47770000 268.60700000 65.91000000
v 1286.86380000 271.45460000 64.95620000
v 1284.98710000 276.35500000 59.30510000
v 1286.45540000 283.67440000 52.09410000
v 1284.65390000 278.16500000 55.32520000
v 1289.33140000 280.50160000 61.90370000
v 1289.08420000 285.43460000 53.48800000
v 1283.77930000 278.86440000 60.93820000
v 1299.84830000 275.51000000 65.89770000
v 1299.84860000 280.52080000 62.46300000
v 1289.19250000 274.68000000 65.05370000
v 1299.85140000 287.13880000 49.00440000
v 1286.77250000 284.83040000 52.59850000
v 1299.85010000 285.90630000 54.22990000
v 1287.88230000 270.60330000 68.61330000
v 1286.40150000 255.84400000 73.59350000
v 1289.50280000 252.71470000 76.83730000
v 1288.01890000 258.74300000 75.11160000
v 1294.12560000 252.16930000 76.53830000
v 1293.28020000 253.43220000 78.38170000
v 1296.20090000 249.62470000 79.87370000
v 1292.80970000 256.34020000 78.40720000
v 1291.10690000 260.60430000 76.66670000
v 1295.36250000 249.68520000 81.60090000
v 1288.05490000 246.98710000 77.52320000
v 1289.57130000 265.57630000 73.48990000
v 1286.74610000 264.13030000 72.35070000
v 1290.73660000 263.67380000 80.84280000
v 1290.98820000 262.82230000 82.88910000
v 1291.88220000 267.12540000 80.91640000
v 1293.11880000 245.66960000 81.25650000
v 1287.34090000 241.56740000 81.81960000
v 1299.84740000 243.52610000 83.14420000
v 1298.26440000 276.49070000 42.41650000
v 1291.97770000 283.35230000 45.40430000
v 1296.39400000 281.98780000 42.93450000
v 1291.22780000 279.26250000 49.54990000
v 1296.46180000 267.83750000 54.69050000
v 1299.28300000 270.89850000 50.83580000
v 1299.07370000 263.71050000 55.71070000
v 1291.45400000 251.58840000 84.64030000
v 1299.84580000 246.02910000 83.94150000
v 1299.84310000 249.93270000 86.44100000
v 1294.08760000 202.19620000 76.64740000
v 1296.82020000 213.52540000 78.33690000
v 1297.25980000 209.42050000 71.63730000
v 1292.10030000 231.93850000 73.49490000
v 1291.56850000 238.25680000 75.01630000
v 1292.63330000 232.88410000 71.71230000
v 1293.52910000 210.30270000 70.30210000
v 1287.55380000 205.16280000 70.06290000
v 1293.46980000 182.48300000 79.63300000
v 1293.14010000 204.35470000 82.01280000
v 1287.15950000 212.70380000 81.62460000
v 1285.21840000 222.58680000 81.33380000
v 1287.42920000 216.58040000 78.20340000
v 1284.16850000 225.21180000 77.78900000
v 1286.48130000 230.94280000 74.79550000
v 1286.15610000 223.66750000 75.71940000
v 1284.65670000 223.76760000 83.04300000
v 1285.97940000 214.71940000 85.30750000
v 1285.86390000 220.65500000 87.10750000
v 1287.20730000 235.87530000 81.09830000
v 1287.99650000 235.87370000 84.45900000
v 1288.04580000 246.58080000 71.17440000
v 1287.71090000 243.55190000 68.39620000
v 1288.41280000 239.62210000 72.61610000
v 1288.28060000 238.61380000 65.83570000
v 1289.75460000 232.16570000 63.54350000
v 1289.16690000 232.46710000 70.08580000
v 1291.39430000 213.66700000 65.63750000
v 1290.51940000 223.49190000 61.66810000
v 1291.74680000 215.91400000 61.01020000
v 1292.29090000 223.37500000 69.59560000
v 1294.59950000 216.30820000 58.79660000
v 1289.93240000 211.69520000 58.61060000
v 1287.95410000 241.57600000 75.26850000
v 1286.83900000 229.90410000 80.00400000
v 1287.65050000 234.54310000 77.21370000
v 1286.98960000 240.38540000 78.46020000
v 1285.76810000 229.59040000 83.06040000
v 1296.46110000 225.16490000 57.28710000
v 1298.25400000 227.88220000 48.62600000
v 1295.63120000 215.88130000 56.12120000
v 1294.43870000 212.31630000 49.83220000
v 1297.40210000 218.57270000 38.04290000
v 1296.71520000 244.53020000 62.56770000
v 1298.07180000 240.67630000 40.92500000
v 1296.59400000 235.73520000 59.20220000
v 1299.04520000 201.54020000 43.74720000
v 1299.04530000 218.48000000 36.06480000
v 1299.04520000 189.59700000 44.36680000
v 1290.99940000 195.15780000 46.66680000
v 1287.28410000 199.96900000 59.50670000
v 1292.95390000 192.55050000 61.15910000
v 1286.56540000 200.55660000 63.98610000
v 1287.18430000 197.68120000 55.34020000
v 1290.45210000 184.69670000 55.80020000
v 1286.77550000 190.07100000 52.52740000
v 1286.63710000 197.12910000 68.13300000
v 1296.58140000 185.42720000 66.37510000
v 1286.07230000 190.52960000 71.30110000
v 1289.29140000 178.16150000 77.79700000
v 1289.09340000 156.68110000 76.60620000
v 1299.86040000 81.17820000 35.84200000
v 1283.72440000 85.32320000 34.78500000
v 1299.86210000 79.95700000 31.10320000
v 1295.38310000 91.73160000 35.83400000
v 1282.32580000 88.42170000 31.17500000
v 1299.86050000 133.08230000 71.60790000
v 1299.85930000 156.17320000 79.71160000
v 1288.46310000 182.36680000 52.51570000
v 1290.84200000 177.00640000 55.75480000
v 1298.50440000 179.93530000 60.10570000
v 1298.52450000 175.45240000 68.92800000
v 1293.78660000 174.14320000 55.64650000
v 1295.93320000 105.18010000 49.17350000
v 1291.15640000 112.61980000 35.90470000
v 1296.74500000 96.90050000 42.14800000
v 1293.91130000 182.97810000 47.53230000
v 1297.15530000 167.16730000 46.52340000
v 1299.04530000 167.01270000 44.40190000
v 1299.04520000 82.53080000 -20.99060000
v 1299.04520000 81.97020000 -27.58070000
v 1293.48280000 77.74340000 -21.52400000
v 1286.34220000 84.99420000 15.67470000
v 1283.95760000 88.31990000 24.50920000
v 1291.84950000 89.83990000 13.04710000
v 1288.40140000 59.05680000 2.86540000
v 1282.00400000 56.22830000 -1.59340000
v 1290.15950000 54.90670000 3.43040000
v 1293.27420000 97.41910000 27.41260000
v 1277.02270000 58.39900000 -21.75650000
v 1293.05250000 64.49170000 -8.62240000
v 1283.32640000 68.21980000 -22.19520000
v 1299.85780000 171.09200000 84.49710000
v 1299.85610000 188.58560000 86.54990000
v 1282.70870000 69.70780000 -28.09960000
v 1284.54860000 74.17310000 -24.85250000
v 1282.24320000 49.55100000 -29.72790000
v 1277.51150000 59.04560000 -30.35430000
v 1285.36890000 52.71760000 -35.91920000
v 1299.85670000 45.01190000 -24.71190000
v 1286.70460000 43.67080000 -31.08660000
v 1299.85340000 42.21970000 -27.83650000
v 1286.13350000 45.08850000 -35.91920000
v 1290.36130000 41.91170000 -35.91920000
v 1299.85860000 50.49240000 -5.71560000
v 1284.05380000 51.60070000 -11.50860000
v 1299.85790000 48.64200000 -8.75310000
v 1294.81520000 57.52360000 7.20440000
v 1299.86020000 57.18630000 7.57980000
v 1299.86320000 61.83940000 7.52680000
v 1299.86430000 63.00660000 4.75480000
v 1299.86450000 62.04730000 0.89770000
v 1293.83530000 259.71690000 -35.91920000
v 1299.04530000 254.56550000 -35.91920000
v 1299.04520000 80.81600000 -35.91920000
v 1299.04520000 87.54780000 -7.18780000
v 1284.09300000 280.06730000 -10.41980000
v 1287.51340000 288.92260000 -7.22470000
v 1299.85510000 301.81900000 -25.22130000
v 1288.09900000 300.39650000 -25.77240000
v 1299.85290000 305.14410000 -27.99780000
v 1284.34550000 301.26980000 -29.90370000
v 1299.85250000 306.32460000 -35.91920000
v 1282.01210000 300.52970000 -35.91920000
v 1285.13650000 298.70620000 -35.91920000
v 1290.53540000 294.82420000 -32.85110000
v 1280.89160000 283.08430000 -31.84140000
v 1290.31200000 298.15060000 -35.91920000
v 1290.02560000 294.51600000 -35.91920000
v 1280.53040000 283.97200000 -35.91920000
v 1281.14380000 271.25830000 -35.91920000
v 1299.04500000 249.02610000 13.15630000
v 1299.04520000 250.52190000 -1.23310000
v 1299.04520000 109.07370000 18.33420000
v 1299.04520000 99.24070000 6.05060000
v 1299.04530000 119.63400000 27.81810000
v 1299.04520000 241.99850000 25.35850000
v 1292.63590000 242.47090000 27.12260000
v 1290.02540000 276.73990000 28.50410000
v 1289.58140000 286.36260000 3.44780000
v 1295.09240000 291.62780000 -0.62040000
v 1287.16360000 295.77260000 5.05800000
v 1299.85130000 300.49030000 2.72720000
v 1286.95370000 294.16410000 13.49580000
v 1299.85000000 297.87320000 13.07720000
v 1286.97550000 292.41910000 20.59990000
v 1284.92020000 287.71010000 32.81380000
v 1285.95030000 287.45710000 36.68040000
v 1286.75340000 285.11690000 43.87330000
v 1285.70670000 283.33700000 46.29620000
v 1299.85300000 291.21710000 33.03470000
v 1299.85230000 286.61040000 47.76100000
v 1285.94690000 278.65020000 50.35660000
v 1284.27270000 268.97650000 58.63750000
v 1288.02270000 272.10160000 53.56580000
v 1291.07140000 265.33650000 55.19680000
v 1289.54830000 259.70010000 61.38930000
v 1293.83030000 273.50920000 53.14030000
v 1293.57370000 260.65210000 57.55650000
v 1284.03440000 266.25850000 62.77070000
v 1284.34700000 272.92980000 62.96900000
v 1283.46140000 277.48590000 59.68110000
v 1285.69950000 274.05080000 64.00920000
v 1287.43960000 277.23320000 63.64550000
v 1289.77640000 262.53710000 69.96600000
v 1284.49270000 262.74730000 69.40210000
v 1299.84750000 270.93330000 69.67260000
v 1293.59230000 253.68630000 73.86260000
v 1292.91860000 253.63010000 82.16480000
v 1293.41190000 251.72920000 70.10970000
v 1287.56310000 247.33760000 74.63900000
v 1299.84620000 266.15910000 74.10040000
v 1299.84560000 261.26980000 77.24760000
v 1299.84610000 258.27240000 78.04900000
v 1299.84380000 258.74700000 81.45300000
v 1291.21680000 259.02410000 82.82360000
v 1299.84300000 264.06290000 79.92290000
v 1291.58670000 252.79170000 83.27560000
v 1291.71020000 258.42280000 84.98060000
v 1299.84250000 267.58400000 79.33640000
v 1299.84060000 269.42870000 83.17080000
v 1299.84120000 273.20520000 79.24640000
v 1299.84230000 271.30880000 77.70430000
v 1299.84280000 269.90380000 77.64560000
v 1299.84080000 263.08170000 85.45940000
v 1299.84120000 258.44840000 86.66280000
v 1292.61220000 247.98980000 82.26400000
v 1295.84200000 231.68870000 32.19030000
v 1299.04520000 231.29810000 30.80930000
v 1294.33110000 247.63820000 67.15150000
v 1294.58580000 241.33330000 64.31300000
v 1296.63220000 250.74410000 65.76760000
v 1295.30260000 233.91870000 61.35530000
v 1295.70200000 224.27740000 59.58920000
v 1299.84780000 237.46290000 85.50080000
v 1286.68360000 227.57490000 86.98400000
v 1299.84950000 228.83580000 87.99390000
v 1299.85230000 218.72050000 88.62660000
v 1299.85550000 211.20240000 86.50560000
v 1299.85610000 205.16090000 86.29680000
v 1294.89780000 209.63990000 82.39360000
v 1296.21460000 222.40520000 74.73260000
v 1297.02320000 223.95650000 70.83310000
v 1286.79380000 195.87370000 74.46400000
v 1288.12890000 209.84000000 64.72740000
v 1290.74040000 208.09300000 50.35310000
v 1290.59690000 187.79210000 59.05530000
v 1287.75050000 176.06010000 72.79740000
v 1283.84860000 155.73190000 71.47820000
v 1296.87950000 158.20140000 68.78090000
v 1283.21410000 132.92560000 65.24130000
v 1295.19130000 137.60390000 63.58890000
v 1285.01510000 114.92830000 57.53790000
v 1299.86150000 113.34250000 62.10330000
v 1296.11250000 119.08280000 55.84950000
v 1283.79110000 101.31820000 49.57210000
v 1299.86050000 96.36390000 51.91470000
v 1283.10930000 90.86820000 41.33730000
v 1299.86010000 86.88310000 43.91190000
v 1299.86400000 82.29480000 28.34950000
v 1292.92600000 179.61290000 58.73740000
v 1296.26030000 162.93530000 53.73060000
v 1295.94790000 146.96060000 50.03630000
v 1296.27060000 128.55560000 44.04520000
v 1296.49760000 150.24270000 43.43950000
v 1299.04530000 149.68050000 40.69310000
v 1293.97280000 133.78220000 38.82950000
v 1299.04530000 133.49260000 35.66290000
v 1294.74870000 119.02670000 30.44680000
v 1293.80100000 106.93770000 20.27440000
v 1294.45390000 96.67940000 7.69150000
v 1294.16910000 85.74760000 -5.72620000
v 1294.18590000 78.49450000 0.54110000
v 1279.01200000 76.49360000 -30.91840000
v 1299.86550000 82.24820000 23.35380000
v 1299.86650000 79.90660000 15.02530000
v 1286.79420000 76.06650000 6.52540000
v 1299.86680000 72.72250000 7.04980000
v 1285.39050000 64.67640000 -0.17750000
v 1299.85800000 51.73270000 -1.67430000
v 1299.85840000 53.60140000 3.59730000
v 1278.20340000 51.69110000 -21.69070000
v 1278.49830000 75.68640000 -35.91920000
v 1281.11820000 71.18110000 -35.91920000
v 1280.83940000 72.05590000 -31.22490000
v 1283.83030000 67.61100000 -35.91920000
v 1299.85720000 45.95410000 -18.47300000
v 1299.85210000 40.81860000 -35.91920000
v 1294.18080000 261.86570000 -45.93050000
v 1299.04530000 261.04440000 -49.85380000
v 1299.04530000 255.66170000 -43.04640000
v 1293.80970000 260.18960000 -39.47520000
v 1299.04520000 260.48610000 -58.33010000
v 1295.96280000 263.69750000 -56.02360000
v 1280.74290000 264.41960000 -65.08320000
v 1289.69490000 284.83140000 -52.26980000
v 1285.63060000 282.46790000 -57.86220000
v 1291.39540000 274.59810000 -51.76040000
v 1299.85690000 298.32960000 -53.38260000
v 1299.85790000 296.35740000 -56.80690000
v 1294.98900000 293.62110000 -56.50240000
v 1292.79380000 296.60160000 -48.56130000
v 1299.85670000 299.04210000 -49.57630000
v 1288.85900000 298.78260000 -41.16780000
v 1284.48880000 299.02040000 -41.73660000
v 1288.64310000 298.62350000 -45.26810000
v 1286.21520000 282.02180000 -47.58720000
v 1291.83620000 295.31300000 -46.51290000
v 1283.85740000 270.94840000 -42.84220000
v 1288.41130000 272.95790000 -47.23190000
v 1281.55880000 274.07120000 -61.37050000
v 1290.14010000 275.65870000 -65.93400000
v 1290.50510000 250.74640000 -95.13100000
v 1299.04500000 249.56020000 -92.00730000
v 1279.88220000 254.03170000 -93.00810000
v 1293.88330000 254.55570000 -107.06850000
v 1283.89790000 263.05180000 -101.22090000
v 1294.65920000 268.24080000 -108.02470000
v 1287.15550000 272.69480000 -90.90330000
v 1285.79020000 276.90070000 -98.55130000
v 1280.07530000 263.92530000 -99.69740000
v 1291.46510000 291.23700000 -92.15510000
v 1294.57850000 287.81190000 -97.25910000
v 1291.49270000 284.81960000 -92.77010000
v 1286.39250000 283.90620000 -92.09270000
v 1284.05930000 278.52330000 -87.30860000
v 1284.80220000 286.82510000 -82.79290000
v 1290.09860000 287.25680000 -82.74870000
v 1292.30370000 293.84240000 -78.12290000
v 1291.41710000 293.04470000 -85.25910000
v 1284.16530000 279.46340000 -81.77620000
v 1283.59460000 285.85590000 -74.93490000
v 1285.04710000 275.50680000 -79.52580000
v 1285.53610000 269.57010000 -76.04970000
v 1284.51490000 278.30120000 -71.39970000
v 1292.04190000 280.32590000 -69.55240000
v 1289.45000000 267.92750000 -73.58050000
v 1289.95080000 279.77340000 -64.03550000
v 1292.27080000 283.96410000 -65.12490000
v 1292.88430000 286.64600000 -66.62720000
v 1279.80850000 254.99350000 -73.12010000
v 1285.84860000 267.61860000 -84.22230000
v 1289.30240000 264.91460000 -85.31390000
v 1279.44030000 252.13310000 -83.86370000
v 1288.14870000 289.08690000 -61.14620000
v 1287.24510000 285.40320000 -63.38370000
v 1299.85630000 298.09970000 -60.17440000
v 1299.85340000 300.64870000 -66.20930000
v 1288.44900000 293.85270000 -69.45670000
v 1290.24460000 282.11150000 -61.82210000
v 1291.42180000 286.54710000 -64.77960000
v 1285.45540000 289.61980000 -96.73450000
v 1286.65280000 286.66400000 -99.33600000
v 1295.91760000 287.23670000 -102.12460000
v 1285.54600000 287.00050000 -102.15110000
v 1299.85300000 292.23320000 -100.61170000
v 1287.33060000 290.93830000 -98.75310000
v 1299.85180000 294.84750000 -93.82370000
v 1288.17500000 283.79160000 -106.37220000
v 1284.56510000 283.94800000 -107.50320000
v 1289.80490000 280.21310000 -111.13910000
v 1289.60070000 283.26200000 -116.52120000
v 1290.26060000 280.84630000 -114.66190000
v 1285.62160000 284.17290000 -112.04990000
v 1287.83500000 287.47320000 -113.12660000
v 1287.70460000 287.11790000 -112.07040000
v 1299.85330000 289.78020000 -108.90420000
v 1299.85250000 288.76510000 -114.79320000
v 1295.42480000 285.03770000 -106.41060000
v 1297.26100000 282.03960000 -110.49920000
v 1298.08400000 280.24220000 -105.59190000
v 1298.69090000 256.57240000 -132.59250000
v 1295.82810000 256.03260000 -132.88940000
v 1296.68260000 253.29610000 -135.38880000
v 1295.46250000 253.77830000 -137.09020000
v 1289.59520000 258.04380000 -137.07160000
v 1291.49510000 258.90960000 -138.56400000
v 1285.90380000 270.98720000 -135.04000000
v 1289.47750000 268.38040000 -137.74840000
v 1287.15560000 262.80660000 -137.58030000
v 1286.86380000 271.18090000 -136.79460000
v 1284.98690000 276.25690000 -131.14350000
v 1284.65390000 278.28710000 -127.16360000
v 1286.45530000 283.80930000 -123.93250000
v 1289.33130000 280.49870000 -133.74210000
v 1283.77930000 278.83650000 -132.77660000
v 1289.08410000 285.56690000 -125.32640000
v 1299.84830000 275.08930000 -137.73610000
v 1289.19240000 274.31200000 -136.89210000
v 1299.84850000 280.30510000 -134.30150000
v 1286.77250000 284.96340000 -124.43690000
v 1299.85140000 287.26230000 -120.84280000
v 1299.85010000 286.03620000 -126.06830000
v 1287.88230000 270.26170000 -140.45170000
v 1286.40150000 255.79230000 -145.43190000
v 1288.01880000 258.58730000 -146.95000000
v 1289.50280000 252.67780000 -148.67570000
v 1294.12560000 252.14480000 -148.37680000
v 1293.28000000 253.35030000 -150.22010000
v 1296.20090000 249.60890000 -151.71210000
v 1292.80960000 256.18350000 -150.24570000
v 1291.10680000 260.36340000 -148.50510000
v 1295.36250000 249.64600000 -153.43930000
v 1288.05490000 247.06000000 -149.36160000
v 1289.57120000 265.26130000 -145.32830000
v 1286.74610000 263.88630000 -144.18910000
v 1290.73660000 263.26330000 -152.68120000
v 1291.88210000 266.60580000 -152.75480000
v 1290.98800000 262.40010000 -154.72750000
v 1293.11870000 245.71790000 -153.09490000
v 1299.84740000 243.59110000 -154.98260000
v 1287.34080000 241.67800000 -153.65800000
v 1298.26440000 276.62770000 -114.25490000
v 1291.97750000 283.48200000 -117.24270000
v 1291.22770000 279.40310000 -121.38830000
v 1296.39400000 282.11680000 -114.77290000
v 1296.46180000 267.87230000 -126.52900000
v 1299.07360000 263.80650000 -127.54910000
v 1299.28300000 271.08890000 -122.67420000
v 1291.45400000 251.46510000 -156.47870000
v 1299.84300000 249.82970000 -158.27940000
v 1299.84580000 246.04140000 -155.77990000
v 1294.08750000 201.67230000 -148.48580000
v 1297.25960000 209.05650000 -143.47580000
v 1296.82010000 213.33920000 -150.17530000
v 1292.10020000 232.10000000 -145.33330000
v 1292.63320000 233.05830000 -143.55080000
v 1291.56850000 238.43980000 -146.85470000
v 1293.52910000 209.94420000 -142.14050000
v 1287.55370000 204.63390000 -141.90130000
v 1293.14000000 203.95700000 -153.85120000
v 1293.46970000 181.49880000 -151.47150000
v 1287.15940000 212.51280000 -153.46300000
v 1287.42910000 216.45880000 -150.04180000
v 1285.21840000 222.61670000 -153.17220000
v 1284.16830000 225.27660000 -149.62740000
v 1286.15610000 223.69620000 -147.55780000
v 1286.48120000 231.09250000 -146.63390000
v 1284.65660000 223.82520000 -154.88140000
v 1285.86390000 220.67990000 -158.94590000
v 1285.97920000 214.61010000 -157.14590000
v 1287.99630000 236.01520000 -156.29750000
v 1287.20720000 236.03220000 -152.93670000
v 1288.04570000 246.73810000 -143.01280000
v 1288.41270000 239.82080000 -144.45450000
v 1287.71090000 243.76910000 -140.23460000
v 1288.28050000 238.85480000 -137.67410000
v 1289.16670000 232.64120000 -141.92420000
v 1289.75450000 232.34280000 -135.38190000
v 1291.39430000 213.36760000 -137.47590000
v 1291.74670000 215.65280000 -132.84860000
v 1290.51940000 223.46520000 -133.50660000
v 1292.29090000 223.37710000 -141.43400000
v 1294.59950000 216.04920000 -130.63510000
v 1289.93240000 211.27380000 -130.44900000
v 1287.95410000 241.74320000 -147.10690000
v 1286.83900000 230.03900000 -151.84230000
v 1286.98950000 240.53620000 -150.29860000
v 1287.65040000 234.71520000 -149.05210000
v 1285.76790000 229.72190000 -154.89880000
v 1296.46110000 225.17160000 -129.12550000
v 1295.63110000 215.59260000 -127.95960000
v 1298.25390000 227.93830000 -120.46440000
v 1294.43860000 211.86260000 -121.67070000
v 1297.40210000 218.28350000 -109.88130000
v 1296.71510000 244.78420000 -134.40610000
v 1296.59400000 235.96680000 -131.04060000
v 1298.07180000 241.00740000 -112.76350000
v 1299.04500000 200.69060000 -115.58570000
v 1299.04530000 218.18080000 -107.90330000
v 1290.99940000 194.10160000 -118.50520000
v 1299.04520000 188.39800000 -116.20530000
v 1287.28410000 199.16360000 -131.34510000
v 1286.56530000 199.81560000 -135.82460000
v 1292.95390000 191.55560000 -132.99750000
v 1287.18430000 196.76370000 -127.17860000
v 1290.45210000 183.43410000 -127.63860000
v 1286.77540000 188.90590000 -124.36580000
v 1286.63700000 196.33370000 -139.97140000
v 1286.07230000 189.59260000 -143.13950000
v 1296.58140000 184.32490000 -138.21350000
v 1289.29140000 177.04600000 -149.63540000
v 1289.09330000 155.25700000 -148.44470000
v 1299.86040000 81.08250000 -107.68040000
v 1299.86210000 79.87170000 -102.94160000
v 1283.72440000 85.21510000 -106.62340000
v 1282.32580000 88.31120000 -103.01340000
v 1295.38310000 91.60750000 -107.67240000
v 1299.85930000 154.82860000 -151.55010000
v 1299.86050000 131.69560000 -143.44630000
v 1288.46310000 181.01550000 -124.35410000
v 1290.84190000 175.58180000 -127.59330000
v 1298.50430000 178.64300000 -131.94420000
v 1298.52440000 174.18470000 -140.76650000
v 1293.78660000 172.67710000 -127.48500000
v 1295.93320000 104.92420000 -121.01190000
v 1296.74500000 96.75930000 -113.98640000
v 1291.15630000 112.10320000 -107.74310000
v 1293.91110000 181.61780000 -119.37070000
v 1297.15530000 165.55380000 -118.36180000
v 1299.04520000 165.39790000 -116.24040000
v 1299.04520000 82.53080000 -50.84780000
v 1293.48280000 77.74340000 -50.31440000
v 1299.04520000 81.97020000 -44.25770000
v 1286.34220000 84.91860000 -87.51310000
v 1291.84950000 89.75740000 -84.88550000
v 1283.95760000 88.22000000 -96.34760000
v 1288.40140000 59.05680000 -74.70380000
v 1290.15950000 54.90670000 -75.26880000
v 1282.00400000 56.22830000 -70.24500000
v 1293.27420000 97.29600000 -99.25100000
v 1277.02270000 58.39900000 -50.08190000
v 1283.32640000 68.21980000 -49.64320000
v 1293.05250000 64.49170000 -63.21600000
v 1299.85770000 169.99630000 -156.33550000
v 1299.85600000 187.87140000 -158.38830000
v 1282.70870000 69.70780000 -43.73880000
v 1284.54860000 74.17310000 -46.98590000
v 1282.24320000 49.55100000 -42.11050000
v 1277.51150000 59.04560000 -41.48410000
v 1299.85670000 45.01190000 -47.12650000
v 1286.70460000 43.67080000 -40.75180000
v 1299.85340000 42.21970000 -44.00190000
v 1299.85860000 50.49250000 -66.12280000
v 1299.85790000 48.64200000 -63.08540000
v 1284.05380000 51.60070000 -60.32980000
v 1294.81520000 57.52360000 -79.04280000
v 1299.86020000 57.18630000 -79.41820000
v 1299.86320000 61.83940000 -79.36520000
v 1299.86430000 63.00660000 -76.59320000
v 1299.86450000 62.04730000 -72.73610000
v 1299.04520000 87.51650000 -64.65060000
v 1284.09300000 280.11230000 -61.41860000
v 1287.51340000 288.95520000 -64.61370000
v 1299.85510000 301.81900000 -46.61710000
v 1288.09900000 300.39650000 -46.06600000
v 1299.85290000 305.14410000 -43.84060000
v 1284.34550000 301.26980000 -41.93470000
v 1290.53540000 294.82420000 -38.98730000
v 1280.89160000 283.08430000 -39.99700000
v 1299.04500000 249.14200000 -84.99470000
v 1299.04500000 250.61350000 -70.60540000
v 1299.04520000 108.95300000 -90.17260000
v 1299.04520000 99.15490000 -77.88900000
v 1299.04520000 118.91920000 -99.65650000
v 1292.63570000 242.47480000 -98.96100000
v 1299.04500000 241.98350000 -97.19690000
v 1290.02530000 276.86160000 -100.34250000
v 1289.58140000 286.42390000 -75.28620000
v 1295.09240000 291.66720000 -71.21800000
v 1287.16350000 295.81320000 -76.89640000
v 1299.85130000 300.50980000 -74.56560000
v 1286.95360000 294.22550000 -85.33420000
v 1299.85000000 297.92160000 -84.91560000
v 1286.97550000 292.49740000 -92.43830000
v 1284.92000000 287.81730000 -104.65220000
v 1285.95030000 287.56960000 -108.51880000
v 1286.75330000 285.24200000 -115.71170000
v 1285.70670000 283.46790000 -118.13450000
v 1299.85300000 291.31470000 -104.87310000
v 1299.85230000 286.73400000 -119.59940000
v 1285.94680000 278.79260000 -122.19500000
v 1291.07130000 265.42250000 -127.03520000
v 1288.02260000 272.27460000 -125.40420000
v 1284.27270000 268.92200000 -130.47590000
v 1289.54820000 259.78260000 -133.22780000
v 1293.83020000 273.67030000 -124.97870000
v 1293.57360000 260.78070000 -129.39490000
v 1284.03440000 266.17670000 -134.60910000
v 1283.46130000 277.48640000 -131.51950000
v 1284.34690000 272.67310000 -134.80740000
v 1285.69930000 273.73460000 -135.84760000
v 1287.43950000 276.83710000 -135.48390000
v 1284.49270000 262.60850000 -141.24050000
v 1289.77640000 262.38020000 -141.80440000
v 1299.84750000 270.54690000 -141.51100000
v 1293.59220000 253.67000000 -145.70100000
v 1292.91850000 253.48640000 -154.00320000
v 1293.41190000 251.81240000 -141.94820000
v 1287.56300000 247.44150000 -146.47740000
v 1299.84620000 265.80890000 -145.93880000
v 1299.84560000 260.99670000 -149.08600000
v 1299.84610000 258.06870000 -149.88740000
v 1299.84380000 258.47200000 -153.29150000
v 1299.84300000 263.65700000 -151.76130000
v 1291.21680000 258.71850000 -154.66200000
v 1291.58650000 252.65510000 -155.11400000
v 1291.71020000 258.10020000 -156.81900000
v 1299.84240000 267.08260000 -151.17480000
v 1299.84050000 268.79390000 -155.00920000
v 1299.84230000 270.72850000 -149.54270000
v 1299.84120000 272.53380000 -151.08480000
v 1299.84280000 269.36720000 -149.48400000
v 1299.84070000 262.60750000 -157.29780000
v 1299.84120000 258.10070000 -158.50110000
v 1292.61220000 247.98110000 -154.10240000
v 1295.84190000 231.80510000 -104.02870000
v 1299.04520000 231.39650000 -102.64770000
v 1294.33110000 247.82320000 -138.99000000
v 1294.58580000 241.58250000 -136.15140000
v 1296.63210000 250.90310000 -137.60600000
v 1295.30250000 234.12250000 -133.19370000
v 1295.70190000 224.26720000 -131.42760000
v 1299.84770000 237.58550000 -157.33920000
v 1299.84950000 228.96430000 -159.83230000
v 1286.68360000 227.69220000 -158.82240000
v 1299.85230000 218.73210000 -160.46500000
v 1299.85530000 211.04160000 -158.34400000
v 1294.89770000 209.39000000 -154.23200000
v 1299.85600000 204.85150000 -158.13530000
v 1297.02320000 223.97930000 -142.67160000
v 1296.21450000 222.40900000 -146.57100000
v 1286.79370000 195.12660000 -146.30240000
v 1288.12890000 209.40550000 -136.56580000
v 1290.74040000 207.48740000 -122.19150000
v 1290.59690000 186.63990000 -130.89380000
v 1287.75040000 174.82290000 -144.63580000
v 1283.84850000 154.22190000 -143.31670000
v 1296.87940000 156.70770000 -140.61930000
v 1283.21400000 131.44720000 -137.07970000
v 1295.19120000 136.07880000 -135.42740000
v 1299.86150000 112.48530000 -133.94170000
v 1285.01500000 113.96650000 -129.37630000
v 1296.11250000 117.97780000 -127.68790000
v 1283.79110000 101.16160000 -121.41050000
v 1299.86050000 96.21520000 -123.75310000
v 1299.86010000 86.76170000 -115.75040000
v 1283.10930000 90.73840000 -113.17570000
v 1299.86400000 82.20690000 -100.18790000
v 1292.92590000 178.27630000 -130.57580000
v 1296.26030000 161.32250000 -125.56900000
v 1295.94790000 145.29670000 -121.87470000
v 1296.27060000 127.19490000 -115.88370000
v 1296.49760000 148.55560000 -115.27800000
v 1299.04530000 148.01080000 -112.53150000
v 1293.97280000 132.31300000 -110.66790000
v 1299.04530000 132.08610000 -107.50130000
v 1294.74870000 118.25220000 -102.28530000
v 1293.80100000 106.81410000 -92.11280000
v 1294.45390000 96.59360000 -79.52990000
v 1294.16890000 85.71650000 -66.11220000
v 1294.18590000 78.47050000 -72.37950000
v 1279.01200000 76.49360000 -40.92000000
v 1299.86550000 82.16870000 -95.19220000
v 1299.86650000 79.84940000 -86.86370000
v 1286.79420000 76.03670000 -78.36380000
v 1299.86680000 72.70550000 -78.88820000
v 1285.39050000 64.67640000 -71.66090000
v 1299.85800000 51.73270000 -70.16410000
v 1299.85840000 53.60140000 -75.43570000
v 1278.20340000 51.69110000 -50.14770000
v 1280.83940000 72.05590000 -40.61350000
v 1299.85720000 45.95410000 -53.36540000
v -1422.58890000 261.82760000 -45.93010000
v -1427.45340000 255.62480000 -43.04610000
v -1427.45310000 260.99820000 -49.85350000
v -1422.21780000 260.16350000 -39.47480000
v -1427.45310000 260.42210000 -58.32980000
v -1409.15090000 264.34480000 -65.08280000
v -1424.37060000 263.64050000 -56.02330000
v -1418.10300000 284.81770000 -52.26940000
v -1419.80350000 274.56460000 -51.76000000
v -1414.03860000 282.43560000 -57.86190000
v -1428.26490000 298.32960000 -53.38230000
v -1423.39700000 293.62070000 -56.50200000
v -1428.26590000 296.35740000 -56.80650000
v -1421.20170000 296.60160000 -48.56100000
v -1428.26460000 299.04210000 -49.57590000
v -1417.26680000 298.78260000 -41.16750000
v -1417.05100000 298.62350000 -45.26770000
v -1412.89670000 299.02040000 -41.73630000
v -1420.24410000 295.31300000 -46.51250000
v -1414.62330000 282.01300000 -47.58690000
v -1412.26540000 270.92930000 -42.84180000
v -1416.81910000 272.93190000 -47.23160000
v -1409.96680000 274.01600000 -61.37010000
v -1418.54810000 275.59600000 -65.93360000
v -1418.91310000 250.61310000 -95.13060000
v -1408.29030000 253.90260000 -93.00770000
v -1427.45290000 249.43340000 -92.00690000
v -1422.29130000 254.36530000 -107.06810000
v -1423.06710000 268.09930000 -108.02440000
v -1412.30590000 262.91400000 -101.22050000
v -1415.56350000 272.58150000 -90.90300000
v -1408.48320000 263.79090000 -99.69710000
v -1414.19820000 276.78160000 -98.55100000
v -1419.87300000 291.15620000 -92.15470000
v -1419.90060000 284.72340000 -92.76970000
v -1422.98660000 287.71560000 -97.25880000
v -1414.80030000 283.80910000 -92.09230000
v -1413.21020000 286.75030000 -82.79250000
v -1412.46730000 278.42450000 -87.30820000
v -1418.50660000 287.18300000 -82.74830000
v -1419.82500000 292.98050000 -85.25880000
v -1420.71170000 293.79400000 -78.12250000
v -1412.57320000 279.37600000 -81.77580000
v -1412.00240000 285.79420000 -74.93460000
v -1413.45510000 275.41710000 -79.52550000
v -1412.92290000 278.23170000 -71.39930000
v -1413.94410000 269.47900000 -76.04930000
v -1417.85790000 267.83910000 -73.58010000
v -1420.44970000 280.26400000 -69.55210000
v -1418.35860000 279.72190000 -64.03520000
v -1420.67870000 283.91890000 -65.12450000
v -1421.29220000 286.60370000 -66.62680000
v -1408.21630000 254.89770000 -73.11970000
v -1414.25660000 267.51060000 -84.22190000
v -1417.71040000 264.80230000 -85.31360000
v -1407.84810000 252.01830000 -83.86340000
v -1416.55660000 289.06260000 -61.14590000
v -1415.65310000 285.36480000 -63.38330000
v -1428.26440000 298.09970000 -60.17410000
v -1416.85690000 293.82230000 -69.45640000
v -1428.26120000 300.64800000 -66.20900000
v -1418.65260000 282.06950000 -61.82180000
v -1419.82980000 286.50850000 -64.77920000
v -1413.86330000 289.52790000 -96.73420000
v -1415.06080000 286.56150000 -99.33570000
v -1424.32570000 287.13250000 -102.12430000
v -1413.95410000 286.89480000 -102.15080000
v -1428.26100000 292.14360000 -100.61140000
v -1428.25980000 294.77500000 -93.82330000
v -1415.73850000 290.84640000 -98.75280000
v -1416.58300000 283.67380000 -106.37180000
v -1418.21290000 280.08330000 -111.13870000
v -1412.97290000 283.82930000 -107.50280000
v -1418.00850000 283.13220000 -116.52090000
v -1414.02950000 284.04940000 -112.04950000
v -1418.66870000 280.71400000 -114.66150000
v -1416.24290000 287.35530000 -113.12630000
v -1428.26120000 289.67400000 -108.90380000
v -1416.11250000 287.00030000 -112.07000000
v -1428.26050000 288.65020000 -114.79290000
v -1423.83280000 284.92330000 -106.41020000
v -1426.49190000 280.12070000 -105.59160000
v -1425.66890000 281.91520000 -110.49880000
v -1427.09890000 256.43080000 -132.59220000
v -1425.09060000 253.14150000 -135.38850000
v -1424.23610000 255.88250000 -132.88910000
v -1423.87060000 253.65690000 -137.08980000
v -1418.00320000 257.99800000 -137.07120000
v -1419.90310000 258.91530000 -138.56370000
v -1414.31180000 271.20920000 -135.03960000
v -1415.56350000 262.87810000 -137.57990000
v -1417.88550000 268.60700000 -137.74800000
v -1415.27170000 271.45460000 -136.79430000
v -1413.39500000 276.35500000 -131.14310000
v -1414.86330000 283.67440000 -123.93210000
v -1413.06200000 278.16500000 -127.16320000
v -1417.73930000 280.50160000 -133.74170000
v -1417.49220000 285.43460000 -125.32600000
v -1412.18730000 278.86440000 -132.77630000
v -1428.25610000 275.51000000 -137.73570000
v -1428.25660000 280.52080000 -134.30110000
v -1417.60030000 274.68000000 -136.89180000
v -1428.25950000 287.13880000 -120.84240000
v -1415.18040000 284.83040000 -124.43660000
v -1428.25810000 285.90630000 -126.06790000
v -1416.29030000 270.60330000 -140.45140000
v -1414.80930000 255.84400000 -145.43160000
v -1417.91060000 252.71470000 -148.67540000
v -1416.42680000 258.74300000 -146.94960000
v -1422.53340000 252.16930000 -148.37640000
v -1421.68800000 253.43220000 -150.21980000
v -1424.60890000 249.62470000 -151.71170000
v -1421.21750000 256.34020000 -150.24530000
v -1419.51490000 260.60430000 -148.50470000
v -1423.77050000 249.68520000 -153.43890000
v -1416.46290000 246.98710000 -149.36120000
v -1417.97920000 265.57630000 -145.32800000
v -1415.15410000 264.13030000 -144.18870000
v -1419.14450000 263.67380000 -152.68090000
v -1419.39600000 262.82230000 -154.72720000
v -1420.29000000 267.12540000 -152.75450000
v -1421.52660000 245.66960000 -153.09450000
v -1415.74880000 241.56740000 -153.65770000
v -1428.25540000 243.52610000 -154.98220000
v -1426.67240000 276.49070000 -114.25460000
v -1420.38550000 283.35230000 -117.24240000
v -1424.80200000 281.98780000 -114.77260000
v -1419.63570000 279.26250000 -121.38800000
v -1424.86960000 267.83750000 -126.52860000
v -1427.69090000 270.89850000 -122.67390000
v -1427.48170000 263.71050000 -127.54870000
v -1419.86180000 251.58840000 -156.47840000
v -1428.25370000 246.02910000 -155.77950000
v -1428.25100000 249.93270000 -158.27910000
v -1422.49560000 202.19620000 -148.48540000
v -1425.22800000 213.52540000 -150.17500000
v -1425.66770000 209.42050000 -143.47540000
v -1420.50830000 231.93850000 -145.33290000
v -1419.97630000 238.25680000 -146.85440000
v -1421.04130000 232.88410000 -143.55040000
v -1421.93700000 210.30270000 -142.14010000
v -1415.96170000 205.16280000 -141.90090000
v -1421.87770000 182.48300000 -151.47110000
v -1421.54810000 204.35470000 -153.85090000
v -1415.56740000 212.70380000 -153.46260000
v -1413.62620000 222.58680000 -153.17190000
v -1415.83720000 216.58040000 -150.04140000
v -1412.57640000 225.21180000 -149.62700000
v -1414.88920000 230.94280000 -146.63360000
v -1414.56420000 223.66750000 -147.55750000
v -1413.06470000 223.76760000 -154.88110000
v -1414.38720000 214.71940000 -157.14560000
v -1414.27170000 220.65500000 -158.94560000
v -1415.61520000 235.87530000 -152.93630000
v -1416.40430000 235.87370000 -156.29710000
v -1416.45360000 246.58080000 -143.01250000
v -1416.11890000 243.55190000 -140.23430000
v -1416.82080000 239.62210000 -144.45420000
v -1416.68850000 238.61380000 -137.67380000
v -1418.16260000 232.16570000 -135.38150000
v -1417.57470000 232.46710000 -141.92380000
v -1419.80220000 213.66700000 -137.47560000
v -1418.92720000 223.49190000 -133.50620000
v -1420.15480000 215.91400000 -132.84830000
v -1420.69870000 223.37500000 -141.43360000
v -1423.00730000 216.30820000 -130.63470000
v -1418.34030000 211.69520000 -130.44860000
v -1416.36210000 241.57600000 -147.10660000
v -1415.24680000 229.90410000 -151.84200000
v -1416.05830000 234.54310000 -149.05180000
v -1415.39750000 240.38540000 -150.29830000
v -1414.17600000 229.59040000 -154.89840000
v -1424.86890000 225.16490000 -129.12510000
v -1426.66190000 227.88220000 -120.46400000
v -1424.03910000 215.88130000 -127.95920000
v -1422.84670000 212.31630000 -121.67030000
v -1425.81010000 218.57270000 -109.88100000
v -1425.12300000 244.53020000 -134.40580000
v -1426.47970000 240.67630000 -112.76310000
v -1425.00200000 235.73520000 -131.04030000
v -1427.45310000 201.54020000 -115.58530000
v -1427.45310000 218.48000000 -107.90290000
v -1427.45310000 189.59700000 -116.20490000
v -1419.40720000 195.15780000 -118.50480000
v -1415.69190000 199.96900000 -131.34480000
v -1421.36180000 192.55050000 -132.99720000
v -1414.97340000 200.55660000 -135.82420000
v -1415.59230000 197.68120000 -127.17830000
v -1418.86010000 184.69670000 -127.63820000
v -1415.18330000 190.07100000 -124.36550000
v -1415.04490000 197.12910000 -139.97100000
v -1424.98930000 185.42720000 -138.21310000
v -1414.48020000 190.52960000 -143.13920000
v -1417.69920000 178.16150000 -149.63500000
v -1417.50120000 156.68110000 -148.44430000
v -1428.26830000 81.17820000 -107.68010000
v -1412.13230000 85.32320000 -106.62300000
v -1428.27000000 79.95700000 -102.94130000
v -1423.79100000 91.73160000 -107.67210000
v -1410.73360000 88.42170000 -103.01310000
v -1428.26860000 133.08230000 -143.44590000
v -1428.26710000 156.17320000 -151.54970000
v -1416.87110000 182.36680000 -124.35380000
v -1419.25000000 177.00640000 -127.59290000
v -1426.91240000 179.93530000 -131.94380000
v -1426.93240000 175.45240000 -140.76610000
v -1422.19460000 174.14320000 -127.48460000
v -1424.34110000 105.18010000 -121.01150000
v -1419.56420000 112.61980000 -107.74270000
v -1425.15310000 96.90050000 -113.98600000
v -1422.31910000 182.97810000 -119.37040000
v -1425.56320000 167.16730000 -118.36150000
v -1427.45310000 167.01270000 -116.24000000
v -1427.45310000 82.53080000 -50.84740000
v -1427.45310000 81.97020000 -44.25740000
v -1421.89090000 77.74340000 -50.31400000
v -1414.75000000 84.99420000 -87.51270000
v -1412.36550000 88.31990000 -96.34730000
v -1420.25760000 89.83990000 -84.88520000
v -1416.80930000 59.05680000 -74.70350000
v -1410.41190000 56.22830000 -70.24470000
v -1418.56740000 54.90670000 -75.26850000
v -1421.68210000 97.41910000 -99.25070000
v -1405.43070000 58.39900000 -50.08160000
v -1421.46040000 64.49170000 -63.21570000
v -1411.73440000 68.21980000 -49.64290000
v -1428.26560000 171.09200000 -156.33510000
v -1428.26390000 188.58560000 -158.38800000
v -1411.11670000 69.70780000 -43.73850000
v -1412.95650000 74.17310000 -46.98560000
v -1410.65110000 49.55100000 -42.11020000
v -1405.91940000 59.04560000 -41.48380000
v -1413.77690000 52.71760000 -35.91890000
v -1428.26460000 45.01190000 -47.12610000
v -1415.11250000 43.67080000 -40.75150000
v -1428.26120000 42.21970000 -44.00160000
v -1414.54150000 45.08850000 -35.91890000
v -1418.76930000 41.91170000 -35.91890000
v -1428.26660000 50.49240000 -66.12240000
v -1412.46170000 51.60070000 -60.32950000
v -1428.26590000 48.64200000 -63.08500000
v -1423.22310000 57.52360000 -79.04240000
v -1428.26810000 57.18630000 -79.41790000
v -1428.27100000 61.83940000 -79.36480000
v -1428.27220000 63.00660000 -76.59280000
v -1428.27250000 62.04730000 -72.73580000
v -1422.24340000 259.71690000 -35.91890000
v -1427.45340000 254.56550000 -35.91890000
v -1427.45310000 80.81600000 -35.91890000
v -1427.45310000 87.54780000 -64.65030000
v -1412.50100000 280.06730000 -61.41820000
v -1415.92140000 288.92260000 -64.61330000
v -1428.26290000 301.81900000 -46.61680000
v -1416.50680000 300.39650000 -46.06570000
v -1428.26100000 305.14410000 -43.84030000
v -1412.75340000 301.26980000 -41.93440000
v -1428.26050000 306.32460000 -35.91890000
v -1410.41990000 300.52970000 -35.91890000
v -1413.54440000 298.70620000 -35.91890000
v -1418.94340000 294.82420000 -38.98700000
v -1409.29960000 283.08430000 -39.99660000
v -1418.72000000 298.15060000 -35.91890000
v -1418.43360000 294.51600000 -35.91890000
v -1408.93850000 283.97200000 -35.91890000
v -1409.55180000 271.25830000 -35.91890000
v -1427.45310000 249.02610000 -84.99430000
v -1427.45310000 250.52190000 -70.60500000
v -1427.45310000 109.07370000 -90.17220000
v -1427.45310000 99.24070000 -77.88870000
v -1427.45310000 119.63400000 -99.65610000
v -1427.45310000 241.99850000 -97.19650000
v -1421.04370000 242.47090000 -98.96070000
v -1418.43330000 276.73990000 -100.34220000
v -1417.98950000 286.36260000 -75.28580000
v -1423.50050000 291.62780000 -71.21770000
v -1415.57150000 295.77260000 -76.89610000
v -1428.25930000 300.49030000 -74.56530000
v -1415.36160000 294.16410000 -85.33380000
v -1428.25810000 297.87320000 -84.91520000
v -1415.38330000 292.41910000 -92.43800000
v -1413.32810000 287.71010000 -104.65190000
v -1414.35840000 287.45710000 -108.51850000
v -1415.16140000 285.11690000 -115.71130000
v -1414.11450000 283.33700000 -118.13420000
v -1428.26100000 291.21710000 -104.87270000
v -1428.26030000 286.61040000 -119.59910000
v -1414.35470000 278.65020000 -122.19460000
v -1412.68070000 268.97650000 -130.47550000
v -1416.43070000 272.10160000 -125.40390000
v -1419.47920000 265.33650000 -127.03490000
v -1417.95630000 259.70010000 -133.22740000
v -1422.23830000 273.50920000 -124.97830000
v -1421.98170000 260.65210000 -129.39460000
v -1412.44240000 266.25850000 -134.60870000
v -1412.75490000 272.92980000 -134.80700000
v -1411.86940000 277.48590000 -131.51920000
v -1414.10740000 274.05080000 -135.84730000
v -1415.84740000 277.23320000 -135.48360000
v -1418.18430000 262.53710000 -141.80400000
v -1412.90060000 262.74730000 -141.24020000
v -1428.25540000 270.93330000 -141.51070000
v -1422.00020000 253.68630000 -145.70070000
v -1421.32640000 253.63010000 -154.00290000
v -1421.81980000 251.72920000 -141.94780000
v -1415.97090000 247.33760000 -146.47700000
v -1428.25420000 266.15910000 -145.93840000
v -1428.25340000 261.26980000 -149.08570000
v -1428.25390000 258.27240000 -149.88700000
v -1428.25170000 258.74700000 -153.29110000
v -1419.62480000 259.02410000 -154.66170000
v -1428.25100000 264.06290000 -151.76100000
v -1419.99460000 252.79170000 -155.11360000
v -1420.11820000 258.42280000 -156.81860000
v -1428.25050000 267.58400000 -151.17450000
v -1428.24850000 269.42870000 -155.00880000
v -1428.24900000 273.20520000 -151.08440000
v -1428.25020000 271.30880000 -149.54230000
v -1428.25070000 269.90380000 -149.48370000
v -1428.24880000 263.08170000 -157.29750000
v -1428.24900000 258.44840000 -158.50080000
v -1421.02000000 247.98980000 -154.10210000
v -1424.25000000 231.68870000 -104.02840000
v -1427.45310000 231.29810000 -102.64730000
v -1422.73900000 247.63820000 -138.98960000
v -1422.99370000 241.33330000 -136.15110000
v -1425.04000000 250.74410000 -137.60560000
v -1423.71040000 233.91870000 -133.19340000
v -1424.10990000 224.27740000 -131.42720000
v -1428.25560000 237.46290000 -157.33880000
v -1415.09160000 227.57490000 -158.82210000
v -1428.25730000 228.83580000 -159.83200000
v -1428.26030000 218.72050000 -160.46460000
v -1428.26340000 211.20240000 -158.34370000
v -1428.26390000 205.16090000 -158.13490000
v -1423.30570000 209.63990000 -154.23160000
v -1424.62260000 222.40520000 -146.57070000
v -1425.43120000 223.95650000 -142.67120000
v -1415.20170000 195.87370000 -146.30200000
v -1416.53690000 209.84000000 -136.56540000
v -1419.14840000 208.09300000 -122.19110000
v -1419.00490000 187.79210000 -130.89340000
v -1416.15840000 176.06010000 -144.63540000
v -1412.25660000 155.73190000 -143.31630000
v -1425.28740000 158.20140000 -140.61890000
v -1411.62210000 132.92560000 -137.07940000
v -1423.59910000 137.60390000 -135.42700000
v -1413.42310000 114.92830000 -129.37600000
v -1428.26930000 113.34250000 -133.94130000
v -1424.52050000 119.08280000 -127.68750000
v -1412.19900000 101.31820000 -121.41020000
v -1428.26830000 96.36390000 -123.75270000
v -1411.51710000 90.86820000 -113.17540000
v -1428.26810000 86.88310000 -115.75000000
v -1428.27200000 82.29480000 -100.18760000
v -1421.33400000 179.61290000 -130.57540000
v -1424.66820000 162.93530000 -125.56870000
v -1424.35600000 146.96060000 -121.87440000
v -1424.67870000 128.55560000 -115.88330000
v -1424.90550000 150.24270000 -115.27760000
v -1427.45310000 149.68050000 -112.53110000
v -1422.38090000 133.78220000 -110.66750000
v -1427.45310000 133.49260000 -107.50100000
v -1423.15650000 119.02670000 -102.28490000
v -1422.20900000 106.93770000 -92.11240000
v -1422.86180000 96.67940000 -79.52960000
v -1422.57690000 85.74760000 -66.11180000
v -1422.59400000 78.49450000 -72.37920000
v -1407.41990000 76.49360000 -40.91970000
v -1428.27340000 82.24820000 -95.19190000
v -1428.27440000 79.90660000 -86.86330000
v -1415.20210000 76.06650000 -78.36350000
v -1428.27490000 72.72250000 -78.88780000
v -1413.79860000 64.67640000 -71.66060000
v -1428.26610000 51.73270000 -70.16380000
v -1428.26640000 53.60140000 -75.43530000
v -1406.61130000 51.69110000 -50.14730000
v -1406.90630000 75.68640000 -35.91890000
v -1409.52610000 71.18110000 -35.91890000
v -1409.24730000 72.05590000 -40.61310000
v -1412.23830000 67.61100000 -35.91890000
v -1428.26510000 45.95410000 -53.36510000
v -1428.26000000 40.81860000 -35.91890000
v -1422.58890000 261.86570000 -25.90760000
v -1427.45310000 261.04440000 -21.98420000
v -1427.45340000 255.66170000 -28.79170000
v -1422.21780000 260.18960000 -32.36290000
v -1427.45310000 260.48610000 -13.50790000
v -1424.37060000 263.69750000 -15.81450000
v -1409.15090000 264.41960000 -6.75490000
v -1418.10300000 284.83140000 -19.56830000
v -1414.03860000 282.46790000 -13.97580000
v -1419.80350000 274.59810000 -20.07770000
v -1428.26490000 298.32960000 -18.45540000
v -1428.26590000 296.35740000 -15.03120000
v -1423.39700000 293.62110000 -15.33570000
v -1421.20170000 296.60160000 -23.27670000
v -1428.26460000 299.04210000 -22.26180000
v -1417.26680000 298.78260000 -30.67020000
v -1412.89670000 299.02040000 -30.10150000
v -1417.05100000 298.62350000 -26.57000000
v -1414.62330000 282.02180000 -24.25090000
v -1420.24410000 295.31300000 -25.32520000
v -1412.26540000 270.94840000 -28.99590000
v -1416.81910000 272.95790000 -24.60610000
v -1409.96680000 274.07120000 -10.46760000
v -1418.54810000 275.65870000 -5.90410000
v -1418.91310000 250.74640000 23.29290000
v -1427.45310000 249.56020000 20.16920000
v -1408.29030000 254.03170000 21.17000000
v -1422.29130000 254.55570000 35.23040000
v -1412.30590000 263.05180000 29.38280000
v -1423.06710000 268.24080000 36.18670000
v -1415.56350000 272.69480000 19.06530000
v -1414.19820000 276.90070000 26.71330000
v -1408.48340000 263.92530000 27.85930000
v -1419.87300000 291.23700000 20.31700000
v -1422.98660000 287.81190000 25.42110000
v -1419.90060000 284.81960000 20.93200000
v -1414.80030000 283.90620000 20.25460000
v -1412.46730000 278.52330000 15.47050000
v -1413.21020000 286.82510000 10.95480000
v -1418.50660000 287.25680000 10.91060000
v -1420.71170000 293.84240000 6.28480000
v -1419.82500000 293.04470000 13.42110000
v -1412.57320000 279.46340000 9.93810000
v -1412.00240000 285.85590000 3.09690000
v -1413.45510000 275.50680000 7.68780000
v -1413.94410000 269.57010000 4.21160000
v -1412.92290000 278.30120000 -0.43840000
v -1420.45000000 280.32590000 -2.28560000
v -1417.85790000 267.92750000 1.74240000
v -1418.35860000 279.77340000 -7.80250000
v -1420.67870000 283.96410000 -6.71320000
v -1421.29220000 286.64600000 -5.21090000
v -1408.21630000 254.99350000 1.28200000
v -1414.25660000 267.61860000 12.38420000
v -1417.71040000 264.91460000 13.47590000
v -1407.84810000 252.13310000 12.02560000
v -1416.55660000 289.08690000 -10.69180000
v -1415.65310000 285.40320000 -8.45440000
v -1428.26440000 298.09970000 -11.66360000
v -1428.26120000 300.64870000 -5.62870000
v -1416.85690000 293.85270000 -2.38130000
v -1418.65260000 282.11150000 -10.01590000
v -1419.82980000 286.54710000 -7.05850000
v -1413.86350000 289.61980000 24.89650000
v -1415.06080000 286.66400000 27.49800000
v -1424.32570000 287.23670000 30.28660000
v -1413.95410000 287.00050000 30.31310000
v -1428.26100000 292.23320000 28.77370000
v -1415.73850000 290.93830000 26.91510000
v -1428.25980000 294.84750000 21.98560000
v -1416.58300000 283.79160000 34.53410000
v -1412.97310000 283.94800000 35.66510000
v -1418.21290000 280.21310000 39.30100000
v -1418.00880000 283.26200000 44.68320000
v -1418.66870000 280.84630000 42.82380000
v -1414.02950000 284.17290000 40.21180000
v -1416.24290000 287.47320000 41.28850000
v -1416.11250000 287.11790000 40.23230000
v -1428.26120000 289.78020000 37.06610000
v -1428.26050000 288.76510000 42.95520000
v -1423.83280000 285.03770000 34.57250000
v -1425.66890000 282.03960000 38.66110000
v -1426.49190000 280.24220000 33.75390000
v -1427.09890000 256.57240000 60.75450000
v -1424.23610000 256.03260000 61.05140000
v -1425.09060000 253.29610000 63.55080000
v -1423.87060000 253.77830000 65.25210000
v -1418.00320000 258.04380000 65.23350000
v -1419.90310000 258.90960000 66.72600000
v -1414.31180000 270.98720000 63.20190000
v -1417.88550000 268.38040000 65.91030000
v -1415.56370000 262.80660000 65.74220000
v -1415.27170000 271.18090000 64.95660000
v -1413.39500000 276.25690000 59.30540000
v -1413.06200000 278.28710000 55.32550000
v -1414.86330000 283.80930000 52.09440000
v -1417.73930000 280.49870000 61.90400000
v -1412.18730000 278.83650000 60.93860000
v -1417.49220000 285.56690000 53.48830000
v -1428.25630000 275.08930000 65.89800000
v -1417.60030000 274.31200000 65.05400000
v -1428.25660000 280.30510000 62.46340000
v -1415.18040000 284.96340000 52.59890000
v -1428.25950000 287.26230000 49.00470000
v -1428.25810000 286.03620000 54.23020000
v -1416.29030000 270.26170000 68.61370000
v -1414.80960000 255.79230000 73.59390000
v -1416.42680000 258.58730000 75.11190000
v -1417.91090000 252.67780000 76.83760000
v -1422.53370000 252.14480000 76.53870000
v -1421.68800000 253.35030000 78.38210000
v -1424.60890000 249.60890000 79.87400000
v -1421.21750000 256.18350000 78.40760000
v -1419.51490000 260.36340000 76.66700000
v -1423.77050000 249.64600000 81.60120000
v -1416.46290000 247.06000000 77.52350000
v -1417.97920000 265.26130000 73.49020000
v -1415.15410000 263.88630000 72.35100000
v -1419.14450000 263.26330000 80.84320000
v -1420.29000000 266.60580000 80.91670000
v -1419.39600000 262.40010000 82.88950000
v -1421.52660000 245.71790000 81.25680000
v -1428.25540000 243.59110000 83.14450000
v -1415.74880000 241.67800000 81.82000000
v -1426.67240000 276.62770000 42.41690000
v -1420.38550000 283.48200000 45.40460000
v -1419.63570000 279.40310000 49.55030000
v -1424.80200000 282.11680000 42.93490000
v -1424.86990000 267.87230000 54.69090000
v -1427.48170000 263.80650000 55.71100000
v -1427.69090000 271.08890000 50.83620000
v -1419.86210000 251.46510000 84.64070000
v -1428.25100000 249.82970000 86.44130000
v -1428.25390000 246.04140000 83.94180000
v -1422.49560000 201.67230000 76.64770000
v -1425.66770000 209.05650000 71.63770000
v -1425.22800000 213.33920000 78.33730000
v -1420.50830000 232.10000000 73.49520000
v -1421.04130000 233.05830000 71.71270000
v -1419.97660000 238.43980000 75.01670000
v -1421.93700000 209.94420000 70.30240000
v -1415.96170000 204.63390000 70.06320000
v -1421.54810000 203.95700000 82.01320000
v -1421.87770000 181.49880000 79.63340000
v -1415.56740000 212.51280000 81.62490000
v -1415.83720000 216.45880000 78.20370000
v -1413.62650000 222.61670000 81.33420000
v -1412.57640000 225.27660000 77.78930000
v -1414.56420000 223.69620000 75.71980000
v -1414.88920000 231.09250000 74.79590000
v -1413.06470000 223.82520000 83.04340000
v -1414.27200000 220.67990000 87.10790000
v -1414.38720000 214.61010000 85.30780000
v -1416.40430000 236.01520000 84.45940000
v -1415.61520000 236.03220000 81.09860000
v -1416.45360000 246.73810000 71.17480000
v -1416.82080000 239.82080000 72.61650000
v -1416.11890000 243.76910000 68.39660000
v -1416.68850000 238.85480000 65.83610000
v -1417.57470000 232.64120000 70.08610000
v -1418.16260000 232.34280000 63.54380000
v -1419.80220000 213.36760000 65.63790000
v -1420.15480000 215.65280000 61.01060000
v -1418.92750000 223.46520000 61.66850000
v -1420.69870000 223.37710000 69.59590000
v -1423.00730000 216.04920000 58.79700000
v -1418.34030000 211.27380000 58.61090000
v -1416.36210000 241.74320000 75.26890000
v -1415.24710000 230.03900000 80.00430000
v -1415.39750000 240.53620000 78.46060000
v -1416.05830000 234.71520000 77.21410000
v -1414.17600000 229.72190000 83.06070000
v -1424.86910000 225.17160000 57.28740000
v -1424.03910000 215.59260000 56.12150000
v -1426.66190000 227.93830000 48.62630000
v -1422.84670000 211.86260000 49.83260000
v -1425.81010000 218.28350000 38.04330000
v -1425.12300000 244.78420000 62.56810000
v -1425.00200000 235.96680000 59.20260000
v -1426.47970000 241.00740000 40.92540000
v -1427.45310000 200.69060000 43.74760000
v -1427.45310000 218.18080000 36.06520000
v -1419.40750000 194.10160000 46.66710000
v -1427.45310000 188.39800000 44.36720000
v -1415.69190000 199.16360000 59.50700000
v -1414.97340000 199.81560000 63.98650000
v -1421.36180000 191.55560000 61.15950000
v -1415.59230000 196.76370000 55.34060000
v -1418.86010000 183.43410000 55.80050000
v -1415.18330000 188.90590000 52.52780000
v -1415.04490000 196.33370000 68.13330000
v -1414.48020000 189.59260000 71.30150000
v -1424.98950000 184.32490000 66.37540000
v -1417.69950000 177.04600000 77.79730000
v -1417.50120000 155.25700000 76.60660000
v -1428.26830000 81.08250000 35.84230000
v -1428.27000000 79.87170000 31.10350000
v -1412.13230000 85.21510000 34.78530000
v -1410.73390000 88.31120000 31.17540000
v -1423.79100000 91.60750000 35.83440000
v -1428.26730000 154.82860000 79.71200000
v -1428.26860000 131.69560000 71.60820000
v -1416.87110000 181.01550000 52.51610000
v -1419.25000000 175.58180000 55.75520000
v -1426.91240000 178.64300000 60.10610000
v -1426.93240000 174.18470000 68.92840000
v -1422.19460000 172.67710000 55.64690000
v -1424.34130000 104.92420000 49.17380000
v -1425.15310000 96.75930000 42.14830000
v -1419.56420000 112.10320000 35.90500000
v -1422.31910000 181.61780000 47.53270000
v -1425.56320000 165.55380000 46.52370000
v -1427.45310000 165.39790000 44.40230000
v -1427.45310000 82.53080000 -20.99030000
v -1421.89090000 77.74340000 -21.52370000
v -1427.45310000 81.97020000 -27.58040000
v -1414.75020000 84.91860000 15.67500000
v -1420.25760000 89.75740000 13.04750000
v -1412.36550000 88.22000000 24.50950000
v -1416.80930000 59.05680000 2.86580000
v -1418.56740000 54.90670000 3.43080000
v -1410.41190000 56.22830000 -1.59300000
v -1421.68210000 97.29600000 27.41300000
v -1405.43070000 58.39900000 -21.75620000
v -1411.73440000 68.21980000 -22.19480000
v -1421.46040000 64.49170000 -8.62200000
v -1428.26560000 169.99630000 84.49750000
v -1428.26390000 187.87140000 86.55030000
v -1411.11670000 69.70780000 -28.09920000
v -1412.95650000 74.17310000 -24.85220000
v -1410.65110000 49.55100000 -29.72760000
v -1405.91940000 59.04560000 -30.35400000
v -1428.26460000 45.01190000 -24.71160000
v -1415.11250000 43.67080000 -31.08630000
v -1428.26120000 42.21970000 -27.83610000
v -1428.26660000 50.49250000 -5.71530000
v -1428.26590000 48.64200000 -8.75270000
v -1412.46170000 51.60070000 -11.50830000
v -1423.22310000 57.52360000 7.20470000
v -1428.26810000 57.18630000 7.58020000
v -1428.27100000 61.83940000 7.52710000
v -1428.27220000 63.00660000 4.75510000
v -1428.27250000 62.04730000 0.89810000
v -1427.45310000 87.51650000 -7.18740000
v -1412.50100000 280.11230000 -10.41950000
v -1415.92140000 288.95520000 -7.22440000
v -1428.26290000 301.81900000 -25.22090000
v -1416.50680000 300.39650000 -25.77200000
v -1428.26100000 305.14410000 -27.99750000
v -1412.75340000 301.26980000 -29.90330000
v -1418.94340000 294.82420000 -32.85070000
v -1409.29960000 283.08430000 -31.84110000
v -1427.45310000 249.14200000 13.15660000
v -1427.45310000 250.61350000 -1.23270000
v -1427.45310000 108.95300000 18.33450000
v -1427.45310000 99.15490000 6.05100000
v -1427.45310000 118.91920000 27.81840000
v -1421.04370000 242.47480000 27.12290000
v -1427.45310000 241.98350000 25.35880000
v -1418.43330000 276.86160000 28.50450000
v -1417.98950000 286.42390000 3.44810000
v -1423.50050000 291.66720000 -0.62000000
v -1415.57150000 295.81320000 5.05840000
v -1428.25930000 300.50980000 2.72760000
v -1415.36160000 294.22550000 13.49610000
v -1428.25810000 297.92160000 13.07750000
v -1415.38330000 292.49740000 20.60030000
v -1413.32810000 287.81730000 32.81420000
v -1414.35840000 287.56960000 36.68070000
v -1415.16140000 285.24200000 43.87360000
v -1414.11450000 283.46790000 46.29650000
v -1428.26100000 291.31470000 33.03500000
v -1428.26030000 286.73400000 47.76140000
v -1414.35470000 278.79260000 50.35690000
v -1419.47920000 265.42250000 55.19720000
v -1416.43070000 272.27460000 53.56620000
v -1412.68070000 268.92200000 58.63780000
v -1417.95630000 259.78260000 61.38970000
v -1422.23830000 273.67030000 53.14060000
v -1421.98170000 260.78070000 57.55690000
v -1412.44240000 266.17670000 62.77100000
v -1411.86940000 277.48640000 59.68150000
v -1412.75490000 272.67310000 62.96930000
v -1414.10740000 273.73460000 64.00960000
v -1415.84740000 276.83710000 63.64590000
v -1412.90060000 262.60850000 69.40250000
v -1418.18430000 262.38020000 69.96630000
v -1428.25540000 270.54690000 69.67290000
v -1422.00020000 253.67000000 73.86300000
v -1421.32640000 253.48640000 82.16520000
v -1421.81980000 251.81240000 70.11010000
v -1415.97090000 247.44150000 74.63930000
v -1428.25420000 265.80890000 74.10070000
v -1428.25370000 260.99670000 77.24800000
v -1428.25420000 258.06870000 78.04930000
v -1428.25170000 258.47200000 81.45340000
v -1428.25100000 263.65700000 79.92320000
v -1419.62480000 258.71850000 82.82390000
v -1419.99460000 252.65510000 83.27590000
v -1420.11820000 258.10020000 84.98090000
v -1428.25050000 267.08260000 79.33680000
v -1428.24850000 268.79390000 83.17110000
v -1428.25020000 270.72850000 77.70460000
v -1428.24930000 272.53380000 79.24670000
v -1428.25070000 269.36720000 77.64600000
v -1428.24880000 262.60750000 85.45980000
v -1428.24930000 258.10070000 86.66310000
v -1421.02030000 247.98110000 82.26440000
v -1424.25000000 231.80510000 32.19070000
v -1427.45310000 231.39650000 30.80960000
v -1422.73900000 247.82320000 67.15190000
v -1422.99390000 241.58250000 64.31340000
v -1425.04000000 250.90310000 65.76790000
v -1423.71040000 234.12250000 61.35570000
v -1424.10990000 224.26720000 59.58960000
v -1428.25560000 237.58550000 85.50110000
v -1428.25760000 228.96430000 87.99420000
v -1415.09160000 227.69220000 86.98440000
v -1428.26030000 218.73210000 88.62690000
v -1428.26340000 211.04160000 86.50600000
v -1423.30570000 209.39000000 82.39390000
v -1428.26390000 204.85150000 86.29720000
v -1425.43120000 223.97930000 70.83350000
v -1424.62260000 222.40900000 74.73300000
v -1415.20170000 195.12660000 74.46430000
v -1416.53690000 209.40550000 64.72780000
v -1419.14840000 207.48740000 50.35350000
v -1419.00490000 186.63990000 59.05570000
v -1416.15840000 174.82290000 72.79770000
v -1412.25660000 154.22190000 71.47860000
v -1425.28740000 156.70770000 68.78120000
v -1411.62210000 131.44720000 65.24170000
v -1423.59910000 136.07880000 63.58930000
v -1428.26950000 112.48530000 62.10360000
v -1413.42310000 113.96650000 57.53830000
v -1424.52050000 117.97780000 55.84980000
v -1412.19900000 101.16160000 49.57240000
v -1428.26860000 96.21520000 51.91500000
v -1428.26810000 86.76170000 43.91230000
v -1411.51710000 90.73840000 41.33770000
v -1428.27200000 82.20690000 28.34980000
v -1421.33400000 178.27630000 58.73770000
v -1424.66820000 161.32250000 53.73100000
v -1424.35600000 145.29670000 50.03660000
v -1424.67870000 127.19490000 44.04560000
v -1424.90550000 148.55560000 43.43990000
v -1427.45310000 148.01080000 40.69340000
v -1422.38090000 132.31300000 38.82980000
v -1427.45310000 132.08610000 35.66330000
v -1423.15670000 118.25220000 30.44720000
v -1422.20900000 106.81410000 20.27470000
v -1422.86180000 96.59360000 7.69190000
v -1422.57690000 85.71650000 -5.72590000
v -1422.59400000 78.47050000 0.54150000
v -1407.41990000 76.49360000 -30.91800000
v -1428.27340000 82.16870000 23.35410000
v -1428.27440000 79.84940000 15.02560000
v -1415.20210000 76.03670000 6.52580000
v -1428.27490000 72.70550000 7.05010000
v -1413.79860000 64.67640000 -0.17710000
v -1428.26610000 51.73270000 -1.67390000
v -1428.26640000 53.60140000 3.59760000
v -1406.61130000 51.69110000 -21.69040000
v -1409.24730000 72.05590000 -31.22460000
v -1428.26510000 45.95410000 -18.47270000
vn 0.68110000 -0.63890000 -0.35760000
vn 0.93760000 -0.32640000 -0.11970000
vn 0.80840000 -0.55660000 -0.19150000
vn 0.70630000 -0.69440000 -0.13770000
vn 0.81970000 -0.49740000 0.28410000
vn 0.97020000 -0.09110000 0.22440000
vn 0.67220000 -0.68210000 0.28780000
vn 0.95720000 0.28740000 -0.03430000
vn 0.93470000 -0.35530000 0.00950000
vn 0.92230000 0.30460000 0.23810000
vn 0.42290000 0.83760000 -0.34570000
vn 0.64230000 0.75220000 -0.14690000
vn 0.56510000 0.81900000 -0.09970000
vn 0.66990000 0.35560000 -0.65170000
vn 0.34370000 0.83530000 -0.42910000
vn 0.50320000 -0.86410000 -0.01260000
vn 0.64470000 -0.67090000 -0.36640000
vn 0.63630000 -0.68280000 -0.35900000
vn 0.93690000 -0.03400000 -0.34780000
vn 0.81290000 0.12260000 -0.56940000
vn 0.76900000 -0.40820000 -0.49190000
vn 0.66670000 -0.30300000 -0.68100000
vn 0.99710000 0.07620000 0.00120000
vn 0.77620000 0.32070000 -0.54280000
vn 0.62420000 -0.77970000 0.04910000
vn 0.87960000 -0.41130000 -0.23890000
vn 0.71660000 -0.64270000 0.27080000
vn 0.88660000 -0.17680000 -0.42740000
vn 0.82390000 0.17690000 -0.53840000
vn 0.51690000 -0.15890000 -0.84120000
vn 0.99570000 -0.01180000 0.09140000
vn 0.90560000 0.06100000 -0.41960000
vn 0.75900000 0.42980000 -0.48900000
vn 0.75110000 -0.63970000 0.16340000
vn 0.72080000 0.52260000 -0.45530000
vn 0.88540000 -0.45990000 -0.06810000
vn 0.65480000 0.60480000 -0.45330000
vn 0.64860000 0.74790000 -0.14110000
vn 0.96790000 -0.12380000 -0.21900000
vn 0.68770000 0.72170000 -0.07840000
vn 0.83210000 -0.53690000 0.13920000
vn 0.85140000 -0.50850000 0.12840000
vn 0.99730000 -0.07340000 -0.00100000
vn 0.67330000 0.58780000 0.44860000
vn 0.98610000 -0.16330000 -0.03060000
vn 0.71460000 -0.01250000 0.69940000
vn 0.82130000 -0.49190000 0.28900000
vn 0.99200000 0.11980000 0.03860000
vn 0.91030000 0.23270000 0.34250000
vn 0.67590000 0.43580000 -0.59430000
vn 0.86170000 0.05300000 -0.50470000
vn 0.93020000 -0.18370000 -0.31770000
vn 0.89070000 -0.36210000 0.27490000
vn 0.85160000 -0.49830000 -0.16240000
vn 0.99610000 0.04380000 0.07700000
vn 0.89010000 -0.45480000 0.02990000
vn 0.84270000 0.53570000 0.05430000
vn 0.74410000 -0.03400000 -0.66720000
vn 0.60310000 0.70860000 0.36640000
vn 0.98630000 0.15010000 -0.06820000
vn 0.53710000 0.82540000 0.17360000
vn 0.68570000 0.07270000 -0.72430000
vn 0.60780000 -0.35300000 -0.71130000
vn 0.96550000 -0.19200000 0.17610000
vn 0.55730000 -0.76770000 0.31640000
vn 0.72390000 -0.68930000 -0.02910000
vn 0.79120000 -0.52090000 0.32050000
vn 0.17950000 0.93470000 -0.30670000
vn 0.19730000 0.93030000 -0.30930000
vn 0.54530000 0.77300000 -0.32420000
vn 0.11210000 -0.79250000 0.59950000
vn 0.19100000 -0.97040000 0.14780000
vn 0.85910000 -0.44070000 0.26020000
vn 0.35500000 -0.87650000 -0.32510000
vn 0.88270000 -0.11950000 -0.45450000
vn 0.23930000 -0.86260000 -0.44560000
vn 0.53520000 0.83080000 -0.15300000
vn 0.14940000 0.95530000 -0.25510000
vn 0.62200000 0.76350000 -0.17380000
vn 0.17150000 0.93690000 -0.30460000
vn 0.36340000 -0.80550000 0.46820000
vn 0.92900000 0.00050000 -0.37010000
vn 0.63980000 -0.73490000 0.22490000
vn 0.80050000 -0.32970000 0.50050000
vn -0.38420000 -0.92280000 -0.02910000
vn 0.23900000 -0.68400000 0.68920000
vn 0.69410000 -0.57190000 0.43730000
vn 0.67390000 -0.68030000 -0.28810000
vn 0.76420000 -0.50950000 -0.39540000
vn 0.81260000 -0.07440000 -0.57800000
vn 0.79700000 -0.20800000 -0.56690000
vn 0.92940000 -0.36460000 0.05720000
vn 0.89090000 -0.03650000 -0.45260000
vn 0.91680000 -0.26030000 0.30290000
vn 0.85940000 0.47170000 0.19740000
vn 0.99210000 0.11020000 0.05920000
vn 0.16100000 0.70240000 -0.69330000
vn 0.21830000 0.94690000 -0.23600000
vn 0.78330000 0.43180000 -0.44710000
vn 0.10810000 0.59760000 -0.79450000
vn 0.06040000 0.69740000 -0.71410000
vn 0.23660000 0.50380000 -0.83080000
vn 0.18850000 0.97170000 0.14240000
vn 0.61590000 0.75510000 0.22460000
vn 0.05430000 0.92010000 -0.38800000
vn 0.53100000 0.60090000 -0.59750000
vn 0.85070000 -0.49590000 0.17430000
vn 0.57150000 -0.72710000 -0.38050000
vn 0.65680000 0.14610000 -0.73970000
vn 0.83990000 -0.23890000 -0.48740000
vn 0.78400000 -0.51170000 -0.35140000
vn 0.98350000 0.10000000 -0.15070000
vn 0.74060000 0.25420000 -0.62190000
vn 0.32060000 0.33360000 -0.88650000
vn 0.76610000 -0.03120000 0.64190000
vn 0.78230000 0.49080000 -0.38360000
vn 0.30440000 0.53370000 -0.78900000
vn 0.69960000 0.32300000 -0.63740000
vn 0.79370000 -0.00890000 0.60820000
vn 0.77180000 0.25100000 -0.58420000
vn 0.73810000 0.64780000 0.18840000
vn 0.44310000 0.33790000 -0.83040000
vn 0.73480000 0.32700000 -0.59430000
vn 0.24140000 0.09370000 -0.96590000
vn 0.98730000 -0.10640000 0.11810000
vn 0.24850000 -0.96350000 0.09940000
vn 0.55230000 -0.79180000 0.26080000
vn 0.30820000 -0.59910000 0.73900000
vn 0.23750000 -0.36760000 0.89910000
vn 0.91730000 -0.28950000 0.27340000
vn 0.79370000 -0.27160000 0.54440000
vn 0.80200000 -0.24790000 -0.54340000
vn 0.31400000 -0.42180000 -0.85060000
vn 0.25290000 -0.30180000 -0.91920000
vn 0.89220000 0.33470000 -0.30320000
vn 0.79980000 -0.21130000 0.56180000
vn 0.81550000 0.29140000 -0.50010000
vn 0.68000000 -0.07570000 0.72930000
vn 0.84140000 -0.44360000 0.30870000
vn 0.84010000 -0.32700000 -0.43280000
vn 0.49790000 0.24890000 -0.83070000
vn 0.80640000 0.39680000 -0.43850000
vn 0.59800000 0.00170000 -0.80150000
vn 0.92840000 0.15310000 -0.33860000
vn 0.63550000 -0.72830000 0.25640000
vn 0.97740000 -0.12690000 0.16920000
vn 0.58700000 -0.41800000 0.69330000
vn 0.99070000 -0.06640000 0.11880000
vn 0.71020000 0.28830000 0.64230000
vn 0.56620000 -0.30200000 0.76700000
vn 0.99830000 0.05460000 0.02040000
vn 0.72810000 -0.47950000 -0.48990000
vn 0.63930000 -0.08770000 -0.76400000
vn 0.99710000 0.06360000 -0.04260000
vn 0.60200000 0.31450000 -0.73390000
vn 0.86200000 0.38440000 0.33040000
vn 0.86460000 0.26220000 0.42860000
vn 0.90640000 -0.32870000 -0.26530000
vn 0.83440000 0.11660000 0.53860000
vn 0.82380000 -0.01230000 0.56680000
vn 0.84360000 -0.29340000 -0.44980000
vn 0.93300000 0.22610000 -0.27990000
vn 0.87820000 0.03190000 0.47730000
vn 0.89100000 0.19960000 0.40790000
vn 0.71870000 -0.12050000 -0.68480000
vn 0.73010000 0.35740000 0.58240000
vn 0.85680000 0.46340000 0.22610000
vn 0.96460000 -0.15780000 0.21120000
vn 0.97020000 0.23260000 0.06820000
vn 0.87190000 0.15390000 0.46480000
vn 0.99400000 0.03670000 0.10330000
vn 0.97830000 0.20530000 -0.02880000
vn 0.96770000 0.07460000 0.24060000
vn 0.99740000 0.05640000 0.04470000
vn 0.87900000 0.41900000 0.22750000
vn 0.87900000 0.30320000 0.36810000
vn 0.92260000 -0.15300000 0.35420000
vn 0.92690000 0.16680000 0.33610000
vn 0.98520000 -0.04060000 -0.16640000
vn 0.95710000 0.06100000 0.28340000
vn 0.87220000 0.02840000 0.48830000
vn 0.92760000 -0.17160000 0.33190000
vn 0.82930000 -0.05700000 0.55580000
vn 0.64130000 0.02380000 0.76690000
vn 0.98630000 -0.15960000 0.04190000
vn 0.86950000 -0.45030000 -0.20310000
vn 0.98450000 -0.12620000 0.12190000
vn 0.99960000 -0.02840000 0.00070000
vn 0.86580000 -0.14010000 -0.48040000
vn 0.98800000 -0.13010000 0.08370000
vn 0.96190000 -0.17120000 0.21300000
vn 0.81130000 -0.37290000 0.45040000
vn 0.94510000 -0.15890000 0.28570000
vn 0.71310000 -0.02730000 -0.70060000
vn 0.53070000 -0.15500000 -0.83330000
vn 0.25040000 -0.88060000 -0.40230000
vn 0.87350000 -0.46300000 -0.15050000
vn 0.35270000 -0.90400000 0.24150000
vn 0.76320000 0.64490000 -0.04120000
vn 0.98950000 0.02220000 -0.14270000
vn 0.31810000 -0.36930000 -0.87320000
vn 0.27400000 -0.30580000 -0.91180000
vn 0.92560000 -0.33370000 0.17840000
vn 0.81670000 -0.54660000 -0.18470000
vn 0.85820000 -0.07150000 -0.50830000
vn 0.84580000 -0.06800000 0.52920000
vn 0.93530000 -0.31990000 -0.15100000
vn 0.83700000 0.28790000 0.46540000
vn 0.99740000 0.07070000 -0.01230000
vn 0.86960000 0.34970000 0.34870000
vn 0.61300000 -0.20370000 0.76340000
vn 0.89140000 -0.01540000 0.45300000
vn 0.92440000 0.04550000 0.37880000
vn 0.88140000 0.45370000 0.13150000
vn 0.84670000 0.53180000 -0.01990000
vn 0.70160000 0.69310000 -0.16550000
vn 0.97380000 -0.20960000 0.08840000
vn 0.96690000 -0.13260000 0.21790000
vn 0.87430000 0.38020000 0.30170000
vn 0.43640000 0.23660000 -0.86810000
vn 0.95080000 -0.22540000 -0.21270000
vn 0.41220000 -0.67760000 -0.60910000
vn 0.95360000 0.28580000 -0.09510000
vn 0.93810000 0.19950000 -0.28330000
vn 0.89320000 0.44920000 0.01960000
vn 0.76370000 0.47280000 -0.43960000
vn 0.56040000 -0.07580000 -0.82480000
vn 0.66350000 -0.07230000 -0.74470000
vn 0.97270000 0.14360000 -0.18250000
vn 0.62940000 0.48770000 -0.60500000
vn 0.74420000 -0.65320000 0.13950000
vn 0.92380000 0.04100000 0.38060000
vn 0.96970000 -0.24420000 -0.00000000
vn 0.28980000 -0.86070000 -0.41860000
vn 0.53500000 -0.76430000 -0.35990000
vn 0.19590000 -0.86620000 -0.45970000
vn 0.81720000 -0.57630000 -0.00000000
vn 0.28540000 -0.95840000 -0.00000000
vn 0.20110000 -0.90260000 -0.38070000
vn 0.72010000 -0.55880000 -0.41140000
vn 0.23300000 -0.88970000 -0.39260000
vn 0.32280000 -0.18430000 -0.92840000
vn 0.09230000 -0.40670000 -0.90890000
vn 0.31840000 0.58330000 -0.74730000
vn 0.33460000 0.93760000 -0.09460000
vn 0.36130000 0.51920000 -0.77450000
vn 0.70500000 -0.70920000 0.00240000
vn 0.93440000 -0.35620000 0.00100000
vn 0.76280000 0.64670000 -0.00000000
vn 0.81880000 0.50140000 0.27940000
vn 0.70550000 0.54900000 -0.44810000
vn 0.97520000 -0.21140000 -0.06500000
vn 0.17710000 0.62910000 -0.75690000
vn 0.53620000 0.28850000 -0.79330000
vn 0.21170000 0.87160000 -0.44210000
vn 0.72360000 0.54410000 -0.42470000
vn 0.26850000 0.96330000 -0.00000000
vn 0.99390000 0.11010000 -0.00000000
vn 0.28390000 -0.95880000 -0.00000000
vn 0.97870000 0.17010000 -0.11490000
vn 0.89420000 0.26190000 -0.36300000
vn 0.77150000 -0.63620000 -0.00000000
vn 0.90530000 0.42480000 -0.00000000
vn 0.93330000 0.35910000 -0.00000000
vn 0.90500000 -0.42550000 0.00040000
vn 0.78390000 -0.62020000 0.02810000
vn 0.85820000 -0.46630000 0.21490000
vn 0.85130000 0.37660000 0.36530000
vn 0.88320000 0.35930000 0.30150000
vn 0.85070000 0.31340000 0.42210000
vn 0.78560000 -0.32890000 0.52400000
vn 0.84410000 -0.42230000 0.33040000
vn 0.55540000 0.40560000 -0.72600000
vn 0.61030000 0.65630000 0.44360000
vn 0.95400000 -0.26550000 -0.13910000
vn 0.99070000 0.13580000 0.00690000
vn 0.40310000 0.91360000 -0.05390000
vn 0.99790000 0.01650000 -0.06200000
vn 0.26980000 0.92650000 -0.26220000
vn 0.92500000 0.23830000 0.29590000
vn 0.93060000 0.36600000 -0.00710000
vn 0.62570000 0.73350000 -0.26530000
vn 0.92650000 0.21230000 0.31060000
vn 0.89220000 -0.18030000 0.41400000
vn 0.19790000 0.94520000 -0.25960000
vn 0.24330000 0.96980000 -0.01650000
vn 0.72350000 -0.36300000 0.58720000
vn 0.89310000 -0.23850000 0.38130000
vn 0.41780000 -0.38600000 0.82240000
vn 0.29780000 -0.43330000 0.85060000
vn 0.60910000 -0.65050000 0.45370000
vn 0.25690000 -0.48810000 0.83410000
vn 0.22770000 -0.59070000 0.77410000
vn 0.94680000 -0.20810000 -0.24530000
vn 0.89860000 -0.38680000 -0.20720000
vn 0.95110000 -0.20840000 0.22800000
vn 0.56130000 0.13460000 -0.81660000
vn 0.25060000 0.44120000 -0.86170000
vn 0.59370000 -0.64280000 0.48410000
vn 0.89240000 -0.25750000 0.37070000
vn 0.09100000 0.66180000 -0.74410000
vn 0.91130000 -0.20570000 0.35670000
vn 0.79070000 -0.07150000 0.60800000
vn 0.91410000 0.17650000 0.36510000
vn 0.92110000 0.38910000 -0.01220000
vn 0.08530000 0.60760000 -0.78960000
vn 0.07190000 0.42250000 -0.90350000
vn 0.17670000 0.76930000 -0.61400000
vn 0.36750000 0.44720000 0.81540000
vn 0.85410000 -0.15490000 0.49650000
vn 0.14720000 -0.20930000 0.96670000
vn 0.87210000 -0.06570000 0.48490000
vn 0.66680000 0.08740000 -0.74010000
vn 0.23310000 -0.28530000 0.92970000
vn 0.50190000 0.61640000 -0.60680000
vn 1.00000000 -0.00040000 0.00060000
vn 0.93750000 0.24470000 0.24740000
vn 1.00000000 -0.00030000 0.00060000
vn 0.26400000 0.32550000 -0.90790000
vn 0.20230000 0.10650000 -0.97350000
vn 0.91180000 -0.38220000 0.15020000
vn 0.87690000 -0.27950000 0.39100000
vn 0.83160000 -0.23240000 0.50440000
vn 0.65840000 0.29310000 0.69330000
vn 0.61180000 0.29190000 0.73520000
vn 0.69900000 -0.06270000 0.71240000
vn 0.69850000 0.15680000 0.69820000
vn 0.75400000 0.12490000 0.64490000
vn 0.13400000 0.32690000 -0.93550000
vn 0.58380000 0.19790000 -0.78740000
vn 0.09820000 0.18140000 -0.97850000
vn 0.12160000 -0.12550000 -0.98460000
vn 0.37950000 -0.30930000 -0.87190000
vn 0.56230000 0.02430000 -0.82660000
vn 0.86430000 -0.42350000 -0.27140000
vn 0.66070000 -0.31900000 0.67950000
vn 0.84090000 -0.26310000 -0.47290000
vn 0.81300000 0.16300000 -0.55900000
vn 0.88490000 0.44690000 -0.13110000
vn 0.76770000 0.33830000 0.54430000
vn 0.92330000 0.20760000 -0.32300000
vn 0.91450000 -0.07100000 0.39840000
vn 0.97600000 0.11870000 0.18250000
vn 0.77600000 0.14620000 0.61360000
vn 0.99520000 -0.08760000 0.04430000
vn 0.75490000 0.21220000 0.62060000
vn 0.99890000 -0.04680000 0.00760000
vn 0.29990000 -0.44140000 -0.84570000
vn 0.82250000 0.26730000 0.50210000
vn 0.99670000 0.06470000 -0.04900000
vn 0.27160000 -0.55750000 -0.78450000
vn 0.99720000 -0.02010000 -0.07180000
vn 0.25510000 -0.70820000 -0.65830000
vn 0.37700000 -0.87300000 0.30940000
vn 0.48660000 -0.27540000 -0.82910000
vn 0.99940000 -0.03470000 0.00440000
vn 0.99880000 0.04880000 0.00110000
vn 0.99300000 0.01310000 -0.11710000
vn 0.90800000 0.15910000 0.38750000
vn 0.90970000 0.13050000 0.39430000
vn 0.94510000 0.11920000 0.30410000
vn 0.84700000 0.21440000 0.48650000
vn 0.78680000 0.41200000 0.45950000
vn 0.83810000 0.38150000 0.38980000
vn 0.79280000 0.46410000 0.39510000
vn 0.85430000 0.44360000 0.27100000
vn 0.92310000 0.22650000 0.31070000
vn 0.83400000 0.45170000 -0.31700000
vn 0.34160000 -0.92910000 -0.14190000
vn 0.27340000 -0.82270000 -0.49840000
vn 0.98260000 -0.11470000 -0.14600000
vn 0.18150000 -0.60370000 -0.77630000
vn 0.90680000 0.35880000 -0.22120000
vn 0.17800000 -0.93780000 -0.29810000
vn 0.11900000 -0.85800000 -0.49960000
vn 0.78260000 -0.60420000 -0.14980000
vn 0.94330000 0.33210000 -0.00000000
vn 0.82790000 -0.56090000 -0.00000000
vn 0.86400000 -0.43590000 -0.25200000
vn 0.99560000 -0.09330000 -0.00000000
vn 0.25730000 -0.94890000 -0.18270000
vn 0.11280000 -0.99360000 -0.00000000
vn 0.68050000 -0.63900000 0.35870000
vn 0.80830000 -0.55640000 0.19240000
vn 0.93740000 -0.32670000 0.12070000
vn 0.70560000 -0.69450000 0.14110000
vn 0.81970000 -0.49790000 -0.28320000
vn 0.67220000 -0.68270000 -0.28650000
vn 0.97020000 -0.09130000 -0.22440000
vn 0.95720000 0.28760000 0.03390000
vn 0.92170000 0.30550000 -0.23900000
vn 0.93450000 -0.35590000 -0.00890000
vn 0.42290000 0.83760000 0.34570000
vn 0.56460000 0.81940000 0.09920000
vn 0.64210000 0.75270000 0.14540000
vn 0.66990000 0.35560000 0.65170000
vn 0.34370000 0.83530000 0.42910000
vn 0.50320000 -0.86410000 0.01260000
vn 0.63630000 -0.68280000 0.35900000
vn 0.64470000 -0.67090000 0.36640000
vn 0.81290000 0.12250000 0.56930000
vn 0.93700000 -0.03390000 0.34780000
vn 0.76860000 -0.40800000 0.49270000
vn 0.66630000 -0.30330000 0.68120000
vn 0.99710000 0.07650000 -0.00140000
vn 0.77630000 0.32130000 0.54230000
vn 0.62580000 -0.77850000 -0.04810000
vn 0.71650000 -0.64210000 -0.27260000
vn 0.87980000 -0.41080000 0.23920000
vn 0.88600000 -0.17700000 0.42870000
vn 0.51660000 -0.15890000 0.84140000
vn 0.82400000 0.17720000 0.53810000
vn 0.99570000 -0.01180000 -0.09140000
vn 0.75890000 0.43050000 0.48870000
vn 0.90570000 0.06110000 0.41950000
vn 0.75070000 -0.64050000 -0.16180000
vn 0.88540000 -0.45970000 0.06900000
vn 0.72100000 0.52320000 0.45440000
vn 0.65480000 0.60570000 0.45210000
vn 0.96780000 -0.12380000 0.21910000
vn 0.64860000 0.74820000 0.13960000
vn 0.68740000 0.72220000 0.07700000
vn 0.85160000 -0.50850000 -0.12720000
vn 0.83210000 -0.53720000 -0.13790000
vn 0.99730000 -0.07350000 0.00120000
vn 0.67340000 0.58740000 -0.44890000
vn 0.98610000 -0.16350000 0.03090000
vn 0.82120000 -0.49250000 -0.28810000
vn 0.71460000 -0.01260000 -0.69940000
vn 0.91010000 0.23270000 -0.34280000
vn 0.99200000 0.12010000 -0.03900000
vn 0.67600000 0.43680000 0.59350000
vn 0.86160000 0.05340000 0.50470000
vn 0.93010000 -0.18420000 0.31780000
vn 0.89060000 -0.36260000 -0.27440000
vn 0.85150000 -0.49830000 0.16320000
vn 0.99610000 0.04340000 -0.07710000
vn 0.89020000 -0.45470000 -0.02910000
vn 0.84210000 0.53660000 -0.05480000
vn 0.74410000 -0.03350000 0.66720000
vn 0.60190000 0.70930000 -0.36690000
vn 0.53570000 0.82610000 -0.17460000
vn 0.98630000 0.15030000 0.06850000
vn 0.68570000 0.07320000 0.72420000
vn 0.60730000 -0.35330000 0.71160000
vn 0.96550000 -0.19190000 -0.17580000
vn 0.55750000 -0.76800000 -0.31510000
vn 0.72370000 -0.68940000 0.03050000
vn 0.79130000 -0.52110000 -0.31980000
vn 0.17910000 0.93540000 0.30480000
vn 0.54510000 0.77380000 0.32260000
vn 0.19680000 0.93110000 0.30720000
vn 0.11210000 -0.79350000 -0.59810000
vn 0.85910000 -0.44110000 -0.25950000
vn 0.19080000 -0.97060000 -0.14680000
vn 0.35460000 -0.87660000 0.32530000
vn 0.23920000 -0.86260000 0.44580000
vn 0.88260000 -0.11930000 0.45470000
vn 0.53470000 0.83120000 0.15210000
vn 0.62140000 0.76410000 0.17300000
vn 0.14900000 0.95580000 0.25350000
vn 0.17110000 0.93740000 0.30320000
vn 0.36330000 -0.80640000 -0.46670000
vn 0.63980000 -0.73520000 -0.22390000
vn 0.92900000 0.00060000 0.37010000
vn 0.80130000 -0.32970000 -0.49910000
vn 0.23570000 -0.68480000 -0.68960000
vn -0.38990000 -0.92050000 0.02540000
vn 0.68750000 -0.57530000 -0.44320000
vn 0.67030000 -0.68720000 0.28010000
vn 0.76120000 -0.52130000 0.38580000
vn 0.81080000 -0.07500000 0.58040000
vn 0.92910000 -0.36580000 -0.05360000
vn 0.79820000 -0.21030000 0.56450000
vn 0.88990000 -0.04090000 0.45420000
vn 0.92170000 -0.24650000 -0.29960000
vn 0.99190000 0.11820000 -0.04590000
vn 0.85940000 0.47220000 -0.19600000
vn 0.16190000 0.68570000 0.70960000
vn 0.77880000 0.42700000 0.45950000
vn 0.21920000 0.94530000 0.24160000
vn 0.10520000 0.59190000 0.79920000
vn 0.23630000 0.50010000 0.83310000
vn 0.05010000 0.67800000 0.73330000
vn 0.61720000 0.75550000 -0.21960000
vn 0.18790000 0.97180000 -0.14280000
vn 0.05020000 0.91630000 0.39730000
vn 0.52420000 0.60500000 0.59940000
vn 0.85020000 -0.49780000 -0.17110000
vn 0.65220000 0.15970000 0.74100000
vn 0.57150000 -0.72700000 0.38060000
vn 0.83990000 -0.24120000 0.48620000
vn 0.78240000 -0.52180000 0.34000000
vn 0.98380000 0.09740000 0.15050000
vn 0.73860000 0.25560000 0.62390000
vn 0.32700000 0.34270000 0.88070000
vn 0.76690000 -0.02880000 -0.64110000
vn 0.78010000 0.49350000 0.38460000
vn 0.30580000 0.52800000 0.79230000
vn 0.68770000 0.32430000 0.64950000
vn 0.79470000 -0.00730000 -0.60700000
vn 0.72920000 0.65710000 -0.19100000
vn 0.77150000 0.25520000 0.58280000
vn 0.44270000 0.34200000 0.82890000
vn 0.24160000 0.09290000 0.96590000
vn 0.73390000 0.32920000 0.59410000
vn 0.98740000 -0.10640000 -0.11740000
vn 0.24840000 -0.96360000 -0.09900000
vn 0.30770000 -0.60050000 -0.73800000
vn 0.55240000 -0.79190000 -0.26030000
vn 0.23180000 -0.36490000 -0.90170000
vn 0.79400000 -0.27320000 -0.54310000
vn 0.91590000 -0.29000000 -0.27750000
vn 0.80110000 -0.25360000 0.54220000
vn 0.25300000 -0.30820000 0.91710000
vn 0.31400000 -0.43070000 0.84610000
vn 0.89510000 0.32750000 0.30250000
vn 0.81760000 0.28640000 0.49940000
vn 0.79920000 -0.21130000 -0.56270000
vn 0.68060000 -0.07340000 -0.72890000
vn 0.80820000 -0.38890000 0.44220000
vn 0.86670000 -0.42870000 -0.25500000
vn 0.50100000 0.24430000 0.83020000
vn 0.80980000 0.38920000 0.43900000
vn 0.92920000 0.15060000 0.33740000
vn 0.59740000 0.00180000 0.80190000
vn 0.63860000 -0.72660000 -0.25330000
vn 0.58900000 -0.41110000 -0.69580000
vn 0.97760000 -0.12590000 -0.16860000
vn 0.99080000 -0.06450000 -0.11880000
vn 0.56790000 -0.29840000 -0.76710000
vn 0.71160000 0.28710000 -0.64130000
vn 0.99830000 0.05480000 -0.02050000
vn 0.63950000 -0.08580000 0.76400000
vn 0.73030000 -0.47170000 0.49410000
vn 0.60150000 0.31510000 0.73410000
vn 0.99710000 0.06320000 0.04300000
vn 0.86150000 0.39030000 -0.32470000
vn 0.92030000 -0.29450000 0.25750000
vn 0.86420000 0.26540000 -0.42750000
vn 0.83390000 0.11720000 -0.53930000
vn 0.85160000 -0.31880000 0.41620000
vn 0.82330000 -0.01240000 -0.56750000
vn 0.93530000 0.21960000 0.27740000
vn 0.89120000 0.19320000 -0.41030000
vn 0.87840000 0.03170000 -0.47690000
vn 0.71890000 -0.11770000 0.68510000
vn 0.73280000 0.34720000 -0.58520000
vn 0.86090000 0.45360000 -0.23020000
vn 0.96430000 -0.15900000 -0.21170000
vn 0.97070000 0.23050000 -0.06840000
vn 0.99400000 0.03760000 -0.10290000
vn 0.87190000 0.15260000 -0.46520000
vn 0.97850000 0.20400000 0.02890000
vn 0.96790000 0.07240000 -0.24080000
vn 0.88290000 0.40910000 -0.23060000
vn 0.99760000 0.05390000 -0.04440000
vn 0.88150000 0.29410000 -0.36930000
vn 0.92300000 -0.14720000 -0.35570000
vn 0.92720000 0.16770000 -0.33490000
vn 0.95720000 0.06020000 -0.28310000
vn 0.98500000 -0.04170000 0.16750000
vn 0.87180000 0.02980000 -0.48900000
vn 0.92840000 -0.16650000 -0.33210000
vn 0.64120000 0.02290000 -0.76700000
vn 0.82930000 -0.05610000 -0.55590000
vn 0.98680000 -0.15650000 -0.04070000
vn 0.98520000 -0.12250000 -0.12000000
vn 0.87320000 -0.44190000 0.20550000
vn 0.99950000 -0.03140000 -0.00100000
vn 0.86560000 -0.13800000 0.48130000
vn 0.98830000 -0.12890000 -0.08160000
vn 0.96280000 -0.16830000 -0.21140000
vn 0.94540000 -0.15720000 -0.28550000
vn 0.81480000 -0.36660000 -0.44910000
vn 0.71280000 -0.02750000 0.70080000
vn 0.52930000 -0.15460000 0.83420000
vn 0.24990000 -0.88150000 0.40060000
vn 0.35170000 -0.90420000 -0.24230000
vn 0.87370000 -0.46280000 0.14990000
vn 0.98950000 0.02180000 0.14260000
vn 0.76290000 0.64510000 0.04200000
vn 0.27200000 -0.30340000 0.91320000
vn 0.31550000 -0.37350000 0.87230000
vn 0.92760000 -0.32850000 -0.17790000
vn 0.81830000 -0.54390000 0.18590000
vn 0.85700000 -0.07000000 0.51060000
vn 0.84600000 -0.06600000 -0.52910000
vn 0.93720000 -0.31410000 0.15140000
vn 0.83980000 0.29480000 -0.45590000
vn 0.87060000 0.34860000 -0.34720000
vn 0.99700000 0.07570000 0.01360000
vn 0.61330000 -0.20040000 -0.76400000
vn 0.89170000 -0.01480000 -0.45240000
vn 0.92440000 0.04540000 -0.37870000
vn 0.88160000 0.45360000 -0.13100000
vn 0.70140000 0.69320000 0.16570000
vn 0.84670000 0.53180000 0.01990000
vn 0.97380000 -0.20960000 -0.08880000
vn 0.87430000 0.38100000 -0.30090000
vn 0.96690000 -0.13250000 -0.21800000
vn 0.43640000 0.23660000 0.86810000
vn 0.41220000 -0.67760000 0.60910000
vn 0.95080000 -0.22540000 0.21270000
vn 0.95370000 0.28540000 0.09450000
vn 0.93810000 0.19950000 0.28330000
vn 0.76370000 0.47280000 0.43960000
vn 0.89320000 0.44930000 -0.01950000
vn 0.56040000 -0.07350000 0.82490000
vn 0.66320000 -0.07090000 0.74510000
vn 0.97270000 0.14360000 0.18250000
vn 0.62940000 0.48770000 0.60500000
vn 0.74420000 -0.65320000 -0.13950000
vn 0.92380000 0.04100000 -0.38060000
vn 0.28980000 -0.86070000 0.41860000
vn 0.53500000 -0.76430000 0.35990000
vn 0.19590000 -0.86620000 0.45970000
vn 0.20110000 -0.90260000 0.38070000
vn 0.23300000 -0.88970000 0.39260000
vn 0.72010000 -0.55880000 0.41140000
vn 0.32280000 -0.18430000 0.92840000
vn 0.09230000 -0.40670000 0.90890000
vn 0.31840000 0.58330000 0.74730000
vn 0.33460000 0.93760000 0.09460000
vn 0.36160000 0.51890000 0.77460000
vn 0.81880000 0.50210000 -0.27820000
vn 0.70540000 0.54990000 0.44730000
vn 0.97530000 -0.21090000 0.06500000
vn 0.17710000 0.62910000 0.75690000
vn 0.53620000 0.28850000 0.79330000
vn 0.21170000 0.87160000 0.44210000
vn 0.72360000 0.54410000 0.42470000
vn 0.97870000 0.17010000 0.11480000
vn 0.89430000 0.26180000 0.36290000
vn 0.78390000 -0.62030000 -0.02710000
vn 0.85820000 -0.46650000 -0.21420000
vn 0.85340000 0.37980000 -0.35710000
vn 0.88310000 0.35990000 -0.30080000
vn 0.85060000 0.32440000 -0.41380000
vn 0.84440000 -0.42130000 -0.33100000
vn 0.78740000 -0.32640000 -0.52290000
vn 0.55550000 0.40640000 0.72540000
vn 0.60940000 0.65660000 -0.44440000
vn 0.95410000 -0.26510000 0.13900000
vn 0.99070000 0.13560000 -0.00730000
vn 0.40190000 0.91420000 0.05190000
vn 0.99790000 0.01670000 0.06200000
vn 0.26920000 0.92730000 0.26000000
vn 0.92480000 0.23800000 -0.29690000
vn 0.93060000 0.36610000 0.00620000
vn 0.62550000 0.73420000 0.26410000
vn 0.92640000 0.21210000 -0.31100000
vn 0.89230000 -0.18040000 -0.41380000
vn 0.19740000 0.94580000 0.25790000
vn 0.24270000 0.97000000 0.01570000
vn 0.72350000 -0.36370000 -0.58670000
vn 0.29510000 -0.43340000 -0.85150000
vn 0.41560000 -0.38310000 -0.82490000
vn 0.89070000 -0.24010000 -0.38590000
vn 0.60160000 -0.65380000 -0.45900000
vn 0.25690000 -0.48650000 -0.83500000
vn 0.22500000 -0.59270000 -0.77340000
vn 0.94660000 -0.21160000 0.24320000
vn 0.95460000 -0.19550000 -0.22500000
vn 0.89850000 -0.39380000 0.19420000
vn 0.55670000 0.13120000 0.82030000
vn 0.25780000 0.41730000 0.87140000
vn 0.89470000 -0.25440000 -0.36700000
vn 0.58690000 -0.64810000 -0.48530000
vn 0.08830000 0.66460000 0.74190000
vn 0.91150000 -0.20090000 -0.35880000
vn 0.78630000 -0.07450000 -0.61330000
vn 0.91500000 0.17830000 -0.36190000
vn 0.91950000 0.39280000 0.01720000
vn 0.08340000 0.61200000 0.78650000
vn 0.07050000 0.42810000 0.90100000
vn 0.17090000 0.76720000 0.61820000
vn 0.36740000 0.45520000 -0.81100000
vn 0.14700000 -0.21470000 -0.96560000
vn 0.85440000 -0.15850000 -0.49490000
vn 0.87230000 -0.06680000 -0.48440000
vn 0.66600000 0.09040000 0.74050000
vn 0.23160000 -0.29150000 -0.92810000
vn 0.49020000 0.61960000 0.61300000
vn 0.93840000 0.24280000 -0.24600000
vn 1.00000000 -0.00030000 -0.00060000
vn 1.00000000 -0.00030000 -0.00060000
vn 0.26140000 0.33210000 0.90630000
vn 0.20200000 0.10900000 0.97330000
vn 0.90790000 -0.38840000 -0.15780000
vn 0.87860000 -0.27690000 -0.38920000
vn 0.83100000 -0.23130000 -0.50590000
vn 0.65970000 0.29580000 -0.69090000
vn 0.61240000 0.29220000 -0.73450000
vn 0.69900000 -0.06290000 -0.71240000
vn 0.69860000 0.15490000 -0.69850000
vn 0.75390000 0.12170000 -0.64570000
vn 0.13340000 0.32840000 0.93510000
vn 0.09810000 0.18100000 0.97860000
vn 0.58420000 0.19680000 0.78740000
vn 0.12140000 -0.12290000 0.98500000
vn 0.37790000 -0.30600000 0.87380000
vn 0.86670000 -0.41680000 0.27420000
vn 0.56230000 0.02430000 0.82660000
vn 0.84170000 -0.26040000 0.47300000
vn 0.66130000 -0.31360000 -0.68140000
vn 0.81430000 0.15900000 0.55820000
vn 0.88940000 0.43810000 0.13050000
vn 0.76970000 0.32760000 -0.54800000
vn 0.92450000 0.20440000 0.32170000
vn 0.91440000 -0.06990000 -0.39860000
vn 0.97640000 0.11640000 -0.18210000
vn 0.77590000 0.14540000 -0.61380000
vn 0.99500000 -0.09070000 -0.04140000
vn 0.75400000 0.21460000 -0.62080000
vn 0.29800000 -0.45560000 0.83890000
vn 0.99880000 -0.04910000 -0.00190000
vn 0.82070000 0.27610000 -0.50030000
vn 0.99660000 0.07000000 0.04440000
vn 0.27260000 -0.56450000 0.77910000
vn 0.25480000 -0.70940000 0.65710000
vn 0.99720000 -0.02050000 0.07180000
vn 0.37600000 -0.87320000 -0.31000000
vn 0.48660000 -0.26950000 0.83100000
vn 0.99940000 -0.03350000 -0.00450000
vn 0.99880000 0.04870000 -0.00120000
vn 0.99290000 0.01760000 0.11770000
vn 0.90820000 0.16030000 -0.38670000
vn 0.90950000 0.13160000 -0.39430000
vn 0.94640000 0.12060000 -0.29960000
vn 0.84610000 0.22170000 -0.48480000
vn 0.78470000 0.42590000 -0.45040000
vn 0.83630000 0.38950000 -0.38590000
vn 0.79280000 0.46490000 -0.39410000
vn 0.85420000 0.44430000 -0.27010000
vn 0.92320000 0.22670000 -0.31030000
vn 0.83400000 0.45170000 0.31700000
vn 0.34070000 -0.92970000 0.14000000
vn 0.27300000 -0.82420000 0.49620000
vn 0.98270000 -0.11470000 0.14560000
vn 0.18130000 -0.60510000 0.77520000
vn 0.90680000 0.35890000 0.22100000
vn 0.17800000 -0.93780000 0.29810000
vn 0.11900000 -0.85800000 0.49960000
vn 0.78260000 -0.60420000 0.14980000
vn 0.86400000 -0.43590000 0.25200000
vn 0.25730000 -0.94890000 0.18270000
vn -0.68110000 -0.63890000 0.35760000
vn -0.93760000 -0.32640000 0.11960000
vn -0.80840000 -0.55660000 0.19150000
vn -0.70630000 -0.69440000 0.13770000
vn -0.81970000 -0.49740000 -0.28410000
vn -0.97020000 -0.09110000 -0.22440000
vn -0.67220000 -0.68210000 -0.28780000
vn -0.95720000 0.28740000 0.03430000
vn -0.93470000 -0.35530000 -0.00950000
vn -0.92220000 0.30460000 -0.23810000
vn -0.43120000 0.83350000 0.34550000
vn -0.64800000 0.74830000 0.14190000
vn -0.57270000 0.81390000 0.09750000
vn -0.67200000 0.35420000 0.65040000
vn -0.34950000 0.83340000 0.42810000
vn -0.50320000 -0.86410000 0.01260000
vn -0.64470000 -0.67090000 0.36640000
vn -0.63630000 -0.68280000 0.35900000
vn -0.93690000 -0.03400000 0.34780000
vn -0.81290000 0.12260000 0.56940000
vn -0.76900000 -0.40820000 0.49190000
vn -0.66670000 -0.30300000 0.68100000
vn -0.99710000 0.07620000 -0.00120000
vn -0.77620000 0.32070000 0.54280000
vn -0.62420000 -0.77970000 -0.04910000
vn -0.87960000 -0.41130000 0.23890000
vn -0.71660000 -0.64270000 -0.27080000
vn -0.88660000 -0.17680000 0.42740000
vn -0.82390000 0.17690000 0.53840000
vn -0.51690000 -0.15890000 0.84120000
vn -0.99570000 -0.01180000 -0.09140000
vn -0.90560000 0.06100000 0.41960000
vn -0.75900000 0.42980000 0.48900000
vn -0.75110000 -0.63970000 -0.16340000
vn -0.72080000 0.52260000 0.45530000
vn -0.88540000 -0.45990000 0.06810000
vn -0.65480000 0.60480000 0.45330000
vn -0.64860000 0.74790000 0.14110000
vn -0.96790000 -0.12380000 0.21900000
vn -0.68770000 0.72170000 0.07840000
vn -0.83210000 -0.53690000 -0.13920000
vn -0.85140000 -0.50850000 -0.12840000
vn -0.99730000 -0.07340000 0.00100000
vn -0.67330000 0.58780000 -0.44860000
vn -0.98610000 -0.16330000 0.03060000
vn -0.71460000 -0.01250000 -0.69940000
vn -0.82130000 -0.49190000 -0.28900000
vn -0.99200000 0.11980000 -0.03860000
vn -0.91030000 0.23270000 -0.34250000
vn -0.67590000 0.43580000 0.59430000
vn -0.86170000 0.05300000 0.50470000
vn -0.93020000 -0.18370000 0.31770000
vn -0.89070000 -0.36210000 -0.27490000
vn -0.85160000 -0.49830000 0.16240000
vn -0.99610000 0.04380000 -0.07700000
vn -0.89010000 -0.45480000 -0.02990000
vn -0.84260000 0.53570000 -0.05430000
vn -0.74410000 -0.03400000 0.66720000
vn -0.60740000 0.70560000 -0.36490000
vn -0.98660000 0.14760000 0.06970000
vn -0.54160000 0.82260000 -0.17300000
vn -0.68570000 0.07270000 0.72430000
vn -0.60780000 -0.35310000 0.71130000
vn -0.96550000 -0.19200000 -0.17620000
vn -0.55730000 -0.76770000 -0.31640000
vn -0.72390000 -0.68930000 0.02910000
vn -0.79120000 -0.52090000 -0.32050000
vn -0.18120000 0.93440000 0.30670000
vn -0.19930000 0.93000000 0.30890000
vn -0.54610000 0.77260000 0.32390000
vn -0.11210000 -0.79250000 -0.59950000
vn -0.19110000 -0.97040000 -0.14780000
vn -0.85910000 -0.44070000 -0.26020000
vn -0.35500000 -0.87650000 0.32510000
vn -0.88270000 -0.11950000 0.45460000
vn -0.23930000 -0.86260000 0.44560000
vn -0.53620000 0.83010000 0.15310000
vn -0.15090000 0.95510000 0.25510000
vn -0.62300000 0.76270000 0.17390000
vn -0.17330000 0.93650000 0.30470000
vn -0.36340000 -0.80550000 -0.46820000
vn -0.92900000 0.00050000 0.37010000
vn -0.63980000 -0.73490000 -0.22490000
vn -0.80050000 -0.32970000 -0.50050000
vn 0.38420000 -0.92280000 0.02900000
vn -0.23900000 -0.68400000 -0.68920000
vn -0.69410000 -0.57190000 -0.43730000
vn -0.67390000 -0.68030000 0.28810000
vn -0.76420000 -0.50950000 0.39540000
vn -0.81260000 -0.07450000 0.57800000
vn -0.79710000 -0.20800000 0.56690000
vn -0.92940000 -0.36460000 -0.05720000
vn -0.89090000 -0.03650000 0.45260000
vn -0.91680000 -0.26030000 -0.30290000
vn -0.85990000 0.47090000 -0.19700000
vn -0.99210000 0.11020000 -0.05920000
vn -0.16130000 0.70240000 0.69330000
vn -0.21890000 0.94640000 0.23740000
vn -0.78330000 0.43180000 0.44710000
vn -0.10950000 0.59750000 0.79440000
vn -0.06110000 0.69720000 0.71430000
vn -0.23710000 0.50380000 0.83070000
vn -0.19050000 0.97130000 -0.14270000
vn -0.61670000 0.75490000 -0.22320000
vn -0.05510000 0.92000000 0.38790000
vn -0.53130000 0.60070000 0.59740000
vn -0.85070000 -0.49590000 -0.17430000
vn -0.57150000 -0.72710000 0.38050000
vn -0.65680000 0.14610000 0.73970000
vn -0.83990000 -0.23890000 0.48740000
vn -0.78400000 -0.51170000 0.35140000
vn -0.98350000 0.10000000 0.15070000
vn -0.74250000 0.25360000 0.61990000
vn -0.32120000 0.33340000 0.88640000
vn -0.76610000 -0.03120000 -0.64190000
vn -0.78230000 0.49080000 0.38370000
vn -0.30480000 0.53350000 0.78890000
vn -0.69960000 0.32300000 0.63740000
vn -0.79410000 -0.00890000 -0.60780000
vn -0.77290000 0.25050000 0.58300000
vn -0.74180000 0.64360000 -0.18840000
vn -0.44560000 0.33840000 0.82880000
vn -0.73510000 0.32700000 0.59380000
vn -0.24470000 0.09530000 0.96490000
vn -0.98730000 -0.10640000 -0.11810000
vn -0.24840000 -0.96350000 -0.09940000
vn -0.55230000 -0.79180000 -0.26080000
vn -0.30820000 -0.59910000 -0.73900000
vn -0.23750000 -0.36760000 -0.89910000
vn -0.91730000 -0.28950000 -0.27340000
vn -0.79370000 -0.27160000 -0.54440000
vn -0.80320000 -0.24710000 0.54200000
vn -0.31920000 -0.42150000 0.84880000
vn -0.25660000 -0.30160000 0.91820000
vn -0.89220000 0.33470000 0.30320000
vn -0.79980000 -0.21130000 -0.56180000
vn -0.81550000 0.29140000 0.50010000
vn -0.68000000 -0.07570000 -0.72930000
vn -0.84140000 -0.44360000 -0.30870000
vn -0.84010000 -0.32700000 0.43280000
vn -0.49790000 0.24890000 0.83070000
vn -0.80640000 0.39680000 0.43850000
vn -0.60220000 0.00210000 0.79840000
vn -0.92980000 0.15340000 0.33450000
vn -0.63550000 -0.72830000 -0.25640000
vn -0.97740000 -0.12690000 -0.16920000
vn -0.58700000 -0.41800000 -0.69330000
vn -0.99070000 -0.06640000 -0.11880000
vn -0.71020000 0.28830000 -0.64230000
vn -0.56620000 -0.30200000 -0.76700000
vn -0.99830000 0.05460000 -0.02040000
vn -0.72850000 -0.47940000 0.48940000
vn -0.63970000 -0.08750000 0.76360000
vn -0.99710000 0.06360000 0.04260000
vn -0.60260000 0.31430000 0.73350000
vn -0.86200000 0.38430000 -0.33040000
vn -0.86460000 0.26220000 -0.42860000
vn -0.90640000 -0.32870000 0.26530000
vn -0.83450000 0.11660000 -0.53860000
vn -0.82370000 -0.01230000 -0.56680000
vn -0.84360000 -0.29340000 0.44980000
vn -0.93300000 0.22610000 0.27990000
vn -0.87820000 0.03190000 -0.47730000
vn -0.89100000 0.19960000 -0.40780000
vn -0.71870000 -0.12050000 0.68480000
vn -0.73020000 0.35740000 -0.58240000
vn -0.85680000 0.46340000 -0.22610000
vn -0.96460000 -0.15780000 -0.21120000
vn -0.97020000 0.23260000 -0.06820000
vn -0.87190000 0.15390000 -0.46480000
vn -0.99400000 0.03670000 -0.10330000
vn -0.97830000 0.20530000 0.02880000
vn -0.96770000 0.07470000 -0.24060000
vn -0.99740000 0.05640000 -0.04470000
vn -0.87900000 0.41900000 -0.22750000
vn -0.87900000 0.30320000 -0.36810000
vn -0.92260000 -0.15300000 -0.35410000
vn -0.92690000 0.16680000 -0.33610000
vn -0.98520000 -0.04060000 0.16640000
vn -0.95710000 0.06100000 -0.28340000
vn -0.87220000 0.02840000 -0.48830000
vn -0.92760000 -0.17160000 -0.33190000
vn -0.82940000 -0.05700000 -0.55580000
vn -0.64130000 0.02380000 -0.76690000
vn -0.98630000 -0.15970000 -0.04190000
vn -0.86950000 -0.45030000 0.20310000
vn -0.98450000 -0.12620000 -0.12190000
vn -0.99960000 -0.02840000 -0.00070000
vn -0.86580000 -0.14010000 0.48040000
vn -0.98800000 -0.13010000 -0.08370000
vn -0.96190000 -0.17120000 -0.21300000
vn -0.81130000 -0.37290000 -0.45040000
vn -0.94500000 -0.15890000 -0.28570000
vn -0.71310000 -0.02730000 0.70060000
vn -0.53220000 -0.15480000 0.83240000
vn -0.25240000 -0.88010000 0.40210000
vn -0.87410000 -0.46180000 0.15080000
vn -0.35540000 -0.90300000 -0.24140000
vn -0.76320000 0.64490000 0.04120000
vn -0.98950000 0.02320000 0.14280000
vn -0.32070000 -0.36880000 0.87240000
vn -0.27720000 -0.30550000 0.91100000
vn -0.92560000 -0.33370000 -0.17840000
vn -0.81670000 -0.54670000 0.18470000
vn -0.85820000 -0.07150000 0.50830000
vn -0.84580000 -0.06800000 -0.52920000
vn -0.93530000 -0.31990000 0.15100000
vn -0.83700000 0.28790000 -0.46540000
vn -0.99740000 0.07070000 0.01230000
vn -0.86960000 0.34970000 -0.34870000
vn -0.61300000 -0.20370000 -0.76340000
vn -0.89140000 -0.01540000 -0.45300000
vn -0.92440000 0.04550000 -0.37870000
vn -0.88140000 0.45370000 -0.13150000
vn -0.84670000 0.53180000 0.01990000
vn -0.70160000 0.69310000 0.16550000
vn -0.97400000 -0.20840000 -0.08920000
vn -0.96710000 -0.13130000 -0.21810000
vn -0.87430000 0.38020000 -0.30170000
vn -0.43720000 0.23640000 0.86770000
vn -0.95090000 -0.22470000 0.21280000
vn -0.41270000 -0.67640000 0.61000000
vn -0.95360000 0.28580000 0.09510000
vn -0.93810000 0.19950000 0.28330000
vn -0.89320000 0.44920000 -0.01960000
vn -0.76370000 0.47280000 0.43960000
vn -0.56700000 -0.07390000 0.82040000
vn -0.67130000 -0.07190000 0.73770000
vn -0.97270000 0.14360000 0.18250000
vn -0.62940000 0.48770000 0.60500000
vn -0.74460000 -0.65260000 -0.14010000
vn -0.92380000 0.04100000 -0.38060000
vn -0.96970000 -0.24420000 0.00000000
vn -0.29220000 -0.86010000 0.41820000
vn -0.53580000 -0.76450000 0.35850000
vn -0.19800000 -0.86580000 0.45960000
vn -0.81720000 -0.57630000 0.00000000
vn -0.28620000 -0.95820000 0.00000000
vn -0.20270000 -0.90240000 0.38040000
vn -0.72080000 -0.55800000 0.41130000
vn -0.23490000 -0.88930000 0.39250000
vn -0.32360000 -0.18790000 0.92730000
vn -0.09480000 -0.40680000 0.90860000
vn -0.32350000 0.58210000 0.74600000
vn -0.33820000 0.93630000 0.09470000
vn -0.36360000 0.51810000 0.77420000
vn -0.70500000 -0.70920000 -0.00240000
vn -0.93440000 -0.35620000 -0.00100000
vn -0.76280000 0.64670000 0.00000000
vn -0.81880000 0.50140000 -0.27940000
vn -0.70550000 0.54900000 0.44810000
vn -0.97490000 -0.21310000 0.06500000
vn -0.17910000 0.62810000 0.75730000
vn -0.53660000 0.28720000 0.79340000
vn -0.21380000 0.87130000 0.44170000
vn -0.72420000 0.54310000 0.42500000
vn -0.27070000 0.96270000 0.00000000
vn -0.99400000 0.10920000 0.00000000
vn -0.28390000 -0.95890000 0.00000000
vn -0.97870000 0.17010000 0.11490000
vn -0.89420000 0.26190000 0.36300000
vn -0.77150000 -0.63620000 0.00000000
vn -0.90530000 0.42480000 0.00000000
vn -0.93330000 0.35910000 0.00000000
vn -0.90500000 -0.42550000 -0.00040000
vn -0.78390000 -0.62020000 -0.02810000
vn -0.85810000 -0.46630000 -0.21490000
vn -0.85130000 0.37660000 -0.36530000
vn -0.88320000 0.35930000 -0.30150000
vn -0.85070000 0.31340000 -0.42200000
vn -0.78560000 -0.32890000 -0.52400000
vn -0.84410000 -0.42230000 -0.33040000
vn -0.55540000 0.40560000 0.72600000
vn -0.61030000 0.65630000 -0.44360000
vn -0.95400000 -0.26550000 0.13910000
vn -0.99090000 0.13420000 -0.00680000
vn -0.40680000 0.91200000 0.05320000
vn -0.99800000 0.01530000 0.06180000
vn -0.27240000 0.92590000 0.26190000
vn -0.92560000 0.23700000 -0.29510000
vn -0.93080000 0.36540000 0.00690000
vn -0.62630000 0.73290000 0.26550000
vn -0.92680000 0.21150000 -0.31050000
vn -0.89220000 -0.18030000 -0.41400000
vn -0.19970000 0.94490000 0.25940000
vn -0.24550000 0.96930000 0.01670000
vn -0.72350000 -0.36300000 -0.58720000
vn -0.89310000 -0.23850000 -0.38130000
vn -0.41780000 -0.38600000 -0.82240000
vn -0.29780000 -0.43330000 -0.85060000
vn -0.60910000 -0.65050000 -0.45370000
vn -0.25690000 -0.48810000 -0.83410000
vn -0.22770000 -0.59070000 -0.77410000
vn -0.94680000 -0.20810000 0.24530000
vn -0.89860000 -0.38680000 0.20720000
vn -0.95110000 -0.20840000 -0.22800000
vn -0.56130000 0.13460000 0.81660000
vn -0.25060000 0.44120000 0.86170000
vn -0.59370000 -0.64280000 -0.48410000
vn -0.89240000 -0.25750000 -0.37070000
vn -0.09200000 0.66180000 0.74400000
vn -0.91130000 -0.20570000 -0.35670000
vn -0.79140000 -0.07310000 -0.60690000
vn -0.91410000 0.17650000 -0.36510000
vn -0.92110000 0.38910000 0.01220000
vn -0.08650000 0.60750000 0.78960000
vn -0.07310000 0.42260000 0.90340000
vn -0.17950000 0.76780000 0.61500000
vn -0.37320000 0.44410000 -0.81450000
vn -0.85460000 -0.15480000 -0.49570000
vn -0.14920000 -0.20900000 -0.96650000
vn -0.87210000 -0.06570000 -0.48490000
vn -0.66810000 0.08700000 0.73900000
vn -0.23560000 -0.28520000 -0.92910000
vn -0.50650000 0.61450000 0.60490000
vn -1.00000000 -0.00020000 -0.00040000
vn -0.93860000 0.24290000 -0.24510000
vn -1.00000000 -0.00030000 -0.00060000
vn -0.26780000 0.32570000 0.90680000
vn -0.20530000 0.10640000 0.97290000
vn -0.91240000 -0.38000000 -0.15230000
vn -0.87690000 -0.27950000 -0.39100000
vn -0.83160000 -0.23240000 -0.50440000
vn -0.65840000 0.29310000 -0.69320000
vn -0.61180000 0.29190000 -0.73520000
vn -0.69900000 -0.06270000 -0.71240000
vn -0.69850000 0.15680000 -0.69830000
vn -0.75400000 0.12490000 -0.64490000
vn -0.13540000 0.32690000 0.93530000
vn -0.58410000 0.19790000 0.78720000
vn -0.09920000 0.18150000 0.97840000
vn -0.12280000 -0.12570000 0.98440000
vn -0.38510000 -0.31260000 0.86830000
vn -0.57060000 0.02540000 0.82080000
vn -0.86730000 -0.42120000 0.26530000
vn -0.66070000 -0.31900000 -0.67950000
vn -0.84090000 -0.26310000 0.47290000
vn -0.81300000 0.16300000 0.55900000
vn -0.88490000 0.44690000 0.13110000
vn -0.76770000 0.33830000 -0.54430000
vn -0.92330000 0.20760000 0.32300000
vn -0.91450000 -0.07100000 -0.39840000
vn -0.97600000 0.11870000 -0.18250000
vn -0.77600000 0.14620000 -0.61360000
vn -0.99520000 -0.08660000 -0.04520000
vn -0.75490000 0.21220000 -0.62060000
vn -0.99890000 -0.04600000 -0.00880000
vn -0.30240000 -0.44100000 0.84500000
vn -0.82250000 0.26730000 -0.50210000
vn -0.99670000 0.06520000 0.04800000
vn -0.27370000 -0.55720000 0.78400000
vn -0.99730000 -0.01950000 0.07090000
vn -0.25710000 -0.70780000 0.65790000
vn -0.37970000 -0.87200000 -0.30900000
vn -0.48660000 -0.27540000 0.82910000
vn -0.99940000 -0.03470000 -0.00440000
vn -0.99880000 0.04880000 -0.00110000
vn -0.99300000 0.01310000 0.11710000
vn -0.90800000 0.15910000 -0.38750000
vn -0.90970000 0.13050000 -0.39430000
vn -0.94510000 0.11920000 -0.30410000
vn -0.84700000 0.21440000 -0.48650000
vn -0.78680000 0.41200000 -0.45950000
vn -0.83810000 0.38150000 -0.38980000
vn -0.79280000 0.46410000 -0.39510000
vn -0.85430000 0.44360000 -0.27100000
vn -0.92310000 0.22640000 -0.31070000
vn -0.83400000 0.45170000 0.31700000
vn -0.34440000 -0.92810000 0.14170000
vn -0.27600000 -0.82180000 0.49840000
vn -0.98280000 -0.11410000 0.14510000
vn -0.18330000 -0.60330000 0.77620000
vn -0.90710000 0.35830000 0.22080000
vn -0.17990000 -0.93740000 0.29820000
vn -0.12100000 -0.85770000 0.49960000
vn -0.78300000 -0.60370000 0.14970000
vn -0.94330000 0.33210000 0.00000000
vn -0.82790000 -0.56090000 0.00000000
vn -0.86400000 -0.43590000 0.25200000
vn -0.99560000 -0.09330000 0.00000000
vn -0.25910000 -0.94840000 0.18250000
vn -0.11440000 -0.99340000 0.00000000
vn -0.68050000 -0.63900000 -0.35870000
vn -0.80830000 -0.55640000 -0.19240000
vn -0.93740000 -0.32670000 -0.12070000
vn -0.70560000 -0.69450000 -0.14110000
vn -0.81970000 -0.49790000 0.28320000
vn -0.67220000 -0.68270000 0.28650000
vn -0.97020000 -0.09130000 0.22440000
vn -0.95720000 0.28760000 -0.03390000
vn -0.92170000 0.30550000 0.23900000
vn -0.93450000 -0.35590000 0.00890000
vn -0.43120000 0.83350000 -0.34540000
vn -0.57220000 0.81440000 -0.09700000
vn -0.64780000 0.74880000 -0.14030000
vn -0.67200000 0.35420000 -0.65040000
vn -0.34950000 0.83340000 -0.42810000
vn -0.50320000 -0.86410000 -0.01260000
vn -0.63630000 -0.68280000 -0.35900000
vn -0.64470000 -0.67090000 -0.36640000
vn -0.81290000 0.12250000 -0.56930000
vn -0.93700000 -0.03390000 -0.34780000
vn -0.76860000 -0.40800000 -0.49270000
vn -0.66630000 -0.30330000 -0.68120000
vn -0.99710000 0.07650000 0.00140000
vn -0.77630000 0.32130000 -0.54230000
vn -0.62580000 -0.77850000 0.04810000
vn -0.71650000 -0.64210000 0.27260000
vn -0.87980000 -0.41080000 -0.23920000
vn -0.88600000 -0.17700000 -0.42870000
vn -0.51660000 -0.15890000 -0.84140000
vn -0.82400000 0.17720000 -0.53810000
vn -0.99570000 -0.01180000 0.09140000
vn -0.75880000 0.43050000 -0.48870000
vn -0.90570000 0.06110000 -0.41950000
vn -0.75070000 -0.64050000 0.16180000
vn -0.88540000 -0.45970000 -0.06900000
vn -0.72100000 0.52320000 -0.45440000
vn -0.65480000 0.60570000 -0.45210000
vn -0.96780000 -0.12380000 -0.21910000
vn -0.64860000 0.74820000 -0.13960000
vn -0.68740000 0.72220000 -0.07700000
vn -0.85160000 -0.50850000 0.12720000
vn -0.83210000 -0.53720000 0.13790000
vn -0.99730000 -0.07360000 -0.00120000
vn -0.67340000 0.58740000 0.44890000
vn -0.98610000 -0.16350000 -0.03090000
vn -0.82120000 -0.49250000 0.28810000
vn -0.71460000 -0.01260000 0.69940000
vn -0.91010000 0.23270000 0.34280000
vn -0.99200000 0.12010000 0.03900000
vn -0.67600000 0.43680000 -0.59350000
vn -0.86160000 0.05340000 -0.50470000
vn -0.93010000 -0.18420000 -0.31780000
vn -0.89060000 -0.36260000 0.27440000
vn -0.85150000 -0.49830000 -0.16320000
vn -0.99610000 0.04340000 0.07710000
vn -0.89020000 -0.45470000 0.02910000
vn -0.84210000 0.53660000 0.05480000
vn -0.74410000 -0.03340000 -0.66720000
vn -0.60630000 0.70640000 0.36540000
vn -0.54020000 0.82330000 0.17410000
vn -0.98650000 0.14770000 -0.07000000
vn -0.68570000 0.07320000 -0.72420000
vn -0.60730000 -0.35330000 -0.71160000
vn -0.96550000 -0.19190000 0.17580000
vn -0.55760000 -0.76800000 0.31510000
vn -0.72370000 -0.68940000 -0.03050000
vn -0.79130000 -0.52110000 0.31980000
vn -0.18070000 0.93510000 -0.30490000
vn -0.54590000 0.77340000 -0.32230000
vn -0.19880000 0.93080000 -0.30690000
vn -0.11210000 -0.79350000 0.59810000
vn -0.85910000 -0.44110000 0.25950000
vn -0.19080000 -0.97060000 0.14680000
vn -0.35460000 -0.87660000 -0.32530000
vn -0.23920000 -0.86260000 -0.44580000
vn -0.88260000 -0.11930000 -0.45470000
vn -0.53570000 0.83060000 -0.15210000
vn -0.62240000 0.76330000 -0.17310000
vn -0.15050000 0.95560000 -0.25350000
vn -0.17290000 0.93710000 -0.30340000
vn -0.36330000 -0.80640000 0.46670000
vn -0.63970000 -0.73530000 0.22390000
vn -0.92900000 0.00060000 -0.37000000
vn -0.80130000 -0.32970000 0.49920000
vn -0.23570000 -0.68480000 0.68960000
vn 0.38980000 -0.92050000 -0.02540000
vn -0.68750000 -0.57530000 0.44320000
vn -0.67030000 -0.68720000 -0.28010000
vn -0.76120000 -0.52130000 -0.38570000
vn -0.81080000 -0.07500000 -0.58040000
vn -0.92920000 -0.36580000 0.05360000
vn -0.79820000 -0.21030000 -0.56450000
vn -0.88990000 -0.04090000 -0.45420000
vn -0.92170000 -0.24650000 0.29960000
vn -0.99190000 0.11820000 0.04590000
vn -0.85990000 0.47150000 0.19560000
vn -0.16210000 0.68570000 -0.70960000
vn -0.77880000 0.42700000 -0.45950000
vn -0.21980000 0.94480000 -0.24300000
vn -0.10650000 0.59180000 -0.79900000
vn -0.23680000 0.50010000 -0.83300000
vn -0.05060000 0.67780000 -0.73350000
vn -0.61800000 0.75530000 0.21830000
vn -0.19000000 0.97130000 0.14310000
vn -0.05100000 0.91630000 -0.39720000
vn -0.52450000 0.60490000 -0.59920000
vn -0.85020000 -0.49780000 0.17110000
vn -0.65220000 0.15970000 -0.74100000
vn -0.57150000 -0.72700000 -0.38050000
vn -0.83990000 -0.24120000 -0.48620000
vn -0.78240000 -0.52180000 -0.34000000
vn -0.98380000 0.09740000 -0.15050000
vn -0.74040000 0.25500000 -0.62190000
vn -0.32760000 0.34250000 -0.88060000
vn -0.76690000 -0.02870000 0.64110000
vn -0.78010000 0.49350000 -0.38460000
vn -0.30630000 0.52780000 -0.79220000
vn -0.68770000 0.32430000 -0.64950000
vn -0.79500000 -0.00730000 0.60650000
vn -0.73280000 0.65310000 0.19110000
vn -0.77260000 0.25470000 -0.58160000
vn -0.44520000 0.34260000 -0.82730000
vn -0.24490000 0.09440000 -0.96490000
vn -0.73430000 0.32920000 -0.59360000
vn -0.98740000 -0.10640000 0.11740000
vn -0.24840000 -0.96360000 0.09900000
vn -0.30770000 -0.60050000 0.73800000
vn -0.55240000 -0.79190000 0.26030000
vn -0.23180000 -0.36490000 0.90170000
vn -0.79400000 -0.27320000 0.54310000
vn -0.91590000 -0.29000000 0.27750000
vn -0.80230000 -0.25280000 -0.54080000
vn -0.25670000 -0.30810000 -0.91610000
vn -0.31920000 -0.43040000 -0.84430000
vn -0.89510000 0.32750000 -0.30250000
vn -0.81760000 0.28640000 -0.49940000
vn -0.79920000 -0.21130000 0.56270000
vn -0.68060000 -0.07340000 0.72890000
vn -0.80820000 -0.38890000 -0.44220000
vn -0.86670000 -0.42870000 0.25500000
vn -0.50100000 0.24430000 -0.83020000
vn -0.80980000 0.38920000 -0.43900000
vn -0.93060000 0.15090000 -0.33340000
vn -0.60160000 0.00220000 -0.79880000
vn -0.63860000 -0.72660000 0.25330000
vn -0.58900000 -0.41110000 0.69580000
vn -0.97760000 -0.12590000 0.16860000
vn -0.99080000 -0.06460000 0.11880000
vn -0.56790000 -0.29840000 0.76710000
vn -0.71160000 0.28710000 0.64130000
vn -0.99830000 0.05480000 0.02050000
vn -0.63990000 -0.08560000 -0.76360000
vn -0.73070000 -0.47150000 -0.49360000
vn -0.60210000 0.31480000 -0.73380000
vn -0.99710000 0.06320000 -0.04300000
vn -0.86150000 0.39030000 0.32470000
vn -0.92030000 -0.29450000 -0.25750000
vn -0.86420000 0.26540000 0.42750000
vn -0.83390000 0.11720000 0.53930000
vn -0.85160000 -0.31880000 -0.41620000
vn -0.82330000 -0.01240000 0.56750000
vn -0.93530000 0.21960000 -0.27740000
vn -0.89120000 0.19320000 0.41040000
vn -0.87840000 0.03170000 0.47690000
vn -0.71890000 -0.11770000 -0.68510000
vn -0.73280000 0.34720000 0.58510000
vn -0.86090000 0.45360000 0.23020000
vn -0.96430000 -0.15900000 0.21170000
vn -0.97070000 0.23050000 0.06840000
vn -0.99400000 0.03760000 0.10290000
vn -0.87200000 0.15260000 0.46520000
vn -0.97850000 0.20400000 -0.02890000
vn -0.96790000 0.07250000 0.24080000
vn -0.88290000 0.40910000 0.23060000
vn -0.99760000 0.05390000 0.04440000
vn -0.88150000 0.29410000 0.36930000
vn -0.92290000 -0.14720000 0.35570000
vn -0.92720000 0.16770000 0.33490000
vn -0.95720000 0.06020000 0.28310000
vn -0.98500000 -0.04170000 -0.16750000
vn -0.87180000 0.02980000 0.48900000
vn -0.92840000 -0.16650000 0.33210000
vn -0.64120000 0.02290000 0.76700000
vn -0.82930000 -0.05610000 0.55590000
vn -0.98680000 -0.15650000 0.04060000
vn -0.98520000 -0.12250000 0.12000000
vn -0.87320000 -0.44190000 -0.20550000
vn -0.99950000 -0.03140000 0.00100000
vn -0.86560000 -0.13810000 -0.48130000
vn -0.98830000 -0.12900000 0.08160000
vn -0.96280000 -0.16830000 0.21140000
vn -0.94540000 -0.15720000 0.28550000
vn -0.81480000 -0.36660000 0.44910000
vn -0.71280000 -0.02750000 -0.70080000
vn -0.53080000 -0.15450000 -0.83330000
vn -0.25190000 -0.88110000 -0.40040000
vn -0.35430000 -0.90320000 0.24210000
vn -0.87420000 -0.46170000 -0.15020000
vn -0.98950000 0.02280000 -0.14270000
vn -0.76290000 0.64510000 -0.04200000
vn -0.27520000 -0.30310000 -0.91230000
vn -0.31820000 -0.37300000 -0.87160000
vn -0.92760000 -0.32850000 0.17790000
vn -0.81830000 -0.54390000 -0.18590000
vn -0.85700000 -0.07000000 -0.51060000
vn -0.84600000 -0.06600000 0.52910000
vn -0.93720000 -0.31410000 -0.15140000
vn -0.83980000 0.29480000 0.45590000
vn -0.87060000 0.34860000 0.34720000
vn -0.99700000 0.07570000 -0.01360000
vn -0.61330000 -0.20040000 0.76400000
vn -0.89170000 -0.01480000 0.45240000
vn -0.92440000 0.04530000 0.37870000
vn -0.88160000 0.45360000 0.13100000
vn -0.70140000 0.69320000 -0.16570000
vn -0.84670000 0.53180000 -0.01990000
vn -0.97390000 -0.20840000 0.08960000
vn -0.87430000 0.38090000 0.30090000
vn -0.96700000 -0.13120000 0.21820000
vn -0.43720000 0.23640000 -0.86770000
vn -0.41270000 -0.67640000 -0.61000000
vn -0.95090000 -0.22470000 -0.21280000
vn -0.95370000 0.28540000 -0.09450000
vn -0.93810000 0.19950000 -0.28330000
vn -0.76370000 0.47280000 -0.43960000
vn -0.89320000 0.44930000 0.01950000
vn -0.56710000 -0.07170000 -0.82060000
vn -0.67110000 -0.07050000 -0.73800000
vn -0.97270000 0.14360000 -0.18250000
vn -0.62940000 0.48770000 -0.60500000
vn -0.74460000 -0.65260000 0.14010000
vn -0.92380000 0.04100000 0.38060000
vn -0.29220000 -0.86010000 -0.41820000
vn -0.53580000 -0.76450000 -0.35850000
vn -0.19800000 -0.86580000 -0.45960000
vn -0.20270000 -0.90240000 -0.38040000
vn -0.23490000 -0.88930000 -0.39250000
vn -0.72080000 -0.55800000 -0.41130000
vn -0.32360000 -0.18790000 -0.92730000
vn -0.09480000 -0.40680000 -0.90860000
vn -0.32350000 0.58210000 -0.74600000
vn -0.33820000 0.93630000 -0.09470000
vn -0.36390000 0.51780000 -0.77430000
vn -0.81880000 0.50210000 0.27820000
vn -0.70540000 0.54990000 -0.44730000
vn -0.97500000 -0.21260000 -0.06500000
vn -0.17910000 0.62810000 -0.75730000
vn -0.53660000 0.28720000 -0.79340000
vn -0.21380000 0.87130000 -0.44170000
vn -0.72420000 0.54310000 -0.42500000
vn -0.97870000 0.17010000 -0.11480000
vn -0.89430000 0.26180000 -0.36290000
vn -0.78390000 -0.62030000 0.02710000
vn -0.85820000 -0.46650000 0.21420000
vn -0.85340000 0.37980000 0.35710000
vn -0.88310000 0.35990000 0.30080000
vn -0.85060000 0.32440000 0.41380000
vn -0.84440000 -0.42130000 0.33100000
vn -0.78740000 -0.32640000 0.52290000
vn -0.55550000 0.40640000 -0.72540000
vn -0.60940000 0.65660000 0.44440000
vn -0.95410000 -0.26510000 -0.13900000
vn -0.99100000 0.13400000 0.00720000
vn -0.40560000 0.91260000 -0.05120000
vn -0.99800000 0.01550000 -0.06170000
vn -0.27170000 0.92670000 -0.25970000
vn -0.92530000 0.23680000 0.29620000
vn -0.93080000 0.36540000 -0.00600000
vn -0.62610000 0.73360000 -0.26440000
vn -0.92670000 0.21130000 0.31090000
vn -0.89230000 -0.18030000 0.41390000
vn -0.19920000 0.94550000 -0.25770000
vn -0.24490000 0.96940000 -0.01590000
vn -0.72350000 -0.36370000 0.58670000
vn -0.29510000 -0.43340000 0.85150000
vn -0.41560000 -0.38310000 0.82490000
vn -0.89070000 -0.24010000 0.38590000
vn -0.60160000 -0.65380000 0.45900000
vn -0.25690000 -0.48650000 0.83500000
vn -0.22500000 -0.59270000 0.77340000
vn -0.94660000 -0.21160000 -0.24320000
vn -0.95460000 -0.19550000 0.22500000
vn -0.89850000 -0.39380000 -0.19420000
vn -0.55670000 0.13120000 -0.82030000
vn -0.25780000 0.41730000 -0.87140000
vn -0.89470000 -0.25450000 0.36700000
vn -0.58680000 -0.64810000 0.48530000
vn -0.08930000 0.66460000 -0.74180000
vn -0.91150000 -0.20090000 0.35880000
vn -0.78700000 -0.07600000 0.61230000
vn -0.91500000 0.17830000 0.36190000
vn -0.91950000 0.39280000 -0.01720000
vn -0.08440000 0.61180000 -0.78650000
vn -0.07180000 0.42820000 -0.90080000
vn -0.17360000 0.76580000 -0.61920000
vn -0.37320000 0.45210000 0.81010000
vn -0.14900000 -0.21440000 0.96530000
vn -0.85480000 -0.15840000 0.49420000
vn -0.87230000 -0.06680000 0.48440000
vn -0.66730000 0.09000000 -0.73940000
vn -0.23410000 -0.29140000 0.92750000
vn -0.49480000 0.61770000 -0.61120000
vn -0.93940000 0.24090000 0.24380000
vn -1.00000000 -0.00030000 0.00040000
vn -1.00000000 -0.00030000 0.00060000
vn -0.26520000 0.33230000 -0.90510000
vn -0.20500000 0.10890000 -0.97270000
vn -0.90850000 -0.38620000 0.15990000
vn -0.87860000 -0.27690000 0.38920000
vn -0.83100000 -0.23130000 0.50590000
vn -0.65970000 0.29580000 0.69090000
vn -0.61240000 0.29220000 0.73450000
vn -0.69900000 -0.06280000 0.71240000
vn -0.69860000 0.15490000 0.69850000
vn -0.75390000 0.12170000 0.64570000
vn -0.13480000 0.32840000 -0.93490000
vn -0.09920000 0.18120000 -0.97840000
vn -0.58460000 0.19680000 -0.78710000
vn -0.12260000 -0.12300000 -0.98480000
vn -0.38340000 -0.30940000 -0.87020000
vn -0.86960000 -0.41450000 -0.26810000
vn -0.57070000 0.02550000 -0.82080000
vn -0.84170000 -0.26040000 -0.47300000
vn -0.66130000 -0.31350000 0.68140000
vn -0.81430000 0.15900000 -0.55820000
vn -0.88940000 0.43810000 -0.13050000
vn -0.76970000 0.32760000 0.54800000
vn -0.92450000 0.20440000 -0.32160000
vn -0.91440000 -0.06990000 0.39860000
vn -0.97640000 0.11640000 0.18210000
vn -0.77590000 0.14540000 0.61380000
vn -0.99510000 -0.08960000 0.04230000
vn -0.75400000 0.21460000 0.62080000
vn -0.30040000 -0.45520000 -0.83820000
vn -0.99880000 -0.04830000 0.00310000
vn -0.82070000 0.27610000 0.50030000
vn -0.99660000 0.07060000 -0.04340000
vn -0.27480000 -0.56410000 -0.77860000
vn -0.25680000 -0.70900000 -0.65680000
vn -0.99730000 -0.01990000 -0.07090000
vn -0.37870000 -0.87220000 0.30960000
vn -0.48660000 -0.26950000 -0.83100000
vn -0.99940000 -0.03350000 0.00450000
vn -0.99880000 0.04870000 0.00120000
vn -0.99290000 0.01760000 -0.11770000
vn -0.90820000 0.16030000 0.38670000
vn -0.90950000 0.13160000 0.39430000
vn -0.94640000 0.12060000 0.29960000
vn -0.84610000 0.22170000 0.48470000
vn -0.78470000 0.42590000 0.45040000
vn -0.83630000 0.38950000 0.38590000
vn -0.79280000 0.46490000 0.39410000
vn -0.85420000 0.44430000 0.27010000
vn -0.92320000 0.22670000 0.31030000
vn -0.83400000 0.45170000 -0.31700000
vn -0.34350000 -0.92870000 -0.13980000
vn -0.27560000 -0.82340000 -0.49610000
vn -0.98290000 -0.11420000 -0.14470000
vn -0.18310000 -0.60480000 -0.77510000
vn -0.90710000 0.35840000 -0.22060000
vn -0.17990000 -0.93740000 -0.29820000
vn -0.12100000 -0.85770000 -0.49960000
vn -0.78300000 -0.60370000 -0.14970000
vn -0.86400000 -0.43590000 -0.25200000
vn -0.25910000 -0.94840000 -0.18250000
vn 0.68110000 -0.63890000 -0.35760000
vn 0.93760000 -0.32640000 -0.11960000
vn 0.80840000 -0.55660000 -0.19150000
vn 0.70630000 -0.69440000 -0.13770000
vn 0.81970000 -0.49740000 0.28410000
vn 0.97020000 -0.09110000 0.22440000
vn 0.67220000 -0.68210000 0.28780000
vn 0.95720000 0.28740000 -0.03430000
vn 0.93470000 -0.35530000 0.00950000
vn 0.92220000 0.30460000 0.23810000
vn 0.43120000 0.83350000 -0.34550000
vn 0.64800000 0.74830000 -0.14190000
vn 0.57270000 0.81390000 -0.09750000
vn 0.67200000 0.35420000 -0.65040000
vn 0.34950000 0.83340000 -0.42810000
vn 0.50310000 -0.86410000 -0.01260000
vn 0.64470000 -0.67090000 -0.36640000
vn 0.63630000 -0.68280000 -0.35900000
vn 0.93690000 -0.03410000 -0.34780000
vn 0.81290000 0.12260000 -0.56940000
vn 0.76900000 -0.40820000 -0.49190000
vn 0.66670000 -0.30300000 -0.68100000
vn 0.99710000 0.07620000 0.00120000
vn 0.77630000 0.32070000 -0.54280000
vn 0.62420000 -0.77970000 0.04910000
vn 0.87960000 -0.41130000 -0.23890000
vn 0.71660000 -0.64270000 0.27080000
vn 0.88660000 -0.17680000 -0.42740000
vn 0.82390000 0.17690000 -0.53840000
vn 0.51690000 -0.15890000 -0.84120000
vn 0.99570000 -0.01180000 0.09140000
vn 0.90560000 0.06100000 -0.41960000
vn 0.75900000 0.42980000 -0.48900000
vn 0.75110000 -0.63970000 0.16340000
vn 0.72080000 0.52260000 -0.45530000
vn 0.88540000 -0.45990000 -0.06810000
vn 0.65480000 0.60480000 -0.45330000
vn 0.64860000 0.74790000 -0.14110000
vn 0.96790000 -0.12380000 -0.21900000
vn 0.68770000 0.72170000 -0.07840000
vn 0.83210000 -0.53690000 0.13920000
vn 0.85140000 -0.50850000 0.12840000
vn 0.99730000 -0.07340000 -0.00100000
vn 0.67330000 0.58780000 0.44860000
vn 0.98610000 -0.16330000 -0.03060000
vn 0.71460000 -0.01250000 0.69940000
vn 0.82130000 -0.49190000 0.28900000
vn 0.99200000 0.11980000 0.03860000
vn 0.91030000 0.23270000 0.34250000
vn 0.67590000 0.43580000 -0.59430000
vn 0.86170000 0.05300000 -0.50470000
vn 0.93020000 -0.18370000 -0.31770000
vn 0.89070000 -0.36210000 0.27490000
vn 0.85160000 -0.49830000 -0.16240000
vn 0.99610000 0.04380000 0.07700000
vn 0.89010000 -0.45480000 0.02990000
vn 0.84260000 0.53570000 0.05430000
vn 0.74410000 -0.03400000 -0.66720000
vn 0.60740000 0.70560000 0.36490000
vn 0.98660000 0.14760000 -0.06970000
vn 0.54160000 0.82260000 0.17300000
vn 0.68570000 0.07270000 -0.72420000
vn 0.60780000 -0.35310000 -0.71130000
vn 0.96550000 -0.19200000 0.17610000
vn 0.55730000 -0.76770000 0.31640000
vn 0.72390000 -0.68930000 -0.02910000
vn 0.79120000 -0.52090000 0.32050000
vn 0.18120000 0.93440000 -0.30670000
vn 0.19930000 0.93000000 -0.30890000
vn 0.54610000 0.77260000 -0.32390000
vn 0.11210000 -0.79250000 0.59950000
vn 0.19110000 -0.97040000 0.14780000
vn 0.85910000 -0.44070000 0.26020000
vn 0.35500000 -0.87650000 -0.32510000
vn 0.88270000 -0.11950000 -0.45460000
vn 0.23930000 -0.86270000 -0.44560000
vn 0.53620000 0.83010000 -0.15310000
vn 0.15090000 0.95510000 -0.25510000
vn 0.62300000 0.76270000 -0.17390000
vn 0.17330000 0.93650000 -0.30470000
vn 0.36340000 -0.80550000 0.46820000
vn 0.92900000 0.00050000 -0.37010000
vn 0.63980000 -0.73490000 0.22490000
vn 0.80050000 -0.32970000 0.50050000
vn -0.38410000 -0.92280000 -0.02900000
vn 0.23890000 -0.68400000 0.68920000
vn 0.69410000 -0.57190000 0.43730000
vn 0.67390000 -0.68030000 -0.28810000
vn 0.76420000 -0.50950000 -0.39540000
vn 0.81260000 -0.07440000 -0.57800000
vn 0.79710000 -0.20810000 -0.56690000
vn 0.92940000 -0.36460000 0.05720000
vn 0.89100000 -0.03650000 -0.45260000
vn 0.91680000 -0.26030000 0.30290000
vn 0.85990000 0.47090000 0.19690000
vn 0.99210000 0.11020000 0.05920000
vn 0.16130000 0.70240000 -0.69330000
vn 0.21890000 0.94640000 -0.23740000
vn 0.78330000 0.43180000 -0.44710000
vn 0.10950000 0.59750000 -0.79440000
vn 0.06110000 0.69720000 -0.71430000
vn 0.23710000 0.50380000 -0.83070000
vn 0.19050000 0.97130000 0.14270000
vn 0.61670000 0.75490000 0.22320000
vn 0.05510000 0.92000000 -0.38790000
vn 0.53130000 0.60070000 -0.59740000
vn 0.85070000 -0.49590000 0.17430000
vn 0.57150000 -0.72710000 -0.38050000
vn 0.65680000 0.14620000 -0.73970000
vn 0.83990000 -0.23890000 -0.48740000
vn 0.78400000 -0.51170000 -0.35140000
vn 0.98350000 0.10000000 -0.15070000
vn 0.74250000 0.25360000 -0.61990000
vn 0.32120000 0.33340000 -0.88640000
vn 0.76610000 -0.03120000 0.64190000
vn 0.78230000 0.49080000 -0.38370000
vn 0.30480000 0.53350000 -0.78890000
vn 0.69960000 0.32300000 -0.63740000
vn 0.79410000 -0.00890000 0.60780000
vn 0.77290000 0.25050000 -0.58290000
vn 0.74180000 0.64360000 0.18840000
vn 0.44560000 0.33840000 -0.82880000
vn 0.73510000 0.32700000 -0.59380000
vn 0.24470000 0.09530000 -0.96490000
vn 0.98730000 -0.10640000 0.11810000
vn 0.24840000 -0.96350000 0.09940000
vn 0.55230000 -0.79180000 0.26080000
vn 0.30820000 -0.59910000 0.73900000
vn 0.23750000 -0.36760000 0.89910000
vn 0.91730000 -0.28950000 0.27340000
vn 0.79370000 -0.27160000 0.54440000
vn 0.80320000 -0.24710000 -0.54200000
vn 0.31920000 -0.42150000 -0.84880000
vn 0.25660000 -0.30160000 -0.91820000
vn 0.89220000 0.33470000 -0.30320000
vn 0.79980000 -0.21130000 0.56180000
vn 0.81550000 0.29140000 -0.50010000
vn 0.68000000 -0.07580000 0.72930000
vn 0.84140000 -0.44360000 0.30880000
vn 0.84010000 -0.32700000 -0.43280000
vn 0.49790000 0.24890000 -0.83070000
vn 0.80640000 0.39680000 -0.43850000
vn 0.60220000 0.00210000 -0.79840000
vn 0.92980000 0.15340000 -0.33450000
vn 0.63550000 -0.72830000 0.25640000
vn 0.97740000 -0.12690000 0.16920000
vn 0.58700000 -0.41800000 0.69330000
vn 0.99070000 -0.06640000 0.11880000
vn 0.71020000 0.28830000 0.64230000
vn 0.56620000 -0.30200000 0.76700000
vn 0.99830000 0.05460000 0.02040000
vn 0.72850000 -0.47940000 -0.48940000
vn 0.63970000 -0.08750000 -0.76360000
vn 0.99710000 0.06360000 -0.04260000
vn 0.60260000 0.31430000 -0.73350000
vn 0.86200000 0.38430000 0.33040000
vn 0.86460000 0.26220000 0.42860000
vn 0.90640000 -0.32870000 -0.26530000
vn 0.83450000 0.11660000 0.53860000
vn 0.82370000 -0.01230000 0.56680000
vn 0.84360000 -0.29340000 -0.44980000
vn 0.93300000 0.22610000 -0.27990000
vn 0.87820000 0.03190000 0.47730000
vn 0.89100000 0.19960000 0.40780000
vn 0.71870000 -0.12050000 -0.68480000
vn 0.73020000 0.35740000 0.58240000
vn 0.85680000 0.46340000 0.22610000
vn 0.96460000 -0.15780000 0.21120000
vn 0.97020000 0.23260000 0.06820000
vn 0.87190000 0.15390000 0.46480000
vn 0.99400000 0.03670000 0.10330000
vn 0.97830000 0.20530000 -0.02880000
vn 0.96770000 0.07460000 0.24060000
vn 0.99740000 0.05640000 0.04470000
vn 0.87900000 0.41900000 0.22750000
vn 0.87900000 0.30320000 0.36810000
vn 0.92260000 -0.15300000 0.35410000
vn 0.92690000 0.16680000 0.33610000
vn 0.98520000 -0.04060000 -0.16640000
vn 0.95710000 0.06100000 0.28340000
vn 0.87220000 0.02840000 0.48830000
vn 0.92760000 -0.17160000 0.33190000
vn 0.82940000 -0.05700000 0.55580000
vn 0.64130000 0.02380000 0.76690000
vn 0.98630000 -0.15970000 0.04190000
vn 0.86950000 -0.45030000 -0.20310000
vn 0.98450000 -0.12620000 0.12190000
vn 0.99960000 -0.02840000 0.00070000
vn 0.86580000 -0.14010000 -0.48040000
vn 0.98800000 -0.13010000 0.08360000
vn 0.96190000 -0.17120000 0.21300000
vn 0.81130000 -0.37290000 0.45040000
vn 0.94500000 -0.15890000 0.28570000
vn 0.71310000 -0.02730000 -0.70060000
vn 0.53220000 -0.15480000 -0.83240000
vn 0.25240000 -0.88010000 -0.40210000
vn 0.87410000 -0.46180000 -0.15080000
vn 0.35540000 -0.90300000 0.24140000
vn 0.76320000 0.64490000 -0.04120000
vn 0.98950000 0.02320000 -0.14280000
vn 0.32070000 -0.36880000 -0.87240000
vn 0.27720000 -0.30550000 -0.91100000
vn 0.92560000 -0.33370000 0.17840000
vn 0.81670000 -0.54660000 -0.18470000
vn 0.85820000 -0.07150000 -0.50830000
vn 0.84580000 -0.06800000 0.52920000
vn 0.93530000 -0.31990000 -0.15100000
vn 0.83700000 0.28790000 0.46540000
vn 0.99740000 0.07070000 -0.01230000
vn 0.86960000 0.34970000 0.34870000
vn 0.61300000 -0.20370000 0.76340000
vn 0.89140000 -0.01540000 0.45300000
vn 0.92440000 0.04550000 0.37870000
vn 0.88140000 0.45370000 0.13150000
vn 0.84670000 0.53180000 -0.01990000
vn 0.70160000 0.69310000 -0.16550000
vn 0.97400000 -0.20840000 0.08920000
vn 0.96710000 -0.13130000 0.21810000
vn 0.87430000 0.38020000 0.30170000
vn 0.43720000 0.23640000 -0.86770000
vn 0.95090000 -0.22470000 -0.21280000
vn 0.41270000 -0.67640000 -0.61000000
vn 0.95360000 0.28580000 -0.09510000
vn 0.93810000 0.19950000 -0.28330000
vn 0.89320000 0.44920000 0.01960000
vn 0.76370000 0.47280000 -0.43960000
vn 0.56700000 -0.07390000 -0.82040000
vn 0.67130000 -0.07190000 -0.73770000
vn 0.97270000 0.14360000 -0.18250000
vn 0.62940000 0.48770000 -0.60500000
vn 0.74460000 -0.65260000 0.14010000
vn 0.92380000 0.04100000 0.38060000
vn 0.96970000 -0.24420000 -0.00000000
vn 0.29220000 -0.86010000 -0.41820000
vn 0.53580000 -0.76450000 -0.35850000
vn 0.19800000 -0.86580000 -0.45960000
vn 0.81720000 -0.57630000 -0.00000000
vn 0.28620000 -0.95820000 -0.00000000
vn 0.20270000 -0.90240000 -0.38040000
vn 0.72080000 -0.55800000 -0.41130000
vn 0.23490000 -0.88930000 -0.39250000
vn 0.32360000 -0.18790000 -0.92730000
vn 0.09480000 -0.40680000 -0.90860000
vn 0.32350000 0.58210000 -0.74600000
vn 0.33820000 0.93630000 -0.09470000
vn 0.36360000 0.51800000 -0.77420000
vn 0.70500000 -0.70930000 0.00240000
vn 0.93440000 -0.35620000 0.00100000
vn 0.76280000 0.64670000 -0.00000000
vn 0.81880000 0.50140000 0.27940000
vn 0.70550000 0.54900000 -0.44810000
vn 0.97490000 -0.21310000 -0.06500000
vn 0.17910000 0.62810000 -0.75730000
vn 0.53660000 0.28720000 -0.79340000
vn 0.21380000 0.87130000 -0.44160000
vn 0.72420000 0.54310000 -0.42500000
vn 0.27070000 0.96270000 -0.00000000
vn 0.99400000 0.10920000 -0.00000000
vn 0.28390000 -0.95890000 -0.00000000
vn 0.97870000 0.17010000 -0.11490000
vn 0.89420000 0.26190000 -0.36300000
vn 0.77150000 -0.63620000 -0.00000000
vn 0.90530000 0.42490000 -0.00000000
vn 0.93330000 0.35910000 -0.00000000
vn 0.90500000 -0.42550000 0.00040000
vn 0.78390000 -0.62020000 0.02810000
vn 0.85810000 -0.46630000 0.21490000
vn 0.85130000 0.37660000 0.36530000
vn 0.88320000 0.35930000 0.30150000
vn 0.85070000 0.31340000 0.42210000
vn 0.78560000 -0.32890000 0.52400000
vn 0.84410000 -0.42230000 0.33040000
vn 0.55540000 0.40560000 -0.72600000
vn 0.61030000 0.65630000 0.44360000
vn 0.95400000 -0.26550000 -0.13910000
vn 0.99090000 0.13420000 0.00670000
vn 0.40680000 0.91200000 -0.05320000
vn 0.99800000 0.01530000 -0.06170000
vn 0.27240000 0.92590000 -0.26190000
vn 0.92560000 0.23700000 0.29510000
vn 0.93080000 0.36540000 -0.00690000
vn 0.62630000 0.73290000 -0.26550000
vn 0.92680000 0.21150000 0.31050000
vn 0.89220000 -0.18030000 0.41400000
vn 0.19970000 0.94490000 -0.25940000
vn 0.24550000 0.96930000 -0.01670000
vn 0.72350000 -0.36300000 0.58710000
vn 0.89310000 -0.23850000 0.38130000
vn 0.41780000 -0.38600000 0.82240000
vn 0.29790000 -0.43330000 0.85060000
vn 0.60910000 -0.65050000 0.45370000
vn 0.25690000 -0.48810000 0.83410000
vn 0.22770000 -0.59080000 0.77410000
vn 0.94680000 -0.20810000 -0.24530000
vn 0.89860000 -0.38680000 -0.20720000
vn 0.95110000 -0.20840000 0.22800000
vn 0.56130000 0.13460000 -0.81660000
vn 0.25060000 0.44120000 -0.86170000
vn 0.59370000 -0.64280000 0.48410000
vn 0.89240000 -0.25750000 0.37070000
vn 0.09200000 0.66180000 -0.74400000
vn 0.91130000 -0.20570000 0.35670000
vn 0.79140000 -0.07310000 0.60690000
vn 0.91410000 0.17650000 0.36510000
vn 0.92110000 0.38910000 -0.01220000
vn 0.08650000 0.60750000 -0.78960000
vn 0.07310000 0.42260000 -0.90340000
vn 0.17950000 0.76780000 -0.61500000
vn 0.37320000 0.44410000 0.81460000
vn 0.85460000 -0.15480000 0.49570000
vn 0.14920000 -0.20900000 0.96650000
vn 0.87210000 -0.06560000 0.48490000
vn 0.66810000 0.08700000 -0.73900000
vn 0.23560000 -0.28520000 0.92910000
vn 0.50650000 0.61450000 -0.60490000
vn 1.00000000 -0.00030000 0.00040000
vn 0.93860000 0.24280000 0.24520000
vn 1.00000000 -0.00030000 0.00060000
vn 0.26780000 0.32570000 -0.90680000
vn 0.20530000 0.10640000 -0.97290000
vn 0.91240000 -0.38000000 0.15230000
vn 0.87690000 -0.27950000 0.39100000
vn 0.83160000 -0.23240000 0.50440000
vn 0.65840000 0.29310000 0.69320000
vn 0.61180000 0.29190000 0.73520000
vn 0.69900000 -0.06270000 0.71240000
vn 0.69850000 0.15680000 0.69830000
vn 0.75400000 0.12490000 0.64490000
vn 0.13540000 0.32690000 -0.93530000
vn 0.58410000 0.19790000 -0.78720000
vn 0.09920000 0.18150000 -0.97840000
vn 0.12280000 -0.12570000 -0.98440000
vn 0.38510000 -0.31260000 -0.86830000
vn 0.57060000 0.02540000 -0.82080000
vn 0.86730000 -0.42120000 -0.26530000
vn 0.66070000 -0.31900000 0.67950000
vn 0.84090000 -0.26310000 -0.47290000
vn 0.81300000 0.16300000 -0.55900000
vn 0.88490000 0.44690000 -0.13110000
vn 0.76770000 0.33830000 0.54430000
vn 0.92330000 0.20760000 -0.32300000
vn 0.91450000 -0.07100000 0.39840000
vn 0.97600000 0.11870000 0.18250000
vn 0.77600000 0.14620000 0.61360000
vn 0.99520000 -0.08660000 0.04520000
vn 0.75490000 0.21220000 0.62060000
vn 0.99890000 -0.04600000 0.00880000
vn 0.30240000 -0.44100000 -0.84500000
vn 0.82250000 0.26730000 0.50210000
vn 0.99670000 0.06520000 -0.04800000
vn 0.27370000 -0.55720000 -0.78400000
vn 0.99730000 -0.01950000 -0.07090000
vn 0.25710000 -0.70780000 -0.65790000
vn 0.37970000 -0.87200000 0.30900000
vn 0.48660000 -0.27540000 -0.82910000
vn 0.99940000 -0.03470000 0.00440000
vn 0.99880000 0.04880000 0.00110000
vn 0.99300000 0.01310000 -0.11710000
vn 0.90800000 0.15910000 0.38750000
vn 0.90970000 0.13050000 0.39430000
vn 0.94510000 0.11920000 0.30410000
vn 0.84700000 0.21440000 0.48650000
vn 0.78680000 0.41200000 0.45950000
vn 0.83810000 0.38150000 0.38980000
vn 0.79280000 0.46410000 0.39510000
vn 0.85430000 0.44360000 0.27100000
vn 0.92310000 0.22640000 0.31070000
vn 0.83400000 0.45170000 -0.31700000
vn 0.34440000 -0.92810000 -0.14170000
vn 0.27600000 -0.82190000 -0.49840000
vn 0.98280000 -0.11420000 -0.14510000
vn 0.18330000 -0.60330000 -0.77620000
vn 0.90710000 0.35830000 -0.22080000
vn 0.17990000 -0.93740000 -0.29820000
vn 0.12100000 -0.85770000 -0.49960000
vn 0.78300000 -0.60370000 -0.14970000
vn 0.94330000 0.33210000 -0.00000000
vn 0.82790000 -0.56090000 -0.00000000
vn 0.86400000 -0.43590000 -0.25200000
vn 0.99560000 -0.09330000 -0.00000000
vn 0.25910000 -0.94840000 -0.18250000
vn 0.11440000 -0.99340000 -0.00000000
vn 0.68050000 -0.63900000 0.35870000
vn 0.80830000 -0.55640000 0.19240000
vn 0.93740000 -0.32670000 0.12070000
vn 0.70560000 -0.69450000 0.14110000
vn 0.81970000 -0.49790000 -0.28310000
vn 0.67220000 -0.68270000 -0.28650000
vn 0.97020000 -0.09130000 -0.22440000
vn 0.95720000 0.28760000 0.03390000
vn 0.92170000 0.30550000 -0.23900000
vn 0.93450000 -0.35590000 -0.00890000
vn 0.43120000 0.83350000 0.34540000
vn 0.57220000 0.81440000 0.09700000
vn 0.64780000 0.74880000 0.14030000
vn 0.67200000 0.35420000 0.65040000
vn 0.34950000 0.83340000 0.42810000
vn 0.50310000 -0.86410000 0.01260000
vn 0.63630000 -0.68280000 0.35900000
vn 0.64470000 -0.67090000 0.36640000
vn 0.81290000 0.12250000 0.56930000
vn 0.93700000 -0.03390000 0.34780000
vn 0.76860000 -0.40800000 0.49270000
vn 0.66630000 -0.30330000 0.68120000
vn 0.99710000 0.07650000 -0.00140000
vn 0.77630000 0.32130000 0.54230000
vn 0.62580000 -0.77850000 -0.04820000
vn 0.71650000 -0.64210000 -0.27260000
vn 0.87980000 -0.41080000 0.23920000
vn 0.88600000 -0.17700000 0.42870000
vn 0.51660000 -0.15890000 0.84140000
vn 0.82400000 0.17720000 0.53810000
vn 0.99570000 -0.01180000 -0.09140000
vn 0.75880000 0.43050000 0.48870000
vn 0.90570000 0.06110000 0.41950000
vn 0.75070000 -0.64050000 -0.16180000
vn 0.88540000 -0.45970000 0.06900000
vn 0.72090000 0.52320000 0.45440000
vn 0.65480000 0.60570000 0.45210000
vn 0.96780000 -0.12380000 0.21910000
vn 0.64860000 0.74820000 0.13960000
vn 0.68740000 0.72220000 0.07700000
vn 0.85160000 -0.50850000 -0.12720000
vn 0.83210000 -0.53720000 -0.13790000
vn 0.99730000 -0.07360000 0.00120000
vn 0.67340000 0.58740000 -0.44890000
vn 0.98610000 -0.16350000 0.03090000
vn 0.82120000 -0.49250000 -0.28810000
vn 0.71460000 -0.01260000 -0.69940000
vn 0.91010000 0.23270000 -0.34280000
vn 0.99200000 0.12010000 -0.03900000
vn 0.67600000 0.43680000 0.59350000
vn 0.86160000 0.05340000 0.50470000
vn 0.93010000 -0.18420000 0.31780000
vn 0.89060000 -0.36260000 -0.27440000
vn 0.85150000 -0.49840000 0.16320000
vn 0.99610000 0.04340000 -0.07710000
vn 0.89020000 -0.45470000 -0.02910000
vn 0.84210000 0.53660000 -0.05480000
vn 0.74410000 -0.03340000 0.66720000
vn 0.60630000 0.70640000 -0.36540000
vn 0.54020000 0.82330000 -0.17410000
vn 0.98650000 0.14770000 0.07000000
vn 0.68570000 0.07320000 0.72420000
vn 0.60730000 -0.35330000 0.71160000
vn 0.96550000 -0.19200000 -0.17590000
vn 0.55760000 -0.76800000 -0.31510000
vn 0.72370000 -0.68940000 0.03050000
vn 0.79130000 -0.52120000 -0.31980000
vn 0.18070000 0.93510000 0.30490000
vn 0.54590000 0.77340000 0.32230000
vn 0.19880000 0.93080000 0.30690000
vn 0.11220000 -0.79350000 -0.59810000
vn 0.85910000 -0.44110000 -0.25950000
vn 0.19080000 -0.97060000 -0.14680000
vn 0.35460000 -0.87660000 0.32530000
vn 0.23920000 -0.86260000 0.44580000
vn 0.88260000 -0.11930000 0.45470000
vn 0.53570000 0.83060000 0.15210000
vn 0.62250000 0.76330000 0.17310000
vn 0.15050000 0.95560000 0.25350000
vn 0.17290000 0.93710000 0.30340000
vn 0.36330000 -0.80640000 -0.46670000
vn 0.63970000 -0.73530000 -0.22390000
vn 0.92900000 0.00060000 0.37000000
vn 0.80130000 -0.32970000 -0.49920000
vn 0.23570000 -0.68480000 -0.68960000
vn -0.38980000 -0.92050000 0.02540000
vn 0.68750000 -0.57530000 -0.44320000
vn 0.67030000 -0.68720000 0.28010000
vn 0.76120000 -0.52130000 0.38570000
vn 0.81080000 -0.07500000 0.58040000
vn 0.92920000 -0.36580000 -0.05360000
vn 0.79820000 -0.21030000 0.56450000
vn 0.89000000 -0.04090000 0.45420000
vn 0.92170000 -0.24650000 -0.29960000
vn 0.99190000 0.11820000 -0.04590000
vn 0.85990000 0.47150000 -0.19550000
vn 0.16210000 0.68570000 0.70960000
vn 0.77880000 0.42700000 0.45950000
vn 0.21980000 0.94480000 0.24300000
vn 0.10650000 0.59180000 0.79900000
vn 0.23680000 0.50010000 0.83300000
vn 0.05060000 0.67780000 0.73350000
vn 0.61800000 0.75530000 -0.21830000
vn 0.19000000 0.97130000 -0.14310000
vn 0.05100000 0.91630000 0.39720000
vn 0.52450000 0.60490000 0.59920000
vn 0.85020000 -0.49780000 -0.17110000
vn 0.65220000 0.15970000 0.74100000
vn 0.57150000 -0.72700000 0.38050000
vn 0.83990000 -0.24120000 0.48620000
vn 0.78240000 -0.52180000 0.34000000
vn 0.98380000 0.09740000 0.15050000
vn 0.74040000 0.25500000 0.62190000
vn 0.32760000 0.34250000 0.88060000
vn 0.76690000 -0.02870000 -0.64110000
vn 0.78010000 0.49350000 0.38460000
vn 0.30620000 0.52780000 0.79220000
vn 0.68770000 0.32430000 0.64950000
vn 0.79500000 -0.00730000 -0.60650000
vn 0.73280000 0.65310000 -0.19110000
vn 0.77260000 0.25470000 0.58160000
vn 0.44520000 0.34260000 0.82730000
vn 0.24490000 0.09440000 0.96490000
vn 0.73430000 0.32920000 0.59360000
vn 0.98740000 -0.10640000 -0.11740000
vn 0.24840000 -0.96360000 -0.09900000
vn 0.30770000 -0.60050000 -0.73800000
vn 0.55240000 -0.79190000 -0.26030000
vn 0.23180000 -0.36490000 -0.90170000
vn 0.79400000 -0.27320000 -0.54310000
vn 0.91590000 -0.29000000 -0.27750000
vn 0.80220000 -0.25280000 0.54080000
vn 0.25670000 -0.30810000 0.91610000
vn 0.31920000 -0.43040000 0.84430000
vn 0.89510000 0.32750000 0.30250000
vn 0.81760000 0.28640000 0.49940000
vn 0.79920000 -0.21130000 -0.56270000
vn 0.68060000 -0.07340000 -0.72890000
vn 0.80820000 -0.38890000 0.44220000
vn 0.86670000 -0.42870000 -0.25500000
vn 0.50100000 0.24430000 0.83020000
vn 0.80980000 0.38920000 0.43900000
vn 0.93060000 0.15090000 0.33340000
vn 0.60160000 0.00220000 0.79880000
vn 0.63860000 -0.72660000 -0.25330000
vn 0.58900000 -0.41110000 -0.69580000
vn 0.97760000 -0.12580000 -0.16860000
vn 0.99080000 -0.06460000 -0.11880000
vn 0.56790000 -0.29840000 -0.76710000
vn 0.71160000 0.28710000 -0.64130000
vn 0.99830000 0.05480000 -0.02050000
vn 0.63990000 -0.08560000 0.76370000
vn 0.73070000 -0.47150000 0.49360000
vn 0.60210000 0.31480000 0.73380000
vn 0.99710000 0.06310000 0.04300000
vn 0.86150000 0.39030000 -0.32470000
vn 0.92030000 -0.29450000 0.25750000
vn 0.86420000 0.26540000 -0.42750000
vn 0.83390000 0.11720000 -0.53930000
vn 0.85160000 -0.31880000 0.41620000
vn 0.82330000 -0.01240000 -0.56750000
vn 0.93530000 0.21960000 0.27740000
vn 0.89120000 0.19320000 -0.41040000
vn 0.87840000 0.03170000 -0.47690000
vn 0.71890000 -0.11770000 0.68510000
vn 0.73280000 0.34720000 -0.58510000
vn 0.86090000 0.45360000 -0.23020000
vn 0.96430000 -0.15900000 -0.21170000
vn 0.97070000 0.23050000 -0.06840000
vn 0.99400000 0.03760000 -0.10290000
vn 0.87200000 0.15260000 -0.46520000
vn 0.97850000 0.20400000 0.02890000
vn 0.96790000 0.07250000 -0.24080000
vn 0.88290000 0.40910000 -0.23060000
vn 0.99760000 0.05390000 -0.04440000
vn 0.88150000 0.29410000 -0.36930000
vn 0.92300000 -0.14720000 -0.35560000
vn 0.92720000 0.16760000 -0.33490000
vn 0.95720000 0.06020000 -0.28310000
vn 0.98500000 -0.04170000 0.16750000
vn 0.87180000 0.02980000 -0.48900000
vn 0.92840000 -0.16650000 -0.33210000
vn 0.64120000 0.02290000 -0.76700000
vn 0.82940000 -0.05610000 -0.55590000
vn 0.98680000 -0.15650000 -0.04060000
vn 0.98520000 -0.12250000 -0.11990000
vn 0.87320000 -0.44190000 0.20550000
vn 0.99950000 -0.03140000 -0.00100000
vn 0.86560000 -0.13810000 0.48130000
vn 0.98830000 -0.12900000 -0.08160000
vn 0.96280000 -0.16830000 -0.21140000
vn 0.94540000 -0.15720000 -0.28550000
vn 0.81480000 -0.36660000 -0.44910000
vn 0.71280000 -0.02750000 0.70080000
vn 0.53080000 -0.15450000 0.83330000
vn 0.25190000 -0.88110000 0.40040000
vn 0.35430000 -0.90320000 -0.24210000
vn 0.87420000 -0.46170000 0.15020000
vn 0.98950000 0.02280000 0.14270000
vn 0.76290000 0.64510000 0.04200000
vn 0.27520000 -0.30310000 0.91230000
vn 0.31820000 -0.37300000 0.87160000
vn 0.92760000 -0.32850000 -0.17790000
vn 0.81830000 -0.54390000 0.18590000
vn 0.85700000 -0.07000000 0.51060000
vn 0.84600000 -0.06600000 -0.52910000
vn 0.93720000 -0.31410000 0.15140000
vn 0.83980000 0.29480000 -0.45590000
vn 0.87060000 0.34860000 -0.34720000
vn 0.99700000 0.07570000 0.01360000
vn 0.61330000 -0.20040000 -0.76400000
vn 0.89170000 -0.01480000 -0.45240000
vn 0.92440000 0.04530000 -0.37870000
vn 0.88160000 0.45360000 -0.13100000
vn 0.70140000 0.69320000 0.16570000
vn 0.84670000 0.53180000 0.01990000
vn 0.97390000 -0.20840000 -0.08960000
vn 0.87430000 0.38090000 -0.30090000
vn 0.96700000 -0.13120000 -0.21820000
vn 0.43720000 0.23640000 0.86770000
vn 0.41270000 -0.67640000 0.61000000
vn 0.95090000 -0.22470000 0.21280000
vn 0.95370000 0.28540000 0.09450000
vn 0.93810000 0.19950000 0.28330000
vn 0.76370000 0.47280000 0.43960000
vn 0.89320000 0.44930000 -0.01950000
vn 0.56710000 -0.07170000 0.82060000
vn 0.67110000 -0.07050000 0.73800000
vn 0.97270000 0.14360000 0.18250000
vn 0.62940000 0.48770000 0.60500000
vn 0.74460000 -0.65260000 -0.14010000
vn 0.92380000 0.04100000 -0.38060000
vn 0.29220000 -0.86010000 0.41820000
vn 0.53580000 -0.76450000 0.35850000
vn 0.19800000 -0.86580000 0.45960000
vn 0.20270000 -0.90240000 0.38040000
vn 0.23490000 -0.88930000 0.39250000
vn 0.72080000 -0.55800000 0.41130000
vn 0.32360000 -0.18790000 0.92730000
vn 0.09480000 -0.40680000 0.90860000
vn 0.32350000 0.58210000 0.74600000
vn 0.33820000 0.93630000 0.09470000
vn 0.36390000 0.51770000 0.77430000
vn 0.81880000 0.50210000 -0.27820000
vn 0.70540000 0.54990000 0.44730000
vn 0.97500000 -0.21260000 0.06500000
vn 0.17910000 0.62810000 0.75730000
vn 0.53660000 0.28720000 0.79340000
vn 0.21380000 0.87130000 0.44160000
vn 0.72420000 0.54310000 0.42500000
vn 0.97870000 0.17010000 0.11480000
vn 0.89430000 0.26180000 0.36290000
vn 0.78390000 -0.62030000 -0.02710000
vn 0.85820000 -0.46650000 -0.21420000
vn 0.85340000 0.37980000 -0.35710000
vn 0.88310000 0.35990000 -0.30080000
vn 0.85060000 0.32440000 -0.41380000
vn 0.84440000 -0.42130000 -0.33100000
vn 0.78740000 -0.32640000 -0.52290000
vn 0.55550000 0.40640000 0.72540000
vn 0.60940000 0.65660000 -0.44440000
vn 0.95410000 -0.26510000 0.13900000
vn 0.99100000 0.13400000 -0.00720000
vn 0.40560000 0.91260000 0.05120000
vn 0.99800000 0.01550000 0.06170000
vn 0.27170000 0.92670000 0.25970000
vn 0.92530000 0.23680000 -0.29610000
vn 0.93080000 0.36540000 0.00600000
vn 0.62610000 0.73360000 0.26440000
vn 0.92670000 0.21130000 -0.31090000
vn 0.89230000 -0.18030000 -0.41390000
vn 0.19920000 0.94550000 0.25770000
vn 0.24490000 0.96940000 0.01590000
vn 0.72350000 -0.36380000 -0.58670000
vn 0.29510000 -0.43340000 -0.85150000
vn 0.41560000 -0.38310000 -0.82490000
vn 0.89070000 -0.24010000 -0.38590000
vn 0.60160000 -0.65380000 -0.45900000
vn 0.25690000 -0.48650000 -0.83500000
vn 0.22500000 -0.59270000 -0.77340000
vn 0.94660000 -0.21160000 0.24320000
vn 0.95460000 -0.19550000 -0.22500000
vn 0.89850000 -0.39380000 0.19420000
vn 0.55670000 0.13120000 0.82030000
vn 0.25780000 0.41730000 0.87140000
vn 0.89470000 -0.25450000 -0.36700000
vn 0.58680000 -0.64810000 -0.48530000
vn 0.08930000 0.66460000 0.74180000
vn 0.91150000 -0.20090000 -0.35880000
vn 0.78700000 -0.07600000 -0.61220000
vn 0.91500000 0.17830000 -0.36190000
vn 0.91950000 0.39280000 0.01720000
vn 0.08440000 0.61180000 0.78650000
vn 0.07180000 0.42820000 0.90080000
vn 0.17360000 0.76580000 0.61920000
vn 0.37320000 0.45220000 -0.81010000
vn 0.14900000 -0.21440000 -0.96530000
vn 0.85480000 -0.15840000 -0.49420000
vn 0.87230000 -0.06680000 -0.48440000
vn 0.66730000 0.09000000 0.73940000
vn 0.23410000 -0.29140000 -0.92750000
vn 0.49480000 0.61770000 0.61120000
vn 0.93940000 0.24090000 -0.24380000
vn 1.00000000 -0.00020000 -0.00040000
vn 1.00000000 -0.00030000 -0.00060000
vn 0.26520000 0.33230000 0.90510000
vn 0.20500000 0.10890000 0.97270000
vn 0.90850000 -0.38610000 -0.15990000
vn 0.87860000 -0.27690000 -0.38920000
vn 0.83100000 -0.23130000 -0.50590000
vn 0.65970000 0.29580000 -0.69090000
vn 0.61240000 0.29220000 -0.73450000
vn 0.69900000 -0.06280000 -0.71240000
vn 0.69860000 0.15490000 -0.69850000
vn 0.75380000 0.12170000 -0.64570000
vn 0.13480000 0.32840000 0.93490000
vn 0.09920000 0.18120000 0.97840000
vn 0.58460000 0.19680000 0.78710000
vn 0.12260000 -0.12300000 0.98480000
vn 0.38340000 -0.30940000 0.87020000
vn 0.86960000 -0.41450000 0.26810000
vn 0.57070000 0.02550000 0.82080000
vn 0.84170000 -0.26040000 0.47300000
vn 0.66140000 -0.31350000 -0.68140000
vn 0.81430000 0.15900000 0.55820000
vn 0.88940000 0.43810000 0.13050000
vn 0.76970000 0.32760000 -0.54800000
vn 0.92450000 0.20440000 0.32160000
vn 0.91440000 -0.06990000 -0.39860000
vn 0.97640000 0.11640000 -0.18210000
vn 0.77590000 0.14540000 -0.61380000
vn 0.99510000 -0.08960000 -0.04230000
vn 0.75400000 0.21460000 -0.62080000
vn 0.30040000 -0.45520000 0.83820000
vn 0.99880000 -0.04830000 -0.00310000
vn 0.82070000 0.27610000 -0.50030000
vn 0.99660000 0.07060000 0.04340000
vn 0.27480000 -0.56410000 0.77860000
vn 0.25680000 -0.70900000 0.65680000
vn 0.99730000 -0.01990000 0.07090000
vn 0.37870000 -0.87220000 -0.30960000
vn 0.48660000 -0.26950000 0.83100000
vn 0.99940000 -0.03350000 -0.00450000
vn 0.99880000 0.04870000 -0.00120000
vn 0.99290000 0.01760000 0.11770000
vn 0.90820000 0.16020000 -0.38670000
vn 0.90950000 0.13160000 -0.39430000
vn 0.94640000 0.12060000 -0.29950000
vn 0.84610000 0.22170000 -0.48470000
vn 0.78470000 0.42590000 -0.45040000
vn 0.83630000 0.38950000 -0.38590000
vn 0.79280000 0.46490000 -0.39410000
vn 0.85420000 0.44430000 -0.27000000
vn 0.92320000 0.22670000 -0.31030000
vn 0.83400000 0.45170000 0.31700000
vn 0.34350000 -0.92870000 0.13980000
vn 0.27560000 -0.82340000 0.49610000
vn 0.98290000 -0.11420000 0.14470000
vn 0.18310000 -0.60480000 0.77510000
vn 0.90710000 0.35850000 0.22060000
vn 0.17990000 -0.93740000 0.29820000
vn 0.12100000 -0.85770000 0.49960000
vn 0.78300000 -0.60370000 0.14970000
vn 0.86400000 -0.43590000 0.25200000
vn 0.25910000 -0.94840000 0.18250000
vt 0.53270000 0.70400000
vt 0.52580000 0.67130000
vt 0.54400000 0.68680000
vt 0.51430000 0.69680000
vt 0.56680000 0.68860000
vt 0.59660000 0.72600000
vt 0.55980000 0.70640000
vt 0.55470000 0.79700000
vt 0.55170000 0.75110000
vt 0.57450000 0.79060000
vt 0.56290000 0.86420000
vt 0.56950000 0.84300000
vt 0.57010000 0.86120000
vt 0.54500000 0.84960000
vt 0.55270000 0.86180000
vt 0.51950000 0.85630000
vt 0.53220000 0.86070000
vt 0.51840000 0.86780000
vt 0.53830000 0.84160000
vt 0.53790000 0.78340000
vt 0.52040000 0.74120000
vt 0.53700000 0.74700000
vt 0.58430000 0.75600000
vt 0.60070000 0.77190000
vt 0.67870000 0.67720000
vt 0.66910000 0.70240000
vt 0.66830000 0.66560000
vt 0.71730000 0.69560000
vt 0.72580000 0.74100000
vt 0.69470000 0.72530000
vt 0.67290000 0.76480000
vt 0.69100000 0.72980000
vt 0.69750000 0.77920000
vt 0.69840000 0.85340000
vt 0.69320000 0.82080000
vt 0.71140000 0.83230000
vt 0.68610000 0.81090000
vt 0.66250000 0.82370000
vt 0.66730000 0.78800000
vt 0.66320000 0.83440000
vt 0.67710000 0.86260000
vt 0.65110000 0.86020000
vt 0.65320000 0.79220000
vt 0.63870000 0.81560000
vt 0.64410000 0.77700000
vt 0.62310000 0.78600000
vt 0.63020000 0.75590000
vt 0.62050000 0.74940000
vt 0.61000000 0.79310000
vt 0.59480000 0.78590000
vt 0.59960000 0.80450000
vt 0.60570000 0.81740000
vt 0.62040000 0.70290000
vt 0.65130000 0.75010000
vt 0.65130000 0.74080000
vt 0.64680000 0.69710000
vt 0.58660000 0.82510000
vt 0.58930000 0.81000000
vt 0.58170000 0.88050000
vt 0.61650000 0.86000000
vt 0.60650000 0.90120000
vt 0.58940000 0.79360000
vt 0.59890000 0.81590000
vt 0.71890000 0.86090000
vt 0.72490000 0.84890000
vt 0.72500000 0.82300000
vt 0.73470000 0.84930000
vt 0.73700000 0.87540000
vt 0.71080000 0.88330000
vt 0.72810000 0.87000000
vt 0.74280000 0.83000000
vt 0.75420000 0.81620000
vt 0.74840000 0.83750000
vt 0.77670000 0.81940000
vt 0.76310000 0.83310000
vt 0.76490000 0.81410000
vt 0.77660000 0.84080000
vt 0.76460000 0.85470000
vt 0.77050000 0.84180000
vt 0.78350000 0.84290000
vt 0.73560000 0.81340000
vt 0.73070000 0.78720000
vt 0.74730000 0.79880000
vt 0.81300000 0.71880000
vt 0.82770000 0.71660000
vt 0.81900000 0.72510000
vt 0.83680000 0.71420000
vt 0.84590000 0.73730000
vt 0.85510000 0.73660000
vt 0.85520000 0.78150000
vt 0.85430000 0.75570000
vt 0.86620000 0.77100000
vt 0.86700000 0.78430000
vt 0.84010000 0.79630000
vt 0.81730000 0.82500000
vt 0.82340000 0.80220000
vt 0.86250000 0.81600000
vt 0.82890000 0.83520000
vt 0.85260000 0.80400000
vt 0.87990000 0.80530000
vt 0.86740000 0.82130000
vt 0.87340000 0.79910000
vt 0.80950000 0.84130000
vt 0.82210000 0.82950000
vt 0.83440000 0.84350000
vt 0.88780000 0.78430000
vt 0.89910000 0.74350000
vt 0.91150000 0.73280000
vt 0.91280000 0.75280000
vt 0.90900000 0.71900000
vt 0.92360000 0.73070000
vt 0.92980000 0.71600000
vt 0.92780000 0.74260000
vt 0.92660000 0.75860000
vt 0.94080000 0.71980000
vt 0.90780000 0.69500000
vt 0.91220000 0.77370000
vt 0.90210000 0.76700000
vt 0.96310000 0.77610000
vt 0.97290000 0.77240000
vt 0.96710000 0.78840000
vt 0.93670000 0.69980000
vt 0.92990000 0.67750000
vt 0.94890000 0.69220000
vt 0.75490000 0.77280000
vt 0.77830000 0.81170000
vt 0.76410000 0.79920000
vt 0.79050000 0.79560000
vt 0.79430000 0.75210000
vt 0.78010000 0.75440000
vt 0.79600000 0.73720000
vt 0.96690000 0.73130000
vt 0.95640000 0.70450000
vt 0.97750000 0.72350000
vt 0.86360000 0.53810000
vt 0.87220000 0.57110000
vt 0.84360000 0.56510000
vt 0.86700000 0.63510000
vt 0.87960000 0.65860000
vt 0.85830000 0.63640000
vt 0.83450000 0.56760000
vt 0.83050000 0.54680000
vt 0.87870000 0.48180000
vt 0.89150000 0.54210000
vt 0.89730000 0.58120000
vt 0.90670000 0.61150000
vt 0.88490000 0.59220000
vt 0.89180000 0.61660000
vt 0.88070000 0.63350000
vt 0.88060000 0.61140000
vt 0.91530000 0.61560000
vt 0.91750000 0.58670000
vt 0.93350000 0.60420000
vt 0.91780000 0.65670000
vt 0.94000000 0.65790000
vt 0.86820000 0.68970000
vt 0.85120000 0.67680000
vt 0.86960000 0.66560000
vt 0.83510000 0.65900000
vt 0.81990000 0.63730000
vt 0.84840000 0.63930000
vt 0.81700000 0.57790000
vt 0.80810000 0.60940000
vt 0.80090000 0.58630000
vt 0.83860000 0.60790000
vt 0.79090000 0.59030000
vt 0.79130000 0.57210000
vt 0.88780000 0.67350000
vt 0.90490000 0.63580000
vt 0.89290000 0.64980000
vt 0.90680000 0.67240000
vt 0.92230000 0.63500000
vt 0.78640000 0.61720000
vt 0.75760000 0.62180000
vt 0.78130000 0.58930000
vt 0.76010000 0.57610000
vt 0.72470000 0.59320000
vt 0.81510000 0.68100000
vt 0.73590000 0.65770000
vt 0.79730000 0.65070000
vt 0.73710000 0.54600000
vt 0.71430000 0.58850000
vt 0.73640000 0.51360000
vt 0.75150000 0.52960000
vt 0.79290000 0.53900000
vt 0.79630000 0.51480000
vt 0.80870000 0.53890000
vt 0.77930000 0.53390000
vt 0.77760000 0.50070000
vt 0.76960000 0.51610000
vt 0.82380000 0.52680000
vt 0.81030000 0.49180000
vt 0.83710000 0.50740000
vt 0.86600000 0.47050000
vt 0.86790000 0.41400000
vt 0.74840000 0.18930000
vt 0.73570000 0.22030000
vt 0.72590000 0.19000000
vt 0.72810000 0.26280000
vt 0.71640000 0.22940000
vt 0.85330000 0.35240000
vt 0.88220000 0.41000000
vt 0.76760000 0.49800000
vt 0.77270000 0.48310000
vt 0.79120000 0.48200000
vt 0.81680000 0.46700000
vt 0.77240000 0.47360000
vt 0.76230000 0.30060000
vt 0.71620000 0.32550000
vt 0.74430000 0.27710000
vt 0.74950000 0.49780000
vt 0.74650000 0.45900000
vt 0.73910000 0.46110000
vt 0.55530000 0.24740000
vt 0.53790000 0.24790000
vt 0.55370000 0.22730000
vt 0.66450000 0.22860000
vt 0.69330000 0.23400000
vt 0.65350000 0.25210000
vt 0.63000000 0.13500000
vt 0.61030000 0.12430000
vt 0.63060000 0.11050000
vt 0.69520000 0.27730000
vt 0.54740000 0.14000000
vt 0.58970000 0.18200000
vt 0.54460000 0.18430000
vt 0.90160000 0.44730000
vt 0.91590000 0.49260000
vt 0.52670000 0.18660000
vt 0.53700000 0.20300000
vt 0.52580000 0.10060000
vt 0.52460000 0.14390000
vt 0.50260000 0.12440000
vt 0.54330000 0.06370000
vt 0.51710000 0.06090000
vt 0.52780000 0.04330000
vt 0.50260000 0.07530000
vt 0.50260000 0.04520000
vt 0.60220000 0.10190000
vt 0.58260000 0.11400000
vt 0.59400000 0.09390000
vt 0.64680000 0.11740000
vt 0.65200000 0.11210000
vt 0.65610000 0.13870000
vt 0.64620000 0.15240000
vt 0.63070000 0.15760000
vt 0.50260000 0.69390000
vt 0.50260000 0.66620000
vt 0.50260000 0.24670000
vt 0.59280000 0.25840000
vt 0.58270000 0.77980000
vt 0.59750000 0.83120000
vt 0.54490000 0.87660000
vt 0.53460000 0.87020000
vt 0.53520000 0.89350000
vt 0.52030000 0.87730000
vt 0.50260000 0.89950000
vt 0.50260000 0.87580000
vt 0.50260000 0.86120000
vt 0.51500000 0.83540000
vt 0.51330000 0.78420000
vt 0.50260000 0.84580000
vt 0.50260000 0.83160000
vt 0.50260000 0.78630000
vt 0.50260000 0.74240000
vt 0.64660000 0.65930000
vt 0.60380000 0.66140000
vt 0.66240000 0.31740000
vt 0.62890000 0.28930000
vt 0.68770000 0.34780000
vt 0.68400000 0.64880000
vt 0.69230000 0.65720000
vt 0.70540000 0.78020000
vt 0.63490000 0.82400000
vt 0.62410000 0.84300000
vt 0.64800000 0.87780000
vt 0.64220000 0.90440000
vt 0.67920000 0.87750000
vt 0.68160000 0.89700000
vt 0.70330000 0.86980000
vt 0.74510000 0.85430000
vt 0.75860000 0.84950000
vt 0.78390000 0.82980000
vt 0.79170000 0.82160000
vt 0.75460000 0.86840000
vt 0.80070000 0.83660000
vt 0.80160000 0.80180000
vt 0.82920000 0.77350000
vt 0.80600000 0.77640000
vt 0.80670000 0.75620000
vt 0.82910000 0.74270000
vt 0.79380000 0.77160000
vt 0.81030000 0.74140000
vt 0.84490000 0.76710000
vt 0.85610000 0.78860000
vt 0.84460000 0.80020000
vt 0.86370000 0.79260000
vt 0.86610000 0.80320000
vt 0.87910000 0.75450000
vt 0.88290000 0.75850000
vt 0.89580000 0.79290000
vt 0.89130000 0.72250000
vt 0.95020000 0.73790000
vt 0.86360000 0.71270000
vt 0.88990000 0.69380000
vt 0.91680000 0.77770000
vt 0.93250000 0.75970000
vt 0.92860000 0.74840000
vt 0.94930000 0.75870000
vt 0.96580000 0.75840000
vt 0.95420000 0.77740000
vt 0.95880000 0.73500000
vt 0.97850000 0.75620000
vt 0.95420000 0.78920000
vt 0.98390000 0.79480000
vt 0.96680000 0.80990000
vt 0.95480000 0.80450000
vt 0.94970000 0.79830000
vt 0.98970000 0.77300000
vt 0.99120000 0.75500000
vt 0.94690000 0.71210000
vt 0.70830000 0.62890000
vt 0.70020000 0.62180000
vt 0.84110000 0.69550000
vt 0.82250000 0.67150000
vt 0.83500000 0.70460000
vt 0.80620000 0.64570000
vt 0.79480000 0.61470000
vt 0.95990000 0.66890000
vt 0.94300000 0.62770000
vt 0.95660000 0.62920000
vt 0.94450000 0.58920000
vt 0.92070000 0.56170000
vt 0.91740000 0.53980000
vt 0.89380000 0.55880000
vt 0.86190000 0.60100000
vt 0.84850000 0.60600000
vt 0.84890000 0.51780000
vt 0.81270000 0.56370000
vt 0.76420000 0.56260000
vt 0.78700000 0.50620000
vt 0.84350000 0.46740000
vt 0.84590000 0.41290000
vt 0.81610000 0.42890000
vt 0.82730000 0.35690000
vt 0.80250000 0.38050000
vt 0.80290000 0.31150000
vt 0.82390000 0.30080000
vt 0.77990000 0.33660000
vt 0.78030000 0.27040000
vt 0.79890000 0.24620000
vt 0.75680000 0.23630000
vt 0.77570000 0.21150000
vt 0.70890000 0.20320000
vt 0.78220000 0.48720000
vt 0.76600000 0.44800000
vt 0.75560000 0.41010000
vt 0.73970000 0.36640000
vt 0.73690000 0.41760000
vt 0.72560000 0.42060000
vt 0.72400000 0.37690000
vt 0.70940000 0.38250000
vt 0.69900000 0.34030000
vt 0.67190000 0.30520000
vt 0.63720000 0.27490000
vt 0.59890000 0.24690000
vt 0.61590000 0.22430000
vt 0.51750000 0.20260000
vt 0.68930000 0.20710000
vt 0.66460000 0.20590000
vt 0.63690000 0.20450000
vt 0.64490000 0.18960000
vt 0.61810000 0.16680000
vt 0.61500000 0.09900000
vt 0.63830000 0.09410000
vt 0.55080000 0.10950000
vt 0.50260000 0.20170000
vt 0.50260000 0.18970000
vt 0.51780000 0.19230000
vt 0.50260000 0.17990000
vt 0.56380000 0.07020000
vt 0.50260000 0.03090000
vt 0.47250000 0.70400000
vt 0.46110000 0.68680000
vt 0.47930000 0.67130000
vt 0.49080000 0.69680000
vt 0.43830000 0.68860000
vt 0.44530000 0.70640000
vt 0.40850000 0.72600000
vt 0.45040000 0.79700000
vt 0.43060000 0.79060000
vt 0.45340000 0.75110000
vt 0.44220000 0.86420000
vt 0.43500000 0.86120000
vt 0.43560000 0.84300000
vt 0.46010000 0.84960000
vt 0.45250000 0.86180000
vt 0.48560000 0.85630000
vt 0.48670000 0.86780000
vt 0.47290000 0.86070000
vt 0.46720000 0.78340000
vt 0.46680000 0.84160000
vt 0.48470000 0.74120000
vt 0.46810000 0.74700000
vt 0.42090000 0.75600000
vt 0.40440000 0.77190000
vt 0.32650000 0.67720000
vt 0.33680000 0.66560000
vt 0.33600000 0.70240000
vt 0.28790000 0.69560000
vt 0.31040000 0.72530000
vt 0.27940000 0.74100000
vt 0.33220000 0.76480000
vt 0.30760000 0.77920000
vt 0.31410000 0.72980000
vt 0.30680000 0.85340000
vt 0.29370000 0.83230000
vt 0.31190000 0.82080000
vt 0.31900000 0.81090000
vt 0.33780000 0.78800000
vt 0.34260000 0.82370000
vt 0.34190000 0.83440000
vt 0.35400000 0.86020000
vt 0.32800000 0.86260000
vt 0.35190000 0.79220000
vt 0.36640000 0.81560000
vt 0.36100000 0.77700000
vt 0.37490000 0.75590000
vt 0.38200000 0.78600000
vt 0.39510000 0.79310000
vt 0.38460000 0.74940000
vt 0.41030000 0.78590000
vt 0.40550000 0.80450000
vt 0.39940000 0.81740000
vt 0.38470000 0.70290000
vt 0.35380000 0.75010000
vt 0.35380000 0.74080000
vt 0.35840000 0.69710000
vt 0.41850000 0.82510000
vt 0.41580000 0.81000000
vt 0.42350000 0.88050000
vt 0.39860000 0.90120000
vt 0.38860000 0.86000000
vt 0.41570000 0.79360000
vt 0.40620000 0.81590000
vt 0.28620000 0.86090000
vt 0.28020000 0.84890000
vt 0.28010000 0.82300000
vt 0.27040000 0.84930000
vt 0.26810000 0.87540000
vt 0.27700000 0.87000000
vt 0.29430000 0.88330000
vt 0.26230000 0.83000000
vt 0.25670000 0.83750000
vt 0.25090000 0.81620000
vt 0.22840000 0.81940000
vt 0.24030000 0.81410000
vt 0.24200000 0.83310000
vt 0.22850000 0.84080000
vt 0.23460000 0.84180000
vt 0.24050000 0.85470000
vt 0.22170000 0.84290000
vt 0.26950000 0.81340000
vt 0.25790000 0.79880000
vt 0.27440000 0.78720000
vt 0.19210000 0.71880000
vt 0.18610000 0.72510000
vt 0.17740000 0.71660000
vt 0.16840000 0.71420000
vt 0.15920000 0.73730000
vt 0.15000000 0.73660000
vt 0.15000000 0.78150000
vt 0.13890000 0.77100000
vt 0.15090000 0.75570000
vt 0.13810000 0.78430000
vt 0.16500000 0.79630000
vt 0.18170000 0.80220000
vt 0.18790000 0.82500000
vt 0.14260000 0.81600000
vt 0.15250000 0.80400000
vt 0.17620000 0.83520000
vt 0.12530000 0.80530000
vt 0.13170000 0.79910000
vt 0.13770000 0.82130000
vt 0.18300000 0.82950000
vt 0.19560000 0.84130000
vt 0.17070000 0.84350000
vt 0.11730000 0.78430000
vt 0.10600000 0.74350000
vt 0.09230000 0.75280000
vt 0.09360000 0.73280000
vt 0.09610000 0.71900000
vt 0.08150000 0.73070000
vt 0.07530000 0.71600000
vt 0.07730000 0.74260000
vt 0.07850000 0.75860000
vt 0.06430000 0.71980000
vt 0.09730000 0.69500000
vt 0.09300000 0.77370000
vt 0.10300000 0.76700000
vt 0.04200000 0.77610000
vt 0.03800000 0.78840000
vt 0.03220000 0.77240000
vt 0.06840000 0.69980000
vt 0.05630000 0.69220000
vt 0.07520000 0.67750000
vt 0.25020000 0.77280000
vt 0.22680000 0.81170000
vt 0.21460000 0.79560000
vt 0.24100000 0.79920000
vt 0.21080000 0.75210000
vt 0.20920000 0.73720000
vt 0.22500000 0.75440000
vt 0.03830000 0.73130000
vt 0.02760000 0.72350000
vt 0.04870000 0.70450000
vt 0.14150000 0.53810000
vt 0.16150000 0.56510000
vt 0.13290000 0.57110000
vt 0.13810000 0.63510000
vt 0.14680000 0.63640000
vt 0.12550000 0.65860000
vt 0.17060000 0.56760000
vt 0.17470000 0.54680000
vt 0.11360000 0.54210000
vt 0.12650000 0.48180000
vt 0.10780000 0.58120000
vt 0.12020000 0.59220000
vt 0.09840000 0.61150000
vt 0.11330000 0.61660000
vt 0.12460000 0.61140000
vt 0.12440000 0.63350000
vt 0.08980000 0.61560000
vt 0.07160000 0.60420000
vt 0.08770000 0.58670000
vt 0.06510000 0.65790000
vt 0.08730000 0.65670000
vt 0.13690000 0.68970000
vt 0.13550000 0.66560000
vt 0.15400000 0.67680000
vt 0.17000000 0.65900000
vt 0.15670000 0.63930000
vt 0.18520000 0.63730000
vt 0.18810000 0.57790000
vt 0.20430000 0.58630000
vt 0.19700000 0.60940000
vt 0.16650000 0.60790000
vt 0.21420000 0.59030000
vt 0.21380000 0.57210000
vt 0.11730000 0.67350000
vt 0.10020000 0.63580000
vt 0.09830000 0.67240000
vt 0.11220000 0.64980000
vt 0.08280000 0.63500000
vt 0.21870000 0.61720000
vt 0.22380000 0.58930000
vt 0.24750000 0.62180000
vt 0.24500000 0.57610000
vt 0.28040000 0.59320000
vt 0.19000000 0.68100000
vt 0.20780000 0.65070000
vt 0.26920000 0.65770000
vt 0.26800000 0.54600000
vt 0.29080000 0.58850000
vt 0.25360000 0.52960000
vt 0.26870000 0.51360000
vt 0.21220000 0.53900000
vt 0.19640000 0.53890000
vt 0.20880000 0.51480000
vt 0.22580000 0.53390000
vt 0.22750000 0.50070000
vt 0.23560000 0.51610000
vt 0.18140000 0.52680000
vt 0.16800000 0.50740000
vt 0.19480000 0.49180000
vt 0.13920000 0.47050000
vt 0.13720000 0.41400000
vt 0.25670000 0.18930000
vt 0.27920000 0.19000000
vt 0.26940000 0.22030000
vt 0.28870000 0.22940000
vt 0.27700000 0.26280000
vt 0.12300000 0.41000000
vt 0.15180000 0.35240000
vt 0.23750000 0.49800000
vt 0.23240000 0.48310000
vt 0.21390000 0.48200000
vt 0.18830000 0.46700000
vt 0.23270000 0.47360000
vt 0.24280000 0.30060000
vt 0.26080000 0.27710000
vt 0.28890000 0.32550000
vt 0.25560000 0.49780000
vt 0.25860000 0.45900000
vt 0.26600000 0.46110000
vt 0.44980000 0.24740000
vt 0.45140000 0.22730000
vt 0.46730000 0.24790000
vt 0.34060000 0.22860000
vt 0.35170000 0.25210000
vt 0.31180000 0.23400000
vt 0.37510000 0.13500000
vt 0.37460000 0.11050000
vt 0.39480000 0.12430000
vt 0.30990000 0.27730000
vt 0.45770000 0.14000000
vt 0.46060000 0.18430000
vt 0.41550000 0.18200000
vt 0.10350000 0.44730000
vt 0.08930000 0.49260000
vt 0.47840000 0.18660000
vt 0.46810000 0.20300000
vt 0.47930000 0.10060000
vt 0.48060000 0.14390000
vt 0.46180000 0.06370000
vt 0.48800000 0.06090000
vt 0.47730000 0.04330000
vt 0.40300000 0.10190000
vt 0.41110000 0.09390000
vt 0.42260000 0.11400000
vt 0.35830000 0.11740000
vt 0.35320000 0.11210000
vt 0.34900000 0.13870000
vt 0.35890000 0.15240000
vt 0.37440000 0.15760000
vt 0.41230000 0.25840000
vt 0.42250000 0.77980000
vt 0.40760000 0.83120000
vt 0.46030000 0.87660000
vt 0.47050000 0.87020000
vt 0.46990000 0.89350000
vt 0.48480000 0.87730000
vt 0.49010000 0.83540000
vt 0.49190000 0.78420000
vt 0.35850000 0.65930000
vt 0.40130000 0.66140000
vt 0.34270000 0.31740000
vt 0.37620000 0.28930000
vt 0.31740000 0.34780000
vt 0.31280000 0.65720000
vt 0.32110000 0.64880000
vt 0.29970000 0.78020000
vt 0.37020000 0.82400000
vt 0.38100000 0.84300000
vt 0.35710000 0.87780000
vt 0.36290000 0.90440000
vt 0.32590000 0.87750000
vt 0.32350000 0.89700000
vt 0.30180000 0.86980000
vt 0.26000000 0.85430000
vt 0.24650000 0.84950000
vt 0.22120000 0.82980000
vt 0.21340000 0.82160000
vt 0.25050000 0.86840000
vt 0.20450000 0.83660000
vt 0.20350000 0.80180000
vt 0.19840000 0.75620000
vt 0.19910000 0.77640000
vt 0.17590000 0.77350000
vt 0.17610000 0.74270000
vt 0.21140000 0.77160000
vt 0.19490000 0.74140000
vt 0.16020000 0.76710000
vt 0.16050000 0.80020000
vt 0.14900000 0.78860000
vt 0.14150000 0.79260000
vt 0.13900000 0.80320000
vt 0.12220000 0.75850000
vt 0.12600000 0.75450000
vt 0.10930000 0.79290000
vt 0.11390000 0.72250000
vt 0.05490000 0.73790000
vt 0.14150000 0.71270000
vt 0.11530000 0.69380000
vt 0.08830000 0.77770000
vt 0.07260000 0.75970000
vt 0.07650000 0.74840000
vt 0.05580000 0.75870000
vt 0.05090000 0.77740000
vt 0.03930000 0.75840000
vt 0.04630000 0.73500000
vt 0.02670000 0.75620000
vt 0.05090000 0.78920000
vt 0.02120000 0.79480000
vt 0.05030000 0.80450000
vt 0.03830000 0.80990000
vt 0.05540000 0.79830000
vt 0.01540000 0.77300000
vt 0.01390000 0.75500000
vt 0.05820000 0.71210000
vt 0.29690000 0.62890000
vt 0.30490000 0.62180000
vt 0.16400000 0.69550000
vt 0.18270000 0.67150000
vt 0.17010000 0.70460000
vt 0.19900000 0.64570000
vt 0.21040000 0.61470000
vt 0.04520000 0.66890000
vt 0.04850000 0.62920000
vt 0.06210000 0.62770000
vt 0.06060000 0.58920000
vt 0.08440000 0.56170000
vt 0.11130000 0.55880000
vt 0.08770000 0.53980000
vt 0.15670000 0.60600000
vt 0.14320000 0.60100000
vt 0.15620000 0.51780000
vt 0.19240000 0.56370000
vt 0.24090000 0.56260000
vt 0.21810000 0.50620000
vt 0.16170000 0.46740000
vt 0.15930000 0.41290000
vt 0.18910000 0.42890000
vt 0.17780000 0.35690000
vt 0.20260000 0.38050000
vt 0.18120000 0.30080000
vt 0.20220000 0.31150000
vt 0.22520000 0.33660000
vt 0.22480000 0.27040000
vt 0.20620000 0.24620000
vt 0.22940000 0.21150000
vt 0.24830000 0.23630000
vt 0.29620000 0.20320000
vt 0.22290000 0.48720000
vt 0.23910000 0.44800000
vt 0.24950000 0.41010000
vt 0.26540000 0.36640000
vt 0.26820000 0.41760000
vt 0.27950000 0.42060000
vt 0.28120000 0.37690000
vt 0.29570000 0.38250000
vt 0.30610000 0.34030000
vt 0.33320000 0.30520000
vt 0.36790000 0.27490000
vt 0.40620000 0.24690000
vt 0.38920000 0.22430000
vt 0.48760000 0.20260000
vt 0.31590000 0.20710000
vt 0.34050000 0.20590000
vt 0.36820000 0.20450000
vt 0.36030000 0.18960000
vt 0.38700000 0.16680000
vt 0.39010000 0.09900000
vt 0.36680000 0.09410000
vt 0.45440000 0.10950000
vt 0.48730000 0.19230000
vt 0.44130000 0.07020000
vt 0.53270000 0.70400000
vt 0.52580000 0.67130000
vt 0.54400000 0.68680000
vt 0.51430000 0.69680000
vt 0.56680000 0.68860000
vt 0.59660000 0.72600000
vt 0.55980000 0.70640000
vt 0.55470000 0.79700000
vt 0.55170000 0.75110000
vt 0.57450000 0.79060000
vt 0.56290000 0.86420000
vt 0.56950000 0.84300000
vt 0.57010000 0.86120000
vt 0.54500000 0.84960000
vt 0.55270000 0.86180000
vt 0.51950000 0.85630000
vt 0.53220000 0.86070000
vt 0.51840000 0.86780000
vt 0.53830000 0.84160000
vt 0.53790000 0.78340000
vt 0.52040000 0.74120000
vt 0.53700000 0.74700000
vt 0.58430000 0.75600000
vt 0.60070000 0.77190000
vt 0.67870000 0.67720000
vt 0.66910000 0.70240000
vt 0.66830000 0.66560000
vt 0.71730000 0.69560000
vt 0.72580000 0.74100000
vt 0.69470000 0.72530000
vt 0.67290000 0.76480000
vt 0.69100000 0.72980000
vt 0.69750000 0.77920000
vt 0.69840000 0.85340000
vt 0.69320000 0.82080000
vt 0.71140000 0.83230000
vt 0.68610000 0.81090000
vt 0.66250000 0.82370000
vt 0.66730000 0.78800000
vt 0.66320000 0.83440000
vt 0.67710000 0.86260000
vt 0.65110000 0.86020000
vt 0.65320000 0.79220000
vt 0.63870000 0.81560000
vt 0.64410000 0.77700000
vt 0.62310000 0.78600000
vt 0.63020000 0.75590000
vt 0.62050000 0.74940000
vt 0.61000000 0.79310000
vt 0.59480000 0.78590000
vt 0.59960000 0.80450000
vt 0.60570000 0.81740000
vt 0.62040000 0.70290000
vt 0.65130000 0.75010000
vt 0.65130000 0.74080000
vt 0.64680000 0.69710000
vt 0.58660000 0.82510000
vt 0.58930000 0.81000000
vt 0.58170000 0.88050000
vt 0.61650000 0.86000000
vt 0.60650000 0.90120000
vt 0.58940000 0.79360000
vt 0.59890000 0.81590000
vt 0.71890000 0.86090000
vt 0.72490000 0.84890000
vt 0.72500000 0.82300000
vt 0.73470000 0.84930000
vt 0.73700000 0.87540000
vt 0.71080000 0.88330000
vt 0.72810000 0.87000000
vt 0.74280000 0.83000000
vt 0.75420000 0.81620000
vt 0.74840000 0.83750000
vt 0.77670000 0.81940000
vt 0.76310000 0.83310000
vt 0.76490000 0.81410000
vt 0.77660000 0.84080000
vt 0.76460000 0.85470000
vt 0.77050000 0.84180000
vt 0.78350000 0.84290000
vt 0.73560000 0.81340000
vt 0.73070000 0.78720000
vt 0.74730000 0.79880000
vt 0.81300000 0.71880000
vt 0.82770000 0.71660000
vt 0.81900000 0.72510000
vt 0.83680000 0.71420000
vt 0.84590000 0.73730000
vt 0.85510000 0.73660000
vt 0.85520000 0.78150000
vt 0.85430000 0.75570000
vt 0.86620000 0.77100000
vt 0.86700000 0.78430000
vt 0.84010000 0.79630000
vt 0.81730000 0.82500000
vt 0.82340000 0.80220000
vt 0.86250000 0.81600000
vt 0.82890000 0.83520000
vt 0.85260000 0.80400000
vt 0.87990000 0.80530000
vt 0.86740000 0.82130000
vt 0.87340000 0.79910000
vt 0.80950000 0.84130000
vt 0.82210000 0.82950000
vt 0.83440000 0.84350000
vt 0.88780000 0.78430000
vt 0.89910000 0.74350000
vt 0.91150000 0.73280000
vt 0.91280000 0.75280000
vt 0.90900000 0.71900000
vt 0.92360000 0.73070000
vt 0.92980000 0.71600000
vt 0.92780000 0.74260000
vt 0.92660000 0.75860000
vt 0.94080000 0.71980000
vt 0.90780000 0.69500000
vt 0.91220000 0.77370000
vt 0.90210000 0.76700000
vt 0.96310000 0.77610000
vt 0.97290000 0.77240000
vt 0.96710000 0.78840000
vt 0.93670000 0.69980000
vt 0.92990000 0.67750000
vt 0.94890000 0.69220000
vt 0.75490000 0.77280000
vt 0.77830000 0.81170000
vt 0.76410000 0.79920000
vt 0.79050000 0.79560000
vt 0.79430000 0.75210000
vt 0.78010000 0.75440000
vt 0.79600000 0.73720000
vt 0.96690000 0.73130000
vt 0.95640000 0.70450000
vt 0.97750000 0.72350000
vt 0.86360000 0.53810000
vt 0.87220000 0.57110000
vt 0.84360000 0.56510000
vt 0.86700000 0.63510000
vt 0.87960000 0.65860000
vt 0.85830000 0.63640000
vt 0.83450000 0.56760000
vt 0.83050000 0.54680000
vt 0.87870000 0.48180000
vt 0.89150000 0.54210000
vt 0.89730000 0.58120000
vt 0.90670000 0.61150000
vt 0.88490000 0.59220000
vt 0.89180000 0.61660000
vt 0.88070000 0.63350000
vt 0.88060000 0.61140000
vt 0.91530000 0.61560000
vt 0.91750000 0.58670000
vt 0.93350000 0.60420000
vt 0.91780000 0.65670000
vt 0.94000000 0.65790000
vt 0.86820000 0.68970000
vt 0.85120000 0.67680000
vt 0.86960000 0.66560000
vt 0.83510000 0.65900000
vt 0.81990000 0.63730000
vt 0.84840000 0.63930000
vt 0.81700000 0.57790000
vt 0.80810000 0.60940000
vt 0.80090000 0.58630000
vt 0.83860000 0.60790000
vt 0.79090000 0.59030000
vt 0.79130000 0.57210000
vt 0.88780000 0.67350000
vt 0.90490000 0.63580000
vt 0.89290000 0.64980000
vt 0.90680000 0.67240000
vt 0.92230000 0.63500000
vt 0.78640000 0.61720000
vt 0.75760000 0.62180000
vt 0.78130000 0.58930000
vt 0.76010000 0.57610000
vt 0.72470000 0.59320000
vt 0.81510000 0.68100000
vt 0.73590000 0.65770000
vt 0.79730000 0.65070000
vt 0.73710000 0.54600000
vt 0.71430000 0.58850000
vt 0.73640000 0.51360000
vt 0.75150000 0.52960000
vt 0.79290000 0.53900000
vt 0.79630000 0.51480000
vt 0.80870000 0.53890000
vt 0.77930000 0.53390000
vt 0.77760000 0.50070000
vt 0.76960000 0.51610000
vt 0.82380000 0.52680000
vt 0.81030000 0.49180000
vt 0.83710000 0.50740000
vt 0.86600000 0.47050000
vt 0.86790000 0.41400000
vt 0.74840000 0.18930000
vt 0.73570000 0.22030000
vt 0.72590000 0.19000000
vt 0.72810000 0.26280000
vt 0.71640000 0.22940000
vt 0.85330000 0.35240000
vt 0.88220000 0.41000000
vt 0.76760000 0.49800000
vt 0.77270000 0.48310000
vt 0.79120000 0.48200000
vt 0.81680000 0.46700000
vt 0.77240000 0.47360000
vt 0.76230000 0.30060000
vt 0.71620000 0.32550000
vt 0.74430000 0.27710000
vt 0.74950000 0.49780000
vt 0.74650000 0.45900000
vt 0.73910000 0.46110000
vt 0.55530000 0.24740000
vt 0.53790000 0.24790000
vt 0.55370000 0.22730000
vt 0.66450000 0.22860000
vt 0.69330000 0.23400000
vt 0.65350000 0.25210000
vt 0.63000000 0.13500000
vt 0.61030000 0.12430000
vt 0.63060000 0.11050000
vt 0.69520000 0.27730000
vt 0.54740000 0.14000000
vt 0.58970000 0.18200000
vt 0.54460000 0.18430000
vt 0.90160000 0.44730000
vt 0.91590000 0.49260000
vt 0.52670000 0.18660000
vt 0.53700000 0.20300000
vt 0.52580000 0.10060000
vt 0.52460000 0.14390000
vt 0.50260000 0.12440000
vt 0.54330000 0.06370000
vt 0.51710000 0.06090000
vt 0.52780000 0.04330000
vt 0.50260000 0.07530000
vt 0.50260000 0.04520000
vt 0.60220000 0.10190000
vt 0.58260000 0.11400000
vt 0.59400000 0.09390000
vt 0.64680000 0.11740000
vt 0.65200000 0.11210000
vt 0.65610000 0.13870000
vt 0.64620000 0.15240000
vt 0.63070000 0.15760000
vt 0.50260000 0.69390000
vt 0.50260000 0.66620000
vt 0.50260000 0.24670000
vt 0.59280000 0.25840000
vt 0.58270000 0.77980000
vt 0.59750000 0.83120000
vt 0.54490000 0.87660000
vt 0.53460000 0.87020000
vt 0.53520000 0.89350000
vt 0.52030000 0.87730000
vt 0.50260000 0.89950000
vt 0.50260000 0.87580000
vt 0.50260000 0.86120000
vt 0.51500000 0.83540000
vt 0.51330000 0.78420000
vt 0.50260000 0.84580000
vt 0.50260000 0.83160000
vt 0.50260000 0.78630000
vt 0.50260000 0.74240000
vt 0.64660000 0.65930000
vt 0.60380000 0.66140000
vt 0.66240000 0.31740000
vt 0.62890000 0.28930000
vt 0.68770000 0.34780000
vt 0.68400000 0.64880000
vt 0.69230000 0.65720000
vt 0.70540000 0.78020000
vt 0.63490000 0.82400000
vt 0.62410000 0.84300000
vt 0.64800000 0.87780000
vt 0.64220000 0.90440000
vt 0.67920000 0.87750000
vt 0.68160000 0.89700000
vt 0.70330000 0.86980000
vt 0.74510000 0.85430000
vt 0.75860000 0.84950000
vt 0.78390000 0.82980000
vt 0.79170000 0.82160000
vt 0.75460000 0.86840000
vt 0.80070000 0.83660000
vt 0.80160000 0.80180000
vt 0.82920000 0.77350000
vt 0.80600000 0.77640000
vt 0.80670000 0.75620000
vt 0.82910000 0.74270000
vt 0.79380000 0.77160000
vt 0.81030000 0.74140000
vt 0.84490000 0.76710000
vt 0.85610000 0.78860000
vt 0.84460000 0.80020000
vt 0.86370000 0.79260000
vt 0.86610000 0.80320000
vt 0.87910000 0.75450000
vt 0.88290000 0.75850000
vt 0.89580000 0.79290000
vt 0.89130000 0.72250000
vt 0.95020000 0.73790000
vt 0.86360000 0.71270000
vt 0.88990000 0.69380000
vt 0.91680000 0.77770000
vt 0.93250000 0.75970000
vt 0.92860000 0.74840000
vt 0.94930000 0.75870000
vt 0.96580000 0.75840000
vt 0.95420000 0.77740000
vt 0.95880000 0.73500000
vt 0.97850000 0.75620000
vt 0.95420000 0.78920000
vt 0.98390000 0.79480000
vt 0.96680000 0.80990000
vt 0.95480000 0.80450000
vt 0.94970000 0.79830000
vt 0.98970000 0.77300000
vt 0.99120000 0.75500000
vt 0.94690000 0.71210000
vt 0.70830000 0.62890000
vt 0.70020000 0.62180000
vt 0.84110000 0.69550000
vt 0.82250000 0.67150000
vt 0.83500000 0.70460000
vt 0.80620000 0.64570000
vt 0.79480000 0.61470000
vt 0.95990000 0.66890000
vt 0.94300000 0.62770000
vt 0.95660000 0.62920000
vt 0.94450000 0.58920000
vt 0.92070000 0.56170000
vt 0.91740000 0.53980000
vt 0.89380000 0.55880000
vt 0.86190000 0.60100000
vt 0.84850000 0.60600000
vt 0.84890000 0.51780000
vt 0.81270000 0.56370000
vt 0.76420000 0.56260000
vt 0.78700000 0.50620000
vt 0.84350000 0.46740000
vt 0.84590000 0.41290000
vt 0.81610000 0.42890000
vt 0.82730000 0.35690000
vt 0.80250000 0.38050000
vt 0.80290000 0.31150000
vt 0.82390000 0.30080000
vt 0.77990000 0.33660000
vt 0.78030000 0.27040000
vt 0.79890000 0.24620000
vt 0.75680000 0.23630000
vt 0.77570000 0.21150000
vt 0.70890000 0.20320000
vt 0.78220000 0.48720000
vt 0.76600000 0.44800000
vt 0.75560000 0.41010000
vt 0.73970000 0.36640000
vt 0.73690000 0.41760000
vt 0.72560000 0.42060000
vt 0.72400000 0.37690000
vt 0.70940000 0.38250000
vt 0.69900000 0.34030000
vt 0.67190000 0.30520000
vt 0.63720000 0.27490000
vt 0.59890000 0.24690000
vt 0.61590000 0.22430000
vt 0.51750000 0.20260000
vt 0.68930000 0.20710000
vt 0.66460000 0.20590000
vt 0.63690000 0.20450000
vt 0.64490000 0.18960000
vt 0.61810000 0.16680000
vt 0.61500000 0.09900000
vt 0.63830000 0.09410000
vt 0.55080000 0.10950000
vt 0.50260000 0.20170000
vt 0.50260000 0.18970000
vt 0.51780000 0.19230000
vt 0.50260000 0.17990000
vt 0.56380000 0.07020000
vt 0.50260000 0.03090000
vt 0.47250000 0.70400000
vt 0.46110000 0.68680000
vt 0.47930000 0.67130000
vt 0.49080000 0.69680000
vt 0.43830000 0.68860000
vt 0.44530000 0.70640000
vt 0.40850000 0.72600000
vt 0.45040000 0.79700000
vt 0.43060000 0.79060000
vt 0.45340000 0.75110000
vt 0.44220000 0.86420000
vt 0.43500000 0.86120000
vt 0.43560000 0.84300000
vt 0.46010000 0.84960000
vt 0.45250000 0.86180000
vt 0.48560000 0.85630000
vt 0.48670000 0.86780000
vt 0.47290000 0.86070000
vt 0.46720000 0.78340000
vt 0.46680000 0.84160000
vt 0.48470000 0.74120000
vt 0.46810000 0.74700000
vt 0.42090000 0.75600000
vt 0.40440000 0.77190000
vt 0.32650000 0.67720000
vt 0.33680000 0.66560000
vt 0.33600000 0.70240000
vt 0.28790000 0.69560000
vt 0.31040000 0.72530000
vt 0.27940000 0.74100000
vt 0.33220000 0.76480000
vt 0.30760000 0.77920000
vt 0.31410000 0.72980000
vt 0.30680000 0.85340000
vt 0.29370000 0.83230000
vt 0.31190000 0.82080000
vt 0.31900000 0.81090000
vt 0.33780000 0.78800000
vt 0.34260000 0.82370000
vt 0.34190000 0.83440000
vt 0.35400000 0.86020000
vt 0.32800000 0.86260000
vt 0.35190000 0.79220000
vt 0.36640000 0.81560000
vt 0.36100000 0.77700000
vt 0.37490000 0.75590000
vt 0.38200000 0.78600000
vt 0.39510000 0.79310000
vt 0.38460000 0.74940000
vt 0.41030000 0.78590000
vt 0.40550000 0.80450000
vt 0.39940000 0.81740000
vt 0.38470000 0.70290000
vt 0.35380000 0.75010000
vt 0.35380000 0.74080000
vt 0.35840000 0.69710000
vt 0.41850000 0.82510000
vt 0.41580000 0.81000000
vt 0.42350000 0.88050000
vt 0.39860000 0.90120000
vt 0.38860000 0.86000000
vt 0.41570000 0.79360000
vt 0.40620000 0.81590000
vt 0.28620000 0.86090000
vt 0.28020000 0.84890000
vt 0.28010000 0.82300000
vt 0.27040000 0.84930000
vt 0.26810000 0.87540000
vt 0.27700000 0.87000000
vt 0.29430000 0.88330000
vt 0.26230000 0.83000000
vt 0.25670000 0.83750000
vt 0.25090000 0.81620000
vt 0.22840000 0.81940000
vt 0.24030000 0.81410000
vt 0.24200000 0.83310000
vt 0.22850000 0.84080000
vt 0.23460000 0.84180000
vt 0.24050000 0.85470000
vt 0.22170000 0.84290000
vt 0.26950000 0.81340000
vt 0.25790000 0.79880000
vt 0.27440000 0.78720000
vt 0.19210000 0.71880000
vt 0.18610000 0.72510000
vt 0.17740000 0.71660000
vt 0.16840000 0.71420000
vt 0.15920000 0.73730000
vt 0.15000000 0.73660000
vt 0.15000000 0.78150000
vt 0.13890000 0.77100000
vt 0.15090000 0.75570000
vt 0.13810000 0.78430000
vt 0.16500000 0.79630000
vt 0.18170000 0.80220000
vt 0.18790000 0.82500000
vt 0.14260000 0.81600000
vt 0.15250000 0.80400000
vt 0.17620000 0.83520000
vt 0.12530000 0.80530000
vt 0.13170000 0.79910000
vt 0.13770000 0.82130000
vt 0.18300000 0.82950000
vt 0.19560000 0.84130000
vt 0.17070000 0.84350000
vt 0.11730000 0.78430000
vt 0.10600000 0.74350000
vt 0.09230000 0.75280000
vt 0.09360000 0.73280000
vt 0.09610000 0.71900000
vt 0.08150000 0.73070000
vt 0.07530000 0.71600000
vt 0.07730000 0.74260000
vt 0.07850000 0.75860000
vt 0.06430000 0.71980000
vt 0.09730000 0.69500000
vt 0.09300000 0.77370000
vt 0.10300000 0.76700000
vt 0.04200000 0.77610000
vt 0.03800000 0.78840000
vt 0.03220000 0.77240000
vt 0.06840000 0.69980000
vt 0.05630000 0.69220000
vt 0.07520000 0.67750000
vt 0.25020000 0.77280000
vt 0.22680000 0.81170000
vt 0.21460000 0.79560000
vt 0.24100000 0.79920000
vt 0.21080000 0.75210000
vt 0.20920000 0.73720000
vt 0.22500000 0.75440000
vt 0.03830000 0.73130000
vt 0.02760000 0.72350000
vt 0.04870000 0.70450000
vt 0.14150000 0.53810000
vt 0.16150000 0.56510000
vt 0.13290000 0.57110000
vt 0.13810000 0.63510000
vt 0.14680000 0.63640000
vt 0.12550000 0.65860000
vt 0.17060000 0.56760000
vt 0.17470000 0.54680000
vt 0.11360000 0.54210000
vt 0.12650000 0.48180000
vt 0.10780000 0.58120000
vt 0.12020000 0.59220000
vt 0.09840000 0.61150000
vt 0.11330000 0.61660000
vt 0.12460000 0.61140000
vt 0.12440000 0.63350000
vt 0.08980000 0.61560000
vt 0.07160000 0.60420000
vt 0.08770000 0.58670000
vt 0.06510000 0.65790000
vt 0.08730000 0.65670000
vt 0.13690000 0.68970000
vt 0.13550000 0.66560000
vt 0.15400000 0.67680000
vt 0.17000000 0.65900000
vt 0.15670000 0.63930000
vt 0.18520000 0.63730000
vt 0.18810000 0.57790000
vt 0.20430000 0.58630000
vt 0.19700000 0.60940000
vt 0.16650000 0.60790000
vt 0.21420000 0.59030000
vt 0.21380000 0.57210000
vt 0.11730000 0.67350000
vt 0.10020000 0.63580000
vt 0.09830000 0.67240000
vt 0.11220000 0.64980000
vt 0.08280000 0.63500000
vt 0.21870000 0.61720000
vt 0.22380000 0.58930000
vt 0.24750000 0.62180000
vt 0.24500000 0.57610000
vt 0.28040000 0.59320000
vt 0.19000000 0.68100000
vt 0.20780000 0.65070000
vt 0.26920000 0.65770000
vt 0.26800000 0.54600000
vt 0.29080000 0.58850000
vt 0.25360000 0.52960000
vt 0.26870000 0.51360000
vt 0.21220000 0.53900000
vt 0.19640000 0.53890000
vt 0.20880000 0.51480000
vt 0.22580000 0.53390000
vt 0.22750000 0.50070000
vt 0.23560000 0.51610000
vt 0.18140000 0.52680000
vt 0.16800000 0.50740000
vt 0.19480000 0.49180000
vt 0.13920000 0.47050000
vt 0.13720000 0.41400000
vt 0.25670000 0.18930000
vt 0.27920000 0.19000000
vt 0.26940000 0.22030000
vt 0.28870000 0.22940000
vt 0.27700000 0.26280000
vt 0.12300000 0.41000000
vt 0.15180000 0.35240000
vt 0.23750000 0.49800000
vt 0.23240000 0.48310000
vt 0.21390000 0.48200000
vt 0.18830000 0.46700000
vt 0.23270000 0.47360000
vt 0.24280000 0.30060000
vt 0.26080000 0.27710000
vt 0.28890000 0.32550000
vt 0.25560000 0.49780000
vt 0.25860000 0.45900000
vt 0.26600000 0.46110000
vt 0.44980000 0.24740000
vt 0.45140000 0.22730000
vt 0.46730000 0.24790000
vt 0.34060000 0.22860000
vt 0.35170000 0.25210000
vt 0.31180000 0.23400000
vt 0.37510000 0.13500000
vt 0.37460000 0.11050000
vt 0.39480000 0.12430000
vt 0.30990000 0.27730000
vt 0.45770000 0.14000000
vt 0.46060000 0.18430000
vt 0.41550000 0.18200000
vt 0.10350000 0.44730000
vt 0.08930000 0.49260000
vt 0.47840000 0.18660000
vt 0.46810000 0.20300000
vt 0.47930000 0.10060000
vt 0.48060000 0.14390000
vt 0.46180000 0.06370000
vt 0.48800000 0.06090000
vt 0.47730000 0.04330000
vt 0.40300000 0.10190000
vt 0.41110000 0.09390000
vt 0.42260000 0.11400000
vt 0.35830000 0.11740000
vt 0.35320000 0.11210000
vt 0.34900000 0.13870000
vt 0.35890000 0.15240000
vt 0.37440000 0.15760000
vt 0.41230000 0.25840000
vt 0.42250000 0.77980000
vt 0.40760000 0.83120000
vt 0.46030000 0.87660000
vt 0.47050000 0.87020000
vt 0.46990000 0.89350000
vt 0.48480000 0.87730000
vt 0.49010000 0.83540000
vt 0.49190000 0.78420000
vt 0.35850000 0.65930000
vt 0.40130000 0.66140000
vt 0.34270000 0.31740000
vt 0.37620000 0.28930000
vt 0.31740000 0.34780000
vt 0.31280000 0.65720000
vt 0.32110000 0.64880000
vt 0.29970000 0.78020000
vt 0.37020000 0.82400000
vt 0.38100000 0.84300000
vt 0.35710000 0.87780000
vt 0.36290000 0.90440000
vt 0.32590000 0.87750000
vt 0.32350000 0.89700000
vt 0.30180000 0.86980000
vt 0.26000000 0.85430000
vt 0.24650000 0.84950000
vt 0.22120000 0.82980000
vt 0.21340000 0.82160000
vt 0.25050000 0.86840000
vt 0.20450000 0.83660000
vt 0.20350000 0.80180000
vt 0.19840000 0.75620000
vt 0.19910000 0.77640000
vt 0.17590000 0.77350000
vt 0.17610000 0.74270000
vt 0.21140000 0.77160000
vt 0.19490000 0.74140000
vt 0.16020000 0.76710000
vt 0.16050000 0.80020000
vt 0.14900000 0.78860000
vt 0.14150000 0.79260000
vt 0.13900000 0.80320000
vt 0.12220000 0.75850000
vt 0.12600000 0.75450000
vt 0.10930000 0.79290000
vt 0.11390000 0.72250000
vt 0.05490000 0.73790000
vt 0.14150000 0.71270000
vt 0.11530000 0.69380000
vt 0.08830000 0.77770000
vt 0.07260000 0.75970000
vt 0.07650000 0.74840000
vt 0.05580000 0.75870000
vt 0.05090000 0.77740000
vt 0.03930000 0.75840000
vt 0.04630000 0.73500000
vt 0.02670000 0.75620000
vt 0.05090000 0.78920000
vt 0.02120000 0.79480000
vt 0.05030000 0.80450000
vt 0.03830000 0.80990000
vt 0.05540000 0.79830000
vt 0.01540000 0.77300000
vt 0.01390000 0.75500000
vt 0.05820000 0.71210000
vt 0.29690000 0.62890000
vt 0.30490000 0.62180000
vt 0.16400000 0.69550000
vt 0.18270000 0.67150000
vt 0.17010000 0.70460000
vt 0.19900000 0.64570000
vt 0.21040000 0.61470000
vt 0.04520000 0.66890000
vt 0.04850000 0.62920000
vt 0.06210000 0.62770000
vt 0.06060000 0.58920000
vt 0.08440000 0.56170000
vt 0.11130000 0.55880000
vt 0.08770000 0.53980000
vt 0.15670000 0.60600000
vt 0.14320000 0.60100000
vt 0.15620000 0.51780000
vt 0.19240000 0.56370000
vt 0.24090000 0.56260000
vt 0.21810000 0.50620000
vt 0.16170000 0.46740000
vt 0.15930000 0.41290000
vt 0.18910000 0.42890000
vt 0.17780000 0.35690000
vt 0.20260000 0.38050000
vt 0.18120000 0.30080000
vt 0.20220000 0.31150000
vt 0.22520000 0.33660000
vt 0.22480000 0.27040000
vt 0.20620000 0.24620000
vt 0.22940000 0.21150000
vt 0.24830000 0.23630000
vt 0.29620000 0.20320000
vt 0.22290000 0.48720000
vt 0.23910000 0.44800000
vt 0.24950000 0.41010000
vt 0.26540000 0.36640000
vt 0.26820000 0.41760000
vt 0.27950000 0.42060000
vt 0.28120000 0.37690000
vt 0.29570000 0.38250000
vt 0.30610000 0.34030000
vt 0.33320000 0.30520000
vt 0.36790000 0.27490000
vt 0.40620000 0.24690000
vt 0.38920000 0.22430000
vt 0.48760000 0.20260000
vt 0.31590000 0.20710000
vt 0.34050000 0.20590000
vt 0.36820000 0.20450000
vt 0.36030000 0.18960000
vt 0.38700000 0.16680000
vt 0.39010000 0.09900000
vt 0.36680000 0.09410000
vt 0.45440000 0.10950000
vt 0.48730000 0.19230000
vt 0.44130000 0.07020000
vt 0.53270000 0.70400000
vt 0.52580000 0.67130000
vt 0.54400000 0.68680000
vt 0.51430000 0.69680000
vt 0.56680000 0.68860000
vt 0.59660000 0.72600000
vt 0.55980000 0.70640000
vt 0.55470000 0.79700000
vt 0.55170000 0.75110000
vt 0.57450000 0.79060000
vt 0.56290000 0.86420000
vt 0.56950000 0.84300000
vt 0.57010000 0.86120000
vt 0.54500000 0.84960000
vt 0.55270000 0.86180000
vt 0.51950000 0.85630000
vt 0.53220000 0.86070000
vt 0.51840000 0.86780000
vt 0.53830000 0.84160000
vt 0.53790000 0.78340000
vt 0.52040000 0.74120000
vt 0.53700000 0.74700000
vt 0.58430000 0.75600000
vt 0.60070000 0.77190000
vt 0.67870000 0.67720000
vt 0.66910000 0.70240000
vt 0.66830000 0.66560000
vt 0.71730000 0.69560000
vt 0.72580000 0.74100000
vt 0.69470000 0.72530000
vt 0.67290000 0.76480000
vt 0.69100000 0.72980000
vt 0.69750000 0.77920000
vt 0.69840000 0.85340000
vt 0.69320000 0.82080000
vt 0.71140000 0.83230000
vt 0.68610000 0.81090000
vt 0.66250000 0.82370000
vt 0.66730000 0.78800000
vt 0.66320000 0.83440000
vt 0.67710000 0.86260000
vt 0.65110000 0.86020000
vt 0.65320000 0.79220000
vt 0.63870000 0.81560000
vt 0.64410000 0.77700000
vt 0.62310000 0.78600000
vt 0.63020000 0.75590000
vt 0.62050000 0.74940000
vt 0.61000000 0.79310000
vt 0.59480000 0.78590000
vt 0.59960000 0.80450000
vt 0.60570000 0.81740000
vt 0.62040000 0.70290000
vt 0.65130000 0.75010000
vt 0.65130000 0.74080000
vt 0.64680000 0.69710000
vt 0.58660000 0.82510000
vt 0.58930000 0.81000000
vt 0.58170000 0.88050000
vt 0.61650000 0.86000000
vt 0.60650000 0.90120000
vt 0.58940000 0.79360000
vt 0.59890000 0.81590000
vt 0.71890000 0.86090000
vt 0.72490000 0.84890000
vt 0.72500000 0.82300000
vt 0.73470000 0.84930000
vt 0.73700000 0.87540000
vt 0.71080000 0.88330000
vt 0.72810000 0.87000000
vt 0.74280000 0.83000000
vt 0.75420000 0.81620000
vt 0.74840000 0.83750000
vt 0.77670000 0.81940000
vt 0.76310000 0.83310000
vt 0.76490000 0.81410000
vt 0.77660000 0.84080000
vt 0.76460000 0.85470000
vt 0.77050000 0.84180000
vt 0.78350000 0.84290000
vt 0.73560000 0.81340000
vt 0.73070000 0.78720000
vt 0.74730000 0.79880000
vt 0.81300000 0.71880000
vt 0.82770000 0.71660000
vt 0.81900000 0.72510000
vt 0.83680000 0.71420000
vt 0.84590000 0.73730000
vt 0.85510000 0.73660000
vt 0.85520000 0.78150000
vt 0.85430000 0.75570000
vt 0.86620000 0.77100000
vt 0.86700000 0.78430000
vt 0.84010000 0.79630000
vt 0.81730000 0.82500000
vt 0.82340000 0.80220000
vt 0.86250000 0.81600000
vt 0.82890000 0.83520000
vt 0.85260000 0.80400000
vt 0.87990000 0.80530000
vt 0.86740000 0.82130000
vt 0.87340000 0.79910000
vt 0.80950000 0.84130000
vt 0.82210000 0.82950000
vt 0.83440000 0.84350000
vt 0.88780000 0.78430000
vt 0.89910000 0.74350000
vt 0.91150000 0.73280000
vt 0.91280000 0.75280000
vt 0.90900000 0.71900000
vt 0.92360000 0.73070000
vt 0.92980000 0.71600000
vt 0.92780000 0.74260000
vt 0.92660000 0.75860000
vt 0.94080000 0.71980000
vt 0.90780000 0.69500000
vt 0.91220000 0.77370000
vt 0.90210000 0.76700000
vt 0.96310000 0.77610000
vt 0.97290000 0.77240000
vt 0.96710000 0.78840000
vt 0.93670000 0.69980000
vt 0.92990000 0.67750000
vt 0.94890000 0.69220000
vt 0.75490000 0.77280000
vt 0.77830000 0.81170000
vt 0.76410000 0.79920000
vt 0.79050000 0.79560000
vt 0.79430000 0.75210000
vt 0.78010000 0.75440000
vt 0.79600000 0.73720000
vt 0.96690000 0.73130000
vt 0.95640000 0.70450000
vt 0.97750000 0.72350000
vt 0.86360000 0.53810000
vt 0.87220000 0.57110000
vt 0.84360000 0.56510000
vt 0.86700000 0.63510000
vt 0.87960000 0.65860000
vt 0.85830000 0.63640000
vt 0.83450000 0.56760000
vt 0.83050000 0.54680000
vt 0.87870000 0.48180000
vt 0.89150000 0.54210000
vt 0.89730000 0.58120000
vt 0.90670000 0.61150000
vt 0.88490000 0.59220000
vt 0.89180000 0.61660000
vt 0.88070000 0.63350000
vt 0.88060000 0.61140000
vt 0.91530000 0.61560000
vt 0.91750000 0.58670000
vt 0.93350000 0.60420000
vt 0.91780000 0.65670000
vt 0.94000000 0.65790000
vt 0.86820000 0.68970000
vt 0.85120000 0.67680000
vt 0.86960000 0.66560000
vt 0.83510000 0.65900000
vt 0.81990000 0.63730000
vt 0.84840000 0.63930000
vt 0.81700000 0.57790000
vt 0.80810000 0.60940000
vt 0.80090000 0.58630000
vt 0.83860000 0.60790000
vt 0.79090000 0.59030000
vt 0.79130000 0.57210000
vt 0.88780000 0.67350000
vt 0.90490000 0.63580000
vt 0.89290000 0.64980000
vt 0.90680000 0.67240000
vt 0.92230000 0.63500000
vt 0.78640000 0.61720000
vt 0.75760000 0.62180000
vt 0.78130000 0.58930000
vt 0.76010000 0.57610000
vt 0.72470000 0.59320000
vt 0.81510000 0.68100000
vt 0.73590000 0.65770000
vt 0.79730000 0.65070000
vt 0.73710000 0.54600000
vt 0.71430000 0.58850000
vt 0.73640000 0.51360000
vt 0.75150000 0.52960000
vt 0.79290000 0.53900000
vt 0.79630000 0.51480000
vt 0.80870000 0.53890000
vt 0.77930000 0.53390000
vt 0.77760000 0.50070000
vt 0.76960000 0.51610000
vt 0.82380000 0.52680000
vt 0.81030000 0.49180000
vt 0.83710000 0.50740000
vt 0.86600000 0.47050000
vt 0.86790000 0.41400000
vt 0.74840000 0.18930000
vt 0.73570000 0.22030000
vt 0.72590000 0.19000000
vt 0.72810000 0.26280000
vt 0.71640000 0.22940000
vt 0.85330000 0.35240000
vt 0.88220000 0.41000000
vt 0.76760000 0.49800000
vt 0.77270000 0.48310000
vt 0.79120000 0.48200000
vt 0.81680000 0.46700000
vt 0.77240000 0.47360000
vt 0.76230000 0.30060000
vt 0.71620000 0.32550000
vt 0.74430000 0.27710000
vt 0.74950000 0.49780000
vt 0.74650000 0.45900000
vt 0.73910000 0.46110000
vt 0.55530000 0.24740000
vt 0.53790000 0.24790000
vt 0.55370000 0.22730000
vt 0.66450000 0.22860000
vt 0.69330000 0.23400000
vt 0.65350000 0.25210000
vt 0.63000000 0.13500000
vt 0.61030000 0.12430000
vt 0.63060000 0.11050000
vt 0.69520000 0.27730000
vt 0.54740000 0.14000000
vt 0.58970000 0.18200000
vt 0.54460000 0.18430000
vt 0.90160000 0.44730000
vt 0.91590000 0.49260000
vt 0.52670000 0.18660000
vt 0.53700000 0.20300000
vt 0.52580000 0.10060000
vt 0.52460000 0.14390000
vt 0.50260000 0.12440000
vt 0.54330000 0.06370000
vt 0.51710000 0.06090000
vt 0.52780000 0.04330000
vt 0.50260000 0.07530000
vt 0.50260000 0.04520000
vt 0.60220000 0.10190000
vt 0.58260000 0.11400000
vt 0.59400000 0.09390000
vt 0.64680000 0.11740000
vt 0.65200000 0.11210000
vt 0.65610000 0.13870000
vt 0.64620000 0.15240000
vt 0.63070000 0.15760000
vt 0.50260000 0.69390000
vt 0.50260000 0.66620000
vt 0.50260000 0.24670000
vt 0.59280000 0.25840000
vt 0.58270000 0.77980000
vt 0.59750000 0.83120000
vt 0.54490000 0.87660000
vt 0.53460000 0.87020000
vt 0.53520000 0.89350000
vt 0.52030000 0.87730000
vt 0.50260000 0.89950000
vt 0.50260000 0.87580000
vt 0.50260000 0.86120000
vt 0.51500000 0.83540000
vt 0.51330000 0.78420000
vt 0.50260000 0.84580000
vt 0.50260000 0.83160000
vt 0.50260000 0.78630000
vt 0.50260000 0.74240000
vt 0.64660000 0.65930000
vt 0.60380000 0.66140000
vt 0.66240000 0.31740000
vt 0.62890000 0.28930000
vt 0.68770000 0.34780000
vt 0.68400000 0.64880000
vt 0.69230000 0.65720000
vt 0.70540000 0.78020000
vt 0.63490000 0.82400000
vt 0.62410000 0.84300000
vt 0.64800000 0.87780000
vt 0.64220000 0.90440000
vt 0.67920000 0.87750000
vt 0.68160000 0.89700000
vt 0.70330000 0.86980000
vt 0.74510000 0.85430000
vt 0.75860000 0.84950000
vt 0.78390000 0.82980000
vt 0.79170000 0.82160000
vt 0.75460000 0.86840000
vt 0.80070000 0.83660000
vt 0.80160000 0.80180000
vt 0.82920000 0.77350000
vt 0.80600000 0.77640000
vt 0.80670000 0.75620000
vt 0.82910000 0.74270000
vt 0.79380000 0.77160000
vt 0.81030000 0.74140000
vt 0.84490000 0.76710000
vt 0.85610000 0.78860000
vt 0.84460000 0.80020000
vt 0.86370000 0.79260000
vt 0.86610000 0.80320000
vt 0.87910000 0.75450000
vt 0.88290000 0.75850000
vt 0.89580000 0.79290000
vt 0.89130000 0.72250000
vt 0.95020000 0.73790000
vt 0.86360000 0.71270000
vt 0.88990000 0.69380000
vt 0.91680000 0.77770000
vt 0.93250000 0.75970000
vt 0.92860000 0.74840000
vt 0.94930000 0.75870000
vt 0.96580000 0.75840000
vt 0.95420000 0.77740000
vt 0.95880000 0.73500000
vt 0.97850000 0.75620000
vt 0.95420000 0.78920000
vt 0.98390000 0.79480000
vt 0.96680000 0.80990000
vt 0.95480000 0.80450000
vt 0.94970000 0.79830000
vt 0.98970000 0.77300000
vt 0.99120000 0.75500000
vt 0.94690000 0.71210000
vt 0.70830000 0.62890000
vt 0.70020000 0.62180000
vt 0.84110000 0.69550000
vt 0.82250000 0.67150000
vt 0.83500000 0.70460000
vt 0.80620000 0.64570000
vt 0.79480000 0.61470000
vt 0.95990000 0.66890000
vt 0.94300000 0.62770000
vt 0.95660000 0.62920000
vt 0.94450000 0.58920000
vt 0.92070000 0.56170000
vt 0.91740000 0.53980000
vt 0.89380000 0.55880000
vt 0.86190000 0.60100000
vt 0.84850000 0.60600000
vt 0.84890000 0.51780000
vt 0.81270000 0.56370000
vt 0.76420000 0.56260000
vt 0.78700000 0.50620000
vt 0.84350000 0.46740000
vt 0.84590000 0.41290000
vt 0.81610000 0.42890000
vt 0.82730000 0.35690000
vt 0.80250000 0.38050000
vt 0.80290000 0.31150000
vt 0.82390000 0.30080000
vt 0.77990000 0.33660000
vt 0.78030000 0.27040000
vt 0.79890000 0.24620000
vt 0.75680000 0.23630000
vt 0.77570000 0.21150000
vt 0.70890000 0.20320000
vt 0.78220000 0.48720000
vt 0.76600000 0.44800000
vt 0.75560000 0.41010000
vt 0.73970000 0.36640000
vt 0.73690000 0.41760000
vt 0.72560000 0.42060000
vt 0.72400000 0.37690000
vt 0.70940000 0.38250000
vt 0.69900000 0.34030000
vt 0.67190000 0.30520000
vt 0.63720000 0.27490000
vt 0.59890000 0.24690000
vt 0.61590000 0.22430000
vt 0.51750000 0.20260000
vt 0.68930000 0.20710000
vt 0.66460000 0.20590000
vt 0.63690000 0.20450000
vt 0.64490000 0.18960000
vt 0.61810000 0.16680000
vt 0.61500000 0.09900000
vt 0.63830000 0.09410000
vt 0.55080000 0.10950000
vt 0.50260000 0.20170000
vt 0.50260000 0.18970000
vt 0.51780000 0.19230000
vt 0.50260000 0.17990000
vt 0.56380000 0.07020000
vt 0.50260000 0.03090000
vt 0.47250000 0.70400000
vt 0.46110000 0.68680000
vt 0.47930000 0.67130000
vt 0.49080000 0.69680000
vt 0.43830000 0.68860000
vt 0.44530000 0.70640000
vt 0.40850000 0.72600000
vt 0.45040000 0.79700000
vt 0.43060000 0.79060000
vt 0.45340000 0.75110000
vt 0.44220000 0.86420000
vt 0.43500000 0.86120000
vt 0.43560000 0.84300000
vt 0.46010000 0.84960000
vt 0.45250000 0.86180000
vt 0.48560000 0.85630000
vt 0.48670000 0.86780000
vt 0.47290000 0.86070000
vt 0.46720000 0.78340000
vt 0.46680000 0.84160000
vt 0.48470000 0.74120000
vt 0.46810000 0.74700000
vt 0.42090000 0.75600000
vt 0.40440000 0.77190000
vt 0.32650000 0.67720000
vt 0.33680000 0.66560000
vt 0.33600000 0.70240000
vt 0.28790000 0.69560000
vt 0.31040000 0.72530000
vt 0.27940000 0.74100000
vt 0.33220000 0.76480000
vt 0.30760000 0.77920000
vt 0.31410000 0.72980000
vt 0.30680000 0.85340000
vt 0.29370000 0.83230000
vt 0.31190000 0.82080000
vt 0.31900000 0.81090000
vt 0.33780000 0.78800000
vt 0.34260000 0.82370000
vt 0.34190000 0.83440000
vt 0.35400000 0.86020000
vt 0.32800000 0.86260000
vt 0.35190000 0.79220000
vt 0.36640000 0.81560000
vt 0.36100000 0.77700000
vt 0.37490000 0.75590000
vt 0.38200000 0.78600000
vt 0.39510000 0.79310000
vt 0.38460000 0.74940000
vt 0.41030000 0.78590000
vt 0.40550000 0.80450000
vt 0.39940000 0.81740000
vt 0.38470000 0.70290000
vt 0.35380000 0.75010000
vt 0.35380000 0.74080000
vt 0.35840000 0.69710000
vt 0.41850000 0.82510000
vt 0.41580000 0.81000000
vt 0.42350000 0.88050000
vt 0.39860000 0.90120000
vt 0.38860000 0.86000000
vt 0.41570000 0.79360000
vt 0.40620000 0.81590000
vt 0.28620000 0.86090000
vt 0.28020000 0.84890000
vt 0.28010000 0.82300000
vt 0.27040000 0.84930000
vt 0.26810000 0.87540000
vt 0.27700000 0.87000000
vt 0.29430000 0.88330000
vt 0.26230000 0.83000000
vt 0.25670000 0.83750000
vt 0.25090000 0.81620000
vt 0.22840000 0.81940000
vt 0.24030000 0.81410000
vt 0.24200000 0.83310000
vt 0.22850000 0.84080000
vt 0.23460000 0.84180000
vt 0.24050000 0.85470000
vt 0.22170000 0.84290000
vt 0.26950000 0.81340000
vt 0.25790000 0.79880000
vt 0.27440000 0.78720000
vt 0.19210000 0.71880000
vt 0.18610000 0.72510000
vt 0.17740000 0.71660000
vt 0.16840000 0.71420000
vt 0.15920000 0.73730000
vt 0.15000000 0.73660000
vt 0.15000000 0.78150000
vt 0.13890000 0.77100000
vt 0.15090000 0.75570000
vt 0.13810000 0.78430000
vt 0.16500000 0.79630000
vt 0.18170000 0.80220000
vt 0.18790000 0.82500000
vt 0.14260000 0.81600000
vt 0.15250000 0.80400000
vt 0.17620000 0.83520000
vt 0.12530000 0.80530000
vt 0.13170000 0.79910000
vt 0.13770000 0.82130000
vt 0.18300000 0.82950000
vt 0.19560000 0.84130000
vt 0.17070000 0.84350000
vt 0.11730000 0.78430000
vt 0.10600000 0.74350000
vt 0.09230000 0.75280000
vt 0.09360000 0.73280000
vt 0.09610000 0.71900000
vt 0.08150000 0.73070000
vt 0.07530000 0.71600000
vt 0.07730000 0.74260000
vt 0.07850000 0.75860000
vt 0.06430000 0.71980000
vt 0.09730000 0.69500000
vt 0.09300000 0.77370000
vt 0.10300000 0.76700000
vt 0.04200000 0.77610000
vt 0.03800000 0.78840000
vt 0.03220000 0.77240000
vt 0.06840000 0.69980000
vt 0.05630000 0.69220000
vt 0.07520000 0.67750000
vt 0.25020000 0.77280000
vt 0.22680000 0.81170000
vt 0.21460000 0.79560000
vt 0.24100000 0.79920000
vt 0.21080000 0.75210000
vt 0.20920000 0.73720000
vt 0.22500000 0.75440000
vt 0.03830000 0.73130000
vt 0.02760000 0.72350000
vt 0.04870000 0.70450000
vt 0.14150000 0.53810000
vt 0.16150000 0.56510000
vt 0.13290000 0.57110000
vt 0.13810000 0.63510000
vt 0.14680000 0.63640000
vt 0.12550000 0.65860000
vt 0.17060000 0.56760000
vt 0.17470000 0.54680000
vt 0.11360000 0.54210000
vt 0.12650000 0.48180000
vt 0.10780000 0.58120000
vt 0.12020000 0.59220000
vt 0.09840000 0.61150000
vt 0.11330000 0.61660000
vt 0.12460000 0.61140000
vt 0.12440000 0.63350000
vt 0.08980000 0.61560000
vt 0.07160000 0.60420000
vt 0.08770000 0.58670000
vt 0.06510000 0.65790000
vt 0.08730000 0.65670000
vt 0.13690000 0.68970000
vt 0.13550000 0.66560000
vt 0.15400000 0.67680000
vt 0.17000000 0.65900000
vt 0.15670000 0.63930000
vt 0.18520000 0.63730000
vt 0.18810000 0.57790000
vt 0.20430000 0.58630000
vt 0.19700000 0.60940000
vt 0.16650000 0.60790000
vt 0.21420000 0.59030000
vt 0.21380000 0.57210000
vt 0.11730000 0.67350000
vt 0.10020000 0.63580000
vt 0.09830000 0.67240000
vt 0.11220000 0.64980000
vt 0.08280000 0.63500000
vt 0.21870000 0.61720000
vt 0.22380000 0.58930000
vt 0.24750000 0.62180000
vt 0.24500000 0.57610000
vt 0.28040000 0.59320000
vt 0.19000000 0.68100000
vt 0.20780000 0.65070000
vt 0.26920000 0.65770000
vt 0.26800000 0.54600000
vt 0.29080000 0.58850000
vt 0.25360000 0.52960000
vt 0.26870000 0.51360000
vt 0.21220000 0.53900000
vt 0.19640000 0.53890000
vt 0.20880000 0.51480000
vt 0.22580000 0.53390000
vt 0.22750000 0.50070000
vt 0.23560000 0.51610000
vt 0.18140000 0.52680000
vt 0.16800000 0.50740000
vt 0.19480000 0.49180000
vt 0.13920000 0.47050000
vt 0.13720000 0.41400000
vt 0.25670000 0.18930000
vt 0.27920000 0.19000000
vt 0.26940000 0.22030000
vt 0.28870000 0.22940000
vt 0.27700000 0.26280000
vt 0.12300000 0.41000000
vt 0.15180000 0.35240000
vt 0.23750000 0.49800000
vt 0.23240000 0.48310000
vt 0.21390000 0.48200000
vt 0.18830000 0.46700000
vt 0.23270000 0.47360000
vt 0.24280000 0.30060000
vt 0.26080000 0.27710000
vt 0.28890000 0.32550000
vt 0.25560000 0.49780000
vt 0.25860000 0.45900000
vt 0.26600000 0.46110000
vt 0.44980000 0.24740000
vt 0.45140000 0.22730000
vt 0.46730000 0.24790000
vt 0.34060000 0.22860000
vt 0.35170000 0.25210000
vt 0.31180000 0.23400000
vt 0.37510000 0.13500000
vt 0.37460000 0.11050000
vt 0.39480000 0.12430000
vt 0.30990000 0.27730000
vt 0.45770000 0.14000000
vt 0.46060000 0.18430000
vt 0.41550000 0.18200000
vt 0.10350000 0.44730000
vt 0.08930000 0.49260000
vt 0.47840000 0.18660000
vt 0.46810000 0.20300000
vt 0.47930000 0.10060000
vt 0.48060000 0.14390000
vt 0.46180000 0.06370000
vt 0.48800000 0.06090000
vt 0.47730000 0.04330000
vt 0.40300000 0.10190000
vt 0.41110000 0.09390000
vt 0.42260000 0.11400000
vt 0.35830000 0.11740000
vt 0.35320000 0.11210000
vt 0.34900000 0.13870000
vt 0.35890000 0.15240000
vt 0.37440000 0.15760000
vt 0.41230000 0.25840000
vt 0.42250000 0.77980000
vt 0.40760000 0.83120000
vt 0.46030000 0.87660000
vt 0.47050000 0.87020000
vt 0.46990000 0.89350000
vt 0.48480000 0.87730000
vt 0.49010000 0.83540000
vt 0.49190000 0.78420000
vt 0.35850000 0.65930000
vt 0.40130000 0.66140000
vt 0.34270000 0.31740000
vt 0.37620000 0.28930000
vt 0.31740000 0.34780000
vt 0.31280000 0.65720000
vt 0.32110000 0.64880000
vt 0.29970000 0.78020000
vt 0.37020000 0.82400000
vt 0.38100000 0.84300000
vt 0.35710000 0.87780000
vt 0.36290000 0.90440000
vt 0.32590000 0.87750000
vt 0.32350000 0.89700000
vt 0.30180000 0.86980000
vt 0.26000000 0.85430000
vt 0.24650000 0.84950000
vt 0.22120000 0.82980000
vt 0.21340000 0.82160000
vt 0.25050000 0.86840000
vt 0.20450000 0.83660000
vt 0.20350000 0.80180000
vt 0.19840000 0.75620000
vt 0.19910000 0.77640000
vt 0.17590000 0.77350000
vt 0.17610000 0.74270000
vt 0.21140000 0.77160000
vt 0.19490000 0.74140000
vt 0.16020000 0.76710000
vt 0.16050000 0.80020000
vt 0.14900000 0.78860000
vt 0.14150000 0.79260000
vt 0.13900000 0.80320000
vt 0.12220000 0.75850000
vt 0.12600000 0.75450000
vt 0.10930000 0.79290000
vt 0.11390000 0.72250000
vt 0.05490000 0.73790000
vt 0.14150000 0.71270000
vt 0.11530000 0.69380000
vt 0.08830000 0.77770000
vt 0.07260000 0.75970000
vt 0.07650000 0.74840000
vt 0.05580000 0.75870000
vt 0.05090000 0.77740000
vt 0.03930000 0.75840000
vt 0.04630000 0.73500000
vt 0.02670000 0.75620000
vt 0.05090000 0.78920000
vt 0.02120000 0.79480000
vt 0.05030000 0.80450000
vt 0.03830000 0.80990000
vt 0.05540000 0.79830000
vt 0.01540000 0.77300000
vt 0.01390000 0.75500000
vt 0.05820000 0.71210000
vt 0.29690000 0.62890000
vt 0.30490000 0.62180000
vt 0.16400000 0.69550000
vt 0.18270000 0.67150000
vt 0.17010000 0.70460000
vt 0.19900000 0.64570000
vt 0.21040000 0.61470000
vt 0.04520000 0.66890000
vt 0.04850000 0.62920000
vt 0.06210000 0.62770000
vt 0.06060000 0.58920000
vt 0.08440000 0.56170000
vt 0.11130000 0.55880000
vt 0.08770000 0.53980000
vt 0.15670000 0.60600000
vt 0.14320000 0.60100000
vt 0.15620000 0.51780000
vt 0.19240000 0.56370000
vt 0.24090000 0.56260000
vt 0.21810000 0.50620000
vt 0.16170000 0.46740000
vt 0.15930000 0.41290000
vt 0.18910000 0.42890000
vt 0.17780000 0.35690000
vt 0.20260000 0.38050000
vt 0.18120000 0.30080000
vt 0.20220000 0.31150000
vt 0.22520000 0.33660000
vt 0.22480000 0.27040000
vt 0.20620000 0.24620000
vt 0.22940000 0.21150000
vt 0.24830000 0.23630000
vt 0.29620000 0.20320000
vt 0.22290000 0.48720000
vt 0.23910000 0.44800000
vt 0.24950000 0.41010000
vt 0.26540000 0.36640000
vt 0.26820000 0.41760000
vt 0.27950000 0.42060000
vt 0.28120000 0.37690000
vt 0.29570000 0.38250000
vt 0.30610000 0.34030000
vt 0.33320000 0.30520000
vt 0.36790000 0.27490000
vt 0.40620000 0.24690000
vt 0.38920000 0.22430000
vt 0.48760000 0.20260000
vt 0.31590000 0.20710000
vt 0.34050000 0.20590000
vt 0.36820000 0.20450000
vt 0.36030000 0.18960000
vt 0.38700000 0.16680000
vt 0.39010000 0.09900000
vt 0.36680000 0.09410000
vt 0.45440000 0.10950000
vt 0.48730000 0.19230000
vt 0.44130000 0.07020000
f 1/1/1 2/2/2 3/3/3
f 4/4/4 2/2/2 1/1/1
f 5/5/5 6/6/6 7/7/7
f 8/8/8 9/9/9 10/10/10
f 11/11/11 12/12/12 13/13/13
f 11/11/11 14/14/14 12/12/12
f 14/14/14 11/11/11 15/15/15
f 16/16/16 17/17/17 18/18/18
f 8/8/8 19/19/19 20/20/20
f 21/21/21 1/1/1 22/22/22
f 1/1/1 21/21/21 4/4/4
f 23/23/23 6/6/6 24/24/24
f 25/25/25 26/26/26 27/27/27
f 28/28/28 29/29/29 30/30/30
f 31/31/31 32/32/32 33/33/33
f 34/34/34 35/35/35 36/36/36
f 37/37/37 38/38/38 39/39/39
f 40/40/40 41/41/41 42/42/42
f 43/43/43 38/38/38 44/44/44
f 39/39/39 38/38/38 43/43/43
f 45/45/45 46/46/46 47/47/47
f 24/24/24 48/48/48 49/49/49
f 24/24/24 49/49/49 50/50/50
f 51/51/51 50/50/50 49/49/49
f 51/51/51 49/49/49 52/52/52
f 53/53/53 48/48/48 6/6/6
f 24/24/24 6/6/6 48/48/48
f 54/54/54 45/45/45 47/47/47
f 55/55/55 31/31/31 54/54/54
f 54/54/54 31/31/31 45/45/45
f 26/26/26 55/55/55 56/56/56
f 57/57/57 10/10/10 58/58/58
f 59/59/59 60/60/60 61/61/61
f 50/50/50 51/51/51 62/62/62
f 63/63/63 51/51/51 52/52/52
f 64/64/64 36/36/36 65/65/65
f 66/66/66 65/65/65 36/36/36
f 65/65/65 66/66/66 67/67/67
f 68/68/68 69/69/69 70/70/70
f 71/71/71 72/72/72 73/73/73
f 74/74/74 75/75/75 76/76/76
f 77/77/77 78/78/78 79/79/79
f 80/80/80 78/78/78 77/77/77
f 81/81/81 82/82/82 83/83/83
f 84/84/84 85/85/85 86/86/86
f 87/87/87 88/88/88 85/85/85
f 88/88/88 87/87/87 89/89/89
f 90/90/90 91/91/91 92/92/92
f 93/93/93 90/90/90 92/92/92
f 94/94/94 95/95/95 96/96/96
f 97/97/97 98/98/98 99/99/99
f 100/100/100 101/101/101 102/102/102
f 98/98/98 103/103/103 104/104/104
f 105/105/105 103/103/103 98/98/98
f 93/93/93 106/106/106 102/102/102
f 107/107/107 108/108/108 109/109/109
f 110/110/110 111/111/111 108/108/108
f 111/111/111 110/110/110 112/112/112
f 113/113/113 114/114/114 111/111/111
f 115/115/115 111/111/111 112/112/112
f 116/116/116 112/112/112 110/110/110
f 117/117/117 106/106/106 118/118/118
f 119/119/119 120/120/120 121/121/121
f 122/122/122 123/123/123 124/124/124
f 82/82/82 29/29/29 125/125/125
f 126/126/126 127/127/127 128/128/128
f 129/129/129 130/130/130 131/131/131
f 132/132/132 133/133/133 134/134/134
f 135/135/135 136/136/136 137/137/137
f 138/138/138 139/139/139 140/140/140
f 141/141/141 142/142/142 137/137/137
f 135/135/135 143/143/143 144/144/144
f 145/145/145 146/146/146 147/147/147
f 148/148/148 149/149/149 150/150/150
f 151/151/151 152/152/152 153/153/153
f 123/123/123 154/154/154 155/155/155
f 156/156/156 157/157/157 158/158/158
f 159/159/159 160/160/160 161/161/161
f 162/162/162 163/163/163 164/164/164
f 162/162/162 165/165/165 163/163/163
f 166/166/166 167/167/167 164/164/164
f 141/141/141 165/165/165 162/162/162
f 139/139/139 168/168/168 158/158/158
f 146/146/146 169/169/169 148/148/148
f 168/168/168 170/170/170 171/171/171
f 172/172/172 154/154/154 169/169/169
f 169/169/169 151/151/151 172/172/172
f 151/151/151 169/169/169 146/146/146
f 139/139/139 170/170/170 168/168/168
f 173/173/173 174/174/174 175/175/175
f 175/175/175 174/174/174 176/176/176
f 174/174/174 177/177/177 176/176/176
f 178/178/178 179/179/179 180/180/180
f 175/175/175 167/167/167 166/166/166
f 176/176/176 177/177/177 181/181/181
f 182/182/182 181/181/181 177/177/177
f 181/181/181 183/183/183 184/184/184
f 185/185/185 186/186/186 187/187/187
f 188/188/188 186/186/186 185/185/185
f 189/189/189 188/188/188 190/190/190
f 191/191/191 192/192/192 193/193/193
f 194/194/194 195/195/195 143/143/143
f 196/196/196 197/197/197 198/198/198
f 197/197/197 199/199/199 200/200/200
f 195/195/195 201/201/201 202/202/202
f 189/189/189 190/190/190 203/203/203
f 203/203/203 204/204/204 189/189/189
f 192/192/192 186/186/186 205/205/205
f 205/205/205 206/206/206 192/192/192
f 207/207/207 206/206/206 205/205/205
f 208/208/208 209/209/209 210/210/210
f 211/211/211 184/184/184 183/183/183
f 183/183/183 212/212/212 211/211/211
f 212/212/212 183/183/183 213/213/213
f 214/214/214 215/215/215 216/216/216
f 217/217/217 218/218/218 219/219/219
f 220/220/220 221/221/221 222/222/222
f 223/223/223 219/219/219 218/218/218
f 224/224/224 225/225/225 226/226/226
f 227/227/227 228/228/228 143/143/143
f 229/229/229 226/226/226 230/230/230
f 231/231/231 232/232/232 233/233/233
f 234/234/234 231/231/231 235/235/235
f 236/236/236 234/234/234 235/235/235
f 235/235/235 237/237/237 238/238/238
f 239/239/239 240/240/240 241/241/241
f 242/242/242 220/220/220 222/222/222
f 243/243/243 244/244/244 242/242/242
f 244/244/244 220/220/220 242/242/242
f 245/245/245 220/220/220 244/244/244
f 246/246/246 220/220/220 245/245/245
f 4/4/4 247/247/247 248/248/248
f 248/248/248 2/2/2 4/4/4
f 248/248/248 249/249/249 215/215/215
f 215/215/215 2/2/2 248/248/248
f 2/2/2 215/215/215 214/214/214
f 214/214/214 3/3/3 2/2/2
f 3/3/3 5/5/5 7/7/7
f 7/7/7 1/1/1 3/3/3
f 250/250/250 5/5/5 3/3/3
f 3/3/3 214/214/214 250/250/250
f 1/1/1 7/7/7 9/9/9
f 9/9/9 22/22/22 1/1/1
f 7/7/7 6/6/6 23/23/23
f 23/23/23 9/9/9 7/7/7
f 20/20/20 22/22/22 9/9/9
f 9/9/9 8/8/8 20/20/20
f 23/23/23 251/251/251 10/10/10
f 10/10/10 9/9/9 23/23/23
f 12/12/12 14/14/14 19/19/19
f 19/19/19 8/8/8 12/12/12
f 8/8/8 10/10/10 57/57/57
f 57/57/57 12/12/12 8/8/8
f 12/12/12 57/57/57 252/252/252
f 252/252/252 13/13/13 12/12/12
f 59/59/59 13/13/13 252/252/252
f 252/252/252 60/60/60 59/59/59
f 14/14/14 15/15/15 253/253/253
f 253/253/253 254/254/254 14/14/14
f 254/254/254 253/253/253 255/255/255
f 255/255/255 256/256/256 254/254/254
f 257/257/257 258/258/258 256/256/256
f 256/256/256 255/255/255 257/257/257
f 258/258/258 259/259/259 18/18/18
f 18/18/18 256/256/256 258/258/258
f 254/254/254 256/256/256 18/18/18
f 18/18/18 17/17/17 254/254/254
f 17/17/17 19/19/19 14/14/14
f 14/14/14 254/254/254 17/17/17
f 19/19/19 17/17/17 16/16/16
f 16/16/16 260/260/260 19/19/19
f 260/260/260 261/261/261 20/20/20
f 20/20/20 19/19/19 260/260/260
f 262/262/262 263/263/263 260/260/260
f 260/260/260 16/16/16 262/262/262
f 260/260/260 263/263/263 264/264/264
f 264/264/264 261/261/261 260/260/260
f 261/261/261 264/264/264 265/265/265
f 265/265/265 21/21/21 261/261/261
f 24/24/24 50/50/50 251/251/251
f 251/251/251 23/23/23 24/24/24
f 266/266/266 56/56/56 53/53/53
f 53/53/53 267/267/267 266/266/266
f 56/56/56 266/266/266 27/27/27
f 27/27/27 26/26/26 56/56/56
f 268/268/268 266/266/266 267/267/267
f 267/267/267 269/269/269 268/268/268
f 270/270/270 27/27/27 266/266/266
f 266/266/266 268/268/268 270/270/270
f 27/27/27 271/271/271 272/272/272
f 272/272/272 25/25/25 27/27/27
f 30/30/30 32/32/32 26/26/26
f 26/26/26 25/25/25 30/30/30
f 25/25/25 272/272/272 28/28/28
f 28/28/28 30/30/30 25/25/25
f 33/33/33 32/32/32 30/30/30
f 30/30/30 273/273/273 33/33/33
f 29/29/29 82/82/82 273/273/273
f 273/273/273 30/30/30 29/29/29
f 35/35/35 37/37/37 33/33/33
f 33/33/33 273/273/273 35/35/35
f 37/37/37 39/39/39 31/31/31
f 31/31/31 33/33/33 37/37/37
f 66/66/66 36/36/36 35/35/35
f 35/35/35 273/273/273 66/66/66
f 82/82/82 81/81/81 66/66/66
f 66/66/66 273/273/273 82/82/82
f 40/40/40 38/38/38 37/37/37
f 37/37/37 35/35/35 40/40/40
f 40/40/40 35/35/35 34/34/34
f 34/34/34 41/41/41 40/40/40
f 38/38/38 40/40/40 274/274/274
f 274/274/274 44/44/44 38/38/38
f 42/42/42 275/275/275 274/274/274
f 274/274/274 40/40/40 42/42/42
f 46/46/46 44/44/44 274/274/274
f 274/274/274 49/49/49 46/46/46
f 46/46/46 45/45/45 43/43/43
f 43/43/43 44/44/44 46/46/46
f 274/274/274 275/275/275 52/52/52
f 52/52/52 49/49/49 274/274/274
f 48/48/48 47/47/47 46/46/46
f 46/46/46 49/49/49 48/48/48
f 55/55/55 54/54/54 47/47/47
f 47/47/47 48/48/48 55/55/55
f 267/267/267 53/53/53 6/6/6
f 6/6/6 5/5/5 267/267/267
f 251/251/251 50/50/50 62/62/62
f 62/62/62 10/10/10 251/251/251
f 62/62/62 51/51/51 58/58/58
f 58/58/58 10/10/10 62/62/62
f 58/58/58 51/51/51 63/63/63
f 63/63/63 57/57/57 58/58/58
f 60/60/60 252/252/252 52/52/52
f 52/52/52 275/275/275 60/60/60
f 60/60/60 275/275/275 42/42/42
f 42/42/42 276/276/276 60/60/60
f 60/60/60 276/276/276 277/277/277
f 277/277/277 61/61/61 60/60/60
f 278/278/278 276/276/276 42/42/42
f 42/42/42 41/41/41 278/278/278
f 276/276/276 278/278/278 279/279/279
f 279/279/279 277/277/277 276/276/276
f 280/280/280 278/278/278 41/41/41
f 41/41/41 34/34/34 280/280/280
f 278/278/278 280/280/280 69/69/69
f 69/69/69 279/279/279 278/278/278
f 64/64/64 280/280/280 34/34/34
f 34/34/34 36/36/36 64/64/64
f 280/280/280 64/64/64 70/70/70
f 70/70/70 69/69/69 280/280/280
f 70/70/70 64/64/64 65/65/65
f 65/65/65 67/67/67 70/70/70
f 281/281/281 68/68/68 70/70/70
f 70/70/70 67/67/67 281/281/281
f 66/66/66 81/81/81 71/71/71
f 71/71/71 67/67/67 66/66/66
f 71/71/71 73/73/73 281/281/281
f 281/281/281 67/67/67 71/71/71
f 81/81/81 83/83/83 72/72/72
f 72/72/72 71/71/71 81/81/81
f 72/72/72 76/76/76 75/75/75
f 75/75/75 73/73/73 72/72/72
f 127/127/127 76/76/76 72/72/72
f 72/72/72 83/83/83 127/127/127
f 126/126/126 74/74/74 76/76/76
f 76/76/76 127/127/127 126/126/126
f 79/79/79 282/282/282 75/75/75
f 75/75/75 74/74/74 79/79/79
f 283/283/283 77/77/77 79/79/79
f 79/79/79 74/74/74 283/283/283
f 74/74/74 126/126/126 284/284/284
f 284/284/284 283/283/283 74/74/74
f 282/282/282 281/281/281 73/73/73
f 73/73/73 75/75/75 282/282/282
f 282/282/282 79/79/79 78/78/78
f 78/78/78 285/285/285 282/282/282
f 281/281/281 282/282/282 285/285/285
f 285/285/285 68/68/68 281/281/281
f 125/125/125 127/127/127 83/83/83
f 83/83/83 82/82/82 125/125/125
f 95/95/95 286/286/286 283/283/283
f 283/283/283 284/284/284 95/95/95
f 80/80/80 77/77/77 283/283/283
f 283/283/283 286/286/286 80/80/80
f 287/287/287 96/96/96 95/95/95
f 95/95/95 284/284/284 287/287/287
f 128/128/128 287/287/287 284/284/284
f 284/284/284 126/126/126 128/128/128
f 288/288/288 289/289/289 290/290/290
f 290/290/290 291/291/291 288/288/288
f 292/292/292 129/129/129 290/290/290
f 290/290/290 289/289/289 292/292/292
f 293/293/293 86/86/86 291/291/291
f 291/291/291 290/290/290 293/293/293
f 290/290/290 129/129/129 131/131/131
f 131/131/131 293/293/293 290/290/290
f 84/84/84 86/86/86 293/293/293
f 293/293/293 131/131/131 84/84/84
f 88/88/88 291/291/291 86/86/86
f 86/86/86 85/85/85 88/88/88
f 96/96/96 287/287/287 289/289/289
f 289/289/289 288/288/288 96/96/96
f 128/128/128 292/292/292 289/289/289
f 289/289/289 287/287/287 128/128/128
f 291/291/291 88/88/88 294/294/294
f 294/294/294 288/288/288 291/291/291
f 88/88/88 89/89/89 91/91/91
f 91/91/91 294/294/294 88/88/88
f 94/94/94 96/96/96 288/288/288
f 288/288/288 294/294/294 94/94/94
f 294/294/294 91/91/91 90/90/90
f 90/90/90 94/94/94 294/294/294
f 295/295/295 296/296/296 94/94/94
f 94/94/94 90/90/90 295/295/295
f 90/90/90 93/93/93 297/297/297
f 297/297/297 295/295/295 90/90/90
f 296/296/296 104/104/104 95/95/95
f 95/95/95 94/94/94 296/296/296
f 286/286/286 95/95/95 104/104/104
f 104/104/104 103/103/103 286/286/286
f 99/99/99 98/98/98 104/104/104
f 104/104/104 296/296/296 99/99/99
f 296/296/296 295/295/295 297/297/297
f 297/297/297 99/99/99 296/296/296
f 99/99/99 297/297/297 298/298/298
f 298/298/298 97/97/97 99/99/99
f 97/97/97 101/101/101 105/105/105
f 105/105/105 98/98/98 97/97/97
f 102/102/102 101/101/101 97/97/97
f 97/97/97 298/298/298 102/102/102
f 92/92/92 299/299/299 300/300/300
f 300/300/300 93/93/93 92/92/92
f 301/301/301 100/100/100 102/102/102
f 102/102/102 106/106/106 301/301/301
f 300/300/300 107/107/107 109/109/109
f 109/109/109 118/118/118 300/300/300
f 302/302/302 110/110/110 108/108/108
f 108/108/108 107/107/107 302/302/302
f 114/114/114 109/109/109 108/108/108
f 108/108/108 111/111/111 114/114/114
f 303/303/303 113/113/113 111/111/111
f 111/111/111 115/115/115 303/303/303
f 89/89/89 304/304/304 302/302/302
f 302/302/302 299/299/299 89/89/89
f 305/305/305 116/116/116 110/110/110
f 110/110/110 302/302/302 305/305/305
f 304/304/304 156/156/156 305/305/305
f 305/305/305 302/302/302 304/304/304
f 114/114/114 117/117/117 118/118/118
f 118/118/118 109/109/109 114/114/114
f 117/117/117 306/306/306 301/301/301
f 301/301/301 106/106/106 117/117/117
f 306/306/306 117/117/117 114/114/114
f 114/114/114 307/307/307 306/306/306
f 113/113/113 308/308/308 307/307/307
f 307/307/307 114/114/114 113/113/113
f 309/309/309 308/308/308 113/113/113
f 113/113/113 303/303/303 309/309/309
f 310/310/310 119/119/119 311/311/311
f 311/311/311 309/309/309 310/310/310
f 310/310/310 309/309/309 303/303/303
f 303/303/303 312/312/312 310/310/310
f 120/120/120 119/119/119 310/310/310
f 310/310/310 313/313/313 120/120/120
f 313/313/313 310/310/310 312/312/312
f 312/312/312 132/132/132 313/313/313
f 121/121/121 314/314/314 311/311/311
f 311/311/311 119/119/119 121/121/121
f 315/315/315 316/316/316 317/317/317
f 317/317/317 121/121/121 315/315/315
f 317/317/317 318/318/318 314/314/314
f 314/314/314 121/121/121 317/317/317
f 319/319/319 315/315/315 121/121/121
f 121/121/121 120/120/120 319/319/319
f 313/313/313 320/320/320 319/319/319
f 319/319/319 120/120/120 313/313/313
f 312/312/312 303/303/303 115/115/115
f 115/115/115 321/321/321 312/312/312
f 132/132/132 312/312/312 321/321/321
f 321/321/321 133/133/133 132/132/132
f 122/122/122 321/321/321 115/115/115
f 115/115/115 112/112/112 122/122/122
f 122/122/122 124/124/124 133/133/133
f 133/133/133 321/321/321 122/122/122
f 116/116/116 123/123/123 122/122/122
f 122/122/122 112/112/112 116/116/116
f 130/130/130 125/125/125 29/29/29
f 29/29/29 28/28/28 130/130/130
f 272/272/272 322/322/322 179/179/179
f 179/179/179 28/28/28 272/272/272
f 131/131/131 130/130/130 28/28/28
f 28/28/28 179/179/179 131/131/131
f 271/271/271 323/323/323 322/322/322
f 322/322/322 272/272/272 271/271/271
f 128/128/128 127/127/127 125/125/125
f 125/125/125 130/130/130 128/128/128
f 324/324/324 157/157/157 156/156/156
f 156/156/156 304/304/304 324/324/324
f 325/325/325 159/159/159 157/157/157
f 157/157/157 324/324/324 325/325/325
f 178/178/178 325/325/325 324/324/324
f 324/324/324 326/326/326 178/178/178
f 327/327/327 160/160/160 159/159/159
f 159/159/159 325/325/325 327/327/327
f 180/180/180 327/327/327 325/325/325
f 325/325/325 178/178/178 180/180/180
f 328/328/328 163/163/163 160/160/160
f 160/160/160 327/327/327 328/328/328
f 173/173/173 328/328/328 327/327/327
f 327/327/327 180/180/180 173/173/173
f 163/163/163 328/328/328 166/166/166
f 166/166/166 164/164/164 163/163/163
f 175/175/175 166/166/166 328/328/328
f 328/328/328 173/173/173 175/175/175
f 320/320/320 313/313/313 132/132/132
f 132/132/132 134/134/134 320/320/320
f 123/123/123 155/155/155 329/329/329
f 329/329/329 124/124/124 123/123/123
f 155/155/155 330/330/330 331/331/331
f 331/331/331 329/329/329 155/155/155
f 330/330/330 153/153/153 332/332/332
f 332/332/332 331/331/331 330/330/330
f 332/332/332 153/153/153 152/152/152
f 152/152/152 333/333/333 332/332/332
f 334/334/334 333/333/333 335/335/335
f 335/335/335 144/144/144 334/334/334
f 152/152/152 145/145/145 335/335/335
f 335/335/335 333/333/333 152/152/152
f 135/135/135 144/144/144 335/335/335
f 335/335/335 136/136/136 135/135/135
f 136/136/136 335/335/335 145/145/145
f 145/145/145 147/147/147 136/136/136
f 136/136/136 336/336/336 337/337/337
f 337/337/337 137/137/137 136/136/136
f 147/147/147 150/150/150 336/336/336
f 336/336/336 136/136/136 147/147/147
f 337/337/337 336/336/336 138/138/138
f 138/138/138 140/140/140 337/337/337
f 150/150/150 149/149/149 138/138/138
f 138/138/138 336/336/336 150/150/150
f 138/138/138 149/149/149 170/170/170
f 170/170/170 139/139/139 138/138/138
f 337/337/337 165/165/165 141/141/141
f 141/141/141 137/137/137 337/337/337
f 135/135/135 137/137/137 142/142/142
f 142/142/142 338/338/338 135/135/135
f 140/140/140 161/161/161 165/165/165
f 165/165/165 337/337/337 140/140/140
f 140/140/140 139/139/139 158/158/158
f 158/158/158 161/161/161 140/140/140
f 228/228/228 334/334/334 144/144/144
f 144/144/144 143/143/143 228/228/228
f 338/338/338 194/194/194 143/143/143
f 143/143/143 135/135/135 338/338/338
f 169/169/169 170/170/170 149/149/149
f 149/149/149 148/148/148 169/169/169
f 330/330/330 172/172/172 151/151/151
f 151/151/151 153/153/153 330/330/330
f 171/171/171 154/154/154 123/123/123
f 123/123/123 116/116/116 171/171/171
f 116/116/116 305/305/305 168/168/168
f 168/168/168 171/171/171 116/116/116
f 167/167/167 339/339/339 162/162/162
f 162/162/162 164/164/164 167/167/167
f 174/174/174 179/179/179 322/322/322
f 322/322/322 177/177/177 174/174/174
f 174/174/174 173/173/173 180/180/180
f 180/180/180 179/179/179 174/174/174
f 178/178/178 84/84/84 131/131/131
f 131/131/131 179/179/179 178/178/178
f 167/167/167 175/175/175 176/176/176
f 176/176/176 340/340/340 167/167/167
f 322/322/322 323/323/323 182/182/182
f 182/182/182 177/177/177 322/322/322
f 181/181/181 184/184/184 340/340/340
f 340/340/340 176/176/176 181/181/181
f 183/183/183 181/181/181 182/182/182
f 182/182/182 213/213/213 183/183/183
f 340/340/340 188/188/188 185/185/185
f 185/185/185 167/167/167 340/340/340
f 185/185/185 187/187/187 339/339/339
f 339/339/339 167/167/167 185/185/185
f 184/184/184 190/190/190 188/188/188
f 188/188/188 340/340/340 184/184/184
f 189/189/189 341/341/341 186/186/186
f 186/186/186 188/188/188 189/189/189
f 191/191/191 193/193/193 338/338/338
f 338/338/338 142/142/142 191/191/191
f 191/191/191 187/187/187 186/186/186
f 186/186/186 192/192/192 191/191/191
f 193/193/193 342/342/342 194/194/194
f 194/194/194 338/338/338 193/193/193
f 192/192/192 206/206/206 342/342/342
f 342/342/342 193/193/193 192/192/192
f 342/342/342 343/343/343 195/195/195
f 195/195/195 194/194/194 342/342/342
f 342/342/342 206/206/206 344/344/344
f 344/344/344 343/343/343 342/342/342
f 195/195/195 343/343/343 345/345/345
f 345/345/345 201/201/201 195/195/195
f 343/343/343 344/344/344 346/346/346
f 346/346/346 345/345/345 343/343/343
f 345/345/345 347/347/347 348/348/348
f 348/348/348 201/201/201 345/345/345
f 349/349/349 347/347/347 345/345/345
f 345/345/345 346/346/346 349/349/349
f 348/348/348 347/347/347 350/350/350
f 350/350/350 351/351/351 348/348/348
f 347/347/347 349/349/349 208/208/208
f 208/208/208 350/350/350 347/347/347
f 352/352/352 353/353/353 351/351/351
f 351/351/351 350/350/350 352/352/352
f 350/350/350 208/208/208 210/210/210
f 210/210/210 352/352/352 350/350/350
f 353/353/353 352/352/352 197/197/197
f 197/197/197 196/196/196 353/353/353
f 352/352/352 210/210/210 199/199/199
f 199/199/199 197/197/197 352/352/352
f 197/197/197 200/200/200 354/354/354
f 354/354/354 198/198/198 197/197/197
f 195/195/195 202/202/202 227/227/227
f 227/227/227 143/143/143 195/195/195
f 211/211/211 203/203/203 190/190/190
f 190/190/190 184/184/184 211/211/211
f 207/207/207 204/204/204 203/203/203
f 203/203/203 211/211/211 207/207/207
f 189/189/189 204/204/204 355/355/355
f 355/355/355 341/341/341 189/189/189
f 355/355/355 204/204/204 207/207/207
f 207/207/207 205/205/205 355/355/355
f 206/206/206 207/207/207 356/356/356
f 356/356/356 344/344/344 206/206/206
f 344/344/344 356/356/356 357/357/357
f 357/357/357 346/346/346 344/344/344
f 346/346/346 357/357/357 358/358/358
f 358/358/358 349/349/349 346/346/346
f 209/209/209 208/208/208 349/349/349
f 349/349/349 358/358/358 209/209/209
f 223/223/223 199/199/199 210/210/210
f 210/210/210 209/209/209 223/223/223
f 223/223/223 218/218/218 200/200/200
f 200/200/200 199/199/199 223/223/223
f 212/212/212 356/356/356 207/207/207
f 207/207/207 211/211/211 212/212/212
f 359/359/359 357/357/357 356/356/356
f 356/356/356 212/212/212 359/359/359
f 359/359/359 212/212/212 213/213/213
f 213/213/213 360/360/360 359/359/359
f 357/357/357 359/359/359 361/361/361
f 361/361/361 358/358/358 357/357/357
f 361/361/361 359/359/359 360/360/360
f 360/360/360 362/362/362 361/361/361
f 358/358/358 361/361/361 363/363/363
f 363/363/363 209/209/209 358/358/358
f 362/362/362 270/270/270 363/363/363
f 363/363/363 361/361/361 362/362/362
f 209/209/209 363/363/363 364/364/364
f 364/364/364 223/223/223 209/209/209
f 270/270/270 268/268/268 364/364/364
f 364/364/364 363/363/363 270/270/270
f 364/364/364 365/365/365 219/219/219
f 219/219/219 223/223/223 364/364/364
f 268/268/268 269/269/269 365/365/365
f 365/365/365 364/364/364 268/268/268
f 366/366/366 367/367/367 219/219/219
f 219/219/219 365/365/365 366/366/366
f 365/365/365 269/269/269 250/250/250
f 250/250/250 366/366/366 365/365/365
f 225/225/225 367/367/367 366/366/366
f 366/366/366 216/216/216 225/225/225
f 366/366/366 250/250/250 214/214/214
f 214/214/214 216/216/216 366/366/366
f 216/216/216 230/230/230 226/226/226
f 226/226/226 225/225/225 216/216/216
f 230/230/230 216/216/216 215/215/215
f 215/215/215 368/368/368 230/230/230
f 218/218/218 369/369/369 354/354/354
f 354/354/354 200/200/200 218/218/218
f 217/217/217 370/370/370 369/369/369
f 369/369/369 218/218/218 217/217/217
f 371/371/371 217/217/217 219/219/219
f 219/219/219 367/367/367 371/371/371
f 371/371/371 372/372/372 370/370/370
f 370/370/370 217/217/217 371/371/371
f 373/373/373 371/371/371 367/367/367
f 367/367/367 225/225/225 373/373/373
f 373/373/373 246/246/246 372/372/372
f 372/372/372 371/371/371 373/373/373
f 221/221/221 373/373/373 225/225/225
f 225/225/225 240/240/240 221/221/221
f 220/220/220 246/246/246 373/373/373
f 373/373/373 221/221/221 220/220/220
f 240/240/240 239/239/239 374/374/374
f 374/374/374 221/221/221 240/240/240
f 374/374/374 375/375/375 222/222/222
f 222/222/222 221/221/221 374/374/374
f 224/224/224 376/376/376 240/240/240
f 240/240/240 225/225/225 224/224/224
f 249/249/249 377/377/377 368/368/368
f 368/368/368 215/215/215 249/249/249
f 377/377/377 378/378/378 379/379/379
f 379/379/379 368/368/368 377/377/377
f 230/230/230 368/368/368 379/379/379
f 379/379/379 229/229/229 230/230/230
f 226/226/226 229/229/229 232/232/232
f 232/232/232 224/224/224 226/226/226
f 379/379/379 378/378/378 380/380/380
f 380/380/380 229/229/229 379/379/379
f 232/232/232 231/231/231 376/376/376
f 376/376/376 224/224/224 232/232/232
f 231/231/231 234/234/234 381/381/381
f 381/381/381 376/376/376 231/231/231
f 381/381/381 241/241/241 240/240/240
f 240/240/240 376/376/376 381/381/381
f 375/375/375 243/243/243 242/242/242
f 242/242/242 222/222/222 375/375/375
f 27/27/27 270/270/270 362/362/362
f 362/362/362 271/271/271 27/27/27
f 271/271/271 362/362/362 360/360/360
f 360/360/360 323/323/323 271/271/271
f 326/326/326 87/87/87 84/84/84
f 84/84/84 178/178/178 326/326/326
f 85/85/85 84/84/84 87/87/87
f 21/21/21 22/22/22 20/20/20
f 20/20/20 261/261/261 21/21/21
f 53/53/53 56/56/56 55/55/55
f 55/55/55 48/48/48 53/53/53
f 32/32/32 31/31/31 55/55/55
f 55/55/55 26/26/26 32/32/32
f 39/39/39 43/43/43 45/45/45
f 45/45/45 31/31/31 39/39/39
f 63/63/63 52/52/52 252/252/252
f 252/252/252 57/57/57 63/63/63
f 102/102/102 298/298/298 297/297/297
f 297/297/297 93/93/93 102/102/102
f 299/299/299 92/92/92 91/91/91
f 91/91/91 89/89/89 299/299/299
f 130/130/130 129/129/129 292/292/292
f 292/292/292 128/128/128 130/130/130
f 152/152/152 151/151/151 146/146/146
f 146/146/146 145/145/145 152/152/152
f 146/146/146 148/148/148 150/150/150
f 150/150/150 147/147/147 146/146/146
f 155/155/155 154/154/154 172/172/172
f 172/172/172 330/330/330 155/155/155
f 156/156/156 158/158/158 168/168/168
f 168/168/168 305/305/305 156/156/156
f 158/158/158 157/157/157 159/159/159
f 159/159/159 161/161/161 158/158/158
f 165/165/165 161/161/161 160/160/160
f 160/160/160 163/163/163 165/165/165
f 170/170/170 169/169/169 154/154/154
f 154/154/154 171/171/171 170/170/170
f 341/341/341 355/355/355 205/205/205
f 205/205/205 186/186/186 341/341/341
f 250/250/250 269/269/269 267/267/267
f 267/267/267 5/5/5 250/250/250
f 323/323/323 360/360/360 213/213/213
f 213/213/213 182/182/182 323/323/323
f 304/304/304 89/89/89 87/87/87
f 87/87/87 324/324/324 304/304/304
f 326/326/326 324/324/324 87/87/87
f 107/107/107 300/300/300 299/299/299
f 299/299/299 302/302/302 107/107/107
f 106/106/106 300/300/300 118/118/118
f 142/142/142 339/339/339 187/187/187
f 187/187/187 191/191/191 142/142/142
f 141/141/141 162/162/162 339/339/339
f 339/339/339 142/142/142 141/141/141
f 16/16/16 18/18/18 259/259/259
f 259/259/259 262/262/262 16/16/16
f 247/247/247 4/4/4 21/21/21
f 21/21/21 265/265/265 247/247/247
f 232/232/232 229/229/229 380/380/380
f 380/380/380 233/233/233 232/232/232
f 237/237/237 235/235/235 231/231/231
f 231/231/231 233/233/233 237/237/237
f 236/236/236 235/235/235 238/238/238
f 238/238/238 382/382/382 236/236/236
f 383/383/383 384/384/384 385/385/385
f 386/386/386 383/383/383 385/385/385
f 387/387/387 388/388/388 389/389/389
f 390/390/390 391/391/391 392/392/392
f 393/393/393 394/394/394 395/395/395
f 393/393/393 395/395/395 396/396/396
f 396/396/396 397/397/397 393/393/393
f 398/398/398 399/399/399 400/400/400
f 390/390/390 401/401/401 402/402/402
f 403/403/403 404/404/404 383/383/383
f 383/383/383 386/386/386 403/403/403
f 405/405/405 406/406/406 389/389/389
f 407/407/407 408/408/408 409/409/409
f 410/410/410 411/411/411 412/412/412
f 413/413/413 414/414/414 415/415/415
f 416/416/416 417/417/417 418/418/418
f 419/419/419 420/420/420 421/421/421
f 422/422/422 423/423/423 424/424/424
f 425/425/425 426/426/426 421/421/421
f 420/420/420 425/425/425 421/421/421
f 427/427/427 428/428/428 429/429/429
f 406/406/406 430/430/430 431/431/431
f 406/406/406 432/432/432 430/430/430
f 433/433/433 430/430/430 432/432/432
f 433/433/433 434/434/434 430/430/430
f 435/435/435 389/389/389 431/431/431
f 406/406/406 431/431/431 389/389/389
f 436/436/436 428/428/428 427/427/427
f 437/437/437 436/436/436 413/413/413
f 436/436/436 427/427/427 413/413/413
f 409/409/409 438/438/438 437/437/437
f 439/439/439 440/440/440 391/391/391
f 441/441/441 442/442/442 443/443/443
f 432/432/432 444/444/444 433/433/433
f 445/445/445 434/434/434 433/433/433
f 446/446/446 447/447/447 417/417/417
f 448/448/448 417/417/417 447/447/447
f 447/447/447 449/449/449 448/448/448
f 450/450/450 451/451/451 452/452/452
f 453/453/453 454/454/454 455/455/455
f 456/456/456 457/457/457 458/458/458
f 459/459/459 460/460/460 461/461/461
f 462/462/462 459/459/459 461/461/461
f 463/463/463 464/464/464 465/465/465
f 466/466/466 467/467/467 468/468/468
f 469/469/469 468/468/468 470/470/470
f 470/470/470 471/471/471 469/469/469
f 472/472/472 473/473/473 474/474/474
f 475/475/475 473/473/473 472/472/472
f 476/476/476 477/477/477 478/478/478
f 479/479/479 480/480/480 481/481/481
f 482/482/482 483/483/483 484/484/484
f 481/481/481 485/485/485 486/486/486
f 487/487/487 481/481/481 486/486/486
f 475/475/475 483/483/483 488/488/488
f 489/489/489 490/490/490 491/491/491
f 492/492/492 491/491/491 493/493/493
f 493/493/493 494/494/494 492/492/492
f 495/495/495 493/493/493 496/496/496
f 497/497/497 494/494/494 493/493/493
f 498/498/498 492/492/492 494/494/494
f 499/499/499 500/500/500 488/488/488
f 501/501/501 502/502/502 503/503/503
f 504/504/504 505/505/505 506/506/506
f 465/465/465 507/507/507 412/412/412
f 508/508/508 509/509/509 510/510/510
f 511/511/511 512/512/512 513/513/513
f 514/514/514 515/515/515 516/516/516
f 517/517/517 518/518/518 519/519/519
f 520/520/520 521/521/521 522/522/522
f 523/523/523 518/518/518 524/524/524
f 517/517/517 525/525/525 526/526/526
f 527/527/527 528/528/528 529/529/529
f 530/530/530 531/531/531 532/532/532
f 533/533/533 534/534/534 535/535/535
f 506/506/506 536/536/536 537/537/537
f 538/538/538 539/539/539 540/540/540
f 541/541/541 542/542/542 543/543/543
f 544/544/544 545/545/545 546/546/546
f 544/544/544 546/546/546 547/547/547
f 548/548/548 545/545/545 549/549/549
f 523/523/523 544/544/544 547/547/547
f 522/522/522 539/539/539 550/550/550
f 529/529/529 530/530/530 551/551/551
f 550/550/550 552/552/552 553/553/553
f 554/554/554 551/551/551 537/537/537
f 551/551/551 554/554/554 533/533/533
f 533/533/533 529/529/529 551/551/551
f 522/522/522 550/550/550 553/553/553
f 555/555/555 556/556/556 557/557/557
f 556/556/556 558/558/558 557/557/557
f 557/557/557 558/558/558 559/559/559
f 560/560/560 561/561/561 562/562/562
f 556/556/556 548/548/548 549/549/549
f 558/558/558 563/563/563 559/559/559
f 564/564/564 559/559/559 563/563/563
f 563/563/563 565/565/565 566/566/566
f 567/567/567 568/568/568 569/569/569
f 570/570/570 567/567/567 569/569/569
f 571/571/571 572/572/572 570/570/570
f 573/573/573 574/574/574 575/575/575
f 576/576/576 526/526/526 577/577/577
f 578/578/578 579/579/579 580/580/580
f 580/580/580 581/581/581 582/582/582
f 577/577/577 583/583/583 584/584/584
f 571/571/571 585/585/585 572/572/572
f 585/585/585 571/571/571 586/586/586
f 575/575/575 587/587/587 569/569/569
f 587/587/587 575/575/575 588/588/588
f 589/589/589 587/587/587 588/588/588
f 590/590/590 591/591/591 592/592/592
f 593/593/593 566/566/566 565/565/565
f 566/566/566 593/593/593 594/594/594
f 594/594/594 595/595/595 566/566/566
f 596/596/596 597/597/597 598/598/598
f 599/599/599 600/600/600 601/601/601
f 602/602/602 603/603/603 604/604/604
f 605/605/605 601/601/601 600/600/600
f 606/606/606 607/607/607 608/608/608
f 609/609/609 526/526/526 610/610/610
f 611/611/611 612/612/612 607/607/607
f 613/613/613 233/233/233 614/614/614
f 615/615/615 616/616/616 613/613/613
f 617/617/617 616/616/616 615/615/615
f 616/616/616 238/238/238 237/237/237
f 618/618/618 619/619/619 620/620/620
f 621/621/621 603/603/603 602/602/602
f 622/622/622 621/621/621 623/623/623
f 623/623/623 621/621/621 602/602/602
f 624/624/624 623/623/623 602/602/602
f 625/625/625 624/624/624 602/602/602
f 248/248/248 247/247/247 386/386/386
f 386/386/386 385/385/385 248/248/248
f 598/598/598 249/249/249 248/248/248
f 248/248/248 385/385/385 598/598/598
f 596/596/596 598/598/598 385/385/385
f 385/385/385 384/384/384 596/596/596
f 388/388/388 387/387/387 384/384/384
f 384/384/384 383/383/383 388/388/388
f 384/384/384 387/387/387 626/626/626
f 626/626/626 596/596/596 384/384/384
f 383/383/383 404/404/404 392/392/392
f 392/392/392 388/388/388 383/383/383
f 388/388/388 392/392/392 405/405/405
f 405/405/405 389/389/389 388/388/388
f 392/392/392 404/404/404 401/401/401
f 401/401/401 390/390/390 392/392/392
f 391/391/391 627/627/627 405/405/405
f 405/405/405 392/392/392 391/391/391
f 402/402/402 396/396/396 395/395/395
f 395/395/395 390/390/390 402/402/402
f 439/439/439 391/391/391 390/390/390
f 390/390/390 395/395/395 439/439/439
f 628/628/628 439/439/439 395/395/395
f 395/395/395 394/394/394 628/628/628
f 628/628/628 394/394/394 441/441/441
f 441/441/441 443/443/443 628/628/628
f 629/629/629 397/397/397 396/396/396
f 396/396/396 630/630/630 629/629/629
f 631/631/631 629/629/629 630/630/630
f 630/630/630 632/632/632 631/631/631
f 632/632/632 258/258/258 257/257/257
f 257/257/257 631/631/631 632/632/632
f 399/399/399 259/259/259 258/258/258
f 258/258/258 632/632/632 399/399/399
f 630/630/630 400/400/400 399/399/399
f 399/399/399 632/632/632 630/630/630
f 396/396/396 402/402/402 400/400/400
f 400/400/400 630/630/630 396/396/396
f 398/398/398 400/400/400 402/402/402
f 402/402/402 633/633/633 398/398/398
f 401/401/401 634/634/634 633/633/633
f 633/633/633 402/402/402 401/401/401
f 633/633/633 263/263/263 262/262/262
f 262/262/262 398/398/398 633/633/633
f 633/633/633 634/634/634 264/264/264
f 264/264/264 263/263/263 633/633/633
f 265/265/265 264/264/264 634/634/634
f 634/634/634 403/403/403 265/265/265
f 627/627/627 432/432/432 406/406/406
f 406/406/406 405/405/405 627/627/627
f 435/435/435 438/438/438 635/635/635
f 635/635/635 636/636/636 435/435/435
f 408/408/408 635/635/635 438/438/438
f 438/438/438 409/409/409 408/408/408
f 636/636/636 635/635/635 637/637/637
f 637/637/637 638/638/638 636/636/636
f 635/635/635 408/408/408 639/639/639
f 639/639/639 637/637/637 635/635/635
f 408/408/408 407/407/407 640/640/640
f 640/640/640 641/641/641 408/408/408
f 409/409/409 415/415/415 411/411/411
f 411/411/411 407/407/407 409/409/409
f 410/410/410 640/640/640 407/407/407
f 407/407/407 411/411/411 410/410/410
f 411/411/411 415/415/415 414/414/414
f 414/414/414 642/642/642 411/411/411
f 642/642/642 465/465/465 412/412/412
f 412/412/412 411/411/411 642/642/642
f 414/414/414 419/419/419 418/418/418
f 418/418/418 642/642/642 414/414/414
f 419/419/419 414/414/414 413/413/413
f 413/413/413 420/420/420 419/419/419
f 418/418/418 417/417/417 448/448/448
f 448/448/448 642/642/642 418/418/418
f 448/448/448 463/463/463 465/465/465
f 465/465/465 642/642/642 448/448/448
f 419/419/419 421/421/421 422/422/422
f 422/422/422 418/418/418 419/419/419
f 422/422/422 424/424/424 416/416/416
f 416/416/416 418/418/418 422/422/422
f 643/643/643 422/422/422 421/421/421
f 421/421/421 426/426/426 643/643/643
f 643/643/643 644/644/644 423/423/423
f 423/423/423 422/422/422 643/643/643
f 643/643/643 426/426/426 429/429/429
f 429/429/429 430/430/430 643/643/643
f 425/425/425 427/427/427 429/429/429
f 429/429/429 426/426/426 425/425/425
f 434/434/434 644/644/644 643/643/643
f 643/643/643 430/430/430 434/434/434
f 429/429/429 428/428/428 431/431/431
f 431/431/431 430/430/430 429/429/429
f 428/428/428 436/436/436 437/437/437
f 437/437/437 431/431/431 428/428/428
f 389/389/389 435/435/435 636/636/636
f 636/636/636 387/387/387 389/389/389
f 444/444/444 432/432/432 627/627/627
f 627/627/627 391/391/391 444/444/444
f 440/440/440 433/433/433 444/444/444
f 444/444/444 391/391/391 440/440/440
f 445/445/445 433/433/433 440/440/440
f 440/440/440 439/439/439 445/445/445
f 443/443/443 644/644/644 434/434/434
f 434/434/434 628/628/628 443/443/443
f 423/423/423 644/644/644 443/443/443
f 443/443/443 645/645/645 423/423/423
f 646/646/646 645/645/645 443/443/443
f 443/443/443 442/442/442 646/646/646
f 647/647/647 424/424/424 423/423/423
f 423/423/423 645/645/645 647/647/647
f 648/648/648 647/647/647 645/645/645
f 645/645/645 646/646/646 648/648/648
f 649/649/649 416/416/416 424/424/424
f 424/424/424 647/647/647 649/649/649
f 452/452/452 649/649/649 647/647/647
f 647/647/647 648/648/648 452/452/452
f 416/416/416 649/649/649 446/446/446
f 446/446/446 417/417/417 416/416/416
f 451/451/451 446/446/446 649/649/649
f 649/649/649 452/452/452 451/451/451
f 447/447/447 446/446/446 451/451/451
f 451/451/451 449/449/449 447/447/447
f 650/650/650 449/449/449 451/451/451
f 451/451/451 450/450/450 650/650/650
f 453/453/453 463/463/463 448/448/448
f 448/448/448 449/449/449 453/453/453
f 650/650/650 454/454/454 453/453/453
f 453/453/453 449/449/449 650/650/650
f 455/455/455 464/464/464 463/463/463
f 463/463/463 453/453/453 455/455/455
f 458/458/458 457/457/457 455/455/455
f 455/455/455 454/454/454 458/458/458
f 455/455/455 457/457/457 510/510/510
f 510/510/510 464/464/464 455/455/455
f 457/457/457 456/456/456 508/508/508
f 508/508/508 510/510/510 457/457/457
f 458/458/458 651/651/651 460/460/460
f 460/460/460 456/456/456 458/458/458
f 460/460/460 459/459/459 652/652/652
f 652/652/652 456/456/456 460/460/460
f 653/653/653 508/508/508 456/456/456
f 456/456/456 652/652/652 653/653/653
f 454/454/454 650/650/650 651/651/651
f 651/651/651 458/458/458 454/454/454
f 461/461/461 460/460/460 651/651/651
f 651/651/651 654/654/654 461/461/461
f 654/654/654 651/651/651 650/650/650
f 650/650/650 450/450/450 654/654/654
f 464/464/464 510/510/510 507/507/507
f 507/507/507 465/465/465 464/464/464
f 478/478/478 653/653/653 652/652/652
f 652/652/652 655/655/655 478/478/478
f 652/652/652 459/459/459 462/462/462
f 462/462/462 655/655/655 652/652/652
f 478/478/478 477/477/477 656/656/656
f 656/656/656 653/653/653 478/478/478
f 653/653/653 656/656/656 509/509/509
f 509/509/509 508/508/508 653/653/653
f 657/657/657 658/658/658 659/659/659
f 659/659/659 660/660/660 657/657/657
f 657/657/657 511/511/511 661/661/661
f 661/661/661 658/658/658 657/657/657
f 660/660/660 467/467/467 662/662/662
f 662/662/662 657/657/657 660/660/660
f 512/512/512 511/511/511 657/657/657
f 657/657/657 662/662/662 512/512/512
f 662/662/662 467/467/467 466/466/466
f 466/466/466 512/512/512 662/662/662
f 470/470/470 468/468/468 467/467/467
f 467/467/467 660/660/660 470/470/470
f 658/658/658 656/656/656 477/477/477
f 477/477/477 659/659/659 658/658/658
f 658/658/658 661/661/661 509/509/509
f 509/509/509 656/656/656 658/658/658
f 663/663/663 470/470/470 660/660/660
f 660/660/660 659/659/659 663/663/663
f 474/474/474 471/471/471 470/470/470
f 470/470/470 663/663/663 474/474/474
f 659/659/659 477/477/477 476/476/476
f 476/476/476 663/663/663 659/659/659
f 472/472/472 474/474/474 663/663/663
f 663/663/663 476/476/476 472/472/472
f 476/476/476 664/664/664 665/665/665
f 665/665/665 472/472/472 476/476/476
f 472/472/472 665/665/665 666/666/666
f 666/666/666 475/475/475 472/472/472
f 664/664/664 476/476/476 478/478/478
f 478/478/478 485/485/485 664/664/664
f 655/655/655 486/486/486 485/485/485
f 485/485/485 478/478/478 655/655/655
f 480/480/480 664/664/664 485/485/485
f 485/485/485 481/481/481 480/480/480
f 664/664/664 480/480/480 666/666/666
f 666/666/666 665/665/665 664/664/664
f 667/667/667 666/666/666 480/480/480
f 480/480/480 479/479/479 667/667/667
f 487/487/487 484/484/484 479/479/479
f 479/479/479 481/481/481 487/487/487
f 483/483/483 667/667/667 479/479/479
f 479/479/479 484/484/484 483/483/483
f 668/668/668 669/669/669 473/473/473
f 473/473/473 475/475/475 668/668/668
f 670/670/670 488/488/488 483/483/483
f 483/483/483 482/482/482 670/670/670
f 668/668/668 500/500/500 490/490/490
f 490/490/490 489/489/489 668/668/668
f 491/491/491 492/492/492 671/671/671
f 671/671/671 489/489/489 491/491/491
f 496/496/496 493/493/493 491/491/491
f 491/491/491 490/490/490 496/496/496
f 672/672/672 497/497/497 493/493/493
f 493/493/493 495/495/495 672/672/672
f 671/671/671 673/673/673 471/471/471
f 471/471/471 669/669/669 671/671/671
f 492/492/492 498/498/498 674/674/674
f 674/674/674 671/671/671 492/492/492
f 674/674/674 538/538/538 673/673/673
f 673/673/673 671/671/671 674/674/674
f 490/490/490 500/500/500 499/499/499
f 499/499/499 496/496/496 490/490/490
f 670/670/670 675/675/675 499/499/499
f 499/499/499 488/488/488 670/670/670
f 496/496/496 499/499/499 675/675/675
f 675/675/675 676/676/676 496/496/496
f 495/495/495 496/496/496 676/676/676
f 676/676/676 677/677/677 495/495/495
f 678/678/678 672/672/672 495/495/495
f 495/495/495 677/677/677 678/678/678
f 679/679/679 501/501/501 680/680/680
f 680/680/680 678/678/678 679/679/679
f 680/680/680 681/681/681 672/672/672
f 672/672/672 678/678/678 680/680/680
f 680/680/680 501/501/501 503/503/503
f 503/503/503 682/682/682 680/680/680
f 682/682/682 514/514/514 681/681/681
f 681/681/681 680/680/680 682/682/682
f 502/502/502 501/501/501 679/679/679
f 679/679/679 683/683/683 502/502/502
f 684/684/684 502/502/502 685/685/685
f 685/685/685 686/686/686 684/684/684
f 683/683/683 687/687/687 685/685/685
f 685/685/685 502/502/502 683/683/683
f 688/688/688 503/503/503 502/502/502
f 502/502/502 684/684/684 688/688/688
f 688/688/688 689/689/689 682/682/682
f 682/682/682 503/503/503 688/688/688
f 681/681/681 690/690/690 497/497/497
f 497/497/497 672/672/672 681/681/681
f 514/514/514 516/516/516 690/690/690
f 690/690/690 681/681/681 514/514/514
f 497/497/497 690/690/690 504/504/504
f 504/504/504 494/494/494 497/497/497
f 504/504/504 690/690/690 516/516/516
f 516/516/516 505/505/505 504/504/504
f 504/504/504 506/506/506 498/498/498
f 498/498/498 494/494/494 504/504/504
f 412/412/412 507/507/507 513/513/513
f 513/513/513 410/410/410 412/412/412
f 562/562/562 691/691/691 640/640/640
f 640/640/640 410/410/410 562/562/562
f 410/410/410 513/513/513 512/512/512
f 512/512/512 562/562/562 410/410/410
f 691/691/691 692/692/692 641/641/641
f 641/641/641 640/640/640 691/691/691
f 507/507/507 510/510/510 509/509/509
f 509/509/509 513/513/513 507/507/507
f 538/538/538 540/540/540 693/693/693
f 693/693/693 673/673/673 538/538/538
f 540/540/540 541/541/541 694/694/694
f 694/694/694 693/693/693 540/540/540
f 693/693/693 694/694/694 560/560/560
f 560/560/560 695/695/695 693/693/693
f 696/696/696 694/694/694 541/541/541
f 541/541/541 543/543/543 696/696/696
f 694/694/694 696/696/696 561/561/561
f 561/561/561 560/560/560 694/694/694
f 697/697/697 696/696/696 543/543/543
f 543/543/543 546/546/546 697/697/697
f 555/555/555 561/561/561 696/696/696
f 696/696/696 697/697/697 555/555/555
f 546/546/546 545/545/545 548/548/548
f 548/548/548 697/697/697 546/546/546
f 556/556/556 555/555/555 697/697/697
f 697/697/697 548/548/548 556/556/556
f 689/689/689 515/515/515 514/514/514
f 514/514/514 682/682/682 689/689/689
f 506/506/506 505/505/505 698/698/698
f 698/698/698 536/536/536 506/506/506
f 699/699/699 700/700/700 536/536/536
f 536/536/536 698/698/698 699/699/699
f 701/701/701 534/534/534 700/700/700
f 700/700/700 699/699/699 701/701/701
f 535/535/535 534/534/534 701/701/701
f 701/701/701 702/702/702 535/535/535
f 703/703/703 702/702/702 704/704/704
f 704/704/704 525/525/525 703/703/703
f 535/535/535 702/702/702 703/703/703
f 703/703/703 527/527/527 535/535/535
f 517/517/517 519/519/519 703/703/703
f 703/703/703 525/525/525 517/517/517
f 519/519/519 528/528/528 527/527/527
f 527/527/527 703/703/703 519/519/519
f 705/705/705 706/706/706 519/519/519
f 519/519/519 518/518/518 705/705/705
f 706/706/706 531/531/531 528/528/528
f 528/528/528 519/519/519 706/706/706
f 705/705/705 521/521/521 520/520/520
f 520/520/520 706/706/706 705/705/705
f 520/520/520 532/532/532 531/531/531
f 531/531/531 706/706/706 520/520/520
f 520/520/520 522/522/522 553/553/553
f 553/553/553 532/532/532 520/520/520
f 705/705/705 518/518/518 523/523/523
f 523/523/523 547/547/547 705/705/705
f 524/524/524 518/518/518 517/517/517
f 517/517/517 707/707/707 524/524/524
f 521/521/521 705/705/705 547/547/547
f 547/547/547 542/542/542 521/521/521
f 542/542/542 539/539/539 522/522/522
f 522/522/522 521/521/521 542/542/542
f 525/525/525 704/704/704 610/610/610
f 610/610/610 526/526/526 525/525/525
f 526/526/526 576/576/576 707/707/707
f 707/707/707 517/517/517 526/526/526
f 532/532/532 553/553/553 551/551/551
f 551/551/551 530/530/530 532/532/532
f 700/700/700 534/534/534 533/533/533
f 533/533/533 554/554/554 700/700/700
f 506/506/506 537/537/537 552/552/552
f 552/552/552 498/498/498 506/506/506
f 498/498/498 552/552/552 550/550/550
f 550/550/550 674/674/674 498/498/498
f 549/549/549 545/545/545 544/544/544
f 544/544/544 708/708/708 549/549/549
f 691/691/691 562/562/562 557/557/557
f 557/557/557 559/559/559 691/691/691
f 561/561/561 555/555/555 557/557/557
f 557/557/557 562/562/562 561/561/561
f 512/512/512 466/466/466 560/560/560
f 560/560/560 562/562/562 512/512/512
f 549/549/549 709/709/709 558/558/558
f 558/558/558 556/556/556 549/549/549
f 564/564/564 692/692/692 691/691/691
f 691/691/691 559/559/559 564/564/564
f 709/709/709 565/565/565 563/563/563
f 563/563/563 558/558/558 709/709/709
f 564/564/564 563/563/563 566/566/566
f 566/566/566 595/595/595 564/564/564
f 709/709/709 549/549/549 567/567/567
f 567/567/567 570/570/570 709/709/709
f 708/708/708 568/568/568 567/567/567
f 567/567/567 549/549/549 708/708/708
f 570/570/570 572/572/572 565/565/565
f 565/565/565 709/709/709 570/570/570
f 569/569/569 710/710/710 571/571/571
f 571/571/571 570/570/570 569/569/569
f 707/707/707 574/574/574 573/573/573
f 573/573/573 524/524/524 707/707/707
f 569/569/569 568/568/568 573/573/573
f 573/573/573 575/575/575 569/569/569
f 576/576/576 711/711/711 574/574/574
f 574/574/574 707/707/707 576/576/576
f 711/711/711 588/588/588 575/575/575
f 575/575/575 574/574/574 711/711/711
f 577/577/577 712/712/712 711/711/711
f 711/711/711 576/576/576 577/577/577
f 713/713/713 588/588/588 711/711/711
f 711/711/711 712/712/712 713/713/713
f 577/577/577 584/584/584 714/714/714
f 714/714/714 712/712/712 577/577/577
f 715/715/715 713/713/713 712/712/712
f 712/712/712 714/714/714 715/715/715
f 716/716/716 717/717/717 714/714/714
f 714/714/714 584/584/584 716/716/716
f 714/714/714 717/717/717 718/718/718
f 718/718/718 715/715/715 714/714/714
f 719/719/719 717/717/717 716/716/716
f 716/716/716 720/720/720 719/719/719
f 590/590/590 718/718/718 717/717/717
f 717/717/717 719/719/719 590/590/590
f 720/720/720 721/721/721 722/722/722
f 722/722/722 719/719/719 720/720/720
f 591/591/591 590/590/590 719/719/719
f 719/719/719 722/722/722 591/591/591
f 580/580/580 722/722/722 721/721/721
f 721/721/721 578/578/578 580/580/580
f 582/582/582 591/591/591 722/722/722
f 722/722/722 580/580/580 582/582/582
f 723/723/723 581/581/581 580/580/580
f 580/580/580 579/579/579 723/723/723
f 609/609/609 583/583/583 577/577/577
f 577/577/577 526/526/526 609/609/609
f 572/572/572 585/585/585 593/593/593
f 593/593/593 565/565/565 572/572/572
f 585/585/585 586/586/586 589/589/589
f 589/589/589 593/593/593 585/585/585
f 724/724/724 586/586/586 571/571/571
f 571/571/571 710/710/710 724/724/724
f 589/589/589 586/586/586 724/724/724
f 724/724/724 587/587/587 589/589/589
f 725/725/725 589/589/589 588/588/588
f 588/588/588 713/713/713 725/725/725
f 713/713/713 715/715/715 726/726/726
f 726/726/726 725/725/725 713/713/713
f 715/715/715 718/718/718 727/727/727
f 727/727/727 726/726/726 715/715/715
f 592/592/592 727/727/727 718/718/718
f 718/718/718 590/590/590 592/592/592
f 591/591/591 582/582/582 605/605/605
f 605/605/605 592/592/592 591/591/591
f 605/605/605 582/582/582 581/581/581
f 581/581/581 601/601/601 605/605/605
f 589/589/589 725/725/725 594/594/594
f 594/594/594 593/593/593 589/589/589
f 725/725/725 726/726/726 728/728/728
f 728/728/728 594/594/594 725/725/725
f 595/595/595 594/594/594 728/728/728
f 728/728/728 729/729/729 595/595/595
f 730/730/730 728/728/728 726/726/726
f 726/726/726 727/727/727 730/730/730
f 729/729/729 728/728/728 730/730/730
f 730/730/730 731/731/731 729/729/729
f 732/732/732 730/730/730 727/727/727
f 727/727/727 592/592/592 732/732/732
f 732/732/732 639/639/639 731/731/731
f 731/731/731 730/730/730 732/732/732
f 733/733/733 732/732/732 592/592/592
f 592/592/592 605/605/605 733/733/733
f 733/733/733 637/637/637 639/639/639
f 639/639/639 732/732/732 733/733/733
f 600/600/600 734/734/734 733/733/733
f 733/733/733 605/605/605 600/600/600
f 734/734/734 638/638/638 637/637/637
f 637/637/637 733/733/733 734/734/734
f 735/735/735 734/734/734 600/600/600
f 600/600/600 736/736/736 735/735/735
f 734/734/734 735/735/735 626/626/626
f 626/626/626 638/638/638 734/734/734
f 735/735/735 736/736/736 608/608/608
f 608/608/608 597/597/597 735/735/735
f 596/596/596 626/626/626 735/735/735
f 735/735/735 597/597/597 596/596/596
f 607/607/607 612/612/612 597/597/597
f 597/597/597 608/608/608 607/607/607
f 598/598/598 597/597/597 612/612/612
f 612/612/612 737/737/737 598/598/598
f 723/723/723 738/738/738 601/601/601
f 601/601/601 581/581/581 723/723/723
f 738/738/738 739/739/739 599/599/599
f 599/599/599 601/601/601 738/738/738
f 600/600/600 599/599/599 740/740/740
f 740/740/740 736/736/736 600/600/600
f 739/739/739 741/741/741 740/740/740
f 740/740/740 599/599/599 739/739/739
f 736/736/736 740/740/740 742/742/742
f 742/742/742 608/608/608 736/736/736
f 741/741/741 625/625/625 742/742/742
f 742/742/742 740/740/740 741/741/741
f 608/608/608 742/742/742 604/604/604
f 604/604/604 620/620/620 608/608/608
f 742/742/742 625/625/625 602/602/602
f 602/602/602 604/604/604 742/742/742
f 620/620/620 604/604/604 743/743/743
f 743/743/743 618/618/618 620/620/620
f 603/603/603 744/744/744 743/743/743
f 743/743/743 604/604/604 603/603/603
f 620/620/620 745/745/745 606/606/606
f 606/606/606 608/608/608 620/620/620
f 737/737/737 377/377/377 249/249/249
f 249/249/249 598/598/598 737/737/737
f 746/746/746 378/378/378 377/377/377
f 377/377/377 737/737/737 746/746/746
f 612/612/612 611/611/611 746/746/746
f 746/746/746 737/737/737 612/612/612
f 614/614/614 611/611/611 607/607/607
f 607/607/607 606/606/606 614/614/614
f 380/380/380 378/378/378 746/746/746
f 746/746/746 611/611/611 380/380/380
f 614/614/614 606/606/606 745/745/745
f 745/745/745 613/613/613 614/614/614
f 613/613/613 745/745/745 747/747/747
f 747/747/747 615/615/615 613/613/613
f 620/620/620 619/619/619 747/747/747
f 747/747/747 745/745/745 620/620/620
f 621/621/621 622/622/622 744/744/744
f 744/744/744 603/603/603 621/621/621
f 408/408/408 641/641/641 731/731/731
f 731/731/731 639/639/639 408/408/408
f 641/641/641 692/692/692 729/729/729
f 729/729/729 731/731/731 641/641/641
f 466/466/466 469/469/469 695/695/695
f 695/695/695 560/560/560 466/466/466
f 468/468/468 469/469/469 466/466/466
f 401/401/401 404/404/404 403/403/403
f 403/403/403 634/634/634 401/401/401
f 437/437/437 438/438/438 435/435/435
f 435/435/435 431/431/431 437/437/437
f 437/437/437 413/413/413 415/415/415
f 415/415/415 409/409/409 437/437/437
f 427/427/427 425/425/425 420/420/420
f 420/420/420 413/413/413 427/427/427
f 628/628/628 434/434/434 445/445/445
f 445/445/445 439/439/439 628/628/628
f 666/666/666 667/667/667 483/483/483
f 483/483/483 475/475/475 666/666/666
f 474/474/474 473/473/473 669/669/669
f 669/669/669 471/471/471 474/474/474
f 661/661/661 511/511/511 513/513/513
f 513/513/513 509/509/509 661/661/661
f 529/529/529 533/533/533 535/535/535
f 535/535/535 527/527/527 529/529/529
f 529/529/529 528/528/528 531/531/531
f 531/531/531 530/530/530 529/529/529
f 554/554/554 537/537/537 536/536/536
f 536/536/536 700/700/700 554/554/554
f 550/550/550 539/539/539 538/538/538
f 538/538/538 674/674/674 550/550/550
f 539/539/539 542/542/542 541/541/541
f 541/541/541 540/540/540 539/539/539
f 543/543/543 542/542/542 547/547/547
f 547/547/547 546/546/546 543/543/543
f 537/537/537 551/551/551 553/553/553
f 553/553/553 552/552/552 537/537/537
f 587/587/587 724/724/724 710/710/710
f 710/710/710 569/569/569 587/587/587
f 636/636/636 638/638/638 626/626/626
f 626/626/626 387/387/387 636/636/636
f 692/692/692 564/564/564 595/595/595
f 595/595/595 729/729/729 692/692/692
f 673/673/673 693/693/693 469/469/469
f 469/469/469 471/471/471 673/673/673
f 695/695/695 469/469/469 693/693/693
f 489/489/489 671/671/671 669/669/669
f 669/669/669 668/668/668 489/489/489
f 488/488/488 500/500/500 668/668/668
f 568/568/568 708/708/708 524/524/524
f 524/524/524 573/573/573 568/568/568
f 708/708/708 544/544/544 523/523/523
f 523/523/523 524/524/524 708/708/708
f 259/259/259 399/399/399 398/398/398
f 398/398/398 262/262/262 259/259/259
f 247/247/247 265/265/265 403/403/403
f 403/403/403 386/386/386 247/247/247
f 380/380/380 611/611/611 614/614/614
f 614/614/614 233/233/233 380/380/380
f 237/237/237 233/233/233 613/613/613
f 613/613/613 616/616/616 237/237/237
f 238/238/238 616/616/616 617/617/617
f 617/617/617 382/382/382 238/238/238
f 93/93/93 300/300/300 106/106/106
f 475/475/475 488/488/488 668/668/668
f 748/748/748 749/749/749 750/750/750
f 751/751/751 749/749/749 748/748/748
f 752/752/752 753/753/753 754/754/754
f 755/755/755 756/756/756 757/757/757
f 758/758/758 759/759/759 760/760/760
f 758/758/758 761/761/761 759/759/759
f 761/761/761 758/758/758 762/762/762
f 763/763/763 764/764/764 765/765/765
f 755/755/755 766/766/766 767/767/767
f 768/768/768 748/748/748 769/769/769
f 748/748/748 768/768/768 751/751/751
f 770/770/770 753/753/753 771/771/771
f 772/772/772 773/773/773 774/774/774
f 775/775/775 776/776/776 777/777/777
f 778/778/778 779/779/779 780/780/780
f 781/781/781 782/782/782 783/783/783
f 784/784/784 785/785/785 786/786/786
f 787/787/787 788/788/788 789/789/789
f 790/790/790 785/785/785 791/791/791
f 786/786/786 785/785/785 790/790/790
f 792/792/792 793/793/793 794/794/794
f 771/771/771 795/795/795 796/796/796
f 771/771/771 796/796/796 797/797/797
f 798/798/798 797/797/797 796/796/796
f 798/798/798 796/796/796 799/799/799
f 800/800/800 795/795/795 753/753/753
f 771/771/771 753/753/753 795/795/795
f 801/801/801 792/792/792 794/794/794
f 802/802/802 778/778/778 801/801/801
f 801/801/801 778/778/778 792/792/792
f 773/773/773 802/802/802 803/803/803
f 804/804/804 757/757/757 805/805/805
f 806/806/806 807/807/807 808/808/808
f 797/797/797 798/798/798 809/809/809
f 810/810/810 798/798/798 799/799/799
f 811/811/811 783/783/783 812/812/812
f 813/813/813 812/812/812 783/783/783
f 812/812/812 813/813/813 814/814/814
f 815/815/815 816/816/816 817/817/817
f 818/818/818 819/819/819 820/820/820
f 821/821/821 822/822/822 823/823/823
f 824/824/824 825/825/825 826/826/826
f 827/827/827 825/825/825 824/824/824
f 828/828/828 829/829/829 830/830/830
f 831/831/831 832/832/832 833/833/833
f 834/834/834 835/835/835 832/832/832
f 835/835/835 834/834/834 836/836/836
f 837/837/837 838/838/838 839/839/839
f 840/840/840 837/837/837 839/839/839
f 841/841/841 842/842/842 843/843/843
f 844/844/844 845/845/845 846/846/846
f 847/847/847 848/848/848 849/849/849
f 845/845/845 850/850/850 851/851/851
f 852/852/852 850/850/850 845/845/845
f 840/840/840 853/853/853 849/849/849
f 854/854/854 855/855/855 856/856/856
f 857/857/857 858/858/858 855/855/855
f 858/858/858 857/857/857 859/859/859
f 860/860/860 861/861/861 858/858/858
f 862/862/862 858/858/858 859/859/859
f 863/863/863 859/859/859 857/857/857
f 864/864/864 853/853/853 865/865/865
f 866/866/866 867/867/867 868/868/868
f 869/869/869 870/870/870 871/871/871
f 829/829/829 776/776/776 872/872/872
f 873/873/873 874/874/874 875/875/875
f 876/876/876 877/877/877 878/878/878
f 879/879/879 880/880/880 881/881/881
f 882/882/882 883/883/883 884/884/884
f 885/885/885 886/886/886 887/887/887
f 888/888/888 889/889/889 884/884/884
f 882/882/882 890/890/890 891/891/891
f 892/892/892 893/893/893 894/894/894
f 895/895/895 896/896/896 897/897/897
f 898/898/898 899/899/899 900/900/900
f 870/870/870 901/901/901 902/902/902
f 903/903/903 904/904/904 905/905/905
f 906/906/906 907/907/907 908/908/908
f 909/909/909 910/910/910 911/911/911
f 909/909/909 912/912/912 910/910/910
f 913/913/913 914/914/914 911/911/911
f 888/888/888 912/912/912 909/909/909
f 886/886/886 915/915/915 905/905/905
f 893/893/893 916/916/916 895/895/895
f 915/915/915 917/917/917 918/918/918
f 919/919/919 901/901/901 916/916/916
f 916/916/916 898/898/898 919/919/919
f 898/898/898 916/916/916 893/893/893
f 886/886/886 917/917/917 915/915/915
f 920/920/920 921/921/921 922/922/922
f 922/922/922 921/921/921 923/923/923
f 921/921/921 924/924/924 923/923/923
f 925/925/925 926/926/926 927/927/927
f 922/922/922 914/914/914 913/913/913
f 923/923/923 924/924/924 928/928/928
f 929/929/929 928/928/928 924/924/924
f 928/928/928 930/930/930 931/931/931
f 932/932/932 933/933/933 934/934/934
f 935/935/935 933/933/933 932/932/932
f 936/936/936 935/935/935 937/937/937
f 938/938/938 939/939/939 940/940/940
f 941/941/941 942/942/942 890/890/890
f 943/943/943 944/944/944 945/945/945
f 944/944/944 946/946/946 947/947/947
f 942/942/942 948/948/948 949/949/949
f 936/936/936 937/937/937 950/950/950
f 950/950/950 951/951/951 936/936/936
f 939/939/939 933/933/933 952/952/952
f 952/952/952 953/953/953 939/939/939
f 954/954/954 953/953/953 952/952/952
f 955/955/955 956/956/956 957/957/957
f 958/958/958 931/931/931 930/930/930
f 930/930/930 959/959/959 958/958/958
f 959/959/959 930/930/930 960/960/960
f 961/961/961 962/962/962 963/963/963
f 964/964/964 965/965/965 966/966/966
f 967/967/967 968/968/968 969/969/969
f 970/970/970 966/966/966 965/965/965
f 971/971/971 972/972/972 973/973/973
f 974/974/974 975/975/975 890/890/890
f 976/976/976 973/973/973 977/977/977
f 978/978/978 979/979/979 980/980/980
f 981/981/981 978/978/978 982/982/982
f 983/983/983 981/981/981 982/982/982
f 982/982/982 984/984/984 985/985/985
f 986/986/986 987/987/987 988/988/988
f 989/989/989 967/967/967 969/969/969
f 990/990/990 991/991/991 989/989/989
f 991/991/991 967/967/967 989/989/989
f 992/992/992 967/967/967 991/991/991
f 993/993/993 967/967/967 992/992/992
f 751/751/751 994/994/994 995/995/995
f 995/995/995 749/749/749 751/751/751
f 995/995/995 996/996/996 962/962/962
f 962/962/962 749/749/749 995/995/995
f 749/749/749 962/962/962 961/961/961
f 961/961/961 750/750/750 749/749/749
f 750/750/750 752/752/752 754/754/754
f 754/754/754 748/748/748 750/750/750
f 997/997/997 752/752/752 750/750/750
f 750/750/750 961/961/961 997/997/997
f 748/748/748 754/754/754 756/756/756
f 756/756/756 769/769/769 748/748/748
f 754/754/754 753/753/753 770/770/770
f 770/770/770 756/756/756 754/754/754
f 767/767/767 769/769/769 756/756/756
f 756/756/756 755/755/755 767/767/767
f 770/770/770 998/998/998 757/757/757
f 757/757/757 756/756/756 770/770/770
f 759/759/759 761/761/761 766/766/766
f 766/766/766 755/755/755 759/759/759
f 755/755/755 757/757/757 804/804/804
f 804/804/804 759/759/759 755/755/755
f 759/759/759 804/804/804 999/999/999
f 999/999/999 760/760/760 759/759/759
f 806/806/806 760/760/760 999/999/999
f 999/999/999 807/807/807 806/806/806
f 761/761/761 762/762/762 1000/1000/1000
f 1000/1000/1000 1001/1001/1001 761/761/761
f 1001/1001/1001 1000/1000/1000 1002/1002/1002
f 1002/1002/1002 1003/1003/1003 1001/1001/1001
f 1004/1004/1004 1005/1005/1005 1003/1003/1003
f 1003/1003/1003 1002/1002/1002 1004/1004/1004
f 1005/1005/1005 1006/1006/1006 765/765/765
f 765/765/765 1003/1003/1003 1005/1005/1005
f 1001/1001/1001 1003/1003/1003 765/765/765
f 765/765/765 764/764/764 1001/1001/1001
f 764/764/764 766/766/766 761/761/761
f 761/761/761 1001/1001/1001 764/764/764
f 766/766/766 764/764/764 763/763/763
f 763/763/763 1007/1007/1007 766/766/766
f 1007/1007/1007 1008/1008/1008 767/767/767
f 767/767/767 766/766/766 1007/1007/1007
f 1009/1009/1009 1010/1010/1010 1007/1007/1007
f 1007/1007/1007 763/763/763 1009/1009/1009
f 1007/1007/1007 1010/1010/1010 1011/1011/1011
f 1011/1011/1011 1008/1008/1008 1007/1007/1007
f 1008/1008/1008 1011/1011/1011 1012/1012/1012
f 1012/1012/1012 768/768/768 1008/1008/1008
f 771/771/771 797/797/797 998/998/998
f 998/998/998 770/770/770 771/771/771
f 1013/1013/1013 803/803/803 800/800/800
f 800/800/800 1014/1014/1014 1013/1013/1013
f 803/803/803 1013/1013/1013 774/774/774
f 774/774/774 773/773/773 803/803/803
f 1015/1015/1015 1013/1013/1013 1014/1014/1014
f 1014/1014/1014 1016/1016/1016 1015/1015/1015
f 1017/1017/1017 774/774/774 1013/1013/1013
f 1013/1013/1013 1015/1015/1015 1017/1017/1017
f 774/774/774 1018/1018/1018 1019/1019/1019
f 1019/1019/1019 772/772/772 774/774/774
f 777/777/777 779/779/779 773/773/773
f 773/773/773 772/772/772 777/777/777
f 772/772/772 1019/1019/1019 775/775/775
f 775/775/775 777/777/777 772/772/772
f 780/780/780 779/779/779 777/777/777
f 777/777/777 1020/1020/1020 780/780/780
f 776/776/776 829/829/829 1020/1020/1020
f 1020/1020/1020 777/777/777 776/776/776
f 782/782/782 784/784/784 780/780/780
f 780/780/780 1020/1020/1020 782/782/782
f 784/784/784 786/786/786 778/778/778
f 778/778/778 780/780/780 784/784/784
f 813/813/813 783/783/783 782/782/782
f 782/782/782 1020/1020/1020 813/813/813
f 829/829/829 828/828/828 813/813/813
f 813/813/813 1020/1020/1020 829/829/829
f 787/787/787 785/785/785 784/784/784
f 784/784/784 782/782/782 787/787/787
f 787/787/787 782/782/782 781/781/781
f 781/781/781 788/788/788 787/787/787
f 785/785/785 787/787/787 1021/1021/1021
f 1021/1021/1021 791/791/791 785/785/785
f 789/789/789 1022/1022/1022 1021/1021/1021
f 1021/1021/1021 787/787/787 789/789/789
f 793/793/793 791/791/791 1021/1021/1021
f 1021/1021/1021 796/796/796 793/793/793
f 793/793/793 792/792/792 790/790/790
f 790/790/790 791/791/791 793/793/793
f 1021/1021/1021 1022/1022/1022 799/799/799
f 799/799/799 796/796/796 1021/1021/1021
f 795/795/795 794/794/794 793/793/793
f 793/793/793 796/796/796 795/795/795
f 802/802/802 801/801/801 794/794/794
f 794/794/794 795/795/795 802/802/802
f 1014/1014/1014 800/800/800 753/753/753
f 753/753/753 752/752/752 1014/1014/1014
f 998/998/998 797/797/797 809/809/809
f 809/809/809 757/757/757 998/998/998
f 809/809/809 798/798/798 805/805/805
f 805/805/805 757/757/757 809/809/809
f 805/805/805 798/798/798 810/810/810
f 810/810/810 804/804/804 805/805/805
f 807/807/807 999/999/999 799/799/799
f 799/799/799 1022/1022/1022 807/807/807
f 807/807/807 1022/1022/1022 789/789/789
f 789/789/789 1023/1023/1023 807/807/807
f 807/807/807 1023/1023/1023 1024/1024/1024
f 1024/1024/1024 808/808/808 807/807/807
f 1025/1025/1025 1023/1023/1023 789/789/789
f 789/789/789 788/788/788 1025/1025/1025
f 1023/1023/1023 1025/1025/1025 1026/1026/1026
f 1026/1026/1026 1024/1024/1024 1023/1023/1023
f 1027/1027/1027 1025/1025/1025 788/788/788
f 788/788/788 781/781/781 1027/1027/1027
f 1025/1025/1025 1027/1027/1027 816/816/816
f 816/816/816 1026/1026/1026 1025/1025/1025
f 811/811/811 1027/1027/1027 781/781/781
f 781/781/781 783/783/783 811/811/811
f 1027/1027/1027 811/811/811 817/817/817
f 817/817/817 816/816/816 1027/1027/1027
f 817/817/817 811/811/811 812/812/812
f 812/812/812 814/814/814 817/817/817
f 1028/1028/1028 815/815/815 817/817/817
f 817/817/817 814/814/814 1028/1028/1028
f 813/813/813 828/828/828 818/818/818
f 818/818/818 814/814/814 813/813/813
f 818/818/818 820/820/820 1028/1028/1028
f 1028/1028/1028 814/814/814 818/818/818
f 828/828/828 830/830/830 819/819/819
f 819/819/819 818/818/818 828/828/828
f 819/819/819 823/823/823 822/822/822
f 822/822/822 820/820/820 819/819/819
f 874/874/874 823/823/823 819/819/819
f 819/819/819 830/830/830 874/874/874
f 873/873/873 821/821/821 823/823/823
f 823/823/823 874/874/874 873/873/873
f 826/826/826 1029/1029/1029 822/822/822
f 822/822/822 821/821/821 826/826/826
f 1030/1030/1030 824/824/824 826/826/826
f 826/826/826 821/821/821 1030/1030/1030
f 821/821/821 873/873/873 1031/1031/1031
f 1031/1031/1031 1030/1030/1030 821/821/821
f 1029/1029/1029 1028/1028/1028 820/820/820
f 820/820/820 822/822/822 1029/1029/1029
f 1029/1029/1029 826/826/826 825/825/825
f 825/825/825 1032/1032/1032 1029/1029/1029
f 1028/1028/1028 1029/1029/1029 1032/1032/1032
f 1032/1032/1032 815/815/815 1028/1028/1028
f 872/872/872 874/874/874 830/830/830
f 830/830/830 829/829/829 872/872/872
f 842/842/842 1033/1033/1033 1030/1030/1030
f 1030/1030/1030 1031/1031/1031 842/842/842
f 827/827/827 824/824/824 1030/1030/1030
f 1030/1030/1030 1033/1033/1033 827/827/827
f 1034/1034/1034 843/843/843 842/842/842
f 842/842/842 1031/1031/1031 1034/1034/1034
f 875/875/875 1034/1034/1034 1031/1031/1031
f 1031/1031/1031 873/873/873 875/875/875
f 1035/1035/1035 1036/1036/1036 1037/1037/1037
f 1037/1037/1037 1038/1038/1038 1035/1035/1035
f 1039/1039/1039 876/876/876 1037/1037/1037
f 1037/1037/1037 1036/1036/1036 1039/1039/1039
f 1040/1040/1040 833/833/833 1038/1038/1038
f 1038/1038/1038 1037/1037/1037 1040/1040/1040
f 1037/1037/1037 876/876/876 878/878/878
f 878/878/878 1040/1040/1040 1037/1037/1037
f 831/831/831 833/833/833 1040/1040/1040
f 1040/1040/1040 878/878/878 831/831/831
f 835/835/835 1038/1038/1038 833/833/833
f 833/833/833 832/832/832 835/835/835
f 843/843/843 1034/1034/1034 1036/1036/1036
f 1036/1036/1036 1035/1035/1035 843/843/843
f 875/875/875 1039/1039/1039 1036/1036/1036
f 1036/1036/1036 1034/1034/1034 875/875/875
f 1038/1038/1038 835/835/835 1041/1041/1041
f 1041/1041/1041 1035/1035/1035 1038/1038/1038
f 835/835/835 836/836/836 838/838/838
f 838/838/838 1041/1041/1041 835/835/835
f 841/841/841 843/843/843 1035/1035/1035
f 1035/1035/1035 1041/1041/1041 841/841/841
f 1041/1041/1041 838/838/838 837/837/837
f 837/837/837 841/841/841 1041/1041/1041
f 1042/1042/1042 1043/1043/1043 841/841/841
f 841/841/841 837/837/837 1042/1042/1042
f 837/837/837 840/840/840 1044/1044/1044
f 1044/1044/1044 1042/1042/1042 837/837/837
f 1043/1043/1043 851/851/851 842/842/842
f 842/842/842 841/841/841 1043/1043/1043
f 1033/1033/1033 842/842/842 851/851/851
f 851/851/851 850/850/850 1033/1033/1033
f 846/846/846 845/845/845 851/851/851
f 851/851/851 1043/1043/1043 846/846/846
f 1043/1043/1043 1042/1042/1042 1044/1044/1044
f 1044/1044/1044 846/846/846 1043/1043/1043
f 846/846/846 1044/1044/1044 1045/1045/1045
f 1045/1045/1045 844/844/844 846/846/846
f 844/844/844 848/848/848 852/852/852
f 852/852/852 845/845/845 844/844/844
f 849/849/849 848/848/848 844/844/844
f 844/844/844 1045/1045/1045 849/849/849
f 839/839/839 1046/1046/1046 1047/1047/1047
f 1047/1047/1047 840/840/840 839/839/839
f 1048/1048/1048 847/847/847 849/849/849
f 849/849/849 853/853/853 1048/1048/1048
f 1047/1047/1047 854/854/854 856/856/856
f 856/856/856 865/865/865 1047/1047/1047
f 1049/1049/1049 857/857/857 855/855/855
f 855/855/855 854/854/854 1049/1049/1049
f 861/861/861 856/856/856 855/855/855
f 855/855/855 858/858/858 861/861/861
f 1050/1050/1050 860/860/860 858/858/858
f 858/858/858 862/862/862 1050/1050/1050
f 836/836/836 1051/1051/1051 1049/1049/1049
f 1049/1049/1049 1046/1046/1046 836/836/836
f 1052/1052/1052 863/863/863 857/857/857
f 857/857/857 1049/1049/1049 1052/1052/1052
f 1051/1051/1051 903/903/903 1052/1052/1052
f 1052/1052/1052 1049/1049/1049 1051/1051/1051
f 861/861/861 864/864/864 865/865/865
f 865/865/865 856/856/856 861/861/861
f 864/864/864 1053/1053/1053 1048/1048/1048
f 1048/1048/1048 853/853/853 864/864/864
f 1053/1053/1053 864/864/864 861/861/861
f 861/861/861 1054/1054/1054 1053/1053/1053
f 860/860/860 1055/1055/1055 1054/1054/1054
f 1054/1054/1054 861/861/861 860/860/860
f 1056/1056/1056 1055/1055/1055 860/860/860
f 860/860/860 1050/1050/1050 1056/1056/1056
f 1057/1057/1057 866/866/866 1058/1058/1058
f 1058/1058/1058 1056/1056/1056 1057/1057/1057
f 1057/1057/1057 1056/1056/1056 1050/1050/1050
f 1050/1050/1050 1059/1059/1059 1057/1057/1057
f 867/867/867 866/866/866 1057/1057/1057
f 1057/1057/1057 1060/1060/1060 867/867/867
f 1060/1060/1060 1057/1057/1057 1059/1059/1059
f 1059/1059/1059 879/879/879 1060/1060/1060
f 868/868/868 1061/1061/1061 1058/1058/1058
f 1058/1058/1058 866/866/866 868/868/868
f 1062/1062/1062 1063/1063/1063 1064/1064/1064
f 1064/1064/1064 868/868/868 1062/1062/1062
f 1064/1064/1064 1065/1065/1065 1061/1061/1061
f 1061/1061/1061 868/868/868 1064/1064/1064
f 1066/1066/1066 1062/1062/1062 868/868/868
f 868/868/868 867/867/867 1066/1066/1066
f 1060/1060/1060 1067/1067/1067 1066/1066/1066
f 1066/1066/1066 867/867/867 1060/1060/1060
f 1059/1059/1059 1050/1050/1050 862/862/862
f 862/862/862 1068/1068/1068 1059/1059/1059
f 879/879/879 1059/1059/1059 1068/1068/1068
f 1068/1068/1068 880/880/880 879/879/879
f 869/869/869 1068/1068/1068 862/862/862
f 862/862/862 859/859/859 869/869/869
f 869/869/869 871/871/871 880/880/880
f 880/880/880 1068/1068/1068 869/869/869
f 863/863/863 870/870/870 869/869/869
f 869/869/869 859/859/859 863/863/863
f 877/877/877 872/872/872 776/776/776
f 776/776/776 775/775/775 877/877/877
f 1019/1019/1019 1069/1069/1069 926/926/926
f 926/926/926 775/775/775 1019/1019/1019
f 878/878/878 877/877/877 775/775/775
f 775/775/775 926/926/926 878/878/878
f 1018/1018/1018 1070/1070/1070 1069/1069/1069
f 1069/1069/1069 1019/1019/1019 1018/1018/1018
f 875/875/875 874/874/874 872/872/872
f 872/872/872 877/877/877 875/875/875
f 1071/1071/1071 904/904/904 903/903/903
f 903/903/903 1051/1051/1051 1071/1071/1071
f 1072/1072/1072 906/906/906 904/904/904
f 904/904/904 1071/1071/1071 1072/1072/1072
f 925/925/925 1072/1072/1072 1071/1071/1071
f 1071/1071/1071 1073/1073/1073 925/925/925
f 1074/1074/1074 907/907/907 906/906/906
f 906/906/906 1072/1072/1072 1074/1074/1074
f 927/927/927 1074/1074/1074 1072/1072/1072
f 1072/1072/1072 925/925/925 927/927/927
f 1075/1075/1075 910/910/910 907/907/907
f 907/907/907 1074/1074/1074 1075/1075/1075
f 920/920/920 1075/1075/1075 1074/1074/1074
f 1074/1074/1074 927/927/927 920/920/920
f 910/910/910 1075/1075/1075 913/913/913
f 913/913/913 911/911/911 910/910/910
f 922/922/922 913/913/913 1075/1075/1075
f 1075/1075/1075 920/920/920 922/922/922
f 1067/1067/1067 1060/1060/1060 879/879/879
f 879/879/879 881/881/881 1067/1067/1067
f 870/870/870 902/902/902 1076/1076/1076
f 1076/1076/1076 871/871/871 870/870/870
f 902/902/902 1077/1077/1077 1078/1078/1078
f 1078/1078/1078 1076/1076/1076 902/902/902
f 1077/1077/1077 900/900/900 1079/1079/1079
f 1079/1079/1079 1078/1078/1078 1077/1077/1077
f 1079/1079/1079 900/900/900 899/899/899
f 899/899/899 1080/1080/1080 1079/1079/1079
f 1081/1081/1081 1080/1080/1080 1082/1082/1082
f 1082/1082/1082 891/891/891 1081/1081/1081
f 899/899/899 892/892/892 1082/1082/1082
f 1082/1082/1082 1080/1080/1080 899/899/899
f 882/882/882 891/891/891 1082/1082/1082
f 1082/1082/1082 883/883/883 882/882/882
f 883/883/883 1082/1082/1082 892/892/892
f 892/892/892 894/894/894 883/883/883
f 883/883/883 1083/1083/1083 1084/1084/1084
f 1084/1084/1084 884/884/884 883/883/883
f 894/894/894 897/897/897 1083/1083/1083
f 1083/1083/1083 883/883/883 894/894/894
f 1084/1084/1084 1083/1083/1083 885/885/885
f 885/885/885 887/887/887 1084/1084/1084
f 897/897/897 896/896/896 885/885/885
f 885/885/885 1083/1083/1083 897/897/897
f 885/885/885 896/896/896 917/917/917
f 917/917/917 886/886/886 885/885/885
f 1084/1084/1084 912/912/912 888/888/888
f 888/888/888 884/884/884 1084/1084/1084
f 882/882/882 884/884/884 889/889/889
f 889/889/889 1085/1085/1085 882/882/882
f 887/887/887 908/908/908 912/912/912
f 912/912/912 1084/1084/1084 887/887/887
f 887/887/887 886/886/886 905/905/905
f 905/905/905 908/908/908 887/887/887
f 975/975/975 1081/1081/1081 891/891/891
f 891/891/891 890/890/890 975/975/975
f 1085/1085/1085 941/941/941 890/890/890
f 890/890/890 882/882/882 1085/1085/1085
f 916/916/916 917/917/917 896/896/896
f 896/896/896 895/895/895 916/916/916
f 1077/1077/1077 919/919/919 898/898/898
f 898/898/898 900/900/900 1077/1077/1077
f 918/918/918 901/901/901 870/870/870
f 870/870/870 863/863/863 918/918/918
f 863/863/863 1052/1052/1052 915/915/915
f 915/915/915 918/918/918 863/863/863
f 914/914/914 1086/1086/1086 909/909/909
f 909/909/909 911/911/911 914/914/914
f 921/921/921 926/926/926 1069/1069/1069
f 1069/1069/1069 924/924/924 921/921/921
f 921/921/921 920/920/920 927/927/927
f 927/927/927 926/926/926 921/921/921
f 925/925/925 831/831/831 878/878/878
f 878/878/878 926/926/926 925/925/925
f 914/914/914 922/922/922 923/923/923
f 923/923/923 1087/1087/1087 914/914/914
f 1069/1069/1069 1070/1070/1070 929/929/929
f 929/929/929 924/924/924 1069/1069/1069
f 928/928/928 931/931/931 1087/1087/1087
f 1087/1087/1087 923/923/923 928/928/928
f 930/930/930 928/928/928 929/929/929
f 929/929/929 960/960/960 930/930/930
f 1087/1087/1087 935/935/935 932/932/932
f 932/932/932 914/914/914 1087/1087/1087
f 932/932/932 934/934/934 1086/1086/1086
f 1086/1086/1086 914/914/914 932/932/932
f 931/931/931 937/937/937 935/935/935
f 935/935/935 1087/1087/1087 931/931/931
f 936/936/936 1088/1088/1088 933/933/933
f 933/933/933 935/935/935 936/936/936
f 938/938/938 940/940/940 1085/1085/1085
f 1085/1085/1085 889/889/889 938/938/938
f 938/938/938 934/934/934 933/933/933
f 933/933/933 939/939/939 938/938/938
f 940/940/940 1089/1089/1089 941/941/941
f 941/941/941 1085/1085/1085 940/940/940
f 939/939/939 953/953/953 1089/1089/1089
f 1089/1089/1089 940/940/940 939/939/939
f 1089/1089/1089 1090/1090/1090 942/942/942
f 942/942/942 941/941/941 1089/1089/1089
f 1089/1089/1089 953/953/953 1091/1091/1091
f 1091/1091/1091 1090/1090/1090 1089/1089/1089
f 942/942/942 1090/1090/1090 1092/1092/1092
f 1092/1092/1092 948/948/948 942/942/942
f 1090/1090/1090 1091/1091/1091 1093/1093/1093
f 1093/1093/1093 1092/1092/1092 1090/1090/1090
f 1092/1092/1092 1094/1094/1094 1095/1095/1095
f 1095/1095/1095 948/948/948 1092/1092/1092
f 1096/1096/1096 1094/1094/1094 1092/1092/1092
f 1092/1092/1092 1093/1093/1093 1096/1096/1096
f 1095/1095/1095 1094/1094/1094 1097/1097/1097
f 1097/1097/1097 1098/1098/1098 1095/1095/1095
f 1094/1094/1094 1096/1096/1096 955/955/955
f 955/955/955 1097/1097/1097 1094/1094/1094
f 1099/1099/1099 1100/1100/1100 1098/1098/1098
f 1098/1098/1098 1097/1097/1097 1099/1099/1099
f 1097/1097/1097 955/955/955 957/957/957
f 957/957/957 1099/1099/1099 1097/1097/1097
f 1100/1100/1100 1099/1099/1099 944/944/944
f 944/944/944 943/943/943 1100/1100/1100
f 1099/1099/1099 957/957/957 946/946/946
f 946/946/946 944/944/944 1099/1099/1099
f 944/944/944 947/947/947 1101/1101/1101
f 1101/1101/1101 945/945/945 944/944/944
f 942/942/942 949/949/949 974/974/974
f 974/974/974 890/890/890 942/942/942
f 958/958/958 950/950/950 937/937/937
f 937/937/937 931/931/931 958/958/958
f 954/954/954 951/951/951 950/950/950
f 950/950/950 958/958/958 954/954/954
f 936/936/936 951/951/951 1102/1102/1102
f 1102/1102/1102 1088/1088/1088 936/936/936
f 1102/1102/1102 951/951/951 954/954/954
f 954/954/954 952/952/952 1102/1102/1102
f 953/953/953 954/954/954 1103/1103/1103
f 1103/1103/1103 1091/1091/1091 953/953/953
f 1091/1091/1091 1103/1103/1103 1104/1104/1104
f 1104/1104/1104 1093/1093/1093 1091/1091/1091
f 1093/1093/1093 1104/1104/1104 1105/1105/1105
f 1105/1105/1105 1096/1096/1096 1093/1093/1093
f 956/956/956 955/955/955 1096/1096/1096
f 1096/1096/1096 1105/1105/1105 956/956/956
f 970/970/970 946/946/946 957/957/957
f 957/957/957 956/956/956 970/970/970
f 970/970/970 965/965/965 947/947/947
f 947/947/947 946/946/946 970/970/970
f 959/959/959 1103/1103/1103 954/954/954
f 954/954/954 958/958/958 959/959/959
f 1106/1106/1106 1104/1104/1104 1103/1103/1103
f 1103/1103/1103 959/959/959 1106/1106/1106
f 1106/1106/1106 959/959/959 960/960/960
f 960/960/960 1107/1107/1107 1106/1106/1106
f 1104/1104/1104 1106/1106/1106 1108/1108/1108
f 1108/1108/1108 1105/1105/1105 1104/1104/1104
f 1108/1108/1108 1106/1106/1106 1107/1107/1107
f 1107/1107/1107 1109/1109/1109 1108/1108/1108
f 1105/1105/1105 1108/1108/1108 1110/1110/1110
f 1110/1110/1110 956/956/956 1105/1105/1105
f 1109/1109/1109 1017/1017/1017 1110/1110/1110
f 1110/1110/1110 1108/1108/1108 1109/1109/1109
f 956/956/956 1110/1110/1110 1111/1111/1111
f 1111/1111/1111 970/970/970 956/956/956
f 1017/1017/1017 1015/1015/1015 1111/1111/1111
f 1111/1111/1111 1110/1110/1110 1017/1017/1017
f 1111/1111/1111 1112/1112/1112 966/966/966
f 966/966/966 970/970/970 1111/1111/1111
f 1015/1015/1015 1016/1016/1016 1112/1112/1112
f 1112/1112/1112 1111/1111/1111 1015/1015/1015
f 1113/1113/1113 1114/1114/1114 966/966/966
f 966/966/966 1112/1112/1112 1113/1113/1113
f 1112/1112/1112 1016/1016/1016 997/997/997
f 997/997/997 1113/1113/1113 1112/1112/1112
f 972/972/972 1114/1114/1114 1113/1113/1113
f 1113/1113/1113 963/963/963 972/972/972
f 1113/1113/1113 997/997/997 961/961/961
f 961/961/961 963/963/963 1113/1113/1113
f 963/963/963 977/977/977 973/973/973
f 973/973/973 972/972/972 963/963/963
f 977/977/977 963/963/963 962/962/962
f 962/962/962 1115/1115/1115 977/977/977
f 965/965/965 1116/1116/1116 1101/1101/1101
f 1101/1101/1101 947/947/947 965/965/965
f 964/964/964 1117/1117/1117 1116/1116/1116
f 1116/1116/1116 965/965/965 964/964/964
f 1118/1118/1118 964/964/964 966/966/966
f 966/966/966 1114/1114/1114 1118/1118/1118
f 1118/1118/1118 1119/1119/1119 1117/1117/1117
f 1117/1117/1117 964/964/964 1118/1118/1118
f 1120/1120/1120 1118/1118/1118 1114/1114/1114
f 1114/1114/1114 972/972/972 1120/1120/1120
f 1120/1120/1120 993/993/993 1119/1119/1119
f 1119/1119/1119 1118/1118/1118 1120/1120/1120
f 968/968/968 1120/1120/1120 972/972/972
f 972/972/972 987/987/987 968/968/968
f 967/967/967 993/993/993 1120/1120/1120
f 1120/1120/1120 968/968/968 967/967/967
f 987/987/987 986/986/986 1121/1121/1121
f 1121/1121/1121 968/968/968 987/987/987
f 1121/1121/1121 1122/1122/1122 969/969/969
f 969/969/969 968/968/968 1121/1121/1121
f 971/971/971 1123/1123/1123 987/987/987
f 987/987/987 972/972/972 971/971/971
f 996/996/996 1124/1124/1124 1115/1115/1115
f 1115/1115/1115 962/962/962 996/996/996
f 1124/1124/1124 1125/1125/1125 1126/1126/1126
f 1126/1126/1126 1115/1115/1115 1124/1124/1124
f 977/977/977 1115/1115/1115 1126/1126/1126
f 1126/1126/1126 976/976/976 977/977/977
f 973/973/973 976/976/976 979/979/979
f 979/979/979 971/971/971 973/973/973
f 1126/1126/1126 1125/1125/1125 1127/1127/1127
f 1127/1127/1127 976/976/976 1126/1126/1126
f 979/979/979 978/978/978 1123/1123/1123
f 1123/1123/1123 971/971/971 979/979/979
f 978/978/978 981/981/981 1128/1128/1128
f 1128/1128/1128 1123/1123/1123 978/978/978
f 1128/1128/1128 988/988/988 987/987/987
f 987/987/987 1123/1123/1123 1128/1128/1128
f 1122/1122/1122 990/990/990 989/989/989
f 989/989/989 969/969/969 1122/1122/1122
f 774/774/774 1017/1017/1017 1109/1109/1109
f 1109/1109/1109 1018/1018/1018 774/774/774
f 1018/1018/1018 1109/1109/1109 1107/1107/1107
f 1107/1107/1107 1070/1070/1070 1018/1018/1018
f 1073/1073/1073 834/834/834 831/831/831
f 831/831/831 925/925/925 1073/1073/1073
f 832/832/832 831/831/831 834/834/834
f 768/768/768 769/769/769 767/767/767
f 767/767/767 1008/1008/1008 768/768/768
f 800/800/800 803/803/803 802/802/802
f 802/802/802 795/795/795 800/800/800
f 779/779/779 778/778/778 802/802/802
f 802/802/802 773/773/773 779/779/779
f 786/786/786 790/790/790 792/792/792
f 792/792/792 778/778/778 786/786/786
f 810/810/810 799/799/799 999/999/999
f 999/999/999 804/804/804 810/810/810
f 849/849/849 1045/1045/1045 1044/1044/1044
f 1044/1044/1044 840/840/840 849/849/849
f 1046/1046/1046 839/839/839 838/838/838
f 838/838/838 836/836/836 1046/1046/1046
f 877/877/877 876/876/876 1039/1039/1039
f 1039/1039/1039 875/875/875 877/877/877
f 899/899/899 898/898/898 893/893/893
f 893/893/893 892/892/892 899/899/899
f 893/893/893 895/895/895 897/897/897
f 897/897/897 894/894/894 893/893/893
f 902/902/902 901/901/901 919/919/919
f 919/919/919 1077/1077/1077 902/902/902
f 903/903/903 905/905/905 915/915/915
f 915/915/915 1052/1052/1052 903/903/903
f 905/905/905 904/904/904 906/906/906
f 906/906/906 908/908/908 905/905/905
f 912/912/912 908/908/908 907/907/907
f 907/907/907 910/910/910 912/912/912
f 917/917/917 916/916/916 901/901/901
f 901/901/901 918/918/918 917/917/917
f 1088/1088/1088 1102/1102/1102 952/952/952
f 952/952/952 933/933/933 1088/1088/1088
f 997/997/997 1016/1016/1016 1014/1014/1014
f 1014/1014/1014 752/752/752 997/997/997
f 1070/1070/1070 1107/1107/1107 960/960/960
f 960/960/960 929/929/929 1070/1070/1070
f 1051/1051/1051 836/836/836 834/834/834
f 834/834/834 1071/1071/1071 1051/1051/1051
f 1073/1073/1073 1071/1071/1071 834/834/834
f 854/854/854 1047/1047/1047 1046/1046/1046
f 1046/1046/1046 1049/1049/1049 854/854/854
f 853/853/853 1047/1047/1047 865/865/865
f 889/889/889 1086/1086/1086 934/934/934
f 934/934/934 938/938/938 889/889/889
f 888/888/888 909/909/909 1086/1086/1086
f 1086/1086/1086 889/889/889 888/888/888
f 763/763/763 765/765/765 1006/1006/1006
f 1006/1006/1006 1009/1009/1009 763/763/763
f 994/994/994 751/751/751 768/768/768
f 768/768/768 1012/1012/1012 994/994/994
f 979/979/979 976/976/976 1127/1127/1127
f 1127/1127/1127 980/980/980 979/979/979
f 984/984/984 982/982/982 978/978/978
f 978/978/978 980/980/980 984/984/984
f 983/983/983 982/982/982 985/985/985
f 985/985/985 1129/1129/1129 983/983/983
f 1130/1130/1130 1131/1131/1131 1132/1132/1132
f 1133/1133/1133 1130/1130/1130 1132/1132/1132
f 1134/1134/1134 1135/1135/1135 1136/1136/1136
f 1137/1137/1137 1138/1138/1138 1139/1139/1139
f 1140/1140/1140 1141/1141/1141 1142/1142/1142
f 1140/1140/1140 1142/1142/1142 1143/1143/1143
f 1143/1143/1143 1144/1144/1144 1140/1140/1140
f 1145/1145/1145 1146/1146/1146 1147/1147/1147
f 1137/1137/1137 1148/1148/1148 1149/1149/1149
f 1150/1150/1150 1151/1151/1151 1130/1130/1130
f 1130/1130/1130 1133/1133/1133 1150/1150/1150
f 1152/1152/1152 1153/1153/1153 1136/1136/1136
f 1154/1154/1154 1155/1155/1155 1156/1156/1156
f 1157/1157/1157 1158/1158/1158 1159/1159/1159
f 1160/1160/1160 1161/1161/1161 1162/1162/1162
f 1163/1163/1163 1164/1164/1164 1165/1165/1165
f 1166/1166/1166 1167/1167/1167 1168/1168/1168
f 1169/1169/1169 1170/1170/1170 1171/1171/1171
f 1172/1172/1172 1173/1173/1173 1168/1168/1168
f 1167/1167/1167 1172/1172/1172 1168/1168/1168
f 1174/1174/1174 1175/1175/1175 1176/1176/1176
f 1153/1153/1153 1177/1177/1177 1178/1178/1178
f 1153/1153/1153 1179/1179/1179 1177/1177/1177
f 1180/1180/1180 1177/1177/1177 1179/1179/1179
f 1180/1180/1180 1181/1181/1181 1177/1177/1177
f 1182/1182/1182 1136/1136/1136 1178/1178/1178
f 1153/1153/1153 1178/1178/1178 1136/1136/1136
f 1183/1183/1183 1175/1175/1175 1174/1174/1174
f 1184/1184/1184 1183/1183/1183 1160/1160/1160
f 1183/1183/1183 1174/1174/1174 1160/1160/1160
f 1156/1156/1156 1185/1185/1185 1184/1184/1184
f 1186/1186/1186 1187/1187/1187 1138/1138/1138
f 1188/1188/1188 1189/1189/1189 1190/1190/1190
f 1179/1179/1179 1191/1191/1191 1180/1180/1180
f 1192/1192/1192 1181/1181/1181 1180/1180/1180
f 1193/1193/1193 1194/1194/1194 1164/1164/1164
f 1195/1195/1195 1164/1164/1164 1194/1194/1194
f 1194/1194/1194 1196/1196/1196 1195/1195/1195
f 1197/1197/1197 1198/1198/1198 1199/1199/1199
f 1200/1200/1200 1201/1201/1201 1202/1202/1202
f 1203/1203/1203 1204/1204/1204 1205/1205/1205
f 1206/1206/1206 1207/1207/1207 1208/1208/1208
f 1209/1209/1209 1206/1206/1206 1208/1208/1208
f 1210/1210/1210 1211/1211/1211 1212/1212/1212
f 1213/1213/1213 1214/1214/1214 1215/1215/1215
f 1216/1216/1216 1215/1215/1215 1217/1217/1217
f 1217/1217/1217 1218/1218/1218 1216/1216/1216
f 1219/1219/1219 1220/1220/1220 1221/1221/1221
f 1222/1222/1222 1220/1220/1220 1219/1219/1219
f 1223/1223/1223 1224/1224/1224 1225/1225/1225
f 1226/1226/1226 1227/1227/1227 1228/1228/1228
f 1229/1229/1229 1230/1230/1230 1231/1231/1231
f 1228/1228/1228 1232/1232/1232 1233/1233/1233
f 1234/1234/1234 1228/1228/1228 1233/1233/1233
f 1222/1222/1222 1230/1230/1230 1235/1235/1235
f 1236/1236/1236 1237/1237/1237 1238/1238/1238
f 1239/1239/1239 1238/1238/1238 1240/1240/1240
f 1240/1240/1240 1241/1241/1241 1239/1239/1239
f 1242/1242/1242 1240/1240/1240 1243/1243/1243
f 1244/1244/1244 1241/1241/1241 1240/1240/1240
f 1245/1245/1245 1239/1239/1239 1241/1241/1241
f 1246/1246/1246 1247/1247/1247 1235/1235/1235
f 1248/1248/1248 1249/1249/1249 1250/1250/1250
f 1251/1251/1251 1252/1252/1252 1253/1253/1253
f 1212/1212/1212 1254/1254/1254 1159/1159/1159
f 1255/1255/1255 1256/1256/1256 1257/1257/1257
f 1258/1258/1258 1259/1259/1259 1260/1260/1260
f 1261/1261/1261 1262/1262/1262 1263/1263/1263
f 1264/1264/1264 1265/1265/1265 1266/1266/1266
f 1267/1267/1267 1268/1268/1268 1269/1269/1269
f 1270/1270/1270 1265/1265/1265 1271/1271/1271
f 1264/1264/1264 1272/1272/1272 1273/1273/1273
f 1274/1274/1274 1275/1275/1275 1276/1276/1276
f 1277/1277/1277 1278/1278/1278 1279/1279/1279
f 1280/1280/1280 1281/1281/1281 1282/1282/1282
f 1253/1253/1253 1283/1283/1283 1284/1284/1284
f 1285/1285/1285 1286/1286/1286 1287/1287/1287
f 1288/1288/1288 1289/1289/1289 1290/1290/1290
f 1291/1291/1291 1292/1292/1292 1293/1293/1293
f 1291/1291/1291 1293/1293/1293 1294/1294/1294
f 1295/1295/1295 1292/1292/1292 1296/1296/1296
f 1270/1270/1270 1291/1291/1291 1294/1294/1294
f 1269/1269/1269 1286/1286/1286 1297/1297/1297
f 1276/1276/1276 1277/1277/1277 1298/1298/1298
f 1297/1297/1297 1299/1299/1299 1300/1300/1300
f 1301/1301/1301 1298/1298/1298 1284/1284/1284
f 1298/1298/1298 1301/1301/1301 1280/1280/1280
f 1280/1280/1280 1276/1276/1276 1298/1298/1298
f 1269/1269/1269 1297/1297/1297 1300/1300/1300
f 1302/1302/1302 1303/1303/1303 1304/1304/1304
f 1303/1303/1303 1305/1305/1305 1304/1304/1304
f 1304/1304/1304 1305/1305/1305 1306/1306/1306
f 1307/1307/1307 1308/1308/1308 1309/1309/1309
f 1303/1303/1303 1295/1295/1295 1296/1296/1296
f 1305/1305/1305 1310/1310/1310 1306/1306/1306
f 1311/1311/1311 1306/1306/1306 1310/1310/1310
f 1310/1310/1310 1312/1312/1312 1313/1313/1313
f 1314/1314/1314 1315/1315/1315 1316/1316/1316
f 1317/1317/1317 1314/1314/1314 1316/1316/1316
f 1318/1318/1318 1319/1319/1319 1317/1317/1317
f 1320/1320/1320 1321/1321/1321 1322/1322/1322
f 1323/1323/1323 1273/1273/1273 1324/1324/1324
f 1325/1325/1325 1326/1326/1326 1327/1327/1327
f 1327/1327/1327 1328/1328/1328 1329/1329/1329
f 1324/1324/1324 1330/1330/1330 1331/1331/1331
f 1318/1318/1318 1332/1332/1332 1319/1319/1319
f 1332/1332/1332 1318/1318/1318 1333/1333/1333
f 1322/1322/1322 1334/1334/1334 1316/1316/1316
f 1334/1334/1334 1322/1322/1322 1335/1335/1335
f 1336/1336/1336 1334/1334/1334 1335/1335/1335
f 1337/1337/1337 1338/1338/1338 1339/1339/1339
f 1340/1340/1340 1313/1313/1313 1312/1312/1312
f 1313/1313/1313 1340/1340/1340 1341/1341/1341
f 1341/1341/1341 1342/1342/1342 1313/1313/1313
f 1343/1343/1343 1344/1344/1344 1345/1345/1345
f 1346/1346/1346 1347/1347/1347 1348/1348/1348
f 1349/1349/1349 1350/1350/1350 1351/1351/1351
f 1352/1352/1352 1348/1348/1348 1347/1347/1347
f 1353/1353/1353 1354/1354/1354 1355/1355/1355
f 1356/1356/1356 1273/1273/1273 1357/1357/1357
f 1358/1358/1358 1359/1359/1359 1354/1354/1354
f 1360/1360/1360 980/980/980 1361/1361/1361
f 1362/1362/1362 1363/1363/1363 1360/1360/1360
f 1364/1364/1364 1363/1363/1363 1362/1362/1362
f 1363/1363/1363 985/985/985 984/984/984
f 1365/1365/1365 1366/1366/1366 1367/1367/1367
f 1368/1368/1368 1350/1350/1350 1349/1349/1349
f 1369/1369/1369 1368/1368/1368 1370/1370/1370
f 1370/1370/1370 1368/1368/1368 1349/1349/1349
f 1371/1371/1371 1370/1370/1370 1349/1349/1349
f 1372/1372/1372 1371/1371/1371 1349/1349/1349
f 995/995/995 994/994/994 1133/1133/1133
f 1133/1133/1133 1132/1132/1132 995/995/995
f 1345/1345/1345 996/996/996 995/995/995
f 995/995/995 1132/1132/1132 1345/1345/1345
f 1343/1343/1343 1345/1345/1345 1132/1132/1132
f 1132/1132/1132 1131/1131/1131 1343/1343/1343
f 1135/1135/1135 1134/1134/1134 1131/1131/1131
f 1131/1131/1131 1130/1130/1130 1135/1135/1135
f 1131/1131/1131 1134/1134/1134 1373/1373/1373
f 1373/1373/1373 1343/1343/1343 1131/1131/1131
f 1130/1130/1130 1151/1151/1151 1139/1139/1139
f 1139/1139/1139 1135/1135/1135 1130/1130/1130
f 1135/1135/1135 1139/1139/1139 1152/1152/1152
f 1152/1152/1152 1136/1136/1136 1135/1135/1135
f 1139/1139/1139 1151/1151/1151 1148/1148/1148
f 1148/1148/1148 1137/1137/1137 1139/1139/1139
f 1138/1138/1138 1374/1374/1374 1152/1152/1152
f 1152/1152/1152 1139/1139/1139 1138/1138/1138
f 1149/1149/1149 1143/1143/1143 1142/1142/1142
f 1142/1142/1142 1137/1137/1137 1149/1149/1149
f 1186/1186/1186 1138/1138/1138 1137/1137/1137
f 1137/1137/1137 1142/1142/1142 1186/1186/1186
f 1375/1375/1375 1186/1186/1186 1142/1142/1142
f 1142/1142/1142 1141/1141/1141 1375/1375/1375
f 1375/1375/1375 1141/1141/1141 1188/1188/1188
f 1188/1188/1188 1190/1190/1190 1375/1375/1375
f 1376/1376/1376 1144/1144/1144 1143/1143/1143
f 1143/1143/1143 1377/1377/1377 1376/1376/1376
f 1378/1378/1378 1376/1376/1376 1377/1377/1377
f 1377/1377/1377 1379/1379/1379 1378/1378/1378
f 1379/1379/1379 1005/1005/1005 1004/1004/1004
f 1004/1004/1004 1378/1378/1378 1379/1379/1379
f 1146/1146/1146 1006/1006/1006 1005/1005/1005
f 1005/1005/1005 1379/1379/1379 1146/1146/1146
f 1377/1377/1377 1147/1147/1147 1146/1146/1146
f 1146/1146/1146 1379/1379/1379 1377/1377/1377
f 1143/1143/1143 1149/1149/1149 1147/1147/1147
f 1147/1147/1147 1377/1377/1377 1143/1143/1143
f 1145/1145/1145 1147/1147/1147 1149/1149/1149
f 1149/1149/1149 1380/1380/1380 1145/1145/1145
f 1148/1148/1148 1381/1381/1381 1380/1380/1380
f 1380/1380/1380 1149/1149/1149 1148/1148/1148
f 1380/1380/1380 1010/1010/1010 1009/1009/1009
f 1009/1009/1009 1145/1145/1145 1380/1380/1380
f 1380/1380/1380 1381/1381/1381 1011/1011/1011
f 1011/1011/1011 1010/1010/1010 1380/1380/1380
f 1012/1012/1012 1011/1011/1011 1381/1381/1381
f 1381/1381/1381 1150/1150/1150 1012/1012/1012
f 1374/1374/1374 1179/1179/1179 1153/1153/1153
f 1153/1153/1153 1152/1152/1152 1374/1374/1374
f 1182/1182/1182 1185/1185/1185 1382/1382/1382
f 1382/1382/1382 1383/1383/1383 1182/1182/1182
f 1155/1155/1155 1382/1382/1382 1185/1185/1185
f 1185/1185/1185 1156/1156/1156 1155/1155/1155
f 1383/1383/1383 1382/1382/1382 1384/1384/1384
f 1384/1384/1384 1385/1385/1385 1383/1383/1383
f 1382/1382/1382 1155/1155/1155 1386/1386/1386
f 1386/1386/1386 1384/1384/1384 1382/1382/1382
f 1155/1155/1155 1154/1154/1154 1387/1387/1387
f 1387/1387/1387 1388/1388/1388 1155/1155/1155
f 1156/1156/1156 1162/1162/1162 1158/1158/1158
f 1158/1158/1158 1154/1154/1154 1156/1156/1156
f 1157/1157/1157 1387/1387/1387 1154/1154/1154
f 1154/1154/1154 1158/1158/1158 1157/1157/1157
f 1158/1158/1158 1162/1162/1162 1161/1161/1161
f 1161/1161/1161 1389/1389/1389 1158/1158/1158
f 1389/1389/1389 1212/1212/1212 1159/1159/1159
f 1159/1159/1159 1158/1158/1158 1389/1389/1389
f 1161/1161/1161 1166/1166/1166 1165/1165/1165
f 1165/1165/1165 1389/1389/1389 1161/1161/1161
f 1166/1166/1166 1161/1161/1161 1160/1160/1160
f 1160/1160/1160 1167/1167/1167 1166/1166/1166
f 1165/1165/1165 1164/1164/1164 1195/1195/1195
f 1195/1195/1195 1389/1389/1389 1165/1165/1165
f 1195/1195/1195 1210/1210/1210 1212/1212/1212
f 1212/1212/1212 1389/1389/1389 1195/1195/1195
f 1166/1166/1166 1168/1168/1168 1169/1169/1169
f 1169/1169/1169 1165/1165/1165 1166/1166/1166
f 1169/1169/1169 1171/1171/1171 1163/1163/1163
f 1163/1163/1163 1165/1165/1165 1169/1169/1169
f 1390/1390/1390 1169/1169/1169 1168/1168/1168
f 1168/1168/1168 1173/1173/1173 1390/1390/1390
f 1390/1390/1390 1391/1391/1391 1170/1170/1170
f 1170/1170/1170 1169/1169/1169 1390/1390/1390
f 1390/1390/1390 1173/1173/1173 1176/1176/1176
f 1176/1176/1176 1177/1177/1177 1390/1390/1390
f 1172/1172/1172 1174/1174/1174 1176/1176/1176
f 1176/1176/1176 1173/1173/1173 1172/1172/1172
f 1181/1181/1181 1391/1391/1391 1390/1390/1390
f 1390/1390/1390 1177/1177/1177 1181/1181/1181
f 1176/1176/1176 1175/1175/1175 1178/1178/1178
f 1178/1178/1178 1177/1177/1177 1176/1176/1176
f 1175/1175/1175 1183/1183/1183 1184/1184/1184
f 1184/1184/1184 1178/1178/1178 1175/1175/1175
f 1136/1136/1136 1182/1182/1182 1383/1383/1383
f 1383/1383/1383 1134/1134/1134 1136/1136/1136
f 1191/1191/1191 1179/1179/1179 1374/1374/1374
f 1374/1374/1374 1138/1138/1138 1191/1191/1191
f 1187/1187/1187 1180/1180/1180 1191/1191/1191
f 1191/1191/1191 1138/1138/1138 1187/1187/1187
f 1192/1192/1192 1180/1180/1180 1187/1187/1187
f 1187/1187/1187 1186/1186/1186 1192/1192/1192
f 1190/1190/1190 1391/1391/1391 1181/1181/1181
f 1181/1181/1181 1375/1375/1375 1190/1190/1190
f 1170/1170/1170 1391/1391/1391 1190/1190/1190
f 1190/1190/1190 1392/1392/1392 1170/1170/1170
f 1393/1393/1393 1392/1392/1392 1190/1190/1190
f 1190/1190/1190 1189/1189/1189 1393/1393/1393
f 1394/1394/1394 1171/1171/1171 1170/1170/1170
f 1170/1170/1170 1392/1392/1392 1394/1394/1394
f 1395/1395/1395 1394/1394/1394 1392/1392/1392
f 1392/1392/1392 1393/1393/1393 1395/1395/1395
f 1396/1396/1396 1163/1163/1163 1171/1171/1171
f 1171/1171/1171 1394/1394/1394 1396/1396/1396
f 1199/1199/1199 1396/1396/1396 1394/1394/1394
f 1394/1394/1394 1395/1395/1395 1199/1199/1199
f 1163/1163/1163 1396/1396/1396 1193/1193/1193
f 1193/1193/1193 1164/1164/1164 1163/1163/1163
f 1198/1198/1198 1193/1193/1193 1396/1396/1396
f 1396/1396/1396 1199/1199/1199 1198/1198/1198
f 1194/1194/1194 1193/1193/1193 1198/1198/1198
f 1198/1198/1198 1196/1196/1196 1194/1194/1194
f 1397/1397/1397 1196/1196/1196 1198/1198/1198
f 1198/1198/1198 1197/1197/1197 1397/1397/1397
f 1200/1200/1200 1210/1210/1210 1195/1195/1195
f 1195/1195/1195 1196/1196/1196 1200/1200/1200
f 1397/1397/1397 1201/1201/1201 1200/1200/1200
f 1200/1200/1200 1196/1196/1196 1397/1397/1397
f 1202/1202/1202 1211/1211/1211 1210/1210/1210
f 1210/1210/1210 1200/1200/1200 1202/1202/1202
f 1205/1205/1205 1204/1204/1204 1202/1202/1202
f 1202/1202/1202 1201/1201/1201 1205/1205/1205
f 1202/1202/1202 1204/1204/1204 1257/1257/1257
f 1257/1257/1257 1211/1211/1211 1202/1202/1202
f 1204/1204/1204 1203/1203/1203 1255/1255/1255
f 1255/1255/1255 1257/1257/1257 1204/1204/1204
f 1205/1205/1205 1398/1398/1398 1207/1207/1207
f 1207/1207/1207 1203/1203/1203 1205/1205/1205
f 1207/1207/1207 1206/1206/1206 1399/1399/1399
f 1399/1399/1399 1203/1203/1203 1207/1207/1207
f 1400/1400/1400 1255/1255/1255 1203/1203/1203
f 1203/1203/1203 1399/1399/1399 1400/1400/1400
f 1201/1201/1201 1397/1397/1397 1398/1398/1398
f 1398/1398/1398 1205/1205/1205 1201/1201/1201
f 1208/1208/1208 1207/1207/1207 1398/1398/1398
f 1398/1398/1398 1401/1401/1401 1208/1208/1208
f 1401/1401/1401 1398/1398/1398 1397/1397/1397
f 1397/1397/1397 1197/1197/1197 1401/1401/1401
f 1211/1211/1211 1257/1257/1257 1254/1254/1254
f 1254/1254/1254 1212/1212/1212 1211/1211/1211
f 1225/1225/1225 1400/1400/1400 1399/1399/1399
f 1399/1399/1399 1402/1402/1402 1225/1225/1225
f 1399/1399/1399 1206/1206/1206 1209/1209/1209
f 1209/1209/1209 1402/1402/1402 1399/1399/1399
f 1225/1225/1225 1224/1224/1224 1403/1403/1403
f 1403/1403/1403 1400/1400/1400 1225/1225/1225
f 1400/1400/1400 1403/1403/1403 1256/1256/1256
f 1256/1256/1256 1255/1255/1255 1400/1400/1400
f 1404/1404/1404 1405/1405/1405 1406/1406/1406
f 1406/1406/1406 1407/1407/1407 1404/1404/1404
f 1404/1404/1404 1258/1258/1258 1408/1408/1408
f 1408/1408/1408 1405/1405/1405 1404/1404/1404
f 1407/1407/1407 1214/1214/1214 1409/1409/1409
f 1409/1409/1409 1404/1404/1404 1407/1407/1407
f 1259/1259/1259 1258/1258/1258 1404/1404/1404
f 1404/1404/1404 1409/1409/1409 1259/1259/1259
f 1409/1409/1409 1214/1214/1214 1213/1213/1213
f 1213/1213/1213 1259/1259/1259 1409/1409/1409
f 1217/1217/1217 1215/1215/1215 1214/1214/1214
f 1214/1214/1214 1407/1407/1407 1217/1217/1217
f 1405/1405/1405 1403/1403/1403 1224/1224/1224
f 1224/1224/1224 1406/1406/1406 1405/1405/1405
f 1405/1405/1405 1408/1408/1408 1256/1256/1256
f 1256/1256/1256 1403/1403/1403 1405/1405/1405
f 1410/1410/1410 1217/1217/1217 1407/1407/1407
f 1407/1407/1407 1406/1406/1406 1410/1410/1410
f 1221/1221/1221 1218/1218/1218 1217/1217/1217
f 1217/1217/1217 1410/1410/1410 1221/1221/1221
f 1406/1406/1406 1224/1224/1224 1223/1223/1223
f 1223/1223/1223 1410/1410/1410 1406/1406/1406
f 1219/1219/1219 1221/1221/1221 1410/1410/1410
f 1410/1410/1410 1223/1223/1223 1219/1219/1219
f 1223/1223/1223 1411/1411/1411 1412/1412/1412
f 1412/1412/1412 1219/1219/1219 1223/1223/1223
f 1219/1219/1219 1412/1412/1412 1413/1413/1413
f 1413/1413/1413 1222/1222/1222 1219/1219/1219
f 1411/1411/1411 1223/1223/1223 1225/1225/1225
f 1225/1225/1225 1232/1232/1232 1411/1411/1411
f 1402/1402/1402 1233/1233/1233 1232/1232/1232
f 1232/1232/1232 1225/1225/1225 1402/1402/1402
f 1227/1227/1227 1411/1411/1411 1232/1232/1232
f 1232/1232/1232 1228/1228/1228 1227/1227/1227
f 1411/1411/1411 1227/1227/1227 1413/1413/1413
f 1413/1413/1413 1412/1412/1412 1411/1411/1411
f 1414/1414/1414 1413/1413/1413 1227/1227/1227
f 1227/1227/1227 1226/1226/1226 1414/1414/1414
f 1234/1234/1234 1231/1231/1231 1226/1226/1226
f 1226/1226/1226 1228/1228/1228 1234/1234/1234
f 1230/1230/1230 1414/1414/1414 1226/1226/1226
f 1226/1226/1226 1231/1231/1231 1230/1230/1230
f 1415/1415/1415 1416/1416/1416 1220/1220/1220
f 1220/1220/1220 1222/1222/1222 1415/1415/1415
f 1417/1417/1417 1235/1235/1235 1230/1230/1230
f 1230/1230/1230 1229/1229/1229 1417/1417/1417
f 1415/1415/1415 1247/1247/1247 1237/1237/1237
f 1237/1237/1237 1236/1236/1236 1415/1415/1415
f 1238/1238/1238 1239/1239/1239 1418/1418/1418
f 1418/1418/1418 1236/1236/1236 1238/1238/1238
f 1243/1243/1243 1240/1240/1240 1238/1238/1238
f 1238/1238/1238 1237/1237/1237 1243/1243/1243
f 1419/1419/1419 1244/1244/1244 1240/1240/1240
f 1240/1240/1240 1242/1242/1242 1419/1419/1419
f 1418/1418/1418 1420/1420/1420 1218/1218/1218
f 1218/1218/1218 1416/1416/1416 1418/1418/1418
f 1239/1239/1239 1245/1245/1245 1421/1421/1421
f 1421/1421/1421 1418/1418/1418 1239/1239/1239
f 1421/1421/1421 1285/1285/1285 1420/1420/1420
f 1420/1420/1420 1418/1418/1418 1421/1421/1421
f 1237/1237/1237 1247/1247/1247 1246/1246/1246
f 1246/1246/1246 1243/1243/1243 1237/1237/1237
f 1417/1417/1417 1422/1422/1422 1246/1246/1246
f 1246/1246/1246 1235/1235/1235 1417/1417/1417
f 1243/1243/1243 1246/1246/1246 1422/1422/1422
f 1422/1422/1422 1423/1423/1423 1243/1243/1243
f 1242/1242/1242 1243/1243/1243 1423/1423/1423
f 1423/1423/1423 1424/1424/1424 1242/1242/1242
f 1425/1425/1425 1419/1419/1419 1242/1242/1242
f 1242/1242/1242 1424/1424/1424 1425/1425/1425
f 1426/1426/1426 1248/1248/1248 1427/1427/1427
f 1427/1427/1427 1425/1425/1425 1426/1426/1426
f 1427/1427/1427 1428/1428/1428 1419/1419/1419
f 1419/1419/1419 1425/1425/1425 1427/1427/1427
f 1427/1427/1427 1248/1248/1248 1250/1250/1250
f 1250/1250/1250 1429/1429/1429 1427/1427/1427
f 1429/1429/1429 1261/1261/1261 1428/1428/1428
f 1428/1428/1428 1427/1427/1427 1429/1429/1429
f 1249/1249/1249 1248/1248/1248 1426/1426/1426
f 1426/1426/1426 1430/1430/1430 1249/1249/1249
f 1431/1431/1431 1249/1249/1249 1432/1432/1432
f 1432/1432/1432 1433/1433/1433 1431/1431/1431
f 1430/1430/1430 1434/1434/1434 1432/1432/1432
f 1432/1432/1432 1249/1249/1249 1430/1430/1430
f 1435/1435/1435 1250/1250/1250 1249/1249/1249
f 1249/1249/1249 1431/1431/1431 1435/1435/1435
f 1435/1435/1435 1436/1436/1436 1429/1429/1429
f 1429/1429/1429 1250/1250/1250 1435/1435/1435
f 1428/1428/1428 1437/1437/1437 1244/1244/1244
f 1244/1244/1244 1419/1419/1419 1428/1428/1428
f 1261/1261/1261 1263/1263/1263 1437/1437/1437
f 1437/1437/1437 1428/1428/1428 1261/1261/1261
f 1244/1244/1244 1437/1437/1437 1251/1251/1251
f 1251/1251/1251 1241/1241/1241 1244/1244/1244
f 1251/1251/1251 1437/1437/1437 1263/1263/1263
f 1263/1263/1263 1252/1252/1252 1251/1251/1251
f 1251/1251/1251 1253/1253/1253 1245/1245/1245
f 1245/1245/1245 1241/1241/1241 1251/1251/1251
f 1159/1159/1159 1254/1254/1254 1260/1260/1260
f 1260/1260/1260 1157/1157/1157 1159/1159/1159
f 1309/1309/1309 1438/1438/1438 1387/1387/1387
f 1387/1387/1387 1157/1157/1157 1309/1309/1309
f 1157/1157/1157 1260/1260/1260 1259/1259/1259
f 1259/1259/1259 1309/1309/1309 1157/1157/1157
f 1438/1438/1438 1439/1439/1439 1388/1388/1388
f 1388/1388/1388 1387/1387/1387 1438/1438/1438
f 1254/1254/1254 1257/1257/1257 1256/1256/1256
f 1256/1256/1256 1260/1260/1260 1254/1254/1254
f 1285/1285/1285 1287/1287/1287 1440/1440/1440
f 1440/1440/1440 1420/1420/1420 1285/1285/1285
f 1287/1287/1287 1288/1288/1288 1441/1441/1441
f 1441/1441/1441 1440/1440/1440 1287/1287/1287
f 1440/1440/1440 1441/1441/1441 1307/1307/1307
f 1307/1307/1307 1442/1442/1442 1440/1440/1440
f 1443/1443/1443 1441/1441/1441 1288/1288/1288
f 1288/1288/1288 1290/1290/1290 1443/1443/1443
f 1441/1441/1441 1443/1443/1443 1308/1308/1308
f 1308/1308/1308 1307/1307/1307 1441/1441/1441
f 1444/1444/1444 1443/1443/1443 1290/1290/1290
f 1290/1290/1290 1293/1293/1293 1444/1444/1444
f 1302/1302/1302 1308/1308/1308 1443/1443/1443
f 1443/1443/1443 1444/1444/1444 1302/1302/1302
f 1293/1293/1293 1292/1292/1292 1295/1295/1295
f 1295/1295/1295 1444/1444/1444 1293/1293/1293
f 1303/1303/1303 1302/1302/1302 1444/1444/1444
f 1444/1444/1444 1295/1295/1295 1303/1303/1303
f 1436/1436/1436 1262/1262/1262 1261/1261/1261
f 1261/1261/1261 1429/1429/1429 1436/1436/1436
f 1253/1253/1253 1252/1252/1252 1445/1445/1445
f 1445/1445/1445 1283/1283/1283 1253/1253/1253
f 1446/1446/1446 1447/1447/1447 1283/1283/1283
f 1283/1283/1283 1445/1445/1445 1446/1446/1446
f 1448/1448/1448 1281/1281/1281 1447/1447/1447
f 1447/1447/1447 1446/1446/1446 1448/1448/1448
f 1282/1282/1282 1281/1281/1281 1448/1448/1448
f 1448/1448/1448 1449/1449/1449 1282/1282/1282
f 1450/1450/1450 1449/1449/1449 1451/1451/1451
f 1451/1451/1451 1272/1272/1272 1450/1450/1450
f 1282/1282/1282 1449/1449/1449 1450/1450/1450
f 1450/1450/1450 1274/1274/1274 1282/1282/1282
f 1264/1264/1264 1266/1266/1266 1450/1450/1450
f 1450/1450/1450 1272/1272/1272 1264/1264/1264
f 1266/1266/1266 1275/1275/1275 1274/1274/1274
f 1274/1274/1274 1450/1450/1450 1266/1266/1266
f 1452/1452/1452 1453/1453/1453 1266/1266/1266
f 1266/1266/1266 1265/1265/1265 1452/1452/1452
f 1453/1453/1453 1278/1278/1278 1275/1275/1275
f 1275/1275/1275 1266/1266/1266 1453/1453/1453
f 1452/1452/1452 1268/1268/1268 1267/1267/1267
f 1267/1267/1267 1453/1453/1453 1452/1452/1452
f 1267/1267/1267 1279/1279/1279 1278/1278/1278
f 1278/1278/1278 1453/1453/1453 1267/1267/1267
f 1267/1267/1267 1269/1269/1269 1300/1300/1300
f 1300/1300/1300 1279/1279/1279 1267/1267/1267
f 1452/1452/1452 1265/1265/1265 1270/1270/1270
f 1270/1270/1270 1294/1294/1294 1452/1452/1452
f 1271/1271/1271 1265/1265/1265 1264/1264/1264
f 1264/1264/1264 1454/1454/1454 1271/1271/1271
f 1268/1268/1268 1452/1452/1452 1294/1294/1294
f 1294/1294/1294 1289/1289/1289 1268/1268/1268
f 1289/1289/1289 1286/1286/1286 1269/1269/1269
f 1269/1269/1269 1268/1268/1268 1289/1289/1289
f 1272/1272/1272 1451/1451/1451 1357/1357/1357
f 1357/1357/1357 1273/1273/1273 1272/1272/1272
f 1273/1273/1273 1323/1323/1323 1454/1454/1454
f 1454/1454/1454 1264/1264/1264 1273/1273/1273
f 1279/1279/1279 1300/1300/1300 1298/1298/1298
f 1298/1298/1298 1277/1277/1277 1279/1279/1279
f 1447/1447/1447 1281/1281/1281 1280/1280/1280
f 1280/1280/1280 1301/1301/1301 1447/1447/1447
f 1253/1253/1253 1284/1284/1284 1299/1299/1299
f 1299/1299/1299 1245/1245/1245 1253/1253/1253
f 1245/1245/1245 1299/1299/1299 1297/1297/1297
f 1297/1297/1297 1421/1421/1421 1245/1245/1245
f 1296/1296/1296 1292/1292/1292 1291/1291/1291
f 1291/1291/1291 1455/1455/1455 1296/1296/1296
f 1438/1438/1438 1309/1309/1309 1304/1304/1304
f 1304/1304/1304 1306/1306/1306 1438/1438/1438
f 1308/1308/1308 1302/1302/1302 1304/1304/1304
f 1304/1304/1304 1309/1309/1309 1308/1308/1308
f 1259/1259/1259 1213/1213/1213 1307/1307/1307
f 1307/1307/1307 1309/1309/1309 1259/1259/1259
f 1296/1296/1296 1456/1456/1456 1305/1305/1305
f 1305/1305/1305 1303/1303/1303 1296/1296/1296
f 1311/1311/1311 1439/1439/1439 1438/1438/1438
f 1438/1438/1438 1306/1306/1306 1311/1311/1311
f 1456/1456/1456 1312/1312/1312 1310/1310/1310
f 1310/1310/1310 1305/1305/1305 1456/1456/1456
f 1311/1311/1311 1310/1310/1310 1313/1313/1313
f 1313/1313/1313 1342/1342/1342 1311/1311/1311
f 1456/1456/1456 1296/1296/1296 1314/1314/1314
f 1314/1314/1314 1317/1317/1317 1456/1456/1456
f 1455/1455/1455 1315/1315/1315 1314/1314/1314
f 1314/1314/1314 1296/1296/1296 1455/1455/1455
f 1317/1317/1317 1319/1319/1319 1312/1312/1312
f 1312/1312/1312 1456/1456/1456 1317/1317/1317
f 1316/1316/1316 1457/1457/1457 1318/1318/1318
f 1318/1318/1318 1317/1317/1317 1316/1316/1316
f 1454/1454/1454 1321/1321/1321 1320/1320/1320
f 1320/1320/1320 1271/1271/1271 1454/1454/1454
f 1316/1316/1316 1315/1315/1315 1320/1320/1320
f 1320/1320/1320 1322/1322/1322 1316/1316/1316
f 1323/1323/1323 1458/1458/1458 1321/1321/1321
f 1321/1321/1321 1454/1454/1454 1323/1323/1323
f 1458/1458/1458 1335/1335/1335 1322/1322/1322
f 1322/1322/1322 1321/1321/1321 1458/1458/1458
f 1324/1324/1324 1459/1459/1459 1458/1458/1458
f 1458/1458/1458 1323/1323/1323 1324/1324/1324
f 1460/1460/1460 1335/1335/1335 1458/1458/1458
f 1458/1458/1458 1459/1459/1459 1460/1460/1460
f 1324/1324/1324 1331/1331/1331 1461/1461/1461
f 1461/1461/1461 1459/1459/1459 1324/1324/1324
f 1462/1462/1462 1460/1460/1460 1459/1459/1459
f 1459/1459/1459 1461/1461/1461 1462/1462/1462
f 1463/1463/1463 1464/1464/1464 1461/1461/1461
f 1461/1461/1461 1331/1331/1331 1463/1463/1463
f 1461/1461/1461 1464/1464/1464 1465/1465/1465
f 1465/1465/1465 1462/1462/1462 1461/1461/1461
f 1466/1466/1466 1464/1464/1464 1463/1463/1463
f 1463/1463/1463 1467/1467/1467 1466/1466/1466
f 1337/1337/1337 1465/1465/1465 1464/1464/1464
f 1464/1464/1464 1466/1466/1466 1337/1337/1337
f 1467/1467/1467 1468/1468/1468 1469/1469/1469
f 1469/1469/1469 1466/1466/1466 1467/1467/1467
f 1338/1338/1338 1337/1337/1337 1466/1466/1466
f 1466/1466/1466 1469/1469/1469 1338/1338/1338
f 1327/1327/1327 1469/1469/1469 1468/1468/1468
f 1468/1468/1468 1325/1325/1325 1327/1327/1327
f 1329/1329/1329 1338/1338/1338 1469/1469/1469
f 1469/1469/1469 1327/1327/1327 1329/1329/1329
f 1470/1470/1470 1328/1328/1328 1327/1327/1327
f 1327/1327/1327 1326/1326/1326 1470/1470/1470
f 1356/1356/1356 1330/1330/1330 1324/1324/1324
f 1324/1324/1324 1273/1273/1273 1356/1356/1356
f 1319/1319/1319 1332/1332/1332 1340/1340/1340
f 1340/1340/1340 1312/1312/1312 1319/1319/1319
f 1332/1332/1332 1333/1333/1333 1336/1336/1336
f 1336/1336/1336 1340/1340/1340 1332/1332/1332
f 1471/1471/1471 1333/1333/1333 1318/1318/1318
f 1318/1318/1318 1457/1457/1457 1471/1471/1471
f 1336/1336/1336 1333/1333/1333 1471/1471/1471
f 1471/1471/1471 1334/1334/1334 1336/1336/1336
f 1472/1472/1472 1336/1336/1336 1335/1335/1335
f 1335/1335/1335 1460/1460/1460 1472/1472/1472
f 1460/1460/1460 1462/1462/1462 1473/1473/1473
f 1473/1473/1473 1472/1472/1472 1460/1460/1460
f 1462/1462/1462 1465/1465/1465 1474/1474/1474
f 1474/1474/1474 1473/1473/1473 1462/1462/1462
f 1339/1339/1339 1474/1474/1474 1465/1465/1465
f 1465/1465/1465 1337/1337/1337 1339/1339/1339
f 1338/1338/1338 1329/1329/1329 1352/1352/1352
f 1352/1352/1352 1339/1339/1339 1338/1338/1338
f 1352/1352/1352 1329/1329/1329 1328/1328/1328
f 1328/1328/1328 1348/1348/1348 1352/1352/1352
f 1336/1336/1336 1472/1472/1472 1341/1341/1341
f 1341/1341/1341 1340/1340/1340 1336/1336/1336
f 1472/1472/1472 1473/1473/1473 1475/1475/1475
f 1475/1475/1475 1341/1341/1341 1472/1472/1472
f 1342/1342/1342 1341/1341/1341 1475/1475/1475
f 1475/1475/1475 1476/1476/1476 1342/1342/1342
f 1477/1477/1477 1475/1475/1475 1473/1473/1473
f 1473/1473/1473 1474/1474/1474 1477/1477/1477
f 1476/1476/1476 1475/1475/1475 1477/1477/1477
f 1477/1477/1477 1478/1478/1478 1476/1476/1476
f 1479/1479/1479 1477/1477/1477 1474/1474/1474
f 1474/1474/1474 1339/1339/1339 1479/1479/1479
f 1479/1479/1479 1386/1386/1386 1478/1478/1478
f 1478/1478/1478 1477/1477/1477 1479/1479/1479
f 1480/1480/1480 1479/1479/1479 1339/1339/1339
f 1339/1339/1339 1352/1352/1352 1480/1480/1480
f 1480/1480/1480 1384/1384/1384 1386/1386/1386
f 1386/1386/1386 1479/1479/1479 1480/1480/1480
f 1347/1347/1347 1481/1481/1481 1480/1480/1480
f 1480/1480/1480 1352/1352/1352 1347/1347/1347
f 1481/1481/1481 1385/1385/1385 1384/1384/1384
f 1384/1384/1384 1480/1480/1480 1481/1481/1481
f 1482/1482/1482 1481/1481/1481 1347/1347/1347
f 1347/1347/1347 1483/1483/1483 1482/1482/1482
f 1481/1481/1481 1482/1482/1482 1373/1373/1373
f 1373/1373/1373 1385/1385/1385 1481/1481/1481
f 1482/1482/1482 1483/1483/1483 1355/1355/1355
f 1355/1355/1355 1344/1344/1344 1482/1482/1482
f 1343/1343/1343 1373/1373/1373 1482/1482/1482
f 1482/1482/1482 1344/1344/1344 1343/1343/1343
f 1354/1354/1354 1359/1359/1359 1344/1344/1344
f 1344/1344/1344 1355/1355/1355 1354/1354/1354
f 1345/1345/1345 1344/1344/1344 1359/1359/1359
f 1359/1359/1359 1484/1484/1484 1345/1345/1345
f 1470/1470/1470 1485/1485/1485 1348/1348/1348
f 1348/1348/1348 1328/1328/1328 1470/1470/1470
f 1485/1485/1485 1486/1486/1486 1346/1346/1346
f 1346/1346/1346 1348/1348/1348 1485/1485/1485
f 1347/1347/1347 1346/1346/1346 1487/1487/1487
f 1487/1487/1487 1483/1483/1483 1347/1347/1347
f 1486/1486/1486 1488/1488/1488 1487/1487/1487
f 1487/1487/1487 1346/1346/1346 1486/1486/1486
f 1483/1483/1483 1487/1487/1487 1489/1489/1489
f 1489/1489/1489 1355/1355/1355 1483/1483/1483
f 1488/1488/1488 1372/1372/1372 1489/1489/1489
f 1489/1489/1489 1487/1487/1487 1488/1488/1488
f 1355/1355/1355 1489/1489/1489 1351/1351/1351
f 1351/1351/1351 1367/1367/1367 1355/1355/1355
f 1489/1489/1489 1372/1372/1372 1349/1349/1349
f 1349/1349/1349 1351/1351/1351 1489/1489/1489
f 1367/1367/1367 1351/1351/1351 1490/1490/1490
f 1490/1490/1490 1365/1365/1365 1367/1367/1367
f 1350/1350/1350 1491/1491/1491 1490/1490/1490
f 1490/1490/1490 1351/1351/1351 1350/1350/1350
f 1367/1367/1367 1492/1492/1492 1353/1353/1353
f 1353/1353/1353 1355/1355/1355 1367/1367/1367
f 1484/1484/1484 1124/1124/1124 996/996/996
f 996/996/996 1345/1345/1345 1484/1484/1484
f 1493/1493/1493 1125/1125/1125 1124/1124/1124
f 1124/1124/1124 1484/1484/1484 1493/1493/1493
f 1359/1359/1359 1358/1358/1358 1493/1493/1493
f 1493/1493/1493 1484/1484/1484 1359/1359/1359
f 1361/1361/1361 1358/1358/1358 1354/1354/1354
f 1354/1354/1354 1353/1353/1353 1361/1361/1361
f 1127/1127/1127 1125/1125/1125 1493/1493/1493
f 1493/1493/1493 1358/1358/1358 1127/1127/1127
f 1361/1361/1361 1353/1353/1353 1492/1492/1492
f 1492/1492/1492 1360/1360/1360 1361/1361/1361
f 1360/1360/1360 1492/1492/1492 1494/1494/1494
f 1494/1494/1494 1362/1362/1362 1360/1360/1360
f 1367/1367/1367 1366/1366/1366 1494/1494/1494
f 1494/1494/1494 1492/1492/1492 1367/1367/1367
f 1368/1368/1368 1369/1369/1369 1491/1491/1491
f 1491/1491/1491 1350/1350/1350 1368/1368/1368
f 1155/1155/1155 1388/1388/1388 1478/1478/1478
f 1478/1478/1478 1386/1386/1386 1155/1155/1155
f 1388/1388/1388 1439/1439/1439 1476/1476/1476
f 1476/1476/1476 1478/1478/1478 1388/1388/1388
f 1213/1213/1213 1216/1216/1216 1442/1442/1442
f 1442/1442/1442 1307/1307/1307 1213/1213/1213
f 1215/1215/1215 1216/1216/1216 1213/1213/1213
f 1148/1148/1148 1151/1151/1151 1150/1150/1150
f 1150/1150/1150 1381/1381/1381 1148/1148/1148
f 1184/1184/1184 1185/1185/1185 1182/1182/1182
f 1182/1182/1182 1178/1178/1178 1184/1184/1184
f 1184/1184/1184 1160/1160/1160 1162/1162/1162
f 1162/1162/1162 1156/1156/1156 1184/1184/1184
f 1174/1174/1174 1172/1172/1172 1167/1167/1167
f 1167/1167/1167 1160/1160/1160 1174/1174/1174
f 1375/1375/1375 1181/1181/1181 1192/1192/1192
f 1192/1192/1192 1186/1186/1186 1375/1375/1375
f 1413/1413/1413 1414/1414/1414 1230/1230/1230
f 1230/1230/1230 1222/1222/1222 1413/1413/1413
f 1221/1221/1221 1220/1220/1220 1416/1416/1416
f 1416/1416/1416 1218/1218/1218 1221/1221/1221
f 1408/1408/1408 1258/1258/1258 1260/1260/1260
f 1260/1260/1260 1256/1256/1256 1408/1408/1408
f 1276/1276/1276 1280/1280/1280 1282/1282/1282
f 1282/1282/1282 1274/1274/1274 1276/1276/1276
f 1276/1276/1276 1275/1275/1275 1278/1278/1278
f 1278/1278/1278 1277/1277/1277 1276/1276/1276
f 1301/1301/1301 1284/1284/1284 1283/1283/1283
f 1283/1283/1283 1447/1447/1447 1301/1301/1301
f 1297/1297/1297 1286/1286/1286 1285/1285/1285
f 1285/1285/1285 1421/1421/1421 1297/1297/1297
f 1286/1286/1286 1289/1289/1289 1288/1288/1288
f 1288/1288/1288 1287/1287/1287 1286/1286/1286
f 1290/1290/1290 1289/1289/1289 1294/1294/1294
f 1294/1294/1294 1293/1293/1293 1290/1290/1290
f 1284/1284/1284 1298/1298/1298 1300/1300/1300
f 1300/1300/1300 1299/1299/1299 1284/1284/1284
f 1334/1334/1334 1471/1471/1471 1457/1457/1457
f 1457/1457/1457 1316/1316/1316 1334/1334/1334
f 1383/1383/1383 1385/1385/1385 1373/1373/1373
f 1373/1373/1373 1134/1134/1134 1383/1383/1383
f 1439/1439/1439 1311/1311/1311 1342/1342/1342
f 1342/1342/1342 1476/1476/1476 1439/1439/1439
f 1420/1420/1420 1440/1440/1440 1216/1216/1216
f 1216/1216/1216 1218/1218/1218 1420/1420/1420
f 1442/1442/1442 1216/1216/1216 1440/1440/1440
f 1236/1236/1236 1418/1418/1418 1416/1416/1416
f 1416/1416/1416 1415/1415/1415 1236/1236/1236
f 1235/1235/1235 1247/1247/1247 1415/1415/1415
f 1315/1315/1315 1455/1455/1455 1271/1271/1271
f 1271/1271/1271 1320/1320/1320 1315/1315/1315
f 1455/1455/1455 1291/1291/1291 1270/1270/1270
f 1270/1270/1270 1271/1271/1271 1455/1455/1455
f 1006/1006/1006 1146/1146/1146 1145/1145/1145
f 1145/1145/1145 1009/1009/1009 1006/1006/1006
f 994/994/994 1012/1012/1012 1150/1150/1150
f 1150/1150/1150 1133/1133/1133 994/994/994
f 1127/1127/1127 1358/1358/1358 1361/1361/1361
f 1361/1361/1361 980/980/980 1127/1127/1127
f 984/984/984 980/980/980 1360/1360/1360
f 1360/1360/1360 1363/1363/1363 984/984/984
f 985/985/985 1363/1363/1363 1364/1364/1364
f 1364/1364/1364 1129/1129/1129 985/985/985
f 840/840/840 1047/1047/1047 853/853/853
f 1222/1222/1222 1235/1235/1235 1415/1415/1415
f 1495/1495/1495 1496/1496/1496 1497/1497/1497
f 1498/1498/1498 1496/1496/1496 1495/1495/1495
f 1499/1499/1499 1500/1500/1500 1501/1501/1501
f 1502/1502/1502 1503/1503/1503 1504/1504/1504
f 1505/1505/1505 1506/1506/1506 1507/1507/1507
f 1505/1505/1505 1508/1508/1508 1506/1506/1506
f 1508/1508/1508 1505/1505/1505 1509/1509/1509
f 1510/1510/1510 1511/1511/1511 1512/1512/1512
f 1502/1502/1502 1513/1513/1513 1514/1514/1514
f 1515/1515/1515 1495/1495/1495 1516/1516/1516
f 1495/1495/1495 1515/1515/1515 1498/1498/1498
f 1517/1517/1517 1500/1500/1500 1518/1518/1518
f 1519/1519/1519 1520/1520/1520 1521/1521/1521
f 1522/1522/1522 1523/1523/1523 1524/1524/1524
f 1525/1525/1525 1526/1526/1526 1527/1527/1527
f 1528/1528/1528 1529/1529/1529 1530/1530/1530
f 1531/1531/1531 1532/1532/1532 1533/1533/1533
f 1534/1534/1534 1535/1535/1535 1536/1536/1536
f 1537/1537/1537 1532/1532/1532 1538/1538/1538
f 1533/1533/1533 1532/1532/1532 1537/1537/1537
f 1539/1539/1539 1540/1540/1540 1541/1541/1541
f 1518/1518/1518 1542/1542/1542 1543/1543/1543
f 1518/1518/1518 1543/1543/1543 1544/1544/1544
f 1545/1545/1545 1544/1544/1544 1543/1543/1543
f 1545/1545/1545 1543/1543/1543 1546/1546/1546
f 1547/1547/1547 1542/1542/1542 1500/1500/1500
f 1518/1518/1518 1500/1500/1500 1542/1542/1542
f 1548/1548/1548 1539/1539/1539 1541/1541/1541
f 1549/1549/1549 1525/1525/1525 1548/1548/1548
f 1548/1548/1548 1525/1525/1525 1539/1539/1539
f 1520/1520/1520 1549/1549/1549 1550/1550/1550
f 1551/1551/1551 1504/1504/1504 1552/1552/1552
f 1553/1553/1553 1554/1554/1554 1555/1555/1555
f 1544/1544/1544 1545/1545/1545 1556/1556/1556
f 1557/1557/1557 1545/1545/1545 1546/1546/1546
f 1558/1558/1558 1530/1530/1530 1559/1559/1559
f 1560/1560/1560 1559/1559/1559 1530/1530/1530
f 1559/1559/1559 1560/1560/1560 1561/1561/1561
f 1562/1562/1562 1563/1563/1563 1564/1564/1564
f 1565/1565/1565 1566/1566/1566 1567/1567/1567
f 1568/1568/1568 1569/1569/1569 1570/1570/1570
f 1571/1571/1571 1572/1572/1572 1573/1573/1573
f 1574/1574/1574 1572/1572/1572 1571/1571/1571
f 1575/1575/1575 1576/1576/1576 1577/1577/1577
f 1578/1578/1578 1579/1579/1579 1580/1580/1580
f 1581/1581/1581 1582/1582/1582 1579/1579/1579
f 1582/1582/1582 1581/1581/1581 1583/1583/1583
f 1584/1584/1584 1585/1585/1585 1586/1586/1586
f 1587/1587/1587 1584/1584/1584 1586/1586/1586
f 1588/1588/1588 1589/1589/1589 1590/1590/1590
f 1591/1591/1591 1592/1592/1592 1593/1593/1593
f 1594/1594/1594 1595/1595/1595 1596/1596/1596
f 1592/1592/1592 1597/1597/1597 1598/1598/1598
f 1599/1599/1599 1597/1597/1597 1592/1592/1592
f 1587/1587/1587 1600/1600/1600 1596/1596/1596
f 1601/1601/1601 1602/1602/1602 1603/1603/1603
f 1604/1604/1604 1605/1605/1605 1602/1602/1602
f 1605/1605/1605 1604/1604/1604 1606/1606/1606
f 1607/1607/1607 1608/1608/1608 1605/1605/1605
f 1609/1609/1609 1605/1605/1605 1606/1606/1606
f 1610/1610/1610 1606/1606/1606 1604/1604/1604
f 1611/1611/1611 1600/1600/1600 1612/1612/1612
f 1613/1613/1613 1614/1614/1614 1615/1615/1615
f 1616/1616/1616 1617/1617/1617 1618/1618/1618
f 1576/1576/1576 1523/1523/1523 1619/1619/1619
f 1620/1620/1620 1621/1621/1621 1622/1622/1622
f 1623/1623/1623 1624/1624/1624 1625/1625/1625
f 1626/1626/1626 1627/1627/1627 1628/1628/1628
f 1629/1629/1629 1630/1630/1630 1631/1631/1631
f 1632/1632/1632 1633/1633/1633 1634/1634/1634
f 1635/1635/1635 1636/1636/1636 1631/1631/1631
f 1629/1629/1629 1637/1637/1637 1638/1638/1638
f 1639/1639/1639 1640/1640/1640 1641/1641/1641
f 1642/1642/1642 1643/1643/1643 1644/1644/1644
f 1645/1645/1645 1646/1646/1646 1647/1647/1647
f 1617/1617/1617 1648/1648/1648 1649/1649/1649
f 1650/1650/1650 1651/1651/1651 1652/1652/1652
f 1653/1653/1653 1654/1654/1654 1655/1655/1655
f 1656/1656/1656 1657/1657/1657 1658/1658/1658
f 1656/1656/1656 1659/1659/1659 1657/1657/1657
f 1660/1660/1660 1661/1661/1661 1658/1658/1658
f 1635/1635/1635 1659/1659/1659 1656/1656/1656
f 1633/1633/1633 1662/1662/1662 1652/1652/1652
f 1640/1640/1640 1663/1663/1663 1642/1642/1642
f 1662/1662/1662 1664/1664/1664 1665/1665/1665
f 1666/1666/1666 1648/1648/1648 1663/1663/1663
f 1663/1663/1663 1645/1645/1645 1666/1666/1666
f 1645/1645/1645 1663/1663/1663 1640/1640/1640
f 1633/1633/1633 1664/1664/1664 1662/1662/1662
f 1667/1667/1667 1668/1668/1668 1669/1669/1669
f 1669/1669/1669 1668/1668/1668 1670/1670/1670
f 1668/1668/1668 1671/1671/1671 1670/1670/1670
f 1672/1672/1672 1673/1673/1673 1674/1674/1674
f 1669/1669/1669 1661/1661/1661 1660/1660/1660
f 1670/1670/1670 1671/1671/1671 1675/1675/1675
f 1676/1676/1676 1675/1675/1675 1671/1671/1671
f 1675/1675/1675 1677/1677/1677 1678/1678/1678
f 1679/1679/1679 1680/1680/1680 1681/1681/1681
f 1682/1682/1682 1680/1680/1680 1679/1679/1679
f 1683/1683/1683 1682/1682/1682 1684/1684/1684
f 1685/1685/1685 1686/1686/1686 1687/1687/1687
f 1688/1688/1688 1689/1689/1689 1637/1637/1637
f 1690/1690/1690 1691/1691/1691 1692/1692/1692
f 1691/1691/1691 1693/1693/1693 1694/1694/1694
f 1689/1689/1689 1695/1695/1695 1696/1696/1696
f 1683/1683/1683 1684/1684/1684 1697/1697/1697
f 1697/1697/1697 1698/1698/1698 1683/1683/1683
f 1686/1686/1686 1680/1680/1680 1699/1699/1699
f 1699/1699/1699 1700/1700/1700 1686/1686/1686
f 1701/1701/1701 1700/1700/1700 1699/1699/1699
f 1702/1702/1702 1703/1703/1703 1704/1704/1704
f 1705/1705/1705 1678/1678/1678 1677/1677/1677
f 1677/1677/1677 1706/1706/1706 1705/1705/1705
f 1706/1706/1706 1677/1677/1677 1707/1707/1707
f 1708/1708/1708 1709/1709/1709 1710/1710/1710
f 1711/1711/1711 1712/1712/1712 1713/1713/1713
f 1714/1714/1714 1715/1715/1715 1716/1716/1716
f 1717/1717/1717 1713/1713/1713 1712/1712/1712
f 1718/1718/1718 1719/1719/1719 1720/1720/1720
f 1721/1721/1721 1722/1722/1722 1637/1637/1637
f 1723/1723/1723 1720/1720/1720 1724/1724/1724
f 1725/1725/1725 1726/1726/1726 1727/1727/1727
f 1728/1728/1728 1725/1725/1725 1729/1729/1729
f 1730/1730/1730 1728/1728/1728 1729/1729/1729
f 1729/1729/1729 1731/1731/1731 1732/1732/1732
f 1733/1733/1733 1734/1734/1734 1735/1735/1735
f 1736/1736/1736 1714/1714/1714 1716/1716/1716
f 1737/1737/1737 1738/1738/1738 1736/1736/1736
f 1738/1738/1738 1714/1714/1714 1736/1736/1736
f 1739/1739/1739 1714/1714/1714 1738/1738/1738
f 1740/1740/1740 1714/1714/1714 1739/1739/1739
f 1498/1498/1498 1741/1741/1741 1742/1742/1742
f 1742/1742/1742 1496/1496/1496 1498/1498/1498
f 1742/1742/1742 1743/1743/1743 1709/1709/1709
f 1709/1709/1709 1496/1496/1496 1742/1742/1742
f 1496/1496/1496 1709/1709/1709 1708/1708/1708
f 1708/1708/1708 1497/1497/1497 1496/1496/1496
f 1497/1497/1497 1499/1499/1499 1501/1501/1501
f 1501/1501/1501 1495/1495/1495 1497/1497/1497
f 1744/1744/1744 1499/1499/1499 1497/1497/1497
f 1497/1497/1497 1708/1708/1708 1744/1744/1744
f 1495/1495/1495 1501/1501/1501 1503/1503/1503
f 1503/1503/1503 1516/1516/1516 1495/1495/1495
f 1501/1501/1501 1500/1500/1500 1517/1517/1517
f 1517/1517/1517 1503/1503/1503 1501/1501/1501
f 1514/1514/1514 1516/1516/1516 1503/1503/1503
f 1503/1503/1503 1502/1502/1502 1514/1514/1514
f 1517/1517/1517 1745/1745/1745 1504/1504/1504
f 1504/1504/1504 1503/1503/1503 1517/1517/1517
f 1506/1506/1506 1508/1508/1508 1513/1513/1513
f 1513/1513/1513 1502/1502/1502 1506/1506/1506
f 1502/1502/1502 1504/1504/1504 1551/1551/1551
f 1551/1551/1551 1506/1506/1506 1502/1502/1502
f 1506/1506/1506 1551/1551/1551 1746/1746/1746
f 1746/1746/1746 1507/1507/1507 1506/1506/1506
f 1553/1553/1553 1507/1507/1507 1746/1746/1746
f 1746/1746/1746 1554/1554/1554 1553/1553/1553
f 1508/1508/1508 1509/1509/1509 1747/1747/1747
f 1747/1747/1747 1748/1748/1748 1508/1508/1508
f 1748/1748/1748 1747/1747/1747 1749/1749/1749
f 1749/1749/1749 1750/1750/1750 1748/1748/1748
f 1751/1751/1751 1752/1752/1752 1750/1750/1750
f 1750/1750/1750 1749/1749/1749 1751/1751/1751
f 1752/1752/1752 1753/1753/1753 1512/1512/1512
f 1512/1512/1512 1750/1750/1750 1752/1752/1752
f 1748/1748/1748 1750/1750/1750 1512/1512/1512
f 1512/1512/1512 1511/1511/1511 1748/1748/1748
f 1511/1511/1511 1513/1513/1513 1508/1508/1508
f 1508/1508/1508 1748/1748/1748 1511/1511/1511
f 1513/1513/1513 1511/1511/1511 1510/1510/1510
f 1510/1510/1510 1754/1754/1754 1513/1513/1513
f 1754/1754/1754 1755/1755/1755 1514/1514/1514
f 1514/1514/1514 1513/1513/1513 1754/1754/1754
f 1756/1756/1756 1757/1757/1757 1754/1754/1754
f 1754/1754/1754 1510/1510/1510 1756/1756/1756
f 1754/1754/1754 1757/1757/1757 1758/1758/1758
f 1758/1758/1758 1755/1755/1755 1754/1754/1754
f 1755/1755/1755 1758/1758/1758 1759/1759/1759
f 1759/1759/1759 1515/1515/1515 1755/1755/1755
f 1518/1518/1518 1544/1544/1544 1745/1745/1745
f 1745/1745/1745 1517/1517/1517 1518/1518/1518
f 1760/1760/1760 1550/1550/1550 1547/1547/1547
f 1547/1547/1547 1761/1761/1761 1760/1760/1760
f 1550/1550/1550 1760/1760/1760 1521/1521/1521
f 1521/1521/1521 1520/1520/1520 1550/1550/1550
f 1762/1762/1762 1760/1760/1760 1761/1761/1761
f 1761/1761/1761 1763/1763/1763 1762/1762/1762
f 1764/1764/1764 1521/1521/1521 1760/1760/1760
f 1760/1760/1760 1762/1762/1762 1764/1764/1764
f 1521/1521/1521 1765/1765/1765 1766/1766/1766
f 1766/1766/1766 1519/1519/1519 1521/1521/1521
f 1524/1524/1524 1526/1526/1526 1520/1520/1520
f 1520/1520/1520 1519/1519/1519 1524/1524/1524
f 1519/1519/1519 1766/1766/1766 1522/1522/1522
f 1522/1522/1522 1524/1524/1524 1519/1519/1519
f 1527/1527/1527 1526/1526/1526 1524/1524/1524
f 1524/1524/1524 1767/1767/1767 1527/1527/1527
f 1523/1523/1523 1576/1576/1576 1767/1767/1767
f 1767/1767/1767 1524/1524/1524 1523/1523/1523
f 1529/1529/1529 1531/1531/1531 1527/1527/1527
f 1527/1527/1527 1767/1767/1767 1529/1529/1529
f 1531/1531/1531 1533/1533/1533 1525/1525/1525
f 1525/1525/1525 1527/1527/1527 1531/1531/1531
f 1560/1560/1560 1530/1530/1530 1529/1529/1529
f 1529/1529/1529 1767/1767/1767 1560/1560/1560
f 1576/1576/1576 1575/1575/1575 1560/1560/1560
f 1560/1560/1560 1767/1767/1767 1576/1576/1576
f 1534/1534/1534 1532/1532/1532 1531/1531/1531
f 1531/1531/1531 1529/1529/1529 1534/1534/1534
f 1534/1534/1534 1529/1529/1529 1528/1528/1528
f 1528/1528/1528 1535/1535/1535 1534/1534/1534
f 1532/1532/1532 1534/1534/1534 1768/1768/1768
f 1768/1768/1768 1538/1538/1538 1532/1532/1532
f 1536/1536/1536 1769/1769/1769 1768/1768/1768
f 1768/1768/1768 1534/1534/1534 1536/1536/1536
f 1540/1540/1540 1538/1538/1538 1768/1768/1768
f 1768/1768/1768 1543/1543/1543 1540/1540/1540
f 1540/1540/1540 1539/1539/1539 1537/1537/1537
f 1537/1537/1537 1538/1538/1538 1540/1540/1540
f 1768/1768/1768 1769/1769/1769 1546/1546/1546
f 1546/1546/1546 1543/1543/1543 1768/1768/1768
f 1542/1542/1542 1541/1541/1541 1540/1540/1540
f 1540/1540/1540 1543/1543/1543 1542/1542/1542
f 1549/1549/1549 1548/1548/1548 1541/1541/1541
f 1541/1541/1541 1542/1542/1542 1549/1549/1549
f 1761/1761/1761 1547/1547/1547 1500/1500/1500
f 1500/1500/1500 1499/1499/1499 1761/1761/1761
f 1745/1745/1745 1544/1544/1544 1556/1556/1556
f 1556/1556/1556 1504/1504/1504 1745/1745/1745
f 1556/1556/1556 1545/1545/1545 1552/1552/1552
f 1552/1552/1552 1504/1504/1504 1556/1556/1556
f 1552/1552/1552 1545/1545/1545 1557/1557/1557
f 1557/1557/1557 1551/1551/1551 1552/1552/1552
f 1554/1554/1554 1746/1746/1746 1546/1546/1546
f 1546/1546/1546 1769/1769/1769 1554/1554/1554
f 1554/1554/1554 1769/1769/1769 1536/1536/1536
f 1536/1536/1536 1770/1770/1770 1554/1554/1554
f 1554/1554/1554 1770/1770/1770 1771/1771/1771
f 1771/1771/1771 1555/1555/1555 1554/1554/1554
f 1772/1772/1772 1770/1770/1770 1536/1536/1536
f 1536/1536/1536 1535/1535/1535 1772/1772/1772
f 1770/1770/1770 1772/1772/1772 1773/1773/1773
f 1773/1773/1773 1771/1771/1771 1770/1770/1770
f 1774/1774/1774 1772/1772/1772 1535/1535/1535
f 1535/1535/1535 1528/1528/1528 1774/1774/1774
f 1772/1772/1772 1774/1774/1774 1563/1563/1563
f 1563/1563/1563 1773/1773/1773 1772/1772/1772
f 1558/1558/1558 1774/1774/1774 1528/1528/1528
f 1528/1528/1528 1530/1530/1530 1558/1558/1558
f 1774/1774/1774 1558/1558/1558 1564/1564/1564
f 1564/1564/1564 1563/1563/1563 1774/1774/1774
f 1564/1564/1564 1558/1558/1558 1559/1559/1559
f 1559/1559/1559 1561/1561/1561 1564/1564/1564
f 1775/1775/1775 1562/1562/1562 1564/1564/1564
f 1564/1564/1564 1561/1561/1561 1775/1775/1775
f 1560/1560/1560 1575/1575/1575 1565/1565/1565
f 1565/1565/1565 1561/1561/1561 1560/1560/1560
f 1565/1565/1565 1567/1567/1567 1775/1775/1775
f 1775/1775/1775 1561/1561/1561 1565/1565/1565
f 1575/1575/1575 1577/1577/1577 1566/1566/1566
f 1566/1566/1566 1565/1565/1565 1575/1575/1575
f 1566/1566/1566 1570/1570/1570 1569/1569/1569
f 1569/1569/1569 1567/1567/1567 1566/1566/1566
f 1621/1621/1621 1570/1570/1570 1566/1566/1566
f 1566/1566/1566 1577/1577/1577 1621/1621/1621
f 1620/1620/1620 1568/1568/1568 1570/1570/1570
f 1570/1570/1570 1621/1621/1621 1620/1620/1620
f 1573/1573/1573 1776/1776/1776 1569/1569/1569
f 1569/1569/1569 1568/1568/1568 1573/1573/1573
f 1777/1777/1777 1571/1571/1571 1573/1573/1573
f 1573/1573/1573 1568/1568/1568 1777/1777/1777
f 1568/1568/1568 1620/1620/1620 1778/1778/1778
f 1778/1778/1778 1777/1777/1777 1568/1568/1568
f 1776/1776/1776 1775/1775/1775 1567/1567/1567
f 1567/1567/1567 1569/1569/1569 1776/1776/1776
f 1776/1776/1776 1573/1573/1573 1572/1572/1572
f 1572/1572/1572 1779/1779/1779 1776/1776/1776
f 1775/1775/1775 1776/1776/1776 1779/1779/1779
f 1779/1779/1779 1562/1562/1562 1775/1775/1775
f 1619/1619/1619 1621/1621/1621 1577/1577/1577
f 1577/1577/1577 1576/1576/1576 1619/1619/1619
f 1589/1589/1589 1780/1780/1780 1777/1777/1777
f 1777/1777/1777 1778/1778/1778 1589/1589/1589
f 1574/1574/1574 1571/1571/1571 1777/1777/1777
f 1777/1777/1777 1780/1780/1780 1574/1574/1574
f 1781/1781/1781 1590/1590/1590 1589/1589/1589
f 1589/1589/1589 1778/1778/1778 1781/1781/1781
f 1622/1622/1622 1781/1781/1781 1778/1778/1778
f 1778/1778/1778 1620/1620/1620 1622/1622/1622
f 1782/1782/1782 1783/1783/1783 1784/1784/1784
f 1784/1784/1784 1785/1785/1785 1782/1782/1782
f 1786/1786/1786 1623/1623/1623 1784/1784/1784
f 1784/1784/1784 1783/1783/1783 1786/1786/1786
f 1787/1787/1787 1580/1580/1580 1785/1785/1785
f 1785/1785/1785 1784/1784/1784 1787/1787/1787
f 1784/1784/1784 1623/1623/1623 1625/1625/1625
f 1625/1625/1625 1787/1787/1787 1784/1784/1784
f 1578/1578/1578 1580/1580/1580 1787/1787/1787
f 1787/1787/1787 1625/1625/1625 1578/1578/1578
f 1582/1582/1582 1785/1785/1785 1580/1580/1580
f 1580/1580/1580 1579/1579/1579 1582/1582/1582
f 1590/1590/1590 1781/1781/1781 1783/1783/1783
f 1783/1783/1783 1782/1782/1782 1590/1590/1590
f 1622/1622/1622 1786/1786/1786 1783/1783/1783
f 1783/1783/1783 1781/1781/1781 1622/1622/1622
f 1785/1785/1785 1582/1582/1582 1788/1788/1788
f 1788/1788/1788 1782/1782/1782 1785/1785/1785
f 1582/1582/1582 1583/1583/1583 1585/1585/1585
f 1585/1585/1585 1788/1788/1788 1582/1582/1582
f 1588/1588/1588 1590/1590/1590 1782/1782/1782
f 1782/1782/1782 1788/1788/1788 1588/1588/1588
f 1788/1788/1788 1585/1585/1585 1584/1584/1584
f 1584/1584/1584 1588/1588/1588 1788/1788/1788
f 1789/1789/1789 1790/1790/1790 1588/1588/1588
f 1588/1588/1588 1584/1584/1584 1789/1789/1789
f 1584/1584/1584 1587/1587/1587 1791/1791/1791
f 1791/1791/1791 1789/1789/1789 1584/1584/1584
f 1790/1790/1790 1598/1598/1598 1589/1589/1589
f 1589/1589/1589 1588/1588/1588 1790/1790/1790
f 1780/1780/1780 1589/1589/1589 1598/1598/1598
f 1598/1598/1598 1597/1597/1597 1780/1780/1780
f 1593/1593/1593 1592/1592/1592 1598/1598/1598
f 1598/1598/1598 1790/1790/1790 1593/1593/1593
f 1790/1790/1790 1789/1789/1789 1791/1791/1791
f 1791/1791/1791 1593/1593/1593 1790/1790/1790
f 1593/1593/1593 1791/1791/1791 1792/1792/1792
f 1792/1792/1792 1591/1591/1591 1593/1593/1593
f 1591/1591/1591 1595/1595/1595 1599/1599/1599
f 1599/1599/1599 1592/1592/1592 1591/1591/1591
f 1596/1596/1596 1595/1595/1595 1591/1591/1591
f 1591/1591/1591 1792/1792/1792 1596/1596/1596
f 1586/1586/1586 1793/1793/1793 1794/1794/1794
f 1794/1794/1794 1587/1587/1587 1586/1586/1586
f 1795/1795/1795 1594/1594/1594 1596/1596/1596
f 1596/1596/1596 1600/1600/1600 1795/1795/1795
f 1794/1794/1794 1601/1601/1601 1603/1603/1603
f 1603/1603/1603 1612/1612/1612 1794/1794/1794
f 1796/1796/1796 1604/1604/1604 1602/1602/1602
f 1602/1602/1602 1601/1601/1601 1796/1796/1796
f 1608/1608/1608 1603/1603/1603 1602/1602/1602
f 1602/1602/1602 1605/1605/1605 1608/1608/1608
f 1797/1797/1797 1607/1607/1607 1605/1605/1605
f 1605/1605/1605 1609/1609/1609 1797/1797/1797
f 1583/1583/1583 1798/1798/1798 1796/1796/1796
f 1796/1796/1796 1793/1793/1793 1583/1583/1583
f 1799/1799/1799 1610/1610/1610 1604/1604/1604
f 1604/1604/1604 1796/1796/1796 1799/1799/1799
f 1798/1798/1798 1650/1650/1650 1799/1799/1799
f 1799/1799/1799 1796/1796/1796 1798/1798/1798
f 1608/1608/1608 1611/1611/1611 1612/1612/1612
f 1612/1612/1612 1603/1603/1603 1608/1608/1608
f 1611/1611/1611 1800/1800/1800 1795/1795/1795
f 1795/1795/1795 1600/1600/1600 1611/1611/1611
f 1800/1800/1800 1611/1611/1611 1608/1608/1608
f 1608/1608/1608 1801/1801/1801 1800/1800/1800
f 1607/1607/1607 1802/1802/1802 1801/1801/1801
f 1801/1801/1801 1608/1608/1608 1607/1607/1607
f 1803/1803/1803 1802/1802/1802 1607/1607/1607
f 1607/1607/1607 1797/1797/1797 1803/1803/1803
f 1804/1804/1804 1613/1613/1613 1805/1805/1805
f 1805/1805/1805 1803/1803/1803 1804/1804/1804
f 1804/1804/1804 1803/1803/1803 1797/1797/1797
f 1797/1797/1797 1806/1806/1806 1804/1804/1804
f 1614/1614/1614 1613/1613/1613 1804/1804/1804
f 1804/1804/1804 1807/1807/1807 1614/1614/1614
f 1807/1807/1807 1804/1804/1804 1806/1806/1806
f 1806/1806/1806 1626/1626/1626 1807/1807/1807
f 1615/1615/1615 1808/1808/1808 1805/1805/1805
f 1805/1805/1805 1613/1613/1613 1615/1615/1615
f 1809/1809/1809 1810/1810/1810 1811/1811/1811
f 1811/1811/1811 1615/1615/1615 1809/1809/1809
f 1811/1811/1811 1812/1812/1812 1808/1808/1808
f 1808/1808/1808 1615/1615/1615 1811/1811/1811
f 1813/1813/1813 1809/1809/1809 1615/1615/1615
f 1615/1615/1615 1614/1614/1614 1813/1813/1813
f 1807/1807/1807 1814/1814/1814 1813/1813/1813
f 1813/1813/1813 1614/1614/1614 1807/1807/1807
f 1806/1806/1806 1797/1797/1797 1609/1609/1609
f 1609/1609/1609 1815/1815/1815 1806/1806/1806
f 1626/1626/1626 1806/1806/1806 1815/1815/1815
f 1815/1815/1815 1627/1627/1627 1626/1626/1626
f 1616/1616/1616 1815/1815/1815 1609/1609/1609
f 1609/1609/1609 1606/1606/1606 1616/1616/1616
f 1616/1616/1616 1618/1618/1618 1627/1627/1627
f 1627/1627/1627 1815/1815/1815 1616/1616/1616
f 1610/1610/1610 1617/1617/1617 1616/1616/1616
f 1616/1616/1616 1606/1606/1606 1610/1610/1610
f 1624/1624/1624 1619/1619/1619 1523/1523/1523
f 1523/1523/1523 1522/1522/1522 1624/1624/1624
f 1766/1766/1766 1816/1816/1816 1673/1673/1673
f 1673/1673/1673 1522/1522/1522 1766/1766/1766
f 1625/1625/1625 1624/1624/1624 1522/1522/1522
f 1522/1522/1522 1673/1673/1673 1625/1625/1625
f 1765/1765/1765 1817/1817/1817 1816/1816/1816
f 1816/1816/1816 1766/1766/1766 1765/1765/1765
f 1622/1622/1622 1621/1621/1621 1619/1619/1619
f 1619/1619/1619 1624/1624/1624 1622/1622/1622
f 1818/1818/1818 1651/1651/1651 1650/1650/1650
f 1650/1650/1650 1798/1798/1798 1818/1818/1818
f 1819/1819/1819 1653/1653/1653 1651/1651/1651
f 1651/1651/1651 1818/1818/1818 1819/1819/1819
f 1672/1672/1672 1819/1819/1819 1818/1818/1818
f 1818/1818/1818 1820/1820/1820 1672/1672/1672
f 1821/1821/1821 1654/1654/1654 1653/1653/1653
f 1653/1653/1653 1819/1819/1819 1821/1821/1821
f 1674/1674/1674 1821/1821/1821 1819/1819/1819
f 1819/1819/1819 1672/1672/1672 1674/1674/1674
f 1822/1822/1822 1657/1657/1657 1654/1654/1654
f 1654/1654/1654 1821/1821/1821 1822/1822/1822
f 1667/1667/1667 1822/1822/1822 1821/1821/1821
f 1821/1821/1821 1674/1674/1674 1667/1667/1667
f 1657/1657/1657 1822/1822/1822 1660/1660/1660
f 1660/1660/1660 1658/1658/1658 1657/1657/1657
f 1669/1669/1669 1660/1660/1660 1822/1822/1822
f 1822/1822/1822 1667/1667/1667 1669/1669/1669
f 1814/1814/1814 1807/1807/1807 1626/1626/1626
f 1626/1626/1626 1628/1628/1628 1814/1814/1814
f 1617/1617/1617 1649/1649/1649 1823/1823/1823
f 1823/1823/1823 1618/1618/1618 1617/1617/1617
f 1649/1649/1649 1824/1824/1824 1825/1825/1825
f 1825/1825/1825 1823/1823/1823 1649/1649/1649
f 1824/1824/1824 1647/1647/1647 1826/1826/1826
f 1826/1826/1826 1825/1825/1825 1824/1824/1824
f 1826/1826/1826 1647/1647/1647 1646/1646/1646
f 1646/1646/1646 1827/1827/1827 1826/1826/1826
f 1828/1828/1828 1827/1827/1827 1829/1829/1829
f 1829/1829/1829 1638/1638/1638 1828/1828/1828
f 1646/1646/1646 1639/1639/1639 1829/1829/1829
f 1829/1829/1829 1827/1827/1827 1646/1646/1646
f 1629/1629/1629 1638/1638/1638 1829/1829/1829
f 1829/1829/1829 1630/1630/1630 1629/1629/1629
f 1630/1630/1630 1829/1829/1829 1639/1639/1639
f 1639/1639/1639 1641/1641/1641 1630/1630/1630
f 1630/1630/1630 1830/1830/1830 1831/1831/1831
f 1831/1831/1831 1631/1631/1631 1630/1630/1630
f 1641/1641/1641 1644/1644/1644 1830/1830/1830
f 1830/1830/1830 1630/1630/1630 1641/1641/1641
f 1831/1831/1831 1830/1830/1830 1632/1632/1632
f 1632/1632/1632 1634/1634/1634 1831/1831/1831
f 1644/1644/1644 1643/1643/1643 1632/1632/1632
f 1632/1632/1632 1830/1830/1830 1644/1644/1644
f 1632/1632/1632 1643/1643/1643 1664/1664/1664
f 1664/1664/1664 1633/1633/1633 1632/1632/1632
f 1831/1831/1831 1659/1659/1659 1635/1635/1635
f 1635/1635/1635 1631/1631/1631 1831/1831/1831
f 1629/1629/1629 1631/1631/1631 1636/1636/1636
f 1636/1636/1636 1832/1832/1832 1629/1629/1629
f 1634/1634/1634 1655/1655/1655 1659/1659/1659
f 1659/1659/1659 1831/1831/1831 1634/1634/1634
f 1634/1634/1634 1633/1633/1633 1652/1652/1652
f 1652/1652/1652 1655/1655/1655 1634/1634/1634
f 1722/1722/1722 1828/1828/1828 1638/1638/1638
f 1638/1638/1638 1637/1637/1637 1722/1722/1722
f 1832/1832/1832 1688/1688/1688 1637/1637/1637
f 1637/1637/1637 1629/1629/1629 1832/1832/1832
f 1663/1663/1663 1664/1664/1664 1643/1643/1643
f 1643/1643/1643 1642/1642/1642 1663/1663/1663
f 1824/1824/1824 1666/1666/1666 1645/1645/1645
f 1645/1645/1645 1647/1647/1647 1824/1824/1824
f 1665/1665/1665 1648/1648/1648 1617/1617/1617
f 1617/1617/1617 1610/1610/1610 1665/1665/1665
f 1610/1610/1610 1799/1799/1799 1662/1662/1662
f 1662/1662/1662 1665/1665/1665 1610/1610/1610
f 1661/1661/1661 1833/1833/1833 1656/1656/1656
f 1656/1656/1656 1658/1658/1658 1661/1661/1661
f 1668/1668/1668 1673/1673/1673 1816/1816/1816
f 1816/1816/1816 1671/1671/1671 1668/1668/1668
f 1668/1668/1668 1667/1667/1667 1674/1674/1674
f 1674/1674/1674 1673/1673/1673 1668/1668/1668
f 1672/1672/1672 1578/1578/1578 1625/1625/1625
f 1625/1625/1625 1673/1673/1673 1672/1672/1672
f 1661/1661/1661 1669/1669/1669 1670/1670/1670
f 1670/1670/1670 1834/1834/1834 1661/1661/1661
f 1816/1816/1816 1817/1817/1817 1676/1676/1676
f 1676/1676/1676 1671/1671/1671 1816/1816/1816
f 1675/1675/1675 1678/1678/1678 1834/1834/1834
f 1834/1834/1834 1670/1670/1670 1675/1675/1675
f 1677/1677/1677 1675/1675/1675 1676/1676/1676
f 1676/1676/1676 1707/1707/1707 1677/1677/1677
f 1834/1834/1834 1682/1682/1682 1679/1679/1679
f 1679/1679/1679 1661/1661/1661 1834/1834/1834
f 1679/1679/1679 1681/1681/1681 1833/1833/1833
f 1833/1833/1833 1661/1661/1661 1679/1679/1679
f 1678/1678/1678 1684/1684/1684 1682/1682/1682
f 1682/1682/1682 1834/1834/1834 1678/1678/1678
f 1683/1683/1683 1835/1835/1835 1680/1680/1680
f 1680/1680/1680 1682/1682/1682 1683/1683/1683
f 1685/1685/1685 1687/1687/1687 1832/1832/1832
f 1832/1832/1832 1636/1636/1636 1685/1685/1685
f 1685/1685/1685 1681/1681/1681 1680/1680/1680
f 1680/1680/1680 1686/1686/1686 1685/1685/1685
f 1687/1687/1687 1836/1836/1836 1688/1688/1688
f 1688/1688/1688 1832/1832/1832 1687/1687/1687
f 1686/1686/1686 1700/1700/1700 1836/1836/1836
f 1836/1836/1836 1687/1687/1687 1686/1686/1686
f 1836/1836/1836 1837/1837/1837 1689/1689/1689
f 1689/1689/1689 1688/1688/1688 1836/1836/1836
f 1836/1836/1836 1700/1700/1700 1838/1838/1838
f 1838/1838/1838 1837/1837/1837 1836/1836/1836
f 1689/1689/1689 1837/1837/1837 1839/1839/1839
f 1839/1839/1839 1695/1695/1695 1689/1689/1689
f 1837/1837/1837 1838/1838/1838 1840/1840/1840
f 1840/1840/1840 1839/1839/1839 1837/1837/1837
f 1839/1839/1839 1841/1841/1841 1842/1842/1842
f 1842/1842/1842 1695/1695/1695 1839/1839/1839
f 1843/1843/1843 1841/1841/1841 1839/1839/1839
f 1839/1839/1839 1840/1840/1840 1843/1843/1843
f 1842/1842/1842 1841/1841/1841 1844/1844/1844
f 1844/1844/1844 1845/1845/1845 1842/1842/1842
f 1841/1841/1841 1843/1843/1843 1702/1702/1702
f 1702/1702/1702 1844/1844/1844 1841/1841/1841
f 1846/1846/1846 1847/1847/1847 1845/1845/1845
f 1845/1845/1845 1844/1844/1844 1846/1846/1846
f 1844/1844/1844 1702/1702/1702 1704/1704/1704
f 1704/1704/1704 1846/1846/1846 1844/1844/1844
f 1847/1847/1847 1846/1846/1846 1691/1691/1691
f 1691/1691/1691 1690/1690/1690 1847/1847/1847
f 1846/1846/1846 1704/1704/1704 1693/1693/1693
f 1693/1693/1693 1691/1691/1691 1846/1846/1846
f 1691/1691/1691 1694/1694/1694 1848/1848/1848
f 1848/1848/1848 1692/1692/1692 1691/1691/1691
f 1689/1689/1689 1696/1696/1696 1721/1721/1721
f 1721/1721/1721 1637/1637/1637 1689/1689/1689
f 1705/1705/1705 1697/1697/1697 1684/1684/1684
f 1684/1684/1684 1678/1678/1678 1705/1705/1705
f 1701/1701/1701 1698/1698/1698 1697/1697/1697
f 1697/1697/1697 1705/1705/1705 1701/1701/1701
f 1683/1683/1683 1698/1698/1698 1849/1849/1849
f 1849/1849/1849 1835/1835/1835 1683/1683/1683
f 1849/1849/1849 1698/1698/1698 1701/1701/1701
f 1701/1701/1701 1699/1699/1699 1849/1849/1849
f 1700/1700/1700 1701/1701/1701 1850/1850/1850
f 1850/1850/1850 1838/1838/1838 1700/1700/1700
f 1838/1838/1838 1850/1850/1850 1851/1851/1851
f 1851/1851/1851 1840/1840/1840 1838/1838/1838
f 1840/1840/1840 1851/1851/1851 1852/1852/1852
f 1852/1852/1852 1843/1843/1843 1840/1840/1840
f 1703/1703/1703 1702/1702/1702 1843/1843/1843
f 1843/1843/1843 1852/1852/1852 1703/1703/1703
f 1717/1717/1717 1693/1693/1693 1704/1704/1704
f 1704/1704/1704 1703/1703/1703 1717/1717/1717
f 1717/1717/1717 1712/1712/1712 1694/1694/1694
f 1694/1694/1694 1693/1693/1693 1717/1717/1717
f 1706/1706/1706 1850/1850/1850 1701/1701/1701
f 1701/1701/1701 1705/1705/1705 1706/1706/1706
f 1853/1853/1853 1851/1851/1851 1850/1850/1850
f 1850/1850/1850 1706/1706/1706 1853/1853/1853
f 1853/1853/1853 1706/1706/1706 1707/1707/1707
f 1707/1707/1707 1854/1854/1854 1853/1853/1853
f 1851/1851/1851 1853/1853/1853 1855/1855/1855
f 1855/1855/1855 1852/1852/1852 1851/1851/1851
f 1855/1855/1855 1853/1853/1853 1854/1854/1854
f 1854/1854/1854 1856/1856/1856 1855/1855/1855
f 1852/1852/1852 1855/1855/1855 1857/1857/1857
f 1857/1857/1857 1703/1703/1703 1852/1852/1852
f 1856/1856/1856 1764/1764/1764 1857/1857/1857
f 1857/1857/1857 1855/1855/1855 1856/1856/1856
f 1703/1703/1703 1857/1857/1857 1858/1858/1858
f 1858/1858/1858 1717/1717/1717 1703/1703/1703
f 1764/1764/1764 1762/1762/1762 1858/1858/1858
f 1858/1858/1858 1857/1857/1857 1764/1764/1764
f 1858/1858/1858 1859/1859/1859 1713/1713/1713
f 1713/1713/1713 1717/1717/1717 1858/1858/1858
f 1762/1762/1762 1763/1763/1763 1859/1859/1859
f 1859/1859/1859 1858/1858/1858 1762/1762/1762
f 1860/1860/1860 1861/1861/1861 1713/1713/1713
f 1713/1713/1713 1859/1859/1859 1860/1860/1860
f 1859/1859/1859 1763/1763/1763 1744/1744/1744
f 1744/1744/1744 1860/1860/1860 1859/1859/1859
f 1719/1719/1719 1861/1861/1861 1860/1860/1860
f 1860/1860/1860 1710/1710/1710 1719/1719/1719
f 1860/1860/1860 1744/1744/1744 1708/1708/1708
f 1708/1708/1708 1710/1710/1710 1860/1860/1860
f 1710/1710/1710 1724/1724/1724 1720/1720/1720
f 1720/1720/1720 1719/1719/1719 1710/1710/1710
f 1724/1724/1724 1710/1710/1710 1709/1709/1709
f 1709/1709/1709 1862/1862/1862 1724/1724/1724
f 1712/1712/1712 1863/1863/1863 1848/1848/1848
f 1848/1848/1848 1694/1694/1694 1712/1712/1712
f 1711/1711/1711 1864/1864/1864 1863/1863/1863
f 1863/1863/1863 1712/1712/1712 1711/1711/1711
f 1865/1865/1865 1711/1711/1711 1713/1713/1713
f 1713/1713/1713 1861/1861/1861 1865/1865/1865
f 1865/1865/1865 1866/1866/1866 1864/1864/1864
f 1864/1864/1864 1711/1711/1711 1865/1865/1865
f 1867/1867/1867 1865/1865/1865 1861/1861/1861
f 1861/1861/1861 1719/1719/1719 1867/1867/1867
f 1867/1867/1867 1740/1740/1740 1866/1866/1866
f 1866/1866/1866 1865/1865/1865 1867/1867/1867
f 1715/1715/1715 1867/1867/1867 1719/1719/1719
f 1719/1719/1719 1734/1734/1734 1715/1715/1715
f 1714/1714/1714 1740/1740/1740 1867/1867/1867
f 1867/1867/1867 1715/1715/1715 1714/1714/1714
f 1734/1734/1734 1733/1733/1733 1868/1868/1868
f 1868/1868/1868 1715/1715/1715 1734/1734/1734
f 1868/1868/1868 1869/1869/1869 1716/1716/1716
f 1716/1716/1716 1715/1715/1715 1868/1868/1868
f 1718/1718/1718 1870/1870/1870 1734/1734/1734
f 1734/1734/1734 1719/1719/1719 1718/1718/1718
f 1743/1743/1743 1871/1871/1871 1862/1862/1862
f 1862/1862/1862 1709/1709/1709 1743/1743/1743
f 1871/1871/1871 1872/1872/1872 1873/1873/1873
f 1873/1873/1873 1862/1862/1862 1871/1871/1871
f 1724/1724/1724 1862/1862/1862 1873/1873/1873
f 1873/1873/1873 1723/1723/1723 1724/1724/1724
f 1720/1720/1720 1723/1723/1723 1726/1726/1726
f 1726/1726/1726 1718/1718/1718 1720/1720/1720
f 1873/1873/1873 1872/1872/1872 1874/1874/1874
f 1874/1874/1874 1723/1723/1723 1873/1873/1873
f 1726/1726/1726 1725/1725/1725 1870/1870/1870
f 1870/1870/1870 1718/1718/1718 1726/1726/1726
f 1725/1725/1725 1728/1728/1728 1875/1875/1875
f 1875/1875/1875 1870/1870/1870 1725/1725/1725
f 1875/1875/1875 1735/1735/1735 1734/1734/1734
f 1734/1734/1734 1870/1870/1870 1875/1875/1875
f 1869/1869/1869 1737/1737/1737 1736/1736/1736
f 1736/1736/1736 1716/1716/1716 1869/1869/1869
f 1521/1521/1521 1764/1764/1764 1856/1856/1856
f 1856/1856/1856 1765/1765/1765 1521/1521/1521
f 1765/1765/1765 1856/1856/1856 1854/1854/1854
f 1854/1854/1854 1817/1817/1817 1765/1765/1765
f 1820/1820/1820 1581/1581/1581 1578/1578/1578
f 1578/1578/1578 1672/1672/1672 1820/1820/1820
f 1579/1579/1579 1578/1578/1578 1581/1581/1581
f 1515/1515/1515 1516/1516/1516 1514/1514/1514
f 1514/1514/1514 1755/1755/1755 1515/1515/1515
f 1547/1547/1547 1550/1550/1550 1549/1549/1549
f 1549/1549/1549 1542/1542/1542 1547/1547/1547
f 1526/1526/1526 1525/1525/1525 1549/1549/1549
f 1549/1549/1549 1520/1520/1520 1526/1526/1526
f 1533/1533/1533 1537/1537/1537 1539/1539/1539
f 1539/1539/1539 1525/1525/1525 1533/1533/1533
f 1557/1557/1557 1546/1546/1546 1746/1746/1746
f 1746/1746/1746 1551/1551/1551 1557/1557/1557
f 1596/1596/1596 1792/1792/1792 1791/1791/1791
f 1791/1791/1791 1587/1587/1587 1596/1596/1596
f 1793/1793/1793 1586/1586/1586 1585/1585/1585
f 1585/1585/1585 1583/1583/1583 1793/1793/1793
f 1624/1624/1624 1623/1623/1623 1786/1786/1786
f 1786/1786/1786 1622/1622/1622 1624/1624/1624
f 1646/1646/1646 1645/1645/1645 1640/1640/1640
f 1640/1640/1640 1639/1639/1639 1646/1646/1646
f 1640/1640/1640 1642/1642/1642 1644/1644/1644
f 1644/1644/1644 1641/1641/1641 1640/1640/1640
f 1649/1649/1649 1648/1648/1648 1666/1666/1666
f 1666/1666/1666 1824/1824/1824 1649/1649/1649
f 1650/1650/1650 1652/1652/1652 1662/1662/1662
f 1662/1662/1662 1799/1799/1799 1650/1650/1650
f 1652/1652/1652 1651/1651/1651 1653/1653/1653
f 1653/1653/1653 1655/1655/1655 1652/1652/1652
f 1659/1659/1659 1655/1655/1655 1654/1654/1654
f 1654/1654/1654 1657/1657/1657 1659/1659/1659
f 1664/1664/1664 1663/1663/1663 1648/1648/1648
f 1648/1648/1648 1665/1665/1665 1664/1664/1664
f 1835/1835/1835 1849/1849/1849 1699/1699/1699
f 1699/1699/1699 1680/1680/1680 1835/1835/1835
f 1744/1744/1744 1763/1763/1763 1761/1761/1761
f 1761/1761/1761 1499/1499/1499 1744/1744/1744
f 1817/1817/1817 1854/1854/1854 1707/1707/1707
f 1707/1707/1707 1676/1676/1676 1817/1817/1817
f 1798/1798/1798 1583/1583/1583 1581/1581/1581
f 1581/1581/1581 1818/1818/1818 1798/1798/1798
f 1820/1820/1820 1818/1818/1818 1581/1581/1581
f 1601/1601/1601 1794/1794/1794 1793/1793/1793
f 1793/1793/1793 1796/1796/1796 1601/1601/1601
f 1600/1600/1600 1794/1794/1794 1612/1612/1612
f 1636/1636/1636 1833/1833/1833 1681/1681/1681
f 1681/1681/1681 1685/1685/1685 1636/1636/1636
f 1635/1635/1635 1656/1656/1656 1833/1833/1833
f 1833/1833/1833 1636/1636/1636 1635/1635/1635
f 1510/1510/1510 1512/1512/1512 1753/1753/1753
f 1753/1753/1753 1756/1756/1756 1510/1510/1510
f 1741/1741/1741 1498/1498/1498 1515/1515/1515
f 1515/1515/1515 1759/1759/1759 1741/1741/1741
f 1726/1726/1726 1723/1723/1723 1874/1874/1874
f 1874/1874/1874 1727/1727/1727 1726/1726/1726
f 1731/1731/1731 1729/1729/1729 1725/1725/1725
f 1725/1725/1725 1727/1727/1727 1731/1731/1731
f 1730/1730/1730 1729/1729/1729 1732/1732/1732
f 1732/1732/1732 1876/1876/1876 1730/1730/1730
f 1877/1877/1877 1878/1878/1878 1879/1879/1879
f 1880/1880/1880 1877/1877/1877 1879/1879/1879
f 1881/1881/1881 1882/1882/1882 1883/1883/1883
f 1884/1884/1884 1885/1885/1885 1886/1886/1886
f 1887/1887/1887 1888/1888/1888 1889/1889/1889
f 1887/1887/1887 1889/1889/1889 1890/1890/1890
f 1890/1890/1890 1891/1891/1891 1887/1887/1887
f 1892/1892/1892 1893/1893/1893 1894/1894/1894
f 1884/1884/1884 1895/1895/1895 1896/1896/1896
f 1897/1897/1897 1898/1898/1898 1877/1877/1877
f 1877/1877/1877 1880/1880/1880 1897/1897/1897
f 1899/1899/1899 1900/1900/1900 1883/1883/1883
f 1901/1901/1901 1902/1902/1902 1903/1903/1903
f 1904/1904/1904 1905/1905/1905 1906/1906/1906
f 1907/1907/1907 1908/1908/1908 1909/1909/1909
f 1910/1910/1910 1911/1911/1911 1912/1912/1912
f 1913/1913/1913 1914/1914/1914 1915/1915/1915
f 1916/1916/1916 1917/1917/1917 1918/1918/1918
f 1919/1919/1919 1920/1920/1920 1915/1915/1915
f 1914/1914/1914 1919/1919/1919 1915/1915/1915
f 1921/1921/1921 1922/1922/1922 1923/1923/1923
f 1900/1900/1900 1924/1924/1924 1925/1925/1925
f 1900/1900/1900 1926/1926/1926 1924/1924/1924
f 1927/1927/1927 1924/1924/1924 1926/1926/1926
f 1927/1927/1927 1928/1928/1928 1924/1924/1924
f 1929/1929/1929 1883/1883/1883 1925/1925/1925
f 1900/1900/1900 1925/1925/1925 1883/1883/1883
f 1930/1930/1930 1922/1922/1922 1921/1921/1921
f 1931/1931/1931 1930/1930/1930 1907/1907/1907
f 1930/1930/1930 1921/1921/1921 1907/1907/1907
f 1903/1903/1903 1932/1932/1932 1931/1931/1931
f 1933/1933/1933 1934/1934/1934 1885/1885/1885
f 1935/1935/1935 1936/1936/1936 1937/1937/1937
f 1926/1926/1926 1938/1938/1938 1927/1927/1927
f 1939/1939/1939 1928/1928/1928 1927/1927/1927
f 1940/1940/1940 1941/1941/1941 1911/1911/1911
f 1942/1942/1942 1911/1911/1911 1941/1941/1941
f 1941/1941/1941 1943/1943/1943 1942/1942/1942
f 1944/1944/1944 1945/1945/1945 1946/1946/1946
f 1947/1947/1947 1948/1948/1948 1949/1949/1949
f 1950/1950/1950 1951/1951/1951 1952/1952/1952
f 1953/1953/1953 1954/1954/1954 1955/1955/1955
f 1956/1956/1956 1953/1953/1953 1955/1955/1955
f 1957/1957/1957 1958/1958/1958 1959/1959/1959
f 1960/1960/1960 1961/1961/1961 1962/1962/1962
f 1963/1963/1963 1962/1962/1962 1964/1964/1964
f 1964/1964/1964 1965/1965/1965 1963/1963/1963
f 1966/1966/1966 1967/1967/1967 1968/1968/1968
f 1969/1969/1969 1967/1967/1967 1966/1966/1966
f 1970/1970/1970 1971/1971/1971 1972/1972/1972
f 1973/1973/1973 1974/1974/1974 1975/1975/1975
f 1976/1976/1976 1977/1977/1977 1978/1978/1978
f 1975/1975/1975 1979/1979/1979 1980/1980/1980
f 1981/1981/1981 1975/1975/1975 1980/1980/1980
f 1969/1969/1969 1977/1977/1977 1982/1982/1982
f 1983/1983/1983 1984/1984/1984 1985/1985/1985
f 1986/1986/1986 1985/1985/1985 1987/1987/1987
f 1987/1987/1987 1988/1988/1988 1986/1986/1986
f 1989/1989/1989 1987/1987/1987 1990/1990/1990
f 1991/1991/1991 1988/1988/1988 1987/1987/1987
f 1992/1992/1992 1986/1986/1986 1988/1988/1988
f 1993/1993/1993 1994/1994/1994 1982/1982/1982
f 1995/1995/1995 1996/1996/1996 1997/1997/1997
f 1998/1998/1998 1999/1999/1999 2000/2000/2000
f 1959/1959/1959 2001/2001/2001 1906/1906/1906
f 2002/2002/2002 2003/2003/2003 2004/2004/2004
f 2005/2005/2005 2006/2006/2006 2007/2007/2007
f 2008/2008/2008 2009/2009/2009 2010/2010/2010
f 2011/2011/2011 2012/2012/2012 2013/2013/2013
f 2014/2014/2014 2015/2015/2015 2016/2016/2016
f 2017/2017/2017 2012/2012/2012 2018/2018/2018
f 2011/2011/2011 2019/2019/2019 2020/2020/2020
f 2021/2021/2021 2022/2022/2022 2023/2023/2023
f 2024/2024/2024 2025/2025/2025 2026/2026/2026
f 2027/2027/2027 2028/2028/2028 2029/2029/2029
f 2000/2000/2000 2030/2030/2030 2031/2031/2031
f 2032/2032/2032 2033/2033/2033 2034/2034/2034
f 2035/2035/2035 2036/2036/2036 2037/2037/2037
f 2038/2038/2038 2039/2039/2039 2040/2040/2040
f 2038/2038/2038 2040/2040/2040 2041/2041/2041
f 2042/2042/2042 2039/2039/2039 2043/2043/2043
f 2017/2017/2017 2038/2038/2038 2041/2041/2041
f 2016/2016/2016 2033/2033/2033 2044/2044/2044
f 2023/2023/2023 2024/2024/2024 2045/2045/2045
f 2044/2044/2044 2046/2046/2046 2047/2047/2047
f 2048/2048/2048 2045/2045/2045 2031/2031/2031
f 2045/2045/2045 2048/2048/2048 2027/2027/2027
f 2027/2027/2027 2023/2023/2023 2045/2045/2045
f 2016/2016/2016 2044/2044/2044 2047/2047/2047
f 2049/2049/2049 2050/2050/2050 2051/2051/2051
f 2050/2050/2050 2052/2052/2052 2051/2051/2051
f 2051/2051/2051 2052/2052/2052 2053/2053/2053
f 2054/2054/2054 2055/2055/2055 2056/2056/2056
f 2050/2050/2050 2042/2042/2042 2043/2043/2043
f 2052/2052/2052 2057/2057/2057 2053/2053/2053
f 2058/2058/2058 2053/2053/2053 2057/2057/2057
f 2057/2057/2057 2059/2059/2059 2060/2060/2060
f 2061/2061/2061 2062/2062/2062 2063/2063/2063
f 2064/2064/2064 2061/2061/2061 2063/2063/2063
f 2065/2065/2065 2066/2066/2066 2064/2064/2064
f 2067/2067/2067 2068/2068/2068 2069/2069/2069
f 2070/2070/2070 2020/2020/2020 2071/2071/2071
f 2072/2072/2072 2073/2073/2073 2074/2074/2074
f 2074/2074/2074 2075/2075/2075 2076/2076/2076
f 2071/2071/2071 2077/2077/2077 2078/2078/2078
f 2065/2065/2065 2079/2079/2079 2066/2066/2066
f 2079/2079/2079 2065/2065/2065 2080/2080/2080
f 2069/2069/2069 2081/2081/2081 2063/2063/2063
f 2081/2081/2081 2069/2069/2069 2082/2082/2082
f 2083/2083/2083 2081/2081/2081 2082/2082/2082
f 2084/2084/2084 2085/2085/2085 2086/2086/2086
f 2087/2087/2087 2060/2060/2060 2059/2059/2059
f 2060/2060/2060 2087/2087/2087 2088/2088/2088
f 2088/2088/2088 2089/2089/2089 2060/2060/2060
f 2090/2090/2090 2091/2091/2091 2092/2092/2092
f 2093/2093/2093 2094/2094/2094 2095/2095/2095
f 2096/2096/2096 2097/2097/2097 2098/2098/2098
f 2099/2099/2099 2095/2095/2095 2094/2094/2094
f 2100/2100/2100 2101/2101/2101 2102/2102/2102
f 2103/2103/2103 2020/2020/2020 2104/2104/2104
f 2105/2105/2105 2106/2106/2106 2101/2101/2101
f 2107/2107/2107 1727/1727/1727 2108/2108/2108
f 2109/2109/2109 2110/2110/2110 2107/2107/2107
f 2111/2111/2111 2110/2110/2110 2109/2109/2109
f 2110/2110/2110 1732/1732/1732 1731/1731/1731
f 2112/2112/2112 2113/2113/2113 2114/2114/2114
f 2115/2115/2115 2097/2097/2097 2096/2096/2096
f 2116/2116/2116 2115/2115/2115 2117/2117/2117
f 2117/2117/2117 2115/2115/2115 2096/2096/2096
f 2118/2118/2118 2117/2117/2117 2096/2096/2096
f 2119/2119/2119 2118/2118/2118 2096/2096/2096
f 1742/1742/1742 1741/1741/1741 1880/1880/1880
f 1880/1880/1880 1879/1879/1879 1742/1742/1742
f 2092/2092/2092 1743/1743/1743 1742/1742/1742
f 1742/1742/1742 1879/1879/1879 2092/2092/2092
f 2090/2090/2090 2092/2092/2092 1879/1879/1879
f 1879/1879/1879 1878/1878/1878 2090/2090/2090
f 1882/1882/1882 1881/1881/1881 1878/1878/1878
f 1878/1878/1878 1877/1877/1877 1882/1882/1882
f 1878/1878/1878 1881/1881/1881 2120/2120/2120
f 2120/2120/2120 2090/2090/2090 1878/1878/1878
f 1877/1877/1877 1898/1898/1898 1886/1886/1886
f 1886/1886/1886 1882/1882/1882 1877/1877/1877
f 1882/1882/1882 1886/1886/1886 1899/1899/1899
f 1899/1899/1899 1883/1883/1883 1882/1882/1882
f 1886/1886/1886 1898/1898/1898 1895/1895/1895
f 1895/1895/1895 1884/1884/1884 1886/1886/1886
f 1885/1885/1885 2121/2121/2121 1899/1899/1899
f 1899/1899/1899 1886/1886/1886 1885/1885/1885
f 1896/1896/1896 1890/1890/1890 1889/1889/1889
f 1889/1889/1889 1884/1884/1884 1896/1896/1896
f 1933/1933/1933 1885/1885/1885 1884/1884/1884
f 1884/1884/1884 1889/1889/1889 1933/1933/1933
f 2122/2122/2122 1933/1933/1933 1889/1889/1889
f 1889/1889/1889 1888/1888/1888 2122/2122/2122
f 2122/2122/2122 1888/1888/1888 1935/1935/1935
f 1935/1935/1935 1937/1937/1937 2122/2122/2122
f 2123/2123/2123 1891/1891/1891 1890/1890/1890
f 1890/1890/1890 2124/2124/2124 2123/2123/2123
f 2125/2125/2125 2123/2123/2123 2124/2124/2124
f 2124/2124/2124 2126/2126/2126 2125/2125/2125
f 2126/2126/2126 1752/1752/1752 1751/1751/1751
f 1751/1751/1751 2125/2125/2125 2126/2126/2126
f 1893/1893/1893 1753/1753/1753 1752/1752/1752
f 1752/1752/1752 2126/2126/2126 1893/1893/1893
f 2124/2124/2124 1894/1894/1894 1893/1893/1893
f 1893/1893/1893 2126/2126/2126 2124/2124/2124
f 1890/1890/1890 1896/1896/1896 1894/1894/1894
f 1894/1894/1894 2124/2124/2124 1890/1890/1890
f 1892/1892/1892 1894/1894/1894 1896/1896/1896
f 1896/1896/1896 2127/2127/2127 1892/1892/1892
f 1895/1895/1895 2128/2128/2128 2127/2127/2127
f 2127/2127/2127 1896/1896/1896 1895/1895/1895
f 2127/2127/2127 1757/1757/1757 1756/1756/1756
f 1756/1756/1756 1892/1892/1892 2127/2127/2127
f 2127/2127/2127 2128/2128/2128 1758/1758/1758
f 1758/1758/1758 1757/1757/1757 2127/2127/2127
f 1759/1759/1759 1758/1758/1758 2128/2128/2128
f 2128/2128/2128 1897/1897/1897 1759/1759/1759
f 2121/2121/2121 1926/1926/1926 1900/1900/1900
f 1900/1900/1900 1899/1899/1899 2121/2121/2121
f 1929/1929/1929 1932/1932/1932 2129/2129/2129
f 2129/2129/2129 2130/2130/2130 1929/1929/1929
f 1902/1902/1902 2129/2129/2129 1932/1932/1932
f 1932/1932/1932 1903/1903/1903 1902/1902/1902
f 2130/2130/2130 2129/2129/2129 2131/2131/2131
f 2131/2131/2131 2132/2132/2132 2130/2130/2130
f 2129/2129/2129 1902/1902/1902 2133/2133/2133
f 2133/2133/2133 2131/2131/2131 2129/2129/2129
f 1902/1902/1902 1901/1901/1901 2134/2134/2134
f 2134/2134/2134 2135/2135/2135 1902/1902/1902
f 1903/1903/1903 1909/1909/1909 1905/1905/1905
f 1905/1905/1905 1901/1901/1901 1903/1903/1903
f 1904/1904/1904 2134/2134/2134 1901/1901/1901
f 1901/1901/1901 1905/1905/1905 1904/1904/1904
f 1905/1905/1905 1909/1909/1909 1908/1908/1908
f 1908/1908/1908 2136/2136/2136 1905/1905/1905
f 2136/2136/2136 1959/1959/1959 1906/1906/1906
f 1906/1906/1906 1905/1905/1905 2136/2136/2136
f 1908/1908/1908 1913/1913/1913 1912/1912/1912
f 1912/1912/1912 2136/2136/2136 1908/1908/1908
f 1913/1913/1913 1908/1908/1908 1907/1907/1907
f 1907/1907/1907 1914/1914/1914 1913/1913/1913
f 1912/1912/1912 1911/1911/1911 1942/1942/1942
f 1942/1942/1942 2136/2136/2136 1912/1912/1912
f 1942/1942/1942 1957/1957/1957 1959/1959/1959
f 1959/1959/1959 2136/2136/2136 1942/1942/1942
f 1913/1913/1913 1915/1915/1915 1916/1916/1916
f 1916/1916/1916 1912/1912/1912 1913/1913/1913
f 1916/1916/1916 1918/1918/1918 1910/1910/1910
f 1910/1910/1910 1912/1912/1912 1916/1916/1916
f 2137/2137/2137 1916/1916/1916 1915/1915/1915
f 1915/1915/1915 1920/1920/1920 2137/2137/2137
f 2137/2137/2137 2138/2138/2138 1917/1917/1917
f 1917/1917/1917 1916/1916/1916 2137/2137/2137
f 2137/2137/2137 1920/1920/1920 1923/1923/1923
f 1923/1923/1923 1924/1924/1924 2137/2137/2137
f 1919/1919/1919 1921/1921/1921 1923/1923/1923
f 1923/1923/1923 1920/1920/1920 1919/1919/1919
f 1928/1928/1928 2138/2138/2138 2137/2137/2137
f 2137/2137/2137 1924/1924/1924 1928/1928/1928
f 1923/1923/1923 1922/1922/1922 1925/1925/1925
f 1925/1925/1925 1924/1924/1924 1923/1923/1923
f 1922/1922/1922 1930/1930/1930 1931/1931/1931
f 1931/1931/1931 1925/1925/1925 1922/1922/1922
f 1883/1883/1883 1929/1929/1929 2130/2130/2130
f 2130/2130/2130 1881/1881/1881 1883/1883/1883
f 1938/1938/1938 1926/1926/1926 2121/2121/2121
f 2121/2121/2121 1885/1885/1885 1938/1938/1938
f 1934/1934/1934 1927/1927/1927 1938/1938/1938
f 1938/1938/1938 1885/1885/1885 1934/1934/1934
f 1939/1939/1939 1927/1927/1927 1934/1934/1934
f 1934/1934/1934 1933/1933/1933 1939/1939/1939
f 1937/1937/1937 2138/2138/2138 1928/1928/1928
f 1928/1928/1928 2122/2122/2122 1937/1937/1937
f 1917/1917/1917 2138/2138/2138 1937/1937/1937
f 1937/1937/1937 2139/2139/2139 1917/1917/1917
f 2140/2140/2140 2139/2139/2139 1937/1937/1937
f 1937/1937/1937 1936/1936/1936 2140/2140/2140
f 2141/2141/2141 1918/1918/1918 1917/1917/1917
f 1917/1917/1917 2139/2139/2139 2141/2141/2141
f 2142/2142/2142 2141/2141/2141 2139/2139/2139
f 2139/2139/2139 2140/2140/2140 2142/2142/2142
f 2143/2143/2143 1910/1910/1910 1918/1918/1918
f 1918/1918/1918 2141/2141/2141 2143/2143/2143
f 1946/1946/1946 2143/2143/2143 2141/2141/2141
f 2141/2141/2141 2142/2142/2142 1946/1946/1946
f 1910/1910/1910 2143/2143/2143 1940/1940/1940
f 1940/1940/1940 1911/1911/1911 1910/1910/1910
f 1945/1945/1945 1940/1940/1940 2143/2143/2143
f 2143/2143/2143 1946/1946/1946 1945/1945/1945
f 1941/1941/1941 1940/1940/1940 1945/1945/1945
f 1945/1945/1945 1943/1943/1943 1941/1941/1941
f 2144/2144/2144 1943/1943/1943 1945/1945/1945
f 1945/1945/1945 1944/1944/1944 2144/2144/2144
f 1947/1947/1947 1957/1957/1957 1942/1942/1942
f 1942/1942/1942 1943/1943/1943 1947/1947/1947
f 2144/2144/2144 1948/1948/1948 1947/1947/1947
f 1947/1947/1947 1943/1943/1943 2144/2144/2144
f 1949/1949/1949 1958/1958/1958 1957/1957/1957
f 1957/1957/1957 1947/1947/1947 1949/1949/1949
f 1952/1952/1952 1951/1951/1951 1949/1949/1949
f 1949/1949/1949 1948/1948/1948 1952/1952/1952
f 1949/1949/1949 1951/1951/1951 2004/2004/2004
f 2004/2004/2004 1958/1958/1958 1949/1949/1949
f 1951/1951/1951 1950/1950/1950 2002/2002/2002
f 2002/2002/2002 2004/2004/2004 1951/1951/1951
f 1952/1952/1952 2145/2145/2145 1954/1954/1954
f 1954/1954/1954 1950/1950/1950 1952/1952/1952
f 1954/1954/1954 1953/1953/1953 2146/2146/2146
f 2146/2146/2146 1950/1950/1950 1954/1954/1954
f 2147/2147/2147 2002/2002/2002 1950/1950/1950
f 1950/1950/1950 2146/2146/2146 2147/2147/2147
f 1948/1948/1948 2144/2144/2144 2145/2145/2145
f 2145/2145/2145 1952/1952/1952 1948/1948/1948
f 1955/1955/1955 1954/1954/1954 2145/2145/2145
f 2145/2145/2145 2148/2148/2148 1955/1955/1955
f 2148/2148/2148 2145/2145/2145 2144/2144/2144
f 2144/2144/2144 1944/1944/1944 2148/2148/2148
f 1958/1958/1958 2004/2004/2004 2001/2001/2001
f 2001/2001/2001 1959/1959/1959 1958/1958/1958
f 1972/1972/1972 2147/2147/2147 2146/2146/2146
f 2146/2146/2146 2149/2149/2149 1972/1972/1972
f 2146/2146/2146 1953/1953/1953 1956/1956/1956
f 1956/1956/1956 2149/2149/2149 2146/2146/2146
f 1972/1972/1972 1971/1971/1971 2150/2150/2150
f 2150/2150/2150 2147/2147/2147 1972/1972/1972
f 2147/2147/2147 2150/2150/2150 2003/2003/2003
f 2003/2003/2003 2002/2002/2002 2147/2147/2147
f 2151/2151/2151 2152/2152/2152 2153/2153/2153
f 2153/2153/2153 2154/2154/2154 2151/2151/2151
f 2151/2151/2151 2005/2005/2005 2155/2155/2155
f 2155/2155/2155 2152/2152/2152 2151/2151/2151
f 2154/2154/2154 1961/1961/1961 2156/2156/2156
f 2156/2156/2156 2151/2151/2151 2154/2154/2154
f 2006/2006/2006 2005/2005/2005 2151/2151/2151
f 2151/2151/2151 2156/2156/2156 2006/2006/2006
f 2156/2156/2156 1961/1961/1961 1960/1960/1960
f 1960/1960/1960 2006/2006/2006 2156/2156/2156
f 1964/1964/1964 1962/1962/1962 1961/1961/1961
f 1961/1961/1961 2154/2154/2154 1964/1964/1964
f 2152/2152/2152 2150/2150/2150 1971/1971/1971
f 1971/1971/1971 2153/2153/2153 2152/2152/2152
f 2152/2152/2152 2155/2155/2155 2003/2003/2003
f 2003/2003/2003 2150/2150/2150 2152/2152/2152
f 2157/2157/2157 1964/1964/1964 2154/2154/2154
f 2154/2154/2154 2153/2153/2153 2157/2157/2157
f 1968/1968/1968 1965/1965/1965 1964/1964/1964
f 1964/1964/1964 2157/2157/2157 1968/1968/1968
f 2153/2153/2153 1971/1971/1971 1970/1970/1970
f 1970/1970/1970 2157/2157/2157 2153/2153/2153
f 1966/1966/1966 1968/1968/1968 2157/2157/2157
f 2157/2157/2157 1970/1970/1970 1966/1966/1966
f 1970/1970/1970 2158/2158/2158 2159/2159/2159
f 2159/2159/2159 1966/1966/1966 1970/1970/1970
f 1966/1966/1966 2159/2159/2159 2160/2160/2160
f 2160/2160/2160 1969/1969/1969 1966/1966/1966
f 2158/2158/2158 1970/1970/1970 1972/1972/1972
f 1972/1972/1972 1979/1979/1979 2158/2158/2158
f 2149/2149/2149 1980/1980/1980 1979/1979/1979
f 1979/1979/1979 1972/1972/1972 2149/2149/2149
f 1974/1974/1974 2158/2158/2158 1979/1979/1979
f 1979/1979/1979 1975/1975/1975 1974/1974/1974
f 2158/2158/2158 1974/1974/1974 2160/2160/2160
f 2160/2160/2160 2159/2159/2159 2158/2158/2158
f 2161/2161/2161 2160/2160/2160 1974/1974/1974
f 1974/1974/1974 1973/1973/1973 2161/2161/2161
f 1981/1981/1981 1978/1978/1978 1973/1973/1973
f 1973/1973/1973 1975/1975/1975 1981/1981/1981
f 1977/1977/1977 2161/2161/2161 1973/1973/1973
f 1973/1973/1973 1978/1978/1978 1977/1977/1977
f 2162/2162/2162 2163/2163/2163 1967/1967/1967
f 1967/1967/1967 1969/1969/1969 2162/2162/2162
f 2164/2164/2164 1982/1982/1982 1977/1977/1977
f 1977/1977/1977 1976/1976/1976 2164/2164/2164
f 2162/2162/2162 1994/1994/1994 1984/1984/1984
f 1984/1984/1984 1983/1983/1983 2162/2162/2162
f 1985/1985/1985 1986/1986/1986 2165/2165/2165
f 2165/2165/2165 1983/1983/1983 1985/1985/1985
f 1990/1990/1990 1987/1987/1987 1985/1985/1985
f 1985/1985/1985 1984/1984/1984 1990/1990/1990
f 2166/2166/2166 1991/1991/1991 1987/1987/1987
f 1987/1987/1987 1989/1989/1989 2166/2166/2166
f 2165/2165/2165 2167/2167/2167 1965/1965/1965
f 1965/1965/1965 2163/2163/2163 2165/2165/2165
f 1986/1986/1986 1992/1992/1992 2168/2168/2168
f 2168/2168/2168 2165/2165/2165 1986/1986/1986
f 2168/2168/2168 2032/2032/2032 2167/2167/2167
f 2167/2167/2167 2165/2165/2165 2168/2168/2168
f 1984/1984/1984 1994/1994/1994 1993/1993/1993
f 1993/1993/1993 1990/1990/1990 1984/1984/1984
f 2164/2164/2164 2169/2169/2169 1993/1993/1993
f 1993/1993/1993 1982/1982/1982 2164/2164/2164
f 1990/1990/1990 1993/1993/1993 2169/2169/2169
f 2169/2169/2169 2170/2170/2170 1990/1990/1990
f 1989/1989/1989 1990/1990/1990 2170/2170/2170
f 2170/2170/2170 2171/2171/2171 1989/1989/1989
f 2172/2172/2172 2166/2166/2166 1989/1989/1989
f 1989/1989/1989 2171/2171/2171 2172/2172/2172
f 2173/2173/2173 1995/1995/1995 2174/2174/2174
f 2174/2174/2174 2172/2172/2172 2173/2173/2173
f 2174/2174/2174 2175/2175/2175 2166/2166/2166
f 2166/2166/2166 2172/2172/2172 2174/2174/2174
f 2174/2174/2174 1995/1995/1995 1997/1997/1997
f 1997/1997/1997 2176/2176/2176 2174/2174/2174
f 2176/2176/2176 2008/2008/2008 2175/2175/2175
f 2175/2175/2175 2174/2174/2174 2176/2176/2176
f 1996/1996/1996 1995/1995/1995 2173/2173/2173
f 2173/2173/2173 2177/2177/2177 1996/1996/1996
f 2178/2178/2178 1996/1996/1996 2179/2179/2179
f 2179/2179/2179 2180/2180/2180 2178/2178/2178
f 2177/2177/2177 2181/2181/2181 2179/2179/2179
f 2179/2179/2179 1996/1996/1996 2177/2177/2177
f 2182/2182/2182 1997/1997/1997 1996/1996/1996
f 1996/1996/1996 2178/2178/2178 2182/2182/2182
f 2182/2182/2182 2183/2183/2183 2176/2176/2176
f 2176/2176/2176 1997/1997/1997 2182/2182/2182
f 2175/2175/2175 2184/2184/2184 1991/1991/1991
f 1991/1991/1991 2166/2166/2166 2175/2175/2175
f 2008/2008/2008 2010/2010/2010 2184/2184/2184
f 2184/2184/2184 2175/2175/2175 2008/2008/2008
f 1991/1991/1991 2184/2184/2184 1998/1998/1998
f 1998/1998/1998 1988/1988/1988 1991/1991/1991
f 1998/1998/1998 2184/2184/2184 2010/2010/2010
f 2010/2010/2010 1999/1999/1999 1998/1998/1998
f 1998/1998/1998 2000/2000/2000 1992/1992/1992
f 1992/1992/1992 1988/1988/1988 1998/1998/1998
f 1906/1906/1906 2001/2001/2001 2007/2007/2007
f 2007/2007/2007 1904/1904/1904 1906/1906/1906
f 2056/2056/2056 2185/2185/2185 2134/2134/2134
f 2134/2134/2134 1904/1904/1904 2056/2056/2056
f 1904/1904/1904 2007/2007/2007 2006/2006/2006
f 2006/2006/2006 2056/2056/2056 1904/1904/1904
f 2185/2185/2185 2186/2186/2186 2135/2135/2135
f 2135/2135/2135 2134/2134/2134 2185/2185/2185
f 2001/2001/2001 2004/2004/2004 2003/2003/2003
f 2003/2003/2003 2007/2007/2007 2001/2001/2001
f 2032/2032/2032 2034/2034/2034 2187/2187/2187
f 2187/2187/2187 2167/2167/2167 2032/2032/2032
f 2034/2034/2034 2035/2035/2035 2188/2188/2188
f 2188/2188/2188 2187/2187/2187 2034/2034/2034
f 2187/2187/2187 2188/2188/2188 2054/2054/2054
f 2054/2054/2054 2189/2189/2189 2187/2187/2187
f 2190/2190/2190 2188/2188/2188 2035/2035/2035
f 2035/2035/2035 2037/2037/2037 2190/2190/2190
f 2188/2188/2188 2190/2190/2190 2055/2055/2055
f 2055/2055/2055 2054/2054/2054 2188/2188/2188
f 2191/2191/2191 2190/2190/2190 2037/2037/2037
f 2037/2037/2037 2040/2040/2040 2191/2191/2191
f 2049/2049/2049 2055/2055/2055 2190/2190/2190
f 2190/2190/2190 2191/2191/2191 2049/2049/2049
f 2040/2040/2040 2039/2039/2039 2042/2042/2042
f 2042/2042/2042 2191/2191/2191 2040/2040/2040
f 2050/2050/2050 2049/2049/2049 2191/2191/2191
f 2191/2191/2191 2042/2042/2042 2050/2050/2050
f 2183/2183/2183 2009/2009/2009 2008/2008/2008
f 2008/2008/2008 2176/2176/2176 2183/2183/2183
f 2000/2000/2000 1999/1999/1999 2192/2192/2192
f 2192/2192/2192 2030/2030/2030 2000/2000/2000
f 2193/2193/2193 2194/2194/2194 2030/2030/2030
f 2030/2030/2030 2192/2192/2192 2193/2193/2193
f 2195/2195/2195 2028/2028/2028 2194/2194/2194
f 2194/2194/2194 2193/2193/2193 2195/2195/2195
f 2029/2029/2029 2028/2028/2028 2195/2195/2195
f 2195/2195/2195 2196/2196/2196 2029/2029/2029
f 2197/2197/2197 2196/2196/2196 2198/2198/2198
f 2198/2198/2198 2019/2019/2019 2197/2197/2197
f 2029/2029/2029 2196/2196/2196 2197/2197/2197
f 2197/2197/2197 2021/2021/2021 2029/2029/2029
f 2011/2011/2011 2013/2013/2013 2197/2197/2197
f 2197/2197/2197 2019/2019/2019 2011/2011/2011
f 2013/2013/2013 2022/2022/2022 2021/2021/2021
f 2021/2021/2021 2197/2197/2197 2013/2013/2013
f 2199/2199/2199 2200/2200/2200 2013/2013/2013
f 2013/2013/2013 2012/2012/2012 2199/2199/2199
f 2200/2200/2200 2025/2025/2025 2022/2022/2022
f 2022/2022/2022 2013/2013/2013 2200/2200/2200
f 2199/2199/2199 2015/2015/2015 2014/2014/2014
f 2014/2014/2014 2200/2200/2200 2199/2199/2199
f 2014/2014/2014 2026/2026/2026 2025/2025/2025
f 2025/2025/2025 2200/2200/2200 2014/2014/2014
f 2014/2014/2014 2016/2016/2016 2047/2047/2047
f 2047/2047/2047 2026/2026/2026 2014/2014/2014
f 2199/2199/2199 2012/2012/2012 2017/2017/2017
f 2017/2017/2017 2041/2041/2041 2199/2199/2199
f 2018/2018/2018 2012/2012/2012 2011/2011/2011
f 2011/2011/2011 2201/2201/2201 2018/2018/2018
f 2015/2015/2015 2199/2199/2199 2041/2041/2041
f 2041/2041/2041 2036/2036/2036 2015/2015/2015
f 2036/2036/2036 2033/2033/2033 2016/2016/2016
f 2016/2016/2016 2015/2015/2015 2036/2036/2036
f 2019/2019/2019 2198/2198/2198 2104/2104/2104
f 2104/2104/2104 2020/2020/2020 2019/2019/2019
f 2020/2020/2020 2070/2070/2070 2201/2201/2201
f 2201/2201/2201 2011/2011/2011 2020/2020/2020
f 2026/2026/2026 2047/2047/2047 2045/2045/2045
f 2045/2045/2045 2024/2024/2024 2026/2026/2026
f 2194/2194/2194 2028/2028/2028 2027/2027/2027
f 2027/2027/2027 2048/2048/2048 2194/2194/2194
f 2000/2000/2000 2031/2031/2031 2046/2046/2046
f 2046/2046/2046 1992/1992/1992 2000/2000/2000
f 1992/1992/1992 2046/2046/2046 2044/2044/2044
f 2044/2044/2044 2168/2168/2168 1992/1992/1992
f 2043/2043/2043 2039/2039/2039 2038/2038/2038
f 2038/2038/2038 2202/2202/2202 2043/2043/2043
f 2185/2185/2185 2056/2056/2056 2051/2051/2051
f 2051/2051/2051 2053/2053/2053 2185/2185/2185
f 2055/2055/2055 2049/2049/2049 2051/2051/2051
f 2051/2051/2051 2056/2056/2056 2055/2055/2055
f 2006/2006/2006 1960/1960/1960 2054/2054/2054
f 2054/2054/2054 2056/2056/2056 2006/2006/2006
f 2043/2043/2043 2203/2203/2203 2052/2052/2052
f 2052/2052/2052 2050/2050/2050 2043/2043/2043
f 2058/2058/2058 2186/2186/2186 2185/2185/2185
f 2185/2185/2185 2053/2053/2053 2058/2058/2058
f 2203/2203/2203 2059/2059/2059 2057/2057/2057
f 2057/2057/2057 2052/2052/2052 2203/2203/2203
f 2058/2058/2058 2057/2057/2057 2060/2060/2060
f 2060/2060/2060 2089/2089/2089 2058/2058/2058
f 2203/2203/2203 2043/2043/2043 2061/2061/2061
f 2061/2061/2061 2064/2064/2064 2203/2203/2203
f 2202/2202/2202 2062/2062/2062 2061/2061/2061
f 2061/2061/2061 2043/2043/2043 2202/2202/2202
f 2064/2064/2064 2066/2066/2066 2059/2059/2059
f 2059/2059/2059 2203/2203/2203 2064/2064/2064
f 2063/2063/2063 2204/2204/2204 2065/2065/2065
f 2065/2065/2065 2064/2064/2064 2063/2063/2063
f 2201/2201/2201 2068/2068/2068 2067/2067/2067
f 2067/2067/2067 2018/2018/2018 2201/2201/2201
f 2063/2063/2063 2062/2062/2062 2067/2067/2067
f 2067/2067/2067 2069/2069/2069 2063/2063/2063
f 2070/2070/2070 2205/2205/2205 2068/2068/2068
f 2068/2068/2068 2201/2201/2201 2070/2070/2070
f 2205/2205/2205 2082/2082/2082 2069/2069/2069
f 2069/2069/2069 2068/2068/2068 2205/2205/2205
f 2071/2071/2071 2206/2206/2206 2205/2205/2205
f 2205/2205/2205 2070/2070/2070 2071/2071/2071
f 2207/2207/2207 2082/2082/2082 2205/2205/2205
f 2205/2205/2205 2206/2206/2206 2207/2207/2207
f 2071/2071/2071 2078/2078/2078 2208/2208/2208
f 2208/2208/2208 2206/2206/2206 2071/2071/2071
f 2209/2209/2209 2207/2207/2207 2206/2206/2206
f 2206/2206/2206 2208/2208/2208 2209/2209/2209
f 2210/2210/2210 2211/2211/2211 2208/2208/2208
f 2208/2208/2208 2078/2078/2078 2210/2210/2210
f 2208/2208/2208 2211/2211/2211 2212/2212/2212
f 2212/2212/2212 2209/2209/2209 2208/2208/2208
f 2213/2213/2213 2211/2211/2211 2210/2210/2210
f 2210/2210/2210 2214/2214/2214 2213/2213/2213
f 2084/2084/2084 2212/2212/2212 2211/2211/2211
f 2211/2211/2211 2213/2213/2213 2084/2084/2084
f 2214/2214/2214 2215/2215/2215 2216/2216/2216
f 2216/2216/2216 2213/2213/2213 2214/2214/2214
f 2085/2085/2085 2084/2084/2084 2213/2213/2213
f 2213/2213/2213 2216/2216/2216 2085/2085/2085
f 2074/2074/2074 2216/2216/2216 2215/2215/2215
f 2215/2215/2215 2072/2072/2072 2074/2074/2074
f 2076/2076/2076 2085/2085/2085 2216/2216/2216
f 2216/2216/2216 2074/2074/2074 2076/2076/2076
f 2217/2217/2217 2075/2075/2075 2074/2074/2074
f 2074/2074/2074 2073/2073/2073 2217/2217/2217
f 2103/2103/2103 2077/2077/2077 2071/2071/2071
f 2071/2071/2071 2020/2020/2020 2103/2103/2103
f 2066/2066/2066 2079/2079/2079 2087/2087/2087
f 2087/2087/2087 2059/2059/2059 2066/2066/2066
f 2079/2079/2079 2080/2080/2080 2083/2083/2083
f 2083/2083/2083 2087/2087/2087 2079/2079/2079
f 2218/2218/2218 2080/2080/2080 2065/2065/2065
f 2065/2065/2065 2204/2204/2204 2218/2218/2218
f 2083/2083/2083 2080/2080/2080 2218/2218/2218
f 2218/2218/2218 2081/2081/2081 2083/2083/2083
f 2219/2219/2219 2083/2083/2083 2082/2082/2082
f 2082/2082/2082 2207/2207/2207 2219/2219/2219
f 2207/2207/2207 2209/2209/2209 2220/2220/2220
f 2220/2220/2220 2219/2219/2219 2207/2207/2207
f 2209/2209/2209 2212/2212/2212 2221/2221/2221
f 2221/2221/2221 2220/2220/2220 2209/2209/2209
f 2086/2086/2086 2221/2221/2221 2212/2212/2212
f 2212/2212/2212 2084/2084/2084 2086/2086/2086
f 2085/2085/2085 2076/2076/2076 2099/2099/2099
f 2099/2099/2099 2086/2086/2086 2085/2085/2085
f 2099/2099/2099 2076/2076/2076 2075/2075/2075
f 2075/2075/2075 2095/2095/2095 2099/2099/2099
f 2083/2083/2083 2219/2219/2219 2088/2088/2088
f 2088/2088/2088 2087/2087/2087 2083/2083/2083
f 2219/2219/2219 2220/2220/2220 2222/2222/2222
f 2222/2222/2222 2088/2088/2088 2219/2219/2219
f 2089/2089/2089 2088/2088/2088 2222/2222/2222
f 2222/2222/2222 2223/2223/2223 2089/2089/2089
f 2224/2224/2224 2222/2222/2222 2220/2220/2220
f 2220/2220/2220 2221/2221/2221 2224/2224/2224
f 2223/2223/2223 2222/2222/2222 2224/2224/2224
f 2224/2224/2224 2225/2225/2225 2223/2223/2223
f 2226/2226/2226 2224/2224/2224 2221/2221/2221
f 2221/2221/2221 2086/2086/2086 2226/2226/2226
f 2226/2226/2226 2133/2133/2133 2225/2225/2225
f 2225/2225/2225 2224/2224/2224 2226/2226/2226
f 2227/2227/2227 2226/2226/2226 2086/2086/2086
f 2086/2086/2086 2099/2099/2099 2227/2227/2227
f 2227/2227/2227 2131/2131/2131 2133/2133/2133
f 2133/2133/2133 2226/2226/2226 2227/2227/2227
f 2094/2094/2094 2228/2228/2228 2227/2227/2227
f 2227/2227/2227 2099/2099/2099 2094/2094/2094
f 2228/2228/2228 2132/2132/2132 2131/2131/2131
f 2131/2131/2131 2227/2227/2227 2228/2228/2228
f 2229/2229/2229 2228/2228/2228 2094/2094/2094
f 2094/2094/2094 2230/2230/2230 2229/2229/2229
f 2228/2228/2228 2229/2229/2229 2120/2120/2120
f 2120/2120/2120 2132/2132/2132 2228/2228/2228
f 2229/2229/2229 2230/2230/2230 2102/2102/2102
f 2102/2102/2102 2091/2091/2091 2229/2229/2229
f 2090/2090/2090 2120/2120/2120 2229/2229/2229
f 2229/2229/2229 2091/2091/2091 2090/2090/2090
f 2101/2101/2101 2106/2106/2106 2091/2091/2091
f 2091/2091/2091 2102/2102/2102 2101/2101/2101
f 2092/2092/2092 2091/2091/2091 2106/2106/2106
f 2106/2106/2106 2231/2231/2231 2092/2092/2092
f 2217/2217/2217 2232/2232/2232 2095/2095/2095
f 2095/2095/2095 2075/2075/2075 2217/2217/2217
f 2232/2232/2232 2233/2233/2233 2093/2093/2093
f 2093/2093/2093 2095/2095/2095 2232/2232/2232
f 2094/2094/2094 2093/2093/2093 2234/2234/2234
f 2234/2234/2234 2230/2230/2230 2094/2094/2094
f 2233/2233/2233 2235/2235/2235 2234/2234/2234
f 2234/2234/2234 2093/2093/2093 2233/2233/2233
f 2230/2230/2230 2234/2234/2234 2236/2236/2236
f 2236/2236/2236 2102/2102/2102 2230/2230/2230
f 2235/2235/2235 2119/2119/2119 2236/2236/2236
f 2236/2236/2236 2234/2234/2234 2235/2235/2235
f 2102/2102/2102 2236/2236/2236 2098/2098/2098
f 2098/2098/2098 2114/2114/2114 2102/2102/2102
f 2236/2236/2236 2119/2119/2119 2096/2096/2096
f 2096/2096/2096 2098/2098/2098 2236/2236/2236
f 2114/2114/2114 2098/2098/2098 2237/2237/2237
f 2237/2237/2237 2112/2112/2112 2114/2114/2114
f 2097/2097/2097 2238/2238/2238 2237/2237/2237
f 2237/2237/2237 2098/2098/2098 2097/2097/2097
f 2114/2114/2114 2239/2239/2239 2100/2100/2100
f 2100/2100/2100 2102/2102/2102 2114/2114/2114
f 2231/2231/2231 1871/1871/1871 1743/1743/1743
f 1743/1743/1743 2092/2092/2092 2231/2231/2231
f 2240/2240/2240 1872/1872/1872 1871/1871/1871
f 1871/1871/1871 2231/2231/2231 2240/2240/2240
f 2106/2106/2106 2105/2105/2105 2240/2240/2240
f 2240/2240/2240 2231/2231/2231 2106/2106/2106
f 2108/2108/2108 2105/2105/2105 2101/2101/2101
f 2101/2101/2101 2100/2100/2100 2108/2108/2108
f 1874/1874/1874 1872/1872/1872 2240/2240/2240
f 2240/2240/2240 2105/2105/2105 1874/1874/1874
f 2108/2108/2108 2100/2100/2100 2239/2239/2239
f 2239/2239/2239 2107/2107/2107 2108/2108/2108
f 2107/2107/2107 2239/2239/2239 2241/2241/2241
f 2241/2241/2241 2109/2109/2109 2107/2107/2107
f 2114/2114/2114 2113/2113/2113 2241/2241/2241
f 2241/2241/2241 2239/2239/2239 2114/2114/2114
f 2115/2115/2115 2116/2116/2116 2238/2238/2238
f 2238/2238/2238 2097/2097/2097 2115/2115/2115
f 1902/1902/1902 2135/2135/2135 2225/2225/2225
f 2225/2225/2225 2133/2133/2133 1902/1902/1902
f 2135/2135/2135 2186/2186/2186 2223/2223/2223
f 2223/2223/2223 2225/2225/2225 2135/2135/2135
f 1960/1960/1960 1963/1963/1963 2189/2189/2189
f 2189/2189/2189 2054/2054/2054 1960/1960/1960
f 1962/1962/1962 1963/1963/1963 1960/1960/1960
f 1895/1895/1895 1898/1898/1898 1897/1897/1897
f 1897/1897/1897 2128/2128/2128 1895/1895/1895
f 1931/1931/1931 1932/1932/1932 1929/1929/1929
f 1929/1929/1929 1925/1925/1925 1931/1931/1931
f 1931/1931/1931 1907/1907/1907 1909/1909/1909
f 1909/1909/1909 1903/1903/1903 1931/1931/1931
f 1921/1921/1921 1919/1919/1919 1914/1914/1914
f 1914/1914/1914 1907/1907/1907 1921/1921/1921
f 2122/2122/2122 1928/1928/1928 1939/1939/1939
f 1939/1939/1939 1933/1933/1933 2122/2122/2122
f 2160/2160/2160 2161/2161/2161 1977/1977/1977
f 1977/1977/1977 1969/1969/1969 2160/2160/2160
f 1968/1968/1968 1967/1967/1967 2163/2163/2163
f 2163/2163/2163 1965/1965/1965 1968/1968/1968
f 2155/2155/2155 2005/2005/2005 2007/2007/2007
f 2007/2007/2007 2003/2003/2003 2155/2155/2155
f 2023/2023/2023 2027/2027/2027 2029/2029/2029
f 2029/2029/2029 2021/2021/2021 2023/2023/2023
f 2023/2023/2023 2022/2022/2022 2025/2025/2025
f 2025/2025/2025 2024/2024/2024 2023/2023/2023
f 2048/2048/2048 2031/2031/2031 2030/2030/2030
f 2030/2030/2030 2194/2194/2194 2048/2048/2048
f 2044/2044/2044 2033/2033/2033 2032/2032/2032
f 2032/2032/2032 2168/2168/2168 2044/2044/2044
f 2033/2033/2033 2036/2036/2036 2035/2035/2035
f 2035/2035/2035 2034/2034/2034 2033/2033/2033
f 2037/2037/2037 2036/2036/2036 2041/2041/2041
f 2041/2041/2041 2040/2040/2040 2037/2037/2037
f 2031/2031/2031 2045/2045/2045 2047/2047/2047
f 2047/2047/2047 2046/2046/2046 2031/2031/2031
f 2081/2081/2081 2218/2218/2218 2204/2204/2204
f 2204/2204/2204 2063/2063/2063 2081/2081/2081
f 2130/2130/2130 2132/2132/2132 2120/2120/2120
f 2120/2120/2120 1881/1881/1881 2130/2130/2130
f 2186/2186/2186 2058/2058/2058 2089/2089/2089
f 2089/2089/2089 2223/2223/2223 2186/2186/2186
f 2167/2167/2167 2187/2187/2187 1963/1963/1963
f 1963/1963/1963 1965/1965/1965 2167/2167/2167
f 2189/2189/2189 1963/1963/1963 2187/2187/2187
f 1983/1983/1983 2165/2165/2165 2163/2163/2163
f 2163/2163/2163 2162/2162/2162 1983/1983/1983
f 1982/1982/1982 1994/1994/1994 2162/2162/2162
f 2062/2062/2062 2202/2202/2202 2018/2018/2018
f 2018/2018/2018 2067/2067/2067 2062/2062/2062
f 2202/2202/2202 2038/2038/2038 2017/2017/2017
f 2017/2017/2017 2018/2018/2018 2202/2202/2202
f 1753/1753/1753 1893/1893/1893 1892/1892/1892
f 1892/1892/1892 1756/1756/1756 1753/1753/1753
f 1741/1741/1741 1759/1759/1759 1897/1897/1897
f 1897/1897/1897 1880/1880/1880 1741/1741/1741
f 1874/1874/1874 2105/2105/2105 2108/2108/2108
f 2108/2108/2108 1727/1727/1727 1874/1874/1874
f 1731/1731/1731 1727/1727/1727 2107/2107/2107
f 2107/2107/2107 2110/2110/2110 1731/1731/1731
f 1732/1732/1732 2110/2110/2110 2111/2111/2111
f 2111/2111/2111 1876/1876/1876 1732/1732/1732
f 1587/1587/1587 1794/1794/1794 1600/1600/1600
f 1969/1969/1969 1982/1982/1982 2162/2162/2162

