# https://github.com/mikedh/trimesh
mtllib material.mtl
usemtl material_0
v -2.50110600 0.59199300 -2.07066600
v -2.47180100 0.54936100 -2.12531100
v -2.53568000 0.58980100 -2.17066000
v -2.55761500 0.62808300 -2.10752500
v -2.44201800 0.56020000 -2.03447700
v -2.41969800 0.52255900 -2.09771300
v -2.43375500 0.59301500 -2.17355200
v -2.49174000 0.62664700 -2.21002700
v -2.37300000 0.56400300 -2.13779700
v -2.66455000 0.61234800 -2.19382900
v -2.66351000 0.64816700 -2.13299300
v -2.56230600 0.61493100 -2.11758400
v -2.56294600 0.58870800 -2.19178200
v -2.46744800 0.60610900 -2.19743600
v -2.46302000 0.64172800 -2.13497300
v -2.65296000 0.65321600 -2.25613000
v -2.57039200 0.64559100 -2.27368900
v -2.48399500 0.64470000 -2.27318900
v -2.58187100 0.61295800 -2.27791800
v -2.50350500 0.59913200 -2.27490400
v -2.51362700 0.59738800 -2.34244300
v -2.58548200 0.61865100 -2.34891900
v -2.57594500 0.66722300 -2.39452300
v -2.49017900 0.66356400 -2.38628600
v -2.65609400 0.65189900 -2.33204600
v -2.63920700 0.66858900 -2.26238500
v -2.63252300 0.73123600 -2.37492000
v -2.70572100 0.58372000 -2.25187700
v -2.69160300 0.61914000 -2.18037600
v -2.62771900 0.60569500 -2.20141400
v -2.63736300 0.58014000 -2.27179500
v -2.59265100 0.62283400 -2.29617800
v -2.58245500 0.67171400 -2.22238100
v -2.67000000 0.56749100 -2.34215900
v -2.73509300 0.59777900 -2.32223700
v -2.62615500 0.64477700 -2.36907900
v -2.63954200 0.55623500 -2.21272700
v -2.72232700 0.55528700 -2.18879500
v -2.70198200 0.56276400 -2.12717300
v -2.63101700 0.59729900 -2.15047200
v -2.58257200 0.58370800 -2.18410400
v -2.58110400 0.56014900 -2.23753900
v -2.66956800 0.60631900 -2.26724200
v -2.74018100 0.59601000 -2.24287400
v -2.59961800 0.58967000 -2.29361700
v -2.62520000 0.61229700 -2.30254400
v -2.64214400 0.56356800 -2.35838800
v -2.70924000 0.54018600 -2.30845100
v -2.68211900 0.59362100 -2.25711100
v -2.57063500 0.63513300 -2.34954800
v -2.59810500 0.58231800 -2.40112200
v -2.69724000 0.58894900 -2.40002600
v -2.75281400 0.56789300 -2.35369500
v -2.64419800 0.61447700 -2.44804600
v -2.49805200 0.62370300 -2.26617900
v -2.41455800 0.63993300 -2.30349700
v -2.47888100 0.66571500 -2.37816200
v -2.54084800 0.62465100 -2.34381100
v -2.57829500 0.62856500 -2.40345500
v -2.51563500 0.71904900 -2.45910900
v -2.59649200 0.66684500 -2.29939400
v -2.55556300 0.66442600 -2.23690600
v -2.63485400 0.67437000 -2.36748400
v -2.41666400 0.61816200 -2.33348900
v -2.34197100 0.64614800 -2.32326200
v -2.34209500 0.63347900 -2.39064100
v -2.41350600 0.61511600 -2.40463900
v -2.41860600 0.65909200 -2.45444000
v -2.34197100 0.70034200 -2.43963000
v -2.49135600 0.61008600 -2.39676800
v -2.49135600 0.63966600 -2.32844800
v -2.49641600 0.68878400 -2.44624400
v -2.61136100 0.60297000 -2.32091300
v -2.56237200 0.61208300 -2.33122500
v -2.55432300 0.57231100 -2.34209900
v -2.60447300 0.55699400 -2.34654400
v -2.49523300 0.62042900 -2.34992900
v -2.50972400 0.57612500 -2.35643200
v -2.57920500 0.54017400 -2.40358900
v -2.61190300 0.54850500 -2.39866300
v -2.52258400 0.54526400 -2.41669200
v -2.61967700 0.58207100 -2.40263000
v -2.61686900 0.61335200 -2.32847700
v -2.52826900 0.58301600 -2.33185600
v -2.53066300 0.56264100 -2.40433400
v -2.44279100 0.58376600 -2.41206900
v -2.43653000 0.61481300 -2.33611400
v -2.53020600 0.61604900 -2.48172100
v -2.61771200 0.62845500 -2.47822500
v -2.44268200 0.62490400 -2.49062200
v -2.23964400 0.61999300 -2.22171300
v -2.18658200 0.67995800 -2.24675100
v -2.20896700 0.64460000 -2.33101300
v -2.26430800 0.59540700 -2.30620600
v -2.30718100 0.60590500 -2.38499900
v -2.25362700 0.66618300 -2.41389600
v -2.34915600 0.61226700 -2.27766300
v -2.32112700 0.63100400 -2.19563600
v -2.38888400 0.61093800 -2.35654300
v -2.42858600 0.63101200 -2.09177000
v -2.35389400 0.65899200 -2.08153100
v -2.35401700 0.64636100 -2.14891500
v -2.42542800 0.62800500 -2.16292100
v -2.43052900 0.67201000 -2.21270200
v -2.35389400 0.71325100 -2.19787400
v -2.50327900 0.62297100 -2.15505200
v -2.50327900 0.65251300 -2.08672000
v -2.50833900 0.70169700 -2.20449300
v -2.57126100 0.57642900 -2.14579500
v -2.56845300 0.63658800 -2.08734600
v -2.47985400 0.60702100 -2.08043700
v -2.48224700 0.55768500 -2.14094400
v -2.39437400 0.57404000 -2.15511400
v -2.38811400 0.63473700 -2.09491500
v -2.48179100 0.57475100 -2.23043300
v -2.56929700 0.58773000 -2.23129700
v -2.39426600 0.57923100 -2.24162400
v -2.59840100 0.61460300 -2.22431600
v -2.64813600 0.63083400 -2.14756700
v -2.55353800 0.65661600 -2.11993700
v -2.52024700 0.61555100 -2.18248100
v -2.45637100 0.61946500 -2.15282400
v -2.47864900 0.70994900 -2.07203200
v -2.49774000 0.65774500 -2.25002700
v -2.56608600 0.65532600 -2.28017500
v -2.42850000 0.66527000 -2.21378300
v -2.44845000 0.55182100 -1.99187500
v -2.44142100 0.56856800 -2.05983800
v -2.51235800 0.59953600 -2.05586600
v -2.51581800 0.59957900 -1.97852800
v -2.39096800 0.61354700 -1.97520500
v -2.38612400 0.59450300 -2.05907500
v -2.45308100 0.58881300 -2.13574500
v -2.51229500 0.65754500 -2.11939000
v -2.39191000 0.64352100 -2.12361400
v -2.53268800 0.56747300 -2.05396900
v -2.50057400 0.57008500 -2.03626200
v -2.49127700 0.58462300 -2.06608700
v -2.52077500 0.57140200 -2.08685700
v -2.51648100 0.60655000 -2.10873800
v -2.47775600 0.61306200 -2.09619200
v -2.55884900 0.57817900 -2.09064900
v -2.56927900 0.57259200 -2.05741600
v -2.55206300 0.60416100 -2.12040700
v -2.62189800 0.59948600 -2.19893400
v -2.65528700 0.56817900 -2.20393800
v -2.66092200 0.58297200 -2.16023200
v -2.62410300 0.60220200 -2.15673000
v -2.62722200 0.61628300 -2.24122600
v -2.66352800 0.58878400 -2.24178700
v -2.69985100 0.56506600 -2.19923100
v -2.70448900 0.58295300 -2.16175400
v -2.70364500 0.57549500 -2.24119300
v -2.63005400 0.59685100 -2.26881900
v -2.62377400 0.62577500 -2.19412700
v -2.54462800 0.57150200 -2.19425000
v -2.54816900 0.55300900 -2.26707900
v -2.45813600 0.54880200 -2.27076200
v -2.44865000 0.57651300 -2.19412700
v -2.53239700 0.60519200 -2.34351200
v -2.61446000 0.64179700 -2.34351200
v -2.44536500 0.58921200 -2.34857100
v -2.52398200 0.61411500 -2.32684900
v -2.60671600 0.61273700 -2.30288600
v -2.58147900 0.57196900 -2.25177400
v -2.50909300 0.57185300 -2.27014300
v -2.66939000 0.61103700 -2.29293600
v -2.65441900 0.56920500 -2.23586400
v -2.53836400 0.59748500 -2.38617200
v -2.61106700 0.59595300 -2.36920900
v -2.68436400 0.59132400 -2.35489000
v -2.50746300 0.57642900 -2.29609100
v -2.50465600 0.63658800 -2.23764200
v -2.41605600 0.60702100 -2.23073300
v -2.41845000 0.55768500 -2.29124000
v -2.33057700 0.57404000 -2.30541000
v -2.32431600 0.63473700 -2.24521100
v -2.41799300 0.57475100 -2.38072900
v -2.50549900 0.58773000 -2.38159300
v -2.33046900 0.57923100 -2.39192000
v -2.30103900 0.61620600 -2.36855400
v -2.36490700 0.63050100 -2.41369500
v -2.41173000 0.60010100 -2.33842300
v -2.35099900 0.59612400 -2.29500100
v -2.40147500 0.61715600 -2.22263600
v -2.46880900 0.63076900 -2.26609200
v -2.29891000 0.66553400 -2.25345700
v -2.25023800 0.67831100 -2.32621200
v -2.34648400 0.67479600 -2.17949300
v -2.59051100 0.55705300 -2.26549200
v -2.58770400 0.61721100 -2.20704300
v -2.49910400 0.58764400 -2.20013400
v -2.50149800 0.53830800 -2.26064100
v -2.41362500 0.55466300 -2.27481100
v -2.40736500 0.61536100 -2.21461200
v -2.50104100 0.55537400 -2.35013000
v -2.58854700 0.56835300 -2.35099400
v -2.41351700 0.55985400 -2.36132100
v -2.46402200 0.58928900 -2.16922700
v -2.45260000 0.54822400 -2.23101700
v -2.53871500 0.54727600 -2.23424400
v -2.53871500 0.58958600 -2.16935000
v -2.38933000 0.59374000 -2.17107100
v -2.38933000 0.55213800 -2.23625700
v -2.46402200 0.59041800 -2.29219600
v -2.53871500 0.58799900 -2.29119400
v -2.38933000 0.59794300 -2.29531200
v -2.38073100 0.56549700 -2.16257300
v -2.30756800 0.58433900 -2.18842600
v -2.34474000 0.61020300 -2.24093400
v -2.41472400 0.60183400 -2.21626500
v -2.43300700 0.66754600 -2.23334600
v -2.35264600 0.69546200 -2.25236100
v -2.47564000 0.59312600 -2.16756300
v -2.43388300 0.58151900 -2.10833800
v -2.48507900 0.68899100 -2.17217000
v -2.30359700 0.67295800 -2.39356600
v -2.37750700 0.67295800 -2.39920500
v -2.38317100 0.63092400 -2.35052000
v -2.31233200 0.64062400 -2.32396600
v -2.47968500 0.67295800 -2.39832600
v -2.45141600 0.63092400 -2.34634100
v -2.36685900 0.67295800 -2.25436600
v -2.32196700 0.69360500 -2.26280100
v -2.45141600 0.66738500 -2.25436600
v -2.54591400 0.62154200 -2.36150000
v -2.46990000 0.57950900 -2.35485200
v -2.47631500 0.62984000 -2.42667500
v -2.54591400 0.62154200 -2.43540900
v -2.54591400 0.62154200 -2.28759100
v -2.47631500 0.57950900 -2.28759100
v -2.40671500 0.62154200 -2.37214800
v -2.40671500 0.66172000 -2.41138900
v -2.40671500 0.58462200 -2.28759100
v -2.58136800 0.56752600 -2.44249000
v -2.54452800 0.56375200 -2.44327000
v -2.54064300 0.55902200 -2.49428600
v -2.58924300 0.55855200 -2.49194700
v -2.56519500 0.58069200 -2.37536200
v -2.53153700 0.57285900 -2.39895200
v -2.49473600 0.57883300 -2.47031100
v -2.50984500 0.57664700 -2.49986800
v -2.48095900 0.58850300 -2.41432500
v -2.33001500 0.61564000 -2.38686400
v -2.24501700 0.60813000 -2.37431400
v -2.23766500 0.66582600 -2.41401500
v -2.31354600 0.69357700 -2.40159500
v -2.37084200 0.67337500 -2.40596100
v -2.39355200 0.61723300 -2.38882000
v -2.32874000 0.60034300 -2.31159600
v -2.25404400 0.59031900 -2.30935700
v -2.40222000 0.58994300 -2.32955600
v -2.30010600 0.67155300 -2.40612200
v -2.33998500 0.65085900 -2.40298400
v -2.34168200 0.68691300 -2.36976400
v -2.30154100 0.69494800 -2.36925900
v -2.30100200 0.66800100 -2.45139700
v -2.34272600 0.65375500 -2.44604900
v -2.38351700 0.66364900 -2.40313900
v -2.38348100 0.69920700 -2.37659900
v -2.38454200 0.65404300 -2.44551200
v -2.33075000 0.58854700 -2.35209700
v -2.29370400 0.63306700 -2.42727500
v -2.36775900 0.66090800 -2.44078800
v -2.40104200 0.60795000 -2.37075400
v -2.43077800 0.52607000 -2.32645700
v -2.35618300 0.49572500 -2.30978500
v -2.42787800 0.62774300 -2.49494800
v -2.46082900 0.57079300 -2.43054600
v -2.49417400 0.49829200 -2.38010100
v -2.40901000 0.58881100 -2.45089600
v -2.45370700 0.65791700 -2.42821700
v -2.39981100 0.65698900 -2.35284000
v -2.35372100 0.59790500 -2.37946900
v -2.28620500 0.63644100 -2.33043900
v -2.32998700 0.70740000 -2.30434400
v -2.28651600 0.59731200 -2.44047200
v -2.34360200 0.58393100 -2.50673600
v -2.22100600 0.62501700 -2.38657600
v -2.41346100 0.60572600 -2.20384600
v -2.41691900 0.64135200 -2.14301000
v -2.31256300 0.62452900 -2.12760100
v -2.30991000 0.59846700 -2.20180000
v -2.21754800 0.63086800 -2.20745400
v -2.21762800 0.66683400 -2.14499000
v -2.40710800 0.64802600 -2.26614700
v -2.32441000 0.65359800 -2.28370600
v -2.23876600 0.66644400 -2.28320600
v -2.27792100 0.62725100 -2.24747600
v -2.22994900 0.63409800 -2.25011700
v -2.23108900 0.63074100 -2.29333100
v -2.27619900 0.61102700 -2.29680000
v -2.27898100 0.63375300 -2.33886100
v -2.22933000 0.64055300 -2.34144900
v -2.32063500 0.62237500 -2.29363200
v -2.32063500 0.63685600 -2.25276000
v -2.32339600 0.63105900 -2.33825800
v -2.35493800 0.59500100 -2.10215600
v -2.42568100 0.64865100 -2.08981600
v -2.43067900 0.61798400 -2.03075000
v -2.35234700 0.59596400 -2.02955600
v -2.31037400 0.56142300 -2.05990600
v -2.30035600 0.56197700 -2.11642700
v -2.33145300 0.66992200 -2.13171100
v -2.39799700 0.70787700 -2.12172900
v -2.27791000 0.61470900 -2.15487300
v -2.30260500 0.60575500 -2.27868700
v -2.24614000 0.55934600 -2.27725800
v -2.24766500 0.57391400 -2.36244300
v -2.30637500 0.61994100 -2.35220700
v -2.29681400 0.59352700 -2.20494300
v -2.23780300 0.54779200 -2.21514500
v -2.18807600 0.56374300 -2.29089200
v -2.19300200 0.57680900 -2.36454000
v -2.18097700 0.55278200 -2.21700300
v -2.61939800 0.56007300 -2.11413600
v -2.61192600 0.55395800 -2.18619700
v -2.69790800 0.56039100 -2.18508900
v -2.69385000 0.56529800 -2.11034000
v -2.54466900 0.56007600 -2.11780500
v -2.54868400 0.55594900 -2.19253500
v -2.62168600 0.62326500 -2.22353500
v -2.69629800 0.62549900 -2.21981100
v -2.54677700 0.62665200 -2.22712200
v -2.26925300 0.58522200 -2.26517700
v -2.20257000 0.60743400 -2.30315400
v -2.24340300 0.56216800 -2.37598200
v -2.30853900 0.55041700 -2.34084400
v -2.35206200 0.55632100 -2.41965800
v -2.28519700 0.57749100 -2.46142000
v -2.37795000 0.61119100 -2.31831500
v -2.33780400 0.63863100 -2.24357900
v -2.42261500 0.60522600 -2.39433300
v -2.29138700 0.57814500 -2.30329600
v -2.33528700 0.65242300 -2.30334600
v -2.35211300 0.62708200 -2.21504200
v -2.30391700 0.56275500 -2.21452500
v -2.29043700 0.57625000 -2.12616200
v -2.33606700 0.65158300 -2.12284300
v -2.21351900 0.55505700 -2.21009200
v -2.20615400 0.56595800 -2.29751600
v -2.20545700 0.55782900 -2.12216800
v -2.24511700 0.55031800 -2.13491800
v -2.21990100 0.62226100 -2.17442500
v -2.30550700 0.62237800 -2.20990700
v -2.32991700 0.56020600 -2.16583600
v -2.41353900 0.59796200 -2.16990600
v -2.39092700 0.67186800 -2.21173700
v -2.35465000 0.55398600 -2.07868100
v -2.27101400 0.54012700 -2.05329400
v -2.43903400 0.58123200 -2.08845400
v -2.58960200 0.60312300 -2.42564100
v -2.61200800 0.60994100 -2.39715300
v -2.58360700 0.60183800 -2.38029200
v -2.56400500 0.58392400 -2.40861500
v -2.53182600 0.59858400 -2.39229000
v -2.55010400 0.60417700 -2.35579700
v -2.54737100 0.59448700 -2.44231200
v -2.57438400 0.61224900 -2.45841500
v -2.51335400 0.59631200 -2.42486900
v -2.43109000 0.53066300 -2.28959800
v -2.35639800 0.55864900 -2.27937100
v -2.35652100 0.54598000 -2.34675000
v -2.42793200 0.52761700 -2.36074800
v -2.43303200 0.57159300 -2.41054900
v -2.35639800 0.61284300 -2.39573900
v -2.50578200 0.52258700 -2.35287700
v -2.50578200 0.55216800 -2.28455700
v -2.51084200 0.60128500 -2.40235300
v -2.38432600 0.59235100 -2.12722700
v -2.36771700 0.62033100 -2.20076500
v -2.43486300 0.60770000 -2.20642400
v -2.45494500 0.58934400 -2.13647700
v -2.50498000 0.63334900 -2.13566700
v -2.48363200 0.67459100 -2.21074700
v -2.45378400 0.58431000 -2.05823900
v -2.38570400 0.61385200 -2.05237600
v -2.50347700 0.66303600 -2.05744000
v -2.33206400 0.58069300 -2.02670900
v -2.27604100 0.58112700 -2.06012100
v -2.31250900 0.59924800 -2.12709600
v -2.37326000 0.57795400 -2.10229700
v -2.35640700 0.59006200 -2.16602800
v -2.40991100 0.57835900 -2.15425000
v -2.41759300 0.61240800 -2.06568400
v -2.37903900 0.60882500 -2.00126500
v -2.45921000 0.59986800 -2.12682400
v -2.52916300 0.62411100 -2.15701600
v -2.59470500 0.59709300 -2.16717900
v -2.59019300 0.57915200 -2.09514900
v -2.50673600 0.56145000 -2.09703200
v -2.58568100 0.56121100 -2.02311900
v -2.50880200 0.54315400 -2.03148100
v -2.45691200 0.62445200 -2.10552700
v -2.46878300 0.67165200 -2.13577700
v -2.44304200 0.56930600 -2.03046400
v -2.49794400 0.69793900 -2.28605600
v -2.55354400 0.68508900 -2.32792600
v -2.57650500 0.63896000 -2.27085300
v -2.49822000 0.61293600 -2.24733500
v -2.59946700 0.59283200 -2.21377900
v -2.52474000 0.56989600 -2.19833400
v -2.45115800 0.66861300 -2.21531400
v -2.45206900 0.72602300 -2.22990600
v -2.46538800 0.58558900 -2.16445400
v -2.54821500 0.58885800 -2.28361800
v -2.60381600 0.57600800 -2.32548700
v -2.62677700 0.52987900 -2.26841400
v -2.54849100 0.50385500 -2.24489600
v -2.64973800 0.48375100 -2.21134100
v -2.57501200 0.46081500 -2.19589500
v -2.50142900 0.55953200 -2.21287500
v -2.50234000 0.61694100 -2.22746800
v -2.51566000 0.47650800 -2.16201500
v -2.40836300 0.62411100 -2.18396600
v -2.47390500 0.59709300 -2.19412900
v -2.46939300 0.57915200 -2.12209900
v -2.38593600 0.56145000 -2.12398200
v -2.46488000 0.56121100 -2.05006800
v -2.38800200 0.54315400 -2.05843100
v -2.33611200 0.62445200 -2.13247600
v -2.34798200 0.67165200 -2.16272600
v -2.32224200 0.56930600 -2.05741400
v -2.45197400 0.58185000 -2.25511400
v -2.50849400 0.55410200 -2.28936200
v -2.53583900 0.54719500 -2.22097200
v -2.46058600 0.52865300 -2.18517400
v -2.56318500 0.54028900 -2.15258200
v -2.49116500 0.52047000 -2.12536400
v -2.40835100 0.58936600 -2.17814600
v -2.40362500 0.63165700 -2.21529600
v -2.43063700 0.54597400 -2.09913100
v -2.57902800 0.58850400 -2.38546600
v -2.58940900 0.55750800 -2.40635600
v -2.64043600 0.55724000 -2.37562500
v -2.63293000 0.59185100 -2.35757900
v -2.54335400 0.60218600 -2.43390800
v -2.55307900 0.56677100 -2.45132700
v -2.62271600 0.54532800 -2.45279700
v -2.67037000 0.54385300 -2.41984000
v -2.58293500 0.55078000 -2.49433800
v -2.36314200 0.63696500 -2.43306700
v -2.34308300 0.69732600 -2.37806200
v -2.29147600 0.64746900 -2.37151500
v -2.30348400 0.59352200 -2.42739200
v -2.24361700 0.59439900 -2.44852300
v -2.22132300 0.66830400 -2.39724100
v -2.32974600 0.55977800 -2.49488200
v -2.37493500 0.62281200 -2.50838000
v -2.25527500 0.58687900 -2.52998600
v -2.39372800 0.54111700 -1.98931600
v -2.33128100 0.55169400 -2.03310600
v -2.38101400 0.55353200 -2.07977900
v -2.44252400 0.54736100 -2.03961400
v -2.40622900 0.58655600 -2.10369700
v -2.47514500 0.57093800 -2.06333300
v -2.49102500 0.54443500 -1.97835100
v -2.43830700 0.54954200 -1.92869700
v -2.51845800 0.58244000 -1.99723900
v -2.67861200 0.55751300 -2.16035200
v -2.60322400 0.58549900 -2.16082800
v -2.61290600 0.57283000 -2.22750700
v -2.68558200 0.55446600 -2.23123100
v -2.69769700 0.59844300 -2.27980400
v -2.61973600 0.63969300 -2.27601800
v -2.76152700 0.54943700 -2.21239300
v -2.75183300 0.57901700 -2.14476500
v -2.77355600 0.62813400 -2.26065000
v -2.30636500 0.59182400 -2.09526700
v -2.34767700 0.59177700 -2.08091200
v -2.32433100 0.59178500 -2.04129500
v -2.28849500 0.58097800 -2.05812200
v -2.31769300 0.62236900 -2.12955000
v -2.35677200 0.62559900 -2.11007400
v -2.37560300 0.61704000 -2.05384600
v -2.35244300 0.62084800 -2.02022300
v -2.38952400 0.64166200 -2.08832900
v -2.46387600 0.59467700 -2.35928300
v -2.43662500 0.59226300 -2.31396600
v -2.42825000 0.60042400 -2.46743300
v -2.44595000 0.60890200 -2.46399400
v -2.53273400 0.61453100 -2.26605100
v -2.51018200 0.61290100 -2.24597700
v -2.63935300 0.59304800 -2.15804800
v -2.42621000 0.56905200 -2.20898300
v -2.44590600 0.56220600 -2.16196700
v -2.31442300 0.55505800 -2.23804900
v -2.31974000 0.55437000 -2.25889700
v -2.19562100 0.58092400 -2.27766100
v -2.19916300 0.57946600 -2.30040400
v -2.13333700 0.57781000 -2.28057200
v -2.13707200 0.57082000 -2.29462500
v -2.09130200 0.55712900 -2.31257900
v -2.10059000 0.56148200 -2.31647100
v -2.59036300 0.57666100 -2.31664000
v -2.61242400 0.57490800 -2.30287100
v -2.60115200 0.60080000 -2.22136600
v -2.50864100 0.60297800 -2.12207100
v -2.58306600 0.57455000 -2.47338100
v -2.59480200 0.57055000 -2.48669000
v -2.63219200 0.56905000 -2.38463200
v -2.60570400 0.56992600 -2.37751600
v -2.52333500 0.57009000 -2.50064800
v -2.52415500 0.57402300 -2.50971000
v -2.69946800 0.50192900 -2.09533200
v -2.67187700 0.59308100 -2.14643500
v -2.68539100 0.58727900 -2.16603200
v -2.70578900 0.48997600 -2.11047000
v -2.66842400 0.59926500 -2.22146700
v -2.62905600 0.61961300 -2.21457600
v -2.60891100 0.57937000 -2.26831000
v -2.63514400 0.56530000 -2.28195700
v -2.42409400 0.68900200 -2.40175500
v -2.57693100 0.63384600 -2.34094900
v -2.57033900 0.63815900 -2.31383400
v -2.26797400 0.58082000 -2.31211400
v -2.25430500 0.57439400 -2.31214300
v -2.24863400 0.58989900 -2.38068800
v -2.26706300 0.58931900 -2.38178300
v -2.31596800 0.61389100 -2.46893200
v -2.31742600 0.61503300 -2.44468700
v -2.28632600 0.61355600 -2.43390000
v -2.24654200 0.61203700 -2.44060600
v -2.37604600 0.60598400 -2.42323200
v -2.35942300 0.61188300 -2.17211800
v -2.38911900 0.57247100 -2.05073100
v -2.28541100 0.58304600 -2.13438900
v -2.40578100 0.63026400 -2.34232200
v -2.31966900 0.54512800 -1.95436500
v -2.31340900 0.55904400 -2.03155800
v -2.36960700 0.47797300 -1.89042800
v -2.26450100 0.59673000 -1.97080800
v -2.42436600 0.50482200 -1.91142600
v -9.47028400 0.59199300 -2.20856300
v -9.52493000 0.54936100 -2.23786800
v -9.57027800 0.58980100 -2.17398800
v -9.50714400 0.62808300 -2.15205300
v -9.43409700 0.56020000 -2.26765000
v -9.49733200 0.52255900 -2.28997000
v -9.57317000 0.59301500 -2.27591300
v -9.60964600 0.62664700 -2.21792900
v -9.53741600 0.56400300 -2.33666800
v -9.59344700 0.61234800 -2.04511900
v -9.53261100 0.64816700 -2.04615800
v -9.51720200 0.61493100 -2.14736300
v -9.59140100 0.58870800 -2.14672300
v -9.59705400 0.60610900 -2.24222100
v -9.53459100 0.64172800 -2.24664800
v -9.65574800 0.65321600 -2.05670800
v -9.67330700 0.64559100 -2.13927600
v -9.67280800 0.64470000 -2.22567400
v -9.67753700 0.61295800 -2.12779600
v -9.67452300 0.59913200 -2.20616300
v -9.74206200 0.59738800 -2.19604100
v -9.74853800 0.61865100 -2.12418700
v -9.79414200 0.66722300 -2.13372300
v -9.78590600 0.66356400 -2.21948800
v -9.73166500 0.65189900 -2.05357400
v -9.66200400 0.66858900 -2.07046200
v -9.77453900 0.73123600 -2.07714500
v -9.65149700 0.58372000 -2.00394700
v -9.57999500 0.61914000 -2.01806500
v -9.60103300 0.60569500 -2.08195000
v -9.67141400 0.58014000 -2.07230500
v -9.69579700 0.62283400 -2.11701700
v -9.62200100 0.67171400 -2.12721300
v -9.74177900 0.56749100 -2.03966800
v -9.72185500 0.59777900 -1.97457500
v -9.76869800 0.64477700 -2.08351400
v -9.61234600 0.55623500 -2.07012600
v -9.58841400 0.55528700 -1.98734100
v -9.52679200 0.56276400 -2.00768600
v -9.55009000 0.59729900 -2.07865100
v -9.58372300 0.58370800 -2.12709700
v -9.63715800 0.56014900 -2.12856400
v -9.66686000 0.60631900 -2.04010000
v -9.64249300 0.59601000 -1.96948700
v -9.69323600 0.58967000 -2.11005000
v -9.70216300 0.61229700 -2.08446800
v -9.75800700 0.56356800 -2.06752400
v -9.70807000 0.54018600 -2.00042900
v -9.65673000 0.59362100 -2.02754900
v -9.74916600 0.63513300 -2.13903400
v -9.80074100 0.58231800 -2.11156300
v -9.79964500 0.58894900 -2.01242800
v -9.75331400 0.56789300 -1.95685500
v -9.84766500 0.61447700 -2.06547100
v -9.66579800 0.62370300 -2.21161700
v -9.70311500 0.63993300 -2.29511100
v -9.77778100 0.66571500 -2.23078800
v -9.74342900 0.62465100 -2.16882000
v -9.80307400 0.62856500 -2.13137400
v -9.85872800 0.71904900 -2.19403400
v -9.69901200 0.66684500 -2.11317700
v -9.63652500 0.66442600 -2.15410500
v -9.76710300 0.67437000 -2.07481500
v -9.73310800 0.61816200 -2.29300400
v -9.72288100 0.64614800 -2.36769700
v -9.79026000 0.63347900 -2.36757400
v -9.80425800 0.61511600 -2.29616200
v -9.85405900 0.65909200 -2.29106200
v -9.83924900 0.70034200 -2.36769700
v -9.79638700 0.61008600 -2.21831200
v -9.72806800 0.63966600 -2.21831200
v -9.84586200 0.68878400 -2.21325300
v -9.72053200 0.60297000 -2.09830700
v -9.73084400 0.61208300 -2.14729700
v -9.74171800 0.57231100 -2.15534600
v -9.74616300 0.55699400 -2.10519500
v -9.74954700 0.62042900 -2.21443600
v -9.75605100 0.57612500 -2.19994400
v -9.80320800 0.54017400 -2.13046300
v -9.79828100 0.54850500 -2.09776500
v -9.81631100 0.54526400 -2.18708400
v -9.80224900 0.58207100 -2.08999200
v -9.72809600 0.61335200 -2.09279900
v -9.73147500 0.58301600 -2.18140000
v -9.80395400 0.56264100 -2.17900500
v -9.81168700 0.58376600 -2.26687800
v -9.73573200 0.61481300 -2.27313800
v -9.88133900 0.61604900 -2.17946200
v -9.87784400 0.62845500 -2.09195500
v -9.89024000 0.62490400 -2.26698600
v -9.62133200 0.61999300 -2.47002400
v -9.64637000 0.67995800 -2.52308700
v -9.73063200 0.64460000 -2.50070100
v -9.70582500 0.59540700 -2.44536000
v -9.78461800 0.60590500 -2.40248700
v -9.81351600 0.66618300 -2.45604200
v -9.67728100 0.61226700 -2.36051100
v -9.59525500 0.63100400 -2.38854100
v -9.75616100 0.61093800 -2.32078400
v -9.49138800 0.63101200 -2.28108200
v -9.48115000 0.65899200 -2.35577400
v -9.54853400 0.64636100 -2.35565100
v -9.56254000 0.62800500 -2.28424000
v -9.61232100 0.67201000 -2.27914000
v -9.59749300 0.71325100 -2.35577400
v -9.55467000 0.62297100 -2.20639000
v -9.48633900 0.65251300 -2.20639000
v -9.60411100 0.70169700 -2.20133000
v -9.54541400 0.57642900 -2.13840800
v -9.48696400 0.63658800 -2.14121500
v -9.48005600 0.60702100 -2.22981500
v -9.54056300 0.55768500 -2.22742100
v -9.55473400 0.57404000 -2.31529400
v -9.49453400 0.63473700 -2.32155400
v -9.63005100 0.57475100 -2.22787800
v -9.63091600 0.58773000 -2.14037100
v -9.64124300 0.57923100 -2.31540200
v -9.62393400 0.61460300 -2.11126700
v -9.54718600 0.63083400 -2.06153200
v -9.51955600 0.65661600 -2.15613100
v -9.58210000 0.61555100 -2.18942100
v -9.55244300 0.61946500 -2.25329700
v -9.47165200 0.70994900 -2.23101900
v -9.64964600 0.65774500 -2.21192800
v -9.67979400 0.65532600 -2.14358200
v -9.61340100 0.66527000 -2.28116800
v -9.39149400 0.55182100 -2.26121900
v -9.45945700 0.56856800 -2.26824700
v -9.45548500 0.59953600 -2.19731000
v -9.37814700 0.59957900 -2.19385100
v -9.37482400 0.61354700 -2.31870100
v -9.45869400 0.59450300 -2.32354400
v -9.53536400 0.58881300 -2.25658800
v -9.51900900 0.65754500 -2.19737400
v -9.52323200 0.64352100 -2.31775700
v -9.45358800 0.56747300 -2.17698000
v -9.43588000 0.57008500 -2.20909500
v -9.46570600 0.58462300 -2.21839200
v -9.48647600 0.57140200 -2.18889300
v -9.50835700 0.60655000 -2.19318700
v -9.49581100 0.61306200 -2.23191200
v -9.49026900 0.57817900 -2.15081900
v -9.45703500 0.57259200 -2.14039000
v -9.52002600 0.60416100 -2.15760500
v -9.59855300 0.59948600 -2.08777100
v -9.60355700 0.56817900 -2.05438100
v -9.55985100 0.58297200 -2.04874700
v -9.55634900 0.60220200 -2.08556500
v -9.64084500 0.61628300 -2.08244700
v -9.64140600 0.58878400 -2.04614000
v -9.59885000 0.56506600 -2.00981800
v -9.56137300 0.58295300 -2.00518000
v -9.64081200 0.57549500 -2.00602300
v -9.66843900 0.59685100 -2.07961400
v -9.59374600 0.62577500 -2.08589300
v -9.59386800 0.57150200 -2.16504100
v -9.66669800 0.55300900 -2.16149900
v -9.67038100 0.54880200 -2.25153200
v -9.59374600 0.57651300 -2.26101800
v -9.74313100 0.60519200 -2.17727100
v -9.74313100 0.64179700 -2.09520800
v -9.74819000 0.58921200 -2.26430300
v -9.72646700 0.61411500 -2.18568600
v -9.70250500 0.61273700 -2.10295200
v -9.65139300 0.57196900 -2.12818900
v -9.66976200 0.57185300 -2.20057500
v -9.69255500 0.61103700 -2.04027900
v -9.63548200 0.56920500 -2.05525000
v -9.78579100 0.59748500 -2.17130400
v -9.76882800 0.59595300 -2.09860200
v -9.75450900 0.59132400 -2.02530500
v -9.69571000 0.57642900 -2.20220500
v -9.63726100 0.63658800 -2.20501200
v -9.63035200 0.60702100 -2.29361300
v -9.69085800 0.55768500 -2.29121900
v -9.70502900 0.57404000 -2.37909100
v -9.64483000 0.63473700 -2.38535100
v -9.78034800 0.57475100 -2.29167500
v -9.78121100 0.58773000 -2.20416800
v -9.79153900 0.57923100 -2.37919900
v -9.76817300 0.61620600 -2.40863000
v -9.81331400 0.63050100 -2.34476100
v -9.73804200 0.60010100 -2.29793800
v -9.69462000 0.59612400 -2.35867000
v -9.62225500 0.61715600 -2.30819400
v -9.66571000 0.63076900 -2.24086000
v -9.65307600 0.66553400 -2.41075800
v -9.72583000 0.67831100 -2.45943000
v -9.57911100 0.67479600 -2.36318400
v -9.66511100 0.55705300 -2.11915700
v -9.60666100 0.61721100 -2.12196400
v -9.59975200 0.58764400 -2.21056500
v -9.66026000 0.53830800 -2.20817100
v -9.67443000 0.55466300 -2.29604300
v -9.61423100 0.61536100 -2.30230300
v -9.74974900 0.55537400 -2.20862700
v -9.75061300 0.56835300 -2.12112000
v -9.76094000 0.55985400 -2.29615100
v -9.56884600 0.58928900 -2.24564700
v -9.63063500 0.54822400 -2.25706800
v -9.63386400 0.54727600 -2.17095400
v -9.56897000 0.58958600 -2.17095400
v -9.57069000 0.59374000 -2.32033900
v -9.63587600 0.55213800 -2.32033900
v -9.69181500 0.59041800 -2.24564700
v -9.69081300 0.58799900 -2.17095400
v -9.69493000 0.59794300 -2.32033900
v -9.56219100 0.56549700 -2.32893700
v -9.58804400 0.58433900 -2.40210000
v -9.64055300 0.61020300 -2.36492800
v -9.61588400 0.60183400 -2.29494400
v -9.63296500 0.66754600 -2.27666100
v -9.65198000 0.69546200 -2.35702200
v -9.56718100 0.59312600 -2.23402800
v -9.50795700 0.58151900 -2.27578500
v -9.57178800 0.68899100 -2.22458900
v -9.79318500 0.67295800 -2.40607000
v -9.79882300 0.67295800 -2.33216100
v -9.75013900 0.63092400 -2.32649700
v -9.72358500 0.64062400 -2.39733600
v -9.79794600 0.67295800 -2.22998300
v -9.74595900 0.63092400 -2.25825200
v -9.65398600 0.67295800 -2.34281000
v -9.66241900 0.69360500 -2.38770100
v -9.65398600 0.66738500 -2.25825200
v -9.76111900 0.62154200 -2.16375400
v -9.75447000 0.57950900 -2.23976900
v -9.82629400 0.62984000 -2.23335300
v -9.83502800 0.62154200 -2.16375400
v -9.68720900 0.62154200 -2.16375400
v -9.68720900 0.57950900 -2.23335300
v -9.77176800 0.62154200 -2.30295300
v -9.81100800 0.66172000 -2.30295300
v -9.68720900 0.58462200 -2.30295300
v -9.84210800 0.56752600 -2.12830000
v -9.84288900 0.56375200 -2.16514100
v -9.89390500 0.55902200 -2.16902500
v -9.89156500 0.55855200 -2.12042500
v -9.77498000 0.58069200 -2.14447200
v -9.79857100 0.57285900 -2.17813200
v -9.86992900 0.57883300 -2.21493100
v -9.89948600 0.57664700 -2.19982300
v -9.81394400 0.58850300 -2.22870800
v -9.78648300 0.61564000 -2.37965300
v -9.77393300 0.60813000 -2.46465200
v -9.81363400 0.66582600 -2.47200400
v -9.80121300 0.69357700 -2.39612300
v -9.80558000 0.67337500 -2.33882600
v -9.78843900 0.61723300 -2.31611600
v -9.71121500 0.60034300 -2.38092800
v -9.70897600 0.59031900 -2.45562400
v -9.72917500 0.58994300 -2.30744700
v -9.80574100 0.67155300 -2.40956200
v -9.80260300 0.65085900 -2.36968300
v -9.76938400 0.68691300 -2.36798600
v -9.76887800 0.69494800 -2.40812800
v -9.85101600 0.66800100 -2.40866600
v -9.84566800 0.65375500 -2.36694200
v -9.80275800 0.66364900 -2.32615200
v -9.77621800 0.69920700 -2.32618700
v -9.84513100 0.65404300 -2.32512600
v -9.75171500 0.58854700 -2.37891900
v -9.82689300 0.63306700 -2.41596500
v -9.84040600 0.66090800 -2.34190900
v -9.77037400 0.60795000 -2.30862500
v -9.72607700 0.52607000 -2.27889100
v -9.70940300 0.49572500 -2.35348600
v -9.89456800 0.62774300 -2.28179000
v -9.83016500 0.57079300 -2.24883900
v -9.77972000 0.49829200 -2.21549500
v -9.85051500 0.58881100 -2.30065800
v -9.82783600 0.65791700 -2.25596100
v -9.75245800 0.65698900 -2.30985700
v -9.77908800 0.59790500 -2.35594800
v -9.73005700 0.63644100 -2.42346400
v -9.70396200 0.70740000 -2.37968200
v -9.84009200 0.59731200 -2.42315300
v -9.90635500 0.58393100 -2.36606600
v -9.78619500 0.62501700 -2.48866200
v -9.60346600 0.60572600 -2.29620800
v -9.54262900 0.64135200 -2.29274900
v -9.52722000 0.62452900 -2.39710500
v -9.60141800 0.59846700 -2.39975800
v -9.60707300 0.63086800 -2.49212000
v -9.54460900 0.66683400 -2.49204000
v -9.66576700 0.64802600 -2.30256000
v -9.68332500 0.65359800 -2.38525800
v -9.68282500 0.66644400 -2.47090300
v -9.64709500 0.62725100 -2.43174700
v -9.64973600 0.63409800 -2.47971900
v -9.69294900 0.63074100 -2.47858000
v -9.69641800 0.61102700 -2.43347000
v -9.73848000 0.63375300 -2.43068700
v -9.74106700 0.64055300 -2.48033800
v -9.69325100 0.62237500 -2.38903300
v -9.65237900 0.63685600 -2.38903300
v -9.73787600 0.63105900 -2.38627300
v -9.50177500 0.59500100 -2.35473000
v -9.48943500 0.64865100 -2.28398700
v -9.43037000 0.61798400 -2.27899000
v -9.42917500 0.59596400 -2.35732100
v -9.45952500 0.56142300 -2.39929500
v -9.51604500 0.56197700 -2.40931200
v -9.53133100 0.66992200 -2.37821500
v -9.52134800 0.70787700 -2.31167200
v -9.55449200 0.61470900 -2.43175800
v -9.67830600 0.60575500 -2.40706300
v -9.67687600 0.55934600 -2.46352800
v -9.76206200 0.57391400 -2.46200300
v -9.75182600 0.61994100 -2.40329400
v -9.60456200 0.59352700 -2.41285400
v -9.61476400 0.54779200 -2.47186500
v -9.69051000 0.56374300 -2.52159200
v -9.76415900 0.57680900 -2.51666600
v -9.61662200 0.55278200 -2.52869200
v -9.51375500 0.56007300 -2.09027000
v -9.58581500 0.55395800 -2.09774200
v -9.58470700 0.56039100 -2.01176100
v -9.50995800 0.56529800 -2.01581800
v -9.51742400 0.56007600 -2.16499900
v -9.59215500 0.55594900 -2.16098400
v -9.62315300 0.62326500 -2.08798200
v -9.61943000 0.62549900 -2.01337100
v -9.62674100 0.62665200 -2.16289100
v -9.66479600 0.58522200 -2.44041500
v -9.70277200 0.60743400 -2.50709900
v -9.77560100 0.56216800 -2.46626500
v -9.74046300 0.55041700 -2.40112900
v -9.81927600 0.55632100 -2.35760700
v -9.86103900 0.57749100 -2.42447200
v -9.71793300 0.61119100 -2.33171700
v -9.64319800 0.63863100 -2.37186500
v -9.79395100 0.60522600 -2.28705400
v -9.70291500 0.57814500 -2.41828200
v -9.70296500 0.65242300 -2.37438100
v -9.61466100 0.62708200 -2.35755500
v -9.61414400 0.56275500 -2.40575100
v -9.52578100 0.57625000 -2.41923100
v -9.52246200 0.65158300 -2.37360100
v -9.60971100 0.55505700 -2.49614900
v -9.69713500 0.56595800 -2.50351500
v -9.52178700 0.55782900 -2.50421100
v -9.53453700 0.55031800 -2.46455200
v -9.57404400 0.62226100 -2.48976700
v -9.60952600 0.62237800 -2.40416200
v -9.56545500 0.56020600 -2.37975200
v -9.56952500 0.59796200 -2.29613000
v -9.61135600 0.67186800 -2.31874200
v -9.47830100 0.55398600 -2.35501900
v -9.45291300 0.54012700 -2.43865400
v -9.48807300 0.58123200 -2.27063400
v -9.82526000 0.60312300 -2.12006700
v -9.79677200 0.60994100 -2.09766000
v -9.77991100 0.60183800 -2.12606100
v -9.80823400 0.58392400 -2.14566300
v -9.79190800 0.59858400 -2.17784200
v -9.75541500 0.60417700 -2.15956500
v -9.84193000 0.59448700 -2.16229800
v -9.85803300 0.61224900 -2.13528400
v -9.82448900 0.59631200 -2.19631400
v -9.68921600 0.53066300 -2.27857800
v -9.67899000 0.55864900 -2.35327100
v -9.74636800 0.54598000 -2.35314800
v -9.76036700 0.52761700 -2.28173600
v -9.81016700 0.57159300 -2.27663600
v -9.79535800 0.61284300 -2.35327100
v -9.75249500 0.52258700 -2.20388600
v -9.68417600 0.55216800 -2.20388600
v -9.80197100 0.60128500 -2.19882600
v -9.52684600 0.59235100 -2.32534200
v -9.60038500 0.62033100 -2.34195100
v -9.60604200 0.60770000 -2.27480500
v -9.53609600 0.58934400 -2.25472300
v -9.53528600 0.63334900 -2.20468800
v -9.61036600 0.67459100 -2.22603700
v -9.45785800 0.58431000 -2.25588400
v -9.45199600 0.61385200 -2.32396400
v -9.45705900 0.66303600 -2.20619100
v -9.42632800 0.58069300 -2.37760400
v -9.45974000 0.58112700 -2.43362700
v -9.52671400 0.59924800 -2.39716000
v -9.50191500 0.57795400 -2.33640800
v -9.56564700 0.59006200 -2.35326100
v -9.55387000 0.57835900 -2.29975700
v -9.46530300 0.61240800 -2.29207500
v -9.40088400 0.60882500 -2.33063000
v -9.52644300 0.59986800 -2.25045800
v -9.55663600 0.62411100 -2.18050500
v -9.56679800 0.59709300 -2.11496300
v -9.49476800 0.57915200 -2.11947500
v -9.49665000 0.56145000 -2.20293200
v -9.42273800 0.56121100 -2.12398700
v -9.43110000 0.54315400 -2.20086600
v -9.50514500 0.62445200 -2.25275700
v -9.53539600 0.67165200 -2.24088600
v -9.43008300 0.56930600 -2.26662600
v -9.68567500 0.69793900 -2.21172500
v -9.72754500 0.68508900 -2.15612400
v -9.67047100 0.63896000 -2.13316300
v -9.64695300 0.61293600 -2.21144800
v -9.61339800 0.59283200 -2.11020200
v -9.59795300 0.56989600 -2.18492800
v -9.61493300 0.66861300 -2.25851000
v -9.62952500 0.72602300 -2.25759900
v -9.56407300 0.58558900 -2.24428000
v -9.68323600 0.58885800 -2.16145300
v -9.72510600 0.57600800 -2.10585300
v -9.66803200 0.52987900 -2.08289100
v -9.64451400 0.50385500 -2.16117700
v -9.61095900 0.48375100 -2.05993000
v -9.59551400 0.46081500 -2.13465600
v -9.61249400 0.55953200 -2.20823900
v -9.62708600 0.61694100 -2.20732800
v -9.56163500 0.47650800 -2.19400800
v -9.58358500 0.62411100 -2.30130500
v -9.59374800 0.59709300 -2.23576300
v -9.52171800 0.57915200 -2.24027500
v -9.52360100 0.56145000 -2.32373300
v -9.44968800 0.56121100 -2.24478800
v -9.45805100 0.54315400 -2.32166600
v -9.53209500 0.62445200 -2.37355700
v -9.56234500 0.67165200 -2.36168600
v -9.45703200 0.56930600 -2.38742600
v -9.65473300 0.58185000 -2.25769500
v -9.68898100 0.55410200 -2.20117400
v -9.62059100 0.54719500 -2.17382900
v -9.58479200 0.52865300 -2.24908300
v -9.55220100 0.54028900 -2.14648400
v -9.52498300 0.52047000 -2.21850300
v -9.57776500 0.58936600 -2.30131800
v -9.61491600 0.63165700 -2.30604300
v -9.49875000 0.54597400 -2.27903200
v -9.78508500 0.58850400 -2.13064000
v -9.80597400 0.55750800 -2.12025800
v -9.77524300 0.55724000 -2.06923300
v -9.75719800 0.59185100 -2.07673900
v -9.83352700 0.60218600 -2.16631300
v -9.85094600 0.56677100 -2.15659000
v -9.85241600 0.54532800 -2.08695300
v -9.81945900 0.54385300 -2.03929900
v -9.89395600 0.55078000 -2.12673300
v -9.83268700 0.63696500 -2.34652600
v -9.77768100 0.69732600 -2.36658500
v -9.77113300 0.64746900 -2.41819300
v -9.82701000 0.59352200 -2.40618400
v -9.84814200 0.59439900 -2.46605100
v -9.79686000 0.66830400 -2.48834500
v -9.89450100 0.55977800 -2.37992300
v -9.90799900 0.62281200 -2.33473300
v -9.92960400 0.58687900 -2.45439400
v -9.38893600 0.54111700 -2.31594000
v -9.43272500 0.55169400 -2.37838700
v -9.47939800 0.55353200 -2.32865400
v -9.43923300 0.54736100 -2.26714400
v -9.50331500 0.58655600 -2.30343900
v -9.46295200 0.57093800 -2.23452300
v -9.37797000 0.54443500 -2.21864300
v -9.32831700 0.54954200 -2.27136100
v -9.39685800 0.58244000 -2.19121000
v -9.55997100 0.55751300 -2.03105600
v -9.56044700 0.58549900 -2.10644400
v -9.62712500 0.57283000 -2.09676200
v -9.63085000 0.55446600 -2.02408600
v -9.67942300 0.59844300 -2.01197200
v -9.67563700 0.63969300 -2.08993200
v -9.61201200 0.54943700 -1.94814100
v -9.54438400 0.57901700 -1.95783500
v -9.66026900 0.62813400 -1.93611200
v -9.49488500 0.59182400 -2.40330400
v -9.48053100 0.59177700 -2.36199100
v -9.44091400 0.59178500 -2.38533700
v -9.45774000 0.58097800 -2.42117400
v -9.52916900 0.62236900 -2.39197600
v -9.50969400 0.62559900 -2.35289600
v -9.45346400 0.61704000 -2.33406600
v -9.41984300 0.62084800 -2.35722600
v -9.48794800 0.64166200 -2.32014400
v -9.75890300 0.59467700 -2.24579300
v -9.71358500 0.59226300 -2.27304300
v -9.86705200 0.60042400 -2.28141800
v -9.86361300 0.60890200 -2.26371800
v -9.66566900 0.61453100 -2.17693400
v -9.64559600 0.61290100 -2.19948600
v -9.55766600 0.59304800 -2.07031500
v -9.60860100 0.56905200 -2.28345900
v -9.56158600 0.56220600 -2.26376200
v -9.63766700 0.55505800 -2.39524600
v -9.65851600 0.55437000 -2.38992900
v -9.67727900 0.58092400 -2.51404700
v -9.70002200 0.57946600 -2.51050500
v -9.68019000 0.57781000 -2.57633100
v -9.69424300 0.57082000 -2.57259600
v -9.71219700 0.55712900 -2.61836500
v -9.71609000 0.56148200 -2.60907900
v -9.71625900 0.57666100 -2.11930500
v -9.70249000 0.57490800 -2.09724300
v -9.62098500 0.60080000 -2.10851500
v -9.52168900 0.60297800 -2.20102700
v -9.87300000 0.57455000 -2.12660200
v -9.88630900 0.57055000 -2.11486600
v -9.78425000 0.56905000 -2.07747500
v -9.77713500 0.56992600 -2.10396400
v -9.90026600 0.57009000 -2.18633300
v -9.90932900 0.57402300 -2.18551300
v -9.49495100 0.50192900 -2.01020000
v -9.54605300 0.59308100 -2.03779100
v -9.56565100 0.58727900 -2.02427700
v -9.51008900 0.48997600 -2.00387900
v -9.62108500 0.59926500 -2.04124400
v -9.61419400 0.61961300 -2.08061200
v -9.66792800 0.57937000 -2.10075800
v -9.68157600 0.56530000 -2.07452400
v -9.80137500 0.68900200 -2.28557400
v -9.74056800 0.63384600 -2.13273700
v -9.71345300 0.63815900 -2.13932900
v -9.71173200 0.58082000 -2.44169500
v -9.71176100 0.57439400 -2.45536300
v -9.78030800 0.58989900 -2.46103400
v -9.78140100 0.58931900 -2.44260500
v -9.86855100 0.61389100 -2.39370000
v -9.84430500 0.61503300 -2.39224300
v -9.83351800 0.61355600 -2.42334200
v -9.84022500 0.61203700 -2.46312700
v -9.82285000 0.60598400 -2.33362200
v -9.57173700 0.61188300 -2.35024600
v -9.45035000 0.57247100 -2.32054900
v -9.53400800 0.58304600 -2.42425700
v -9.74194100 0.63026400 -2.30388700
v -9.35398400 0.54512800 -2.39000000
v -9.43117700 0.55904400 -2.39625900
v -9.29004800 0.47797300 -2.34006100
v -9.37042700 0.59673000 -2.44516800
v -9.31104500 0.50482200 -2.28530200
v -9.47028400 0.55436900 1.56038100
v -9.52493000 0.51173700 1.53107600
v -9.57027800 0.55217700 1.59495600
v -9.50714400 0.59045900 1.61689100
v -9.43409700 0.52257600 1.50129400
v -9.49733200 0.48493500 1.47897400
v -9.57317000 0.55539100 1.49303100
v -9.60964600 0.58902300 1.55101500
v -9.53741600 0.52637900 1.43227600
v -9.59344700 0.57472400 1.72382600
v -9.53261100 0.61054300 1.72278600
v -9.51720200 0.57730700 1.62158100
v -9.59140100 0.55108400 1.62222100
v -9.59705400 0.56848500 1.52672300
v -9.53459100 0.60410400 1.52229600
v -9.65574800 0.61559200 1.71223600
v -9.67330700 0.60796700 1.62966800
v -9.67280800 0.60707600 1.54327100
v -9.67753700 0.57533400 1.64114700
v -9.67452300 0.56150800 1.56278100
v -9.74206200 0.55976400 1.57290300
v -9.74853800 0.58102700 1.64475700
v -9.79414200 0.62959900 1.63522100
v -9.78590600 0.62594000 1.54945600
v -9.73166500 0.61427500 1.71537000
v -9.66200400 0.63096500 1.69848200
v -9.77453900 0.69361200 1.69179900
v -9.65149700 0.54609600 1.76499700
v -9.57999500 0.58151600 1.75087900
v -9.60103300 0.56807100 1.68699400
v -9.67141400 0.54251600 1.69663900
v -9.69579700 0.58521000 1.65192700
v -9.62200100 0.63409000 1.64173100
v -9.74177900 0.52986600 1.72927600
v -9.72185500 0.56015500 1.79436900
v -9.76869800 0.60715300 1.68543000
v -9.61234600 0.51861100 1.69881800
v -9.58841400 0.51766300 1.78160300
v -9.52679200 0.52514000 1.76125900
v -9.55009000 0.55967500 1.69029300
v -9.58372300 0.54608400 1.64184700
v -9.63715800 0.52252500 1.64038000
v -9.66686000 0.56869500 1.72884400
v -9.64249300 0.55838600 1.79945700
v -9.69323600 0.55204600 1.65889400
v -9.70216300 0.57467300 1.68447600
v -9.75800700 0.52594400 1.70142000
v -9.70807000 0.50256200 1.76851500
v -9.65673000 0.55599700 1.74139600
v -9.74916600 0.59750900 1.62991000
v -9.80074100 0.54469400 1.65738100
v -9.79964500 0.55132500 1.75651600
v -9.75331400 0.53026900 1.81208900
v -9.84766500 0.57685300 1.70347300
v -9.66579800 0.58607900 1.55732800
v -9.70311500 0.60230900 1.47383300
v -9.77778100 0.62809100 1.53815600
v -9.74342900 0.58702700 1.60012500
v -9.80307400 0.59094100 1.63757000
v -9.85872800 0.68142500 1.57491000
v -9.69901200 0.62922100 1.65576800
v -9.63652500 0.62680200 1.61483900
v -9.76710300 0.63674600 1.69412900
v -9.73310800 0.58053800 1.47594000
v -9.72288100 0.60852400 1.40124700
v -9.79026000 0.59585500 1.40137000
v -9.80425800 0.57749200 1.47278200
v -9.85405900 0.62146800 1.47788200
v -9.83924900 0.66271800 1.40124700
v -9.79638700 0.57246200 1.55063200
v -9.72806800 0.60204300 1.55063200
v -9.84586200 0.65116000 1.55569200
v -9.72053200 0.56534600 1.67063700
v -9.73084400 0.57445900 1.62164700
v -9.74171800 0.53468700 1.61359800
v -9.74616300 0.51937000 1.66374900
v -9.74954700 0.58280500 1.55450800
v -9.75605100 0.53850100 1.56900000
v -9.80320800 0.50255000 1.63848100
v -9.79828100 0.51088100 1.67117900
v -9.81631100 0.50764000 1.58186000
v -9.80224900 0.54444700 1.67895200
v -9.72809600 0.57572800 1.67614500
v -9.73147500 0.54539200 1.58754500
v -9.80395400 0.52501700 1.58993900
v -9.81168700 0.54614200 1.50206600
v -9.73573200 0.57718900 1.49580600
v -9.88133900 0.57842500 1.58948200
v -9.87784400 0.59083100 1.67698900
v -9.89024000 0.58728000 1.50195800
v -9.62133200 0.58236900 1.29892000
v -9.64637000 0.64233400 1.24585700
v -9.73063200 0.60697600 1.26824300
v -9.70582500 0.55778300 1.32358400
v -9.78461800 0.56828100 1.36645700
v -9.81351600 0.62855900 1.31290200
v -9.67728100 0.57464300 1.40843300
v -9.59525500 0.59338000 1.38040300
v -9.75616100 0.57331400 1.44816000
v -9.49138800 0.59338800 1.48786200
v -9.48115000 0.62136800 1.41317000
v -9.54853400 0.60873700 1.41329300
v -9.56254000 0.59038100 1.48470400
v -9.61232100 0.63438600 1.48980400
v -9.59749300 0.67562700 1.41317000
v -9.55467000 0.58534700 1.56255400
v -9.48633900 0.61488900 1.56255400
v -9.60411100 0.66407300 1.56761400
v -9.54541400 0.53880500 1.63053600
v -9.48696400 0.59896400 1.62772900
v -9.48005600 0.56939700 1.53912900
v -9.54056300 0.52006100 1.54152300
v -9.55473400 0.53641600 1.45365000
v -9.49453400 0.59711300 1.44739000
v -9.63005100 0.53712700 1.54106700
v -9.63091600 0.55010600 1.62857300
v -9.64124300 0.54160700 1.45354200
v -9.62393400 0.57697900 1.65767700
v -9.54718600 0.59321000 1.70741200
v -9.51955600 0.61899200 1.61281300
v -9.58210000 0.57792700 1.57952300
v -9.55244300 0.58184100 1.51564700
v -9.47165200 0.67232500 1.53792400
v -9.64964600 0.62012100 1.55701700
v -9.67979400 0.61770200 1.62536200
v -9.61340100 0.62764600 1.48777600
v -9.39149400 0.51419700 1.50772600
v -9.45945700 0.53094400 1.50069700
v -9.45548500 0.56191200 1.57163500
v -9.37814700 0.56195500 1.57509300
v -9.37482400 0.57592300 1.45024400
v -9.45869400 0.55687900 1.44540000
v -9.53536400 0.55118900 1.51235600
v -9.51900900 0.61992100 1.57157000
v -9.52323200 0.60589700 1.45118700
v -9.45358800 0.52984900 1.59196400
v -9.43588000 0.53246100 1.55985000
v -9.46570600 0.54699900 1.55055200
v -9.48647600 0.53377800 1.58005100
v -9.50835700 0.56892600 1.57575700
v -9.49581100 0.57543800 1.53703200
v -9.49026900 0.54055500 1.61812500
v -9.45703500 0.53496800 1.62855400
v -9.52002600 0.56653700 1.61133900
v -9.59855300 0.56186200 1.68117300
v -9.60355700 0.53055500 1.71456300
v -9.55985100 0.54534800 1.72019700
v -9.55634900 0.56457800 1.68337900
v -9.64084500 0.57865900 1.68649700
v -9.64140600 0.55116000 1.72280400
v -9.59885000 0.52744200 1.75912700
v -9.56137300 0.54532900 1.76376400
v -9.64081200 0.53787100 1.76292100
v -9.66843900 0.55922700 1.68933000
v -9.59374600 0.58815100 1.68305100
v -9.59386800 0.53387800 1.60390300
v -9.66669800 0.51538500 1.60744400
v -9.67038100 0.51117800 1.51741200
v -9.59374600 0.53888900 1.50792600
v -9.74313100 0.56756800 1.59167300
v -9.74313100 0.60417300 1.67373700
v -9.74819000 0.55158800 1.50464100
v -9.72646700 0.57649100 1.58325800
v -9.70250500 0.57511300 1.66599200
v -9.65139300 0.53434500 1.64075500
v -9.66976200 0.53422900 1.56836900
v -9.69255500 0.57341300 1.72866500
v -9.63548200 0.53158100 1.71369400
v -9.78579100 0.55986100 1.59764000
v -9.76882800 0.55832900 1.67034200
v -9.75450900 0.55370000 1.74364000
v -9.69571000 0.53880500 1.56673900
v -9.63726100 0.59896400 1.56393200
v -9.63035200 0.56939700 1.47533100
v -9.69085800 0.52006100 1.47772600
v -9.70502900 0.53641600 1.38985300
v -9.64483000 0.59711300 1.38359300
v -9.78034800 0.53712700 1.47726900
v -9.78121100 0.55010600 1.56477600
v -9.79153900 0.54160700 1.38974500
v -9.76817300 0.57858200 1.36031400
v -9.81331400 0.59287700 1.42418300
v -9.73804200 0.56247700 1.47100600
v -9.69462000 0.55850000 1.41027400
v -9.62225500 0.57953200 1.46075000
v -9.66571000 0.59314500 1.52808400
v -9.65307600 0.62791000 1.35818600
v -9.72583000 0.64068700 1.30951400
v -9.57911100 0.63717200 1.40576000
v -9.66511100 0.51942900 1.64978700
v -9.60666100 0.57958700 1.64698000
v -9.59975200 0.55002000 1.55838000
v -9.66026000 0.50068400 1.56077300
v -9.67443000 0.51703900 1.47290100
v -9.61423100 0.57773700 1.46664100
v -9.74974900 0.51775000 1.56031700
v -9.75061300 0.53072900 1.64782300
v -9.76094000 0.52223000 1.47279300
v -9.56884600 0.55166500 1.52329700
v -9.63063500 0.51060000 1.51187600
v -9.63386400 0.50965200 1.59799000
v -9.56897000 0.55196200 1.59799000
v -9.57069000 0.55611600 1.44860500
v -9.63587600 0.51451400 1.44860500
v -9.69181500 0.55279400 1.52329700
v -9.69081300 0.55037500 1.59799000
v -9.69493000 0.56031900 1.44860500
v -9.56219100 0.52787300 1.44000700
v -9.58804400 0.54671500 1.36684400
v -9.64055300 0.57257900 1.40401600
v -9.61588400 0.56421000 1.47400000
v -9.63296500 0.62992200 1.49228300
v -9.65198000 0.65783800 1.41192200
v -9.56718100 0.55550200 1.53491600
v -9.50795700 0.54389500 1.49315900
v -9.57178800 0.65136700 1.54435500
v -9.79318500 0.63533400 1.36287400
v -9.79882300 0.63533400 1.43678300
v -9.75013900 0.59330000 1.44244700
v -9.72358500 0.60299900 1.37160800
v -9.79794600 0.63533400 1.53896100
v -9.74595900 0.59330000 1.51069200
v -9.65398600 0.63533400 1.42613400
v -9.66241900 0.65598100 1.38124300
v -9.65398600 0.62976100 1.51069200
v -9.76111900 0.58391800 1.60519000
v -9.75447000 0.54188500 1.52917500
v -9.82629400 0.59221500 1.53559100
v -9.83502800 0.58391800 1.60519000
v -9.68720900 0.58391800 1.60519000
v -9.68720900 0.54188500 1.53559100
v -9.77176800 0.58391800 1.46599100
v -9.81100800 0.62409600 1.46599100
v -9.68720900 0.54699800 1.46599100
v -9.84210800 0.52990200 1.64064500
v -9.84288900 0.52612800 1.60380300
v -9.89390500 0.52139800 1.59991900
v -9.89156500 0.52092800 1.64851900
v -9.77498000 0.54306800 1.62447200
v -9.79857100 0.53523500 1.59081200
v -9.86992900 0.54120900 1.55401200
v -9.89948600 0.53902300 1.56912000
v -9.81394400 0.55087900 1.54023600
v -9.78648300 0.57801600 1.38929100
v -9.77393300 0.57050600 1.30429200
v -9.81363400 0.62820200 1.29694000
v -9.80121300 0.65595300 1.37282200
v -9.80558000 0.63575100 1.43011800
v -9.78843900 0.57960900 1.45282800
v -9.71121500 0.56271900 1.38801600
v -9.70897600 0.55269500 1.31332000
v -9.72917500 0.55231900 1.46149700
v -9.80574100 0.63392900 1.35938200
v -9.80260300 0.61323500 1.39926100
v -9.76938400 0.64928900 1.40095800
v -9.76887800 0.65732400 1.36081600
v -9.85101600 0.63037700 1.36027800
v -9.84566800 0.61613000 1.40200200
v -9.80275800 0.62602500 1.44279200
v -9.77621800 0.66158300 1.44275800
v -9.84513100 0.61641900 1.44381800
v -9.75171500 0.55092300 1.39002500
v -9.82689300 0.59544300 1.35297900
v -9.84040600 0.62328400 1.42703500
v -9.77037400 0.57032600 1.46031900
v -9.72607700 0.48844600 1.49005300
v -9.70940300 0.45810100 1.41545800
v -9.89456800 0.59011900 1.48715400
v -9.83016500 0.53316900 1.52010500
v -9.77972000 0.46066800 1.55344900
v -9.85051500 0.55118700 1.46828600
v -9.82783600 0.62029300 1.51298300
v -9.75245800 0.61936500 1.45908700
v -9.77908800 0.56028100 1.41299600
v -9.73005700 0.59881700 1.34548000
v -9.70396200 0.66977600 1.38926200
v -9.84009200 0.55968800 1.34579100
v -9.90635500 0.54630700 1.40287800
v -9.78619500 0.58739300 1.28028200
v -9.60346600 0.56810200 1.47273600
v -9.54262900 0.60372800 1.47619500
v -9.52722000 0.58690500 1.37183900
v -9.60141800 0.56084300 1.36918600
v -9.60707300 0.59324400 1.27682400
v -9.54460900 0.62921000 1.27690400
v -9.66576700 0.61040200 1.46638400
v -9.68332500 0.61597400 1.38368600
v -9.68282500 0.62882000 1.29804100
v -9.64709500 0.58962700 1.33719700
v -9.64973600 0.59647400 1.28922500
v -9.69294900 0.59311700 1.29036500
v -9.69641800 0.57340300 1.33547400
v -9.73848000 0.59612900 1.33825700
v -9.74106700 0.60292900 1.28860600
v -9.69325100 0.58475100 1.37991100
v -9.65237900 0.59923200 1.37991100
v -9.73787600 0.59343500 1.38267200
v -9.50177500 0.55737700 1.41421400
v -9.48943500 0.61102700 1.48495700
v -9.43037000 0.58036000 1.48995400
v -9.42917500 0.55834000 1.41162300
v -9.45952500 0.52379900 1.36964900
v -9.51604500 0.52435300 1.35963200
v -9.53133100 0.63229800 1.39072800
v -9.52134800 0.67025300 1.45727200
v -9.55449200 0.57708500 1.33718600
v -9.67830600 0.56813100 1.36188100
v -9.67687600 0.52172200 1.30541600
v -9.76206200 0.53629000 1.30694100
v -9.75182600 0.58231700 1.36565000
v -9.60456200 0.55590300 1.35609000
v -9.61476400 0.51016800 1.29707900
v -9.69051000 0.52611900 1.24735200
v -9.76415900 0.53918500 1.25227800
v -9.61662200 0.51515800 1.24025200
v -9.51375500 0.52244900 1.67867400
v -9.58581500 0.51633400 1.67120200
v -9.58470700 0.52276700 1.75718300
v -9.50995800 0.52767400 1.75312700
v -9.51742400 0.52245200 1.60394500
v -9.59215500 0.51832500 1.60796100
v -9.62315300 0.58564100 1.68096200
v -9.61943000 0.58787500 1.75557300
v -9.62674100 0.58902800 1.60605300
v -9.66479600 0.54759800 1.32852900
v -9.70277200 0.56981000 1.26184500
v -9.77560100 0.52454400 1.30267900
v -9.74046300 0.51279300 1.36781500
v -9.81927600 0.51869700 1.41133700
v -9.86103900 0.53986700 1.34447200
v -9.71793300 0.57356700 1.43722700
v -9.64319800 0.60100700 1.39707900
v -9.79395100 0.56760200 1.48189000
v -9.70291500 0.54052100 1.35066200
v -9.70296500 0.61479900 1.39456300
v -9.61466100 0.58945800 1.41138900
v -9.61414400 0.52513100 1.36319300
v -9.52578100 0.53862600 1.34971300
v -9.52246200 0.61395900 1.39534300
v -9.60971100 0.51743300 1.27279500
v -9.69713500 0.52833400 1.26542900
v -9.52178700 0.52020500 1.26473300
v -9.53453700 0.51269400 1.30439200
v -9.57404400 0.58463700 1.27917800
v -9.60952600 0.58475400 1.36478200
v -9.56545500 0.52258200 1.38919300
v -9.56952500 0.56033800 1.47281500
v -9.61135600 0.63424400 1.45020200
v -9.47830100 0.51636200 1.41392500
v -9.45291300 0.50250300 1.33029000
v -9.48807300 0.54360800 1.49831000
v -9.82526000 0.56549900 1.64887700
v -9.79677200 0.57231700 1.67128400
v -9.77991100 0.56421400 1.64288300
v -9.80823400 0.54630000 1.62328200
v -9.79190800 0.56096000 1.59110300
v -9.75541500 0.56655300 1.60937900
v -9.84193000 0.55686300 1.60664600
v -9.85803300 0.57462500 1.63366000
v -9.82448900 0.55868800 1.57263000
v -9.68921600 0.49303900 1.49036600
v -9.67899000 0.52102500 1.41567300
v -9.74636800 0.50835600 1.41579600
v -9.76036700 0.48999300 1.48720800
v -9.81016700 0.53396900 1.49230800
v -9.79535800 0.57521900 1.41567400
v -9.75249500 0.48496300 1.56505800
v -9.68417600 0.51454400 1.56505800
v -9.80197100 0.56366100 1.57011700
v -9.52684600 0.55472700 1.44360300
v -9.60038500 0.58270700 1.42699300
v -9.60604200 0.57007600 1.49413900
v -9.53609600 0.55172000 1.51422100
v -9.53528600 0.59572500 1.56425600
v -9.61036600 0.63696700 1.54290700
v -9.45785800 0.54668600 1.51306000
v -9.45199600 0.57622800 1.44498000
v -9.45705900 0.62541200 1.56275300
v -9.42632800 0.54306900 1.39134000
v -9.45974000 0.54350300 1.33531700
v -9.52671400 0.56162400 1.37178400
v -9.50191500 0.54033000 1.43253600
v -9.56564700 0.55243800 1.41568300
v -9.55387000 0.54073500 1.46918700
v -9.46530300 0.57478400 1.47686900
v -9.40088400 0.57120100 1.43831500
v -9.52644300 0.56224400 1.51848600
v -9.55663600 0.58648700 1.58843900
v -9.56679800 0.55946900 1.65398100
v -9.49476800 0.54152800 1.64946900
v -9.49665000 0.52382600 1.56601200
v -9.42273800 0.52358700 1.64495700
v -9.43110000 0.50553000 1.56807800
v -9.50514500 0.58682800 1.51618700
v -9.53539600 0.63402800 1.52805800
v -9.43008300 0.53168200 1.50231800
v -9.68567500 0.66031500 1.55722000
v -9.72754500 0.64746500 1.61282000
v -9.67047100 0.60133600 1.63578100
v -9.64695300 0.57531200 1.55749600
v -9.61339800 0.55520800 1.65874200
v -9.59795300 0.53227200 1.58401600
v -9.61493300 0.63098900 1.51043400
v -9.62952500 0.68839900 1.51134500
v -9.56407300 0.54796500 1.52466400
v -9.68323600 0.55123400 1.60749100
v -9.72510600 0.53838400 1.66309100
v -9.66803200 0.49225500 1.68605300
v -9.64451400 0.46623100 1.60776700
v -9.61095900 0.44612700 1.70901400
v -9.59551400 0.42319100 1.63428800
v -9.61249400 0.52190800 1.56070600
v -9.62708600 0.57931700 1.56161600
v -9.56163500 0.43888400 1.57493600
v -9.58358500 0.58648700 1.46763900
v -9.59374800 0.55946900 1.53318100
v -9.52171800 0.54152800 1.52866900
v -9.52360100 0.52382600 1.44521100
v -9.44968800 0.52358700 1.52415600
v -9.45805100 0.50553000 1.44727800
v -9.53209500 0.58682800 1.39538700
v -9.56234500 0.63402800 1.40725800
v -9.45703200 0.53168200 1.38151800
v -9.65473300 0.54422600 1.51124900
v -9.68898100 0.51647800 1.56777000
v -9.62059100 0.50957100 1.59511500
v -9.58479200 0.49102900 1.51986100
v -9.55220100 0.50266500 1.62246000
v -9.52498300 0.48284600 1.55044100
v -9.57776500 0.55174200 1.46762600
v -9.61491600 0.59403300 1.46290100
v -9.49875000 0.50835000 1.48991300
v -9.78508500 0.55088000 1.63830400
v -9.80597400 0.51988400 1.64868600
v -9.77524300 0.51961600 1.69971100
v -9.75719800 0.55422700 1.69220500
v -9.83352700 0.56456200 1.60263100
v -9.85094600 0.52914700 1.61235400
v -9.85241600 0.50770400 1.68199200
v -9.81945900 0.50622900 1.72964500
v -9.89395600 0.51315600 1.64221100
v -9.83268700 0.59934100 1.42241800
v -9.77768100 0.65970200 1.40235900
v -9.77113300 0.60984500 1.35075100
v -9.82701000 0.55589800 1.36276000
v -9.84814200 0.55677500 1.30289300
v -9.79686000 0.63068000 1.28059900
v -9.89450100 0.52215400 1.38902100
v -9.90799900 0.58518800 1.43421100
v -9.92960400 0.54925500 1.31455000
v -9.38893600 0.50349300 1.45300400
v -9.43272500 0.51407000 1.39055700
v -9.47939800 0.51590800 1.44029000
v -9.43923300 0.50973700 1.50180100
v -9.50331500 0.54893200 1.46550400
v -9.46295200 0.53331400 1.53442100
v -9.37797000 0.50681000 1.55030100
v -9.32831700 0.51191800 1.49758300
v -9.39685800 0.54481600 1.57773400
v -9.55997100 0.51988900 1.73788800
v -9.56044700 0.54787500 1.66250000
v -9.62712500 0.53520600 1.67218200
v -9.63085000 0.51684200 1.74485800
v -9.67942300 0.56081900 1.75697300
v -9.67563700 0.60206900 1.67901200
v -9.61201200 0.51181300 1.82080300
v -9.54438400 0.54139300 1.81110900
v -9.66026900 0.59051000 1.83283200
v -9.49488500 0.55420000 1.36564100
v -9.48053100 0.55415300 1.40695300
v -9.44091400 0.55416100 1.38360700
v -9.45774000 0.54335400 1.34777100
v -9.52916900 0.58474500 1.37696800
v -9.50969400 0.58797500 1.41604900
v -9.45346400 0.57941600 1.43487800
v -9.41984300 0.58322400 1.41171800
v -9.48794800 0.60403800 1.44880000
v -9.75890300 0.55705300 1.52315200
v -9.71358500 0.55463900 1.49590100
v -9.86705200 0.56280000 1.48752600
v -9.86361300 0.57127800 1.50522600
v -9.66566900 0.57690700 1.59201000
v -9.64559600 0.57527700 1.56945800
v -9.55766600 0.55542400 1.69862900
v -9.60860100 0.53142800 1.48548500
v -9.56158600 0.52458200 1.50518200
v -9.63766700 0.51743400 1.37369800
v -9.65851600 0.51674600 1.37901600
v -9.67727900 0.54330000 1.25489700
v -9.70002200 0.54184200 1.25843900
v -9.68019000 0.54018600 1.19261300
v -9.69424300 0.53319600 1.19634800
v -9.71219700 0.51950500 1.15057900
v -9.71609000 0.52385800 1.15986500
v -9.71625900 0.53903700 1.64963900
v -9.70249000 0.53728400 1.67170100
v -9.62098500 0.56317600 1.66042800
v -9.52168900 0.56535400 1.56791700
v -9.87300000 0.53692600 1.64234300
v -9.88630900 0.53292600 1.65407800
v -9.78425000 0.53142600 1.69146900
v -9.77713500 0.53230200 1.66498000
v -9.90026600 0.53246600 1.58261000
v -9.90932900 0.53639900 1.58343100
v -9.49495100 0.46430500 1.75874400
v -9.54605300 0.55545700 1.73115300
v -9.56565100 0.54965500 1.74466700
v -9.51008900 0.45235200 1.76506500
v -9.62108500 0.56164100 1.72770000
v -9.61419400 0.58198900 1.68833200
v -9.66792800 0.54174600 1.66818600
v -9.68157600 0.52767600 1.69442000
v -9.80137500 0.65137800 1.48337000
v -9.74056800 0.59622200 1.63620700
v -9.71345300 0.60053500 1.62961500
v -9.71173200 0.54319600 1.32724900
v -9.71176100 0.53677000 1.31358100
v -9.78030800 0.55227500 1.30791000
v -9.78140100 0.55169500 1.32633900
v -9.86855100 0.57626700 1.37524400
v -9.84430500 0.57740900 1.37670100
v -9.83351800 0.57593200 1.34560200
v -9.84022500 0.57441300 1.30581700
v -9.82285000 0.56836000 1.43532200
v -9.57173700 0.57425900 1.41869900
v -9.45035000 0.53484700 1.44839500
v -9.53400800 0.54542200 1.34468700
v -9.74194100 0.59264000 1.46505700
v -9.35398400 0.50750400 1.37894400
v -9.43117700 0.52142000 1.37268500
v -9.29004800 0.44034900 1.42888300
v -9.37042700 0.55910600 1.32377600
v -9.31104500 0.46719800 1.48364200
v -2.50110600 0.55436900 1.69827800
v -2.47180100 0.51173700 1.64363300
v -2.53568000 0.55217700 1.59828400
v -2.55761500 0.59045900 1.66141900
v -2.44201800 0.52257600 1.73446700
v -2.41969800 0.48493500 1.67123100
v -2.43375500 0.55539100 1.59539200
v -2.49174000 0.58902300 1.55891700
v -2.37300000 0.52637900 1.63114700
v -2.66455000 0.57472400 1.57511600
v -2.66351000 0.61054300 1.63595200
v -2.56230600 0.57730700 1.65136000
v -2.56294600 0.55108400 1.57716200
v -2.46744800 0.56848500 1.57150800
v -2.46302000 0.60410400 1.63397200
v -2.65296000 0.61559200 1.51281500
v -2.57039200 0.60796700 1.49525500
v -2.48399500 0.60707600 1.49575600
v -2.58187100 0.57533400 1.49102600
v -2.50350500 0.56150800 1.49404000
v -2.51362700 0.55976400 1.42650100
v -2.58548200 0.58102700 1.42002500
v -2.57594500 0.62959900 1.37442100
v -2.49017900 0.62594000 1.38265800
v -2.65609400 0.61427500 1.43689800
v -2.63920700 0.63096500 1.50655900
v -2.63252300 0.69361200 1.39402400
v -2.70572100 0.54609600 1.51706700
v -2.69160300 0.58151600 1.58856800
v -2.62771900 0.56807100 1.56753100
v -2.63736300 0.54251600 1.49715000
v -2.59265100 0.58521000 1.47276600
v -2.58245500 0.63409000 1.54656300
v -2.67000000 0.52986600 1.42678500
v -2.73509300 0.56015500 1.44670700
v -2.62615500 0.60715300 1.39986500
v -2.63954200 0.51861100 1.55621700
v -2.72232700 0.51766300 1.58014900
v -2.70198200 0.52514000 1.64177100
v -2.63101700 0.55967500 1.61847200
v -2.58257200 0.54608400 1.58484000
v -2.58110400 0.52252500 1.53140500
v -2.66956800 0.56869500 1.50170200
v -2.74018100 0.55838600 1.52607000
v -2.59961800 0.55204600 1.47532700
v -2.62520000 0.57467300 1.46640000
v -2.64214400 0.52594400 1.41055600
v -2.70924000 0.50256200 1.46049300
v -2.68211900 0.55599700 1.51183300
v -2.57063500 0.59750900 1.41939600
v -2.59810500 0.54469400 1.36782300
v -2.69724000 0.55132500 1.36891800
v -2.75281400 0.53026900 1.41524900
v -2.64419800 0.57685300 1.32089800
v -2.49805200 0.58607900 1.50276500
v -2.41455800 0.60230900 1.46544700
v -2.47888100 0.62809100 1.39078200
v -2.54084800 0.58702700 1.42513300
v -2.57829500 0.59094100 1.36548900
v -2.51563500 0.68142500 1.30983600
v -2.59649200 0.62922100 1.46955000
v -2.55556300 0.62680200 1.53203900
v -2.63485400 0.63674600 1.40146000
v -2.41666400 0.58053800 1.43545500
v -2.34197100 0.60852400 1.44568200
v -2.34209500 0.59585500 1.37830300
v -2.41350600 0.57749200 1.36430500
v -2.41860600 0.62146800 1.31450400
v -2.34197100 0.66271800 1.32931400
v -2.49135600 0.57246200 1.37217700
v -2.49135600 0.60204300 1.44049600
v -2.49641600 0.65116000 1.32270100
v -2.61136100 0.56534600 1.44803100
v -2.56237200 0.57445900 1.43771900
v -2.55432300 0.53468700 1.42684600
v -2.60447300 0.51937000 1.42240000
v -2.49523300 0.58280500 1.41901600
v -2.50972400 0.53850100 1.41251200
v -2.57920500 0.50255000 1.36535500
v -2.61190300 0.51088100 1.37028200
v -2.52258400 0.50764000 1.35225200
v -2.61967700 0.54444700 1.36631400
v -2.61686900 0.57572800 1.44046700
v -2.52826900 0.54539200 1.43708800
v -2.53066300 0.52501700 1.36461000
v -2.44279100 0.54614200 1.35687600
v -2.43653000 0.57718900 1.43283100
v -2.53020600 0.57842500 1.28722300
v -2.61771200 0.59083100 1.29071900
v -2.44268200 0.58728000 1.27832200
v -2.23964400 0.58236900 1.54723100
v -2.18658200 0.64233400 1.52219300
v -2.20896700 0.60697600 1.43793100
v -2.26430800 0.55778300 1.46273800
v -2.30718100 0.56828100 1.38394500
v -2.25362700 0.62855900 1.35504800
v -2.34915600 0.57464300 1.49128100
v -2.32112700 0.59338000 1.57330800
v -2.38888400 0.57331400 1.41240100
v -2.42858600 0.59338800 1.67717400
v -2.35389400 0.62136800 1.68741300
v -2.35401700 0.60873700 1.62002900
v -2.42542800 0.59038100 1.60602300
v -2.43052900 0.63438600 1.55624200
v -2.35389400 0.67562700 1.57107000
v -2.50327900 0.58534700 1.61389200
v -2.50327900 0.61488900 1.68222400
v -2.50833900 0.66407300 1.56445100
v -2.57126100 0.53880500 1.62314900
v -2.56845300 0.59896400 1.68159900
v -2.47985400 0.56939700 1.68850700
v -2.48224700 0.52006100 1.62800000
v -2.39437400 0.53641600 1.61383000
v -2.38811400 0.59711300 1.67402900
v -2.48179100 0.53712700 1.53851100
v -2.56929700 0.55010600 1.53764700
v -2.39426600 0.54160700 1.52732000
v -2.59840100 0.57697900 1.54462800
v -2.64813600 0.59321000 1.62137700
v -2.55353800 0.61899200 1.64900800
v -2.52024700 0.57792700 1.58646300
v -2.45637100 0.58184100 1.61612000
v -2.47864900 0.67232500 1.69691200
v -2.49774000 0.62012100 1.51891700
v -2.56608600 0.61770200 1.48877000
v -2.42850000 0.62764600 1.55516100
v -2.44845000 0.51419700 1.77706900
v -2.44142100 0.53094400 1.70910600
v -2.51235800 0.56191200 1.71307800
v -2.51581800 0.56195500 1.79041600
v -2.39096800 0.57592300 1.79373900
v -2.38612400 0.55687900 1.70987000
v -2.45308100 0.55118900 1.63319900
v -2.51229500 0.61992100 1.64955400
v -2.39191000 0.60589700 1.64533000
v -2.53268800 0.52984900 1.71497500
v -2.50057400 0.53246100 1.73268200
v -2.49127700 0.54699900 1.70285700
v -2.52077500 0.53377800 1.68208700
v -2.51648100 0.56892600 1.66020600
v -2.47775600 0.57543800 1.67275200
v -2.55884900 0.54055500 1.67829500
v -2.56927900 0.53496800 1.71152800
v -2.55206300 0.56653700 1.64853700
v -2.62189800 0.56186200 1.57001000
v -2.65528700 0.53055500 1.56500600
v -2.66092200 0.54534800 1.60871200
v -2.62410300 0.56457800 1.61221400
v -2.62722200 0.57865900 1.52771900
v -2.66352800 0.55116000 1.52715700
v -2.69985100 0.52744200 1.56971300
v -2.70448900 0.54532900 1.60719000
v -2.70364500 0.53787100 1.52775100
v -2.63005400 0.55922700 1.50012500
v -2.62377400 0.58815100 1.57481700
v -2.54462800 0.53387800 1.57469400
v -2.54816900 0.51538500 1.50186600
v -2.45813600 0.51117800 1.49818200
v -2.44865000 0.53888900 1.57481700
v -2.53239700 0.56756800 1.42543200
v -2.61446000 0.60417300 1.42543200
v -2.44536500 0.55158800 1.42037300
v -2.52398200 0.57649100 1.44209500
v -2.60671600 0.57511300 1.46605800
v -2.58147900 0.53434500 1.51717000
v -2.50909300 0.53422900 1.49880100
v -2.66939000 0.57341300 1.47600800
v -2.65441900 0.53158100 1.53308000
v -2.53836400 0.55986100 1.38277200
v -2.61106700 0.55832900 1.39973500
v -2.68436400 0.55370000 1.41405400
v -2.50746300 0.53880500 1.47285300
v -2.50465600 0.59896400 1.53130200
v -2.41605600 0.56939700 1.53821100
v -2.41845000 0.52006100 1.47770400
v -2.33057700 0.53641600 1.46353400
v -2.32431600 0.59711300 1.52373300
v -2.41799300 0.53712700 1.38821500
v -2.50549900 0.55010600 1.38735100
v -2.33046900 0.54160700 1.37702400
v -2.30103900 0.57858200 1.40039000
v -2.36490700 0.59287700 1.35524900
v -2.41173000 0.56247700 1.43052200
v -2.35099900 0.55850000 1.47394300
v -2.40147500 0.57953200 1.54630800
v -2.46880900 0.59314500 1.50285200
v -2.29891000 0.62791000 1.51548700
v -2.25023800 0.64068700 1.44273300
v -2.34648400 0.63717200 1.58945100
v -2.59051100 0.51942900 1.50345200
v -2.58770400 0.57958700 1.56190200
v -2.49910400 0.55002000 1.56881000
v -2.50149800 0.50068400 1.50830400
v -2.41362500 0.51703900 1.49413300
v -2.40736500 0.57773700 1.55433200
v -2.50104100 0.51775000 1.41881400
v -2.58854700 0.53072900 1.41795000
v -2.41351700 0.52223000 1.40762300
v -2.46402200 0.55166500 1.59971700
v -2.45260000 0.51060000 1.53792800
v -2.53871500 0.50965200 1.53470000
v -2.53871500 0.55196200 1.59959400
v -2.38933000 0.55611600 1.59787400
v -2.38933000 0.51451400 1.53268700
v -2.46402200 0.55279400 1.47674800
v -2.53871500 0.55037500 1.47775000
v -2.38933000 0.56031900 1.47363200
v -2.38073100 0.52787300 1.60637100
v -2.30756800 0.54671500 1.58051800
v -2.34474000 0.57257900 1.52801000
v -2.41472400 0.56421000 1.55267900
v -2.43300700 0.62992200 1.53559800
v -2.35264600 0.65783800 1.51658300
v -2.47564000 0.55550200 1.60138200
v -2.43388300 0.54389500 1.66060700
v -2.48507900 0.65136700 1.59677400
v -2.30359700 0.63533400 1.37537800
v -2.37750700 0.63533400 1.36973900
v -2.38317100 0.59330000 1.41842400
v -2.31233200 0.60299900 1.44497800
v -2.47968500 0.63533400 1.37061800
v -2.45141600 0.59330000 1.42260300
v -2.36685900 0.63533400 1.51457800
v -2.32196700 0.65598100 1.50614300
v -2.45141600 0.62976100 1.51457800
v -2.54591400 0.58391800 1.40744400
v -2.46990000 0.54188500 1.41409300
v -2.47631500 0.59221500 1.34226900
v -2.54591400 0.58391800 1.33353500
v -2.54591400 0.58391800 1.48135300
v -2.47631500 0.54188500 1.48135300
v -2.40671500 0.58391800 1.39679600
v -2.40671500 0.62409600 1.35755500
v -2.40671500 0.54699800 1.48135300
v -2.58136800 0.52990200 1.32645400
v -2.54452800 0.52612800 1.32567400
v -2.54064300 0.52139800 1.27465800
v -2.58924300 0.52092800 1.27699700
v -2.56519500 0.54306800 1.39358200
v -2.53153700 0.53523500 1.36999200
v -2.49473600 0.54120900 1.29863300
v -2.50984500 0.53902300 1.26907700
v -2.48095900 0.55087900 1.35461900
v -2.33001500 0.57801600 1.38208000
v -2.24501700 0.57050600 1.39463000
v -2.23766500 0.62820200 1.35492900
v -2.31354600 0.65595300 1.36734900
v -2.37084200 0.63575100 1.36298300
v -2.39355200 0.57960900 1.38012400
v -2.32874000 0.56271900 1.45734800
v -2.25404400 0.55269500 1.45958700
v -2.40222000 0.55231900 1.43938800
v -2.30010600 0.63392900 1.36282200
v -2.33998500 0.61323500 1.36596000
v -2.34168200 0.64928900 1.39918000
v -2.30154100 0.65732400 1.39968500
v -2.30100200 0.63037700 1.31754700
v -2.34272600 0.61613000 1.32289600
v -2.38351700 0.62602500 1.36580500
v -2.38348100 0.66158300 1.39234500
v -2.38454200 0.61641900 1.32343200
v -2.33075000 0.55092300 1.41684800
v -2.29370400 0.59544300 1.34166900
v -2.36775900 0.62328400 1.32815600
v -2.40104200 0.57032600 1.39819000
v -2.43077800 0.48844600 1.44248700
v -2.35618300 0.45810100 1.45915900
v -2.42787800 0.59011900 1.27399600
v -2.46082900 0.53316900 1.33839800
v -2.49417400 0.46066800 1.38884300
v -2.40901000 0.55118700 1.31804800
v -2.45370700 0.62029300 1.34072700
v -2.39981100 0.61936500 1.41610400
v -2.35372100 0.56028100 1.38947500
v -2.28620500 0.59881700 1.43850500
v -2.32998700 0.66977600 1.46460100
v -2.28651600 0.55968800 1.32847200
v -2.34360200 0.54630700 1.26220800
v -2.22100600 0.58739300 1.38236800
v -2.41346100 0.56810200 1.56509800
v -2.41691900 0.60372800 1.62593400
v -2.31256300 0.58690500 1.64134300
v -2.30991000 0.56084300 1.56714400
v -2.21754800 0.59324400 1.56149000
v -2.21762800 0.62921000 1.62395400
v -2.40710800 0.61040200 1.50279700
v -2.32441000 0.61597400 1.48523800
v -2.23876600 0.62882000 1.48573800
v -2.27792100 0.58962700 1.52146800
v -2.22994900 0.59647400 1.51882700
v -2.23108900 0.59311700 1.47561300
v -2.27619900 0.57340300 1.47214400
v -2.27898100 0.59612900 1.43008300
v -2.22933000 0.60292900 1.42749500
v -2.32063500 0.58475100 1.47531200
v -2.32063500 0.59923200 1.51618400
v -2.32339600 0.59343500 1.43068600
v -2.35493800 0.55737700 1.66678800
v -2.42568100 0.61102700 1.67912800
v -2.43067900 0.58036000 1.73819400
v -2.35234700 0.55834000 1.73938800
v -2.31037400 0.52379900 1.70903800
v -2.30035600 0.52435300 1.65251700
v -2.33145300 0.63229800 1.63723300
v -2.39799700 0.67025300 1.64721500
v -2.27791000 0.57708500 1.61407100
v -2.30260500 0.56813100 1.49025800
v -2.24614000 0.52172200 1.49168700
v -2.24766500 0.53629000 1.40650100
v -2.30637500 0.58231700 1.41673700
v -2.29681400 0.55590300 1.56400100
v -2.23780300 0.51016800 1.55379900
v -2.18807600 0.52611900 1.47805200
v -2.19300200 0.53918500 1.40440400
v -2.18097700 0.51515800 1.55194100
v -2.61939800 0.52244900 1.65480800
v -2.61192600 0.51633400 1.58274700
v -2.69790800 0.52276700 1.58385600
v -2.69385000 0.52767400 1.65860400
v -2.54466900 0.52245200 1.65113900
v -2.54868400 0.51832500 1.57640900
v -2.62168600 0.58564100 1.54541000
v -2.69629800 0.58787500 1.54913300
v -2.54677700 0.58902800 1.54182200
v -2.26925300 0.54759800 1.50376700
v -2.20257000 0.56981000 1.46579000
v -2.24340300 0.52454400 1.39296200
v -2.30853900 0.51279300 1.42810100
v -2.35206200 0.51869700 1.34928600
v -2.28519700 0.53986700 1.30752400
v -2.37795000 0.57356700 1.45063000
v -2.33780400 0.60100700 1.52536500
v -2.42261500 0.56760200 1.37461200
v -2.29138700 0.54052100 1.46564800
v -2.33528700 0.61479900 1.46559800
v -2.35211300 0.58945800 1.55390200
v -2.30391700 0.52513100 1.55441900
v -2.29043700 0.53862600 1.64278200
v -2.33606700 0.61395900 1.64610100
v -2.21351900 0.51743300 1.55885200
v -2.20615400 0.52833400 1.47142800
v -2.20545700 0.52020500 1.64677600
v -2.24511700 0.51269400 1.63402600
v -2.21990100 0.58463700 1.59451900
v -2.30550700 0.58475400 1.55903700
v -2.32991700 0.52258200 1.60310800
v -2.41353900 0.56033800 1.59903800
v -2.39092700 0.63424400 1.55720700
v -2.35465000 0.51636200 1.69026200
v -2.27101400 0.50250300 1.71565000
v -2.43903400 0.54360800 1.68049000
v -2.58960200 0.56549900 1.34330300
v -2.61200800 0.57231700 1.37179100
v -2.58360700 0.56421400 1.38865200
v -2.56400500 0.54630000 1.36033000
v -2.53182600 0.56096000 1.37665400
v -2.55010400 0.56655300 1.41314800
v -2.54737100 0.55686300 1.32663300
v -2.57438400 0.57462500 1.31052900
v -2.51335400 0.55868800 1.34407500
v -2.43109000 0.49303900 1.47934600
v -2.35639800 0.52102500 1.48957200
v -2.35652100 0.50835600 1.42219400
v -2.42793200 0.48999300 1.40819600
v -2.43303200 0.53396900 1.35839500
v -2.35639800 0.57521900 1.37320500
v -2.50578200 0.48496300 1.41606800
v -2.50578200 0.51454400 1.48438700
v -2.51084200 0.56366100 1.36659100
v -2.38432600 0.55472700 1.64171800
v -2.36771700 0.58270700 1.56817900
v -2.43486300 0.57007600 1.56252000
v -2.45494500 0.55172000 1.63246700
v -2.50498000 0.59572500 1.63327700
v -2.48363200 0.63696700 1.55819700
v -2.45378400 0.54668600 1.71070500
v -2.38570400 0.57622800 1.71656800
v -2.50347700 0.62541200 1.71150400
v -2.33206400 0.54306900 1.74223400
v -2.27604100 0.54350300 1.70882300
v -2.31250900 0.56162400 1.64184800
v -2.37326000 0.54033000 1.66664700
v -2.35640700 0.55243800 1.60291600
v -2.40991100 0.54073500 1.61469400
v -2.41759300 0.57478400 1.70326000
v -2.37903900 0.57120100 1.76767900
v -2.45921000 0.56224400 1.64212000
v -2.52916300 0.58648700 1.61192800
v -2.59470500 0.55946900 1.60176500
v -2.59019300 0.54152800 1.67379500
v -2.50673600 0.52382600 1.67191200
v -2.58568100 0.52358700 1.74582500
v -2.50880200 0.50553000 1.73746200
v -2.45691200 0.58682800 1.66341800
v -2.46878300 0.63402800 1.63316700
v -2.44304200 0.53168200 1.73848000
v -2.49794400 0.66031500 1.48288800
v -2.55354400 0.64746500 1.44101800
v -2.57650500 0.60133600 1.49809100
v -2.49822000 0.57531200 1.52160900
v -2.59946700 0.55520800 1.55516400
v -2.52474000 0.53227200 1.57061000
v -2.45115800 0.63098900 1.55363000
v -2.45206900 0.68839900 1.53903700
v -2.46538800 0.54796500 1.60449000
v -2.54821500 0.55123400 1.48532700
v -2.60381600 0.53838400 1.44345700
v -2.62677700 0.49225500 1.50053000
v -2.54849100 0.46623100 1.52404800
v -2.64973800 0.44612700 1.55760300
v -2.57501200 0.42319100 1.57304900
v -2.50142900 0.52190800 1.55606900
v -2.50234000 0.57931700 1.54147600
v -2.51566000 0.43888400 1.60692900
v -2.40836300 0.58648700 1.58497800
v -2.47390500 0.55946900 1.57481500
v -2.46939300 0.54152800 1.64684500
v -2.38593600 0.52382600 1.64496200
v -2.46488000 0.52358700 1.71887600
v -2.38800200 0.50553000 1.71051300
v -2.33611200 0.58682800 1.63646800
v -2.34798200 0.63402800 1.60621800
v -2.32224200 0.53168200 1.71153000
v -2.45197400 0.54422600 1.51383000
v -2.50849400 0.51647800 1.47958200
v -2.53583900 0.50957100 1.54797200
v -2.46058600 0.49102900 1.58377000
v -2.56318500 0.50266500 1.61636200
v -2.49116500 0.48284600 1.64358000
v -2.40835100 0.55174200 1.59079800
v -2.40362500 0.59403300 1.55364800
v -2.43063700 0.50835000 1.66981300
v -2.57902800 0.55088000 1.38347800
v -2.58940900 0.51988400 1.36258900
v -2.64043600 0.51961600 1.39331900
v -2.63293000 0.55422700 1.41136500
v -2.54335400 0.56456200 1.33503600
v -2.55307900 0.52914700 1.31761700
v -2.62271600 0.50770400 1.31614700
v -2.67037000 0.50622900 1.34910400
v -2.58293500 0.51315600 1.27460600
v -2.36314200 0.59934100 1.33587700
v -2.34308300 0.65970200 1.39088200
v -2.29147600 0.60984500 1.39743000
v -2.30348400 0.55589800 1.34155200
v -2.24361700 0.55677500 1.32042100
v -2.22132300 0.63068000 1.37170300
v -2.32974600 0.52215400 1.27406200
v -2.37493500 0.58518800 1.26056400
v -2.25527500 0.54925500 1.23895800
v -2.39372800 0.50349300 1.77962800
v -2.33128100 0.51407000 1.73583800
v -2.38101400 0.51590800 1.68916500
v -2.44252400 0.50973700 1.72933000
v -2.40622900 0.54893200 1.66524700
v -2.47514500 0.53331400 1.70561200
v -2.49102500 0.50681000 1.79059300
v -2.43830700 0.51191800 1.84024700
v -2.51845800 0.54481600 1.77170500
v -2.67861200 0.51988900 1.60859200
v -2.60322400 0.54787500 1.60811600
v -2.61290600 0.53520600 1.54143700
v -2.68558200 0.51684200 1.53771300
v -2.69769700 0.56081900 1.48914000
v -2.61973600 0.60206900 1.49292600
v -2.76152700 0.51181300 1.55655200
v -2.75183300 0.54139300 1.62417900
v -2.77355600 0.59051000 1.50829400
v -2.30636500 0.55420000 1.67367700
v -2.34767700 0.55415300 1.68803300
v -2.32433100 0.55416100 1.72764900
v -2.28849500 0.54335400 1.71082200
v -2.31769300 0.58474500 1.63939400
v -2.35677200 0.58797500 1.65887000
v -2.37560300 0.57941600 1.71509800
v -2.35244300 0.58322400 1.74872100
v -2.38952400 0.60403800 1.68061600
v -2.46387600 0.55705300 1.40966100
v -2.43662500 0.55463900 1.45497800
v -2.42825000 0.56280000 1.30151100
v -2.44595000 0.57127800 1.30495000
v -2.53273400 0.57690700 1.50289300
v -2.51018200 0.57527700 1.52296800
v -2.63935300 0.55542400 1.61089600
v -2.42621000 0.53142800 1.55996200
v -2.44590600 0.52458200 1.60697700
v -2.31442300 0.51743400 1.53089500
v -2.31974000 0.51674600 1.51004700
v -2.19562100 0.54330000 1.49128400
v -2.19916300 0.54184200 1.46854100
v -2.13333700 0.54018600 1.48837200
v -2.13707200 0.53319600 1.47431900
v -2.09130200 0.51950500 1.45636500
v -2.10059000 0.52385800 1.45247300
v -2.59036300 0.53903700 1.45230400
v -2.61242400 0.53728400 1.46607300
v -2.60115200 0.56317600 1.54757800
v -2.50864100 0.56535400 1.64687300
v -2.58306600 0.53692600 1.29556300
v -2.59480200 0.53292600 1.28225400
v -2.63219200 0.53142600 1.38431200
v -2.60570400 0.53230200 1.39142800
v -2.52333500 0.53246600 1.26829600
v -2.52415500 0.53639900 1.25923400
v -2.69946800 0.46430500 1.67361200
v -2.67187700 0.55545700 1.62250900
v -2.68539100 0.54965500 1.60291200
v -2.70578900 0.45235200 1.65847400
v -2.66842400 0.56164100 1.54747700
v -2.62905600 0.58198900 1.55436800
v -2.60891100 0.54174600 1.50063400
v -2.63514400 0.52767600 1.48698700
v -2.42409400 0.65137800 1.36718900
v -2.57693100 0.59622200 1.42799500
v -2.57033900 0.60053500 1.45511000
v -2.26797400 0.54319600 1.45683000
v -2.25430500 0.53677000 1.45680100
v -2.24863400 0.55227500 1.38825600
v -2.26706300 0.55169500 1.38716200
v -2.31596800 0.57626700 1.30001200
v -2.31742600 0.57740900 1.32425800
v -2.28632600 0.57593200 1.33504400
v -2.24654200 0.57441300 1.32833800
v -2.37604600 0.56836000 1.34571200
v -2.35942300 0.57425900 1.59682600
v -2.38911900 0.53484700 1.71821300
v -2.28541100 0.54542200 1.63455500
v -2.40578100 0.59264000 1.42662200
v -2.31966900 0.50750400 1.81457900
v -2.31340900 0.52142000 1.73738600
v -2.36960700 0.44034900 1.87851600
v -2.26450100 0.55910600 1.79813600
v -2.42436600 0.46719800 1.85751800
v 1.37788300 0.55484800 1.58166700
v 1.32323700 0.51938500 1.55236200
v 1.27788900 0.55302500 1.61624100
v 1.34102400 0.58486900 1.63817700
v 1.41407200 0.52840100 1.52258000
v 1.35083600 0.49709000 1.50026000
v 1.27499700 0.55569800 1.51431700
v 1.23852200 0.58367400 1.57230100
v 1.31075100 0.53156500 1.45356200
v 1.25676600 0.55211500 1.64350600
v 1.25472000 0.57178000 1.74511100
v 1.31555600 0.60157600 1.74407200
v 1.33096600 0.57392900 1.64286700
v 1.31357700 0.59622000 1.54358200
v 1.25111300 0.56659000 1.54800900
v 1.19241900 0.60577600 1.73352200
v 1.17486000 0.59943400 1.65095300
v 1.17536000 0.59869200 1.56455600
v 1.17063000 0.57228800 1.66243300
v 1.17364500 0.56078700 1.58406700
v 1.10610600 0.55933600 1.59418900
v 1.09963000 0.57702300 1.66604300
v 1.05402600 0.61742800 1.65650600
v 1.06226300 0.61438400 1.57074200
v 1.11650300 0.60468000 1.73665600
v 1.18616400 0.61856400 1.71976800
v 1.07362900 0.67067700 1.71308500
v 1.19667200 0.54796600 1.78628300
v 1.26817300 0.57743000 1.77216500
v 1.24713600 0.56624600 1.70828000
v 1.17675400 0.54498800 1.71792500
v 1.15237100 0.58050300 1.67321300
v 1.22616800 0.62116400 1.66301700
v 1.10638900 0.53446600 1.75056100
v 1.12631200 0.55966100 1.81565500
v 1.07947000 0.59875600 1.70671600
v 1.25975400 0.52431400 1.80288800
v 1.32137600 0.53053400 1.78254400
v 1.29807700 0.55926200 1.71157900
v 1.23582200 0.52510300 1.72010400
v 1.26444500 0.54795600 1.66313300
v 1.21101000 0.52835900 1.66166600
v 1.18130700 0.56676500 1.75012900
v 1.20567400 0.55818900 1.82074200
v 1.15493200 0.55291500 1.68017900
v 1.14600500 0.57173800 1.70576200
v 1.09016100 0.53120300 1.72270500
v 1.14009800 0.51175300 1.78980100
v 1.19143800 0.55620300 1.76268100
v 1.09900100 0.59073400 1.65119600
v 1.04742700 0.54680000 1.67866600
v 1.04852300 0.55231600 1.77780200
v 1.09485400 0.53480100 1.83337500
v 1.00050300 0.57355100 1.72475900
v 1.18237000 0.58122600 1.57861300
v 1.14505200 0.59472700 1.49511900
v 1.07038600 0.61617400 1.55944200
v 1.10473800 0.58201400 1.62141000
v 1.04509400 0.58527000 1.65885600
v 0.98944000 0.66053900 1.59619600
v 1.14915500 0.61711300 1.67705300
v 1.21164400 0.61510100 1.63612500
v 1.08106400 0.62337300 1.71541400
v 1.10448400 0.57661700 1.49910500
v 1.11471100 0.59989700 1.42441300
v 1.04733200 0.58935800 1.42453600
v 1.03333400 0.57408200 1.49594700
v 0.98353300 0.61066400 1.50104700
v 0.99834300 0.64497800 1.42441300
v 1.04120500 0.56989900 1.57379700
v 1.10952500 0.59450500 1.57379700
v 0.99173000 0.63536300 1.57885700
v 1.01167000 0.57156000 1.52423200
v 1.00079600 0.53847600 1.51618300
v 0.99635100 0.52573400 1.56633300
v 1.02198200 0.56397900 1.57322100
v 0.99296600 0.57850300 1.45709300
v 0.98646200 0.54164900 1.47158500
v 0.93930500 0.51174300 1.54106600
v 0.94423200 0.51867300 1.57376300
v 0.92620200 0.51597700 1.48444400
v 1.04591900 0.54659400 1.70023800
v 1.12007100 0.57261500 1.69743100
v 1.11669300 0.54738100 1.60883000
v 1.04421400 0.53043200 1.61122400
v 1.03648000 0.54800500 1.52335200
v 1.11243500 0.57383000 1.51709100
v 0.96682800 0.57485900 1.61076800
v 0.97032300 0.58517900 1.69827500
v 0.95792700 0.58222500 1.52324300
v 1.24140500 0.59396600 1.34891400
v 1.21636700 0.66114500 1.32637400
v 1.13210500 0.62537700 1.33176500
v 1.15691200 0.56516600 1.36073600
v 1.07811900 0.55440100 1.40307900
v 1.04922200 0.62202400 1.38023100
v 1.18545500 0.54097100 1.44293300
v 1.26748200 0.56690700 1.42573000
v 1.10657500 0.52283400 1.47764300
v 1.35677900 0.58730500 1.50914800
v 1.36701800 0.61058100 1.43445500
v 1.29963400 0.60007400 1.43457800
v 1.28562700 0.58480500 1.50599000
v 1.23584700 0.62141000 1.51109000
v 1.25067400 0.65571600 1.43445500
v 1.29349700 0.58061700 1.58384000
v 1.36182900 0.60519100 1.58384000
v 1.24405600 0.64610500 1.58890000
v 1.30275400 0.54190100 1.65182200
v 1.36120300 0.59194400 1.64901500
v 1.36811200 0.56734900 1.56041400
v 1.30760500 0.52630900 1.56280900
v 1.29343400 0.53991400 1.47493600
v 1.35363400 0.59040500 1.46867600
v 1.21811600 0.54050500 1.56235200
v 1.21725200 0.55130200 1.64985900
v 1.20692500 0.54423200 1.47482800
v 1.26309900 0.57365600 1.69763500
v 1.35357800 0.58715700 1.71095300
v 1.33937100 0.60860400 1.61343100
v 1.26864700 0.57444500 1.60916200
v 1.26905900 0.57770100 1.53873900
v 1.35179800 0.65296900 1.52540400
v 1.19785900 0.60954300 1.61678000
v 1.19886000 0.60753100 1.69147300
v 1.20203100 0.61580300 1.53873900
v 1.45667400 0.52143100 1.52901100
v 1.38871100 0.53536200 1.52198300
v 1.39268300 0.56112200 1.59292000
v 1.47002100 0.56115900 1.59637900
v 1.47334400 0.57277700 1.47152900
v 1.38947400 0.55693600 1.46668500
v 1.31280400 0.55220300 1.53364200
v 1.32915900 0.60937700 1.59285600
v 1.32493500 0.59771100 1.47247200
v 1.39458000 0.53445200 1.61325000
v 1.41228700 0.53662400 1.58113500
v 1.38246200 0.54871700 1.57183800
v 1.36169200 0.53771900 1.60133700
v 1.33981100 0.56695800 1.59704300
v 1.35235700 0.57237500 1.55831800
v 1.35790000 0.54335700 1.63941100
v 1.39113300 0.53870900 1.64984000
v 1.32814200 0.56497000 1.63262400
v 1.24961500 0.56108100 1.70245900
v 1.24461100 0.53503900 1.73584900
v 1.28831700 0.54734400 1.74148300
v 1.29181900 0.56334100 1.70466400
v 1.20732300 0.57505400 1.70778300
v 1.20676100 0.55217900 1.74409000
v 1.24931800 0.53244900 1.78041200
v 1.28679400 0.54732800 1.78504900
v 1.20735600 0.54112400 1.78420700
v 1.17973000 0.55888900 1.71061600
v 1.25442200 0.58294900 1.70433700
v 1.25429900 0.53780300 1.62518900
v 1.18147000 0.52241900 1.62873000
v 1.17778700 0.51891900 1.53869800
v 1.25442200 0.54197100 1.52921200
v 1.10503700 0.56582800 1.61295900
v 1.10503700 0.59627700 1.69502200
v 1.09997700 0.55253500 1.52592700
v 1.12170000 0.57325100 1.60454300
v 1.14566300 0.57210400 1.68727800
v 1.19677500 0.53819200 1.66204100
v 1.17840600 0.53809500 1.58965500
v 1.15561300 0.57069000 1.74995100
v 1.21268500 0.53589200 1.73498000
v 1.06237700 0.55941700 1.61892600
v 1.07934000 0.55814200 1.69162800
v 1.09365900 0.55429200 1.76492500
v 1.15245800 0.54190200 1.58802500
v 1.21090700 0.59194400 1.58521800
v 1.21781600 0.56734900 1.49661700
v 1.15730900 0.52630900 1.49901100
v 1.14313800 0.53991400 1.41113900
v 1.20333800 0.59040500 1.40487900
v 1.06782000 0.54050500 1.49855500
v 1.06695600 0.55130200 1.58606100
v 1.05662900 0.54423200 1.41103000
v 1.07999500 0.57499000 1.38160000
v 1.03485400 0.58688100 1.44546900
v 1.11012600 0.56159200 1.49229200
v 1.15354800 0.55828500 1.43156000
v 1.22591300 0.57577900 1.48203600
v 1.18245700 0.58710400 1.54937000
v 1.19509200 0.61602300 1.37947200
v 1.12233700 0.62665100 1.33080000
v 1.26905600 0.62372800 1.42704600
v 1.18305700 0.52578300 1.67107300
v 1.24150600 0.57582500 1.66826600
v 1.24841500 0.55123100 1.57966500
v 1.18790800 0.51019000 1.58205900
v 1.17373700 0.52379500 1.49418600
v 1.23393700 0.57428600 1.48792600
v 1.09841900 0.52438700 1.58160300
v 1.09755600 0.53518400 1.66910900
v 1.08722800 0.52811300 1.49407800
v 1.27932200 0.55259800 1.54458300
v 1.21753200 0.51843900 1.53316200
v 1.21430500 0.51765000 1.61927600
v 1.27919900 0.55284600 1.61927600
v 1.27747900 0.55630100 1.46989100
v 1.21229100 0.52169500 1.46989100
v 1.15635300 0.55353800 1.54458300
v 1.15735500 0.55152500 1.61927600
v 1.15323700 0.55979700 1.46989100
v 1.28597600 0.53280700 1.46129200
v 1.26012300 0.54848100 1.38813000
v 1.20761500 0.56999600 1.42530200
v 1.23228300 0.56303400 1.49528500
v 1.21520300 0.61769600 1.51356900
v 1.19618800 0.64091900 1.43320700
v 1.28098600 0.55579100 1.55620100
v 1.34021100 0.54613600 1.51444400
v 1.27637900 0.63553500 1.56564000
v 1.23166600 0.59414200 1.51283500
v 1.23919400 0.60154900 1.46310800
v 1.19256800 0.59791700 1.46319000
v 1.18637000 0.57659200 1.51073300
v 1.13948200 0.60117500 1.51412800
v 1.13632400 0.60853200 1.45781400
v 1.19220100 0.58886800 1.56256300
v 1.23827800 0.60453200 1.56256300
v 1.14021900 0.59826200 1.56593100
v 1.05498400 0.62219800 1.38415900
v 1.04934400 0.62219800 1.45806800
v 1.09802900 0.58723300 1.46373300
v 1.12458300 0.59530100 1.39289300
v 1.05022300 0.62219800 1.56024700
v 1.10220800 0.58723300 1.53197700
v 1.19418300 0.62219800 1.44742000
v 1.18574800 0.63937300 1.40252800
v 1.19418300 0.61756200 1.53197700
v 1.08704900 0.57942800 1.62647600
v 1.09369800 0.54446300 1.55046100
v 1.02187400 0.58633000 1.55687700
v 1.01314000 0.57942800 1.62647600
v 1.16095800 0.57942800 1.62647600
v 1.16095800 0.54446300 1.55687700
v 1.07640100 0.57942800 1.48727700
v 1.03715900 0.61285000 1.48727700
v 1.16095800 0.54871700 1.48727700
v 1.00149500 0.53449600 1.64868800
v 1.00071500 0.53135600 1.61184700
v 0.94969800 0.52742100 1.60796200
v 0.95203800 0.52703000 1.65656300
v 1.06862200 0.54544700 1.63251500
v 1.04503200 0.53893200 1.59885600
v 0.97367400 0.54390100 1.56205600
v 0.94411700 0.54208200 1.57716400
v 1.02965900 0.55194500 1.54827900
v 1.07423500 0.56827100 1.32557800
v 1.03453400 0.61626600 1.31822600
v 1.04695400 0.63935000 1.39410700
v 1.06168500 0.57451900 1.41057600
v 1.04258800 0.62254600 1.45140400
v 1.05972800 0.57584400 1.47411300
v 1.13695300 0.56179400 1.40930200
v 1.13919200 0.55345500 1.33460600
v 1.11899300 0.55314300 1.48278300
v 1.04242700 0.60768500 1.38066700
v 1.04556500 0.59047100 1.42054600
v 1.07878400 0.62046200 1.42224300
v 1.07929000 0.62714700 1.38210200
v 0.99715200 0.60473100 1.38156400
v 1.00250000 0.59288000 1.42328700
v 1.04541000 0.60111000 1.46407800
v 1.07195000 0.63068900 1.46404300
v 1.00303600 0.59312000 1.46510400
v 1.08525800 0.55198100 1.41424200
v 1.01007900 0.58901500 1.37719600
v 0.99656700 0.61217500 1.45125200
v 1.06660000 0.56812200 1.48453600
v 1.11089700 0.50001000 1.51427000
v 1.12757000 0.47476800 1.43967500
v 1.00680800 0.53721300 1.54432200
v 0.94240600 0.58458600 1.51137100
v 1.05725300 0.47690300 1.57766600
v 0.97391000 0.52240500 1.49991100
v 0.99658900 0.57989000 1.54460800
v 1.07196600 0.57911800 1.49071200
v 1.04533700 0.52997000 1.44462100
v 1.09436700 0.56202600 1.37710500
v 1.12046300 0.62105300 1.42088700
v 0.98433300 0.52947600 1.37741600
v 0.91807000 0.51834500 1.43450300
v 1.03823000 0.55252300 1.31190700
v 1.24470300 0.56627200 1.49402200
v 1.30553800 0.59590700 1.49748100
v 1.32094800 0.58191300 1.39312400
v 1.24674900 0.56023300 1.39047100
v 1.30355900 0.61710400 1.29819000
v 1.24109500 0.58718600 1.29810900
v 1.18240200 0.60145900 1.48766900
v 1.16484300 0.60609400 1.40497200
v 1.16534200 0.61678000 1.31932700
v 1.32616500 0.59795400 1.40101100
v 1.32341100 0.60389100 1.35101300
v 1.27837200 0.60098000 1.35220100
v 1.27475600 0.58388800 1.39921600
v 1.23091900 0.60359100 1.40211600
v 1.22822100 0.60948700 1.35036700
v 1.27805800 0.59372700 1.44553000
v 1.32065700 0.60628200 1.44553000
v 1.23154700 0.60125600 1.44840700
v 1.35873400 0.60197900 1.50624300
v 1.41779800 0.57646900 1.51124000
v 1.41899200 0.55815100 1.43290900
v 1.34639300 0.55735000 1.43550000
v 1.38864300 0.52941800 1.39093500
v 1.33212200 0.52988000 1.38091800
v 1.32681900 0.65124600 1.47855800
v 1.31683800 0.61967300 1.41201400
v 1.29367600 0.57374400 1.35847100
v 1.16986200 0.56629600 1.38316700
v 1.17129200 0.52769100 1.32670200
v 1.08610600 0.53980900 1.32822600
v 1.09634200 0.57809700 1.38693600
v 1.24360600 0.55612400 1.37737600
v 1.23340300 0.51808000 1.31836500
v 1.15765700 0.53134800 1.26863800
v 1.08400900 0.54221700 1.27356400
v 1.23154500 0.52223100 1.26153800
v 1.35420600 0.52829500 1.72129500
v 1.30155500 0.52320900 1.67153000
v 1.25013300 0.52856000 1.74044900
v 1.31193100 0.53264200 1.78269800
v 1.39675100 0.52829800 1.65974900
v 1.33499400 0.52486500 1.61747900
v 1.26598300 0.58086200 1.65656400
v 1.22355300 0.58272000 1.71804900
v 1.30870200 0.58367900 1.59492600
v 1.18337200 0.54921500 1.34981500
v 1.14539500 0.56769300 1.28313100
v 1.07256700 0.53003900 1.32396500
v 1.10770600 0.52026300 1.38910100
v 1.02889200 0.52517400 1.43262300
v 0.98713000 0.54278500 1.36575800
v 1.13023400 0.57081800 1.45851300
v 1.20496900 0.59364400 1.41836500
v 1.05421600 0.56585600 1.50317600
v 1.14525300 0.54332900 1.37194800
v 1.14520300 0.60511700 1.41584900
v 1.23350700 0.58403700 1.43267500
v 1.23402400 0.53052600 1.38447800
v 1.32238700 0.54175200 1.37099900
v 1.32570600 0.60441800 1.41662900
v 1.23845700 0.52412300 1.29408100
v 1.15103300 0.53319100 1.28671500
v 1.32638100 0.52642900 1.28601800
v 1.31363100 0.52018100 1.32567800
v 1.27412400 0.58002600 1.30046300
v 1.23864200 0.58012400 1.38606800
v 1.28271200 0.52840600 1.41047800
v 1.27864300 0.55981300 1.49410000
v 1.23681200 0.62129200 1.47148800
v 1.36986800 0.52323200 1.43521100
v 1.39525500 0.51170300 1.35157500
v 1.36009500 0.54589700 1.51959600
v 1.02290800 0.56410600 1.67016300
v 1.05139600 0.56977800 1.69257000
v 1.06825700 0.56303800 1.66416900
v 1.03993500 0.54813600 1.64456700
v 1.05625900 0.56033100 1.61238800
v 1.09275200 0.56498300 1.63066500
v 1.00623700 0.55692300 1.62793200
v 0.99013400 0.57169800 1.65494500
v 1.02368000 0.55844100 1.59391600
v 1.15895100 0.50383100 1.51165100
v 1.16917700 0.52711100 1.43695900
v 1.10179900 0.51657200 1.43708200
v 1.08780100 0.50129700 1.50849400
v 1.03800000 0.53787900 1.51359400
v 1.05280900 0.57219200 1.43695900
v 1.09567200 0.49711300 1.58634400
v 1.16399100 0.52171900 1.58634400
v 1.04619600 0.56257700 1.59140300
v 1.32132200 0.55514600 1.46488800
v 1.24778400 0.57842100 1.44827900
v 1.24212500 0.56791400 1.51542500
v 1.31207200 0.55264500 1.53550700
v 1.31288100 0.58925000 1.58554100
v 1.23780200 0.62355700 1.56419300
v 1.39030900 0.54845700 1.53434600
v 1.39617200 0.57303200 1.46626600
v 1.39110800 0.61394500 1.58403800
v 1.42184000 0.54544900 1.41262600
v 1.38842800 0.54580900 1.35660300
v 1.32145300 0.56088300 1.39307000
v 1.34625200 0.54316900 1.45382200
v 1.28252100 0.55324200 1.43696800
v 1.29429900 0.54350600 1.49047300
v 1.38286500 0.57183000 1.49815500
v 1.44728400 0.56885000 1.45960000
v 1.32172500 0.56139800 1.53977200
v 1.29153300 0.58156500 1.60972400
v 1.28137000 0.55909100 1.67526700
v 1.35340000 0.54416700 1.67075400
v 1.35151700 0.52944100 1.58729700
v 1.42543000 0.52924200 1.66624200
v 1.41706700 0.51422100 1.58936400
v 1.34302200 0.58184900 1.53747300
v 1.31277200 0.62111200 1.54934400
v 1.41808500 0.53597600 1.52360400
v 1.16249300 0.64297900 1.57850500
v 1.12062300 0.63228900 1.63410600
v 1.17769600 0.59391800 1.65706700
v 1.20121400 0.57226900 1.57878200
v 1.23476900 0.55554600 1.68002800
v 1.25021500 0.53646700 1.60530200
v 1.23323500 0.61858400 1.53172000
v 1.21864300 0.66634000 1.53263100
v 1.28409500 0.54952100 1.54595000
v 1.16493200 0.55224000 1.62877700
v 1.12306200 0.54155100 1.68437700
v 1.18013500 0.50317900 1.70733800
v 1.20365300 0.48153000 1.62905300
v 1.23720800 0.46480700 1.73030000
v 1.25265300 0.44572800 1.65557300
v 1.23567400 0.52784500 1.58199100
v 1.22108100 0.57560100 1.58290200
v 1.28653400 0.45878300 1.59622100
v 1.26458300 0.58156500 1.48892400
v 1.25442000 0.55909100 1.55446700
v 1.32645000 0.54416700 1.54995400
v 1.32456700 0.52944100 1.46649700
v 1.39848000 0.52924200 1.54544200
v 1.39011800 0.51422100 1.46856400
v 1.31607300 0.58184900 1.41667300
v 1.28582300 0.62111200 1.42854400
v 1.39113500 0.53597600 1.40280400
v 1.19923800 0.54523500 1.52427100
v 1.15736800 0.53454600 1.57987200
v 1.21444200 0.49617400 1.60283300
v 1.23795900 0.47452500 1.52454700
v 1.27151400 0.45780200 1.62579400
v 1.28696000 0.43872300 1.55106800
v 1.26998000 0.52084000 1.47748600
v 1.25538800 0.56859600 1.47839600
v 1.32084000 0.45177700 1.49171600
v 1.06308300 0.55194600 1.65959000
v 1.04219400 0.52616200 1.66997100
v 1.07292400 0.52593900 1.72099700
v 1.09096900 0.55473000 1.71349100
v 1.01464100 0.56332700 1.62391700
v 0.99722200 0.53386700 1.63364000
v 0.99575200 0.51603000 1.70327700
v 1.02870800 0.51480300 1.75093100
v 0.95421100 0.52056500 1.66349700
v 8.52339700 0.56036500 1.58166700
v 8.46875100 0.52490200 1.55236200
v 8.42340300 0.55854200 1.61624100
v 8.48653800 0.59038600 1.63817700
v 8.55958600 0.53391900 1.52258000
v 8.49635000 0.50260700 1.50026000
v 8.42051100 0.56121500 1.51431700
v 8.38403600 0.58919200 1.57230100
v 8.45626500 0.53708200 1.45356200
v 8.40228000 0.55763200 1.64350600
v 8.40023400 0.57729700 1.74511100
v 8.46107000 0.60709300 1.74407200
v 8.47647900 0.57944600 1.64286700
v 8.45909100 0.60173700 1.54358200
v 8.39662700 0.57210700 1.54800900
v 8.33793300 0.61129300 1.73352200
v 8.32037400 0.60495100 1.65095300
v 8.32087400 0.60420900 1.56455600
v 8.31614400 0.57780500 1.66243300
v 8.31915900 0.56630400 1.58406700
v 8.25162000 0.56485300 1.59418900
v 8.24514400 0.58254100 1.66604300
v 8.19954000 0.62294500 1.65650600
v 8.20777600 0.61990200 1.57074200
v 8.26201700 0.61019800 1.73665600
v 8.33167800 0.62408100 1.71976800
v 8.21914200 0.67619400 1.71308500
v 8.34218600 0.55348300 1.78628300
v 8.41368700 0.58294700 1.77216500
v 8.39265000 0.57176300 1.70828000
v 8.32226800 0.55050500 1.71792500
v 8.29788500 0.58602000 1.67321300
v 8.37168200 0.62668100 1.66301700
v 8.25190300 0.53998300 1.75056100
v 8.27182600 0.56517800 1.81565500
v 8.22498400 0.60427300 1.70671600
v 8.40526800 0.52983100 1.80288800
v 8.46689000 0.53605100 1.78254400
v 8.44359100 0.56477900 1.71157900
v 8.38133600 0.53062000 1.72010400
v 8.40995900 0.55347300 1.66313300
v 8.35652300 0.53387600 1.66166600
v 8.32682100 0.57228200 1.75012900
v 8.35118800 0.56370600 1.82074200
v 8.30044600 0.55843300 1.68017900
v 8.29151900 0.57725500 1.70576200
v 8.23567400 0.53672000 1.72270500
v 8.28561200 0.51727000 1.78980100
v 8.33695200 0.56172000 1.76268100
v 8.24451500 0.59625100 1.65119600
v 8.19294100 0.55231700 1.67866600
v 8.19403700 0.55783300 1.77780200
v 8.24036800 0.54031800 1.83337500
v 8.14601700 0.57906800 1.72475900
v 8.32788400 0.58674300 1.57861300
v 8.29056600 0.60024400 1.49511900
v 8.21590000 0.62169100 1.55944200
v 8.25025200 0.58753100 1.62141000
v 8.19060800 0.59078700 1.65885600
v 8.13495400 0.66605600 1.59619600
v 8.29466900 0.62263000 1.67705300
v 8.35715800 0.62061800 1.63612500
v 8.22657800 0.62889000 1.71541400
v 8.24999800 0.58213400 1.49910500
v 8.26022500 0.60541400 1.42441300
v 8.19284600 0.59487500 1.42453600
v 8.17884800 0.57960000 1.49594700
v 8.12904700 0.61618100 1.50104700
v 8.14385700 0.65049500 1.42441300
v 8.18671900 0.57541600 1.57379700
v 8.25503800 0.60002200 1.57379700
v 8.13724400 0.64088000 1.57885700
v 8.15718400 0.57707700 1.52423200
v 8.14631000 0.54399300 1.51618300
v 8.14186500 0.53125100 1.56633300
v 8.16749600 0.56949600 1.57322100
v 8.13848000 0.58402000 1.45709300
v 8.13197600 0.54716600 1.47158500
v 8.08481900 0.51726000 1.54106600
v 8.08974600 0.52419000 1.57376300
v 8.07171600 0.52149400 1.48444400
v 8.19143300 0.55211100 1.70023800
v 8.26558500 0.57813200 1.69743100
v 8.26220700 0.55289800 1.60883000
v 8.18972800 0.53594900 1.61122400
v 8.18199400 0.55352200 1.52335200
v 8.25794900 0.57934800 1.51709100
v 8.11234200 0.58037600 1.61076800
v 8.11583700 0.59069600 1.69827500
v 8.10344100 0.58774200 1.52324300
v 8.38691900 0.59948300 1.34891400
v 8.36188100 0.66666200 1.32637400
v 8.27761900 0.63089400 1.33176500
v 8.30242600 0.57068300 1.36073600
v 8.22363300 0.55991800 1.40307900
v 8.19473600 0.62754100 1.38023100
v 8.33096900 0.54648800 1.44293300
v 8.41299600 0.57242400 1.42573000
v 8.25208900 0.52835100 1.47764300
v 8.50229300 0.59282300 1.50914800
v 8.51253200 0.61609800 1.43445500
v 8.44514800 0.60559100 1.43457800
v 8.43114100 0.59032200 1.50599000
v 8.38136000 0.62692700 1.51109000
v 8.39618800 0.66123300 1.43445500
v 8.43901100 0.58613400 1.58384000
v 8.50734300 0.61070800 1.58384000
v 8.38957000 0.65162200 1.58890000
v 8.44826800 0.54741900 1.65182200
v 8.50671700 0.59746100 1.64901500
v 8.51362600 0.57286600 1.56041400
v 8.45311900 0.53182600 1.56280900
v 8.43894800 0.54543100 1.47493600
v 8.49914800 0.59592200 1.46867600
v 8.36363000 0.54602200 1.56235200
v 8.36276600 0.55681900 1.64985900
v 8.35243900 0.54974900 1.47482800
v 8.40861300 0.57917300 1.69763500
v 8.49909200 0.59267500 1.71095300
v 8.48488500 0.61412100 1.61343100
v 8.41416100 0.57996200 1.60916200
v 8.41457300 0.58321800 1.53873900
v 8.49731200 0.65848700 1.52540400
v 8.34337300 0.61506100 1.61678000
v 8.34437400 0.61304800 1.69147300
v 8.34754500 0.62132000 1.53873900
v 8.60218800 0.52694800 1.52901100
v 8.53422500 0.54087900 1.52198300
v 8.53819700 0.56664000 1.59292000
v 8.61553500 0.56667600 1.59637900
v 8.61885800 0.57829500 1.47152900
v 8.53498800 0.56245300 1.46668500
v 8.45831800 0.55772000 1.53364200
v 8.47467300 0.61489400 1.59285600
v 8.47044900 0.60322800 1.47247200
v 8.54009400 0.53996900 1.61325000
v 8.55780100 0.54214100 1.58113500
v 8.52797500 0.55423400 1.57183800
v 8.50720600 0.54323600 1.60133700
v 8.48532500 0.57247500 1.59704300
v 8.49787100 0.57789200 1.55831800
v 8.50341400 0.54887400 1.63941100
v 8.53664700 0.54422600 1.64984000
v 8.47365600 0.57048700 1.63262400
v 8.39512900 0.56659800 1.70245900
v 8.39012500 0.54055600 1.73584900
v 8.43383100 0.55286100 1.74148300
v 8.43733300 0.56885800 1.70466400
v 8.35283700 0.58057100 1.70778300
v 8.35227500 0.55769600 1.74409000
v 8.39483200 0.53796600 1.78041200
v 8.43230800 0.55284500 1.78504900
v 8.35287000 0.54664100 1.78420700
v 8.32524400 0.56440600 1.71061600
v 8.39993600 0.58846700 1.70433700
v 8.39981300 0.54332000 1.62518900
v 8.32698400 0.52793600 1.62873000
v 8.32330100 0.52443700 1.53869800
v 8.39993600 0.54748800 1.52921200
v 8.25055100 0.57134500 1.61295900
v 8.25055100 0.60179400 1.69502200
v 8.24549100 0.55805200 1.52592700
v 8.26721400 0.57876800 1.60454300
v 8.29117700 0.57762100 1.68727800
v 8.34228900 0.54370900 1.66204100
v 8.32392000 0.54361200 1.58965500
v 8.30112700 0.57620700 1.74995100
v 8.35819900 0.54140900 1.73498000
v 8.20789100 0.56493400 1.61892600
v 8.22485400 0.56366000 1.69162800
v 8.23917300 0.55980900 1.76492500
v 8.29797200 0.54741900 1.58802500
v 8.35642100 0.59746100 1.58521800
v 8.36333000 0.57286600 1.49661700
v 8.30282300 0.53182600 1.49901100
v 8.28865200 0.54543100 1.41113900
v 8.34885200 0.59592200 1.40487900
v 8.21333400 0.54602200 1.49855500
v 8.21247000 0.55681900 1.58606100
v 8.20214300 0.54974900 1.41103000
v 8.22550800 0.58050700 1.38160000
v 8.18036700 0.59239800 1.44546900
v 8.25564000 0.56710900 1.49229200
v 8.29906200 0.56380200 1.43156000
v 8.37142700 0.58129600 1.48203600
v 8.32797100 0.59262100 1.54937000
v 8.34060500 0.62154000 1.37947200
v 8.26785100 0.63216800 1.33080000
v 8.41457000 0.62924500 1.42704600
v 8.32857100 0.53130000 1.67107300
v 8.38702000 0.58134200 1.66826600
v 8.39392900 0.55674800 1.57966500
v 8.33342200 0.51570800 1.58205900
v 8.31925100 0.52931200 1.49418600
v 8.37945100 0.57980300 1.48792600
v 8.24393300 0.52990400 1.58160300
v 8.24306900 0.54070100 1.66910900
v 8.23274200 0.53363000 1.49407800
v 8.42483600 0.55811500 1.54458300
v 8.36304600 0.52395600 1.53316200
v 8.35981900 0.52316700 1.61927600
v 8.42471300 0.55836300 1.61927600
v 8.42299300 0.56181800 1.46989100
v 8.35780500 0.52721200 1.46989100
v 8.30186600 0.55905500 1.54458300
v 8.30286900 0.55704200 1.61927600
v 8.29875100 0.56531400 1.46989100
v 8.43149000 0.53832400 1.46129200
v 8.40563700 0.55399800 1.38813000
v 8.35312900 0.57551300 1.42530200
v 8.37779700 0.56855100 1.49528500
v 8.36071700 0.62321300 1.51356900
v 8.34170200 0.64643600 1.43320700
v 8.42650000 0.56130800 1.55620100
v 8.48572500 0.55165300 1.51444400
v 8.42189300 0.64105200 1.56564000
v 8.37718000 0.59965900 1.51283500
v 8.38470800 0.60706600 1.46310800
v 8.33808200 0.60343400 1.46319000
v 8.33188400 0.58210900 1.51073300
v 8.28499600 0.60669200 1.51412800
v 8.28183800 0.61404900 1.45781400
v 8.33771500 0.59438500 1.56256300
v 8.38379200 0.61004900 1.56256300
v 8.28573200 0.60377900 1.56593100
v 8.20049700 0.62771500 1.38415900
v 8.19485800 0.62771500 1.45806800
v 8.24354300 0.59275000 1.46373300
v 8.27009700 0.60081800 1.39289300
v 8.19573700 0.62771500 1.56024700
v 8.24772200 0.59275000 1.53197700
v 8.33969700 0.62771500 1.44742000
v 8.33126200 0.64489000 1.40252800
v 8.33969700 0.62308000 1.53197700
v 8.23256300 0.58494500 1.62647600
v 8.23921100 0.54998000 1.55046100
v 8.16738800 0.59184800 1.55687700
v 8.15865400 0.58494500 1.62647600
v 8.30647200 0.58494500 1.62647600
v 8.30647200 0.54998000 1.55687700
v 8.22191500 0.58494500 1.48727700
v 8.18267300 0.61836700 1.48727700
v 8.30647200 0.55423400 1.48727700
v 8.14700900 0.54001300 1.64868800
v 8.14622900 0.53687300 1.61184700
v 8.09521200 0.53293800 1.60796200
v 8.09755200 0.53254800 1.65656300
v 8.21413600 0.55096400 1.63251500
v 8.19054600 0.54444900 1.59885600
v 8.11918800 0.54941800 1.56205600
v 8.08963100 0.54759900 1.57716400
v 8.17517300 0.55746200 1.54827900
v 8.21974900 0.57378900 1.32557800
v 8.18004800 0.62178300 1.31822600
v 8.19246800 0.64486700 1.39410700
v 8.20719800 0.58003600 1.41057600
v 8.18810200 0.62806300 1.45140400
v 8.20524200 0.58136100 1.47411300
v 8.28246700 0.56731100 1.40930200
v 8.28470600 0.55897200 1.33460600
v 8.26450700 0.55866000 1.48278300
v 8.18794100 0.61320200 1.38066700
v 8.19107800 0.59598800 1.42054600
v 8.22429800 0.62597900 1.42224300
v 8.22480400 0.63266400 1.38210200
v 8.14266600 0.61024800 1.38156400
v 8.14801400 0.59839700 1.42328700
v 8.19092400 0.60662700 1.46407800
v 8.21746400 0.63620600 1.46404300
v 8.14855000 0.59863700 1.46510400
v 8.23077200 0.55749800 1.41424200
v 8.15559300 0.59453300 1.37719600
v 8.14208100 0.61769200 1.45125200
v 8.21211400 0.57363900 1.48453600
v 8.25641100 0.50552700 1.51427000
v 8.27308300 0.48028500 1.43967500
v 8.15232200 0.54273000 1.54432200
v 8.08792000 0.59010300 1.51137100
v 8.20276700 0.48242000 1.57766600
v 8.11942400 0.52792200 1.49991100
v 8.14210300 0.58540700 1.54460800
v 8.21748000 0.58463500 1.49071200
v 8.19085100 0.53548700 1.44462100
v 8.23988100 0.56754300 1.37710500
v 8.26597700 0.62657000 1.42088700
v 8.12984700 0.53499300 1.37741600
v 8.06358400 0.52386200 1.43450300
v 8.18374400 0.55804000 1.31190700
v 8.39021700 0.57178900 1.49402200
v 8.45105200 0.60142400 1.49748100
v 8.46646200 0.58743000 1.39312400
v 8.39226300 0.56575000 1.39047100
v 8.44907300 0.62262100 1.29819000
v 8.38660900 0.59270300 1.29810900
v 8.32791600 0.60697600 1.48766900
v 8.31035600 0.61161100 1.40497200
v 8.31085600 0.62229700 1.31932700
v 8.47167800 0.60347200 1.40101100
v 8.46892500 0.60940800 1.35101300
v 8.42388600 0.60649700 1.35220100
v 8.42027000 0.58940600 1.39921600
v 8.37643200 0.60910900 1.40211600
v 8.37373500 0.61500500 1.35036700
v 8.42357200 0.59924400 1.44553000
v 8.46617100 0.61179900 1.44553000
v 8.37706100 0.60677300 1.44840700
v 8.50424700 0.60749600 1.50624300
v 8.56331200 0.58198600 1.51124000
v 8.56450600 0.56366900 1.43290900
v 8.49190700 0.56286700 1.43550000
v 8.53415600 0.53493500 1.39093500
v 8.47763600 0.53539700 1.38091800
v 8.47233300 0.65676300 1.47855800
v 8.46235200 0.62519000 1.41201400
v 8.43918900 0.57926100 1.35847100
v 8.31537600 0.57181300 1.38316700
v 8.31680500 0.53320800 1.32670200
v 8.23162000 0.54532700 1.32822600
v 8.24185500 0.58361400 1.38693600
v 8.38912000 0.56164100 1.37737600
v 8.37891700 0.52359700 1.31836500
v 8.30317100 0.53686500 1.26863800
v 8.22952300 0.54773400 1.27356400
v 8.37705900 0.52774800 1.26153800
v 8.49972000 0.53381200 1.72129500
v 8.44706900 0.52872600 1.67153000
v 8.39564700 0.53407700 1.74044900
v 8.45744400 0.53815900 1.78269800
v 8.54226500 0.53381500 1.65974900
v 8.48050800 0.53038200 1.61747900
v 8.41149700 0.58637900 1.65656400
v 8.36906700 0.58823700 1.71804900
v 8.45421600 0.58919600 1.59492600
v 8.32888600 0.55473200 1.34981500
v 8.29090900 0.57321000 1.28313100
v 8.21808100 0.53555600 1.32396500
v 8.25322000 0.52578000 1.38910100
v 8.17440600 0.53069100 1.43262300
v 8.13264300 0.54830200 1.36575800
v 8.27574800 0.57633500 1.45851300
v 8.35048300 0.59916100 1.41836500
v 8.19973000 0.57137300 1.50317600
v 8.29076700 0.54884600 1.37194800
v 8.29071700 0.61063400 1.41584900
v 8.37902100 0.58955400 1.43267500
v 8.37953800 0.53604300 1.38447800
v 8.46790100 0.54726900 1.37099900
v 8.47121900 0.60993500 1.41662900
v 8.38397100 0.52964000 1.29408100
v 8.29654700 0.53870800 1.28671500
v 8.47189500 0.53194600 1.28601800
v 8.45914500 0.52569800 1.32567800
v 8.41963800 0.58554300 1.30046300
v 8.38415600 0.58564100 1.38606800
v 8.42822600 0.53392300 1.41047800
v 8.42415600 0.56533000 1.49410000
v 8.38232500 0.62680900 1.47148800
v 8.51538100 0.52874900 1.43521100
v 8.54076900 0.51722000 1.35157500
v 8.50560900 0.55141400 1.51959600
v 8.16842200 0.56962300 1.67016300
v 8.19691000 0.57529500 1.69257000
v 8.21377100 0.56855500 1.66416900
v 8.18544900 0.55365300 1.64456700
v 8.20177300 0.56584800 1.61238800
v 8.23826600 0.57050000 1.63066500
v 8.15175100 0.56244000 1.62793200
v 8.13564800 0.57721500 1.65494500
v 8.16919400 0.56395800 1.59391600
v 8.30446500 0.50934800 1.51165100
v 8.31469100 0.53262800 1.43695900
v 8.24731300 0.52208900 1.43708200
v 8.23331500 0.50681400 1.50849400
v 8.18351400 0.54339600 1.51359400
v 8.19832300 0.57770900 1.43695900
v 8.24118600 0.50263000 1.58634400
v 8.30950500 0.52723700 1.58634400
v 8.19171000 0.56809400 1.59140300
v 8.46683600 0.56066300 1.46488800
v 8.39329800 0.58393800 1.44827900
v 8.38763900 0.57343100 1.51542500
v 8.45758500 0.55816200 1.53550700
v 8.45839500 0.59476700 1.58554100
v 8.38331500 0.62907400 1.56419300
v 8.53582300 0.55397400 1.53434600
v 8.54168600 0.57854900 1.46626600
v 8.53662200 0.61946200 1.58403800
v 8.56735400 0.55096600 1.41262600
v 8.53394200 0.55132600 1.35660300
v 8.46696700 0.56640000 1.39307000
v 8.49176600 0.54868600 1.45382200
v 8.42803500 0.55875900 1.43696800
v 8.43981300 0.54902300 1.49047300
v 8.52837900 0.57734700 1.49815500
v 8.59279800 0.57436700 1.45960000
v 8.46723900 0.56691600 1.53977200
v 8.43704700 0.58708200 1.60972400
v 8.42688400 0.56460800 1.67526700
v 8.49891400 0.54968400 1.67075400
v 8.49703100 0.53495800 1.58729700
v 8.57094400 0.53476000 1.66624200
v 8.56258100 0.51973900 1.58936400
v 8.48853600 0.58736600 1.53747300
v 8.45828600 0.62662900 1.54934400
v 8.56359900 0.54149300 1.52360400
v 8.30800700 0.64849600 1.57850500
v 8.26613700 0.63780600 1.63410600
v 8.32321000 0.59943500 1.65706700
v 8.34672800 0.57778600 1.57878200
v 8.38028300 0.56106300 1.68002800
v 8.39572900 0.54198400 1.60530200
v 8.37874900 0.62410100 1.53172000
v 8.36415600 0.67185700 1.53263100
v 8.42960900 0.55503800 1.54595000
v 8.31044600 0.55775700 1.62877700
v 8.26857500 0.54706800 1.68437700
v 8.32564900 0.50869600 1.70733800
v 8.34916700 0.48704800 1.62905300
v 8.38272200 0.47032400 1.73030000
v 8.39816700 0.45124500 1.65557300
v 8.38118800 0.53336200 1.58199100
v 8.36659500 0.58111800 1.58290200
v 8.43204800 0.46430000 1.59622100
v 8.41009700 0.58708200 1.48892400
v 8.39993400 0.56460800 1.55446700
v 8.47196400 0.54968400 1.54995400
v 8.47008100 0.53495800 1.46649700
v 8.54399400 0.53476000 1.54544200
v 8.53563200 0.51973900 1.46856400
v 8.46158700 0.58736600 1.41667300
v 8.43133700 0.62662900 1.42854400
v 8.53664900 0.54149300 1.40280400
v 8.34475200 0.55075200 1.52427100
v 8.30288200 0.54006300 1.57987200
v 8.35995500 0.50169100 1.60283300
v 8.38347300 0.48004200 1.52454700
v 8.41702800 0.46331900 1.62579400
v 8.43247400 0.44424000 1.55106800
v 8.41549400 0.52635700 1.47748600
v 8.40090100 0.57411300 1.47839600
v 8.46635400 0.45729400 1.49171600
v 8.20859700 0.55746300 1.65959000
v 8.18770800 0.53167900 1.66997100
v 8.21843800 0.53145600 1.72099700
v 8.23648300 0.56024700 1.71349100
v 8.16015400 0.56884400 1.62391700
v 8.14273600 0.53938400 1.63364000
v 8.14126600 0.52154700 1.70327700
v 8.17422200 0.52032000 1.75093100
v 8.09972500 0.52608300 1.66349700
v 8.52339700 0.59375400 -2.18727700
v 8.46875100 0.55829100 -2.21658200
v 8.42340300 0.59193000 -2.15270300
v 8.48653800 0.62377500 -2.13076700
v 8.55958600 0.56730700 -2.24636400
v 8.49635000 0.53599600 -2.26868400
v 8.42051100 0.59460400 -2.25462700
v 8.38403600 0.62258000 -2.19664300
v 8.45626500 0.57047000 -2.31538300
v 8.40228000 0.59102100 -2.12543800
v 8.40023400 0.61068600 -2.02383300
v 8.46107000 0.64048200 -2.02487200
v 8.47647900 0.61283500 -2.12607700
v 8.45909100 0.63512500 -2.22536300
v 8.39662700 0.60549600 -2.22093500
v 8.33793300 0.64468100 -2.03542200
v 8.32037400 0.63833900 -2.11799100
v 8.32087400 0.63759800 -2.20438800
v 8.31614400 0.61119300 -2.10651100
v 8.31915900 0.59969200 -2.18487700
v 8.25162000 0.59824100 -2.17475500
v 8.24514400 0.61592900 -2.10290100
v 8.19954000 0.65633400 -2.11243800
v 8.20777600 0.65329000 -2.19820300
v 8.26201700 0.64358600 -2.03228800
v 8.33167800 0.65746900 -2.04917600
v 8.21914200 0.70958200 -2.05585900
v 8.34218600 0.58687200 -1.98266100
v 8.41368700 0.61633600 -1.99677900
v 8.39265000 0.60515200 -2.06066400
v 8.32226800 0.58389400 -2.05101900
v 8.29788500 0.61940900 -2.09573100
v 8.37168200 0.66006900 -2.10592800
v 8.25190300 0.57337100 -2.01838300
v 8.27182600 0.59856600 -1.95328900
v 8.22498400 0.63766100 -2.06222800
v 8.40526800 0.56322000 -1.96605600
v 8.46689000 0.56943900 -1.98640000
v 8.44359100 0.59816800 -2.05736600
v 8.38133600 0.56400800 -2.04884000
v 8.40995900 0.58686100 -2.10581100
v 8.35652300 0.56726400 -2.10727800
v 8.32682100 0.60567100 -2.01881500
v 8.35118800 0.59709500 -1.94820200
v 8.30044600 0.59182100 -2.08876500
v 8.29151900 0.61064400 -2.06318200
v 8.23567400 0.57010800 -2.04623900
v 8.28561200 0.55065900 -1.97914300
v 8.33695200 0.59510800 -2.00626300
v 8.24451500 0.62963900 -2.11774800
v 8.19294100 0.58570600 -2.09027800
v 8.19403700 0.59122100 -1.99114300
v 8.24036800 0.57370700 -1.93556900
v 8.14601700 0.61245700 -2.04418500
v 8.32788400 0.62013100 -2.19033100
v 8.29056600 0.63363300 -2.27382500
v 8.21590000 0.65507900 -2.20950200
v 8.25025200 0.62092000 -2.14753400
v 8.19060800 0.62417600 -2.11008800
v 8.13495400 0.69944500 -2.17274800
v 8.29466900 0.65601900 -2.09189100
v 8.35715800 0.65400600 -2.13282000
v 8.22657800 0.66227800 -2.05353000
v 8.24999800 0.61552200 -2.26983900
v 8.26022500 0.63880300 -2.34453200
v 8.19284600 0.62826400 -2.34440900
v 8.17884800 0.61298800 -2.27299700
v 8.12904700 0.64957000 -2.26789700
v 8.14385700 0.68388300 -2.34453200
v 8.18671900 0.60880400 -2.19514700
v 8.25503800 0.63341100 -2.19514700
v 8.13724400 0.67426900 -2.19008700
v 8.15718400 0.61046500 -2.24471200
v 8.14631000 0.57738200 -2.25276200
v 8.14186500 0.56464000 -2.20261100
v 8.16749600 0.60288500 -2.19572300
v 8.13848000 0.61740800 -2.31185100
v 8.13197600 0.58055400 -2.29735900
v 8.08481900 0.55064800 -2.22787900
v 8.08974600 0.55757900 -2.19518100
v 8.07171600 0.55488200 -2.28450000
v 8.19143300 0.58550000 -2.06870600
v 8.26558500 0.61152100 -2.07151300
v 8.26220700 0.58628600 -2.16011400
v 8.18972800 0.56933700 -2.15772000
v 8.18199400 0.58691000 -2.24559200
v 8.25794900 0.61273600 -2.25185300
v 8.11234200 0.61376400 -2.15817600
v 8.11583700 0.62408400 -2.07067000
v 8.10344100 0.62113100 -2.24570100
v 8.38691900 0.63287100 -2.42003000
v 8.36188100 0.70005100 -2.44257000
v 8.27761900 0.66428300 -2.43717900
v 8.30242600 0.60407200 -2.40820800
v 8.22363300 0.59330700 -2.36586500
v 8.19473600 0.66093000 -2.38871300
v 8.33096900 0.57987700 -2.32601100
v 8.41299600 0.60581300 -2.34321400
v 8.25208900 0.56174000 -2.29130100
v 8.50229300 0.62621100 -2.25979600
v 8.51253200 0.64948600 -2.33448900
v 8.44514800 0.63897900 -2.33436600
v 8.43114100 0.62371000 -2.26295400
v 8.38136000 0.66031500 -2.25785400
v 8.39618800 0.69462200 -2.33448900
v 8.43901100 0.61952300 -2.18510400
v 8.50734300 0.64409700 -2.18510400
v 8.38957000 0.68501000 -2.18004400
v 8.44826800 0.58080700 -2.11712200
v 8.50671700 0.63084900 -2.11992900
v 8.51362600 0.60625500 -2.20853000
v 8.45311900 0.56521500 -2.20613600
v 8.43894800 0.57881900 -2.29400800
v 8.49914800 0.62931000 -2.30026800
v 8.36363000 0.57941100 -2.20659200
v 8.36276600 0.59020800 -2.11908500
v 8.35243900 0.58313700 -2.29411600
v 8.40861300 0.61256200 -2.07130900
v 8.49909200 0.62606300 -2.05799100
v 8.48488500 0.64751000 -2.15551300
v 8.41416100 0.61335000 -2.15978200
v 8.41457300 0.61660600 -2.23020500
v 8.49731200 0.69187500 -2.24354000
v 8.34337300 0.64844900 -2.15216400
v 8.34437400 0.64643700 -2.07747100
v 8.34754500 0.65470900 -2.23020500
v 8.60218800 0.56033700 -2.23993300
v 8.53422500 0.57426800 -2.24696100
v 8.53819700 0.60002800 -2.17602400
v 8.61553500 0.60006400 -2.17256500
v 8.61885800 0.61168300 -2.29741500
v 8.53498800 0.59584100 -2.30225900
v 8.45831800 0.59110800 -2.23530200
v 8.47467300 0.64828300 -2.17608800
v 8.47044900 0.63661700 -2.29647200
v 8.54009400 0.57335700 -2.15569400
v 8.55780100 0.57553000 -2.18780900
v 8.52797500 0.58762300 -2.19710600
v 8.50720600 0.57662500 -2.16760700
v 8.48532500 0.60586300 -2.17190100
v 8.49787100 0.61128000 -2.21062600
v 8.50341400 0.58226200 -2.12953300
v 8.53664700 0.57761500 -2.11910400
v 8.47365600 0.60387500 -2.13632000
v 8.39512900 0.59998600 -2.06648500
v 8.39012500 0.57394400 -2.03309500
v 8.43383100 0.58624900 -2.02746100
v 8.43733300 0.60224600 -2.06428000
v 8.35283700 0.61396000 -2.06116100
v 8.35227500 0.59108400 -2.02485400
v 8.39483200 0.57135500 -1.98853200
v 8.43230800 0.58623400 -1.98389500
v 8.35287000 0.58003000 -1.98473700
v 8.32524400 0.59779500 -2.05832800
v 8.39993600 0.62185500 -2.06460800
v 8.39981300 0.57670800 -2.14375500
v 8.32698400 0.56132500 -2.14021400
v 8.32330100 0.55782500 -2.23024600
v 8.39993600 0.58087700 -2.23973200
v 8.25055100 0.60473400 -2.15598500
v 8.25055100 0.63518300 -2.07392200
v 8.24549100 0.59144000 -2.24301700
v 8.26721400 0.61215600 -2.16440000
v 8.29117700 0.61101000 -2.08166600
v 8.34228900 0.57709700 -2.10690300
v 8.32392000 0.57700100 -2.17928900
v 8.30112700 0.60959600 -2.01899300
v 8.35819900 0.57479700 -2.03396400
v 8.20789100 0.59832200 -2.15001800
v 8.22485400 0.59704800 -2.07731600
v 8.23917300 0.59319700 -2.00401900
v 8.29797200 0.58080700 -2.18091900
v 8.35642100 0.63084900 -2.18372600
v 8.36333000 0.60625500 -2.27232700
v 8.30282300 0.56521500 -2.26993300
v 8.28865200 0.57881900 -2.35780600
v 8.34885200 0.62931000 -2.36406600
v 8.21333400 0.57941100 -2.27038900
v 8.21247000 0.59020800 -2.18288300
v 8.20214300 0.58313700 -2.35791400
v 8.22550800 0.61389600 -2.38734400
v 8.18036700 0.62578700 -2.32347500
v 8.25564000 0.60049800 -2.27665300
v 8.29906200 0.59719000 -2.33738400
v 8.37142700 0.61468500 -2.28690800
v 8.32797100 0.62600900 -2.21957400
v 8.34060500 0.65492800 -2.38947200
v 8.26785100 0.66555700 -2.43814500
v 8.41457000 0.66263300 -2.34189800
v 8.32857100 0.56468900 -2.09787100
v 8.38702000 0.61473100 -2.10067800
v 8.39392900 0.59013600 -2.18927900
v 8.33342200 0.54909600 -2.18688500
v 8.31925100 0.56270100 -2.27475800
v 8.37945100 0.61319200 -2.28101800
v 8.24393300 0.56329200 -2.18734100
v 8.24306900 0.57408900 -2.09983500
v 8.23274200 0.56701900 -2.27486600
v 8.42483600 0.59150400 -2.22436100
v 8.36304600 0.55734500 -2.23578200
v 8.35981900 0.55655600 -2.14966900
v 8.42471300 0.59175100 -2.14966900
v 8.42299300 0.59520700 -2.29905300
v 8.35780500 0.56060000 -2.29905300
v 8.30186600 0.59244300 -2.22436100
v 8.30286900 0.59043100 -2.14966900
v 8.29875100 0.59870300 -2.29905300
v 8.43149000 0.57171300 -2.30765200
v 8.40563700 0.58738700 -2.38081500
v 8.35312900 0.60890100 -2.34364200
v 8.37779700 0.60194000 -2.27365900
v 8.36071700 0.65660200 -2.25537600
v 8.34170200 0.67982400 -2.33573700
v 8.42650000 0.59469600 -2.21274300
v 8.48572500 0.58504100 -2.25450000
v 8.42189300 0.67444100 -2.20330400
v 8.37718000 0.63304800 -2.25610900
v 8.38470800 0.64045500 -2.30583600
v 8.33808200 0.63682300 -2.30575400
v 8.33188400 0.61549800 -2.25821100
v 8.28499600 0.64008100 -2.25481600
v 8.28183800 0.64743700 -2.31113100
v 8.33771500 0.62777400 -2.20638100
v 8.38379200 0.64343800 -2.20638100
v 8.28573200 0.63716800 -2.20301300
v 8.20049700 0.66110400 -2.38478500
v 8.19485800 0.66110400 -2.31087600
v 8.24354300 0.62613800 -2.30521100
v 8.27009700 0.63420700 -2.37605100
v 8.19573700 0.66110400 -2.20869700
v 8.24772200 0.62613800 -2.23696700
v 8.33969700 0.66110400 -2.32152400
v 8.33126200 0.67827900 -2.36641600
v 8.33969700 0.65646800 -2.23696700
v 8.23256300 0.61833400 -2.14246800
v 8.23921100 0.58336900 -2.21848300
v 8.16738800 0.62523600 -2.21206800
v 8.15865400 0.61833400 -2.14246800
v 8.30647200 0.61833400 -2.14246800
v 8.30647200 0.58336900 -2.21206800
v 8.22191500 0.61833400 -2.28166700
v 8.18267300 0.65175600 -2.28166700
v 8.30647200 0.58762200 -2.28166700
v 8.14700900 0.57340100 -2.12025600
v 8.14622900 0.57026100 -2.15709700
v 8.09521200 0.56632700 -2.16098200
v 8.09755200 0.56593600 -2.11238100
v 8.21413600 0.58435300 -2.13642900
v 8.19054600 0.57783700 -2.17008800
v 8.11918800 0.58280600 -2.20688800
v 8.08963100 0.58098800 -2.19178000
v 8.17517300 0.59085000 -2.22066500
v 8.21974900 0.60717700 -2.44336600
v 8.18004800 0.65517100 -2.45071800
v 8.19246800 0.67825600 -2.37483700
v 8.20719800 0.61342500 -2.35836800
v 8.18810200 0.66145100 -2.31754000
v 8.20524200 0.61474900 -2.29483100
v 8.28246700 0.60069900 -2.35964200
v 8.28470600 0.59236100 -2.43433800
v 8.26450700 0.59204800 -2.28616200
v 8.18794100 0.64659100 -2.38827700
v 8.19107800 0.62937700 -2.34839800
v 8.22429800 0.65936800 -2.34670100
v 8.22480400 0.66605200 -2.38684200
v 8.14266600 0.64363600 -2.38738000
v 8.14801400 0.63178500 -2.34565700
v 8.19092400 0.64001600 -2.30486600
v 8.21746400 0.66959500 -2.30490100
v 8.14855000 0.63202600 -2.30384000
v 8.23077200 0.59088700 -2.35470200
v 8.15559300 0.62792100 -2.39174800
v 8.14208100 0.65108000 -2.31769200
v 8.21211400 0.60702800 -2.28440900
v 8.25641100 0.53891600 -2.25467400
v 8.27308300 0.51367400 -2.32926900
v 8.15232200 0.57611900 -2.22462200
v 8.08792000 0.62349200 -2.25757300
v 8.20276700 0.51580900 -2.19127800
v 8.11942400 0.56131100 -2.26903300
v 8.14210300 0.61879600 -2.22433600
v 8.21748000 0.61802400 -2.27823200
v 8.19085100 0.56887600 -2.32432300
v 8.23988100 0.60093100 -2.39183900
v 8.26597700 0.65995800 -2.34805700
v 8.12984700 0.56838200 -2.39152800
v 8.06358400 0.55725100 -2.33444100
v 8.18374400 0.59142800 -2.45703700
v 8.39021700 0.60517700 -2.27492200
v 8.45105200 0.63481200 -2.27146300
v 8.46646200 0.62081900 -2.37582000
v 8.39226300 0.59913900 -2.37847300
v 8.44907300 0.65601000 -2.47075400
v 8.38660900 0.62609200 -2.47083500
v 8.32791600 0.64036400 -2.28127500
v 8.31035600 0.64499900 -2.36397300
v 8.31085600 0.65568500 -2.44961700
v 8.47167800 0.63686000 -2.36793300
v 8.46892500 0.64279700 -2.41793100
v 8.42388600 0.63988600 -2.41674300
v 8.42027000 0.62279400 -2.36972800
v 8.37643200 0.64249700 -2.36682800
v 8.37373500 0.64839300 -2.41857700
v 8.42357200 0.63263300 -2.32341400
v 8.46617100 0.64518800 -2.32341400
v 8.37706100 0.64016200 -2.32053700
v 8.50424700 0.64088400 -2.26270100
v 8.56331200 0.61537400 -2.25770400
v 8.56450600 0.59705700 -2.33603500
v 8.49190700 0.59625600 -2.33344400
v 8.53415600 0.56832400 -2.37800900
v 8.47763600 0.56878500 -2.38802600
v 8.47233300 0.69015100 -2.29038600
v 8.46235200 0.65857800 -2.35693000
v 8.43918900 0.61265000 -2.41047300
v 8.31537600 0.60520100 -2.38577700
v 8.31680500 0.56659700 -2.44224200
v 8.23162000 0.57871500 -2.44071800
v 8.24185500 0.61700200 -2.38200800
v 8.38912000 0.59503000 -2.39156800
v 8.37891700 0.55698500 -2.45057900
v 8.30317100 0.57025400 -2.50030600
v 8.22952300 0.58112300 -2.49538000
v 8.37705900 0.56113600 -2.50740600
v 8.49972000 0.56720100 -2.04764900
v 8.44706900 0.56211400 -2.09741400
v 8.39564700 0.56746600 -2.02849500
v 8.45744400 0.57154800 -1.98624600
v 8.54226500 0.56720400 -2.10919500
v 8.48050800 0.56377100 -2.15146500
v 8.41149700 0.61976700 -2.11238000
v 8.36906700 0.62162600 -2.05089500
v 8.45421600 0.62258500 -2.17401800
v 8.32888600 0.58812100 -2.41912900
v 8.29090900 0.60659800 -2.48581300
v 8.21808100 0.56894400 -2.44497900
v 8.25322000 0.55916900 -2.37984300
v 8.17440600 0.56408000 -2.33632100
v 8.13264300 0.58169000 -2.40318600
v 8.27574800 0.60972400 -2.31043200
v 8.35048300 0.63254900 -2.35057900
v 8.19973000 0.60476200 -2.26576800
v 8.29076700 0.58223400 -2.39699600
v 8.29071700 0.64402200 -2.35309500
v 8.37902100 0.62294200 -2.33627000
v 8.37953800 0.56943200 -2.38446600
v 8.46790100 0.58065800 -2.39794500
v 8.47121900 0.64332400 -2.35231500
v 8.38397100 0.56302800 -2.47486400
v 8.29654700 0.57209700 -2.48222900
v 8.47189500 0.56533500 -2.48292600
v 8.45914500 0.55908600 -2.44326600
v 8.41963800 0.61893200 -2.46848100
v 8.38415600 0.61902900 -2.38287600
v 8.42822600 0.56731100 -2.35846600
v 8.42415600 0.59871900 -2.27484400
v 8.38232500 0.66019700 -2.29745600
v 8.51538100 0.56213800 -2.33373300
v 8.54076900 0.55060900 -2.41736900
v 8.50560900 0.58480300 -2.24934900
v 8.16842200 0.60301200 -2.09878100
v 8.19691000 0.60868300 -2.07637400
v 8.21377100 0.60194300 -2.10477500
v 8.18544900 0.58704200 -2.12437700
v 8.20177300 0.59923600 -2.15655600
v 8.23826600 0.60388800 -2.13827900
v 8.15175100 0.59582800 -2.14101200
v 8.13564800 0.61060300 -2.11399900
v 8.16919400 0.59734700 -2.17502800
v 8.30446500 0.54273700 -2.25729300
v 8.31469100 0.56601700 -2.33198500
v 8.24731300 0.55547800 -2.33186200
v 8.23331500 0.54020200 -2.26045000
v 8.18351400 0.57678400 -2.25535000
v 8.19832300 0.61109800 -2.33198500
v 8.24118600 0.53601900 -2.18260000
v 8.30950500 0.56062500 -2.18260000
v 8.19171000 0.60148300 -2.17754100
v 8.46683600 0.59405100 -2.30405600
v 8.39329800 0.61732700 -2.32066500
v 8.38763900 0.60681900 -2.25351900
v 8.45758500 0.59155000 -2.23343800
v 8.45839500 0.62815600 -2.18340300
v 8.38331500 0.66246200 -2.20475100
v 8.53582300 0.58736300 -2.23459800
v 8.54168600 0.61193700 -2.30267900
v 8.53662200 0.65285100 -2.18490600
v 8.56735400 0.58435400 -2.35631800
v 8.53394200 0.58471500 -2.41234100
v 8.46696700 0.59978800 -2.37587400
v 8.49176600 0.58207500 -2.31512200
v 8.42803500 0.59214700 -2.33197600
v 8.43981300 0.58241200 -2.27847100
v 8.52837900 0.61073600 -2.27079000
v 8.59279800 0.60775500 -2.30934400
v 8.46723900 0.60030400 -2.22917200
v 8.43704700 0.62047100 -2.15922000
v 8.42688400 0.59799600 -2.09367700
v 8.49891400 0.58307200 -2.09819000
v 8.49703100 0.56834600 -2.18164700
v 8.57094400 0.56814800 -2.10270200
v 8.56258100 0.55312700 -2.17958000
v 8.48853600 0.62075400 -2.23147100
v 8.45828600 0.66001800 -2.21960000
v 8.56359900 0.57488200 -2.24534000
v 8.30800700 0.68188400 -2.19043900
v 8.26613700 0.67119500 -2.13483800
v 8.32321000 0.63282300 -2.11187700
v 8.34672800 0.61117500 -2.19016300
v 8.38028300 0.59445100 -2.08891600
v 8.39572900 0.57537300 -2.16364200
v 8.37874900 0.65749000 -2.23722400
v 8.36415600 0.70524600 -2.23631400
v 8.42960900 0.58842700 -2.22299400
v 8.31044600 0.59114600 -2.14016700
v 8.26857500 0.58045600 -2.08456700
v 8.32564900 0.54208500 -2.06160600
v 8.34916700 0.52043600 -2.13989100
v 8.38272200 0.50371300 -2.03864400
v 8.39816700 0.48463400 -2.11337100
v 8.38118800 0.56675100 -2.18695300
v 8.36659500 0.61450700 -2.18604200
v 8.43204800 0.49768800 -2.17272300
v 8.41009700 0.62047100 -2.28002000
v 8.39993400 0.59799600 -2.21447800
v 8.47196400 0.58307200 -2.21899000
v 8.47008100 0.56834600 -2.30244700
v 8.54399400 0.56814800 -2.22350200
v 8.53563200 0.55312700 -2.30038100
v 8.46158700 0.62075400 -2.35227100
v 8.43133700 0.66001800 -2.34040000
v 8.53664900 0.57488200 -2.36614000
v 8.34475200 0.58414100 -2.24467300
v 8.30288200 0.57345100 -2.18907300
v 8.35995500 0.53507900 -2.16611100
v 8.38347300 0.51343100 -2.24439700
v 8.41702800 0.49670800 -2.14315000
v 8.43247400 0.47762900 -2.21787600
v 8.41549400 0.55974600 -2.29145800
v 8.40090100 0.60750200 -2.29054800
v 8.46635400 0.49068300 -2.27722800
v 8.20859700 0.59085200 -2.10935500
v 8.18770800 0.56506800 -2.09897300
v 8.21843800 0.56484400 -2.04794700
v 8.23648300 0.59363600 -2.05545300
v 8.16015400 0.60223200 -2.14502700
v 8.14273600 0.57277300 -2.13530400
v 8.14126600 0.55493600 -2.06566700
v 8.17422200 0.55370900 -2.01801300
v 8.09972500 0.55947100 -2.10544700
v 1.37788300 0.59375400 -2.18727700
v 1.32323700 0.55829100 -2.21658200
v 1.27788900 0.59193000 -2.15270300
v 1.34102400 0.62377500 -2.13076700
v 1.41407200 0.56730700 -2.24636400
v 1.35083600 0.53599600 -2.26868400
v 1.27499700 0.59460400 -2.25462700
v 1.23852200 0.62258000 -2.19664300
v 1.31075100 0.57047000 -2.31538300
v 1.25676600 0.59102100 -2.12543800
v 1.25472000 0.61068600 -2.02383300
v 1.31555600 0.64048200 -2.02487200
v 1.33096600 0.61283500 -2.12607700
v 1.31357700 0.63512500 -2.22536300
v 1.25111300 0.60549600 -2.22093500
v 1.19241900 0.64468100 -2.03542200
v 1.17486000 0.63833900 -2.11799100
v 1.17536000 0.63759800 -2.20438800
v 1.17063000 0.61119300 -2.10651100
v 1.17364500 0.59969200 -2.18487700
v 1.10610600 0.59824100 -2.17475500
v 1.09963000 0.61592900 -2.10290100
v 1.05402600 0.65633400 -2.11243800
v 1.06226300 0.65329000 -2.19820300
v 1.11650300 0.64358600 -2.03228800
v 1.18616400 0.65746900 -2.04917600
v 1.07362900 0.70958200 -2.05585900
v 1.19667200 0.58687200 -1.98266100
v 1.26817300 0.61633600 -1.99677900
v 1.24713600 0.60515200 -2.06066400
v 1.17675400 0.58389400 -2.05101900
v 1.15237100 0.61940900 -2.09573100
v 1.22616800 0.66006900 -2.10592800
v 1.10638900 0.57337100 -2.01838300
v 1.12631200 0.59856600 -1.95328900
v 1.07947000 0.63766100 -2.06222800
v 1.25975400 0.56322000 -1.96605600
v 1.32137600 0.56943900 -1.98640000
v 1.29807700 0.59816800 -2.05736600
v 1.23582200 0.56400800 -2.04884000
v 1.26444500 0.58686100 -2.10581100
v 1.21101000 0.56726400 -2.10727800
v 1.18130700 0.60567100 -2.01881500
v 1.20567400 0.59709500 -1.94820200
v 1.15493200 0.59182100 -2.08876500
v 1.14600500 0.61064400 -2.06318200
v 1.09016100 0.57010800 -2.04623900
v 1.14009800 0.55065900 -1.97914300
v 1.19143800 0.59510800 -2.00626300
v 1.09900100 0.62963900 -2.11774800
v 1.04742700 0.58570600 -2.09027800
v 1.04852300 0.59122100 -1.99114300
v 1.09485400 0.57370700 -1.93556900
v 1.00050300 0.61245700 -2.04418500
v 1.18237000 0.62013100 -2.19033100
v 1.14505200 0.63363300 -2.27382500
v 1.07038600 0.65507900 -2.20950200
v 1.10473800 0.62092000 -2.14753400
v 1.04509400 0.62417600 -2.11008800
v 0.98944000 0.69944500 -2.17274800
v 1.14915500 0.65601900 -2.09189100
v 1.21164400 0.65400600 -2.13282000
v 1.08106400 0.66227800 -2.05353000
v 1.10448400 0.61552200 -2.26983900
v 1.11471100 0.63880300 -2.34453200
v 1.04733200 0.62826400 -2.34440900
v 1.03333400 0.61298800 -2.27299700
v 0.98353300 0.64957000 -2.26789700
v 0.99834300 0.68388300 -2.34453200
v 1.04120500 0.60880400 -2.19514700
v 1.10952500 0.63341100 -2.19514700
v 0.99173000 0.67426900 -2.19008700
v 1.01167000 0.61046500 -2.24471200
v 1.00079600 0.57738200 -2.25276200
v 0.99635100 0.56464000 -2.20261100
v 1.02198200 0.60288500 -2.19572300
v 0.99296600 0.61740800 -2.31185100
v 0.98646200 0.58055400 -2.29735900
v 0.93930500 0.55064800 -2.22787900
v 0.94423200 0.55757900 -2.19518100
v 0.92620200 0.55488200 -2.28450000
v 1.04591900 0.58550000 -2.06870600
v 1.12007100 0.61152100 -2.07151300
v 1.11669300 0.58628600 -2.16011400
v 1.04421400 0.56933700 -2.15772000
v 1.03648000 0.58691000 -2.24559200
v 1.11243500 0.61273600 -2.25185300
v 0.96682800 0.61376400 -2.15817600
v 0.97032300 0.62408400 -2.07067000
v 0.95792700 0.62113100 -2.24570100
v 1.24140500 0.63287100 -2.42003000
v 1.21636700 0.70005100 -2.44257000
v 1.13210500 0.66428300 -2.43717900
v 1.15691200 0.60407200 -2.40820800
v 1.07811900 0.59330700 -2.36586500
v 1.04922200 0.66093000 -2.38871300
v 1.18545500 0.57987700 -2.32601100
v 1.26748200 0.60581300 -2.34321400
v 1.10657500 0.56174000 -2.29130100
v 1.35677900 0.62621100 -2.25979600
v 1.36701800 0.64948600 -2.33448900
v 1.29963400 0.63897900 -2.33436600
v 1.28562700 0.62371000 -2.26295400
v 1.23584700 0.66031500 -2.25785400
v 1.25067400 0.69462200 -2.33448900
v 1.29349700 0.61952300 -2.18510400
v 1.36182900 0.64409700 -2.18510400
v 1.24405600 0.68501000 -2.18004400
v 1.30275400 0.58080700 -2.11712200
v 1.36120300 0.63084900 -2.11992900
v 1.36811200 0.60625500 -2.20853000
v 1.30760500 0.56521500 -2.20613600
v 1.29343400 0.57881900 -2.29400800
v 1.35363400 0.62931000 -2.30026800
v 1.21811600 0.57941100 -2.20659200
v 1.21725200 0.59020800 -2.11908500
v 1.20692500 0.58313700 -2.29411600
v 1.26309900 0.61256200 -2.07130900
v 1.35357800 0.62606300 -2.05799100
v 1.33937100 0.64751000 -2.15551300
v 1.26864700 0.61335000 -2.15978200
v 1.26905900 0.61660600 -2.23020500
v 1.35179800 0.69187500 -2.24354000
v 1.19785900 0.64844900 -2.15216400
v 1.19886000 0.64643700 -2.07747100
v 1.20203100 0.65470900 -2.23020500
v 1.45667400 0.56033700 -2.23993300
v 1.38871100 0.57426800 -2.24696100
v 1.39268300 0.60002800 -2.17602400
v 1.47002100 0.60006400 -2.17256500
v 1.47334400 0.61168300 -2.29741500
v 1.38947400 0.59584100 -2.30225900
v 1.31280400 0.59110800 -2.23530200
v 1.32915900 0.64828300 -2.17608800
v 1.32493500 0.63661700 -2.29647200
v 1.39458000 0.57335700 -2.15569400
v 1.41228700 0.57553000 -2.18780900
v 1.38246200 0.58762300 -2.19710600
v 1.36169200 0.57662500 -2.16760700
v 1.33981100 0.60586300 -2.17190100
v 1.35235700 0.61128000 -2.21062600
v 1.35790000 0.58226200 -2.12953300
v 1.39113300 0.57761500 -2.11910400
v 1.32814200 0.60387500 -2.13632000
v 1.24961500 0.59998600 -2.06648500
v 1.24461100 0.57394400 -2.03309500
v 1.28831700 0.58624900 -2.02746100
v 1.29181900 0.60224600 -2.06428000
v 1.20732300 0.61396000 -2.06116100
v 1.20676100 0.59108400 -2.02485400
v 1.24931800 0.57135500 -1.98853200
v 1.28679400 0.58623400 -1.98389500
v 1.20735600 0.58003000 -1.98473700
v 1.17973000 0.59779500 -2.05832800
v 1.25442200 0.62185500 -2.06460800
v 1.25429900 0.57670800 -2.14375500
v 1.18147000 0.56132500 -2.14021400
v 1.17778700 0.55782500 -2.23024600
v 1.25442200 0.58087700 -2.23973200
v 1.10503700 0.60473400 -2.15598500
v 1.10503700 0.63518300 -2.07392200
v 1.09997700 0.59144000 -2.24301700
v 1.12170000 0.61215600 -2.16440000
v 1.14566300 0.61101000 -2.08166600
v 1.19677500 0.57709700 -2.10690300
v 1.17840600 0.57700100 -2.17928900
v 1.15561300 0.60959600 -2.01899300
v 1.21268500 0.57479700 -2.03396400
v 1.06237700 0.59832200 -2.15001800
v 1.07934000 0.59704800 -2.07731600
v 1.09365900 0.59319700 -2.00401900
v 1.15245800 0.58080700 -2.18091900
v 1.21090700 0.63084900 -2.18372600
v 1.21781600 0.60625500 -2.27232700
v 1.15730900 0.56521500 -2.26993300
v 1.14313800 0.57881900 -2.35780600
v 1.20333800 0.62931000 -2.36406600
v 1.06782000 0.57941100 -2.27038900
v 1.06695600 0.59020800 -2.18288300
v 1.05662900 0.58313700 -2.35791400
v 1.07999500 0.61389600 -2.38734400
v 1.03485400 0.62578700 -2.32347500
v 1.11012600 0.60049800 -2.27665300
v 1.15354800 0.59719000 -2.33738400
v 1.22591300 0.61468500 -2.28690800
v 1.18245700 0.62600900 -2.21957400
v 1.19509200 0.65492800 -2.38947200
v 1.12233700 0.66555700 -2.43814500
v 1.26905600 0.66263300 -2.34189800
v 1.18305700 0.56468900 -2.09787100
v 1.24150600 0.61473100 -2.10067800
v 1.24841500 0.59013600 -2.18927900
v 1.18790800 0.54909600 -2.18688500
v 1.17373700 0.56270100 -2.27475800
v 1.23393700 0.61319200 -2.28101800
v 1.09841900 0.56329200 -2.18734100
v 1.09755600 0.57408900 -2.09983500
v 1.08722800 0.56701900 -2.27486600
v 1.27932200 0.59150400 -2.22436100
v 1.21753200 0.55734500 -2.23578200
v 1.21430500 0.55655600 -2.14966900
v 1.27919900 0.59175100 -2.14966900
v 1.27747900 0.59520700 -2.29905300
v 1.21229100 0.56060000 -2.29905300
v 1.15635300 0.59244300 -2.22436100
v 1.15735500 0.59043100 -2.14966900
v 1.15323700 0.59870300 -2.29905300
v 1.28597600 0.57171300 -2.30765200
v 1.26012300 0.58738700 -2.38081500
v 1.20761500 0.60890100 -2.34364200
v 1.23228300 0.60194000 -2.27365900
v 1.21520300 0.65660200 -2.25537600
v 1.19618800 0.67982400 -2.33573700
v 1.28098600 0.59469600 -2.21274300
v 1.34021100 0.58504100 -2.25450000
v 1.27637900 0.67444100 -2.20330400
v 1.23166600 0.63304800 -2.25610900
v 1.23919400 0.64045500 -2.30583600
v 1.19256800 0.63682300 -2.30575400
v 1.18637000 0.61549800 -2.25821100
v 1.13948200 0.64008100 -2.25481600
v 1.13632400 0.64743700 -2.31113100
v 1.19220100 0.62777400 -2.20638100
v 1.23827800 0.64343800 -2.20638100
v 1.14021900 0.63716800 -2.20301300
v 1.05498400 0.66110400 -2.38478500
v 1.04934400 0.66110400 -2.31087600
v 1.09802900 0.62613800 -2.30521100
v 1.12458300 0.63420700 -2.37605100
v 1.05022300 0.66110400 -2.20869700
v 1.10220800 0.62613800 -2.23696700
v 1.19418300 0.66110400 -2.32152400
v 1.18574800 0.67827900 -2.36641600
v 1.19418300 0.65646800 -2.23696700
v 1.08704900 0.61833400 -2.14246800
v 1.09369800 0.58336900 -2.21848300
v 1.02187400 0.62523600 -2.21206800
v 1.01314000 0.61833400 -2.14246800
v 1.16095800 0.61833400 -2.14246800
v 1.16095800 0.58336900 -2.21206800
v 1.07640100 0.61833400 -2.28166700
v 1.03715900 0.65175600 -2.28166700
v 1.16095800 0.58762200 -2.28166700
v 1.00149500 0.57340100 -2.12025600
v 1.00071500 0.57026100 -2.15709700
v 0.94969800 0.56632700 -2.16098200
v 0.95203800 0.56593600 -2.11238100
v 1.06862200 0.58435300 -2.13642900
v 1.04503200 0.57783700 -2.17008800
v 0.97367400 0.58280600 -2.20688800
v 0.94411700 0.58098800 -2.19178000
v 1.02965900 0.59085000 -2.22066500
v 1.07423500 0.60717700 -2.44336600
v 1.03453400 0.65517100 -2.45071800
v 1.04695400 0.67825600 -2.37483700
v 1.06168500 0.61342500 -2.35836800
v 1.04258800 0.66145100 -2.31754000
v 1.05972800 0.61474900 -2.29483100
v 1.13695300 0.60069900 -2.35964200
v 1.13919200 0.59236100 -2.43433800
v 1.11899300 0.59204800 -2.28616200
v 1.04242700 0.64659100 -2.38827700
v 1.04556500 0.62937700 -2.34839800
v 1.07878400 0.65936800 -2.34670100
v 1.07929000 0.66605200 -2.38684200
v 0.99715200 0.64363600 -2.38738000
v 1.00250000 0.63178500 -2.34565700
v 1.04541000 0.64001600 -2.30486600
v 1.07195000 0.66959500 -2.30490100
v 1.00303600 0.63202600 -2.30384000
v 1.08525800 0.59088700 -2.35470200
v 1.01007900 0.62792100 -2.39174800
v 0.99656700 0.65108000 -2.31769200
v 1.06660000 0.60702800 -2.28440900
v 1.11089700 0.53891600 -2.25467400
v 1.12757000 0.51367400 -2.32926900
v 1.00680800 0.57611900 -2.22462200
v 0.94240600 0.62349200 -2.25757300
v 1.05725300 0.51580900 -2.19127800
v 0.97391000 0.56131100 -2.26903300
v 0.99658900 0.61879600 -2.22433600
v 1.07196600 0.61802400 -2.27823200
v 1.04533700 0.56887600 -2.32432300
v 1.09436700 0.60093100 -2.39183900
v 1.12046300 0.65995800 -2.34805700
v 0.98433300 0.56838200 -2.39152800
v 0.91807000 0.55725100 -2.33444100
v 1.03823000 0.59142800 -2.45703700
v 1.24470300 0.60517700 -2.27492200
v 1.30553800 0.63481200 -2.27146300
v 1.32094800 0.62081900 -2.37582000
v 1.24674900 0.59913900 -2.37847300
v 1.30355900 0.65601000 -2.47075400
v 1.24109500 0.62609200 -2.47083500
v 1.18240200 0.64036400 -2.28127500
v 1.16484300 0.64499900 -2.36397300
v 1.16534200 0.65568500 -2.44961700
v 1.32616500 0.63686000 -2.36793300
v 1.32341100 0.64279700 -2.41793100
v 1.27837200 0.63988600 -2.41674300
v 1.27475600 0.62279400 -2.36972800
v 1.23091900 0.64249700 -2.36682800
v 1.22822100 0.64839300 -2.41857700
v 1.27805800 0.63263300 -2.32341400
v 1.32065700 0.64518800 -2.32341400
v 1.23154700 0.64016200 -2.32053700
v 1.35873400 0.64088400 -2.26270100
v 1.41779800 0.61537400 -2.25770400
v 1.41899200 0.59705700 -2.33603500
v 1.34639300 0.59625600 -2.33344400
v 1.38864300 0.56832400 -2.37800900
v 1.33212200 0.56878500 -2.38802600
v 1.32681900 0.69015100 -2.29038600
v 1.31683800 0.65857800 -2.35693000
v 1.29367600 0.61265000 -2.41047300
v 1.16986200 0.60520100 -2.38577700
v 1.17129200 0.56659700 -2.44224200
v 1.08610600 0.57871500 -2.44071800
v 1.09634200 0.61700200 -2.38200800
v 1.24360600 0.59503000 -2.39156800
v 1.23340300 0.55698500 -2.45057900
v 1.15765700 0.57025400 -2.50030600
v 1.08400900 0.58112300 -2.49538000
v 1.23154500 0.56113600 -2.50740600
v 1.35420600 0.56720100 -2.04764900
v 1.30155500 0.56211400 -2.09741400
v 1.25013300 0.56746600 -2.02849500
v 1.31193100 0.57154800 -1.98624600
v 1.39675100 0.56720400 -2.10919500
v 1.33499400 0.56377100 -2.15146500
v 1.26598300 0.61976700 -2.11238000
v 1.22355300 0.62162600 -2.05089500
v 1.30870200 0.62258500 -2.17401800
v 1.18337200 0.58812100 -2.41912900
v 1.14539500 0.60659800 -2.48581300
v 1.07256700 0.56894400 -2.44497900
v 1.10770600 0.55916900 -2.37984300
v 1.02889200 0.56408000 -2.33632100
v 0.98713000 0.58169000 -2.40318600
v 1.13023400 0.60972400 -2.31043200
v 1.20496900 0.63254900 -2.35057900
v 1.05421600 0.60476200 -2.26576800
v 1.14525300 0.58223400 -2.39699600
v 1.14520300 0.64402200 -2.35309500
v 1.23350700 0.62294200 -2.33627000
v 1.23402400 0.56943200 -2.38446600
v 1.32238700 0.58065800 -2.39794500
v 1.32570600 0.64332400 -2.35231500
v 1.23845700 0.56302800 -2.47486400
v 1.15103300 0.57209700 -2.48222900
v 1.32638100 0.56533500 -2.48292600
v 1.31363100 0.55908600 -2.44326600
v 1.27412400 0.61893200 -2.46848100
v 1.23864200 0.61902900 -2.38287600
v 1.28271200 0.56731100 -2.35846600
v 1.27864300 0.59871900 -2.27484400
v 1.23681200 0.66019700 -2.29745600
v 1.36986800 0.56213800 -2.33373300
v 1.39525500 0.55060900 -2.41736900
v 1.36009500 0.58480300 -2.24934900
v 1.02290800 0.60301200 -2.09878100
v 1.05139600 0.60868300 -2.07637400
v 1.06825700 0.60194300 -2.10477500
v 1.03993500 0.58704200 -2.12437700
v 1.05625900 0.59923600 -2.15655600
v 1.09275200 0.60388800 -2.13827900
v 1.00623700 0.59582800 -2.14101200
v 0.99013400 0.61060300 -2.11399900
v 1.02368000 0.59734700 -2.17502800
v 1.15895100 0.54273700 -2.25729300
v 1.16917700 0.56601700 -2.33198500
v 1.10179900 0.55547800 -2.33186200
v 1.08780100 0.54020200 -2.26045000
v 1.03800000 0.57678400 -2.25535000
v 1.05280900 0.61109800 -2.33198500
v 1.09567200 0.53601900 -2.18260000
v 1.16399100 0.56062500 -2.18260000
v 1.04619600 0.60148300 -2.17754100
v 1.32132200 0.59405100 -2.30405600
v 1.24778400 0.61732700 -2.32066500
v 1.24212500 0.60681900 -2.25351900
v 1.31207200 0.59155000 -2.23343800
v 1.31288100 0.62815600 -2.18340300
v 1.23780200 0.66246200 -2.20475100
v 1.39030900 0.58736300 -2.23459800
v 1.39617200 0.61193700 -2.30267900
v 1.39110800 0.65285100 -2.18490600
v 1.42184000 0.58435400 -2.35631800
v 1.38842800 0.58471500 -2.41234100
v 1.32145300 0.59978800 -2.37587400
v 1.34625200 0.58207500 -2.31512200
v 1.28252100 0.59214700 -2.33197600
v 1.29429900 0.58241200 -2.27847100
v 1.38286500 0.61073600 -2.27079000
v 1.44728400 0.60775500 -2.30934400
v 1.32172500 0.60030400 -2.22917200
v 1.29153300 0.62047100 -2.15922000
v 1.28137000 0.59799600 -2.09367700
v 1.35340000 0.58307200 -2.09819000
v 1.35151700 0.56834600 -2.18164700
v 1.42543000 0.56814800 -2.10270200
v 1.41706700 0.55312700 -2.17958000
v 1.34302200 0.62075400 -2.23147100
v 1.31277200 0.66001800 -2.21960000
v 1.41808500 0.57488200 -2.24534000
v 1.16249300 0.68188400 -2.19043900
v 1.12062300 0.67119500 -2.13483800
v 1.17769600 0.63282300 -2.11187700
v 1.20121400 0.61117500 -2.19016300
v 1.23476900 0.59445100 -2.08891600
v 1.25021500 0.57537300 -2.16364200
v 1.23323500 0.65749000 -2.23722400
v 1.21864300 0.70524600 -2.23631400
v 1.28409500 0.58842700 -2.22299400
v 1.16493200 0.59114600 -2.14016700
v 1.12306200 0.58045600 -2.08456700
v 1.18013500 0.54208500 -2.06160600
v 1.20365300 0.52043600 -2.13989100
v 1.23720800 0.50371300 -2.03864400
v 1.25265300 0.48463400 -2.11337100
v 1.23567400 0.56675100 -2.18695300
v 1.22108100 0.61450700 -2.18604200
v 1.28653400 0.49768800 -2.17272300
v 1.26458300 0.62047100 -2.28002000
v 1.25442000 0.59799600 -2.21447800
v 1.32645000 0.58307200 -2.21899000
v 1.32456700 0.56834600 -2.30244700
v 1.39848000 0.56814800 -2.22350200
v 1.39011800 0.55312700 -2.30038100
v 1.31607300 0.62075400 -2.35227100
v 1.28582300 0.66001800 -2.34040000
v 1.39113500 0.57488200 -2.36614000
v 1.19923800 0.58414100 -2.24467300
v 1.15736800 0.57345100 -2.18907300
v 1.21444200 0.53507900 -2.16611100
v 1.23795900 0.51343100 -2.24439700
v 1.27151400 0.49670800 -2.14315000
v 1.28696000 0.47762900 -2.21787600
v 1.26998000 0.55974600 -2.29145800
v 1.25538800 0.60750200 -2.29054800
v 1.32084000 0.49068300 -2.27722800
v 1.06308300 0.59085200 -2.10935500
v 1.04219400 0.56506800 -2.09897300
v 1.07292400 0.56484400 -2.04794700
v 1.09096900 0.59363600 -2.05545300
v 1.01464100 0.60223200 -2.14502700
v 0.99722200 0.57277300 -2.13530400
v 0.99575200 0.55493600 -2.06566700
v 1.02870800 0.55370900 -2.01801300
v 0.95421100 0.55947100 -2.10544700
vn 0.61010029 0.75010035 -0.25520012
vn 0.36270632 0.90191572 0.23450409
vn 0.36857780 0.88774654 0.27578339
vn 0.62681270 0.74351506 -0.23300472
vn 0.56833712 0.77415056 -0.27871820
vn 0.31168535 0.90475747 0.29028635
vn -0.01510017 0.74480839 0.66710752
vn -0.00379995 0.73218957 0.68109030
vn -0.02200087 0.73052904 0.68252713
vn 0.27279290 0.95997500 0.06349835
vn 0.33879872 0.80819694 -0.48169818
vn 0.01759919 0.91765777 -0.39698173
vn 0.03770009 0.99420228 0.10070023
vn -0.22080462 0.97522042 0.01380029
vn -0.30549602 0.83628912 -0.45529407
vn 0.18389362 0.81087187 0.55558073
vn 0.10009739 0.82147855 0.56138534
vn -0.06180262 0.84933594 0.52422218
vn 0.38840096 0.91950227 -0.06050015
vn 0.17540670 0.98313753 -0.05170197
vn 0.14559727 0.89888316 0.41329226
vn 0.34039948 0.82959872 0.44259932
vn 0.29950403 0.52340704 0.79771073
vn -0.05500110 0.56491133 0.82331651
vn 0.61418674 0.71278461 0.33869269
vn 0.61311213 0.72161428 -0.32150636
vn 0.56309010 0.25709548 0.78538619
vn 0.10369655 0.96426788 -0.24379188
vn 0.03960180 0.89224058 -0.44982046
vn -0.42638693 0.84137420 -0.33208982
vn -0.40580773 0.90521725 -0.12610240
vn -0.75567178 0.64887576 0.08899668
vn -0.83580530 0.50380319 -0.21820138
vn -0.23749590 0.96098343 0.14179755
vn 0.42300709 0.90611520 0.00450008
vn -0.68102288 0.55341859 0.47951611
vn -0.02570112 0.99724364 0.06960305
vn 0.04779991 0.96059825 0.27379950
vn -0.26409385 0.92777838 -0.26359386
vn -0.35791179 0.80122640 -0.47951580
vn -0.17850710 0.86283430 -0.47291880
vn -0.02740097 0.99533529 0.09250328
vn 0.24349181 0.78957343 0.56328105
vn 0.08270298 0.80902917 0.58192098
vn 0.26870831 0.83612586 0.47821479
vn -0.59523100 0.68723579 -0.41642169
vn -0.34048285 0.94005265 0.01929903
vn -0.30030761 0.95302414 0.03950100
vn -0.57117382 0.70066788 -0.42758040
vn -0.63037675 0.67687503 -0.38008598
vn -0.32988529 0.93885814 0.09859560
vn 0.05860064 0.87370958 0.48290530
vn 0.06410130 0.87731778 0.47560964
vn 0.06269910 0.85088781 0.52159253
vn 0.12409758 0.99128068 0.04429914
vn -0.02709839 0.93744419 0.34707934
vn -0.33428386 0.84055943 0.42627942
vn 0.02779985 0.99909476 0.03219983
vn 0.03239996 0.98739875 0.15489980
vn -0.40779685 0.66639486 0.62419518
vn 0.47661320 0.85072356 -0.22160614
vn 0.46138793 0.84527790 -0.26949295
vn 0.49877310 0.83845479 -0.21958816
vn -0.10130089 0.98090858 -0.16600145
vn -0.32450195 0.92970559 -0.17420105
vn -0.36940726 0.87771725 0.30520600
vn -0.16210202 0.92101149 0.35420442
vn -0.09680105 0.65200709 0.75200818
vn -0.42849684 0.53449606 0.72849463
vn 0.15140484 0.94733027 0.28220902
vn 0.23098949 0.89285939 -0.38658242
vn 0.28430565 0.52331040 0.80331596
vn -0.14410422 0.36691075 -0.91902692
vn -0.26831407 0.21051104 -0.94004929
vn -0.24760005 0.59850011 -0.76190014
vn -0.09879688 0.79237496 -0.60198098
vn -0.28759998 0.23049998 -0.92959992
vn -0.28279843 0.58099678 -0.76319577
vn -0.07120400 0.93955276 -0.33491881
vn 0.21600794 0.95833522 -0.18690687
vn -0.18599910 0.89569566 -0.40389804
vn 0.23099150 0.96606446 0.11559575
vn 0.28638443 0.87885222 -0.38157926
vn -0.02050001 0.94760026 -0.31880009
vn -0.00080004 0.98904579 0.14760683
vn -0.21040353 0.96871627 0.13160221
vn -0.32240856 0.88522351 -0.33530890
vn 0.03070168 0.84654627 0.53142904
vn 0.14019680 0.84228080 0.52048814
vn -0.04239932 0.88508583 0.46349258
vn -0.36539328 0.91408319 -0.17589677
vn -0.76115091 0.64495840 -0.06839559
vn -0.64116994 0.74226520 0.19479087
vn -0.26550548 0.96371990 0.02740057
vn -0.21040204 0.95110924 0.22610220
vn -0.53517278 0.70126433 0.47097604
vn 0.10070275 0.98532689 -0.13780376
vn 0.05419913 0.96928442 -0.23989614
vn 0.04729770 0.99805140 -0.04069802
vn -0.10130102 0.98100988 -0.16540167
vn -0.32450000 0.92980001 -0.17370000
vn -0.36939456 0.87758706 0.30559550
vn -0.16210315 0.92081789 0.35470689
vn -0.09679814 0.65168748 0.75228555
vn -0.42850309 0.53420385 0.72870525
vn 0.15139780 0.94718622 0.28269589
vn 0.23099286 0.89307240 -0.38608807
vn 0.28429661 0.52289376 0.80359041
vn 0.22720542 0.93142222 -0.28430678
vn 0.27561003 0.66322413 -0.69582531
vn -0.01969914 0.74356743 -0.66837072
vn 0.00019999 0.96617348 -0.25789292
vn -0.20549671 0.93998496 -0.27239564
vn -0.31098273 0.68526195 -0.65856343
vn 0.03119965 0.98928878 0.14259838
vn 0.14409974 0.98059824 0.13289976
vn -0.04339855 0.99726665 0.05979800
vn -0.12819775 0.99128261 0.03039947
vn -0.16609416 0.93746706 -0.30588925
vn 0.04849949 0.84059123 -0.53949437
vn -0.04089969 0.99909239 -0.01189991
vn -0.11149987 0.98739886 -0.11229987
vn 0.00239998 0.66639531 -0.74559475
vn -0.27930125 0.85070380 0.44530199
vn -0.24039470 0.84528137 0.47718948
vn -0.29888716 0.83846397 0.45568042
vn -0.03370128 0.99743787 0.06310240
vn -0.04019800 0.96785193 0.24828767
vn 0.55917564 0.79146552 0.24678925
vn 0.58152058 0.81312878 0.02560091
vn -0.69011462 0.69611475 -0.19790419
vn -0.57368524 0.79387957 0.20159481
vn 0.07359886 0.88298635 0.46359283
vn 0.72180284 0.51070201 0.46710184
vn -0.62880046 0.59100043 0.50530037
vn -0.09909825 0.97978271 0.17379693
vn -0.26780508 0.89631699 0.35340670
vn -0.42881045 0.80741969 0.40520988
vn -0.26038839 0.83346284 0.48737827
vn -0.30959491 0.65918916 0.68528873
vn -0.31319784 0.75659478 0.57399604
vn 0.01720111 0.87265646 0.48803158
vn 0.11719993 0.97269941 0.20029988
vn -0.24898660 0.75695926 0.60416748
vn -0.60999358 0.78559173 0.10369891
vn -0.39489974 0.91219939 0.10929993
vn -0.31207980 0.89984176 -0.30478027
vn -0.45540147 0.88660287 -0.08090026
vn -0.56569187 0.73948937 0.36489475
vn -0.40051497 0.81823058 0.41241541
vn -0.10449707 0.99417209 -0.02649926
vn 0.01459989 0.90309304 -0.42919669
vn -0.30059732 0.91889181 0.25549772
vn 0.47949157 0.86568477 0.14379747
vn 0.53051041 0.77451520 -0.34450676
vn 0.25699677 0.91928846 -0.29809626
vn 0.26281257 0.95054547 0.16550792
vn 0.06210187 0.98822980 0.13980422
vn -0.04870035 0.94120677 -0.33430240
vn 0.24290865 0.80232859 0.54521943
vn 0.34399779 0.77109505 0.53579656
vn 0.18549540 0.85927868 0.47668817
vn 0.03389948 0.98508478 0.16869739
vn 0.01819918 0.98015587 0.19739111
vn 0.12639723 0.80598233 0.57828732
vn 0.14509843 0.81119120 0.56649385
vn -0.00469999 0.99019689 0.13959956
vn 0.08480344 0.80693272 0.58452370
vn -0.07899847 0.96468130 -0.25129513
vn -0.09409568 0.96595566 -0.24098894
vn -0.09030053 0.96110562 -0.26100153
vn 0.22720542 0.93142222 -0.28430678
vn 0.27561003 0.66322413 -0.69582531
vn -0.01969914 0.74356743 -0.66837072
vn 0.00019999 0.96617348 -0.25789292
vn -0.20549671 0.93998496 -0.27239564
vn -0.31098273 0.68526195 -0.65856343
vn 0.03119965 0.98928878 0.14259838
vn 0.14409974 0.98059824 0.13289976
vn -0.04339855 0.99726665 0.05979800
vn -0.40058269 0.91626041 0.00059997
vn -0.03999929 0.93488350 0.35269378
vn 0.08619945 0.99449361 0.05959962
vn -0.28600846 0.93662770 -0.20230598
vn -0.14659057 0.92184072 -0.35877693
vn 0.29659302 0.94067785 -0.16479612
vn -0.57431706 0.72132143 -0.38711150
vn -0.63061253 0.71751426 -0.29580588
vn -0.48699787 0.77129663 -0.40979821
vn 0.22720542 0.93142222 -0.28430678
vn 0.27561003 0.66322413 -0.69582531
vn -0.01969914 0.74356743 -0.66837072
vn 0.00019999 0.96617348 -0.25789292
vn -0.20549671 0.93998496 -0.27239564
vn -0.31098273 0.68526195 -0.65856343
vn 0.03119965 0.98928878 0.14259838
vn 0.14409974 0.98059824 0.13289976
vn -0.04339855 0.99726665 0.05979800
vn -0.02419997 0.83169891 -0.55469927
vn -0.03349978 0.99939357 -0.00949994
vn -0.01039996 0.99949580 0.02999987
vn 0.00419980 0.83766089 -0.54617450
vn -0.07799850 0.83198399 -0.54928943
vn -0.07399752 0.99526661 0.06299789
vn -0.02810025 0.81140730 0.58380525
vn -0.01849947 0.81327654 0.58158322
vn -0.05400051 0.78900750 0.61200581
vn 0.14180246 0.91741594 0.37180646
vn -0.05869784 0.87846768 0.47418256
vn 0.12290311 0.61101546 0.78201978
vn 0.31690552 0.62051081 0.71731250
vn 0.48320903 0.22940429 0.84491580
vn 0.17909770 0.14699811 0.97278752
vn 0.52860479 0.68260618 0.50460457
vn 0.27989599 0.95998625 -0.00919987
vn 0.77529204 0.10629891 0.62259361
vn -0.16989572 0.84347874 0.50958715
vn -0.01480010 0.76310540 0.64610457
vn -0.04570146 0.98293139 0.17820569
vn -0.19630231 0.97291143 -0.12210143
vn 0.00540000 0.77900033 0.62700026
vn -0.00070000 0.97880344 0.20480072
vn -0.16140668 0.85783551 -0.48792020
vn -0.41881038 0.65271618 -0.63131565
vn -0.04660059 0.92261166 -0.38290484
vn 0.32450539 0.93171549 0.16310271
vn 0.05170152 0.94552785 0.32140947
vn -0.10729725 0.87947747 0.46368812
vn -0.11839600 0.99296646 0.00000000
vn 0.49777617 0.86705849 0.02069901
vn 0.24998870 0.96795623 0.02379892
vn -0.41338972 0.74538147 0.52298700
vn -0.43068119 0.63057246 0.64567180
vn -0.27710769 0.94212614 0.18870524
vn 0.06329756 0.98346202 -0.16969345
vn -0.09549920 0.98619173 -0.13529886
vn -0.20509338 0.97606852 -0.07229767
vn -0.01799963 0.98427983 -0.17569640
vn 0.07940223 0.97442740 -0.21020591
vn -0.10349789 0.98068002 -0.16599662
vn -0.36741412 0.92943573 -0.03400131
vn -0.46528487 0.86797177 0.17359435
vn -0.32580365 0.94121056 -0.08930100
vn -0.01669999 0.71049951 0.70349951
vn 0.01199990 0.83009325 0.55749547
vn 0.06539896 0.37899398 0.92308534
vn 0.06029743 0.17309262 0.98305807
vn -0.09489941 0.25149843 0.96319398
vn -0.00400000 0.70820027 0.70600027
vn -0.03759836 0.97495740 0.21919042
vn 0.11960073 0.95310583 0.27800170
vn -0.09920383 0.94863664 0.30041160
vn -0.35620788 0.86861921 -0.34440762
vn -0.10399926 0.93319336 -0.34399755
vn -0.01210004 0.70520259 -0.70890260
vn -0.15959599 0.83067915 -0.53338661
vn -0.33011361 0.94153882 -0.06730277
vn -0.12930641 0.99084914 -0.03870192
vn 0.21558760 0.85385090 -0.47377276
vn 0.29339621 0.57159262 -0.76629011
vn 0.00390008 0.97521966 -0.22120446
vn 0.02550050 0.64481274 0.76391509
vn 0.19620062 0.79830252 0.56940180
vn -0.27350174 0.84150534 0.46590296
vn -0.38361672 0.69813043 0.60452635
vn -0.41890088 0.55380116 0.71960151
vn -0.03100146 0.42161982 0.90624259
vn -0.65728918 0.70918832 0.25499580
vn -0.69783021 0.62042686 0.35791550
vn -0.64962215 0.61232088 0.45061536
vn 0.30459534 0.89278634 -0.33189492
vn 0.66419864 0.58309881 -0.46779904
vn 0.44100175 0.58680233 -0.67910270
vn 0.14259994 0.86609966 -0.47909981
vn 0.02589988 0.77979645 -0.62549715
vn 0.25160165 0.46700307 -0.84770557
vn -0.13620156 0.96451103 -0.22620259
vn -0.05560042 0.98690744 -0.15140114
vn -0.12220680 0.93525204 -0.33221849
vn 0.11820097 0.99100816 0.06270052
vn 0.20849414 0.84907613 -0.48538636
vn -0.12779801 0.90918583 -0.39629382
vn -0.11779619 0.98786805 0.10119673
vn -0.37009533 0.92888829 0.01399982
vn -0.43089644 0.78179353 -0.45069627
vn 0.05340111 0.82851716 0.55741155
vn -0.03240006 0.82650165 0.56200112
vn -0.19580078 0.83010330 0.52210207
vn -0.01610024 0.96441457 -0.26390399
vn -0.14489492 0.98676542 -0.07279745
vn -0.26800957 0.96133433 0.06330226
vn -0.08319693 0.99166346 0.09839637
vn -0.08370160 0.93791798 0.33660645
vn -0.12320416 0.97323286 0.19400655
vn 0.17960646 0.98373537 0.00250009
vn 0.24551232 0.91374586 -0.32371625
vn -0.05670232 0.97934006 0.19410794
vn 0.54347655 0.64777205 0.53387696
vn 0.48500044 0.50580046 0.71340064
vn 0.47781890 0.84663349 0.23430927
vn 0.42410376 0.90520803 -0.02710024
vn 0.58168008 0.81277217 0.03239889
vn 0.53320874 0.64441057 0.54810899
vn 0.41888877 0.23509370 0.87707648
vn 0.32070496 0.32870508 0.88831374
vn 0.49732279 0.26551217 0.82593785
vn 0.62929890 0.77059866 0.10079982
vn 0.32221342 0.93653901 0.13810575
vn 0.30779282 0.93847811 0.15659635
vn 0.62529722 0.77159657 0.11679948
vn 0.62559869 0.77689838 0.07109985
vn 0.26999878 0.95249569 0.14089936
vn -0.03899886 0.98597126 0.16229527
vn -0.04520001 0.98310029 0.17740005
vn -0.06049701 0.98315146 0.17249148
vn 0.03670111 0.99623024 -0.07860239
vn 0.04819776 0.88775876 0.45777873
vn 0.07249934 0.86689215 0.49319554
vn 0.06630119 0.99541789 -0.06890124
vn -0.01920079 0.99734088 -0.07030288
vn 0.00939945 0.85395028 0.52026971
vn 0.04859960 0.46629614 0.88329270
vn 0.05799751 0.46867986 0.88146212
vn 0.02319969 0.43879417 0.89828807
vn 0.02970108 0.89373238 -0.44761622
vn -0.44340100 0.85130192 -0.28050063
vn -0.25800749 0.96502801 -0.04640135
vn 0.15359765 0.95388542 -0.25789606
vn 0.22688947 0.97185492 -0.06339706
vn -0.15009746 0.95778377 0.24519585
vn 0.48179521 0.77119233 -0.41609586
vn 0.42609293 0.75088754 -0.50459163
vn 0.45410106 0.82690194 -0.33170078
vn 0.50398821 0.83258052 0.22979462
vn 0.82218336 0.48609016 0.29619400
vn 0.82751083 0.56140735 0.00690009
vn 0.49490755 0.86891326 0.00750011
vn 0.51319772 0.83649628 -0.19209915
vn 0.81648556 0.50669104 -0.27679510
vn 0.12920164 0.99141257 0.02020026
vn 0.13139815 0.98228614 0.13359812
vn 0.21379509 0.97557758 -0.05039884
vn -0.09290086 0.86550801 0.49220455
vn -0.32170712 0.53991195 0.77781721
vn -0.02189978 0.54339462 0.83919169
vn 0.12120290 0.83922010 0.53011270
vn 0.29750156 0.75200395 0.58820309
vn 0.22800399 0.42580745 0.87561532
vn 0.22219929 0.95859693 0.17809943
vn 0.11429870 0.98068888 0.15869820
vn 0.26679723 0.92419040 0.27329716
vn 0.41550135 0.88780289 0.19790064
vn 0.27971005 0.96003450 -0.00980035
vn 0.23460365 0.95131481 -0.19990311
vn 0.10480060 0.99270571 -0.05960034
vn -0.13139968 0.97339766 -0.18769955
vn 0.03059943 0.99018150 -0.13639745
vn 0.06970102 0.97071427 0.22990338
vn 0.33038828 0.85836954 0.39248607
vn -0.01380006 0.99690458 -0.07740036
vn -0.10130089 0.98090858 -0.16600145
vn -0.32450195 0.92970559 -0.17420105
vn -0.36940726 0.87771725 0.30520600
vn -0.16210202 0.92101149 0.35420442
vn -0.09680105 0.65200709 0.75200818
vn -0.42849684 0.53449606 0.72849463
vn 0.15140484 0.94733027 0.28220902
vn 0.23098949 0.89285939 -0.38658242
vn 0.28430565 0.52331040 0.80331596
vn -0.17350172 0.98100974 0.08670086
vn -0.20090006 0.92980027 0.30840009
vn 0.27278989 0.87756749 0.39428539
vn 0.33950704 0.92081911 0.19190398
vn 0.74120773 0.65170680 0.16090168
vn 0.68929432 0.53419560 0.48939596
vn 0.29469065 0.94716993 -0.12659598
vn -0.36488057 0.89305244 -0.26328598
vn 0.82501077 0.52290682 -0.21430280
vn 0.19389790 0.98028936 -0.03789959
vn 0.11280104 0.97290900 0.20180187
vn -0.19150197 0.97200998 0.13610140
vn 0.05099877 0.99487597 -0.08729789
vn -0.23921185 0.96354773 0.11980593
vn 0.10159707 0.99277140 -0.06389816
vn 0.38872285 0.86495083 -0.31741866
vn 0.42019780 0.88459536 -0.20229894
vn 0.31621580 0.89804487 -0.30581528
vn -0.33150068 0.68210140 0.65180134
vn -0.40170629 0.88241383 0.24490384
vn 0.04770190 0.91803661 0.39361570
vn -0.19600672 0.82282822 0.53341830
vn 0.22459283 0.94366987 0.24299224
vn -0.04090068 0.96271595 0.26740443
vn -0.56489150 0.47719282 0.67318987
vn -0.54449766 0.35119849 0.76169673
vn -0.51789170 0.75258794 0.40669348
vn -0.57159802 0.44559846 0.68899762
vn -0.49189979 0.76319968 0.41899982
vn -0.14110087 0.68950427 0.71040440
vn -0.41128833 0.58978327 0.69498029
vn 0.07029900 0.74788934 0.66009059
vn -0.18010438 0.78531909 0.59231440
vn -0.78438041 0.28059299 0.55318618
vn -0.79948471 0.13599740 0.58508881
vn -0.64466758 0.61246920 0.45747699
vn -0.57159802 0.44559846 0.68899762
vn -0.49189979 0.76319968 0.41899982
vn -0.14110087 0.68950427 0.71040440
vn -0.41128833 0.58978327 0.69498029
vn 0.07029900 0.74788934 0.66009059
vn -0.18010438 0.78531909 0.59231440
vn -0.78438041 0.28059299 0.55318618
vn -0.79948471 0.13599740 0.58508881
vn -0.64466758 0.61246920 0.45747699
vn -0.33150068 0.68210140 0.65180134
vn -0.40170629 0.88241383 0.24490384
vn 0.04770190 0.91803661 0.39361570
vn -0.19600672 0.82282822 0.53341830
vn 0.22459283 0.94366987 0.24299224
vn -0.04090068 0.96271595 0.26740443
vn -0.56489150 0.47719282 0.67318987
vn -0.54449766 0.35119849 0.76169673
vn -0.51789170 0.75258794 0.40669348
vn -0.53019969 0.76839955 0.35839979
vn -0.40518225 0.91156007 -0.06989694
vn -0.05800198 0.96593301 0.25220862
vn -0.34830964 0.89132468 0.29020804
vn 0.16959651 0.96728010 0.18869612
vn -0.08120293 0.99223576 0.09420340
vn -0.76920670 0.56350491 0.30130262
vn -0.79621170 0.44710657 0.40760599
vn -0.59269932 0.80419908 0.04439995
vn -0.58417337 0.55917451 -0.58827318
vn -0.44331689 0.81173092 -0.38021448
vn -0.28549159 0.81367604 -0.50638509
vn -0.37600415 0.49120542 -0.78570867
vn -0.74352593 0.47821668 -0.46741630
vn -0.53969667 0.78349517 -0.30799810
vn -0.21669507 0.96667802 -0.13629690
vn -0.15870452 0.96962761 -0.18610530
vn -0.28798326 0.94554504 -0.15169118
vn 0.60529704 0.57609718 -0.54929731
vn 0.53720807 0.46360696 -0.70461058
vn 0.11719614 0.64507876 -0.75507514
vn 0.14200531 0.78482932 -0.60322254
vn -0.30760714 0.84071950 -0.44561034
vn -0.42641897 0.59892665 -0.67783016
vn 0.25760372 0.90381306 -0.34170494
vn 0.81379755 0.53459839 -0.22789932
vn -0.35639008 0.93367400 -0.03519902
vn -0.00579979 0.99836316 0.05689790
vn -0.08029822 0.98897802 0.12439724
vn 0.13129506 0.91886540 0.37208599
vn 0.17219651 0.93088115 0.32219348
vn 0.27479221 0.74307894 0.61018270
vn 0.34910338 0.81730790 0.45840443
vn 0.32479712 0.93149174 0.16379855
vn 0.01989965 0.99218259 -0.12319784
vn 0.67928779 0.65488823 0.33119405
vn -0.12380240 0.98091900 -0.14990290
vn -0.34590590 0.92971587 -0.12640216
vn -0.32240495 0.87771347 0.35450544
vn -0.11019798 0.92098309 0.37369314
vn 0.01090034 0.65202008 0.75812334
vn -0.32080473 0.53450788 0.78191153
vn 0.18990459 0.94732287 0.25790623
vn 0.17379704 0.89288482 -0.41539294
vn 0.39541837 0.52332431 0.75483507
vn 0.23629741 0.90459010 0.35479612
vn 0.43701528 0.86673031 0.24040841
vn 0.33700349 0.92950963 -0.14980155
vn 0.33479919 0.93559775 0.11209973
vn 0.34138857 0.75497472 0.55988125
vn 0.51591052 0.70041429 0.49321006
vn 0.62850791 0.77730978 -0.02770035
vn 0.48169182 0.76968692 -0.41899288
vn 0.57598461 0.75717976 0.30809177
vn 0.08569924 0.99609120 0.02139981
vn 0.14330538 0.98883710 -0.04080153
vn 0.37599265 0.91048220 0.17219663
vn 0.45428616 0.86907352 0.19579403
vn 0.06339858 0.99777772 0.02049954
vn 0.07170187 0.99742603 0.00040001
vn -0.05510017 0.98830309 0.14220045
vn 0.17110753 0.96614250 0.19310849
vn 0.17579546 0.96097521 0.21359449
vn -0.02730071 0.99962599 -0.00160004
vn -0.06389757 0.99776202 -0.01969925
vn -0.04529969 0.99539328 -0.08449943
vn -0.03960168 0.99754227 -0.05780245
vn 0.04939853 0.88897358 -0.45528647
vn 0.07930058 0.91390671 -0.39810292
vn 0.29080343 0.95671128 0.01170014
vn 0.34950497 0.91711305 0.19170273
vn -0.10800205 0.98211864 -0.15420293
vn -0.18499628 0.96398062 -0.19109616
vn 0.16810578 0.95993299 -0.22420771
vn 0.21109172 0.95296262 -0.21749147
vn -0.15899675 0.98167993 -0.10499785
vn -0.17629995 0.97469974 -0.13739996
vn -0.04400177 0.99894023 -0.01350054
vn -0.03740063 0.99901688 -0.02380040
vn 0.23560290 0.89911107 0.36890454
vn 0.18090349 0.94291821 0.27960540
vn -0.92920535 0.31430181 0.19440112
vn -0.67773043 0.68693085 0.26231178
vn -0.63499367 0.74729255 0.19579805
vn -0.94258508 0.29109539 0.16369741
vn -0.38308781 0.88217192 -0.27389128
vn -0.37540205 0.85080464 -0.36770201
vn -0.46138722 0.87437578 -0.15029584
vn -0.38210337 0.90300796 -0.19640173
vn -0.36008321 0.93095659 -0.06049718
vn -0.54857669 0.83546451 0.03259862
vn -0.64110407 0.76670486 0.03390022
vn 0.34770598 0.91171567 0.21880376
vn 0.41410916 0.87981947 0.23330516
vn -0.01369973 0.96988063 0.24319514
vn -0.01720029 0.96641655 0.25640439
vn -0.04090029 0.99820712 -0.04370031
vn -0.05939740 0.99695633 -0.05049779
vn 0.06230106 0.99081688 0.12000204
vn 0.06120111 0.96051746 0.27140493
vn -0.17249597 0.98337704 -0.05669868
vn 0.30409343 0.94437960 0.12519730
vn 0.05580035 0.94070598 0.33460213
vn 0.20840578 0.94752626 0.24240672
vn 0.36219941 0.93209849 0.00200000
vn -0.40869149 0.84948232 0.33369305
vn -0.06500145 0.97792182 0.19860443
vn -0.02149970 0.86008781 0.50969278
vn -0.66828208 0.73968017 0.07919788
vn 0.23550131 0.84950471 0.47210262
vn -0.25520012 0.75010035 -0.61010029
vn 0.23450409 0.90191572 -0.36270632
vn 0.27578339 0.88774654 -0.36857780
vn -0.23300472 0.74351506 -0.62681270
vn -0.27871820 0.77415056 -0.56833712
vn 0.29028635 0.90475747 -0.31168535
vn 0.66710752 0.74480839 0.01510017
vn 0.68109030 0.73218957 0.00379995
vn 0.68252713 0.73052904 0.02200087
vn 0.06349835 0.95997500 -0.27279290
vn -0.48169818 0.80819694 -0.33879872
vn -0.39698173 0.91765777 -0.01759919
vn 0.10070023 0.99420228 -0.03770009
vn 0.01380029 0.97522042 0.22080462
vn -0.45529407 0.83628912 0.30549602
vn 0.55558073 0.81087187 -0.18389362
vn 0.56138534 0.82147855 -0.10009739
vn 0.52422218 0.84933594 0.06180262
vn -0.06050015 0.91950227 -0.38840096
vn -0.05170197 0.98313753 -0.17540670
vn 0.41329226 0.89888316 -0.14559727
vn 0.44259932 0.82959872 -0.34039948
vn 0.79771073 0.52340704 -0.29950403
vn 0.82331651 0.56491133 0.05500110
vn 0.33871349 0.71282839 -0.61412446
vn -0.32150636 0.72161428 -0.61311213
vn 0.78538619 0.25709548 -0.56309010
vn -0.24379188 0.96426788 -0.10369655
vn -0.44982046 0.89224058 -0.03960180
vn -0.33208982 0.84137420 0.42638693
vn -0.12610240 0.90521725 0.40580773
vn 0.08899668 0.64887576 0.75567178
vn -0.21820138 0.50380319 0.83580530
vn 0.14179755 0.96098343 0.23749590
vn 0.00450008 0.90611520 -0.42300709
vn 0.47951611 0.55341859 0.68102288
vn 0.06960305 0.99724364 0.02570112
vn 0.27379950 0.96059825 -0.04779991
vn -0.26359386 0.92777838 0.26409385
vn -0.47951580 0.80122640 0.35791179
vn -0.47287800 0.86285985 0.17849169
vn 0.09250328 0.99533529 0.02740097
vn 0.56328105 0.78957343 -0.24349181
vn 0.58192098 0.80902917 -0.08270298
vn 0.47821479 0.83612586 -0.26870831
vn -0.41642169 0.68723579 0.59523100
vn 0.01929903 0.94005265 0.34048285
vn 0.03950100 0.95302414 0.30030761
vn -0.42758040 0.70066788 0.57117382
vn -0.38008598 0.67687503 0.63037675
vn 0.09859560 0.93885814 0.32988529
vn 0.48290530 0.87370958 -0.05860064
vn 0.47560964 0.87731778 -0.06410130
vn 0.52159253 0.85088781 -0.06269910
vn 0.04429914 0.99128068 -0.12409758
vn 0.34707934 0.93744419 0.02709839
vn 0.42627942 0.84055943 0.33428386
vn 0.03219983 0.99909476 -0.02779985
vn 0.15489980 0.98739875 -0.03239996
vn 0.62419518 0.66639486 0.40779685
vn -0.22160614 0.85072356 -0.47661320
vn -0.26949295 0.84527790 -0.46138793
vn -0.21958816 0.83845479 -0.49877310
vn -0.16600145 0.98090858 0.10130089
vn -0.17420105 0.92970559 0.32450195
vn 0.30520600 0.87771725 0.36940726
vn 0.35420442 0.92101149 0.16210202
vn 0.75200818 0.65200709 0.09680105
vn 0.72849463 0.53449606 0.42849684
vn 0.28220902 0.94733027 -0.15140484
vn -0.38658242 0.89285939 -0.23098949
vn 0.80331596 0.52331040 -0.28430565
vn -0.91902692 0.36691075 0.14410422
vn -0.94004929 0.21051104 0.26831407
vn -0.76190014 0.59850011 0.24760005
vn -0.60198098 0.79237496 0.09879688
vn -0.92959992 0.23049998 0.28759998
vn -0.76319577 0.58099678 0.28279843
vn -0.33491881 0.93955276 0.07120400
vn -0.18690687 0.95833522 -0.21600794
vn -0.40389804 0.89569566 0.18599910
vn 0.11559575 0.96606446 -0.23099150
vn -0.38157926 0.87885222 -0.28638443
vn -0.31880009 0.94760026 0.02050001
vn 0.14760683 0.98904579 0.00080004
vn 0.13160221 0.96871627 0.21040353
vn -0.33530890 0.88522351 0.32240856
vn 0.53142904 0.84654627 -0.03070168
vn 0.52048814 0.84228080 -0.14019680
vn 0.46349258 0.88508583 0.04239932
vn -0.17589677 0.91408319 0.36539328
vn -0.06840079 0.64500749 0.76110884
vn 0.19479087 0.74226520 0.64116994
vn 0.02740057 0.96371990 0.26550548
vn 0.22610220 0.95110924 0.21040204
vn 0.47097604 0.70126433 0.53517278
vn -0.13780376 0.98532689 -0.10070275
vn -0.23989614 0.96928442 -0.05419913
vn -0.04069802 0.99805140 -0.04729770
vn -0.16540167 0.98100988 0.10130102
vn -0.17370000 0.92980001 0.32450000
vn 0.30559550 0.87758706 0.36939456
vn 0.35470689 0.92081789 0.16210315
vn 0.75228555 0.65168748 0.09679814
vn 0.72870525 0.53420385 0.42850309
vn 0.28269589 0.94718622 -0.15139780
vn -0.38608807 0.89307240 -0.23099286
vn 0.80359041 0.52289376 -0.28429661
vn -0.28430678 0.93142222 -0.22720542
vn -0.69582531 0.66322413 -0.27561003
vn -0.66837072 0.74356743 0.01969914
vn -0.25789292 0.96617348 -0.00019999
vn -0.27239564 0.93998496 0.20549671
vn -0.65856343 0.68526195 0.31098273
vn 0.14259838 0.98928878 -0.03119965
vn 0.13289976 0.98059824 -0.14409974
vn 0.05979800 0.99726665 0.04339855
vn 0.03039947 0.99128261 0.12819775
vn -0.30588925 0.93746706 0.16609416
vn -0.53949437 0.84059123 -0.04849949
vn -0.01189991 0.99909239 0.04089969
vn -0.11229987 0.98739886 0.11149987
vn -0.74559475 0.66639531 -0.00239998
vn 0.44530199 0.85070380 0.27930125
vn 0.47718948 0.84528137 0.24039470
vn 0.45568042 0.83846397 0.29888716
vn 0.06310240 0.99743787 0.03370128
vn 0.24828767 0.96785193 0.04019800
vn 0.24678925 0.79146552 -0.55917564
vn 0.02560091 0.81312878 -0.58152058
vn -0.19790419 0.69611475 0.69011462
vn 0.20159481 0.79387957 0.57368524
vn 0.46359283 0.88298635 -0.07359886
vn 0.46710184 0.51070201 -0.72180284
vn 0.50530037 0.59100043 0.62880046
vn 0.17379693 0.97978271 0.09909825
vn 0.35340670 0.89631699 0.26780508
vn 0.40520988 0.80741969 0.42881045
vn 0.48737827 0.83346284 0.26038839
vn 0.68528873 0.65918916 0.30959491
vn 0.57399604 0.75659478 0.31319784
vn 0.48810776 0.87261387 -0.01720027
vn 0.20029988 0.97269941 -0.11719993
vn 0.60416748 0.75695926 0.24898660
vn 0.10369891 0.78559173 0.60999358
vn 0.10929993 0.91219939 0.39489974
vn -0.30478027 0.89984176 0.31207980
vn -0.08090026 0.88660287 0.45540147
vn 0.36489475 0.73948937 0.56569187
vn 0.41241541 0.81823058 0.40051497
vn -0.02649926 0.99417209 0.10449707
vn -0.42919669 0.90309304 -0.01459989
vn 0.25559119 0.91886833 0.30058964
vn 0.14379747 0.86568477 -0.47949157
vn -0.34450676 0.77451520 -0.53051041
vn -0.29809626 0.91928846 -0.25699677
vn 0.16550792 0.95054547 -0.26281257
vn 0.13980422 0.98822980 -0.06210187
vn -0.33430240 0.94120677 0.04870035
vn 0.54521943 0.80232859 -0.24290865
vn 0.53579656 0.77109505 -0.34399779
vn 0.47668817 0.85927868 -0.18549540
vn 0.16869739 0.98508478 -0.03389948
vn 0.19739111 0.98015587 -0.01819918
vn 0.57828732 0.80598233 -0.12639723
vn 0.56649385 0.81119120 -0.14509843
vn 0.13959956 0.99019689 0.00469999
vn 0.58452370 0.80693272 -0.08480344
vn -0.25129513 0.96468130 0.07899847
vn -0.24098894 0.96595566 0.09409568
vn -0.26100153 0.96110562 0.09030053
vn -0.28430678 0.93142222 -0.22720542
vn -0.69582531 0.66322413 -0.27561003
vn -0.66837072 0.74356743 0.01969914
vn -0.25789292 0.96617348 -0.00019999
vn -0.27239564 0.93998496 0.20549671
vn -0.65860856 0.68520891 0.31100404
vn 0.14259838 0.98928878 -0.03119965
vn 0.13289976 0.98059824 -0.14409974
vn 0.05979800 0.99726665 0.04339855
vn 0.00059997 0.91626041 0.40058269
vn 0.35269378 0.93488350 0.03999929
vn 0.05959962 0.99449361 -0.08619945
vn -0.20230598 0.93662770 0.28600846
vn -0.35877693 0.92184072 0.14659057
vn -0.16479612 0.94067785 -0.29659302
vn -0.38711150 0.72132143 0.57431706
vn -0.29589713 0.71749303 0.63059388
vn -0.40979821 0.77129663 0.48699787
vn -0.28430678 0.93142222 -0.22720542
vn -0.69582531 0.66322413 -0.27561003
vn -0.66837072 0.74356743 0.01969914
vn -0.25789292 0.96617348 -0.00019999
vn -0.27239564 0.93998496 0.20549671
vn -0.65860856 0.68520891 0.31100404
vn 0.14259838 0.98928878 -0.03119965
vn 0.13289976 0.98059824 -0.14409974
vn 0.05979800 0.99726665 0.04339855
vn -0.55469927 0.83169891 0.02419997
vn -0.00949994 0.99939357 0.03349978
vn 0.02999987 0.99949580 0.01039996
vn -0.54617450 0.83766089 -0.00419980
vn -0.54928943 0.83198399 0.07799850
vn 0.06299789 0.99526661 0.07399752
vn 0.58380525 0.81140730 0.02810025
vn 0.58158322 0.81327654 0.01849947
vn 0.61200581 0.78900750 0.05400051
vn 0.37180646 0.91741594 -0.14180246
vn 0.47418256 0.87846768 0.05869784
vn 0.78201978 0.61101546 -0.12290311
vn 0.71731250 0.62051081 -0.31690552
vn 0.84491580 0.22940429 -0.48320903
vn 0.97278752 0.14699811 -0.17909770
vn 0.50460457 0.68260618 -0.52860479
vn -0.00919987 0.95998625 -0.27989599
vn 0.62259361 0.10629891 -0.77529204
vn 0.50958715 0.84347874 0.16989572
vn 0.64610457 0.76310540 0.01480010
vn 0.17820569 0.98293139 0.04570146
vn -0.12210143 0.97291143 0.19630231
vn 0.62700026 0.77900033 -0.00540000
vn 0.20480072 0.97880344 0.00070000
vn -0.48792020 0.85783551 0.16140668
vn -0.63131565 0.65271618 0.41881038
vn -0.38290484 0.92261166 0.04660059
vn 0.16310271 0.93171549 -0.32450539
vn 0.32141113 0.94553273 -0.05160179
vn 0.46368812 0.87947747 0.10729725
vn 0.00000000 0.99296646 0.11839600
vn 0.02069901 0.86705849 -0.49777617
vn 0.02379892 0.96795623 -0.24998870
vn 0.52298700 0.74538147 0.41338972
vn 0.64567180 0.63057246 0.43068119
vn 0.18870524 0.94212614 0.27710769
vn -0.16969345 0.98346202 -0.06329756
vn -0.13529886 0.98619173 0.09549920
vn -0.07229767 0.97606852 0.20509338
vn -0.17569640 0.98427983 0.01799963
vn -0.21020591 0.97442740 -0.07940223
vn -0.16599662 0.98068002 0.10349789
vn -0.03400131 0.92943573 0.36741412
vn 0.17359435 0.86797177 0.46528487
vn -0.08930100 0.94121056 0.32580365
vn 0.70349951 0.71049951 0.01669999
vn 0.55749547 0.83009325 -0.01199990
vn 0.92308534 0.37899398 -0.06539896
vn 0.98305807 0.17309262 -0.06029743
vn 0.96319398 0.25149843 0.09489941
vn 0.70600027 0.70820027 0.00400000
vn 0.21919042 0.97495740 0.03759836
vn 0.27800170 0.95310583 -0.11960073
vn 0.30041160 0.94863664 0.09920383
vn -0.34440762 0.86861921 0.35620788
vn -0.34399755 0.93319336 0.10399926
vn -0.70890260 0.70520259 0.01210004
vn -0.53338661 0.83067915 0.15959599
vn -0.06730277 0.94153882 0.33011361
vn -0.03870192 0.99084914 0.12930641
vn -0.47377276 0.85385090 -0.21558760
vn -0.76629011 0.57159262 -0.29339621
vn -0.22120446 0.97521966 -0.00390008
vn 0.76391509 0.64481274 -0.02550050
vn 0.56940180 0.79830252 -0.19620062
vn 0.46590296 0.84150534 0.27350174
vn 0.60452635 0.69813043 0.38361672
vn 0.71960151 0.55380116 0.41890088
vn 0.90623978 0.42161851 0.03110137
vn 0.25499580 0.70918832 0.65728918
vn 0.35791550 0.62042686 0.69783021
vn 0.45061536 0.61232088 0.64962215
vn -0.33189492 0.89278634 -0.30459534
vn -0.46772092 0.58312608 -0.66422971
vn -0.67910270 0.58680233 -0.44100175
vn -0.47909981 0.86609966 -0.14259994
vn -0.62549715 0.77979645 -0.02589988
vn -0.84770557 0.46700307 -0.25160165
vn -0.22620259 0.96451103 0.13620156
vn -0.15140114 0.98690744 0.05560042
vn -0.33221849 0.93525204 0.12220680
vn 0.06270052 0.99100816 -0.11820097
vn -0.48538636 0.84907613 -0.20849414
vn -0.39629382 0.90918583 0.12779801
vn 0.10119673 0.98786805 0.11779619
vn 0.01399982 0.92888829 0.37009533
vn -0.45069627 0.78179353 0.43089644
vn 0.55741155 0.82851716 -0.05340111
vn 0.56200112 0.82650165 0.03240006
vn 0.52210207 0.83010330 0.19580078
vn -0.26390399 0.96441457 0.01610024
vn -0.07279745 0.98676542 0.14489492
vn 0.06330226 0.96133433 0.26800957
vn 0.09839637 0.99166346 0.08319693
vn 0.33660645 0.93791798 0.08370160
vn 0.19400655 0.97323286 0.12320416
vn 0.00250009 0.98373537 -0.17960646
vn -0.32371625 0.91374586 -0.24551232
vn 0.19410794 0.97934006 0.05670232
vn 0.53387696 0.64777205 -0.54347655
vn 0.71340064 0.50580046 -0.48500044
vn 0.23430927 0.84663349 -0.47781890
vn -0.02710024 0.90520803 -0.42410376
vn 0.03239889 0.81277217 -0.58168008
vn 0.54810899 0.64441057 -0.53320874
vn 0.87707648 0.23509370 -0.41888877
vn 0.88828525 0.32869454 -0.32079467
vn 0.82593785 0.26551217 -0.49732279
vn 0.10079982 0.77059866 -0.62929890
vn 0.13810575 0.93653901 -0.32221342
vn 0.15659635 0.93847811 -0.30779282
vn 0.11679948 0.77159657 -0.62529722
vn 0.07109985 0.77689838 -0.62559869
vn 0.14089936 0.95249569 -0.26999878
vn 0.16229527 0.98597126 0.03899886
vn 0.17740005 0.98310029 0.04520001
vn 0.17249148 0.98315146 0.06049701
vn -0.07860239 0.99623024 -0.03670111
vn 0.45777873 0.88775876 -0.04819776
vn 0.49319554 0.86689215 -0.07249934
vn -0.06890124 0.99541789 -0.06630119
vn -0.07030288 0.99734088 0.01920079
vn 0.52031414 0.85392320 -0.00940026
vn 0.88329270 0.46629614 -0.04859960
vn 0.88146212 0.46867986 -0.05799751
vn 0.89828807 0.43879417 -0.02319969
vn -0.44761622 0.89373238 -0.02970108
vn -0.28051307 0.85133966 0.44332065
vn -0.04640135 0.96502801 0.25800749
vn -0.25789606 0.95388542 -0.15359765
vn -0.06339706 0.97185492 -0.22688947
vn 0.24519585 0.95778377 0.15009746
vn -0.41609586 0.77119233 -0.48179521
vn -0.50459163 0.75088754 -0.42609293
vn -0.33170078 0.82690194 -0.45410106
vn 0.22980620 0.83262248 -0.50391360
vn 0.29619400 0.48609016 -0.82218336
vn 0.00690009 0.56140735 -0.82751083
vn 0.00750011 0.86891326 -0.49490755
vn -0.19209915 0.83649628 -0.51319772
vn -0.27679510 0.50669104 -0.81648556
vn 0.02020026 0.99141257 -0.12920164
vn 0.13359812 0.98228614 -0.13139815
vn -0.05039884 0.97557758 -0.21379509
vn 0.49220455 0.86550801 0.09290086
vn 0.77781721 0.53991195 0.32170712
vn 0.83919169 0.54339462 0.02189978
vn 0.53011270 0.83922010 -0.12120290
vn 0.58820309 0.75200395 -0.29750156
vn 0.87561532 0.42580745 -0.22800399
vn 0.17809943 0.95859693 -0.22219929
vn 0.15869820 0.98068888 -0.11429870
vn 0.27329716 0.92419040 -0.26679723
vn 0.19790064 0.88780289 -0.41550135
vn -0.00980035 0.96003450 -0.27971005
vn -0.19990311 0.95131481 -0.23460365
vn -0.05960034 0.99270571 -0.10480060
vn -0.18769955 0.97339766 0.13139968
vn -0.13639745 0.99018150 -0.03059943
vn 0.22990338 0.97071427 -0.06970102
vn 0.39240148 0.85840323 -0.33040124
vn -0.07740036 0.99690458 0.01380006
vn -0.16600145 0.98090858 0.10130089
vn -0.17420105 0.92970559 0.32450195
vn 0.30520600 0.87771725 0.36940726
vn 0.35420442 0.92101149 0.16210202
vn 0.75200818 0.65200709 0.09680105
vn 0.72849463 0.53449606 0.42849684
vn 0.28220902 0.94733027 -0.15140484
vn -0.38658242 0.89285939 -0.23098949
vn 0.80331596 0.52331040 -0.28430565
vn 0.08670086 0.98100974 0.17350172
vn 0.30840009 0.92980027 0.20090006
vn 0.39428539 0.87756749 -0.27278989
vn 0.19190398 0.92081911 -0.33950704
vn 0.16090168 0.65170680 -0.74120773
vn 0.48939596 0.53419560 -0.68929432
vn -0.12659598 0.94716993 -0.29469065
vn -0.26328598 0.89305244 0.36488057
vn -0.21430280 0.52290682 -0.82501077
vn -0.03789959 0.98028936 -0.19389790
vn 0.20180187 0.97290900 -0.11280104
vn 0.13610140 0.97200998 0.19150197
vn -0.08729789 0.99487597 -0.05099877
vn 0.11980593 0.96354773 0.23921185
vn -0.06389816 0.99277140 -0.10159707
vn -0.31741866 0.86495083 -0.38872285
vn -0.20229894 0.88459536 -0.42019780
vn -0.30581528 0.89804487 -0.31621580
vn 0.65180134 0.68210140 0.33150068
vn 0.24490384 0.88241383 0.40170629
vn 0.39361570 0.91803661 -0.04770190
vn 0.53341830 0.82282822 0.19600672
vn 0.24299224 0.94366987 -0.22459283
vn 0.26740443 0.96271595 0.04090068
vn 0.67318987 0.47719282 0.56489150
vn 0.76169673 0.35119849 0.54449766
vn 0.40669348 0.75258794 0.51789170
vn 0.68896691 0.44567860 0.57157255
vn 0.41899982 0.76319968 0.49189979
vn 0.71040440 0.68950427 0.14110087
vn 0.69498029 0.58978327 0.41128833
vn 0.66009059 0.74788934 -0.07029900
vn 0.59231440 0.78531909 0.18010438
vn 0.55318618 0.28059299 0.78438041
vn 0.58508881 0.13599740 0.79948471
vn 0.45747699 0.61246920 0.64466758
vn 0.68896691 0.44567860 0.57157255
vn 0.41899982 0.76319968 0.49189979
vn 0.71040440 0.68950427 0.14110087
vn 0.69498029 0.58978327 0.41128833
vn 0.66009059 0.74788934 -0.07029900
vn 0.59231440 0.78531909 0.18010438
vn 0.55318618 0.28059299 0.78438041
vn 0.58508881 0.13599740 0.79948471
vn 0.45747699 0.61246920 0.64466758
vn 0.65180134 0.68210140 0.33150068
vn 0.24490384 0.88241383 0.40170629
vn 0.39361570 0.91803661 -0.04770190
vn 0.53341830 0.82282822 0.19600672
vn 0.24299224 0.94366987 -0.22459283
vn 0.26740443 0.96271595 0.04090068
vn 0.67318987 0.47719282 0.56489150
vn 0.76169673 0.35119849 0.54449766
vn 0.40669348 0.75258794 0.51789170
vn 0.35839979 0.76839955 0.53019969
vn -0.06989977 0.91159700 0.40509867
vn 0.25220862 0.96593301 0.05800198
vn 0.29020804 0.89132468 0.34830964
vn 0.18869612 0.96728010 -0.16959651
vn 0.09420340 0.99223576 0.08120293
vn 0.30130262 0.56350491 0.76920670
vn 0.40760599 0.44710657 0.79621170
vn 0.04439995 0.80419908 0.59269932
vn -0.58827318 0.55917451 0.58417337
vn -0.38021448 0.81173092 0.44331689
vn -0.50638509 0.81367604 0.28549159
vn -0.78570867 0.49120542 0.37600415
vn -0.46741630 0.47821668 0.74352593
vn -0.30799810 0.78349517 0.53969667
vn -0.13629690 0.96667802 0.21669507
vn -0.18610530 0.96962761 0.15870452
vn -0.15169118 0.94554504 0.28798326
vn -0.54929731 0.57609718 -0.60529704
vn -0.70461058 0.46360696 -0.53720807
vn -0.75507514 0.64507876 -0.11719614
vn -0.60322254 0.78482932 -0.14200531
vn -0.44561034 0.84071950 0.30760714
vn -0.67780125 0.59890111 0.42650079
vn -0.34170494 0.90381306 -0.25760372
vn -0.22789932 0.53459839 -0.81379755
vn -0.03519902 0.93367400 0.35639008
vn 0.05689790 0.99836316 0.00579979
vn 0.12439724 0.98897802 0.08029822
vn 0.37208599 0.91886540 -0.13129506
vn 0.32219348 0.93088115 -0.17219651
vn 0.61018270 0.74307894 -0.27479221
vn 0.45840443 0.81730790 -0.34910338
vn 0.16379855 0.93149174 -0.32479712
vn -0.12319784 0.99218259 -0.01989965
vn 0.33119405 0.65488823 -0.67928779
vn -0.14990290 0.98091900 0.12380240
vn -0.12640216 0.92971587 0.34590590
vn 0.35450544 0.87771347 0.32240495
vn 0.37369314 0.92098309 0.11019798
vn 0.75812334 0.65202008 -0.01090034
vn 0.78191153 0.53450788 0.32080473
vn 0.25790623 0.94732287 -0.18990459
vn -0.41539294 0.89288482 -0.17379704
vn 0.75483507 0.52332431 -0.39541837
vn 0.35479612 0.90459010 -0.23629741
vn 0.24040841 0.86673031 -0.43701528
vn -0.14980155 0.92950963 -0.33700349
vn 0.11209973 0.93559775 -0.33479919
vn 0.55988125 0.75497472 -0.34138857
vn 0.49321006 0.70041429 -0.51591052
vn -0.02770035 0.77730978 -0.62850791
vn -0.41899288 0.76968692 -0.48169182
vn 0.30809177 0.75717976 -0.57598461
vn 0.02139981 0.99609120 -0.08569924
vn -0.04080153 0.98883710 -0.14330538
vn 0.17219663 0.91048220 -0.37599265
vn 0.19579403 0.86907352 -0.45428616
vn 0.02049954 0.99777772 -0.06339858
vn 0.00040001 0.99742603 -0.07170187
vn 0.14220045 0.98830309 0.05510017
vn 0.19310849 0.96614250 -0.17110753
vn 0.21359449 0.96097521 -0.17579546
vn -0.00160004 0.99962599 0.02730071
vn -0.01969925 0.99776202 0.06389757
vn -0.08449943 0.99539328 0.04529969
vn -0.05780245 0.99754227 0.03960168
vn -0.45528422 0.88896918 -0.04949828
vn -0.39810292 0.91390671 -0.07930058
vn 0.01170014 0.95671128 -0.29080343
vn 0.19170273 0.91711305 -0.34950497
vn -0.15420293 0.98211864 0.10800205
vn -0.19109969 0.96399845 0.18489970
vn -0.22420771 0.95993299 -0.16810578
vn -0.21749147 0.95296262 -0.21109172
vn -0.10499785 0.98167993 0.15899675
vn -0.13739996 0.97469974 0.17629995
vn -0.01350054 0.99894023 0.04400177
vn -0.02380040 0.99901688 0.03740063
vn 0.36891323 0.89913225 -0.23550845
vn 0.27960540 0.94291821 -0.18090349
vn 0.19440112 0.31430181 0.92920535
vn 0.26231178 0.68693085 0.67773043
vn 0.19579805 0.74729255 0.63499367
vn 0.16369741 0.29109539 0.94258508
vn -0.27389128 0.88217192 0.38308781
vn -0.36770201 0.85080464 0.37540205
vn -0.15029584 0.87437578 0.46138722
vn -0.19640173 0.90300796 0.38210337
vn -0.06049718 0.93095659 0.36008321
vn 0.03259862 0.83546451 0.54857669
vn 0.03390022 0.76670486 0.64110407
vn 0.21880376 0.91171567 -0.34770598
vn 0.23329550 0.87978303 -0.41419201
vn 0.24319514 0.96988063 0.01369973
vn 0.25640439 0.96641655 0.01720029
vn -0.04370031 0.99820712 0.04090029
vn -0.05049779 0.99695633 0.05939740
vn 0.12000204 0.99081688 -0.06230106
vn 0.27140493 0.96051746 -0.06120111
vn -0.05669868 0.98337704 0.17249597
vn 0.12519730 0.94437960 -0.30409343
vn 0.33460213 0.94070598 -0.05580035
vn 0.24240672 0.94752626 -0.20840578
vn 0.00200000 0.93209849 -0.36219941
vn 0.33369305 0.84948232 0.40869149
vn 0.19860443 0.97792182 0.06500145
vn 0.50969278 0.86008781 0.02149970
vn 0.07919788 0.73968017 0.66828208
vn 0.47210262 0.84950471 -0.23550131
vn -0.25520012 0.75010035 -0.61010029
vn 0.23450409 0.90191572 -0.36270632
vn 0.27578339 0.88774654 -0.36857780
vn -0.23300472 0.74351506 -0.62681270
vn -0.27871820 0.77415056 -0.56833712
vn 0.29028635 0.90475747 -0.31168535
vn 0.66710752 0.74480839 0.01510017
vn 0.68109030 0.73218957 0.00379995
vn 0.68252713 0.73052904 0.02200087
vn 0.06349835 0.95997500 -0.27279290
vn -0.48169818 0.80819694 -0.33879872
vn -0.39698173 0.91765777 -0.01759919
vn 0.10070023 0.99420228 -0.03770009
vn 0.01380029 0.97522042 0.22080462
vn -0.45529407 0.83628912 0.30549602
vn 0.55558073 0.81087187 -0.18389362
vn 0.56138534 0.82147855 -0.10009739
vn 0.52422218 0.84933594 0.06180262
vn -0.06050015 0.91950227 -0.38840096
vn -0.05170197 0.98313753 -0.17540670
vn 0.41329226 0.89888316 -0.14559727
vn 0.44259932 0.82959872 -0.34039948
vn 0.79771073 0.52340704 -0.29950403
vn 0.82331651 0.56491133 0.05500110
vn 0.33869269 0.71278461 -0.61418674
vn -0.32150636 0.72161428 -0.61311213
vn 0.78538619 0.25709548 -0.56309010
vn -0.24379188 0.96426788 -0.10369655
vn -0.44982046 0.89224058 -0.03960180
vn -0.33208982 0.84137420 0.42638693
vn -0.12610240 0.90521725 0.40580773
vn 0.08900245 0.64881787 0.75572081
vn -0.21820138 0.50380319 0.83580530
vn 0.14179755 0.96098343 0.23749590
vn 0.00450008 0.90611520 -0.42300709
vn 0.47951611 0.55341859 0.68102288
vn 0.06960305 0.99724364 0.02570112
vn 0.27379950 0.96059825 -0.04779991
vn -0.26359386 0.92777838 0.26409385
vn -0.47951580 0.80122640 0.35791179
vn -0.47287800 0.86285985 0.17849169
vn 0.09250328 0.99533529 0.02740097
vn 0.56328105 0.78957343 -0.24349181
vn 0.58192098 0.80902917 -0.08270298
vn 0.47821479 0.83612586 -0.26870831
vn -0.41642169 0.68723579 0.59523100
vn 0.01929903 0.94005265 0.34048285
vn 0.03950100 0.95302414 0.30030761
vn -0.42758040 0.70066788 0.57117382
vn -0.38008598 0.67687503 0.63037675
vn 0.09859560 0.93885814 0.32988529
vn 0.48290530 0.87370958 -0.05860064
vn 0.47560964 0.87731778 -0.06410130
vn 0.52159253 0.85088781 -0.06269910
vn 0.04429914 0.99128068 -0.12409758
vn 0.34707934 0.93744419 0.02709839
vn 0.42627942 0.84055943 0.33428386
vn 0.03219983 0.99909476 -0.02779985
vn 0.15489980 0.98739875 -0.03239996
vn 0.62419518 0.66639486 0.40779685
vn -0.22160614 0.85072356 -0.47661320
vn -0.26949295 0.84527790 -0.46138793
vn -0.21958816 0.83845479 -0.49877310
vn -0.16600145 0.98090858 0.10130089
vn -0.17420105 0.92970559 0.32450195
vn 0.30520600 0.87771725 0.36940726
vn 0.35420442 0.92101149 0.16210202
vn 0.75200818 0.65200709 0.09680105
vn 0.72849463 0.53449606 0.42849684
vn 0.28220902 0.94733027 -0.15140484
vn -0.38658242 0.89285939 -0.23098949
vn 0.80331596 0.52331040 -0.28430565
vn -0.91902692 0.36691075 0.14410422
vn -0.94004929 0.21051104 0.26831407
vn -0.76190014 0.59850011 0.24760005
vn -0.60198098 0.79237496 0.09879688
vn -0.92959992 0.23049998 0.28759998
vn -0.76319577 0.58099678 0.28279843
vn -0.33491881 0.93955276 0.07120400
vn -0.18690687 0.95833522 -0.21600794
vn -0.40389804 0.89569566 0.18599910
vn 0.11559575 0.96606446 -0.23099150
vn -0.38157926 0.87885222 -0.28638443
vn -0.31880009 0.94760026 0.02050001
vn 0.14760683 0.98904579 0.00080004
vn 0.13160221 0.96871627 0.21040353
vn -0.33530890 0.88522351 0.32240856
vn 0.53142904 0.84654627 -0.03070168
vn 0.52048814 0.84228080 -0.14019680
vn 0.46349258 0.88508583 0.04239932
vn -0.17589677 0.91408319 0.36539328
vn -0.06840079 0.64500749 0.76110884
vn 0.19479087 0.74226520 0.64116994
vn 0.02740057 0.96371990 0.26550548
vn 0.22610220 0.95110924 0.21040204
vn 0.47097604 0.70126433 0.53517278
vn -0.13780376 0.98532689 -0.10070275
vn -0.23989614 0.96928442 -0.05419913
vn -0.04069802 0.99805140 -0.04729770
vn -0.16540167 0.98100988 0.10130102
vn -0.17370000 0.92980001 0.32450000
vn 0.30559550 0.87758706 0.36939456
vn 0.35470689 0.92081789 0.16210315
vn 0.75228555 0.65168748 0.09679814
vn 0.72870525 0.53420385 0.42850309
vn 0.28269589 0.94718622 -0.15139780
vn -0.38608807 0.89307240 -0.23099286
vn 0.80359041 0.52289376 -0.28429661
vn -0.28430678 0.93142222 -0.22720542
vn -0.69582531 0.66322413 -0.27561003
vn -0.66837072 0.74356743 0.01969914
vn -0.25789292 0.96617348 -0.00019999
vn -0.27239564 0.93998496 0.20549671
vn -0.65856343 0.68526195 0.31098273
vn 0.14259838 0.98928878 -0.03119965
vn 0.13289976 0.98059824 -0.14409974
vn 0.05979800 0.99726665 0.04339855
vn 0.03039947 0.99128261 0.12819775
vn -0.30588925 0.93746706 0.16609416
vn -0.53949437 0.84059123 -0.04849949
vn -0.01189991 0.99909239 0.04089969
vn -0.11229987 0.98739886 0.11149987
vn -0.74559475 0.66639531 -0.00239998
vn 0.44530199 0.85070380 0.27930125
vn 0.47718948 0.84528137 0.24039470
vn 0.45568042 0.83846397 0.29888716
vn 0.06310240 0.99743787 0.03370128
vn 0.24828767 0.96785193 0.04019800
vn 0.24678925 0.79146552 -0.55917564
vn 0.02560091 0.81312878 -0.58152058
vn -0.19790419 0.69611475 0.69011462
vn 0.20159481 0.79387957 0.57368524
vn 0.46359283 0.88298635 -0.07359886
vn 0.46710184 0.51070201 -0.72180284
vn 0.50530037 0.59100043 0.62880046
vn 0.17379693 0.97978271 0.09909825
vn 0.35340670 0.89631699 0.26780508
vn 0.40520988 0.80741969 0.42881045
vn 0.48737827 0.83346284 0.26038839
vn 0.68528873 0.65918916 0.30959491
vn 0.57399604 0.75659478 0.31319784
vn 0.48810776 0.87261387 -0.01720027
vn 0.20029988 0.97269941 -0.11719993
vn 0.60416748 0.75695926 0.24898660
vn 0.10369891 0.78559173 0.60999358
vn 0.10929993 0.91219939 0.39489974
vn -0.30478027 0.89984176 0.31207980
vn -0.08090026 0.88660287 0.45540147
vn 0.36489475 0.73948937 0.56569187
vn 0.41241541 0.81823058 0.40051497
vn -0.02649926 0.99417209 0.10449707
vn -0.42919669 0.90309304 -0.01459989
vn 0.25559119 0.91886833 0.30058964
vn 0.14379747 0.86568477 -0.47949157
vn -0.34450676 0.77451520 -0.53051041
vn -0.29809626 0.91928846 -0.25699677
vn 0.16550792 0.95054547 -0.26281257
vn 0.13980422 0.98822980 -0.06210187
vn -0.33430240 0.94120677 0.04870035
vn 0.54521943 0.80232859 -0.24290865
vn 0.53579656 0.77109505 -0.34399779
vn 0.47668817 0.85927868 -0.18549540
vn 0.16869739 0.98508478 -0.03389948
vn 0.19739111 0.98015587 -0.01819918
vn 0.57828732 0.80598233 -0.12639723
vn 0.56649385 0.81119120 -0.14509843
vn 0.13959956 0.99019689 0.00469999
vn 0.58452370 0.80693272 -0.08480344
vn -0.25129513 0.96468130 0.07899847
vn -0.24098894 0.96595566 0.09409568
vn -0.26100153 0.96110562 0.09030053
vn -0.28430678 0.93142222 -0.22720542
vn -0.69582531 0.66322413 -0.27561003
vn -0.66837072 0.74356743 0.01969914
vn -0.25789292 0.96617348 -0.00019999
vn -0.27239564 0.93998496 0.20549671
vn -0.65860856 0.68520891 0.31100404
vn 0.14259838 0.98928878 -0.03119965
vn 0.13289976 0.98059824 -0.14409974
vn 0.05979800 0.99726665 0.04339855
vn 0.00059997 0.91626041 0.40058269
vn 0.35269378 0.93488350 0.03999929
vn 0.05959962 0.99449361 -0.08619945
vn -0.20230598 0.93662770 0.28600846
vn -0.35877693 0.92184072 0.14659057
vn -0.16479612 0.94067785 -0.29659302
vn -0.38711150 0.72132143 0.57431706
vn -0.29589713 0.71749303 0.63059388
vn -0.40979821 0.77129663 0.48699787
vn -0.28430678 0.93142222 -0.22720542
vn -0.69582531 0.66322413 -0.27561003
vn -0.66837072 0.74356743 0.01969914
vn -0.25789292 0.96617348 -0.00019999
vn -0.27239564 0.93998496 0.20549671
vn -0.65860856 0.68520891 0.31100404
vn 0.14259838 0.98928878 -0.03119965
vn 0.13289976 0.98059824 -0.14409974
vn 0.05979800 0.99726665 0.04339855
vn -0.55469927 0.83169891 0.02419997
vn -0.00949994 0.99939357 0.03349978
vn 0.02999987 0.99949580 0.01039996
vn -0.54617450 0.83766089 -0.00419980
vn -0.54928943 0.83198399 0.07799850
vn 0.06299789 0.99526661 0.07399752
vn 0.58380525 0.81140730 0.02810025
vn 0.58158322 0.81327654 0.01849947
vn 0.61200581 0.78900750 0.05400051
vn 0.37180646 0.91741594 -0.14180246
vn 0.47418256 0.87846768 0.05869784
vn 0.78201978 0.61101546 -0.12290311
vn 0.71731250 0.62051081 -0.31690552
vn 0.84491580 0.22940429 -0.48320903
vn 0.97278752 0.14699811 -0.17909770
vn 0.50460457 0.68260618 -0.52860479
vn -0.00919987 0.95998625 -0.27989599
vn 0.62259361 0.10629891 -0.77529204
vn 0.50958715 0.84347874 0.16989572
vn 0.64610457 0.76310540 0.01480010
vn 0.17820569 0.98293139 0.04570146
vn -0.12210143 0.97291143 0.19630231
vn 0.62700026 0.77900033 -0.00540000
vn 0.20480072 0.97880344 0.00070000
vn -0.48792020 0.85783551 0.16140668
vn -0.63131565 0.65271618 0.41881038
vn -0.38290484 0.92261166 0.04660059
vn 0.16310271 0.93171549 -0.32450539
vn 0.32141113 0.94553273 -0.05160179
vn 0.46368812 0.87947747 0.10729725
vn 0.00000000 0.99296646 0.11839600
vn 0.02069901 0.86705849 -0.49777617
vn 0.02379892 0.96795623 -0.24998870
vn 0.52298700 0.74538147 0.41338972
vn 0.64567180 0.63057246 0.43068119
vn 0.18870524 0.94212614 0.27710769
vn -0.16969345 0.98346202 -0.06329756
vn -0.13529886 0.98619173 0.09549920
vn -0.07229767 0.97606852 0.20509338
vn -0.17569640 0.98427983 0.01799963
vn -0.21020591 0.97442740 -0.07940223
vn -0.16599662 0.98068002 0.10349789
vn -0.03400131 0.92943573 0.36741412
vn 0.17359435 0.86797177 0.46528487
vn -0.08930100 0.94121056 0.32580365
vn 0.70349951 0.71049951 0.01669999
vn 0.55749547 0.83009325 -0.01199990
vn 0.92308534 0.37899398 -0.06539896
vn 0.98305807 0.17309262 -0.06029743
vn 0.96319398 0.25149843 0.09489941
vn 0.70600027 0.70820027 0.00400000
vn 0.21919042 0.97495740 0.03759836
vn 0.27800170 0.95310583 -0.11960073
vn 0.30041160 0.94863664 0.09920383
vn -0.34440762 0.86861921 0.35620788
vn -0.34399755 0.93319336 0.10399926
vn -0.70890260 0.70520259 0.01210004
vn -0.53338661 0.83067915 0.15959599
vn -0.06730277 0.94153882 0.33011361
vn -0.03870192 0.99084914 0.12930641
vn -0.47377276 0.85385090 -0.21558760
vn -0.76629011 0.57159262 -0.29339621
vn -0.22120446 0.97521966 -0.00390008
vn 0.76391509 0.64481274 -0.02550050
vn 0.56940180 0.79830252 -0.19620062
vn 0.46590296 0.84150534 0.27350174
vn 0.60452635 0.69813043 0.38361672
vn 0.71960151 0.55380116 0.41890088
vn 0.90623978 0.42161851 0.03110137
vn 0.25499580 0.70918832 0.65728918
vn 0.35791550 0.62042686 0.69783021
vn 0.45061536 0.61232088 0.64962215
vn -0.33189492 0.89278634 -0.30459534
vn -0.46772092 0.58312608 -0.66422971
vn -0.67910270 0.58680233 -0.44100175
vn -0.47909981 0.86609966 -0.14259994
vn -0.62549715 0.77979645 -0.02589988
vn -0.84770557 0.46700307 -0.25160165
vn -0.22620259 0.96451103 0.13620156
vn -0.15140114 0.98690744 0.05560042
vn -0.33221849 0.93525204 0.12220680
vn 0.06270052 0.99100816 -0.11820097
vn -0.48538636 0.84907613 -0.20849414
vn -0.39629382 0.90918583 0.12779801
vn 0.10119673 0.98786805 0.11779619
vn 0.01399982 0.92888829 0.37009533
vn -0.45069627 0.78179353 0.43089644
vn 0.55741155 0.82851716 -0.05340111
vn 0.56200112 0.82650165 0.03240006
vn 0.52210207 0.83010330 0.19580078
vn -0.26390399 0.96441457 0.01610024
vn -0.07279745 0.98676542 0.14489492
vn 0.06330226 0.96133433 0.26800957
vn 0.09839637 0.99166346 0.08319693
vn 0.33660645 0.93791798 0.08370160
vn 0.19400655 0.97323286 0.12320416
vn 0.00250009 0.98373537 -0.17960646
vn -0.32371625 0.91374586 -0.24551232
vn 0.19410794 0.97934006 0.05670232
vn 0.53387696 0.64777205 -0.54347655
vn 0.71340064 0.50580046 -0.48500044
vn 0.23430927 0.84663349 -0.47781890
vn -0.02710024 0.90520803 -0.42410376
vn 0.03239889 0.81277217 -0.58168008
vn 0.54810899 0.64441057 -0.53320874
vn 0.87707648 0.23509370 -0.41888877
vn 0.88828525 0.32869454 -0.32079467
vn 0.82593785 0.26551217 -0.49732279
vn 0.10079982 0.77059866 -0.62929890
vn 0.13810575 0.93653901 -0.32221342
vn 0.15659635 0.93847811 -0.30779282
vn 0.11679948 0.77159657 -0.62529722
vn 0.07109985 0.77689838 -0.62559869
vn 0.14089936 0.95249569 -0.26999878
vn 0.16229527 0.98597126 0.03899886
vn 0.17740005 0.98310029 0.04520001
vn 0.17249148 0.98315146 0.06049701
vn -0.07860239 0.99623024 -0.03670111
vn 0.45777873 0.88775876 -0.04819776
vn 0.49319554 0.86689215 -0.07249934
vn -0.06890124 0.99541789 -0.06630119
vn -0.07030288 0.99734088 0.01920079
vn 0.52031414 0.85392320 -0.00940026
vn 0.88329270 0.46629614 -0.04859960
vn 0.88146212 0.46867986 -0.05799751
vn 0.89828807 0.43879417 -0.02319969
vn -0.44761622 0.89373238 -0.02970108
vn -0.28051307 0.85133966 0.44332065
vn -0.04640135 0.96502801 0.25800749
vn -0.25789606 0.95388542 -0.15359765
vn -0.06339706 0.97185492 -0.22688947
vn 0.24519585 0.95778377 0.15009746
vn -0.41609586 0.77119233 -0.48179521
vn -0.50459163 0.75088754 -0.42609293
vn -0.33170078 0.82690194 -0.45410106
vn 0.22980620 0.83262248 -0.50391360
vn 0.29619400 0.48609016 -0.82218336
vn 0.00690009 0.56140735 -0.82751083
vn 0.00750011 0.86891326 -0.49490755
vn -0.19209915 0.83649628 -0.51319772
vn -0.27679510 0.50669104 -0.81648556
vn 0.02020026 0.99141257 -0.12920164
vn 0.13359812 0.98228614 -0.13139815
vn -0.05039884 0.97557758 -0.21379509
vn 0.49220455 0.86550801 0.09290086
vn 0.77781721 0.53991195 0.32170712
vn 0.83919169 0.54339462 0.02189978
vn 0.53011270 0.83922010 -0.12120290
vn 0.58820309 0.75200395 -0.29750156
vn 0.87561532 0.42580745 -0.22800399
vn 0.17809943 0.95859693 -0.22219929
vn 0.15869820 0.98068888 -0.11429870
vn 0.27329716 0.92419040 -0.26679723
vn 0.19790064 0.88780289 -0.41550135
vn -0.00980035 0.96003450 -0.27971005
vn -0.19990311 0.95131481 -0.23460365
vn -0.05960034 0.99270571 -0.10480060
vn -0.18769955 0.97339766 0.13139968
vn -0.13639745 0.99018150 -0.03059943
vn 0.22990338 0.97071427 -0.06970102
vn 0.39240148 0.85840323 -0.33040124
vn -0.07740036 0.99690458 0.01380006
vn -0.16600145 0.98090858 0.10130089
vn -0.17420105 0.92970559 0.32450195
vn 0.30520600 0.87771725 0.36940726
vn 0.35420442 0.92101149 0.16210202
vn 0.75200818 0.65200709 0.09680105
vn 0.72849463 0.53449606 0.42849684
vn 0.28220902 0.94733027 -0.15140484
vn -0.38658242 0.89285939 -0.23098949
vn 0.80331596 0.52331040 -0.28430565
vn 0.08670086 0.98100974 0.17350172
vn 0.30840009 0.92980027 0.20090006
vn 0.39428539 0.87756749 -0.27278989
vn 0.19190398 0.92081911 -0.33950704
vn 0.16090168 0.65170680 -0.74120773
vn 0.48939596 0.53419560 -0.68929432
vn -0.12659598 0.94716993 -0.29469065
vn -0.26328598 0.89305244 0.36488057
vn -0.21430280 0.52290682 -0.82501077
vn -0.03789959 0.98028936 -0.19389790
vn 0.20180187 0.97290900 -0.11280104
vn 0.13610140 0.97200998 0.19150197
vn -0.08729789 0.99487597 -0.05099877
vn 0.11980593 0.96354773 0.23921185
vn -0.06389816 0.99277140 -0.10159707
vn -0.31741866 0.86495083 -0.38872285
vn -0.20229894 0.88459536 -0.42019780
vn -0.30581528 0.89804487 -0.31621580
vn 0.65180134 0.68210140 0.33150068
vn 0.24499784 0.88239221 0.40169646
vn 0.39361570 0.91803661 -0.04770190
vn 0.53341830 0.82282822 0.19600672
vn 0.24299224 0.94366987 -0.22459283
vn 0.26740443 0.96271595 0.04090068
vn 0.67318987 0.47719282 0.56489150
vn 0.76169673 0.35119849 0.54449766
vn 0.40669348 0.75258794 0.51789170
vn 0.68896691 0.44567860 0.57157255
vn 0.41899982 0.76319968 0.49189979
vn 0.71040440 0.68950427 0.14110087
vn 0.69498029 0.58978327 0.41128833
vn 0.66009059 0.74788934 -0.07029900
vn 0.59231440 0.78531909 0.18010438
vn 0.55318618 0.28059299 0.78438041
vn 0.58508881 0.13599740 0.79948471
vn 0.45747699 0.61246920 0.64466758
vn 0.68896691 0.44567860 0.57157255
vn 0.41899982 0.76319968 0.49189979
vn 0.71040440 0.68950427 0.14110087
vn 0.69498029 0.58978327 0.41128833
vn 0.66009059 0.74788934 -0.07029900
vn 0.59231440 0.78531909 0.18010438
vn 0.55318618 0.28059299 0.78438041
vn 0.58508881 0.13599740 0.79948471
vn 0.45747699 0.61246920 0.64466758
vn 0.65180134 0.68210140 0.33150068
vn 0.24499784 0.88239221 0.40169646
vn 0.39361570 0.91803661 -0.04770190
vn 0.53341830 0.82282822 0.19600672
vn 0.24299224 0.94366987 -0.22459283
vn 0.26740443 0.96271595 0.04090068
vn 0.67318987 0.47719282 0.56489150
vn 0.76169673 0.35119849 0.54449766
vn 0.40669348 0.75258794 0.51789170
vn 0.35839979 0.76839955 0.53019969
vn -0.06989977 0.91159700 0.40509867
vn 0.25220862 0.96593301 0.05800198
vn 0.29020804 0.89132468 0.34830964
vn 0.18869612 0.96728010 -0.16959651
vn 0.09420340 0.99223576 0.08120293
vn 0.30130262 0.56350491 0.76920670
vn 0.40760599 0.44710657 0.79621170
vn 0.04439995 0.80419908 0.59269932
vn -0.58827318 0.55917451 0.58417337
vn -0.38021448 0.81173092 0.44331689
vn -0.50638509 0.81367604 0.28549159
vn -0.78570867 0.49120542 0.37600415
vn -0.46741630 0.47821668 0.74352593
vn -0.30799810 0.78349517 0.53969667
vn -0.13629690 0.96667802 0.21669507
vn -0.18610530 0.96962761 0.15870452
vn -0.15169118 0.94554504 0.28798326
vn -0.54929731 0.57609718 -0.60529704
vn -0.70461058 0.46360696 -0.53720807
vn -0.75507514 0.64507876 -0.11719614
vn -0.60322254 0.78482932 -0.14200531
vn -0.44561034 0.84071950 0.30760714
vn -0.67780125 0.59890111 0.42650079
vn -0.34170494 0.90381306 -0.25760372
vn -0.22789932 0.53459839 -0.81379755
vn -0.03519902 0.93367400 0.35639008
vn 0.05689790 0.99836316 0.00579979
vn 0.12439724 0.98897802 0.08029822
vn 0.37208599 0.91886540 -0.13129506
vn 0.32219348 0.93088115 -0.17219651
vn 0.61018270 0.74307894 -0.27479221
vn 0.45840443 0.81730790 -0.34910338
vn 0.16379855 0.93149174 -0.32479712
vn -0.12319784 0.99218259 -0.01989965
vn 0.33119405 0.65488823 -0.67928779
vn -0.14990290 0.98091900 0.12380240
vn -0.12640216 0.92971587 0.34590590
vn 0.35450544 0.87771347 0.32240495
vn 0.37369314 0.92098309 0.11019798
vn 0.75812334 0.65202008 -0.01090034
vn 0.78191153 0.53450788 0.32080473
vn 0.25790623 0.94732287 -0.18990459
vn -0.41539294 0.89288482 -0.17379704
vn 0.75483507 0.52332431 -0.39541837
vn 0.35479612 0.90459010 -0.23629741
vn 0.24040841 0.86673031 -0.43701528
vn -0.14980155 0.92950963 -0.33700349
vn 0.11209973 0.93559775 -0.33479919
vn 0.55988125 0.75497472 -0.34138857
vn 0.49321006 0.70041429 -0.51591052
vn -0.02770035 0.77730978 -0.62850791
vn -0.41899288 0.76968692 -0.48169182
vn 0.30809177 0.75717976 -0.57598461
vn 0.02139981 0.99609120 -0.08569924
vn -0.04080153 0.98883710 -0.14330538
vn 0.17219663 0.91048220 -0.37599265
vn 0.19579403 0.86907352 -0.45428616
vn 0.02049954 0.99777772 -0.06339858
vn 0.00040001 0.99742603 -0.07170187
vn 0.14220045 0.98830309 0.05510017
vn 0.19310849 0.96614250 -0.17110753
vn 0.21359449 0.96097521 -0.17579546
vn -0.00160004 0.99962599 0.02730071
vn -0.01969925 0.99776202 0.06389757
vn -0.08449943 0.99539328 0.04529969
vn -0.05780245 0.99754227 0.03960168
vn -0.45528422 0.88896918 -0.04949828
vn -0.39810292 0.91390671 -0.07930058
vn 0.01170014 0.95671128 -0.29080343
vn 0.19170273 0.91711305 -0.34950497
vn -0.15420293 0.98211864 0.10800205
vn -0.19109969 0.96399845 0.18489970
vn -0.22420771 0.95993299 -0.16810578
vn -0.21749147 0.95296262 -0.21109172
vn -0.10499785 0.98167993 0.15899675
vn -0.13739996 0.97469974 0.17629995
vn -0.01350054 0.99894023 0.04400177
vn -0.02380040 0.99901688 0.03740063
vn 0.36891323 0.89913225 -0.23550845
vn 0.27960540 0.94291821 -0.18090349
vn 0.19440112 0.31430181 0.92920535
vn 0.26231178 0.68693085 0.67773043
vn 0.19579805 0.74729255 0.63499367
vn 0.16369741 0.29109539 0.94258508
vn -0.27389128 0.88217192 0.38308781
vn -0.36770201 0.85080464 0.37540205
vn -0.15029584 0.87437578 0.46138722
vn -0.19640173 0.90300796 0.38210337
vn -0.06049718 0.93095659 0.36008321
vn 0.03259862 0.83546451 0.54857669
vn 0.03390022 0.76670486 0.64110407
vn 0.21880376 0.91171567 -0.34770598
vn 0.23329550 0.87978303 -0.41419201
vn 0.24319514 0.96988063 0.01369973
vn 0.25640439 0.96641655 0.01720029
vn -0.04370031 0.99820712 0.04090029
vn -0.05049779 0.99695633 0.05939740
vn 0.12000204 0.99081688 -0.06230106
vn 0.27140493 0.96051746 -0.06120111
vn -0.05669868 0.98337704 0.17249597
vn 0.12519730 0.94437960 -0.30409343
vn 0.33460213 0.94070598 -0.05580035
vn 0.24240672 0.94752626 -0.20840578
vn 0.00200000 0.93209849 -0.36219941
vn 0.33369305 0.84948232 0.40869149
vn 0.19860443 0.97792182 0.06500145
vn 0.50969278 0.86008781 0.02149970
vn 0.07919788 0.73968017 0.66828208
vn 0.47210262 0.84950471 -0.23550131
vn 0.61010029 0.75010035 -0.25520012
vn 0.36270632 0.90191572 0.23450409
vn 0.36857780 0.88774654 0.27578339
vn 0.62681270 0.74351506 -0.23300472
vn 0.56833712 0.77415056 -0.27871820
vn 0.31168535 0.90475747 0.29028635
vn -0.01510017 0.74480839 0.66710752
vn -0.00379995 0.73218957 0.68109030
vn -0.02200087 0.73052904 0.68252713
vn 0.27279290 0.95997500 0.06349835
vn 0.33879872 0.80819694 -0.48169818
vn 0.01759919 0.91765777 -0.39698173
vn 0.03770009 0.99420228 0.10070023
vn -0.22080462 0.97522042 0.01380029
vn -0.30549602 0.83628912 -0.45529407
vn 0.18389362 0.81087187 0.55558073
vn 0.10009739 0.82147855 0.56138534
vn -0.06180262 0.84933594 0.52422218
vn 0.38840096 0.91950227 -0.06050015
vn 0.17540670 0.98313753 -0.05170197
vn 0.14559727 0.89888316 0.41329226
vn 0.34039948 0.82959872 0.44259932
vn 0.29950403 0.52340704 0.79771073
vn -0.05500110 0.56491133 0.82331651
vn 0.61418674 0.71278461 0.33869269
vn 0.61311213 0.72161428 -0.32150636
vn 0.56309010 0.25709548 0.78538619
vn 0.10369655 0.96426788 -0.24379188
vn 0.03960180 0.89224058 -0.44982046
vn -0.42638693 0.84137420 -0.33208982
vn -0.40580773 0.90521725 -0.12610240
vn -0.75567178 0.64887576 0.08899668
vn -0.83580530 0.50380319 -0.21820138
vn -0.23749590 0.96098343 0.14179755
vn 0.42300709 0.90611520 0.00450008
vn -0.68102288 0.55341859 0.47951611
vn -0.02570112 0.99724364 0.06960305
vn 0.04779991 0.96059825 0.27379950
vn -0.26409385 0.92777838 -0.26359386
vn -0.35791179 0.80122640 -0.47951580
vn -0.17850710 0.86283430 -0.47291880
vn -0.02740097 0.99533529 0.09250328
vn 0.24349181 0.78957343 0.56328105
vn 0.08270298 0.80902917 0.58192098
vn 0.26870831 0.83612586 0.47821479
vn -0.59523100 0.68723579 -0.41642169
vn -0.34048285 0.94005265 0.01929903
vn -0.30030761 0.95302414 0.03950100
vn -0.57117382 0.70066788 -0.42758040
vn -0.63037675 0.67687503 -0.38008598
vn -0.32988529 0.93885814 0.09859560
vn 0.05860064 0.87370958 0.48290530
vn 0.06410130 0.87731778 0.47560964
vn 0.06269910 0.85088781 0.52159253
vn 0.12409758 0.99128068 0.04429914
vn -0.02709839 0.93744419 0.34707934
vn -0.33428386 0.84055943 0.42627942
vn 0.02779985 0.99909476 0.03219983
vn 0.03239996 0.98739875 0.15489980
vn -0.40779685 0.66639486 0.62419518
vn 0.47661320 0.85072356 -0.22160614
vn 0.46138793 0.84527790 -0.26949295
vn 0.49877310 0.83845479 -0.21958816
vn -0.10130089 0.98090858 -0.16600145
vn -0.32450195 0.92970559 -0.17420105
vn -0.36940726 0.87771725 0.30520600
vn -0.16210202 0.92101149 0.35420442
vn -0.09680105 0.65200709 0.75200818
vn -0.42849684 0.53449606 0.72849463
vn 0.15140484 0.94733027 0.28220902
vn 0.23098949 0.89285939 -0.38658242
vn 0.28430565 0.52331040 0.80331596
vn -0.14410422 0.36691075 -0.91902692
vn -0.26831407 0.21051104 -0.94004929
vn -0.24760005 0.59850011 -0.76190014
vn -0.09879688 0.79237496 -0.60198098
vn -0.28759998 0.23049998 -0.92959992
vn -0.28279843 0.58099678 -0.76319577
vn -0.07120400 0.93955276 -0.33491881
vn 0.21600794 0.95833522 -0.18690687
vn -0.18599910 0.89569566 -0.40389804
vn 0.23099150 0.96606446 0.11559575
vn 0.28638443 0.87885222 -0.38157926
vn -0.02050001 0.94760026 -0.31880009
vn -0.00080004 0.98904579 0.14760683
vn -0.21040353 0.96871627 0.13160221
vn -0.32240856 0.88522351 -0.33530890
vn 0.03070168 0.84654627 0.53142904
vn 0.14019680 0.84228080 0.52048814
vn -0.04239932 0.88508583 0.46349258
vn -0.36539328 0.91408319 -0.17589677
vn -0.76115091 0.64495840 -0.06839559
vn -0.64116994 0.74226520 0.19479087
vn -0.26550548 0.96371990 0.02740057
vn -0.21040204 0.95110924 0.22610220
vn -0.53517278 0.70126433 0.47097604
vn 0.10070275 0.98532689 -0.13780376
vn 0.05419913 0.96928442 -0.23989614
vn 0.04729770 0.99805140 -0.04069802
vn -0.10130102 0.98100988 -0.16540167
vn -0.32450000 0.92980001 -0.17370000
vn -0.36939456 0.87758706 0.30559550
vn -0.16210315 0.92081789 0.35470689
vn -0.09679814 0.65168748 0.75228555
vn -0.42850309 0.53420385 0.72870525
vn 0.15139780 0.94718622 0.28269589
vn 0.23099286 0.89307240 -0.38608807
vn 0.28429661 0.52289376 0.80359041
vn 0.22720542 0.93142222 -0.28430678
vn 0.27561003 0.66322413 -0.69582531
vn -0.01969914 0.74356743 -0.66837072
vn 0.00019999 0.96617348 -0.25789292
vn -0.20549671 0.93998496 -0.27239564
vn -0.31098273 0.68526195 -0.65856343
vn 0.03119965 0.98928878 0.14259838
vn 0.14409974 0.98059824 0.13289976
vn -0.04339855 0.99726665 0.05979800
vn -0.12819775 0.99128261 0.03039947
vn -0.16609416 0.93746706 -0.30588925
vn 0.04849949 0.84059123 -0.53949437
vn -0.04089969 0.99909239 -0.01189991
vn -0.11149987 0.98739886 -0.11229987
vn 0.00239998 0.66639531 -0.74559475
vn -0.27930125 0.85070380 0.44530199
vn -0.24039470 0.84528137 0.47718948
vn -0.29888716 0.83846397 0.45568042
vn -0.03370128 0.99743787 0.06310240
vn -0.04019800 0.96785193 0.24828767
vn 0.55917564 0.79146552 0.24678925
vn 0.58152058 0.81312878 0.02560091
vn -0.69011462 0.69611475 -0.19790419
vn -0.57368524 0.79387957 0.20159481
vn 0.07359886 0.88298635 0.46359283
vn 0.72180284 0.51070201 0.46710184
vn -0.62880046 0.59100043 0.50530037
vn -0.09909825 0.97978271 0.17379693
vn -0.26780508 0.89631699 0.35340670
vn -0.42881045 0.80741969 0.40520988
vn -0.26038839 0.83346284 0.48737827
vn -0.30959491 0.65918916 0.68528873
vn -0.31319784 0.75659478 0.57399604
vn 0.01720111 0.87265646 0.48803158
vn 0.11719993 0.97269941 0.20029988
vn -0.24898660 0.75695926 0.60416748
vn -0.60999358 0.78559173 0.10369891
vn -0.39489974 0.91219939 0.10929993
vn -0.31207980 0.89984176 -0.30478027
vn -0.45540147 0.88660287 -0.08090026
vn -0.56569187 0.73948937 0.36489475
vn -0.40051497 0.81823058 0.41241541
vn -0.10449707 0.99417209 -0.02649926
vn 0.01459989 0.90309304 -0.42919669
vn -0.30059732 0.91889181 0.25549772
vn 0.47949157 0.86568477 0.14379747
vn 0.53051041 0.77451520 -0.34450676
vn 0.25699677 0.91928846 -0.29809626
vn 0.26281257 0.95054547 0.16550792
vn 0.06210187 0.98822980 0.13980422
vn -0.04870035 0.94120677 -0.33430240
vn 0.24290865 0.80232859 0.54521943
vn 0.34399779 0.77109505 0.53579656
vn 0.18549540 0.85927868 0.47668817
vn 0.03389948 0.98508478 0.16869739
vn 0.01819918 0.98015587 0.19739111
vn 0.12639723 0.80598233 0.57828732
vn 0.14509843 0.81119120 0.56649385
vn -0.00469999 0.99019689 0.13959956
vn 0.08480344 0.80693272 0.58452370
vn -0.07899847 0.96468130 -0.25129513
vn -0.09409568 0.96595566 -0.24098894
vn -0.09030053 0.96110562 -0.26100153
vn 0.22720542 0.93142222 -0.28430678
vn 0.27561003 0.66322413 -0.69582531
vn -0.01969914 0.74356743 -0.66837072
vn 0.00019999 0.96617348 -0.25789292
vn -0.20549671 0.93998496 -0.27239564
vn -0.31098273 0.68526195 -0.65856343
vn 0.03119965 0.98928878 0.14259838
vn 0.14409974 0.98059824 0.13289976
vn -0.04339855 0.99726665 0.05979800
vn -0.40049874 0.91629711 0.00060000
vn -0.03999929 0.93488350 0.35269378
vn 0.08619945 0.99449361 0.05959962
vn -0.28600846 0.93662770 -0.20230598
vn -0.14659057 0.92184072 -0.35877693
vn 0.29659302 0.94067785 -0.16479612
vn -0.57431706 0.72132143 -0.38711150
vn -0.63061253 0.71751426 -0.29580588
vn -0.48699787 0.77129663 -0.40979821
vn 0.22720542 0.93142222 -0.28430678
vn 0.27561003 0.66322413 -0.69582531
vn -0.01969914 0.74356743 -0.66837072
vn 0.00019999 0.96617348 -0.25789292
vn -0.20549671 0.93998496 -0.27239564
vn -0.31098273 0.68526195 -0.65856343
vn 0.03119965 0.98928878 0.14259838
vn 0.14409974 0.98059824 0.13289976
vn -0.04339855 0.99726665 0.05979800
vn -0.02419997 0.83169891 -0.55469927
vn -0.03349978 0.99939357 -0.00949994
vn -0.01039996 0.99949580 0.02999987
vn 0.00419980 0.83766089 -0.54617450
vn -0.07799850 0.83198399 -0.54928943
vn -0.07399752 0.99526661 0.06299789
vn -0.02810025 0.81140730 0.58380525
vn -0.01849947 0.81327654 0.58158322
vn -0.05400051 0.78900750 0.61200581
vn 0.14180774 0.91745005 0.37172028
vn -0.05869784 0.87846768 0.47418256
vn 0.12290311 0.61101546 0.78201978
vn 0.31690552 0.62051081 0.71731250
vn 0.48320903 0.22940429 0.84491580
vn 0.17909770 0.14699811 0.97278752
vn 0.52860479 0.68260618 0.50460457
vn 0.27989599 0.95998625 -0.00919987
vn 0.77529204 0.10629891 0.62259361
vn -0.16989572 0.84347874 0.50958715
vn -0.01480010 0.76310540 0.64610457
vn -0.04570146 0.98293139 0.17820569
vn -0.19630231 0.97291143 -0.12210143
vn 0.00540000 0.77900033 0.62700026
vn -0.00070000 0.97880344 0.20480072
vn -0.16140668 0.85783551 -0.48792020
vn -0.41881038 0.65271618 -0.63131565
vn -0.04660059 0.92261166 -0.38290484
vn 0.32450539 0.93171549 0.16310271
vn 0.05170152 0.94552785 0.32140947
vn -0.10729725 0.87947747 0.46368812
vn -0.11839600 0.99296646 0.00000000
vn 0.49777617 0.86705849 0.02069901
vn 0.24998870 0.96795623 0.02379892
vn -0.41338972 0.74538147 0.52298700
vn -0.43068119 0.63057246 0.64567180
vn -0.27710769 0.94212614 0.18870524
vn 0.06329756 0.98346202 -0.16969345
vn -0.09549920 0.98619173 -0.13529886
vn -0.20509338 0.97606852 -0.07229767
vn -0.01799963 0.98427983 -0.17569640
vn 0.07940223 0.97442740 -0.21020591
vn -0.10349789 0.98068002 -0.16599662
vn -0.36741412 0.92943573 -0.03400131
vn -0.46528487 0.86797177 0.17359435
vn -0.32580365 0.94121056 -0.08930100
vn -0.01669999 0.71049951 0.70349951
vn 0.01199990 0.83009325 0.55749547
vn 0.06539896 0.37899398 0.92308534
vn 0.06029743 0.17309262 0.98305807
vn -0.09489941 0.25149843 0.96319398
vn -0.00400000 0.70820027 0.70600027
vn -0.03759836 0.97495740 0.21919042
vn 0.11960073 0.95310583 0.27800170
vn -0.09920383 0.94863664 0.30041160
vn -0.35620788 0.86861921 -0.34440762
vn -0.10399926 0.93319336 -0.34399755
vn -0.01210004 0.70520259 -0.70890260
vn -0.15959599 0.83067915 -0.53338661
vn -0.33011361 0.94153882 -0.06730277
vn -0.12930641 0.99084914 -0.03870192
vn 0.21558760 0.85385090 -0.47377276
vn 0.29339621 0.57159262 -0.76629011
vn 0.00390008 0.97521966 -0.22120446
vn 0.02550050 0.64481274 0.76391509
vn 0.19620062 0.79830252 0.56940180
vn -0.27350174 0.84150534 0.46590296
vn -0.38361672 0.69813043 0.60452635
vn -0.41890088 0.55380116 0.71960151
vn -0.03100146 0.42161982 0.90624259
vn -0.65728918 0.70918832 0.25499580
vn -0.69783021 0.62042686 0.35791550
vn -0.64962215 0.61232088 0.45061536
vn 0.30459534 0.89278634 -0.33189492
vn 0.66419864 0.58309881 -0.46779904
vn 0.44100175 0.58680233 -0.67910270
vn 0.14259994 0.86609966 -0.47909981
vn 0.02589988 0.77979645 -0.62549715
vn 0.25160165 0.46700307 -0.84770557
vn -0.13620156 0.96451103 -0.22620259
vn -0.05560042 0.98690744 -0.15140114
vn -0.12220680 0.93525204 -0.33221849
vn 0.11820097 0.99100816 0.06270052
vn 0.20849414 0.84907613 -0.48538636
vn -0.12779801 0.90918583 -0.39629382
vn -0.11779619 0.98786805 0.10119673
vn -0.37009533 0.92888829 0.01399982
vn -0.43089644 0.78179353 -0.45069627
vn 0.05340111 0.82851716 0.55741155
vn -0.03240006 0.82650165 0.56200112
vn -0.19580078 0.83010330 0.52210207
vn -0.01610024 0.96441457 -0.26390399
vn -0.14489492 0.98676542 -0.07279745
vn -0.26800957 0.96133433 0.06330226
vn -0.08319693 0.99166346 0.09839637
vn -0.08370160 0.93791798 0.33660645
vn -0.12320416 0.97323286 0.19400655
vn 0.17960646 0.98373537 0.00250009
vn 0.24551232 0.91374586 -0.32371625
vn -0.05670232 0.97934006 0.19410794
vn 0.54347655 0.64777205 0.53387696
vn 0.48500044 0.50580046 0.71340064
vn 0.47781890 0.84663349 0.23430927
vn 0.42410376 0.90520803 -0.02710024
vn 0.58168008 0.81277217 0.03239889
vn 0.53320874 0.64441057 0.54810899
vn 0.41888877 0.23509370 0.87707648
vn 0.32070496 0.32870508 0.88831374
vn 0.49732279 0.26551217 0.82593785
vn 0.62929890 0.77059866 0.10079982
vn 0.32221342 0.93653901 0.13810575
vn 0.30779282 0.93847811 0.15659635
vn 0.62529722 0.77159657 0.11679948
vn 0.62559869 0.77689838 0.07109985
vn 0.26999878 0.95249569 0.14089936
vn -0.03899886 0.98597126 0.16229527
vn -0.04520001 0.98310029 0.17740005
vn -0.06049701 0.98315146 0.17249148
vn 0.03670111 0.99623024 -0.07860239
vn 0.04819776 0.88775876 0.45777873
vn 0.07249934 0.86689215 0.49319554
vn 0.06630119 0.99541789 -0.06890124
vn -0.01920079 0.99734088 -0.07030288
vn 0.00940026 0.85392320 0.52031414
vn 0.04859960 0.46629614 0.88329270
vn 0.05799751 0.46867986 0.88146212
vn 0.02319969 0.43879417 0.89828807
vn 0.02970108 0.89373238 -0.44761622
vn -0.44340100 0.85130192 -0.28050063
vn -0.25800749 0.96502801 -0.04640135
vn 0.15359765 0.95388542 -0.25789606
vn 0.22688947 0.97185492 -0.06339706
vn -0.15009746 0.95778377 0.24519585
vn 0.48179521 0.77119233 -0.41609586
vn 0.42609293 0.75088754 -0.50459163
vn 0.45410106 0.82690194 -0.33170078
vn 0.50398821 0.83258052 0.22979462
vn 0.82218336 0.48609016 0.29619400
vn 0.82751083 0.56140735 0.00690009
vn 0.49490755 0.86891326 0.00750011
vn 0.51319772 0.83649628 -0.19209915
vn 0.81648556 0.50669104 -0.27679510
vn 0.12920164 0.99141257 0.02020026
vn 0.13139815 0.98228614 0.13359812
vn 0.21379509 0.97557758 -0.05039884
vn -0.09290086 0.86550801 0.49220455
vn -0.32170712 0.53991195 0.77781721
vn -0.02189978 0.54339462 0.83919169
vn 0.12120290 0.83922010 0.53011270
vn 0.29750156 0.75200395 0.58820309
vn 0.22800399 0.42580745 0.87561532
vn 0.22219929 0.95859693 0.17809943
vn 0.11429870 0.98068888 0.15869820
vn 0.26679723 0.92419040 0.27329716
vn 0.41550135 0.88780289 0.19790064
vn 0.27971005 0.96003450 -0.00980035
vn 0.23460365 0.95131481 -0.19990311
vn 0.10480060 0.99270571 -0.05960034
vn -0.13139968 0.97339766 -0.18769955
vn 0.03059943 0.99018150 -0.13639745
vn 0.06970102 0.97071427 0.22990338
vn 0.33038828 0.85836954 0.39248607
vn -0.01380006 0.99690458 -0.07740036
vn -0.10130089 0.98090858 -0.16600145
vn -0.32450195 0.92970559 -0.17420105
vn -0.36940726 0.87771725 0.30520600
vn -0.16210202 0.92101149 0.35420442
vn -0.09680105 0.65200709 0.75200818
vn -0.42849684 0.53449606 0.72849463
vn 0.15140484 0.94733027 0.28220902
vn 0.23098949 0.89285939 -0.38658242
vn 0.28430565 0.52331040 0.80331596
vn -0.17350172 0.98100974 0.08670086
vn -0.20090006 0.92980027 0.30840009
vn 0.27278989 0.87756749 0.39428539
vn 0.33950704 0.92081911 0.19190398
vn 0.74120773 0.65170680 0.16090168
vn 0.68929432 0.53419560 0.48939596
vn 0.29469065 0.94716993 -0.12659598
vn -0.36488057 0.89305244 -0.26328598
vn 0.82501077 0.52290682 -0.21430280
vn 0.19389790 0.98028936 -0.03789959
vn 0.11280104 0.97290900 0.20180187
vn -0.19150197 0.97200998 0.13610140
vn 0.05099877 0.99487597 -0.08729789
vn -0.23921185 0.96354773 0.11980593
vn 0.10159707 0.99277140 -0.06389816
vn 0.38872285 0.86495083 -0.31741866
vn 0.42019780 0.88459536 -0.20229894
vn 0.31621580 0.89804487 -0.30581528
vn -0.33150068 0.68210140 0.65180134
vn -0.40170629 0.88241383 0.24490384
vn 0.04770190 0.91803661 0.39361570
vn -0.19600672 0.82282822 0.53341830
vn 0.22459283 0.94366987 0.24299224
vn -0.04090068 0.96271595 0.26740443
vn -0.56489150 0.47719282 0.67318987
vn -0.54449766 0.35119849 0.76169673
vn -0.51789170 0.75258794 0.40669348
vn -0.57159802 0.44559846 0.68899762
vn -0.49189979 0.76319968 0.41899982
vn -0.14110087 0.68950427 0.71040440
vn -0.41128833 0.58978327 0.69498029
vn 0.07029900 0.74788934 0.66009059
vn -0.18010438 0.78531909 0.59231440
vn -0.78438041 0.28059299 0.55318618
vn -0.79948471 0.13599740 0.58508881
vn -0.64466758 0.61246920 0.45747699
vn -0.57159802 0.44559846 0.68899762
vn -0.49189979 0.76319968 0.41899982
vn -0.14110087 0.68950427 0.71040440
vn -0.41128833 0.58978327 0.69498029
vn 0.07029900 0.74788934 0.66009059
vn -0.18010438 0.78531909 0.59231440
vn -0.78438041 0.28059299 0.55318618
vn -0.79948471 0.13599740 0.58508881
vn -0.64466758 0.61246920 0.45747699
vn -0.33150068 0.68210140 0.65180134
vn -0.40170629 0.88241383 0.24490384
vn 0.04770190 0.91803661 0.39361570
vn -0.19600672 0.82282822 0.53341830
vn 0.22459283 0.94366987 0.24299224
vn -0.04090068 0.96271595 0.26740443
vn -0.56489150 0.47719282 0.67318987
vn -0.54449766 0.35119849 0.76169673
vn -0.51789170 0.75258794 0.40669348
vn -0.53019969 0.76839955 0.35839979
vn -0.40518225 0.91156007 -0.06989694
vn -0.05800198 0.96593301 0.25220862
vn -0.34830964 0.89132468 0.29020804
vn 0.16959651 0.96728010 0.18869612
vn -0.08120293 0.99223576 0.09420340
vn -0.76920670 0.56350491 0.30130262
vn -0.79621170 0.44710657 0.40760599
vn -0.59269932 0.80419908 0.04439995
vn -0.58417337 0.55917451 -0.58827318
vn -0.44331689 0.81173092 -0.38021448
vn -0.28549159 0.81367604 -0.50638509
vn -0.37600415 0.49120542 -0.78570867
vn -0.74352593 0.47821668 -0.46741630
vn -0.53969667 0.78349517 -0.30799810
vn -0.21669507 0.96667802 -0.13629690
vn -0.15870452 0.96962761 -0.18610530
vn -0.28798326 0.94554504 -0.15169118
vn 0.60529704 0.57609718 -0.54929731
vn 0.53720807 0.46360696 -0.70461058
vn 0.11719614 0.64507876 -0.75507514
vn 0.14200531 0.78482932 -0.60322254
vn -0.30760714 0.84071950 -0.44561034
vn -0.42641897 0.59892665 -0.67783016
vn 0.25760372 0.90381306 -0.34170494
vn 0.81379755 0.53459839 -0.22789932
vn -0.35639008 0.93367400 -0.03519902
vn -0.00579979 0.99836316 0.05689790
vn -0.08029822 0.98897802 0.12439724
vn 0.13129506 0.91886540 0.37208599
vn 0.17219651 0.93088115 0.32219348
vn 0.27479221 0.74307894 0.61018270
vn 0.34910338 0.81730790 0.45840443
vn 0.32479712 0.93149174 0.16379855
vn 0.01989965 0.99218259 -0.12319784
vn 0.67928779 0.65488823 0.33119405
vn -0.12380240 0.98091900 -0.14990290
vn -0.34590590 0.92971587 -0.12640216
vn -0.32240495 0.87771347 0.35450544
vn -0.11019798 0.92098309 0.37369314
vn 0.01090034 0.65202008 0.75812334
vn -0.32080473 0.53450788 0.78191153
vn 0.18990459 0.94732287 0.25790623
vn 0.17379704 0.89288482 -0.41539294
vn 0.39541837 0.52332431 0.75483507
vn 0.23629741 0.90459010 0.35479612
vn 0.43701528 0.86673031 0.24040841
vn 0.33700349 0.92950963 -0.14980155
vn 0.33479919 0.93559775 0.11209973
vn 0.34138857 0.75497472 0.55988125
vn 0.51591052 0.70041429 0.49321006
vn 0.62850791 0.77730978 -0.02770035
vn 0.48169182 0.76968692 -0.41899288
vn 0.57598461 0.75717976 0.30809177
vn 0.08569924 0.99609120 0.02139981
vn 0.14330538 0.98883710 -0.04080153
vn 0.37599265 0.91048220 0.17219663
vn 0.45428616 0.86907352 0.19579403
vn 0.06339858 0.99777772 0.02049954
vn 0.07170187 0.99742603 0.00040001
vn -0.05510017 0.98830309 0.14220045
vn 0.17110753 0.96614250 0.19310849
vn 0.17579546 0.96097521 0.21359449
vn -0.02730071 0.99962599 -0.00160004
vn -0.06389757 0.99776202 -0.01969925
vn -0.04529969 0.99539328 -0.08449943
vn -0.03960168 0.99754227 -0.05780245
vn 0.04939853 0.88897358 -0.45528647
vn 0.07930058 0.91390671 -0.39810292
vn 0.29080343 0.95671128 0.01170014
vn 0.34950497 0.91711305 0.19170273
vn -0.10800205 0.98211864 -0.15420293
vn -0.18499628 0.96398062 -0.19109616
vn 0.16810578 0.95993299 -0.22420771
vn 0.21109172 0.95296262 -0.21749147
vn -0.15899675 0.98167993 -0.10499785
vn -0.17629995 0.97469974 -0.13739996
vn -0.04400177 0.99894023 -0.01350054
vn -0.03740063 0.99901688 -0.02380040
vn 0.23560290 0.89911107 0.36890454
vn 0.18090349 0.94291821 0.27960540
vn -0.92920535 0.31430181 0.19440112
vn -0.67773043 0.68693085 0.26231178
vn -0.63499367 0.74729255 0.19579805
vn -0.94258508 0.29109539 0.16369741
vn -0.38308781 0.88217192 -0.27389128
vn -0.37540205 0.85080464 -0.36770201
vn -0.46138722 0.87437578 -0.15029584
vn -0.38210337 0.90300796 -0.19640173
vn -0.36008321 0.93095659 -0.06049718
vn -0.54857669 0.83546451 0.03259862
vn -0.64110407 0.76670486 0.03390022
vn 0.34770598 0.91171567 0.21880376
vn 0.41410916 0.87981947 0.23330516
vn -0.01369973 0.96988063 0.24319514
vn -0.01720029 0.96641655 0.25640439
vn -0.04090029 0.99820712 -0.04370031
vn -0.05939740 0.99695633 -0.05049779
vn 0.06230106 0.99081688 0.12000204
vn 0.06120111 0.96051746 0.27140493
vn -0.17249597 0.98337704 -0.05669868
vn 0.30409343 0.94437960 0.12519730
vn 0.05580035 0.94070598 0.33460213
vn 0.20840578 0.94752626 0.24240672
vn 0.36219941 0.93209849 0.00200000
vn -0.40869149 0.84948232 0.33369305
vn -0.06500145 0.97792182 0.19860443
vn -0.02149970 0.86008781 0.50969278
vn -0.66828208 0.73968017 0.07919788
vn 0.23550131 0.84950471 0.47210262
vn -0.22908727 0.80675517 -0.54466973
vn 0.19889861 0.92599351 -0.32089775
vn 0.23790160 0.91820618 -0.31670213
vn -0.20879998 0.80069993 -0.56149995
vn -0.24759284 0.82697610 -0.50478541
vn 0.23650588 0.93702331 -0.25700639
vn 0.60899572 0.79309443 0.01119992
vn 0.61197602 0.79086901 0.00339987
vn 0.61656896 0.78566045 0.05079744
vn 0.06300172 0.99742723 -0.03420093
vn 0.01689994 0.98169677 -0.18969937
vn -0.37068687 0.90076810 -0.22629199
vn -0.28220931 0.95913165 -0.02060068
vn -0.35369565 0.91328878 0.20199752
vn -0.02579875 0.98815229 0.15129270
vn 0.48887530 0.85725668 -0.16159183
vn 0.49231131 0.86601990 -0.08740201
vn 0.45490966 0.88881887 0.05530117
vn -0.05720159 0.93972615 -0.33710938
vn -0.04320159 0.98823638 -0.14670540
vn 0.38599169 0.91518031 -0.11599750
vn 0.40329009 0.86397877 -0.30149259
vn 0.75069672 0.59879738 -0.27909878
vn 0.77039292 0.63549416 0.05139953
vn 0.31920731 0.76721758 -0.55631275
vn -0.28970429 0.78161156 -0.55240817
vn 0.77410507 0.30470199 -0.55490363
vn -0.20659529 0.97457778 -0.08669802
vn -0.38648532 0.92166500 -0.03409871
vn -0.28820071 0.87720216 0.38400094
vn -0.10660019 0.92610168 0.36190066
vn 0.08079985 0.71899866 0.69029871
vn -0.20680191 0.57400530 0.79230732
vn 0.13689943 0.96499600 0.22369907
vn 0.00379989 0.93217424 -0.36198999
vn 0.44987660 0.62406754 0.63886677
vn 0.18480428 0.97902267 0.08580199
vn 0.02739997 0.92969901 0.36729961
vn -0.35119413 0.91598468 0.19399676
vn 0.00969977 0.99977622 -0.01879955
vn -0.40841587 0.89943495 0.15560605
vn 0.07900251 0.99663161 0.02200070
vn 0.49858340 0.83937206 -0.21649279
vn 0.51207157 0.85585248 -0.07279596
vn 0.41670531 0.87891120 -0.23210296
vn -0.37920102 0.75140203 0.54000146
vn 0.00390017 0.95424110 0.29901288
vn 0.01890036 0.96441820 0.26370498
vn -0.38729503 0.76309021 0.51739336
vn -0.34571599 0.74173432 0.57472659
vn 0.07739760 0.95537042 0.28509117
vn 0.41691832 0.90753988 -0.05050222
vn 0.41041020 0.91022262 -0.05530137
vn 0.45361509 0.88952960 -0.05450181
vn 0.03379993 0.99359789 -0.10779977
vn 0.29419075 0.95546996 0.02299928
vn 0.36938993 0.88207595 0.29239203
vn 0.02669874 0.99935300 -0.02409887
vn 0.13809552 0.99016785 -0.02229928
vn 0.57037563 0.73196873 0.37268408
vn -0.19279744 0.88948818 -0.41429449
vn -0.23469886 0.88509570 -0.40189805
vn -0.19269510 0.87937766 -0.43538894
vn -0.13919656 0.98657565 0.08539789
vn -0.14809117 0.94974335 0.27578355
vn 0.27838996 0.90456738 0.32288836
vn 0.31658992 0.93807014 0.14069552
vn 0.68598138 0.72218040 0.08879759
vn 0.68613664 0.60523232 0.40362155
vn 0.26569289 0.95437445 -0.13629635
vn -0.33211306 0.92213625 -0.19840780
vn 0.75842794 0.59392188 -0.26840989
vn -0.91927851 0.33989206 0.19849536
vn -0.75471883 0.62701565 0.19300482
vn -0.59710634 0.79150841 0.13030138
vn -0.82429032 0.50699405 0.25199704
vn -0.91878110 0.27389437 0.28429415
vn -0.73371408 0.62471199 0.26720513
vn -0.28428934 0.95676413 0.06149769
vn -0.15740290 0.97061790 -0.18200336
vn -0.34679725 0.92419266 0.15999873
vn 0.10069989 0.97589890 -0.19359978
vn -0.32919480 0.91138560 -0.24699610
vn -0.26960394 0.96281408 0.01740025
vn 0.13239952 0.99119641 0.00020000
vn 0.11289827 0.97798501 0.17549731
vn -0.28869781 0.91629306 0.27759790
vn 0.46382032 0.88553880 -0.02630115
vn 0.45371456 0.88272833 -0.12220392
vn 0.39909292 0.91618374 0.03649935
vn -0.15279774 0.68928981 0.70818953
vn -0.06459964 0.29569834 0.95309463
vn 0.18179961 0.44239906 0.87819814
vn 0.02879974 0.75939324 0.64999422
vn 0.20749790 0.77309218 0.59939394
vn 0.43721584 0.44991630 0.77872821
vn -0.11700519 0.92724111 0.35571577
vn -0.20349509 0.89977828 0.38599068
vn -0.03419909 0.91557551 0.40068928
vn -0.13870621 0.98664420 0.08540383
vn -0.14760618 0.94983976 0.27571154
vn 0.27880931 0.90443020 0.32291078
vn 0.31700921 0.93792725 0.14070409
vn 0.68639120 0.72179075 0.08879886
vn 0.68641993 0.60491756 0.40361172
vn 0.26620828 0.95422969 -0.13630424
vn -0.33169590 0.92228859 -0.19839755
vn 0.75873547 0.59352775 -0.26841255
vn -0.25329744 0.94749044 -0.19519803
vn -0.63631002 0.72911148 -0.25200397
vn -0.59731081 0.80181450 0.01770032
vn -0.23179172 0.97276525 0.00059998
vn -0.24199195 0.95386828 0.17769409
vn -0.59897680 0.74917098 0.28278904
vn 0.11910463 0.99253858 -0.02610101
vn 0.11120585 0.98645191 -0.12060635
vn 0.04980033 0.99810656 0.03610024
vn 0.07289926 0.99358990 0.08639912
vn -0.17729430 0.95546926 0.23589241
vn -0.44490012 0.88210024 0.15480004
vn 0.00599971 0.99935173 0.03549829
vn -0.05529816 0.99016714 0.12849574
vn -0.62050809 0.73200954 0.28130367
vn 0.45308325 0.88946711 0.05969779
vn 0.46509307 0.88508682 0.01759974
vn 0.47078771 0.87937704 0.07109814
vn 0.04600048 0.99831041 0.03550037
vn 0.20890067 0.97730316 0.03520011
vn 0.21980167 0.84080640 -0.49470377
vn 0.02250052 0.85921972 -0.51111173
vn -0.17949533 0.75898024 0.62588371
vn 0.18009106 0.84365810 0.50577488
vn 0.40571047 0.91142351 -0.06860177
vn 0.44212391 0.58113142 -0.68323694
vn 0.46998919 0.66098480 0.58498655
vn 0.14530220 0.98581492 0.08400127
vn 0.30329182 0.92477505 0.22979380
vn 0.35709918 0.85609804 0.37359914
vn 0.45499729 0.85689490 0.24229856
vn 0.63581021 0.71801153 0.28320455
vn 0.51249641 0.81189431 0.27959804
vn 0.42651837 0.90443896 -0.00850037
vn 0.16799566 0.98087464 -0.09829746
vn 0.53928689 0.81228025 0.22219460
vn 0.08860114 0.83491077 0.54320700
vn 0.10079673 0.92876983 0.35668841
vn -0.25949975 0.92789910 0.26769974
vn -0.06959817 0.91737591 0.39188971
vn 0.32729895 0.79719744 0.50729837
vn 0.36170873 0.86462086 0.34870841
vn -0.02340078 0.99593318 0.08700290
vn -0.36760000 0.92989999 -0.01250000
vn 0.21790338 0.94171460 0.25630397
vn 0.12569778 0.90128407 -0.41459267
vn -0.30611296 0.82713503 -0.47131996
vn -0.25469126 0.94126768 -0.22169239
vn 0.14989738 0.96198321 -0.22829602
vn 0.12289641 0.99097108 -0.05359844
vn -0.28310021 0.95820070 0.04130003
vn 0.48110829 0.85081466 -0.21130364
vn 0.47649133 0.82428501 -0.30579444
vn 0.41361055 0.89612286 -0.16090410
vn 0.14959555 0.98827058 -0.03069909
vn 0.17469418 0.98446722 -0.01749942
vn 0.50927191 0.85335294 -0.11149385
vn 0.49820928 0.85761597 -0.12760238
vn 0.12389890 0.99229117 0.00269998
vn 0.51441123 0.85431865 -0.07430162
vn -0.21129243 0.97516505 0.06639762
vn -0.20249813 0.97609099 0.07899927
vn -0.21989257 0.97256714 0.07589744
vn -0.25329744 0.94749044 -0.19519803
vn -0.63631002 0.72911148 -0.25200397
vn -0.59731081 0.80181450 0.01770032
vn -0.23179172 0.97276525 0.00059998
vn -0.24199195 0.95386828 0.17769409
vn -0.59897680 0.74917098 0.28278904
vn 0.11910463 0.99253858 -0.02610101
vn 0.11120585 0.98645191 -0.12060635
vn 0.04980033 0.99810656 0.03610024
vn -0.00710022 0.93712904 0.34891081
vn 0.29919557 0.95358589 0.03399950
vn 0.04990240 0.99614800 -0.07210347
vn -0.18270543 0.94832819 0.25940771
vn -0.30789352 0.94198017 0.13369719
vn -0.13960206 0.95781416 -0.25120371
vn -0.35060784 0.78001745 0.51831160
vn -0.26680004 0.77800012 0.56880009
vn -0.36438604 0.82446842 0.43298341
vn -0.25329744 0.94749044 -0.19519803
vn -0.63631002 0.72911148 -0.25200397
vn -0.59731081 0.80181450 0.01770032
vn -0.23179172 0.97276525 0.00059998
vn -0.24199195 0.95386828 0.17769409
vn -0.59897680 0.74917098 0.28278904
vn 0.11910463 0.99253858 -0.02610101
vn 0.11120585 0.98645191 -0.12060635
vn 0.04980033 0.99810656 0.03610024
vn -0.48502730 0.87424920 0.02090118
vn -0.00799983 0.99957872 0.02789941
vn 0.02719979 0.99959216 0.00869993
vn -0.47672441 0.87904502 -0.00370019
vn -0.47999253 0.87458639 0.06859893
vn 0.05689768 0.99645941 0.06189748
vn 0.51289942 0.85809903 0.02449997
vn 0.51120316 0.85930532 0.01630010
vn 0.54152111 0.83933272 0.04770186
vn 0.32059479 0.93958472 -0.11999805
vn 0.40909460 0.91108798 0.05059933
vn 0.74349307 0.65839386 -0.11719891
vn 0.67719771 0.67159773 -0.30059898
vn 0.83261715 0.28480587 -0.47500979
vn 0.96812454 0.17590446 -0.17830452
vn 0.48409248 0.70748901 -0.51489200
vn -0.00779996 0.97179486 -0.23569875
vn 0.62110346 0.12740071 -0.77330431
vn -0.28931658 0.95645480 0.03860221
vn -0.07670031 0.98780396 0.13550054
vn 0.04290021 0.96400474 0.26240129
vn 0.07960373 0.99204642 0.09750456
vn 0.31839417 0.94428272 0.08339847
vn 0.17319869 0.97779263 0.11799911
vn -0.02640099 0.98913713 -0.14460543
vn -0.31809917 0.93559756 -0.15319960
vn 0.18089796 0.98208895 0.05269941
vn 0.44131329 0.88472664 0.15000452
vn 0.57608862 0.81728386 0.01299974
vn 0.16160755 0.98614609 0.03740175
vn -0.10780249 0.97982265 0.16830389
vn 0.55628506 0.83097768 -0.00479987
vn 0.18450587 0.98283128 0.00050002
vn -0.42239283 0.89578479 0.13839765
vn -0.57879948 0.71939935 0.38399965
vn -0.32598282 0.94455022 0.03949792
vn 0.13849968 0.95039779 -0.27849935
vn 0.28138623 0.95865308 -0.04249792
vn 0.40309997 0.91069994 0.09019999
vn 0.00000000 0.99511707 0.09870169
vn 0.01850032 0.90201536 -0.43130735
vn 0.02059996 0.97619824 -0.21589961
vn 0.46710511 0.80250879 0.37120406
vn 0.59507785 0.69877399 0.39698522
vn 0.16100735 0.95834375 0.23591077
vn -0.14189605 0.98847247 -0.05279853
vn -0.11299955 0.99029609 0.08089968
vn -0.05849654 0.98274185 0.17548962
vn -0.14690546 0.98903679 0.01500056
vn -0.17629668 0.98208151 -0.06659875
vn -0.13880005 0.98650035 0.08690003
vn -0.02910104 0.94953402 0.31231119
vn 0.15019581 0.90297481 0.40258877
vn -0.07560063 0.95820795 0.27590229
vn 0.59669959 0.79549945 -0.10549993
vn 0.75702983 0.58022286 -0.30041184
vn 0.93892934 0.34271071 0.03100097
vn 0.69360912 0.71650942 0.07430098
vn 0.94876780 0.30398968 0.08619707
vn 0.65168253 0.75847966 0.00429988
vn 0.18369594 0.98247829 0.03149930
vn 0.23458668 0.96684509 -0.10089427
vn 0.25509089 0.96336560 0.08279704
vn -0.29728543 0.90395568 0.30738493
vn -0.31571225 0.94423665 0.09350363
vn -0.64319650 0.76559583 0.01269993
vn -0.46651447 0.87342709 0.13960433
vn -0.05700286 0.95844801 0.27951400
vn -0.03240153 0.99344695 0.10960518
vn -0.42260182 0.88600381 -0.19080082
vn -0.71597164 0.64207457 -0.27408914
vn -0.18539227 0.98265905 -0.00329986
vn 0.70403687 0.70973717 -0.02460129
vn 0.50259648 0.84699407 -0.17319879
vn 0.40890477 0.87511021 0.25880302
vn 0.55089420 0.75479205 0.35609625
vn 0.67419554 0.62379587 0.39539738
vn 0.87239033 0.48789459 0.02989967
vn 0.32680907 0.70401954 0.63051750
vn 0.26240463 0.76541352 0.58761038
vn 0.41719087 0.68138509 0.60138684
vn -0.29679502 0.91148472 -0.28479523
vn -0.43590639 0.65330957 -0.61900907
vn -0.62809940 0.65979937 -0.41249961
vn -0.43381227 0.89072520 -0.13570384
vn -0.56047503 0.82776313 -0.02599884
vn -0.80931678 0.53601111 -0.24020498
vn -0.19129907 0.97479524 0.11479944
vn -0.12639920 0.99089369 0.04639970
vn -0.28190624 0.95382111 0.10370229
vn 0.05529778 0.99356013 -0.09889603
vn -0.42230742 0.88811560 -0.18140319
vn -0.31238867 0.93996592 0.13739502
vn 0.07740217 0.99002770 0.11770329
vn -0.35511507 0.87753725 0.32221368
vn -0.02590029 0.95921070 0.28150314
vn 0.48807793 0.87156060 -0.04649790
vn 0.49210180 0.87010319 0.02750010
vn 0.45588979 0.87318044 0.17239614
vn -0.22210659 0.97492892 0.01350040
vn -0.06079932 0.99078896 0.12099865
vn 0.05299836 0.97256985 0.22649298
vn 0.08800045 0.99340506 0.07350037
vn 0.28729434 0.95528119 0.06999862
vn 0.16269253 0.98125493 0.10329526
vn 0.00159998 0.98868505 -0.14999773
vn -0.27640200 0.93790679 -0.20960152
vn 0.16249432 0.98556557 0.04749834
vn 0.58849597 0.69759522 -0.40869720
vn 0.40271031 0.89262285 -0.20260519
vn 0.08189801 0.87907865 -0.46958859
vn 0.47811150 0.69251666 -0.54021299
vn 0.02600078 0.85792573 -0.51311539
vn 0.53928313 0.68717850 -0.48678477
vn 0.88069106 0.33649658 -0.33339662
vn 0.87650779 0.26390235 -0.40260358
vn 0.81269289 0.31749722 -0.48859572
vn 0.08940434 0.82384000 -0.55972718
vn 0.11649543 0.95196264 -0.28318889
vn 0.13230203 0.95451461 -0.26720409
vn 0.10390259 0.82472057 -0.55591387
vn 0.06290010 0.82940134 -0.55510089
vn 0.11690378 0.96373117 -0.23990776
vn 0.13560365 0.99022666 0.03260088
vn 0.14840069 0.98820462 0.03780018
vn 0.14419418 0.98826008 0.05049796
vn -0.03339948 0.99738448 -0.06409900
vn 0.36739519 0.90188818 0.22719702
vn 0.40311224 0.88582689 0.22980698
vn -0.01200022 0.99681810 -0.07880143
vn -0.05619758 0.99815704 -0.02289901
vn 0.39469216 0.87188269 0.28989424
vn 0.69739510 0.53649623 0.47519666
vn 0.70142803 0.53772149 0.46781869
vn 0.69779668 0.50619759 0.50679759
vn -0.38530358 0.92230857 -0.02980028
vn -0.24389763 0.88989134 0.38549625
vn -0.04089918 0.97498047 0.21849562
vn -0.22810014 0.96330060 -0.14150009
vn -0.05950096 0.97861575 -0.19690317
vn 0.20660270 0.97021269 0.12650165
vn -0.36810577 0.82411291 -0.43050674
vn -0.45110306 0.80710548 -0.38090258
vn -0.29039796 0.87039387 -0.39759720
vn 0.20559725 0.86458843 -0.45849386
vn 0.28169153 0.55588329 -0.78207650
vn 0.00630007 0.63460740 -0.77280901
vn 0.00610023 0.89163341 -0.45271696
vn -0.17259643 0.86838206 -0.46489039
vn -0.26218748 0.57707245 -0.77346307
vn 0.01690067 0.99403932 -0.10770426
vn 0.11170510 0.98764511 -0.10990502
vn -0.04220030 0.98290693 -0.17920126
vn 0.44998020 0.88796093 0.09509582
vn 0.73182548 0.61062126 0.30261054
vn 0.78609687 0.61759754 0.02499990
vn 0.48628834 0.86747920 -0.10489749
vn 0.53210538 0.80370812 -0.26630269
vn 0.84229177 0.49239519 -0.21929786
vn 0.15090441 0.97042837 -0.18840551
vn 0.13280156 0.98651155 -0.09570112
vn 0.23259702 0.94568787 -0.22709709
vn 0.17120915 0.91764902 -0.35861916
vn -0.00820032 0.97183755 -0.23550910
vn -0.17019821 0.96518985 -0.19859791
vn -0.05260229 0.99414328 -0.09440411
vn -0.15750414 0.98122582 0.11130293
vn -0.11379733 0.99317670 -0.02549940
vn 0.19490466 0.97892339 -0.06100146
vn 0.34060913 0.89542399 -0.28670768
vn -0.06439729 0.99785808 0.01149952
vn -0.13919656 0.98657565 0.08539789
vn -0.14809117 0.94974335 0.27578355
vn 0.27838996 0.90456738 0.32288836
vn 0.31658992 0.93807014 0.14069552
vn 0.68598138 0.72218040 0.08879759
vn 0.68613664 0.60523232 0.40362155
vn 0.26569289 0.95437445 -0.13629635
vn -0.33211306 0.92213625 -0.19840780
vn 0.75842794 0.59392188 -0.26840989
vn 0.07320337 0.98664536 0.14550669
vn 0.26210591 0.94982140 0.17070385
vn 0.34561232 0.90443223 -0.25010891
vn 0.16740221 0.93791238 -0.30380401
vn 0.14730450 0.72182203 -0.67622064
vn 0.46099643 0.60489531 -0.64929497
vn -0.11300338 0.95422851 -0.27690827
vn -0.22619737 0.92228926 0.31339635
vn -0.20229914 0.59349747 -0.77899667
vn -0.03419943 0.98558350 -0.16569723
vn 0.16930232 0.98101342 -0.09460129
vn 0.11410044 0.98030375 0.16120062
vn -0.07549916 0.99608891 -0.04589949
vn 0.10090015 0.97440147 0.20090030
vn -0.05439907 0.99478304 -0.08629853
vn -0.27569584 0.90038640 -0.33659492
vn -0.17419940 0.91579685 -0.36189875
vn -0.26119103 0.92646818 -0.27099069
vn 0.59399754 0.74979689 0.29149879
vn 0.21110037 0.91410162 0.34620061
vn 0.34209595 0.93848890 -0.04699944
vn 0.48778437 0.85127272 0.19339380
vn 0.18600051 0.96030264 -0.20790057
vn 0.21420306 0.97561395 0.04790068
vn 0.63631333 0.55041153 0.54051132
vn 0.74160750 0.41110416 0.53010536
vn 0.36459433 0.80738743 0.46389278
vn 0.67370885 0.51260673 0.53230699
vn 0.37331315 0.81762881 0.43831544
vn 0.64678996 0.75238832 0.12479806
vn 0.65439782 0.63999787 0.40269866
vn 0.57968692 0.81018172 -0.08699804
vn 0.51298722 0.84277900 0.16299594
vn 0.53851687 0.33531051 0.77302422
vn 0.58269705 0.16289917 0.79619596
vn 0.42501461 0.67012303 0.60852092
vn 0.67370885 0.51260673 0.53230699
vn 0.37331315 0.81762881 0.43831544
vn 0.64678996 0.75238832 0.12479806
vn 0.65439782 0.63999787 0.40269866
vn 0.57968692 0.81018172 -0.08699804
vn 0.51298722 0.84277900 0.16299594
vn 0.53851687 0.33531051 0.77302422
vn 0.58269705 0.16289917 0.79619596
vn 0.42501461 0.67012303 0.60852092
vn 0.59399754 0.74979689 0.29149879
vn 0.21110037 0.91410162 0.34620061
vn 0.34209595 0.93848890 -0.04699944
vn 0.48778437 0.85127272 0.19339380
vn 0.18600051 0.96030264 -0.20790057
vn 0.21420306 0.97561395 0.04790068
vn 0.63631333 0.55041153 0.54051132
vn 0.74160750 0.41110416 0.53010536
vn 0.36459433 0.80738743 0.46389278
vn 0.67370885 0.51260673 0.53230699
vn 0.37331315 0.81762881 0.43831544
vn 0.64678996 0.75238832 0.12479806
vn 0.65439782 0.63999787 0.40269866
vn 0.57968692 0.81018172 -0.08699804
vn 0.51298722 0.84277900 0.16299594
vn 0.53851687 0.33531051 0.77302422
vn 0.58269705 0.16289917 0.79619596
vn 0.42501461 0.67012303 0.60852092
vn -0.55169327 0.63179230 0.54449336
vn -0.34658701 0.84536831 0.40648476
vn -0.46619486 0.84589067 0.25909714
vn -0.74663432 0.56112580 0.35731643
vn -0.44911434 0.54471739 0.70822261
vn -0.28180579 0.82591696 0.48831003
vn -0.11420570 0.97654876 0.18250911
vn -0.15629592 0.97867442 0.13329652
vn -0.12829724 0.96137928 0.24349475
vn -0.22908727 0.80675517 -0.54466973
vn 0.19889861 0.92599351 -0.32089775
vn 0.23790160 0.91820618 -0.31670213
vn -0.20879998 0.80069993 -0.56149995
vn -0.24759284 0.82697610 -0.50478541
vn 0.23650588 0.93702331 -0.25700639
vn 0.60899572 0.79309443 0.01119992
vn 0.61197602 0.79086901 0.00339987
vn 0.61656896 0.78566045 0.05079744
vn 0.06300172 0.99742723 -0.03420093
vn 0.01689994 0.98169677 -0.18969937
vn -0.37068687 0.90076810 -0.22629199
vn -0.28220931 0.95913165 -0.02060068
vn -0.35369565 0.91328878 0.20199752
vn -0.02579875 0.98815229 0.15129270
vn 0.48887530 0.85725668 -0.16159183
vn 0.49231131 0.86601990 -0.08740201
vn 0.45490966 0.88881887 0.05530117
vn -0.05720159 0.93972615 -0.33710938
vn -0.04320159 0.98823638 -0.14670540
vn 0.38599169 0.91518031 -0.11599750
vn 0.40329009 0.86397877 -0.30149259
vn 0.75069672 0.59879738 -0.27909878
vn 0.77039292 0.63549416 0.05139953
vn 0.31920731 0.76721758 -0.55631275
vn -0.28970429 0.78161156 -0.55240817
vn 0.77410507 0.30470199 -0.55490363
vn -0.20659529 0.97457778 -0.08669802
vn -0.38648532 0.92166500 -0.03409871
vn -0.28820071 0.87720216 0.38400094
vn -0.10660019 0.92610168 0.36190066
vn 0.08079985 0.71899866 0.69029871
vn -0.20680191 0.57400530 0.79230732
vn 0.13689943 0.96499600 0.22369907
vn 0.00379989 0.93217424 -0.36198999
vn 0.44987660 0.62406754 0.63886677
vn 0.18480428 0.97902267 0.08580199
vn 0.02739997 0.92969901 0.36729961
vn -0.35119413 0.91598468 0.19399676
vn 0.00969977 0.99977622 -0.01879955
vn -0.40841587 0.89943495 0.15560605
vn 0.07900251 0.99663161 0.02200070
vn 0.49858340 0.83937206 -0.21649279
vn 0.51207157 0.85585248 -0.07279596
vn 0.41670531 0.87891120 -0.23210296
vn -0.37920102 0.75140203 0.54000146
vn 0.00390017 0.95424110 0.29901288
vn 0.01890036 0.96441820 0.26370498
vn -0.38729503 0.76309021 0.51739336
vn -0.34571599 0.74173432 0.57472659
vn 0.07739760 0.95537042 0.28509117
vn 0.41691832 0.90753988 -0.05050222
vn 0.41041020 0.91022262 -0.05530137
vn 0.45361509 0.88952960 -0.05450181
vn 0.03379993 0.99359789 -0.10779977
vn 0.29419075 0.95546996 0.02299928
vn 0.36938993 0.88207595 0.29239203
vn 0.02669874 0.99935300 -0.02409887
vn 0.13809552 0.99016785 -0.02229928
vn 0.57037563 0.73196873 0.37268408
vn -0.19279744 0.88948818 -0.41429449
vn -0.23469886 0.88509570 -0.40189805
vn -0.19269510 0.87937766 -0.43538894
vn -0.13919656 0.98657565 0.08539789
vn -0.14809117 0.94974335 0.27578355
vn 0.27838996 0.90456738 0.32288836
vn 0.31658992 0.93807014 0.14069552
vn 0.68598138 0.72218040 0.08879759
vn 0.68613664 0.60523232 0.40362155
vn 0.26569289 0.95437445 -0.13629635
vn -0.33211306 0.92213625 -0.19840780
vn 0.75842794 0.59392188 -0.26840989
vn -0.91927851 0.33989206 0.19849536
vn -0.75471883 0.62701565 0.19300482
vn -0.59710634 0.79150841 0.13030138
vn -0.82429032 0.50699405 0.25199704
vn -0.91878110 0.27389437 0.28429415
vn -0.73371408 0.62471199 0.26720513
vn -0.28428934 0.95676413 0.06149769
vn -0.15740290 0.97061790 -0.18200336
vn -0.34679725 0.92419266 0.15999873
vn 0.10069989 0.97589890 -0.19359978
vn -0.32919480 0.91138560 -0.24699610
vn -0.26960394 0.96281408 0.01740025
vn 0.13239952 0.99119641 0.00020000
vn 0.11289827 0.97798501 0.17549731
vn -0.28869781 0.91629306 0.27759790
vn 0.46382032 0.88553880 -0.02630115
vn 0.45371456 0.88272833 -0.12220392
vn 0.39909292 0.91618374 0.03649935
vn -0.15279774 0.68928981 0.70818953
vn -0.06459964 0.29569834 0.95309463
vn 0.18179961 0.44239906 0.87819814
vn 0.02879974 0.75939324 0.64999422
vn 0.20749790 0.77309218 0.59939394
vn 0.43721584 0.44991630 0.77872821
vn -0.11700519 0.92724111 0.35571577
vn -0.20349509 0.89977828 0.38599068
vn -0.03419909 0.91557551 0.40068928
vn -0.13870621 0.98664420 0.08540383
vn -0.14760618 0.94983976 0.27571154
vn 0.27880931 0.90443020 0.32291078
vn 0.31700921 0.93792725 0.14070409
vn 0.68639120 0.72179075 0.08879886
vn 0.68641993 0.60491756 0.40361172
vn 0.26620828 0.95422969 -0.13630424
vn -0.33169590 0.92228859 -0.19839755
vn 0.75873547 0.59352775 -0.26841255
vn -0.25329744 0.94749044 -0.19519803
vn -0.63631002 0.72911148 -0.25200397
vn -0.59731081 0.80181450 0.01770032
vn -0.23179172 0.97276525 0.00059998
vn -0.24199195 0.95386828 0.17769409
vn -0.59897680 0.74917098 0.28278904
vn 0.11910463 0.99253858 -0.02610101
vn 0.11120585 0.98645191 -0.12060635
vn 0.04980033 0.99810656 0.03610024
vn 0.07289926 0.99358990 0.08639912
vn -0.17729430 0.95546926 0.23589241
vn -0.44490012 0.88210024 0.15480004
vn 0.00599971 0.99935173 0.03549829
vn -0.05529816 0.99016714 0.12849574
vn -0.62050809 0.73200954 0.28130367
vn 0.45308325 0.88946711 0.05969779
vn 0.46509307 0.88508682 0.01759974
vn 0.47078771 0.87937704 0.07109814
vn 0.04600048 0.99831041 0.03550037
vn 0.20890067 0.97730316 0.03520011
vn 0.21980167 0.84080640 -0.49470377
vn 0.02250052 0.85921972 -0.51111173
vn -0.17949533 0.75898024 0.62588371
vn 0.18009106 0.84365810 0.50577488
vn 0.40571047 0.91142351 -0.06860177
vn 0.44212391 0.58113142 -0.68323694
vn 0.46998919 0.66098480 0.58498655
vn 0.14530220 0.98581492 0.08400127
vn 0.30329182 0.92477505 0.22979380
vn 0.35709918 0.85609804 0.37359914
vn 0.45499729 0.85689490 0.24229856
vn 0.63581021 0.71801153 0.28320455
vn 0.51249641 0.81189431 0.27959804
vn 0.42651837 0.90443896 -0.00850037
vn 0.16799566 0.98087464 -0.09829746
vn 0.53928689 0.81228025 0.22219460
vn 0.08860114 0.83491077 0.54320700
vn 0.10079673 0.92876983 0.35668841
vn -0.25949975 0.92789910 0.26769974
vn -0.06959817 0.91737591 0.39188971
vn 0.32729895 0.79719744 0.50729837
vn 0.36170873 0.86462086 0.34870841
vn -0.02330083 0.99593551 0.08700310
vn -0.36760000 0.92989999 -0.01250000
vn 0.21790338 0.94171460 0.25630397
vn 0.12569778 0.90128407 -0.41459267
vn -0.30611296 0.82713503 -0.47131996
vn -0.25469126 0.94126768 -0.22169239
vn 0.14989738 0.96198321 -0.22829602
vn 0.12289641 0.99097108 -0.05359844
vn -0.28310021 0.95820070 0.04130003
vn 0.48110829 0.85081466 -0.21130364
vn 0.47649133 0.82428501 -0.30579444
vn 0.41361055 0.89612286 -0.16090410
vn 0.14959555 0.98827058 -0.03069909
vn 0.17469418 0.98446722 -0.01749942
vn 0.50927191 0.85335294 -0.11149385
vn 0.49820928 0.85761597 -0.12760238
vn 0.12380043 0.99230346 0.00270001
vn 0.51441123 0.85431865 -0.07430162
vn -0.21129243 0.97516505 0.06639762
vn -0.20249813 0.97609099 0.07899927
vn -0.21989257 0.97256714 0.07589744
vn -0.25329744 0.94749044 -0.19519803
vn -0.63631002 0.72911148 -0.25200397
vn -0.59731081 0.80181450 0.01770032
vn -0.23179172 0.97276525 0.00059998
vn -0.24199195 0.95386828 0.17769409
vn -0.59897680 0.74917098 0.28278904
vn 0.11910463 0.99253858 -0.02610101
vn 0.11120585 0.98645191 -0.12060635
vn 0.04980033 0.99810656 0.03610024
vn -0.00710022 0.93712904 0.34891081
vn 0.29919557 0.95358589 0.03399950
vn 0.04990240 0.99614800 -0.07210347
vn -0.18270543 0.94832819 0.25940771
vn -0.30789352 0.94198017 0.13369719
vn -0.13960206 0.95781416 -0.25120371
vn -0.35060784 0.78001745 0.51831160
vn -0.26680004 0.77800012 0.56880009
vn -0.36438604 0.82446842 0.43298341
vn -0.25329744 0.94749044 -0.19519803
vn -0.63631002 0.72911148 -0.25200397
vn -0.59731081 0.80181450 0.01770032
vn -0.23179172 0.97276525 0.00059998
vn -0.24199195 0.95386828 0.17769409
vn -0.59897680 0.74917098 0.28278904
vn 0.11910463 0.99253858 -0.02610101
vn 0.11120585 0.98645191 -0.12060635
vn 0.04980033 0.99810656 0.03610024
vn -0.48510377 0.87420679 0.02090016
vn -0.00799983 0.99957872 0.02789941
vn 0.02719979 0.99959216 0.00869993
vn -0.47672441 0.87904502 -0.00370019
vn -0.47999253 0.87458639 0.06859893
vn 0.05689768 0.99645941 0.06189748
vn 0.51289942 0.85809903 0.02449997
vn 0.51112929 0.85934925 0.01630093
vn 0.54152111 0.83933272 0.04770186
vn 0.32059479 0.93958472 -0.11999805
vn 0.40909460 0.91108798 0.05059933
vn 0.74349307 0.65839386 -0.11719891
vn 0.67719771 0.67159773 -0.30059898
vn 0.83261715 0.28480587 -0.47500979
vn 0.96812454 0.17590446 -0.17830452
vn 0.48409248 0.70748901 -0.51489200
vn -0.00779996 0.97179486 -0.23569875
vn 0.62110346 0.12740071 -0.77330431
vn -0.28931658 0.95645480 0.03860221
vn -0.07670031 0.98780396 0.13550054
vn 0.04290021 0.96400474 0.26240129
vn 0.07960373 0.99204642 0.09750456
vn 0.31839417 0.94428272 0.08339847
vn 0.17319869 0.97779263 0.11799911
vn -0.02640099 0.98913713 -0.14460543
vn -0.31809917 0.93559756 -0.15319960
vn 0.18089796 0.98208895 0.05269941
vn 0.44131329 0.88472664 0.15000452
vn 0.57608862 0.81728386 0.01299974
vn 0.16160755 0.98614609 0.03740175
vn -0.10780249 0.97982265 0.16830389
vn 0.55628506 0.83097768 -0.00479987
vn 0.18450587 0.98283128 0.00050002
vn -0.42239283 0.89578479 0.13839765
vn -0.57879948 0.71939935 0.38399965
vn -0.32598282 0.94455022 0.03949792
vn 0.13849968 0.95039779 -0.27849935
vn 0.28138623 0.95865308 -0.04249792
vn 0.40309997 0.91069994 0.09019999
vn 0.00000000 0.99511707 0.09870169
vn 0.01850032 0.90201536 -0.43130735
vn 0.02059996 0.97619824 -0.21589961
vn 0.46710511 0.80250879 0.37120406
vn 0.59507785 0.69877399 0.39698522
vn 0.16100735 0.95834375 0.23591077
vn -0.14189605 0.98847247 -0.05279853
vn -0.11299955 0.99029609 0.08089968
vn -0.05849654 0.98274185 0.17548962
vn -0.14690546 0.98903679 0.01500056
vn -0.17629668 0.98208151 -0.06659875
vn -0.13880005 0.98650035 0.08690003
vn -0.02910104 0.94953402 0.31231119
vn 0.15029355 0.90296124 0.40258272
vn -0.07560063 0.95820795 0.27590229
vn 0.59669959 0.79549945 -0.10549993
vn 0.75702983 0.58022286 -0.30041184
vn 0.93892934 0.34271071 0.03100097
vn 0.69360912 0.71650942 0.07430098
vn 0.94876780 0.30398968 0.08619707
vn 0.65168253 0.75847966 0.00429988
vn 0.18369594 0.98247829 0.03149930
vn 0.23458668 0.96684509 -0.10089427
vn 0.25509089 0.96336560 0.08279704
vn -0.29728543 0.90395568 0.30738493
vn -0.31571225 0.94423665 0.09350363
vn -0.64319650 0.76559583 0.01269993
vn -0.46651447 0.87342709 0.13960433
vn -0.05700286 0.95844801 0.27951400
vn -0.03240153 0.99344695 0.10960518
vn -0.42260182 0.88600381 -0.19080082
vn -0.71595201 0.64205697 -0.27418162
vn -0.18539227 0.98265905 -0.00329986
vn 0.70403687 0.70973717 -0.02460129
vn 0.50259648 0.84699407 -0.17319879
vn 0.40890477 0.87511021 0.25880302
vn 0.55089420 0.75479205 0.35609625
vn 0.67419554 0.62379587 0.39539738
vn 0.87239033 0.48789459 0.02989967
vn 0.32680907 0.70401954 0.63051750
vn 0.26240463 0.76541352 0.58761038
vn 0.41719087 0.68138509 0.60138684
vn -0.29679502 0.91148472 -0.28479523
vn -0.43590639 0.65330957 -0.61900907
vn -0.62809940 0.65979937 -0.41249961
vn -0.43381227 0.89072520 -0.13570384
vn -0.56047503 0.82776313 -0.02599884
vn -0.80931678 0.53601111 -0.24020498
vn -0.19129907 0.97479524 0.11479944
vn -0.12639920 0.99089369 0.04639970
vn -0.28190624 0.95382111 0.10370229
vn 0.05529778 0.99356013 -0.09889603
vn -0.42230742 0.88811560 -0.18140319
vn -0.31241804 0.93995427 0.13740793
vn 0.07740217 0.99002770 0.11770329
vn -0.35511507 0.87753725 0.32221368
vn -0.02590029 0.95921070 0.28150314
vn 0.48807793 0.87156060 -0.04649790
vn 0.49210180 0.87010319 0.02750010
vn 0.45588979 0.87318044 0.17239614
vn -0.22210659 0.97492892 0.01350040
vn -0.06079932 0.99078896 0.12099865
vn 0.05299836 0.97256985 0.22649298
vn 0.08800045 0.99340506 0.07350037
vn 0.28729434 0.95528119 0.06999862
vn 0.16269253 0.98125493 0.10329526
vn 0.00159998 0.98868505 -0.14999773
vn -0.27640200 0.93790679 -0.20960152
vn 0.16249432 0.98556557 0.04749834
vn 0.58849597 0.69759522 -0.40869720
vn 0.40271031 0.89262285 -0.20260519
vn 0.08189801 0.87907865 -0.46958859
vn 0.47811150 0.69251666 -0.54021299
vn 0.02600078 0.85792573 -0.51311539
vn 0.53928313 0.68717850 -0.48678477
vn 0.88069106 0.33649658 -0.33339662
vn 0.87650779 0.26390235 -0.40260358
vn 0.81266708 0.31758714 -0.48858021
vn 0.08940434 0.82384000 -0.55972718
vn 0.11649543 0.95196264 -0.28318889
vn 0.13230203 0.95451461 -0.26720409
vn 0.10390259 0.82472057 -0.55591387
vn 0.06290010 0.82940134 -0.55510089
vn 0.11690378 0.96373117 -0.23990776
vn 0.13560365 0.99022666 0.03260088
vn 0.14840069 0.98820462 0.03780018
vn 0.14419418 0.98826008 0.05049796
vn -0.03339948 0.99738448 -0.06409900
vn 0.36739519 0.90188818 0.22719702
vn 0.40311224 0.88582689 0.22980698
vn -0.01200022 0.99681810 -0.07880143
vn -0.05619758 0.99815704 -0.02289901
vn 0.39469216 0.87188269 0.28989424
vn 0.69739510 0.53649623 0.47519666
vn 0.70142803 0.53772149 0.46781869
vn 0.69779668 0.50619759 0.50679759
vn -0.38530358 0.92230857 -0.02980028
vn -0.24389763 0.88989134 0.38549625
vn -0.04089918 0.97498047 0.21849562
vn -0.22810014 0.96330060 -0.14150009
vn -0.05950096 0.97861575 -0.19690317
vn 0.20660270 0.97021269 0.12650165
vn -0.36810577 0.82411291 -0.43050674
vn -0.45110306 0.80710548 -0.38090258
vn -0.29039796 0.87039387 -0.39759720
vn 0.20559725 0.86458843 -0.45849386
vn 0.28169153 0.55588329 -0.78207650
vn 0.00630007 0.63460740 -0.77280901
vn 0.00610023 0.89163341 -0.45271696
vn -0.17259643 0.86838206 -0.46489039
vn -0.26218748 0.57707245 -0.77346307
vn 0.01690067 0.99403932 -0.10770426
vn 0.11170510 0.98764511 -0.10990502
vn -0.04220030 0.98290693 -0.17920126
vn 0.44998020 0.88796093 0.09509582
vn 0.73182548 0.61062126 0.30261054
vn 0.78609687 0.61759754 0.02499990
vn 0.48628834 0.86747920 -0.10489749
vn 0.53210538 0.80370812 -0.26630269
vn 0.84229177 0.49239519 -0.21929786
vn 0.15090441 0.97042837 -0.18840551
vn 0.13280156 0.98651155 -0.09570112
vn 0.23259702 0.94568787 -0.22709709
vn 0.17120915 0.91764902 -0.35861916
vn -0.00820032 0.97183755 -0.23550910
vn -0.17019821 0.96518985 -0.19859791
vn -0.05260229 0.99414328 -0.09440411
vn -0.15750414 0.98122582 0.11130293
vn -0.11379733 0.99317670 -0.02549940
vn 0.19490466 0.97892339 -0.06100146
vn 0.34060913 0.89542399 -0.28670768
vn -0.06439729 0.99785808 0.01149952
vn -0.13919656 0.98657565 0.08539789
vn -0.14809117 0.94974335 0.27578355
vn 0.27838996 0.90456738 0.32288836
vn 0.31658992 0.93807014 0.14069552
vn 0.68598138 0.72218040 0.08879759
vn 0.68613664 0.60523232 0.40362155
vn 0.26569289 0.95437445 -0.13629635
vn -0.33211306 0.92213625 -0.19840780
vn 0.75842794 0.59392188 -0.26840989
vn 0.07320337 0.98664536 0.14550669
vn 0.26210591 0.94982140 0.17070385
vn 0.34561232 0.90443223 -0.25010891
vn 0.16740221 0.93791238 -0.30380401
vn 0.14730450 0.72182203 -0.67622064
vn 0.46099643 0.60489531 -0.64929497
vn -0.11300338 0.95422851 -0.27690827
vn -0.22619737 0.92228926 0.31339635
vn -0.20229914 0.59349747 -0.77899667
vn -0.03419943 0.98558350 -0.16569723
vn 0.16930232 0.98101342 -0.09460129
vn 0.11410044 0.98030375 0.16120062
vn -0.07549916 0.99608891 -0.04589949
vn 0.10090015 0.97440147 0.20090030
vn -0.05439907 0.99478304 -0.08629853
vn -0.27569584 0.90038640 -0.33659492
vn -0.17419940 0.91579685 -0.36189875
vn -0.26119103 0.92646818 -0.27099069
vn 0.59399754 0.74979689 0.29149879
vn 0.21110037 0.91410162 0.34620061
vn 0.34209595 0.93848890 -0.04699944
vn 0.48778437 0.85127272 0.19339380
vn 0.18600051 0.96030264 -0.20790057
vn 0.21420306 0.97561395 0.04790068
vn 0.63631333 0.55041153 0.54051132
vn 0.74160750 0.41110416 0.53010536
vn 0.36459433 0.80738743 0.46389278
vn 0.67370885 0.51260673 0.53230699
vn 0.37331315 0.81762881 0.43831544
vn 0.64678996 0.75238832 0.12479806
vn 0.65439782 0.63999787 0.40269866
vn 0.57968692 0.81018172 -0.08699804
vn 0.51298722 0.84277900 0.16299594
vn 0.53851687 0.33531051 0.77302422
vn 0.58269705 0.16289917 0.79619596
vn 0.42501461 0.67012303 0.60852092
vn 0.67370885 0.51260673 0.53230699
vn 0.37331315 0.81762881 0.43831544
vn 0.64678996 0.75238832 0.12479806
vn 0.65439782 0.63999787 0.40269866
vn 0.57968692 0.81018172 -0.08699804
vn 0.51298722 0.84277900 0.16299594
vn 0.53851687 0.33531051 0.77302422
vn 0.58269705 0.16289917 0.79619596
vn 0.42501461 0.67012303 0.60852092
vn 0.59399754 0.74979689 0.29149879
vn 0.21110037 0.91410162 0.34620061
vn 0.34209595 0.93848890 -0.04699944
vn 0.48778437 0.85127272 0.19339380
vn 0.18600051 0.96030264 -0.20790057
vn 0.21420306 0.97561395 0.04790068
vn 0.63631333 0.55041153 0.54051132
vn 0.74160750 0.41110416 0.53010536
vn 0.36459433 0.80738743 0.46389278
vn 0.67370885 0.51260673 0.53230699
vn 0.37331315 0.81762881 0.43831544
vn 0.64678996 0.75238832 0.12479806
vn 0.65439782 0.63999787 0.40269866
vn 0.57968692 0.81018172 -0.08699804
vn 0.51298722 0.84277900 0.16299594
vn 0.53851687 0.33531051 0.77302422
vn 0.58269705 0.16289917 0.79619596
vn 0.42501461 0.67012303 0.60852092
vn -0.55169327 0.63179230 0.54449336
vn -0.34658701 0.84536831 0.40648476
vn -0.46619486 0.84589067 0.25909714
vn -0.74663432 0.56112580 0.35731643
vn -0.44911434 0.54471739 0.70822261
vn -0.28180579 0.82591696 0.48831003
vn -0.11420570 0.97654876 0.18250911
vn -0.15629592 0.97867442 0.13329652
vn -0.12829724 0.96137928 0.24349475
vn -0.22908727 0.80675517 -0.54466973
vn 0.19889861 0.92599351 -0.32089775
vn 0.23790160 0.91820618 -0.31670213
vn -0.20879998 0.80069993 -0.56149995
vn -0.24759284 0.82697610 -0.50478541
vn 0.23650588 0.93702331 -0.25700639
vn 0.60899572 0.79309443 0.01119992
vn 0.61197602 0.79086901 0.00339987
vn 0.61656896 0.78566045 0.05079744
vn 0.06300172 0.99742723 -0.03420093
vn 0.01689994 0.98169677 -0.18969937
vn -0.37068687 0.90076810 -0.22629199
vn -0.28220931 0.95913165 -0.02060068
vn -0.35369565 0.91328878 0.20199752
vn -0.02579875 0.98815229 0.15129270
vn 0.48887530 0.85725668 -0.16159183
vn 0.49231131 0.86601990 -0.08740201
vn 0.45490966 0.88881887 0.05530117
vn -0.05720159 0.93972615 -0.33710938
vn -0.04320159 0.98823638 -0.14670540
vn 0.38599169 0.91518031 -0.11599750
vn 0.40329009 0.86397877 -0.30149259
vn 0.75069672 0.59879738 -0.27909878
vn 0.77039292 0.63549416 0.05139953
vn 0.31920731 0.76721758 -0.55631275
vn -0.28970429 0.78161156 -0.55240817
vn 0.77410507 0.30470199 -0.55490363
vn -0.20659529 0.97457778 -0.08669802
vn -0.38648532 0.92166500 -0.03409871
vn -0.28820071 0.87720216 0.38400094
vn -0.10660019 0.92610168 0.36190066
vn 0.08079985 0.71899866 0.69029871
vn -0.20680191 0.57400530 0.79230732
vn 0.13689943 0.96499600 0.22369907
vn 0.00379989 0.93217424 -0.36198999
vn 0.44987660 0.62406754 0.63886677
vn 0.18480428 0.97902267 0.08580199
vn 0.02739997 0.92969901 0.36729961
vn -0.35119413 0.91598468 0.19399676
vn 0.00969977 0.99977622 -0.01879955
vn -0.40841587 0.89943495 0.15560605
vn 0.07900251 0.99663161 0.02200070
vn 0.49858340 0.83937206 -0.21649279
vn 0.51207157 0.85585248 -0.07279596
vn 0.41670531 0.87891120 -0.23210296
vn -0.37920102 0.75140203 0.54000146
vn 0.00390017 0.95424110 0.29901288
vn 0.01890036 0.96441820 0.26370498
vn -0.38729503 0.76309021 0.51739336
vn -0.34571599 0.74173432 0.57472659
vn 0.07739760 0.95537042 0.28509117
vn 0.41691832 0.90753988 -0.05050222
vn 0.41041020 0.91022262 -0.05530137
vn 0.45361509 0.88952960 -0.05450181
vn 0.03379993 0.99359789 -0.10779977
vn 0.29419075 0.95546996 0.02299928
vn 0.36938993 0.88207595 0.29239203
vn 0.02669874 0.99935300 -0.02409887
vn 0.13809552 0.99016785 -0.02229928
vn 0.57037563 0.73196873 0.37268408
vn -0.19279744 0.88948818 -0.41429449
vn -0.23469886 0.88509570 -0.40189805
vn -0.19269510 0.87937766 -0.43538894
vn -0.13919656 0.98657565 0.08539789
vn -0.14809117 0.94974335 0.27578355
vn 0.27838996 0.90456738 0.32288836
vn 0.31658992 0.93807014 0.14069552
vn 0.68598138 0.72218040 0.08879759
vn 0.68613664 0.60523232 0.40362155
vn 0.26569289 0.95437445 -0.13629635
vn -0.33211306 0.92213625 -0.19840780
vn 0.75842794 0.59392188 -0.26840989
vn -0.91927851 0.33989206 0.19849536
vn -0.75471883 0.62701565 0.19300482
vn -0.59710634 0.79150841 0.13030138
vn -0.82429032 0.50699405 0.25199704
vn -0.91878110 0.27389437 0.28429415
vn -0.73371408 0.62471199 0.26720513
vn -0.28428934 0.95676413 0.06149769
vn -0.15740290 0.97061790 -0.18200336
vn -0.34679725 0.92419266 0.15999873
vn 0.10069989 0.97589890 -0.19359978
vn -0.32919480 0.91138560 -0.24699610
vn -0.26960394 0.96281408 0.01740025
vn 0.13239952 0.99119641 0.00020000
vn 0.11289827 0.97798501 0.17549731
vn -0.28869781 0.91629306 0.27759790
vn 0.46382032 0.88553880 -0.02630115
vn 0.45371456 0.88272833 -0.12220392
vn 0.39909292 0.91618374 0.03649935
vn -0.15279774 0.68928981 0.70818953
vn -0.06459964 0.29569834 0.95309463
vn 0.18179961 0.44239906 0.87819814
vn 0.02879974 0.75939324 0.64999422
vn 0.20749790 0.77309218 0.59939394
vn 0.43721584 0.44991630 0.77872821
vn -0.11700519 0.92724111 0.35571577
vn -0.20349509 0.89977828 0.38599068
vn -0.03419909 0.91557551 0.40068928
vn -0.13870621 0.98664420 0.08540383
vn -0.14760618 0.94983976 0.27571154
vn 0.27880931 0.90443020 0.32291078
vn 0.31700921 0.93792725 0.14070409
vn 0.68639120 0.72179075 0.08879886
vn 0.68641993 0.60491756 0.40361172
vn 0.26620828 0.95422969 -0.13630424
vn -0.33169590 0.92228859 -0.19839755
vn 0.75873547 0.59352775 -0.26841255
vn -0.25329744 0.94749044 -0.19519803
vn -0.63631002 0.72911148 -0.25200397
vn -0.59731081 0.80181450 0.01770032
vn -0.23179172 0.97276525 0.00059998
vn -0.24199195 0.95386828 0.17769409
vn -0.59897680 0.74917098 0.28278904
vn 0.11910463 0.99253858 -0.02610101
vn 0.11120585 0.98645191 -0.12060635
vn 0.04980033 0.99810656 0.03610024
vn 0.07289926 0.99358990 0.08639912
vn -0.17729430 0.95546926 0.23589241
vn -0.44490012 0.88210024 0.15480004
vn 0.00599971 0.99935173 0.03549829
vn -0.05529816 0.99016714 0.12849574
vn -0.62050809 0.73200954 0.28130367
vn 0.45308325 0.88946711 0.05969779
vn 0.46509307 0.88508682 0.01759974
vn 0.47078771 0.87937704 0.07109814
vn 0.04600048 0.99831041 0.03550037
vn 0.20890067 0.97730316 0.03520011
vn 0.21980167 0.84080640 -0.49470377
vn 0.02250052 0.85921972 -0.51111173
vn -0.17949533 0.75898024 0.62588371
vn 0.18009106 0.84365810 0.50577488
vn 0.40571047 0.91142351 -0.06860177
vn 0.44212391 0.58113142 -0.68323694
vn 0.46998919 0.66098480 0.58498655
vn 0.14530220 0.98581492 0.08400127
vn 0.30329182 0.92477505 0.22979380
vn 0.35709918 0.85609804 0.37359914
vn 0.45499729 0.85689490 0.24229856
vn 0.63581021 0.71801153 0.28320455
vn 0.51249641 0.81189431 0.27959804
vn 0.42651837 0.90443896 -0.00850037
vn 0.16799566 0.98087464 -0.09829746
vn 0.53928689 0.81228025 0.22219460
vn 0.08860114 0.83491077 0.54320700
vn 0.10079673 0.92876983 0.35668841
vn -0.25949975 0.92789910 0.26769974
vn -0.06959817 0.91737591 0.39188971
vn 0.32729895 0.79719744 0.50729837
vn 0.36170873 0.86462086 0.34870841
vn -0.02330083 0.99593551 0.08700310
vn -0.36760000 0.92989999 -0.01250000
vn 0.21790338 0.94171460 0.25630397
vn 0.12569778 0.90128407 -0.41459267
vn -0.30611296 0.82713503 -0.47131996
vn -0.25469126 0.94126768 -0.22169239
vn 0.14989738 0.96198321 -0.22829602
vn 0.12289641 0.99097108 -0.05359844
vn -0.28310021 0.95820070 0.04130003
vn 0.48110829 0.85081466 -0.21130364
vn 0.47649133 0.82428501 -0.30579444
vn 0.41361055 0.89612286 -0.16090410
vn 0.14959555 0.98827058 -0.03069909
vn 0.17469418 0.98446722 -0.01749942
vn 0.50927191 0.85335294 -0.11149385
vn 0.49820928 0.85761597 -0.12760238
vn 0.12380043 0.99230346 0.00270001
vn 0.51441123 0.85431865 -0.07430162
vn -0.21129243 0.97516505 0.06639762
vn -0.20249813 0.97609099 0.07899927
vn -0.21989257 0.97256714 0.07589744
vn -0.25329744 0.94749044 -0.19519803
vn -0.63631002 0.72911148 -0.25200397
vn -0.59731081 0.80181450 0.01770032
vn -0.23179172 0.97276525 0.00059998
vn -0.24199195 0.95386828 0.17769409
vn -0.59897680 0.74917098 0.28278904
vn 0.11910463 0.99253858 -0.02610101
vn 0.11120585 0.98645191 -0.12060635
vn 0.04980033 0.99810656 0.03610024
vn -0.00710022 0.93712904 0.34891081
vn 0.29919557 0.95358589 0.03399950
vn 0.04990240 0.99614800 -0.07210347
vn -0.18270543 0.94832819 0.25940771
vn -0.30789352 0.94198017 0.13369719
vn -0.13960206 0.95781416 -0.25120371
vn -0.35060784 0.78001745 0.51831160
vn -0.26680004 0.77800012 0.56880009
vn -0.36438604 0.82446842 0.43298341
vn -0.25329744 0.94749044 -0.19519803
vn -0.63631002 0.72911148 -0.25200397
vn -0.59731081 0.80181450 0.01770032
vn -0.23179172 0.97276525 0.00059998
vn -0.24199195 0.95386828 0.17769409
vn -0.59897680 0.74917098 0.28278904
vn 0.11910463 0.99253858 -0.02610101
vn 0.11120585 0.98645191 -0.12060635
vn 0.04980033 0.99810656 0.03610024
vn -0.48510377 0.87420679 0.02090016
vn -0.00799983 0.99957872 0.02789941
vn 0.02719979 0.99959216 0.00869993
vn -0.47672441 0.87904502 -0.00370019
vn -0.47999253 0.87458639 0.06859893
vn 0.05689768 0.99645941 0.06189748
vn 0.51289942 0.85809903 0.02449997
vn 0.51112929 0.85934925 0.01630093
vn 0.54152111 0.83933272 0.04770186
vn 0.32059479 0.93958472 -0.11999805
vn 0.40909460 0.91108798 0.05059933
vn 0.74349307 0.65839386 -0.11719891
vn 0.67719771 0.67159773 -0.30059898
vn 0.83261715 0.28480587 -0.47500979
vn 0.96812454 0.17590446 -0.17830452
vn 0.48409248 0.70748901 -0.51489200
vn -0.00779996 0.97179486 -0.23569875
vn 0.62110346 0.12740071 -0.77330431
vn -0.28931658 0.95645480 0.03860221
vn -0.07670031 0.98780396 0.13550054
vn 0.04290021 0.96400474 0.26240129
vn 0.07960373 0.99204642 0.09750456
vn 0.31839417 0.94428272 0.08339847
vn 0.17319869 0.97779263 0.11799911
vn -0.02640099 0.98913713 -0.14460543
vn -0.31809917 0.93559756 -0.15319960
vn 0.18089796 0.98208895 0.05269941
vn 0.44131329 0.88472664 0.15000452
vn 0.57608862 0.81728386 0.01299974
vn 0.16160755 0.98614609 0.03740175
vn -0.10780249 0.97982265 0.16830389
vn 0.55628506 0.83097768 -0.00479987
vn 0.18450587 0.98283128 0.00050002
vn -0.42239283 0.89578479 0.13839765
vn -0.57879948 0.71939935 0.38399965
vn -0.32598282 0.94455022 0.03949792
vn 0.13849968 0.95039779 -0.27849935
vn 0.28138623 0.95865308 -0.04249792
vn 0.40309997 0.91069994 0.09019999
vn 0.00000000 0.99511707 0.09870169
vn 0.01850032 0.90201536 -0.43130735
vn 0.02059996 0.97619824 -0.21589961
vn 0.46710511 0.80250879 0.37120406
vn 0.59507785 0.69877399 0.39698522
vn 0.16100735 0.95834375 0.23591077
vn -0.14189605 0.98847247 -0.05279853
vn -0.11299955 0.99029609 0.08089968
vn -0.05849654 0.98274185 0.17548962
vn -0.14690546 0.98903679 0.01500056
vn -0.17629668 0.98208151 -0.06659875
vn -0.13880005 0.98650035 0.08690003
vn -0.02910104 0.94953402 0.31231119
vn 0.15029355 0.90296124 0.40258272
vn -0.07560063 0.95820795 0.27590229
vn 0.59669959 0.79549945 -0.10549993
vn 0.75702983 0.58022286 -0.30041184
vn 0.93892934 0.34271071 0.03100097
vn 0.69360912 0.71650942 0.07430098
vn 0.94876780 0.30398968 0.08619707
vn 0.65168253 0.75847966 0.00429988
vn 0.18369594 0.98247829 0.03149930
vn 0.23458668 0.96684509 -0.10089427
vn 0.25509089 0.96336560 0.08279704
vn -0.29728543 0.90395568 0.30738493
vn -0.31571225 0.94423665 0.09350363
vn -0.64319650 0.76559583 0.01269993
vn -0.46651447 0.87342709 0.13960433
vn -0.05700286 0.95844801 0.27951400
vn -0.03240153 0.99344695 0.10960518
vn -0.42260182 0.88600381 -0.19080082
vn -0.71595201 0.64205697 -0.27418162
vn -0.18539227 0.98265905 -0.00329986
vn 0.70403687 0.70973717 -0.02460129
vn 0.50259648 0.84699407 -0.17319879
vn 0.40890477 0.87511021 0.25880302
vn 0.55089420 0.75479205 0.35609625
vn 0.67422219 0.62382053 0.39531301
vn 0.87239033 0.48789459 0.02989967
vn 0.32680907 0.70401954 0.63051750
vn 0.26240463 0.76541352 0.58761038
vn 0.41719087 0.68138509 0.60138684
vn -0.29679502 0.91148472 -0.28479523
vn -0.43590639 0.65330957 -0.61900907
vn -0.62809940 0.65979937 -0.41249961
vn -0.43381227 0.89072520 -0.13570384
vn -0.56047503 0.82776313 -0.02599884
vn -0.80931678 0.53601111 -0.24020498
vn -0.19129907 0.97479524 0.11479944
vn -0.12639920 0.99089369 0.04639970
vn -0.28190624 0.95382111 0.10370229
vn 0.05529778 0.99356013 -0.09889603
vn -0.42230742 0.88811560 -0.18140319
vn -0.31238867 0.93996592 0.13739502
vn 0.07740217 0.99002770 0.11770329
vn -0.35511507 0.87753725 0.32221368
vn -0.02590029 0.95921070 0.28150314
vn 0.48807793 0.87156060 -0.04649790
vn 0.49210180 0.87010319 0.02750010
vn 0.45588979 0.87318044 0.17239614
vn -0.22210659 0.97492892 0.01350040
vn -0.06079932 0.99078896 0.12099865
vn 0.05299836 0.97256985 0.22649298
vn 0.08800045 0.99340506 0.07350037
vn 0.28729434 0.95528119 0.06999862
vn 0.16269253 0.98125493 0.10329526
vn 0.00159998 0.98868505 -0.14999773
vn -0.27640200 0.93790679 -0.20960152
vn 0.16249432 0.98556557 0.04749834
vn 0.58849597 0.69759522 -0.40869720
vn 0.40271031 0.89262285 -0.20260519
vn 0.08189801 0.87907865 -0.46958859
vn 0.47811150 0.69251666 -0.54021299
vn 0.02600078 0.85792573 -0.51311539
vn 0.53928313 0.68717850 -0.48678477
vn 0.88069106 0.33649658 -0.33339662
vn 0.87650779 0.26390235 -0.40260358
vn 0.81266708 0.31758714 -0.48858021
vn 0.08940434 0.82384000 -0.55972718
vn 0.11649543 0.95196264 -0.28318889
vn 0.13230203 0.95451461 -0.26720409
vn 0.10390259 0.82472057 -0.55591387
vn 0.06290010 0.82940134 -0.55510089
vn 0.11690378 0.96373117 -0.23990776
vn 0.13560365 0.99022666 0.03260088
vn 0.14840069 0.98820462 0.03780018
vn 0.14419418 0.98826008 0.05049796
vn -0.03339948 0.99738448 -0.06409900
vn 0.36739519 0.90188818 0.22719702
vn 0.40311224 0.88582689 0.22980698
vn -0.01200022 0.99681810 -0.07880143
vn -0.05619758 0.99815704 -0.02289901
vn 0.39469216 0.87188269 0.28989424
vn 0.69739510 0.53649623 0.47519666
vn 0.70142803 0.53772149 0.46781869
vn 0.69779668 0.50619759 0.50679759
vn -0.38530358 0.92230857 -0.02980028
vn -0.24389763 0.88989134 0.38549625
vn -0.04089918 0.97498047 0.21849562
vn -0.22810014 0.96330060 -0.14150009
vn -0.05950096 0.97861575 -0.19690317
vn 0.20660270 0.97021269 0.12650165
vn -0.36810577 0.82411291 -0.43050674
vn -0.45110306 0.80710548 -0.38090258
vn -0.29039796 0.87039387 -0.39759720
vn 0.20559725 0.86458843 -0.45849386
vn 0.28169153 0.55588329 -0.78207650
vn 0.00620008 0.63460779 -0.77280949
vn 0.00610023 0.89163341 -0.45271696
vn -0.17259643 0.86838206 -0.46489039
vn -0.26218748 0.57707245 -0.77346307
vn 0.01690067 0.99403932 -0.10770426
vn 0.11170510 0.98764511 -0.10990502
vn -0.04220030 0.98290693 -0.17920126
vn 0.44998020 0.88796093 0.09509582
vn 0.73182548 0.61062126 0.30261054
vn 0.78609687 0.61759754 0.02499990
vn 0.48628834 0.86747920 -0.10489749
vn 0.53210538 0.80370812 -0.26630269
vn 0.84229177 0.49239519 -0.21929786
vn 0.15090441 0.97042837 -0.18840551
vn 0.13280156 0.98651155 -0.09570112
vn 0.23259702 0.94568787 -0.22709709
vn 0.17120915 0.91764902 -0.35861916
vn -0.00820032 0.97183755 -0.23550910
vn -0.17019821 0.96518985 -0.19859791
vn -0.05260229 0.99414328 -0.09440411
vn -0.15750414 0.98122582 0.11130293
vn -0.11379733 0.99317670 -0.02549940
vn 0.19490466 0.97892339 -0.06100146
vn 0.34060913 0.89542399 -0.28670768
vn -0.06439729 0.99785808 0.01149952
vn -0.13919656 0.98657565 0.08539789
vn -0.14809117 0.94974335 0.27578355
vn 0.27838996 0.90456738 0.32288836
vn 0.31658992 0.93807014 0.14069552
vn 0.68598138 0.72218040 0.08879759
vn 0.68613664 0.60523232 0.40362155
vn 0.26569289 0.95437445 -0.13629635
vn -0.33211306 0.92213625 -0.19840780
vn 0.75842794 0.59392188 -0.26840989
vn 0.07320337 0.98664536 0.14550669
vn 0.26210591 0.94982140 0.17070385
vn 0.34561232 0.90443223 -0.25010891
vn 0.16740221 0.93791238 -0.30380401
vn 0.14730450 0.72182203 -0.67622064
vn 0.46099643 0.60489531 -0.64929497
vn -0.11300338 0.95422851 -0.27690827
vn -0.22619737 0.92228926 0.31339635
vn -0.20229914 0.59349747 -0.77899667
vn -0.03419943 0.98558350 -0.16569723
vn 0.16930232 0.98101342 -0.09460129
vn 0.11410044 0.98030375 0.16120062
vn -0.07549916 0.99608891 -0.04589949
vn 0.10090015 0.97440147 0.20090030
vn -0.05439907 0.99478304 -0.08629853
vn -0.27569584 0.90038640 -0.33659492
vn -0.17419940 0.91579685 -0.36189875
vn -0.26119103 0.92646818 -0.27099069
vn 0.59399754 0.74979689 0.29149879
vn 0.21110037 0.91410162 0.34620061
vn 0.34209595 0.93848890 -0.04699944
vn 0.48778437 0.85127272 0.19339380
vn 0.18600051 0.96030264 -0.20790057
vn 0.21420306 0.97561395 0.04790068
vn 0.63631333 0.55041153 0.54051132
vn 0.74160750 0.41110416 0.53010536
vn 0.36459433 0.80738743 0.46389278
vn 0.67370885 0.51260673 0.53230699
vn 0.37331315 0.81762881 0.43831544
vn 0.64678996 0.75238832 0.12479806
vn 0.65439782 0.63999787 0.40269866
vn 0.57968692 0.81018172 -0.08699804
vn 0.51298722 0.84277900 0.16299594
vn 0.53851687 0.33531051 0.77302422
vn 0.58269705 0.16289917 0.79619596
vn 0.42501461 0.67012303 0.60852092
vn 0.67370885 0.51260673 0.53230699
vn 0.37331315 0.81762881 0.43831544
vn 0.64678996 0.75238832 0.12479806
vn 0.65439782 0.63999787 0.40269866
vn 0.57968692 0.81018172 -0.08699804
vn 0.51298722 0.84277900 0.16299594
vn 0.53851687 0.33531051 0.77302422
vn 0.58269705 0.16289917 0.79619596
vn 0.42501461 0.67012303 0.60852092
vn 0.59399754 0.74979689 0.29149879
vn 0.21110037 0.91410162 0.34620061
vn 0.34209595 0.93848890 -0.04699944
vn 0.48778437 0.85127272 0.19339380
vn 0.18600051 0.96030264 -0.20790057
vn 0.21420306 0.97561395 0.04790068
vn 0.63631333 0.55041153 0.54051132
vn 0.74160750 0.41110416 0.53010536
vn 0.36459433 0.80738743 0.46389278
vn 0.67370885 0.51260673 0.53230699
vn 0.37331315 0.81762881 0.43831544
vn 0.64678996 0.75238832 0.12479806
vn 0.65439782 0.63999787 0.40269866
vn 0.57968692 0.81018172 -0.08699804
vn 0.51298722 0.84277900 0.16299594
vn 0.53851687 0.33531051 0.77302422
vn 0.58269705 0.16289917 0.79619596
vn 0.42501461 0.67012303 0.60852092
vn -0.55169327 0.63179230 0.54449336
vn -0.34658701 0.84536831 0.40648476
vn -0.46619486 0.84589067 0.25909714
vn -0.74663432 0.56112580 0.35731643
vn -0.44911434 0.54471739 0.70822261
vn -0.28180579 0.82591696 0.48831003
vn -0.11420570 0.97654876 0.18250911
vn -0.15629592 0.97867442 0.13329652
vn -0.12829724 0.96137928 0.24349475
vn -0.22908727 0.80675517 -0.54466973
vn 0.19889861 0.92599351 -0.32089775
vn 0.23790160 0.91820618 -0.31670213
vn -0.20879998 0.80069993 -0.56149995
vn -0.24759284 0.82697610 -0.50478541
vn 0.23650588 0.93702331 -0.25700639
vn 0.60899572 0.79309443 0.01119992
vn 0.61197602 0.79086901 0.00339987
vn 0.61656896 0.78566045 0.05079744
vn 0.06300172 0.99742723 -0.03420093
vn 0.01689994 0.98169677 -0.18969937
vn -0.37068687 0.90076810 -0.22629199
vn -0.28220931 0.95913165 -0.02060068
vn -0.35369565 0.91328878 0.20199752
vn -0.02579875 0.98815229 0.15129270
vn 0.48887530 0.85725668 -0.16159183
vn 0.49231131 0.86601990 -0.08740201
vn 0.45490966 0.88881887 0.05530117
vn -0.05720159 0.93972615 -0.33710938
vn -0.04320159 0.98823638 -0.14670540
vn 0.38599169 0.91518031 -0.11599750
vn 0.40329009 0.86397877 -0.30149259
vn 0.75069672 0.59879738 -0.27909878
vn 0.77039292 0.63549416 0.05139953
vn 0.31920731 0.76721758 -0.55631275
vn -0.28970429 0.78161156 -0.55240817
vn 0.77410507 0.30470199 -0.55490363
vn -0.20659529 0.97457778 -0.08669802
vn -0.38648532 0.92166500 -0.03409871
vn -0.28820071 0.87720216 0.38400094
vn -0.10660019 0.92610168 0.36190066
vn 0.08079985 0.71899866 0.69029871
vn -0.20680191 0.57400530 0.79230732
vn 0.13689943 0.96499600 0.22369907
vn 0.00379989 0.93217424 -0.36198999
vn 0.44987660 0.62406754 0.63886677
vn 0.18480428 0.97902267 0.08580199
vn 0.02739997 0.92969901 0.36729961
vn -0.35119413 0.91598468 0.19399676
vn 0.00969977 0.99977622 -0.01879955
vn -0.40841587 0.89943495 0.15560605
vn 0.07900251 0.99663161 0.02200070
vn 0.49858340 0.83937206 -0.21649279
vn 0.51207157 0.85585248 -0.07279596
vn 0.41670531 0.87891120 -0.23210296
vn -0.37920102 0.75140203 0.54000146
vn 0.00390017 0.95424110 0.29901288
vn 0.01890036 0.96441820 0.26370498
vn -0.38729503 0.76309021 0.51739336
vn -0.34571599 0.74173432 0.57472659
vn 0.07739760 0.95537042 0.28509117
vn 0.41691832 0.90753988 -0.05050222
vn 0.41041020 0.91022262 -0.05530137
vn 0.45361509 0.88952960 -0.05450181
vn 0.03379993 0.99359789 -0.10779977
vn 0.29419075 0.95546996 0.02299928
vn 0.36938993 0.88207595 0.29239203
vn 0.02669874 0.99935300 -0.02409887
vn 0.13809552 0.99016785 -0.02229928
vn 0.57037563 0.73196873 0.37268408
vn -0.19279744 0.88948818 -0.41429449
vn -0.23469886 0.88509570 -0.40189805
vn -0.19269510 0.87937766 -0.43538894
vn -0.13919656 0.98657565 0.08539789
vn -0.14809117 0.94974335 0.27578355
vn 0.27838996 0.90456738 0.32288836
vn 0.31658992 0.93807014 0.14069552
vn 0.68598138 0.72218040 0.08879759
vn 0.68613664 0.60523232 0.40362155
vn 0.26569289 0.95437445 -0.13629635
vn -0.33211306 0.92213625 -0.19840780
vn 0.75842794 0.59392188 -0.26840989
vn -0.91927851 0.33989206 0.19849536
vn -0.75471883 0.62701565 0.19300482
vn -0.59710634 0.79150841 0.13030138
vn -0.82429032 0.50699405 0.25199704
vn -0.91878110 0.27389437 0.28429415
vn -0.73371408 0.62471199 0.26720513
vn -0.28428934 0.95676413 0.06149769
vn -0.15740290 0.97061790 -0.18200336
vn -0.34679725 0.92419266 0.15999873
vn 0.10069989 0.97589890 -0.19359978
vn -0.32919480 0.91138560 -0.24699610
vn -0.26960394 0.96281408 0.01740025
vn 0.13239952 0.99119641 0.00020000
vn 0.11289827 0.97798501 0.17549731
vn -0.28869781 0.91629306 0.27759790
vn 0.46382032 0.88553880 -0.02630115
vn 0.45371456 0.88272833 -0.12220392
vn 0.39909292 0.91618374 0.03649935
vn -0.15279774 0.68928981 0.70818953
vn -0.06459964 0.29569834 0.95309463
vn 0.18179961 0.44239906 0.87819814
vn 0.02879974 0.75939324 0.64999422
vn 0.20749790 0.77309218 0.59939394
vn 0.43721584 0.44991630 0.77872821
vn -0.11700519 0.92724111 0.35571577
vn -0.20349509 0.89977828 0.38599068
vn -0.03419909 0.91557551 0.40068928
vn -0.13870621 0.98664420 0.08540383
vn -0.14760618 0.94983976 0.27571154
vn 0.27880931 0.90443020 0.32291078
vn 0.31700921 0.93792725 0.14070409
vn 0.68639120 0.72179075 0.08879886
vn 0.68641993 0.60491756 0.40361172
vn 0.26620828 0.95422969 -0.13630424
vn -0.33169590 0.92228859 -0.19839755
vn 0.75873547 0.59352775 -0.26841255
vn -0.25329744 0.94749044 -0.19519803
vn -0.63631002 0.72911148 -0.25200397
vn -0.59731081 0.80181450 0.01770032
vn -0.23179172 0.97276525 0.00059998
vn -0.24199195 0.95386828 0.17769409
vn -0.59897680 0.74917098 0.28278904
vn 0.11910463 0.99253858 -0.02610101
vn 0.11120585 0.98645191 -0.12060635
vn 0.04980033 0.99810656 0.03610024
vn 0.07289926 0.99358990 0.08639912
vn -0.17729430 0.95546926 0.23589241
vn -0.44490012 0.88210024 0.15480004
vn 0.00599971 0.99935173 0.03549829
vn -0.05529816 0.99016714 0.12849574
vn -0.62050809 0.73200954 0.28130367
vn 0.45308325 0.88946711 0.05969779
vn 0.46509307 0.88508682 0.01759974
vn 0.47078771 0.87937704 0.07109814
vn 0.04600048 0.99831041 0.03550037
vn 0.20890067 0.97730316 0.03520011
vn 0.21980167 0.84080640 -0.49470377
vn 0.02250052 0.85921972 -0.51111173
vn -0.17949533 0.75898024 0.62588371
vn 0.18009106 0.84365810 0.50577488
vn 0.40571047 0.91142351 -0.06860177
vn 0.44212391 0.58113142 -0.68323694
vn 0.46998919 0.66098480 0.58498655
vn 0.14530220 0.98581492 0.08400127
vn 0.30329182 0.92477505 0.22979380
vn 0.35709918 0.85609804 0.37359914
vn 0.45499729 0.85689490 0.24229856
vn 0.63581021 0.71801153 0.28320455
vn 0.51249641 0.81189431 0.27959804
vn 0.42651837 0.90443896 -0.00850037
vn 0.16799566 0.98087464 -0.09829746
vn 0.53928689 0.81228025 0.22219460
vn 0.08860114 0.83491077 0.54320700
vn 0.10079673 0.92876983 0.35668841
vn -0.25949975 0.92789910 0.26769974
vn -0.06959817 0.91737591 0.39188971
vn 0.32729895 0.79719744 0.50729837
vn 0.36170873 0.86462086 0.34870841
vn -0.02340078 0.99593318 0.08700290
vn -0.36760000 0.92989999 -0.01250000
vn 0.21790338 0.94171460 0.25630397
vn 0.12569778 0.90128407 -0.41459267
vn -0.30611296 0.82713503 -0.47131996
vn -0.25469126 0.94126768 -0.22169239
vn 0.14989738 0.96198321 -0.22829602
vn 0.12289641 0.99097108 -0.05359844
vn -0.28310021 0.95820070 0.04130003
vn 0.48110829 0.85081466 -0.21130364
vn 0.47649133 0.82428501 -0.30579444
vn 0.41361055 0.89612286 -0.16090410
vn 0.14959555 0.98827058 -0.03069909
vn 0.17469418 0.98446722 -0.01749942
vn 0.50927191 0.85335294 -0.11149385
vn 0.49820928 0.85761597 -0.12760238
vn 0.12389890 0.99229117 0.00269998
vn 0.51441123 0.85431865 -0.07430162
vn -0.21129243 0.97516505 0.06639762
vn -0.20249813 0.97609099 0.07899927
vn -0.21989257 0.97256714 0.07589744
vn -0.25329744 0.94749044 -0.19519803
vn -0.63631002 0.72911148 -0.25200397
vn -0.59731081 0.80181450 0.01770032
vn -0.23179172 0.97276525 0.00059998
vn -0.24199195 0.95386828 0.17769409
vn -0.59897680 0.74917098 0.28278904
vn 0.11910463 0.99253858 -0.02610101
vn 0.11120585 0.98645191 -0.12060635
vn 0.04980033 0.99810656 0.03610024
vn -0.00710022 0.93712904 0.34891081
vn 0.29919557 0.95358589 0.03399950
vn 0.04990240 0.99614800 -0.07210347
vn -0.18270543 0.94832819 0.25940771
vn -0.30789352 0.94198017 0.13369719
vn -0.13960206 0.95781416 -0.25120371
vn -0.35060784 0.78001745 0.51831160
vn -0.26680004 0.77800012 0.56880009
vn -0.36438604 0.82446842 0.43298341
vn -0.25329744 0.94749044 -0.19519803
vn -0.63631002 0.72911148 -0.25200397
vn -0.59731081 0.80181450 0.01770032
vn -0.23179172 0.97276525 0.00059998
vn -0.24199195 0.95386828 0.17769409
vn -0.59897680 0.74917098 0.28278904
vn 0.11910463 0.99253858 -0.02610101
vn 0.11120585 0.98645191 -0.12060635
vn 0.04980033 0.99810656 0.03610024
vn -0.48502730 0.87424920 0.02090118
vn -0.00799983 0.99957872 0.02789941
vn 0.02719979 0.99959216 0.00869993
vn -0.47672441 0.87904502 -0.00370019
vn -0.47999253 0.87458639 0.06859893
vn 0.05689768 0.99645941 0.06189748
vn 0.51289942 0.85809903 0.02449997
vn 0.51120316 0.85930532 0.01630010
vn 0.54152111 0.83933272 0.04770186
vn 0.32059479 0.93958472 -0.11999805
vn 0.40909460 0.91108798 0.05059933
vn 0.74349307 0.65839386 -0.11719891
vn 0.67719771 0.67159773 -0.30059898
vn 0.83261715 0.28480587 -0.47500979
vn 0.96812454 0.17590446 -0.17830452
vn 0.48409248 0.70748901 -0.51489200
vn -0.00779996 0.97179486 -0.23569875
vn 0.62110346 0.12740071 -0.77330431
vn -0.28931658 0.95645480 0.03860221
vn -0.07670031 0.98780396 0.13550054
vn 0.04290021 0.96400474 0.26240129
vn 0.07960373 0.99204642 0.09750456
vn 0.31839417 0.94428272 0.08339847
vn 0.17319869 0.97779263 0.11799911
vn -0.02640099 0.98913713 -0.14460543
vn -0.31809917 0.93559756 -0.15319960
vn 0.18089796 0.98208895 0.05269941
vn 0.44131329 0.88472664 0.15000452
vn 0.57608862 0.81728386 0.01299974
vn 0.16160755 0.98614609 0.03740175
vn -0.10780249 0.97982265 0.16830389
vn 0.55628506 0.83097768 -0.00479987
vn 0.18450587 0.98283128 0.00050002
vn -0.42239283 0.89578479 0.13839765
vn -0.57879948 0.71939935 0.38399965
vn -0.32598282 0.94455022 0.03949792
vn 0.13849968 0.95039779 -0.27849935
vn 0.28138623 0.95865308 -0.04249792
vn 0.40309997 0.91069994 0.09019999
vn 0.00000000 0.99511707 0.09870169
vn 0.01850032 0.90201536 -0.43130735
vn 0.02059996 0.97619824 -0.21589961
vn 0.46710511 0.80250879 0.37120406
vn 0.59507785 0.69877399 0.39698522
vn 0.16100735 0.95834375 0.23591077
vn -0.14189605 0.98847247 -0.05279853
vn -0.11299955 0.99029609 0.08089968
vn -0.05849654 0.98274185 0.17548962
vn -0.14690546 0.98903679 0.01500056
vn -0.17629668 0.98208151 -0.06659875
vn -0.13880005 0.98650035 0.08690003
vn -0.02910104 0.94953402 0.31231119
vn 0.15019581 0.90297481 0.40258877
vn -0.07560063 0.95820795 0.27590229
vn 0.59669959 0.79549945 -0.10549993
vn 0.75702983 0.58022286 -0.30041184
vn 0.93892934 0.34271071 0.03100097
vn 0.69360912 0.71650942 0.07430098
vn 0.94876780 0.30398968 0.08619707
vn 0.65168253 0.75847966 0.00429988
vn 0.18369594 0.98247829 0.03149930
vn 0.23458668 0.96684509 -0.10089427
vn 0.25509089 0.96336560 0.08279704
vn -0.29728543 0.90395568 0.30738493
vn -0.31571225 0.94423665 0.09350363
vn -0.64319650 0.76559583 0.01269993
vn -0.46651447 0.87342709 0.13960433
vn -0.05700286 0.95844801 0.27951400
vn -0.03240153 0.99344695 0.10960518
vn -0.42260182 0.88600381 -0.19080082
vn -0.71597164 0.64207457 -0.27408914
vn -0.18539227 0.98265905 -0.00329986
vn 0.70403687 0.70973717 -0.02460129
vn 0.50259648 0.84699407 -0.17319879
vn 0.40890477 0.87511021 0.25880302
vn 0.55089420 0.75479205 0.35609625
vn 0.67419554 0.62379587 0.39539738
vn 0.87239033 0.48789459 0.02989967
vn 0.32680907 0.70401954 0.63051750
vn 0.26240463 0.76541352 0.58761038
vn 0.41719087 0.68138509 0.60138684
vn -0.29679502 0.91148472 -0.28479523
vn -0.43590639 0.65330957 -0.61900907
vn -0.62809940 0.65979937 -0.41249961
vn -0.43381227 0.89072520 -0.13570384
vn -0.56047503 0.82776313 -0.02599884
vn -0.80931678 0.53601111 -0.24020498
vn -0.19129907 0.97479524 0.11479944
vn -0.12639920 0.99089369 0.04639970
vn -0.28190624 0.95382111 0.10370229
vn 0.05529778 0.99356013 -0.09889603
vn -0.42230742 0.88811560 -0.18140319
vn -0.31238867 0.93996592 0.13739502
vn 0.07740217 0.99002770 0.11770329
vn -0.35511507 0.87753725 0.32221368
vn -0.02590029 0.95921070 0.28150314
vn 0.48807793 0.87156060 -0.04649790
vn 0.49210180 0.87010319 0.02750010
vn 0.45588979 0.87318044 0.17239614
vn -0.22210659 0.97492892 0.01350040
vn -0.06079932 0.99078896 0.12099865
vn 0.05299836 0.97256985 0.22649298
vn 0.08800045 0.99340506 0.07350037
vn 0.28729434 0.95528119 0.06999862
vn 0.16269253 0.98125493 0.10329526
vn 0.00159998 0.98868505 -0.14999773
vn -0.27640200 0.93790679 -0.20960152
vn 0.16249432 0.98556557 0.04749834
vn 0.58849597 0.69759522 -0.40869720
vn 0.40271031 0.89262285 -0.20260519
vn 0.08189801 0.87907865 -0.46958859
vn 0.47811150 0.69251666 -0.54021299
vn 0.02600078 0.85792573 -0.51311539
vn 0.53928313 0.68717850 -0.48678477
vn 0.88069106 0.33649658 -0.33339662
vn 0.87650779 0.26390235 -0.40260358
vn 0.81269289 0.31749722 -0.48859572
vn 0.08940434 0.82384000 -0.55972718
vn 0.11649543 0.95196264 -0.28318889
vn 0.13230203 0.95451461 -0.26720409
vn 0.10390259 0.82472057 -0.55591387
vn 0.06290010 0.82940134 -0.55510089
vn 0.11690378 0.96373117 -0.23990776
vn 0.13560365 0.99022666 0.03260088
vn 0.14840069 0.98820462 0.03780018
vn 0.14419418 0.98826008 0.05049796
vn -0.03339948 0.99738448 -0.06409900
vn 0.36739519 0.90188818 0.22719702
vn 0.40311224 0.88582689 0.22980698
vn -0.01200022 0.99681810 -0.07880143
vn -0.05619758 0.99815704 -0.02289901
vn 0.39469216 0.87188269 0.28989424
vn 0.69739510 0.53649623 0.47519666
vn 0.70142803 0.53772149 0.46781869
vn 0.69779668 0.50619759 0.50679759
vn -0.38530358 0.92230857 -0.02980028
vn -0.24389763 0.88989134 0.38549625
vn -0.04089918 0.97498047 0.21849562
vn -0.22810014 0.96330060 -0.14150009
vn -0.05950096 0.97861575 -0.19690317
vn 0.20660270 0.97021269 0.12650165
vn -0.36810577 0.82411291 -0.43050674
vn -0.45110306 0.80710548 -0.38090258
vn -0.29039796 0.87039387 -0.39759720
vn 0.20559725 0.86458843 -0.45849386
vn 0.28169153 0.55588329 -0.78207650
vn 0.00630007 0.63460740 -0.77280901
vn 0.00610023 0.89163341 -0.45271696
vn -0.17259643 0.86838206 -0.46489039
vn -0.26218748 0.57707245 -0.77346307
vn 0.01690067 0.99403932 -0.10770426
vn 0.11170510 0.98764511 -0.10990502
vn -0.04220030 0.98290693 -0.17920126
vn 0.44998020 0.88796093 0.09509582
vn 0.73182548 0.61062126 0.30261054
vn 0.78609687 0.61759754 0.02499990
vn 0.48628834 0.86747920 -0.10489749
vn 0.53210538 0.80370812 -0.26630269
vn 0.84229177 0.49239519 -0.21929786
vn 0.15090441 0.97042837 -0.18840551
vn 0.13280156 0.98651155 -0.09570112
vn 0.23259702 0.94568787 -0.22709709
vn 0.17120915 0.91764902 -0.35861916
vn -0.00820032 0.97183755 -0.23550910
vn -0.17019821 0.96518985 -0.19859791
vn -0.05260229 0.99414328 -0.09440411
vn -0.15750414 0.98122582 0.11130293
vn -0.11379733 0.99317670 -0.02549940
vn 0.19490466 0.97892339 -0.06100146
vn 0.34060913 0.89542399 -0.28670768
vn -0.06439729 0.99785808 0.01149952
vn -0.13919656 0.98657565 0.08539789
vn -0.14809117 0.94974335 0.27578355
vn 0.27838996 0.90456738 0.32288836
vn 0.31658992 0.93807014 0.14069552
vn 0.68598138 0.72218040 0.08879759
vn 0.68613664 0.60523232 0.40362155
vn 0.26569289 0.95437445 -0.13629635
vn -0.33211306 0.92213625 -0.19840780
vn 0.75842794 0.59392188 -0.26840989
vn 0.07320337 0.98664536 0.14550669
vn 0.26210591 0.94982140 0.17070385
vn 0.34561232 0.90443223 -0.25010891
vn 0.16740221 0.93791238 -0.30380401
vn 0.14730450 0.72182203 -0.67622064
vn 0.46099643 0.60489531 -0.64929497
vn -0.11300338 0.95422851 -0.27690827
vn -0.22619737 0.92228926 0.31339635
vn -0.20229914 0.59349747 -0.77899667
vn -0.03419943 0.98558350 -0.16569723
vn 0.16930232 0.98101342 -0.09460129
vn 0.11410044 0.98030375 0.16120062
vn -0.07549916 0.99608891 -0.04589949
vn 0.10090015 0.97440147 0.20090030
vn -0.05439907 0.99478304 -0.08629853
vn -0.27569584 0.90038640 -0.33659492
vn -0.17419940 0.91579685 -0.36189875
vn -0.26119103 0.92646818 -0.27099069
vn 0.59399754 0.74979689 0.29149879
vn 0.21110037 0.91410162 0.34620061
vn 0.34209595 0.93848890 -0.04699944
vn 0.48778437 0.85127272 0.19339380
vn 0.18600051 0.96030264 -0.20790057
vn 0.21420306 0.97561395 0.04790068
vn 0.63631333 0.55041153 0.54051132
vn 0.74160750 0.41110416 0.53010536
vn 0.36459433 0.80738743 0.46389278
vn 0.67370885 0.51260673 0.53230699
vn 0.37339921 0.81759828 0.43829908
vn 0.64678996 0.75238832 0.12479806
vn 0.65439782 0.63999787 0.40269866
vn 0.57968692 0.81018172 -0.08699804
vn 0.51298722 0.84277900 0.16299594
vn 0.53851687 0.33531051 0.77302422
vn 0.58269705 0.16289917 0.79619596
vn 0.42501461 0.67012303 0.60852092
vn 0.67370885 0.51260673 0.53230699
vn 0.37331315 0.81762881 0.43831544
vn 0.64678996 0.75238832 0.12479806
vn 0.65439782 0.63999787 0.40269866
vn 0.57968692 0.81018172 -0.08699804
vn 0.51298722 0.84277900 0.16299594
vn 0.53851687 0.33531051 0.77302422
vn 0.58269705 0.16289917 0.79619596
vn 0.42501461 0.67012303 0.60852092
vn 0.59399754 0.74979689 0.29149879
vn 0.21110037 0.91410162 0.34620061
vn 0.34209595 0.93848890 -0.04699944
vn 0.48778437 0.85127272 0.19339380
vn 0.18600051 0.96030264 -0.20790057
vn 0.21420306 0.97561395 0.04790068
vn 0.63631333 0.55041153 0.54051132
vn 0.74160750 0.41110416 0.53010536
vn 0.36459433 0.80738743 0.46389278
vn 0.67370885 0.51260673 0.53230699
vn 0.37331315 0.81762881 0.43831544
vn 0.64678996 0.75238832 0.12479806
vn 0.65439782 0.63999787 0.40269866
vn 0.57968692 0.81018172 -0.08699804
vn 0.51298722 0.84277900 0.16299594
vn 0.53851687 0.33531051 0.77302422
vn 0.58269705 0.16289917 0.79619596
vn 0.42501461 0.67012303 0.60852092
vn -0.55169327 0.63179230 0.54449336
vn -0.34658701 0.84536831 0.40648476
vn -0.46619486 0.84589067 0.25909714
vn -0.74663432 0.56112580 0.35731643
vn -0.44911434 0.54471739 0.70822261
vn -0.28180579 0.82591696 0.48831003
vn -0.11420570 0.97654876 0.18250911
vn -0.15629592 0.97867442 0.13329652
vn -0.12829724 0.96137928 0.24349475
vt 0.11660000 0.79560000
vt 0.12980000 0.89020000
vt 0.00000000 0.89780000
vt 0.00000000 0.79560000
vt 0.23320000 0.79560000
vt 0.23320000 0.89780000
vt 0.11660000 1.00000000
vt 0.00000000 1.00000000
vt 0.23320000 1.00000000
vt 0.54680000 0.36730000
vt 0.56150000 0.27340000
vt 0.72850000 0.28800000
vt 0.72850000 0.39880000
vt 0.91100000 0.38880000
vt 0.90840000 0.28800000
vt 0.55460000 0.45340000
vt 0.71640000 0.50330000
vt 0.88430000 0.47320000
vt 0.01790000 0.64080000
vt 0.01790000 0.50310000
vt 0.17500000 0.50310000
vt 0.19280000 0.63050000
vt 0.33200000 0.64080000
vt 0.31910000 0.51080000
vt 0.17500000 0.77860000
vt 0.01790000 0.77860000
vt 0.33200000 0.77860000
vt 0.01790000 0.64080000
vt 0.01790000 0.50310000
vt 0.17500000 0.50310000
vt 0.19280000 0.63050000
vt 0.33200000 0.64080000
vt 0.31910000 0.51080000
vt 0.17500000 0.77860000
vt 0.01790000 0.77860000
vt 0.33200000 0.77860000
vt 0.48050000 0.53730000
vt 0.32000000 0.54660000
vt 0.32680000 0.42960000
vt 0.46420000 0.41600000
vt 0.58370000 0.44950000
vt 0.60840000 0.54660000
vt 0.46420000 0.67130000
vt 0.32000000 0.67130000
vt 0.60840000 0.67130000
vt 0.11660000 0.79560000
vt 0.12980000 0.89020000
vt 0.00000000 0.89780000
vt 0.00000000 0.79560000
vt 0.23320000 0.79560000
vt 0.23320000 0.89780000
vt 0.11660000 1.00000000
vt 0.00000000 1.00000000
vt 0.23320000 1.00000000
vt 0.66060000 0.84690000
vt 0.68390000 0.61530000
vt 0.81990000 0.70110000
vt 0.83800000 0.83600000
vt 0.97920000 0.84690000
vt 0.97920000 0.70110000
vt 0.81990000 0.99270000
vt 0.66060000 0.99270000
vt 0.97920000 0.99270000
vt 0.01790000 0.64080000
vt 0.01790000 0.50310000
vt 0.17500000 0.50310000
vt 0.19280000 0.63050000
vt 0.33200000 0.64080000
vt 0.31910000 0.51080000
vt 0.17500000 0.77860000
vt 0.01790000 0.77860000
vt 0.33200000 0.77860000
vt 0.73790000 0.50990000
vt 0.87250000 0.48010000
vt 0.87950000 0.58020000
vt 0.74180000 0.58710000
vt 0.98470000 0.48650000
vt 0.99670000 0.58540000
vt 0.86520000 0.70750000
vt 0.76920000 0.67370000
vt 0.99670000 0.71260000
vt 0.05280000 0.38410000
vt 0.05280000 0.28640000
vt 0.19310000 0.28640000
vt 0.19580000 0.38610000
vt 0.33350000 0.38410000
vt 0.33350000 0.28640000
vt 0.19310000 0.48190000
vt 0.05280000 0.48190000
vt 0.33350000 0.48190000
vt 0.05280000 0.38410000
vt 0.05280000 0.28640000
vt 0.19310000 0.28640000
vt 0.19580000 0.38610000
vt 0.33350000 0.38410000
vt 0.33350000 0.28640000
vt 0.19310000 0.48190000
vt 0.05280000 0.48190000
vt 0.33350000 0.48190000
vt 0.01790000 0.64080000
vt 0.01790000 0.50310000
vt 0.17500000 0.50310000
vt 0.19280000 0.63050000
vt 0.33200000 0.64080000
vt 0.31910000 0.51080000
vt 0.17500000 0.77860000
vt 0.01790000 0.77860000
vt 0.33200000 0.77860000
vt 0.05280000 0.38410000
vt 0.05280000 0.28640000
vt 0.19310000 0.28640000
vt 0.19580000 0.38610000
vt 0.33350000 0.38410000
vt 0.33350000 0.28640000
vt 0.19310000 0.48190000
vt 0.05280000 0.48190000
vt 0.33350000 0.48190000
vt 0.66060000 0.84690000
vt 0.68390000 0.61530000
vt 0.81990000 0.70110000
vt 0.83800000 0.83600000
vt 0.97920000 0.84690000
vt 0.97920000 0.70110000
vt 0.81990000 0.99270000
vt 0.66060000 0.99270000
vt 0.97920000 0.99270000
vt 0.11660000 0.79560000
vt 0.12980000 0.89020000
vt 0.00000000 0.89780000
vt 0.00000000 0.79560000
vt 0.23320000 0.79560000
vt 0.23320000 0.89780000
vt 0.11660000 1.00000000
vt 0.00000000 1.00000000
vt 0.23320000 1.00000000
vt 0.00920000 0.13250000
vt 0.00920000 0.00280000
vt 0.14370000 0.00280000
vt 0.14150000 0.13450000
vt 0.27820000 0.13250000
vt 0.27820000 0.00280000
vt 0.14370000 0.26230000
vt 0.00920000 0.26230000
vt 0.27820000 0.26230000
vt 0.82830000 0.00560000
vt 0.82580000 0.15650000
vt 0.67130000 0.15430000
vt 0.67130000 0.00560000
vt 0.98540000 0.00560000
vt 0.98540000 0.15430000
vt 0.82830000 0.30300000
vt 0.67130000 0.30300000
vt 0.98540000 0.30300000
vt 0.05280000 0.38410000
vt 0.05280000 0.28640000
vt 0.19310000 0.28640000
vt 0.19580000 0.38610000
vt 0.33350000 0.38410000
vt 0.33350000 0.28640000
vt 0.19310000 0.48190000
vt 0.05280000 0.48190000
vt 0.33350000 0.48190000
vt 0.00000000 0.89780000
vt 0.12980000 0.89020000
vt 0.11660000 0.79560000
vt 0.00000000 0.79560000
vt 0.23320000 0.89780000
vt 0.23320000 0.79560000
vt 0.00000000 1.00000000
vt 0.11660000 1.00000000
vt 0.23320000 1.00000000
vt 0.05280000 0.38410000
vt 0.05280000 0.28640000
vt 0.19310000 0.28640000
vt 0.19580000 0.38610000
vt 0.33350000 0.38410000
vt 0.33350000 0.28640000
vt 0.19310000 0.48190000
vt 0.05280000 0.48190000
vt 0.33350000 0.48190000
vt 0.05280000 0.38410000
vt 0.05280000 0.28640000
vt 0.19310000 0.28640000
vt 0.19580000 0.38610000
vt 0.33350000 0.38410000
vt 0.33350000 0.28640000
vt 0.19310000 0.48190000
vt 0.05280000 0.48190000
vt 0.33350000 0.48190000
vt 0.05280000 0.38410000
vt 0.05280000 0.28640000
vt 0.19310000 0.28640000
vt 0.19580000 0.38610000
vt 0.33350000 0.38410000
vt 0.33350000 0.28640000
vt 0.19310000 0.48190000
vt 0.05280000 0.48190000
vt 0.33350000 0.48190000
vt 0.11660000 0.79560000
vt 0.12980000 0.89020000
vt 0.00000000 0.89780000
vt 0.00000000 0.79560000
vt 0.23320000 0.79560000
vt 0.23320000 0.89780000
vt 0.11660000 1.00000000
vt 0.00000000 1.00000000
vt 0.23320000 1.00000000
vt 0.01790000 0.64080000
vt 0.01790000 0.50310000
vt 0.17500000 0.50310000
vt 0.19280000 0.63050000
vt 0.33200000 0.64080000
vt 0.31910000 0.51080000
vt 0.17500000 0.77860000
vt 0.01790000 0.77860000
vt 0.33200000 0.77860000
vt 0.73790000 0.50990000
vt 0.87250000 0.48010000
vt 0.87950000 0.58020000
vt 0.74180000 0.58710000
vt 0.98470000 0.48650000
vt 0.99670000 0.58540000
vt 0.86520000 0.70750000
vt 0.76920000 0.67370000
vt 0.99670000 0.71260000
vt 0.46430000 0.68740000
vt 0.49110000 0.87840000
vt 0.30130000 0.84370000
vt 0.30130000 0.68740000
vt 0.62720000 0.68740000
vt 0.62720000 0.84370000
vt 0.46430000 1.00010000
vt 0.30130000 1.00010000
vt 0.62720000 1.00010000
vt 0.87250000 0.48010000
vt 0.87950000 0.58020000
vt 0.74180000 0.58710000
vt 0.73790000 0.50990000
vt 0.98470000 0.48650000
vt 0.99670000 0.58540000
vt 0.86520000 0.70750000
vt 0.76920000 0.67370000
vt 0.99670000 0.71260000
vt 0.48050000 0.53730000
vt 0.32000000 0.54660000
vt 0.32680000 0.42960000
vt 0.46420000 0.41600000
vt 0.58370000 0.44950000
vt 0.60840000 0.54660000
vt 0.46420000 0.67130000
vt 0.32000000 0.67130000
vt 0.60840000 0.67130000
vt 0.82830000 0.00560000
vt 0.82580000 0.15650000
vt 0.67130000 0.15430000
vt 0.67130000 0.00560000
vt 0.98540000 0.00560000
vt 0.98540000 0.15430000
vt 0.82830000 0.30300000
vt 0.67130000 0.30300000
vt 0.98540000 0.30300000
vt 0.19310000 0.28640000
vt 0.05280000 0.28640000
vt 0.05280000 0.38410000
vt 0.19580000 0.38610000
vt 0.33350000 0.38410000
vt 0.33350000 0.28640000
vt 0.05280000 0.48190000
vt 0.19310000 0.48190000
vt 0.33350000 0.48190000
vt 0.05280000 0.38410000
vt 0.05280000 0.28640000
vt 0.19310000 0.28640000
vt 0.19580000 0.38610000
vt 0.33350000 0.38410000
vt 0.33350000 0.28640000
vt 0.19310000 0.48190000
vt 0.05280000 0.48190000
vt 0.33350000 0.48190000
vt 0.54680000 0.36730000
vt 0.56150000 0.27340000
vt 0.72850000 0.28800000
vt 0.72850000 0.39880000
vt 0.91100000 0.38880000
vt 0.90840000 0.28800000
vt 0.55460000 0.45340000
vt 0.71640000 0.50330000
vt 0.88430000 0.47320000
vt 0.32910000 0.14850000
vt 0.32910000 0.01000000
vt 0.47530000 0.01290000
vt 0.46580000 0.15050000
vt 0.60980000 0.14850000
vt 0.60980000 0.01000000
vt 0.47530000 0.29140000
vt 0.32910000 0.28850000
vt 0.60980000 0.28850000
vt 0.48050000 0.53730000
vt 0.32000000 0.54660000
vt 0.32680000 0.42960000
vt 0.46420000 0.41600000
vt 0.58370000 0.44950000
vt 0.60840000 0.54660000
vt 0.46420000 0.67130000
vt 0.32000000 0.67130000
vt 0.60840000 0.67130000
vt 0.11660000 0.79560000
vt 0.12980000 0.89020000
vt 0.00000000 0.89780000
vt 0.00000000 0.79560000
vt 0.23320000 0.79560000
vt 0.23320000 0.89780000
vt 0.11660000 1.00000000
vt 0.00000000 1.00000000
vt 0.23320000 1.00000000
vt 0.11660000 0.79560000
vt 0.12980000 0.89020000
vt 0.00000000 0.89780000
vt 0.00000000 0.79560000
vt 0.23320000 0.79560000
vt 0.23320000 0.89780000
vt 0.11660000 1.00000000
vt 0.00000000 1.00000000
vt 0.23320000 1.00000000
vt 0.05280000 0.38410000
vt 0.05280000 0.28640000
vt 0.19310000 0.28640000
vt 0.19580000 0.38610000
vt 0.33350000 0.38410000
vt 0.33350000 0.28640000
vt 0.19310000 0.48190000
vt 0.05280000 0.48190000
vt 0.33350000 0.48190000
vt 0.05280000 0.38410000
vt 0.05280000 0.28640000
vt 0.19310000 0.28640000
vt 0.19580000 0.38610000
vt 0.33350000 0.38410000
vt 0.33350000 0.28640000
vt 0.19310000 0.48190000
vt 0.05280000 0.48190000
vt 0.33350000 0.48190000
vt 0.05280000 0.38410000
vt 0.05280000 0.28640000
vt 0.19310000 0.28640000
vt 0.19580000 0.38610000
vt 0.33350000 0.38410000
vt 0.33350000 0.28640000
vt 0.19310000 0.48190000
vt 0.05280000 0.48190000
vt 0.33350000 0.48190000
vt 0.00920000 0.13250000
vt 0.00920000 0.00280000
vt 0.14370000 0.00280000
vt 0.14150000 0.13450000
vt 0.27820000 0.13250000
vt 0.27820000 0.00280000
vt 0.14370000 0.26230000
vt 0.00920000 0.26230000
vt 0.27820000 0.26230000
vt 0.01790000 0.64080000
vt 0.01790000 0.50310000
vt 0.17500000 0.50310000
vt 0.19280000 0.63050000
vt 0.33200000 0.64080000
vt 0.31910000 0.51080000
vt 0.17500000 0.77860000
vt 0.01790000 0.77860000
vt 0.33200000 0.77860000
vt 0.01790000 0.64080000
vt 0.01790000 0.50310000
vt 0.17500000 0.50310000
vt 0.19280000 0.63050000
vt 0.33200000 0.64080000
vt 0.31910000 0.51080000
vt 0.17500000 0.77860000
vt 0.01790000 0.77860000
vt 0.33200000 0.77860000
vt 0.32000000 0.54660000
vt 0.32680000 0.42960000
vt 0.46420000 0.41600000
vt 0.48050000 0.53730000
vt 0.58370000 0.44950000
vt 0.60840000 0.54660000
vt 0.46420000 0.67130000
vt 0.32000000 0.67130000
vt 0.60840000 0.67130000
vt 0.30130000 0.84370000
vt 0.30130000 0.68740000
vt 0.46430000 0.68740000
vt 0.49110000 0.87840000
vt 0.62720000 0.68740000
vt 0.62720000 0.84370000
vt 0.46430000 1.00010000
vt 0.30130000 1.00010000
vt 0.62720000 1.00010000
vt 0.30130000 0.84370000
vt 0.30130000 0.68740000
vt 0.46430000 0.68740000
vt 0.49110000 0.87840000
vt 0.62720000 0.68740000
vt 0.62720000 0.84370000
vt 0.46430000 1.00010000
vt 0.30130000 1.00010000
vt 0.62720000 1.00010000
vt 0.30130000 0.84370000
vt 0.30130000 0.68740000
vt 0.46430000 0.68740000
vt 0.49110000 0.87840000
vt 0.62720000 0.68740000
vt 0.62720000 0.84370000
vt 0.46430000 1.00010000
vt 0.30130000 1.00010000
vt 0.62720000 1.00010000
vt 0.30130000 0.84370000
vt 0.30130000 0.68740000
vt 0.46430000 0.68740000
vt 0.49110000 0.87840000
vt 0.62720000 0.68740000
vt 0.62720000 0.84370000
vt 0.46430000 1.00010000
vt 0.30130000 1.00010000
vt 0.62720000 1.00010000
vt 0.30130000 0.84370000
vt 0.30130000 0.68740000
vt 0.46430000 0.68740000
vt 0.49110000 0.87840000
vt 0.62720000 0.68740000
vt 0.62720000 0.84370000
vt 0.46430000 1.00010000
vt 0.30130000 1.00010000
vt 0.62720000 1.00010000
vt 0.19310000 0.28640000
vt 0.19580000 0.38610000
vt 0.05280000 0.38410000
vt 0.05280000 0.28640000
vt 0.33350000 0.28640000
vt 0.33350000 0.38410000
vt 0.19310000 0.48190000
vt 0.05280000 0.48190000
vt 0.33350000 0.48190000
vt 0.01790000 0.64080000
vt 0.01790000 0.50310000
vt 0.17500000 0.50310000
vt 0.19280000 0.63050000
vt 0.33200000 0.64080000
vt 0.31910000 0.51080000
vt 0.17500000 0.77860000
vt 0.01790000 0.77860000
vt 0.33200000 0.77860000
vt 0.01790000 0.64080000
vt 0.01790000 0.50310000
vt 0.17500000 0.50310000
vt 0.19280000 0.63050000
vt 0.31910000 0.51080000
vt 0.33200000 0.64080000
vt 0.17500000 0.77860000
vt 0.01790000 0.77860000
vt 0.33200000 0.77860000
vt 0.01790000 0.64080000
vt 0.01790000 0.50310000
vt 0.17500000 0.50310000
vt 0.19280000 0.63050000
vt 0.33200000 0.64080000
vt 0.31910000 0.51080000
vt 0.17500000 0.77860000
vt 0.01790000 0.77860000
vt 0.33200000 0.77860000
vt 0.82830000 0.00560000
vt 0.82580000 0.15650000
vt 0.67130000 0.15430000
vt 0.67130000 0.00560000
vt 0.98540000 0.00560000
vt 0.98540000 0.15430000
vt 0.82830000 0.30300000
vt 0.67130000 0.30300000
vt 0.98540000 0.30300000
vt 0.28740000 0.72560000
vt 0.26600000 0.76200000
vt 0.22820000 0.62660000
vt 0.24260000 0.62240000
vt 0.35700000 0.82350000
vt 0.33840000 0.84770000
vt 0.44360000 0.93490000
vt 0.25780000 0.75820000
vt 0.26190000 0.69340000
vt 0.37520000 0.84470000
vt 0.36350000 0.87980000
vt 0.45660000 0.93420000
vt 0.45290000 0.96930000
vt 0.49900000 0.96370000
vt 0.49110000 0.98140000
vt 0.54140000 0.99320000
vt 0.52800000 1.00280000
vt 0.33880000 0.80230000
vt 0.31330000 0.81560000
vt 0.25780000 0.75820000
vt 0.23540000 0.62450000
vt 0.46710000 0.93910000
vt 0.46150000 0.96320000
vt 0.36350000 0.87980000
vt 0.37520000 0.84470000
vt 0.54140000 0.99320000
vt 0.52800000 1.00280000
vt 0.24260000 0.62240000
vt 0.27240000 0.69120000
vt 0.25140000 0.69560000
vt 0.22820000 0.62660000
vt 0.25780000 0.75820000
vt 0.30230000 0.76000000
vt 0.33880000 0.80230000
vt 0.31330000 0.81560000
vt 0.53470000 0.99800000
vt 0.38730000 0.90020000
vt 0.39440000 0.86970000
vt 0.24260000 0.62240000
vt 0.22820000 0.62660000
vt 0.25140000 0.69560000
vt 0.27240000 0.69120000
vt 0.31330000 0.81560000
vt 0.33880000 0.80230000
vt 0.30230000 0.76000000
vt 0.25780000 0.75820000
vt 0.38870000 0.88980000
vt 0.95390000 0.74480000
vt 0.89730000 0.59160000
vt 1.00160000 0.68950000
vt 0.96560000 0.89680000
vt 0.90530000 0.46590000
vt 0.95460000 0.52090000
vt 0.82100000 0.41390000
vt 0.97070000 0.42080000
vt 0.78680000 0.47140000
vt 0.11660000 0.79560000
vt 0.12980000 0.89020000
vt 0.00000000 0.89780000
vt 0.00000000 0.79560000
vt 0.23320000 0.79560000
vt 0.23320000 0.89780000
vt 0.11660000 1.00000000
vt 0.00000000 1.00000000
vt 0.23320000 1.00000000
vt 0.54680000 0.36730000
vt 0.56150000 0.27340000
vt 0.72850000 0.28800000
vt 0.72850000 0.39880000
vt 0.91100000 0.38880000
vt 0.90840000 0.28800000
vt 0.55460000 0.45340000
vt 0.71640000 0.50330000
vt 0.88430000 0.47320000
vt 0.01790000 0.64080000
vt 0.01790000 0.50310000
vt 0.17500000 0.50310000
vt 0.19280000 0.63050000
vt 0.33200000 0.64080000
vt 0.31910000 0.51080000
vt 0.17500000 0.77860000
vt 0.01790000 0.77860000
vt 0.33200000 0.77860000
vt 0.01790000 0.64080000
vt 0.01790000 0.50310000
vt 0.17500000 0.50310000
vt 0.19280000 0.63050000
vt 0.33200000 0.64080000
vt 0.31910000 0.51080000
vt 0.17500000 0.77860000
vt 0.01790000 0.77860000
vt 0.33200000 0.77860000
vt 0.48050000 0.53730000
vt 0.32000000 0.54660000
vt 0.32680000 0.42960000
vt 0.46420000 0.41600000
vt 0.58370000 0.44950000
vt 0.60840000 0.54660000
vt 0.46420000 0.67130000
vt 0.32000000 0.67130000
vt 0.60840000 0.67130000
vt 0.11660000 0.79560000
vt 0.12980000 0.89020000
vt 0.00000000 0.89780000
vt 0.00000000 0.79560000
vt 0.23320000 0.79560000
vt 0.23320000 0.89780000
vt 0.11660000 1.00000000
vt 0.00000000 1.00000000
vt 0.23320000 1.00000000
vt 0.66060000 0.84690000
vt 0.68390000 0.61530000
vt 0.81990000 0.70110000
vt 0.83800000 0.83600000
vt 0.97920000 0.84690000
vt 0.97920000 0.70110000
vt 0.81990000 0.99270000
vt 0.66060000 0.99270000
vt 0.97920000 0.99270000
vt 0.01790000 0.64080000
vt 0.01790000 0.50310000
vt 0.17500000 0.50310000
vt 0.19280000 0.63050000
vt 0.33200000 0.64080000
vt 0.31910000 0.51080000
vt 0.17500000 0.77860000
vt 0.01790000 0.77860000
vt 0.33200000 0.77860000
vt 0.73790000 0.50990000
vt 0.87250000 0.48010000
vt 0.87950000 0.58020000
vt 0.74180000 0.58710000
vt 0.98470000 0.48650000
vt 0.99670000 0.58540000
vt 0.86520000 0.70750000
vt 0.76920000 0.67370000
vt 0.99670000 0.71260000
vt 0.05280000 0.38410000
vt 0.05280000 0.28640000
vt 0.19310000 0.28640000
vt 0.19580000 0.38610000
vt 0.33350000 0.38410000
vt 0.33350000 0.28640000
vt 0.19310000 0.48190000
vt 0.05280000 0.48190000
vt 0.33350000 0.48190000
vt 0.05280000 0.38410000
vt 0.05280000 0.28640000
vt 0.19310000 0.28640000
vt 0.19580000 0.38610000
vt 0.33350000 0.38410000
vt 0.33350000 0.28640000
vt 0.19310000 0.48190000
vt 0.05280000 0.48190000
vt 0.33350000 0.48190000
vt 0.01790000 0.64080000
vt 0.01790000 0.50310000
vt 0.17500000 0.50310000
vt 0.19280000 0.63050000
vt 0.33200000 0.64080000
vt 0.31910000 0.51080000
vt 0.17500000 0.77860000
vt 0.01790000 0.77860000
vt 0.33200000 0.77860000
vt 0.05280000 0.38410000
vt 0.05280000 0.28640000
vt 0.19310000 0.28640000
vt 0.19580000 0.38610000
vt 0.33350000 0.38410000
vt 0.33350000 0.28640000
vt 0.19310000 0.48190000
vt 0.05280000 0.48190000
vt 0.33350000 0.48190000
vt 0.66060000 0.84690000
vt 0.68390000 0.61530000
vt 0.81990000 0.70110000
vt 0.83800000 0.83600000
vt 0.97920000 0.84690000
vt 0.97920000 0.70110000
vt 0.81990000 0.99270000
vt 0.66060000 0.99270000
vt 0.97920000 0.99270000
vt 0.11660000 0.79560000
vt 0.12980000 0.89020000
vt 0.00000000 0.89780000
vt 0.00000000 0.79560000
vt 0.23320000 0.79560000
vt 0.23320000 0.89780000
vt 0.11660000 1.00000000
vt 0.00000000 1.00000000
vt 0.23320000 1.00000000
vt 0.00920000 0.13250000
vt 0.00920000 0.00280000
vt 0.14370000 0.00280000
vt 0.14150000 0.13450000
vt 0.27820000 0.13250000
vt 0.27820000 0.00280000
vt 0.14370000 0.26230000
vt 0.00920000 0.26230000
vt 0.27820000 0.26230000
vt 0.82830000 0.00560000
vt 0.82580000 0.15650000
vt 0.67130000 0.15430000
vt 0.67130000 0.00560000
vt 0.98540000 0.00560000
vt 0.98540000 0.15430000
vt 0.82830000 0.30300000
vt 0.67130000 0.30300000
vt 0.98540000 0.30300000
vt 0.05280000 0.38410000
vt 0.05280000 0.28640000
vt 0.19310000 0.28640000
vt 0.19580000 0.38610000
vt 0.33350000 0.38410000
vt 0.33350000 0.28640000
vt 0.19310000 0.48190000
vt 0.05280000 0.48190000
vt 0.33350000 0.48190000
vt 0.00000000 0.89780000
vt 0.12980000 0.89020000
vt 0.11660000 0.79560000
vt 0.00000000 0.79560000
vt 0.23320000 0.89780000
vt 0.23320000 0.79560000
vt 0.00000000 1.00000000
vt 0.11660000 1.00000000
vt 0.23320000 1.00000000
vt 0.05280000 0.38410000
vt 0.05280000 0.28640000
vt 0.19310000 0.28640000
vt 0.19580000 0.38610000
vt 0.33350000 0.38410000
vt 0.33350000 0.28640000
vt 0.19310000 0.48190000
vt 0.05280000 0.48190000
vt 0.33350000 0.48190000
vt 0.05280000 0.38410000
vt 0.05280000 0.28640000
vt 0.19310000 0.28640000
vt 0.19580000 0.38610000
vt 0.33350000 0.38410000
vt 0.33350000 0.28640000
vt 0.19310000 0.48190000
vt 0.05280000 0.48190000
vt 0.33350000 0.48190000
vt 0.05280000 0.38410000
vt 0.05280000 0.28640000
vt 0.19310000 0.28640000
vt 0.19580000 0.38610000
vt 0.33350000 0.38410000
vt 0.33350000 0.28640000
vt 0.19310000 0.48190000
vt 0.05280000 0.48190000
vt 0.33350000 0.48190000
vt 0.11660000 0.79560000
vt 0.12980000 0.89020000
vt 0.00000000 0.89780000
vt 0.00000000 0.79560000
vt 0.23320000 0.79560000
vt 0.23320000 0.89780000
vt 0.11660000 1.00000000
vt 0.00000000 1.00000000
vt 0.23320000 1.00000000
vt 0.01790000 0.64080000
vt 0.01790000 0.50310000
vt 0.17500000 0.50310000
vt 0.19280000 0.63050000
vt 0.33200000 0.64080000
vt 0.31910000 0.51080000
vt 0.17500000 0.77860000
vt 0.01790000 0.77860000
vt 0.33200000 0.77860000
vt 0.73790000 0.50990000
vt 0.87250000 0.48010000
vt 0.87950000 0.58020000
vt 0.74180000 0.58710000
vt 0.98470000 0.48650000
vt 0.99670000 0.58540000
vt 0.86520000 0.70750000
vt 0.76920000 0.67370000
vt 0.99670000 0.71260000
vt 0.46430000 0.68740000
vt 0.49110000 0.87840000
vt 0.30130000 0.84370000
vt 0.30130000 0.68740000
vt 0.62720000 0.68740000
vt 0.62720000 0.84370000
vt 0.46430000 1.00010000
vt 0.30130000 1.00010000
vt 0.62720000 1.00010000
vt 0.87250000 0.48010000
vt 0.87950000 0.58020000
vt 0.74180000 0.58710000
vt 0.73790000 0.50990000
vt 0.98470000 0.48650000
vt 0.99670000 0.58540000
vt 0.86520000 0.70750000
vt 0.76920000 0.67370000
vt 0.99670000 0.71260000
vt 0.48050000 0.53730000
vt 0.32000000 0.54660000
vt 0.32680000 0.42960000
vt 0.46420000 0.41600000
vt 0.58370000 0.44950000
vt 0.60840000 0.54660000
vt 0.46420000 0.67130000
vt 0.32000000 0.67130000
vt 0.60840000 0.67130000
vt 0.82830000 0.00560000
vt 0.82580000 0.15650000
vt 0.67130000 0.15430000
vt 0.67130000 0.00560000
vt 0.98540000 0.00560000
vt 0.98540000 0.15430000
vt 0.82830000 0.30300000
vt 0.67130000 0.30300000
vt 0.98540000 0.30300000
vt 0.19310000 0.28640000
vt 0.05280000 0.28640000
vt 0.05280000 0.38410000
vt 0.19580000 0.38610000
vt 0.33350000 0.38410000
vt 0.33350000 0.28640000
vt 0.05280000 0.48190000
vt 0.19310000 0.48190000
vt 0.33350000 0.48190000
vt 0.05280000 0.38410000
vt 0.05280000 0.28640000
vt 0.19310000 0.28640000
vt 0.19580000 0.38610000
vt 0.33350000 0.38410000
vt 0.33350000 0.28640000
vt 0.19310000 0.48190000
vt 0.05280000 0.48190000
vt 0.33350000 0.48190000
vt 0.54680000 0.36730000
vt 0.56150000 0.27340000
vt 0.72850000 0.28800000
vt 0.72850000 0.39880000
vt 0.91100000 0.38880000
vt 0.90840000 0.28800000
vt 0.55460000 0.45340000
vt 0.71640000 0.50330000
vt 0.88430000 0.47320000
vt 0.32910000 0.14850000
vt 0.32910000 0.01000000
vt 0.47530000 0.01290000
vt 0.46580000 0.15050000
vt 0.60980000 0.14850000
vt 0.60980000 0.01000000
vt 0.47530000 0.29140000
vt 0.32910000 0.28850000
vt 0.60980000 0.28850000
vt 0.48050000 0.53730000
vt 0.32000000 0.54660000
vt 0.32680000 0.42960000
vt 0.46420000 0.41600000
vt 0.58370000 0.44950000
vt 0.60840000 0.54660000
vt 0.46420000 0.67130000
vt 0.32000000 0.67130000
vt 0.60840000 0.67130000
vt 0.11660000 0.79560000
vt 0.12980000 0.89020000
vt 0.00000000 0.89780000
vt 0.00000000 0.79560000
vt 0.23320000 0.79560000
vt 0.23320000 0.89780000
vt 0.11660000 1.00000000
vt 0.00000000 1.00000000
vt 0.23320000 1.00000000
vt 0.11660000 0.79560000
vt 0.12980000 0.89020000
vt 0.00000000 0.89780000
vt 0.00000000 0.79560000
vt 0.23320000 0.79560000
vt 0.23320000 0.89780000
vt 0.11660000 1.00000000
vt 0.00000000 1.00000000
vt 0.23320000 1.00000000
vt 0.05280000 0.38410000
vt 0.05280000 0.28640000
vt 0.19310000 0.28640000
vt 0.19580000 0.38610000
vt 0.33350000 0.38410000
vt 0.33350000 0.28640000
vt 0.19310000 0.48190000
vt 0.05280000 0.48190000
vt 0.33350000 0.48190000
vt 0.05280000 0.38410000
vt 0.05280000 0.28640000
vt 0.19310000 0.28640000
vt 0.19580000 0.38610000
vt 0.33350000 0.38410000
vt 0.33350000 0.28640000
vt 0.19310000 0.48190000
vt 0.05280000 0.48190000
vt 0.33350000 0.48190000
vt 0.05280000 0.38410000
vt 0.05280000 0.28640000
vt 0.19310000 0.28640000
vt 0.19580000 0.38610000
vt 0.33350000 0.38410000
vt 0.33350000 0.28640000
vt 0.19310000 0.48190000
vt 0.05280000 0.48190000
vt 0.33350000 0.48190000
vt 0.00920000 0.13250000
vt 0.00920000 0.00280000
vt 0.14370000 0.00280000
vt 0.14150000 0.13450000
vt 0.27820000 0.13250000
vt 0.27820000 0.00280000
vt 0.14370000 0.26230000
vt 0.00920000 0.26230000
vt 0.27820000 0.26230000
vt 0.01790000 0.64080000
vt 0.01790000 0.50310000
vt 0.17500000 0.50310000
vt 0.19280000 0.63050000
vt 0.33200000 0.64080000
vt 0.31910000 0.51080000
vt 0.17500000 0.77860000
vt 0.01790000 0.77860000
vt 0.33200000 0.77860000
vt 0.01790000 0.64080000
vt 0.01790000 0.50310000
vt 0.17500000 0.50310000
vt 0.19280000 0.63050000
vt 0.33200000 0.64080000
vt 0.31910000 0.51080000
vt 0.17500000 0.77860000
vt 0.01790000 0.77860000
vt 0.33200000 0.77860000
vt 0.32000000 0.54660000
vt 0.32680000 0.42960000
vt 0.46420000 0.41600000
vt 0.48050000 0.53730000
vt 0.58370000 0.44950000
vt 0.60840000 0.54660000
vt 0.46420000 0.67130000
vt 0.32000000 0.67130000
vt 0.60840000 0.67130000
vt 0.30130000 0.84370000
vt 0.30130000 0.68740000
vt 0.46430000 0.68740000
vt 0.49110000 0.87840000
vt 0.62720000 0.68740000
vt 0.62720000 0.84370000
vt 0.46430000 1.00010000
vt 0.30130000 1.00010000
vt 0.62720000 1.00010000
vt 0.30130000 0.84370000
vt 0.30130000 0.68740000
vt 0.46430000 0.68740000
vt 0.49110000 0.87840000
vt 0.62720000 0.68740000
vt 0.62720000 0.84370000
vt 0.46430000 1.00010000
vt 0.30130000 1.00010000
vt 0.62720000 1.00010000
vt 0.30130000 0.84370000
vt 0.30130000 0.68740000
vt 0.46430000 0.68740000
vt 0.49110000 0.87840000
vt 0.62720000 0.68740000
vt 0.62720000 0.84370000
vt 0.46430000 1.00010000
vt 0.30130000 1.00010000
vt 0.62720000 1.00010000
vt 0.30130000 0.84370000
vt 0.30130000 0.68740000
vt 0.46430000 0.68740000
vt 0.49110000 0.87840000
vt 0.62720000 0.68740000
vt 0.62720000 0.84370000
vt 0.46430000 1.00010000
vt 0.30130000 1.00010000
vt 0.62720000 1.00010000
vt 0.30130000 0.84370000
vt 0.30130000 0.68740000
vt 0.46430000 0.68740000
vt 0.49110000 0.87840000
vt 0.62720000 0.68740000
vt 0.62720000 0.84370000
vt 0.46430000 1.00010000
vt 0.30130000 1.00010000
vt 0.62720000 1.00010000
vt 0.19310000 0.28640000
vt 0.19580000 0.38610000
vt 0.05280000 0.38410000
vt 0.05280000 0.28640000
vt 0.33350000 0.28640000
vt 0.33350000 0.38410000
vt 0.19310000 0.48190000
vt 0.05280000 0.48190000
vt 0.33350000 0.48190000
vt 0.01790000 0.64080000
vt 0.01790000 0.50310000
vt 0.17500000 0.50310000
vt 0.19280000 0.63050000
vt 0.33200000 0.64080000
vt 0.31910000 0.51080000
vt 0.17500000 0.77860000
vt 0.01790000 0.77860000
vt 0.33200000 0.77860000
vt 0.01790000 0.64080000
vt 0.01790000 0.50310000
vt 0.17500000 0.50310000
vt 0.19280000 0.63050000
vt 0.31910000 0.51080000
vt 0.33200000 0.64080000
vt 0.17500000 0.77860000
vt 0.01790000 0.77860000
vt 0.33200000 0.77860000
vt 0.01790000 0.64080000
vt 0.01790000 0.50310000
vt 0.17500000 0.50310000
vt 0.19280000 0.63050000
vt 0.33200000 0.64080000
vt 0.31910000 0.51080000
vt 0.17500000 0.77860000
vt 0.01790000 0.77860000
vt 0.33200000 0.77860000
vt 0.82830000 0.00560000
vt 0.82580000 0.15650000
vt 0.67130000 0.15430000
vt 0.67130000 0.00560000
vt 0.98540000 0.00560000
vt 0.98540000 0.15430000
vt 0.82830000 0.30300000
vt 0.67130000 0.30300000
vt 0.98540000 0.30300000
vt 0.28740000 0.72560000
vt 0.26600000 0.76200000
vt 0.22820000 0.62660000
vt 0.24260000 0.62240000
vt 0.35700000 0.82350000
vt 0.33840000 0.84770000
vt 0.44360000 0.93490000
vt 0.25780000 0.75820000
vt 0.26190000 0.69340000
vt 0.37520000 0.84470000
vt 0.36350000 0.87980000
vt 0.45660000 0.93420000
vt 0.45290000 0.96930000
vt 0.49900000 0.96370000
vt 0.49110000 0.98140000
vt 0.54140000 0.99320000
vt 0.52800000 1.00280000
vt 0.33880000 0.80230000
vt 0.31330000 0.81560000
vt 0.25780000 0.75820000
vt 0.23540000 0.62450000
vt 0.46710000 0.93910000
vt 0.46150000 0.96320000
vt 0.36350000 0.87980000
vt 0.37520000 0.84470000
vt 0.54140000 0.99320000
vt 0.52800000 1.00280000
vt 0.24260000 0.62240000
vt 0.27240000 0.69120000
vt 0.25140000 0.69560000
vt 0.22820000 0.62660000
vt 0.25780000 0.75820000
vt 0.30230000 0.76000000
vt 0.33880000 0.80230000
vt 0.31330000 0.81560000
vt 0.53470000 0.99800000
vt 0.38730000 0.90020000
vt 0.39440000 0.86970000
vt 0.24260000 0.62240000
vt 0.22820000 0.62660000
vt 0.25140000 0.69560000
vt 0.27240000 0.69120000
vt 0.31330000 0.81560000
vt 0.33880000 0.80230000
vt 0.30230000 0.76000000
vt 0.25780000 0.75820000
vt 0.38870000 0.88980000
vt 0.95390000 0.74480000
vt 0.89730000 0.59160000
vt 1.00160000 0.68950000
vt 0.96560000 0.89680000
vt 0.90530000 0.46590000
vt 0.95460000 0.52090000
vt 0.82100000 0.41390000
vt 0.97070000 0.42080000
vt 0.78680000 0.47140000
vt 0.11660000 0.79560000
vt 0.12980000 0.89020000
vt 0.00000000 0.89780000
vt 0.00000000 0.79560000
vt 0.23320000 0.79560000
vt 0.23320000 0.89780000
vt 0.11660000 1.00000000
vt 0.00000000 1.00000000
vt 0.23320000 1.00000000
vt 0.54680000 0.36730000
vt 0.56150000 0.27340000
vt 0.72850000 0.28800000
vt 0.72850000 0.39880000
vt 0.91100000 0.38880000
vt 0.90840000 0.28800000
vt 0.55460000 0.45340000
vt 0.71640000 0.50330000
vt 0.88430000 0.47320000
vt 0.01790000 0.64080000
vt 0.01790000 0.50310000
vt 0.17500000 0.50310000
vt 0.19280000 0.63050000
vt 0.33200000 0.64080000
vt 0.31910000 0.51080000
vt 0.17500000 0.77860000
vt 0.01790000 0.77860000
vt 0.33200000 0.77860000
vt 0.01790000 0.64080000
vt 0.01790000 0.50310000
vt 0.17500000 0.50310000
vt 0.19280000 0.63050000
vt 0.33200000 0.64080000
vt 0.31910000 0.51080000
vt 0.17500000 0.77860000
vt 0.01790000 0.77860000
vt 0.33200000 0.77860000
vt 0.48050000 0.53730000
vt 0.32000000 0.54660000
vt 0.32680000 0.42960000
vt 0.46420000 0.41600000
vt 0.58370000 0.44950000
vt 0.60840000 0.54660000
vt 0.46420000 0.67130000
vt 0.32000000 0.67130000
vt 0.60840000 0.67130000
vt 0.11660000 0.79560000
vt 0.12980000 0.89020000
vt 0.00000000 0.89780000
vt 0.00000000 0.79560000
vt 0.23320000 0.79560000
vt 0.23320000 0.89780000
vt 0.11660000 1.00000000
vt 0.00000000 1.00000000
vt 0.23320000 1.00000000
vt 0.66060000 0.84690000
vt 0.68390000 0.61530000
vt 0.81990000 0.70110000
vt 0.83800000 0.83600000
vt 0.97920000 0.84690000
vt 0.97920000 0.70110000
vt 0.81990000 0.99270000
vt 0.66060000 0.99270000
vt 0.97920000 0.99270000
vt 0.01790000 0.64080000
vt 0.01790000 0.50310000
vt 0.17500000 0.50310000
vt 0.19280000 0.63050000
vt 0.33200000 0.64080000
vt 0.31910000 0.51080000
vt 0.17500000 0.77860000
vt 0.01790000 0.77860000
vt 0.33200000 0.77860000
vt 0.73790000 0.50990000
vt 0.87250000 0.48010000
vt 0.87950000 0.58020000
vt 0.74180000 0.58710000
vt 0.98470000 0.48650000
vt 0.99670000 0.58540000
vt 0.86520000 0.70750000
vt 0.76920000 0.67370000
vt 0.99670000 0.71260000
vt 0.05280000 0.38410000
vt 0.05280000 0.28640000
vt 0.19310000 0.28640000
vt 0.19580000 0.38610000
vt 0.33350000 0.38410000
vt 0.33350000 0.28640000
vt 0.19310000 0.48190000
vt 0.05280000 0.48190000
vt 0.33350000 0.48190000
vt 0.05280000 0.38410000
vt 0.05280000 0.28640000
vt 0.19310000 0.28640000
vt 0.19580000 0.38610000
vt 0.33350000 0.38410000
vt 0.33350000 0.28640000
vt 0.19310000 0.48190000
vt 0.05280000 0.48190000
vt 0.33350000 0.48190000
vt 0.01790000 0.64080000
vt 0.01790000 0.50310000
vt 0.17500000 0.50310000
vt 0.19280000 0.63050000
vt 0.33200000 0.64080000
vt 0.31910000 0.51080000
vt 0.17500000 0.77860000
vt 0.01790000 0.77860000
vt 0.33200000 0.77860000
vt 0.05280000 0.38410000
vt 0.05280000 0.28640000
vt 0.19310000 0.28640000
vt 0.19580000 0.38610000
vt 0.33350000 0.38410000
vt 0.33350000 0.28640000
vt 0.19310000 0.48190000
vt 0.05280000 0.48190000
vt 0.33350000 0.48190000
vt 0.66060000 0.84690000
vt 0.68390000 0.61530000
vt 0.81990000 0.70110000
vt 0.83800000 0.83600000
vt 0.97920000 0.84690000
vt 0.97920000 0.70110000
vt 0.81990000 0.99270000
vt 0.66060000 0.99270000
vt 0.97920000 0.99270000
vt 0.11660000 0.79560000
vt 0.12980000 0.89020000
vt 0.00000000 0.89780000
vt 0.00000000 0.79560000
vt 0.23320000 0.79560000
vt 0.23320000 0.89780000
vt 0.11660000 1.00000000
vt 0.00000000 1.00000000
vt 0.23320000 1.00000000
vt 0.00920000 0.13250000
vt 0.00920000 0.00280000
vt 0.14370000 0.00280000
vt 0.14150000 0.13450000
vt 0.27820000 0.13250000
vt 0.27820000 0.00280000
vt 0.14370000 0.26230000
vt 0.00920000 0.26230000
vt 0.27820000 0.26230000
vt 0.82830000 0.00560000
vt 0.82580000 0.15650000
vt 0.67130000 0.15430000
vt 0.67130000 0.00560000
vt 0.98540000 0.00560000
vt 0.98540000 0.15430000
vt 0.82830000 0.30300000
vt 0.67130000 0.30300000
vt 0.98540000 0.30300000
vt 0.05280000 0.38410000
vt 0.05280000 0.28640000
vt 0.19310000 0.28640000
vt 0.19580000 0.38610000
vt 0.33350000 0.38410000
vt 0.33350000 0.28640000
vt 0.19310000 0.48190000
vt 0.05280000 0.48190000
vt 0.33350000 0.48190000
vt 0.00000000 0.89780000
vt 0.12980000 0.89020000
vt 0.11660000 0.79560000
vt 0.00000000 0.79560000
vt 0.23320000 0.89780000
vt 0.23320000 0.79560000
vt 0.00000000 1.00000000
vt 0.11660000 1.00000000
vt 0.23320000 1.00000000
vt 0.05280000 0.38410000
vt 0.05280000 0.28640000
vt 0.19310000 0.28640000
vt 0.19580000 0.38610000
vt 0.33350000 0.38410000
vt 0.33350000 0.28640000
vt 0.19310000 0.48190000
vt 0.05280000 0.48190000
vt 0.33350000 0.48190000
vt 0.05280000 0.38410000
vt 0.05280000 0.28640000
vt 0.19310000 0.28640000
vt 0.19580000 0.38610000
vt 0.33350000 0.38410000
vt 0.33350000 0.28640000
vt 0.19310000 0.48190000
vt 0.05280000 0.48190000
vt 0.33350000 0.48190000
vt 0.05280000 0.38410000
vt 0.05280000 0.28640000
vt 0.19310000 0.28640000
vt 0.19580000 0.38610000
vt 0.33350000 0.38410000
vt 0.33350000 0.28640000
vt 0.19310000 0.48190000
vt 0.05280000 0.48190000
vt 0.33350000 0.48190000
vt 0.11660000 0.79560000
vt 0.12980000 0.89020000
vt 0.00000000 0.89780000
vt 0.00000000 0.79560000
vt 0.23320000 0.79560000
vt 0.23320000 0.89780000
vt 0.11660000 1.00000000
vt 0.00000000 1.00000000
vt 0.23320000 1.00000000
vt 0.01790000 0.64080000
vt 0.01790000 0.50310000
vt 0.17500000 0.50310000
vt 0.19280000 0.63050000
vt 0.33200000 0.64080000
vt 0.31910000 0.51080000
vt 0.17500000 0.77860000
vt 0.01790000 0.77860000
vt 0.33200000 0.77860000
vt 0.73790000 0.50990000
vt 0.87250000 0.48010000
vt 0.87950000 0.58020000
vt 0.74180000 0.58710000
vt 0.98470000 0.48650000
vt 0.99670000 0.58540000
vt 0.86520000 0.70750000
vt 0.76920000 0.67370000
vt 0.99670000 0.71260000
vt 0.46430000 0.68740000
vt 0.49110000 0.87840000
vt 0.30130000 0.84370000
vt 0.30130000 0.68740000
vt 0.62720000 0.68740000
vt 0.62720000 0.84370000
vt 0.46430000 1.00010000
vt 0.30130000 1.00010000
vt 0.62720000 1.00010000
vt 0.87250000 0.48010000
vt 0.87950000 0.58020000
vt 0.74180000 0.58710000
vt 0.73790000 0.50990000
vt 0.98470000 0.48650000
vt 0.99670000 0.58540000
vt 0.86520000 0.70750000
vt 0.76920000 0.67370000
vt 0.99670000 0.71260000
vt 0.48050000 0.53730000
vt 0.32000000 0.54660000
vt 0.32680000 0.42960000
vt 0.46420000 0.41600000
vt 0.58370000 0.44950000
vt 0.60840000 0.54660000
vt 0.46420000 0.67130000
vt 0.32000000 0.67130000
vt 0.60840000 0.67130000
vt 0.82830000 0.00560000
vt 0.82580000 0.15650000
vt 0.67130000 0.15430000
vt 0.67130000 0.00560000
vt 0.98540000 0.00560000
vt 0.98540000 0.15430000
vt 0.82830000 0.30300000
vt 0.67130000 0.30300000
vt 0.98540000 0.30300000
vt 0.19310000 0.28640000
vt 0.05280000 0.28640000
vt 0.05280000 0.38410000
vt 0.19580000 0.38610000
vt 0.33350000 0.38410000
vt 0.33350000 0.28640000
vt 0.05280000 0.48190000
vt 0.19310000 0.48190000
vt 0.33350000 0.48190000
vt 0.05280000 0.38410000
vt 0.05280000 0.28640000
vt 0.19310000 0.28640000
vt 0.19580000 0.38610000
vt 0.33350000 0.38410000
vt 0.33350000 0.28640000
vt 0.19310000 0.48190000
vt 0.05280000 0.48190000
vt 0.33350000 0.48190000
vt 0.54680000 0.36730000
vt 0.56150000 0.27340000
vt 0.72850000 0.28800000
vt 0.72850000 0.39880000
vt 0.91100000 0.38880000
vt 0.90840000 0.28800000
vt 0.55460000 0.45340000
vt 0.71640000 0.50330000
vt 0.88430000 0.47320000
vt 0.32910000 0.14850000
vt 0.32910000 0.01000000
vt 0.47530000 0.01290000
vt 0.46580000 0.15050000
vt 0.60980000 0.14850000
vt 0.60980000 0.01000000
vt 0.47530000 0.29140000
vt 0.32910000 0.28850000
vt 0.60980000 0.28850000
vt 0.48050000 0.53730000
vt 0.32000000 0.54660000
vt 0.32680000 0.42960000
vt 0.46420000 0.41600000
vt 0.58370000 0.44950000
vt 0.60840000 0.54660000
vt 0.46420000 0.67130000
vt 0.32000000 0.67130000
vt 0.60840000 0.67130000
vt 0.11660000 0.79560000
vt 0.12980000 0.89020000
vt 0.00000000 0.89780000
vt 0.00000000 0.79560000
vt 0.23320000 0.79560000
vt 0.23320000 0.89780000
vt 0.11660000 1.00000000
vt 0.00000000 1.00000000
vt 0.23320000 1.00000000
vt 0.11660000 0.79560000
vt 0.12980000 0.89020000
vt 0.00000000 0.89780000
vt 0.00000000 0.79560000
vt 0.23320000 0.79560000
vt 0.23320000 0.89780000
vt 0.11660000 1.00000000
vt 0.00000000 1.00000000
vt 0.23320000 1.00000000
vt 0.05280000 0.38410000
vt 0.05280000 0.28640000
vt 0.19310000 0.28640000
vt 0.19580000 0.38610000
vt 0.33350000 0.38410000
vt 0.33350000 0.28640000
vt 0.19310000 0.48190000
vt 0.05280000 0.48190000
vt 0.33350000 0.48190000
vt 0.05280000 0.38410000
vt 0.05280000 0.28640000
vt 0.19310000 0.28640000
vt 0.19580000 0.38610000
vt 0.33350000 0.38410000
vt 0.33350000 0.28640000
vt 0.19310000 0.48190000
vt 0.05280000 0.48190000
vt 0.33350000 0.48190000
vt 0.05280000 0.38410000
vt 0.05280000 0.28640000
vt 0.19310000 0.28640000
vt 0.19580000 0.38610000
vt 0.33350000 0.38410000
vt 0.33350000 0.28640000
vt 0.19310000 0.48190000
vt 0.05280000 0.48190000
vt 0.33350000 0.48190000
vt 0.00920000 0.13250000
vt 0.00920000 0.00280000
vt 0.14370000 0.00280000
vt 0.14150000 0.13450000
vt 0.27820000 0.13250000
vt 0.27820000 0.00280000
vt 0.14370000 0.26230000
vt 0.00920000 0.26230000
vt 0.27820000 0.26230000
vt 0.01790000 0.64080000
vt 0.01790000 0.50310000
vt 0.17500000 0.50310000
vt 0.19280000 0.63050000
vt 0.33200000 0.64080000
vt 0.31910000 0.51080000
vt 0.17500000 0.77860000
vt 0.01790000 0.77860000
vt 0.33200000 0.77860000
vt 0.01790000 0.64080000
vt 0.01790000 0.50310000
vt 0.17500000 0.50310000
vt 0.19280000 0.63050000
vt 0.33200000 0.64080000
vt 0.31910000 0.51080000
vt 0.17500000 0.77860000
vt 0.01790000 0.77860000
vt 0.33200000 0.77860000
vt 0.32000000 0.54660000
vt 0.32680000 0.42960000
vt 0.46420000 0.41600000
vt 0.48050000 0.53730000
vt 0.58370000 0.44950000
vt 0.60840000 0.54660000
vt 0.46420000 0.67130000
vt 0.32000000 0.67130000
vt 0.60840000 0.67130000
vt 0.30130000 0.84370000
vt 0.30130000 0.68740000
vt 0.46430000 0.68740000
vt 0.49110000 0.87840000
vt 0.62720000 0.68740000
vt 0.62720000 0.84370000
vt 0.46430000 1.00010000
vt 0.30130000 1.00010000
vt 0.62720000 1.00010000
vt 0.30130000 0.84370000
vt 0.30130000 0.68740000
vt 0.46430000 0.68740000
vt 0.49110000 0.87840000
vt 0.62720000 0.68740000
vt 0.62720000 0.84370000
vt 0.46430000 1.00010000
vt 0.30130000 1.00010000
vt 0.62720000 1.00010000
vt 0.30130000 0.84370000
vt 0.30130000 0.68740000
vt 0.46430000 0.68740000
vt 0.49110000 0.87840000
vt 0.62720000 0.68740000
vt 0.62720000 0.84370000
vt 0.46430000 1.00010000
vt 0.30130000 1.00010000
vt 0.62720000 1.00010000
vt 0.30130000 0.84370000
vt 0.30130000 0.68740000
vt 0.46430000 0.68740000
vt 0.49110000 0.87840000
vt 0.62720000 0.68740000
vt 0.62720000 0.84370000
vt 0.46430000 1.00010000
vt 0.30130000 1.00010000
vt 0.62720000 1.00010000
vt 0.30130000 0.84370000
vt 0.30130000 0.68740000
vt 0.46430000 0.68740000
vt 0.49110000 0.87840000
vt 0.62720000 0.68740000
vt 0.62720000 0.84370000
vt 0.46430000 1.00010000
vt 0.30130000 1.00010000
vt 0.62720000 1.00010000
vt 0.19310000 0.28640000
vt 0.19580000 0.38610000
vt 0.05280000 0.38410000
vt 0.05280000 0.28640000
vt 0.33350000 0.28640000
vt 0.33350000 0.38410000
vt 0.19310000 0.48190000
vt 0.05280000 0.48190000
vt 0.33350000 0.48190000
vt 0.01790000 0.64080000
vt 0.01790000 0.50310000
vt 0.17500000 0.50310000
vt 0.19280000 0.63050000
vt 0.33200000 0.64080000
vt 0.31910000 0.51080000
vt 0.17500000 0.77860000
vt 0.01790000 0.77860000
vt 0.33200000 0.77860000
vt 0.01790000 0.64080000
vt 0.01790000 0.50310000
vt 0.17500000 0.50310000
vt 0.19280000 0.63050000
vt 0.31910000 0.51080000
vt 0.33200000 0.64080000
vt 0.17500000 0.77860000
vt 0.01790000 0.77860000
vt 0.33200000 0.77860000
vt 0.01790000 0.64080000
vt 0.01790000 0.50310000
vt 0.17500000 0.50310000
vt 0.19280000 0.63050000
vt 0.33200000 0.64080000
vt 0.31910000 0.51080000
vt 0.17500000 0.77860000
vt 0.01790000 0.77860000
vt 0.33200000 0.77860000
vt 0.82830000 0.00560000
vt 0.82580000 0.15650000
vt 0.67130000 0.15430000
vt 0.67130000 0.00560000
vt 0.98540000 0.00560000
vt 0.98540000 0.15430000
vt 0.82830000 0.30300000
vt 0.67130000 0.30300000
vt 0.98540000 0.30300000
vt 0.28740000 0.72560000
vt 0.26600000 0.76200000
vt 0.22820000 0.62660000
vt 0.24260000 0.62240000
vt 0.35700000 0.82350000
vt 0.33840000 0.84770000
vt 0.44360000 0.93490000
vt 0.25780000 0.75820000
vt 0.26190000 0.69340000
vt 0.37520000 0.84470000
vt 0.36350000 0.87980000
vt 0.45660000 0.93420000
vt 0.45290000 0.96930000
vt 0.49900000 0.96370000
vt 0.49110000 0.98140000
vt 0.54140000 0.99320000
vt 0.52800000 1.00280000
vt 0.33880000 0.80230000
vt 0.31330000 0.81560000
vt 0.25780000 0.75820000
vt 0.23540000 0.62450000
vt 0.46710000 0.93910000
vt 0.46150000 0.96320000
vt 0.36350000 0.87980000
vt 0.37520000 0.84470000
vt 0.54140000 0.99320000
vt 0.52800000 1.00280000
vt 0.24260000 0.62240000
vt 0.27240000 0.69120000
vt 0.25140000 0.69560000
vt 0.22820000 0.62660000
vt 0.25780000 0.75820000
vt 0.30230000 0.76000000
vt 0.33880000 0.80230000
vt 0.31330000 0.81560000
vt 0.53470000 0.99800000
vt 0.38730000 0.90020000
vt 0.39440000 0.86970000
vt 0.24260000 0.62240000
vt 0.22820000 0.62660000
vt 0.25140000 0.69560000
vt 0.27240000 0.69120000
vt 0.31330000 0.81560000
vt 0.33880000 0.80230000
vt 0.30230000 0.76000000
vt 0.25780000 0.75820000
vt 0.38870000 0.88980000
vt 0.95390000 0.74480000
vt 0.89730000 0.59160000
vt 1.00160000 0.68950000
vt 0.96560000 0.89680000
vt 0.90530000 0.46590000
vt 0.95460000 0.52090000
vt 0.82100000 0.41390000
vt 0.97070000 0.42080000
vt 0.78680000 0.47140000
vt 0.11660000 0.79560000
vt 0.12980000 0.89020000
vt 0.00000000 0.89780000
vt 0.00000000 0.79560000
vt 0.23320000 0.79560000
vt 0.23320000 0.89780000
vt 0.11660000 1.00000000
vt 0.00000000 1.00000000
vt 0.23320000 1.00000000
vt 0.54680000 0.36730000
vt 0.56150000 0.27340000
vt 0.72850000 0.28800000
vt 0.72850000 0.39880000
vt 0.91100000 0.38880000
vt 0.90840000 0.28800000
vt 0.55460000 0.45340000
vt 0.71640000 0.50330000
vt 0.88430000 0.47320000
vt 0.01790000 0.64080000
vt 0.01790000 0.50310000
vt 0.17500000 0.50310000
vt 0.19280000 0.63050000
vt 0.33200000 0.64080000
vt 0.31910000 0.51080000
vt 0.17500000 0.77860000
vt 0.01790000 0.77860000
vt 0.33200000 0.77860000
vt 0.01790000 0.64080000
vt 0.01790000 0.50310000
vt 0.17500000 0.50310000
vt 0.19280000 0.63050000
vt 0.33200000 0.64080000
vt 0.31910000 0.51080000
vt 0.17500000 0.77860000
vt 0.01790000 0.77860000
vt 0.33200000 0.77860000
vt 0.48050000 0.53730000
vt 0.32000000 0.54660000
vt 0.32680000 0.42960000
vt 0.46420000 0.41600000
vt 0.58370000 0.44950000
vt 0.60840000 0.54660000
vt 0.46420000 0.67130000
vt 0.32000000 0.67130000
vt 0.60840000 0.67130000
vt 0.11660000 0.79560000
vt 0.12980000 0.89020000
vt 0.00000000 0.89780000
vt 0.00000000 0.79560000
vt 0.23320000 0.79560000
vt 0.23320000 0.89780000
vt 0.11660000 1.00000000
vt 0.00000000 1.00000000
vt 0.23320000 1.00000000
vt 0.66060000 0.84690000
vt 0.68390000 0.61530000
vt 0.81990000 0.70110000
vt 0.83800000 0.83600000
vt 0.97920000 0.84690000
vt 0.97920000 0.70110000
vt 0.81990000 0.99270000
vt 0.66060000 0.99270000
vt 0.97920000 0.99270000
vt 0.01790000 0.64080000
vt 0.01790000 0.50310000
vt 0.17500000 0.50310000
vt 0.19280000 0.63050000
vt 0.33200000 0.64080000
vt 0.31910000 0.51080000
vt 0.17500000 0.77860000
vt 0.01790000 0.77860000
vt 0.33200000 0.77860000
vt 0.73790000 0.50990000
vt 0.87250000 0.48010000
vt 0.87950000 0.58020000
vt 0.74180000 0.58710000
vt 0.98470000 0.48650000
vt 0.99670000 0.58540000
vt 0.86520000 0.70750000
vt 0.76920000 0.67370000
vt 0.99670000 0.71260000
vt 0.05280000 0.38410000
vt 0.05280000 0.28640000
vt 0.19310000 0.28640000
vt 0.19580000 0.38610000
vt 0.33350000 0.38410000
vt 0.33350000 0.28640000
vt 0.19310000 0.48190000
vt 0.05280000 0.48190000
vt 0.33350000 0.48190000
vt 0.05280000 0.38410000
vt 0.05280000 0.28640000
vt 0.19310000 0.28640000
vt 0.19580000 0.38610000
vt 0.33350000 0.38410000
vt 0.33350000 0.28640000
vt 0.19310000 0.48190000
vt 0.05280000 0.48190000
vt 0.33350000 0.48190000
vt 0.01790000 0.64080000
vt 0.01790000 0.50310000
vt 0.17500000 0.50310000
vt 0.19280000 0.63050000
vt 0.33200000 0.64080000
vt 0.31910000 0.51080000
vt 0.17500000 0.77860000
vt 0.01790000 0.77860000
vt 0.33200000 0.77860000
vt 0.05280000 0.38410000
vt 0.05280000 0.28640000
vt 0.19310000 0.28640000
vt 0.19580000 0.38610000
vt 0.33350000 0.38410000
vt 0.33350000 0.28640000
vt 0.19310000 0.48190000
vt 0.05280000 0.48190000
vt 0.33350000 0.48190000
vt 0.66060000 0.84690000
vt 0.68390000 0.61530000
vt 0.81990000 0.70110000
vt 0.83800000 0.83600000
vt 0.97920000 0.84690000
vt 0.97920000 0.70110000
vt 0.81990000 0.99270000
vt 0.66060000 0.99270000
vt 0.97920000 0.99270000
vt 0.11660000 0.79560000
vt 0.12980000 0.89020000
vt 0.00000000 0.89780000
vt 0.00000000 0.79560000
vt 0.23320000 0.79560000
vt 0.23320000 0.89780000
vt 0.11660000 1.00000000
vt 0.00000000 1.00000000
vt 0.23320000 1.00000000
vt 0.00920000 0.13250000
vt 0.00920000 0.00280000
vt 0.14370000 0.00280000
vt 0.14150000 0.13450000
vt 0.27820000 0.13250000
vt 0.27820000 0.00280000
vt 0.14370000 0.26230000
vt 0.00920000 0.26230000
vt 0.27820000 0.26230000
vt 0.82830000 0.00560000
vt 0.82580000 0.15650000
vt 0.67130000 0.15430000
vt 0.67130000 0.00560000
vt 0.98540000 0.00560000
vt 0.98540000 0.15430000
vt 0.82830000 0.30300000
vt 0.67130000 0.30300000
vt 0.98540000 0.30300000
vt 0.05280000 0.38410000
vt 0.05280000 0.28640000
vt 0.19310000 0.28640000
vt 0.19580000 0.38610000
vt 0.33350000 0.38410000
vt 0.33350000 0.28640000
vt 0.19310000 0.48190000
vt 0.05280000 0.48190000
vt 0.33350000 0.48190000
vt 0.00000000 0.89780000
vt 0.12980000 0.89020000
vt 0.11660000 0.79560000
vt 0.00000000 0.79560000
vt 0.23320000 0.89780000
vt 0.23320000 0.79560000
vt 0.00000000 1.00000000
vt 0.11660000 1.00000000
vt 0.23320000 1.00000000
vt 0.05280000 0.38410000
vt 0.05280000 0.28640000
vt 0.19310000 0.28640000
vt 0.19580000 0.38610000
vt 0.33350000 0.38410000
vt 0.33350000 0.28640000
vt 0.19310000 0.48190000
vt 0.05280000 0.48190000
vt 0.33350000 0.48190000
vt 0.05280000 0.38410000
vt 0.05280000 0.28640000
vt 0.19310000 0.28640000
vt 0.19580000 0.38610000
vt 0.33350000 0.38410000
vt 0.33350000 0.28640000
vt 0.19310000 0.48190000
vt 0.05280000 0.48190000
vt 0.33350000 0.48190000
vt 0.05280000 0.38410000
vt 0.05280000 0.28640000
vt 0.19310000 0.28640000
vt 0.19580000 0.38610000
vt 0.33350000 0.38410000
vt 0.33350000 0.28640000
vt 0.19310000 0.48190000
vt 0.05280000 0.48190000
vt 0.33350000 0.48190000
vt 0.11660000 0.79560000
vt 0.12980000 0.89020000
vt 0.00000000 0.89780000
vt 0.00000000 0.79560000
vt 0.23320000 0.79560000
vt 0.23320000 0.89780000
vt 0.11660000 1.00000000
vt 0.00000000 1.00000000
vt 0.23320000 1.00000000
vt 0.01790000 0.64080000
vt 0.01790000 0.50310000
vt 0.17500000 0.50310000
vt 0.19280000 0.63050000
vt 0.33200000 0.64080000
vt 0.31910000 0.51080000
vt 0.17500000 0.77860000
vt 0.01790000 0.77860000
vt 0.33200000 0.77860000
vt 0.73790000 0.50990000
vt 0.87250000 0.48010000
vt 0.87950000 0.58020000
vt 0.74180000 0.58710000
vt 0.98470000 0.48650000
vt 0.99670000 0.58540000
vt 0.86520000 0.70750000
vt 0.76920000 0.67370000
vt 0.99670000 0.71260000
vt 0.46430000 0.68740000
vt 0.49110000 0.87840000
vt 0.30130000 0.84370000
vt 0.30130000 0.68740000
vt 0.62720000 0.68740000
vt 0.62720000 0.84370000
vt 0.46430000 1.00010000
vt 0.30130000 1.00010000
vt 0.62720000 1.00010000
vt 0.87250000 0.48010000
vt 0.87950000 0.58020000
vt 0.74180000 0.58710000
vt 0.73790000 0.50990000
vt 0.98470000 0.48650000
vt 0.99670000 0.58540000
vt 0.86520000 0.70750000
vt 0.76920000 0.67370000
vt 0.99670000 0.71260000
vt 0.48050000 0.53730000
vt 0.32000000 0.54660000
vt 0.32680000 0.42960000
vt 0.46420000 0.41600000
vt 0.58370000 0.44950000
vt 0.60840000 0.54660000
vt 0.46420000 0.67130000
vt 0.32000000 0.67130000
vt 0.60840000 0.67130000
vt 0.82830000 0.00560000
vt 0.82580000 0.15650000
vt 0.67130000 0.15430000
vt 0.67130000 0.00560000
vt 0.98540000 0.00560000
vt 0.98540000 0.15430000
vt 0.82830000 0.30300000
vt 0.67130000 0.30300000
vt 0.98540000 0.30300000
vt 0.19310000 0.28640000
vt 0.05280000 0.28640000
vt 0.05280000 0.38410000
vt 0.19580000 0.38610000
vt 0.33350000 0.38410000
vt 0.33350000 0.28640000
vt 0.05280000 0.48190000
vt 0.19310000 0.48190000
vt 0.33350000 0.48190000
vt 0.05280000 0.38410000
vt 0.05280000 0.28640000
vt 0.19310000 0.28640000
vt 0.19580000 0.38610000
vt 0.33350000 0.38410000
vt 0.33350000 0.28640000
vt 0.19310000 0.48190000
vt 0.05280000 0.48190000
vt 0.33350000 0.48190000
vt 0.54680000 0.36730000
vt 0.56150000 0.27340000
vt 0.72850000 0.28800000
vt 0.72850000 0.39880000
vt 0.91100000 0.38880000
vt 0.90840000 0.28800000
vt 0.55460000 0.45340000
vt 0.71640000 0.50330000
vt 0.88430000 0.47320000
vt 0.32910000 0.14850000
vt 0.32910000 0.01000000
vt 0.47530000 0.01290000
vt 0.46580000 0.15050000
vt 0.60980000 0.14850000
vt 0.60980000 0.01000000
vt 0.47530000 0.29140000
vt 0.32910000 0.28850000
vt 0.60980000 0.28850000
vt 0.48050000 0.53730000
vt 0.32000000 0.54660000
vt 0.32680000 0.42960000
vt 0.46420000 0.41600000
vt 0.58370000 0.44950000
vt 0.60840000 0.54660000
vt 0.46420000 0.67130000
vt 0.32000000 0.67130000
vt 0.60840000 0.67130000
vt 0.11660000 0.79560000
vt 0.12980000 0.89020000
vt 0.00000000 0.89780000
vt 0.00000000 0.79560000
vt 0.23320000 0.79560000
vt 0.23320000 0.89780000
vt 0.11660000 1.00000000
vt 0.00000000 1.00000000
vt 0.23320000 1.00000000
vt 0.11660000 0.79560000
vt 0.12980000 0.89020000
vt 0.00000000 0.89780000
vt 0.00000000 0.79560000
vt 0.23320000 0.79560000
vt 0.23320000 0.89780000
vt 0.11660000 1.00000000
vt 0.00000000 1.00000000
vt 0.23320000 1.00000000
vt 0.05280000 0.38410000
vt 0.05280000 0.28640000
vt 0.19310000 0.28640000
vt 0.19580000 0.38610000
vt 0.33350000 0.38410000
vt 0.33350000 0.28640000
vt 0.19310000 0.48190000
vt 0.05280000 0.48190000
vt 0.33350000 0.48190000
vt 0.05280000 0.38410000
vt 0.05280000 0.28640000
vt 0.19310000 0.28640000
vt 0.19580000 0.38610000
vt 0.33350000 0.38410000
vt 0.33350000 0.28640000
vt 0.19310000 0.48190000
vt 0.05280000 0.48190000
vt 0.33350000 0.48190000
vt 0.05280000 0.38410000
vt 0.05280000 0.28640000
vt 0.19310000 0.28640000
vt 0.19580000 0.38610000
vt 0.33350000 0.38410000
vt 0.33350000 0.28640000
vt 0.19310000 0.48190000
vt 0.05280000 0.48190000
vt 0.33350000 0.48190000
vt 0.00920000 0.13250000
vt 0.00920000 0.00280000
vt 0.14370000 0.00280000
vt 0.14150000 0.13450000
vt 0.27820000 0.13250000
vt 0.27820000 0.00280000
vt 0.14370000 0.26230000
vt 0.00920000 0.26230000
vt 0.27820000 0.26230000
vt 0.01790000 0.64080000
vt 0.01790000 0.50310000
vt 0.17500000 0.50310000
vt 0.19280000 0.63050000
vt 0.33200000 0.64080000
vt 0.31910000 0.51080000
vt 0.17500000 0.77860000
vt 0.01790000 0.77860000
vt 0.33200000 0.77860000
vt 0.01790000 0.64080000
vt 0.01790000 0.50310000
vt 0.17500000 0.50310000
vt 0.19280000 0.63050000
vt 0.33200000 0.64080000
vt 0.31910000 0.51080000
vt 0.17500000 0.77860000
vt 0.01790000 0.77860000
vt 0.33200000 0.77860000
vt 0.32000000 0.54660000
vt 0.32680000 0.42960000
vt 0.46420000 0.41600000
vt 0.48050000 0.53730000
vt 0.58370000 0.44950000
vt 0.60840000 0.54660000
vt 0.46420000 0.67130000
vt 0.32000000 0.67130000
vt 0.60840000 0.67130000
vt 0.30130000 0.84370000
vt 0.30130000 0.68740000
vt 0.46430000 0.68740000
vt 0.49110000 0.87840000
vt 0.62720000 0.68740000
vt 0.62720000 0.84370000
vt 0.46430000 1.00010000
vt 0.30130000 1.00010000
vt 0.62720000 1.00010000
vt 0.30130000 0.84370000
vt 0.30130000 0.68740000
vt 0.46430000 0.68740000
vt 0.49110000 0.87840000
vt 0.62720000 0.68740000
vt 0.62720000 0.84370000
vt 0.46430000 1.00010000
vt 0.30130000 1.00010000
vt 0.62720000 1.00010000
vt 0.30130000 0.84370000
vt 0.30130000 0.68740000
vt 0.46430000 0.68740000
vt 0.49110000 0.87840000
vt 0.62720000 0.68740000
vt 0.62720000 0.84370000
vt 0.46430000 1.00010000
vt 0.30130000 1.00010000
vt 0.62720000 1.00010000
vt 0.30130000 0.84370000
vt 0.30130000 0.68740000
vt 0.46430000 0.68740000
vt 0.49110000 0.87840000
vt 0.62720000 0.68740000
vt 0.62720000 0.84370000
vt 0.46430000 1.00010000
vt 0.30130000 1.00010000
vt 0.62720000 1.00010000
vt 0.30130000 0.84370000
vt 0.30130000 0.68740000
vt 0.46430000 0.68740000
vt 0.49110000 0.87840000
vt 0.62720000 0.68740000
vt 0.62720000 0.84370000
vt 0.46430000 1.00010000
vt 0.30130000 1.00010000
vt 0.62720000 1.00010000
vt 0.19310000 0.28640000
vt 0.19580000 0.38610000
vt 0.05280000 0.38410000
vt 0.05280000 0.28640000
vt 0.33350000 0.28640000
vt 0.33350000 0.38410000
vt 0.19310000 0.48190000
vt 0.05280000 0.48190000
vt 0.33350000 0.48190000
vt 0.01790000 0.64080000
vt 0.01790000 0.50310000
vt 0.17500000 0.50310000
vt 0.19280000 0.63050000
vt 0.33200000 0.64080000
vt 0.31910000 0.51080000
vt 0.17500000 0.77860000
vt 0.01790000 0.77860000
vt 0.33200000 0.77860000
vt 0.01790000 0.64080000
vt 0.01790000 0.50310000
vt 0.17500000 0.50310000
vt 0.19280000 0.63050000
vt 0.31910000 0.51080000
vt 0.33200000 0.64080000
vt 0.17500000 0.77860000
vt 0.01790000 0.77860000
vt 0.33200000 0.77860000
vt 0.01790000 0.64080000
vt 0.01790000 0.50310000
vt 0.17500000 0.50310000
vt 0.19280000 0.63050000
vt 0.33200000 0.64080000
vt 0.31910000 0.51080000
vt 0.17500000 0.77860000
vt 0.01790000 0.77860000
vt 0.33200000 0.77860000
vt 0.82830000 0.00560000
vt 0.82580000 0.15650000
vt 0.67130000 0.15430000
vt 0.67130000 0.00560000
vt 0.98540000 0.00560000
vt 0.98540000 0.15430000
vt 0.82830000 0.30300000
vt 0.67130000 0.30300000
vt 0.98540000 0.30300000
vt 0.28740000 0.72560000
vt 0.26600000 0.76200000
vt 0.22820000 0.62660000
vt 0.24260000 0.62240000
vt 0.35700000 0.82350000
vt 0.33840000 0.84770000
vt 0.44360000 0.93490000
vt 0.25780000 0.75820000
vt 0.26190000 0.69340000
vt 0.37520000 0.84470000
vt 0.36350000 0.87980000
vt 0.45660000 0.93420000
vt 0.45290000 0.96930000
vt 0.49900000 0.96370000
vt 0.49110000 0.98140000
vt 0.54140000 0.99320000
vt 0.52800000 1.00280000
vt 0.33880000 0.80230000
vt 0.31330000 0.81560000
vt 0.25780000 0.75820000
vt 0.23540000 0.62450000
vt 0.46710000 0.93910000
vt 0.46150000 0.96320000
vt 0.36350000 0.87980000
vt 0.37520000 0.84470000
vt 0.54140000 0.99320000
vt 0.52800000 1.00280000
vt 0.24260000 0.62240000
vt 0.27240000 0.69120000
vt 0.25140000 0.69560000
vt 0.22820000 0.62660000
vt 0.25780000 0.75820000
vt 0.30230000 0.76000000
vt 0.33880000 0.80230000
vt 0.31330000 0.81560000
vt 0.53470000 0.99800000
vt 0.38730000 0.90020000
vt 0.39440000 0.86970000
vt 0.24260000 0.62240000
vt 0.22820000 0.62660000
vt 0.25140000 0.69560000
vt 0.27240000 0.69120000
vt 0.31330000 0.81560000
vt 0.33880000 0.80230000
vt 0.30230000 0.76000000
vt 0.25780000 0.75820000
vt 0.38870000 0.88980000
vt 0.95390000 0.74480000
vt 0.89730000 0.59160000
vt 1.00160000 0.68950000
vt 0.96560000 0.89680000
vt 0.90530000 0.46590000
vt 0.95460000 0.52090000
vt 0.82100000 0.41390000
vt 0.97070000 0.42080000
vt 0.78680000 0.47140000
vt 0.11660000 0.79560000
vt 0.12980000 0.89020000
vt 0.00000000 0.89780000
vt 0.00000000 0.79560000
vt 0.23320000 0.79560000
vt 0.23320000 0.89780000
vt 0.11660000 1.00000000
vt 0.00000000 1.00000000
vt 0.23320000 1.00000000
vt 0.72850000 0.39880000
vt 0.54680000 0.36730000
vt 0.56150000 0.27340000
vt 0.72850000 0.28800000
vt 0.90840000 0.28800000
vt 0.91100000 0.38880000
vt 0.55460000 0.45340000
vt 0.71640000 0.50330000
vt 0.88430000 0.47320000
vt 0.01790000 0.64080000
vt 0.01790000 0.50310000
vt 0.17500000 0.50310000
vt 0.19280000 0.63050000
vt 0.33200000 0.64080000
vt 0.31910000 0.51080000
vt 0.17500000 0.77860000
vt 0.01790000 0.77860000
vt 0.33200000 0.77860000
vt 0.01790000 0.64080000
vt 0.01790000 0.50310000
vt 0.17500000 0.50310000
vt 0.19280000 0.63050000
vt 0.33200000 0.64080000
vt 0.31910000 0.51080000
vt 0.17500000 0.77860000
vt 0.01790000 0.77860000
vt 0.33200000 0.77860000
vt 0.32000000 0.54660000
vt 0.32680000 0.42960000
vt 0.46420000 0.41600000
vt 0.48050000 0.53730000
vt 0.58370000 0.44950000
vt 0.60840000 0.54660000
vt 0.46420000 0.67130000
vt 0.32000000 0.67130000
vt 0.60840000 0.67130000
vt 0.11660000 0.79560000
vt 0.12980000 0.89020000
vt 0.00000000 0.89780000
vt 0.00000000 0.79560000
vt 0.23320000 0.79560000
vt 0.23320000 0.89780000
vt 0.11660000 1.00000000
vt 0.00000000 1.00000000
vt 0.23320000 1.00000000
vt 0.66060000 0.84690000
vt 0.68390000 0.61530000
vt 0.81990000 0.70110000
vt 0.83800000 0.83600000
vt 0.97920000 0.84690000
vt 0.97920000 0.70110000
vt 0.81990000 0.99270000
vt 0.66060000 0.99270000
vt 0.97920000 0.99270000
vt 0.01790000 0.64080000
vt 0.01790000 0.50310000
vt 0.17500000 0.50310000
vt 0.19280000 0.63050000
vt 0.33200000 0.64080000
vt 0.31910000 0.51080000
vt 0.17500000 0.77860000
vt 0.01790000 0.77860000
vt 0.33200000 0.77860000
vt 0.87250000 0.48010000
vt 0.87950000 0.58020000
vt 0.74180000 0.58710000
vt 0.73790000 0.50990000
vt 0.98470000 0.48650000
vt 0.99670000 0.58540000
vt 0.86520000 0.70750000
vt 0.76920000 0.67370000
vt 0.99670000 0.71260000
vt 0.05280000 0.38410000
vt 0.05280000 0.28640000
vt 0.19310000 0.28640000
vt 0.19580000 0.38610000
vt 0.33350000 0.38410000
vt 0.33350000 0.28640000
vt 0.19310000 0.48190000
vt 0.05280000 0.48190000
vt 0.33350000 0.48190000
vt 0.05280000 0.38410000
vt 0.05280000 0.28640000
vt 0.19310000 0.28640000
vt 0.19580000 0.38610000
vt 0.33350000 0.38410000
vt 0.33350000 0.28640000
vt 0.19310000 0.48190000
vt 0.05280000 0.48190000
vt 0.33350000 0.48190000
vt 0.01790000 0.64080000
vt 0.01790000 0.50310000
vt 0.17500000 0.50310000
vt 0.19280000 0.63050000
vt 0.33200000 0.64080000
vt 0.31910000 0.51080000
vt 0.17500000 0.77860000
vt 0.01790000 0.77860000
vt 0.33200000 0.77860000
vt 0.05280000 0.38410000
vt 0.05280000 0.28640000
vt 0.19310000 0.28640000
vt 0.19580000 0.38610000
vt 0.33350000 0.38410000
vt 0.33350000 0.28640000
vt 0.19310000 0.48190000
vt 0.05280000 0.48190000
vt 0.33350000 0.48190000
vt 0.66060000 0.84690000
vt 0.68390000 0.61530000
vt 0.81990000 0.70110000
vt 0.83800000 0.83600000
vt 0.97920000 0.84690000
vt 0.97920000 0.70110000
vt 0.81990000 0.99270000
vt 0.66060000 0.99270000
vt 0.97920000 0.99270000
vt 0.11660000 0.79560000
vt 0.12980000 0.89020000
vt 0.00000000 0.89780000
vt 0.00000000 0.79560000
vt 0.23320000 0.79560000
vt 0.23320000 0.89780000
vt 0.11660000 1.00000000
vt 0.00000000 1.00000000
vt 0.23320000 1.00000000
vt 0.00920000 0.13250000
vt 0.00920000 0.00280000
vt 0.14370000 0.00280000
vt 0.14150000 0.13450000
vt 0.27820000 0.13250000
vt 0.27820000 0.00280000
vt 0.14370000 0.26230000
vt 0.00920000 0.26230000
vt 0.27820000 0.26230000
vt 0.82830000 0.00560000
vt 0.82580000 0.15650000
vt 0.67130000 0.15430000
vt 0.67130000 0.00560000
vt 0.98540000 0.00560000
vt 0.98540000 0.15430000
vt 0.82830000 0.30300000
vt 0.67130000 0.30300000
vt 0.98540000 0.30300000
vt 0.05280000 0.38410000
vt 0.05280000 0.28640000
vt 0.19310000 0.28640000
vt 0.19580000 0.38610000
vt 0.33350000 0.38410000
vt 0.33350000 0.28640000
vt 0.19310000 0.48190000
vt 0.05280000 0.48190000
vt 0.33350000 0.48190000
vt 0.00000000 0.89780000
vt 0.12980000 0.89020000
vt 0.11660000 0.79560000
vt 0.00000000 0.79560000
vt 0.23320000 0.89780000
vt 0.23320000 0.79560000
vt 0.00000000 1.00000000
vt 0.11660000 1.00000000
vt 0.23320000 1.00000000
vt 0.05280000 0.38410000
vt 0.05280000 0.28640000
vt 0.19310000 0.28640000
vt 0.19580000 0.38610000
vt 0.33350000 0.38410000
vt 0.33350000 0.28640000
vt 0.19310000 0.48190000
vt 0.05280000 0.48190000
vt 0.33350000 0.48190000
vt 0.05280000 0.38410000
vt 0.05280000 0.28640000
vt 0.19310000 0.28640000
vt 0.19580000 0.38610000
vt 0.33350000 0.38410000
vt 0.33350000 0.28640000
vt 0.19310000 0.48190000
vt 0.05280000 0.48190000
vt 0.33350000 0.48190000
vt 0.05280000 0.38410000
vt 0.05280000 0.28640000
vt 0.19310000 0.28640000
vt 0.19580000 0.38610000
vt 0.33350000 0.38410000
vt 0.33350000 0.28640000
vt 0.19310000 0.48190000
vt 0.05280000 0.48190000
vt 0.33350000 0.48190000
vt 0.11660000 0.79560000
vt 0.12980000 0.89020000
vt 0.00000000 0.89780000
vt 0.00000000 0.79560000
vt 0.23320000 0.79560000
vt 0.23320000 0.89780000
vt 0.11660000 1.00000000
vt 0.00000000 1.00000000
vt 0.23320000 1.00000000
vt 0.01790000 0.64080000
vt 0.01790000 0.50310000
vt 0.17500000 0.50310000
vt 0.19280000 0.63050000
vt 0.33200000 0.64080000
vt 0.31910000 0.51080000
vt 0.17500000 0.77860000
vt 0.01790000 0.77860000
vt 0.33200000 0.77860000
vt 0.00920000 0.13250000
vt 0.00920000 0.00280000
vt 0.14370000 0.00280000
vt 0.14150000 0.13450000
vt 0.27820000 0.13250000
vt 0.27820000 0.00280000
vt 0.14370000 0.26230000
vt 0.00920000 0.26230000
vt 0.27820000 0.26230000
vt 0.73790000 0.50990000
vt 0.87250000 0.48010000
vt 0.87950000 0.58020000
vt 0.74180000 0.58710000
vt 0.98470000 0.48650000
vt 0.99670000 0.58540000
vt 0.86520000 0.70750000
vt 0.76920000 0.67370000
vt 0.99670000 0.71260000
vt 0.46430000 0.68740000
vt 0.49110000 0.87840000
vt 0.30130000 0.84370000
vt 0.30130000 0.68740000
vt 0.62720000 0.68740000
vt 0.62720000 0.84370000
vt 0.46430000 1.00010000
vt 0.30130000 1.00010000
vt 0.62720000 1.00010000
vt 0.87250000 0.48010000
vt 0.87950000 0.58020000
vt 0.74180000 0.58710000
vt 0.73790000 0.50990000
vt 0.98470000 0.48650000
vt 0.99670000 0.58540000
vt 0.86520000 0.70750000
vt 0.76920000 0.67370000
vt 0.99670000 0.71260000
vt 0.32000000 0.54660000
vt 0.32680000 0.42960000
vt 0.46420000 0.41600000
vt 0.48050000 0.53730000
vt 0.58370000 0.44950000
vt 0.60840000 0.54660000
vt 0.46420000 0.67130000
vt 0.32000000 0.67130000
vt 0.60840000 0.67130000
vt 0.82830000 0.00560000
vt 0.82580000 0.15650000
vt 0.67130000 0.15430000
vt 0.67130000 0.00560000
vt 0.98540000 0.00560000
vt 0.98540000 0.15430000
vt 0.82830000 0.30300000
vt 0.67130000 0.30300000
vt 0.98540000 0.30300000
vt 0.19310000 0.28640000
vt 0.05280000 0.28640000
vt 0.05280000 0.38410000
vt 0.19580000 0.38610000
vt 0.33350000 0.38410000
vt 0.33350000 0.28640000
vt 0.19310000 0.48190000
vt 0.05280000 0.48190000
vt 0.33350000 0.48190000
vt 0.05280000 0.38410000
vt 0.05280000 0.28640000
vt 0.19310000 0.28640000
vt 0.19580000 0.38610000
vt 0.33350000 0.38410000
vt 0.33350000 0.28640000
vt 0.19310000 0.48190000
vt 0.05280000 0.48190000
vt 0.33350000 0.48190000
vt 0.54680000 0.36730000
vt 0.56150000 0.27340000
vt 0.72850000 0.28800000
vt 0.72850000 0.39880000
vt 0.90840000 0.28800000
vt 0.91100000 0.38880000
vt 0.55460000 0.45340000
vt 0.71640000 0.50330000
vt 0.88430000 0.47320000
vt 0.32910000 0.14850000
vt 0.32910000 0.01000000
vt 0.47530000 0.01290000
vt 0.46580000 0.15050000
vt 0.60980000 0.14850000
vt 0.60980000 0.01000000
vt 0.47530000 0.29140000
vt 0.32910000 0.28850000
vt 0.60980000 0.28850000
vt 0.32000000 0.54660000
vt 0.32680000 0.42960000
vt 0.46420000 0.41600000
vt 0.48050000 0.53730000
vt 0.58370000 0.44950000
vt 0.60840000 0.54660000
vt 0.32000000 0.67130000
vt 0.46420000 0.67130000
vt 0.60840000 0.67130000
vt 0.11660000 0.79560000
vt 0.12980000 0.89020000
vt 0.00000000 0.89780000
vt 0.00000000 0.79560000
vt 0.23320000 0.79560000
vt 0.23320000 0.89780000
vt 0.11660000 1.00000000
vt 0.00000000 1.00000000
vt 0.23320000 1.00000000
vt 0.11660000 0.79560000
vt 0.12980000 0.89020000
vt 0.00000000 0.89780000
vt 0.00000000 0.79560000
vt 0.23320000 0.79560000
vt 0.23320000 0.89780000
vt 0.11660000 1.00000000
vt 0.00000000 1.00000000
vt 0.23320000 1.00000000
vt 0.05280000 0.38410000
vt 0.05280000 0.28640000
vt 0.19310000 0.28640000
vt 0.19580000 0.38610000
vt 0.33350000 0.38410000
vt 0.33350000 0.28640000
vt 0.19310000 0.48190000
vt 0.05280000 0.48190000
vt 0.33350000 0.48190000
vt 0.05280000 0.38410000
vt 0.05280000 0.28640000
vt 0.19310000 0.28640000
vt 0.19580000 0.38610000
vt 0.33350000 0.38410000
vt 0.33350000 0.28640000
vt 0.19310000 0.48190000
vt 0.05280000 0.48190000
vt 0.33350000 0.48190000
vt 0.05280000 0.38410000
vt 0.05280000 0.28640000
vt 0.19310000 0.28640000
vt 0.19580000 0.38610000
vt 0.33350000 0.38410000
vt 0.33350000 0.28640000
vt 0.19310000 0.48190000
vt 0.05280000 0.48190000
vt 0.33350000 0.48190000
vt 0.00920000 0.13250000
vt 0.00920000 0.00280000
vt 0.14370000 0.00280000
vt 0.14150000 0.13450000
vt 0.27820000 0.13250000
vt 0.27820000 0.00280000
vt 0.14370000 0.26230000
vt 0.00920000 0.26230000
vt 0.27820000 0.26230000
vt 0.01790000 0.64080000
vt 0.01790000 0.50310000
vt 0.17500000 0.50310000
vt 0.19280000 0.63050000
vt 0.33200000 0.64080000
vt 0.31910000 0.51080000
vt 0.17500000 0.77860000
vt 0.01790000 0.77860000
vt 0.33200000 0.77860000
vt 0.01790000 0.64080000
vt 0.01790000 0.50310000
vt 0.17500000 0.50310000
vt 0.19280000 0.63050000
vt 0.33200000 0.64080000
vt 0.31910000 0.51080000
vt 0.17500000 0.77860000
vt 0.01790000 0.77860000
vt 0.33200000 0.77860000
vt 0.32000000 0.54660000
vt 0.32680000 0.42960000
vt 0.46420000 0.41600000
vt 0.48050000 0.53730000
vt 0.58370000 0.44950000
vt 0.60840000 0.54660000
vt 0.46420000 0.67130000
vt 0.32000000 0.67130000
vt 0.60840000 0.67130000
vt 0.30130000 0.84370000
vt 0.30130000 0.68740000
vt 0.46430000 0.68740000
vt 0.49110000 0.87840000
vt 0.62720000 0.68740000
vt 0.62720000 0.84370000
vt 0.46430000 1.00010000
vt 0.30130000 1.00010000
vt 0.62720000 1.00010000
vt 0.30130000 0.84370000
vt 0.30130000 0.68740000
vt 0.46430000 0.68740000
vt 0.49110000 0.87840000
vt 0.62720000 0.68740000
vt 0.62720000 0.84370000
vt 0.46430000 1.00010000
vt 0.30130000 1.00010000
vt 0.62720000 1.00010000
vt 0.30130000 0.84370000
vt 0.30130000 0.68740000
vt 0.46430000 0.68740000
vt 0.49110000 0.87840000
vt 0.62720000 0.68740000
vt 0.62720000 0.84370000
vt 0.46430000 1.00010000
vt 0.30130000 1.00010000
vt 0.62720000 1.00010000
vt 0.30130000 0.84370000
vt 0.30130000 0.68740000
vt 0.46430000 0.68740000
vt 0.49110000 0.87840000
vt 0.62720000 0.68740000
vt 0.62720000 0.84370000
vt 0.46430000 1.00010000
vt 0.30130000 1.00010000
vt 0.62720000 1.00010000
vt 0.30130000 0.84370000
vt 0.30130000 0.68740000
vt 0.46430000 0.68740000
vt 0.49110000 0.87840000
vt 0.62720000 0.68740000
vt 0.62720000 0.84370000
vt 0.46430000 1.00010000
vt 0.30130000 1.00010000
vt 0.62720000 1.00010000
vt 0.19310000 0.28640000
vt 0.19580000 0.38610000
vt 0.05280000 0.38410000
vt 0.05280000 0.28640000
vt 0.33350000 0.28640000
vt 0.33350000 0.38410000
vt 0.19310000 0.48190000
vt 0.05280000 0.48190000
vt 0.33350000 0.48190000
vt 0.11660000 0.79560000
vt 0.12980000 0.89020000
vt 0.00000000 0.89780000
vt 0.00000000 0.79560000
vt 0.23320000 0.79560000
vt 0.23320000 0.89780000
vt 0.11660000 1.00000000
vt 0.00000000 1.00000000
vt 0.23320000 1.00000000
vt 0.72850000 0.39880000
vt 0.54680000 0.36730000
vt 0.56150000 0.27340000
vt 0.72850000 0.28800000
vt 0.90840000 0.28800000
vt 0.91100000 0.38880000
vt 0.55460000 0.45340000
vt 0.71640000 0.50330000
vt 0.88430000 0.47320000
vt 0.01790000 0.64080000
vt 0.01790000 0.50310000
vt 0.17500000 0.50310000
vt 0.19280000 0.63050000
vt 0.33200000 0.64080000
vt 0.31910000 0.51080000
vt 0.17500000 0.77860000
vt 0.01790000 0.77860000
vt 0.33200000 0.77860000
vt 0.01790000 0.64080000
vt 0.01790000 0.50310000
vt 0.17500000 0.50310000
vt 0.19280000 0.63050000
vt 0.33200000 0.64080000
vt 0.31910000 0.51080000
vt 0.17500000 0.77860000
vt 0.01790000 0.77860000
vt 0.33200000 0.77860000
vt 0.32000000 0.54660000
vt 0.32680000 0.42960000
vt 0.46420000 0.41600000
vt 0.48050000 0.53730000
vt 0.58370000 0.44950000
vt 0.60840000 0.54660000
vt 0.46420000 0.67130000
vt 0.32000000 0.67130000
vt 0.60840000 0.67130000
vt 0.11660000 0.79560000
vt 0.12980000 0.89020000
vt 0.00000000 0.89780000
vt 0.00000000 0.79560000
vt 0.23320000 0.79560000
vt 0.23320000 0.89780000
vt 0.11660000 1.00000000
vt 0.00000000 1.00000000
vt 0.23320000 1.00000000
vt 0.66060000 0.84690000
vt 0.68390000 0.61530000
vt 0.81990000 0.70110000
vt 0.83800000 0.83600000
vt 0.97920000 0.84690000
vt 0.97920000 0.70110000
vt 0.81990000 0.99270000
vt 0.66060000 0.99270000
vt 0.97920000 0.99270000
vt 0.01790000 0.64080000
vt 0.01790000 0.50310000
vt 0.17500000 0.50310000
vt 0.19280000 0.63050000
vt 0.33200000 0.64080000
vt 0.31910000 0.51080000
vt 0.17500000 0.77860000
vt 0.01790000 0.77860000
vt 0.33200000 0.77860000
vt 0.87250000 0.48010000
vt 0.87950000 0.58020000
vt 0.74180000 0.58710000
vt 0.73790000 0.50990000
vt 0.98470000 0.48650000
vt 0.99670000 0.58540000
vt 0.86520000 0.70750000
vt 0.76920000 0.67370000
vt 0.99670000 0.71260000
vt 0.05280000 0.38410000
vt 0.05280000 0.28640000
vt 0.19310000 0.28640000
vt 0.19580000 0.38610000
vt 0.33350000 0.38410000
vt 0.33350000 0.28640000
vt 0.19310000 0.48190000
vt 0.05280000 0.48190000
vt 0.33350000 0.48190000
vt 0.05280000 0.38410000
vt 0.05280000 0.28640000
vt 0.19310000 0.28640000
vt 0.19580000 0.38610000
vt 0.33350000 0.38410000
vt 0.33350000 0.28640000
vt 0.19310000 0.48190000
vt 0.05280000 0.48190000
vt 0.33350000 0.48190000
vt 0.01790000 0.64080000
vt 0.01790000 0.50310000
vt 0.17500000 0.50310000
vt 0.19280000 0.63050000
vt 0.33200000 0.64080000
vt 0.31910000 0.51080000
vt 0.17500000 0.77860000
vt 0.01790000 0.77860000
vt 0.33200000 0.77860000
vt 0.05280000 0.38410000
vt 0.05280000 0.28640000
vt 0.19310000 0.28640000
vt 0.19580000 0.38610000
vt 0.33350000 0.38410000
vt 0.33350000 0.28640000
vt 0.19310000 0.48190000
vt 0.05280000 0.48190000
vt 0.33350000 0.48190000
vt 0.66060000 0.84690000
vt 0.68390000 0.61530000
vt 0.81990000 0.70110000
vt 0.83800000 0.83600000
vt 0.97920000 0.84690000
vt 0.97920000 0.70110000
vt 0.81990000 0.99270000
vt 0.66060000 0.99270000
vt 0.97920000 0.99270000
vt 0.11660000 0.79560000
vt 0.12980000 0.89020000
vt 0.00000000 0.89780000
vt 0.00000000 0.79560000
vt 0.23320000 0.79560000
vt 0.23320000 0.89780000
vt 0.11660000 1.00000000
vt 0.00000000 1.00000000
vt 0.23320000 1.00000000
vt 0.00920000 0.13250000
vt 0.00920000 0.00280000
vt 0.14370000 0.00280000
vt 0.14150000 0.13450000
vt 0.27820000 0.13250000
vt 0.27820000 0.00280000
vt 0.14370000 0.26230000
vt 0.00920000 0.26230000
vt 0.27820000 0.26230000
vt 0.82830000 0.00560000
vt 0.82580000 0.15650000
vt 0.67130000 0.15430000
vt 0.67130000 0.00560000
vt 0.98540000 0.00560000
vt 0.98540000 0.15430000
vt 0.82830000 0.30300000
vt 0.67130000 0.30300000
vt 0.98540000 0.30300000
vt 0.05280000 0.38410000
vt 0.05280000 0.28640000
vt 0.19310000 0.28640000
vt 0.19580000 0.38610000
vt 0.33350000 0.38410000
vt 0.33350000 0.28640000
vt 0.19310000 0.48190000
vt 0.05280000 0.48190000
vt 0.33350000 0.48190000
vt 0.00000000 0.89780000
vt 0.12980000 0.89020000
vt 0.11660000 0.79560000
vt 0.00000000 0.79560000
vt 0.23320000 0.89780000
vt 0.23320000 0.79560000
vt 0.00000000 1.00000000
vt 0.11660000 1.00000000
vt 0.23320000 1.00000000
vt 0.05280000 0.38410000
vt 0.05280000 0.28640000
vt 0.19310000 0.28640000
vt 0.19580000 0.38610000
vt 0.33350000 0.38410000
vt 0.33350000 0.28640000
vt 0.19310000 0.48190000
vt 0.05280000 0.48190000
vt 0.33350000 0.48190000
vt 0.05280000 0.38410000
vt 0.05280000 0.28640000
vt 0.19310000 0.28640000
vt 0.19580000 0.38610000
vt 0.33350000 0.38410000
vt 0.33350000 0.28640000
vt 0.19310000 0.48190000
vt 0.05280000 0.48190000
vt 0.33350000 0.48190000
vt 0.05280000 0.38410000
vt 0.05280000 0.28640000
vt 0.19310000 0.28640000
vt 0.19580000 0.38610000
vt 0.33350000 0.38410000
vt 0.33350000 0.28640000
vt 0.19310000 0.48190000
vt 0.05280000 0.48190000
vt 0.33350000 0.48190000
vt 0.11660000 0.79560000
vt 0.12980000 0.89020000
vt 0.00000000 0.89780000
vt 0.00000000 0.79560000
vt 0.23320000 0.79560000
vt 0.23320000 0.89780000
vt 0.11660000 1.00000000
vt 0.00000000 1.00000000
vt 0.23320000 1.00000000
vt 0.01790000 0.64080000
vt 0.01790000 0.50310000
vt 0.17500000 0.50310000
vt 0.19280000 0.63050000
vt 0.33200000 0.64080000
vt 0.31910000 0.51080000
vt 0.17500000 0.77860000
vt 0.01790000 0.77860000
vt 0.33200000 0.77860000
vt 0.00920000 0.13250000
vt 0.00920000 0.00280000
vt 0.14370000 0.00280000
vt 0.14150000 0.13450000
vt 0.27820000 0.13250000
vt 0.27820000 0.00280000
vt 0.14370000 0.26230000
vt 0.00920000 0.26230000
vt 0.27820000 0.26230000
vt 0.73790000 0.50990000
vt 0.87250000 0.48010000
vt 0.87950000 0.58020000
vt 0.74180000 0.58710000
vt 0.98470000 0.48650000
vt 0.99670000 0.58540000
vt 0.86520000 0.70750000
vt 0.76920000 0.67370000
vt 0.99670000 0.71260000
vt 0.46430000 0.68740000
vt 0.49110000 0.87840000
vt 0.30130000 0.84370000
vt 0.30130000 0.68740000
vt 0.62720000 0.68740000
vt 0.62720000 0.84370000
vt 0.46430000 1.00010000
vt 0.30130000 1.00010000
vt 0.62720000 1.00010000
vt 0.87250000 0.48010000
vt 0.87950000 0.58020000
vt 0.74180000 0.58710000
vt 0.73790000 0.50990000
vt 0.98470000 0.48650000
vt 0.99670000 0.58540000
vt 0.86520000 0.70750000
vt 0.76920000 0.67370000
vt 0.99670000 0.71260000
vt 0.32000000 0.54660000
vt 0.32680000 0.42960000
vt 0.46420000 0.41600000
vt 0.48050000 0.53730000
vt 0.58370000 0.44950000
vt 0.60840000 0.54660000
vt 0.46420000 0.67130000
vt 0.32000000 0.67130000
vt 0.60840000 0.67130000
vt 0.82830000 0.00560000
vt 0.82580000 0.15650000
vt 0.67130000 0.15430000
vt 0.67130000 0.00560000
vt 0.98540000 0.00560000
vt 0.98540000 0.15430000
vt 0.82830000 0.30300000
vt 0.67130000 0.30300000
vt 0.98540000 0.30300000
vt 0.19310000 0.28640000
vt 0.05280000 0.28640000
vt 0.05280000 0.38410000
vt 0.19580000 0.38610000
vt 0.33350000 0.38410000
vt 0.33350000 0.28640000
vt 0.19310000 0.48190000
vt 0.05280000 0.48190000
vt 0.33350000 0.48190000
vt 0.05280000 0.38410000
vt 0.05280000 0.28640000
vt 0.19310000 0.28640000
vt 0.19580000 0.38610000
vt 0.33350000 0.38410000
vt 0.33350000 0.28640000
vt 0.19310000 0.48190000
vt 0.05280000 0.48190000
vt 0.33350000 0.48190000
vt 0.54680000 0.36730000
vt 0.56150000 0.27340000
vt 0.72850000 0.28800000
vt 0.72850000 0.39880000
vt 0.90840000 0.28800000
vt 0.91100000 0.38880000
vt 0.55460000 0.45340000
vt 0.71640000 0.50330000
vt 0.88430000 0.47320000
vt 0.32910000 0.14850000
vt 0.32910000 0.01000000
vt 0.47530000 0.01290000
vt 0.46580000 0.15050000
vt 0.60980000 0.14850000
vt 0.60980000 0.01000000
vt 0.47530000 0.29140000
vt 0.32910000 0.28850000
vt 0.60980000 0.28850000
vt 0.32000000 0.54660000
vt 0.32680000 0.42960000
vt 0.46420000 0.41600000
vt 0.48050000 0.53730000
vt 0.58370000 0.44950000
vt 0.60840000 0.54660000
vt 0.32000000 0.67130000
vt 0.46420000 0.67130000
vt 0.60840000 0.67130000
vt 0.11660000 0.79560000
vt 0.12980000 0.89020000
vt 0.00000000 0.89780000
vt 0.00000000 0.79560000
vt 0.23320000 0.79560000
vt 0.23320000 0.89780000
vt 0.11660000 1.00000000
vt 0.00000000 1.00000000
vt 0.23320000 1.00000000
vt 0.11660000 0.79560000
vt 0.12980000 0.89020000
vt 0.00000000 0.89780000
vt 0.00000000 0.79560000
vt 0.23320000 0.79560000
vt 0.23320000 0.89780000
vt 0.11660000 1.00000000
vt 0.00000000 1.00000000
vt 0.23320000 1.00000000
vt 0.05280000 0.38410000
vt 0.05280000 0.28640000
vt 0.19310000 0.28640000
vt 0.19580000 0.38610000
vt 0.33350000 0.38410000
vt 0.33350000 0.28640000
vt 0.19310000 0.48190000
vt 0.05280000 0.48190000
vt 0.33350000 0.48190000
vt 0.05280000 0.38410000
vt 0.05280000 0.28640000
vt 0.19310000 0.28640000
vt 0.19580000 0.38610000
vt 0.33350000 0.38410000
vt 0.33350000 0.28640000
vt 0.19310000 0.48190000
vt 0.05280000 0.48190000
vt 0.33350000 0.48190000
vt 0.05280000 0.38410000
vt 0.05280000 0.28640000
vt 0.19310000 0.28640000
vt 0.19580000 0.38610000
vt 0.33350000 0.38410000
vt 0.33350000 0.28640000
vt 0.19310000 0.48190000
vt 0.05280000 0.48190000
vt 0.33350000 0.48190000
vt 0.00920000 0.13250000
vt 0.00920000 0.00280000
vt 0.14370000 0.00280000
vt 0.14150000 0.13450000
vt 0.27820000 0.13250000
vt 0.27820000 0.00280000
vt 0.14370000 0.26230000
vt 0.00920000 0.26230000
vt 0.27820000 0.26230000
vt 0.01790000 0.64080000
vt 0.01790000 0.50310000
vt 0.17500000 0.50310000
vt 0.19280000 0.63050000
vt 0.33200000 0.64080000
vt 0.31910000 0.51080000
vt 0.17500000 0.77860000
vt 0.01790000 0.77860000
vt 0.33200000 0.77860000
vt 0.01790000 0.64080000
vt 0.01790000 0.50310000
vt 0.17500000 0.50310000
vt 0.19280000 0.63050000
vt 0.33200000 0.64080000
vt 0.31910000 0.51080000
vt 0.17500000 0.77860000
vt 0.01790000 0.77860000
vt 0.33200000 0.77860000
vt 0.32000000 0.54660000
vt 0.32680000 0.42960000
vt 0.46420000 0.41600000
vt 0.48050000 0.53730000
vt 0.58370000 0.44950000
vt 0.60840000 0.54660000
vt 0.46420000 0.67130000
vt 0.32000000 0.67130000
vt 0.60840000 0.67130000
vt 0.30130000 0.84370000
vt 0.30130000 0.68740000
vt 0.46430000 0.68740000
vt 0.49110000 0.87840000
vt 0.62720000 0.68740000
vt 0.62720000 0.84370000
vt 0.46430000 1.00010000
vt 0.30130000 1.00010000
vt 0.62720000 1.00010000
vt 0.30130000 0.84370000
vt 0.30130000 0.68740000
vt 0.46430000 0.68740000
vt 0.49110000 0.87840000
vt 0.62720000 0.68740000
vt 0.62720000 0.84370000
vt 0.46430000 1.00010000
vt 0.30130000 1.00010000
vt 0.62720000 1.00010000
vt 0.30130000 0.84370000
vt 0.30130000 0.68740000
vt 0.46430000 0.68740000
vt 0.49110000 0.87840000
vt 0.62720000 0.68740000
vt 0.62720000 0.84370000
vt 0.46430000 1.00010000
vt 0.30130000 1.00010000
vt 0.62720000 1.00010000
vt 0.30130000 0.84370000
vt 0.30130000 0.68740000
vt 0.46430000 0.68740000
vt 0.49110000 0.87840000
vt 0.62720000 0.68740000
vt 0.62720000 0.84370000
vt 0.46430000 1.00010000
vt 0.30130000 1.00010000
vt 0.62720000 1.00010000
vt 0.30130000 0.84370000
vt 0.30130000 0.68740000
vt 0.46430000 0.68740000
vt 0.49110000 0.87840000
vt 0.62720000 0.68740000
vt 0.62720000 0.84370000
vt 0.46430000 1.00010000
vt 0.30130000 1.00010000
vt 0.62720000 1.00010000
vt 0.19310000 0.28640000
vt 0.19580000 0.38610000
vt 0.05280000 0.38410000
vt 0.05280000 0.28640000
vt 0.33350000 0.28640000
vt 0.33350000 0.38410000
vt 0.19310000 0.48190000
vt 0.05280000 0.48190000
vt 0.33350000 0.48190000
vt 0.11660000 0.79560000
vt 0.12980000 0.89020000
vt 0.00000000 0.89780000
vt 0.00000000 0.79560000
vt 0.23320000 0.79560000
vt 0.23320000 0.89780000
vt 0.11660000 1.00000000
vt 0.00000000 1.00000000
vt 0.23320000 1.00000000
vt 0.72850000 0.39880000
vt 0.54680000 0.36730000
vt 0.56150000 0.27340000
vt 0.72850000 0.28800000
vt 0.90840000 0.28800000
vt 0.91100000 0.38880000
vt 0.55460000 0.45340000
vt 0.71640000 0.50330000
vt 0.88430000 0.47320000
vt 0.01790000 0.64080000
vt 0.01790000 0.50310000
vt 0.17500000 0.50310000
vt 0.19280000 0.63050000
vt 0.33200000 0.64080000
vt 0.31910000 0.51080000
vt 0.17500000 0.77860000
vt 0.01790000 0.77860000
vt 0.33200000 0.77860000
vt 0.01790000 0.64080000
vt 0.01790000 0.50310000
vt 0.17500000 0.50310000
vt 0.19280000 0.63050000
vt 0.33200000 0.64080000
vt 0.31910000 0.51080000
vt 0.17500000 0.77860000
vt 0.01790000 0.77860000
vt 0.33200000 0.77860000
vt 0.32000000 0.54660000
vt 0.32680000 0.42960000
vt 0.46420000 0.41600000
vt 0.48050000 0.53730000
vt 0.58370000 0.44950000
vt 0.60840000 0.54660000
vt 0.46420000 0.67130000
vt 0.32000000 0.67130000
vt 0.60840000 0.67130000
vt 0.11660000 0.79560000
vt 0.12980000 0.89020000
vt 0.00000000 0.89780000
vt 0.00000000 0.79560000
vt 0.23320000 0.79560000
vt 0.23320000 0.89780000
vt 0.11660000 1.00000000
vt 0.00000000 1.00000000
vt 0.23320000 1.00000000
vt 0.66060000 0.84690000
vt 0.68390000 0.61530000
vt 0.81990000 0.70110000
vt 0.83800000 0.83600000
vt 0.97920000 0.84690000
vt 0.97920000 0.70110000
vt 0.81990000 0.99270000
vt 0.66060000 0.99270000
vt 0.97920000 0.99270000
vt 0.01790000 0.64080000
vt 0.01790000 0.50310000
vt 0.17500000 0.50310000
vt 0.19280000 0.63050000
vt 0.33200000 0.64080000
vt 0.31910000 0.51080000
vt 0.17500000 0.77860000
vt 0.01790000 0.77860000
vt 0.33200000 0.77860000
vt 0.87250000 0.48010000
vt 0.87950000 0.58020000
vt 0.74180000 0.58710000
vt 0.73790000 0.50990000
vt 0.98470000 0.48650000
vt 0.99670000 0.58540000
vt 0.86520000 0.70750000
vt 0.76920000 0.67370000
vt 0.99670000 0.71260000
vt 0.05280000 0.38410000
vt 0.05280000 0.28640000
vt 0.19310000 0.28640000
vt 0.19580000 0.38610000
vt 0.33350000 0.38410000
vt 0.33350000 0.28640000
vt 0.19310000 0.48190000
vt 0.05280000 0.48190000
vt 0.33350000 0.48190000
vt 0.05280000 0.38410000
vt 0.05280000 0.28640000
vt 0.19310000 0.28640000
vt 0.19580000 0.38610000
vt 0.33350000 0.38410000
vt 0.33350000 0.28640000
vt 0.19310000 0.48190000
vt 0.05280000 0.48190000
vt 0.33350000 0.48190000
vt 0.01790000 0.64080000
vt 0.01790000 0.50310000
vt 0.17500000 0.50310000
vt 0.19280000 0.63050000
vt 0.33200000 0.64080000
vt 0.31910000 0.51080000
vt 0.17500000 0.77860000
vt 0.01790000 0.77860000
vt 0.33200000 0.77860000
vt 0.05280000 0.38410000
vt 0.05280000 0.28640000
vt 0.19310000 0.28640000
vt 0.19580000 0.38610000
vt 0.33350000 0.38410000
vt 0.33350000 0.28640000
vt 0.19310000 0.48190000
vt 0.05280000 0.48190000
vt 0.33350000 0.48190000
vt 0.66060000 0.84690000
vt 0.68390000 0.61530000
vt 0.81990000 0.70110000
vt 0.83800000 0.83600000
vt 0.97920000 0.84690000
vt 0.97920000 0.70110000
vt 0.81990000 0.99270000
vt 0.66060000 0.99270000
vt 0.97920000 0.99270000
vt 0.11660000 0.79560000
vt 0.12980000 0.89020000
vt 0.00000000 0.89780000
vt 0.00000000 0.79560000
vt 0.23320000 0.79560000
vt 0.23320000 0.89780000
vt 0.11660000 1.00000000
vt 0.00000000 1.00000000
vt 0.23320000 1.00000000
vt 0.00920000 0.13250000
vt 0.00920000 0.00280000
vt 0.14370000 0.00280000
vt 0.14150000 0.13450000
vt 0.27820000 0.13250000
vt 0.27820000 0.00280000
vt 0.14370000 0.26230000
vt 0.00920000 0.26230000
vt 0.27820000 0.26230000
vt 0.82830000 0.00560000
vt 0.82580000 0.15650000
vt 0.67130000 0.15430000
vt 0.67130000 0.00560000
vt 0.98540000 0.00560000
vt 0.98540000 0.15430000
vt 0.82830000 0.30300000
vt 0.67130000 0.30300000
vt 0.98540000 0.30300000
vt 0.05280000 0.38410000
vt 0.05280000 0.28640000
vt 0.19310000 0.28640000
vt 0.19580000 0.38610000
vt 0.33350000 0.38410000
vt 0.33350000 0.28640000
vt 0.19310000 0.48190000
vt 0.05280000 0.48190000
vt 0.33350000 0.48190000
vt 0.00000000 0.89780000
vt 0.12980000 0.89020000
vt 0.11660000 0.79560000
vt 0.00000000 0.79560000
vt 0.23320000 0.89780000
vt 0.23320000 0.79560000
vt 0.00000000 1.00000000
vt 0.11660000 1.00000000
vt 0.23320000 1.00000000
vt 0.05280000 0.38410000
vt 0.05280000 0.28640000
vt 0.19310000 0.28640000
vt 0.19580000 0.38610000
vt 0.33350000 0.38410000
vt 0.33350000 0.28640000
vt 0.19310000 0.48190000
vt 0.05280000 0.48190000
vt 0.33350000 0.48190000
vt 0.05280000 0.38410000
vt 0.05280000 0.28640000
vt 0.19310000 0.28640000
vt 0.19580000 0.38610000
vt 0.33350000 0.38410000
vt 0.33350000 0.28640000
vt 0.19310000 0.48190000
vt 0.05280000 0.48190000
vt 0.33350000 0.48190000
vt 0.05280000 0.38410000
vt 0.05280000 0.28640000
vt 0.19310000 0.28640000
vt 0.19580000 0.38610000
vt 0.33350000 0.38410000
vt 0.33350000 0.28640000
vt 0.19310000 0.48190000
vt 0.05280000 0.48190000
vt 0.33350000 0.48190000
vt 0.11660000 0.79560000
vt 0.12980000 0.89020000
vt 0.00000000 0.89780000
vt 0.00000000 0.79560000
vt 0.23320000 0.79560000
vt 0.23320000 0.89780000
vt 0.11660000 1.00000000
vt 0.00000000 1.00000000
vt 0.23320000 1.00000000
vt 0.01790000 0.64080000
vt 0.01790000 0.50310000
vt 0.17500000 0.50310000
vt 0.19280000 0.63050000
vt 0.33200000 0.64080000
vt 0.31910000 0.51080000
vt 0.17500000 0.77860000
vt 0.01790000 0.77860000
vt 0.33200000 0.77860000
vt 0.00920000 0.13250000
vt 0.00920000 0.00280000
vt 0.14370000 0.00280000
vt 0.14150000 0.13450000
vt 0.27820000 0.13250000
vt 0.27820000 0.00280000
vt 0.14370000 0.26230000
vt 0.00920000 0.26230000
vt 0.27820000 0.26230000
vt 0.73790000 0.50990000
vt 0.87250000 0.48010000
vt 0.87950000 0.58020000
vt 0.74180000 0.58710000
vt 0.98470000 0.48650000
vt 0.99670000 0.58540000
vt 0.86520000 0.70750000
vt 0.76920000 0.67370000
vt 0.99670000 0.71260000
vt 0.46430000 0.68740000
vt 0.49110000 0.87840000
vt 0.30130000 0.84370000
vt 0.30130000 0.68740000
vt 0.62720000 0.68740000
vt 0.62720000 0.84370000
vt 0.46430000 1.00010000
vt 0.30130000 1.00010000
vt 0.62720000 1.00010000
vt 0.87250000 0.48010000
vt 0.87950000 0.58020000
vt 0.74180000 0.58710000
vt 0.73790000 0.50990000
vt 0.98470000 0.48650000
vt 0.99670000 0.58540000
vt 0.86520000 0.70750000
vt 0.76920000 0.67370000
vt 0.99670000 0.71260000
vt 0.32000000 0.54660000
vt 0.32680000 0.42960000
vt 0.46420000 0.41600000
vt 0.48050000 0.53730000
vt 0.58370000 0.44950000
vt 0.60840000 0.54660000
vt 0.46420000 0.67130000
vt 0.32000000 0.67130000
vt 0.60840000 0.67130000
vt 0.82830000 0.00560000
vt 0.82580000 0.15650000
vt 0.67130000 0.15430000
vt 0.67130000 0.00560000
vt 0.98540000 0.00560000
vt 0.98540000 0.15430000
vt 0.82830000 0.30300000
vt 0.67130000 0.30300000
vt 0.98540000 0.30300000
vt 0.19310000 0.28640000
vt 0.05280000 0.28640000
vt 0.05280000 0.38410000
vt 0.19580000 0.38610000
vt 0.33350000 0.38410000
vt 0.33350000 0.28640000
vt 0.19310000 0.48190000
vt 0.05280000 0.48190000
vt 0.33350000 0.48190000
vt 0.05280000 0.38410000
vt 0.05280000 0.28640000
vt 0.19310000 0.28640000
vt 0.19580000 0.38610000
vt 0.33350000 0.38410000
vt 0.33350000 0.28640000
vt 0.19310000 0.48190000
vt 0.05280000 0.48190000
vt 0.33350000 0.48190000
vt 0.54680000 0.36730000
vt 0.56150000 0.27340000
vt 0.72850000 0.28800000
vt 0.72850000 0.39880000
vt 0.90840000 0.28800000
vt 0.91100000 0.38880000
vt 0.55460000 0.45340000
vt 0.71640000 0.50330000
vt 0.88430000 0.47320000
vt 0.32910000 0.14850000
vt 0.32910000 0.01000000
vt 0.47530000 0.01290000
vt 0.46580000 0.15050000
vt 0.60980000 0.14850000
vt 0.60980000 0.01000000
vt 0.47530000 0.29140000
vt 0.32910000 0.28850000
vt 0.60980000 0.28850000
vt 0.32000000 0.54660000
vt 0.32680000 0.42960000
vt 0.46420000 0.41600000
vt 0.48050000 0.53730000
vt 0.58370000 0.44950000
vt 0.60840000 0.54660000
vt 0.32000000 0.67130000
vt 0.46420000 0.67130000
vt 0.60840000 0.67130000
vt 0.11660000 0.79560000
vt 0.12980000 0.89020000
vt 0.00000000 0.89780000
vt 0.00000000 0.79560000
vt 0.23320000 0.79560000
vt 0.23320000 0.89780000
vt 0.11660000 1.00000000
vt 0.00000000 1.00000000
vt 0.23320000 1.00000000
vt 0.11660000 0.79560000
vt 0.12980000 0.89020000
vt 0.00000000 0.89780000
vt 0.00000000 0.79560000
vt 0.23320000 0.79560000
vt 0.23320000 0.89780000
vt 0.11660000 1.00000000
vt 0.00000000 1.00000000
vt 0.23320000 1.00000000
vt 0.05280000 0.38410000
vt 0.05280000 0.28640000
vt 0.19310000 0.28640000
vt 0.19580000 0.38610000
vt 0.33350000 0.38410000
vt 0.33350000 0.28640000
vt 0.19310000 0.48190000
vt 0.05280000 0.48190000
vt 0.33350000 0.48190000
vt 0.05280000 0.38410000
vt 0.05280000 0.28640000
vt 0.19310000 0.28640000
vt 0.19580000 0.38610000
vt 0.33350000 0.38410000
vt 0.33350000 0.28640000
vt 0.19310000 0.48190000
vt 0.05280000 0.48190000
vt 0.33350000 0.48190000
vt 0.05280000 0.38410000
vt 0.05280000 0.28640000
vt 0.19310000 0.28640000
vt 0.19580000 0.38610000
vt 0.33350000 0.38410000
vt 0.33350000 0.28640000
vt 0.19310000 0.48190000
vt 0.05280000 0.48190000
vt 0.33350000 0.48190000
vt 0.00920000 0.13250000
vt 0.00920000 0.00280000
vt 0.14370000 0.00280000
vt 0.14150000 0.13450000
vt 0.27820000 0.13250000
vt 0.27820000 0.00280000
vt 0.14370000 0.26230000
vt 0.00920000 0.26230000
vt 0.27820000 0.26230000
vt 0.01790000 0.64080000
vt 0.01790000 0.50310000
vt 0.17500000 0.50310000
vt 0.19280000 0.63050000
vt 0.33200000 0.64080000
vt 0.31910000 0.51080000
vt 0.17500000 0.77860000
vt 0.01790000 0.77860000
vt 0.33200000 0.77860000
vt 0.01790000 0.64080000
vt 0.01790000 0.50310000
vt 0.17500000 0.50310000
vt 0.19280000 0.63050000
vt 0.33200000 0.64080000
vt 0.31910000 0.51080000
vt 0.17500000 0.77860000
vt 0.01790000 0.77860000
vt 0.33200000 0.77860000
vt 0.32000000 0.54660000
vt 0.32680000 0.42960000
vt 0.46420000 0.41600000
vt 0.48050000 0.53730000
vt 0.58370000 0.44950000
vt 0.60840000 0.54660000
vt 0.46420000 0.67130000
vt 0.32000000 0.67130000
vt 0.60840000 0.67130000
vt 0.30130000 0.84370000
vt 0.30130000 0.68740000
vt 0.46430000 0.68740000
vt 0.49110000 0.87840000
vt 0.62720000 0.68740000
vt 0.62720000 0.84370000
vt 0.46430000 1.00010000
vt 0.30130000 1.00010000
vt 0.62720000 1.00010000
vt 0.30130000 0.84370000
vt 0.30130000 0.68740000
vt 0.46430000 0.68740000
vt 0.49110000 0.87840000
vt 0.62720000 0.68740000
vt 0.62720000 0.84370000
vt 0.46430000 1.00010000
vt 0.30130000 1.00010000
vt 0.62720000 1.00010000
vt 0.30130000 0.84370000
vt 0.30130000 0.68740000
vt 0.46430000 0.68740000
vt 0.49110000 0.87840000
vt 0.62720000 0.68740000
vt 0.62720000 0.84370000
vt 0.46430000 1.00010000
vt 0.30130000 1.00010000
vt 0.62720000 1.00010000
vt 0.30130000 0.84370000
vt 0.30130000 0.68740000
vt 0.46430000 0.68740000
vt 0.49110000 0.87840000
vt 0.62720000 0.68740000
vt 0.62720000 0.84370000
vt 0.46430000 1.00010000
vt 0.30130000 1.00010000
vt 0.62720000 1.00010000
vt 0.30130000 0.84370000
vt 0.30130000 0.68740000
vt 0.46430000 0.68740000
vt 0.49110000 0.87840000
vt 0.62720000 0.68740000
vt 0.62720000 0.84370000
vt 0.46430000 1.00010000
vt 0.30130000 1.00010000
vt 0.62720000 1.00010000
vt 0.19310000 0.28640000
vt 0.19580000 0.38610000
vt 0.05280000 0.38410000
vt 0.05280000 0.28640000
vt 0.33350000 0.28640000
vt 0.33350000 0.38410000
vt 0.19310000 0.48190000
vt 0.05280000 0.48190000
vt 0.33350000 0.48190000
vt 0.11660000 0.79560000
vt 0.12980000 0.89020000
vt 0.00000000 0.89780000
vt 0.00000000 0.79560000
vt 0.23320000 0.79560000
vt 0.23320000 0.89780000
vt 0.11660000 1.00000000
vt 0.00000000 1.00000000
vt 0.23320000 1.00000000
vt 0.72850000 0.39880000
vt 0.54680000 0.36730000
vt 0.56150000 0.27340000
vt 0.72850000 0.28800000
vt 0.90840000 0.28800000
vt 0.91100000 0.38880000
vt 0.55460000 0.45340000
vt 0.71640000 0.50330000
vt 0.88430000 0.47320000
vt 0.01790000 0.64080000
vt 0.01790000 0.50310000
vt 0.17500000 0.50310000
vt 0.19280000 0.63050000
vt 0.33200000 0.64080000
vt 0.31910000 0.51080000
vt 0.17500000 0.77860000
vt 0.01790000 0.77860000
vt 0.33200000 0.77860000
vt 0.01790000 0.64080000
vt 0.01790000 0.50310000
vt 0.17500000 0.50310000
vt 0.19280000 0.63050000
vt 0.33200000 0.64080000
vt 0.31910000 0.51080000
vt 0.17500000 0.77860000
vt 0.01790000 0.77860000
vt 0.33200000 0.77860000
vt 0.32000000 0.54660000
vt 0.32680000 0.42960000
vt 0.46420000 0.41600000
vt 0.48050000 0.53730000
vt 0.58370000 0.44950000
vt 0.60840000 0.54660000
vt 0.46420000 0.67130000
vt 0.32000000 0.67130000
vt 0.60840000 0.67130000
vt 0.11660000 0.79560000
vt 0.12980000 0.89020000
vt 0.00000000 0.89780000
vt 0.00000000 0.79560000
vt 0.23320000 0.79560000
vt 0.23320000 0.89780000
vt 0.11660000 1.00000000
vt 0.00000000 1.00000000
vt 0.23320000 1.00000000
vt 0.66060000 0.84690000
vt 0.68390000 0.61530000
vt 0.81990000 0.70110000
vt 0.83800000 0.83600000
vt 0.97920000 0.84690000
vt 0.97920000 0.70110000
vt 0.81990000 0.99270000
vt 0.66060000 0.99270000
vt 0.97920000 0.99270000
vt 0.01790000 0.64080000
vt 0.01790000 0.50310000
vt 0.17500000 0.50310000
vt 0.19280000 0.63050000
vt 0.33200000 0.64080000
vt 0.31910000 0.51080000
vt 0.17500000 0.77860000
vt 0.01790000 0.77860000
vt 0.33200000 0.77860000
vt 0.87250000 0.48010000
vt 0.87950000 0.58020000
vt 0.74180000 0.58710000
vt 0.73790000 0.50990000
vt 0.98470000 0.48650000
vt 0.99670000 0.58540000
vt 0.86520000 0.70750000
vt 0.76920000 0.67370000
vt 0.99670000 0.71260000
vt 0.05280000 0.38410000
vt 0.05280000 0.28640000
vt 0.19310000 0.28640000
vt 0.19580000 0.38610000
vt 0.33350000 0.38410000
vt 0.33350000 0.28640000
vt 0.19310000 0.48190000
vt 0.05280000 0.48190000
vt 0.33350000 0.48190000
vt 0.05280000 0.38410000
vt 0.05280000 0.28640000
vt 0.19310000 0.28640000
vt 0.19580000 0.38610000
vt 0.33350000 0.38410000
vt 0.33350000 0.28640000
vt 0.19310000 0.48190000
vt 0.05280000 0.48190000
vt 0.33350000 0.48190000
vt 0.01790000 0.64080000
vt 0.01790000 0.50310000
vt 0.17500000 0.50310000
vt 0.19280000 0.63050000
vt 0.33200000 0.64080000
vt 0.31910000 0.51080000
vt 0.17500000 0.77860000
vt 0.01790000 0.77860000
vt 0.33200000 0.77860000
vt 0.05280000 0.38410000
vt 0.05280000 0.28640000
vt 0.19310000 0.28640000
vt 0.19580000 0.38610000
vt 0.33350000 0.38410000
vt 0.33350000 0.28640000
vt 0.19310000 0.48190000
vt 0.05280000 0.48190000
vt 0.33350000 0.48190000
vt 0.66060000 0.84690000
vt 0.68390000 0.61530000
vt 0.81990000 0.70110000
vt 0.83800000 0.83600000
vt 0.97920000 0.84690000
vt 0.97920000 0.70110000
vt 0.81990000 0.99270000
vt 0.66060000 0.99270000
vt 0.97920000 0.99270000
vt 0.11660000 0.79560000
vt 0.12980000 0.89020000
vt 0.00000000 0.89780000
vt 0.00000000 0.79560000
vt 0.23320000 0.79560000
vt 0.23320000 0.89780000
vt 0.11660000 1.00000000
vt 0.00000000 1.00000000
vt 0.23320000 1.00000000
vt 0.00920000 0.13250000
vt 0.00920000 0.00280000
vt 0.14370000 0.00280000
vt 0.14150000 0.13450000
vt 0.27820000 0.13250000
vt 0.27820000 0.00280000
vt 0.14370000 0.26230000
vt 0.00920000 0.26230000
vt 0.27820000 0.26230000
vt 0.82830000 0.00560000
vt 0.82580000 0.15650000
vt 0.67130000 0.15430000
vt 0.67130000 0.00560000
vt 0.98540000 0.00560000
vt 0.98540000 0.15430000
vt 0.82830000 0.30300000
vt 0.67130000 0.30300000
vt 0.98540000 0.30300000
vt 0.05280000 0.38410000
vt 0.05280000 0.28640000
vt 0.19310000 0.28640000
vt 0.19580000 0.38610000
vt 0.33350000 0.38410000
vt 0.33350000 0.28640000
vt 0.19310000 0.48190000
vt 0.05280000 0.48190000
vt 0.33350000 0.48190000
vt 0.00000000 0.89780000
vt 0.12980000 0.89020000
vt 0.11660000 0.79560000
vt 0.00000000 0.79560000
vt 0.23320000 0.89780000
vt 0.23320000 0.79560000
vt 0.00000000 1.00000000
vt 0.11660000 1.00000000
vt 0.23320000 1.00000000
vt 0.05280000 0.38410000
vt 0.05280000 0.28640000
vt 0.19310000 0.28640000
vt 0.19580000 0.38610000
vt 0.33350000 0.38410000
vt 0.33350000 0.28640000
vt 0.19310000 0.48190000
vt 0.05280000 0.48190000
vt 0.33350000 0.48190000
vt 0.05280000 0.38410000
vt 0.05280000 0.28640000
vt 0.19310000 0.28640000
vt 0.19580000 0.38610000
vt 0.33350000 0.38410000
vt 0.33350000 0.28640000
vt 0.19310000 0.48190000
vt 0.05280000 0.48190000
vt 0.33350000 0.48190000
vt 0.05280000 0.38410000
vt 0.05280000 0.28640000
vt 0.19310000 0.28640000
vt 0.19580000 0.38610000
vt 0.33350000 0.38410000
vt 0.33350000 0.28640000
vt 0.19310000 0.48190000
vt 0.05280000 0.48190000
vt 0.33350000 0.48190000
vt 0.11660000 0.79560000
vt 0.12980000 0.89020000
vt 0.00000000 0.89780000
vt 0.00000000 0.79560000
vt 0.23320000 0.79560000
vt 0.23320000 0.89780000
vt 0.11660000 1.00000000
vt 0.00000000 1.00000000
vt 0.23320000 1.00000000
vt 0.01790000 0.64080000
vt 0.01790000 0.50310000
vt 0.17500000 0.50310000
vt 0.19280000 0.63050000
vt 0.33200000 0.64080000
vt 0.31910000 0.51080000
vt 0.17500000 0.77860000
vt 0.01790000 0.77860000
vt 0.33200000 0.77860000
vt 0.00920000 0.13250000
vt 0.00920000 0.00280000
vt 0.14370000 0.00280000
vt 0.14150000 0.13450000
vt 0.27820000 0.13250000
vt 0.27820000 0.00280000
vt 0.14370000 0.26230000
vt 0.00920000 0.26230000
vt 0.27820000 0.26230000
vt 0.73790000 0.50990000
vt 0.87250000 0.48010000
vt 0.87950000 0.58020000
vt 0.74180000 0.58710000
vt 0.98470000 0.48650000
vt 0.99670000 0.58540000
vt 0.86520000 0.70750000
vt 0.76920000 0.67370000
vt 0.99670000 0.71260000
vt 0.46430000 0.68740000
vt 0.49110000 0.87840000
vt 0.30130000 0.84370000
vt 0.30130000 0.68740000
vt 0.62720000 0.68740000
vt 0.62720000 0.84370000
vt 0.46430000 1.00010000
vt 0.30130000 1.00010000
vt 0.62720000 1.00010000
vt 0.87250000 0.48010000
vt 0.87950000 0.58020000
vt 0.74180000 0.58710000
vt 0.73790000 0.50990000
vt 0.98470000 0.48650000
vt 0.99670000 0.58540000
vt 0.86520000 0.70750000
vt 0.76920000 0.67370000
vt 0.99670000 0.71260000
vt 0.32000000 0.54660000
vt 0.32680000 0.42960000
vt 0.46420000 0.41600000
vt 0.48050000 0.53730000
vt 0.58370000 0.44950000
vt 0.60840000 0.54660000
vt 0.46420000 0.67130000
vt 0.32000000 0.67130000
vt 0.60840000 0.67130000
vt 0.82830000 0.00560000
vt 0.82580000 0.15650000
vt 0.67130000 0.15430000
vt 0.67130000 0.00560000
vt 0.98540000 0.00560000
vt 0.98540000 0.15430000
vt 0.82830000 0.30300000
vt 0.67130000 0.30300000
vt 0.98540000 0.30300000
vt 0.19310000 0.28640000
vt 0.05280000 0.28640000
vt 0.05280000 0.38410000
vt 0.19580000 0.38610000
vt 0.33350000 0.38410000
vt 0.33350000 0.28640000
vt 0.19310000 0.48190000
vt 0.05280000 0.48190000
vt 0.33350000 0.48190000
vt 0.05280000 0.38410000
vt 0.05280000 0.28640000
vt 0.19310000 0.28640000
vt 0.19580000 0.38610000
vt 0.33350000 0.38410000
vt 0.33350000 0.28640000
vt 0.19310000 0.48190000
vt 0.05280000 0.48190000
vt 0.33350000 0.48190000
vt 0.54680000 0.36730000
vt 0.56150000 0.27340000
vt 0.72850000 0.28800000
vt 0.72850000 0.39880000
vt 0.90840000 0.28800000
vt 0.91100000 0.38880000
vt 0.55460000 0.45340000
vt 0.71640000 0.50330000
vt 0.88430000 0.47320000
vt 0.32910000 0.14850000
vt 0.32910000 0.01000000
vt 0.47530000 0.01290000
vt 0.46580000 0.15050000
vt 0.60980000 0.14850000
vt 0.60980000 0.01000000
vt 0.47530000 0.29140000
vt 0.32910000 0.28850000
vt 0.60980000 0.28850000
vt 0.32000000 0.54660000
vt 0.32680000 0.42960000
vt 0.46420000 0.41600000
vt 0.48050000 0.53730000
vt 0.58370000 0.44950000
vt 0.60840000 0.54660000
vt 0.32000000 0.67130000
vt 0.46420000 0.67130000
vt 0.60840000 0.67130000
vt 0.11660000 0.79560000
vt 0.12980000 0.89020000
vt 0.00000000 0.89780000
vt 0.00000000 0.79560000
vt 0.23320000 0.79560000
vt 0.23320000 0.89780000
vt 0.11660000 1.00000000
vt 0.00000000 1.00000000
vt 0.23320000 1.00000000
vt 0.11660000 0.79560000
vt 0.12980000 0.89020000
vt 0.00000000 0.89780000
vt 0.00000000 0.79560000
vt 0.23320000 0.79560000
vt 0.23320000 0.89780000
vt 0.11660000 1.00000000
vt 0.00000000 1.00000000
vt 0.23320000 1.00000000
vt 0.05280000 0.38410000
vt 0.05280000 0.28640000
vt 0.19310000 0.28640000
vt 0.19580000 0.38610000
vt 0.33350000 0.38410000
vt 0.33350000 0.28640000
vt 0.19310000 0.48190000
vt 0.05280000 0.48190000
vt 0.33350000 0.48190000
vt 0.05280000 0.38410000
vt 0.05280000 0.28640000
vt 0.19310000 0.28640000
vt 0.19580000 0.38610000
vt 0.33350000 0.38410000
vt 0.33350000 0.28640000
vt 0.19310000 0.48190000
vt 0.05280000 0.48190000
vt 0.33350000 0.48190000
vt 0.05280000 0.38410000
vt 0.05280000 0.28640000
vt 0.19310000 0.28640000
vt 0.19580000 0.38610000
vt 0.33350000 0.38410000
vt 0.33350000 0.28640000
vt 0.19310000 0.48190000
vt 0.05280000 0.48190000
vt 0.33350000 0.48190000
vt 0.00920000 0.13250000
vt 0.00920000 0.00280000
vt 0.14370000 0.00280000
vt 0.14150000 0.13450000
vt 0.27820000 0.13250000
vt 0.27820000 0.00280000
vt 0.14370000 0.26230000
vt 0.00920000 0.26230000
vt 0.27820000 0.26230000
vt 0.01790000 0.64080000
vt 0.01790000 0.50310000
vt 0.17500000 0.50310000
vt 0.19280000 0.63050000
vt 0.33200000 0.64080000
vt 0.31910000 0.51080000
vt 0.17500000 0.77860000
vt 0.01790000 0.77860000
vt 0.33200000 0.77860000
vt 0.01790000 0.64080000
vt 0.01790000 0.50310000
vt 0.17500000 0.50310000
vt 0.19280000 0.63050000
vt 0.33200000 0.64080000
vt 0.31910000 0.51080000
vt 0.17500000 0.77860000
vt 0.01790000 0.77860000
vt 0.33200000 0.77860000
vt 0.32000000 0.54660000
vt 0.32680000 0.42960000
vt 0.46420000 0.41600000
vt 0.48050000 0.53730000
vt 0.58370000 0.44950000
vt 0.60840000 0.54660000
vt 0.46420000 0.67130000
vt 0.32000000 0.67130000
vt 0.60840000 0.67130000
vt 0.30130000 0.84370000
vt 0.30130000 0.68740000
vt 0.46430000 0.68740000
vt 0.49110000 0.87840000
vt 0.62720000 0.68740000
vt 0.62720000 0.84370000
vt 0.46430000 1.00010000
vt 0.30130000 1.00010000
vt 0.62720000 1.00010000
vt 0.30130000 0.84370000
vt 0.30130000 0.68740000
vt 0.46430000 0.68740000
vt 0.49110000 0.87840000
vt 0.62720000 0.68740000
vt 0.62720000 0.84370000
vt 0.46430000 1.00010000
vt 0.30130000 1.00010000
vt 0.62720000 1.00010000
vt 0.30130000 0.84370000
vt 0.30130000 0.68740000
vt 0.46430000 0.68740000
vt 0.49110000 0.87840000
vt 0.62720000 0.68740000
vt 0.62720000 0.84370000
vt 0.46430000 1.00010000
vt 0.30130000 1.00010000
vt 0.62720000 1.00010000
vt 0.30130000 0.84370000
vt 0.30130000 0.68740000
vt 0.46430000 0.68740000
vt 0.49110000 0.87840000
vt 0.62720000 0.68740000
vt 0.62720000 0.84370000
vt 0.46430000 1.00010000
vt 0.30130000 1.00010000
vt 0.62720000 1.00010000
vt 0.30130000 0.84370000
vt 0.30130000 0.68740000
vt 0.46430000 0.68740000
vt 0.49110000 0.87840000
vt 0.62720000 0.68740000
vt 0.62720000 0.84370000
vt 0.46430000 1.00010000
vt 0.30130000 1.00010000
vt 0.62720000 1.00010000
vt 0.19310000 0.28640000
vt 0.19580000 0.38610000
vt 0.05280000 0.38410000
vt 0.05280000 0.28640000
vt 0.33350000 0.28640000
vt 0.33350000 0.38410000
vt 0.19310000 0.48190000
vt 0.05280000 0.48190000
vt 0.33350000 0.48190000
f 1/1/1 2/2/2 3/3/3
f 3/3/3 4/4/4 1/1/1
f 5/5/5 6/6/6 2/2/2
f 2/2/2 1/1/1 5/5/5
f 3/3/3 2/2/2 7/7/7
f 7/7/7 8/8/8 3/3/3
f 2/2/2 6/6/6 9/9/9
f 9/9/9 7/7/7 2/2/2
f 10/10/10 11/11/11 12/12/12
f 12/12/12 13/13/13 10/10/10
f 14/14/14 13/13/13 12/12/12
f 12/12/12 15/15/15 14/14/14
f 16/16/16 10/10/10 13/13/13
f 13/13/13 17/17/17 16/16/16
f 18/18/18 17/17/17 13/13/13
f 13/13/13 14/14/14 18/18/18
f 19/19/19 20/20/20 21/21/21
f 21/21/21 22/22/22 19/19/19
f 23/23/23 22/22/22 21/21/21
f 21/21/21 24/24/24 23/23/23
f 25/25/25 26/26/26 19/19/19
f 19/19/19 22/22/22 25/25/25
f 25/25/25 22/22/22 23/23/23
f 23/23/23 27/27/27 25/25/25
f 28/28/28 29/29/29 30/30/30
f 30/30/30 31/31/31 28/28/28
f 32/32/32 31/31/31 30/30/30
f 30/30/30 33/33/33 32/32/32
f 34/34/34 35/35/35 28/28/28
f 28/28/28 31/31/31 34/34/34
f 34/34/34 31/31/31 32/32/32
f 32/32/32 36/36/36 34/34/34
f 37/37/37 38/38/38 39/39/39
f 39/39/39 40/40/40 37/37/37
f 37/37/37 40/40/40 41/41/41
f 41/41/41 42/42/42 37/37/37
f 43/43/43 44/44/44 38/38/38
f 38/38/38 37/37/37 43/43/43
f 45/45/45 43/43/43 37/37/37
f 37/37/37 42/42/42 45/45/45
f 46/46/46 47/47/47 48/48/48
f 48/48/48 49/49/49 46/46/46
f 50/50/50 51/51/51 47/47/47
f 47/47/47 46/46/46 50/50/50
f 48/48/48 47/47/47 52/52/52
f 52/52/52 53/53/53 48/48/48
f 51/51/51 54/54/54 52/52/52
f 52/52/52 47/47/47 51/51/51
f 55/55/55 56/56/56 57/57/57
f 57/57/57 58/58/58 55/55/55
f 59/59/59 58/58/58 57/57/57
f 57/57/57 60/60/60 59/59/59
f 61/61/61 62/62/62 55/55/55
f 55/55/55 58/58/58 61/61/61
f 63/63/63 61/61/61 58/58/58
f 58/58/58 59/59/59 63/63/63
f 64/64/64 65/65/65 66/66/66
f 66/66/66 67/67/67 64/64/64
f 68/68/68 67/67/67 66/66/66
f 66/66/66 69/69/69 68/68/68
f 70/70/70 71/71/71 64/64/64
f 64/64/64 67/67/67 70/70/70
f 70/70/70 67/67/67 68/68/68
f 68/68/68 72/72/72 70/70/70
f 73/73/73 74/74/74 75/75/75
f 75/75/75 76/76/76 73/73/73
f 74/74/74 77/77/77 78/78/78
f 78/78/78 75/75/75 74/74/74
f 76/76/76 75/75/75 79/79/79
f 79/79/79 80/80/80 76/76/76
f 75/75/75 78/78/78 81/81/81
f 81/81/81 79/79/79 75/75/75
f 82/82/82 83/83/83 84/84/84
f 84/84/84 85/85/85 82/82/82
f 86/86/86 85/85/85 84/84/84
f 84/84/84 87/87/87 86/86/86
f 88/88/88 89/89/89 82/82/82
f 82/82/82 85/85/85 88/88/88
f 88/88/88 85/85/85 86/86/86
f 86/86/86 90/90/90 88/88/88
f 91/91/91 92/92/92 93/93/93
f 93/93/93 94/94/94 91/91/91
f 95/95/95 94/94/94 93/93/93
f 93/93/93 96/96/96 95/95/95
f 97/97/97 98/98/98 91/91/91
f 91/91/91 94/94/94 97/97/97
f 97/97/97 94/94/94 95/95/95
f 95/95/95 99/99/99 97/97/97
f 100/100/100 101/101/101 102/102/102
f 102/102/102 103/103/103 100/100/100
f 104/104/104 103/103/103 102/102/102
f 102/102/102 105/105/105 104/104/104
f 106/106/106 107/107/107 100/100/100
f 100/100/100 103/103/103 106/106/106
f 106/106/106 103/103/103 104/104/104
f 104/104/104 108/108/108 106/106/106
f 109/109/109 110/110/110 111/111/111
f 111/111/111 112/112/112 109/109/109
f 113/113/113 112/112/112 111/111/111
f 111/111/111 114/114/114 113/113/113
f 115/115/115 116/116/116 109/109/109
f 109/109/109 112/112/112 115/115/115
f 115/115/115 112/112/112 113/113/113
f 113/113/113 117/117/117 115/115/115
f 118/118/118 119/119/119 120/120/120
f 120/120/120 121/121/121 118/118/118
f 122/122/122 121/121/121 120/120/120
f 120/120/120 123/123/123 122/122/122
f 124/124/124 125/125/125 118/118/118
f 118/118/118 121/121/121 124/124/124
f 126/126/126 124/124/124 121/121/121
f 121/121/121 122/122/122 126/126/126
f 127/127/127 128/128/128 129/129/129
f 129/129/129 130/130/130 127/127/127
f 127/127/127 131/131/131 132/132/132
f 132/132/132 128/128/128 127/127/127
f 129/129/129 128/128/128 133/133/133
f 133/133/133 134/134/134 129/129/129
f 132/132/132 135/135/135 133/133/133
f 133/133/133 128/128/128 132/132/132
f 136/136/136 137/137/137 138/138/138
f 138/138/138 139/139/139 136/136/136
f 140/140/140 139/139/139 138/138/138
f 138/138/138 141/141/141 140/140/140
f 142/142/142 143/143/143 136/136/136
f 136/136/136 139/139/139 142/142/142
f 142/142/142 139/139/139 140/140/140
f 140/140/140 144/144/144 142/142/142
f 145/145/145 146/146/146 147/147/147
f 147/147/147 148/148/148 145/145/145
f 145/145/145 149/149/149 150/150/150
f 150/150/150 146/146/146 145/145/145
f 147/147/147 146/146/146 151/151/151
f 151/151/151 152/152/152 147/147/147
f 150/150/150 153/153/153 151/151/151
f 151/151/151 146/146/146 150/150/150
f 154/154/154 155/155/155 156/156/156
f 156/156/156 157/157/157 154/154/154
f 158/158/158 157/157/157 156/156/156
f 156/156/156 159/159/159 158/158/158
f 160/160/160 161/161/161 154/154/154
f 154/154/154 157/157/157 160/160/160
f 160/160/160 157/157/157 158/158/158
f 158/158/158 162/162/162 160/160/160
f 163/163/163 164/164/164 165/165/165
f 165/165/165 166/166/166 163/163/163
f 164/164/164 167/167/167 168/168/168
f 168/168/168 165/165/165 164/164/164
f 163/163/163 169/169/169 170/170/170
f 170/170/170 164/164/164 163/163/163
f 164/164/164 170/170/170 171/171/171
f 171/171/171 167/167/167 164/164/164
f 172/172/172 173/173/173 174/174/174
f 174/174/174 175/175/175 172/172/172
f 176/176/176 175/175/175 174/174/174
f 174/174/174 177/177/177 176/176/176
f 178/178/178 179/179/179 172/172/172
f 172/172/172 175/175/175 178/178/178
f 178/178/178 175/175/175 176/176/176
f 176/176/176 180/180/180 178/178/178
f 181/181/181 182/182/182 183/183/183
f 183/183/183 184/184/184 181/181/181
f 185/185/185 184/184/184 183/183/183
f 183/183/183 186/186/186 185/185/185
f 187/187/187 188/188/188 181/181/181
f 181/181/181 184/184/184 187/187/187
f 187/187/187 184/184/184 185/185/185
f 185/185/185 189/189/189 187/187/187
f 190/190/190 191/191/191 192/192/192
f 192/192/192 193/193/193 190/190/190
f 194/194/194 193/193/193 192/192/192
f 192/192/192 195/195/195 194/194/194
f 196/196/196 197/197/197 190/190/190
f 190/190/190 193/193/193 196/196/196
f 196/196/196 193/193/193 194/194/194
f 194/194/194 198/198/198 196/196/196
f 199/199/199 200/200/200 201/201/201
f 201/201/201 202/202/202 199/199/199
f 203/203/203 204/204/204 200/200/200
f 200/200/200 199/199/199 203/203/203
f 201/201/201 200/200/200 205/205/205
f 205/205/205 206/206/206 201/201/201
f 204/204/204 207/207/207 205/205/205
f 205/205/205 200/200/200 204/204/204
f 208/208/208 209/209/209 210/210/210
f 210/210/210 211/211/211 208/208/208
f 212/212/212 211/211/211 210/210/210
f 210/210/210 213/213/213 212/212/212
f 214/214/214 215/215/215 208/208/208
f 208/208/208 211/211/211 214/214/214
f 214/214/214 211/211/211 212/212/212
f 212/212/212 216/216/216 214/214/214
f 217/217/217 218/218/218 219/219/219
f 219/219/219 220/220/220 217/217/217
f 218/218/218 221/221/221 222/222/222
f 222/222/222 219/219/219 218/218/218
f 220/220/220 219/219/219 223/223/223
f 223/223/223 224/224/224 220/220/220
f 219/219/219 222/222/222 225/225/225
f 225/225/225 223/223/223 219/219/219
f 226/226/226 227/227/227 228/228/228
f 228/228/228 229/229/229 226/226/226
f 230/230/230 231/231/231 227/227/227
f 227/227/227 226/226/226 230/230/230
f 228/228/228 227/227/227 232/232/232
f 232/232/232 233/233/233 228/228/228
f 227/227/227 231/231/231 234/234/234
f 234/234/234 232/232/232 227/227/227
f 235/235/235 236/236/236 237/237/237
f 237/237/237 238/238/238 235/235/235
f 235/235/235 239/239/239 240/240/240
f 240/240/240 236/236/236 235/235/235
f 237/237/237 236/236/236 241/241/241
f 241/241/241 242/242/242 237/237/237
f 236/236/236 240/240/240 243/243/243
f 243/243/243 241/241/241 236/236/236
f 244/244/244 245/245/245 246/246/246
f 246/246/246 247/247/247 244/244/244
f 244/244/244 247/247/247 248/248/248
f 248/248/248 249/249/249 244/244/244
f 250/250/250 251/251/251 245/245/245
f 245/245/245 244/244/244 250/250/250
f 252/252/252 250/250/250 244/244/244
f 244/244/244 249/249/249 252/252/252
f 253/253/253 254/254/254 255/255/255
f 255/255/255 256/256/256 253/253/253
f 253/253/253 257/257/257 258/258/258
f 258/258/258 254/254/254 253/253/253
f 255/255/255 254/254/254 259/259/259
f 259/259/259 260/260/260 255/255/255
f 258/258/258 261/261/261 259/259/259
f 259/259/259 254/254/254 258/258/258
f 262/262/262 263/263/263 264/264/264
f 264/264/264 265/265/265 262/262/262
f 266/266/266 267/267/267 262/262/262
f 262/262/262 265/265/265 266/266/266
f 265/265/265 264/264/264 268/268/268
f 268/268/268 269/269/269 265/265/265
f 266/266/266 265/265/265 269/269/269
f 269/269/269 270/270/270 266/266/266
f 271/271/271 272/272/272 273/273/273
f 273/273/273 274/274/274 271/271/271
f 275/275/275 274/274/274 273/273/273
f 273/273/273 276/276/276 275/275/275
f 277/277/277 278/278/278 271/271/271
f 271/271/271 274/274/274 277/277/277
f 277/277/277 274/274/274 275/275/275
f 275/275/275 279/279/279 277/277/277
f 280/280/280 281/281/281 282/282/282
f 282/282/282 283/283/283 280/280/280
f 284/284/284 283/283/283 282/282/282
f 282/282/282 285/285/285 284/284/284
f 286/286/286 280/280/280 283/283/283
f 283/283/283 287/287/287 286/286/286
f 288/288/288 287/287/287 283/283/283
f 283/283/283 284/284/284 288/288/288
f 289/289/289 290/290/290 291/291/291
f 291/291/291 292/292/292 289/289/289
f 293/293/293 292/292/292 291/291/291
f 291/291/291 294/294/294 293/293/293
f 295/295/295 296/296/296 289/289/289
f 289/289/289 292/292/292 295/295/295
f 295/295/295 292/292/292 293/293/293
f 293/293/293 297/297/297 295/295/295
f 298/298/298 299/299/299 300/300/300
f 300/300/300 301/301/301 298/298/298
f 298/298/298 301/301/301 302/302/302
f 302/302/302 303/303/303 298/298/298
f 304/304/304 305/305/305 299/299/299
f 299/299/299 298/298/298 304/304/304
f 306/306/306 304/304/304 298/298/298
f 298/298/298 303/303/303 306/306/306
f 307/307/307 308/308/308 309/309/309
f 309/309/309 310/310/310 307/307/307
f 311/311/311 312/312/312 308/308/308
f 308/308/308 307/307/307 311/311/311
f 309/309/309 308/308/308 313/313/313
f 313/313/313 314/314/314 309/309/309
f 308/308/308 312/312/312 315/315/315
f 315/315/315 313/313/313 308/308/308
f 316/316/316 317/317/317 318/318/318
f 318/318/318 319/319/319 316/316/316
f 320/320/320 321/321/321 317/317/317
f 317/317/317 316/316/316 320/320/320
f 318/318/318 317/317/317 322/322/322
f 322/322/322 323/323/323 318/318/318
f 321/321/321 324/324/324 322/322/322
f 322/322/322 317/317/317 321/321/321
f 325/325/325 326/326/326 327/327/327
f 327/327/327 328/328/328 325/325/325
f 329/329/329 328/328/328 327/327/327
f 327/327/327 330/330/330 329/329/329
f 331/331/331 332/332/332 325/325/325
f 325/325/325 328/328/328 331/331/331
f 331/331/331 328/328/328 329/329/329
f 329/329/329 333/333/333 331/331/331
f 334/334/334 335/335/335 336/336/336
f 336/336/336 337/337/337 334/334/334
f 338/338/338 337/337/337 336/336/336
f 336/336/336 339/339/339 338/338/338
f 340/340/340 341/341/341 334/334/334
f 334/334/334 337/337/337 340/340/340
f 340/340/340 337/337/337 338/338/338
f 338/338/338 342/342/342 340/340/340
f 343/343/343 344/344/344 345/345/345
f 345/345/345 346/346/346 343/343/343
f 347/347/347 346/346/346 345/345/345
f 345/345/345 348/348/348 347/347/347
f 349/349/349 350/350/350 343/343/343
f 343/343/343 346/346/346 349/349/349
f 349/349/349 346/346/346 347/347/347
f 347/347/347 351/351/351 349/349/349
f 352/352/352 353/353/353 354/354/354
f 354/354/354 355/355/355 352/352/352
f 356/356/356 355/355/355 354/354/354
f 354/354/354 357/357/357 356/356/356
f 358/358/358 359/359/359 352/352/352
f 352/352/352 355/355/355 358/358/358
f 358/358/358 355/355/355 356/356/356
f 356/356/356 360/360/360 358/358/358
f 361/361/361 362/362/362 363/363/363
f 363/363/363 364/364/364 361/361/361
f 365/365/365 364/364/364 363/363/363
f 363/363/363 366/366/366 365/365/365
f 367/367/367 368/368/368 361/361/361
f 361/361/361 364/364/364 367/367/367
f 367/367/367 364/364/364 365/365/365
f 365/365/365 369/369/369 367/367/367
f 370/370/370 371/371/371 372/372/372
f 372/372/372 373/373/373 370/370/370
f 374/374/374 373/373/373 372/372/372
f 372/372/372 375/375/375 374/374/374
f 376/376/376 377/377/377 370/370/370
f 370/370/370 373/373/373 376/376/376
f 376/376/376 373/373/373 374/374/374
f 374/374/374 378/378/378 376/376/376
f 379/379/379 380/380/380 381/381/381
f 381/381/381 382/382/382 379/379/379
f 382/382/382 381/381/381 383/383/383
f 383/383/383 384/384/384 382/382/382
f 385/385/385 386/386/386 379/379/379
f 379/379/379 382/382/382 385/385/385
f 387/387/387 385/385/385 382/382/382
f 382/382/382 384/384/384 387/387/387
f 388/388/388 389/389/389 390/390/390
f 390/390/390 391/391/391 388/388/388
f 391/391/391 390/390/390 392/392/392
f 392/392/392 393/393/393 391/391/391
f 388/388/388 391/391/391 394/394/394
f 394/394/394 395/395/395 388/388/388
f 391/391/391 393/393/393 396/396/396
f 396/396/396 394/394/394 391/391/391
f 397/397/397 398/398/398 399/399/399
f 399/399/399 400/400/400 397/397/397
f 400/400/400 399/399/399 401/401/401
f 401/401/401 402/402/402 400/400/400
f 397/397/397 400/400/400 403/403/403
f 403/403/403 404/404/404 397/397/397
f 400/400/400 402/402/402 405/405/405
f 405/405/405 403/403/403 400/400/400
f 406/406/406 407/407/407 408/408/408
f 408/408/408 409/409/409 406/406/406
f 409/409/409 408/408/408 410/410/410
f 410/410/410 411/411/411 409/409/409
f 406/406/406 409/409/409 412/412/412
f 412/412/412 413/413/413 406/406/406
f 409/409/409 411/411/411 414/414/414
f 414/414/414 412/412/412 409/409/409
f 415/415/415 416/416/416 417/417/417
f 417/417/417 418/418/418 415/415/415
f 418/418/418 417/417/417 419/419/419
f 419/419/419 420/420/420 418/418/418
f 415/415/415 418/418/418 421/421/421
f 421/421/421 422/422/422 415/415/415
f 418/418/418 420/420/420 423/423/423
f 423/423/423 421/421/421 418/418/418
f 424/424/424 425/425/425 426/426/426
f 426/426/426 427/427/427 424/424/424
f 427/427/427 426/426/426 428/428/428
f 428/428/428 429/429/429 427/427/427
f 424/424/424 427/427/427 430/430/430
f 430/430/430 431/431/431 424/424/424
f 427/427/427 429/429/429 432/432/432
f 432/432/432 430/430/430 427/427/427
f 433/433/433 434/434/434 435/435/435
f 435/435/435 436/436/436 433/433/433
f 437/437/437 438/438/438 434/434/434
f 434/434/434 433/433/433 437/437/437
f 435/435/435 434/434/434 439/439/439
f 439/439/439 440/440/440 435/435/435
f 438/438/438 441/441/441 439/439/439
f 439/439/439 434/434/434 438/438/438
f 442/442/442 443/443/443 444/444/444
f 444/444/444 445/445/445 442/442/442
f 446/446/446 445/445/445 444/444/444
f 444/444/444 447/447/447 446/446/446
f 448/448/448 449/449/449 442/442/442
f 442/442/442 445/445/445 448/448/448
f 448/448/448 445/445/445 446/446/446
f 446/446/446 450/450/450 448/448/448
f 451/451/451 452/452/452 453/453/453
f 453/453/453 454/454/454 451/451/451
f 454/454/454 453/453/453 455/455/455
f 455/455/455 456/456/456 454/454/454
f 457/457/457 458/458/458 451/451/451
f 451/451/451 454/454/454 457/457/457
f 457/457/457 454/454/454 456/456/456
f 456/456/456 459/459/459 457/457/457
f 460/460/460 461/461/461 462/462/462
f 462/462/462 463/463/463 460/460/460
f 464/464/464 463/463/463 462/462/462
f 462/462/462 465/465/465 464/464/464
f 466/466/466 467/467/467 460/460/460
f 460/460/460 463/463/463 466/466/466
f 466/466/466 463/463/463 464/464/464
f 464/464/464 468/468/468 466/466/466
f 469/469/469 470/470/470 471/471/471
f 471/471/471 472/472/472 469/469/469
f 469/469/469 473/473/473 474/474/474
f 474/474/474 470/470/470 469/469/469
f 471/471/471 470/470/470 475/475/475
f 475/475/475 476/476/476 471/471/471
f 474/474/474 477/477/477 475/475/475
f 475/475/475 470/470/470 474/474/474
f 478/478/478 479/479/479 480/480/480
f 480/480/480 481/481/481 478/478/478
f 479/479/479 478/478/478 482/482/482
f 482/482/482 483/483/483 479/479/479
f 482/482/482 484/484/484 483/483/483
f 485/485/485 486/486/486 487/487/487
f 487/487/487 488/488/488 485/485/485
f 489/489/489 490/490/490 488/488/488
f 488/488/488 487/487/487 489/489/489
f 489/489/489 491/491/491 492/492/492
f 492/492/492 490/490/490 489/489/489
f 493/493/493 494/494/494 492/492/492
f 492/492/492 491/491/491 493/493/493
f 495/495/495 496/496/496 497/497/497
f 497/497/497 498/498/498 495/495/495
f 499/499/499 500/500/500 501/501/501
f 501/501/501 502/502/502 499/499/499
f 502/502/502 501/501/501 496/496/496
f 496/496/496 495/495/495 502/502/502
f 499/499/499 503/503/503 504/504/504
f 504/504/504 500/500/500 499/499/499
f 505/505/505 506/506/506 507/507/507
f 507/507/507 508/508/508 505/505/505
f 509/509/509 510/510/510 511/511/511
f 511/511/511 512/512/512 509/509/509
f 513/513/513 514/514/514 515/515/515
f 511/511/511 515/515/515 514/514/514
f 514/514/514 512/512/512 511/511/511
f 506/506/506 510/510/510 509/509/509
f 509/509/509 507/507/507 506/506/506
f 516/516/516 517/517/517 518/518/518
f 518/518/518 519/519/519 516/516/516
f 520/520/520 521/521/521 522/522/522
f 522/522/522 523/523/523 520/520/520
f 521/521/521 520/520/520 524/524/524
f 519/519/519 518/518/518 523/523/523
f 523/523/523 522/522/522 519/519/519
f 525/525/525 526/526/526 527/527/527
f 527/527/527 528/528/528 525/525/525
f 526/526/526 529/529/529 530/530/530
f 526/526/526 531/531/531 529/529/529
f 529/529/529 532/532/532 530/530/530
f 526/526/526 530/530/530 527/527/527
f 526/526/526 533/533/533 531/531/531
f 534/534/534 535/535/535 536/536/536
f 536/536/536 537/537/537 534/534/534
f 538/538/538 539/539/539 535/535/535
f 535/535/535 534/534/534 538/538/538
f 536/536/536 535/535/535 540/540/540
f 540/540/540 541/541/541 536/536/536
f 535/535/535 539/539/539 542/542/542
f 542/542/542 540/540/540 535/535/535
f 543/543/543 544/544/544 545/545/545
f 545/545/545 546/546/546 543/543/543
f 547/547/547 546/546/546 545/545/545
f 545/545/545 548/548/548 547/547/547
f 549/549/549 543/543/543 546/546/546
f 546/546/546 550/550/550 549/549/549
f 551/551/551 550/550/550 546/546/546
f 546/546/546 547/547/547 551/551/551
f 552/552/552 553/553/553 554/554/554
f 554/554/554 555/555/555 552/552/552
f 556/556/556 555/555/555 554/554/554
f 554/554/554 557/557/557 556/556/556
f 558/558/558 559/559/559 552/552/552
f 552/552/552 555/555/555 558/558/558
f 558/558/558 555/555/555 556/556/556
f 556/556/556 560/560/560 558/558/558
f 561/561/561 562/562/562 563/563/563
f 563/563/563 564/564/564 561/561/561
f 565/565/565 564/564/564 563/563/563
f 563/563/563 566/566/566 565/565/565
f 567/567/567 568/568/568 561/561/561
f 561/561/561 564/564/564 567/567/567
f 567/567/567 564/564/564 565/565/565
f 565/565/565 569/569/569 567/567/567
f 570/570/570 571/571/571 572/572/572
f 572/572/572 573/573/573 570/570/570
f 570/570/570 573/573/573 574/574/574
f 574/574/574 575/575/575 570/570/570
f 576/576/576 577/577/577 571/571/571
f 571/571/571 570/570/570 576/576/576
f 578/578/578 576/576/576 570/570/570
f 570/570/570 575/575/575 578/578/578
f 579/579/579 580/580/580 581/581/581
f 581/581/581 582/582/582 579/579/579
f 583/583/583 584/584/584 580/580/580
f 580/580/580 579/579/579 583/583/583
f 581/581/581 580/580/580 585/585/585
f 585/585/585 586/586/586 581/581/581
f 584/584/584 587/587/587 585/585/585
f 585/585/585 580/580/580 584/584/584
f 588/588/588 589/589/589 590/590/590
f 590/590/590 591/591/591 588/588/588
f 592/592/592 591/591/591 590/590/590
f 590/590/590 593/593/593 592/592/592
f 594/594/594 595/595/595 588/588/588
f 588/588/588 591/591/591 594/594/594
f 596/596/596 594/594/594 591/591/591
f 591/591/591 592/592/592 596/596/596
f 597/597/597 598/598/598 599/599/599
f 599/599/599 600/600/600 597/597/597
f 601/601/601 600/600/600 599/599/599
f 599/599/599 602/602/602 601/601/601
f 603/603/603 604/604/604 597/597/597
f 597/597/597 600/600/600 603/603/603
f 603/603/603 600/600/600 601/601/601
f 601/601/601 605/605/605 603/603/603
f 606/606/606 607/607/607 608/608/608
f 608/608/608 609/609/609 606/606/606
f 607/607/607 610/610/610 611/611/611
f 611/611/611 608/608/608 607/607/607
f 609/609/609 608/608/608 612/612/612
f 612/612/612 613/613/613 609/609/609
f 608/608/608 611/611/611 614/614/614
f 614/614/614 612/612/612 608/608/608
f 615/615/615 616/616/616 617/617/617
f 617/617/617 618/618/618 615/615/615
f 619/619/619 618/618/618 617/617/617
f 617/617/617 620/620/620 619/619/619
f 621/621/621 622/622/622 615/615/615
f 615/615/615 618/618/618 621/621/621
f 621/621/621 618/618/618 619/619/619
f 619/619/619 623/623/623 621/621/621
f 624/624/624 625/625/625 626/626/626
f 626/626/626 627/627/627 624/624/624
f 628/628/628 627/627/627 626/626/626
f 626/626/626 629/629/629 628/628/628
f 630/630/630 631/631/631 624/624/624
f 624/624/624 627/627/627 630/630/630
f 630/630/630 627/627/627 628/628/628
f 628/628/628 632/632/632 630/630/630
f 633/633/633 634/634/634 635/635/635
f 635/635/635 636/636/636 633/633/633
f 637/637/637 636/636/636 635/635/635
f 635/635/635 638/638/638 637/637/637
f 639/639/639 640/640/640 633/633/633
f 633/633/633 636/636/636 639/639/639
f 639/639/639 636/636/636 637/637/637
f 637/637/637 641/641/641 639/639/639
f 642/642/642 643/643/643 644/644/644
f 644/644/644 645/645/645 642/642/642
f 646/646/646 645/645/645 644/644/644
f 644/644/644 647/647/647 646/646/646
f 648/648/648 649/649/649 642/642/642
f 642/642/642 645/645/645 648/648/648
f 648/648/648 645/645/645 646/646/646
f 646/646/646 650/650/650 648/648/648
f 651/651/651 652/652/652 653/653/653
f 653/653/653 654/654/654 651/651/651
f 655/655/655 654/654/654 653/653/653
f 653/653/653 656/656/656 655/655/655
f 657/657/657 658/658/658 651/651/651
f 651/651/651 654/654/654 657/657/657
f 659/659/659 657/657/657 654/654/654
f 654/654/654 655/655/655 659/659/659
f 660/660/660 661/661/661 662/662/662
f 662/662/662 663/663/663 660/660/660
f 660/660/660 664/664/664 665/665/665
f 665/665/665 661/661/661 660/660/660
f 662/662/662 661/661/661 666/666/666
f 666/666/666 667/667/667 662/662/662
f 665/665/665 668/668/668 666/666/666
f 666/666/666 661/661/661 665/665/665
f 669/669/669 670/670/670 671/671/671
f 671/671/671 672/672/672 669/669/669
f 673/673/673 672/672/672 671/671/671
f 671/671/671 674/674/674 673/673/673
f 675/675/675 676/676/676 669/669/669
f 669/669/669 672/672/672 675/675/675
f 675/675/675 672/672/672 673/673/673
f 673/673/673 677/677/677 675/675/675
f 678/678/678 679/679/679 680/680/680
f 680/680/680 681/681/681 678/678/678
f 678/678/678 682/682/682 683/683/683
f 683/683/683 679/679/679 678/678/678
f 680/680/680 679/679/679 684/684/684
f 684/684/684 685/685/685 680/680/680
f 683/683/683 686/686/686 684/684/684
f 684/684/684 679/679/679 683/683/683
f 687/687/687 688/688/688 689/689/689
f 689/689/689 690/690/690 687/687/687
f 691/691/691 690/690/690 689/689/689
f 689/689/689 692/692/692 691/691/691
f 693/693/693 694/694/694 687/687/687
f 687/687/687 690/690/690 693/693/693
f 693/693/693 690/690/690 691/691/691
f 691/691/691 695/695/695 693/693/693
f 696/696/696 697/697/697 698/698/698
f 698/698/698 699/699/699 696/696/696
f 697/697/697 700/700/700 701/701/701
f 701/701/701 698/698/698 697/697/697
f 696/696/696 702/702/702 703/703/703
f 703/703/703 697/697/697 696/696/696
f 697/697/697 703/703/703 704/704/704
f 704/704/704 700/700/700 697/697/697
f 705/705/705 706/706/706 707/707/707
f 707/707/707 708/708/708 705/705/705
f 709/709/709 708/708/708 707/707/707
f 707/707/707 710/710/710 709/709/709
f 711/711/711 712/712/712 705/705/705
f 705/705/705 708/708/708 711/711/711
f 711/711/711 708/708/708 709/709/709
f 709/709/709 713/713/713 711/711/711
f 714/714/714 715/715/715 716/716/716
f 716/716/716 717/717/717 714/714/714
f 718/718/718 717/717/717 716/716/716
f 716/716/716 719/719/719 718/718/718
f 720/720/720 721/721/721 714/714/714
f 714/714/714 717/717/717 720/720/720
f 720/720/720 717/717/717 718/718/718
f 718/718/718 722/722/722 720/720/720
f 723/723/723 724/724/724 725/725/725
f 725/725/725 726/726/726 723/723/723
f 727/727/727 726/726/726 725/725/725
f 725/725/725 728/728/728 727/727/727
f 729/729/729 730/730/730 723/723/723
f 723/723/723 726/726/726 729/729/729
f 729/729/729 726/726/726 727/727/727
f 727/727/727 731/731/731 729/729/729
f 732/732/732 733/733/733 734/734/734
f 734/734/734 735/735/735 732/732/732
f 736/736/736 737/737/737 733/733/733
f 733/733/733 732/732/732 736/736/736
f 734/734/734 733/733/733 738/738/738
f 738/738/738 739/739/739 734/734/734
f 737/737/737 740/740/740 738/738/738
f 738/738/738 733/733/733 737/737/737
f 741/741/741 742/742/742 743/743/743
f 743/743/743 744/744/744 741/741/741
f 745/745/745 744/744/744 743/743/743
f 743/743/743 746/746/746 745/745/745
f 747/747/747 748/748/748 741/741/741
f 741/741/741 744/744/744 747/747/747
f 747/747/747 744/744/744 745/745/745
f 745/745/745 749/749/749 747/747/747
f 750/750/750 751/751/751 752/752/752
f 752/752/752 753/753/753 750/750/750
f 751/751/751 754/754/754 755/755/755
f 755/755/755 752/752/752 751/751/751
f 753/753/753 752/752/752 756/756/756
f 756/756/756 757/757/757 753/753/753
f 752/752/752 755/755/755 758/758/758
f 758/758/758 756/756/756 752/752/752
f 759/759/759 760/760/760 761/761/761
f 761/761/761 762/762/762 759/759/759
f 763/763/763 764/764/764 760/760/760
f 760/760/760 759/759/759 763/763/763
f 761/761/761 760/760/760 765/765/765
f 765/765/765 766/766/766 761/761/761
f 760/760/760 764/764/764 767/767/767
f 767/767/767 765/765/765 760/760/760
f 768/768/768 769/769/769 770/770/770
f 770/770/770 771/771/771 768/768/768
f 768/768/768 772/772/772 773/773/773
f 773/773/773 769/769/769 768/768/768
f 770/770/770 769/769/769 774/774/774
f 774/774/774 775/775/775 770/770/770
f 769/769/769 773/773/773 776/776/776
f 776/776/776 774/774/774 769/769/769
f 777/777/777 778/778/778 779/779/779
f 779/779/779 780/780/780 777/777/777
f 777/777/777 780/780/780 781/781/781
f 781/781/781 782/782/782 777/777/777
f 783/783/783 784/784/784 778/778/778
f 778/778/778 777/777/777 783/783/783
f 785/785/785 783/783/783 777/777/777
f 777/777/777 782/782/782 785/785/785
f 786/786/786 787/787/787 788/788/788
f 788/788/788 789/789/789 786/786/786
f 786/786/786 790/790/790 791/791/791
f 791/791/791 787/787/787 786/786/786
f 788/788/788 787/787/787 792/792/792
f 792/792/792 793/793/793 788/788/788
f 791/791/791 794/794/794 792/792/792
f 792/792/792 787/787/787 791/791/791
f 795/795/795 796/796/796 797/797/797
f 797/797/797 798/798/798 795/795/795
f 799/799/799 800/800/800 795/795/795
f 795/795/795 798/798/798 799/799/799
f 798/798/798 797/797/797 801/801/801
f 801/801/801 802/802/802 798/798/798
f 799/799/799 798/798/798 802/802/802
f 802/802/802 803/803/803 799/799/799
f 804/804/804 805/805/805 806/806/806
f 806/806/806 807/807/807 804/804/804
f 808/808/808 807/807/807 806/806/806
f 806/806/806 809/809/809 808/808/808
f 810/810/810 811/811/811 804/804/804
f 804/804/804 807/807/807 810/810/810
f 810/810/810 807/807/807 808/808/808
f 808/808/808 812/812/812 810/810/810
f 813/813/813 814/814/814 815/815/815
f 815/815/815 816/816/816 813/813/813
f 817/817/817 816/816/816 815/815/815
f 815/815/815 818/818/818 817/817/817
f 819/819/819 813/813/813 816/816/816
f 816/816/816 820/820/820 819/819/819
f 821/821/821 820/820/820 816/816/816
f 816/816/816 817/817/817 821/821/821
f 822/822/822 823/823/823 824/824/824
f 824/824/824 825/825/825 822/822/822
f 826/826/826 825/825/825 824/824/824
f 824/824/824 827/827/827 826/826/826
f 828/828/828 829/829/829 822/822/822
f 822/822/822 825/825/825 828/828/828
f 828/828/828 825/825/825 826/826/826
f 826/826/826 830/830/830 828/828/828
f 831/831/831 832/832/832 833/833/833
f 833/833/833 834/834/834 831/831/831
f 831/831/831 834/834/834 835/835/835
f 835/835/835 836/836/836 831/831/831
f 837/837/837 838/838/838 832/832/832
f 832/832/832 831/831/831 837/837/837
f 839/839/839 837/837/837 831/831/831
f 831/831/831 836/836/836 839/839/839
f 840/840/840 841/841/841 842/842/842
f 842/842/842 843/843/843 840/840/840
f 844/844/844 845/845/845 841/841/841
f 841/841/841 840/840/840 844/844/844
f 842/842/842 841/841/841 846/846/846
f 846/846/846 847/847/847 842/842/842
f 841/841/841 845/845/845 848/848/848
f 848/848/848 846/846/846 841/841/841
f 849/849/849 850/850/850 851/851/851
f 851/851/851 852/852/852 849/849/849
f 853/853/853 854/854/854 850/850/850
f 850/850/850 849/849/849 853/853/853
f 851/851/851 850/850/850 855/855/855
f 855/855/855 856/856/856 851/851/851
f 854/854/854 857/857/857 855/855/855
f 855/855/855 850/850/850 854/854/854
f 858/858/858 859/859/859 860/860/860
f 860/860/860 861/861/861 858/858/858
f 862/862/862 861/861/861 860/860/860
f 860/860/860 863/863/863 862/862/862
f 864/864/864 865/865/865 858/858/858
f 858/858/858 861/861/861 864/864/864
f 864/864/864 861/861/861 862/862/862
f 862/862/862 866/866/866 864/864/864
f 867/867/867 868/868/868 869/869/869
f 869/869/869 870/870/870 867/867/867
f 871/871/871 870/870/870 869/869/869
f 869/869/869 872/872/872 871/871/871
f 873/873/873 874/874/874 867/867/867
f 867/867/867 870/870/870 873/873/873
f 873/873/873 870/870/870 871/871/871
f 871/871/871 875/875/875 873/873/873
f 876/876/876 877/877/877 878/878/878
f 878/878/878 879/879/879 876/876/876
f 880/880/880 879/879/879 878/878/878
f 878/878/878 881/881/881 880/880/880
f 882/882/882 883/883/883 876/876/876
f 876/876/876 879/879/879 882/882/882
f 882/882/882 879/879/879 880/880/880
f 880/880/880 884/884/884 882/882/882
f 885/885/885 886/886/886 887/887/887
f 887/887/887 888/888/888 885/885/885
f 889/889/889 888/888/888 887/887/887
f 887/887/887 890/890/890 889/889/889
f 891/891/891 892/892/892 885/885/885
f 885/885/885 888/888/888 891/891/891
f 891/891/891 888/888/888 889/889/889
f 889/889/889 893/893/893 891/891/891
f 894/894/894 895/895/895 896/896/896
f 896/896/896 897/897/897 894/894/894
f 898/898/898 897/897/897 896/896/896
f 896/896/896 899/899/899 898/898/898
f 900/900/900 901/901/901 894/894/894
f 894/894/894 897/897/897 900/900/900
f 900/900/900 897/897/897 898/898/898
f 898/898/898 902/902/902 900/900/900
f 903/903/903 904/904/904 905/905/905
f 905/905/905 906/906/906 903/903/903
f 907/907/907 906/906/906 905/905/905
f 905/905/905 908/908/908 907/907/907
f 909/909/909 910/910/910 903/903/903
f 903/903/903 906/906/906 909/909/909
f 909/909/909 906/906/906 907/907/907
f 907/907/907 911/911/911 909/909/909
f 912/912/912 913/913/913 914/914/914
f 914/914/914 915/915/915 912/912/912
f 915/915/915 914/914/914 916/916/916
f 916/916/916 917/917/917 915/915/915
f 918/918/918 919/919/919 912/912/912
f 912/912/912 915/915/915 918/918/918
f 920/920/920 918/918/918 915/915/915
f 915/915/915 917/917/917 920/920/920
f 921/921/921 922/922/922 923/923/923
f 923/923/923 924/924/924 921/921/921
f 924/924/924 923/923/923 925/925/925
f 925/925/925 926/926/926 924/924/924
f 921/921/921 924/924/924 927/927/927
f 927/927/927 928/928/928 921/921/921
f 924/924/924 926/926/926 929/929/929
f 929/929/929 927/927/927 924/924/924
f 930/930/930 931/931/931 932/932/932
f 932/932/932 933/933/933 930/930/930
f 933/933/933 932/932/932 934/934/934
f 934/934/934 935/935/935 933/933/933
f 930/930/930 933/933/933 936/936/936
f 936/936/936 937/937/937 930/930/930
f 933/933/933 935/935/935 938/938/938
f 938/938/938 936/936/936 933/933/933
f 939/939/939 940/940/940 941/941/941
f 941/941/941 942/942/942 939/939/939
f 942/942/942 941/941/941 943/943/943
f 943/943/943 944/944/944 942/942/942
f 939/939/939 942/942/942 945/945/945
f 945/945/945 946/946/946 939/939/939
f 942/942/942 944/944/944 947/947/947
f 947/947/947 945/945/945 942/942/942
f 948/948/948 949/949/949 950/950/950
f 950/950/950 951/951/951 948/948/948
f 951/951/951 950/950/950 952/952/952
f 952/952/952 953/953/953 951/951/951
f 948/948/948 951/951/951 954/954/954
f 954/954/954 955/955/955 948/948/948
f 951/951/951 953/953/953 956/956/956
f 956/956/956 954/954/954 951/951/951
f 957/957/957 958/958/958 959/959/959
f 959/959/959 960/960/960 957/957/957
f 960/960/960 959/959/959 961/961/961
f 961/961/961 962/962/962 960/960/960
f 957/957/957 960/960/960 963/963/963
f 963/963/963 964/964/964 957/957/957
f 960/960/960 962/962/962 965/965/965
f 965/965/965 963/963/963 960/960/960
f 966/966/966 967/967/967 968/968/968
f 968/968/968 969/969/969 966/966/966
f 970/970/970 971/971/971 967/967/967
f 967/967/967 966/966/966 970/970/970
f 968/968/968 967/967/967 972/972/972
f 972/972/972 973/973/973 968/968/968
f 971/971/971 974/974/974 972/972/972
f 972/972/972 967/967/967 971/971/971
f 975/975/975 976/976/976 977/977/977
f 977/977/977 978/978/978 975/975/975
f 979/979/979 978/978/978 977/977/977
f 977/977/977 980/980/980 979/979/979
f 981/981/981 982/982/982 975/975/975
f 975/975/975 978/978/978 981/981/981
f 981/981/981 978/978/978 979/979/979
f 979/979/979 983/983/983 981/981/981
f 984/984/984 985/985/985 986/986/986
f 986/986/986 987/987/987 984/984/984
f 987/987/987 986/986/986 988/988/988
f 988/988/988 989/989/989 987/987/987
f 990/990/990 991/991/991 984/984/984
f 984/984/984 987/987/987 990/990/990
f 990/990/990 987/987/987 989/989/989
f 989/989/989 992/992/992 990/990/990
f 993/993/993 994/994/994 995/995/995
f 995/995/995 996/996/996 993/993/993
f 997/997/997 996/996/996 995/995/995
f 995/995/995 998/998/998 997/997/997
f 999/999/999 1000/1000/1000 993/993/993
f 993/993/993 996/996/996 999/999/999
f 999/999/999 996/996/996 997/997/997
f 997/997/997 1001/1001/1001 999/999/999
f 1002/1002/1002 1003/1003/1003 1004/1004/1004
f 1004/1004/1004 1005/1005/1005 1002/1002/1002
f 1002/1002/1002 1006/1006/1006 1007/1007/1007
f 1007/1007/1007 1003/1003/1003 1002/1002/1002
f 1004/1004/1004 1003/1003/1003 1008/1008/1008
f 1008/1008/1008 1009/1009/1009 1004/1004/1004
f 1007/1007/1007 1010/1010/1010 1008/1008/1008
f 1008/1008/1008 1003/1003/1003 1007/1007/1007
f 1011/1011/1011 1012/1012/1012 1013/1013/1013
f 1013/1013/1013 1014/1014/1014 1011/1011/1011
f 1012/1012/1012 1011/1011/1011 1015/1015/1015
f 1015/1015/1015 1016/1016/1016 1012/1012/1012
f 1015/1015/1015 1017/1017/1017 1016/1016/1016
f 1018/1018/1018 1019/1019/1019 1020/1020/1020
f 1020/1020/1020 1021/1021/1021 1018/1018/1018
f 1022/1022/1022 1023/1023/1023 1021/1021/1021
f 1021/1021/1021 1020/1020/1020 1022/1022/1022
f 1022/1022/1022 1024/1024/1024 1025/1025/1025
f 1025/1025/1025 1023/1023/1023 1022/1022/1022
f 1026/1026/1026 1027/1027/1027 1025/1025/1025
f 1025/1025/1025 1024/1024/1024 1026/1026/1026
f 1028/1028/1028 1029/1029/1029 1030/1030/1030
f 1030/1030/1030 1031/1031/1031 1028/1028/1028
f 1032/1032/1032 1033/1033/1033 1034/1034/1034
f 1034/1034/1034 1035/1035/1035 1032/1032/1032
f 1035/1035/1035 1034/1034/1034 1029/1029/1029
f 1029/1029/1029 1028/1028/1028 1035/1035/1035
f 1032/1032/1032 1036/1036/1036 1037/1037/1037
f 1037/1037/1037 1033/1033/1033 1032/1032/1032
f 1038/1038/1038 1039/1039/1039 1040/1040/1040
f 1040/1040/1040 1041/1041/1041 1038/1038/1038
f 1042/1042/1042 1043/1043/1043 1044/1044/1044
f 1044/1044/1044 1045/1045/1045 1042/1042/1042
f 1046/1046/1046 1047/1047/1047 1048/1048/1048
f 1044/1044/1044 1048/1048/1048 1047/1047/1047
f 1047/1047/1047 1045/1045/1045 1044/1044/1044
f 1039/1039/1039 1043/1043/1043 1042/1042/1042
f 1042/1042/1042 1040/1040/1040 1039/1039/1039
f 1049/1049/1049 1050/1050/1050 1051/1051/1051
f 1051/1051/1051 1052/1052/1052 1049/1049/1049
f 1053/1053/1053 1054/1054/1054 1055/1055/1055
f 1055/1055/1055 1056/1056/1056 1053/1053/1053
f 1054/1054/1054 1053/1053/1053 1057/1057/1057
f 1052/1052/1052 1051/1051/1051 1056/1056/1056
f 1056/1056/1056 1055/1055/1055 1052/1052/1052
f 1058/1058/1058 1059/1059/1059 1060/1060/1060
f 1060/1060/1060 1061/1061/1061 1058/1058/1058
f 1059/1059/1059 1062/1062/1062 1063/1063/1063
f 1059/1059/1059 1064/1064/1064 1062/1062/1062
f 1062/1062/1062 1065/1065/1065 1063/1063/1063
f 1059/1059/1059 1063/1063/1063 1060/1060/1060
f 1059/1059/1059 1066/1066/1066 1064/1064/1064
f 1067/1067/1067 1068/1068/1068 1069/1069/1069
f 1069/1069/1069 1070/1070/1070 1067/1067/1067
f 1071/1071/1071 1072/1072/1072 1068/1068/1068
f 1068/1068/1068 1067/1067/1067 1071/1071/1071
f 1069/1069/1069 1068/1068/1068 1073/1073/1073
f 1073/1073/1073 1074/1074/1074 1069/1069/1069
f 1068/1068/1068 1072/1072/1072 1075/1075/1075
f 1075/1075/1075 1073/1073/1073 1068/1068/1068
f 1076/1076/1076 1077/1077/1077 1078/1078/1078
f 1078/1078/1078 1079/1079/1079 1076/1076/1076
f 1080/1080/1080 1079/1079/1079 1078/1078/1078
f 1078/1078/1078 1081/1081/1081 1080/1080/1080
f 1082/1082/1082 1076/1076/1076 1079/1079/1079
f 1079/1079/1079 1083/1083/1083 1082/1082/1082
f 1084/1084/1084 1083/1083/1083 1079/1079/1079
f 1079/1079/1079 1080/1080/1080 1084/1084/1084
f 1085/1085/1085 1086/1086/1086 1087/1087/1087
f 1087/1087/1087 1088/1088/1088 1085/1085/1085
f 1089/1089/1089 1088/1088/1088 1087/1087/1087
f 1087/1087/1087 1090/1090/1090 1089/1089/1089
f 1091/1091/1091 1092/1092/1092 1085/1085/1085
f 1085/1085/1085 1088/1088/1088 1091/1091/1091
f 1091/1091/1091 1088/1088/1088 1089/1089/1089
f 1089/1089/1089 1093/1093/1093 1091/1091/1091
f 1094/1094/1094 1095/1095/1095 1096/1096/1096
f 1096/1096/1096 1097/1097/1097 1094/1094/1094
f 1098/1098/1098 1097/1097/1097 1096/1096/1096
f 1096/1096/1096 1099/1099/1099 1098/1098/1098
f 1100/1100/1100 1101/1101/1101 1094/1094/1094
f 1094/1094/1094 1097/1097/1097 1100/1100/1100
f 1100/1100/1100 1097/1097/1097 1098/1098/1098
f 1098/1098/1098 1102/1102/1102 1100/1100/1100
f 1103/1103/1103 1104/1104/1104 1105/1105/1105
f 1105/1105/1105 1106/1106/1106 1103/1103/1103
f 1103/1103/1103 1106/1106/1106 1107/1107/1107
f 1107/1107/1107 1108/1108/1108 1103/1103/1103
f 1109/1109/1109 1110/1110/1110 1104/1104/1104
f 1104/1104/1104 1103/1103/1103 1109/1109/1109
f 1111/1111/1111 1109/1109/1109 1103/1103/1103
f 1103/1103/1103 1108/1108/1108 1111/1111/1111
f 1112/1112/1112 1113/1113/1113 1114/1114/1114
f 1114/1114/1114 1115/1115/1115 1112/1112/1112
f 1116/1116/1116 1117/1117/1117 1113/1113/1113
f 1113/1113/1113 1112/1112/1112 1116/1116/1116
f 1114/1114/1114 1113/1113/1113 1118/1118/1118
f 1118/1118/1118 1119/1119/1119 1114/1114/1114
f 1117/1117/1117 1120/1120/1120 1118/1118/1118
f 1118/1118/1118 1113/1113/1113 1117/1117/1117
f 1121/1121/1121 1122/1122/1122 1123/1123/1123
f 1123/1123/1123 1124/1124/1124 1121/1121/1121
f 1125/1125/1125 1124/1124/1124 1123/1123/1123
f 1123/1123/1123 1126/1126/1126 1125/1125/1125
f 1127/1127/1127 1128/1128/1128 1121/1121/1121
f 1121/1121/1121 1124/1124/1124 1127/1127/1127
f 1129/1129/1129 1127/1127/1127 1124/1124/1124
f 1124/1124/1124 1125/1125/1125 1129/1129/1129
f 1130/1130/1130 1131/1131/1131 1132/1132/1132
f 1132/1132/1132 1133/1133/1133 1130/1130/1130
f 1134/1134/1134 1133/1133/1133 1132/1132/1132
f 1132/1132/1132 1135/1135/1135 1134/1134/1134
f 1136/1136/1136 1137/1137/1137 1130/1130/1130
f 1130/1130/1130 1133/1133/1133 1136/1136/1136
f 1136/1136/1136 1133/1133/1133 1134/1134/1134
f 1134/1134/1134 1138/1138/1138 1136/1136/1136
f 1139/1139/1139 1140/1140/1140 1141/1141/1141
f 1141/1141/1141 1142/1142/1142 1139/1139/1139
f 1140/1140/1140 1143/1143/1143 1144/1144/1144
f 1144/1144/1144 1141/1141/1141 1140/1140/1140
f 1142/1142/1142 1141/1141/1141 1145/1145/1145
f 1145/1145/1145 1146/1146/1146 1142/1142/1142
f 1141/1141/1141 1144/1144/1144 1147/1147/1147
f 1147/1147/1147 1145/1145/1145 1141/1141/1141
f 1148/1148/1148 1149/1149/1149 1150/1150/1150
f 1150/1150/1150 1151/1151/1151 1148/1148/1148
f 1152/1152/1152 1151/1151/1151 1150/1150/1150
f 1150/1150/1150 1153/1153/1153 1152/1152/1152
f 1154/1154/1154 1155/1155/1155 1148/1148/1148
f 1148/1148/1148 1151/1151/1151 1154/1154/1154
f 1154/1154/1154 1151/1151/1151 1152/1152/1152
f 1152/1152/1152 1156/1156/1156 1154/1154/1154
f 1157/1157/1157 1158/1158/1158 1159/1159/1159
f 1159/1159/1159 1160/1160/1160 1157/1157/1157
f 1161/1161/1161 1160/1160/1160 1159/1159/1159
f 1159/1159/1159 1162/1162/1162 1161/1161/1161
f 1163/1163/1163 1164/1164/1164 1157/1157/1157
f 1157/1157/1157 1160/1160/1160 1163/1163/1163
f 1163/1163/1163 1160/1160/1160 1161/1161/1161
f 1161/1161/1161 1165/1165/1165 1163/1163/1163
f 1166/1166/1166 1167/1167/1167 1168/1168/1168
f 1168/1168/1168 1169/1169/1169 1166/1166/1166
f 1170/1170/1170 1169/1169/1169 1168/1168/1168
f 1168/1168/1168 1171/1171/1171 1170/1170/1170
f 1172/1172/1172 1173/1173/1173 1166/1166/1166
f 1166/1166/1166 1169/1169/1169 1172/1172/1172
f 1172/1172/1172 1169/1169/1169 1170/1170/1170
f 1170/1170/1170 1174/1174/1174 1172/1172/1172
f 1175/1175/1175 1176/1176/1176 1177/1177/1177
f 1177/1177/1177 1178/1178/1178 1175/1175/1175
f 1179/1179/1179 1178/1178/1178 1177/1177/1177
f 1177/1177/1177 1180/1180/1180 1179/1179/1179
f 1181/1181/1181 1182/1182/1182 1175/1175/1175
f 1175/1175/1175 1178/1178/1178 1181/1181/1181
f 1181/1181/1181 1178/1178/1178 1179/1179/1179
f 1179/1179/1179 1183/1183/1183 1181/1181/1181
f 1184/1184/1184 1185/1185/1185 1186/1186/1186
f 1186/1186/1186 1187/1187/1187 1184/1184/1184
f 1188/1188/1188 1187/1187/1187 1186/1186/1186
f 1186/1186/1186 1189/1189/1189 1188/1188/1188
f 1190/1190/1190 1191/1191/1191 1184/1184/1184
f 1184/1184/1184 1187/1187/1187 1190/1190/1190
f 1192/1192/1192 1190/1190/1190 1187/1187/1187
f 1187/1187/1187 1188/1188/1188 1192/1192/1192
f 1193/1193/1193 1194/1194/1194 1195/1195/1195
f 1195/1195/1195 1196/1196/1196 1193/1193/1193
f 1193/1193/1193 1197/1197/1197 1198/1198/1198
f 1198/1198/1198 1194/1194/1194 1193/1193/1193
f 1195/1195/1195 1194/1194/1194 1199/1199/1199
f 1199/1199/1199 1200/1200/1200 1195/1195/1195
f 1198/1198/1198 1201/1201/1201 1199/1199/1199
f 1199/1199/1199 1194/1194/1194 1198/1198/1198
f 1202/1202/1202 1203/1203/1203 1204/1204/1204
f 1204/1204/1204 1205/1205/1205 1202/1202/1202
f 1206/1206/1206 1205/1205/1205 1204/1204/1204
f 1204/1204/1204 1207/1207/1207 1206/1206/1206
f 1208/1208/1208 1209/1209/1209 1202/1202/1202
f 1202/1202/1202 1205/1205/1205 1208/1208/1208
f 1208/1208/1208 1205/1205/1205 1206/1206/1206
f 1206/1206/1206 1210/1210/1210 1208/1208/1208
f 1211/1211/1211 1212/1212/1212 1213/1213/1213
f 1213/1213/1213 1214/1214/1214 1211/1211/1211
f 1211/1211/1211 1215/1215/1215 1216/1216/1216
f 1216/1216/1216 1212/1212/1212 1211/1211/1211
f 1213/1213/1213 1212/1212/1212 1217/1217/1217
f 1217/1217/1217 1218/1218/1218 1213/1213/1213
f 1216/1216/1216 1219/1219/1219 1217/1217/1217
f 1217/1217/1217 1212/1212/1212 1216/1216/1216
f 1220/1220/1220 1221/1221/1221 1222/1222/1222
f 1222/1222/1222 1223/1223/1223 1220/1220/1220
f 1224/1224/1224 1223/1223/1223 1222/1222/1222
f 1222/1222/1222 1225/1225/1225 1224/1224/1224
f 1226/1226/1226 1227/1227/1227 1220/1220/1220
f 1220/1220/1220 1223/1223/1223 1226/1226/1226
f 1226/1226/1226 1223/1223/1223 1224/1224/1224
f 1224/1224/1224 1228/1228/1228 1226/1226/1226
f 1229/1229/1229 1230/1230/1230 1231/1231/1231
f 1231/1231/1231 1232/1232/1232 1229/1229/1229
f 1230/1230/1230 1233/1233/1233 1234/1234/1234
f 1234/1234/1234 1231/1231/1231 1230/1230/1230
f 1229/1229/1229 1235/1235/1235 1236/1236/1236
f 1236/1236/1236 1230/1230/1230 1229/1229/1229
f 1230/1230/1230 1236/1236/1236 1237/1237/1237
f 1237/1237/1237 1233/1233/1233 1230/1230/1230
f 1238/1238/1238 1239/1239/1239 1240/1240/1240
f 1240/1240/1240 1241/1241/1241 1238/1238/1238
f 1242/1242/1242 1241/1241/1241 1240/1240/1240
f 1240/1240/1240 1243/1243/1243 1242/1242/1242
f 1244/1244/1244 1245/1245/1245 1238/1238/1238
f 1238/1238/1238 1241/1241/1241 1244/1244/1244
f 1244/1244/1244 1241/1241/1241 1242/1242/1242
f 1242/1242/1242 1246/1246/1246 1244/1244/1244
f 1247/1247/1247 1248/1248/1248 1249/1249/1249
f 1249/1249/1249 1250/1250/1250 1247/1247/1247
f 1251/1251/1251 1250/1250/1250 1249/1249/1249
f 1249/1249/1249 1252/1252/1252 1251/1251/1251
f 1253/1253/1253 1254/1254/1254 1247/1247/1247
f 1247/1247/1247 1250/1250/1250 1253/1253/1253
f 1253/1253/1253 1250/1250/1250 1251/1251/1251
f 1251/1251/1251 1255/1255/1255 1253/1253/1253
f 1256/1256/1256 1257/1257/1257 1258/1258/1258
f 1258/1258/1258 1259/1259/1259 1256/1256/1256
f 1260/1260/1260 1259/1259/1259 1258/1258/1258
f 1258/1258/1258 1261/1261/1261 1260/1260/1260
f 1262/1262/1262 1263/1263/1263 1256/1256/1256
f 1256/1256/1256 1259/1259/1259 1262/1262/1262
f 1262/1262/1262 1259/1259/1259 1260/1260/1260
f 1260/1260/1260 1264/1264/1264 1262/1262/1262
f 1265/1265/1265 1266/1266/1266 1267/1267/1267
f 1267/1267/1267 1268/1268/1268 1265/1265/1265
f 1269/1269/1269 1270/1270/1270 1266/1266/1266
f 1266/1266/1266 1265/1265/1265 1269/1269/1269
f 1267/1267/1267 1266/1266/1266 1271/1271/1271
f 1271/1271/1271 1272/1272/1272 1267/1267/1267
f 1270/1270/1270 1273/1273/1273 1271/1271/1271
f 1271/1271/1271 1266/1266/1266 1270/1270/1270
f 1274/1274/1274 1275/1275/1275 1276/1276/1276
f 1276/1276/1276 1277/1277/1277 1274/1274/1274
f 1278/1278/1278 1277/1277/1277 1276/1276/1276
f 1276/1276/1276 1279/1279/1279 1278/1278/1278
f 1280/1280/1280 1281/1281/1281 1274/1274/1274
f 1274/1274/1274 1277/1277/1277 1280/1280/1280
f 1280/1280/1280 1277/1277/1277 1278/1278/1278
f 1278/1278/1278 1282/1282/1282 1280/1280/1280
f 1283/1283/1283 1284/1284/1284 1285/1285/1285
f 1285/1285/1285 1286/1286/1286 1283/1283/1283
f 1284/1284/1284 1287/1287/1287 1288/1288/1288
f 1288/1288/1288 1285/1285/1285 1284/1284/1284
f 1286/1286/1286 1285/1285/1285 1289/1289/1289
f 1289/1289/1289 1290/1290/1290 1286/1286/1286
f 1285/1285/1285 1288/1288/1288 1291/1291/1291
f 1291/1291/1291 1289/1289/1289 1285/1285/1285
f 1292/1292/1292 1293/1293/1293 1294/1294/1294
f 1294/1294/1294 1295/1295/1295 1292/1292/1292
f 1296/1296/1296 1297/1297/1297 1293/1293/1293
f 1293/1293/1293 1292/1292/1292 1296/1296/1296
f 1294/1294/1294 1293/1293/1293 1298/1298/1298
f 1298/1298/1298 1299/1299/1299 1294/1294/1294
f 1293/1293/1293 1297/1297/1297 1300/1300/1300
f 1300/1300/1300 1298/1298/1298 1293/1293/1293
f 1301/1301/1301 1302/1302/1302 1303/1303/1303
f 1303/1303/1303 1304/1304/1304 1301/1301/1301
f 1301/1301/1301 1305/1305/1305 1306/1306/1306
f 1306/1306/1306 1302/1302/1302 1301/1301/1301
f 1303/1303/1303 1302/1302/1302 1307/1307/1307
f 1307/1307/1307 1308/1308/1308 1303/1303/1303
f 1302/1302/1302 1306/1306/1306 1309/1309/1309
f 1309/1309/1309 1307/1307/1307 1302/1302/1302
f 1310/1310/1310 1311/1311/1311 1312/1312/1312
f 1312/1312/1312 1313/1313/1313 1310/1310/1310
f 1310/1310/1310 1313/1313/1313 1314/1314/1314
f 1314/1314/1314 1315/1315/1315 1310/1310/1310
f 1316/1316/1316 1317/1317/1317 1311/1311/1311
f 1311/1311/1311 1310/1310/1310 1316/1316/1316
f 1318/1318/1318 1316/1316/1316 1310/1310/1310
f 1310/1310/1310 1315/1315/1315 1318/1318/1318
f 1319/1319/1319 1320/1320/1320 1321/1321/1321
f 1321/1321/1321 1322/1322/1322 1319/1319/1319
f 1319/1319/1319 1323/1323/1323 1324/1324/1324
f 1324/1324/1324 1320/1320/1320 1319/1319/1319
f 1321/1321/1321 1320/1320/1320 1325/1325/1325
f 1325/1325/1325 1326/1326/1326 1321/1321/1321
f 1324/1324/1324 1327/1327/1327 1325/1325/1325
f 1325/1325/1325 1320/1320/1320 1324/1324/1324
f 1328/1328/1328 1329/1329/1329 1330/1330/1330
f 1330/1330/1330 1331/1331/1331 1328/1328/1328
f 1332/1332/1332 1333/1333/1333 1328/1328/1328
f 1328/1328/1328 1331/1331/1331 1332/1332/1332
f 1331/1331/1331 1330/1330/1330 1334/1334/1334
f 1334/1334/1334 1335/1335/1335 1331/1331/1331
f 1332/1332/1332 1331/1331/1331 1335/1335/1335
f 1335/1335/1335 1336/1336/1336 1332/1332/1332
f 1337/1337/1337 1338/1338/1338 1339/1339/1339
f 1339/1339/1339 1340/1340/1340 1337/1337/1337
f 1341/1341/1341 1340/1340/1340 1339/1339/1339
f 1339/1339/1339 1342/1342/1342 1341/1341/1341
f 1343/1343/1343 1344/1344/1344 1337/1337/1337
f 1337/1337/1337 1340/1340/1340 1343/1343/1343
f 1343/1343/1343 1340/1340/1340 1341/1341/1341
f 1341/1341/1341 1345/1345/1345 1343/1343/1343
f 1346/1346/1346 1347/1347/1347 1348/1348/1348
f 1348/1348/1348 1349/1349/1349 1346/1346/1346
f 1350/1350/1350 1349/1349/1349 1348/1348/1348
f 1348/1348/1348 1351/1351/1351 1350/1350/1350
f 1352/1352/1352 1346/1346/1346 1349/1349/1349
f 1349/1349/1349 1353/1353/1353 1352/1352/1352
f 1354/1354/1354 1353/1353/1353 1349/1349/1349
f 1349/1349/1349 1350/1350/1350 1354/1354/1354
f 1355/1355/1355 1356/1356/1356 1357/1357/1357
f 1357/1357/1357 1358/1358/1358 1355/1355/1355
f 1359/1359/1359 1358/1358/1358 1357/1357/1357
f 1357/1357/1357 1360/1360/1360 1359/1359/1359
f 1361/1361/1361 1362/1362/1362 1355/1355/1355
f 1355/1355/1355 1358/1358/1358 1361/1361/1361
f 1361/1361/1361 1358/1358/1358 1359/1359/1359
f 1359/1359/1359 1363/1363/1363 1361/1361/1361
f 1364/1364/1364 1365/1365/1365 1366/1366/1366
f 1366/1366/1366 1367/1367/1367 1364/1364/1364
f 1364/1364/1364 1367/1367/1367 1368/1368/1368
f 1368/1368/1368 1369/1369/1369 1364/1364/1364
f 1370/1370/1370 1371/1371/1371 1365/1365/1365
f 1365/1365/1365 1364/1364/1364 1370/1370/1370
f 1372/1372/1372 1370/1370/1370 1364/1364/1364
f 1364/1364/1364 1369/1369/1369 1372/1372/1372
f 1373/1373/1373 1374/1374/1374 1375/1375/1375
f 1375/1375/1375 1376/1376/1376 1373/1373/1373
f 1377/1377/1377 1378/1378/1378 1374/1374/1374
f 1374/1374/1374 1373/1373/1373 1377/1377/1377
f 1375/1375/1375 1374/1374/1374 1379/1379/1379
f 1379/1379/1379 1380/1380/1380 1375/1375/1375
f 1374/1374/1374 1378/1378/1378 1381/1381/1381
f 1381/1381/1381 1379/1379/1379 1374/1374/1374
f 1382/1382/1382 1383/1383/1383 1384/1384/1384
f 1384/1384/1384 1385/1385/1385 1382/1382/1382
f 1386/1386/1386 1387/1387/1387 1383/1383/1383
f 1383/1383/1383 1382/1382/1382 1386/1386/1386
f 1384/1384/1384 1383/1383/1383 1388/1388/1388
f 1388/1388/1388 1389/1389/1389 1384/1384/1384
f 1387/1387/1387 1390/1390/1390 1388/1388/1388
f 1388/1388/1388 1383/1383/1383 1387/1387/1387
f 1391/1391/1391 1392/1392/1392 1393/1393/1393
f 1393/1393/1393 1394/1394/1394 1391/1391/1391
f 1395/1395/1395 1394/1394/1394 1393/1393/1393
f 1393/1393/1393 1396/1396/1396 1395/1395/1395
f 1397/1397/1397 1398/1398/1398 1391/1391/1391
f 1391/1391/1391 1394/1394/1394 1397/1397/1397
f 1397/1397/1397 1394/1394/1394 1395/1395/1395
f 1395/1395/1395 1399/1399/1399 1397/1397/1397
f 1400/1400/1400 1401/1401/1401 1402/1402/1402
f 1402/1402/1402 1403/1403/1403 1400/1400/1400
f 1404/1404/1404 1403/1403/1403 1402/1402/1402
f 1402/1402/1402 1405/1405/1405 1404/1404/1404
f 1406/1406/1406 1407/1407/1407 1400/1400/1400
f 1400/1400/1400 1403/1403/1403 1406/1406/1406
f 1406/1406/1406 1403/1403/1403 1404/1404/1404
f 1404/1404/1404 1408/1408/1408 1406/1406/1406
f 1409/1409/1409 1410/1410/1410 1411/1411/1411
f 1411/1411/1411 1412/1412/1412 1409/1409/1409
f 1413/1413/1413 1412/1412/1412 1411/1411/1411
f 1411/1411/1411 1414/1414/1414 1413/1413/1413
f 1415/1415/1415 1416/1416/1416 1409/1409/1409
f 1409/1409/1409 1412/1412/1412 1415/1415/1415
f 1415/1415/1415 1412/1412/1412 1413/1413/1413
f 1413/1413/1413 1417/1417/1417 1415/1415/1415
f 1418/1418/1418 1419/1419/1419 1420/1420/1420
f 1420/1420/1420 1421/1421/1421 1418/1418/1418
f 1422/1422/1422 1421/1421/1421 1420/1420/1420
f 1420/1420/1420 1423/1423/1423 1422/1422/1422
f 1424/1424/1424 1425/1425/1425 1418/1418/1418
f 1418/1418/1418 1421/1421/1421 1424/1424/1424
f 1424/1424/1424 1421/1421/1421 1422/1422/1422
f 1422/1422/1422 1426/1426/1426 1424/1424/1424
f 1427/1427/1427 1428/1428/1428 1429/1429/1429
f 1429/1429/1429 1430/1430/1430 1427/1427/1427
f 1431/1431/1431 1430/1430/1430 1429/1429/1429
f 1429/1429/1429 1432/1432/1432 1431/1431/1431
f 1433/1433/1433 1434/1434/1434 1427/1427/1427
f 1427/1427/1427 1430/1430/1430 1433/1433/1433
f 1433/1433/1433 1430/1430/1430 1431/1431/1431
f 1431/1431/1431 1435/1435/1435 1433/1433/1433
f 1436/1436/1436 1437/1437/1437 1438/1438/1438
f 1438/1438/1438 1439/1439/1439 1436/1436/1436
f 1440/1440/1440 1439/1439/1439 1438/1438/1438
f 1438/1438/1438 1441/1441/1441 1440/1440/1440
f 1442/1442/1442 1443/1443/1443 1436/1436/1436
f 1436/1436/1436 1439/1439/1439 1442/1442/1442
f 1442/1442/1442 1439/1439/1439 1440/1440/1440
f 1440/1440/1440 1444/1444/1444 1442/1442/1442
f 1445/1445/1445 1446/1446/1446 1447/1447/1447
f 1447/1447/1447 1448/1448/1448 1445/1445/1445
f 1448/1448/1448 1447/1447/1447 1449/1449/1449
f 1449/1449/1449 1450/1450/1450 1448/1448/1448
f 1451/1451/1451 1452/1452/1452 1445/1445/1445
f 1445/1445/1445 1448/1448/1448 1451/1451/1451
f 1453/1453/1453 1451/1451/1451 1448/1448/1448
f 1448/1448/1448 1450/1450/1450 1453/1453/1453
f 1454/1454/1454 1455/1455/1455 1456/1456/1456
f 1456/1456/1456 1457/1457/1457 1454/1454/1454
f 1457/1457/1457 1456/1456/1456 1458/1458/1458
f 1458/1458/1458 1459/1459/1459 1457/1457/1457
f 1454/1454/1454 1457/1457/1457 1460/1460/1460
f 1460/1460/1460 1461/1461/1461 1454/1454/1454
f 1457/1457/1457 1459/1459/1459 1462/1462/1462
f 1462/1462/1462 1460/1460/1460 1457/1457/1457
f 1463/1463/1463 1464/1464/1464 1465/1465/1465
f 1465/1465/1465 1466/1466/1466 1463/1463/1463
f 1466/1466/1466 1465/1465/1465 1467/1467/1467
f 1467/1467/1467 1468/1468/1468 1466/1466/1466
f 1463/1463/1463 1466/1466/1466 1469/1469/1469
f 1469/1469/1469 1470/1470/1470 1463/1463/1463
f 1466/1466/1466 1468/1468/1468 1471/1471/1471
f 1471/1471/1471 1469/1469/1469 1466/1466/1466
f 1472/1472/1472 1473/1473/1473 1474/1474/1474
f 1474/1474/1474 1475/1475/1475 1472/1472/1472
f 1475/1475/1475 1474/1474/1474 1476/1476/1476
f 1476/1476/1476 1477/1477/1477 1475/1475/1475
f 1472/1472/1472 1475/1475/1475 1478/1478/1478
f 1478/1478/1478 1479/1479/1479 1472/1472/1472
f 1475/1475/1475 1477/1477/1477 1480/1480/1480
f 1480/1480/1480 1478/1478/1478 1475/1475/1475
f 1481/1481/1481 1482/1482/1482 1483/1483/1483
f 1483/1483/1483 1484/1484/1484 1481/1481/1481
f 1484/1484/1484 1483/1483/1483 1485/1485/1485
f 1485/1485/1485 1486/1486/1486 1484/1484/1484
f 1481/1481/1481 1484/1484/1484 1487/1487/1487
f 1487/1487/1487 1488/1488/1488 1481/1481/1481
f 1484/1484/1484 1486/1486/1486 1489/1489/1489
f 1489/1489/1489 1487/1487/1487 1484/1484/1484
f 1490/1490/1490 1491/1491/1491 1492/1492/1492
f 1492/1492/1492 1493/1493/1493 1490/1490/1490
f 1493/1493/1493 1492/1492/1492 1494/1494/1494
f 1494/1494/1494 1495/1495/1495 1493/1493/1493
f 1490/1490/1490 1493/1493/1493 1496/1496/1496
f 1496/1496/1496 1497/1497/1497 1490/1490/1490
f 1493/1493/1493 1495/1495/1495 1498/1498/1498
f 1498/1498/1498 1496/1496/1496 1493/1493/1493
f 1499/1499/1499 1500/1500/1500 1501/1501/1501
f 1501/1501/1501 1502/1502/1502 1499/1499/1499
f 1503/1503/1503 1504/1504/1504 1500/1500/1500
f 1500/1500/1500 1499/1499/1499 1503/1503/1503
f 1501/1501/1501 1500/1500/1500 1505/1505/1505
f 1505/1505/1505 1506/1506/1506 1501/1501/1501
f 1504/1504/1504 1507/1507/1507 1505/1505/1505
f 1505/1505/1505 1500/1500/1500 1504/1504/1504
f 1508/1508/1508 1509/1509/1509 1510/1510/1510
f 1510/1510/1510 1511/1511/1511 1508/1508/1508
f 1512/1512/1512 1511/1511/1511 1510/1510/1510
f 1510/1510/1510 1513/1513/1513 1512/1512/1512
f 1514/1514/1514 1515/1515/1515 1508/1508/1508
f 1508/1508/1508 1511/1511/1511 1514/1514/1514
f 1514/1514/1514 1511/1511/1511 1512/1512/1512
f 1512/1512/1512 1516/1516/1516 1514/1514/1514
f 1517/1517/1517 1518/1518/1518 1519/1519/1519
f 1519/1519/1519 1520/1520/1520 1517/1517/1517
f 1520/1520/1520 1519/1519/1519 1521/1521/1521
f 1521/1521/1521 1522/1522/1522 1520/1520/1520
f 1523/1523/1523 1524/1524/1524 1517/1517/1517
f 1517/1517/1517 1520/1520/1520 1523/1523/1523
f 1523/1523/1523 1520/1520/1520 1522/1522/1522
f 1522/1522/1522 1525/1525/1525 1523/1523/1523
f 1526/1526/1526 1527/1527/1527 1528/1528/1528
f 1528/1528/1528 1529/1529/1529 1526/1526/1526
f 1530/1530/1530 1529/1529/1529 1528/1528/1528
f 1528/1528/1528 1531/1531/1531 1530/1530/1530
f 1532/1532/1532 1533/1533/1533 1526/1526/1526
f 1526/1526/1526 1529/1529/1529 1532/1532/1532
f 1532/1532/1532 1529/1529/1529 1530/1530/1530
f 1530/1530/1530 1534/1534/1534 1532/1532/1532
f 1535/1535/1535 1536/1536/1536 1537/1537/1537
f 1537/1537/1537 1538/1538/1538 1535/1535/1535
f 1535/1535/1535 1539/1539/1539 1540/1540/1540
f 1540/1540/1540 1536/1536/1536 1535/1535/1535
f 1537/1537/1537 1536/1536/1536 1541/1541/1541
f 1541/1541/1541 1542/1542/1542 1537/1537/1537
f 1540/1540/1540 1543/1543/1543 1541/1541/1541
f 1541/1541/1541 1536/1536/1536 1540/1540/1540
f 1544/1544/1544 1545/1545/1545 1546/1546/1546
f 1546/1546/1546 1547/1547/1547 1544/1544/1544
f 1545/1545/1545 1544/1544/1544 1548/1548/1548
f 1548/1548/1548 1549/1549/1549 1545/1545/1545
f 1548/1548/1548 1550/1550/1550 1549/1549/1549
f 1551/1551/1551 1552/1552/1552 1553/1553/1553
f 1553/1553/1553 1554/1554/1554 1551/1551/1551
f 1555/1555/1555 1556/1556/1556 1554/1554/1554
f 1554/1554/1554 1553/1553/1553 1555/1555/1555
f 1555/1555/1555 1557/1557/1557 1558/1558/1558
f 1558/1558/1558 1556/1556/1556 1555/1555/1555
f 1559/1559/1559 1560/1560/1560 1558/1558/1558
f 1558/1558/1558 1557/1557/1557 1559/1559/1559
f 1561/1561/1561 1562/1562/1562 1563/1563/1563
f 1563/1563/1563 1564/1564/1564 1561/1561/1561
f 1565/1565/1565 1566/1566/1566 1567/1567/1567
f 1567/1567/1567 1568/1568/1568 1565/1565/1565
f 1568/1568/1568 1567/1567/1567 1562/1562/1562
f 1562/1562/1562 1561/1561/1561 1568/1568/1568
f 1565/1565/1565 1569/1569/1569 1570/1570/1570
f 1570/1570/1570 1566/1566/1566 1565/1565/1565
f 1571/1571/1571 1572/1572/1572 1573/1573/1573
f 1573/1573/1573 1574/1574/1574 1571/1571/1571
f 1575/1575/1575 1576/1576/1576 1577/1577/1577
f 1577/1577/1577 1578/1578/1578 1575/1575/1575
f 1579/1579/1579 1580/1580/1580 1581/1581/1581
f 1577/1577/1577 1581/1581/1581 1580/1580/1580
f 1580/1580/1580 1578/1578/1578 1577/1577/1577
f 1572/1572/1572 1576/1576/1576 1575/1575/1575
f 1575/1575/1575 1573/1573/1573 1572/1572/1572
f 1582/1582/1582 1583/1583/1583 1584/1584/1584
f 1584/1584/1584 1585/1585/1585 1582/1582/1582
f 1586/1586/1586 1587/1587/1587 1588/1588/1588
f 1588/1588/1588 1589/1589/1589 1586/1586/1586
f 1587/1587/1587 1586/1586/1586 1590/1590/1590
f 1585/1585/1585 1584/1584/1584 1589/1589/1589
f 1589/1589/1589 1588/1588/1588 1585/1585/1585
f 1591/1591/1591 1592/1592/1592 1593/1593/1593
f 1593/1593/1593 1594/1594/1594 1591/1591/1591
f 1592/1592/1592 1595/1595/1595 1596/1596/1596
f 1592/1592/1592 1597/1597/1597 1595/1595/1595
f 1595/1595/1595 1598/1598/1598 1596/1596/1596
f 1592/1592/1592 1596/1596/1596 1593/1593/1593
f 1592/1592/1592 1599/1599/1599 1597/1597/1597
f 1600/1600/1600 1601/1601/1601 1602/1602/1602
f 1602/1602/1602 1603/1603/1603 1600/1600/1600
f 1604/1604/1604 1605/1605/1605 1601/1601/1601
f 1601/1601/1601 1600/1600/1600 1604/1604/1604
f 1602/1602/1602 1601/1601/1601 1606/1606/1606
f 1606/1606/1606 1607/1607/1607 1602/1602/1602
f 1601/1601/1601 1605/1605/1605 1608/1608/1608
f 1608/1608/1608 1606/1606/1606 1601/1601/1601
f 1609/1609/1609 1610/1610/1610 1611/1611/1611
f 1611/1611/1611 1612/1612/1612 1609/1609/1609
f 1613/1613/1613 1612/1612/1612 1611/1611/1611
f 1611/1611/1611 1614/1614/1614 1613/1613/1613
f 1615/1615/1615 1609/1609/1609 1612/1612/1612
f 1612/1612/1612 1616/1616/1616 1615/1615/1615
f 1617/1617/1617 1616/1616/1616 1612/1612/1612
f 1612/1612/1612 1613/1613/1613 1617/1617/1617
f 1618/1618/1618 1619/1619/1619 1620/1620/1620
f 1620/1620/1620 1621/1621/1621 1618/1618/1618
f 1622/1622/1622 1621/1621/1621 1620/1620/1620
f 1620/1620/1620 1623/1623/1623 1622/1622/1622
f 1624/1624/1624 1625/1625/1625 1618/1618/1618
f 1618/1618/1618 1621/1621/1621 1624/1624/1624
f 1624/1624/1624 1621/1621/1621 1622/1622/1622
f 1622/1622/1622 1626/1626/1626 1624/1624/1624
f 1627/1627/1627 1628/1628/1628 1629/1629/1629
f 1629/1629/1629 1630/1630/1630 1627/1627/1627
f 1631/1631/1631 1630/1630/1630 1629/1629/1629
f 1629/1629/1629 1632/1632/1632 1631/1631/1631
f 1633/1633/1633 1634/1634/1634 1627/1627/1627
f 1627/1627/1627 1630/1630/1630 1633/1633/1633
f 1633/1633/1633 1630/1630/1630 1631/1631/1631
f 1631/1631/1631 1635/1635/1635 1633/1633/1633
f 1636/1636/1636 1637/1637/1637 1638/1638/1638
f 1638/1638/1638 1639/1639/1639 1636/1636/1636
f 1636/1636/1636 1639/1639/1639 1640/1640/1640
f 1640/1640/1640 1641/1641/1641 1636/1636/1636
f 1642/1642/1642 1643/1643/1643 1637/1637/1637
f 1637/1637/1637 1636/1636/1636 1642/1642/1642
f 1644/1644/1644 1642/1642/1642 1636/1636/1636
f 1636/1636/1636 1641/1641/1641 1644/1644/1644
f 1645/1645/1645 1646/1646/1646 1647/1647/1647
f 1647/1647/1647 1648/1648/1648 1645/1645/1645
f 1649/1649/1649 1650/1650/1650 1646/1646/1646
f 1646/1646/1646 1645/1645/1645 1649/1649/1649
f 1647/1647/1647 1646/1646/1646 1651/1651/1651
f 1651/1651/1651 1652/1652/1652 1647/1647/1647
f 1650/1650/1650 1653/1653/1653 1651/1651/1651
f 1651/1651/1651 1646/1646/1646 1650/1650/1650
f 1654/1654/1654 1655/1655/1655 1656/1656/1656
f 1656/1656/1656 1657/1657/1657 1654/1654/1654
f 1658/1658/1658 1657/1657/1657 1656/1656/1656
f 1656/1656/1656 1659/1659/1659 1658/1658/1658
f 1660/1660/1660 1661/1661/1661 1654/1654/1654
f 1654/1654/1654 1657/1657/1657 1660/1660/1660
f 1662/1662/1662 1660/1660/1660 1657/1657/1657
f 1657/1657/1657 1658/1658/1658 1662/1662/1662
f 1663/1663/1663 1664/1664/1664 1665/1665/1665
f 1665/1665/1665 1666/1666/1666 1663/1663/1663
f 1667/1667/1667 1666/1666/1666 1665/1665/1665
f 1665/1665/1665 1668/1668/1668 1667/1667/1667
f 1669/1669/1669 1670/1670/1670 1663/1663/1663
f 1663/1663/1663 1666/1666/1666 1669/1669/1669
f 1669/1669/1669 1666/1666/1666 1667/1667/1667
f 1667/1667/1667 1671/1671/1671 1669/1669/1669
f 1672/1672/1672 1673/1673/1673 1674/1674/1674
f 1674/1674/1674 1675/1675/1675 1672/1672/1672
f 1673/1673/1673 1676/1676/1676 1677/1677/1677
f 1677/1677/1677 1674/1674/1674 1673/1673/1673
f 1675/1675/1675 1674/1674/1674 1678/1678/1678
f 1678/1678/1678 1679/1679/1679 1675/1675/1675
f 1674/1674/1674 1677/1677/1677 1680/1680/1680
f 1680/1680/1680 1678/1678/1678 1674/1674/1674
f 1681/1681/1681 1682/1682/1682 1683/1683/1683
f 1683/1683/1683 1684/1684/1684 1681/1681/1681
f 1685/1685/1685 1684/1684/1684 1683/1683/1683
f 1683/1683/1683 1686/1686/1686 1685/1685/1685
f 1687/1687/1687 1688/1688/1688 1681/1681/1681
f 1681/1681/1681 1684/1684/1684 1687/1687/1687
f 1687/1687/1687 1684/1684/1684 1685/1685/1685
f 1685/1685/1685 1689/1689/1689 1687/1687/1687
f 1690/1690/1690 1691/1691/1691 1692/1692/1692
f 1692/1692/1692 1693/1693/1693 1690/1690/1690
f 1694/1694/1694 1693/1693/1693 1692/1692/1692
f 1692/1692/1692 1695/1695/1695 1694/1694/1694
f 1696/1696/1696 1697/1697/1697 1690/1690/1690
f 1690/1690/1690 1693/1693/1693 1696/1696/1696
f 1696/1696/1696 1693/1693/1693 1694/1694/1694
f 1694/1694/1694 1698/1698/1698 1696/1696/1696
f 1699/1699/1699 1700/1700/1700 1701/1701/1701
f 1701/1701/1701 1702/1702/1702 1699/1699/1699
f 1703/1703/1703 1702/1702/1702 1701/1701/1701
f 1701/1701/1701 1704/1704/1704 1703/1703/1703
f 1705/1705/1705 1706/1706/1706 1699/1699/1699
f 1699/1699/1699 1702/1702/1702 1705/1705/1705
f 1705/1705/1705 1702/1702/1702 1703/1703/1703
f 1703/1703/1703 1707/1707/1707 1705/1705/1705
f 1708/1708/1708 1709/1709/1709 1710/1710/1710
f 1710/1710/1710 1711/1711/1711 1708/1708/1708
f 1712/1712/1712 1711/1711/1711 1710/1710/1710
f 1710/1710/1710 1713/1713/1713 1712/1712/1712
f 1714/1714/1714 1715/1715/1715 1708/1708/1708
f 1708/1708/1708 1711/1711/1711 1714/1714/1714
f 1714/1714/1714 1711/1711/1711 1712/1712/1712
f 1712/1712/1712 1716/1716/1716 1714/1714/1714
f 1717/1717/1717 1718/1718/1718 1719/1719/1719
f 1719/1719/1719 1720/1720/1720 1717/1717/1717
f 1721/1721/1721 1720/1720/1720 1719/1719/1719
f 1719/1719/1719 1722/1722/1722 1721/1721/1721
f 1723/1723/1723 1724/1724/1724 1717/1717/1717
f 1717/1717/1717 1720/1720/1720 1723/1723/1723
f 1725/1725/1725 1723/1723/1723 1720/1720/1720
f 1720/1720/1720 1721/1721/1721 1725/1725/1725
f 1726/1726/1726 1727/1727/1727 1728/1728/1728
f 1728/1728/1728 1729/1729/1729 1726/1726/1726
f 1726/1726/1726 1730/1730/1730 1731/1731/1731
f 1731/1731/1731 1727/1727/1727 1726/1726/1726
f 1728/1728/1728 1727/1727/1727 1732/1732/1732
f 1732/1732/1732 1733/1733/1733 1728/1728/1728
f 1731/1731/1731 1734/1734/1734 1732/1732/1732
f 1732/1732/1732 1727/1727/1727 1731/1731/1731
f 1735/1735/1735 1736/1736/1736 1737/1737/1737
f 1737/1737/1737 1738/1738/1738 1735/1735/1735
f 1739/1739/1739 1738/1738/1738 1737/1737/1737
f 1737/1737/1737 1740/1740/1740 1739/1739/1739
f 1741/1741/1741 1742/1742/1742 1735/1735/1735
f 1735/1735/1735 1738/1738/1738 1741/1741/1741
f 1741/1741/1741 1738/1738/1738 1739/1739/1739
f 1739/1739/1739 1743/1743/1743 1741/1741/1741
f 1744/1744/1744 1745/1745/1745 1746/1746/1746
f 1746/1746/1746 1747/1747/1747 1744/1744/1744
f 1744/1744/1744 1748/1748/1748 1749/1749/1749
f 1749/1749/1749 1745/1745/1745 1744/1744/1744
f 1746/1746/1746 1745/1745/1745 1750/1750/1750
f 1750/1750/1750 1751/1751/1751 1746/1746/1746
f 1749/1749/1749 1752/1752/1752 1750/1750/1750
f 1750/1750/1750 1745/1745/1745 1749/1749/1749
f 1753/1753/1753 1754/1754/1754 1755/1755/1755
f 1755/1755/1755 1756/1756/1756 1753/1753/1753
f 1757/1757/1757 1756/1756/1756 1755/1755/1755
f 1755/1755/1755 1758/1758/1758 1757/1757/1757
f 1759/1759/1759 1760/1760/1760 1753/1753/1753
f 1753/1753/1753 1756/1756/1756 1759/1759/1759
f 1759/1759/1759 1756/1756/1756 1757/1757/1757
f 1757/1757/1757 1761/1761/1761 1759/1759/1759
f 1762/1762/1762 1763/1763/1763 1764/1764/1764
f 1764/1764/1764 1765/1765/1765 1762/1762/1762
f 1763/1763/1763 1766/1766/1766 1767/1767/1767
f 1767/1767/1767 1764/1764/1764 1763/1763/1763
f 1762/1762/1762 1768/1768/1768 1769/1769/1769
f 1769/1769/1769 1763/1763/1763 1762/1762/1762
f 1763/1763/1763 1769/1769/1769 1770/1770/1770
f 1770/1770/1770 1766/1766/1766 1763/1763/1763
f 1771/1771/1771 1772/1772/1772 1773/1773/1773
f 1773/1773/1773 1774/1774/1774 1771/1771/1771
f 1775/1775/1775 1774/1774/1774 1773/1773/1773
f 1773/1773/1773 1776/1776/1776 1775/1775/1775
f 1777/1777/1777 1778/1778/1778 1771/1771/1771
f 1771/1771/1771 1774/1774/1774 1777/1777/1777
f 1777/1777/1777 1774/1774/1774 1775/1775/1775
f 1775/1775/1775 1779/1779/1779 1777/1777/1777
f 1780/1780/1780 1781/1781/1781 1782/1782/1782
f 1782/1782/1782 1783/1783/1783 1780/1780/1780
f 1784/1784/1784 1783/1783/1783 1782/1782/1782
f 1782/1782/1782 1785/1785/1785 1784/1784/1784
f 1786/1786/1786 1787/1787/1787 1780/1780/1780
f 1780/1780/1780 1783/1783/1783 1786/1786/1786
f 1786/1786/1786 1783/1783/1783 1784/1784/1784
f 1784/1784/1784 1788/1788/1788 1786/1786/1786
f 1789/1789/1789 1790/1790/1790 1791/1791/1791
f 1791/1791/1791 1792/1792/1792 1789/1789/1789
f 1793/1793/1793 1792/1792/1792 1791/1791/1791
f 1791/1791/1791 1794/1794/1794 1793/1793/1793
f 1795/1795/1795 1796/1796/1796 1789/1789/1789
f 1789/1789/1789 1792/1792/1792 1795/1795/1795
f 1795/1795/1795 1792/1792/1792 1793/1793/1793
f 1793/1793/1793 1797/1797/1797 1795/1795/1795
f 1798/1798/1798 1799/1799/1799 1800/1800/1800
f 1800/1800/1800 1801/1801/1801 1798/1798/1798
f 1802/1802/1802 1803/1803/1803 1799/1799/1799
f 1799/1799/1799 1798/1798/1798 1802/1802/1802
f 1800/1800/1800 1799/1799/1799 1804/1804/1804
f 1804/1804/1804 1805/1805/1805 1800/1800/1800
f 1803/1803/1803 1806/1806/1806 1804/1804/1804
f 1804/1804/1804 1799/1799/1799 1803/1803/1803
f 1807/1807/1807 1808/1808/1808 1809/1809/1809
f 1809/1809/1809 1810/1810/1810 1807/1807/1807
f 1811/1811/1811 1810/1810/1810 1809/1809/1809
f 1809/1809/1809 1812/1812/1812 1811/1811/1811
f 1813/1813/1813 1814/1814/1814 1807/1807/1807
f 1807/1807/1807 1810/1810/1810 1813/1813/1813
f 1813/1813/1813 1810/1810/1810 1811/1811/1811
f 1811/1811/1811 1815/1815/1815 1813/1813/1813
f 1816/1816/1816 1817/1817/1817 1818/1818/1818
f 1818/1818/1818 1819/1819/1819 1816/1816/1816
f 1817/1817/1817 1820/1820/1820 1821/1821/1821
f 1821/1821/1821 1818/1818/1818 1817/1817/1817
f 1819/1819/1819 1818/1818/1818 1822/1822/1822
f 1822/1822/1822 1823/1823/1823 1819/1819/1819
f 1818/1818/1818 1821/1821/1821 1824/1824/1824
f 1824/1824/1824 1822/1822/1822 1818/1818/1818
f 1825/1825/1825 1826/1826/1826 1827/1827/1827
f 1827/1827/1827 1828/1828/1828 1825/1825/1825
f 1829/1829/1829 1830/1830/1830 1826/1826/1826
f 1826/1826/1826 1825/1825/1825 1829/1829/1829
f 1827/1827/1827 1826/1826/1826 1831/1831/1831
f 1831/1831/1831 1832/1832/1832 1827/1827/1827
f 1826/1826/1826 1830/1830/1830 1833/1833/1833
f 1833/1833/1833 1831/1831/1831 1826/1826/1826
f 1834/1834/1834 1835/1835/1835 1836/1836/1836
f 1836/1836/1836 1837/1837/1837 1834/1834/1834
f 1834/1834/1834 1838/1838/1838 1839/1839/1839
f 1839/1839/1839 1835/1835/1835 1834/1834/1834
f 1836/1836/1836 1835/1835/1835 1840/1840/1840
f 1840/1840/1840 1841/1841/1841 1836/1836/1836
f 1835/1835/1835 1839/1839/1839 1842/1842/1842
f 1842/1842/1842 1840/1840/1840 1835/1835/1835
f 1843/1843/1843 1844/1844/1844 1845/1845/1845
f 1845/1845/1845 1846/1846/1846 1843/1843/1843
f 1843/1843/1843 1846/1846/1846 1847/1847/1847
f 1847/1847/1847 1848/1848/1848 1843/1843/1843
f 1849/1849/1849 1850/1850/1850 1844/1844/1844
f 1844/1844/1844 1843/1843/1843 1849/1849/1849
f 1851/1851/1851 1849/1849/1849 1843/1843/1843
f 1843/1843/1843 1848/1848/1848 1851/1851/1851
f 1852/1852/1852 1853/1853/1853 1854/1854/1854
f 1854/1854/1854 1855/1855/1855 1852/1852/1852
f 1852/1852/1852 1856/1856/1856 1857/1857/1857
f 1857/1857/1857 1853/1853/1853 1852/1852/1852
f 1854/1854/1854 1853/1853/1853 1858/1858/1858
f 1858/1858/1858 1859/1859/1859 1854/1854/1854
f 1857/1857/1857 1860/1860/1860 1858/1858/1858
f 1858/1858/1858 1853/1853/1853 1857/1857/1857
f 1861/1861/1861 1862/1862/1862 1863/1863/1863
f 1863/1863/1863 1864/1864/1864 1861/1861/1861
f 1865/1865/1865 1866/1866/1866 1861/1861/1861
f 1861/1861/1861 1864/1864/1864 1865/1865/1865
f 1864/1864/1864 1863/1863/1863 1867/1867/1867
f 1867/1867/1867 1868/1868/1868 1864/1864/1864
f 1865/1865/1865 1864/1864/1864 1868/1868/1868
f 1868/1868/1868 1869/1869/1869 1865/1865/1865
f 1870/1870/1870 1871/1871/1871 1872/1872/1872
f 1872/1872/1872 1873/1873/1873 1870/1870/1870
f 1874/1874/1874 1873/1873/1873 1872/1872/1872
f 1872/1872/1872 1875/1875/1875 1874/1874/1874
f 1876/1876/1876 1877/1877/1877 1870/1870/1870
f 1870/1870/1870 1873/1873/1873 1876/1876/1876
f 1876/1876/1876 1873/1873/1873 1874/1874/1874
f 1874/1874/1874 1878/1878/1878 1876/1876/1876
f 1879/1879/1879 1880/1880/1880 1881/1881/1881
f 1881/1881/1881 1882/1882/1882 1879/1879/1879
f 1883/1883/1883 1882/1882/1882 1881/1881/1881
f 1881/1881/1881 1884/1884/1884 1883/1883/1883
f 1885/1885/1885 1879/1879/1879 1882/1882/1882
f 1882/1882/1882 1886/1886/1886 1885/1885/1885
f 1887/1887/1887 1886/1886/1886 1882/1882/1882
f 1882/1882/1882 1883/1883/1883 1887/1887/1887
f 1888/1888/1888 1889/1889/1889 1890/1890/1890
f 1890/1890/1890 1891/1891/1891 1888/1888/1888
f 1892/1892/1892 1891/1891/1891 1890/1890/1890
f 1890/1890/1890 1893/1893/1893 1892/1892/1892
f 1894/1894/1894 1895/1895/1895 1888/1888/1888
f 1888/1888/1888 1891/1891/1891 1894/1894/1894
f 1894/1894/1894 1891/1891/1891 1892/1892/1892
f 1892/1892/1892 1896/1896/1896 1894/1894/1894
f 1897/1897/1897 1898/1898/1898 1899/1899/1899
f 1899/1899/1899 1900/1900/1900 1897/1897/1897
f 1897/1897/1897 1900/1900/1900 1901/1901/1901
f 1901/1901/1901 1902/1902/1902 1897/1897/1897
f 1903/1903/1903 1904/1904/1904 1898/1898/1898
f 1898/1898/1898 1897/1897/1897 1903/1903/1903
f 1905/1905/1905 1903/1903/1903 1897/1897/1897
f 1897/1897/1897 1902/1902/1902 1905/1905/1905
f 1906/1906/1906 1907/1907/1907 1908/1908/1908
f 1908/1908/1908 1909/1909/1909 1906/1906/1906
f 1910/1910/1910 1911/1911/1911 1907/1907/1907
f 1907/1907/1907 1906/1906/1906 1910/1910/1910
f 1908/1908/1908 1907/1907/1907 1912/1912/1912
f 1912/1912/1912 1913/1913/1913 1908/1908/1908
f 1907/1907/1907 1911/1911/1911 1914/1914/1914
f 1914/1914/1914 1912/1912/1912 1907/1907/1907
f 1915/1915/1915 1916/1916/1916 1917/1917/1917
f 1917/1917/1917 1918/1918/1918 1915/1915/1915
f 1919/1919/1919 1920/1920/1920 1916/1916/1916
f 1916/1916/1916 1915/1915/1915 1919/1919/1919
f 1917/1917/1917 1916/1916/1916 1921/1921/1921
f 1921/1921/1921 1922/1922/1922 1917/1917/1917
f 1920/1920/1920 1923/1923/1923 1921/1921/1921
f 1921/1921/1921 1916/1916/1916 1920/1920/1920
f 1924/1924/1924 1925/1925/1925 1926/1926/1926
f 1926/1926/1926 1927/1927/1927 1924/1924/1924
f 1928/1928/1928 1927/1927/1927 1926/1926/1926
f 1926/1926/1926 1929/1929/1929 1928/1928/1928
f 1930/1930/1930 1931/1931/1931 1924/1924/1924
f 1924/1924/1924 1927/1927/1927 1930/1930/1930
f 1930/1930/1930 1927/1927/1927 1928/1928/1928
f 1928/1928/1928 1932/1932/1932 1930/1930/1930
f 1933/1933/1933 1934/1934/1934 1935/1935/1935
f 1935/1935/1935 1936/1936/1936 1933/1933/1933
f 1937/1937/1937 1936/1936/1936 1935/1935/1935
f 1935/1935/1935 1938/1938/1938 1937/1937/1937
f 1939/1939/1939 1940/1940/1940 1933/1933/1933
f 1933/1933/1933 1936/1936/1936 1939/1939/1939
f 1939/1939/1939 1936/1936/1936 1937/1937/1937
f 1937/1937/1937 1941/1941/1941 1939/1939/1939
f 1942/1942/1942 1943/1943/1943 1944/1944/1944
f 1944/1944/1944 1945/1945/1945 1942/1942/1942
f 1946/1946/1946 1945/1945/1945 1944/1944/1944
f 1944/1944/1944 1947/1947/1947 1946/1946/1946
f 1948/1948/1948 1949/1949/1949 1942/1942/1942
f 1942/1942/1942 1945/1945/1945 1948/1948/1948
f 1948/1948/1948 1945/1945/1945 1946/1946/1946
f 1946/1946/1946 1950/1950/1950 1948/1948/1948
f 1951/1951/1951 1952/1952/1952 1953/1953/1953
f 1953/1953/1953 1954/1954/1954 1951/1951/1951
f 1955/1955/1955 1954/1954/1954 1953/1953/1953
f 1953/1953/1953 1956/1956/1956 1955/1955/1955
f 1957/1957/1957 1958/1958/1958 1951/1951/1951
f 1951/1951/1951 1954/1954/1954 1957/1957/1957
f 1957/1957/1957 1954/1954/1954 1955/1955/1955
f 1955/1955/1955 1959/1959/1959 1957/1957/1957
f 1960/1960/1960 1961/1961/1961 1962/1962/1962
f 1962/1962/1962 1963/1963/1963 1960/1960/1960
f 1964/1964/1964 1963/1963/1963 1962/1962/1962
f 1962/1962/1962 1965/1965/1965 1964/1964/1964
f 1966/1966/1966 1967/1967/1967 1960/1960/1960
f 1960/1960/1960 1963/1963/1963 1966/1966/1966
f 1966/1966/1966 1963/1963/1963 1964/1964/1964
f 1964/1964/1964 1968/1968/1968 1966/1966/1966
f 1969/1969/1969 1970/1970/1970 1971/1971/1971
f 1971/1971/1971 1972/1972/1972 1969/1969/1969
f 1973/1973/1973 1972/1972/1972 1971/1971/1971
f 1971/1971/1971 1974/1974/1974 1973/1973/1973
f 1975/1975/1975 1976/1976/1976 1969/1969/1969
f 1969/1969/1969 1972/1972/1972 1975/1975/1975
f 1975/1975/1975 1972/1972/1972 1973/1973/1973
f 1973/1973/1973 1977/1977/1977 1975/1975/1975
f 1978/1978/1978 1979/1979/1979 1980/1980/1980
f 1980/1980/1980 1981/1981/1981 1978/1978/1978
f 1981/1981/1981 1980/1980/1980 1982/1982/1982
f 1982/1982/1982 1983/1983/1983 1981/1981/1981
f 1984/1984/1984 1985/1985/1985 1978/1978/1978
f 1978/1978/1978 1981/1981/1981 1984/1984/1984
f 1986/1986/1986 1984/1984/1984 1981/1981/1981
f 1981/1981/1981 1983/1983/1983 1986/1986/1986
f 1987/1987/1987 1988/1988/1988 1989/1989/1989
f 1989/1989/1989 1990/1990/1990 1987/1987/1987
f 1990/1990/1990 1989/1989/1989 1991/1991/1991
f 1991/1991/1991 1992/1992/1992 1990/1990/1990
f 1987/1987/1987 1990/1990/1990 1993/1993/1993
f 1993/1993/1993 1994/1994/1994 1987/1987/1987
f 1990/1990/1990 1992/1992/1992 1995/1995/1995
f 1995/1995/1995 1993/1993/1993 1990/1990/1990
f 1996/1996/1996 1997/1997/1997 1998/1998/1998
f 1998/1998/1998 1999/1999/1999 1996/1996/1996
f 1999/1999/1999 1998/1998/1998 2000/2000/2000
f 2000/2000/2000 2001/2001/2001 1999/1999/1999
f 1996/1996/1996 1999/1999/1999 2002/2002/2002
f 2002/2002/2002 2003/2003/2003 1996/1996/1996
f 1999/1999/1999 2001/2001/2001 2004/2004/2004
f 2004/2004/2004 2002/2002/2002 1999/1999/1999
f 2005/2005/2005 2006/2006/2006 2007/2007/2007
f 2007/2007/2007 2008/2008/2008 2005/2005/2005
f 2008/2008/2008 2007/2007/2007 2009/2009/2009
f 2009/2009/2009 2010/2010/2010 2008/2008/2008
f 2005/2005/2005 2008/2008/2008 2011/2011/2011
f 2011/2011/2011 2012/2012/2012 2005/2005/2005
f 2008/2008/2008 2010/2010/2010 2013/2013/2013
f 2013/2013/2013 2011/2011/2011 2008/2008/2008
f 2014/2014/2014 2015/2015/2015 2016/2016/2016
f 2016/2016/2016 2017/2017/2017 2014/2014/2014
f 2017/2017/2017 2016/2016/2016 2018/2018/2018
f 2018/2018/2018 2019/2019/2019 2017/2017/2017
f 2014/2014/2014 2017/2017/2017 2020/2020/2020
f 2020/2020/2020 2021/2021/2021 2014/2014/2014
f 2017/2017/2017 2019/2019/2019 2022/2022/2022
f 2022/2022/2022 2020/2020/2020 2017/2017/2017
f 2023/2023/2023 2024/2024/2024 2025/2025/2025
f 2025/2025/2025 2026/2026/2026 2023/2023/2023
f 2026/2026/2026 2025/2025/2025 2027/2027/2027
f 2027/2027/2027 2028/2028/2028 2026/2026/2026
f 2023/2023/2023 2026/2026/2026 2029/2029/2029
f 2029/2029/2029 2030/2030/2030 2023/2023/2023
f 2026/2026/2026 2028/2028/2028 2031/2031/2031
f 2031/2031/2031 2029/2029/2029 2026/2026/2026
f 2032/2032/2032 2033/2033/2033 2034/2034/2034
f 2034/2034/2034 2035/2035/2035 2032/2032/2032
f 2036/2036/2036 2037/2037/2037 2033/2033/2033
f 2033/2033/2033 2032/2032/2032 2036/2036/2036
f 2034/2034/2034 2033/2033/2033 2038/2038/2038
f 2038/2038/2038 2039/2039/2039 2034/2034/2034
f 2037/2037/2037 2040/2040/2040 2038/2038/2038
f 2038/2038/2038 2033/2033/2033 2037/2037/2037
f 2041/2041/2041 2042/2042/2042 2043/2043/2043
f 2043/2043/2043 2044/2044/2044 2041/2041/2041
f 2045/2045/2045 2044/2044/2044 2043/2043/2043
f 2043/2043/2043 2046/2046/2046 2045/2045/2045
f 2047/2047/2047 2048/2048/2048 2041/2041/2041
f 2041/2041/2041 2044/2044/2044 2047/2047/2047
f 2047/2047/2047 2044/2044/2044 2045/2045/2045
f 2045/2045/2045 2049/2049/2049 2047/2047/2047
f 2050/2050/2050 2051/2051/2051 2052/2052/2052
f 2052/2052/2052 2053/2053/2053 2050/2050/2050
f 2053/2053/2053 2052/2052/2052 2054/2054/2054
f 2054/2054/2054 2055/2055/2055 2053/2053/2053
f 2056/2056/2056 2057/2057/2057 2050/2050/2050
f 2050/2050/2050 2053/2053/2053 2056/2056/2056
f 2056/2056/2056 2053/2053/2053 2055/2055/2055
f 2055/2055/2055 2058/2058/2058 2056/2056/2056
f 2059/2059/2059 2060/2060/2060 2061/2061/2061
f 2061/2061/2061 2062/2062/2062 2059/2059/2059
f 2063/2063/2063 2062/2062/2062 2061/2061/2061
f 2061/2061/2061 2064/2064/2064 2063/2063/2063
f 2065/2065/2065 2066/2066/2066 2059/2059/2059
f 2059/2059/2059 2062/2062/2062 2065/2065/2065
f 2065/2065/2065 2062/2062/2062 2063/2063/2063
f 2063/2063/2063 2067/2067/2067 2065/2065/2065
f 2068/2068/2068 2069/2069/2069 2070/2070/2070
f 2070/2070/2070 2071/2071/2071 2068/2068/2068
f 2068/2068/2068 2072/2072/2072 2073/2073/2073
f 2073/2073/2073 2069/2069/2069 2068/2068/2068
f 2070/2070/2070 2069/2069/2069 2074/2074/2074
f 2074/2074/2074 2075/2075/2075 2070/2070/2070
f 2073/2073/2073 2076/2076/2076 2074/2074/2074
f 2074/2074/2074 2069/2069/2069 2073/2073/2073
f 2077/2077/2077 2078/2078/2078 2079/2079/2079
f 2079/2079/2079 2080/2080/2080 2077/2077/2077
f 2078/2078/2078 2077/2077/2077 2081/2081/2081
f 2081/2081/2081 2082/2082/2082 2078/2078/2078
f 2081/2081/2081 2083/2083/2083 2082/2082/2082
f 2084/2084/2084 2085/2085/2085 2086/2086/2086
f 2086/2086/2086 2087/2087/2087 2084/2084/2084
f 2088/2088/2088 2089/2089/2089 2087/2087/2087
f 2087/2087/2087 2086/2086/2086 2088/2088/2088
f 2088/2088/2088 2090/2090/2090 2091/2091/2091
f 2091/2091/2091 2089/2089/2089 2088/2088/2088
f 2092/2092/2092 2093/2093/2093 2091/2091/2091
f 2091/2091/2091 2090/2090/2090 2092/2092/2092
f 2094/2094/2094 2095/2095/2095 2096/2096/2096
f 2096/2096/2096 2097/2097/2097 2094/2094/2094
f 2098/2098/2098 2099/2099/2099 2100/2100/2100
f 2100/2100/2100 2101/2101/2101 2098/2098/2098
f 2101/2101/2101 2100/2100/2100 2095/2095/2095
f 2095/2095/2095 2094/2094/2094 2101/2101/2101
f 2098/2098/2098 2102/2102/2102 2103/2103/2103
f 2103/2103/2103 2099/2099/2099 2098/2098/2098
f 2104/2104/2104 2105/2105/2105 2106/2106/2106
f 2106/2106/2106 2107/2107/2107 2104/2104/2104
f 2108/2108/2108 2109/2109/2109 2110/2110/2110
f 2110/2110/2110 2111/2111/2111 2108/2108/2108
f 2112/2112/2112 2113/2113/2113 2114/2114/2114
f 2110/2110/2110 2114/2114/2114 2113/2113/2113
f 2113/2113/2113 2111/2111/2111 2110/2110/2110
f 2105/2105/2105 2109/2109/2109 2108/2108/2108
f 2108/2108/2108 2106/2106/2106 2105/2105/2105
f 2115/2115/2115 2116/2116/2116 2117/2117/2117
f 2117/2117/2117 2118/2118/2118 2115/2115/2115
f 2119/2119/2119 2120/2120/2120 2121/2121/2121
f 2121/2121/2121 2122/2122/2122 2119/2119/2119
f 2120/2120/2120 2119/2119/2119 2123/2123/2123
f 2118/2118/2118 2117/2117/2117 2122/2122/2122
f 2122/2122/2122 2121/2121/2121 2118/2118/2118
f 2124/2124/2124 2125/2125/2125 2126/2126/2126
f 2126/2126/2126 2127/2127/2127 2124/2124/2124
f 2125/2125/2125 2128/2128/2128 2129/2129/2129
f 2125/2125/2125 2130/2130/2130 2128/2128/2128
f 2128/2128/2128 2131/2131/2131 2129/2129/2129
f 2125/2125/2125 2129/2129/2129 2126/2126/2126
f 2125/2125/2125 2132/2132/2132 2130/2130/2130
f 2133/2133/2133 2134/2134/2134 2135/2135/2135
f 2135/2135/2135 2136/2136/2136 2133/2133/2133
f 2137/2137/2137 2138/2138/2138 2134/2134/2134
f 2134/2134/2134 2133/2133/2133 2137/2137/2137
f 2135/2135/2135 2134/2134/2134 2139/2139/2139
f 2139/2139/2139 2140/2140/2140 2135/2135/2135
f 2138/2138/2138 2141/2141/2141 2139/2139/2139
f 2139/2139/2139 2134/2134/2134 2138/2138/2138
f 2142/2142/2142 2143/2143/2143 2144/2144/2144
f 2144/2144/2144 2145/2145/2145 2142/2142/2142
f 2142/2142/2142 2145/2145/2145 2146/2146/2146
f 2146/2146/2146 2147/2147/2147 2142/2142/2142
f 2148/2148/2148 2143/2143/2143 2142/2142/2142
f 2142/2142/2142 2149/2149/2149 2148/2148/2148
f 2150/2150/2150 2149/2149/2149 2142/2142/2142
f 2142/2142/2142 2147/2147/2147 2150/2150/2150
f 2151/2151/2151 2152/2152/2152 2153/2153/2153
f 2153/2153/2153 2154/2154/2154 2151/2151/2151
f 2155/2155/2155 2154/2154/2154 2153/2153/2153
f 2153/2153/2153 2156/2156/2156 2155/2155/2155
f 2157/2157/2157 2158/2158/2158 2151/2151/2151
f 2151/2151/2151 2154/2154/2154 2157/2157/2157
f 2157/2157/2157 2154/2154/2154 2155/2155/2155
f 2155/2155/2155 2159/2159/2159 2157/2157/2157
f 2160/2160/2160 2161/2161/2161 2162/2162/2162
f 2162/2162/2162 2163/2163/2163 2160/2160/2160
f 2164/2164/2164 2163/2163/2163 2162/2162/2162
f 2162/2162/2162 2165/2165/2165 2164/2164/2164
f 2166/2166/2166 2167/2167/2167 2160/2160/2160
f 2160/2160/2160 2163/2163/2163 2166/2166/2166
f 2166/2166/2166 2163/2163/2163 2164/2164/2164
f 2164/2164/2164 2168/2168/2168 2166/2166/2166
f 2169/2169/2169 2170/2170/2170 2171/2171/2171
f 2171/2171/2171 2172/2172/2172 2169/2169/2169
f 2172/2172/2172 2171/2171/2171 2173/2173/2173
f 2173/2173/2173 2174/2174/2174 2172/2172/2172
f 2175/2175/2175 2176/2176/2176 2169/2169/2169
f 2169/2169/2169 2172/2172/2172 2175/2175/2175
f 2177/2177/2177 2175/2175/2175 2172/2172/2172
f 2172/2172/2172 2174/2174/2174 2177/2177/2177
f 2178/2178/2178 2179/2179/2179 2180/2180/2180
f 2180/2180/2180 2181/2181/2181 2178/2178/2178
f 2182/2182/2182 2183/2183/2183 2179/2179/2179
f 2179/2179/2179 2178/2178/2178 2182/2182/2182
f 2180/2180/2180 2179/2179/2179 2184/2184/2184
f 2184/2184/2184 2185/2185/2185 2180/2180/2180
f 2183/2183/2183 2186/2186/2186 2184/2184/2184
f 2184/2184/2184 2179/2179/2179 2183/2183/2183
f 2187/2187/2187 2188/2188/2188 2189/2189/2189
f 2189/2189/2189 2190/2190/2190 2187/2187/2187
f 2191/2191/2191 2190/2190/2190 2189/2189/2189
f 2189/2189/2189 2192/2192/2192 2191/2191/2191
f 2193/2193/2193 2194/2194/2194 2187/2187/2187
f 2187/2187/2187 2190/2190/2190 2193/2193/2193
f 2195/2195/2195 2193/2193/2193 2190/2190/2190
f 2190/2190/2190 2191/2191/2191 2195/2195/2195
f 2196/2196/2196 2197/2197/2197 2198/2198/2198
f 2198/2198/2198 2199/2199/2199 2196/2196/2196
f 2200/2200/2200 2199/2199/2199 2198/2198/2198
f 2198/2198/2198 2201/2201/2201 2200/2200/2200
f 2202/2202/2202 2203/2203/2203 2196/2196/2196
f 2196/2196/2196 2199/2199/2199 2202/2202/2202
f 2202/2202/2202 2199/2199/2199 2200/2200/2200
f 2200/2200/2200 2204/2204/2204 2202/2202/2202
f 2205/2205/2205 2206/2206/2206 2207/2207/2207
f 2207/2207/2207 2208/2208/2208 2205/2205/2205
f 2205/2205/2205 2209/2209/2209 2210/2210/2210
f 2210/2210/2210 2206/2206/2206 2205/2205/2205
f 2207/2207/2207 2206/2206/2206 2211/2211/2211
f 2211/2211/2211 2212/2212/2212 2207/2207/2207
f 2206/2206/2206 2210/2210/2210 2213/2213/2213
f 2213/2213/2213 2211/2211/2211 2206/2206/2206
f 2214/2214/2214 2215/2215/2215 2216/2216/2216
f 2216/2216/2216 2217/2217/2217 2214/2214/2214
f 2218/2218/2218 2217/2217/2217 2216/2216/2216
f 2216/2216/2216 2219/2219/2219 2218/2218/2218
f 2220/2220/2220 2221/2221/2221 2214/2214/2214
f 2214/2214/2214 2217/2217/2217 2220/2220/2220
f 2220/2220/2220 2217/2217/2217 2218/2218/2218
f 2218/2218/2218 2222/2222/2222 2220/2220/2220
f 2223/2223/2223 2224/2224/2224 2225/2225/2225
f 2225/2225/2225 2226/2226/2226 2223/2223/2223
f 2227/2227/2227 2226/2226/2226 2225/2225/2225
f 2225/2225/2225 2228/2228/2228 2227/2227/2227
f 2229/2229/2229 2230/2230/2230 2223/2223/2223
f 2223/2223/2223 2226/2226/2226 2229/2229/2229
f 2229/2229/2229 2226/2226/2226 2227/2227/2227
f 2227/2227/2227 2231/2231/2231 2229/2229/2229
f 2232/2232/2232 2233/2233/2233 2234/2234/2234
f 2234/2234/2234 2235/2235/2235 2232/2232/2232
f 2236/2236/2236 2235/2235/2235 2234/2234/2234
f 2234/2234/2234 2237/2237/2237 2236/2236/2236
f 2238/2238/2238 2239/2239/2239 2232/2232/2232
f 2232/2232/2232 2235/2235/2235 2238/2238/2238
f 2238/2238/2238 2235/2235/2235 2236/2236/2236
f 2236/2236/2236 2240/2240/2240 2238/2238/2238
f 2241/2241/2241 2242/2242/2242 2243/2243/2243
f 2243/2243/2243 2244/2244/2244 2241/2241/2241
f 2245/2245/2245 2244/2244/2244 2243/2243/2243
f 2243/2243/2243 2246/2246/2246 2245/2245/2245
f 2247/2247/2247 2248/2248/2248 2241/2241/2241
f 2241/2241/2241 2244/2244/2244 2247/2247/2247
f 2247/2247/2247 2244/2244/2244 2245/2245/2245
f 2245/2245/2245 2249/2249/2249 2247/2247/2247
f 2250/2250/2250 2251/2251/2251 2252/2252/2252
f 2252/2252/2252 2253/2253/2253 2250/2250/2250
f 2254/2254/2254 2253/2253/2253 2252/2252/2252
f 2252/2252/2252 2255/2255/2255 2254/2254/2254
f 2256/2256/2256 2257/2257/2257 2250/2250/2250
f 2250/2250/2250 2253/2253/2253 2256/2256/2256
f 2258/2258/2258 2256/2256/2256 2253/2253/2253
f 2253/2253/2253 2254/2254/2254 2258/2258/2258
f 2259/2259/2259 2260/2260/2260 2261/2261/2261
f 2261/2261/2261 2262/2262/2262 2259/2259/2259
f 2259/2259/2259 2263/2263/2263 2264/2264/2264
f 2264/2264/2264 2260/2260/2260 2259/2259/2259
f 2261/2261/2261 2260/2260/2260 2265/2265/2265
f 2265/2265/2265 2266/2266/2266 2261/2261/2261
f 2264/2264/2264 2267/2267/2267 2265/2265/2265
f 2265/2265/2265 2260/2260/2260 2264/2264/2264
f 2268/2268/2268 2269/2269/2269 2270/2270/2270
f 2270/2270/2270 2271/2271/2271 2268/2268/2268
f 2272/2272/2272 2271/2271/2271 2270/2270/2270
f 2270/2270/2270 2273/2273/2273 2272/2272/2272
f 2274/2274/2274 2275/2275/2275 2268/2268/2268
f 2268/2268/2268 2271/2271/2271 2274/2274/2274
f 2274/2274/2274 2271/2271/2271 2272/2272/2272
f 2272/2272/2272 2276/2276/2276 2274/2274/2274
f 2277/2277/2277 2278/2278/2278 2279/2279/2279
f 2279/2279/2279 2280/2280/2280 2277/2277/2277
f 2277/2277/2277 2281/2281/2281 2282/2282/2282
f 2282/2282/2282 2278/2278/2278 2277/2277/2277
f 2279/2279/2279 2278/2278/2278 2283/2283/2283
f 2283/2283/2283 2284/2284/2284 2279/2279/2279
f 2282/2282/2282 2285/2285/2285 2283/2283/2283
f 2283/2283/2283 2278/2278/2278 2282/2282/2282
f 2286/2286/2286 2287/2287/2287 2288/2288/2288
f 2288/2288/2288 2289/2289/2289 2286/2286/2286
f 2290/2290/2290 2289/2289/2289 2288/2288/2288
f 2288/2288/2288 2291/2291/2291 2290/2290/2290
f 2292/2292/2292 2293/2293/2293 2286/2286/2286
f 2286/2286/2286 2289/2289/2289 2292/2292/2292
f 2292/2292/2292 2289/2289/2289 2290/2290/2290
f 2290/2290/2290 2294/2294/2294 2292/2292/2292
f 2295/2295/2295 2296/2296/2296 2297/2297/2297
f 2297/2297/2297 2298/2298/2298 2295/2295/2295
f 2296/2296/2296 2299/2299/2299 2300/2300/2300
f 2300/2300/2300 2297/2297/2297 2296/2296/2296
f 2295/2295/2295 2301/2301/2301 2302/2302/2302
f 2302/2302/2302 2296/2296/2296 2295/2295/2295
f 2296/2296/2296 2302/2302/2302 2303/2303/2303
f 2303/2303/2303 2299/2299/2299 2296/2296/2296
f 2304/2304/2304 2305/2305/2305 2306/2306/2306
f 2306/2306/2306 2307/2307/2307 2304/2304/2304
f 2308/2308/2308 2307/2307/2307 2306/2306/2306
f 2306/2306/2306 2309/2309/2309 2308/2308/2308
f 2310/2310/2310 2311/2311/2311 2304/2304/2304
f 2304/2304/2304 2307/2307/2307 2310/2310/2310
f 2310/2310/2310 2307/2307/2307 2308/2308/2308
f 2308/2308/2308 2312/2312/2312 2310/2310/2310
f 2313/2313/2313 2314/2314/2314 2315/2315/2315
f 2315/2315/2315 2316/2316/2316 2313/2313/2313
f 2317/2317/2317 2316/2316/2316 2315/2315/2315
f 2315/2315/2315 2318/2318/2318 2317/2317/2317
f 2319/2319/2319 2320/2320/2320 2313/2313/2313
f 2313/2313/2313 2316/2316/2316 2319/2319/2319
f 2319/2319/2319 2316/2316/2316 2317/2317/2317
f 2317/2317/2317 2321/2321/2321 2319/2319/2319
f 2322/2322/2322 2323/2323/2323 2324/2324/2324
f 2324/2324/2324 2325/2325/2325 2322/2322/2322
f 2326/2326/2326 2325/2325/2325 2324/2324/2324
f 2324/2324/2324 2327/2327/2327 2326/2326/2326
f 2328/2328/2328 2329/2329/2329 2322/2322/2322
f 2322/2322/2322 2325/2325/2325 2328/2328/2328
f 2328/2328/2328 2325/2325/2325 2326/2326/2326
f 2326/2326/2326 2330/2330/2330 2328/2328/2328
f 2331/2331/2331 2332/2332/2332 2333/2333/2333
f 2333/2333/2333 2334/2334/2334 2331/2331/2331
f 2335/2335/2335 2336/2336/2336 2332/2332/2332
f 2332/2332/2332 2331/2331/2331 2335/2335/2335
f 2333/2333/2333 2332/2332/2332 2337/2337/2337
f 2337/2337/2337 2338/2338/2338 2333/2333/2333
f 2336/2336/2336 2339/2339/2339 2337/2337/2337
f 2337/2337/2337 2332/2332/2332 2336/2336/2336
f 2340/2340/2340 2341/2341/2341 2342/2342/2342
f 2342/2342/2342 2343/2343/2343 2340/2340/2340
f 2344/2344/2344 2343/2343/2343 2342/2342/2342
f 2342/2342/2342 2345/2345/2345 2344/2344/2344
f 2346/2346/2346 2347/2347/2347 2340/2340/2340
f 2340/2340/2340 2343/2343/2343 2346/2346/2346
f 2346/2346/2346 2343/2343/2343 2344/2344/2344
f 2344/2344/2344 2348/2348/2348 2346/2346/2346
f 2349/2349/2349 2350/2350/2350 2351/2351/2351
f 2351/2351/2351 2352/2352/2352 2349/2349/2349
f 2353/2353/2353 2352/2352/2352 2351/2351/2351
f 2351/2351/2351 2354/2354/2354 2353/2353/2353
f 2355/2355/2355 2356/2356/2356 2349/2349/2349
f 2349/2349/2349 2352/2352/2352 2355/2355/2355
f 2355/2355/2355 2352/2352/2352 2353/2353/2353
f 2353/2353/2353 2357/2357/2357 2355/2355/2355
f 2358/2358/2358 2359/2359/2359 2360/2360/2360
f 2360/2360/2360 2361/2361/2361 2358/2358/2358
f 2359/2359/2359 2362/2362/2362 2363/2363/2363
f 2363/2363/2363 2360/2360/2360 2359/2359/2359
f 2361/2361/2361 2360/2360/2360 2364/2364/2364
f 2364/2364/2364 2365/2365/2365 2361/2361/2361
f 2360/2360/2360 2363/2363/2363 2366/2366/2366
f 2366/2366/2366 2364/2364/2364 2360/2360/2360
f 2367/2367/2367 2368/2368/2368 2369/2369/2369
f 2369/2369/2369 2370/2370/2370 2367/2367/2367
f 2371/2371/2371 2372/2372/2372 2368/2368/2368
f 2368/2368/2368 2367/2367/2367 2371/2371/2371
f 2369/2369/2369 2368/2368/2368 2373/2373/2373
f 2373/2373/2373 2374/2374/2374 2369/2369/2369
f 2368/2368/2368 2372/2372/2372 2375/2375/2375
f 2375/2375/2375 2373/2373/2373 2368/2368/2368
f 2376/2376/2376 2377/2377/2377 2378/2378/2378
f 2378/2378/2378 2379/2379/2379 2376/2376/2376
f 2376/2376/2376 2380/2380/2380 2381/2381/2381
f 2381/2381/2381 2377/2377/2377 2376/2376/2376
f 2378/2378/2378 2377/2377/2377 2382/2382/2382
f 2382/2382/2382 2383/2383/2383 2378/2378/2378
f 2377/2377/2377 2381/2381/2381 2384/2384/2384
f 2384/2384/2384 2382/2382/2382 2377/2377/2377
f 2385/2385/2385 2386/2386/2386 2387/2387/2387
f 2387/2387/2387 2388/2388/2388 2385/2385/2385
f 2388/2388/2388 2387/2387/2387 2389/2389/2389
f 2389/2389/2389 2390/2390/2390 2388/2388/2388
f 2391/2391/2391 2392/2392/2392 2385/2385/2385
f 2385/2385/2385 2388/2388/2388 2391/2391/2391
f 2393/2393/2393 2391/2391/2391 2388/2388/2388
f 2388/2388/2388 2390/2390/2390 2393/2393/2393
f 2394/2394/2394 2395/2395/2395 2396/2396/2396
f 2396/2396/2396 2397/2397/2397 2394/2394/2394
f 2394/2394/2394 2398/2398/2398 2399/2399/2399
f 2399/2399/2399 2395/2395/2395 2394/2394/2394
f 2396/2396/2396 2395/2395/2395 2400/2400/2400
f 2400/2400/2400 2401/2401/2401 2396/2396/2396
f 2399/2399/2399 2402/2402/2402 2400/2400/2400
f 2400/2400/2400 2395/2395/2395 2399/2399/2399
f 2403/2403/2403 2404/2404/2404 2405/2405/2405
f 2405/2405/2405 2406/2406/2406 2403/2403/2403
f 2407/2407/2407 2408/2408/2408 2403/2403/2403
f 2403/2403/2403 2406/2406/2406 2407/2407/2407
f 2409/2409/2409 2406/2406/2406 2405/2405/2405
f 2405/2405/2405 2410/2410/2410 2409/2409/2409
f 2407/2407/2407 2406/2406/2406 2409/2409/2409
f 2409/2409/2409 2411/2411/2411 2407/2407/2407
f 2412/2412/2412 2413/2413/2413 2414/2414/2414
f 2414/2414/2414 2415/2415/2415 2412/2412/2412
f 2416/2416/2416 2415/2415/2415 2414/2414/2414
f 2414/2414/2414 2417/2417/2417 2416/2416/2416
f 2418/2418/2418 2419/2419/2419 2412/2412/2412
f 2412/2412/2412 2415/2415/2415 2418/2418/2418
f 2418/2418/2418 2415/2415/2415 2416/2416/2416
f 2416/2416/2416 2420/2420/2420 2418/2418/2418
f 2421/2421/2421 2422/2422/2422 2423/2423/2423
f 2423/2423/2423 2424/2424/2424 2421/2421/2421
f 2424/2424/2424 2423/2423/2423 2425/2425/2425
f 2425/2425/2425 2426/2426/2426 2424/2424/2424
f 2427/2427/2427 2421/2421/2421 2424/2424/2424
f 2424/2424/2424 2428/2428/2428 2427/2427/2427
f 2429/2429/2429 2428/2428/2428 2424/2424/2424
f 2424/2424/2424 2426/2426/2426 2429/2429/2429
f 2430/2430/2430 2431/2431/2431 2432/2432/2432
f 2432/2432/2432 2433/2433/2433 2430/2430/2430
f 2434/2434/2434 2433/2433/2433 2432/2432/2432
f 2432/2432/2432 2435/2435/2435 2434/2434/2434
f 2436/2436/2436 2437/2437/2437 2430/2430/2430
f 2430/2430/2430 2433/2433/2433 2436/2436/2436
f 2436/2436/2436 2433/2433/2433 2434/2434/2434
f 2434/2434/2434 2438/2438/2438 2436/2436/2436
f 2439/2439/2439 2440/2440/2440 2441/2441/2441
f 2441/2441/2441 2442/2442/2442 2439/2439/2439
f 2442/2442/2442 2441/2441/2441 2443/2443/2443
f 2443/2443/2443 2444/2444/2444 2442/2442/2442
f 2445/2445/2445 2439/2439/2439 2442/2442/2442
f 2442/2442/2442 2446/2446/2446 2445/2445/2445
f 2447/2447/2447 2446/2446/2446 2442/2442/2442
f 2442/2442/2442 2444/2444/2444 2447/2447/2447
f 2448/2448/2448 2449/2449/2449 2450/2450/2450
f 2450/2450/2450 2451/2451/2451 2448/2448/2448
f 2452/2452/2452 2453/2453/2453 2449/2449/2449
f 2449/2449/2449 2448/2448/2448 2452/2452/2452
f 2450/2450/2450 2449/2449/2449 2454/2454/2454
f 2454/2454/2454 2455/2455/2455 2450/2450/2450
f 2449/2449/2449 2453/2453/2453 2456/2456/2456
f 2456/2456/2456 2454/2454/2454 2449/2449/2449
f 2457/2457/2457 2458/2458/2458 2459/2459/2459
f 2459/2459/2459 2460/2460/2460 2457/2457/2457
f 2461/2461/2461 2462/2462/2462 2458/2458/2458
f 2458/2458/2458 2457/2457/2457 2461/2461/2461
f 2459/2459/2459 2458/2458/2458 2463/2463/2463
f 2463/2463/2463 2464/2464/2464 2459/2459/2459
f 2462/2462/2462 2465/2465/2465 2463/2463/2463
f 2463/2463/2463 2458/2458/2458 2462/2462/2462
f 2466/2466/2466 2467/2467/2467 2468/2468/2468
f 2468/2468/2468 2469/2469/2469 2466/2466/2466
f 2470/2470/2470 2469/2469/2469 2468/2468/2468
f 2468/2468/2468 2471/2471/2471 2470/2470/2470
f 2472/2472/2472 2473/2473/2473 2466/2466/2466
f 2466/2466/2466 2469/2469/2469 2472/2472/2472
f 2472/2472/2472 2469/2469/2469 2470/2470/2470
f 2470/2470/2470 2474/2474/2474 2472/2472/2472
f 2475/2475/2475 2476/2476/2476 2477/2477/2477
f 2477/2477/2477 2478/2478/2478 2475/2475/2475
f 2479/2479/2479 2478/2478/2478 2477/2477/2477
f 2477/2477/2477 2480/2480/2480 2479/2479/2479
f 2481/2481/2481 2482/2482/2482 2475/2475/2475
f 2475/2475/2475 2478/2478/2478 2481/2481/2481
f 2481/2481/2481 2478/2478/2478 2479/2479/2479
f 2479/2479/2479 2483/2483/2483 2481/2481/2481
f 2484/2484/2484 2485/2485/2485 2486/2486/2486
f 2486/2486/2486 2487/2487/2487 2484/2484/2484
f 2488/2488/2488 2487/2487/2487 2486/2486/2486
f 2486/2486/2486 2489/2489/2489 2488/2488/2488
f 2490/2490/2490 2491/2491/2491 2484/2484/2484
f 2484/2484/2484 2487/2487/2487 2490/2490/2490
f 2490/2490/2490 2487/2487/2487 2488/2488/2488
f 2488/2488/2488 2492/2492/2492 2490/2490/2490
f 2493/2493/2493 2494/2494/2494 2495/2495/2495
f 2495/2495/2495 2496/2496/2496 2493/2493/2493
f 2497/2497/2497 2496/2496/2496 2495/2495/2495
f 2495/2495/2495 2498/2498/2498 2497/2497/2497
f 2499/2499/2499 2500/2500/2500 2493/2493/2493
f 2493/2493/2493 2496/2496/2496 2499/2499/2499
f 2499/2499/2499 2496/2496/2496 2497/2497/2497
f 2497/2497/2497 2501/2501/2501 2499/2499/2499
f 2502/2502/2502 2503/2503/2503 2504/2504/2504
f 2504/2504/2504 2505/2505/2505 2502/2502/2502
f 2506/2506/2506 2505/2505/2505 2504/2504/2504
f 2504/2504/2504 2507/2507/2507 2506/2506/2506
f 2508/2508/2508 2509/2509/2509 2502/2502/2502
f 2502/2502/2502 2505/2505/2505 2508/2508/2508
f 2508/2508/2508 2505/2505/2505 2506/2506/2506
f 2506/2506/2506 2510/2510/2510 2508/2508/2508
f 2511/2511/2511 2512/2512/2512 2513/2513/2513
f 2513/2513/2513 2514/2514/2514 2511/2511/2511
f 2515/2515/2515 2514/2514/2514 2513/2513/2513
f 2513/2513/2513 2516/2516/2516 2515/2515/2515
f 2517/2517/2517 2518/2518/2518 2511/2511/2511
f 2511/2511/2511 2514/2514/2514 2517/2517/2517
f 2517/2517/2517 2514/2514/2514 2515/2515/2515
f 2515/2515/2515 2519/2519/2519 2517/2517/2517
f 2520/2520/2520 2521/2521/2521 2522/2522/2522
f 2522/2522/2522 2523/2523/2523 2520/2520/2520
f 2523/2523/2523 2522/2522/2522 2524/2524/2524
f 2524/2524/2524 2525/2525/2525 2523/2523/2523
f 2526/2526/2526 2527/2527/2527 2520/2520/2520
f 2520/2520/2520 2523/2523/2523 2526/2526/2526
f 2528/2528/2528 2526/2526/2526 2523/2523/2523
f 2523/2523/2523 2525/2525/2525 2528/2528/2528
f 2529/2529/2529 2530/2530/2530 2531/2531/2531
f 2531/2531/2531 2532/2532/2532 2529/2529/2529
f 2531/2531/2531 2533/2533/2533 2534/2534/2534
f 2534/2534/2534 2532/2532/2532 2531/2531/2531
f 2529/2529/2529 2532/2532/2532 2535/2535/2535
f 2535/2535/2535 2536/2536/2536 2529/2529/2529
f 2532/2532/2532 2534/2534/2534 2537/2537/2537
f 2537/2537/2537 2535/2535/2535 2532/2532/2532
f 2538/2538/2538 2539/2539/2539 2540/2540/2540
f 2540/2540/2540 2541/2541/2541 2538/2538/2538
f 2540/2540/2540 2542/2542/2542 2543/2543/2543
f 2543/2543/2543 2541/2541/2541 2540/2540/2540
f 2538/2538/2538 2541/2541/2541 2544/2544/2544
f 2544/2544/2544 2545/2545/2545 2538/2538/2538
f 2541/2541/2541 2543/2543/2543 2546/2546/2546
f 2546/2546/2546 2544/2544/2544 2541/2541/2541
f 2547/2547/2547 2548/2548/2548 2549/2549/2549
f 2549/2549/2549 2550/2550/2550 2547/2547/2547
f 2549/2549/2549 2551/2551/2551 2552/2552/2552
f 2552/2552/2552 2550/2550/2550 2549/2549/2549
f 2547/2547/2547 2550/2550/2550 2553/2553/2553
f 2553/2553/2553 2554/2554/2554 2547/2547/2547
f 2550/2550/2550 2552/2552/2552 2555/2555/2555
f 2555/2555/2555 2553/2553/2553 2550/2550/2550
f 2556/2556/2556 2557/2557/2557 2558/2558/2558
f 2558/2558/2558 2559/2559/2559 2556/2556/2556
f 2558/2558/2558 2560/2560/2560 2561/2561/2561
f 2561/2561/2561 2559/2559/2559 2558/2558/2558
f 2556/2556/2556 2559/2559/2559 2562/2562/2562
f 2562/2562/2562 2563/2563/2563 2556/2556/2556
f 2559/2559/2559 2561/2561/2561 2564/2564/2564
f 2564/2564/2564 2562/2562/2562 2559/2559/2559
f 2565/2565/2565 2566/2566/2566 2567/2567/2567
f 2567/2567/2567 2568/2568/2568 2565/2565/2565
f 2567/2567/2567 2569/2569/2569 2570/2570/2570
f 2570/2570/2570 2568/2568/2568 2567/2567/2567
f 2565/2565/2565 2568/2568/2568 2571/2571/2571
f 2571/2571/2571 2572/2572/2572 2565/2565/2565
f 2568/2568/2568 2570/2570/2570 2573/2573/2573
f 2573/2573/2573 2571/2571/2571 2568/2568/2568
f 2574/2574/2574 2575/2575/2575 2576/2576/2576
f 2576/2576/2576 2577/2577/2577 2574/2574/2574
f 2578/2578/2578 2579/2579/2579 2575/2575/2575
f 2575/2575/2575 2574/2574/2574 2578/2578/2578
f 2576/2576/2576 2575/2575/2575 2580/2580/2580
f 2580/2580/2580 2581/2581/2581 2576/2576/2576
f 2579/2579/2579 2582/2582/2582 2580/2580/2580
f 2580/2580/2580 2575/2575/2575 2579/2579/2579
f 2583/2583/2583 2584/2584/2584 2585/2585/2585
f 2585/2585/2585 2586/2586/2586 2583/2583/2583
f 2587/2587/2587 2588/2588/2588 2584/2584/2584
f 2584/2584/2584 2583/2583/2583 2587/2587/2587
f 2585/2585/2585 2584/2584/2584 2589/2589/2589
f 2589/2589/2589 2590/2590/2590 2585/2585/2585
f 2588/2588/2588 2591/2591/2591 2589/2589/2589
f 2589/2589/2589 2584/2584/2584 2588/2588/2588
f 2592/2592/2592 2593/2593/2593 2594/2594/2594
f 2594/2594/2594 2595/2595/2595 2592/2592/2592
f 2592/2592/2592 2595/2595/2595 2596/2596/2596
f 2596/2596/2596 2597/2597/2597 2592/2592/2592
f 2598/2598/2598 2593/2593/2593 2592/2592/2592
f 2592/2592/2592 2599/2599/2599 2598/2598/2598
f 2600/2600/2600 2599/2599/2599 2592/2592/2592
f 2592/2592/2592 2597/2597/2597 2600/2600/2600
f 2601/2601/2601 2602/2602/2602 2603/2603/2603
f 2603/2603/2603 2604/2604/2604 2601/2601/2601
f 2605/2605/2605 2604/2604/2604 2603/2603/2603
f 2603/2603/2603 2606/2606/2606 2605/2605/2605
f 2607/2607/2607 2608/2608/2608 2601/2601/2601
f 2601/2601/2601 2604/2604/2604 2607/2607/2607
f 2607/2607/2607 2604/2604/2604 2605/2605/2605
f 2605/2605/2605 2609/2609/2609 2607/2607/2607
f 2610/2610/2610 2611/2611/2611 2612/2612/2612
f 2612/2612/2612 2613/2613/2613 2610/2610/2610
f 2614/2614/2614 2613/2613/2613 2612/2612/2612
f 2612/2612/2612 2615/2615/2615 2614/2614/2614
f 2616/2616/2616 2617/2617/2617 2610/2610/2610
f 2610/2610/2610 2613/2613/2613 2616/2616/2616
f 2616/2616/2616 2613/2613/2613 2614/2614/2614
f 2614/2614/2614 2618/2618/2618 2616/2616/2616
f 2619/2619/2619 2620/2620/2620 2621/2621/2621
f 2621/2621/2621 2622/2622/2622 2619/2619/2619
f 2622/2622/2622 2621/2621/2621 2623/2623/2623
f 2623/2623/2623 2624/2624/2624 2622/2622/2622
f 2625/2625/2625 2626/2626/2626 2619/2619/2619
f 2619/2619/2619 2622/2622/2622 2625/2625/2625
f 2627/2627/2627 2625/2625/2625 2622/2622/2622
f 2622/2622/2622 2624/2624/2624 2627/2627/2627
f 2628/2628/2628 2629/2629/2629 2630/2630/2630
f 2630/2630/2630 2631/2631/2631 2628/2628/2628
f 2632/2632/2632 2633/2633/2633 2629/2629/2629
f 2629/2629/2629 2628/2628/2628 2632/2632/2632
f 2630/2630/2630 2629/2629/2629 2634/2634/2634
f 2634/2634/2634 2635/2635/2635 2630/2630/2630
f 2633/2633/2633 2636/2636/2636 2634/2634/2634
f 2634/2634/2634 2629/2629/2629 2633/2633/2633
f 2637/2637/2637 2638/2638/2638 2639/2639/2639
f 2639/2639/2639 2640/2640/2640 2637/2637/2637
f 2641/2641/2641 2640/2640/2640 2639/2639/2639
f 2639/2639/2639 2642/2642/2642 2641/2641/2641
f 2643/2643/2643 2644/2644/2644 2637/2637/2637
f 2637/2637/2637 2640/2640/2640 2643/2643/2643
f 2645/2645/2645 2643/2643/2643 2640/2640/2640
f 2640/2640/2640 2641/2641/2641 2645/2645/2645
f 2646/2646/2646 2647/2647/2647 2648/2648/2648
f 2648/2648/2648 2649/2649/2649 2646/2646/2646
f 2650/2650/2650 2649/2649/2649 2648/2648/2648
f 2648/2648/2648 2651/2651/2651 2650/2650/2650
f 2652/2652/2652 2653/2653/2653 2646/2646/2646
f 2646/2646/2646 2649/2649/2649 2652/2652/2652
f 2652/2652/2652 2649/2649/2649 2650/2650/2650
f 2650/2650/2650 2654/2654/2654 2652/2652/2652
f 2655/2655/2655 2656/2656/2656 2657/2657/2657
f 2657/2657/2657 2658/2658/2658 2655/2655/2655
f 2655/2655/2655 2659/2659/2659 2660/2660/2660
f 2660/2660/2660 2656/2656/2656 2655/2655/2655
f 2657/2657/2657 2656/2656/2656 2661/2661/2661
f 2661/2661/2661 2662/2662/2662 2657/2657/2657
f 2656/2656/2656 2660/2660/2660 2663/2663/2663
f 2663/2663/2663 2661/2661/2661 2656/2656/2656
f 2664/2664/2664 2665/2665/2665 2666/2666/2666
f 2666/2666/2666 2667/2667/2667 2664/2664/2664
f 2668/2668/2668 2667/2667/2667 2666/2666/2666
f 2666/2666/2666 2669/2669/2669 2668/2668/2668
f 2670/2670/2670 2671/2671/2671 2664/2664/2664
f 2664/2664/2664 2667/2667/2667 2670/2670/2670
f 2670/2670/2670 2667/2667/2667 2668/2668/2668
f 2668/2668/2668 2672/2672/2672 2670/2670/2670
f 2673/2673/2673 2674/2674/2674 2675/2675/2675
f 2675/2675/2675 2676/2676/2676 2673/2673/2673
f 2677/2677/2677 2676/2676/2676 2675/2675/2675
f 2675/2675/2675 2678/2678/2678 2677/2677/2677
f 2679/2679/2679 2680/2680/2680 2673/2673/2673
f 2673/2673/2673 2676/2676/2676 2679/2679/2679
f 2679/2679/2679 2676/2676/2676 2677/2677/2677
f 2677/2677/2677 2681/2681/2681 2679/2679/2679
f 2682/2682/2682 2683/2683/2683 2684/2684/2684
f 2684/2684/2684 2685/2685/2685 2682/2682/2682
f 2686/2686/2686 2685/2685/2685 2684/2684/2684
f 2684/2684/2684 2687/2687/2687 2686/2686/2686
f 2688/2688/2688 2689/2689/2689 2682/2682/2682
f 2682/2682/2682 2685/2685/2685 2688/2688/2688
f 2688/2688/2688 2685/2685/2685 2686/2686/2686
f 2686/2686/2686 2690/2690/2690 2688/2688/2688
f 2691/2691/2691 2692/2692/2692 2693/2693/2693
f 2693/2693/2693 2694/2694/2694 2691/2691/2691
f 2695/2695/2695 2694/2694/2694 2693/2693/2693
f 2693/2693/2693 2696/2696/2696 2695/2695/2695
f 2697/2697/2697 2698/2698/2698 2691/2691/2691
f 2691/2691/2691 2694/2694/2694 2697/2697/2697
f 2697/2697/2697 2694/2694/2694 2695/2695/2695
f 2695/2695/2695 2699/2699/2699 2697/2697/2697
f 2700/2700/2700 2701/2701/2701 2702/2702/2702
f 2702/2702/2702 2703/2703/2703 2700/2700/2700
f 2704/2704/2704 2703/2703/2703 2702/2702/2702
f 2702/2702/2702 2705/2705/2705 2704/2704/2704
f 2706/2706/2706 2707/2707/2707 2700/2700/2700
f 2700/2700/2700 2703/2703/2703 2706/2706/2706
f 2708/2708/2708 2706/2706/2706 2703/2703/2703
f 2703/2703/2703 2704/2704/2704 2708/2708/2708
f 2709/2709/2709 2710/2710/2710 2711/2711/2711
f 2711/2711/2711 2712/2712/2712 2709/2709/2709
f 2709/2709/2709 2713/2713/2713 2714/2714/2714
f 2714/2714/2714 2710/2710/2710 2709/2709/2709
f 2711/2711/2711 2710/2710/2710 2715/2715/2715
f 2715/2715/2715 2716/2716/2716 2711/2711/2711
f 2714/2714/2714 2717/2717/2717 2715/2715/2715
f 2715/2715/2715 2710/2710/2710 2714/2714/2714
f 2718/2718/2718 2719/2719/2719 2720/2720/2720
f 2720/2720/2720 2721/2721/2721 2718/2718/2718
f 2722/2722/2722 2721/2721/2721 2720/2720/2720
f 2720/2720/2720 2723/2723/2723 2722/2722/2722
f 2724/2724/2724 2725/2725/2725 2718/2718/2718
f 2718/2718/2718 2721/2721/2721 2724/2724/2724
f 2724/2724/2724 2721/2721/2721 2722/2722/2722
f 2722/2722/2722 2726/2726/2726 2724/2724/2724
f 2727/2727/2727 2728/2728/2728 2729/2729/2729
f 2729/2729/2729 2730/2730/2730 2727/2727/2727
f 2727/2727/2727 2731/2731/2731 2732/2732/2732
f 2732/2732/2732 2728/2728/2728 2727/2727/2727
f 2729/2729/2729 2728/2728/2728 2733/2733/2733
f 2733/2733/2733 2734/2734/2734 2729/2729/2729
f 2732/2732/2732 2735/2735/2735 2733/2733/2733
f 2733/2733/2733 2728/2728/2728 2732/2732/2732
f 2736/2736/2736 2737/2737/2737 2738/2738/2738
f 2738/2738/2738 2739/2739/2739 2736/2736/2736
f 2740/2740/2740 2739/2739/2739 2738/2738/2738
f 2738/2738/2738 2741/2741/2741 2740/2740/2740
f 2742/2742/2742 2743/2743/2743 2736/2736/2736
f 2736/2736/2736 2739/2739/2739 2742/2742/2742
f 2742/2742/2742 2739/2739/2739 2740/2740/2740
f 2740/2740/2740 2744/2744/2744 2742/2742/2742
f 2745/2745/2745 2746/2746/2746 2747/2747/2747
f 2747/2747/2747 2748/2748/2748 2745/2745/2745
f 2746/2746/2746 2749/2749/2749 2750/2750/2750
f 2750/2750/2750 2747/2747/2747 2746/2746/2746
f 2745/2745/2745 2751/2751/2751 2752/2752/2752
f 2752/2752/2752 2746/2746/2746 2745/2745/2745
f 2746/2746/2746 2752/2752/2752 2753/2753/2753
f 2753/2753/2753 2749/2749/2749 2746/2746/2746
f 2754/2754/2754 2755/2755/2755 2756/2756/2756
f 2756/2756/2756 2757/2757/2757 2754/2754/2754
f 2758/2758/2758 2757/2757/2757 2756/2756/2756
f 2756/2756/2756 2759/2759/2759 2758/2758/2758
f 2760/2760/2760 2761/2761/2761 2754/2754/2754
f 2754/2754/2754 2757/2757/2757 2760/2760/2760
f 2760/2760/2760 2757/2757/2757 2758/2758/2758
f 2758/2758/2758 2762/2762/2762 2760/2760/2760
f 2763/2763/2763 2764/2764/2764 2765/2765/2765
f 2765/2765/2765 2766/2766/2766 2763/2763/2763
f 2767/2767/2767 2766/2766/2766 2765/2765/2765
f 2765/2765/2765 2768/2768/2768 2767/2767/2767
f 2769/2769/2769 2770/2770/2770 2763/2763/2763
f 2763/2763/2763 2766/2766/2766 2769/2769/2769
f 2769/2769/2769 2766/2766/2766 2767/2767/2767
f 2767/2767/2767 2771/2771/2771 2769/2769/2769
f 2772/2772/2772 2773/2773/2773 2774/2774/2774
f 2774/2774/2774 2775/2775/2775 2772/2772/2772
f 2776/2776/2776 2775/2775/2775 2774/2774/2774
f 2774/2774/2774 2777/2777/2777 2776/2776/2776
f 2778/2778/2778 2779/2779/2779 2772/2772/2772
f 2772/2772/2772 2775/2775/2775 2778/2778/2778
f 2778/2778/2778 2775/2775/2775 2776/2776/2776
f 2776/2776/2776 2780/2780/2780 2778/2778/2778
f 2781/2781/2781 2782/2782/2782 2783/2783/2783
f 2783/2783/2783 2784/2784/2784 2781/2781/2781
f 2785/2785/2785 2786/2786/2786 2782/2782/2782
f 2782/2782/2782 2781/2781/2781 2785/2785/2785
f 2783/2783/2783 2782/2782/2782 2787/2787/2787
f 2787/2787/2787 2788/2788/2788 2783/2783/2783
f 2786/2786/2786 2789/2789/2789 2787/2787/2787
f 2787/2787/2787 2782/2782/2782 2786/2786/2786
f 2790/2790/2790 2791/2791/2791 2792/2792/2792
f 2792/2792/2792 2793/2793/2793 2790/2790/2790
f 2794/2794/2794 2793/2793/2793 2792/2792/2792
f 2792/2792/2792 2795/2795/2795 2794/2794/2794
f 2796/2796/2796 2797/2797/2797 2790/2790/2790
f 2790/2790/2790 2793/2793/2793 2796/2796/2796
f 2796/2796/2796 2793/2793/2793 2794/2794/2794
f 2794/2794/2794 2798/2798/2798 2796/2796/2796
f 2799/2799/2799 2800/2800/2800 2801/2801/2801
f 2801/2801/2801 2802/2802/2802 2799/2799/2799
f 2803/2803/2803 2802/2802/2802 2801/2801/2801
f 2801/2801/2801 2804/2804/2804 2803/2803/2803
f 2805/2805/2805 2806/2806/2806 2799/2799/2799
f 2799/2799/2799 2802/2802/2802 2805/2805/2805
f 2805/2805/2805 2802/2802/2802 2803/2803/2803
f 2803/2803/2803 2807/2807/2807 2805/2805/2805
f 2808/2808/2808 2809/2809/2809 2810/2810/2810
f 2810/2810/2810 2811/2811/2811 2808/2808/2808
f 2809/2809/2809 2812/2812/2812 2813/2813/2813
f 2813/2813/2813 2810/2810/2810 2809/2809/2809
f 2811/2811/2811 2810/2810/2810 2814/2814/2814
f 2814/2814/2814 2815/2815/2815 2811/2811/2811
f 2810/2810/2810 2813/2813/2813 2816/2816/2816
f 2816/2816/2816 2814/2814/2814 2810/2810/2810
f 2817/2817/2817 2818/2818/2818 2819/2819/2819
f 2819/2819/2819 2820/2820/2820 2817/2817/2817
f 2821/2821/2821 2822/2822/2822 2818/2818/2818
f 2818/2818/2818 2817/2817/2817 2821/2821/2821
f 2819/2819/2819 2818/2818/2818 2823/2823/2823
f 2823/2823/2823 2824/2824/2824 2819/2819/2819
f 2818/2818/2818 2822/2822/2822 2825/2825/2825
f 2825/2825/2825 2823/2823/2823 2818/2818/2818
f 2826/2826/2826 2827/2827/2827 2828/2828/2828
f 2828/2828/2828 2829/2829/2829 2826/2826/2826
f 2826/2826/2826 2830/2830/2830 2831/2831/2831
f 2831/2831/2831 2827/2827/2827 2826/2826/2826
f 2828/2828/2828 2827/2827/2827 2832/2832/2832
f 2832/2832/2832 2833/2833/2833 2828/2828/2828
f 2827/2827/2827 2831/2831/2831 2834/2834/2834
f 2834/2834/2834 2832/2832/2832 2827/2827/2827
f 2835/2835/2835 2836/2836/2836 2837/2837/2837
f 2837/2837/2837 2838/2838/2838 2835/2835/2835
f 2838/2838/2838 2837/2837/2837 2839/2839/2839
f 2839/2839/2839 2840/2840/2840 2838/2838/2838
f 2841/2841/2841 2842/2842/2842 2835/2835/2835
f 2835/2835/2835 2838/2838/2838 2841/2841/2841
f 2843/2843/2843 2841/2841/2841 2838/2838/2838
f 2838/2838/2838 2840/2840/2840 2843/2843/2843
f 2844/2844/2844 2845/2845/2845 2846/2846/2846
f 2846/2846/2846 2847/2847/2847 2844/2844/2844
f 2844/2844/2844 2848/2848/2848 2849/2849/2849
f 2849/2849/2849 2845/2845/2845 2844/2844/2844
f 2846/2846/2846 2845/2845/2845 2850/2850/2850
f 2850/2850/2850 2851/2851/2851 2846/2846/2846
f 2849/2849/2849 2852/2852/2852 2850/2850/2850
f 2850/2850/2850 2845/2845/2845 2849/2849/2849
f 2853/2853/2853 2854/2854/2854 2855/2855/2855
f 2855/2855/2855 2856/2856/2856 2853/2853/2853
f 2857/2857/2857 2858/2858/2858 2853/2853/2853
f 2853/2853/2853 2856/2856/2856 2857/2857/2857
f 2859/2859/2859 2856/2856/2856 2855/2855/2855
f 2855/2855/2855 2860/2860/2860 2859/2859/2859
f 2857/2857/2857 2856/2856/2856 2859/2859/2859
f 2859/2859/2859 2861/2861/2861 2857/2857/2857
f 2862/2862/2862 2863/2863/2863 2864/2864/2864
f 2864/2864/2864 2865/2865/2865 2862/2862/2862
f 2866/2866/2866 2865/2865/2865 2864/2864/2864
f 2864/2864/2864 2867/2867/2867 2866/2866/2866
f 2868/2868/2868 2869/2869/2869 2862/2862/2862
f 2862/2862/2862 2865/2865/2865 2868/2868/2868
f 2868/2868/2868 2865/2865/2865 2866/2866/2866
f 2866/2866/2866 2870/2870/2870 2868/2868/2868
f 2871/2871/2871 2872/2872/2872 2873/2873/2873
f 2873/2873/2873 2874/2874/2874 2871/2871/2871
f 2874/2874/2874 2873/2873/2873 2875/2875/2875
f 2875/2875/2875 2876/2876/2876 2874/2874/2874
f 2877/2877/2877 2871/2871/2871 2874/2874/2874
f 2874/2874/2874 2878/2878/2878 2877/2877/2877
f 2879/2879/2879 2878/2878/2878 2874/2874/2874
f 2874/2874/2874 2876/2876/2876 2879/2879/2879
f 2880/2880/2880 2881/2881/2881 2882/2882/2882
f 2882/2882/2882 2883/2883/2883 2880/2880/2880
f 2884/2884/2884 2883/2883/2883 2882/2882/2882
f 2882/2882/2882 2885/2885/2885 2884/2884/2884
f 2886/2886/2886 2887/2887/2887 2880/2880/2880
f 2880/2880/2880 2883/2883/2883 2886/2886/2886
f 2886/2886/2886 2883/2883/2883 2884/2884/2884
f 2884/2884/2884 2888/2888/2888 2886/2886/2886
f 2889/2889/2889 2890/2890/2890 2891/2891/2891
f 2891/2891/2891 2892/2892/2892 2889/2889/2889
f 2892/2892/2892 2891/2891/2891 2893/2893/2893
f 2893/2893/2893 2894/2894/2894 2892/2892/2892
f 2895/2895/2895 2889/2889/2889 2892/2892/2892
f 2892/2892/2892 2896/2896/2896 2895/2895/2895
f 2897/2897/2897 2896/2896/2896 2892/2892/2892
f 2892/2892/2892 2894/2894/2894 2897/2897/2897
f 2898/2898/2898 2899/2899/2899 2900/2900/2900
f 2900/2900/2900 2901/2901/2901 2898/2898/2898
f 2902/2902/2902 2903/2903/2903 2899/2899/2899
f 2899/2899/2899 2898/2898/2898 2902/2902/2902
f 2900/2900/2900 2899/2899/2899 2904/2904/2904
f 2904/2904/2904 2905/2905/2905 2900/2900/2900
f 2899/2899/2899 2903/2903/2903 2906/2906/2906
f 2906/2906/2906 2904/2904/2904 2899/2899/2899
f 2907/2907/2907 2908/2908/2908 2909/2909/2909
f 2909/2909/2909 2910/2910/2910 2907/2907/2907
f 2911/2911/2911 2912/2912/2912 2908/2908/2908
f 2908/2908/2908 2907/2907/2907 2911/2911/2911
f 2909/2909/2909 2908/2908/2908 2913/2913/2913
f 2913/2913/2913 2914/2914/2914 2909/2909/2909
f 2912/2912/2912 2915/2915/2915 2913/2913/2913
f 2913/2913/2913 2908/2908/2908 2912/2912/2912
f 2916/2916/2916 2917/2917/2917 2918/2918/2918
f 2918/2918/2918 2919/2919/2919 2916/2916/2916
f 2920/2920/2920 2919/2919/2919 2918/2918/2918
f 2918/2918/2918 2921/2921/2921 2920/2920/2920
f 2922/2922/2922 2923/2923/2923 2916/2916/2916
f 2916/2916/2916 2919/2919/2919 2922/2922/2922
f 2922/2922/2922 2919/2919/2919 2920/2920/2920
f 2920/2920/2920 2924/2924/2924 2922/2922/2922
f 2925/2925/2925 2926/2926/2926 2927/2927/2927
f 2927/2927/2927 2928/2928/2928 2925/2925/2925
f 2929/2929/2929 2928/2928/2928 2927/2927/2927
f 2927/2927/2927 2930/2930/2930 2929/2929/2929
f 2931/2931/2931 2932/2932/2932 2925/2925/2925
f 2925/2925/2925 2928/2928/2928 2931/2931/2931
f 2931/2931/2931 2928/2928/2928 2929/2929/2929
f 2929/2929/2929 2933/2933/2933 2931/2931/2931
f 2934/2934/2934 2935/2935/2935 2936/2936/2936
f 2936/2936/2936 2937/2937/2937 2934/2934/2934
f 2938/2938/2938 2937/2937/2937 2936/2936/2936
f 2936/2936/2936 2939/2939/2939 2938/2938/2938
f 2940/2940/2940 2941/2941/2941 2934/2934/2934
f 2934/2934/2934 2937/2937/2937 2940/2940/2940
f 2940/2940/2940 2937/2937/2937 2938/2938/2938
f 2938/2938/2938 2942/2942/2942 2940/2940/2940
f 2943/2943/2943 2944/2944/2944 2945/2945/2945
f 2945/2945/2945 2946/2946/2946 2943/2943/2943
f 2947/2947/2947 2946/2946/2946 2945/2945/2945
f 2945/2945/2945 2948/2948/2948 2947/2947/2947
f 2949/2949/2949 2950/2950/2950 2943/2943/2943
f 2943/2943/2943 2946/2946/2946 2949/2949/2949
f 2949/2949/2949 2946/2946/2946 2947/2947/2947
f 2947/2947/2947 2951/2951/2951 2949/2949/2949
f 2952/2952/2952 2953/2953/2953 2954/2954/2954
f 2954/2954/2954 2955/2955/2955 2952/2952/2952
f 2956/2956/2956 2955/2955/2955 2954/2954/2954
f 2954/2954/2954 2957/2957/2957 2956/2956/2956
f 2958/2958/2958 2959/2959/2959 2952/2952/2952
f 2952/2952/2952 2955/2955/2955 2958/2958/2958
f 2958/2958/2958 2955/2955/2955 2956/2956/2956
f 2956/2956/2956 2960/2960/2960 2958/2958/2958
f 2961/2961/2961 2962/2962/2962 2963/2963/2963
f 2963/2963/2963 2964/2964/2964 2961/2961/2961
f 2965/2965/2965 2964/2964/2964 2963/2963/2963
f 2963/2963/2963 2966/2966/2966 2965/2965/2965
f 2967/2967/2967 2968/2968/2968 2961/2961/2961
f 2961/2961/2961 2964/2964/2964 2967/2967/2967
f 2967/2967/2967 2964/2964/2964 2965/2965/2965
f 2965/2965/2965 2969/2969/2969 2967/2967/2967
f 2970/2970/2970 2971/2971/2971 2972/2972/2972
f 2972/2972/2972 2973/2973/2973 2970/2970/2970
f 2973/2973/2973 2972/2972/2972 2974/2974/2974
f 2974/2974/2974 2975/2975/2975 2973/2973/2973
f 2976/2976/2976 2977/2977/2977 2970/2970/2970
f 2970/2970/2970 2973/2973/2973 2976/2976/2976
f 2978/2978/2978 2976/2976/2976 2973/2973/2973
f 2973/2973/2973 2975/2975/2975 2978/2978/2978
f 2979/2979/2979 2980/2980/2980 2981/2981/2981
f 2981/2981/2981 2982/2982/2982 2979/2979/2979
f 2981/2981/2981 2983/2983/2983 2984/2984/2984
f 2984/2984/2984 2982/2982/2982 2981/2981/2981
f 2979/2979/2979 2982/2982/2982 2985/2985/2985
f 2985/2985/2985 2986/2986/2986 2979/2979/2979
f 2982/2982/2982 2984/2984/2984 2987/2987/2987
f 2987/2987/2987 2985/2985/2985 2982/2982/2982
f 2988/2988/2988 2989/2989/2989 2990/2990/2990
f 2990/2990/2990 2991/2991/2991 2988/2988/2988
f 2990/2990/2990 2992/2992/2992 2993/2993/2993
f 2993/2993/2993 2991/2991/2991 2990/2990/2990
f 2988/2988/2988 2991/2991/2991 2994/2994/2994
f 2994/2994/2994 2995/2995/2995 2988/2988/2988
f 2991/2991/2991 2993/2993/2993 2996/2996/2996
f 2996/2996/2996 2994/2994/2994 2991/2991/2991
f 2997/2997/2997 2998/2998/2998 2999/2999/2999
f 2999/2999/2999 3000/3000/3000 2997/2997/2997
f 2999/2999/2999 3001/3001/3001 3002/3002/3002
f 3002/3002/3002 3000/3000/3000 2999/2999/2999
f 2997/2997/2997 3000/3000/3000 3003/3003/3003
f 3003/3003/3003 3004/3004/3004 2997/2997/2997
f 3000/3000/3000 3002/3002/3002 3005/3005/3005
f 3005/3005/3005 3003/3003/3003 3000/3000/3000
f 3006/3006/3006 3007/3007/3007 3008/3008/3008
f 3008/3008/3008 3009/3009/3009 3006/3006/3006
f 3008/3008/3008 3010/3010/3010 3011/3011/3011
f 3011/3011/3011 3009/3009/3009 3008/3008/3008
f 3006/3006/3006 3009/3009/3009 3012/3012/3012
f 3012/3012/3012 3013/3013/3013 3006/3006/3006
f 3009/3009/3009 3011/3011/3011 3014/3014/3014
f 3014/3014/3014 3012/3012/3012 3009/3009/3009
f 3015/3015/3015 3016/3016/3016 3017/3017/3017
f 3017/3017/3017 3018/3018/3018 3015/3015/3015
f 3017/3017/3017 3019/3019/3019 3020/3020/3020
f 3020/3020/3020 3018/3018/3018 3017/3017/3017
f 3015/3015/3015 3018/3018/3018 3021/3021/3021
f 3021/3021/3021 3022/3022/3022 3015/3015/3015
f 3018/3018/3018 3020/3020/3020 3023/3023/3023
f 3023/3023/3023 3021/3021/3021 3018/3018/3018
f 3024/3024/3024 3025/3025/3025 3026/3026/3026
f 3026/3026/3026 3027/3027/3027 3024/3024/3024
f 3028/3028/3028 3029/3029/3029 3025/3025/3025
f 3025/3025/3025 3024/3024/3024 3028/3028/3028
f 3026/3026/3026 3025/3025/3025 3030/3030/3030
f 3030/3030/3030 3031/3031/3031 3026/3026/3026
f 3029/3029/3029 3032/3032/3032 3030/3030/3030
f 3030/3030/3030 3025/3025/3025 3029/3029/3029
f 3033/3033/3033 3034/3034/3034 3035/3035/3035
f 3035/3035/3035 3036/3036/3036 3033/3033/3033
f 3037/3037/3037 3038/3038/3038 3034/3034/3034
f 3034/3034/3034 3033/3033/3033 3037/3037/3037
f 3035/3035/3035 3034/3034/3034 3039/3039/3039
f 3039/3039/3039 3040/3040/3040 3035/3035/3035
f 3038/3038/3038 3041/3041/3041 3039/3039/3039
f 3039/3039/3039 3034/3034/3034 3038/3038/3038
f 3042/3042/3042 3043/3043/3043 3044/3044/3044
f 3044/3044/3044 3045/3045/3045 3042/3042/3042
f 3042/3042/3042 3045/3045/3045 3046/3046/3046
f 3046/3046/3046 3047/3047/3047 3042/3042/3042
f 3048/3048/3048 3043/3043/3043 3042/3042/3042
f 3042/3042/3042 3049/3049/3049 3048/3048/3048
f 3050/3050/3050 3049/3049/3049 3042/3042/3042
f 3042/3042/3042 3047/3047/3047 3050/3050/3050
f 3051/3051/3051 3052/3052/3052 3053/3053/3053
f 3053/3053/3053 3054/3054/3054 3051/3051/3051
f 3055/3055/3055 3054/3054/3054 3053/3053/3053
f 3053/3053/3053 3056/3056/3056 3055/3055/3055
f 3057/3057/3057 3058/3058/3058 3051/3051/3051
f 3051/3051/3051 3054/3054/3054 3057/3057/3057
f 3057/3057/3057 3054/3054/3054 3055/3055/3055
f 3055/3055/3055 3059/3059/3059 3057/3057/3057
f 3060/3060/3060 3061/3061/3061 3062/3062/3062
f 3062/3062/3062 3063/3063/3063 3060/3060/3060
f 3064/3064/3064 3063/3063/3063 3062/3062/3062
f 3062/3062/3062 3065/3065/3065 3064/3064/3064
f 3066/3066/3066 3067/3067/3067 3060/3060/3060
f 3060/3060/3060 3063/3063/3063 3066/3066/3066
f 3066/3066/3066 3063/3063/3063 3064/3064/3064
f 3064/3064/3064 3068/3068/3068 3066/3066/3066
f 3069/3069/3069 3070/3070/3070 3071/3071/3071
f 3071/3071/3071 3072/3072/3072 3069/3069/3069
f 3072/3072/3072 3071/3071/3071 3073/3073/3073
f 3073/3073/3073 3074/3074/3074 3072/3072/3072
f 3075/3075/3075 3076/3076/3076 3069/3069/3069
f 3069/3069/3069 3072/3072/3072 3075/3075/3075
f 3077/3077/3077 3075/3075/3075 3072/3072/3072
f 3072/3072/3072 3074/3074/3074 3077/3077/3077
f 3078/3078/3078 3079/3079/3079 3080/3080/3080
f 3080/3080/3080 3081/3081/3081 3078/3078/3078
f 3082/3082/3082 3083/3083/3083 3079/3079/3079
f 3079/3079/3079 3078/3078/3078 3082/3082/3082
f 3080/3080/3080 3079/3079/3079 3084/3084/3084
f 3084/3084/3084 3085/3085/3085 3080/3080/3080
f 3083/3083/3083 3086/3086/3086 3084/3084/3084
f 3084/3084/3084 3079/3079/3079 3083/3083/3083
f 3087/3087/3087 3088/3088/3088 3089/3089/3089
f 3089/3089/3089 3090/3090/3090 3087/3087/3087
f 3091/3091/3091 3090/3090/3090 3089/3089/3089
f 3089/3089/3089 3092/3092/3092 3091/3091/3091
f 3093/3093/3093 3094/3094/3094 3087/3087/3087
f 3087/3087/3087 3090/3090/3090 3093/3093/3093
f 3095/3095/3095 3093/3093/3093 3090/3090/3090
f 3090/3090/3090 3091/3091/3091 3095/3095/3095
f 3096/3096/3096 3097/3097/3097 3098/3098/3098
f 3098/3098/3098 3099/3099/3099 3096/3096/3096
f 3100/3100/3100 3099/3099/3099 3098/3098/3098
f 3098/3098/3098 3101/3101/3101 3100/3100/3100
f 3102/3102/3102 3103/3103/3103 3096/3096/3096
f 3096/3096/3096 3099/3099/3099 3102/3102/3102
f 3102/3102/3102 3099/3099/3099 3100/3100/3100
f 3100/3100/3100 3104/3104/3104 3102/3102/3102
f 3105/3105/3105 3106/3106/3106 3107/3107/3107
f 3107/3107/3107 3108/3108/3108 3105/3105/3105
f 3105/3105/3105 3109/3109/3109 3110/3110/3110
f 3110/3110/3110 3106/3106/3106 3105/3105/3105
f 3107/3107/3107 3106/3106/3106 3111/3111/3111
f 3111/3111/3111 3112/3112/3112 3107/3107/3107
f 3106/3106/3106 3110/3110/3110 3113/3113/3113
f 3113/3113/3113 3111/3111/3111 3106/3106/3106
f 3114/3114/3114 3115/3115/3115 3116/3116/3116
f 3116/3116/3116 3117/3117/3117 3114/3114/3114
f 3118/3118/3118 3117/3117/3117 3116/3116/3116
f 3116/3116/3116 3119/3119/3119 3118/3118/3118
f 3120/3120/3120 3121/3121/3121 3114/3114/3114
f 3114/3114/3114 3117/3117/3117 3120/3120/3120
f 3120/3120/3120 3117/3117/3117 3118/3118/3118
f 3118/3118/3118 3122/3122/3122 3120/3120/3120
f 3123/3123/3123 3124/3124/3124 3125/3125/3125
f 3125/3125/3125 3126/3126/3126 3123/3123/3123
f 3127/3127/3127 3126/3126/3126 3125/3125/3125
f 3125/3125/3125 3128/3128/3128 3127/3127/3127
f 3129/3129/3129 3130/3130/3130 3123/3123/3123
f 3123/3123/3123 3126/3126/3126 3129/3129/3129
f 3129/3129/3129 3126/3126/3126 3127/3127/3127
f 3127/3127/3127 3131/3131/3131 3129/3129/3129
f 3132/3132/3132 3133/3133/3133 3134/3134/3134
f 3134/3134/3134 3135/3135/3135 3132/3132/3132
f 3136/3136/3136 3135/3135/3135 3134/3134/3134
f 3134/3134/3134 3137/3137/3137 3136/3136/3136
f 3138/3138/3138 3139/3139/3139 3132/3132/3132
f 3132/3132/3132 3135/3135/3135 3138/3138/3138
f 3138/3138/3138 3135/3135/3135 3136/3136/3136
f 3136/3136/3136 3140/3140/3140 3138/3138/3138
f 3141/3141/3141 3142/3142/3142 3143/3143/3143
f 3143/3143/3143 3144/3144/3144 3141/3141/3141
f 3145/3145/3145 3144/3144/3144 3143/3143/3143
f 3143/3143/3143 3146/3146/3146 3145/3145/3145
f 3147/3147/3147 3148/3148/3148 3141/3141/3141
f 3141/3141/3141 3144/3144/3144 3147/3147/3147
f 3147/3147/3147 3144/3144/3144 3145/3145/3145
f 3145/3145/3145 3149/3149/3149 3147/3147/3147
f 3150/3150/3150 3151/3151/3151 3152/3152/3152
f 3152/3152/3152 3153/3153/3153 3150/3150/3150
f 3154/3154/3154 3153/3153/3153 3152/3152/3152
f 3152/3152/3152 3155/3155/3155 3154/3154/3154
f 3156/3156/3156 3157/3157/3157 3150/3150/3150
f 3150/3150/3150 3153/3153/3153 3156/3156/3156
f 3158/3158/3158 3156/3156/3156 3153/3153/3153
f 3153/3153/3153 3154/3154/3154 3158/3158/3158
f 3159/3159/3159 3160/3160/3160 3161/3161/3161
f 3161/3161/3161 3162/3162/3162 3159/3159/3159
f 3159/3159/3159 3163/3163/3163 3164/3164/3164
f 3164/3164/3164 3160/3160/3160 3159/3159/3159
f 3161/3161/3161 3160/3160/3160 3165/3165/3165
f 3165/3165/3165 3166/3166/3166 3161/3161/3161
f 3164/3164/3164 3167/3167/3167 3165/3165/3165
f 3165/3165/3165 3160/3160/3160 3164/3164/3164
f 3168/3168/3168 3169/3169/3169 3170/3170/3170
f 3170/3170/3170 3171/3171/3171 3168/3168/3168
f 3172/3172/3172 3171/3171/3171 3170/3170/3170
f 3170/3170/3170 3173/3173/3173 3172/3172/3172
f 3174/3174/3174 3175/3175/3175 3168/3168/3168
f 3168/3168/3168 3171/3171/3171 3174/3174/3174
f 3174/3174/3174 3171/3171/3171 3172/3172/3172
f 3172/3172/3172 3176/3176/3176 3174/3174/3174
f 3177/3177/3177 3178/3178/3178 3179/3179/3179
f 3179/3179/3179 3180/3180/3180 3177/3177/3177
f 3177/3177/3177 3181/3181/3181 3182/3182/3182
f 3182/3182/3182 3178/3178/3178 3177/3177/3177
f 3179/3179/3179 3178/3178/3178 3183/3183/3183
f 3183/3183/3183 3184/3184/3184 3179/3179/3179
f 3182/3182/3182 3185/3185/3185 3183/3183/3183
f 3183/3183/3183 3178/3178/3178 3182/3182/3182
f 3186/3186/3186 3187/3187/3187 3188/3188/3188
f 3188/3188/3188 3189/3189/3189 3186/3186/3186
f 3190/3190/3190 3189/3189/3189 3188/3188/3188
f 3188/3188/3188 3191/3191/3191 3190/3190/3190
f 3192/3192/3192 3193/3193/3193 3186/3186/3186
f 3186/3186/3186 3189/3189/3189 3192/3192/3192
f 3192/3192/3192 3189/3189/3189 3190/3190/3190
f 3190/3190/3190 3194/3194/3194 3192/3192/3192
f 3195/3195/3195 3196/3196/3196 3197/3197/3197
f 3197/3197/3197 3198/3198/3198 3195/3195/3195
f 3196/3196/3196 3199/3199/3199 3200/3200/3200
f 3200/3200/3200 3197/3197/3197 3196/3196/3196
f 3195/3195/3195 3201/3201/3201 3202/3202/3202
f 3202/3202/3202 3196/3196/3196 3195/3195/3195
f 3196/3196/3196 3202/3202/3202 3203/3203/3203
f 3203/3203/3203 3199/3199/3199 3196/3196/3196
f 3204/3204/3204 3205/3205/3205 3206/3206/3206
f 3206/3206/3206 3207/3207/3207 3204/3204/3204
f 3208/3208/3208 3207/3207/3207 3206/3206/3206
f 3206/3206/3206 3209/3209/3209 3208/3208/3208
f 3210/3210/3210 3211/3211/3211 3204/3204/3204
f 3204/3204/3204 3207/3207/3207 3210/3210/3210
f 3210/3210/3210 3207/3207/3207 3208/3208/3208
f 3208/3208/3208 3212/3212/3212 3210/3210/3210
f 3213/3213/3213 3214/3214/3214 3215/3215/3215
f 3215/3215/3215 3216/3216/3216 3213/3213/3213
f 3217/3217/3217 3216/3216/3216 3215/3215/3215
f 3215/3215/3215 3218/3218/3218 3217/3217/3217
f 3219/3219/3219 3220/3220/3220 3213/3213/3213
f 3213/3213/3213 3216/3216/3216 3219/3219/3219
f 3219/3219/3219 3216/3216/3216 3217/3217/3217
f 3217/3217/3217 3221/3221/3221 3219/3219/3219
f 3222/3222/3222 3223/3223/3223 3224/3224/3224
f 3224/3224/3224 3225/3225/3225 3222/3222/3222
f 3226/3226/3226 3225/3225/3225 3224/3224/3224
f 3224/3224/3224 3227/3227/3227 3226/3226/3226
f 3228/3228/3228 3229/3229/3229 3222/3222/3222
f 3222/3222/3222 3225/3225/3225 3228/3228/3228
f 3228/3228/3228 3225/3225/3225 3226/3226/3226
f 3226/3226/3226 3230/3230/3230 3228/3228/3228
f 3231/3231/3231 3232/3232/3232 3233/3233/3233
f 3233/3233/3233 3234/3234/3234 3231/3231/3231
f 3235/3235/3235 3236/3236/3236 3232/3232/3232
f 3232/3232/3232 3231/3231/3231 3235/3235/3235
f 3233/3233/3233 3232/3232/3232 3237/3237/3237
f 3237/3237/3237 3238/3238/3238 3233/3233/3233
f 3236/3236/3236 3239/3239/3239 3237/3237/3237
f 3237/3237/3237 3232/3232/3232 3236/3236/3236
f 3240/3240/3240 3241/3241/3241 3242/3242/3242
f 3242/3242/3242 3243/3243/3243 3240/3240/3240
f 3244/3244/3244 3243/3243/3243 3242/3242/3242
f 3242/3242/3242 3245/3245/3245 3244/3244/3244
f 3246/3246/3246 3247/3247/3247 3240/3240/3240
f 3240/3240/3240 3243/3243/3243 3246/3246/3246
f 3246/3246/3246 3243/3243/3243 3244/3244/3244
f 3244/3244/3244 3248/3248/3248 3246/3246/3246
f 3249/3249/3249 3250/3250/3250 3251/3251/3251
f 3251/3251/3251 3252/3252/3252 3249/3249/3249
f 3253/3253/3253 3252/3252/3252 3251/3251/3251
f 3251/3251/3251 3254/3254/3254 3253/3253/3253
f 3255/3255/3255 3256/3256/3256 3249/3249/3249
f 3249/3249/3249 3252/3252/3252 3255/3255/3255
f 3255/3255/3255 3252/3252/3252 3253/3253/3253
f 3253/3253/3253 3257/3257/3257 3255/3255/3255
f 3258/3258/3258 3259/3259/3259 3260/3260/3260
f 3260/3260/3260 3261/3261/3261 3258/3258/3258
f 3259/3259/3259 3262/3262/3262 3263/3263/3263
f 3263/3263/3263 3260/3260/3260 3259/3259/3259
f 3261/3261/3261 3260/3260/3260 3264/3264/3264
f 3264/3264/3264 3265/3265/3265 3261/3261/3261
f 3260/3260/3260 3263/3263/3263 3266/3266/3266
f 3266/3266/3266 3264/3264/3264 3260/3260/3260
f 3267/3267/3267 3268/3268/3268 3269/3269/3269
f 3269/3269/3269 3270/3270/3270 3267/3267/3267
f 3271/3271/3271 3272/3272/3272 3268/3268/3268
f 3268/3268/3268 3267/3267/3267 3271/3271/3271
f 3269/3269/3269 3268/3268/3268 3273/3273/3273
f 3273/3273/3273 3274/3274/3274 3269/3269/3269
f 3268/3268/3268 3272/3272/3272 3275/3275/3275
f 3275/3275/3275 3273/3273/3273 3268/3268/3268
f 3276/3276/3276 3277/3277/3277 3278/3278/3278
f 3278/3278/3278 3279/3279/3279 3276/3276/3276
f 3276/3276/3276 3280/3280/3280 3281/3281/3281
f 3281/3281/3281 3277/3277/3277 3276/3276/3276
f 3278/3278/3278 3277/3277/3277 3282/3282/3282
f 3282/3282/3282 3283/3283/3283 3278/3278/3278
f 3277/3277/3277 3281/3281/3281 3284/3284/3284
f 3284/3284/3284 3282/3282/3282 3277/3277/3277
f 3285/3285/3285 3286/3286/3286 3287/3287/3287
f 3287/3287/3287 3288/3288/3288 3285/3285/3285
f 3288/3288/3288 3287/3287/3287 3289/3289/3289
f 3289/3289/3289 3290/3290/3290 3288/3288/3288
f 3291/3291/3291 3292/3292/3292 3285/3285/3285
f 3285/3285/3285 3288/3288/3288 3291/3291/3291
f 3293/3293/3293 3291/3291/3291 3288/3288/3288
f 3288/3288/3288 3290/3290/3290 3293/3293/3293
f 3294/3294/3294 3295/3295/3295 3296/3296/3296
f 3296/3296/3296 3297/3297/3297 3294/3294/3294
f 3294/3294/3294 3298/3298/3298 3299/3299/3299
f 3299/3299/3299 3295/3295/3295 3294/3294/3294
f 3296/3296/3296 3295/3295/3295 3300/3300/3300
f 3300/3300/3300 3301/3301/3301 3296/3296/3296
f 3299/3299/3299 3302/3302/3302 3300/3300/3300
f 3300/3300/3300 3295/3295/3295 3299/3299/3299
f 3303/3303/3303 3304/3304/3304 3305/3305/3305
f 3305/3305/3305 3306/3306/3306 3303/3303/3303
f 3307/3307/3307 3308/3308/3308 3303/3303/3303
f 3303/3303/3303 3306/3306/3306 3307/3307/3307
f 3309/3309/3309 3306/3306/3306 3305/3305/3305
f 3305/3305/3305 3310/3310/3310 3309/3309/3309
f 3307/3307/3307 3306/3306/3306 3309/3309/3309
f 3309/3309/3309 3311/3311/3311 3307/3307/3307
f 3312/3312/3312 3313/3313/3313 3314/3314/3314
f 3314/3314/3314 3315/3315/3315 3312/3312/3312
f 3316/3316/3316 3315/3315/3315 3314/3314/3314
f 3314/3314/3314 3317/3317/3317 3316/3316/3316
f 3318/3318/3318 3319/3319/3319 3312/3312/3312
f 3312/3312/3312 3315/3315/3315 3318/3318/3318
f 3318/3318/3318 3315/3315/3315 3316/3316/3316
f 3316/3316/3316 3320/3320/3320 3318/3318/3318
f 3321/3321/3321 3322/3322/3322 3323/3323/3323
f 3323/3323/3323 3324/3324/3324 3321/3321/3321
f 3324/3324/3324 3323/3323/3323 3325/3325/3325
f 3325/3325/3325 3326/3326/3326 3324/3324/3324
f 3327/3327/3327 3321/3321/3321 3324/3324/3324
f 3324/3324/3324 3328/3328/3328 3327/3327/3327
f 3329/3329/3329 3328/3328/3328 3324/3324/3324
f 3324/3324/3324 3326/3326/3326 3329/3329/3329
f 3330/3330/3330 3331/3331/3331 3332/3332/3332
f 3332/3332/3332 3333/3333/3333 3330/3330/3330
f 3334/3334/3334 3333/3333/3333 3332/3332/3332
f 3332/3332/3332 3335/3335/3335 3334/3334/3334
f 3336/3336/3336 3337/3337/3337 3330/3330/3330
f 3330/3330/3330 3333/3333/3333 3336/3336/3336
f 3336/3336/3336 3333/3333/3333 3334/3334/3334
f 3334/3334/3334 3338/3338/3338 3336/3336/3336
f 3339/3339/3339 3340/3340/3340 3341/3341/3341
f 3341/3341/3341 3342/3342/3342 3339/3339/3339
f 3342/3342/3342 3341/3341/3341 3343/3343/3343
f 3343/3343/3343 3344/3344/3344 3342/3342/3342
f 3345/3345/3345 3339/3339/3339 3342/3342/3342
f 3342/3342/3342 3346/3346/3346 3345/3345/3345
f 3347/3347/3347 3346/3346/3346 3342/3342/3342
f 3342/3342/3342 3344/3344/3344 3347/3347/3347
f 3348/3348/3348 3349/3349/3349 3350/3350/3350
f 3350/3350/3350 3351/3351/3351 3348/3348/3348
f 3352/3352/3352 3353/3353/3353 3349/3349/3349
f 3349/3349/3349 3348/3348/3348 3352/3352/3352
f 3350/3350/3350 3349/3349/3349 3354/3354/3354
f 3354/3354/3354 3355/3355/3355 3350/3350/3350
f 3349/3349/3349 3353/3353/3353 3356/3356/3356
f 3356/3356/3356 3354/3354/3354 3349/3349/3349
f 3357/3357/3357 3358/3358/3358 3359/3359/3359
f 3359/3359/3359 3360/3360/3360 3357/3357/3357
f 3361/3361/3361 3362/3362/3362 3358/3358/3358
f 3358/3358/3358 3357/3357/3357 3361/3361/3361
f 3359/3359/3359 3358/3358/3358 3363/3363/3363
f 3363/3363/3363 3364/3364/3364 3359/3359/3359
f 3362/3362/3362 3365/3365/3365 3363/3363/3363
f 3363/3363/3363 3358/3358/3358 3362/3362/3362
f 3366/3366/3366 3367/3367/3367 3368/3368/3368
f 3368/3368/3368 3369/3369/3369 3366/3366/3366
f 3370/3370/3370 3369/3369/3369 3368/3368/3368
f 3368/3368/3368 3371/3371/3371 3370/3370/3370
f 3372/3372/3372 3373/3373/3373 3366/3366/3366
f 3366/3366/3366 3369/3369/3369 3372/3372/3372
f 3372/3372/3372 3369/3369/3369 3370/3370/3370
f 3370/3370/3370 3374/3374/3374 3372/3372/3372
f 3375/3375/3375 3376/3376/3376 3377/3377/3377
f 3377/3377/3377 3378/3378/3378 3375/3375/3375
f 3379/3379/3379 3378/3378/3378 3377/3377/3377
f 3377/3377/3377 3380/3380/3380 3379/3379/3379
f 3381/3381/3381 3382/3382/3382 3375/3375/3375
f 3375/3375/3375 3378/3378/3378 3381/3381/3381
f 3381/3381/3381 3378/3378/3378 3379/3379/3379
f 3379/3379/3379 3383/3383/3383 3381/3381/3381
f 3384/3384/3384 3385/3385/3385 3386/3386/3386
f 3386/3386/3386 3387/3387/3387 3384/3384/3384
f 3388/3388/3388 3387/3387/3387 3386/3386/3386
f 3386/3386/3386 3389/3389/3389 3388/3388/3388
f 3390/3390/3390 3391/3391/3391 3384/3384/3384
f 3384/3384/3384 3387/3387/3387 3390/3390/3390
f 3390/3390/3390 3387/3387/3387 3388/3388/3388
f 3388/3388/3388 3392/3392/3392 3390/3390/3390
f 3393/3393/3393 3394/3394/3394 3395/3395/3395
f 3395/3395/3395 3396/3396/3396 3393/3393/3393
f 3397/3397/3397 3396/3396/3396 3395/3395/3395
f 3395/3395/3395 3398/3398/3398 3397/3397/3397
f 3399/3399/3399 3400/3400/3400 3393/3393/3393
f 3393/3393/3393 3396/3396/3396 3399/3399/3399
f 3399/3399/3399 3396/3396/3396 3397/3397/3397
f 3397/3397/3397 3401/3401/3401 3399/3399/3399
f 3402/3402/3402 3403/3403/3403 3404/3404/3404
f 3404/3404/3404 3405/3405/3405 3402/3402/3402
f 3406/3406/3406 3405/3405/3405 3404/3404/3404
f 3404/3404/3404 3407/3407/3407 3406/3406/3406
f 3408/3408/3408 3409/3409/3409 3402/3402/3402
f 3402/3402/3402 3405/3405/3405 3408/3408/3408
f 3408/3408/3408 3405/3405/3405 3406/3406/3406
f 3406/3406/3406 3410/3410/3410 3408/3408/3408
f 3411/3411/3411 3412/3412/3412 3413/3413/3413
f 3413/3413/3413 3414/3414/3414 3411/3411/3411
f 3415/3415/3415 3414/3414/3414 3413/3413/3413
f 3413/3413/3413 3416/3416/3416 3415/3415/3415
f 3417/3417/3417 3418/3418/3418 3411/3411/3411
f 3411/3411/3411 3414/3414/3414 3417/3417/3417
f 3417/3417/3417 3414/3414/3414 3415/3415/3415
f 3415/3415/3415 3419/3419/3419 3417/3417/3417
f 3420/3420/3420 3421/3421/3421 3422/3422/3422
f 3422/3422/3422 3423/3423/3423 3420/3420/3420
f 3423/3423/3423 3422/3422/3422 3424/3424/3424
f 3424/3424/3424 3425/3425/3425 3423/3423/3423
f 3426/3426/3426 3427/3427/3427 3420/3420/3420
f 3420/3420/3420 3423/3423/3423 3426/3426/3426
f 3428/3428/3428 3426/3426/3426 3423/3423/3423
f 3423/3423/3423 3425/3425/3425 3428/3428/3428
f 3429/3429/3429 3430/3430/3430 3431/3431/3431
f 3431/3431/3431 3432/3432/3432 3429/3429/3429
f 3431/3431/3431 3433/3433/3433 3434/3434/3434
f 3434/3434/3434 3432/3432/3432 3431/3431/3431
f 3429/3429/3429 3432/3432/3432 3435/3435/3435
f 3435/3435/3435 3436/3436/3436 3429/3429/3429
f 3432/3432/3432 3434/3434/3434 3437/3437/3437
f 3437/3437/3437 3435/3435/3435 3432/3432/3432
f 3438/3438/3438 3439/3439/3439 3440/3440/3440
f 3440/3440/3440 3441/3441/3441 3438/3438/3438
f 3440/3440/3440 3442/3442/3442 3443/3443/3443
f 3443/3443/3443 3441/3441/3441 3440/3440/3440
f 3438/3438/3438 3441/3441/3441 3444/3444/3444
f 3444/3444/3444 3445/3445/3445 3438/3438/3438
f 3441/3441/3441 3443/3443/3443 3446/3446/3446
f 3446/3446/3446 3444/3444/3444 3441/3441/3441
f 3447/3447/3447 3448/3448/3448 3449/3449/3449
f 3449/3449/3449 3450/3450/3450 3447/3447/3447
f 3449/3449/3449 3451/3451/3451 3452/3452/3452
f 3452/3452/3452 3450/3450/3450 3449/3449/3449
f 3447/3447/3447 3450/3450/3450 3453/3453/3453
f 3453/3453/3453 3454/3454/3454 3447/3447/3447
f 3450/3450/3450 3452/3452/3452 3455/3455/3455
f 3455/3455/3455 3453/3453/3453 3450/3450/3450
f 3456/3456/3456 3457/3457/3457 3458/3458/3458
f 3458/3458/3458 3459/3459/3459 3456/3456/3456
f 3458/3458/3458 3460/3460/3460 3461/3461/3461
f 3461/3461/3461 3459/3459/3459 3458/3458/3458
f 3456/3456/3456 3459/3459/3459 3462/3462/3462
f 3462/3462/3462 3463/3463/3463 3456/3456/3456
f 3459/3459/3459 3461/3461/3461 3464/3464/3464
f 3464/3464/3464 3462/3462/3462 3459/3459/3459
f 3465/3465/3465 3466/3466/3466 3467/3467/3467
f 3467/3467/3467 3468/3468/3468 3465/3465/3465
f 3467/3467/3467 3469/3469/3469 3470/3470/3470
f 3470/3470/3470 3468/3468/3468 3467/3467/3467
f 3465/3465/3465 3468/3468/3468 3471/3471/3471
f 3471/3471/3471 3472/3472/3472 3465/3465/3465
f 3468/3468/3468 3470/3470/3470 3473/3473/3473
f 3473/3473/3473 3471/3471/3471 3468/3468/3468
f 3474/3474/3474 3475/3475/3475 3476/3476/3476
f 3476/3476/3476 3477/3477/3477 3474/3474/3474
f 3478/3478/3478 3479/3479/3479 3475/3475/3475
f 3475/3475/3475 3474/3474/3474 3478/3478/3478
f 3476/3476/3476 3475/3475/3475 3480/3480/3480
f 3480/3480/3480 3481/3481/3481 3476/3476/3476
f 3479/3479/3479 3482/3482/3482 3480/3480/3480
f 3480/3480/3480 3475/3475/3475 3479/3479/3479
f 3483/3483/3483 3484/3484/3484 3485/3485/3485
f 3485/3485/3485 3486/3486/3486 3483/3483/3483
f 3487/3487/3487 3488/3488/3488 3484/3484/3484
f 3484/3484/3484 3483/3483/3483 3487/3487/3487
f 3485/3485/3485 3484/3484/3484 3489/3489/3489
f 3489/3489/3489 3490/3490/3490 3485/3485/3485
f 3488/3488/3488 3491/3491/3491 3489/3489/3489
f 3489/3489/3489 3484/3484/3484 3488/3488/3488
f 3492/3492/3492 3493/3493/3493 3494/3494/3494
f 3494/3494/3494 3495/3495/3495 3492/3492/3492
f 3492/3492/3492 3495/3495/3495 3496/3496/3496
f 3496/3496/3496 3497/3497/3497 3492/3492/3492
f 3498/3498/3498 3493/3493/3493 3492/3492/3492
f 3492/3492/3492 3499/3499/3499 3498/3498/3498
f 3500/3500/3500 3499/3499/3499 3492/3492/3492
f 3492/3492/3492 3497/3497/3497 3500/3500/3500
f 3501/3501/3501 3502/3502/3502 3503/3503/3503
f 3503/3503/3503 3504/3504/3504 3501/3501/3501
f 3505/3505/3505 3504/3504/3504 3503/3503/3503
f 3503/3503/3503 3506/3506/3506 3505/3505/3505
f 3507/3507/3507 3508/3508/3508 3501/3501/3501
f 3501/3501/3501 3504/3504/3504 3507/3507/3507
f 3507/3507/3507 3504/3504/3504 3505/3505/3505
f 3505/3505/3505 3509/3509/3509 3507/3507/3507
f 3510/3510/3510 3511/3511/3511 3512/3512/3512
f 3512/3512/3512 3513/3513/3513 3510/3510/3510
f 3514/3514/3514 3513/3513/3513 3512/3512/3512
f 3512/3512/3512 3515/3515/3515 3514/3514/3514
f 3516/3516/3516 3517/3517/3517 3510/3510/3510
f 3510/3510/3510 3513/3513/3513 3516/3516/3516
f 3516/3516/3516 3513/3513/3513 3514/3514/3514
f 3514/3514/3514 3518/3518/3518 3516/3516/3516
f 3519/3519/3519 3520/3520/3520 3521/3521/3521
f 3521/3521/3521 3522/3522/3522 3519/3519/3519
f 3522/3522/3522 3521/3521/3521 3523/3523/3523
f 3523/3523/3523 3524/3524/3524 3522/3522/3522
f 3525/3525/3525 3526/3526/3526 3519/3519/3519
f 3519/3519/3519 3522/3522/3522 3525/3525/3525
f 3527/3527/3527 3525/3525/3525 3522/3522/3522
f 3522/3522/3522 3524/3524/3524 3527/3527/3527
f 3528/3528/3528 3529/3529/3529 3530/3530/3530
f 3530/3530/3530 3531/3531/3531 3528/3528/3528
f 3532/3532/3532 3533/3533/3533 3529/3529/3529
f 3529/3529/3529 3528/3528/3528 3532/3532/3532
f 3530/3530/3530 3529/3529/3529 3534/3534/3534
f 3534/3534/3534 3535/3535/3535 3530/3530/3530
f 3533/3533/3533 3536/3536/3536 3534/3534/3534
f 3534/3534/3534 3529/3529/3529 3533/3533/3533
f 3537/3537/3537 3538/3538/3538 3539/3539/3539
f 3539/3539/3539 3540/3540/3540 3537/3537/3537
f 3541/3541/3541 3540/3540/3540 3539/3539/3539
f 3539/3539/3539 3542/3542/3542 3541/3541/3541
f 3543/3543/3543 3544/3544/3544 3537/3537/3537
f 3537/3537/3537 3540/3540/3540 3543/3543/3543
f 3545/3545/3545 3543/3543/3543 3540/3540/3540
f 3540/3540/3540 3541/3541/3541 3545/3545/3545
f 3546/3546/3546 3547/3547/3547 3548/3548/3548
f 3548/3548/3548 3549/3549/3549 3546/3546/3546
f 3550/3550/3550 3549/3549/3549 3548/3548/3548
f 3548/3548/3548 3551/3551/3551 3550/3550/3550
f 3552/3552/3552 3553/3553/3553 3546/3546/3546
f 3546/3546/3546 3549/3549/3549 3552/3552/3552
f 3552/3552/3552 3549/3549/3549 3550/3550/3550
f 3550/3550/3550 3554/3554/3554 3552/3552/3552
f 3555/3555/3555 3556/3556/3556 3557/3557/3557
f 3557/3557/3557 3558/3558/3558 3555/3555/3555
f 3555/3555/3555 3559/3559/3559 3560/3560/3560
f 3560/3560/3560 3556/3556/3556 3555/3555/3555
f 3557/3557/3557 3556/3556/3556 3561/3561/3561
f 3561/3561/3561 3562/3562/3562 3557/3557/3557
f 3556/3556/3556 3560/3560/3560 3563/3563/3563
f 3563/3563/3563 3561/3561/3561 3556/3556/3556
f 3564/3564/3564 3565/3565/3565 3566/3566/3566
f 3566/3566/3566 3567/3567/3567 3564/3564/3564
f 3568/3568/3568 3567/3567/3567 3566/3566/3566
f 3566/3566/3566 3569/3569/3569 3568/3568/3568
f 3570/3570/3570 3571/3571/3571 3564/3564/3564
f 3564/3564/3564 3567/3567/3567 3570/3570/3570
f 3570/3570/3570 3567/3567/3567 3568/3568/3568
f 3568/3568/3568 3572/3572/3572 3570/3570/3570
f 3573/3573/3573 3574/3574/3574 3575/3575/3575
f 3575/3575/3575 3576/3576/3576 3573/3573/3573
f 3577/3577/3577 3576/3576/3576 3575/3575/3575
f 3575/3575/3575 3578/3578/3578 3577/3577/3577
f 3579/3579/3579 3580/3580/3580 3573/3573/3573
f 3573/3573/3573 3576/3576/3576 3579/3579/3579
f 3579/3579/3579 3576/3576/3576 3577/3577/3577
f 3577/3577/3577 3581/3581/3581 3579/3579/3579
f 3582/3582/3582 3583/3583/3583 3584/3584/3584
f 3584/3584/3584 3585/3585/3585 3582/3582/3582
f 3586/3586/3586 3585/3585/3585 3584/3584/3584
f 3584/3584/3584 3587/3587/3587 3586/3586/3586
f 3588/3588/3588 3589/3589/3589 3582/3582/3582
f 3582/3582/3582 3585/3585/3585 3588/3588/3588
f 3588/3588/3588 3585/3585/3585 3586/3586/3586
f 3586/3586/3586 3590/3590/3590 3588/3588/3588
f 3591/3591/3591 3592/3592/3592 3593/3593/3593
f 3593/3593/3593 3594/3594/3594 3591/3591/3591
f 3595/3595/3595 3594/3594/3594 3593/3593/3593
f 3593/3593/3593 3596/3596/3596 3595/3595/3595
f 3597/3597/3597 3598/3598/3598 3591/3591/3591
f 3591/3591/3591 3594/3594/3594 3597/3597/3597
f 3597/3597/3597 3594/3594/3594 3595/3595/3595
f 3595/3595/3595 3599/3599/3599 3597/3597/3597
f 3600/3600/3600 3601/3601/3601 3602/3602/3602
f 3602/3602/3602 3603/3603/3603 3600/3600/3600
f 3604/3604/3604 3603/3603/3603 3602/3602/3602
f 3602/3602/3602 3605/3605/3605 3604/3604/3604
f 3606/3606/3606 3607/3607/3607 3600/3600/3600
f 3600/3600/3600 3603/3603/3603 3606/3606/3606
f 3608/3608/3608 3606/3606/3606 3603/3603/3603
f 3603/3603/3603 3604/3604/3604 3608/3608/3608
f 3609/3609/3609 3610/3610/3610 3611/3611/3611
f 3611/3611/3611 3612/3612/3612 3609/3609/3609
f 3609/3609/3609 3613/3613/3613 3614/3614/3614
f 3614/3614/3614 3610/3610/3610 3609/3609/3609
f 3611/3611/3611 3610/3610/3610 3615/3615/3615
f 3615/3615/3615 3616/3616/3616 3611/3611/3611
f 3614/3614/3614 3617/3617/3617 3615/3615/3615
f 3615/3615/3615 3610/3610/3610 3614/3614/3614
f 3618/3618/3618 3619/3619/3619 3620/3620/3620
f 3620/3620/3620 3621/3621/3621 3618/3618/3618
f 3622/3622/3622 3621/3621/3621 3620/3620/3620
f 3620/3620/3620 3623/3623/3623 3622/3622/3622
f 3624/3624/3624 3625/3625/3625 3618/3618/3618
f 3618/3618/3618 3621/3621/3621 3624/3624/3624
f 3624/3624/3624 3621/3621/3621 3622/3622/3622
f 3622/3622/3622 3626/3626/3626 3624/3624/3624
f 3627/3627/3627 3628/3628/3628 3629/3629/3629
f 3629/3629/3629 3630/3630/3630 3627/3627/3627
f 3627/3627/3627 3631/3631/3631 3632/3632/3632
f 3632/3632/3632 3628/3628/3628 3627/3627/3627
f 3629/3629/3629 3628/3628/3628 3633/3633/3633
f 3633/3633/3633 3634/3634/3634 3629/3629/3629
f 3632/3632/3632 3635/3635/3635 3633/3633/3633
f 3633/3633/3633 3628/3628/3628 3632/3632/3632
f 3636/3636/3636 3637/3637/3637 3638/3638/3638
f 3638/3638/3638 3639/3639/3639 3636/3636/3636
f 3640/3640/3640 3639/3639/3639 3638/3638/3638
f 3638/3638/3638 3641/3641/3641 3640/3640/3640
f 3642/3642/3642 3643/3643/3643 3636/3636/3636
f 3636/3636/3636 3639/3639/3639 3642/3642/3642
f 3642/3642/3642 3639/3639/3639 3640/3640/3640
f 3640/3640/3640 3644/3644/3644 3642/3642/3642
f 3645/3645/3645 3646/3646/3646 3647/3647/3647
f 3647/3647/3647 3648/3648/3648 3645/3645/3645
f 3646/3646/3646 3649/3649/3649 3650/3650/3650
f 3650/3650/3650 3647/3647/3647 3646/3646/3646
f 3645/3645/3645 3651/3651/3651 3652/3652/3652
f 3652/3652/3652 3646/3646/3646 3645/3645/3645
f 3646/3646/3646 3652/3652/3652 3653/3653/3653
f 3653/3653/3653 3649/3649/3649 3646/3646/3646
f 3654/3654/3654 3655/3655/3655 3656/3656/3656
f 3656/3656/3656 3657/3657/3657 3654/3654/3654
f 3658/3658/3658 3657/3657/3657 3656/3656/3656
f 3656/3656/3656 3659/3659/3659 3658/3658/3658
f 3660/3660/3660 3661/3661/3661 3654/3654/3654
f 3654/3654/3654 3657/3657/3657 3660/3660/3660
f 3660/3660/3660 3657/3657/3657 3658/3658/3658
f 3658/3658/3658 3662/3662/3662 3660/3660/3660
f 3663/3663/3663 3664/3664/3664 3665/3665/3665
f 3665/3665/3665 3666/3666/3666 3663/3663/3663
f 3667/3667/3667 3666/3666/3666 3665/3665/3665
f 3665/3665/3665 3668/3668/3668 3667/3667/3667
f 3669/3669/3669 3670/3670/3670 3663/3663/3663
f 3663/3663/3663 3666/3666/3666 3669/3669/3669
f 3669/3669/3669 3666/3666/3666 3667/3667/3667
f 3667/3667/3667 3671/3671/3671 3669/3669/3669
f 3672/3672/3672 3673/3673/3673 3674/3674/3674
f 3674/3674/3674 3675/3675/3675 3672/3672/3672
f 3676/3676/3676 3675/3675/3675 3674/3674/3674
f 3674/3674/3674 3677/3677/3677 3676/3676/3676
f 3678/3678/3678 3679/3679/3679 3672/3672/3672
f 3672/3672/3672 3675/3675/3675 3678/3678/3678
f 3678/3678/3678 3675/3675/3675 3676/3676/3676
f 3676/3676/3676 3680/3680/3680 3678/3678/3678
f 3681/3681/3681 3682/3682/3682 3683/3683/3683
f 3683/3683/3683 3684/3684/3684 3681/3681/3681
f 3685/3685/3685 3686/3686/3686 3682/3682/3682
f 3682/3682/3682 3681/3681/3681 3685/3685/3685
f 3683/3683/3683 3682/3682/3682 3687/3687/3687
f 3687/3687/3687 3688/3688/3688 3683/3683/3683
f 3686/3686/3686 3689/3689/3689 3687/3687/3687
f 3687/3687/3687 3682/3682/3682 3686/3686/3686
f 3690/3690/3690 3691/3691/3691 3692/3692/3692
f 3692/3692/3692 3693/3693/3693 3690/3690/3690
f 3694/3694/3694 3693/3693/3693 3692/3692/3692
f 3692/3692/3692 3695/3695/3695 3694/3694/3694
f 3696/3696/3696 3697/3697/3697 3690/3690/3690
f 3690/3690/3690 3693/3693/3693 3696/3696/3696
f 3696/3696/3696 3693/3693/3693 3694/3694/3694
f 3694/3694/3694 3698/3698/3698 3696/3696/3696
f 3699/3699/3699 3700/3700/3700 3701/3701/3701
f 3701/3701/3701 3702/3702/3702 3699/3699/3699
f 3703/3703/3703 3702/3702/3702 3701/3701/3701
f 3701/3701/3701 3704/3704/3704 3703/3703/3703
f 3705/3705/3705 3706/3706/3706 3699/3699/3699
f 3699/3699/3699 3702/3702/3702 3705/3705/3705
f 3705/3705/3705 3702/3702/3702 3703/3703/3703
f 3703/3703/3703 3707/3707/3707 3705/3705/3705
f 3708/3708/3708 3709/3709/3709 3710/3710/3710
f 3710/3710/3710 3711/3711/3711 3708/3708/3708
f 3709/3709/3709 3712/3712/3712 3713/3713/3713
f 3713/3713/3713 3710/3710/3710 3709/3709/3709
f 3711/3711/3711 3710/3710/3710 3714/3714/3714
f 3714/3714/3714 3715/3715/3715 3711/3711/3711
f 3710/3710/3710 3713/3713/3713 3716/3716/3716
f 3716/3716/3716 3714/3714/3714 3710/3710/3710
f 3717/3717/3717 3718/3718/3718 3719/3719/3719
f 3719/3719/3719 3720/3720/3720 3717/3717/3717
f 3721/3721/3721 3722/3722/3722 3718/3718/3718
f 3718/3718/3718 3717/3717/3717 3721/3721/3721
f 3719/3719/3719 3718/3718/3718 3723/3723/3723
f 3723/3723/3723 3724/3724/3724 3719/3719/3719
f 3718/3718/3718 3722/3722/3722 3725/3725/3725
f 3725/3725/3725 3723/3723/3723 3718/3718/3718
f 3726/3726/3726 3727/3727/3727 3728/3728/3728
f 3728/3728/3728 3729/3729/3729 3726/3726/3726
f 3726/3726/3726 3730/3730/3730 3731/3731/3731
f 3731/3731/3731 3727/3727/3727 3726/3726/3726
f 3728/3728/3728 3727/3727/3727 3732/3732/3732
f 3732/3732/3732 3733/3733/3733 3728/3728/3728
f 3727/3727/3727 3731/3731/3731 3734/3734/3734
f 3734/3734/3734 3732/3732/3732 3727/3727/3727
f 3735/3735/3735 3736/3736/3736 3737/3737/3737
f 3737/3737/3737 3738/3738/3738 3735/3735/3735
f 3738/3738/3738 3737/3737/3737 3739/3739/3739
f 3739/3739/3739 3740/3740/3740 3738/3738/3738
f 3741/3741/3741 3742/3742/3742 3735/3735/3735
f 3735/3735/3735 3738/3738/3738 3741/3741/3741
f 3743/3743/3743 3741/3741/3741 3738/3738/3738
f 3738/3738/3738 3740/3740/3740 3743/3743/3743
f 3744/3744/3744 3745/3745/3745 3746/3746/3746
f 3746/3746/3746 3747/3747/3747 3744/3744/3744
f 3744/3744/3744 3748/3748/3748 3749/3749/3749
f 3749/3749/3749 3745/3745/3745 3744/3744/3744
f 3746/3746/3746 3745/3745/3745 3750/3750/3750
f 3750/3750/3750 3751/3751/3751 3746/3746/3746
f 3749/3749/3749 3752/3752/3752 3750/3750/3750
f 3750/3750/3750 3745/3745/3745 3749/3749/3749
f 3753/3753/3753 3754/3754/3754 3755/3755/3755
f 3755/3755/3755 3756/3756/3756 3753/3753/3753
f 3757/3757/3757 3758/3758/3758 3753/3753/3753
f 3753/3753/3753 3756/3756/3756 3757/3757/3757
f 3759/3759/3759 3756/3756/3756 3755/3755/3755
f 3755/3755/3755 3760/3760/3760 3759/3759/3759
f 3757/3757/3757 3756/3756/3756 3759/3759/3759
f 3759/3759/3759 3761/3761/3761 3757/3757/3757
f 3762/3762/3762 3763/3763/3763 3764/3764/3764
f 3764/3764/3764 3765/3765/3765 3762/3762/3762
f 3766/3766/3766 3765/3765/3765 3764/3764/3764
f 3764/3764/3764 3767/3767/3767 3766/3766/3766
f 3768/3768/3768 3769/3769/3769 3762/3762/3762
f 3762/3762/3762 3765/3765/3765 3768/3768/3768
f 3768/3768/3768 3765/3765/3765 3766/3766/3766
f 3766/3766/3766 3770/3770/3770 3768/3768/3768
f 3771/3771/3771 3772/3772/3772 3773/3773/3773
f 3773/3773/3773 3774/3774/3774 3771/3771/3771
f 3774/3774/3774 3773/3773/3773 3775/3775/3775
f 3775/3775/3775 3776/3776/3776 3774/3774/3774
f 3777/3777/3777 3771/3771/3771 3774/3774/3774
f 3774/3774/3774 3778/3778/3778 3777/3777/3777
f 3779/3779/3779 3778/3778/3778 3774/3774/3774
f 3774/3774/3774 3776/3776/3776 3779/3779/3779
f 3780/3780/3780 3781/3781/3781 3782/3782/3782
f 3782/3782/3782 3783/3783/3783 3780/3780/3780
f 3784/3784/3784 3783/3783/3783 3782/3782/3782
f 3782/3782/3782 3785/3785/3785 3784/3784/3784
f 3786/3786/3786 3787/3787/3787 3780/3780/3780
f 3780/3780/3780 3783/3783/3783 3786/3786/3786
f 3786/3786/3786 3783/3783/3783 3784/3784/3784
f 3784/3784/3784 3788/3788/3788 3786/3786/3786
f 3789/3789/3789 3790/3790/3790 3791/3791/3791
f 3791/3791/3791 3792/3792/3792 3789/3789/3789
f 3792/3792/3792 3791/3791/3791 3793/3793/3793
f 3793/3793/3793 3794/3794/3794 3792/3792/3792
f 3795/3795/3795 3789/3789/3789 3792/3792/3792
f 3792/3792/3792 3796/3796/3796 3795/3795/3795
f 3797/3797/3797 3796/3796/3796 3792/3792/3792
f 3792/3792/3792 3794/3794/3794 3797/3797/3797
f 3798/3798/3798 3799/3799/3799 3800/3800/3800
f 3800/3800/3800 3801/3801/3801 3798/3798/3798
f 3802/3802/3802 3803/3803/3803 3799/3799/3799
f 3799/3799/3799 3798/3798/3798 3802/3802/3802
f 3800/3800/3800 3799/3799/3799 3804/3804/3804
f 3804/3804/3804 3805/3805/3805 3800/3800/3800
f 3799/3799/3799 3803/3803/3803 3806/3806/3806
f 3806/3806/3806 3804/3804/3804 3799/3799/3799
f 3807/3807/3807 3808/3808/3808 3809/3809/3809
f 3809/3809/3809 3810/3810/3810 3807/3807/3807
f 3811/3811/3811 3812/3812/3812 3808/3808/3808
f 3808/3808/3808 3807/3807/3807 3811/3811/3811
f 3809/3809/3809 3808/3808/3808 3813/3813/3813
f 3813/3813/3813 3814/3814/3814 3809/3809/3809
f 3812/3812/3812 3815/3815/3815 3813/3813/3813
f 3813/3813/3813 3808/3808/3808 3812/3812/3812
f 3816/3816/3816 3817/3817/3817 3818/3818/3818
f 3818/3818/3818 3819/3819/3819 3816/3816/3816
f 3820/3820/3820 3819/3819/3819 3818/3818/3818
f 3818/3818/3818 3821/3821/3821 3820/3820/3820
f 3822/3822/3822 3823/3823/3823 3816/3816/3816
f 3816/3816/3816 3819/3819/3819 3822/3822/3822
f 3822/3822/3822 3819/3819/3819 3820/3820/3820
f 3820/3820/3820 3824/3824/3824 3822/3822/3822
f 3825/3825/3825 3826/3826/3826 3827/3827/3827
f 3827/3827/3827 3828/3828/3828 3825/3825/3825
f 3829/3829/3829 3828/3828/3828 3827/3827/3827
f 3827/3827/3827 3830/3830/3830 3829/3829/3829
f 3831/3831/3831 3832/3832/3832 3825/3825/3825
f 3825/3825/3825 3828/3828/3828 3831/3831/3831
f 3831/3831/3831 3828/3828/3828 3829/3829/3829
f 3829/3829/3829 3833/3833/3833 3831/3831/3831
f 3834/3834/3834 3835/3835/3835 3836/3836/3836
f 3836/3836/3836 3837/3837/3837 3834/3834/3834
f 3838/3838/3838 3837/3837/3837 3836/3836/3836
f 3836/3836/3836 3839/3839/3839 3838/3838/3838
f 3840/3840/3840 3841/3841/3841 3834/3834/3834
f 3834/3834/3834 3837/3837/3837 3840/3840/3840
f 3840/3840/3840 3837/3837/3837 3838/3838/3838
f 3838/3838/3838 3842/3842/3842 3840/3840/3840
f 3843/3843/3843 3844/3844/3844 3845/3845/3845
f 3845/3845/3845 3846/3846/3846 3843/3843/3843
f 3847/3847/3847 3846/3846/3846 3845/3845/3845
f 3845/3845/3845 3848/3848/3848 3847/3847/3847
f 3849/3849/3849 3850/3850/3850 3843/3843/3843
f 3843/3843/3843 3846/3846/3846 3849/3849/3849
f 3849/3849/3849 3846/3846/3846 3847/3847/3847
f 3847/3847/3847 3851/3851/3851 3849/3849/3849
f 3852/3852/3852 3853/3853/3853 3854/3854/3854
f 3854/3854/3854 3855/3855/3855 3852/3852/3852
f 3856/3856/3856 3855/3855/3855 3854/3854/3854
f 3854/3854/3854 3857/3857/3857 3856/3856/3856
f 3858/3858/3858 3859/3859/3859 3852/3852/3852
f 3852/3852/3852 3855/3855/3855 3858/3858/3858
f 3858/3858/3858 3855/3855/3855 3856/3856/3856
f 3856/3856/3856 3860/3860/3860 3858/3858/3858
f 3861/3861/3861 3862/3862/3862 3863/3863/3863
f 3863/3863/3863 3864/3864/3864 3861/3861/3861
f 3865/3865/3865 3864/3864/3864 3863/3863/3863
f 3863/3863/3863 3866/3866/3866 3865/3865/3865
f 3867/3867/3867 3868/3868/3868 3861/3861/3861
f 3861/3861/3861 3864/3864/3864 3867/3867/3867
f 3867/3867/3867 3864/3864/3864 3865/3865/3865
f 3865/3865/3865 3869/3869/3869 3867/3867/3867
f 3870/3870/3870 3871/3871/3871 3872/3872/3872
f 3872/3872/3872 3873/3873/3873 3870/3870/3870
f 3873/3873/3873 3872/3872/3872 3874/3874/3874
f 3874/3874/3874 3875/3875/3875 3873/3873/3873
f 3876/3876/3876 3877/3877/3877 3870/3870/3870
f 3870/3870/3870 3873/3873/3873 3876/3876/3876
f 3878/3878/3878 3876/3876/3876 3873/3873/3873
f 3873/3873/3873 3875/3875/3875 3878/3878/3878
f 3879/3879/3879 3880/3880/3880 3881/3881/3881
f 3881/3881/3881 3882/3882/3882 3879/3879/3879
f 3881/3881/3881 3883/3883/3883 3884/3884/3884
f 3884/3884/3884 3882/3882/3882 3881/3881/3881
f 3879/3879/3879 3882/3882/3882 3885/3885/3885
f 3885/3885/3885 3886/3886/3886 3879/3879/3879
f 3882/3882/3882 3884/3884/3884 3887/3887/3887
f 3887/3887/3887 3885/3885/3885 3882/3882/3882
f 3888/3888/3888 3889/3889/3889 3890/3890/3890
f 3890/3890/3890 3891/3891/3891 3888/3888/3888
f 3890/3890/3890 3892/3892/3892 3893/3893/3893
f 3893/3893/3893 3891/3891/3891 3890/3890/3890
f 3888/3888/3888 3891/3891/3891 3894/3894/3894
f 3894/3894/3894 3895/3895/3895 3888/3888/3888
f 3891/3891/3891 3893/3893/3893 3896/3896/3896
f 3896/3896/3896 3894/3894/3894 3891/3891/3891
f 3897/3897/3897 3898/3898/3898 3899/3899/3899
f 3899/3899/3899 3900/3900/3900 3897/3897/3897
f 3899/3899/3899 3901/3901/3901 3902/3902/3902
f 3902/3902/3902 3900/3900/3900 3899/3899/3899
f 3897/3897/3897 3900/3900/3900 3903/3903/3903
f 3903/3903/3903 3904/3904/3904 3897/3897/3897
f 3900/3900/3900 3902/3902/3902 3905/3905/3905
f 3905/3905/3905 3903/3903/3903 3900/3900/3900
f 3906/3906/3906 3907/3907/3907 3908/3908/3908
f 3908/3908/3908 3909/3909/3909 3906/3906/3906
f 3908/3908/3908 3910/3910/3910 3911/3911/3911
f 3911/3911/3911 3909/3909/3909 3908/3908/3908
f 3906/3906/3906 3909/3909/3909 3912/3912/3912
f 3912/3912/3912 3913/3913/3913 3906/3906/3906
f 3909/3909/3909 3911/3911/3911 3914/3914/3914
f 3914/3914/3914 3912/3912/3912 3909/3909/3909
f 3915/3915/3915 3916/3916/3916 3917/3917/3917
f 3917/3917/3917 3918/3918/3918 3915/3915/3915
f 3917/3917/3917 3919/3919/3919 3920/3920/3920
f 3920/3920/3920 3918/3918/3918 3917/3917/3917
f 3915/3915/3915 3918/3918/3918 3921/3921/3921
f 3921/3921/3921 3922/3922/3922 3915/3915/3915
f 3918/3918/3918 3920/3920/3920 3923/3923/3923
f 3923/3923/3923 3921/3921/3921 3918/3918/3918
f 3924/3924/3924 3925/3925/3925 3926/3926/3926
f 3926/3926/3926 3927/3927/3927 3924/3924/3924
f 3928/3928/3928 3929/3929/3929 3925/3925/3925
f 3925/3925/3925 3924/3924/3924 3928/3928/3928
f 3926/3926/3926 3925/3925/3925 3930/3930/3930
f 3930/3930/3930 3931/3931/3931 3926/3926/3926
f 3929/3929/3929 3932/3932/3932 3930/3930/3930
f 3930/3930/3930 3925/3925/3925 3929/3929/3929

