# https://github.com/mikedh/trimesh
mtllib material.mtl
usemtl material_0
v -1227.45040000 117.64590000 469.63750000
v -1229.52340000 117.64590000 469.62540000
v -1228.69680000 117.44850000 467.76110000
v -1228.69680000 117.44850000 467.76110000
v -1227.67070000 117.44850000 467.75900000
v -1227.67070000 117.44850000 467.75900000
v -1227.45630000 118.29980000 469.65260000
v -1229.52950000 118.29980000 469.64060000
v -1227.44040000 120.65790000 469.61160000
v -1229.51270000 120.65790000 469.59950000
v -1176.61230000 117.44850000 467.77900000
v -1176.61230000 117.44850000 467.77900000
v -1176.96140000 117.64590000 469.65720000
v -1176.95580000 118.29980000 469.67240000
v -1176.97140000 120.65790000 469.63130000
v -1175.71170000 117.44850000 467.79220000
v -1175.71170000 117.44850000 467.79220000
v -1174.96700000 117.64590000 469.65740000
v -1174.96070000 118.29980000 469.67260000
v -1174.97750000 120.65790000 469.63150000
v -1230.99560000 117.64590000 468.16610000
v -1229.33060000 117.44850000 467.07140000
v -1229.33060000 117.44850000 467.07140000
v -1231.00220000 118.29980000 468.18100000
v -1230.98410000 120.65790000 468.14080000
v -1265.44850000 117.44850000 430.98190000
v -1265.44850000 117.44850000 430.98190000
v -1266.66020000 117.64590000 432.42880000
v -1266.67500000 118.29980000 432.43540000
v -1266.17550000 117.44850000 430.26030000
v -1266.17550000 117.44850000 430.26030000
v -1268.06860000 117.64590000 431.01640000
v -1268.08400000 118.29980000 431.02270000
v -1268.04300000 120.65790000 431.00580000
v -1266.63480000 120.65790000 432.41750000
v -1266.15380000 117.44850000 377.24160000
v -1266.15380000 117.44850000 377.24160000
v -1268.03660000 117.64590000 376.46010000
v -1266.57740000 117.64590000 374.98780000
v -1265.44560000 117.44850000 376.56270000
v -1265.44560000 117.44850000 376.56270000
v -1268.05200000 118.29980000 376.45380000
v -1266.59230000 118.29980000 374.98120000
v -1268.01100000 120.65790000 376.47080000
v -1266.55220000 120.65790000 374.99910000
v -1229.35600000 117.44850000 340.44490000
v -1229.35600000 117.44850000 340.44490000
v -1230.84010000 117.64590000 339.32320000
v -1230.84670000 118.29980000 339.30830000
v -1229.42800000 117.64590000 337.91460000
v -1228.68330000 117.44850000 339.77980000
v -1228.68330000 117.44850000 339.77980000
v -1229.43410000 118.29980000 337.89940000
v -1230.82890000 120.65790000 339.34850000
v -1229.41700000 120.65790000 337.94050000
v -1268.04880000 117.64590000 378.53300000
v -1266.13310000 117.44850000 378.22260000
v -1266.13310000 117.44850000 378.22260000
v -1268.06400000 118.29980000 378.52710000
v -1268.02290000 120.65790000 378.54290000
v -1266.18480000 117.44850000 429.29410000
v -1266.18480000 117.44850000 429.29410000
v -1266.18480000 117.44850000 429.29410000
v -1268.06860000 117.64590000 430.04540000
v -1268.08400000 118.29980000 430.05150000
v -1268.04270000 120.65790000 429.01190000
v -1138.24100000 117.44850000 430.33040000
v -1138.24100000 117.44850000 430.33040000
v -1136.35820000 117.64590000 431.11190000
v -1137.81710000 117.64590000 432.58420000
v -1138.94920000 117.44850000 431.00940000
v -1138.94920000 117.44850000 431.00940000
v -1136.34300000 118.29980000 431.11830000
v -1137.80250000 118.29980000 432.59080000
v -1136.38400000 120.65790000 431.10120000
v -1137.84250000 120.65790000 432.57290000
v -1175.03880000 117.44850000 467.12720000
v -1175.03880000 117.44850000 467.12720000
v -1173.55470000 117.64590000 468.24880000
v -1173.54810000 118.29980000 468.26370000
v -1173.56590000 120.65790000 468.22350000
v -1136.34590000 117.64590000 429.03910000
v -1138.26170000 117.44850000 429.34950000
v -1138.26170000 117.44850000 429.34950000
v -1136.33080000 118.29980000 429.04490000
v -1136.37180000 120.65790000 429.02910000
v -1138.24170000 117.44850000 378.29120000
v -1138.24170000 117.44850000 378.29120000
v -1138.24170000 117.44850000 378.29120000
v -1136.32620000 117.64590000 378.55020000
v -1136.31100000 118.29980000 378.54440000
v -1138.21920000 117.44850000 377.31180000
v -1138.21920000 117.44850000 377.31180000
v -1136.32590000 117.64590000 376.55560000
v -1136.31080000 118.29980000 376.54930000
v -1136.35210000 120.65790000 376.56630000
v -1136.35210000 120.65790000 378.56020000
v -1176.94430000 117.64590000 337.93460000
v -1174.87130000 117.64590000 337.94670000
v -1175.69800000 117.44850000 339.81090000
v -1175.69800000 117.44850000 339.81090000
v -1176.72390000 117.44850000 339.81300000
v -1176.72390000 117.44850000 339.81300000
v -1176.93850000 118.29980000 337.91940000
v -1174.86520000 118.29980000 337.93150000
v -1176.95410000 120.65790000 337.96040000
v -1174.88230000 120.65790000 337.97250000
v -1227.78220000 117.44850000 339.79310000
v -1227.78220000 117.44850000 339.79310000
v -1227.43310000 117.64590000 337.91480000
v -1227.43900000 118.29980000 337.89960000
v -1227.42330000 120.65790000 337.94070000
v -1173.39920000 117.64590000 339.40590000
v -1175.06420000 117.44850000 340.50060000
v -1175.06420000 117.44850000 340.50060000
v -1173.39260000 118.29980000 339.39110000
v -1173.41040000 120.65790000 339.43120000
v -1138.94630000 117.44850000 376.59010000
v -1138.94630000 117.44850000 376.59010000
v -1137.73460000 117.64590000 375.14320000
v -1137.71970000 118.29980000 375.13670000
v -1137.75980000 120.65790000 375.15450000
v -1230.04420000 121.90630000 476.39270000
v -1232.32690000 121.90630000 476.38050000
v -1229.80300000 127.48520000 475.76460000
v -1228.50170000 128.37040000 472.37510000
v -1230.65940000 128.37040000 472.36300000
v -1232.06620000 127.48520000 475.75240000
v -1225.94730000 131.83580000 465.72220000
v -1222.17630000 133.01680000 455.90050000
v -1223.82200000 133.01680000 455.88870000
v -1227.89840000 131.83580000 465.71020000
v -1221.63920000 133.01680000 454.50160000
v -1223.24150000 133.01680000 454.48990000
v -1228.29320000 128.51450000 471.83210000
v -1227.70750000 130.19730000 470.30730000
v -1229.80130000 130.19730000 470.29520000
v -1230.43410000 128.51450000 471.81990000
v -1230.75290000 125.33700000 478.23930000
v -1233.09330000 125.33700000 478.22700000
v -1233.01610000 124.00540000 478.04130000
v -1230.68160000 124.00540000 478.05360000
v -1174.37330000 121.90630000 476.41460000
v -1178.46190000 131.83580000 465.74080000
v -1182.22510000 133.01680000 455.91610000
v -1182.76100000 133.01680000 454.51690000
v -1173.66580000 125.33700000 478.26160000
v -1174.61400000 127.48520000 475.78620000
v -1172.17360000 121.90630000 476.41470000
v -1173.83500000 128.37040000 472.39590000
v -1175.91260000 128.37040000 472.39570000
v -1172.43330000 127.48520000 475.78640000
v -1180.64720000 133.01680000 455.91630000
v -1176.58590000 131.83580000 465.74090000
v -1181.22580000 133.01680000 454.51700000
v -1174.68990000 130.19730000 470.32740000
v -1176.70510000 130.19730000 470.32730000
v -1176.12060000 128.51450000 471.85250000
v -1174.05960000 128.51450000 471.85270000
v -1171.40990000 125.33700000 478.26180000
v -1171.48680000 124.00540000 478.07600000
v -1173.73680000 124.00540000 478.07590000
v -1233.94750000 121.90630000 474.77260000
v -1232.19190000 128.37040000 470.84350000
v -1233.67310000 127.48520000 474.15830000
v -1224.99240000 133.01680000 454.73160000
v -1229.28470000 131.83580000 464.33700000
v -1224.38130000 133.01680000 453.36360000
v -1231.28830000 130.19730000 468.82120000
v -1231.95460000 128.51450000 470.31240000
v -1234.75460000 125.33700000 476.57850000
v -1234.67330000 124.00540000 476.39690000
v -1273.27270000 121.90630000 435.36730000
v -1253.21360000 133.01680000 426.45310000
v -1262.82760000 131.83580000 430.72560000
v -1251.84420000 133.01680000 425.84460000
v -1272.65770000 127.48520000 435.09410000
v -1275.08030000 125.33700000 436.17060000
v -1274.82590000 121.90630000 433.80980000
v -1269.34010000 128.37040000 433.61970000
v -1270.80740000 128.37040000 432.14850000
v -1274.19780000 127.48520000 433.55010000
v -1254.32760000 133.01680000 425.33610000
v -1264.15230000 131.83580000 429.39740000
v -1252.92820000 133.01680000 424.75760000
v -1268.80860000 128.51450000 433.38340000
v -1267.31590000 130.19730000 432.72020000
v -1268.73880000 130.19730000 431.29340000
v -1270.26420000 128.51450000 431.92400000
v -1276.67330000 125.33700000 434.57340000
v -1276.48750000 124.00540000 434.49660000
v -1274.89840000 124.00540000 436.08980000
v -1274.79170000 121.90630000 373.65640000
v -1273.18410000 121.90630000 372.03580000
v -1270.77440000 128.37040000 375.32390000
v -1269.25490000 128.37040000 373.79150000
v -1272.56960000 127.48520000 372.31030000
v -1274.16380000 127.48520000 373.91710000
v -1254.30000000 133.01680000 382.16130000
v -1253.14280000 133.01680000 380.99080000
v -1262.74850000 131.83580000 376.69880000
v -1264.12160000 131.83580000 378.08510000
v -1252.90140000 133.01680000 382.74190000
v -1251.77490000 133.01680000 381.60210000
v -1268.70650000 130.19730000 376.18210000
v -1267.23240000 130.19730000 374.69510000
v -1268.72360000 128.51450000 374.02880000
v -1270.23120000 128.51450000 375.54930000
v -1274.99000000 125.33700000 371.22890000
v -1276.63840000 125.33700000 372.89010000
v -1276.45260000 124.00540000 372.96710000
v -1274.80830000 124.00540000 371.31000000
v -1233.77880000 121.90630000 332.71070000
v -1224.86450000 133.01680000 352.76990000
v -1229.13700000 131.83580000 343.15570000
v -1224.25590000 133.01680000 354.13920000
v -1233.50560000 127.48520000 333.32560000
v -1234.58200000 125.33700000 330.90320000
v -1232.22120000 121.90630000 331.15730000
v -1232.03100000 128.37040000 336.64340000
v -1230.55980000 128.37040000 335.17610000
v -1231.96140000 127.48520000 331.78560000
v -1223.74730000 133.01680000 351.65570000
v -1227.80880000 131.83580000 341.83110000
v -1223.16890000 133.01680000 353.05510000
v -1231.79490000 128.51450000 337.17500000
v -1231.13160000 130.19730000 338.66750000
v -1229.70480000 130.19730000 337.24460000
v -1230.33540000 128.51450000 335.71940000
v -1232.98490000 125.33700000 329.31020000
v -1232.90800000 124.00540000 329.49600000
v -1234.50120000 124.00540000 331.08490000
v -1274.80420000 121.90630000 375.93930000
v -1274.17600000 127.48520000 376.18050000
v -1270.78640000 128.37040000 377.48190000
v -1264.13350000 131.83580000 380.03620000
v -1254.31180000 133.01680000 383.80720000
v -1252.91310000 133.01680000 384.34420000
v -1270.24340000 128.51450000 377.69040000
v -1268.71850000 130.19730000 378.27580000
v -1276.65060000 125.33700000 375.23030000
v -1276.46480000 124.00540000 375.30160000
v -1274.82590000 121.90630000 431.61020000
v -1264.15210000 131.83580000 427.52160000
v -1254.32760000 133.01680000 423.75840000
v -1252.92820000 133.01680000 423.22240000
v -1276.67290000 125.33700000 432.31770000
v -1274.19750000 127.48520000 431.36950000
v -1270.80710000 128.37040000 430.07070000
v -1268.73850000 130.19730000 429.27840000
v -1270.26390000 128.51450000 429.86270000
v -1276.48730000 124.00540000 432.24650000
v -1129.60280000 121.90630000 433.91560000
v -1131.21090000 121.90630000 435.53620000
v -1133.62060000 128.37040000 432.24820000
v -1135.13990000 128.37040000 433.78050000
v -1131.82500000 127.48520000 435.26170000
v -1130.23100000 127.48520000 433.65490000
v -1150.09450000 133.01680000 425.41070000
v -1151.25170000 133.01680000 426.58120000
v -1141.64650000 131.83580000 430.87320000
v -1140.27320000 131.83580000 429.48700000
v -1151.49370000 133.01680000 424.83010000
v -1152.61990000 133.01680000 425.96990000
v -1135.68820000 130.19730000 431.39000000
v -1137.16210000 130.19730000 432.87690000
v -1135.67090000 128.51450000 433.54320000
v -1134.16330000 128.51450000 432.02280000
v -1129.40500000 125.33700000 436.34310000
v -1127.75630000 125.33700000 434.68190000
v -1127.94210000 124.00540000 434.60490000
v -1129.58640000 124.00540000 436.26200000
v -1170.61600000 121.90630000 474.86140000
v -1179.53030000 133.01680000 454.80220000
v -1175.25780000 131.83580000 464.41630000
v -1180.13870000 133.01680000 453.43290000
v -1170.88940000 127.48520000 474.24650000
v -1169.81270000 125.33700000 476.66890000
v -1172.36380000 128.37040000 470.92860000
v -1172.60010000 128.51450000 470.39710000
v -1173.26320000 130.19730000 468.90450000
v -1169.89360000 124.00540000 476.48710000
v -1129.59080000 121.90630000 431.63270000
v -1130.21880000 127.48520000 431.39150000
v -1133.60820000 128.37040000 430.09020000
v -1140.26120000 131.83580000 427.53580000
v -1150.08280000 133.01680000 423.76490000
v -1151.48170000 133.01680000 423.22780000
v -1134.15140000 128.51450000 429.88170000
v -1135.67600000 130.19730000 429.29620000
v -1127.74410000 125.33700000 432.34170000
v -1127.92970000 124.00540000 432.27040000
v -1129.56880000 121.90630000 375.96190000
v -1140.24270000 131.83580000 380.05040000
v -1150.06710000 133.01680000 383.81370000
v -1151.46660000 133.01680000 384.34970000
v -1127.72170000 125.33700000 375.25440000
v -1130.19730000 127.48520000 376.20260000
v -1129.56860000 121.90630000 373.76220000
v -1133.58740000 128.37040000 375.42350000
v -1133.58760000 128.37040000 377.50130000
v -1130.19700000 127.48520000 374.02190000
v -1150.06710000 133.01680000 382.23600000
v -1140.24240000 131.83580000 378.17460000
v -1151.46630000 133.01680000 382.81440000
v -1135.65600000 130.19730000 376.27860000
v -1135.65600000 130.19730000 378.29360000
v -1134.13090000 128.51450000 377.70940000
v -1134.13090000 128.51450000 375.64810000
v -1127.72170000 125.33700000 372.99860000
v -1127.90750000 124.00540000 373.07540000
v -1127.90750000 124.00540000 375.32550000
v -1174.35080000 121.90630000 331.17930000
v -1172.06790000 121.90630000 331.19150000
v -1174.59180000 127.48520000 331.80740000
v -1175.89330000 128.37040000 335.19690000
v -1173.73540000 128.37040000 335.20900000
v -1172.32840000 127.48520000 331.81970000
v -1178.44750000 131.83580000 341.84990000
v -1182.21850000 133.01680000 351.67150000
v -1180.57250000 133.01680000 351.68330000
v -1176.49630000 131.83580000 341.86190000
v -1182.75560000 133.01680000 353.07040000
v -1181.15330000 133.01680000 353.08220000
v -1176.10180000 128.51450000 335.74000000
v -1176.68700000 130.19730000 337.26470000
v -1174.59350000 130.19730000 337.27690000
v -1173.96040000 128.51450000 335.75210000
v -1173.64160000 125.33700000 329.33280000
v -1171.30130000 125.33700000 329.34510000
v -1171.37840000 124.00540000 329.53080000
v -1173.71290000 124.00540000 329.51840000
v -1230.02150000 121.90630000 331.15750000
v -1225.93310000 131.83580000 341.83120000
v -1222.16970000 133.01680000 351.65590000
v -1221.63380000 133.01680000 353.05510000
v -1230.72900000 125.33700000 329.31040000
v -1229.78080000 127.48520000 331.78580000
v -1228.48220000 128.37040000 335.17630000
v -1227.68990000 130.19730000 337.24480000
v -1228.27390000 128.51450000 335.71950000
v -1230.65770000 124.00540000 329.49620000
v -1170.44730000 121.90630000 332.79940000
v -1172.20290000 128.37040000 336.72850000
v -1170.72170000 127.48520000 333.41370000
v -1179.40210000 133.01680000 352.84040000
v -1175.11010000 131.83580000 343.23500000
v -1180.01340000 133.01680000 354.20840000
v -1173.10640000 130.19730000 338.75090000
v -1172.44020000 128.51450000 337.25960000
v -1169.64010000 125.33700000 330.99350000
v -1169.72140000 124.00540000 331.17510000
v -1131.12210000 121.90630000 372.20470000
v -1151.18120000 133.01680000 381.11890000
v -1141.56710000 131.83580000 376.84640000
v -1152.55050000 133.01680000 381.72740000
v -1131.73680000 127.48520000 372.47790000
v -1129.31450000 125.33700000 371.40140000
v -1135.05490000 128.37040000 373.95240000
v -1135.58640000 128.51450000 374.18860000
v -1137.07890000 130.19730000 374.85190000
v -1129.49610000 124.00540000 371.48220000
v -1251.20390000 96.22200000 424.04460000
v -1201.18750000 96.22200000 402.17360000
v -1251.16750000 96.22200000 383.46150000
v -1223.24150000 131.50660000 454.48990000
v -1223.24150000 131.50660000 454.48990000
v -1221.63920000 131.50660000 454.50160000
v -1221.63920000 131.50660000 454.50160000
v -1182.76100000 131.50660000 454.51690000
v -1182.76100000 131.50660000 454.51690000
v -1181.22580000 131.50660000 454.51700000
v -1181.22580000 131.50660000 454.51700000
v -1180.13870000 131.50660000 453.43290000
v -1180.13870000 131.50660000 453.43290000
v -1152.61990000 131.50660000 425.96990000
v -1152.61990000 131.50660000 425.96990000
v -1151.49370000 131.50660000 424.83010000
v -1151.49370000 131.50660000 424.83010000
v -1151.48170000 131.50660000 423.22780000
v -1151.48170000 131.50660000 423.22780000
v -1151.46660000 131.50660000 384.34970000
v -1151.46660000 131.50660000 384.34970000
v -1151.46660000 131.50660000 384.34970000
v -1151.46630000 131.50660000 382.81440000
v -1151.46630000 131.50660000 382.81440000
v -1152.55050000 131.50660000 381.72740000
v -1152.55050000 131.50660000 381.72740000
v -1180.01340000 131.50660000 354.20840000
v -1180.01340000 131.50660000 354.20840000
v -1181.15330000 131.50660000 353.08220000
v -1181.15330000 131.50660000 353.08220000
v -1182.75560000 131.50660000 353.07040000
v -1182.75560000 131.50660000 353.07040000
v -1221.63380000 131.50660000 353.05510000
v -1221.63380000 131.50660000 353.05510000
v -1223.16890000 131.50660000 353.05510000
v -1223.16890000 131.50660000 353.05510000
v -1224.25590000 131.50660000 354.13920000
v -1224.25590000 131.50660000 354.13920000
v -1251.77490000 131.50660000 381.60210000
v -1251.77490000 131.50660000 381.60210000
v -1252.90140000 131.50660000 382.74190000
v -1252.90140000 131.50660000 382.74190000
v -1252.91310000 131.50660000 384.34420000
v -1252.91310000 131.50660000 384.34420000
v -1252.92820000 131.50660000 423.22240000
v -1252.92820000 131.50660000 423.22240000
v -1252.92820000 131.50660000 423.22240000
v -1252.92820000 131.50660000 424.75760000
v -1252.92820000 131.50660000 424.75760000
v -1251.84420000 131.50660000 425.84460000
v -1251.84420000 131.50660000 425.84460000
v -1224.38130000 131.50660000 453.36360000
v -1224.38130000 131.50660000 453.36360000
v -1223.24150000 96.86930000 454.48990000
v -1223.24150000 96.86930000 454.48990000
v -1221.63920000 96.86930000 454.50160000
v -1221.63920000 96.86930000 454.50160000
v -1182.76100000 96.86930000 454.51690000
v -1182.76100000 96.86930000 454.51690000
v -1181.22580000 96.86930000 454.51700000
v -1181.22580000 96.86930000 454.51700000
v -1180.13870000 96.86930000 453.43290000
v -1180.13870000 96.86930000 453.43290000
v -1152.61990000 96.86930000 425.96990000
v -1152.61990000 96.86930000 425.96990000
v -1151.49370000 96.86930000 424.83010000
v -1151.49370000 96.86930000 424.83010000
v -1151.48170000 96.86930000 423.22780000
v -1151.48170000 96.86930000 423.22780000
v -1151.46660000 96.86930000 384.34970000
v -1151.46660000 96.86930000 384.34970000
v -1151.46660000 96.86930000 384.34970000
v -1151.46630000 96.86930000 382.81450000
v -1151.46630000 96.86930000 382.81450000
v -1152.55050000 96.86930000 381.72740000
v -1152.55050000 96.86930000 381.72740000
v -1180.01340000 96.86930000 354.20850000
v -1180.01340000 96.86930000 354.20850000
v -1181.15330000 96.86930000 353.08220000
v -1181.15330000 96.86930000 353.08220000
v -1182.75560000 96.86930000 353.07040000
v -1182.75560000 96.86930000 353.07040000
v -1221.63380000 96.86930000 353.05520000
v -1221.63380000 96.86930000 353.05520000
v -1223.16890000 96.86930000 353.05510000
v -1223.16890000 96.86930000 353.05510000
v -1224.25590000 96.86930000 354.13920000
v -1224.25590000 96.86930000 354.13920000
v -1251.77490000 96.86930000 381.60210000
v -1251.77490000 96.86930000 381.60210000
v -1252.90140000 96.86930000 382.74190000
v -1252.90140000 96.86930000 382.74190000
v -1252.91310000 96.86930000 384.34420000
v -1252.91310000 96.86930000 384.34420000
v -1252.92820000 96.86930000 423.22240000
v -1252.92820000 96.86930000 423.22240000
v -1252.92820000 96.86930000 423.22240000
v -1252.92820000 96.86930000 424.75760000
v -1252.92820000 96.86930000 424.75760000
v -1251.84420000 96.86930000 425.84460000
v -1251.84420000 96.86930000 425.84460000
v -1224.38130000 96.86930000 453.36360000
v -1224.38130000 96.86930000 453.36360000
v -1223.24150000 96.22200000 454.48990000
v -1221.63920000 96.22200000 454.50160000
v -1182.76100000 96.22200000 454.51690000
v -1181.22580000 96.22200000 454.51700000
v -1180.13870000 96.22200000 453.43290000
v -1152.61990000 96.22200000 425.96990000
v -1151.49370000 96.22200000 424.83010000
v -1151.48170000 96.22200000 423.22780000
v -1151.46660000 96.22200000 384.34970000
v -1151.46630000 96.22200000 382.84480000
v -1152.55050000 96.22200000 381.72740000
v -1180.01340000 96.22200000 354.20850000
v -1181.23580000 96.22200000 353.08150000
v -1182.75560000 96.22200000 353.07040000
v -1221.63380000 96.22200000 353.05520000
v -1223.16890000 96.22200000 353.05510000
v -1224.25590000 96.22200000 354.13920000
v -1251.77490000 96.22200000 381.60210000
v -1252.90140000 96.22200000 382.74190000
v -1252.91310000 96.22200000 384.34420000
v -1252.92820000 96.22200000 423.22240000
v -1252.92820000 96.22200000 424.75760000
v -1251.84420000 96.22200000 425.84460000
v -1224.38130000 96.22200000 453.36360000
v -1181.93870000 96.22200000 452.79240000
v -1153.22710000 96.22200000 424.11060000
v -1153.19120000 96.22200000 383.52740000
v -1181.88400000 96.22200000 354.82190000
v -1222.45610000 96.22200000 354.77970000
v -1222.52200000 96.22200000 452.75620000
v -1174.60860000 75.38120000 472.80630000
v -1172.82230000 78.44220000 477.28840000
v -1231.46850000 78.44220000 477.26540000
v -1229.67850000 75.38120000 472.78470000
v -1231.33540000 80.20600000 476.93230000
v -1172.95510000 80.20630000 476.95480000
v -1173.56590000 81.86510000 475.42210000
v -1230.72270000 81.86640000 475.39860000
v -1227.67070000 88.45950000 467.75890000
v -1176.61250000 88.45950000 467.77890000
v -1172.82010000 79.33140000 477.29400000
v -1231.47070000 79.33140000 477.27100000
v -1176.05470000 85.54850000 469.17800000
v -1228.22950000 85.54850000 469.15760000
v -1229.47360000 84.12880000 472.27220000
v -1174.81400000 84.13010000 472.29090000
v -1226.79470000 74.42500000 465.56610000
v -1177.48680000 74.42500000 465.58540000
v -1176.05690000 88.38660000 469.17330000
v -1228.22750000 88.38660000 469.15280000
v -1176.59910000 74.42500000 465.58550000
v -1173.60820000 75.38120000 472.80640000
v -1171.75170000 78.44220000 477.28850000
v -1172.52470000 81.86520000 475.42220000
v -1171.88990000 80.20630000 476.95490000
v -1175.11110000 85.54850000 469.17810000
v -1175.11300000 88.38660000 469.17330000
v -1171.74930000 79.33140000 477.29410000
v -1175.69070000 88.45950000 467.77890000
v -1173.82150000 84.13010000 472.29100000
v -1227.73020000 74.42500000 465.55530000
v -1230.72050000 75.38120000 472.77390000
v -1232.57640000 78.44220000 477.25460000
v -1231.80250000 81.86780000 475.38650000
v -1232.43850000 80.20570000 476.92170000
v -1229.21610000 88.38660000 469.14210000
v -1229.21800000 85.54850000 469.14690000
v -1232.57860000 79.33140000 477.26020000
v -1228.63840000 88.45950000 467.74810000
v -1230.50930000 84.12740000 472.26450000
v -1233.36720000 78.44220000 476.47890000
v -1274.85280000 78.44220000 435.02590000
v -1270.42020000 75.38120000 433.11980000
v -1231.46460000 75.38120000 472.04490000
v -1273.00490000 81.86760000 434.23130000
v -1274.52340000 80.20570000 434.88430000
v -1233.22580000 80.20600000 476.14920000
v -1232.57470000 81.86640000 474.63150000
v -1265.44820000 88.45950000 430.98190000
v -1229.33060000 88.45950000 467.07130000
v -1233.36960000 79.33140000 476.48440000
v -1274.85840000 79.33140000 435.02830000
v -1231.24710000 84.12880000 471.53770000
v -1229.92460000 85.54850000 468.45550000
v -1266.83200000 85.54850000 431.57690000
v -1269.91580000 84.12760000 432.90300000
v -1263.27910000 74.42500000 430.04900000
v -1228.39940000 74.42500000 464.90140000
v -1266.82740000 88.38660000 431.57490000
v -1229.92240000 88.38660000 468.45080000
v -1271.16020000 75.38120000 432.35140000
v -1263.94140000 74.42500000 429.36130000
v -1275.64110000 78.44220000 434.20740000
v -1273.77080000 81.87000000 433.43270000
v -1275.30880000 80.20510000 434.06970000
v -1267.52830000 88.38660000 430.84700000
v -1267.53320000 85.54850000 430.84890000
v -1275.64670000 79.33140000 434.20970000
v -1266.13430000 88.45950000 430.26960000
v -1270.65600000 84.12510000 432.14250000
v -1274.85300000 78.44220000 372.52600000
v -1233.40010000 78.44220000 331.04050000
v -1231.49390000 75.38120000 335.47310000
v -1270.41890000 75.38120000 374.42860000
v -1232.60640000 81.86510000 332.88620000
v -1233.25830000 80.20630000 331.37050000
v -1274.52320000 80.20600000 372.66750000
v -1273.00560000 81.86640000 373.31870000
v -1229.35600000 88.45950000 340.44500000
v -1265.44530000 88.45950000 376.56270000
v -1274.85840000 79.33140000 372.52370000
v -1233.40230000 79.33140000 331.03500000
v -1269.91190000 84.12880000 374.64620000
v -1266.82960000 85.54850000 375.96880000
v -1229.95090000 85.54850000 339.06120000
v -1231.27470000 84.13010000 335.98280000
v -1228.42310000 74.42500000 342.61420000
v -1263.27540000 74.42500000 377.49390000
v -1229.94900000 88.38660000 339.06600000
v -1266.82500000 88.38660000 375.97080000
v -1227.79570000 74.42500000 341.98660000
v -1230.78660000 75.38120000 334.76570000
v -1232.64310000 78.44220000 330.28350000
v -1231.87010000 81.86520000 332.14980000
v -1232.50490000 80.20630000 330.61710000
v -1229.28170000 88.38660000 338.39870000
v -1229.28370000 85.54850000 338.39390000
v -1232.64530000 79.33140000 330.27800000
v -1228.70410000 88.45950000 339.79310000
v -1230.57300000 84.13010000 335.28100000
v -1263.92940000 74.42500000 378.16300000
v -1271.14790000 75.38120000 375.17300000
v -1275.62870000 78.44220000 373.31700000
v -1275.29590000 80.20570000 373.45490000
v -1273.76050000 81.86780000 374.09080000
v -1267.52100000 85.54850000 376.67540000
v -1267.51610000 88.38660000 376.67730000
v -1275.63430000 79.33140000 373.31470000
v -1266.12210000 88.45950000 377.25470000
v -1270.63840000 84.12740000 375.38400000
v -1271.18040000 75.38120000 431.28470000
v -1271.18040000 75.38120000 431.28470000
v -1275.66240000 78.44220000 433.07120000
v -1275.66240000 78.44220000 433.07120000
v -1275.63940000 78.44220000 374.42480000
v -1271.15890000 75.38120000 376.21480000
v -1275.30620000 80.20600000 374.55800000
v -1275.32960000 80.20570000 432.93840000
v -1275.32960000 80.20570000 432.93840000
v -1273.79390000 81.86760000 432.32640000
v -1273.79390000 81.86760000 432.32640000
v -1273.77270000 81.86640000 375.17060000
v -1266.13280000 88.45950000 378.22260000
v -1266.15280000 88.45950000 429.28080000
v -1266.15280000 88.45950000 429.28080000
v -1275.66800000 79.33140000 433.07340000
v -1275.66800000 79.33140000 433.07340000
v -1275.64500000 79.33140000 374.42260000
v -1267.55200000 85.54850000 429.83850000
v -1267.55200000 85.54850000 429.83850000
v -1267.53170000 85.54850000 377.66380000
v -1270.64620000 84.12880000 376.41960000
v -1270.67040000 84.12760000 431.08140000
v -1270.67040000 84.12760000 431.08140000
v -1263.94020000 74.42500000 379.09860000
v -1263.95950000 74.42500000 428.40660000
v -1263.95950000 74.42500000 428.40660000
v -1267.54740000 88.38660000 429.83660000
v -1267.54740000 88.38660000 429.83660000
v -1267.52690000 88.38660000 377.66570000
v -1129.54170000 78.44220000 435.04600000
v -1170.99490000 78.44220000 476.53150000
v -1172.90090000 75.38120000 472.09890000
v -1133.97580000 75.38120000 433.14340000
v -1171.78830000 81.86510000 474.68590000
v -1171.13670000 80.20630000 476.20160000
v -1129.87160000 80.20600000 434.90450000
v -1131.38920000 81.86640000 434.25330000
v -1175.03880000 88.45950000 467.12700000
v -1138.94950000 88.45950000 431.00930000
v -1129.53640000 79.33140000 435.04840000
v -1170.99240000 79.33140000 476.53700000
v -1134.48290000 84.12880000 432.92580000
v -1137.56520000 85.54850000 431.60330000
v -1174.44380000 85.54850000 468.51080000
v -1173.12010000 84.13010000 471.58920000
v -1175.97170000 74.42500000 464.95780000
v -1141.11940000 74.42500000 430.07820000
v -1174.44580000 88.38660000 468.50600000
v -1137.57010000 88.38660000 431.60120000
v -1140.46560000 74.42500000 429.40900000
v -1133.24680000 75.38120000 432.39900000
v -1128.76610000 78.44220000 434.25500000
v -1129.09910000 80.20570000 434.11710000
v -1130.63430000 81.86780000 433.48120000
v -1136.87380000 85.54850000 430.89670000
v -1136.87870000 88.38660000 430.89470000
v -1128.76070000 79.33140000 434.25730000
v -1138.27270000 88.45950000 430.31730000
v -1133.75610000 84.12740000 432.18800000
v -1133.21440000 75.38120000 376.28740000
v -1133.21440000 75.38120000 376.28740000
v -1128.73220000 78.44220000 374.50090000
v -1128.73220000 78.44220000 374.50090000
v -1128.75540000 78.44220000 433.14720000
v -1133.23610000 75.38120000 431.35720000
v -1129.08840000 80.20600000 433.01410000
v -1129.06540000 80.20570000 374.63360000
v -1129.06540000 80.20570000 374.63360000
v -1130.60080000 81.86760000 375.24560000
v -1130.60080000 81.86760000 375.24560000
v -1130.62210000 81.86640000 432.40140000
v -1138.26200000 88.45950000 429.34940000
v -1138.24190000 88.45950000 378.29120000
v -1138.24190000 88.45950000 378.29120000
v -1128.72680000 79.33140000 374.49870000
v -1128.72680000 79.33140000 374.49870000
v -1128.74980000 79.33140000 433.14940000
v -1136.84280000 85.54850000 377.73350000
v -1136.84280000 85.54850000 377.73350000
v -1136.86300000 85.54850000 429.90820000
v -1133.74850000 84.12880000 431.15250000
v -1133.72440000 84.12760000 376.49060000
v -1133.72440000 84.12760000 376.49060000
v -1140.45480000 74.42500000 428.47340000
v -1140.43530000 74.42500000 379.16550000
v -1140.43530000 74.42500000 379.16550000
v -1136.84740000 88.38660000 377.73540000
v -1136.84740000 88.38660000 377.73540000
v -1136.86790000 88.38660000 429.90630000
v -1140.45340000 74.42500000 378.21080000
v -1133.23440000 75.38120000 375.22070000
v -1128.75370000 78.44220000 373.36470000
v -1130.62400000 81.87000000 374.13930000
v -1129.08590000 80.20510000 373.50230000
v -1136.86180000 85.54850000 376.72310000
v -1136.86650000 88.38660000 376.72510000
v -1128.74830000 79.33140000 373.36230000
v -1138.26050000 88.45950000 377.30250000
v -1133.73900000 84.12510000 375.42960000
v -1229.78610000 75.38120000 334.76570000
v -1231.57280000 78.44220000 330.28360000
v -1172.92630000 78.44220000 330.30660000
v -1174.71630000 75.38120000 334.78730000
v -1173.05930000 80.20600000 330.63980000
v -1231.43970000 80.20630000 330.61720000
v -1230.82860000 81.86510000 332.14990000
v -1173.67210000 81.86640000 332.17340000
v -1176.72410000 88.45950000 339.81310000
v -1227.78220000 88.45950000 339.79320000
v -1231.57500000 79.33140000 330.27800000
v -1172.92410000 79.33140000 330.30100000
v -1228.33980000 85.54850000 338.39400000
v -1176.16530000 85.54850000 338.41440000
v -1174.92090000 84.12880000 335.29980000
v -1229.58060000 84.13010000 335.28120000
v -1177.60010000 74.42500000 342.00600000
v -1226.90800000 74.42500000 341.98660000
v -1228.33810000 88.38660000 338.39870000
v -1176.16720000 88.38660000 338.41920000
v -1176.66460000 74.42500000 342.01670000
v -1173.67460000 75.38120000 334.79810000
v -1171.81860000 78.44220000 330.31740000
v -1172.59230000 81.86780000 332.18550000
v -1171.95650000 80.20570000 330.65040000
v -1175.17900000 88.38660000 338.43000000
v -1175.17680000 85.54850000 338.42520000
v -1171.81620000 79.33140000 330.31190000
v -1175.75610000 88.45950000 339.82390000
v -1173.88550000 84.12740000 335.30750000
v -1171.02730000 78.44220000 331.09310000
v -1129.54200000 78.44220000 372.54610000
v -1133.97460000 75.38120000 374.45220000
v -1172.92990000 75.38120000 335.52720000
v -1131.38990000 81.86760000 373.34070000
v -1129.87130000 80.20570000 372.68770000
v -1171.16890000 80.20600000 331.42290000
v -1171.82030000 81.86640000 332.94050000
v -1138.94650000 88.45950000 376.59020000
v -1175.06420000 88.45950000 340.50070000
v -1171.02510000 79.33140000 331.08760000
v -1129.53660000 79.33140000 372.54370000
v -1173.14770000 84.12880000 336.03430000
v -1174.47020000 85.54850000 339.11650000
v -1137.56270000 85.54850000 375.99510000
v -1134.47900000 84.12760000 374.66910000
v -1141.11570000 74.42500000 377.52300000
v -1175.99540000 74.42500000 342.67070000
v -1137.56760000 88.38660000 375.99720000
v -1174.47220000 88.38660000 339.12130000
v -1221.29370000 32.25340000 453.60170000
v -1222.86790000 32.25340000 453.59000000
v -1222.86790000 -0.69340000 453.59000000
v -1221.29370000 -0.69340000 453.60170000
v -1221.29050000 33.44840000 453.59370000
v -1220.99020000 34.21570000 452.81130000
v -1222.54000000 34.21570000 452.79960000
v -1222.86470000 33.44840000 453.58190000
v -1218.70410000 41.50990000 446.85700000
v -1220.06880000 41.50990000 446.84540000
v -1220.07060000 40.67840000 446.84950000
v -1218.70580000 40.67840000 446.86110000
v -1220.91600000 42.53270000 452.61790000
v -1222.46000000 42.53290000 452.60700000
v -1221.12840000 47.17870000 453.17170000
v -1222.68950000 47.17870000 453.15990000
v -1222.68750000 43.18780000 453.15510000
v -1221.12670000 43.18780000 453.16690000
v -1220.93950000 48.30550000 452.67880000
v -1218.99240000 52.97760000 447.60810000
v -1220.38060000 52.97760000 447.59650000
v -1222.48510000 48.30510000 452.66740000
v -1218.77660000 54.34010000 447.04610000
v -1220.14720000 54.34030000 447.03440000
v -1220.26290000 55.36530000 447.31320000
v -1218.88400000 55.36570000 447.32540000
v -1221.23340000 59.98930000 453.44430000
v -1222.80270000 59.98930000 453.43260000
v -1222.13160000 60.34440000 455.78440000
v -1223.77390000 60.34440000 455.77260000
v -1218.85840000 39.72820000 447.25930000
v -1220.23560000 39.72850000 447.24730000
v -1227.11230000 70.06870000 463.81590000
v -1225.21970000 70.06870000 463.82790000
v -1225.89770000 74.42500000 465.59320000
v -1227.84470000 74.42500000 465.58110000
v -1225.38090000 67.45020000 459.64440000
v -1223.61820000 67.45020000 459.65630000
v -1224.54220000 67.71430000 462.06260000
v -1226.37960000 67.71430000 462.05070000
v -1225.12210000 66.69630000 459.02110000
v -1223.37890000 66.69630000 459.03290000
v -1183.10600000 -0.69340000 453.61670000
v -1183.10600000 32.25340000 453.61660000
v -1183.10890000 33.44840000 453.60860000
v -1183.40870000 34.21570000 452.82600000
v -1185.68870000 40.67840000 446.87410000
v -1185.69020000 41.50990000 446.86990000
v -1183.48290000 42.53260000 452.63180000
v -1183.27250000 43.18780000 453.18170000
v -1183.27050000 47.17870000 453.18650000
v -1183.45970000 48.30580000 452.69310000
v -1185.40230000 52.97760000 447.62120000
v -1185.61770000 54.34000000 447.05910000
v -1185.51050000 55.36610000 447.33900000
v -1183.16630000 59.98930000 453.45920000
v -1182.26950000 60.34440000 455.80000000
v -1181.59790000 -0.69340000 453.61680000
v -1181.59790000 32.25340000 453.61680000
v -1181.92480000 34.21570000 452.82620000
v -1181.60130000 33.44840000 453.60870000
v -1184.38530000 40.67840000 446.87410000
v -1184.38700000 41.50990000 446.87000000
v -1182.00510000 42.53260000 452.63200000
v -1181.77780000 43.18780000 453.18180000
v -1181.77560000 47.17870000 453.18660000
v -1184.07640000 52.97760000 447.62130000
v -1181.97970000 48.30580000 452.69320000
v -1184.30880000 54.34000000 447.05920000
v -1184.19310000 55.36610000 447.33910000
v -1181.66280000 59.98930000 453.45940000
v -1180.69530000 60.34440000 455.80010000
v -1184.22050000 39.72790000 447.27270000
v -1185.53590000 39.72790000 447.27260000
v -1179.18770000 70.06870000 463.84590000
v -1179.86400000 67.71430000 462.08010000
v -1178.09910000 67.71430000 462.08030000
v -1177.36940000 70.06870000 463.84610000
v -1179.09420000 67.45020000 459.67320000
v -1180.78590000 67.45020000 459.67310000
v -1179.35210000 66.69630000 459.04960000
v -1181.02490000 66.69630000 459.04950000
v -1223.98800000 32.25340000 452.48350000
v -1223.98800000 -0.69340000 452.48350000
v -1223.64260000 34.21570000 451.71050000
v -1223.98440000 33.44840000 452.47560000
v -1221.04050000 41.50990000 445.88730000
v -1221.04250000 40.67840000 445.89130000
v -1223.55810000 42.53270000 451.52130000
v -1223.80000000 47.17870000 452.06290000
v -1223.79790000 43.18780000 452.05820000
v -1221.36890000 52.97760000 446.62180000
v -1223.58470000 48.30550000 451.58080000
v -1221.12330000 54.34010000 446.07220000
v -1223.91920000 59.98930000 452.32950000
v -1221.24540000 55.36570000 446.34540000
v -1224.94190000 60.34440000 454.61810000
v -1221.21630000 39.72820000 446.28070000
v -1228.45680000 70.06870000 462.48450000
v -1227.68530000 67.71430000 460.75810000
v -1226.63380000 67.45020000 458.40470000
v -1226.36130000 66.69630000 457.79510000
v -1250.96340000 -0.69340000 425.45310000
v -1250.96340000 32.25340000 425.45310000
v -1250.95530000 33.44840000 425.44960000
v -1250.18970000 34.21570000 425.10930000
v -1244.36520000 40.67840000 422.52090000
v -1244.36110000 41.50990000 422.51910000
v -1249.99950000 42.53260000 425.02480000
v -1250.53760000 43.18780000 425.26390000
v -1250.54250000 47.17870000 425.26610000
v -1250.05960000 48.30580000 425.05150000
v -1245.09640000 52.97760000 422.84590000
v -1244.54610000 54.34000000 422.60140000
v -1244.82010000 55.36610000 422.72310000
v -1250.80930000 59.98930000 425.38460000
v -1253.09990000 60.34440000 426.40260000
v -1252.02810000 32.25340000 424.38550000
v -1252.02810000 -0.69340000 424.38550000
v -1251.23750000 34.21570000 424.05860000
v -1252.02000000 33.44840000 424.38210000
v -1245.28150000 41.50990000 421.59640000
v -1245.28560000 40.67840000 421.59810000
v -1251.04320000 42.53260000 423.97840000
v -1251.59790000 47.17870000 424.20760000
v -1251.59330000 43.18780000 424.20570000
v -1246.03270000 52.97760000 421.90700000
v -1251.10470000 48.30580000 424.00370000
v -1245.47070000 54.34000000 421.67470000
v -1245.75050000 55.36610000 421.79030000
v -1251.87080000 59.98930000 424.32040000
v -1254.21140000 60.34440000 425.28800000
v -1244.75510000 39.72790000 422.69430000
v -1245.68410000 39.72790000 421.76290000
v -1262.25760000 70.06870000 428.61410000
v -1260.97340000 70.06870000 429.90160000
v -1262.70140000 74.42500000 430.66950000
v -1264.02320000 74.42500000 429.34410000
v -1258.08470000 67.45020000 426.88910000
v -1256.89010000 67.45020000 428.08690000
v -1259.24540000 67.71430000 429.13370000
v -1260.49150000 67.71430000 427.88420000
v -1257.46090000 66.69630000 426.63130000
v -1256.27980000 66.69630000 427.81570000
v -1229.22830000 74.42500000 464.21090000
v -1250.89480000 32.25340000 381.99550000
v -1250.89480000 -0.69340000 381.99550000
v -1252.00120000 -0.69340000 383.11540000
v -1252.00120000 32.25340000 383.11540000
v -1251.21090000 34.21570000 383.44350000
v -1250.12180000 34.21570000 382.34080000
v -1250.88700000 33.44840000 381.99900000
v -1251.99340000 33.44840000 383.11870000
v -1244.29860000 41.50990000 384.94290000
v -1244.30270000 40.67840000 384.94110000
v -1245.26100000 40.67840000 385.91300000
v -1245.25680000 41.50990000 385.91470000
v -1251.01830000 42.53290000 383.52340000
v -1249.93260000 42.53270000 382.42540000
v -1250.47440000 47.17870000 382.18340000
v -1250.46950000 43.18780000 382.18550000
v -1251.56670000 43.18780000 383.29590000
v -1251.57130000 47.17870000 383.29390000
v -1246.00780000 52.97760000 385.60300000
v -1245.03320000 52.97760000 384.61470000
v -1249.99220000 48.30550000 382.39880000
v -1251.07890000 48.30510000 383.49830000
v -1245.44580000 54.34030000 385.83620000
v -1244.48340000 54.34010000 384.86020000
v -1245.72460000 55.36530000 385.72050000
v -1251.84400000 59.98930000 383.18070000
v -1250.74100000 59.98930000 382.06420000
v -1244.75680000 55.36570000 384.73820000
v -1254.18380000 60.34440000 382.20960000
v -1253.02950000 60.34440000 381.04160000
v -1245.65870000 39.72850000 385.74790000
v -1244.69190000 39.72820000 384.76710000
v -1260.89600000 70.06870000 377.52660000
v -1259.16940000 67.71430000 378.29800000
v -1260.46190000 67.71430000 379.60390000
v -1262.22730000 70.06870000 378.87120000
v -1258.05570000 67.45020000 380.60260000
v -1256.81620000 67.45020000 379.34960000
v -1257.43240000 66.69630000 380.86130000
v -1256.20650000 66.69630000 379.62200000
v -1223.86450000 -0.69340000 355.02010000
v -1223.86450000 32.25340000 355.02010000
v -1223.86110000 33.44840000 355.02800000
v -1223.52050000 34.21570000 355.79380000
v -1220.93240000 40.67840000 361.61820000
v -1220.93040000 41.50990000 361.62230000
v -1223.43630000 42.53260000 355.98380000
v -1223.67530000 43.18780000 355.44570000
v -1223.67750000 47.17870000 355.44100000
v -1223.46290000 48.30580000 355.92390000
v -1221.25730000 52.97760000 360.88710000
v -1221.01290000 54.34000000 361.43710000
v -1221.13450000 55.36610000 361.16320000
v -1223.79610000 59.98930000 355.17410000
v -1224.81400000 60.34440000 352.88350000
v -1222.79690000 32.25340000 353.95530000
v -1222.79690000 -0.69340000 353.95530000
v -1222.47000000 34.21570000 354.74590000
v -1222.79350000 33.44840000 353.96330000
v -1220.00780000 41.50990000 360.70200000
v -1220.00950000 40.67840000 360.69790000
v -1222.38960000 42.53260000 354.94010000
v -1222.61890000 47.17870000 354.38540000
v -1222.61690000 43.18780000 354.39030000
v -1220.31840000 52.97760000 359.95070000
v -1222.41500000 48.30580000 354.87880000
v -1220.08590000 54.34000000 360.51280000
v -1220.20170000 55.36610000 360.23290000
v -1222.73170000 59.98930000 354.11270000
v -1223.69950000 60.34440000 351.77190000
v -1221.10570000 39.72790000 361.22820000
v -1220.17430000 39.72790000 360.29930000
v -1227.02560000 70.06870000 343.72600000
v -1228.31300000 70.06870000 345.01000000
v -1229.08080000 74.42500000 343.28200000
v -1227.75540000 74.42500000 341.96020000
v -1225.30050000 67.45020000 347.89880000
v -1226.49830000 67.45020000 349.09340000
v -1227.54520000 67.71430000 346.73800000
v -1226.29540000 67.71430000 345.49180000
v -1225.04270000 66.69630000 348.52240000
v -1226.22710000 66.69630000 349.70370000
v -1262.62230000 74.42500000 376.75520000
v -1252.01320000 32.25340000 384.68980000
v -1252.01320000 -0.69340000 384.68970000
v -1252.00510000 33.44840000 384.69280000
v -1251.22270000 34.21570000 384.99320000
v -1245.26860000 41.50990000 387.27930000
v -1245.27250000 40.67840000 387.27770000
v -1251.02930000 42.53270000 385.06750000
v -1251.58300000 47.17870000 384.85490000
v -1251.57810000 43.18780000 384.85670000
v -1251.09010000 48.30550000 385.04410000
v -1246.01930000 52.97760000 386.99100000
v -1245.45750000 54.34010000 387.20680000
v -1245.73680000 55.36570000 387.09950000
v -1251.85570000 59.98930000 384.75020000
v -1254.19560000 60.34440000 383.85170000
v -1245.67070000 39.72820000 387.12490000
v -1262.23930000 70.06870000 380.76350000
v -1264.00460000 74.42500000 380.08570000
v -1263.99270000 74.42500000 378.13860000
v -1258.06760000 67.45020000 382.36510000
v -1260.47390000 67.71430000 381.44130000
v -1257.44430000 66.69630000 382.60450000
v -1252.02810000 -0.69340000 422.87760000
v -1252.02810000 -0.69340000 422.87760000
v -1252.02810000 32.25340000 422.87760000
v -1252.02810000 32.25340000 422.87760000
v -1252.02000000 33.44840000 422.87450000
v -1252.02000000 33.44840000 422.87450000
v -1251.23730000 34.21570000 422.57470000
v -1251.23730000 34.21570000 422.57470000
v -1245.28540000 40.67840000 420.29490000
v -1245.28540000 40.67840000 420.29490000
v -1245.28130000 41.50990000 420.29330000
v -1245.28130000 41.50990000 420.29330000
v -1251.04320000 42.53260000 422.50030000
v -1251.04320000 42.53260000 422.50030000
v -1251.59300000 43.18780000 422.71090000
v -1251.59300000 43.18780000 422.71090000
v -1251.59790000 47.17870000 422.71280000
v -1251.59790000 47.17870000 422.71280000
v -1251.10450000 48.30580000 422.52380000
v -1251.10450000 48.30580000 422.52380000
v -1246.03250000 52.97760000 420.58110000
v -1246.03250000 52.97760000 420.58110000
v -1245.47050000 54.34000000 420.36570000
v -1245.47050000 54.34000000 420.36570000
v -1245.75050000 55.36610000 420.47290000
v -1245.75050000 55.36610000 420.47290000
v -1251.87060000 59.98930000 422.81730000
v -1251.87060000 59.98930000 422.81730000
v -1254.21140000 60.34440000 423.71390000
v -1254.21140000 60.34440000 423.71390000
v -1245.68410000 39.72790000 420.44750000
v -1245.68410000 39.72790000 420.44750000
v -1262.25730000 70.06870000 426.79580000
v -1262.25730000 70.06870000 426.79580000
v -1260.49150000 67.71430000 426.11940000
v -1260.49150000 67.71430000 426.11940000
v -1258.08450000 67.45020000 425.19740000
v -1258.08450000 67.45020000 425.19740000
v -1257.46090000 66.69630000 424.95860000
v -1257.46090000 66.69630000 424.95860000
v -1153.50000000 32.25340000 425.57660000
v -1153.50000000 -0.69340000 425.57660000
v -1152.39330000 -0.69340000 424.45660000
v -1152.39330000 32.25340000 424.45660000
v -1153.18380000 34.21570000 424.12860000
v -1154.27290000 34.21570000 425.23120000
v -1153.50780000 33.44840000 425.57310000
v -1152.40160000 33.44840000 424.45330000
v -1160.09620000 41.50990000 422.62920000
v -1160.09200000 40.67840000 422.63100000
v -1159.13400000 40.67840000 421.65910000
v -1159.13790000 41.50990000 421.65740000
v -1153.37650000 42.53290000 424.04860000
v -1154.46220000 42.53270000 425.14670000
v -1153.92040000 47.17870000 425.38870000
v -1153.92530000 43.18780000 425.38660000
v -1152.82840000 43.18780000 424.27620000
v -1152.82350000 47.17870000 424.27810000
v -1158.38700000 52.97760000 421.96910000
v -1159.36160000 52.97760000 422.95740000
v -1154.40260000 48.30550000 425.17330000
v -1153.31590000 48.30510000 424.07370000
v -1158.94900000 54.34030000 421.73580000
v -1159.91110000 54.34010000 422.71180000
v -1158.67020000 55.36530000 421.85150000
v -1152.55080000 59.98930000 424.39130000
v -1153.65380000 59.98930000 425.50780000
v -1159.63820000 55.36570000 422.83390000
v -1150.21070000 60.34440000 425.36250000
v -1151.36550000 60.34440000 426.53040000
v -1158.73610000 39.72850000 421.82420000
v -1159.70260000 39.72820000 422.80500000
v -1143.49900000 70.06870000 430.04540000
v -1145.22530000 67.71430000 429.27400000
v -1143.93260000 67.71430000 427.96810000
v -1142.16750000 70.06870000 428.70080000
v -1146.33890000 67.45020000 426.96950000
v -1147.57860000 67.45020000 428.22240000
v -1146.96240000 66.69630000 426.71070000
v -1148.18850000 66.69630000 427.95000000
v -1180.53030000 -0.69340000 452.55200000
v -1180.53030000 32.25340000 452.55190000
v -1180.53390000 33.44840000 452.54410000
v -1180.87400000 34.21570000 451.77830000
v -1183.46240000 40.67840000 445.95380000
v -1183.46410000 41.50990000 445.94980000
v -1180.95850000 42.53260000 451.58820000
v -1180.71950000 43.18780000 452.12630000
v -1180.71730000 47.17870000 452.13100000
v -1180.93190000 48.30580000 451.64820000
v -1183.13750000 52.97760000 446.68500000
v -1183.38210000 54.34000000 446.13490000
v -1183.26030000 55.36610000 446.40880000
v -1180.59890000 59.98930000 452.39790000
v -1179.58080000 60.34440000 454.68850000
v -1183.28930000 39.72790000 446.34390000
v -1176.08180000 70.06870000 462.56200000
v -1175.31400000 74.42500000 464.29000000
v -1176.63940000 74.42500000 465.61190000
v -1177.89650000 67.45020000 458.47860000
v -1176.84990000 67.71430000 460.83410000
v -1178.16770000 66.69630000 457.86840000
v -1141.77250000 74.42500000 430.81680000
v -1152.38180000 32.25340000 422.88230000
v -1152.38180000 -0.69340000 422.88230000
v -1152.38960000 33.44840000 422.87920000
v -1153.17210000 34.21570000 422.57880000
v -1159.12650000 41.50990000 420.29270000
v -1159.12230000 40.67840000 420.29430000
v -1153.36550000 42.53270000 422.50450000
v -1152.81180000 47.17870000 422.71720000
v -1152.81640000 43.18780000 422.71530000
v -1153.30470000 48.30550000 422.52790000
v -1158.37520000 52.97760000 420.58110000
v -1158.93750000 54.34010000 420.36530000
v -1158.65800000 55.36570000 420.47260000
v -1152.53910000 59.98930000 422.82190000
v -1150.19900000 60.34440000 423.72030000
v -1158.72410000 39.72820000 420.44720000
v -1142.15550000 70.06870000 426.80850000
v -1140.39040000 74.42500000 427.48630000
v -1140.40230000 74.42500000 429.43340000
v -1146.32710000 67.45020000 425.20690000
v -1143.92070000 67.71430000 426.13080000
v -1146.95040000 66.69630000 424.96760000
v -1152.36670000 -0.69340000 384.69450000
v -1152.36670000 -0.69340000 384.69450000
v -1152.36670000 32.25340000 384.69450000
v -1152.36670000 32.25340000 384.69450000
v -1152.37480000 33.44840000 384.69750000
v -1152.37480000 33.44840000 384.69750000
v -1153.15750000 34.21570000 384.99730000
v -1153.15750000 34.21570000 384.99730000
v -1159.10940000 40.67840000 387.27720000
v -1159.10940000 40.67840000 387.27720000
v -1159.11350000 41.50990000 387.27880000
v -1159.11350000 41.50990000 387.27880000
v -1153.35160000 42.53260000 385.07170000
v -1153.35160000 42.53260000 385.07170000
v -1152.80180000 43.18780000 384.86110000
v -1152.80180000 43.18780000 384.86110000
v -1152.79690000 47.17870000 384.85930000
v -1152.79690000 47.17870000 384.85930000
v -1153.29030000 48.30580000 385.04820000
v -1153.29030000 48.30580000 385.04820000
v -1158.36210000 52.97760000 386.99100000
v -1158.36210000 52.97760000 386.99100000
v -1158.92430000 54.34000000 387.20630000
v -1158.92430000 54.34000000 387.20630000
v -1158.64450000 55.36610000 387.09910000
v -1158.64450000 55.36610000 387.09910000
v -1152.52420000 59.98930000 384.75480000
v -1152.52420000 59.98930000 384.75480000
v -1150.18330000 60.34440000 383.85820000
v -1150.18330000 60.34440000 383.85820000
v -1152.36670000 -0.69340000 383.18660000
v -1152.36670000 32.25340000 383.18660000
v -1153.15720000 34.21570000 383.51340000
v -1152.37480000 33.44840000 383.18990000
v -1159.10940000 40.67840000 385.97390000
v -1159.11350000 41.50990000 385.97560000
v -1153.35130000 42.53260000 383.59370000
v -1152.80150000 43.18780000 383.36640000
v -1152.79690000 47.17870000 383.36440000
v -1158.36210000 52.97760000 385.66500000
v -1153.29030000 48.30580000 383.56840000
v -1158.92430000 54.34000000 385.89740000
v -1158.64430000 55.36610000 385.78170000
v -1152.52420000 59.98930000 383.25160000
v -1150.18330000 60.34440000 382.28400000
v -1158.71070000 39.72790000 385.80910000
v -1158.71070000 39.72790000 387.12450000
v -1158.71070000 39.72790000 387.12450000
v -1142.13750000 70.06870000 380.77620000
v -1142.13750000 70.06870000 380.77620000
v -1143.90330000 67.71430000 381.45260000
v -1143.90330000 67.71430000 381.45260000
v -1143.90310000 67.71430000 379.68790000
v -1142.13750000 70.06870000 378.95790000
v -1146.31030000 67.45020000 380.68290000
v -1146.31030000 67.45020000 382.37460000
v -1146.31030000 67.45020000 382.37460000
v -1146.93380000 66.69630000 380.94070000
v -1146.93380000 66.69630000 382.61350000
v -1146.93380000 66.69630000 382.61350000
v -1183.10110000 32.25340000 353.97030000
v -1181.52690000 32.25340000 353.98210000
v -1181.52690000 -0.69340000 353.98210000
v -1183.10110000 -0.69340000 353.97030000
v -1183.10420000 33.44840000 353.97840000
v -1183.40450000 34.21570000 354.76070000
v -1181.85500000 34.21570000 354.77240000
v -1181.53030000 33.44840000 353.99010000
v -1185.69070000 41.50990000 360.71500000
v -1184.32620000 41.50990000 360.72660000
v -1184.32450000 40.67840000 360.72250000
v -1185.68920000 40.67840000 360.71090000
v -1183.47900000 42.53270000 354.95420000
v -1181.93460000 42.53290000 354.96510000
v -1183.26610000 47.17870000 354.40040000
v -1181.70510000 47.17870000 354.41210000
v -1181.70730000 43.18780000 354.41690000
v -1183.26810000 43.18780000 354.40520000
v -1183.45560000 48.30550000 354.89330000
v -1185.40230000 52.97760000 359.96400000
v -1184.01440000 52.97760000 359.97560000
v -1181.90970000 48.30510000 354.90460000
v -1185.61820000 54.34010000 360.52600000
v -1184.24760000 54.34030000 360.53760000
v -1184.13180000 55.36530000 360.25880000
v -1185.51100000 55.36570000 360.24660000
v -1183.16160000 59.98930000 354.12770000
v -1181.59200000 59.98930000 354.13950000
v -1182.26320000 60.34440000 351.78770000
v -1180.62110000 60.34440000 351.79950000
v -1185.53610000 39.72820000 360.31270000
v -1184.15920000 39.72850000 360.32470000
v -1177.28270000 70.06870000 343.75610000
v -1179.17480000 70.06870000 343.74410000
v -1178.49710000 74.42500000 341.97890000
v -1176.55000000 74.42500000 341.99090000
v -1179.01390000 67.45020000 347.92760000
v -1180.77660000 67.45020000 347.91570000
v -1179.85250000 67.71430000 345.50940000
v -1178.01540000 67.71430000 345.52140000
v -1179.27270000 66.69630000 348.55100000
v -1181.01590000 66.69630000 348.53910000
v -1221.28910000 -0.69340000 353.95540000
v -1221.28910000 32.25340000 353.95540000
v -1221.28590000 33.44840000 353.96340000
v -1220.98610000 34.21570000 354.74600000
v -1218.70630000 40.67840000 360.69800000
v -1218.70460000 41.50990000 360.70210000
v -1220.91160000 42.53260000 354.94020000
v -1221.12230000 43.18780000 354.39040000
v -1221.12400000 47.17870000 354.38550000
v -1220.93510000 48.30580000 354.87900000
v -1218.99240000 52.97760000 359.95080000
v -1218.77710000 54.34000000 360.51290000
v -1218.88430000 55.36610000 360.23300000
v -1221.22880000 59.98930000 354.11280000
v -1222.12520000 60.34440000 351.77210000
v -1218.85890000 39.72790000 360.29940000
v -1225.20730000 70.06870000 343.72610000
v -1224.53080000 67.71430000 345.49190000
v -1223.60890000 67.45020000 347.89900000
v -1223.36990000 66.69630000 348.52250000
v -1180.40670000 32.25340000 355.08860000
v -1180.40670000 -0.69340000 355.08860000
v -1180.75220000 34.21570000 355.86150000
v -1180.41020000 33.44840000 355.09640000
v -1183.35420000 41.50990000 361.68480000
v -1183.35250000 40.67840000 361.68070000
v -1180.83670000 42.53270000 356.05070000
v -1180.59470000 47.17870000 355.50920000
v -1180.59690000 43.18780000 355.51390000
v -1183.02610000 52.97760000 360.95020000
v -1180.81010000 48.30550000 355.99120000
v -1183.27170000 54.34010000 361.49980000
v -1180.47560000 59.98930000 355.24250000
v -1183.14970000 55.36570000 361.22670000
v -1179.45310000 60.34440000 352.95400000
v -1183.17850000 39.72820000 361.29130000
v -1175.93800000 70.06870000 345.08760000
v -1176.70950000 67.71430000 346.81400000
v -1177.76100000 67.45020000 349.16730000
v -1178.03340000 66.69630000 349.77700000
v -1153.43140000 -0.69340000 382.11890000
v -1153.43140000 32.25340000 382.11890000
v -1153.43920000 33.44840000 382.12240000
v -1154.20510000 34.21570000 382.46270000
v -1160.02950000 40.67840000 385.05110000
v -1160.03370000 41.50990000 385.05290000
v -1154.39500000 42.53260000 382.54720000
v -1153.85720000 43.18780000 382.30810000
v -1153.85230000 47.17870000 382.30600000
v -1154.33520000 48.30580000 382.52060000
v -1159.29860000 52.97760000 384.72620000
v -1159.84840000 54.34000000 384.97060000
v -1159.57470000 55.36610000 384.84890000
v -1153.58540000 59.98930000 382.18740000
v -1151.29490000 60.34440000 381.16950000
v -1159.63960000 39.72790000 384.87780000
v -1143.42140000 70.06870000 377.67050000
v -1141.69340000 74.42500000 376.90260000
v -1140.37160000 74.42500000 378.22800000
v -1147.50490000 67.45020000 379.48510000
v -1145.14940000 67.71430000 378.43840000
v -1148.11500000 66.69630000 379.75630000
v -1175.16650000 74.42500000 343.36120000
v -1178.51120000 74.42500000 465.61170000
v -1264.02290000 74.42500000 427.47220000
v -1264.02290000 74.42500000 427.47220000
v -1140.37160000 74.42500000 380.09980000
v -1140.37160000 74.42500000 380.09980000
v -1225.88350000 74.42500000 341.96030000
v -1222.76340000 62.23120000 457.42990000
v -1224.45680000 62.23120000 457.41810000
v -1180.01490000 62.23120000 457.44620000
v -1181.63890000 62.23120000 457.44600000
v -1225.66090000 62.23120000 456.22740000
v -1254.71070000 62.23120000 427.11840000
v -1255.85740000 62.23120000 425.96850000
v -1255.82930000 62.23120000 381.52660000
v -1254.63890000 62.23120000 380.32250000
v -1225.52980000 62.23120000 351.27280000
v -1224.37990000 62.23120000 350.12590000
v -1255.84130000 62.23120000 383.21990000
v -1255.85740000 62.23120000 424.34440000
v -1255.85740000 62.23120000 424.34440000
v -1148.56520000 62.23120000 426.04540000
v -1149.75610000 62.23120000 427.24950000
v -1178.86500000 62.23120000 456.29930000
v -1148.55350000 62.23120000 424.35210000
v -1148.53710000 62.23120000 381.60350000
v -1148.53740000 62.23120000 383.22770000
v -1148.53740000 62.23120000 383.22770000
v -1181.63130000 62.23120000 350.14210000
v -1179.93800000 62.23120000 350.15390000
v -1222.75590000 62.23120000 350.12600000
v -1178.73390000 62.23120000 351.34470000
v -1149.68410000 62.23120000 380.45360000
v -1227.45040000 117.64590000 -383.17240000
v -1229.52340000 117.64590000 -383.18440000
v -1228.69680000 117.44850000 -385.04870000
v -1228.69680000 117.44850000 -385.04870000
v -1227.67070000 117.44850000 -385.05080000
v -1227.67070000 117.44850000 -385.05080000
v -1227.45630000 118.29980000 -383.15720000
v -1229.52950000 118.29980000 -383.16930000
v -1227.44040000 120.65790000 -383.19820000
v -1229.51270000 120.65790000 -383.21040000
v -1176.61230000 117.44850000 -385.03090000
v -1176.61230000 117.44850000 -385.03090000
v -1176.96140000 117.64590000 -383.15260000
v -1176.95580000 118.29980000 -383.13740000
v -1176.97140000 120.65790000 -383.17850000
v -1175.71170000 117.44850000 -385.01760000
v -1175.71170000 117.44850000 -385.01760000
v -1174.96700000 117.64590000 -383.15240000
v -1174.96070000 118.29980000 -383.13720000
v -1174.97750000 120.65790000 -383.17830000
v -1230.99560000 117.64590000 -384.64370000
v -1229.33060000 117.44850000 -385.73840000
v -1229.33060000 117.44850000 -385.73840000
v -1231.00220000 118.29980000 -384.62880000
v -1230.98410000 120.65790000 -384.66910000
v -1265.44850000 117.44850000 -421.82790000
v -1265.44850000 117.44850000 -421.82790000
v -1266.66020000 117.64590000 -420.38100000
v -1266.67500000 118.29980000 -420.37450000
v -1266.17550000 117.44850000 -422.54960000
v -1266.17550000 117.44850000 -422.54960000
v -1268.06860000 117.64590000 -421.79340000
v -1268.08400000 118.29980000 -421.78710000
v -1268.04300000 120.65790000 -421.80410000
v -1266.63480000 120.65790000 -420.39230000
v -1266.15380000 117.44850000 -475.56820000
v -1266.15380000 117.44850000 -475.56820000
v -1268.03660000 117.64590000 -476.34970000
v -1266.57740000 117.64590000 -477.82200000
v -1265.44560000 117.44850000 -476.24710000
v -1265.44560000 117.44850000 -476.24710000
v -1268.05200000 118.29980000 -476.35610000
v -1266.59230000 118.29980000 -477.82860000
v -1268.01100000 120.65790000 -476.33900000
v -1266.55220000 120.65790000 -477.81070000
v -1229.35600000 117.44850000 -512.36500000
v -1229.35600000 117.44850000 -512.36500000
v -1230.84010000 117.64590000 -513.48670000
v -1230.84670000 118.29980000 -513.50150000
v -1229.42800000 117.64590000 -514.89520000
v -1228.68330000 117.44850000 -513.03000000
v -1228.68330000 117.44850000 -513.03000000
v -1229.43410000 118.29980000 -514.91040000
v -1230.82890000 120.65790000 -513.46130000
v -1229.41700000 120.65790000 -514.86930000
v -1268.04880000 117.64590000 -474.27690000
v -1266.13310000 117.44850000 -474.58730000
v -1266.13310000 117.44850000 -474.58730000
v -1268.06400000 118.29980000 -474.28270000
v -1268.02290000 120.65790000 -474.26690000
v -1266.18480000 117.44850000 -423.51580000
v -1266.18480000 117.44850000 -423.51580000
v -1266.18480000 117.44850000 -423.51580000
v -1268.06860000 117.64590000 -422.76450000
v -1268.08400000 118.29980000 -422.75840000
v -1268.04270000 120.65790000 -423.79800000
v -1138.24100000 117.44850000 -422.47940000
v -1138.24100000 117.44850000 -422.47940000
v -1136.35820000 117.64590000 -421.69790000
v -1137.81710000 117.64590000 -420.22570000
v -1138.94920000 117.44850000 -421.80050000
v -1138.94920000 117.44850000 -421.80050000
v -1136.34300000 118.29980000 -421.69160000
v -1137.80250000 118.29980000 -420.21900000
v -1136.38400000 120.65790000 -421.70870000
v -1137.84250000 120.65790000 -420.23690000
v -1175.03880000 117.44850000 -385.68270000
v -1175.03880000 117.44850000 -385.68270000
v -1173.55470000 117.64590000 -384.56100000
v -1173.54810000 118.29980000 -384.54610000
v -1173.56590000 120.65790000 -384.58640000
v -1136.34590000 117.64590000 -423.77080000
v -1138.26170000 117.44850000 -423.46040000
v -1138.26170000 117.44850000 -423.46040000
v -1136.33080000 118.29980000 -423.76490000
v -1136.37180000 120.65790000 -423.78070000
v -1138.24170000 117.44850000 -474.51870000
v -1138.24170000 117.44850000 -474.51870000
v -1138.24170000 117.44850000 -474.51870000
v -1136.32620000 117.64590000 -474.25960000
v -1136.31100000 118.29980000 -474.26550000
v -1138.21920000 117.44850000 -475.49810000
v -1138.21920000 117.44850000 -475.49810000
v -1136.32590000 117.64590000 -476.25430000
v -1136.31080000 118.29980000 -476.26060000
v -1136.35210000 120.65790000 -476.24350000
v -1136.35210000 120.65790000 -474.24970000
v -1176.94430000 117.64590000 -514.87530000
v -1174.87130000 117.64590000 -514.86320000
v -1175.69800000 117.44850000 -512.99890000
v -1175.69800000 117.44850000 -512.99890000
v -1176.72390000 117.44850000 -512.99680000
v -1176.72390000 117.44850000 -512.99680000
v -1176.93850000 118.29980000 -514.89050000
v -1174.86520000 118.29980000 -514.87840000
v -1176.95410000 120.65790000 -514.84940000
v -1174.88230000 120.65790000 -514.83730000
v -1227.78220000 117.44850000 -513.01680000
v -1227.78220000 117.44850000 -513.01680000
v -1227.43310000 117.64590000 -514.89500000
v -1227.43900000 118.29980000 -514.91030000
v -1227.42330000 120.65790000 -514.86910000
v -1173.39920000 117.64590000 -513.40390000
v -1175.06420000 117.44850000 -512.30930000
v -1175.06420000 117.44850000 -512.30930000
v -1173.39260000 118.29980000 -513.41880000
v -1173.41040000 120.65790000 -513.37860000
v -1138.94630000 117.44850000 -476.21970000
v -1138.94630000 117.44850000 -476.21970000
v -1137.73460000 117.64590000 -477.66660000
v -1137.71970000 118.29980000 -477.67320000
v -1137.75980000 120.65790000 -477.65530000
v -1230.04420000 121.90630000 -376.41720000
v -1232.32690000 121.90630000 -376.42940000
v -1229.80300000 127.48520000 -377.04520000
v -1228.50170000 128.37040000 -380.43470000
v -1230.65940000 128.37040000 -380.44680000
v -1232.06620000 127.48520000 -377.05750000
v -1225.94730000 131.83580000 -387.08760000
v -1222.17630000 133.01680000 -396.90930000
v -1223.82200000 133.01680000 -396.92110000
v -1227.89840000 131.83580000 -387.09970000
v -1221.63920000 133.01680000 -398.30820000
v -1223.24150000 133.01680000 -398.32000000
v -1228.29320000 128.51450000 -380.97770000
v -1227.70750000 130.19730000 -382.50260000
v -1229.80130000 130.19730000 -382.51460000
v -1230.43410000 128.51450000 -380.98990000
v -1230.75290000 125.33700000 -374.57060000
v -1233.09330000 125.33700000 -374.58290000
v -1233.01610000 124.00540000 -374.76860000
v -1230.68160000 124.00540000 -374.75630000
v -1174.37330000 121.90630000 -376.39530000
v -1178.46190000 131.83580000 -387.06910000
v -1182.22510000 133.01680000 -396.89370000
v -1182.76100000 133.01680000 -398.29300000
v -1173.66580000 125.33700000 -374.54820000
v -1174.61400000 127.48520000 -377.02370000
v -1172.17360000 121.90630000 -376.39510000
v -1173.83500000 128.37040000 -380.41390000
v -1175.91260000 128.37040000 -380.41410000
v -1172.43330000 127.48520000 -377.02350000
v -1180.64720000 133.01680000 -396.89350000
v -1176.58590000 131.83580000 -387.06890000
v -1181.22580000 133.01680000 -398.29280000
v -1174.68990000 130.19730000 -382.48240000
v -1176.70510000 130.19730000 -382.48260000
v -1176.12060000 128.51450000 -380.95730000
v -1174.05960000 128.51450000 -380.95720000
v -1171.40990000 125.33700000 -374.54800000
v -1171.48680000 124.00540000 -374.73380000
v -1173.73680000 124.00540000 -374.73390000
v -1233.94750000 121.90630000 -378.03720000
v -1232.19190000 128.37040000 -381.96640000
v -1233.67310000 127.48520000 -378.65150000
v -1224.99240000 133.01680000 -398.07820000
v -1229.28470000 131.83580000 -388.47280000
v -1224.38130000 133.01680000 -399.44620000
v -1231.28830000 130.19730000 -383.98870000
v -1231.95460000 128.51450000 -382.49740000
v -1234.75460000 125.33700000 -376.23140000
v -1234.67330000 124.00540000 -376.41300000
v -1273.27270000 121.90630000 -417.44250000
v -1253.21360000 133.01680000 -426.35680000
v -1262.82760000 131.83580000 -422.08430000
v -1251.84420000 133.01680000 -426.96520000
v -1272.65770000 127.48520000 -417.71580000
v -1275.08030000 125.33700000 -416.63930000
v -1274.82590000 121.90630000 -419.00000000
v -1269.34010000 128.37040000 -419.19020000
v -1270.80740000 128.37040000 -420.66130000
v -1274.19780000 127.48520000 -419.25980000
v -1254.32760000 133.01680000 -427.47380000
v -1264.15230000 131.83580000 -423.41240000
v -1252.92820000 133.01680000 -428.05220000
v -1268.80860000 128.51450000 -419.42640000
v -1267.31590000 130.19730000 -420.08970000
v -1268.73880000 130.19730000 -421.51640000
v -1270.26420000 128.51450000 -420.88590000
v -1276.67330000 125.33700000 -418.23650000
v -1276.48750000 124.00540000 -418.31320000
v -1274.89840000 124.00540000 -416.72000000
v -1274.79170000 121.90630000 -479.15340000
v -1273.18410000 121.90630000 -480.77400000
v -1270.77440000 128.37040000 -477.48600000
v -1269.25490000 128.37040000 -479.01830000
v -1272.56960000 127.48520000 -480.49960000
v -1274.16380000 127.48520000 -478.89270000
v -1254.30000000 133.01680000 -470.64850000
v -1253.14280000 133.01680000 -471.81900000
v -1262.74850000 131.83580000 -476.11100000
v -1264.12160000 131.83580000 -474.72480000
v -1252.90140000 133.01680000 -470.06790000
v -1251.77490000 133.01680000 -471.20770000
v -1268.70650000 130.19730000 -476.62770000
v -1267.23240000 130.19730000 -478.11470000
v -1268.72360000 128.51450000 -478.78110000
v -1270.23120000 128.51450000 -477.26060000
v -1274.99000000 125.33700000 -481.58090000
v -1276.63840000 125.33700000 -479.91970000
v -1276.45260000 124.00540000 -479.84270000
v -1274.80830000 124.00540000 -481.49980000
v -1233.77880000 121.90630000 -520.09920000
v -1224.86450000 133.01680000 -500.04000000
v -1229.13700000 131.83580000 -509.65410000
v -1224.25590000 133.01680000 -498.67070000
v -1233.50560000 127.48520000 -519.48430000
v -1234.58200000 125.33700000 -521.90670000
v -1232.22120000 121.90630000 -521.65250000
v -1232.03100000 128.37040000 -516.16640000
v -1230.55980000 128.37040000 -517.63370000
v -1231.96140000 127.48520000 -521.02420000
v -1223.74730000 133.01680000 -501.15410000
v -1227.80880000 131.83580000 -510.97880000
v -1223.16890000 133.01680000 -499.75480000
v -1231.79490000 128.51450000 -515.63490000
v -1231.13160000 130.19730000 -514.14230000
v -1229.70480000 130.19730000 -515.56520000
v -1230.33540000 128.51450000 -517.09050000
v -1232.98490000 125.33700000 -523.49960000
v -1232.90800000 124.00540000 -523.31380000
v -1234.50120000 124.00540000 -521.72490000
v -1274.80420000 121.90630000 -476.87050000
v -1274.17600000 127.48520000 -476.62930000
v -1270.78640000 128.37040000 -475.32790000
v -1264.13350000 131.83580000 -472.77360000
v -1254.31180000 133.01680000 -469.00270000
v -1252.91310000 133.01680000 -468.46560000
v -1270.24340000 128.51450000 -475.11940000
v -1268.71850000 130.19730000 -474.53410000
v -1276.65060000 125.33700000 -477.57950000
v -1276.46480000 124.00540000 -477.50820000
v -1274.82590000 121.90630000 -421.19970000
v -1264.15210000 131.83580000 -425.28820000
v -1254.32760000 133.01680000 -429.05150000
v -1252.92820000 133.01680000 -429.58750000
v -1276.67290000 125.33700000 -420.49220000
v -1274.19750000 127.48520000 -421.44040000
v -1270.80710000 128.37040000 -422.73910000
v -1268.73850000 130.19730000 -423.53140000
v -1270.26390000 128.51450000 -422.94710000
v -1276.48730000 124.00540000 -420.56330000
v -1129.60280000 121.90630000 -418.89430000
v -1131.21090000 121.90630000 -417.27370000
v -1133.62060000 128.37040000 -420.56160000
v -1135.13990000 128.37040000 -419.02930000
v -1131.82500000 127.48520000 -417.54820000
v -1130.23100000 127.48520000 -419.15490000
v -1150.09450000 133.01680000 -427.39920000
v -1151.25170000 133.01680000 -426.22860000
v -1141.64650000 131.83580000 -421.93660000
v -1140.27320000 131.83580000 -423.32290000
v -1151.49370000 133.01680000 -427.97970000
v -1152.61990000 133.01680000 -426.84000000
v -1135.68820000 130.19730000 -421.41990000
v -1137.16210000 130.19730000 -419.93290000
v -1135.67090000 128.51450000 -419.26660000
v -1134.16330000 128.51450000 -420.78710000
v -1129.40500000 125.33700000 -416.46670000
v -1127.75630000 125.33700000 -418.12790000
v -1127.94210000 124.00540000 -418.20500000
v -1129.58640000 124.00540000 -416.54790000
v -1170.61600000 121.90630000 -377.94850000
v -1179.53030000 133.01680000 -398.00770000
v -1175.25780000 131.83580000 -388.39360000
v -1180.13870000 133.01680000 -399.37700000
v -1170.88940000 127.48520000 -378.56340000
v -1169.81270000 125.33700000 -376.14100000
v -1172.36380000 128.37040000 -381.88120000
v -1172.60010000 128.51450000 -382.41280000
v -1173.26320000 130.19730000 -383.90530000
v -1169.89360000 124.00540000 -376.32280000
v -1129.59080000 121.90630000 -421.17720000
v -1130.21880000 127.48520000 -421.41830000
v -1133.60820000 128.37040000 -422.71970000
v -1140.26120000 131.83580000 -425.27400000
v -1150.08280000 133.01680000 -429.04500000
v -1151.48170000 133.01680000 -429.58200000
v -1134.15140000 128.51450000 -422.92820000
v -1135.67600000 130.19730000 -423.51360000
v -1127.74410000 125.33700000 -420.46820000
v -1127.92970000 124.00540000 -420.53940000
v -1129.56880000 121.90630000 -476.84800000
v -1140.24270000 131.83580000 -472.75950000
v -1150.06710000 133.01680000 -468.99620000
v -1151.46660000 133.01680000 -468.46020000
v -1127.72170000 125.33700000 -477.55540000
v -1130.19730000 127.48520000 -476.60730000
v -1129.56860000 121.90630000 -479.04770000
v -1133.58740000 128.37040000 -477.38640000
v -1133.58760000 128.37040000 -475.30850000
v -1130.19700000 127.48520000 -478.78800000
v -1150.06710000 133.01680000 -470.57390000
v -1140.24240000 131.83580000 -474.63520000
v -1151.46630000 133.01680000 -469.99540000
v -1135.65600000 130.19730000 -476.53130000
v -1135.65600000 130.19730000 -474.51630000
v -1134.13090000 128.51450000 -475.10050000
v -1134.13090000 128.51450000 -477.16180000
v -1127.72170000 125.33700000 -479.81120000
v -1127.90750000 124.00540000 -479.73450000
v -1127.90750000 124.00540000 -477.48440000
v -1174.35080000 121.90630000 -521.63060000
v -1172.06790000 121.90630000 -521.61830000
v -1174.59180000 127.48520000 -521.00240000
v -1175.89330000 128.37040000 -517.61290000
v -1173.73540000 128.37040000 -517.60080000
v -1172.32840000 127.48520000 -520.99020000
v -1178.44750000 131.83580000 -510.96000000
v -1182.21850000 133.01680000 -501.13830000
v -1180.57250000 133.01680000 -501.12650000
v -1176.49630000 131.83580000 -510.94800000
v -1182.75560000 133.01680000 -499.73950000
v -1181.15330000 133.01680000 -499.72770000
v -1176.10180000 128.51450000 -517.06990000
v -1176.68700000 130.19730000 -515.54520000
v -1174.59350000 130.19730000 -515.53300000
v -1173.96040000 128.51450000 -517.05770000
v -1173.64160000 125.33700000 -523.47710000
v -1171.30130000 125.33700000 -523.46480000
v -1171.37840000 124.00540000 -523.27910000
v -1173.71290000 124.00540000 -523.29140000
v -1230.02150000 121.90630000 -521.65230000
v -1225.93310000 131.83580000 -510.97860000
v -1222.16970000 133.01680000 -501.15390000
v -1221.63380000 133.01680000 -499.75470000
v -1230.72900000 125.33700000 -523.49950000
v -1229.78080000 127.48520000 -521.02400000
v -1228.48220000 128.37040000 -517.63350000
v -1227.68990000 130.19730000 -515.56510000
v -1228.27390000 128.51450000 -517.09030000
v -1230.65770000 124.00540000 -523.31370000
v -1170.44730000 121.90630000 -520.01040000
v -1172.20290000 128.37040000 -516.08140000
v -1170.72170000 127.48520000 -519.39620000
v -1179.40210000 133.01680000 -499.96950000
v -1175.11010000 131.83580000 -509.57490000
v -1180.01340000 133.01680000 -498.60140000
v -1173.10640000 130.19730000 -514.05900000
v -1172.44020000 128.51450000 -515.55020000
v -1169.64010000 125.33700000 -521.81630000
v -1169.72140000 124.00540000 -521.63470000
v -1131.12210000 121.90630000 -480.60510000
v -1151.18120000 133.01680000 -471.69100000
v -1141.56710000 131.83580000 -475.96340000
v -1152.55050000 133.01680000 -471.08240000
v -1131.73680000 127.48520000 -480.33200000
v -1129.31450000 125.33700000 -481.40840000
v -1135.05490000 128.37040000 -478.85750000
v -1135.58640000 128.51450000 -478.62130000
v -1137.07890000 130.19730000 -477.95800000
v -1129.49610000 124.00540000 -481.32760000
v -1251.20390000 96.22200000 -428.76520000
v -1201.18750000 96.22200000 -450.63630000
v -1251.16750000 96.22200000 -469.34840000
v -1223.24150000 131.50660000 -398.32000000
v -1223.24150000 131.50660000 -398.32000000
v -1221.63920000 131.50660000 -398.30820000
v -1221.63920000 131.50660000 -398.30820000
v -1182.76100000 131.50660000 -398.29300000
v -1182.76100000 131.50660000 -398.29300000
v -1181.22580000 131.50660000 -398.29280000
v -1181.22580000 131.50660000 -398.29280000
v -1180.13870000 131.50660000 -399.37700000
v -1180.13870000 131.50660000 -399.37700000
v -1152.61990000 131.50660000 -426.84000000
v -1152.61990000 131.50660000 -426.84000000
v -1151.49370000 131.50660000 -427.97970000
v -1151.49370000 131.50660000 -427.97970000
v -1151.48170000 131.50660000 -429.58200000
v -1151.48170000 131.50660000 -429.58200000
v -1151.46660000 131.50660000 -468.46020000
v -1151.46660000 131.50660000 -468.46020000
v -1151.46660000 131.50660000 -468.46020000
v -1151.46630000 131.50660000 -469.99540000
v -1151.46630000 131.50660000 -469.99540000
v -1152.55050000 131.50660000 -471.08240000
v -1152.55050000 131.50660000 -471.08240000
v -1180.01340000 131.50660000 -498.60140000
v -1180.01340000 131.50660000 -498.60140000
v -1181.15330000 131.50660000 -499.72770000
v -1181.15330000 131.50660000 -499.72770000
v -1182.75560000 131.50660000 -499.73950000
v -1182.75560000 131.50660000 -499.73950000
v -1221.63380000 131.50660000 -499.75470000
v -1221.63380000 131.50660000 -499.75470000
v -1223.16890000 131.50660000 -499.75480000
v -1223.16890000 131.50660000 -499.75480000
v -1224.25590000 131.50660000 -498.67070000
v -1224.25590000 131.50660000 -498.67070000
v -1251.77490000 131.50660000 -471.20770000
v -1251.77490000 131.50660000 -471.20770000
v -1252.90140000 131.50660000 -470.06790000
v -1252.90140000 131.50660000 -470.06790000
v -1252.91310000 131.50660000 -468.46560000
v -1252.91310000 131.50660000 -468.46560000
v -1252.92820000 131.50660000 -429.58750000
v -1252.92820000 131.50660000 -429.58750000
v -1252.92820000 131.50660000 -429.58750000
v -1252.92820000 131.50660000 -428.05220000
v -1252.92820000 131.50660000 -428.05220000
v -1251.84420000 131.50660000 -426.96520000
v -1251.84420000 131.50660000 -426.96520000
v -1224.38130000 131.50660000 -399.44620000
v -1224.38130000 131.50660000 -399.44620000
v -1223.24150000 96.86930000 -398.32000000
v -1223.24150000 96.86930000 -398.32000000
v -1221.63920000 96.86930000 -398.30820000
v -1221.63920000 96.86930000 -398.30820000
v -1182.76100000 96.86930000 -398.29300000
v -1182.76100000 96.86930000 -398.29300000
v -1181.22580000 96.86930000 -398.29290000
v -1181.22580000 96.86930000 -398.29290000
v -1180.13870000 96.86930000 -399.37700000
v -1180.13870000 96.86930000 -399.37700000
v -1152.61990000 96.86930000 -426.84000000
v -1152.61990000 96.86930000 -426.84000000
v -1151.49370000 96.86930000 -427.97980000
v -1151.49370000 96.86930000 -427.97980000
v -1151.48170000 96.86930000 -429.58200000
v -1151.48170000 96.86930000 -429.58200000
v -1151.46660000 96.86930000 -468.46020000
v -1151.46660000 96.86930000 -468.46020000
v -1151.46660000 96.86930000 -468.46020000
v -1151.46630000 96.86930000 -469.99540000
v -1151.46630000 96.86930000 -469.99540000
v -1152.55050000 96.86930000 -471.08240000
v -1152.55050000 96.86930000 -471.08240000
v -1180.01340000 96.86930000 -498.60140000
v -1180.01340000 96.86930000 -498.60140000
v -1181.15330000 96.86930000 -499.72770000
v -1181.15330000 96.86930000 -499.72770000
v -1182.75560000 96.86930000 -499.73940000
v -1182.75560000 96.86930000 -499.73940000
v -1221.63380000 96.86930000 -499.75470000
v -1221.63380000 96.86930000 -499.75470000
v -1223.16890000 96.86930000 -499.75480000
v -1223.16890000 96.86930000 -499.75480000
v -1224.25590000 96.86930000 -498.67070000
v -1224.25590000 96.86930000 -498.67070000
v -1251.77490000 96.86930000 -471.20770000
v -1251.77490000 96.86930000 -471.20770000
v -1252.90140000 96.86930000 -470.06790000
v -1252.90140000 96.86930000 -470.06790000
v -1252.91310000 96.86930000 -468.46560000
v -1252.91310000 96.86930000 -468.46560000
v -1252.92820000 96.86930000 -429.58750000
v -1252.92820000 96.86930000 -429.58750000
v -1252.92820000 96.86930000 -429.58750000
v -1252.92820000 96.86930000 -428.05220000
v -1252.92820000 96.86930000 -428.05220000
v -1251.84420000 96.86930000 -426.96520000
v -1251.84420000 96.86930000 -426.96520000
v -1224.38130000 96.86930000 -399.44630000
v -1224.38130000 96.86930000 -399.44630000
v -1223.24150000 96.22200000 -398.32000000
v -1221.63920000 96.22200000 -398.30820000
v -1182.76100000 96.22200000 -398.29300000
v -1181.22580000 96.22200000 -398.29290000
v -1180.13870000 96.22200000 -399.37700000
v -1152.61990000 96.22200000 -426.84000000
v -1151.49370000 96.22200000 -427.97980000
v -1151.48170000 96.22200000 -429.58200000
v -1151.46660000 96.22200000 -468.46020000
v -1151.46630000 96.22200000 -469.96510000
v -1152.55050000 96.22200000 -471.08240000
v -1180.01340000 96.22200000 -498.60140000
v -1181.23580000 96.22200000 -499.72830000
v -1182.75560000 96.22200000 -499.73940000
v -1221.63380000 96.22200000 -499.75470000
v -1223.16890000 96.22200000 -499.75480000
v -1224.25590000 96.22200000 -498.67070000
v -1251.77490000 96.22200000 -471.20770000
v -1252.90140000 96.22200000 -470.06790000
v -1252.91310000 96.22200000 -468.46560000
v -1252.92820000 96.22200000 -429.58750000
v -1252.92820000 96.22200000 -428.05220000
v -1251.84420000 96.22200000 -426.96520000
v -1224.38130000 96.22200000 -399.44630000
v -1181.93870000 96.22200000 -400.01750000
v -1153.22710000 96.22200000 -428.69930000
v -1153.19120000 96.22200000 -469.28250000
v -1181.88400000 96.22200000 -497.98800000
v -1222.45610000 96.22200000 -498.03020000
v -1222.52200000 96.22200000 -400.05360000
v -1174.60860000 75.38120000 -380.00350000
v -1172.82230000 78.44220000 -375.52150000
v -1231.46850000 78.44220000 -375.54440000
v -1229.67850000 75.38120000 -380.02510000
v -1231.33540000 80.20600000 -375.87760000
v -1172.95510000 80.20630000 -375.85500000
v -1173.56590000 81.86510000 -377.38770000
v -1230.72270000 81.86640000 -377.41130000
v -1227.67070000 88.45950000 -385.05100000
v -1176.61250000 88.45950000 -385.03090000
v -1172.82010000 79.33140000 -375.51580000
v -1231.47070000 79.33140000 -375.53880000
v -1176.05470000 85.54850000 -383.63180000
v -1228.22950000 85.54850000 -383.65220000
v -1229.47360000 84.12880000 -380.53760000
v -1174.81400000 84.13010000 -380.51900000
v -1226.79470000 74.42500000 -387.24370000
v -1177.48680000 74.42500000 -387.22440000
v -1176.05690000 88.38660000 -383.63660000
v -1228.22750000 88.38660000 -383.65700000
v -1176.59910000 74.42500000 -387.22440000
v -1173.60820000 75.38120000 -380.00350000
v -1171.75170000 78.44220000 -375.52140000
v -1172.52470000 81.86520000 -377.38770000
v -1171.88990000 80.20630000 -375.85500000
v -1175.11110000 85.54850000 -383.63170000
v -1175.11300000 88.38660000 -383.63650000
v -1171.74930000 79.33140000 -375.51570000
v -1175.69070000 88.45950000 -385.03090000
v -1173.82150000 84.13010000 -380.51880000
v -1227.73020000 74.42500000 -387.25450000
v -1230.72050000 75.38120000 -380.03590000
v -1232.57640000 78.44220000 -375.55520000
v -1231.80250000 81.86780000 -377.42340000
v -1232.43850000 80.20570000 -375.88810000
v -1229.21610000 88.38660000 -383.66780000
v -1229.21800000 85.54850000 -383.66300000
v -1232.57860000 79.33140000 -375.54970000
v -1228.63840000 88.45950000 -385.06170000
v -1230.50930000 84.12740000 -380.54530000
v -1233.36720000 78.44220000 -376.33090000
v -1274.85280000 78.44220000 -417.78390000
v -1270.42020000 75.38120000 -419.69000000
v -1231.46460000 75.38120000 -380.76500000
v -1273.00490000 81.86760000 -418.57860000
v -1274.52340000 80.20570000 -417.92550000
v -1233.22580000 80.20600000 -376.66070000
v -1232.57470000 81.86640000 -378.17830000
v -1265.44820000 88.45950000 -421.82800000
v -1229.33060000 88.45950000 -385.73850000
v -1233.36960000 79.33140000 -376.32540000
v -1274.85840000 79.33140000 -417.78150000
v -1231.24710000 84.12880000 -381.27210000
v -1229.92460000 85.54850000 -384.35440000
v -1266.83200000 85.54850000 -421.23300000
v -1269.91580000 84.12760000 -419.90690000
v -1263.27910000 74.42500000 -422.76080000
v -1228.39940000 74.42500000 -387.90840000
v -1266.82740000 88.38660000 -421.23500000
v -1229.92240000 88.38660000 -384.35910000
v -1271.16020000 75.38120000 -420.45840000
v -1263.94140000 74.42500000 -423.44850000
v -1275.64110000 78.44220000 -418.60250000
v -1273.77080000 81.87000000 -419.37720000
v -1275.30880000 80.20510000 -418.74020000
v -1267.52830000 88.38660000 -421.96290000
v -1267.53320000 85.54850000 -421.96090000
v -1275.64670000 79.33140000 -418.60020000
v -1266.13430000 88.45950000 -422.54030000
v -1270.65600000 84.12510000 -420.66740000
v -1274.85300000 78.44220000 -480.28380000
v -1233.40010000 78.44220000 -521.76930000
v -1231.49390000 75.38120000 -517.33670000
v -1270.41890000 75.38120000 -478.38120000
v -1232.60640000 81.86510000 -519.92360000
v -1233.25830000 80.20630000 -521.43950000
v -1274.52320000 80.20600000 -480.14230000
v -1273.00560000 81.86640000 -479.49110000
v -1229.35600000 88.45950000 -512.36490000
v -1265.44530000 88.45950000 -476.24710000
v -1274.85840000 79.33140000 -480.28630000
v -1233.40230000 79.33140000 -521.77480000
v -1269.91190000 84.12880000 -478.16360000
v -1266.82960000 85.54850000 -476.84110000
v -1229.95090000 85.54850000 -513.74860000
v -1231.27470000 84.13010000 -516.82700000
v -1228.42310000 74.42500000 -510.19570000
v -1263.27540000 74.42500000 -475.31600000
v -1229.94900000 88.38660000 -513.74390000
v -1266.82500000 88.38660000 -476.83910000
v -1227.79570000 74.42500000 -510.82330000
v -1230.78660000 75.38120000 -518.04420000
v -1232.64310000 78.44220000 -522.52640000
v -1231.87010000 81.86520000 -520.66000000
v -1232.50490000 80.20630000 -522.19270000
v -1229.28170000 88.38660000 -514.41110000
v -1229.28370000 85.54850000 -514.41600000
v -1232.64530000 79.33140000 -522.53190000
v -1228.70410000 88.45950000 -513.01680000
v -1230.57300000 84.13010000 -517.52890000
v -1263.92940000 74.42500000 -474.64690000
v -1271.14790000 75.38120000 -477.63690000
v -1275.62870000 78.44220000 -479.49290000
v -1275.29590000 80.20570000 -479.35490000
v -1273.76050000 81.86780000 -478.71900000
v -1267.52100000 85.54850000 -476.13450000
v -1267.51610000 88.38660000 -476.13260000
v -1275.63430000 79.33140000 -479.49510000
v -1266.12210000 88.45950000 -475.55510000
v -1270.63840000 84.12740000 -477.42590000
v -1271.18040000 75.38120000 -421.52520000
v -1271.18040000 75.38120000 -421.52520000
v -1275.66240000 78.44220000 -419.73870000
v -1275.66240000 78.44220000 -419.73870000
v -1275.63940000 78.44220000 -478.38500000
v -1271.15890000 75.38120000 -476.59500000
v -1275.30620000 80.20600000 -478.25180000
v -1275.32960000 80.20570000 -419.87140000
v -1275.32960000 80.20570000 -419.87140000
v -1273.79390000 81.86760000 -420.48350000
v -1273.79390000 81.86760000 -420.48350000
v -1273.77270000 81.86640000 -477.63920000
v -1266.13280000 88.45950000 -474.58720000
v -1266.15280000 88.45950000 -423.52910000
v -1266.15280000 88.45950000 -423.52910000
v -1275.66800000 79.33140000 -419.73650000
v -1275.66800000 79.33140000 -419.73650000
v -1275.64500000 79.33140000 -478.38720000
v -1267.55200000 85.54850000 -422.97130000
v -1267.55200000 85.54850000 -422.97130000
v -1267.53170000 85.54850000 -475.14610000
v -1270.64620000 84.12880000 -476.39030000
v -1270.67040000 84.12760000 -421.72850000
v -1270.67040000 84.12760000 -421.72850000
v -1263.94020000 74.42500000 -473.71120000
v -1263.95950000 74.42500000 -424.40330000
v -1263.95950000 74.42500000 -424.40330000
v -1267.54740000 88.38660000 -422.97320000
v -1267.54740000 88.38660000 -422.97320000
v -1267.52690000 88.38660000 -475.14400000
v -1129.54170000 78.44220000 -417.76380000
v -1170.99490000 78.44220000 -376.27840000
v -1172.90090000 75.38120000 -380.71100000
v -1133.97580000 75.38120000 -419.66640000
v -1171.78830000 81.86510000 -378.12400000
v -1171.13670000 80.20630000 -376.60830000
v -1129.87160000 80.20600000 -417.90530000
v -1131.38920000 81.86640000 -418.55650000
v -1175.03880000 88.45950000 -385.68290000
v -1138.94950000 88.45950000 -421.80050000
v -1129.53640000 79.33140000 -417.76140000
v -1170.99240000 79.33140000 -376.27280000
v -1134.48290000 84.12880000 -419.88400000
v -1137.56520000 85.54850000 -421.20650000
v -1174.44380000 85.54850000 -384.29910000
v -1173.12010000 84.13010000 -381.22070000
v -1175.97170000 74.42500000 -387.85210000
v -1141.11940000 74.42500000 -422.73160000
v -1174.44580000 88.38660000 -384.30380000
v -1137.57010000 88.38660000 -421.20860000
v -1140.46560000 74.42500000 -423.40080000
v -1133.24680000 75.38120000 -420.41080000
v -1128.76610000 78.44220000 -418.55480000
v -1129.09910000 80.20570000 -418.69270000
v -1130.63430000 81.86780000 -419.32860000
v -1136.87380000 85.54850000 -421.91320000
v -1136.87870000 88.38660000 -421.91520000
v -1128.76070000 79.33140000 -418.55250000
v -1138.27270000 88.45950000 -422.49260000
v -1133.75610000 84.12740000 -420.62180000
v -1133.21440000 75.38120000 -476.52250000
v -1133.21440000 75.38120000 -476.52250000
v -1128.73220000 78.44220000 -478.30900000
v -1128.73220000 78.44220000 -478.30900000
v -1128.75540000 78.44220000 -419.66270000
v -1133.23610000 75.38120000 -421.45260000
v -1129.08840000 80.20600000 -419.79580000
v -1129.06540000 80.20570000 -478.17620000
v -1129.06540000 80.20570000 -478.17620000
v -1130.60080000 81.86760000 -477.56430000
v -1130.60080000 81.86760000 -477.56430000
v -1130.62210000 81.86640000 -420.40840000
v -1138.26200000 88.45950000 -423.46040000
v -1138.24190000 88.45950000 -474.51860000
v -1138.24190000 88.45950000 -474.51860000
v -1128.72680000 79.33140000 -478.31120000
v -1128.72680000 79.33140000 -478.31120000
v -1128.74980000 79.33140000 -419.66050000
v -1136.84280000 85.54850000 -475.07630000
v -1136.84280000 85.54850000 -475.07630000
v -1136.86300000 85.54850000 -422.90160000
v -1133.74850000 84.12880000 -421.65740000
v -1133.72440000 84.12760000 -476.31930000
v -1133.72440000 84.12760000 -476.31930000
v -1140.45480000 74.42500000 -424.33640000
v -1140.43530000 74.42500000 -473.64430000
v -1140.43530000 74.42500000 -473.64430000
v -1136.84740000 88.38660000 -475.07440000
v -1136.84740000 88.38660000 -475.07440000
v -1136.86790000 88.38660000 -422.90360000
v -1140.45340000 74.42500000 -474.59910000
v -1133.23440000 75.38120000 -477.58920000
v -1128.75370000 78.44220000 -479.44530000
v -1130.62400000 81.87000000 -478.67050000
v -1129.08590000 80.20510000 -479.30760000
v -1136.86180000 85.54850000 -476.08670000
v -1136.86650000 88.38660000 -476.08480000
v -1128.74830000 79.33140000 -479.44760000
v -1138.26050000 88.45950000 -475.50740000
v -1133.73900000 84.12510000 -477.38020000
v -1229.78610000 75.38120000 -518.04410000
v -1231.57280000 78.44220000 -522.52620000
v -1172.92630000 78.44220000 -522.50330000
v -1174.71630000 75.38120000 -518.02260000
v -1173.05930000 80.20600000 -522.17000000
v -1231.43970000 80.20630000 -522.19270000
v -1230.82860000 81.86510000 -520.66000000
v -1173.67210000 81.86640000 -520.63650000
v -1176.72410000 88.45950000 -512.99670000
v -1227.78220000 88.45950000 -513.01670000
v -1231.57500000 79.33140000 -522.53180000
v -1172.92410000 79.33140000 -522.50890000
v -1228.33980000 85.54850000 -514.41580000
v -1176.16530000 85.54850000 -514.39540000
v -1174.92090000 84.12880000 -517.51010000
v -1229.58060000 84.13010000 -517.52870000
v -1177.60010000 74.42500000 -510.80390000
v -1226.90800000 74.42500000 -510.82320000
v -1228.33810000 88.38660000 -514.41110000
v -1176.16720000 88.38660000 -514.39060000
v -1176.66460000 74.42500000 -510.79320000
v -1173.67460000 75.38120000 -518.01170000
v -1171.81860000 78.44220000 -522.49240000
v -1172.59230000 81.86780000 -520.62430000
v -1171.95650000 80.20570000 -522.15950000
v -1175.17900000 88.38660000 -514.37990000
v -1175.17680000 85.54850000 -514.38460000
v -1171.81620000 79.33140000 -522.49800000
v -1175.75610000 88.45950000 -512.98600000
v -1173.88550000 84.12740000 -517.50240000
v -1171.02730000 78.44220000 -521.71670000
v -1129.54200000 78.44220000 -480.26370000
v -1133.97460000 75.38120000 -478.35770000
v -1172.92990000 75.38120000 -517.28270000
v -1131.38990000 81.86760000 -479.46920000
v -1129.87130000 80.20570000 -480.12220000
v -1171.16890000 80.20600000 -521.38700000
v -1171.82030000 81.86640000 -519.86930000
v -1138.94650000 88.45950000 -476.21970000
v -1175.06420000 88.45950000 -512.30920000
v -1171.02510000 79.33140000 -521.72230000
v -1129.53660000 79.33140000 -480.26620000
v -1173.14770000 84.12880000 -516.77550000
v -1174.47020000 85.54850000 -513.69330000
v -1137.56270000 85.54850000 -476.81470000
v -1134.47900000 84.12760000 -478.14070000
v -1141.11570000 74.42500000 -475.28690000
v -1175.99540000 74.42500000 -510.13920000
v -1137.56760000 88.38660000 -476.81260000
v -1174.47220000 88.38660000 -513.68860000
v -1221.29370000 32.25340000 -399.20820000
v -1222.86790000 32.25340000 -399.21980000
v -1222.86790000 -0.69340000 -399.21980000
v -1221.29370000 -0.69340000 -399.20820000
v -1221.29050000 33.44840000 -399.21620000
v -1220.99020000 34.21570000 -399.99850000
v -1222.54000000 34.21570000 -400.01020000
v -1222.86470000 33.44840000 -399.22790000
v -1218.70410000 41.50990000 -405.95280000
v -1220.06880000 41.50990000 -405.96450000
v -1220.07060000 40.67840000 -405.96030000
v -1218.70580000 40.67840000 -405.94870000
v -1220.91600000 42.53270000 -400.19200000
v -1222.46000000 42.53290000 -400.20290000
v -1221.12840000 47.17870000 -399.63810000
v -1222.68950000 47.17870000 -399.65000000
v -1222.68750000 43.18780000 -399.65470000
v -1221.12670000 43.18780000 -399.64300000
v -1220.93950000 48.30550000 -400.13110000
v -1218.99240000 52.97760000 -405.20170000
v -1220.38060000 52.97760000 -405.21340000
v -1222.48510000 48.30510000 -400.14240000
v -1218.77660000 54.34010000 -405.76370000
v -1220.14720000 54.34030000 -405.77550000
v -1220.26290000 55.36530000 -405.49660000
v -1218.88400000 55.36570000 -405.48440000
v -1221.23340000 59.98930000 -399.36550000
v -1222.80270000 59.98930000 -399.37730000
v -1222.13160000 60.34440000 -397.02550000
v -1223.77390000 60.34440000 -397.03720000
v -1218.85840000 39.72820000 -405.55050000
v -1220.23560000 39.72850000 -405.56250000
v -1227.11230000 70.06870000 -388.99390000
v -1225.21970000 70.06870000 -388.98190000
v -1225.89770000 74.42500000 -387.21670000
v -1227.84470000 74.42500000 -387.22870000
v -1225.38090000 67.45020000 -393.16550000
v -1223.61820000 67.45020000 -393.15360000
v -1224.54220000 67.71430000 -390.74730000
v -1226.37960000 67.71430000 -390.75910000
v -1225.12210000 66.69630000 -393.78880000
v -1223.37890000 66.69630000 -393.77690000
v -1183.10600000 -0.69340000 -399.19320000
v -1183.10600000 32.25340000 -399.19320000
v -1183.10890000 33.44840000 -399.20120000
v -1183.40870000 34.21570000 -399.98380000
v -1185.68870000 40.67840000 -405.93590000
v -1185.69020000 41.50990000 -405.93990000
v -1183.48290000 42.53260000 -400.17800000
v -1183.27250000 43.18780000 -399.62820000
v -1183.27050000 47.17870000 -399.62340000
v -1183.45970000 48.30580000 -400.11680000
v -1185.40230000 52.97760000 -405.18860000
v -1185.61770000 54.34000000 -405.75070000
v -1185.51050000 55.36610000 -405.47080000
v -1183.16630000 59.98930000 -399.35060000
v -1182.26950000 60.34440000 -397.00990000
v -1181.59790000 -0.69340000 -399.19310000
v -1181.59790000 32.25340000 -399.19310000
v -1181.92480000 34.21570000 -399.98370000
v -1181.60130000 33.44840000 -399.20120000
v -1184.38530000 40.67840000 -405.93570000
v -1184.38700000 41.50990000 -405.93990000
v -1182.00510000 42.53260000 -400.17790000
v -1181.77780000 43.18780000 -399.62810000
v -1181.77560000 47.17870000 -399.62320000
v -1184.07640000 52.97760000 -405.18850000
v -1181.97970000 48.30580000 -400.11660000
v -1184.30880000 54.34000000 -405.75070000
v -1184.19310000 55.36610000 -405.47080000
v -1181.66280000 59.98930000 -399.35050000
v -1180.69530000 60.34440000 -397.00970000
v -1184.22050000 39.72790000 -405.53710000
v -1185.53590000 39.72790000 -405.53720000
v -1179.18770000 70.06870000 -388.96390000
v -1179.86400000 67.71430000 -390.72970000
v -1178.09910000 67.71430000 -390.72960000
v -1177.36940000 70.06870000 -388.96380000
v -1179.09420000 67.45020000 -393.13670000
v -1180.78590000 67.45020000 -393.13680000
v -1179.35210000 66.69630000 -393.76030000
v -1181.02490000 66.69630000 -393.76040000
v -1223.98800000 32.25340000 -400.32640000
v -1223.98800000 -0.69340000 -400.32640000
v -1223.64260000 34.21570000 -401.09930000
v -1223.98440000 33.44840000 -400.33420000
v -1221.04050000 41.50990000 -406.92250000
v -1221.04250000 40.67840000 -406.91850000
v -1223.55810000 42.53270000 -401.28850000
v -1223.80000000 47.17870000 -400.74690000
v -1223.79790000 43.18780000 -400.75160000
v -1221.36890000 52.97760000 -406.18800000
v -1223.58470000 48.30550000 -401.22910000
v -1221.12330000 54.34010000 -406.73770000
v -1223.91920000 59.98930000 -400.48030000
v -1221.24540000 55.36570000 -406.46440000
v -1224.94190000 60.34440000 -398.19180000
v -1221.21630000 39.72820000 -406.52910000
v -1228.45680000 70.06870000 -390.32540000
v -1227.68530000 67.71430000 -392.05180000
v -1226.63380000 67.45020000 -394.40520000
v -1226.36130000 66.69630000 -395.01480000
v -1250.96340000 -0.69340000 -427.35680000
v -1250.96340000 32.25340000 -427.35680000
v -1250.95530000 33.44840000 -427.36030000
v -1250.18970000 34.21570000 -427.70050000
v -1244.36520000 40.67840000 -430.28890000
v -1244.36110000 41.50990000 -430.29080000
v -1249.99950000 42.53260000 -427.78500000
v -1250.53760000 43.18780000 -427.54580000
v -1250.54250000 47.17870000 -427.54380000
v -1250.05960000 48.30580000 -427.75840000
v -1245.09640000 52.97760000 -429.96400000
v -1244.54610000 54.34000000 -430.20840000
v -1244.82010000 55.36610000 -430.08670000
v -1250.80930000 59.98930000 -427.42520000
v -1253.09990000 60.34440000 -426.40720000
v -1252.02810000 32.25340000 -428.42440000
v -1252.02810000 -0.69340000 -428.42440000
v -1251.23750000 34.21570000 -428.75120000
v -1252.02000000 33.44840000 -428.42770000
v -1245.28150000 41.50990000 -431.21340000
v -1245.28560000 40.67840000 -431.21170000
v -1251.04320000 42.53260000 -428.83150000
v -1251.59790000 47.17870000 -428.60220000
v -1251.59330000 43.18780000 -428.60420000
v -1246.03270000 52.97760000 -430.90280000
v -1251.10470000 48.30580000 -428.80620000
v -1245.47070000 54.34000000 -431.13530000
v -1245.75050000 55.36610000 -431.01950000
v -1251.87080000 59.98930000 -428.48950000
v -1254.21140000 60.34440000 -427.52190000
v -1244.75510000 39.72790000 -430.11560000
v -1245.68410000 39.72790000 -431.04700000
v -1262.25760000 70.06870000 -424.19570000
v -1260.97340000 70.06870000 -422.90830000
v -1262.70140000 74.42500000 -422.14030000
v -1264.02320000 74.42500000 -423.46580000
v -1258.08470000 67.45020000 -425.92070000
v -1256.89010000 67.45020000 -424.72300000
v -1259.24540000 67.71430000 -423.67620000
v -1260.49150000 67.71430000 -424.92570000
v -1257.46090000 66.69630000 -426.17850000
v -1256.27980000 66.69630000 -424.99410000
v -1229.22830000 74.42500000 -388.59890000
v -1250.89480000 32.25340000 -470.81450000
v -1250.89480000 -0.69340000 -470.81450000
v -1252.00120000 -0.69340000 -469.69450000
v -1252.00120000 32.25340000 -469.69450000
v -1251.21090000 34.21570000 -469.36640000
v -1250.12180000 34.21570000 -470.46910000
v -1250.88700000 33.44840000 -470.81090000
v -1251.99340000 33.44840000 -469.69110000
v -1244.29860000 41.50990000 -467.86690000
v -1244.30270000 40.67840000 -467.86880000
v -1245.26100000 40.67840000 -466.89690000
v -1245.25680000 41.50990000 -466.89510000
v -1251.01830000 42.53290000 -469.28640000
v -1249.93260000 42.53270000 -470.38450000
v -1250.47440000 47.17870000 -470.62650000
v -1250.46950000 43.18780000 -470.62440000
v -1251.56670000 43.18780000 -469.51400000
v -1251.57130000 47.17870000 -469.51590000
v -1246.00780000 52.97760000 -467.20680000
v -1245.03320000 52.97760000 -468.19520000
v -1249.99220000 48.30550000 -470.41100000
v -1251.07890000 48.30510000 -469.31160000
v -1245.44580000 54.34030000 -466.97360000
v -1244.48340000 54.34010000 -467.94960000
v -1245.72460000 55.36530000 -467.08940000
v -1251.84400000 59.98930000 -469.62910000
v -1250.74100000 59.98930000 -470.74570000
v -1244.75680000 55.36570000 -468.07170000
v -1254.18380000 60.34440000 -470.60030000
v -1253.02950000 60.34440000 -471.76820000
v -1245.65870000 39.72850000 -467.06200000
v -1244.69190000 39.72820000 -468.04280000
v -1260.89600000 70.06870000 -475.28330000
v -1259.16940000 67.71430000 -474.51180000
v -1260.46190000 67.71430000 -473.20600000
v -1262.22730000 70.06870000 -473.93870000
v -1258.05570000 67.45020000 -472.20730000
v -1256.81620000 67.45020000 -473.46030000
v -1257.43240000 66.69630000 -471.94850000
v -1256.20650000 66.69630000 -473.18780000
v -1223.86450000 -0.69340000 -497.78980000
v -1223.86450000 32.25340000 -497.78970000
v -1223.86110000 33.44840000 -497.78190000
v -1223.52050000 34.21570000 -497.01610000
v -1220.93240000 40.67840000 -491.19160000
v -1220.93040000 41.50990000 -491.18760000
v -1223.43630000 42.53260000 -496.82600000
v -1223.67530000 43.18780000 -497.36410000
v -1223.67750000 47.17870000 -497.36880000
v -1223.46290000 48.30580000 -496.88590000
v -1221.25730000 52.97760000 -491.92280000
v -1221.01290000 54.34000000 -491.37270000
v -1221.13450000 55.36610000 -491.64660000
v -1223.79610000 59.98930000 -497.63570000
v -1224.81400000 60.34440000 -499.92630000
v -1222.79690000 32.25340000 -498.85460000
v -1222.79690000 -0.69340000 -498.85460000
v -1222.47000000 34.21570000 -498.06400000
v -1222.79350000 33.44840000 -498.84660000
v -1220.00780000 41.50990000 -492.10780000
v -1220.00950000 40.67840000 -492.11200000
v -1222.38960000 42.53260000 -497.86980000
v -1222.61890000 47.17870000 -498.42440000
v -1222.61690000 43.18780000 -498.41960000
v -1220.31840000 52.97760000 -492.85910000
v -1222.41500000 48.30580000 -497.93110000
v -1220.08590000 54.34000000 -492.29710000
v -1220.20170000 55.36610000 -492.57690000
v -1222.73170000 59.98930000 -498.69710000
v -1223.69950000 60.34440000 -501.03790000
v -1221.10570000 39.72790000 -491.58170000
v -1220.17430000 39.72790000 -492.51050000
v -1227.02560000 70.06870000 -509.08390000
v -1228.31300000 70.06870000 -507.79990000
v -1229.08080000 74.42500000 -509.52780000
v -1227.75540000 74.42500000 -510.84970000
v -1225.30050000 67.45020000 -504.91100000
v -1226.49830000 67.45020000 -503.71640000
v -1227.54520000 67.71430000 -506.07190000
v -1226.29540000 67.71430000 -507.31810000
v -1225.04270000 66.69630000 -504.28750000
v -1226.22710000 66.69630000 -503.10620000
v -1262.62230000 74.42500000 -476.05460000
v -1252.01320000 32.25340000 -468.12010000
v -1252.01320000 -0.69340000 -468.12010000
v -1252.00510000 33.44840000 -468.11700000
v -1251.22270000 34.21570000 -467.81670000
v -1245.26860000 41.50990000 -465.53050000
v -1245.27250000 40.67840000 -465.53220000
v -1251.02930000 42.53270000 -467.74240000
v -1251.58300000 47.17870000 -467.95500000
v -1251.57810000 43.18780000 -467.95320000
v -1251.09010000 48.30550000 -467.76570000
v -1246.01930000 52.97760000 -465.81890000
v -1245.45750000 54.34010000 -465.60310000
v -1245.73680000 55.36570000 -465.71040000
v -1251.85570000 59.98930000 -468.05960000
v -1254.19560000 60.34440000 -468.95810000
v -1245.67070000 39.72820000 -465.68500000
v -1262.23930000 70.06870000 -472.04640000
v -1264.00460000 74.42500000 -472.72410000
v -1263.99270000 74.42500000 -474.67130000
v -1258.06760000 67.45020000 -470.44470000
v -1260.47390000 67.71430000 -471.36860000
v -1257.44430000 66.69630000 -470.20540000
v -1252.02810000 -0.69340000 -429.93230000
v -1252.02810000 -0.69340000 -429.93230000
v -1252.02810000 32.25340000 -429.93230000
v -1252.02810000 32.25340000 -429.93230000
v -1252.02000000 33.44840000 -429.93540000
v -1252.02000000 33.44840000 -429.93540000
v -1251.23730000 34.21570000 -430.23510000
v -1251.23730000 34.21570000 -430.23510000
v -1245.28540000 40.67840000 -432.51500000
v -1245.28540000 40.67840000 -432.51500000
v -1245.28130000 41.50990000 -432.51660000
v -1245.28130000 41.50990000 -432.51660000
v -1251.04320000 42.53260000 -430.30960000
v -1251.04320000 42.53260000 -430.30960000
v -1251.59300000 43.18780000 -430.09890000
v -1251.59300000 43.18780000 -430.09890000
v -1251.59790000 47.17870000 -430.09700000
v -1251.59790000 47.17870000 -430.09700000
v -1251.10450000 48.30580000 -430.28610000
v -1251.10450000 48.30580000 -430.28610000
v -1246.03250000 52.97760000 -432.22880000
v -1246.03250000 52.97760000 -432.22880000
v -1245.47050000 54.34000000 -432.44420000
v -1245.47050000 54.34000000 -432.44420000
v -1245.75050000 55.36610000 -432.33690000
v -1245.75050000 55.36610000 -432.33690000
v -1251.87060000 59.98930000 -429.99260000
v -1251.87060000 59.98930000 -429.99260000
v -1254.21140000 60.34440000 -429.09600000
v -1254.21140000 60.34440000 -429.09600000
v -1245.68410000 39.72790000 -432.36230000
v -1245.68410000 39.72790000 -432.36230000
v -1262.25730000 70.06870000 -426.01400000
v -1262.25730000 70.06870000 -426.01400000
v -1260.49150000 67.71430000 -426.69040000
v -1260.49150000 67.71430000 -426.69040000
v -1258.08450000 67.45020000 -427.61240000
v -1258.08450000 67.45020000 -427.61240000
v -1257.46090000 66.69630000 -427.85130000
v -1257.46090000 66.69630000 -427.85130000
v -1153.50000000 32.25340000 -427.23330000
v -1153.50000000 -0.69340000 -427.23330000
v -1152.39330000 -0.69340000 -428.35320000
v -1152.39330000 32.25340000 -428.35320000
v -1153.18380000 34.21570000 -428.68120000
v -1154.27290000 34.21570000 -427.57870000
v -1153.50780000 33.44840000 -427.23680000
v -1152.40160000 33.44840000 -428.35660000
v -1160.09620000 41.50990000 -430.18070000
v -1160.09200000 40.67840000 -430.17890000
v -1159.13400000 40.67840000 -431.15080000
v -1159.13790000 41.50990000 -431.15250000
v -1153.37650000 42.53290000 -428.76120000
v -1154.46220000 42.53270000 -427.66320000
v -1153.92040000 47.17870000 -427.42120000
v -1153.92530000 43.18780000 -427.42330000
v -1152.82840000 43.18780000 -428.53380000
v -1152.82350000 47.17870000 -428.53170000
v -1158.38700000 52.97760000 -430.84080000
v -1159.36160000 52.97760000 -429.85250000
v -1154.40260000 48.30550000 -427.63660000
v -1153.31590000 48.30510000 -428.73610000
v -1158.94900000 54.34030000 -431.07400000
v -1159.91110000 54.34010000 -430.09810000
v -1158.67020000 55.36530000 -430.95840000
v -1152.55080000 59.98930000 -428.41860000
v -1153.65380000 59.98930000 -427.30210000
v -1159.63820000 55.36570000 -429.97600000
v -1150.21070000 60.34440000 -427.44730000
v -1151.36550000 60.34440000 -426.27940000
v -1158.73610000 39.72850000 -430.98570000
v -1159.70260000 39.72820000 -430.00480000
v -1143.49900000 70.06870000 -422.76450000
v -1145.22530000 67.71430000 -423.53590000
v -1143.93260000 67.71430000 -424.84170000
v -1142.16750000 70.06870000 -424.10910000
v -1146.33890000 67.45020000 -425.84040000
v -1147.57860000 67.45020000 -424.58750000
v -1146.96240000 66.69630000 -426.09910000
v -1148.18850000 66.69630000 -424.85990000
v -1180.53030000 -0.69340000 -400.25790000
v -1180.53030000 32.25340000 -400.25790000
v -1180.53390000 33.44840000 -400.26570000
v -1180.87400000 34.21570000 -401.03160000
v -1183.46240000 40.67840000 -406.85600000
v -1183.46410000 41.50990000 -406.86000000
v -1180.95850000 42.53260000 -401.22160000
v -1180.71950000 43.18780000 -400.68350000
v -1180.71730000 47.17870000 -400.67880000
v -1180.93190000 48.30580000 -401.16170000
v -1183.13750000 52.97760000 -406.12490000
v -1183.38210000 54.34000000 -406.67500000
v -1183.26030000 55.36610000 -406.40100000
v -1180.59890000 59.98930000 -400.41200000
v -1179.58080000 60.34440000 -398.12130000
v -1183.28930000 39.72790000 -406.46590000
v -1176.08180000 70.06870000 -390.24780000
v -1175.31400000 74.42500000 -388.51980000
v -1176.63940000 74.42500000 -387.19800000
v -1177.89650000 67.45020000 -394.33120000
v -1176.84990000 67.71430000 -391.97580000
v -1178.16770000 66.69630000 -394.94140000
v -1141.77250000 74.42500000 -421.99300000
v -1152.38180000 32.25340000 -429.92760000
v -1152.38180000 -0.69340000 -429.92760000
v -1152.38960000 33.44840000 -429.93070000
v -1153.17210000 34.21570000 -430.23100000
v -1159.12650000 41.50990000 -432.51720000
v -1159.12230000 40.67840000 -432.51560000
v -1153.36550000 42.53270000 -430.30530000
v -1152.81180000 47.17870000 -430.09270000
v -1152.81640000 43.18780000 -430.09450000
v -1153.30470000 48.30550000 -430.28190000
v -1158.37520000 52.97760000 -432.22880000
v -1158.93750000 54.34010000 -432.44460000
v -1158.65800000 55.36570000 -432.33730000
v -1152.53910000 59.98930000 -429.98800000
v -1150.19900000 60.34440000 -429.08960000
v -1158.72410000 39.72820000 -432.36270000
v -1142.15550000 70.06870000 -426.00130000
v -1140.39040000 74.42500000 -425.32350000
v -1140.40230000 74.42500000 -423.37650000
v -1146.32710000 67.45020000 -427.60300000
v -1143.92070000 67.71430000 -426.67910000
v -1146.95040000 66.69630000 -427.84230000
v -1152.36670000 -0.69340000 -468.11540000
v -1152.36670000 -0.69340000 -468.11540000
v -1152.36670000 32.25340000 -468.11540000
v -1152.36670000 32.25340000 -468.11540000
v -1152.37480000 33.44840000 -468.11230000
v -1152.37480000 33.44840000 -468.11230000
v -1153.15750000 34.21570000 -467.81250000
v -1153.15750000 34.21570000 -467.81250000
v -1159.10940000 40.67840000 -465.53270000
v -1159.10940000 40.67840000 -465.53270000
v -1159.11350000 41.50990000 -465.53110000
v -1159.11350000 41.50990000 -465.53110000
v -1153.35160000 42.53260000 -467.73820000
v -1153.35160000 42.53260000 -467.73820000
v -1152.80180000 43.18780000 -467.94870000
v -1152.80180000 43.18780000 -467.94870000
v -1152.79690000 47.17870000 -467.95060000
v -1152.79690000 47.17870000 -467.95060000
v -1153.29030000 48.30580000 -467.76160000
v -1153.29030000 48.30580000 -467.76160000
v -1158.36210000 52.97760000 -465.81890000
v -1158.36210000 52.97760000 -465.81890000
v -1158.92430000 54.34000000 -465.60360000
v -1158.92430000 54.34000000 -465.60360000
v -1158.64450000 55.36610000 -465.71080000
v -1158.64450000 55.36610000 -465.71080000
v -1152.52420000 59.98930000 -468.05510000
v -1152.52420000 59.98930000 -468.05510000
v -1150.18330000 60.34440000 -468.95170000
v -1150.18330000 60.34440000 -468.95170000
v -1152.36670000 -0.69340000 -469.62330000
v -1152.36670000 32.25340000 -469.62330000
v -1153.15720000 34.21570000 -469.29640000
v -1152.37480000 33.44840000 -469.61990000
v -1159.10940000 40.67840000 -466.83590000
v -1159.11350000 41.50990000 -466.83420000
v -1153.35130000 42.53260000 -469.21620000
v -1152.80150000 43.18780000 -469.44350000
v -1152.79690000 47.17870000 -469.44540000
v -1158.36210000 52.97760000 -467.14480000
v -1153.29030000 48.30580000 -469.24150000
v -1158.92430000 54.34000000 -466.91250000
v -1158.64430000 55.36610000 -467.02820000
v -1152.52420000 59.98930000 -469.55820000
v -1150.18330000 60.34440000 -470.52580000
v -1158.71070000 39.72790000 -467.00070000
v -1158.71070000 39.72790000 -465.68540000
v -1158.71070000 39.72790000 -465.68540000
v -1142.13750000 70.06870000 -472.03360000
v -1142.13750000 70.06870000 -472.03360000
v -1143.90330000 67.71430000 -471.35720000
v -1143.90330000 67.71430000 -471.35720000
v -1143.90310000 67.71430000 -473.12200000
v -1142.13750000 70.06870000 -473.85190000
v -1146.31030000 67.45020000 -472.12700000
v -1146.31030000 67.45020000 -470.43520000
v -1146.31030000 67.45020000 -470.43520000
v -1146.93380000 66.69630000 -471.86910000
v -1146.93380000 66.69630000 -470.19640000
v -1146.93380000 66.69630000 -470.19640000
v -1183.10110000 32.25340000 -498.83950000
v -1181.52690000 32.25340000 -498.82780000
v -1181.52690000 -0.69340000 -498.82780000
v -1183.10110000 -0.69340000 -498.83950000
v -1183.10420000 33.44840000 -498.83140000
v -1183.40450000 34.21570000 -498.04910000
v -1181.85500000 34.21570000 -498.03750000
v -1181.53030000 33.44840000 -498.81980000
v -1185.69070000 41.50990000 -492.09480000
v -1184.32620000 41.50990000 -492.08330000
v -1184.32450000 40.67840000 -492.08730000
v -1185.68920000 40.67840000 -492.09890000
v -1183.47900000 42.53270000 -497.85570000
v -1181.93460000 42.53290000 -497.84480000
v -1183.26610000 47.17870000 -498.40950000
v -1181.70510000 47.17870000 -498.39780000
v -1181.70730000 43.18780000 -498.39290000
v -1183.26810000 43.18780000 -498.40460000
v -1183.45560000 48.30550000 -497.91660000
v -1185.40230000 52.97760000 -492.84590000
v -1184.01440000 52.97760000 -492.83430000
v -1181.90970000 48.30510000 -497.90530000
v -1185.61820000 54.34010000 -492.28390000
v -1184.24760000 54.34030000 -492.27220000
v -1184.13180000 55.36530000 -492.55100000
v -1185.51100000 55.36570000 -492.56320000
v -1183.16160000 59.98930000 -498.68210000
v -1181.59200000 59.98930000 -498.67030000
v -1182.26320000 60.34440000 -501.02220000
v -1180.62110000 60.34440000 -501.01040000
v -1185.53610000 39.72820000 -492.49710000
v -1184.15920000 39.72850000 -492.48510000
v -1177.28270000 70.06870000 -509.05370000
v -1179.17480000 70.06870000 -509.06570000
v -1178.49710000 74.42500000 -510.83100000
v -1176.55000000 74.42500000 -510.81900000
v -1179.01390000 67.45020000 -504.88220000
v -1180.77660000 67.45020000 -504.89420000
v -1179.85250000 67.71430000 -507.30040000
v -1178.01540000 67.71430000 -507.28850000
v -1179.27270000 66.69630000 -504.25890000
v -1181.01590000 66.69630000 -504.27070000
v -1221.28910000 -0.69340000 -498.85450000
v -1221.28910000 32.25340000 -498.85440000
v -1221.28590000 33.44840000 -498.84640000
v -1220.98610000 34.21570000 -498.06380000
v -1218.70630000 40.67840000 -492.11190000
v -1218.70460000 41.50990000 -492.10780000
v -1220.91160000 42.53260000 -497.86960000
v -1221.12230000 43.18780000 -498.41950000
v -1221.12400000 47.17870000 -498.42430000
v -1220.93510000 48.30580000 -497.93090000
v -1218.99240000 52.97760000 -492.85910000
v -1218.77710000 54.34000000 -492.29690000
v -1218.88430000 55.36610000 -492.57680000
v -1221.22880000 59.98930000 -498.69700000
v -1222.12520000 60.34440000 -501.03770000
v -1218.85890000 39.72790000 -492.51040000
v -1225.20730000 70.06870000 -509.08370000
v -1224.53080000 67.71430000 -507.31790000
v -1223.60890000 67.45020000 -504.91090000
v -1223.36990000 66.69630000 -504.28730000
v -1180.40670000 32.25340000 -497.72130000
v -1180.40670000 -0.69340000 -497.72130000
v -1180.75220000 34.21570000 -496.94830000
v -1180.41020000 33.44840000 -497.71340000
v -1183.35420000 41.50990000 -491.12510000
v -1183.35250000 40.67840000 -491.12920000
v -1180.83670000 42.53270000 -496.75920000
v -1180.59470000 47.17870000 -497.30070000
v -1180.59690000 43.18780000 -497.29600000
v -1183.02610000 52.97760000 -491.85960000
v -1180.81010000 48.30550000 -496.81860000
v -1183.27170000 54.34010000 -491.30990000
v -1180.47560000 59.98930000 -497.56730000
v -1183.14970000 55.36570000 -491.58320000
v -1179.45310000 60.34440000 -499.85590000
v -1183.17850000 39.72820000 -491.51860000
v -1175.93800000 70.06870000 -507.72230000
v -1176.70950000 67.71430000 -505.99580000
v -1177.76100000 67.45020000 -503.64250000
v -1178.03340000 66.69630000 -503.03290000
v -1153.43140000 -0.69340000 -470.69100000
v -1153.43140000 32.25340000 -470.69100000
v -1153.43920000 33.44840000 -470.68740000
v -1154.20510000 34.21570000 -470.34710000
v -1160.02950000 40.67840000 -467.75880000
v -1160.03370000 41.50990000 -467.75700000
v -1154.39500000 42.53260000 -470.26270000
v -1153.85720000 43.18780000 -470.50180000
v -1153.85230000 47.17870000 -470.50380000
v -1154.33520000 48.30580000 -470.28920000
v -1159.29860000 52.97760000 -468.08370000
v -1159.84840000 54.34000000 -467.83920000
v -1159.57470000 55.36610000 -467.96090000
v -1153.58540000 59.98930000 -470.62240000
v -1151.29490000 60.34440000 -471.64040000
v -1159.63960000 39.72790000 -467.93210000
v -1143.42140000 70.06870000 -475.13930000
v -1141.69340000 74.42500000 -475.90730000
v -1140.37160000 74.42500000 -474.58190000
v -1147.50490000 67.45020000 -473.32470000
v -1145.14940000 67.71430000 -474.37150000
v -1148.11500000 66.69630000 -473.05350000
v -1175.16650000 74.42500000 -509.44870000
v -1178.51120000 74.42500000 -387.19810000
v -1264.02290000 74.42500000 -425.33770000
v -1264.02290000 74.42500000 -425.33770000
v -1140.37160000 74.42500000 -472.71000000
v -1140.37160000 74.42500000 -472.71000000
v -1225.88350000 74.42500000 -510.84950000
v -1222.76340000 62.23120000 -395.37990000
v -1224.45680000 62.23120000 -395.39170000
v -1180.01490000 62.23120000 -395.36370000
v -1181.63890000 62.23120000 -395.36380000
v -1225.66090000 62.23120000 -396.58250000
v -1254.71070000 62.23120000 -425.69150000
v -1255.85740000 62.23120000 -426.84130000
v -1255.82930000 62.23120000 -471.28330000
v -1254.63890000 62.23120000 -472.48740000
v -1225.52980000 62.23120000 -501.53710000
v -1224.37990000 62.23120000 -502.68400000
v -1255.84130000 62.23120000 -469.59000000
v -1255.85740000 62.23120000 -428.46550000
v -1255.85740000 62.23120000 -428.46550000
v -1148.56520000 62.23120000 -426.76440000
v -1149.75610000 62.23120000 -425.56040000
v -1178.86500000 62.23120000 -396.51060000
v -1148.55350000 62.23120000 -428.45780000
v -1148.53710000 62.23120000 -471.20630000
v -1148.53740000 62.23120000 -469.58220000
v -1148.53740000 62.23120000 -469.58220000
v -1181.63130000 62.23120000 -502.66780000
v -1179.93800000 62.23120000 -502.65590000
v -1222.75590000 62.23120000 -502.68380000
v -1178.73390000 62.23120000 -501.46510000
v -1149.68410000 62.23120000 -472.35620000
v 1094.44170000 117.64590000 -383.17240000
v 1092.36880000 117.64590000 -383.18440000
v 1093.19530000 117.44850000 -385.04870000
v 1093.19530000 117.44850000 -385.04870000
v 1094.22130000 117.44850000 -385.05080000
v 1094.22130000 117.44850000 -385.05080000
v 1094.43580000 118.29980000 -383.15720000
v 1092.36240000 118.29980000 -383.16930000
v 1094.45150000 120.65790000 -383.19820000
v 1092.37950000 120.65790000 -383.21040000
v 1145.27970000 117.44850000 -385.03090000
v 1145.27970000 117.44850000 -385.03090000
v 1144.93050000 117.64590000 -383.15260000
v 1144.93640000 118.29980000 -383.13740000
v 1144.92050000 120.65790000 -383.17850000
v 1146.18050000 117.44850000 -385.01760000
v 1146.18050000 117.44850000 -385.01760000
v 1146.92520000 117.64590000 -383.15240000
v 1146.93140000 118.29980000 -383.13720000
v 1146.91440000 120.65790000 -383.17830000
v 1090.89650000 117.64590000 -384.64370000
v 1092.56150000 117.44850000 -385.73840000
v 1092.56150000 117.44850000 -385.73840000
v 1090.88990000 118.29980000 -384.62880000
v 1090.90780000 120.65790000 -384.66910000
v 1056.44370000 117.44850000 -421.82790000
v 1056.44370000 117.44850000 -421.82790000
v 1055.23190000 117.64590000 -420.38100000
v 1055.21700000 118.29980000 -420.37450000
v 1055.71660000 117.44850000 -422.54960000
v 1055.71660000 117.44850000 -422.54960000
v 1053.82340000 117.64590000 -421.79340000
v 1053.80810000 118.29980000 -421.78710000
v 1053.84920000 120.65790000 -421.80410000
v 1055.25720000 120.65790000 -420.39230000
v 1055.73830000 117.44850000 -475.56820000
v 1055.73830000 117.44850000 -475.56820000
v 1053.85530000 117.64590000 -476.34970000
v 1055.31460000 117.64590000 -477.82200000
v 1056.44670000 117.44850000 -476.24710000
v 1056.44670000 117.44850000 -476.24710000
v 1053.84020000 118.29980000 -476.35610000
v 1055.29980000 118.29980000 -477.82860000
v 1053.88120000 120.65790000 -476.33900000
v 1055.34000000 120.65790000 -477.81070000
v 1092.53610000 117.44850000 -512.36500000
v 1092.53610000 117.44850000 -512.36500000
v 1091.05200000 117.64590000 -513.48670000
v 1091.04540000 118.29980000 -513.50150000
v 1092.46420000 117.64590000 -514.89520000
v 1093.20890000 117.44850000 -513.03000000
v 1093.20890000 117.44850000 -513.03000000
v 1092.45800000 118.29980000 -514.91040000
v 1091.06320000 120.65790000 -513.46130000
v 1092.47500000 120.65790000 -514.86930000
v 1053.84330000 117.64590000 -474.27690000
v 1055.75900000 117.44850000 -474.58730000
v 1055.75900000 117.44850000 -474.58730000
v 1053.82810000 118.29980000 -474.28270000
v 1053.86910000 120.65790000 -474.26690000
v 1055.70730000 117.44850000 -423.51580000
v 1055.70730000 117.44850000 -423.51580000
v 1055.70730000 117.44850000 -423.51580000
v 1053.82340000 117.64590000 -422.76450000
v 1053.80820000 118.29980000 -422.75840000
v 1053.84940000 120.65790000 -423.79800000
v 1183.65110000 117.44850000 -422.47940000
v 1183.65110000 117.44850000 -422.47940000
v 1185.53410000 117.64590000 -421.69790000
v 1184.07480000 117.64590000 -420.22570000
v 1182.94270000 117.44850000 -421.80050000
v 1182.94270000 117.44850000 -421.80050000
v 1185.54930000 118.29980000 -421.69160000
v 1184.08970000 118.29980000 -420.21900000
v 1185.50820000 120.65790000 -421.70870000
v 1184.04960000 120.65790000 -420.23690000
v 1146.85330000 117.44850000 -385.68270000
v 1146.85330000 117.44850000 -385.68270000
v 1148.33750000 117.64590000 -384.56100000
v 1148.34410000 118.29980000 -384.54610000
v 1148.32620000 120.65790000 -384.58640000
v 1185.54610000 117.64590000 -423.77080000
v 1183.63040000 117.44850000 -423.46040000
v 1183.63040000 117.44850000 -423.46040000
v 1185.56140000 118.29980000 -423.76490000
v 1185.52030000 120.65790000 -423.78070000
v 1183.65040000 117.44850000 -474.51870000
v 1183.65040000 117.44850000 -474.51870000
v 1183.65040000 117.44850000 -474.51870000
v 1185.56590000 117.64590000 -474.25960000
v 1185.58120000 118.29980000 -474.26550000
v 1183.67300000 117.44850000 -475.49810000
v 1183.67300000 117.44850000 -475.49810000
v 1185.56600000 117.64590000 -476.25430000
v 1185.58130000 118.29980000 -476.26060000
v 1185.54030000 120.65790000 -476.24350000
v 1185.54000000 120.65790000 -474.24970000
v 1144.94780000 117.64590000 -514.87530000
v 1147.02060000 117.64590000 -514.86320000
v 1146.19410000 117.44850000 -512.99890000
v 1146.19410000 117.44850000 -512.99890000
v 1145.16810000 117.44850000 -512.99680000
v 1145.16810000 117.44850000 -512.99680000
v 1144.95360000 118.29980000 -514.89050000
v 1147.02700000 118.29980000 -514.87840000
v 1144.93790000 120.65790000 -514.84940000
v 1147.00990000 120.65790000 -514.83730000
v 1094.10970000 117.44850000 -513.01680000
v 1094.10970000 117.44850000 -513.01680000
v 1094.45900000 117.64590000 -514.89500000
v 1094.45310000 118.29980000 -514.91030000
v 1094.46890000 120.65790000 -514.86910000
v 1148.49290000 117.64590000 -513.40390000
v 1146.82790000 117.44850000 -512.30930000
v 1146.82790000 117.44850000 -512.30930000
v 1148.49950000 118.29980000 -513.41880000
v 1148.48160000 120.65790000 -513.37860000
v 1182.94570000 117.44850000 -476.21970000
v 1182.94570000 117.44850000 -476.21970000
v 1184.15760000 117.64590000 -477.66660000
v 1184.17250000 118.29980000 -477.67320000
v 1184.13220000 120.65790000 -477.65530000
v 1091.84800000 121.90630000 -376.41720000
v 1089.56520000 121.90630000 -376.42940000
v 1092.08920000 127.48520000 -377.04520000
v 1093.39050000 128.37040000 -380.43470000
v 1091.23250000 128.37040000 -380.44680000
v 1089.82580000 127.48520000 -377.05750000
v 1095.94490000 131.83580000 -387.08760000
v 1099.71580000 133.01680000 -396.90930000
v 1098.07010000 133.01680000 -396.92110000
v 1093.99380000 131.83580000 -387.09970000
v 1100.25290000 133.01680000 -398.30820000
v 1098.65060000 133.01680000 -398.32000000
v 1093.59900000 128.51450000 -380.97770000
v 1094.18440000 130.19730000 -382.50260000
v 1092.09080000 130.19730000 -382.51460000
v 1091.45800000 128.51450000 -380.98990000
v 1091.13900000 125.33700000 -374.57060000
v 1088.79880000 125.33700000 -374.58290000
v 1088.87590000 124.00540000 -374.76860000
v 1091.21030000 124.00540000 -374.75630000
v 1147.51880000 121.90630000 -376.39530000
v 1143.43030000 131.83580000 -387.06910000
v 1139.66710000 133.01680000 -396.89370000
v 1139.13110000 133.01680000 -398.29300000
v 1148.22630000 125.33700000 -374.54820000
v 1147.27820000 127.48520000 -377.02370000
v 1149.71850000 121.90630000 -376.39510000
v 1148.05730000 128.37040000 -380.41390000
v 1145.97950000 128.37040000 -380.41410000
v 1149.45890000 127.48520000 -377.02350000
v 1141.24480000 133.01680000 -396.89350000
v 1145.30620000 131.83580000 -387.06890000
v 1140.66630000 133.01680000 -398.29280000
v 1147.20210000 130.19730000 -382.48240000
v 1145.18710000 130.19730000 -382.48260000
v 1145.77140000 128.51450000 -380.95730000
v 1147.83260000 128.51450000 -380.95720000
v 1150.48220000 125.33700000 -374.54800000
v 1150.40530000 124.00540000 -374.73380000
v 1148.15530000 124.00540000 -374.73390000
v 1087.94460000 121.90630000 -378.03720000
v 1089.70020000 128.37040000 -381.96640000
v 1088.21900000 127.48520000 -378.65150000
v 1096.89950000 133.01680000 -398.07820000
v 1092.60750000 131.83580000 -388.47280000
v 1097.51090000 133.01680000 -399.44620000
v 1090.60380000 130.19730000 -383.98870000
v 1089.93750000 128.51450000 -382.49740000
v 1087.13760000 125.33700000 -376.23140000
v 1087.21880000 124.00540000 -376.41300000
v 1048.61940000 121.90630000 -417.44250000
v 1068.67860000 133.01680000 -426.35680000
v 1059.06450000 131.83580000 -422.08430000
v 1070.04790000 133.01680000 -426.96520000
v 1049.23430000 127.48520000 -417.71580000
v 1046.81190000 125.33700000 -416.63930000
v 1047.06600000 121.90630000 -419.00000000
v 1052.55210000 128.37040000 -419.19020000
v 1051.08480000 128.37040000 -420.66130000
v 1047.69430000 127.48520000 -419.25980000
v 1067.56450000 133.01680000 -427.47380000
v 1057.73970000 131.83580000 -423.41240000
v 1068.96370000 133.01680000 -428.05220000
v 1053.08360000 128.51450000 -419.42640000
v 1054.57630000 130.19730000 -420.08970000
v 1053.15330000 130.19730000 -421.51640000
v 1051.62810000 128.51450000 -420.88590000
v 1045.21890000 125.33700000 -418.23650000
v 1045.40470000 124.00540000 -418.31320000
v 1046.99370000 124.00540000 -416.72000000
v 1047.10020000 121.90630000 -479.15340000
v 1048.70810000 121.90630000 -480.77400000
v 1051.11780000 128.37040000 -477.48600000
v 1052.63720000 128.37040000 -479.01830000
v 1049.32240000 127.48520000 -480.49960000
v 1047.72840000 127.48520000 -478.89270000
v 1067.59200000 133.01680000 -470.64850000
v 1068.74910000 133.01680000 -471.81900000
v 1059.14370000 131.83580000 -476.11100000
v 1057.77050000 131.83580000 -474.72480000
v 1068.99080000 133.01680000 -470.06790000
v 1070.11720000 133.01680000 -471.20770000
v 1053.18550000 130.19730000 -476.62770000
v 1054.65950000 130.19730000 -478.11470000
v 1053.16830000 128.51450000 -478.78110000
v 1051.66080000 128.51450000 -477.26060000
v 1046.90220000 125.33700000 -481.58090000
v 1045.25380000 125.33700000 -479.91970000
v 1045.43950000 124.00540000 -479.84270000
v 1047.08390000 124.00540000 -481.49980000
v 1088.11340000 121.90630000 -520.09920000
v 1097.02760000 133.01680000 -500.04000000
v 1092.75510000 131.83580000 -509.65410000
v 1097.63610000 133.01680000 -498.67070000
v 1088.38660000 127.48520000 -519.48430000
v 1087.31020000 125.33700000 -521.90670000
v 1089.67090000 121.90630000 -521.65250000
v 1089.86110000 128.37040000 -516.16640000
v 1091.33220000 128.37040000 -517.63370000
v 1089.93070000 127.48520000 -521.02420000
v 1098.14470000 133.01680000 -501.15410000
v 1094.08330000 131.83580000 -510.97880000
v 1098.72310000 133.01680000 -499.75480000
v 1090.09730000 128.51450000 -515.63490000
v 1090.76060000 130.19730000 -514.14230000
v 1092.18730000 130.19730000 -515.56520000
v 1091.55680000 128.51450000 -517.09050000
v 1088.90730000 125.33700000 -523.49960000
v 1088.98410000 124.00540000 -523.31380000
v 1087.39090000 124.00540000 -521.72490000
v 1047.08800000 121.90630000 -476.87050000
v 1047.71610000 127.48520000 -476.62930000
v 1051.10560000 128.37040000 -475.32790000
v 1057.75850000 131.83580000 -472.77360000
v 1067.58020000 133.01680000 -469.00270000
v 1068.97900000 133.01680000 -468.46560000
v 1051.64870000 128.51450000 -475.11940000
v 1053.17350000 130.19730000 -474.53410000
v 1045.24150000 125.33700000 -477.57950000
v 1045.42710000 124.00540000 -477.50820000
v 1047.06620000 121.90630000 -421.19970000
v 1057.74000000 131.83580000 -425.28820000
v 1067.56460000 133.01680000 -429.05150000
v 1068.96390000 133.01680000 -429.58750000
v 1045.21910000 125.33700000 -420.49220000
v 1047.69460000 127.48520000 -421.44040000
v 1051.08500000 128.37040000 -422.73910000
v 1053.15340000 130.19730000 -423.53140000
v 1051.62820000 128.51450000 -422.94710000
v 1045.40490000 124.00540000 -420.56330000
v 1192.28920000 121.90630000 -418.89430000
v 1190.68140000 121.90630000 -417.27370000
v 1188.27170000 128.37040000 -420.56160000
v 1186.75220000 128.37040000 -419.02930000
v 1190.06700000 127.48520000 -417.54820000
v 1191.66110000 127.48520000 -419.15490000
v 1171.79750000 133.01680000 -427.39920000
v 1170.64040000 133.01680000 -426.22860000
v 1180.24570000 131.83580000 -421.93660000
v 1181.61890000 131.83580000 -423.32290000
v 1170.39860000 133.01680000 -427.97970000
v 1169.27230000 133.01680000 -426.84000000
v 1186.20390000 130.19730000 -421.41990000
v 1184.72990000 130.19730000 -419.93290000
v 1186.22110000 128.51450000 -419.26660000
v 1187.72860000 128.51450000 -420.78710000
v 1192.48720000 125.33700000 -416.46670000
v 1194.13570000 125.33700000 -418.12790000
v 1193.95000000 124.00540000 -418.20500000
v 1192.30570000 124.00540000 -416.54790000
v 1151.27600000 121.90630000 -377.94850000
v 1142.36180000 133.01680000 -398.00770000
v 1146.63430000 131.83580000 -388.39360000
v 1141.75330000 133.01680000 -399.37700000
v 1151.00280000 127.48520000 -378.56340000
v 1152.07930000 125.33700000 -376.14100000
v 1149.52840000 128.37040000 -381.88120000
v 1149.29210000 128.51450000 -382.41280000
v 1148.62890000 130.19730000 -383.90530000
v 1151.99850000 124.00540000 -376.32280000
v 1192.30140000 121.90630000 -421.17720000
v 1191.67330000 127.48520000 -421.41830000
v 1188.28380000 128.37040000 -422.71970000
v 1181.63090000 131.83580000 -425.27400000
v 1171.80920000 133.01680000 -429.04500000
v 1170.41040000 133.01680000 -429.58200000
v 1187.74080000 128.51450000 -422.92820000
v 1186.21610000 130.19730000 -423.51360000
v 1194.14790000 125.33700000 -420.46820000
v 1193.96230000 124.00540000 -420.53940000
v 1192.32320000 121.90630000 -476.84800000
v 1181.64950000 131.83580000 -472.75950000
v 1171.82480000 133.01680000 -468.99620000
v 1170.42550000 133.01680000 -468.46020000
v 1194.17030000 125.33700000 -477.55540000
v 1191.69490000 127.48520000 -476.60730000
v 1192.32340000 121.90630000 -479.04770000
v 1188.30460000 128.37040000 -477.38640000
v 1188.30440000 128.37040000 -475.30850000
v 1191.69510000 127.48520000 -478.78800000
v 1171.82500000 133.01680000 -470.57390000
v 1181.64970000 131.83580000 -474.63520000
v 1170.42570000 133.01680000 -469.99540000
v 1186.23610000 130.19730000 -476.53130000
v 1186.23600000 130.19730000 -474.51630000
v 1187.76120000 128.51450000 -475.10050000
v 1187.76140000 128.51450000 -477.16180000
v 1194.17050000 125.33700000 -479.81120000
v 1193.98470000 124.00540000 -479.73450000
v 1193.98460000 124.00540000 -477.48440000
v 1147.54140000 121.90630000 -521.63060000
v 1149.82430000 121.90630000 -521.61830000
v 1147.30030000 127.48520000 -521.00240000
v 1145.99890000 128.37040000 -517.61290000
v 1148.15690000 128.37040000 -517.60080000
v 1149.56360000 127.48520000 -520.99020000
v 1143.44460000 131.83580000 -510.96000000
v 1139.67360000 133.01680000 -501.13830000
v 1141.31950000 133.01680000 -501.12650000
v 1145.39580000 131.83580000 -510.94800000
v 1139.13650000 133.01680000 -499.73950000
v 1140.73890000 133.01680000 -499.72770000
v 1145.79040000 128.51450000 -517.06990000
v 1145.20500000 130.19730000 -515.54520000
v 1147.29870000 130.19730000 -515.53300000
v 1147.93150000 128.51450000 -517.05770000
v 1148.25040000 125.33700000 -523.47710000
v 1150.59070000 125.33700000 -523.46480000
v 1150.51350000 124.00540000 -523.27910000
v 1148.17910000 124.00540000 -523.29140000
v 1091.87060000 121.90630000 -521.65230000
v 1095.95910000 131.83580000 -510.97860000
v 1099.72240000 133.01680000 -501.15390000
v 1100.25830000 133.01680000 -499.75470000
v 1091.16310000 125.33700000 -523.49950000
v 1092.11130000 127.48520000 -521.02400000
v 1093.41000000 128.37040000 -517.63350000
v 1094.20230000 130.19730000 -515.56510000
v 1093.61800000 128.51450000 -517.09030000
v 1091.23430000 124.00540000 -523.31370000
v 1151.44490000 121.90630000 -520.01040000
v 1149.68920000 128.37040000 -516.08140000
v 1151.17040000 127.48520000 -519.39620000
v 1142.48990000 133.01680000 -499.96950000
v 1146.78200000 131.83580000 -509.57490000
v 1141.87850000 133.01680000 -498.60140000
v 1148.78560000 130.19730000 -514.05900000
v 1149.45190000 128.51450000 -515.55020000
v 1152.25180000 125.33700000 -521.81630000
v 1152.17070000 124.00540000 -521.63470000
v 1190.77000000 121.90630000 -480.60510000
v 1170.71090000 133.01680000 -471.69100000
v 1180.32500000 131.83580000 -475.96340000
v 1169.34160000 133.01680000 -471.08240000
v 1190.15520000 127.48520000 -480.33200000
v 1192.57750000 125.33700000 -481.40840000
v 1186.83730000 128.37040000 -478.85750000
v 1186.30580000 128.51450000 -478.62130000
v 1184.81320000 130.19730000 -477.95800000
v 1192.39590000 124.00540000 -481.32760000
v 1070.68840000 96.22200000 -428.76520000
v 1120.70470000 96.22200000 -450.63630000
v 1070.72450000 96.22200000 -469.34840000
v 1098.65060000 131.50660000 -398.32000000
v 1098.65060000 131.50660000 -398.32000000
v 1100.25290000 131.50660000 -398.30820000
v 1100.25290000 131.50660000 -398.30820000
v 1139.13110000 131.50660000 -398.29300000
v 1139.13110000 131.50660000 -398.29300000
v 1140.66630000 131.50660000 -398.29280000
v 1140.66630000 131.50660000 -398.29280000
v 1141.75330000 131.50660000 -399.37700000
v 1141.75330000 131.50660000 -399.37700000
v 1169.27230000 131.50660000 -426.84000000
v 1169.27230000 131.50660000 -426.84000000
v 1170.39860000 131.50660000 -427.97970000
v 1170.39860000 131.50660000 -427.97970000
v 1170.41040000 131.50660000 -429.58200000
v 1170.41040000 131.50660000 -429.58200000
v 1170.42550000 131.50660000 -468.46020000
v 1170.42550000 131.50660000 -468.46020000
v 1170.42550000 131.50660000 -468.46020000
v 1170.42570000 131.50660000 -469.99540000
v 1170.42570000 131.50660000 -469.99540000
v 1169.34160000 131.50660000 -471.08240000
v 1169.34160000 131.50660000 -471.08240000
v 1141.87850000 131.50660000 -498.60140000
v 1141.87850000 131.50660000 -498.60140000
v 1140.73890000 131.50660000 -499.72770000
v 1140.73890000 131.50660000 -499.72770000
v 1139.13650000 131.50660000 -499.73950000
v 1139.13650000 131.50660000 -499.73950000
v 1100.25830000 131.50660000 -499.75470000
v 1100.25830000 131.50660000 -499.75470000
v 1098.72310000 131.50660000 -499.75480000
v 1098.72310000 131.50660000 -499.75480000
v 1097.63610000 131.50660000 -498.67070000
v 1097.63610000 131.50660000 -498.67070000
v 1070.11720000 131.50660000 -471.20770000
v 1070.11720000 131.50660000 -471.20770000
v 1068.99080000 131.50660000 -470.06790000
v 1068.99080000 131.50660000 -470.06790000
v 1068.97900000 131.50660000 -468.46560000
v 1068.97900000 131.50660000 -468.46560000
v 1068.96390000 131.50660000 -429.58750000
v 1068.96390000 131.50660000 -429.58750000
v 1068.96390000 131.50660000 -429.58750000
v 1068.96370000 131.50660000 -428.05220000
v 1068.96370000 131.50660000 -428.05220000
v 1070.04790000 131.50660000 -426.96520000
v 1070.04790000 131.50660000 -426.96520000
v 1097.51090000 131.50660000 -399.44620000
v 1097.51090000 131.50660000 -399.44620000
v 1098.65060000 96.86930000 -398.32000000
v 1098.65060000 96.86930000 -398.32000000
v 1100.25290000 96.86930000 -398.30820000
v 1100.25290000 96.86930000 -398.30820000
v 1139.13110000 96.86930000 -398.29300000
v 1139.13110000 96.86930000 -398.29300000
v 1140.66630000 96.86930000 -398.29290000
v 1140.66630000 96.86930000 -398.29290000
v 1141.75330000 96.86930000 -399.37700000
v 1141.75330000 96.86930000 -399.37700000
v 1169.27230000 96.86930000 -426.84000000
v 1169.27230000 96.86930000 -426.84000000
v 1170.39860000 96.86930000 -427.97980000
v 1170.39860000 96.86930000 -427.97980000
v 1170.41040000 96.86930000 -429.58200000
v 1170.41040000 96.86930000 -429.58200000
v 1170.42550000 96.86930000 -468.46020000
v 1170.42550000 96.86930000 -468.46020000
v 1170.42550000 96.86930000 -468.46020000
v 1170.42570000 96.86930000 -469.99540000
v 1170.42570000 96.86930000 -469.99540000
v 1169.34160000 96.86930000 -471.08240000
v 1169.34160000 96.86930000 -471.08240000
v 1141.87850000 96.86930000 -498.60140000
v 1141.87850000 96.86930000 -498.60140000
v 1140.73890000 96.86930000 -499.72770000
v 1140.73890000 96.86930000 -499.72770000
v 1139.13650000 96.86930000 -499.73940000
v 1139.13650000 96.86930000 -499.73940000
v 1100.25840000 96.86930000 -499.75470000
v 1100.25840000 96.86930000 -499.75470000
v 1098.72310000 96.86930000 -499.75480000
v 1098.72310000 96.86930000 -499.75480000
v 1097.63610000 96.86930000 -498.67070000
v 1097.63610000 96.86930000 -498.67070000
v 1070.11720000 96.86930000 -471.20770000
v 1070.11720000 96.86930000 -471.20770000
v 1068.99080000 96.86930000 -470.06790000
v 1068.99080000 96.86930000 -470.06790000
v 1068.97910000 96.86930000 -468.46560000
v 1068.97910000 96.86930000 -468.46560000
v 1068.96390000 96.86930000 -429.58750000
v 1068.96390000 96.86930000 -429.58750000
v 1068.96390000 96.86930000 -429.58750000
v 1068.96370000 96.86930000 -428.05220000
v 1068.96370000 96.86930000 -428.05220000
v 1070.04790000 96.86930000 -426.96520000
v 1070.04790000 96.86930000 -426.96520000
v 1097.51090000 96.86930000 -399.44630000
v 1097.51090000 96.86930000 -399.44630000
v 1098.65060000 96.22200000 -398.32000000
v 1100.25290000 96.22200000 -398.30820000
v 1139.13110000 96.22200000 -398.29300000
v 1140.66630000 96.22200000 -398.29290000
v 1141.75330000 96.22200000 -399.37700000
v 1169.27230000 96.22200000 -426.84000000
v 1170.39860000 96.22200000 -427.97980000
v 1170.41040000 96.22200000 -429.58200000
v 1170.42550000 96.22200000 -468.46020000
v 1170.42570000 96.22200000 -469.96510000
v 1169.34160000 96.22200000 -471.08240000
v 1141.87850000 96.22200000 -498.60140000
v 1140.65630000 96.22200000 -499.72830000
v 1139.13650000 96.22200000 -499.73940000
v 1100.25840000 96.22200000 -499.75470000
v 1098.72310000 96.22200000 -499.75480000
v 1097.63610000 96.22200000 -498.67070000
v 1070.11720000 96.22200000 -471.20770000
v 1068.99080000 96.22200000 -470.06790000
v 1068.97910000 96.22200000 -468.46560000
v 1068.96390000 96.22200000 -429.58750000
v 1068.96370000 96.22200000 -428.05220000
v 1070.04790000 96.22200000 -426.96520000
v 1097.51090000 96.22200000 -399.44630000
v 1139.95340000 96.22200000 -400.01750000
v 1168.66490000 96.22200000 -428.69930000
v 1168.70100000 96.22200000 -469.28250000
v 1140.00810000 96.22200000 -497.98800000
v 1099.43600000 96.22200000 -498.03020000
v 1099.37010000 96.22200000 -400.05360000
v 1147.28340000 75.38120000 -380.00350000
v 1149.06990000 78.44220000 -375.52150000
v 1090.42360000 78.44220000 -375.54440000
v 1092.21360000 75.38120000 -380.02510000
v 1090.55680000 80.20600000 -375.87760000
v 1148.93700000 80.20630000 -375.85500000
v 1148.32600000 81.86510000 -377.38770000
v 1091.16940000 81.86640000 -377.41130000
v 1094.22140000 88.45950000 -385.05100000
v 1145.27950000 88.45950000 -385.03090000
v 1149.07210000 79.33140000 -375.51580000
v 1090.42140000 79.33140000 -375.53880000
v 1145.83730000 85.54850000 -383.63180000
v 1093.66260000 85.54850000 -383.65220000
v 1092.41830000 84.12880000 -380.53760000
v 1147.07800000 84.13010000 -380.51900000
v 1095.09740000 74.42500000 -387.24370000
v 1144.40540000 74.42500000 -387.22440000
v 1145.83540000 88.38660000 -383.63660000
v 1093.66460000 88.38660000 -383.65700000
v 1145.29280000 74.42500000 -387.22440000
v 1148.28390000 75.38120000 -380.00350000
v 1150.14040000 78.44220000 -375.52140000
v 1149.36740000 81.86520000 -377.38770000
v 1150.00220000 80.20630000 -375.85500000
v 1146.78100000 85.54850000 -383.63170000
v 1146.77910000 88.38660000 -383.63650000
v 1150.14270000 79.33140000 -375.51570000
v 1146.20140000 88.45950000 -385.03090000
v 1148.07040000 84.13010000 -380.51880000
v 1094.16190000 74.42500000 -387.25450000
v 1091.17180000 75.38120000 -380.03590000
v 1089.31580000 78.44220000 -375.55520000
v 1090.08960000 81.86780000 -377.42340000
v 1089.45370000 80.20570000 -375.88810000
v 1092.67610000 88.38660000 -383.66780000
v 1092.67420000 85.54850000 -383.66300000
v 1089.31350000 79.33140000 -375.54970000
v 1093.25350000 88.45950000 -385.06170000
v 1091.38280000 84.12740000 -380.54530000
v 1088.52480000 78.44220000 -376.33090000
v 1047.03930000 78.44220000 -417.78390000
v 1051.47190000 75.38120000 -419.69000000
v 1090.42740000 75.38120000 -380.76500000
v 1048.88720000 81.86760000 -418.57860000
v 1047.36870000 80.20570000 -417.92550000
v 1088.66630000 80.20600000 -376.66070000
v 1089.31750000 81.86640000 -378.17830000
v 1056.44380000 88.45950000 -421.82800000
v 1092.56150000 88.45950000 -385.73850000
v 1088.52250000 79.33140000 -376.32540000
v 1047.03380000 79.33140000 -417.78150000
v 1090.64500000 84.12880000 -381.27210000
v 1091.96750000 85.54850000 -384.35440000
v 1055.06010000 85.54850000 -421.23300000
v 1051.97630000 84.12760000 -419.90690000
v 1058.61300000 74.42500000 -422.76080000
v 1093.49270000 74.42500000 -387.90840000
v 1055.06480000 88.38660000 -421.23500000
v 1091.96960000 88.38660000 -384.35910000
v 1050.73180000 75.38120000 -420.45840000
v 1057.95070000 74.42500000 -423.44850000
v 1046.25100000 78.44220000 -418.60250000
v 1048.12130000 81.87000000 -419.37720000
v 1046.58340000 80.20510000 -418.74020000
v 1054.36380000 88.38660000 -421.96290000
v 1054.35900000 85.54850000 -421.96090000
v 1046.24550000 79.33140000 -418.60020000
v 1055.75780000 88.45950000 -422.54030000
v 1051.23620000 84.12510000 -420.66740000
v 1047.03910000 78.44220000 -480.28380000
v 1088.49210000 78.44220000 -521.76930000
v 1090.39820000 75.38120000 -517.33670000
v 1051.47310000 75.38120000 -478.38120000
v 1089.28580000 81.86510000 -519.92360000
v 1088.63390000 80.20630000 -521.43950000
v 1047.36890000 80.20600000 -480.14230000
v 1048.88650000 81.86640000 -479.49110000
v 1092.53610000 88.45950000 -512.36490000
v 1056.44680000 88.45950000 -476.24710000
v 1047.03360000 79.33140000 -480.28630000
v 1088.48970000 79.33140000 -521.77480000
v 1051.98030000 84.12880000 -478.16360000
v 1055.06250000 85.54850000 -476.84110000
v 1091.94120000 85.54850000 -513.74860000
v 1090.61730000 84.13010000 -516.82700000
v 1093.46900000 74.42500000 -510.19570000
v 1058.61670000 74.42500000 -475.31600000
v 1091.94310000 88.38660000 -513.74390000
v 1055.06730000 88.38660000 -476.83910000
v 1094.09660000 74.42500000 -510.82330000
v 1091.10550000 75.38120000 -518.04420000
v 1089.24900000 78.44220000 -522.52640000
v 1090.02200000 81.86520000 -520.66000000
v 1089.38720000 80.20630000 -522.19270000
v 1092.61040000 88.38660000 -514.41110000
v 1092.60840000 85.54850000 -514.41600000
v 1089.24670000 79.33140000 -522.53190000
v 1093.18800000 88.45950000 -513.01680000
v 1091.31900000 84.13010000 -517.52890000
v 1057.96260000 74.42500000 -474.64690000
v 1050.74410000 75.38120000 -477.63690000
v 1046.26340000 78.44220000 -479.49290000
v 1046.59630000 80.20570000 -479.35490000
v 1048.13160000 81.86780000 -478.71900000
v 1054.37120000 85.54850000 -476.13450000
v 1054.37600000 88.38660000 -476.13260000
v 1046.25790000 79.33140000 -479.49510000
v 1055.76990000 88.45950000 -475.55510000
v 1051.25350000 84.12740000 -477.42590000
v 1050.71180000 75.38120000 -421.52520000
v 1050.71180000 75.38120000 -421.52520000
v 1046.22960000 78.44220000 -419.73870000
v 1046.22960000 78.44220000 -419.73870000
v 1046.25260000 78.44220000 -478.38500000
v 1050.73330000 75.38120000 -476.59500000
v 1046.58580000 80.20600000 -478.25180000
v 1046.56260000 80.20570000 -419.87140000
v 1046.56260000 80.20570000 -419.87140000
v 1048.09810000 81.86760000 -420.48350000
v 1048.09810000 81.86760000 -420.48350000
v 1048.11940000 81.86640000 -477.63920000
v 1055.75920000 88.45950000 -474.58720000
v 1055.73930000 88.45950000 -423.52910000
v 1055.73930000 88.45950000 -423.52910000
v 1046.22410000 79.33140000 -419.73650000
v 1046.22410000 79.33140000 -419.73650000
v 1046.24710000 79.33140000 -478.38720000
v 1054.34000000 85.54850000 -422.97130000
v 1054.34000000 85.54850000 -422.97130000
v 1054.36050000 85.54850000 -475.14610000
v 1051.24580000 84.12880000 -476.39030000
v 1051.22170000 84.12760000 -421.72850000
v 1051.22170000 84.12760000 -421.72850000
v 1057.95190000 74.42500000 -473.71120000
v 1057.93260000 74.42500000 -424.40330000
v 1057.93260000 74.42500000 -424.40330000
v 1054.34480000 88.38660000 -422.97320000
v 1054.34480000 88.38660000 -422.97320000
v 1054.36520000 88.38660000 -475.14400000
v 1192.35030000 78.44220000 -417.76380000
v 1150.89730000 78.44220000 -376.27840000
v 1148.99120000 75.38120000 -380.71100000
v 1187.91630000 75.38120000 -419.66640000
v 1150.10360000 81.86510000 -378.12400000
v 1150.75550000 80.20630000 -376.60830000
v 1192.02050000 80.20600000 -417.90530000
v 1190.50290000 81.86640000 -418.55650000
v 1146.85330000 88.45950000 -385.68290000
v 1182.94260000 88.45950000 -421.80050000
v 1192.35580000 79.33140000 -417.76140000
v 1150.89970000 79.33140000 -376.27280000
v 1187.40910000 84.12880000 -419.88400000
v 1184.32690000 85.54850000 -421.20650000
v 1147.44820000 85.54850000 -384.29910000
v 1148.77210000 84.13010000 -381.22070000
v 1145.92040000 74.42500000 -387.85210000
v 1180.77270000 74.42500000 -422.73160000
v 1147.44620000 88.38660000 -384.30380000
v 1184.32210000 88.38660000 -421.20860000
v 1181.42680000 74.42500000 -423.40080000
v 1188.64530000 75.38120000 -420.41080000
v 1193.12600000 78.44220000 -418.55480000
v 1192.79310000 80.20570000 -418.69270000
v 1191.25780000 81.86780000 -419.32860000
v 1185.01820000 85.54850000 -421.91320000
v 1185.01340000 88.38660000 -421.91520000
v 1193.13160000 79.33140000 -418.55250000
v 1183.61950000 88.45950000 -422.49260000
v 1188.13590000 84.12740000 -420.62180000
v 1188.67760000 75.38120000 -476.52250000
v 1188.67760000 75.38120000 -476.52250000
v 1193.15980000 78.44220000 -478.30900000
v 1193.15980000 78.44220000 -478.30900000
v 1193.13680000 78.44220000 -419.66270000
v 1188.65610000 75.38120000 -421.45260000
v 1192.80360000 80.20600000 -419.79580000
v 1192.82680000 80.20570000 -478.17620000
v 1192.82680000 80.20570000 -478.17620000
v 1191.29130000 81.86760000 -477.56430000
v 1191.29130000 81.86760000 -477.56430000
v 1191.27000000 81.86640000 -420.40840000
v 1183.63020000 88.45950000 -423.46040000
v 1183.65030000 88.45950000 -474.51860000
v 1183.65030000 88.45950000 -474.51860000
v 1193.16540000 79.33140000 -478.31120000
v 1193.16540000 79.33140000 -478.31120000
v 1193.14230000 79.33140000 -419.66050000
v 1185.04940000 85.54850000 -475.07630000
v 1185.04940000 85.54850000 -475.07630000
v 1185.02890000 85.54850000 -422.90160000
v 1188.14360000 84.12880000 -421.65740000
v 1188.16770000 84.12760000 -476.31930000
v 1188.16770000 84.12760000 -476.31930000
v 1181.43750000 74.42500000 -424.33640000
v 1181.45680000 74.42500000 -473.64430000
v 1181.45680000 74.42500000 -473.64430000
v 1185.04470000 88.38660000 -475.07440000
v 1185.04470000 88.38660000 -475.07440000
v 1185.02420000 88.38660000 -422.90360000
v 1181.43870000 74.42500000 -474.59910000
v 1188.65760000 75.38120000 -477.58920000
v 1193.13840000 78.44220000 -479.44530000
v 1191.26810000 81.87000000 -478.67050000
v 1192.80600000 80.20510000 -479.30760000
v 1185.03040000 85.54850000 -476.08670000
v 1185.02560000 88.38660000 -476.08480000
v 1193.14400000 79.33140000 -479.44760000
v 1183.63160000 88.45950000 -475.50740000
v 1188.15330000 84.12510000 -477.38020000
v 1092.10600000 75.38120000 -518.04410000
v 1090.31950000 78.44220000 -522.52620000
v 1148.96580000 78.44220000 -522.50330000
v 1147.17580000 75.38120000 -518.02260000
v 1148.83260000 80.20600000 -522.17000000
v 1090.45240000 80.20630000 -522.19270000
v 1091.06340000 81.86510000 -520.66000000
v 1148.22000000 81.86640000 -520.63650000
v 1145.16800000 88.45950000 -512.99670000
v 1094.10990000 88.45950000 -513.01670000
v 1090.31730000 79.33140000 -522.53180000
v 1148.96800000 79.33140000 -522.50890000
v 1093.55210000 85.54850000 -514.41580000
v 1145.72680000 85.54850000 -514.39540000
v 1146.97110000 84.12880000 -517.51010000
v 1092.31140000 84.13010000 -517.52870000
v 1144.29200000 74.42500000 -510.80390000
v 1094.98410000 74.42500000 -510.82320000
v 1093.55410000 88.38660000 -514.41110000
v 1145.72490000 88.38660000 -514.39060000
v 1145.22770000 74.42500000 -510.79320000
v 1148.21770000 75.38120000 -518.01170000
v 1150.07360000 78.44220000 -522.49240000
v 1149.29980000 81.86780000 -520.62430000
v 1149.93570000 80.20570000 -522.15950000
v 1146.71330000 88.38660000 -514.37990000
v 1146.71520000 85.54850000 -514.38460000
v 1150.07590000 79.33140000 -522.49800000
v 1146.13590000 88.45950000 -512.98600000
v 1148.00660000 84.12740000 -517.50240000
v 1150.86460000 78.44220000 -521.71670000
v 1192.35010000 78.44220000 -480.26370000
v 1187.91750000 75.38120000 -478.35770000
v 1148.96200000 75.38120000 -517.28270000
v 1190.50220000 81.86760000 -479.46920000
v 1192.02080000 80.20570000 -480.12220000
v 1150.72310000 80.20600000 -521.38700000
v 1150.07190000 81.86640000 -519.86930000
v 1182.94560000 88.45950000 -476.21970000
v 1146.82790000 88.45950000 -512.30920000
v 1150.86690000 79.33140000 -521.72230000
v 1192.35560000 79.33140000 -480.26620000
v 1148.74440000 84.12880000 -516.77550000
v 1147.42190000 85.54850000 -513.69330000
v 1184.32930000 85.54850000 -476.81470000
v 1187.41320000 84.12760000 -478.14070000
v 1180.77640000 74.42500000 -475.28690000
v 1145.89670000 74.42500000 -510.13920000
v 1184.32460000 88.38660000 -476.81260000
v 1147.41980000 88.38660000 -513.68860000
v 1100.59840000 32.25340000 -399.20820000
v 1099.02420000 32.25340000 -399.21980000
v 1099.02420000 -0.69340000 -399.21980000
v 1100.59840000 -0.69340000 -399.20820000
v 1100.60160000 33.44840000 -399.21620000
v 1100.90190000 34.21570000 -399.99850000
v 1099.35220000 34.21570000 -400.01020000
v 1099.02750000 33.44840000 -399.22790000
v 1103.18800000 41.50990000 -405.95280000
v 1101.82340000 41.50990000 -405.96450000
v 1101.82170000 40.67840000 -405.96030000
v 1103.18640000 40.67840000 -405.94870000
v 1100.97620000 42.53270000 -400.19200000
v 1099.43210000 42.53290000 -400.20290000
v 1100.76350000 47.17870000 -399.63810000
v 1099.20260000 47.17870000 -399.65000000
v 1099.20460000 43.18780000 -399.65470000
v 1100.76540000 43.18780000 -399.64300000
v 1100.95280000 48.30550000 -400.13110000
v 1102.89970000 52.97760000 -405.20170000
v 1101.51160000 52.97760000 -405.21340000
v 1099.40700000 48.30510000 -400.14240000
v 1103.11550000 54.34010000 -405.76370000
v 1101.74490000 54.34030000 -405.77550000
v 1101.62930000 55.36530000 -405.49660000
v 1103.00820000 55.36570000 -405.48440000
v 1100.65890000 59.98930000 -399.36550000
v 1099.08950000 59.98930000 -399.37730000
v 1099.76040000 60.34440000 -397.02550000
v 1098.11830000 60.34440000 -397.03720000
v 1103.03360000 39.72820000 -405.55050000
v 1101.65650000 39.72850000 -405.56250000
v 1094.77990000 70.06870000 -388.99390000
v 1096.67220000 70.06870000 -388.98190000
v 1095.99440000 74.42500000 -387.21670000
v 1094.04720000 74.42500000 -387.22870000
v 1096.51120000 67.45020000 -393.16550000
v 1098.27380000 67.45020000 -393.15360000
v 1097.35000000 67.71430000 -390.74730000
v 1095.51260000 67.71430000 -390.75910000
v 1096.77000000 66.69630000 -393.78880000
v 1098.51320000 66.69630000 -393.77690000
v 1138.78630000 -0.69340000 -399.19320000
v 1138.78630000 32.25340000 -399.19320000
v 1138.78320000 33.44840000 -399.20120000
v 1138.48340000 34.21570000 -399.98380000
v 1136.20350000 40.67840000 -405.93590000
v 1136.20200000 41.50990000 -405.93990000
v 1138.40910000 42.53260000 -400.17800000
v 1138.61960000 43.18780000 -399.62820000
v 1138.62150000 47.17870000 -399.62340000
v 1138.43250000 48.30580000 -400.11680000
v 1136.48970000 52.97760000 -405.18860000
v 1136.27440000 54.34000000 -405.75070000
v 1136.38160000 55.36610000 -405.47080000
v 1138.72600000 59.98930000 -399.35060000
v 1139.62260000 60.34440000 -397.00990000
v 1140.29420000 -0.69340000 -399.19310000
v 1140.29420000 32.25340000 -399.19310000
v 1139.96730000 34.21570000 -399.98370000
v 1140.29080000 33.44840000 -399.20120000
v 1137.50680000 40.67840000 -405.93570000
v 1137.50510000 41.50990000 -405.93990000
v 1139.88710000 42.53260000 -400.17790000
v 1140.11440000 43.18780000 -399.62810000
v 1140.11630000 47.17870000 -399.62320000
v 1137.81570000 52.97760000 -405.18850000
v 1139.91240000 48.30580000 -400.11660000
v 1137.58340000 54.34000000 -405.75070000
v 1137.69900000 55.36610000 -405.47080000
v 1140.22910000 59.98930000 -399.35050000
v 1141.19680000 60.34440000 -397.00970000
v 1137.67160000 39.72790000 -405.53710000
v 1136.35620000 39.72790000 -405.53720000
v 1142.70450000 70.06870000 -388.96390000
v 1142.02810000 67.71430000 -390.72970000
v 1143.79280000 67.71430000 -390.72960000
v 1144.52280000 70.06870000 -388.96380000
v 1142.79790000 67.45020000 -393.13670000
v 1141.10610000 67.45020000 -393.13680000
v 1142.54000000 66.69630000 -393.76030000
v 1140.86730000 66.69630000 -393.76040000
v 1097.90420000 32.25340000 -400.32640000
v 1097.90420000 -0.69340000 -400.32640000
v 1098.24950000 34.21570000 -401.09930000
v 1097.90770000 33.44840000 -400.33420000
v 1100.85160000 41.50990000 -406.92250000
v 1100.84970000 40.67840000 -406.91850000
v 1098.33410000 42.53270000 -401.28850000
v 1098.09200000 47.17870000 -400.74690000
v 1098.09420000 43.18780000 -400.75160000
v 1100.52330000 52.97760000 -406.18800000
v 1098.30750000 48.30550000 -401.22910000
v 1100.76890000 54.34010000 -406.73770000
v 1097.97290000 59.98930000 -400.48030000
v 1100.64690000 55.36570000 -406.46440000
v 1096.95030000 60.34440000 -398.19180000
v 1100.67580000 39.72820000 -406.52910000
v 1093.43530000 70.06870000 -390.32540000
v 1094.20680000 67.71430000 -392.05180000
v 1095.25830000 67.45020000 -394.40520000
v 1095.53080000 66.69630000 -395.01480000
v 1070.92870000 -0.69340000 -427.35680000
v 1070.92880000 32.25340000 -427.35680000
v 1070.93660000 33.44840000 -427.36030000
v 1071.70240000 34.21570000 -427.70050000
v 1077.52700000 40.67840000 -430.28890000
v 1077.53100000 41.50990000 -430.29080000
v 1071.89250000 42.53260000 -427.78500000
v 1071.35450000 43.18780000 -427.54580000
v 1071.34970000 47.17870000 -427.54380000
v 1071.83250000 48.30580000 -427.75840000
v 1076.79580000 52.97760000 -429.96400000
v 1077.34580000 54.34000000 -430.20840000
v 1077.07190000 55.36610000 -430.08670000
v 1071.08290000 59.98930000 -427.42520000
v 1068.79220000 60.34440000 -426.40720000
v 1069.86400000 32.25340000 -428.42440000
v 1069.86400000 -0.69340000 -428.42440000
v 1070.65450000 34.21570000 -428.75120000
v 1069.87210000 33.44840000 -428.42770000
v 1076.61070000 41.50990000 -431.21340000
v 1076.60660000 40.67840000 -431.21170000
v 1070.84880000 42.53260000 -428.83150000
v 1070.29410000 47.17870000 -428.60220000
v 1070.29900000 43.18780000 -428.60420000
v 1075.85940000 52.97760000 -430.90280000
v 1070.78750000 48.30580000 -428.80620000
v 1076.42150000 54.34000000 -431.13530000
v 1076.14160000 55.36610000 -431.01950000
v 1070.02140000 59.98930000 -428.48950000
v 1067.68070000 60.34440000 -427.52190000
v 1077.13680000 39.72790000 -430.11560000
v 1076.20800000 39.72790000 -431.04700000
v 1059.63460000 70.06870000 -424.19570000
v 1060.91870000 70.06870000 -422.90830000
v 1059.19070000 74.42500000 -422.14030000
v 1057.86890000 74.42500000 -423.46580000
v 1063.80750000 67.45020000 -425.92070000
v 1065.00220000 67.45020000 -424.72300000
v 1062.64660000 67.71430000 -423.67620000
v 1061.40050000 67.71430000 -424.92570000
v 1064.43120000 66.69630000 -426.17850000
v 1065.61230000 66.69630000 -424.99410000
v 1092.66390000 74.42500000 -388.59890000
v 1070.99730000 32.25340000 -470.81450000
v 1070.99730000 -0.69340000 -470.81450000
v 1069.89070000 -0.69340000 -469.69450000
v 1069.89070000 32.25340000 -469.69450000
v 1070.68120000 34.21570000 -469.36640000
v 1071.77030000 34.21570000 -470.46910000
v 1071.00510000 33.44840000 -470.81090000
v 1069.89880000 33.44840000 -469.69110000
v 1077.59350000 41.50990000 -467.86690000
v 1077.58950000 40.67840000 -467.86880000
v 1076.63120000 40.67840000 -466.89690000
v 1076.63540000 41.50990000 -466.89510000
v 1070.87380000 42.53290000 -469.28640000
v 1071.95950000 42.53270000 -470.38450000
v 1071.41780000 47.17870000 -470.62650000
v 1071.42250000 43.18780000 -470.62440000
v 1070.32560000 43.18780000 -469.51400000
v 1070.32080000 47.17870000 -469.51590000
v 1075.88430000 52.97760000 -467.20680000
v 1076.85890000 52.97760000 -468.19520000
v 1071.89990000 48.30550000 -470.41100000
v 1070.81320000 48.30510000 -469.31160000
v 1076.44630000 54.34030000 -466.97360000
v 1077.40860000 54.34010000 -467.94960000
v 1076.16750000 55.36530000 -467.08940000
v 1070.04810000 59.98930000 -469.62910000
v 1071.15120000 59.98930000 -470.74570000
v 1077.13540000 55.36570000 -468.07170000
v 1067.70810000 60.34440000 -470.60030000
v 1068.86270000 60.34440000 -471.76820000
v 1076.23340000 39.72850000 -467.06200000
v 1077.20010000 39.72820000 -468.04280000
v 1060.99620000 70.06870000 -475.28330000
v 1062.72270000 67.71430000 -474.51180000
v 1061.43010000 67.71430000 -473.20600000
v 1059.66480000 70.06870000 -473.93870000
v 1063.83630000 67.45020000 -472.20730000
v 1065.07600000 67.45020000 -473.46030000
v 1064.45970000 66.69630000 -471.94850000
v 1065.68570000 66.69630000 -473.18780000
v 1098.02760000 -0.69340000 -497.78980000
v 1098.02760000 32.25340000 -497.78970000
v 1098.03110000 33.44840000 -497.78190000
v 1098.37150000 34.21570000 -497.01610000
v 1100.95980000 40.67840000 -491.19160000
v 1100.96150000 41.50990000 -491.18760000
v 1098.45590000 42.53260000 -496.82600000
v 1098.21680000 43.18780000 -497.36410000
v 1098.21470000 47.17870000 -497.36880000
v 1098.42920000 48.30580000 -496.88590000
v 1100.63490000 52.97760000 -491.92280000
v 1100.87930000 54.34000000 -491.37270000
v 1100.75760000 55.36610000 -491.64660000
v 1098.09610000 59.98930000 -497.63570000
v 1097.07810000 60.34440000 -499.92630000
v 1099.09520000 32.25340000 -498.85460000
v 1099.09520000 -0.69340000 -498.85460000
v 1099.42210000 34.21570000 -498.06400000
v 1099.09860000 33.44840000 -498.84660000
v 1101.88430000 41.50990000 -492.10780000
v 1101.88260000 40.67840000 -492.11200000
v 1099.50230000 42.53260000 -497.86980000
v 1099.27310000 47.17870000 -498.42440000
v 1099.27510000 43.18780000 -498.41960000
v 1101.57370000 52.97760000 -492.85910000
v 1099.47710000 48.30580000 -497.93110000
v 1101.80620000 54.34000000 -492.29710000
v 1101.69040000 55.36610000 -492.57690000
v 1099.16040000 59.98930000 -498.69710000
v 1098.19270000 60.34440000 -501.03790000
v 1100.78650000 39.72790000 -491.58170000
v 1101.71780000 39.72790000 -492.51050000
v 1094.86660000 70.06870000 -509.08390000
v 1093.57920000 70.06870000 -507.79990000
v 1092.81130000 74.42500000 -509.52780000
v 1094.13660000 74.42500000 -510.84970000
v 1096.59170000 67.45020000 -504.91100000
v 1095.39380000 67.45020000 -503.71640000
v 1094.34700000 67.71430000 -506.07190000
v 1095.59660000 67.71430000 -507.31810000
v 1096.84940000 66.69630000 -504.28750000
v 1095.66500000 66.69630000 -503.10620000
v 1059.26990000 74.42500000 -476.05460000
v 1069.87900000 32.25340000 -468.12010000
v 1069.87900000 -0.69340000 -468.12010000
v 1069.88710000 33.44840000 -468.11700000
v 1070.66940000 34.21570000 -467.81670000
v 1076.62380000 41.50990000 -465.53050000
v 1076.61960000 40.67840000 -465.53220000
v 1070.86280000 42.53270000 -467.74240000
v 1070.30910000 47.17870000 -467.95500000
v 1070.31380000 43.18780000 -467.95320000
v 1070.80200000 48.30550000 -467.76570000
v 1075.87270000 52.97760000 -465.81890000
v 1076.43470000 54.34010000 -465.60310000
v 1076.15530000 55.36570000 -465.71040000
v 1070.03640000 59.98930000 -468.05960000
v 1067.69640000 60.34440000 -468.95810000
v 1076.22140000 39.72820000 -465.68500000
v 1059.65280000 70.06870000 -472.04640000
v 1057.88760000 74.42500000 -472.72410000
v 1057.89950000 74.42500000 -474.67130000
v 1063.82450000 67.45020000 -470.44470000
v 1061.41810000 67.71430000 -471.36860000
v 1064.44780000 66.69630000 -470.20540000
v 1069.86400000 -0.69340000 -429.93230000
v 1069.86400000 -0.69340000 -429.93230000
v 1069.86410000 32.25340000 -429.93230000
v 1069.86410000 32.25340000 -429.93230000
v 1069.87210000 33.44840000 -429.93540000
v 1069.87210000 33.44840000 -429.93540000
v 1070.65470000 34.21570000 -430.23510000
v 1070.65470000 34.21570000 -430.23510000
v 1076.60670000 40.67840000 -432.51500000
v 1076.60670000 40.67840000 -432.51500000
v 1076.61080000 41.50990000 -432.51660000
v 1076.61080000 41.50990000 -432.51660000
v 1070.84890000 42.53260000 -430.30960000
v 1070.84890000 42.53260000 -430.30960000
v 1070.29910000 43.18780000 -430.09890000
v 1070.29910000 43.18780000 -430.09890000
v 1070.29420000 47.17870000 -430.09700000
v 1070.29420000 47.17870000 -430.09700000
v 1070.78760000 48.30580000 -430.28610000
v 1070.78760000 48.30580000 -430.28610000
v 1075.85950000 52.97760000 -432.22880000
v 1075.85950000 52.97760000 -432.22880000
v 1076.42160000 54.34000000 -432.44420000
v 1076.42160000 54.34000000 -432.44420000
v 1076.14170000 55.36610000 -432.33690000
v 1076.14170000 55.36610000 -432.33690000
v 1070.02150000 59.98930000 -429.99260000
v 1070.02150000 59.98930000 -429.99260000
v 1067.68080000 60.34440000 -429.09600000
v 1067.68080000 60.34440000 -429.09600000
v 1076.20810000 39.72790000 -432.36230000
v 1076.20810000 39.72790000 -432.36230000
v 1059.63480000 70.06870000 -426.01400000
v 1059.63480000 70.06870000 -426.01400000
v 1061.40060000 67.71430000 -426.69040000
v 1061.40060000 67.71430000 -426.69040000
v 1063.80760000 67.45020000 -427.61240000
v 1063.80760000 67.45020000 -427.61240000
v 1064.43130000 66.69630000 -427.85130000
v 1064.43130000 66.69630000 -427.85130000
v 1168.39220000 32.25340000 -427.23330000
v 1168.39220000 -0.69340000 -427.23330000
v 1169.49870000 -0.69340000 -428.35320000
v 1169.49870000 32.25340000 -428.35320000
v 1168.70840000 34.21570000 -428.68120000
v 1167.61910000 34.21570000 -427.57870000
v 1168.38430000 33.44840000 -427.23680000
v 1169.49060000 33.44840000 -428.35660000
v 1161.79600000 41.50990000 -430.18070000
v 1161.80000000 40.67840000 -430.17890000
v 1162.75820000 40.67840000 -431.15080000
v 1162.75420000 41.50990000 -431.15250000
v 1168.51560000 42.53290000 -428.76120000
v 1167.43010000 42.53270000 -427.66320000
v 1167.97160000 47.17870000 -427.42120000
v 1167.96690000 43.18780000 -427.42330000
v 1169.06380000 43.18780000 -428.53380000
v 1169.06860000 47.17870000 -428.53170000
v 1163.50510000 52.97760000 -430.84080000
v 1162.53050000 52.97760000 -429.85250000
v 1167.48950000 48.30550000 -427.63660000
v 1168.57620000 48.30510000 -428.73610000
v 1162.94310000 54.34030000 -431.07400000
v 1161.98080000 54.34010000 -430.09810000
v 1163.22190000 55.36530000 -430.95840000
v 1169.34130000 59.98930000 -428.41860000
v 1168.23830000 59.98930000 -427.30210000
v 1162.25420000 55.36570000 -429.97600000
v 1171.68130000 60.34440000 -427.44730000
v 1170.52670000 60.34440000 -426.27940000
v 1163.15600000 39.72850000 -430.98570000
v 1162.18950000 39.72820000 -430.00480000
v 1178.39320000 70.06870000 -422.76450000
v 1176.66670000 67.71430000 -423.53590000
v 1177.95940000 67.71430000 -424.84170000
v 1179.72460000 70.06870000 -424.10910000
v 1175.55310000 67.45020000 -425.84040000
v 1174.31350000 67.45020000 -424.58750000
v 1174.92980000 66.69630000 -426.09910000
v 1173.70370000 66.69630000 -424.85990000
v 1141.36180000 -0.69340000 -400.25790000
v 1141.36180000 32.25340000 -400.25790000
v 1141.35830000 33.44840000 -400.26570000
v 1141.01790000 34.21570000 -401.03160000
v 1138.42970000 40.67840000 -406.85600000
v 1138.42790000 41.50990000 -406.86000000
v 1140.93360000 42.53260000 -401.22160000
v 1141.17260000 43.18780000 -400.68350000
v 1141.17480000 47.17870000 -400.67880000
v 1140.96020000 48.30580000 -401.16170000
v 1138.75450000 52.97760000 -406.12490000
v 1138.51010000 54.34000000 -406.67500000
v 1138.63180000 55.36610000 -406.40100000
v 1141.29330000 59.98930000 -400.41200000
v 1142.31130000 60.34440000 -398.12130000
v 1138.60300000 39.72790000 -406.46590000
v 1145.81030000 70.06870000 -390.24780000
v 1146.57810000 74.42500000 -388.51980000
v 1145.25280000 74.42500000 -387.19800000
v 1143.99560000 67.45020000 -394.33120000
v 1145.04240000 67.71430000 -391.97580000
v 1143.72440000 66.69630000 -394.94140000
v 1180.11960000 74.42500000 -421.99300000
v 1169.51040000 32.25340000 -429.92760000
v 1169.51040000 -0.69340000 -429.92760000
v 1169.50230000 33.44840000 -429.93070000
v 1168.72010000 34.21570000 -430.23100000
v 1162.76570000 41.50990000 -432.51720000
v 1162.76980000 40.67840000 -432.51560000
v 1168.52660000 42.53270000 -430.30530000
v 1169.08030000 47.17870000 -430.09270000
v 1169.07560000 43.18780000 -430.09450000
v 1168.58740000 48.30550000 -430.28190000
v 1163.51680000 52.97760000 -432.22880000
v 1162.95480000 54.34010000 -432.44460000
v 1163.23410000 55.36570000 -432.33730000
v 1169.35300000 59.98930000 -429.98800000
v 1171.69310000 60.34440000 -429.08960000
v 1163.16800000 39.72820000 -432.36270000
v 1179.73660000 70.06870000 -426.00130000
v 1181.50180000 74.42500000 -425.32350000
v 1181.48990000 74.42500000 -423.37650000
v 1175.56510000 67.45020000 -427.60300000
v 1177.97130000 67.71430000 -426.67910000
v 1174.94170000 66.69630000 -427.84230000
v 1169.52540000 -0.69340000 -468.11540000
v 1169.52540000 -0.69340000 -468.11540000
v 1169.52540000 32.25340000 -468.11540000
v 1169.52540000 32.25340000 -468.11540000
v 1169.51730000 33.44840000 -468.11230000
v 1169.51730000 33.44840000 -468.11230000
v 1168.73470000 34.21570000 -467.81250000
v 1168.73470000 34.21570000 -467.81250000
v 1162.78270000 40.67840000 -465.53270000
v 1162.78270000 40.67840000 -465.53270000
v 1162.77870000 41.50990000 -465.53110000
v 1162.77870000 41.50990000 -465.53110000
v 1168.54050000 42.53260000 -467.73820000
v 1168.54050000 42.53260000 -467.73820000
v 1169.09030000 43.18780000 -467.94870000
v 1169.09030000 43.18780000 -467.94870000
v 1169.09520000 47.17870000 -467.95060000
v 1169.09520000 47.17870000 -467.95060000
v 1168.60180000 48.30580000 -467.76160000
v 1168.60180000 48.30580000 -467.76160000
v 1163.52990000 52.97760000 -465.81890000
v 1163.52990000 52.97760000 -465.81890000
v 1162.96780000 54.34000000 -465.60360000
v 1162.96780000 54.34000000 -465.60360000
v 1163.24770000 55.36610000 -465.71080000
v 1163.24770000 55.36610000 -465.71080000
v 1169.36790000 59.98930000 -468.05510000
v 1169.36790000 59.98930000 -468.05510000
v 1171.70860000 60.34440000 -468.95170000
v 1171.70860000 60.34440000 -468.95170000
v 1169.52550000 -0.69340000 -469.62330000
v 1169.52550000 32.25340000 -469.62330000
v 1168.73490000 34.21570000 -469.29640000
v 1169.51750000 33.44840000 -469.61990000
v 1162.78280000 40.67840000 -466.83590000
v 1162.77870000 41.50990000 -466.83420000
v 1168.54060000 42.53260000 -469.21620000
v 1169.09050000 43.18780000 -469.44350000
v 1169.09530000 47.17870000 -469.44540000
v 1163.53000000 52.97760000 -467.14480000
v 1168.60190000 48.30580000 -469.24150000
v 1162.96790000 54.34000000 -466.91250000
v 1163.24780000 55.36610000 -467.02820000
v 1169.36800000 59.98930000 -469.55820000
v 1171.70870000 60.34440000 -470.52580000
v 1163.18140000 39.72790000 -467.00070000
v 1163.18140000 39.72790000 -465.68540000
v 1163.18140000 39.72790000 -465.68540000
v 1179.75460000 70.06870000 -472.03360000
v 1179.75460000 70.06870000 -472.03360000
v 1177.98880000 67.71430000 -471.35720000
v 1177.98880000 67.71430000 -471.35720000
v 1177.98900000 67.71430000 -473.12200000
v 1179.75480000 70.06870000 -473.85190000
v 1175.58190000 67.45020000 -472.12700000
v 1175.58180000 67.45020000 -470.43520000
v 1175.58180000 67.45020000 -470.43520000
v 1174.95840000 66.69630000 -471.86910000
v 1174.95830000 66.69630000 -470.19640000
v 1174.95830000 66.69630000 -470.19640000
v 1138.79100000 32.25340000 -498.83950000
v 1140.36540000 32.25340000 -498.82780000
v 1140.36540000 -0.69340000 -498.82780000
v 1138.79100000 -0.69340000 -498.83950000
v 1138.78800000 33.44840000 -498.83140000
v 1138.48750000 34.21570000 -498.04910000
v 1140.03740000 34.21570000 -498.03750000
v 1140.36190000 33.44840000 -498.81980000
v 1136.20140000 41.50990000 -492.09480000
v 1137.56600000 41.50990000 -492.08330000
v 1137.56770000 40.67840000 -492.08730000
v 1136.20300000 40.67840000 -492.09890000
v 1138.41320000 42.53270000 -497.85570000
v 1139.95740000 42.53290000 -497.84480000
v 1138.62590000 47.17870000 -498.40950000
v 1140.18690000 47.17870000 -498.39780000
v 1140.18480000 43.18780000 -498.39290000
v 1138.62400000 43.18780000 -498.40460000
v 1138.43660000 48.30550000 -497.91660000
v 1136.48970000 52.97760000 -492.84590000
v 1137.87780000 52.97760000 -492.83430000
v 1139.98240000 48.30510000 -497.90530000
v 1136.27400000 54.34010000 -492.28390000
v 1137.64450000 54.34030000 -492.27220000
v 1137.76030000 55.36530000 -492.55100000
v 1136.38120000 55.36570000 -492.56320000
v 1138.73060000 59.98930000 -498.68210000
v 1140.30000000 59.98930000 -498.67030000
v 1139.62900000 60.34440000 -501.02220000
v 1141.27120000 60.34440000 -501.01040000
v 1136.35580000 39.72820000 -492.49710000
v 1137.73290000 39.72850000 -492.48510000
v 1144.60950000 70.06870000 -509.05370000
v 1142.71730000 70.06870000 -509.06570000
v 1143.39500000 74.42500000 -510.83100000
v 1145.34220000 74.42500000 -510.81900000
v 1142.87820000 67.45020000 -504.88220000
v 1141.11560000 67.45020000 -504.89420000
v 1142.03940000 67.71430000 -507.30040000
v 1143.87680000 67.71430000 -507.28850000
v 1142.61950000 66.69630000 -504.25890000
v 1140.87620000 66.69630000 -504.27070000
v 1100.60310000 -0.69340000 -498.85450000
v 1100.60310000 32.25340000 -498.85440000
v 1100.60620000 33.44840000 -498.84640000
v 1100.90600000 34.21570000 -498.06380000
v 1103.18590000 40.67840000 -492.11190000
v 1103.18750000 41.50990000 -492.10780000
v 1100.98030000 42.53260000 -497.86960000
v 1100.76980000 43.18780000 -498.41950000
v 1100.76790000 47.17870000 -498.42430000
v 1100.95690000 48.30580000 -497.93090000
v 1102.89970000 52.97760000 -492.85910000
v 1103.11500000 54.34000000 -492.29690000
v 1103.00780000 55.36610000 -492.57680000
v 1100.66350000 59.98930000 -498.69700000
v 1099.76680000 60.34440000 -501.03770000
v 1103.03320000 39.72790000 -492.51040000
v 1096.68490000 70.06870000 -509.08370000
v 1097.36130000 67.71430000 -507.31790000
v 1098.28330000 67.45020000 -504.91090000
v 1098.52220000 66.69630000 -504.28730000
v 1141.48540000 32.25340000 -497.72130000
v 1141.48540000 -0.69340000 -497.72130000
v 1141.13990000 34.21570000 -496.94830000
v 1141.48180000 33.44840000 -497.71340000
v 1138.53780000 41.50990000 -491.12510000
v 1138.53970000 40.67840000 -491.12920000
v 1141.05540000 42.53270000 -496.75920000
v 1141.29740000 47.17870000 -497.30070000
v 1141.29530000 43.18780000 -497.29600000
v 1138.86610000 52.97760000 -491.85960000
v 1141.08200000 48.30550000 -496.81860000
v 1138.62050000 54.34010000 -491.30990000
v 1141.41650000 59.98930000 -497.56730000
v 1138.74260000 55.36570000 -491.58320000
v 1142.43910000 60.34440000 -499.85590000
v 1138.71360000 39.72820000 -491.51860000
v 1145.95410000 70.06870000 -507.72230000
v 1145.18270000 67.71430000 -505.99580000
v 1144.13110000 67.45020000 -503.64250000
v 1143.85880000 66.69630000 -503.03290000
v 1168.46070000 -0.69340000 -470.69100000
v 1168.46070000 32.25340000 -470.69100000
v 1168.45280000 33.44840000 -470.68740000
v 1167.68700000 34.21570000 -470.34710000
v 1161.86250000 40.67840000 -467.75880000
v 1161.85850000 41.50990000 -467.75700000
v 1167.49690000 42.53260000 -470.26270000
v 1168.03500000 43.18780000 -470.50180000
v 1168.03970000 47.17870000 -470.50380000
v 1167.55690000 48.30580000 -470.28920000
v 1162.59380000 52.97760000 -468.08370000
v 1162.04360000 54.34000000 -467.83920000
v 1162.31750000 55.36610000 -467.96090000
v 1168.30660000 59.98930000 -470.62240000
v 1170.59720000 60.34440000 -471.64040000
v 1162.25260000 39.72790000 -467.93210000
v 1178.47070000 70.06870000 -475.13930000
v 1180.19870000 74.42500000 -475.90730000
v 1181.52050000 74.42500000 -474.58190000
v 1174.38730000 67.45020000 -473.32470000
v 1176.74280000 67.71430000 -474.37150000
v 1173.77710000 66.69630000 -473.05350000
v 1146.72560000 74.42500000 -509.44870000
v 1143.38090000 74.42500000 -387.19810000
v 1057.86900000 74.42500000 -425.33770000
v 1057.86900000 74.42500000 -425.33770000
v 1181.52040000 74.42500000 -472.71000000
v 1181.52040000 74.42500000 -472.71000000
v 1096.00850000 74.42500000 -510.84950000
v 1099.12870000 62.23120000 -395.37990000
v 1097.43530000 62.23120000 -395.39170000
v 1141.87720000 62.23120000 -395.36370000
v 1140.25310000 62.23120000 -395.36380000
v 1096.23120000 62.23120000 -396.58250000
v 1067.18140000 62.23120000 -425.69150000
v 1066.03450000 62.23120000 -426.84130000
v 1066.06260000 62.23120000 -471.28330000
v 1067.25330000 62.23120000 -472.48740000
v 1096.36230000 62.23120000 -501.53710000
v 1097.51220000 62.23120000 -502.68400000
v 1066.05080000 62.23120000 -469.59000000
v 1066.03470000 62.23120000 -428.46550000
v 1066.03470000 62.23120000 -428.46550000
v 1173.32680000 62.23120000 -426.76440000
v 1172.13610000 62.23120000 -425.56040000
v 1143.02710000 62.23120000 -396.51060000
v 1173.33860000 62.23120000 -428.45780000
v 1173.35490000 62.23120000 -471.20630000
v 1173.35470000 62.23120000 -469.58220000
v 1173.35470000 62.23120000 -469.58220000
v 1140.26090000 62.23120000 -502.66780000
v 1141.95410000 62.23120000 -502.65590000
v 1099.13640000 62.23120000 -502.68380000
v 1143.15820000 62.23120000 -501.46510000
v 1172.20800000 62.23120000 -472.35620000
v 1094.44170000 117.64590000 469.63750000
v 1092.36880000 117.64590000 469.62540000
v 1093.19530000 117.44850000 467.76110000
v 1093.19530000 117.44850000 467.76110000
v 1094.22130000 117.44850000 467.75900000
v 1094.22130000 117.44850000 467.75900000
v 1094.43580000 118.29980000 469.65260000
v 1092.36240000 118.29980000 469.64060000
v 1094.45150000 120.65790000 469.61160000
v 1092.37950000 120.65790000 469.59950000
v 1145.27970000 117.44850000 467.77900000
v 1145.27970000 117.44850000 467.77900000
v 1144.93050000 117.64590000 469.65720000
v 1144.93640000 118.29980000 469.67240000
v 1144.92050000 120.65790000 469.63130000
v 1146.18050000 117.44850000 467.79220000
v 1146.18050000 117.44850000 467.79220000
v 1146.92520000 117.64590000 469.65740000
v 1146.93140000 118.29980000 469.67260000
v 1146.91440000 120.65790000 469.63150000
v 1090.89650000 117.64590000 468.16610000
v 1092.56150000 117.44850000 467.07140000
v 1092.56150000 117.44850000 467.07140000
v 1090.88990000 118.29980000 468.18100000
v 1090.90780000 120.65790000 468.14080000
v 1056.44370000 117.44850000 430.98190000
v 1056.44370000 117.44850000 430.98190000
v 1055.23190000 117.64590000 432.42880000
v 1055.21700000 118.29980000 432.43540000
v 1055.71660000 117.44850000 430.26030000
v 1055.71660000 117.44850000 430.26030000
v 1053.82340000 117.64590000 431.01640000
v 1053.80810000 118.29980000 431.02270000
v 1053.84920000 120.65790000 431.00580000
v 1055.25720000 120.65790000 432.41750000
v 1055.73830000 117.44850000 377.24160000
v 1055.73830000 117.44850000 377.24160000
v 1053.85530000 117.64590000 376.46010000
v 1055.31460000 117.64590000 374.98780000
v 1056.44670000 117.44850000 376.56270000
v 1056.44670000 117.44850000 376.56270000
v 1053.84020000 118.29980000 376.45380000
v 1055.29980000 118.29980000 374.98120000
v 1053.88120000 120.65790000 376.47080000
v 1055.34000000 120.65790000 374.99910000
v 1092.53610000 117.44850000 340.44490000
v 1092.53610000 117.44850000 340.44490000
v 1091.05200000 117.64590000 339.32320000
v 1091.04540000 118.29980000 339.30830000
v 1092.46420000 117.64590000 337.91460000
v 1093.20890000 117.44850000 339.77980000
v 1093.20890000 117.44850000 339.77980000
v 1092.45800000 118.29980000 337.89940000
v 1091.06320000 120.65790000 339.34850000
v 1092.47500000 120.65790000 337.94050000
v 1053.84330000 117.64590000 378.53300000
v 1055.75900000 117.44850000 378.22260000
v 1055.75900000 117.44850000 378.22260000
v 1053.82810000 118.29980000 378.52710000
v 1053.86910000 120.65790000 378.54290000
v 1055.70730000 117.44850000 429.29410000
v 1055.70730000 117.44850000 429.29410000
v 1055.70730000 117.44850000 429.29410000
v 1053.82340000 117.64590000 430.04540000
v 1053.80820000 118.29980000 430.05150000
v 1053.84940000 120.65790000 429.01190000
v 1183.65110000 117.44850000 430.33040000
v 1183.65110000 117.44850000 430.33040000
v 1185.53410000 117.64590000 431.11190000
v 1184.07480000 117.64590000 432.58420000
v 1182.94270000 117.44850000 431.00940000
v 1182.94270000 117.44850000 431.00940000
v 1185.54930000 118.29980000 431.11830000
v 1184.08970000 118.29980000 432.59080000
v 1185.50820000 120.65790000 431.10120000
v 1184.04960000 120.65790000 432.57290000
v 1146.85330000 117.44850000 467.12720000
v 1146.85330000 117.44850000 467.12720000
v 1148.33750000 117.64590000 468.24880000
v 1148.34410000 118.29980000 468.26370000
v 1148.32620000 120.65790000 468.22350000
v 1185.54610000 117.64590000 429.03910000
v 1183.63040000 117.44850000 429.34950000
v 1183.63040000 117.44850000 429.34950000
v 1185.56140000 118.29980000 429.04490000
v 1185.52030000 120.65790000 429.02910000
v 1183.65040000 117.44850000 378.29120000
v 1183.65040000 117.44850000 378.29120000
v 1183.65040000 117.44850000 378.29120000
v 1185.56590000 117.64590000 378.55020000
v 1185.58120000 118.29980000 378.54440000
v 1183.67300000 117.44850000 377.31180000
v 1183.67300000 117.44850000 377.31180000
v 1185.56600000 117.64590000 376.55560000
v 1185.58130000 118.29980000 376.54930000
v 1185.54030000 120.65790000 376.56630000
v 1185.54000000 120.65790000 378.56020000
v 1144.94780000 117.64590000 337.93460000
v 1147.02060000 117.64590000 337.94670000
v 1146.19410000 117.44850000 339.81090000
v 1146.19410000 117.44850000 339.81090000
v 1145.16810000 117.44850000 339.81300000
v 1145.16810000 117.44850000 339.81300000
v 1144.95360000 118.29980000 337.91940000
v 1147.02700000 118.29980000 337.93150000
v 1144.93790000 120.65790000 337.96040000
v 1147.00990000 120.65790000 337.97250000
v 1094.10970000 117.44850000 339.79310000
v 1094.10970000 117.44850000 339.79310000
v 1094.45900000 117.64590000 337.91480000
v 1094.45310000 118.29980000 337.89960000
v 1094.46890000 120.65790000 337.94070000
v 1148.49290000 117.64590000 339.40590000
v 1146.82790000 117.44850000 340.50060000
v 1146.82790000 117.44850000 340.50060000
v 1148.49950000 118.29980000 339.39110000
v 1148.48160000 120.65790000 339.43120000
v 1182.94570000 117.44850000 376.59010000
v 1182.94570000 117.44850000 376.59010000
v 1184.15760000 117.64590000 375.14320000
v 1184.17250000 118.29980000 375.13670000
v 1184.13220000 120.65790000 375.15450000
v 1091.84800000 121.90630000 476.39270000
v 1089.56520000 121.90630000 476.38050000
v 1092.08920000 127.48520000 475.76460000
v 1093.39050000 128.37040000 472.37510000
v 1091.23250000 128.37040000 472.36300000
v 1089.82580000 127.48520000 475.75240000
v 1095.94490000 131.83580000 465.72220000
v 1099.71580000 133.01680000 455.90050000
v 1098.07010000 133.01680000 455.88870000
v 1093.99380000 131.83580000 465.71020000
v 1100.25290000 133.01680000 454.50160000
v 1098.65060000 133.01680000 454.48990000
v 1093.59900000 128.51450000 471.83210000
v 1094.18440000 130.19730000 470.30730000
v 1092.09080000 130.19730000 470.29520000
v 1091.45800000 128.51450000 471.81990000
v 1091.13900000 125.33700000 478.23930000
v 1088.79880000 125.33700000 478.22700000
v 1088.87590000 124.00540000 478.04130000
v 1091.21030000 124.00540000 478.05360000
v 1147.51880000 121.90630000 476.41460000
v 1143.43030000 131.83580000 465.74080000
v 1139.66710000 133.01680000 455.91610000
v 1139.13110000 133.01680000 454.51690000
v 1148.22630000 125.33700000 478.26160000
v 1147.27820000 127.48520000 475.78620000
v 1149.71850000 121.90630000 476.41470000
v 1148.05730000 128.37040000 472.39590000
v 1145.97950000 128.37040000 472.39570000
v 1149.45890000 127.48520000 475.78640000
v 1141.24480000 133.01680000 455.91630000
v 1145.30620000 131.83580000 465.74090000
v 1140.66630000 133.01680000 454.51700000
v 1147.20210000 130.19730000 470.32740000
v 1145.18710000 130.19730000 470.32730000
v 1145.77140000 128.51450000 471.85250000
v 1147.83260000 128.51450000 471.85270000
v 1150.48220000 125.33700000 478.26180000
v 1150.40530000 124.00540000 478.07600000
v 1148.15530000 124.00540000 478.07590000
v 1087.94460000 121.90630000 474.77260000
v 1089.70020000 128.37040000 470.84350000
v 1088.21900000 127.48520000 474.15830000
v 1096.89950000 133.01680000 454.73160000
v 1092.60750000 131.83580000 464.33700000
v 1097.51090000 133.01680000 453.36360000
v 1090.60380000 130.19730000 468.82120000
v 1089.93750000 128.51450000 470.31240000
v 1087.13760000 125.33700000 476.57850000
v 1087.21880000 124.00540000 476.39690000
v 1048.61940000 121.90630000 435.36730000
v 1068.67860000 133.01680000 426.45310000
v 1059.06450000 131.83580000 430.72560000
v 1070.04790000 133.01680000 425.84460000
v 1049.23430000 127.48520000 435.09410000
v 1046.81190000 125.33700000 436.17060000
v 1047.06600000 121.90630000 433.80980000
v 1052.55210000 128.37040000 433.61970000
v 1051.08480000 128.37040000 432.14850000
v 1047.69430000 127.48520000 433.55010000
v 1067.56450000 133.01680000 425.33610000
v 1057.73970000 131.83580000 429.39740000
v 1068.96370000 133.01680000 424.75760000
v 1053.08360000 128.51450000 433.38340000
v 1054.57630000 130.19730000 432.72020000
v 1053.15330000 130.19730000 431.29340000
v 1051.62810000 128.51450000 431.92400000
v 1045.21890000 125.33700000 434.57340000
v 1045.40470000 124.00540000 434.49660000
v 1046.99370000 124.00540000 436.08980000
v 1047.10020000 121.90630000 373.65640000
v 1048.70810000 121.90630000 372.03580000
v 1051.11780000 128.37040000 375.32390000
v 1052.63720000 128.37040000 373.79150000
v 1049.32240000 127.48520000 372.31030000
v 1047.72840000 127.48520000 373.91710000
v 1067.59200000 133.01680000 382.16130000
v 1068.74910000 133.01680000 380.99080000
v 1059.14370000 131.83580000 376.69880000
v 1057.77050000 131.83580000 378.08510000
v 1068.99080000 133.01680000 382.74190000
v 1070.11720000 133.01680000 381.60210000
v 1053.18550000 130.19730000 376.18210000
v 1054.65950000 130.19730000 374.69510000
v 1053.16830000 128.51450000 374.02880000
v 1051.66080000 128.51450000 375.54930000
v 1046.90220000 125.33700000 371.22890000
v 1045.25380000 125.33700000 372.89010000
v 1045.43950000 124.00540000 372.96710000
v 1047.08390000 124.00540000 371.31000000
v 1088.11340000 121.90630000 332.71070000
v 1097.02760000 133.01680000 352.76990000
v 1092.75510000 131.83580000 343.15570000
v 1097.63610000 133.01680000 354.13920000
v 1088.38660000 127.48520000 333.32560000
v 1087.31020000 125.33700000 330.90320000
v 1089.67090000 121.90630000 331.15730000
v 1089.86110000 128.37040000 336.64340000
v 1091.33220000 128.37040000 335.17610000
v 1089.93070000 127.48520000 331.78560000
v 1098.14470000 133.01680000 351.65570000
v 1094.08330000 131.83580000 341.83110000
v 1098.72310000 133.01680000 353.05510000
v 1090.09730000 128.51450000 337.17500000
v 1090.76060000 130.19730000 338.66750000
v 1092.18730000 130.19730000 337.24460000
v 1091.55680000 128.51450000 335.71940000
v 1088.90730000 125.33700000 329.31020000
v 1088.98410000 124.00540000 329.49600000
v 1087.39090000 124.00540000 331.08490000
v 1047.08800000 121.90630000 375.93930000
v 1047.71610000 127.48520000 376.18050000
v 1051.10560000 128.37040000 377.48190000
v 1057.75850000 131.83580000 380.03620000
v 1067.58020000 133.01680000 383.80720000
v 1068.97900000 133.01680000 384.34420000
v 1051.64870000 128.51450000 377.69040000
v 1053.17350000 130.19730000 378.27580000
v 1045.24150000 125.33700000 375.23030000
v 1045.42710000 124.00540000 375.30160000
v 1047.06620000 121.90630000 431.61020000
v 1057.74000000 131.83580000 427.52160000
v 1067.56460000 133.01680000 423.75840000
v 1068.96390000 133.01680000 423.22240000
v 1045.21910000 125.33700000 432.31770000
v 1047.69460000 127.48520000 431.36950000
v 1051.08500000 128.37040000 430.07070000
v 1053.15340000 130.19730000 429.27840000
v 1051.62820000 128.51450000 429.86270000
v 1045.40490000 124.00540000 432.24650000
v 1192.28920000 121.90630000 433.91560000
v 1190.68140000 121.90630000 435.53620000
v 1188.27170000 128.37040000 432.24820000
v 1186.75220000 128.37040000 433.78050000
v 1190.06700000 127.48520000 435.26170000
v 1191.66110000 127.48520000 433.65490000
v 1171.79750000 133.01680000 425.41070000
v 1170.64040000 133.01680000 426.58120000
v 1180.24570000 131.83580000 430.87320000
v 1181.61890000 131.83580000 429.48700000
v 1170.39860000 133.01680000 424.83010000
v 1169.27230000 133.01680000 425.96990000
v 1186.20390000 130.19730000 431.39000000
v 1184.72990000 130.19730000 432.87690000
v 1186.22110000 128.51450000 433.54320000
v 1187.72860000 128.51450000 432.02280000
v 1192.48720000 125.33700000 436.34310000
v 1194.13570000 125.33700000 434.68190000
v 1193.95000000 124.00540000 434.60490000
v 1192.30570000 124.00540000 436.26200000
v 1151.27600000 121.90630000 474.86140000
v 1142.36180000 133.01680000 454.80220000
v 1146.63430000 131.83580000 464.41630000
v 1141.75330000 133.01680000 453.43290000
v 1151.00280000 127.48520000 474.24650000
v 1152.07930000 125.33700000 476.66890000
v 1149.52840000 128.37040000 470.92860000
v 1149.29210000 128.51450000 470.39710000
v 1148.62890000 130.19730000 468.90450000
v 1151.99850000 124.00540000 476.48710000
v 1192.30140000 121.90630000 431.63270000
v 1191.67330000 127.48520000 431.39150000
v 1188.28380000 128.37040000 430.09020000
v 1181.63090000 131.83580000 427.53580000
v 1171.80920000 133.01680000 423.76490000
v 1170.41040000 133.01680000 423.22780000
v 1187.74080000 128.51450000 429.88170000
v 1186.21610000 130.19730000 429.29620000
v 1194.14790000 125.33700000 432.34170000
v 1193.96230000 124.00540000 432.27040000
v 1192.32320000 121.90630000 375.96190000
v 1181.64950000 131.83580000 380.05040000
v 1171.82480000 133.01680000 383.81370000
v 1170.42550000 133.01680000 384.34970000
v 1194.17030000 125.33700000 375.25440000
v 1191.69490000 127.48520000 376.20260000
v 1192.32340000 121.90630000 373.76220000
v 1188.30460000 128.37040000 375.42350000
v 1188.30440000 128.37040000 377.50130000
v 1191.69510000 127.48520000 374.02190000
v 1171.82500000 133.01680000 382.23600000
v 1181.64970000 131.83580000 378.17460000
v 1170.42570000 133.01680000 382.81440000
v 1186.23610000 130.19730000 376.27860000
v 1186.23600000 130.19730000 378.29360000
v 1187.76120000 128.51450000 377.70940000
v 1187.76140000 128.51450000 375.64810000
v 1194.17050000 125.33700000 372.99860000
v 1193.98470000 124.00540000 373.07540000
v 1193.98460000 124.00540000 375.32550000
v 1147.54140000 121.90630000 331.17930000
v 1149.82430000 121.90630000 331.19150000
v 1147.30030000 127.48520000 331.80740000
v 1145.99890000 128.37040000 335.19690000
v 1148.15690000 128.37040000 335.20900000
v 1149.56360000 127.48520000 331.81970000
v 1143.44460000 131.83580000 341.84990000
v 1139.67360000 133.01680000 351.67150000
v 1141.31950000 133.01680000 351.68330000
v 1145.39580000 131.83580000 341.86190000
v 1139.13650000 133.01680000 353.07040000
v 1140.73890000 133.01680000 353.08220000
v 1145.79040000 128.51450000 335.74000000
v 1145.20500000 130.19730000 337.26470000
v 1147.29870000 130.19730000 337.27690000
v 1147.93150000 128.51450000 335.75210000
v 1148.25040000 125.33700000 329.33280000
v 1150.59070000 125.33700000 329.34510000
v 1150.51350000 124.00540000 329.53080000
v 1148.17910000 124.00540000 329.51840000
v 1091.87060000 121.90630000 331.15750000
v 1095.95910000 131.83580000 341.83120000
v 1099.72240000 133.01680000 351.65590000
v 1100.25830000 133.01680000 353.05510000
v 1091.16310000 125.33700000 329.31040000
v 1092.11130000 127.48520000 331.78580000
v 1093.41000000 128.37040000 335.17630000
v 1094.20230000 130.19730000 337.24480000
v 1093.61800000 128.51450000 335.71950000
v 1091.23430000 124.00540000 329.49620000
v 1151.44490000 121.90630000 332.79940000
v 1149.68920000 128.37040000 336.72850000
v 1151.17040000 127.48520000 333.41370000
v 1142.48990000 133.01680000 352.84040000
v 1146.78200000 131.83580000 343.23500000
v 1141.87850000 133.01680000 354.20840000
v 1148.78560000 130.19730000 338.75090000
v 1149.45190000 128.51450000 337.25960000
v 1152.25180000 125.33700000 330.99350000
v 1152.17070000 124.00540000 331.17510000
v 1190.77000000 121.90630000 372.20470000
v 1170.71090000 133.01680000 381.11890000
v 1180.32500000 131.83580000 376.84640000
v 1169.34160000 133.01680000 381.72740000
v 1190.15520000 127.48520000 372.47790000
v 1192.57750000 125.33700000 371.40140000
v 1186.83730000 128.37040000 373.95240000
v 1186.30580000 128.51450000 374.18860000
v 1184.81320000 130.19730000 374.85190000
v 1192.39590000 124.00540000 371.48220000
v 1070.68840000 96.22200000 424.04460000
v 1120.70470000 96.22200000 402.17360000
v 1070.72450000 96.22200000 383.46150000
v 1098.65060000 131.50660000 454.48990000
v 1098.65060000 131.50660000 454.48990000
v 1100.25290000 131.50660000 454.50160000
v 1100.25290000 131.50660000 454.50160000
v 1139.13110000 131.50660000 454.51690000
v 1139.13110000 131.50660000 454.51690000
v 1140.66630000 131.50660000 454.51700000
v 1140.66630000 131.50660000 454.51700000
v 1141.75330000 131.50660000 453.43290000
v 1141.75330000 131.50660000 453.43290000
v 1169.27230000 131.50660000 425.96990000
v 1169.27230000 131.50660000 425.96990000
v 1170.39860000 131.50660000 424.83010000
v 1170.39860000 131.50660000 424.83010000
v 1170.41040000 131.50660000 423.22780000
v 1170.41040000 131.50660000 423.22780000
v 1170.42550000 131.50660000 384.34970000
v 1170.42550000 131.50660000 384.34970000
v 1170.42550000 131.50660000 384.34970000
v 1170.42570000 131.50660000 382.81440000
v 1170.42570000 131.50660000 382.81440000
v 1169.34160000 131.50660000 381.72740000
v 1169.34160000 131.50660000 381.72740000
v 1141.87850000 131.50660000 354.20840000
v 1141.87850000 131.50660000 354.20840000
v 1140.73890000 131.50660000 353.08220000
v 1140.73890000 131.50660000 353.08220000
v 1139.13650000 131.50660000 353.07040000
v 1139.13650000 131.50660000 353.07040000
v 1100.25830000 131.50660000 353.05510000
v 1100.25830000 131.50660000 353.05510000
v 1098.72310000 131.50660000 353.05510000
v 1098.72310000 131.50660000 353.05510000
v 1097.63610000 131.50660000 354.13920000
v 1097.63610000 131.50660000 354.13920000
v 1070.11720000 131.50660000 381.60210000
v 1070.11720000 131.50660000 381.60210000
v 1068.99080000 131.50660000 382.74190000
v 1068.99080000 131.50660000 382.74190000
v 1068.97900000 131.50660000 384.34420000
v 1068.97900000 131.50660000 384.34420000
v 1068.96390000 131.50660000 423.22240000
v 1068.96390000 131.50660000 423.22240000
v 1068.96390000 131.50660000 423.22240000
v 1068.96370000 131.50660000 424.75760000
v 1068.96370000 131.50660000 424.75760000
v 1070.04790000 131.50660000 425.84460000
v 1070.04790000 131.50660000 425.84460000
v 1097.51090000 131.50660000 453.36360000
v 1097.51090000 131.50660000 453.36360000
v 1098.65060000 96.86930000 454.48990000
v 1098.65060000 96.86930000 454.48990000
v 1100.25290000 96.86930000 454.50160000
v 1100.25290000 96.86930000 454.50160000
v 1139.13110000 96.86930000 454.51690000
v 1139.13110000 96.86930000 454.51690000
v 1140.66630000 96.86930000 454.51700000
v 1140.66630000 96.86930000 454.51700000
v 1141.75330000 96.86930000 453.43290000
v 1141.75330000 96.86930000 453.43290000
v 1169.27230000 96.86930000 425.96990000
v 1169.27230000 96.86930000 425.96990000
v 1170.39860000 96.86930000 424.83010000
v 1170.39860000 96.86930000 424.83010000
v 1170.41040000 96.86930000 423.22780000
v 1170.41040000 96.86930000 423.22780000
v 1170.42550000 96.86930000 384.34970000
v 1170.42550000 96.86930000 384.34970000
v 1170.42550000 96.86930000 384.34970000
v 1170.42570000 96.86930000 382.81450000
v 1170.42570000 96.86930000 382.81450000
v 1169.34160000 96.86930000 381.72740000
v 1169.34160000 96.86930000 381.72740000
v 1141.87850000 96.86930000 354.20850000
v 1141.87850000 96.86930000 354.20850000
v 1140.73890000 96.86930000 353.08220000
v 1140.73890000 96.86930000 353.08220000
v 1139.13650000 96.86930000 353.07040000
v 1139.13650000 96.86930000 353.07040000
v 1100.25840000 96.86930000 353.05520000
v 1100.25840000 96.86930000 353.05520000
v 1098.72310000 96.86930000 353.05510000
v 1098.72310000 96.86930000 353.05510000
v 1097.63610000 96.86930000 354.13920000
v 1097.63610000 96.86930000 354.13920000
v 1070.11720000 96.86930000 381.60210000
v 1070.11720000 96.86930000 381.60210000
v 1068.99080000 96.86930000 382.74190000
v 1068.99080000 96.86930000 382.74190000
v 1068.97910000 96.86930000 384.34420000
v 1068.97910000 96.86930000 384.34420000
v 1068.96390000 96.86930000 423.22240000
v 1068.96390000 96.86930000 423.22240000
v 1068.96390000 96.86930000 423.22240000
v 1068.96370000 96.86930000 424.75760000
v 1068.96370000 96.86930000 424.75760000
v 1070.04790000 96.86930000 425.84460000
v 1070.04790000 96.86930000 425.84460000
v 1097.51090000 96.86930000 453.36360000
v 1097.51090000 96.86930000 453.36360000
v 1098.65060000 96.22200000 454.48990000
v 1100.25290000 96.22200000 454.50160000
v 1139.13110000 96.22200000 454.51690000
v 1140.66630000 96.22200000 454.51700000
v 1141.75330000 96.22200000 453.43290000
v 1169.27230000 96.22200000 425.96990000
v 1170.39860000 96.22200000 424.83010000
v 1170.41040000 96.22200000 423.22780000
v 1170.42550000 96.22200000 384.34970000
v 1170.42570000 96.22200000 382.84480000
v 1169.34160000 96.22200000 381.72740000
v 1141.87850000 96.22200000 354.20850000
v 1140.65630000 96.22200000 353.08150000
v 1139.13650000 96.22200000 353.07040000
v 1100.25840000 96.22200000 353.05520000
v 1098.72310000 96.22200000 353.05510000
v 1097.63610000 96.22200000 354.13920000
v 1070.11720000 96.22200000 381.60210000
v 1068.99080000 96.22200000 382.74190000
v 1068.97910000 96.22200000 384.34420000
v 1068.96390000 96.22200000 423.22240000
v 1068.96370000 96.22200000 424.75760000
v 1070.04790000 96.22200000 425.84460000
v 1097.51090000 96.22200000 453.36360000
v 1139.95340000 96.22200000 452.79240000
v 1168.66490000 96.22200000 424.11060000
v 1168.70100000 96.22200000 383.52740000
v 1140.00810000 96.22200000 354.82190000
v 1099.43600000 96.22200000 354.77970000
v 1099.37010000 96.22200000 452.75620000
v 1147.28340000 75.38120000 472.80630000
v 1149.06990000 78.44220000 477.28840000
v 1090.42360000 78.44220000 477.26540000
v 1092.21360000 75.38120000 472.78470000
v 1090.55680000 80.20600000 476.93230000
v 1148.93700000 80.20630000 476.95480000
v 1148.32600000 81.86510000 475.42210000
v 1091.16940000 81.86640000 475.39860000
v 1094.22140000 88.45950000 467.75890000
v 1145.27950000 88.45950000 467.77890000
v 1149.07210000 79.33140000 477.29400000
v 1090.42140000 79.33140000 477.27100000
v 1145.83730000 85.54850000 469.17800000
v 1093.66260000 85.54850000 469.15760000
v 1092.41830000 84.12880000 472.27220000
v 1147.07800000 84.13010000 472.29090000
v 1095.09740000 74.42500000 465.56610000
v 1144.40540000 74.42500000 465.58540000
v 1145.83540000 88.38660000 469.17330000
v 1093.66460000 88.38660000 469.15280000
v 1145.29280000 74.42500000 465.58550000
v 1148.28390000 75.38120000 472.80640000
v 1150.14040000 78.44220000 477.28850000
v 1149.36740000 81.86520000 475.42220000
v 1150.00220000 80.20630000 476.95490000
v 1146.78100000 85.54850000 469.17810000
v 1146.77910000 88.38660000 469.17330000
v 1150.14270000 79.33140000 477.29410000
v 1146.20140000 88.45950000 467.77890000
v 1148.07040000 84.13010000 472.29100000
v 1094.16190000 74.42500000 465.55530000
v 1091.17180000 75.38120000 472.77390000
v 1089.31580000 78.44220000 477.25460000
v 1090.08960000 81.86780000 475.38650000
v 1089.45370000 80.20570000 476.92170000
v 1092.67610000 88.38660000 469.14210000
v 1092.67420000 85.54850000 469.14690000
v 1089.31350000 79.33140000 477.26020000
v 1093.25350000 88.45950000 467.74810000
v 1091.38280000 84.12740000 472.26450000
v 1088.52480000 78.44220000 476.47890000
v 1047.03930000 78.44220000 435.02590000
v 1051.47190000 75.38120000 433.11980000
v 1090.42740000 75.38120000 472.04490000
v 1048.88720000 81.86760000 434.23130000
v 1047.36870000 80.20570000 434.88430000
v 1088.66630000 80.20600000 476.14920000
v 1089.31750000 81.86640000 474.63150000
v 1056.44380000 88.45950000 430.98190000
v 1092.56150000 88.45950000 467.07130000
v 1088.52250000 79.33140000 476.48440000
v 1047.03380000 79.33140000 435.02830000
v 1090.64500000 84.12880000 471.53770000
v 1091.96750000 85.54850000 468.45550000
v 1055.06010000 85.54850000 431.57690000
v 1051.97630000 84.12760000 432.90300000
v 1058.61300000 74.42500000 430.04900000
v 1093.49270000 74.42500000 464.90140000
v 1055.06480000 88.38660000 431.57490000
v 1091.96960000 88.38660000 468.45080000
v 1050.73180000 75.38120000 432.35140000
v 1057.95070000 74.42500000 429.36130000
v 1046.25100000 78.44220000 434.20740000
v 1048.12130000 81.87000000 433.43270000
v 1046.58340000 80.20510000 434.06970000
v 1054.36380000 88.38660000 430.84700000
v 1054.35900000 85.54850000 430.84890000
v 1046.24550000 79.33140000 434.20970000
v 1055.75780000 88.45950000 430.26960000
v 1051.23620000 84.12510000 432.14250000
v 1047.03910000 78.44220000 372.52600000
v 1088.49210000 78.44220000 331.04050000
v 1090.39820000 75.38120000 335.47310000
v 1051.47310000 75.38120000 374.42860000
v 1089.28580000 81.86510000 332.88620000
v 1088.63390000 80.20630000 331.37050000
v 1047.36890000 80.20600000 372.66750000
v 1048.88650000 81.86640000 373.31870000
v 1092.53610000 88.45950000 340.44500000
v 1056.44680000 88.45950000 376.56270000
v 1047.03360000 79.33140000 372.52370000
v 1088.48970000 79.33140000 331.03500000
v 1051.98030000 84.12880000 374.64620000
v 1055.06250000 85.54850000 375.96880000
v 1091.94120000 85.54850000 339.06120000
v 1090.61730000 84.13010000 335.98280000
v 1093.46900000 74.42500000 342.61420000
v 1058.61670000 74.42500000 377.49390000
v 1091.94310000 88.38660000 339.06600000
v 1055.06730000 88.38660000 375.97080000
v 1094.09660000 74.42500000 341.98660000
v 1091.10550000 75.38120000 334.76570000
v 1089.24900000 78.44220000 330.28350000
v 1090.02200000 81.86520000 332.14980000
v 1089.38720000 80.20630000 330.61710000
v 1092.61040000 88.38660000 338.39870000
v 1092.60840000 85.54850000 338.39390000
v 1089.24670000 79.33140000 330.27800000
v 1093.18800000 88.45950000 339.79310000
v 1091.31900000 84.13010000 335.28100000
v 1057.96260000 74.42500000 378.16300000
v 1050.74410000 75.38120000 375.17300000
v 1046.26340000 78.44220000 373.31700000
v 1046.59630000 80.20570000 373.45490000
v 1048.13160000 81.86780000 374.09080000
v 1054.37120000 85.54850000 376.67540000
v 1054.37600000 88.38660000 376.67730000
v 1046.25790000 79.33140000 373.31470000
v 1055.76990000 88.45950000 377.25470000
v 1051.25350000 84.12740000 375.38400000
v 1050.71180000 75.38120000 431.28470000
v 1050.71180000 75.38120000 431.28470000
v 1046.22960000 78.44220000 433.07120000
v 1046.22960000 78.44220000 433.07120000
v 1046.25260000 78.44220000 374.42480000
v 1050.73330000 75.38120000 376.21480000
v 1046.58580000 80.20600000 374.55800000
v 1046.56260000 80.20570000 432.93840000
v 1046.56260000 80.20570000 432.93840000
v 1048.09810000 81.86760000 432.32640000
v 1048.09810000 81.86760000 432.32640000
v 1048.11940000 81.86640000 375.17060000
v 1055.75920000 88.45950000 378.22260000
v 1055.73930000 88.45950000 429.28080000
v 1055.73930000 88.45950000 429.28080000
v 1046.22410000 79.33140000 433.07340000
v 1046.22410000 79.33140000 433.07340000
v 1046.24710000 79.33140000 374.42260000
v 1054.34000000 85.54850000 429.83850000
v 1054.34000000 85.54850000 429.83850000
v 1054.36050000 85.54850000 377.66380000
v 1051.24580000 84.12880000 376.41960000
v 1051.22170000 84.12760000 431.08140000
v 1051.22170000 84.12760000 431.08140000
v 1057.95190000 74.42500000 379.09860000
v 1057.93260000 74.42500000 428.40660000
v 1057.93260000 74.42500000 428.40660000
v 1054.34480000 88.38660000 429.83660000
v 1054.34480000 88.38660000 429.83660000
v 1054.36520000 88.38660000 377.66570000
v 1192.35030000 78.44220000 435.04600000
v 1150.89730000 78.44220000 476.53150000
v 1148.99120000 75.38120000 472.09890000
v 1187.91630000 75.38120000 433.14340000
v 1150.10360000 81.86510000 474.68590000
v 1150.75550000 80.20630000 476.20160000
v 1192.02050000 80.20600000 434.90450000
v 1190.50290000 81.86640000 434.25330000
v 1146.85330000 88.45950000 467.12700000
v 1182.94260000 88.45950000 431.00930000
v 1192.35580000 79.33140000 435.04840000
v 1150.89970000 79.33140000 476.53700000
v 1187.40910000 84.12880000 432.92580000
v 1184.32690000 85.54850000 431.60330000
v 1147.44820000 85.54850000 468.51080000
v 1148.77210000 84.13010000 471.58920000
v 1145.92040000 74.42500000 464.95780000
v 1180.77270000 74.42500000 430.07820000
v 1147.44620000 88.38660000 468.50600000
v 1184.32210000 88.38660000 431.60120000
v 1181.42680000 74.42500000 429.40900000
v 1188.64530000 75.38120000 432.39900000
v 1193.12600000 78.44220000 434.25500000
v 1192.79310000 80.20570000 434.11710000
v 1191.25780000 81.86780000 433.48120000
v 1185.01820000 85.54850000 430.89670000
v 1185.01340000 88.38660000 430.89470000
v 1193.13160000 79.33140000 434.25730000
v 1183.61950000 88.45950000 430.31730000
v 1188.13590000 84.12740000 432.18800000
v 1188.67760000 75.38120000 376.28740000
v 1188.67760000 75.38120000 376.28740000
v 1193.15980000 78.44220000 374.50090000
v 1193.15980000 78.44220000 374.50090000
v 1193.13680000 78.44220000 433.14720000
v 1188.65610000 75.38120000 431.35720000
v 1192.80360000 80.20600000 433.01410000
v 1192.82680000 80.20570000 374.63360000
v 1192.82680000 80.20570000 374.63360000
v 1191.29130000 81.86760000 375.24560000
v 1191.29130000 81.86760000 375.24560000
v 1191.27000000 81.86640000 432.40140000
v 1183.63020000 88.45950000 429.34940000
v 1183.65030000 88.45950000 378.29120000
v 1183.65030000 88.45950000 378.29120000
v 1193.16540000 79.33140000 374.49870000
v 1193.16540000 79.33140000 374.49870000
v 1193.14230000 79.33140000 433.14940000
v 1185.04940000 85.54850000 377.73350000
v 1185.04940000 85.54850000 377.73350000
v 1185.02890000 85.54850000 429.90820000
v 1188.14360000 84.12880000 431.15250000
v 1188.16770000 84.12760000 376.49060000
v 1188.16770000 84.12760000 376.49060000
v 1181.43750000 74.42500000 428.47340000
v 1181.45680000 74.42500000 379.16550000
v 1181.45680000 74.42500000 379.16550000
v 1185.04470000 88.38660000 377.73540000
v 1185.04470000 88.38660000 377.73540000
v 1185.02420000 88.38660000 429.90630000
v 1181.43870000 74.42500000 378.21080000
v 1188.65760000 75.38120000 375.22070000
v 1193.13840000 78.44220000 373.36470000
v 1191.26810000 81.87000000 374.13930000
v 1192.80600000 80.20510000 373.50230000
v 1185.03040000 85.54850000 376.72310000
v 1185.02560000 88.38660000 376.72510000
v 1193.14400000 79.33140000 373.36230000
v 1183.63160000 88.45950000 377.30250000
v 1188.15330000 84.12510000 375.42960000
v 1092.10600000 75.38120000 334.76570000
v 1090.31950000 78.44220000 330.28360000
v 1148.96580000 78.44220000 330.30660000
v 1147.17580000 75.38120000 334.78730000
v 1148.83260000 80.20600000 330.63980000
v 1090.45240000 80.20630000 330.61720000
v 1091.06340000 81.86510000 332.14990000
v 1148.22000000 81.86640000 332.17340000
v 1145.16800000 88.45950000 339.81310000
v 1094.10990000 88.45950000 339.79320000
v 1090.31730000 79.33140000 330.27800000
v 1148.96800000 79.33140000 330.30100000
v 1093.55210000 85.54850000 338.39400000
v 1145.72680000 85.54850000 338.41440000
v 1146.97110000 84.12880000 335.29980000
v 1092.31140000 84.13010000 335.28120000
v 1144.29200000 74.42500000 342.00600000
v 1094.98410000 74.42500000 341.98660000
v 1093.55410000 88.38660000 338.39870000
v 1145.72490000 88.38660000 338.41920000
v 1145.22770000 74.42500000 342.01670000
v 1148.21770000 75.38120000 334.79810000
v 1150.07360000 78.44220000 330.31740000
v 1149.29980000 81.86780000 332.18550000
v 1149.93570000 80.20570000 330.65040000
v 1146.71330000 88.38660000 338.43000000
v 1146.71520000 85.54850000 338.42520000
v 1150.07590000 79.33140000 330.31190000
v 1146.13590000 88.45950000 339.82390000
v 1148.00660000 84.12740000 335.30750000
v 1150.86460000 78.44220000 331.09310000
v 1192.35010000 78.44220000 372.54610000
v 1187.91750000 75.38120000 374.45220000
v 1148.96200000 75.38120000 335.52720000
v 1190.50220000 81.86760000 373.34070000
v 1192.02080000 80.20570000 372.68770000
v 1150.72310000 80.20600000 331.42290000
v 1150.07190000 81.86640000 332.94050000
v 1182.94560000 88.45950000 376.59020000
v 1146.82790000 88.45950000 340.50070000
v 1150.86690000 79.33140000 331.08760000
v 1192.35560000 79.33140000 372.54370000
v 1148.74440000 84.12880000 336.03430000
v 1147.42190000 85.54850000 339.11650000
v 1184.32930000 85.54850000 375.99510000
v 1187.41320000 84.12760000 374.66910000
v 1180.77640000 74.42500000 377.52300000
v 1145.89670000 74.42500000 342.67070000
v 1184.32460000 88.38660000 375.99720000
v 1147.41980000 88.38660000 339.12130000
v 1100.59840000 32.25340000 453.60170000
v 1099.02420000 32.25340000 453.59000000
v 1099.02420000 -0.69340000 453.59000000
v 1100.59840000 -0.69340000 453.60170000
v 1100.60160000 33.44840000 453.59370000
v 1100.90190000 34.21570000 452.81130000
v 1099.35220000 34.21570000 452.79960000
v 1099.02750000 33.44840000 453.58190000
v 1103.18800000 41.50990000 446.85700000
v 1101.82340000 41.50990000 446.84540000
v 1101.82170000 40.67840000 446.84950000
v 1103.18640000 40.67840000 446.86110000
v 1100.97620000 42.53270000 452.61790000
v 1099.43210000 42.53290000 452.60700000
v 1100.76350000 47.17870000 453.17170000
v 1099.20260000 47.17870000 453.15990000
v 1099.20460000 43.18780000 453.15510000
v 1100.76540000 43.18780000 453.16690000
v 1100.95280000 48.30550000 452.67880000
v 1102.89970000 52.97760000 447.60810000
v 1101.51160000 52.97760000 447.59650000
v 1099.40700000 48.30510000 452.66740000
v 1103.11550000 54.34010000 447.04610000
v 1101.74490000 54.34030000 447.03440000
v 1101.62930000 55.36530000 447.31320000
v 1103.00820000 55.36570000 447.32540000
v 1100.65890000 59.98930000 453.44430000
v 1099.08950000 59.98930000 453.43260000
v 1099.76040000 60.34440000 455.78440000
v 1098.11830000 60.34440000 455.77260000
v 1103.03360000 39.72820000 447.25930000
v 1101.65650000 39.72850000 447.24730000
v 1094.77990000 70.06870000 463.81590000
v 1096.67220000 70.06870000 463.82790000
v 1095.99440000 74.42500000 465.59320000
v 1094.04720000 74.42500000 465.58110000
v 1096.51120000 67.45020000 459.64440000
v 1098.27380000 67.45020000 459.65630000
v 1097.35000000 67.71430000 462.06260000
v 1095.51260000 67.71430000 462.05070000
v 1096.77000000 66.69630000 459.02110000
v 1098.51320000 66.69630000 459.03290000
v 1138.78630000 -0.69340000 453.61670000
v 1138.78630000 32.25340000 453.61660000
v 1138.78320000 33.44840000 453.60860000
v 1138.48340000 34.21570000 452.82600000
v 1136.20350000 40.67840000 446.87410000
v 1136.20200000 41.50990000 446.86990000
v 1138.40910000 42.53260000 452.63180000
v 1138.61960000 43.18780000 453.18170000
v 1138.62150000 47.17870000 453.18650000
v 1138.43250000 48.30580000 452.69310000
v 1136.48970000 52.97760000 447.62120000
v 1136.27440000 54.34000000 447.05910000
v 1136.38160000 55.36610000 447.33900000
v 1138.72600000 59.98930000 453.45920000
v 1139.62260000 60.34440000 455.80000000
v 1140.29420000 -0.69340000 453.61680000
v 1140.29420000 32.25340000 453.61680000
v 1139.96730000 34.21570000 452.82620000
v 1140.29080000 33.44840000 453.60870000
v 1137.50680000 40.67840000 446.87410000
v 1137.50510000 41.50990000 446.87000000
v 1139.88710000 42.53260000 452.63200000
v 1140.11440000 43.18780000 453.18180000
v 1140.11630000 47.17870000 453.18660000
v 1137.81570000 52.97760000 447.62130000
v 1139.91240000 48.30580000 452.69320000
v 1137.58340000 54.34000000 447.05920000
v 1137.69900000 55.36610000 447.33910000
v 1140.22910000 59.98930000 453.45940000
v 1141.19680000 60.34440000 455.80010000
v 1137.67160000 39.72790000 447.27270000
v 1136.35620000 39.72790000 447.27260000
v 1142.70450000 70.06870000 463.84590000
v 1142.02810000 67.71430000 462.08010000
v 1143.79280000 67.71430000 462.08030000
v 1144.52280000 70.06870000 463.84610000
v 1142.79790000 67.45020000 459.67320000
v 1141.10610000 67.45020000 459.67310000
v 1142.54000000 66.69630000 459.04960000
v 1140.86730000 66.69630000 459.04950000
v 1097.90420000 32.25340000 452.48350000
v 1097.90420000 -0.69340000 452.48350000
v 1098.24950000 34.21570000 451.71050000
v 1097.90770000 33.44840000 452.47560000
v 1100.85160000 41.50990000 445.88730000
v 1100.84970000 40.67840000 445.89130000
v 1098.33410000 42.53270000 451.52130000
v 1098.09200000 47.17870000 452.06290000
v 1098.09420000 43.18780000 452.05820000
v 1100.52330000 52.97760000 446.62180000
v 1098.30750000 48.30550000 451.58080000
v 1100.76890000 54.34010000 446.07220000
v 1097.97290000 59.98930000 452.32950000
v 1100.64690000 55.36570000 446.34540000
v 1096.95030000 60.34440000 454.61810000
v 1100.67580000 39.72820000 446.28070000
v 1093.43530000 70.06870000 462.48450000
v 1094.20680000 67.71430000 460.75810000
v 1095.25830000 67.45020000 458.40470000
v 1095.53080000 66.69630000 457.79510000
v 1070.92870000 -0.69340000 425.45310000
v 1070.92880000 32.25340000 425.45310000
v 1070.93660000 33.44840000 425.44960000
v 1071.70240000 34.21570000 425.10930000
v 1077.52700000 40.67840000 422.52090000
v 1077.53100000 41.50990000 422.51910000
v 1071.89250000 42.53260000 425.02480000
v 1071.35450000 43.18780000 425.26390000
v 1071.34970000 47.17870000 425.26610000
v 1071.83250000 48.30580000 425.05150000
v 1076.79580000 52.97760000 422.84590000
v 1077.34580000 54.34000000 422.60140000
v 1077.07190000 55.36610000 422.72310000
v 1071.08290000 59.98930000 425.38460000
v 1068.79220000 60.34440000 426.40260000
v 1069.86400000 32.25340000 424.38550000
v 1069.86400000 -0.69340000 424.38550000
v 1070.65450000 34.21570000 424.05860000
v 1069.87210000 33.44840000 424.38210000
v 1076.61070000 41.50990000 421.59640000
v 1076.60660000 40.67840000 421.59810000
v 1070.84880000 42.53260000 423.97840000
v 1070.29410000 47.17870000 424.20760000
v 1070.29900000 43.18780000 424.20570000
v 1075.85940000 52.97760000 421.90700000
v 1070.78750000 48.30580000 424.00370000
v 1076.42150000 54.34000000 421.67470000
v 1076.14160000 55.36610000 421.79030000
v 1070.02140000 59.98930000 424.32040000
v 1067.68070000 60.34440000 425.28800000
v 1077.13680000 39.72790000 422.69430000
v 1076.20800000 39.72790000 421.76290000
v 1059.63460000 70.06870000 428.61410000
v 1060.91870000 70.06870000 429.90160000
v 1059.19070000 74.42500000 430.66950000
v 1057.86890000 74.42500000 429.34410000
v 1063.80750000 67.45020000 426.88910000
v 1065.00220000 67.45020000 428.08690000
v 1062.64660000 67.71430000 429.13370000
v 1061.40050000 67.71430000 427.88420000
v 1064.43120000 66.69630000 426.63130000
v 1065.61230000 66.69630000 427.81570000
v 1092.66390000 74.42500000 464.21090000
v 1070.99730000 32.25340000 381.99550000
v 1070.99730000 -0.69340000 381.99550000
v 1069.89070000 -0.69340000 383.11540000
v 1069.89070000 32.25340000 383.11540000
v 1070.68120000 34.21570000 383.44350000
v 1071.77030000 34.21570000 382.34080000
v 1071.00510000 33.44840000 381.99900000
v 1069.89880000 33.44840000 383.11870000
v 1077.59350000 41.50990000 384.94290000
v 1077.58950000 40.67840000 384.94110000
v 1076.63120000 40.67840000 385.91300000
v 1076.63540000 41.50990000 385.91470000
v 1070.87380000 42.53290000 383.52340000
v 1071.95950000 42.53270000 382.42540000
v 1071.41780000 47.17870000 382.18340000
v 1071.42250000 43.18780000 382.18550000
v 1070.32560000 43.18780000 383.29590000
v 1070.32080000 47.17870000 383.29390000
v 1075.88430000 52.97760000 385.60300000
v 1076.85890000 52.97760000 384.61470000
v 1071.89990000 48.30550000 382.39880000
v 1070.81320000 48.30510000 383.49830000
v 1076.44630000 54.34030000 385.83620000
v 1077.40860000 54.34010000 384.86020000
v 1076.16750000 55.36530000 385.72050000
v 1070.04810000 59.98930000 383.18070000
v 1071.15120000 59.98930000 382.06420000
v 1077.13540000 55.36570000 384.73820000
v 1067.70810000 60.34440000 382.20960000
v 1068.86270000 60.34440000 381.04160000
v 1076.23340000 39.72850000 385.74790000
v 1077.20010000 39.72820000 384.76710000
v 1060.99620000 70.06870000 377.52660000
v 1062.72270000 67.71430000 378.29800000
v 1061.43010000 67.71430000 379.60390000
v 1059.66480000 70.06870000 378.87120000
v 1063.83630000 67.45020000 380.60260000
v 1065.07600000 67.45020000 379.34960000
v 1064.45970000 66.69630000 380.86130000
v 1065.68570000 66.69630000 379.62200000
v 1098.02760000 -0.69340000 355.02010000
v 1098.02760000 32.25340000 355.02010000
v 1098.03110000 33.44840000 355.02800000
v 1098.37150000 34.21570000 355.79380000
v 1100.95980000 40.67840000 361.61820000
v 1100.96150000 41.50990000 361.62230000
v 1098.45590000 42.53260000 355.98380000
v 1098.21680000 43.18780000 355.44570000
v 1098.21470000 47.17870000 355.44100000
v 1098.42920000 48.30580000 355.92390000
v 1100.63490000 52.97760000 360.88710000
v 1100.87930000 54.34000000 361.43710000
v 1100.75760000 55.36610000 361.16320000
v 1098.09610000 59.98930000 355.17410000
v 1097.07810000 60.34440000 352.88350000
v 1099.09520000 32.25340000 353.95530000
v 1099.09520000 -0.69340000 353.95530000
v 1099.42210000 34.21570000 354.74590000
v 1099.09860000 33.44840000 353.96330000
v 1101.88430000 41.50990000 360.70200000
v 1101.88260000 40.67840000 360.69790000
v 1099.50230000 42.53260000 354.94010000
v 1099.27310000 47.17870000 354.38540000
v 1099.27510000 43.18780000 354.39030000
v 1101.57370000 52.97760000 359.95070000
v 1099.47710000 48.30580000 354.87880000
v 1101.80620000 54.34000000 360.51280000
v 1101.69040000 55.36610000 360.23290000
v 1099.16040000 59.98930000 354.11270000
v 1098.19270000 60.34440000 351.77190000
v 1100.78650000 39.72790000 361.22820000
v 1101.71780000 39.72790000 360.29930000
v 1094.86660000 70.06870000 343.72600000
v 1093.57920000 70.06870000 345.01000000
v 1092.81130000 74.42500000 343.28200000
v 1094.13660000 74.42500000 341.96020000
v 1096.59170000 67.45020000 347.89880000
v 1095.39380000 67.45020000 349.09340000
v 1094.34700000 67.71430000 346.73800000
v 1095.59660000 67.71430000 345.49180000
v 1096.84940000 66.69630000 348.52240000
v 1095.66500000 66.69630000 349.70370000
v 1059.26990000 74.42500000 376.75520000
v 1069.87900000 32.25340000 384.68980000
v 1069.87900000 -0.69340000 384.68970000
v 1069.88710000 33.44840000 384.69280000
v 1070.66940000 34.21570000 384.99320000
v 1076.62380000 41.50990000 387.27930000
v 1076.61960000 40.67840000 387.27770000
v 1070.86280000 42.53270000 385.06750000
v 1070.30910000 47.17870000 384.85490000
v 1070.31380000 43.18780000 384.85670000
v 1070.80200000 48.30550000 385.04410000
v 1075.87270000 52.97760000 386.99100000
v 1076.43470000 54.34010000 387.20680000
v 1076.15530000 55.36570000 387.09950000
v 1070.03640000 59.98930000 384.75020000
v 1067.69640000 60.34440000 383.85170000
v 1076.22140000 39.72820000 387.12490000
v 1059.65280000 70.06870000 380.76350000
v 1057.88760000 74.42500000 380.08570000
v 1057.89950000 74.42500000 378.13860000
v 1063.82450000 67.45020000 382.36510000
v 1061.41810000 67.71430000 381.44130000
v 1064.44780000 66.69630000 382.60450000
v 1069.86400000 -0.69340000 422.87760000
v 1069.86400000 -0.69340000 422.87760000
v 1069.86410000 32.25340000 422.87760000
v 1069.86410000 32.25340000 422.87760000
v 1069.87210000 33.44840000 422.87450000
v 1069.87210000 33.44840000 422.87450000
v 1070.65470000 34.21570000 422.57470000
v 1070.65470000 34.21570000 422.57470000
v 1076.60670000 40.67840000 420.29490000
v 1076.60670000 40.67840000 420.29490000
v 1076.61080000 41.50990000 420.29330000
v 1076.61080000 41.50990000 420.29330000
v 1070.84890000 42.53260000 422.50030000
v 1070.84890000 42.53260000 422.50030000
v 1070.29910000 43.18780000 422.71090000
v 1070.29910000 43.18780000 422.71090000
v 1070.29420000 47.17870000 422.71280000
v 1070.29420000 47.17870000 422.71280000
v 1070.78760000 48.30580000 422.52380000
v 1070.78760000 48.30580000 422.52380000
v 1075.85950000 52.97760000 420.58110000
v 1075.85950000 52.97760000 420.58110000
v 1076.42160000 54.34000000 420.36570000
v 1076.42160000 54.34000000 420.36570000
v 1076.14170000 55.36610000 420.47290000
v 1076.14170000 55.36610000 420.47290000
v 1070.02150000 59.98930000 422.81730000
v 1070.02150000 59.98930000 422.81730000
v 1067.68080000 60.34440000 423.71390000
v 1067.68080000 60.34440000 423.71390000
v 1076.20810000 39.72790000 420.44750000
v 1076.20810000 39.72790000 420.44750000
v 1059.63480000 70.06870000 426.79580000
v 1059.63480000 70.06870000 426.79580000
v 1061.40060000 67.71430000 426.11940000
v 1061.40060000 67.71430000 426.11940000
v 1063.80760000 67.45020000 425.19740000
v 1063.80760000 67.45020000 425.19740000
v 1064.43130000 66.69630000 424.95860000
v 1064.43130000 66.69630000 424.95860000
v 1168.39220000 32.25340000 425.57660000
v 1168.39220000 -0.69340000 425.57660000
v 1169.49870000 -0.69340000 424.45660000
v 1169.49870000 32.25340000 424.45660000
v 1168.70840000 34.21570000 424.12860000
v 1167.61910000 34.21570000 425.23120000
v 1168.38430000 33.44840000 425.57310000
v 1169.49060000 33.44840000 424.45330000
v 1161.79600000 41.50990000 422.62920000
v 1161.80000000 40.67840000 422.63100000
v 1162.75820000 40.67840000 421.65910000
v 1162.75420000 41.50990000 421.65740000
v 1168.51560000 42.53290000 424.04860000
v 1167.43010000 42.53270000 425.14670000
v 1167.97160000 47.17870000 425.38870000
v 1167.96690000 43.18780000 425.38660000
v 1169.06380000 43.18780000 424.27620000
v 1169.06860000 47.17870000 424.27810000
v 1163.50510000 52.97760000 421.96910000
v 1162.53050000 52.97760000 422.95740000
v 1167.48950000 48.30550000 425.17330000
v 1168.57620000 48.30510000 424.07370000
v 1162.94310000 54.34030000 421.73580000
v 1161.98080000 54.34010000 422.71180000
v 1163.22190000 55.36530000 421.85150000
v 1169.34130000 59.98930000 424.39130000
v 1168.23830000 59.98930000 425.50780000
v 1162.25420000 55.36570000 422.83390000
v 1171.68130000 60.34440000 425.36250000
v 1170.52670000 60.34440000 426.53040000
v 1163.15600000 39.72850000 421.82420000
v 1162.18950000 39.72820000 422.80500000
v 1178.39320000 70.06870000 430.04540000
v 1176.66670000 67.71430000 429.27400000
v 1177.95940000 67.71430000 427.96810000
v 1179.72460000 70.06870000 428.70080000
v 1175.55310000 67.45020000 426.96950000
v 1174.31350000 67.45020000 428.22240000
v 1174.92980000 66.69630000 426.71070000
v 1173.70370000 66.69630000 427.95000000
v 1141.36180000 -0.69340000 452.55200000
v 1141.36180000 32.25340000 452.55190000
v 1141.35830000 33.44840000 452.54410000
v 1141.01790000 34.21570000 451.77830000
v 1138.42970000 40.67840000 445.95380000
v 1138.42790000 41.50990000 445.94980000
v 1140.93360000 42.53260000 451.58820000
v 1141.17260000 43.18780000 452.12630000
v 1141.17480000 47.17870000 452.13100000
v 1140.96020000 48.30580000 451.64820000
v 1138.75450000 52.97760000 446.68500000
v 1138.51010000 54.34000000 446.13490000
v 1138.63180000 55.36610000 446.40880000
v 1141.29330000 59.98930000 452.39790000
v 1142.31130000 60.34440000 454.68850000
v 1138.60300000 39.72790000 446.34390000
v 1145.81030000 70.06870000 462.56200000
v 1146.57810000 74.42500000 464.29000000
v 1145.25280000 74.42500000 465.61190000
v 1143.99560000 67.45020000 458.47860000
v 1145.04240000 67.71430000 460.83410000
v 1143.72440000 66.69630000 457.86840000
v 1180.11960000 74.42500000 430.81680000
v 1169.51040000 32.25340000 422.88230000
v 1169.51040000 -0.69340000 422.88230000
v 1169.50230000 33.44840000 422.87920000
v 1168.72010000 34.21570000 422.57880000
v 1162.76570000 41.50990000 420.29270000
v 1162.76980000 40.67840000 420.29430000
v 1168.52660000 42.53270000 422.50450000
v 1169.08030000 47.17870000 422.71720000
v 1169.07560000 43.18780000 422.71530000
v 1168.58740000 48.30550000 422.52790000
v 1163.51680000 52.97760000 420.58110000
v 1162.95480000 54.34010000 420.36530000
v 1163.23410000 55.36570000 420.47260000
v 1169.35300000 59.98930000 422.82190000
v 1171.69310000 60.34440000 423.72030000
v 1163.16800000 39.72820000 420.44720000
v 1179.73660000 70.06870000 426.80850000
v 1181.50180000 74.42500000 427.48630000
v 1181.48990000 74.42500000 429.43340000
v 1175.56510000 67.45020000 425.20690000
v 1177.97130000 67.71430000 426.13080000
v 1174.94170000 66.69630000 424.96760000
v 1169.52540000 -0.69340000 384.69450000
v 1169.52540000 -0.69340000 384.69450000
v 1169.52540000 32.25340000 384.69450000
v 1169.52540000 32.25340000 384.69450000
v 1169.51730000 33.44840000 384.69750000
v 1169.51730000 33.44840000 384.69750000
v 1168.73470000 34.21570000 384.99730000
v 1168.73470000 34.21570000 384.99730000
v 1162.78270000 40.67840000 387.27720000
v 1162.78270000 40.67840000 387.27720000
v 1162.77870000 41.50990000 387.27880000
v 1162.77870000 41.50990000 387.27880000
v 1168.54050000 42.53260000 385.07170000
v 1168.54050000 42.53260000 385.07170000
v 1169.09030000 43.18780000 384.86110000
v 1169.09030000 43.18780000 384.86110000
v 1169.09520000 47.17870000 384.85930000
v 1169.09520000 47.17870000 384.85930000
v 1168.60180000 48.30580000 385.04820000
v 1168.60180000 48.30580000 385.04820000
v 1163.52990000 52.97760000 386.99100000
v 1163.52990000 52.97760000 386.99100000
v 1162.96780000 54.34000000 387.20630000
v 1162.96780000 54.34000000 387.20630000
v 1163.24770000 55.36610000 387.09910000
v 1163.24770000 55.36610000 387.09910000
v 1169.36790000 59.98930000 384.75480000
v 1169.36790000 59.98930000 384.75480000
v 1171.70860000 60.34440000 383.85820000
v 1171.70860000 60.34440000 383.85820000
v 1169.52550000 -0.69340000 383.18660000
v 1169.52550000 32.25340000 383.18660000
v 1168.73490000 34.21570000 383.51340000
v 1169.51750000 33.44840000 383.18990000
v 1162.78280000 40.67840000 385.97390000
v 1162.77870000 41.50990000 385.97560000
v 1168.54060000 42.53260000 383.59370000
v 1169.09050000 43.18780000 383.36640000
v 1169.09530000 47.17870000 383.36440000
v 1163.53000000 52.97760000 385.66500000
v 1168.60190000 48.30580000 383.56840000
v 1162.96790000 54.34000000 385.89740000
v 1163.24780000 55.36610000 385.78170000
v 1169.36800000 59.98930000 383.25160000
v 1171.70870000 60.34440000 382.28400000
v 1163.18140000 39.72790000 385.80910000
v 1163.18140000 39.72790000 387.12450000
v 1163.18140000 39.72790000 387.12450000
v 1179.75460000 70.06870000 380.77620000
v 1179.75460000 70.06870000 380.77620000
v 1177.98880000 67.71430000 381.45260000
v 1177.98880000 67.71430000 381.45260000
v 1177.98900000 67.71430000 379.68790000
v 1179.75480000 70.06870000 378.95790000
v 1175.58190000 67.45020000 380.68290000
v 1175.58180000 67.45020000 382.37460000
v 1175.58180000 67.45020000 382.37460000
v 1174.95840000 66.69630000 380.94070000
v 1174.95830000 66.69630000 382.61350000
v 1174.95830000 66.69630000 382.61350000
v 1138.79100000 32.25340000 353.97030000
v 1140.36540000 32.25340000 353.98210000
v 1140.36540000 -0.69340000 353.98210000
v 1138.79100000 -0.69340000 353.97030000
v 1138.78800000 33.44840000 353.97840000
v 1138.48750000 34.21570000 354.76070000
v 1140.03740000 34.21570000 354.77240000
v 1140.36190000 33.44840000 353.99010000
v 1136.20140000 41.50990000 360.71500000
v 1137.56600000 41.50990000 360.72660000
v 1137.56770000 40.67840000 360.72250000
v 1136.20300000 40.67840000 360.71090000
v 1138.41320000 42.53270000 354.95420000
v 1139.95740000 42.53290000 354.96510000
v 1138.62590000 47.17870000 354.40040000
v 1140.18690000 47.17870000 354.41210000
v 1140.18480000 43.18780000 354.41690000
v 1138.62400000 43.18780000 354.40520000
v 1138.43660000 48.30550000 354.89330000
v 1136.48970000 52.97760000 359.96400000
v 1137.87780000 52.97760000 359.97560000
v 1139.98240000 48.30510000 354.90460000
v 1136.27400000 54.34010000 360.52600000
v 1137.64450000 54.34030000 360.53760000
v 1137.76030000 55.36530000 360.25880000
v 1136.38120000 55.36570000 360.24660000
v 1138.73060000 59.98930000 354.12770000
v 1140.30000000 59.98930000 354.13950000
v 1139.62900000 60.34440000 351.78770000
v 1141.27120000 60.34440000 351.79950000
v 1136.35580000 39.72820000 360.31270000
v 1137.73290000 39.72850000 360.32470000
v 1144.60950000 70.06870000 343.75610000
v 1142.71730000 70.06870000 343.74410000
v 1143.39500000 74.42500000 341.97890000
v 1145.34220000 74.42500000 341.99090000
v 1142.87820000 67.45020000 347.92760000
v 1141.11560000 67.45020000 347.91570000
v 1142.03940000 67.71430000 345.50940000
v 1143.87680000 67.71430000 345.52140000
v 1142.61950000 66.69630000 348.55100000
v 1140.87620000 66.69630000 348.53910000
v 1100.60310000 -0.69340000 353.95540000
v 1100.60310000 32.25340000 353.95540000
v 1100.60620000 33.44840000 353.96340000
v 1100.90600000 34.21570000 354.74600000
v 1103.18590000 40.67840000 360.69800000
v 1103.18750000 41.50990000 360.70210000
v 1100.98030000 42.53260000 354.94020000
v 1100.76980000 43.18780000 354.39040000
v 1100.76790000 47.17870000 354.38550000
v 1100.95690000 48.30580000 354.87900000
v 1102.89970000 52.97760000 359.95080000
v 1103.11500000 54.34000000 360.51290000
v 1103.00780000 55.36610000 360.23300000
v 1100.66350000 59.98930000 354.11280000
v 1099.76680000 60.34440000 351.77210000
v 1103.03320000 39.72790000 360.29940000
v 1096.68490000 70.06870000 343.72610000
v 1097.36130000 67.71430000 345.49190000
v 1098.28330000 67.45020000 347.89900000
v 1098.52220000 66.69630000 348.52250000
v 1141.48540000 32.25340000 355.08860000
v 1141.48540000 -0.69340000 355.08860000
v 1141.13990000 34.21570000 355.86150000
v 1141.48180000 33.44840000 355.09640000
v 1138.53780000 41.50990000 361.68480000
v 1138.53970000 40.67840000 361.68070000
v 1141.05540000 42.53270000 356.05070000
v 1141.29740000 47.17870000 355.50920000
v 1141.29530000 43.18780000 355.51390000
v 1138.86610000 52.97760000 360.95020000
v 1141.08200000 48.30550000 355.99120000
v 1138.62050000 54.34010000 361.49980000
v 1141.41650000 59.98930000 355.24250000
v 1138.74260000 55.36570000 361.22670000
v 1142.43910000 60.34440000 352.95400000
v 1138.71360000 39.72820000 361.29130000
v 1145.95410000 70.06870000 345.08760000
v 1145.18270000 67.71430000 346.81400000
v 1144.13110000 67.45020000 349.16730000
v 1143.85880000 66.69630000 349.77700000
v 1168.46070000 -0.69340000 382.11890000
v 1168.46070000 32.25340000 382.11890000
v 1168.45280000 33.44840000 382.12240000
v 1167.68700000 34.21570000 382.46270000
v 1161.86250000 40.67840000 385.05110000
v 1161.85850000 41.50990000 385.05290000
v 1167.49690000 42.53260000 382.54720000
v 1168.03500000 43.18780000 382.30810000
v 1168.03970000 47.17870000 382.30600000
v 1167.55690000 48.30580000 382.52060000
v 1162.59380000 52.97760000 384.72620000
v 1162.04360000 54.34000000 384.97060000
v 1162.31750000 55.36610000 384.84890000
v 1168.30660000 59.98930000 382.18740000
v 1170.59720000 60.34440000 381.16950000
v 1162.25260000 39.72790000 384.87780000
v 1178.47070000 70.06870000 377.67050000
v 1180.19870000 74.42500000 376.90260000
v 1181.52050000 74.42500000 378.22800000
v 1174.38730000 67.45020000 379.48510000
v 1176.74280000 67.71430000 378.43840000
v 1173.77710000 66.69630000 379.75630000
v 1146.72560000 74.42500000 343.36120000
v 1143.38090000 74.42500000 465.61170000
v 1057.86900000 74.42500000 427.47220000
v 1057.86900000 74.42500000 427.47220000
v 1181.52040000 74.42500000 380.09980000
v 1181.52040000 74.42500000 380.09980000
v 1096.00850000 74.42500000 341.96030000
v 1099.12870000 62.23120000 457.42990000
v 1097.43530000 62.23120000 457.41810000
v 1141.87720000 62.23120000 457.44620000
v 1140.25310000 62.23120000 457.44600000
v 1096.23120000 62.23120000 456.22740000
v 1067.18140000 62.23120000 427.11840000
v 1066.03450000 62.23120000 425.96850000
v 1066.06260000 62.23120000 381.52660000
v 1067.25330000 62.23120000 380.32250000
v 1096.36230000 62.23120000 351.27280000
v 1097.51220000 62.23120000 350.12590000
v 1066.05080000 62.23120000 383.21990000
v 1066.03470000 62.23120000 424.34440000
v 1066.03470000 62.23120000 424.34440000
v 1173.32680000 62.23120000 426.04540000
v 1172.13610000 62.23120000 427.24950000
v 1143.02710000 62.23120000 456.29930000
v 1173.33860000 62.23120000 424.35210000
v 1173.35490000 62.23120000 381.60350000
v 1173.35470000 62.23120000 383.22770000
v 1173.35470000 62.23120000 383.22770000
v 1140.26090000 62.23120000 350.14210000
v 1141.95410000 62.23120000 350.15390000
v 1099.13640000 62.23120000 350.12600000
v 1143.15820000 62.23120000 351.34470000
v 1172.20800000 62.23120000 380.45360000
vn -0.00220000 -0.67710000 0.73590000
vn -0.30390000 -0.61050000 0.73140000
vn -0.03660000 -0.99550000 0.08760000
vn -0.40150000 -0.00120000 0.91590000
vn 0.00070000 -0.00020000 1.00000000
vn 0.00010000 -0.99450000 0.10450000
vn -0.00310000 -0.00290000 1.00000000
vn -0.38330000 -0.00310000 0.92360000
vn -0.00230000 -0.63380000 0.77350000
vn -0.26320000 -0.72710000 0.63410000
vn -0.00090000 -0.99450000 0.10430000
vn -0.00760000 -0.00000000 1.00000000
vn -0.00030000 -0.67760000 0.73540000
vn -0.00020000 -0.00290000 1.00000000
vn -0.00020000 -0.63320000 0.77400000
vn 0.03720000 -0.99520000 0.09020000
vn 0.37320000 -0.00000000 0.92780000
vn 0.30280000 -0.60940000 0.73280000
vn 0.38200000 -0.00310000 0.92410000
vn 0.26180000 -0.72820000 0.63330000
vn -0.51890000 -0.67840000 0.52010000
vn -0.72130000 -0.00090000 0.69260000
vn -0.07250000 -0.99500000 0.06920000
vn -0.70590000 -0.00290000 0.70830000
vn -0.54610000 -0.63380000 0.54780000
vn -0.07370000 -0.99450000 0.07390000
vn -0.70560000 -0.00000000 0.70860000
vn -0.52050000 -0.67770000 0.51940000
vn -0.70790000 -0.00290000 0.70630000
vn -0.92140000 -0.00060000 0.38850000
vn -0.08870000 -0.99530000 0.03780000
vn -0.73240000 -0.60980000 0.30270000
vn -0.92410000 -0.00320000 0.38210000
vn -0.63330000 -0.72820000 0.26180000
vn -0.54790000 -0.63320000 0.54660000
vn -0.08770000 -0.99550000 -0.03640000
vn -0.92390000 -0.00120000 -0.38270000
vn -0.73150000 -0.61050000 -0.30360000
vn -0.52070000 -0.67770000 -0.51920000
vn -0.07160000 -0.99470000 -0.07320000
vn -0.70000000 -0.00050000 -0.71420000
vn -0.92360000 -0.00320000 -0.38340000
vn -0.70830000 -0.00290000 -0.70590000
vn -0.63410000 -0.72710000 -0.26320000
vn -0.54780000 -0.63380000 -0.54610000
vn -0.70520000 -0.00000000 -0.70900000
vn -0.07500000 -0.99430000 -0.07560000
vn -0.51980000 -0.67690000 -0.52110000
vn -0.70630000 -0.00290000 -0.70790000
vn -0.30280000 -0.60940000 -0.73280000
vn -0.03720000 -0.99520000 -0.09020000
vn -0.37320000 -0.00000000 -0.92770000
vn -0.38210000 -0.00310000 -0.92410000
vn -0.54660000 -0.63320000 -0.54790000
vn -0.26180000 -0.72820000 -0.63330000
vn -0.73530000 -0.67780000 -0.00200000
vn -0.10230000 -0.99480000 0.00110000
vn -1.00000000 -0.00070000 0.00990000
vn -1.00000000 -0.00290000 -0.00310000
vn -0.77350000 -0.63380000 -0.00230000
vn -1.00000000 -0.00110000 0.00430000
vn -0.10400000 -0.99460000 0.00040000
vn -1.00000000 -0.00110000 0.00430000
vn -0.73510000 -0.67790000 -0.00000000
vn -1.00000000 -0.00290000 -0.00020000
vn -0.77390000 -0.63330000 -0.00020000
vn 0.08770000 -0.99550000 0.03640000
vn 0.92390000 -0.00120000 0.38270000
vn 0.73150000 -0.61050000 0.30360000
vn 0.52070000 -0.67770000 0.51920000
vn 0.69990000 -0.00050000 0.71420000
vn 0.07160000 -0.99470000 0.07320000
vn 0.92360000 -0.00320000 0.38330000
vn 0.70830000 -0.00290000 0.70590000
vn 0.63410000 -0.72710000 0.26320000
vn 0.54780000 -0.63380000 0.54610000
vn 0.70520000 -0.00000000 0.70900000
vn 0.07500000 -0.99430000 0.07560000
vn 0.51980000 -0.67700000 0.52110000
vn 0.70630000 -0.00290000 0.70790000
vn 0.54670000 -0.63320000 0.54790000
vn 0.73530000 -0.67780000 0.00200000
vn 0.10230000 -0.99480000 -0.00120000
vn 0.99990000 -0.00050000 -0.01010000
vn 1.00000000 -0.00290000 0.00310000
vn 0.77350000 -0.63380000 0.00230000
vn 0.10230000 -0.99480000 0.00130000
vn 0.99990000 -0.00000000 0.01170000
vn 0.99990000 -0.00000000 0.01170000
vn 0.73480000 -0.67830000 0.00040000
vn 1.00000000 -0.00290000 0.00020000
vn 0.08840000 -0.99540000 -0.03650000
vn 0.92750000 -0.00000000 -0.37380000
vn 0.73250000 -0.60980000 -0.30270000
vn 0.92410000 -0.00310000 -0.38200000
vn 0.63330000 -0.72820000 -0.26180000
vn 0.77390000 -0.63320000 0.00020000
vn 0.00220000 -0.67710000 -0.73590000
vn 0.30380000 -0.61050000 -0.73140000
vn 0.03660000 -0.99550000 -0.08760000
vn 0.40160000 -0.00120000 -0.91580000
vn -0.00070000 -0.00020000 -1.00000000
vn -0.00010000 -0.99450000 -0.10450000
vn 0.00310000 -0.00290000 -1.00000000
vn 0.38330000 -0.00310000 -0.92360000
vn 0.00230000 -0.63380000 -0.77350000
vn 0.26320000 -0.72710000 -0.63410000
vn 0.00760000 -0.00000000 -1.00000000
vn 0.00090000 -0.99450000 -0.10430000
vn 0.00030000 -0.67760000 -0.73540000
vn 0.00020000 -0.00290000 -1.00000000
vn 0.00020000 -0.63320000 -0.77400000
vn 0.51890000 -0.67840000 -0.52010000
vn 0.07250000 -0.99500000 -0.06910000
vn 0.72140000 -0.00090000 -0.69250000
vn 0.70590000 -0.00290000 -0.70830000
vn 0.54610000 -0.63380000 -0.54780000
vn 0.70560000 -0.00000000 -0.70860000
vn 0.07370000 -0.99450000 -0.07390000
vn 0.52050000 -0.67770000 -0.51940000
vn 0.70790000 -0.00290000 -0.70630000
vn 0.54790000 -0.63320000 -0.54660000
vn -0.00140000 -0.85670000 0.51570000
vn -0.21120000 -0.83450000 0.50900000
vn -0.00130000 0.88460000 0.46630000
vn -0.00080000 0.96710000 0.25430000
vn -0.09040000 0.97180000 0.21780000
vn -0.18460000 0.87630000 0.44490000
vn -0.00070000 0.97330000 0.22930000
vn -0.00020000 0.99820000 0.05990000
vn -0.02640000 0.99760000 0.06360000
vn -0.09090000 0.97150000 0.21910000
vn 0.00270000 0.70790000 -0.70630000
vn 0.22870000 0.80240000 -0.55110000
vn -0.00170000 0.85450000 0.51940000
vn -0.00170000 0.83160000 0.55530000
vn -0.21760000 0.82320000 0.52430000
vn -0.16890000 0.89760000 0.40710000
vn -0.00290000 0.35100000 0.93640000
vn -0.36200000 0.32870000 0.87230000
vn -0.35250000 -0.39280000 0.84940000
vn -0.00270000 -0.39330000 0.91940000
vn -0.00010000 -0.85680000 0.51560000
vn -0.00010000 0.97330000 0.22930000
vn -0.00000000 0.99820000 0.05980000
vn 0.00020000 0.70710000 -0.70710000
vn -0.00020000 0.35100000 0.93640000
vn -0.00010000 0.88460000 0.46630000
vn 0.21080000 -0.83410000 0.50980000
vn 0.09010000 0.97180000 0.21800000
vn -0.00010000 0.96710000 0.25450000
vn 0.18420000 0.87610000 0.44560000
vn 0.02640000 0.99760000 0.06380000
vn 0.09080000 0.97140000 0.21950000
vn -0.22710000 0.80400000 -0.54950000
vn 0.21710000 0.82290000 0.52510000
vn -0.00010000 0.83160000 0.55540000
vn -0.00010000 0.85410000 0.52000000
vn 0.16820000 0.89790000 0.40680000
vn 0.36090000 0.32830000 0.87290000
vn 0.35140000 -0.39250000 0.85000000
vn -0.00020000 -0.39310000 0.91950000
vn -0.36420000 -0.85670000 0.36510000
vn -0.17950000 0.96710000 0.18010000
vn -0.32930000 0.88460000 0.33020000
vn -0.04230000 0.99820000 0.04240000
vn -0.16190000 0.97330000 0.16240000
vn 0.49820000 0.70790000 -0.50070000
vn -0.39210000 0.83160000 0.39330000
vn -0.36660000 0.85460000 0.36790000
vn -0.66100000 0.35100000 0.66320000
vn -0.64910000 -0.39330000 0.65110000
vn -0.36500000 -0.85680000 0.36420000
vn -0.04230000 0.99820000 0.04220000
vn -0.16240000 0.97330000 0.16200000
vn 0.50060000 0.70710000 -0.49940000
vn -0.33010000 0.88460000 0.32940000
vn -0.66290000 0.35100000 0.66130000
vn -0.50980000 -0.83410000 0.21080000
vn -0.18020000 0.96710000 0.17980000
vn -0.21800000 0.97180000 0.09010000
vn -0.44560000 0.87610000 0.18420000
vn -0.06380000 0.99760000 0.02640000
vn -0.21950000 0.97140000 0.09080000
vn 0.54950000 0.80400000 -0.22720000
vn -0.36820000 0.85410000 0.36730000
vn -0.39320000 0.83160000 0.39230000
vn -0.52510000 0.82290000 0.21710000
vn -0.40680000 0.89790000 0.16820000
vn -0.87290000 0.32830000 0.36080000
vn -0.85000000 -0.39250000 0.35140000
vn -0.65090000 -0.39310000 0.64940000
vn -0.50900000 -0.83450000 -0.21120000
vn -0.36520000 -0.85670000 -0.36420000
vn -0.21780000 0.97180000 -0.09040000
vn -0.18010000 0.96710000 -0.17950000
vn -0.33020000 0.88460000 -0.32930000
vn -0.44490000 0.87630000 -0.18470000
vn -0.06360000 0.99760000 -0.02640000
vn -0.04240000 0.99820000 -0.04230000
vn -0.16240000 0.97330000 -0.16190000
vn -0.21910000 0.97150000 -0.09090000
vn 0.55110000 0.80240000 0.22880000
vn 0.50070000 0.70790000 0.49820000
vn -0.52430000 0.82320000 -0.21760000
vn -0.39330000 0.83160000 -0.39210000
vn -0.36790000 0.85460000 -0.36660000
vn -0.40700000 0.89760000 -0.16890000
vn -0.66320000 0.35100000 -0.66100000
vn -0.87230000 0.32860000 -0.36200000
vn -0.84940000 -0.39280000 -0.35250000
vn -0.65110000 -0.39330000 -0.64910000
vn -0.36420000 -0.85680000 -0.36500000
vn -0.04220000 0.99820000 -0.04230000
vn -0.16200000 0.97330000 -0.16240000
vn 0.49940000 0.70710000 0.50060000
vn -0.32930000 0.88460000 -0.33010000
vn -0.66130000 0.35100000 -0.66290000
vn -0.21080000 -0.83410000 -0.50980000
vn -0.17980000 0.96710000 -0.18020000
vn -0.09010000 0.97180000 -0.21800000
vn -0.18420000 0.87610000 -0.44560000
vn -0.02640000 0.99760000 -0.06380000
vn -0.09080000 0.97140000 -0.21950000
vn 0.22720000 0.80400000 0.54950000
vn -0.36730000 0.85410000 -0.36820000
vn -0.39230000 0.83160000 -0.39320000
vn -0.21710000 0.82290000 -0.52510000
vn -0.16820000 0.89790000 -0.40680000
vn -0.36080000 0.32830000 -0.87290000
vn -0.35140000 -0.39250000 -0.85000000
vn -0.64940000 -0.39310000 -0.65090000
vn -0.51570000 -0.85670000 -0.00140000
vn -0.46630000 0.88460000 -0.00130000
vn -0.25430000 0.96710000 -0.00080000
vn -0.22930000 0.97330000 -0.00070000
vn -0.05990000 0.99820000 -0.00020000
vn 0.70630000 0.70790000 0.00270000
vn -0.51940000 0.85460000 -0.00170000
vn -0.55530000 0.83160000 -0.00170000
vn -0.93640000 0.35100000 -0.00290000
vn -0.91940000 -0.39330000 -0.00270000
vn -0.51560000 -0.85680000 -0.00010000
vn -0.22940000 0.97330000 -0.00010000
vn -0.05980000 0.99820000 -0.00000000
vn 0.70710000 0.70720000 0.00010000
vn -0.93630000 0.35110000 -0.00020000
vn -0.46630000 0.88460000 -0.00010000
vn -0.25450000 0.96710000 -0.00010000
vn -0.55540000 0.83160000 -0.00010000
vn -0.52000000 0.85420000 -0.00010000
vn -0.91950000 -0.39310000 -0.00020000
vn 0.50900000 -0.83450000 0.21120000
vn 0.36510000 -0.85680000 0.36420000
vn 0.21780000 0.97180000 0.09040000
vn 0.18010000 0.96710000 0.17950000
vn 0.33020000 0.88460000 0.32930000
vn 0.44490000 0.87630000 0.18470000
vn 0.06360000 0.99760000 0.02640000
vn 0.04240000 0.99820000 0.04230000
vn 0.16240000 0.97330000 0.16190000
vn 0.21910000 0.97150000 0.09090000
vn -0.55120000 0.80240000 -0.22870000
vn -0.50070000 0.70790000 -0.49820000
vn 0.52430000 0.82320000 0.21760000
vn 0.39330000 0.83160000 0.39210000
vn 0.36790000 0.85450000 0.36660000
vn 0.40710000 0.89760000 0.16900000
vn 0.66320000 0.35100000 0.66100000
vn 0.87230000 0.32870000 0.36200000
vn 0.84940000 -0.39270000 0.35250000
vn 0.65110000 -0.39320000 0.64910000
vn 0.36420000 -0.85680000 0.36500000
vn 0.04220000 0.99820000 0.04230000
vn 0.16200000 0.97330000 0.16240000
vn -0.49940000 0.70710000 -0.50060000
vn 0.32940000 0.88460000 0.33010000
vn 0.66130000 0.35110000 0.66290000
vn 0.17980000 0.96710000 0.18020000
vn 0.36730000 0.85420000 0.36810000
vn 0.39230000 0.83160000 0.39320000
vn 0.64940000 -0.39310000 0.65100000
vn 0.51570000 -0.85680000 0.00140000
vn 0.46630000 0.88460000 0.00130000
vn 0.25430000 0.96710000 0.00080000
vn 0.22930000 0.97340000 0.00070000
vn 0.05990000 0.99820000 0.00020000
vn -0.70630000 0.70790000 -0.00270000
vn 0.51940000 0.85460000 0.00170000
vn 0.55530000 0.83160000 0.00170000
vn 0.93640000 0.35100000 0.00290000
vn 0.91940000 -0.39320000 0.00270000
vn 0.51560000 -0.85680000 0.00010000
vn 0.22930000 0.97330000 0.00010000
vn 0.05980000 0.99820000 0.00000000
vn -0.70710000 0.70710000 -0.00020000
vn 0.93640000 0.35100000 0.00020000
vn 0.46630000 0.88460000 0.00010000
vn 0.50980000 -0.83410000 -0.21070000
vn 0.21800000 0.97180000 -0.09010000
vn 0.25450000 0.96710000 0.00010000
vn 0.44560000 0.87610000 -0.18420000
vn 0.06380000 0.99760000 -0.02640000
vn 0.21950000 0.97140000 -0.09080000
vn -0.54950000 0.80400000 0.22720000
vn 0.52510000 0.82290000 -0.21710000
vn 0.55540000 0.83160000 0.00010000
vn 0.52000000 0.85420000 0.00010000
vn 0.40680000 0.89790000 -0.16820000
vn 0.87290000 0.32830000 -0.36090000
vn 0.85000000 -0.39250000 -0.35140000
vn 0.91950000 -0.39310000 0.00020000
vn 0.00140000 -0.85670000 -0.51570000
vn 0.21120000 -0.83450000 -0.50900000
vn 0.00130000 0.88460000 -0.46630000
vn 0.00080000 0.96710000 -0.25430000
vn 0.09040000 0.97180000 -0.21780000
vn 0.18470000 0.87630000 -0.44490000
vn 0.00070000 0.97330000 -0.22930000
vn 0.00020000 0.99820000 -0.05990000
vn 0.02640000 0.99760000 -0.06360000
vn 0.09090000 0.97150000 -0.21910000
vn -0.00270000 0.70790000 0.70630000
vn -0.22870000 0.80240000 0.55120000
vn 0.00170000 0.85450000 -0.51940000
vn 0.00170000 0.83160000 -0.55530000
vn 0.21760000 0.82320000 -0.52430000
vn 0.16900000 0.89760000 -0.40710000
vn 0.00290000 0.35100000 -0.93640000
vn 0.36200000 0.32870000 -0.87230000
vn 0.35250000 -0.39280000 -0.84940000
vn 0.00270000 -0.39330000 -0.91940000
vn 0.00010000 -0.85680000 -0.51560000
vn 0.00010000 0.97330000 -0.22930000
vn 0.00000000 0.99820000 -0.05980000
vn -0.00020000 0.70710000 0.70710000
vn 0.00020000 0.35100000 -0.93640000
vn 0.00010000 0.88460000 -0.46630000
vn 0.00010000 0.96710000 -0.25450000
vn 0.00010000 0.83160000 -0.55540000
vn 0.00010000 0.85410000 -0.52000000
vn 0.00020000 -0.39310000 -0.91950000
vn 0.36420000 -0.85670000 -0.36510000
vn 0.17950000 0.96710000 -0.18010000
vn 0.32930000 0.88460000 -0.33020000
vn 0.04230000 0.99820000 -0.04240000
vn 0.16190000 0.97330000 -0.16240000
vn -0.49820000 0.70790000 0.50070000
vn 0.39210000 0.83160000 -0.39330000
vn 0.36660000 0.85450000 -0.36790000
vn 0.66100000 0.35100000 -0.66320000
vn 0.64910000 -0.39330000 -0.65110000
vn 0.36500000 -0.85680000 -0.36420000
vn 0.04230000 0.99820000 -0.04220000
vn 0.16240000 0.97330000 -0.16200000
vn -0.50060000 0.70710000 0.49940000
vn 0.33010000 0.88460000 -0.32940000
vn 0.66290000 0.35110000 -0.66130000
vn 0.18020000 0.96710000 -0.17980000
vn 0.36820000 0.85410000 -0.36730000
vn 0.39320000 0.83160000 -0.39230000
vn 0.65100000 -0.39310000 -0.64940000
vn 0.00000000 1.00000000 -0.00000000
vn 0.00000000 1.00000000 -0.00000000
vn 0.00000000 1.00000000 -0.00000000
vn 0.38330000 0.00000000 -0.92360000
vn 0.38330000 0.00000000 -0.92360000
vn 0.00390000 0.00000000 -1.00000000
vn 0.00390000 0.00000000 -1.00000000
vn 0.00020000 0.00000000 -1.00000000
vn 0.00020000 0.00000000 -1.00000000
vn -0.38200000 0.00000000 -0.92420000
vn -0.38200000 0.00000000 -0.92420000
vn -0.70630000 0.00000000 -0.70790000
vn -0.70630000 0.00000000 -0.70790000
vn -0.70890000 0.00000000 -0.70540000
vn -0.70890000 0.00000000 -0.70540000
vn -0.92360000 0.00000000 -0.38330000
vn -0.92360000 0.00000000 -0.38330000
vn -1.00000000 0.00000000 -0.00390000
vn -1.00000000 0.00000000 -0.00390000
vn -1.00000000 -0.00000000 -0.00030000
vn -1.00000000 -0.00000000 -0.00030000
vn -1.00000000 -0.00000000 -0.00030000
vn -0.92420000 0.00000000 0.38200000
vn -0.92420000 0.00000000 0.38200000
vn -0.70790000 0.00000000 0.70630000
vn -0.70790000 0.00000000 0.70630000
vn -0.70530000 0.00000000 0.70890000
vn -0.70530000 0.00000000 0.70890000
vn -0.38330000 0.00000000 0.92360000
vn -0.38330000 0.00000000 0.92360000
vn -0.00390000 0.00000000 1.00000000
vn -0.00390000 0.00000000 1.00000000
vn -0.00020000 0.00000000 1.00000000
vn -0.00020000 0.00000000 1.00000000
vn 0.38200000 0.00000000 0.92420000
vn 0.38200000 0.00000000 0.92420000
vn 0.70630000 0.00000000 0.70790000
vn 0.70630000 0.00000000 0.70790000
vn 0.70880000 0.00000000 0.70540000
vn 0.70880000 0.00000000 0.70540000
vn 0.92360000 -0.00000000 0.38340000
vn 0.92360000 -0.00000000 0.38340000
vn 1.00000000 0.00000000 0.00390000
vn 1.00000000 0.00000000 0.00390000
vn 1.00000000 0.00000000 0.00020000
vn 1.00000000 0.00000000 0.00020000
vn 1.00000000 0.00000000 0.00020000
vn 0.92410000 0.00000000 -0.38200000
vn 0.92410000 0.00000000 -0.38200000
vn 0.70800000 -0.00000000 -0.70630000
vn 0.70800000 -0.00000000 -0.70630000
vn 0.70540000 0.00000000 -0.70880000
vn 0.70540000 0.00000000 -0.70880000
vn 0.38330000 0.00000000 -0.92360000
vn 0.38330000 0.00000000 -0.92360000
vn 0.00390000 0.00000000 -1.00000000
vn 0.00390000 0.00000000 -1.00000000
vn 0.00020000 0.00000000 -1.00000000
vn 0.00020000 0.00000000 -1.00000000
vn -0.38200000 0.00000000 -0.92420000
vn -0.38200000 0.00000000 -0.92420000
vn -0.70630000 0.00000000 -0.70800000
vn -0.70630000 0.00000000 -0.70800000
vn -0.70890000 0.00000000 -0.70540000
vn -0.70890000 0.00000000 -0.70540000
vn -0.92360000 0.00000000 -0.38330000
vn -0.92360000 0.00000000 -0.38330000
vn -1.00000000 0.00000000 -0.00390000
vn -1.00000000 0.00000000 -0.00390000
vn -1.00000000 -0.00000000 -0.00030000
vn -1.00000000 -0.00000000 -0.00030000
vn -1.00000000 -0.00000000 -0.00030000
vn -0.92310000 0.00680000 0.38440000
vn -0.92310000 0.00680000 0.38440000
vn -0.70790000 0.00000000 0.70630000
vn -0.70790000 0.00000000 0.70630000
vn -0.70530000 0.00000000 0.70890000
vn -0.70530000 0.00000000 0.70890000
vn -0.38950000 0.01880000 0.92080000
vn -0.38950000 0.01880000 0.92080000
vn -0.00390000 -0.00000000 1.00000000
vn -0.00390000 -0.00000000 1.00000000
vn -0.00020000 0.00000000 1.00000000
vn -0.00020000 0.00000000 1.00000000
vn 0.38200000 0.00000000 0.92420000
vn 0.38200000 0.00000000 0.92420000
vn 0.70630000 0.00000000 0.70790000
vn 0.70630000 0.00000000 0.70790000
vn 0.70880000 0.00000000 0.70540000
vn 0.70880000 0.00000000 0.70540000
vn 0.92360000 0.00000000 0.38340000
vn 0.92360000 0.00000000 0.38340000
vn 1.00000000 0.00000000 0.00390000
vn 1.00000000 0.00000000 0.00390000
vn 1.00000000 0.00000000 0.00020000
vn 1.00000000 0.00000000 0.00020000
vn 1.00000000 0.00000000 0.00020000
vn 0.92410000 -0.00000000 -0.38200000
vn 0.92410000 -0.00000000 -0.38200000
vn 0.70800000 0.00000000 -0.70630000
vn 0.70800000 0.00000000 -0.70630000
vn 0.70540000 0.00000000 -0.70880000
vn 0.70540000 0.00000000 -0.70880000
vn 0.29730000 0.63140000 -0.71620000
vn 0.00270000 0.70630000 -0.70790000
vn 0.00020000 0.70710000 -0.70710000
vn -0.29660000 0.63040000 -0.71740000
vn -0.49940000 0.70710000 -0.50060000
vn -0.50180000 0.70630000 -0.49930000
vn -0.71620000 0.63140000 -0.29730000
vn -0.70790000 0.70630000 -0.00270000
vn -0.70710000 0.70710000 -0.00020000
vn -0.71670000 0.63790000 0.28180000
vn -0.50150000 0.70700000 0.49860000
vn -0.49730000 0.70610000 0.50400000
vn -0.25950000 0.65010000 0.71420000
vn -0.00270000 0.70630000 0.70790000
vn -0.00020000 0.70710000 0.70710000
vn 0.29660000 0.63040000 0.71740000
vn 0.49940000 0.70710000 0.50060000
vn 0.50180000 0.70630000 0.49930000
vn 0.71620000 0.63140000 0.29730000
vn 0.70790000 0.70630000 0.00270000
vn 0.70720000 0.70710000 0.00010000
vn 0.71740000 0.63040000 -0.29660000
vn 0.50060000 0.70710000 -0.49940000
vn 0.49930000 0.70630000 -0.50180000
vn 0.00000000 1.00000000 -0.00000000
vn 0.00000000 1.00000000 -0.00000000
vn 0.00000000 1.00000000 -0.00000000
vn 0.00000000 1.00000000 -0.00000000
vn 0.00000000 1.00000000 -0.00000000
vn 0.00000000 1.00000000 -0.00000000
vn -0.00010000 -0.93400000 0.35740000
vn -0.00020000 -0.46970000 0.88280000
vn -0.00480000 -0.46960000 0.88290000
vn -0.00170000 -0.93390000 0.35750000
vn -0.00440000 0.52970000 0.84820000
vn -0.00020000 0.52930000 0.84840000
vn -0.00020000 0.74810000 0.66360000
vn -0.00330000 0.74850000 0.66320000
vn -0.00410000 0.68960000 0.72420000
vn -0.00030000 0.68840000 0.72540000
vn -0.00020000 0.18080000 0.98350000
vn -0.00520000 0.18090000 0.98350000
vn -0.00020000 0.54170000 0.84060000
vn -0.00450000 0.54280000 0.83990000
vn -0.00250000 0.86460000 0.50240000
vn -0.00010000 0.86440000 0.50290000
vn -0.00060000 -0.99140000 0.13110000
vn -0.00000000 -0.99130000 0.13130000
vn -0.00020000 0.68900000 0.72480000
vn -0.00410000 0.68790000 0.72580000
vn 0.04650000 -0.99260000 0.11220000
vn 0.14630000 -0.92410000 0.35310000
vn 0.34330000 -0.44200000 0.82870000
vn 0.24820000 0.76130000 0.59910000
vn 0.32290000 0.53660000 0.77960000
vn 0.29830000 0.62640000 0.72020000
vn 0.30150000 0.61590000 0.72780000
vn 0.37610000 0.18530000 0.90790000
vn 0.23710000 0.78520000 0.57210000
vn 0.18830000 0.87060000 0.45450000
vn -0.04650000 -0.99260000 0.11220000
vn -0.14590000 -0.92450000 0.35210000
vn -0.34310000 -0.44280000 0.82830000
vn -0.24810000 0.76150000 0.59890000
vn -0.32290000 0.53680000 0.77950000
vn -0.30100000 0.61770000 0.72650000
vn -0.29900000 0.62410000 0.72190000
vn -0.37600000 0.18530000 0.90790000
vn -0.23830000 0.78230000 0.57550000
vn -0.18820000 0.87070000 0.45440000
vn -0.62090000 -0.46960000 0.62770000
vn -0.63050000 -0.46940000 0.61810000
vn -0.25500000 -0.93380000 0.25090000
vn -0.25160000 -0.93390000 0.25400000
vn -0.47280000 0.74880000 0.46450000
vn -0.60510000 0.53010000 0.59400000
vn -0.59660000 0.52970000 0.60280000
vn -0.46660000 0.74850000 0.47130000
vn -0.51600000 0.69040000 0.50700000
vn -0.50910000 0.68960000 0.51500000
vn -0.69180000 0.18090000 0.69910000
vn -0.70200000 0.18100000 0.68870000
vn -0.35340000 0.86460000 0.35700000
vn -0.59070000 0.54280000 0.59700000
vn -0.59860000 0.54370000 0.58830000
vn -0.35790000 0.86490000 0.35190000
vn -0.09320000 -0.99140000 0.09190000
vn -0.09230000 -0.99140000 0.09310000
vn -0.51860000 0.68700000 0.50900000
vn -0.51030000 0.68790000 0.51610000
vn -0.35120000 -0.92490000 0.14550000
vn -0.11220000 -0.99260000 0.04650000
vn -0.82800000 -0.44370000 0.34290000
vn -0.59850000 0.76180000 0.24790000
vn -0.77930000 0.53710000 0.32280000
vn -0.72560000 0.61900000 0.30060000
vn -0.72310000 0.62250000 0.29950000
vn -0.90790000 0.18530000 0.37600000
vn -0.57810000 0.78000000 0.23960000
vn -0.45410000 0.87090000 0.18810000
vn -0.62770000 -0.46960000 -0.62090000
vn -0.62440000 -0.46970000 -0.62410000
vn -0.25280000 -0.93400000 -0.25260000
vn -0.25400000 -0.93390000 -0.25160000
vn -0.46930000 0.74810000 -0.46910000
vn -0.60000000 0.52930000 -0.59980000
vn -0.60280000 0.52970000 -0.59660000
vn -0.47130000 0.74850000 -0.46660000
vn -0.51290000 0.68850000 -0.51270000
vn -0.51500000 0.68960000 -0.50910000
vn -0.69910000 0.18090000 -0.69180000
vn -0.69560000 0.18080000 -0.69530000
vn -0.35700000 0.86460000 -0.35340000
vn -0.59700000 0.54270000 -0.59080000
vn -0.59450000 0.54170000 -0.59420000
vn -0.35570000 0.86440000 -0.35550000
vn -0.09290000 -0.99130000 -0.09280000
vn -0.09310000 -0.99140000 -0.09230000
vn -0.51260000 0.68900000 -0.51240000
vn -0.51610000 0.68790000 -0.51030000
vn -0.04650000 -0.99260000 -0.11220000
vn -0.14630000 -0.92410000 -0.35310000
vn -0.34330000 -0.44200000 -0.82870000
vn -0.24810000 0.76130000 -0.59910000
vn -0.32290000 0.53660000 -0.77960000
vn -0.30150000 0.61590000 -0.72780000
vn -0.29830000 0.62640000 -0.72020000
vn -0.37600000 0.18530000 -0.90790000
vn -0.23710000 0.78520000 -0.57210000
vn -0.18820000 0.87060000 -0.45450000
vn -0.11220000 -0.99260000 -0.04650000
vn -0.35210000 -0.92450000 -0.14590000
vn -0.82840000 -0.44280000 -0.34310000
vn -0.77950000 0.53680000 -0.32290000
vn -0.59890000 0.76150000 -0.24800000
vn -0.72190000 0.62410000 -0.29900000
vn -0.72660000 0.61770000 -0.30090000
vn -0.90790000 0.18530000 -0.37610000
vn -0.57550000 0.78230000 -0.23840000
vn -0.45440000 0.87070000 -0.18820000
vn -0.35770000 -0.93380000 0.00290000
vn -0.35770000 -0.93380000 0.00290000
vn -0.88290000 -0.46950000 0.00870000
vn -0.88290000 -0.46950000 0.00870000
vn -0.88290000 -0.46960000 -0.00480000
vn -0.35750000 -0.93390000 -0.00170000
vn -0.84810000 0.52980000 -0.00440000
vn -0.84790000 0.53010000 0.00790000
vn -0.84790000 0.53010000 0.00790000
vn -0.66270000 0.74880000 0.00590000
vn -0.66270000 0.74880000 0.00590000
vn -0.66320000 0.74850000 -0.00330000
vn -0.72420000 0.68960000 -0.00410000
vn -0.72360000 0.69020000 0.00640000
vn -0.72360000 0.69020000 0.00640000
vn -0.98340000 0.18090000 0.00940000
vn -0.98340000 0.18090000 0.00940000
vn -0.98350000 0.18090000 -0.00520000
vn -0.83930000 0.54370000 0.00720000
vn -0.83930000 0.54370000 0.00720000
vn -0.83990000 0.54280000 -0.00450000
vn -0.50240000 0.86460000 -0.00260000
vn -0.50190000 0.86490000 0.00430000
vn -0.50190000 0.86490000 0.00430000
vn -0.13110000 -0.99140000 -0.00060000
vn -0.13090000 -0.99140000 0.00090000
vn -0.13090000 -0.99140000 0.00090000
vn -0.72660000 0.68700000 0.00680000
vn -0.72660000 0.68700000 0.00680000
vn -0.72580000 0.68790000 -0.00410000
vn 0.62770000 -0.46950000 0.62090000
vn 0.62440000 -0.46970000 0.62410000
vn 0.25280000 -0.93400000 0.25260000
vn 0.25400000 -0.93390000 0.25160000
vn 0.46940000 0.74810000 0.46910000
vn 0.60010000 0.52930000 0.59980000
vn 0.60290000 0.52970000 0.59660000
vn 0.47130000 0.74850000 0.46660000
vn 0.51290000 0.68850000 0.51270000
vn 0.51500000 0.68960000 0.50910000
vn 0.69910000 0.18090000 0.69180000
vn 0.69560000 0.18070000 0.69530000
vn 0.35700000 0.86460000 0.35340000
vn 0.59700000 0.54280000 0.59070000
vn 0.59450000 0.54170000 0.59420000
vn 0.35570000 0.86440000 0.35550000
vn 0.09290000 -0.99130000 0.09280000
vn 0.09310000 -0.99140000 0.09220000
vn 0.51260000 0.68900000 0.51240000
vn 0.51610000 0.68790000 0.51030000
vn 0.11220000 -0.99260000 0.04650000
vn 0.35220000 -0.92450000 0.14590000
vn 0.82840000 -0.44280000 0.34310000
vn 0.77950000 0.53680000 0.32290000
vn 0.59890000 0.76150000 0.24810000
vn 0.72190000 0.62410000 0.29900000
vn 0.72660000 0.61770000 0.30090000
vn 0.90790000 0.18530000 0.37610000
vn 0.57550000 0.78230000 0.23840000
vn 0.45440000 0.87070000 0.18820000
vn 0.35770000 -0.93380000 -0.00290000
vn 0.35770000 -0.93380000 -0.00290000
vn 0.88300000 -0.46940000 -0.00870000
vn 0.88300000 -0.46940000 -0.00870000
vn 0.88290000 -0.46960000 0.00480000
vn 0.35750000 -0.93390000 0.00170000
vn 0.84820000 0.52970000 0.00440000
vn 0.84790000 0.53010000 -0.00790000
vn 0.84790000 0.53010000 -0.00790000
vn 0.66270000 0.74880000 -0.00580000
vn 0.66270000 0.74880000 -0.00580000
vn 0.66320000 0.74850000 0.00330000
vn 0.72420000 0.68960000 0.00410000
vn 0.72350000 0.69030000 -0.00630000
vn 0.72350000 0.69030000 -0.00630000
vn 0.98340000 0.18100000 -0.00940000
vn 0.98340000 0.18100000 -0.00940000
vn 0.98350000 0.18080000 0.00520000
vn 0.83930000 0.54360000 -0.00720000
vn 0.83930000 0.54360000 -0.00720000
vn 0.83990000 0.54280000 0.00450000
vn 0.50240000 0.86460000 0.00250000
vn 0.50190000 0.86490000 -0.00430000
vn 0.50190000 0.86490000 -0.00430000
vn 0.13110000 -0.99140000 0.00060000
vn 0.13090000 -0.99140000 -0.00090000
vn 0.13090000 -0.99140000 -0.00090000
vn 0.72660000 0.68700000 -0.00680000
vn 0.72660000 0.68700000 -0.00680000
vn 0.72580000 0.68790000 0.00410000
vn 0.11220000 -0.99260000 -0.04650000
vn 0.35120000 -0.92490000 -0.14550000
vn 0.82800000 -0.44370000 -0.34300000
vn 0.59850000 0.76180000 -0.24790000
vn 0.77930000 0.53710000 -0.32280000
vn 0.72310000 0.62250000 -0.29950000
vn 0.72560000 0.61900000 -0.30060000
vn 0.90790000 0.18530000 -0.37610000
vn 0.57810000 0.78000000 -0.23960000
vn 0.45410000 0.87090000 -0.18810000
vn 0.00010000 -0.93400000 -0.35740000
vn 0.00020000 -0.46970000 -0.88290000
vn 0.00480000 -0.46960000 -0.88290000
vn 0.00170000 -0.93390000 -0.35750000
vn 0.00440000 0.52970000 -0.84820000
vn 0.00020000 0.52930000 -0.84840000
vn 0.00020000 0.74810000 -0.66360000
vn 0.00330000 0.74850000 -0.66320000
vn 0.00410000 0.68960000 -0.72420000
vn 0.00030000 0.68840000 -0.72540000
vn 0.00020000 0.18080000 -0.98350000
vn 0.00520000 0.18090000 -0.98350000
vn 0.00020000 0.54170000 -0.84060000
vn 0.00450000 0.54280000 -0.83990000
vn 0.00250000 0.86460000 -0.50240000
vn 0.00010000 0.86440000 -0.50290000
vn 0.00060000 -0.99140000 -0.13110000
vn 0.00000000 -0.99130000 -0.13130000
vn 0.00020000 0.68900000 -0.72480000
vn 0.00420000 0.68790000 -0.72580000
vn 0.04650000 -0.99260000 -0.11220000
vn 0.14590000 -0.92450000 -0.35210000
vn 0.34310000 -0.44290000 -0.82830000
vn 0.24810000 0.76150000 -0.59890000
vn 0.32280000 0.53680000 -0.77950000
vn 0.30090000 0.61770000 -0.72660000
vn 0.29900000 0.62400000 -0.72190000
vn 0.37610000 0.18530000 -0.90790000
vn 0.23840000 0.78230000 -0.57550000
vn 0.18820000 0.87070000 -0.45440000
vn 0.62090000 -0.46960000 -0.62770000
vn 0.63050000 -0.46940000 -0.61820000
vn 0.25490000 -0.93380000 -0.25090000
vn 0.25160000 -0.93390000 -0.25400000
vn 0.47280000 0.74880000 -0.46450000
vn 0.60520000 0.53010000 -0.59400000
vn 0.59660000 0.52980000 -0.60290000
vn 0.46660000 0.74850000 -0.47130000
vn 0.51600000 0.69040000 -0.50700000
vn 0.50920000 0.68960000 -0.51500000
vn 0.69170000 0.18090000 -0.69910000
vn 0.70210000 0.18100000 -0.68870000
vn 0.35340000 0.86460000 -0.35700000
vn 0.59070000 0.54280000 -0.59700000
vn 0.59860000 0.54370000 -0.58830000
vn 0.35790000 0.86490000 -0.35190000
vn 0.09320000 -0.99140000 -0.09190000
vn 0.09230000 -0.99140000 -0.09310000
vn 0.51860000 0.68700000 -0.50900000
vn 0.51020000 0.68790000 -0.51620000
vn -0.00390000 0.00340000 1.00000000
vn -0.38330000 0.00360000 0.92360000
vn -0.38330000 0.00000000 0.92360000
vn -0.00390000 0.00000000 1.00000000
vn -0.00380000 0.39040000 0.92070000
vn -0.00280000 0.71230000 0.70180000
vn -0.25810000 0.73940000 0.62180000
vn -0.35510000 0.37650000 0.85560000
vn -0.00330000 -0.64130000 0.76720000
vn -0.26060000 -0.73340000 0.62780000
vn -0.37350000 0.22510000 0.89990000
vn -0.00420000 0.19990000 0.97980000
vn -0.00180000 -0.86550000 0.50090000
vn -0.20530000 -0.84450000 0.49470000
vn -0.00400000 0.20430000 0.97890000
vn -0.37490000 0.20810000 0.90340000
vn -0.36130000 -0.33440000 0.87050000
vn -0.00390000 -0.34240000 0.93950000
vn -0.00330000 0.58090000 0.81400000
vn -0.00350000 0.57270000 0.81980000
vn -0.29880000 0.62640000 0.72000000
vn -0.31090000 0.58490000 0.74920000
vn -0.00410000 0.06270000 0.99800000
vn -0.38230000 0.07290000 0.92120000
vn -0.29920000 -0.62510000 0.72090000
vn -0.00360000 -0.56120000 0.82770000
vn -0.00170000 -0.92190000 0.38740000
vn -0.12040000 -0.94940000 0.29020000
vn -0.00170000 -0.87650000 0.48140000
vn -0.19860000 -0.85530000 0.47850000
vn -0.00360000 0.55960000 0.82880000
vn -0.30350000 0.61080000 0.73130000
vn -0.33050000 -0.50680000 0.79620000
vn -0.00300000 -0.49220000 0.87050000
vn -0.00330000 -0.37600000 0.92660000
vn -0.35100000 -0.40180000 0.84580000
vn -0.14480000 -0.92590000 0.34890000
vn -0.00190000 -0.88070000 0.47370000
vn -0.00160000 -0.86850000 0.49570000
vn -0.20760000 -0.84070000 0.50010000
vn -0.32180000 -0.54320000 0.77540000
vn -0.00310000 -0.49560000 0.86860000
vn -0.00020000 0.00000000 1.00000000
vn -0.00020000 0.00340000 1.00000000
vn -0.00020000 0.39030000 0.92070000
vn -0.00020000 0.71190000 0.70230000
vn -0.00020000 0.19960000 0.97990000
vn -0.00020000 -0.64050000 0.76800000
vn -0.00010000 -0.86570000 0.50050000
vn -0.00020000 -0.34260000 0.93950000
vn -0.00020000 0.20420000 0.97890000
vn -0.00020000 0.58060000 0.81420000
vn -0.00020000 0.57190000 0.82030000
vn -0.00020000 0.06250000 0.99800000
vn -0.00020000 -0.56060000 0.82810000
vn -0.00010000 -0.92150000 0.38830000
vn -0.00010000 -0.87660000 0.48120000
vn 0.38200000 0.00000000 0.92420000
vn 0.38200000 0.00360000 0.92420000
vn 0.25720000 0.73930000 0.62220000
vn 0.35400000 0.37600000 0.85630000
vn 0.37220000 0.22540000 0.90040000
vn 0.25890000 -0.73520000 0.62640000
vn 0.20470000 -0.84430000 0.49530000
vn 0.36000000 -0.33440000 0.87090000
vn 0.37370000 0.20810000 0.90390000
vn 0.29770000 0.62680000 0.72010000
vn 0.30990000 0.58460000 0.74980000
vn 0.38100000 0.07280000 0.92170000
vn 0.29790000 -0.62620000 0.72050000
vn 0.11970000 -0.94960000 0.28960000
vn 0.19830000 -0.85480000 0.47960000
vn 0.30230000 0.61140000 0.73130000
vn -0.00020000 0.55890000 0.82920000
vn -0.00020000 -0.49190000 0.87070000
vn -0.00010000 -0.86860000 0.49540000
vn 0.20720000 -0.84020000 0.50120000
vn 0.32940000 -0.50650000 0.79680000
vn 0.14390000 -0.92640000 0.34810000
vn -0.00010000 -0.88020000 0.47460000
vn 0.32070000 -0.54350000 0.77580000
vn -0.00020000 -0.49500000 0.86890000
vn -0.70530000 0.00340000 0.70890000
vn -0.70530000 0.00000000 0.70890000
vn -0.49500000 0.71230000 0.49760000
vn -0.64920000 0.39040000 0.65280000
vn -0.54100000 -0.64130000 0.54410000
vn -0.69090000 0.19990000 0.69480000
vn -0.35340000 -0.86550000 0.35490000
vn -0.69030000 0.20430000 0.69410000
vn -0.66260000 -0.34240000 0.66620000
vn -0.57800000 0.57270000 0.58140000
vn -0.57410000 0.58090000 0.57710000
vn -0.70380000 0.06280000 0.70760000
vn -0.27310000 -0.92190000 0.27470000
vn -0.58350000 -0.56120000 0.58700000
vn -0.33970000 -0.87650000 0.34110000
vn -0.58430000 0.55960000 0.58780000
vn -0.61430000 -0.49220000 0.61680000
vn -0.34990000 -0.86850000 0.35110000
vn -0.33410000 -0.88070000 0.33580000
vn -0.61290000 -0.49560000 0.61550000
vn -0.70790000 0.00000000 0.70630000
vn -0.70790000 0.00340000 0.70630000
vn -0.65180000 0.39030000 0.65030000
vn -0.49720000 0.71190000 0.49600000
vn -0.69370000 0.19960000 0.69210000
vn -0.54370000 -0.64050000 0.54240000
vn -0.35430000 -0.86570000 0.35350000
vn -0.66510000 -0.34260000 0.66350000
vn -0.69300000 0.20420000 0.69140000
vn -0.57640000 0.58060000 0.57500000
vn -0.58070000 0.57190000 0.57940000
vn -0.70650000 0.06250000 0.70490000
vn -0.58630000 -0.56060000 0.58490000
vn -0.27490000 -0.92150000 0.27420000
vn -0.34070000 -0.87660000 0.33990000
vn -0.92410000 0.00360000 0.38200000
vn -0.92420000 0.00000000 0.38200000
vn -0.62230000 0.73940000 0.25720000
vn -0.85630000 0.37600000 0.35400000
vn -0.62640000 -0.73520000 0.25890000
vn -0.90040000 0.22540000 0.37220000
vn -0.49520000 -0.84430000 0.20470000
vn -0.90390000 0.20810000 0.37370000
vn -0.87090000 -0.33450000 0.36000000
vn -0.72010000 0.62680000 0.29760000
vn -0.74980000 0.58460000 0.30990000
vn -0.92170000 0.07280000 0.38100000
vn -0.72060000 -0.62610000 0.29790000
vn -0.28960000 -0.94960000 0.11970000
vn -0.47960000 -0.85480000 0.19830000
vn -0.58710000 0.55890000 0.58570000
vn -0.73130000 0.61140000 0.30230000
vn -0.79680000 -0.50650000 0.32940000
vn -0.61640000 -0.49190000 0.61490000
vn -0.65610000 -0.37560000 0.65450000
vn -0.84630000 -0.40170000 0.34980000
vn -0.34810000 -0.92640000 0.14390000
vn -0.33600000 -0.88020000 0.33520000
vn -0.35070000 -0.86860000 0.34990000
vn -0.50110000 -0.84020000 0.20720000
vn -0.77580000 -0.54350000 0.32070000
vn -0.61510000 -0.49510000 0.61370000
vn -0.65380000 -0.37600000 0.65660000
vn -0.70890000 0.00340000 -0.70530000
vn -0.70890000 0.00000000 -0.70530000
vn -0.92360000 0.00000000 -0.38340000
vn -0.92360000 0.00360000 -0.38340000
vn -0.62180000 0.73940000 -0.25810000
vn -0.49760000 0.71230000 -0.49500000
vn -0.65280000 0.39040000 -0.64920000
vn -0.85560000 0.37650000 -0.35510000
vn -0.54410000 -0.64130000 -0.54100000
vn -0.69480000 0.19990000 -0.69090000
vn -0.89990000 0.22510000 -0.37350000
vn -0.62780000 -0.73340000 -0.26060000
vn -0.49460000 -0.84450000 -0.20530000
vn -0.35490000 -0.86550000 -0.35340000
vn -0.69410000 0.20430000 -0.69030000
vn -0.66610000 -0.34240000 -0.66260000
vn -0.87040000 -0.33440000 -0.36120000
vn -0.90340000 0.20820000 -0.37490000
vn -0.72000000 0.62630000 -0.29880000
vn -0.58140000 0.57270000 -0.57800000
vn -0.57710000 0.58090000 -0.57410000
vn -0.74920000 0.58490000 -0.31090000
vn -0.92120000 0.07290000 -0.38230000
vn -0.70760000 0.06270000 -0.70380000
vn -0.72090000 -0.62510000 -0.29920000
vn -0.29020000 -0.94940000 -0.12040000
vn -0.27470000 -0.92190000 -0.27310000
vn -0.58700000 -0.56120000 -0.58350000
vn -0.47850000 -0.85530000 -0.19860000
vn -0.34110000 -0.87650000 -0.33970000
vn -0.73130000 0.61080000 -0.30350000
vn -0.58780000 0.55950000 -0.58430000
vn -0.61680000 -0.49220000 -0.61430000
vn -0.35110000 -0.86850000 -0.34990000
vn -0.50010000 -0.84070000 -0.20750000
vn -0.79620000 -0.50680000 -0.33040000
vn -0.34890000 -0.92590000 -0.14480000
vn -0.33580000 -0.88070000 -0.33410000
vn -0.77540000 -0.54320000 -0.32180000
vn -0.61550000 -0.49560000 -0.61290000
vn -0.70630000 0.00000000 -0.70790000
vn -0.70630000 0.00330000 -0.70790000
vn -0.65030000 0.39030000 -0.65180000
vn -0.49600000 0.71190000 -0.49720000
vn -0.69210000 0.19970000 -0.69370000
vn -0.54240000 -0.64050000 -0.54370000
vn -0.35350000 -0.86570000 -0.35430000
vn -0.66350000 -0.34260000 -0.66510000
vn -0.69140000 0.20420000 -0.69300000
vn -0.57500000 0.58060000 -0.57640000
vn -0.57940000 0.57190000 -0.58070000
vn -0.70490000 0.06250000 -0.70650000
vn -0.58490000 -0.56050000 -0.58630000
vn -0.27420000 -0.92150000 -0.27490000
vn -0.33990000 -0.87660000 -0.34070000
vn -0.38200000 0.00360000 -0.92410000
vn -0.38200000 0.00000000 -0.92410000
vn -0.25730000 0.73930000 -0.62220000
vn -0.35400000 0.37600000 -0.85630000
vn -0.25890000 -0.73520000 -0.62640000
vn -0.37220000 0.22540000 -0.90040000
vn -0.20480000 -0.84430000 -0.49530000
vn -0.37360000 0.20810000 -0.90390000
vn -0.36010000 -0.33440000 -0.87090000
vn -0.29760000 0.62680000 -0.72010000
vn -0.30990000 0.58460000 -0.74980000
vn -0.38100000 0.07280000 -0.92170000
vn -0.29790000 -0.62620000 -0.72050000
vn -0.11970000 -0.94960000 -0.28970000
vn -0.19820000 -0.85480000 -0.47960000
vn -0.58570000 0.55890000 -0.58710000
vn -0.30230000 0.61140000 -0.73130000
vn -0.32940000 -0.50650000 -0.79680000
vn -0.61490000 -0.49190000 -0.61640000
vn -0.65460000 -0.37560000 -0.65610000
vn -0.34990000 -0.40170000 -0.84630000
vn -0.14390000 -0.92640000 -0.34810000
vn -0.33520000 -0.88020000 -0.33600000
vn -0.34990000 -0.86860000 -0.35070000
vn -0.20720000 -0.84020000 -0.50120000
vn -0.32070000 -0.54350000 -0.77580000
vn -0.61370000 -0.49500000 -0.61510000
vn -0.65660000 -0.37600000 -0.65380000
vn -1.00000000 0.00340000 -0.00390000
vn -1.00000000 0.00000000 -0.00390000
vn -0.92070000 0.39040000 -0.00390000
vn -0.70180000 0.71230000 -0.00280000
vn -0.76720000 -0.64130000 -0.00330000
vn -0.97980000 0.19990000 -0.00420000
vn -0.50090000 -0.86550000 -0.00180000
vn -0.97890000 0.20430000 -0.00400000
vn -0.93960000 -0.34240000 -0.00390000
vn -0.81400000 0.58090000 -0.00330000
vn -0.81980000 0.57260000 -0.00350000
vn -0.99800000 0.06270000 -0.00410000
vn -0.82760000 -0.56120000 -0.00360000
vn -0.38740000 -0.92190000 -0.00170000
vn -0.48140000 -0.87650000 -0.00170000
vn -0.82880000 0.55960000 -0.00360000
vn -0.87050000 -0.49220000 -0.00300000
vn -0.92660000 -0.37600000 -0.00330000
vn -0.84580000 -0.40180000 -0.35100000
vn -0.47370000 -0.88070000 -0.00190000
vn -0.49570000 -0.86850000 -0.00160000
vn -0.86860000 -0.49560000 -0.00310000
vn -1.00000000 -0.00000000 -0.00030000
vn -1.00000000 -0.00000000 -0.00030000
vn -1.00000000 0.00340000 -0.00030000
vn -1.00000000 0.00340000 -0.00030000
vn -0.92070000 0.39030000 -0.00020000
vn -0.92070000 0.39030000 -0.00020000
vn -0.70230000 0.71180000 -0.00020000
vn -0.70230000 0.71180000 -0.00020000
vn -0.97990000 0.19970000 -0.00030000
vn -0.97990000 0.19970000 -0.00030000
vn -0.76800000 -0.64050000 -0.00020000
vn -0.76800000 -0.64050000 -0.00020000
vn -0.50050000 -0.86570000 -0.00010000
vn -0.50050000 -0.86570000 -0.00010000
vn -0.93950000 -0.34260000 -0.00020000
vn -0.93950000 -0.34260000 -0.00020000
vn -0.97890000 0.20420000 -0.00020000
vn -0.97890000 0.20420000 -0.00020000
vn -0.81420000 0.58060000 -0.00020000
vn -0.81420000 0.58060000 -0.00020000
vn -0.82030000 0.57190000 -0.00020000
vn -0.82030000 0.57190000 -0.00020000
vn -0.99800000 0.06240000 -0.00030000
vn -0.99800000 0.06240000 -0.00030000
vn -0.82810000 -0.56060000 -0.00020000
vn -0.82810000 -0.56060000 -0.00020000
vn -0.38830000 -0.92150000 -0.00010000
vn -0.38830000 -0.92150000 -0.00010000
vn -0.48120000 -0.87660000 -0.00010000
vn -0.48120000 -0.87660000 -0.00010000
vn -0.82920000 0.55890000 -0.00020000
vn -0.82920000 0.55890000 -0.00020000
vn -0.87070000 -0.49190000 -0.00020000
vn -0.87070000 -0.49190000 -0.00020000
vn -0.49550000 -0.86860000 -0.00010000
vn -0.49550000 -0.86860000 -0.00010000
vn -0.47460000 -0.88020000 -0.00010000
vn -0.47460000 -0.88020000 -0.00010000
vn -0.86890000 -0.49500000 -0.00020000
vn -0.86890000 -0.49500000 -0.00020000
vn 0.70890000 0.00340000 0.70530000
vn 0.70890000 -0.00000000 0.70530000
vn 0.92360000 -0.00000000 0.38330000
vn 0.92360000 0.00370000 0.38330000
vn 0.62180000 0.73940000 0.25810000
vn 0.49760000 0.71230000 0.49500000
vn 0.65280000 0.39040000 0.64920000
vn 0.85560000 0.37660000 0.35510000
vn 0.54410000 -0.64140000 0.54090000
vn 0.69480000 0.19990000 0.69090000
vn 0.89990000 0.22510000 0.37350000
vn 0.62780000 -0.73340000 0.26060000
vn 0.49470000 -0.84450000 0.20530000
vn 0.35500000 -0.86550000 0.35350000
vn 0.69410000 0.20430000 0.69030000
vn 0.66620000 -0.34240000 0.66260000
vn 0.87040000 -0.33440000 0.36130000
vn 0.90340000 0.20820000 0.37490000
vn 0.72000000 0.62640000 0.29880000
vn 0.58140000 0.57270000 0.57800000
vn 0.57710000 0.58090000 0.57410000
vn 0.74910000 0.58490000 0.31090000
vn 0.92120000 0.07290000 0.38230000
vn 0.70760000 0.06280000 0.70380000
vn 0.72090000 -0.62510000 0.29920000
vn 0.29020000 -0.94940000 0.12040000
vn 0.27470000 -0.92190000 0.27310000
vn 0.58700000 -0.56120000 0.58350000
vn 0.47850000 -0.85530000 0.19860000
vn 0.34110000 -0.87650000 0.33970000
vn 0.73130000 0.61080000 0.30350000
vn 0.58780000 0.55960000 0.58430000
vn 0.61680000 -0.49220000 0.61430000
vn 0.35110000 -0.86850000 0.34990000
vn 0.50010000 -0.84070000 0.20760000
vn 0.79620000 -0.50680000 0.33050000
vn 0.34880000 -0.92590000 0.14480000
vn 0.33580000 -0.88070000 0.33410000
vn 0.77540000 -0.54330000 0.32180000
vn 0.61550000 -0.49560000 0.61290000
vn 0.70630000 0.00000000 0.70800000
vn 0.70630000 0.00340000 0.70800000
vn 0.65030000 0.39030000 0.65180000
vn 0.49600000 0.71180000 0.49720000
vn 0.69210000 0.19960000 0.69370000
vn 0.54240000 -0.64050000 0.54370000
vn 0.35350000 -0.86570000 0.35430000
vn 0.66350000 -0.34260000 0.66510000
vn 0.69140000 0.20420000 0.69300000
vn 0.57500000 0.58060000 0.57640000
vn 0.57930000 0.57190000 0.58070000
vn 0.70490000 0.06250000 0.70650000
vn 0.58490000 -0.56050000 0.58630000
vn 0.27420000 -0.92150000 0.27490000
vn 0.33990000 -0.87660000 0.34070000
vn 0.58570000 0.55890000 0.58700000
vn 0.61490000 -0.49190000 0.61640000
vn 0.65450000 -0.37560000 0.65610000
vn 0.34980000 -0.40170000 0.84630000
vn 0.33520000 -0.88020000 0.33600000
vn 0.34990000 -0.86860000 0.35070000
vn 0.61370000 -0.49500000 0.61510000
vn 0.65660000 -0.37600000 0.65380000
vn 1.00000000 0.00340000 0.00390000
vn 1.00000000 0.00000000 0.00390000
vn 0.92070000 0.39040000 0.00380000
vn 0.70180000 0.71230000 0.00280000
vn 0.76720000 -0.64130000 0.00330000
vn 0.97980000 0.19990000 0.00420000
vn 0.50080000 -0.86550000 0.00180000
vn 0.97890000 0.20430000 0.00400000
vn 0.93950000 -0.34240000 0.00390000
vn 0.81400000 0.58090000 0.00330000
vn 0.81980000 0.57270000 0.00350000
vn 0.99800000 0.06270000 0.00410000
vn 0.82760000 -0.56120000 0.00360000
vn 0.38740000 -0.92190000 0.00170000
vn 0.48140000 -0.87650000 0.00170000
vn 0.82880000 0.55960000 0.00360000
vn 0.87050000 -0.49220000 0.00300000
vn 0.92660000 -0.37600000 0.00330000
vn 0.84580000 -0.40180000 0.35100000
vn 0.47370000 -0.88070000 0.00190000
vn 0.49570000 -0.86850000 0.00160000
vn 0.86860000 -0.49550000 0.00310000
vn 1.00000000 -0.00000000 0.00020000
vn 1.00000000 -0.00000000 0.00020000
vn 1.00000000 0.00340000 0.00020000
vn 1.00000000 0.00340000 0.00020000
vn 0.92070000 0.39030000 0.00020000
vn 0.92070000 0.39030000 0.00020000
vn 0.70230000 0.71190000 0.00020000
vn 0.70230000 0.71190000 0.00020000
vn 0.97990000 0.19960000 0.00020000
vn 0.97990000 0.19960000 0.00020000
vn 0.76800000 -0.64050000 0.00020000
vn 0.76800000 -0.64050000 0.00020000
vn 0.50050000 -0.86570000 0.00010000
vn 0.50050000 -0.86570000 0.00010000
vn 0.93950000 -0.34260000 0.00020000
vn 0.93950000 -0.34260000 0.00020000
vn 0.97890000 0.20430000 0.00020000
vn 0.97890000 0.20430000 0.00020000
vn 0.81410000 0.58070000 0.00020000
vn 0.81410000 0.58070000 0.00020000
vn 0.82030000 0.57190000 0.00020000
vn 0.82030000 0.57190000 0.00020000
vn 0.99800000 0.06250000 0.00020000
vn 0.99800000 0.06250000 0.00020000
vn 0.82810000 -0.56050000 0.00020000
vn 0.82810000 -0.56050000 0.00020000
vn 0.38830000 -0.92150000 0.00010000
vn 0.38830000 -0.92150000 0.00010000
vn 0.48120000 -0.87660000 0.00010000
vn 0.48120000 -0.87660000 0.00010000
vn 0.92410000 0.00000000 -0.38200000
vn 0.92410000 0.00360000 -0.38200000
vn 0.62220000 0.73940000 -0.25720000
vn 0.85630000 0.37600000 -0.35400000
vn 0.90030000 0.22550000 -0.37220000
vn 0.62640000 -0.73520000 -0.25900000
vn 0.49530000 -0.84430000 -0.20470000
vn 0.87090000 -0.33440000 -0.36000000
vn 0.90390000 0.20810000 -0.37370000
vn 0.72010000 0.62680000 -0.29770000
vn 0.74980000 0.58460000 -0.30990000
vn 0.92170000 0.07280000 -0.38100000
vn 0.72050000 -0.62620000 -0.29780000
vn 0.28960000 -0.94960000 -0.11970000
vn 0.47960000 -0.85480000 -0.19820000
vn 0.73130000 0.61140000 -0.30230000
vn 0.82920000 0.55890000 0.00020000
vn 0.82920000 0.55890000 0.00020000
vn 0.87070000 -0.49190000 0.00020000
vn 0.87070000 -0.49190000 0.00020000
vn 0.49540000 -0.86860000 0.00010000
vn 0.49540000 -0.86860000 0.00010000
vn 0.50120000 -0.84020000 -0.20720000
vn 0.79680000 -0.50650000 -0.32940000
vn 0.34810000 -0.92640000 -0.14390000
vn 0.47460000 -0.88020000 0.00010000
vn 0.47460000 -0.88020000 0.00010000
vn 0.77580000 -0.54340000 -0.32070000
vn 0.86890000 -0.49500000 0.00020000
vn 0.86890000 -0.49500000 0.00020000
vn 0.00390000 0.00340000 -1.00000000
vn 0.38330000 0.00360000 -0.92360000
vn 0.38330000 0.00000000 -0.92360000
vn 0.00390000 0.00000000 -1.00000000
vn 0.00380000 0.39040000 -0.92070000
vn 0.00280000 0.71230000 -0.70180000
vn 0.25810000 0.73940000 -0.62180000
vn 0.35510000 0.37650000 -0.85560000
vn 0.00330000 -0.64130000 -0.76720000
vn 0.26060000 -0.73340000 -0.62780000
vn 0.37350000 0.22510000 -0.89990000
vn 0.00420000 0.19990000 -0.97980000
vn 0.00180000 -0.86550000 -0.50090000
vn 0.20530000 -0.84450000 -0.49470000
vn 0.00400000 0.20430000 -0.97890000
vn 0.37500000 0.20820000 -0.90340000
vn 0.36130000 -0.33440000 -0.87040000
vn 0.00390000 -0.34240000 -0.93950000
vn 0.00330000 0.58090000 -0.81400000
vn 0.00350000 0.57270000 -0.81980000
vn 0.29880000 0.62640000 -0.72000000
vn 0.31090000 0.58490000 -0.74910000
vn 0.00410000 0.06270000 -0.99800000
vn 0.38230000 0.07290000 -0.92120000
vn 0.29920000 -0.62510000 -0.72090000
vn 0.00360000 -0.56120000 -0.82770000
vn 0.00170000 -0.92190000 -0.38740000
vn 0.12050000 -0.94940000 -0.29020000
vn 0.00170000 -0.87650000 -0.48140000
vn 0.19860000 -0.85530000 -0.47850000
vn 0.00360000 0.55960000 -0.82880000
vn 0.30350000 0.61080000 -0.73130000
vn 0.33050000 -0.50680000 -0.79620000
vn 0.00300000 -0.49220000 -0.87050000
vn 0.00330000 -0.37600000 -0.92660000
vn 0.35100000 -0.40180000 -0.84580000
vn 0.14480000 -0.92590000 -0.34890000
vn 0.00190000 -0.88070000 -0.47370000
vn 0.00160000 -0.86850000 -0.49570000
vn 0.20760000 -0.84070000 -0.50010000
vn 0.32190000 -0.54320000 -0.77540000
vn 0.00310000 -0.49560000 -0.86860000
vn 0.00020000 0.00000000 -1.00000000
vn 0.00020000 0.00340000 -1.00000000
vn 0.00020000 0.39030000 -0.92070000
vn 0.00020000 0.71190000 -0.70230000
vn 0.00020000 0.19960000 -0.97990000
vn 0.00020000 -0.64050000 -0.76800000
vn 0.00010000 -0.86570000 -0.50050000
vn 0.00020000 -0.34260000 -0.93950000
vn 0.00020000 0.20420000 -0.97890000
vn 0.00020000 0.58060000 -0.81420000
vn 0.00020000 0.57190000 -0.82030000
vn 0.00020000 0.06250000 -0.99800000
vn 0.00020000 -0.56060000 -0.82810000
vn 0.00010000 -0.92150000 -0.38830000
vn 0.00010000 -0.87660000 -0.48120000
vn 0.00020000 0.55890000 -0.82920000
vn 0.00020000 -0.49190000 -0.87070000
vn 0.00010000 -0.86860000 -0.49540000
vn 0.00010000 -0.88020000 -0.47460000
vn 0.00020000 -0.49500000 -0.86890000
vn 0.70530000 0.00330000 -0.70890000
vn 0.70530000 0.00000000 -0.70890000
vn 0.49500000 0.71240000 -0.49760000
vn 0.64920000 0.39040000 -0.65280000
vn 0.54090000 -0.64140000 -0.54410000
vn 0.69090000 0.19980000 -0.69480000
vn 0.35350000 -0.86550000 -0.35500000
vn 0.69030000 0.20430000 -0.69400000
vn 0.66260000 -0.34240000 -0.66620000
vn 0.57800000 0.57270000 -0.58140000
vn 0.57410000 0.58090000 -0.57710000
vn 0.70380000 0.06270000 -0.70760000
vn 0.27310000 -0.92190000 -0.27470000
vn 0.58350000 -0.56120000 -0.58700000
vn 0.33970000 -0.87650000 -0.34110000
vn 0.58430000 0.55960000 -0.58780000
vn 0.61430000 -0.49220000 -0.61680000
vn 0.34990000 -0.86850000 -0.35110000
vn 0.33410000 -0.88070000 -0.33580000
vn 0.61290000 -0.49560000 -0.61550000
vn 0.70800000 0.00000000 -0.70630000
vn 0.70800000 0.00340000 -0.70630000
vn 0.65180000 0.39030000 -0.65020000
vn 0.49720000 0.71190000 -0.49600000
vn 0.69370000 0.19960000 -0.69210000
vn 0.54370000 -0.64050000 -0.54240000
vn 0.35430000 -0.86570000 -0.35350000
vn 0.66510000 -0.34260000 -0.66350000
vn 0.69300000 0.20430000 -0.69140000
vn 0.57640000 0.58060000 -0.57500000
vn 0.58070000 0.57190000 -0.57940000
vn 0.70660000 0.06250000 -0.70490000
vn 0.58630000 -0.56050000 -0.58490000
vn 0.27490000 -0.92150000 -0.27420000
vn 0.34070000 -0.87660000 -0.33990000
vn 0.58700000 0.55890000 -0.58570000
vn 0.61640000 -0.49190000 -0.61490000
vn 0.65610000 -0.37560000 -0.65450000
vn 0.84630000 -0.40170000 -0.34990000
vn 0.33600000 -0.88020000 -0.33520000
vn 0.35070000 -0.86860000 -0.34990000
vn 0.61510000 -0.49500000 -0.61370000
vn 0.65380000 -0.37600000 -0.65660000
vn -0.00020000 -0.37560000 0.92680000
vn -0.92680000 -0.37560000 -0.00020000
vn -0.92680000 -0.37560000 -0.00020000
vn 0.92680000 -0.37560000 0.00020000
vn 0.92680000 -0.37560000 0.00020000
vn 0.00020000 -0.37560000 -0.92680000
vn -0.00330000 -0.50670000 0.86210000
vn -0.32870000 -0.51440000 0.79210000
vn 0.32770000 -0.51410000 0.79270000
vn -0.00020000 -0.50640000 0.86230000
vn -0.60810000 -0.50670000 0.61110000
vn -0.61050000 -0.50640000 0.60900000
vn -0.79270000 -0.51410000 0.32770000
vn -0.79200000 -0.51440000 -0.32870000
vn -0.61110000 -0.50670000 -0.60810000
vn -0.60900000 -0.50640000 -0.61050000
vn -0.32770000 -0.51410000 -0.79270000
vn -0.86210000 -0.50670000 -0.00330000
vn -0.86230000 -0.50640000 -0.00020000
vn -0.86230000 -0.50640000 -0.00020000
vn 0.79200000 -0.51440000 0.32870000
vn 0.61100000 -0.50670000 0.60820000
vn 0.60900000 -0.50640000 0.61050000
vn 0.86210000 -0.50670000 0.00330000
vn 0.79270000 -0.51410000 -0.32770000
vn 0.86230000 -0.50640000 0.00020000
vn 0.86230000 -0.50640000 0.00020000
vn 0.00330000 -0.50670000 -0.86210000
vn 0.32870000 -0.51440000 -0.79200000
vn 0.00020000 -0.50640000 -0.86230000
vn 0.60820000 -0.50670000 -0.61100000
vn 0.61040000 -0.50640000 -0.60900000
vn -0.00220000 -0.67710000 0.73590000
vn -0.30390000 -0.61050000 0.73140000
vn -0.03660000 -0.99550000 0.08760000
vn -0.40150000 -0.00120000 0.91590000
vn 0.00070000 -0.00020000 1.00000000
vn 0.00010000 -0.99450000 0.10450000
vn -0.00310000 -0.00290000 1.00000000
vn -0.38330000 -0.00310000 0.92360000
vn -0.00230000 -0.63380000 0.77350000
vn -0.26320000 -0.72710000 0.63410000
vn -0.00090000 -0.99450000 0.10430000
vn -0.00750000 -0.00000000 1.00000000
vn -0.00030000 -0.67760000 0.73540000
vn -0.00020000 -0.00290000 1.00000000
vn -0.00020000 -0.63320000 0.77400000
vn 0.03720000 -0.99520000 0.09020000
vn 0.37320000 -0.00000000 0.92780000
vn 0.30280000 -0.60940000 0.73280000
vn 0.38200000 -0.00320000 0.92410000
vn 0.26180000 -0.72820000 0.63330000
vn -0.51890000 -0.67840000 0.52010000
vn -0.72130000 -0.00090000 0.69260000
vn -0.07250000 -0.99500000 0.06920000
vn -0.70590000 -0.00290000 0.70830000
vn -0.54610000 -0.63380000 0.54780000
vn -0.07370000 -0.99450000 0.07390000
vn -0.70560000 -0.00000000 0.70860000
vn -0.52060000 -0.67770000 0.51940000
vn -0.70790000 -0.00290000 0.70630000
vn -0.08870000 -0.99530000 0.03780000
vn -0.92140000 -0.00060000 0.38850000
vn -0.73240000 -0.60980000 0.30270000
vn -0.92410000 -0.00320000 0.38210000
vn -0.63330000 -0.72820000 0.26180000
vn -0.54790000 -0.63320000 0.54660000
vn -0.08770000 -0.99550000 -0.03640000
vn -0.92390000 -0.00120000 -0.38270000
vn -0.73150000 -0.61050000 -0.30360000
vn -0.52070000 -0.67770000 -0.51920000
vn -0.07160000 -0.99470000 -0.07320000
vn -0.70000000 -0.00050000 -0.71420000
vn -0.92360000 -0.00320000 -0.38340000
vn -0.70830000 -0.00290000 -0.70590000
vn -0.63410000 -0.72710000 -0.26320000
vn -0.54780000 -0.63380000 -0.54610000
vn -0.07500000 -0.99430000 -0.07560000
vn -0.70520000 -0.00000000 -0.70900000
vn -0.51980000 -0.67690000 -0.52110000
vn -0.70630000 -0.00290000 -0.70790000
vn -0.30280000 -0.60940000 -0.73280000
vn -0.03720000 -0.99520000 -0.09020000
vn -0.37320000 -0.00000000 -0.92770000
vn -0.38210000 -0.00310000 -0.92410000
vn -0.54660000 -0.63320000 -0.54790000
vn -0.26180000 -0.72820000 -0.63330000
vn -0.73530000 -0.67780000 -0.00200000
vn -1.00000000 -0.00070000 0.00990000
vn -0.10230000 -0.99480000 0.00110000
vn -1.00000000 -0.00290000 -0.00310000
vn -0.77350000 -0.63380000 -0.00230000
vn -1.00000000 -0.00110000 0.00430000
vn -0.10400000 -0.99460000 0.00040000
vn -1.00000000 -0.00110000 0.00430000
vn -0.73510000 -0.67790000 -0.00000000
vn -1.00000000 -0.00290000 -0.00020000
vn -0.77390000 -0.63330000 -0.00020000
vn 0.08770000 -0.99550000 0.03640000
vn 0.92390000 -0.00120000 0.38270000
vn 0.73150000 -0.61050000 0.30360000
vn 0.52070000 -0.67770000 0.51920000
vn 0.69990000 -0.00050000 0.71420000
vn 0.07160000 -0.99470000 0.07320000
vn 0.92360000 -0.00320000 0.38330000
vn 0.70830000 -0.00290000 0.70590000
vn 0.63410000 -0.72710000 0.26320000
vn 0.54780000 -0.63380000 0.54610000
vn 0.70520000 -0.00000000 0.70900000
vn 0.07500000 -0.99430000 0.07560000
vn 0.51980000 -0.67700000 0.52110000
vn 0.70630000 -0.00290000 0.70790000
vn 0.54670000 -0.63320000 0.54790000
vn 0.73530000 -0.67780000 0.00200000
vn 0.10230000 -0.99480000 -0.00120000
vn 0.99990000 -0.00050000 -0.01010000
vn 1.00000000 -0.00290000 0.00310000
vn 0.77350000 -0.63380000 0.00230000
vn 0.10230000 -0.99480000 0.00130000
vn 0.99990000 -0.00000000 0.01170000
vn 0.99990000 -0.00000000 0.01170000
vn 0.73480000 -0.67830000 0.00040000
vn 1.00000000 -0.00290000 0.00020000
vn 0.92750000 -0.00000000 -0.37380000
vn 0.08840000 -0.99540000 -0.03650000
vn 0.73250000 -0.60980000 -0.30270000
vn 0.92410000 -0.00310000 -0.38200000
vn 0.63340000 -0.72820000 -0.26180000
vn 0.77390000 -0.63320000 0.00020000
vn 0.00220000 -0.67710000 -0.73590000
vn 0.30380000 -0.61050000 -0.73140000
vn 0.03660000 -0.99550000 -0.08760000
vn 0.40160000 -0.00120000 -0.91580000
vn -0.00070000 -0.00020000 -1.00000000
vn -0.00010000 -0.99450000 -0.10450000
vn 0.00310000 -0.00290000 -1.00000000
vn 0.38330000 -0.00310000 -0.92360000
vn 0.00230000 -0.63380000 -0.77350000
vn 0.26320000 -0.72710000 -0.63410000
vn 0.00750000 -0.00000000 -1.00000000
vn 0.00090000 -0.99450000 -0.10430000
vn 0.00030000 -0.67760000 -0.73540000
vn 0.00020000 -0.00290000 -1.00000000
vn 0.00020000 -0.63320000 -0.77400000
vn 0.51890000 -0.67840000 -0.52010000
vn 0.07250000 -0.99500000 -0.06910000
vn 0.72140000 -0.00090000 -0.69260000
vn 0.70590000 -0.00290000 -0.70830000
vn 0.54610000 -0.63380000 -0.54780000
vn 0.70560000 -0.00000000 -0.70860000
vn 0.07370000 -0.99450000 -0.07390000
vn 0.52050000 -0.67770000 -0.51940000
vn 0.70790000 -0.00290000 -0.70630000
vn 0.54790000 -0.63320000 -0.54660000
vn -0.00140000 -0.85670000 0.51570000
vn -0.21120000 -0.83450000 0.50900000
vn -0.00130000 0.88460000 0.46630000
vn -0.00080000 0.96710000 0.25430000
vn -0.09040000 0.97180000 0.21780000
vn -0.18470000 0.87630000 0.44490000
vn -0.00070000 0.97330000 0.22930000
vn -0.00020000 0.99820000 0.05990000
vn -0.02640000 0.99760000 0.06360000
vn -0.09090000 0.97150000 0.21910000
vn 0.00270000 0.70790000 -0.70630000
vn 0.22870000 0.80240000 -0.55110000
vn -0.00170000 0.85450000 0.51940000
vn -0.00170000 0.83160000 0.55530000
vn -0.21760000 0.82320000 0.52430000
vn -0.16890000 0.89760000 0.40710000
vn -0.00290000 0.35100000 0.93640000
vn -0.36200000 0.32870000 0.87230000
vn -0.35250000 -0.39270000 0.84940000
vn -0.00270000 -0.39330000 0.91940000
vn -0.00010000 -0.85680000 0.51560000
vn -0.00010000 0.97330000 0.22930000
vn -0.00000000 0.99820000 0.05980000
vn 0.00020000 0.70710000 -0.70710000
vn -0.00020000 0.35100000 0.93640000
vn -0.00010000 0.88460000 0.46630000
vn 0.21080000 -0.83410000 0.50980000
vn 0.09010000 0.97180000 0.21800000
vn -0.00010000 0.96710000 0.25450000
vn 0.18420000 0.87610000 0.44560000
vn 0.02640000 0.99760000 0.06380000
vn 0.09080000 0.97140000 0.21950000
vn -0.22710000 0.80400000 -0.54950000
vn 0.21710000 0.82290000 0.52510000
vn -0.00010000 0.83160000 0.55540000
vn -0.00010000 0.85410000 0.52000000
vn 0.16820000 0.89790000 0.40680000
vn 0.36090000 0.32830000 0.87290000
vn 0.35140000 -0.39250000 0.85000000
vn -0.00020000 -0.39310000 0.91950000
vn -0.36420000 -0.85670000 0.36520000
vn -0.17950000 0.96710000 0.18010000
vn -0.32930000 0.88460000 0.33020000
vn -0.04230000 0.99820000 0.04240000
vn -0.16190000 0.97330000 0.16240000
vn 0.49820000 0.70790000 -0.50070000
vn -0.39210000 0.83160000 0.39330000
vn -0.36660000 0.85460000 0.36790000
vn -0.66100000 0.35100000 0.66320000
vn -0.64910000 -0.39330000 0.65110000
vn -0.36500000 -0.85680000 0.36420000
vn -0.04230000 0.99820000 0.04220000
vn -0.16240000 0.97330000 0.16200000
vn 0.50060000 0.70710000 -0.49940000
vn -0.33010000 0.88460000 0.32940000
vn -0.66290000 0.35100000 0.66130000
vn -0.50980000 -0.83410000 0.21080000
vn -0.18020000 0.96710000 0.17980000
vn -0.21800000 0.97180000 0.09010000
vn -0.44560000 0.87610000 0.18420000
vn -0.06380000 0.99760000 0.02640000
vn -0.21950000 0.97140000 0.09080000
vn 0.54950000 0.80400000 -0.22720000
vn -0.36820000 0.85410000 0.36730000
vn -0.39320000 0.83160000 0.39230000
vn -0.52510000 0.82290000 0.21710000
vn -0.40680000 0.89790000 0.16820000
vn -0.87290000 0.32830000 0.36080000
vn -0.85000000 -0.39250000 0.35140000
vn -0.65090000 -0.39310000 0.64940000
vn -0.50900000 -0.83450000 -0.21130000
vn -0.36520000 -0.85670000 -0.36420000
vn -0.21780000 0.97180000 -0.09040000
vn -0.18010000 0.96710000 -0.17950000
vn -0.33020000 0.88460000 -0.32930000
vn -0.44490000 0.87630000 -0.18470000
vn -0.06360000 0.99760000 -0.02640000
vn -0.04240000 0.99820000 -0.04230000
vn -0.16240000 0.97330000 -0.16190000
vn -0.21910000 0.97150000 -0.09090000
vn 0.55110000 0.80250000 0.22880000
vn 0.50070000 0.70790000 0.49820000
vn -0.52430000 0.82320000 -0.21760000
vn -0.39330000 0.83160000 -0.39210000
vn -0.36790000 0.85460000 -0.36660000
vn -0.40700000 0.89760000 -0.16890000
vn -0.66320000 0.35100000 -0.66100000
vn -0.87230000 0.32860000 -0.36200000
vn -0.84940000 -0.39280000 -0.35250000
vn -0.65110000 -0.39330000 -0.64910000
vn -0.36420000 -0.85680000 -0.36500000
vn -0.04220000 0.99820000 -0.04230000
vn -0.16200000 0.97330000 -0.16240000
vn 0.49940000 0.70710000 0.50060000
vn -0.32940000 0.88460000 -0.33010000
vn -0.66130000 0.35100000 -0.66290000
vn -0.21080000 -0.83410000 -0.50980000
vn -0.17980000 0.96710000 -0.18020000
vn -0.09010000 0.97180000 -0.21800000
vn -0.18420000 0.87610000 -0.44560000
vn -0.02640000 0.99760000 -0.06380000
vn -0.09080000 0.97140000 -0.21950000
vn 0.22720000 0.80400000 0.54950000
vn -0.36730000 0.85410000 -0.36820000
vn -0.39230000 0.83160000 -0.39320000
vn -0.21710000 0.82290000 -0.52510000
vn -0.16820000 0.89790000 -0.40680000
vn -0.36080000 0.32830000 -0.87290000
vn -0.35140000 -0.39250000 -0.85000000
vn -0.64940000 -0.39310000 -0.65090000
vn -0.51570000 -0.85670000 -0.00140000
vn -0.46630000 0.88460000 -0.00130000
vn -0.25430000 0.96710000 -0.00080000
vn -0.22930000 0.97330000 -0.00070000
vn -0.05990000 0.99820000 -0.00020000
vn 0.70630000 0.70790000 0.00270000
vn -0.51940000 0.85460000 -0.00170000
vn -0.55530000 0.83160000 -0.00170000
vn -0.93640000 0.35100000 -0.00290000
vn -0.91940000 -0.39330000 -0.00270000
vn -0.51560000 -0.85680000 -0.00010000
vn -0.22940000 0.97330000 -0.00010000
vn -0.05980000 0.99820000 -0.00000000
vn 0.70710000 0.70720000 0.00010000
vn -0.93630000 0.35110000 -0.00020000
vn -0.46630000 0.88460000 -0.00010000
vn -0.25450000 0.96710000 -0.00010000
vn -0.55540000 0.83160000 -0.00010000
vn -0.52000000 0.85420000 -0.00010000
vn -0.91950000 -0.39310000 -0.00020000
vn 0.50900000 -0.83450000 0.21120000
vn 0.36510000 -0.85680000 0.36420000
vn 0.21780000 0.97180000 0.09040000
vn 0.18010000 0.96710000 0.17950000
vn 0.33020000 0.88460000 0.32930000
vn 0.44490000 0.87630000 0.18470000
vn 0.06360000 0.99760000 0.02640000
vn 0.04240000 0.99820000 0.04230000
vn 0.16240000 0.97330000 0.16190000
vn 0.21910000 0.97150000 0.09090000
vn -0.55110000 0.80240000 -0.22870000
vn -0.50070000 0.70790000 -0.49820000
vn 0.52430000 0.82320000 0.21760000
vn 0.39330000 0.83160000 0.39210000
vn 0.36790000 0.85450000 0.36660000
vn 0.40710000 0.89760000 0.16890000
vn 0.66320000 0.35100000 0.66100000
vn 0.87230000 0.32870000 0.36200000
vn 0.84940000 -0.39270000 0.35250000
vn 0.65110000 -0.39330000 0.64910000
vn 0.36420000 -0.85680000 0.36500000
vn 0.04220000 0.99820000 0.04230000
vn 0.16200000 0.97330000 0.16240000
vn -0.49940000 0.70710000 -0.50060000
vn 0.32940000 0.88460000 0.33010000
vn 0.66130000 0.35110000 0.66290000
vn 0.17980000 0.96710000 0.18020000
vn 0.36730000 0.85420000 0.36810000
vn 0.39230000 0.83160000 0.39320000
vn 0.64940000 -0.39310000 0.65100000
vn 0.51570000 -0.85680000 0.00140000
vn 0.46630000 0.88460000 0.00130000
vn 0.25430000 0.96710000 0.00080000
vn 0.22930000 0.97340000 0.00070000
vn 0.05990000 0.99820000 0.00020000
vn -0.70630000 0.70790000 -0.00270000
vn 0.51940000 0.85460000 0.00170000
vn 0.55530000 0.83160000 0.00170000
vn 0.93640000 0.35100000 0.00290000
vn 0.91940000 -0.39320000 0.00270000
vn 0.51560000 -0.85680000 0.00010000
vn 0.22930000 0.97330000 0.00010000
vn 0.05980000 0.99820000 0.00000000
vn -0.70710000 0.70710000 -0.00020000
vn 0.93640000 0.35100000 0.00020000
vn 0.46630000 0.88460000 0.00010000
vn 0.50980000 -0.83410000 -0.21070000
vn 0.21800000 0.97180000 -0.09010000
vn 0.25450000 0.96710000 0.00010000
vn 0.44560000 0.87610000 -0.18420000
vn 0.06380000 0.99760000 -0.02640000
vn 0.21950000 0.97140000 -0.09080000
vn -0.54950000 0.80400000 0.22720000
vn 0.52510000 0.82290000 -0.21710000
vn 0.55540000 0.83160000 0.00010000
vn 0.52000000 0.85420000 0.00010000
vn 0.40680000 0.89790000 -0.16820000
vn 0.87290000 0.32830000 -0.36080000
vn 0.85000000 -0.39250000 -0.35140000
vn 0.91950000 -0.39310000 0.00020000
vn 0.00140000 -0.85670000 -0.51570000
vn 0.21120000 -0.83450000 -0.50900000
vn 0.00130000 0.88460000 -0.46630000
vn 0.00080000 0.96710000 -0.25430000
vn 0.09040000 0.97180000 -0.21780000
vn 0.18470000 0.87630000 -0.44490000
vn 0.00070000 0.97330000 -0.22930000
vn 0.00020000 0.99820000 -0.05990000
vn 0.02640000 0.99760000 -0.06360000
vn 0.09090000 0.97150000 -0.21910000
vn -0.00270000 0.70790000 0.70630000
vn -0.22870000 0.80240000 0.55120000
vn 0.00170000 0.85450000 -0.51940000
vn 0.00170000 0.83160000 -0.55530000
vn 0.21760000 0.82320000 -0.52430000
vn 0.16900000 0.89760000 -0.40710000
vn 0.00290000 0.35100000 -0.93640000
vn 0.36200000 0.32860000 -0.87230000
vn 0.35250000 -0.39280000 -0.84940000
vn 0.00270000 -0.39330000 -0.91940000
vn 0.00010000 -0.85680000 -0.51560000
vn 0.00010000 0.97330000 -0.22940000
vn 0.00000000 0.99820000 -0.05980000
vn -0.00020000 0.70710000 0.70710000
vn 0.00020000 0.35100000 -0.93640000
vn 0.00010000 0.88460000 -0.46630000
vn 0.00010000 0.96710000 -0.25450000
vn 0.00010000 0.83160000 -0.55540000
vn 0.00010000 0.85410000 -0.52000000
vn 0.00020000 -0.39310000 -0.91950000
vn 0.36420000 -0.85670000 -0.36520000
vn 0.17950000 0.96710000 -0.18010000
vn 0.32930000 0.88460000 -0.33020000
vn 0.04230000 0.99820000 -0.04240000
vn 0.16190000 0.97330000 -0.16240000
vn -0.49820000 0.70790000 0.50070000
vn 0.39210000 0.83160000 -0.39330000
vn 0.36660000 0.85450000 -0.36790000
vn 0.66100000 0.35100000 -0.66320000
vn 0.64910000 -0.39330000 -0.65110000
vn 0.36500000 -0.85680000 -0.36420000
vn 0.04230000 0.99820000 -0.04220000
vn 0.16240000 0.97330000 -0.16200000
vn -0.50060000 0.70710000 0.49940000
vn 0.33010000 0.88460000 -0.32940000
vn 0.66290000 0.35110000 -0.66130000
vn 0.18020000 0.96710000 -0.17980000
vn 0.36820000 0.85410000 -0.36730000
vn 0.39320000 0.83160000 -0.39230000
vn 0.65100000 -0.39310000 -0.64940000
vn 0.00000000 1.00000000 -0.00000000
vn 0.00000000 1.00000000 -0.00000000
vn 0.00000000 1.00000000 -0.00000000
vn 0.38330000 0.00000000 -0.92360000
vn 0.38330000 0.00000000 -0.92360000
vn 0.00390000 0.00000000 -1.00000000
vn 0.00390000 0.00000000 -1.00000000
vn 0.00030000 0.00000000 -1.00000000
vn 0.00030000 0.00000000 -1.00000000
vn -0.38200000 0.00000000 -0.92420000
vn -0.38200000 0.00000000 -0.92420000
vn -0.70630000 0.00000000 -0.70790000
vn -0.70630000 0.00000000 -0.70790000
vn -0.70890000 0.00000000 -0.70540000
vn -0.70890000 0.00000000 -0.70540000
vn -0.92360000 0.00000000 -0.38330000
vn -0.92360000 0.00000000 -0.38330000
vn -1.00000000 0.00000000 -0.00390000
vn -1.00000000 0.00000000 -0.00390000
vn -1.00000000 0.00000000 -0.00030000
vn -1.00000000 0.00000000 -0.00030000
vn -1.00000000 0.00000000 -0.00030000
vn -0.92410000 0.00000000 0.38200000
vn -0.92410000 0.00000000 0.38200000
vn -0.70790000 0.00000000 0.70630000
vn -0.70790000 0.00000000 0.70630000
vn -0.70530000 0.00000000 0.70890000
vn -0.70530000 0.00000000 0.70890000
vn -0.38330000 0.00000000 0.92360000
vn -0.38330000 0.00000000 0.92360000
vn -0.00390000 0.00000000 1.00000000
vn -0.00390000 0.00000000 1.00000000
vn -0.00020000 0.00000000 1.00000000
vn -0.00020000 0.00000000 1.00000000
vn 0.38200000 0.00000000 0.92420000
vn 0.38200000 0.00000000 0.92420000
vn 0.70630000 0.00000000 0.70800000
vn 0.70630000 0.00000000 0.70800000
vn 0.70880000 0.00000000 0.70540000
vn 0.70880000 0.00000000 0.70540000
vn 0.92360000 0.00000000 0.38340000
vn 0.92360000 0.00000000 0.38340000
vn 1.00000000 0.00000000 0.00390000
vn 1.00000000 0.00000000 0.00390000
vn 1.00000000 0.00000000 0.00020000
vn 1.00000000 0.00000000 0.00020000
vn 1.00000000 0.00000000 0.00020000
vn 0.92410000 0.00000000 -0.38200000
vn 0.92410000 0.00000000 -0.38200000
vn 0.70800000 0.00000000 -0.70630000
vn 0.70800000 0.00000000 -0.70630000
vn 0.70540000 0.00000000 -0.70890000
vn 0.70540000 0.00000000 -0.70890000
vn 0.38330000 0.00000000 -0.92360000
vn 0.38330000 0.00000000 -0.92360000
vn 0.00390000 0.00000000 -1.00000000
vn 0.00390000 0.00000000 -1.00000000
vn 0.00020000 0.00000000 -1.00000000
vn 0.00020000 0.00000000 -1.00000000
vn -0.38200000 0.00000000 -0.92420000
vn -0.38200000 0.00000000 -0.92420000
vn -0.70630000 0.00000000 -0.70800000
vn -0.70630000 0.00000000 -0.70800000
vn -0.70890000 0.00000000 -0.70530000
vn -0.70890000 0.00000000 -0.70530000
vn -0.92360000 0.00000000 -0.38330000
vn -0.92360000 0.00000000 -0.38330000
vn -1.00000000 0.00000000 -0.00390000
vn -1.00000000 0.00000000 -0.00390000
vn -1.00000000 -0.00000000 -0.00030000
vn -1.00000000 -0.00000000 -0.00030000
vn -1.00000000 -0.00000000 -0.00030000
vn -0.92310000 0.00680000 0.38440000
vn -0.92310000 0.00680000 0.38440000
vn -0.70790000 0.00000000 0.70630000
vn -0.70790000 0.00000000 0.70630000
vn -0.70530000 0.00000000 0.70890000
vn -0.70530000 0.00000000 0.70890000
vn -0.38950000 0.01880000 0.92080000
vn -0.38950000 0.01880000 0.92080000
vn -0.00380000 0.00000000 1.00000000
vn -0.00380000 0.00000000 1.00000000
vn -0.00020000 0.00000000 1.00000000
vn -0.00020000 0.00000000 1.00000000
vn 0.38200000 0.00000000 0.92420000
vn 0.38200000 0.00000000 0.92420000
vn 0.70630000 0.00000000 0.70800000
vn 0.70630000 0.00000000 0.70800000
vn 0.70880000 0.00000000 0.70540000
vn 0.70880000 0.00000000 0.70540000
vn 0.92360000 0.00000000 0.38340000
vn 0.92360000 0.00000000 0.38340000
vn 1.00000000 0.00000000 0.00390000
vn 1.00000000 0.00000000 0.00390000
vn 1.00000000 0.00000000 0.00020000
vn 1.00000000 0.00000000 0.00020000
vn 1.00000000 0.00000000 0.00020000
vn 0.92410000 0.00000000 -0.38200000
vn 0.92410000 0.00000000 -0.38200000
vn 0.70800000 0.00000000 -0.70630000
vn 0.70800000 0.00000000 -0.70630000
vn 0.70540000 0.00000000 -0.70880000
vn 0.70540000 0.00000000 -0.70880000
vn 0.29730000 0.63140000 -0.71620000
vn 0.00270000 0.70630000 -0.70790000
vn 0.00020000 0.70710000 -0.70710000
vn -0.29660000 0.63040000 -0.71740000
vn -0.49940000 0.70710000 -0.50060000
vn -0.50180000 0.70630000 -0.49930000
vn -0.71630000 0.63140000 -0.29730000
vn -0.70790000 0.70630000 -0.00270000
vn -0.70710000 0.70710000 -0.00020000
vn -0.71670000 0.63790000 0.28180000
vn -0.50150000 0.70700000 0.49860000
vn -0.49730000 0.70610000 0.50400000
vn -0.25950000 0.65010000 0.71420000
vn -0.00270000 0.70630000 0.70790000
vn -0.00020000 0.70710000 0.70710000
vn 0.29660000 0.63040000 0.71740000
vn 0.49940000 0.70710000 0.50060000
vn 0.50180000 0.70630000 0.49930000
vn 0.71620000 0.63140000 0.29730000
vn 0.70790000 0.70630000 0.00270000
vn 0.70720000 0.70710000 0.00010000
vn 0.71740000 0.63040000 -0.29660000
vn 0.50060000 0.70710000 -0.49940000
vn 0.49930000 0.70630000 -0.50180000
vn 0.00000000 1.00000000 -0.00000000
vn 0.00000000 1.00000000 -0.00000000
vn 0.00000000 1.00000000 -0.00000000
vn 0.00000000 1.00000000 -0.00000000
vn 0.00000000 1.00000000 -0.00000000
vn 0.00000000 1.00000000 -0.00000000
vn -0.00010000 -0.93400000 0.35740000
vn -0.00020000 -0.46970000 0.88280000
vn -0.00480000 -0.46960000 0.88290000
vn -0.00170000 -0.93390000 0.35750000
vn -0.00440000 0.52970000 0.84810000
vn -0.00020000 0.52940000 0.84840000
vn -0.00010000 0.74810000 0.66360000
vn -0.00330000 0.74850000 0.66320000
vn -0.00410000 0.68960000 0.72420000
vn -0.00020000 0.68840000 0.72540000
vn -0.00020000 0.18070000 0.98350000
vn -0.00520000 0.18090000 0.98350000
vn -0.00020000 0.54170000 0.84060000
vn -0.00450000 0.54280000 0.83990000
vn -0.00250000 0.86460000 0.50240000
vn -0.00010000 0.86440000 0.50290000
vn -0.00060000 -0.99140000 0.13110000
vn -0.00000000 -0.99130000 0.13130000
vn -0.00020000 0.68900000 0.72480000
vn -0.00410000 0.68790000 0.72580000
vn 0.04650000 -0.99260000 0.11220000
vn 0.14630000 -0.92410000 0.35310000
vn 0.34330000 -0.44200000 0.82870000
vn 0.24820000 0.76130000 0.59910000
vn 0.32290000 0.53660000 0.77960000
vn 0.29830000 0.62640000 0.72020000
vn 0.30150000 0.61590000 0.72780000
vn 0.37610000 0.18530000 0.90790000
vn 0.23710000 0.78520000 0.57210000
vn 0.18830000 0.87060000 0.45450000
vn -0.04650000 -0.99260000 0.11220000
vn -0.14590000 -0.92450000 0.35210000
vn -0.34310000 -0.44280000 0.82830000
vn -0.24810000 0.76150000 0.59890000
vn -0.32290000 0.53680000 0.77950000
vn -0.30090000 0.61770000 0.72650000
vn -0.29900000 0.62410000 0.72190000
vn -0.37600000 0.18530000 0.90790000
vn -0.23840000 0.78230000 0.57550000
vn -0.18820000 0.87070000 0.45440000
vn -0.62090000 -0.46960000 0.62770000
vn -0.63050000 -0.46940000 0.61810000
vn -0.25490000 -0.93380000 0.25090000
vn -0.25160000 -0.93390000 0.25400000
vn -0.47280000 0.74880000 0.46450000
vn -0.60510000 0.53020000 0.59390000
vn -0.59660000 0.52980000 0.60280000
vn -0.46660000 0.74850000 0.47130000
vn -0.51600000 0.69040000 0.50700000
vn -0.50910000 0.68960000 0.51500000
vn -0.69180000 0.18090000 0.69910000
vn -0.70210000 0.18110000 0.68870000
vn -0.35340000 0.86460000 0.35700000
vn -0.59080000 0.54280000 0.59700000
vn -0.59860000 0.54370000 0.58830000
vn -0.35790000 0.86490000 0.35190000
vn -0.09320000 -0.99140000 0.09190000
vn -0.09230000 -0.99140000 0.09310000
vn -0.51860000 0.68700000 0.50900000
vn -0.51030000 0.68790000 0.51610000
vn -0.35120000 -0.92490000 0.14550000
vn -0.11220000 -0.99260000 0.04650000
vn -0.82800000 -0.44370000 0.34290000
vn -0.59850000 0.76180000 0.24790000
vn -0.77930000 0.53710000 0.32280000
vn -0.72560000 0.61900000 0.30060000
vn -0.72310000 0.62250000 0.29950000
vn -0.90790000 0.18530000 0.37600000
vn -0.57810000 0.78000000 0.23960000
vn -0.45410000 0.87090000 0.18810000
vn -0.62770000 -0.46960000 -0.62090000
vn -0.62440000 -0.46960000 -0.62410000
vn -0.25280000 -0.93400000 -0.25260000
vn -0.25400000 -0.93390000 -0.25160000
vn -0.46930000 0.74810000 -0.46910000
vn -0.60000000 0.52930000 -0.59980000
vn -0.60280000 0.52980000 -0.59660000
vn -0.47130000 0.74850000 -0.46660000
vn -0.51290000 0.68850000 -0.51270000
vn -0.51500000 0.68960000 -0.50910000
vn -0.69910000 0.18090000 -0.69180000
vn -0.69560000 0.18080000 -0.69530000
vn -0.35700000 0.86460000 -0.35340000
vn -0.59700000 0.54270000 -0.59080000
vn -0.59450000 0.54170000 -0.59420000
vn -0.35570000 0.86440000 -0.35550000
vn -0.09290000 -0.99130000 -0.09280000
vn -0.09310000 -0.99140000 -0.09230000
vn -0.51260000 0.68900000 -0.51240000
vn -0.51610000 0.68790000 -0.51030000
vn -0.04650000 -0.99260000 -0.11220000
vn -0.14630000 -0.92410000 -0.35310000
vn -0.34330000 -0.44190000 -0.82880000
vn -0.24810000 0.76130000 -0.59910000
vn -0.32290000 0.53660000 -0.77960000
vn -0.30150000 0.61590000 -0.72780000
vn -0.29830000 0.62640000 -0.72020000
vn -0.37600000 0.18530000 -0.90790000
vn -0.23710000 0.78520000 -0.57210000
vn -0.18820000 0.87070000 -0.45450000
vn -0.11220000 -0.99260000 -0.04650000
vn -0.35210000 -0.92450000 -0.14590000
vn -0.82840000 -0.44280000 -0.34310000
vn -0.77950000 0.53680000 -0.32290000
vn -0.59890000 0.76150000 -0.24800000
vn -0.72190000 0.62410000 -0.29900000
vn -0.72650000 0.61770000 -0.30100000
vn -0.90790000 0.18530000 -0.37610000
vn -0.57550000 0.78230000 -0.23840000
vn -0.45440000 0.87070000 -0.18820000
vn -0.35770000 -0.93380000 0.00290000
vn -0.35770000 -0.93380000 0.00290000
vn -0.88290000 -0.46950000 0.00870000
vn -0.88290000 -0.46950000 0.00870000
vn -0.88290000 -0.46960000 -0.00480000
vn -0.35750000 -0.93390000 -0.00170000
vn -0.84810000 0.52980000 -0.00440000
vn -0.84790000 0.53010000 0.00790000
vn -0.84790000 0.53010000 0.00790000
vn -0.66270000 0.74880000 0.00590000
vn -0.66270000 0.74880000 0.00590000
vn -0.66320000 0.74850000 -0.00330000
vn -0.72420000 0.68960000 -0.00410000
vn -0.72360000 0.69020000 0.00640000
vn -0.72360000 0.69020000 0.00640000
vn -0.98340000 0.18090000 0.00940000
vn -0.98340000 0.18090000 0.00940000
vn -0.98350000 0.18090000 -0.00520000
vn -0.83930000 0.54370000 0.00720000
vn -0.83930000 0.54370000 0.00720000
vn -0.83990000 0.54280000 -0.00450000
vn -0.50240000 0.86460000 -0.00260000
vn -0.50190000 0.86490000 0.00430000
vn -0.50190000 0.86490000 0.00430000
vn -0.13110000 -0.99140000 -0.00060000
vn -0.13090000 -0.99140000 0.00090000
vn -0.13090000 -0.99140000 0.00090000
vn -0.72660000 0.68700000 0.00680000
vn -0.72660000 0.68700000 0.00680000
vn -0.72580000 0.68790000 -0.00410000
vn 0.62770000 -0.46960000 0.62090000
vn 0.62440000 -0.46970000 0.62410000
vn 0.25280000 -0.93400000 0.25260000
vn 0.25400000 -0.93390000 0.25160000
vn 0.46940000 0.74810000 0.46910000
vn 0.60010000 0.52930000 0.59980000
vn 0.60290000 0.52970000 0.59660000
vn 0.47130000 0.74850000 0.46660000
vn 0.51290000 0.68850000 0.51270000
vn 0.51500000 0.68960000 0.50910000
vn 0.69910000 0.18090000 0.69180000
vn 0.69560000 0.18070000 0.69530000
vn 0.35700000 0.86460000 0.35340000
vn 0.59710000 0.54280000 0.59070000
vn 0.59450000 0.54170000 0.59420000
vn 0.35570000 0.86440000 0.35550000
vn 0.09290000 -0.99130000 0.09280000
vn 0.09310000 -0.99140000 0.09220000
vn 0.51260000 0.68900000 0.51240000
vn 0.51610000 0.68790000 0.51030000
vn 0.11220000 -0.99260000 0.04650000
vn 0.35220000 -0.92450000 0.14590000
vn 0.82840000 -0.44280000 0.34310000
vn 0.77950000 0.53680000 0.32290000
vn 0.59890000 0.76150000 0.24810000
vn 0.72190000 0.62400000 0.29900000
vn 0.72660000 0.61770000 0.30090000
vn 0.90790000 0.18530000 0.37610000
vn 0.57550000 0.78230000 0.23840000
vn 0.45440000 0.87070000 0.18820000
vn 0.35770000 -0.93380000 -0.00290000
vn 0.35770000 -0.93380000 -0.00290000
vn 0.88300000 -0.46940000 -0.00870000
vn 0.88300000 -0.46940000 -0.00870000
vn 0.88290000 -0.46960000 0.00480000
vn 0.35750000 -0.93390000 0.00170000
vn 0.84820000 0.52970000 0.00440000
vn 0.84790000 0.53010000 -0.00790000
vn 0.84790000 0.53010000 -0.00790000
vn 0.66270000 0.74880000 -0.00580000
vn 0.66270000 0.74880000 -0.00580000
vn 0.66320000 0.74850000 0.00330000
vn 0.72420000 0.68960000 0.00410000
vn 0.72350000 0.69030000 -0.00630000
vn 0.72350000 0.69030000 -0.00630000
vn 0.98340000 0.18100000 -0.00940000
vn 0.98340000 0.18100000 -0.00940000
vn 0.98350000 0.18080000 0.00520000
vn 0.83930000 0.54360000 -0.00720000
vn 0.83930000 0.54360000 -0.00720000
vn 0.83990000 0.54280000 0.00450000
vn 0.50240000 0.86460000 0.00250000
vn 0.50190000 0.86490000 -0.00430000
vn 0.50190000 0.86490000 -0.00430000
vn 0.13110000 -0.99140000 0.00060000
vn 0.13090000 -0.99140000 -0.00090000
vn 0.13090000 -0.99140000 -0.00090000
vn 0.72660000 0.68700000 -0.00680000
vn 0.72660000 0.68700000 -0.00680000
vn 0.72580000 0.68790000 0.00410000
vn 0.11220000 -0.99260000 -0.04650000
vn 0.35120000 -0.92490000 -0.14550000
vn 0.82800000 -0.44370000 -0.34300000
vn 0.59850000 0.76180000 -0.24790000
vn 0.77930000 0.53710000 -0.32280000
vn 0.72310000 0.62250000 -0.29950000
vn 0.72560000 0.61900000 -0.30060000
vn 0.90790000 0.18530000 -0.37610000
vn 0.57810000 0.78000000 -0.23960000
vn 0.45410000 0.87090000 -0.18810000
vn 0.00010000 -0.93400000 -0.35740000
vn 0.00020000 -0.46960000 -0.88290000
vn 0.00480000 -0.46960000 -0.88290000
vn 0.00170000 -0.93390000 -0.35750000
vn 0.00440000 0.52970000 -0.84820000
vn 0.00020000 0.52930000 -0.84840000
vn 0.00020000 0.74810000 -0.66360000
vn 0.00330000 0.74850000 -0.66320000
vn 0.00410000 0.68960000 -0.72420000
vn 0.00030000 0.68840000 -0.72540000
vn 0.00020000 0.18080000 -0.98350000
vn 0.00520000 0.18090000 -0.98350000
vn 0.00020000 0.54170000 -0.84060000
vn 0.00450000 0.54280000 -0.83990000
vn 0.00250000 0.86460000 -0.50240000
vn 0.00010000 0.86440000 -0.50290000
vn 0.00060000 -0.99140000 -0.13110000
vn 0.00000000 -0.99130000 -0.13130000
vn 0.00020000 0.68900000 -0.72480000
vn 0.00410000 0.68790000 -0.72580000
vn 0.04650000 -0.99260000 -0.11220000
vn 0.14590000 -0.92450000 -0.35210000
vn 0.34310000 -0.44290000 -0.82840000
vn 0.24810000 0.76150000 -0.59890000
vn 0.32280000 0.53680000 -0.77950000
vn 0.30090000 0.61770000 -0.72660000
vn 0.29900000 0.62410000 -0.72190000
vn 0.37610000 0.18530000 -0.90790000
vn 0.23840000 0.78230000 -0.57550000
vn 0.18820000 0.87070000 -0.45440000
vn 0.62090000 -0.46960000 -0.62770000
vn 0.63050000 -0.46940000 -0.61820000
vn 0.25490000 -0.93380000 -0.25090000
vn 0.25160000 -0.93390000 -0.25400000
vn 0.47280000 0.74880000 -0.46450000
vn 0.60520000 0.53010000 -0.59390000
vn 0.59660000 0.52980000 -0.60280000
vn 0.46660000 0.74850000 -0.47130000
vn 0.51600000 0.69040000 -0.50700000
vn 0.50910000 0.68960000 -0.51500000
vn 0.69180000 0.18090000 -0.69910000
vn 0.70210000 0.18100000 -0.68870000
vn 0.35340000 0.86460000 -0.35700000
vn 0.59070000 0.54280000 -0.59700000
vn 0.59860000 0.54370000 -0.58830000
vn 0.35790000 0.86490000 -0.35190000
vn 0.09320000 -0.99140000 -0.09190000
vn 0.09220000 -0.99140000 -0.09310000
vn 0.51860000 0.68700000 -0.50900000
vn 0.51030000 0.68790000 -0.51620000
vn -0.00390000 0.00340000 1.00000000
vn -0.38330000 0.00360000 0.92360000
vn -0.38330000 0.00000000 0.92360000
vn -0.00390000 0.00000000 1.00000000
vn -0.00380000 0.39030000 0.92070000
vn -0.00280000 0.71230000 0.70180000
vn -0.25810000 0.73940000 0.62180000
vn -0.35510000 0.37650000 0.85560000
vn -0.00330000 -0.64130000 0.76720000
vn -0.26060000 -0.73340000 0.62790000
vn -0.37350000 0.22510000 0.89990000
vn -0.00420000 0.19990000 0.97980000
vn -0.00180000 -0.86550000 0.50090000
vn -0.20530000 -0.84450000 0.49470000
vn -0.00400000 0.20430000 0.97890000
vn -0.37500000 0.20810000 0.90340000
vn -0.36120000 -0.33440000 0.87050000
vn -0.00390000 -0.34240000 0.93950000
vn -0.00330000 0.58090000 0.81400000
vn -0.00350000 0.57270000 0.81980000
vn -0.29880000 0.62640000 0.72000000
vn -0.31090000 0.58490000 0.74920000
vn -0.00410000 0.06270000 0.99800000
vn -0.38230000 0.07290000 0.92110000
vn -0.29920000 -0.62510000 0.72090000
vn -0.00360000 -0.56120000 0.82770000
vn -0.00170000 -0.92190000 0.38740000
vn -0.12040000 -0.94940000 0.29020000
vn -0.00170000 -0.87650000 0.48140000
vn -0.19860000 -0.85530000 0.47850000
vn -0.00360000 0.55960000 0.82880000
vn -0.30350000 0.61080000 0.73130000
vn -0.33050000 -0.50680000 0.79620000
vn -0.00300000 -0.49220000 0.87050000
vn -0.00330000 -0.37600000 0.92660000
vn -0.35100000 -0.40180000 0.84580000
vn -0.14480000 -0.92590000 0.34890000
vn -0.00190000 -0.88070000 0.47370000
vn -0.00160000 -0.86850000 0.49570000
vn -0.20760000 -0.84070000 0.50010000
vn -0.32180000 -0.54320000 0.77540000
vn -0.00310000 -0.49560000 0.86860000
vn -0.00030000 0.00000000 1.00000000
vn -0.00030000 0.00340000 1.00000000
vn -0.00020000 0.39030000 0.92070000
vn -0.00020000 0.71180000 0.70230000
vn -0.00030000 0.19960000 0.97990000
vn -0.00020000 -0.64050000 0.76800000
vn -0.00010000 -0.86570000 0.50050000
vn -0.00020000 -0.34260000 0.93950000
vn -0.00020000 0.20420000 0.97890000
vn -0.00020000 0.58060000 0.81420000
vn -0.00020000 0.57190000 0.82030000
vn -0.00020000 0.06250000 0.99800000
vn -0.00020000 -0.56060000 0.82810000
vn -0.00010000 -0.92150000 0.38830000
vn -0.00010000 -0.87660000 0.48120000
vn 0.38200000 0.00000000 0.92420000
vn 0.38200000 0.00370000 0.92420000
vn 0.25720000 0.73930000 0.62230000
vn 0.35400000 0.37600000 0.85630000
vn 0.37220000 0.22540000 0.90040000
vn 0.25900000 -0.73520000 0.62640000
vn 0.20470000 -0.84430000 0.49530000
vn 0.36000000 -0.33440000 0.87090000
vn 0.37370000 0.20810000 0.90390000
vn 0.29770000 0.62680000 0.72010000
vn 0.30990000 0.58460000 0.74980000
vn 0.38100000 0.07280000 0.92170000
vn 0.29790000 -0.62620000 0.72050000
vn 0.11970000 -0.94960000 0.28960000
vn 0.19830000 -0.85480000 0.47960000
vn 0.30230000 0.61140000 0.73130000
vn -0.00020000 0.55890000 0.82920000
vn -0.00020000 -0.49190000 0.87070000
vn -0.00010000 -0.86860000 0.49540000
vn 0.20720000 -0.84020000 0.50110000
vn 0.32940000 -0.50650000 0.79680000
vn 0.14390000 -0.92640000 0.34810000
vn -0.00010000 -0.88020000 0.47460000
vn 0.32070000 -0.54350000 0.77580000
vn -0.00020000 -0.49500000 0.86890000
vn -0.70530000 0.00340000 0.70890000
vn -0.70530000 0.00000000 0.70890000
vn -0.49500000 0.71230000 0.49760000
vn -0.64920000 0.39040000 0.65280000
vn -0.54100000 -0.64130000 0.54410000
vn -0.69090000 0.19990000 0.69480000
vn -0.35340000 -0.86550000 0.35490000
vn -0.69030000 0.20430000 0.69410000
vn -0.66250000 -0.34240000 0.66620000
vn -0.57800000 0.57270000 0.58140000
vn -0.57410000 0.58090000 0.57710000
vn -0.70380000 0.06270000 0.70760000
vn -0.27310000 -0.92190000 0.27470000
vn -0.58350000 -0.56120000 0.58700000
vn -0.33970000 -0.87650000 0.34110000
vn -0.58430000 0.55950000 0.58780000
vn -0.61430000 -0.49220000 0.61680000
vn -0.34990000 -0.86850000 0.35110000
vn -0.33410000 -0.88070000 0.33580000
vn -0.61290000 -0.49560000 0.61550000
vn -0.70790000 0.00000000 0.70630000
vn -0.70790000 0.00340000 0.70630000
vn -0.65180000 0.39030000 0.65030000
vn -0.49720000 0.71180000 0.49610000
vn -0.69370000 0.19970000 0.69210000
vn -0.54370000 -0.64050000 0.54240000
vn -0.35430000 -0.86570000 0.35350000
vn -0.66510000 -0.34260000 0.66350000
vn -0.69300000 0.20420000 0.69140000
vn -0.57640000 0.58060000 0.57500000
vn -0.58070000 0.57190000 0.57940000
vn -0.70650000 0.06250000 0.70490000
vn -0.58630000 -0.56060000 0.58490000
vn -0.27490000 -0.92150000 0.27420000
vn -0.34070000 -0.87660000 0.33990000
vn -0.92410000 0.00360000 0.38200000
vn -0.92410000 0.00000000 0.38200000
vn -0.62230000 0.73930000 0.25720000
vn -0.85630000 0.37600000 0.35400000
vn -0.62640000 -0.73520000 0.25890000
vn -0.90040000 0.22540000 0.37220000
vn -0.49520000 -0.84430000 0.20470000
vn -0.90390000 0.20810000 0.37370000
vn -0.87090000 -0.33450000 0.36000000
vn -0.72010000 0.62680000 0.29770000
vn -0.74980000 0.58460000 0.30990000
vn -0.92170000 0.07280000 0.38100000
vn -0.72060000 -0.62610000 0.29790000
vn -0.28960000 -0.94960000 0.11970000
vn -0.47960000 -0.85480000 0.19830000
vn -0.58710000 0.55890000 0.58570000
vn -0.73130000 0.61140000 0.30230000
vn -0.79680000 -0.50650000 0.32940000
vn -0.61640000 -0.49190000 0.61490000
vn -0.65610000 -0.37560000 0.65450000
vn -0.84630000 -0.40170000 0.34980000
vn -0.34810000 -0.92640000 0.14390000
vn -0.33600000 -0.88020000 0.33520000
vn -0.35070000 -0.86860000 0.34990000
vn -0.50110000 -0.84020000 0.20720000
vn -0.77580000 -0.54350000 0.32070000
vn -0.61510000 -0.49500000 0.61370000
vn -0.65380000 -0.37600000 0.65660000
vn -0.70890000 0.00340000 -0.70530000
vn -0.70890000 0.00000000 -0.70530000
vn -0.92360000 0.00000000 -0.38340000
vn -0.92360000 0.00360000 -0.38340000
vn -0.62180000 0.73940000 -0.25810000
vn -0.49760000 0.71230000 -0.49500000
vn -0.65280000 0.39040000 -0.64920000
vn -0.85560000 0.37650000 -0.35520000
vn -0.54410000 -0.64130000 -0.54100000
vn -0.69480000 0.19990000 -0.69090000
vn -0.89990000 0.22510000 -0.37350000
vn -0.62780000 -0.73340000 -0.26060000
vn -0.49460000 -0.84450000 -0.20530000
vn -0.35490000 -0.86550000 -0.35340000
vn -0.69410000 0.20430000 -0.69030000
vn -0.66610000 -0.34240000 -0.66260000
vn -0.87040000 -0.33440000 -0.36120000
vn -0.90340000 0.20820000 -0.37490000
vn -0.72000000 0.62630000 -0.29880000
vn -0.58140000 0.57270000 -0.57800000
vn -0.57710000 0.58090000 -0.57410000
vn -0.74920000 0.58490000 -0.31090000
vn -0.92120000 0.07290000 -0.38230000
vn -0.70760000 0.06270000 -0.70380000
vn -0.72090000 -0.62510000 -0.29920000
vn -0.29020000 -0.94940000 -0.12040000
vn -0.27470000 -0.92190000 -0.27310000
vn -0.58690000 -0.56120000 -0.58350000
vn -0.47850000 -0.85530000 -0.19860000
vn -0.34110000 -0.87650000 -0.33970000
vn -0.73130000 0.61080000 -0.30350000
vn -0.58780000 0.55960000 -0.58430000
vn -0.61680000 -0.49220000 -0.61430000
vn -0.35110000 -0.86850000 -0.34990000
vn -0.50010000 -0.84070000 -0.20750000
vn -0.79620000 -0.50680000 -0.33040000
vn -0.34890000 -0.92590000 -0.14480000
vn -0.33580000 -0.88070000 -0.33410000
vn -0.77540000 -0.54320000 -0.32180000
vn -0.61550000 -0.49560000 -0.61290000
vn -0.70630000 0.00000000 -0.70790000
vn -0.70630000 0.00330000 -0.70790000
vn -0.65030000 0.39030000 -0.65180000
vn -0.49600000 0.71190000 -0.49720000
vn -0.69210000 0.19970000 -0.69370000
vn -0.54240000 -0.64050000 -0.54370000
vn -0.35350000 -0.86570000 -0.35430000
vn -0.66350000 -0.34260000 -0.66510000
vn -0.69140000 0.20420000 -0.69300000
vn -0.57500000 0.58060000 -0.57640000
vn -0.57940000 0.57190000 -0.58070000
vn -0.70490000 0.06250000 -0.70650000
vn -0.58490000 -0.56050000 -0.58630000
vn -0.27420000 -0.92160000 -0.27490000
vn -0.33990000 -0.87660000 -0.34070000
vn -0.38200000 0.00360000 -0.92410000
vn -0.38200000 0.00000000 -0.92410000
vn -0.25730000 0.73940000 -0.62220000
vn -0.35390000 0.37600000 -0.85630000
vn -0.25900000 -0.73520000 -0.62640000
vn -0.37220000 0.22540000 -0.90040000
vn -0.20480000 -0.84430000 -0.49530000
vn -0.37360000 0.20810000 -0.90390000
vn -0.36010000 -0.33440000 -0.87090000
vn -0.29770000 0.62680000 -0.72010000
vn -0.30990000 0.58460000 -0.74980000
vn -0.38100000 0.07280000 -0.92170000
vn -0.29790000 -0.62620000 -0.72050000
vn -0.11970000 -0.94960000 -0.28970000
vn -0.19820000 -0.85480000 -0.47960000
vn -0.58570000 0.55890000 -0.58710000
vn -0.30230000 0.61140000 -0.73130000
vn -0.32940000 -0.50650000 -0.79680000
vn -0.61490000 -0.49190000 -0.61640000
vn -0.65460000 -0.37560000 -0.65610000
vn -0.34990000 -0.40170000 -0.84630000
vn -0.14390000 -0.92630000 -0.34810000
vn -0.33520000 -0.88020000 -0.33600000
vn -0.34990000 -0.86860000 -0.35070000
vn -0.20720000 -0.84020000 -0.50120000
vn -0.32070000 -0.54340000 -0.77580000
vn -0.61370000 -0.49500000 -0.61510000
vn -0.65660000 -0.37600000 -0.65380000
vn -1.00000000 0.00340000 -0.00390000
vn -1.00000000 0.00000000 -0.00390000
vn -0.92070000 0.39040000 -0.00390000
vn -0.70180000 0.71230000 -0.00280000
vn -0.76720000 -0.64130000 -0.00330000
vn -0.97980000 0.19990000 -0.00420000
vn -0.50090000 -0.86550000 -0.00180000
vn -0.97890000 0.20430000 -0.00400000
vn -0.93960000 -0.34240000 -0.00390000
vn -0.81400000 0.58090000 -0.00330000
vn -0.81980000 0.57260000 -0.00350000
vn -0.99800000 0.06270000 -0.00410000
vn -0.82760000 -0.56120000 -0.00360000
vn -0.38740000 -0.92190000 -0.00170000
vn -0.48140000 -0.87650000 -0.00170000
vn -0.82880000 0.55960000 -0.00360000
vn -0.87050000 -0.49220000 -0.00300000
vn -0.92660000 -0.37600000 -0.00330000
vn -0.84580000 -0.40180000 -0.35100000
vn -0.47370000 -0.88070000 -0.00190000
vn -0.49570000 -0.86850000 -0.00160000
vn -0.86860000 -0.49560000 -0.00310000
vn -1.00000000 0.00000000 -0.00030000
vn -1.00000000 0.00000000 -0.00030000
vn -1.00000000 0.00340000 -0.00030000
vn -1.00000000 0.00340000 -0.00030000
vn -0.92070000 0.39030000 -0.00020000
vn -0.92070000 0.39030000 -0.00020000
vn -0.70230000 0.71180000 -0.00020000
vn -0.70230000 0.71180000 -0.00020000
vn -0.97990000 0.19970000 -0.00030000
vn -0.97990000 0.19970000 -0.00030000
vn -0.76800000 -0.64050000 -0.00020000
vn -0.76800000 -0.64050000 -0.00020000
vn -0.50050000 -0.86570000 -0.00010000
vn -0.50050000 -0.86570000 -0.00010000
vn -0.93950000 -0.34260000 -0.00020000
vn -0.93950000 -0.34260000 -0.00020000
vn -0.97890000 0.20420000 -0.00020000
vn -0.97890000 0.20420000 -0.00020000
vn -0.81420000 0.58060000 -0.00020000
vn -0.81420000 0.58060000 -0.00020000
vn -0.82030000 0.57190000 -0.00020000
vn -0.82030000 0.57190000 -0.00020000
vn -0.99800000 0.06240000 -0.00030000
vn -0.99800000 0.06240000 -0.00030000
vn -0.82810000 -0.56060000 -0.00020000
vn -0.82810000 -0.56060000 -0.00020000
vn -0.38830000 -0.92150000 -0.00010000
vn -0.38830000 -0.92150000 -0.00010000
vn -0.48120000 -0.87660000 -0.00010000
vn -0.48120000 -0.87660000 -0.00010000
vn -0.82920000 0.55890000 -0.00020000
vn -0.82920000 0.55890000 -0.00020000
vn -0.87070000 -0.49190000 -0.00020000
vn -0.87070000 -0.49190000 -0.00020000
vn -0.49550000 -0.86860000 -0.00010000
vn -0.49550000 -0.86860000 -0.00010000
vn -0.47460000 -0.88020000 -0.00010000
vn -0.47460000 -0.88020000 -0.00010000
vn -0.86890000 -0.49500000 -0.00020000
vn -0.86890000 -0.49500000 -0.00020000
vn 0.70890000 0.00340000 0.70530000
vn 0.70890000 0.00000000 0.70530000
vn 0.92360000 0.00000000 0.38330000
vn 0.92360000 0.00370000 0.38330000
vn 0.62180000 0.73940000 0.25810000
vn 0.49750000 0.71230000 0.49500000
vn 0.65280000 0.39040000 0.64920000
vn 0.85560000 0.37660000 0.35510000
vn 0.54410000 -0.64140000 0.54090000
vn 0.69480000 0.19990000 0.69090000
vn 0.89990000 0.22510000 0.37350000
vn 0.62780000 -0.73340000 0.26060000
vn 0.49470000 -0.84450000 0.20530000
vn 0.35500000 -0.86550000 0.35350000
vn 0.69410000 0.20430000 0.69030000
vn 0.66620000 -0.34240000 0.66260000
vn 0.87040000 -0.33440000 0.36130000
vn 0.90340000 0.20820000 0.37500000
vn 0.72000000 0.62640000 0.29880000
vn 0.58140000 0.57270000 0.57800000
vn 0.57710000 0.58090000 0.57410000
vn 0.74910000 0.58490000 0.31100000
vn 0.92120000 0.07290000 0.38230000
vn 0.70760000 0.06280000 0.70380000
vn 0.72090000 -0.62510000 0.29920000
vn 0.29020000 -0.94940000 0.12040000
vn 0.27470000 -0.92190000 0.27310000
vn 0.58700000 -0.56120000 0.58350000
vn 0.47850000 -0.85530000 0.19860000
vn 0.34110000 -0.87650000 0.33970000
vn 0.73130000 0.61080000 0.30350000
vn 0.58780000 0.55960000 0.58430000
vn 0.61680000 -0.49220000 0.61430000
vn 0.35110000 -0.86850000 0.34990000
vn 0.50010000 -0.84070000 0.20760000
vn 0.79620000 -0.50680000 0.33050000
vn 0.34880000 -0.92590000 0.14480000
vn 0.33580000 -0.88070000 0.33410000
vn 0.77540000 -0.54330000 0.32190000
vn 0.61550000 -0.49560000 0.61290000
vn 0.70630000 0.00000000 0.70790000
vn 0.70630000 0.00340000 0.70790000
vn 0.65020000 0.39030000 0.65180000
vn 0.49600000 0.71180000 0.49720000
vn 0.69210000 0.19960000 0.69370000
vn 0.54240000 -0.64050000 0.54370000
vn 0.35350000 -0.86570000 0.35430000
vn 0.66350000 -0.34260000 0.66510000
vn 0.69140000 0.20420000 0.69300000
vn 0.57500000 0.58060000 0.57640000
vn 0.57930000 0.57200000 0.58070000
vn 0.70490000 0.06250000 0.70650000
vn 0.58490000 -0.56060000 0.58620000
vn 0.27420000 -0.92150000 0.27490000
vn 0.33990000 -0.87660000 0.34070000
vn 0.58570000 0.55890000 0.58700000
vn 0.61490000 -0.49190000 0.61640000
vn 0.65450000 -0.37560000 0.65610000
vn 0.34980000 -0.40170000 0.84630000
vn 0.33520000 -0.88020000 0.33600000
vn 0.34990000 -0.86860000 0.35070000
vn 0.61370000 -0.49500000 0.61510000
vn 0.65660000 -0.37600000 0.65380000
vn 1.00000000 0.00340000 0.00390000
vn 1.00000000 0.00000000 0.00390000
vn 0.92070000 0.39040000 0.00380000
vn 0.70180000 0.71230000 0.00280000
vn 0.76720000 -0.64130000 0.00330000
vn 0.97980000 0.19990000 0.00420000
vn 0.50080000 -0.86550000 0.00180000
vn 0.97890000 0.20430000 0.00400000
vn 0.93950000 -0.34240000 0.00390000
vn 0.81400000 0.58090000 0.00330000
vn 0.81980000 0.57270000 0.00350000
vn 0.99800000 0.06270000 0.00410000
vn 0.82760000 -0.56120000 0.00360000
vn 0.38740000 -0.92190000 0.00170000
vn 0.48140000 -0.87650000 0.00170000
vn 0.82880000 0.55960000 0.00360000
vn 0.87050000 -0.49220000 0.00300000
vn 0.92660000 -0.37600000 0.00330000
vn 0.84580000 -0.40180000 0.35100000
vn 0.47370000 -0.88070000 0.00190000
vn 0.49570000 -0.86850000 0.00160000
vn 0.86860000 -0.49550000 0.00310000
vn 1.00000000 0.00000000 0.00020000
vn 1.00000000 0.00000000 0.00020000
vn 1.00000000 0.00340000 0.00020000
vn 1.00000000 0.00340000 0.00020000
vn 0.92070000 0.39030000 0.00020000
vn 0.92070000 0.39030000 0.00020000
vn 0.70230000 0.71190000 0.00020000
vn 0.70230000 0.71190000 0.00020000
vn 0.97990000 0.19960000 0.00020000
vn 0.97990000 0.19960000 0.00020000
vn 0.76800000 -0.64050000 0.00020000
vn 0.76800000 -0.64050000 0.00020000
vn 0.50050000 -0.86570000 0.00010000
vn 0.50050000 -0.86570000 0.00010000
vn 0.93950000 -0.34260000 0.00020000
vn 0.93950000 -0.34260000 0.00020000
vn 0.97890000 0.20430000 0.00020000
vn 0.97890000 0.20430000 0.00020000
vn 0.81410000 0.58070000 0.00020000
vn 0.81410000 0.58070000 0.00020000
vn 0.82030000 0.57190000 0.00020000
vn 0.82030000 0.57190000 0.00020000
vn 0.99800000 0.06250000 0.00020000
vn 0.99800000 0.06250000 0.00020000
vn 0.82810000 -0.56050000 0.00020000
vn 0.82810000 -0.56050000 0.00020000
vn 0.38830000 -0.92150000 0.00010000
vn 0.38830000 -0.92150000 0.00010000
vn 0.48120000 -0.87660000 0.00010000
vn 0.48120000 -0.87660000 0.00010000
vn 0.92410000 0.00000000 -0.38200000
vn 0.92410000 0.00360000 -0.38200000
vn 0.62230000 0.73940000 -0.25720000
vn 0.85630000 0.37600000 -0.35400000
vn 0.90030000 0.22550000 -0.37220000
vn 0.62640000 -0.73520000 -0.25900000
vn 0.49530000 -0.84430000 -0.20470000
vn 0.87090000 -0.33440000 -0.36000000
vn 0.90390000 0.20810000 -0.37370000
vn 0.72010000 0.62680000 -0.29770000
vn 0.74980000 0.58460000 -0.30990000
vn 0.92170000 0.07280000 -0.38110000
vn 0.72050000 -0.62620000 -0.29790000
vn 0.28960000 -0.94960000 -0.11970000
vn 0.47960000 -0.85480000 -0.19820000
vn 0.73130000 0.61140000 -0.30230000
vn 0.82920000 0.55890000 0.00020000
vn 0.82920000 0.55890000 0.00020000
vn 0.87070000 -0.49190000 0.00020000
vn 0.87070000 -0.49190000 0.00020000
vn 0.49540000 -0.86860000 0.00010000
vn 0.49540000 -0.86860000 0.00010000
vn 0.50120000 -0.84020000 -0.20720000
vn 0.79680000 -0.50650000 -0.32940000
vn 0.34810000 -0.92640000 -0.14390000
vn 0.47460000 -0.88020000 0.00010000
vn 0.47460000 -0.88020000 0.00010000
vn 0.77580000 -0.54340000 -0.32070000
vn 0.86890000 -0.49500000 0.00020000
vn 0.86890000 -0.49500000 0.00020000
vn 0.00390000 0.00340000 -1.00000000
vn 0.38330000 0.00360000 -0.92360000
vn 0.38340000 0.00000000 -0.92360000
vn 0.00390000 0.00000000 -1.00000000
vn 0.00380000 0.39030000 -0.92070000
vn 0.00280000 0.71230000 -0.70180000
vn 0.25810000 0.73940000 -0.62180000
vn 0.35510000 0.37650000 -0.85570000
vn 0.00330000 -0.64130000 -0.76720000
vn 0.26050000 -0.73340000 -0.62780000
vn 0.37350000 0.22510000 -0.89990000
vn 0.00420000 0.19990000 -0.97980000
vn 0.00180000 -0.86550000 -0.50090000
vn 0.20530000 -0.84450000 -0.49470000
vn 0.00400000 0.20430000 -0.97890000
vn 0.37500000 0.20820000 -0.90340000
vn 0.36130000 -0.33440000 -0.87040000
vn 0.00390000 -0.34240000 -0.93950000
vn 0.00330000 0.58090000 -0.81400000
vn 0.00350000 0.57270000 -0.81980000
vn 0.29880000 0.62640000 -0.72000000
vn 0.31090000 0.58490000 -0.74910000
vn 0.00410000 0.06270000 -0.99800000
vn 0.38230000 0.07290000 -0.92110000
vn 0.29920000 -0.62510000 -0.72090000
vn 0.00360000 -0.56120000 -0.82770000
vn 0.00170000 -0.92190000 -0.38740000
vn 0.12040000 -0.94940000 -0.29020000
vn 0.00170000 -0.87650000 -0.48140000
vn 0.19860000 -0.85530000 -0.47850000
vn 0.00360000 0.55960000 -0.82880000
vn 0.30350000 0.61080000 -0.73130000
vn 0.33050000 -0.50680000 -0.79620000
vn 0.00300000 -0.49220000 -0.87050000
vn 0.00330000 -0.37600000 -0.92660000
vn 0.35100000 -0.40180000 -0.84580000
vn 0.14480000 -0.92590000 -0.34890000
vn 0.00190000 -0.88070000 -0.47370000
vn 0.00160000 -0.86850000 -0.49570000
vn 0.20760000 -0.84070000 -0.50010000
vn 0.32190000 -0.54320000 -0.77540000
vn 0.00310000 -0.49560000 -0.86860000
vn 0.00020000 0.00000000 -1.00000000
vn 0.00030000 0.00340000 -1.00000000
vn 0.00020000 0.39030000 -0.92070000
vn 0.00020000 0.71180000 -0.70230000
vn 0.00020000 0.19960000 -0.97990000
vn 0.00020000 -0.64050000 -0.76800000
vn 0.00010000 -0.86570000 -0.50050000
vn 0.00020000 -0.34260000 -0.93950000
vn 0.00020000 0.20420000 -0.97890000
vn 0.00020000 0.58060000 -0.81420000
vn 0.00020000 0.57190000 -0.82030000
vn 0.00030000 0.06250000 -0.99800000
vn 0.00020000 -0.56060000 -0.82810000
vn 0.00010000 -0.92150000 -0.38830000
vn 0.00010000 -0.87660000 -0.48120000
vn 0.00020000 0.55890000 -0.82920000
vn 0.00020000 -0.49190000 -0.87070000
vn 0.00010000 -0.86860000 -0.49540000
vn 0.00010000 -0.88020000 -0.47460000
vn 0.00020000 -0.49500000 -0.86890000
vn 0.70530000 0.00330000 -0.70890000
vn 0.70530000 0.00000000 -0.70890000
vn 0.49500000 0.71240000 -0.49750000
vn 0.64920000 0.39040000 -0.65280000
vn 0.54090000 -0.64140000 -0.54410000
vn 0.69090000 0.19980000 -0.69480000
vn 0.35350000 -0.86550000 -0.35500000
vn 0.69030000 0.20430000 -0.69400000
vn 0.66260000 -0.34240000 -0.66620000
vn 0.57800000 0.57270000 -0.58140000
vn 0.57410000 0.58090000 -0.57710000
vn 0.70380000 0.06270000 -0.70760000
vn 0.27310000 -0.92190000 -0.27470000
vn 0.58350000 -0.56120000 -0.58700000
vn 0.33970000 -0.87650000 -0.34110000
vn 0.58430000 0.55950000 -0.58780000
vn 0.61430000 -0.49220000 -0.61680000
vn 0.34990000 -0.86850000 -0.35110000
vn 0.33410000 -0.88070000 -0.33580000
vn 0.61290000 -0.49560000 -0.61550000
vn 0.70800000 0.00000000 -0.70630000
vn 0.70800000 0.00340000 -0.70620000
vn 0.65180000 0.39030000 -0.65020000
vn 0.49720000 0.71190000 -0.49600000
vn 0.69370000 0.19960000 -0.69200000
vn 0.54370000 -0.64050000 -0.54240000
vn 0.35430000 -0.86570000 -0.35350000
vn 0.66510000 -0.34260000 -0.66350000
vn 0.69300000 0.20430000 -0.69140000
vn 0.57640000 0.58060000 -0.57500000
vn 0.58070000 0.57190000 -0.57940000
vn 0.70650000 0.06250000 -0.70490000
vn 0.58630000 -0.56050000 -0.58490000
vn 0.27490000 -0.92150000 -0.27420000
vn 0.34070000 -0.87660000 -0.33990000
vn 0.58700000 0.55890000 -0.58570000
vn 0.61640000 -0.49190000 -0.61490000
vn 0.65610000 -0.37560000 -0.65450000
vn 0.84630000 -0.40170000 -0.34990000
vn 0.33600000 -0.88020000 -0.33520000
vn 0.35070000 -0.86860000 -0.34990000
vn 0.61510000 -0.49500000 -0.61370000
vn 0.65380000 -0.37600000 -0.65660000
vn -0.00020000 -0.37560000 0.92680000
vn -0.92680000 -0.37560000 -0.00020000
vn -0.92680000 -0.37560000 -0.00020000
vn 0.92680000 -0.37560000 0.00020000
vn 0.92680000 -0.37560000 0.00020000
vn 0.00020000 -0.37560000 -0.92680000
vn -0.00330000 -0.50670000 0.86210000
vn -0.32870000 -0.51440000 0.79210000
vn 0.32770000 -0.51410000 0.79270000
vn -0.00020000 -0.50640000 0.86230000
vn -0.60820000 -0.50670000 0.61110000
vn -0.61040000 -0.50640000 0.60900000
vn -0.79270000 -0.51410000 0.32770000
vn -0.79200000 -0.51440000 -0.32870000
vn -0.61110000 -0.50670000 -0.60810000
vn -0.60900000 -0.50640000 -0.61050000
vn -0.32770000 -0.51410000 -0.79270000
vn -0.86210000 -0.50670000 -0.00330000
vn -0.86230000 -0.50640000 -0.00020000
vn -0.86230000 -0.50640000 -0.00020000
vn 0.79200000 -0.51440000 0.32870000
vn 0.61100000 -0.50670000 0.60820000
vn 0.60900000 -0.50640000 0.61050000
vn 0.86210000 -0.50670000 0.00330000
vn 0.79270000 -0.51410000 -0.32770000
vn 0.86230000 -0.50640000 0.00020000
vn 0.86230000 -0.50640000 0.00020000
vn 0.00330000 -0.50670000 -0.86210000
vn 0.32880000 -0.51440000 -0.79200000
vn 0.00020000 -0.50640000 -0.86230000
vn 0.60820000 -0.50670000 -0.61100000
vn 0.61040000 -0.50640000 -0.60900000
vn -0.00220000 -0.67710000 0.73590000
vn -0.30380000 -0.61050000 0.73140000
vn -0.03660000 -0.99550000 0.08760000
vn -0.40150000 -0.00120000 0.91590000
vn 0.00070000 -0.00020000 1.00000000
vn 0.00010000 -0.99450000 0.10450000
vn -0.00310000 -0.00290000 1.00000000
vn -0.38330000 -0.00310000 0.92360000
vn -0.00230000 -0.63380000 0.77350000
vn -0.26320000 -0.72710000 0.63410000
vn -0.00090000 -0.99450000 0.10430000
vn -0.00750000 -0.00000000 1.00000000
vn -0.00030000 -0.67760000 0.73540000
vn -0.00020000 -0.00290000 1.00000000
vn -0.00020000 -0.63320000 0.77400000
vn 0.03720000 -0.99520000 0.09020000
vn 0.37320000 -0.00000000 0.92770000
vn 0.30280000 -0.60940000 0.73280000
vn 0.38200000 -0.00310000 0.92410000
vn 0.26180000 -0.72820000 0.63330000
vn -0.51890000 -0.67840000 0.52020000
vn -0.72130000 -0.00090000 0.69260000
vn -0.07250000 -0.99500000 0.06920000
vn -0.70590000 -0.00290000 0.70830000
vn -0.54610000 -0.63380000 0.54780000
vn -0.07370000 -0.99450000 0.07390000
vn -0.70560000 -0.00000000 0.70860000
vn -0.52060000 -0.67770000 0.51940000
vn -0.70790000 -0.00290000 0.70630000
vn -0.92140000 -0.00060000 0.38850000
vn -0.08870000 -0.99530000 0.03780000
vn -0.73250000 -0.60980000 0.30260000
vn -0.92410000 -0.00320000 0.38200000
vn -0.63330000 -0.72820000 0.26180000
vn -0.54790000 -0.63320000 0.54660000
vn -0.08770000 -0.99550000 -0.03640000
vn -0.92390000 -0.00120000 -0.38270000
vn -0.73150000 -0.61050000 -0.30360000
vn -0.52070000 -0.67770000 -0.51920000
vn -0.07160000 -0.99470000 -0.07320000
vn -0.70000000 -0.00050000 -0.71420000
vn -0.92360000 -0.00310000 -0.38330000
vn -0.70830000 -0.00290000 -0.70590000
vn -0.63410000 -0.72710000 -0.26320000
vn -0.54780000 -0.63380000 -0.54610000
vn -0.70520000 -0.00000000 -0.70900000
vn -0.07500000 -0.99430000 -0.07560000
vn -0.51980000 -0.67700000 -0.52110000
vn -0.70630000 -0.00290000 -0.70790000
vn -0.30280000 -0.60940000 -0.73280000
vn -0.03720000 -0.99520000 -0.09020000
vn -0.37320000 -0.00000000 -0.92770000
vn -0.38200000 -0.00310000 -0.92410000
vn -0.54660000 -0.63320000 -0.54790000
vn -0.26180000 -0.72820000 -0.63330000
vn -0.73530000 -0.67770000 -0.00200000
vn -0.10230000 -0.99480000 0.00110000
vn -1.00000000 -0.00070000 0.01000000
vn -1.00000000 -0.00290000 -0.00310000
vn -0.77350000 -0.63380000 -0.00230000
vn -1.00000000 -0.00110000 0.00430000
vn -0.10400000 -0.99460000 0.00040000
vn -1.00000000 -0.00110000 0.00430000
vn -0.73510000 -0.67790000 -0.00010000
vn -1.00000000 -0.00290000 -0.00020000
vn -0.77390000 -0.63330000 -0.00020000
vn 0.08770000 -0.99550000 0.03640000
vn 0.92390000 -0.00120000 0.38270000
vn 0.73150000 -0.61050000 0.30360000
vn 0.52070000 -0.67770000 0.51920000
vn 0.69990000 -0.00050000 0.71420000
vn 0.07160000 -0.99470000 0.07320000
vn 0.92360000 -0.00310000 0.38330000
vn 0.70830000 -0.00290000 0.70590000
vn 0.63410000 -0.72710000 0.26320000
vn 0.54780000 -0.63380000 0.54610000
vn 0.70520000 -0.00000000 0.70900000
vn 0.07500000 -0.99430000 0.07560000
vn 0.51980000 -0.67700000 0.52110000
vn 0.70630000 -0.00290000 0.70790000
vn 0.54660000 -0.63320000 0.54790000
vn 0.73530000 -0.67780000 0.00200000
vn 0.10230000 -0.99480000 -0.00120000
vn 0.99990000 -0.00050000 -0.01010000
vn 1.00000000 -0.00290000 0.00310000
vn 0.77350000 -0.63380000 0.00230000
vn 0.10230000 -0.99480000 0.00130000
vn 0.99990000 -0.00000000 0.01170000
vn 0.99990000 -0.00000000 0.01170000
vn 0.73480000 -0.67830000 0.00040000
vn 1.00000000 -0.00290000 0.00020000
vn 0.08840000 -0.99540000 -0.03650000
vn 0.92750000 -0.00000000 -0.37380000
vn 0.73250000 -0.60980000 -0.30270000
vn 0.92410000 -0.00310000 -0.38200000
vn 0.63330000 -0.72820000 -0.26180000
vn 0.77400000 -0.63320000 0.00020000
vn 0.00220000 -0.67710000 -0.73590000
vn 0.30380000 -0.61050000 -0.73140000
vn 0.03660000 -0.99550000 -0.08760000
vn 0.40150000 -0.00120000 -0.91590000
vn -0.00070000 -0.00020000 -1.00000000
vn -0.00010000 -0.99450000 -0.10450000
vn 0.00310000 -0.00290000 -1.00000000
vn 0.38330000 -0.00310000 -0.92360000
vn 0.00230000 -0.63380000 -0.77350000
vn 0.26320000 -0.72710000 -0.63410000
vn 0.00750000 -0.00000000 -1.00000000
vn 0.00090000 -0.99450000 -0.10430000
vn 0.00030000 -0.67760000 -0.73540000
vn 0.00020000 -0.00290000 -1.00000000
vn 0.00020000 -0.63320000 -0.77400000
vn 0.51890000 -0.67840000 -0.52020000
vn 0.07250000 -0.99500000 -0.06920000
vn 0.72130000 -0.00090000 -0.69260000
vn 0.70590000 -0.00290000 -0.70830000
vn 0.54610000 -0.63380000 -0.54780000
vn 0.70560000 -0.00000000 -0.70860000
vn 0.07370000 -0.99450000 -0.07390000
vn 0.52050000 -0.67770000 -0.51940000
vn 0.70790000 -0.00290000 -0.70630000
vn 0.54790000 -0.63320000 -0.54660000
vn -0.00140000 -0.85670000 0.51570000
vn -0.21120000 -0.83450000 0.50900000
vn -0.00130000 0.88460000 0.46630000
vn -0.00080000 0.96710000 0.25430000
vn -0.09040000 0.97180000 0.21780000
vn -0.18470000 0.87630000 0.44490000
vn -0.00070000 0.97330000 0.22930000
vn -0.00020000 0.99820000 0.05990000
vn -0.02640000 0.99760000 0.06360000
vn -0.09090000 0.97150000 0.21910000
vn 0.00270000 0.70790000 -0.70630000
vn 0.22870000 0.80240000 -0.55120000
vn -0.00170000 0.85450000 0.51940000
vn -0.00170000 0.83160000 0.55530000
vn -0.21760000 0.82320000 0.52430000
vn -0.16890000 0.89760000 0.40710000
vn -0.00290000 0.35100000 0.93640000
vn -0.36200000 0.32870000 0.87230000
vn -0.35250000 -0.39270000 0.84940000
vn -0.00270000 -0.39330000 0.91940000
vn -0.00010000 -0.85680000 0.51560000
vn -0.00010000 0.97330000 0.22930000
vn -0.00000000 0.99820000 0.05980000
vn 0.00020000 0.70710000 -0.70710000
vn -0.00020000 0.35100000 0.93640000
vn -0.00010000 0.88460000 0.46630000
vn 0.21080000 -0.83410000 0.50980000
vn 0.09010000 0.97180000 0.21800000
vn -0.00010000 0.96710000 0.25450000
vn 0.18420000 0.87610000 0.44560000
vn 0.02640000 0.99760000 0.06380000
vn 0.09080000 0.97140000 0.21950000
vn -0.22720000 0.80400000 -0.54950000
vn 0.21710000 0.82290000 0.52510000
vn -0.00010000 0.83160000 0.55540000
vn -0.00010000 0.85410000 0.52000000
vn 0.16820000 0.89790000 0.40680000
vn 0.36090000 0.32830000 0.87290000
vn 0.35140000 -0.39250000 0.85000000
vn -0.00020000 -0.39310000 0.91950000
vn -0.36420000 -0.85670000 0.36520000
vn -0.17950000 0.96710000 0.18010000
vn -0.32930000 0.88460000 0.33020000
vn -0.04230000 0.99820000 0.04240000
vn -0.16190000 0.97330000 0.16240000
vn 0.49820000 0.70790000 -0.50070000
vn -0.39210000 0.83160000 0.39330000
vn -0.36660000 0.85450000 0.36790000
vn -0.66100000 0.35100000 0.66320000
vn -0.64910000 -0.39330000 0.65110000
vn -0.36500000 -0.85680000 0.36420000
vn -0.04230000 0.99820000 0.04220000
vn -0.16240000 0.97330000 0.16200000
vn 0.50060000 0.70710000 -0.49940000
vn -0.33010000 0.88460000 0.32940000
vn -0.66290000 0.35110000 0.66130000
vn -0.50980000 -0.83410000 0.21080000
vn -0.18020000 0.96710000 0.17980000
vn -0.21800000 0.97180000 0.09010000
vn -0.44560000 0.87610000 0.18420000
vn -0.06380000 0.99760000 0.02640000
vn -0.21950000 0.97140000 0.09080000
vn 0.54950000 0.80400000 -0.22720000
vn -0.36820000 0.85410000 0.36730000
vn -0.39320000 0.83160000 0.39230000
vn -0.52510000 0.82290000 0.21710000
vn -0.40680000 0.89790000 0.16820000
vn -0.87290000 0.32830000 0.36090000
vn -0.85000000 -0.39250000 0.35140000
vn -0.65100000 -0.39310000 0.64940000
vn -0.50900000 -0.83450000 -0.21120000
vn -0.36520000 -0.85670000 -0.36420000
vn -0.21780000 0.97180000 -0.09040000
vn -0.18010000 0.96710000 -0.17950000
vn -0.33020000 0.88460000 -0.32930000
vn -0.44490000 0.87630000 -0.18470000
vn -0.06360000 0.99760000 -0.02640000
vn -0.04240000 0.99820000 -0.04230000
vn -0.16240000 0.97330000 -0.16190000
vn -0.21910000 0.97150000 -0.09090000
vn 0.55110000 0.80240000 0.22870000
vn 0.50070000 0.70790000 0.49820000
vn -0.52430000 0.82320000 -0.21760000
vn -0.39330000 0.83160000 -0.39210000
vn -0.36790000 0.85450000 -0.36660000
vn -0.40710000 0.89760000 -0.16890000
vn -0.66320000 0.35100000 -0.66100000
vn -0.87230000 0.32870000 -0.36200000
vn -0.84940000 -0.39280000 -0.35250000
vn -0.65110000 -0.39330000 -0.64910000
vn -0.36420000 -0.85680000 -0.36500000
vn -0.04220000 0.99820000 -0.04230000
vn -0.16200000 0.97330000 -0.16240000
vn 0.49940000 0.70710000 0.50060000
vn -0.32940000 0.88460000 -0.33010000
vn -0.66130000 0.35100000 -0.66290000
vn -0.21080000 -0.83410000 -0.50980000
vn -0.17980000 0.96710000 -0.18020000
vn -0.09010000 0.97180000 -0.21800000
vn -0.18420000 0.87610000 -0.44560000
vn -0.02640000 0.99760000 -0.06380000
vn -0.09080000 0.97140000 -0.21950000
vn 0.22720000 0.80400000 0.54950000
vn -0.36730000 0.85410000 -0.36820000
vn -0.39230000 0.83160000 -0.39320000
vn -0.21710000 0.82290000 -0.52510000
vn -0.16820000 0.89790000 -0.40680000
vn -0.36090000 0.32830000 -0.87290000
vn -0.35140000 -0.39250000 -0.85000000
vn -0.64940000 -0.39310000 -0.65100000
vn -0.51570000 -0.85670000 -0.00140000
vn -0.46630000 0.88460000 -0.00130000
vn -0.25430000 0.96710000 -0.00080000
vn -0.22930000 0.97330000 -0.00070000
vn -0.05990000 0.99820000 -0.00020000
vn 0.70630000 0.70790000 0.00270000
vn -0.51940000 0.85450000 -0.00170000
vn -0.55530000 0.83160000 -0.00170000
vn -0.93640000 0.35100000 -0.00290000
vn -0.91940000 -0.39330000 -0.00270000
vn -0.51560000 -0.85680000 -0.00010000
vn -0.22930000 0.97330000 -0.00010000
vn -0.05980000 0.99820000 -0.00000000
vn 0.70710000 0.70710000 0.00020000
vn -0.93640000 0.35100000 -0.00020000
vn -0.46630000 0.88460000 -0.00010000
vn -0.25450000 0.96710000 -0.00010000
vn -0.55540000 0.83160000 -0.00010000
vn -0.52000000 0.85410000 -0.00010000
vn -0.91950000 -0.39310000 -0.00020000
vn 0.50900000 -0.83450000 0.21120000
vn 0.36510000 -0.85670000 0.36420000
vn 0.21780000 0.97180000 0.09040000
vn 0.18010000 0.96710000 0.17950000
vn 0.33020000 0.88460000 0.32930000
vn 0.44490000 0.87630000 0.18470000
vn 0.06360000 0.99760000 0.02640000
vn 0.04240000 0.99820000 0.04230000
vn 0.16240000 0.97330000 0.16190000
vn 0.21910000 0.97150000 0.09090000
vn -0.55110000 0.80240000 -0.22870000
vn -0.50070000 0.70790000 -0.49820000
vn 0.52430000 0.82320000 0.21760000
vn 0.39330000 0.83160000 0.39210000
vn 0.36790000 0.85450000 0.36660000
vn 0.40710000 0.89760000 0.16890000
vn 0.66320000 0.35100000 0.66100000
vn 0.87230000 0.32870000 0.36200000
vn 0.84940000 -0.39280000 0.35250000
vn 0.65110000 -0.39330000 0.64910000
vn 0.36420000 -0.85680000 0.36500000
vn 0.04220000 0.99820000 0.04230000
vn 0.16200000 0.97330000 0.16240000
vn -0.49940000 0.70710000 -0.50060000
vn 0.32940000 0.88460000 0.33010000
vn 0.66130000 0.35110000 0.66290000
vn 0.17980000 0.96710000 0.18020000
vn 0.36730000 0.85410000 0.36820000
vn 0.39230000 0.83160000 0.39320000
vn 0.64940000 -0.39310000 0.65090000
vn 0.51570000 -0.85670000 0.00140000
vn 0.46630000 0.88460000 0.00130000
vn 0.25430000 0.96710000 0.00080000
vn 0.22930000 0.97330000 0.00070000
vn 0.05990000 0.99820000 0.00020000
vn -0.70630000 0.70790000 -0.00270000
vn 0.51940000 0.85450000 0.00170000
vn 0.55530000 0.83160000 0.00170000
vn 0.93640000 0.35100000 0.00290000
vn 0.91940000 -0.39330000 0.00270000
vn 0.51560000 -0.85680000 0.00010000
vn 0.22930000 0.97330000 0.00010000
vn 0.05980000 0.99820000 0.00000000
vn -0.70710000 0.70710000 -0.00020000
vn 0.93640000 0.35100000 0.00020000
vn 0.46630000 0.88460000 0.00010000
vn 0.50980000 -0.83410000 -0.21080000
vn 0.21800000 0.97180000 -0.09010000
vn 0.25450000 0.96710000 0.00010000
vn 0.44560000 0.87610000 -0.18420000
vn 0.06380000 0.99760000 -0.02640000
vn 0.21950000 0.97140000 -0.09080000
vn -0.54950000 0.80400000 0.22720000
vn 0.52510000 0.82290000 -0.21710000
vn 0.55540000 0.83160000 0.00010000
vn 0.52000000 0.85410000 0.00010000
vn 0.40680000 0.89790000 -0.16820000
vn 0.87290000 0.32830000 -0.36080000
vn 0.85000000 -0.39250000 -0.35140000
vn 0.91950000 -0.39310000 0.00020000
vn 0.00140000 -0.85670000 -0.51570000
vn 0.21120000 -0.83450000 -0.50900000
vn 0.00130000 0.88460000 -0.46630000
vn 0.00080000 0.96710000 -0.25430000
vn 0.09040000 0.97180000 -0.21780000
vn 0.18470000 0.87630000 -0.44490000
vn 0.00070000 0.97330000 -0.22930000
vn 0.00020000 0.99820000 -0.05990000
vn 0.02640000 0.99760000 -0.06360000
vn 0.09090000 0.97150000 -0.21910000
vn -0.00270000 0.70790000 0.70630000
vn -0.22880000 0.80240000 0.55110000
vn 0.00170000 0.85450000 -0.51940000
vn 0.00170000 0.83160000 -0.55530000
vn 0.21760000 0.82320000 -0.52430000
vn 0.16890000 0.89760000 -0.40710000
vn 0.00290000 0.35100000 -0.93640000
vn 0.36200000 0.32860000 -0.87230000
vn 0.35250000 -0.39280000 -0.84940000
vn 0.00270000 -0.39330000 -0.91940000
vn 0.00010000 -0.85680000 -0.51560000
vn 0.00010000 0.97330000 -0.22940000
vn 0.00000000 0.99820000 -0.05980000
vn -0.00020000 0.70710000 0.70710000
vn 0.00020000 0.35100000 -0.93640000
vn 0.00010000 0.88460000 -0.46630000
vn 0.00010000 0.96710000 -0.25450000
vn 0.00010000 0.83160000 -0.55540000
vn 0.00010000 0.85410000 -0.52000000
vn 0.00020000 -0.39310000 -0.91950000
vn 0.36420000 -0.85670000 -0.36520000
vn 0.17950000 0.96710000 -0.18010000
vn 0.32930000 0.88460000 -0.33020000
vn 0.04230000 0.99820000 -0.04240000
vn 0.16190000 0.97330000 -0.16240000
vn -0.49820000 0.70790000 0.50070000
vn 0.39210000 0.83160000 -0.39330000
vn 0.36660000 0.85450000 -0.36790000
vn 0.66100000 0.35100000 -0.66320000
vn 0.64910000 -0.39330000 -0.65110000
vn 0.36500000 -0.85680000 -0.36420000
vn 0.04230000 0.99820000 -0.04220000
vn 0.16240000 0.97330000 -0.16200000
vn -0.50060000 0.70710000 0.49940000
vn 0.33010000 0.88460000 -0.32940000
vn 0.66290000 0.35100000 -0.66130000
vn 0.18020000 0.96710000 -0.17980000
vn 0.36810000 0.85420000 -0.36730000
vn 0.39320000 0.83160000 -0.39230000
vn 0.65090000 -0.39310000 -0.64940000
vn 0.00000000 1.00000000 -0.00000000
vn 0.00000000 1.00000000 -0.00000000
vn 0.00000000 1.00000000 -0.00000000
vn 0.38330000 0.00000000 -0.92360000
vn 0.38330000 0.00000000 -0.92360000
vn 0.00390000 -0.00000000 -1.00000000
vn 0.00390000 -0.00000000 -1.00000000
vn 0.00030000 0.00000000 -1.00000000
vn 0.00030000 0.00000000 -1.00000000
vn -0.38200000 0.00000000 -0.92420000
vn -0.38200000 0.00000000 -0.92420000
vn -0.70630000 0.00000000 -0.70790000
vn -0.70630000 0.00000000 -0.70790000
vn -0.70880000 0.00000000 -0.70540000
vn -0.70880000 0.00000000 -0.70540000
vn -0.92360000 0.00000000 -0.38330000
vn -0.92360000 0.00000000 -0.38330000
vn -1.00000000 0.00000000 -0.00390000
vn -1.00000000 0.00000000 -0.00390000
vn -1.00000000 0.00000000 -0.00020000
vn -1.00000000 0.00000000 -0.00020000
vn -1.00000000 0.00000000 -0.00020000
vn -0.92410000 0.00000000 0.38200000
vn -0.92410000 0.00000000 0.38200000
vn -0.70790000 0.00000000 0.70630000
vn -0.70790000 0.00000000 0.70630000
vn -0.70540000 -0.00000000 0.70880000
vn -0.70540000 -0.00000000 0.70880000
vn -0.38330000 -0.00000000 0.92360000
vn -0.38330000 -0.00000000 0.92360000
vn -0.00390000 0.00000000 1.00000000
vn -0.00390000 0.00000000 1.00000000
vn -0.00020000 0.00000000 1.00000000
vn -0.00020000 0.00000000 1.00000000
vn 0.38200000 -0.00000000 0.92410000
vn 0.38200000 -0.00000000 0.92410000
vn 0.70630000 0.00000000 0.70790000
vn 0.70630000 0.00000000 0.70790000
vn 0.70880000 0.00000000 0.70540000
vn 0.70880000 0.00000000 0.70540000
vn 0.92360000 0.00000000 0.38330000
vn 0.92360000 0.00000000 0.38330000
vn 1.00000000 0.00000000 0.00390000
vn 1.00000000 0.00000000 0.00390000
vn 1.00000000 0.00000000 0.00020000
vn 1.00000000 0.00000000 0.00020000
vn 1.00000000 0.00000000 0.00020000
vn 0.92410000 0.00000000 -0.38200000
vn 0.92410000 0.00000000 -0.38200000
vn 0.70790000 0.00000000 -0.70630000
vn 0.70790000 0.00000000 -0.70630000
vn 0.70540000 0.00000000 -0.70890000
vn 0.70540000 0.00000000 -0.70890000
vn 0.38330000 -0.00000000 -0.92360000
vn 0.38330000 -0.00000000 -0.92360000
vn 0.00390000 0.00000000 -1.00000000
vn 0.00390000 0.00000000 -1.00000000
vn 0.00020000 0.00000000 -1.00000000
vn 0.00020000 0.00000000 -1.00000000
vn -0.38200000 0.00000000 -0.92410000
vn -0.38200000 0.00000000 -0.92410000
vn -0.70630000 0.00000000 -0.70790000
vn -0.70630000 0.00000000 -0.70790000
vn -0.70890000 0.00000000 -0.70540000
vn -0.70890000 0.00000000 -0.70540000
vn -0.92360000 0.00000000 -0.38330000
vn -0.92360000 0.00000000 -0.38330000
vn -1.00000000 0.00000000 -0.00390000
vn -1.00000000 0.00000000 -0.00390000
vn -1.00000000 -0.00000000 -0.00020000
vn -1.00000000 -0.00000000 -0.00020000
vn -1.00000000 -0.00000000 -0.00020000
vn -0.92310000 0.00680000 0.38440000
vn -0.92310000 0.00680000 0.38440000
vn -0.70790000 -0.00000000 0.70630000
vn -0.70790000 -0.00000000 0.70630000
vn -0.70540000 -0.00000000 0.70880000
vn -0.70540000 -0.00000000 0.70880000
vn -0.38950000 0.01880000 0.92080000
vn -0.38950000 0.01880000 0.92080000
vn -0.00380000 0.00000000 1.00000000
vn -0.00380000 0.00000000 1.00000000
vn -0.00020000 -0.00000000 1.00000000
vn -0.00020000 -0.00000000 1.00000000
vn 0.38200000 0.00000000 0.92410000
vn 0.38200000 0.00000000 0.92410000
vn 0.70630000 0.00000000 0.70790000
vn 0.70630000 0.00000000 0.70790000
vn 0.70880000 0.00000000 0.70540000
vn 0.70880000 0.00000000 0.70540000
vn 0.92360000 0.00000000 0.38330000
vn 0.92360000 0.00000000 0.38330000
vn 1.00000000 0.00000000 0.00390000
vn 1.00000000 0.00000000 0.00390000
vn 1.00000000 0.00000000 0.00020000
vn 1.00000000 0.00000000 0.00020000
vn 1.00000000 0.00000000 0.00020000
vn 0.92410000 0.00000000 -0.38200000
vn 0.92410000 0.00000000 -0.38200000
vn 0.70790000 0.00000000 -0.70630000
vn 0.70790000 0.00000000 -0.70630000
vn 0.70540000 0.00000000 -0.70880000
vn 0.70540000 0.00000000 -0.70880000
vn 0.29730000 0.63140000 -0.71620000
vn 0.00270000 0.70630000 -0.70790000
vn 0.00020000 0.70710000 -0.70710000
vn -0.29660000 0.63040000 -0.71740000
vn -0.49940000 0.70710000 -0.50060000
vn -0.50180000 0.70630000 -0.49930000
vn -0.71620000 0.63140000 -0.29730000
vn -0.70790000 0.70630000 -0.00270000
vn -0.70710000 0.70710000 -0.00020000
vn -0.71670000 0.63790000 0.28180000
vn -0.50150000 0.70700000 0.49860000
vn -0.49730000 0.70620000 0.50400000
vn -0.25950000 0.65010000 0.71420000
vn -0.00270000 0.70630000 0.70790000
vn -0.00020000 0.70710000 0.70710000
vn 0.29660000 0.63040000 0.71740000
vn 0.49940000 0.70710000 0.50060000
vn 0.50180000 0.70630000 0.49930000
vn 0.71620000 0.63140000 0.29730000
vn 0.70790000 0.70630000 0.00270000
vn 0.70710000 0.70710000 0.00020000
vn 0.71740000 0.63040000 -0.29660000
vn 0.50060000 0.70710000 -0.49940000
vn 0.49930000 0.70630000 -0.50180000
vn 0.00000000 1.00000000 -0.00000000
vn 0.00000000 1.00000000 -0.00000000
vn 0.00000000 1.00000000 -0.00000000
vn 0.00000000 1.00000000 -0.00000000
vn 0.00000000 1.00000000 -0.00000000
vn 0.00000000 1.00000000 -0.00000000
vn -0.00010000 -0.93400000 0.35740000
vn -0.00020000 -0.46970000 0.88280000
vn -0.00480000 -0.46960000 0.88290000
vn -0.00170000 -0.93390000 0.35750000
vn -0.00440000 0.52970000 0.84810000
vn -0.00020000 0.52940000 0.84840000
vn -0.00010000 0.74810000 0.66360000
vn -0.00330000 0.74850000 0.66320000
vn -0.00410000 0.68960000 0.72420000
vn -0.00020000 0.68840000 0.72540000
vn -0.00020000 0.18070000 0.98350000
vn -0.00520000 0.18090000 0.98350000
vn -0.00020000 0.54170000 0.84060000
vn -0.00450000 0.54280000 0.83990000
vn -0.00250000 0.86460000 0.50240000
vn -0.00010000 0.86440000 0.50290000
vn -0.00060000 -0.99140000 0.13110000
vn -0.00000000 -0.99130000 0.13130000
vn -0.00020000 0.68900000 0.72480000
vn -0.00410000 0.68790000 0.72580000
vn 0.04650000 -0.99260000 0.11220000
vn 0.14630000 -0.92410000 0.35310000
vn 0.34330000 -0.44200000 0.82870000
vn 0.24820000 0.76130000 0.59910000
vn 0.32290000 0.53660000 0.77960000
vn 0.29830000 0.62640000 0.72020000
vn 0.30150000 0.61590000 0.72780000
vn 0.37610000 0.18530000 0.90790000
vn 0.23710000 0.78520000 0.57210000
vn 0.18820000 0.87060000 0.45450000
vn -0.04650000 -0.99260000 0.11220000
vn -0.14590000 -0.92450000 0.35220000
vn -0.34310000 -0.44280000 0.82830000
vn -0.24810000 0.76150000 0.59890000
vn -0.32290000 0.53680000 0.77950000
vn -0.30090000 0.61770000 0.72660000
vn -0.29900000 0.62410000 0.72190000
vn -0.37610000 0.18530000 0.90790000
vn -0.23840000 0.78230000 0.57550000
vn -0.18820000 0.87070000 0.45440000
vn -0.62090000 -0.46960000 0.62770000
vn -0.63050000 -0.46940000 0.61810000
vn -0.25490000 -0.93380000 0.25090000
vn -0.25160000 -0.93390000 0.25400000
vn -0.47280000 0.74880000 0.46450000
vn -0.60510000 0.53010000 0.59390000
vn -0.59660000 0.52970000 0.60280000
vn -0.46660000 0.74850000 0.47130000
vn -0.51600000 0.69040000 0.50700000
vn -0.50920000 0.68960000 0.51500000
vn -0.69180000 0.18090000 0.69910000
vn -0.70210000 0.18100000 0.68870000
vn -0.35340000 0.86460000 0.35700000
vn -0.59070000 0.54280000 0.59700000
vn -0.59860000 0.54370000 0.58840000
vn -0.35790000 0.86490000 0.35190000
vn -0.09320000 -0.99140000 0.09190000
vn -0.09230000 -0.99140000 0.09310000
vn -0.51860000 0.68700000 0.50900000
vn -0.51030000 0.68790000 0.51610000
vn -0.35120000 -0.92490000 0.14550000
vn -0.11220000 -0.99260000 0.04650000
vn -0.82800000 -0.44370000 0.34290000
vn -0.59850000 0.76180000 0.24790000
vn -0.77930000 0.53710000 0.32280000
vn -0.72560000 0.61900000 0.30060000
vn -0.72310000 0.62250000 0.29950000
vn -0.90790000 0.18530000 0.37600000
vn -0.57810000 0.78000000 0.23960000
vn -0.45410000 0.87090000 0.18810000
vn -0.62770000 -0.46960000 -0.62090000
vn -0.62440000 -0.46960000 -0.62410000
vn -0.25280000 -0.93400000 -0.25260000
vn -0.25400000 -0.93390000 -0.25160000
vn -0.46940000 0.74810000 -0.46910000
vn -0.60010000 0.52930000 -0.59980000
vn -0.60280000 0.52970000 -0.59660000
vn -0.47130000 0.74850000 -0.46660000
vn -0.51290000 0.68850000 -0.51270000
vn -0.51500000 0.68960000 -0.50910000
vn -0.69910000 0.18090000 -0.69180000
vn -0.69560000 0.18080000 -0.69530000
vn -0.35700000 0.86460000 -0.35340000
vn -0.59700000 0.54280000 -0.59070000
vn -0.59450000 0.54170000 -0.59420000
vn -0.35570000 0.86440000 -0.35550000
vn -0.09290000 -0.99130000 -0.09280000
vn -0.09310000 -0.99140000 -0.09230000
vn -0.51260000 0.68900000 -0.51240000
vn -0.51610000 0.68790000 -0.51030000
vn -0.04650000 -0.99260000 -0.11220000
vn -0.14630000 -0.92410000 -0.35310000
vn -0.34330000 -0.44200000 -0.82880000
vn -0.24810000 0.76130000 -0.59910000
vn -0.32290000 0.53660000 -0.77960000
vn -0.30150000 0.61590000 -0.72780000
vn -0.29830000 0.62640000 -0.72020000
vn -0.37610000 0.18530000 -0.90790000
vn -0.23710000 0.78520000 -0.57210000
vn -0.18820000 0.87060000 -0.45450000
vn -0.11220000 -0.99260000 -0.04650000
vn -0.35210000 -0.92450000 -0.14590000
vn -0.82830000 -0.44290000 -0.34310000
vn -0.77950000 0.53680000 -0.32290000
vn -0.59890000 0.76150000 -0.24810000
vn -0.72190000 0.62410000 -0.29900000
vn -0.72650000 0.61770000 -0.30100000
vn -0.90790000 0.18530000 -0.37610000
vn -0.57550000 0.78230000 -0.23840000
vn -0.45430000 0.87070000 -0.18820000
vn -0.35770000 -0.93380000 0.00290000
vn -0.35770000 -0.93380000 0.00290000
vn -0.88290000 -0.46940000 0.00870000
vn -0.88290000 -0.46940000 0.00870000
vn -0.88290000 -0.46960000 -0.00480000
vn -0.35750000 -0.93390000 -0.00170000
vn -0.84820000 0.52970000 -0.00440000
vn -0.84790000 0.53010000 0.00790000
vn -0.84790000 0.53010000 0.00790000
vn -0.66270000 0.74880000 0.00590000
vn -0.66270000 0.74880000 0.00590000
vn -0.66320000 0.74850000 -0.00330000
vn -0.72420000 0.68960000 -0.00410000
vn -0.72360000 0.69020000 0.00640000
vn -0.72360000 0.69020000 0.00640000
vn -0.98340000 0.18100000 0.00940000
vn -0.98340000 0.18100000 0.00940000
vn -0.98350000 0.18090000 -0.00520000
vn -0.83930000 0.54370000 0.00720000
vn -0.83930000 0.54370000 0.00720000
vn -0.83990000 0.54280000 -0.00450000
vn -0.50240000 0.86460000 -0.00250000
vn -0.50190000 0.86490000 0.00430000
vn -0.50190000 0.86490000 0.00430000
vn -0.13110000 -0.99140000 -0.00060000
vn -0.13090000 -0.99140000 0.00090000
vn -0.13090000 -0.99140000 0.00090000
vn -0.72660000 0.68700000 0.00680000
vn -0.72660000 0.68700000 0.00680000
vn -0.72580000 0.68790000 -0.00410000
vn 0.62770000 -0.46960000 0.62090000
vn 0.62440000 -0.46970000 0.62410000
vn 0.25280000 -0.93400000 0.25260000
vn 0.25400000 -0.93390000 0.25160000
vn 0.46930000 0.74810000 0.46910000
vn 0.60010000 0.52930000 0.59980000
vn 0.60280000 0.52970000 0.59660000
vn 0.47130000 0.74850000 0.46660000
vn 0.51290000 0.68850000 0.51270000
vn 0.51500000 0.68960000 0.50910000
vn 0.69910000 0.18090000 0.69180000
vn 0.69560000 0.18080000 0.69530000
vn 0.35700000 0.86460000 0.35340000
vn 0.59700000 0.54280000 0.59070000
vn 0.59450000 0.54170000 0.59420000
vn 0.35570000 0.86440000 0.35550000
vn 0.09290000 -0.99130000 0.09280000
vn 0.09310000 -0.99140000 0.09230000
vn 0.51260000 0.68900000 0.51240000
vn 0.51610000 0.68790000 0.51030000
vn 0.11220000 -0.99260000 0.04650000
vn 0.35210000 -0.92450000 0.14590000
vn 0.82830000 -0.44280000 0.34310000
vn 0.77950000 0.53680000 0.32290000
vn 0.59890000 0.76150000 0.24810000
vn 0.72190000 0.62400000 0.29900000
vn 0.72650000 0.61770000 0.30090000
vn 0.90790000 0.18530000 0.37610000
vn 0.57550000 0.78230000 0.23840000
vn 0.45440000 0.87070000 0.18820000
vn 0.35770000 -0.93380000 -0.00290000
vn 0.35770000 -0.93380000 -0.00290000
vn 0.88290000 -0.46940000 -0.00870000
vn 0.88290000 -0.46940000 -0.00870000
vn 0.88290000 -0.46960000 0.00480000
vn 0.35750000 -0.93390000 0.00170000
vn 0.84820000 0.52970000 0.00440000
vn 0.84790000 0.53010000 -0.00790000
vn 0.84790000 0.53010000 -0.00790000
vn 0.66270000 0.74880000 -0.00590000
vn 0.66270000 0.74880000 -0.00590000
vn 0.66320000 0.74850000 0.00330000
vn 0.72420000 0.68960000 0.00410000
vn 0.72350000 0.69030000 -0.00630000
vn 0.72350000 0.69030000 -0.00630000
vn 0.98340000 0.18100000 -0.00940000
vn 0.98340000 0.18100000 -0.00940000
vn 0.98350000 0.18090000 0.00520000
vn 0.83930000 0.54370000 -0.00720000
vn 0.83930000 0.54370000 -0.00720000
vn 0.83990000 0.54280000 0.00450000
vn 0.50240000 0.86460000 0.00250000
vn 0.50190000 0.86490000 -0.00430000
vn 0.50190000 0.86490000 -0.00430000
vn 0.13110000 -0.99140000 0.00060000
vn 0.13090000 -0.99140000 -0.00090000
vn 0.13090000 -0.99140000 -0.00090000
vn 0.72660000 0.68700000 -0.00680000
vn 0.72660000 0.68700000 -0.00680000
vn 0.72580000 0.68790000 0.00410000
vn 0.11220000 -0.99260000 -0.04650000
vn 0.35120000 -0.92490000 -0.14550000
vn 0.82790000 -0.44370000 -0.34300000
vn 0.59850000 0.76180000 -0.24790000
vn 0.77930000 0.53710000 -0.32280000
vn 0.72310000 0.62250000 -0.29950000
vn 0.72560000 0.61900000 -0.30060000
vn 0.90790000 0.18530000 -0.37610000
vn 0.57810000 0.78000000 -0.23960000
vn 0.45410000 0.87090000 -0.18810000
vn 0.00010000 -0.93400000 -0.35740000
vn 0.00020000 -0.46960000 -0.88290000
vn 0.00480000 -0.46960000 -0.88290000
vn 0.00170000 -0.93390000 -0.35750000
vn 0.00440000 0.52970000 -0.84820000
vn 0.00020000 0.52930000 -0.84840000
vn 0.00020000 0.74810000 -0.66360000
vn 0.00330000 0.74850000 -0.66320000
vn 0.00410000 0.68960000 -0.72420000
vn 0.00030000 0.68840000 -0.72540000
vn 0.00020000 0.18080000 -0.98350000
vn 0.00520000 0.18090000 -0.98350000
vn 0.00020000 0.54170000 -0.84060000
vn 0.00450000 0.54280000 -0.83990000
vn 0.00250000 0.86460000 -0.50240000
vn 0.00010000 0.86440000 -0.50290000
vn 0.00060000 -0.99140000 -0.13110000
vn 0.00000000 -0.99130000 -0.13130000
vn 0.00020000 0.68900000 -0.72480000
vn 0.00410000 0.68790000 -0.72580000
vn 0.04650000 -0.99260000 -0.11220000
vn 0.14590000 -0.92450000 -0.35210000
vn 0.34310000 -0.44280000 -0.82830000
vn 0.24810000 0.76150000 -0.59890000
vn 0.32290000 0.53680000 -0.77950000
vn 0.30090000 0.61770000 -0.72660000
vn 0.29900000 0.62410000 -0.72190000
vn 0.37610000 0.18530000 -0.90790000
vn 0.23840000 0.78230000 -0.57550000
vn 0.18820000 0.87070000 -0.45440000
vn 0.62090000 -0.46960000 -0.62770000
vn 0.63050000 -0.46940000 -0.61820000
vn 0.25490000 -0.93380000 -0.25090000
vn 0.25160000 -0.93390000 -0.25400000
vn 0.47280000 0.74880000 -0.46450000
vn 0.60510000 0.53010000 -0.59390000
vn 0.59660000 0.52970000 -0.60280000
vn 0.46660000 0.74850000 -0.47130000
vn 0.51600000 0.69040000 -0.50700000
vn 0.50910000 0.68960000 -0.51500000
vn 0.69180000 0.18090000 -0.69910000
vn 0.70210000 0.18100000 -0.68870000
vn 0.35340000 0.86460000 -0.35700000
vn 0.59070000 0.54280000 -0.59700000
vn 0.59860000 0.54370000 -0.58830000
vn 0.35790000 0.86490000 -0.35190000
vn 0.09320000 -0.99140000 -0.09190000
vn 0.09230000 -0.99140000 -0.09310000
vn 0.51860000 0.68700000 -0.50900000
vn 0.51030000 0.68790000 -0.51610000
vn -0.00390000 0.00340000 1.00000000
vn -0.38330000 0.00360000 0.92360000
vn -0.38330000 -0.00000000 0.92360000
vn -0.00390000 0.00000000 1.00000000
vn -0.00380000 0.39030000 0.92070000
vn -0.00280000 0.71230000 0.70180000
vn -0.25810000 0.73940000 0.62180000
vn -0.35510000 0.37650000 0.85560000
vn -0.00330000 -0.64130000 0.76720000
vn -0.26060000 -0.73340000 0.62790000
vn -0.37350000 0.22510000 0.89990000
vn -0.00420000 0.19990000 0.97980000
vn -0.00180000 -0.86550000 0.50090000
vn -0.20530000 -0.84450000 0.49470000
vn -0.00400000 0.20430000 0.97890000
vn -0.37490000 0.20810000 0.90340000
vn -0.36130000 -0.33440000 0.87040000
vn -0.00390000 -0.34240000 0.93950000
vn -0.00330000 0.58090000 0.81400000
vn -0.00350000 0.57270000 0.81980000
vn -0.29880000 0.62640000 0.72000000
vn -0.31090000 0.58490000 0.74920000
vn -0.00410000 0.06270000 0.99800000
vn -0.38230000 0.07290000 0.92110000
vn -0.29920000 -0.62510000 0.72090000
vn -0.00360000 -0.56120000 0.82770000
vn -0.00170000 -0.92190000 0.38740000
vn -0.12040000 -0.94940000 0.29020000
vn -0.00170000 -0.87650000 0.48140000
vn -0.19860000 -0.85530000 0.47850000
vn -0.00360000 0.55960000 0.82880000
vn -0.30350000 0.61080000 0.73130000
vn -0.33050000 -0.50680000 0.79620000
vn -0.00300000 -0.49220000 0.87050000
vn -0.00330000 -0.37600000 0.92660000
vn -0.35100000 -0.40180000 0.84580000
vn -0.14480000 -0.92590000 0.34890000
vn -0.00190000 -0.88070000 0.47370000
vn -0.00160000 -0.86850000 0.49570000
vn -0.20760000 -0.84070000 0.50010000
vn -0.32180000 -0.54320000 0.77540000
vn -0.00310000 -0.49560000 0.86860000
vn -0.00030000 -0.00000000 1.00000000
vn -0.00030000 0.00340000 1.00000000
vn -0.00020000 0.39030000 0.92070000
vn -0.00020000 0.71180000 0.70230000
vn -0.00030000 0.19960000 0.97990000
vn -0.00020000 -0.64050000 0.76800000
vn -0.00010000 -0.86570000 0.50050000
vn -0.00020000 -0.34260000 0.93950000
vn -0.00020000 0.20420000 0.97890000
vn -0.00020000 0.58060000 0.81420000
vn -0.00020000 0.57190000 0.82030000
vn -0.00020000 0.06250000 0.99800000
vn -0.00020000 -0.56060000 0.82810000
vn -0.00010000 -0.92150000 0.38830000
vn -0.00010000 -0.87660000 0.48120000
vn 0.38200000 0.00000000 0.92420000
vn 0.38200000 0.00370000 0.92410000
vn 0.25720000 0.73930000 0.62220000
vn 0.35400000 0.37610000 0.85630000
vn 0.37220000 0.22550000 0.90040000
vn 0.25900000 -0.73520000 0.62640000
vn 0.20470000 -0.84430000 0.49530000
vn 0.36000000 -0.33440000 0.87090000
vn 0.37370000 0.20810000 0.90390000
vn 0.29770000 0.62680000 0.72010000
vn 0.30990000 0.58460000 0.74980000
vn 0.38100000 0.07280000 0.92170000
vn 0.29790000 -0.62620000 0.72050000
vn 0.11970000 -0.94960000 0.28960000
vn 0.19820000 -0.85480000 0.47960000
vn 0.30230000 0.61140000 0.73130000
vn -0.00020000 0.55890000 0.82920000
vn -0.00020000 -0.49190000 0.87070000
vn -0.00010000 -0.86860000 0.49540000
vn 0.20720000 -0.84020000 0.50120000
vn 0.32940000 -0.50650000 0.79680000
vn 0.14390000 -0.92640000 0.34810000
vn -0.00010000 -0.88020000 0.47460000
vn 0.32070000 -0.54350000 0.77580000
vn -0.00020000 -0.49500000 0.86890000
vn -0.70530000 0.00340000 0.70890000
vn -0.70530000 -0.00000000 0.70890000
vn -0.49500000 0.71230000 0.49760000
vn -0.64920000 0.39040000 0.65280000
vn -0.54100000 -0.64130000 0.54410000
vn -0.69090000 0.19990000 0.69480000
vn -0.35340000 -0.86550000 0.35490000
vn -0.69030000 0.20430000 0.69410000
vn -0.66260000 -0.34240000 0.66620000
vn -0.57800000 0.57270000 0.58140000
vn -0.57410000 0.58090000 0.57710000
vn -0.70380000 0.06270000 0.70760000
vn -0.27310000 -0.92190000 0.27470000
vn -0.58350000 -0.56120000 0.58700000
vn -0.33970000 -0.87650000 0.34110000
vn -0.58430000 0.55960000 0.58780000
vn -0.61430000 -0.49220000 0.61680000
vn -0.34990000 -0.86850000 0.35110000
vn -0.33410000 -0.88070000 0.33580000
vn -0.61290000 -0.49560000 0.61550000
vn -0.70790000 0.00000000 0.70630000
vn -0.70790000 0.00340000 0.70630000
vn -0.65180000 0.39030000 0.65030000
vn -0.49720000 0.71180000 0.49600000
vn -0.69370000 0.19960000 0.69210000
vn -0.54370000 -0.64050000 0.54240000
vn -0.35430000 -0.86570000 0.35350000
vn -0.66510000 -0.34260000 0.66350000
vn -0.69300000 0.20420000 0.69140000
vn -0.57640000 0.58060000 0.57500000
vn -0.58070000 0.57190000 0.57940000
vn -0.70650000 0.06250000 0.70490000
vn -0.58630000 -0.56060000 0.58490000
vn -0.27490000 -0.92150000 0.27420000
vn -0.34070000 -0.87660000 0.33990000
vn -0.92410000 0.00360000 0.38200000
vn -0.92410000 0.00000000 0.38200000
vn -0.62220000 0.73940000 0.25720000
vn -0.85630000 0.37600000 0.35400000
vn -0.62640000 -0.73520000 0.25890000
vn -0.90040000 0.22540000 0.37220000
vn -0.49530000 -0.84430000 0.20470000
vn -0.90390000 0.20810000 0.37370000
vn -0.87090000 -0.33440000 0.36000000
vn -0.72010000 0.62680000 0.29770000
vn -0.74980000 0.58460000 0.31000000
vn -0.92170000 0.07280000 0.38100000
vn -0.72050000 -0.62620000 0.29790000
vn -0.28960000 -0.94960000 0.11970000
vn -0.47960000 -0.85480000 0.19820000
vn -0.58700000 0.55890000 0.58570000
vn -0.73130000 0.61140000 0.30230000
vn -0.79680000 -0.50650000 0.32940000
vn -0.61640000 -0.49190000 0.61490000
vn -0.65610000 -0.37560000 0.65450000
vn -0.84630000 -0.40170000 0.34990000
vn -0.34810000 -0.92640000 0.14390000
vn -0.33600000 -0.88020000 0.33520000
vn -0.35070000 -0.86860000 0.34990000
vn -0.50120000 -0.84020000 0.20720000
vn -0.77580000 -0.54350000 0.32070000
vn -0.61510000 -0.49500000 0.61370000
vn -0.65380000 -0.37600000 0.65660000
vn -0.70890000 0.00340000 -0.70530000
vn -0.70890000 0.00000000 -0.70530000
vn -0.92360000 -0.00000000 -0.38330000
vn -0.92360000 0.00360000 -0.38330000
vn -0.62180000 0.73940000 -0.25810000
vn -0.49760000 0.71230000 -0.49500000
vn -0.65280000 0.39040000 -0.64920000
vn -0.85560000 0.37650000 -0.35510000
vn -0.54410000 -0.64130000 -0.54100000
vn -0.69480000 0.19990000 -0.69090000
vn -0.89990000 0.22510000 -0.37350000
vn -0.62780000 -0.73340000 -0.26060000
vn -0.49470000 -0.84450000 -0.20530000
vn -0.35490000 -0.86550000 -0.35340000
vn -0.69400000 0.20430000 -0.69030000
vn -0.66620000 -0.34240000 -0.66260000
vn -0.87040000 -0.33440000 -0.36130000
vn -0.90340000 0.20820000 -0.37490000
vn -0.72000000 0.62640000 -0.29880000
vn -0.58140000 0.57270000 -0.57800000
vn -0.57710000 0.58090000 -0.57410000
vn -0.74910000 0.58490000 -0.31090000
vn -0.92120000 0.07290000 -0.38230000
vn -0.70760000 0.06270000 -0.70380000
vn -0.72090000 -0.62510000 -0.29920000
vn -0.29020000 -0.94940000 -0.12040000
vn -0.27470000 -0.92190000 -0.27310000
vn -0.58700000 -0.56120000 -0.58350000
vn -0.47850000 -0.85530000 -0.19860000
vn -0.34110000 -0.87650000 -0.33970000
vn -0.73130000 0.61080000 -0.30350000
vn -0.58780000 0.55960000 -0.58430000
vn -0.61680000 -0.49220000 -0.61430000
vn -0.35110000 -0.86850000 -0.34990000
vn -0.50010000 -0.84070000 -0.20760000
vn -0.79620000 -0.50680000 -0.33050000
vn -0.34890000 -0.92590000 -0.14480000
vn -0.33580000 -0.88070000 -0.33410000
vn -0.77540000 -0.54320000 -0.32180000
vn -0.61550000 -0.49560000 -0.61290000
vn -0.70630000 0.00000000 -0.70790000
vn -0.70630000 0.00340000 -0.70790000
vn -0.65030000 0.39030000 -0.65180000
vn -0.49600000 0.71190000 -0.49720000
vn -0.69210000 0.19960000 -0.69370000
vn -0.54240000 -0.64050000 -0.54370000
vn -0.35350000 -0.86570000 -0.35430000
vn -0.66350000 -0.34260000 -0.66510000
vn -0.69140000 0.20420000 -0.69300000
vn -0.57500000 0.58060000 -0.57640000
vn -0.57940000 0.57190000 -0.58070000
vn -0.70490000 0.06250000 -0.70650000
vn -0.58490000 -0.56050000 -0.58630000
vn -0.27420000 -0.92150000 -0.27490000
vn -0.33990000 -0.87660000 -0.34070000
vn -0.38200000 0.00360000 -0.92410000
vn -0.38200000 0.00000000 -0.92410000
vn -0.25720000 0.73940000 -0.62220000
vn -0.35400000 0.37600000 -0.85630000
vn -0.25900000 -0.73520000 -0.62640000
vn -0.37220000 0.22540000 -0.90040000
vn -0.20470000 -0.84430000 -0.49530000
vn -0.37370000 0.20810000 -0.90390000
vn -0.36000000 -0.33440000 -0.87090000
vn -0.29770000 0.62680000 -0.72010000
vn -0.30990000 0.58460000 -0.74980000
vn -0.38100000 0.07280000 -0.92170000
vn -0.29790000 -0.62620000 -0.72050000
vn -0.11970000 -0.94960000 -0.28970000
vn -0.19820000 -0.85480000 -0.47960000
vn -0.58570000 0.55890000 -0.58700000
vn -0.30230000 0.61140000 -0.73130000
vn -0.32940000 -0.50650000 -0.79680000
vn -0.61490000 -0.49190000 -0.61640000
vn -0.65460000 -0.37560000 -0.65610000
vn -0.34990000 -0.40170000 -0.84630000
vn -0.14390000 -0.92640000 -0.34810000
vn -0.33520000 -0.88020000 -0.33600000
vn -0.34990000 -0.86860000 -0.35070000
vn -0.20720000 -0.84020000 -0.50120000
vn -0.32070000 -0.54340000 -0.77580000
vn -0.61370000 -0.49500000 -0.61510000
vn -0.65660000 -0.37600000 -0.65380000
vn -1.00000000 0.00340000 -0.00390000
vn -1.00000000 -0.00000000 -0.00390000
vn -0.92070000 0.39040000 -0.00390000
vn -0.70180000 0.71230000 -0.00280000
vn -0.76720000 -0.64130000 -0.00330000
vn -0.97980000 0.19990000 -0.00420000
vn -0.50090000 -0.86550000 -0.00180000
vn -0.97890000 0.20430000 -0.00400000
vn -0.93950000 -0.34240000 -0.00390000
vn -0.81400000 0.58090000 -0.00330000
vn -0.81980000 0.57270000 -0.00350000
vn -0.99800000 0.06270000 -0.00410000
vn -0.82770000 -0.56120000 -0.00360000
vn -0.38740000 -0.92190000 -0.00170000
vn -0.48140000 -0.87650000 -0.00170000
vn -0.82880000 0.55960000 -0.00360000
vn -0.87050000 -0.49220000 -0.00300000
vn -0.92660000 -0.37600000 -0.00330000
vn -0.84580000 -0.40180000 -0.35100000
vn -0.47370000 -0.88070000 -0.00190000
vn -0.49570000 -0.86850000 -0.00160000
vn -0.86860000 -0.49560000 -0.00310000
vn -1.00000000 0.00000000 -0.00020000
vn -1.00000000 0.00000000 -0.00020000
vn -1.00000000 0.00340000 -0.00020000
vn -1.00000000 0.00340000 -0.00020000
vn -0.92070000 0.39030000 -0.00020000
vn -0.92070000 0.39030000 -0.00020000
vn -0.70230000 0.71190000 -0.00020000
vn -0.70230000 0.71190000 -0.00020000
vn -0.97990000 0.19960000 -0.00020000
vn -0.97990000 0.19960000 -0.00020000
vn -0.76800000 -0.64050000 -0.00020000
vn -0.76800000 -0.64050000 -0.00020000
vn -0.50050000 -0.86570000 -0.00010000
vn -0.50050000 -0.86570000 -0.00010000
vn -0.93950000 -0.34260000 -0.00020000
vn -0.93950000 -0.34260000 -0.00020000
vn -0.97890000 0.20420000 -0.00020000
vn -0.97890000 0.20420000 -0.00020000
vn -0.81420000 0.58060000 -0.00020000
vn -0.81420000 0.58060000 -0.00020000
vn -0.82030000 0.57190000 -0.00020000
vn -0.82030000 0.57190000 -0.00020000
vn -0.99800000 0.06250000 -0.00020000
vn -0.99800000 0.06250000 -0.00020000
vn -0.82810000 -0.56060000 -0.00020000
vn -0.82810000 -0.56060000 -0.00020000
vn -0.38830000 -0.92150000 -0.00010000
vn -0.38830000 -0.92150000 -0.00010000
vn -0.48120000 -0.87660000 -0.00010000
vn -0.48120000 -0.87660000 -0.00010000
vn -0.82920000 0.55890000 -0.00020000
vn -0.82920000 0.55890000 -0.00020000
vn -0.87070000 -0.49190000 -0.00020000
vn -0.87070000 -0.49190000 -0.00020000
vn -0.49540000 -0.86860000 -0.00010000
vn -0.49540000 -0.86860000 -0.00010000
vn -0.47460000 -0.88020000 -0.00010000
vn -0.47460000 -0.88020000 -0.00010000
vn -0.86890000 -0.49500000 -0.00020000
vn -0.86890000 -0.49500000 -0.00020000
vn 0.70890000 0.00340000 0.70530000
vn 0.70890000 0.00000000 0.70530000
vn 0.92360000 0.00000000 0.38330000
vn 0.92360000 0.00360000 0.38330000
vn 0.62180000 0.73940000 0.25810000
vn 0.49760000 0.71230000 0.49500000
vn 0.65280000 0.39040000 0.64920000
vn 0.85560000 0.37650000 0.35510000
vn 0.54410000 -0.64130000 0.54100000
vn 0.69480000 0.19990000 0.69090000
vn 0.89990000 0.22510000 0.37350000
vn 0.62780000 -0.73340000 0.26060000
vn 0.49470000 -0.84450000 0.20530000
vn 0.35500000 -0.86550000 0.35340000
vn 0.69400000 0.20430000 0.69030000
vn 0.66620000 -0.34240000 0.66260000
vn 0.87040000 -0.33440000 0.36130000
vn 0.90340000 0.20810000 0.37490000
vn 0.72000000 0.62640000 0.29880000
vn 0.58140000 0.57270000 0.57800000
vn 0.57710000 0.58090000 0.57410000
vn 0.74910000 0.58490000 0.31090000
vn 0.92120000 0.07290000 0.38230000
vn 0.70760000 0.06270000 0.70380000
vn 0.72090000 -0.62510000 0.29920000
vn 0.29020000 -0.94940000 0.12040000
vn 0.27470000 -0.92190000 0.27310000
vn 0.58700000 -0.56120000 0.58350000
vn 0.47850000 -0.85530000 0.19860000
vn 0.34110000 -0.87650000 0.33970000
vn 0.73130000 0.61080000 0.30350000
vn 0.58780000 0.55960000 0.58430000
vn 0.61680000 -0.49220000 0.61430000
vn 0.35110000 -0.86850000 0.34990000
vn 0.50010000 -0.84070000 0.20760000
vn 0.79620000 -0.50680000 0.33050000
vn 0.34890000 -0.92590000 0.14480000
vn 0.33580000 -0.88070000 0.33410000
vn 0.77540000 -0.54320000 0.32180000
vn 0.61550000 -0.49560000 0.61290000
vn 0.70630000 0.00000000 0.70790000
vn 0.70630000 0.00340000 0.70790000
vn 0.65030000 0.39030000 0.65180000
vn 0.49600000 0.71190000 0.49720000
vn 0.69210000 0.19960000 0.69370000
vn 0.54240000 -0.64050000 0.54370000
vn 0.35350000 -0.86570000 0.35430000
vn 0.66350000 -0.34260000 0.66510000
vn 0.69140000 0.20420000 0.69300000
vn 0.57500000 0.58060000 0.57640000
vn 0.57940000 0.57190000 0.58070000
vn 0.70490000 0.06250000 0.70650000
vn 0.58490000 -0.56060000 0.58620000
vn 0.27420000 -0.92150000 0.27490000
vn 0.33990000 -0.87660000 0.34070000
vn 0.58570000 0.55890000 0.58700000
vn 0.61490000 -0.49190000 0.61640000
vn 0.65450000 -0.37560000 0.65610000
vn 0.34990000 -0.40170000 0.84630000
vn 0.33520000 -0.88020000 0.33600000
vn 0.34990000 -0.86860000 0.35070000
vn 0.61370000 -0.49500000 0.61510000
vn 0.65660000 -0.37600000 0.65380000
vn 1.00000000 0.00340000 0.00390000
vn 1.00000000 0.00000000 0.00390000
vn 0.92070000 0.39040000 0.00380000
vn 0.70180000 0.71230000 0.00280000
vn 0.76720000 -0.64130000 0.00330000
vn 0.97980000 0.19990000 0.00420000
vn 0.50090000 -0.86550000 0.00180000
vn 0.97890000 0.20430000 0.00400000
vn 0.93950000 -0.34240000 0.00390000
vn 0.81400000 0.58090000 0.00330000
vn 0.81980000 0.57270000 0.00350000
vn 0.99800000 0.06270000 0.00410000
vn 0.82770000 -0.56120000 0.00360000
vn 0.38740000 -0.92190000 0.00170000
vn 0.48140000 -0.87650000 0.00170000
vn 0.82880000 0.55960000 0.00360000
vn 0.87050000 -0.49220000 0.00300000
vn 0.92660000 -0.37600000 0.00330000
vn 0.84580000 -0.40180000 0.35100000
vn 0.47370000 -0.88070000 0.00190000
vn 0.49570000 -0.86850000 0.00160000
vn 0.86860000 -0.49560000 0.00310000
vn 1.00000000 0.00000000 0.00020000
vn 1.00000000 0.00000000 0.00020000
vn 1.00000000 0.00340000 0.00020000
vn 1.00000000 0.00340000 0.00020000
vn 0.92070000 0.39030000 0.00020000
vn 0.92070000 0.39030000 0.00020000
vn 0.70230000 0.71190000 0.00020000
vn 0.70230000 0.71190000 0.00020000
vn 0.97990000 0.19960000 0.00020000
vn 0.97990000 0.19960000 0.00020000
vn 0.76800000 -0.64050000 0.00020000
vn 0.76800000 -0.64050000 0.00020000
vn 0.50050000 -0.86570000 0.00010000
vn 0.50050000 -0.86570000 0.00010000
vn 0.93950000 -0.34260000 0.00020000
vn 0.93950000 -0.34260000 0.00020000
vn 0.97890000 0.20420000 0.00020000
vn 0.97890000 0.20420000 0.00020000
vn 0.81420000 0.58060000 0.00020000
vn 0.81420000 0.58060000 0.00020000
vn 0.82030000 0.57190000 0.00020000
vn 0.82030000 0.57190000 0.00020000
vn 0.99800000 0.06250000 0.00020000
vn 0.99800000 0.06250000 0.00020000
vn 0.82810000 -0.56060000 0.00020000
vn 0.82810000 -0.56060000 0.00020000
vn 0.38830000 -0.92150000 0.00010000
vn 0.38830000 -0.92150000 0.00010000
vn 0.48120000 -0.87660000 0.00010000
vn 0.48120000 -0.87660000 0.00010000
vn 0.92420000 0.00000000 -0.38200000
vn 0.92410000 0.00360000 -0.38200000
vn 0.62220000 0.73940000 -0.25720000
vn 0.85630000 0.37600000 -0.35400000
vn 0.90040000 0.22540000 -0.37220000
vn 0.62640000 -0.73520000 -0.25890000
vn 0.49530000 -0.84430000 -0.20470000
vn 0.87090000 -0.33440000 -0.36000000
vn 0.90390000 0.20810000 -0.37370000
vn 0.72010000 0.62680000 -0.29770000
vn 0.74980000 0.58460000 -0.31000000
vn 0.92170000 0.07280000 -0.38100000
vn 0.72050000 -0.62620000 -0.29790000
vn 0.28960000 -0.94960000 -0.11970000
vn 0.47960000 -0.85480000 -0.19820000
vn 0.73130000 0.61140000 -0.30230000
vn 0.82920000 0.55890000 0.00020000
vn 0.82920000 0.55890000 0.00020000
vn 0.87070000 -0.49190000 0.00020000
vn 0.87070000 -0.49190000 0.00020000
vn 0.49540000 -0.86860000 0.00010000
vn 0.49540000 -0.86860000 0.00010000
vn 0.50120000 -0.84020000 -0.20720000
vn 0.79680000 -0.50650000 -0.32940000
vn 0.34810000 -0.92640000 -0.14390000
vn 0.47460000 -0.88020000 0.00010000
vn 0.47460000 -0.88020000 0.00010000
vn 0.77580000 -0.54350000 -0.32070000
vn 0.86890000 -0.49500000 0.00020000
vn 0.86890000 -0.49500000 0.00020000
vn 0.00390000 0.00340000 -1.00000000
vn 0.38330000 0.00360000 -0.92360000
vn 0.38330000 0.00000000 -0.92360000
vn 0.00390000 0.00000000 -1.00000000
vn 0.00380000 0.39030000 -0.92070000
vn 0.00280000 0.71230000 -0.70180000
vn 0.25810000 0.73940000 -0.62180000
vn 0.35510000 0.37650000 -0.85560000
vn 0.00330000 -0.64130000 -0.76720000
vn 0.26060000 -0.73340000 -0.62780000
vn 0.37350000 0.22510000 -0.89990000
vn 0.00420000 0.19990000 -0.97980000
vn 0.00180000 -0.86550000 -0.50090000
vn 0.20530000 -0.84450000 -0.49470000
vn 0.00400000 0.20430000 -0.97890000
vn 0.37490000 0.20820000 -0.90340000
vn 0.36130000 -0.33440000 -0.87040000
vn 0.00390000 -0.34240000 -0.93950000
vn 0.00330000 0.58090000 -0.81400000
vn 0.00350000 0.57270000 -0.81980000
vn 0.29880000 0.62640000 -0.72000000
vn 0.31090000 0.58490000 -0.74910000
vn 0.00410000 0.06270000 -0.99800000
vn 0.38230000 0.07290000 -0.92110000
vn 0.29920000 -0.62510000 -0.72090000
vn 0.00360000 -0.56120000 -0.82770000
vn 0.00170000 -0.92190000 -0.38740000
vn 0.12040000 -0.94940000 -0.29020000
vn 0.00170000 -0.87650000 -0.48140000
vn 0.19860000 -0.85530000 -0.47850000
vn 0.00360000 0.55960000 -0.82880000
vn 0.30350000 0.61080000 -0.73130000
vn 0.33050000 -0.50680000 -0.79620000
vn 0.00300000 -0.49220000 -0.87050000
vn 0.00330000 -0.37600000 -0.92660000
vn 0.35100000 -0.40180000 -0.84580000
vn 0.14480000 -0.92590000 -0.34890000
vn 0.00190000 -0.88070000 -0.47370000
vn 0.00160000 -0.86850000 -0.49570000
vn 0.20760000 -0.84070000 -0.50010000
vn 0.32180000 -0.54320000 -0.77540000
vn 0.00310000 -0.49560000 -0.86860000
vn 0.00020000 0.00000000 -1.00000000
vn 0.00030000 0.00340000 -1.00000000
vn 0.00020000 0.39030000 -0.92070000
vn 0.00020000 0.71180000 -0.70230000
vn 0.00020000 0.19960000 -0.97990000
vn 0.00020000 -0.64050000 -0.76800000
vn 0.00010000 -0.86570000 -0.50050000
vn 0.00020000 -0.34260000 -0.93950000
vn 0.00020000 0.20420000 -0.97890000
vn 0.00020000 0.58060000 -0.81420000
vn 0.00020000 0.57190000 -0.82030000
vn 0.00030000 0.06250000 -0.99800000
vn 0.00020000 -0.56060000 -0.82810000
vn 0.00010000 -0.92150000 -0.38830000
vn 0.00010000 -0.87660000 -0.48120000
vn 0.00020000 0.55890000 -0.82920000
vn 0.00020000 -0.49190000 -0.87070000
vn 0.00010000 -0.86860000 -0.49540000
vn 0.00010000 -0.88020000 -0.47460000
vn 0.00020000 -0.49500000 -0.86890000
vn 0.70530000 0.00340000 -0.70890000
vn 0.70530000 -0.00000000 -0.70890000
vn 0.49500000 0.71230000 -0.49760000
vn 0.64920000 0.39040000 -0.65280000
vn 0.54100000 -0.64130000 -0.54410000
vn 0.69090000 0.19990000 -0.69480000
vn 0.35340000 -0.86550000 -0.35490000
vn 0.69030000 0.20430000 -0.69400000
vn 0.66260000 -0.34240000 -0.66620000
vn 0.57800000 0.57270000 -0.58140000
vn 0.57410000 0.58090000 -0.57710000
vn 0.70380000 0.06270000 -0.70760000
vn 0.27310000 -0.92190000 -0.27470000
vn 0.58350000 -0.56120000 -0.58700000
vn 0.33970000 -0.87650000 -0.34110000
vn 0.58430000 0.55960000 -0.58780000
vn 0.61430000 -0.49220000 -0.61680000
vn 0.34990000 -0.86850000 -0.35110000
vn 0.33410000 -0.88070000 -0.33580000
vn 0.61290000 -0.49560000 -0.61550000
vn 0.70790000 0.00000000 -0.70630000
vn 0.70790000 0.00340000 -0.70630000
vn 0.65180000 0.39030000 -0.65020000
vn 0.49720000 0.71190000 -0.49600000
vn 0.69370000 0.19960000 -0.69210000
vn 0.54370000 -0.64050000 -0.54240000
vn 0.35430000 -0.86570000 -0.35350000
vn 0.66510000 -0.34260000 -0.66350000
vn 0.69300000 0.20420000 -0.69140000
vn 0.57640000 0.58060000 -0.57500000
vn 0.58070000 0.57190000 -0.57940000
vn 0.70650000 0.06250000 -0.70490000
vn 0.58620000 -0.56060000 -0.58490000
vn 0.27490000 -0.92150000 -0.27420000
vn 0.34070000 -0.87660000 -0.33990000
vn 0.58700000 0.55890000 -0.58570000
vn 0.61640000 -0.49190000 -0.61490000
vn 0.65610000 -0.37560000 -0.65450000
vn 0.84630000 -0.40170000 -0.34990000
vn 0.33600000 -0.88020000 -0.33520000
vn 0.35070000 -0.86860000 -0.34990000
vn 0.61510000 -0.49500000 -0.61370000
vn 0.65380000 -0.37600000 -0.65660000
vn -0.00020000 -0.37560000 0.92680000
vn -0.92680000 -0.37560000 -0.00020000
vn -0.92680000 -0.37560000 -0.00020000
vn 0.92680000 -0.37560000 0.00020000
vn 0.92680000 -0.37560000 0.00020000
vn 0.00020000 -0.37560000 -0.92680000
vn -0.00330000 -0.50670000 0.86210000
vn -0.32870000 -0.51440000 0.79200000
vn 0.32770000 -0.51410000 0.79270000
vn -0.00020000 -0.50640000 0.86230000
vn -0.60820000 -0.50670000 0.61100000
vn -0.61040000 -0.50640000 0.60900000
vn -0.79270000 -0.51410000 0.32770000
vn -0.79200000 -0.51440000 -0.32870000
vn -0.61110000 -0.50670000 -0.60820000
vn -0.60900000 -0.50640000 -0.61040000
vn -0.32770000 -0.51410000 -0.79270000
vn -0.86210000 -0.50670000 -0.00330000
vn -0.86230000 -0.50640000 -0.00020000
vn -0.86230000 -0.50640000 -0.00020000
vn 0.79200000 -0.51440000 0.32870000
vn 0.61110000 -0.50670000 0.60820000
vn 0.60900000 -0.50640000 0.61050000
vn 0.86210000 -0.50670000 0.00330000
vn 0.79270000 -0.51410000 -0.32770000
vn 0.86230000 -0.50640000 0.00020000
vn 0.86230000 -0.50640000 0.00020000
vn 0.00330000 -0.50670000 -0.86210000
vn 0.32870000 -0.51440000 -0.79200000
vn 0.00020000 -0.50640000 -0.86230000
vn 0.60820000 -0.50670000 -0.61110000
vn 0.61040000 -0.50640000 -0.60900000
vn -0.00220000 -0.67710000 0.73590000
vn -0.30380000 -0.61050000 0.73140000
vn -0.03660000 -0.99550000 0.08760000
vn -0.40150000 -0.00120000 0.91590000
vn 0.00070000 -0.00020000 1.00000000
vn 0.00010000 -0.99450000 0.10450000
vn -0.00310000 -0.00290000 1.00000000
vn -0.38330000 -0.00310000 0.92360000
vn -0.00230000 -0.63380000 0.77350000
vn -0.26320000 -0.72710000 0.63410000
vn -0.00090000 -0.99450000 0.10430000
vn -0.00760000 -0.00000000 1.00000000
vn -0.00030000 -0.67760000 0.73540000
vn -0.00020000 -0.00290000 1.00000000
vn -0.00020000 -0.63320000 0.77400000
vn 0.03720000 -0.99520000 0.09020000
vn 0.37320000 -0.00000000 0.92770000
vn 0.30280000 -0.60940000 0.73280000
vn 0.38200000 -0.00310000 0.92410000
vn 0.26180000 -0.72820000 0.63330000
vn -0.51890000 -0.67840000 0.52020000
vn -0.72130000 -0.00090000 0.69260000
vn -0.07250000 -0.99500000 0.06920000
vn -0.70590000 -0.00290000 0.70830000
vn -0.54610000 -0.63380000 0.54780000
vn -0.07370000 -0.99450000 0.07390000
vn -0.70560000 -0.00000000 0.70860000
vn -0.52050000 -0.67770000 0.51940000
vn -0.70790000 -0.00290000 0.70630000
vn -0.92140000 -0.00060000 0.38850000
vn -0.08870000 -0.99530000 0.03780000
vn -0.73250000 -0.60980000 0.30270000
vn -0.92410000 -0.00310000 0.38200000
vn -0.63330000 -0.72820000 0.26180000
vn -0.54790000 -0.63320000 0.54660000
vn -0.08770000 -0.99550000 -0.03640000
vn -0.92390000 -0.00120000 -0.38270000
vn -0.73150000 -0.61050000 -0.30360000
vn -0.52070000 -0.67770000 -0.51920000
vn -0.07160000 -0.99470000 -0.07320000
vn -0.70000000 -0.00050000 -0.71420000
vn -0.92360000 -0.00310000 -0.38330000
vn -0.70830000 -0.00290000 -0.70590000
vn -0.63410000 -0.72710000 -0.26320000
vn -0.54780000 -0.63380000 -0.54610000
vn -0.70520000 -0.00000000 -0.70900000
vn -0.07500000 -0.99430000 -0.07560000
vn -0.51980000 -0.67700000 -0.52110000
vn -0.70630000 -0.00290000 -0.70790000
vn -0.30280000 -0.60940000 -0.73280000
vn -0.03720000 -0.99520000 -0.09020000
vn -0.37320000 -0.00000000 -0.92770000
vn -0.38200000 -0.00310000 -0.92410000
vn -0.54660000 -0.63320000 -0.54790000
vn -0.26180000 -0.72820000 -0.63330000
vn -0.73530000 -0.67770000 -0.00200000
vn -0.10230000 -0.99480000 0.00110000
vn -1.00000000 -0.00070000 0.01000000
vn -1.00000000 -0.00290000 -0.00310000
vn -0.77350000 -0.63380000 -0.00230000
vn -1.00000000 -0.00110000 0.00430000
vn -0.10400000 -0.99460000 0.00040000
vn -1.00000000 -0.00110000 0.00430000
vn -0.73510000 -0.67790000 -0.00010000
vn -1.00000000 -0.00290000 -0.00020000
vn -0.77390000 -0.63330000 -0.00020000
vn 0.08770000 -0.99550000 0.03640000
vn 0.92390000 -0.00120000 0.38270000
vn 0.73150000 -0.61050000 0.30360000
vn 0.52070000 -0.67770000 0.51920000
vn 0.69990000 -0.00050000 0.71420000
vn 0.07160000 -0.99470000 0.07320000
vn 0.92360000 -0.00310000 0.38330000
vn 0.70830000 -0.00290000 0.70590000
vn 0.63410000 -0.72710000 0.26320000
vn 0.54780000 -0.63380000 0.54610000
vn 0.70520000 -0.00000000 0.70900000
vn 0.07500000 -0.99430000 0.07560000
vn 0.51980000 -0.67700000 0.52110000
vn 0.70630000 -0.00290000 0.70790000
vn 0.54660000 -0.63320000 0.54790000
vn 0.73530000 -0.67780000 0.00200000
vn 0.10230000 -0.99480000 -0.00120000
vn 0.99990000 -0.00050000 -0.01010000
vn 1.00000000 -0.00290000 0.00310000
vn 0.77350000 -0.63380000 0.00230000
vn 0.10230000 -0.99480000 0.00130000
vn 0.99990000 -0.00000000 0.01170000
vn 0.99990000 -0.00000000 0.01170000
vn 0.73480000 -0.67830000 0.00040000
vn 1.00000000 -0.00290000 0.00020000
vn 0.08840000 -0.99540000 -0.03650000
vn 0.92750000 -0.00000000 -0.37380000
vn 0.73250000 -0.60980000 -0.30270000
vn 0.92410000 -0.00310000 -0.38200000
vn 0.63330000 -0.72820000 -0.26180000
vn 0.77400000 -0.63320000 0.00020000
vn 0.00220000 -0.67710000 -0.73590000
vn 0.30380000 -0.61050000 -0.73140000
vn 0.03660000 -0.99550000 -0.08760000
vn 0.40150000 -0.00120000 -0.91590000
vn -0.00070000 -0.00020000 -1.00000000
vn -0.00010000 -0.99450000 -0.10450000
vn 0.00310000 -0.00290000 -1.00000000
vn 0.38330000 -0.00310000 -0.92360000
vn 0.00230000 -0.63380000 -0.77350000
vn 0.26320000 -0.72710000 -0.63410000
vn 0.00760000 -0.00000000 -1.00000000
vn 0.00090000 -0.99450000 -0.10430000
vn 0.00030000 -0.67760000 -0.73540000
vn 0.00020000 -0.00290000 -1.00000000
vn 0.00020000 -0.63320000 -0.77400000
vn 0.51890000 -0.67840000 -0.52020000
vn 0.07250000 -0.99500000 -0.06920000
vn 0.72130000 -0.00090000 -0.69260000
vn 0.70590000 -0.00290000 -0.70830000
vn 0.54610000 -0.63380000 -0.54780000
vn 0.70560000 -0.00000000 -0.70860000
vn 0.07370000 -0.99450000 -0.07390000
vn 0.52050000 -0.67770000 -0.51940000
vn 0.70790000 -0.00290000 -0.70630000
vn 0.54790000 -0.63320000 -0.54660000
vn -0.00140000 -0.85670000 0.51570000
vn -0.21120000 -0.83450000 0.50900000
vn -0.00130000 0.88460000 0.46630000
vn -0.00080000 0.96710000 0.25430000
vn -0.09040000 0.97180000 0.21780000
vn -0.18470000 0.87630000 0.44490000
vn -0.00070000 0.97330000 0.22930000
vn -0.00020000 0.99820000 0.05990000
vn -0.02640000 0.99760000 0.06360000
vn -0.09090000 0.97150000 0.21910000
vn 0.00270000 0.70790000 -0.70630000
vn 0.22870000 0.80240000 -0.55110000
vn -0.00170000 0.85450000 0.51940000
vn -0.00170000 0.83160000 0.55530000
vn -0.21760000 0.82320000 0.52430000
vn -0.16890000 0.89760000 0.40710000
vn -0.00290000 0.35100000 0.93640000
vn -0.36200000 0.32870000 0.87230000
vn -0.35250000 -0.39280000 0.84940000
vn -0.00270000 -0.39330000 0.91940000
vn -0.00010000 -0.85680000 0.51560000
vn -0.00010000 0.97330000 0.22930000
vn -0.00000000 0.99820000 0.05980000
vn 0.00020000 0.70710000 -0.70710000
vn -0.00020000 0.35110000 0.93640000
vn -0.00010000 0.88460000 0.46630000
vn 0.21080000 -0.83410000 0.50980000
vn 0.09010000 0.97180000 0.21800000
vn -0.00010000 0.96710000 0.25450000
vn 0.18420000 0.87610000 0.44560000
vn 0.02640000 0.99760000 0.06380000
vn 0.09080000 0.97140000 0.21950000
vn -0.22720000 0.80400000 -0.54950000
vn 0.21710000 0.82290000 0.52510000
vn -0.00010000 0.83160000 0.55540000
vn -0.00010000 0.85410000 0.52000000
vn 0.16820000 0.89790000 0.40680000
vn 0.36090000 0.32830000 0.87290000
vn 0.35140000 -0.39250000 0.85000000
vn -0.00020000 -0.39310000 0.91950000
vn -0.36420000 -0.85670000 0.36510000
vn -0.17950000 0.96710000 0.18010000
vn -0.32930000 0.88460000 0.33020000
vn -0.04230000 0.99820000 0.04240000
vn -0.16190000 0.97330000 0.16240000
vn 0.49820000 0.70790000 -0.50070000
vn -0.39210000 0.83160000 0.39330000
vn -0.36660000 0.85450000 0.36790000
vn -0.66100000 0.35100000 0.66320000
vn -0.64910000 -0.39330000 0.65110000
vn -0.36500000 -0.85680000 0.36420000
vn -0.04230000 0.99820000 0.04220000
vn -0.16240000 0.97330000 0.16200000
vn 0.50060000 0.70710000 -0.49940000
vn -0.33010000 0.88460000 0.32940000
vn -0.66290000 0.35110000 0.66130000
vn -0.50980000 -0.83410000 0.21080000
vn -0.18020000 0.96710000 0.17980000
vn -0.21800000 0.97180000 0.09010000
vn -0.44560000 0.87610000 0.18420000
vn -0.06380000 0.99760000 0.02640000
vn -0.21950000 0.97140000 0.09080000
vn 0.54950000 0.80400000 -0.22720000
vn -0.36820000 0.85410000 0.36730000
vn -0.39320000 0.83160000 0.39230000
vn -0.52510000 0.82290000 0.21710000
vn -0.40680000 0.89790000 0.16820000
vn -0.87290000 0.32830000 0.36090000
vn -0.85000000 -0.39250000 0.35140000
vn -0.65090000 -0.39310000 0.64940000
vn -0.50900000 -0.83450000 -0.21120000
vn -0.36520000 -0.85670000 -0.36420000
vn -0.21780000 0.97180000 -0.09040000
vn -0.18010000 0.96710000 -0.17950000
vn -0.33020000 0.88460000 -0.32930000
vn -0.44490000 0.87630000 -0.18470000
vn -0.06360000 0.99760000 -0.02640000
vn -0.04240000 0.99820000 -0.04230000
vn -0.16240000 0.97330000 -0.16190000
vn -0.21910000 0.97150000 -0.09090000
vn 0.55110000 0.80240000 0.22870000
vn 0.50070000 0.70790000 0.49820000
vn -0.52430000 0.82320000 -0.21760000
vn -0.39330000 0.83160000 -0.39210000
vn -0.36790000 0.85450000 -0.36660000
vn -0.40710000 0.89760000 -0.16890000
vn -0.66320000 0.35100000 -0.66100000
vn -0.87230000 0.32870000 -0.36200000
vn -0.84940000 -0.39280000 -0.35250000
vn -0.65110000 -0.39330000 -0.64910000
vn -0.36420000 -0.85680000 -0.36500000
vn -0.04220000 0.99820000 -0.04230000
vn -0.16200000 0.97330000 -0.16240000
vn 0.49940000 0.70710000 0.50060000
vn -0.32940000 0.88460000 -0.33010000
vn -0.66130000 0.35100000 -0.66290000
vn -0.21080000 -0.83410000 -0.50980000
vn -0.17980000 0.96710000 -0.18020000
vn -0.09010000 0.97180000 -0.21800000
vn -0.18420000 0.87610000 -0.44560000
vn -0.02640000 0.99760000 -0.06380000
vn -0.09080000 0.97140000 -0.21950000
vn 0.22720000 0.80400000 0.54950000
vn -0.36730000 0.85410000 -0.36820000
vn -0.39230000 0.83160000 -0.39320000
vn -0.21710000 0.82290000 -0.52510000
vn -0.16820000 0.89790000 -0.40680000
vn -0.36090000 0.32830000 -0.87290000
vn -0.35140000 -0.39250000 -0.85000000
vn -0.64940000 -0.39310000 -0.65090000
vn -0.51570000 -0.85670000 -0.00140000
vn -0.46630000 0.88460000 -0.00130000
vn -0.25430000 0.96710000 -0.00080000
vn -0.22930000 0.97330000 -0.00070000
vn -0.05990000 0.99820000 -0.00020000
vn 0.70630000 0.70790000 0.00270000
vn -0.51940000 0.85450000 -0.00170000
vn -0.55530000 0.83160000 -0.00170000
vn -0.93640000 0.35100000 -0.00290000
vn -0.91940000 -0.39330000 -0.00270000
vn -0.51560000 -0.85680000 -0.00010000
vn -0.22930000 0.97330000 -0.00010000
vn -0.05980000 0.99820000 -0.00000000
vn 0.70710000 0.70710000 0.00020000
vn -0.93640000 0.35100000 -0.00020000
vn -0.46630000 0.88460000 -0.00010000
vn -0.25450000 0.96710000 -0.00010000
vn -0.55540000 0.83160000 -0.00010000
vn -0.52000000 0.85410000 -0.00010000
vn -0.91950000 -0.39310000 -0.00020000
vn 0.50900000 -0.83450000 0.21120000
vn 0.36510000 -0.85670000 0.36420000
vn 0.21780000 0.97180000 0.09040000
vn 0.18010000 0.96710000 0.17950000
vn 0.33020000 0.88460000 0.32930000
vn 0.44490000 0.87630000 0.18470000
vn 0.06360000 0.99760000 0.02640000
vn 0.04240000 0.99820000 0.04230000
vn 0.16240000 0.97330000 0.16190000
vn 0.21910000 0.97150000 0.09090000
vn -0.55110000 0.80240000 -0.22870000
vn -0.50070000 0.70790000 -0.49820000
vn 0.52430000 0.82320000 0.21760000
vn 0.39330000 0.83160000 0.39210000
vn 0.36790000 0.85450000 0.36660000
vn 0.40710000 0.89760000 0.16890000
vn 0.66320000 0.35100000 0.66100000
vn 0.87230000 0.32870000 0.36200000
vn 0.84940000 -0.39280000 0.35250000
vn 0.65110000 -0.39330000 0.64910000
vn 0.36420000 -0.85680000 0.36500000
vn 0.04220000 0.99820000 0.04230000
vn 0.16200000 0.97330000 0.16240000
vn -0.49940000 0.70710000 -0.50060000
vn 0.32940000 0.88460000 0.33010000
vn 0.66130000 0.35110000 0.66290000
vn 0.17980000 0.96710000 0.18020000
vn 0.36730000 0.85410000 0.36820000
vn 0.39230000 0.83160000 0.39320000
vn 0.64940000 -0.39310000 0.65090000
vn 0.51570000 -0.85670000 0.00140000
vn 0.46630000 0.88460000 0.00130000
vn 0.25430000 0.96710000 0.00080000
vn 0.22930000 0.97330000 0.00070000
vn 0.05990000 0.99820000 0.00020000
vn -0.70630000 0.70790000 -0.00270000
vn 0.51940000 0.85450000 0.00170000
vn 0.55530000 0.83160000 0.00170000
vn 0.93640000 0.35100000 0.00290000
vn 0.91940000 -0.39330000 0.00270000
vn 0.51560000 -0.85680000 0.00010000
vn 0.22930000 0.97330000 0.00010000
vn 0.05980000 0.99820000 0.00000000
vn -0.70710000 0.70710000 -0.00020000
vn 0.93640000 0.35100000 0.00020000
vn 0.46630000 0.88460000 0.00010000
vn 0.50980000 -0.83410000 -0.21080000
vn 0.21800000 0.97180000 -0.09010000
vn 0.25450000 0.96710000 0.00010000
vn 0.44560000 0.87610000 -0.18420000
vn 0.06380000 0.99760000 -0.02640000
vn 0.21950000 0.97140000 -0.09080000
vn -0.54950000 0.80400000 0.22720000
vn 0.52510000 0.82290000 -0.21710000
vn 0.55540000 0.83160000 0.00010000
vn 0.52000000 0.85410000 0.00010000
vn 0.40680000 0.89790000 -0.16820000
vn 0.87290000 0.32830000 -0.36090000
vn 0.85000000 -0.39250000 -0.35140000
vn 0.91950000 -0.39310000 0.00020000
vn 0.00140000 -0.85670000 -0.51570000
vn 0.21120000 -0.83450000 -0.50900000
vn 0.00130000 0.88460000 -0.46630000
vn 0.00080000 0.96710000 -0.25430000
vn 0.09040000 0.97180000 -0.21780000
vn 0.18470000 0.87630000 -0.44490000
vn 0.00070000 0.97330000 -0.22930000
vn 0.00020000 0.99820000 -0.05990000
vn 0.02640000 0.99760000 -0.06360000
vn 0.09090000 0.97150000 -0.21910000
vn -0.00270000 0.70790000 0.70630000
vn -0.22870000 0.80240000 0.55110000
vn 0.00170000 0.85450000 -0.51940000
vn 0.00170000 0.83160000 -0.55530000
vn 0.21760000 0.82320000 -0.52430000
vn 0.16890000 0.89760000 -0.40710000
vn 0.00290000 0.35100000 -0.93640000
vn 0.36200000 0.32870000 -0.87230000
vn 0.35250000 -0.39280000 -0.84940000
vn 0.00270000 -0.39330000 -0.91940000
vn 0.00010000 -0.85680000 -0.51560000
vn 0.00010000 0.97330000 -0.22930000
vn 0.00000000 0.99820000 -0.05980000
vn -0.00020000 0.70710000 0.70710000
vn 0.00020000 0.35100000 -0.93640000
vn 0.00010000 0.88460000 -0.46630000
vn 0.00010000 0.96710000 -0.25450000
vn 0.00010000 0.83160000 -0.55540000
vn 0.00010000 0.85410000 -0.52000000
vn 0.00020000 -0.39310000 -0.91950000
vn 0.36420000 -0.85670000 -0.36510000
vn 0.17950000 0.96710000 -0.18010000
vn 0.32930000 0.88460000 -0.33020000
vn 0.04230000 0.99820000 -0.04240000
vn 0.16190000 0.97330000 -0.16240000
vn -0.49820000 0.70790000 0.50070000
vn 0.39210000 0.83160000 -0.39330000
vn 0.36660000 0.85450000 -0.36790000
vn 0.66100000 0.35100000 -0.66320000
vn 0.64910000 -0.39330000 -0.65110000
vn 0.36500000 -0.85680000 -0.36420000
vn 0.04230000 0.99820000 -0.04220000
vn 0.16240000 0.97330000 -0.16200000
vn -0.50060000 0.70710000 0.49940000
vn 0.33010000 0.88460000 -0.32940000
vn 0.66290000 0.35110000 -0.66130000
vn 0.18020000 0.96710000 -0.17980000
vn 0.36820000 0.85410000 -0.36730000
vn 0.39320000 0.83160000 -0.39230000
vn 0.65090000 -0.39310000 -0.64940000
vn 0.00000000 1.00000000 -0.00000000
vn 0.00000000 1.00000000 -0.00000000
vn 0.00000000 1.00000000 -0.00000000
vn 0.38330000 0.00000000 -0.92360000
vn 0.38330000 0.00000000 -0.92360000
vn 0.00390000 0.00000000 -1.00000000
vn 0.00390000 0.00000000 -1.00000000
vn 0.00020000 0.00000000 -1.00000000
vn 0.00020000 0.00000000 -1.00000000
vn -0.38200000 0.00000000 -0.92410000
vn -0.38200000 0.00000000 -0.92410000
vn -0.70630000 0.00000000 -0.70790000
vn -0.70630000 0.00000000 -0.70790000
vn -0.70880000 0.00000000 -0.70540000
vn -0.70880000 0.00000000 -0.70540000
vn -0.92360000 0.00000000 -0.38330000
vn -0.92360000 0.00000000 -0.38330000
vn -1.00000000 0.00000000 -0.00390000
vn -1.00000000 0.00000000 -0.00390000
vn -1.00000000 -0.00000000 -0.00020000
vn -1.00000000 -0.00000000 -0.00020000
vn -1.00000000 -0.00000000 -0.00020000
vn -0.92410000 0.00000000 0.38200000
vn -0.92410000 0.00000000 0.38200000
vn -0.70790000 0.00000000 0.70630000
vn -0.70790000 0.00000000 0.70630000
vn -0.70540000 0.00000000 0.70880000
vn -0.70540000 0.00000000 0.70880000
vn -0.38330000 0.00000000 0.92360000
vn -0.38330000 0.00000000 0.92360000
vn -0.00390000 0.00000000 1.00000000
vn -0.00390000 0.00000000 1.00000000
vn -0.00020000 0.00000000 1.00000000
vn -0.00020000 0.00000000 1.00000000
vn 0.38200000 0.00000000 0.92410000
vn 0.38200000 0.00000000 0.92410000
vn 0.70630000 0.00000000 0.70790000
vn 0.70630000 0.00000000 0.70790000
vn 0.70880000 0.00000000 0.70540000
vn 0.70880000 0.00000000 0.70540000
vn 0.92360000 0.00000000 0.38330000
vn 0.92360000 0.00000000 0.38330000
vn 1.00000000 0.00000000 0.00390000
vn 1.00000000 0.00000000 0.00390000
vn 1.00000000 0.00000000 0.00020000
vn 1.00000000 0.00000000 0.00020000
vn 1.00000000 0.00000000 0.00020000
vn 0.92410000 0.00000000 -0.38200000
vn 0.92410000 0.00000000 -0.38200000
vn 0.70790000 0.00000000 -0.70630000
vn 0.70790000 0.00000000 -0.70630000
vn 0.70540000 0.00000000 -0.70880000
vn 0.70540000 0.00000000 -0.70880000
vn 0.38330000 0.00000000 -0.92360000
vn 0.38330000 0.00000000 -0.92360000
vn 0.00390000 0.00000000 -1.00000000
vn 0.00390000 0.00000000 -1.00000000
vn 0.00020000 0.00000000 -1.00000000
vn 0.00020000 0.00000000 -1.00000000
vn -0.38200000 0.00000000 -0.92410000
vn -0.38200000 0.00000000 -0.92410000
vn -0.70630000 0.00000000 -0.70790000
vn -0.70630000 0.00000000 -0.70790000
vn -0.70880000 0.00000000 -0.70540000
vn -0.70880000 0.00000000 -0.70540000
vn -0.92360000 0.00000000 -0.38330000
vn -0.92360000 0.00000000 -0.38330000
vn -1.00000000 0.00000000 -0.00390000
vn -1.00000000 0.00000000 -0.00390000
vn -1.00000000 -0.00000000 -0.00020000
vn -1.00000000 -0.00000000 -0.00020000
vn -1.00000000 -0.00000000 -0.00020000
vn -0.92310000 0.00680000 0.38440000
vn -0.92310000 0.00680000 0.38440000
vn -0.70790000 0.00000000 0.70630000
vn -0.70790000 0.00000000 0.70630000
vn -0.70540000 0.00000000 0.70880000
vn -0.70540000 0.00000000 0.70880000
vn -0.38960000 0.01880000 0.92080000
vn -0.38960000 0.01880000 0.92080000
vn -0.00390000 -0.00000000 1.00000000
vn -0.00390000 -0.00000000 1.00000000
vn -0.00020000 0.00000000 1.00000000
vn -0.00020000 0.00000000 1.00000000
vn 0.38200000 0.00000000 0.92410000
vn 0.38200000 0.00000000 0.92410000
vn 0.70630000 0.00000000 0.70790000
vn 0.70630000 0.00000000 0.70790000
vn 0.70880000 0.00000000 0.70540000
vn 0.70880000 0.00000000 0.70540000
vn 0.92360000 0.00000000 0.38330000
vn 0.92360000 0.00000000 0.38330000
vn 1.00000000 0.00000000 0.00390000
vn 1.00000000 0.00000000 0.00390000
vn 1.00000000 0.00000000 0.00020000
vn 1.00000000 0.00000000 0.00020000
vn 1.00000000 0.00000000 0.00020000
vn 0.92410000 0.00000000 -0.38200000
vn 0.92410000 0.00000000 -0.38200000
vn 0.70790000 0.00000000 -0.70630000
vn 0.70790000 0.00000000 -0.70630000
vn 0.70540000 0.00000000 -0.70880000
vn 0.70540000 0.00000000 -0.70880000
vn 0.29730000 0.63140000 -0.71620000
vn 0.00270000 0.70630000 -0.70790000
vn 0.00020000 0.70710000 -0.70710000
vn -0.29660000 0.63040000 -0.71740000
vn -0.49940000 0.70710000 -0.50060000
vn -0.50180000 0.70630000 -0.49930000
vn -0.71620000 0.63140000 -0.29730000
vn -0.70790000 0.70630000 -0.00270000
vn -0.70710000 0.70710000 -0.00020000
vn -0.71670000 0.63790000 0.28180000
vn -0.50150000 0.70700000 0.49860000
vn -0.49730000 0.70610000 0.50400000
vn -0.25950000 0.65010000 0.71420000
vn -0.00270000 0.70630000 0.70790000
vn -0.00020000 0.70710000 0.70710000
vn 0.29660000 0.63040000 0.71740000
vn 0.49940000 0.70710000 0.50060000
vn 0.50180000 0.70630000 0.49930000
vn 0.71630000 0.63140000 0.29730000
vn 0.70790000 0.70630000 0.00270000
vn 0.70710000 0.70710000 0.00020000
vn 0.71740000 0.63040000 -0.29660000
vn 0.50060000 0.70710000 -0.49940000
vn 0.49930000 0.70630000 -0.50180000
vn 0.00000000 1.00000000 -0.00000000
vn 0.00000000 1.00000000 -0.00000000
vn 0.00000000 1.00000000 -0.00000000
vn 0.00000000 1.00000000 -0.00000000
vn 0.00000000 1.00000000 -0.00000000
vn 0.00000000 1.00000000 -0.00000000
vn -0.00010000 -0.93400000 0.35740000
vn -0.00020000 -0.46970000 0.88280000
vn -0.00480000 -0.46960000 0.88290000
vn -0.00170000 -0.93390000 0.35750000
vn -0.00440000 0.52970000 0.84820000
vn -0.00020000 0.52930000 0.84840000
vn -0.00020000 0.74810000 0.66360000
vn -0.00330000 0.74850000 0.66320000
vn -0.00410000 0.68960000 0.72420000
vn -0.00030000 0.68840000 0.72540000
vn -0.00020000 0.18080000 0.98350000
vn -0.00520000 0.18090000 0.98350000
vn -0.00020000 0.54170000 0.84060000
vn -0.00450000 0.54280000 0.83990000
vn -0.00250000 0.86460000 0.50240000
vn -0.00010000 0.86440000 0.50290000
vn -0.00060000 -0.99140000 0.13110000
vn -0.00000000 -0.99130000 0.13130000
vn -0.00020000 0.68900000 0.72480000
vn -0.00410000 0.68790000 0.72580000
vn 0.04650000 -0.99260000 0.11220000
vn 0.14630000 -0.92410000 0.35310000
vn 0.34330000 -0.44200000 0.82870000
vn 0.24820000 0.76130000 0.59910000
vn 0.32290000 0.53660000 0.77960000
vn 0.29830000 0.62640000 0.72020000
vn 0.30150000 0.61590000 0.72780000
vn 0.37610000 0.18530000 0.90790000
vn 0.23710000 0.78520000 0.57210000
vn 0.18820000 0.87060000 0.45450000
vn -0.04650000 -0.99260000 0.11220000
vn -0.14590000 -0.92450000 0.35210000
vn -0.34310000 -0.44290000 0.82830000
vn -0.24810000 0.76150000 0.59890000
vn -0.32290000 0.53680000 0.77950000
vn -0.30090000 0.61770000 0.72650000
vn -0.29900000 0.62410000 0.72190000
vn -0.37610000 0.18530000 0.90790000
vn -0.23840000 0.78230000 0.57550000
vn -0.18820000 0.87070000 0.45440000
vn -0.62090000 -0.46960000 0.62770000
vn -0.63050000 -0.46940000 0.61820000
vn -0.25490000 -0.93380000 0.25090000
vn -0.25160000 -0.93390000 0.25400000
vn -0.47280000 0.74880000 0.46450000
vn -0.60510000 0.53010000 0.59400000
vn -0.59660000 0.52970000 0.60290000
vn -0.46660000 0.74850000 0.47130000
vn -0.51600000 0.69040000 0.50700000
vn -0.50910000 0.68960000 0.51500000
vn -0.69180000 0.18090000 0.69910000
vn -0.70210000 0.18100000 0.68870000
vn -0.35340000 0.86460000 0.35700000
vn -0.59070000 0.54280000 0.59700000
vn -0.59860000 0.54370000 0.58840000
vn -0.35790000 0.86490000 0.35190000
vn -0.09320000 -0.99140000 0.09190000
vn -0.09230000 -0.99140000 0.09310000
vn -0.51860000 0.68700000 0.50900000
vn -0.51030000 0.68790000 0.51610000
vn -0.35120000 -0.92490000 0.14550000
vn -0.11220000 -0.99260000 0.04650000
vn -0.82800000 -0.44370000 0.34300000
vn -0.59850000 0.76180000 0.24790000
vn -0.77930000 0.53710000 0.32280000
vn -0.72560000 0.61900000 0.30060000
vn -0.72310000 0.62250000 0.29950000
vn -0.90790000 0.18530000 0.37610000
vn -0.57810000 0.78000000 0.23960000
vn -0.45410000 0.87090000 0.18810000
vn -0.62770000 -0.46960000 -0.62090000
vn -0.62440000 -0.46970000 -0.62410000
vn -0.25280000 -0.93400000 -0.25260000
vn -0.25400000 -0.93390000 -0.25160000
vn -0.46930000 0.74810000 -0.46910000
vn -0.60010000 0.52930000 -0.59980000
vn -0.60290000 0.52970000 -0.59660000
vn -0.47130000 0.74850000 -0.46660000
vn -0.51290000 0.68850000 -0.51270000
vn -0.51500000 0.68960000 -0.50910000
vn -0.69910000 0.18090000 -0.69180000
vn -0.69560000 0.18080000 -0.69530000
vn -0.35700000 0.86460000 -0.35340000
vn -0.59700000 0.54280000 -0.59070000
vn -0.59450000 0.54170000 -0.59420000
vn -0.35570000 0.86440000 -0.35550000
vn -0.09290000 -0.99130000 -0.09280000
vn -0.09310000 -0.99140000 -0.09230000
vn -0.51260000 0.68900000 -0.51240000
vn -0.51610000 0.68790000 -0.51030000
vn -0.04650000 -0.99260000 -0.11220000
vn -0.14630000 -0.92410000 -0.35310000
vn -0.34330000 -0.44200000 -0.82870000
vn -0.24810000 0.76130000 -0.59910000
vn -0.32290000 0.53660000 -0.77960000
vn -0.30150000 0.61590000 -0.72780000
vn -0.29830000 0.62640000 -0.72020000
vn -0.37610000 0.18530000 -0.90790000
vn -0.23710000 0.78520000 -0.57210000
vn -0.18820000 0.87060000 -0.45450000
vn -0.11220000 -0.99260000 -0.04650000
vn -0.35210000 -0.92450000 -0.14590000
vn -0.82830000 -0.44290000 -0.34310000
vn -0.77950000 0.53680000 -0.32290000
vn -0.59890000 0.76150000 -0.24810000
vn -0.72190000 0.62410000 -0.29900000
vn -0.72650000 0.61770000 -0.30090000
vn -0.90790000 0.18530000 -0.37610000
vn -0.57550000 0.78230000 -0.23840000
vn -0.45440000 0.87070000 -0.18820000
vn -0.35770000 -0.93380000 0.00290000
vn -0.35770000 -0.93380000 0.00290000
vn -0.88290000 -0.46940000 0.00870000
vn -0.88290000 -0.46940000 0.00870000
vn -0.88290000 -0.46960000 -0.00480000
vn -0.35750000 -0.93390000 -0.00170000
vn -0.84820000 0.52970000 -0.00440000
vn -0.84790000 0.53010000 0.00790000
vn -0.84790000 0.53010000 0.00790000
vn -0.66270000 0.74880000 0.00590000
vn -0.66270000 0.74880000 0.00590000
vn -0.66320000 0.74850000 -0.00330000
vn -0.72420000 0.68960000 -0.00410000
vn -0.72360000 0.69020000 0.00640000
vn -0.72360000 0.69020000 0.00640000
vn -0.98340000 0.18100000 0.00940000
vn -0.98340000 0.18100000 0.00940000
vn -0.98350000 0.18090000 -0.00520000
vn -0.83930000 0.54370000 0.00720000
vn -0.83930000 0.54370000 0.00720000
vn -0.83990000 0.54280000 -0.00450000
vn -0.50240000 0.86460000 -0.00250000
vn -0.50190000 0.86490000 0.00430000
vn -0.50190000 0.86490000 0.00430000
vn -0.13110000 -0.99140000 -0.00060000
vn -0.13090000 -0.99140000 0.00090000
vn -0.13090000 -0.99140000 0.00090000
vn -0.72660000 0.68700000 0.00680000
vn -0.72660000 0.68700000 0.00680000
vn -0.72580000 0.68790000 -0.00410000
vn 0.62770000 -0.46960000 0.62090000
vn 0.62440000 -0.46970000 0.62410000
vn 0.25280000 -0.93400000 0.25260000
vn 0.25400000 -0.93390000 0.25160000
vn 0.46930000 0.74810000 0.46910000
vn 0.60010000 0.52930000 0.59980000
vn 0.60290000 0.52970000 0.59660000
vn 0.47130000 0.74850000 0.46660000
vn 0.51290000 0.68850000 0.51270000
vn 0.51500000 0.68960000 0.50910000
vn 0.69910000 0.18090000 0.69180000
vn 0.69560000 0.18080000 0.69530000
vn 0.35700000 0.86460000 0.35340000
vn 0.59700000 0.54280000 0.59070000
vn 0.59450000 0.54170000 0.59420000
vn 0.35570000 0.86440000 0.35550000
vn 0.09290000 -0.99130000 0.09280000
vn 0.09310000 -0.99140000 0.09230000
vn 0.51260000 0.68900000 0.51240000
vn 0.51610000 0.68790000 0.51030000
vn 0.11220000 -0.99260000 0.04650000
vn 0.35210000 -0.92450000 0.14590000
vn 0.82830000 -0.44280000 0.34310000
vn 0.77950000 0.53680000 0.32290000
vn 0.59890000 0.76150000 0.24810000
vn 0.72190000 0.62410000 0.29900000
vn 0.72650000 0.61770000 0.30090000
vn 0.90790000 0.18530000 0.37610000
vn 0.57550000 0.78230000 0.23840000
vn 0.45440000 0.87070000 0.18820000
vn 0.35770000 -0.93380000 -0.00290000
vn 0.35770000 -0.93380000 -0.00290000
vn 0.88290000 -0.46940000 -0.00870000
vn 0.88290000 -0.46940000 -0.00870000
vn 0.88290000 -0.46960000 0.00480000
vn 0.35750000 -0.93390000 0.00170000
vn 0.84820000 0.52970000 0.00440000
vn 0.84790000 0.53010000 -0.00790000
vn 0.84790000 0.53010000 -0.00790000
vn 0.66270000 0.74880000 -0.00590000
vn 0.66270000 0.74880000 -0.00590000
vn 0.66320000 0.74850000 0.00330000
vn 0.72420000 0.68960000 0.00410000
vn 0.72350000 0.69030000 -0.00630000
vn 0.72350000 0.69030000 -0.00630000
vn 0.98340000 0.18100000 -0.00940000
vn 0.98340000 0.18100000 -0.00940000
vn 0.98350000 0.18090000 0.00520000
vn 0.83930000 0.54370000 -0.00720000
vn 0.83930000 0.54370000 -0.00720000
vn 0.83990000 0.54280000 0.00450000
vn 0.50240000 0.86460000 0.00250000
vn 0.50190000 0.86490000 -0.00430000
vn 0.50190000 0.86490000 -0.00430000
vn 0.13110000 -0.99140000 0.00060000
vn 0.13090000 -0.99140000 -0.00090000
vn 0.13090000 -0.99140000 -0.00090000
vn 0.72660000 0.68700000 -0.00680000
vn 0.72660000 0.68700000 -0.00680000
vn 0.72580000 0.68790000 0.00410000
vn 0.11220000 -0.99260000 -0.04650000
vn 0.35120000 -0.92490000 -0.14550000
vn 0.82800000 -0.44370000 -0.34290000
vn 0.59850000 0.76180000 -0.24790000
vn 0.77930000 0.53710000 -0.32280000
vn 0.72310000 0.62250000 -0.29950000
vn 0.72560000 0.61900000 -0.30060000
vn 0.90790000 0.18530000 -0.37610000
vn 0.57810000 0.78000000 -0.23960000
vn 0.45410000 0.87090000 -0.18810000
vn 0.00010000 -0.93400000 -0.35740000
vn 0.00020000 -0.46970000 -0.88290000
vn 0.00480000 -0.46960000 -0.88290000
vn 0.00170000 -0.93390000 -0.35750000
vn 0.00440000 0.52970000 -0.84820000
vn 0.00020000 0.52930000 -0.84840000
vn 0.00020000 0.74810000 -0.66360000
vn 0.00330000 0.74850000 -0.66320000
vn 0.00410000 0.68960000 -0.72420000
vn 0.00030000 0.68840000 -0.72540000
vn 0.00020000 0.18080000 -0.98350000
vn 0.00520000 0.18090000 -0.98350000
vn 0.00020000 0.54170000 -0.84060000
vn 0.00450000 0.54280000 -0.83990000
vn 0.00250000 0.86460000 -0.50240000
vn 0.00010000 0.86440000 -0.50290000
vn 0.00060000 -0.99140000 -0.13110000
vn 0.00000000 -0.99130000 -0.13130000
vn 0.00020000 0.68900000 -0.72480000
vn 0.00420000 0.68790000 -0.72580000
vn 0.04650000 -0.99260000 -0.11220000
vn 0.14590000 -0.92450000 -0.35210000
vn 0.34310000 -0.44290000 -0.82830000
vn 0.24810000 0.76150000 -0.59890000
vn 0.32290000 0.53680000 -0.77950000
vn 0.30090000 0.61770000 -0.72650000
vn 0.29900000 0.62410000 -0.72190000
vn 0.37610000 0.18530000 -0.90790000
vn 0.23840000 0.78230000 -0.57550000
vn 0.18820000 0.87070000 -0.45440000
vn 0.62090000 -0.46960000 -0.62770000
vn 0.63050000 -0.46940000 -0.61820000
vn 0.25490000 -0.93380000 -0.25090000
vn 0.25160000 -0.93390000 -0.25400000
vn 0.47280000 0.74880000 -0.46450000
vn 0.60510000 0.53010000 -0.59400000
vn 0.59660000 0.52970000 -0.60290000
vn 0.46660000 0.74850000 -0.47130000
vn 0.51600000 0.69040000 -0.50700000
vn 0.50910000 0.68960000 -0.51500000
vn 0.69180000 0.18090000 -0.69910000
vn 0.70210000 0.18100000 -0.68870000
vn 0.35340000 0.86460000 -0.35700000
vn 0.59070000 0.54280000 -0.59700000
vn 0.59860000 0.54370000 -0.58840000
vn 0.35790000 0.86490000 -0.35190000
vn 0.09320000 -0.99140000 -0.09190000
vn 0.09230000 -0.99140000 -0.09310000
vn 0.51860000 0.68700000 -0.50900000
vn 0.51030000 0.68790000 -0.51610000
vn -0.00390000 0.00340000 1.00000000
vn -0.38330000 0.00360000 0.92360000
vn -0.38330000 0.00000000 0.92360000
vn -0.00390000 0.00000000 1.00000000
vn -0.00380000 0.39040000 0.92070000
vn -0.00280000 0.71230000 0.70180000
vn -0.25810000 0.73940000 0.62180000
vn -0.35510000 0.37650000 0.85560000
vn -0.00330000 -0.64130000 0.76720000
vn -0.26060000 -0.73340000 0.62780000
vn -0.37350000 0.22510000 0.89990000
vn -0.00420000 0.19990000 0.97980000
vn -0.00180000 -0.86550000 0.50090000
vn -0.20530000 -0.84450000 0.49470000
vn -0.00400000 0.20430000 0.97890000
vn -0.37490000 0.20820000 0.90340000
vn -0.36130000 -0.33440000 0.87040000
vn -0.00390000 -0.34240000 0.93950000
vn -0.00330000 0.58090000 0.81400000
vn -0.00350000 0.57270000 0.81980000
vn -0.29880000 0.62640000 0.72000000
vn -0.31090000 0.58490000 0.74910000
vn -0.00410000 0.06270000 0.99800000
vn -0.38230000 0.07290000 0.92120000
vn -0.29920000 -0.62510000 0.72090000
vn -0.00360000 -0.56120000 0.82770000
vn -0.00170000 -0.92190000 0.38740000
vn -0.12040000 -0.94940000 0.29020000
vn -0.00170000 -0.87650000 0.48140000
vn -0.19860000 -0.85530000 0.47850000
vn -0.00360000 0.55960000 0.82880000
vn -0.30350000 0.61080000 0.73130000
vn -0.33050000 -0.50680000 0.79620000
vn -0.00300000 -0.49220000 0.87050000
vn -0.00330000 -0.37600000 0.92660000
vn -0.35100000 -0.40180000 0.84580000
vn -0.14480000 -0.92590000 0.34890000
vn -0.00190000 -0.88070000 0.47370000
vn -0.00160000 -0.86850000 0.49570000
vn -0.20760000 -0.84070000 0.50010000
vn -0.32180000 -0.54320000 0.77540000
vn -0.00310000 -0.49560000 0.86860000
vn -0.00020000 0.00000000 1.00000000
vn -0.00020000 0.00340000 1.00000000
vn -0.00020000 0.39030000 0.92070000
vn -0.00020000 0.71190000 0.70230000
vn -0.00020000 0.19960000 0.97990000
vn -0.00020000 -0.64050000 0.76800000
vn -0.00010000 -0.86570000 0.50050000
vn -0.00020000 -0.34260000 0.93950000
vn -0.00020000 0.20420000 0.97890000
vn -0.00020000 0.58060000 0.81420000
vn -0.00020000 0.57190000 0.82030000
vn -0.00020000 0.06250000 0.99800000
vn -0.00020000 -0.56060000 0.82810000
vn -0.00010000 -0.92150000 0.38830000
vn -0.00010000 -0.87660000 0.48120000
vn 0.38200000 0.00000000 0.92410000
vn 0.38200000 0.00360000 0.92410000
vn 0.25720000 0.73940000 0.62220000
vn 0.35400000 0.37600000 0.85630000
vn 0.37220000 0.22540000 0.90040000
vn 0.25890000 -0.73520000 0.62640000
vn 0.20470000 -0.84430000 0.49530000
vn 0.36000000 -0.33440000 0.87090000
vn 0.37370000 0.20810000 0.90390000
vn 0.29770000 0.62680000 0.72010000
vn 0.30990000 0.58460000 0.74980000
vn 0.38100000 0.07280000 0.92170000
vn 0.29790000 -0.62620000 0.72050000
vn 0.11970000 -0.94960000 0.28960000
vn 0.19820000 -0.85480000 0.47960000
vn 0.30230000 0.61140000 0.73130000
vn -0.00020000 0.55890000 0.82920000
vn -0.00020000 -0.49190000 0.87070000
vn -0.00010000 -0.86860000 0.49540000
vn 0.20720000 -0.84020000 0.50120000
vn 0.32940000 -0.50650000 0.79680000
vn 0.14390000 -0.92640000 0.34810000
vn -0.00010000 -0.88020000 0.47460000
vn 0.32070000 -0.54350000 0.77580000
vn -0.00020000 -0.49500000 0.86890000
vn -0.70530000 0.00340000 0.70890000
vn -0.70530000 0.00000000 0.70890000
vn -0.49500000 0.71230000 0.49760000
vn -0.64920000 0.39040000 0.65280000
vn -0.54100000 -0.64130000 0.54410000
vn -0.69090000 0.19990000 0.69480000
vn -0.35340000 -0.86550000 0.35490000
vn -0.69030000 0.20430000 0.69410000
vn -0.66260000 -0.34240000 0.66620000
vn -0.57800000 0.57270000 0.58140000
vn -0.57410000 0.58090000 0.57710000
vn -0.70380000 0.06270000 0.70760000
vn -0.27310000 -0.92190000 0.27470000
vn -0.58350000 -0.56120000 0.58700000
vn -0.33970000 -0.87650000 0.34110000
vn -0.58430000 0.55960000 0.58780000
vn -0.61430000 -0.49220000 0.61680000
vn -0.34990000 -0.86850000 0.35110000
vn -0.33410000 -0.88070000 0.33580000
vn -0.61290000 -0.49560000 0.61550000
vn -0.70790000 0.00000000 0.70630000
vn -0.70790000 0.00340000 0.70630000
vn -0.65180000 0.39030000 0.65030000
vn -0.49720000 0.71190000 0.49600000
vn -0.69370000 0.19960000 0.69210000
vn -0.54370000 -0.64050000 0.54240000
vn -0.35430000 -0.86570000 0.35350000
vn -0.66510000 -0.34260000 0.66350000
vn -0.69300000 0.20420000 0.69140000
vn -0.57640000 0.58060000 0.57500000
vn -0.58070000 0.57190000 0.57940000
vn -0.70650000 0.06250000 0.70490000
vn -0.58630000 -0.56060000 0.58490000
vn -0.27490000 -0.92150000 0.27420000
vn -0.34070000 -0.87660000 0.33990000
vn -0.92410000 0.00360000 0.38200000
vn -0.92410000 0.00000000 0.38200000
vn -0.62220000 0.73940000 0.25720000
vn -0.85630000 0.37600000 0.35400000
vn -0.62640000 -0.73520000 0.25890000
vn -0.90040000 0.22540000 0.37220000
vn -0.49530000 -0.84430000 0.20470000
vn -0.90390000 0.20810000 0.37370000
vn -0.87090000 -0.33440000 0.36000000
vn -0.72010000 0.62680000 0.29770000
vn -0.74980000 0.58460000 0.30990000
vn -0.92170000 0.07280000 0.38100000
vn -0.72050000 -0.62620000 0.29790000
vn -0.28960000 -0.94960000 0.11970000
vn -0.47960000 -0.85480000 0.19820000
vn -0.58700000 0.55890000 0.58570000
vn -0.73130000 0.61140000 0.30230000
vn -0.79680000 -0.50650000 0.32940000
vn -0.61640000 -0.49190000 0.61490000
vn -0.65610000 -0.37560000 0.65450000
vn -0.84630000 -0.40170000 0.34990000
vn -0.34810000 -0.92640000 0.14390000
vn -0.33600000 -0.88020000 0.33520000
vn -0.35070000 -0.86860000 0.34990000
vn -0.50120000 -0.84020000 0.20720000
vn -0.77580000 -0.54350000 0.32070000
vn -0.61510000 -0.49500000 0.61370000
vn -0.65380000 -0.37600000 0.65660000
vn -0.70890000 0.00340000 -0.70530000
vn -0.70890000 0.00000000 -0.70530000
vn -0.92360000 -0.00000000 -0.38330000
vn -0.92360000 0.00360000 -0.38330000
vn -0.62180000 0.73940000 -0.25810000
vn -0.49760000 0.71230000 -0.49500000
vn -0.65280000 0.39040000 -0.64920000
vn -0.85560000 0.37650000 -0.35510000
vn -0.54410000 -0.64130000 -0.54100000
vn -0.69480000 0.19990000 -0.69090000
vn -0.89990000 0.22510000 -0.37350000
vn -0.62780000 -0.73340000 -0.26060000
vn -0.49470000 -0.84450000 -0.20530000
vn -0.35490000 -0.86550000 -0.35340000
vn -0.69410000 0.20430000 -0.69030000
vn -0.66620000 -0.34240000 -0.66260000
vn -0.87040000 -0.33440000 -0.36130000
vn -0.90340000 0.20820000 -0.37490000
vn -0.72000000 0.62640000 -0.29880000
vn -0.58140000 0.57270000 -0.57800000
vn -0.57710000 0.58090000 -0.57410000
vn -0.74910000 0.58490000 -0.31090000
vn -0.92120000 0.07290000 -0.38230000
vn -0.70760000 0.06270000 -0.70380000
vn -0.72090000 -0.62510000 -0.29920000
vn -0.29020000 -0.94940000 -0.12040000
vn -0.27470000 -0.92190000 -0.27310000
vn -0.58700000 -0.56120000 -0.58350000
vn -0.47850000 -0.85530000 -0.19860000
vn -0.34110000 -0.87650000 -0.33970000
vn -0.73130000 0.61080000 -0.30350000
vn -0.58780000 0.55960000 -0.58430000
vn -0.61680000 -0.49220000 -0.61430000
vn -0.35110000 -0.86850000 -0.34990000
vn -0.50010000 -0.84070000 -0.20760000
vn -0.79620000 -0.50680000 -0.33050000
vn -0.34890000 -0.92590000 -0.14480000
vn -0.33580000 -0.88070000 -0.33410000
vn -0.77540000 -0.54320000 -0.32180000
vn -0.61550000 -0.49560000 -0.61290000
vn -0.70630000 0.00000000 -0.70790000
vn -0.70630000 0.00340000 -0.70790000
vn -0.65030000 0.39030000 -0.65180000
vn -0.49600000 0.71190000 -0.49720000
vn -0.69210000 0.19960000 -0.69370000
vn -0.54240000 -0.64050000 -0.54370000
vn -0.35350000 -0.86570000 -0.35430000
vn -0.66350000 -0.34260000 -0.66510000
vn -0.69140000 0.20420000 -0.69300000
vn -0.57500000 0.58060000 -0.57640000
vn -0.57940000 0.57190000 -0.58070000
vn -0.70490000 0.06250000 -0.70650000
vn -0.58490000 -0.56060000 -0.58630000
vn -0.27420000 -0.92150000 -0.27490000
vn -0.33990000 -0.87660000 -0.34070000
vn -0.38200000 0.00360000 -0.92410000
vn -0.38200000 0.00000000 -0.92410000
vn -0.25720000 0.73940000 -0.62220000
vn -0.35400000 0.37600000 -0.85630000
vn -0.25890000 -0.73520000 -0.62640000
vn -0.37220000 0.22540000 -0.90040000
vn -0.20470000 -0.84430000 -0.49530000
vn -0.37370000 0.20810000 -0.90390000
vn -0.36000000 -0.33440000 -0.87090000
vn -0.29770000 0.62680000 -0.72010000
vn -0.30990000 0.58460000 -0.74980000
vn -0.38100000 0.07280000 -0.92170000
vn -0.29790000 -0.62620000 -0.72050000
vn -0.11970000 -0.94960000 -0.28960000
vn -0.19820000 -0.85480000 -0.47960000
vn -0.58570000 0.55890000 -0.58700000
vn -0.30230000 0.61140000 -0.73130000
vn -0.32940000 -0.50650000 -0.79680000
vn -0.61490000 -0.49190000 -0.61640000
vn -0.65450000 -0.37560000 -0.65610000
vn -0.34990000 -0.40170000 -0.84630000
vn -0.14390000 -0.92640000 -0.34810000
vn -0.33520000 -0.88020000 -0.33600000
vn -0.34990000 -0.86860000 -0.35070000
vn -0.20720000 -0.84020000 -0.50120000
vn -0.32070000 -0.54350000 -0.77580000
vn -0.61370000 -0.49500000 -0.61510000
vn -0.65660000 -0.37600000 -0.65380000
vn -1.00000000 0.00340000 -0.00390000
vn -1.00000000 -0.00000000 -0.00390000
vn -0.92070000 0.39040000 -0.00390000
vn -0.70180000 0.71230000 -0.00280000
vn -0.76720000 -0.64130000 -0.00330000
vn -0.97980000 0.19990000 -0.00420000
vn -0.50090000 -0.86550000 -0.00180000
vn -0.97890000 0.20430000 -0.00400000
vn -0.93950000 -0.34240000 -0.00390000
vn -0.81400000 0.58090000 -0.00330000
vn -0.81980000 0.57270000 -0.00350000
vn -0.99800000 0.06270000 -0.00410000
vn -0.82770000 -0.56120000 -0.00360000
vn -0.38740000 -0.92190000 -0.00170000
vn -0.48140000 -0.87650000 -0.00170000
vn -0.82880000 0.55960000 -0.00360000
vn -0.87050000 -0.49220000 -0.00300000
vn -0.92660000 -0.37600000 -0.00330000
vn -0.84580000 -0.40180000 -0.35100000
vn -0.47370000 -0.88070000 -0.00190000
vn -0.49570000 -0.86850000 -0.00160000
vn -0.86860000 -0.49560000 -0.00310000
vn -1.00000000 0.00000000 -0.00020000
vn -1.00000000 0.00000000 -0.00020000
vn -1.00000000 0.00340000 -0.00020000
vn -1.00000000 0.00340000 -0.00020000
vn -0.92070000 0.39030000 -0.00020000
vn -0.92070000 0.39030000 -0.00020000
vn -0.70230000 0.71190000 -0.00020000
vn -0.70230000 0.71190000 -0.00020000
vn -0.97990000 0.19960000 -0.00020000
vn -0.97990000 0.19960000 -0.00020000
vn -0.76800000 -0.64050000 -0.00020000
vn -0.76800000 -0.64050000 -0.00020000
vn -0.50050000 -0.86570000 -0.00010000
vn -0.50050000 -0.86570000 -0.00010000
vn -0.93950000 -0.34260000 -0.00020000
vn -0.93950000 -0.34260000 -0.00020000
vn -0.97890000 0.20420000 -0.00020000
vn -0.97890000 0.20420000 -0.00020000
vn -0.81420000 0.58060000 -0.00020000
vn -0.81420000 0.58060000 -0.00020000
vn -0.82030000 0.57190000 -0.00020000
vn -0.82030000 0.57190000 -0.00020000
vn -0.99800000 0.06250000 -0.00020000
vn -0.99800000 0.06250000 -0.00020000
vn -0.82810000 -0.56060000 -0.00020000
vn -0.82810000 -0.56060000 -0.00020000
vn -0.38830000 -0.92150000 -0.00010000
vn -0.38830000 -0.92150000 -0.00010000
vn -0.48120000 -0.87660000 -0.00010000
vn -0.48120000 -0.87660000 -0.00010000
vn -0.82920000 0.55890000 -0.00020000
vn -0.82920000 0.55890000 -0.00020000
vn -0.87070000 -0.49190000 -0.00020000
vn -0.87070000 -0.49190000 -0.00020000
vn -0.49540000 -0.86860000 -0.00010000
vn -0.49540000 -0.86860000 -0.00010000
vn -0.47460000 -0.88020000 -0.00010000
vn -0.47460000 -0.88020000 -0.00010000
vn -0.86890000 -0.49500000 -0.00020000
vn -0.86890000 -0.49500000 -0.00020000
vn 0.70890000 0.00340000 0.70530000
vn 0.70890000 -0.00000000 0.70530000
vn 0.92360000 -0.00000000 0.38330000
vn 0.92360000 0.00360000 0.38330000
vn 0.62180000 0.73940000 0.25810000
vn 0.49760000 0.71230000 0.49500000
vn 0.65280000 0.39040000 0.64920000
vn 0.85560000 0.37650000 0.35510000
vn 0.54410000 -0.64130000 0.54100000
vn 0.69480000 0.19990000 0.69090000
vn 0.89990000 0.22510000 0.37350000
vn 0.62780000 -0.73340000 0.26060000
vn 0.49470000 -0.84450000 0.20530000
vn 0.35490000 -0.86550000 0.35340000
vn 0.69410000 0.20430000 0.69030000
vn 0.66620000 -0.34240000 0.66260000
vn 0.87040000 -0.33440000 0.36130000
vn 0.90340000 0.20810000 0.37490000
vn 0.72000000 0.62640000 0.29880000
vn 0.58140000 0.57270000 0.57800000
vn 0.57710000 0.58090000 0.57410000
vn 0.74910000 0.58490000 0.31090000
vn 0.92120000 0.07290000 0.38230000
vn 0.70760000 0.06270000 0.70380000
vn 0.72090000 -0.62510000 0.29920000
vn 0.29020000 -0.94940000 0.12040000
vn 0.27470000 -0.92190000 0.27310000
vn 0.58700000 -0.56120000 0.58350000
vn 0.47850000 -0.85530000 0.19860000
vn 0.34110000 -0.87650000 0.33970000
vn 0.73130000 0.61080000 0.30350000
vn 0.58780000 0.55960000 0.58430000
vn 0.61680000 -0.49220000 0.61430000
vn 0.35110000 -0.86850000 0.34990000
vn 0.50010000 -0.84070000 0.20760000
vn 0.79620000 -0.50680000 0.33050000
vn 0.34890000 -0.92590000 0.14480000
vn 0.33580000 -0.88070000 0.33410000
vn 0.77540000 -0.54320000 0.32180000
vn 0.61550000 -0.49560000 0.61290000
vn 0.70630000 0.00000000 0.70790000
vn 0.70630000 0.00340000 0.70790000
vn 0.65030000 0.39030000 0.65180000
vn 0.49600000 0.71190000 0.49720000
vn 0.69210000 0.19960000 0.69370000
vn 0.54240000 -0.64050000 0.54370000
vn 0.35350000 -0.86570000 0.35430000
vn 0.66350000 -0.34260000 0.66510000
vn 0.69140000 0.20420000 0.69300000
vn 0.57500000 0.58060000 0.57640000
vn 0.57940000 0.57190000 0.58070000
vn 0.70490000 0.06250000 0.70650000
vn 0.58490000 -0.56060000 0.58630000
vn 0.27420000 -0.92150000 0.27490000
vn 0.33990000 -0.87660000 0.34070000
vn 0.58570000 0.55890000 0.58700000
vn 0.61490000 -0.49190000 0.61640000
vn 0.65450000 -0.37560000 0.65610000
vn 0.34990000 -0.40170000 0.84630000
vn 0.33520000 -0.88020000 0.33600000
vn 0.34990000 -0.86860000 0.35070000
vn 0.61370000 -0.49500000 0.61510000
vn 0.65660000 -0.37600000 0.65380000
vn 1.00000000 0.00340000 0.00390000
vn 1.00000000 0.00000000 0.00390000
vn 0.92070000 0.39040000 0.00380000
vn 0.70180000 0.71230000 0.00280000
vn 0.76720000 -0.64130000 0.00330000
vn 0.97980000 0.19990000 0.00420000
vn 0.50090000 -0.86550000 0.00180000
vn 0.97890000 0.20430000 0.00400000
vn 0.93950000 -0.34240000 0.00390000
vn 0.81400000 0.58090000 0.00330000
vn 0.81980000 0.57270000 0.00350000
vn 0.99800000 0.06270000 0.00410000
vn 0.82770000 -0.56120000 0.00360000
vn 0.38740000 -0.92190000 0.00170000
vn 0.48140000 -0.87650000 0.00170000
vn 0.82880000 0.55960000 0.00360000
vn 0.87050000 -0.49220000 0.00300000
vn 0.92660000 -0.37600000 0.00330000
vn 0.84580000 -0.40180000 0.35100000
vn 0.47370000 -0.88070000 0.00190000
vn 0.49570000 -0.86850000 0.00160000
vn 0.86860000 -0.49560000 0.00310000
vn 1.00000000 0.00000000 0.00020000
vn 1.00000000 0.00000000 0.00020000
vn 1.00000000 0.00340000 0.00020000
vn 1.00000000 0.00340000 0.00020000
vn 0.92070000 0.39030000 0.00020000
vn 0.92070000 0.39030000 0.00020000
vn 0.70230000 0.71190000 0.00020000
vn 0.70230000 0.71190000 0.00020000
vn 0.97990000 0.19960000 0.00020000
vn 0.97990000 0.19960000 0.00020000
vn 0.76800000 -0.64050000 0.00020000
vn 0.76800000 -0.64050000 0.00020000
vn 0.50050000 -0.86570000 0.00010000
vn 0.50050000 -0.86570000 0.00010000
vn 0.93950000 -0.34260000 0.00020000
vn 0.93950000 -0.34260000 0.00020000
vn 0.97890000 0.20420000 0.00020000
vn 0.97890000 0.20420000 0.00020000
vn 0.81420000 0.58060000 0.00020000
vn 0.81420000 0.58060000 0.00020000
vn 0.82030000 0.57190000 0.00020000
vn 0.82030000 0.57190000 0.00020000
vn 0.99800000 0.06250000 0.00020000
vn 0.99800000 0.06250000 0.00020000
vn 0.82810000 -0.56060000 0.00020000
vn 0.82810000 -0.56060000 0.00020000
vn 0.38830000 -0.92150000 0.00010000
vn 0.38830000 -0.92150000 0.00010000
vn 0.48120000 -0.87660000 0.00010000
vn 0.48120000 -0.87660000 0.00010000
vn 0.92410000 0.00000000 -0.38200000
vn 0.92410000 0.00360000 -0.38200000
vn 0.62220000 0.73940000 -0.25720000
vn 0.85630000 0.37600000 -0.35400000
vn 0.90040000 0.22540000 -0.37220000
vn 0.62640000 -0.73520000 -0.25890000
vn 0.49530000 -0.84430000 -0.20470000
vn 0.87090000 -0.33440000 -0.36000000
vn 0.90390000 0.20810000 -0.37370000
vn 0.72010000 0.62680000 -0.29770000
vn 0.74980000 0.58460000 -0.30990000
vn 0.92170000 0.07280000 -0.38100000
vn 0.72050000 -0.62620000 -0.29790000
vn 0.28960000 -0.94960000 -0.11970000
vn 0.47960000 -0.85480000 -0.19820000
vn 0.73130000 0.61140000 -0.30230000
vn 0.82920000 0.55890000 0.00020000
vn 0.82920000 0.55890000 0.00020000
vn 0.87070000 -0.49190000 0.00020000
vn 0.87070000 -0.49190000 0.00020000
vn 0.49540000 -0.86860000 0.00010000
vn 0.49540000 -0.86860000 0.00010000
vn 0.50120000 -0.84020000 -0.20720000
vn 0.79680000 -0.50650000 -0.32940000
vn 0.34810000 -0.92640000 -0.14390000
vn 0.47460000 -0.88020000 0.00010000
vn 0.47460000 -0.88020000 0.00010000
vn 0.77580000 -0.54350000 -0.32070000
vn 0.86890000 -0.49500000 0.00020000
vn 0.86890000 -0.49500000 0.00020000
vn 0.00390000 0.00340000 -1.00000000
vn 0.38330000 0.00360000 -0.92360000
vn 0.38330000 0.00000000 -0.92360000
vn 0.00390000 0.00000000 -1.00000000
vn 0.00380000 0.39040000 -0.92070000
vn 0.00280000 0.71230000 -0.70180000
vn 0.25810000 0.73940000 -0.62180000
vn 0.35510000 0.37650000 -0.85560000
vn 0.00330000 -0.64130000 -0.76720000
vn 0.26060000 -0.73340000 -0.62780000
vn 0.37350000 0.22510000 -0.89990000
vn 0.00420000 0.19990000 -0.97980000
vn 0.00180000 -0.86550000 -0.50090000
vn 0.20530000 -0.84450000 -0.49470000
vn 0.00400000 0.20430000 -0.97890000
vn 0.37490000 0.20820000 -0.90340000
vn 0.36130000 -0.33440000 -0.87040000
vn 0.00390000 -0.34240000 -0.93950000
vn 0.00330000 0.58090000 -0.81400000
vn 0.00350000 0.57270000 -0.81980000
vn 0.29880000 0.62640000 -0.72000000
vn 0.31090000 0.58490000 -0.74910000
vn 0.00410000 0.06270000 -0.99800000
vn 0.38230000 0.07290000 -0.92120000
vn 0.29920000 -0.62510000 -0.72090000
vn 0.00360000 -0.56120000 -0.82770000
vn 0.00170000 -0.92190000 -0.38740000
vn 0.12040000 -0.94940000 -0.29020000
vn 0.00170000 -0.87650000 -0.48140000
vn 0.19860000 -0.85530000 -0.47850000
vn 0.00360000 0.55960000 -0.82880000
vn 0.30350000 0.61080000 -0.73130000
vn 0.33050000 -0.50680000 -0.79620000
vn 0.00300000 -0.49220000 -0.87050000
vn 0.00330000 -0.37600000 -0.92660000
vn 0.35100000 -0.40180000 -0.84580000
vn 0.14480000 -0.92590000 -0.34890000
vn 0.00190000 -0.88070000 -0.47370000
vn 0.00160000 -0.86850000 -0.49570000
vn 0.20760000 -0.84070000 -0.50010000
vn 0.32180000 -0.54320000 -0.77540000
vn 0.00310000 -0.49560000 -0.86860000
vn 0.00020000 0.00000000 -1.00000000
vn 0.00020000 0.00340000 -1.00000000
vn 0.00020000 0.39030000 -0.92070000
vn 0.00020000 0.71190000 -0.70230000
vn 0.00020000 0.19960000 -0.97990000
vn 0.00020000 -0.64050000 -0.76800000
vn 0.00010000 -0.86570000 -0.50050000
vn 0.00020000 -0.34260000 -0.93950000
vn 0.00020000 0.20420000 -0.97890000
vn 0.00020000 0.58060000 -0.81420000
vn 0.00020000 0.57190000 -0.82030000
vn 0.00020000 0.06250000 -0.99800000
vn 0.00020000 -0.56060000 -0.82810000
vn 0.00010000 -0.92150000 -0.38830000
vn 0.00010000 -0.87660000 -0.48120000
vn 0.00020000 0.55890000 -0.82920000
vn 0.00020000 -0.49190000 -0.87070000
vn 0.00010000 -0.86860000 -0.49540000
vn 0.00010000 -0.88020000 -0.47460000
vn 0.00020000 -0.49500000 -0.86890000
vn 0.70530000 0.00340000 -0.70890000
vn 0.70530000 -0.00000000 -0.70890000
vn 0.49500000 0.71230000 -0.49760000
vn 0.64920000 0.39040000 -0.65280000
vn 0.54100000 -0.64130000 -0.54410000
vn 0.69090000 0.19990000 -0.69480000
vn 0.35340000 -0.86550000 -0.35490000
vn 0.69030000 0.20430000 -0.69410000
vn 0.66260000 -0.34240000 -0.66620000
vn 0.57800000 0.57270000 -0.58140000
vn 0.57410000 0.58090000 -0.57710000
vn 0.70380000 0.06270000 -0.70760000
vn 0.27310000 -0.92190000 -0.27470000
vn 0.58350000 -0.56120000 -0.58700000
vn 0.33970000 -0.87650000 -0.34110000
vn 0.58430000 0.55960000 -0.58780000
vn 0.61430000 -0.49220000 -0.61680000
vn 0.34990000 -0.86850000 -0.35110000
vn 0.33410000 -0.88070000 -0.33580000
vn 0.61290000 -0.49560000 -0.61550000
vn 0.70790000 0.00000000 -0.70630000
vn 0.70790000 0.00340000 -0.70630000
vn 0.65180000 0.39030000 -0.65030000
vn 0.49720000 0.71190000 -0.49600000
vn 0.69370000 0.19960000 -0.69210000
vn 0.54370000 -0.64050000 -0.54240000
vn 0.35430000 -0.86570000 -0.35350000
vn 0.66510000 -0.34260000 -0.66350000
vn 0.69300000 0.20420000 -0.69140000
vn 0.57640000 0.58060000 -0.57500000
vn 0.58070000 0.57190000 -0.57940000
vn 0.70650000 0.06250000 -0.70490000
vn 0.58630000 -0.56060000 -0.58490000
vn 0.27490000 -0.92150000 -0.27420000
vn 0.34070000 -0.87660000 -0.33990000
vn 0.58700000 0.55890000 -0.58570000
vn 0.61640000 -0.49190000 -0.61490000
vn 0.65610000 -0.37560000 -0.65450000
vn 0.84630000 -0.40170000 -0.34990000
vn 0.33600000 -0.88020000 -0.33520000
vn 0.35070000 -0.86860000 -0.34990000
vn 0.61510000 -0.49500000 -0.61370000
vn 0.65380000 -0.37600000 -0.65660000
vn -0.00020000 -0.37560000 0.92680000
vn -0.92680000 -0.37560000 -0.00020000
vn -0.92680000 -0.37560000 -0.00020000
vn 0.92680000 -0.37560000 0.00020000
vn 0.92680000 -0.37560000 0.00020000
vn 0.00020000 -0.37560000 -0.92680000
vn -0.00330000 -0.50670000 0.86210000
vn -0.32870000 -0.51440000 0.79200000
vn 0.32770000 -0.51410000 0.79270000
vn -0.00020000 -0.50640000 0.86230000
vn -0.60820000 -0.50670000 0.61110000
vn -0.61050000 -0.50640000 0.60900000
vn -0.79270000 -0.51410000 0.32770000
vn -0.79200000 -0.51440000 -0.32870000
vn -0.61110000 -0.50670000 -0.60820000
vn -0.60900000 -0.50640000 -0.61050000
vn -0.32770000 -0.51410000 -0.79270000
vn -0.86210000 -0.50670000 -0.00330000
vn -0.86230000 -0.50640000 -0.00020000
vn -0.86230000 -0.50640000 -0.00020000
vn 0.79200000 -0.51440000 0.32870000
vn 0.61110000 -0.50670000 0.60820000
vn 0.60900000 -0.50640000 0.61050000
vn 0.86210000 -0.50670000 0.00330000
vn 0.79270000 -0.51410000 -0.32770000
vn 0.86230000 -0.50640000 0.00020000
vn 0.86230000 -0.50640000 0.00020000
vn 0.00330000 -0.50670000 -0.86210000
vn 0.32870000 -0.51440000 -0.79200000
vn 0.00020000 -0.50640000 -0.86230000
vn 0.60820000 -0.50670000 -0.61110000
vn 0.61050000 -0.50640000 -0.60900000
vt 0.17540000 0.02210000
vt 0.16750000 0.02220000
vt 0.16420000 0.01430000
vt 0.71680000 0.27510000
vt 0.71680000 0.27900000
vt 0.17240000 0.01430000
vt 0.17800000 0.02870000
vt 0.17020000 0.02870000
vt 0.18530000 0.04770000
vt 0.17810000 0.04780000
vt 0.37280000 0.01420000
vt 0.71680000 0.50630000
vt 0.36980000 0.02200000
vt 0.36730000 0.02860000
vt 0.36000000 0.04770000
vt 0.38080000 0.01420000
vt 0.71680000 0.51000000
vt 0.37750000 0.02200000
vt 0.37480000 0.02860000
vt 0.36690000 0.04770000
vt 0.16180000 0.02780000
vt 0.71680000 0.27120000
vt 0.15840000 0.02010000
vt 0.16470000 0.03420000
vt 0.17300000 0.05280000
vt 0.01680000 0.16200000
vt 0.71680000 0.04390000
vt 0.02450000 0.16540000
vt 0.03090000 0.16820000
vt 0.71680000 0.03990000
vt 0.01120000 0.16760000
vt 0.01900000 0.17080000
vt 0.02560000 0.17350000
vt 0.04470000 0.18140000
vt 0.04950000 0.17650000
vt 0.01130000 0.38410000
vt 0.71680000 0.74470000
vt 0.01920000 0.38090000
vt 0.02480000 0.38650000
vt 0.01710000 0.39000000
vt 0.71680000 0.74080000
vt 0.02580000 0.37810000
vt 0.03120000 0.38370000
vt 0.04480000 0.37020000
vt 0.04980000 0.37530000
vt 0.71680000 0.51370000
vt 0.15900000 0.53150000
vt 0.16240000 0.52390000
vt 0.16530000 0.51740000
vt 0.16780000 0.52930000
vt 0.16460000 0.53710000
vt 0.71680000 0.51000000
vt 0.17050000 0.52270000
vt 0.17350000 0.49880000
vt 0.17840000 0.50370000
vt 0.01910000 0.37290000
vt 0.01130000 0.37590000
vt 0.71680000 0.74860000
vt 0.02570000 0.37040000
vt 0.04470000 0.36310000
vt 0.71680000 0.97580000
vt 0.01120000 0.17140000
vt 0.71680000 0.03590000
vt 0.01900000 0.17460000
vt 0.02560000 0.17720000
vt 0.04470000 0.18730000
vt 0.53400000 0.16720000
vt 0.71680000 0.74470000
vt 0.52620000 0.17040000
vt 0.52060000 0.16480000
vt 0.71680000 0.74080000
vt 0.52820000 0.16130000
vt 0.51960000 0.17320000
vt 0.51410000 0.16770000
vt 0.50060000 0.18110000
vt 0.49550000 0.17600000
vt 0.71680000 0.51370000
vt 0.38640000 0.01980000
vt 0.38300000 0.02750000
vt 0.38010000 0.03390000
vt 0.37180000 0.05250000
vt 0.52620000 0.17840000
vt 0.53410000 0.17540000
vt 0.71680000 0.74860000
vt 0.51960000 0.18100000
vt 0.50060000 0.18830000
vt 0.53410000 0.37580000
vt 0.71680000 0.97580000
vt 0.71680000 0.03590000
vt 0.52630000 0.37280000
vt 0.51970000 0.37030000
vt 0.53410000 0.38380000
vt 0.71680000 0.03990000
vt 0.52630000 0.38050000
vt 0.51970000 0.37780000
vt 0.50070000 0.36990000
vt 0.50070000 0.36300000
vt 0.36990000 0.52920000
vt 0.37790000 0.52920000
vt 0.38110000 0.53700000
vt 0.71680000 0.27510000
vt 0.71680000 0.27900000
vt 0.37290000 0.53710000
vt 0.36740000 0.52260000
vt 0.37520000 0.52260000
vt 0.36010000 0.50360000
vt 0.36730000 0.50360000
vt 0.71680000 0.50630000
vt 0.17250000 0.53710000
vt 0.17550000 0.52930000
vt 0.17800000 0.52270000
vt 0.18530000 0.50370000
vt 0.38360000 0.52350000
vt 0.38700000 0.53120000
vt 0.71680000 0.27120000
vt 0.38070000 0.51710000
vt 0.37240000 0.49850000
vt 0.71680000 0.04390000
vt 0.52860000 0.38940000
vt 0.52090000 0.38590000
vt 0.51440000 0.38310000
vt 0.49580000 0.37480000
vt 0.19530000 0.07380000
vt 0.18890000 0.07390000
vt 0.20130000 0.08950000
vt 0.20470000 0.09830000
vt 0.19910000 0.09830000
vt 0.19540000 0.08960000
vt 0.21130000 0.11550000
vt 0.22100000 0.14090000
vt 0.21680000 0.14090000
vt 0.20620000 0.11550000
vt 0.22240000 0.14450000
vt 0.21830000 0.14460000
vt 0.20520000 0.09970000
vt 0.20670000 0.10370000
vt 0.20130000 0.10370000
vt 0.19970000 0.09970000
vt 0.19880000 0.08310000
vt 0.19280000 0.08320000
vt 0.19190000 0.08100000
vt 0.19800000 0.08100000
vt 0.35000000 0.07380000
vt 0.33400000 0.11550000
vt 0.32430000 0.14090000
vt 0.32290000 0.14450000
vt 0.34640000 0.08310000
vt 0.34400000 0.08950000
vt 0.35610000 0.07380000
vt 0.34600000 0.09830000
vt 0.34060000 0.09830000
vt 0.34960000 0.08950000
vt 0.32840000 0.14090000
vt 0.33890000 0.11550000
vt 0.32690000 0.14450000
vt 0.34380000 0.10360000
vt 0.33860000 0.10360000
vt 0.34010000 0.09970000
vt 0.34540000 0.09970000
vt 0.35230000 0.08310000
vt 0.35320000 0.08090000
vt 0.34730000 0.08090000
vt 0.18440000 0.07830000
vt 0.19510000 0.10230000
vt 0.19130000 0.09370000
vt 0.21370000 0.14390000
vt 0.20260000 0.11910000
vt 0.21530000 0.14750000
vt 0.19750000 0.10750000
vt 0.19570000 0.10360000
vt 0.18850000 0.08740000
vt 0.18750000 0.08530000
vt 0.07510000 0.18790000
vt 0.14080000 0.21710000
vt 0.11590000 0.20600000
vt 0.14430000 0.21860000
vt 0.09050000 0.19470000
vt 0.08420000 0.19190000
vt 0.07080000 0.19220000
vt 0.09910000 0.19850000
vt 0.09530000 0.20230000
vt 0.08650000 0.19870000
vt 0.13790000 0.21990000
vt 0.11250000 0.20940000
vt 0.14150000 0.22140000
vt 0.10040000 0.19910000
vt 0.10430000 0.20080000
vt 0.10060000 0.20450000
vt 0.09670000 0.20290000
vt 0.08010000 0.19610000
vt 0.07790000 0.19520000
vt 0.08210000 0.19100000
vt 0.07090000 0.35940000
vt 0.07530000 0.36390000
vt 0.09540000 0.34930000
vt 0.09930000 0.35320000
vt 0.09070000 0.35700000
vt 0.08660000 0.35290000
vt 0.13790000 0.33160000
vt 0.14090000 0.33460000
vt 0.11610000 0.34570000
vt 0.11260000 0.34210000
vt 0.14160000 0.33010000
vt 0.14450000 0.33300000
vt 0.10070000 0.34700000
vt 0.10450000 0.35090000
vt 0.10070000 0.35260000
vt 0.09680000 0.34870000
vt 0.08450000 0.35980000
vt 0.08020000 0.35550000
vt 0.07800000 0.35640000
vt 0.08230000 0.36080000
vt 0.18490000 0.47320000
vt 0.21410000 0.40760000
vt 0.20300000 0.43240000
vt 0.21560000 0.40400000
vt 0.19170000 0.45790000
vt 0.18890000 0.46410000
vt 0.18920000 0.47760000
vt 0.19550000 0.44930000
vt 0.19930000 0.45310000
vt 0.19570000 0.46180000
vt 0.21690000 0.41050000
vt 0.20640000 0.43590000
vt 0.21840000 0.40680000
vt 0.19610000 0.44790000
vt 0.19790000 0.44400000
vt 0.20150000 0.44770000
vt 0.19990000 0.45170000
vt 0.19310000 0.46820000
vt 0.19220000 0.47040000
vt 0.18800000 0.46620000
vt 0.07080000 0.35310000
vt 0.08660000 0.34700000
vt 0.09530000 0.34370000
vt 0.11250000 0.33710000
vt 0.13790000 0.32730000
vt 0.14150000 0.32590000
vt 0.09670000 0.34310000
vt 0.10070000 0.34160000
vt 0.08020000 0.34950000
vt 0.07800000 0.35030000
vt 0.07080000 0.19830000
vt 0.11250000 0.21430000
vt 0.13790000 0.22400000
vt 0.14150000 0.22540000
vt 0.08010000 0.20190000
vt 0.08650000 0.20430000
vt 0.09530000 0.20770000
vt 0.10060000 0.20970000
vt 0.09670000 0.20820000
vt 0.07790000 0.20110000
vt 0.47450000 0.19190000
vt 0.47000000 0.18740000
vt 0.45000000 0.20210000
vt 0.44610000 0.19810000
vt 0.45460000 0.19430000
vt 0.45880000 0.19840000
vt 0.40740000 0.21970000
vt 0.40440000 0.21670000
vt 0.42920000 0.20560000
vt 0.43280000 0.20920000
vt 0.40380000 0.22120000
vt 0.40090000 0.21830000
vt 0.44460000 0.20430000
vt 0.44080000 0.20040000
vt 0.44470000 0.19870000
vt 0.44860000 0.20260000
vt 0.46090000 0.19150000
vt 0.46520000 0.19580000
vt 0.46730000 0.19490000
vt 0.46300000 0.19050000
vt 0.36050000 0.07810000
vt 0.33130000 0.14370000
vt 0.34230000 0.11890000
vt 0.32970000 0.14730000
vt 0.35360000 0.09350000
vt 0.35640000 0.08720000
vt 0.34980000 0.10210000
vt 0.34920000 0.10340000
vt 0.34750000 0.10730000
vt 0.35730000 0.08510000
vt 0.47450000 0.19830000
vt 0.45880000 0.20430000
vt 0.45000000 0.20760000
vt 0.43280000 0.21430000
vt 0.40740000 0.22400000
vt 0.40380000 0.22540000
vt 0.44860000 0.20820000
vt 0.44470000 0.20970000
vt 0.46520000 0.20180000
vt 0.46730000 0.20100000
vt 0.47460000 0.35300000
vt 0.43290000 0.33700000
vt 0.40750000 0.32730000
vt 0.40380000 0.32590000
vt 0.46520000 0.34940000
vt 0.45880000 0.34700000
vt 0.47460000 0.35910000
vt 0.45010000 0.34900000
vt 0.45010000 0.34360000
vt 0.45880000 0.35260000
vt 0.40750000 0.33140000
vt 0.43290000 0.34190000
vt 0.40380000 0.32990000
vt 0.44470000 0.34680000
vt 0.44470000 0.34160000
vt 0.44870000 0.34310000
vt 0.44870000 0.34840000
vt 0.46520000 0.35530000
vt 0.46740000 0.35620000
vt 0.46740000 0.35030000
vt 0.35010000 0.47750000
vt 0.35640000 0.47750000
vt 0.34410000 0.46180000
vt 0.34070000 0.45300000
vt 0.34630000 0.45300000
vt 0.34990000 0.46170000
vt 0.33410000 0.43580000
vt 0.32430000 0.41040000
vt 0.32860000 0.41040000
vt 0.33910000 0.43580000
vt 0.32290000 0.40680000
vt 0.32710000 0.40680000
vt 0.34010000 0.45160000
vt 0.33860000 0.44770000
vt 0.34400000 0.44760000
vt 0.34570000 0.45160000
vt 0.34650000 0.46820000
vt 0.35260000 0.46810000
vt 0.35350000 0.47030000
vt 0.34730000 0.47030000
vt 0.19530000 0.47760000
vt 0.21130000 0.43590000
vt 0.22100000 0.41050000
vt 0.22240000 0.40680000
vt 0.19890000 0.46820000
vt 0.20130000 0.46180000
vt 0.20470000 0.45310000
vt 0.20680000 0.44770000
vt 0.20520000 0.45170000
vt 0.19810000 0.47040000
vt 0.36090000 0.47300000
vt 0.35020000 0.44910000
vt 0.35410000 0.45760000
vt 0.33160000 0.40740000
vt 0.34270000 0.43220000
vt 0.33000000 0.40390000
vt 0.34790000 0.44380000
vt 0.34960000 0.44770000
vt 0.35690000 0.46390000
vt 0.35780000 0.46600000
vt 0.47020000 0.36340000
vt 0.40460000 0.33430000
vt 0.42940000 0.34530000
vt 0.40100000 0.33270000
vt 0.45490000 0.35660000
vt 0.46110000 0.35940000
vt 0.44630000 0.35280000
vt 0.44490000 0.35220000
vt 0.44100000 0.35050000
vt 0.46320000 0.36030000
vt 0.15340000 0.22640000
vt 0.27490000 0.27960000
vt 0.15350000 0.32500000
vt 0.56560000 0.14770000
vt 0.21930000 0.14710000
vt 0.22340000 0.14710000
vt 0.56560000 0.15220000
vt 0.32200000 0.14700000
vt 0.56560000 0.27500000
vt 0.32580000 0.14700000
vt 0.56560000 0.27940000
vt 0.32860000 0.14980000
vt 0.56560000 0.28380000
vt 0.56560000 0.40660000
vt 0.39840000 0.21940000
vt 0.40120000 0.22230000
vt 0.56560000 0.41120000
vt 0.40130000 0.22640000
vt 0.56560000 0.41580000
vt 0.56560000 0.01150000
vt 0.40130000 0.32490000
vt 0.56560000 0.53860000
vt 0.40130000 0.32880000
vt 0.56560000 0.01590000
vt 0.56560000 0.02030000
vt 0.39850000 0.33160000
vt 0.32890000 0.40140000
vt 0.56560000 0.14310000
vt 0.32600000 0.40420000
vt 0.56560000 0.14770000
vt 0.56560000 0.15220000
vt 0.32200000 0.40420000
vt 0.56560000 0.27500000
vt 0.22340000 0.40430000
vt 0.56560000 0.27940000
vt 0.21950000 0.40430000
vt 0.21670000 0.40150000
vt 0.56560000 0.28380000
vt 0.56560000 0.40660000
vt 0.14700000 0.33190000
vt 0.56560000 0.41120000
vt 0.14410000 0.32900000
vt 0.56560000 0.41580000
vt 0.14410000 0.32500000
vt 0.14400000 0.22640000
vt 0.56560000 0.53860000
vt 0.56560000 0.01150000
vt 0.56560000 0.01590000
vt 0.14400000 0.22250000
vt 0.14680000 0.21970000
vt 0.56560000 0.02030000
vt 0.21640000 0.15000000
vt 0.56560000 0.14310000
vt 0.22100000 0.15160000
vt 0.67230000 0.14770000
vt 0.22490000 0.15160000
vt 0.67230000 0.15220000
vt 0.67230000 0.27500000
vt 0.32010000 0.15150000
vt 0.67230000 0.27940000
vt 0.32380000 0.15150000
vt 0.67230000 0.28380000
vt 0.32650000 0.15420000
vt 0.67230000 0.40660000
vt 0.39380000 0.22140000
vt 0.67230000 0.41120000
vt 0.39660000 0.22420000
vt 0.67230000 0.41580000
vt 0.39660000 0.22810000
vt 0.67230000 0.53860000
vt 0.67230000 0.01150000
vt 0.39660000 0.32320000
vt 0.67230000 0.01590000
vt 0.39660000 0.32700000
vt 0.39400000 0.32960000
vt 0.67230000 0.02030000
vt 0.67230000 0.14310000
vt 0.32680000 0.39700000
vt 0.32400000 0.39970000
vt 0.67230000 0.14770000
vt 0.32010000 0.39980000
vt 0.67230000 0.15220000
vt 0.67230000 0.27500000
vt 0.22490000 0.39980000
vt 0.22120000 0.39980000
vt 0.67230000 0.27940000
vt 0.21850000 0.39720000
vt 0.67230000 0.28380000
vt 0.15120000 0.32990000
vt 0.67230000 0.40660000
vt 0.67230000 0.41120000
vt 0.14840000 0.32720000
vt 0.14840000 0.32320000
vt 0.67230000 0.41580000
vt 0.14830000 0.22810000
vt 0.67230000 0.01150000
vt 0.67230000 0.53860000
vt 0.67230000 0.01590000
vt 0.14830000 0.22430000
vt 0.15100000 0.22170000
vt 0.67230000 0.02030000
vt 0.67230000 0.14310000
vt 0.21820000 0.15430000
vt 0.22150000 0.15290000
vt 0.22540000 0.15280000
vt 0.31960000 0.15280000
vt 0.32330000 0.15280000
vt 0.32590000 0.15540000
vt 0.39260000 0.22190000
vt 0.39530000 0.22470000
vt 0.39530000 0.22860000
vt 0.39530000 0.32270000
vt 0.39530000 0.32640000
vt 0.39270000 0.32910000
vt 0.32620000 0.39570000
vt 0.32330000 0.39850000
vt 0.31960000 0.39850000
vt 0.22540000 0.39850000
vt 0.22170000 0.39850000
vt 0.21910000 0.39590000
vt 0.15240000 0.32940000
vt 0.14970000 0.32660000
vt 0.14970000 0.32270000
vt 0.14960000 0.22860000
vt 0.14960000 0.22490000
vt 0.15230000 0.22220000
vt 0.21880000 0.15560000
vt 0.32170000 0.15660000
vt 0.39150000 0.22630000
vt 0.39160000 0.32530000
vt 0.32190000 0.39460000
vt 0.22330000 0.39470000
vt 0.22310000 0.15670000
vt 0.94920000 0.50620000
vt 0.92410000 0.50620000
vt 0.92410000 0.27890000
vt 0.94920000 0.27900000
vt 0.90970000 0.27890000
vt 0.90970000 0.50620000
vt 0.89610000 0.50620000
vt 0.89610000 0.27890000
vt 0.84390000 0.27900000
vt 0.84390000 0.50630000
vt 0.91680000 0.50620000
vt 0.91680000 0.27890000
vt 0.86170000 0.50630000
vt 0.86170000 0.27900000
vt 0.87500000 0.27900000
vt 0.87500000 0.50620000
vt 0.99260000 0.27900000
vt 0.99260000 0.50630000
vt 0.85160000 0.50630000
vt 0.85160000 0.27900000
vt 0.99260000 0.51000000
vt 0.94920000 0.51000000
vt 0.92410000 0.51000000
vt 0.89610000 0.51000000
vt 0.90970000 0.51000000
vt 0.86170000 0.51000000
vt 0.85160000 0.51000000
vt 0.91680000 0.51000000
vt 0.84390000 0.51000000
vt 0.87500000 0.51000000
vt 0.99260000 0.27510000
vt 0.94920000 0.27510000
vt 0.92410000 0.27510000
vt 0.89610000 0.27510000
vt 0.90970000 0.27510000
vt 0.85160000 0.27510000
vt 0.86170000 0.27510000
vt 0.91680000 0.27510000
vt 0.84390000 0.27510000
vt 0.87500000 0.27510000
vt 0.92410000 0.27120000
vt 0.92410000 0.04390000
vt 0.94920000 0.04390000
vt 0.94920000 0.27120000
vt 0.89610000 0.04390000
vt 0.90970000 0.04390000
vt 0.90970000 0.27120000
vt 0.89610000 0.27120000
vt 0.84390000 0.04390000
vt 0.84390000 0.27120000
vt 0.91680000 0.27120000
vt 0.91680000 0.04390000
vt 0.87500000 0.27120000
vt 0.86170000 0.27120000
vt 0.86170000 0.04390000
vt 0.87500000 0.04390000
vt 0.99260000 0.04390000
vt 0.99260000 0.27120000
vt 0.85160000 0.04390000
vt 0.85160000 0.27120000
vt 0.94920000 0.03990000
vt 0.99260000 0.03990000
vt 0.92410000 0.03990000
vt 0.89610000 0.03990000
vt 0.90970000 0.03990000
vt 0.85160000 0.03990000
vt 0.86170000 0.03990000
vt 0.91680000 0.03990000
vt 0.84390000 0.03990000
vt 0.87500000 0.03990000
vt 0.92410000 0.74090000
vt 0.92410000 0.51370000
vt 0.94920000 0.51370000
vt 0.94920000 0.74090000
vt 0.89610000 0.51370000
vt 0.90970000 0.51370000
vt 0.90970000 0.74090000
vt 0.89610000 0.74090000
vt 0.84390000 0.51370000
vt 0.84390000 0.74080000
vt 0.91680000 0.74090000
vt 0.91680000 0.51370000
vt 0.87500000 0.74090000
vt 0.86170000 0.74080000
vt 0.86170000 0.51370000
vt 0.87500000 0.51370000
vt 0.99260000 0.51370000
vt 0.99260000 0.74080000
vt 0.85160000 0.51370000
vt 0.85160000 0.74080000
vt 0.99260000 0.51000000
vt 0.94920000 0.51000000
vt 0.92410000 0.51000000
vt 0.89610000 0.51000000
vt 0.90970000 0.51000000
vt 0.85160000 0.51000000
vt 0.86170000 0.51000000
vt 0.91680000 0.51000000
vt 0.84390000 0.51000000
vt 0.87500000 0.51000000
vt 0.99260000 0.74470000
vt 0.94920000 0.74480000
vt 0.92410000 0.74480000
vt 0.90970000 0.74480000
vt 0.89610000 0.74480000
vt 0.86170000 0.74470000
vt 0.85160000 0.74470000
vt 0.91680000 0.74480000
vt 0.84390000 0.74470000
vt 0.87500000 0.74480000
vt 0.94920000 0.97580000
vt 0.94920000 0.03590000
vt 0.92410000 0.97580000
vt 0.92410000 0.03590000
vt 0.92410000 0.74870000
vt 0.94920000 0.74860000
vt 0.90970000 0.74870000
vt 0.90970000 0.97580000
vt 0.90970000 0.03590000
vt 0.89610000 0.97580000
vt 0.89610000 0.03590000
vt 0.89610000 0.74870000
vt 0.84390000 0.74860000
vt 0.84390000 0.97580000
vt 0.84390000 0.03590000
vt 0.91680000 0.97580000
vt 0.91680000 0.03590000
vt 0.91680000 0.74870000
vt 0.86170000 0.97580000
vt 0.86170000 0.03590000
vt 0.86170000 0.74860000
vt 0.87500000 0.74860000
vt 0.87500000 0.03590000
vt 0.87500000 0.97580000
vt 0.99260000 0.74860000
vt 0.99260000 0.03590000
vt 0.99260000 0.97580000
vt 0.85160000 0.97580000
vt 0.85160000 0.03590000
vt 0.85160000 0.74860000
vt 0.92410000 0.74090000
vt 0.92410000 0.51370000
vt 0.94920000 0.51370000
vt 0.94920000 0.74090000
vt 0.89610000 0.51370000
vt 0.90970000 0.51370000
vt 0.90970000 0.74090000
vt 0.89610000 0.74090000
vt 0.84390000 0.51370000
vt 0.84390000 0.74080000
vt 0.91680000 0.74090000
vt 0.91680000 0.51370000
vt 0.87500000 0.74090000
vt 0.86170000 0.74080000
vt 0.86170000 0.51370000
vt 0.87500000 0.51370000
vt 0.99260000 0.51370000
vt 0.99260000 0.74080000
vt 0.85160000 0.51370000
vt 0.85160000 0.74080000
vt 0.99260000 0.74470000
vt 0.94920000 0.74480000
vt 0.92410000 0.74480000
vt 0.90970000 0.74480000
vt 0.89610000 0.74480000
vt 0.86170000 0.74470000
vt 0.85160000 0.74470000
vt 0.91680000 0.74480000
vt 0.84390000 0.74470000
vt 0.87500000 0.74480000
vt 0.94920000 0.03590000
vt 0.94920000 0.97580000
vt 0.92410000 0.03590000
vt 0.92410000 0.97580000
vt 0.92410000 0.74870000
vt 0.94920000 0.74860000
vt 0.90970000 0.74870000
vt 0.90970000 0.97580000
vt 0.90970000 0.03590000
vt 0.89610000 0.03590000
vt 0.89610000 0.97580000
vt 0.89610000 0.74870000
vt 0.84390000 0.74860000
vt 0.84390000 0.97580000
vt 0.84390000 0.03590000
vt 0.91680000 0.03590000
vt 0.91680000 0.97580000
vt 0.91680000 0.74870000
vt 0.86170000 0.97580000
vt 0.86170000 0.03590000
vt 0.86170000 0.74860000
vt 0.87500000 0.74860000
vt 0.87500000 0.03590000
vt 0.87500000 0.97580000
vt 0.99260000 0.74860000
vt 0.99260000 0.03590000
vt 0.99260000 0.97580000
vt 0.85160000 0.03590000
vt 0.85160000 0.97580000
vt 0.85160000 0.74860000
vt 0.99260000 0.03990000
vt 0.94920000 0.03990000
vt 0.92410000 0.03990000
vt 0.89610000 0.03990000
vt 0.90970000 0.03990000
vt 0.86170000 0.03990000
vt 0.85160000 0.03990000
vt 0.91680000 0.03990000
vt 0.84390000 0.03990000
vt 0.87500000 0.03990000
vt 0.94920000 0.50620000
vt 0.92410000 0.50620000
vt 0.92410000 0.27890000
vt 0.94920000 0.27900000
vt 0.90970000 0.27890000
vt 0.90970000 0.50620000
vt 0.89610000 0.50620000
vt 0.89610000 0.27890000
vt 0.84390000 0.27900000
vt 0.84390000 0.50630000
vt 0.91680000 0.50620000
vt 0.91680000 0.27890000
vt 0.86170000 0.50630000
vt 0.86170000 0.27900000
vt 0.87500000 0.27900000
vt 0.87500000 0.50620000
vt 0.99260000 0.27900000
vt 0.99260000 0.50630000
vt 0.85160000 0.50630000
vt 0.85160000 0.27900000
vt 0.99260000 0.27510000
vt 0.94920000 0.27510000
vt 0.92410000 0.27510000
vt 0.89610000 0.27510000
vt 0.90970000 0.27510000
vt 0.85160000 0.27510000
vt 0.86170000 0.27510000
vt 0.91680000 0.27510000
vt 0.84390000 0.27510000
vt 0.87500000 0.27510000
vt 0.92410000 0.27120000
vt 0.92410000 0.04390000
vt 0.94920000 0.04390000
vt 0.94920000 0.27120000
vt 0.89610000 0.04390000
vt 0.90970000 0.04390000
vt 0.90970000 0.27120000
vt 0.89610000 0.27120000
vt 0.84390000 0.04390000
vt 0.84390000 0.27120000
vt 0.91680000 0.27120000
vt 0.91680000 0.04390000
vt 0.87500000 0.27120000
vt 0.86170000 0.27120000
vt 0.86170000 0.04390000
vt 0.87500000 0.04390000
vt 0.99260000 0.04390000
vt 0.99260000 0.27120000
vt 0.85160000 0.04390000
vt 0.85160000 0.27120000
vt 0.19150000 0.69820000
vt 0.18560000 0.69820000
vt 0.18560000 0.54920000
vt 0.19150000 0.54920000
vt 0.19150000 0.70680000
vt 0.19150000 0.71220000
vt 0.18560000 0.71220000
vt 0.18560000 0.70680000
vt 0.19150000 0.76430000
vt 0.18560000 0.76430000
vt 0.18560000 0.75840000
vt 0.19150000 0.75840000
vt 0.19150000 0.79050000
vt 0.18560000 0.79050000
vt 0.19150000 0.80220000
vt 0.18560000 0.80220000
vt 0.18560000 0.79210000
vt 0.19150000 0.79210000
vt 0.19150000 0.82010000
vt 0.19150000 0.83710000
vt 0.18560000 0.83710000
vt 0.18560000 0.82010000
vt 0.19150000 0.85680000
vt 0.18560000 0.85680000
vt 0.18560000 0.86280000
vt 0.19150000 0.86280000
vt 0.19150000 0.90450000
vt 0.18560000 0.90450000
vt 0.19150000 0.91240000
vt 0.18560000 0.91240000
vt 0.19150000 0.75160000
vt 0.18560000 0.75160000
vt 0.18560000 0.97590000
vt 0.19150000 0.97590000
vt 0.19150000 0.98870000
vt 0.18560000 0.98870000
vt 0.18560000 0.95310000
vt 0.19150000 0.95310000
vt 0.19150000 0.95540000
vt 0.18560000 0.95540000
vt 0.18560000 0.94660000
vt 0.19150000 0.94660000
vt 0.34920000 0.54920000
vt 0.34920000 0.69820000
vt 0.34920000 0.70680000
vt 0.34920000 0.71220000
vt 0.34920000 0.75840000
vt 0.34920000 0.76430000
vt 0.34920000 0.79050000
vt 0.34920000 0.79210000
vt 0.34920000 0.80220000
vt 0.34920000 0.82010000
vt 0.34920000 0.83710000
vt 0.34920000 0.85680000
vt 0.34920000 0.86280000
vt 0.34920000 0.90450000
vt 0.34920000 0.91240000
vt 0.35480000 0.54920000
vt 0.35480000 0.69820000
vt 0.35480000 0.71220000
vt 0.35480000 0.70680000
vt 0.35480000 0.75840000
vt 0.35480000 0.76430000
vt 0.35480000 0.79050000
vt 0.35480000 0.79210000
vt 0.35480000 0.80220000
vt 0.35480000 0.83710000
vt 0.35480000 0.82010000
vt 0.35480000 0.85680000
vt 0.35480000 0.86280000
vt 0.35480000 0.90450000
vt 0.35480000 0.91240000
vt 0.35480000 0.75160000
vt 0.34920000 0.75160000
vt 0.34920000 0.97590000
vt 0.34920000 0.95540000
vt 0.35480000 0.95540000
vt 0.35480000 0.97590000
vt 0.35480000 0.95310000
vt 0.34920000 0.95310000
vt 0.35480000 0.94660000
vt 0.34920000 0.94660000
vt 0.17970000 0.69820000
vt 0.17970000 0.54920000
vt 0.17970000 0.71220000
vt 0.17970000 0.70680000
vt 0.17970000 0.76430000
vt 0.17970000 0.75840000
vt 0.17970000 0.79050000
vt 0.17970000 0.80220000
vt 0.17970000 0.79210000
vt 0.17970000 0.83710000
vt 0.17970000 0.82010000
vt 0.17970000 0.85680000
vt 0.17970000 0.90450000
vt 0.17970000 0.86280000
vt 0.17970000 0.91240000
vt 0.17970000 0.75160000
vt 0.17970000 0.97590000
vt 0.17970000 0.95540000
vt 0.17970000 0.95310000
vt 0.17970000 0.94660000
vt 0.02200000 0.54920000
vt 0.02200000 0.69820000
vt 0.02200000 0.70680000
vt 0.02200000 0.71220000
vt 0.02200000 0.75840000
vt 0.02200000 0.76430000
vt 0.02200000 0.79050000
vt 0.02200000 0.79210000
vt 0.02200000 0.80220000
vt 0.02200000 0.82010000
vt 0.02200000 0.83710000
vt 0.02200000 0.85680000
vt 0.02200000 0.86280000
vt 0.02200000 0.90450000
vt 0.02200000 0.91240000
vt 0.01640000 0.69820000
vt 0.01640000 0.54920000
vt 0.01640000 0.71220000
vt 0.01640000 0.70680000
vt 0.01640000 0.76430000
vt 0.01640000 0.75840000
vt 0.01640000 0.79050000
vt 0.01640000 0.80220000
vt 0.01640000 0.79210000
vt 0.01640000 0.83710000
vt 0.01640000 0.82010000
vt 0.01640000 0.85680000
vt 0.01640000 0.86280000
vt 0.01640000 0.90450000
vt 0.01640000 0.91240000
vt 0.02200000 0.75160000
vt 0.01640000 0.75160000
vt 0.01640000 0.97590000
vt 0.02200000 0.97590000
vt 0.02200000 0.98870000
vt 0.01640000 0.98870000
vt 0.01640000 0.95310000
vt 0.02200000 0.95310000
vt 0.02200000 0.95540000
vt 0.01640000 0.95540000
vt 0.01640000 0.94660000
vt 0.02200000 0.94660000
vt 0.17970000 0.98870000
vt 0.51810000 0.69820000
vt 0.51810000 0.54920000
vt 0.52400000 0.54920000
vt 0.52400000 0.69820000
vt 0.52400000 0.71220000
vt 0.51810000 0.71220000
vt 0.51810000 0.70680000
vt 0.52400000 0.70680000
vt 0.51810000 0.76430000
vt 0.51810000 0.75840000
vt 0.52400000 0.75840000
vt 0.52400000 0.76430000
vt 0.52400000 0.79050000
vt 0.51810000 0.79050000
vt 0.51810000 0.80220000
vt 0.51810000 0.79210000
vt 0.52400000 0.79210000
vt 0.52400000 0.80220000
vt 0.52400000 0.83710000
vt 0.51810000 0.83710000
vt 0.51810000 0.82010000
vt 0.52400000 0.82010000
vt 0.52400000 0.85680000
vt 0.51810000 0.85680000
vt 0.52400000 0.86280000
vt 0.52400000 0.90450000
vt 0.51810000 0.90450000
vt 0.51810000 0.86280000
vt 0.52400000 0.91240000
vt 0.51810000 0.91240000
vt 0.52400000 0.75160000
vt 0.51810000 0.75160000
vt 0.51820000 0.97590000
vt 0.51820000 0.95540000
vt 0.52400000 0.95540000
vt 0.52400000 0.97590000
vt 0.52400000 0.95310000
vt 0.51820000 0.95310000
vt 0.52400000 0.94660000
vt 0.51820000 0.94660000
vt 0.36040000 0.54920000
vt 0.36040000 0.69820000
vt 0.36040000 0.70680000
vt 0.36040000 0.71220000
vt 0.36040000 0.75840000
vt 0.36040000 0.76430000
vt 0.36040000 0.79050000
vt 0.36040000 0.79210000
vt 0.36040000 0.80220000
vt 0.36040000 0.82010000
vt 0.36040000 0.83710000
vt 0.36040000 0.85680000
vt 0.36040000 0.86280000
vt 0.36040000 0.90450000
vt 0.36040000 0.91240000
vt 0.35480000 0.69820000
vt 0.35480000 0.54920000
vt 0.35480000 0.71220000
vt 0.35480000 0.70680000
vt 0.35480000 0.76430000
vt 0.35480000 0.75840000
vt 0.35480000 0.79050000
vt 0.35480000 0.80220000
vt 0.35480000 0.79210000
vt 0.35480000 0.83710000
vt 0.35480000 0.82010000
vt 0.35480000 0.85680000
vt 0.35480000 0.86280000
vt 0.35480000 0.90450000
vt 0.35480000 0.91240000
vt 0.36040000 0.75160000
vt 0.35480000 0.75160000
vt 0.35480000 0.97590000
vt 0.36040000 0.97590000
vt 0.36040000 0.98870000
vt 0.35480000 0.98870000
vt 0.35480000 0.95310000
vt 0.36040000 0.95310000
vt 0.36040000 0.95540000
vt 0.35480000 0.95540000
vt 0.35480000 0.94660000
vt 0.36040000 0.94660000
vt 0.51820000 0.98870000
vt 0.52990000 0.69820000
vt 0.52990000 0.54920000
vt 0.52990000 0.70680000
vt 0.52990000 0.71220000
vt 0.52990000 0.76430000
vt 0.52990000 0.75840000
vt 0.52990000 0.79050000
vt 0.52990000 0.80220000
vt 0.52990000 0.79210000
vt 0.52990000 0.82010000
vt 0.52990000 0.83710000
vt 0.52990000 0.85680000
vt 0.52990000 0.86280000
vt 0.52990000 0.90450000
vt 0.52990000 0.91240000
vt 0.52990000 0.75160000
vt 0.52990000 0.97590000
vt 0.52990000 0.98870000
vt 0.52400000 0.98870000
vt 0.52990000 0.95310000
vt 0.52990000 0.95540000
vt 0.52990000 0.94660000
vt 0.68760000 0.54920000
vt 0.01070000 0.54920000
vt 0.01070000 0.69820000
vt 0.68760000 0.69820000
vt 0.68760000 0.70680000
vt 0.01070000 0.70680000
vt 0.68760000 0.71220000
vt 0.01070000 0.71220000
vt 0.01080000 0.75840000
vt 0.68760000 0.75840000
vt 0.68760000 0.76430000
vt 0.01080000 0.76430000
vt 0.68760000 0.79050000
vt 0.01070000 0.79050000
vt 0.68760000 0.79210000
vt 0.01070000 0.79210000
vt 0.68760000 0.80220000
vt 0.01070000 0.80220000
vt 0.01070000 0.82010000
vt 0.68760000 0.82010000
vt 0.01080000 0.83710000
vt 0.68760000 0.83710000
vt 0.68760000 0.85680000
vt 0.01080000 0.85680000
vt 0.68760000 0.86280000
vt 0.01080000 0.86280000
vt 0.68760000 0.90450000
vt 0.01070000 0.90450000
vt 0.01070000 0.91240000
vt 0.68760000 0.91240000
vt 0.01080000 0.75160000
vt 0.68760000 0.75160000
vt 0.68760000 0.97590000
vt 0.01070000 0.97590000
vt 0.68760000 0.95540000
vt 0.01070000 0.95540000
vt 0.01070000 0.95310000
vt 0.68760000 0.95310000
vt 0.01070000 0.94660000
vt 0.68760000 0.94660000
vt 0.51810000 0.69820000
vt 0.51810000 0.54920000
vt 0.52400000 0.54920000
vt 0.52400000 0.69820000
vt 0.52400000 0.71220000
vt 0.51810000 0.71220000
vt 0.51810000 0.70680000
vt 0.52400000 0.70680000
vt 0.51810000 0.76430000
vt 0.51810000 0.75840000
vt 0.52400000 0.75840000
vt 0.52400000 0.76430000
vt 0.52400000 0.79050000
vt 0.51810000 0.79050000
vt 0.51810000 0.80220000
vt 0.51810000 0.79210000
vt 0.52400000 0.79210000
vt 0.52400000 0.80220000
vt 0.52400000 0.83710000
vt 0.51810000 0.83710000
vt 0.51810000 0.82010000
vt 0.52400000 0.82010000
vt 0.52400000 0.85680000
vt 0.51810000 0.85680000
vt 0.52400000 0.86280000
vt 0.52400000 0.90450000
vt 0.51810000 0.90450000
vt 0.51810000 0.86280000
vt 0.52400000 0.91240000
vt 0.51810000 0.91240000
vt 0.52400000 0.75160000
vt 0.51810000 0.75160000
vt 0.51820000 0.97590000
vt 0.51820000 0.95540000
vt 0.52400000 0.95540000
vt 0.52400000 0.97590000
vt 0.52400000 0.95310000
vt 0.51820000 0.95310000
vt 0.52400000 0.94660000
vt 0.51820000 0.94660000
vt 0.36040000 0.54920000
vt 0.36040000 0.69820000
vt 0.36040000 0.70680000
vt 0.36040000 0.71220000
vt 0.36040000 0.75840000
vt 0.36040000 0.76430000
vt 0.36040000 0.79050000
vt 0.36040000 0.79210000
vt 0.36040000 0.80220000
vt 0.36040000 0.82010000
vt 0.36040000 0.83710000
vt 0.36040000 0.85680000
vt 0.36040000 0.86280000
vt 0.36040000 0.90450000
vt 0.36040000 0.91240000
vt 0.36040000 0.75160000
vt 0.36040000 0.97590000
vt 0.36040000 0.98870000
vt 0.35480000 0.98870000
vt 0.36040000 0.95310000
vt 0.36040000 0.95540000
vt 0.36040000 0.94660000
vt 0.51820000 0.98870000
vt 0.52990000 0.69820000
vt 0.52990000 0.54920000
vt 0.52990000 0.70680000
vt 0.52990000 0.71220000
vt 0.52990000 0.76430000
vt 0.52990000 0.75840000
vt 0.52990000 0.79050000
vt 0.52990000 0.80220000
vt 0.52990000 0.79210000
vt 0.52990000 0.82010000
vt 0.52990000 0.83710000
vt 0.52990000 0.85680000
vt 0.52990000 0.86280000
vt 0.52990000 0.90450000
vt 0.52990000 0.91240000
vt 0.52990000 0.75160000
vt 0.52990000 0.97590000
vt 0.52990000 0.98870000
vt 0.52400000 0.98870000
vt 0.52990000 0.95310000
vt 0.52990000 0.95540000
vt 0.52990000 0.94660000
vt 0.68760000 0.54920000
vt 0.01070000 0.54920000
vt 0.68760000 0.69820000
vt 0.01070000 0.69820000
vt 0.68760000 0.70680000
vt 0.01070000 0.70680000
vt 0.01070000 0.71220000
vt 0.68760000 0.71220000
vt 0.01080000 0.75840000
vt 0.68760000 0.75840000
vt 0.01080000 0.76430000
vt 0.68760000 0.76430000
vt 0.68760000 0.79050000
vt 0.01070000 0.79050000
vt 0.01070000 0.79210000
vt 0.68760000 0.79210000
vt 0.68760000 0.80220000
vt 0.01070000 0.80220000
vt 0.68760000 0.82010000
vt 0.01070000 0.82010000
vt 0.68760000 0.83710000
vt 0.01080000 0.83710000
vt 0.68760000 0.85680000
vt 0.01080000 0.85680000
vt 0.68760000 0.86280000
vt 0.01080000 0.86280000
vt 0.01070000 0.90450000
vt 0.68760000 0.90450000
vt 0.01070000 0.91240000
vt 0.68760000 0.91240000
vt 0.01640000 0.54920000
vt 0.01640000 0.69820000
vt 0.01640000 0.71220000
vt 0.01640000 0.70680000
vt 0.01640000 0.75840000
vt 0.01640000 0.76430000
vt 0.01640000 0.79050000
vt 0.01640000 0.79210000
vt 0.01640000 0.80220000
vt 0.01640000 0.83710000
vt 0.01640000 0.82010000
vt 0.01640000 0.85680000
vt 0.01640000 0.86280000
vt 0.01640000 0.90450000
vt 0.01640000 0.91240000
vt 0.01640000 0.75160000
vt 0.01080000 0.75160000
vt 0.68760000 0.75160000
vt 0.01070000 0.97590000
vt 0.68760000 0.97590000
vt 0.01070000 0.95540000
vt 0.68760000 0.95540000
vt 0.01640000 0.95540000
vt 0.01640000 0.97590000
vt 0.01640000 0.95310000
vt 0.68760000 0.95310000
vt 0.01070000 0.95310000
vt 0.01640000 0.94660000
vt 0.01070000 0.94660000
vt 0.68760000 0.94660000
vt 0.19150000 0.69820000
vt 0.18560000 0.69820000
vt 0.18560000 0.54920000
vt 0.19150000 0.54920000
vt 0.19150000 0.70680000
vt 0.19150000 0.71220000
vt 0.18560000 0.71220000
vt 0.18560000 0.70680000
vt 0.19150000 0.76430000
vt 0.18560000 0.76430000
vt 0.18560000 0.75840000
vt 0.19150000 0.75840000
vt 0.19150000 0.79050000
vt 0.18560000 0.79050000
vt 0.19150000 0.80220000
vt 0.18560000 0.80220000
vt 0.18560000 0.79210000
vt 0.19150000 0.79210000
vt 0.19150000 0.82010000
vt 0.19150000 0.83710000
vt 0.18560000 0.83710000
vt 0.18560000 0.82010000
vt 0.19150000 0.85680000
vt 0.18560000 0.85680000
vt 0.18560000 0.86280000
vt 0.19150000 0.86280000
vt 0.19150000 0.90450000
vt 0.18560000 0.90450000
vt 0.19150000 0.91240000
vt 0.18560000 0.91240000
vt 0.19150000 0.75160000
vt 0.18560000 0.75160000
vt 0.18560000 0.97590000
vt 0.19150000 0.97590000
vt 0.19150000 0.98870000
vt 0.18560000 0.98870000
vt 0.18560000 0.95310000
vt 0.19150000 0.95310000
vt 0.19150000 0.95540000
vt 0.18560000 0.95540000
vt 0.18560000 0.94660000
vt 0.19150000 0.94660000
vt 0.34920000 0.54920000
vt 0.34920000 0.69820000
vt 0.34920000 0.70680000
vt 0.34920000 0.71220000
vt 0.34920000 0.75840000
vt 0.34920000 0.76430000
vt 0.34920000 0.79050000
vt 0.34920000 0.79210000
vt 0.34920000 0.80220000
vt 0.34920000 0.82010000
vt 0.34920000 0.83710000
vt 0.34920000 0.85680000
vt 0.34920000 0.86280000
vt 0.34920000 0.90450000
vt 0.34920000 0.91240000
vt 0.34920000 0.75160000
vt 0.34920000 0.97590000
vt 0.34920000 0.95540000
vt 0.34920000 0.95310000
vt 0.34920000 0.94660000
vt 0.17970000 0.69820000
vt 0.17970000 0.54920000
vt 0.17970000 0.71220000
vt 0.17970000 0.70680000
vt 0.17970000 0.76430000
vt 0.17970000 0.75840000
vt 0.17970000 0.79050000
vt 0.17970000 0.80220000
vt 0.17970000 0.79210000
vt 0.17970000 0.83710000
vt 0.17970000 0.82010000
vt 0.17970000 0.85680000
vt 0.17970000 0.90450000
vt 0.17970000 0.86280000
vt 0.17970000 0.91240000
vt 0.17970000 0.75160000
vt 0.17970000 0.97590000
vt 0.17970000 0.95540000
vt 0.17970000 0.95310000
vt 0.17970000 0.94660000
vt 0.02200000 0.54920000
vt 0.02200000 0.69820000
vt 0.02200000 0.70680000
vt 0.02200000 0.71220000
vt 0.02200000 0.75840000
vt 0.02200000 0.76430000
vt 0.02200000 0.79050000
vt 0.02200000 0.79210000
vt 0.02200000 0.80220000
vt 0.02200000 0.82010000
vt 0.02200000 0.83710000
vt 0.02200000 0.85680000
vt 0.02200000 0.86280000
vt 0.02200000 0.90450000
vt 0.02200000 0.91240000
vt 0.02200000 0.75160000
vt 0.02200000 0.97590000
vt 0.02200000 0.98870000
vt 0.01640000 0.98870000
vt 0.02200000 0.95310000
vt 0.02200000 0.95540000
vt 0.02200000 0.94660000
vt 0.17970000 0.98870000
vt 0.34920000 0.98870000
vt 0.01070000 0.98870000
vt 0.68760000 0.98870000
vt 0.01070000 0.98870000
vt 0.68760000 0.98870000
vt 0.34920000 0.98870000
vt 0.19150000 0.92530000
vt 0.18560000 0.92530000
vt 0.35480000 0.92530000
vt 0.34920000 0.92530000
vt 0.17970000 0.92530000
vt 0.02200000 0.92530000
vt 0.01640000 0.92530000
vt 0.52400000 0.92530000
vt 0.51810000 0.92530000
vt 0.36040000 0.92530000
vt 0.35480000 0.92530000
vt 0.52990000 0.92530000
vt 0.01070000 0.92530000
vt 0.68760000 0.92530000
vt 0.52400000 0.92530000
vt 0.51810000 0.92530000
vt 0.36040000 0.92530000
vt 0.52990000 0.92530000
vt 0.01640000 0.92530000
vt 0.01070000 0.92530000
vt 0.68760000 0.92530000
vt 0.19150000 0.92530000
vt 0.18560000 0.92530000
vt 0.34920000 0.92530000
vt 0.17970000 0.92530000
vt 0.02200000 0.92530000
vt 0.17540000 0.02210000
vt 0.16750000 0.02220000
vt 0.16420000 0.01430000
vt 0.71680000 0.27510000
vt 0.71680000 0.27900000
vt 0.17240000 0.01430000
vt 0.17800000 0.02870000
vt 0.17020000 0.02870000
vt 0.18530000 0.04770000
vt 0.17810000 0.04780000
vt 0.37280000 0.01420000
vt 0.71680000 0.50630000
vt 0.36980000 0.02200000
vt 0.36730000 0.02860000
vt 0.36000000 0.04770000
vt 0.38080000 0.01420000
vt 0.71680000 0.51000000
vt 0.37750000 0.02200000
vt 0.37480000 0.02860000
vt 0.36690000 0.04770000
vt 0.16180000 0.02780000
vt 0.71680000 0.27120000
vt 0.15840000 0.02010000
vt 0.16470000 0.03420000
vt 0.17300000 0.05280000
vt 0.01680000 0.16200000
vt 0.71680000 0.04390000
vt 0.02450000 0.16540000
vt 0.03090000 0.16820000
vt 0.01120000 0.16760000
vt 0.71680000 0.03990000
vt 0.01900000 0.17080000
vt 0.02560000 0.17350000
vt 0.04470000 0.18140000
vt 0.04950000 0.17650000
vt 0.01130000 0.38410000
vt 0.71680000 0.74470000
vt 0.01920000 0.38090000
vt 0.02480000 0.38650000
vt 0.01710000 0.39000000
vt 0.71680000 0.74080000
vt 0.02580000 0.37810000
vt 0.03120000 0.38370000
vt 0.04480000 0.37020000
vt 0.04980000 0.37530000
vt 0.15900000 0.53150000
vt 0.71680000 0.51370000
vt 0.16240000 0.52390000
vt 0.16530000 0.51740000
vt 0.16780000 0.52930000
vt 0.16460000 0.53710000
vt 0.71680000 0.51000000
vt 0.17050000 0.52270000
vt 0.17350000 0.49880000
vt 0.17840000 0.50370000
vt 0.01910000 0.37290000
vt 0.71680000 0.74860000
vt 0.01130000 0.37590000
vt 0.02570000 0.37040000
vt 0.04470000 0.36310000
vt 0.71680000 0.03590000
vt 0.01120000 0.17140000
vt 0.71680000 0.97580000
vt 0.01900000 0.17460000
vt 0.02560000 0.17720000
vt 0.04470000 0.18730000
vt 0.53400000 0.16720000
vt 0.71680000 0.74470000
vt 0.52620000 0.17040000
vt 0.52060000 0.16480000
vt 0.71680000 0.74080000
vt 0.52820000 0.16130000
vt 0.51960000 0.17320000
vt 0.51410000 0.16770000
vt 0.50060000 0.18110000
vt 0.49550000 0.17600000
vt 0.71680000 0.51370000
vt 0.38640000 0.01980000
vt 0.38300000 0.02750000
vt 0.38010000 0.03390000
vt 0.37180000 0.05250000
vt 0.52620000 0.17840000
vt 0.53410000 0.17540000
vt 0.71680000 0.74860000
vt 0.51960000 0.18100000
vt 0.50060000 0.18830000
vt 0.53410000 0.37580000
vt 0.71680000 0.97580000
vt 0.71680000 0.03590000
vt 0.52630000 0.37280000
vt 0.51970000 0.37030000
vt 0.71680000 0.03990000
vt 0.53410000 0.38380000
vt 0.52630000 0.38050000
vt 0.51970000 0.37780000
vt 0.50070000 0.36990000
vt 0.50070000 0.36300000
vt 0.36990000 0.52920000
vt 0.37790000 0.52920000
vt 0.38110000 0.53700000
vt 0.71680000 0.27510000
vt 0.71680000 0.27900000
vt 0.37290000 0.53710000
vt 0.36740000 0.52260000
vt 0.37520000 0.52260000
vt 0.36010000 0.50360000
vt 0.36730000 0.50360000
vt 0.71680000 0.50630000
vt 0.17250000 0.53710000
vt 0.17550000 0.52930000
vt 0.17800000 0.52270000
vt 0.18530000 0.50370000
vt 0.38360000 0.52350000
vt 0.38700000 0.53120000
vt 0.71680000 0.27120000
vt 0.38070000 0.51710000
vt 0.37240000 0.49850000
vt 0.71680000 0.04390000
vt 0.52860000 0.38940000
vt 0.52090000 0.38590000
vt 0.51440000 0.38310000
vt 0.49580000 0.37480000
vt 0.19530000 0.07380000
vt 0.18890000 0.07390000
vt 0.20130000 0.08950000
vt 0.20470000 0.09830000
vt 0.19910000 0.09830000
vt 0.19540000 0.08960000
vt 0.21130000 0.11550000
vt 0.22100000 0.14090000
vt 0.21680000 0.14090000
vt 0.20620000 0.11550000
vt 0.22240000 0.14450000
vt 0.21830000 0.14460000
vt 0.20520000 0.09970000
vt 0.20670000 0.10370000
vt 0.20130000 0.10370000
vt 0.19970000 0.09970000
vt 0.19880000 0.08310000
vt 0.19280000 0.08320000
vt 0.19190000 0.08100000
vt 0.19800000 0.08100000
vt 0.35000000 0.07380000
vt 0.33400000 0.11550000
vt 0.32430000 0.14090000
vt 0.32290000 0.14450000
vt 0.34640000 0.08310000
vt 0.34400000 0.08950000
vt 0.35610000 0.07380000
vt 0.34600000 0.09830000
vt 0.34060000 0.09830000
vt 0.34960000 0.08950000
vt 0.32840000 0.14090000
vt 0.33890000 0.11550000
vt 0.32690000 0.14450000
vt 0.34380000 0.10360000
vt 0.33860000 0.10360000
vt 0.34010000 0.09970000
vt 0.34540000 0.09970000
vt 0.35230000 0.08310000
vt 0.35320000 0.08090000
vt 0.34730000 0.08090000
vt 0.18440000 0.07830000
vt 0.19510000 0.10230000
vt 0.19130000 0.09370000
vt 0.21370000 0.14390000
vt 0.20260000 0.11910000
vt 0.21530000 0.14750000
vt 0.19750000 0.10750000
vt 0.19570000 0.10360000
vt 0.18850000 0.08740000
vt 0.18750000 0.08530000
vt 0.07510000 0.18790000
vt 0.14080000 0.21710000
vt 0.11590000 0.20600000
vt 0.14430000 0.21860000
vt 0.09050000 0.19470000
vt 0.08420000 0.19190000
vt 0.07080000 0.19220000
vt 0.09910000 0.19850000
vt 0.09530000 0.20230000
vt 0.08650000 0.19870000
vt 0.13790000 0.21990000
vt 0.11250000 0.20940000
vt 0.14150000 0.22140000
vt 0.10040000 0.19910000
vt 0.10430000 0.20080000
vt 0.10060000 0.20450000
vt 0.09670000 0.20290000
vt 0.08010000 0.19610000
vt 0.07790000 0.19520000
vt 0.08210000 0.19100000
vt 0.07090000 0.35940000
vt 0.07530000 0.36390000
vt 0.09540000 0.34930000
vt 0.09930000 0.35320000
vt 0.09070000 0.35700000
vt 0.08660000 0.35290000
vt 0.13790000 0.33160000
vt 0.14090000 0.33460000
vt 0.11610000 0.34570000
vt 0.11260000 0.34210000
vt 0.14160000 0.33010000
vt 0.14450000 0.33300000
vt 0.10070000 0.34700000
vt 0.10450000 0.35090000
vt 0.10070000 0.35260000
vt 0.09680000 0.34870000
vt 0.08450000 0.35980000
vt 0.08020000 0.35550000
vt 0.07800000 0.35640000
vt 0.08230000 0.36080000
vt 0.18490000 0.47320000
vt 0.21410000 0.40760000
vt 0.20300000 0.43240000
vt 0.21560000 0.40400000
vt 0.19170000 0.45790000
vt 0.18890000 0.46410000
vt 0.18920000 0.47760000
vt 0.19550000 0.44930000
vt 0.19930000 0.45310000
vt 0.19570000 0.46180000
vt 0.21690000 0.41050000
vt 0.20640000 0.43590000
vt 0.21840000 0.40680000
vt 0.19610000 0.44790000
vt 0.19790000 0.44400000
vt 0.20150000 0.44770000
vt 0.19990000 0.45170000
vt 0.19310000 0.46820000
vt 0.19220000 0.47040000
vt 0.18800000 0.46620000
vt 0.07080000 0.35310000
vt 0.08660000 0.34700000
vt 0.09530000 0.34370000
vt 0.11250000 0.33710000
vt 0.13790000 0.32730000
vt 0.14150000 0.32590000
vt 0.09670000 0.34310000
vt 0.10070000 0.34160000
vt 0.08020000 0.34950000
vt 0.07800000 0.35030000
vt 0.07080000 0.19830000
vt 0.11250000 0.21430000
vt 0.13790000 0.22400000
vt 0.14150000 0.22540000
vt 0.08010000 0.20190000
vt 0.08650000 0.20430000
vt 0.09530000 0.20770000
vt 0.10060000 0.20970000
vt 0.09670000 0.20820000
vt 0.07790000 0.20110000
vt 0.47450000 0.19190000
vt 0.47000000 0.18740000
vt 0.45000000 0.20210000
vt 0.44610000 0.19810000
vt 0.45460000 0.19430000
vt 0.45880000 0.19840000
vt 0.40740000 0.21970000
vt 0.40440000 0.21670000
vt 0.42920000 0.20560000
vt 0.43280000 0.20920000
vt 0.40380000 0.22120000
vt 0.40090000 0.21830000
vt 0.44460000 0.20430000
vt 0.44080000 0.20040000
vt 0.44470000 0.19870000
vt 0.44860000 0.20260000
vt 0.46090000 0.19150000
vt 0.46520000 0.19580000
vt 0.46730000 0.19490000
vt 0.46300000 0.19050000
vt 0.36050000 0.07810000
vt 0.33130000 0.14370000
vt 0.34230000 0.11890000
vt 0.32970000 0.14730000
vt 0.35360000 0.09350000
vt 0.35640000 0.08720000
vt 0.34980000 0.10210000
vt 0.34920000 0.10340000
vt 0.34750000 0.10730000
vt 0.35730000 0.08510000
vt 0.47450000 0.19830000
vt 0.45880000 0.20430000
vt 0.45000000 0.20760000
vt 0.43280000 0.21430000
vt 0.40740000 0.22400000
vt 0.40380000 0.22540000
vt 0.44860000 0.20820000
vt 0.44470000 0.20970000
vt 0.46520000 0.20180000
vt 0.46730000 0.20100000
vt 0.47460000 0.35300000
vt 0.43290000 0.33700000
vt 0.40750000 0.32730000
vt 0.40380000 0.32590000
vt 0.46520000 0.34940000
vt 0.45880000 0.34700000
vt 0.47460000 0.35910000
vt 0.45010000 0.34900000
vt 0.45010000 0.34360000
vt 0.45880000 0.35260000
vt 0.40750000 0.33140000
vt 0.43290000 0.34190000
vt 0.40380000 0.32990000
vt 0.44470000 0.34680000
vt 0.44470000 0.34160000
vt 0.44870000 0.34310000
vt 0.44870000 0.34840000
vt 0.46520000 0.35530000
vt 0.46740000 0.35620000
vt 0.46740000 0.35030000
vt 0.35010000 0.47750000
vt 0.35640000 0.47750000
vt 0.34410000 0.46180000
vt 0.34070000 0.45300000
vt 0.34630000 0.45300000
vt 0.34990000 0.46170000
vt 0.33410000 0.43580000
vt 0.32430000 0.41040000
vt 0.32860000 0.41040000
vt 0.33910000 0.43580000
vt 0.32290000 0.40680000
vt 0.32710000 0.40680000
vt 0.34010000 0.45160000
vt 0.33860000 0.44770000
vt 0.34400000 0.44760000
vt 0.34570000 0.45160000
vt 0.34650000 0.46820000
vt 0.35260000 0.46810000
vt 0.35350000 0.47030000
vt 0.34730000 0.47030000
vt 0.19530000 0.47760000
vt 0.21130000 0.43590000
vt 0.22100000 0.41050000
vt 0.22240000 0.40680000
vt 0.19890000 0.46820000
vt 0.20130000 0.46180000
vt 0.20470000 0.45310000
vt 0.20680000 0.44770000
vt 0.20520000 0.45170000
vt 0.19810000 0.47040000
vt 0.36090000 0.47300000
vt 0.35020000 0.44910000
vt 0.35410000 0.45760000
vt 0.33160000 0.40740000
vt 0.34270000 0.43220000
vt 0.33000000 0.40390000
vt 0.34790000 0.44380000
vt 0.34960000 0.44770000
vt 0.35690000 0.46390000
vt 0.35780000 0.46600000
vt 0.47020000 0.36340000
vt 0.40460000 0.33430000
vt 0.42940000 0.34530000
vt 0.40100000 0.33270000
vt 0.45490000 0.35660000
vt 0.46110000 0.35940000
vt 0.44630000 0.35280000
vt 0.44490000 0.35220000
vt 0.44100000 0.35050000
vt 0.46320000 0.36030000
vt 0.15340000 0.22640000
vt 0.27490000 0.27960000
vt 0.15350000 0.32500000
vt 0.56560000 0.14770000
vt 0.21930000 0.14710000
vt 0.56560000 0.15220000
vt 0.22340000 0.14710000
vt 0.56560000 0.27500000
vt 0.32200000 0.14700000
vt 0.56560000 0.27940000
vt 0.32580000 0.14700000
vt 0.32860000 0.14980000
vt 0.56560000 0.28380000
vt 0.39840000 0.21940000
vt 0.56560000 0.40660000
vt 0.40120000 0.22230000
vt 0.56560000 0.41120000
vt 0.40130000 0.22640000
vt 0.56560000 0.41580000
vt 0.40130000 0.32490000
vt 0.56560000 0.53860000
vt 0.56560000 0.01150000
vt 0.40130000 0.32880000
vt 0.56560000 0.01590000
vt 0.39850000 0.33160000
vt 0.56560000 0.02030000
vt 0.32890000 0.40140000
vt 0.56560000 0.14310000
vt 0.56560000 0.14770000
vt 0.32600000 0.40420000
vt 0.56560000 0.15220000
vt 0.32200000 0.40420000
vt 0.56560000 0.27500000
vt 0.22340000 0.40430000
vt 0.56560000 0.27940000
vt 0.21950000 0.40430000
vt 0.56560000 0.28380000
vt 0.21670000 0.40150000
vt 0.56560000 0.40660000
vt 0.14700000 0.33190000
vt 0.56560000 0.41120000
vt 0.14410000 0.32900000
vt 0.14410000 0.32500000
vt 0.56560000 0.41580000
vt 0.14400000 0.22640000
vt 0.56560000 0.01150000
vt 0.56560000 0.53860000
vt 0.56560000 0.01590000
vt 0.14400000 0.22250000
vt 0.14680000 0.21970000
vt 0.56560000 0.02030000
vt 0.21640000 0.15000000
vt 0.56560000 0.14310000
vt 0.67230000 0.14770000
vt 0.22100000 0.15160000
vt 0.67230000 0.15220000
vt 0.22490000 0.15160000
vt 0.32010000 0.15150000
vt 0.67230000 0.27500000
vt 0.32380000 0.15150000
vt 0.67230000 0.27940000
vt 0.67230000 0.28380000
vt 0.32650000 0.15420000
vt 0.39380000 0.22140000
vt 0.67230000 0.40660000
vt 0.67230000 0.41120000
vt 0.39660000 0.22420000
vt 0.39660000 0.22810000
vt 0.67230000 0.41580000
vt 0.39660000 0.32320000
vt 0.67230000 0.53860000
vt 0.67230000 0.01150000
vt 0.67230000 0.01590000
vt 0.39660000 0.32700000
vt 0.67230000 0.02030000
vt 0.39400000 0.32960000
vt 0.32680000 0.39700000
vt 0.67230000 0.14310000
vt 0.67230000 0.14770000
vt 0.32400000 0.39970000
vt 0.67230000 0.15220000
vt 0.32010000 0.39980000
vt 0.67230000 0.27500000
vt 0.22490000 0.39980000
vt 0.22120000 0.39980000
vt 0.67230000 0.27940000
vt 0.67230000 0.28380000
vt 0.21850000 0.39720000
vt 0.67230000 0.40660000
vt 0.15120000 0.32990000
vt 0.14840000 0.32720000
vt 0.67230000 0.41120000
vt 0.14840000 0.32320000
vt 0.67230000 0.41580000
vt 0.14830000 0.22810000
vt 0.67230000 0.01150000
vt 0.67230000 0.53860000
vt 0.14830000 0.22430000
vt 0.67230000 0.01590000
vt 0.67230000 0.02030000
vt 0.15100000 0.22170000
vt 0.67230000 0.14310000
vt 0.21820000 0.15430000
vt 0.22150000 0.15290000
vt 0.22540000 0.15280000
vt 0.31960000 0.15280000
vt 0.32330000 0.15280000
vt 0.32590000 0.15540000
vt 0.39260000 0.22190000
vt 0.39530000 0.22470000
vt 0.39530000 0.22860000
vt 0.39530000 0.32270000
vt 0.39530000 0.32640000
vt 0.39270000 0.32910000
vt 0.32620000 0.39570000
vt 0.32330000 0.39850000
vt 0.31960000 0.39850000
vt 0.22540000 0.39850000
vt 0.22170000 0.39850000
vt 0.21910000 0.39590000
vt 0.15240000 0.32940000
vt 0.14970000 0.32660000
vt 0.14970000 0.32270000
vt 0.14960000 0.22860000
vt 0.14960000 0.22490000
vt 0.15230000 0.22220000
vt 0.21880000 0.15560000
vt 0.32170000 0.15660000
vt 0.39150000 0.22630000
vt 0.39160000 0.32530000
vt 0.32190000 0.39460000
vt 0.22330000 0.39470000
vt 0.22310000 0.15670000
vt 0.94920000 0.50620000
vt 0.92410000 0.50620000
vt 0.92410000 0.27890000
vt 0.94920000 0.27900000
vt 0.90970000 0.27890000
vt 0.90970000 0.50620000
vt 0.89610000 0.50620000
vt 0.89610000 0.27890000
vt 0.84390000 0.27900000
vt 0.84390000 0.50630000
vt 0.91680000 0.50620000
vt 0.91680000 0.27890000
vt 0.86170000 0.50630000
vt 0.86170000 0.27900000
vt 0.87500000 0.27900000
vt 0.87500000 0.50620000
vt 0.99260000 0.27900000
vt 0.99260000 0.50630000
vt 0.85160000 0.50630000
vt 0.85160000 0.27900000
vt 0.99260000 0.51000000
vt 0.94920000 0.51000000
vt 0.92410000 0.51000000
vt 0.89610000 0.51000000
vt 0.90970000 0.51000000
vt 0.86170000 0.51000000
vt 0.85160000 0.51000000
vt 0.91680000 0.51000000
vt 0.84390000 0.51000000
vt 0.87500000 0.51000000
vt 0.99260000 0.27510000
vt 0.94920000 0.27510000
vt 0.92410000 0.27510000
vt 0.89610000 0.27510000
vt 0.90970000 0.27510000
vt 0.85160000 0.27510000
vt 0.86170000 0.27510000
vt 0.91680000 0.27510000
vt 0.84390000 0.27510000
vt 0.87500000 0.27510000
vt 0.92410000 0.27120000
vt 0.92410000 0.04390000
vt 0.94920000 0.04390000
vt 0.94920000 0.27120000
vt 0.89610000 0.04390000
vt 0.90970000 0.04390000
vt 0.90970000 0.27120000
vt 0.89610000 0.27120000
vt 0.84390000 0.04390000
vt 0.84390000 0.27120000
vt 0.91680000 0.27120000
vt 0.91680000 0.04390000
vt 0.87500000 0.27120000
vt 0.86170000 0.27120000
vt 0.86170000 0.04390000
vt 0.87500000 0.04390000
vt 0.99260000 0.04390000
vt 0.99260000 0.27120000
vt 0.85160000 0.04390000
vt 0.85160000 0.27120000
vt 0.94920000 0.03990000
vt 0.99260000 0.03990000
vt 0.92410000 0.03990000
vt 0.89610000 0.03990000
vt 0.90970000 0.03990000
vt 0.85160000 0.03990000
vt 0.86170000 0.03990000
vt 0.91680000 0.03990000
vt 0.84390000 0.03990000
vt 0.87500000 0.03990000
vt 0.92410000 0.74090000
vt 0.92410000 0.51370000
vt 0.94920000 0.51370000
vt 0.94920000 0.74090000
vt 0.89610000 0.51370000
vt 0.90970000 0.51370000
vt 0.90970000 0.74090000
vt 0.89610000 0.74090000
vt 0.84390000 0.51370000
vt 0.84390000 0.74080000
vt 0.91680000 0.74090000
vt 0.91680000 0.51370000
vt 0.87500000 0.74090000
vt 0.86170000 0.74080000
vt 0.86170000 0.51370000
vt 0.87500000 0.51370000
vt 0.99260000 0.51370000
vt 0.99260000 0.74080000
vt 0.85160000 0.51370000
vt 0.85160000 0.74080000
vt 0.99260000 0.51000000
vt 0.94920000 0.51000000
vt 0.92410000 0.51000000
vt 0.89610000 0.51000000
vt 0.90970000 0.51000000
vt 0.85160000 0.51000000
vt 0.86170000 0.51000000
vt 0.91680000 0.51000000
vt 0.84390000 0.51000000
vt 0.87500000 0.51000000
vt 0.99260000 0.74470000
vt 0.94920000 0.74480000
vt 0.92410000 0.74480000
vt 0.90970000 0.74480000
vt 0.89610000 0.74480000
vt 0.86170000 0.74470000
vt 0.85160000 0.74470000
vt 0.91680000 0.74480000
vt 0.84390000 0.74470000
vt 0.87500000 0.74480000
vt 0.94920000 0.03590000
vt 0.94920000 0.97580000
vt 0.92410000 0.97580000
vt 0.92410000 0.03590000
vt 0.92410000 0.74870000
vt 0.94920000 0.74860000
vt 0.90970000 0.74870000
vt 0.90970000 0.97580000
vt 0.90970000 0.03590000
vt 0.89610000 0.97580000
vt 0.89610000 0.03590000
vt 0.89610000 0.74870000
vt 0.84390000 0.74860000
vt 0.84390000 0.97580000
vt 0.84390000 0.03590000
vt 0.91680000 0.97580000
vt 0.91680000 0.03590000
vt 0.91680000 0.74870000
vt 0.86170000 0.97580000
vt 0.86170000 0.03590000
vt 0.86170000 0.74860000
vt 0.87500000 0.74860000
vt 0.87500000 0.03590000
vt 0.87500000 0.97580000
vt 0.99260000 0.74860000
vt 0.99260000 0.03590000
vt 0.99260000 0.97580000
vt 0.85160000 0.03590000
vt 0.85160000 0.97580000
vt 0.85160000 0.74860000
vt 0.92410000 0.74090000
vt 0.92410000 0.51370000
vt 0.94920000 0.51370000
vt 0.94920000 0.74090000
vt 0.89610000 0.51370000
vt 0.90970000 0.51370000
vt 0.90970000 0.74090000
vt 0.89610000 0.74090000
vt 0.84390000 0.51370000
vt 0.84390000 0.74080000
vt 0.91680000 0.74090000
vt 0.91680000 0.51370000
vt 0.87500000 0.74090000
vt 0.86170000 0.74080000
vt 0.86170000 0.51370000
vt 0.87500000 0.51370000
vt 0.99260000 0.51370000
vt 0.99260000 0.74080000
vt 0.85160000 0.51370000
vt 0.85160000 0.74080000
vt 0.99260000 0.74470000
vt 0.94920000 0.74480000
vt 0.92410000 0.74480000
vt 0.90970000 0.74480000
vt 0.89610000 0.74480000
vt 0.86170000 0.74470000
vt 0.85160000 0.74470000
vt 0.91680000 0.74480000
vt 0.84390000 0.74470000
vt 0.87500000 0.74480000
vt 0.94920000 0.03590000
vt 0.94920000 0.97580000
vt 0.92410000 0.97580000
vt 0.92410000 0.03590000
vt 0.92410000 0.74870000
vt 0.94920000 0.74860000
vt 0.90970000 0.74870000
vt 0.90970000 0.97580000
vt 0.90970000 0.03590000
vt 0.89610000 0.03590000
vt 0.89610000 0.97580000
vt 0.89610000 0.74870000
vt 0.84390000 0.74860000
vt 0.84390000 0.03590000
vt 0.84390000 0.97580000
vt 0.91680000 0.03590000
vt 0.91680000 0.97580000
vt 0.91680000 0.74870000
vt 0.86170000 0.03590000
vt 0.86170000 0.97580000
vt 0.86170000 0.74860000
vt 0.87500000 0.74860000
vt 0.87500000 0.03590000
vt 0.87500000 0.97580000
vt 0.99260000 0.74860000
vt 0.99260000 0.97580000
vt 0.99260000 0.03590000
vt 0.85160000 0.03590000
vt 0.85160000 0.97580000
vt 0.85160000 0.74860000
vt 0.99260000 0.03990000
vt 0.94920000 0.03990000
vt 0.92410000 0.03990000
vt 0.89610000 0.03990000
vt 0.90970000 0.03990000
vt 0.86170000 0.03990000
vt 0.85160000 0.03990000
vt 0.91680000 0.03990000
vt 0.84390000 0.03990000
vt 0.87500000 0.03990000
vt 0.94920000 0.50620000
vt 0.92410000 0.50620000
vt 0.92410000 0.27890000
vt 0.94920000 0.27900000
vt 0.90970000 0.27890000
vt 0.90970000 0.50620000
vt 0.89610000 0.50620000
vt 0.89610000 0.27890000
vt 0.84390000 0.27900000
vt 0.84390000 0.50630000
vt 0.91680000 0.50620000
vt 0.91680000 0.27890000
vt 0.86170000 0.50630000
vt 0.86170000 0.27900000
vt 0.87500000 0.27900000
vt 0.87500000 0.50620000
vt 0.99260000 0.27900000
vt 0.99260000 0.50630000
vt 0.85160000 0.50630000
vt 0.85160000 0.27900000
vt 0.99260000 0.27510000
vt 0.94920000 0.27510000
vt 0.92410000 0.27510000
vt 0.89610000 0.27510000
vt 0.90970000 0.27510000
vt 0.85160000 0.27510000
vt 0.86170000 0.27510000
vt 0.91680000 0.27510000
vt 0.84390000 0.27510000
vt 0.87500000 0.27510000
vt 0.92410000 0.27120000
vt 0.92410000 0.04390000
vt 0.94920000 0.04390000
vt 0.94920000 0.27120000
vt 0.89610000 0.04390000
vt 0.90970000 0.04390000
vt 0.90970000 0.27120000
vt 0.89610000 0.27120000
vt 0.84390000 0.04390000
vt 0.84390000 0.27120000
vt 0.91680000 0.27120000
vt 0.91680000 0.04390000
vt 0.87500000 0.27120000
vt 0.86170000 0.27120000
vt 0.86170000 0.04390000
vt 0.87500000 0.04390000
vt 0.99260000 0.04390000
vt 0.99260000 0.27120000
vt 0.85160000 0.04390000
vt 0.85160000 0.27120000
vt 0.19150000 0.69820000
vt 0.18560000 0.69820000
vt 0.18560000 0.54920000
vt 0.19150000 0.54920000
vt 0.19150000 0.70680000
vt 0.19150000 0.71220000
vt 0.18560000 0.71220000
vt 0.18560000 0.70680000
vt 0.19150000 0.76430000
vt 0.18560000 0.76430000
vt 0.18560000 0.75840000
vt 0.19150000 0.75840000
vt 0.19150000 0.79050000
vt 0.18560000 0.79050000
vt 0.19150000 0.80220000
vt 0.18560000 0.80220000
vt 0.18560000 0.79210000
vt 0.19150000 0.79210000
vt 0.19150000 0.82010000
vt 0.19150000 0.83710000
vt 0.18560000 0.83710000
vt 0.18560000 0.82010000
vt 0.19150000 0.85680000
vt 0.18560000 0.85680000
vt 0.18560000 0.86280000
vt 0.19150000 0.86280000
vt 0.19150000 0.90450000
vt 0.18560000 0.90450000
vt 0.19150000 0.91240000
vt 0.18560000 0.91240000
vt 0.19150000 0.75160000
vt 0.18560000 0.75160000
vt 0.18560000 0.97590000
vt 0.19150000 0.97590000
vt 0.19150000 0.98870000
vt 0.18560000 0.98870000
vt 0.18560000 0.95310000
vt 0.19150000 0.95310000
vt 0.19150000 0.95540000
vt 0.18560000 0.95540000
vt 0.18560000 0.94660000
vt 0.19150000 0.94660000
vt 0.34920000 0.54920000
vt 0.34920000 0.69820000
vt 0.34920000 0.70680000
vt 0.34920000 0.71220000
vt 0.34920000 0.75840000
vt 0.34920000 0.76430000
vt 0.34920000 0.79050000
vt 0.34920000 0.79210000
vt 0.34920000 0.80220000
vt 0.34920000 0.82010000
vt 0.34920000 0.83710000
vt 0.34920000 0.85680000
vt 0.34920000 0.86280000
vt 0.34920000 0.90450000
vt 0.34920000 0.91240000
vt 0.35480000 0.54920000
vt 0.35480000 0.69820000
vt 0.35480000 0.71220000
vt 0.35480000 0.70680000
vt 0.35480000 0.75840000
vt 0.35480000 0.76430000
vt 0.35480000 0.79050000
vt 0.35480000 0.79210000
vt 0.35480000 0.80220000
vt 0.35480000 0.83710000
vt 0.35480000 0.82010000
vt 0.35480000 0.85680000
vt 0.35480000 0.86280000
vt 0.35480000 0.90450000
vt 0.35480000 0.91240000
vt 0.35480000 0.75160000
vt 0.34920000 0.75160000
vt 0.34920000 0.97590000
vt 0.34920000 0.95540000
vt 0.35480000 0.95540000
vt 0.35480000 0.97590000
vt 0.35480000 0.95310000
vt 0.34920000 0.95310000
vt 0.35480000 0.94660000
vt 0.34920000 0.94660000
vt 0.17970000 0.69820000
vt 0.17970000 0.54920000
vt 0.17970000 0.71220000
vt 0.17970000 0.70680000
vt 0.17970000 0.76430000
vt 0.17970000 0.75840000
vt 0.17970000 0.79050000
vt 0.17970000 0.80220000
vt 0.17970000 0.79210000
vt 0.17970000 0.83710000
vt 0.17970000 0.82010000
vt 0.17970000 0.85680000
vt 0.17970000 0.90450000
vt 0.17970000 0.86280000
vt 0.17970000 0.91240000
vt 0.17970000 0.75160000
vt 0.17970000 0.97590000
vt 0.17970000 0.95540000
vt 0.17970000 0.95310000
vt 0.17970000 0.94660000
vt 0.02200000 0.54920000
vt 0.02200000 0.69820000
vt 0.02200000 0.70680000
vt 0.02200000 0.71220000
vt 0.02200000 0.75840000
vt 0.02200000 0.76430000
vt 0.02200000 0.79050000
vt 0.02200000 0.79210000
vt 0.02200000 0.80220000
vt 0.02200000 0.82010000
vt 0.02200000 0.83710000
vt 0.02200000 0.85680000
vt 0.02200000 0.86280000
vt 0.02200000 0.90450000
vt 0.02200000 0.91240000
vt 0.01640000 0.69820000
vt 0.01640000 0.54920000
vt 0.01640000 0.71220000
vt 0.01640000 0.70680000
vt 0.01640000 0.76430000
vt 0.01640000 0.75840000
vt 0.01640000 0.79050000
vt 0.01640000 0.80220000
vt 0.01640000 0.79210000
vt 0.01640000 0.83710000
vt 0.01640000 0.82010000
vt 0.01640000 0.85680000
vt 0.01640000 0.86280000
vt 0.01640000 0.90450000
vt 0.01640000 0.91240000
vt 0.02200000 0.75160000
vt 0.01640000 0.75160000
vt 0.01640000 0.97590000
vt 0.02200000 0.97590000
vt 0.02200000 0.98870000
vt 0.01640000 0.98870000
vt 0.01640000 0.95310000
vt 0.02200000 0.95310000
vt 0.02200000 0.95540000
vt 0.01640000 0.95540000
vt 0.01640000 0.94660000
vt 0.02200000 0.94660000
vt 0.17970000 0.98870000
vt 0.51810000 0.69820000
vt 0.51810000 0.54920000
vt 0.52400000 0.54920000
vt 0.52400000 0.69820000
vt 0.52400000 0.71220000
vt 0.51810000 0.71220000
vt 0.51810000 0.70680000
vt 0.52400000 0.70680000
vt 0.51810000 0.76430000
vt 0.51810000 0.75840000
vt 0.52400000 0.75840000
vt 0.52400000 0.76430000
vt 0.52400000 0.79050000
vt 0.51810000 0.79050000
vt 0.51810000 0.80220000
vt 0.51810000 0.79210000
vt 0.52400000 0.79210000
vt 0.52400000 0.80220000
vt 0.52400000 0.83710000
vt 0.51810000 0.83710000
vt 0.51810000 0.82010000
vt 0.52400000 0.82010000
vt 0.52400000 0.85680000
vt 0.51810000 0.85680000
vt 0.52400000 0.86280000
vt 0.52400000 0.90450000
vt 0.51810000 0.90450000
vt 0.51810000 0.86280000
vt 0.52400000 0.91240000
vt 0.51810000 0.91240000
vt 0.52400000 0.75160000
vt 0.51810000 0.75160000
vt 0.51820000 0.97590000
vt 0.51820000 0.95540000
vt 0.52400000 0.95540000
vt 0.52400000 0.97590000
vt 0.52400000 0.95310000
vt 0.51820000 0.95310000
vt 0.52400000 0.94660000
vt 0.51820000 0.94660000
vt 0.36040000 0.54920000
vt 0.36040000 0.69820000
vt 0.36040000 0.70680000
vt 0.36040000 0.71220000
vt 0.36040000 0.75840000
vt 0.36040000 0.76430000
vt 0.36040000 0.79050000
vt 0.36040000 0.79210000
vt 0.36040000 0.80220000
vt 0.36040000 0.82010000
vt 0.36040000 0.83710000
vt 0.36040000 0.85680000
vt 0.36040000 0.86280000
vt 0.36040000 0.90450000
vt 0.36040000 0.91240000
vt 0.35480000 0.69820000
vt 0.35480000 0.54920000
vt 0.35480000 0.71220000
vt 0.35480000 0.70680000
vt 0.35480000 0.76430000
vt 0.35480000 0.75840000
vt 0.35480000 0.79050000
vt 0.35480000 0.80220000
vt 0.35480000 0.79210000
vt 0.35480000 0.83710000
vt 0.35480000 0.82010000
vt 0.35480000 0.85680000
vt 0.35480000 0.86280000
vt 0.35480000 0.90450000
vt 0.35480000 0.91240000
vt 0.36040000 0.75160000
vt 0.35480000 0.75160000
vt 0.35480000 0.97590000
vt 0.36040000 0.97590000
vt 0.36040000 0.98870000
vt 0.35480000 0.98870000
vt 0.35480000 0.95310000
vt 0.36040000 0.95310000
vt 0.36040000 0.95540000
vt 0.35480000 0.95540000
vt 0.35480000 0.94660000
vt 0.36040000 0.94660000
vt 0.51820000 0.98870000
vt 0.52990000 0.69820000
vt 0.52990000 0.54920000
vt 0.52990000 0.70680000
vt 0.52990000 0.71220000
vt 0.52990000 0.76430000
vt 0.52990000 0.75840000
vt 0.52990000 0.79050000
vt 0.52990000 0.80220000
vt 0.52990000 0.79210000
vt 0.52990000 0.82010000
vt 0.52990000 0.83710000
vt 0.52990000 0.85680000
vt 0.52990000 0.86280000
vt 0.52990000 0.90450000
vt 0.52990000 0.91240000
vt 0.52990000 0.75160000
vt 0.52990000 0.97590000
vt 0.52990000 0.98870000
vt 0.52400000 0.98870000
vt 0.52990000 0.95310000
vt 0.52990000 0.95540000
vt 0.52990000 0.94660000
vt 0.01070000 0.54920000
vt 0.68760000 0.54920000
vt 0.01070000 0.69820000
vt 0.68760000 0.69820000
vt 0.01070000 0.70680000
vt 0.68760000 0.70680000
vt 0.01070000 0.71220000
vt 0.68760000 0.71220000
vt 0.01080000 0.75840000
vt 0.68760000 0.75840000
vt 0.68760000 0.76430000
vt 0.01080000 0.76430000
vt 0.01070000 0.79050000
vt 0.68760000 0.79050000
vt 0.01070000 0.79210000
vt 0.68760000 0.79210000
vt 0.68760000 0.80220000
vt 0.01070000 0.80220000
vt 0.68760000 0.82010000
vt 0.01070000 0.82010000
vt 0.01080000 0.83710000
vt 0.68760000 0.83710000
vt 0.68760000 0.85680000
vt 0.01080000 0.85680000
vt 0.68760000 0.86280000
vt 0.01080000 0.86280000
vt 0.68760000 0.90450000
vt 0.01070000 0.90450000
vt 0.68760000 0.91240000
vt 0.01070000 0.91240000
vt 0.01080000 0.75160000
vt 0.68760000 0.75160000
vt 0.01070000 0.97590000
vt 0.68760000 0.97590000
vt 0.01070000 0.95540000
vt 0.68760000 0.95540000
vt 0.68760000 0.95310000
vt 0.01070000 0.95310000
vt 0.68760000 0.94660000
vt 0.01070000 0.94660000
vt 0.51810000 0.69820000
vt 0.51810000 0.54920000
vt 0.52400000 0.54920000
vt 0.52400000 0.69820000
vt 0.52400000 0.71220000
vt 0.51810000 0.71220000
vt 0.51810000 0.70680000
vt 0.52400000 0.70680000
vt 0.51810000 0.76430000
vt 0.51810000 0.75840000
vt 0.52400000 0.75840000
vt 0.52400000 0.76430000
vt 0.52400000 0.79050000
vt 0.51810000 0.79050000
vt 0.51810000 0.80220000
vt 0.51810000 0.79210000
vt 0.52400000 0.79210000
vt 0.52400000 0.80220000
vt 0.52400000 0.83710000
vt 0.51810000 0.83710000
vt 0.51810000 0.82010000
vt 0.52400000 0.82010000
vt 0.52400000 0.85680000
vt 0.51810000 0.85680000
vt 0.52400000 0.86280000
vt 0.52400000 0.90450000
vt 0.51810000 0.90450000
vt 0.51810000 0.86280000
vt 0.52400000 0.91240000
vt 0.51810000 0.91240000
vt 0.52400000 0.75160000
vt 0.51810000 0.75160000
vt 0.51820000 0.97590000
vt 0.51820000 0.95540000
vt 0.52400000 0.95540000
vt 0.52400000 0.97590000
vt 0.52400000 0.95310000
vt 0.51820000 0.95310000
vt 0.52400000 0.94660000
vt 0.51820000 0.94660000
vt 0.36040000 0.54920000
vt 0.36040000 0.69820000
vt 0.36040000 0.70680000
vt 0.36040000 0.71220000
vt 0.36040000 0.75840000
vt 0.36040000 0.76430000
vt 0.36040000 0.79050000
vt 0.36040000 0.79210000
vt 0.36040000 0.80220000
vt 0.36040000 0.82010000
vt 0.36040000 0.83710000
vt 0.36040000 0.85680000
vt 0.36040000 0.86280000
vt 0.36040000 0.90450000
vt 0.36040000 0.91240000
vt 0.36040000 0.75160000
vt 0.36040000 0.97590000
vt 0.36040000 0.98870000
vt 0.35480000 0.98870000
vt 0.36040000 0.95310000
vt 0.36040000 0.95540000
vt 0.36040000 0.94660000
vt 0.51820000 0.98870000
vt 0.52990000 0.69820000
vt 0.52990000 0.54920000
vt 0.52990000 0.70680000
vt 0.52990000 0.71220000
vt 0.52990000 0.76430000
vt 0.52990000 0.75840000
vt 0.52990000 0.79050000
vt 0.52990000 0.80220000
vt 0.52990000 0.79210000
vt 0.52990000 0.82010000
vt 0.52990000 0.83710000
vt 0.52990000 0.85680000
vt 0.52990000 0.86280000
vt 0.52990000 0.90450000
vt 0.52990000 0.91240000
vt 0.52990000 0.75160000
vt 0.52990000 0.97590000
vt 0.52990000 0.98870000
vt 0.52400000 0.98870000
vt 0.52990000 0.95310000
vt 0.52990000 0.95540000
vt 0.52990000 0.94660000
vt 0.68760000 0.54920000
vt 0.01070000 0.54920000
vt 0.01070000 0.69820000
vt 0.68760000 0.69820000
vt 0.68760000 0.70680000
vt 0.01070000 0.70680000
vt 0.01070000 0.71220000
vt 0.68760000 0.71220000
vt 0.01080000 0.75840000
vt 0.68760000 0.75840000
vt 0.01080000 0.76430000
vt 0.68760000 0.76430000
vt 0.01070000 0.79050000
vt 0.68760000 0.79050000
vt 0.68760000 0.79210000
vt 0.01070000 0.79210000
vt 0.68760000 0.80220000
vt 0.01070000 0.80220000
vt 0.68760000 0.82010000
vt 0.01070000 0.82010000
vt 0.68760000 0.83710000
vt 0.01080000 0.83710000
vt 0.01080000 0.85680000
vt 0.68760000 0.85680000
vt 0.01080000 0.86280000
vt 0.68760000 0.86280000
vt 0.01070000 0.90450000
vt 0.68760000 0.90450000
vt 0.68760000 0.91240000
vt 0.01070000 0.91240000
vt 0.01640000 0.54920000
vt 0.01640000 0.69820000
vt 0.01640000 0.71220000
vt 0.01640000 0.70680000
vt 0.01640000 0.75840000
vt 0.01640000 0.76430000
vt 0.01640000 0.79050000
vt 0.01640000 0.79210000
vt 0.01640000 0.80220000
vt 0.01640000 0.83710000
vt 0.01640000 0.82010000
vt 0.01640000 0.85680000
vt 0.01640000 0.86280000
vt 0.01640000 0.90450000
vt 0.01640000 0.91240000
vt 0.01640000 0.75160000
vt 0.68760000 0.75160000
vt 0.01080000 0.75160000
vt 0.01070000 0.97590000
vt 0.68760000 0.97590000
vt 0.68760000 0.95540000
vt 0.01070000 0.95540000
vt 0.01640000 0.95540000
vt 0.01640000 0.97590000
vt 0.01640000 0.95310000
vt 0.01070000 0.95310000
vt 0.68760000 0.95310000
vt 0.01640000 0.94660000
vt 0.68760000 0.94660000
vt 0.01070000 0.94660000
vt 0.19150000 0.69820000
vt 0.18560000 0.69820000
vt 0.18560000 0.54920000
vt 0.19150000 0.54920000
vt 0.19150000 0.70680000
vt 0.19150000 0.71220000
vt 0.18560000 0.71220000
vt 0.18560000 0.70680000
vt 0.19150000 0.76430000
vt 0.18560000 0.76430000
vt 0.18560000 0.75840000
vt 0.19150000 0.75840000
vt 0.19150000 0.79050000
vt 0.18560000 0.79050000
vt 0.19150000 0.80220000
vt 0.18560000 0.80220000
vt 0.18560000 0.79210000
vt 0.19150000 0.79210000
vt 0.19150000 0.82010000
vt 0.19150000 0.83710000
vt 0.18560000 0.83710000
vt 0.18560000 0.82010000
vt 0.19150000 0.85680000
vt 0.18560000 0.85680000
vt 0.18560000 0.86280000
vt 0.19150000 0.86280000
vt 0.19150000 0.90450000
vt 0.18560000 0.90450000
vt 0.19150000 0.91240000
vt 0.18560000 0.91240000
vt 0.19150000 0.75160000
vt 0.18560000 0.75160000
vt 0.18560000 0.97590000
vt 0.19150000 0.97590000
vt 0.19150000 0.98870000
vt 0.18560000 0.98870000
vt 0.18560000 0.95310000
vt 0.19150000 0.95310000
vt 0.19150000 0.95540000
vt 0.18560000 0.95540000
vt 0.18560000 0.94660000
vt 0.19150000 0.94660000
vt 0.34920000 0.54920000
vt 0.34920000 0.69820000
vt 0.34920000 0.70680000
vt 0.34920000 0.71220000
vt 0.34920000 0.75840000
vt 0.34920000 0.76430000
vt 0.34920000 0.79050000
vt 0.34920000 0.79210000
vt 0.34920000 0.80220000
vt 0.34920000 0.82010000
vt 0.34920000 0.83710000
vt 0.34920000 0.85680000
vt 0.34920000 0.86280000
vt 0.34920000 0.90450000
vt 0.34920000 0.91240000
vt 0.34920000 0.75160000
vt 0.34920000 0.97590000
vt 0.34920000 0.95540000
vt 0.34920000 0.95310000
vt 0.34920000 0.94660000
vt 0.17970000 0.69820000
vt 0.17970000 0.54920000
vt 0.17970000 0.71220000
vt 0.17970000 0.70680000
vt 0.17970000 0.76430000
vt 0.17970000 0.75840000
vt 0.17970000 0.79050000
vt 0.17970000 0.80220000
vt 0.17970000 0.79210000
vt 0.17970000 0.83710000
vt 0.17970000 0.82010000
vt 0.17970000 0.85680000
vt 0.17970000 0.90450000
vt 0.17970000 0.86280000
vt 0.17970000 0.91240000
vt 0.17970000 0.75160000
vt 0.17970000 0.97590000
vt 0.17970000 0.95540000
vt 0.17970000 0.95310000
vt 0.17970000 0.94660000
vt 0.02200000 0.54920000
vt 0.02200000 0.69820000
vt 0.02200000 0.70680000
vt 0.02200000 0.71220000
vt 0.02200000 0.75840000
vt 0.02200000 0.76430000
vt 0.02200000 0.79050000
vt 0.02200000 0.79210000
vt 0.02200000 0.80220000
vt 0.02200000 0.82010000
vt 0.02200000 0.83710000
vt 0.02200000 0.85680000
vt 0.02200000 0.86280000
vt 0.02200000 0.90450000
vt 0.02200000 0.91240000
vt 0.02200000 0.75160000
vt 0.02200000 0.97590000
vt 0.02200000 0.98870000
vt 0.01640000 0.98870000
vt 0.02200000 0.95310000
vt 0.02200000 0.95540000
vt 0.02200000 0.94660000
vt 0.17970000 0.98870000
vt 0.34920000 0.98870000
vt 0.01070000 0.98870000
vt 0.68760000 0.98870000
vt 0.01070000 0.98870000
vt 0.68760000 0.98870000
vt 0.34920000 0.98870000
vt 0.19150000 0.92530000
vt 0.18560000 0.92530000
vt 0.35480000 0.92530000
vt 0.34920000 0.92530000
vt 0.17970000 0.92530000
vt 0.02200000 0.92530000
vt 0.01640000 0.92530000
vt 0.52400000 0.92530000
vt 0.51810000 0.92530000
vt 0.36040000 0.92530000
vt 0.35480000 0.92530000
vt 0.52990000 0.92530000
vt 0.68760000 0.92530000
vt 0.01070000 0.92530000
vt 0.52400000 0.92530000
vt 0.51810000 0.92530000
vt 0.36040000 0.92530000
vt 0.52990000 0.92530000
vt 0.01640000 0.92530000
vt 0.01070000 0.92530000
vt 0.68760000 0.92530000
vt 0.19150000 0.92530000
vt 0.18560000 0.92530000
vt 0.34920000 0.92530000
vt 0.17970000 0.92530000
vt 0.02200000 0.92530000
vt 0.17540000 0.02210000
vt 0.16750000 0.02220000
vt 0.16420000 0.01430000
vt 0.71680000 0.27510000
vt 0.71680000 0.27900000
vt 0.17240000 0.01430000
vt 0.17800000 0.02870000
vt 0.17020000 0.02870000
vt 0.18530000 0.04770000
vt 0.17810000 0.04780000
vt 0.37280000 0.01420000
vt 0.71680000 0.50630000
vt 0.36980000 0.02200000
vt 0.36730000 0.02860000
vt 0.36000000 0.04770000
vt 0.38080000 0.01420000
vt 0.71680000 0.51000000
vt 0.37750000 0.02200000
vt 0.37480000 0.02860000
vt 0.36690000 0.04770000
vt 0.16180000 0.02780000
vt 0.71680000 0.27120000
vt 0.15840000 0.02010000
vt 0.16470000 0.03420000
vt 0.17300000 0.05280000
vt 0.01680000 0.16200000
vt 0.71680000 0.04390000
vt 0.02450000 0.16540000
vt 0.03090000 0.16820000
vt 0.71680000 0.03990000
vt 0.01120000 0.16760000
vt 0.01900000 0.17080000
vt 0.02560000 0.17350000
vt 0.04470000 0.18140000
vt 0.04950000 0.17650000
vt 0.01130000 0.38410000
vt 0.71680000 0.74470000
vt 0.01920000 0.38090000
vt 0.02480000 0.38650000
vt 0.01710000 0.39000000
vt 0.71680000 0.74080000
vt 0.02580000 0.37810000
vt 0.03120000 0.38370000
vt 0.04480000 0.37020000
vt 0.04980000 0.37530000
vt 0.71680000 0.51370000
vt 0.15900000 0.53150000
vt 0.16240000 0.52390000
vt 0.16530000 0.51740000
vt 0.16780000 0.52930000
vt 0.16460000 0.53710000
vt 0.71680000 0.51000000
vt 0.17050000 0.52270000
vt 0.17350000 0.49880000
vt 0.17840000 0.50370000
vt 0.01910000 0.37290000
vt 0.01130000 0.37590000
vt 0.71680000 0.74860000
vt 0.02570000 0.37040000
vt 0.04470000 0.36310000
vt 0.71680000 0.97580000
vt 0.01120000 0.17140000
vt 0.71680000 0.03590000
vt 0.01900000 0.17460000
vt 0.02560000 0.17720000
vt 0.04470000 0.18730000
vt 0.53400000 0.16720000
vt 0.71680000 0.74470000
vt 0.52620000 0.17040000
vt 0.52060000 0.16480000
vt 0.71680000 0.74080000
vt 0.52820000 0.16130000
vt 0.51960000 0.17320000
vt 0.51410000 0.16770000
vt 0.50060000 0.18110000
vt 0.49550000 0.17600000
vt 0.71680000 0.51370000
vt 0.38640000 0.01980000
vt 0.38300000 0.02750000
vt 0.38010000 0.03390000
vt 0.37180000 0.05250000
vt 0.52620000 0.17840000
vt 0.53410000 0.17540000
vt 0.71680000 0.74860000
vt 0.51960000 0.18100000
vt 0.50060000 0.18830000
vt 0.53410000 0.37580000
vt 0.71680000 0.97580000
vt 0.71680000 0.03590000
vt 0.52630000 0.37280000
vt 0.51970000 0.37030000
vt 0.53410000 0.38380000
vt 0.71680000 0.03990000
vt 0.52630000 0.38050000
vt 0.51970000 0.37780000
vt 0.50070000 0.36990000
vt 0.50070000 0.36300000
vt 0.36990000 0.52920000
vt 0.37790000 0.52920000
vt 0.38110000 0.53700000
vt 0.71680000 0.27510000
vt 0.71680000 0.27900000
vt 0.37290000 0.53710000
vt 0.36740000 0.52260000
vt 0.37520000 0.52260000
vt 0.36010000 0.50360000
vt 0.36730000 0.50360000
vt 0.71680000 0.50630000
vt 0.17250000 0.53710000
vt 0.17550000 0.52930000
vt 0.17800000 0.52270000
vt 0.18530000 0.50370000
vt 0.38360000 0.52350000
vt 0.38700000 0.53120000
vt 0.71680000 0.27120000
vt 0.38070000 0.51710000
vt 0.37240000 0.49850000
vt 0.71680000 0.04390000
vt 0.52860000 0.38940000
vt 0.52090000 0.38590000
vt 0.51440000 0.38310000
vt 0.49580000 0.37480000
vt 0.19530000 0.07380000
vt 0.18890000 0.07390000
vt 0.20130000 0.08950000
vt 0.20470000 0.09830000
vt 0.19910000 0.09830000
vt 0.19540000 0.08960000
vt 0.21130000 0.11550000
vt 0.22100000 0.14090000
vt 0.21680000 0.14090000
vt 0.20620000 0.11550000
vt 0.22240000 0.14450000
vt 0.21830000 0.14460000
vt 0.20520000 0.09970000
vt 0.20670000 0.10370000
vt 0.20130000 0.10370000
vt 0.19970000 0.09970000
vt 0.19880000 0.08310000
vt 0.19280000 0.08320000
vt 0.19190000 0.08100000
vt 0.19800000 0.08100000
vt 0.35000000 0.07380000
vt 0.33400000 0.11550000
vt 0.32430000 0.14090000
vt 0.32290000 0.14450000
vt 0.34640000 0.08310000
vt 0.34400000 0.08950000
vt 0.35610000 0.07380000
vt 0.34600000 0.09830000
vt 0.34060000 0.09830000
vt 0.34960000 0.08950000
vt 0.32840000 0.14090000
vt 0.33890000 0.11550000
vt 0.32690000 0.14450000
vt 0.34380000 0.10360000
vt 0.33860000 0.10360000
vt 0.34010000 0.09970000
vt 0.34540000 0.09970000
vt 0.35230000 0.08310000
vt 0.35320000 0.08090000
vt 0.34730000 0.08090000
vt 0.18440000 0.07830000
vt 0.19510000 0.10230000
vt 0.19130000 0.09370000
vt 0.21370000 0.14390000
vt 0.20260000 0.11910000
vt 0.21530000 0.14750000
vt 0.19750000 0.10750000
vt 0.19570000 0.10360000
vt 0.18850000 0.08740000
vt 0.18750000 0.08530000
vt 0.07510000 0.18790000
vt 0.14080000 0.21710000
vt 0.11590000 0.20600000
vt 0.14430000 0.21860000
vt 0.09050000 0.19470000
vt 0.08420000 0.19190000
vt 0.07080000 0.19220000
vt 0.09910000 0.19850000
vt 0.09530000 0.20230000
vt 0.08650000 0.19870000
vt 0.13790000 0.21990000
vt 0.11250000 0.20940000
vt 0.14150000 0.22140000
vt 0.10040000 0.19910000
vt 0.10430000 0.20080000
vt 0.10060000 0.20450000
vt 0.09670000 0.20290000
vt 0.08010000 0.19610000
vt 0.07790000 0.19520000
vt 0.08210000 0.19100000
vt 0.07090000 0.35940000
vt 0.07530000 0.36390000
vt 0.09540000 0.34930000
vt 0.09930000 0.35320000
vt 0.09070000 0.35700000
vt 0.08660000 0.35290000
vt 0.13790000 0.33160000
vt 0.14090000 0.33460000
vt 0.11610000 0.34570000
vt 0.11260000 0.34210000
vt 0.14160000 0.33010000
vt 0.14450000 0.33300000
vt 0.10070000 0.34700000
vt 0.10450000 0.35090000
vt 0.10070000 0.35260000
vt 0.09680000 0.34870000
vt 0.08450000 0.35980000
vt 0.08020000 0.35550000
vt 0.07800000 0.35640000
vt 0.08230000 0.36080000
vt 0.18490000 0.47320000
vt 0.21410000 0.40760000
vt 0.20300000 0.43240000
vt 0.21560000 0.40400000
vt 0.19170000 0.45790000
vt 0.18890000 0.46410000
vt 0.18920000 0.47760000
vt 0.19550000 0.44930000
vt 0.19930000 0.45310000
vt 0.19570000 0.46180000
vt 0.21690000 0.41050000
vt 0.20640000 0.43590000
vt 0.21840000 0.40680000
vt 0.19610000 0.44790000
vt 0.19790000 0.44400000
vt 0.20150000 0.44770000
vt 0.19990000 0.45170000
vt 0.19310000 0.46820000
vt 0.19220000 0.47040000
vt 0.18800000 0.46620000
vt 0.07080000 0.35310000
vt 0.08660000 0.34700000
vt 0.09530000 0.34370000
vt 0.11250000 0.33710000
vt 0.13790000 0.32730000
vt 0.14150000 0.32590000
vt 0.09670000 0.34310000
vt 0.10070000 0.34160000
vt 0.08020000 0.34950000
vt 0.07800000 0.35030000
vt 0.07080000 0.19830000
vt 0.11250000 0.21430000
vt 0.13790000 0.22400000
vt 0.14150000 0.22540000
vt 0.08010000 0.20190000
vt 0.08650000 0.20430000
vt 0.09530000 0.20770000
vt 0.10060000 0.20970000
vt 0.09670000 0.20820000
vt 0.07790000 0.20110000
vt 0.47450000 0.19190000
vt 0.47000000 0.18740000
vt 0.45000000 0.20210000
vt 0.44610000 0.19810000
vt 0.45460000 0.19430000
vt 0.45880000 0.19840000
vt 0.40740000 0.21970000
vt 0.40440000 0.21670000
vt 0.42920000 0.20560000
vt 0.43280000 0.20920000
vt 0.40380000 0.22120000
vt 0.40090000 0.21830000
vt 0.44460000 0.20430000
vt 0.44080000 0.20040000
vt 0.44470000 0.19870000
vt 0.44860000 0.20260000
vt 0.46090000 0.19150000
vt 0.46520000 0.19580000
vt 0.46730000 0.19490000
vt 0.46300000 0.19050000
vt 0.36050000 0.07810000
vt 0.33130000 0.14370000
vt 0.34230000 0.11890000
vt 0.32970000 0.14730000
vt 0.35360000 0.09350000
vt 0.35640000 0.08720000
vt 0.34980000 0.10210000
vt 0.34920000 0.10340000
vt 0.34750000 0.10730000
vt 0.35730000 0.08510000
vt 0.47450000 0.19830000
vt 0.45880000 0.20430000
vt 0.45000000 0.20760000
vt 0.43280000 0.21430000
vt 0.40740000 0.22400000
vt 0.40380000 0.22540000
vt 0.44860000 0.20820000
vt 0.44470000 0.20970000
vt 0.46520000 0.20180000
vt 0.46730000 0.20100000
vt 0.47460000 0.35300000
vt 0.43290000 0.33700000
vt 0.40750000 0.32730000
vt 0.40380000 0.32590000
vt 0.46520000 0.34940000
vt 0.45880000 0.34700000
vt 0.47460000 0.35910000
vt 0.45010000 0.34900000
vt 0.45010000 0.34360000
vt 0.45880000 0.35260000
vt 0.40750000 0.33140000
vt 0.43290000 0.34190000
vt 0.40380000 0.32990000
vt 0.44470000 0.34680000
vt 0.44470000 0.34160000
vt 0.44870000 0.34310000
vt 0.44870000 0.34840000
vt 0.46520000 0.35530000
vt 0.46740000 0.35620000
vt 0.46740000 0.35030000
vt 0.35010000 0.47750000
vt 0.35640000 0.47750000
vt 0.34410000 0.46180000
vt 0.34070000 0.45300000
vt 0.34630000 0.45300000
vt 0.34990000 0.46170000
vt 0.33410000 0.43580000
vt 0.32430000 0.41040000
vt 0.32860000 0.41040000
vt 0.33910000 0.43580000
vt 0.32290000 0.40680000
vt 0.32710000 0.40680000
vt 0.34010000 0.45160000
vt 0.33860000 0.44770000
vt 0.34400000 0.44760000
vt 0.34570000 0.45160000
vt 0.34650000 0.46820000
vt 0.35260000 0.46810000
vt 0.35350000 0.47030000
vt 0.34730000 0.47030000
vt 0.19530000 0.47760000
vt 0.21130000 0.43590000
vt 0.22100000 0.41050000
vt 0.22240000 0.40680000
vt 0.19890000 0.46820000
vt 0.20130000 0.46180000
vt 0.20470000 0.45310000
vt 0.20680000 0.44770000
vt 0.20520000 0.45170000
vt 0.19810000 0.47040000
vt 0.36090000 0.47300000
vt 0.35020000 0.44910000
vt 0.35410000 0.45760000
vt 0.33160000 0.40740000
vt 0.34270000 0.43220000
vt 0.33000000 0.40390000
vt 0.34790000 0.44380000
vt 0.34960000 0.44770000
vt 0.35690000 0.46390000
vt 0.35780000 0.46600000
vt 0.47020000 0.36340000
vt 0.40460000 0.33430000
vt 0.42940000 0.34530000
vt 0.40100000 0.33270000
vt 0.45490000 0.35660000
vt 0.46110000 0.35940000
vt 0.44630000 0.35280000
vt 0.44490000 0.35220000
vt 0.44100000 0.35050000
vt 0.46320000 0.36030000
vt 0.15340000 0.22640000
vt 0.27490000 0.27960000
vt 0.15350000 0.32500000
vt 0.21930000 0.14710000
vt 0.56560000 0.14770000
vt 0.56560000 0.15220000
vt 0.22340000 0.14710000
vt 0.56560000 0.27500000
vt 0.32200000 0.14700000
vt 0.56560000 0.27940000
vt 0.32580000 0.14700000
vt 0.32860000 0.14980000
vt 0.56560000 0.28380000
vt 0.39840000 0.21940000
vt 0.56560000 0.40660000
vt 0.56560000 0.41120000
vt 0.40120000 0.22230000
vt 0.40130000 0.22640000
vt 0.56560000 0.41580000
vt 0.40130000 0.32490000
vt 0.56560000 0.01150000
vt 0.56560000 0.53860000
vt 0.40130000 0.32880000
vt 0.56560000 0.01590000
vt 0.39850000 0.33160000
vt 0.56560000 0.02030000
vt 0.56560000 0.14310000
vt 0.32890000 0.40140000
vt 0.32600000 0.40420000
vt 0.56560000 0.14770000
vt 0.32200000 0.40420000
vt 0.56560000 0.15220000
vt 0.22340000 0.40430000
vt 0.56560000 0.27500000
vt 0.21950000 0.40430000
vt 0.56560000 0.27940000
vt 0.21670000 0.40150000
vt 0.56560000 0.28380000
vt 0.56560000 0.40660000
vt 0.14700000 0.33190000
vt 0.14410000 0.32900000
vt 0.56560000 0.41120000
vt 0.14410000 0.32500000
vt 0.56560000 0.41580000
vt 0.14400000 0.22640000
vt 0.56560000 0.01150000
vt 0.56560000 0.53860000
vt 0.56560000 0.01590000
vt 0.14400000 0.22250000
vt 0.56560000 0.02030000
vt 0.14680000 0.21970000
vt 0.56560000 0.14310000
vt 0.21640000 0.15000000
vt 0.22100000 0.15160000
vt 0.67230000 0.14770000
vt 0.22490000 0.15160000
vt 0.67230000 0.15220000
vt 0.32010000 0.15150000
vt 0.67230000 0.27500000
vt 0.32380000 0.15150000
vt 0.67230000 0.27940000
vt 0.67230000 0.28380000
vt 0.32650000 0.15420000
vt 0.67230000 0.40660000
vt 0.39380000 0.22140000
vt 0.39660000 0.22420000
vt 0.67230000 0.41120000
vt 0.39660000 0.22810000
vt 0.67230000 0.41580000
vt 0.67230000 0.01150000
vt 0.67230000 0.53860000
vt 0.39660000 0.32320000
vt 0.67230000 0.01590000
vt 0.39660000 0.32700000
vt 0.67230000 0.02030000
vt 0.39400000 0.32960000
vt 0.67230000 0.14310000
vt 0.32680000 0.39700000
vt 0.67230000 0.14770000
vt 0.32400000 0.39970000
vt 0.32010000 0.39980000
vt 0.67230000 0.15220000
vt 0.67230000 0.27500000
vt 0.22490000 0.39980000
vt 0.67230000 0.27940000
vt 0.22120000 0.39980000
vt 0.67230000 0.28380000
vt 0.21850000 0.39720000
vt 0.67230000 0.40660000
vt 0.15120000 0.32990000
vt 0.67230000 0.41120000
vt 0.14840000 0.32720000
vt 0.67230000 0.41580000
vt 0.14840000 0.32320000
vt 0.67230000 0.53860000
vt 0.67230000 0.01150000
vt 0.14830000 0.22810000
vt 0.67230000 0.01590000
vt 0.14830000 0.22430000
vt 0.67230000 0.02030000
vt 0.15100000 0.22170000
vt 0.21820000 0.15430000
vt 0.67230000 0.14310000
vt 0.22150000 0.15290000
vt 0.22540000 0.15280000
vt 0.31960000 0.15280000
vt 0.32330000 0.15280000
vt 0.32590000 0.15540000
vt 0.39260000 0.22190000
vt 0.39530000 0.22470000
vt 0.39530000 0.22860000
vt 0.39530000 0.32270000
vt 0.39530000 0.32640000
vt 0.39270000 0.32910000
vt 0.32620000 0.39570000
vt 0.32330000 0.39850000
vt 0.31960000 0.39850000
vt 0.22540000 0.39850000
vt 0.22170000 0.39850000
vt 0.21910000 0.39590000
vt 0.15240000 0.32940000
vt 0.14970000 0.32660000
vt 0.14970000 0.32270000
vt 0.14960000 0.22860000
vt 0.14960000 0.22490000
vt 0.15230000 0.22220000
vt 0.21880000 0.15560000
vt 0.32170000 0.15660000
vt 0.39150000 0.22630000
vt 0.39160000 0.32530000
vt 0.32190000 0.39460000
vt 0.22330000 0.39470000
vt 0.22310000 0.15670000
vt 0.94920000 0.50620000
vt 0.92410000 0.50620000
vt 0.92410000 0.27890000
vt 0.94920000 0.27900000
vt 0.90970000 0.27890000
vt 0.90970000 0.50620000
vt 0.89610000 0.50620000
vt 0.89610000 0.27890000
vt 0.84390000 0.27900000
vt 0.84390000 0.50630000
vt 0.91680000 0.50620000
vt 0.91680000 0.27890000
vt 0.86170000 0.50630000
vt 0.86170000 0.27900000
vt 0.87500000 0.27900000
vt 0.87500000 0.50620000
vt 0.99260000 0.27900000
vt 0.99260000 0.50630000
vt 0.85160000 0.50630000
vt 0.85160000 0.27900000
vt 0.99260000 0.51000000
vt 0.94920000 0.51000000
vt 0.92410000 0.51000000
vt 0.89610000 0.51000000
vt 0.90970000 0.51000000
vt 0.86170000 0.51000000
vt 0.85160000 0.51000000
vt 0.91680000 0.51000000
vt 0.84390000 0.51000000
vt 0.87500000 0.51000000
vt 0.99260000 0.27510000
vt 0.94920000 0.27510000
vt 0.92410000 0.27510000
vt 0.89610000 0.27510000
vt 0.90970000 0.27510000
vt 0.85160000 0.27510000
vt 0.86170000 0.27510000
vt 0.91680000 0.27510000
vt 0.84390000 0.27510000
vt 0.87500000 0.27510000
vt 0.92410000 0.27120000
vt 0.92410000 0.04390000
vt 0.94920000 0.04390000
vt 0.94920000 0.27120000
vt 0.89610000 0.04390000
vt 0.90970000 0.04390000
vt 0.90970000 0.27120000
vt 0.89610000 0.27120000
vt 0.84390000 0.04390000
vt 0.84390000 0.27120000
vt 0.91680000 0.27120000
vt 0.91680000 0.04390000
vt 0.87500000 0.27120000
vt 0.86170000 0.27120000
vt 0.86170000 0.04390000
vt 0.87500000 0.04390000
vt 0.99260000 0.04390000
vt 0.99260000 0.27120000
vt 0.85160000 0.04390000
vt 0.85160000 0.27120000
vt 0.94920000 0.03990000
vt 0.99260000 0.03990000
vt 0.92410000 0.03990000
vt 0.89610000 0.03990000
vt 0.90970000 0.03990000
vt 0.85160000 0.03990000
vt 0.86170000 0.03990000
vt 0.91680000 0.03990000
vt 0.84390000 0.03990000
vt 0.87500000 0.03990000
vt 0.92410000 0.74090000
vt 0.92410000 0.51370000
vt 0.94920000 0.51370000
vt 0.94920000 0.74090000
vt 0.89610000 0.51370000
vt 0.90970000 0.51370000
vt 0.90970000 0.74090000
vt 0.89610000 0.74090000
vt 0.84390000 0.51370000
vt 0.84390000 0.74080000
vt 0.91680000 0.74090000
vt 0.91680000 0.51370000
vt 0.87500000 0.74090000
vt 0.86170000 0.74080000
vt 0.86170000 0.51370000
vt 0.87500000 0.51370000
vt 0.99260000 0.51370000
vt 0.99260000 0.74080000
vt 0.85160000 0.51370000
vt 0.85160000 0.74080000
vt 0.99260000 0.51000000
vt 0.94920000 0.51000000
vt 0.92410000 0.51000000
vt 0.89610000 0.51000000
vt 0.90970000 0.51000000
vt 0.85160000 0.51000000
vt 0.86170000 0.51000000
vt 0.91680000 0.51000000
vt 0.84390000 0.51000000
vt 0.87500000 0.51000000
vt 0.99260000 0.74470000
vt 0.94920000 0.74480000
vt 0.92410000 0.74480000
vt 0.90970000 0.74480000
vt 0.89610000 0.74480000
vt 0.86170000 0.74470000
vt 0.85160000 0.74470000
vt 0.91680000 0.74480000
vt 0.84390000 0.74470000
vt 0.87500000 0.74480000
vt 0.94920000 0.97580000
vt 0.94920000 0.03590000
vt 0.92410000 0.97580000
vt 0.92410000 0.03590000
vt 0.92410000 0.74870000
vt 0.94920000 0.74860000
vt 0.90970000 0.74870000
vt 0.90970000 0.97580000
vt 0.90970000 0.03590000
vt 0.89610000 0.97580000
vt 0.89610000 0.03590000
vt 0.89610000 0.74870000
vt 0.84390000 0.74860000
vt 0.84390000 0.97580000
vt 0.84390000 0.03590000
vt 0.91680000 0.97580000
vt 0.91680000 0.03590000
vt 0.91680000 0.74870000
vt 0.86170000 0.97580000
vt 0.86170000 0.03590000
vt 0.86170000 0.74860000
vt 0.87500000 0.74860000
vt 0.87500000 0.03590000
vt 0.87500000 0.97580000
vt 0.99260000 0.74860000
vt 0.99260000 0.03590000
vt 0.99260000 0.97580000
vt 0.85160000 0.97580000
vt 0.85160000 0.03590000
vt 0.85160000 0.74860000
vt 0.92410000 0.74090000
vt 0.92410000 0.51370000
vt 0.94920000 0.51370000
vt 0.94920000 0.74090000
vt 0.89610000 0.51370000
vt 0.90970000 0.51370000
vt 0.90970000 0.74090000
vt 0.89610000 0.74090000
vt 0.84390000 0.51370000
vt 0.84390000 0.74080000
vt 0.91680000 0.74090000
vt 0.91680000 0.51370000
vt 0.87500000 0.74090000
vt 0.86170000 0.74080000
vt 0.86170000 0.51370000
vt 0.87500000 0.51370000
vt 0.99260000 0.51370000
vt 0.99260000 0.74080000
vt 0.85160000 0.51370000
vt 0.85160000 0.74080000
vt 0.99260000 0.74470000
vt 0.94920000 0.74480000
vt 0.92410000 0.74480000
vt 0.90970000 0.74480000
vt 0.89610000 0.74480000
vt 0.86170000 0.74470000
vt 0.85160000 0.74470000
vt 0.91680000 0.74480000
vt 0.84390000 0.74470000
vt 0.87500000 0.74480000
vt 0.94920000 0.03590000
vt 0.94920000 0.97580000
vt 0.92410000 0.03590000
vt 0.92410000 0.97580000
vt 0.92410000 0.74870000
vt 0.94920000 0.74860000
vt 0.90970000 0.74870000
vt 0.90970000 0.97580000
vt 0.90970000 0.03590000
vt 0.89610000 0.03590000
vt 0.89610000 0.97580000
vt 0.89610000 0.74870000
vt 0.84390000 0.74860000
vt 0.84390000 0.03590000
vt 0.84390000 0.97580000
vt 0.91680000 0.03590000
vt 0.91680000 0.97580000
vt 0.91680000 0.74870000
vt 0.86170000 0.03590000
vt 0.86170000 0.97580000
vt 0.86170000 0.74860000
vt 0.87500000 0.74860000
vt 0.87500000 0.03590000
vt 0.87500000 0.97580000
vt 0.99260000 0.74860000
vt 0.99260000 0.03590000
vt 0.99260000 0.97580000
vt 0.85160000 0.03590000
vt 0.85160000 0.97580000
vt 0.85160000 0.74860000
vt 0.99260000 0.03990000
vt 0.94920000 0.03990000
vt 0.92410000 0.03990000
vt 0.89610000 0.03990000
vt 0.90970000 0.03990000
vt 0.86170000 0.03990000
vt 0.85160000 0.03990000
vt 0.91680000 0.03990000
vt 0.84390000 0.03990000
vt 0.87500000 0.03990000
vt 0.94920000 0.50620000
vt 0.92410000 0.50620000
vt 0.92410000 0.27890000
vt 0.94920000 0.27900000
vt 0.90970000 0.27890000
vt 0.90970000 0.50620000
vt 0.89610000 0.50620000
vt 0.89610000 0.27890000
vt 0.84390000 0.27900000
vt 0.84390000 0.50630000
vt 0.91680000 0.50620000
vt 0.91680000 0.27890000
vt 0.86170000 0.50630000
vt 0.86170000 0.27900000
vt 0.87500000 0.27900000
vt 0.87500000 0.50620000
vt 0.99260000 0.27900000
vt 0.99260000 0.50630000
vt 0.85160000 0.50630000
vt 0.85160000 0.27900000
vt 0.99260000 0.27510000
vt 0.94920000 0.27510000
vt 0.92410000 0.27510000
vt 0.89610000 0.27510000
vt 0.90970000 0.27510000
vt 0.85160000 0.27510000
vt 0.86170000 0.27510000
vt 0.91680000 0.27510000
vt 0.84390000 0.27510000
vt 0.87500000 0.27510000
vt 0.92410000 0.27120000
vt 0.92410000 0.04390000
vt 0.94920000 0.04390000
vt 0.94920000 0.27120000
vt 0.89610000 0.04390000
vt 0.90970000 0.04390000
vt 0.90970000 0.27120000
vt 0.89610000 0.27120000
vt 0.84390000 0.04390000
vt 0.84390000 0.27120000
vt 0.91680000 0.27120000
vt 0.91680000 0.04390000
vt 0.87500000 0.27120000
vt 0.86170000 0.27120000
vt 0.86170000 0.04390000
vt 0.87500000 0.04390000
vt 0.99260000 0.04390000
vt 0.99260000 0.27120000
vt 0.85160000 0.04390000
vt 0.85160000 0.27120000
vt 0.19150000 0.69820000
vt 0.18560000 0.69820000
vt 0.18560000 0.54920000
vt 0.19150000 0.54920000
vt 0.19150000 0.70680000
vt 0.19150000 0.71220000
vt 0.18560000 0.71220000
vt 0.18560000 0.70680000
vt 0.19150000 0.76430000
vt 0.18560000 0.76430000
vt 0.18560000 0.75840000
vt 0.19150000 0.75840000
vt 0.19150000 0.79050000
vt 0.18560000 0.79050000
vt 0.19150000 0.80220000
vt 0.18560000 0.80220000
vt 0.18560000 0.79210000
vt 0.19150000 0.79210000
vt 0.19150000 0.82010000
vt 0.19150000 0.83710000
vt 0.18560000 0.83710000
vt 0.18560000 0.82010000
vt 0.19150000 0.85680000
vt 0.18560000 0.85680000
vt 0.18560000 0.86280000
vt 0.19150000 0.86280000
vt 0.19150000 0.90450000
vt 0.18560000 0.90450000
vt 0.19150000 0.91240000
vt 0.18560000 0.91240000
vt 0.19150000 0.75160000
vt 0.18560000 0.75160000
vt 0.18560000 0.97590000
vt 0.19150000 0.97590000
vt 0.19150000 0.98870000
vt 0.18560000 0.98870000
vt 0.18560000 0.95310000
vt 0.19150000 0.95310000
vt 0.19150000 0.95540000
vt 0.18560000 0.95540000
vt 0.18560000 0.94660000
vt 0.19150000 0.94660000
vt 0.34920000 0.54920000
vt 0.34920000 0.69820000
vt 0.34920000 0.70680000
vt 0.34920000 0.71220000
vt 0.34920000 0.75840000
vt 0.34920000 0.76430000
vt 0.34920000 0.79050000
vt 0.34920000 0.79210000
vt 0.34920000 0.80220000
vt 0.34920000 0.82010000
vt 0.34920000 0.83710000
vt 0.34920000 0.85680000
vt 0.34920000 0.86280000
vt 0.34920000 0.90450000
vt 0.34920000 0.91240000
vt 0.35480000 0.54920000
vt 0.35480000 0.69820000
vt 0.35480000 0.71220000
vt 0.35480000 0.70680000
vt 0.35480000 0.75840000
vt 0.35480000 0.76430000
vt 0.35480000 0.79050000
vt 0.35480000 0.79210000
vt 0.35480000 0.80220000
vt 0.35480000 0.83710000
vt 0.35480000 0.82010000
vt 0.35480000 0.85680000
vt 0.35480000 0.86280000
vt 0.35480000 0.90450000
vt 0.35480000 0.91240000
vt 0.35480000 0.75160000
vt 0.34920000 0.75160000
vt 0.34920000 0.97590000
vt 0.34920000 0.95540000
vt 0.35480000 0.95540000
vt 0.35480000 0.97590000
vt 0.35480000 0.95310000
vt 0.34920000 0.95310000
vt 0.35480000 0.94660000
vt 0.34920000 0.94660000
vt 0.17970000 0.69820000
vt 0.17970000 0.54920000
vt 0.17970000 0.71220000
vt 0.17970000 0.70680000
vt 0.17970000 0.76430000
vt 0.17970000 0.75840000
vt 0.17970000 0.79050000
vt 0.17970000 0.80220000
vt 0.17970000 0.79210000
vt 0.17970000 0.83710000
vt 0.17970000 0.82010000
vt 0.17970000 0.85680000
vt 0.17970000 0.90450000
vt 0.17970000 0.86280000
vt 0.17970000 0.91240000
vt 0.17970000 0.75160000
vt 0.17970000 0.97590000
vt 0.17970000 0.95540000
vt 0.17970000 0.95310000
vt 0.17970000 0.94660000
vt 0.02200000 0.54920000
vt 0.02200000 0.69820000
vt 0.02200000 0.70680000
vt 0.02200000 0.71220000
vt 0.02200000 0.75840000
vt 0.02200000 0.76430000
vt 0.02200000 0.79050000
vt 0.02200000 0.79210000
vt 0.02200000 0.80220000
vt 0.02200000 0.82010000
vt 0.02200000 0.83710000
vt 0.02200000 0.85680000
vt 0.02200000 0.86280000
vt 0.02200000 0.90450000
vt 0.02200000 0.91240000
vt 0.01640000 0.69820000
vt 0.01640000 0.54920000
vt 0.01640000 0.71220000
vt 0.01640000 0.70680000
vt 0.01640000 0.76430000
vt 0.01640000 0.75840000
vt 0.01640000 0.79050000
vt 0.01640000 0.80220000
vt 0.01640000 0.79210000
vt 0.01640000 0.83710000
vt 0.01640000 0.82010000
vt 0.01640000 0.85680000
vt 0.01640000 0.86280000
vt 0.01640000 0.90450000
vt 0.01640000 0.91240000
vt 0.02200000 0.75160000
vt 0.01640000 0.75160000
vt 0.01640000 0.97590000
vt 0.02200000 0.97590000
vt 0.02200000 0.98870000
vt 0.01640000 0.98870000
vt 0.01640000 0.95310000
vt 0.02200000 0.95310000
vt 0.02200000 0.95540000
vt 0.01640000 0.95540000
vt 0.01640000 0.94660000
vt 0.02200000 0.94660000
vt 0.17970000 0.98870000
vt 0.51810000 0.69820000
vt 0.51810000 0.54920000
vt 0.52400000 0.54920000
vt 0.52400000 0.69820000
vt 0.52400000 0.71220000
vt 0.51810000 0.71220000
vt 0.51810000 0.70680000
vt 0.52400000 0.70680000
vt 0.51810000 0.76430000
vt 0.51810000 0.75840000
vt 0.52400000 0.75840000
vt 0.52400000 0.76430000
vt 0.52400000 0.79050000
vt 0.51810000 0.79050000
vt 0.51810000 0.80220000
vt 0.51810000 0.79210000
vt 0.52400000 0.79210000
vt 0.52400000 0.80220000
vt 0.52400000 0.83710000
vt 0.51810000 0.83710000
vt 0.51810000 0.82010000
vt 0.52400000 0.82010000
vt 0.52400000 0.85680000
vt 0.51810000 0.85680000
vt 0.52400000 0.86280000
vt 0.52400000 0.90450000
vt 0.51810000 0.90450000
vt 0.51810000 0.86280000
vt 0.52400000 0.91240000
vt 0.51810000 0.91240000
vt 0.52400000 0.75160000
vt 0.51810000 0.75160000
vt 0.51820000 0.97590000
vt 0.51820000 0.95540000
vt 0.52400000 0.95540000
vt 0.52400000 0.97590000
vt 0.52400000 0.95310000
vt 0.51820000 0.95310000
vt 0.52400000 0.94660000
vt 0.51820000 0.94660000
vt 0.36040000 0.54920000
vt 0.36040000 0.69820000
vt 0.36040000 0.70680000
vt 0.36040000 0.71220000
vt 0.36040000 0.75840000
vt 0.36040000 0.76430000
vt 0.36040000 0.79050000
vt 0.36040000 0.79210000
vt 0.36040000 0.80220000
vt 0.36040000 0.82010000
vt 0.36040000 0.83710000
vt 0.36040000 0.85680000
vt 0.36040000 0.86280000
vt 0.36040000 0.90450000
vt 0.36040000 0.91240000
vt 0.35480000 0.69820000
vt 0.35480000 0.54920000
vt 0.35480000 0.71220000
vt 0.35480000 0.70680000
vt 0.35480000 0.76430000
vt 0.35480000 0.75840000
vt 0.35480000 0.79050000
vt 0.35480000 0.80220000
vt 0.35480000 0.79210000
vt 0.35480000 0.83710000
vt 0.35480000 0.82010000
vt 0.35480000 0.85680000
vt 0.35480000 0.86280000
vt 0.35480000 0.90450000
vt 0.35480000 0.91240000
vt 0.36040000 0.75160000
vt 0.35480000 0.75160000
vt 0.35480000 0.97590000
vt 0.36040000 0.97590000
vt 0.36040000 0.98870000
vt 0.35480000 0.98870000
vt 0.35480000 0.95310000
vt 0.36040000 0.95310000
vt 0.36040000 0.95540000
vt 0.35480000 0.95540000
vt 0.35480000 0.94660000
vt 0.36040000 0.94660000
vt 0.51820000 0.98870000
vt 0.52990000 0.69820000
vt 0.52990000 0.54920000
vt 0.52990000 0.70680000
vt 0.52990000 0.71220000
vt 0.52990000 0.76430000
vt 0.52990000 0.75840000
vt 0.52990000 0.79050000
vt 0.52990000 0.80220000
vt 0.52990000 0.79210000
vt 0.52990000 0.82010000
vt 0.52990000 0.83710000
vt 0.52990000 0.85680000
vt 0.52990000 0.86280000
vt 0.52990000 0.90450000
vt 0.52990000 0.91240000
vt 0.52990000 0.75160000
vt 0.52990000 0.97590000
vt 0.52990000 0.98870000
vt 0.52400000 0.98870000
vt 0.52990000 0.95310000
vt 0.52990000 0.95540000
vt 0.52990000 0.94660000
vt 0.01070000 0.54920000
vt 0.68760000 0.54920000
vt 0.68760000 0.69820000
vt 0.01070000 0.69820000
vt 0.68760000 0.70680000
vt 0.01070000 0.70680000
vt 0.68760000 0.71220000
vt 0.01070000 0.71220000
vt 0.01080000 0.75840000
vt 0.68760000 0.75840000
vt 0.01080000 0.76430000
vt 0.68760000 0.76430000
vt 0.01070000 0.79050000
vt 0.68760000 0.79050000
vt 0.68760000 0.79210000
vt 0.01070000 0.79210000
vt 0.01070000 0.80220000
vt 0.68760000 0.80220000
vt 0.68760000 0.82010000
vt 0.01070000 0.82010000
vt 0.68760000 0.83710000
vt 0.01080000 0.83710000
vt 0.68760000 0.85680000
vt 0.01080000 0.85680000
vt 0.01080000 0.86280000
vt 0.68760000 0.86280000
vt 0.68760000 0.90450000
vt 0.01070000 0.90450000
vt 0.68760000 0.91240000
vt 0.01070000 0.91240000
vt 0.68760000 0.75160000
vt 0.01080000 0.75160000
vt 0.68760000 0.97590000
vt 0.01070000 0.97590000
vt 0.68760000 0.95540000
vt 0.01070000 0.95540000
vt 0.68760000 0.95310000
vt 0.01070000 0.95310000
vt 0.01070000 0.94660000
vt 0.68760000 0.94660000
vt 0.51810000 0.69820000
vt 0.51810000 0.54920000
vt 0.52400000 0.54920000
vt 0.52400000 0.69820000
vt 0.52400000 0.71220000
vt 0.51810000 0.71220000
vt 0.51810000 0.70680000
vt 0.52400000 0.70680000
vt 0.51810000 0.76430000
vt 0.51810000 0.75840000
vt 0.52400000 0.75840000
vt 0.52400000 0.76430000
vt 0.52400000 0.79050000
vt 0.51810000 0.79050000
vt 0.51810000 0.80220000
vt 0.51810000 0.79210000
vt 0.52400000 0.79210000
vt 0.52400000 0.80220000
vt 0.52400000 0.83710000
vt 0.51810000 0.83710000
vt 0.51810000 0.82010000
vt 0.52400000 0.82010000
vt 0.52400000 0.85680000
vt 0.51810000 0.85680000
vt 0.52400000 0.86280000
vt 0.52400000 0.90450000
vt 0.51810000 0.90450000
vt 0.51810000 0.86280000
vt 0.52400000 0.91240000
vt 0.51810000 0.91240000
vt 0.52400000 0.75160000
vt 0.51810000 0.75160000
vt 0.51820000 0.97590000
vt 0.51820000 0.95540000
vt 0.52400000 0.95540000
vt 0.52400000 0.97590000
vt 0.52400000 0.95310000
vt 0.51820000 0.95310000
vt 0.52400000 0.94660000
vt 0.51820000 0.94660000
vt 0.36040000 0.54920000
vt 0.36040000 0.69820000
vt 0.36040000 0.70680000
vt 0.36040000 0.71220000
vt 0.36040000 0.75840000
vt 0.36040000 0.76430000
vt 0.36040000 0.79050000
vt 0.36040000 0.79210000
vt 0.36040000 0.80220000
vt 0.36040000 0.82010000
vt 0.36040000 0.83710000
vt 0.36040000 0.85680000
vt 0.36040000 0.86280000
vt 0.36040000 0.90450000
vt 0.36040000 0.91240000
vt 0.36040000 0.75160000
vt 0.36040000 0.97590000
vt 0.36040000 0.98870000
vt 0.35480000 0.98870000
vt 0.36040000 0.95310000
vt 0.36040000 0.95540000
vt 0.36040000 0.94660000
vt 0.51820000 0.98870000
vt 0.52990000 0.69820000
vt 0.52990000 0.54920000
vt 0.52990000 0.70680000
vt 0.52990000 0.71220000
vt 0.52990000 0.76430000
vt 0.52990000 0.75840000
vt 0.52990000 0.79050000
vt 0.52990000 0.80220000
vt 0.52990000 0.79210000
vt 0.52990000 0.82010000
vt 0.52990000 0.83710000
vt 0.52990000 0.85680000
vt 0.52990000 0.86280000
vt 0.52990000 0.90450000
vt 0.52990000 0.91240000
vt 0.52990000 0.75160000
vt 0.52990000 0.97590000
vt 0.52990000 0.98870000
vt 0.52400000 0.98870000
vt 0.52990000 0.95310000
vt 0.52990000 0.95540000
vt 0.52990000 0.94660000
vt 0.01070000 0.54920000
vt 0.68760000 0.54920000
vt 0.68760000 0.69820000
vt 0.01070000 0.69820000
vt 0.01070000 0.70680000
vt 0.68760000 0.70680000
vt 0.68760000 0.71220000
vt 0.01070000 0.71220000
vt 0.01080000 0.75840000
vt 0.68760000 0.75840000
vt 0.68760000 0.76430000
vt 0.01080000 0.76430000
vt 0.68760000 0.79050000
vt 0.01070000 0.79050000
vt 0.68760000 0.79210000
vt 0.01070000 0.79210000
vt 0.68760000 0.80220000
vt 0.01070000 0.80220000
vt 0.68760000 0.82010000
vt 0.01070000 0.82010000
vt 0.01080000 0.83710000
vt 0.68760000 0.83710000
vt 0.01080000 0.85680000
vt 0.68760000 0.85680000
vt 0.01080000 0.86280000
vt 0.68760000 0.86280000
vt 0.68760000 0.90450000
vt 0.01070000 0.90450000
vt 0.68760000 0.91240000
vt 0.01070000 0.91240000
vt 0.01640000 0.54920000
vt 0.01640000 0.69820000
vt 0.01640000 0.71220000
vt 0.01640000 0.70680000
vt 0.01640000 0.75840000
vt 0.01640000 0.76430000
vt 0.01640000 0.79050000
vt 0.01640000 0.79210000
vt 0.01640000 0.80220000
vt 0.01640000 0.83710000
vt 0.01640000 0.82010000
vt 0.01640000 0.85680000
vt 0.01640000 0.86280000
vt 0.01640000 0.90450000
vt 0.01640000 0.91240000
vt 0.01640000 0.75160000
vt 0.68760000 0.75160000
vt 0.01080000 0.75160000
vt 0.68760000 0.97590000
vt 0.01070000 0.97590000
vt 0.01070000 0.95540000
vt 0.68760000 0.95540000
vt 0.01640000 0.95540000
vt 0.01640000 0.97590000
vt 0.01640000 0.95310000
vt 0.68760000 0.95310000
vt 0.01070000 0.95310000
vt 0.01640000 0.94660000
vt 0.01070000 0.94660000
vt 0.68760000 0.94660000
vt 0.19150000 0.69820000
vt 0.18560000 0.69820000
vt 0.18560000 0.54920000
vt 0.19150000 0.54920000
vt 0.19150000 0.70680000
vt 0.19150000 0.71220000
vt 0.18560000 0.71220000
vt 0.18560000 0.70680000
vt 0.19150000 0.76430000
vt 0.18560000 0.76430000
vt 0.18560000 0.75840000
vt 0.19150000 0.75840000
vt 0.19150000 0.79050000
vt 0.18560000 0.79050000
vt 0.19150000 0.80220000
vt 0.18560000 0.80220000
vt 0.18560000 0.79210000
vt 0.19150000 0.79210000
vt 0.19150000 0.82010000
vt 0.19150000 0.83710000
vt 0.18560000 0.83710000
vt 0.18560000 0.82010000
vt 0.19150000 0.85680000
vt 0.18560000 0.85680000
vt 0.18560000 0.86280000
vt 0.19150000 0.86280000
vt 0.19150000 0.90450000
vt 0.18560000 0.90450000
vt 0.19150000 0.91240000
vt 0.18560000 0.91240000
vt 0.19150000 0.75160000
vt 0.18560000 0.75160000
vt 0.18560000 0.97590000
vt 0.19150000 0.97590000
vt 0.19150000 0.98870000
vt 0.18560000 0.98870000
vt 0.18560000 0.95310000
vt 0.19150000 0.95310000
vt 0.19150000 0.95540000
vt 0.18560000 0.95540000
vt 0.18560000 0.94660000
vt 0.19150000 0.94660000
vt 0.34920000 0.54920000
vt 0.34920000 0.69820000
vt 0.34920000 0.70680000
vt 0.34920000 0.71220000
vt 0.34920000 0.75840000
vt 0.34920000 0.76430000
vt 0.34920000 0.79050000
vt 0.34920000 0.79210000
vt 0.34920000 0.80220000
vt 0.34920000 0.82010000
vt 0.34920000 0.83710000
vt 0.34920000 0.85680000
vt 0.34920000 0.86280000
vt 0.34920000 0.90450000
vt 0.34920000 0.91240000
vt 0.34920000 0.75160000
vt 0.34920000 0.97590000
vt 0.34920000 0.95540000
vt 0.34920000 0.95310000
vt 0.34920000 0.94660000
vt 0.17970000 0.69820000
vt 0.17970000 0.54920000
vt 0.17970000 0.71220000
vt 0.17970000 0.70680000
vt 0.17970000 0.76430000
vt 0.17970000 0.75840000
vt 0.17970000 0.79050000
vt 0.17970000 0.80220000
vt 0.17970000 0.79210000
vt 0.17970000 0.83710000
vt 0.17970000 0.82010000
vt 0.17970000 0.85680000
vt 0.17970000 0.90450000
vt 0.17970000 0.86280000
vt 0.17970000 0.91240000
vt 0.17970000 0.75160000
vt 0.17970000 0.97590000
vt 0.17970000 0.95540000
vt 0.17970000 0.95310000
vt 0.17970000 0.94660000
vt 0.02200000 0.54920000
vt 0.02200000 0.69820000
vt 0.02200000 0.70680000
vt 0.02200000 0.71220000
vt 0.02200000 0.75840000
vt 0.02200000 0.76430000
vt 0.02200000 0.79050000
vt 0.02200000 0.79210000
vt 0.02200000 0.80220000
vt 0.02200000 0.82010000
vt 0.02200000 0.83710000
vt 0.02200000 0.85680000
vt 0.02200000 0.86280000
vt 0.02200000 0.90450000
vt 0.02200000 0.91240000
vt 0.02200000 0.75160000
vt 0.02200000 0.97590000
vt 0.02200000 0.98870000
vt 0.01640000 0.98870000
vt 0.02200000 0.95310000
vt 0.02200000 0.95540000
vt 0.02200000 0.94660000
vt 0.17970000 0.98870000
vt 0.34920000 0.98870000
vt 0.01070000 0.98870000
vt 0.68760000 0.98870000
vt 0.01070000 0.98870000
vt 0.68760000 0.98870000
vt 0.34920000 0.98870000
vt 0.19150000 0.92530000
vt 0.18560000 0.92530000
vt 0.35480000 0.92530000
vt 0.34920000 0.92530000
vt 0.17970000 0.92530000
vt 0.02200000 0.92530000
vt 0.01640000 0.92530000
vt 0.52400000 0.92530000
vt 0.51810000 0.92530000
vt 0.36040000 0.92530000
vt 0.35480000 0.92530000
vt 0.52990000 0.92530000
vt 0.68760000 0.92530000
vt 0.01070000 0.92530000
vt 0.52400000 0.92530000
vt 0.51810000 0.92530000
vt 0.36040000 0.92530000
vt 0.52990000 0.92530000
vt 0.01640000 0.92530000
vt 0.01070000 0.92530000
vt 0.68760000 0.92530000
vt 0.19150000 0.92530000
vt 0.18560000 0.92530000
vt 0.34920000 0.92530000
vt 0.17970000 0.92530000
vt 0.02200000 0.92530000
vt 0.17540000 0.02210000
vt 0.16750000 0.02220000
vt 0.16420000 0.01430000
vt 0.71680000 0.27510000
vt 0.71680000 0.27900000
vt 0.17240000 0.01430000
vt 0.17800000 0.02870000
vt 0.17020000 0.02870000
vt 0.18530000 0.04770000
vt 0.17810000 0.04780000
vt 0.37280000 0.01420000
vt 0.71680000 0.50630000
vt 0.36980000 0.02200000
vt 0.36730000 0.02860000
vt 0.36000000 0.04770000
vt 0.38080000 0.01420000
vt 0.71680000 0.51000000
vt 0.37750000 0.02200000
vt 0.37480000 0.02860000
vt 0.36690000 0.04770000
vt 0.16180000 0.02780000
vt 0.71680000 0.27120000
vt 0.15840000 0.02010000
vt 0.16470000 0.03420000
vt 0.17300000 0.05280000
vt 0.01680000 0.16200000
vt 0.71680000 0.04390000
vt 0.02450000 0.16540000
vt 0.03090000 0.16820000
vt 0.71680000 0.03990000
vt 0.01120000 0.16760000
vt 0.01900000 0.17080000
vt 0.02560000 0.17350000
vt 0.04470000 0.18140000
vt 0.04950000 0.17650000
vt 0.01130000 0.38410000
vt 0.71680000 0.74470000
vt 0.01920000 0.38090000
vt 0.02480000 0.38650000
vt 0.01710000 0.39000000
vt 0.71680000 0.74080000
vt 0.02580000 0.37810000
vt 0.03120000 0.38370000
vt 0.04480000 0.37020000
vt 0.04980000 0.37530000
vt 0.71680000 0.51370000
vt 0.15900000 0.53150000
vt 0.16240000 0.52390000
vt 0.16530000 0.51740000
vt 0.16780000 0.52930000
vt 0.16460000 0.53710000
vt 0.71680000 0.51000000
vt 0.17050000 0.52270000
vt 0.17350000 0.49880000
vt 0.17840000 0.50370000
vt 0.01910000 0.37290000
vt 0.01130000 0.37590000
vt 0.71680000 0.74860000
vt 0.02570000 0.37040000
vt 0.04470000 0.36310000
vt 0.71680000 0.97580000
vt 0.01120000 0.17140000
vt 0.71680000 0.03590000
vt 0.01900000 0.17460000
vt 0.02560000 0.17720000
vt 0.04470000 0.18730000
vt 0.53400000 0.16720000
vt 0.71680000 0.74470000
vt 0.52620000 0.17040000
vt 0.52060000 0.16480000
vt 0.71680000 0.74080000
vt 0.52820000 0.16130000
vt 0.51960000 0.17320000
vt 0.51410000 0.16770000
vt 0.50060000 0.18110000
vt 0.49550000 0.17600000
vt 0.71680000 0.51370000
vt 0.38640000 0.01980000
vt 0.38300000 0.02750000
vt 0.38010000 0.03390000
vt 0.37180000 0.05250000
vt 0.52620000 0.17840000
vt 0.53410000 0.17540000
vt 0.71680000 0.74860000
vt 0.51960000 0.18100000
vt 0.50060000 0.18830000
vt 0.53410000 0.37580000
vt 0.71680000 0.97580000
vt 0.71680000 0.03590000
vt 0.52630000 0.37280000
vt 0.51970000 0.37030000
vt 0.53410000 0.38380000
vt 0.71680000 0.03990000
vt 0.52630000 0.38050000
vt 0.51970000 0.37780000
vt 0.50070000 0.36990000
vt 0.50070000 0.36300000
vt 0.36990000 0.52920000
vt 0.37790000 0.52920000
vt 0.38110000 0.53700000
vt 0.71680000 0.27510000
vt 0.71680000 0.27900000
vt 0.37290000 0.53710000
vt 0.36740000 0.52260000
vt 0.37520000 0.52260000
vt 0.36010000 0.50360000
vt 0.36730000 0.50360000
vt 0.71680000 0.50630000
vt 0.17250000 0.53710000
vt 0.17550000 0.52930000
vt 0.17800000 0.52270000
vt 0.18530000 0.50370000
vt 0.38360000 0.52350000
vt 0.38700000 0.53120000
vt 0.71680000 0.27120000
vt 0.38070000 0.51710000
vt 0.37240000 0.49850000
vt 0.71680000 0.04390000
vt 0.52860000 0.38940000
vt 0.52090000 0.38590000
vt 0.51440000 0.38310000
vt 0.49580000 0.37480000
vt 0.19530000 0.07380000
vt 0.18890000 0.07390000
vt 0.20130000 0.08950000
vt 0.20470000 0.09830000
vt 0.19910000 0.09830000
vt 0.19540000 0.08960000
vt 0.21130000 0.11550000
vt 0.22100000 0.14090000
vt 0.21680000 0.14090000
vt 0.20620000 0.11550000
vt 0.22240000 0.14450000
vt 0.21830000 0.14460000
vt 0.20520000 0.09970000
vt 0.20670000 0.10370000
vt 0.20130000 0.10370000
vt 0.19970000 0.09970000
vt 0.19880000 0.08310000
vt 0.19280000 0.08320000
vt 0.19190000 0.08100000
vt 0.19800000 0.08100000
vt 0.35000000 0.07380000
vt 0.33400000 0.11550000
vt 0.32430000 0.14090000
vt 0.32290000 0.14450000
vt 0.34640000 0.08310000
vt 0.34400000 0.08950000
vt 0.35610000 0.07380000
vt 0.34600000 0.09830000
vt 0.34060000 0.09830000
vt 0.34960000 0.08950000
vt 0.32840000 0.14090000
vt 0.33890000 0.11550000
vt 0.32690000 0.14450000
vt 0.34380000 0.10360000
vt 0.33860000 0.10360000
vt 0.34010000 0.09970000
vt 0.34540000 0.09970000
vt 0.35230000 0.08310000
vt 0.35320000 0.08090000
vt 0.34730000 0.08090000
vt 0.18440000 0.07830000
vt 0.19510000 0.10230000
vt 0.19130000 0.09370000
vt 0.21370000 0.14390000
vt 0.20260000 0.11910000
vt 0.21530000 0.14750000
vt 0.19750000 0.10750000
vt 0.19570000 0.10360000
vt 0.18850000 0.08740000
vt 0.18750000 0.08530000
vt 0.07510000 0.18790000
vt 0.14080000 0.21710000
vt 0.11590000 0.20600000
vt 0.14430000 0.21860000
vt 0.09050000 0.19470000
vt 0.08420000 0.19190000
vt 0.07080000 0.19220000
vt 0.09910000 0.19850000
vt 0.09530000 0.20230000
vt 0.08650000 0.19870000
vt 0.13790000 0.21990000
vt 0.11250000 0.20940000
vt 0.14150000 0.22140000
vt 0.10040000 0.19910000
vt 0.10430000 0.20080000
vt 0.10060000 0.20450000
vt 0.09670000 0.20290000
vt 0.08010000 0.19610000
vt 0.07790000 0.19520000
vt 0.08210000 0.19100000
vt 0.07090000 0.35940000
vt 0.07530000 0.36390000
vt 0.09540000 0.34930000
vt 0.09930000 0.35320000
vt 0.09070000 0.35700000
vt 0.08660000 0.35290000
vt 0.13790000 0.33160000
vt 0.14090000 0.33460000
vt 0.11610000 0.34570000
vt 0.11260000 0.34210000
vt 0.14160000 0.33010000
vt 0.14450000 0.33300000
vt 0.10070000 0.34700000
vt 0.10450000 0.35090000
vt 0.10070000 0.35260000
vt 0.09680000 0.34870000
vt 0.08450000 0.35980000
vt 0.08020000 0.35550000
vt 0.07800000 0.35640000
vt 0.08230000 0.36080000
vt 0.18490000 0.47320000
vt 0.21410000 0.40760000
vt 0.20300000 0.43240000
vt 0.21560000 0.40400000
vt 0.19170000 0.45790000
vt 0.18890000 0.46410000
vt 0.18920000 0.47760000
vt 0.19550000 0.44930000
vt 0.19930000 0.45310000
vt 0.19570000 0.46180000
vt 0.21690000 0.41050000
vt 0.20640000 0.43590000
vt 0.21840000 0.40680000
vt 0.19610000 0.44790000
vt 0.19790000 0.44400000
vt 0.20150000 0.44770000
vt 0.19990000 0.45170000
vt 0.19310000 0.46820000
vt 0.19220000 0.47040000
vt 0.18800000 0.46620000
vt 0.07080000 0.35310000
vt 0.08660000 0.34700000
vt 0.09530000 0.34370000
vt 0.11250000 0.33710000
vt 0.13790000 0.32730000
vt 0.14150000 0.32590000
vt 0.09670000 0.34310000
vt 0.10070000 0.34160000
vt 0.08020000 0.34950000
vt 0.07800000 0.35030000
vt 0.07080000 0.19830000
vt 0.11250000 0.21430000
vt 0.13790000 0.22400000
vt 0.14150000 0.22540000
vt 0.08010000 0.20190000
vt 0.08650000 0.20430000
vt 0.09530000 0.20770000
vt 0.10060000 0.20970000
vt 0.09670000 0.20820000
vt 0.07790000 0.20110000
vt 0.47450000 0.19190000
vt 0.47000000 0.18740000
vt 0.45000000 0.20210000
vt 0.44610000 0.19810000
vt 0.45460000 0.19430000
vt 0.45880000 0.19840000
vt 0.40740000 0.21970000
vt 0.40440000 0.21670000
vt 0.42920000 0.20560000
vt 0.43280000 0.20920000
vt 0.40380000 0.22120000
vt 0.40090000 0.21830000
vt 0.44460000 0.20430000
vt 0.44080000 0.20040000
vt 0.44470000 0.19870000
vt 0.44860000 0.20260000
vt 0.46090000 0.19150000
vt 0.46520000 0.19580000
vt 0.46730000 0.19490000
vt 0.46300000 0.19050000
vt 0.36050000 0.07810000
vt 0.33130000 0.14370000
vt 0.34230000 0.11890000
vt 0.32970000 0.14730000
vt 0.35360000 0.09350000
vt 0.35640000 0.08720000
vt 0.34980000 0.10210000
vt 0.34920000 0.10340000
vt 0.34750000 0.10730000
vt 0.35730000 0.08510000
vt 0.47450000 0.19830000
vt 0.45880000 0.20430000
vt 0.45000000 0.20760000
vt 0.43280000 0.21430000
vt 0.40740000 0.22400000
vt 0.40380000 0.22540000
vt 0.44860000 0.20820000
vt 0.44470000 0.20970000
vt 0.46520000 0.20180000
vt 0.46730000 0.20100000
vt 0.47460000 0.35300000
vt 0.43290000 0.33700000
vt 0.40750000 0.32730000
vt 0.40380000 0.32590000
vt 0.46520000 0.34940000
vt 0.45880000 0.34700000
vt 0.47460000 0.35910000
vt 0.45010000 0.34900000
vt 0.45010000 0.34360000
vt 0.45880000 0.35260000
vt 0.40750000 0.33140000
vt 0.43290000 0.34190000
vt 0.40380000 0.32990000
vt 0.44470000 0.34680000
vt 0.44470000 0.34160000
vt 0.44870000 0.34310000
vt 0.44870000 0.34840000
vt 0.46520000 0.35530000
vt 0.46740000 0.35620000
vt 0.46740000 0.35030000
vt 0.35010000 0.47750000
vt 0.35640000 0.47750000
vt 0.34410000 0.46180000
vt 0.34070000 0.45300000
vt 0.34630000 0.45300000
vt 0.34990000 0.46170000
vt 0.33410000 0.43580000
vt 0.32430000 0.41040000
vt 0.32860000 0.41040000
vt 0.33910000 0.43580000
vt 0.32290000 0.40680000
vt 0.32710000 0.40680000
vt 0.34010000 0.45160000
vt 0.33860000 0.44770000
vt 0.34400000 0.44760000
vt 0.34570000 0.45160000
vt 0.34650000 0.46820000
vt 0.35260000 0.46810000
vt 0.35350000 0.47030000
vt 0.34730000 0.47030000
vt 0.19530000 0.47760000
vt 0.21130000 0.43590000
vt 0.22100000 0.41050000
vt 0.22240000 0.40680000
vt 0.19890000 0.46820000
vt 0.20130000 0.46180000
vt 0.20470000 0.45310000
vt 0.20680000 0.44770000
vt 0.20520000 0.45170000
vt 0.19810000 0.47040000
vt 0.36090000 0.47300000
vt 0.35020000 0.44910000
vt 0.35410000 0.45760000
vt 0.33160000 0.40740000
vt 0.34270000 0.43220000
vt 0.33000000 0.40390000
vt 0.34790000 0.44380000
vt 0.34960000 0.44770000
vt 0.35690000 0.46390000
vt 0.35780000 0.46600000
vt 0.47020000 0.36340000
vt 0.40460000 0.33430000
vt 0.42940000 0.34530000
vt 0.40100000 0.33270000
vt 0.45490000 0.35660000
vt 0.46110000 0.35940000
vt 0.44630000 0.35280000
vt 0.44490000 0.35220000
vt 0.44100000 0.35050000
vt 0.46320000 0.36030000
vt 0.15340000 0.22640000
vt 0.27490000 0.27960000
vt 0.15350000 0.32500000
vt 0.56560000 0.14770000
vt 0.21930000 0.14710000
vt 0.22340000 0.14710000
vt 0.56560000 0.15220000
vt 0.56560000 0.27500000
vt 0.32200000 0.14700000
vt 0.32580000 0.14700000
vt 0.56560000 0.27940000
vt 0.32860000 0.14980000
vt 0.56560000 0.28380000
vt 0.39840000 0.21940000
vt 0.56560000 0.40660000
vt 0.40120000 0.22230000
vt 0.56560000 0.41120000
vt 0.40130000 0.22640000
vt 0.56560000 0.41580000
vt 0.56560000 0.01150000
vt 0.56560000 0.53860000
vt 0.40130000 0.32490000
vt 0.56560000 0.01590000
vt 0.40130000 0.32880000
vt 0.39850000 0.33160000
vt 0.56560000 0.02030000
vt 0.32890000 0.40140000
vt 0.56560000 0.14310000
vt 0.32600000 0.40420000
vt 0.56560000 0.14770000
vt 0.56560000 0.15220000
vt 0.32200000 0.40420000
vt 0.56560000 0.27500000
vt 0.22340000 0.40430000
vt 0.56560000 0.27940000
vt 0.21950000 0.40430000
vt 0.56560000 0.28380000
vt 0.21670000 0.40150000
vt 0.14700000 0.33190000
vt 0.56560000 0.40660000
vt 0.14410000 0.32900000
vt 0.56560000 0.41120000
vt 0.14410000 0.32500000
vt 0.56560000 0.41580000
vt 0.14400000 0.22640000
vt 0.56560000 0.01150000
vt 0.56560000 0.53860000
vt 0.56560000 0.01590000
vt 0.14400000 0.22250000
vt 0.56560000 0.02030000
vt 0.14680000 0.21970000
vt 0.21640000 0.15000000
vt 0.56560000 0.14310000
vt 0.67230000 0.14770000
vt 0.22100000 0.15160000
vt 0.22490000 0.15160000
vt 0.67230000 0.15220000
vt 0.32010000 0.15150000
vt 0.67230000 0.27500000
vt 0.67230000 0.27940000
vt 0.32380000 0.15150000
vt 0.67230000 0.28380000
vt 0.32650000 0.15420000
vt 0.39380000 0.22140000
vt 0.67230000 0.40660000
vt 0.67230000 0.41120000
vt 0.39660000 0.22420000
vt 0.67230000 0.41580000
vt 0.39660000 0.22810000
vt 0.67230000 0.01150000
vt 0.67230000 0.53860000
vt 0.39660000 0.32320000
vt 0.39660000 0.32700000
vt 0.67230000 0.01590000
vt 0.67230000 0.02030000
vt 0.39400000 0.32960000
vt 0.67230000 0.14310000
vt 0.32680000 0.39700000
vt 0.32400000 0.39970000
vt 0.67230000 0.14770000
vt 0.67230000 0.15220000
vt 0.32010000 0.39980000
vt 0.22490000 0.39980000
vt 0.67230000 0.27500000
vt 0.67230000 0.27940000
vt 0.22120000 0.39980000
vt 0.21850000 0.39720000
vt 0.67230000 0.28380000
vt 0.67230000 0.40660000
vt 0.15120000 0.32990000
vt 0.14840000 0.32720000
vt 0.67230000 0.41120000
vt 0.14840000 0.32320000
vt 0.67230000 0.41580000
vt 0.67230000 0.01150000
vt 0.14830000 0.22810000
vt 0.67230000 0.53860000
vt 0.14830000 0.22430000
vt 0.67230000 0.01590000
vt 0.67230000 0.02030000
vt 0.15100000 0.22170000
vt 0.67230000 0.14310000
vt 0.21820000 0.15430000
vt 0.22150000 0.15290000
vt 0.22540000 0.15280000
vt 0.31960000 0.15280000
vt 0.32330000 0.15280000
vt 0.32590000 0.15540000
vt 0.39260000 0.22190000
vt 0.39530000 0.22470000
vt 0.39530000 0.22860000
vt 0.39530000 0.32270000
vt 0.39530000 0.32640000
vt 0.39270000 0.32910000
vt 0.32620000 0.39570000
vt 0.32330000 0.39850000
vt 0.31960000 0.39850000
vt 0.22540000 0.39850000
vt 0.22170000 0.39850000
vt 0.21910000 0.39590000
vt 0.15240000 0.32940000
vt 0.14970000 0.32660000
vt 0.14970000 0.32270000
vt 0.14960000 0.22860000
vt 0.14960000 0.22490000
vt 0.15230000 0.22220000
vt 0.21880000 0.15560000
vt 0.32170000 0.15660000
vt 0.39150000 0.22630000
vt 0.39160000 0.32530000
vt 0.32190000 0.39460000
vt 0.22330000 0.39470000
vt 0.22310000 0.15670000
vt 0.94920000 0.50620000
vt 0.92410000 0.50620000
vt 0.92410000 0.27890000
vt 0.94920000 0.27900000
vt 0.90970000 0.27890000
vt 0.90970000 0.50620000
vt 0.89610000 0.50620000
vt 0.89610000 0.27890000
vt 0.84390000 0.27900000
vt 0.84390000 0.50630000
vt 0.91680000 0.50620000
vt 0.91680000 0.27890000
vt 0.86170000 0.50630000
vt 0.86170000 0.27900000
vt 0.87500000 0.27900000
vt 0.87500000 0.50620000
vt 0.99260000 0.27900000
vt 0.99260000 0.50630000
vt 0.85160000 0.50630000
vt 0.85160000 0.27900000
vt 0.99260000 0.51000000
vt 0.94920000 0.51000000
vt 0.92410000 0.51000000
vt 0.89610000 0.51000000
vt 0.90970000 0.51000000
vt 0.86170000 0.51000000
vt 0.85160000 0.51000000
vt 0.91680000 0.51000000
vt 0.84390000 0.51000000
vt 0.87500000 0.51000000
vt 0.99260000 0.27510000
vt 0.94920000 0.27510000
vt 0.92410000 0.27510000
vt 0.89610000 0.27510000
vt 0.90970000 0.27510000
vt 0.85160000 0.27510000
vt 0.86170000 0.27510000
vt 0.91680000 0.27510000
vt 0.84390000 0.27510000
vt 0.87500000 0.27510000
vt 0.92410000 0.27120000
vt 0.92410000 0.04390000
vt 0.94920000 0.04390000
vt 0.94920000 0.27120000
vt 0.89610000 0.04390000
vt 0.90970000 0.04390000
vt 0.90970000 0.27120000
vt 0.89610000 0.27120000
vt 0.84390000 0.04390000
vt 0.84390000 0.27120000
vt 0.91680000 0.27120000
vt 0.91680000 0.04390000
vt 0.87500000 0.27120000
vt 0.86170000 0.27120000
vt 0.86170000 0.04390000
vt 0.87500000 0.04390000
vt 0.99260000 0.04390000
vt 0.99260000 0.27120000
vt 0.85160000 0.04390000
vt 0.85160000 0.27120000
vt 0.94920000 0.03990000
vt 0.99260000 0.03990000
vt 0.92410000 0.03990000
vt 0.89610000 0.03990000
vt 0.90970000 0.03990000
vt 0.85160000 0.03990000
vt 0.86170000 0.03990000
vt 0.91680000 0.03990000
vt 0.84390000 0.03990000
vt 0.87500000 0.03990000
vt 0.92410000 0.74090000
vt 0.92410000 0.51370000
vt 0.94920000 0.51370000
vt 0.94920000 0.74090000
vt 0.89610000 0.51370000
vt 0.90970000 0.51370000
vt 0.90970000 0.74090000
vt 0.89610000 0.74090000
vt 0.84390000 0.51370000
vt 0.84390000 0.74080000
vt 0.91680000 0.74090000
vt 0.91680000 0.51370000
vt 0.87500000 0.74090000
vt 0.86170000 0.74080000
vt 0.86170000 0.51370000
vt 0.87500000 0.51370000
vt 0.99260000 0.51370000
vt 0.99260000 0.74080000
vt 0.85160000 0.51370000
vt 0.85160000 0.74080000
vt 0.99260000 0.51000000
vt 0.94920000 0.51000000
vt 0.92410000 0.51000000
vt 0.89610000 0.51000000
vt 0.90970000 0.51000000
vt 0.85160000 0.51000000
vt 0.86170000 0.51000000
vt 0.91680000 0.51000000
vt 0.84390000 0.51000000
vt 0.87500000 0.51000000
vt 0.99260000 0.74470000
vt 0.94920000 0.74480000
vt 0.92410000 0.74480000
vt 0.90970000 0.74480000
vt 0.89610000 0.74480000
vt 0.86170000 0.74470000
vt 0.85160000 0.74470000
vt 0.91680000 0.74480000
vt 0.84390000 0.74470000
vt 0.87500000 0.74480000
vt 0.94920000 0.97580000
vt 0.94920000 0.03590000
vt 0.92410000 0.97580000
vt 0.92410000 0.03590000
vt 0.92410000 0.74870000
vt 0.94920000 0.74860000
vt 0.90970000 0.74870000
vt 0.90970000 0.97580000
vt 0.90970000 0.03590000
vt 0.89610000 0.97580000
vt 0.89610000 0.03590000
vt 0.89610000 0.74870000
vt 0.84390000 0.74860000
vt 0.84390000 0.97580000
vt 0.84390000 0.03590000
vt 0.91680000 0.03590000
vt 0.91680000 0.97580000
vt 0.91680000 0.74870000
vt 0.86170000 0.03590000
vt 0.86170000 0.97580000
vt 0.86170000 0.74860000
vt 0.87500000 0.74860000
vt 0.87500000 0.97580000
vt 0.87500000 0.03590000
vt 0.99260000 0.74860000
vt 0.99260000 0.97580000
vt 0.99260000 0.03590000
vt 0.85160000 0.97580000
vt 0.85160000 0.03590000
vt 0.85160000 0.74860000
vt 0.92410000 0.74090000
vt 0.92410000 0.51370000
vt 0.94920000 0.51370000
vt 0.94920000 0.74090000
vt 0.89610000 0.51370000
vt 0.90970000 0.51370000
vt 0.90970000 0.74090000
vt 0.89610000 0.74090000
vt 0.84390000 0.51370000
vt 0.84390000 0.74080000
vt 0.91680000 0.74090000
vt 0.91680000 0.51370000
vt 0.87500000 0.74090000
vt 0.86170000 0.74080000
vt 0.86170000 0.51370000
vt 0.87500000 0.51370000
vt 0.99260000 0.51370000
vt 0.99260000 0.74080000
vt 0.85160000 0.51370000
vt 0.85160000 0.74080000
vt 0.99260000 0.74470000
vt 0.94920000 0.74480000
vt 0.92410000 0.74480000
vt 0.90970000 0.74480000
vt 0.89610000 0.74480000
vt 0.86170000 0.74470000
vt 0.85160000 0.74470000
vt 0.91680000 0.74480000
vt 0.84390000 0.74470000
vt 0.87500000 0.74480000
vt 0.94920000 0.03590000
vt 0.94920000 0.97580000
vt 0.92410000 0.03590000
vt 0.92410000 0.97580000
vt 0.92410000 0.74870000
vt 0.94920000 0.74860000
vt 0.90970000 0.74870000
vt 0.90970000 0.97580000
vt 0.90970000 0.03590000
vt 0.89610000 0.97580000
vt 0.89610000 0.03590000
vt 0.89610000 0.74870000
vt 0.84390000 0.74860000
vt 0.84390000 0.97580000
vt 0.84390000 0.03590000
vt 0.91680000 0.03590000
vt 0.91680000 0.97580000
vt 0.91680000 0.74870000
vt 0.86170000 0.97580000
vt 0.86170000 0.03590000
vt 0.86170000 0.74860000
vt 0.87500000 0.74860000
vt 0.87500000 0.03590000
vt 0.87500000 0.97580000
vt 0.99260000 0.74860000
vt 0.99260000 0.03590000
vt 0.99260000 0.97580000
vt 0.85160000 0.03590000
vt 0.85160000 0.97580000
vt 0.85160000 0.74860000
vt 0.99260000 0.03990000
vt 0.94920000 0.03990000
vt 0.92410000 0.03990000
vt 0.89610000 0.03990000
vt 0.90970000 0.03990000
vt 0.86170000 0.03990000
vt 0.85160000 0.03990000
vt 0.91680000 0.03990000
vt 0.84390000 0.03990000
vt 0.87500000 0.03990000
vt 0.94920000 0.50620000
vt 0.92410000 0.50620000
vt 0.92410000 0.27890000
vt 0.94920000 0.27900000
vt 0.90970000 0.27890000
vt 0.90970000 0.50620000
vt 0.89610000 0.50620000
vt 0.89610000 0.27890000
vt 0.84390000 0.27900000
vt 0.84390000 0.50630000
vt 0.91680000 0.50620000
vt 0.91680000 0.27890000
vt 0.86170000 0.50630000
vt 0.86170000 0.27900000
vt 0.87500000 0.27900000
vt 0.87500000 0.50620000
vt 0.99260000 0.27900000
vt 0.99260000 0.50630000
vt 0.85160000 0.50630000
vt 0.85160000 0.27900000
vt 0.99260000 0.27510000
vt 0.94920000 0.27510000
vt 0.92410000 0.27510000
vt 0.89610000 0.27510000
vt 0.90970000 0.27510000
vt 0.85160000 0.27510000
vt 0.86170000 0.27510000
vt 0.91680000 0.27510000
vt 0.84390000 0.27510000
vt 0.87500000 0.27510000
vt 0.92410000 0.27120000
vt 0.92410000 0.04390000
vt 0.94920000 0.04390000
vt 0.94920000 0.27120000
vt 0.89610000 0.04390000
vt 0.90970000 0.04390000
vt 0.90970000 0.27120000
vt 0.89610000 0.27120000
vt 0.84390000 0.04390000
vt 0.84390000 0.27120000
vt 0.91680000 0.27120000
vt 0.91680000 0.04390000
vt 0.87500000 0.27120000
vt 0.86170000 0.27120000
vt 0.86170000 0.04390000
vt 0.87500000 0.04390000
vt 0.99260000 0.04390000
vt 0.99260000 0.27120000
vt 0.85160000 0.04390000
vt 0.85160000 0.27120000
vt 0.19150000 0.69820000
vt 0.18560000 0.69820000
vt 0.18560000 0.54920000
vt 0.19150000 0.54920000
vt 0.19150000 0.70680000
vt 0.19150000 0.71220000
vt 0.18560000 0.71220000
vt 0.18560000 0.70680000
vt 0.19150000 0.76430000
vt 0.18560000 0.76430000
vt 0.18560000 0.75840000
vt 0.19150000 0.75840000
vt 0.19150000 0.79050000
vt 0.18560000 0.79050000
vt 0.19150000 0.80220000
vt 0.18560000 0.80220000
vt 0.18560000 0.79210000
vt 0.19150000 0.79210000
vt 0.19150000 0.82010000
vt 0.19150000 0.83710000
vt 0.18560000 0.83710000
vt 0.18560000 0.82010000
vt 0.19150000 0.85680000
vt 0.18560000 0.85680000
vt 0.18560000 0.86280000
vt 0.19150000 0.86280000
vt 0.19150000 0.90450000
vt 0.18560000 0.90450000
vt 0.19150000 0.91240000
vt 0.18560000 0.91240000
vt 0.19150000 0.75160000
vt 0.18560000 0.75160000
vt 0.18560000 0.97590000
vt 0.19150000 0.97590000
vt 0.19150000 0.98870000
vt 0.18560000 0.98870000
vt 0.18560000 0.95310000
vt 0.19150000 0.95310000
vt 0.19150000 0.95540000
vt 0.18560000 0.95540000
vt 0.18560000 0.94660000
vt 0.19150000 0.94660000
vt 0.34920000 0.54920000
vt 0.34920000 0.69820000
vt 0.34920000 0.70680000
vt 0.34920000 0.71220000
vt 0.34920000 0.75840000
vt 0.34920000 0.76430000
vt 0.34920000 0.79050000
vt 0.34920000 0.79210000
vt 0.34920000 0.80220000
vt 0.34920000 0.82010000
vt 0.34920000 0.83710000
vt 0.34920000 0.85680000
vt 0.34920000 0.86280000
vt 0.34920000 0.90450000
vt 0.34920000 0.91240000
vt 0.35480000 0.54920000
vt 0.35480000 0.69820000
vt 0.35480000 0.71220000
vt 0.35480000 0.70680000
vt 0.35480000 0.75840000
vt 0.35480000 0.76430000
vt 0.35480000 0.79050000
vt 0.35480000 0.79210000
vt 0.35480000 0.80220000
vt 0.35480000 0.83710000
vt 0.35480000 0.82010000
vt 0.35480000 0.85680000
vt 0.35480000 0.86280000
vt 0.35480000 0.90450000
vt 0.35480000 0.91240000
vt 0.35480000 0.75160000
vt 0.34920000 0.75160000
vt 0.34920000 0.97590000
vt 0.34920000 0.95540000
vt 0.35480000 0.95540000
vt 0.35480000 0.97590000
vt 0.35480000 0.95310000
vt 0.34920000 0.95310000
vt 0.35480000 0.94660000
vt 0.34920000 0.94660000
vt 0.17970000 0.69820000
vt 0.17970000 0.54920000
vt 0.17970000 0.71220000
vt 0.17970000 0.70680000
vt 0.17970000 0.76430000
vt 0.17970000 0.75840000
vt 0.17970000 0.79050000
vt 0.17970000 0.80220000
vt 0.17970000 0.79210000
vt 0.17970000 0.83710000
vt 0.17970000 0.82010000
vt 0.17970000 0.85680000
vt 0.17970000 0.90450000
vt 0.17970000 0.86280000
vt 0.17970000 0.91240000
vt 0.17970000 0.75160000
vt 0.17970000 0.97590000
vt 0.17970000 0.95540000
vt 0.17970000 0.95310000
vt 0.17970000 0.94660000
vt 0.02200000 0.54920000
vt 0.02200000 0.69820000
vt 0.02200000 0.70680000
vt 0.02200000 0.71220000
vt 0.02200000 0.75840000
vt 0.02200000 0.76430000
vt 0.02200000 0.79050000
vt 0.02200000 0.79210000
vt 0.02200000 0.80220000
vt 0.02200000 0.82010000
vt 0.02200000 0.83710000
vt 0.02200000 0.85680000
vt 0.02200000 0.86280000
vt 0.02200000 0.90450000
vt 0.02200000 0.91240000
vt 0.01640000 0.69820000
vt 0.01640000 0.54920000
vt 0.01640000 0.71220000
vt 0.01640000 0.70680000
vt 0.01640000 0.76430000
vt 0.01640000 0.75840000
vt 0.01640000 0.79050000
vt 0.01640000 0.80220000
vt 0.01640000 0.79210000
vt 0.01640000 0.83710000
vt 0.01640000 0.82010000
vt 0.01640000 0.85680000
vt 0.01640000 0.86280000
vt 0.01640000 0.90450000
vt 0.01640000 0.91240000
vt 0.02200000 0.75160000
vt 0.01640000 0.75160000
vt 0.01640000 0.97590000
vt 0.02200000 0.97590000
vt 0.02200000 0.98870000
vt 0.01640000 0.98870000
vt 0.01640000 0.95310000
vt 0.02200000 0.95310000
vt 0.02200000 0.95540000
vt 0.01640000 0.95540000
vt 0.01640000 0.94660000
vt 0.02200000 0.94660000
vt 0.17970000 0.98870000
vt 0.51810000 0.69820000
vt 0.51810000 0.54920000
vt 0.52400000 0.54920000
vt 0.52400000 0.69820000
vt 0.52400000 0.71220000
vt 0.51810000 0.71220000
vt 0.51810000 0.70680000
vt 0.52400000 0.70680000
vt 0.51810000 0.76430000
vt 0.51810000 0.75840000
vt 0.52400000 0.75840000
vt 0.52400000 0.76430000
vt 0.52400000 0.79050000
vt 0.51810000 0.79050000
vt 0.51810000 0.80220000
vt 0.51810000 0.79210000
vt 0.52400000 0.79210000
vt 0.52400000 0.80220000
vt 0.52400000 0.83710000
vt 0.51810000 0.83710000
vt 0.51810000 0.82010000
vt 0.52400000 0.82010000
vt 0.52400000 0.85680000
vt 0.51810000 0.85680000
vt 0.52400000 0.86280000
vt 0.52400000 0.90450000
vt 0.51810000 0.90450000
vt 0.51810000 0.86280000
vt 0.52400000 0.91240000
vt 0.51810000 0.91240000
vt 0.52400000 0.75160000
vt 0.51810000 0.75160000
vt 0.51820000 0.97590000
vt 0.51820000 0.95540000
vt 0.52400000 0.95540000
vt 0.52400000 0.97590000
vt 0.52400000 0.95310000
vt 0.51820000 0.95310000
vt 0.52400000 0.94660000
vt 0.51820000 0.94660000
vt 0.36040000 0.54920000
vt 0.36040000 0.69820000
vt 0.36040000 0.70680000
vt 0.36040000 0.71220000
vt 0.36040000 0.75840000
vt 0.36040000 0.76430000
vt 0.36040000 0.79050000
vt 0.36040000 0.79210000
vt 0.36040000 0.80220000
vt 0.36040000 0.82010000
vt 0.36040000 0.83710000
vt 0.36040000 0.85680000
vt 0.36040000 0.86280000
vt 0.36040000 0.90450000
vt 0.36040000 0.91240000
vt 0.35480000 0.69820000
vt 0.35480000 0.54920000
vt 0.35480000 0.71220000
vt 0.35480000 0.70680000
vt 0.35480000 0.76430000
vt 0.35480000 0.75840000
vt 0.35480000 0.79050000
vt 0.35480000 0.80220000
vt 0.35480000 0.79210000
vt 0.35480000 0.83710000
vt 0.35480000 0.82010000
vt 0.35480000 0.85680000
vt 0.35480000 0.86280000
vt 0.35480000 0.90450000
vt 0.35480000 0.91240000
vt 0.36040000 0.75160000
vt 0.35480000 0.75160000
vt 0.35480000 0.97590000
vt 0.36040000 0.97590000
vt 0.36040000 0.98870000
vt 0.35480000 0.98870000
vt 0.35480000 0.95310000
vt 0.36040000 0.95310000
vt 0.36040000 0.95540000
vt 0.35480000 0.95540000
vt 0.35480000 0.94660000
vt 0.36040000 0.94660000
vt 0.51820000 0.98870000
vt 0.52990000 0.69820000
vt 0.52990000 0.54920000
vt 0.52990000 0.70680000
vt 0.52990000 0.71220000
vt 0.52990000 0.76430000
vt 0.52990000 0.75840000
vt 0.52990000 0.79050000
vt 0.52990000 0.80220000
vt 0.52990000 0.79210000
vt 0.52990000 0.82010000
vt 0.52990000 0.83710000
vt 0.52990000 0.85680000
vt 0.52990000 0.86280000
vt 0.52990000 0.90450000
vt 0.52990000 0.91240000
vt 0.52990000 0.75160000
vt 0.52990000 0.97590000
vt 0.52990000 0.98870000
vt 0.52400000 0.98870000
vt 0.52990000 0.95310000
vt 0.52990000 0.95540000
vt 0.52990000 0.94660000
vt 0.01070000 0.54920000
vt 0.68760000 0.54920000
vt 0.68760000 0.69820000
vt 0.01070000 0.69820000
vt 0.68760000 0.70680000
vt 0.01070000 0.70680000
vt 0.68760000 0.71220000
vt 0.01070000 0.71220000
vt 0.01080000 0.75840000
vt 0.68760000 0.75840000
vt 0.01080000 0.76430000
vt 0.68760000 0.76430000
vt 0.01070000 0.79050000
vt 0.68760000 0.79050000
vt 0.01070000 0.79210000
vt 0.68760000 0.79210000
vt 0.01070000 0.80220000
vt 0.68760000 0.80220000
vt 0.68760000 0.82010000
vt 0.01070000 0.82010000
vt 0.68760000 0.83710000
vt 0.01080000 0.83710000
vt 0.68760000 0.85680000
vt 0.01080000 0.85680000
vt 0.01080000 0.86280000
vt 0.68760000 0.86280000
vt 0.01070000 0.90450000
vt 0.68760000 0.90450000
vt 0.01070000 0.91240000
vt 0.68760000 0.91240000
vt 0.01080000 0.75160000
vt 0.68760000 0.75160000
vt 0.01070000 0.97590000
vt 0.68760000 0.97590000
vt 0.01070000 0.95540000
vt 0.68760000 0.95540000
vt 0.68760000 0.95310000
vt 0.01070000 0.95310000
vt 0.01070000 0.94660000
vt 0.68760000 0.94660000
vt 0.51810000 0.69820000
vt 0.51810000 0.54920000
vt 0.52400000 0.54920000
vt 0.52400000 0.69820000
vt 0.52400000 0.71220000
vt 0.51810000 0.71220000
vt 0.51810000 0.70680000
vt 0.52400000 0.70680000
vt 0.51810000 0.76430000
vt 0.51810000 0.75840000
vt 0.52400000 0.75840000
vt 0.52400000 0.76430000
vt 0.52400000 0.79050000
vt 0.51810000 0.79050000
vt 0.51810000 0.80220000
vt 0.51810000 0.79210000
vt 0.52400000 0.79210000
vt 0.52400000 0.80220000
vt 0.52400000 0.83710000
vt 0.51810000 0.83710000
vt 0.51810000 0.82010000
vt 0.52400000 0.82010000
vt 0.52400000 0.85680000
vt 0.51810000 0.85680000
vt 0.52400000 0.86280000
vt 0.52400000 0.90450000
vt 0.51810000 0.90450000
vt 0.51810000 0.86280000
vt 0.52400000 0.91240000
vt 0.51810000 0.91240000
vt 0.52400000 0.75160000
vt 0.51810000 0.75160000
vt 0.51820000 0.97590000
vt 0.51820000 0.95540000
vt 0.52400000 0.95540000
vt 0.52400000 0.97590000
vt 0.52400000 0.95310000
vt 0.51820000 0.95310000
vt 0.52400000 0.94660000
vt 0.51820000 0.94660000
vt 0.36040000 0.54920000
vt 0.36040000 0.69820000
vt 0.36040000 0.70680000
vt 0.36040000 0.71220000
vt 0.36040000 0.75840000
vt 0.36040000 0.76430000
vt 0.36040000 0.79050000
vt 0.36040000 0.79210000
vt 0.36040000 0.80220000
vt 0.36040000 0.82010000
vt 0.36040000 0.83710000
vt 0.36040000 0.85680000
vt 0.36040000 0.86280000
vt 0.36040000 0.90450000
vt 0.36040000 0.91240000
vt 0.36040000 0.75160000
vt 0.36040000 0.97590000
vt 0.36040000 0.98870000
vt 0.35480000 0.98870000
vt 0.36040000 0.95310000
vt 0.36040000 0.95540000
vt 0.36040000 0.94660000
vt 0.51820000 0.98870000
vt 0.52990000 0.69820000
vt 0.52990000 0.54920000
vt 0.52990000 0.70680000
vt 0.52990000 0.71220000
vt 0.52990000 0.76430000
vt 0.52990000 0.75840000
vt 0.52990000 0.79050000
vt 0.52990000 0.80220000
vt 0.52990000 0.79210000
vt 0.52990000 0.82010000
vt 0.52990000 0.83710000
vt 0.52990000 0.85680000
vt 0.52990000 0.86280000
vt 0.52990000 0.90450000
vt 0.52990000 0.91240000
vt 0.52990000 0.75160000
vt 0.52990000 0.97590000
vt 0.52990000 0.98870000
vt 0.52400000 0.98870000
vt 0.52990000 0.95310000
vt 0.52990000 0.95540000
vt 0.52990000 0.94660000
vt 0.01070000 0.54920000
vt 0.68760000 0.54920000
vt 0.01070000 0.69820000
vt 0.68760000 0.69820000
vt 0.68760000 0.70680000
vt 0.01070000 0.70680000
vt 0.68760000 0.71220000
vt 0.01070000 0.71220000
vt 0.68760000 0.75840000
vt 0.01080000 0.75840000
vt 0.01080000 0.76430000
vt 0.68760000 0.76430000
vt 0.01070000 0.79050000
vt 0.68760000 0.79050000
vt 0.01070000 0.79210000
vt 0.68760000 0.79210000
vt 0.01070000 0.80220000
vt 0.68760000 0.80220000
vt 0.68760000 0.82010000
vt 0.01070000 0.82010000
vt 0.68760000 0.83710000
vt 0.01080000 0.83710000
vt 0.68760000 0.85680000
vt 0.01080000 0.85680000
vt 0.68760000 0.86280000
vt 0.01080000 0.86280000
vt 0.01070000 0.90450000
vt 0.68760000 0.90450000
vt 0.01070000 0.91240000
vt 0.68760000 0.91240000
vt 0.01640000 0.54920000
vt 0.01640000 0.69820000
vt 0.01640000 0.71220000
vt 0.01640000 0.70680000
vt 0.01640000 0.75840000
vt 0.01640000 0.76430000
vt 0.01640000 0.79050000
vt 0.01640000 0.79210000
vt 0.01640000 0.80220000
vt 0.01640000 0.83710000
vt 0.01640000 0.82010000
vt 0.01640000 0.85680000
vt 0.01640000 0.86280000
vt 0.01640000 0.90450000
vt 0.01640000 0.91240000
vt 0.01640000 0.75160000
vt 0.01080000 0.75160000
vt 0.68760000 0.75160000
vt 0.01070000 0.97590000
vt 0.68760000 0.97590000
vt 0.01070000 0.95540000
vt 0.68760000 0.95540000
vt 0.01640000 0.95540000
vt 0.01640000 0.97590000
vt 0.01640000 0.95310000
vt 0.68760000 0.95310000
vt 0.01070000 0.95310000
vt 0.01640000 0.94660000
vt 0.01070000 0.94660000
vt 0.68760000 0.94660000
vt 0.19150000 0.69820000
vt 0.18560000 0.69820000
vt 0.18560000 0.54920000
vt 0.19150000 0.54920000
vt 0.19150000 0.70680000
vt 0.19150000 0.71220000
vt 0.18560000 0.71220000
vt 0.18560000 0.70680000
vt 0.19150000 0.76430000
vt 0.18560000 0.76430000
vt 0.18560000 0.75840000
vt 0.19150000 0.75840000
vt 0.19150000 0.79050000
vt 0.18560000 0.79050000
vt 0.19150000 0.80220000
vt 0.18560000 0.80220000
vt 0.18560000 0.79210000
vt 0.19150000 0.79210000
vt 0.19150000 0.82010000
vt 0.19150000 0.83710000
vt 0.18560000 0.83710000
vt 0.18560000 0.82010000
vt 0.19150000 0.85680000
vt 0.18560000 0.85680000
vt 0.18560000 0.86280000
vt 0.19150000 0.86280000
vt 0.19150000 0.90450000
vt 0.18560000 0.90450000
vt 0.19150000 0.91240000
vt 0.18560000 0.91240000
vt 0.19150000 0.75160000
vt 0.18560000 0.75160000
vt 0.18560000 0.97590000
vt 0.19150000 0.97590000
vt 0.19150000 0.98870000
vt 0.18560000 0.98870000
vt 0.18560000 0.95310000
vt 0.19150000 0.95310000
vt 0.19150000 0.95540000
vt 0.18560000 0.95540000
vt 0.18560000 0.94660000
vt 0.19150000 0.94660000
vt 0.34920000 0.54920000
vt 0.34920000 0.69820000
vt 0.34920000 0.70680000
vt 0.34920000 0.71220000
vt 0.34920000 0.75840000
vt 0.34920000 0.76430000
vt 0.34920000 0.79050000
vt 0.34920000 0.79210000
vt 0.34920000 0.80220000
vt 0.34920000 0.82010000
vt 0.34920000 0.83710000
vt 0.34920000 0.85680000
vt 0.34920000 0.86280000
vt 0.34920000 0.90450000
vt 0.34920000 0.91240000
vt 0.34920000 0.75160000
vt 0.34920000 0.97590000
vt 0.34920000 0.95540000
vt 0.34920000 0.95310000
vt 0.34920000 0.94660000
vt 0.17970000 0.69820000
vt 0.17970000 0.54920000
vt 0.17970000 0.71220000
vt 0.17970000 0.70680000
vt 0.17970000 0.76430000
vt 0.17970000 0.75840000
vt 0.17970000 0.79050000
vt 0.17970000 0.80220000
vt 0.17970000 0.79210000
vt 0.17970000 0.83710000
vt 0.17970000 0.82010000
vt 0.17970000 0.85680000
vt 0.17970000 0.90450000
vt 0.17970000 0.86280000
vt 0.17970000 0.91240000
vt 0.17970000 0.75160000
vt 0.17970000 0.97590000
vt 0.17970000 0.95540000
vt 0.17970000 0.95310000
vt 0.17970000 0.94660000
vt 0.02200000 0.54920000
vt 0.02200000 0.69820000
vt 0.02200000 0.70680000
vt 0.02200000 0.71220000
vt 0.02200000 0.75840000
vt 0.02200000 0.76430000
vt 0.02200000 0.79050000
vt 0.02200000 0.79210000
vt 0.02200000 0.80220000
vt 0.02200000 0.82010000
vt 0.02200000 0.83710000
vt 0.02200000 0.85680000
vt 0.02200000 0.86280000
vt 0.02200000 0.90450000
vt 0.02200000 0.91240000
vt 0.02200000 0.75160000
vt 0.02200000 0.97590000
vt 0.02200000 0.98870000
vt 0.01640000 0.98870000
vt 0.02200000 0.95310000
vt 0.02200000 0.95540000
vt 0.02200000 0.94660000
vt 0.17970000 0.98870000
vt 0.34920000 0.98870000
vt 0.01070000 0.98870000
vt 0.68760000 0.98870000
vt 0.01070000 0.98870000
vt 0.68760000 0.98870000
vt 0.34920000 0.98870000
vt 0.19150000 0.92530000
vt 0.18560000 0.92530000
vt 0.35480000 0.92530000
vt 0.34920000 0.92530000
vt 0.17970000 0.92530000
vt 0.02200000 0.92530000
vt 0.01640000 0.92530000
vt 0.52400000 0.92530000
vt 0.51810000 0.92530000
vt 0.36040000 0.92530000
vt 0.35480000 0.92530000
vt 0.52990000 0.92530000
vt 0.01070000 0.92530000
vt 0.68760000 0.92530000
vt 0.52400000 0.92530000
vt 0.51810000 0.92530000
vt 0.36040000 0.92530000
vt 0.52990000 0.92530000
vt 0.01640000 0.92530000
vt 0.01070000 0.92530000
vt 0.68760000 0.92530000
vt 0.19150000 0.92530000
vt 0.18560000 0.92530000
vt 0.34920000 0.92530000
vt 0.17970000 0.92530000
vt 0.02200000 0.92530000
f 1/1/1 2/2/2 3/3/3
f 3/3/3 6/6/6 1/1/1
f 2/2/2 1/1/1 7/7/7
f 7/7/7 8/8/8 2/2/2
f 7/7/7 9/9/9 10/10/10
f 10/10/10 8/8/8 7/7/7
f 6/6/6 11/11/11 13/13/13
f 13/13/13 1/1/1 6/6/6
f 14/14/14 7/7/7 1/1/1
f 1/1/1 13/13/13 14/14/14
f 7/7/7 14/14/14 15/15/15
f 15/15/15 9/9/9 7/7/7
f 16/16/16 18/18/18 13/13/13
f 13/13/13 11/11/11 16/16/16
f 18/18/18 19/19/19 14/14/14
f 14/14/14 13/13/13 18/18/18
f 14/14/14 19/19/19 20/20/20
f 20/20/20 15/15/15 14/14/14
f 3/3/3 2/2/2 21/21/21
f 21/21/21 23/23/23 3/3/3
f 2/2/2 8/8/8 24/24/24
f 24/24/24 21/21/21 2/2/2
f 24/24/24 8/8/8 10/10/10
f 10/10/10 25/25/25 24/24/24
f 26/26/26 23/23/23 21/21/21
f 21/21/21 28/28/28 26/26/26
f 28/28/28 21/21/21 24/24/24
f 24/24/24 29/29/29 28/28/28
f 31/31/31 26/26/26 28/28/28
f 28/28/28 32/32/32 31/31/31
f 29/29/29 33/33/33 32/32/32
f 32/32/32 28/28/28 29/29/29
f 34/34/34 33/33/33 29/29/29
f 29/29/29 35/35/35 34/34/34
f 25/25/25 35/35/35 29/29/29
f 29/29/29 24/24/24 25/25/25
f 36/36/36 38/38/38 39/39/39
f 39/39/39 40/40/40 36/36/36
f 38/38/38 42/42/42 43/43/43
f 43/43/43 39/39/39 38/38/38
f 43/43/43 42/42/42 44/44/44
f 44/44/44 45/45/45 43/43/43
f 47/47/47 40/40/40 39/39/39
f 39/39/39 48/48/48 47/47/47
f 48/48/48 39/39/39 43/43/43
f 43/43/43 49/49/49 48/48/48
f 48/48/48 50/50/50 51/51/51
f 51/51/51 47/47/47 48/48/48
f 50/50/50 48/48/48 49/49/49
f 49/49/49 53/53/53 50/50/50
f 49/49/49 54/54/54 55/55/55
f 55/55/55 53/53/53 49/49/49
f 45/45/45 54/54/54 49/49/49
f 49/49/49 43/43/43 45/45/45
f 56/56/56 38/38/38 36/36/36
f 36/36/36 57/57/57 56/56/56
f 38/38/38 56/56/56 59/59/59
f 59/59/59 42/42/42 38/38/38
f 59/59/59 60/60/60 44/44/44
f 44/44/44 42/42/42 59/59/59
f 56/56/56 57/57/57 62/62/62
f 62/62/62 64/64/64 56/56/56
f 64/64/64 65/65/65 59/59/59
f 59/59/59 56/56/56 64/64/64
f 59/59/59 65/65/65 66/66/66
f 66/66/66 60/60/60 59/59/59
f 31/31/31 32/32/32 64/64/64
f 64/64/64 62/62/62 31/31/31
f 32/32/32 33/33/33 65/65/65
f 65/65/65 64/64/64 32/32/32
f 65/65/65 33/33/33 34/34/34
f 34/34/34 66/66/66 65/65/65
f 67/67/67 69/69/69 70/70/70
f 70/70/70 72/72/72 67/67/67
f 69/69/69 73/73/73 74/74/74
f 74/74/74 70/70/70 69/69/69
f 74/74/74 73/73/73 75/75/75
f 75/75/75 76/76/76 74/74/74
f 78/78/78 72/72/72 70/70/70
f 70/70/70 79/79/79 78/78/78
f 79/79/79 70/70/70 74/74/74
f 74/74/74 80/80/80 79/79/79
f 79/79/79 18/18/18 16/16/16
f 16/16/16 78/78/78 79/79/79
f 18/18/18 79/79/79 80/80/80
f 80/80/80 19/19/19 18/18/18
f 80/80/80 81/81/81 20/20/20
f 20/20/20 19/19/19 80/80/80
f 76/76/76 81/81/81 80/80/80
f 80/80/80 74/74/74 76/76/76
f 82/82/82 69/69/69 67/67/67
f 67/67/67 83/83/83 82/82/82
f 69/69/69 82/82/82 85/85/85
f 85/85/85 73/73/73 69/69/69
f 85/85/85 86/86/86 75/75/75
f 75/75/75 73/73/73 85/85/85
f 83/83/83 87/87/87 90/90/90
f 90/90/90 82/82/82 83/83/83
f 90/90/90 91/91/91 85/85/85
f 85/85/85 82/82/82 90/90/90
f 92/92/92 94/94/94 90/90/90
f 90/90/90 87/87/87 92/92/92
f 94/94/94 95/95/95 91/91/91
f 91/91/91 90/90/90 94/94/94
f 91/91/91 95/95/95 96/96/96
f 96/96/96 97/97/97 91/91/91
f 85/85/85 91/91/91 97/97/97
f 97/97/97 86/86/86 85/85/85
f 98/98/98 99/99/99 100/100/100
f 100/100/100 103/103/103 98/98/98
f 99/99/99 98/98/98 104/104/104
f 104/104/104 105/105/105 99/99/99
f 104/104/104 106/106/106 107/107/107
f 107/107/107 105/105/105 104/104/104
f 103/103/103 109/109/109 110/110/110
f 110/110/110 98/98/98 103/103/103
f 110/110/110 111/111/111 104/104/104
f 104/104/104 98/98/98 110/110/110
f 51/51/51 50/50/50 110/110/110
f 110/110/110 109/109/109 51/51/51
f 50/50/50 53/53/53 111/111/111
f 111/111/111 110/110/110 50/50/50
f 111/111/111 53/53/53 55/55/55
f 55/55/55 112/112/112 111/111/111
f 104/104/104 111/111/111 112/112/112
f 112/112/112 106/106/106 104/104/104
f 100/100/100 99/99/99 113/113/113
f 113/113/113 114/114/114 100/100/100
f 99/99/99 105/105/105 116/116/116
f 116/116/116 113/113/113 99/99/99
f 116/116/116 105/105/105 107/107/107
f 107/107/107 117/117/117 116/116/116
f 119/119/119 114/114/114 113/113/113
f 113/113/113 120/120/120 119/119/119
f 120/120/120 113/113/113 116/116/116
f 116/116/116 121/121/121 120/120/120
f 120/120/120 94/94/94 92/92/92
f 92/92/92 119/119/119 120/120/120
f 94/94/94 120/120/120 121/121/121
f 121/121/121 95/95/95 94/94/94
f 121/121/121 122/122/122 96/96/96
f 96/96/96 95/95/95 121/121/121
f 117/117/117 122/122/122 121/121/121
f 121/121/121 116/116/116 117/117/117
f 123/123/123 124/124/124 10/10/10
f 10/10/10 9/9/9 123/123/123
f 125/125/125 126/126/126 127/127/127
f 127/127/127 128/128/128 125/125/125
f 129/129/129 130/130/130 131/131/131
f 131/131/131 132/132/132 129/129/129
f 130/130/130 133/133/133 134/134/134
f 134/134/134 131/131/131 130/130/130
f 135/135/135 136/136/136 137/137/137
f 137/137/137 138/138/138 135/135/135
f 139/139/139 125/125/125 128/128/128
f 128/128/128 140/140/140 139/139/139
f 141/141/141 142/142/142 139/139/139
f 139/139/139 140/140/140 141/141/141
f 136/136/136 129/129/129 132/132/132
f 132/132/132 137/137/137 136/136/136
f 126/126/126 135/135/135 138/138/138
f 138/138/138 127/127/127 126/126/126
f 124/124/124 123/123/123 142/142/142
f 142/142/142 141/141/141 124/124/124
f 9/9/9 15/15/15 143/143/143
f 143/143/143 123/123/123 9/9/9
f 129/129/129 144/144/144 145/145/145
f 145/145/145 130/130/130 129/129/129
f 130/130/130 145/145/145 146/146/146
f 146/146/146 133/133/133 130/130/130
f 139/139/139 147/147/147 148/148/148
f 148/148/148 125/125/125 139/139/139
f 20/20/20 149/149/149 143/143/143
f 143/143/143 15/15/15 20/20/20
f 150/150/150 151/151/151 148/148/148
f 148/148/148 152/152/152 150/150/150
f 153/153/153 145/145/145 144/144/144
f 144/144/144 154/154/154 153/153/153
f 155/155/155 146/146/146 145/145/145
f 145/145/145 153/153/153 155/155/155
f 156/156/156 157/157/157 158/158/158
f 158/158/158 159/159/159 156/156/156
f 152/152/152 148/148/148 147/147/147
f 147/147/147 160/160/160 152/152/152
f 161/161/161 160/160/160 147/147/147
f 147/147/147 162/162/162 161/161/161
f 154/154/154 144/144/144 157/157/157
f 157/157/157 156/156/156 154/154/154
f 159/159/159 158/158/158 151/151/151
f 151/151/151 150/150/150 159/159/159
f 149/149/149 161/161/161 162/162/162
f 162/162/162 143/143/143 149/149/149
f 126/126/126 125/125/125 148/148/148
f 148/148/148 151/151/151 126/126/126
f 157/157/157 136/136/136 135/135/135
f 135/135/135 158/158/158 157/157/157
f 147/147/147 139/139/139 142/142/142
f 142/142/142 162/162/162 147/147/147
f 144/144/144 129/129/129 136/136/136
f 136/136/136 157/157/157 144/144/144
f 158/158/158 135/135/135 126/126/126
f 126/126/126 151/151/151 158/158/158
f 142/142/142 123/123/123 143/143/143
f 143/143/143 162/162/162 142/142/142
f 10/10/10 124/124/124 163/163/163
f 163/163/163 25/25/25 10/10/10
f 127/127/127 164/164/164 165/165/165
f 165/165/165 128/128/128 127/127/127
f 131/131/131 166/166/166 167/167/167
f 167/167/167 132/132/132 131/131/131
f 134/134/134 168/168/168 166/166/166
f 166/166/166 131/131/131 134/134/134
f 137/137/137 169/169/169 170/170/170
f 170/170/170 138/138/138 137/137/137
f 128/128/128 165/165/165 171/171/171
f 171/171/171 140/140/140 128/128/128
f 141/141/141 140/140/140 171/171/171
f 171/171/171 172/172/172 141/141/141
f 132/132/132 167/167/167 169/169/169
f 169/169/169 137/137/137 132/132/132
f 138/138/138 170/170/170 164/164/164
f 164/164/164 127/127/127 138/138/138
f 124/124/124 141/141/141 172/172/172
f 172/172/172 163/163/163 124/124/124
f 35/35/35 25/25/25 163/163/163
f 163/163/163 173/173/173 35/35/35
f 167/167/167 166/166/166 174/174/174
f 174/174/174 175/175/175 167/167/167
f 174/174/174 166/166/166 168/168/168
f 168/168/168 176/176/176 174/174/174
f 171/171/171 165/165/165 177/177/177
f 177/177/177 178/178/178 171/171/171
f 173/173/173 179/179/179 34/34/34
f 34/34/34 35/35/35 173/173/173
f 177/177/177 180/180/180 181/181/181
f 181/181/181 182/182/182 177/177/177
f 175/175/175 174/174/174 183/183/183
f 183/183/183 184/184/184 175/175/175
f 174/174/174 176/176/176 185/185/185
f 185/185/185 183/183/183 174/174/174
f 186/186/186 187/187/187 188/188/188
f 188/188/188 189/189/189 186/186/186
f 178/178/178 177/177/177 182/182/182
f 182/182/182 190/190/190 178/178/178
f 191/191/191 192/192/192 178/178/178
f 178/178/178 190/190/190 191/191/191
f 187/187/187 175/175/175 184/184/184
f 184/184/184 188/188/188 187/187/187
f 180/180/180 186/186/186 189/189/189
f 189/189/189 181/181/181 180/180/180
f 179/179/179 173/173/173 192/192/192
f 192/192/192 191/191/191 179/179/179
f 180/180/180 177/177/177 165/165/165
f 165/165/165 164/164/164 180/180/180
f 169/169/169 187/187/187 186/186/186
f 186/186/186 170/170/170 169/169/169
f 171/171/171 178/178/178 192/192/192
f 192/192/192 172/172/172 171/171/171
f 175/175/175 187/187/187 169/169/169
f 169/169/169 167/167/167 175/175/175
f 170/170/170 186/186/186 180/180/180
f 180/180/180 164/164/164 170/170/170
f 192/192/192 173/173/173 163/163/163
f 163/163/163 172/172/172 192/192/192
f 44/44/44 193/193/193 194/194/194
f 194/194/194 45/45/45 44/44/44
f 195/195/195 196/196/196 197/197/197
f 197/197/197 198/198/198 195/195/195
f 199/199/199 200/200/200 201/201/201
f 201/201/201 202/202/202 199/199/199
f 203/203/203 204/204/204 200/200/200
f 200/200/200 199/199/199 203/203/203
f 205/205/205 206/206/206 207/207/207
f 207/207/207 208/208/208 205/205/205
f 198/198/198 197/197/197 209/209/209
f 209/209/209 210/210/210 198/198/198
f 211/211/211 210/210/210 209/209/209
f 209/209/209 212/212/212 211/211/211
f 202/202/202 201/201/201 206/206/206
f 206/206/206 205/205/205 202/202/202
f 208/208/208 207/207/207 196/196/196
f 196/196/196 195/195/195 208/208/208
f 193/193/193 211/211/211 212/212/212
f 212/212/212 194/194/194 193/193/193
f 54/54/54 45/45/45 194/194/194
f 194/194/194 213/213/213 54/54/54
f 201/201/201 200/200/200 214/214/214
f 214/214/214 215/215/215 201/201/201
f 214/214/214 200/200/200 204/204/204
f 204/204/204 216/216/216 214/214/214
f 209/209/209 197/197/197 217/217/217
f 217/217/217 218/218/218 209/209/209
f 213/213/213 219/219/219 55/55/55
f 55/55/55 54/54/54 213/213/213
f 217/217/217 220/220/220 221/221/221
f 221/221/221 222/222/222 217/217/217
f 215/215/215 214/214/214 223/223/223
f 223/223/223 224/224/224 215/215/215
f 214/214/214 216/216/216 225/225/225
f 225/225/225 223/223/223 214/214/214
f 226/226/226 227/227/227 228/228/228
f 228/228/228 229/229/229 226/226/226
f 218/218/218 217/217/217 222/222/222
f 222/222/222 230/230/230 218/218/218
f 231/231/231 232/232/232 218/218/218
f 218/218/218 230/230/230 231/231/231
f 227/227/227 215/215/215 224/224/224
f 224/224/224 228/228/228 227/227/227
f 220/220/220 226/226/226 229/229/229
f 229/229/229 221/221/221 220/220/220
f 219/219/219 213/213/213 232/232/232
f 232/232/232 231/231/231 219/219/219
f 220/220/220 217/217/217 197/197/197
f 197/197/197 196/196/196 220/220/220
f 206/206/206 227/227/227 226/226/226
f 226/226/226 207/207/207 206/206/206
f 209/209/209 218/218/218 232/232/232
f 232/232/232 212/212/212 209/209/209
f 215/215/215 227/227/227 206/206/206
f 206/206/206 201/201/201 215/215/215
f 207/207/207 226/226/226 220/220/220
f 220/220/220 196/196/196 207/207/207
f 232/232/232 213/213/213 194/194/194
f 194/194/194 212/212/212 232/232/232
f 233/233/233 193/193/193 44/44/44
f 44/44/44 60/60/60 233/233/233
f 234/234/234 235/235/235 195/195/195
f 195/195/195 198/198/198 234/234/234
f 236/236/236 237/237/237 199/199/199
f 199/199/199 202/202/202 236/236/236
f 237/237/237 238/238/238 203/203/203
f 203/203/203 199/199/199 237/237/237
f 239/239/239 240/240/240 205/205/205
f 205/205/205 208/208/208 239/239/239
f 241/241/241 234/234/234 198/198/198
f 198/198/198 210/210/210 241/241/241
f 211/211/211 242/242/242 241/241/241
f 241/241/241 210/210/210 211/211/211
f 240/240/240 236/236/236 202/202/202
f 202/202/202 205/205/205 240/240/240
f 235/235/235 239/239/239 208/208/208
f 208/208/208 195/195/195 235/235/235
f 193/193/193 233/233/233 242/242/242
f 242/242/242 211/211/211 193/193/193
f 60/60/60 66/66/66 243/243/243
f 243/243/243 233/233/233 60/60/60
f 236/236/236 244/244/244 245/245/245
f 245/245/245 237/237/237 236/236/236
f 237/237/237 245/245/245 246/246/246
f 246/246/246 238/238/238 237/237/237
f 241/241/241 247/247/247 248/248/248
f 248/248/248 234/234/234 241/241/241
f 34/34/34 179/179/179 243/243/243
f 243/243/243 66/66/66 34/34/34
f 181/181/181 249/249/249 248/248/248
f 248/248/248 182/182/182 181/181/181
f 183/183/183 245/245/245 244/244/244
f 244/244/244 184/184/184 183/183/183
f 185/185/185 246/246/246 245/245/245
f 245/245/245 183/183/183 185/185/185
f 188/188/188 250/250/250 251/251/251
f 251/251/251 189/189/189 188/188/188
f 182/182/182 248/248/248 247/247/247
f 247/247/247 190/190/190 182/182/182
f 191/191/191 190/190/190 247/247/247
f 247/247/247 252/252/252 191/191/191
f 184/184/184 244/244/244 250/250/250
f 250/250/250 188/188/188 184/184/184
f 189/189/189 251/251/251 249/249/249
f 249/249/249 181/181/181 189/189/189
f 179/179/179 191/191/191 252/252/252
f 252/252/252 243/243/243 179/179/179
f 249/249/249 235/235/235 234/234/234
f 234/234/234 248/248/248 249/249/249
f 240/240/240 239/239/239 251/251/251
f 251/251/251 250/250/250 240/240/240
f 241/241/241 242/242/242 252/252/252
f 252/252/252 247/247/247 241/241/241
f 244/244/244 236/236/236 240/240/240
f 240/240/240 250/250/250 244/244/244
f 239/239/239 235/235/235 249/249/249
f 249/249/249 251/251/251 239/239/239
f 252/252/252 242/242/242 233/233/233
f 233/233/233 243/243/243 252/252/252
f 75/75/75 253/253/253 254/254/254
f 254/254/254 76/76/76 75/75/75
f 255/255/255 256/256/256 257/257/257
f 257/257/257 258/258/258 255/255/255
f 259/259/259 260/260/260 261/261/261
f 261/261/261 262/262/262 259/259/259
f 263/263/263 264/264/264 260/260/260
f 260/260/260 259/259/259 263/263/263
f 265/265/265 266/266/266 267/267/267
f 267/267/267 268/268/268 265/265/265
f 258/258/258 257/257/257 269/269/269
f 269/269/269 270/270/270 258/258/258
f 271/271/271 270/270/270 269/269/269
f 269/269/269 272/272/272 271/271/271
f 262/262/262 261/261/261 266/266/266
f 266/266/266 265/265/265 262/262/262
f 268/268/268 267/267/267 256/256/256
f 256/256/256 255/255/255 268/268/268
f 253/253/253 271/271/271 272/272/272
f 272/272/272 254/254/254 253/253/253
f 81/81/81 76/76/76 254/254/254
f 254/254/254 273/273/273 81/81/81
f 261/261/261 260/260/260 274/274/274
f 274/274/274 275/275/275 261/261/261
f 274/274/274 260/260/260 264/264/264
f 264/264/264 276/276/276 274/274/274
f 269/269/269 257/257/257 277/277/277
f 277/277/277 278/278/278 269/269/269
f 273/273/273 149/149/149 20/20/20
f 20/20/20 81/81/81 273/273/273
f 277/277/277 279/279/279 150/150/150
f 150/150/150 152/152/152 277/277/277
f 275/275/275 274/274/274 153/153/153
f 153/153/153 154/154/154 275/275/275
f 274/274/274 276/276/276 155/155/155
f 155/155/155 153/153/153 274/274/274
f 280/280/280 281/281/281 156/156/156
f 156/156/156 159/159/159 280/280/280
f 278/278/278 277/277/277 152/152/152
f 152/152/152 160/160/160 278/278/278
f 161/161/161 282/282/282 278/278/278
f 278/278/278 160/160/160 161/161/161
f 281/281/281 275/275/275 154/154/154
f 154/154/154 156/156/156 281/281/281
f 279/279/279 280/280/280 159/159/159
f 159/159/159 150/150/150 279/279/279
f 149/149/149 273/273/273 282/282/282
f 282/282/282 161/161/161 149/149/149
f 279/279/279 277/277/277 257/257/257
f 257/257/257 256/256/256 279/279/279
f 266/266/266 281/281/281 280/280/280
f 280/280/280 267/267/267 266/266/266
f 269/269/269 278/278/278 282/282/282
f 282/282/282 272/272/272 269/269/269
f 275/275/275 281/281/281 266/266/266
f 266/266/266 261/261/261 275/275/275
f 267/267/267 280/280/280 279/279/279
f 279/279/279 256/256/256 267/267/267
f 282/282/282 273/273/273 254/254/254
f 254/254/254 272/272/272 282/282/282
f 283/283/283 253/253/253 75/75/75
f 75/75/75 86/86/86 283/283/283
f 284/284/284 285/285/285 255/255/255
f 255/255/255 258/258/258 284/284/284
f 286/286/286 287/287/287 259/259/259
f 259/259/259 262/262/262 286/286/286
f 287/287/287 288/288/288 263/263/263
f 263/263/263 259/259/259 287/287/287
f 289/289/289 290/290/290 265/265/265
f 265/265/265 268/268/268 289/289/289
f 291/291/291 284/284/284 258/258/258
f 258/258/258 270/270/270 291/291/291
f 271/271/271 292/292/292 291/291/291
f 291/291/291 270/270/270 271/271/271
f 290/290/290 286/286/286 262/262/262
f 262/262/262 265/265/265 290/290/290
f 285/285/285 289/289/289 268/268/268
f 268/268/268 255/255/255 285/285/285
f 253/253/253 283/283/283 292/292/292
f 292/292/292 271/271/271 253/253/253
f 86/86/86 97/97/97 293/293/293
f 293/293/293 283/283/283 86/86/86
f 286/286/286 294/294/294 295/295/295
f 295/295/295 287/287/287 286/286/286
f 287/287/287 295/295/295 296/296/296
f 296/296/296 288/288/288 287/287/287
f 291/291/291 297/297/297 298/298/298
f 298/298/298 284/284/284 291/291/291
f 96/96/96 299/299/299 293/293/293
f 293/293/293 97/97/97 96/96/96
f 300/300/300 301/301/301 298/298/298
f 298/298/298 302/302/302 300/300/300
f 303/303/303 295/295/295 294/294/294
f 294/294/294 304/304/304 303/303/303
f 305/305/305 296/296/296 295/295/295
f 295/295/295 303/303/303 305/305/305
f 306/306/306 307/307/307 308/308/308
f 308/308/308 309/309/309 306/306/306
f 302/302/302 298/298/298 297/297/297
f 297/297/297 310/310/310 302/302/302
f 311/311/311 310/310/310 297/297/297
f 297/297/297 312/312/312 311/311/311
f 304/304/304 294/294/294 307/307/307
f 307/307/307 306/306/306 304/304/304
f 309/309/309 308/308/308 301/301/301
f 301/301/301 300/300/300 309/309/309
f 299/299/299 311/311/311 312/312/312
f 312/312/312 293/293/293 299/299/299
f 301/301/301 285/285/285 284/284/284
f 284/284/284 298/298/298 301/301/301
f 290/290/290 289/289/289 308/308/308
f 308/308/308 307/307/307 290/290/290
f 291/291/291 292/292/292 312/312/312
f 312/312/312 297/297/297 291/291/291
f 294/294/294 286/286/286 290/290/290
f 290/290/290 307/307/307 294/294/294
f 289/289/289 285/285/285 301/301/301
f 301/301/301 308/308/308 289/289/289
f 312/312/312 292/292/292 283/283/283
f 283/283/283 293/293/293 312/312/312
f 313/313/313 314/314/314 107/107/107
f 107/107/107 106/106/106 313/313/313
f 315/315/315 316/316/316 317/317/317
f 317/317/317 318/318/318 315/315/315
f 319/319/319 320/320/320 321/321/321
f 321/321/321 322/322/322 319/319/319
f 320/320/320 323/323/323 324/324/324
f 324/324/324 321/321/321 320/320/320
f 325/325/325 326/326/326 327/327/327
f 327/327/327 328/328/328 325/325/325
f 329/329/329 315/315/315 318/318/318
f 318/318/318 330/330/330 329/329/329
f 331/331/331 332/332/332 329/329/329
f 329/329/329 330/330/330 331/331/331
f 326/326/326 319/319/319 322/322/322
f 322/322/322 327/327/327 326/326/326
f 316/316/316 325/325/325 328/328/328
f 328/328/328 317/317/317 316/316/316
f 314/314/314 313/313/313 332/332/332
f 332/332/332 331/331/331 314/314/314
f 106/106/106 112/112/112 333/333/333
f 333/333/333 313/313/313 106/106/106
f 319/319/319 334/334/334 335/335/335
f 335/335/335 320/320/320 319/319/319
f 320/320/320 335/335/335 336/336/336
f 336/336/336 323/323/323 320/320/320
f 329/329/329 337/337/337 338/338/338
f 338/338/338 315/315/315 329/329/329
f 55/55/55 219/219/219 333/333/333
f 333/333/333 112/112/112 55/55/55
f 221/221/221 339/339/339 338/338/338
f 338/338/338 222/222/222 221/221/221
f 223/223/223 335/335/335 334/334/334
f 334/334/334 224/224/224 223/223/223
f 225/225/225 336/336/336 335/335/335
f 335/335/335 223/223/223 225/225/225
f 228/228/228 340/340/340 341/341/341
f 341/341/341 229/229/229 228/228/228
f 222/222/222 338/338/338 337/337/337
f 337/337/337 230/230/230 222/222/222
f 231/231/231 230/230/230 337/337/337
f 337/337/337 342/342/342 231/231/231
f 224/224/224 334/334/334 340/340/340
f 340/340/340 228/228/228 224/224/224
f 229/229/229 341/341/341 339/339/339
f 339/339/339 221/221/221 229/229/229
f 219/219/219 231/231/231 342/342/342
f 342/342/342 333/333/333 219/219/219
f 339/339/339 316/316/316 315/315/315
f 315/315/315 338/338/338 339/339/339
f 326/326/326 325/325/325 341/341/341
f 341/341/341 340/340/340 326/326/326
f 329/329/329 332/332/332 342/342/342
f 342/342/342 337/337/337 329/329/329
f 334/334/334 319/319/319 326/326/326
f 326/326/326 340/340/340 334/334/334
f 325/325/325 316/316/316 339/339/339
f 339/339/339 341/341/341 325/325/325
f 342/342/342 332/332/332 313/313/313
f 313/313/313 333/333/333 342/342/342
f 107/107/107 314/314/314 343/343/343
f 343/343/343 117/117/117 107/107/107
f 317/317/317 344/344/344 345/345/345
f 345/345/345 318/318/318 317/317/317
f 321/321/321 346/346/346 347/347/347
f 347/347/347 322/322/322 321/321/321
f 324/324/324 348/348/348 346/346/346
f 346/346/346 321/321/321 324/324/324
f 327/327/327 349/349/349 350/350/350
f 350/350/350 328/328/328 327/327/327
f 318/318/318 345/345/345 351/351/351
f 351/351/351 330/330/330 318/318/318
f 331/331/331 330/330/330 351/351/351
f 351/351/351 352/352/352 331/331/331
f 322/322/322 347/347/347 349/349/349
f 349/349/349 327/327/327 322/322/322
f 328/328/328 350/350/350 344/344/344
f 344/344/344 317/317/317 328/328/328
f 314/314/314 331/331/331 352/352/352
f 352/352/352 343/343/343 314/314/314
f 122/122/122 117/117/117 343/343/343
f 343/343/343 353/353/353 122/122/122
f 347/347/347 346/346/346 354/354/354
f 354/354/354 355/355/355 347/347/347
f 354/354/354 346/346/346 348/348/348
f 348/348/348 356/356/356 354/354/354
f 351/351/351 345/345/345 357/357/357
f 357/357/357 358/358/358 351/351/351
f 353/353/353 299/299/299 96/96/96
f 96/96/96 122/122/122 353/353/353
f 357/357/357 359/359/359 300/300/300
f 300/300/300 302/302/302 357/357/357
f 355/355/355 354/354/354 303/303/303
f 303/303/303 304/304/304 355/355/355
f 354/354/354 356/356/356 305/305/305
f 305/305/305 303/303/303 354/354/354
f 360/360/360 361/361/361 306/306/306
f 306/306/306 309/309/309 360/360/360
f 358/358/358 357/357/357 302/302/302
f 302/302/302 310/310/310 358/358/358
f 311/311/311 362/362/362 358/358/358
f 358/358/358 310/310/310 311/311/311
f 361/361/361 355/355/355 304/304/304
f 304/304/304 306/306/306 361/361/361
f 359/359/359 360/360/360 309/309/309
f 309/309/309 300/300/300 359/359/359
f 299/299/299 353/353/353 362/362/362
f 362/362/362 311/311/311 299/299/299
f 359/359/359 357/357/357 345/345/345
f 345/345/345 344/344/344 359/359/359
f 349/349/349 361/361/361 360/360/360
f 360/360/360 350/350/350 349/349/349
f 351/351/351 358/358/358 362/362/362
f 362/362/362 352/352/352 351/351/351
f 355/355/355 361/361/361 349/349/349
f 349/349/349 347/347/347 355/355/355
f 350/350/350 360/360/360 359/359/359
f 359/359/359 344/344/344 350/350/350
f 362/362/362 353/353/353 343/343/343
f 343/343/343 352/352/352 362/362/362
f 363/363/363 364/364/364 365/365/365
f 367/367/367 134/134/134 133/133/133
f 133/133/133 368/368/368 367/367/367
f 368/368/368 133/133/133 146/146/146
f 146/146/146 370/370/370 368/368/368
f 370/370/370 146/146/146 155/155/155
f 155/155/155 372/372/372 370/370/370
f 372/372/372 155/155/155 276/276/276
f 276/276/276 374/374/374 372/372/372
f 374/374/374 276/276/276 264/264/264
f 264/264/264 377/377/377 374/374/374
f 377/377/377 264/264/264 263/263/263
f 263/263/263 378/378/378 377/377/377
f 288/288/288 380/380/380 378/378/378
f 378/378/378 263/263/263 288/288/288
f 380/380/380 288/288/288 296/296/296
f 296/296/296 383/383/383 380/380/380
f 383/383/383 296/296/296 305/305/305
f 305/305/305 385/385/385 383/383/383
f 385/385/385 305/305/305 356/356/356
f 356/356/356 388/388/388 385/385/385
f 388/388/388 356/356/356 348/348/348
f 348/348/348 389/389/389 388/388/388
f 389/389/389 348/348/348 324/324/324
f 324/324/324 391/391/391 389/389/389
f 391/391/391 324/324/324 323/323/323
f 323/323/323 394/394/394 391/391/391
f 394/394/394 323/323/323 336/336/336
f 336/336/336 396/396/396 394/394/394
f 396/396/396 336/336/336 225/225/225
f 225/225/225 398/398/398 396/396/396
f 398/398/398 225/225/225 216/216/216
f 216/216/216 399/399/399 398/398/398
f 399/399/399 216/216/216 204/204/204
f 204/204/204 402/402/402 399/399/399
f 204/204/204 203/203/203 404/404/404
f 404/404/404 402/402/402 204/204/204
f 238/238/238 406/406/406 404/404/404
f 404/404/404 203/203/203 238/238/238
f 406/406/406 238/238/238 246/246/246
f 246/246/246 407/407/407 406/406/406
f 407/407/407 246/246/246 185/185/185
f 185/185/185 411/411/411 407/407/407
f 411/411/411 185/185/185 176/176/176
f 176/176/176 412/412/412 411/411/411
f 412/412/412 176/176/176 168/168/168
f 168/168/168 414/414/414 412/412/412
f 414/414/414 168/168/168 134/134/134
f 134/134/134 367/367/367 414/414/414
f 417/417/417 366/366/366 369/369/369
f 369/369/369 419/419/419 417/417/417
f 419/419/419 369/369/369 371/371/371
f 371/371/371 420/420/420 419/419/419
f 420/420/420 371/371/371 373/373/373
f 373/373/373 422/422/422 420/420/420
f 422/422/422 373/373/373 375/375/375
f 375/375/375 424/424/424 422/422/422
f 424/424/424 375/375/375 376/376/376
f 376/376/376 426/426/426 424/424/424
f 426/426/426 376/376/376 379/379/379
f 379/379/379 428/428/428 426/426/426
f 381/381/381 430/430/430 428/428/428
f 428/428/428 379/379/379 381/381/381
f 430/430/430 381/381/381 384/384/384
f 384/384/384 432/432/432 430/430/430
f 433/433/433 382/382/382 386/386/386
f 386/386/386 435/435/435 433/433/433
f 435/435/435 386/386/386 387/387/387
f 387/387/387 438/438/438 435/435/435
f 438/438/438 387/387/387 390/390/390
f 390/390/390 439/439/439 438/438/438
f 439/439/439 390/390/390 392/392/392
f 392/392/392 442/442/442 439/439/439
f 442/442/442 392/392/392 393/393/393
f 393/393/393 444/444/444 442/442/442
f 444/444/444 393/393/393 395/395/395
f 395/395/395 445/445/445 444/444/444
f 445/445/445 395/395/395 397/397/397
f 397/397/397 448/448/448 445/445/445
f 448/448/448 397/397/397 400/400/400
f 400/400/400 450/450/450 448/448/448
f 450/450/450 400/400/400 401/401/401
f 401/401/401 452/452/452 450/450/450
f 403/403/403 453/453/453 452/452/452
f 452/452/452 401/401/401 403/403/403
f 403/403/403 405/405/405 456/456/456
f 456/456/456 453/453/453 403/403/403
f 456/456/456 405/405/405 408/408/408
f 408/408/408 459/459/459 456/456/456
f 458/458/458 409/409/409 410/410/410
f 410/410/410 460/460/460 458/458/458
f 460/460/460 410/410/410 413/413/413
f 413/413/413 463/463/463 460/460/460
f 463/463/463 413/413/413 415/415/415
f 415/415/415 464/464/464 463/463/463
f 464/464/464 415/415/415 366/366/366
f 366/366/366 417/417/417 464/464/464
f 466/466/466 416/416/416 418/418/418
f 418/418/418 467/467/467 466/466/466
f 467/467/467 418/418/418 421/421/421
f 421/421/421 468/468/468 467/467/467
f 468/468/468 421/421/421 423/423/423
f 423/423/423 469/469/469 468/468/468
f 469/469/469 423/423/423 425/425/425
f 425/425/425 470/470/470 469/469/469
f 470/470/470 425/425/425 427/427/427
f 427/427/427 471/471/471 470/470/470
f 471/471/471 427/427/427 429/429/429
f 429/429/429 472/472/472 471/471/471
f 431/431/431 473/473/473 472/472/472
f 472/472/472 429/429/429 431/431/431
f 473/473/473 431/431/431 434/434/434
f 434/434/434 474/474/474 473/473/473
f 475/475/475 474/474/474 434/434/434
f 434/434/434 436/436/436 475/475/475
f 476/476/476 475/475/475 436/436/436
f 436/436/436 437/437/437 476/476/476
f 476/476/476 437/437/437 440/440/440
f 440/440/440 477/477/477 476/476/476
f 477/477/477 440/440/440 441/441/441
f 441/441/441 478/478/478 477/477/477
f 479/479/479 443/443/443 446/446/446
f 446/446/446 480/480/480 479/479/479
f 480/480/480 446/446/446 447/447/447
f 447/447/447 481/481/481 480/480/480
f 481/481/481 447/447/447 449/449/449
f 449/449/449 482/482/482 481/481/481
f 482/482/482 449/449/449 451/451/451
f 451/451/451 483/483/483 482/482/482
f 483/483/483 451/451/451 454/454/454
f 454/454/454 484/484/484 483/483/483
f 484/484/484 454/454/454 455/455/455
f 455/455/455 485/485/485 484/484/484
f 485/485/485 455/455/455 457/457/457
f 457/457/457 486/486/486 485/485/485
f 486/486/486 457/457/457 461/461/461
f 461/461/461 487/487/487 486/486/486
f 487/487/487 461/461/461 462/462/462
f 462/462/462 488/488/488 487/487/487
f 488/488/488 462/462/462 465/465/465
f 465/465/465 489/489/489 488/488/488
f 489/489/489 465/465/465 416/416/416
f 416/416/416 466/466/466 489/489/489
f 364/364/364 490/490/490 491/491/491
f 478/478/478 441/441/441 443/443/443
f 443/443/443 479/479/479 478/478/478
f 492/492/492 364/364/364 491/491/491
f 364/364/364 493/493/493 494/494/494
f 365/365/365 364/364/364 494/494/494
f 364/364/364 495/495/495 490/490/490
f 363/363/363 495/495/495 364/364/364
f 364/364/364 492/492/492 493/493/493
f 495/495/495 466/466/466 467/467/467
f 495/495/495 467/467/467 468/468/468
f 468/468/468 490/490/490 495/495/495
f 490/490/490 468/468/468 469/469/469
f 490/490/490 469/469/469 470/470/470
f 490/490/490 470/470/470 471/471/471
f 471/471/471 491/491/491 490/490/490
f 491/491/491 471/471/471 472/472/472
f 491/491/491 472/472/472 473/473/473
f 491/491/491 473/473/473 474/474/474
f 474/474/474 492/492/492 491/491/491
f 492/492/492 474/474/474 475/475/475
f 492/492/492 475/475/475 476/476/476
f 492/492/492 476/476/476 477/477/477
f 477/477/477 493/493/493 492/492/492
f 493/493/493 477/477/477 478/478/478
f 493/493/493 478/478/478 479/479/479
f 493/493/493 479/479/479 480/480/480
f 480/480/480 494/494/494 493/493/493
f 494/494/494 480/480/480 481/481/481
f 494/494/494 481/481/481 482/482/482
f 494/494/494 482/482/482 483/483/483
f 483/483/483 365/365/365 494/494/494
f 365/365/365 483/483/483 484/484/484
f 365/365/365 484/484/484 485/485/485
f 365/365/365 485/485/485 486/486/486
f 486/486/486 363/363/363 365/365/365
f 363/363/363 486/486/486 487/487/487
f 363/363/363 487/487/487 488/488/488
f 363/363/363 488/488/488 489/489/489
f 489/489/489 495/495/495 363/363/363
f 495/495/495 489/489/489 466/466/466
f 496/496/496 497/497/497 498/498/498
f 498/498/498 499/499/499 496/496/496
f 500/500/500 501/501/501 502/502/502
f 502/502/502 503/503/503 500/500/500
f 5/5/5 504/504/504 505/505/505
f 505/505/505 12/12/12 5/5/5
f 506/506/506 507/507/507 498/498/498
f 498/498/498 497/497/497 506/506/506
f 508/508/508 509/509/509 510/510/510
f 510/510/510 511/511/511 508/508/508
f 512/512/512 513/513/513 496/496/496
f 496/496/496 499/499/499 512/512/512
f 509/509/509 508/508/508 514/514/514
f 514/514/514 515/515/515 509/509/509
f 505/505/505 504/504/504 515/515/515
f 515/515/515 514/514/514 505/505/505
f 496/496/496 513/513/513 516/516/516
f 516/516/516 517/517/517 496/496/496
f 497/497/497 496/496/496 517/517/517
f 517/517/517 518/518/518 497/497/497
f 519/519/519 502/502/502 501/501/501
f 501/501/501 520/520/520 519/519/519
f 508/508/508 521/521/521 522/522/522
f 522/522/522 514/514/514 508/508/508
f 497/497/497 518/518/518 523/523/523
f 523/523/523 506/506/506 497/497/497
f 524/524/524 505/505/505 514/514/514
f 514/514/514 522/522/522 524/524/524
f 505/505/505 524/524/524 17/17/17
f 17/17/17 12/12/12 505/505/505
f 521/521/521 508/508/508 511/511/511
f 511/511/511 525/525/525 521/521/521
f 526/526/526 512/512/512 499/499/499
f 499/499/499 527/527/527 526/526/526
f 527/527/527 499/499/499 498/498/498
f 498/498/498 528/528/528 527/527/527
f 500/500/500 503/503/503 529/529/529
f 529/529/529 530/530/530 500/500/500
f 515/515/515 531/531/531 532/532/532
f 532/532/532 509/509/509 515/515/515
f 507/507/507 533/533/533 528/528/528
f 528/528/528 498/498/498 507/507/507
f 515/515/515 504/504/504 534/534/534
f 534/534/534 531/531/531 515/515/515
f 5/5/5 4/4/4 534/534/534
f 534/534/534 504/504/504 5/5/5
f 510/510/510 509/509/509 532/532/532
f 532/532/532 535/535/535 510/510/510
f 536/536/536 537/537/537 538/538/538
f 538/538/538 539/539/539 536/536/536
f 540/540/540 541/541/541 542/542/542
f 542/542/542 543/543/543 540/540/540
f 544/544/544 545/545/545 22/22/22
f 22/22/22 27/27/27 544/544/544
f 536/536/536 546/546/546 547/547/547
f 547/547/547 537/537/537 536/536/536
f 548/548/548 549/549/549 550/550/550
f 550/550/550 551/551/551 548/548/548
f 538/538/538 552/552/552 553/553/553
f 553/553/553 539/539/539 538/538/538
f 554/554/554 550/550/550 549/549/549
f 549/549/549 555/555/555 554/554/554
f 555/555/555 545/545/545 544/544/544
f 544/544/544 554/554/554 555/555/555
f 538/538/538 556/556/556 557/557/557
f 557/557/557 552/552/552 538/538/538
f 537/537/537 558/558/558 556/556/556
f 556/556/556 538/538/538 537/537/537
f 559/559/559 560/560/560 541/541/541
f 541/541/541 540/540/540 559/559/559
f 561/561/561 562/562/562 550/550/550
f 550/550/550 554/554/554 561/561/561
f 563/563/563 558/558/558 537/537/537
f 537/537/537 547/547/547 563/563/563
f 564/564/564 561/561/561 554/554/554
f 554/554/554 544/544/544 564/564/564
f 30/30/30 564/564/564 544/544/544
f 544/544/544 27/27/27 30/30/30
f 562/562/562 565/565/565 551/551/551
f 551/551/551 550/550/550 562/562/562
f 526/526/526 527/527/527 539/539/539
f 539/539/539 553/553/553 526/526/526
f 527/527/527 528/528/528 536/536/536
f 536/536/536 539/539/539 527/527/527
f 542/542/542 530/530/530 529/529/529
f 529/529/529 543/543/543 542/542/542
f 532/532/532 531/531/531 555/555/555
f 555/555/555 549/549/549 532/532/532
f 528/528/528 533/533/533 546/546/546
f 546/546/546 536/536/536 528/528/528
f 555/555/555 531/531/531 534/534/534
f 534/534/534 545/545/545 555/555/555
f 534/534/534 4/4/4 22/22/22
f 22/22/22 545/545/545 534/534/534
f 548/548/548 535/535/535 532/532/532
f 532/532/532 549/549/549 548/548/548
f 566/566/566 567/567/567 568/568/568
f 568/568/568 569/569/569 566/566/566
f 570/570/570 571/571/571 572/572/572
f 572/572/572 573/573/573 570/570/570
f 574/574/574 575/575/575 41/41/41
f 41/41/41 46/46/46 574/574/574
f 566/566/566 576/576/576 577/577/577
f 577/577/577 567/567/567 566/566/566
f 578/578/578 579/579/579 580/580/580
f 580/580/580 581/581/581 578/578/578
f 568/568/568 582/582/582 583/583/583
f 583/583/583 569/569/569 568/568/568
f 584/584/584 580/580/580 579/579/579
f 579/579/579 585/585/585 584/584/584
f 585/585/585 575/575/575 574/574/574
f 574/574/574 584/584/584 585/585/585
f 586/586/586 582/582/582 568/568/568
f 568/568/568 587/587/587 586/586/586
f 587/587/587 568/568/568 567/567/567
f 567/567/567 588/588/588 587/587/587
f 589/589/589 590/590/590 571/571/571
f 571/571/571 570/570/570 589/589/589
f 580/580/580 584/584/584 591/591/591
f 591/591/591 592/592/592 580/580/580
f 567/567/567 577/577/577 593/593/593
f 593/593/593 588/588/588 567/567/567
f 594/594/594 591/591/591 584/584/584
f 584/584/584 574/574/574 594/594/594
f 574/574/574 46/46/46 52/52/52
f 52/52/52 594/594/594 574/574/574
f 592/592/592 595/595/595 581/581/581
f 581/581/581 580/580/580 592/592/592
f 596/596/596 597/597/597 569/569/569
f 569/569/569 583/583/583 596/596/596
f 597/597/597 598/598/598 566/566/566
f 566/566/566 569/569/569 597/597/597
f 572/572/572 599/599/599 600/600/600
f 600/600/600 573/573/573 572/572/572
f 601/601/601 602/602/602 585/585/585
f 585/585/585 579/579/579 601/601/601
f 598/598/598 603/603/603 576/576/576
f 576/576/576 566/566/566 598/598/598
f 585/585/585 602/602/602 604/604/604
f 604/604/604 575/575/575 585/585/585
f 604/604/604 37/37/37 41/41/41
f 41/41/41 575/575/575 604/604/604
f 578/578/578 605/605/605 601/601/601
f 601/601/601 579/579/579 578/578/578
f 606/606/606 608/608/608 610/610/610
f 610/610/610 611/611/611 606/606/606
f 612/612/612 613/613/613 615/615/615
f 615/615/615 617/617/617 612/612/612
f 58/58/58 618/618/618 619/619/619
f 619/619/619 61/61/61 58/58/58
f 621/621/621 623/623/623 610/610/610
f 610/610/610 608/608/608 621/621/621
f 624/624/624 626/626/626 627/627/627
f 627/627/627 629/629/629 624/624/624
f 630/630/630 632/632/632 606/606/606
f 606/606/606 611/611/611 630/630/630
f 626/626/626 624/624/624 633/633/633
f 633/633/633 635/635/635 626/626/626
f 619/619/619 618/618/618 635/635/635
f 635/635/635 633/633/633 619/619/619
f 607/607/607 631/631/631 557/557/557
f 557/557/557 556/556/556 607/607/607
f 609/609/609 607/607/607 556/556/556
f 556/556/556 558/558/558 609/609/609
f 559/559/559 616/616/616 614/614/614
f 614/614/614 560/560/560 559/559/559
f 625/625/625 562/562/562 561/561/561
f 561/561/561 634/634/634 625/625/625
f 609/609/609 558/558/558 563/563/563
f 563/563/563 622/622/622 609/609/609
f 564/564/564 620/620/620 634/634/634
f 634/634/634 561/561/561 564/564/564
f 620/620/620 564/564/564 30/30/30
f 30/30/30 63/63/63 620/620/620
f 562/562/562 625/625/625 628/628/628
f 628/628/628 565/565/565 562/562/562
f 596/596/596 630/630/630 611/611/611
f 611/611/611 597/597/597 596/596/596
f 597/597/597 611/611/611 610/610/610
f 610/610/610 598/598/598 597/597/597
f 612/612/612 617/617/617 600/600/600
f 600/600/600 599/599/599 612/612/612
f 635/635/635 602/602/602 601/601/601
f 601/601/601 626/626/626 635/635/635
f 623/623/623 603/603/603 598/598/598
f 598/598/598 610/610/610 623/623/623
f 635/635/635 618/618/618 604/604/604
f 604/604/604 602/602/602 635/635/635
f 58/58/58 37/37/37 604/604/604
f 604/604/604 618/618/618 58/58/58
f 627/627/627 626/626/626 601/601/601
f 601/601/601 605/605/605 627/627/627
f 636/636/636 637/637/637 638/638/638
f 638/638/638 639/639/639 636/636/636
f 640/640/640 641/641/641 642/642/642
f 642/642/642 643/643/643 640/640/640
f 644/644/644 645/645/645 71/71/71
f 71/71/71 77/77/77 644/644/644
f 636/636/636 646/646/646 647/647/647
f 647/647/647 637/637/637 636/636/636
f 648/648/648 649/649/649 650/650/650
f 650/650/650 651/651/651 648/648/648
f 638/638/638 652/652/652 653/653/653
f 653/653/653 639/639/639 638/638/638
f 654/654/654 650/650/650 649/649/649
f 649/649/649 655/655/655 654/654/654
f 655/655/655 645/645/645 644/644/644
f 644/644/644 654/654/654 655/655/655
f 638/638/638 517/517/517 516/516/516
f 516/516/516 652/652/652 638/638/638
f 637/637/637 518/518/518 517/517/517
f 517/517/517 638/638/638 637/637/637
f 519/519/519 520/520/520 641/641/641
f 641/641/641 640/640/640 519/519/519
f 522/522/522 521/521/521 650/650/650
f 650/650/650 654/654/654 522/522/522
f 523/523/523 518/518/518 637/637/637
f 637/637/637 647/647/647 523/523/523
f 524/524/524 522/522/522 654/654/654
f 654/654/654 644/644/644 524/524/524
f 17/17/17 524/524/524 644/644/644
f 644/644/644 77/77/77 17/17/17
f 521/521/521 525/525/525 651/651/651
f 651/651/651 650/650/650 521/521/521
f 656/656/656 657/657/657 639/639/639
f 639/639/639 653/653/653 656/656/656
f 657/657/657 658/658/658 636/636/636
f 636/636/636 639/639/639 657/657/657
f 642/642/642 659/659/659 660/660/660
f 660/660/660 643/643/643 642/642/642
f 661/661/661 662/662/662 655/655/655
f 655/655/655 649/649/649 661/661/661
f 658/658/658 663/663/663 646/646/646
f 646/646/646 636/636/636 658/658/658
f 655/655/655 662/662/662 664/664/664
f 664/664/664 645/645/645 655/655/655
f 664/664/664 68/68/68 71/71/71
f 71/71/71 645/645/645 664/664/664
f 648/648/648 665/665/665 661/661/661
f 661/661/661 649/649/649 648/648/648
f 667/667/667 669/669/669 670/670/670
f 670/670/670 671/671/671 667/667/667
f 672/672/672 673/673/673 676/676/676
f 676/676/676 677/677/677 672/672/672
f 84/84/84 678/678/678 679/679/679
f 679/679/679 88/88/88 84/84/84
f 682/682/682 683/683/683 670/670/670
f 670/670/670 669/669/669 682/682/682
f 684/684/684 686/686/686 687/687/687
f 687/687/687 689/689/689 684/684/684
f 690/690/690 692/692/692 667/667/667
f 667/667/667 671/671/671 690/690/690
f 686/686/686 684/684/684 694/694/694
f 694/694/694 695/695/695 686/686/686
f 679/679/679 678/678/678 695/695/695
f 695/695/695 694/694/694 679/679/679
f 666/666/666 691/691/691 696/696/696
f 696/696/696 697/697/697 666/666/666
f 668/668/668 666/666/666 697/697/697
f 697/697/697 698/698/698 668/668/668
f 699/699/699 675/675/675 674/674/674
f 674/674/674 700/700/700 699/699/699
f 685/685/685 701/701/701 702/702/702
f 702/702/702 693/693/693 685/685/685
f 668/668/668 698/698/698 703/703/703
f 703/703/703 681/681/681 668/668/668
f 704/704/704 680/680/680 693/693/693
f 693/693/693 702/702/702 704/704/704
f 680/680/680 704/704/704 93/93/93
f 93/93/93 89/89/89 680/680/680
f 701/701/701 685/685/685 688/688/688
f 688/688/688 705/705/705 701/701/701
f 656/656/656 690/690/690 671/671/671
f 671/671/671 657/657/657 656/656/656
f 657/657/657 671/671/671 670/670/670
f 670/670/670 658/658/658 657/657/657
f 672/672/672 677/677/677 660/660/660
f 660/660/660 659/659/659 672/672/672
f 695/695/695 662/662/662 661/661/661
f 661/661/661 686/686/686 695/695/695
f 683/683/683 663/663/663 658/658/658
f 658/658/658 670/670/670 683/683/683
f 695/695/695 678/678/678 664/664/664
f 664/664/664 662/662/662 695/695/695
f 84/84/84 68/68/68 664/664/664
f 664/664/664 678/678/678 84/84/84
f 687/687/687 686/686/686 661/661/661
f 661/661/661 665/665/665 687/687/687
f 706/706/706 707/707/707 708/708/708
f 708/708/708 709/709/709 706/706/706
f 710/710/710 711/711/711 712/712/712
f 712/712/712 713/713/713 710/710/710
f 102/102/102 714/714/714 715/715/715
f 715/715/715 108/108/108 102/102/102
f 716/716/716 717/717/717 708/708/708
f 708/708/708 707/707/707 716/716/716
f 718/718/718 719/719/719 720/720/720
f 720/720/720 721/721/721 718/718/718
f 722/722/722 723/723/723 706/706/706
f 706/706/706 709/709/709 722/722/722
f 719/719/719 718/718/718 724/724/724
f 724/724/724 725/725/725 719/719/719
f 715/715/715 714/714/714 725/725/725
f 725/725/725 724/724/724 715/715/715
f 586/586/586 587/587/587 706/706/706
f 706/706/706 723/723/723 586/586/586
f 587/587/587 588/588/588 707/707/707
f 707/707/707 706/706/706 587/587/587
f 589/589/589 712/712/712 711/711/711
f 711/711/711 590/590/590 589/589/589
f 591/591/591 724/724/724 718/718/718
f 718/718/718 592/592/592 591/591/591
f 593/593/593 716/716/716 707/707/707
f 707/707/707 588/588/588 593/593/593
f 594/594/594 715/715/715 724/724/724
f 724/724/724 591/591/591 594/594/594
f 52/52/52 108/108/108 715/715/715
f 715/715/715 594/594/594 52/52/52
f 592/592/592 718/718/718 721/721/721
f 721/721/721 595/595/595 592/592/592
f 726/726/726 722/722/722 709/709/709
f 709/709/709 727/727/727 726/726/726
f 727/727/727 709/709/709 708/708/708
f 708/708/708 728/728/728 727/727/727
f 710/710/710 713/713/713 729/729/729
f 729/729/729 730/730/730 710/710/710
f 725/725/725 731/731/731 732/732/732
f 732/732/732 719/719/719 725/725/725
f 717/717/717 733/733/733 728/728/728
f 728/728/728 708/708/708 717/717/717
f 725/725/725 714/714/714 734/734/734
f 734/734/734 731/731/731 725/725/725
f 102/102/102 101/101/101 734/734/734
f 734/734/734 714/714/714 102/102/102
f 720/720/720 719/719/719 732/732/732
f 732/732/732 735/735/735 720/720/720
f 736/736/736 737/737/737 738/738/738
f 738/738/738 739/739/739 736/736/736
f 740/740/740 741/741/741 742/742/742
f 742/742/742 743/743/743 740/740/740
f 744/744/744 745/745/745 115/115/115
f 115/115/115 118/118/118 744/744/744
f 736/736/736 746/746/746 747/747/747
f 747/747/747 737/737/737 736/736/736
f 748/748/748 749/749/749 750/750/750
f 750/750/750 751/751/751 748/748/748
f 738/738/738 752/752/752 753/753/753
f 753/753/753 739/739/739 738/738/738
f 754/754/754 750/750/750 749/749/749
f 749/749/749 755/755/755 754/754/754
f 755/755/755 745/745/745 744/744/744
f 744/744/744 754/754/754 755/755/755
f 738/738/738 697/697/697 696/696/696
f 696/696/696 752/752/752 738/738/738
f 737/737/737 698/698/698 697/697/697
f 697/697/697 738/738/738 737/737/737
f 699/699/699 700/700/700 741/741/741
f 741/741/741 740/740/740 699/699/699
f 702/702/702 701/701/701 750/750/750
f 750/750/750 754/754/754 702/702/702
f 703/703/703 698/698/698 737/737/737
f 737/737/737 747/747/747 703/703/703
f 704/704/704 702/702/702 754/754/754
f 754/754/754 744/744/744 704/704/704
f 93/93/93 704/704/704 744/744/744
f 744/744/744 118/118/118 93/93/93
f 701/701/701 705/705/705 751/751/751
f 751/751/751 750/750/750 701/701/701
f 726/726/726 727/727/727 739/739/739
f 739/739/739 753/753/753 726/726/726
f 727/727/727 728/728/728 736/736/736
f 736/736/736 739/739/739 727/727/727
f 742/742/742 730/730/730 729/729/729
f 729/729/729 743/743/743 742/742/742
f 732/732/732 731/731/731 755/755/755
f 755/755/755 749/749/749 732/732/732
f 728/728/728 733/733/733 746/746/746
f 746/746/746 736/736/736 728/728/728
f 755/755/755 731/731/731 734/734/734
f 734/734/734 745/745/745 755/755/755
f 734/734/734 101/101/101 115/115/115
f 115/115/115 745/745/745 734/734/734
f 748/748/748 735/735/735 732/732/732
f 732/732/732 749/749/749 748/748/748
f 507/507/507 506/506/506 501/501/501
f 501/501/501 500/500/500 507/507/507
f 530/530/530 533/533/533 507/507/507
f 507/507/507 500/500/500 530/530/530
f 547/547/547 546/546/546 542/542/542
f 542/542/542 541/541/541 547/547/547
f 560/560/560 563/563/563 547/547/547
f 547/547/547 541/541/541 560/560/560
f 546/546/546 533/533/533 530/530/530
f 530/530/530 542/542/542 546/546/546
f 577/577/577 576/576/576 572/572/572
f 572/572/572 571/571/571 577/577/577
f 590/590/590 593/593/593 577/577/577
f 577/577/577 571/571/571 590/590/590
f 576/576/576 603/603/603 599/599/599
f 599/599/599 572/572/572 576/576/576
f 623/623/623 621/621/621 613/613/613
f 613/613/613 612/612/612 623/623/623
f 622/622/622 563/563/563 560/560/560
f 560/560/560 614/614/614 622/622/622
f 599/599/599 603/603/603 623/623/623
f 623/623/623 612/612/612 599/599/599
f 506/506/506 523/523/523 520/520/520
f 520/520/520 501/501/501 506/506/506
f 647/647/647 646/646/646 642/642/642
f 642/642/642 641/641/641 647/647/647
f 520/520/520 523/523/523 647/647/647
f 647/647/647 641/641/641 520/520/520
f 646/646/646 663/663/663 659/659/659
f 659/659/659 642/642/642 646/646/646
f 683/683/683 682/682/682 673/673/673
f 673/673/673 672/672/672 683/683/683
f 681/681/681 703/703/703 700/700/700
f 700/700/700 674/674/674 681/681/681
f 659/659/659 663/663/663 683/683/683
f 683/683/683 672/672/672 659/659/659
f 717/717/717 716/716/716 711/711/711
f 711/711/711 710/710/710 717/717/717
f 716/716/716 593/593/593 590/590/590
f 590/590/590 711/711/711 716/716/716
f 730/730/730 733/733/733 717/717/717
f 717/717/717 710/710/710 730/730/730
f 747/747/747 746/746/746 742/742/742
f 742/742/742 741/741/741 747/747/747
f 700/700/700 703/703/703 747/747/747
f 747/747/747 741/741/741 700/700/700
f 746/746/746 733/733/733 730/730/730
f 730/730/730 742/742/742 746/746/746
f 503/503/503 502/502/502 511/511/511
f 511/511/511 510/510/510 503/503/503
f 535/535/535 529/529/529 503/503/503
f 503/503/503 510/510/510 535/535/535
f 540/540/540 543/543/543 548/548/548
f 548/548/548 551/551/551 540/540/540
f 565/565/565 559/559/559 540/540/540
f 540/540/540 551/551/551 565/565/565
f 543/543/543 529/529/529 535/535/535
f 535/535/535 548/548/548 543/543/543
f 570/570/570 573/573/573 578/578/578
f 578/578/578 581/581/581 570/570/570
f 595/595/595 589/589/589 570/570/570
f 570/570/570 581/581/581 595/595/595
f 573/573/573 600/600/600 605/605/605
f 605/605/605 578/578/578 573/573/573
f 617/617/617 615/615/615 629/629/629
f 629/629/629 627/627/627 617/617/617
f 616/616/616 559/559/559 565/565/565
f 565/565/565 628/628/628 616/616/616
f 605/605/605 600/600/600 617/617/617
f 617/617/617 627/627/627 605/605/605
f 502/502/502 519/519/519 525/525/525
f 525/525/525 511/511/511 502/502/502
f 640/640/640 643/643/643 648/648/648
f 648/648/648 651/651/651 640/640/640
f 525/525/525 519/519/519 640/640/640
f 640/640/640 651/651/651 525/525/525
f 643/643/643 660/660/660 665/665/665
f 665/665/665 648/648/648 643/643/643
f 677/677/677 676/676/676 689/689/689
f 689/689/689 687/687/687 677/677/677
f 675/675/675 699/699/699 705/705/705
f 705/705/705 688/688/688 675/675/675
f 665/665/665 660/660/660 677/677/677
f 677/677/677 687/687/687 665/665/665
f 713/713/713 712/712/712 721/721/721
f 721/721/721 720/720/720 713/713/713
f 712/712/712 589/589/589 595/595/595
f 595/595/595 721/721/721 712/712/712
f 735/735/735 729/729/729 713/713/713
f 713/713/713 720/720/720 735/735/735
f 740/740/740 743/743/743 748/748/748
f 748/748/748 751/751/751 740/740/740
f 705/705/705 699/699/699 740/740/740
f 740/740/740 751/751/751 705/705/705
f 743/743/743 729/729/729 735/735/735
f 735/735/735 748/748/748 743/743/743
f 756/756/756 757/757/757 758/758/758
f 758/758/758 759/759/759 756/756/756
f 760/760/760 761/761/761 762/762/762
f 762/762/762 763/763/763 760/760/760
f 764/764/764 765/765/765 766/766/766
f 766/766/766 767/767/767 764/764/764
f 765/765/765 764/764/764 768/768/768
f 768/768/768 769/769/769 765/765/765
f 770/770/770 771/771/771 772/772/772
f 772/772/772 773/773/773 770/770/770
f 774/774/774 775/775/775 776/776/776
f 776/776/776 777/777/777 774/774/774
f 775/775/775 778/778/778 779/779/779
f 779/779/779 776/776/776 775/775/775
f 780/780/780 781/781/781 782/782/782
f 782/782/782 783/783/783 780/780/780
f 783/783/783 782/782/782 784/784/784
f 784/784/784 785/785/785 783/783/783
f 760/760/760 763/763/763 757/757/757
f 757/757/757 756/756/756 760/760/760
f 761/761/761 786/786/786 787/787/787
f 787/787/787 762/762/762 761/761/761
f 788/788/788 789/789/789 790/790/790
f 790/790/790 791/791/791 788/788/788
f 792/792/792 793/793/793 794/794/794
f 794/794/794 795/795/795 792/792/792
f 796/796/796 797/797/797 793/793/793
f 793/793/793 792/792/792 796/796/796
f 759/759/759 798/798/798 799/799/799
f 799/799/799 756/756/756 759/759/759
f 760/760/760 800/800/800 801/801/801
f 801/801/801 761/761/761 760/760/760
f 767/767/767 802/802/802 803/803/803
f 803/803/803 764/764/764 767/767/767
f 803/803/803 804/804/804 768/768/768
f 768/768/768 764/764/764 803/803/803
f 805/805/805 806/806/806 770/770/770
f 770/770/770 773/773/773 805/805/805
f 807/807/807 808/808/808 775/775/775
f 775/775/775 774/774/774 807/807/807
f 808/808/808 809/809/809 778/778/778
f 778/778/778 775/775/775 808/808/808
f 810/810/810 811/811/811 782/782/782
f 782/782/782 781/781/781 810/810/810
f 811/811/811 812/812/812 784/784/784
f 784/784/784 782/782/782 811/811/811
f 799/799/799 798/798/798 813/813/813
f 813/813/813 814/814/814 799/799/799
f 815/815/815 801/801/801 800/800/800
f 800/800/800 816/816/816 815/815/815
f 803/803/803 802/802/802 817/817/817
f 817/817/817 818/818/818 803/803/803
f 818/818/818 819/819/819 804/804/804
f 804/804/804 803/803/803 818/818/818
f 806/806/806 805/805/805 820/820/820
f 820/820/820 821/821/821 806/806/806
f 822/822/822 808/808/808 807/807/807
f 807/807/807 823/823/823 822/822/822
f 824/824/824 809/809/809 808/808/808
f 808/808/808 822/822/822 824/824/824
f 825/825/825 826/826/826 811/811/811
f 811/811/811 810/810/810 825/825/825
f 826/826/826 827/827/827 812/812/812
f 812/812/812 811/811/811 826/826/826
f 800/800/800 799/799/799 814/814/814
f 814/814/814 816/816/816 800/800/800
f 828/828/828 829/829/829 801/801/801
f 801/801/801 815/815/815 828/828/828
f 830/830/830 831/831/831 832/832/832
f 832/832/832 833/833/833 830/830/830
f 834/834/834 832/832/832 831/831/831
f 831/831/831 835/835/835 834/834/834
f 836/836/836 834/834/834 835/835/835
f 835/835/835 837/837/837 836/836/836
f 760/760/760 756/756/756 799/799/799
f 799/799/799 800/800/800 760/760/760
f 786/786/786 761/761/761 801/801/801
f 801/801/801 829/829/829 786/786/786
f 831/831/831 830/830/830 789/789/789
f 789/789/789 794/794/794 831/831/831
f 794/794/794 793/793/793 835/835/835
f 835/835/835 831/831/831 794/794/794
f 793/793/793 797/797/797 837/837/837
f 837/837/837 835/835/835 793/793/793
f 838/838/838 839/839/839 758/758/758
f 758/758/758 757/757/757 838/838/838
f 762/762/762 840/840/840 841/841/841
f 841/841/841 763/763/763 762/762/762
f 842/842/842 843/843/843 766/766/766
f 766/766/766 765/765/765 842/842/842
f 765/765/765 769/769/769 844/844/844
f 844/844/844 842/842/842 765/765/765
f 845/845/845 846/846/846 772/772/772
f 772/772/772 771/771/771 845/845/845
f 776/776/776 847/847/847 848/848/848
f 848/848/848 777/777/777 776/776/776
f 779/779/779 849/849/849 847/847/847
f 847/847/847 776/776/776 779/779/779
f 780/780/780 783/783/783 850/850/850
f 850/850/850 851/851/851 780/780/780
f 783/783/783 785/785/785 852/852/852
f 852/852/852 850/850/850 783/783/783
f 841/841/841 838/838/838 757/757/757
f 757/757/757 763/763/763 841/841/841
f 787/787/787 853/853/853 840/840/840
f 840/840/840 762/762/762 787/787/787
f 854/854/854 855/855/855 795/795/795
f 795/795/795 788/788/788 854/854/854
f 792/792/792 795/795/795 855/855/855
f 855/855/855 856/856/856 792/792/792
f 796/796/796 792/792/792 856/856/856
f 856/856/856 857/857/857 796/796/796
f 858/858/858 839/839/839 838/838/838
f 838/838/838 859/859/859 858/858/858
f 860/860/860 841/841/841 840/840/840
f 840/840/840 861/861/861 860/860/860
f 862/862/862 843/843/843 842/842/842
f 842/842/842 863/863/863 862/862/862
f 863/863/863 842/842/842 844/844/844
f 844/844/844 864/864/864 863/863/863
f 865/865/865 846/846/846 845/845/845
f 845/845/845 866/866/866 865/865/865
f 867/867/867 848/848/848 847/847/847
f 847/847/847 868/868/868 867/867/867
f 868/868/868 847/847/847 849/849/849
f 849/849/849 869/869/869 868/868/868
f 870/870/870 851/851/851 850/850/850
f 850/850/850 871/871/871 870/870/870
f 850/850/850 852/852/852 872/872/872
f 872/872/872 871/871/871 850/850/850
f 859/859/859 873/873/873 874/874/874
f 874/874/874 858/858/858 859/859/859
f 860/860/860 861/861/861 875/875/875
f 875/875/875 876/876/876 860/860/860
f 863/863/863 877/877/877 878/878/878
f 878/878/878 862/862/862 863/863/863
f 877/877/877 863/863/863 864/864/864
f 864/864/864 879/879/879 877/877/877
f 866/866/866 880/880/880 881/881/881
f 881/881/881 865/865/865 866/866/866
f 867/867/867 868/868/868 882/882/882
f 882/882/882 883/883/883 867/867/867
f 868/868/868 869/869/869 884/884/884
f 884/884/884 882/882/882 868/868/868
f 885/885/885 870/870/870 871/871/871
f 871/871/871 886/886/886 885/885/885
f 886/886/886 871/871/871 872/872/872
f 872/872/872 887/887/887 886/886/886
f 860/860/860 876/876/876 873/873/873
f 873/873/873 859/859/859 860/860/860
f 861/861/861 888/888/888 889/889/889
f 889/889/889 875/875/875 861/861/861
f 890/890/890 891/891/891 892/892/892
f 892/892/892 893/893/893 890/890/890
f 894/894/894 895/895/895 896/896/896
f 896/896/896 897/897/897 894/894/894
f 898/898/898 899/899/899 895/895/895
f 895/895/895 894/894/894 898/898/898
f 841/841/841 860/860/860 859/859/859
f 859/859/859 838/838/838 841/841/841
f 853/853/853 888/888/888 861/861/861
f 861/861/861 840/840/840 853/853/853
f 892/892/892 891/891/891 854/854/854
f 854/854/854 900/900/900 892/892/892
f 855/855/855 896/896/896 895/895/895
f 895/895/895 856/856/856 855/855/855
f 895/895/895 899/899/899 857/857/857
f 857/857/857 856/856/856 895/895/895
f 901/901/901 902/902/902 903/903/903
f 903/903/903 904/904/904 901/901/901
f 905/905/905 906/906/906 907/907/907
f 907/907/907 908/908/908 905/905/905
f 909/909/909 910/910/910 911/911/911
f 911/911/911 912/912/912 909/909/909
f 912/912/912 913/913/913 914/914/914
f 914/914/914 909/909/909 912/912/912
f 915/915/915 916/916/916 917/917/917
f 917/917/917 918/918/918 915/915/915
f 919/919/919 920/920/920 921/921/921
f 921/921/921 922/922/922 919/919/919
f 923/923/923 924/924/924 920/920/920
f 920/920/920 919/919/919 923/923/923
f 925/925/925 926/926/926 927/927/927
f 927/927/927 928/928/928 925/925/925
f 926/926/926 929/929/929 930/930/930
f 930/930/930 927/927/927 926/926/926
f 907/907/907 901/901/901 904/904/904
f 904/904/904 908/908/908 907/907/907
f 931/931/931 932/932/932 906/906/906
f 906/906/906 905/905/905 931/931/931
f 933/933/933 934/934/934 935/935/935
f 935/935/935 936/936/936 933/933/933
f 937/937/937 935/935/935 934/934/934
f 934/934/934 938/938/938 937/937/937
f 939/939/939 937/937/937 938/938/938
f 938/938/938 940/940/940 939/939/939
f 941/941/941 902/902/902 901/901/901
f 901/901/901 942/942/942 941/941/941
f 943/943/943 907/907/907 906/906/906
f 906/906/906 944/944/944 943/943/943
f 945/945/945 910/910/910 909/909/909
f 909/909/909 946/946/946 945/945/945
f 946/946/946 909/909/909 914/914/914
f 914/914/914 947/947/947 946/946/946
f 948/948/948 916/916/916 915/915/915
f 915/915/915 949/949/949 948/948/948
f 950/950/950 921/921/921 920/920/920
f 920/920/920 951/951/951 950/950/950
f 951/951/951 920/920/920 924/924/924
f 924/924/924 952/952/952 951/951/951
f 953/953/953 928/928/928 927/927/927
f 927/927/927 954/954/954 953/953/953
f 927/927/927 930/930/930 955/955/955
f 955/955/955 954/954/954 927/927/927
f 942/942/942 956/956/956 957/957/957
f 957/957/957 941/941/941 942/942/942
f 943/943/943 944/944/944 958/958/958
f 958/958/958 959/959/959 943/943/943
f 946/946/946 960/960/960 961/961/961
f 961/961/961 945/945/945 946/946/946
f 960/960/960 946/946/946 947/947/947
f 947/947/947 962/962/962 960/960/960
f 949/949/949 963/963/963 964/964/964
f 964/964/964 948/948/948 949/949/949
f 950/950/950 951/951/951 965/965/965
f 965/965/965 966/966/966 950/950/950
f 951/951/951 952/952/952 967/967/967
f 967/967/967 965/965/965 951/951/951
f 968/968/968 953/953/953 954/954/954
f 954/954/954 969/969/969 968/968/968
f 969/969/969 954/954/954 955/955/955
f 955/955/955 970/970/970 969/969/969
f 943/943/943 959/959/959 956/956/956
f 956/956/956 942/942/942 943/943/943
f 944/944/944 971/971/971 972/972/972
f 972/972/972 958/958/958 944/944/944
f 973/973/973 974/974/974 975/975/975
f 975/975/975 976/976/976 973/973/973
f 977/977/977 978/978/978 979/979/979
f 979/979/979 980/980/980 977/977/977
f 981/981/981 982/982/982 978/978/978
f 978/978/978 977/977/977 981/981/981
f 907/907/907 943/943/943 942/942/942
f 942/942/942 901/901/901 907/907/907
f 932/932/932 971/971/971 944/944/944
f 944/944/944 906/906/906 932/932/932
f 975/975/975 974/974/974 933/933/933
f 933/933/933 983/983/983 975/975/975
f 934/934/934 979/979/979 978/978/978
f 978/978/978 938/938/938 934/934/934
f 978/978/978 982/982/982 940/940/940
f 940/940/940 938/938/938 978/978/978
f 984/984/984 904/904/904 903/903/903
f 903/903/903 985/985/985 984/984/984
f 986/986/986 987/987/987 905/905/905
f 905/905/905 908/908/908 986/986/986
f 988/988/988 912/912/912 911/911/911
f 911/911/911 989/989/989 988/988/988
f 912/912/912 988/988/988 990/990/990
f 990/990/990 913/913/913 912/912/912
f 991/991/991 918/918/918 917/917/917
f 917/917/917 992/992/992 991/991/991
f 993/993/993 994/994/994 919/919/919
f 919/919/919 922/922/922 993/993/993
f 994/994/994 995/995/995 923/923/923
f 923/923/923 919/919/919 994/994/994
f 925/925/925 996/996/996 997/997/997
f 997/997/997 926/926/926 925/925/925
f 926/926/926 997/997/997 998/998/998
f 998/998/998 929/929/929 926/926/926
f 986/986/986 908/908/908 904/904/904
f 904/904/904 984/984/984 986/986/986
f 987/987/987 999/999/999 931/931/931
f 931/931/931 905/905/905 987/987/987
f 936/936/936 1000/1000/1000 1001/1001/1001
f 1001/1001/1001 1002/1002/1002 936/936/936
f 937/937/937 1003/1003/1003 1004/1004/1004
f 1004/1004/1004 935/935/935 937/937/937
f 939/939/939 1005/1005/1005 1003/1003/1003
f 1003/1003/1003 937/937/937 939/939/939
f 985/985/985 1006/1006/1006 1009/1009/1009
f 1009/1009/1009 984/984/984 985/985/985
f 1010/1010/1010 1012/1012/1012 987/987/987
f 987/987/987 986/986/986 1010/1010/1010
f 1015/1015/1015 1016/1016/1016 988/988/988
f 988/988/988 989/989/989 1015/1015/1015
f 1016/1016/1016 1018/1018/1018 990/990/990
f 990/990/990 988/988/988 1016/1016/1016
f 1020/1020/1020 1022/1022/1022 991/991/991
f 991/991/991 992/992/992 1020/1020/1020
f 1025/1025/1025 1027/1027/1027 994/994/994
f 994/994/994 993/993/993 1025/1025/1025
f 1027/1027/1027 1028/1028/1028 995/995/995
f 995/995/995 994/994/994 1027/1027/1027
f 1030/1030/1030 1032/1032/1032 997/997/997
f 997/997/997 996/996/996 1030/1030/1030
f 997/997/997 1032/1032/1032 1035/1035/1035
f 1035/1035/1035 998/998/998 997/997/997
f 1008/1008/1008 1007/1007/1007 874/874/874
f 874/874/874 873/873/873 1008/1008/1008
f 875/875/875 1013/1013/1013 1011/1011/1011
f 1011/1011/1011 876/876/876 875/875/875
f 1017/1017/1017 1014/1014/1014 878/878/878
f 878/878/878 877/877/877 1017/1017/1017
f 877/877/877 879/879/879 1019/1019/1019
f 1019/1019/1019 1017/1017/1017 877/877/877
f 1023/1023/1023 1021/1021/1021 881/881/881
f 881/881/881 880/880/880 1023/1023/1023
f 882/882/882 1026/1026/1026 1024/1024/1024
f 1024/1024/1024 883/883/883 882/882/882
f 884/884/884 1029/1029/1029 1026/1026/1026
f 1026/1026/1026 882/882/882 884/884/884
f 885/885/885 886/886/886 1033/1033/1033
f 1033/1033/1033 1031/1031/1031 885/885/885
f 886/886/886 887/887/887 1034/1034/1034
f 1034/1034/1034 1033/1033/1033 886/886/886
f 1011/1011/1011 1008/1008/1008 873/873/873
f 873/873/873 876/876/876 1011/1011/1011
f 889/889/889 1036/1036/1036 1013/1013/1013
f 1013/1013/1013 875/875/875 889/889/889
f 1039/1039/1039 1041/1041/1041 897/897/897
f 897/897/897 890/890/890 1039/1039/1039
f 894/894/894 897/897/897 1041/1041/1041
f 1041/1041/1041 1042/1042/1042 894/894/894
f 898/898/898 894/894/894 1042/1042/1042
f 1042/1042/1042 1044/1044/1044 898/898/898
f 986/986/986 984/984/984 1009/1009/1009
f 1009/1009/1009 1010/1010/1010 986/986/986
f 999/999/999 987/987/987 1012/1012/1012
f 1012/1012/1012 1037/1037/1037 999/999/999
f 1040/1040/1040 1038/1038/1038 1000/1000/1000
f 1000/1000/1000 1004/1004/1004 1040/1040/1040
f 1004/1004/1004 1003/1003/1003 1043/1043/1043
f 1043/1043/1043 1040/1040/1040 1004/1004/1004
f 1003/1003/1003 1005/1005/1005 1045/1045/1045
f 1045/1045/1045 1043/1043/1043 1003/1003/1003
f 1046/1046/1046 1047/1047/1047 1048/1048/1048
f 1048/1048/1048 1049/1049/1049 1046/1046/1046
f 1050/1050/1050 1051/1051/1051 1052/1052/1052
f 1052/1052/1052 1053/1053/1053 1050/1050/1050
f 1054/1054/1054 1055/1055/1055 1056/1056/1056
f 1056/1056/1056 1057/1057/1057 1054/1054/1054
f 1057/1057/1057 1058/1058/1058 1059/1059/1059
f 1059/1059/1059 1054/1054/1054 1057/1057/1057
f 1060/1060/1060 1061/1061/1061 1062/1062/1062
f 1062/1062/1062 1063/1063/1063 1060/1060/1060
f 1064/1064/1064 1065/1065/1065 1066/1066/1066
f 1066/1066/1066 1067/1067/1067 1064/1064/1064
f 1068/1068/1068 1069/1069/1069 1065/1065/1065
f 1065/1065/1065 1064/1064/1064 1068/1068/1068
f 1070/1070/1070 1071/1071/1071 1072/1072/1072
f 1072/1072/1072 1073/1073/1073 1070/1070/1070
f 1071/1071/1071 1074/1074/1074 1075/1075/1075
f 1075/1075/1075 1072/1072/1072 1071/1071/1071
f 1052/1052/1052 1046/1046/1046 1049/1049/1049
f 1049/1049/1049 1053/1053/1053 1052/1052/1052
f 1076/1076/1076 1077/1077/1077 1051/1051/1051
f 1051/1051/1051 1050/1050/1050 1076/1076/1076
f 1078/1078/1078 1079/1079/1079 1080/1080/1080
f 1080/1080/1080 1081/1081/1081 1078/1078/1078
f 1082/1082/1082 1080/1080/1080 1079/1079/1079
f 1079/1079/1079 1083/1083/1083 1082/1082/1082
f 1084/1084/1084 1082/1082/1082 1083/1083/1083
f 1083/1083/1083 1085/1085/1085 1084/1084/1084
f 1086/1086/1086 1047/1047/1047 1046/1046/1046
f 1046/1046/1046 1087/1087/1087 1086/1086/1086
f 1088/1088/1088 1052/1052/1052 1051/1051/1051
f 1051/1051/1051 1089/1089/1089 1088/1088/1088
f 1090/1090/1090 1055/1055/1055 1054/1054/1054
f 1054/1054/1054 1091/1091/1091 1090/1090/1090
f 1091/1091/1091 1054/1054/1054 1059/1059/1059
f 1059/1059/1059 1092/1092/1092 1091/1091/1091
f 1093/1093/1093 1061/1061/1061 1060/1060/1060
f 1060/1060/1060 1094/1094/1094 1093/1093/1093
f 1095/1095/1095 1066/1066/1066 1065/1065/1065
f 1065/1065/1065 1096/1096/1096 1095/1095/1095
f 1096/1096/1096 1065/1065/1065 1069/1069/1069
f 1069/1069/1069 1097/1097/1097 1096/1096/1096
f 1098/1098/1098 1073/1073/1073 1072/1072/1072
f 1072/1072/1072 1099/1099/1099 1098/1098/1098
f 1072/1072/1072 1075/1075/1075 1100/1100/1100
f 1100/1100/1100 1099/1099/1099 1072/1072/1072
f 1087/1087/1087 814/814/814 813/813/813
f 813/813/813 1086/1086/1086 1087/1087/1087
f 1088/1088/1088 1089/1089/1089 815/815/815
f 815/815/815 816/816/816 1088/1088/1088
f 1091/1091/1091 818/818/818 817/817/817
f 817/817/817 1090/1090/1090 1091/1091/1091
f 818/818/818 1091/1091/1091 1092/1092/1092
f 1092/1092/1092 819/819/819 818/818/818
f 1094/1094/1094 821/821/821 820/820/820
f 820/820/820 1093/1093/1093 1094/1094/1094
f 1095/1095/1095 1096/1096/1096 822/822/822
f 822/822/822 823/823/823 1095/1095/1095
f 1096/1096/1096 1097/1097/1097 824/824/824
f 824/824/824 822/822/822 1096/1096/1096
f 825/825/825 1098/1098/1098 1099/1099/1099
f 1099/1099/1099 826/826/826 825/825/825
f 826/826/826 1099/1099/1099 1100/1100/1100
f 1100/1100/1100 827/827/827 826/826/826
f 1088/1088/1088 816/816/816 814/814/814
f 814/814/814 1087/1087/1087 1088/1088/1088
f 1089/1089/1089 1101/1101/1101 828/828/828
f 828/828/828 815/815/815 1089/1089/1089
f 833/833/833 1102/1102/1102 1103/1103/1103
f 1103/1103/1103 1104/1104/1104 833/833/833
f 834/834/834 1105/1105/1105 1106/1106/1106
f 1106/1106/1106 832/832/832 834/834/834
f 836/836/836 1107/1107/1107 1105/1105/1105
f 1105/1105/1105 834/834/834 836/836/836
f 1052/1052/1052 1088/1088/1088 1087/1087/1087
f 1087/1087/1087 1046/1046/1046 1052/1052/1052
f 1077/1077/1077 1101/1101/1101 1089/1089/1089
f 1089/1089/1089 1051/1051/1051 1077/1077/1077
f 1103/1103/1103 1102/1102/1102 1078/1078/1078
f 1078/1078/1078 1108/1108/1108 1103/1103/1103
f 1079/1079/1079 1106/1106/1106 1105/1105/1105
f 1105/1105/1105 1083/1083/1083 1079/1079/1079
f 1105/1105/1105 1107/1107/1107 1085/1085/1085
f 1085/1085/1085 1083/1083/1083 1105/1105/1105
f 1109/1109/1109 1049/1049/1049 1048/1048/1048
f 1048/1048/1048 1110/1110/1110 1109/1109/1109
f 1111/1111/1111 1112/1112/1112 1050/1050/1050
f 1050/1050/1050 1053/1053/1053 1111/1111/1111
f 1113/1113/1113 1057/1057/1057 1056/1056/1056
f 1056/1056/1056 1114/1114/1114 1113/1113/1113
f 1057/1057/1057 1113/1113/1113 1115/1115/1115
f 1115/1115/1115 1058/1058/1058 1057/1057/1057
f 1116/1116/1116 1063/1063/1063 1062/1062/1062
f 1062/1062/1062 1117/1117/1117 1116/1116/1116
f 1118/1118/1118 1119/1119/1119 1064/1064/1064
f 1064/1064/1064 1067/1067/1067 1118/1118/1118
f 1119/1119/1119 1120/1120/1120 1068/1068/1068
f 1068/1068/1068 1064/1064/1064 1119/1119/1119
f 1070/1070/1070 1121/1121/1121 1122/1122/1122
f 1122/1122/1122 1071/1071/1071 1070/1070/1070
f 1071/1071/1071 1122/1122/1122 1123/1123/1123
f 1123/1123/1123 1074/1074/1074 1071/1071/1071
f 1111/1111/1111 1053/1053/1053 1049/1049/1049
f 1049/1049/1049 1109/1109/1109 1111/1111/1111
f 1112/1112/1112 1124/1124/1124 1076/1076/1076
f 1076/1076/1076 1050/1050/1050 1112/1112/1112
f 1081/1081/1081 1125/1125/1125 1126/1126/1126
f 1126/1126/1126 1127/1127/1127 1081/1081/1081
f 1082/1082/1082 1128/1128/1128 1129/1129/1129
f 1129/1129/1129 1080/1080/1080 1082/1082/1082
f 1084/1084/1084 1130/1130/1130 1128/1128/1128
f 1128/1128/1128 1082/1082/1082 1084/1084/1084
f 1110/1110/1110 1131/1131/1131 1133/1133/1133
f 1133/1133/1133 1109/1109/1109 1110/1110/1110
f 1135/1135/1135 1138/1138/1138 1112/1112/1112
f 1112/1112/1112 1111/1111/1111 1135/1135/1135
f 1140/1140/1140 1142/1142/1142 1113/1113/1113
f 1113/1113/1113 1114/1114/1114 1140/1140/1140
f 1142/1142/1142 1143/1143/1143 1115/1115/1115
f 1115/1115/1115 1113/1113/1113 1142/1142/1142
f 1146/1146/1146 1147/1147/1147 1116/1116/1116
f 1116/1116/1116 1117/1117/1117 1146/1146/1146
f 1149/1149/1149 1151/1151/1151 1119/1119/1119
f 1119/1119/1119 1118/1118/1118 1149/1149/1149
f 1151/1151/1151 1153/1153/1153 1120/1120/1120
f 1120/1120/1120 1119/1119/1119 1151/1151/1151
f 1155/1155/1155 1158/1158/1158 1122/1122/1122
f 1122/1122/1122 1121/1121/1121 1155/1155/1155
f 1122/1122/1122 1158/1158/1158 1160/1160/1160
f 1160/1160/1160 1123/1123/1123 1122/1122/1122
f 1134/1134/1134 1132/1132/1132 1161/1161/1161
f 1161/1161/1161 1162/1162/1162 1134/1134/1134
f 1163/1163/1163 1137/1137/1137 1136/1136/1136
f 1136/1136/1136 1164/1164/1164 1163/1163/1163
f 1141/1141/1141 1139/1139/1139 1165/1165/1165
f 1165/1165/1165 1166/1166/1166 1141/1141/1141
f 1166/1166/1166 1167/1167/1167 1144/1144/1144
f 1144/1144/1144 1141/1141/1141 1166/1166/1166
f 1148/1148/1148 1145/1145/1145 1168/1168/1168
f 1168/1168/1168 1169/1169/1169 1148/1148/1148
f 1170/1170/1170 1152/1152/1152 1150/1150/1150
f 1150/1150/1150 1171/1171/1171 1170/1170/1170
f 1172/1172/1172 1154/1154/1154 1152/1152/1152
f 1152/1152/1152 1170/1170/1170 1172/1172/1172
f 1173/1173/1173 1174/1174/1174 1157/1157/1157
f 1157/1157/1157 1156/1156/1156 1173/1173/1173
f 1174/1174/1174 1175/1175/1175 1159/1159/1159
f 1159/1159/1159 1157/1157/1157 1174/1174/1174
f 1136/1136/1136 1134/1134/1134 1162/1162/1162
f 1162/1162/1162 1164/1164/1164 1136/1136/1136
f 1176/1176/1176 1177/1177/1177 1137/1137/1137
f 1137/1137/1137 1163/1163/1163 1176/1176/1176
f 1179/1179/1179 1181/1181/1181 1183/1183/1183
f 1183/1183/1183 1184/1184/1184 1179/1179/1179
f 1185/1185/1185 1183/1183/1183 1181/1181/1181
f 1181/1181/1181 1187/1187/1187 1185/1185/1185
f 1188/1188/1188 1185/1185/1185 1187/1187/1187
f 1187/1187/1187 1189/1189/1189 1188/1188/1188
f 1111/1111/1111 1109/1109/1109 1133/1133/1133
f 1133/1133/1133 1135/1135/1135 1111/1111/1111
f 1124/1124/1124 1112/1112/1112 1138/1138/1138
f 1138/1138/1138 1178/1178/1178 1124/1124/1124
f 1182/1182/1182 1180/1180/1180 1125/1125/1125
f 1125/1125/1125 1129/1129/1129 1182/1182/1182
f 1129/1129/1129 1128/1128/1128 1186/1186/1186
f 1186/1186/1186 1182/1182/1182 1129/1129/1129
f 1128/1128/1128 1130/1130/1130 1190/1190/1190
f 1190/1190/1190 1186/1186/1186 1128/1128/1128
f 1191/1191/1191 1192/1192/1192 1193/1193/1193
f 1193/1193/1193 1194/1194/1194 1191/1191/1191
f 1195/1195/1195 1196/1196/1196 1197/1197/1197
f 1197/1197/1197 1198/1198/1198 1195/1195/1195
f 1199/1199/1199 1200/1200/1200 1201/1201/1201
f 1201/1201/1201 1202/1202/1202 1199/1199/1199
f 1200/1200/1200 1199/1199/1199 1203/1203/1203
f 1203/1203/1203 1204/1204/1204 1200/1200/1200
f 1205/1205/1205 1206/1206/1206 1207/1207/1207
f 1207/1207/1207 1208/1208/1208 1205/1205/1205
f 1209/1209/1209 1210/1210/1210 1211/1211/1211
f 1211/1211/1211 1212/1212/1212 1209/1209/1209
f 1210/1210/1210 1213/1213/1213 1214/1214/1214
f 1214/1214/1214 1211/1211/1211 1210/1210/1210
f 1215/1215/1215 1216/1216/1216 1217/1217/1217
f 1217/1217/1217 1218/1218/1218 1215/1215/1215
f 1218/1218/1218 1217/1217/1217 1219/1219/1219
f 1219/1219/1219 1220/1220/1220 1218/1218/1218
f 1195/1195/1195 1198/1198/1198 1192/1192/1192
f 1192/1192/1192 1191/1191/1191 1195/1195/1195
f 1196/1196/1196 1221/1221/1221 1222/1222/1222
f 1222/1222/1222 1197/1197/1197 1196/1196/1196
f 1223/1223/1223 1224/1224/1224 1225/1225/1225
f 1225/1225/1225 1226/1226/1226 1223/1223/1223
f 1227/1227/1227 1228/1228/1228 1229/1229/1229
f 1229/1229/1229 1230/1230/1230 1227/1227/1227
f 1231/1231/1231 1232/1232/1232 1228/1228/1228
f 1228/1228/1228 1227/1227/1227 1231/1231/1231
f 1194/1194/1194 1233/1233/1233 1234/1234/1234
f 1234/1234/1234 1191/1191/1191 1194/1194/1194
f 1235/1235/1235 1236/1236/1236 1196/1196/1196
f 1196/1196/1196 1195/1195/1195 1235/1235/1235
f 1237/1237/1237 1238/1238/1238 1199/1199/1199
f 1199/1199/1199 1202/1202/1202 1237/1237/1237
f 1238/1238/1238 1239/1239/1239 1203/1203/1203
f 1203/1203/1203 1199/1199/1199 1238/1238/1238
f 1240/1240/1240 1241/1241/1241 1205/1205/1205
f 1205/1205/1205 1208/1208/1208 1240/1240/1240
f 1242/1242/1242 1243/1243/1243 1210/1210/1210
f 1210/1210/1210 1209/1209/1209 1242/1242/1242
f 1243/1243/1243 1244/1244/1244 1213/1213/1213
f 1213/1213/1213 1210/1210/1210 1243/1243/1243
f 1245/1245/1245 1246/1246/1246 1217/1217/1217
f 1217/1217/1217 1216/1216/1216 1245/1245/1245
f 1217/1217/1217 1246/1246/1246 1247/1247/1247
f 1247/1247/1247 1219/1219/1219 1217/1217/1217
f 1234/1234/1234 1233/1233/1233 957/957/957
f 957/957/957 956/956/956 1234/1234/1234
f 958/958/958 1236/1236/1236 1235/1235/1235
f 1235/1235/1235 959/959/959 958/958/958
f 1238/1238/1238 1237/1237/1237 961/961/961
f 961/961/961 960/960/960 1238/1238/1238
f 960/960/960 962/962/962 1239/1239/1239
f 1239/1239/1239 1238/1238/1238 960/960/960
f 1241/1241/1241 1240/1240/1240 964/964/964
f 964/964/964 963/963/963 1241/1241/1241
f 965/965/965 1243/1243/1243 1242/1242/1242
f 1242/1242/1242 966/966/966 965/965/965
f 967/967/967 1244/1244/1244 1243/1243/1243
f 1243/1243/1243 965/965/965 967/967/967
f 968/968/968 969/969/969 1246/1246/1246
f 1246/1246/1246 1245/1245/1245 968/968/968
f 969/969/969 970/970/970 1247/1247/1247
f 1247/1247/1247 1246/1246/1246 969/969/969
f 1235/1235/1235 1234/1234/1234 956/956/956
f 956/956/956 959/959/959 1235/1235/1235
f 972/972/972 1248/1248/1248 1236/1236/1236
f 1236/1236/1236 958/958/958 972/972/972
f 1249/1249/1249 1250/1250/1250 980/980/980
f 980/980/980 973/973/973 1249/1249/1249
f 977/977/977 980/980/980 1250/1250/1250
f 1250/1250/1250 1251/1251/1251 977/977/977
f 981/981/981 977/977/977 1251/1251/1251
f 1251/1251/1251 1252/1252/1252 981/981/981
f 1195/1195/1195 1191/1191/1191 1234/1234/1234
f 1234/1234/1234 1235/1235/1235 1195/1195/1195
f 1221/1221/1221 1196/1196/1196 1236/1236/1236
f 1236/1236/1236 1248/1248/1248 1221/1221/1221
f 1250/1250/1250 1249/1249/1249 1224/1224/1224
f 1224/1224/1224 1229/1229/1229 1250/1250/1250
f 1229/1229/1229 1228/1228/1228 1251/1251/1251
f 1251/1251/1251 1250/1250/1250 1229/1229/1229
f 1228/1228/1228 1232/1232/1232 1252/1252/1252
f 1252/1252/1252 1251/1251/1251 1228/1228/1228
f 1253/1253/1253 1254/1254/1254 1193/1193/1193
f 1193/1193/1193 1192/1192/1192 1253/1253/1253
f 1197/1197/1197 1255/1255/1255 1256/1256/1256
f 1256/1256/1256 1198/1198/1198 1197/1197/1197
f 1257/1257/1257 1258/1258/1258 1201/1201/1201
f 1201/1201/1201 1200/1200/1200 1257/1257/1257
f 1200/1200/1200 1204/1204/1204 1259/1259/1259
f 1259/1259/1259 1257/1257/1257 1200/1200/1200
f 1260/1260/1260 1261/1261/1261 1207/1207/1207
f 1207/1207/1207 1206/1206/1206 1260/1260/1260
f 1211/1211/1211 1262/1262/1262 1263/1263/1263
f 1263/1263/1263 1212/1212/1212 1211/1211/1211
f 1214/1214/1214 1264/1264/1264 1262/1262/1262
f 1262/1262/1262 1211/1211/1211 1214/1214/1214
f 1215/1215/1215 1218/1218/1218 1265/1265/1265
f 1265/1265/1265 1266/1266/1266 1215/1215/1215
f 1218/1218/1218 1220/1220/1220 1267/1267/1267
f 1267/1267/1267 1265/1265/1265 1218/1218/1218
f 1256/1256/1256 1253/1253/1253 1192/1192/1192
f 1192/1192/1192 1198/1198/1198 1256/1256/1256
f 1222/1222/1222 1268/1268/1268 1255/1255/1255
f 1255/1255/1255 1197/1197/1197 1222/1222/1222
f 1269/1269/1269 1270/1270/1270 1230/1230/1230
f 1230/1230/1230 1223/1223/1223 1269/1269/1269
f 1227/1227/1227 1230/1230/1230 1270/1270/1270
f 1270/1270/1270 1271/1271/1271 1227/1227/1227
f 1231/1231/1231 1227/1227/1227 1271/1271/1271
f 1271/1271/1271 1272/1272/1272 1231/1231/1231
f 1273/1273/1273 1254/1254/1254 1253/1253/1253
f 1253/1253/1253 1274/1274/1274 1273/1273/1273
f 1275/1275/1275 1256/1256/1256 1255/1255/1255
f 1255/1255/1255 1276/1276/1276 1275/1275/1275
f 1277/1277/1277 1258/1258/1258 1257/1257/1257
f 1257/1257/1257 1278/1278/1278 1277/1277/1277
f 1278/1278/1278 1257/1257/1257 1259/1259/1259
f 1259/1259/1259 1279/1279/1279 1278/1278/1278
f 1280/1280/1280 1261/1261/1261 1260/1260/1260
f 1260/1260/1260 1281/1281/1281 1280/1280/1280
f 1282/1282/1282 1263/1263/1263 1262/1262/1262
f 1262/1262/1262 1283/1283/1283 1282/1282/1282
f 1283/1283/1283 1262/1262/1262 1264/1264/1264
f 1264/1264/1264 1284/1284/1284 1283/1283/1283
f 1285/1285/1285 1266/1266/1266 1265/1265/1265
f 1265/1265/1265 1286/1286/1286 1285/1285/1285
f 1265/1265/1265 1267/1267/1267 1287/1287/1287
f 1287/1287/1287 1286/1286/1286 1265/1265/1265
f 1274/1274/1274 1162/1162/1162 1161/1161/1161
f 1161/1161/1161 1273/1273/1273 1274/1274/1274
f 1275/1275/1275 1276/1276/1276 1163/1163/1163
f 1163/1163/1163 1164/1164/1164 1275/1275/1275
f 1278/1278/1278 1166/1166/1166 1165/1165/1165
f 1165/1165/1165 1277/1277/1277 1278/1278/1278
f 1166/1166/1166 1278/1278/1278 1279/1279/1279
f 1279/1279/1279 1167/1167/1167 1166/1166/1166
f 1281/1281/1281 1169/1169/1169 1168/1168/1168
f 1168/1168/1168 1280/1280/1280 1281/1281/1281
f 1282/1282/1282 1283/1283/1283 1170/1170/1170
f 1170/1170/1170 1171/1171/1171 1282/1282/1282
f 1283/1283/1283 1284/1284/1284 1172/1172/1172
f 1172/1172/1172 1170/1170/1170 1283/1283/1283
f 1173/1173/1173 1285/1285/1285 1286/1286/1286
f 1286/1286/1286 1174/1174/1174 1173/1173/1173
f 1174/1174/1174 1286/1286/1286 1287/1287/1287
f 1287/1287/1287 1175/1175/1175 1174/1174/1174
f 1275/1275/1275 1164/1164/1164 1162/1162/1162
f 1162/1162/1162 1274/1274/1274 1275/1275/1275
f 1276/1276/1276 1288/1288/1288 1176/1176/1176
f 1176/1176/1176 1163/1163/1163 1276/1276/1276
f 1184/1184/1184 1289/1289/1289 1290/1290/1290
f 1290/1290/1290 1291/1291/1291 1184/1184/1184
f 1185/1185/1185 1292/1292/1292 1293/1293/1293
f 1293/1293/1293 1183/1183/1183 1185/1185/1185
f 1188/1188/1188 1294/1294/1294 1292/1292/1292
f 1292/1292/1292 1185/1185/1185 1188/1188/1188
f 1256/1256/1256 1275/1275/1275 1274/1274/1274
f 1274/1274/1274 1253/1253/1253 1256/1256/1256
f 1268/1268/1268 1288/1288/1288 1276/1276/1276
f 1276/1276/1276 1255/1255/1255 1268/1268/1268
f 1290/1290/1290 1289/1289/1289 1269/1269/1269
f 1269/1269/1269 1295/1295/1295 1290/1290/1290
f 1270/1270/1270 1293/1293/1293 1292/1292/1292
f 1292/1292/1292 1271/1271/1271 1270/1270/1270
f 1292/1292/1292 1294/1294/1294 1272/1272/1272
f 1272/1272/1272 1271/1271/1271 1292/1292/1292
f 789/789/789 788/788/788 795/795/795
f 795/795/795 794/794/794 789/789/789
f 1296/1296/1296 830/830/830 833/833/833
f 833/833/833 1104/1104/1104 1296/1296/1296
f 830/830/830 1296/1296/1296 790/790/790
f 790/790/790 789/789/789 830/830/830
f 900/900/900 854/854/854 788/788/788
f 788/788/788 791/791/791 900/900/900
f 891/891/891 890/890/890 897/897/897
f 897/897/897 896/896/896 891/891/891
f 891/891/891 896/896/896 855/855/855
f 855/855/855 854/854/854 891/891/891
f 983/983/983 933/933/933 936/936/936
f 936/936/936 1002/1002/1002 983/983/983
f 974/974/974 973/973/973 980/980/980
f 980/980/980 979/979/979 974/974/974
f 974/974/974 979/979/979 934/934/934
f 934/934/934 933/933/933 974/974/974
f 1000/1000/1000 936/936/936 935/935/935
f 935/935/935 1004/1004/1004 1000/1000/1000
f 1297/1297/1297 1039/1039/1039 890/890/890
f 890/890/890 893/893/893 1297/1297/1297
f 1038/1038/1038 1298/1298/1298 1001/1001/1001
f 1001/1001/1001 1000/1000/1000 1038/1038/1038
f 1108/1108/1108 1078/1078/1078 1081/1081/1081
f 1081/1081/1081 1127/1127/1127 1108/1108/1108
f 1102/1102/1102 833/833/833 832/832/832
f 832/832/832 1106/1106/1106 1102/1102/1102
f 1102/1102/1102 1106/1106/1106 1079/1079/1079
f 1079/1079/1079 1078/1078/1078 1102/1102/1102
f 1125/1125/1125 1081/1081/1081 1080/1080/1080
f 1080/1080/1080 1129/1129/1129 1125/1125/1125
f 1299/1299/1299 1179/1179/1179 1184/1184/1184
f 1184/1184/1184 1291/1291/1291 1299/1299/1299
f 1180/1180/1180 1300/1300/1300 1126/1126/1126
f 1126/1126/1126 1125/1125/1125 1180/1180/1180
f 1224/1224/1224 1223/1223/1223 1230/1230/1230
f 1230/1230/1230 1229/1229/1229 1224/1224/1224
f 1301/1301/1301 1249/1249/1249 973/973/973
f 973/973/973 976/976/976 1301/1301/1301
f 1249/1249/1249 1301/1301/1301 1225/1225/1225
f 1225/1225/1225 1224/1224/1224 1249/1249/1249
f 1295/1295/1295 1269/1269/1269 1223/1223/1223
f 1223/1223/1223 1226/1226/1226 1295/1295/1295
f 1289/1289/1289 1184/1184/1184 1183/1183/1183
f 1183/1183/1183 1293/1293/1293 1289/1289/1289
f 1289/1289/1289 1293/1293/1293 1270/1270/1270
f 1270/1270/1270 1269/1269/1269 1289/1289/1289
f 1302/1302/1302 1303/1303/1303 785/785/785
f 785/785/785 784/784/784 1302/1302/1302
f 827/827/827 1304/1304/1304 1305/1305/1305
f 1305/1305/1305 812/812/812 827/827/827
f 1302/1302/1302 784/784/784 812/812/812
f 812/812/812 1305/1305/1305 1302/1302/1302
f 785/785/785 1303/1303/1303 1306/1306/1306
f 1306/1306/1306 852/852/852 785/785/785
f 1307/1307/1307 1308/1308/1308 887/887/887
f 887/887/887 872/872/872 1307/1307/1307
f 1307/1307/1307 872/872/872 852/852/852
f 852/852/852 1306/1306/1306 1307/1307/1307
f 929/929/929 1309/1309/1309 1310/1310/1310
f 1310/1310/1310 930/930/930 929/929/929
f 1311/1311/1311 1312/1312/1312 970/970/970
f 970/970/970 955/955/955 1311/1311/1311
f 1311/1311/1311 955/955/955 930/930/930
f 930/930/930 1310/1310/1310 1311/1311/1311
f 1313/1313/1313 1309/1309/1309 929/929/929
f 929/929/929 998/998/998 1313/1313/1313
f 887/887/887 1308/1308/1308 1314/1314/1314
f 1314/1314/1314 1034/1034/1034 887/887/887
f 1313/1313/1313 998/998/998 1035/1035/1035
f 1035/1035/1035 1315/1315/1315 1313/1313/1313
f 1074/1074/1074 1316/1316/1316 1317/1317/1317
f 1317/1317/1317 1075/1075/1075 1074/1074/1074
f 1318/1318/1318 1304/1304/1304 827/827/827
f 827/827/827 1100/1100/1100 1318/1318/1318
f 1318/1318/1318 1100/1100/1100 1075/1075/1075
f 1075/1075/1075 1317/1317/1317 1318/1318/1318
f 1319/1319/1319 1316/1316/1316 1074/1074/1074
f 1074/1074/1074 1123/1123/1123 1319/1319/1319
f 1175/1175/1175 1320/1320/1320 1321/1321/1321
f 1321/1321/1321 1159/1159/1159 1175/1175/1175
f 1319/1319/1319 1123/1123/1123 1160/1160/1160
f 1160/1160/1160 1322/1322/1322 1319/1319/1319
f 1323/1323/1323 1324/1324/1324 1220/1220/1220
f 1220/1220/1220 1219/1219/1219 1323/1323/1323
f 970/970/970 1312/1312/1312 1325/1325/1325
f 1325/1325/1325 1247/1247/1247 970/970/970
f 1323/1323/1323 1219/1219/1219 1247/1247/1247
f 1247/1247/1247 1325/1325/1325 1323/1323/1323
f 1220/1220/1220 1324/1324/1324 1326/1326/1326
f 1326/1326/1326 1267/1267/1267 1220/1220/1220
f 1327/1327/1327 1320/1320/1320 1175/1175/1175
f 1175/1175/1175 1287/1287/1287 1327/1327/1327
f 1327/1327/1327 1287/1287/1287 1267/1267/1267
f 1267/1267/1267 1326/1326/1326 1327/1327/1327
f 797/797/797 796/796/796 1303/1303/1303
f 1303/1303/1303 1302/1302/1302 797/797/797
f 1304/1304/1304 836/836/836 837/837/837
f 837/837/837 1305/1305/1305 1304/1304/1304
f 797/797/797 1302/1302/1302 1305/1305/1305
f 1305/1305/1305 837/837/837 797/797/797
f 1303/1303/1303 796/796/796 857/857/857
f 857/857/857 1306/1306/1306 1303/1303/1303
f 899/899/899 898/898/898 1308/1308/1308
f 1308/1308/1308 1307/1307/1307 899/899/899
f 899/899/899 1307/1307/1307 1306/1306/1306
f 1306/1306/1306 857/857/857 899/899/899
f 1309/1309/1309 939/939/939 940/940/940
f 940/940/940 1310/1310/1310 1309/1309/1309
f 982/982/982 981/981/981 1312/1312/1312
f 1312/1312/1312 1311/1311/1311 982/982/982
f 982/982/982 1311/1311/1311 1310/1310/1310
f 1310/1310/1310 940/940/940 982/982/982
f 1005/1005/1005 939/939/939 1309/1309/1309
f 1309/1309/1309 1313/1313/1313 1005/1005/1005
f 1308/1308/1308 898/898/898 1044/1044/1044
f 1044/1044/1044 1314/1314/1314 1308/1308/1308
f 1005/1005/1005 1313/1313/1313 1315/1315/1315
f 1315/1315/1315 1045/1045/1045 1005/1005/1005
f 1316/1316/1316 1084/1084/1084 1085/1085/1085
f 1085/1085/1085 1317/1317/1317 1316/1316/1316
f 1107/1107/1107 836/836/836 1304/1304/1304
f 1304/1304/1304 1318/1318/1318 1107/1107/1107
f 1107/1107/1107 1318/1318/1318 1317/1317/1317
f 1317/1317/1317 1085/1085/1085 1107/1107/1107
f 1130/1130/1130 1084/1084/1084 1316/1316/1316
f 1316/1316/1316 1319/1319/1319 1130/1130/1130
f 1320/1320/1320 1188/1188/1188 1189/1189/1189
f 1189/1189/1189 1321/1321/1321 1320/1320/1320
f 1130/1130/1130 1319/1319/1319 1322/1322/1322
f 1322/1322/1322 1190/1190/1190 1130/1130/1130
f 1232/1232/1232 1231/1231/1231 1324/1324/1324
f 1324/1324/1324 1323/1323/1323 1232/1232/1232
f 1312/1312/1312 981/981/981 1252/1252/1252
f 1252/1252/1252 1325/1325/1325 1312/1312/1312
f 1232/1232/1232 1323/1323/1323 1325/1325/1325
f 1325/1325/1325 1252/1252/1252 1232/1232/1232
f 1324/1324/1324 1231/1231/1231 1272/1272/1272
f 1272/1272/1272 1326/1326/1326 1324/1324/1324
f 1294/1294/1294 1188/1188/1188 1320/1320/1320
f 1320/1320/1320 1327/1327/1327 1294/1294/1294
f 1294/1294/1294 1327/1327/1327 1326/1326/1326
f 1326/1326/1326 1272/1272/1272 1294/1294/1294
f 779/779/779 778/778/778 781/781/781
f 781/781/781 780/780/780 779/779/779
f 778/778/778 809/809/809 810/810/810
f 810/810/810 781/781/781 778/778/778
f 810/810/810 809/809/809 824/824/824
f 824/824/824 825/825/825 810/810/810
f 851/851/851 849/849/849 779/779/779
f 779/779/779 780/780/780 851/851/851
f 884/884/884 869/869/869 870/870/870
f 870/870/870 885/885/885 884/884/884
f 869/869/869 849/849/849 851/851/851
f 851/851/851 870/870/870 869/869/869
f 928/928/928 924/924/924 923/923/923
f 923/923/923 925/925/925 928/928/928
f 967/967/967 952/952/952 953/953/953
f 953/953/953 968/968/968 967/967/967
f 952/952/952 924/924/924 928/928/928
f 928/928/928 953/953/953 952/952/952
f 923/923/923 995/995/995 996/996/996
f 996/996/996 925/925/925 923/923/923
f 1031/1031/1031 1029/1029/1029 884/884/884
f 884/884/884 885/885/885 1031/1031/1031
f 995/995/995 1028/1028/1028 1030/1030/1030
f 1030/1030/1030 996/996/996 995/995/995
f 1073/1073/1073 1069/1069/1069 1068/1068/1068
f 1068/1068/1068 1070/1070/1070 1073/1073/1073
f 824/824/824 1097/1097/1097 1098/1098/1098
f 1098/1098/1098 825/825/825 824/824/824
f 1097/1097/1097 1069/1069/1069 1073/1073/1073
f 1073/1073/1073 1098/1098/1098 1097/1097/1097
f 1068/1068/1068 1120/1120/1120 1121/1121/1121
f 1121/1121/1121 1070/1070/1070 1068/1068/1068
f 1156/1156/1156 1154/1154/1154 1172/1172/1172
f 1172/1172/1172 1173/1173/1173 1156/1156/1156
f 1120/1120/1120 1153/1153/1153 1155/1155/1155
f 1155/1155/1155 1121/1121/1121 1120/1120/1120
f 1214/1214/1214 1213/1213/1213 1216/1216/1216
f 1216/1216/1216 1215/1215/1215 1214/1214/1214
f 1245/1245/1245 1244/1244/1244 967/967/967
f 967/967/967 968/968/968 1245/1245/1245
f 1213/1213/1213 1244/1244/1244 1245/1245/1245
f 1245/1245/1245 1216/1216/1216 1213/1213/1213
f 1266/1266/1266 1264/1264/1264 1214/1214/1214
f 1214/1214/1214 1215/1215/1215 1266/1266/1266
f 1172/1172/1172 1284/1284/1284 1285/1285/1285
f 1285/1285/1285 1173/1173/1173 1172/1172/1172
f 1284/1284/1284 1264/1264/1264 1266/1266/1266
f 1266/1266/1266 1285/1285/1285 1284/1284/1284
f 777/777/777 771/771/771 770/770/770
f 770/770/770 774/774/774 777/777/777
f 770/770/770 806/806/806 807/807/807
f 807/807/807 774/774/774 770/770/770
f 806/806/806 821/821/821 823/823/823
f 823/823/823 807/807/807 806/806/806
f 845/845/845 771/771/771 777/777/777
f 777/777/777 848/848/848 845/845/845
f 883/883/883 880/880/880 866/866/866
f 866/866/866 867/867/867 883/883/883
f 866/866/866 845/845/845 848/848/848
f 848/848/848 867/867/867 866/866/866
f 915/915/915 918/918/918 922/922/922
f 922/922/922 921/921/921 915/915/915
f 966/966/966 963/963/963 949/949/949
f 949/949/949 950/950/950 966/966/966
f 949/949/949 915/915/915 921/921/921
f 921/921/921 950/950/950 949/949/949
f 922/922/922 918/918/918 991/991/991
f 991/991/991 993/993/993 922/922/922
f 1023/1023/1023 880/880/880 883/883/883
f 883/883/883 1024/1024/1024 1023/1023/1023
f 991/991/991 1022/1022/1022 1025/1025/1025
f 1025/1025/1025 993/993/993 991/991/991
f 1060/1060/1060 1063/1063/1063 1067/1067/1067
f 1067/1067/1067 1066/1066/1066 1060/1060/1060
f 823/823/823 821/821/821 1094/1094/1094
f 1094/1094/1094 1095/1095/1095 823/823/823
f 1094/1094/1094 1060/1060/1060 1066/1066/1066
f 1066/1066/1066 1095/1095/1095 1094/1094/1094
f 1067/1067/1067 1063/1063/1063 1116/1116/1116
f 1116/1116/1116 1118/1118/1118 1067/1067/1067
f 1148/1148/1148 1169/1169/1169 1171/1171/1171
f 1171/1171/1171 1150/1150/1150 1148/1148/1148
f 1116/1116/1116 1147/1147/1147 1149/1149/1149
f 1149/1149/1149 1118/1118/1118 1116/1116/1116
f 1212/1212/1212 1206/1206/1206 1205/1205/1205
f 1205/1205/1205 1209/1209/1209 1212/1212/1212
f 1241/1241/1241 963/963/963 966/966/966
f 966/966/966 1242/1242/1242 1241/1241/1241
f 1205/1205/1205 1241/1241/1241 1242/1242/1242
f 1242/1242/1242 1209/1209/1209 1205/1205/1205
f 1260/1260/1260 1206/1206/1206 1212/1212/1212
f 1212/1212/1212 1263/1263/1263 1260/1260/1260
f 1171/1171/1171 1169/1169/1169 1281/1281/1281
f 1281/1281/1281 1282/1282/1282 1171/1171/1171
f 1281/1281/1281 1260/1260/1260 1263/1263/1263
f 1263/1263/1263 1282/1282/1282 1281/1281/1281
f 769/769/769 768/768/768 773/773/773
f 773/773/773 772/772/772 769/769/769
f 768/768/768 804/804/804 805/805/805
f 805/805/805 773/773/773 768/768/768
f 805/805/805 804/804/804 819/819/819
f 819/819/819 820/820/820 805/805/805
f 846/846/846 844/844/844 769/769/769
f 769/769/769 772/772/772 846/846/846
f 879/879/879 864/864/864 865/865/865
f 865/865/865 881/881/881 879/879/879
f 864/864/864 844/844/844 846/846/846
f 846/846/846 865/865/865 864/864/864
f 916/916/916 914/914/914 913/913/913
f 913/913/913 917/917/917 916/916/916
f 962/962/962 947/947/947 948/948/948
f 948/948/948 964/964/964 962/962/962
f 947/947/947 914/914/914 916/916/916
f 916/916/916 948/948/948 947/947/947
f 913/913/913 990/990/990 992/992/992
f 992/992/992 917/917/917 913/913/913
f 1021/1021/1021 1019/1019/1019 879/879/879
f 879/879/879 881/881/881 1021/1021/1021
f 990/990/990 1018/1018/1018 1020/1020/1020
f 1020/1020/1020 992/992/992 990/990/990
f 1061/1061/1061 1059/1059/1059 1058/1058/1058
f 1058/1058/1058 1062/1062/1062 1061/1061/1061
f 819/819/819 1092/1092/1092 1093/1093/1093
f 1093/1093/1093 820/820/820 819/819/819
f 1092/1092/1092 1059/1059/1059 1061/1061/1061
f 1061/1061/1061 1093/1093/1093 1092/1092/1092
f 1058/1058/1058 1115/1115/1115 1117/1117/1117
f 1117/1117/1117 1062/1062/1062 1058/1058/1058
f 1145/1145/1145 1144/1144/1144 1167/1167/1167
f 1167/1167/1167 1168/1168/1168 1145/1145/1145
f 1115/1115/1115 1143/1143/1143 1146/1146/1146
f 1146/1146/1146 1117/1117/1117 1115/1115/1115
f 1204/1204/1204 1203/1203/1203 1208/1208/1208
f 1208/1208/1208 1207/1207/1207 1204/1204/1204
f 1240/1240/1240 1239/1239/1239 962/962/962
f 962/962/962 964/964/964 1240/1240/1240
f 1203/1203/1203 1239/1239/1239 1240/1240/1240
f 1240/1240/1240 1208/1208/1208 1203/1203/1203
f 1261/1261/1261 1259/1259/1259 1204/1204/1204
f 1204/1204/1204 1207/1207/1207 1261/1261/1261
f 1167/1167/1167 1279/1279/1279 1280/1280/1280
f 1280/1280/1280 1168/1168/1168 1167/1167/1167
f 1279/1279/1279 1259/1259/1259 1261/1261/1261
f 1261/1261/1261 1280/1280/1280 1279/1279/1279
f 786/786/786 829/829/829 802/802/802
f 802/802/802 767/767/767 786/786/786
f 766/766/766 787/787/787 786/786/786
f 786/786/786 767/767/767 766/766/766
f 829/829/829 828/828/828 817/817/817
f 817/817/817 802/802/802 829/829/829
f 853/853/853 787/787/787 766/766/766
f 766/766/766 843/843/843 853/853/853
f 878/878/878 889/889/889 888/888/888
f 888/888/888 862/862/862 878/878/878
f 888/888/888 853/853/853 843/843/843
f 843/843/843 862/862/862 888/888/888
f 932/932/932 931/931/931 911/911/911
f 911/911/911 910/910/910 932/932/932
f 961/961/961 972/972/972 971/971/971
f 971/971/971 945/945/945 961/961/961
f 971/971/971 932/932/932 910/910/910
f 910/910/910 945/945/945 971/971/971
f 911/911/911 931/931/931 999/999/999
f 999/999/999 989/989/989 911/911/911
f 1036/1036/1036 889/889/889 878/878/878
f 878/878/878 1014/1014/1014 1036/1036/1036
f 999/999/999 1037/1037/1037 1015/1015/1015
f 1015/1015/1015 989/989/989 999/999/999
f 1077/1077/1077 1076/1076/1076 1056/1056/1056
f 1056/1056/1056 1055/1055/1055 1077/1077/1077
f 817/817/817 828/828/828 1101/1101/1101
f 1101/1101/1101 1090/1090/1090 817/817/817
f 1101/1101/1101 1077/1077/1077 1055/1055/1055
f 1055/1055/1055 1090/1090/1090 1101/1101/1101
f 1056/1056/1056 1076/1076/1076 1124/1124/1124
f 1124/1124/1124 1114/1114/1114 1056/1056/1056
f 1177/1177/1177 1176/1176/1176 1165/1165/1165
f 1165/1165/1165 1139/1139/1139 1177/1177/1177
f 1124/1124/1124 1178/1178/1178 1140/1140/1140
f 1140/1140/1140 1114/1114/1114 1124/1124/1124
f 1201/1201/1201 1222/1222/1222 1221/1221/1221
f 1221/1221/1221 1202/1202/1202 1201/1201/1201
f 1248/1248/1248 972/972/972 961/961/961
f 961/961/961 1237/1237/1237 1248/1248/1248
f 1221/1221/1221 1248/1248/1248 1237/1237/1237
f 1237/1237/1237 1202/1202/1202 1221/1221/1221
f 1268/1268/1268 1222/1222/1222 1201/1201/1201
f 1201/1201/1201 1258/1258/1258 1268/1268/1268
f 1165/1165/1165 1176/1176/1176 1288/1288/1288
f 1288/1288/1288 1277/1277/1277 1165/1165/1165
f 1288/1288/1288 1268/1268/1268 1258/1258/1258
f 1258/1258/1258 1277/1277/1277 1288/1288/1288
f 1328/1328/1328 1329/1329/1329 1330/1330/1330
f 1330/1330/1330 1333/1333/1333 1328/1328/1328
f 1329/1329/1329 1328/1328/1328 1334/1334/1334
f 1334/1334/1334 1335/1335/1335 1329/1329/1329
f 1334/1334/1334 1336/1336/1336 1337/1337/1337
f 1337/1337/1337 1335/1335/1335 1334/1334/1334
f 1333/1333/1333 1338/1338/1338 1340/1340/1340
f 1340/1340/1340 1328/1328/1328 1333/1333/1333
f 1341/1341/1341 1334/1334/1334 1328/1328/1328
f 1328/1328/1328 1340/1340/1340 1341/1341/1341
f 1334/1334/1334 1341/1341/1341 1342/1342/1342
f 1342/1342/1342 1336/1336/1336 1334/1334/1334
f 1343/1343/1343 1345/1345/1345 1340/1340/1340
f 1340/1340/1340 1338/1338/1338 1343/1343/1343
f 1345/1345/1345 1346/1346/1346 1341/1341/1341
f 1341/1341/1341 1340/1340/1340 1345/1345/1345
f 1341/1341/1341 1346/1346/1346 1347/1347/1347
f 1347/1347/1347 1342/1342/1342 1341/1341/1341
f 1330/1330/1330 1329/1329/1329 1348/1348/1348
f 1348/1348/1348 1350/1350/1350 1330/1330/1330
f 1329/1329/1329 1335/1335/1335 1351/1351/1351
f 1351/1351/1351 1348/1348/1348 1329/1329/1329
f 1351/1351/1351 1335/1335/1335 1337/1337/1337
f 1337/1337/1337 1352/1352/1352 1351/1351/1351
f 1353/1353/1353 1350/1350/1350 1348/1348/1348
f 1348/1348/1348 1355/1355/1355 1353/1353/1353
f 1355/1355/1355 1348/1348/1348 1351/1351/1351
f 1351/1351/1351 1356/1356/1356 1355/1355/1355
f 1357/1357/1357 1353/1353/1353 1355/1355/1355
f 1355/1355/1355 1359/1359/1359 1357/1357/1357
f 1356/1356/1356 1360/1360/1360 1359/1359/1359
f 1359/1359/1359 1355/1355/1355 1356/1356/1356
f 1361/1361/1361 1360/1360/1360 1356/1356/1356
f 1356/1356/1356 1362/1362/1362 1361/1361/1361
f 1352/1352/1352 1362/1362/1362 1356/1356/1356
f 1356/1356/1356 1351/1351/1351 1352/1352/1352
f 1363/1363/1363 1365/1365/1365 1366/1366/1366
f 1366/1366/1366 1367/1367/1367 1363/1363/1363
f 1365/1365/1365 1369/1369/1369 1370/1370/1370
f 1370/1370/1370 1366/1366/1366 1365/1365/1365
f 1370/1370/1370 1369/1369/1369 1371/1371/1371
f 1371/1371/1371 1372/1372/1372 1370/1370/1370
f 1373/1373/1373 1367/1367/1367 1366/1366/1366
f 1366/1366/1366 1375/1375/1375 1373/1373/1373
f 1375/1375/1375 1366/1366/1366 1370/1370/1370
f 1370/1370/1370 1376/1376/1376 1375/1375/1375
f 1375/1375/1375 1377/1377/1377 1378/1378/1378
f 1378/1378/1378 1373/1373/1373 1375/1375/1375
f 1377/1377/1377 1375/1375/1375 1376/1376/1376
f 1376/1376/1376 1380/1380/1380 1377/1377/1377
f 1376/1376/1376 1381/1381/1381 1382/1382/1382
f 1382/1382/1382 1380/1380/1380 1376/1376/1376
f 1372/1372/1372 1381/1381/1381 1376/1376/1376
f 1376/1376/1376 1370/1370/1370 1372/1372/1372
f 1383/1383/1383 1365/1365/1365 1363/1363/1363
f 1363/1363/1363 1385/1385/1385 1383/1383/1383
f 1365/1365/1365 1383/1383/1383 1386/1386/1386
f 1386/1386/1386 1369/1369/1369 1365/1365/1365
f 1386/1386/1386 1387/1387/1387 1371/1371/1371
f 1371/1371/1371 1369/1369/1369 1386/1386/1386
f 1383/1383/1383 1385/1385/1385 1389/1389/1389
f 1389/1389/1389 1391/1391/1391 1383/1383/1383
f 1391/1391/1391 1392/1392/1392 1386/1386/1386
f 1386/1386/1386 1383/1383/1383 1391/1391/1391
f 1386/1386/1386 1392/1392/1392 1393/1393/1393
f 1393/1393/1393 1387/1387/1387 1386/1386/1386
f 1357/1357/1357 1359/1359/1359 1391/1391/1391
f 1391/1391/1391 1389/1389/1389 1357/1357/1357
f 1359/1359/1359 1360/1360/1360 1392/1392/1392
f 1392/1392/1392 1391/1391/1391 1359/1359/1359
f 1392/1392/1392 1360/1360/1360 1361/1361/1361
f 1361/1361/1361 1393/1393/1393 1392/1392/1392
f 1394/1394/1394 1396/1396/1396 1397/1397/1397
f 1397/1397/1397 1399/1399/1399 1394/1394/1394
f 1396/1396/1396 1400/1400/1400 1401/1401/1401
f 1401/1401/1401 1397/1397/1397 1396/1396/1396
f 1401/1401/1401 1400/1400/1400 1402/1402/1402
f 1402/1402/1402 1403/1403/1403 1401/1401/1401
f 1405/1405/1405 1399/1399/1399 1397/1397/1397
f 1397/1397/1397 1406/1406/1406 1405/1405/1405
f 1406/1406/1406 1397/1397/1397 1401/1401/1401
f 1401/1401/1401 1407/1407/1407 1406/1406/1406
f 1406/1406/1406 1345/1345/1345 1343/1343/1343
f 1343/1343/1343 1405/1405/1405 1406/1406/1406
f 1345/1345/1345 1406/1406/1406 1407/1407/1407
f 1407/1407/1407 1346/1346/1346 1345/1345/1345
f 1407/1407/1407 1408/1408/1408 1347/1347/1347
f 1347/1347/1347 1346/1346/1346 1407/1407/1407
f 1403/1403/1403 1408/1408/1408 1407/1407/1407
f 1407/1407/1407 1401/1401/1401 1403/1403/1403
f 1409/1409/1409 1396/1396/1396 1394/1394/1394
f 1394/1394/1394 1410/1410/1410 1409/1409/1409
f 1396/1396/1396 1409/1409/1409 1412/1412/1412
f 1412/1412/1412 1400/1400/1400 1396/1396/1396
f 1412/1412/1412 1413/1413/1413 1402/1402/1402
f 1402/1402/1402 1400/1400/1400 1412/1412/1412
f 1410/1410/1410 1414/1414/1414 1417/1417/1417
f 1417/1417/1417 1409/1409/1409 1410/1410/1410
f 1417/1417/1417 1418/1418/1418 1412/1412/1412
f 1412/1412/1412 1409/1409/1409 1417/1417/1417
f 1420/1420/1420 1421/1421/1421 1417/1417/1417
f 1417/1417/1417 1414/1414/1414 1420/1420/1420
f 1421/1421/1421 1422/1422/1422 1418/1418/1418
f 1418/1418/1418 1417/1417/1417 1421/1421/1421
f 1418/1418/1418 1422/1422/1422 1423/1423/1423
f 1423/1423/1423 1424/1424/1424 1418/1418/1418
f 1412/1412/1412 1418/1418/1418 1424/1424/1424
f 1424/1424/1424 1413/1413/1413 1412/1412/1412
f 1425/1425/1425 1426/1426/1426 1427/1427/1427
f 1427/1427/1427 1430/1430/1430 1425/1425/1425
f 1426/1426/1426 1425/1425/1425 1431/1431/1431
f 1431/1431/1431 1432/1432/1432 1426/1426/1426
f 1431/1431/1431 1433/1433/1433 1434/1434/1434
f 1434/1434/1434 1432/1432/1432 1431/1431/1431
f 1430/1430/1430 1436/1436/1436 1437/1437/1437
f 1437/1437/1437 1425/1425/1425 1430/1430/1430
f 1437/1437/1437 1438/1438/1438 1431/1431/1431
f 1431/1431/1431 1425/1425/1425 1437/1437/1437
f 1378/1378/1378 1377/1377/1377 1437/1437/1437
f 1437/1437/1437 1436/1436/1436 1378/1378/1378
f 1377/1377/1377 1380/1380/1380 1438/1438/1438
f 1438/1438/1438 1437/1437/1437 1377/1377/1377
f 1438/1438/1438 1380/1380/1380 1382/1382/1382
f 1382/1382/1382 1439/1439/1439 1438/1438/1438
f 1431/1431/1431 1438/1438/1438 1439/1439/1439
f 1439/1439/1439 1433/1433/1433 1431/1431/1431
f 1427/1427/1427 1426/1426/1426 1440/1440/1440
f 1440/1440/1440 1441/1441/1441 1427/1427/1427
f 1426/1426/1426 1432/1432/1432 1443/1443/1443
f 1443/1443/1443 1440/1440/1440 1426/1426/1426
f 1443/1443/1443 1432/1432/1432 1434/1434/1434
f 1434/1434/1434 1444/1444/1444 1443/1443/1443
f 1446/1446/1446 1441/1441/1441 1440/1440/1440
f 1440/1440/1440 1447/1447/1447 1446/1446/1446
f 1447/1447/1447 1440/1440/1440 1443/1443/1443
f 1443/1443/1443 1448/1448/1448 1447/1447/1447
f 1447/1447/1447 1421/1421/1421 1420/1420/1420
f 1420/1420/1420 1446/1446/1446 1447/1447/1447
f 1421/1421/1421 1447/1447/1447 1448/1448/1448
f 1448/1448/1448 1422/1422/1422 1421/1421/1421
f 1448/1448/1448 1449/1449/1449 1423/1423/1423
f 1423/1423/1423 1422/1422/1422 1448/1448/1448
f 1444/1444/1444 1449/1449/1449 1448/1448/1448
f 1448/1448/1448 1443/1443/1443 1444/1444/1444
f 1450/1450/1450 1451/1451/1451 1337/1337/1337
f 1337/1337/1337 1336/1336/1336 1450/1450/1450
f 1452/1452/1452 1453/1453/1453 1454/1454/1454
f 1454/1454/1454 1455/1455/1455 1452/1452/1452
f 1456/1456/1456 1457/1457/1457 1458/1458/1458
f 1458/1458/1458 1459/1459/1459 1456/1456/1456
f 1457/1457/1457 1460/1460/1460 1461/1461/1461
f 1461/1461/1461 1458/1458/1458 1457/1457/1457
f 1462/1462/1462 1463/1463/1463 1464/1464/1464
f 1464/1464/1464 1465/1465/1465 1462/1462/1462
f 1466/1466/1466 1452/1452/1452 1455/1455/1455
f 1455/1455/1455 1467/1467/1467 1466/1466/1466
f 1468/1468/1468 1469/1469/1469 1466/1466/1466
f 1466/1466/1466 1467/1467/1467 1468/1468/1468
f 1463/1463/1463 1456/1456/1456 1459/1459/1459
f 1459/1459/1459 1464/1464/1464 1463/1463/1463
f 1453/1453/1453 1462/1462/1462 1465/1465/1465
f 1465/1465/1465 1454/1454/1454 1453/1453/1453
f 1451/1451/1451 1450/1450/1450 1469/1469/1469
f 1469/1469/1469 1468/1468/1468 1451/1451/1451
f 1336/1336/1336 1342/1342/1342 1470/1470/1470
f 1470/1470/1470 1450/1450/1450 1336/1336/1336
f 1456/1456/1456 1471/1471/1471 1472/1472/1472
f 1472/1472/1472 1457/1457/1457 1456/1456/1456
f 1457/1457/1457 1472/1472/1472 1473/1473/1473
f 1473/1473/1473 1460/1460/1460 1457/1457/1457
f 1466/1466/1466 1474/1474/1474 1475/1475/1475
f 1475/1475/1475 1452/1452/1452 1466/1466/1466
f 1347/1347/1347 1476/1476/1476 1470/1470/1470
f 1470/1470/1470 1342/1342/1342 1347/1347/1347
f 1477/1477/1477 1478/1478/1478 1475/1475/1475
f 1475/1475/1475 1479/1479/1479 1477/1477/1477
f 1480/1480/1480 1472/1472/1472 1471/1471/1471
f 1471/1471/1471 1481/1481/1481 1480/1480/1480
f 1482/1482/1482 1473/1473/1473 1472/1472/1472
f 1472/1472/1472 1480/1480/1480 1482/1482/1482
f 1483/1483/1483 1484/1484/1484 1485/1485/1485
f 1485/1485/1485 1486/1486/1486 1483/1483/1483
f 1479/1479/1479 1475/1475/1475 1474/1474/1474
f 1474/1474/1474 1487/1487/1487 1479/1479/1479
f 1488/1488/1488 1487/1487/1487 1474/1474/1474
f 1474/1474/1474 1489/1489/1489 1488/1488/1488
f 1481/1481/1481 1471/1471/1471 1484/1484/1484
f 1484/1484/1484 1483/1483/1483 1481/1481/1481
f 1486/1486/1486 1485/1485/1485 1478/1478/1478
f 1478/1478/1478 1477/1477/1477 1486/1486/1486
f 1476/1476/1476 1488/1488/1488 1489/1489/1489
f 1489/1489/1489 1470/1470/1470 1476/1476/1476
f 1453/1453/1453 1452/1452/1452 1475/1475/1475
f 1475/1475/1475 1478/1478/1478 1453/1453/1453
f 1484/1484/1484 1463/1463/1463 1462/1462/1462
f 1462/1462/1462 1485/1485/1485 1484/1484/1484
f 1474/1474/1474 1466/1466/1466 1469/1469/1469
f 1469/1469/1469 1489/1489/1489 1474/1474/1474
f 1471/1471/1471 1456/1456/1456 1463/1463/1463
f 1463/1463/1463 1484/1484/1484 1471/1471/1471
f 1485/1485/1485 1462/1462/1462 1453/1453/1453
f 1453/1453/1453 1478/1478/1478 1485/1485/1485
f 1469/1469/1469 1450/1450/1450 1470/1470/1470
f 1470/1470/1470 1489/1489/1489 1469/1469/1469
f 1337/1337/1337 1451/1451/1451 1490/1490/1490
f 1490/1490/1490 1352/1352/1352 1337/1337/1337
f 1454/1454/1454 1491/1491/1491 1492/1492/1492
f 1492/1492/1492 1455/1455/1455 1454/1454/1454
f 1458/1458/1458 1493/1493/1493 1494/1494/1494
f 1494/1494/1494 1459/1459/1459 1458/1458/1458
f 1461/1461/1461 1495/1495/1495 1493/1493/1493
f 1493/1493/1493 1458/1458/1458 1461/1461/1461
f 1464/1464/1464 1496/1496/1496 1497/1497/1497
f 1497/1497/1497 1465/1465/1465 1464/1464/1464
f 1455/1455/1455 1492/1492/1492 1498/1498/1498
f 1498/1498/1498 1467/1467/1467 1455/1455/1455
f 1468/1468/1468 1467/1467/1467 1498/1498/1498
f 1498/1498/1498 1499/1499/1499 1468/1468/1468
f 1459/1459/1459 1494/1494/1494 1496/1496/1496
f 1496/1496/1496 1464/1464/1464 1459/1459/1459
f 1465/1465/1465 1497/1497/1497 1491/1491/1491
f 1491/1491/1491 1454/1454/1454 1465/1465/1465
f 1451/1451/1451 1468/1468/1468 1499/1499/1499
f 1499/1499/1499 1490/1490/1490 1451/1451/1451
f 1362/1362/1362 1352/1352/1352 1490/1490/1490
f 1490/1490/1490 1500/1500/1500 1362/1362/1362
f 1494/1494/1494 1493/1493/1493 1501/1501/1501
f 1501/1501/1501 1502/1502/1502 1494/1494/1494
f 1501/1501/1501 1493/1493/1493 1495/1495/1495
f 1495/1495/1495 1503/1503/1503 1501/1501/1501
f 1498/1498/1498 1492/1492/1492 1504/1504/1504
f 1504/1504/1504 1505/1505/1505 1498/1498/1498
f 1500/1500/1500 1506/1506/1506 1361/1361/1361
f 1361/1361/1361 1362/1362/1362 1500/1500/1500
f 1504/1504/1504 1507/1507/1507 1508/1508/1508
f 1508/1508/1508 1509/1509/1509 1504/1504/1504
f 1502/1502/1502 1501/1501/1501 1510/1510/1510
f 1510/1510/1510 1511/1511/1511 1502/1502/1502
f 1501/1501/1501 1503/1503/1503 1512/1512/1512
f 1512/1512/1512 1510/1510/1510 1501/1501/1501
f 1513/1513/1513 1514/1514/1514 1515/1515/1515
f 1515/1515/1515 1516/1516/1516 1513/1513/1513
f 1505/1505/1505 1504/1504/1504 1509/1509/1509
f 1509/1509/1509 1517/1517/1517 1505/1505/1505
f 1518/1518/1518 1519/1519/1519 1505/1505/1505
f 1505/1505/1505 1517/1517/1517 1518/1518/1518
f 1514/1514/1514 1502/1502/1502 1511/1511/1511
f 1511/1511/1511 1515/1515/1515 1514/1514/1514
f 1507/1507/1507 1513/1513/1513 1516/1516/1516
f 1516/1516/1516 1508/1508/1508 1507/1507/1507
f 1506/1506/1506 1500/1500/1500 1519/1519/1519
f 1519/1519/1519 1518/1518/1518 1506/1506/1506
f 1507/1507/1507 1504/1504/1504 1492/1492/1492
f 1492/1492/1492 1491/1491/1491 1507/1507/1507
f 1496/1496/1496 1514/1514/1514 1513/1513/1513
f 1513/1513/1513 1497/1497/1497 1496/1496/1496
f 1498/1498/1498 1505/1505/1505 1519/1519/1519
f 1519/1519/1519 1499/1499/1499 1498/1498/1498
f 1502/1502/1502 1514/1514/1514 1496/1496/1496
f 1496/1496/1496 1494/1494/1494 1502/1502/1502
f 1497/1497/1497 1513/1513/1513 1507/1507/1507
f 1507/1507/1507 1491/1491/1491 1497/1497/1497
f 1519/1519/1519 1500/1500/1500 1490/1490/1490
f 1490/1490/1490 1499/1499/1499 1519/1519/1519
f 1371/1371/1371 1520/1520/1520 1521/1521/1521
f 1521/1521/1521 1372/1372/1372 1371/1371/1371
f 1522/1522/1522 1523/1523/1523 1524/1524/1524
f 1524/1524/1524 1525/1525/1525 1522/1522/1522
f 1526/1526/1526 1527/1527/1527 1528/1528/1528
f 1528/1528/1528 1529/1529/1529 1526/1526/1526
f 1530/1530/1530 1531/1531/1531 1527/1527/1527
f 1527/1527/1527 1526/1526/1526 1530/1530/1530
f 1532/1532/1532 1533/1533/1533 1534/1534/1534
f 1534/1534/1534 1535/1535/1535 1532/1532/1532
f 1525/1525/1525 1524/1524/1524 1536/1536/1536
f 1536/1536/1536 1537/1537/1537 1525/1525/1525
f 1538/1538/1538 1537/1537/1537 1536/1536/1536
f 1536/1536/1536 1539/1539/1539 1538/1538/1538
f 1529/1529/1529 1528/1528/1528 1533/1533/1533
f 1533/1533/1533 1532/1532/1532 1529/1529/1529
f 1535/1535/1535 1534/1534/1534 1523/1523/1523
f 1523/1523/1523 1522/1522/1522 1535/1535/1535
f 1520/1520/1520 1538/1538/1538 1539/1539/1539
f 1539/1539/1539 1521/1521/1521 1520/1520/1520
f 1381/1381/1381 1372/1372/1372 1521/1521/1521
f 1521/1521/1521 1540/1540/1540 1381/1381/1381
f 1528/1528/1528 1527/1527/1527 1541/1541/1541
f 1541/1541/1541 1542/1542/1542 1528/1528/1528
f 1541/1541/1541 1527/1527/1527 1531/1531/1531
f 1531/1531/1531 1543/1543/1543 1541/1541/1541
f 1536/1536/1536 1524/1524/1524 1544/1544/1544
f 1544/1544/1544 1545/1545/1545 1536/1536/1536
f 1540/1540/1540 1546/1546/1546 1382/1382/1382
f 1382/1382/1382 1381/1381/1381 1540/1540/1540
f 1544/1544/1544 1547/1547/1547 1548/1548/1548
f 1548/1548/1548 1549/1549/1549 1544/1544/1544
f 1542/1542/1542 1541/1541/1541 1550/1550/1550
f 1550/1550/1550 1551/1551/1551 1542/1542/1542
f 1541/1541/1541 1543/1543/1543 1552/1552/1552
f 1552/1552/1552 1550/1550/1550 1541/1541/1541
f 1553/1553/1553 1554/1554/1554 1555/1555/1555
f 1555/1555/1555 1556/1556/1556 1553/1553/1553
f 1545/1545/1545 1544/1544/1544 1549/1549/1549
f 1549/1549/1549 1557/1557/1557 1545/1545/1545
f 1558/1558/1558 1559/1559/1559 1545/1545/1545
f 1545/1545/1545 1557/1557/1557 1558/1558/1558
f 1554/1554/1554 1542/1542/1542 1551/1551/1551
f 1551/1551/1551 1555/1555/1555 1554/1554/1554
f 1547/1547/1547 1553/1553/1553 1556/1556/1556
f 1556/1556/1556 1548/1548/1548 1547/1547/1547
f 1546/1546/1546 1540/1540/1540 1559/1559/1559
f 1559/1559/1559 1558/1558/1558 1546/1546/1546
f 1547/1547/1547 1544/1544/1544 1524/1524/1524
f 1524/1524/1524 1523/1523/1523 1547/1547/1547
f 1533/1533/1533 1554/1554/1554 1553/1553/1553
f 1553/1553/1553 1534/1534/1534 1533/1533/1533
f 1536/1536/1536 1545/1545/1545 1559/1559/1559
f 1559/1559/1559 1539/1539/1539 1536/1536/1536
f 1542/1542/1542 1554/1554/1554 1533/1533/1533
f 1533/1533/1533 1528/1528/1528 1542/1542/1542
f 1534/1534/1534 1553/1553/1553 1547/1547/1547
f 1547/1547/1547 1523/1523/1523 1534/1534/1534
f 1559/1559/1559 1540/1540/1540 1521/1521/1521
f 1521/1521/1521 1539/1539/1539 1559/1559/1559
f 1560/1560/1560 1520/1520/1520 1371/1371/1371
f 1371/1371/1371 1387/1387/1387 1560/1560/1560
f 1561/1561/1561 1562/1562/1562 1522/1522/1522
f 1522/1522/1522 1525/1525/1525 1561/1561/1561
f 1563/1563/1563 1564/1564/1564 1526/1526/1526
f 1526/1526/1526 1529/1529/1529 1563/1563/1563
f 1564/1564/1564 1565/1565/1565 1530/1530/1530
f 1530/1530/1530 1526/1526/1526 1564/1564/1564
f 1566/1566/1566 1567/1567/1567 1532/1532/1532
f 1532/1532/1532 1535/1535/1535 1566/1566/1566
f 1568/1568/1568 1561/1561/1561 1525/1525/1525
f 1525/1525/1525 1537/1537/1537 1568/1568/1568
f 1538/1538/1538 1569/1569/1569 1568/1568/1568
f 1568/1568/1568 1537/1537/1537 1538/1538/1538
f 1567/1567/1567 1563/1563/1563 1529/1529/1529
f 1529/1529/1529 1532/1532/1532 1567/1567/1567
f 1562/1562/1562 1566/1566/1566 1535/1535/1535
f 1535/1535/1535 1522/1522/1522 1562/1562/1562
f 1520/1520/1520 1560/1560/1560 1569/1569/1569
f 1569/1569/1569 1538/1538/1538 1520/1520/1520
f 1387/1387/1387 1393/1393/1393 1570/1570/1570
f 1570/1570/1570 1560/1560/1560 1387/1387/1387
f 1563/1563/1563 1571/1571/1571 1572/1572/1572
f 1572/1572/1572 1564/1564/1564 1563/1563/1563
f 1564/1564/1564 1572/1572/1572 1573/1573/1573
f 1573/1573/1573 1565/1565/1565 1564/1564/1564
f 1568/1568/1568 1574/1574/1574 1575/1575/1575
f 1575/1575/1575 1561/1561/1561 1568/1568/1568
f 1361/1361/1361 1506/1506/1506 1570/1570/1570
f 1570/1570/1570 1393/1393/1393 1361/1361/1361
f 1508/1508/1508 1576/1576/1576 1575/1575/1575
f 1575/1575/1575 1509/1509/1509 1508/1508/1508
f 1510/1510/1510 1572/1572/1572 1571/1571/1571
f 1571/1571/1571 1511/1511/1511 1510/1510/1510
f 1512/1512/1512 1573/1573/1573 1572/1572/1572
f 1572/1572/1572 1510/1510/1510 1512/1512/1512
f 1515/1515/1515 1577/1577/1577 1578/1578/1578
f 1578/1578/1578 1516/1516/1516 1515/1515/1515
f 1509/1509/1509 1575/1575/1575 1574/1574/1574
f 1574/1574/1574 1517/1517/1517 1509/1509/1509
f 1518/1518/1518 1517/1517/1517 1574/1574/1574
f 1574/1574/1574 1579/1579/1579 1518/1518/1518
f 1511/1511/1511 1571/1571/1571 1577/1577/1577
f 1577/1577/1577 1515/1515/1515 1511/1511/1511
f 1516/1516/1516 1578/1578/1578 1576/1576/1576
f 1576/1576/1576 1508/1508/1508 1516/1516/1516
f 1506/1506/1506 1518/1518/1518 1579/1579/1579
f 1579/1579/1579 1570/1570/1570 1506/1506/1506
f 1576/1576/1576 1562/1562/1562 1561/1561/1561
f 1561/1561/1561 1575/1575/1575 1576/1576/1576
f 1567/1567/1567 1566/1566/1566 1578/1578/1578
f 1578/1578/1578 1577/1577/1577 1567/1567/1567
f 1568/1568/1568 1569/1569/1569 1579/1579/1579
f 1579/1579/1579 1574/1574/1574 1568/1568/1568
f 1571/1571/1571 1563/1563/1563 1567/1567/1567
f 1567/1567/1567 1577/1577/1577 1571/1571/1571
f 1566/1566/1566 1562/1562/1562 1576/1576/1576
f 1576/1576/1576 1578/1578/1578 1566/1566/1566
f 1579/1579/1579 1569/1569/1569 1560/1560/1560
f 1560/1560/1560 1570/1570/1570 1579/1579/1579
f 1402/1402/1402 1580/1580/1580 1581/1581/1581
f 1581/1581/1581 1403/1403/1403 1402/1402/1402
f 1582/1582/1582 1583/1583/1583 1584/1584/1584
f 1584/1584/1584 1585/1585/1585 1582/1582/1582
f 1586/1586/1586 1587/1587/1587 1588/1588/1588
f 1588/1588/1588 1589/1589/1589 1586/1586/1586
f 1590/1590/1590 1591/1591/1591 1587/1587/1587
f 1587/1587/1587 1586/1586/1586 1590/1590/1590
f 1592/1592/1592 1593/1593/1593 1594/1594/1594
f 1594/1594/1594 1595/1595/1595 1592/1592/1592
f 1585/1585/1585 1584/1584/1584 1596/1596/1596
f 1596/1596/1596 1597/1597/1597 1585/1585/1585
f 1598/1598/1598 1597/1597/1597 1596/1596/1596
f 1596/1596/1596 1599/1599/1599 1598/1598/1598
f 1589/1589/1589 1588/1588/1588 1593/1593/1593
f 1593/1593/1593 1592/1592/1592 1589/1589/1589
f 1595/1595/1595 1594/1594/1594 1583/1583/1583
f 1583/1583/1583 1582/1582/1582 1595/1595/1595
f 1580/1580/1580 1598/1598/1598 1599/1599/1599
f 1599/1599/1599 1581/1581/1581 1580/1580/1580
f 1408/1408/1408 1403/1403/1403 1581/1581/1581
f 1581/1581/1581 1600/1600/1600 1408/1408/1408
f 1588/1588/1588 1587/1587/1587 1601/1601/1601
f 1601/1601/1601 1602/1602/1602 1588/1588/1588
f 1601/1601/1601 1587/1587/1587 1591/1591/1591
f 1591/1591/1591 1603/1603/1603 1601/1601/1601
f 1596/1596/1596 1584/1584/1584 1604/1604/1604
f 1604/1604/1604 1605/1605/1605 1596/1596/1596
f 1600/1600/1600 1476/1476/1476 1347/1347/1347
f 1347/1347/1347 1408/1408/1408 1600/1600/1600
f 1604/1604/1604 1606/1606/1606 1477/1477/1477
f 1477/1477/1477 1479/1479/1479 1604/1604/1604
f 1602/1602/1602 1601/1601/1601 1480/1480/1480
f 1480/1480/1480 1481/1481/1481 1602/1602/1602
f 1601/1601/1601 1603/1603/1603 1482/1482/1482
f 1482/1482/1482 1480/1480/1480 1601/1601/1601
f 1607/1607/1607 1608/1608/1608 1483/1483/1483
f 1483/1483/1483 1486/1486/1486 1607/1607/1607
f 1605/1605/1605 1604/1604/1604 1479/1479/1479
f 1479/1479/1479 1487/1487/1487 1605/1605/1605
f 1488/1488/1488 1609/1609/1609 1605/1605/1605
f 1605/1605/1605 1487/1487/1487 1488/1488/1488
f 1608/1608/1608 1602/1602/1602 1481/1481/1481
f 1481/1481/1481 1483/1483/1483 1608/1608/1608
f 1606/1606/1606 1607/1607/1607 1486/1486/1486
f 1486/1486/1486 1477/1477/1477 1606/1606/1606
f 1476/1476/1476 1600/1600/1600 1609/1609/1609
f 1609/1609/1609 1488/1488/1488 1476/1476/1476
f 1606/1606/1606 1604/1604/1604 1584/1584/1584
f 1584/1584/1584 1583/1583/1583 1606/1606/1606
f 1593/1593/1593 1608/1608/1608 1607/1607/1607
f 1607/1607/1607 1594/1594/1594 1593/1593/1593
f 1596/1596/1596 1605/1605/1605 1609/1609/1609
f 1609/1609/1609 1599/1599/1599 1596/1596/1596
f 1602/1602/1602 1608/1608/1608 1593/1593/1593
f 1593/1593/1593 1588/1588/1588 1602/1602/1602
f 1594/1594/1594 1607/1607/1607 1606/1606/1606
f 1606/1606/1606 1583/1583/1583 1594/1594/1594
f 1609/1609/1609 1600/1600/1600 1581/1581/1581
f 1581/1581/1581 1599/1599/1599 1609/1609/1609
f 1610/1610/1610 1580/1580/1580 1402/1402/1402
f 1402/1402/1402 1413/1413/1413 1610/1610/1610
f 1611/1611/1611 1612/1612/1612 1582/1582/1582
f 1582/1582/1582 1585/1585/1585 1611/1611/1611
f 1613/1613/1613 1614/1614/1614 1586/1586/1586
f 1586/1586/1586 1589/1589/1589 1613/1613/1613
f 1614/1614/1614 1615/1615/1615 1590/1590/1590
f 1590/1590/1590 1586/1586/1586 1614/1614/1614
f 1616/1616/1616 1617/1617/1617 1592/1592/1592
f 1592/1592/1592 1595/1595/1595 1616/1616/1616
f 1618/1618/1618 1611/1611/1611 1585/1585/1585
f 1585/1585/1585 1597/1597/1597 1618/1618/1618
f 1598/1598/1598 1619/1619/1619 1618/1618/1618
f 1618/1618/1618 1597/1597/1597 1598/1598/1598
f 1617/1617/1617 1613/1613/1613 1589/1589/1589
f 1589/1589/1589 1592/1592/1592 1617/1617/1617
f 1612/1612/1612 1616/1616/1616 1595/1595/1595
f 1595/1595/1595 1582/1582/1582 1612/1612/1612
f 1580/1580/1580 1610/1610/1610 1619/1619/1619
f 1619/1619/1619 1598/1598/1598 1580/1580/1580
f 1413/1413/1413 1424/1424/1424 1620/1620/1620
f 1620/1620/1620 1610/1610/1610 1413/1413/1413
f 1613/1613/1613 1621/1621/1621 1622/1622/1622
f 1622/1622/1622 1614/1614/1614 1613/1613/1613
f 1614/1614/1614 1622/1622/1622 1623/1623/1623
f 1623/1623/1623 1615/1615/1615 1614/1614/1614
f 1618/1618/1618 1624/1624/1624 1625/1625/1625
f 1625/1625/1625 1611/1611/1611 1618/1618/1618
f 1423/1423/1423 1626/1626/1626 1620/1620/1620
f 1620/1620/1620 1424/1424/1424 1423/1423/1423
f 1627/1627/1627 1628/1628/1628 1625/1625/1625
f 1625/1625/1625 1629/1629/1629 1627/1627/1627
f 1630/1630/1630 1622/1622/1622 1621/1621/1621
f 1621/1621/1621 1631/1631/1631 1630/1630/1630
f 1632/1632/1632 1623/1623/1623 1622/1622/1622
f 1622/1622/1622 1630/1630/1630 1632/1632/1632
f 1633/1633/1633 1634/1634/1634 1635/1635/1635
f 1635/1635/1635 1636/1636/1636 1633/1633/1633
f 1629/1629/1629 1625/1625/1625 1624/1624/1624
f 1624/1624/1624 1637/1637/1637 1629/1629/1629
f 1638/1638/1638 1637/1637/1637 1624/1624/1624
f 1624/1624/1624 1639/1639/1639 1638/1638/1638
f 1631/1631/1631 1621/1621/1621 1634/1634/1634
f 1634/1634/1634 1633/1633/1633 1631/1631/1631
f 1636/1636/1636 1635/1635/1635 1628/1628/1628
f 1628/1628/1628 1627/1627/1627 1636/1636/1636
f 1626/1626/1626 1638/1638/1638 1639/1639/1639
f 1639/1639/1639 1620/1620/1620 1626/1626/1626
f 1628/1628/1628 1612/1612/1612 1611/1611/1611
f 1611/1611/1611 1625/1625/1625 1628/1628/1628
f 1617/1617/1617 1616/1616/1616 1635/1635/1635
f 1635/1635/1635 1634/1634/1634 1617/1617/1617
f 1618/1618/1618 1619/1619/1619 1639/1639/1639
f 1639/1639/1639 1624/1624/1624 1618/1618/1618
f 1621/1621/1621 1613/1613/1613 1617/1617/1617
f 1617/1617/1617 1634/1634/1634 1621/1621/1621
f 1616/1616/1616 1612/1612/1612 1628/1628/1628
f 1628/1628/1628 1635/1635/1635 1616/1616/1616
f 1639/1639/1639 1619/1619/1619 1610/1610/1610
f 1610/1610/1610 1620/1620/1620 1639/1639/1639
f 1640/1640/1640 1641/1641/1641 1434/1434/1434
f 1434/1434/1434 1433/1433/1433 1640/1640/1640
f 1642/1642/1642 1643/1643/1643 1644/1644/1644
f 1644/1644/1644 1645/1645/1645 1642/1642/1642
f 1646/1646/1646 1647/1647/1647 1648/1648/1648
f 1648/1648/1648 1649/1649/1649 1646/1646/1646
f 1647/1647/1647 1650/1650/1650 1651/1651/1651
f 1651/1651/1651 1648/1648/1648 1647/1647/1647
f 1652/1652/1652 1653/1653/1653 1654/1654/1654
f 1654/1654/1654 1655/1655/1655 1652/1652/1652
f 1656/1656/1656 1642/1642/1642 1645/1645/1645
f 1645/1645/1645 1657/1657/1657 1656/1656/1656
f 1658/1658/1658 1659/1659/1659 1656/1656/1656
f 1656/1656/1656 1657/1657/1657 1658/1658/1658
f 1653/1653/1653 1646/1646/1646 1649/1649/1649
f 1649/1649/1649 1654/1654/1654 1653/1653/1653
f 1643/1643/1643 1652/1652/1652 1655/1655/1655
f 1655/1655/1655 1644/1644/1644 1643/1643/1643
f 1641/1641/1641 1640/1640/1640 1659/1659/1659
f 1659/1659/1659 1658/1658/1658 1641/1641/1641
f 1433/1433/1433 1439/1439/1439 1660/1660/1660
f 1660/1660/1660 1640/1640/1640 1433/1433/1433
f 1646/1646/1646 1661/1661/1661 1662/1662/1662
f 1662/1662/1662 1647/1647/1647 1646/1646/1646
f 1647/1647/1647 1662/1662/1662 1663/1663/1663
f 1663/1663/1663 1650/1650/1650 1647/1647/1647
f 1656/1656/1656 1664/1664/1664 1665/1665/1665
f 1665/1665/1665 1642/1642/1642 1656/1656/1656
f 1382/1382/1382 1546/1546/1546 1660/1660/1660
f 1660/1660/1660 1439/1439/1439 1382/1382/1382
f 1548/1548/1548 1666/1666/1666 1665/1665/1665
f 1665/1665/1665 1549/1549/1549 1548/1548/1548
f 1550/1550/1550 1662/1662/1662 1661/1661/1661
f 1661/1661/1661 1551/1551/1551 1550/1550/1550
f 1552/1552/1552 1663/1663/1663 1662/1662/1662
f 1662/1662/1662 1550/1550/1550 1552/1552/1552
f 1555/1555/1555 1667/1667/1667 1668/1668/1668
f 1668/1668/1668 1556/1556/1556 1555/1555/1555
f 1549/1549/1549 1665/1665/1665 1664/1664/1664
f 1664/1664/1664 1557/1557/1557 1549/1549/1549
f 1558/1558/1558 1557/1557/1557 1664/1664/1664
f 1664/1664/1664 1669/1669/1669 1558/1558/1558
f 1551/1551/1551 1661/1661/1661 1667/1667/1667
f 1667/1667/1667 1555/1555/1555 1551/1551/1551
f 1556/1556/1556 1668/1668/1668 1666/1666/1666
f 1666/1666/1666 1548/1548/1548 1556/1556/1556
f 1546/1546/1546 1558/1558/1558 1669/1669/1669
f 1669/1669/1669 1660/1660/1660 1546/1546/1546
f 1666/1666/1666 1643/1643/1643 1642/1642/1642
f 1642/1642/1642 1665/1665/1665 1666/1666/1666
f 1653/1653/1653 1652/1652/1652 1668/1668/1668
f 1668/1668/1668 1667/1667/1667 1653/1653/1653
f 1656/1656/1656 1659/1659/1659 1669/1669/1669
f 1669/1669/1669 1664/1664/1664 1656/1656/1656
f 1661/1661/1661 1646/1646/1646 1653/1653/1653
f 1653/1653/1653 1667/1667/1667 1661/1661/1661
f 1652/1652/1652 1643/1643/1643 1666/1666/1666
f 1666/1666/1666 1668/1668/1668 1652/1652/1652
f 1669/1669/1669 1659/1659/1659 1640/1640/1640
f 1640/1640/1640 1660/1660/1660 1669/1669/1669
f 1434/1434/1434 1641/1641/1641 1670/1670/1670
f 1670/1670/1670 1444/1444/1444 1434/1434/1434
f 1644/1644/1644 1671/1671/1671 1672/1672/1672
f 1672/1672/1672 1645/1645/1645 1644/1644/1644
f 1648/1648/1648 1673/1673/1673 1674/1674/1674
f 1674/1674/1674 1649/1649/1649 1648/1648/1648
f 1651/1651/1651 1675/1675/1675 1673/1673/1673
f 1673/1673/1673 1648/1648/1648 1651/1651/1651
f 1654/1654/1654 1676/1676/1676 1677/1677/1677
f 1677/1677/1677 1655/1655/1655 1654/1654/1654
f 1645/1645/1645 1672/1672/1672 1678/1678/1678
f 1678/1678/1678 1657/1657/1657 1645/1645/1645
f 1658/1658/1658 1657/1657/1657 1678/1678/1678
f 1678/1678/1678 1679/1679/1679 1658/1658/1658
f 1649/1649/1649 1674/1674/1674 1676/1676/1676
f 1676/1676/1676 1654/1654/1654 1649/1649/1649
f 1655/1655/1655 1677/1677/1677 1671/1671/1671
f 1671/1671/1671 1644/1644/1644 1655/1655/1655
f 1641/1641/1641 1658/1658/1658 1679/1679/1679
f 1679/1679/1679 1670/1670/1670 1641/1641/1641
f 1449/1449/1449 1444/1444/1444 1670/1670/1670
f 1670/1670/1670 1680/1680/1680 1449/1449/1449
f 1674/1674/1674 1673/1673/1673 1681/1681/1681
f 1681/1681/1681 1682/1682/1682 1674/1674/1674
f 1681/1681/1681 1673/1673/1673 1675/1675/1675
f 1675/1675/1675 1683/1683/1683 1681/1681/1681
f 1678/1678/1678 1672/1672/1672 1684/1684/1684
f 1684/1684/1684 1685/1685/1685 1678/1678/1678
f 1680/1680/1680 1626/1626/1626 1423/1423/1423
f 1423/1423/1423 1449/1449/1449 1680/1680/1680
f 1684/1684/1684 1686/1686/1686 1627/1627/1627
f 1627/1627/1627 1629/1629/1629 1684/1684/1684
f 1682/1682/1682 1681/1681/1681 1630/1630/1630
f 1630/1630/1630 1631/1631/1631 1682/1682/1682
f 1681/1681/1681 1683/1683/1683 1632/1632/1632
f 1632/1632/1632 1630/1630/1630 1681/1681/1681
f 1687/1687/1687 1688/1688/1688 1633/1633/1633
f 1633/1633/1633 1636/1636/1636 1687/1687/1687
f 1685/1685/1685 1684/1684/1684 1629/1629/1629
f 1629/1629/1629 1637/1637/1637 1685/1685/1685
f 1638/1638/1638 1689/1689/1689 1685/1685/1685
f 1685/1685/1685 1637/1637/1637 1638/1638/1638
f 1688/1688/1688 1682/1682/1682 1631/1631/1631
f 1631/1631/1631 1633/1633/1633 1688/1688/1688
f 1686/1686/1686 1687/1687/1687 1636/1636/1636
f 1636/1636/1636 1627/1627/1627 1686/1686/1686
f 1626/1626/1626 1680/1680/1680 1689/1689/1689
f 1689/1689/1689 1638/1638/1638 1626/1626/1626
f 1686/1686/1686 1684/1684/1684 1672/1672/1672
f 1672/1672/1672 1671/1671/1671 1686/1686/1686
f 1676/1676/1676 1688/1688/1688 1687/1687/1687
f 1687/1687/1687 1677/1677/1677 1676/1676/1676
f 1678/1678/1678 1685/1685/1685 1689/1689/1689
f 1689/1689/1689 1679/1679/1679 1678/1678/1678
f 1682/1682/1682 1688/1688/1688 1676/1676/1676
f 1676/1676/1676 1674/1674/1674 1682/1682/1682
f 1677/1677/1677 1687/1687/1687 1686/1686/1686
f 1686/1686/1686 1671/1671/1671 1677/1677/1677
f 1689/1689/1689 1680/1680/1680 1670/1670/1670
f 1670/1670/1670 1679/1679/1679 1689/1689/1689
f 1690/1690/1690 1691/1691/1691 1692/1692/1692
f 1694/1694/1694 1461/1461/1461 1460/1460/1460
f 1460/1460/1460 1696/1696/1696 1694/1694/1694
f 1696/1696/1696 1460/1460/1460 1473/1473/1473
f 1473/1473/1473 1698/1698/1698 1696/1696/1696
f 1698/1698/1698 1473/1473/1473 1482/1482/1482
f 1482/1482/1482 1700/1700/1700 1698/1698/1698
f 1700/1700/1700 1482/1482/1482 1603/1603/1603
f 1603/1603/1603 1701/1701/1701 1700/1700/1700
f 1701/1701/1701 1603/1603/1603 1591/1591/1591
f 1591/1591/1591 1703/1703/1703 1701/1701/1701
f 1703/1703/1703 1591/1591/1591 1590/1590/1590
f 1590/1590/1590 1705/1705/1705 1703/1703/1703
f 1615/1615/1615 1707/1707/1707 1705/1705/1705
f 1705/1705/1705 1590/1590/1590 1615/1615/1615
f 1707/1707/1707 1615/1615/1615 1623/1623/1623
f 1623/1623/1623 1709/1709/1709 1707/1707/1707
f 1709/1709/1709 1623/1623/1623 1632/1632/1632
f 1632/1632/1632 1712/1712/1712 1709/1709/1709
f 1712/1712/1712 1632/1632/1632 1683/1683/1683
f 1683/1683/1683 1714/1714/1714 1712/1712/1712
f 1714/1714/1714 1683/1683/1683 1675/1675/1675
f 1675/1675/1675 1716/1716/1716 1714/1714/1714
f 1716/1716/1716 1675/1675/1675 1651/1651/1651
f 1651/1651/1651 1719/1719/1719 1716/1716/1716
f 1719/1719/1719 1651/1651/1651 1650/1650/1650
f 1650/1650/1650 1721/1721/1721 1719/1719/1719
f 1721/1721/1721 1650/1650/1650 1663/1663/1663
f 1663/1663/1663 1723/1723/1723 1721/1721/1721
f 1723/1723/1723 1663/1663/1663 1552/1552/1552
f 1552/1552/1552 1725/1725/1725 1723/1723/1723
f 1725/1725/1725 1552/1552/1552 1543/1543/1543
f 1543/1543/1543 1727/1727/1727 1725/1725/1725
f 1727/1727/1727 1543/1543/1543 1531/1531/1531
f 1531/1531/1531 1729/1729/1729 1727/1727/1727
f 1531/1531/1531 1530/1530/1530 1731/1731/1731
f 1731/1731/1731 1729/1729/1729 1531/1531/1531
f 1565/1565/1565 1732/1732/1732 1731/1731/1731
f 1731/1731/1731 1530/1530/1530 1565/1565/1565
f 1732/1732/1732 1565/1565/1565 1573/1573/1573
f 1573/1573/1573 1734/1734/1734 1732/1732/1732
f 1734/1734/1734 1573/1573/1573 1512/1512/1512
f 1512/1512/1512 1738/1738/1738 1734/1734/1734
f 1738/1738/1738 1512/1512/1512 1503/1503/1503
f 1503/1503/1503 1739/1739/1739 1738/1738/1738
f 1739/1739/1739 1503/1503/1503 1495/1495/1495
f 1495/1495/1495 1741/1741/1741 1739/1739/1739
f 1741/1741/1741 1495/1495/1495 1461/1461/1461
f 1461/1461/1461 1694/1694/1694 1741/1741/1741
f 1743/1743/1743 1693/1693/1693 1695/1695/1695
f 1695/1695/1695 1745/1745/1745 1743/1743/1743
f 1745/1745/1745 1695/1695/1695 1697/1697/1697
f 1697/1697/1697 1748/1748/1748 1745/1745/1745
f 1748/1748/1748 1697/1697/1697 1699/1699/1699
f 1699/1699/1699 1750/1750/1750 1748/1748/1748
f 1750/1750/1750 1699/1699/1699 1702/1702/1702
f 1702/1702/1702 1751/1751/1751 1750/1750/1750
f 1751/1751/1751 1702/1702/1702 1704/1704/1704
f 1704/1704/1704 1754/1754/1754 1751/1751/1751
f 1754/1754/1754 1704/1704/1704 1706/1706/1706
f 1706/1706/1706 1755/1755/1755 1754/1754/1754
f 1708/1708/1708 1758/1758/1758 1755/1755/1755
f 1755/1755/1755 1706/1706/1706 1708/1708/1708
f 1758/1758/1758 1708/1708/1708 1710/1710/1710
f 1710/1710/1710 1760/1760/1760 1758/1758/1758
f 1761/1761/1761 1711/1711/1711 1713/1713/1713
f 1713/1713/1713 1762/1762/1762 1761/1761/1761
f 1762/1762/1762 1713/1713/1713 1715/1715/1715
f 1715/1715/1715 1764/1764/1764 1762/1762/1762
f 1764/1764/1764 1715/1715/1715 1717/1717/1717
f 1717/1717/1717 1767/1767/1767 1764/1764/1764
f 1767/1767/1767 1717/1717/1717 1718/1718/1718
f 1718/1718/1718 1768/1768/1768 1767/1767/1767
f 1768/1768/1768 1718/1718/1718 1720/1720/1720
f 1720/1720/1720 1770/1770/1770 1768/1768/1768
f 1770/1770/1770 1720/1720/1720 1722/1722/1722
f 1722/1722/1722 1772/1772/1772 1770/1770/1770
f 1772/1772/1772 1722/1722/1722 1724/1724/1724
f 1724/1724/1724 1775/1775/1775 1772/1772/1772
f 1775/1775/1775 1724/1724/1724 1726/1726/1726
f 1726/1726/1726 1776/1776/1776 1775/1775/1775
f 1776/1776/1776 1726/1726/1726 1728/1728/1728
f 1728/1728/1728 1778/1778/1778 1776/1776/1776
f 1730/1730/1730 1781/1781/1781 1778/1778/1778
f 1778/1778/1778 1728/1728/1728 1730/1730/1730
f 1730/1730/1730 1733/1733/1733 1783/1783/1783
f 1783/1783/1783 1781/1781/1781 1730/1730/1730
f 1783/1783/1783 1733/1733/1733 1736/1736/1736
f 1736/1736/1736 1786/1786/1786 1783/1783/1783
f 1785/1785/1785 1735/1735/1735 1737/1737/1737
f 1737/1737/1737 1788/1788/1788 1785/1785/1785
f 1788/1788/1788 1737/1737/1737 1740/1740/1740
f 1740/1740/1740 1789/1789/1789 1788/1788/1788
f 1789/1789/1789 1740/1740/1740 1742/1742/1742
f 1742/1742/1742 1791/1791/1791 1789/1789/1789
f 1791/1791/1791 1742/1742/1742 1693/1693/1693
f 1693/1693/1693 1743/1743/1743 1791/1791/1791
f 1793/1793/1793 1744/1744/1744 1746/1746/1746
f 1746/1746/1746 1794/1794/1794 1793/1793/1793
f 1794/1794/1794 1746/1746/1746 1747/1747/1747
f 1747/1747/1747 1795/1795/1795 1794/1794/1794
f 1795/1795/1795 1747/1747/1747 1749/1749/1749
f 1749/1749/1749 1796/1796/1796 1795/1795/1795
f 1796/1796/1796 1749/1749/1749 1752/1752/1752
f 1752/1752/1752 1797/1797/1797 1796/1796/1796
f 1797/1797/1797 1752/1752/1752 1753/1753/1753
f 1753/1753/1753 1798/1798/1798 1797/1797/1797
f 1798/1798/1798 1753/1753/1753 1756/1756/1756
f 1756/1756/1756 1799/1799/1799 1798/1798/1798
f 1757/1757/1757 1800/1800/1800 1799/1799/1799
f 1799/1799/1799 1756/1756/1756 1757/1757/1757
f 1800/1800/1800 1757/1757/1757 1759/1759/1759
f 1759/1759/1759 1801/1801/1801 1800/1800/1800
f 1802/1802/1802 1801/1801/1801 1759/1759/1759
f 1759/1759/1759 1763/1763/1763 1802/1802/1802
f 1803/1803/1803 1802/1802/1802 1763/1763/1763
f 1763/1763/1763 1765/1765/1765 1803/1803/1803
f 1803/1803/1803 1765/1765/1765 1766/1766/1766
f 1766/1766/1766 1804/1804/1804 1803/1803/1803
f 1804/1804/1804 1766/1766/1766 1769/1769/1769
f 1769/1769/1769 1805/1805/1805 1804/1804/1804
f 1806/1806/1806 1771/1771/1771 1773/1773/1773
f 1773/1773/1773 1807/1807/1807 1806/1806/1806
f 1807/1807/1807 1773/1773/1773 1774/1774/1774
f 1774/1774/1774 1808/1808/1808 1807/1807/1807
f 1808/1808/1808 1774/1774/1774 1777/1777/1777
f 1777/1777/1777 1809/1809/1809 1808/1808/1808
f 1809/1809/1809 1777/1777/1777 1779/1779/1779
f 1779/1779/1779 1810/1810/1810 1809/1809/1809
f 1810/1810/1810 1779/1779/1779 1780/1780/1780
f 1780/1780/1780 1811/1811/1811 1810/1810/1810
f 1811/1811/1811 1780/1780/1780 1782/1782/1782
f 1782/1782/1782 1812/1812/1812 1811/1811/1811
f 1812/1812/1812 1782/1782/1782 1784/1784/1784
f 1784/1784/1784 1813/1813/1813 1812/1812/1812
f 1813/1813/1813 1784/1784/1784 1787/1787/1787
f 1787/1787/1787 1814/1814/1814 1813/1813/1813
f 1814/1814/1814 1787/1787/1787 1790/1790/1790
f 1790/1790/1790 1815/1815/1815 1814/1814/1814
f 1815/1815/1815 1790/1790/1790 1792/1792/1792
f 1792/1792/1792 1816/1816/1816 1815/1815/1815
f 1816/1816/1816 1792/1792/1792 1744/1744/1744
f 1744/1744/1744 1793/1793/1793 1816/1816/1816
f 1691/1691/1691 1817/1817/1817 1818/1818/1818
f 1805/1805/1805 1769/1769/1769 1771/1771/1771
f 1771/1771/1771 1806/1806/1806 1805/1805/1805
f 1819/1819/1819 1691/1691/1691 1818/1818/1818
f 1691/1691/1691 1820/1820/1820 1821/1821/1821
f 1692/1692/1692 1691/1691/1691 1821/1821/1821
f 1691/1691/1691 1822/1822/1822 1817/1817/1817
f 1690/1690/1690 1822/1822/1822 1691/1691/1691
f 1691/1691/1691 1819/1819/1819 1820/1820/1820
f 1822/1822/1822 1793/1793/1793 1794/1794/1794
f 1822/1822/1822 1794/1794/1794 1795/1795/1795
f 1795/1795/1795 1817/1817/1817 1822/1822/1822
f 1817/1817/1817 1795/1795/1795 1796/1796/1796
f 1817/1817/1817 1796/1796/1796 1797/1797/1797
f 1817/1817/1817 1797/1797/1797 1798/1798/1798
f 1798/1798/1798 1818/1818/1818 1817/1817/1817
f 1818/1818/1818 1798/1798/1798 1799/1799/1799
f 1818/1818/1818 1799/1799/1799 1800/1800/1800
f 1818/1818/1818 1800/1800/1800 1801/1801/1801
f 1801/1801/1801 1819/1819/1819 1818/1818/1818
f 1819/1819/1819 1801/1801/1801 1802/1802/1802
f 1819/1819/1819 1802/1802/1802 1803/1803/1803
f 1819/1819/1819 1803/1803/1803 1804/1804/1804
f 1804/1804/1804 1820/1820/1820 1819/1819/1819
f 1820/1820/1820 1804/1804/1804 1805/1805/1805
f 1820/1820/1820 1805/1805/1805 1806/1806/1806
f 1820/1820/1820 1806/1806/1806 1807/1807/1807
f 1807/1807/1807 1821/1821/1821 1820/1820/1820
f 1821/1821/1821 1807/1807/1807 1808/1808/1808
f 1821/1821/1821 1808/1808/1808 1809/1809/1809
f 1821/1821/1821 1809/1809/1809 1810/1810/1810
f 1810/1810/1810 1692/1692/1692 1821/1821/1821
f 1692/1692/1692 1810/1810/1810 1811/1811/1811
f 1692/1692/1692 1811/1811/1811 1812/1812/1812
f 1692/1692/1692 1812/1812/1812 1813/1813/1813
f 1813/1813/1813 1690/1690/1690 1692/1692/1692
f 1690/1690/1690 1813/1813/1813 1814/1814/1814
f 1690/1690/1690 1814/1814/1814 1815/1815/1815
f 1690/1690/1690 1815/1815/1815 1816/1816/1816
f 1816/1816/1816 1822/1822/1822 1690/1690/1690
f 1822/1822/1822 1816/1816/1816 1793/1793/1793
f 1823/1823/1823 1824/1824/1824 1825/1825/1825
f 1825/1825/1825 1826/1826/1826 1823/1823/1823
f 1827/1827/1827 1828/1828/1828 1829/1829/1829
f 1829/1829/1829 1830/1830/1830 1827/1827/1827
f 1332/1332/1332 1831/1831/1831 1832/1832/1832
f 1832/1832/1832 1339/1339/1339 1332/1332/1332
f 1833/1833/1833 1834/1834/1834 1825/1825/1825
f 1825/1825/1825 1824/1824/1824 1833/1833/1833
f 1835/1835/1835 1836/1836/1836 1837/1837/1837
f 1837/1837/1837 1838/1838/1838 1835/1835/1835
f 1839/1839/1839 1840/1840/1840 1823/1823/1823
f 1823/1823/1823 1826/1826/1826 1839/1839/1839
f 1836/1836/1836 1835/1835/1835 1841/1841/1841
f 1841/1841/1841 1842/1842/1842 1836/1836/1836
f 1832/1832/1832 1831/1831/1831 1842/1842/1842
f 1842/1842/1842 1841/1841/1841 1832/1832/1832
f 1823/1823/1823 1840/1840/1840 1843/1843/1843
f 1843/1843/1843 1844/1844/1844 1823/1823/1823
f 1824/1824/1824 1823/1823/1823 1844/1844/1844
f 1844/1844/1844 1845/1845/1845 1824/1824/1824
f 1846/1846/1846 1829/1829/1829 1828/1828/1828
f 1828/1828/1828 1847/1847/1847 1846/1846/1846
f 1835/1835/1835 1848/1848/1848 1849/1849/1849
f 1849/1849/1849 1841/1841/1841 1835/1835/1835
f 1824/1824/1824 1845/1845/1845 1850/1850/1850
f 1850/1850/1850 1833/1833/1833 1824/1824/1824
f 1851/1851/1851 1832/1832/1832 1841/1841/1841
f 1841/1841/1841 1849/1849/1849 1851/1851/1851
f 1832/1832/1832 1851/1851/1851 1344/1344/1344
f 1344/1344/1344 1339/1339/1339 1832/1832/1832
f 1848/1848/1848 1835/1835/1835 1838/1838/1838
f 1838/1838/1838 1852/1852/1852 1848/1848/1848
f 1853/1853/1853 1839/1839/1839 1826/1826/1826
f 1826/1826/1826 1854/1854/1854 1853/1853/1853
f 1854/1854/1854 1826/1826/1826 1825/1825/1825
f 1825/1825/1825 1855/1855/1855 1854/1854/1854
f 1827/1827/1827 1830/1830/1830 1856/1856/1856
f 1856/1856/1856 1857/1857/1857 1827/1827/1827
f 1842/1842/1842 1858/1858/1858 1859/1859/1859
f 1859/1859/1859 1836/1836/1836 1842/1842/1842
f 1834/1834/1834 1860/1860/1860 1855/1855/1855
f 1855/1855/1855 1825/1825/1825 1834/1834/1834
f 1842/1842/1842 1831/1831/1831 1861/1861/1861
f 1861/1861/1861 1858/1858/1858 1842/1842/1842
f 1332/1332/1332 1331/1331/1331 1861/1861/1861
f 1861/1861/1861 1831/1831/1831 1332/1332/1332
f 1837/1837/1837 1836/1836/1836 1859/1859/1859
f 1859/1859/1859 1862/1862/1862 1837/1837/1837
f 1863/1863/1863 1864/1864/1864 1865/1865/1865
f 1865/1865/1865 1866/1866/1866 1863/1863/1863
f 1867/1867/1867 1868/1868/1868 1869/1869/1869
f 1869/1869/1869 1870/1870/1870 1867/1867/1867
f 1871/1871/1871 1872/1872/1872 1349/1349/1349
f 1349/1349/1349 1354/1354/1354 1871/1871/1871
f 1863/1863/1863 1873/1873/1873 1874/1874/1874
f 1874/1874/1874 1864/1864/1864 1863/1863/1863
f 1875/1875/1875 1876/1876/1876 1877/1877/1877
f 1877/1877/1877 1878/1878/1878 1875/1875/1875
f 1865/1865/1865 1879/1879/1879 1880/1880/1880
f 1880/1880/1880 1866/1866/1866 1865/1865/1865
f 1881/1881/1881 1877/1877/1877 1876/1876/1876
f 1876/1876/1876 1882/1882/1882 1881/1881/1881
f 1882/1882/1882 1872/1872/1872 1871/1871/1871
f 1871/1871/1871 1881/1881/1881 1882/1882/1882
f 1865/1865/1865 1883/1883/1883 1884/1884/1884
f 1884/1884/1884 1879/1879/1879 1865/1865/1865
f 1864/1864/1864 1885/1885/1885 1883/1883/1883
f 1883/1883/1883 1865/1865/1865 1864/1864/1864
f 1886/1886/1886 1887/1887/1887 1868/1868/1868
f 1868/1868/1868 1867/1867/1867 1886/1886/1886
f 1888/1888/1888 1889/1889/1889 1877/1877/1877
f 1877/1877/1877 1881/1881/1881 1888/1888/1888
f 1890/1890/1890 1885/1885/1885 1864/1864/1864
f 1864/1864/1864 1874/1874/1874 1890/1890/1890
f 1891/1891/1891 1888/1888/1888 1881/1881/1881
f 1881/1881/1881 1871/1871/1871 1891/1891/1891
f 1358/1358/1358 1891/1891/1891 1871/1871/1871
f 1871/1871/1871 1354/1354/1354 1358/1358/1358
f 1889/1889/1889 1892/1892/1892 1878/1878/1878
f 1878/1878/1878 1877/1877/1877 1889/1889/1889
f 1853/1853/1853 1854/1854/1854 1866/1866/1866
f 1866/1866/1866 1880/1880/1880 1853/1853/1853
f 1854/1854/1854 1855/1855/1855 1863/1863/1863
f 1863/1863/1863 1866/1866/1866 1854/1854/1854
f 1869/1869/1869 1857/1857/1857 1856/1856/1856
f 1856/1856/1856 1870/1870/1870 1869/1869/1869
f 1859/1859/1859 1858/1858/1858 1882/1882/1882
f 1882/1882/1882 1876/1876/1876 1859/1859/1859
f 1855/1855/1855 1860/1860/1860 1873/1873/1873
f 1873/1873/1873 1863/1863/1863 1855/1855/1855
f 1882/1882/1882 1858/1858/1858 1861/1861/1861
f 1861/1861/1861 1872/1872/1872 1882/1882/1882
f 1861/1861/1861 1331/1331/1331 1349/1349/1349
f 1349/1349/1349 1872/1872/1872 1861/1861/1861
f 1875/1875/1875 1862/1862/1862 1859/1859/1859
f 1859/1859/1859 1876/1876/1876 1875/1875/1875
f 1893/1893/1893 1894/1894/1894 1895/1895/1895
f 1895/1895/1895 1896/1896/1896 1893/1893/1893
f 1897/1897/1897 1898/1898/1898 1899/1899/1899
f 1899/1899/1899 1900/1900/1900 1897/1897/1897
f 1901/1901/1901 1902/1902/1902 1368/1368/1368
f 1368/1368/1368 1374/1374/1374 1901/1901/1901
f 1893/1893/1893 1903/1903/1903 1904/1904/1904
f 1904/1904/1904 1894/1894/1894 1893/1893/1893
f 1905/1905/1905 1906/1906/1906 1907/1907/1907
f 1907/1907/1907 1908/1908/1908 1905/1905/1905
f 1895/1895/1895 1909/1909/1909 1910/1910/1910
f 1910/1910/1910 1896/1896/1896 1895/1895/1895
f 1911/1911/1911 1907/1907/1907 1906/1906/1906
f 1906/1906/1906 1912/1912/1912 1911/1911/1911
f 1912/1912/1912 1902/1902/1902 1901/1901/1901
f 1901/1901/1901 1911/1911/1911 1912/1912/1912
f 1913/1913/1913 1909/1909/1909 1895/1895/1895
f 1895/1895/1895 1914/1914/1914 1913/1913/1913
f 1914/1914/1914 1895/1895/1895 1894/1894/1894
f 1894/1894/1894 1915/1915/1915 1914/1914/1914
f 1916/1916/1916 1917/1917/1917 1898/1898/1898
f 1898/1898/1898 1897/1897/1897 1916/1916/1916
f 1907/1907/1907 1911/1911/1911 1918/1918/1918
f 1918/1918/1918 1919/1919/1919 1907/1907/1907
f 1894/1894/1894 1904/1904/1904 1920/1920/1920
f 1920/1920/1920 1915/1915/1915 1894/1894/1894
f 1921/1921/1921 1918/1918/1918 1911/1911/1911
f 1911/1911/1911 1901/1901/1901 1921/1921/1921
f 1901/1901/1901 1374/1374/1374 1379/1379/1379
f 1379/1379/1379 1921/1921/1921 1901/1901/1901
f 1919/1919/1919 1922/1922/1922 1908/1908/1908
f 1908/1908/1908 1907/1907/1907 1919/1919/1919
f 1923/1923/1923 1924/1924/1924 1896/1896/1896
f 1896/1896/1896 1910/1910/1910 1923/1923/1923
f 1924/1924/1924 1925/1925/1925 1893/1893/1893
f 1893/1893/1893 1896/1896/1896 1924/1924/1924
f 1899/1899/1899 1926/1926/1926 1927/1927/1927
f 1927/1927/1927 1900/1900/1900 1899/1899/1899
f 1928/1928/1928 1929/1929/1929 1912/1912/1912
f 1912/1912/1912 1906/1906/1906 1928/1928/1928
f 1925/1925/1925 1930/1930/1930 1903/1903/1903
f 1903/1903/1903 1893/1893/1893 1925/1925/1925
f 1912/1912/1912 1929/1929/1929 1931/1931/1931
f 1931/1931/1931 1902/1902/1902 1912/1912/1912
f 1931/1931/1931 1364/1364/1364 1368/1368/1368
f 1368/1368/1368 1902/1902/1902 1931/1931/1931
f 1905/1905/1905 1932/1932/1932 1928/1928/1928
f 1928/1928/1928 1906/1906/1906 1905/1905/1905
f 1934/1934/1934 1935/1935/1935 1937/1937/1937
f 1937/1937/1937 1938/1938/1938 1934/1934/1934
f 1939/1939/1939 1940/1940/1940 1942/1942/1942
f 1942/1942/1942 1944/1944/1944 1939/1939/1939
f 1384/1384/1384 1945/1945/1945 1946/1946/1946
f 1946/1946/1946 1390/1390/1390 1384/1384/1384
f 1948/1948/1948 1950/1950/1950 1937/1937/1937
f 1937/1937/1937 1935/1935/1935 1948/1948/1948
f 1951/1951/1951 1953/1953/1953 1954/1954/1954
f 1954/1954/1954 1956/1956/1956 1951/1951/1951
f 1957/1957/1957 1959/1959/1959 1934/1934/1934
f 1934/1934/1934 1938/1938/1938 1957/1957/1957
f 1953/1953/1953 1951/1951/1951 1961/1961/1961
f 1961/1961/1961 1962/1962/1962 1953/1953/1953
f 1946/1946/1946 1945/1945/1945 1962/1962/1962
f 1962/1962/1962 1961/1961/1961 1946/1946/1946
f 1933/1933/1933 1958/1958/1958 1884/1884/1884
f 1884/1884/1884 1883/1883/1883 1933/1933/1933
f 1936/1936/1936 1933/1933/1933 1883/1883/1883
f 1883/1883/1883 1885/1885/1885 1936/1936/1936
f 1886/1886/1886 1943/1943/1943 1941/1941/1941
f 1941/1941/1941 1887/1887/1887 1886/1886/1886
f 1952/1952/1952 1889/1889/1889 1888/1888/1888
f 1888/1888/1888 1960/1960/1960 1952/1952/1952
f 1936/1936/1936 1885/1885/1885 1890/1890/1890
f 1890/1890/1890 1949/1949/1949 1936/1936/1936
f 1891/1891/1891 1947/1947/1947 1960/1960/1960
f 1960/1960/1960 1888/1888/1888 1891/1891/1891
f 1947/1947/1947 1891/1891/1891 1358/1358/1358
f 1358/1358/1358 1388/1388/1388 1947/1947/1947
f 1889/1889/1889 1952/1952/1952 1955/1955/1955
f 1955/1955/1955 1892/1892/1892 1889/1889/1889
f 1923/1923/1923 1957/1957/1957 1938/1938/1938
f 1938/1938/1938 1924/1924/1924 1923/1923/1923
f 1924/1924/1924 1938/1938/1938 1937/1937/1937
f 1937/1937/1937 1925/1925/1925 1924/1924/1924
f 1939/1939/1939 1944/1944/1944 1927/1927/1927
f 1927/1927/1927 1926/1926/1926 1939/1939/1939
f 1962/1962/1962 1929/1929/1929 1928/1928/1928
f 1928/1928/1928 1953/1953/1953 1962/1962/1962
f 1950/1950/1950 1930/1930/1930 1925/1925/1925
f 1925/1925/1925 1937/1937/1937 1950/1950/1950
f 1962/1962/1962 1945/1945/1945 1931/1931/1931
f 1931/1931/1931 1929/1929/1929 1962/1962/1962
f 1384/1384/1384 1364/1364/1364 1931/1931/1931
f 1931/1931/1931 1945/1945/1945 1384/1384/1384
f 1954/1954/1954 1953/1953/1953 1928/1928/1928
f 1928/1928/1928 1932/1932/1932 1954/1954/1954
f 1963/1963/1963 1964/1964/1964 1965/1965/1965
f 1965/1965/1965 1966/1966/1966 1963/1963/1963
f 1967/1967/1967 1968/1968/1968 1969/1969/1969
f 1969/1969/1969 1970/1970/1970 1967/1967/1967
f 1971/1971/1971 1972/1972/1972 1398/1398/1398
f 1398/1398/1398 1404/1404/1404 1971/1971/1971
f 1963/1963/1963 1973/1973/1973 1974/1974/1974
f 1974/1974/1974 1964/1964/1964 1963/1963/1963
f 1975/1975/1975 1976/1976/1976 1977/1977/1977
f 1977/1977/1977 1978/1978/1978 1975/1975/1975
f 1965/1965/1965 1979/1979/1979 1980/1980/1980
f 1980/1980/1980 1966/1966/1966 1965/1965/1965
f 1981/1981/1981 1977/1977/1977 1976/1976/1976
f 1976/1976/1976 1982/1982/1982 1981/1981/1981
f 1982/1982/1982 1972/1972/1972 1971/1971/1971
f 1971/1971/1971 1981/1981/1981 1982/1982/1982
f 1965/1965/1965 1844/1844/1844 1843/1843/1843
f 1843/1843/1843 1979/1979/1979 1965/1965/1965
f 1964/1964/1964 1845/1845/1845 1844/1844/1844
f 1844/1844/1844 1965/1965/1965 1964/1964/1964
f 1846/1846/1846 1847/1847/1847 1968/1968/1968
f 1968/1968/1968 1967/1967/1967 1846/1846/1846
f 1849/1849/1849 1848/1848/1848 1977/1977/1977
f 1977/1977/1977 1981/1981/1981 1849/1849/1849
f 1850/1850/1850 1845/1845/1845 1964/1964/1964
f 1964/1964/1964 1974/1974/1974 1850/1850/1850
f 1851/1851/1851 1849/1849/1849 1981/1981/1981
f 1981/1981/1981 1971/1971/1971 1851/1851/1851
f 1344/1344/1344 1851/1851/1851 1971/1971/1971
f 1971/1971/1971 1404/1404/1404 1344/1344/1344
f 1848/1848/1848 1852/1852/1852 1978/1978/1978
f 1978/1978/1978 1977/1977/1977 1848/1848/1848
f 1983/1983/1983 1984/1984/1984 1966/1966/1966
f 1966/1966/1966 1980/1980/1980 1983/1983/1983
f 1984/1984/1984 1985/1985/1985 1963/1963/1963
f 1963/1963/1963 1966/1966/1966 1984/1984/1984
f 1969/1969/1969 1986/1986/1986 1987/1987/1987
f 1987/1987/1987 1970/1970/1970 1969/1969/1969
f 1988/1988/1988 1989/1989/1989 1982/1982/1982
f 1982/1982/1982 1976/1976/1976 1988/1988/1988
f 1985/1985/1985 1990/1990/1990 1973/1973/1973
f 1973/1973/1973 1963/1963/1963 1985/1985/1985
f 1982/1982/1982 1989/1989/1989 1991/1991/1991
f 1991/1991/1991 1972/1972/1972 1982/1982/1982
f 1991/1991/1991 1395/1395/1395 1398/1398/1398
f 1398/1398/1398 1972/1972/1972 1991/1991/1991
f 1975/1975/1975 1992/1992/1992 1988/1988/1988
f 1988/1988/1988 1976/1976/1976 1975/1975/1975
f 1994/1994/1994 1995/1995/1995 1997/1997/1997
f 1997/1997/1997 1998/1998/1998 1994/1994/1994
f 1999/1999/1999 2000/2000/2000 2003/2003/2003
f 2003/2003/2003 2004/2004/2004 1999/1999/1999
f 1411/1411/1411 2005/2005/2005 2007/2007/2007
f 2007/2007/2007 1415/1415/1415 1411/1411/1411
f 2009/2009/2009 2010/2010/2010 1997/1997/1997
f 1997/1997/1997 1995/1995/1995 2009/2009/2009
f 2012/2012/2012 2013/2013/2013 2014/2014/2014
f 2014/2014/2014 2016/2016/2016 2012/2012/2012
f 2017/2017/2017 2018/2018/2018 1994/1994/1994
f 1994/1994/1994 1998/1998/1998 2017/2017/2017
f 2013/2013/2013 2012/2012/2012 2021/2021/2021
f 2021/2021/2021 2022/2022/2022 2013/2013/2013
f 2007/2007/2007 2005/2005/2005 2022/2022/2022
f 2022/2022/2022 2021/2021/2021 2007/2007/2007
f 1993/1993/1993 2019/2019/2019 2023/2023/2023
f 2023/2023/2023 2024/2024/2024 1993/1993/1993
f 1996/1996/1996 1993/1993/1993 2024/2024/2024
f 2024/2024/2024 2025/2025/2025 1996/1996/1996
f 2026/2026/2026 2002/2002/2002 2001/2001/2001
f 2001/2001/2001 2027/2027/2027 2026/2026/2026
f 2011/2011/2011 2028/2028/2028 2029/2029/2029
f 2029/2029/2029 2020/2020/2020 2011/2011/2011
f 1996/1996/1996 2025/2025/2025 2030/2030/2030
f 2030/2030/2030 2008/2008/2008 1996/1996/1996
f 2031/2031/2031 2006/2006/2006 2020/2020/2020
f 2020/2020/2020 2029/2029/2029 2031/2031/2031
f 2006/2006/2006 2031/2031/2031 1419/1419/1419
f 1419/1419/1419 1416/1416/1416 2006/2006/2006
f 2028/2028/2028 2011/2011/2011 2015/2015/2015
f 2015/2015/2015 2032/2032/2032 2028/2028/2028
f 1983/1983/1983 2017/2017/2017 1998/1998/1998
f 1998/1998/1998 1984/1984/1984 1983/1983/1983
f 1984/1984/1984 1998/1998/1998 1997/1997/1997
f 1997/1997/1997 1985/1985/1985 1984/1984/1984
f 1999/1999/1999 2004/2004/2004 1987/1987/1987
f 1987/1987/1987 1986/1986/1986 1999/1999/1999
f 2022/2022/2022 1989/1989/1989 1988/1988/1988
f 1988/1988/1988 2013/2013/2013 2022/2022/2022
f 2010/2010/2010 1990/1990/1990 1985/1985/1985
f 1985/1985/1985 1997/1997/1997 2010/2010/2010
f 2022/2022/2022 2005/2005/2005 1991/1991/1991
f 1991/1991/1991 1989/1989/1989 2022/2022/2022
f 1411/1411/1411 1395/1395/1395 1991/1991/1991
f 1991/1991/1991 2005/2005/2005 1411/1411/1411
f 2014/2014/2014 2013/2013/2013 1988/1988/1988
f 1988/1988/1988 1992/1992/1992 2014/2014/2014
f 2033/2033/2033 2034/2034/2034 2035/2035/2035
f 2035/2035/2035 2036/2036/2036 2033/2033/2033
f 2037/2037/2037 2038/2038/2038 2039/2039/2039
f 2039/2039/2039 2040/2040/2040 2037/2037/2037
f 1429/1429/1429 2041/2041/2041 2042/2042/2042
f 2042/2042/2042 1435/1435/1435 1429/1429/1429
f 2043/2043/2043 2044/2044/2044 2035/2035/2035
f 2035/2035/2035 2034/2034/2034 2043/2043/2043
f 2045/2045/2045 2046/2046/2046 2047/2047/2047
f 2047/2047/2047 2048/2048/2048 2045/2045/2045
f 2049/2049/2049 2050/2050/2050 2033/2033/2033
f 2033/2033/2033 2036/2036/2036 2049/2049/2049
f 2046/2046/2046 2045/2045/2045 2051/2051/2051
f 2051/2051/2051 2052/2052/2052 2046/2046/2046
f 2042/2042/2042 2041/2041/2041 2052/2052/2052
f 2052/2052/2052 2051/2051/2051 2042/2042/2042
f 1913/1913/1913 1914/1914/1914 2033/2033/2033
f 2033/2033/2033 2050/2050/2050 1913/1913/1913
f 1914/1914/1914 1915/1915/1915 2034/2034/2034
f 2034/2034/2034 2033/2033/2033 1914/1914/1914
f 1916/1916/1916 2039/2039/2039 2038/2038/2038
f 2038/2038/2038 1917/1917/1917 1916/1916/1916
f 1918/1918/1918 2051/2051/2051 2045/2045/2045
f 2045/2045/2045 1919/1919/1919 1918/1918/1918
f 1920/1920/1920 2043/2043/2043 2034/2034/2034
f 2034/2034/2034 1915/1915/1915 1920/1920/1920
f 1921/1921/1921 2042/2042/2042 2051/2051/2051
f 2051/2051/2051 1918/1918/1918 1921/1921/1921
f 1379/1379/1379 1435/1435/1435 2042/2042/2042
f 2042/2042/2042 1921/1921/1921 1379/1379/1379
f 1919/1919/1919 2045/2045/2045 2048/2048/2048
f 2048/2048/2048 1922/1922/1922 1919/1919/1919
f 2053/2053/2053 2049/2049/2049 2036/2036/2036
f 2036/2036/2036 2054/2054/2054 2053/2053/2053
f 2054/2054/2054 2036/2036/2036 2035/2035/2035
f 2035/2035/2035 2055/2055/2055 2054/2054/2054
f 2037/2037/2037 2040/2040/2040 2056/2056/2056
f 2056/2056/2056 2057/2057/2057 2037/2037/2037
f 2052/2052/2052 2058/2058/2058 2059/2059/2059
f 2059/2059/2059 2046/2046/2046 2052/2052/2052
f 2044/2044/2044 2060/2060/2060 2055/2055/2055
f 2055/2055/2055 2035/2035/2035 2044/2044/2044
f 2052/2052/2052 2041/2041/2041 2061/2061/2061
f 2061/2061/2061 2058/2058/2058 2052/2052/2052
f 1429/1429/1429 1428/1428/1428 2061/2061/2061
f 2061/2061/2061 2041/2041/2041 1429/1429/1429
f 2047/2047/2047 2046/2046/2046 2059/2059/2059
f 2059/2059/2059 2062/2062/2062 2047/2047/2047
f 2063/2063/2063 2064/2064/2064 2065/2065/2065
f 2065/2065/2065 2066/2066/2066 2063/2063/2063
f 2067/2067/2067 2068/2068/2068 2069/2069/2069
f 2069/2069/2069 2070/2070/2070 2067/2067/2067
f 2071/2071/2071 2072/2072/2072 1442/1442/1442
f 1442/1442/1442 1445/1445/1445 2071/2071/2071
f 2063/2063/2063 2073/2073/2073 2074/2074/2074
f 2074/2074/2074 2064/2064/2064 2063/2063/2063
f 2075/2075/2075 2076/2076/2076 2077/2077/2077
f 2077/2077/2077 2078/2078/2078 2075/2075/2075
f 2065/2065/2065 2079/2079/2079 2080/2080/2080
f 2080/2080/2080 2066/2066/2066 2065/2065/2065
f 2081/2081/2081 2077/2077/2077 2076/2076/2076
f 2076/2076/2076 2082/2082/2082 2081/2081/2081
f 2082/2082/2082 2072/2072/2072 2071/2071/2071
f 2071/2071/2071 2081/2081/2081 2082/2082/2082
f 2065/2065/2065 2024/2024/2024 2023/2023/2023
f 2023/2023/2023 2079/2079/2079 2065/2065/2065
f 2064/2064/2064 2025/2025/2025 2024/2024/2024
f 2024/2024/2024 2065/2065/2065 2064/2064/2064
f 2026/2026/2026 2027/2027/2027 2068/2068/2068
f 2068/2068/2068 2067/2067/2067 2026/2026/2026
f 2029/2029/2029 2028/2028/2028 2077/2077/2077
f 2077/2077/2077 2081/2081/2081 2029/2029/2029
f 2030/2030/2030 2025/2025/2025 2064/2064/2064
f 2064/2064/2064 2074/2074/2074 2030/2030/2030
f 2031/2031/2031 2029/2029/2029 2081/2081/2081
f 2081/2081/2081 2071/2071/2071 2031/2031/2031
f 1419/1419/1419 2031/2031/2031 2071/2071/2071
f 2071/2071/2071 1445/1445/1445 1419/1419/1419
f 2028/2028/2028 2032/2032/2032 2078/2078/2078
f 2078/2078/2078 2077/2077/2077 2028/2028/2028
f 2053/2053/2053 2054/2054/2054 2066/2066/2066
f 2066/2066/2066 2080/2080/2080 2053/2053/2053
f 2054/2054/2054 2055/2055/2055 2063/2063/2063
f 2063/2063/2063 2066/2066/2066 2054/2054/2054
f 2069/2069/2069 2057/2057/2057 2056/2056/2056
f 2056/2056/2056 2070/2070/2070 2069/2069/2069
f 2059/2059/2059 2058/2058/2058 2082/2082/2082
f 2082/2082/2082 2076/2076/2076 2059/2059/2059
f 2055/2055/2055 2060/2060/2060 2073/2073/2073
f 2073/2073/2073 2063/2063/2063 2055/2055/2055
f 2082/2082/2082 2058/2058/2058 2061/2061/2061
f 2061/2061/2061 2072/2072/2072 2082/2082/2082
f 2061/2061/2061 1428/1428/1428 1442/1442/1442
f 1442/1442/1442 2072/2072/2072 2061/2061/2061
f 2075/2075/2075 2062/2062/2062 2059/2059/2059
f 2059/2059/2059 2076/2076/2076 2075/2075/2075
f 1834/1834/1834 1833/1833/1833 1828/1828/1828
f 1828/1828/1828 1827/1827/1827 1834/1834/1834
f 1857/1857/1857 1860/1860/1860 1834/1834/1834
f 1834/1834/1834 1827/1827/1827 1857/1857/1857
f 1874/1874/1874 1873/1873/1873 1869/1869/1869
f 1869/1869/1869 1868/1868/1868 1874/1874/1874
f 1887/1887/1887 1890/1890/1890 1874/1874/1874
f 1874/1874/1874 1868/1868/1868 1887/1887/1887
f 1873/1873/1873 1860/1860/1860 1857/1857/1857
f 1857/1857/1857 1869/1869/1869 1873/1873/1873
f 1904/1904/1904 1903/1903/1903 1899/1899/1899
f 1899/1899/1899 1898/1898/1898 1904/1904/1904
f 1917/1917/1917 1920/1920/1920 1904/1904/1904
f 1904/1904/1904 1898/1898/1898 1917/1917/1917
f 1903/1903/1903 1930/1930/1930 1926/1926/1926
f 1926/1926/1926 1899/1899/1899 1903/1903/1903
f 1950/1950/1950 1948/1948/1948 1940/1940/1940
f 1940/1940/1940 1939/1939/1939 1950/1950/1950
f 1949/1949/1949 1890/1890/1890 1887/1887/1887
f 1887/1887/1887 1941/1941/1941 1949/1949/1949
f 1926/1926/1926 1930/1930/1930 1950/1950/1950
f 1950/1950/1950 1939/1939/1939 1926/1926/1926
f 1833/1833/1833 1850/1850/1850 1847/1847/1847
f 1847/1847/1847 1828/1828/1828 1833/1833/1833
f 1974/1974/1974 1973/1973/1973 1969/1969/1969
f 1969/1969/1969 1968/1968/1968 1974/1974/1974
f 1847/1847/1847 1850/1850/1850 1974/1974/1974
f 1974/1974/1974 1968/1968/1968 1847/1847/1847
f 1973/1973/1973 1990/1990/1990 1986/1986/1986
f 1986/1986/1986 1969/1969/1969 1973/1973/1973
f 2010/2010/2010 2009/2009/2009 2000/2000/2000
f 2000/2000/2000 1999/1999/1999 2010/2010/2010
f 2008/2008/2008 2030/2030/2030 2027/2027/2027
f 2027/2027/2027 2001/2001/2001 2008/2008/2008
f 1986/1986/1986 1990/1990/1990 2010/2010/2010
f 2010/2010/2010 1999/1999/1999 1986/1986/1986
f 2044/2044/2044 2043/2043/2043 2038/2038/2038
f 2038/2038/2038 2037/2037/2037 2044/2044/2044
f 2043/2043/2043 1920/1920/1920 1917/1917/1917
f 1917/1917/1917 2038/2038/2038 2043/2043/2043
f 2057/2057/2057 2060/2060/2060 2044/2044/2044
f 2044/2044/2044 2037/2037/2037 2057/2057/2057
f 2074/2074/2074 2073/2073/2073 2069/2069/2069
f 2069/2069/2069 2068/2068/2068 2074/2074/2074
f 2027/2027/2027 2030/2030/2030 2074/2074/2074
f 2074/2074/2074 2068/2068/2068 2027/2027/2027
f 2073/2073/2073 2060/2060/2060 2057/2057/2057
f 2057/2057/2057 2069/2069/2069 2073/2073/2073
f 1830/1830/1830 1829/1829/1829 1838/1838/1838
f 1838/1838/1838 1837/1837/1837 1830/1830/1830
f 1862/1862/1862 1856/1856/1856 1830/1830/1830
f 1830/1830/1830 1837/1837/1837 1862/1862/1862
f 1867/1867/1867 1870/1870/1870 1875/1875/1875
f 1875/1875/1875 1878/1878/1878 1867/1867/1867
f 1892/1892/1892 1886/1886/1886 1867/1867/1867
f 1867/1867/1867 1878/1878/1878 1892/1892/1892
f 1870/1870/1870 1856/1856/1856 1862/1862/1862
f 1862/1862/1862 1875/1875/1875 1870/1870/1870
f 1897/1897/1897 1900/1900/1900 1905/1905/1905
f 1905/1905/1905 1908/1908/1908 1897/1897/1897
f 1922/1922/1922 1916/1916/1916 1897/1897/1897
f 1897/1897/1897 1908/1908/1908 1922/1922/1922
f 1900/1900/1900 1927/1927/1927 1932/1932/1932
f 1932/1932/1932 1905/1905/1905 1900/1900/1900
f 1944/1944/1944 1942/1942/1942 1956/1956/1956
f 1956/1956/1956 1954/1954/1954 1944/1944/1944
f 1943/1943/1943 1886/1886/1886 1892/1892/1892
f 1892/1892/1892 1955/1955/1955 1943/1943/1943
f 1932/1932/1932 1927/1927/1927 1944/1944/1944
f 1944/1944/1944 1954/1954/1954 1932/1932/1932
f 1829/1829/1829 1846/1846/1846 1852/1852/1852
f 1852/1852/1852 1838/1838/1838 1829/1829/1829
f 1967/1967/1967 1970/1970/1970 1975/1975/1975
f 1975/1975/1975 1978/1978/1978 1967/1967/1967
f 1852/1852/1852 1846/1846/1846 1967/1967/1967
f 1967/1967/1967 1978/1978/1978 1852/1852/1852
f 1970/1970/1970 1987/1987/1987 1992/1992/1992
f 1992/1992/1992 1975/1975/1975 1970/1970/1970
f 2004/2004/2004 2003/2003/2003 2016/2016/2016
f 2016/2016/2016 2014/2014/2014 2004/2004/2004
f 2002/2002/2002 2026/2026/2026 2032/2032/2032
f 2032/2032/2032 2015/2015/2015 2002/2002/2002
f 1992/1992/1992 1987/1987/1987 2004/2004/2004
f 2004/2004/2004 2014/2014/2014 1992/1992/1992
f 2040/2040/2040 2039/2039/2039 2048/2048/2048
f 2048/2048/2048 2047/2047/2047 2040/2040/2040
f 2039/2039/2039 1916/1916/1916 1922/1922/1922
f 1922/1922/1922 2048/2048/2048 2039/2039/2039
f 2062/2062/2062 2056/2056/2056 2040/2040/2040
f 2040/2040/2040 2047/2047/2047 2062/2062/2062
f 2067/2067/2067 2070/2070/2070 2075/2075/2075
f 2075/2075/2075 2078/2078/2078 2067/2067/2067
f 2032/2032/2032 2026/2026/2026 2067/2067/2067
f 2067/2067/2067 2078/2078/2078 2032/2032/2032
f 2070/2070/2070 2056/2056/2056 2062/2062/2062
f 2062/2062/2062 2075/2075/2075 2070/2070/2070
f 2083/2083/2083 2084/2084/2084 2085/2085/2085
f 2085/2085/2085 2086/2086/2086 2083/2083/2083
f 2087/2087/2087 2088/2088/2088 2089/2089/2089
f 2089/2089/2089 2090/2090/2090 2087/2087/2087
f 2091/2091/2091 2092/2092/2092 2093/2093/2093
f 2093/2093/2093 2094/2094/2094 2091/2091/2091
f 2092/2092/2092 2091/2091/2091 2095/2095/2095
f 2095/2095/2095 2096/2096/2096 2092/2092/2092
f 2097/2097/2097 2098/2098/2098 2099/2099/2099
f 2099/2099/2099 2100/2100/2100 2097/2097/2097
f 2101/2101/2101 2102/2102/2102 2103/2103/2103
f 2103/2103/2103 2104/2104/2104 2101/2101/2101
f 2102/2102/2102 2105/2105/2105 2106/2106/2106
f 2106/2106/2106 2103/2103/2103 2102/2102/2102
f 2107/2107/2107 2108/2108/2108 2109/2109/2109
f 2109/2109/2109 2110/2110/2110 2107/2107/2107
f 2110/2110/2110 2109/2109/2109 2111/2111/2111
f 2111/2111/2111 2112/2112/2112 2110/2110/2110
f 2087/2087/2087 2090/2090/2090 2084/2084/2084
f 2084/2084/2084 2083/2083/2083 2087/2087/2087
f 2088/2088/2088 2113/2113/2113 2114/2114/2114
f 2114/2114/2114 2089/2089/2089 2088/2088/2088
f 2115/2115/2115 2116/2116/2116 2117/2117/2117
f 2117/2117/2117 2118/2118/2118 2115/2115/2115
f 2119/2119/2119 2120/2120/2120 2121/2121/2121
f 2121/2121/2121 2122/2122/2122 2119/2119/2119
f 2123/2123/2123 2124/2124/2124 2120/2120/2120
f 2120/2120/2120 2119/2119/2119 2123/2123/2123
f 2086/2086/2086 2125/2125/2125 2126/2126/2126
f 2126/2126/2126 2083/2083/2083 2086/2086/2086
f 2087/2087/2087 2127/2127/2127 2128/2128/2128
f 2128/2128/2128 2088/2088/2088 2087/2087/2087
f 2094/2094/2094 2129/2129/2129 2130/2130/2130
f 2130/2130/2130 2091/2091/2091 2094/2094/2094
f 2130/2130/2130 2131/2131/2131 2095/2095/2095
f 2095/2095/2095 2091/2091/2091 2130/2130/2130
f 2132/2132/2132 2133/2133/2133 2097/2097/2097
f 2097/2097/2097 2100/2100/2100 2132/2132/2132
f 2134/2134/2134 2135/2135/2135 2102/2102/2102
f 2102/2102/2102 2101/2101/2101 2134/2134/2134
f 2135/2135/2135 2136/2136/2136 2105/2105/2105
f 2105/2105/2105 2102/2102/2102 2135/2135/2135
f 2137/2137/2137 2138/2138/2138 2109/2109/2109
f 2109/2109/2109 2108/2108/2108 2137/2137/2137
f 2138/2138/2138 2139/2139/2139 2111/2111/2111
f 2111/2111/2111 2109/2109/2109 2138/2138/2138
f 2126/2126/2126 2125/2125/2125 2140/2140/2140
f 2140/2140/2140 2141/2141/2141 2126/2126/2126
f 2142/2142/2142 2128/2128/2128 2127/2127/2127
f 2127/2127/2127 2143/2143/2143 2142/2142/2142
f 2130/2130/2130 2129/2129/2129 2144/2144/2144
f 2144/2144/2144 2145/2145/2145 2130/2130/2130
f 2145/2145/2145 2146/2146/2146 2131/2131/2131
f 2131/2131/2131 2130/2130/2130 2145/2145/2145
f 2133/2133/2133 2132/2132/2132 2147/2147/2147
f 2147/2147/2147 2148/2148/2148 2133/2133/2133
f 2149/2149/2149 2135/2135/2135 2134/2134/2134
f 2134/2134/2134 2150/2150/2150 2149/2149/2149
f 2151/2151/2151 2136/2136/2136 2135/2135/2135
f 2135/2135/2135 2149/2149/2149 2151/2151/2151
f 2152/2152/2152 2153/2153/2153 2138/2138/2138
f 2138/2138/2138 2137/2137/2137 2152/2152/2152
f 2153/2153/2153 2154/2154/2154 2139/2139/2139
f 2139/2139/2139 2138/2138/2138 2153/2153/2153
f 2127/2127/2127 2126/2126/2126 2141/2141/2141
f 2141/2141/2141 2143/2143/2143 2127/2127/2127
f 2155/2155/2155 2156/2156/2156 2128/2128/2128
f 2128/2128/2128 2142/2142/2142 2155/2155/2155
f 2157/2157/2157 2158/2158/2158 2159/2159/2159
f 2159/2159/2159 2160/2160/2160 2157/2157/2157
f 2161/2161/2161 2159/2159/2159 2158/2158/2158
f 2158/2158/2158 2162/2162/2162 2161/2161/2161
f 2163/2163/2163 2161/2161/2161 2162/2162/2162
f 2162/2162/2162 2164/2164/2164 2163/2163/2163
f 2087/2087/2087 2083/2083/2083 2126/2126/2126
f 2126/2126/2126 2127/2127/2127 2087/2087/2087
f 2113/2113/2113 2088/2088/2088 2128/2128/2128
f 2128/2128/2128 2156/2156/2156 2113/2113/2113
f 2158/2158/2158 2157/2157/2157 2116/2116/2116
f 2116/2116/2116 2121/2121/2121 2158/2158/2158
f 2121/2121/2121 2120/2120/2120 2162/2162/2162
f 2162/2162/2162 2158/2158/2158 2121/2121/2121
f 2120/2120/2120 2124/2124/2124 2164/2164/2164
f 2164/2164/2164 2162/2162/2162 2120/2120/2120
f 2165/2165/2165 2166/2166/2166 2085/2085/2085
f 2085/2085/2085 2084/2084/2084 2165/2165/2165
f 2089/2089/2089 2167/2167/2167 2168/2168/2168
f 2168/2168/2168 2090/2090/2090 2089/2089/2089
f 2169/2169/2169 2170/2170/2170 2093/2093/2093
f 2093/2093/2093 2092/2092/2092 2169/2169/2169
f 2092/2092/2092 2096/2096/2096 2171/2171/2171
f 2171/2171/2171 2169/2169/2169 2092/2092/2092
f 2172/2172/2172 2173/2173/2173 2099/2099/2099
f 2099/2099/2099 2098/2098/2098 2172/2172/2172
f 2103/2103/2103 2174/2174/2174 2175/2175/2175
f 2175/2175/2175 2104/2104/2104 2103/2103/2103
f 2106/2106/2106 2176/2176/2176 2174/2174/2174
f 2174/2174/2174 2103/2103/2103 2106/2106/2106
f 2107/2107/2107 2110/2110/2110 2177/2177/2177
f 2177/2177/2177 2178/2178/2178 2107/2107/2107
f 2110/2110/2110 2112/2112/2112 2179/2179/2179
f 2179/2179/2179 2177/2177/2177 2110/2110/2110
f 2168/2168/2168 2165/2165/2165 2084/2084/2084
f 2084/2084/2084 2090/2090/2090 2168/2168/2168
f 2114/2114/2114 2180/2180/2180 2167/2167/2167
f 2167/2167/2167 2089/2089/2089 2114/2114/2114
f 2181/2181/2181 2182/2182/2182 2122/2122/2122
f 2122/2122/2122 2115/2115/2115 2181/2181/2181
f 2119/2119/2119 2122/2122/2122 2182/2182/2182
f 2182/2182/2182 2183/2183/2183 2119/2119/2119
f 2123/2123/2123 2119/2119/2119 2183/2183/2183
f 2183/2183/2183 2184/2184/2184 2123/2123/2123
f 2185/2185/2185 2166/2166/2166 2165/2165/2165
f 2165/2165/2165 2186/2186/2186 2185/2185/2185
f 2187/2187/2187 2168/2168/2168 2167/2167/2167
f 2167/2167/2167 2188/2188/2188 2187/2187/2187
f 2189/2189/2189 2170/2170/2170 2169/2169/2169
f 2169/2169/2169 2190/2190/2190 2189/2189/2189
f 2190/2190/2190 2169/2169/2169 2171/2171/2171
f 2171/2171/2171 2191/2191/2191 2190/2190/2190
f 2192/2192/2192 2173/2173/2173 2172/2172/2172
f 2172/2172/2172 2193/2193/2193 2192/2192/2192
f 2194/2194/2194 2175/2175/2175 2174/2174/2174
f 2174/2174/2174 2195/2195/2195 2194/2194/2194
f 2195/2195/2195 2174/2174/2174 2176/2176/2176
f 2176/2176/2176 2196/2196/2196 2195/2195/2195
f 2197/2197/2197 2178/2178/2178 2177/2177/2177
f 2177/2177/2177 2198/2198/2198 2197/2197/2197
f 2177/2177/2177 2179/2179/2179 2199/2199/2199
f 2199/2199/2199 2198/2198/2198 2177/2177/2177
f 2186/2186/2186 2200/2200/2200 2201/2201/2201
f 2201/2201/2201 2185/2185/2185 2186/2186/2186
f 2187/2187/2187 2188/2188/2188 2202/2202/2202
f 2202/2202/2202 2203/2203/2203 2187/2187/2187
f 2190/2190/2190 2204/2204/2204 2205/2205/2205
f 2205/2205/2205 2189/2189/2189 2190/2190/2190
f 2204/2204/2204 2190/2190/2190 2191/2191/2191
f 2191/2191/2191 2206/2206/2206 2204/2204/2204
f 2193/2193/2193 2207/2207/2207 2208/2208/2208
f 2208/2208/2208 2192/2192/2192 2193/2193/2193
f 2194/2194/2194 2195/2195/2195 2209/2209/2209
f 2209/2209/2209 2210/2210/2210 2194/2194/2194
f 2195/2195/2195 2196/2196/2196 2211/2211/2211
f 2211/2211/2211 2209/2209/2209 2195/2195/2195
f 2212/2212/2212 2197/2197/2197 2198/2198/2198
f 2198/2198/2198 2213/2213/2213 2212/2212/2212
f 2213/2213/2213 2198/2198/2198 2199/2199/2199
f 2199/2199/2199 2214/2214/2214 2213/2213/2213
f 2187/2187/2187 2203/2203/2203 2200/2200/2200
f 2200/2200/2200 2186/2186/2186 2187/2187/2187
f 2188/2188/2188 2215/2215/2215 2216/2216/2216
f 2216/2216/2216 2202/2202/2202 2188/2188/2188
f 2217/2217/2217 2218/2218/2218 2219/2219/2219
f 2219/2219/2219 2220/2220/2220 2217/2217/2217
f 2221/2221/2221 2222/2222/2222 2223/2223/2223
f 2223/2223/2223 2224/2224/2224 2221/2221/2221
f 2225/2225/2225 2226/2226/2226 2222/2222/2222
f 2222/2222/2222 2221/2221/2221 2225/2225/2225
f 2168/2168/2168 2187/2187/2187 2186/2186/2186
f 2186/2186/2186 2165/2165/2165 2168/2168/2168
f 2180/2180/2180 2215/2215/2215 2188/2188/2188
f 2188/2188/2188 2167/2167/2167 2180/2180/2180
f 2219/2219/2219 2218/2218/2218 2181/2181/2181
f 2181/2181/2181 2227/2227/2227 2219/2219/2219
f 2182/2182/2182 2223/2223/2223 2222/2222/2222
f 2222/2222/2222 2183/2183/2183 2182/2182/2182
f 2222/2222/2222 2226/2226/2226 2184/2184/2184
f 2184/2184/2184 2183/2183/2183 2222/2222/2222
f 2228/2228/2228 2229/2229/2229 2230/2230/2230
f 2230/2230/2230 2231/2231/2231 2228/2228/2228
f 2232/2232/2232 2233/2233/2233 2234/2234/2234
f 2234/2234/2234 2235/2235/2235 2232/2232/2232
f 2236/2236/2236 2237/2237/2237 2238/2238/2238
f 2238/2238/2238 2239/2239/2239 2236/2236/2236
f 2239/2239/2239 2240/2240/2240 2241/2241/2241
f 2241/2241/2241 2236/2236/2236 2239/2239/2239
f 2242/2242/2242 2243/2243/2243 2244/2244/2244
f 2244/2244/2244 2245/2245/2245 2242/2242/2242
f 2246/2246/2246 2247/2247/2247 2248/2248/2248
f 2248/2248/2248 2249/2249/2249 2246/2246/2246
f 2250/2250/2250 2251/2251/2251 2247/2247/2247
f 2247/2247/2247 2246/2246/2246 2250/2250/2250
f 2252/2252/2252 2253/2253/2253 2254/2254/2254
f 2254/2254/2254 2255/2255/2255 2252/2252/2252
f 2253/2253/2253 2256/2256/2256 2257/2257/2257
f 2257/2257/2257 2254/2254/2254 2253/2253/2253
f 2234/2234/2234 2228/2228/2228 2231/2231/2231
f 2231/2231/2231 2235/2235/2235 2234/2234/2234
f 2258/2258/2258 2259/2259/2259 2233/2233/2233
f 2233/2233/2233 2232/2232/2232 2258/2258/2258
f 2260/2260/2260 2261/2261/2261 2262/2262/2262
f 2262/2262/2262 2263/2263/2263 2260/2260/2260
f 2264/2264/2264 2262/2262/2262 2261/2261/2261
f 2261/2261/2261 2265/2265/2265 2264/2264/2264
f 2266/2266/2266 2264/2264/2264 2265/2265/2265
f 2265/2265/2265 2267/2267/2267 2266/2266/2266
f 2268/2268/2268 2229/2229/2229 2228/2228/2228
f 2228/2228/2228 2269/2269/2269 2268/2268/2268
f 2270/2270/2270 2234/2234/2234 2233/2233/2233
f 2233/2233/2233 2271/2271/2271 2270/2270/2270
f 2272/2272/2272 2237/2237/2237 2236/2236/2236
f 2236/2236/2236 2273/2273/2273 2272/2272/2272
f 2273/2273/2273 2236/2236/2236 2241/2241/2241
f 2241/2241/2241 2274/2274/2274 2273/2273/2273
f 2275/2275/2275 2243/2243/2243 2242/2242/2242
f 2242/2242/2242 2276/2276/2276 2275/2275/2275
f 2277/2277/2277 2248/2248/2248 2247/2247/2247
f 2247/2247/2247 2278/2278/2278 2277/2277/2277
f 2278/2278/2278 2247/2247/2247 2251/2251/2251
f 2251/2251/2251 2279/2279/2279 2278/2278/2278
f 2280/2280/2280 2255/2255/2255 2254/2254/2254
f 2254/2254/2254 2281/2281/2281 2280/2280/2280
f 2254/2254/2254 2257/2257/2257 2282/2282/2282
f 2282/2282/2282 2281/2281/2281 2254/2254/2254
f 2269/2269/2269 2283/2283/2283 2284/2284/2284
f 2284/2284/2284 2268/2268/2268 2269/2269/2269
f 2270/2270/2270 2271/2271/2271 2285/2285/2285
f 2285/2285/2285 2286/2286/2286 2270/2270/2270
f 2273/2273/2273 2287/2287/2287 2288/2288/2288
f 2288/2288/2288 2272/2272/2272 2273/2273/2273
f 2287/2287/2287 2273/2273/2273 2274/2274/2274
f 2274/2274/2274 2289/2289/2289 2287/2287/2287
f 2276/2276/2276 2290/2290/2290 2291/2291/2291
f 2291/2291/2291 2275/2275/2275 2276/2276/2276
f 2277/2277/2277 2278/2278/2278 2292/2292/2292
f 2292/2292/2292 2293/2293/2293 2277/2277/2277
f 2278/2278/2278 2279/2279/2279 2294/2294/2294
f 2294/2294/2294 2292/2292/2292 2278/2278/2278
f 2295/2295/2295 2280/2280/2280 2281/2281/2281
f 2281/2281/2281 2296/2296/2296 2295/2295/2295
f 2296/2296/2296 2281/2281/2281 2282/2282/2282
f 2282/2282/2282 2297/2297/2297 2296/2296/2296
f 2270/2270/2270 2286/2286/2286 2283/2283/2283
f 2283/2283/2283 2269/2269/2269 2270/2270/2270
f 2271/2271/2271 2298/2298/2298 2299/2299/2299
f 2299/2299/2299 2285/2285/2285 2271/2271/2271
f 2300/2300/2300 2301/2301/2301 2302/2302/2302
f 2302/2302/2302 2303/2303/2303 2300/2300/2300
f 2304/2304/2304 2305/2305/2305 2306/2306/2306
f 2306/2306/2306 2307/2307/2307 2304/2304/2304
f 2308/2308/2308 2309/2309/2309 2305/2305/2305
f 2305/2305/2305 2304/2304/2304 2308/2308/2308
f 2234/2234/2234 2270/2270/2270 2269/2269/2269
f 2269/2269/2269 2228/2228/2228 2234/2234/2234
f 2259/2259/2259 2298/2298/2298 2271/2271/2271
f 2271/2271/2271 2233/2233/2233 2259/2259/2259
f 2302/2302/2302 2301/2301/2301 2260/2260/2260
f 2260/2260/2260 2310/2310/2310 2302/2302/2302
f 2261/2261/2261 2306/2306/2306 2305/2305/2305
f 2305/2305/2305 2265/2265/2265 2261/2261/2261
f 2305/2305/2305 2309/2309/2309 2267/2267/2267
f 2267/2267/2267 2265/2265/2265 2305/2305/2305
f 2311/2311/2311 2231/2231/2231 2230/2230/2230
f 2230/2230/2230 2312/2312/2312 2311/2311/2311
f 2313/2313/2313 2314/2314/2314 2232/2232/2232
f 2232/2232/2232 2235/2235/2235 2313/2313/2313
f 2315/2315/2315 2239/2239/2239 2238/2238/2238
f 2238/2238/2238 2316/2316/2316 2315/2315/2315
f 2239/2239/2239 2315/2315/2315 2317/2317/2317
f 2317/2317/2317 2240/2240/2240 2239/2239/2239
f 2318/2318/2318 2245/2245/2245 2244/2244/2244
f 2244/2244/2244 2319/2319/2319 2318/2318/2318
f 2320/2320/2320 2321/2321/2321 2246/2246/2246
f 2246/2246/2246 2249/2249/2249 2320/2320/2320
f 2321/2321/2321 2322/2322/2322 2250/2250/2250
f 2250/2250/2250 2246/2246/2246 2321/2321/2321
f 2252/2252/2252 2323/2323/2323 2324/2324/2324
f 2324/2324/2324 2253/2253/2253 2252/2252/2252
f 2253/2253/2253 2324/2324/2324 2325/2325/2325
f 2325/2325/2325 2256/2256/2256 2253/2253/2253
f 2313/2313/2313 2235/2235/2235 2231/2231/2231
f 2231/2231/2231 2311/2311/2311 2313/2313/2313
f 2314/2314/2314 2326/2326/2326 2258/2258/2258
f 2258/2258/2258 2232/2232/2232 2314/2314/2314
f 2263/2263/2263 2327/2327/2327 2328/2328/2328
f 2328/2328/2328 2329/2329/2329 2263/2263/2263
f 2264/2264/2264 2330/2330/2330 2331/2331/2331
f 2331/2331/2331 2262/2262/2262 2264/2264/2264
f 2266/2266/2266 2332/2332/2332 2330/2330/2330
f 2330/2330/2330 2264/2264/2264 2266/2266/2266
f 2312/2312/2312 2334/2334/2334 2336/2336/2336
f 2336/2336/2336 2311/2311/2311 2312/2312/2312
f 2338/2338/2338 2340/2340/2340 2314/2314/2314
f 2314/2314/2314 2313/2313/2313 2338/2338/2338
f 2342/2342/2342 2343/2343/2343 2315/2315/2315
f 2315/2315/2315 2316/2316/2316 2342/2342/2342
f 2343/2343/2343 2346/2346/2346 2317/2317/2317
f 2317/2317/2317 2315/2315/2315 2343/2343/2343
f 2348/2348/2348 2349/2349/2349 2318/2318/2318
f 2318/2318/2318 2319/2319/2319 2348/2348/2348
f 2351/2351/2351 2354/2354/2354 2321/2321/2321
f 2321/2321/2321 2320/2320/2320 2351/2351/2351
f 2354/2354/2354 2355/2355/2355 2322/2322/2322
f 2322/2322/2322 2321/2321/2321 2354/2354/2354
f 2357/2357/2357 2359/2359/2359 2324/2324/2324
f 2324/2324/2324 2323/2323/2323 2357/2357/2357
f 2324/2324/2324 2359/2359/2359 2361/2361/2361
f 2361/2361/2361 2325/2325/2325 2324/2324/2324
f 2335/2335/2335 2333/2333/2333 2201/2201/2201
f 2201/2201/2201 2200/2200/2200 2335/2335/2335
f 2202/2202/2202 2339/2339/2339 2337/2337/2337
f 2337/2337/2337 2203/2203/2203 2202/2202/2202
f 2344/2344/2344 2341/2341/2341 2205/2205/2205
f 2205/2205/2205 2204/2204/2204 2344/2344/2344
f 2204/2204/2204 2206/2206/2206 2345/2345/2345
f 2345/2345/2345 2344/2344/2344 2204/2204/2204
f 2350/2350/2350 2347/2347/2347 2208/2208/2208
f 2208/2208/2208 2207/2207/2207 2350/2350/2350
f 2209/2209/2209 2353/2353/2353 2352/2352/2352
f 2352/2352/2352 2210/2210/2210 2209/2209/2209
f 2211/2211/2211 2356/2356/2356 2353/2353/2353
f 2353/2353/2353 2209/2209/2209 2211/2211/2211
f 2212/2212/2212 2213/2213/2213 2360/2360/2360
f 2360/2360/2360 2358/2358/2358 2212/2212/2212
f 2213/2213/2213 2214/2214/2214 2362/2362/2362
f 2362/2362/2362 2360/2360/2360 2213/2213/2213
f 2337/2337/2337 2335/2335/2335 2200/2200/2200
f 2200/2200/2200 2203/2203/2203 2337/2337/2337
f 2216/2216/2216 2363/2363/2363 2339/2339/2339
f 2339/2339/2339 2202/2202/2202 2216/2216/2216
f 2365/2365/2365 2367/2367/2367 2224/2224/2224
f 2224/2224/2224 2217/2217/2217 2365/2365/2365
f 2221/2221/2221 2224/2224/2224 2367/2367/2367
f 2367/2367/2367 2370/2370/2370 2221/2221/2221
f 2225/2225/2225 2221/2221/2221 2370/2370/2370
f 2370/2370/2370 2372/2372/2372 2225/2225/2225
f 2313/2313/2313 2311/2311/2311 2336/2336/2336
f 2336/2336/2336 2338/2338/2338 2313/2313/2313
f 2326/2326/2326 2314/2314/2314 2340/2340/2340
f 2340/2340/2340 2364/2364/2364 2326/2326/2326
f 2368/2368/2368 2366/2366/2366 2327/2327/2327
f 2327/2327/2327 2331/2331/2331 2368/2368/2368
f 2331/2331/2331 2330/2330/2330 2369/2369/2369
f 2369/2369/2369 2368/2368/2368 2331/2331/2331
f 2330/2330/2330 2332/2332/2332 2371/2371/2371
f 2371/2371/2371 2369/2369/2369 2330/2330/2330
f 2373/2373/2373 2374/2374/2374 2375/2375/2375
f 2375/2375/2375 2376/2376/2376 2373/2373/2373
f 2377/2377/2377 2378/2378/2378 2379/2379/2379
f 2379/2379/2379 2380/2380/2380 2377/2377/2377
f 2381/2381/2381 2382/2382/2382 2383/2383/2383
f 2383/2383/2383 2384/2384/2384 2381/2381/2381
f 2384/2384/2384 2385/2385/2385 2386/2386/2386
f 2386/2386/2386 2381/2381/2381 2384/2384/2384
f 2387/2387/2387 2388/2388/2388 2389/2389/2389
f 2389/2389/2389 2390/2390/2390 2387/2387/2387
f 2391/2391/2391 2392/2392/2392 2393/2393/2393
f 2393/2393/2393 2394/2394/2394 2391/2391/2391
f 2395/2395/2395 2396/2396/2396 2392/2392/2392
f 2392/2392/2392 2391/2391/2391 2395/2395/2395
f 2397/2397/2397 2398/2398/2398 2399/2399/2399
f 2399/2399/2399 2400/2400/2400 2397/2397/2397
f 2398/2398/2398 2401/2401/2401 2402/2402/2402
f 2402/2402/2402 2399/2399/2399 2398/2398/2398
f 2379/2379/2379 2373/2373/2373 2376/2376/2376
f 2376/2376/2376 2380/2380/2380 2379/2379/2379
f 2403/2403/2403 2404/2404/2404 2378/2378/2378
f 2378/2378/2378 2377/2377/2377 2403/2403/2403
f 2405/2405/2405 2406/2406/2406 2407/2407/2407
f 2407/2407/2407 2408/2408/2408 2405/2405/2405
f 2409/2409/2409 2407/2407/2407 2406/2406/2406
f 2406/2406/2406 2410/2410/2410 2409/2409/2409
f 2411/2411/2411 2409/2409/2409 2410/2410/2410
f 2410/2410/2410 2412/2412/2412 2411/2411/2411
f 2413/2413/2413 2374/2374/2374 2373/2373/2373
f 2373/2373/2373 2414/2414/2414 2413/2413/2413
f 2415/2415/2415 2379/2379/2379 2378/2378/2378
f 2378/2378/2378 2416/2416/2416 2415/2415/2415
f 2417/2417/2417 2382/2382/2382 2381/2381/2381
f 2381/2381/2381 2418/2418/2418 2417/2417/2417
f 2418/2418/2418 2381/2381/2381 2386/2386/2386
f 2386/2386/2386 2419/2419/2419 2418/2418/2418
f 2420/2420/2420 2388/2388/2388 2387/2387/2387
f 2387/2387/2387 2421/2421/2421 2420/2420/2420
f 2422/2422/2422 2393/2393/2393 2392/2392/2392
f 2392/2392/2392 2423/2423/2423 2422/2422/2422
f 2423/2423/2423 2392/2392/2392 2396/2396/2396
f 2396/2396/2396 2424/2424/2424 2423/2423/2423
f 2425/2425/2425 2400/2400/2400 2399/2399/2399
f 2399/2399/2399 2426/2426/2426 2425/2425/2425
f 2399/2399/2399 2402/2402/2402 2427/2427/2427
f 2427/2427/2427 2426/2426/2426 2399/2399/2399
f 2414/2414/2414 2141/2141/2141 2140/2140/2140
f 2140/2140/2140 2413/2413/2413 2414/2414/2414
f 2415/2415/2415 2416/2416/2416 2142/2142/2142
f 2142/2142/2142 2143/2143/2143 2415/2415/2415
f 2418/2418/2418 2145/2145/2145 2144/2144/2144
f 2144/2144/2144 2417/2417/2417 2418/2418/2418
f 2145/2145/2145 2418/2418/2418 2419/2419/2419
f 2419/2419/2419 2146/2146/2146 2145/2145/2145
f 2421/2421/2421 2148/2148/2148 2147/2147/2147
f 2147/2147/2147 2420/2420/2420 2421/2421/2421
f 2422/2422/2422 2423/2423/2423 2149/2149/2149
f 2149/2149/2149 2150/2150/2150 2422/2422/2422
f 2423/2423/2423 2424/2424/2424 2151/2151/2151
f 2151/2151/2151 2149/2149/2149 2423/2423/2423
f 2152/2152/2152 2425/2425/2425 2426/2426/2426
f 2426/2426/2426 2153/2153/2153 2152/2152/2152
f 2153/2153/2153 2426/2426/2426 2427/2427/2427
f 2427/2427/2427 2154/2154/2154 2153/2153/2153
f 2415/2415/2415 2143/2143/2143 2141/2141/2141
f 2141/2141/2141 2414/2414/2414 2415/2415/2415
f 2416/2416/2416 2428/2428/2428 2155/2155/2155
f 2155/2155/2155 2142/2142/2142 2416/2416/2416
f 2160/2160/2160 2429/2429/2429 2430/2430/2430
f 2430/2430/2430 2431/2431/2431 2160/2160/2160
f 2161/2161/2161 2432/2432/2432 2433/2433/2433
f 2433/2433/2433 2159/2159/2159 2161/2161/2161
f 2163/2163/2163 2434/2434/2434 2432/2432/2432
f 2432/2432/2432 2161/2161/2161 2163/2163/2163
f 2379/2379/2379 2415/2415/2415 2414/2414/2414
f 2414/2414/2414 2373/2373/2373 2379/2379/2379
f 2404/2404/2404 2428/2428/2428 2416/2416/2416
f 2416/2416/2416 2378/2378/2378 2404/2404/2404
f 2430/2430/2430 2429/2429/2429 2405/2405/2405
f 2405/2405/2405 2435/2435/2435 2430/2430/2430
f 2406/2406/2406 2433/2433/2433 2432/2432/2432
f 2432/2432/2432 2410/2410/2410 2406/2406/2406
f 2432/2432/2432 2434/2434/2434 2412/2412/2412
f 2412/2412/2412 2410/2410/2410 2432/2432/2432
f 2436/2436/2436 2376/2376/2376 2375/2375/2375
f 2375/2375/2375 2437/2437/2437 2436/2436/2436
f 2438/2438/2438 2439/2439/2439 2377/2377/2377
f 2377/2377/2377 2380/2380/2380 2438/2438/2438
f 2440/2440/2440 2384/2384/2384 2383/2383/2383
f 2383/2383/2383 2441/2441/2441 2440/2440/2440
f 2384/2384/2384 2440/2440/2440 2442/2442/2442
f 2442/2442/2442 2385/2385/2385 2384/2384/2384
f 2443/2443/2443 2390/2390/2390 2389/2389/2389
f 2389/2389/2389 2444/2444/2444 2443/2443/2443
f 2445/2445/2445 2446/2446/2446 2391/2391/2391
f 2391/2391/2391 2394/2394/2394 2445/2445/2445
f 2446/2446/2446 2447/2447/2447 2395/2395/2395
f 2395/2395/2395 2391/2391/2391 2446/2446/2446
f 2397/2397/2397 2448/2448/2448 2449/2449/2449
f 2449/2449/2449 2398/2398/2398 2397/2397/2397
f 2398/2398/2398 2449/2449/2449 2450/2450/2450
f 2450/2450/2450 2401/2401/2401 2398/2398/2398
f 2438/2438/2438 2380/2380/2380 2376/2376/2376
f 2376/2376/2376 2436/2436/2436 2438/2438/2438
f 2439/2439/2439 2451/2451/2451 2403/2403/2403
f 2403/2403/2403 2377/2377/2377 2439/2439/2439
f 2408/2408/2408 2452/2452/2452 2453/2453/2453
f 2453/2453/2453 2454/2454/2454 2408/2408/2408
f 2409/2409/2409 2455/2455/2455 2456/2456/2456
f 2456/2456/2456 2407/2407/2407 2409/2409/2409
f 2411/2411/2411 2457/2457/2457 2455/2455/2455
f 2455/2455/2455 2409/2409/2409 2411/2411/2411
f 2437/2437/2437 2458/2458/2458 2461/2461/2461
f 2461/2461/2461 2436/2436/2436 2437/2437/2437
f 2462/2462/2462 2465/2465/2465 2439/2439/2439
f 2439/2439/2439 2438/2438/2438 2462/2462/2462
f 2467/2467/2467 2469/2469/2469 2440/2440/2440
f 2440/2440/2440 2441/2441/2441 2467/2467/2467
f 2469/2469/2469 2471/2471/2471 2442/2442/2442
f 2442/2442/2442 2440/2440/2440 2469/2469/2469
f 2472/2472/2472 2474/2474/2474 2443/2443/2443
f 2443/2443/2443 2444/2444/2444 2472/2472/2472
f 2476/2476/2476 2478/2478/2478 2446/2446/2446
f 2446/2446/2446 2445/2445/2445 2476/2476/2476
f 2478/2478/2478 2481/2481/2481 2447/2447/2447
f 2447/2447/2447 2446/2446/2446 2478/2478/2478
f 2483/2483/2483 2485/2485/2485 2449/2449/2449
f 2449/2449/2449 2448/2448/2448 2483/2483/2483
f 2449/2449/2449 2485/2485/2485 2486/2486/2486
f 2486/2486/2486 2450/2450/2450 2449/2449/2449
f 2460/2460/2460 2459/2459/2459 2488/2488/2488
f 2488/2488/2488 2489/2489/2489 2460/2460/2460
f 2490/2490/2490 2464/2464/2464 2463/2463/2463
f 2463/2463/2463 2491/2491/2491 2490/2490/2490
f 2468/2468/2468 2466/2466/2466 2492/2492/2492
f 2492/2492/2492 2493/2493/2493 2468/2468/2468
f 2493/2493/2493 2494/2494/2494 2470/2470/2470
f 2470/2470/2470 2468/2468/2468 2493/2493/2493
f 2475/2475/2475 2473/2473/2473 2495/2495/2495
f 2495/2495/2495 2496/2496/2496 2475/2475/2475
f 2497/2497/2497 2479/2479/2479 2477/2477/2477
f 2477/2477/2477 2498/2498/2498 2497/2497/2497
f 2499/2499/2499 2480/2480/2480 2479/2479/2479
f 2479/2479/2479 2497/2497/2497 2499/2499/2499
f 2500/2500/2500 2501/2501/2501 2484/2484/2484
f 2484/2484/2484 2482/2482/2482 2500/2500/2500
f 2501/2501/2501 2502/2502/2502 2487/2487/2487
f 2487/2487/2487 2484/2484/2484 2501/2501/2501
f 2463/2463/2463 2460/2460/2460 2489/2489/2489
f 2489/2489/2489 2491/2491/2491 2463/2463/2463
f 2503/2503/2503 2505/2505/2505 2464/2464/2464
f 2464/2464/2464 2490/2490/2490 2503/2503/2503
f 2506/2506/2506 2509/2509/2509 2510/2510/2510
f 2510/2510/2510 2511/2511/2511 2506/2506/2506
f 2512/2512/2512 2510/2510/2510 2509/2509/2509
f 2509/2509/2509 2513/2513/2513 2512/2512/2512
f 2515/2515/2515 2512/2512/2512 2513/2513/2513
f 2513/2513/2513 2517/2517/2517 2515/2515/2515
f 2438/2438/2438 2436/2436/2436 2461/2461/2461
f 2461/2461/2461 2462/2462/2462 2438/2438/2438
f 2451/2451/2451 2439/2439/2439 2465/2465/2465
f 2465/2465/2465 2504/2504/2504 2451/2451/2451
f 2508/2508/2508 2507/2507/2507 2452/2452/2452
f 2452/2452/2452 2456/2456/2456 2508/2508/2508
f 2456/2456/2456 2455/2455/2455 2514/2514/2514
f 2514/2514/2514 2508/2508/2508 2456/2456/2456
f 2455/2455/2455 2457/2457/2457 2516/2516/2516
f 2516/2516/2516 2514/2514/2514 2455/2455/2455
f 2518/2518/2518 2519/2519/2519 2520/2520/2520
f 2520/2520/2520 2521/2521/2521 2518/2518/2518
f 2522/2522/2522 2523/2523/2523 2524/2524/2524
f 2524/2524/2524 2525/2525/2525 2522/2522/2522
f 2526/2526/2526 2527/2527/2527 2528/2528/2528
f 2528/2528/2528 2529/2529/2529 2526/2526/2526
f 2527/2527/2527 2526/2526/2526 2530/2530/2530
f 2530/2530/2530 2531/2531/2531 2527/2527/2527
f 2532/2532/2532 2533/2533/2533 2534/2534/2534
f 2534/2534/2534 2535/2535/2535 2532/2532/2532
f 2536/2536/2536 2537/2537/2537 2538/2538/2538
f 2538/2538/2538 2539/2539/2539 2536/2536/2536
f 2537/2537/2537 2540/2540/2540 2541/2541/2541
f 2541/2541/2541 2538/2538/2538 2537/2537/2537
f 2542/2542/2542 2543/2543/2543 2544/2544/2544
f 2544/2544/2544 2545/2545/2545 2542/2542/2542
f 2545/2545/2545 2544/2544/2544 2546/2546/2546
f 2546/2546/2546 2547/2547/2547 2545/2545/2545
f 2522/2522/2522 2525/2525/2525 2519/2519/2519
f 2519/2519/2519 2518/2518/2518 2522/2522/2522
f 2523/2523/2523 2548/2548/2548 2549/2549/2549
f 2549/2549/2549 2524/2524/2524 2523/2523/2523
f 2550/2550/2550 2551/2551/2551 2552/2552/2552
f 2552/2552/2552 2553/2553/2553 2550/2550/2550
f 2554/2554/2554 2555/2555/2555 2556/2556/2556
f 2556/2556/2556 2557/2557/2557 2554/2554/2554
f 2558/2558/2558 2559/2559/2559 2555/2555/2555
f 2555/2555/2555 2554/2554/2554 2558/2558/2558
f 2521/2521/2521 2560/2560/2560 2561/2561/2561
f 2561/2561/2561 2518/2518/2518 2521/2521/2521
f 2562/2562/2562 2563/2563/2563 2523/2523/2523
f 2523/2523/2523 2522/2522/2522 2562/2562/2562
f 2564/2564/2564 2565/2565/2565 2526/2526/2526
f 2526/2526/2526 2529/2529/2529 2564/2564/2564
f 2565/2565/2565 2566/2566/2566 2530/2530/2530
f 2530/2530/2530 2526/2526/2526 2565/2565/2565
f 2567/2567/2567 2568/2568/2568 2532/2532/2532
f 2532/2532/2532 2535/2535/2535 2567/2567/2567
f 2569/2569/2569 2570/2570/2570 2537/2537/2537
f 2537/2537/2537 2536/2536/2536 2569/2569/2569
f 2570/2570/2570 2571/2571/2571 2540/2540/2540
f 2540/2540/2540 2537/2537/2537 2570/2570/2570
f 2572/2572/2572 2573/2573/2573 2544/2544/2544
f 2544/2544/2544 2543/2543/2543 2572/2572/2572
f 2544/2544/2544 2573/2573/2573 2574/2574/2574
f 2574/2574/2574 2546/2546/2546 2544/2544/2544
f 2561/2561/2561 2560/2560/2560 2284/2284/2284
f 2284/2284/2284 2283/2283/2283 2561/2561/2561
f 2285/2285/2285 2563/2563/2563 2562/2562/2562
f 2562/2562/2562 2286/2286/2286 2285/2285/2285
f 2565/2565/2565 2564/2564/2564 2288/2288/2288
f 2288/2288/2288 2287/2287/2287 2565/2565/2565
f 2287/2287/2287 2289/2289/2289 2566/2566/2566
f 2566/2566/2566 2565/2565/2565 2287/2287/2287
f 2568/2568/2568 2567/2567/2567 2291/2291/2291
f 2291/2291/2291 2290/2290/2290 2568/2568/2568
f 2292/2292/2292 2570/2570/2570 2569/2569/2569
f 2569/2569/2569 2293/2293/2293 2292/2292/2292
f 2294/2294/2294 2571/2571/2571 2570/2570/2570
f 2570/2570/2570 2292/2292/2292 2294/2294/2294
f 2295/2295/2295 2296/2296/2296 2573/2573/2573
f 2573/2573/2573 2572/2572/2572 2295/2295/2295
f 2296/2296/2296 2297/2297/2297 2574/2574/2574
f 2574/2574/2574 2573/2573/2573 2296/2296/2296
f 2562/2562/2562 2561/2561/2561 2283/2283/2283
f 2283/2283/2283 2286/2286/2286 2562/2562/2562
f 2299/2299/2299 2575/2575/2575 2563/2563/2563
f 2563/2563/2563 2285/2285/2285 2299/2299/2299
f 2576/2576/2576 2577/2577/2577 2307/2307/2307
f 2307/2307/2307 2300/2300/2300 2576/2576/2576
f 2304/2304/2304 2307/2307/2307 2577/2577/2577
f 2577/2577/2577 2578/2578/2578 2304/2304/2304
f 2308/2308/2308 2304/2304/2304 2578/2578/2578
f 2578/2578/2578 2579/2579/2579 2308/2308/2308
f 2522/2522/2522 2518/2518/2518 2561/2561/2561
f 2561/2561/2561 2562/2562/2562 2522/2522/2522
f 2548/2548/2548 2523/2523/2523 2563/2563/2563
f 2563/2563/2563 2575/2575/2575 2548/2548/2548
f 2577/2577/2577 2576/2576/2576 2551/2551/2551
f 2551/2551/2551 2556/2556/2556 2577/2577/2577
f 2556/2556/2556 2555/2555/2555 2578/2578/2578
f 2578/2578/2578 2577/2577/2577 2556/2556/2556
f 2555/2555/2555 2559/2559/2559 2579/2579/2579
f 2579/2579/2579 2578/2578/2578 2555/2555/2555
f 2580/2580/2580 2581/2581/2581 2520/2520/2520
f 2520/2520/2520 2519/2519/2519 2580/2580/2580
f 2524/2524/2524 2582/2582/2582 2583/2583/2583
f 2583/2583/2583 2525/2525/2525 2524/2524/2524
f 2584/2584/2584 2585/2585/2585 2528/2528/2528
f 2528/2528/2528 2527/2527/2527 2584/2584/2584
f 2527/2527/2527 2531/2531/2531 2586/2586/2586
f 2586/2586/2586 2584/2584/2584 2527/2527/2527
f 2587/2587/2587 2588/2588/2588 2534/2534/2534
f 2534/2534/2534 2533/2533/2533 2587/2587/2587
f 2538/2538/2538 2589/2589/2589 2590/2590/2590
f 2590/2590/2590 2539/2539/2539 2538/2538/2538
f 2541/2541/2541 2591/2591/2591 2589/2589/2589
f 2589/2589/2589 2538/2538/2538 2541/2541/2541
f 2542/2542/2542 2545/2545/2545 2592/2592/2592
f 2592/2592/2592 2593/2593/2593 2542/2542/2542
f 2545/2545/2545 2547/2547/2547 2594/2594/2594
f 2594/2594/2594 2592/2592/2592 2545/2545/2545
f 2583/2583/2583 2580/2580/2580 2519/2519/2519
f 2519/2519/2519 2525/2525/2525 2583/2583/2583
f 2549/2549/2549 2595/2595/2595 2582/2582/2582
f 2582/2582/2582 2524/2524/2524 2549/2549/2549
f 2596/2596/2596 2597/2597/2597 2557/2557/2557
f 2557/2557/2557 2550/2550/2550 2596/2596/2596
f 2554/2554/2554 2557/2557/2557 2597/2597/2597
f 2597/2597/2597 2598/2598/2598 2554/2554/2554
f 2558/2558/2558 2554/2554/2554 2598/2598/2598
f 2598/2598/2598 2599/2599/2599 2558/2558/2558
f 2600/2600/2600 2581/2581/2581 2580/2580/2580
f 2580/2580/2580 2601/2601/2601 2600/2600/2600
f 2602/2602/2602 2583/2583/2583 2582/2582/2582
f 2582/2582/2582 2603/2603/2603 2602/2602/2602
f 2604/2604/2604 2585/2585/2585 2584/2584/2584
f 2584/2584/2584 2605/2605/2605 2604/2604/2604
f 2605/2605/2605 2584/2584/2584 2586/2586/2586
f 2586/2586/2586 2606/2606/2606 2605/2605/2605
f 2607/2607/2607 2588/2588/2588 2587/2587/2587
f 2587/2587/2587 2608/2608/2608 2607/2607/2607
f 2609/2609/2609 2590/2590/2590 2589/2589/2589
f 2589/2589/2589 2610/2610/2610 2609/2609/2609
f 2610/2610/2610 2589/2589/2589 2591/2591/2591
f 2591/2591/2591 2611/2611/2611 2610/2610/2610
f 2612/2612/2612 2593/2593/2593 2592/2592/2592
f 2592/2592/2592 2613/2613/2613 2612/2612/2612
f 2592/2592/2592 2594/2594/2594 2614/2614/2614
f 2614/2614/2614 2613/2613/2613 2592/2592/2592
f 2601/2601/2601 2489/2489/2489 2488/2488/2488
f 2488/2488/2488 2600/2600/2600 2601/2601/2601
f 2602/2602/2602 2603/2603/2603 2490/2490/2490
f 2490/2490/2490 2491/2491/2491 2602/2602/2602
f 2605/2605/2605 2493/2493/2493 2492/2492/2492
f 2492/2492/2492 2604/2604/2604 2605/2605/2605
f 2493/2493/2493 2605/2605/2605 2606/2606/2606
f 2606/2606/2606 2494/2494/2494 2493/2493/2493
f 2608/2608/2608 2496/2496/2496 2495/2495/2495
f 2495/2495/2495 2607/2607/2607 2608/2608/2608
f 2609/2609/2609 2610/2610/2610 2497/2497/2497
f 2497/2497/2497 2498/2498/2498 2609/2609/2609
f 2610/2610/2610 2611/2611/2611 2499/2499/2499
f 2499/2499/2499 2497/2497/2497 2610/2610/2610
f 2500/2500/2500 2612/2612/2612 2613/2613/2613
f 2613/2613/2613 2501/2501/2501 2500/2500/2500
f 2501/2501/2501 2613/2613/2613 2614/2614/2614
f 2614/2614/2614 2502/2502/2502 2501/2501/2501
f 2602/2602/2602 2491/2491/2491 2489/2489/2489
f 2489/2489/2489 2601/2601/2601 2602/2602/2602
f 2603/2603/2603 2615/2615/2615 2503/2503/2503
f 2503/2503/2503 2490/2490/2490 2603/2603/2603
f 2511/2511/2511 2616/2616/2616 2617/2617/2617
f 2617/2617/2617 2618/2618/2618 2511/2511/2511
f 2512/2512/2512 2619/2619/2619 2620/2620/2620
f 2620/2620/2620 2510/2510/2510 2512/2512/2512
f 2515/2515/2515 2621/2621/2621 2619/2619/2619
f 2619/2619/2619 2512/2512/2512 2515/2515/2515
f 2583/2583/2583 2602/2602/2602 2601/2601/2601
f 2601/2601/2601 2580/2580/2580 2583/2583/2583
f 2595/2595/2595 2615/2615/2615 2603/2603/2603
f 2603/2603/2603 2582/2582/2582 2595/2595/2595
f 2617/2617/2617 2616/2616/2616 2596/2596/2596
f 2596/2596/2596 2622/2622/2622 2617/2617/2617
f 2597/2597/2597 2620/2620/2620 2619/2619/2619
f 2619/2619/2619 2598/2598/2598 2597/2597/2597
f 2619/2619/2619 2621/2621/2621 2599/2599/2599
f 2599/2599/2599 2598/2598/2598 2619/2619/2619
f 2116/2116/2116 2115/2115/2115 2122/2122/2122
f 2122/2122/2122 2121/2121/2121 2116/2116/2116
f 2623/2623/2623 2157/2157/2157 2160/2160/2160
f 2160/2160/2160 2431/2431/2431 2623/2623/2623
f 2157/2157/2157 2623/2623/2623 2117/2117/2117
f 2117/2117/2117 2116/2116/2116 2157/2157/2157
f 2227/2227/2227 2181/2181/2181 2115/2115/2115
f 2115/2115/2115 2118/2118/2118 2227/2227/2227
f 2218/2218/2218 2217/2217/2217 2224/2224/2224
f 2224/2224/2224 2223/2223/2223 2218/2218/2218
f 2218/2218/2218 2223/2223/2223 2182/2182/2182
f 2182/2182/2182 2181/2181/2181 2218/2218/2218
f 2310/2310/2310 2260/2260/2260 2263/2263/2263
f 2263/2263/2263 2329/2329/2329 2310/2310/2310
f 2301/2301/2301 2300/2300/2300 2307/2307/2307
f 2307/2307/2307 2306/2306/2306 2301/2301/2301
f 2301/2301/2301 2306/2306/2306 2261/2261/2261
f 2261/2261/2261 2260/2260/2260 2301/2301/2301
f 2327/2327/2327 2263/2263/2263 2262/2262/2262
f 2262/2262/2262 2331/2331/2331 2327/2327/2327
f 2624/2624/2624 2365/2365/2365 2217/2217/2217
f 2217/2217/2217 2220/2220/2220 2624/2624/2624
f 2366/2366/2366 2625/2625/2625 2328/2328/2328
f 2328/2328/2328 2327/2327/2327 2366/2366/2366
f 2435/2435/2435 2405/2405/2405 2408/2408/2408
f 2408/2408/2408 2454/2454/2454 2435/2435/2435
f 2429/2429/2429 2160/2160/2160 2159/2159/2159
f 2159/2159/2159 2433/2433/2433 2429/2429/2429
f 2429/2429/2429 2433/2433/2433 2406/2406/2406
f 2406/2406/2406 2405/2405/2405 2429/2429/2429
f 2452/2452/2452 2408/2408/2408 2407/2407/2407
f 2407/2407/2407 2456/2456/2456 2452/2452/2452
f 2626/2626/2626 2506/2506/2506 2511/2511/2511
f 2511/2511/2511 2618/2618/2618 2626/2626/2626
f 2507/2507/2507 2627/2627/2627 2453/2453/2453
f 2453/2453/2453 2452/2452/2452 2507/2507/2507
f 2551/2551/2551 2550/2550/2550 2557/2557/2557
f 2557/2557/2557 2556/2556/2556 2551/2551/2551
f 2628/2628/2628 2576/2576/2576 2300/2300/2300
f 2300/2300/2300 2303/2303/2303 2628/2628/2628
f 2576/2576/2576 2628/2628/2628 2552/2552/2552
f 2552/2552/2552 2551/2551/2551 2576/2576/2576
f 2622/2622/2622 2596/2596/2596 2550/2550/2550
f 2550/2550/2550 2553/2553/2553 2622/2622/2622
f 2616/2616/2616 2511/2511/2511 2510/2510/2510
f 2510/2510/2510 2620/2620/2620 2616/2616/2616
f 2616/2616/2616 2620/2620/2620 2597/2597/2597
f 2597/2597/2597 2596/2596/2596 2616/2616/2616
f 2629/2629/2629 2630/2630/2630 2112/2112/2112
f 2112/2112/2112 2111/2111/2111 2629/2629/2629
f 2154/2154/2154 2631/2631/2631 2632/2632/2632
f 2632/2632/2632 2139/2139/2139 2154/2154/2154
f 2629/2629/2629 2111/2111/2111 2139/2139/2139
f 2139/2139/2139 2632/2632/2632 2629/2629/2629
f 2112/2112/2112 2630/2630/2630 2633/2633/2633
f 2633/2633/2633 2179/2179/2179 2112/2112/2112
f 2634/2634/2634 2635/2635/2635 2214/2214/2214
f 2214/2214/2214 2199/2199/2199 2634/2634/2634
f 2634/2634/2634 2199/2199/2199 2179/2179/2179
f 2179/2179/2179 2633/2633/2633 2634/2634/2634
f 2256/2256/2256 2636/2636/2636 2637/2637/2637
f 2637/2637/2637 2257/2257/2257 2256/2256/2256
f 2638/2638/2638 2639/2639/2639 2297/2297/2297
f 2297/2297/2297 2282/2282/2282 2638/2638/2638
f 2638/2638/2638 2282/2282/2282 2257/2257/2257
f 2257/2257/2257 2637/2637/2637 2638/2638/2638
f 2640/2640/2640 2636/2636/2636 2256/2256/2256
f 2256/2256/2256 2325/2325/2325 2640/2640/2640
f 2214/2214/2214 2635/2635/2635 2642/2642/2642
f 2642/2642/2642 2362/2362/2362 2214/2214/2214
f 2640/2640/2640 2325/2325/2325 2361/2361/2361
f 2361/2361/2361 2641/2641/2641 2640/2640/2640
f 2401/2401/2401 2643/2643/2643 2644/2644/2644
f 2644/2644/2644 2402/2402/2402 2401/2401/2401
f 2645/2645/2645 2631/2631/2631 2154/2154/2154
f 2154/2154/2154 2427/2427/2427 2645/2645/2645
f 2645/2645/2645 2427/2427/2427 2402/2402/2402
f 2402/2402/2402 2644/2644/2644 2645/2645/2645
f 2646/2646/2646 2643/2643/2643 2401/2401/2401
f 2401/2401/2401 2450/2450/2450 2646/2646/2646
f 2502/2502/2502 2647/2647/2647 2648/2648/2648
f 2648/2648/2648 2487/2487/2487 2502/2502/2502
f 2646/2646/2646 2450/2450/2450 2486/2486/2486
f 2486/2486/2486 2649/2649/2649 2646/2646/2646
f 2650/2650/2650 2651/2651/2651 2547/2547/2547
f 2547/2547/2547 2546/2546/2546 2650/2650/2650
f 2297/2297/2297 2639/2639/2639 2652/2652/2652
f 2652/2652/2652 2574/2574/2574 2297/2297/2297
f 2650/2650/2650 2546/2546/2546 2574/2574/2574
f 2574/2574/2574 2652/2652/2652 2650/2650/2650
f 2547/2547/2547 2651/2651/2651 2653/2653/2653
f 2653/2653/2653 2594/2594/2594 2547/2547/2547
f 2654/2654/2654 2647/2647/2647 2502/2502/2502
f 2502/2502/2502 2614/2614/2614 2654/2654/2654
f 2654/2654/2654 2614/2614/2614 2594/2594/2594
f 2594/2594/2594 2653/2653/2653 2654/2654/2654
f 2124/2124/2124 2123/2123/2123 2630/2630/2630
f 2630/2630/2630 2629/2629/2629 2124/2124/2124
f 2631/2631/2631 2163/2163/2163 2164/2164/2164
f 2164/2164/2164 2632/2632/2632 2631/2631/2631
f 2124/2124/2124 2629/2629/2629 2632/2632/2632
f 2632/2632/2632 2164/2164/2164 2124/2124/2124
f 2630/2630/2630 2123/2123/2123 2184/2184/2184
f 2184/2184/2184 2633/2633/2633 2630/2630/2630
f 2226/2226/2226 2225/2225/2225 2635/2635/2635
f 2635/2635/2635 2634/2634/2634 2226/2226/2226
f 2226/2226/2226 2634/2634/2634 2633/2633/2633
f 2633/2633/2633 2184/2184/2184 2226/2226/2226
f 2636/2636/2636 2266/2266/2266 2267/2267/2267
f 2267/2267/2267 2637/2637/2637 2636/2636/2636
f 2309/2309/2309 2308/2308/2308 2639/2639/2639
f 2639/2639/2639 2638/2638/2638 2309/2309/2309
f 2309/2309/2309 2638/2638/2638 2637/2637/2637
f 2637/2637/2637 2267/2267/2267 2309/2309/2309
f 2332/2332/2332 2266/2266/2266 2636/2636/2636
f 2636/2636/2636 2640/2640/2640 2332/2332/2332
f 2635/2635/2635 2225/2225/2225 2372/2372/2372
f 2372/2372/2372 2642/2642/2642 2635/2635/2635
f 2332/2332/2332 2640/2640/2640 2641/2641/2641
f 2641/2641/2641 2371/2371/2371 2332/2332/2332
f 2643/2643/2643 2411/2411/2411 2412/2412/2412
f 2412/2412/2412 2644/2644/2644 2643/2643/2643
f 2434/2434/2434 2163/2163/2163 2631/2631/2631
f 2631/2631/2631 2645/2645/2645 2434/2434/2434
f 2434/2434/2434 2645/2645/2645 2644/2644/2644
f 2644/2644/2644 2412/2412/2412 2434/2434/2434
f 2457/2457/2457 2411/2411/2411 2643/2643/2643
f 2643/2643/2643 2646/2646/2646 2457/2457/2457
f 2647/2647/2647 2515/2515/2515 2517/2517/2517
f 2517/2517/2517 2648/2648/2648 2647/2647/2647
f 2457/2457/2457 2646/2646/2646 2649/2649/2649
f 2649/2649/2649 2516/2516/2516 2457/2457/2457
f 2559/2559/2559 2558/2558/2558 2651/2651/2651
f 2651/2651/2651 2650/2650/2650 2559/2559/2559
f 2639/2639/2639 2308/2308/2308 2579/2579/2579
f 2579/2579/2579 2652/2652/2652 2639/2639/2639
f 2559/2559/2559 2650/2650/2650 2652/2652/2652
f 2652/2652/2652 2579/2579/2579 2559/2559/2559
f 2651/2651/2651 2558/2558/2558 2599/2599/2599
f 2599/2599/2599 2653/2653/2653 2651/2651/2651
f 2621/2621/2621 2515/2515/2515 2647/2647/2647
f 2647/2647/2647 2654/2654/2654 2621/2621/2621
f 2621/2621/2621 2654/2654/2654 2653/2653/2653
f 2653/2653/2653 2599/2599/2599 2621/2621/2621
f 2106/2106/2106 2105/2105/2105 2108/2108/2108
f 2108/2108/2108 2107/2107/2107 2106/2106/2106
f 2105/2105/2105 2136/2136/2136 2137/2137/2137
f 2137/2137/2137 2108/2108/2108 2105/2105/2105
f 2137/2137/2137 2136/2136/2136 2151/2151/2151
f 2151/2151/2151 2152/2152/2152 2137/2137/2137
f 2178/2178/2178 2176/2176/2176 2106/2106/2106
f 2106/2106/2106 2107/2107/2107 2178/2178/2178
f 2211/2211/2211 2196/2196/2196 2197/2197/2197
f 2197/2197/2197 2212/2212/2212 2211/2211/2211
f 2196/2196/2196 2176/2176/2176 2178/2178/2178
f 2178/2178/2178 2197/2197/2197 2196/2196/2196
f 2255/2255/2255 2251/2251/2251 2250/2250/2250
f 2250/2250/2250 2252/2252/2252 2255/2255/2255
f 2294/2294/2294 2279/2279/2279 2280/2280/2280
f 2280/2280/2280 2295/2295/2295 2294/2294/2294
f 2279/2279/2279 2251/2251/2251 2255/2255/2255
f 2255/2255/2255 2280/2280/2280 2279/2279/2279
f 2250/2250/2250 2322/2322/2322 2323/2323/2323
f 2323/2323/2323 2252/2252/2252 2250/2250/2250
f 2358/2358/2358 2356/2356/2356 2211/2211/2211
f 2211/2211/2211 2212/2212/2212 2358/2358/2358
f 2322/2322/2322 2355/2355/2355 2357/2357/2357
f 2357/2357/2357 2323/2323/2323 2322/2322/2322
f 2400/2400/2400 2396/2396/2396 2395/2395/2395
f 2395/2395/2395 2397/2397/2397 2400/2400/2400
f 2151/2151/2151 2424/2424/2424 2425/2425/2425
f 2425/2425/2425 2152/2152/2152 2151/2151/2151
f 2424/2424/2424 2396/2396/2396 2400/2400/2400
f 2400/2400/2400 2425/2425/2425 2424/2424/2424
f 2395/2395/2395 2447/2447/2447 2448/2448/2448
f 2448/2448/2448 2397/2397/2397 2395/2395/2395
f 2482/2482/2482 2480/2480/2480 2499/2499/2499
f 2499/2499/2499 2500/2500/2500 2482/2482/2482
f 2447/2447/2447 2481/2481/2481 2483/2483/2483
f 2483/2483/2483 2448/2448/2448 2447/2447/2447
f 2541/2541/2541 2540/2540/2540 2543/2543/2543
f 2543/2543/2543 2542/2542/2542 2541/2541/2541
f 2572/2572/2572 2571/2571/2571 2294/2294/2294
f 2294/2294/2294 2295/2295/2295 2572/2572/2572
f 2540/2540/2540 2571/2571/2571 2572/2572/2572
f 2572/2572/2572 2543/2543/2543 2540/2540/2540
f 2593/2593/2593 2591/2591/2591 2541/2541/2541
f 2541/2541/2541 2542/2542/2542 2593/2593/2593
f 2499/2499/2499 2611/2611/2611 2612/2612/2612
f 2612/2612/2612 2500/2500/2500 2499/2499/2499
f 2611/2611/2611 2591/2591/2591 2593/2593/2593
f 2593/2593/2593 2612/2612/2612 2611/2611/2611
f 2104/2104/2104 2098/2098/2098 2097/2097/2097
f 2097/2097/2097 2101/2101/2101 2104/2104/2104
f 2097/2097/2097 2133/2133/2133 2134/2134/2134
f 2134/2134/2134 2101/2101/2101 2097/2097/2097
f 2133/2133/2133 2148/2148/2148 2150/2150/2150
f 2150/2150/2150 2134/2134/2134 2133/2133/2133
f 2172/2172/2172 2098/2098/2098 2104/2104/2104
f 2104/2104/2104 2175/2175/2175 2172/2172/2172
f 2210/2210/2210 2207/2207/2207 2193/2193/2193
f 2193/2193/2193 2194/2194/2194 2210/2210/2210
f 2193/2193/2193 2172/2172/2172 2175/2175/2175
f 2175/2175/2175 2194/2194/2194 2193/2193/2193
f 2242/2242/2242 2245/2245/2245 2249/2249/2249
f 2249/2249/2249 2248/2248/2248 2242/2242/2242
f 2293/2293/2293 2290/2290/2290 2276/2276/2276
f 2276/2276/2276 2277/2277/2277 2293/2293/2293
f 2276/2276/2276 2242/2242/2242 2248/2248/2248
f 2248/2248/2248 2277/2277/2277 2276/2276/2276
f 2249/2249/2249 2245/2245/2245 2318/2318/2318
f 2318/2318/2318 2320/2320/2320 2249/2249/2249
f 2350/2350/2350 2207/2207/2207 2210/2210/2210
f 2210/2210/2210 2352/2352/2352 2350/2350/2350
f 2318/2318/2318 2349/2349/2349 2351/2351/2351
f 2351/2351/2351 2320/2320/2320 2318/2318/2318
f 2387/2387/2387 2390/2390/2390 2394/2394/2394
f 2394/2394/2394 2393/2393/2393 2387/2387/2387
f 2150/2150/2150 2148/2148/2148 2421/2421/2421
f 2421/2421/2421 2422/2422/2422 2150/2150/2150
f 2421/2421/2421 2387/2387/2387 2393/2393/2393
f 2393/2393/2393 2422/2422/2422 2421/2421/2421
f 2394/2394/2394 2390/2390/2390 2443/2443/2443
f 2443/2443/2443 2445/2445/2445 2394/2394/2394
f 2475/2475/2475 2496/2496/2496 2498/2498/2498
f 2498/2498/2498 2477/2477/2477 2475/2475/2475
f 2443/2443/2443 2474/2474/2474 2476/2476/2476
f 2476/2476/2476 2445/2445/2445 2443/2443/2443
f 2539/2539/2539 2533/2533/2533 2532/2532/2532
f 2532/2532/2532 2536/2536/2536 2539/2539/2539
f 2568/2568/2568 2290/2290/2290 2293/2293/2293
f 2293/2293/2293 2569/2569/2569 2568/2568/2568
f 2532/2532/2532 2568/2568/2568 2569/2569/2569
f 2569/2569/2569 2536/2536/2536 2532/2532/2532
f 2587/2587/2587 2533/2533/2533 2539/2539/2539
f 2539/2539/2539 2590/2590/2590 2587/2587/2587
f 2498/2498/2498 2496/2496/2496 2608/2608/2608
f 2608/2608/2608 2609/2609/2609 2498/2498/2498
f 2608/2608/2608 2587/2587/2587 2590/2590/2590
f 2590/2590/2590 2609/2609/2609 2608/2608/2608
f 2096/2096/2096 2095/2095/2095 2100/2100/2100
f 2100/2100/2100 2099/2099/2099 2096/2096/2096
f 2095/2095/2095 2131/2131/2131 2132/2132/2132
f 2132/2132/2132 2100/2100/2100 2095/2095/2095
f 2132/2132/2132 2131/2131/2131 2146/2146/2146
f 2146/2146/2146 2147/2147/2147 2132/2132/2132
f 2173/2173/2173 2171/2171/2171 2096/2096/2096
f 2096/2096/2096 2099/2099/2099 2173/2173/2173
f 2206/2206/2206 2191/2191/2191 2192/2192/2192
f 2192/2192/2192 2208/2208/2208 2206/2206/2206
f 2191/2191/2191 2171/2171/2171 2173/2173/2173
f 2173/2173/2173 2192/2192/2192 2191/2191/2191
f 2243/2243/2243 2241/2241/2241 2240/2240/2240
f 2240/2240/2240 2244/2244/2244 2243/2243/2243
f 2289/2289/2289 2274/2274/2274 2275/2275/2275
f 2275/2275/2275 2291/2291/2291 2289/2289/2289
f 2274/2274/2274 2241/2241/2241 2243/2243/2243
f 2243/2243/2243 2275/2275/2275 2274/2274/2274
f 2240/2240/2240 2317/2317/2317 2319/2319/2319
f 2319/2319/2319 2244/2244/2244 2240/2240/2240
f 2347/2347/2347 2345/2345/2345 2206/2206/2206
f 2206/2206/2206 2208/2208/2208 2347/2347/2347
f 2317/2317/2317 2346/2346/2346 2348/2348/2348
f 2348/2348/2348 2319/2319/2319 2317/2317/2317
f 2388/2388/2388 2386/2386/2386 2385/2385/2385
f 2385/2385/2385 2389/2389/2389 2388/2388/2388
f 2146/2146/2146 2419/2419/2419 2420/2420/2420
f 2420/2420/2420 2147/2147/2147 2146/2146/2146
f 2419/2419/2419 2386/2386/2386 2388/2388/2388
f 2388/2388/2388 2420/2420/2420 2419/2419/2419
f 2385/2385/2385 2442/2442/2442 2444/2444/2444
f 2444/2444/2444 2389/2389/2389 2385/2385/2385
f 2473/2473/2473 2470/2470/2470 2494/2494/2494
f 2494/2494/2494 2495/2495/2495 2473/2473/2473
f 2442/2442/2442 2471/2471/2471 2472/2472/2472
f 2472/2472/2472 2444/2444/2444 2442/2442/2442
f 2531/2531/2531 2530/2530/2530 2535/2535/2535
f 2535/2535/2535 2534/2534/2534 2531/2531/2531
f 2567/2567/2567 2566/2566/2566 2289/2289/2289
f 2289/2289/2289 2291/2291/2291 2567/2567/2567
f 2530/2530/2530 2566/2566/2566 2567/2567/2567
f 2567/2567/2567 2535/2535/2535 2530/2530/2530
f 2588/2588/2588 2586/2586/2586 2531/2531/2531
f 2531/2531/2531 2534/2534/2534 2588/2588/2588
f 2494/2494/2494 2606/2606/2606 2607/2607/2607
f 2607/2607/2607 2495/2495/2495 2494/2494/2494
f 2606/2606/2606 2586/2586/2586 2588/2588/2588
f 2588/2588/2588 2607/2607/2607 2606/2606/2606
f 2113/2113/2113 2156/2156/2156 2129/2129/2129
f 2129/2129/2129 2094/2094/2094 2113/2113/2113
f 2093/2093/2093 2114/2114/2114 2113/2113/2113
f 2113/2113/2113 2094/2094/2094 2093/2093/2093
f 2156/2156/2156 2155/2155/2155 2144/2144/2144
f 2144/2144/2144 2129/2129/2129 2156/2156/2156
f 2180/2180/2180 2114/2114/2114 2093/2093/2093
f 2093/2093/2093 2170/2170/2170 2180/2180/2180
f 2205/2205/2205 2216/2216/2216 2215/2215/2215
f 2215/2215/2215 2189/2189/2189 2205/2205/2205
f 2215/2215/2215 2180/2180/2180 2170/2170/2170
f 2170/2170/2170 2189/2189/2189 2215/2215/2215
f 2259/2259/2259 2258/2258/2258 2238/2238/2238
f 2238/2238/2238 2237/2237/2237 2259/2259/2259
f 2288/2288/2288 2299/2299/2299 2298/2298/2298
f 2298/2298/2298 2272/2272/2272 2288/2288/2288
f 2298/2298/2298 2259/2259/2259 2237/2237/2237
f 2237/2237/2237 2272/2272/2272 2298/2298/2298
f 2238/2238/2238 2258/2258/2258 2326/2326/2326
f 2326/2326/2326 2316/2316/2316 2238/2238/2238
f 2363/2363/2363 2216/2216/2216 2205/2205/2205
f 2205/2205/2205 2341/2341/2341 2363/2363/2363
f 2326/2326/2326 2364/2364/2364 2342/2342/2342
f 2342/2342/2342 2316/2316/2316 2326/2326/2326
f 2404/2404/2404 2403/2403/2403 2383/2383/2383
f 2383/2383/2383 2382/2382/2382 2404/2404/2404
f 2144/2144/2144 2155/2155/2155 2428/2428/2428
f 2428/2428/2428 2417/2417/2417 2144/2144/2144
f 2428/2428/2428 2404/2404/2404 2382/2382/2382
f 2382/2382/2382 2417/2417/2417 2428/2428/2428
f 2383/2383/2383 2403/2403/2403 2451/2451/2451
f 2451/2451/2451 2441/2441/2441 2383/2383/2383
f 2505/2505/2505 2503/2503/2503 2492/2492/2492
f 2492/2492/2492 2466/2466/2466 2505/2505/2505
f 2451/2451/2451 2504/2504/2504 2467/2467/2467
f 2467/2467/2467 2441/2441/2441 2451/2451/2451
f 2528/2528/2528 2549/2549/2549 2548/2548/2548
f 2548/2548/2548 2529/2529/2529 2528/2528/2528
f 2575/2575/2575 2299/2299/2299 2288/2288/2288
f 2288/2288/2288 2564/2564/2564 2575/2575/2575
f 2548/2548/2548 2575/2575/2575 2564/2564/2564
f 2564/2564/2564 2529/2529/2529 2548/2548/2548
f 2595/2595/2595 2549/2549/2549 2528/2528/2528
f 2528/2528/2528 2585/2585/2585 2595/2595/2595
f 2492/2492/2492 2503/2503/2503 2615/2615/2615
f 2615/2615/2615 2604/2604/2604 2492/2492/2492
f 2615/2615/2615 2595/2595/2595 2585/2585/2585
f 2585/2585/2585 2604/2604/2604 2615/2615/2615
f 2655/2655/2655 2656/2656/2656 2657/2657/2657
f 2657/2657/2657 2660/2660/2660 2655/2655/2655
f 2656/2656/2656 2655/2655/2655 2661/2661/2661
f 2661/2661/2661 2662/2662/2662 2656/2656/2656
f 2661/2661/2661 2663/2663/2663 2664/2664/2664
f 2664/2664/2664 2662/2662/2662 2661/2661/2661
f 2660/2660/2660 2665/2665/2665 2667/2667/2667
f 2667/2667/2667 2655/2655/2655 2660/2660/2660
f 2668/2668/2668 2661/2661/2661 2655/2655/2655
f 2655/2655/2655 2667/2667/2667 2668/2668/2668
f 2661/2661/2661 2668/2668/2668 2669/2669/2669
f 2669/2669/2669 2663/2663/2663 2661/2661/2661
f 2670/2670/2670 2672/2672/2672 2667/2667/2667
f 2667/2667/2667 2665/2665/2665 2670/2670/2670
f 2672/2672/2672 2673/2673/2673 2668/2668/2668
f 2668/2668/2668 2667/2667/2667 2672/2672/2672
f 2668/2668/2668 2673/2673/2673 2674/2674/2674
f 2674/2674/2674 2669/2669/2669 2668/2668/2668
f 2657/2657/2657 2656/2656/2656 2675/2675/2675
f 2675/2675/2675 2677/2677/2677 2657/2657/2657
f 2656/2656/2656 2662/2662/2662 2678/2678/2678
f 2678/2678/2678 2675/2675/2675 2656/2656/2656
f 2678/2678/2678 2662/2662/2662 2664/2664/2664
f 2664/2664/2664 2679/2679/2679 2678/2678/2678
f 2680/2680/2680 2677/2677/2677 2675/2675/2675
f 2675/2675/2675 2682/2682/2682 2680/2680/2680
f 2682/2682/2682 2675/2675/2675 2678/2678/2678
f 2678/2678/2678 2683/2683/2683 2682/2682/2682
f 2685/2685/2685 2680/2680/2680 2682/2682/2682
f 2682/2682/2682 2686/2686/2686 2685/2685/2685
f 2683/2683/2683 2687/2687/2687 2686/2686/2686
f 2686/2686/2686 2682/2682/2682 2683/2683/2683
f 2688/2688/2688 2687/2687/2687 2683/2683/2683
f 2683/2683/2683 2689/2689/2689 2688/2688/2688
f 2679/2679/2679 2689/2689/2689 2683/2683/2683
f 2683/2683/2683 2678/2678/2678 2679/2679/2679
f 2690/2690/2690 2692/2692/2692 2693/2693/2693
f 2693/2693/2693 2694/2694/2694 2690/2690/2690
f 2692/2692/2692 2696/2696/2696 2697/2697/2697
f 2697/2697/2697 2693/2693/2693 2692/2692/2692
f 2697/2697/2697 2696/2696/2696 2698/2698/2698
f 2698/2698/2698 2699/2699/2699 2697/2697/2697
f 2701/2701/2701 2694/2694/2694 2693/2693/2693
f 2693/2693/2693 2702/2702/2702 2701/2701/2701
f 2702/2702/2702 2693/2693/2693 2697/2697/2697
f 2697/2697/2697 2703/2703/2703 2702/2702/2702
f 2702/2702/2702 2704/2704/2704 2705/2705/2705
f 2705/2705/2705 2701/2701/2701 2702/2702/2702
f 2704/2704/2704 2702/2702/2702 2703/2703/2703
f 2703/2703/2703 2707/2707/2707 2704/2704/2704
f 2703/2703/2703 2708/2708/2708 2709/2709/2709
f 2709/2709/2709 2707/2707/2707 2703/2703/2703
f 2699/2699/2699 2708/2708/2708 2703/2703/2703
f 2703/2703/2703 2697/2697/2697 2699/2699/2699
f 2710/2710/2710 2692/2692/2692 2690/2690/2690
f 2690/2690/2690 2711/2711/2711 2710/2710/2710
f 2692/2692/2692 2710/2710/2710 2713/2713/2713
f 2713/2713/2713 2696/2696/2696 2692/2692/2692
f 2713/2713/2713 2714/2714/2714 2698/2698/2698
f 2698/2698/2698 2696/2696/2696 2713/2713/2713
f 2710/2710/2710 2711/2711/2711 2716/2716/2716
f 2716/2716/2716 2718/2718/2718 2710/2710/2710
f 2718/2718/2718 2719/2719/2719 2713/2713/2713
f 2713/2713/2713 2710/2710/2710 2718/2718/2718
f 2713/2713/2713 2719/2719/2719 2720/2720/2720
f 2720/2720/2720 2714/2714/2714 2713/2713/2713
f 2685/2685/2685 2686/2686/2686 2718/2718/2718
f 2718/2718/2718 2716/2716/2716 2685/2685/2685
f 2686/2686/2686 2687/2687/2687 2719/2719/2719
f 2719/2719/2719 2718/2718/2718 2686/2686/2686
f 2719/2719/2719 2687/2687/2687 2688/2688/2688
f 2688/2688/2688 2720/2720/2720 2719/2719/2719
f 2721/2721/2721 2723/2723/2723 2724/2724/2724
f 2724/2724/2724 2726/2726/2726 2721/2721/2721
f 2723/2723/2723 2727/2727/2727 2728/2728/2728
f 2728/2728/2728 2724/2724/2724 2723/2723/2723
f 2728/2728/2728 2727/2727/2727 2729/2729/2729
f 2729/2729/2729 2730/2730/2730 2728/2728/2728
f 2732/2732/2732 2726/2726/2726 2724/2724/2724
f 2724/2724/2724 2733/2733/2733 2732/2732/2732
f 2733/2733/2733 2724/2724/2724 2728/2728/2728
f 2728/2728/2728 2734/2734/2734 2733/2733/2733
f 2733/2733/2733 2672/2672/2672 2670/2670/2670
f 2670/2670/2670 2732/2732/2732 2733/2733/2733
f 2672/2672/2672 2733/2733/2733 2734/2734/2734
f 2734/2734/2734 2673/2673/2673 2672/2672/2672
f 2734/2734/2734 2735/2735/2735 2674/2674/2674
f 2674/2674/2674 2673/2673/2673 2734/2734/2734
f 2730/2730/2730 2735/2735/2735 2734/2734/2734
f 2734/2734/2734 2728/2728/2728 2730/2730/2730
f 2736/2736/2736 2723/2723/2723 2721/2721/2721
f 2721/2721/2721 2737/2737/2737 2736/2736/2736
f 2723/2723/2723 2736/2736/2736 2739/2739/2739
f 2739/2739/2739 2727/2727/2727 2723/2723/2723
f 2739/2739/2739 2740/2740/2740 2729/2729/2729
f 2729/2729/2729 2727/2727/2727 2739/2739/2739
f 2737/2737/2737 2741/2741/2741 2744/2744/2744
f 2744/2744/2744 2736/2736/2736 2737/2737/2737
f 2744/2744/2744 2745/2745/2745 2739/2739/2739
f 2739/2739/2739 2736/2736/2736 2744/2744/2744
f 2746/2746/2746 2748/2748/2748 2744/2744/2744
f 2744/2744/2744 2741/2741/2741 2746/2746/2746
f 2748/2748/2748 2749/2749/2749 2745/2745/2745
f 2745/2745/2745 2744/2744/2744 2748/2748/2748
f 2745/2745/2745 2749/2749/2749 2750/2750/2750
f 2750/2750/2750 2751/2751/2751 2745/2745/2745
f 2739/2739/2739 2745/2745/2745 2751/2751/2751
f 2751/2751/2751 2740/2740/2740 2739/2739/2739
f 2752/2752/2752 2753/2753/2753 2754/2754/2754
f 2754/2754/2754 2757/2757/2757 2752/2752/2752
f 2753/2753/2753 2752/2752/2752 2758/2758/2758
f 2758/2758/2758 2759/2759/2759 2753/2753/2753
f 2758/2758/2758 2760/2760/2760 2761/2761/2761
f 2761/2761/2761 2759/2759/2759 2758/2758/2758
f 2757/2757/2757 2763/2763/2763 2764/2764/2764
f 2764/2764/2764 2752/2752/2752 2757/2757/2757
f 2764/2764/2764 2765/2765/2765 2758/2758/2758
f 2758/2758/2758 2752/2752/2752 2764/2764/2764
f 2705/2705/2705 2704/2704/2704 2764/2764/2764
f 2764/2764/2764 2763/2763/2763 2705/2705/2705
f 2704/2704/2704 2707/2707/2707 2765/2765/2765
f 2765/2765/2765 2764/2764/2764 2704/2704/2704
f 2765/2765/2765 2707/2707/2707 2709/2709/2709
f 2709/2709/2709 2766/2766/2766 2765/2765/2765
f 2758/2758/2758 2765/2765/2765 2766/2766/2766
f 2766/2766/2766 2760/2760/2760 2758/2758/2758
f 2754/2754/2754 2753/2753/2753 2767/2767/2767
f 2767/2767/2767 2768/2768/2768 2754/2754/2754
f 2753/2753/2753 2759/2759/2759 2770/2770/2770
f 2770/2770/2770 2767/2767/2767 2753/2753/2753
f 2770/2770/2770 2759/2759/2759 2761/2761/2761
f 2761/2761/2761 2771/2771/2771 2770/2770/2770
f 2773/2773/2773 2768/2768/2768 2767/2767/2767
f 2767/2767/2767 2774/2774/2774 2773/2773/2773
f 2774/2774/2774 2767/2767/2767 2770/2770/2770
f 2770/2770/2770 2775/2775/2775 2774/2774/2774
f 2774/2774/2774 2748/2748/2748 2746/2746/2746
f 2746/2746/2746 2773/2773/2773 2774/2774/2774
f 2748/2748/2748 2774/2774/2774 2775/2775/2775
f 2775/2775/2775 2749/2749/2749 2748/2748/2748
f 2775/2775/2775 2776/2776/2776 2750/2750/2750
f 2750/2750/2750 2749/2749/2749 2775/2775/2775
f 2771/2771/2771 2776/2776/2776 2775/2775/2775
f 2775/2775/2775 2770/2770/2770 2771/2771/2771
f 2777/2777/2777 2778/2778/2778 2664/2664/2664
f 2664/2664/2664 2663/2663/2663 2777/2777/2777
f 2779/2779/2779 2780/2780/2780 2781/2781/2781
f 2781/2781/2781 2782/2782/2782 2779/2779/2779
f 2783/2783/2783 2784/2784/2784 2785/2785/2785
f 2785/2785/2785 2786/2786/2786 2783/2783/2783
f 2784/2784/2784 2787/2787/2787 2788/2788/2788
f 2788/2788/2788 2785/2785/2785 2784/2784/2784
f 2789/2789/2789 2790/2790/2790 2791/2791/2791
f 2791/2791/2791 2792/2792/2792 2789/2789/2789
f 2793/2793/2793 2779/2779/2779 2782/2782/2782
f 2782/2782/2782 2794/2794/2794 2793/2793/2793
f 2795/2795/2795 2796/2796/2796 2793/2793/2793
f 2793/2793/2793 2794/2794/2794 2795/2795/2795
f 2790/2790/2790 2783/2783/2783 2786/2786/2786
f 2786/2786/2786 2791/2791/2791 2790/2790/2790
f 2780/2780/2780 2789/2789/2789 2792/2792/2792
f 2792/2792/2792 2781/2781/2781 2780/2780/2780
f 2778/2778/2778 2777/2777/2777 2796/2796/2796
f 2796/2796/2796 2795/2795/2795 2778/2778/2778
f 2663/2663/2663 2669/2669/2669 2797/2797/2797
f 2797/2797/2797 2777/2777/2777 2663/2663/2663
f 2783/2783/2783 2798/2798/2798 2799/2799/2799
f 2799/2799/2799 2784/2784/2784 2783/2783/2783
f 2784/2784/2784 2799/2799/2799 2800/2800/2800
f 2800/2800/2800 2787/2787/2787 2784/2784/2784
f 2793/2793/2793 2801/2801/2801 2802/2802/2802
f 2802/2802/2802 2779/2779/2779 2793/2793/2793
f 2674/2674/2674 2803/2803/2803 2797/2797/2797
f 2797/2797/2797 2669/2669/2669 2674/2674/2674
f 2804/2804/2804 2805/2805/2805 2802/2802/2802
f 2802/2802/2802 2806/2806/2806 2804/2804/2804
f 2807/2807/2807 2799/2799/2799 2798/2798/2798
f 2798/2798/2798 2808/2808/2808 2807/2807/2807
f 2809/2809/2809 2800/2800/2800 2799/2799/2799
f 2799/2799/2799 2807/2807/2807 2809/2809/2809
f 2810/2810/2810 2811/2811/2811 2812/2812/2812
f 2812/2812/2812 2813/2813/2813 2810/2810/2810
f 2806/2806/2806 2802/2802/2802 2801/2801/2801
f 2801/2801/2801 2814/2814/2814 2806/2806/2806
f 2815/2815/2815 2814/2814/2814 2801/2801/2801
f 2801/2801/2801 2816/2816/2816 2815/2815/2815
f 2808/2808/2808 2798/2798/2798 2811/2811/2811
f 2811/2811/2811 2810/2810/2810 2808/2808/2808
f 2813/2813/2813 2812/2812/2812 2805/2805/2805
f 2805/2805/2805 2804/2804/2804 2813/2813/2813
f 2803/2803/2803 2815/2815/2815 2816/2816/2816
f 2816/2816/2816 2797/2797/2797 2803/2803/2803
f 2780/2780/2780 2779/2779/2779 2802/2802/2802
f 2802/2802/2802 2805/2805/2805 2780/2780/2780
f 2811/2811/2811 2790/2790/2790 2789/2789/2789
f 2789/2789/2789 2812/2812/2812 2811/2811/2811
f 2801/2801/2801 2793/2793/2793 2796/2796/2796
f 2796/2796/2796 2816/2816/2816 2801/2801/2801
f 2798/2798/2798 2783/2783/2783 2790/2790/2790
f 2790/2790/2790 2811/2811/2811 2798/2798/2798
f 2812/2812/2812 2789/2789/2789 2780/2780/2780
f 2780/2780/2780 2805/2805/2805 2812/2812/2812
f 2796/2796/2796 2777/2777/2777 2797/2797/2797
f 2797/2797/2797 2816/2816/2816 2796/2796/2796
f 2664/2664/2664 2778/2778/2778 2817/2817/2817
f 2817/2817/2817 2679/2679/2679 2664/2664/2664
f 2781/2781/2781 2818/2818/2818 2819/2819/2819
f 2819/2819/2819 2782/2782/2782 2781/2781/2781
f 2785/2785/2785 2820/2820/2820 2821/2821/2821
f 2821/2821/2821 2786/2786/2786 2785/2785/2785
f 2788/2788/2788 2822/2822/2822 2820/2820/2820
f 2820/2820/2820 2785/2785/2785 2788/2788/2788
f 2791/2791/2791 2823/2823/2823 2824/2824/2824
f 2824/2824/2824 2792/2792/2792 2791/2791/2791
f 2782/2782/2782 2819/2819/2819 2825/2825/2825
f 2825/2825/2825 2794/2794/2794 2782/2782/2782
f 2795/2795/2795 2794/2794/2794 2825/2825/2825
f 2825/2825/2825 2826/2826/2826 2795/2795/2795
f 2786/2786/2786 2821/2821/2821 2823/2823/2823
f 2823/2823/2823 2791/2791/2791 2786/2786/2786
f 2792/2792/2792 2824/2824/2824 2818/2818/2818
f 2818/2818/2818 2781/2781/2781 2792/2792/2792
f 2778/2778/2778 2795/2795/2795 2826/2826/2826
f 2826/2826/2826 2817/2817/2817 2778/2778/2778
f 2689/2689/2689 2679/2679/2679 2817/2817/2817
f 2817/2817/2817 2827/2827/2827 2689/2689/2689
f 2821/2821/2821 2820/2820/2820 2828/2828/2828
f 2828/2828/2828 2829/2829/2829 2821/2821/2821
f 2828/2828/2828 2820/2820/2820 2822/2822/2822
f 2822/2822/2822 2830/2830/2830 2828/2828/2828
f 2825/2825/2825 2819/2819/2819 2831/2831/2831
f 2831/2831/2831 2832/2832/2832 2825/2825/2825
f 2827/2827/2827 2833/2833/2833 2688/2688/2688
f 2688/2688/2688 2689/2689/2689 2827/2827/2827
f 2831/2831/2831 2834/2834/2834 2835/2835/2835
f 2835/2835/2835 2836/2836/2836 2831/2831/2831
f 2829/2829/2829 2828/2828/2828 2837/2837/2837
f 2837/2837/2837 2838/2838/2838 2829/2829/2829
f 2828/2828/2828 2830/2830/2830 2839/2839/2839
f 2839/2839/2839 2837/2837/2837 2828/2828/2828
f 2840/2840/2840 2841/2841/2841 2842/2842/2842
f 2842/2842/2842 2843/2843/2843 2840/2840/2840
f 2832/2832/2832 2831/2831/2831 2836/2836/2836
f 2836/2836/2836 2844/2844/2844 2832/2832/2832
f 2845/2845/2845 2846/2846/2846 2832/2832/2832
f 2832/2832/2832 2844/2844/2844 2845/2845/2845
f 2841/2841/2841 2829/2829/2829 2838/2838/2838
f 2838/2838/2838 2842/2842/2842 2841/2841/2841
f 2834/2834/2834 2840/2840/2840 2843/2843/2843
f 2843/2843/2843 2835/2835/2835 2834/2834/2834
f 2833/2833/2833 2827/2827/2827 2846/2846/2846
f 2846/2846/2846 2845/2845/2845 2833/2833/2833
f 2834/2834/2834 2831/2831/2831 2819/2819/2819
f 2819/2819/2819 2818/2818/2818 2834/2834/2834
f 2823/2823/2823 2841/2841/2841 2840/2840/2840
f 2840/2840/2840 2824/2824/2824 2823/2823/2823
f 2825/2825/2825 2832/2832/2832 2846/2846/2846
f 2846/2846/2846 2826/2826/2826 2825/2825/2825
f 2829/2829/2829 2841/2841/2841 2823/2823/2823
f 2823/2823/2823 2821/2821/2821 2829/2829/2829
f 2824/2824/2824 2840/2840/2840 2834/2834/2834
f 2834/2834/2834 2818/2818/2818 2824/2824/2824
f 2846/2846/2846 2827/2827/2827 2817/2817/2817
f 2817/2817/2817 2826/2826/2826 2846/2846/2846
f 2698/2698/2698 2847/2847/2847 2848/2848/2848
f 2848/2848/2848 2699/2699/2699 2698/2698/2698
f 2849/2849/2849 2850/2850/2850 2851/2851/2851
f 2851/2851/2851 2852/2852/2852 2849/2849/2849
f 2853/2853/2853 2854/2854/2854 2855/2855/2855
f 2855/2855/2855 2856/2856/2856 2853/2853/2853
f 2857/2857/2857 2858/2858/2858 2854/2854/2854
f 2854/2854/2854 2853/2853/2853 2857/2857/2857
f 2859/2859/2859 2860/2860/2860 2861/2861/2861
f 2861/2861/2861 2862/2862/2862 2859/2859/2859
f 2852/2852/2852 2851/2851/2851 2863/2863/2863
f 2863/2863/2863 2864/2864/2864 2852/2852/2852
f 2865/2865/2865 2864/2864/2864 2863/2863/2863
f 2863/2863/2863 2866/2866/2866 2865/2865/2865
f 2856/2856/2856 2855/2855/2855 2860/2860/2860
f 2860/2860/2860 2859/2859/2859 2856/2856/2856
f 2862/2862/2862 2861/2861/2861 2850/2850/2850
f 2850/2850/2850 2849/2849/2849 2862/2862/2862
f 2847/2847/2847 2865/2865/2865 2866/2866/2866
f 2866/2866/2866 2848/2848/2848 2847/2847/2847
f 2708/2708/2708 2699/2699/2699 2848/2848/2848
f 2848/2848/2848 2867/2867/2867 2708/2708/2708
f 2855/2855/2855 2854/2854/2854 2868/2868/2868
f 2868/2868/2868 2869/2869/2869 2855/2855/2855
f 2868/2868/2868 2854/2854/2854 2858/2858/2858
f 2858/2858/2858 2870/2870/2870 2868/2868/2868
f 2863/2863/2863 2851/2851/2851 2871/2871/2871
f 2871/2871/2871 2872/2872/2872 2863/2863/2863
f 2867/2867/2867 2873/2873/2873 2709/2709/2709
f 2709/2709/2709 2708/2708/2708 2867/2867/2867
f 2871/2871/2871 2874/2874/2874 2875/2875/2875
f 2875/2875/2875 2876/2876/2876 2871/2871/2871
f 2869/2869/2869 2868/2868/2868 2877/2877/2877
f 2877/2877/2877 2878/2878/2878 2869/2869/2869
f 2868/2868/2868 2870/2870/2870 2879/2879/2879
f 2879/2879/2879 2877/2877/2877 2868/2868/2868
f 2880/2880/2880 2881/2881/2881 2882/2882/2882
f 2882/2882/2882 2883/2883/2883 2880/2880/2880
f 2872/2872/2872 2871/2871/2871 2876/2876/2876
f 2876/2876/2876 2884/2884/2884 2872/2872/2872
f 2885/2885/2885 2886/2886/2886 2872/2872/2872
f 2872/2872/2872 2884/2884/2884 2885/2885/2885
f 2881/2881/2881 2869/2869/2869 2878/2878/2878
f 2878/2878/2878 2882/2882/2882 2881/2881/2881
f 2874/2874/2874 2880/2880/2880 2883/2883/2883
f 2883/2883/2883 2875/2875/2875 2874/2874/2874
f 2873/2873/2873 2867/2867/2867 2886/2886/2886
f 2886/2886/2886 2885/2885/2885 2873/2873/2873
f 2874/2874/2874 2871/2871/2871 2851/2851/2851
f 2851/2851/2851 2850/2850/2850 2874/2874/2874
f 2860/2860/2860 2881/2881/2881 2880/2880/2880
f 2880/2880/2880 2861/2861/2861 2860/2860/2860
f 2863/2863/2863 2872/2872/2872 2886/2886/2886
f 2886/2886/2886 2866/2866/2866 2863/2863/2863
f 2869/2869/2869 2881/2881/2881 2860/2860/2860
f 2860/2860/2860 2855/2855/2855 2869/2869/2869
f 2861/2861/2861 2880/2880/2880 2874/2874/2874
f 2874/2874/2874 2850/2850/2850 2861/2861/2861
f 2886/2886/2886 2867/2867/2867 2848/2848/2848
f 2848/2848/2848 2866/2866/2866 2886/2886/2886
f 2887/2887/2887 2847/2847/2847 2698/2698/2698
f 2698/2698/2698 2714/2714/2714 2887/2887/2887
f 2888/2888/2888 2889/2889/2889 2849/2849/2849
f 2849/2849/2849 2852/2852/2852 2888/2888/2888
f 2890/2890/2890 2891/2891/2891 2853/2853/2853
f 2853/2853/2853 2856/2856/2856 2890/2890/2890
f 2891/2891/2891 2892/2892/2892 2857/2857/2857
f 2857/2857/2857 2853/2853/2853 2891/2891/2891
f 2893/2893/2893 2894/2894/2894 2859/2859/2859
f 2859/2859/2859 2862/2862/2862 2893/2893/2893
f 2895/2895/2895 2888/2888/2888 2852/2852/2852
f 2852/2852/2852 2864/2864/2864 2895/2895/2895
f 2865/2865/2865 2896/2896/2896 2895/2895/2895
f 2895/2895/2895 2864/2864/2864 2865/2865/2865
f 2894/2894/2894 2890/2890/2890 2856/2856/2856
f 2856/2856/2856 2859/2859/2859 2894/2894/2894
f 2889/2889/2889 2893/2893/2893 2862/2862/2862
f 2862/2862/2862 2849/2849/2849 2889/2889/2889
f 2847/2847/2847 2887/2887/2887 2896/2896/2896
f 2896/2896/2896 2865/2865/2865 2847/2847/2847
f 2714/2714/2714 2720/2720/2720 2897/2897/2897
f 2897/2897/2897 2887/2887/2887 2714/2714/2714
f 2890/2890/2890 2898/2898/2898 2899/2899/2899
f 2899/2899/2899 2891/2891/2891 2890/2890/2890
f 2891/2891/2891 2899/2899/2899 2900/2900/2900
f 2900/2900/2900 2892/2892/2892 2891/2891/2891
f 2895/2895/2895 2901/2901/2901 2902/2902/2902
f 2902/2902/2902 2888/2888/2888 2895/2895/2895
f 2688/2688/2688 2833/2833/2833 2897/2897/2897
f 2897/2897/2897 2720/2720/2720 2688/2688/2688
f 2835/2835/2835 2903/2903/2903 2902/2902/2902
f 2902/2902/2902 2836/2836/2836 2835/2835/2835
f 2837/2837/2837 2899/2899/2899 2898/2898/2898
f 2898/2898/2898 2838/2838/2838 2837/2837/2837
f 2839/2839/2839 2900/2900/2900 2899/2899/2899
f 2899/2899/2899 2837/2837/2837 2839/2839/2839
f 2842/2842/2842 2904/2904/2904 2905/2905/2905
f 2905/2905/2905 2843/2843/2843 2842/2842/2842
f 2836/2836/2836 2902/2902/2902 2901/2901/2901
f 2901/2901/2901 2844/2844/2844 2836/2836/2836
f 2845/2845/2845 2844/2844/2844 2901/2901/2901
f 2901/2901/2901 2906/2906/2906 2845/2845/2845
f 2838/2838/2838 2898/2898/2898 2904/2904/2904
f 2904/2904/2904 2842/2842/2842 2838/2838/2838
f 2843/2843/2843 2905/2905/2905 2903/2903/2903
f 2903/2903/2903 2835/2835/2835 2843/2843/2843
f 2833/2833/2833 2845/2845/2845 2906/2906/2906
f 2906/2906/2906 2897/2897/2897 2833/2833/2833
f 2903/2903/2903 2889/2889/2889 2888/2888/2888
f 2888/2888/2888 2902/2902/2902 2903/2903/2903
f 2894/2894/2894 2893/2893/2893 2905/2905/2905
f 2905/2905/2905 2904/2904/2904 2894/2894/2894
f 2895/2895/2895 2896/2896/2896 2906/2906/2906
f 2906/2906/2906 2901/2901/2901 2895/2895/2895
f 2898/2898/2898 2890/2890/2890 2894/2894/2894
f 2894/2894/2894 2904/2904/2904 2898/2898/2898
f 2893/2893/2893 2889/2889/2889 2903/2903/2903
f 2903/2903/2903 2905/2905/2905 2893/2893/2893
f 2906/2906/2906 2896/2896/2896 2887/2887/2887
f 2887/2887/2887 2897/2897/2897 2906/2906/2906
f 2729/2729/2729 2907/2907/2907 2908/2908/2908
f 2908/2908/2908 2730/2730/2730 2729/2729/2729
f 2909/2909/2909 2910/2910/2910 2911/2911/2911
f 2911/2911/2911 2912/2912/2912 2909/2909/2909
f 2913/2913/2913 2914/2914/2914 2915/2915/2915
f 2915/2915/2915 2916/2916/2916 2913/2913/2913
f 2917/2917/2917 2918/2918/2918 2914/2914/2914
f 2914/2914/2914 2913/2913/2913 2917/2917/2917
f 2919/2919/2919 2920/2920/2920 2921/2921/2921
f 2921/2921/2921 2922/2922/2922 2919/2919/2919
f 2912/2912/2912 2911/2911/2911 2923/2923/2923
f 2923/2923/2923 2924/2924/2924 2912/2912/2912
f 2925/2925/2925 2924/2924/2924 2923/2923/2923
f 2923/2923/2923 2926/2926/2926 2925/2925/2925
f 2916/2916/2916 2915/2915/2915 2920/2920/2920
f 2920/2920/2920 2919/2919/2919 2916/2916/2916
f 2922/2922/2922 2921/2921/2921 2910/2910/2910
f 2910/2910/2910 2909/2909/2909 2922/2922/2922
f 2907/2907/2907 2925/2925/2925 2926/2926/2926
f 2926/2926/2926 2908/2908/2908 2907/2907/2907
f 2735/2735/2735 2730/2730/2730 2908/2908/2908
f 2908/2908/2908 2927/2927/2927 2735/2735/2735
f 2915/2915/2915 2914/2914/2914 2928/2928/2928
f 2928/2928/2928 2929/2929/2929 2915/2915/2915
f 2928/2928/2928 2914/2914/2914 2918/2918/2918
f 2918/2918/2918 2930/2930/2930 2928/2928/2928
f 2923/2923/2923 2911/2911/2911 2931/2931/2931
f 2931/2931/2931 2932/2932/2932 2923/2923/2923
f 2927/2927/2927 2803/2803/2803 2674/2674/2674
f 2674/2674/2674 2735/2735/2735 2927/2927/2927
f 2931/2931/2931 2933/2933/2933 2804/2804/2804
f 2804/2804/2804 2806/2806/2806 2931/2931/2931
f 2929/2929/2929 2928/2928/2928 2807/2807/2807
f 2807/2807/2807 2808/2808/2808 2929/2929/2929
f 2928/2928/2928 2930/2930/2930 2809/2809/2809
f 2809/2809/2809 2807/2807/2807 2928/2928/2928
f 2934/2934/2934 2935/2935/2935 2810/2810/2810
f 2810/2810/2810 2813/2813/2813 2934/2934/2934
f 2932/2932/2932 2931/2931/2931 2806/2806/2806
f 2806/2806/2806 2814/2814/2814 2932/2932/2932
f 2815/2815/2815 2936/2936/2936 2932/2932/2932
f 2932/2932/2932 2814/2814/2814 2815/2815/2815
f 2935/2935/2935 2929/2929/2929 2808/2808/2808
f 2808/2808/2808 2810/2810/2810 2935/2935/2935
f 2933/2933/2933 2934/2934/2934 2813/2813/2813
f 2813/2813/2813 2804/2804/2804 2933/2933/2933
f 2803/2803/2803 2927/2927/2927 2936/2936/2936
f 2936/2936/2936 2815/2815/2815 2803/2803/2803
f 2933/2933/2933 2931/2931/2931 2911/2911/2911
f 2911/2911/2911 2910/2910/2910 2933/2933/2933
f 2920/2920/2920 2935/2935/2935 2934/2934/2934
f 2934/2934/2934 2921/2921/2921 2920/2920/2920
f 2923/2923/2923 2932/2932/2932 2936/2936/2936
f 2936/2936/2936 2926/2926/2926 2923/2923/2923
f 2929/2929/2929 2935/2935/2935 2920/2920/2920
f 2920/2920/2920 2915/2915/2915 2929/2929/2929
f 2921/2921/2921 2934/2934/2934 2933/2933/2933
f 2933/2933/2933 2910/2910/2910 2921/2921/2921
f 2936/2936/2936 2927/2927/2927 2908/2908/2908
f 2908/2908/2908 2926/2926/2926 2936/2936/2936
f 2937/2937/2937 2907/2907/2907 2729/2729/2729
f 2729/2729/2729 2740/2740/2740 2937/2937/2937
f 2938/2938/2938 2939/2939/2939 2909/2909/2909
f 2909/2909/2909 2912/2912/2912 2938/2938/2938
f 2940/2940/2940 2941/2941/2941 2913/2913/2913
f 2913/2913/2913 2916/2916/2916 2940/2940/2940
f 2941/2941/2941 2942/2942/2942 2917/2917/2917
f 2917/2917/2917 2913/2913/2913 2941/2941/2941
f 2943/2943/2943 2944/2944/2944 2919/2919/2919
f 2919/2919/2919 2922/2922/2922 2943/2943/2943
f 2945/2945/2945 2938/2938/2938 2912/2912/2912
f 2912/2912/2912 2924/2924/2924 2945/2945/2945
f 2925/2925/2925 2946/2946/2946 2945/2945/2945
f 2945/2945/2945 2924/2924/2924 2925/2925/2925
f 2944/2944/2944 2940/2940/2940 2916/2916/2916
f 2916/2916/2916 2919/2919/2919 2944/2944/2944
f 2939/2939/2939 2943/2943/2943 2922/2922/2922
f 2922/2922/2922 2909/2909/2909 2939/2939/2939
f 2907/2907/2907 2937/2937/2937 2946/2946/2946
f 2946/2946/2946 2925/2925/2925 2907/2907/2907
f 2740/2740/2740 2751/2751/2751 2947/2947/2947
f 2947/2947/2947 2937/2937/2937 2740/2740/2740
f 2940/2940/2940 2948/2948/2948 2949/2949/2949
f 2949/2949/2949 2941/2941/2941 2940/2940/2940
f 2941/2941/2941 2949/2949/2949 2950/2950/2950
f 2950/2950/2950 2942/2942/2942 2941/2941/2941
f 2945/2945/2945 2951/2951/2951 2952/2952/2952
f 2952/2952/2952 2938/2938/2938 2945/2945/2945
f 2750/2750/2750 2953/2953/2953 2947/2947/2947
f 2947/2947/2947 2751/2751/2751 2750/2750/2750
f 2954/2954/2954 2955/2955/2955 2952/2952/2952
f 2952/2952/2952 2956/2956/2956 2954/2954/2954
f 2957/2957/2957 2949/2949/2949 2948/2948/2948
f 2948/2948/2948 2958/2958/2958 2957/2957/2957
f 2959/2959/2959 2950/2950/2950 2949/2949/2949
f 2949/2949/2949 2957/2957/2957 2959/2959/2959
f 2960/2960/2960 2961/2961/2961 2962/2962/2962
f 2962/2962/2962 2963/2963/2963 2960/2960/2960
f 2956/2956/2956 2952/2952/2952 2951/2951/2951
f 2951/2951/2951 2964/2964/2964 2956/2956/2956
f 2965/2965/2965 2964/2964/2964 2951/2951/2951
f 2951/2951/2951 2966/2966/2966 2965/2965/2965
f 2958/2958/2958 2948/2948/2948 2961/2961/2961
f 2961/2961/2961 2960/2960/2960 2958/2958/2958
f 2963/2963/2963 2962/2962/2962 2955/2955/2955
f 2955/2955/2955 2954/2954/2954 2963/2963/2963
f 2953/2953/2953 2965/2965/2965 2966/2966/2966
f 2966/2966/2966 2947/2947/2947 2953/2953/2953
f 2955/2955/2955 2939/2939/2939 2938/2938/2938
f 2938/2938/2938 2952/2952/2952 2955/2955/2955
f 2944/2944/2944 2943/2943/2943 2962/2962/2962
f 2962/2962/2962 2961/2961/2961 2944/2944/2944
f 2945/2945/2945 2946/2946/2946 2966/2966/2966
f 2966/2966/2966 2951/2951/2951 2945/2945/2945
f 2948/2948/2948 2940/2940/2940 2944/2944/2944
f 2944/2944/2944 2961/2961/2961 2948/2948/2948
f 2943/2943/2943 2939/2939/2939 2955/2955/2955
f 2955/2955/2955 2962/2962/2962 2943/2943/2943
f 2966/2966/2966 2946/2946/2946 2937/2937/2937
f 2937/2937/2937 2947/2947/2947 2966/2966/2966
f 2967/2967/2967 2968/2968/2968 2761/2761/2761
f 2761/2761/2761 2760/2760/2760 2967/2967/2967
f 2969/2969/2969 2970/2970/2970 2971/2971/2971
f 2971/2971/2971 2972/2972/2972 2969/2969/2969
f 2973/2973/2973 2974/2974/2974 2975/2975/2975
f 2975/2975/2975 2976/2976/2976 2973/2973/2973
f 2974/2974/2974 2977/2977/2977 2978/2978/2978
f 2978/2978/2978 2975/2975/2975 2974/2974/2974
f 2979/2979/2979 2980/2980/2980 2981/2981/2981
f 2981/2981/2981 2982/2982/2982 2979/2979/2979
f 2983/2983/2983 2969/2969/2969 2972/2972/2972
f 2972/2972/2972 2984/2984/2984 2983/2983/2983
f 2985/2985/2985 2986/2986/2986 2983/2983/2983
f 2983/2983/2983 2984/2984/2984 2985/2985/2985
f 2980/2980/2980 2973/2973/2973 2976/2976/2976
f 2976/2976/2976 2981/2981/2981 2980/2980/2980
f 2970/2970/2970 2979/2979/2979 2982/2982/2982
f 2982/2982/2982 2971/2971/2971 2970/2970/2970
f 2968/2968/2968 2967/2967/2967 2986/2986/2986
f 2986/2986/2986 2985/2985/2985 2968/2968/2968
f 2760/2760/2760 2766/2766/2766 2987/2987/2987
f 2987/2987/2987 2967/2967/2967 2760/2760/2760
f 2973/2973/2973 2988/2988/2988 2989/2989/2989
f 2989/2989/2989 2974/2974/2974 2973/2973/2973
f 2974/2974/2974 2989/2989/2989 2990/2990/2990
f 2990/2990/2990 2977/2977/2977 2974/2974/2974
f 2983/2983/2983 2991/2991/2991 2992/2992/2992
f 2992/2992/2992 2969/2969/2969 2983/2983/2983
f 2709/2709/2709 2873/2873/2873 2987/2987/2987
f 2987/2987/2987 2766/2766/2766 2709/2709/2709
f 2875/2875/2875 2993/2993/2993 2992/2992/2992
f 2992/2992/2992 2876/2876/2876 2875/2875/2875
f 2877/2877/2877 2989/2989/2989 2988/2988/2988
f 2988/2988/2988 2878/2878/2878 2877/2877/2877
f 2879/2879/2879 2990/2990/2990 2989/2989/2989
f 2989/2989/2989 2877/2877/2877 2879/2879/2879
f 2882/2882/2882 2994/2994/2994 2995/2995/2995
f 2995/2995/2995 2883/2883/2883 2882/2882/2882
f 2876/2876/2876 2992/2992/2992 2991/2991/2991
f 2991/2991/2991 2884/2884/2884 2876/2876/2876
f 2885/2885/2885 2884/2884/2884 2991/2991/2991
f 2991/2991/2991 2996/2996/2996 2885/2885/2885
f 2878/2878/2878 2988/2988/2988 2994/2994/2994
f 2994/2994/2994 2882/2882/2882 2878/2878/2878
f 2883/2883/2883 2995/2995/2995 2993/2993/2993
f 2993/2993/2993 2875/2875/2875 2883/2883/2883
f 2873/2873/2873 2885/2885/2885 2996/2996/2996
f 2996/2996/2996 2987/2987/2987 2873/2873/2873
f 2993/2993/2993 2970/2970/2970 2969/2969/2969
f 2969/2969/2969 2992/2992/2992 2993/2993/2993
f 2980/2980/2980 2979/2979/2979 2995/2995/2995
f 2995/2995/2995 2994/2994/2994 2980/2980/2980
f 2983/2983/2983 2986/2986/2986 2996/2996/2996
f 2996/2996/2996 2991/2991/2991 2983/2983/2983
f 2988/2988/2988 2973/2973/2973 2980/2980/2980
f 2980/2980/2980 2994/2994/2994 2988/2988/2988
f 2979/2979/2979 2970/2970/2970 2993/2993/2993
f 2993/2993/2993 2995/2995/2995 2979/2979/2979
f 2996/2996/2996 2986/2986/2986 2967/2967/2967
f 2967/2967/2967 2987/2987/2987 2996/2996/2996
f 2761/2761/2761 2968/2968/2968 2997/2997/2997
f 2997/2997/2997 2771/2771/2771 2761/2761/2761
f 2971/2971/2971 2998/2998/2998 2999/2999/2999
f 2999/2999/2999 2972/2972/2972 2971/2971/2971
f 2975/2975/2975 3000/3000/3000 3001/3001/3001
f 3001/3001/3001 2976/2976/2976 2975/2975/2975
f 2978/2978/2978 3002/3002/3002 3000/3000/3000
f 3000/3000/3000 2975/2975/2975 2978/2978/2978
f 2981/2981/2981 3003/3003/3003 3004/3004/3004
f 3004/3004/3004 2982/2982/2982 2981/2981/2981
f 2972/2972/2972 2999/2999/2999 3005/3005/3005
f 3005/3005/3005 2984/2984/2984 2972/2972/2972
f 2985/2985/2985 2984/2984/2984 3005/3005/3005
f 3005/3005/3005 3006/3006/3006 2985/2985/2985
f 2976/2976/2976 3001/3001/3001 3003/3003/3003
f 3003/3003/3003 2981/2981/2981 2976/2976/2976
f 2982/2982/2982 3004/3004/3004 2998/2998/2998
f 2998/2998/2998 2971/2971/2971 2982/2982/2982
f 2968/2968/2968 2985/2985/2985 3006/3006/3006
f 3006/3006/3006 2997/2997/2997 2968/2968/2968
f 2776/2776/2776 2771/2771/2771 2997/2997/2997
f 2997/2997/2997 3007/3007/3007 2776/2776/2776
f 3001/3001/3001 3000/3000/3000 3008/3008/3008
f 3008/3008/3008 3009/3009/3009 3001/3001/3001
f 3008/3008/3008 3000/3000/3000 3002/3002/3002
f 3002/3002/3002 3010/3010/3010 3008/3008/3008
f 3005/3005/3005 2999/2999/2999 3011/3011/3011
f 3011/3011/3011 3012/3012/3012 3005/3005/3005
f 3007/3007/3007 2953/2953/2953 2750/2750/2750
f 2750/2750/2750 2776/2776/2776 3007/3007/3007
f 3011/3011/3011 3013/3013/3013 2954/2954/2954
f 2954/2954/2954 2956/2956/2956 3011/3011/3011
f 3009/3009/3009 3008/3008/3008 2957/2957/2957
f 2957/2957/2957 2958/2958/2958 3009/3009/3009
f 3008/3008/3008 3010/3010/3010 2959/2959/2959
f 2959/2959/2959 2957/2957/2957 3008/3008/3008
f 3014/3014/3014 3015/3015/3015 2960/2960/2960
f 2960/2960/2960 2963/2963/2963 3014/3014/3014
f 3012/3012/3012 3011/3011/3011 2956/2956/2956
f 2956/2956/2956 2964/2964/2964 3012/3012/3012
f 2965/2965/2965 3016/3016/3016 3012/3012/3012
f 3012/3012/3012 2964/2964/2964 2965/2965/2965
f 3015/3015/3015 3009/3009/3009 2958/2958/2958
f 2958/2958/2958 2960/2960/2960 3015/3015/3015
f 3013/3013/3013 3014/3014/3014 2963/2963/2963
f 2963/2963/2963 2954/2954/2954 3013/3013/3013
f 2953/2953/2953 3007/3007/3007 3016/3016/3016
f 3016/3016/3016 2965/2965/2965 2953/2953/2953
f 3013/3013/3013 3011/3011/3011 2999/2999/2999
f 2999/2999/2999 2998/2998/2998 3013/3013/3013
f 3003/3003/3003 3015/3015/3015 3014/3014/3014
f 3014/3014/3014 3004/3004/3004 3003/3003/3003
f 3005/3005/3005 3012/3012/3012 3016/3016/3016
f 3016/3016/3016 3006/3006/3006 3005/3005/3005
f 3009/3009/3009 3015/3015/3015 3003/3003/3003
f 3003/3003/3003 3001/3001/3001 3009/3009/3009
f 3004/3004/3004 3014/3014/3014 3013/3013/3013
f 3013/3013/3013 2998/2998/2998 3004/3004/3004
f 3016/3016/3016 3007/3007/3007 2997/2997/2997
f 2997/2997/2997 3006/3006/3006 3016/3016/3016
f 3017/3017/3017 3018/3018/3018 3019/3019/3019
f 3020/3020/3020 2788/2788/2788 2787/2787/2787
f 2787/2787/2787 3023/3023/3023 3020/3020/3020
f 3023/3023/3023 2787/2787/2787 2800/2800/2800
f 2800/2800/2800 3025/3025/3025 3023/3023/3023
f 3025/3025/3025 2800/2800/2800 2809/2809/2809
f 2809/2809/2809 3027/3027/3027 3025/3025/3025
f 3027/3027/3027 2809/2809/2809 2930/2930/2930
f 2930/2930/2930 3028/3028/3028 3027/3027/3027
f 3028/3028/3028 2930/2930/2930 2918/2918/2918
f 2918/2918/2918 3030/3030/3030 3028/3028/3028
f 3030/3030/3030 2918/2918/2918 2917/2917/2917
f 2917/2917/2917 3033/3033/3033 3030/3030/3030
f 2942/2942/2942 3034/3034/3034 3033/3033/3033
f 3033/3033/3033 2917/2917/2917 2942/2942/2942
f 3034/3034/3034 2942/2942/2942 2950/2950/2950
f 2950/2950/2950 3036/3036/3036 3034/3034/3034
f 3036/3036/3036 2950/2950/2950 2959/2959/2959
f 2959/2959/2959 3039/3039/3039 3036/3036/3036
f 3039/3039/3039 2959/2959/2959 3010/3010/3010
f 3010/3010/3010 3041/3041/3041 3039/3039/3039
f 3041/3041/3041 3010/3010/3010 3002/3002/3002
f 3002/3002/3002 3044/3044/3044 3041/3041/3041
f 3044/3044/3044 3002/3002/3002 2978/2978/2978
f 2978/2978/2978 3045/3045/3045 3044/3044/3044
f 3045/3045/3045 2978/2978/2978 2977/2977/2977
f 2977/2977/2977 3047/3047/3047 3045/3045/3045
f 3047/3047/3047 2977/2977/2977 2990/2990/2990
f 2990/2990/2990 3049/3049/3049 3047/3047/3047
f 3049/3049/3049 2990/2990/2990 2879/2879/2879
f 2879/2879/2879 3051/3051/3051 3049/3049/3049
f 3051/3051/3051 2879/2879/2879 2870/2870/2870
f 2870/2870/2870 3053/3053/3053 3051/3051/3051
f 3053/3053/3053 2870/2870/2870 2858/2858/2858
f 2858/2858/2858 3056/3056/3056 3053/3053/3053
f 2858/2858/2858 2857/2857/2857 3057/3057/3057
f 3057/3057/3057 3056/3056/3056 2858/2858/2858
f 2892/2892/2892 3059/3059/3059 3057/3057/3057
f 3057/3057/3057 2857/2857/2857 2892/2892/2892
f 3059/3059/3059 2892/2892/2892 2900/2900/2900
f 2900/2900/2900 3061/3061/3061 3059/3059/3059
f 3061/3061/3061 2900/2900/2900 2839/2839/2839
f 2839/2839/2839 3065/3065/3065 3061/3061/3061
f 3065/3065/3065 2839/2839/2839 2830/2830/2830
f 2830/2830/2830 3067/3067/3067 3065/3065/3065
f 3067/3067/3067 2830/2830/2830 2822/2822/2822
f 2822/2822/2822 3069/3069/3069 3067/3067/3067
f 3069/3069/3069 2822/2822/2822 2788/2788/2788
f 2788/2788/2788 3020/3020/3020 3069/3069/3069
f 3071/3071/3071 3021/3021/3021 3022/3022/3022
f 3022/3022/3022 3073/3073/3073 3071/3071/3071
f 3073/3073/3073 3022/3022/3022 3024/3024/3024
f 3024/3024/3024 3075/3075/3075 3073/3073/3073
f 3075/3075/3075 3024/3024/3024 3026/3026/3026
f 3026/3026/3026 3077/3077/3077 3075/3075/3075
f 3077/3077/3077 3026/3026/3026 3029/3029/3029
f 3029/3029/3029 3078/3078/3078 3077/3077/3077
f 3078/3078/3078 3029/3029/3029 3031/3031/3031
f 3031/3031/3031 3080/3080/3080 3078/3078/3078
f 3080/3080/3080 3031/3031/3031 3032/3032/3032
f 3032/3032/3032 3083/3083/3083 3080/3080/3080
f 3035/3035/3035 3085/3085/3085 3083/3083/3083
f 3083/3083/3083 3032/3032/3032 3035/3035/3035
f 3085/3085/3085 3035/3035/3035 3038/3038/3038
f 3038/3038/3038 3087/3087/3087 3085/3085/3085
f 3086/3086/3086 3037/3037/3037 3040/3040/3040
f 3040/3040/3040 3089/3089/3089 3086/3086/3086
f 3089/3089/3089 3040/3040/3040 3042/3042/3042
f 3042/3042/3042 3091/3091/3091 3089/3089/3089
f 3091/3091/3091 3042/3042/3042 3043/3043/3043
f 3043/3043/3043 3093/3093/3093 3091/3091/3091
f 3093/3093/3093 3043/3043/3043 3046/3046/3046
f 3046/3046/3046 3095/3095/3095 3093/3093/3093
f 3095/3095/3095 3046/3046/3046 3048/3048/3048
f 3048/3048/3048 3098/3098/3098 3095/3095/3095
f 3098/3098/3098 3048/3048/3048 3050/3050/3050
f 3050/3050/3050 3099/3099/3099 3098/3098/3098
f 3099/3099/3099 3050/3050/3050 3052/3052/3052
f 3052/3052/3052 3101/3101/3101 3099/3099/3099
f 3101/3101/3101 3052/3052/3052 3054/3054/3054
f 3054/3054/3054 3103/3103/3103 3101/3101/3101
f 3103/3103/3103 3054/3054/3054 3055/3055/3055
f 3055/3055/3055 3105/3105/3105 3103/3103/3103
f 3058/3058/3058 3107/3107/3107 3105/3105/3105
f 3105/3105/3105 3055/3055/3055 3058/3058/3058
f 3058/3058/3058 3060/3060/3060 3109/3109/3109
f 3109/3109/3109 3107/3107/3107 3058/3058/3058
f 3109/3109/3109 3060/3060/3060 3063/3063/3063
f 3063/3063/3063 3111/3111/3111 3109/3109/3109
f 3112/3112/3112 3062/3062/3062 3064/3064/3064
f 3064/3064/3064 3114/3114/3114 3112/3112/3112
f 3114/3114/3114 3064/3064/3064 3066/3066/3066
f 3066/3066/3066 3116/3116/3116 3114/3114/3114
f 3116/3116/3116 3066/3066/3066 3068/3068/3068
f 3068/3068/3068 3119/3119/3119 3116/3116/3116
f 3119/3119/3119 3068/3068/3068 3021/3021/3021
f 3021/3021/3021 3071/3071/3071 3119/3119/3119
f 3120/3120/3120 3070/3070/3070 3072/3072/3072
f 3072/3072/3072 3121/3121/3121 3120/3120/3120
f 3121/3121/3121 3072/3072/3072 3074/3074/3074
f 3074/3074/3074 3122/3122/3122 3121/3121/3121
f 3122/3122/3122 3074/3074/3074 3076/3076/3076
f 3076/3076/3076 3123/3123/3123 3122/3122/3122
f 3123/3123/3123 3076/3076/3076 3079/3079/3079
f 3079/3079/3079 3124/3124/3124 3123/3123/3123
f 3124/3124/3124 3079/3079/3079 3081/3081/3081
f 3081/3081/3081 3125/3125/3125 3124/3124/3124
f 3125/3125/3125 3081/3081/3081 3082/3082/3082
f 3082/3082/3082 3126/3126/3126 3125/3125/3125
f 3084/3084/3084 3127/3127/3127 3126/3126/3126
f 3126/3126/3126 3082/3082/3082 3084/3084/3084
f 3127/3127/3127 3084/3084/3084 3088/3088/3088
f 3088/3088/3088 3128/3128/3128 3127/3127/3127
f 3129/3129/3129 3128/3128/3128 3088/3088/3088
f 3088/3088/3088 3090/3090/3090 3129/3129/3129
f 3130/3130/3130 3129/3129/3129 3090/3090/3090
f 3090/3090/3090 3092/3092/3092 3130/3130/3130
f 3130/3130/3130 3092/3092/3092 3094/3094/3094
f 3094/3094/3094 3131/3131/3131 3130/3130/3130
f 3131/3131/3131 3094/3094/3094 3096/3096/3096
f 3096/3096/3096 3132/3132/3132 3131/3131/3131
f 3133/3133/3133 3097/3097/3097 3100/3100/3100
f 3100/3100/3100 3134/3134/3134 3133/3133/3133
f 3134/3134/3134 3100/3100/3100 3102/3102/3102
f 3102/3102/3102 3135/3135/3135 3134/3134/3134
f 3135/3135/3135 3102/3102/3102 3104/3104/3104
f 3104/3104/3104 3136/3136/3136 3135/3135/3135
f 3136/3136/3136 3104/3104/3104 3106/3106/3106
f 3106/3106/3106 3137/3137/3137 3136/3136/3136
f 3137/3137/3137 3106/3106/3106 3108/3108/3108
f 3108/3108/3108 3138/3138/3138 3137/3137/3137
f 3138/3138/3138 3108/3108/3108 3110/3110/3110
f 3110/3110/3110 3139/3139/3139 3138/3138/3138
f 3139/3139/3139 3110/3110/3110 3113/3113/3113
f 3113/3113/3113 3140/3140/3140 3139/3139/3139
f 3140/3140/3140 3113/3113/3113 3115/3115/3115
f 3115/3115/3115 3141/3141/3141 3140/3140/3140
f 3141/3141/3141 3115/3115/3115 3117/3117/3117
f 3117/3117/3117 3142/3142/3142 3141/3141/3141
f 3142/3142/3142 3117/3117/3117 3118/3118/3118
f 3118/3118/3118 3143/3143/3143 3142/3142/3142
f 3143/3143/3143 3118/3118/3118 3070/3070/3070
f 3070/3070/3070 3120/3120/3120 3143/3143/3143
f 3018/3018/3018 3144/3144/3144 3145/3145/3145
f 3132/3132/3132 3096/3096/3096 3097/3097/3097
f 3097/3097/3097 3133/3133/3133 3132/3132/3132
f 3146/3146/3146 3018/3018/3018 3145/3145/3145
f 3018/3018/3018 3147/3147/3147 3148/3148/3148
f 3019/3019/3019 3018/3018/3018 3148/3148/3148
f 3018/3018/3018 3149/3149/3149 3144/3144/3144
f 3017/3017/3017 3149/3149/3149 3018/3018/3018
f 3018/3018/3018 3146/3146/3146 3147/3147/3147
f 3149/3149/3149 3120/3120/3120 3121/3121/3121
f 3149/3149/3149 3121/3121/3121 3122/3122/3122
f 3122/3122/3122 3144/3144/3144 3149/3149/3149
f 3144/3144/3144 3122/3122/3122 3123/3123/3123
f 3144/3144/3144 3123/3123/3123 3124/3124/3124
f 3144/3144/3144 3124/3124/3124 3125/3125/3125
f 3125/3125/3125 3145/3145/3145 3144/3144/3144
f 3145/3145/3145 3125/3125/3125 3126/3126/3126
f 3145/3145/3145 3126/3126/3126 3127/3127/3127
f 3145/3145/3145 3127/3127/3127 3128/3128/3128
f 3128/3128/3128 3146/3146/3146 3145/3145/3145
f 3146/3146/3146 3128/3128/3128 3129/3129/3129
f 3146/3146/3146 3129/3129/3129 3130/3130/3130
f 3146/3146/3146 3130/3130/3130 3131/3131/3131
f 3131/3131/3131 3147/3147/3147 3146/3146/3146
f 3147/3147/3147 3131/3131/3131 3132/3132/3132
f 3147/3147/3147 3132/3132/3132 3133/3133/3133
f 3147/3147/3147 3133/3133/3133 3134/3134/3134
f 3134/3134/3134 3148/3148/3148 3147/3147/3147
f 3148/3148/3148 3134/3134/3134 3135/3135/3135
f 3148/3148/3148 3135/3135/3135 3136/3136/3136
f 3148/3148/3148 3136/3136/3136 3137/3137/3137
f 3137/3137/3137 3019/3019/3019 3148/3148/3148
f 3019/3019/3019 3137/3137/3137 3138/3138/3138
f 3019/3019/3019 3138/3138/3138 3139/3139/3139
f 3019/3019/3019 3139/3139/3139 3140/3140/3140
f 3140/3140/3140 3017/3017/3017 3019/3019/3019
f 3017/3017/3017 3140/3140/3140 3141/3141/3141
f 3017/3017/3017 3141/3141/3141 3142/3142/3142
f 3017/3017/3017 3142/3142/3142 3143/3143/3143
f 3143/3143/3143 3149/3149/3149 3017/3017/3017
f 3149/3149/3149 3143/3143/3143 3120/3120/3120
f 3150/3150/3150 3151/3151/3151 3152/3152/3152
f 3152/3152/3152 3153/3153/3153 3150/3150/3150
f 3154/3154/3154 3155/3155/3155 3156/3156/3156
f 3156/3156/3156 3157/3157/3157 3154/3154/3154
f 2659/2659/2659 3158/3158/3158 3159/3159/3159
f 3159/3159/3159 2666/2666/2666 2659/2659/2659
f 3160/3160/3160 3161/3161/3161 3152/3152/3152
f 3152/3152/3152 3151/3151/3151 3160/3160/3160
f 3162/3162/3162 3163/3163/3163 3164/3164/3164
f 3164/3164/3164 3165/3165/3165 3162/3162/3162
f 3166/3166/3166 3167/3167/3167 3150/3150/3150
f 3150/3150/3150 3153/3153/3153 3166/3166/3166
f 3163/3163/3163 3162/3162/3162 3168/3168/3168
f 3168/3168/3168 3169/3169/3169 3163/3163/3163
f 3159/3159/3159 3158/3158/3158 3169/3169/3169
f 3169/3169/3169 3168/3168/3168 3159/3159/3159
f 3150/3150/3150 3167/3167/3167 3170/3170/3170
f 3170/3170/3170 3171/3171/3171 3150/3150/3150
f 3151/3151/3151 3150/3150/3150 3171/3171/3171
f 3171/3171/3171 3172/3172/3172 3151/3151/3151
f 3173/3173/3173 3156/3156/3156 3155/3155/3155
f 3155/3155/3155 3174/3174/3174 3173/3173/3173
f 3162/3162/3162 3175/3175/3175 3176/3176/3176
f 3176/3176/3176 3168/3168/3168 3162/3162/3162
f 3151/3151/3151 3172/3172/3172 3177/3177/3177
f 3177/3177/3177 3160/3160/3160 3151/3151/3151
f 3178/3178/3178 3159/3159/3159 3168/3168/3168
f 3168/3168/3168 3176/3176/3176 3178/3178/3178
f 3159/3159/3159 3178/3178/3178 2671/2671/2671
f 2671/2671/2671 2666/2666/2666 3159/3159/3159
f 3175/3175/3175 3162/3162/3162 3165/3165/3165
f 3165/3165/3165 3179/3179/3179 3175/3175/3175
f 3180/3180/3180 3166/3166/3166 3153/3153/3153
f 3153/3153/3153 3181/3181/3181 3180/3180/3180
f 3181/3181/3181 3153/3153/3153 3152/3152/3152
f 3152/3152/3152 3182/3182/3182 3181/3181/3181
f 3154/3154/3154 3157/3157/3157 3183/3183/3183
f 3183/3183/3183 3184/3184/3184 3154/3154/3154
f 3169/3169/3169 3185/3185/3185 3186/3186/3186
f 3186/3186/3186 3163/3163/3163 3169/3169/3169
f 3161/3161/3161 3187/3187/3187 3182/3182/3182
f 3182/3182/3182 3152/3152/3152 3161/3161/3161
f 3169/3169/3169 3158/3158/3158 3188/3188/3188
f 3188/3188/3188 3185/3185/3185 3169/3169/3169
f 2659/2659/2659 2658/2658/2658 3188/3188/3188
f 3188/3188/3188 3158/3158/3158 2659/2659/2659
f 3164/3164/3164 3163/3163/3163 3186/3186/3186
f 3186/3186/3186 3189/3189/3189 3164/3164/3164
f 3190/3190/3190 3191/3191/3191 3192/3192/3192
f 3192/3192/3192 3193/3193/3193 3190/3190/3190
f 3194/3194/3194 3195/3195/3195 3196/3196/3196
f 3196/3196/3196 3197/3197/3197 3194/3194/3194
f 3198/3198/3198 3199/3199/3199 2676/2676/2676
f 2676/2676/2676 2681/2681/2681 3198/3198/3198
f 3190/3190/3190 3200/3200/3200 3201/3201/3201
f 3201/3201/3201 3191/3191/3191 3190/3190/3190
f 3202/3202/3202 3203/3203/3203 3204/3204/3204
f 3204/3204/3204 3205/3205/3205 3202/3202/3202
f 3192/3192/3192 3206/3206/3206 3207/3207/3207
f 3207/3207/3207 3193/3193/3193 3192/3192/3192
f 3208/3208/3208 3204/3204/3204 3203/3203/3203
f 3203/3203/3203 3209/3209/3209 3208/3208/3208
f 3209/3209/3209 3199/3199/3199 3198/3198/3198
f 3198/3198/3198 3208/3208/3208 3209/3209/3209
f 3192/3192/3192 3210/3210/3210 3211/3211/3211
f 3211/3211/3211 3206/3206/3206 3192/3192/3192
f 3191/3191/3191 3212/3212/3212 3210/3210/3210
f 3210/3210/3210 3192/3192/3192 3191/3191/3191
f 3213/3213/3213 3214/3214/3214 3195/3195/3195
f 3195/3195/3195 3194/3194/3194 3213/3213/3213
f 3215/3215/3215 3216/3216/3216 3204/3204/3204
f 3204/3204/3204 3208/3208/3208 3215/3215/3215
f 3217/3217/3217 3212/3212/3212 3191/3191/3191
f 3191/3191/3191 3201/3201/3201 3217/3217/3217
f 3218/3218/3218 3215/3215/3215 3208/3208/3208
f 3208/3208/3208 3198/3198/3198 3218/3218/3218
f 2684/2684/2684 3218/3218/3218 3198/3198/3198
f 3198/3198/3198 2681/2681/2681 2684/2684/2684
f 3216/3216/3216 3219/3219/3219 3205/3205/3205
f 3205/3205/3205 3204/3204/3204 3216/3216/3216
f 3180/3180/3180 3181/3181/3181 3193/3193/3193
f 3193/3193/3193 3207/3207/3207 3180/3180/3180
f 3181/3181/3181 3182/3182/3182 3190/3190/3190
f 3190/3190/3190 3193/3193/3193 3181/3181/3181
f 3196/3196/3196 3184/3184/3184 3183/3183/3183
f 3183/3183/3183 3197/3197/3197 3196/3196/3196
f 3186/3186/3186 3185/3185/3185 3209/3209/3209
f 3209/3209/3209 3203/3203/3203 3186/3186/3186
f 3182/3182/3182 3187/3187/3187 3200/3200/3200
f 3200/3200/3200 3190/3190/3190 3182/3182/3182
f 3209/3209/3209 3185/3185/3185 3188/3188/3188
f 3188/3188/3188 3199/3199/3199 3209/3209/3209
f 3188/3188/3188 2658/2658/2658 2676/2676/2676
f 2676/2676/2676 3199/3199/3199 3188/3188/3188
f 3202/3202/3202 3189/3189/3189 3186/3186/3186
f 3186/3186/3186 3203/3203/3203 3202/3202/3202
f 3220/3220/3220 3221/3221/3221 3222/3222/3222
f 3222/3222/3222 3223/3223/3223 3220/3220/3220
f 3224/3224/3224 3225/3225/3225 3226/3226/3226
f 3226/3226/3226 3227/3227/3227 3224/3224/3224
f 3228/3228/3228 3229/3229/3229 2695/2695/2695
f 2695/2695/2695 2700/2700/2700 3228/3228/3228
f 3220/3220/3220 3230/3230/3230 3231/3231/3231
f 3231/3231/3231 3221/3221/3221 3220/3220/3220
f 3232/3232/3232 3233/3233/3233 3234/3234/3234
f 3234/3234/3234 3235/3235/3235 3232/3232/3232
f 3222/3222/3222 3236/3236/3236 3237/3237/3237
f 3237/3237/3237 3223/3223/3223 3222/3222/3222
f 3238/3238/3238 3234/3234/3234 3233/3233/3233
f 3233/3233/3233 3239/3239/3239 3238/3238/3238
f 3239/3239/3239 3229/3229/3229 3228/3228/3228
f 3228/3228/3228 3238/3238/3238 3239/3239/3239
f 3240/3240/3240 3236/3236/3236 3222/3222/3222
f 3222/3222/3222 3241/3241/3241 3240/3240/3240
f 3241/3241/3241 3222/3222/3222 3221/3221/3221
f 3221/3221/3221 3242/3242/3242 3241/3241/3241
f 3243/3243/3243 3244/3244/3244 3225/3225/3225
f 3225/3225/3225 3224/3224/3224 3243/3243/3243
f 3234/3234/3234 3238/3238/3238 3245/3245/3245
f 3245/3245/3245 3246/3246/3246 3234/3234/3234
f 3221/3221/3221 3231/3231/3231 3247/3247/3247
f 3247/3247/3247 3242/3242/3242 3221/3221/3221
f 3248/3248/3248 3245/3245/3245 3238/3238/3238
f 3238/3238/3238 3228/3228/3228 3248/3248/3248
f 3228/3228/3228 2700/2700/2700 2706/2706/2706
f 2706/2706/2706 3248/3248/3248 3228/3228/3228
f 3246/3246/3246 3249/3249/3249 3235/3235/3235
f 3235/3235/3235 3234/3234/3234 3246/3246/3246
f 3250/3250/3250 3251/3251/3251 3223/3223/3223
f 3223/3223/3223 3237/3237/3237 3250/3250/3250
f 3251/3251/3251 3252/3252/3252 3220/3220/3220
f 3220/3220/3220 3223/3223/3223 3251/3251/3251
f 3226/3226/3226 3253/3253/3253 3254/3254/3254
f 3254/3254/3254 3227/3227/3227 3226/3226/3226
f 3255/3255/3255 3256/3256/3256 3239/3239/3239
f 3239/3239/3239 3233/3233/3233 3255/3255/3255
f 3252/3252/3252 3257/3257/3257 3230/3230/3230
f 3230/3230/3230 3220/3220/3220 3252/3252/3252
f 3239/3239/3239 3256/3256/3256 3258/3258/3258
f 3258/3258/3258 3229/3229/3229 3239/3239/3239
f 3258/3258/3258 2691/2691/2691 2695/2695/2695
f 2695/2695/2695 3229/3229/3229 3258/3258/3258
f 3232/3232/3232 3259/3259/3259 3255/3255/3255
f 3255/3255/3255 3233/3233/3233 3232/3232/3232
f 3260/3260/3260 3262/3262/3262 3264/3264/3264
f 3264/3264/3264 3265/3265/3265 3260/3260/3260
f 3266/3266/3266 3267/3267/3267 3269/3269/3269
f 3269/3269/3269 3271/3271/3271 3266/3266/3266
f 2712/2712/2712 3272/3272/3272 3273/3273/3273
f 3273/3273/3273 2715/2715/2715 2712/2712/2712
f 3275/3275/3275 3277/3277/3277 3264/3264/3264
f 3264/3264/3264 3262/3262/3262 3275/3275/3275
f 3278/3278/3278 3280/3280/3280 3281/3281/3281
f 3281/3281/3281 3283/3283/3283 3278/3278/3278
f 3284/3284/3284 3286/3286/3286 3260/3260/3260
f 3260/3260/3260 3265/3265/3265 3284/3284/3284
f 3280/3280/3280 3278/3278/3278 3287/3287/3287
f 3287/3287/3287 3289/3289/3289 3280/3280/3280
f 3273/3273/3273 3272/3272/3272 3289/3289/3289
f 3289/3289/3289 3287/3287/3287 3273/3273/3273
f 3261/3261/3261 3285/3285/3285 3211/3211/3211
f 3211/3211/3211 3210/3210/3210 3261/3261/3261
f 3263/3263/3263 3261/3261/3261 3210/3210/3210
f 3210/3210/3210 3212/3212/3212 3263/3263/3263
f 3213/3213/3213 3270/3270/3270 3268/3268/3268
f 3268/3268/3268 3214/3214/3214 3213/3213/3213
f 3279/3279/3279 3216/3216/3216 3215/3215/3215
f 3215/3215/3215 3288/3288/3288 3279/3279/3279
f 3263/3263/3263 3212/3212/3212 3217/3217/3217
f 3217/3217/3217 3276/3276/3276 3263/3263/3263
f 3218/3218/3218 3274/3274/3274 3288/3288/3288
f 3288/3288/3288 3215/3215/3215 3218/3218/3218
f 3274/3274/3274 3218/3218/3218 2684/2684/2684
f 2684/2684/2684 2717/2717/2717 3274/3274/3274
f 3216/3216/3216 3279/3279/3279 3282/3282/3282
f 3282/3282/3282 3219/3219/3219 3216/3216/3216
f 3250/3250/3250 3284/3284/3284 3265/3265/3265
f 3265/3265/3265 3251/3251/3251 3250/3250/3250
f 3251/3251/3251 3265/3265/3265 3264/3264/3264
f 3264/3264/3264 3252/3252/3252 3251/3251/3251
f 3266/3266/3266 3271/3271/3271 3254/3254/3254
f 3254/3254/3254 3253/3253/3253 3266/3266/3266
f 3289/3289/3289 3256/3256/3256 3255/3255/3255
f 3255/3255/3255 3280/3280/3280 3289/3289/3289
f 3277/3277/3277 3257/3257/3257 3252/3252/3252
f 3252/3252/3252 3264/3264/3264 3277/3277/3277
f 3289/3289/3289 3272/3272/3272 3258/3258/3258
f 3258/3258/3258 3256/3256/3256 3289/3289/3289
f 2712/2712/2712 2691/2691/2691 3258/3258/3258
f 3258/3258/3258 3272/3272/3272 2712/2712/2712
f 3281/3281/3281 3280/3280/3280 3255/3255/3255
f 3255/3255/3255 3259/3259/3259 3281/3281/3281
f 3290/3290/3290 3291/3291/3291 3292/3292/3292
f 3292/3292/3292 3293/3293/3293 3290/3290/3290
f 3294/3294/3294 3295/3295/3295 3296/3296/3296
f 3296/3296/3296 3297/3297/3297 3294/3294/3294
f 3298/3298/3298 3299/3299/3299 2725/2725/2725
f 2725/2725/2725 2731/2731/2731 3298/3298/3298
f 3290/3290/3290 3300/3300/3300 3301/3301/3301
f 3301/3301/3301 3291/3291/3291 3290/3290/3290
f 3302/3302/3302 3303/3303/3303 3304/3304/3304
f 3304/3304/3304 3305/3305/3305 3302/3302/3302
f 3292/3292/3292 3306/3306/3306 3307/3307/3307
f 3307/3307/3307 3293/3293/3293 3292/3292/3292
f 3308/3308/3308 3304/3304/3304 3303/3303/3303
f 3303/3303/3303 3309/3309/3309 3308/3308/3308
f 3309/3309/3309 3299/3299/3299 3298/3298/3298
f 3298/3298/3298 3308/3308/3308 3309/3309/3309
f 3292/3292/3292 3171/3171/3171 3170/3170/3170
f 3170/3170/3170 3306/3306/3306 3292/3292/3292
f 3291/3291/3291 3172/3172/3172 3171/3171/3171
f 3171/3171/3171 3292/3292/3292 3291/3291/3291
f 3173/3173/3173 3174/3174/3174 3295/3295/3295
f 3295/3295/3295 3294/3294/3294 3173/3173/3173
f 3176/3176/3176 3175/3175/3175 3304/3304/3304
f 3304/3304/3304 3308/3308/3308 3176/3176/3176
f 3177/3177/3177 3172/3172/3172 3291/3291/3291
f 3291/3291/3291 3301/3301/3301 3177/3177/3177
f 3178/3178/3178 3176/3176/3176 3308/3308/3308
f 3308/3308/3308 3298/3298/3298 3178/3178/3178
f 2671/2671/2671 3178/3178/3178 3298/3298/3298
f 3298/3298/3298 2731/2731/2731 2671/2671/2671
f 3175/3175/3175 3179/3179/3179 3305/3305/3305
f 3305/3305/3305 3304/3304/3304 3175/3175/3175
f 3310/3310/3310 3311/3311/3311 3293/3293/3293
f 3293/3293/3293 3307/3307/3307 3310/3310/3310
f 3311/3311/3311 3312/3312/3312 3290/3290/3290
f 3290/3290/3290 3293/3293/3293 3311/3311/3311
f 3296/3296/3296 3313/3313/3313 3314/3314/3314
f 3314/3314/3314 3297/3297/3297 3296/3296/3296
f 3315/3315/3315 3316/3316/3316 3309/3309/3309
f 3309/3309/3309 3303/3303/3303 3315/3315/3315
f 3312/3312/3312 3317/3317/3317 3300/3300/3300
f 3300/3300/3300 3290/3290/3290 3312/3312/3312
f 3309/3309/3309 3316/3316/3316 3318/3318/3318
f 3318/3318/3318 3299/3299/3299 3309/3309/3309
f 3318/3318/3318 2722/2722/2722 2725/2725/2725
f 2725/2725/2725 3299/3299/3299 3318/3318/3318
f 3302/3302/3302 3319/3319/3319 3315/3315/3315
f 3315/3315/3315 3303/3303/3303 3302/3302/3302
f 3321/3321/3321 3323/3323/3323 3324/3324/3324
f 3324/3324/3324 3325/3325/3325 3321/3321/3321
f 3326/3326/3326 3327/3327/3327 3330/3330/3330
f 3330/3330/3330 3331/3331/3331 3326/3326/3326
f 2738/2738/2738 3332/3332/3332 3334/3334/3334
f 3334/3334/3334 2742/2742/2742 2738/2738/2738
f 3336/3336/3336 3337/3337/3337 3324/3324/3324
f 3324/3324/3324 3323/3323/3323 3336/3336/3336
f 3339/3339/3339 3340/3340/3340 3341/3341/3341
f 3341/3341/3341 3343/3343/3343 3339/3339/3339
f 3344/3344/3344 3346/3346/3346 3321/3321/3321
f 3321/3321/3321 3325/3325/3325 3344/3344/3344
f 3340/3340/3340 3339/3339/3339 3348/3348/3348
f 3348/3348/3348 3349/3349/3349 3340/3340/3340
f 3334/3334/3334 3332/3332/3332 3349/3349/3349
f 3349/3349/3349 3348/3348/3348 3334/3334/3334
f 3320/3320/3320 3345/3345/3345 3350/3350/3350
f 3350/3350/3350 3351/3351/3351 3320/3320/3320
f 3322/3322/3322 3320/3320/3320 3351/3351/3351
f 3351/3351/3351 3352/3352/3352 3322/3322/3322
f 3353/3353/3353 3329/3329/3329 3328/3328/3328
f 3328/3328/3328 3354/3354/3354 3353/3353/3353
f 3338/3338/3338 3355/3355/3355 3356/3356/3356
f 3356/3356/3356 3347/3347/3347 3338/3338/3338
f 3322/3322/3322 3352/3352/3352 3357/3357/3357
f 3357/3357/3357 3335/3335/3335 3322/3322/3322
f 3358/3358/3358 3333/3333/3333 3347/3347/3347
f 3347/3347/3347 3356/3356/3356 3358/3358/3358
f 3333/3333/3333 3358/3358/3358 2747/2747/2747
f 2747/2747/2747 2743/2743/2743 3333/3333/3333
f 3355/3355/3355 3338/3338/3338 3342/3342/3342
f 3342/3342/3342 3359/3359/3359 3355/3355/3355
f 3310/3310/3310 3344/3344/3344 3325/3325/3325
f 3325/3325/3325 3311/3311/3311 3310/3310/3310
f 3311/3311/3311 3325/3325/3325 3324/3324/3324
f 3324/3324/3324 3312/3312/3312 3311/3311/3311
f 3326/3326/3326 3331/3331/3331 3314/3314/3314
f 3314/3314/3314 3313/3313/3313 3326/3326/3326
f 3349/3349/3349 3316/3316/3316 3315/3315/3315
f 3315/3315/3315 3340/3340/3340 3349/3349/3349
f 3337/3337/3337 3317/3317/3317 3312/3312/3312
f 3312/3312/3312 3324/3324/3324 3337/3337/3337
f 3349/3349/3349 3332/3332/3332 3318/3318/3318
f 3318/3318/3318 3316/3316/3316 3349/3349/3349
f 2738/2738/2738 2722/2722/2722 3318/3318/3318
f 3318/3318/3318 3332/3332/3332 2738/2738/2738
f 3341/3341/3341 3340/3340/3340 3315/3315/3315
f 3315/3315/3315 3319/3319/3319 3341/3341/3341
f 3360/3360/3360 3361/3361/3361 3362/3362/3362
f 3362/3362/3362 3363/3363/3363 3360/3360/3360
f 3364/3364/3364 3365/3365/3365 3366/3366/3366
f 3366/3366/3366 3367/3367/3367 3364/3364/3364
f 2756/2756/2756 3368/3368/3368 3369/3369/3369
f 3369/3369/3369 2762/2762/2762 2756/2756/2756
f 3370/3370/3370 3371/3371/3371 3362/3362/3362
f 3362/3362/3362 3361/3361/3361 3370/3370/3370
f 3372/3372/3372 3373/3373/3373 3374/3374/3374
f 3374/3374/3374 3375/3375/3375 3372/3372/3372
f 3376/3376/3376 3377/3377/3377 3360/3360/3360
f 3360/3360/3360 3363/3363/3363 3376/3376/3376
f 3373/3373/3373 3372/3372/3372 3378/3378/3378
f 3378/3378/3378 3379/3379/3379 3373/3373/3373
f 3369/3369/3369 3368/3368/3368 3379/3379/3379
f 3379/3379/3379 3378/3378/3378 3369/3369/3369
f 3240/3240/3240 3241/3241/3241 3360/3360/3360
f 3360/3360/3360 3377/3377/3377 3240/3240/3240
f 3241/3241/3241 3242/3242/3242 3361/3361/3361
f 3361/3361/3361 3360/3360/3360 3241/3241/3241
f 3243/3243/3243 3366/3366/3366 3365/3365/3365
f 3365/3365/3365 3244/3244/3244 3243/3243/3243
f 3245/3245/3245 3378/3378/3378 3372/3372/3372
f 3372/3372/3372 3246/3246/3246 3245/3245/3245
f 3247/3247/3247 3370/3370/3370 3361/3361/3361
f 3361/3361/3361 3242/3242/3242 3247/3247/3247
f 3248/3248/3248 3369/3369/3369 3378/3378/3378
f 3378/3378/3378 3245/3245/3245 3248/3248/3248
f 2706/2706/2706 2762/2762/2762 3369/3369/3369
f 3369/3369/3369 3248/3248/3248 2706/2706/2706
f 3246/3246/3246 3372/3372/3372 3375/3375/3375
f 3375/3375/3375 3249/3249/3249 3246/3246/3246
f 3380/3380/3380 3376/3376/3376 3363/3363/3363
f 3363/3363/3363 3381/3381/3381 3380/3380/3380
f 3381/3381/3381 3363/3363/3363 3362/3362/3362
f 3362/3362/3362 3382/3382/3382 3381/3381/3381
f 3364/3364/3364 3367/3367/3367 3383/3383/3383
f 3383/3383/3383 3384/3384/3384 3364/3364/3364
f 3379/3379/3379 3385/3385/3385 3386/3386/3386
f 3386/3386/3386 3373/3373/3373 3379/3379/3379
f 3371/3371/3371 3387/3387/3387 3382/3382/3382
f 3382/3382/3382 3362/3362/3362 3371/3371/3371
f 3379/3379/3379 3368/3368/3368 3388/3388/3388
f 3388/3388/3388 3385/3385/3385 3379/3379/3379
f 2756/2756/2756 2755/2755/2755 3388/3388/3388
f 3388/3388/3388 3368/3368/3368 2756/2756/2756
f 3374/3374/3374 3373/3373/3373 3386/3386/3386
f 3386/3386/3386 3389/3389/3389 3374/3374/3374
f 3390/3390/3390 3391/3391/3391 3392/3392/3392
f 3392/3392/3392 3393/3393/3393 3390/3390/3390
f 3394/3394/3394 3395/3395/3395 3396/3396/3396
f 3396/3396/3396 3397/3397/3397 3394/3394/3394
f 3398/3398/3398 3399/3399/3399 2769/2769/2769
f 2769/2769/2769 2772/2772/2772 3398/3398/3398
f 3390/3390/3390 3400/3400/3400 3401/3401/3401
f 3401/3401/3401 3391/3391/3391 3390/3390/3390
f 3402/3402/3402 3403/3403/3403 3404/3404/3404
f 3404/3404/3404 3405/3405/3405 3402/3402/3402
f 3392/3392/3392 3406/3406/3406 3407/3407/3407
f 3407/3407/3407 3393/3393/3393 3392/3392/3392
f 3408/3408/3408 3404/3404/3404 3403/3403/3403
f 3403/3403/3403 3409/3409/3409 3408/3408/3408
f 3409/3409/3409 3399/3399/3399 3398/3398/3398
f 3398/3398/3398 3408/3408/3408 3409/3409/3409
f 3392/3392/3392 3351/3351/3351 3350/3350/3350
f 3350/3350/3350 3406/3406/3406 3392/3392/3392
f 3391/3391/3391 3352/3352/3352 3351/3351/3351
f 3351/3351/3351 3392/3392/3392 3391/3391/3391
f 3353/3353/3353 3354/3354/3354 3395/3395/3395
f 3395/3395/3395 3394/3394/3394 3353/3353/3353
f 3356/3356/3356 3355/3355/3355 3404/3404/3404
f 3404/3404/3404 3408/3408/3408 3356/3356/3356
f 3357/3357/3357 3352/3352/3352 3391/3391/3391
f 3391/3391/3391 3401/3401/3401 3357/3357/3357
f 3358/3358/3358 3356/3356/3356 3408/3408/3408
f 3408/3408/3408 3398/3398/3398 3358/3358/3358
f 2747/2747/2747 3358/3358/3358 3398/3398/3398
f 3398/3398/3398 2772/2772/2772 2747/2747/2747
f 3355/3355/3355 3359/3359/3359 3405/3405/3405
f 3405/3405/3405 3404/3404/3404 3355/3355/3355
f 3380/3380/3380 3381/3381/3381 3393/3393/3393
f 3393/3393/3393 3407/3407/3407 3380/3380/3380
f 3381/3381/3381 3382/3382/3382 3390/3390/3390
f 3390/3390/3390 3393/3393/3393 3381/3381/3381
f 3396/3396/3396 3384/3384/3384 3383/3383/3383
f 3383/3383/3383 3397/3397/3397 3396/3396/3396
f 3386/3386/3386 3385/3385/3385 3409/3409/3409
f 3409/3409/3409 3403/3403/3403 3386/3386/3386
f 3382/3382/3382 3387/3387/3387 3400/3400/3400
f 3400/3400/3400 3390/3390/3390 3382/3382/3382
f 3409/3409/3409 3385/3385/3385 3388/3388/3388
f 3388/3388/3388 3399/3399/3399 3409/3409/3409
f 3388/3388/3388 2755/2755/2755 2769/2769/2769
f 2769/2769/2769 3399/3399/3399 3388/3388/3388
f 3402/3402/3402 3389/3389/3389 3386/3386/3386
f 3386/3386/3386 3403/3403/3403 3402/3402/3402
f 3161/3161/3161 3160/3160/3160 3155/3155/3155
f 3155/3155/3155 3154/3154/3154 3161/3161/3161
f 3184/3184/3184 3187/3187/3187 3161/3161/3161
f 3161/3161/3161 3154/3154/3154 3184/3184/3184
f 3201/3201/3201 3200/3200/3200 3196/3196/3196
f 3196/3196/3196 3195/3195/3195 3201/3201/3201
f 3214/3214/3214 3217/3217/3217 3201/3201/3201
f 3201/3201/3201 3195/3195/3195 3214/3214/3214
f 3200/3200/3200 3187/3187/3187 3184/3184/3184
f 3184/3184/3184 3196/3196/3196 3200/3200/3200
f 3231/3231/3231 3230/3230/3230 3226/3226/3226
f 3226/3226/3226 3225/3225/3225 3231/3231/3231
f 3244/3244/3244 3247/3247/3247 3231/3231/3231
f 3231/3231/3231 3225/3225/3225 3244/3244/3244
f 3230/3230/3230 3257/3257/3257 3253/3253/3253
f 3253/3253/3253 3226/3226/3226 3230/3230/3230
f 3277/3277/3277 3275/3275/3275 3267/3267/3267
f 3267/3267/3267 3266/3266/3266 3277/3277/3277
f 3276/3276/3276 3217/3217/3217 3214/3214/3214
f 3214/3214/3214 3268/3268/3268 3276/3276/3276
f 3253/3253/3253 3257/3257/3257 3277/3277/3277
f 3277/3277/3277 3266/3266/3266 3253/3253/3253
f 3160/3160/3160 3177/3177/3177 3174/3174/3174
f 3174/3174/3174 3155/3155/3155 3160/3160/3160
f 3301/3301/3301 3300/3300/3300 3296/3296/3296
f 3296/3296/3296 3295/3295/3295 3301/3301/3301
f 3174/3174/3174 3177/3177/3177 3301/3301/3301
f 3301/3301/3301 3295/3295/3295 3174/3174/3174
f 3300/3300/3300 3317/3317/3317 3313/3313/3313
f 3313/3313/3313 3296/3296/3296 3300/3300/3300
f 3337/3337/3337 3336/3336/3336 3327/3327/3327
f 3327/3327/3327 3326/3326/3326 3337/3337/3337
f 3335/3335/3335 3357/3357/3357 3354/3354/3354
f 3354/3354/3354 3328/3328/3328 3335/3335/3335
f 3313/3313/3313 3317/3317/3317 3337/3337/3337
f 3337/3337/3337 3326/3326/3326 3313/3313/3313
f 3371/3371/3371 3370/3370/3370 3365/3365/3365
f 3365/3365/3365 3364/3364/3364 3371/3371/3371
f 3370/3370/3370 3247/3247/3247 3244/3244/3244
f 3244/3244/3244 3365/3365/3365 3370/3370/3370
f 3384/3384/3384 3387/3387/3387 3371/3371/3371
f 3371/3371/3371 3364/3364/3364 3384/3384/3384
f 3401/3401/3401 3400/3400/3400 3396/3396/3396
f 3396/3396/3396 3395/3395/3395 3401/3401/3401
f 3354/3354/3354 3357/3357/3357 3401/3401/3401
f 3401/3401/3401 3395/3395/3395 3354/3354/3354
f 3400/3400/3400 3387/3387/3387 3384/3384/3384
f 3384/3384/3384 3396/3396/3396 3400/3400/3400
f 3157/3157/3157 3156/3156/3156 3165/3165/3165
f 3165/3165/3165 3164/3164/3164 3157/3157/3157
f 3189/3189/3189 3183/3183/3183 3157/3157/3157
f 3157/3157/3157 3164/3164/3164 3189/3189/3189
f 3194/3194/3194 3197/3197/3197 3202/3202/3202
f 3202/3202/3202 3205/3205/3205 3194/3194/3194
f 3219/3219/3219 3213/3213/3213 3194/3194/3194
f 3194/3194/3194 3205/3205/3205 3219/3219/3219
f 3197/3197/3197 3183/3183/3183 3189/3189/3189
f 3189/3189/3189 3202/3202/3202 3197/3197/3197
f 3224/3224/3224 3227/3227/3227 3232/3232/3232
f 3232/3232/3232 3235/3235/3235 3224/3224/3224
f 3249/3249/3249 3243/3243/3243 3224/3224/3224
f 3224/3224/3224 3235/3235/3235 3249/3249/3249
f 3227/3227/3227 3254/3254/3254 3259/3259/3259
f 3259/3259/3259 3232/3232/3232 3227/3227/3227
f 3271/3271/3271 3269/3269/3269 3283/3283/3283
f 3283/3283/3283 3281/3281/3281 3271/3271/3271
f 3270/3270/3270 3213/3213/3213 3219/3219/3219
f 3219/3219/3219 3282/3282/3282 3270/3270/3270
f 3259/3259/3259 3254/3254/3254 3271/3271/3271
f 3271/3271/3271 3281/3281/3281 3259/3259/3259
f 3156/3156/3156 3173/3173/3173 3179/3179/3179
f 3179/3179/3179 3165/3165/3165 3156/3156/3156
f 3294/3294/3294 3297/3297/3297 3302/3302/3302
f 3302/3302/3302 3305/3305/3305 3294/3294/3294
f 3179/3179/3179 3173/3173/3173 3294/3294/3294
f 3294/3294/3294 3305/3305/3305 3179/3179/3179
f 3297/3297/3297 3314/3314/3314 3319/3319/3319
f 3319/3319/3319 3302/3302/3302 3297/3297/3297
f 3331/3331/3331 3330/3330/3330 3343/3343/3343
f 3343/3343/3343 3341/3341/3341 3331/3331/3331
f 3329/3329/3329 3353/3353/3353 3359/3359/3359
f 3359/3359/3359 3342/3342/3342 3329/3329/3329
f 3319/3319/3319 3314/3314/3314 3331/3331/3331
f 3331/3331/3331 3341/3341/3341 3319/3319/3319
f 3367/3367/3367 3366/3366/3366 3375/3375/3375
f 3375/3375/3375 3374/3374/3374 3367/3367/3367
f 3366/3366/3366 3243/3243/3243 3249/3249/3249
f 3249/3249/3249 3375/3375/3375 3366/3366/3366
f 3389/3389/3389 3383/3383/3383 3367/3367/3367
f 3367/3367/3367 3374/3374/3374 3389/3389/3389
f 3394/3394/3394 3397/3397/3397 3402/3402/3402
f 3402/3402/3402 3405/3405/3405 3394/3394/3394
f 3359/3359/3359 3353/3353/3353 3394/3394/3394
f 3394/3394/3394 3405/3405/3405 3359/3359/3359
f 3397/3397/3397 3383/3383/3383 3389/3389/3389
f 3389/3389/3389 3402/3402/3402 3397/3397/3397
f 3410/3410/3410 3411/3411/3411 3412/3412/3412
f 3412/3412/3412 3413/3413/3413 3410/3410/3410
f 3414/3414/3414 3415/3415/3415 3416/3416/3416
f 3416/3416/3416 3417/3417/3417 3414/3414/3414
f 3418/3418/3418 3419/3419/3419 3420/3420/3420
f 3420/3420/3420 3421/3421/3421 3418/3418/3418
f 3419/3419/3419 3418/3418/3418 3422/3422/3422
f 3422/3422/3422 3423/3423/3423 3419/3419/3419
f 3424/3424/3424 3425/3425/3425 3426/3426/3426
f 3426/3426/3426 3427/3427/3427 3424/3424/3424
f 3428/3428/3428 3429/3429/3429 3430/3430/3430
f 3430/3430/3430 3431/3431/3431 3428/3428/3428
f 3429/3429/3429 3432/3432/3432 3433/3433/3433
f 3433/3433/3433 3430/3430/3430 3429/3429/3429
f 3434/3434/3434 3435/3435/3435 3436/3436/3436
f 3436/3436/3436 3437/3437/3437 3434/3434/3434
f 3437/3437/3437 3436/3436/3436 3438/3438/3438
f 3438/3438/3438 3439/3439/3439 3437/3437/3437
f 3414/3414/3414 3417/3417/3417 3411/3411/3411
f 3411/3411/3411 3410/3410/3410 3414/3414/3414
f 3415/3415/3415 3440/3440/3440 3441/3441/3441
f 3441/3441/3441 3416/3416/3416 3415/3415/3415
f 3442/3442/3442 3443/3443/3443 3444/3444/3444
f 3444/3444/3444 3445/3445/3445 3442/3442/3442
f 3446/3446/3446 3447/3447/3447 3448/3448/3448
f 3448/3448/3448 3449/3449/3449 3446/3446/3446
f 3450/3450/3450 3451/3451/3451 3447/3447/3447
f 3447/3447/3447 3446/3446/3446 3450/3450/3450
f 3413/3413/3413 3452/3452/3452 3453/3453/3453
f 3453/3453/3453 3410/3410/3410 3413/3413/3413
f 3414/3414/3414 3454/3454/3454 3455/3455/3455
f 3455/3455/3455 3415/3415/3415 3414/3414/3414
f 3421/3421/3421 3456/3456/3456 3457/3457/3457
f 3457/3457/3457 3418/3418/3418 3421/3421/3421
f 3457/3457/3457 3458/3458/3458 3422/3422/3422
f 3422/3422/3422 3418/3418/3418 3457/3457/3457
f 3459/3459/3459 3460/3460/3460 3424/3424/3424
f 3424/3424/3424 3427/3427/3427 3459/3459/3459
f 3461/3461/3461 3462/3462/3462 3429/3429/3429
f 3429/3429/3429 3428/3428/3428 3461/3461/3461
f 3462/3462/3462 3463/3463/3463 3432/3432/3432
f 3432/3432/3432 3429/3429/3429 3462/3462/3462
f 3464/3464/3464 3465/3465/3465 3436/3436/3436
f 3436/3436/3436 3435/3435/3435 3464/3464/3464
f 3465/3465/3465 3466/3466/3466 3438/3438/3438
f 3438/3438/3438 3436/3436/3436 3465/3465/3465
f 3453/3453/3453 3452/3452/3452 3467/3467/3467
f 3467/3467/3467 3468/3468/3468 3453/3453/3453
f 3469/3469/3469 3455/3455/3455 3454/3454/3454
f 3454/3454/3454 3470/3470/3470 3469/3469/3469
f 3457/3457/3457 3456/3456/3456 3471/3471/3471
f 3471/3471/3471 3472/3472/3472 3457/3457/3457
f 3472/3472/3472 3473/3473/3473 3458/3458/3458
f 3458/3458/3458 3457/3457/3457 3472/3472/3472
f 3460/3460/3460 3459/3459/3459 3474/3474/3474
f 3474/3474/3474 3475/3475/3475 3460/3460/3460
f 3476/3476/3476 3462/3462/3462 3461/3461/3461
f 3461/3461/3461 3477/3477/3477 3476/3476/3476
f 3478/3478/3478 3463/3463/3463 3462/3462/3462
f 3462/3462/3462 3476/3476/3476 3478/3478/3478
f 3479/3479/3479 3480/3480/3480 3465/3465/3465
f 3465/3465/3465 3464/3464/3464 3479/3479/3479
f 3480/3480/3480 3481/3481/3481 3466/3466/3466
f 3466/3466/3466 3465/3465/3465 3480/3480/3480
f 3454/3454/3454 3453/3453/3453 3468/3468/3468
f 3468/3468/3468 3470/3470/3470 3454/3454/3454
f 3482/3482/3482 3483/3483/3483 3455/3455/3455
f 3455/3455/3455 3469/3469/3469 3482/3482/3482
f 3484/3484/3484 3485/3485/3485 3486/3486/3486
f 3486/3486/3486 3487/3487/3487 3484/3484/3484
f 3488/3488/3488 3486/3486/3486 3485/3485/3485
f 3485/3485/3485 3489/3489/3489 3488/3488/3488
f 3490/3490/3490 3488/3488/3488 3489/3489/3489
f 3489/3489/3489 3491/3491/3491 3490/3490/3490
f 3414/3414/3414 3410/3410/3410 3453/3453/3453
f 3453/3453/3453 3454/3454/3454 3414/3414/3414
f 3440/3440/3440 3415/3415/3415 3455/3455/3455
f 3455/3455/3455 3483/3483/3483 3440/3440/3440
f 3485/3485/3485 3484/3484/3484 3443/3443/3443
f 3443/3443/3443 3448/3448/3448 3485/3485/3485
f 3448/3448/3448 3447/3447/3447 3489/3489/3489
f 3489/3489/3489 3485/3485/3485 3448/3448/3448
f 3447/3447/3447 3451/3451/3451 3491/3491/3491
f 3491/3491/3491 3489/3489/3489 3447/3447/3447
f 3492/3492/3492 3493/3493/3493 3412/3412/3412
f 3412/3412/3412 3411/3411/3411 3492/3492/3492
f 3416/3416/3416 3494/3494/3494 3495/3495/3495
f 3495/3495/3495 3417/3417/3417 3416/3416/3416
f 3496/3496/3496 3497/3497/3497 3420/3420/3420
f 3420/3420/3420 3419/3419/3419 3496/3496/3496
f 3419/3419/3419 3423/3423/3423 3498/3498/3498
f 3498/3498/3498 3496/3496/3496 3419/3419/3419
f 3499/3499/3499 3500/3500/3500 3426/3426/3426
f 3426/3426/3426 3425/3425/3425 3499/3499/3499
f 3430/3430/3430 3501/3501/3501 3502/3502/3502
f 3502/3502/3502 3431/3431/3431 3430/3430/3430
f 3433/3433/3433 3503/3503/3503 3501/3501/3501
f 3501/3501/3501 3430/3430/3430 3433/3433/3433
f 3434/3434/3434 3437/3437/3437 3504/3504/3504
f 3504/3504/3504 3505/3505/3505 3434/3434/3434
f 3437/3437/3437 3439/3439/3439 3506/3506/3506
f 3506/3506/3506 3504/3504/3504 3437/3437/3437
f 3495/3495/3495 3492/3492/3492 3411/3411/3411
f 3411/3411/3411 3417/3417/3417 3495/3495/3495
f 3441/3441/3441 3507/3507/3507 3494/3494/3494
f 3494/3494/3494 3416/3416/3416 3441/3441/3441
f 3508/3508/3508 3509/3509/3509 3449/3449/3449
f 3449/3449/3449 3442/3442/3442 3508/3508/3508
f 3446/3446/3446 3449/3449/3449 3509/3509/3509
f 3509/3509/3509 3510/3510/3510 3446/3446/3446
f 3450/3450/3450 3446/3446/3446 3510/3510/3510
f 3510/3510/3510 3511/3511/3511 3450/3450/3450
f 3512/3512/3512 3493/3493/3493 3492/3492/3492
f 3492/3492/3492 3513/3513/3513 3512/3512/3512
f 3514/3514/3514 3495/3495/3495 3494/3494/3494
f 3494/3494/3494 3515/3515/3515 3514/3514/3514
f 3516/3516/3516 3497/3497/3497 3496/3496/3496
f 3496/3496/3496 3517/3517/3517 3516/3516/3516
f 3517/3517/3517 3496/3496/3496 3498/3498/3498
f 3498/3498/3498 3518/3518/3518 3517/3517/3517
f 3519/3519/3519 3500/3500/3500 3499/3499/3499
f 3499/3499/3499 3520/3520/3520 3519/3519/3519
f 3521/3521/3521 3502/3502/3502 3501/3501/3501
f 3501/3501/3501 3522/3522/3522 3521/3521/3521
f 3522/3522/3522 3501/3501/3501 3503/3503/3503
f 3503/3503/3503 3523/3523/3523 3522/3522/3522
f 3524/3524/3524 3505/3505/3505 3504/3504/3504
f 3504/3504/3504 3525/3525/3525 3524/3524/3524
f 3504/3504/3504 3506/3506/3506 3526/3526/3526
f 3526/3526/3526 3525/3525/3525 3504/3504/3504
f 3513/3513/3513 3527/3527/3527 3528/3528/3528
f 3528/3528/3528 3512/3512/3512 3513/3513/3513
f 3514/3514/3514 3515/3515/3515 3529/3529/3529
f 3529/3529/3529 3530/3530/3530 3514/3514/3514
f 3517/3517/3517 3531/3531/3531 3532/3532/3532
f 3532/3532/3532 3516/3516/3516 3517/3517/3517
f 3531/3531/3531 3517/3517/3517 3518/3518/3518
f 3518/3518/3518 3533/3533/3533 3531/3531/3531
f 3520/3520/3520 3534/3534/3534 3535/3535/3535
f 3535/3535/3535 3519/3519/3519 3520/3520/3520
f 3521/3521/3521 3522/3522/3522 3536/3536/3536
f 3536/3536/3536 3537/3537/3537 3521/3521/3521
f 3522/3522/3522 3523/3523/3523 3538/3538/3538
f 3538/3538/3538 3536/3536/3536 3522/3522/3522
f 3539/3539/3539 3524/3524/3524 3525/3525/3525
f 3525/3525/3525 3540/3540/3540 3539/3539/3539
f 3540/3540/3540 3525/3525/3525 3526/3526/3526
f 3526/3526/3526 3541/3541/3541 3540/3540/3540
f 3514/3514/3514 3530/3530/3530 3527/3527/3527
f 3527/3527/3527 3513/3513/3513 3514/3514/3514
f 3515/3515/3515 3542/3542/3542 3543/3543/3543
f 3543/3543/3543 3529/3529/3529 3515/3515/3515
f 3544/3544/3544 3545/3545/3545 3546/3546/3546
f 3546/3546/3546 3547/3547/3547 3544/3544/3544
f 3548/3548/3548 3549/3549/3549 3550/3550/3550
f 3550/3550/3550 3551/3551/3551 3548/3548/3548
f 3552/3552/3552 3553/3553/3553 3549/3549/3549
f 3549/3549/3549 3548/3548/3548 3552/3552/3552
f 3495/3495/3495 3514/3514/3514 3513/3513/3513
f 3513/3513/3513 3492/3492/3492 3495/3495/3495
f 3507/3507/3507 3542/3542/3542 3515/3515/3515
f 3515/3515/3515 3494/3494/3494 3507/3507/3507
f 3546/3546/3546 3545/3545/3545 3508/3508/3508
f 3508/3508/3508 3554/3554/3554 3546/3546/3546
f 3509/3509/3509 3550/3550/3550 3549/3549/3549
f 3549/3549/3549 3510/3510/3510 3509/3509/3509
f 3549/3549/3549 3553/3553/3553 3511/3511/3511
f 3511/3511/3511 3510/3510/3510 3549/3549/3549
f 3555/3555/3555 3556/3556/3556 3557/3557/3557
f 3557/3557/3557 3558/3558/3558 3555/3555/3555
f 3559/3559/3559 3560/3560/3560 3561/3561/3561
f 3561/3561/3561 3562/3562/3562 3559/3559/3559
f 3563/3563/3563 3564/3564/3564 3565/3565/3565
f 3565/3565/3565 3566/3566/3566 3563/3563/3563
f 3566/3566/3566 3567/3567/3567 3568/3568/3568
f 3568/3568/3568 3563/3563/3563 3566/3566/3566
f 3569/3569/3569 3570/3570/3570 3571/3571/3571
f 3571/3571/3571 3572/3572/3572 3569/3569/3569
f 3573/3573/3573 3574/3574/3574 3575/3575/3575
f 3575/3575/3575 3576/3576/3576 3573/3573/3573
f 3577/3577/3577 3578/3578/3578 3574/3574/3574
f 3574/3574/3574 3573/3573/3573 3577/3577/3577
f 3579/3579/3579 3580/3580/3580 3581/3581/3581
f 3581/3581/3581 3582/3582/3582 3579/3579/3579
f 3580/3580/3580 3583/3583/3583 3584/3584/3584
f 3584/3584/3584 3581/3581/3581 3580/3580/3580
f 3561/3561/3561 3555/3555/3555 3558/3558/3558
f 3558/3558/3558 3562/3562/3562 3561/3561/3561
f 3585/3585/3585 3586/3586/3586 3560/3560/3560
f 3560/3560/3560 3559/3559/3559 3585/3585/3585
f 3587/3587/3587 3588/3588/3588 3589/3589/3589
f 3589/3589/3589 3590/3590/3590 3587/3587/3587
f 3591/3591/3591 3589/3589/3589 3588/3588/3588
f 3588/3588/3588 3592/3592/3592 3591/3591/3591
f 3593/3593/3593 3591/3591/3591 3592/3592/3592
f 3592/3592/3592 3594/3594/3594 3593/3593/3593
f 3595/3595/3595 3556/3556/3556 3555/3555/3555
f 3555/3555/3555 3596/3596/3596 3595/3595/3595
f 3597/3597/3597 3561/3561/3561 3560/3560/3560
f 3560/3560/3560 3598/3598/3598 3597/3597/3597
f 3599/3599/3599 3564/3564/3564 3563/3563/3563
f 3563/3563/3563 3600/3600/3600 3599/3599/3599
f 3600/3600/3600 3563/3563/3563 3568/3568/3568
f 3568/3568/3568 3601/3601/3601 3600/3600/3600
f 3602/3602/3602 3570/3570/3570 3569/3569/3569
f 3569/3569/3569 3603/3603/3603 3602/3602/3602
f 3604/3604/3604 3575/3575/3575 3574/3574/3574
f 3574/3574/3574 3605/3605/3605 3604/3604/3604
f 3605/3605/3605 3574/3574/3574 3578/3578/3578
f 3578/3578/3578 3606/3606/3606 3605/3605/3605
f 3607/3607/3607 3582/3582/3582 3581/3581/3581
f 3581/3581/3581 3608/3608/3608 3607/3607/3607
f 3581/3581/3581 3584/3584/3584 3609/3609/3609
f 3609/3609/3609 3608/3608/3608 3581/3581/3581
f 3596/3596/3596 3610/3610/3610 3611/3611/3611
f 3611/3611/3611 3595/3595/3595 3596/3596/3596
f 3597/3597/3597 3598/3598/3598 3612/3612/3612
f 3612/3612/3612 3613/3613/3613 3597/3597/3597
f 3600/3600/3600 3614/3614/3614 3615/3615/3615
f 3615/3615/3615 3599/3599/3599 3600/3600/3600
f 3614/3614/3614 3600/3600/3600 3601/3601/3601
f 3601/3601/3601 3616/3616/3616 3614/3614/3614
f 3603/3603/3603 3617/3617/3617 3618/3618/3618
f 3618/3618/3618 3602/3602/3602 3603/3603/3603
f 3604/3604/3604 3605/3605/3605 3619/3619/3619
f 3619/3619/3619 3620/3620/3620 3604/3604/3604
f 3605/3605/3605 3606/3606/3606 3621/3621/3621
f 3621/3621/3621 3619/3619/3619 3605/3605/3605
f 3622/3622/3622 3607/3607/3607 3608/3608/3608
f 3608/3608/3608 3623/3623/3623 3622/3622/3622
f 3623/3623/3623 3608/3608/3608 3609/3609/3609
f 3609/3609/3609 3624/3624/3624 3623/3623/3623
f 3597/3597/3597 3613/3613/3613 3610/3610/3610
f 3610/3610/3610 3596/3596/3596 3597/3597/3597
f 3598/3598/3598 3625/3625/3625 3626/3626/3626
f 3626/3626/3626 3612/3612/3612 3598/3598/3598
f 3627/3627/3627 3628/3628/3628 3629/3629/3629
f 3629/3629/3629 3630/3630/3630 3627/3627/3627
f 3631/3631/3631 3632/3632/3632 3633/3633/3633
f 3633/3633/3633 3634/3634/3634 3631/3631/3631
f 3635/3635/3635 3636/3636/3636 3632/3632/3632
f 3632/3632/3632 3631/3631/3631 3635/3635/3635
f 3561/3561/3561 3597/3597/3597 3596/3596/3596
f 3596/3596/3596 3555/3555/3555 3561/3561/3561
f 3586/3586/3586 3625/3625/3625 3598/3598/3598
f 3598/3598/3598 3560/3560/3560 3586/3586/3586
f 3629/3629/3629 3628/3628/3628 3587/3587/3587
f 3587/3587/3587 3637/3637/3637 3629/3629/3629
f 3588/3588/3588 3633/3633/3633 3632/3632/3632
f 3632/3632/3632 3592/3592/3592 3588/3588/3588
f 3632/3632/3632 3636/3636/3636 3594/3594/3594
f 3594/3594/3594 3592/3592/3592 3632/3632/3632
f 3638/3638/3638 3558/3558/3558 3557/3557/3557
f 3557/3557/3557 3639/3639/3639 3638/3638/3638
f 3640/3640/3640 3641/3641/3641 3559/3559/3559
f 3559/3559/3559 3562/3562/3562 3640/3640/3640
f 3642/3642/3642 3566/3566/3566 3565/3565/3565
f 3565/3565/3565 3643/3643/3643 3642/3642/3642
f 3566/3566/3566 3642/3642/3642 3644/3644/3644
f 3644/3644/3644 3567/3567/3567 3566/3566/3566
f 3645/3645/3645 3572/3572/3572 3571/3571/3571
f 3571/3571/3571 3646/3646/3646 3645/3645/3645
f 3647/3647/3647 3648/3648/3648 3573/3573/3573
f 3573/3573/3573 3576/3576/3576 3647/3647/3647
f 3648/3648/3648 3649/3649/3649 3577/3577/3577
f 3577/3577/3577 3573/3573/3573 3648/3648/3648
f 3579/3579/3579 3650/3650/3650 3651/3651/3651
f 3651/3651/3651 3580/3580/3580 3579/3579/3579
f 3580/3580/3580 3651/3651/3651 3652/3652/3652
f 3652/3652/3652 3583/3583/3583 3580/3580/3580
f 3640/3640/3640 3562/3562/3562 3558/3558/3558
f 3558/3558/3558 3638/3638/3638 3640/3640/3640
f 3641/3641/3641 3653/3653/3653 3585/3585/3585
f 3585/3585/3585 3559/3559/3559 3641/3641/3641
f 3590/3590/3590 3654/3654/3654 3655/3655/3655
f 3655/3655/3655 3656/3656/3656 3590/3590/3590
f 3591/3591/3591 3657/3657/3657 3658/3658/3658
f 3658/3658/3658 3589/3589/3589 3591/3591/3591
f 3593/3593/3593 3659/3659/3659 3657/3657/3657
f 3657/3657/3657 3591/3591/3591 3593/3593/3593
f 3639/3639/3639 3661/3661/3661 3662/3662/3662
f 3662/3662/3662 3638/3638/3638 3639/3639/3639
f 3664/3664/3664 3666/3666/3666 3641/3641/3641
f 3641/3641/3641 3640/3640/3640 3664/3664/3664
f 3669/3669/3669 3671/3671/3671 3642/3642/3642
f 3642/3642/3642 3643/3643/3643 3669/3669/3669
f 3671/3671/3671 3673/3673/3673 3644/3644/3644
f 3644/3644/3644 3642/3642/3642 3671/3671/3671
f 3674/3674/3674 3677/3677/3677 3645/3645/3645
f 3645/3645/3645 3646/3646/3646 3674/3674/3674
f 3678/3678/3678 3680/3680/3680 3648/3648/3648
f 3648/3648/3648 3647/3647/3647 3678/3678/3678
f 3680/3680/3680 3682/3682/3682 3649/3649/3649
f 3649/3649/3649 3648/3648/3648 3680/3680/3680
f 3685/3685/3685 3686/3686/3686 3651/3651/3651
f 3651/3651/3651 3650/3650/3650 3685/3685/3685
f 3651/3651/3651 3686/3686/3686 3688/3688/3688
f 3688/3688/3688 3652/3652/3652 3651/3651/3651
f 3663/3663/3663 3660/3660/3660 3528/3528/3528
f 3528/3528/3528 3527/3527/3527 3663/3663/3663
f 3529/3529/3529 3667/3667/3667 3665/3665/3665
f 3665/3665/3665 3530/3530/3530 3529/3529/3529
f 3670/3670/3670 3668/3668/3668 3532/3532/3532
f 3532/3532/3532 3531/3531/3531 3670/3670/3670
f 3531/3531/3531 3533/3533/3533 3672/3672/3672
f 3672/3672/3672 3670/3670/3670 3531/3531/3531
f 3676/3676/3676 3675/3675/3675 3535/3535/3535
f 3535/3535/3535 3534/3534/3534 3676/3676/3676
f 3536/3536/3536 3681/3681/3681 3679/3679/3679
f 3679/3679/3679 3537/3537/3537 3536/3536/3536
f 3538/3538/3538 3683/3683/3683 3681/3681/3681
f 3681/3681/3681 3536/3536/3536 3538/3538/3538
f 3539/3539/3539 3540/3540/3540 3687/3687/3687
f 3687/3687/3687 3684/3684/3684 3539/3539/3539
f 3540/3540/3540 3541/3541/3541 3689/3689/3689
f 3689/3689/3689 3687/3687/3687 3540/3540/3540
f 3665/3665/3665 3663/3663/3663 3527/3527/3527
f 3527/3527/3527 3530/3530/3530 3665/3665/3665
f 3543/3543/3543 3691/3691/3691 3667/3667/3667
f 3667/3667/3667 3529/3529/3529 3543/3543/3543
f 3693/3693/3693 3695/3695/3695 3551/3551/3551
f 3551/3551/3551 3544/3544/3544 3693/3693/3693
f 3548/3548/3548 3551/3551/3551 3695/3695/3695
f 3695/3695/3695 3697/3697/3697 3548/3548/3548
f 3552/3552/3552 3548/3548/3548 3697/3697/3697
f 3697/3697/3697 3698/3698/3698 3552/3552/3552
f 3640/3640/3640 3638/3638/3638 3662/3662/3662
f 3662/3662/3662 3664/3664/3664 3640/3640/3640
f 3653/3653/3653 3641/3641/3641 3666/3666/3666
f 3666/3666/3666 3690/3690/3690 3653/3653/3653
f 3694/3694/3694 3692/3692/3692 3654/3654/3654
f 3654/3654/3654 3658/3658/3658 3694/3694/3694
f 3658/3658/3658 3657/3657/3657 3696/3696/3696
f 3696/3696/3696 3694/3694/3694 3658/3658/3658
f 3657/3657/3657 3659/3659/3659 3699/3699/3699
f 3699/3699/3699 3696/3696/3696 3657/3657/3657
f 3700/3700/3700 3701/3701/3701 3702/3702/3702
f 3702/3702/3702 3703/3703/3703 3700/3700/3700
f 3704/3704/3704 3705/3705/3705 3706/3706/3706
f 3706/3706/3706 3707/3707/3707 3704/3704/3704
f 3708/3708/3708 3709/3709/3709 3710/3710/3710
f 3710/3710/3710 3711/3711/3711 3708/3708/3708
f 3711/3711/3711 3712/3712/3712 3713/3713/3713
f 3713/3713/3713 3708/3708/3708 3711/3711/3711
f 3714/3714/3714 3715/3715/3715 3716/3716/3716
f 3716/3716/3716 3717/3717/3717 3714/3714/3714
f 3718/3718/3718 3719/3719/3719 3720/3720/3720
f 3720/3720/3720 3721/3721/3721 3718/3718/3718
f 3722/3722/3722 3723/3723/3723 3719/3719/3719
f 3719/3719/3719 3718/3718/3718 3722/3722/3722
f 3724/3724/3724 3725/3725/3725 3726/3726/3726
f 3726/3726/3726 3727/3727/3727 3724/3724/3724
f 3725/3725/3725 3728/3728/3728 3729/3729/3729
f 3729/3729/3729 3726/3726/3726 3725/3725/3725
f 3706/3706/3706 3700/3700/3700 3703/3703/3703
f 3703/3703/3703 3707/3707/3707 3706/3706/3706
f 3730/3730/3730 3731/3731/3731 3705/3705/3705
f 3705/3705/3705 3704/3704/3704 3730/3730/3730
f 3732/3732/3732 3733/3733/3733 3734/3734/3734
f 3734/3734/3734 3735/3735/3735 3732/3732/3732
f 3736/3736/3736 3734/3734/3734 3733/3733/3733
f 3733/3733/3733 3737/3737/3737 3736/3736/3736
f 3738/3738/3738 3736/3736/3736 3737/3737/3737
f 3737/3737/3737 3739/3739/3739 3738/3738/3738
f 3740/3740/3740 3701/3701/3701 3700/3700/3700
f 3700/3700/3700 3741/3741/3741 3740/3740/3740
f 3742/3742/3742 3706/3706/3706 3705/3705/3705
f 3705/3705/3705 3743/3743/3743 3742/3742/3742
f 3744/3744/3744 3709/3709/3709 3708/3708/3708
f 3708/3708/3708 3745/3745/3745 3744/3744/3744
f 3745/3745/3745 3708/3708/3708 3713/3713/3713
f 3713/3713/3713 3746/3746/3746 3745/3745/3745
f 3747/3747/3747 3715/3715/3715 3714/3714/3714
f 3714/3714/3714 3748/3748/3748 3747/3747/3747
f 3749/3749/3749 3720/3720/3720 3719/3719/3719
f 3719/3719/3719 3750/3750/3750 3749/3749/3749
f 3750/3750/3750 3719/3719/3719 3723/3723/3723
f 3723/3723/3723 3751/3751/3751 3750/3750/3750
f 3752/3752/3752 3727/3727/3727 3726/3726/3726
f 3726/3726/3726 3753/3753/3753 3752/3752/3752
f 3726/3726/3726 3729/3729/3729 3754/3754/3754
f 3754/3754/3754 3753/3753/3753 3726/3726/3726
f 3741/3741/3741 3468/3468/3468 3467/3467/3467
f 3467/3467/3467 3740/3740/3740 3741/3741/3741
f 3742/3742/3742 3743/3743/3743 3469/3469/3469
f 3469/3469/3469 3470/3470/3470 3742/3742/3742
f 3745/3745/3745 3472/3472/3472 3471/3471/3471
f 3471/3471/3471 3744/3744/3744 3745/3745/3745
f 3472/3472/3472 3745/3745/3745 3746/3746/3746
f 3746/3746/3746 3473/3473/3473 3472/3472/3472
f 3748/3748/3748 3475/3475/3475 3474/3474/3474
f 3474/3474/3474 3747/3747/3747 3748/3748/3748
f 3749/3749/3749 3750/3750/3750 3476/3476/3476
f 3476/3476/3476 3477/3477/3477 3749/3749/3749
f 3750/3750/3750 3751/3751/3751 3478/3478/3478
f 3478/3478/3478 3476/3476/3476 3750/3750/3750
f 3479/3479/3479 3752/3752/3752 3753/3753/3753
f 3753/3753/3753 3480/3480/3480 3479/3479/3479
f 3480/3480/3480 3753/3753/3753 3754/3754/3754
f 3754/3754/3754 3481/3481/3481 3480/3480/3480
f 3742/3742/3742 3470/3470/3470 3468/3468/3468
f 3468/3468/3468 3741/3741/3741 3742/3742/3742
f 3743/3743/3743 3755/3755/3755 3482/3482/3482
f 3482/3482/3482 3469/3469/3469 3743/3743/3743
f 3487/3487/3487 3756/3756/3756 3757/3757/3757
f 3757/3757/3757 3758/3758/3758 3487/3487/3487
f 3488/3488/3488 3759/3759/3759 3760/3760/3760
f 3760/3760/3760 3486/3486/3486 3488/3488/3488
f 3490/3490/3490 3761/3761/3761 3759/3759/3759
f 3759/3759/3759 3488/3488/3488 3490/3490/3490
f 3706/3706/3706 3742/3742/3742 3741/3741/3741
f 3741/3741/3741 3700/3700/3700 3706/3706/3706
f 3731/3731/3731 3755/3755/3755 3743/3743/3743
f 3743/3743/3743 3705/3705/3705 3731/3731/3731
f 3757/3757/3757 3756/3756/3756 3732/3732/3732
f 3732/3732/3732 3762/3762/3762 3757/3757/3757
f 3733/3733/3733 3760/3760/3760 3759/3759/3759
f 3759/3759/3759 3737/3737/3737 3733/3733/3733
f 3759/3759/3759 3761/3761/3761 3739/3739/3739
f 3739/3739/3739 3737/3737/3737 3759/3759/3759
f 3763/3763/3763 3703/3703/3703 3702/3702/3702
f 3702/3702/3702 3764/3764/3764 3763/3763/3763
f 3765/3765/3765 3766/3766/3766 3704/3704/3704
f 3704/3704/3704 3707/3707/3707 3765/3765/3765
f 3767/3767/3767 3711/3711/3711 3710/3710/3710
f 3710/3710/3710 3768/3768/3768 3767/3767/3767
f 3711/3711/3711 3767/3767/3767 3769/3769/3769
f 3769/3769/3769 3712/3712/3712 3711/3711/3711
f 3770/3770/3770 3717/3717/3717 3716/3716/3716
f 3716/3716/3716 3771/3771/3771 3770/3770/3770
f 3772/3772/3772 3773/3773/3773 3718/3718/3718
f 3718/3718/3718 3721/3721/3721 3772/3772/3772
f 3773/3773/3773 3774/3774/3774 3722/3722/3722
f 3722/3722/3722 3718/3718/3718 3773/3773/3773
f 3724/3724/3724 3775/3775/3775 3776/3776/3776
f 3776/3776/3776 3725/3725/3725 3724/3724/3724
f 3725/3725/3725 3776/3776/3776 3777/3777/3777
f 3777/3777/3777 3728/3728/3728 3725/3725/3725
f 3765/3765/3765 3707/3707/3707 3703/3703/3703
f 3703/3703/3703 3763/3763/3763 3765/3765/3765
f 3766/3766/3766 3778/3778/3778 3730/3730/3730
f 3730/3730/3730 3704/3704/3704 3766/3766/3766
f 3735/3735/3735 3779/3779/3779 3780/3780/3780
f 3780/3780/3780 3781/3781/3781 3735/3735/3735
f 3736/3736/3736 3782/3782/3782 3783/3783/3783
f 3783/3783/3783 3734/3734/3734 3736/3736/3736
f 3738/3738/3738 3784/3784/3784 3782/3782/3782
f 3782/3782/3782 3736/3736/3736 3738/3738/3738
f 3764/3764/3764 3786/3786/3786 3787/3787/3787
f 3787/3787/3787 3763/3763/3763 3764/3764/3764
f 3790/3790/3790 3791/3791/3791 3766/3766/3766
f 3766/3766/3766 3765/3765/3765 3790/3790/3790
f 3794/3794/3794 3795/3795/3795 3767/3767/3767
f 3767/3767/3767 3768/3768/3768 3794/3794/3794
f 3795/3795/3795 3797/3797/3797 3769/3769/3769
f 3769/3769/3769 3767/3767/3767 3795/3795/3795
f 3799/3799/3799 3801/3801/3801 3770/3770/3770
f 3770/3770/3770 3771/3771/3771 3799/3799/3799
f 3803/3803/3803 3806/3806/3806 3773/3773/3773
f 3773/3773/3773 3772/3772/3772 3803/3803/3803
f 3806/3806/3806 3808/3808/3808 3774/3774/3774
f 3774/3774/3774 3773/3773/3773 3806/3806/3806
f 3810/3810/3810 3811/3811/3811 3776/3776/3776
f 3776/3776/3776 3775/3775/3775 3810/3810/3810
f 3776/3776/3776 3811/3811/3811 3813/3813/3813
f 3813/3813/3813 3777/3777/3777 3776/3776/3776
f 3788/3788/3788 3785/3785/3785 3815/3815/3815
f 3815/3815/3815 3816/3816/3816 3788/3788/3788
f 3817/3817/3817 3792/3792/3792 3789/3789/3789
f 3789/3789/3789 3818/3818/3818 3817/3817/3817
f 3796/3796/3796 3793/3793/3793 3819/3819/3819
f 3819/3819/3819 3820/3820/3820 3796/3796/3796
f 3820/3820/3820 3821/3821/3821 3798/3798/3798
f 3798/3798/3798 3796/3796/3796 3820/3820/3820
f 3802/3802/3802 3800/3800/3800 3822/3822/3822
f 3822/3822/3822 3823/3823/3823 3802/3802/3802
f 3824/3824/3824 3805/3805/3805 3804/3804/3804
f 3804/3804/3804 3825/3825/3825 3824/3824/3824
f 3826/3826/3826 3807/3807/3807 3805/3805/3805
f 3805/3805/3805 3824/3824/3824 3826/3826/3826
f 3827/3827/3827 3828/3828/3828 3812/3812/3812
f 3812/3812/3812 3809/3809/3809 3827/3827/3827
f 3828/3828/3828 3829/3829/3829 3814/3814/3814
f 3814/3814/3814 3812/3812/3812 3828/3828/3828
f 3789/3789/3789 3788/3788/3788 3816/3816/3816
f 3816/3816/3816 3818/3818/3818 3789/3789/3789
f 3830/3830/3830 3832/3832/3832 3792/3792/3792
f 3792/3792/3792 3817/3817/3817 3830/3830/3830
f 3834/3834/3834 3835/3835/3835 3837/3837/3837
f 3837/3837/3837 3838/3838/3838 3834/3834/3834
f 3839/3839/3839 3837/3837/3837 3835/3835/3835
f 3835/3835/3835 3841/3841/3841 3839/3839/3839
f 3842/3842/3842 3839/3839/3839 3841/3841/3841
f 3841/3841/3841 3843/3843/3843 3842/3842/3842
f 3765/3765/3765 3763/3763/3763 3787/3787/3787
f 3787/3787/3787 3790/3790/3790 3765/3765/3765
f 3778/3778/3778 3766/3766/3766 3791/3791/3791
f 3791/3791/3791 3831/3831/3831 3778/3778/3778
f 3836/3836/3836 3833/3833/3833 3779/3779/3779
f 3779/3779/3779 3783/3783/3783 3836/3836/3836
f 3783/3783/3783 3782/3782/3782 3840/3840/3840
f 3840/3840/3840 3836/3836/3836 3783/3783/3783
f 3782/3782/3782 3784/3784/3784 3844/3844/3844
f 3844/3844/3844 3840/3840/3840 3782/3782/3782
f 3845/3845/3845 3846/3846/3846 3847/3847/3847
f 3847/3847/3847 3848/3848/3848 3845/3845/3845
f 3849/3849/3849 3850/3850/3850 3851/3851/3851
f 3851/3851/3851 3852/3852/3852 3849/3849/3849
f 3853/3853/3853 3854/3854/3854 3855/3855/3855
f 3855/3855/3855 3856/3856/3856 3853/3853/3853
f 3854/3854/3854 3853/3853/3853 3857/3857/3857
f 3857/3857/3857 3858/3858/3858 3854/3854/3854
f 3859/3859/3859 3860/3860/3860 3861/3861/3861
f 3861/3861/3861 3862/3862/3862 3859/3859/3859
f 3863/3863/3863 3864/3864/3864 3865/3865/3865
f 3865/3865/3865 3866/3866/3866 3863/3863/3863
f 3864/3864/3864 3867/3867/3867 3868/3868/3868
f 3868/3868/3868 3865/3865/3865 3864/3864/3864
f 3869/3869/3869 3870/3870/3870 3871/3871/3871
f 3871/3871/3871 3872/3872/3872 3869/3869/3869
f 3872/3872/3872 3871/3871/3871 3873/3873/3873
f 3873/3873/3873 3874/3874/3874 3872/3872/3872
f 3849/3849/3849 3852/3852/3852 3846/3846/3846
f 3846/3846/3846 3845/3845/3845 3849/3849/3849
f 3850/3850/3850 3875/3875/3875 3876/3876/3876
f 3876/3876/3876 3851/3851/3851 3850/3850/3850
f 3877/3877/3877 3878/3878/3878 3879/3879/3879
f 3879/3879/3879 3880/3880/3880 3877/3877/3877
f 3881/3881/3881 3882/3882/3882 3883/3883/3883
f 3883/3883/3883 3884/3884/3884 3881/3881/3881
f 3885/3885/3885 3886/3886/3886 3882/3882/3882
f 3882/3882/3882 3881/3881/3881 3885/3885/3885
f 3848/3848/3848 3887/3887/3887 3888/3888/3888
f 3888/3888/3888 3845/3845/3845 3848/3848/3848
f 3889/3889/3889 3890/3890/3890 3850/3850/3850
f 3850/3850/3850 3849/3849/3849 3889/3889/3889
f 3891/3891/3891 3892/3892/3892 3853/3853/3853
f 3853/3853/3853 3856/3856/3856 3891/3891/3891
f 3892/3892/3892 3893/3893/3893 3857/3857/3857
f 3857/3857/3857 3853/3853/3853 3892/3892/3892
f 3894/3894/3894 3895/3895/3895 3859/3859/3859
f 3859/3859/3859 3862/3862/3862 3894/3894/3894
f 3896/3896/3896 3897/3897/3897 3864/3864/3864
f 3864/3864/3864 3863/3863/3863 3896/3896/3896
f 3897/3897/3897 3898/3898/3898 3867/3867/3867
f 3867/3867/3867 3864/3864/3864 3897/3897/3897
f 3899/3899/3899 3900/3900/3900 3871/3871/3871
f 3871/3871/3871 3870/3870/3870 3899/3899/3899
f 3871/3871/3871 3900/3900/3900 3901/3901/3901
f 3901/3901/3901 3873/3873/3873 3871/3871/3871
f 3888/3888/3888 3887/3887/3887 3611/3611/3611
f 3611/3611/3611 3610/3610/3610 3888/3888/3888
f 3612/3612/3612 3890/3890/3890 3889/3889/3889
f 3889/3889/3889 3613/3613/3613 3612/3612/3612
f 3892/3892/3892 3891/3891/3891 3615/3615/3615
f 3615/3615/3615 3614/3614/3614 3892/3892/3892
f 3614/3614/3614 3616/3616/3616 3893/3893/3893
f 3893/3893/3893 3892/3892/3892 3614/3614/3614
f 3895/3895/3895 3894/3894/3894 3618/3618/3618
f 3618/3618/3618 3617/3617/3617 3895/3895/3895
f 3619/3619/3619 3897/3897/3897 3896/3896/3896
f 3896/3896/3896 3620/3620/3620 3619/3619/3619
f 3621/3621/3621 3898/3898/3898 3897/3897/3897
f 3897/3897/3897 3619/3619/3619 3621/3621/3621
f 3622/3622/3622 3623/3623/3623 3900/3900/3900
f 3900/3900/3900 3899/3899/3899 3622/3622/3622
f 3623/3623/3623 3624/3624/3624 3901/3901/3901
f 3901/3901/3901 3900/3900/3900 3623/3623/3623
f 3889/3889/3889 3888/3888/3888 3610/3610/3610
f 3610/3610/3610 3613/3613/3613 3889/3889/3889
f 3626/3626/3626 3902/3902/3902 3890/3890/3890
f 3890/3890/3890 3612/3612/3612 3626/3626/3626
f 3903/3903/3903 3904/3904/3904 3634/3634/3634
f 3634/3634/3634 3627/3627/3627 3903/3903/3903
f 3631/3631/3631 3634/3634/3634 3904/3904/3904
f 3904/3904/3904 3905/3905/3905 3631/3631/3631
f 3635/3635/3635 3631/3631/3631 3905/3905/3905
f 3905/3905/3905 3906/3906/3906 3635/3635/3635
f 3849/3849/3849 3845/3845/3845 3888/3888/3888
f 3888/3888/3888 3889/3889/3889 3849/3849/3849
f 3875/3875/3875 3850/3850/3850 3890/3890/3890
f 3890/3890/3890 3902/3902/3902 3875/3875/3875
f 3904/3904/3904 3903/3903/3903 3878/3878/3878
f 3878/3878/3878 3883/3883/3883 3904/3904/3904
f 3883/3883/3883 3882/3882/3882 3905/3905/3905
f 3905/3905/3905 3904/3904/3904 3883/3883/3883
f 3882/3882/3882 3886/3886/3886 3906/3906/3906
f 3906/3906/3906 3905/3905/3905 3882/3882/3882
f 3907/3907/3907 3908/3908/3908 3847/3847/3847
f 3847/3847/3847 3846/3846/3846 3907/3907/3907
f 3851/3851/3851 3909/3909/3909 3910/3910/3910
f 3910/3910/3910 3852/3852/3852 3851/3851/3851
f 3911/3911/3911 3912/3912/3912 3855/3855/3855
f 3855/3855/3855 3854/3854/3854 3911/3911/3911
f 3854/3854/3854 3858/3858/3858 3913/3913/3913
f 3913/3913/3913 3911/3911/3911 3854/3854/3854
f 3914/3914/3914 3915/3915/3915 3861/3861/3861
f 3861/3861/3861 3860/3860/3860 3914/3914/3914
f 3865/3865/3865 3916/3916/3916 3917/3917/3917
f 3917/3917/3917 3866/3866/3866 3865/3865/3865
f 3868/3868/3868 3918/3918/3918 3916/3916/3916
f 3916/3916/3916 3865/3865/3865 3868/3868/3868
f 3869/3869/3869 3872/3872/3872 3919/3919/3919
f 3919/3919/3919 3920/3920/3920 3869/3869/3869
f 3872/3872/3872 3874/3874/3874 3921/3921/3921
f 3921/3921/3921 3919/3919/3919 3872/3872/3872
f 3910/3910/3910 3907/3907/3907 3846/3846/3846
f 3846/3846/3846 3852/3852/3852 3910/3910/3910
f 3876/3876/3876 3922/3922/3922 3909/3909/3909
f 3909/3909/3909 3851/3851/3851 3876/3876/3876
f 3923/3923/3923 3924/3924/3924 3884/3884/3884
f 3884/3884/3884 3877/3877/3877 3923/3923/3923
f 3881/3881/3881 3884/3884/3884 3924/3924/3924
f 3924/3924/3924 3925/3925/3925 3881/3881/3881
f 3885/3885/3885 3881/3881/3881 3925/3925/3925
f 3925/3925/3925 3926/3926/3926 3885/3885/3885
f 3927/3927/3927 3908/3908/3908 3907/3907/3907
f 3907/3907/3907 3928/3928/3928 3927/3927/3927
f 3929/3929/3929 3910/3910/3910 3909/3909/3909
f 3909/3909/3909 3930/3930/3930 3929/3929/3929
f 3931/3931/3931 3912/3912/3912 3911/3911/3911
f 3911/3911/3911 3932/3932/3932 3931/3931/3931
f 3932/3932/3932 3911/3911/3911 3913/3913/3913
f 3913/3913/3913 3933/3933/3933 3932/3932/3932
f 3934/3934/3934 3915/3915/3915 3914/3914/3914
f 3914/3914/3914 3935/3935/3935 3934/3934/3934
f 3936/3936/3936 3917/3917/3917 3916/3916/3916
f 3916/3916/3916 3937/3937/3937 3936/3936/3936
f 3937/3937/3937 3916/3916/3916 3918/3918/3918
f 3918/3918/3918 3938/3938/3938 3937/3937/3937
f 3939/3939/3939 3920/3920/3920 3919/3919/3919
f 3919/3919/3919 3940/3940/3940 3939/3939/3939
f 3919/3919/3919 3921/3921/3921 3941/3941/3941
f 3941/3941/3941 3940/3940/3940 3919/3919/3919
f 3928/3928/3928 3816/3816/3816 3815/3815/3815
f 3815/3815/3815 3927/3927/3927 3928/3928/3928
f 3929/3929/3929 3930/3930/3930 3817/3817/3817
f 3817/3817/3817 3818/3818/3818 3929/3929/3929
f 3932/3932/3932 3820/3820/3820 3819/3819/3819
f 3819/3819/3819 3931/3931/3931 3932/3932/3932
f 3820/3820/3820 3932/3932/3932 3933/3933/3933
f 3933/3933/3933 3821/3821/3821 3820/3820/3820
f 3935/3935/3935 3823/3823/3823 3822/3822/3822
f 3822/3822/3822 3934/3934/3934 3935/3935/3935
f 3936/3936/3936 3937/3937/3937 3824/3824/3824
f 3824/3824/3824 3825/3825/3825 3936/3936/3936
f 3937/3937/3937 3938/3938/3938 3826/3826/3826
f 3826/3826/3826 3824/3824/3824 3937/3937/3937
f 3827/3827/3827 3939/3939/3939 3940/3940/3940
f 3940/3940/3940 3828/3828/3828 3827/3827/3827
f 3828/3828/3828 3940/3940/3940 3941/3941/3941
f 3941/3941/3941 3829/3829/3829 3828/3828/3828
f 3929/3929/3929 3818/3818/3818 3816/3816/3816
f 3816/3816/3816 3928/3928/3928 3929/3929/3929
f 3930/3930/3930 3942/3942/3942 3830/3830/3830
f 3830/3830/3830 3817/3817/3817 3930/3930/3930
f 3838/3838/3838 3943/3943/3943 3944/3944/3944
f 3944/3944/3944 3945/3945/3945 3838/3838/3838
f 3839/3839/3839 3946/3946/3946 3947/3947/3947
f 3947/3947/3947 3837/3837/3837 3839/3839/3839
f 3842/3842/3842 3948/3948/3948 3946/3946/3946
f 3946/3946/3946 3839/3839/3839 3842/3842/3842
f 3910/3910/3910 3929/3929/3929 3928/3928/3928
f 3928/3928/3928 3907/3907/3907 3910/3910/3910
f 3922/3922/3922 3942/3942/3942 3930/3930/3930
f 3930/3930/3930 3909/3909/3909 3922/3922/3922
f 3944/3944/3944 3943/3943/3943 3923/3923/3923
f 3923/3923/3923 3949/3949/3949 3944/3944/3944
f 3924/3924/3924 3947/3947/3947 3946/3946/3946
f 3946/3946/3946 3925/3925/3925 3924/3924/3924
f 3946/3946/3946 3948/3948/3948 3926/3926/3926
f 3926/3926/3926 3925/3925/3925 3946/3946/3946
f 3443/3443/3443 3442/3442/3442 3449/3449/3449
f 3449/3449/3449 3448/3448/3448 3443/3443/3443
f 3950/3950/3950 3484/3484/3484 3487/3487/3487
f 3487/3487/3487 3758/3758/3758 3950/3950/3950
f 3484/3484/3484 3950/3950/3950 3444/3444/3444
f 3444/3444/3444 3443/3443/3443 3484/3484/3484
f 3554/3554/3554 3508/3508/3508 3442/3442/3442
f 3442/3442/3442 3445/3445/3445 3554/3554/3554
f 3545/3545/3545 3544/3544/3544 3551/3551/3551
f 3551/3551/3551 3550/3550/3550 3545/3545/3545
f 3545/3545/3545 3550/3550/3550 3509/3509/3509
f 3509/3509/3509 3508/3508/3508 3545/3545/3545
f 3637/3637/3637 3587/3587/3587 3590/3590/3590
f 3590/3590/3590 3656/3656/3656 3637/3637/3637
f 3628/3628/3628 3627/3627/3627 3634/3634/3634
f 3634/3634/3634 3633/3633/3633 3628/3628/3628
f 3628/3628/3628 3633/3633/3633 3588/3588/3588
f 3588/3588/3588 3587/3587/3587 3628/3628/3628
f 3654/3654/3654 3590/3590/3590 3589/3589/3589
f 3589/3589/3589 3658/3658/3658 3654/3654/3654
f 3951/3951/3951 3693/3693/3693 3544/3544/3544
f 3544/3544/3544 3547/3547/3547 3951/3951/3951
f 3692/3692/3692 3952/3952/3952 3655/3655/3655
f 3655/3655/3655 3654/3654/3654 3692/3692/3692
f 3762/3762/3762 3732/3732/3732 3735/3735/3735
f 3735/3735/3735 3781/3781/3781 3762/3762/3762
f 3756/3756/3756 3487/3487/3487 3486/3486/3486
f 3486/3486/3486 3760/3760/3760 3756/3756/3756
f 3756/3756/3756 3760/3760/3760 3733/3733/3733
f 3733/3733/3733 3732/3732/3732 3756/3756/3756
f 3779/3779/3779 3735/3735/3735 3734/3734/3734
f 3734/3734/3734 3783/3783/3783 3779/3779/3779
f 3953/3953/3953 3834/3834/3834 3838/3838/3838
f 3838/3838/3838 3945/3945/3945 3953/3953/3953
f 3833/3833/3833 3954/3954/3954 3780/3780/3780
f 3780/3780/3780 3779/3779/3779 3833/3833/3833
f 3878/3878/3878 3877/3877/3877 3884/3884/3884
f 3884/3884/3884 3883/3883/3883 3878/3878/3878
f 3955/3955/3955 3903/3903/3903 3627/3627/3627
f 3627/3627/3627 3630/3630/3630 3955/3955/3955
f 3903/3903/3903 3955/3955/3955 3879/3879/3879
f 3879/3879/3879 3878/3878/3878 3903/3903/3903
f 3949/3949/3949 3923/3923/3923 3877/3877/3877
f 3877/3877/3877 3880/3880/3880 3949/3949/3949
f 3943/3943/3943 3838/3838/3838 3837/3837/3837
f 3837/3837/3837 3947/3947/3947 3943/3943/3943
f 3943/3943/3943 3947/3947/3947 3924/3924/3924
f 3924/3924/3924 3923/3923/3923 3943/3943/3943
f 3956/3956/3956 3957/3957/3957 3439/3439/3439
f 3439/3439/3439 3438/3438/3438 3956/3956/3956
f 3481/3481/3481 3958/3958/3958 3959/3959/3959
f 3959/3959/3959 3466/3466/3466 3481/3481/3481
f 3956/3956/3956 3438/3438/3438 3466/3466/3466
f 3466/3466/3466 3959/3959/3959 3956/3956/3956
f 3439/3439/3439 3957/3957/3957 3960/3960/3960
f 3960/3960/3960 3506/3506/3506 3439/3439/3439
f 3961/3961/3961 3962/3962/3962 3541/3541/3541
f 3541/3541/3541 3526/3526/3526 3961/3961/3961
f 3961/3961/3961 3526/3526/3526 3506/3506/3506
f 3506/3506/3506 3960/3960/3960 3961/3961/3961
f 3583/3583/3583 3963/3963/3963 3964/3964/3964
f 3964/3964/3964 3584/3584/3584 3583/3583/3583
f 3965/3965/3965 3966/3966/3966 3624/3624/3624
f 3624/3624/3624 3609/3609/3609 3965/3965/3965
f 3965/3965/3965 3609/3609/3609 3584/3584/3584
f 3584/3584/3584 3964/3964/3964 3965/3965/3965
f 3967/3967/3967 3963/3963/3963 3583/3583/3583
f 3583/3583/3583 3652/3652/3652 3967/3967/3967
f 3541/3541/3541 3962/3962/3962 3969/3969/3969
f 3969/3969/3969 3689/3689/3689 3541/3541/3541
f 3967/3967/3967 3652/3652/3652 3688/3688/3688
f 3688/3688/3688 3968/3968/3968 3967/3967/3967
f 3728/3728/3728 3970/3970/3970 3971/3971/3971
f 3971/3971/3971 3729/3729/3729 3728/3728/3728
f 3972/3972/3972 3958/3958/3958 3481/3481/3481
f 3481/3481/3481 3754/3754/3754 3972/3972/3972
f 3972/3972/3972 3754/3754/3754 3729/3729/3729
f 3729/3729/3729 3971/3971/3971 3972/3972/3972
f 3973/3973/3973 3970/3970/3970 3728/3728/3728
f 3728/3728/3728 3777/3777/3777 3973/3973/3973
f 3829/3829/3829 3974/3974/3974 3975/3975/3975
f 3975/3975/3975 3814/3814/3814 3829/3829/3829
f 3973/3973/3973 3777/3777/3777 3813/3813/3813
f 3813/3813/3813 3976/3976/3976 3973/3973/3973
f 3977/3977/3977 3978/3978/3978 3874/3874/3874
f 3874/3874/3874 3873/3873/3873 3977/3977/3977
f 3624/3624/3624 3966/3966/3966 3979/3979/3979
f 3979/3979/3979 3901/3901/3901 3624/3624/3624
f 3977/3977/3977 3873/3873/3873 3901/3901/3901
f 3901/3901/3901 3979/3979/3979 3977/3977/3977
f 3874/3874/3874 3978/3978/3978 3980/3980/3980
f 3980/3980/3980 3921/3921/3921 3874/3874/3874
f 3981/3981/3981 3974/3974/3974 3829/3829/3829
f 3829/3829/3829 3941/3941/3941 3981/3981/3981
f 3981/3981/3981 3941/3941/3941 3921/3921/3921
f 3921/3921/3921 3980/3980/3980 3981/3981/3981
f 3451/3451/3451 3450/3450/3450 3957/3957/3957
f 3957/3957/3957 3956/3956/3956 3451/3451/3451
f 3958/3958/3958 3490/3490/3490 3491/3491/3491
f 3491/3491/3491 3959/3959/3959 3958/3958/3958
f 3451/3451/3451 3956/3956/3956 3959/3959/3959
f 3959/3959/3959 3491/3491/3491 3451/3451/3451
f 3957/3957/3957 3450/3450/3450 3511/3511/3511
f 3511/3511/3511 3960/3960/3960 3957/3957/3957
f 3553/3553/3553 3552/3552/3552 3962/3962/3962
f 3962/3962/3962 3961/3961/3961 3553/3553/3553
f 3553/3553/3553 3961/3961/3961 3960/3960/3960
f 3960/3960/3960 3511/3511/3511 3553/3553/3553
f 3963/3963/3963 3593/3593/3593 3594/3594/3594
f 3594/3594/3594 3964/3964/3964 3963/3963/3963
f 3636/3636/3636 3635/3635/3635 3966/3966/3966
f 3966/3966/3966 3965/3965/3965 3636/3636/3636
f 3636/3636/3636 3965/3965/3965 3964/3964/3964
f 3964/3964/3964 3594/3594/3594 3636/3636/3636
f 3659/3659/3659 3593/3593/3593 3963/3963/3963
f 3963/3963/3963 3967/3967/3967 3659/3659/3659
f 3962/3962/3962 3552/3552/3552 3698/3698/3698
f 3698/3698/3698 3969/3969/3969 3962/3962/3962
f 3659/3659/3659 3967/3967/3967 3968/3968/3968
f 3968/3968/3968 3699/3699/3699 3659/3659/3659
f 3970/3970/3970 3738/3738/3738 3739/3739/3739
f 3739/3739/3739 3971/3971/3971 3970/3970/3970
f 3761/3761/3761 3490/3490/3490 3958/3958/3958
f 3958/3958/3958 3972/3972/3972 3761/3761/3761
f 3761/3761/3761 3972/3972/3972 3971/3971/3971
f 3971/3971/3971 3739/3739/3739 3761/3761/3761
f 3784/3784/3784 3738/3738/3738 3970/3970/3970
f 3970/3970/3970 3973/3973/3973 3784/3784/3784
f 3974/3974/3974 3842/3842/3842 3843/3843/3843
f 3843/3843/3843 3975/3975/3975 3974/3974/3974
f 3784/3784/3784 3973/3973/3973 3976/3976/3976
f 3976/3976/3976 3844/3844/3844 3784/3784/3784
f 3886/3886/3886 3885/3885/3885 3978/3978/3978
f 3978/3978/3978 3977/3977/3977 3886/3886/3886
f 3966/3966/3966 3635/3635/3635 3906/3906/3906
f 3906/3906/3906 3979/3979/3979 3966/3966/3966
f 3886/3886/3886 3977/3977/3977 3979/3979/3979
f 3979/3979/3979 3906/3906/3906 3886/3886/3886
f 3978/3978/3978 3885/3885/3885 3926/3926/3926
f 3926/3926/3926 3980/3980/3980 3978/3978/3978
f 3948/3948/3948 3842/3842/3842 3974/3974/3974
f 3974/3974/3974 3981/3981/3981 3948/3948/3948
f 3948/3948/3948 3981/3981/3981 3980/3980/3980
f 3980/3980/3980 3926/3926/3926 3948/3948/3948
f 3433/3433/3433 3432/3432/3432 3435/3435/3435
f 3435/3435/3435 3434/3434/3434 3433/3433/3433
f 3432/3432/3432 3463/3463/3463 3464/3464/3464
f 3464/3464/3464 3435/3435/3435 3432/3432/3432
f 3464/3464/3464 3463/3463/3463 3478/3478/3478
f 3478/3478/3478 3479/3479/3479 3464/3464/3464
f 3505/3505/3505 3503/3503/3503 3433/3433/3433
f 3433/3433/3433 3434/3434/3434 3505/3505/3505
f 3538/3538/3538 3523/3523/3523 3524/3524/3524
f 3524/3524/3524 3539/3539/3539 3538/3538/3538
f 3523/3523/3523 3503/3503/3503 3505/3505/3505
f 3505/3505/3505 3524/3524/3524 3523/3523/3523
f 3582/3582/3582 3578/3578/3578 3577/3577/3577
f 3577/3577/3577 3579/3579/3579 3582/3582/3582
f 3621/3621/3621 3606/3606/3606 3607/3607/3607
f 3607/3607/3607 3622/3622/3622 3621/3621/3621
f 3606/3606/3606 3578/3578/3578 3582/3582/3582
f 3582/3582/3582 3607/3607/3607 3606/3606/3606
f 3577/3577/3577 3649/3649/3649 3650/3650/3650
f 3650/3650/3650 3579/3579/3579 3577/3577/3577
f 3684/3684/3684 3683/3683/3683 3538/3538/3538
f 3538/3538/3538 3539/3539/3539 3684/3684/3684
f 3649/3649/3649 3682/3682/3682 3685/3685/3685
f 3685/3685/3685 3650/3650/3650 3649/3649/3649
f 3727/3727/3727 3723/3723/3723 3722/3722/3722
f 3722/3722/3722 3724/3724/3724 3727/3727/3727
f 3478/3478/3478 3751/3751/3751 3752/3752/3752
f 3752/3752/3752 3479/3479/3479 3478/3478/3478
f 3751/3751/3751 3723/3723/3723 3727/3727/3727
f 3727/3727/3727 3752/3752/3752 3751/3751/3751
f 3722/3722/3722 3774/3774/3774 3775/3775/3775
f 3775/3775/3775 3724/3724/3724 3722/3722/3722
f 3809/3809/3809 3807/3807/3807 3826/3826/3826
f 3826/3826/3826 3827/3827/3827 3809/3809/3809
f 3774/3774/3774 3808/3808/3808 3810/3810/3810
f 3810/3810/3810 3775/3775/3775 3774/3774/3774
f 3868/3868/3868 3867/3867/3867 3870/3870/3870
f 3870/3870/3870 3869/3869/3869 3868/3868/3868
f 3899/3899/3899 3898/3898/3898 3621/3621/3621
f 3621/3621/3621 3622/3622/3622 3899/3899/3899
f 3867/3867/3867 3898/3898/3898 3899/3899/3899
f 3899/3899/3899 3870/3870/3870 3867/3867/3867
f 3920/3920/3920 3918/3918/3918 3868/3868/3868
f 3868/3868/3868 3869/3869/3869 3920/3920/3920
f 3826/3826/3826 3938/3938/3938 3939/3939/3939
f 3939/3939/3939 3827/3827/3827 3826/3826/3826
f 3938/3938/3938 3918/3918/3918 3920/3920/3920
f 3920/3920/3920 3939/3939/3939 3938/3938/3938
f 3431/3431/3431 3425/3425/3425 3424/3424/3424
f 3424/3424/3424 3428/3428/3428 3431/3431/3431
f 3424/3424/3424 3460/3460/3460 3461/3461/3461
f 3461/3461/3461 3428/3428/3428 3424/3424/3424
f 3460/3460/3460 3475/3475/3475 3477/3477/3477
f 3477/3477/3477 3461/3461/3461 3460/3460/3460
f 3499/3499/3499 3425/3425/3425 3431/3431/3431
f 3431/3431/3431 3502/3502/3502 3499/3499/3499
f 3537/3537/3537 3534/3534/3534 3520/3520/3520
f 3520/3520/3520 3521/3521/3521 3537/3537/3537
f 3520/3520/3520 3499/3499/3499 3502/3502/3502
f 3502/3502/3502 3521/3521/3521 3520/3520/3520
f 3569/3569/3569 3572/3572/3572 3576/3576/3576
f 3576/3576/3576 3575/3575/3575 3569/3569/3569
f 3620/3620/3620 3617/3617/3617 3603/3603/3603
f 3603/3603/3603 3604/3604/3604 3620/3620/3620
f 3603/3603/3603 3569/3569/3569 3575/3575/3575
f 3575/3575/3575 3604/3604/3604 3603/3603/3603
f 3576/3576/3576 3572/3572/3572 3645/3645/3645
f 3645/3645/3645 3647/3647/3647 3576/3576/3576
f 3676/3676/3676 3534/3534/3534 3537/3537/3537
f 3537/3537/3537 3679/3679/3679 3676/3676/3676
f 3645/3645/3645 3677/3677/3677 3678/3678/3678
f 3678/3678/3678 3647/3647/3647 3645/3645/3645
f 3714/3714/3714 3717/3717/3717 3721/3721/3721
f 3721/3721/3721 3720/3720/3720 3714/3714/3714
f 3477/3477/3477 3475/3475/3475 3748/3748/3748
f 3748/3748/3748 3749/3749/3749 3477/3477/3477
f 3748/3748/3748 3714/3714/3714 3720/3720/3720
f 3720/3720/3720 3749/3749/3749 3748/3748/3748
f 3721/3721/3721 3717/3717/3717 3770/3770/3770
f 3770/3770/3770 3772/3772/3772 3721/3721/3721
f 3802/3802/3802 3823/3823/3823 3825/3825/3825
f 3825/3825/3825 3804/3804/3804 3802/3802/3802
f 3770/3770/3770 3801/3801/3801 3803/3803/3803
f 3803/3803/3803 3772/3772/3772 3770/3770/3770
f 3866/3866/3866 3860/3860/3860 3859/3859/3859
f 3859/3859/3859 3863/3863/3863 3866/3866/3866
f 3895/3895/3895 3617/3617/3617 3620/3620/3620
f 3620/3620/3620 3896/3896/3896 3895/3895/3895
f 3859/3859/3859 3895/3895/3895 3896/3896/3896
f 3896/3896/3896 3863/3863/3863 3859/3859/3859
f 3914/3914/3914 3860/3860/3860 3866/3866/3866
f 3866/3866/3866 3917/3917/3917 3914/3914/3914
f 3825/3825/3825 3823/3823/3823 3935/3935/3935
f 3935/3935/3935 3936/3936/3936 3825/3825/3825
f 3935/3935/3935 3914/3914/3914 3917/3917/3917
f 3917/3917/3917 3936/3936/3936 3935/3935/3935
f 3423/3423/3423 3422/3422/3422 3427/3427/3427
f 3427/3427/3427 3426/3426/3426 3423/3423/3423
f 3422/3422/3422 3458/3458/3458 3459/3459/3459
f 3459/3459/3459 3427/3427/3427 3422/3422/3422
f 3459/3459/3459 3458/3458/3458 3473/3473/3473
f 3473/3473/3473 3474/3474/3474 3459/3459/3459
f 3500/3500/3500 3498/3498/3498 3423/3423/3423
f 3423/3423/3423 3426/3426/3426 3500/3500/3500
f 3533/3533/3533 3518/3518/3518 3519/3519/3519
f 3519/3519/3519 3535/3535/3535 3533/3533/3533
f 3518/3518/3518 3498/3498/3498 3500/3500/3500
f 3500/3500/3500 3519/3519/3519 3518/3518/3518
f 3570/3570/3570 3568/3568/3568 3567/3567/3567
f 3567/3567/3567 3571/3571/3571 3570/3570/3570
f 3616/3616/3616 3601/3601/3601 3602/3602/3602
f 3602/3602/3602 3618/3618/3618 3616/3616/3616
f 3601/3601/3601 3568/3568/3568 3570/3570/3570
f 3570/3570/3570 3602/3602/3602 3601/3601/3601
f 3567/3567/3567 3644/3644/3644 3646/3646/3646
f 3646/3646/3646 3571/3571/3571 3567/3567/3567
f 3675/3675/3675 3672/3672/3672 3533/3533/3533
f 3533/3533/3533 3535/3535/3535 3675/3675/3675
f 3644/3644/3644 3673/3673/3673 3674/3674/3674
f 3674/3674/3674 3646/3646/3646 3644/3644/3644
f 3715/3715/3715 3713/3713/3713 3712/3712/3712
f 3712/3712/3712 3716/3716/3716 3715/3715/3715
f 3473/3473/3473 3746/3746/3746 3747/3747/3747
f 3747/3747/3747 3474/3474/3474 3473/3473/3473
f 3746/3746/3746 3713/3713/3713 3715/3715/3715
f 3715/3715/3715 3747/3747/3747 3746/3746/3746
f 3712/3712/3712 3769/3769/3769 3771/3771/3771
f 3771/3771/3771 3716/3716/3716 3712/3712/3712
f 3800/3800/3800 3798/3798/3798 3821/3821/3821
f 3821/3821/3821 3822/3822/3822 3800/3800/3800
f 3769/3769/3769 3797/3797/3797 3799/3799/3799
f 3799/3799/3799 3771/3771/3771 3769/3769/3769
f 3858/3858/3858 3857/3857/3857 3862/3862/3862
f 3862/3862/3862 3861/3861/3861 3858/3858/3858
f 3894/3894/3894 3893/3893/3893 3616/3616/3616
f 3616/3616/3616 3618/3618/3618 3894/3894/3894
f 3857/3857/3857 3893/3893/3893 3894/3894/3894
f 3894/3894/3894 3862/3862/3862 3857/3857/3857
f 3915/3915/3915 3913/3913/3913 3858/3858/3858
f 3858/3858/3858 3861/3861/3861 3915/3915/3915
f 3821/3821/3821 3933/3933/3933 3934/3934/3934
f 3934/3934/3934 3822/3822/3822 3821/3821/3821
f 3933/3933/3933 3913/3913/3913 3915/3915/3915
f 3915/3915/3915 3934/3934/3934 3933/3933/3933
f 3440/3440/3440 3483/3483/3483 3456/3456/3456
f 3456/3456/3456 3421/3421/3421 3440/3440/3440
f 3420/3420/3420 3441/3441/3441 3440/3440/3440
f 3440/3440/3440 3421/3421/3421 3420/3420/3420
f 3483/3483/3483 3482/3482/3482 3471/3471/3471
f 3471/3471/3471 3456/3456/3456 3483/3483/3483
f 3507/3507/3507 3441/3441/3441 3420/3420/3420
f 3420/3420/3420 3497/3497/3497 3507/3507/3507
f 3532/3532/3532 3543/3543/3543 3542/3542/3542
f 3542/3542/3542 3516/3516/3516 3532/3532/3532
f 3542/3542/3542 3507/3507/3507 3497/3497/3497
f 3497/3497/3497 3516/3516/3516 3542/3542/3542
f 3586/3586/3586 3585/3585/3585 3565/3565/3565
f 3565/3565/3565 3564/3564/3564 3586/3586/3586
f 3615/3615/3615 3626/3626/3626 3625/3625/3625
f 3625/3625/3625 3599/3599/3599 3615/3615/3615
f 3625/3625/3625 3586/3586/3586 3564/3564/3564
f 3564/3564/3564 3599/3599/3599 3625/3625/3625
f 3565/3565/3565 3585/3585/3585 3653/3653/3653
f 3653/3653/3653 3643/3643/3643 3565/3565/3565
f 3691/3691/3691 3543/3543/3543 3532/3532/3532
f 3532/3532/3532 3668/3668/3668 3691/3691/3691
f 3653/3653/3653 3690/3690/3690 3669/3669/3669
f 3669/3669/3669 3643/3643/3643 3653/3653/3653
f 3731/3731/3731 3730/3730/3730 3710/3710/3710
f 3710/3710/3710 3709/3709/3709 3731/3731/3731
f 3471/3471/3471 3482/3482/3482 3755/3755/3755
f 3755/3755/3755 3744/3744/3744 3471/3471/3471
f 3755/3755/3755 3731/3731/3731 3709/3709/3709
f 3709/3709/3709 3744/3744/3744 3755/3755/3755
f 3710/3710/3710 3730/3730/3730 3778/3778/3778
f 3778/3778/3778 3768/3768/3768 3710/3710/3710
f 3832/3832/3832 3830/3830/3830 3819/3819/3819
f 3819/3819/3819 3793/3793/3793 3832/3832/3832
f 3778/3778/3778 3831/3831/3831 3794/3794/3794
f 3794/3794/3794 3768/3768/3768 3778/3778/3778
f 3855/3855/3855 3876/3876/3876 3875/3875/3875
f 3875/3875/3875 3856/3856/3856 3855/3855/3855
f 3902/3902/3902 3626/3626/3626 3615/3615/3615
f 3615/3615/3615 3891/3891/3891 3902/3902/3902
f 3875/3875/3875 3902/3902/3902 3891/3891/3891
f 3891/3891/3891 3856/3856/3856 3875/3875/3875
f 3922/3922/3922 3876/3876/3876 3855/3855/3855
f 3855/3855/3855 3912/3912/3912 3922/3922/3922
f 3819/3819/3819 3830/3830/3830 3942/3942/3942
f 3942/3942/3942 3931/3931/3931 3819/3819/3819
f 3942/3942/3942 3922/3922/3922 3912/3912/3912
f 3912/3912/3912 3931/3931/3931 3942/3942/3942
f 3982/3982/3982 3983/3983/3983 3984/3984/3984
f 3984/3984/3984 3987/3987/3987 3982/3982/3982
f 3983/3983/3983 3982/3982/3982 3988/3988/3988
f 3988/3988/3988 3989/3989/3989 3983/3983/3983
f 3988/3988/3988 3990/3990/3990 3991/3991/3991
f 3991/3991/3991 3989/3989/3989 3988/3988/3988
f 3987/3987/3987 3992/3992/3992 3994/3994/3994
f 3994/3994/3994 3982/3982/3982 3987/3987/3987
f 3995/3995/3995 3988/3988/3988 3982/3982/3982
f 3982/3982/3982 3994/3994/3994 3995/3995/3995
f 3988/3988/3988 3995/3995/3995 3996/3996/3996
f 3996/3996/3996 3990/3990/3990 3988/3988/3988
f 3997/3997/3997 3999/3999/3999 3994/3994/3994
f 3994/3994/3994 3992/3992/3992 3997/3997/3997
f 3999/3999/3999 4000/4000/4000 3995/3995/3995
f 3995/3995/3995 3994/3994/3994 3999/3999/3999
f 3995/3995/3995 4000/4000/4000 4001/4001/4001
f 4001/4001/4001 3996/3996/3996 3995/3995/3995
f 3984/3984/3984 3983/3983/3983 4002/4002/4002
f 4002/4002/4002 4004/4004/4004 3984/3984/3984
f 3983/3983/3983 3989/3989/3989 4005/4005/4005
f 4005/4005/4005 4002/4002/4002 3983/3983/3983
f 4005/4005/4005 3989/3989/3989 3991/3991/3991
f 3991/3991/3991 4006/4006/4006 4005/4005/4005
f 4007/4007/4007 4004/4004/4004 4002/4002/4002
f 4002/4002/4002 4009/4009/4009 4007/4007/4007
f 4009/4009/4009 4002/4002/4002 4005/4005/4005
f 4005/4005/4005 4010/4010/4010 4009/4009/4009
f 4012/4012/4012 4007/4007/4007 4009/4009/4009
f 4009/4009/4009 4013/4013/4013 4012/4012/4012
f 4010/4010/4010 4014/4014/4014 4013/4013/4013
f 4013/4013/4013 4009/4009/4009 4010/4010/4010
f 4015/4015/4015 4014/4014/4014 4010/4010/4010
f 4010/4010/4010 4016/4016/4016 4015/4015/4015
f 4006/4006/4006 4016/4016/4016 4010/4010/4010
f 4010/4010/4010 4005/4005/4005 4006/4006/4006
f 4017/4017/4017 4019/4019/4019 4020/4020/4020
f 4020/4020/4020 4021/4021/4021 4017/4017/4017
f 4019/4019/4019 4023/4023/4023 4024/4024/4024
f 4024/4024/4024 4020/4020/4020 4019/4019/4019
f 4024/4024/4024 4023/4023/4023 4025/4025/4025
f 4025/4025/4025 4026/4026/4026 4024/4024/4024
f 4028/4028/4028 4021/4021/4021 4020/4020/4020
f 4020/4020/4020 4029/4029/4029 4028/4028/4028
f 4029/4029/4029 4020/4020/4020 4024/4024/4024
f 4024/4024/4024 4030/4030/4030 4029/4029/4029
f 4029/4029/4029 4031/4031/4031 4032/4032/4032
f 4032/4032/4032 4028/4028/4028 4029/4029/4029
f 4031/4031/4031 4029/4029/4029 4030/4030/4030
f 4030/4030/4030 4034/4034/4034 4031/4031/4031
f 4030/4030/4030 4035/4035/4035 4036/4036/4036
f 4036/4036/4036 4034/4034/4034 4030/4030/4030
f 4026/4026/4026 4035/4035/4035 4030/4030/4030
f 4030/4030/4030 4024/4024/4024 4026/4026/4026
f 4037/4037/4037 4019/4019/4019 4017/4017/4017
f 4017/4017/4017 4038/4038/4038 4037/4037/4037
f 4019/4019/4019 4037/4037/4037 4040/4040/4040
f 4040/4040/4040 4023/4023/4023 4019/4019/4019
f 4040/4040/4040 4041/4041/4041 4025/4025/4025
f 4025/4025/4025 4023/4023/4023 4040/4040/4040
f 4037/4037/4037 4038/4038/4038 4043/4043/4043
f 4043/4043/4043 4045/4045/4045 4037/4037/4037
f 4045/4045/4045 4046/4046/4046 4040/4040/4040
f 4040/4040/4040 4037/4037/4037 4045/4045/4045
f 4040/4040/4040 4046/4046/4046 4047/4047/4047
f 4047/4047/4047 4041/4041/4041 4040/4040/4040
f 4012/4012/4012 4013/4013/4013 4045/4045/4045
f 4045/4045/4045 4043/4043/4043 4012/4012/4012
f 4013/4013/4013 4014/4014/4014 4046/4046/4046
f 4046/4046/4046 4045/4045/4045 4013/4013/4013
f 4046/4046/4046 4014/4014/4014 4015/4015/4015
f 4015/4015/4015 4047/4047/4047 4046/4046/4046
f 4048/4048/4048 4050/4050/4050 4051/4051/4051
f 4051/4051/4051 4053/4053/4053 4048/4048/4048
f 4050/4050/4050 4054/4054/4054 4055/4055/4055
f 4055/4055/4055 4051/4051/4051 4050/4050/4050
f 4055/4055/4055 4054/4054/4054 4056/4056/4056
f 4056/4056/4056 4057/4057/4057 4055/4055/4055
f 4059/4059/4059 4053/4053/4053 4051/4051/4051
f 4051/4051/4051 4060/4060/4060 4059/4059/4059
f 4060/4060/4060 4051/4051/4051 4055/4055/4055
f 4055/4055/4055 4061/4061/4061 4060/4060/4060
f 4060/4060/4060 3999/3999/3999 3997/3997/3997
f 3997/3997/3997 4059/4059/4059 4060/4060/4060
f 3999/3999/3999 4060/4060/4060 4061/4061/4061
f 4061/4061/4061 4000/4000/4000 3999/3999/3999
f 4061/4061/4061 4062/4062/4062 4001/4001/4001
f 4001/4001/4001 4000/4000/4000 4061/4061/4061
f 4057/4057/4057 4062/4062/4062 4061/4061/4061
f 4061/4061/4061 4055/4055/4055 4057/4057/4057
f 4063/4063/4063 4050/4050/4050 4048/4048/4048
f 4048/4048/4048 4064/4064/4064 4063/4063/4063
f 4050/4050/4050 4063/4063/4063 4066/4066/4066
f 4066/4066/4066 4054/4054/4054 4050/4050/4050
f 4066/4066/4066 4067/4067/4067 4056/4056/4056
f 4056/4056/4056 4054/4054/4054 4066/4066/4066
f 4064/4064/4064 4068/4068/4068 4071/4071/4071
f 4071/4071/4071 4063/4063/4063 4064/4064/4064
f 4071/4071/4071 4072/4072/4072 4066/4066/4066
f 4066/4066/4066 4063/4063/4063 4071/4071/4071
f 4073/4073/4073 4075/4075/4075 4071/4071/4071
f 4071/4071/4071 4068/4068/4068 4073/4073/4073
f 4075/4075/4075 4076/4076/4076 4072/4072/4072
f 4072/4072/4072 4071/4071/4071 4075/4075/4075
f 4072/4072/4072 4076/4076/4076 4077/4077/4077
f 4077/4077/4077 4078/4078/4078 4072/4072/4072
f 4066/4066/4066 4072/4072/4072 4078/4078/4078
f 4078/4078/4078 4067/4067/4067 4066/4066/4066
f 4079/4079/4079 4080/4080/4080 4081/4081/4081
f 4081/4081/4081 4084/4084/4084 4079/4079/4079
f 4080/4080/4080 4079/4079/4079 4085/4085/4085
f 4085/4085/4085 4086/4086/4086 4080/4080/4080
f 4085/4085/4085 4087/4087/4087 4088/4088/4088
f 4088/4088/4088 4086/4086/4086 4085/4085/4085
f 4084/4084/4084 4090/4090/4090 4091/4091/4091
f 4091/4091/4091 4079/4079/4079 4084/4084/4084
f 4091/4091/4091 4092/4092/4092 4085/4085/4085
f 4085/4085/4085 4079/4079/4079 4091/4091/4091
f 4032/4032/4032 4031/4031/4031 4091/4091/4091
f 4091/4091/4091 4090/4090/4090 4032/4032/4032
f 4031/4031/4031 4034/4034/4034 4092/4092/4092
f 4092/4092/4092 4091/4091/4091 4031/4031/4031
f 4092/4092/4092 4034/4034/4034 4036/4036/4036
f 4036/4036/4036 4093/4093/4093 4092/4092/4092
f 4085/4085/4085 4092/4092/4092 4093/4093/4093
f 4093/4093/4093 4087/4087/4087 4085/4085/4085
f 4081/4081/4081 4080/4080/4080 4094/4094/4094
f 4094/4094/4094 4095/4095/4095 4081/4081/4081
f 4080/4080/4080 4086/4086/4086 4097/4097/4097
f 4097/4097/4097 4094/4094/4094 4080/4080/4080
f 4097/4097/4097 4086/4086/4086 4088/4088/4088
f 4088/4088/4088 4098/4098/4098 4097/4097/4097
f 4100/4100/4100 4095/4095/4095 4094/4094/4094
f 4094/4094/4094 4101/4101/4101 4100/4100/4100
f 4101/4101/4101 4094/4094/4094 4097/4097/4097
f 4097/4097/4097 4102/4102/4102 4101/4101/4101
f 4101/4101/4101 4075/4075/4075 4073/4073/4073
f 4073/4073/4073 4100/4100/4100 4101/4101/4101
f 4075/4075/4075 4101/4101/4101 4102/4102/4102
f 4102/4102/4102 4076/4076/4076 4075/4075/4075
f 4102/4102/4102 4103/4103/4103 4077/4077/4077
f 4077/4077/4077 4076/4076/4076 4102/4102/4102
f 4098/4098/4098 4103/4103/4103 4102/4102/4102
f 4102/4102/4102 4097/4097/4097 4098/4098/4098
f 4104/4104/4104 4105/4105/4105 3991/3991/3991
f 3991/3991/3991 3990/3990/3990 4104/4104/4104
f 4106/4106/4106 4107/4107/4107 4108/4108/4108
f 4108/4108/4108 4109/4109/4109 4106/4106/4106
f 4110/4110/4110 4111/4111/4111 4112/4112/4112
f 4112/4112/4112 4113/4113/4113 4110/4110/4110
f 4111/4111/4111 4114/4114/4114 4115/4115/4115
f 4115/4115/4115 4112/4112/4112 4111/4111/4111
f 4116/4116/4116 4117/4117/4117 4118/4118/4118
f 4118/4118/4118 4119/4119/4119 4116/4116/4116
f 4120/4120/4120 4106/4106/4106 4109/4109/4109
f 4109/4109/4109 4121/4121/4121 4120/4120/4120
f 4122/4122/4122 4123/4123/4123 4120/4120/4120
f 4120/4120/4120 4121/4121/4121 4122/4122/4122
f 4117/4117/4117 4110/4110/4110 4113/4113/4113
f 4113/4113/4113 4118/4118/4118 4117/4117/4117
f 4107/4107/4107 4116/4116/4116 4119/4119/4119
f 4119/4119/4119 4108/4108/4108 4107/4107/4107
f 4105/4105/4105 4104/4104/4104 4123/4123/4123
f 4123/4123/4123 4122/4122/4122 4105/4105/4105
f 3990/3990/3990 3996/3996/3996 4124/4124/4124
f 4124/4124/4124 4104/4104/4104 3990/3990/3990
f 4110/4110/4110 4125/4125/4125 4126/4126/4126
f 4126/4126/4126 4111/4111/4111 4110/4110/4110
f 4111/4111/4111 4126/4126/4126 4127/4127/4127
f 4127/4127/4127 4114/4114/4114 4111/4111/4111
f 4120/4120/4120 4128/4128/4128 4129/4129/4129
f 4129/4129/4129 4106/4106/4106 4120/4120/4120
f 4001/4001/4001 4130/4130/4130 4124/4124/4124
f 4124/4124/4124 3996/3996/3996 4001/4001/4001
f 4131/4131/4131 4132/4132/4132 4129/4129/4129
f 4129/4129/4129 4133/4133/4133 4131/4131/4131
f 4134/4134/4134 4126/4126/4126 4125/4125/4125
f 4125/4125/4125 4135/4135/4135 4134/4134/4134
f 4136/4136/4136 4127/4127/4127 4126/4126/4126
f 4126/4126/4126 4134/4134/4134 4136/4136/4136
f 4137/4137/4137 4138/4138/4138 4139/4139/4139
f 4139/4139/4139 4140/4140/4140 4137/4137/4137
f 4133/4133/4133 4129/4129/4129 4128/4128/4128
f 4128/4128/4128 4141/4141/4141 4133/4133/4133
f 4142/4142/4142 4141/4141/4141 4128/4128/4128
f 4128/4128/4128 4143/4143/4143 4142/4142/4142
f 4135/4135/4135 4125/4125/4125 4138/4138/4138
f 4138/4138/4138 4137/4137/4137 4135/4135/4135
f 4140/4140/4140 4139/4139/4139 4132/4132/4132
f 4132/4132/4132 4131/4131/4131 4140/4140/4140
f 4130/4130/4130 4142/4142/4142 4143/4143/4143
f 4143/4143/4143 4124/4124/4124 4130/4130/4130
f 4107/4107/4107 4106/4106/4106 4129/4129/4129
f 4129/4129/4129 4132/4132/4132 4107/4107/4107
f 4138/4138/4138 4117/4117/4117 4116/4116/4116
f 4116/4116/4116 4139/4139/4139 4138/4138/4138
f 4128/4128/4128 4120/4120/4120 4123/4123/4123
f 4123/4123/4123 4143/4143/4143 4128/4128/4128
f 4125/4125/4125 4110/4110/4110 4117/4117/4117
f 4117/4117/4117 4138/4138/4138 4125/4125/4125
f 4139/4139/4139 4116/4116/4116 4107/4107/4107
f 4107/4107/4107 4132/4132/4132 4139/4139/4139
f 4123/4123/4123 4104/4104/4104 4124/4124/4124
f 4124/4124/4124 4143/4143/4143 4123/4123/4123
f 3991/3991/3991 4105/4105/4105 4144/4144/4144
f 4144/4144/4144 4006/4006/4006 3991/3991/3991
f 4108/4108/4108 4145/4145/4145 4146/4146/4146
f 4146/4146/4146 4109/4109/4109 4108/4108/4108
f 4112/4112/4112 4147/4147/4147 4148/4148/4148
f 4148/4148/4148 4113/4113/4113 4112/4112/4112
f 4115/4115/4115 4149/4149/4149 4147/4147/4147
f 4147/4147/4147 4112/4112/4112 4115/4115/4115
f 4118/4118/4118 4150/4150/4150 4151/4151/4151
f 4151/4151/4151 4119/4119/4119 4118/4118/4118
f 4109/4109/4109 4146/4146/4146 4152/4152/4152
f 4152/4152/4152 4121/4121/4121 4109/4109/4109
f 4122/4122/4122 4121/4121/4121 4152/4152/4152
f 4152/4152/4152 4153/4153/4153 4122/4122/4122
f 4113/4113/4113 4148/4148/4148 4150/4150/4150
f 4150/4150/4150 4118/4118/4118 4113/4113/4113
f 4119/4119/4119 4151/4151/4151 4145/4145/4145
f 4145/4145/4145 4108/4108/4108 4119/4119/4119
f 4105/4105/4105 4122/4122/4122 4153/4153/4153
f 4153/4153/4153 4144/4144/4144 4105/4105/4105
f 4016/4016/4016 4006/4006/4006 4144/4144/4144
f 4144/4144/4144 4154/4154/4154 4016/4016/4016
f 4148/4148/4148 4147/4147/4147 4155/4155/4155
f 4155/4155/4155 4156/4156/4156 4148/4148/4148
f 4155/4155/4155 4147/4147/4147 4149/4149/4149
f 4149/4149/4149 4157/4157/4157 4155/4155/4155
f 4152/4152/4152 4146/4146/4146 4158/4158/4158
f 4158/4158/4158 4159/4159/4159 4152/4152/4152
f 4154/4154/4154 4160/4160/4160 4015/4015/4015
f 4015/4015/4015 4016/4016/4016 4154/4154/4154
f 4158/4158/4158 4161/4161/4161 4162/4162/4162
f 4162/4162/4162 4163/4163/4163 4158/4158/4158
f 4156/4156/4156 4155/4155/4155 4164/4164/4164
f 4164/4164/4164 4165/4165/4165 4156/4156/4156
f 4155/4155/4155 4157/4157/4157 4166/4166/4166
f 4166/4166/4166 4164/4164/4164 4155/4155/4155
f 4167/4167/4167 4168/4168/4168 4169/4169/4169
f 4169/4169/4169 4170/4170/4170 4167/4167/4167
f 4159/4159/4159 4158/4158/4158 4163/4163/4163
f 4163/4163/4163 4171/4171/4171 4159/4159/4159
f 4172/4172/4172 4173/4173/4173 4159/4159/4159
f 4159/4159/4159 4171/4171/4171 4172/4172/4172
f 4168/4168/4168 4156/4156/4156 4165/4165/4165
f 4165/4165/4165 4169/4169/4169 4168/4168/4168
f 4161/4161/4161 4167/4167/4167 4170/4170/4170
f 4170/4170/4170 4162/4162/4162 4161/4161/4161
f 4160/4160/4160 4154/4154/4154 4173/4173/4173
f 4173/4173/4173 4172/4172/4172 4160/4160/4160
f 4161/4161/4161 4158/4158/4158 4146/4146/4146
f 4146/4146/4146 4145/4145/4145 4161/4161/4161
f 4150/4150/4150 4168/4168/4168 4167/4167/4167
f 4167/4167/4167 4151/4151/4151 4150/4150/4150
f 4152/4152/4152 4159/4159/4159 4173/4173/4173
f 4173/4173/4173 4153/4153/4153 4152/4152/4152
f 4156/4156/4156 4168/4168/4168 4150/4150/4150
f 4150/4150/4150 4148/4148/4148 4156/4156/4156
f 4151/4151/4151 4167/4167/4167 4161/4161/4161
f 4161/4161/4161 4145/4145/4145 4151/4151/4151
f 4173/4173/4173 4154/4154/4154 4144/4144/4144
f 4144/4144/4144 4153/4153/4153 4173/4173/4173
f 4025/4025/4025 4174/4174/4174 4175/4175/4175
f 4175/4175/4175 4026/4026/4026 4025/4025/4025
f 4176/4176/4176 4177/4177/4177 4178/4178/4178
f 4178/4178/4178 4179/4179/4179 4176/4176/4176
f 4180/4180/4180 4181/4181/4181 4182/4182/4182
f 4182/4182/4182 4183/4183/4183 4180/4180/4180
f 4184/4184/4184 4185/4185/4185 4181/4181/4181
f 4181/4181/4181 4180/4180/4180 4184/4184/4184
f 4186/4186/4186 4187/4187/4187 4188/4188/4188
f 4188/4188/4188 4189/4189/4189 4186/4186/4186
f 4179/4179/4179 4178/4178/4178 4190/4190/4190
f 4190/4190/4190 4191/4191/4191 4179/4179/4179
f 4192/4192/4192 4191/4191/4191 4190/4190/4190
f 4190/4190/4190 4193/4193/4193 4192/4192/4192
f 4183/4183/4183 4182/4182/4182 4187/4187/4187
f 4187/4187/4187 4186/4186/4186 4183/4183/4183
f 4189/4189/4189 4188/4188/4188 4177/4177/4177
f 4177/4177/4177 4176/4176/4176 4189/4189/4189
f 4174/4174/4174 4192/4192/4192 4193/4193/4193
f 4193/4193/4193 4175/4175/4175 4174/4174/4174
f 4035/4035/4035 4026/4026/4026 4175/4175/4175
f 4175/4175/4175 4194/4194/4194 4035/4035/4035
f 4182/4182/4182 4181/4181/4181 4195/4195/4195
f 4195/4195/4195 4196/4196/4196 4182/4182/4182
f 4195/4195/4195 4181/4181/4181 4185/4185/4185
f 4185/4185/4185 4197/4197/4197 4195/4195/4195
f 4190/4190/4190 4178/4178/4178 4198/4198/4198
f 4198/4198/4198 4199/4199/4199 4190/4190/4190
f 4194/4194/4194 4200/4200/4200 4036/4036/4036
f 4036/4036/4036 4035/4035/4035 4194/4194/4194
f 4198/4198/4198 4201/4201/4201 4202/4202/4202
f 4202/4202/4202 4203/4203/4203 4198/4198/4198
f 4196/4196/4196 4195/4195/4195 4204/4204/4204
f 4204/4204/4204 4205/4205/4205 4196/4196/4196
f 4195/4195/4195 4197/4197/4197 4206/4206/4206
f 4206/4206/4206 4204/4204/4204 4195/4195/4195
f 4207/4207/4207 4208/4208/4208 4209/4209/4209
f 4209/4209/4209 4210/4210/4210 4207/4207/4207
f 4199/4199/4199 4198/4198/4198 4203/4203/4203
f 4203/4203/4203 4211/4211/4211 4199/4199/4199
f 4212/4212/4212 4213/4213/4213 4199/4199/4199
f 4199/4199/4199 4211/4211/4211 4212/4212/4212
f 4208/4208/4208 4196/4196/4196 4205/4205/4205
f 4205/4205/4205 4209/4209/4209 4208/4208/4208
f 4201/4201/4201 4207/4207/4207 4210/4210/4210
f 4210/4210/4210 4202/4202/4202 4201/4201/4201
f 4200/4200/4200 4194/4194/4194 4213/4213/4213
f 4213/4213/4213 4212/4212/4212 4200/4200/4200
f 4201/4201/4201 4198/4198/4198 4178/4178/4178
f 4178/4178/4178 4177/4177/4177 4201/4201/4201
f 4187/4187/4187 4208/4208/4208 4207/4207/4207
f 4207/4207/4207 4188/4188/4188 4187/4187/4187
f 4190/4190/4190 4199/4199/4199 4213/4213/4213
f 4213/4213/4213 4193/4193/4193 4190/4190/4190
f 4196/4196/4196 4208/4208/4208 4187/4187/4187
f 4187/4187/4187 4182/4182/4182 4196/4196/4196
f 4188/4188/4188 4207/4207/4207 4201/4201/4201
f 4201/4201/4201 4177/4177/4177 4188/4188/4188
f 4213/4213/4213 4194/4194/4194 4175/4175/4175
f 4175/4175/4175 4193/4193/4193 4213/4213/4213
f 4214/4214/4214 4174/4174/4174 4025/4025/4025
f 4025/4025/4025 4041/4041/4041 4214/4214/4214
f 4215/4215/4215 4216/4216/4216 4176/4176/4176
f 4176/4176/4176 4179/4179/4179 4215/4215/4215
f 4217/4217/4217 4218/4218/4218 4180/4180/4180
f 4180/4180/4180 4183/4183/4183 4217/4217/4217
f 4218/4218/4218 4219/4219/4219 4184/4184/4184
f 4184/4184/4184 4180/4180/4180 4218/4218/4218
f 4220/4220/4220 4221/4221/4221 4186/4186/4186
f 4186/4186/4186 4189/4189/4189 4220/4220/4220
f 4222/4222/4222 4215/4215/4215 4179/4179/4179
f 4179/4179/4179 4191/4191/4191 4222/4222/4222
f 4192/4192/4192 4223/4223/4223 4222/4222/4222
f 4222/4222/4222 4191/4191/4191 4192/4192/4192
f 4221/4221/4221 4217/4217/4217 4183/4183/4183
f 4183/4183/4183 4186/4186/4186 4221/4221/4221
f 4216/4216/4216 4220/4220/4220 4189/4189/4189
f 4189/4189/4189 4176/4176/4176 4216/4216/4216
f 4174/4174/4174 4214/4214/4214 4223/4223/4223
f 4223/4223/4223 4192/4192/4192 4174/4174/4174
f 4041/4041/4041 4047/4047/4047 4224/4224/4224
f 4224/4224/4224 4214/4214/4214 4041/4041/4041
f 4217/4217/4217 4225/4225/4225 4226/4226/4226
f 4226/4226/4226 4218/4218/4218 4217/4217/4217
f 4218/4218/4218 4226/4226/4226 4227/4227/4227
f 4227/4227/4227 4219/4219/4219 4218/4218/4218
f 4222/4222/4222 4228/4228/4228 4229/4229/4229
f 4229/4229/4229 4215/4215/4215 4222/4222/4222
f 4015/4015/4015 4160/4160/4160 4224/4224/4224
f 4224/4224/4224 4047/4047/4047 4015/4015/4015
f 4162/4162/4162 4230/4230/4230 4229/4229/4229
f 4229/4229/4229 4163/4163/4163 4162/4162/4162
f 4164/4164/4164 4226/4226/4226 4225/4225/4225
f 4225/4225/4225 4165/4165/4165 4164/4164/4164
f 4166/4166/4166 4227/4227/4227 4226/4226/4226
f 4226/4226/4226 4164/4164/4164 4166/4166/4166
f 4169/4169/4169 4231/4231/4231 4232/4232/4232
f 4232/4232/4232 4170/4170/4170 4169/4169/4169
f 4163/4163/4163 4229/4229/4229 4228/4228/4228
f 4228/4228/4228 4171/4171/4171 4163/4163/4163
f 4172/4172/4172 4171/4171/4171 4228/4228/4228
f 4228/4228/4228 4233/4233/4233 4172/4172/4172
f 4165/4165/4165 4225/4225/4225 4231/4231/4231
f 4231/4231/4231 4169/4169/4169 4165/4165/4165
f 4170/4170/4170 4232/4232/4232 4230/4230/4230
f 4230/4230/4230 4162/4162/4162 4170/4170/4170
f 4160/4160/4160 4172/4172/4172 4233/4233/4233
f 4233/4233/4233 4224/4224/4224 4160/4160/4160
f 4230/4230/4230 4216/4216/4216 4215/4215/4215
f 4215/4215/4215 4229/4229/4229 4230/4230/4230
f 4221/4221/4221 4220/4220/4220 4232/4232/4232
f 4232/4232/4232 4231/4231/4231 4221/4221/4221
f 4222/4222/4222 4223/4223/4223 4233/4233/4233
f 4233/4233/4233 4228/4228/4228 4222/4222/4222
f 4225/4225/4225 4217/4217/4217 4221/4221/4221
f 4221/4221/4221 4231/4231/4231 4225/4225/4225
f 4220/4220/4220 4216/4216/4216 4230/4230/4230
f 4230/4230/4230 4232/4232/4232 4220/4220/4220
f 4233/4233/4233 4223/4223/4223 4214/4214/4214
f 4214/4214/4214 4224/4224/4224 4233/4233/4233
f 4056/4056/4056 4234/4234/4234 4235/4235/4235
f 4235/4235/4235 4057/4057/4057 4056/4056/4056
f 4236/4236/4236 4237/4237/4237 4238/4238/4238
f 4238/4238/4238 4239/4239/4239 4236/4236/4236
f 4240/4240/4240 4241/4241/4241 4242/4242/4242
f 4242/4242/4242 4243/4243/4243 4240/4240/4240
f 4244/4244/4244 4245/4245/4245 4241/4241/4241
f 4241/4241/4241 4240/4240/4240 4244/4244/4244
f 4246/4246/4246 4247/4247/4247 4248/4248/4248
f 4248/4248/4248 4249/4249/4249 4246/4246/4246
f 4239/4239/4239 4238/4238/4238 4250/4250/4250
f 4250/4250/4250 4251/4251/4251 4239/4239/4239
f 4252/4252/4252 4251/4251/4251 4250/4250/4250
f 4250/4250/4250 4253/4253/4253 4252/4252/4252
f 4243/4243/4243 4242/4242/4242 4247/4247/4247
f 4247/4247/4247 4246/4246/4246 4243/4243/4243
f 4249/4249/4249 4248/4248/4248 4237/4237/4237
f 4237/4237/4237 4236/4236/4236 4249/4249/4249
f 4234/4234/4234 4252/4252/4252 4253/4253/4253
f 4253/4253/4253 4235/4235/4235 4234/4234/4234
f 4062/4062/4062 4057/4057/4057 4235/4235/4235
f 4235/4235/4235 4254/4254/4254 4062/4062/4062
f 4242/4242/4242 4241/4241/4241 4255/4255/4255
f 4255/4255/4255 4256/4256/4256 4242/4242/4242
f 4255/4255/4255 4241/4241/4241 4245/4245/4245
f 4245/4245/4245 4257/4257/4257 4255/4255/4255
f 4250/4250/4250 4238/4238/4238 4258/4258/4258
f 4258/4258/4258 4259/4259/4259 4250/4250/4250
f 4254/4254/4254 4130/4130/4130 4001/4001/4001
f 4001/4001/4001 4062/4062/4062 4254/4254/4254
f 4258/4258/4258 4260/4260/4260 4131/4131/4131
f 4131/4131/4131 4133/4133/4133 4258/4258/4258
f 4256/4256/4256 4255/4255/4255 4134/4134/4134
f 4134/4134/4134 4135/4135/4135 4256/4256/4256
f 4255/4255/4255 4257/4257/4257 4136/4136/4136
f 4136/4136/4136 4134/4134/4134 4255/4255/4255
f 4261/4261/4261 4262/4262/4262 4137/4137/4137
f 4137/4137/4137 4140/4140/4140 4261/4261/4261
f 4259/4259/4259 4258/4258/4258 4133/4133/4133
f 4133/4133/4133 4141/4141/4141 4259/4259/4259
f 4142/4142/4142 4263/4263/4263 4259/4259/4259
f 4259/4259/4259 4141/4141/4141 4142/4142/4142
f 4262/4262/4262 4256/4256/4256 4135/4135/4135
f 4135/4135/4135 4137/4137/4137 4262/4262/4262
f 4260/4260/4260 4261/4261/4261 4140/4140/4140
f 4140/4140/4140 4131/4131/4131 4260/4260/4260
f 4130/4130/4130 4254/4254/4254 4263/4263/4263
f 4263/4263/4263 4142/4142/4142 4130/4130/4130
f 4260/4260/4260 4258/4258/4258 4238/4238/4238
f 4238/4238/4238 4237/4237/4237 4260/4260/4260
f 4247/4247/4247 4262/4262/4262 4261/4261/4261
f 4261/4261/4261 4248/4248/4248 4247/4247/4247
f 4250/4250/4250 4259/4259/4259 4263/4263/4263
f 4263/4263/4263 4253/4253/4253 4250/4250/4250
f 4256/4256/4256 4262/4262/4262 4247/4247/4247
f 4247/4247/4247 4242/4242/4242 4256/4256/4256
f 4248/4248/4248 4261/4261/4261 4260/4260/4260
f 4260/4260/4260 4237/4237/4237 4248/4248/4248
f 4263/4263/4263 4254/4254/4254 4235/4235/4235
f 4235/4235/4235 4253/4253/4253 4263/4263/4263
f 4264/4264/4264 4234/4234/4234 4056/4056/4056
f 4056/4056/4056 4067/4067/4067 4264/4264/4264
f 4265/4265/4265 4266/4266/4266 4236/4236/4236
f 4236/4236/4236 4239/4239/4239 4265/4265/4265
f 4267/4267/4267 4268/4268/4268 4240/4240/4240
f 4240/4240/4240 4243/4243/4243 4267/4267/4267
f 4268/4268/4268 4269/4269/4269 4244/4244/4244
f 4244/4244/4244 4240/4240/4240 4268/4268/4268
f 4270/4270/4270 4271/4271/4271 4246/4246/4246
f 4246/4246/4246 4249/4249/4249 4270/4270/4270
f 4272/4272/4272 4265/4265/4265 4239/4239/4239
f 4239/4239/4239 4251/4251/4251 4272/4272/4272
f 4252/4252/4252 4273/4273/4273 4272/4272/4272
f 4272/4272/4272 4251/4251/4251 4252/4252/4252
f 4271/4271/4271 4267/4267/4267 4243/4243/4243
f 4243/4243/4243 4246/4246/4246 4271/4271/4271
f 4266/4266/4266 4270/4270/4270 4249/4249/4249
f 4249/4249/4249 4236/4236/4236 4266/4266/4266
f 4234/4234/4234 4264/4264/4264 4273/4273/4273
f 4273/4273/4273 4252/4252/4252 4234/4234/4234
f 4067/4067/4067 4078/4078/4078 4274/4274/4274
f 4274/4274/4274 4264/4264/4264 4067/4067/4067
f 4267/4267/4267 4275/4275/4275 4276/4276/4276
f 4276/4276/4276 4268/4268/4268 4267/4267/4267
f 4268/4268/4268 4276/4276/4276 4277/4277/4277
f 4277/4277/4277 4269/4269/4269 4268/4268/4268
f 4272/4272/4272 4278/4278/4278 4279/4279/4279
f 4279/4279/4279 4265/4265/4265 4272/4272/4272
f 4077/4077/4077 4280/4280/4280 4274/4274/4274
f 4274/4274/4274 4078/4078/4078 4077/4077/4077
f 4281/4281/4281 4282/4282/4282 4279/4279/4279
f 4279/4279/4279 4283/4283/4283 4281/4281/4281
f 4284/4284/4284 4276/4276/4276 4275/4275/4275
f 4275/4275/4275 4285/4285/4285 4284/4284/4284
f 4286/4286/4286 4277/4277/4277 4276/4276/4276
f 4276/4276/4276 4284/4284/4284 4286/4286/4286
f 4287/4287/4287 4288/4288/4288 4289/4289/4289
f 4289/4289/4289 4290/4290/4290 4287/4287/4287
f 4283/4283/4283 4279/4279/4279 4278/4278/4278
f 4278/4278/4278 4291/4291/4291 4283/4283/4283
f 4292/4292/4292 4291/4291/4291 4278/4278/4278
f 4278/4278/4278 4293/4293/4293 4292/4292/4292
f 4285/4285/4285 4275/4275/4275 4288/4288/4288
f 4288/4288/4288 4287/4287/4287 4285/4285/4285
f 4290/4290/4290 4289/4289/4289 4282/4282/4282
f 4282/4282/4282 4281/4281/4281 4290/4290/4290
f 4280/4280/4280 4292/4292/4292 4293/4293/4293
f 4293/4293/4293 4274/4274/4274 4280/4280/4280
f 4282/4282/4282 4266/4266/4266 4265/4265/4265
f 4265/4265/4265 4279/4279/4279 4282/4282/4282
f 4271/4271/4271 4270/4270/4270 4289/4289/4289
f 4289/4289/4289 4288/4288/4288 4271/4271/4271
f 4272/4272/4272 4273/4273/4273 4293/4293/4293
f 4293/4293/4293 4278/4278/4278 4272/4272/4272
f 4275/4275/4275 4267/4267/4267 4271/4271/4271
f 4271/4271/4271 4288/4288/4288 4275/4275/4275
f 4270/4270/4270 4266/4266/4266 4282/4282/4282
f 4282/4282/4282 4289/4289/4289 4270/4270/4270
f 4293/4293/4293 4273/4273/4273 4264/4264/4264
f 4264/4264/4264 4274/4274/4274 4293/4293/4293
f 4294/4294/4294 4295/4295/4295 4088/4088/4088
f 4088/4088/4088 4087/4087/4087 4294/4294/4294
f 4296/4296/4296 4297/4297/4297 4298/4298/4298
f 4298/4298/4298 4299/4299/4299 4296/4296/4296
f 4300/4300/4300 4301/4301/4301 4302/4302/4302
f 4302/4302/4302 4303/4303/4303 4300/4300/4300
f 4301/4301/4301 4304/4304/4304 4305/4305/4305
f 4305/4305/4305 4302/4302/4302 4301/4301/4301
f 4306/4306/4306 4307/4307/4307 4308/4308/4308
f 4308/4308/4308 4309/4309/4309 4306/4306/4306
f 4310/4310/4310 4296/4296/4296 4299/4299/4299
f 4299/4299/4299 4311/4311/4311 4310/4310/4310
f 4312/4312/4312 4313/4313/4313 4310/4310/4310
f 4310/4310/4310 4311/4311/4311 4312/4312/4312
f 4307/4307/4307 4300/4300/4300 4303/4303/4303
f 4303/4303/4303 4308/4308/4308 4307/4307/4307
f 4297/4297/4297 4306/4306/4306 4309/4309/4309
f 4309/4309/4309 4298/4298/4298 4297/4297/4297
f 4295/4295/4295 4294/4294/4294 4313/4313/4313
f 4313/4313/4313 4312/4312/4312 4295/4295/4295
f 4087/4087/4087 4093/4093/4093 4314/4314/4314
f 4314/4314/4314 4294/4294/4294 4087/4087/4087
f 4300/4300/4300 4315/4315/4315 4316/4316/4316
f 4316/4316/4316 4301/4301/4301 4300/4300/4300
f 4301/4301/4301 4316/4316/4316 4317/4317/4317
f 4317/4317/4317 4304/4304/4304 4301/4301/4301
f 4310/4310/4310 4318/4318/4318 4319/4319/4319
f 4319/4319/4319 4296/4296/4296 4310/4310/4310
f 4036/4036/4036 4200/4200/4200 4314/4314/4314
f 4314/4314/4314 4093/4093/4093 4036/4036/4036
f 4202/4202/4202 4320/4320/4320 4319/4319/4319
f 4319/4319/4319 4203/4203/4203 4202/4202/4202
f 4204/4204/4204 4316/4316/4316 4315/4315/4315
f 4315/4315/4315 4205/4205/4205 4204/4204/4204
f 4206/4206/4206 4317/4317/4317 4316/4316/4316
f 4316/4316/4316 4204/4204/4204 4206/4206/4206
f 4209/4209/4209 4321/4321/4321 4322/4322/4322
f 4322/4322/4322 4210/4210/4210 4209/4209/4209
f 4203/4203/4203 4319/4319/4319 4318/4318/4318
f 4318/4318/4318 4211/4211/4211 4203/4203/4203
f 4212/4212/4212 4211/4211/4211 4318/4318/4318
f 4318/4318/4318 4323/4323/4323 4212/4212/4212
f 4205/4205/4205 4315/4315/4315 4321/4321/4321
f 4321/4321/4321 4209/4209/4209 4205/4205/4205
f 4210/4210/4210 4322/4322/4322 4320/4320/4320
f 4320/4320/4320 4202/4202/4202 4210/4210/4210
f 4200/4200/4200 4212/4212/4212 4323/4323/4323
f 4323/4323/4323 4314/4314/4314 4200/4200/4200
f 4320/4320/4320 4297/4297/4297 4296/4296/4296
f 4296/4296/4296 4319/4319/4319 4320/4320/4320
f 4307/4307/4307 4306/4306/4306 4322/4322/4322
f 4322/4322/4322 4321/4321/4321 4307/4307/4307
f 4310/4310/4310 4313/4313/4313 4323/4323/4323
f 4323/4323/4323 4318/4318/4318 4310/4310/4310
f 4315/4315/4315 4300/4300/4300 4307/4307/4307
f 4307/4307/4307 4321/4321/4321 4315/4315/4315
f 4306/4306/4306 4297/4297/4297 4320/4320/4320
f 4320/4320/4320 4322/4322/4322 4306/4306/4306
f 4323/4323/4323 4313/4313/4313 4294/4294/4294
f 4294/4294/4294 4314/4314/4314 4323/4323/4323
f 4088/4088/4088 4295/4295/4295 4324/4324/4324
f 4324/4324/4324 4098/4098/4098 4088/4088/4088
f 4298/4298/4298 4325/4325/4325 4326/4326/4326
f 4326/4326/4326 4299/4299/4299 4298/4298/4298
f 4302/4302/4302 4327/4327/4327 4328/4328/4328
f 4328/4328/4328 4303/4303/4303 4302/4302/4302
f 4305/4305/4305 4329/4329/4329 4327/4327/4327
f 4327/4327/4327 4302/4302/4302 4305/4305/4305
f 4308/4308/4308 4330/4330/4330 4331/4331/4331
f 4331/4331/4331 4309/4309/4309 4308/4308/4308
f 4299/4299/4299 4326/4326/4326 4332/4332/4332
f 4332/4332/4332 4311/4311/4311 4299/4299/4299
f 4312/4312/4312 4311/4311/4311 4332/4332/4332
f 4332/4332/4332 4333/4333/4333 4312/4312/4312
f 4303/4303/4303 4328/4328/4328 4330/4330/4330
f 4330/4330/4330 4308/4308/4308 4303/4303/4303
f 4309/4309/4309 4331/4331/4331 4325/4325/4325
f 4325/4325/4325 4298/4298/4298 4309/4309/4309
f 4295/4295/4295 4312/4312/4312 4333/4333/4333
f 4333/4333/4333 4324/4324/4324 4295/4295/4295
f 4103/4103/4103 4098/4098/4098 4324/4324/4324
f 4324/4324/4324 4334/4334/4334 4103/4103/4103
f 4328/4328/4328 4327/4327/4327 4335/4335/4335
f 4335/4335/4335 4336/4336/4336 4328/4328/4328
f 4335/4335/4335 4327/4327/4327 4329/4329/4329
f 4329/4329/4329 4337/4337/4337 4335/4335/4335
f 4332/4332/4332 4326/4326/4326 4338/4338/4338
f 4338/4338/4338 4339/4339/4339 4332/4332/4332
f 4334/4334/4334 4280/4280/4280 4077/4077/4077
f 4077/4077/4077 4103/4103/4103 4334/4334/4334
f 4338/4338/4338 4340/4340/4340 4281/4281/4281
f 4281/4281/4281 4283/4283/4283 4338/4338/4338
f 4336/4336/4336 4335/4335/4335 4284/4284/4284
f 4284/4284/4284 4285/4285/4285 4336/4336/4336
f 4335/4335/4335 4337/4337/4337 4286/4286/4286
f 4286/4286/4286 4284/4284/4284 4335/4335/4335
f 4341/4341/4341 4342/4342/4342 4287/4287/4287
f 4287/4287/4287 4290/4290/4290 4341/4341/4341
f 4339/4339/4339 4338/4338/4338 4283/4283/4283
f 4283/4283/4283 4291/4291/4291 4339/4339/4339
f 4292/4292/4292 4343/4343/4343 4339/4339/4339
f 4339/4339/4339 4291/4291/4291 4292/4292/4292
f 4342/4342/4342 4336/4336/4336 4285/4285/4285
f 4285/4285/4285 4287/4287/4287 4342/4342/4342
f 4340/4340/4340 4341/4341/4341 4290/4290/4290
f 4290/4290/4290 4281/4281/4281 4340/4340/4340
f 4280/4280/4280 4334/4334/4334 4343/4343/4343
f 4343/4343/4343 4292/4292/4292 4280/4280/4280
f 4340/4340/4340 4338/4338/4338 4326/4326/4326
f 4326/4326/4326 4325/4325/4325 4340/4340/4340
f 4330/4330/4330 4342/4342/4342 4341/4341/4341
f 4341/4341/4341 4331/4331/4331 4330/4330/4330
f 4332/4332/4332 4339/4339/4339 4343/4343/4343
f 4343/4343/4343 4333/4333/4333 4332/4332/4332
f 4336/4336/4336 4342/4342/4342 4330/4330/4330
f 4330/4330/4330 4328/4328/4328 4336/4336/4336
f 4331/4331/4331 4341/4341/4341 4340/4340/4340
f 4340/4340/4340 4325/4325/4325 4331/4331/4331
f 4343/4343/4343 4334/4334/4334 4324/4324/4324
f 4324/4324/4324 4333/4333/4333 4343/4343/4343
f 4344/4344/4344 4345/4345/4345 4346/4346/4346
f 4348/4348/4348 4115/4115/4115 4114/4114/4114
f 4114/4114/4114 4349/4349/4349 4348/4348/4348
f 4349/4349/4349 4114/4114/4114 4127/4127/4127
f 4127/4127/4127 4352/4352/4352 4349/4349/4349
f 4352/4352/4352 4127/4127/4127 4136/4136/4136
f 4136/4136/4136 4353/4353/4353 4352/4352/4352
f 4353/4353/4353 4136/4136/4136 4257/4257/4257
f 4257/4257/4257 4355/4355/4355 4353/4353/4353
f 4355/4355/4355 4257/4257/4257 4245/4245/4245
f 4245/4245/4245 4357/4357/4357 4355/4355/4355
f 4357/4357/4357 4245/4245/4245 4244/4244/4244
f 4244/4244/4244 4359/4359/4359 4357/4357/4357
f 4269/4269/4269 4361/4361/4361 4359/4359/4359
f 4359/4359/4359 4244/4244/4244 4269/4269/4269
f 4361/4361/4361 4269/4269/4269 4277/4277/4277
f 4277/4277/4277 4365/4365/4365 4361/4361/4361
f 4365/4365/4365 4277/4277/4277 4286/4286/4286
f 4286/4286/4286 4367/4367/4367 4365/4365/4365
f 4367/4367/4367 4286/4286/4286 4337/4337/4337
f 4337/4337/4337 4368/4368/4368 4367/4367/4367
f 4368/4368/4368 4337/4337/4337 4329/4329/4329
f 4329/4329/4329 4370/4370/4370 4368/4368/4368
f 4370/4370/4370 4329/4329/4329 4305/4305/4305
f 4305/4305/4305 4372/4372/4372 4370/4370/4370
f 4372/4372/4372 4305/4305/4305 4304/4304/4304
f 4304/4304/4304 4375/4375/4375 4372/4372/4372
f 4375/4375/4375 4304/4304/4304 4317/4317/4317
f 4317/4317/4317 4377/4377/4377 4375/4375/4375
f 4377/4377/4377 4317/4317/4317 4206/4206/4206
f 4206/4206/4206 4379/4379/4379 4377/4377/4377
f 4379/4379/4379 4206/4206/4206 4197/4197/4197
f 4197/4197/4197 4381/4381/4381 4379/4379/4379
f 4381/4381/4381 4197/4197/4197 4185/4185/4185
f 4185/4185/4185 4382/4382/4382 4381/4381/4381
f 4185/4185/4185 4184/4184/4184 4384/4384/4384
f 4384/4384/4384 4382/4382/4382 4185/4185/4185
f 4219/4219/4219 4386/4386/4386 4384/4384/4384
f 4384/4384/4384 4184/4184/4184 4219/4219/4219
f 4386/4386/4386 4219/4219/4219 4227/4227/4227
f 4227/4227/4227 4388/4388/4388 4386/4386/4386
f 4388/4388/4388 4227/4227/4227 4166/4166/4166
f 4166/4166/4166 4392/4392/4392 4388/4388/4388
f 4392/4392/4392 4166/4166/4166 4157/4157/4157
f 4157/4157/4157 4394/4394/4394 4392/4392/4392
f 4394/4394/4394 4157/4157/4157 4149/4149/4149
f 4149/4149/4149 4395/4395/4395 4394/4394/4394
f 4395/4395/4395 4149/4149/4149 4115/4115/4115
f 4115/4115/4115 4348/4348/4348 4395/4395/4395
f 4397/4397/4397 4347/4347/4347 4350/4350/4350
f 4350/4350/4350 4400/4400/4400 4397/4397/4397
f 4400/4400/4400 4350/4350/4350 4351/4351/4351
f 4351/4351/4351 4402/4402/4402 4400/4400/4400
f 4402/4402/4402 4351/4351/4351 4354/4354/4354
f 4354/4354/4354 4403/4403/4403 4402/4402/4402
f 4403/4403/4403 4354/4354/4354 4356/4356/4356
f 4356/4356/4356 4405/4405/4405 4403/4403/4403
f 4405/4405/4405 4356/4356/4356 4358/4358/4358
f 4358/4358/4358 4408/4408/4408 4405/4405/4405
f 4408/4408/4408 4358/4358/4358 4360/4360/4360
f 4360/4360/4360 4409/4409/4409 4408/4408/4408
f 4362/4362/4362 4411/4411/4411 4409/4409/4409
f 4409/4409/4409 4360/4360/4360 4362/4362/4362
f 4411/4411/4411 4362/4362/4362 4364/4364/4364
f 4364/4364/4364 4414/4414/4414 4411/4411/4411
f 4413/4413/4413 4363/4363/4363 4366/4366/4366
f 4366/4366/4366 4417/4417/4417 4413/4413/4413
f 4417/4417/4417 4366/4366/4366 4369/4369/4369
f 4369/4369/4369 4418/4418/4418 4417/4417/4417
f 4418/4418/4418 4369/4369/4369 4371/4371/4371
f 4371/4371/4371 4420/4420/4420 4418/4418/4418
f 4420/4420/4420 4371/4371/4371 4373/4373/4373
f 4373/4373/4373 4423/4423/4423 4420/4420/4420
f 4423/4423/4423 4373/4373/4373 4374/4374/4374
f 4374/4374/4374 4424/4424/4424 4423/4423/4423
f 4424/4424/4424 4374/4374/4374 4376/4376/4376
f 4376/4376/4376 4427/4427/4427 4424/4424/4424
f 4427/4427/4427 4376/4376/4376 4378/4378/4378
f 4378/4378/4378 4428/4428/4428 4427/4427/4427
f 4428/4428/4428 4378/4378/4378 4380/4380/4380
f 4380/4380/4380 4431/4431/4431 4428/4428/4428
f 4431/4431/4431 4380/4380/4380 4383/4383/4383
f 4383/4383/4383 4432/4432/4432 4431/4431/4431
f 4385/4385/4385 4435/4435/4435 4432/4432/4432
f 4432/4432/4432 4383/4383/4383 4385/4385/4385
f 4385/4385/4385 4387/4387/4387 4437/4437/4437
f 4437/4437/4437 4435/4435/4435 4385/4385/4385
f 4437/4437/4437 4387/4387/4387 4390/4390/4390
f 4390/4390/4390 4440/4440/4440 4437/4437/4437
f 4438/4438/4438 4389/4389/4389 4391/4391/4391
f 4391/4391/4391 4442/4442/4442 4438/4438/4438
f 4442/4442/4442 4391/4391/4391 4393/4393/4393
f 4393/4393/4393 4443/4443/4443 4442/4442/4442
f 4443/4443/4443 4393/4393/4393 4396/4396/4396
f 4396/4396/4396 4445/4445/4445 4443/4443/4443
f 4445/4445/4445 4396/4396/4396 4347/4347/4347
f 4347/4347/4347 4397/4397/4397 4445/4445/4445
f 4447/4447/4447 4398/4398/4398 4399/4399/4399
f 4399/4399/4399 4448/4448/4448 4447/4447/4447
f 4448/4448/4448 4399/4399/4399 4401/4401/4401
f 4401/4401/4401 4449/4449/4449 4448/4448/4448
f 4449/4449/4449 4401/4401/4401 4404/4404/4404
f 4404/4404/4404 4450/4450/4450 4449/4449/4449
f 4450/4450/4450 4404/4404/4404 4406/4406/4406
f 4406/4406/4406 4451/4451/4451 4450/4450/4450
f 4451/4451/4451 4406/4406/4406 4407/4407/4407
f 4407/4407/4407 4452/4452/4452 4451/4451/4451
f 4452/4452/4452 4407/4407/4407 4410/4410/4410
f 4410/4410/4410 4453/4453/4453 4452/4452/4452
f 4412/4412/4412 4454/4454/4454 4453/4453/4453
f 4453/4453/4453 4410/4410/4410 4412/4412/4412
f 4454/4454/4454 4412/4412/4412 4415/4415/4415
f 4415/4415/4415 4455/4455/4455 4454/4454/4454
f 4456/4456/4456 4455/4455/4455 4415/4415/4415
f 4415/4415/4415 4416/4416/4416 4456/4456/4456
f 4457/4457/4457 4456/4456/4456 4416/4416/4416
f 4416/4416/4416 4419/4419/4419 4457/4457/4457
f 4457/4457/4457 4419/4419/4419 4421/4421/4421
f 4421/4421/4421 4458/4458/4458 4457/4457/4457
f 4458/4458/4458 4421/4421/4421 4422/4422/4422
f 4422/4422/4422 4459/4459/4459 4458/4458/4458
f 4460/4460/4460 4425/4425/4425 4426/4426/4426
f 4426/4426/4426 4461/4461/4461 4460/4460/4460
f 4461/4461/4461 4426/4426/4426 4429/4429/4429
f 4429/4429/4429 4462/4462/4462 4461/4461/4461
f 4462/4462/4462 4429/4429/4429 4430/4430/4430
f 4430/4430/4430 4463/4463/4463 4462/4462/4462
f 4463/4463/4463 4430/4430/4430 4433/4433/4433
f 4433/4433/4433 4464/4464/4464 4463/4463/4463
f 4464/4464/4464 4433/4433/4433 4434/4434/4434
f 4434/4434/4434 4465/4465/4465 4464/4464/4464
f 4465/4465/4465 4434/4434/4434 4436/4436/4436
f 4436/4436/4436 4466/4466/4466 4465/4465/4465
f 4466/4466/4466 4436/4436/4436 4439/4439/4439
f 4439/4439/4439 4467/4467/4467 4466/4466/4466
f 4467/4467/4467 4439/4439/4439 4441/4441/4441
f 4441/4441/4441 4468/4468/4468 4467/4467/4467
f 4468/4468/4468 4441/4441/4441 4444/4444/4444
f 4444/4444/4444 4469/4469/4469 4468/4468/4468
f 4469/4469/4469 4444/4444/4444 4446/4446/4446
f 4446/4446/4446 4470/4470/4470 4469/4469/4469
f 4470/4470/4470 4446/4446/4446 4398/4398/4398
f 4398/4398/4398 4447/4447/4447 4470/4470/4470
f 4345/4345/4345 4471/4471/4471 4472/4472/4472
f 4459/4459/4459 4422/4422/4422 4425/4425/4425
f 4425/4425/4425 4460/4460/4460 4459/4459/4459
f 4473/4473/4473 4345/4345/4345 4472/4472/4472
f 4345/4345/4345 4474/4474/4474 4475/4475/4475
f 4346/4346/4346 4345/4345/4345 4475/4475/4475
f 4345/4345/4345 4476/4476/4476 4471/4471/4471
f 4344/4344/4344 4476/4476/4476 4345/4345/4345
f 4345/4345/4345 4473/4473/4473 4474/4474/4474
f 4476/4476/4476 4447/4447/4447 4448/4448/4448
f 4476/4476/4476 4448/4448/4448 4449/4449/4449
f 4449/4449/4449 4471/4471/4471 4476/4476/4476
f 4471/4471/4471 4449/4449/4449 4450/4450/4450
f 4471/4471/4471 4450/4450/4450 4451/4451/4451
f 4471/4471/4471 4451/4451/4451 4452/4452/4452
f 4452/4452/4452 4472/4472/4472 4471/4471/4471
f 4472/4472/4472 4452/4452/4452 4453/4453/4453
f 4472/4472/4472 4453/4453/4453 4454/4454/4454
f 4472/4472/4472 4454/4454/4454 4455/4455/4455
f 4455/4455/4455 4473/4473/4473 4472/4472/4472
f 4473/4473/4473 4455/4455/4455 4456/4456/4456
f 4473/4473/4473 4456/4456/4456 4457/4457/4457
f 4473/4473/4473 4457/4457/4457 4458/4458/4458
f 4458/4458/4458 4474/4474/4474 4473/4473/4473
f 4474/4474/4474 4458/4458/4458 4459/4459/4459
f 4474/4474/4474 4459/4459/4459 4460/4460/4460
f 4474/4474/4474 4460/4460/4460 4461/4461/4461
f 4461/4461/4461 4475/4475/4475 4474/4474/4474
f 4475/4475/4475 4461/4461/4461 4462/4462/4462
f 4475/4475/4475 4462/4462/4462 4463/4463/4463
f 4475/4475/4475 4463/4463/4463 4464/4464/4464
f 4464/4464/4464 4346/4346/4346 4475/4475/4475
f 4346/4346/4346 4464/4464/4464 4465/4465/4465
f 4346/4346/4346 4465/4465/4465 4466/4466/4466
f 4346/4346/4346 4466/4466/4466 4467/4467/4467
f 4467/4467/4467 4344/4344/4344 4346/4346/4346
f 4344/4344/4344 4467/4467/4467 4468/4468/4468
f 4344/4344/4344 4468/4468/4468 4469/4469/4469
f 4344/4344/4344 4469/4469/4469 4470/4470/4470
f 4470/4470/4470 4476/4476/4476 4344/4344/4344
f 4476/4476/4476 4470/4470/4470 4447/4447/4447
f 4477/4477/4477 4478/4478/4478 4479/4479/4479
f 4479/4479/4479 4480/4480/4480 4477/4477/4477
f 4481/4481/4481 4482/4482/4482 4483/4483/4483
f 4483/4483/4483 4484/4484/4484 4481/4481/4481
f 3986/3986/3986 4485/4485/4485 4486/4486/4486
f 4486/4486/4486 3993/3993/3993 3986/3986/3986
f 4487/4487/4487 4488/4488/4488 4479/4479/4479
f 4479/4479/4479 4478/4478/4478 4487/4487/4487
f 4489/4489/4489 4490/4490/4490 4491/4491/4491
f 4491/4491/4491 4492/4492/4492 4489/4489/4489
f 4493/4493/4493 4494/4494/4494 4477/4477/4477
f 4477/4477/4477 4480/4480/4480 4493/4493/4493
f 4490/4490/4490 4489/4489/4489 4495/4495/4495
f 4495/4495/4495 4496/4496/4496 4490/4490/4490
f 4486/4486/4486 4485/4485/4485 4496/4496/4496
f 4496/4496/4496 4495/4495/4495 4486/4486/4486
f 4477/4477/4477 4494/4494/4494 4497/4497/4497
f 4497/4497/4497 4498/4498/4498 4477/4477/4477
f 4478/4478/4478 4477/4477/4477 4498/4498/4498
f 4498/4498/4498 4499/4499/4499 4478/4478/4478
f 4500/4500/4500 4483/4483/4483 4482/4482/4482
f 4482/4482/4482 4501/4501/4501 4500/4500/4500
f 4489/4489/4489 4502/4502/4502 4503/4503/4503
f 4503/4503/4503 4495/4495/4495 4489/4489/4489
f 4478/4478/4478 4499/4499/4499 4504/4504/4504
f 4504/4504/4504 4487/4487/4487 4478/4478/4478
f 4505/4505/4505 4486/4486/4486 4495/4495/4495
f 4495/4495/4495 4503/4503/4503 4505/4505/4505
f 4486/4486/4486 4505/4505/4505 3998/3998/3998
f 3998/3998/3998 3993/3993/3993 4486/4486/4486
f 4502/4502/4502 4489/4489/4489 4492/4492/4492
f 4492/4492/4492 4506/4506/4506 4502/4502/4502
f 4507/4507/4507 4493/4493/4493 4480/4480/4480
f 4480/4480/4480 4508/4508/4508 4507/4507/4507
f 4508/4508/4508 4480/4480/4480 4479/4479/4479
f 4479/4479/4479 4509/4509/4509 4508/4508/4508
f 4481/4481/4481 4484/4484/4484 4510/4510/4510
f 4510/4510/4510 4511/4511/4511 4481/4481/4481
f 4496/4496/4496 4512/4512/4512 4513/4513/4513
f 4513/4513/4513 4490/4490/4490 4496/4496/4496
f 4488/4488/4488 4514/4514/4514 4509/4509/4509
f 4509/4509/4509 4479/4479/4479 4488/4488/4488
f 4496/4496/4496 4485/4485/4485 4515/4515/4515
f 4515/4515/4515 4512/4512/4512 4496/4496/4496
f 3986/3986/3986 3985/3985/3985 4515/4515/4515
f 4515/4515/4515 4485/4485/4485 3986/3986/3986
f 4491/4491/4491 4490/4490/4490 4513/4513/4513
f 4513/4513/4513 4516/4516/4516 4491/4491/4491
f 4517/4517/4517 4518/4518/4518 4519/4519/4519
f 4519/4519/4519 4520/4520/4520 4517/4517/4517
f 4521/4521/4521 4522/4522/4522 4523/4523/4523
f 4523/4523/4523 4524/4524/4524 4521/4521/4521
f 4525/4525/4525 4526/4526/4526 4003/4003/4003
f 4003/4003/4003 4008/4008/4008 4525/4525/4525
f 4517/4517/4517 4527/4527/4527 4528/4528/4528
f 4528/4528/4528 4518/4518/4518 4517/4517/4517
f 4529/4529/4529 4530/4530/4530 4531/4531/4531
f 4531/4531/4531 4532/4532/4532 4529/4529/4529
f 4519/4519/4519 4533/4533/4533 4534/4534/4534
f 4534/4534/4534 4520/4520/4520 4519/4519/4519
f 4535/4535/4535 4531/4531/4531 4530/4530/4530
f 4530/4530/4530 4536/4536/4536 4535/4535/4535
f 4536/4536/4536 4526/4526/4526 4525/4525/4525
f 4525/4525/4525 4535/4535/4535 4536/4536/4536
f 4519/4519/4519 4537/4537/4537 4538/4538/4538
f 4538/4538/4538 4533/4533/4533 4519/4519/4519
f 4518/4518/4518 4539/4539/4539 4537/4537/4537
f 4537/4537/4537 4519/4519/4519 4518/4518/4518
f 4540/4540/4540 4541/4541/4541 4522/4522/4522
f 4522/4522/4522 4521/4521/4521 4540/4540/4540
f 4542/4542/4542 4543/4543/4543 4531/4531/4531
f 4531/4531/4531 4535/4535/4535 4542/4542/4542
f 4544/4544/4544 4539/4539/4539 4518/4518/4518
f 4518/4518/4518 4528/4528/4528 4544/4544/4544
f 4545/4545/4545 4542/4542/4542 4535/4535/4535
f 4535/4535/4535 4525/4525/4525 4545/4545/4545
f 4011/4011/4011 4545/4545/4545 4525/4525/4525
f 4525/4525/4525 4008/4008/4008 4011/4011/4011
f 4543/4543/4543 4546/4546/4546 4532/4532/4532
f 4532/4532/4532 4531/4531/4531 4543/4543/4543
f 4507/4507/4507 4508/4508/4508 4520/4520/4520
f 4520/4520/4520 4534/4534/4534 4507/4507/4507
f 4508/4508/4508 4509/4509/4509 4517/4517/4517
f 4517/4517/4517 4520/4520/4520 4508/4508/4508
f 4523/4523/4523 4511/4511/4511 4510/4510/4510
f 4510/4510/4510 4524/4524/4524 4523/4523/4523
f 4513/4513/4513 4512/4512/4512 4536/4536/4536
f 4536/4536/4536 4530/4530/4530 4513/4513/4513
f 4509/4509/4509 4514/4514/4514 4527/4527/4527
f 4527/4527/4527 4517/4517/4517 4509/4509/4509
f 4536/4536/4536 4512/4512/4512 4515/4515/4515
f 4515/4515/4515 4526/4526/4526 4536/4536/4536
f 4515/4515/4515 3985/3985/3985 4003/4003/4003
f 4003/4003/4003 4526/4526/4526 4515/4515/4515
f 4529/4529/4529 4516/4516/4516 4513/4513/4513
f 4513/4513/4513 4530/4530/4530 4529/4529/4529
f 4547/4547/4547 4548/4548/4548 4549/4549/4549
f 4549/4549/4549 4550/4550/4550 4547/4547/4547
f 4551/4551/4551 4552/4552/4552 4553/4553/4553
f 4553/4553/4553 4554/4554/4554 4551/4551/4551
f 4555/4555/4555 4556/4556/4556 4022/4022/4022
f 4022/4022/4022 4027/4027/4027 4555/4555/4555
f 4547/4547/4547 4557/4557/4557 4558/4558/4558
f 4558/4558/4558 4548/4548/4548 4547/4547/4547
f 4559/4559/4559 4560/4560/4560 4561/4561/4561
f 4561/4561/4561 4562/4562/4562 4559/4559/4559
f 4549/4549/4549 4563/4563/4563 4564/4564/4564
f 4564/4564/4564 4550/4550/4550 4549/4549/4549
f 4565/4565/4565 4561/4561/4561 4560/4560/4560
f 4560/4560/4560 4566/4566/4566 4565/4565/4565
f 4566/4566/4566 4556/4556/4556 4555/4555/4555
f 4555/4555/4555 4565/4565/4565 4566/4566/4566
f 4567/4567/4567 4563/4563/4563 4549/4549/4549
f 4549/4549/4549 4568/4568/4568 4567/4567/4567
f 4568/4568/4568 4549/4549/4549 4548/4548/4548
f 4548/4548/4548 4569/4569/4569 4568/4568/4568
f 4570/4570/4570 4571/4571/4571 4552/4552/4552
f 4552/4552/4552 4551/4551/4551 4570/4570/4570
f 4561/4561/4561 4565/4565/4565 4572/4572/4572
f 4572/4572/4572 4573/4573/4573 4561/4561/4561
f 4548/4548/4548 4558/4558/4558 4574/4574/4574
f 4574/4574/4574 4569/4569/4569 4548/4548/4548
f 4575/4575/4575 4572/4572/4572 4565/4565/4565
f 4565/4565/4565 4555/4555/4555 4575/4575/4575
f 4555/4555/4555 4027/4027/4027 4033/4033/4033
f 4033/4033/4033 4575/4575/4575 4555/4555/4555
f 4573/4573/4573 4576/4576/4576 4562/4562/4562
f 4562/4562/4562 4561/4561/4561 4573/4573/4573
f 4577/4577/4577 4578/4578/4578 4550/4550/4550
f 4550/4550/4550 4564/4564/4564 4577/4577/4577
f 4578/4578/4578 4579/4579/4579 4547/4547/4547
f 4547/4547/4547 4550/4550/4550 4578/4578/4578
f 4553/4553/4553 4580/4580/4580 4581/4581/4581
f 4581/4581/4581 4554/4554/4554 4553/4553/4553
f 4582/4582/4582 4583/4583/4583 4566/4566/4566
f 4566/4566/4566 4560/4560/4560 4582/4582/4582
f 4579/4579/4579 4584/4584/4584 4557/4557/4557
f 4557/4557/4557 4547/4547/4547 4579/4579/4579
f 4566/4566/4566 4583/4583/4583 4585/4585/4585
f 4585/4585/4585 4556/4556/4556 4566/4566/4566
f 4585/4585/4585 4018/4018/4018 4022/4022/4022
f 4022/4022/4022 4556/4556/4556 4585/4585/4585
f 4559/4559/4559 4586/4586/4586 4582/4582/4582
f 4582/4582/4582 4560/4560/4560 4559/4559/4559
f 4587/4587/4587 4589/4589/4589 4591/4591/4591
f 4591/4591/4591 4592/4592/4592 4587/4587/4587
f 4593/4593/4593 4594/4594/4594 4596/4596/4596
f 4596/4596/4596 4598/4598/4598 4593/4593/4593
f 4039/4039/4039 4599/4599/4599 4600/4600/4600
f 4600/4600/4600 4042/4042/4042 4039/4039/4039
f 4603/4603/4603 4604/4604/4604 4591/4591/4591
f 4591/4591/4591 4589/4589/4589 4603/4603/4603
f 4606/4606/4606 4607/4607/4607 4608/4608/4608
f 4608/4608/4608 4609/4609/4609 4606/4606/4606
f 4611/4611/4611 4612/4612/4612 4587/4587/4587
f 4587/4587/4587 4592/4592/4592 4611/4611/4611
f 4607/4607/4607 4606/4606/4606 4614/4614/4614
f 4614/4614/4614 4616/4616/4616 4607/4607/4607
f 4600/4600/4600 4599/4599/4599 4616/4616/4616
f 4616/4616/4616 4614/4614/4614 4600/4600/4600
f 4588/4588/4588 4613/4613/4613 4538/4538/4538
f 4538/4538/4538 4537/4537/4537 4588/4588/4588
f 4590/4590/4590 4588/4588/4588 4537/4537/4537
f 4537/4537/4537 4539/4539/4539 4590/4590/4590
f 4540/4540/4540 4597/4597/4597 4595/4595/4595
f 4595/4595/4595 4541/4541/4541 4540/4540/4540
f 4605/4605/4605 4543/4543/4543 4542/4542/4542
f 4542/4542/4542 4615/4615/4615 4605/4605/4605
f 4590/4590/4590 4539/4539/4539 4544/4544/4544
f 4544/4544/4544 4602/4602/4602 4590/4590/4590
f 4545/4545/4545 4601/4601/4601 4615/4615/4615
f 4615/4615/4615 4542/4542/4542 4545/4545/4545
f 4601/4601/4601 4545/4545/4545 4011/4011/4011
f 4011/4011/4011 4044/4044/4044 4601/4601/4601
f 4543/4543/4543 4605/4605/4605 4610/4610/4610
f 4610/4610/4610 4546/4546/4546 4543/4543/4543
f 4577/4577/4577 4611/4611/4611 4592/4592/4592
f 4592/4592/4592 4578/4578/4578 4577/4577/4577
f 4578/4578/4578 4592/4592/4592 4591/4591/4591
f 4591/4591/4591 4579/4579/4579 4578/4578/4578
f 4593/4593/4593 4598/4598/4598 4581/4581/4581
f 4581/4581/4581 4580/4580/4580 4593/4593/4593
f 4616/4616/4616 4583/4583/4583 4582/4582/4582
f 4582/4582/4582 4607/4607/4607 4616/4616/4616
f 4604/4604/4604 4584/4584/4584 4579/4579/4579
f 4579/4579/4579 4591/4591/4591 4604/4604/4604
f 4616/4616/4616 4599/4599/4599 4585/4585/4585
f 4585/4585/4585 4583/4583/4583 4616/4616/4616
f 4039/4039/4039 4018/4018/4018 4585/4585/4585
f 4585/4585/4585 4599/4599/4599 4039/4039/4039
f 4608/4608/4608 4607/4607/4607 4582/4582/4582
f 4582/4582/4582 4586/4586/4586 4608/4608/4608
f 4617/4617/4617 4618/4618/4618 4619/4619/4619
f 4619/4619/4619 4620/4620/4620 4617/4617/4617
f 4621/4621/4621 4622/4622/4622 4623/4623/4623
f 4623/4623/4623 4624/4624/4624 4621/4621/4621
f 4625/4625/4625 4626/4626/4626 4052/4052/4052
f 4052/4052/4052 4058/4058/4058 4625/4625/4625
f 4617/4617/4617 4627/4627/4627 4628/4628/4628
f 4628/4628/4628 4618/4618/4618 4617/4617/4617
f 4629/4629/4629 4630/4630/4630 4631/4631/4631
f 4631/4631/4631 4632/4632/4632 4629/4629/4629
f 4619/4619/4619 4633/4633/4633 4634/4634/4634
f 4634/4634/4634 4620/4620/4620 4619/4619/4619
f 4635/4635/4635 4631/4631/4631 4630/4630/4630
f 4630/4630/4630 4636/4636/4636 4635/4635/4635
f 4636/4636/4636 4626/4626/4626 4625/4625/4625
f 4625/4625/4625 4635/4635/4635 4636/4636/4636
f 4619/4619/4619 4498/4498/4498 4497/4497/4497
f 4497/4497/4497 4633/4633/4633 4619/4619/4619
f 4618/4618/4618 4499/4499/4499 4498/4498/4498
f 4498/4498/4498 4619/4619/4619 4618/4618/4618
f 4500/4500/4500 4501/4501/4501 4622/4622/4622
f 4622/4622/4622 4621/4621/4621 4500/4500/4500
f 4503/4503/4503 4502/4502/4502 4631/4631/4631
f 4631/4631/4631 4635/4635/4635 4503/4503/4503
f 4504/4504/4504 4499/4499/4499 4618/4618/4618
f 4618/4618/4618 4628/4628/4628 4504/4504/4504
f 4505/4505/4505 4503/4503/4503 4635/4635/4635
f 4635/4635/4635 4625/4625/4625 4505/4505/4505
f 3998/3998/3998 4505/4505/4505 4625/4625/4625
f 4625/4625/4625 4058/4058/4058 3998/3998/3998
f 4502/4502/4502 4506/4506/4506 4632/4632/4632
f 4632/4632/4632 4631/4631/4631 4502/4502/4502
f 4637/4637/4637 4638/4638/4638 4620/4620/4620
f 4620/4620/4620 4634/4634/4634 4637/4637/4637
f 4638/4638/4638 4639/4639/4639 4617/4617/4617
f 4617/4617/4617 4620/4620/4620 4638/4638/4638
f 4623/4623/4623 4640/4640/4640 4641/4641/4641
f 4641/4641/4641 4624/4624/4624 4623/4623/4623
f 4642/4642/4642 4643/4643/4643 4636/4636/4636
f 4636/4636/4636 4630/4630/4630 4642/4642/4642
f 4639/4639/4639 4644/4644/4644 4627/4627/4627
f 4627/4627/4627 4617/4617/4617 4639/4639/4639
f 4636/4636/4636 4643/4643/4643 4645/4645/4645
f 4645/4645/4645 4626/4626/4626 4636/4636/4636
f 4645/4645/4645 4049/4049/4049 4052/4052/4052
f 4052/4052/4052 4626/4626/4626 4645/4645/4645
f 4629/4629/4629 4646/4646/4646 4642/4642/4642
f 4642/4642/4642 4630/4630/4630 4629/4629/4629
f 4648/4648/4648 4650/4650/4650 4651/4651/4651
f 4651/4651/4651 4652/4652/4652 4648/4648/4648
f 4653/4653/4653 4654/4654/4654 4656/4656/4656
f 4656/4656/4656 4658/4658/4658 4653/4653/4653
f 4065/4065/4065 4659/4659/4659 4660/4660/4660
f 4660/4660/4660 4069/4069/4069 4065/4065/4065
f 4663/4663/4663 4664/4664/4664 4651/4651/4651
f 4651/4651/4651 4650/4650/4650 4663/4663/4663
f 4665/4665/4665 4667/4667/4667 4668/4668/4668
f 4668/4668/4668 4670/4670/4670 4665/4665/4665
f 4671/4671/4671 4673/4673/4673 4648/4648/4648
f 4648/4648/4648 4652/4652/4652 4671/4671/4671
f 4667/4667/4667 4665/4665/4665 4675/4675/4675
f 4675/4675/4675 4676/4676/4676 4667/4667/4667
f 4660/4660/4660 4659/4659/4659 4676/4676/4676
f 4676/4676/4676 4675/4675/4675 4660/4660/4660
f 4647/4647/4647 4672/4672/4672 4677/4677/4677
f 4677/4677/4677 4678/4678/4678 4647/4647/4647
f 4649/4649/4649 4647/4647/4647 4678/4678/4678
f 4678/4678/4678 4679/4679/4679 4649/4649/4649
f 4680/4680/4680 4657/4657/4657 4655/4655/4655
f 4655/4655/4655 4681/4681/4681 4680/4680/4680
f 4666/4666/4666 4682/4682/4682 4683/4683/4683
f 4683/4683/4683 4674/4674/4674 4666/4666/4666
f 4649/4649/4649 4679/4679/4679 4684/4684/4684
f 4684/4684/4684 4662/4662/4662 4649/4649/4649
f 4685/4685/4685 4661/4661/4661 4674/4674/4674
f 4674/4674/4674 4683/4683/4683 4685/4685/4685
f 4661/4661/4661 4685/4685/4685 4074/4074/4074
f 4074/4074/4074 4070/4070/4070 4661/4661/4661
f 4682/4682/4682 4666/4666/4666 4669/4669/4669
f 4669/4669/4669 4686/4686/4686 4682/4682/4682
f 4637/4637/4637 4671/4671/4671 4652/4652/4652
f 4652/4652/4652 4638/4638/4638 4637/4637/4637
f 4638/4638/4638 4652/4652/4652 4651/4651/4651
f 4651/4651/4651 4639/4639/4639 4638/4638/4638
f 4653/4653/4653 4658/4658/4658 4641/4641/4641
f 4641/4641/4641 4640/4640/4640 4653/4653/4653
f 4676/4676/4676 4643/4643/4643 4642/4642/4642
f 4642/4642/4642 4667/4667/4667 4676/4676/4676
f 4664/4664/4664 4644/4644/4644 4639/4639/4639
f 4639/4639/4639 4651/4651/4651 4664/4664/4664
f 4676/4676/4676 4659/4659/4659 4645/4645/4645
f 4645/4645/4645 4643/4643/4643 4676/4676/4676
f 4065/4065/4065 4049/4049/4049 4645/4645/4645
f 4645/4645/4645 4659/4659/4659 4065/4065/4065
f 4668/4668/4668 4667/4667/4667 4642/4642/4642
f 4642/4642/4642 4646/4646/4646 4668/4668/4668
f 4687/4687/4687 4688/4688/4688 4689/4689/4689
f 4689/4689/4689 4690/4690/4690 4687/4687/4687
f 4691/4691/4691 4692/4692/4692 4693/4693/4693
f 4693/4693/4693 4694/4694/4694 4691/4691/4691
f 4083/4083/4083 4695/4695/4695 4696/4696/4696
f 4696/4696/4696 4089/4089/4089 4083/4083/4083
f 4697/4697/4697 4698/4698/4698 4689/4689/4689
f 4689/4689/4689 4688/4688/4688 4697/4697/4697
f 4699/4699/4699 4700/4700/4700 4701/4701/4701
f 4701/4701/4701 4702/4702/4702 4699/4699/4699
f 4703/4703/4703 4704/4704/4704 4687/4687/4687
f 4687/4687/4687 4690/4690/4690 4703/4703/4703
f 4700/4700/4700 4699/4699/4699 4705/4705/4705
f 4705/4705/4705 4706/4706/4706 4700/4700/4700
f 4696/4696/4696 4695/4695/4695 4706/4706/4706
f 4706/4706/4706 4705/4705/4705 4696/4696/4696
f 4567/4567/4567 4568/4568/4568 4687/4687/4687
f 4687/4687/4687 4704/4704/4704 4567/4567/4567
f 4568/4568/4568 4569/4569/4569 4688/4688/4688
f 4688/4688/4688 4687/4687/4687 4568/4568/4568
f 4570/4570/4570 4693/4693/4693 4692/4692/4692
f 4692/4692/4692 4571/4571/4571 4570/4570/4570
f 4572/4572/4572 4705/4705/4705 4699/4699/4699
f 4699/4699/4699 4573/4573/4573 4572/4572/4572
f 4574/4574/4574 4697/4697/4697 4688/4688/4688
f 4688/4688/4688 4569/4569/4569 4574/4574/4574
f 4575/4575/4575 4696/4696/4696 4705/4705/4705
f 4705/4705/4705 4572/4572/4572 4575/4575/4575
f 4033/4033/4033 4089/4089/4089 4696/4696/4696
f 4696/4696/4696 4575/4575/4575 4033/4033/4033
f 4573/4573/4573 4699/4699/4699 4702/4702/4702
f 4702/4702/4702 4576/4576/4576 4573/4573/4573
f 4707/4707/4707 4703/4703/4703 4690/4690/4690
f 4690/4690/4690 4708/4708/4708 4707/4707/4707
f 4708/4708/4708 4690/4690/4690 4689/4689/4689
f 4689/4689/4689 4709/4709/4709 4708/4708/4708
f 4691/4691/4691 4694/4694/4694 4710/4710/4710
f 4710/4710/4710 4711/4711/4711 4691/4691/4691
f 4706/4706/4706 4712/4712/4712 4713/4713/4713
f 4713/4713/4713 4700/4700/4700 4706/4706/4706
f 4698/4698/4698 4714/4714/4714 4709/4709/4709
f 4709/4709/4709 4689/4689/4689 4698/4698/4698
f 4706/4706/4706 4695/4695/4695 4715/4715/4715
f 4715/4715/4715 4712/4712/4712 4706/4706/4706
f 4083/4083/4083 4082/4082/4082 4715/4715/4715
f 4715/4715/4715 4695/4695/4695 4083/4083/4083
f 4701/4701/4701 4700/4700/4700 4713/4713/4713
f 4713/4713/4713 4716/4716/4716 4701/4701/4701
f 4717/4717/4717 4718/4718/4718 4719/4719/4719
f 4719/4719/4719 4720/4720/4720 4717/4717/4717
f 4721/4721/4721 4722/4722/4722 4723/4723/4723
f 4723/4723/4723 4724/4724/4724 4721/4721/4721
f 4725/4725/4725 4726/4726/4726 4096/4096/4096
f 4096/4096/4096 4099/4099/4099 4725/4725/4725
f 4717/4717/4717 4727/4727/4727 4728/4728/4728
f 4728/4728/4728 4718/4718/4718 4717/4717/4717
f 4729/4729/4729 4730/4730/4730 4731/4731/4731
f 4731/4731/4731 4732/4732/4732 4729/4729/4729
f 4719/4719/4719 4733/4733/4733 4734/4734/4734
f 4734/4734/4734 4720/4720/4720 4719/4719/4719
f 4735/4735/4735 4731/4731/4731 4730/4730/4730
f 4730/4730/4730 4736/4736/4736 4735/4735/4735
f 4736/4736/4736 4726/4726/4726 4725/4725/4725
f 4725/4725/4725 4735/4735/4735 4736/4736/4736
f 4719/4719/4719 4678/4678/4678 4677/4677/4677
f 4677/4677/4677 4733/4733/4733 4719/4719/4719
f 4718/4718/4718 4679/4679/4679 4678/4678/4678
f 4678/4678/4678 4719/4719/4719 4718/4718/4718
f 4680/4680/4680 4681/4681/4681 4722/4722/4722
f 4722/4722/4722 4721/4721/4721 4680/4680/4680
f 4683/4683/4683 4682/4682/4682 4731/4731/4731
f 4731/4731/4731 4735/4735/4735 4683/4683/4683
f 4684/4684/4684 4679/4679/4679 4718/4718/4718
f 4718/4718/4718 4728/4728/4728 4684/4684/4684
f 4685/4685/4685 4683/4683/4683 4735/4735/4735
f 4735/4735/4735 4725/4725/4725 4685/4685/4685
f 4074/4074/4074 4685/4685/4685 4725/4725/4725
f 4725/4725/4725 4099/4099/4099 4074/4074/4074
f 4682/4682/4682 4686/4686/4686 4732/4732/4732
f 4732/4732/4732 4731/4731/4731 4682/4682/4682
f 4707/4707/4707 4708/4708/4708 4720/4720/4720
f 4720/4720/4720 4734/4734/4734 4707/4707/4707
f 4708/4708/4708 4709/4709/4709 4717/4717/4717
f 4717/4717/4717 4720/4720/4720 4708/4708/4708
f 4723/4723/4723 4711/4711/4711 4710/4710/4710
f 4710/4710/4710 4724/4724/4724 4723/4723/4723
f 4713/4713/4713 4712/4712/4712 4736/4736/4736
f 4736/4736/4736 4730/4730/4730 4713/4713/4713
f 4709/4709/4709 4714/4714/4714 4727/4727/4727
f 4727/4727/4727 4717/4717/4717 4709/4709/4709
f 4736/4736/4736 4712/4712/4712 4715/4715/4715
f 4715/4715/4715 4726/4726/4726 4736/4736/4736
f 4715/4715/4715 4082/4082/4082 4096/4096/4096
f 4096/4096/4096 4726/4726/4726 4715/4715/4715
f 4729/4729/4729 4716/4716/4716 4713/4713/4713
f 4713/4713/4713 4730/4730/4730 4729/4729/4729
f 4488/4488/4488 4487/4487/4487 4482/4482/4482
f 4482/4482/4482 4481/4481/4481 4488/4488/4488
f 4511/4511/4511 4514/4514/4514 4488/4488/4488
f 4488/4488/4488 4481/4481/4481 4511/4511/4511
f 4528/4528/4528 4527/4527/4527 4523/4523/4523
f 4523/4523/4523 4522/4522/4522 4528/4528/4528
f 4541/4541/4541 4544/4544/4544 4528/4528/4528
f 4528/4528/4528 4522/4522/4522 4541/4541/4541
f 4527/4527/4527 4514/4514/4514 4511/4511/4511
f 4511/4511/4511 4523/4523/4523 4527/4527/4527
f 4558/4558/4558 4557/4557/4557 4553/4553/4553
f 4553/4553/4553 4552/4552/4552 4558/4558/4558
f 4571/4571/4571 4574/4574/4574 4558/4558/4558
f 4558/4558/4558 4552/4552/4552 4571/4571/4571
f 4557/4557/4557 4584/4584/4584 4580/4580/4580
f 4580/4580/4580 4553/4553/4553 4557/4557/4557
f 4604/4604/4604 4603/4603/4603 4594/4594/4594
f 4594/4594/4594 4593/4593/4593 4604/4604/4604
f 4602/4602/4602 4544/4544/4544 4541/4541/4541
f 4541/4541/4541 4595/4595/4595 4602/4602/4602
f 4580/4580/4580 4584/4584/4584 4604/4604/4604
f 4604/4604/4604 4593/4593/4593 4580/4580/4580
f 4487/4487/4487 4504/4504/4504 4501/4501/4501
f 4501/4501/4501 4482/4482/4482 4487/4487/4487
f 4628/4628/4628 4627/4627/4627 4623/4623/4623
f 4623/4623/4623 4622/4622/4622 4628/4628/4628
f 4501/4501/4501 4504/4504/4504 4628/4628/4628
f 4628/4628/4628 4622/4622/4622 4501/4501/4501
f 4627/4627/4627 4644/4644/4644 4640/4640/4640
f 4640/4640/4640 4623/4623/4623 4627/4627/4627
f 4664/4664/4664 4663/4663/4663 4654/4654/4654
f 4654/4654/4654 4653/4653/4653 4664/4664/4664
f 4662/4662/4662 4684/4684/4684 4681/4681/4681
f 4681/4681/4681 4655/4655/4655 4662/4662/4662
f 4640/4640/4640 4644/4644/4644 4664/4664/4664
f 4664/4664/4664 4653/4653/4653 4640/4640/4640
f 4698/4698/4698 4697/4697/4697 4692/4692/4692
f 4692/4692/4692 4691/4691/4691 4698/4698/4698
f 4697/4697/4697 4574/4574/4574 4571/4571/4571
f 4571/4571/4571 4692/4692/4692 4697/4697/4697
f 4711/4711/4711 4714/4714/4714 4698/4698/4698
f 4698/4698/4698 4691/4691/4691 4711/4711/4711
f 4728/4728/4728 4727/4727/4727 4723/4723/4723
f 4723/4723/4723 4722/4722/4722 4728/4728/4728
f 4681/4681/4681 4684/4684/4684 4728/4728/4728
f 4728/4728/4728 4722/4722/4722 4681/4681/4681
f 4727/4727/4727 4714/4714/4714 4711/4711/4711
f 4711/4711/4711 4723/4723/4723 4727/4727/4727
f 4484/4484/4484 4483/4483/4483 4492/4492/4492
f 4492/4492/4492 4491/4491/4491 4484/4484/4484
f 4516/4516/4516 4510/4510/4510 4484/4484/4484
f 4484/4484/4484 4491/4491/4491 4516/4516/4516
f 4521/4521/4521 4524/4524/4524 4529/4529/4529
f 4529/4529/4529 4532/4532/4532 4521/4521/4521
f 4546/4546/4546 4540/4540/4540 4521/4521/4521
f 4521/4521/4521 4532/4532/4532 4546/4546/4546
f 4524/4524/4524 4510/4510/4510 4516/4516/4516
f 4516/4516/4516 4529/4529/4529 4524/4524/4524
f 4551/4551/4551 4554/4554/4554 4559/4559/4559
f 4559/4559/4559 4562/4562/4562 4551/4551/4551
f 4576/4576/4576 4570/4570/4570 4551/4551/4551
f 4551/4551/4551 4562/4562/4562 4576/4576/4576
f 4554/4554/4554 4581/4581/4581 4586/4586/4586
f 4586/4586/4586 4559/4559/4559 4554/4554/4554
f 4598/4598/4598 4596/4596/4596 4609/4609/4609
f 4609/4609/4609 4608/4608/4608 4598/4598/4598
f 4597/4597/4597 4540/4540/4540 4546/4546/4546
f 4546/4546/4546 4610/4610/4610 4597/4597/4597
f 4586/4586/4586 4581/4581/4581 4598/4598/4598
f 4598/4598/4598 4608/4608/4608 4586/4586/4586
f 4483/4483/4483 4500/4500/4500 4506/4506/4506
f 4506/4506/4506 4492/4492/4492 4483/4483/4483
f 4621/4621/4621 4624/4624/4624 4629/4629/4629
f 4629/4629/4629 4632/4632/4632 4621/4621/4621
f 4506/4506/4506 4500/4500/4500 4621/4621/4621
f 4621/4621/4621 4632/4632/4632 4506/4506/4506
f 4624/4624/4624 4641/4641/4641 4646/4646/4646
f 4646/4646/4646 4629/4629/4629 4624/4624/4624
f 4658/4658/4658 4656/4656/4656 4670/4670/4670
f 4670/4670/4670 4668/4668/4668 4658/4658/4658
f 4657/4657/4657 4680/4680/4680 4686/4686/4686
f 4686/4686/4686 4669/4669/4669 4657/4657/4657
f 4646/4646/4646 4641/4641/4641 4658/4658/4658
f 4658/4658/4658 4668/4668/4668 4646/4646/4646
f 4694/4694/4694 4693/4693/4693 4702/4702/4702
f 4702/4702/4702 4701/4701/4701 4694/4694/4694
f 4693/4693/4693 4570/4570/4570 4576/4576/4576
f 4576/4576/4576 4702/4702/4702 4693/4693/4693
f 4716/4716/4716 4710/4710/4710 4694/4694/4694
f 4694/4694/4694 4701/4701/4701 4716/4716/4716
f 4721/4721/4721 4724/4724/4724 4729/4729/4729
f 4729/4729/4729 4732/4732/4732 4721/4721/4721
f 4686/4686/4686 4680/4680/4680 4721/4721/4721
f 4721/4721/4721 4732/4732/4732 4686/4686/4686
f 4724/4724/4724 4710/4710/4710 4716/4716/4716
f 4716/4716/4716 4729/4729/4729 4724/4724/4724
f 4737/4737/4737 4738/4738/4738 4739/4739/4739
f 4739/4739/4739 4740/4740/4740 4737/4737/4737
f 4741/4741/4741 4742/4742/4742 4743/4743/4743
f 4743/4743/4743 4744/4744/4744 4741/4741/4741
f 4745/4745/4745 4746/4746/4746 4747/4747/4747
f 4747/4747/4747 4748/4748/4748 4745/4745/4745
f 4746/4746/4746 4745/4745/4745 4749/4749/4749
f 4749/4749/4749 4750/4750/4750 4746/4746/4746
f 4751/4751/4751 4752/4752/4752 4753/4753/4753
f 4753/4753/4753 4754/4754/4754 4751/4751/4751
f 4755/4755/4755 4756/4756/4756 4757/4757/4757
f 4757/4757/4757 4758/4758/4758 4755/4755/4755
f 4756/4756/4756 4759/4759/4759 4760/4760/4760
f 4760/4760/4760 4757/4757/4757 4756/4756/4756
f 4761/4761/4761 4762/4762/4762 4763/4763/4763
f 4763/4763/4763 4764/4764/4764 4761/4761/4761
f 4764/4764/4764 4763/4763/4763 4765/4765/4765
f 4765/4765/4765 4766/4766/4766 4764/4764/4764
f 4741/4741/4741 4744/4744/4744 4738/4738/4738
f 4738/4738/4738 4737/4737/4737 4741/4741/4741
f 4742/4742/4742 4767/4767/4767 4768/4768/4768
f 4768/4768/4768 4743/4743/4743 4742/4742/4742
f 4769/4769/4769 4770/4770/4770 4771/4771/4771
f 4771/4771/4771 4772/4772/4772 4769/4769/4769
f 4773/4773/4773 4774/4774/4774 4775/4775/4775
f 4775/4775/4775 4776/4776/4776 4773/4773/4773
f 4777/4777/4777 4778/4778/4778 4774/4774/4774
f 4774/4774/4774 4773/4773/4773 4777/4777/4777
f 4740/4740/4740 4779/4779/4779 4780/4780/4780
f 4780/4780/4780 4737/4737/4737 4740/4740/4740
f 4741/4741/4741 4781/4781/4781 4782/4782/4782
f 4782/4782/4782 4742/4742/4742 4741/4741/4741
f 4748/4748/4748 4783/4783/4783 4784/4784/4784
f 4784/4784/4784 4745/4745/4745 4748/4748/4748
f 4784/4784/4784 4785/4785/4785 4749/4749/4749
f 4749/4749/4749 4745/4745/4745 4784/4784/4784
f 4786/4786/4786 4787/4787/4787 4751/4751/4751
f 4751/4751/4751 4754/4754/4754 4786/4786/4786
f 4788/4788/4788 4789/4789/4789 4756/4756/4756
f 4756/4756/4756 4755/4755/4755 4788/4788/4788
f 4789/4789/4789 4790/4790/4790 4759/4759/4759
f 4759/4759/4759 4756/4756/4756 4789/4789/4789
f 4791/4791/4791 4792/4792/4792 4763/4763/4763
f 4763/4763/4763 4762/4762/4762 4791/4791/4791
f 4792/4792/4792 4793/4793/4793 4765/4765/4765
f 4765/4765/4765 4763/4763/4763 4792/4792/4792
f 4780/4780/4780 4779/4779/4779 4794/4794/4794
f 4794/4794/4794 4795/4795/4795 4780/4780/4780
f 4796/4796/4796 4782/4782/4782 4781/4781/4781
f 4781/4781/4781 4797/4797/4797 4796/4796/4796
f 4784/4784/4784 4783/4783/4783 4798/4798/4798
f 4798/4798/4798 4799/4799/4799 4784/4784/4784
f 4799/4799/4799 4800/4800/4800 4785/4785/4785
f 4785/4785/4785 4784/4784/4784 4799/4799/4799
f 4787/4787/4787 4786/4786/4786 4801/4801/4801
f 4801/4801/4801 4802/4802/4802 4787/4787/4787
f 4803/4803/4803 4789/4789/4789 4788/4788/4788
f 4788/4788/4788 4804/4804/4804 4803/4803/4803
f 4805/4805/4805 4790/4790/4790 4789/4789/4789
f 4789/4789/4789 4803/4803/4803 4805/4805/4805
f 4806/4806/4806 4807/4807/4807 4792/4792/4792
f 4792/4792/4792 4791/4791/4791 4806/4806/4806
f 4807/4807/4807 4808/4808/4808 4793/4793/4793
f 4793/4793/4793 4792/4792/4792 4807/4807/4807
f 4781/4781/4781 4780/4780/4780 4795/4795/4795
f 4795/4795/4795 4797/4797/4797 4781/4781/4781
f 4809/4809/4809 4810/4810/4810 4782/4782/4782
f 4782/4782/4782 4796/4796/4796 4809/4809/4809
f 4811/4811/4811 4812/4812/4812 4813/4813/4813
f 4813/4813/4813 4814/4814/4814 4811/4811/4811
f 4815/4815/4815 4813/4813/4813 4812/4812/4812
f 4812/4812/4812 4816/4816/4816 4815/4815/4815
f 4817/4817/4817 4815/4815/4815 4816/4816/4816
f 4816/4816/4816 4818/4818/4818 4817/4817/4817
f 4741/4741/4741 4737/4737/4737 4780/4780/4780
f 4780/4780/4780 4781/4781/4781 4741/4741/4741
f 4767/4767/4767 4742/4742/4742 4782/4782/4782
f 4782/4782/4782 4810/4810/4810 4767/4767/4767
f 4812/4812/4812 4811/4811/4811 4770/4770/4770
f 4770/4770/4770 4775/4775/4775 4812/4812/4812
f 4775/4775/4775 4774/4774/4774 4816/4816/4816
f 4816/4816/4816 4812/4812/4812 4775/4775/4775
f 4774/4774/4774 4778/4778/4778 4818/4818/4818
f 4818/4818/4818 4816/4816/4816 4774/4774/4774
f 4819/4819/4819 4820/4820/4820 4739/4739/4739
f 4739/4739/4739 4738/4738/4738 4819/4819/4819
f 4743/4743/4743 4821/4821/4821 4822/4822/4822
f 4822/4822/4822 4744/4744/4744 4743/4743/4743
f 4823/4823/4823 4824/4824/4824 4747/4747/4747
f 4747/4747/4747 4746/4746/4746 4823/4823/4823
f 4746/4746/4746 4750/4750/4750 4825/4825/4825
f 4825/4825/4825 4823/4823/4823 4746/4746/4746
f 4826/4826/4826 4827/4827/4827 4753/4753/4753
f 4753/4753/4753 4752/4752/4752 4826/4826/4826
f 4757/4757/4757 4828/4828/4828 4829/4829/4829
f 4829/4829/4829 4758/4758/4758 4757/4757/4757
f 4760/4760/4760 4830/4830/4830 4828/4828/4828
f 4828/4828/4828 4757/4757/4757 4760/4760/4760
f 4761/4761/4761 4764/4764/4764 4831/4831/4831
f 4831/4831/4831 4832/4832/4832 4761/4761/4761
f 4764/4764/4764 4766/4766/4766 4833/4833/4833
f 4833/4833/4833 4831/4831/4831 4764/4764/4764
f 4822/4822/4822 4819/4819/4819 4738/4738/4738
f 4738/4738/4738 4744/4744/4744 4822/4822/4822
f 4768/4768/4768 4834/4834/4834 4821/4821/4821
f 4821/4821/4821 4743/4743/4743 4768/4768/4768
f 4835/4835/4835 4836/4836/4836 4776/4776/4776
f 4776/4776/4776 4769/4769/4769 4835/4835/4835
f 4773/4773/4773 4776/4776/4776 4836/4836/4836
f 4836/4836/4836 4837/4837/4837 4773/4773/4773
f 4777/4777/4777 4773/4773/4773 4837/4837/4837
f 4837/4837/4837 4838/4838/4838 4777/4777/4777
f 4839/4839/4839 4820/4820/4820 4819/4819/4819
f 4819/4819/4819 4840/4840/4840 4839/4839/4839
f 4841/4841/4841 4822/4822/4822 4821/4821/4821
f 4821/4821/4821 4842/4842/4842 4841/4841/4841
f 4843/4843/4843 4824/4824/4824 4823/4823/4823
f 4823/4823/4823 4844/4844/4844 4843/4843/4843
f 4844/4844/4844 4823/4823/4823 4825/4825/4825
f 4825/4825/4825 4845/4845/4845 4844/4844/4844
f 4846/4846/4846 4827/4827/4827 4826/4826/4826
f 4826/4826/4826 4847/4847/4847 4846/4846/4846
f 4848/4848/4848 4829/4829/4829 4828/4828/4828
f 4828/4828/4828 4849/4849/4849 4848/4848/4848
f 4849/4849/4849 4828/4828/4828 4830/4830/4830
f 4830/4830/4830 4850/4850/4850 4849/4849/4849
f 4851/4851/4851 4832/4832/4832 4831/4831/4831
f 4831/4831/4831 4852/4852/4852 4851/4851/4851
f 4831/4831/4831 4833/4833/4833 4853/4853/4853
f 4853/4853/4853 4852/4852/4852 4831/4831/4831
f 4840/4840/4840 4854/4854/4854 4855/4855/4855
f 4855/4855/4855 4839/4839/4839 4840/4840/4840
f 4841/4841/4841 4842/4842/4842 4856/4856/4856
f 4856/4856/4856 4857/4857/4857 4841/4841/4841
f 4844/4844/4844 4858/4858/4858 4859/4859/4859
f 4859/4859/4859 4843/4843/4843 4844/4844/4844
f 4858/4858/4858 4844/4844/4844 4845/4845/4845
f 4845/4845/4845 4860/4860/4860 4858/4858/4858
f 4847/4847/4847 4861/4861/4861 4862/4862/4862
f 4862/4862/4862 4846/4846/4846 4847/4847/4847
f 4848/4848/4848 4849/4849/4849 4863/4863/4863
f 4863/4863/4863 4864/4864/4864 4848/4848/4848
f 4849/4849/4849 4850/4850/4850 4865/4865/4865
f 4865/4865/4865 4863/4863/4863 4849/4849/4849
f 4866/4866/4866 4851/4851/4851 4852/4852/4852
f 4852/4852/4852 4867/4867/4867 4866/4866/4866
f 4867/4867/4867 4852/4852/4852 4853/4853/4853
f 4853/4853/4853 4868/4868/4868 4867/4867/4867
f 4841/4841/4841 4857/4857/4857 4854/4854/4854
f 4854/4854/4854 4840/4840/4840 4841/4841/4841
f 4842/4842/4842 4869/4869/4869 4870/4870/4870
f 4870/4870/4870 4856/4856/4856 4842/4842/4842
f 4871/4871/4871 4872/4872/4872 4873/4873/4873
f 4873/4873/4873 4874/4874/4874 4871/4871/4871
f 4875/4875/4875 4876/4876/4876 4877/4877/4877
f 4877/4877/4877 4878/4878/4878 4875/4875/4875
f 4879/4879/4879 4880/4880/4880 4876/4876/4876
f 4876/4876/4876 4875/4875/4875 4879/4879/4879
f 4822/4822/4822 4841/4841/4841 4840/4840/4840
f 4840/4840/4840 4819/4819/4819 4822/4822/4822
f 4834/4834/4834 4869/4869/4869 4842/4842/4842
f 4842/4842/4842 4821/4821/4821 4834/4834/4834
f 4873/4873/4873 4872/4872/4872 4835/4835/4835
f 4835/4835/4835 4881/4881/4881 4873/4873/4873
f 4836/4836/4836 4877/4877/4877 4876/4876/4876
f 4876/4876/4876 4837/4837/4837 4836/4836/4836
f 4876/4876/4876 4880/4880/4880 4838/4838/4838
f 4838/4838/4838 4837/4837/4837 4876/4876/4876
f 4882/4882/4882 4883/4883/4883 4884/4884/4884
f 4884/4884/4884 4885/4885/4885 4882/4882/4882
f 4886/4886/4886 4887/4887/4887 4888/4888/4888
f 4888/4888/4888 4889/4889/4889 4886/4886/4886
f 4890/4890/4890 4891/4891/4891 4892/4892/4892
f 4892/4892/4892 4893/4893/4893 4890/4890/4890
f 4893/4893/4893 4894/4894/4894 4895/4895/4895
f 4895/4895/4895 4890/4890/4890 4893/4893/4893
f 4896/4896/4896 4897/4897/4897 4898/4898/4898
f 4898/4898/4898 4899/4899/4899 4896/4896/4896
f 4900/4900/4900 4901/4901/4901 4902/4902/4902
f 4902/4902/4902 4903/4903/4903 4900/4900/4900
f 4904/4904/4904 4905/4905/4905 4901/4901/4901
f 4901/4901/4901 4900/4900/4900 4904/4904/4904
f 4906/4906/4906 4907/4907/4907 4908/4908/4908
f 4908/4908/4908 4909/4909/4909 4906/4906/4906
f 4907/4907/4907 4910/4910/4910 4911/4911/4911
f 4911/4911/4911 4908/4908/4908 4907/4907/4907
f 4888/4888/4888 4882/4882/4882 4885/4885/4885
f 4885/4885/4885 4889/4889/4889 4888/4888/4888
f 4912/4912/4912 4913/4913/4913 4887/4887/4887
f 4887/4887/4887 4886/4886/4886 4912/4912/4912
f 4914/4914/4914 4915/4915/4915 4916/4916/4916
f 4916/4916/4916 4917/4917/4917 4914/4914/4914
f 4918/4918/4918 4916/4916/4916 4915/4915/4915
f 4915/4915/4915 4919/4919/4919 4918/4918/4918
f 4920/4920/4920 4918/4918/4918 4919/4919/4919
f 4919/4919/4919 4921/4921/4921 4920/4920/4920
f 4922/4922/4922 4883/4883/4883 4882/4882/4882
f 4882/4882/4882 4923/4923/4923 4922/4922/4922
f 4924/4924/4924 4888/4888/4888 4887/4887/4887
f 4887/4887/4887 4925/4925/4925 4924/4924/4924
f 4926/4926/4926 4891/4891/4891 4890/4890/4890
f 4890/4890/4890 4927/4927/4927 4926/4926/4926
f 4927/4927/4927 4890/4890/4890 4895/4895/4895
f 4895/4895/4895 4928/4928/4928 4927/4927/4927
f 4929/4929/4929 4897/4897/4897 4896/4896/4896
f 4896/4896/4896 4930/4930/4930 4929/4929/4929
f 4931/4931/4931 4902/4902/4902 4901/4901/4901
f 4901/4901/4901 4932/4932/4932 4931/4931/4931
f 4932/4932/4932 4901/4901/4901 4905/4905/4905
f 4905/4905/4905 4933/4933/4933 4932/4932/4932
f 4934/4934/4934 4909/4909/4909 4908/4908/4908
f 4908/4908/4908 4935/4935/4935 4934/4934/4934
f 4908/4908/4908 4911/4911/4911 4936/4936/4936
f 4936/4936/4936 4935/4935/4935 4908/4908/4908
f 4923/4923/4923 4937/4937/4937 4938/4938/4938
f 4938/4938/4938 4922/4922/4922 4923/4923/4923
f 4924/4924/4924 4925/4925/4925 4939/4939/4939
f 4939/4939/4939 4940/4940/4940 4924/4924/4924
f 4927/4927/4927 4941/4941/4941 4942/4942/4942
f 4942/4942/4942 4926/4926/4926 4927/4927/4927
f 4941/4941/4941 4927/4927/4927 4928/4928/4928
f 4928/4928/4928 4943/4943/4943 4941/4941/4941
f 4930/4930/4930 4944/4944/4944 4945/4945/4945
f 4945/4945/4945 4929/4929/4929 4930/4930/4930
f 4931/4931/4931 4932/4932/4932 4946/4946/4946
f 4946/4946/4946 4947/4947/4947 4931/4931/4931
f 4932/4932/4932 4933/4933/4933 4948/4948/4948
f 4948/4948/4948 4946/4946/4946 4932/4932/4932
f 4949/4949/4949 4934/4934/4934 4935/4935/4935
f 4935/4935/4935 4950/4950/4950 4949/4949/4949
f 4950/4950/4950 4935/4935/4935 4936/4936/4936
f 4936/4936/4936 4951/4951/4951 4950/4950/4950
f 4924/4924/4924 4940/4940/4940 4937/4937/4937
f 4937/4937/4937 4923/4923/4923 4924/4924/4924
f 4925/4925/4925 4952/4952/4952 4953/4953/4953
f 4953/4953/4953 4939/4939/4939 4925/4925/4925
f 4954/4954/4954 4955/4955/4955 4956/4956/4956
f 4956/4956/4956 4957/4957/4957 4954/4954/4954
f 4958/4958/4958 4959/4959/4959 4960/4960/4960
f 4960/4960/4960 4961/4961/4961 4958/4958/4958
f 4962/4962/4962 4963/4963/4963 4959/4959/4959
f 4959/4959/4959 4958/4958/4958 4962/4962/4962
f 4888/4888/4888 4924/4924/4924 4923/4923/4923
f 4923/4923/4923 4882/4882/4882 4888/4888/4888
f 4913/4913/4913 4952/4952/4952 4925/4925/4925
f 4925/4925/4925 4887/4887/4887 4913/4913/4913
f 4956/4956/4956 4955/4955/4955 4914/4914/4914
f 4914/4914/4914 4964/4964/4964 4956/4956/4956
f 4915/4915/4915 4960/4960/4960 4959/4959/4959
f 4959/4959/4959 4919/4919/4919 4915/4915/4915
f 4959/4959/4959 4963/4963/4963 4921/4921/4921
f 4921/4921/4921 4919/4919/4919 4959/4959/4959
f 4965/4965/4965 4885/4885/4885 4884/4884/4884
f 4884/4884/4884 4966/4966/4966 4965/4965/4965
f 4967/4967/4967 4968/4968/4968 4886/4886/4886
f 4886/4886/4886 4889/4889/4889 4967/4967/4967
f 4969/4969/4969 4893/4893/4893 4892/4892/4892
f 4892/4892/4892 4970/4970/4970 4969/4969/4969
f 4893/4893/4893 4969/4969/4969 4971/4971/4971
f 4971/4971/4971 4894/4894/4894 4893/4893/4893
f 4972/4972/4972 4899/4899/4899 4898/4898/4898
f 4898/4898/4898 4973/4973/4973 4972/4972/4972
f 4974/4974/4974 4975/4975/4975 4900/4900/4900
f 4900/4900/4900 4903/4903/4903 4974/4974/4974
f 4975/4975/4975 4976/4976/4976 4904/4904/4904
f 4904/4904/4904 4900/4900/4900 4975/4975/4975
f 4906/4906/4906 4977/4977/4977 4978/4978/4978
f 4978/4978/4978 4907/4907/4907 4906/4906/4906
f 4907/4907/4907 4978/4978/4978 4979/4979/4979
f 4979/4979/4979 4910/4910/4910 4907/4907/4907
f 4967/4967/4967 4889/4889/4889 4885/4885/4885
f 4885/4885/4885 4965/4965/4965 4967/4967/4967
f 4968/4968/4968 4980/4980/4980 4912/4912/4912
f 4912/4912/4912 4886/4886/4886 4968/4968/4968
f 4917/4917/4917 4981/4981/4981 4982/4982/4982
f 4982/4982/4982 4983/4983/4983 4917/4917/4917
f 4918/4918/4918 4984/4984/4984 4985/4985/4985
f 4985/4985/4985 4916/4916/4916 4918/4918/4918
f 4920/4920/4920 4986/4986/4986 4984/4984/4984
f 4984/4984/4984 4918/4918/4918 4920/4920/4920
f 4966/4966/4966 4988/4988/4988 4989/4989/4989
f 4989/4989/4989 4965/4965/4965 4966/4966/4966
f 4991/4991/4991 4993/4993/4993 4968/4968/4968
f 4968/4968/4968 4967/4967/4967 4991/4991/4991
f 4996/4996/4996 4998/4998/4998 4969/4969/4969
f 4969/4969/4969 4970/4970/4970 4996/4996/4996
f 4998/4998/4998 5000/5000/5000 4971/4971/4971
f 4971/4971/4971 4969/4969/4969 4998/4998/4998
f 5002/5002/5002 5004/5004/5004 4972/4972/4972
f 4972/4972/4972 4973/4973/4973 5002/5002/5002
f 5005/5005/5005 5007/5007/5007 4975/4975/4975
f 4975/4975/4975 4974/4974/4974 5005/5005/5005
f 5007/5007/5007 5009/5009/5009 4976/4976/4976
f 4976/4976/4976 4975/4975/4975 5007/5007/5007
f 5012/5012/5012 5014/5014/5014 4978/4978/4978
f 4978/4978/4978 4977/4977/4977 5012/5012/5012
f 4978/4978/4978 5014/5014/5014 5016/5016/5016
f 5016/5016/5016 4979/4979/4979 4978/4978/4978
f 4990/4990/4990 4987/4987/4987 4855/4855/4855
f 4855/4855/4855 4854/4854/4854 4990/4990/4990
f 4856/4856/4856 4994/4994/4994 4992/4992/4992
f 4992/4992/4992 4857/4857/4857 4856/4856/4856
f 4997/4997/4997 4995/4995/4995 4859/4859/4859
f 4859/4859/4859 4858/4858/4858 4997/4997/4997
f 4858/4858/4858 4860/4860/4860 4999/4999/4999
f 4999/4999/4999 4997/4997/4997 4858/4858/4858
f 5003/5003/5003 5001/5001/5001 4862/4862/4862
f 4862/4862/4862 4861/4861/4861 5003/5003/5003
f 4863/4863/4863 5008/5008/5008 5006/5006/5006
f 5006/5006/5006 4864/4864/4864 4863/4863/4863
f 4865/4865/4865 5010/5010/5010 5008/5008/5008
f 5008/5008/5008 4863/4863/4863 4865/4865/4865
f 4866/4866/4866 4867/4867/4867 5013/5013/5013
f 5013/5013/5013 5011/5011/5011 4866/4866/4866
f 4867/4867/4867 4868/4868/4868 5015/5015/5015
f 5015/5015/5015 5013/5013/5013 4867/4867/4867
f 4992/4992/4992 4990/4990/4990 4854/4854/4854
f 4854/4854/4854 4857/4857/4857 4992/4992/4992
f 4870/4870/4870 5017/5017/5017 4994/4994/4994
f 4994/4994/4994 4856/4856/4856 4870/4870/4870
f 5019/5019/5019 5021/5021/5021 4878/4878/4878
f 4878/4878/4878 4871/4871/4871 5019/5019/5019
f 4875/4875/4875 4878/4878/4878 5021/5021/5021
f 5021/5021/5021 5024/5024/5024 4875/4875/4875
f 4879/4879/4879 4875/4875/4875 5024/5024/5024
f 5024/5024/5024 5025/5025/5025 4879/4879/4879
f 4967/4967/4967 4965/4965/4965 4989/4989/4989
f 4989/4989/4989 4991/4991/4991 4967/4967/4967
f 4980/4980/4980 4968/4968/4968 4993/4993/4993
f 4993/4993/4993 5018/5018/5018 4980/4980/4980
f 5022/5022/5022 5020/5020/5020 4981/4981/4981
f 4981/4981/4981 4985/4985/4985 5022/5022/5022
f 4985/4985/4985 4984/4984/4984 5023/5023/5023
f 5023/5023/5023 5022/5022/5022 4985/4985/4985
f 4984/4984/4984 4986/4986/4986 5026/5026/5026
f 5026/5026/5026 5023/5023/5023 4984/4984/4984
f 5027/5027/5027 5028/5028/5028 5029/5029/5029
f 5029/5029/5029 5030/5030/5030 5027/5027/5027
f 5031/5031/5031 5032/5032/5032 5033/5033/5033
f 5033/5033/5033 5034/5034/5034 5031/5031/5031
f 5035/5035/5035 5036/5036/5036 5037/5037/5037
f 5037/5037/5037 5038/5038/5038 5035/5035/5035
f 5038/5038/5038 5039/5039/5039 5040/5040/5040
f 5040/5040/5040 5035/5035/5035 5038/5038/5038
f 5041/5041/5041 5042/5042/5042 5043/5043/5043
f 5043/5043/5043 5044/5044/5044 5041/5041/5041
f 5045/5045/5045 5046/5046/5046 5047/5047/5047
f 5047/5047/5047 5048/5048/5048 5045/5045/5045
f 5049/5049/5049 5050/5050/5050 5046/5046/5046
f 5046/5046/5046 5045/5045/5045 5049/5049/5049
f 5051/5051/5051 5052/5052/5052 5053/5053/5053
f 5053/5053/5053 5054/5054/5054 5051/5051/5051
f 5052/5052/5052 5055/5055/5055 5056/5056/5056
f 5056/5056/5056 5053/5053/5053 5052/5052/5052
f 5033/5033/5033 5027/5027/5027 5030/5030/5030
f 5030/5030/5030 5034/5034/5034 5033/5033/5033
f 5057/5057/5057 5058/5058/5058 5032/5032/5032
f 5032/5032/5032 5031/5031/5031 5057/5057/5057
f 5059/5059/5059 5060/5060/5060 5061/5061/5061
f 5061/5061/5061 5062/5062/5062 5059/5059/5059
f 5063/5063/5063 5061/5061/5061 5060/5060/5060
f 5060/5060/5060 5064/5064/5064 5063/5063/5063
f 5065/5065/5065 5063/5063/5063 5064/5064/5064
f 5064/5064/5064 5066/5066/5066 5065/5065/5065
f 5067/5067/5067 5028/5028/5028 5027/5027/5027
f 5027/5027/5027 5068/5068/5068 5067/5067/5067
f 5069/5069/5069 5033/5033/5033 5032/5032/5032
f 5032/5032/5032 5070/5070/5070 5069/5069/5069
f 5071/5071/5071 5036/5036/5036 5035/5035/5035
f 5035/5035/5035 5072/5072/5072 5071/5071/5071
f 5072/5072/5072 5035/5035/5035 5040/5040/5040
f 5040/5040/5040 5073/5073/5073 5072/5072/5072
f 5074/5074/5074 5042/5042/5042 5041/5041/5041
f 5041/5041/5041 5075/5075/5075 5074/5074/5074
f 5076/5076/5076 5047/5047/5047 5046/5046/5046
f 5046/5046/5046 5077/5077/5077 5076/5076/5076
f 5077/5077/5077 5046/5046/5046 5050/5050/5050
f 5050/5050/5050 5078/5078/5078 5077/5077/5077
f 5079/5079/5079 5054/5054/5054 5053/5053/5053
f 5053/5053/5053 5080/5080/5080 5079/5079/5079
f 5053/5053/5053 5056/5056/5056 5081/5081/5081
f 5081/5081/5081 5080/5080/5080 5053/5053/5053
f 5068/5068/5068 4795/4795/4795 4794/4794/4794
f 4794/4794/4794 5067/5067/5067 5068/5068/5068
f 5069/5069/5069 5070/5070/5070 4796/4796/4796
f 4796/4796/4796 4797/4797/4797 5069/5069/5069
f 5072/5072/5072 4799/4799/4799 4798/4798/4798
f 4798/4798/4798 5071/5071/5071 5072/5072/5072
f 4799/4799/4799 5072/5072/5072 5073/5073/5073
f 5073/5073/5073 4800/4800/4800 4799/4799/4799
f 5075/5075/5075 4802/4802/4802 4801/4801/4801
f 4801/4801/4801 5074/5074/5074 5075/5075/5075
f 5076/5076/5076 5077/5077/5077 4803/4803/4803
f 4803/4803/4803 4804/4804/4804 5076/5076/5076
f 5077/5077/5077 5078/5078/5078 4805/4805/4805
f 4805/4805/4805 4803/4803/4803 5077/5077/5077
f 4806/4806/4806 5079/5079/5079 5080/5080/5080
f 5080/5080/5080 4807/4807/4807 4806/4806/4806
f 4807/4807/4807 5080/5080/5080 5081/5081/5081
f 5081/5081/5081 4808/4808/4808 4807/4807/4807
f 5069/5069/5069 4797/4797/4797 4795/4795/4795
f 4795/4795/4795 5068/5068/5068 5069/5069/5069
f 5070/5070/5070 5082/5082/5082 4809/4809/4809
f 4809/4809/4809 4796/4796/4796 5070/5070/5070
f 4814/4814/4814 5083/5083/5083 5084/5084/5084
f 5084/5084/5084 5085/5085/5085 4814/4814/4814
f 4815/4815/4815 5086/5086/5086 5087/5087/5087
f 5087/5087/5087 4813/4813/4813 4815/4815/4815
f 4817/4817/4817 5088/5088/5088 5086/5086/5086
f 5086/5086/5086 4815/4815/4815 4817/4817/4817
f 5033/5033/5033 5069/5069/5069 5068/5068/5068
f 5068/5068/5068 5027/5027/5027 5033/5033/5033
f 5058/5058/5058 5082/5082/5082 5070/5070/5070
f 5070/5070/5070 5032/5032/5032 5058/5058/5058
f 5084/5084/5084 5083/5083/5083 5059/5059/5059
f 5059/5059/5059 5089/5089/5089 5084/5084/5084
f 5060/5060/5060 5087/5087/5087 5086/5086/5086
f 5086/5086/5086 5064/5064/5064 5060/5060/5060
f 5086/5086/5086 5088/5088/5088 5066/5066/5066
f 5066/5066/5066 5064/5064/5064 5086/5086/5086
f 5090/5090/5090 5030/5030/5030 5029/5029/5029
f 5029/5029/5029 5091/5091/5091 5090/5090/5090
f 5092/5092/5092 5093/5093/5093 5031/5031/5031
f 5031/5031/5031 5034/5034/5034 5092/5092/5092
f 5094/5094/5094 5038/5038/5038 5037/5037/5037
f 5037/5037/5037 5095/5095/5095 5094/5094/5094
f 5038/5038/5038 5094/5094/5094 5096/5096/5096
f 5096/5096/5096 5039/5039/5039 5038/5038/5038
f 5097/5097/5097 5044/5044/5044 5043/5043/5043
f 5043/5043/5043 5098/5098/5098 5097/5097/5097
f 5099/5099/5099 5100/5100/5100 5045/5045/5045
f 5045/5045/5045 5048/5048/5048 5099/5099/5099
f 5100/5100/5100 5101/5101/5101 5049/5049/5049
f 5049/5049/5049 5045/5045/5045 5100/5100/5100
f 5051/5051/5051 5102/5102/5102 5103/5103/5103
f 5103/5103/5103 5052/5052/5052 5051/5051/5051
f 5052/5052/5052 5103/5103/5103 5104/5104/5104
f 5104/5104/5104 5055/5055/5055 5052/5052/5052
f 5092/5092/5092 5034/5034/5034 5030/5030/5030
f 5030/5030/5030 5090/5090/5090 5092/5092/5092
f 5093/5093/5093 5105/5105/5105 5057/5057/5057
f 5057/5057/5057 5031/5031/5031 5093/5093/5093
f 5062/5062/5062 5106/5106/5106 5107/5107/5107
f 5107/5107/5107 5108/5108/5108 5062/5062/5062
f 5063/5063/5063 5109/5109/5109 5110/5110/5110
f 5110/5110/5110 5061/5061/5061 5063/5063/5063
f 5065/5065/5065 5111/5111/5111 5109/5109/5109
f 5109/5109/5109 5063/5063/5063 5065/5065/5065
f 5091/5091/5091 5113/5113/5113 5115/5115/5115
f 5115/5115/5115 5090/5090/5090 5091/5091/5091
f 5116/5116/5116 5118/5118/5118 5093/5093/5093
f 5093/5093/5093 5092/5092/5092 5116/5116/5116
f 5120/5120/5120 5123/5123/5123 5094/5094/5094
f 5094/5094/5094 5095/5095/5095 5120/5120/5120
f 5123/5123/5123 5125/5125/5125 5096/5096/5096
f 5096/5096/5096 5094/5094/5094 5123/5123/5123
f 5127/5127/5127 5129/5129/5129 5097/5097/5097
f 5097/5097/5097 5098/5098/5098 5127/5127/5127
f 5130/5130/5130 5132/5132/5132 5100/5100/5100
f 5100/5100/5100 5099/5099/5099 5130/5130/5130
f 5132/5132/5132 5134/5134/5134 5101/5101/5101
f 5101/5101/5101 5100/5100/5100 5132/5132/5132
f 5136/5136/5136 5139/5139/5139 5103/5103/5103
f 5103/5103/5103 5102/5102/5102 5136/5136/5136
f 5103/5103/5103 5139/5139/5139 5141/5141/5141
f 5141/5141/5141 5104/5104/5104 5103/5103/5103
f 5114/5114/5114 5112/5112/5112 5142/5142/5142
f 5142/5142/5142 5143/5143/5143 5114/5114/5114
f 5144/5144/5144 5119/5119/5119 5117/5117/5117
f 5117/5117/5117 5145/5145/5145 5144/5144/5144
f 5122/5122/5122 5121/5121/5121 5146/5146/5146
f 5146/5146/5146 5147/5147/5147 5122/5122/5122
f 5147/5147/5147 5148/5148/5148 5124/5124/5124
f 5124/5124/5124 5122/5122/5122 5147/5147/5147
f 5128/5128/5128 5126/5126/5126 5149/5149/5149
f 5149/5149/5149 5150/5150/5150 5128/5128/5128
f 5151/5151/5151 5133/5133/5133 5131/5131/5131
f 5131/5131/5131 5152/5152/5152 5151/5151/5151
f 5153/5153/5153 5135/5135/5135 5133/5133/5133
f 5133/5133/5133 5151/5151/5151 5153/5153/5153
f 5154/5154/5154 5155/5155/5155 5138/5138/5138
f 5138/5138/5138 5137/5137/5137 5154/5154/5154
f 5155/5155/5155 5156/5156/5156 5140/5140/5140
f 5140/5140/5140 5138/5138/5138 5155/5155/5155
f 5117/5117/5117 5114/5114/5114 5143/5143/5143
f 5143/5143/5143 5145/5145/5145 5117/5117/5117
f 5157/5157/5157 5158/5158/5158 5119/5119/5119
f 5119/5119/5119 5144/5144/5144 5157/5157/5157
f 5160/5160/5160 5162/5162/5162 5164/5164/5164
f 5164/5164/5164 5165/5165/5165 5160/5160/5160
f 5166/5166/5166 5164/5164/5164 5162/5162/5162
f 5162/5162/5162 5168/5168/5168 5166/5166/5166
f 5169/5169/5169 5166/5166/5166 5168/5168/5168
f 5168/5168/5168 5170/5170/5170 5169/5169/5169
f 5092/5092/5092 5090/5090/5090 5115/5115/5115
f 5115/5115/5115 5116/5116/5116 5092/5092/5092
f 5105/5105/5105 5093/5093/5093 5118/5118/5118
f 5118/5118/5118 5159/5159/5159 5105/5105/5105
f 5163/5163/5163 5161/5161/5161 5106/5106/5106
f 5106/5106/5106 5110/5110/5110 5163/5163/5163
f 5110/5110/5110 5109/5109/5109 5167/5167/5167
f 5167/5167/5167 5163/5163/5163 5110/5110/5110
f 5109/5109/5109 5111/5111/5111 5171/5171/5171
f 5171/5171/5171 5167/5167/5167 5109/5109/5109
f 5172/5172/5172 5173/5173/5173 5174/5174/5174
f 5174/5174/5174 5175/5175/5175 5172/5172/5172
f 5176/5176/5176 5177/5177/5177 5178/5178/5178
f 5178/5178/5178 5179/5179/5179 5176/5176/5176
f 5180/5180/5180 5181/5181/5181 5182/5182/5182
f 5182/5182/5182 5183/5183/5183 5180/5180/5180
f 5181/5181/5181 5180/5180/5180 5184/5184/5184
f 5184/5184/5184 5185/5185/5185 5181/5181/5181
f 5186/5186/5186 5187/5187/5187 5188/5188/5188
f 5188/5188/5188 5189/5189/5189 5186/5186/5186
f 5190/5190/5190 5191/5191/5191 5192/5192/5192
f 5192/5192/5192 5193/5193/5193 5190/5190/5190
f 5191/5191/5191 5194/5194/5194 5195/5195/5195
f 5195/5195/5195 5192/5192/5192 5191/5191/5191
f 5196/5196/5196 5197/5197/5197 5198/5198/5198
f 5198/5198/5198 5199/5199/5199 5196/5196/5196
f 5199/5199/5199 5198/5198/5198 5200/5200/5200
f 5200/5200/5200 5201/5201/5201 5199/5199/5199
f 5176/5176/5176 5179/5179/5179 5173/5173/5173
f 5173/5173/5173 5172/5172/5172 5176/5176/5176
f 5177/5177/5177 5202/5202/5202 5203/5203/5203
f 5203/5203/5203 5178/5178/5178 5177/5177/5177
f 5204/5204/5204 5205/5205/5205 5206/5206/5206
f 5206/5206/5206 5207/5207/5207 5204/5204/5204
f 5208/5208/5208 5209/5209/5209 5210/5210/5210
f 5210/5210/5210 5211/5211/5211 5208/5208/5208
f 5212/5212/5212 5213/5213/5213 5209/5209/5209
f 5209/5209/5209 5208/5208/5208 5212/5212/5212
f 5175/5175/5175 5214/5214/5214 5215/5215/5215
f 5215/5215/5215 5172/5172/5172 5175/5175/5175
f 5216/5216/5216 5217/5217/5217 5177/5177/5177
f 5177/5177/5177 5176/5176/5176 5216/5216/5216
f 5218/5218/5218 5219/5219/5219 5180/5180/5180
f 5180/5180/5180 5183/5183/5183 5218/5218/5218
f 5219/5219/5219 5220/5220/5220 5184/5184/5184
f 5184/5184/5184 5180/5180/5180 5219/5219/5219
f 5221/5221/5221 5222/5222/5222 5186/5186/5186
f 5186/5186/5186 5189/5189/5189 5221/5221/5221
f 5223/5223/5223 5224/5224/5224 5191/5191/5191
f 5191/5191/5191 5190/5190/5190 5223/5223/5223
f 5224/5224/5224 5225/5225/5225 5194/5194/5194
f 5194/5194/5194 5191/5191/5191 5224/5224/5224
f 5226/5226/5226 5227/5227/5227 5198/5198/5198
f 5198/5198/5198 5197/5197/5197 5226/5226/5226
f 5198/5198/5198 5227/5227/5227 5228/5228/5228
f 5228/5228/5228 5200/5200/5200 5198/5198/5198
f 5215/5215/5215 5214/5214/5214 4938/4938/4938
f 4938/4938/4938 4937/4937/4937 5215/5215/5215
f 4939/4939/4939 5217/5217/5217 5216/5216/5216
f 5216/5216/5216 4940/4940/4940 4939/4939/4939
f 5219/5219/5219 5218/5218/5218 4942/4942/4942
f 4942/4942/4942 4941/4941/4941 5219/5219/5219
f 4941/4941/4941 4943/4943/4943 5220/5220/5220
f 5220/5220/5220 5219/5219/5219 4941/4941/4941
f 5222/5222/5222 5221/5221/5221 4945/4945/4945
f 4945/4945/4945 4944/4944/4944 5222/5222/5222
f 4946/4946/4946 5224/5224/5224 5223/5223/5223
f 5223/5223/5223 4947/4947/4947 4946/4946/4946
f 4948/4948/4948 5225/5225/5225 5224/5224/5224
f 5224/5224/5224 4946/4946/4946 4948/4948/4948
f 4949/4949/4949 4950/4950/4950 5227/5227/5227
f 5227/5227/5227 5226/5226/5226 4949/4949/4949
f 4950/4950/4950 4951/4951/4951 5228/5228/5228
f 5228/5228/5228 5227/5227/5227 4950/4950/4950
f 5216/5216/5216 5215/5215/5215 4937/4937/4937
f 4937/4937/4937 4940/4940/4940 5216/5216/5216
f 4953/4953/4953 5229/5229/5229 5217/5217/5217
f 5217/5217/5217 4939/4939/4939 4953/4953/4953
f 5230/5230/5230 5231/5231/5231 4961/4961/4961
f 4961/4961/4961 4954/4954/4954 5230/5230/5230
f 4958/4958/4958 4961/4961/4961 5231/5231/5231
f 5231/5231/5231 5232/5232/5232 4958/4958/4958
f 4962/4962/4962 4958/4958/4958 5232/5232/5232
f 5232/5232/5232 5233/5233/5233 4962/4962/4962
f 5176/5176/5176 5172/5172/5172 5215/5215/5215
f 5215/5215/5215 5216/5216/5216 5176/5176/5176
f 5202/5202/5202 5177/5177/5177 5217/5217/5217
f 5217/5217/5217 5229/5229/5229 5202/5202/5202
f 5231/5231/5231 5230/5230/5230 5205/5205/5205
f 5205/5205/5205 5210/5210/5210 5231/5231/5231
f 5210/5210/5210 5209/5209/5209 5232/5232/5232
f 5232/5232/5232 5231/5231/5231 5210/5210/5210
f 5209/5209/5209 5213/5213/5213 5233/5233/5233
f 5233/5233/5233 5232/5232/5232 5209/5209/5209
f 5234/5234/5234 5235/5235/5235 5174/5174/5174
f 5174/5174/5174 5173/5173/5173 5234/5234/5234
f 5178/5178/5178 5236/5236/5236 5237/5237/5237
f 5237/5237/5237 5179/5179/5179 5178/5178/5178
f 5238/5238/5238 5239/5239/5239 5182/5182/5182
f 5182/5182/5182 5181/5181/5181 5238/5238/5238
f 5181/5181/5181 5185/5185/5185 5240/5240/5240
f 5240/5240/5240 5238/5238/5238 5181/5181/5181
f 5241/5241/5241 5242/5242/5242 5188/5188/5188
f 5188/5188/5188 5187/5187/5187 5241/5241/5241
f 5192/5192/5192 5243/5243/5243 5244/5244/5244
f 5244/5244/5244 5193/5193/5193 5192/5192/5192
f 5195/5195/5195 5245/5245/5245 5243/5243/5243
f 5243/5243/5243 5192/5192/5192 5195/5195/5195
f 5196/5196/5196 5199/5199/5199 5246/5246/5246
f 5246/5246/5246 5247/5247/5247 5196/5196/5196
f 5199/5199/5199 5201/5201/5201 5248/5248/5248
f 5248/5248/5248 5246/5246/5246 5199/5199/5199
f 5237/5237/5237 5234/5234/5234 5173/5173/5173
f 5173/5173/5173 5179/5179/5179 5237/5237/5237
f 5203/5203/5203 5249/5249/5249 5236/5236/5236
f 5236/5236/5236 5178/5178/5178 5203/5203/5203
f 5250/5250/5250 5251/5251/5251 5211/5211/5211
f 5211/5211/5211 5204/5204/5204 5250/5250/5250
f 5208/5208/5208 5211/5211/5211 5251/5251/5251
f 5251/5251/5251 5252/5252/5252 5208/5208/5208
f 5212/5212/5212 5208/5208/5208 5252/5252/5252
f 5252/5252/5252 5253/5253/5253 5212/5212/5212
f 5254/5254/5254 5235/5235/5235 5234/5234/5234
f 5234/5234/5234 5255/5255/5255 5254/5254/5254
f 5256/5256/5256 5237/5237/5237 5236/5236/5236
f 5236/5236/5236 5257/5257/5257 5256/5256/5256
f 5258/5258/5258 5239/5239/5239 5238/5238/5238
f 5238/5238/5238 5259/5259/5259 5258/5258/5258
f 5259/5259/5259 5238/5238/5238 5240/5240/5240
f 5240/5240/5240 5260/5260/5260 5259/5259/5259
f 5261/5261/5261 5242/5242/5242 5241/5241/5241
f 5241/5241/5241 5262/5262/5262 5261/5261/5261
f 5263/5263/5263 5244/5244/5244 5243/5243/5243
f 5243/5243/5243 5264/5264/5264 5263/5263/5263
f 5264/5264/5264 5243/5243/5243 5245/5245/5245
f 5245/5245/5245 5265/5265/5265 5264/5264/5264
f 5266/5266/5266 5247/5247/5247 5246/5246/5246
f 5246/5246/5246 5267/5267/5267 5266/5266/5266
f 5246/5246/5246 5248/5248/5248 5268/5268/5268
f 5268/5268/5268 5267/5267/5267 5246/5246/5246
f 5255/5255/5255 5143/5143/5143 5142/5142/5142
f 5142/5142/5142 5254/5254/5254 5255/5255/5255
f 5256/5256/5256 5257/5257/5257 5144/5144/5144
f 5144/5144/5144 5145/5145/5145 5256/5256/5256
f 5259/5259/5259 5147/5147/5147 5146/5146/5146
f 5146/5146/5146 5258/5258/5258 5259/5259/5259
f 5147/5147/5147 5259/5259/5259 5260/5260/5260
f 5260/5260/5260 5148/5148/5148 5147/5147/5147
f 5262/5262/5262 5150/5150/5150 5149/5149/5149
f 5149/5149/5149 5261/5261/5261 5262/5262/5262
f 5263/5263/5263 5264/5264/5264 5151/5151/5151
f 5151/5151/5151 5152/5152/5152 5263/5263/5263
f 5264/5264/5264 5265/5265/5265 5153/5153/5153
f 5153/5153/5153 5151/5151/5151 5264/5264/5264
f 5154/5154/5154 5266/5266/5266 5267/5267/5267
f 5267/5267/5267 5155/5155/5155 5154/5154/5154
f 5155/5155/5155 5267/5267/5267 5268/5268/5268
f 5268/5268/5268 5156/5156/5156 5155/5155/5155
f 5256/5256/5256 5145/5145/5145 5143/5143/5143
f 5143/5143/5143 5255/5255/5255 5256/5256/5256
f 5257/5257/5257 5269/5269/5269 5157/5157/5157
f 5157/5157/5157 5144/5144/5144 5257/5257/5257
f 5165/5165/5165 5270/5270/5270 5271/5271/5271
f 5271/5271/5271 5272/5272/5272 5165/5165/5165
f 5166/5166/5166 5273/5273/5273 5274/5274/5274
f 5274/5274/5274 5164/5164/5164 5166/5166/5166
f 5169/5169/5169 5275/5275/5275 5273/5273/5273
f 5273/5273/5273 5166/5166/5166 5169/5169/5169
f 5237/5237/5237 5256/5256/5256 5255/5255/5255
f 5255/5255/5255 5234/5234/5234 5237/5237/5237
f 5249/5249/5249 5269/5269/5269 5257/5257/5257
f 5257/5257/5257 5236/5236/5236 5249/5249/5249
f 5271/5271/5271 5270/5270/5270 5250/5250/5250
f 5250/5250/5250 5276/5276/5276 5271/5271/5271
f 5251/5251/5251 5274/5274/5274 5273/5273/5273
f 5273/5273/5273 5252/5252/5252 5251/5251/5251
f 5273/5273/5273 5275/5275/5275 5253/5253/5253
f 5253/5253/5253 5252/5252/5252 5273/5273/5273
f 4770/4770/4770 4769/4769/4769 4776/4776/4776
f 4776/4776/4776 4775/4775/4775 4770/4770/4770
f 5277/5277/5277 4811/4811/4811 4814/4814/4814
f 4814/4814/4814 5085/5085/5085 5277/5277/5277
f 4811/4811/4811 5277/5277/5277 4771/4771/4771
f 4771/4771/4771 4770/4770/4770 4811/4811/4811
f 4881/4881/4881 4835/4835/4835 4769/4769/4769
f 4769/4769/4769 4772/4772/4772 4881/4881/4881
f 4872/4872/4872 4871/4871/4871 4878/4878/4878
f 4878/4878/4878 4877/4877/4877 4872/4872/4872
f 4872/4872/4872 4877/4877/4877 4836/4836/4836
f 4836/4836/4836 4835/4835/4835 4872/4872/4872
f 4964/4964/4964 4914/4914/4914 4917/4917/4917
f 4917/4917/4917 4983/4983/4983 4964/4964/4964
f 4955/4955/4955 4954/4954/4954 4961/4961/4961
f 4961/4961/4961 4960/4960/4960 4955/4955/4955
f 4955/4955/4955 4960/4960/4960 4915/4915/4915
f 4915/4915/4915 4914/4914/4914 4955/4955/4955
f 4981/4981/4981 4917/4917/4917 4916/4916/4916
f 4916/4916/4916 4985/4985/4985 4981/4981/4981
f 5278/5278/5278 5019/5019/5019 4871/4871/4871
f 4871/4871/4871 4874/4874/4874 5278/5278/5278
f 5020/5020/5020 5279/5279/5279 4982/4982/4982
f 4982/4982/4982 4981/4981/4981 5020/5020/5020
f 5089/5089/5089 5059/5059/5059 5062/5062/5062
f 5062/5062/5062 5108/5108/5108 5089/5089/5089
f 5083/5083/5083 4814/4814/4814 4813/4813/4813
f 4813/4813/4813 5087/5087/5087 5083/5083/5083
f 5083/5083/5083 5087/5087/5087 5060/5060/5060
f 5060/5060/5060 5059/5059/5059 5083/5083/5083
f 5106/5106/5106 5062/5062/5062 5061/5061/5061
f 5061/5061/5061 5110/5110/5110 5106/5106/5106
f 5280/5280/5280 5160/5160/5160 5165/5165/5165
f 5165/5165/5165 5272/5272/5272 5280/5280/5280
f 5161/5161/5161 5281/5281/5281 5107/5107/5107
f 5107/5107/5107 5106/5106/5106 5161/5161/5161
f 5205/5205/5205 5204/5204/5204 5211/5211/5211
f 5211/5211/5211 5210/5210/5210 5205/5205/5205
f 5282/5282/5282 5230/5230/5230 4954/4954/4954
f 4954/4954/4954 4957/4957/4957 5282/5282/5282
f 5230/5230/5230 5282/5282/5282 5206/5206/5206
f 5206/5206/5206 5205/5205/5205 5230/5230/5230
f 5276/5276/5276 5250/5250/5250 5204/5204/5204
f 5204/5204/5204 5207/5207/5207 5276/5276/5276
f 5270/5270/5270 5165/5165/5165 5164/5164/5164
f 5164/5164/5164 5274/5274/5274 5270/5270/5270
f 5270/5270/5270 5274/5274/5274 5251/5251/5251
f 5251/5251/5251 5250/5250/5250 5270/5270/5270
f 5283/5283/5283 5284/5284/5284 4766/4766/4766
f 4766/4766/4766 4765/4765/4765 5283/5283/5283
f 4808/4808/4808 5285/5285/5285 5286/5286/5286
f 5286/5286/5286 4793/4793/4793 4808/4808/4808
f 5283/5283/5283 4765/4765/4765 4793/4793/4793
f 4793/4793/4793 5286/5286/5286 5283/5283/5283
f 4766/4766/4766 5284/5284/5284 5287/5287/5287
f 5287/5287/5287 4833/4833/4833 4766/4766/4766
f 5288/5288/5288 5289/5289/5289 4868/4868/4868
f 4868/4868/4868 4853/4853/4853 5288/5288/5288
f 5288/5288/5288 4853/4853/4853 4833/4833/4833
f 4833/4833/4833 5287/5287/5287 5288/5288/5288
f 4910/4910/4910 5290/5290/5290 5291/5291/5291
f 5291/5291/5291 4911/4911/4911 4910/4910/4910
f 5292/5292/5292 5293/5293/5293 4951/4951/4951
f 4951/4951/4951 4936/4936/4936 5292/5292/5292
f 5292/5292/5292 4936/4936/4936 4911/4911/4911
f 4911/4911/4911 5291/5291/5291 5292/5292/5292
f 5294/5294/5294 5290/5290/5290 4910/4910/4910
f 4910/4910/4910 4979/4979/4979 5294/5294/5294
f 4868/4868/4868 5289/5289/5289 5295/5295/5295
f 5295/5295/5295 5015/5015/5015 4868/4868/4868
f 5294/5294/5294 4979/4979/4979 5016/5016/5016
f 5016/5016/5016 5296/5296/5296 5294/5294/5294
f 5055/5055/5055 5297/5297/5297 5298/5298/5298
f 5298/5298/5298 5056/5056/5056 5055/5055/5055
f 5299/5299/5299 5285/5285/5285 4808/4808/4808
f 4808/4808/4808 5081/5081/5081 5299/5299/5299
f 5299/5299/5299 5081/5081/5081 5056/5056/5056
f 5056/5056/5056 5298/5298/5298 5299/5299/5299
f 5300/5300/5300 5297/5297/5297 5055/5055/5055
f 5055/5055/5055 5104/5104/5104 5300/5300/5300
f 5156/5156/5156 5301/5301/5301 5302/5302/5302
f 5302/5302/5302 5140/5140/5140 5156/5156/5156
f 5300/5300/5300 5104/5104/5104 5141/5141/5141
f 5141/5141/5141 5303/5303/5303 5300/5300/5300
f 5304/5304/5304 5305/5305/5305 5201/5201/5201
f 5201/5201/5201 5200/5200/5200 5304/5304/5304
f 4951/4951/4951 5293/5293/5293 5306/5306/5306
f 5306/5306/5306 5228/5228/5228 4951/4951/4951
f 5304/5304/5304 5200/5200/5200 5228/5228/5228
f 5228/5228/5228 5306/5306/5306 5304/5304/5304
f 5201/5201/5201 5305/5305/5305 5307/5307/5307
f 5307/5307/5307 5248/5248/5248 5201/5201/5201
f 5308/5308/5308 5301/5301/5301 5156/5156/5156
f 5156/5156/5156 5268/5268/5268 5308/5308/5308
f 5308/5308/5308 5268/5268/5268 5248/5248/5248
f 5248/5248/5248 5307/5307/5307 5308/5308/5308
f 4778/4778/4778 4777/4777/4777 5284/5284/5284
f 5284/5284/5284 5283/5283/5283 4778/4778/4778
f 5285/5285/5285 4817/4817/4817 4818/4818/4818
f 4818/4818/4818 5286/5286/5286 5285/5285/5285
f 4778/4778/4778 5283/5283/5283 5286/5286/5286
f 5286/5286/5286 4818/4818/4818 4778/4778/4778
f 5284/5284/5284 4777/4777/4777 4838/4838/4838
f 4838/4838/4838 5287/5287/5287 5284/5284/5284
f 4880/4880/4880 4879/4879/4879 5289/5289/5289
f 5289/5289/5289 5288/5288/5288 4880/4880/4880
f 4880/4880/4880 5288/5288/5288 5287/5287/5287
f 5287/5287/5287 4838/4838/4838 4880/4880/4880
f 5290/5290/5290 4920/4920/4920 4921/4921/4921
f 4921/4921/4921 5291/5291/5291 5290/5290/5290
f 4963/4963/4963 4962/4962/4962 5293/5293/5293
f 5293/5293/5293 5292/5292/5292 4963/4963/4963
f 4963/4963/4963 5292/5292/5292 5291/5291/5291
f 5291/5291/5291 4921/4921/4921 4963/4963/4963
f 4986/4986/4986 4920/4920/4920 5290/5290/5290
f 5290/5290/5290 5294/5294/5294 4986/4986/4986
f 5289/5289/5289 4879/4879/4879 5025/5025/5025
f 5025/5025/5025 5295/5295/5295 5289/5289/5289
f 4986/4986/4986 5294/5294/5294 5296/5296/5296
f 5296/5296/5296 5026/5026/5026 4986/4986/4986
f 5297/5297/5297 5065/5065/5065 5066/5066/5066
f 5066/5066/5066 5298/5298/5298 5297/5297/5297
f 5088/5088/5088 4817/4817/4817 5285/5285/5285
f 5285/5285/5285 5299/5299/5299 5088/5088/5088
f 5088/5088/5088 5299/5299/5299 5298/5298/5298
f 5298/5298/5298 5066/5066/5066 5088/5088/5088
f 5111/5111/5111 5065/5065/5065 5297/5297/5297
f 5297/5297/5297 5300/5300/5300 5111/5111/5111
f 5301/5301/5301 5169/5169/5169 5170/5170/5170
f 5170/5170/5170 5302/5302/5302 5301/5301/5301
f 5111/5111/5111 5300/5300/5300 5303/5303/5303
f 5303/5303/5303 5171/5171/5171 5111/5111/5111
f 5213/5213/5213 5212/5212/5212 5305/5305/5305
f 5305/5305/5305 5304/5304/5304 5213/5213/5213
f 5293/5293/5293 4962/4962/4962 5233/5233/5233
f 5233/5233/5233 5306/5306/5306 5293/5293/5293
f 5213/5213/5213 5304/5304/5304 5306/5306/5306
f 5306/5306/5306 5233/5233/5233 5213/5213/5213
f 5305/5305/5305 5212/5212/5212 5253/5253/5253
f 5253/5253/5253 5307/5307/5307 5305/5305/5305
f 5275/5275/5275 5169/5169/5169 5301/5301/5301
f 5301/5301/5301 5308/5308/5308 5275/5275/5275
f 5275/5275/5275 5308/5308/5308 5307/5307/5307
f 5307/5307/5307 5253/5253/5253 5275/5275/5275
f 4760/4760/4760 4759/4759/4759 4762/4762/4762
f 4762/4762/4762 4761/4761/4761 4760/4760/4760
f 4759/4759/4759 4790/4790/4790 4791/4791/4791
f 4791/4791/4791 4762/4762/4762 4759/4759/4759
f 4791/4791/4791 4790/4790/4790 4805/4805/4805
f 4805/4805/4805 4806/4806/4806 4791/4791/4791
f 4832/4832/4832 4830/4830/4830 4760/4760/4760
f 4760/4760/4760 4761/4761/4761 4832/4832/4832
f 4865/4865/4865 4850/4850/4850 4851/4851/4851
f 4851/4851/4851 4866/4866/4866 4865/4865/4865
f 4850/4850/4850 4830/4830/4830 4832/4832/4832
f 4832/4832/4832 4851/4851/4851 4850/4850/4850
f 4909/4909/4909 4905/4905/4905 4904/4904/4904
f 4904/4904/4904 4906/4906/4906 4909/4909/4909
f 4948/4948/4948 4933/4933/4933 4934/4934/4934
f 4934/4934/4934 4949/4949/4949 4948/4948/4948
f 4933/4933/4933 4905/4905/4905 4909/4909/4909
f 4909/4909/4909 4934/4934/4934 4933/4933/4933
f 4904/4904/4904 4976/4976/4976 4977/4977/4977
f 4977/4977/4977 4906/4906/4906 4904/4904/4904
f 5011/5011/5011 5010/5010/5010 4865/4865/4865
f 4865/4865/4865 4866/4866/4866 5011/5011/5011
f 4976/4976/4976 5009/5009/5009 5012/5012/5012
f 5012/5012/5012 4977/4977/4977 4976/4976/4976
f 5054/5054/5054 5050/5050/5050 5049/5049/5049
f 5049/5049/5049 5051/5051/5051 5054/5054/5054
f 4805/4805/4805 5078/5078/5078 5079/5079/5079
f 5079/5079/5079 4806/4806/4806 4805/4805/4805
f 5078/5078/5078 5050/5050/5050 5054/5054/5054
f 5054/5054/5054 5079/5079/5079 5078/5078/5078
f 5049/5049/5049 5101/5101/5101 5102/5102/5102
f 5102/5102/5102 5051/5051/5051 5049/5049/5049
f 5137/5137/5137 5135/5135/5135 5153/5153/5153
f 5153/5153/5153 5154/5154/5154 5137/5137/5137
f 5101/5101/5101 5134/5134/5134 5136/5136/5136
f 5136/5136/5136 5102/5102/5102 5101/5101/5101
f 5195/5195/5195 5194/5194/5194 5197/5197/5197
f 5197/5197/5197 5196/5196/5196 5195/5195/5195
f 5226/5226/5226 5225/5225/5225 4948/4948/4948
f 4948/4948/4948 4949/4949/4949 5226/5226/5226
f 5194/5194/5194 5225/5225/5225 5226/5226/5226
f 5226/5226/5226 5197/5197/5197 5194/5194/5194
f 5247/5247/5247 5245/5245/5245 5195/5195/5195
f 5195/5195/5195 5196/5196/5196 5247/5247/5247
f 5153/5153/5153 5265/5265/5265 5266/5266/5266
f 5266/5266/5266 5154/5154/5154 5153/5153/5153
f 5265/5265/5265 5245/5245/5245 5247/5247/5247
f 5247/5247/5247 5266/5266/5266 5265/5265/5265
f 4758/4758/4758 4752/4752/4752 4751/4751/4751
f 4751/4751/4751 4755/4755/4755 4758/4758/4758
f 4751/4751/4751 4787/4787/4787 4788/4788/4788
f 4788/4788/4788 4755/4755/4755 4751/4751/4751
f 4787/4787/4787 4802/4802/4802 4804/4804/4804
f 4804/4804/4804 4788/4788/4788 4787/4787/4787
f 4826/4826/4826 4752/4752/4752 4758/4758/4758
f 4758/4758/4758 4829/4829/4829 4826/4826/4826
f 4864/4864/4864 4861/4861/4861 4847/4847/4847
f 4847/4847/4847 4848/4848/4848 4864/4864/4864
f 4847/4847/4847 4826/4826/4826 4829/4829/4829
f 4829/4829/4829 4848/4848/4848 4847/4847/4847
f 4896/4896/4896 4899/4899/4899 4903/4903/4903
f 4903/4903/4903 4902/4902/4902 4896/4896/4896
f 4947/4947/4947 4944/4944/4944 4930/4930/4930
f 4930/4930/4930 4931/4931/4931 4947/4947/4947
f 4930/4930/4930 4896/4896/4896 4902/4902/4902
f 4902/4902/4902 4931/4931/4931 4930/4930/4930
f 4903/4903/4903 4899/4899/4899 4972/4972/4972
f 4972/4972/4972 4974/4974/4974 4903/4903/4903
f 5003/5003/5003 4861/4861/4861 4864/4864/4864
f 4864/4864/4864 5006/5006/5006 5003/5003/5003
f 4972/4972/4972 5004/5004/5004 5005/5005/5005
f 5005/5005/5005 4974/4974/4974 4972/4972/4972
f 5041/5041/5041 5044/5044/5044 5048/5048/5048
f 5048/5048/5048 5047/5047/5047 5041/5041/5041
f 4804/4804/4804 4802/4802/4802 5075/5075/5075
f 5075/5075/5075 5076/5076/5076 4804/4804/4804
f 5075/5075/5075 5041/5041/5041 5047/5047/5047
f 5047/5047/5047 5076/5076/5076 5075/5075/5075
f 5048/5048/5048 5044/5044/5044 5097/5097/5097
f 5097/5097/5097 5099/5099/5099 5048/5048/5048
f 5128/5128/5128 5150/5150/5150 5152/5152/5152
f 5152/5152/5152 5131/5131/5131 5128/5128/5128
f 5097/5097/5097 5129/5129/5129 5130/5130/5130
f 5130/5130/5130 5099/5099/5099 5097/5097/5097
f 5193/5193/5193 5187/5187/5187 5186/5186/5186
f 5186/5186/5186 5190/5190/5190 5193/5193/5193
f 5222/5222/5222 4944/4944/4944 4947/4947/4947
f 4947/4947/4947 5223/5223/5223 5222/5222/5222
f 5186/5186/5186 5222/5222/5222 5223/5223/5223
f 5223/5223/5223 5190/5190/5190 5186/5186/5186
f 5241/5241/5241 5187/5187/5187 5193/5193/5193
f 5193/5193/5193 5244/5244/5244 5241/5241/5241
f 5152/5152/5152 5150/5150/5150 5262/5262/5262
f 5262/5262/5262 5263/5263/5263 5152/5152/5152
f 5262/5262/5262 5241/5241/5241 5244/5244/5244
f 5244/5244/5244 5263/5263/5263 5262/5262/5262
f 4750/4750/4750 4749/4749/4749 4754/4754/4754
f 4754/4754/4754 4753/4753/4753 4750/4750/4750
f 4749/4749/4749 4785/4785/4785 4786/4786/4786
f 4786/4786/4786 4754/4754/4754 4749/4749/4749
f 4786/4786/4786 4785/4785/4785 4800/4800/4800
f 4800/4800/4800 4801/4801/4801 4786/4786/4786
f 4827/4827/4827 4825/4825/4825 4750/4750/4750
f 4750/4750/4750 4753/4753/4753 4827/4827/4827
f 4860/4860/4860 4845/4845/4845 4846/4846/4846
f 4846/4846/4846 4862/4862/4862 4860/4860/4860
f 4845/4845/4845 4825/4825/4825 4827/4827/4827
f 4827/4827/4827 4846/4846/4846 4845/4845/4845
f 4897/4897/4897 4895/4895/4895 4894/4894/4894
f 4894/4894/4894 4898/4898/4898 4897/4897/4897
f 4943/4943/4943 4928/4928/4928 4929/4929/4929
f 4929/4929/4929 4945/4945/4945 4943/4943/4943
f 4928/4928/4928 4895/4895/4895 4897/4897/4897
f 4897/4897/4897 4929/4929/4929 4928/4928/4928
f 4894/4894/4894 4971/4971/4971 4973/4973/4973
f 4973/4973/4973 4898/4898/4898 4894/4894/4894
f 5001/5001/5001 4999/4999/4999 4860/4860/4860
f 4860/4860/4860 4862/4862/4862 5001/5001/5001
f 4971/4971/4971 5000/5000/5000 5002/5002/5002
f 5002/5002/5002 4973/4973/4973 4971/4971/4971
f 5042/5042/5042 5040/5040/5040 5039/5039/5039
f 5039/5039/5039 5043/5043/5043 5042/5042/5042
f 4800/4800/4800 5073/5073/5073 5074/5074/5074
f 5074/5074/5074 4801/4801/4801 4800/4800/4800
f 5073/5073/5073 5040/5040/5040 5042/5042/5042
f 5042/5042/5042 5074/5074/5074 5073/5073/5073
f 5039/5039/5039 5096/5096/5096 5098/5098/5098
f 5098/5098/5098 5043/5043/5043 5039/5039/5039
f 5126/5126/5126 5124/5124/5124 5148/5148/5148
f 5148/5148/5148 5149/5149/5149 5126/5126/5126
f 5096/5096/5096 5125/5125/5125 5127/5127/5127
f 5127/5127/5127 5098/5098/5098 5096/5096/5096
f 5185/5185/5185 5184/5184/5184 5189/5189/5189
f 5189/5189/5189 5188/5188/5188 5185/5185/5185
f 5221/5221/5221 5220/5220/5220 4943/4943/4943
f 4943/4943/4943 4945/4945/4945 5221/5221/5221
f 5184/5184/5184 5220/5220/5220 5221/5221/5221
f 5221/5221/5221 5189/5189/5189 5184/5184/5184
f 5242/5242/5242 5240/5240/5240 5185/5185/5185
f 5185/5185/5185 5188/5188/5188 5242/5242/5242
f 5148/5148/5148 5260/5260/5260 5261/5261/5261
f 5261/5261/5261 5149/5149/5149 5148/5148/5148
f 5260/5260/5260 5240/5240/5240 5242/5242/5242
f 5242/5242/5242 5261/5261/5261 5260/5260/5260
f 4767/4767/4767 4810/4810/4810 4783/4783/4783
f 4783/4783/4783 4748/4748/4748 4767/4767/4767
f 4747/4747/4747 4768/4768/4768 4767/4767/4767
f 4767/4767/4767 4748/4748/4748 4747/4747/4747
f 4810/4810/4810 4809/4809/4809 4798/4798/4798
f 4798/4798/4798 4783/4783/4783 4810/4810/4810
f 4834/4834/4834 4768/4768/4768 4747/4747/4747
f 4747/4747/4747 4824/4824/4824 4834/4834/4834
f 4859/4859/4859 4870/4870/4870 4869/4869/4869
f 4869/4869/4869 4843/4843/4843 4859/4859/4859
f 4869/4869/4869 4834/4834/4834 4824/4824/4824
f 4824/4824/4824 4843/4843/4843 4869/4869/4869
f 4913/4913/4913 4912/4912/4912 4892/4892/4892
f 4892/4892/4892 4891/4891/4891 4913/4913/4913
f 4942/4942/4942 4953/4953/4953 4952/4952/4952
f 4952/4952/4952 4926/4926/4926 4942/4942/4942
f 4952/4952/4952 4913/4913/4913 4891/4891/4891
f 4891/4891/4891 4926/4926/4926 4952/4952/4952
f 4892/4892/4892 4912/4912/4912 4980/4980/4980
f 4980/4980/4980 4970/4970/4970 4892/4892/4892
f 5017/5017/5017 4870/4870/4870 4859/4859/4859
f 4859/4859/4859 4995/4995/4995 5017/5017/5017
f 4980/4980/4980 5018/5018/5018 4996/4996/4996
f 4996/4996/4996 4970/4970/4970 4980/4980/4980
f 5058/5058/5058 5057/5057/5057 5037/5037/5037
f 5037/5037/5037 5036/5036/5036 5058/5058/5058
f 4798/4798/4798 4809/4809/4809 5082/5082/5082
f 5082/5082/5082 5071/5071/5071 4798/4798/4798
f 5082/5082/5082 5058/5058/5058 5036/5036/5036
f 5036/5036/5036 5071/5071/5071 5082/5082/5082
f 5037/5037/5037 5057/5057/5057 5105/5105/5105
f 5105/5105/5105 5095/5095/5095 5037/5037/5037
f 5158/5158/5158 5157/5157/5157 5146/5146/5146
f 5146/5146/5146 5121/5121/5121 5158/5158/5158
f 5105/5105/5105 5159/5159/5159 5120/5120/5120
f 5120/5120/5120 5095/5095/5095 5105/5105/5105
f 5182/5182/5182 5203/5203/5203 5202/5202/5202
f 5202/5202/5202 5183/5183/5183 5182/5182/5182
f 5229/5229/5229 4953/4953/4953 4942/4942/4942
f 4942/4942/4942 5218/5218/5218 5229/5229/5229
f 5202/5202/5202 5229/5229/5229 5218/5218/5218
f 5218/5218/5218 5183/5183/5183 5202/5202/5202
f 5249/5249/5249 5203/5203/5203 5182/5182/5182
f 5182/5182/5182 5239/5239/5239 5249/5249/5249
f 5146/5146/5146 5157/5157/5157 5269/5269/5269
f 5269/5269/5269 5258/5258/5258 5146/5146/5146
f 5269/5269/5269 5249/5249/5249 5239/5239/5239
f 5239/5239/5239 5258/5258/5258 5269/5269/5269

