[2025-04-09 21:18:39,866] torch.distributed.run: [WARNING] 
[2025-04-09 21:18:39,866] torch.distributed.run: [WARNING] *****************************************
[2025-04-09 21:18:39,866] torch.distributed.run: [WARNING] Setting OMP_NUM_THREADS environment variable for each process to be 1 in default, to avoid your system being overloaded, please further tune the variable for optimal performance in your application as needed. 
[2025-04-09 21:18:39,866] torch.distributed.run: [WARNING] *****************************************
Initializing distributed: GLOBAL_RANK: 6, MEMBER: 7/7
Initializing distributed: GLOBAL_RANK: 1, MEMBER: 2/7
Initializing distributed: GLOBAL_RANK: 5, MEMBER: 6/7
Initializing distributed: GLOBAL_RANK: 3, MEMBER: 4/7
GPU available: True (cuda), used: True
TPU available: False, using: 0 TPU cores
HPU available: False, using: 0 HPUs
Initializing distributed: GLOBAL_RANK: 0, MEMBER: 1/7
----------------------------------------------------------------------------------------------------
distributed_backend=nccl
All distributed processes registered. Starting with 7 processes
----------------------------------------------------------------------------------------------------

Initializing distributed: GLOBAL_RANK: 2, MEMBER: 3/7
Initializing distributed: GLOBAL_RANK: 4, MEMBER: 5/7
LOCAL_RANK: 0 - CUDA_VISIBLE_DEVICES: [0,1,2,3,4,5,6]
LOCAL_RANK: 5 - CUDA_VISIBLE_DEVICES: [0,1,2,3,4,5,6]
LOCAL_RANK: 4 - CUDA_VISIBLE_DEVICES: [0,1,2,3,4,5,6]
LOCAL_RANK: 1 - CUDA_VISIBLE_DEVICES: [0,1,2,3,4,5,6]
LOCAL_RANK: 6 - CUDA_VISIBLE_DEVICES: [0,1,2,3,4,5,6]
LOCAL_RANK: 2 - CUDA_VISIBLE_DEVICES: [0,1,2,3,4,5,6]
LOCAL_RANK: 3 - CUDA_VISIBLE_DEVICES: [0,1,2,3,4,5,6]
┏━━━┳━━━━━━━━━━━┳━━━━━━━━━━━━━━━━━━┳━━━━━━━━┳━━━━━━━┓
┃   ┃ Name      ┃ Type             ┃ Params ┃ Mode  ┃
┡━━━╇━━━━━━━━━━━╇━━━━━━━━━━━━━━━━━━╇━━━━━━━━╇━━━━━━━┩
│ 0 │ hash_grid │ MultiresHashGrid │ 10.9 M │ train │
│ 1 │ mlp       │ ShallowMLP       │  209 K │ train │
└───┴───────────┴──────────────────┴────────┴───────┘
Trainable params: 11.1 M                                                                                                                      
Non-trainable params: 0                                                                                                                       
Total params: 11.1 M                                                                                                                          
Total estimated model params size (MB): 44                                                                                                    
Modules in train mode: 11                                                                                                                     
Modules in eval mode: 0                                                                                                                       
/home/renjierui/.conda/envs/mitsuba/lib/python3.9/site-packages/lightning/pytorch/trainer/connectors/data_connector.py:425: The 'train_dataloader' does not have many workers which may be a bottleneck. Consider increasing the value of the `num_workers` argument` to `num_workers=3` in the `DataLoader` to improve performance.
/home/renjierui/.conda/envs/mitsuba/lib/python3.9/site-packages/lightning/pytorch/loops/fit_loop.py:310: The number of training batches (1) is smaller than the logging interval Trainer(log_every_n_steps=50). Set a lower value for log_every_n_steps if you want to see logs for the training epoch.
jit_optix_compile(): optixPipelineCreate() failed. Please see the PTX assembly listing and error message below:

.version 6.0
.target sm_50
.address_size 64

.const .align 8 .b8 params[296];

.entry __raygen__3a66243e1300deb0223f37bb1d56b652() {
    .reg.b8   %b <846>; .reg.b16 %w<846>; .reg.b32 %r<846>;
    .reg.b64  %rd<846>; .reg.f32 %f<846>; .reg.f64 %d<846>;
    .reg.pred %p <846>;

    call (%r0), _optix_get_launch_index_x, ();
    ld.const.u32 %r1, [params + 4];
    add.u32 %r0, %r0, %r1;

body:
    ld.const.u64 %rd0, [params+8];
    ldu.global.u64 %rd6, [%rd0];
    mov.b32 %r7, 0x0;
    mov.pred %p8, 0x1;
    mov.b64 %rd9, 0x0;
    mov.b64 %rd10, 0x5851f42d4c957f2d;
    mov.u32 %r11, %r0;
    ld.const.u64 %rd0, [params+16];
    ldu.global.u32 %r12, [%rd0];
    mov.b32 %r13, 0x4;
    shl.b32 %r14, %r11, %r13;
    mov.b32 %r15, 0xa341316c;
    add.u32 %r16, %r14, %r15;
    mov.b32 %r17, 0x9e3779b9;
    add.u32 %r18, %r11, %r17;
    xor.b32 %r19, %r16, %r18;
    mov.b32 %r20, 0x5;
    shr.u32 %r21, %r11, %r20;
    mov.b32 %r22, 0xc8013ea4;
    add.u32 %r23, %r21, %r22;
    xor.b32 %r24, %r19, %r23;
    add.u32 %r25, %r12, %r24;
    shl.b32 %r26, %r25, %r13;
    mov.b32 %r27, 0xad90777d;
    add.u32 %r28, %r26, %r27;
    add.u32 %r29, %r25, %r17;
    xor.b32 %r30, %r28, %r29;
    shr.u32 %r31, %r25, %r20;
    mov.b32 %r32, 0x7e95761e;
    add.u32 %r33, %r31, %r32;
    xor.b32 %r34, %r30, %r33;
    add.u32 %r35, %r11, %r34;
    shl.b32 %r36, %r35, %r13;
    add.u32 %r37, %r36, %r15;
    mov.b32 %r38, 0x3c6ef372;
    add.u32 %r39, %r35, %r38;
    xor.b32 %r40, %r37, %r39;
    shr.u32 %r41, %r35, %r20;
    add.u32 %r42, %r41, %r22;
    xor.b32 %r43, %r40, %r42;
    add.u32 %r44, %r25, %r43;
    shl.b32 %r45, %r44, %r13;
    add.u32 %r46, %r45, %r27;
    add.u32 %r47, %r44, %r38;
    xor.b32 %r48, %r46, %r47;
    shr.u32 %r49, %r44, %r20;
    add.u32 %r50, %r49, %r32;
    xor.b32 %r51, %r48, %r50;
    add.u32 %r52, %r35, %r51;
    shl.b32 %r53, %r52, %r13;
    add.u32 %r54, %r53, %r15;
    mov.b32 %r55, 0xdaa66d2b;
    add.u32 %r56, %r52, %r55;
    xor.b32 %r57, %r54, %r56;
    shr.u32 %r58, %r52, %r20;
    add.u32 %r59, %r58, %r22;
    xor.b32 %r60, %r57, %r59;
    add.u32 %r61, %r44, %r60;
    shl.b32 %r62, %r61, %r13;
    add.u32 %r63, %r62, %r27;
    add.u32 %r64, %r61, %r55;
    xor.b32 %r65, %r63, %r64;
    shr.u32 %r66, %r61, %r20;
    add.u32 %r67, %r66, %r32;
    xor.b32 %r68, %r65, %r67;
    add.u32 %r69, %r52, %r68;
    shl.b32 %r70, %r69, %r13;
    add.u32 %r71, %r70, %r15;
    mov.b32 %r72, 0x78dde6e4;
    add.u32 %r73, %r69, %r72;
    xor.b32 %r74, %r71, %r73;
    shr.u32 %r75, %r69, %r20;
    add.u32 %r76, %r75, %r22;
    xor.b32 %r77, %r74, %r76;
    add.u32 %r78, %r61, %r77;
    shl.b32 %r79, %r78, %r13;
    add.u32 %r80, %r79, %r27;
    add.u32 %r81, %r78, %r72;
    xor.b32 %r82, %r80, %r81;
    shr.u32 %r83, %r78, %r20;
    add.u32 %r84, %r83, %r32;
    xor.b32 %r85, %r82, %r84;
    add.u32 %r86, %r69, %r85;
    cvt.u64.u32 %rd87, %r86;
    mov.b64 %rd88, 0x1;
    cvt.u32.u64 %r3, %rd88;
    shl.b64 %rd89, %rd87, %r3;
    or.b64 %rd90, %rd89, %rd88;
    mad.lo.u64 %rd91, %rd9, %rd10, %rd90;
    cvt.u64.u32 %rd92, %r78;
    add.u64 %rd93, %rd91, %rd92;
    mad.lo.u64 %rd94, %rd93, %rd10, %rd90;
    mov.b32 %f95, 0x0;
    mov.pred %p96, 0x1;
    ld.const.u64 %rd97, [params+24];
    mov.b32 %r98, %r21;
    mov.b32 %r99, %r98;
    mov.pred %p100, 0x1;
    mad.wide.u32 %rd3, %r99, 4, %rd97;
    ld.global.nc.u32 %r101, [%rd3];
    ld.const.u64 %rd102, [params+32];
    mad.wide.u32 %rd3, %r99, 4, %rd102;
    ld.global.nc.f32 %f103, [%rd3];
    mov.b32 %r104, 0x0;
    ld.const.u64 %rd105, [params+40];
    mad.wide.u32 %rd3, %r99, 4, %rd105;
    ld.global.nc.f32 %f106, [%rd3];
    ld.const.u64 %rd107, [params+48];
    mad.wide.u32 %rd3, %r99, 4, %rd107;
    ld.global.nc.f32 %f108, [%rd3];
    ld.const.u64 %rd109, [params+56];
    mad.wide.u32 %rd3, %r99, 4, %rd109;
    ld.global.nc.f32 %f110, [%rd3];
    ld.const.u64 %rd111, [params+64];
    mad.wide.u32 %rd3, %r99, 4, %rd111;
    ld.global.nc.f32 %f112, [%rd3];
    ld.const.u64 %rd113, [params+72];
    mad.wide.u32 %rd3, %r99, 4, %rd113;
    ld.global.nc.f32 %f114, [%rd3];
    ld.const.u64 %rd115, [params+80];
    mad.wide.u32 %rd3, %r99, 4, %rd115;
    ld.global.nc.f32 %f116, [%rd3];
    ld.const.u64 %rd117, [params+88];
    mad.wide.u32 %rd3, %r99, 4, %rd117;
    ld.global.nc.f32 %f118, [%rd3];
    ld.const.u64 %rd119, [params+96];
    mad.wide.u32 %rd3, %r99, 4, %rd119;
    ld.global.nc.f32 %f120, [%rd3];
    ld.const.u64 %rd121, [params+104];
    mad.wide.u32 %rd3, %r99, 4, %rd121;
    ld.global.nc.f32 %f122, [%rd3];
    ld.const.u64 %rd123, [params+112];
    mad.wide.u32 %rd3, %r99, 4, %rd123;
    ld.global.nc.f32 %f124, [%rd3];
    ld.const.u64 %rd125, [params+120];
    mad.wide.u32 %rd3, %r99, 4, %rd125;
    ld.global.nc.f32 %f126, [%rd3];
    ld.const.u64 %rd127, [params+128];
    mad.wide.u32 %rd3, %r99, 4, %rd127;
    ld.global.nc.f32 %f128, [%rd3];
    ld.const.u64 %rd129, [params+136];
    mad.wide.u32 %rd3, %r99, 4, %rd129;
    ld.global.nc.f32 %f130, [%rd3];
    ld.const.u64 %rd131, [params+144];
    mad.wide.u32 %rd3, %r99, 4, %rd131;
    ld.global.nc.f32 %f132, [%rd3];
    mov.b32 %f133, 0x0;
    mov.b32 %f134, 0x7f800000;
    mov.b32 %f135, 0x0;
    mov.b32 %f136, 0x0;
    mov.b32 %f137, 0x0;
    mov.b32 %f138, 0x0;
    mov.b32 %f139, 0x0;
    mov.b32 %f140, 0x0;
    mov.b32 %f141, 0x0;
    ld.const.u64 %rd142, [params+152];
    mad.wide.u32 %rd3, %r99, 4, %rd142;
    ld.global.nc.f32 %f143, [%rd3];
    mov.b32 %f144, 0x0;
    ld.const.u64 %rd145, [params+160];
    mad.wide.u32 %rd3, %r99, 4, %rd145;
    ld.global.nc.f32 %f146, [%rd3];
    mov.b32 %f147, 0x0;
    ld.const.u64 %rd148, [params+168];
    mad.wide.u32 %rd3, %r99, 4, %rd148;
    ld.global.nc.f32 %f149, [%rd3];
    mov.b32 %f150, 0x0;
    ld.const.u64 %rd151, [params+176];
    mad.wide.u32 %rd3, %r99, 4, %rd151;
    ld.global.nc.f32 %f152, [%rd3];
    mov.b32 %f153, 0x0;
    mov.b32 %f154, 0x0;
    mov.b32 %f155, 0x0;
    mov.b32 %f156, 0x0;
    mov.b32 %f157, 0x0;
    mov.b32 %f158, 0x0;
    mov.b32 %f159, 0x0;
    mov.b32 %f160, 0x0;
    mov.b32 %f161, 0x0;
    mov.b32 %f162, 0x0;
    mov.b32 %f163, 0x0;
    mov.b32 %f164, 0x0;
    mov.b32 %f165, 0x0;
    mov.b32 %f166, 0x0;
    mov.b32 %f167, 0x0;
    mov.b32 %f168, 0x0;
    mov.b32 %f169, 0x0;
    mov.b32 %f170, 0x0;
    mov.b32 %f171, 0x0;
    mov.b32 %f172, 0x0;
    mov.b32 %f173, 0x0;
    mov.b32 %f174, 0x0;
    mov.b32 %f175, 0x0;
    mov.b32 %f176, 0x0;
    mov.b32 %f177, 0x0;
    mov.b32 %f178, 0x0;
    mov.b32 %f179, 0x0;
    mov.b32 %f180, 0x0;
    mov.b32 %f181, 0x0;
    mov.b32 %f182, 0x0;
    mov.b32 %f183, 0x0;
    mov.b32 %f184, 0x0;
    mov.b32 %f185, 0x0;
    mov.b32 %f186, 0x0;
    mov.b32 %f187, 0x0;
    mov.b32 %f188, 0x0;
    mov.b32 %f189, 0x0;
    mov.b32 %f190, 0x0;
    mov.b32 %f191, 0x0;
    mov.b32 %f192, 0x0;
    mov.b32 %f193, 0x0;
    mov.b32 %f194, 0x0;
    mov.b32 %f195, 0x0;
    mov.b32 %f196, 0x0;
    mov.b32 %f197, 0x0;
    ld.const.u64 %rd198, [params+184];
    mad.wide.u32 %rd3, %r99, 4, %rd198;
    ld.global.nc.u32 %r199, [%rd3];
    mov.b32 %r200, 0x0;
    mov.b32 %r201, 0x0;
    mov.b32 %r202, 0x0;
    mov.u32 %r203, %r7;
    mov.pred %p204, %p8;
    mov.u64 %rd205, %rd94;
    mov.f32 %f206, %f95;
    mov.pred %p207, %p96;
    mov.u32 %r208, %r101;
    mov.f32 %f209, %f103;
    mov.u32 %r210, %r104;
    mov.f32 %f211, %f106;
    mov.f32 %f212, %f108;
    mov.f32 %f213, %f110;
    mov.f32 %f214, %f112;
    mov.f32 %f215, %f112;
    mov.f32 %f216, %f114;
    mov.f32 %f217, %f116;
    mov.f32 %f218, %f118;
    mov.f32 %f219, %f120;
    mov.f32 %f220, %f122;
    mov.f32 %f221, %f122;
    mov.f32 %f222, %f124;
    mov.f32 %f223, %f126;
    mov.f32 %f224, %f128;
    mov.f32 %f225, %f128;
    mov.f32 %f226, %f130;
    mov.f32 %f227, %f132;
    mov.f32 %f228, %f134;
    mov.f32 %f229, %f135;
    mov.f32 %f230, %f136;
    mov.f32 %f231, %f137;
    mov.f32 %f232, %f138;
    mov.f32 %f233, %f139;
    mov.f32 %f234, %f140;
    mov.f32 %f235, %f141;
    mov.f32 %f236, %f143;
    mov.f32 %f237, %f144;
    mov.f32 %f238, %f146;
    mov.f32 %f239, %f147;
    mov.f32 %f240, %f149;
    mov.f32 %f241, %f150;
    mov.f32 %f242, %f152;
    mov.f32 %f243, %f153;
    mov.f32 %f244, %f154;
    mov.f32 %f245, %f155;
    mov.f32 %f246, %f156;
    mov.f32 %f247, %f157;
    mov.f32 %f248, %f158;
    mov.f32 %f249, %f159;
    mov.f32 %f250, %f160;
    mov.f32 %f251, %f161;
    mov.f32 %f252, %f162;
    mov.f32 %f253, %f163;
    mov.f32 %f254, %f164;
    mov.f32 %f255, %f165;
    mov.f32 %f256, %f166;
    mov.f32 %f257, %f167;
    mov.f32 %f258, %f168;
    mov.f32 %f259, %f169;
    mov.f32 %f260, %f170;
    mov.f32 %f261, %f171;
    mov.f32 %f262, %f172;
    mov.f32 %f263, %f173;
    mov.f32 %f264, %f174;
    mov.f32 %f265, %f176;
    mov.f32 %f266, %f178;
    mov.f32 %f267, %f180;
    mov.f32 %f268, %f182;
    mov.f32 %f269, %f184;
    mov.f32 %f270, %f186;
    mov.f32 %f271, %f188;
    mov.f32 %f272, %f190;
    mov.f32 %f273, %f192;
    mov.f32 %f274, %f194;
    mov.f32 %f275, %f195;
    mov.f32 %f276, %f196;
    mov.f32 %f277, %f197;
    mov.u32 %r278, %r199;
    mov.u32 %r279, %r200;
    mov.u32 %r280, %r201;
    mov.u32 %r281, %r202;

l_282_cond: // Loop (first smooth surface)
    @!%p204 bra l_282_done;

l_282_body:
    mov.u64 %rd284, %rd205;
    mov.pred %p285, %p204;
    mov.f32 %f286, %f206;
    mov.pred %p287, %p207;
    mov.u32 %r288, %r208;
    mov.f32 %f289, %f209;
    mov.u32 %r290, %r210;
    mov.f32 %f291, %f211;
    mov.f32 %f292, %f212;
    mov.f32 %f293, %f213;
    mov.f32 %f294, %f214;
    mov.f32 %f295, %f215;
    mov.f32 %f296, %f216;
    mov.f32 %f297, %f217;
    mov.f32 %f298, %f218;
    mov.f32 %f299, %f219;
    mov.f32 %f300, %f220;
    mov.f32 %f301, %f221;
    mov.f32 %f302, %f222;
    mov.f32 %f303, %f223;
    mov.f32 %f304, %f224;
    mov.f32 %f305, %f225;
    mov.f32 %f306, %f226;
    mov.f32 %f307, %f227;
    mov.f32 %f308, %f228;
    mov.f32 %f309, %f229;
    mov.f32 %f310, %f230;
    mov.f32 %f311, %f231;
    mov.f32 %f312, %f232;
    mov.f32 %f313, %f233;
    mov.f32 %f314, %f234;
    mov.f32 %f315, %f235;
    mov.u32 %r316, %r203;
    mov.f32 %f317, %f236;
    mov.f32 %f318, %f237;
    mov.f32 %f319, %f238;
    mov.f32 %f320, %f239;
    mov.f32 %f321, %f240;
    mov.f32 %f322, %f241;
    mov.f32 %f323, %f242;
    mov.f32 %f324, %f243;
    mov.f32 %f325, %f244;
    mov.f32 %f326, %f245;
    mov.f32 %f327, %f246;
    mov.f32 %f328, %f247;
    mov.f32 %f329, %f248;
    mov.f32 %f330, %f249;
    mov.f32 %f331, %f250;
    mov.f32 %f332, %f251;
    mov.f32 %f333, %f252;
    mov.f32 %f334, %f253;
    mov.f32 %f335, %f254;
    mov.f32 %f336, %f255;
    mov.f32 %f337, %f256;
    mov.f32 %f338, %f257;
    mov.f32 %f339, %f258;
    mov.f32 %f340, %f259;
    mov.f32 %f341, %f260;
    mov.f32 %f342, %f261;
    mov.f32 %f343, %f262;
    mov.f32 %f344, %f263;
    mov.f32 %f345, %f264;
    mov.f32 %f346, %f265;
    mov.f32 %f347, %f266;
    mov.f32 %f348, %f267;
    mov.f32 %f349, %f268;
    mov.f32 %f350, %f269;
    mov.f32 %f351, %f270;
    mov.f32 %f352, %f271;
    mov.f32 %f353, %f272;
    mov.f32 %f354, %f273;
    mov.f32 %f355, %f274;
    mov.f32 %f356, %f275;
    mov.f32 %f357, %f276;
    mov.f32 %f358, %f277;
    mov.u32 %r359, %r278;
    mov.u32 %r360, %r279;
    mov.u32 %r361, %r280;
    mov.u32 %r362, %r281;
    mov.b64 %rd363, 0x5851f42d4c957f2d;
    mad.lo.u64 %rd364, %rd284, %rd363, %rd90;
    mad.lo.u64 %rd365, %rd364, %rd363, %rd90;
    mad.lo.u64 %rd366, %rd365, %rd363, %rd90;
    mov.b32 %f367, 0x7f800000;
    setp.ne.f32 %p368, %f286, %f367;
    ld.const.u64 %rd369, [params+192];
    ld.const.u64 %rd370, [params+200];
    mov.b32 %r371, 0x0;
    setp.ne.u32 %p372, %r288, %r371;
    @!%p372 bra l_373_masked;
    mad.wide.u32 %rd3, %r288, 4, %rd370;
    ld.global.nc.u32 %r373, [%rd3];
    bra.uni l_373_done;

l_373_masked:
    mov.b32 %r373, 0;

l_373_done:
    setp.ne.u32 %p374, %r373, %r371;
    @!%p374 bra l_375_masked;
    mad.wide.u32 %rd3, %r373, 4, %rd369;
    ld.global.nc.u32 %r375, [%rd3];
    bra.uni l_375_done;

l_375_masked:
    mov.b32 %r375, 0;

l_375_done:
    mov.b32 %r376, 0x1;
    and.b32 %r377, %r375, %r376;
    setp.ne.u32 %p378, %r377, %r371;
    ld.const.u64 %rd379, [params+208];
    @!%p374 bra l_380_masked;
    mad.wide.u32 %rd3, %r373, 4, %rd379;
    ld.global.nc.u32 %r380, [%rd3];
    bra.uni l_380_done;

l_380_masked:
    mov.b32 %r380, 0;

l_380_done:
    mov.b32 %r381, 0x10000;
    and.b32 %r382, %r380, %r381;
    setp.ne.u32 %p383, %r382, %r371;
    not.pred %p384, %p383;
    mov.b32 %f385, 0x0;
    setp.lt.f32 %p386, %f289, %f385;
    and.pred %p387, %p384, %p386;
    or.pred %p388, %p378, %p387;
    and.pred %p389, %p287, %p388;
    not.pred %p390, %p389;
    and.pred %p391, %p368, %p390;
    mov.b32 %r392, 0x10;
    setp.lo.u32 %p393, %r290, %r392;
    and.pred %p394, %p391, %p393;
    and.pred %p395, %p285, %p394;
    ld.const.u64 %rd396, [params+216];
    @!%p374 bra l_397_masked;
    mad.wide.u32 %rd3, %r373, 4, %rd396;
    ld.global.nc.u32 %r397, [%rd3];
    bra.uni l_397_done;

l_397_masked:
    mov.b32 %r397, 0;

l_397_done:
    mov.b32 %r398, 0x1e;
    and.b32 %r399, %r397, %r398;
    setp.ne.u32 %p400, %r399, %r371;
    not.pred %p401, %p400;
    and.pred %p402, %p395, %p401;
    mov.b64 %rd403, 0x12;
    cvt.u32.u64 %r3, %rd403;
    shr.u64 %rd404, %rd284, %r3;
    xor.b64 %rd405, %rd404, %rd284;
    mov.b64 %rd406, 0x1b;
    cvt.u32.u64 %r3, %rd406;
    shr.u64 %rd407, %rd405, %r3;
    cvt.u32.u64 %r408, %rd407;
    mov.b64 %rd409, 0x3b;
    cvt.u32.u64 %r3, %rd409;
    shr.u64 %rd410, %rd284, %r3;
    cvt.u32.u64 %r411, %rd410;
    shr.u32 %r412, %r408, %r411;
    mov.b32 %r413, %r411;
    neg.s32 %r414, %r413;
    mov.b32 %r415, 0x1f;
    and.b32 %r416, %r414, %r415;
    mov.b32 %r417, %r416;
    shl.b32 %r418, %r408, %r417;
    or.b32 %r419, %r412, %r418;
    mov.b32 %r420, 0x9;
    shr.u32 %r421, %r419, %r420;
    mov.b32 %r422, 0x3f800000;
    or.b32 %r423, %r421, %r422;
    mov.b32 %f424, %r423;
    mov.b32 %f425, 0x3f800000;
    sub.ftz.f32 %f426, %f424, %f425;
    cvt.u32.u64 %r3, %rd403;
    shr.u64 %rd427, %rd364, %r3;
    xor.b64 %rd428, %rd427, %rd364;
    cvt.u32.u64 %r3, %rd406;
    shr.u64 %rd429, %rd428, %r3;
    cvt.u32.u64 %r430, %rd429;
    cvt.u32.u64 %r3, %rd409;
    shr.u64 %rd431, %rd364, %r3;
    cvt.u32.u64 %r432, %rd431;
    shr.u32 %r433, %r430, %r432;
    mov.b32 %r434, %r432;
    neg.s32 %r435, %r434;
    and.b32 %r436, %r435, %r415;
    mov.b32 %r437, %r436;
    shl.b32 %r438, %r430, %r437;
    or.b32 %r439, %r433, %r438;
    shr.u32 %r440, %r439, %r420;
    or.b32 %r441, %r440, %r422;
    mov.b32 %f442, %r441;
    sub.ftz.f32 %f443, %f442, %f425;
    cvt.u32.u64 %r3, %rd403;
    shr.u64 %rd444, %rd365, %r3;
    xor.b64 %rd445, %rd444, %rd365;
    cvt.u32.u64 %r3, %rd406;
    shr.u64 %rd446, %rd445, %r3;
    cvt.u32.u64 %r447, %rd446;
    cvt.u32.u64 %r3, %rd409;
    shr.u64 %rd448, %rd365, %r3;
    cvt.u32.u64 %r449, %rd448;
    shr.u32 %r450, %r447, %r449;
    mov.b32 %r451, %r449;
    neg.s32 %r452, %r451;
    and.b32 %r453, %r452, %r415;
    mov.b32 %r454, %r453;
    shl.b32 %r455, %r447, %r454;
    or.b32 %r456, %r450, %r455;
    shr.u32 %r457, %r456, %r420;
    or.b32 %r458, %r457, %r422;
    mov.b32 %f459, %r458;
    sub.ftz.f32 %f460, %f459, %f425;
    selp.f32 %f461, %f286, %f308, %p285;
    selp.f32 %f462, %f133, %f309, %p285;
    selp.f32 %f463, %f291, %f310, %p285;
    selp.f32 %f464, %f292, %f311, %p285;
    selp.f32 %f465, %f293, %f312, %p285;
    selp.f32 %f466, %f304, %f313, %p285;
    selp.f32 %f467, %f300, %f314, %p285;
    selp.f32 %f468, %f294, %f315, %p285;
    selp.u32 %r469, %r288, %r316, %p285;
    selp.f32 %f470, %f317, %f318, %p285;
    selp.f32 %f471, %f319, %f320, %p285;
    selp.f32 %f472, %f321, %f322, %p285;
    selp.f32 %f473, %f323, %f324, %p285;
    selp.f32 %f474, %f307, %f325, %p285;
    selp.f32 %f475, %f303, %f326, %p285;
    selp.f32 %f476, %f299, %f327, %p285;
    selp.f32 %f477, %f306, %f328, %p285;
    selp.f32 %f478, %f302, %f329, %p285;
    selp.f32 %f479, %f298, %f330, %p285;
    selp.f32 %f480, %f305, %f331, %p285;
    selp.f32 %f481, %f301, %f332, %p285;
    selp.f32 %f482, %f295, %f333, %p285;
    selp.f32 %f483, %f334, %f335, %p285;
    selp.f32 %f484, %f336, %f337, %p285;
    selp.f32 %f485, %f338, %f339, %p285;
    selp.f32 %f486, %f340, %f341, %p285;
    selp.f32 %f487, %f342, %f343, %p285;
    selp.f32 %f488, %f344, %f345, %p285;
    selp.f32 %f489, %f175, %f346, %p285;
    selp.f32 %f490, %f177, %f347, %p285;
    selp.f32 %f491, %f179, %f348, %p285;
    selp.f32 %f492, %f181, %f349, %p285;
    selp.f32 %f493, %f183, %f350, %p285;
    selp.f32 %f494, %f185, %f351, %p285;
    selp.f32 %f495, %f187, %f352, %p285;
    selp.f32 %f496, %f189, %f353, %p285;
    selp.f32 %f497, %f191, %f354, %p285;
    selp.f32 %f498, %f193, %f355, %p285;
    selp.f32 %f499, %f296, %f356, %p285;
    selp.f32 %f500, %f297, %f357, %p285;
    selp.f32 %f501, %f289, %f358, %p285;
    selp.u32 %r502, %r359, %r360, %p285;
    selp.u32 %r503, %r361, %r362, %p285;
    mov.b32 %r504, 0x0;
    setp.ne.u32 %p505, %r373, %r504;
    and.pred %p506, %p402, %p505;
    ld.const.u64 %rd507, [params+224];
    ld.const.u64 %rd508, [params+232];

    @!%p506 bra l_masked_509;

    { // VCall: mitsuba::BSDF::sample()

        mad.wide.u32 %rd3, %r373, 8, %rd507;
        ld.global.u64 %rd3, [%rd3];
        cvt.u32.u64 %r3, %rd3;
        call (%rd2), _optix_call_direct_callable, (%r3);
        shr.u64 %rd3, %rd3, 32;
        add.u64 %rd3, %rd3, %rd508;

        {
            proto: .callprototype (.param .align 4 .b8 result[12]) _(.reg .u64 data, .param .align 4 .b8 params[24]);
            .param .align 4 .b8 out[12];
            .param .align 4 .b8 in[24];
            st.param.f32 [in+0], %f296;
            st.param.f32 [in+4], %f297;
            st.param.f32 [in+8], %f289;
            st.param.f32 [in+12], %f426;
            st.param.f32 [in+16], %f443;
            st.param.f32 [in+20], %f460;
            call (out), %rd2, (%rd3, in), proto;
            ld.param.f32 %f512, [out+0];
            ld.param.f32 %f511, [out+4];
            ld.param.f32 %f510, [out+8];
        }

        bra.uni l_done_509;
    }

l_masked_509:
    mov.b32 %f512, 0;
    mov.b32 %f511, 0;
    mov.b32 %f510, 0;

l_done_509:
    not.pred %p513, %p402;
    mov.b32 %f514, 0x7f800000;
    mov.b32 %f515, 0x3f800000;
    abs.f32 %f516, %f291;
    abs.f32 %f517, %f292;
    max.ftz.f32 %f518, %f516, %f517;
    abs.f32 %f519, %f293;
    max.ftz.f32 %f520, %f518, %f519;
    add.ftz.f32 %f521, %f515, %f520;
    mov.b32 %f522, 0x38bb8000;
    mul.ftz.f32 %f523, %f521, %f522;
    mov.b32 %f524, 0x80000000;
    mul.ftz.f32 %f525, %f299, %f512;
    fma.rn.ftz.f32 %f526, %f298, %f511, %f525;
    fma.rn.ftz.f32 %f527, %f295, %f510, %f526;
    mul.ftz.f32 %f528, %f303, %f512;
    fma.rn.ftz.f32 %f529, %f302, %f511, %f528;
    fma.rn.ftz.f32 %f530, %f301, %f510, %f529;
    mul.ftz.f32 %f531, %f307, %f512;
    fma.rn.ftz.f32 %f532, %f306, %f511, %f531;
    fma.rn.ftz.f32 %f533, %f305, %f510, %f532;
    mul.ftz.f32 %f534, %f304, %f533;
    fma.rn.ftz.f32 %f535, %f300, %f530, %f534;
    fma.rn.ftz.f32 %f536, %f294, %f527, %f535;
    and.b32 %f537, %f524, %f536;
    xor.b32 %f538, %f523, %f537;
    fma.rn.ftz.f32 %f539, %f538, %f304, %f291;
    fma.rn.ftz.f32 %f540, %f538, %f300, %f292;
    fma.rn.ftz.f32 %f541, %f538, %f294, %f293;
    mov.b32 %f542, 0x0;
    mov.b32 %f543, 0x7f7fffff;
    mov.b32 %r544, 0xff;
    mov.b32 %r545, 0x0;
    mov.b32 %r546, 0x1;
    .reg.u32 %u547_out_<32>;
    @!%p402 bra l_masked_547;
    .reg.u32 %u547_payload_type, %u547_payload_count;
    mov.u32 %u547_payload_type, 0;
    mov.u32 %u547_payload_count, 6;
    call (%u547_out_0, %u547_out_1, %u547_out_2, %u547_out_3, %u547_out_4, %u547_out_5, %u547_out_6, %u547_out_7, %u547_out_8, %u547_out_9, %u547_out_10, %u547_out_11, %u547_out_12, %u547_out_13, %u547_out_14, %u547_out_15, %u547_out_16, %u547_out_17, %u547_out_18, %u547_out_19, %u547_out_20, %u547_out_21, %u547_out_22, %u547_out_23, %u547_out_24, %u547_out_25, %u547_out_26, %u547_out_27, %u547_out_28, %u547_out_29, %u547_out_30, %u547_out_31), _optix_trace_typed_32, (%u547_payload_type, %rd6, %f539, %f540, %f541, %f533, %f530, %f527, %f542, %f543, %f133, %r544, %r545, %r545, %r546, %r545, %u547_payload_count, %r545, %r545, %r545, %r545, %r545, %r545, %u547_out_6, %u547_out_7, %u547_out_8, %u547_out_9, %u547_out_10, %u547_out_11, %u547_out_12, %u547_out_13, %u547_out_14, %u547_out_15, %u547_out_16, %u547_out_17, %u547_out_18, %u547_out_19, %u547_out_20, %u547_out_21, %u547_out_22, %u547_out_23, %u547_out_24, %u547_out_25, %u547_out_26, %u547_out_27, %u547_out_28, %u547_out_29, %u547_out_30, %u547_out_31);

l_masked_547:
    mov.b32 %r548, %u547_out_0;
    mov.b32 %f549, %r548;
    selp.f32 %f550, %f514, %f549, %p513;
    setp.ne.f32 %p551, %f550, %f514;
    and.pred %p552, %p402, %p551;
    not.pred %p553, %p552;
    mov.b32 %r554, %u547_out_5;
    selp.u32 %r555, %r545, %r554, %p553;
    setp.eq.u32 %p556, %r555, %r545;
    mov.b32 %r557, %u547_out_4;
    selp.u32 %r558, %r545, %r557, %p553;
    selp.u32 %r559, %r558, %r555, %p556;
    mov.b32 %r560, %u547_out_1;
    mov.b32 %f561, %r560;
    mov.b32 %r562, %u547_out_2;
    mov.b32 %f563, %r562;
    mov.b32 %r564, %u547_out_3;
    setp.ne.f32 %p565, %f286, %f514;
    add.u32 %r566, %r290, %r546;
    selp.u32 %r567, %r566, %r290, %p565;
    mov.b32 %r568, 0x0;
    setp.ne.u32 %p569, %r559, %r568;
    and.pred %p570, %p552, %p569;
    ld.const.u64 %rd571, [params+240];
    ld.const.u64 %rd572, [params+248];

    @!%p570 bra l_masked_573;

    { // VCall: mitsuba::Shape::compute_surface_interaction()

        mad.wide.u32 %rd3, %r559, 8, %rd571;
        ld.global.u64 %rd3, [%rd3];
        cvt.u32.u64 %r3, %rd3;
        call (%rd2), _optix_call_direct_callable, (%r3);
        shr.u64 %rd3, %rd3, 32;
        add.u64 %rd3, %rd3, %rd572;

        {
            proto: .callprototype (.param .align 4 .b8 result[84]) _(.reg .u32 self, .reg .u64 data, .param .align 4 .b8 params[40]);
            .param .align 4 .b8 out[84];
            .param .align 4 .b8 in[40];
            st.param.f32 [in+0], %f539;
            st.param.f32 [in+4], %f540;
            st.param.f32 [in+8], %f541;
            st.param.f32 [in+12], %f533;
            st.param.f32 [in+16], %f530;
            st.param.f32 [in+20], %f527;
            st.param.f32 [in+24], %f550;
            st.param.f32 [in+28], %f561;
            st.param.f32 [in+32], %f563;
            st.param.u32 [in+36], %r564;
            call (out), %rd2, (%r559, %rd3, in), proto;
            ld.param.f32 %f574, [out+0];
            ld.param.f32 %f594, [out+4];
            ld.param.f32 %f575, [out+8];
            ld.param.f32 %f576, [out+12];
            ld.param.f32 %f577, [out+16];
            ld.param.f32 %f578, [out+20];
            ld.param.f32 %f579, [out+24];
            ld.param.f32 %f580, [out+28];
            ld.param.u32 %r581, [out+32];
            ld.param.f32 %f582, [out+36];
            ld.param.f32 %f583, [out+40];
            ld.param.f32 %f584, [out+44];
            ld.param.f32 %f585, [out+48];
            ld.param.f32 %f593, [out+52];
            ld.param.f32 %f592, [out+56];
            ld.param.f32 %f588, [out+60];
            ld.param.f32 %f587, [out+64];
            ld.param.f32 %f586, [out+68];
            ld.param.f32 %f590, [out+72];
            ld.param.f32 %f589, [out+76];
            ld.param.f32 %f591, [out+80];
        }

        bra.uni l_done_573;
    }

l_masked_573:
    mov.b32 %f574, 0;
    mov.b32 %f594, 0;
    mov.b32 %f575, 0;
    mov.b32 %f576, 0;
    mov.b32 %f577, 0;
    mov.b32 %f578, 0;
    mov.b32 %f579, 0;
    mov.b32 %f580, 0;
    mov.b32 %r581, 0;
    mov.b32 %f582, 0;
    mov.b32 %f583, 0;
    mov.b32 %f584, 0;
    mov.b32 %f585, 0;
    mov.b32 %f593, 0;
    mov.b32 %f592, 0;
    mov.b32 %f588, 0;
    mov.b32 %f587, 0;
    mov.b32 %f586, 0;
    mov.b32 %f590, 0;
    mov.b32 %f589, 0;
    mov.b32 %f591, 0;

l_done_573:
    mov.b32 %r595, 0x0;
    not.pred %p596, %p552;
    mov.b32 %f597, 0x7f800000;
    selp.f32 %f598, %f597, %f574, %p596;
    setp.ne.f32 %p599, %f598, %f597;
    and.pred %p600, %p552, %p599;
    not.pred %p601, %p600;
    mov.b32 %r602, 0x0;
    selp.u32 %r603, %r602, %r581, %p601;
    mov.b32 %f604, 0x0;
    setp.eq.f32 %p605, %f586, %f604;
    setp.eq.f32 %p606, %f587, %f604;
    and.pred %p607, %p605, %p606;
    setp.eq.f32 %p608, %f588, %f604;
    and.pred %p609, %p607, %p608;
    mul.ftz.f32 %f610, %f589, %f589;
    mov.b32 %f611, 0x3f800000;
    mov.b32 %f612, 0x80000000;
    and.b32 %f613, %f612, %f590;
    or.b32 %f614, %f611, %f613;
    add.ftz.f32 %f615, %f614, %f590;
    rcp.approx.ftz.f32 %f616, %f615;
    neg.ftz.f32 %f617, %f616;
    mul.ftz.f32 %f618, %f610, %f617;
    xor.b32 %f619, %f618, %f613;
    add.ftz.f32 %f620, %f619, %f611;
    mul.ftz.f32 %f621, %f589, %f586;
    fma.rn.ftz.f32 %f622, %f591, %f587, %f621;
    fma.rn.ftz.f32 %f623, %f590, %f588, %f622;
    neg.ftz.f32 %f624, %f623;
    fma.rn.ftz.f32 %f625, %f589, %f624, %f586;
    fma.rn.ftz.f32 %f626, %f590, %f624, %f588;
    fma.rn.ftz.f32 %f627, %f591, %f624, %f587;
    mul.ftz.f32 %f628, %f625, %f625;
    fma.rn.ftz.f32 %f629, %f627, %f627, %f628;
    fma.rn.ftz.f32 %f630, %f626, %f626, %f629;
    rsqrt.approx.ftz.f32 %f631, %f630;
    mul.ftz.f32 %f632, %f625, %f631;
    selp.f32 %f633, %f620, %f632, %p609;
    mul.ftz.f32 %f634, %f589, %f591;
    mul.ftz.f32 %f635, %f634, %f617;
    xor.b32 %f636, %f635, %f613;
    mul.ftz.f32 %f637, %f627, %f631;
    selp.f32 %f638, %f636, %f637, %p609;
    setp.ge.f32 %p639, %f590, %f604;
    neg.ftz.f32 %f640, %f589;
    selp.f32 %f641, %f640, %f589, %p639;
    mul.ftz.f32 %f642, %f626, %f631;
    selp.f32 %f643, %f641, %f642, %p609;
    mul.ftz.f32 %f644, %f590, %f638;
    neg.ftz.f32 %f645, %f644;
    fma.rn.ftz.f32 %f646, %f591, %f643, %f645;
    mul.ftz.f32 %f647, %f589, %f643;
    neg.ftz.f32 %f648, %f647;
    fma.rn.ftz.f32 %f649, %f590, %f633, %f648;
    mul.ftz.f32 %f650, %f591, %f633;
    neg.ftz.f32 %f651, %f650;
    fma.rn.ftz.f32 %f652, %f589, %f638, %f651;
    neg.ftz.f32 %f653, %f527;
    neg.ftz.f32 %f654, %f530;
    neg.ftz.f32 %f655, %f533;
    mul.ftz.f32 %f656, %f655, %f633;
    fma.rn.ftz.f32 %f657, %f654, %f638, %f656;
    fma.rn.ftz.f32 %f658, %f653, %f643, %f657;
    selp.f32 %f659, %f658, %f655, %p600;
    mul.ftz.f32 %f660, %f655, %f646;
    fma.rn.ftz.f32 %f661, %f654, %f649, %f660;
    fma.rn.ftz.f32 %f662, %f653, %f652, %f661;
    selp.f32 %f663, %f662, %f654, %p600;
    mul.ftz.f32 %f664, %f655, %f589;
    fma.rn.ftz.f32 %f665, %f654, %f591, %f664;
    fma.rn.ftz.f32 %f666, %f653, %f590, %f665;
    selp.f32 %f667, %f666, %f653, %p600;
    selp.u32 %r668, %r602, %r595, %p601;
    mov.u64 %rd205, %rd366;
    mov.f32 %f206, %f598;
    mov.f32 %f211, %f575;
    mov.f32 %f212, %f576;
    mov.f32 %f213, %f577;
    mov.f32 %f224, %f578;
    mov.f32 %f220, %f579;
    mov.f32 %f214, %f580;
    mov.u32 %r208, %r603;
    mov.f32 %f236, %f582;
    mov.f32 %f238, %f583;
    mov.f32 %f240, %f584;
    mov.f32 %f242, %f585;
    mov.f32 %f227, %f633;
    mov.f32 %f223, %f638;
    mov.f32 %f219, %f643;
    mov.f32 %f226, %f646;
    mov.f32 %f222, %f649;
    mov.f32 %f218, %f652;
    mov.f32 %f225, %f589;
    mov.f32 %f221, %f591;
    mov.f32 %f215, %f590;
    mov.f32 %f253, %f586;
    mov.f32 %f255, %f587;
    mov.f32 %f257, %f588;
    mov.f32 %f259, %f592;
    mov.f32 %f261, %f593;
    mov.f32 %f263, %f594;
    mov.f32 %f216, %f659;
    mov.f32 %f217, %f663;
    mov.f32 %f209, %f667;
    mov.u32 %r278, %r564;
    mov.u32 %r280, %r668;
    mov.f32 %f228, %f461;
    mov.f32 %f229, %f462;
    mov.f32 %f230, %f463;
    mov.f32 %f231, %f464;
    mov.f32 %f232, %f465;
    mov.f32 %f233, %f466;
    mov.f32 %f234, %f467;
    mov.f32 %f235, %f468;
    mov.u32 %r203, %r469;
    mov.f32 %f237, %f470;
    mov.f32 %f239, %f471;
    mov.f32 %f241, %f472;
    mov.f32 %f243, %f473;
    mov.f32 %f244, %f474;
    mov.f32 %f245, %f475;
    mov.f32 %f246, %f476;
    mov.f32 %f247, %f477;
    mov.f32 %f248, %f478;
    mov.f32 %f249, %f479;
    mov.f32 %f250, %f480;
    mov.f32 %f251, %f481;
    mov.f32 %f252, %f482;
    mov.f32 %f254, %f483;
    mov.f32 %f256, %f484;
    mov.f32 %f258, %f485;
    mov.f32 %f260, %f486;
    mov.f32 %f262, %f487;
    mov.f32 %f264, %f488;
    mov.f32 %f265, %f489;
    mov.f32 %f266, %f490;
    mov.f32 %f267, %f491;
    mov.f32 %f268, %f492;
    mov.f32 %f269, %f493;
    mov.f32 %f270, %f494;
    mov.f32 %f271, %f495;
    mov.f32 %f272, %f496;
    mov.f32 %f273, %f497;
    mov.f32 %f274, %f498;
    mov.f32 %f275, %f499;
    mov.f32 %f276, %f500;
    mov.f32 %f277, %f501;
    mov.u32 %r279, %r502;
    mov.u32 %r281, %r503;
    mov.pred %p204, %p402;
    mov.u32 %r210, %r567;
    mov.pred %p207, %p389;
    bra l_282_cond;

l_282_done:
    mov.u32 %r670, %r203;
    mov.f32 %f671, %f237;
    mov.f32 %f672, %f239;
    mov.f32 %f673, %f275;
    mov.f32 %f674, %f276;
    mov.f32 %f675, %f277;
    ld.const.u64 %rd676, [params+256];
    mov.b32 %r677, 0x0;
    setp.ne.u32 %p678, %r670, %r677;
    @!%p678 bra l_679_masked;
    mad.wide.u32 %rd3, %r670, 4, %rd676;
    ld.global.nc.u32 %r679, [%rd3];
    bra.uni l_679_done;

l_679_masked:
    mov.b32 %r679, 0;

l_679_done:
    mov.b64 %rd680, 0x0;
    mov.b64 %rd681, 0x5851f42d4c957f2d;
    mov.u32 %r682, %r0;
    ld.const.u64 %rd0, [params+264];
    ldu.global.u32 %r683, [%rd0];
    mov.b32 %r684, 0x4;
    shl.b32 %r685, %r682, %r684;
    mov.b32 %r686, 0xa341316c;
    add.u32 %r687, %r685, %r686;
    mov.b32 %r688, 0x9e3779b9;
    add.u32 %r689, %r682, %r688;
    xor.b32 %r690, %r687, %r689;
    mov.b32 %r691, 0x5;
    shr.u32 %r692, %r682, %r691;
    mov.b32 %r693, 0xc8013ea4;
    add.u32 %r694, %r692, %r693;
    xor.b32 %r695, %r690, %r694;
    add.u32 %r696, %r683, %r695;
    shl.b32 %r697, %r696, %r684;
    mov.b32 %r698, 0xad90777d;
    add.u32 %r699, %r697, %r698;
    add.u32 %r700, %r696, %r688;
    xor.b32 %r701, %r699, %r700;
    shr.u32 %r702, %r696, %r691;
    mov.b32 %r703, 0x7e95761e;
    add.u32 %r704, %r702, %r703;
    xor.b32 %r705, %r701, %r704;
    add.u32 %r706, %r682, %r705;
    shl.b32 %r707, %r706, %r684;
    add.u32 %r708, %r707, %r686;
    mov.b32 %r709, 0x3c6ef372;
    add.u32 %r710, %r706, %r709;
    xor.b32 %r711, %r708, %r710;
    shr.u32 %r712, %r706, %r691;
    add.u32 %r713, %r712, %r693;
    xor.b32 %r714, %r711, %r713;
    add.u32 %r715, %r696, %r714;
    shl.b32 %r716, %r715, %r684;
    add.u32 %r717, %r716, %r698;
    add.u32 %r718, %r715, %r709;
    xor.b32 %r719, %r717, %r718;
    shr.u32 %r720, %r715, %r691;
    add.u32 %r721, %r720, %r703;
    xor.b32 %r722, %r719, %r721;
    add.u32 %r723, %r706, %r722;
    shl.b32 %r724, %r723, %r684;
    add.u32 %r725, %r724, %r686;
    mov.b32 %r726, 0xdaa66d2b;
    add.u32 %r727, %r723, %r726;
    xor.b32 %r728, %r725, %r727;
    shr.u32 %r729, %r723, %r691;
    add.u32 %r730, %r729, %r693;
    xor.b32 %r731, %r728, %r730;
    add.u32 %r732, %r715, %r731;
    shl.b32 %r733, %r732, %r684;
    add.u32 %r734, %r733, %r698;
    add.u32 %r735, %r732, %r726;
    xor.b32 %r736, %r734, %r735;
    shr.u32 %r737, %r732, %r691;
    add.u32 %r738, %r737, %r703;
    xor.b32 %r739, %r736, %r738;
    add.u32 %r740, %r723, %r739;
    shl.b32 %r741, %r740, %r684;
    add.u32 %r742, %r741, %r686;
    mov.b32 %r743, 0x78dde6e4;
    add.u32 %r744, %r740, %r743;
    xor.b32 %r745, %r742, %r744;
    shr.u32 %r746, %r740, %r691;
    add.u32 %r747, %r746, %r693;
    xor.b32 %r748, %r745, %r747;
    add.u32 %r749, %r732, %r748;
    shl.b32 %r750, %r749, %r684;
    add.u32 %r751, %r750, %r698;
    add.u32 %r752, %r749, %r743;
    xor.b32 %r753, %r751, %r752;
    shr.u32 %r754, %r749, %r691;
    add.u32 %r755, %r754, %r703;
    xor.b32 %r756, %r753, %r755;
    add.u32 %r757, %r740, %r756;
    cvt.u64.u32 %rd758, %r757;
    mov.b64 %rd759, 0x1;
    cvt.u32.u64 %r3, %rd759;
    shl.b64 %rd760, %rd758, %r3;
    or.b64 %rd761, %rd760, %rd759;
    mad.lo.u64 %rd762, %rd680, %rd681, %rd761;
    cvt.u64.u32 %rd763, %r749;
    add.u64 %rd764, %rd762, %rd763;
    mad.lo.u64 %rd765, %rd764, %rd681, %rd761;
    mov.b64 %rd766, 0x12;
    cvt.u32.u64 %r3, %rd766;
    shr.u64 %rd767, %rd765, %r3;
    xor.b64 %rd768, %rd767, %rd765;
    mov.b64 %rd769, 0x1b;
    cvt.u32.u64 %r3, %rd769;
    shr.u64 %rd770, %rd768, %r3;
    cvt.u32.u64 %r771, %rd770;
    mov.b64 %rd772, 0x3b;
    cvt.u32.u64 %r3, %rd772;
    shr.u64 %rd773, %rd765, %r3;
    cvt.u32.u64 %r774, %rd773;
    shr.u32 %r775, %r771, %r774;
    mov.b32 %r776, %r774;
    neg.s32 %r777, %r776;
    mov.b32 %r778, 0x1f;
    and.b32 %r779, %r777, %r778;
    mov.b32 %r780, %r779;
    shl.b32 %r781, %r771, %r780;
    or.b32 %r782, %r775, %r781;
    mov.b32 %r783, 0x9;
    shr.u32 %r784, %r782, %r783;
    mov.b32 %r785, 0x3f800000;
    or.b32 %r786, %r784, %r785;
    mov.b32 %f787, %r786;
    mov.b32 %f788, 0x3f800000;
    sub.ftz.f32 %f789, %f787, %f788;
    mad.lo.u64 %rd790, %rd765, %rd681, %rd761;
    cvt.u32.u64 %r3, %rd766;
    shr.u64 %rd791, %rd790, %r3;
    xor.b64 %rd792, %rd791, %rd790;
    cvt.u32.u64 %r3, %rd769;
    shr.u64 %rd793, %rd792, %r3;
    cvt.u32.u64 %r794, %rd793;
    cvt.u32.u64 %r3, %rd772;
    shr.u64 %rd795, %rd790, %r3;
    cvt.u32.u64 %r796, %rd795;
    shr.u32 %r797, %r794, %r796;
    mov.b32 %r798, %r796;
    neg.s32 %r799, %r798;
    and.b32 %r800, %r799, %r778;
    mov.b32 %r801, %r800;
    shl.b32 %r802, %r794, %r801;
    or.b32 %r803, %r797, %r802;
    shr.u32 %r804, %r803, %r783;
    or.b32 %r805, %r804, %r785;
    mov.b32 %f806, %r805;
    sub.ftz.f32 %f807, %f806, %f788;
    mad.lo.u64 %rd808, %rd790, %rd681, %rd761;
    cvt.u32.u64 %r3, %rd766;
    shr.u64 %rd809, %rd808, %r3;
    xor.b64 %rd810, %rd809, %rd808;
    cvt.u32.u64 %r3, %rd769;
    shr.u64 %rd811, %rd810, %r3;
    cvt.u32.u64 %r812, %rd811;
    cvt.u32.u64 %r3, %rd772;
    shr.u64 %rd813, %rd808, %r3;
    cvt.u32.u64 %r814, %rd813;
    shr.u32 %r815, %r812, %r814;
    mov.b32 %r816, %r814;
    neg.s32 %r817, %r816;
    and.b32 %r818, %r817, %r778;
    mov.b32 %r819, %r818;
    shl.b32 %r820, %r812, %r819;
    or.b32 %r821, %r815, %r820;
    shr.u32 %r822, %r821, %r783;
    or.b32 %r823, %r822, %r785;
    mov.b32 %f824, %r823;
    sub.ftz.f32 %f825, %f824, %f788;
    mov.b32 %r826, 0x0;
    setp.ne.u32 %p827, %r679, %r826;
    ld.const.u64 %rd828, [params+272];
    ld.const.u64 %rd829, [params+280];

    @!%p827 bra l_masked_830;

    { // VCall: mitsuba::BSDF::sample()

        mad.wide.u32 %rd3, %r679, 8, %rd828;
        ld.global.u64 %rd3, [%rd3];
        cvt.u32.u64 %r3, %rd3;
        call (%rd2), _optix_call_direct_callable, (%r3);
        shr.u64 %rd3, %rd3, 32;
        add.u64 %rd3, %rd3, %rd829;

        {
            proto: .callprototype (.param .align 4 .b8 result[40]) _(.reg .u64 data, .param .align 4 .b8 params[32]);
            .param .align 4 .b8 out[40];
            .param .align 4 .b8 in[32];
            st.param.f32 [in+0], %f671;
            st.param.f32 [in+4], %f672;
            st.param.f32 [in+8], %f673;
            st.param.f32 [in+12], %f674;
            st.param.f32 [in+16], %f675;
            st.param.f32 [in+20], %f789;
            st.param.f32 [in+24], %f807;
            st.param.f32 [in+28], %f825;
            call (out), %rd2, (%rd3, in), proto;
            ld.param.f32 %f831, [out+28];
            ld.param.f32 %f832, [out+32];
            ld.param.f32 %f833, [out+36];
        }

        bra.uni l_done_830;
    }

l_masked_830:
    mov.b32 %f831, 0;
    mov.b32 %f832, 0;
    mov.b32 %f833, 0;

l_done_830:
    ld.const.u64 %rd834, [params+288];
    mov.u32 %r835, %r0;
    mov.b32 %r836, 0x3;
    mul.lo.u32 %r837, %r835, %r836;
    mov.pred %p838, 0x1;
    mad.wide.u32 %rd3, %r837, 4, %rd834;
    st.global.f32 [%rd3], %f831;
    mov.b32 %r840, 0x1;
    add.u32 %r841, %r837, %r840;
    mad.wide.u32 %rd3, %r841, 4, %rd834;
    st.global.f32 [%rd3], %f832;
    mov.b32 %r843, 0x2;
    add.u32 %r844, %r837, %r843;
    mad.wide.u32 %rd3, %r844, 4, %rd834;
    st.global.f32 [%rd3], %f833;
    ret;
}

.visible .func (.param .align 4 .b8 result[12]) __direct_callable__1e4dd3bb4f4a43b90960888763f811da(.reg .u64 data, .param .align 4 .b8 params[24]) {
    // VCall: mitsuba::BSDF::sample()
    .reg.b8   %b <36>; .reg.b16 %w<36>; .reg.b32 %r<36>;
    .reg.b64  %rd<36>; .reg.f32 %f<36>; .reg.f64 %d<36>;
    .reg.pred %p <36>;

    mov.b32 %f4, 0x40000000;
    ld.param.f32 %f5, [params+16];
    mov.b32 %f6, 0xbf800000;
    fma.rn.ftz.f32 %f7, %f4, %f5, %f6;
    abs.f32 %f8, %f7;
    ld.param.f32 %f9, [params+20];
    fma.rn.ftz.f32 %f10, %f4, %f9, %f6;
    abs.f32 %f11, %f10;
    setp.lt.f32 %p12, %f8, %f11;
    selp.f32 %f13, %f10, %f7, %p12;
    mov.b32 %f14, 0x0;
    setp.eq.f32 %p15, %f7, %f14;
    setp.eq.f32 %p16, %f10, %f14;
    and.pred %p17, %p15, %p16;
    mov.b32 %f18, 0x3fc90fdb;
    mov.b32 %f19, 0x3f490fdb;
    selp.f32 %f20, %f7, %f10, %p12;
    mul.ftz.f32 %f21, %f19, %f20;
    div.approx.ftz.f32 %f22, %f21, %f13;
    sub.ftz.f32 %f23, %f18, %f22;
    selp.f32 %f24, %f23, %f22, %p12;
    selp.f32 %f25, %f14, %f24, %p17;
    cos.approx.ftz.f32 %f26, %f25;
    mul.ftz.f32 %f27, %f13, %f26;
    sin.approx.ftz.f32 %f28, %f25;
    mul.ftz.f32 %f29, %f13, %f28;
    mov.b32 %f30, 0x3f800000;
    mul.ftz.f32 %f31, %f27, %f27;
    fma.rn.ftz.f32 %f32, %f29, %f29, %f31;
    sub.ftz.f32 %f33, %f30, %f32;
    max.ftz.f32 %f34, %f33, %f14;
    sqrt.approx.ftz.f32 %f35, %f34;
    st.param.f32 [result+0], %f27;
    st.param.f32 [result+4], %f29;
    st.param.f32 [result+8], %f35;
    ret;
}

.visible .func (.param .align 4 .b8 result[40]) __direct_callable__203403e6f04f88a9a64c84338253d9a1(.reg .u64 data, .param .align 4 .b8 params[32]) {
    // VCall: mitsuba::BSDF::sample()
    .reg.b8   %b <50>; .reg.b16 %w<50>; .reg.b32 %r<50>;
    .reg.b64  %rd<50>; .reg.f32 %f<50>; .reg.f64 %d<50>;
    .reg.pred %p <50>;

    ld.global.f32 %f4, [data+0];
    ld.global.f32 %f5, [data+4];
    ld.global.f32 %f6, [data+8];
    mov.b32 %f7, 0x40000000;
    ld.param.f32 %f8, [params+24];
    mov.b32 %f9, 0xbf800000;
    fma.rn.ftz.f32 %f10, %f7, %f8, %f9;
    abs.f32 %f11, %f10;
    ld.param.f32 %f12, [params+28];
    fma.rn.ftz.f32 %f13, %f7, %f12, %f9;
    abs.f32 %f14, %f13;
    setp.lt.f32 %p15, %f11, %f14;
    selp.f32 %f16, %f13, %f10, %p15;
    mov.b32 %f17, 0x0;
    setp.eq.f32 %p18, %f10, %f17;
    setp.eq.f32 %p19, %f13, %f17;
    and.pred %p20, %p18, %p19;
    mov.b32 %f21, 0x3fc90fdb;
    mov.b32 %f22, 0x3f490fdb;
    selp.f32 %f23, %f10, %f13, %p15;
    mul.ftz.f32 %f24, %f22, %f23;
    div.approx.ftz.f32 %f25, %f24, %f16;
    sub.ftz.f32 %f26, %f21, %f25;
    selp.f32 %f27, %f26, %f25, %p15;
    selp.f32 %f28, %f17, %f27, %p20;
    cos.approx.ftz.f32 %f29, %f28;
    mul.ftz.f32 %f30, %f16, %f29;
    sin.approx.ftz.f32 %f31, %f28;
    mul.ftz.f32 %f32, %f16, %f31;
    mov.b32 %f33, 0x3f800000;
    mul.ftz.f32 %f34, %f30, %f30;
    fma.rn.ftz.f32 %f35, %f32, %f32, %f34;
    sub.ftz.f32 %f36, %f33, %f35;
    max.ftz.f32 %f37, %f36, %f17;
    sqrt.approx.ftz.f32 %f38, %f37;
    mov.b32 %f39, 0x3ea2f983;
    mul.ftz.f32 %f40, %f39, %f38;
    mov.b32 %r41, 0x2;
    mov.b32 %r42, 0x0;
    ld.param.f32 %f43, [params+16];
    setp.gt.f32 %p44, %f43, %f17;
    setp.gt.f32 %p45, %f40, %f17;
    and.pred %p46, %p44, %p45;
    selp.b32 %f47, %f4, 0, %p46;
    selp.b32 %f48, %f5, 0, %p46;
    selp.b32 %f49, %f6, 0, %p46;
    st.param.f32 [result+0], %f30;
    st.param.f32 [result+4], %f32;
    st.param.f32 [result+8], %f38;
    st.param.f32 [result+12], %f40;
    st.param.f32 [result+16], %f33;
    st.param.u32 [result+20], %r41;
    st.param.u32 [result+24], %r42;
    st.param.f32 [result+28], %f47;
    st.param.f32 [result+32], %f48;
    st.param.f32 [result+36], %f49;
    ret;
}

.visible .func (.param .align 4 .b8 result[40]) __direct_callable__3f116f31549d286144ecfe2091f3ef0d(.reg .u64 data, .param .align 4 .b8 params[32]) {
    // VCall: mitsuba::BSDF::sample()
    .reg.b8   %b <637>; .reg.b16 %w<637>; .reg.b32 %r<637>;
    .reg.b64  %rd<637>; .reg.f32 %f<637>; .reg.f64 %d<637>;
    .reg.pred %p <637>;

    ld.global.f32 %f4, [data+4];
    ld.global.f32 %f5, [data+8];
    ld.global.f32 %f6, [data+12];
    ld.global.f32 %f7, [data+16];
    ld.global.f32 %f8, [data+20];
    ld.global.f32 %f9, [data+24];
    ld.global.f32 %f10, [data+28];
    ld.global.f32 %f11, [data+32];
    ld.global.f32 %f12, [data+36];
    ld.global.f32 %f13, [data+0];
    mov.b32 %f14, 0x38d1b717;
    max.ftz.f32 %f15, %f13, %f14;
    ld.param.f32 %f16, [params+8];
    mul.ftz.f32 %f17, %f15, %f16;
    ld.param.f32 %f18, [params+16];
    ld.param.f32 %f19, [params+12];
    mul.ftz.f32 %f20, %f15, %f19;
    mul.ftz.f32 %f21, %f17, %f17;
    fma.rn.ftz.f32 %f22, %f20, %f20, %f21;
    fma.rn.ftz.f32 %f23, %f18, %f18, %f22;
    rsqrt.approx.ftz.f32 %f24, %f23;
    mul.ftz.f32 %f25, %f17, %f24;
    mul.ftz.f32 %f26, %f20, %f24;
    mul.ftz.f32 %f27, %f26, %f26;
    fma.rn.ftz.f32 %f28, %f25, %f25, %f27;
    abs.f32 %f29, %f28;
    mov.b32 %f30, 0x34800000;
    setp.le.f32 %p31, %f29, %f30;
    mov.b32 %f32, 0x3f800000;
    rsqrt.approx.ftz.f32 %f33, %f28;
    mul.ftz.f32 %f34, %f25, %f33;
    min.ftz.f32 %f35, %f34, %f32;
    mov.b32 %f36, 0xbf800000;
    max.ftz.f32 %f37, %f35, %f36;
    selp.f32 %f38, %f32, %f37, %p31;
    mul.ftz.f32 %f39, %f18, %f24;
    neg.ftz.f32 %f40, %f39;
    fma.rn.ftz.f32 %f41, %f39, %f40, %f32;
    mov.b32 %f42, 0x0;
    max.ftz.f32 %f43, %f41, %f42;
    sqrt.approx.ftz.f32 %f44, %f43;
    div.approx.ftz.f32 %f45, %f44, %f39;
    rcp.approx.ftz.f32 %f46, %f45;
    abs.f32 %f47, %f46;
    setp.lt.f32 %p48, %f47, %f32;
    mul.ftz.f32 %f49, %f46, %f46;
    mul.ftz.f32 %f50, %f49, %f49;
    mul.ftz.f32 %f51, %f50, %f50;
    mul.ftz.f32 %f52, %f51, %f51;
    mov.b32 %f53, 0xb055d725;
    mov.b32 %f54, 0x326b8d88;
    fma.rn.ftz.f32 %f55, %f49, %f53, %f54;
    mov.b32 %f56, 0xb42e0393;
    mov.b32 %f57, 0x35dcbfea;
    fma.rn.ftz.f32 %f58, %f49, %f56, %f57;
    fma.rn.ftz.f32 %f59, %f50, %f55, %f58;
    mov.b32 %f60, 0xb77a6527;
    mov.b32 %f61, 0x38fcd15d;
    fma.rn.ftz.f32 %f62, %f49, %f60, %f61;
    mov.b32 %f63, 0xba6016d8;
    mov.b32 %f64, 0x3bab2de6;
    fma.rn.ftz.f32 %f65, %f49, %f63, %f64;
    fma.rn.ftz.f32 %f66, %f50, %f62, %f65;
    mov.b32 %f67, 0xbcdc1672;
    mov.b32 %f68, 0x3de71791;
    fma.rn.ftz.f32 %f69, %f49, %f67, %f68;
    mov.b32 %f70, 0xbec093a3;
    mov.b32 %f71, 0x3f906ebb;
    fma.rn.ftz.f32 %f72, %f49, %f70, %f71;
    fma.rn.ftz.f32 %f73, %f50, %f69, %f72;
    fma.rn.ftz.f32 %f74, %f51, %f66, %f73;
    fma.rn.ftz.f32 %f75, %f52, %f59, %f74;
    mul.ftz.f32 %f76, %f46, %f75;
    mul.ftz.f32 %f77, %f47, %f47;
    mul.ftz.f32 %f78, %f77, %f77;
    mov.b32 %f79, 0xb9cd1e1c;
    mov.b32 %f80, 0xbc327bfe;
    fma.rn.ftz.f32 %f81, %f47, %f79, %f80;
    mov.b32 %f82, 0xbdce6dbf;
    mov.b32 %f83, 0xbefd92d0;
    fma.rn.ftz.f32 %f84, %f47, %f82, %f83;
    fma.rn.ftz.f32 %f85, %f77, %f81, %f84;
    mov.b32 %f86, 0xbfbda45c;
    mov.b32 %f87, 0xc031cf5c;
    fma.rn.ftz.f32 %f88, %f47, %f86, %f87;
    mov.b32 %f89, 0xc045d94b;
    mov.b32 %f90, 0xbfd05f42;
    fma.rn.ftz.f32 %f91, %f47, %f89, %f90;
    fma.rn.ftz.f32 %f92, %f77, %f88, %f91;
    fma.rn.ftz.f32 %f93, %f78, %f85, %f92;
    mov.b32 %f94, 0xb001e898;
    mov.b32 %f95, 0x398e350d;
    fma.rn.ftz.f32 %f96, %f47, %f94, %f95;
    mov.b32 %f97, 0x3bf73fc8;
    mov.b32 %f98, 0x3d8c7442;
    fma.rn.ftz.f32 %f99, %f47, %f97, %f98;
    fma.rn.ftz.f32 %f100, %f77, %f96, %f99;
    mov.b32 %f101, 0x3ea34427;
    mov.b32 %f102, 0x3f5ccc80;
    fma.rn.ftz.f32 %f103, %f47, %f101, %f102;
    mov.b32 %f104, 0x3faadae8;
    fma.rn.ftz.f32 %f105, %f47, %f104, %f32;
    fma.rn.ftz.f32 %f106, %f77, %f103, %f105;
    fma.rn.ftz.f32 %f107, %f78, %f100, %f106;
    div.approx.ftz.f32 %f108, %f93, %f107;
    mul.ftz.f32 %f109, %f108, %f47;
    ex2.approx.ftz.f32 %f110, %f109;
    sub.ftz.f32 %f111, %f32, %f110;
    abs.f32 %f112, %f111;
    mov.b32 %f113, 0x7f800000;
    setp.lt.f32 %p114, %f112, %f113;
    selp.f32 %f115, %f111, %f32, %p114;
    abs.f32 %f116, %f115;
    mov.b32 %f117, 0x80000000;
    and.b32 %f118, %f117, %f46;
    or.b32 %f119, %f116, %f118;
    selp.f32 %f120, %f76, %f119, %p48;
    add.ftz.f32 %f121, %f120, %f32;
    ld.param.f32 %f122, [params+24];
    mov.b32 %f123, 0x3f7fffef;
    min.ftz.f32 %f124, %f122, %f123;
    mov.b32 %f125, 0x358637bd;
    max.ftz.f32 %f126, %f124, %f125;
    lg2.approx.ftz.f32 %f127, %f126;
    mov.b32 %f128, 0x3f317218;
    mul.ftz.f32 %f129, %f127, %f128;
    neg.ftz.f32 %f130, %f129;
    sqrt.approx.ftz.f32 %f131, %f130;
    abs.f32 %f132, %f131;
    setp.lt.f32 %p133, %f132, %f32;
    mul.ftz.f32 %f134, %f131, %f131;
    mul.ftz.f32 %f135, %f134, %f134;
    mul.ftz.f32 %f136, %f135, %f135;
    mul.ftz.f32 %f137, %f136, %f136;
    fma.rn.ftz.f32 %f138, %f134, %f53, %f54;
    fma.rn.ftz.f32 %f139, %f134, %f56, %f57;
    fma.rn.ftz.f32 %f140, %f135, %f138, %f139;
    fma.rn.ftz.f32 %f141, %f134, %f60, %f61;
    fma.rn.ftz.f32 %f142, %f134, %f63, %f64;
    fma.rn.ftz.f32 %f143, %f135, %f141, %f142;
    fma.rn.ftz.f32 %f144, %f134, %f67, %f68;
    fma.rn.ftz.f32 %f145, %f134, %f70, %f71;
    fma.rn.ftz.f32 %f146, %f135, %f144, %f145;
    fma.rn.ftz.f32 %f147, %f136, %f143, %f146;
    fma.rn.ftz.f32 %f148, %f137, %f140, %f147;
    mul.ftz.f32 %f149, %f131, %f148;
    mul.ftz.f32 %f150, %f132, %f132;
    mul.ftz.f32 %f151, %f150, %f150;
    fma.rn.ftz.f32 %f152, %f132, %f79, %f80;
    fma.rn.ftz.f32 %f153, %f132, %f82, %f83;
    fma.rn.ftz.f32 %f154, %f150, %f152, %f153;
    fma.rn.ftz.f32 %f155, %f132, %f86, %f87;
    fma.rn.ftz.f32 %f156, %f132, %f89, %f90;
    fma.rn.ftz.f32 %f157, %f150, %f155, %f156;
    fma.rn.ftz.f32 %f158, %f151, %f154, %f157;
    fma.rn.ftz.f32 %f159, %f132, %f94, %f95;
    fma.rn.ftz.f32 %f160, %f132, %f97, %f98;
    fma.rn.ftz.f32 %f161, %f150, %f159, %f160;
    fma.rn.ftz.f32 %f162, %f132, %f101, %f102;
    fma.rn.ftz.f32 %f163, %f132, %f104, %f32;
    fma.rn.ftz.f32 %f164, %f150, %f162, %f163;
    fma.rn.ftz.f32 %f165, %f151, %f161, %f164;
    div.approx.ftz.f32 %f166, %f158, %f165;
    mul.ftz.f32 %f167, %f166, %f132;
    ex2.approx.ftz.f32 %f168, %f167;
    sub.ftz.f32 %f169, %f32, %f168;
    abs.f32 %f170, %f169;
    setp.lt.f32 %p171, %f170, %f113;
    selp.f32 %f172, %f169, %f32, %p171;
    abs.f32 %f173, %f172;
    and.b32 %f174, %f117, %f131;
    or.b32 %f175, %f173, %f174;
    selp.f32 %f176, %f149, %f175, %p133;
    mul.ftz.f32 %f177, %f121, %f176;
    sub.ftz.f32 %f178, %f120, %f177;
    add.ftz.f32 %f179, %f32, %f178;
    mov.b32 %f180, 0x3f106ebb;
    mul.ftz.f32 %f181, %f180, %f45;
    mov.b32 %f182, 0x3fb8aa3b;
    sub.ftz.f32 %f183, %f32, %f178;
    mul.ftz.f32 %f184, %f183, %f179;
    lg2.approx.ftz.f32 %f185, %f184;
    mul.ftz.f32 %f186, %f185, %f128;
    neg.ftz.f32 %f187, %f186;
    mov.b32 %f188, 0x40a00000;
    setp.lt.f32 %p189, %f187, %f188;
    mov.b32 %f190, 0x40200000;
    sub.ftz.f32 %f191, %f187, %f190;
    mul.ftz.f32 %f192, %f191, %f191;
    mul.ftz.f32 %f193, %f192, %f192;
    mul.ftz.f32 %f194, %f193, %f193;
    mov.b32 %f195, 0x32f16588;
    mov.b32 %f196, 0x34b84b36;
    mov.b32 %f197, 0xb66c7357;
    fma.rn.ftz.f32 %f198, %f191, %f196, %f197;
    mov.b32 %f199, 0xb6935ac1;
    mov.b32 %f200, 0x396532db;
    fma.rn.ftz.f32 %f201, %f191, %f199, %f200;
    fma.rn.ftz.f32 %f202, %f192, %f198, %f201;
    mov.b32 %f203, 0xbaa45408;
    mov.b32 %f204, 0xbb88e4ef;
    fma.rn.ftz.f32 %f205, %f191, %f203, %f204;
    mov.b32 %f206, 0x3e7c8f63;
    mov.b32 %f207, 0x3fc02e2f;
    fma.rn.ftz.f32 %f208, %f191, %f206, %f207;
    fma.rn.ftz.f32 %f209, %f192, %f205, %f208;
    fma.rn.ftz.f32 %f210, %f193, %f202, %f209;
    fma.rn.ftz.f32 %f211, %f194, %f195, %f210;
    sqrt.approx.ftz.f32 %f212, %f187;
    mov.b32 %f213, 0x40400000;
    sub.ftz.f32 %f214, %f212, %f213;
    mul.ftz.f32 %f215, %f214, %f214;
    mul.ftz.f32 %f216, %f215, %f215;
    mul.ftz.f32 %f217, %f216, %f216;
    mov.b32 %f218, 0xb951f09b;
    mov.b32 %f219, 0x38d3b56b;
    mov.b32 %f220, 0x3ab0dc72;
    fma.rn.ftz.f32 %f221, %f214, %f219, %f220;
    mov.b32 %f222, 0xbb70bde7;
    mov.b32 %f223, 0x3bbc127b;
    fma.rn.ftz.f32 %f224, %f214, %f222, %f223;
    fma.rn.ftz.f32 %f225, %f215, %f221, %f224;
    mov.b32 %f226, 0xbbf9c5d7;
    mov.b32 %f227, 0x3c1aa57e;
    fma.rn.ftz.f32 %f228, %f214, %f226, %f227;
    mov.b32 %f229, 0x3f8036db;
    mov.b32 %f230, 0x40354f7e;
    fma.rn.ftz.f32 %f231, %f214, %f229, %f230;
    fma.rn.ftz.f32 %f232, %f215, %f228, %f231;
    fma.rn.ftz.f32 %f233, %f216, %f225, %f232;
    fma.rn.ftz.f32 %f234, %f217, %f218, %f233;
    selp.f32 %f235, %f211, %f234, %p189;
    mul.ftz.f32 %f236, %f235, %f178;
    mul.ftz.f32 %f237, %f236, %f236;
    neg.ftz.f32 %f238, %f237;
    mul.ftz.f32 %f239, %f182, %f238;
    ex2.approx.ftz.f32 %f240, %f239;
    mul.ftz.f32 %f241, %f181, %f240;
    add.ftz.f32 %f242, %f179, %f241;
    add.ftz.f32 %f243, %f32, %f120;
    neg.ftz.f32 %f244, %f49;
    mul.ftz.f32 %f245, %f182, %f244;
    ex2.approx.ftz.f32 %f246, %f245;
    mul.ftz.f32 %f247, %f181, %f246;
    add.ftz.f32 %f248, %f243, %f247;
    mul.ftz.f32 %f249, %f126, %f248;
    sub.ftz.f32 %f250, %f242, %f249;
    mul.ftz.f32 %f251, %f236, %f45;
    sub.ftz.f32 %f252, %f32, %f251;
    div.approx.ftz.f32 %f253, %f250, %f252;
    sub.ftz.f32 %f254, %f178, %f253;
    add.ftz.f32 %f255, %f32, %f254;
    sub.ftz.f32 %f256, %f32, %f254;
    mul.ftz.f32 %f257, %f256, %f255;
    lg2.approx.ftz.f32 %f258, %f257;
    mul.ftz.f32 %f259, %f258, %f128;
    neg.ftz.f32 %f260, %f259;
    setp.lt.f32 %p261, %f260, %f188;
    sub.ftz.f32 %f262, %f260, %f190;
    mul.ftz.f32 %f263, %f262, %f262;
    mul.ftz.f32 %f264, %f263, %f263;
    mul.ftz.f32 %f265, %f264, %f264;
    fma.rn.ftz.f32 %f266, %f262, %f196, %f197;
    fma.rn.ftz.f32 %f267, %f262, %f199, %f200;
    fma.rn.ftz.f32 %f268, %f263, %f266, %f267;
    fma.rn.ftz.f32 %f269, %f262, %f203, %f204;
    fma.rn.ftz.f32 %f270, %f262, %f206, %f207;
    fma.rn.ftz.f32 %f271, %f263, %f269, %f270;
    fma.rn.ftz.f32 %f272, %f264, %f268, %f271;
    fma.rn.ftz.f32 %f273, %f265, %f195, %f272;
    sqrt.approx.ftz.f32 %f274, %f260;
    sub.ftz.f32 %f275, %f274, %f213;
    mul.ftz.f32 %f276, %f275, %f275;
    mul.ftz.f32 %f277, %f276, %f276;
    mul.ftz.f32 %f278, %f277, %f277;
    fma.rn.ftz.f32 %f279, %f275, %f219, %f220;
    fma.rn.ftz.f32 %f280, %f275, %f222, %f223;
    fma.rn.ftz.f32 %f281, %f276, %f279, %f280;
    fma.rn.ftz.f32 %f282, %f275, %f226, %f227;
    fma.rn.ftz.f32 %f283, %f275, %f229, %f230;
    fma.rn.ftz.f32 %f284, %f276, %f282, %f283;
    fma.rn.ftz.f32 %f285, %f277, %f281, %f284;
    fma.rn.ftz.f32 %f286, %f278, %f218, %f285;
    selp.f32 %f287, %f273, %f286, %p261;
    mul.ftz.f32 %f288, %f287, %f254;
    mul.ftz.f32 %f289, %f288, %f288;
    neg.ftz.f32 %f290, %f289;
    mul.ftz.f32 %f291, %f182, %f290;
    ex2.approx.ftz.f32 %f292, %f291;
    mul.ftz.f32 %f293, %f181, %f292;
    add.ftz.f32 %f294, %f255, %f293;
    sub.ftz.f32 %f295, %f294, %f249;
    mul.ftz.f32 %f296, %f288, %f45;
    sub.ftz.f32 %f297, %f32, %f296;
    div.approx.ftz.f32 %f298, %f295, %f297;
    sub.ftz.f32 %f299, %f254, %f298;
    add.ftz.f32 %f300, %f32, %f299;
    sub.ftz.f32 %f301, %f32, %f299;
    mul.ftz.f32 %f302, %f301, %f300;
    lg2.approx.ftz.f32 %f303, %f302;
    mul.ftz.f32 %f304, %f303, %f128;
    neg.ftz.f32 %f305, %f304;
    setp.lt.f32 %p306, %f305, %f188;
    sub.ftz.f32 %f307, %f305, %f190;
    mul.ftz.f32 %f308, %f307, %f307;
    mul.ftz.f32 %f309, %f308, %f308;
    mul.ftz.f32 %f310, %f309, %f309;
    fma.rn.ftz.f32 %f311, %f307, %f196, %f197;
    fma.rn.ftz.f32 %f312, %f307, %f199, %f200;
    fma.rn.ftz.f32 %f313, %f308, %f311, %f312;
    fma.rn.ftz.f32 %f314, %f307, %f203, %f204;
    fma.rn.ftz.f32 %f315, %f307, %f206, %f207;
    fma.rn.ftz.f32 %f316, %f308, %f314, %f315;
    fma.rn.ftz.f32 %f317, %f309, %f313, %f316;
    fma.rn.ftz.f32 %f318, %f310, %f195, %f317;
    sqrt.approx.ftz.f32 %f319, %f305;
    sub.ftz.f32 %f320, %f319, %f213;
    mul.ftz.f32 %f321, %f320, %f320;
    mul.ftz.f32 %f322, %f321, %f321;
    mul.ftz.f32 %f323, %f322, %f322;
    fma.rn.ftz.f32 %f324, %f320, %f219, %f220;
    fma.rn.ftz.f32 %f325, %f320, %f222, %f223;
    fma.rn.ftz.f32 %f326, %f321, %f324, %f325;
    fma.rn.ftz.f32 %f327, %f320, %f226, %f227;
    fma.rn.ftz.f32 %f328, %f320, %f229, %f230;
    fma.rn.ftz.f32 %f329, %f321, %f327, %f328;
    fma.rn.ftz.f32 %f330, %f322, %f326, %f329;
    fma.rn.ftz.f32 %f331, %f323, %f218, %f330;
    selp.f32 %f332, %f318, %f331, %p306;
    mul.ftz.f32 %f333, %f332, %f299;
    mul.ftz.f32 %f334, %f333, %f333;
    neg.ftz.f32 %f335, %f334;
    mul.ftz.f32 %f336, %f182, %f335;
    ex2.approx.ftz.f32 %f337, %f336;
    mul.ftz.f32 %f338, %f181, %f337;
    add.ftz.f32 %f339, %f300, %f338;
    sub.ftz.f32 %f340, %f339, %f249;
    mul.ftz.f32 %f341, %f333, %f45;
    sub.ftz.f32 %f342, %f32, %f341;
    div.approx.ftz.f32 %f343, %f340, %f342;
    sub.ftz.f32 %f344, %f299, %f343;
    sub.ftz.f32 %f345, %f32, %f344;
    add.ftz.f32 %f346, %f32, %f344;
    mul.ftz.f32 %f347, %f345, %f346;
    lg2.approx.ftz.f32 %f348, %f347;
    mul.ftz.f32 %f349, %f348, %f128;
    neg.ftz.f32 %f350, %f349;
    setp.lt.f32 %p351, %f350, %f188;
    sub.ftz.f32 %f352, %f350, %f190;
    mul.ftz.f32 %f353, %f352, %f352;
    mul.ftz.f32 %f354, %f353, %f353;
    mul.ftz.f32 %f355, %f354, %f354;
    fma.rn.ftz.f32 %f356, %f352, %f196, %f197;
    fma.rn.ftz.f32 %f357, %f352, %f199, %f200;
    fma.rn.ftz.f32 %f358, %f353, %f356, %f357;
    fma.rn.ftz.f32 %f359, %f352, %f203, %f204;
    fma.rn.ftz.f32 %f360, %f352, %f206, %f207;
    fma.rn.ftz.f32 %f361, %f353, %f359, %f360;
    fma.rn.ftz.f32 %f362, %f354, %f358, %f361;
    fma.rn.ftz.f32 %f363, %f355, %f195, %f362;
    sqrt.approx.ftz.f32 %f364, %f350;
    sub.ftz.f32 %f365, %f364, %f213;
    mul.ftz.f32 %f366, %f365, %f365;
    mul.ftz.f32 %f367, %f366, %f366;
    mul.ftz.f32 %f368, %f367, %f367;
    fma.rn.ftz.f32 %f369, %f365, %f219, %f220;
    fma.rn.ftz.f32 %f370, %f365, %f222, %f223;
    fma.rn.ftz.f32 %f371, %f366, %f369, %f370;
    fma.rn.ftz.f32 %f372, %f365, %f226, %f227;
    fma.rn.ftz.f32 %f373, %f365, %f229, %f230;
    fma.rn.ftz.f32 %f374, %f366, %f372, %f373;
    fma.rn.ftz.f32 %f375, %f367, %f371, %f374;
    fma.rn.ftz.f32 %f376, %f368, %f218, %f375;
    selp.f32 %f377, %f363, %f376, %p351;
    mul.ftz.f32 %f378, %f377, %f344;
    mul.ftz.f32 %f379, %f26, %f33;
    min.ftz.f32 %f380, %f379, %f32;
    max.ftz.f32 %f381, %f380, %f36;
    selp.f32 %f382, %f42, %f381, %p31;
    mov.b32 %f383, 0x40000000;
    ld.param.f32 %f384, [params+28];
    min.ftz.f32 %f385, %f384, %f123;
    max.ftz.f32 %f386, %f385, %f125;
    fma.rn.ftz.f32 %f387, %f383, %f386, %f36;
    sub.ftz.f32 %f388, %f32, %f387;
    add.ftz.f32 %f389, %f32, %f387;
    mul.ftz.f32 %f390, %f388, %f389;
    lg2.approx.ftz.f32 %f391, %f390;
    mul.ftz.f32 %f392, %f391, %f128;
    neg.ftz.f32 %f393, %f392;
    setp.lt.f32 %p394, %f393, %f188;
    sub.ftz.f32 %f395, %f393, %f190;
    mul.ftz.f32 %f396, %f395, %f395;
    mul.ftz.f32 %f397, %f396, %f396;
    mul.ftz.f32 %f398, %f397, %f397;
    fma.rn.ftz.f32 %f399, %f395, %f196, %f197;
    fma.rn.ftz.f32 %f400, %f395, %f199, %f200;
    fma.rn.ftz.f32 %f401, %f396, %f399, %f400;
    fma.rn.ftz.f32 %f402, %f395, %f203, %f204;
    fma.rn.ftz.f32 %f403, %f395, %f206, %f207;
    fma.rn.ftz.f32 %f404, %f396, %f402, %f403;
    fma.rn.ftz.f32 %f405, %f397, %f401, %f404;
    fma.rn.ftz.f32 %f406, %f398, %f195, %f405;
    sqrt.approx.ftz.f32 %f407, %f393;
    sub.ftz.f32 %f408, %f407, %f213;
    mul.ftz.f32 %f409, %f408, %f408;
    mul.ftz.f32 %f410, %f409, %f409;
    mul.ftz.f32 %f411, %f410, %f410;
    fma.rn.ftz.f32 %f412, %f408, %f219, %f220;
    fma.rn.ftz.f32 %f413, %f408, %f222, %f223;
    fma.rn.ftz.f32 %f414, %f409, %f412, %f413;
    fma.rn.ftz.f32 %f415, %f408, %f226, %f227;
    fma.rn.ftz.f32 %f416, %f408, %f229, %f230;
    fma.rn.ftz.f32 %f417, %f409, %f415, %f416;
    fma.rn.ftz.f32 %f418, %f410, %f414, %f417;
    fma.rn.ftz.f32 %f419, %f411, %f218, %f418;
    selp.f32 %f420, %f406, %f419, %p394;
    mul.ftz.f32 %f421, %f420, %f387;
    mul.ftz.f32 %f422, %f382, %f421;
    neg.ftz.f32 %f423, %f422;
    fma.rn.ftz.f32 %f424, %f38, %f378, %f423;
    mul.ftz.f32 %f425, %f424, %f15;
    neg.ftz.f32 %f426, %f425;
    mul.ftz.f32 %f427, %f38, %f421;
    fma.rn.ftz.f32 %f428, %f382, %f378, %f427;
    mul.ftz.f32 %f429, %f428, %f15;
    neg.ftz.f32 %f430, %f429;
    mul.ftz.f32 %f431, %f426, %f426;
    fma.rn.ftz.f32 %f432, %f430, %f430, %f431;
    add.ftz.f32 %f433, %f32, %f432;
    rsqrt.approx.ftz.f32 %f434, %f433;
    mul.ftz.f32 %f435, %f426, %f434;
    mul.ftz.f32 %f436, %f430, %f434;
    mul.ftz.f32 %f437, %f16, %f435;
    fma.rn.ftz.f32 %f438, %f19, %f436, %f437;
    fma.rn.ftz.f32 %f439, %f18, %f434, %f438;
    mul.ftz.f32 %f440, %f383, %f439;
    neg.ftz.f32 %f441, %f16;
    fma.rn.ftz.f32 %f442, %f435, %f440, %f441;
    neg.ftz.f32 %f443, %f19;
    fma.rn.ftz.f32 %f444, %f436, %f440, %f443;
    neg.ftz.f32 %f445, %f18;
    fma.rn.ftz.f32 %f446, %f434, %f440, %f445;
    div.approx.ftz.f32 %f447, %f435, %f15;
    mul.ftz.f32 %f448, %f447, %f447;
    div.approx.ftz.f32 %f449, %f436, %f15;
    mul.ftz.f32 %f450, %f449, %f449;
    add.ftz.f32 %f451, %f448, %f450;
    neg.ftz.f32 %f452, %f451;
    mul.ftz.f32 %f453, %f434, %f434;
    div.approx.ftz.f32 %f454, %f452, %f453;
    mul.ftz.f32 %f455, %f182, %f454;
    ex2.approx.ftz.f32 %f456, %f455;
    mov.b32 %f457, 0x40490fdb;
    mul.ftz.f32 %f458, %f15, %f15;
    mul.ftz.f32 %f459, %f457, %f458;
    mul.ftz.f32 %f460, %f453, %f453;
    mul.ftz.f32 %f461, %f459, %f460;
    div.approx.ftz.f32 %f462, %f456, %f461;
    mul.ftz.f32 %f463, %f462, %f434;
    mov.b32 %f464, 0x1e3ce508;
    setp.gt.f32 %p465, %f463, %f464;
    selp.f32 %f466, %f462, %f42, %p465;
    mul.ftz.f32 %f467, %f439, %f18;
    setp.le.f32 %p468, %f467, %f42;
    mul.ftz.f32 %f469, %f20, %f20;
    add.ftz.f32 %f470, %f21, %f469;
    setp.eq.f32 %p471, %f470, %f42;
    mul.ftz.f32 %f472, %f18, %f18;
    div.approx.ftz.f32 %f473, %f470, %f472;
    rsqrt.approx.ftz.f32 %f474, %f473;
    mov.b32 %f475, 0x3fcccccd;
    setp.ge.f32 %p476, %f474, %f475;
    mov.b32 %f477, 0x40623d71;
    mul.ftz.f32 %f478, %f477, %f474;
    mov.b32 %f479, 0x400b9581;
    mul.ftz.f32 %f480, %f474, %f474;
    mul.ftz.f32 %f481, %f479, %f480;
    add.ftz.f32 %f482, %f478, %f481;
    mov.b32 %f483, 0x4011a9fc;
    mul.ftz.f32 %f484, %f483, %f474;
    add.ftz.f32 %f485, %f32, %f484;
    mov.b32 %f486, 0x4024ed91;
    mul.ftz.f32 %f487, %f486, %f480;
    add.ftz.f32 %f488, %f485, %f487;
    div.approx.ftz.f32 %f489, %f482, %f488;
    selp.f32 %f490, %f32, %f489, %p476;
    selp.f32 %f491, %f32, %f490, %p471;
    selp.f32 %f492, %f42, %f491, %p468;
    mul.ftz.f32 %f493, %f466, %f492;
    abs.f32 %f494, %f439;
    mul.ftz.f32 %f495, %f493, %f494;
    div.approx.ftz.f32 %f496, %f495, %f18;
    mov.b32 %f497, 0x40800000;
    mul.ftz.f32 %f498, %f442, %f435;
    fma.rn.ftz.f32 %f499, %f444, %f436, %f498;
    fma.rn.ftz.f32 %f500, %f446, %f434, %f499;
    mul.ftz.f32 %f501, %f497, %f500;
    div.approx.ftz.f32 %f502, %f496, %f501;
    mov.b32 %r503, 0x8;
    mov.b32 %r504, 0x0;
    mov.b32 %f505, 0x3f000000;
    mul.ftz.f32 %f506, %f4, %f4;
    mul.ftz.f32 %f507, %f5, %f5;
    sub.ftz.f32 %f508, %f506, %f507;
    mul.ftz.f32 %f509, %f439, %f439;
    sub.ftz.f32 %f510, %f32, %f509;
    sub.ftz.f32 %f511, %f508, %f510;
    mul.ftz.f32 %f512, %f511, %f511;
    mul.ftz.f32 %f513, %f497, %f5;
    mul.ftz.f32 %f514, %f513, %f5;
    mul.ftz.f32 %f515, %f514, %f4;
    mul.ftz.f32 %f516, %f515, %f4;
    add.ftz.f32 %f517, %f512, %f516;
    max.ftz.f32 %f518, %f517, %f42;
    sqrt.approx.ftz.f32 %f519, %f518;
    add.ftz.f32 %f520, %f519, %f509;
    add.ftz.f32 %f521, %f519, %f511;
    mul.ftz.f32 %f522, %f505, %f521;
    max.ftz.f32 %f523, %f522, %f42;
    sqrt.approx.ftz.f32 %f524, %f523;
    mul.ftz.f32 %f525, %f440, %f524;
    sub.ftz.f32 %f526, %f520, %f525;
    add.ftz.f32 %f527, %f520, %f525;
    div.approx.ftz.f32 %f528, %f526, %f527;
    mul.ftz.f32 %f529, %f519, %f509;
    mul.ftz.f32 %f530, %f510, %f510;
    add.ftz.f32 %f531, %f529, %f530;
    mul.ftz.f32 %f532, %f525, %f510;
    sub.ftz.f32 %f533, %f531, %f532;
    mul.ftz.f32 %f534, %f528, %f533;
    add.ftz.f32 %f535, %f531, %f532;
    div.approx.ftz.f32 %f536, %f534, %f535;
    add.ftz.f32 %f537, %f528, %f536;
    mul.ftz.f32 %f538, %f505, %f537;
    mul.ftz.f32 %f539, %f500, %f446;
    setp.le.f32 %p540, %f539, %f42;
    mul.ftz.f32 %f541, %f15, %f442;
    mul.ftz.f32 %f542, %f541, %f541;
    mul.ftz.f32 %f543, %f15, %f444;
    mul.ftz.f32 %f544, %f543, %f543;
    add.ftz.f32 %f545, %f542, %f544;
    setp.eq.f32 %p546, %f545, %f42;
    mul.ftz.f32 %f547, %f446, %f446;
    div.approx.ftz.f32 %f548, %f545, %f547;
    rsqrt.approx.ftz.f32 %f549, %f548;
    setp.ge.f32 %p550, %f549, %f475;
    mul.ftz.f32 %f551, %f477, %f549;
    mul.ftz.f32 %f552, %f549, %f549;
    mul.ftz.f32 %f553, %f479, %f552;
    add.ftz.f32 %f554, %f551, %f553;
    mul.ftz.f32 %f555, %f483, %f549;
    add.ftz.f32 %f556, %f32, %f555;
    mul.ftz.f32 %f557, %f486, %f552;
    add.ftz.f32 %f558, %f556, %f557;
    div.approx.ftz.f32 %f559, %f554, %f558;
    selp.f32 %f560, %f32, %f559, %p550;
    selp.f32 %f561, %f32, %f560, %p546;
    selp.f32 %f562, %f42, %f561, %p540;
    mul.ftz.f32 %f563, %f562, %f6;
    mul.ftz.f32 %f564, %f538, %f563;
    setp.gt.f32 %p565, %f18, %f42;
    setp.ne.f32 %p566, %f496, %f42;
    setp.gt.f32 %p567, %f446, %f42;
    and.pred %p568, %p566, %p567;
    and.pred %p569, %p565, %p568;
    selp.b32 %f570, %f564, 0, %p569;
    mul.ftz.f32 %f571, %f7, %f7;
    mul.ftz.f32 %f572, %f8, %f8;
    sub.ftz.f32 %f573, %f571, %f572;
    sub.ftz.f32 %f574, %f573, %f510;
    mul.ftz.f32 %f575, %f574, %f574;
    mul.ftz.f32 %f576, %f497, %f8;
    mul.ftz.f32 %f577, %f576, %f8;
    mul.ftz.f32 %f578, %f577, %f7;
    mul.ftz.f32 %f579, %f578, %f7;
    add.ftz.f32 %f580, %f575, %f579;
    max.ftz.f32 %f581, %f580, %f42;
    sqrt.approx.ftz.f32 %f582, %f581;
    add.ftz.f32 %f583, %f582, %f509;
    add.ftz.f32 %f584, %f582, %f574;
    mul.ftz.f32 %f585, %f505, %f584;
    max.ftz.f32 %f586, %f585, %f42;
    sqrt.approx.ftz.f32 %f587, %f586;
    mul.ftz.f32 %f588, %f440, %f587;
    sub.ftz.f32 %f589, %f583, %f588;
    add.ftz.f32 %f590, %f583, %f588;
    div.approx.ftz.f32 %f591, %f589, %f590;
    mul.ftz.f32 %f592, %f582, %f509;
    add.ftz.f32 %f593, %f592, %f530;
    mul.ftz.f32 %f594, %f588, %f510;
    sub.ftz.f32 %f595, %f593, %f594;
    mul.ftz.f32 %f596, %f591, %f595;
    add.ftz.f32 %f597, %f593, %f594;
    div.approx.ftz.f32 %f598, %f596, %f597;
    add.ftz.f32 %f599, %f591, %f598;
    mul.ftz.f32 %f600, %f505, %f599;
    mul.ftz.f32 %f601, %f562, %f9;
    mul.ftz.f32 %f602, %f600, %f601;
    selp.b32 %f603, %f602, 0, %p569;
    mul.ftz.f32 %f604, %f10, %f10;
    mul.ftz.f32 %f605, %f11, %f11;
    sub.ftz.f32 %f606, %f604, %f605;
    sub.ftz.f32 %f607, %f606, %f510;
    mul.ftz.f32 %f608, %f607, %f607;
    mul.ftz.f32 %f609, %f497, %f11;
    mul.ftz.f32 %f610, %f609, %f11;
    mul.ftz.f32 %f611, %f610, %f10;
    mul.ftz.f32 %f612, %f611, %f10;
    add.ftz.f32 %f613, %f608, %f612;
    max.ftz.f32 %f614, %f613, %f42;
    sqrt.approx.ftz.f32 %f615, %f614;
    add.ftz.f32 %f616, %f615, %f509;
    add.ftz.f32 %f617, %f615, %f607;
    mul.ftz.f32 %f618, %f505, %f617;
    max.ftz.f32 %f619, %f618, %f42;
    sqrt.approx.ftz.f32 %f620, %f619;
    mul.ftz.f32 %f621, %f440, %f620;
    sub.ftz.f32 %f622, %f616, %f621;
    add.ftz.f32 %f623, %f616, %f621;
    div.approx.ftz.f32 %f624, %f622, %f623;
    mul.ftz.f32 %f625, %f615, %f509;
    add.ftz.f32 %f626, %f625, %f530;
    mul.ftz.f32 %f627, %f621, %f510;
    sub.ftz.f32 %f628, %f626, %f627;
    mul.ftz.f32 %f629, %f624, %f628;
    add.ftz.f32 %f630, %f626, %f627;
    div.approx.ftz.f32 %f631, %f629, %f630;
    add.ftz.f32 %f632, %f624, %f631;
    mul.ftz.f32 %f633, %f505, %f632;
    mul.ftz.f32 %f634, %f562, %f12;
    mul.ftz.f32 %f635, %f633, %f634;
    selp.b32 %f636, %f635, 0, %p569;
    st.param.f32 [result+0], %f442;
    st.param.f32 [result+4], %f444;
    st.param.f32 [result+8], %f446;
    st.param.f32 [result+12], %f502;
    st.param.f32 [result+16], %f32;
    st.param.u32 [result+20], %r503;
    st.param.u32 [result+24], %r504;
    st.param.f32 [result+28], %f570;
    st.param.f32 [result+32], %f603;
    st.param.f32 [result+36], %f636;
    ret;
}

.visible .func (.param .align 4 .b8 result[84]) __direct_callable__4516cd2ab718f9aa896604bb79d9548b(.reg .u32 self, .reg .u64 data, .param .align 4 .b8 params[40]) {
    // VCall: mitsuba::Shape::compute_surface_interaction()
    .reg.b8   %b <45>; .reg.b16 %w<45>; .reg.b32 %r<45>;
    .reg.b64  %rd<45>; .reg.f32 %f<45>; .reg.f64 %d<45>;
    .reg.pred %p <45>;

    ld.global.f32 %f4, [data+44];
    ld.global.f32 %f5, [data+0];
    ld.global.f32 %f6, [data+4];
    ld.global.f32 %f7, [data+8];
    ld.global.f32 %f8, [data+12];
    ld.global.f32 %f9, [data+16];
    ld.global.f32 %f10, [data+20];
    ld.global.f32 %f11, [data+40];
    ld.global.f32 %f12, [data+36];
    ld.global.f32 %f13, [data+32];
    ld.global.f32 %f14, [data+28];
    ld.global.f32 %f15, [data+24];
    ld.param.f32 %f16, [params+24];
    ld.param.f32 %f17, [params+12];
    ld.param.f32 %f18, [params+0];
    fma.rn.ftz.f32 %f19, %f17, %f16, %f18;
    ld.param.f32 %f20, [params+20];
    ld.param.f32 %f21, [params+8];
    fma.rn.ftz.f32 %f22, %f20, %f16, %f21;
    sub.ftz.f32 %f23, %f5, %f22;
    ld.param.f32 %f24, [params+16];
    ld.param.f32 %f25, [params+4];
    fma.rn.ftz.f32 %f26, %f24, %f16, %f25;
    sub.ftz.f32 %f27, %f7, %f26;
    sub.ftz.f32 %f28, %f9, %f19;
    mul.ftz.f32 %f29, %f28, %f10;
    fma.rn.ftz.f32 %f30, %f27, %f8, %f29;
    fma.rn.ftz.f32 %f31, %f23, %f6, %f30;
    mul.ftz.f32 %f32, %f31, %f10;
    add.ftz.f32 %f33, %f19, %f32;
    mul.ftz.f32 %f34, %f31, %f8;
    add.ftz.f32 %f35, %f26, %f34;
    mul.ftz.f32 %f36, %f31, %f6;
    add.ftz.f32 %f37, %f22, %f36;
    mov.u32 %r38, self;
    ld.param.f32 %f39, [params+28];
    mov.b32 %f40, 0x3f000000;
    fma.rn.ftz.f32 %f41, %f39, %f40, %f40;
    ld.param.f32 %f42, [params+32];
    fma.rn.ftz.f32 %f43, %f42, %f40, %f40;
    mov.b32 %f44, 0x0;
    st.param.f32 [result+0], %f16;
    st.param.f32 [result+4], %f4;
    st.param.f32 [result+8], %f33;
    st.param.f32 [result+12], %f35;
    st.param.f32 [result+16], %f37;
    st.param.f32 [result+20], %f10;
    st.param.f32 [result+24], %f8;
    st.param.f32 [result+28], %f6;
    st.param.u32 [result+32], %r38;
    st.param.f32 [result+36], %f41;
    st.param.f32 [result+40], %f43;
    st.param.f32 [result+44], %f44;
    st.param.f32 [result+48], %f44;
    st.param.f32 [result+52], %f11;
    st.param.f32 [result+56], %f12;
    st.param.f32 [result+60], %f13;
    st.param.f32 [result+64], %f14;
    st.param.f32 [result+68], %f15;
    st.param.f32 [result+72], %f6;
    st.param.f32 [result+76], %f10;
    st.param.f32 [result+80], %f8;
    ret;
}

.visible .func (.param .align 4 .b8 result[12]) __direct_callable__64c9c90116c43f6928a7486b8c17abb3(.reg .u64 data, .param .align 4 .b8 params[24]) {
    // VCall: mitsuba::BSDF::sample()
    .reg.b8   %b <48>; .reg.b16 %w<48>; .reg.b32 %r<48>;
    .reg.b64  %rd<48>; .reg.f32 %f<48>; .reg.f64 %d<48>;
    .reg.pred %p <48>;

    ld.param.f32 %f4, [params+12];
    ld.param.f32 %f5, [params+8];
    abs.f32 %f6, %f5;
    mov.b32 %f7, 0x0;
    setp.eq.f32 %p8, %f6, %f7;
    mov.b32 %f9, 0x3f800000;
    mov.b32 %f10, 0x3f000000;
    setp.ge.f32 %p11, %f5, %f7;
    mov.b32 %f12, 0x3fc00000;
    mov.b32 %f13, 0x3f2aaaab;
    selp.f32 %f14, %f12, %f13, %p11;
    neg.ftz.f32 %f15, %f5;
    fma.rn.ftz.f32 %f16, %f5, %f15, %f9;
    selp.f32 %f17, %f13, %f12, %p11;
    mul.ftz.f32 %f18, %f17, %f17;
    neg.ftz.f32 %f19, %f18;
    fma.rn.ftz.f32 %f20, %f16, %f19, %f9;
    max.ftz.f32 %f21, %f20, %f7;
    sqrt.approx.ftz.f32 %f22, %f21;
    neg.ftz.f32 %f23, %f22;
    fma.rn.ftz.f32 %f24, %f14, %f23, %f6;
    fma.rn.ftz.f32 %f25, %f14, %f22, %f6;
    div.approx.ftz.f32 %f26, %f24, %f25;
    mul.ftz.f32 %f27, %f26, %f26;
    neg.ftz.f32 %f28, %f6;
    fma.rn.ftz.f32 %f29, %f14, %f28, %f22;
    fma.rn.ftz.f32 %f30, %f14, %f6, %f22;
    div.approx.ftz.f32 %f31, %f29, %f30;
    mul.ftz.f32 %f32, %f31, %f31;
    add.ftz.f32 %f33, %f27, %f32;
    mul.ftz.f32 %f34, %f10, %f33;
    selp.f32 %f35, %f9, %f34, %p8;
    setp.le.f32 %p36, %f4, %f35;
    ld.param.f32 %f37, [params+0];
    neg.ftz.f32 %f38, %f37;
    neg.ftz.f32 %f39, %f17;
    mul.ftz.f32 %f40, %f39, %f37;
    selp.f32 %f41, %f38, %f40, %p36;
    ld.param.f32 %f42, [params+4];
    neg.ftz.f32 %f43, %f42;
    mul.ftz.f32 %f44, %f39, %f42;
    selp.f32 %f45, %f43, %f44, %p36;
    selp.f32 %f46, %f23, %f22, %p11;
    selp.f32 %f47, %f5, %f46, %p36;
    st.param.f32 [result+0], %f41;
    st.param.f32 [result+4], %f45;
    st.param.f32 [result+8], %f47;
    ret;
}

.visible .func (.param .align 4 .b8 result[40]) __direct_callable__6907fa219ccaa93496cdbc1947aefac0(.reg .u64 data, .param .align 4 .b8 params[32]) {
    // VCall: mitsuba::BSDF::sample()
    .reg.b8   %b <285>; .reg.b16 %w<285>; .reg.b32 %r<285>;
    .reg.b64  %rd<285>; .reg.f32 %f<285>; .reg.f64 %d<285>;
    .reg.pred %p <285>;

    ld.global.f32 %f4, [data+4];
    ld.global.f32 %f5, [data+8];
    ld.global.f32 %f6, [data+12];
    ld.global.f32 %f7, [data+16];
    ld.global.f32 %f8, [data+20];
    ld.global.f32 %f9, [data+24];
    ld.global.f32 %f10, [data+28];
    ld.global.f32 %f11, [data+32];
    ld.global.f32 %f12, [data+36];
    ld.global.f32 %f13, [data+0];
    mov.b32 %f14, 0x38d1b717;
    max.ftz.f32 %f15, %f13, %f14;
    ld.param.f32 %f16, [params+8];
    mul.ftz.f32 %f17, %f15, %f16;
    ld.param.f32 %f18, [params+16];
    ld.param.f32 %f19, [params+12];
    mul.ftz.f32 %f20, %f15, %f19;
    mul.ftz.f32 %f21, %f17, %f17;
    fma.rn.ftz.f32 %f22, %f20, %f20, %f21;
    fma.rn.ftz.f32 %f23, %f18, %f18, %f22;
    rsqrt.approx.ftz.f32 %f24, %f23;
    mul.ftz.f32 %f25, %f17, %f24;
    mul.ftz.f32 %f26, %f20, %f24;
    mul.ftz.f32 %f27, %f26, %f26;
    fma.rn.ftz.f32 %f28, %f25, %f25, %f27;
    abs.f32 %f29, %f28;
    mov.b32 %f30, 0x34800000;
    setp.le.f32 %p31, %f29, %f30;
    mov.b32 %f32, 0x3f800000;
    rsqrt.approx.ftz.f32 %f33, %f28;
    mul.ftz.f32 %f34, %f25, %f33;
    min.ftz.f32 %f35, %f34, %f32;
    mov.b32 %f36, 0xbf800000;
    max.ftz.f32 %f37, %f35, %f36;
    selp.f32 %f38, %f32, %f37, %p31;
    mul.ftz.f32 %f39, %f18, %f24;
    mov.b32 %f40, 0x40000000;
    ld.param.f32 %f41, [params+24];
    fma.rn.ftz.f32 %f42, %f40, %f41, %f36;
    abs.f32 %f43, %f42;
    ld.param.f32 %f44, [params+28];
    fma.rn.ftz.f32 %f45, %f40, %f44, %f36;
    abs.f32 %f46, %f45;
    setp.lt.f32 %p47, %f43, %f46;
    selp.f32 %f48, %f45, %f42, %p47;
    mov.b32 %f49, 0x0;
    setp.eq.f32 %p50, %f42, %f49;
    setp.eq.f32 %p51, %f45, %f49;
    and.pred %p52, %p50, %p51;
    mov.b32 %f53, 0x3fc90fdb;
    mov.b32 %f54, 0x3f490fdb;
    selp.f32 %f55, %f42, %f45, %p47;
    mul.ftz.f32 %f56, %f54, %f55;
    div.approx.ftz.f32 %f57, %f56, %f48;
    sub.ftz.f32 %f58, %f53, %f57;
    selp.f32 %f59, %f58, %f57, %p47;
    selp.f32 %f60, %f49, %f59, %p52;
    sin.approx.ftz.f32 %f61, %f60;
    mul.ftz.f32 %f62, %f48, %f61;
    mov.b32 %f63, 0x3f000000;
    add.ftz.f32 %f64, %f32, %f39;
    mul.ftz.f32 %f65, %f63, %f64;
    cos.approx.ftz.f32 %f66, %f60;
    mul.ftz.f32 %f67, %f48, %f66;
    mul.ftz.f32 %f68, %f67, %f67;
    sub.ftz.f32 %f69, %f32, %f68;
    max.ftz.f32 %f70, %f69, %f49;
    sqrt.approx.ftz.f32 %f71, %f70;
    neg.ftz.f32 %f72, %f65;
    fma.rn.ftz.f32 %f73, %f71, %f72, %f71;
    fma.rn.ftz.f32 %f74, %f62, %f65, %f73;
    mul.ftz.f32 %f75, %f39, %f39;
    sub.ftz.f32 %f76, %f32, %f75;
    max.ftz.f32 %f77, %f76, %f49;
    sqrt.approx.ftz.f32 %f78, %f77;
    fma.rn.ftz.f32 %f79, %f74, %f74, %f68;
    sub.ftz.f32 %f80, %f32, %f79;
    max.ftz.f32 %f81, %f80, %f49;
    sqrt.approx.ftz.f32 %f82, %f81;
    mul.ftz.f32 %f83, %f78, %f82;
    neg.ftz.f32 %f84, %f83;
    fma.rn.ftz.f32 %f85, %f39, %f74, %f84;
    mul.ftz.f32 %f86, %f39, %f82;
    fma.rn.ftz.f32 %f87, %f78, %f74, %f86;
    rcp.approx.ftz.f32 %f88, %f87;
    mul.ftz.f32 %f89, %f85, %f88;
    mul.ftz.f32 %f90, %f26, %f33;
    min.ftz.f32 %f91, %f90, %f32;
    max.ftz.f32 %f92, %f91, %f36;
    selp.f32 %f93, %f49, %f92, %p31;
    mul.ftz.f32 %f94, %f67, %f88;
    mul.ftz.f32 %f95, %f93, %f94;
    neg.ftz.f32 %f96, %f95;
    fma.rn.ftz.f32 %f97, %f38, %f89, %f96;
    mul.ftz.f32 %f98, %f97, %f15;
    neg.ftz.f32 %f99, %f98;
    mul.ftz.f32 %f100, %f38, %f94;
    fma.rn.ftz.f32 %f101, %f93, %f89, %f100;
    mul.ftz.f32 %f102, %f101, %f15;
    neg.ftz.f32 %f103, %f102;
    mul.ftz.f32 %f104, %f99, %f99;
    fma.rn.ftz.f32 %f105, %f103, %f103, %f104;
    add.ftz.f32 %f106, %f32, %f105;
    rsqrt.approx.ftz.f32 %f107, %f106;
    mul.ftz.f32 %f108, %f99, %f107;
    mul.ftz.f32 %f109, %f103, %f107;
    mul.ftz.f32 %f110, %f16, %f108;
    fma.rn.ftz.f32 %f111, %f19, %f109, %f110;
    fma.rn.ftz.f32 %f112, %f18, %f107, %f111;
    mul.ftz.f32 %f113, %f40, %f112;
    neg.ftz.f32 %f114, %f16;
    fma.rn.ftz.f32 %f115, %f108, %f113, %f114;
    neg.ftz.f32 %f116, %f19;
    fma.rn.ftz.f32 %f117, %f109, %f113, %f116;
    neg.ftz.f32 %f118, %f18;
    fma.rn.ftz.f32 %f119, %f107, %f113, %f118;
    mov.b32 %f120, 0x40490fdb;
    mul.ftz.f32 %f121, %f15, %f15;
    mul.ftz.f32 %f122, %f120, %f121;
    div.approx.ftz.f32 %f123, %f108, %f15;
    mul.ftz.f32 %f124, %f123, %f123;
    div.approx.ftz.f32 %f125, %f109, %f15;
    mul.ftz.f32 %f126, %f125, %f125;
    add.ftz.f32 %f127, %f124, %f126;
    mul.ftz.f32 %f128, %f107, %f107;
    add.ftz.f32 %f129, %f127, %f128;
    mul.ftz.f32 %f130, %f129, %f129;
    mul.ftz.f32 %f131, %f122, %f130;
    rcp.approx.ftz.f32 %f132, %f131;
    mul.ftz.f32 %f133, %f132, %f107;
    mov.b32 %f134, 0x1e3ce508;
    setp.gt.f32 %p135, %f133, %f134;
    selp.f32 %f136, %f132, %f49, %p135;
    mul.ftz.f32 %f137, %f112, %f18;
    setp.le.f32 %p138, %f137, %f49;
    mul.ftz.f32 %f139, %f20, %f20;
    add.ftz.f32 %f140, %f21, %f139;
    setp.eq.f32 %p141, %f140, %f49;
    mul.ftz.f32 %f142, %f18, %f18;
    div.approx.ftz.f32 %f143, %f140, %f142;
    add.ftz.f32 %f144, %f32, %f143;
    sqrt.approx.ftz.f32 %f145, %f144;
    add.ftz.f32 %f146, %f32, %f145;
    div.approx.ftz.f32 %f147, %f40, %f146;
    selp.f32 %f148, %f32, %f147, %p141;
    selp.f32 %f149, %f49, %f148, %p138;
    mul.ftz.f32 %f150, %f136, %f149;
    abs.f32 %f151, %f112;
    mul.ftz.f32 %f152, %f150, %f151;
    div.approx.ftz.f32 %f153, %f152, %f18;
    mov.b32 %f154, 0x40800000;
    mul.ftz.f32 %f155, %f115, %f108;
    fma.rn.ftz.f32 %f156, %f117, %f109, %f155;
    fma.rn.ftz.f32 %f157, %f119, %f107, %f156;
    mul.ftz.f32 %f158, %f154, %f157;
    div.approx.ftz.f32 %f159, %f153, %f158;
    mov.b32 %r160, 0x8;
    mov.b32 %r161, 0x0;
    mul.ftz.f32 %f162, %f4, %f4;
    mul.ftz.f32 %f163, %f5, %f5;
    sub.ftz.f32 %f164, %f162, %f163;
    mul.ftz.f32 %f165, %f112, %f112;
    sub.ftz.f32 %f166, %f32, %f165;
    sub.ftz.f32 %f167, %f164, %f166;
    mul.ftz.f32 %f168, %f167, %f167;
    mul.ftz.f32 %f169, %f154, %f5;
    mul.ftz.f32 %f170, %f169, %f5;
    mul.ftz.f32 %f171, %f170, %f4;
    mul.ftz.f32 %f172, %f171, %f4;
    add.ftz.f32 %f173, %f168, %f172;
    max.ftz.f32 %f174, %f173, %f49;
    sqrt.approx.ftz.f32 %f175, %f174;
    add.ftz.f32 %f176, %f175, %f165;
    add.ftz.f32 %f177, %f175, %f167;
    mul.ftz.f32 %f178, %f63, %f177;
    max.ftz.f32 %f179, %f178, %f49;
    sqrt.approx.ftz.f32 %f180, %f179;
    mul.ftz.f32 %f181, %f113, %f180;
    sub.ftz.f32 %f182, %f176, %f181;
    add.ftz.f32 %f183, %f176, %f181;
    div.approx.ftz.f32 %f184, %f182, %f183;
    mul.ftz.f32 %f185, %f175, %f165;
    mul.ftz.f32 %f186, %f166, %f166;
    add.ftz.f32 %f187, %f185, %f186;
    mul.ftz.f32 %f188, %f181, %f166;
    sub.ftz.f32 %f189, %f187, %f188;
    mul.ftz.f32 %f190, %f184, %f189;
    add.ftz.f32 %f191, %f187, %f188;
    div.approx.ftz.f32 %f192, %f190, %f191;
    add.ftz.f32 %f193, %f184, %f192;
    mul.ftz.f32 %f194, %f63, %f193;
    mul.ftz.f32 %f195, %f157, %f119;
    setp.le.f32 %p196, %f195, %f49;
    mul.ftz.f32 %f197, %f15, %f115;
    mul.ftz.f32 %f198, %f197, %f197;
    mul.ftz.f32 %f199, %f15, %f117;
    mul.ftz.f32 %f200, %f199, %f199;
    add.ftz.f32 %f201, %f198, %f200;
    setp.eq.f32 %p202, %f201, %f49;
    mul.ftz.f32 %f203, %f119, %f119;
    div.approx.ftz.f32 %f204, %f201, %f203;
    add.ftz.f32 %f205, %f32, %f204;
    sqrt.approx.ftz.f32 %f206, %f205;
    add.ftz.f32 %f207, %f32, %f206;
    div.approx.ftz.f32 %f208, %f40, %f207;
    selp.f32 %f209, %f32, %f208, %p202;
    selp.f32 %f210, %f49, %f209, %p196;
    mul.ftz.f32 %f211, %f210, %f6;
    mul.ftz.f32 %f212, %f194, %f211;
    setp.gt.f32 %p213, %f18, %f49;
    setp.ne.f32 %p214, %f153, %f49;
    setp.gt.f32 %p215, %f119, %f49;
    and.pred %p216, %p214, %p215;
    and.pred %p217, %p213, %p216;
    selp.b32 %f218, %f212, 0, %p217;
    mul.ftz.f32 %f219, %f7, %f7;
    mul.ftz.f32 %f220, %f8, %f8;
    sub.ftz.f32 %f221, %f219, %f220;
    sub.ftz.f32 %f222, %f221, %f166;
    mul.ftz.f32 %f223, %f222, %f222;
    mul.ftz.f32 %f224, %f154, %f8;
    mul.ftz.f32 %f225, %f224, %f8;
    mul.ftz.f32 %f226, %f225, %f7;
    mul.ftz.f32 %f227, %f226, %f7;
    add.ftz.f32 %f228, %f223, %f227;
    max.ftz.f32 %f229, %f228, %f49;
    sqrt.approx.ftz.f32 %f230, %f229;
    add.ftz.f32 %f231, %f230, %f165;
    add.ftz.f32 %f232, %f230, %f222;
    mul.ftz.f32 %f233, %f63, %f232;
    max.ftz.f32 %f234, %f233, %f49;
    sqrt.approx.ftz.f32 %f235, %f234;
    mul.ftz.f32 %f236, %f113, %f235;
    sub.ftz.f32 %f237, %f231, %f236;
    add.ftz.f32 %f238, %f231, %f236;
    div.approx.ftz.f32 %f239, %f237, %f238;
    mul.ftz.f32 %f240, %f230, %f165;
    add.ftz.f32 %f241, %f240, %f186;
    mul.ftz.f32 %f242, %f236, %f166;
    sub.ftz.f32 %f243, %f241, %f242;
    mul.ftz.f32 %f244, %f239, %f243;
    add.ftz.f32 %f245, %f241, %f242;
    div.approx.ftz.f32 %f246, %f244, %f245;
    add.ftz.f32 %f247, %f239, %f246;
    mul.ftz.f32 %f248, %f63, %f247;
    mul.ftz.f32 %f249, %f210, %f9;
    mul.ftz.f32 %f250, %f248, %f249;
    selp.b32 %f251, %f250, 0, %p217;
    mul.ftz.f32 %f252, %f10, %f10;
    mul.ftz.f32 %f253, %f11, %f11;
    sub.ftz.f32 %f254, %f252, %f253;
    sub.ftz.f32 %f255, %f254, %f166;
    mul.ftz.f32 %f256, %f255, %f255;
    mul.ftz.f32 %f257, %f154, %f11;
    mul.ftz.f32 %f258, %f257, %f11;
    mul.ftz.f32 %f259, %f258, %f10;
    mul.ftz.f32 %f260, %f259, %f10;
    add.ftz.f32 %f261, %f256, %f260;
    max.ftz.f32 %f262, %f261, %f49;
    sqrt.approx.ftz.f32 %f263, %f262;
    add.ftz.f32 %f264, %f263, %f165;
    add.ftz.f32 %f265, %f263, %f255;
    mul.ftz.f32 %f266, %f63, %f265;
    max.ftz.f32 %f267, %f266, %f49;
    sqrt.approx.ftz.f32 %f268, %f267;
    mul.ftz.f32 %f269, %f113, %f268;
    sub.ftz.f32 %f270, %f264, %f269;
    add.ftz.f32 %f271, %f264, %f269;
    div.approx.ftz.f32 %f272, %f270, %f271;
    mul.ftz.f32 %f273, %f263, %f165;
    add.ftz.f32 %f274, %f273, %f186;
    mul.ftz.f32 %f275, %f269, %f166;
    sub.ftz.f32 %f276, %f274, %f275;
    mul.ftz.f32 %f277, %f272, %f276;
    add.ftz.f32 %f278, %f274, %f275;
    div.approx.ftz.f32 %f279, %f277, %f278;
    add.ftz.f32 %f280, %f272, %f279;
    mul.ftz.f32 %f281, %f63, %f280;
    mul.ftz.f32 %f282, %f210, %f12;
    mul.ftz.f32 %f283, %f281, %f282;
    selp.b32 %f284, %f283, 0, %p217;
    st.param.f32 [result+0], %f115;
    st.param.f32 [result+4], %f117;
    st.param.f32 [result+8], %f119;
    st.param.f32 [result+12], %f159;
    st.param.f32 [result+16], %f32;
    st.param.u32 [result+20], %r160;
    st.param.u32 [result+24], %r161;
    st.param.f32 [result+28], %f218;
    st.param.f32 [result+32], %f251;
    st.param.f32 [result+36], %f284;
    ret;
}

.visible .func (.param .align 4 .b8 result[12]) __direct_callable__76deb0265f0727ddec6574c390d22e42(.reg .u64 data, .param .align 4 .b8 params[24]) {
    // VCall: mitsuba::BSDF::sample()
    .reg.b8   %b <111>; .reg.b16 %w<111>; .reg.b32 %r<111>;
    .reg.b64  %rd<111>; .reg.f32 %f<111>; .reg.f64 %d<111>;
    .reg.pred %p <111>;

    ld.global.f32 %f4, [data+0];
    mov.b32 %f5, 0x38d1b717;
    max.ftz.f32 %f6, %f4, %f5;
    ld.param.f32 %f7, [params+0];
    mul.ftz.f32 %f8, %f6, %f7;
    ld.param.f32 %f9, [params+8];
    ld.param.f32 %f10, [params+4];
    mul.ftz.f32 %f11, %f6, %f10;
    mul.ftz.f32 %f12, %f8, %f8;
    fma.rn.ftz.f32 %f13, %f11, %f11, %f12;
    fma.rn.ftz.f32 %f14, %f9, %f9, %f13;
    rsqrt.approx.ftz.f32 %f15, %f14;
    mul.ftz.f32 %f16, %f8, %f15;
    mul.ftz.f32 %f17, %f11, %f15;
    mul.ftz.f32 %f18, %f17, %f17;
    fma.rn.ftz.f32 %f19, %f16, %f16, %f18;
    abs.f32 %f20, %f19;
    mov.b32 %f21, 0x34800000;
    setp.le.f32 %p22, %f20, %f21;
    mov.b32 %f23, 0x3f800000;
    rsqrt.approx.ftz.f32 %f24, %f19;
    mul.ftz.f32 %f25, %f16, %f24;
    min.ftz.f32 %f26, %f25, %f23;
    mov.b32 %f27, 0xbf800000;
    max.ftz.f32 %f28, %f26, %f27;
    selp.f32 %f29, %f23, %f28, %p22;
    mul.ftz.f32 %f30, %f9, %f15;
    mov.b32 %f31, 0x40000000;
    ld.param.f32 %f32, [params+16];
    fma.rn.ftz.f32 %f33, %f31, %f32, %f27;
    abs.f32 %f34, %f33;
    ld.param.f32 %f35, [params+20];
    fma.rn.ftz.f32 %f36, %f31, %f35, %f27;
    abs.f32 %f37, %f36;
    setp.lt.f32 %p38, %f34, %f37;
    selp.f32 %f39, %f36, %f33, %p38;
    mov.b32 %f40, 0x0;
    setp.eq.f32 %p41, %f33, %f40;
    setp.eq.f32 %p42, %f36, %f40;
    and.pred %p43, %p41, %p42;
    mov.b32 %f44, 0x3fc90fdb;
    mov.b32 %f45, 0x3f490fdb;
    selp.f32 %f46, %f33, %f36, %p38;
    mul.ftz.f32 %f47, %f45, %f46;
    div.approx.ftz.f32 %f48, %f47, %f39;
    sub.ftz.f32 %f49, %f44, %f48;
    selp.f32 %f50, %f49, %f48, %p38;
    selp.f32 %f51, %f40, %f50, %p43;
    sin.approx.ftz.f32 %f52, %f51;
    mul.ftz.f32 %f53, %f39, %f52;
    mov.b32 %f54, 0x3f000000;
    add.ftz.f32 %f55, %f23, %f30;
    mul.ftz.f32 %f56, %f54, %f55;
    cos.approx.ftz.f32 %f57, %f51;
    mul.ftz.f32 %f58, %f39, %f57;
    mul.ftz.f32 %f59, %f58, %f58;
    sub.ftz.f32 %f60, %f23, %f59;
    max.ftz.f32 %f61, %f60, %f40;
    sqrt.approx.ftz.f32 %f62, %f61;
    neg.ftz.f32 %f63, %f56;
    fma.rn.ftz.f32 %f64, %f62, %f63, %f62;
    fma.rn.ftz.f32 %f65, %f53, %f56, %f64;
    mul.ftz.f32 %f66, %f30, %f30;
    sub.ftz.f32 %f67, %f23, %f66;
    max.ftz.f32 %f68, %f67, %f40;
    sqrt.approx.ftz.f32 %f69, %f68;
    fma.rn.ftz.f32 %f70, %f65, %f65, %f59;
    sub.ftz.f32 %f71, %f23, %f70;
    max.ftz.f32 %f72, %f71, %f40;
    sqrt.approx.ftz.f32 %f73, %f72;
    mul.ftz.f32 %f74, %f69, %f73;
    neg.ftz.f32 %f75, %f74;
    fma.rn.ftz.f32 %f76, %f30, %f65, %f75;
    mul.ftz.f32 %f77, %f30, %f73;
    fma.rn.ftz.f32 %f78, %f69, %f65, %f77;
    rcp.approx.ftz.f32 %f79, %f78;
    mul.ftz.f32 %f80, %f76, %f79;
    mul.ftz.f32 %f81, %f17, %f24;
    min.ftz.f32 %f82, %f81, %f23;
    max.ftz.f32 %f83, %f82, %f27;
    selp.f32 %f84, %f40, %f83, %p22;
    mul.ftz.f32 %f85, %f58, %f79;
    mul.ftz.f32 %f86, %f84, %f85;
    neg.ftz.f32 %f87, %f86;
    fma.rn.ftz.f32 %f88, %f29, %f80, %f87;
    mul.ftz.f32 %f89, %f88, %f6;
    neg.ftz.f32 %f90, %f89;
    mul.ftz.f32 %f91, %f29, %f85;
    fma.rn.ftz.f32 %f92, %f84, %f80, %f91;
    mul.ftz.f32 %f93, %f92, %f6;
    neg.ftz.f32 %f94, %f93;
    mul.ftz.f32 %f95, %f90, %f90;
    fma.rn.ftz.f32 %f96, %f94, %f94, %f95;
    add.ftz.f32 %f97, %f23, %f96;
    rsqrt.approx.ftz.f32 %f98, %f97;
    mul.ftz.f32 %f99, %f90, %f98;
    mul.ftz.f32 %f100, %f94, %f98;
    mul.ftz.f32 %f101, %f7, %f99;
    fma.rn.ftz.f32 %f102, %f10, %f100, %f101;
    fma.rn.ftz.f32 %f103, %f9, %f98, %f102;
    mul.ftz.f32 %f104, %f31, %f103;
    neg.ftz.f32 %f105, %f7;
    fma.rn.ftz.f32 %f106, %f99, %f104, %f105;
    neg.ftz.f32 %f107, %f10;
    fma.rn.ftz.f32 %f108, %f100, %f104, %f107;
    neg.ftz.f32 %f109, %f9;
    fma.rn.ftz.f32 %f110, %f98, %f104, %f109;
    st.param.f32 [result+0], %f106;
    st.param.f32 [result+4], %f108;
    st.param.f32 [result+8], %f110;
    ret;
}

.visible .func (.param .align 4 .b8 result[40]) __direct_callable__7708b6595bd8f1cf89c9568c46c56990(.reg .u64 data, .param .align 4 .b8 params[32]) {
    // VCall: mitsuba::BSDF::sample()
    .reg.b8   %b <312>; .reg.b16 %w<312>; .reg.b32 %r<312>;
    .reg.b64  %rd<312>; .reg.f32 %f<312>; .reg.f64 %d<312>;
    .reg.pred %p <312>;

    ld.global.f32 %f4, [data+12];
    ld.global.f32 %f5, [data+16];
    ld.global.f32 %f6, [data+28];
    ld.global.f32 %f7, [data+32];
    ld.global.f32 %f8, [data+44];
    ld.global.f32 %f9, [data+48];
    ld.global.f32 %f10, [data+4];
    ld.global.f32 %f11, [data+8];
    ld.global.f32 %f12, [data+20];
    ld.global.f32 %f13, [data+24];
    ld.global.f32 %f14, [data+36];
    ld.global.f32 %f15, [data+40];
    ld.global.f32 %f16, [data+0];
    mov.b32 %f17, 0x38d1b717;
    max.ftz.f32 %f18, %f16, %f17;
    ld.param.f32 %f19, [params+8];
    mul.ftz.f32 %f20, %f18, %f19;
    ld.param.f32 %f21, [params+16];
    ld.param.f32 %f22, [params+12];
    mul.ftz.f32 %f23, %f18, %f22;
    mul.ftz.f32 %f24, %f20, %f20;
    fma.rn.ftz.f32 %f25, %f23, %f23, %f24;
    fma.rn.ftz.f32 %f26, %f21, %f21, %f25;
    rsqrt.approx.ftz.f32 %f27, %f26;
    mul.ftz.f32 %f28, %f20, %f27;
    mul.ftz.f32 %f29, %f23, %f27;
    mul.ftz.f32 %f30, %f29, %f29;
    fma.rn.ftz.f32 %f31, %f28, %f28, %f30;
    abs.f32 %f32, %f31;
    mov.b32 %f33, 0x34800000;
    setp.le.f32 %p34, %f32, %f33;
    mov.b32 %f35, 0x3f800000;
    rsqrt.approx.ftz.f32 %f36, %f31;
    mul.ftz.f32 %f37, %f28, %f36;
    min.ftz.f32 %f38, %f37, %f35;
    mov.b32 %f39, 0xbf800000;
    max.ftz.f32 %f40, %f38, %f39;
    selp.f32 %f41, %f35, %f40, %p34;
    mul.ftz.f32 %f42, %f21, %f27;
    mov.b32 %f43, 0x40000000;
    ld.param.f32 %f44, [params+24];
    fma.rn.ftz.f32 %f45, %f43, %f44, %f39;
    abs.f32 %f46, %f45;
    ld.param.f32 %f47, [params+28];
    fma.rn.ftz.f32 %f48, %f43, %f47, %f39;
    abs.f32 %f49, %f48;
    setp.lt.f32 %p50, %f46, %f49;
    selp.f32 %f51, %f48, %f45, %p50;
    mov.b32 %f52, 0x0;
    setp.eq.f32 %p53, %f45, %f52;
    setp.eq.f32 %p54, %f48, %f52;
    and.pred %p55, %p53, %p54;
    mov.b32 %f56, 0x3fc90fdb;
    mov.b32 %f57, 0x3f490fdb;
    selp.f32 %f58, %f45, %f48, %p50;
    mul.ftz.f32 %f59, %f57, %f58;
    div.approx.ftz.f32 %f60, %f59, %f51;
    sub.ftz.f32 %f61, %f56, %f60;
    selp.f32 %f62, %f61, %f60, %p50;
    selp.f32 %f63, %f52, %f62, %p55;
    sin.approx.ftz.f32 %f64, %f63;
    mul.ftz.f32 %f65, %f51, %f64;
    mov.b32 %f66, 0x3f000000;
    add.ftz.f32 %f67, %f35, %f42;
    mul.ftz.f32 %f68, %f66, %f67;
    cos.approx.ftz.f32 %f69, %f63;
    mul.ftz.f32 %f70, %f51, %f69;
    mul.ftz.f32 %f71, %f70, %f70;
    sub.ftz.f32 %f72, %f35, %f71;
    max.ftz.f32 %f73, %f72, %f52;
    sqrt.approx.ftz.f32 %f74, %f73;
    neg.ftz.f32 %f75, %f68;
    fma.rn.ftz.f32 %f76, %f74, %f75, %f74;
    fma.rn.ftz.f32 %f77, %f65, %f68, %f76;
    mul.ftz.f32 %f78, %f42, %f42;
    sub.ftz.f32 %f79, %f35, %f78;
    max.ftz.f32 %f80, %f79, %f52;
    sqrt.approx.ftz.f32 %f81, %f80;
    fma.rn.ftz.f32 %f82, %f77, %f77, %f71;
    sub.ftz.f32 %f83, %f35, %f82;
    max.ftz.f32 %f84, %f83, %f52;
    sqrt.approx.ftz.f32 %f85, %f84;
    mul.ftz.f32 %f86, %f81, %f85;
    neg.ftz.f32 %f87, %f86;
    fma.rn.ftz.f32 %f88, %f42, %f77, %f87;
    mul.ftz.f32 %f89, %f42, %f85;
    fma.rn.ftz.f32 %f90, %f81, %f77, %f89;
    rcp.approx.ftz.f32 %f91, %f90;
    mul.ftz.f32 %f92, %f88, %f91;
    mul.ftz.f32 %f93, %f29, %f36;
    min.ftz.f32 %f94, %f93, %f35;
    max.ftz.f32 %f95, %f94, %f39;
    selp.f32 %f96, %f52, %f95, %p34;
    mul.ftz.f32 %f97, %f70, %f91;
    mul.ftz.f32 %f98, %f96, %f97;
    neg.ftz.f32 %f99, %f98;
    fma.rn.ftz.f32 %f100, %f41, %f92, %f99;
    mul.ftz.f32 %f101, %f100, %f18;
    neg.ftz.f32 %f102, %f101;
    mul.ftz.f32 %f103, %f41, %f97;
    fma.rn.ftz.f32 %f104, %f96, %f92, %f103;
    mul.ftz.f32 %f105, %f104, %f18;
    neg.ftz.f32 %f106, %f105;
    mul.ftz.f32 %f107, %f102, %f102;
    fma.rn.ftz.f32 %f108, %f106, %f106, %f107;
    add.ftz.f32 %f109, %f35, %f108;
    rsqrt.approx.ftz.f32 %f110, %f109;
    mul.ftz.f32 %f111, %f102, %f110;
    mul.ftz.f32 %f112, %f106, %f110;
    mul.ftz.f32 %f113, %f19, %f111;
    fma.rn.ftz.f32 %f114, %f22, %f112, %f113;
    fma.rn.ftz.f32 %f115, %f21, %f110, %f114;
    mul.ftz.f32 %f116, %f43, %f115;
    neg.ftz.f32 %f117, %f19;
    fma.rn.ftz.f32 %f118, %f111, %f116, %f117;
    neg.ftz.f32 %f119, %f22;
    fma.rn.ftz.f32 %f120, %f112, %f116, %f119;
    neg.ftz.f32 %f121, %f21;
    fma.rn.ftz.f32 %f122, %f110, %f116, %f121;
    mov.b32 %f123, 0x40490fdb;
    mul.ftz.f32 %f124, %f18, %f18;
    mul.ftz.f32 %f125, %f123, %f124;
    div.approx.ftz.f32 %f126, %f111, %f18;
    mul.ftz.f32 %f127, %f126, %f126;
    div.approx.ftz.f32 %f128, %f112, %f18;
    mul.ftz.f32 %f129, %f128, %f128;
    add.ftz.f32 %f130, %f127, %f129;
    mul.ftz.f32 %f131, %f110, %f110;
    add.ftz.f32 %f132, %f130, %f131;
    mul.ftz.f32 %f133, %f132, %f132;
    mul.ftz.f32 %f134, %f125, %f133;
    rcp.approx.ftz.f32 %f135, %f134;
    mul.ftz.f32 %f136, %f135, %f110;
    mov.b32 %f137, 0x1e3ce508;
    setp.gt.f32 %p138, %f136, %f137;
    selp.f32 %f139, %f135, %f52, %p138;
    mul.ftz.f32 %f140, %f115, %f21;
    setp.le.f32 %p141, %f140, %f52;
    mul.ftz.f32 %f142, %f23, %f23;
    add.ftz.f32 %f143, %f24, %f142;
    setp.eq.f32 %p144, %f143, %f52;
    mul.ftz.f32 %f145, %f21, %f21;
    div.approx.ftz.f32 %f146, %f143, %f145;
    add.ftz.f32 %f147, %f35, %f146;
    sqrt.approx.ftz.f32 %f148, %f147;
    add.ftz.f32 %f149, %f35, %f148;
    div.approx.ftz.f32 %f150, %f43, %f149;
    selp.f32 %f151, %f35, %f150, %p144;
    selp.f32 %f152, %f52, %f151, %p141;
    mul.ftz.f32 %f153, %f139, %f152;
    abs.f32 %f154, %f115;
    mul.ftz.f32 %f155, %f153, %f154;
    div.approx.ftz.f32 %f156, %f155, %f21;
    mov.b32 %f157, 0x40800000;
    mul.ftz.f32 %f158, %f118, %f111;
    fma.rn.ftz.f32 %f159, %f120, %f112, %f158;
    fma.rn.ftz.f32 %f160, %f122, %f110, %f159;
    mul.ftz.f32 %f161, %f157, %f160;
    div.approx.ftz.f32 %f162, %f156, %f161;
    mov.b32 %r163, 0x8;
    mov.b32 %r164, 0x0;
    mul.ftz.f32 %f165, %f10, %f10;
    mul.ftz.f32 %f166, %f11, %f11;
    sub.ftz.f32 %f167, %f165, %f166;
    mul.ftz.f32 %f168, %f115, %f115;
    sub.ftz.f32 %f169, %f35, %f168;
    sub.ftz.f32 %f170, %f167, %f169;
    mul.ftz.f32 %f171, %f170, %f170;
    mul.ftz.f32 %f172, %f157, %f11;
    mul.ftz.f32 %f173, %f172, %f11;
    mul.ftz.f32 %f174, %f173, %f10;
    mul.ftz.f32 %f175, %f174, %f10;
    add.ftz.f32 %f176, %f171, %f175;
    max.ftz.f32 %f177, %f176, %f52;
    sqrt.approx.ftz.f32 %f178, %f177;
    add.ftz.f32 %f179, %f178, %f168;
    add.ftz.f32 %f180, %f178, %f170;
    mul.ftz.f32 %f181, %f66, %f180;
    max.ftz.f32 %f182, %f181, %f52;
    sqrt.approx.ftz.f32 %f183, %f182;
    mul.ftz.f32 %f184, %f116, %f183;
    sub.ftz.f32 %f185, %f179, %f184;
    add.ftz.f32 %f186, %f179, %f184;
    div.approx.ftz.f32 %f187, %f185, %f186;
    mul.ftz.f32 %f188, %f178, %f168;
    mul.ftz.f32 %f189, %f169, %f169;
    add.ftz.f32 %f190, %f188, %f189;
    mul.ftz.f32 %f191, %f184, %f169;
    sub.ftz.f32 %f192, %f190, %f191;
    mul.ftz.f32 %f193, %f187, %f192;
    add.ftz.f32 %f194, %f190, %f191;
    div.approx.ftz.f32 %f195, %f193, %f194;
    add.ftz.f32 %f196, %f187, %f195;
    mul.ftz.f32 %f197, %f66, %f196;
    mul.ftz.f32 %f198, %f160, %f122;
    setp.le.f32 %p199, %f198, %f52;
    mul.ftz.f32 %f200, %f18, %f118;
    mul.ftz.f32 %f201, %f200, %f200;
    mul.ftz.f32 %f202, %f18, %f120;
    mul.ftz.f32 %f203, %f202, %f202;
    add.ftz.f32 %f204, %f201, %f203;
    setp.eq.f32 %p205, %f204, %f52;
    mul.ftz.f32 %f206, %f122, %f122;
    div.approx.ftz.f32 %f207, %f204, %f206;
    add.ftz.f32 %f208, %f35, %f207;
    sqrt.approx.ftz.f32 %f209, %f208;
    add.ftz.f32 %f210, %f35, %f209;
    div.approx.ftz.f32 %f211, %f43, %f210;
    selp.f32 %f212, %f35, %f211, %p205;
    selp.f32 %f213, %f52, %f212, %p199;
    ld.param.f32 %f214, [params+4];
    mov.b32 %f215, 0x41a00000;
    ld.param.f32 %f216, [params+0];
    mul.ftz.f32 %f217, %f215, %f216;
    fma.rn.ftz.f32 %f218, %f52, %f214, %f217;
    cvt.rmi.f32.f32 %f219, %f218;
    sub.ftz.f32 %f220, %f218, %f219;
    setp.gt.f32 %p221, %f220, %f66;
    mov.b32 %f222, 0x42a00000;
    mul.ftz.f32 %f223, %f52, %f216;
    fma.rn.ftz.f32 %f224, %f222, %f214, %f223;
    cvt.rmi.f32.f32 %f225, %f224;
    sub.ftz.f32 %f226, %f224, %f225;
    setp.gt.f32 %p227, %f226, %f66;
    xor.pred %p228, %p221, %p227;
    not.pred %p228, %p228;    not.pred %p229, %p228;
    setp.gt.f32 %p230, %f21, %f52;
    setp.ne.f32 %p231, %f156, %f52;
    setp.gt.f32 %p232, %f122, %f52;
    and.pred %p233, %p231, %p232;
    and.pred %p234, %p230, %p233;
    and.pred %p235, %p229, %p234;
    and.pred %p236, %p228, %p234;
    selp.f32 %f237, %f5, %f52, %p236;
    selp.f32 %f238, %f4, %f237, %p235;
    mul.ftz.f32 %f239, %f213, %f238;
    mul.ftz.f32 %f240, %f197, %f239;
    selp.b32 %f241, %f240, 0, %p234;
    mul.ftz.f32 %f242, %f12, %f12;
    mul.ftz.f32 %f243, %f13, %f13;
    sub.ftz.f32 %f244, %f242, %f243;
    sub.ftz.f32 %f245, %f244, %f169;
    mul.ftz.f32 %f246, %f245, %f245;
    mul.ftz.f32 %f247, %f157, %f13;
    mul.ftz.f32 %f248, %f247, %f13;
    mul.ftz.f32 %f249, %f248, %f12;
    mul.ftz.f32 %f250, %f249, %f12;
    add.ftz.f32 %f251, %f246, %f250;
    max.ftz.f32 %f252, %f251, %f52;
    sqrt.approx.ftz.f32 %f253, %f252;
    add.ftz.f32 %f254, %f253, %f168;
    add.ftz.f32 %f255, %f253, %f245;
    mul.ftz.f32 %f256, %f66, %f255;
    max.ftz.f32 %f257, %f256, %f52;
    sqrt.approx.ftz.f32 %f258, %f257;
    mul.ftz.f32 %f259, %f116, %f258;
    sub.ftz.f32 %f260, %f254, %f259;
    add.ftz.f32 %f261, %f254, %f259;
    div.approx.ftz.f32 %f262, %f260, %f261;
    mul.ftz.f32 %f263, %f253, %f168;
    add.ftz.f32 %f264, %f263, %f189;
    mul.ftz.f32 %f265, %f259, %f169;
    sub.ftz.f32 %f266, %f264, %f265;
    mul.ftz.f32 %f267, %f262, %f266;
    add.ftz.f32 %f268, %f264, %f265;
    div.approx.ftz.f32 %f269, %f267, %f268;
    add.ftz.f32 %f270, %f262, %f269;
    mul.ftz.f32 %f271, %f66, %f270;
    selp.f32 %f272, %f7, %f52, %p236;
    selp.f32 %f273, %f6, %f272, %p235;
    mul.ftz.f32 %f274, %f213, %f273;
    mul.ftz.f32 %f275, %f271, %f274;
    selp.b32 %f276, %f275, 0, %p234;
    mul.ftz.f32 %f277, %f14, %f14;
    mul.ftz.f32 %f278, %f15, %f15;
    sub.ftz.f32 %f279, %f277, %f278;
    sub.ftz.f32 %f280, %f279, %f169;
    mul.ftz.f32 %f281, %f280, %f280;
    mul.ftz.f32 %f282, %f157, %f15;
    mul.ftz.f32 %f283, %f282, %f15;
    mul.ftz.f32 %f284, %f283, %f14;
    mul.ftz.f32 %f285, %f284, %f14;
    add.ftz.f32 %f286, %f281, %f285;
    max.ftz.f32 %f287, %f286, %f52;
    sqrt.approx.ftz.f32 %f288, %f287;
    add.ftz.f32 %f289, %f288, %f168;
    add.ftz.f32 %f290, %f288, %f280;
    mul.ftz.f32 %f291, %f66, %f290;
    max.ftz.f32 %f292, %f291, %f52;
    sqrt.approx.ftz.f32 %f293, %f292;
    mul.ftz.f32 %f294, %f116, %f293;
    sub.ftz.f32 %f295, %f289, %f294;
    add.ftz.f32 %f296, %f289, %f294;
    div.approx.ftz.f32 %f297, %f295, %f296;
    mul.ftz.f32 %f298, %f288, %f168;
    add.ftz.f32 %f299, %f298, %f189;
    mul.ftz.f32 %f300, %f294, %f169;
    sub.ftz.f32 %f301, %f299, %f300;
    mul.ftz.f32 %f302, %f297, %f301;
    add.ftz.f32 %f303, %f299, %f300;
    div.approx.ftz.f32 %f304, %f302, %f303;
    add.ftz.f32 %f305, %f297, %f304;
    mul.ftz.f32 %f306, %f66, %f305;
    selp.f32 %f307, %f9, %f52, %p236;
    selp.f32 %f308, %f8, %f307, %p235;
    mul.ftz.f32 %f309, %f213, %f308;
    mul.ftz.f32 %f310, %f306, %f309;
    selp.b32 %f311, %f310, 0, %p234;
    st.param.f32 [result+0], %f118;
    st.param.f32 [result+4], %f120;
    st.param.f32 [result+8], %f122;
    st.param.f32 [result+12], %f162;
    st.param.f32 [result+16], %f35;
    st.param.u32 [result+20], %r163;
    st.param.u32 [result+24], %r164;
    st.param.f32 [result+28], %f241;
    st.param.f32 [result+32], %f276;
    st.param.f32 [result+36], %f311;
    ret;
}

.visible .func (.param .align 4 .b8 result[12]) __direct_callable__802333739527ac2c145adb6cbe510e42(.reg .u64 data, .param .align 4 .b8 params[24]) {
    // VCall: mitsuba::BSDF::sample()
    .reg.b8   %b <438>; .reg.b16 %w<438>; .reg.b32 %r<438>;
    .reg.b64  %rd<438>; .reg.f32 %f<438>; .reg.f64 %d<438>;
    .reg.pred %p <438>;

    ld.global.f32 %f4, [data+0];
    mov.b32 %f5, 0x38d1b717;
    max.ftz.f32 %f6, %f4, %f5;
    ld.param.f32 %f7, [params+0];
    mul.ftz.f32 %f8, %f6, %f7;
    ld.param.f32 %f9, [params+8];
    ld.param.f32 %f10, [params+4];
    mul.ftz.f32 %f11, %f6, %f10;
    mul.ftz.f32 %f12, %f8, %f8;
    fma.rn.ftz.f32 %f13, %f11, %f11, %f12;
    fma.rn.ftz.f32 %f14, %f9, %f9, %f13;
    rsqrt.approx.ftz.f32 %f15, %f14;
    mul.ftz.f32 %f16, %f8, %f15;
    mul.ftz.f32 %f17, %f11, %f15;
    mul.ftz.f32 %f18, %f17, %f17;
    fma.rn.ftz.f32 %f19, %f16, %f16, %f18;
    abs.f32 %f20, %f19;
    mov.b32 %f21, 0x34800000;
    setp.le.f32 %p22, %f20, %f21;
    mov.b32 %f23, 0x3f800000;
    rsqrt.approx.ftz.f32 %f24, %f19;
    mul.ftz.f32 %f25, %f16, %f24;
    min.ftz.f32 %f26, %f25, %f23;
    mov.b32 %f27, 0xbf800000;
    max.ftz.f32 %f28, %f26, %f27;
    selp.f32 %f29, %f23, %f28, %p22;
    mul.ftz.f32 %f30, %f9, %f15;
    neg.ftz.f32 %f31, %f30;
    fma.rn.ftz.f32 %f32, %f30, %f31, %f23;
    mov.b32 %f33, 0x0;
    max.ftz.f32 %f34, %f32, %f33;
    sqrt.approx.ftz.f32 %f35, %f34;
    div.approx.ftz.f32 %f36, %f35, %f30;
    rcp.approx.ftz.f32 %f37, %f36;
    abs.f32 %f38, %f37;
    setp.lt.f32 %p39, %f38, %f23;
    mul.ftz.f32 %f40, %f37, %f37;
    mul.ftz.f32 %f41, %f40, %f40;
    mul.ftz.f32 %f42, %f41, %f41;
    mul.ftz.f32 %f43, %f42, %f42;
    mov.b32 %f44, 0xb055d725;
    mov.b32 %f45, 0x326b8d88;
    fma.rn.ftz.f32 %f46, %f40, %f44, %f45;
    mov.b32 %f47, 0xb42e0393;
    mov.b32 %f48, 0x35dcbfea;
    fma.rn.ftz.f32 %f49, %f40, %f47, %f48;
    fma.rn.ftz.f32 %f50, %f41, %f46, %f49;
    mov.b32 %f51, 0xb77a6527;
    mov.b32 %f52, 0x38fcd15d;
    fma.rn.ftz.f32 %f53, %f40, %f51, %f52;
    mov.b32 %f54, 0xba6016d8;
    mov.b32 %f55, 0x3bab2de6;
    fma.rn.ftz.f32 %f56, %f40, %f54, %f55;
    fma.rn.ftz.f32 %f57, %f41, %f53, %f56;
    mov.b32 %f58, 0xbcdc1672;
    mov.b32 %f59, 0x3de71791;
    fma.rn.ftz.f32 %f60, %f40, %f58, %f59;
    mov.b32 %f61, 0xbec093a3;
    mov.b32 %f62, 0x3f906ebb;
    fma.rn.ftz.f32 %f63, %f40, %f61, %f62;
    fma.rn.ftz.f32 %f64, %f41, %f60, %f63;
    fma.rn.ftz.f32 %f65, %f42, %f57, %f64;
    fma.rn.ftz.f32 %f66, %f43, %f50, %f65;
    mul.ftz.f32 %f67, %f37, %f66;
    mul.ftz.f32 %f68, %f38, %f38;
    mul.ftz.f32 %f69, %f68, %f68;
    mov.b32 %f70, 0xb9cd1e1c;
    mov.b32 %f71, 0xbc327bfe;
    fma.rn.ftz.f32 %f72, %f38, %f70, %f71;
    mov.b32 %f73, 0xbdce6dbf;
    mov.b32 %f74, 0xbefd92d0;
    fma.rn.ftz.f32 %f75, %f38, %f73, %f74;
    fma.rn.ftz.f32 %f76, %f68, %f72, %f75;
    mov.b32 %f77, 0xbfbda45c;
    mov.b32 %f78, 0xc031cf5c;
    fma.rn.ftz.f32 %f79, %f38, %f77, %f78;
    mov.b32 %f80, 0xc045d94b;
    mov.b32 %f81, 0xbfd05f42;
    fma.rn.ftz.f32 %f82, %f38, %f80, %f81;
    fma.rn.ftz.f32 %f83, %f68, %f79, %f82;
    fma.rn.ftz.f32 %f84, %f69, %f76, %f83;
    mov.b32 %f85, 0xb001e898;
    mov.b32 %f86, 0x398e350d;
    fma.rn.ftz.f32 %f87, %f38, %f85, %f86;
    mov.b32 %f88, 0x3bf73fc8;
    mov.b32 %f89, 0x3d8c7442;
    fma.rn.ftz.f32 %f90, %f38, %f88, %f89;
    fma.rn.ftz.f32 %f91, %f68, %f87, %f90;
    mov.b32 %f92, 0x3ea34427;
    mov.b32 %f93, 0x3f5ccc80;
    fma.rn.ftz.f32 %f94, %f38, %f92, %f93;
    mov.b32 %f95, 0x3faadae8;
    fma.rn.ftz.f32 %f96, %f38, %f95, %f23;
    fma.rn.ftz.f32 %f97, %f68, %f94, %f96;
    fma.rn.ftz.f32 %f98, %f69, %f91, %f97;
    div.approx.ftz.f32 %f99, %f84, %f98;
    mul.ftz.f32 %f100, %f99, %f38;
    ex2.approx.ftz.f32 %f101, %f100;
    sub.ftz.f32 %f102, %f23, %f101;
    abs.f32 %f103, %f102;
    mov.b32 %f104, 0x7f800000;
    setp.lt.f32 %p105, %f103, %f104;
    selp.f32 %f106, %f102, %f23, %p105;
    abs.f32 %f107, %f106;
    mov.b32 %f108, 0x80000000;
    and.b32 %f109, %f108, %f37;
    or.b32 %f110, %f107, %f109;
    selp.f32 %f111, %f67, %f110, %p39;
    add.ftz.f32 %f112, %f111, %f23;
    ld.param.f32 %f113, [params+16];
    mov.b32 %f114, 0x3f7fffef;
    min.ftz.f32 %f115, %f113, %f114;
    mov.b32 %f116, 0x358637bd;
    max.ftz.f32 %f117, %f115, %f116;
    lg2.approx.ftz.f32 %f118, %f117;
    mov.b32 %f119, 0x3f317218;
    mul.ftz.f32 %f120, %f118, %f119;
    neg.ftz.f32 %f121, %f120;
    sqrt.approx.ftz.f32 %f122, %f121;
    abs.f32 %f123, %f122;
    setp.lt.f32 %p124, %f123, %f23;
    mul.ftz.f32 %f125, %f122, %f122;
    mul.ftz.f32 %f126, %f125, %f125;
    mul.ftz.f32 %f127, %f126, %f126;
    mul.ftz.f32 %f128, %f127, %f127;
    fma.rn.ftz.f32 %f129, %f125, %f44, %f45;
    fma.rn.ftz.f32 %f130, %f125, %f47, %f48;
    fma.rn.ftz.f32 %f131, %f126, %f129, %f130;
    fma.rn.ftz.f32 %f132, %f125, %f51, %f52;
    fma.rn.ftz.f32 %f133, %f125, %f54, %f55;
    fma.rn.ftz.f32 %f134, %f126, %f132, %f133;
    fma.rn.ftz.f32 %f135, %f125, %f58, %f59;
    fma.rn.ftz.f32 %f136, %f125, %f61, %f62;
    fma.rn.ftz.f32 %f137, %f126, %f135, %f136;
    fma.rn.ftz.f32 %f138, %f127, %f134, %f137;
    fma.rn.ftz.f32 %f139, %f128, %f131, %f138;
    mul.ftz.f32 %f140, %f122, %f139;
    mul.ftz.f32 %f141, %f123, %f123;
    mul.ftz.f32 %f142, %f141, %f141;
    fma.rn.ftz.f32 %f143, %f123, %f70, %f71;
    fma.rn.ftz.f32 %f144, %f123, %f73, %f74;
    fma.rn.ftz.f32 %f145, %f141, %f143, %f144;
    fma.rn.ftz.f32 %f146, %f123, %f77, %f78;
    fma.rn.ftz.f32 %f147, %f123, %f80, %f81;
    fma.rn.ftz.f32 %f148, %f141, %f146, %f147;
    fma.rn.ftz.f32 %f149, %f142, %f145, %f148;
    fma.rn.ftz.f32 %f150, %f123, %f85, %f86;
    fma.rn.ftz.f32 %f151, %f123, %f88, %f89;
    fma.rn.ftz.f32 %f152, %f141, %f150, %f151;
    fma.rn.ftz.f32 %f153, %f123, %f92, %f93;
    fma.rn.ftz.f32 %f154, %f123, %f95, %f23;
    fma.rn.ftz.f32 %f155, %f141, %f153, %f154;
    fma.rn.ftz.f32 %f156, %f142, %f152, %f155;
    div.approx.ftz.f32 %f157, %f149, %f156;
    mul.ftz.f32 %f158, %f157, %f123;
    ex2.approx.ftz.f32 %f159, %f158;
    sub.ftz.f32 %f160, %f23, %f159;
    abs.f32 %f161, %f160;
    setp.lt.f32 %p162, %f161, %f104;
    selp.f32 %f163, %f160, %f23, %p162;
    abs.f32 %f164, %f163;
    and.b32 %f165, %f108, %f122;
    or.b32 %f166, %f164, %f165;
    selp.f32 %f167, %f140, %f166, %p124;
    mul.ftz.f32 %f168, %f112, %f167;
    sub.ftz.f32 %f169, %f111, %f168;
    add.ftz.f32 %f170, %f23, %f169;
    mov.b32 %f171, 0x3f106ebb;
    mul.ftz.f32 %f172, %f171, %f36;
    mov.b32 %f173, 0x3fb8aa3b;
    sub.ftz.f32 %f174, %f23, %f169;
    mul.ftz.f32 %f175, %f174, %f170;
    lg2.approx.ftz.f32 %f176, %f175;
    mul.ftz.f32 %f177, %f176, %f119;
    neg.ftz.f32 %f178, %f177;
    mov.b32 %f179, 0x40a00000;
    setp.lt.f32 %p180, %f178, %f179;
    mov.b32 %f181, 0x40200000;
    sub.ftz.f32 %f182, %f178, %f181;
    mul.ftz.f32 %f183, %f182, %f182;
    mul.ftz.f32 %f184, %f183, %f183;
    mul.ftz.f32 %f185, %f184, %f184;
    mov.b32 %f186, 0x32f16588;
    mov.b32 %f187, 0x34b84b36;
    mov.b32 %f188, 0xb66c7357;
    fma.rn.ftz.f32 %f189, %f182, %f187, %f188;
    mov.b32 %f190, 0xb6935ac1;
    mov.b32 %f191, 0x396532db;
    fma.rn.ftz.f32 %f192, %f182, %f190, %f191;
    fma.rn.ftz.f32 %f193, %f183, %f189, %f192;
    mov.b32 %f194, 0xbaa45408;
    mov.b32 %f195, 0xbb88e4ef;
    fma.rn.ftz.f32 %f196, %f182, %f194, %f195;
    mov.b32 %f197, 0x3e7c8f63;
    mov.b32 %f198, 0x3fc02e2f;
    fma.rn.ftz.f32 %f199, %f182, %f197, %f198;
    fma.rn.ftz.f32 %f200, %f183, %f196, %f199;
    fma.rn.ftz.f32 %f201, %f184, %f193, %f200;
    fma.rn.ftz.f32 %f202, %f185, %f186, %f201;
    sqrt.approx.ftz.f32 %f203, %f178;
    mov.b32 %f204, 0x40400000;
    sub.ftz.f32 %f205, %f203, %f204;
    mul.ftz.f32 %f206, %f205, %f205;
    mul.ftz.f32 %f207, %f206, %f206;
    mul.ftz.f32 %f208, %f207, %f207;
    mov.b32 %f209, 0xb951f09b;
    mov.b32 %f210, 0x38d3b56b;
    mov.b32 %f211, 0x3ab0dc72;
    fma.rn.ftz.f32 %f212, %f205, %f210, %f211;
    mov.b32 %f213, 0xbb70bde7;
    mov.b32 %f214, 0x3bbc127b;
    fma.rn.ftz.f32 %f215, %f205, %f213, %f214;
    fma.rn.ftz.f32 %f216, %f206, %f212, %f215;
    mov.b32 %f217, 0xbbf9c5d7;
    mov.b32 %f218, 0x3c1aa57e;
    fma.rn.ftz.f32 %f219, %f205, %f217, %f218;
    mov.b32 %f220, 0x3f8036db;
    mov.b32 %f221, 0x40354f7e;
    fma.rn.ftz.f32 %f222, %f205, %f220, %f221;
    fma.rn.ftz.f32 %f223, %f206, %f219, %f222;
    fma.rn.ftz.f32 %f224, %f207, %f216, %f223;
    fma.rn.ftz.f32 %f225, %f208, %f209, %f224;
    selp.f32 %f226, %f202, %f225, %p180;
    mul.ftz.f32 %f227, %f226, %f169;
    mul.ftz.f32 %f228, %f227, %f227;
    neg.ftz.f32 %f229, %f228;
    mul.ftz.f32 %f230, %f173, %f229;
    ex2.approx.ftz.f32 %f231, %f230;
    mul.ftz.f32 %f232, %f172, %f231;
    add.ftz.f32 %f233, %f170, %f232;
    add.ftz.f32 %f234, %f23, %f111;
    neg.ftz.f32 %f235, %f40;
    mul.ftz.f32 %f236, %f173, %f235;
    ex2.approx.ftz.f32 %f237, %f236;
    mul.ftz.f32 %f238, %f172, %f237;
    add.ftz.f32 %f239, %f234, %f238;
    mul.ftz.f32 %f240, %f117, %f239;
    sub.ftz.f32 %f241, %f233, %f240;
    mul.ftz.f32 %f242, %f227, %f36;
    sub.ftz.f32 %f243, %f23, %f242;
    div.approx.ftz.f32 %f244, %f241, %f243;
    sub.ftz.f32 %f245, %f169, %f244;
    add.ftz.f32 %f246, %f23, %f245;
    sub.ftz.f32 %f247, %f23, %f245;
    mul.ftz.f32 %f248, %f247, %f246;
    lg2.approx.ftz.f32 %f249, %f248;
    mul.ftz.f32 %f250, %f249, %f119;
    neg.ftz.f32 %f251, %f250;
    setp.lt.f32 %p252, %f251, %f179;
    sub.ftz.f32 %f253, %f251, %f181;
    mul.ftz.f32 %f254, %f253, %f253;
    mul.ftz.f32 %f255, %f254, %f254;
    mul.ftz.f32 %f256, %f255, %f255;
    fma.rn.ftz.f32 %f257, %f253, %f187, %f188;
    fma.rn.ftz.f32 %f258, %f253, %f190, %f191;
    fma.rn.ftz.f32 %f259, %f254, %f257, %f258;
    fma.rn.ftz.f32 %f260, %f253, %f194, %f195;
    fma.rn.ftz.f32 %f261, %f253, %f197, %f198;
    fma.rn.ftz.f32 %f262, %f254, %f260, %f261;
    fma.rn.ftz.f32 %f263, %f255, %f259, %f262;
    fma.rn.ftz.f32 %f264, %f256, %f186, %f263;
    sqrt.approx.ftz.f32 %f265, %f251;
    sub.ftz.f32 %f266, %f265, %f204;
    mul.ftz.f32 %f267, %f266, %f266;
    mul.ftz.f32 %f268, %f267, %f267;
    mul.ftz.f32 %f269, %f268, %f268;
    fma.rn.ftz.f32 %f270, %f266, %f210, %f211;
    fma.rn.ftz.f32 %f271, %f266, %f213, %f214;
    fma.rn.ftz.f32 %f272, %f267, %f270, %f271;
    fma.rn.ftz.f32 %f273, %f266, %f217, %f218;
    fma.rn.ftz.f32 %f274, %f266, %f220, %f221;
    fma.rn.ftz.f32 %f275, %f267, %f273, %f274;
    fma.rn.ftz.f32 %f276, %f268, %f272, %f275;
    fma.rn.ftz.f32 %f277, %f269, %f209, %f276;
    selp.f32 %f278, %f264, %f277, %p252;
    mul.ftz.f32 %f279, %f278, %f245;
    mul.ftz.f32 %f280, %f279, %f279;
    neg.ftz.f32 %f281, %f280;
    mul.ftz.f32 %f282, %f173, %f281;
    ex2.approx.ftz.f32 %f283, %f282;
    mul.ftz.f32 %f284, %f172, %f283;
    add.ftz.f32 %f285, %f246, %f284;
    sub.ftz.f32 %f286, %f285, %f240;
    mul.ftz.f32 %f287, %f279, %f36;
    sub.ftz.f32 %f288, %f23, %f287;
    div.approx.ftz.f32 %f289, %f286, %f288;
    sub.ftz.f32 %f290, %f245, %f289;
    add.ftz.f32 %f291, %f23, %f290;
    sub.ftz.f32 %f292, %f23, %f290;
    mul.ftz.f32 %f293, %f292, %f291;
    lg2.approx.ftz.f32 %f294, %f293;
    mul.ftz.f32 %f295, %f294, %f119;
    neg.ftz.f32 %f296, %f295;
    setp.lt.f32 %p297, %f296, %f179;
    sub.ftz.f32 %f298, %f296, %f181;
    mul.ftz.f32 %f299, %f298, %f298;
    mul.ftz.f32 %f300, %f299, %f299;
    mul.ftz.f32 %f301, %f300, %f300;
    fma.rn.ftz.f32 %f302, %f298, %f187, %f188;
    fma.rn.ftz.f32 %f303, %f298, %f190, %f191;
    fma.rn.ftz.f32 %f304, %f299, %f302, %f303;
    fma.rn.ftz.f32 %f305, %f298, %f194, %f195;
    fma.rn.ftz.f32 %f306, %f298, %f197, %f198;
    fma.rn.ftz.f32 %f307, %f299, %f305, %f306;
    fma.rn.ftz.f32 %f308, %f300, %f304, %f307;
    fma.rn.ftz.f32 %f309, %f301, %f186, %f308;
    sqrt.approx.ftz.f32 %f310, %f296;
    sub.ftz.f32 %f311, %f310, %f204;
    mul.ftz.f32 %f312, %f311, %f311;
    mul.ftz.f32 %f313, %f312, %f312;
    mul.ftz.f32 %f314, %f313, %f313;
    fma.rn.ftz.f32 %f315, %f311, %f210, %f211;
    fma.rn.ftz.f32 %f316, %f311, %f213, %f214;
    fma.rn.ftz.f32 %f317, %f312, %f315, %f316;
    fma.rn.ftz.f32 %f318, %f311, %f217, %f218;
    fma.rn.ftz.f32 %f319, %f311, %f220, %f221;
    fma.rn.ftz.f32 %f320, %f312, %f318, %f319;
    fma.rn.ftz.f32 %f321, %f313, %f317, %f320;
    fma.rn.ftz.f32 %f322, %f314, %f209, %f321;
    selp.f32 %f323, %f309, %f322, %p297;
    mul.ftz.f32 %f324, %f323, %f290;
    mul.ftz.f32 %f325, %f324, %f324;
    neg.ftz.f32 %f326, %f325;
    mul.ftz.f32 %f327, %f173, %f326;
    ex2.approx.ftz.f32 %f328, %f327;
    mul.ftz.f32 %f329, %f172, %f328;
    add.ftz.f32 %f330, %f291, %f329;
    sub.ftz.f32 %f331, %f330, %f240;
    mul.ftz.f32 %f332, %f324, %f36;
    sub.ftz.f32 %f333, %f23, %f332;
    div.approx.ftz.f32 %f334, %f331, %f333;
    sub.ftz.f32 %f335, %f290, %f334;
    sub.ftz.f32 %f336, %f23, %f335;
    add.ftz.f32 %f337, %f23, %f335;
    mul.ftz.f32 %f338, %f336, %f337;
    lg2.approx.ftz.f32 %f339, %f338;
    mul.ftz.f32 %f340, %f339, %f119;
    neg.ftz.f32 %f341, %f340;
    setp.lt.f32 %p342, %f341, %f179;
    sub.ftz.f32 %f343, %f341, %f181;
    mul.ftz.f32 %f344, %f343, %f343;
    mul.ftz.f32 %f345, %f344, %f344;
    mul.ftz.f32 %f346, %f345, %f345;
    fma.rn.ftz.f32 %f347, %f343, %f187, %f188;
    fma.rn.ftz.f32 %f348, %f343, %f190, %f191;
    fma.rn.ftz.f32 %f349, %f344, %f347, %f348;
    fma.rn.ftz.f32 %f350, %f343, %f194, %f195;
    fma.rn.ftz.f32 %f351, %f343, %f197, %f198;
    fma.rn.ftz.f32 %f352, %f344, %f350, %f351;
    fma.rn.ftz.f32 %f353, %f345, %f349, %f352;
    fma.rn.ftz.f32 %f354, %f346, %f186, %f353;
    sqrt.approx.ftz.f32 %f355, %f341;
    sub.ftz.f32 %f356, %f355, %f204;
    mul.ftz.f32 %f357, %f356, %f356;
    mul.ftz.f32 %f358, %f357, %f357;
    mul.ftz.f32 %f359, %f358, %f358;
    fma.rn.ftz.f32 %f360, %f356, %f210, %f211;
    fma.rn.ftz.f32 %f361, %f356, %f213, %f214;
    fma.rn.ftz.f32 %f362, %f357, %f360, %f361;
    fma.rn.ftz.f32 %f363, %f356, %f217, %f218;
    fma.rn.ftz.f32 %f364, %f356, %f220, %f221;
    fma.rn.ftz.f32 %f365, %f357, %f363, %f364;
    fma.rn.ftz.f32 %f366, %f358, %f362, %f365;
    fma.rn.ftz.f32 %f367, %f359, %f209, %f366;
    selp.f32 %f368, %f354, %f367, %p342;
    mul.ftz.f32 %f369, %f368, %f335;
    mul.ftz.f32 %f370, %f17, %f24;
    min.ftz.f32 %f371, %f370, %f23;
    max.ftz.f32 %f372, %f371, %f27;
    selp.f32 %f373, %f33, %f372, %p22;
    mov.b32 %f374, 0x40000000;
    ld.param.f32 %f375, [params+20];
    min.ftz.f32 %f376, %f375, %f114;
    max.ftz.f32 %f377, %f376, %f116;
    fma.rn.ftz.f32 %f378, %f374, %f377, %f27;
    sub.ftz.f32 %f379, %f23, %f378;
    add.ftz.f32 %f380, %f23, %f378;
    mul.ftz.f32 %f381, %f379, %f380;
    lg2.approx.ftz.f32 %f382, %f381;
    mul.ftz.f32 %f383, %f382, %f119;
    neg.ftz.f32 %f384, %f383;
    setp.lt.f32 %p385, %f384, %f179;
    sub.ftz.f32 %f386, %f384, %f181;
    mul.ftz.f32 %f387, %f386, %f386;
    mul.ftz.f32 %f388, %f387, %f387;
    mul.ftz.f32 %f389, %f388, %f388;
    fma.rn.ftz.f32 %f390, %f386, %f187, %f188;
    fma.rn.ftz.f32 %f391, %f386, %f190, %f191;
    fma.rn.ftz.f32 %f392, %f387, %f390, %f391;
    fma.rn.ftz.f32 %f393, %f386, %f194, %f195;
    fma.rn.ftz.f32 %f394, %f386, %f197, %f198;
    fma.rn.ftz.f32 %f395, %f387, %f393, %f394;
    fma.rn.ftz.f32 %f396, %f388, %f392, %f395;
    fma.rn.ftz.f32 %f397, %f389, %f186, %f396;
    sqrt.approx.ftz.f32 %f398, %f384;
    sub.ftz.f32 %f399, %f398, %f204;
    mul.ftz.f32 %f400, %f399, %f399;
    mul.ftz.f32 %f401, %f400, %f400;
    mul.ftz.f32 %f402, %f401, %f401;
    fma.rn.ftz.f32 %f403, %f399, %f210, %f211;
    fma.rn.ftz.f32 %f404, %f399, %f213, %f214;
    fma.rn.ftz.f32 %f405, %f400, %f403, %f404;
    fma.rn.ftz.f32 %f406, %f399, %f217, %f218;
    fma.rn.ftz.f32 %f407, %f399, %f220, %f221;
    fma.rn.ftz.f32 %f408, %f400, %f406, %f407;
    fma.rn.ftz.f32 %f409, %f401, %f405, %f408;
    fma.rn.ftz.f32 %f410, %f402, %f209, %f409;
    selp.f32 %f411, %f397, %f410, %p385;
    mul.ftz.f32 %f412, %f411, %f378;
    mul.ftz.f32 %f413, %f373, %f412;
    neg.ftz.f32 %f414, %f413;
    fma.rn.ftz.f32 %f415, %f29, %f369, %f414;
    mul.ftz.f32 %f416, %f415, %f6;
    neg.ftz.f32 %f417, %f416;
    mul.ftz.f32 %f418, %f29, %f412;
    fma.rn.ftz.f32 %f419, %f373, %f369, %f418;
    mul.ftz.f32 %f420, %f419, %f6;
    neg.ftz.f32 %f421, %f420;
    mul.ftz.f32 %f422, %f417, %f417;
    fma.rn.ftz.f32 %f423, %f421, %f421, %f422;
    add.ftz.f32 %f424, %f23, %f423;
    rsqrt.approx.ftz.f32 %f425, %f424;
    mul.ftz.f32 %f426, %f417, %f425;
    mul.ftz.f32 %f427, %f421, %f425;
    mul.ftz.f32 %f428, %f7, %f426;
    fma.rn.ftz.f32 %f429, %f10, %f427, %f428;
    fma.rn.ftz.f32 %f430, %f9, %f425, %f429;
    mul.ftz.f32 %f431, %f374, %f430;
    neg.ftz.f32 %f432, %f7;
    fma.rn.ftz.f32 %f433, %f426, %f431, %f432;
    neg.ftz.f32 %f434, %f10;
    fma.rn.ftz.f32 %f435, %f427, %f431, %f434;
    neg.ftz.f32 %f436, %f9;
    fma.rn.ftz.f32 %f437, %f425, %f431, %f436;
    st.param.f32 [result+0], %f433;
    st.param.f32 [result+4], %f435;
    st.param.f32 [result+8], %f437;
    ret;
}

.visible .func (.param .align 4 .b8 result[84]) __direct_callable__b51fdf1c2d33b3ba4d4178a8a31b575b(.reg .u32 self, .reg .u64 data, .param .align 4 .b8 params[40]) {
    // VCall: mitsuba::Shape::compute_surface_interaction()
    .reg.b8   %b <177>; .reg.b16 %w<177>; .reg.b32 %r<177>;
    .reg.b64  %rd<177>; .reg.f32 %f<177>; .reg.f64 %d<177>;
    .reg.pred %p <177>;

    ld.param.f32 %f4, [params+24];
    ld.global.u64 %rd5, [data+16];
    ld.global.u64 %rd6, [data+8];
    ld.param.u32 %r7, [params+36];
    mov.b32 %r8, 0x3;
    mul.lo.u32 %r9, %r7, %r8;
    mov.b32 %r10, 0x1;
    add.u32 %r11, %r9, %r10;
    mov.pred %p12, 0x1;
    mad.wide.u32 %rd3, %r11, 4, %rd6;
    ld.global.nc.u32 %r13, [%rd3];
    shl.b32 %r14, %r13, %r10;
    mad.wide.u32 %rd3, %r14, 4, %rd5;
    ld.global.nc.f32 %f15, [%rd3];
    mad.wide.u32 %rd3, %r9, 4, %rd6;
    ld.global.nc.u32 %r16, [%rd3];
    shl.b32 %r17, %r16, %r10;
    mad.wide.u32 %rd3, %r17, 4, %rd5;
    ld.global.nc.f32 %f18, [%rd3];
    sub.ftz.f32 %f19, %f15, %f18;
    mov.b32 %r20, 0x2;
    add.u32 %r21, %r9, %r20;
    mad.wide.u32 %rd3, %r21, 4, %rd6;
    ld.global.nc.u32 %r22, [%rd3];
    shl.b32 %r23, %r22, %r10;
    add.u32 %r24, %r23, %r10;
    mad.wide.u32 %rd3, %r24, 4, %rd5;
    ld.global.nc.f32 %f25, [%rd3];
    add.u32 %r26, %r17, %r10;
    mad.wide.u32 %rd3, %r26, 4, %rd5;
    ld.global.nc.f32 %f27, [%rd3];
    sub.ftz.f32 %f28, %f25, %f27;
    add.u32 %r29, %r14, %r10;
    mad.wide.u32 %rd3, %r29, 4, %rd5;
    ld.global.nc.f32 %f30, [%rd3];
    sub.ftz.f32 %f31, %f30, %f27;
    mad.wide.u32 %rd3, %r23, 4, %rd5;
    ld.global.nc.f32 %f32, [%rd3];
    sub.ftz.f32 %f33, %f32, %f18;
    mul.ftz.f32 %f34, %f31, %f33;
    neg.ftz.f32 %f35, %f34;
    fma.rn.ftz.f32 %f36, %f19, %f28, %f35;
    mov.b32 %f37, 0x0;
    setp.ne.f32 %p38, %f36, %f37;
    ld.global.u64 %rd39, [data+0];
    mul.lo.u32 %r40, %r13, %r8;
    add.u32 %r41, %r40, %r20;
    mad.wide.u32 %rd3, %r41, 4, %rd39;
    ld.global.nc.f32 %f42, [%rd3];
    mul.lo.u32 %r43, %r16, %r8;
    add.u32 %r44, %r43, %r20;
    mad.wide.u32 %rd3, %r44, 4, %rd39;
    ld.global.nc.f32 %f45, [%rd3];
    sub.ftz.f32 %f46, %f42, %f45;
    neg.ftz.f32 %f47, %f46;
    mul.lo.u32 %r48, %r22, %r8;
    add.u32 %r49, %r48, %r20;
    mad.wide.u32 %rd3, %r49, 4, %rd39;
    ld.global.nc.f32 %f50, [%rd3];
    sub.ftz.f32 %f51, %f50, %f45;
    mul.ftz.f32 %f52, %f19, %f51;
    fma.rn.ftz.f32 %f53, %f33, %f47, %f52;
    rcp.approx.ftz.f32 %f54, %f36;
    mul.ftz.f32 %f55, %f53, %f54;
    mad.wide.u32 %rd3, %r48, 4, %rd39;
    ld.global.nc.f32 %f56, [%rd3];
    mad.wide.u32 %rd3, %r43, 4, %rd39;
    ld.global.nc.f32 %f57, [%rd3];
    sub.ftz.f32 %f58, %f56, %f57;
    mad.wide.u32 %rd3, %r40, 4, %rd39;
    ld.global.nc.f32 %f59, [%rd3];
    sub.ftz.f32 %f60, %f59, %f57;
    mul.ftz.f32 %f61, %f60, %f51;
    neg.ftz.f32 %f62, %f61;
    fma.rn.ftz.f32 %f63, %f46, %f58, %f62;
    add.u32 %r64, %r48, %r10;
    mad.wide.u32 %rd3, %r64, 4, %rd39;
    ld.global.nc.f32 %f65, [%rd3];
    add.u32 %r66, %r43, %r10;
    mad.wide.u32 %rd3, %r66, 4, %rd39;
    ld.global.nc.f32 %f67, [%rd3];
    sub.ftz.f32 %f68, %f65, %f67;
    add.u32 %r69, %r40, %r10;
    mad.wide.u32 %rd3, %r69, 4, %rd39;
    ld.global.nc.f32 %f70, [%rd3];
    sub.ftz.f32 %f71, %f70, %f67;
    mul.ftz.f32 %f72, %f71, %f58;
    neg.ftz.f32 %f73, %f72;
    fma.rn.ftz.f32 %f74, %f60, %f68, %f73;
    mul.ftz.f32 %f75, %f46, %f68;
    neg.ftz.f32 %f76, %f75;
    fma.rn.ftz.f32 %f77, %f71, %f51, %f76;
    mul.ftz.f32 %f78, %f77, %f77;
    fma.rn.ftz.f32 %f79, %f63, %f63, %f78;
    fma.rn.ftz.f32 %f80, %f74, %f74, %f79;
    rsqrt.approx.ftz.f32 %f81, %f80;
    mul.ftz.f32 %f82, %f63, %f81;
    neg.ftz.f32 %f83, %f82;
    selp.f32 %f84, %f55, %f83, %p38;
    mov.b32 %f85, 0x3f800000;
    ld.param.f32 %f86, [params+28];
    sub.ftz.f32 %f87, %f85, %f86;
    ld.param.f32 %f88, [params+32];
    sub.ftz.f32 %f89, %f87, %f88;
    mul.ftz.f32 %f90, %f56, %f88;
    fma.rn.ftz.f32 %f91, %f59, %f86, %f90;
    fma.rn.ftz.f32 %f92, %f57, %f89, %f91;
    mul.ftz.f32 %f93, %f65, %f88;
    fma.rn.ftz.f32 %f94, %f70, %f86, %f93;
    fma.rn.ftz.f32 %f95, %f67, %f89, %f94;
    mul.ftz.f32 %f96, %f50, %f88;
    fma.rn.ftz.f32 %f97, %f42, %f86, %f96;
    fma.rn.ftz.f32 %f98, %f45, %f89, %f97;
    mul.ftz.f32 %f99, %f77, %f81;
    mul.ftz.f32 %f100, %f74, %f81;
    mov.u32 %r101, self;
    mul.ftz.f32 %f102, %f18, %f89;
    fma.rn.ftz.f32 %f103, %f15, %f86, %f102;
    fma.rn.ftz.f32 %f104, %f32, %f88, %f103;
    mul.ftz.f32 %f105, %f27, %f89;
    fma.rn.ftz.f32 %f106, %f30, %f86, %f105;
    fma.rn.ftz.f32 %f107, %f25, %f88, %f106;
    neg.ftz.f32 %f108, %f71;
    mul.ftz.f32 %f109, %f19, %f68;
    fma.rn.ftz.f32 %f110, %f33, %f108, %f109;
    mul.ftz.f32 %f111, %f110, %f54;
    mov.b32 %f112, 0x80000000;
    and.b32 %f113, %f112, %f100;
    or.b32 %f114, %f85, %f113;
    add.ftz.f32 %f115, %f114, %f100;
    rcp.approx.ftz.f32 %f116, %f115;
    neg.ftz.f32 %f117, %f116;
    mul.ftz.f32 %f118, %f82, %f117;
    fma.rn.ftz.f32 %f119, %f82, %f118, %f114;
    selp.f32 %f120, %f111, %f119, %p38;
    neg.ftz.f32 %f121, %f60;
    mul.ftz.f32 %f122, %f19, %f58;
    fma.rn.ftz.f32 %f123, %f33, %f121, %f122;
    mul.ftz.f32 %f124, %f123, %f54;
    mul.ftz.f32 %f125, %f99, %f82;
    mul.ftz.f32 %f126, %f125, %f117;
    selp.f32 %f127, %f124, %f126, %p38;
    mul.ftz.f32 %f128, %f31, %f51;
    neg.ftz.f32 %f129, %f128;
    fma.rn.ftz.f32 %f130, %f28, %f46, %f129;
    mul.ftz.f32 %f131, %f130, %f54;
    setp.ge.f32 %p132, %f100, %f37;
    neg.ftz.f32 %f133, %f99;
    selp.f32 %f134, %f133, %f99, %p132;
    selp.f32 %f135, %f131, %f134, %p38;
    mul.ftz.f32 %f136, %f31, %f68;
    neg.ftz.f32 %f137, %f136;
    fma.rn.ftz.f32 %f138, %f28, %f71, %f137;
    mul.ftz.f32 %f139, %f138, %f54;
    xor.b32 %f140, %f126, %f113;
    selp.f32 %f141, %f139, %f140, %p38;
    mul.ftz.f32 %f142, %f31, %f58;
    neg.ftz.f32 %f143, %f142;
    fma.rn.ftz.f32 %f144, %f28, %f60, %f143;
    mul.ftz.f32 %f145, %f144, %f54;
    mul.ftz.f32 %f146, %f99, %f99;
    mul.ftz.f32 %f147, %f146, %f117;
    xor.b32 %f148, %f147, %f113;
    add.ftz.f32 %f149, %f148, %f85;
    selp.f32 %f150, %f145, %f149, %p38;
    ld.global.u64 %rd151, [data+24];
    mad.wide.u32 %rd3, %r49, 4, %rd151;
    ld.global.nc.f32 %f152, [%rd3];
    mad.wide.u32 %rd3, %r41, 4, %rd151;
    ld.global.nc.f32 %f153, [%rd3];
    mad.wide.u32 %rd3, %r44, 4, %rd151;
    ld.global.nc.f32 %f154, [%rd3];
    mul.ftz.f32 %f155, %f154, %f89;
    fma.rn.ftz.f32 %f156, %f153, %f86, %f155;
    fma.rn.ftz.f32 %f157, %f152, %f88, %f156;
    mad.wide.u32 %rd3, %r64, 4, %rd151;
    ld.global.nc.f32 %f158, [%rd3];
    mad.wide.u32 %rd3, %r69, 4, %rd151;
    ld.global.nc.f32 %f159, [%rd3];
    mad.wide.u32 %rd3, %r66, 4, %rd151;
    ld.global.nc.f32 %f160, [%rd3];
    mul.ftz.f32 %f161, %f160, %f89;
    fma.rn.ftz.f32 %f162, %f159, %f86, %f161;
    fma.rn.ftz.f32 %f163, %f158, %f88, %f162;
    mad.wide.u32 %rd3, %r48, 4, %rd151;
    ld.global.nc.f32 %f164, [%rd3];
    mad.wide.u32 %rd3, %r40, 4, %rd151;
    ld.global.nc.f32 %f165, [%rd3];
    mad.wide.u32 %rd3, %r43, 4, %rd151;
    ld.global.nc.f32 %f166, [%rd3];
    mul.ftz.f32 %f167, %f166, %f89;
    fma.rn.ftz.f32 %f168, %f165, %f86, %f167;
    fma.rn.ftz.f32 %f169, %f164, %f88, %f168;
    mul.ftz.f32 %f170, %f169, %f169;
    fma.rn.ftz.f32 %f171, %f163, %f163, %f170;
    fma.rn.ftz.f32 %f172, %f157, %f157, %f171;
    rsqrt.approx.ftz.f32 %f173, %f172;
    mul.ftz.f32 %f174, %f157, %f173;
    mul.ftz.f32 %f175, %f169, %f173;
    mul.ftz.f32 %f176, %f163, %f173;
    st.param.f32 [result+0], %f4;
    st.param.f32 [result+4], %f84;
    st.param.f32 [result+8], %f92;
    st.param.f32 [result+12], %f95;
    st.param.f32 [result+16], %f98;
    st.param.f32 [result+20], %f99;
    st.param.f32 [result+24], %f82;
    st.param.f32 [result+28], %f100;
    st.param.u32 [result+32], %r101;
    st.param.f32 [result+36], %f104;
    st.param.f32 [result+40], %f107;
    st.param.f32 [result+44], %f86;
    st.param.f32 [result+48], %f88;
    st.param.f32 [result+52], %f120;
    st.param.f32 [result+56], %f127;
    st.param.f32 [result+60], %f135;
    st.param.f32 [result+64], %f141;
    st.param.f32 [result+68], %f150;
    st.param.f32 [result+72], %f174;
    st.param.f32 [result+76], %f175;
    st.param.f32 [result+80], %f176;
    ret;
}

.visible .func (.param .align 4 .b8 result[40]) __direct_callable__c4d47f60c8da4f88452a1a340c2c1995(.reg .u64 data, .param .align 4 .b8 params[32]) {
    // VCall: mitsuba::BSDF::sample()
    .reg.b8   %b <57>; .reg.b16 %w<57>; .reg.b32 %r<57>;
    .reg.b64  %rd<57>; .reg.f32 %f<57>; .reg.f64 %d<57>;
    .reg.pred %p <57>;

    ld.global.u64 %rd4, [data+0];
    mov.b32 %f5, 0x40000000;
    ld.param.f32 %f6, [params+24];
    mov.b32 %f7, 0xbf800000;
    fma.rn.ftz.f32 %f8, %f5, %f6, %f7;
    abs.f32 %f9, %f8;
    ld.param.f32 %f10, [params+28];
    fma.rn.ftz.f32 %f11, %f5, %f10, %f7;
    abs.f32 %f12, %f11;
    setp.lt.f32 %p13, %f9, %f12;
    selp.f32 %f14, %f11, %f8, %p13;
    mov.b32 %f15, 0x0;
    setp.eq.f32 %p16, %f8, %f15;
    setp.eq.f32 %p17, %f11, %f15;
    and.pred %p18, %p16, %p17;
    mov.b32 %f19, 0x3fc90fdb;
    mov.b32 %f20, 0x3f490fdb;
    selp.f32 %f21, %f8, %f11, %p13;
    mul.ftz.f32 %f22, %f20, %f21;
    div.approx.ftz.f32 %f23, %f22, %f14;
    sub.ftz.f32 %f24, %f19, %f23;
    selp.f32 %f25, %f24, %f23, %p13;
    selp.f32 %f26, %f15, %f25, %p18;
    cos.approx.ftz.f32 %f27, %f26;
    mul.ftz.f32 %f28, %f14, %f27;
    sin.approx.ftz.f32 %f29, %f26;
    mul.ftz.f32 %f30, %f14, %f29;
    mov.b32 %f31, 0x3f800000;
    mul.ftz.f32 %f32, %f28, %f28;
    fma.rn.ftz.f32 %f33, %f30, %f30, %f32;
    sub.ftz.f32 %f34, %f31, %f33;
    max.ftz.f32 %f35, %f34, %f15;
    sqrt.approx.ftz.f32 %f36, %f35;
    mov.b32 %f37, 0x3ea2f983;
    mul.ftz.f32 %f38, %f37, %f36;
    mov.b32 %r39, 0x2;
    mov.b32 %r40, 0x0;
    ld.param.f32 %f41, [params+4];
    ld.param.f32 %f42, [params+0];
    fma.rn.ftz.f32 %f43, %f15, %f41, %f42;
    mul.ftz.f32 %f44, %f15, %f42;
    add.ftz.f32 %f45, %f41, %f44;
    .reg.f32 %f46_out_<4>;
    tex.2d.v4.f32.f32 {%f46_out_0, %f46_out_1, %f46_out_2, %f46_out_3}, [%rd4, {%f43, %f45}];
    mov.b32 %f47, %f46_out_0;
    ld.param.f32 %f48, [params+16];
    setp.gt.f32 %p49, %f48, %f15;
    setp.gt.f32 %p50, %f38, %f15;
    and.pred %p51, %p49, %p50;
    selp.b32 %f52, %f47, 0, %p51;
    mov.b32 %f53, %f46_out_1;
    selp.b32 %f54, %f53, 0, %p51;
    mov.b32 %f55, %f46_out_2;
    selp.b32 %f56, %f55, 0, %p51;
    st.param.f32 [result+0], %f28;
    st.param.f32 [result+4], %f30;
    st.param.f32 [result+8], %f36;
    st.param.f32 [result+12], %f38;
    st.param.f32 [result+16], %f31;
    st.param.u32 [result+20], %r39;
    st.param.u32 [result+24], %r40;
    st.param.f32 [result+28], %f52;
    st.param.f32 [result+32], %f54;
    st.param.f32 [result+36], %f56;
    ret;
}

.visible .func (.param .align 4 .b8 result[40]) __direct_callable__f2b9df0a807beedc131b1e1ba408af05(.reg .u64 data, .param .align 4 .b8 params[32]) {
    // VCall: mitsuba::BSDF::sample()
    .reg.b8   %b <59>; .reg.b16 %w<59>; .reg.b32 %r<59>;
    .reg.b64  %rd<59>; .reg.f32 %f<59>; .reg.f64 %d<59>;
    .reg.pred %p <59>;

    ld.param.f32 %f4, [params+20];
    ld.param.f32 %f5, [params+16];
    abs.f32 %f6, %f5;
    mov.b32 %f7, 0x0;
    setp.eq.f32 %p8, %f6, %f7;
    mov.b32 %f9, 0x3f800000;
    mov.b32 %f10, 0x3f000000;
    setp.ge.f32 %p11, %f5, %f7;
    mov.b32 %f12, 0x3fc00000;
    mov.b32 %f13, 0x3f2aaaab;
    selp.f32 %f14, %f12, %f13, %p11;
    neg.ftz.f32 %f15, %f5;
    fma.rn.ftz.f32 %f16, %f5, %f15, %f9;
    selp.f32 %f17, %f13, %f12, %p11;
    mul.ftz.f32 %f18, %f17, %f17;
    neg.ftz.f32 %f19, %f18;
    fma.rn.ftz.f32 %f20, %f16, %f19, %f9;
    max.ftz.f32 %f21, %f20, %f7;
    sqrt.approx.ftz.f32 %f22, %f21;
    neg.ftz.f32 %f23, %f22;
    fma.rn.ftz.f32 %f24, %f14, %f23, %f6;
    fma.rn.ftz.f32 %f25, %f14, %f22, %f6;
    div.approx.ftz.f32 %f26, %f24, %f25;
    mul.ftz.f32 %f27, %f26, %f26;
    neg.ftz.f32 %f28, %f6;
    fma.rn.ftz.f32 %f29, %f14, %f28, %f22;
    fma.rn.ftz.f32 %f30, %f14, %f6, %f22;
    div.approx.ftz.f32 %f31, %f29, %f30;
    mul.ftz.f32 %f32, %f31, %f31;
    add.ftz.f32 %f33, %f27, %f32;
    mul.ftz.f32 %f34, %f10, %f33;
    selp.f32 %f35, %f9, %f34, %p8;
    setp.le.f32 %p36, %f4, %f35;
    ld.param.f32 %f37, [params+8];
    neg.ftz.f32 %f38, %f37;
    neg.ftz.f32 %f39, %f17;
    mul.ftz.f32 %f40, %f39, %f37;
    selp.f32 %f41, %f38, %f40, %p36;
    ld.param.f32 %f42, [params+12];
    neg.ftz.f32 %f43, %f42;
    mul.ftz.f32 %f44, %f39, %f42;
    selp.f32 %f45, %f43, %f44, %p36;
    selp.f32 %f46, %f23, %f22, %p11;
    selp.f32 %f47, %f5, %f46, %p36;
    sub.ftz.f32 %f48, %f9, %f35;
    selp.f32 %f49, %f35, %f48, %p36;
    selp.f32 %f50, %f9, %f14, %p36;
    mov.b32 %r51, 0x20;
    mov.b32 %r52, 0x40;
    selp.u32 %r53, %r51, %r52, %p36;
    mov.b32 %r54, 0x0;
    mov.b32 %r55, 0x1;
    selp.u32 %r56, %r54, %r55, %p36;
    not.pred %p57, %p36;
    selp.f32 %f58, %f18, %f9, %p57;
    st.param.f32 [result+0], %f41;
    st.param.f32 [result+4], %f45;
    st.param.f32 [result+8], %f47;
    st.param.f32 [result+12], %f49;
    st.param.f32 [result+16], %f50;
    st.param.u32 [result+20], %r53;
    st.param.u32 [result+24], %r56;
    st.param.f32 [result+28], %f58;
    st.param.f32 [result+32], %f58;
    st.param.f32 [result+36], %f58;
    ret;
}

.visible .func (.param .align 4 .b8 result[84]) __direct_callable__f9bd1a8ba432bd68f535c3799a2e3ec5(.reg .u32 self, .reg .u64 data, .param .align 4 .b8 params[40]) {
    // VCall: mitsuba::Shape::compute_surface_interaction()
    .reg.b8   %b <151>; .reg.b16 %w<151>; .reg.b32 %r<151>;
    .reg.b64  %rd<151>; .reg.f32 %f<151>; .reg.f64 %d<151>;
    .reg.pred %p <151>;

    ld.param.f32 %f4, [params+24];
    ld.global.u64 %rd5, [data+16];
    ld.global.u64 %rd6, [data+8];
    ld.param.u32 %r7, [params+36];
    mov.b32 %r8, 0x3;
    mul.lo.u32 %r9, %r7, %r8;
    mov.b32 %r10, 0x1;
    add.u32 %r11, %r9, %r10;
    mov.pred %p12, 0x1;
    mad.wide.u32 %rd3, %r11, 4, %rd6;
    ld.global.nc.u32 %r13, [%rd3];
    shl.b32 %r14, %r13, %r10;
    mad.wide.u32 %rd3, %r14, 4, %rd5;
    ld.global.nc.f32 %f15, [%rd3];
    mad.wide.u32 %rd3, %r9, 4, %rd6;
    ld.global.nc.u32 %r16, [%rd3];
    shl.b32 %r17, %r16, %r10;
    mad.wide.u32 %rd3, %r17, 4, %rd5;
    ld.global.nc.f32 %f18, [%rd3];
    sub.ftz.f32 %f19, %f15, %f18;
    mov.b32 %r20, 0x2;
    add.u32 %r21, %r9, %r20;
    mad.wide.u32 %rd3, %r21, 4, %rd6;
    ld.global.nc.u32 %r22, [%rd3];
    shl.b32 %r23, %r22, %r10;
    add.u32 %r24, %r23, %r10;
    mad.wide.u32 %rd3, %r24, 4, %rd5;
    ld.global.nc.f32 %f25, [%rd3];
    add.u32 %r26, %r17, %r10;
    mad.wide.u32 %rd3, %r26, 4, %rd5;
    ld.global.nc.f32 %f27, [%rd3];
    sub.ftz.f32 %f28, %f25, %f27;
    add.u32 %r29, %r14, %r10;
    mad.wide.u32 %rd3, %r29, 4, %rd5;
    ld.global.nc.f32 %f30, [%rd3];
    sub.ftz.f32 %f31, %f30, %f27;
    mad.wide.u32 %rd3, %r23, 4, %rd5;
    ld.global.nc.f32 %f32, [%rd3];
    sub.ftz.f32 %f33, %f32, %f18;
    mul.ftz.f32 %f34, %f31, %f33;
    neg.ftz.f32 %f35, %f34;
    fma.rn.ftz.f32 %f36, %f19, %f28, %f35;
    mov.b32 %f37, 0x0;
    setp.ne.f32 %p38, %f36, %f37;
    ld.global.u64 %rd39, [data+0];
    mul.lo.u32 %r40, %r13, %r8;
    add.u32 %r41, %r40, %r20;
    mad.wide.u32 %rd3, %r41, 4, %rd39;
    ld.global.nc.f32 %f42, [%rd3];
    mul.lo.u32 %r43, %r16, %r8;
    add.u32 %r44, %r43, %r20;
    mad.wide.u32 %rd3, %r44, 4, %rd39;
    ld.global.nc.f32 %f45, [%rd3];
    sub.ftz.f32 %f46, %f42, %f45;
    neg.ftz.f32 %f47, %f46;
    mul.lo.u32 %r48, %r22, %r8;
    add.u32 %r49, %r48, %r20;
    mad.wide.u32 %rd3, %r49, 4, %rd39;
    ld.global.nc.f32 %f50, [%rd3];
    sub.ftz.f32 %f51, %f50, %f45;
    mul.ftz.f32 %f52, %f19, %f51;
    fma.rn.ftz.f32 %f53, %f33, %f47, %f52;
    rcp.approx.ftz.f32 %f54, %f36;
    mul.ftz.f32 %f55, %f53, %f54;
    mad.wide.u32 %rd3, %r48, 4, %rd39;
    ld.global.nc.f32 %f56, [%rd3];
    mad.wide.u32 %rd3, %r43, 4, %rd39;
    ld.global.nc.f32 %f57, [%rd3];
    sub.ftz.f32 %f58, %f56, %f57;
    mad.wide.u32 %rd3, %r40, 4, %rd39;
    ld.global.nc.f32 %f59, [%rd3];
    sub.ftz.f32 %f60, %f59, %f57;
    mul.ftz.f32 %f61, %f60, %f51;
    neg.ftz.f32 %f62, %f61;
    fma.rn.ftz.f32 %f63, %f46, %f58, %f62;
    add.u32 %r64, %r48, %r10;
    mad.wide.u32 %rd3, %r64, 4, %rd39;
    ld.global.nc.f32 %f65, [%rd3];
    add.u32 %r66, %r43, %r10;
    mad.wide.u32 %rd3, %r66, 4, %rd39;
    ld.global.nc.f32 %f67, [%rd3];
    sub.ftz.f32 %f68, %f65, %f67;
    add.u32 %r69, %r40, %r10;
    mad.wide.u32 %rd3, %r69, 4, %rd39;
    ld.global.nc.f32 %f70, [%rd3];
    sub.ftz.f32 %f71, %f70, %f67;
    mul.ftz.f32 %f72, %f71, %f58;
    neg.ftz.f32 %f73, %f72;
    fma.rn.ftz.f32 %f74, %f60, %f68, %f73;
    mul.ftz.f32 %f75, %f46, %f68;
    neg.ftz.f32 %f76, %f75;
    fma.rn.ftz.f32 %f77, %f71, %f51, %f76;
    mul.ftz.f32 %f78, %f77, %f77;
    fma.rn.ftz.f32 %f79, %f63, %f63, %f78;
    fma.rn.ftz.f32 %f80, %f74, %f74, %f79;
    rsqrt.approx.ftz.f32 %f81, %f80;
    mul.ftz.f32 %f82, %f63, %f81;
    neg.ftz.f32 %f83, %f82;
    selp.f32 %f84, %f55, %f83, %p38;
    mov.b32 %f85, 0x3f800000;
    ld.param.f32 %f86, [params+28];
    sub.ftz.f32 %f87, %f85, %f86;
    ld.param.f32 %f88, [params+32];
    sub.ftz.f32 %f89, %f87, %f88;
    mul.ftz.f32 %f90, %f56, %f88;
    fma.rn.ftz.f32 %f91, %f59, %f86, %f90;
    fma.rn.ftz.f32 %f92, %f57, %f89, %f91;
    mul.ftz.f32 %f93, %f65, %f88;
    fma.rn.ftz.f32 %f94, %f70, %f86, %f93;
    fma.rn.ftz.f32 %f95, %f67, %f89, %f94;
    mul.ftz.f32 %f96, %f50, %f88;
    fma.rn.ftz.f32 %f97, %f42, %f86, %f96;
    fma.rn.ftz.f32 %f98, %f45, %f89, %f97;
    mul.ftz.f32 %f99, %f77, %f81;
    mul.ftz.f32 %f100, %f74, %f81;
    mov.u32 %r101, self;
    mul.ftz.f32 %f102, %f18, %f89;
    fma.rn.ftz.f32 %f103, %f15, %f86, %f102;
    fma.rn.ftz.f32 %f104, %f32, %f88, %f103;
    mul.ftz.f32 %f105, %f27, %f89;
    fma.rn.ftz.f32 %f106, %f30, %f86, %f105;
    fma.rn.ftz.f32 %f107, %f25, %f88, %f106;
    neg.ftz.f32 %f108, %f71;
    mul.ftz.f32 %f109, %f19, %f68;
    fma.rn.ftz.f32 %f110, %f33, %f108, %f109;
    mul.ftz.f32 %f111, %f110, %f54;
    mov.b32 %f112, 0x80000000;
    and.b32 %f113, %f112, %f100;
    or.b32 %f114, %f85, %f113;
    add.ftz.f32 %f115, %f114, %f100;
    rcp.approx.ftz.f32 %f116, %f115;
    neg.ftz.f32 %f117, %f116;
    mul.ftz.f32 %f118, %f82, %f117;
    fma.rn.ftz.f32 %f119, %f82, %f118, %f114;
    selp.f32 %f120, %f111, %f119, %p38;
    neg.ftz.f32 %f121, %f60;
    mul.ftz.f32 %f122, %f19, %f58;
    fma.rn.ftz.f32 %f123, %f33, %f121, %f122;
    mul.ftz.f32 %f124, %f123, %f54;
    mul.ftz.f32 %f125, %f99, %f82;
    mul.ftz.f32 %f126, %f125, %f117;
    selp.f32 %f127, %f124, %f126, %p38;
    mul.ftz.f32 %f128, %f31, %f51;
    neg.ftz.f32 %f129, %f128;
    fma.rn.ftz.f32 %f130, %f28, %f46, %f129;
    mul.ftz.f32 %f131, %f130, %f54;
    setp.ge.f32 %p132, %f100, %f37;
    neg.ftz.f32 %f133, %f99;
    selp.f32 %f134, %f133, %f99, %p132;
    selp.f32 %f135, %f131, %f134, %p38;
    mul.ftz.f32 %f136, %f31, %f68;
    neg.ftz.f32 %f137, %f136;
    fma.rn.ftz.f32 %f138, %f28, %f71, %f137;
    mul.ftz.f32 %f139, %f138, %f54;
    xor.b32 %f140, %f126, %f113;
    selp.f32 %f141, %f139, %f140, %p38;
    mul.ftz.f32 %f142, %f31, %f58;
    neg.ftz.f32 %f143, %f142;
    fma.rn.ftz.f32 %f144, %f28, %f60, %f143;
    mul.ftz.f32 %f145, %f144, %f54;
    mul.ftz.f32 %f146, %f99, %f99;
    mul.ftz.f32 %f147, %f146, %f117;
    xor.b32 %f148, %f147, %f113;
    add.ftz.f32 %f149, %f148, %f85;
    selp.f32 %f150, %f145, %f149, %p38;
    st.param.f32 [result+0], %f4;
    st.param.f32 [result+4], %f84;
    st.param.f32 [result+8], %f92;
    st.param.f32 [result+12], %f95;
    st.param.f32 [result+16], %f98;
    st.param.f32 [result+20], %f99;
    st.param.f32 [result+24], %f82;
    st.param.f32 [result+28], %f100;
    st.param.u32 [result+32], %r101;
    st.param.f32 [result+36], %f104;
    st.param.f32 [result+40], %f107;
    st.param.f32 [result+44], %f86;
    st.param.f32 [result+48], %f88;
    st.param.f32 [result+52], %f120;
    st.param.f32 [result+56], %f127;
    st.param.f32 [result+60], %f135;
    st.param.f32 [result+64], %f141;
    st.param.f32 [result+68], %f150;
    st.param.f32 [result+72], %f100;
    st.param.f32 [result+76], %f99;
    st.param.f32 [result+80], %f82;
    ret;
}


COMPILE ERROR: failed to create pipeline
Info: Pipeline statistics
	module(s)                            :     2
	entry function(s)                    :    28
	trace call(s)                        :     1
	continuation callable call(s)        :     0
	direct callable call(s)              :     3
	basic block(s) in entry functions    :   397
	instruction(s) in entry functions    : 14281
	non-entry function(s)                :     0
	basic block(s) in non-entry functions:     0
	instruction(s) in non-entry functions:     0
	debug information                    :    no



Critical Dr.Jit compiler failure: jit_optix_check(): API error 7251 (OPTIX_ERROR_PIPELINE_LINK_ERROR): "Pipeline link error" in ../ext/drjit/ext/drjit-core/src/optix_core.cpp:398.
jit_optix_compile(): optixPipelineCreate() failed. Please see the PTX assembly listing and error message below:

.version 6.0
.target sm_50
.address_size 64

.const .align 8 .b8 params[296];

.entry __raygen__3a66243e1300deb0223f37bb1d56b652() {
    .reg.b8   %b <846>; .reg.b16 %w<846>; .reg.b32 %r<846>;
    .reg.b64  %rd<846>; .reg.f32 %f<846>; .reg.f64 %d<846>;
    .reg.pred %p <846>;

    call (%r0), _optix_get_launch_index_x, ();
    ld.const.u32 %r1, [params + 4];
    add.u32 %r0, %r0, %r1;

body:
    ld.const.u64 %rd0, [params+8];
    ldu.global.u64 %rd6, [%rd0];
    mov.b32 %r7, 0x0;
    mov.pred %p8, 0x1;
    mov.b64 %rd9, 0x0;
    mov.b64 %rd10, 0x5851f42d4c957f2d;
    mov.u32 %r11, %r0;
    ld.const.u64 %rd0, [params+16];
    ldu.global.u32 %r12, [%rd0];
    mov.b32 %r13, 0x4;
    shl.b32 %r14, %r11, %r13;
    mov.b32 %r15, 0xa341316c;
    add.u32 %r16, %r14, %r15;
    mov.b32 %r17, 0x9e3779b9;
    add.u32 %r18, %r11, %r17;
    xor.b32 %r19, %r16, %r18;
    mov.b32 %r20, 0x5;
    shr.u32 %r21, %r11, %r20;
    mov.b32 %r22, 0xc8013ea4;
    add.u32 %r23, %r21, %r22;
    xor.b32 %r24, %r19, %r23;
    add.u32 %r25, %r12, %r24;
    shl.b32 %r26, %r25, %r13;
    mov.b32 %r27, 0xad90777d;
    add.u32 %r28, %r26, %r27;
    add.u32 %r29, %r25, %r17;
    xor.b32 %r30, %r28, %r29;
    shr.u32 %r31, %r25, %r20;
    mov.b32 %r32, 0x7e95761e;
    add.u32 %r33, %r31, %r32;
    xor.b32 %r34, %r30, %r33;
    add.u32 %r35, %r11, %r34;
    shl.b32 %r36, %r35, %r13;
    add.u32 %r37, %r36, %r15;
    mov.b32 %r38, 0x3c6ef372;
    add.u32 %r39, %r35, %r38;
    xor.b32 %r40, %r37, %r39;
    shr.u32 %r41, %r35, %r20;
    add.u32 %r42, %r41, %r22;
    xor.b32 %r43, %r40, %r42;
    add.u32 %r44, %r25, %r43;
    shl.b32 %r45, %r44, %r13;
    add.u32 %r46, %r45, %r27;
    add.u32 %r47, %r44, %r38;
    xor.b32 %r48, %r46, %r47;
    shr.u32 %r49, %r44, %r20;
    add.u32 %r50, %r49, %r32;
    xor.b32 %r51, %r48, %r50;
    add.u32 %r52, %r35, %r51;
    shl.b32 %r53, %r52, %r13;
    add.u32 %r54, %r53, %r15;
    mov.b32 %r55, 0xdaa66d2b;
    add.u32 %r56, %r52, %r55;
    xor.b32 %r57, %r54, %r56;
    shr.u32 %r58, %r52, %r20;
    add.u32 %r59, %r58, %r22;
    xor.b32 %r60, %r57, %r59;
    add.u32 %r61, %r44, %r60;
    shl.b32 %r62, %r61, %r13;
    add.u32 %r63, %r62, %r27;
    add.u32 %r64, %r61, %r55;
    xor.b32 %r65, %r63, %r64;
    shr.u32 %r66, %r61, %r20;
    add.u32 %r67, %r66, %r32;
    xor.b32 %r68, %r65, %r67;
    add.u32 %r69, %r52, %r68;
    shl.b32 %r70, %r69, %r13;
    add.u32 %r71, %r70, %r15;
    mov.b32 %r72, 0x78dde6e4;
    add.u32 %r73, %r69, %r72;
    xor.b32 %r74, %r71, %r73;
    shr.u32 %r75, %r69, %r20;
    add.u32 %r76, %r75, %r22;
    xor.b32 %r77, %r74, %r76;
    add.u32 %r78, %r61, %r77;
    shl.b32 %r79, %r78, %r13;
    add.u32 %r80, %r79, %r27;
    add.u32 %r81, %r78, %r72;
    xor.b32 %r82, %r80, %r81;
    shr.u32 %r83, %r78, %r20;
    add.u32 %r84, %r83, %r32;
    xor.b32 %r85, %r82, %r84;
    add.u32 %r86, %r69, %r85;
    cvt.u64.u32 %rd87, %r86;
    mov.b64 %rd88, 0x1;
    cvt.u32.u64 %r3, %rd88;
    shl.b64 %rd89, %rd87, %r3;
    or.b64 %rd90, %rd89, %rd88;
    mad.lo.u64 %rd91, %rd9, %rd10, %rd90;
    cvt.u64.u32 %rd92, %r78;
    add.u64 %rd93, %rd91, %rd92;
    mad.lo.u64 %rd94, %rd93, %rd10, %rd90;
    mov.b32 %f95, 0x0;
    mov.pred %p96, 0x1;
    ld.const.u64 %rd97, [params+24];
    mov.b32 %r98, %r21;
    mov.b32 %r99, %r98;
    mov.pred %p100, 0x1;
    mad.wide.u32 %rd3, %r99, 4, %rd97;
    ld.global.nc.u32 %r101, [%rd3];
    ld.const.u64 %rd102, [params+32];
    mad.wide.u32 %rd3, %r99, 4, %rd102;
    ld.global.nc.f32 %f103, [%rd3];
    mov.b32 %r104, 0x0;
    ld.const.u64 %rd105, [params+40];
    mad.wide.u32 %rd3, %r99, 4, %rd105;
    ld.global.nc.f32 %f106, [%rd3];
    ld.const.u64 %rd107, [params+48];
    mad.wide.u32 %rd3, %r99, 4, %rd107;
    ld.global.nc.f32 %f108, [%rd3];
    ld.const.u64 %rd109, [params+56];
    mad.wide.u32 %rd3, %r99, 4, %rd109;
    ld.global.nc.f32 %f110, [%rd3];
    ld.const.u64 %rd111, [params+64];
    mad.wide.u32 %rd3, %r99, 4, %rd111;
    ld.global.nc.f32 %f112, [%rd3];
    ld.const.u64 %rd113, [params+72];
    mad.wide.u32 %rd3, %r99, 4, %rd113;
    ld.global.nc.f32 %f114, [%rd3];
    ld.const.u64 %rd115, [params+80];
    mad.wide.u32 %rd3, %r99, 4, %rd115;
    ld.global.nc.f32 %f116, [%rd3];
    ld.const.u64 %rd117, [params+88];
    mad.wide.u32 %rd3, %r99, 4, %rd117;
    ld.global.nc.f32 %f118, [%rd3];
    ld.const.u64 %rd119, [params+96];
    mad.wide.u32 %rd3, %r99, 4, %rd119;
    ld.global.nc.f32 %f120, [%rd3];
    ld.const.u64 %rd121, [params+104];
    mad.wide.u32 %rd3, %r99, 4, %rd121;
    ld.global.nc.f32 %f122, [%rd3];
    ld.const.u64 %rd123, [params+112];
    mad.wide.u32 %rd3, %r99, 4, %rd123;
    ld.global.nc.f32 %f124, [%rd3];
    ld.const.u64 %rd125, [params+120];
    mad.wide.u32 %rd3, %r99, 4, %rd125;
    ld.global.nc.f32 %f126, [%rd3];
    ld.const.u64 %rd127, [params+128];
    mad.wide.u32 %rd3, %r99, 4, %rd127;
    ld.global.nc.f32 %f128, [%rd3];
    ld.const.u64 %rd129, [params+136];
    mad.wide.u32 %rd3, %r99, 4, %rd129;
    ld.global.nc.f32 %f130, [%rd3];
    ld.const.u64 %rd131, [params+144];
    mad.wide.u32 %rd3, %r99, 4, %rd131;
    ld.global.nc.f32 %f132, [%rd3];
    mov.b32 %f133, 0x0;
    mov.b32 %f134, 0x7f800000;
    mov.b32 %f135, 0x0;
    mov.b32 %f136, 0x0;
    mov.b32 %f137, 0x0;
    mov.b32 %f138, 0x0;
    mov.b32 %f139, 0x0;
    mov.b32 %f140, 0x0;
    mov.b32 %f141, 0x0;
    ld.const.u64 %rd142, [params+152];
    mad.wide.u32 %rd3, %r99, 4, %rd142;
    ld.global.nc.f32 %f143, [%rd3];
    mov.b32 %f144, 0x0;
    ld.const.u64 %rd145, [params+160];
    mad.wide.u32 %rd3, %r99, 4, %rd145;
    ld.global.nc.f32 %f146, [%rd3];
    mov.b32 %f147, 0x0;
    ld.const.u64 %rd148, [params+168];
    mad.wide.u32 %rd3, %r99, 4, %rd148;
    ld.global.nc.f32 %f149, [%rd3];
    mov.b32 %f150, 0x0;
    ld.const.u64 %rd151, [params+176];
    mad.wide.u32 %rd3, %r99, 4, %rd151;
    ld.global.nc.f32 %f152, [%rd3];
    mov.b32 %f153, 0x0;
    mov.b32 %f154, 0x0;
    mov.b32 %f155, 0x0;
    mov.b32 %f156, 0x0;
    mov.b32 %f157, 0x0;
    mov.b32 %f158, 0x0;
    mov.b32 %f159, 0x0;
    mov.b32 %f160, 0x0;
    mov.b32 %f161, 0x0;
    mov.b32 %f162, 0x0;
    mov.b32 %f163, 0x0;
    mov.b32 %f164, 0x0;
    mov.b32 %f165, 0x0;
    mov.b32 %f166, 0x0;
    mov.b32 %f167, 0x0;
    mov.b32 %f168, 0x0;
    mov.b32 %f169, 0x0;
    mov.b32 %f170, 0x0;
    mov.b32 %f171, 0x0;
    mov.b32 %f172, 0x0;
    mov.b32 %f173, 0x0;
    mov.b32 %f174, 0x0;
    mov.b32 %f175, 0x0;
    mov.b32 %f176, 0x0;
    mov.b32 %f177, 0x0;
    mov.b32 %f178, 0x0;
    mov.b32 %f179, 0x0;
    mov.b32 %f180, 0x0;
    mov.b32 %f181, 0x0;
    mov.b32 %f182, 0x0;
    mov.b32 %f183, 0x0;
    mov.b32 %f184, 0x0;
    mov.b32 %f185, 0x0;
    mov.b32 %f186, 0x0;
    mov.b32 %f187, 0x0;
    mov.b32 %f188, 0x0;
    mov.b32 %f189, 0x0;
    mov.b32 %f190, 0x0;
    mov.b32 %f191, 0x0;
    mov.b32 %f192, 0x0;
    mov.b32 %f193, 0x0;
    mov.b32 %f194, 0x0;
    mov.b32 %f195, 0x0;
    mov.b32 %f196, 0x0;
    mov.b32 %f197, 0x0;
    ld.const.u64 %rd198, [params+184];
    mad.wide.u32 %rd3, %r99, 4, %rd198;
    ld.global.nc.u32 %r199, [%rd3];
    mov.b32 %r200, 0x0;
    mov.b32 %r201, 0x0;
    mov.b32 %r202, 0x0;
    mov.u32 %r203, %r7;
    mov.pred %p204, %p8;
    mov.u64 %rd205, %rd94;
    mov.f32 %f206, %f95;
    mov.pred %p207, %p96;
    mov.u32 %r208, %r101;
    mov.f32 %f209, %f103;
    mov.u32 %r210, %r104;
    mov.f32 %f211, %f106;
    mov.f32 %f212, %f108;
    mov.f32 %f213, %f110;
    mov.f32 %f214, %f112;
    mov.f32 %f215, %f112;
    mov.f32 %f216, %f114;
    mov.f32 %f217, %f116;
    mov.f32 %f218, %f118;
    mov.f32 %f219, %f120;
    mov.f32 %f220, %f122;
    mov.f32 %f221, %f122;
    mov.f32 %f222, %f124;
    mov.f32 %f223, %f126;
    mov.f32 %f224, %f128;
    mov.f32 %f225, %f128;
    mov.f32 %f226, %f130;
    mov.f32 %f227, %f132;
    mov.f32 %f228, %f134;
    mov.f32 %f229, %f135;
    mov.f32 %f230, %f136;
    mov.f32 %f231, %f137;
    mov.f32 %f232, %f138;
    mov.f32 %f233, %f139;
    mov.f32 %f234, %f140;
    mov.f32 %f235, %f141;
    mov.f32 %f236, %f143;
    mov.f32 %f237, %f144;
    mov.f32 %f238, %f146;
    mov.f32 %f239, %f147;
    mov.f32 %f240, %f149;
    mov.f32 %f241, %f150;
    mov.f32 %f242, %f152;
    mov.f32 %f243, %f153;
    mov.f32 %f244, %f154;
    mov.f32 %f245, %f155;
    mov.f32 %f246, %f156;
    mov.f32 %f247, %f157;
    mov.f32 %f248, %f158;
    mov.f32 %f249, %f159;
    mov.f32 %f250, %f160;
    mov.f32 %f251, %f161;
    mov.f32 %f252, %f162;
    mov.f32 %f253, %f163;
    mov.f32 %f254, %f164;
    mov.f32 %f255, %f165;
    mov.f32 %f256, %f166;
    mov.f32 %f257, %f167;
    mov.f32 %f258, %f168;
    mov.f32 %f259, %f169;
    mov.f32 %f260, %f170;
    mov.f32 %f261, %f171;
    mov.f32 %f262, %f172;
    mov.f32 %f263, %f173;
    mov.f32 %f264, %f174;
    mov.f32 %f265, %f176;
    mov.f32 %f266, %f178;
    mov.f32 %f267, %f180;
    mov.f32 %f268, %f182;
    mov.f32 %f269, %f184;
    mov.f32 %f270, %f186;
    mov.f32 %f271, %f188;
    mov.f32 %f272, %f190;
    mov.f32 %f273, %f192;
    mov.f32 %f274, %f194;
    mov.f32 %f275, %f195;
    mov.f32 %f276, %f196;
    mov.f32 %f277, %f197;
    mov.u32 %r278, %r199;
    mov.u32 %r279, %r200;
    mov.u32 %r280, %r201;
    mov.u32 %r281, %r202;

l_282_cond: // Loop (first smooth surface)
    @!%p204 bra l_282_done;

l_282_body:
    mov.u64 %rd284, %rd205;
    mov.pred %p285, %p204;
    mov.f32 %f286, %f206;
    mov.pred %p287, %p207;
    mov.u32 %r288, %r208;
    mov.f32 %f289, %f209;
    mov.u32 %r290, %r210;
    mov.f32 %f291, %f211;
    mov.f32 %f292, %f212;
    mov.f32 %f293, %f213;
    mov.f32 %f294, %f214;
    mov.f32 %f295, %f215;
    mov.f32 %f296, %f216;
    mov.f32 %f297, %f217;
    mov.f32 %f298, %f218;
    mov.f32 %f299, %f219;
    mov.f32 %f300, %f220;
    mov.f32 %f301, %f221;
    mov.f32 %f302, %f222;
    mov.f32 %f303, %f223;
    mov.f32 %f304, %f224;
    mov.f32 %f305, %f225;
    mov.f32 %f306, %f226;
    mov.f32 %f307, %f227;
    mov.f32 %f308, %f228;
    mov.f32 %f309, %f229;
    mov.f32 %f310, %f230;
    mov.f32 %f311, %f231;
    mov.f32 %f312, %f232;
    mov.f32 %f313, %f233;
    mov.f32 %f314, %f234;
    mov.f32 %f315, %f235;
    mov.u32 %r316, %r203;
    mov.f32 %f317, %f236;
    mov.f32 %f318, %f237;
    mov.f32 %f319, %f238;
    mov.f32 %f320, %f239;
    mov.f32 %f321, %f240;
    mov.f32 %f322, %f241;
    mov.f32 %f323, %f242;
    mov.f32 %f324, %f243;
    mov.f32 %f325, %f244;
    mov.f32 %f326, %f245;
    mov.f32 %f327, %f246;
    mov.f32 %f328, %f247;
    mov.f32 %f329, %f248;
    mov.f32 %f330, %f249;
    mov.f32 %f331, %f250;
    mov.f32 %f332, %f251;
    mov.f32 %f333, %f252;
    mov.f32 %f334, %f253;
    mov.f32 %f335, %f254;
    mov.f32 %f336, %f255;
    mov.f32 %f337, %f256;
    mov.f32 %f338, %f257;
    mov.f32 %f339, %f258;
    mov.f32 %f340, %f259;
    mov.f32 %f341, %f260;
    mov.f32 %f342, %f261;
    mov.f32 %f343, %f262;
    mov.f32 %f344, %f263;
    mov.f32 %f345, %f264;
    mov.f32 %f346, %f265;
    mov.f32 %f347, %f266;
    mov.f32 %f348, %f267;
    mov.f32 %f349, %f268;
    mov.f32 %f350, %f269;
    mov.f32 %f351, %f270;
    mov.f32 %f352, %f271;
    mov.f32 %f353, %f272;
    mov.f32 %f354, %f273;
    mov.f32 %f355, %f274;
    mov.f32 %f356, %f275;
    mov.f32 %f357, %f276;
    mov.f32 %f358, %f277;
    mov.u32 %r359, %r278;
    mov.u32 %r360, %r279;
    mov.u32 %r361, %r280;
    mov.u32 %r362, %r281;
    mov.b64 %rd363, 0x5851f42d4c957f2d;
    mad.lo.u64 %rd364, %rd284, %rd363, %rd90;
    mad.lo.u64 %rd365, %rd364, %rd363, %rd90;
    mad.lo.u64 %rd366, %rd365, %rd363, %rd90;
    mov.b32 %f367, 0x7f800000;
    setp.ne.f32 %p368, %f286, %f367;
    ld.const.u64 %rd369, [params+192];
    ld.const.u64 %rd370, [params+200];
    mov.b32 %r371, 0x0;
    setp.ne.u32 %p372, %r288, %r371;
    @!%p372 bra l_373_masked;
    mad.wide.u32 %rd3, %r288, 4, %rd370;
    ld.global.nc.u32 %r373, [%rd3];
    bra.uni l_373_done;

l_373_masked:
    mov.b32 %r373, 0;

l_373_done:
    setp.ne.u32 %p374, %r373, %r371;
    @!%p374 bra l_375_masked;
    mad.wide.u32 %rd3, %r373, 4, %rd369;
    ld.global.nc.u32 %r375, [%rd3];
    bra.uni l_375_done;

l_375_masked:
    mov.b32 %r375, 0;

l_375_done:
    mov.b32 %r376, 0x1;
    and.b32 %r377, %r375, %r376;
    setp.ne.u32 %p378, %r377, %r371;
    ld.const.u64 %rd379, [params+208];
    @!%p374 bra l_380_masked;
    mad.wide.u32 %rd3, %r373, 4, %rd379;
    ld.global.nc.u32 %r380, [%rd3];
    bra.uni l_380_done;

l_380_masked:
    mov.b32 %r380, 0;

l_380_done:
    mov.b32 %r381, 0x10000;
    and.b32 %r382, %r380, %r381;
    setp.ne.u32 %p383, %r382, %r371;
    not.pred %p384, %p383;
    mov.b32 %f385, 0x0;
    setp.lt.f32 %p386, %f289, %f385;
    and.pred %p387, %p384, %p386;
    or.pred %p388, %p378, %p387;
    and.pred %p389, %p287, %p388;
    not.pred %p390, %p389;
    and.pred %p391, %p368, %p390;
    mov.b32 %r392, 0x10;
    setp.lo.u32 %p393, %r290, %r392;
    and.pred %p394, %p391, %p393;
    and.pred %p395, %p285, %p394;
    ld.const.u64 %rd396, [params+216];
    @!%p374 bra l_397_masked;
    mad.wide.u32 %rd3, %r373, 4, %rd396;
    ld.global.nc.u32 %r397, [%rd3];
    bra.uni l_397_done;

l_397_masked:
    mov.b32 %r397, 0;

l_397_done:
    mov.b32 %r398, 0x1e;
    and.b32 %r399, %r397, %r398;
    setp.ne.u32 %p400, %r399, %r371;
    not.pred %p401, %p400;
    and.pred %p402, %p395, %p401;
    mov.b64 %rd403, 0x12;
    cvt.u32.u64 %r3, %rd403;
    shr.u64 %rd404, %rd284, %r3;
    xor.b64 %rd405, %rd404, %rd284;
    mov.b64 %rd406, 0x1b;
    cvt.u32.u64 %r3, %rd406;
    shr.u64 %rd407, %rd405, %r3;
    cvt.u32.u64 %r408, %rd407;
    mov.b64 %rd409, 0x3b;
    cvt.u32.u64 %r3, %rd409;
    shr.u64 %rd410, %rd284, %r3;
    cvt.u32.u64 %r411, %rd410;
    shr.u32 %r412, %r408, %r411;
    mov.b32 %r413, %r411;
    neg.s32 %r414, %r413;
    mov.b32 %r415, 0x1f;
    and.b32 %r416, %r414, %r415;
    mov.b32 %r417, %r416;
    shl.b32 %r418, %r408, %r417;
    or.b32 %r419, %r412, %r418;
    mov.b32 %r420, 0x9;
    shr.u32 %r421, %r419, %r420;
    mov.b32 %r422, 0x3f800000;
    or.b32 %r423, %r421, %r422;
    mov.b32 %f424, %r423;
    mov.b32 %f425, 0x3f800000;
    sub.ftz.f32 %f426, %f424, %f425;
    cvt.u32.u64 %r3, %rd403;
    shr.u64 %rd427, %rd364, %r3;
    xor.b64 %rd428, %rd427, %rd364;
    cvt.u32.u64 %r3, %rd406;
    shr.u64 %rd429, %rd428, %r3;
    cvt.u32.u64 %r430, %rd429;
    cvt.u32.u64 %r3, %rd409;
    shr.u64 %rd431, %rd364, %r3;
    cvt.u32.u64 %r432, %rd431;
    shr.u32 %r433, %r430, %r432;
    mov.b32 %r434, %r432;
    neg.s32 %r435, %r434;
    and.b32 %r436, %r435, %r415;
    mov.b32 %r437, %r436;
    shl.b32 %r438, %r430, %r437;
    or.b32 %r439, %r433, %r438;
    shr.u32 %r440, %r439, %r420;
    or.b32 %r441, %r440, %r422;
    mov.b32 %f442, %r441;
    sub.ftz.f32 %f443, %f442, %f425;
    cvt.u32.u64 %r3, %rd403;
    shr.u64 %rd444, %rd365, %r3;
    xor.b64 %rd445, %rd444, %rd365;
    cvt.u32.u64 %r3, %rd406;
    shr.u64 %rd446, %rd445, %r3;
    cvt.u32.u64 %r447, %rd446;
    cvt.u32.u64 %r3, %rd409;
    shr.u64 %rd448, %rd365, %r3;
    cvt.u32.u64 %r449, %rd448;
    shr.u32 %r450, %r447, %r449;
    mov.b32 %r451, %r449;
    neg.s32 %r452, %r451;
    and.b32 %r453, %r452, %r415;
    mov.b32 %r454, %r453;
    shl.b32 %r455, %r447, %r454;
    or.b32 %r456, %r450, %r455;
    shr.u32 %r457, %r456, %r420;
    or.b32 %r458, %r457, %r422;
    mov.b32 %f459, %r458;
    sub.ftz.f32 %f460, %f459, %f425;
    selp.f32 %f461, %f286, %f308, %p285;
    selp.f32 %f462, %f133, %f309, %p285;
    selp.f32 %f463, %f291, %f310, %p285;
    selp.f32 %f464, %f292, %f311, %p285;
    selp.f32 %f465, %f293, %f312, %p285;
    selp.f32 %f466, %f304, %f313, %p285;
    selp.f32 %f467, %f300, %f314, %p285;
    selp.f32 %f468, %f294, %f315, %p285;
    selp.u32 %r469, %r288, %r316, %p285;
    selp.f32 %f470, %f317, %f318, %p285;
    selp.f32 %f471, %f319, %f320, %p285;
    selp.f32 %f472, %f321, %f322, %p285;
    selp.f32 %f473, %f323, %f324, %p285;
    selp.f32 %f474, %f307, %f325, %p285;
    selp.f32 %f475, %f303, %f326, %p285;
    selp.f32 %f476, %f299, %f327, %p285;
    selp.f32 %f477, %f306, %f328, %p285;
    selp.f32 %f478, %f302, %f329, %p285;
    selp.f32 %f479, %f298, %f330, %p285;
    selp.f32 %f480, %f305, %f331, %p285;
    selp.f32 %f481, %f301, %f332, %p285;
    selp.f32 %f482, %f295, %f333, %p285;
    selp.f32 %f483, %f334, %f335, %p285;
    selp.f32 %f484, %f336, %f337, %p285;
    selp.f32 %f485, %f338, %f339, %p285;
    selp.f32 %f486, %f340, %f341, %p285;
    selp.f32 %f487, %f342, %f343, %p285;
    selp.f32 %f488, %f344, %f345, %p285;
    selp.f32 %f489, %f175, %f346, %p285;
    selp.f32 %f490, %f177, %f347, %p285;
    selp.f32 %f491, %f179, %f348, %p285;
    selp.f32 %f492, %f181, %f349, %p285;
    selp.f32 %f493, %f183, %f350, %p285;
    selp.f32 %f494, %f185, %f351, %p285;
    selp.f32 %f495, %f187, %f352, %p285;
    selp.f32 %f496, %f189, %f353, %p285;
    selp.f32 %f497, %f191, %f354, %p285;
    selp.f32 %f498, %f193, %f355, %p285;
    selp.f32 %f499, %f296, %f356, %p285;
    selp.f32 %f500, %f297, %f357, %p285;
    selp.f32 %f501, %f289, %f358, %p285;
    selp.u32 %r502, %r359, %r360, %p285;
    selp.u32 %r503, %r361, %r362, %p285;
    mov.b32 %r504, 0x0;
    setp.ne.u32 %p505, %r373, %r504;
    and.pred %p506, %p402, %p505;
    ld.const.u64 %rd507, [params+224];
    ld.const.u64 %rd508, [params+232];

    @!%p506 bra l_masked_509;

    { // VCall: mitsuba::BSDF::sample()

        mad.wide.u32 %rd3, %r373, 8, %rd507;
        ld.global.u64 %rd3, [%rd3];
        cvt.u32.u64 %r3, %rd3;
        call (%rd2), _optix_call_direct_callable, (%r3);
        shr.u64 %rd3, %rd3, 32;
        add.u64 %rd3, %rd3, %rd508;

        {
            proto: .callprototype (.param .align 4 .b8 result[12]) _(.reg .u64 data, .param .align 4 .b8 params[24]);
            .param .align 4 .b8 out[12];
            .param .align 4 .b8 in[24];
            st.param.f32 [in+0], %f296;
            st.param.f32 [in+4], %f297;
            st.param.f32 [in+8], %f289;
            st.param.f32 [in+12], %f426;
            st.param.f32 [in+16], %f443;
            st.param.f32 [in+20], %f460;
            call (out), %rd2, (%rd3, in), proto;
            ld.param.f32 %f512, [out+0];
            ld.param.f32 %f511, [out+4];
            ld.param.f32 %f510, [out+8];
        }

        bra.uni l_done_509;
    }

l_masked_509:
    mov.b32 %f512, 0;
    mov.b32 %f511, 0;
    mov.b32 %f510, 0;

l_done_509:
    not.pred %p513, %p402;
    mov.b32 %f514, 0x7f800000;
    mov.b32 %f515, 0x3f800000;
    abs.f32 %f516, %f291;
    abs.f32 %f517, %f292;
    max.ftz.f32 %f518, %f516, %f517;
    abs.f32 %f519, %f293;
    max.ftz.f32 %f520, %f518, %f519;
    add.ftz.f32 %f521, %f515, %f520;
    mov.b32 %f522, 0x38bb8000;
    mul.ftz.f32 %f523, %f521, %f522;
    mov.b32 %f524, 0x80000000;
    mul.ftz.f32 %f525, %f299, %f512;
    fma.rn.ftz.f32 %f526, %f298, %f511, %f525;
    fma.rn.ftz.f32 %f527, %f295, %f510, %f526;
    mul.ftz.f32 %f528, %f303, %f512;
    fma.rn.ftz.f32 %f529, %f302, %f511, %f528;
    fma.rn.ftz.f32 %f530, %f301, %f510, %f529;
    mul.ftz.f32 %f531, %f307, %f512;
    fma.rn.ftz.f32 %f532, %f306, %f511, %f531;
    fma.rn.ftz.f32 %f533, %f305, %f510, %f532;
    mul.ftz.f32 %f534, %f304, %f533;
    fma.rn.ftz.f32 %f535, %f300, %f530, %f534;
    fma.rn.ftz.f32 %f536, %f294, %f527, %f535;
    and.b32 %f537, %f524, %f536;
    xor.b32 %f538, %f523, %f537;
    fma.rn.ftz.f32 %f539, %f538, %f304, %f291;
    fma.rn.ftz.f32 %f540, %f538, %f300, %f292;
    fma.rn.ftz.f32 %f541, %f538, %f294, %f293;
    mov.b32 %f542, 0x0;
    mov.b32 %f543, 0x7f7fffff;
    mov.b32 %r544, 0xff;
    mov.b32 %r545, 0x0;
    mov.b32 %r546, 0x1;
    .reg.u32 %u547_out_<32>;
    @!%p402 bra l_masked_547;
    .reg.u32 %u547_payload_type, %u547_payload_count;
    mov.u32 %u547_payload_type, 0;
    mov.u32 %u547_payload_count, 6;
    call (%u547_out_0, %u547_out_1, %u547_out_2, %u547_out_3, %u547_out_4, %u547_out_5, %u547_out_6, %u547_out_7, %u547_out_8, %u547_out_9, %u547_out_10, %u547_out_11, %u547_out_12, %u547_out_13, %u547_out_14, %u547_out_15, %u547_out_16, %u547_out_17, %u547_out_18, %u547_out_19, %u547_out_20, %u547_out_21, %u547_out_22, %u547_out_23, %u547_out_24, %u547_out_25, %u547_out_26, %u547_out_27, %u547_out_28, %u547_out_29, %u547_out_30, %u547_out_31), _optix_trace_typed_32, (%u547_payload_type, %rd6, %f539, %f540, %f541, %f533, %f530, %f527, %f542, %f543, %f133, %r544, %r545, %r545, %r5jit_optix_compile(): optixPipelineCreate() failed. Please see the PTX assembly listing and error message below:

.version 6.0
.target sm_50
.address_size 64

.const .align 8 .b8 params[296];

.entry __raygen__3a66243e1300deb0223f37bb1d56b652() {
    .reg.b8   %b <846>; .reg.b16 %w<846>; .reg.b32 %r<846>;
    .reg.b64  %rd<846>; .reg.f32 %f<846>; .reg.f64 %d<846>;
    .reg.pred %p <846>;

    call (%r0), _optix_get_launch_index_x, ();
    ld.const.u32 %r1, [params + 4];
    add.u32 %r0, %r0, %r1;

body:
    ld.const.u64 %rd0, [params+8];
    ldu.global.u64 %rd6, [%rd0];
    mov.b32 %r7, 0x0;
    mov.pred %p8, 0x1;
    mov.b64 %rd9, 0x0;
    mov.b64 %rd10, 0x5851f42d4c957f2d;
    mov.u32 %r11, %r0;
    ld.const.u64 %rd0, [params+16];
    ldu.global.u32 %r12, [%rd0];
    mov.b32 %r13, 0x4;
    shl.b32 %r14, %r11, %r13;
    mov.b32 %r15, 0xa341316c;
    add.u32 %r16, %r14, %r15;
    mov.b32 %r17, 0x9e3779b9;
    add.u32 %r18, %r11, %r17;
    xor.b32 %r19, %r16, %r18;
    mov.b32 %r20, 0x5;
    shr.u32 %r21, %r11, %r20;
    mov.b32 %r22, 0xc8013ea4;
    add.u32 %r23, %r21, %r22;
    xor.b32 %r24, %r19, %r23;
    add.u32 %r25, %r12, %r24;
    shl.b32 %r26, %r25, %r13;
    mov.b32 %r27, 0xad90777d;
    add.u32 %r28, %r26, %r27;
    add.u32 %r29, %r25, %r17;
    xor.b32 %r30, %r28, %r29;
    shr.u32 %r31, %r25, %r20;
    mov.b32 %r32, 0x7e95761e;
    add.u32 %r33, %r31, %r32;
    xor.b32 %r34, %r30, %r33;
    add.u32 %r35, %r11, %r34;
    shl.b32 %r36, %r35, %r13;
    add.u32 %r37, %r36, %r15;
    mov.b32 %r38, 0x3c6ef372;
    add.u32 %r39, %r35, %r38;
    xor.b32 %r40, %r37, %r39;
    shr.u32 %r41, %r35, %r20;
    add.u32 %r42, %r41, %r22;
    xor.b32 %r43, %r40, %r42;
    add.u32 %r44, %r25, %r43;
    shl.b32 %r45, %r44, %r13;
    add.u32 %r46, %r45, %r27;
    add.u32 %r47, %r44, %r38;
    xor.b32 %r48, %r46, %r47;
    shr.u32 %r49, %r44, %r20;
    add.u32 %r50, %r49, %r32;
    xor.b32 %r51, %r48, %r50;
    add.u32 %r52, %r35, %r51;
    shl.b32 %r53, %r52, %r13;
    add.u32 %r54, %r53, %r15;
    mov.b32 %r55, 0xdaa66d2b;
    add.u32 %r56, %r52, %r55;
    xor.b32 %r57, %r54, %r56;
    shr.u32 %r58, %r52, %r20;
    add.u32 %r59, %r58, %r22;
    xor.b32 %r60, %r57, %r59;
    add.u32 %r61, %r44, %r60;
    shl.b32 %r62, %r61, %r13;
    add.u32 %r63, %r62, %r27;
    add.u32 %r64, %r61, %r55;
    xor.b32 %r65, %r63, %r64;
    shr.u32 %r66, %r61, %r20;
    add.u32 %r67, %r66, %r32;
    xor.b32 %r68, %r65, %r67;
    add.u32 %r69, %r52, %r68;
    shl.b32 %r70, %r69, %r13;
    add.u32 %r71, %r70, %r15;
    mov.b32 %r72, 0x78dde6e4;
    add.u32 %r73, %r69, %r72;
    xor.b32 %r74, %r71, %r73;
    shr.u32 %r75, %r69, %r20;
    add.u32 %r76, %r75, %r22;
    xor.b32 %r77, %r74, %r76;
    add.u32 %r78, %r61, %r77;
    shl.b32 %r79, %r78, %r13;
    add.u32 %r80, %r79, %r27;
    add.u32 %r81, %r78, %r72;
    xor.b32 %r82, %r80, %r81;
    shr.u32 %r83, %r78, %r20;
    add.u32 %r84, %r83, %r32;
    xor.b32 %r85, %r82, %r84;
    add.u32 %r86, %r69, %r85;
    cvt.u64.u32 %rd87, %r86;
    mov.b64 %rd88, 0x1;
    cvt.u32.u64 %r3, %rd88;
    shl.b64 %rd89, %rd87, %r3;
    or.b64 %rd90, %rd89, %rd88;
    mad.lo.u64 %rd91, %rd9, %rd10, %rd90;
    cvt.u64.u32 %rd92, %r78;
    add.u64 %rd93, %rd91, %rd92;
    mad.lo.u64 %rd94, %rd93, %rd10, %rd90;
    mov.b32 %f95, 0x0;
    mov.pred %p96, 0x1;
    ld.const.u64 %rd97, [params+24];
    mov.b32 %r98, %r21;
    mov.b32 %r99, %r98;
    mov.pred %p100, 0x1;
    mad.wide.u32 %rd3, %r99, 4, %rd97;
    ld.global.nc.u32 %r101, [%rd3];
    ld.const.u64 %rd102, [params+32];
    mad.wide.u32 %rd3, %r99, 4, %rd102;
    ld.global.nc.f32 %f103, [%rd3];
    mov.b32 %r104, 0x0;
    ld.const.u64 %rd105, [params+40];
    mad.wide.u32 %rd3, %r99, 4, %rd105;
    ld.global.nc.f32 %f106, [%rd3];
    ld.const.u64 %rd107, [params+48];
    mad.wide.u32 %rd3, %r99, 4, %rd107;
    ld.global.nc.f32 %f108, [%rd3];
    ld.const.u64 %rd109, [params+56];
    mad.wide.u32 %rd3, %r99, 4, %rd109;
    ld.global.nc.f32 %f110, [%rd3];
    ld.const.u64 %rd111, [params+64];
    mad.wide.u32 %rd3, %r99, 4, %rd111;
    ld.global.nc.f32 %f112, [%rd3];
    ld.const.u64 %rd113, [params+72];
    mad.wide.u32 %rd3, %r99, 4, %rd113;
    ld.global.nc.f32 %f114, [%rd3];
    ld.const.u64 %rd115, [params+80];
    mad.wide.u32 %rd3, %r99, 4, %rd115;
    ld.global.nc.f32 %f116, [%rd3];
    ld.const.u64 %rd117, [params+88];
    mad.wide.u32 %rd3, %r99, 4, %rd117;
    ld.global.nc.f32 %f118, [%rd3];
    ld.const.u64 %rd119, [params+96];
    mad.wide.u32 %rd3, %r99, 4, %rd119;
    ld.global.nc.f32 %f120, [%rd3];
    ld.const.u64 %rd121, [params+104];
    mad.wide.u32 %rd3, %r99, 4, %rd121;
    ld.global.nc.f32 %f122, [%rd3];
    ld.const.u64 %rd123, [params+112];
    mad.wide.u32 %rd3, %r99, 4, %rd123;
    ld.global.nc.f32 %f124, [%rd3];
    ld.const.u64 %rd125, [params+120];
    mad.wide.u32 %rd3, %r99, 4, %rd125;
    ld.global.nc.f32 %f126, [%rd3];
    ld.const.u64 %rd127, [params+128];
    mad.wide.u32 %rd3, %r99, 4, %rd127;
    ld.global.nc.f32 %f128, [%rd3];
    ld.const.u64 %rd129, [params+136];
    mad.wide.u32 %rd3, %r99, 4, %rd129;
    ld.global.nc.f32 %f130, [%rd3];
    ld.const.u64 %rd131, [params+144];
    mad.wide.u32 %rd3, %r99, 4, %rd131;
    ld.global.nc.f32 %f132, [%rd3];
    mov.b32 %f133, 0x0;
    mov.b32 %f134, 0x7f800000;
    mov.b32 %f135, 0x0;
    mov.b32 %f136, 0x0;
    mov.b32 %f137, 0x0;
    mov.b32 %f138, 0x0;
    mov.b32 %f139, 0x0;
    mov.b32 %f140, 0x0;
    mov.b32 %f141, 0x0;
    ld.const.u64 %rd142, [params+152];
    mad.wide.u32 %rd3, %r99, 4, %rd142;
    ld.global.nc.f32 %f143, [%rd3];
    mov.b32 %f144, 0x0;
    ld.const.u64 %rd145, [params+160];
    mad.wide.u32 %rd3, %r99, 4, %rd145;
    ld.global.nc.f32 %f146, [%rd3];
    mov.b32 %f147, 0x0;
    ld.const.u64 %rd148, [params+168];
    mad.wide.u32 %rd3, %r99, 4, %rd148;
    ld.global.nc.f32 %f149, [%rd3];
    mov.b32 %f150, 0x0;
    ld.const.u64 %rd151, [params+176];
    mad.wide.u32 %rd3, %r99, 4, %rd151;
    ld.global.nc.f32 %f152, [%rd3];
    mov.b32 %f153, 0x0;
    mov.b32 %f154, 0x0;
    mov.b32 %f155, 0x0;
    mov.b32 %f156, 0x0;
    mov.b32 %f157, 0x0;
    mov.b32 %f158, 0x0;
    mov.b32 %f159, 0x0;
    mov.b32 %f160, 0x0;
    mov.b32 %f161, 0x0;
    mov.b32 %f162, 0x0;
    mov.b32 %f163, 0x0;
    mov.b32 %f164, 0x0;
    mov.b32 %f165, 0x0;
    mov.b32 %f166, 0x0;
    mov.b32 %f167, 0x0;
    mov.b32 %f168, 0x0;
    mov.b32 %f169, 0x0;
    mov.b32 %f170, 0x0;
    mov.b32 %f171, 0x0;
    mov.b32 %f172, 0x0;
    mov.b32 %f173, 0x0;
    mov.b32 %f174, 0x0;
    mov.b32 %f175, 0x0;
    mov.b32 %f176, 0x0;
    mov.b32 %f177, 0x0;
    mov.b32 %f178, 0x0;
    mov.b32 %f179, 0x0;
    mov.b32 %f180, 0x0;
    mov.b32 %f181, 0x0;
    mov.b32 %f182, 0x0;
    mov.b32 %f183, 0x0;
    mov.b32 %f184, 0x0;
    mov.b32 %f185, 0x0;
    mov.b32 %f186, 0x0;
    mov.b32 %f187, 0x0;
    mov.b32 %f188, 0x0;
    mov.b32 %f189, 0x0;
    mov.b32 %f190, 0x0;
    mov.b32 %f191, 0x0;
    mov.b32 %f192, 0x0;
    mov.b32 %f193, 0x0;
    mov.b32 %f194, 0x0;
    mov.b32 %f195, 0x0;
    mov.b32 %f196, 0x0;
    mov.b32 %f197, 0x0;
    ld.const.u64 %rd198, [params+184];
    mad.wide.u32 %rd3, %r99, 4, %rd198;
    ld.global.nc.u32 %r199, [%rd3];
    mov.b32 %r200, 0x0;
    mov.b32 %r201, 0x0;
    mov.b32 %r202, 0x0;
    mov.u32 %r203, %r7;
    mov.pred %p204, %p8;
    mov.u64 %rd205, %rd94;
    mov.f32 %f206, %f95;
    mov.pred %p207, %p96;
    mov.u32 %r208, %r101;
    mov.f32 %f209, %f103;
    mov.u32 %r210, %r104;
    mov.f32 %f211, %f106;
    mov.f32 %f212, %f108;
    mov.f32 %f213, %f110;
    mov.f32 %f214, %f112;
    mov.f32 %f215, %f112;
    mov.f32 %f216, %f114;
    mov.f32 %f217, %f116;
    mov.f32 %f218, %f118;
    mov.f32 %f219, %f120;
    mov.f32 %f220, %f122;
    mov.f32 %f221, %f122;
    mov.f32 %f222, %f124;
    mov.f32 %f223, %f126;
    mov.f32 %f224, %f128;
    mov.f32 %f225, %f128;
    mov.f32 %f226, %f130;
    mov.f32 %f227, %f132;
    mov.f32 %f228, %f134;
    mov.f32 %f229, %f135;
    mov.f32 %f230, %f136;
    mov.f32 %f231, %f137;
    mov.f32 %f232, %f138;
    mov.f32 %f233, %f139;
    mov.f32 %f234, %f140;
    mov.f32 %f235, %f141;
    mov.f32 %f236, %f143;
    mov.f32 %f237, %f144;
    mov.f32 %f238, %f146;
    mov.f32 %f239, %f147;
    mov.f32 %f240, %f149;
    mov.f32 %f241, %f150;
    mov.f32 %f242, %f152;
    mov.f32 %f243, %f153;
    mov.f32 %f244, %f154;
    mov.f32 %f245, %f155;
    mov.f32 %f246, %f156;
    mov.f32 %f247, %f157;
    mov.f32 %f248, %f158;
    mov.f32 %f249, %f159;
    mov.f32 %f250, %f160;
    mov.f32 %f251, %f161;
    mov.f32 %f252, %f162;
    mov.f32 %f253, %f163;
    mov.f32 %f254, %f164;
    mov.f32 %f255, %f165;
    mov.f32 %f256, %f166;
    mov.f32 %f257, %f167;
    mov.f32 %f258, %f168;
    mov.f32 %f259, %f169;
    mov.f32 %f260, %f170;
    mov.f32 %f261, %f171;
    mov.f32 %f262, %f172;
    mov.f32 %f263, %f173;
    mov.f32 %f264, %f174;
    mov.f32 %f265, %f176;
    mov.f32 %f266, %f178;
    mov.f32 %f267, %f180;
    mov.f32 %f268, %f182;
    mov.f32 %f269, %f184;
    mov.f32 %f270, %f186;
    mov.f32 %f271, %f188;
    mov.f32 %f272, %f190;
    mov.f32 %f273, %f192;
    mov.f32 %f274, %f194;
    mov.f32 %f275, %f195;
    mov.f32 %f276, %f196;
    mov.f32 %f277, %f197;
    mov.u32 %r278, %r199;
    mov.u32 %r279, %r200;
    mov.u32 %r280, %r201;
    mov.u32 %r281, %r202;

l_282_cond: // Loop (first smooth surface)
    @!%p204 bra l_282_done;

l_282_body:
    mov.u64 %rd284, %rd205;
    mov.pred %p285, %p204;
    mov.f32 %f286, %f206;
    mov.pred %p287, %p207;
    mov.u32 %r288, %r208;
    mov.f32 %f289, %f209;
    mov.u32 %r290, %r210;
    mov.f32 %f291, %f211;
    mov.f32 %f292, %f212;
    mov.f32 %f293, %f213;
    mov.f32 %f294, %f214;
    mov.f32 %f295, %f215;
    mov.f32 %f296, %f216;
    mov.f32 %f297, %f217;
    mov.f32 %f298, %f218;
    mov.f32 %f299, %f219;
    mov.f32 %f300, %f220;
    mov.f32 %f301, %f221;
    mov.f32 %f302, %f222;
    mov.f32 %f303, %f223;
    mov.f32 %f304, %f224;
    mov.f32 %f305, %f225;
    mov.f32 %f306, %f226;
    mov.f32 %f307, %f227;
    mov.f32 %f308, %f228;
    mov.f32 %f309, %f229;
    mov.f32 %f310, %f230;
    mov.f32 %f311, %f231;
    mov.f32 %f312, %f232;
    mov.f32 %f313, %f233;
    mov.f32 %f314, %f234;
    mov.f32 %f315, %f235;
    mov.u32 %r316, %r203;
    mov.f32 %f317, %f236;
    mov.f32 %f318, %f237;
    mov.f32 %f319, %f238;
    mov.f32 %f320, %f239;
    mov.f32 %f321, %f240;
    mov.f32 %f322, %f241;
    mov.f32 %f323, %f242;
    mov.f32 %f324, %f243;
    mov.f32 %f325, %f244;
    mov.f32 %f326, %f245;
    mov.f32 %f327, %f246;
    mov.f32 %f328, %f247;
    mov.f32 %f329, %f248;
    mov.f32 %f330, %f249;
    mov.f32 %f331, %f250;
    mov.f32 %f332, %f251;
    mov.f32 %f333, %f252;
    mov.f32 %f334, %f253;
    mov.f32 %f335, %f254;
    mov.f32 %f336, %f255;
    mov.f32 %f337, %f256;
    mov.f32 %f338, %f257;
    mov.f32 %f339, %f258;
    mov.f32 %f340, %f259;
    mov.f32 %f341, %f260;
    mov.f32 %f342, %f261;
    mov.f32 %f343, %f262;
    mov.f32 %f344, %f263;
    mov.f32 %f345, %f264;
    mov.f32 %f346, %f265;
    mov.f32 %f347, %f266;
    mov.f32 %f348, %f267;
    mov.f32 %f349, %f268;
    mov.f32 %f350, %f269;
    mov.f32 %f351, %f270;
    mov.f32 %f352, %f271;
    mov.f32 %f353, %f272;
    mov.f32 %f354, %f273;
    mov.f32 %f355, %f274;
    mov.f32 %f356, %f275;
    mov.f32 %f357, %f276;
    mov.f32 %f358, %f277;
    mov.u32 %r359, %r278;
    mov.u32 %r360, %r279;
    mov.u32 %r361, %r280;
    mov.u32 %r362, %r281;
    mov.b64 %rd363, 0x5851f42d4c957f2d;
    mad.lo.u64 %rd364, %rd284, %rd363, %rd90;
    mad.lo.u64 %rd365, %rd364, %rd363, %rd90;
    mad.lo.u64 %rd366, %rd365, %rd363, %rd90;
    mov.b32 %f367, 0x7f800000;
    setp.ne.f32 %p368, %f286, %f367;
    ld.const.u64 %rd369, [params+192];
    ld.const.u64 %rd370, [params+200];
    mov.b32 %r371, 0x0;
    setp.ne.u32 %p372, %r288, %r371;
    @!%p372 bra l_373_masked;
    mad.wide.u32 %rd3, %r288, 4, %rd370;
    ld.global.nc.u32 %r373, [%rd3];
    bra.uni l_373_done;

l_373_masked:
    mov.b32 %r373, 0;

l_373_done:
    setp.ne.u32 %p374, %r373, %r371;
    @!%p374 bra l_375_masked;
    mad.wide.u32 %rd3, %r373, 4, %rd369;
    ld.global.nc.u32 %r375, [%rd3];
    bra.uni l_375_done;

l_375_masked:
    mov.b32 %r375, 0;

l_375_done:
    mov.b32 %r376, 0x1;
    and.b32 %r377, %r375, %r376;
    setp.ne.u32 %p378, %r377, %r371;
    ld.const.u64 %rd379, [params+208];
    @!%p374 bra l_380_masked;
    mad.wide.u32 %rd3, %r373, 4, %rd379;
    ld.global.nc.u32 %r380, [%rd3];
    bra.uni l_380_done;

l_380_masked:
    mov.b32 %r380, 0;

l_380_done:
    mov.b32 %r381, 0x10000;
    and.b32 %r382, %r380, %r381;
    setp.ne.u32 %p383, %r382, %r371;
    not.pred %p384, %p383;
    mov.b32 %f385, 0x0;
    setp.lt.f32 %p386, %f289, %f385;
    and.pred %p387, %p384, %p386;
    or.pred %p388, %p378, %p387;
    and.pred %p389, %p287, %p388;
    not.pred %p390, %p389;
    and.pred %p391, %p368, %p390;
    mov.b32 %r392, 0x10;
    setp.lo.u32 %p393, %r290, %r392;
    and.pred %p394, %p391, %p393;
    and.pred %p395, %p285, %p394;
    ld.const.u64 %rd396, [params+216];
    @!%p374 bra l_397_masked;
    mad.wide.u32 %rd3, %r373, 4, %rd396;
    ld.global.nc.u32 %r397, [%rd3];
    bra.uni l_397_done;

l_397_masked:
    mov.b32 %r397, 0;

l_397_done:
    mov.b32 %r398, 0x1e;
    and.b32 %r399, %r397, %r398;
    setp.ne.u32 %p400, %r399, %r371;
    not.pred %p401, %p400;
    and.pred %p402, %p395, %p401;
    mov.b64 %rd403, 0x12;
    cvt.u32.u64 %r3, %rd403;
    shr.u64 %rd404, %rd284, %r3;
    xor.b64 %rd405, %rd404, %rd284;
    mov.b64 %rd406, 0x1b;
    cvt.u32.u64 %r3, %rd406;
    shr.u64 %rd407, %rd405, %r3;
    cvt.u32.u64 %r408, %rd407;
    mov.b64 %rd409, 0x3b;
    cvt.u32.u64 %r3, %rd409;
    shr.u64 %rd410, %rd284, %r3;
    cvt.u32.u64 %r411, %rd410;
    shr.u32 %r412, %r408, %r411;
    mov.b32 %r413, %r411;
    neg.s32 %r414, %r413;
    mov.b32 %r415, 0x1f;
    and.b32 %r416, %r414, %r415;
    mov.b32 %r417, %r416;
    shl.b32 %r418, %r408, %r417;
    or.b32 %r419, %r412, %r418;
    mov.b32 %r420, 0x9;
    shr.u32 %r421, %r419, %r420;
    mov.b32 %r422, 0x3f800000;
    or.b32 %r423, %r421, %r422;
    mov.b32 %f424, %r423;
    mov.b32 %f425, 0x3f800000;
    sub.ftz.f32 %f426, %f424, %f425;
    cvt.u32.u64 %r3, %rd403;
    shr.u64 %rd427, %rd364, %r3;
    xor.b64 %rd428, %rd427, %rd364;
    cvt.u32.u64 %r3, %rd406;
    shr.u64 %rd429, %rd428, %r3;
    cvt.u32.u64 %r430, %rd429;
    cvt.u32.u64 %r3, %rd409;
    shr.u64 %rd431, %rd364, %r3;
    cvt.u32.u64 %r432, %rd431;
    shr.u32 %r433, %r430, %r432;
    mov.b32 %r434, %r432;
    neg.s32 %r435, %r434;
    and.b32 %r436, %r435, %r415;
    mov.b32 %r437, %r436;
    shl.b32 %r438, %r430, %r437;
    or.b32 %r439, %r433, %r438;
    shr.u32 %r440, %r439, %r420;
    or.b32 %r441, %r440, %r422;
    mov.b32 %f442, %r441;
    sub.ftz.f32 %f443, %f442, %f425;
    cvt.u32.u64 %r3, %rd403;
    shr.u64 %rd444, %rd365, %r3;
    xor.b64 %rd445, %rd444, %rd365;
    cvt.u32.u64 %r3, %rd406;
    shr.u64 %rd446, %rd445, %r3;
    cvt.u32.u64 %r447, %rd446;
    cvt.u32.u64 %r3, %rd409;
    shr.u64 %rd448, %rd365, %r3;
    cvt.u32.u64 %r449, %rd448;
    shr.u32 %r450, %r447, %r449;
    mov.b32 %r451, %r449;
    neg.s32 %r452, %r451;
    and.b32 %r453, %r452, %r415;
    mov.b32 %r454, %r453;
    shl.b32 %r455, %r447, %r454;
    or.b32 %r456, %r450, %r455;
    shr.u32 %r457, %r456, %r420;
    or.b32 %r458, %r457, %r422;
    mov.b32 %f459, %r458;
    sub.ftz.f32 %f460, %f459, %f425;
    selp.f32 %f461, %f286, %f308, %p285;
    selp.f32 %f462, %f133, %f309, %p285;
    selp.f32 %f463, %f291, %f310, %p285;
    selp.f32 %f464, %f292, %f311, %p285;
    selp.f32 %f465, %f293, %f312, %p285;
    selp.f32 %f466, %f304, %f313, %p285;
    selp.f32 %f467, %f300, %f314, %p285;
    selp.f32 %f468, %f294, %f315, %p285;
    selp.u32 %r469, %r288, %r316, %p285;
    selp.f32 %f470, %f317, %f318, %p285;
    selp.f32 %f471, %f319, %f320, %p285;
    selp.f32 %f472, %f321, %f322, %p285;
    selp.f32 %f473, %f323, %f324, %p285;
    selp.f32 %f474, %f307, %f325, %p285;
    selp.f32 %f475, %f303, %f326, %p285;
    selp.f32 %f476, %f299, %f327, %p285;
    selp.f32 %f477, %f306, %f328, %p285;
    selp.f32 %f478, %f302, %f329, %p285;
    selp.f32 %f479, %f298, %f330, %p285;
    selp.f32 %f480, %f305, %f331, %p285;
    selp.f32 %f481, %f301, %f332, %p285;
    selp.f32 %f482, %f295, %f333, %p285;
    selp.f32 %f483jit_optix_compile(): optixPipelineCreate() failed. Please see the PTX assembly listing and error message below:

.version 6.0
.target sm_50
.address_size 64

.const .align 8 .b8 params[296];

.entry __raygen__3a66243e1300deb0223f37bb1d56b652() {
    .reg.b8   %b <846>; .reg.b16 %w<846>; .reg.b32 %r<846>;
    .reg.b64  %rd<846>; .reg.f32 %f<846>; .reg.f64 %d<846>;
    .reg.pred %p <846>;

    call (%r0), _optix_get_launch_index_x, ();
    ld.const.u32 %r1, [params + 4];
    add.u32 %r0, %r0, %r1;

body:
    ld.const.u64 %rd0, [params+8];
    ldu.global.u64 %rd6, [%rd0];
    mov.b32 %r7, 0x0;
    mov.pred %p8, 0x1;
    mov.b64 %rd9, 0x0;
    mov.b64 %rd10, 0x5851f42d4c957f2d;
    mov.u32 %r11, %r0;
    ld.const.u64 %rd0, [params+16];
    ldu.global.u32 %r12, [%rd0];
    mov.b32 %r13, 0x4;
    shl.b32 %r14, %r11, %r13;
    mov.b32 %r15, 0xa341316c;
    add.u32 %r16, %r14, %r15;
    mov.b32 %r17, 0x9e3779b9;
    add.u32 %r18, %r11, %r17;
    xor.b32 %r19, %r16, %r18;
    mov.b32 %r20, 0x5;
    shr.u32 %r21, %r11, %r20;
    mov.b32 %r22, 0xc8013ea4;
    add.u32 %r23, %r21, %r22;
    xor.b32 %r24, %r19, %r23;
    add.u32 %r25, %r12, %r24;
    shl.b32 %r26, %r25, %r13;
    mov.b32 %r27, 0xad90777d;
    add.u32 %r28, %r26, %r27;
    add.u32 %r29, %r25, %r17;
    xor.b32 %r30, %r28, %r29;
    shr.u32 %r31, %r25, %r20;
    mov.b32 %r32, 0x7e95761e;
    add.u32 %r33, %r31, %r32;
    xor.b32 %r34, %r30, %r33;
    add.u32 %r35, %r11, %r34;
    shl.b32 %r36, %r35, %r13;
    add.u32 %r37, %r36, %r15;
    mov.b32 %r38, 0x3c6ef372;
    add.u32 %r39, %r35, %r38;
    xor.b32 %r40, %r37, %r39;
    shr.u32 %r41, %r35, %r20;
    add.u32 %r42, %r41, %r22;
    xor.b32 %r43, %r40, %r42;
    add.u32 %r44, %r25, %r43;
    shl.b32 %r45, %r44, %r13;
    add.u32 %r46, %r45, %r27;
    add.u32 %r47, %r44, %r38;
    xor.b32 %r48, %r46, %r47;
    shr.u32 %r49, %r44, %r20;
    add.u32 %r50, %r49, %r32;
    xor.b32 %r51, %r48, %r50;
    add.u32 %r52, %r35, %r51;
    shl.b32 %r53, %r52, %r13;
    add.u32 %r54, %r53, %r15;
    mov.b32 %r55, 0xdaa66d2b;
    add.u32 %r56, %r52, %r55;
    xor.b32 %r57, %r54, %r56;
    shr.u32 %r58, %r52, %r20;
    add.u32 %r59, %r58, %r22;
    xor.b32 %r60, %r57, %r59;
    add.u32 %r61, %r44, %r60;
    shl.b32 %r62, %r61, %r13;
    add.u32 %r63, %r62, %r27;
    add.u32 %r64, %r61, %r55;
    xor.b32 %r65, %r63, %r64;
    shr.u32 %r66, %r61, %r20;
    add.u32 %r67, %r66, %r32;
    xor.b32 %r68, %r65, %r67;
    add.u32 %r69, %r52, %r68;
    shl.b32 %r70, %r69, %r13;
    add.u32 %r71, %r70, %r15;
    mov.b32 %r72, 0x78dde6e4;
    add.u32 %r73, %r69, %r72;
    xor.b32 %r74, %r71, %r73;
    shr.u32 %r75, %r69, %r20;
    add.u32 %r76, %r75, %r22;
    xor.b32 %r77, %r74, %r76;
    add.u32 %r78, %r61, %r77;
    shl.b32 %r79, %r78, %r13;
    add.u32 %r80, %r79, %r27;
    add.u32 %r81, %r78, %r72;
    xor.b32 %r82, %r80, %r81;
    shr.u32 %r83, %r78, %r20;
    add.u32 %r84, %r83, %r32;
    xor.b32 %r85, %r82, %r84;
    add.u32 %r86, %r69, %r85;
    cvt.u64.u32 %rd87, %r86;
    mov.b64 %rd88, 0x1;
    cvt.u32.u64 %r3, %rd88;
    shl.b64 %rd89, %rd87, %r3;
    or.b64 %rd90, %rd89, %rd88;
    mad.lo.u64 %rd91, %rd9, %rd10, %rd90;
    cvt.u64.u32 %rd92, %r78;
    add.u64 %rd93, %rd91, %rd92;
    mad.lo.u64 %rd94, %rd93, %rd10, %rd90;
    mov.b32 %f95, 0x0;
    mov.pred %p96, 0x1;
    ld.const.u64 %rd97, [params+24];
    mov.b32 %r98, %r21;
    mov.b32 %r99, %r98;
    mov.pred %p100, 0x1;
    mad.wide.u32 %rd3, %r99, 4, %rd97;
    ld.global.nc.u32 %r101, [%rd3];
    ld.const.u64 %rd102, [params+32];
    mad.wide.u32 %rd3, %r99, 4, %rd102;
    ld.global.nc.f32 %f103, [%rd3];
    mov.b32 %r104, 0x0;
    ld.const.u64 %rd105, [params+40];
    mad.wide.u32 %rd3, %r99, 4, %rd105;
    ld.global.nc.f32 %f106, [%rd3];
    ld.const.u64 %rd107, [params+48];
    mad.wide.u32 %rd3, %r99, 4, %rd107;
    ld.global.nc.f32 %f108, [%rd3];
    ld.const.u64 %rd109, [params+56];
    mad.wide.u32 %rd3, %r99, 4, %rd109;
    ld.global.nc.f32 %f110, [%rd3];
    ld.const.u64 %rd111, [params+64];
    mad.wide.u32 %rd3, %r99, 4, %rd111;
    ld.global.nc.f32 %f112, [%rd3];
    ld.const.u64 %rd113, [params+72];
    mad.wide.u32 %rd3, %r99, 4, %rd113;
    ld.global.nc.f32 %f114, [%rd3];
    ld.const.u64 %rd115, [params+80];
    mad.wide.u32 %rd3, %r99, 4, %rd115;
    ld.global.nc.f32 %f116, [%rd3];
    ld.const.u64 %rd117, [params+88];
    mad.wide.u32 %rd3, %r99, 4, %rd117;
    ld.global.nc.f32 %f118, [%rd3];
    ld.const.u64 %rd119, [params+96];
    mad.wide.u32 %rd3, %r99, 4, %rd119;
    ld.global.nc.f32 %f120, [%rd3];
    ld.const.u64 %rd121, [params+104];
    mad.wide.u32 %rd3, %r99, 4, %rd121;
    ld.global.nc.f32 %f122, [%rd3];
    ld.const.u64 %rd123, [params+112];
    mad.wide.u32 %rd3, %r99, 4, %rd123;
    ld.global.nc.f32 %f124, [%rd3];
    ld.const.u64 %rd125, [params+120];
    mad.wide.u32 %rd3, %r99, 4, %rd125;
    ld.global.nc.f32 %f126, [%rd3];
    ld.const.u64 %rd127, [params+128];
    mad.wide.u32 %rd3, %r99, 4, %rd127;
    ld.global.nc.f32 %f128, [%rd3];
    ld.const.u64 %rd129, [params+136];
    mad.wide.u32 %rd3, %r99, 4, %rd129;
    ld.global.nc.f32 %f130, [%rd3];
    ld.const.u64 %rd131, [params+144];
    mad.wide.u32 %rd3, %r99, 4, %rd131;
    ld.global.nc.f32 %f132, [%rd3];
    mov.b32 %f133, 0x0;
    mov.b32 %f134, 0x7f800000;
    mov.b32 %f135, 0x0;
    mov.b32 %f136, 0x0;
    mov.b32 %f137, 0x0;
    mov.b32 %f138, 0x0;
    mov.b32 %f139, 0x0;
    mov.b32 %f140, 0x0;
    mov.b32 %f141, 0x0;
    ld.const.u64 %rd142, [params+152];
    mad.wide.u32 %rd3, %r99, 4, %rd142;
    ld.global.nc.f32 %f143, [%rd3];
    mov.b32 %f144, 0x0;
    ld.const.u64 %rd145, [params+160];
    mad.wide.u32 %rd3, %r99, 4, %rd145;
    ld.global.nc.f32 %f146, [%rd3];
    mov.b32 %f147, 0x0;
    ld.const.u64 %rd148, [params+168];
    mad.wide.u32 %rd3, %r99, 4, %rd148;
    ld.global.nc.f32 %f149, [%rd3];
    mov.b32 %f150, 0x0;
    ld.const.u64 %rd151, [params+176];
    mad.wide.u32 %rd3, %r99, 4, %rd151;
    ld.global.nc.f32 %f152, [%rd3];
    mov.b32 %f153, 0x0;
    mov.b32 %f154, 0x0;
    mov.b32 %f155, 0x0;
    mov.b32 %f156, 0x0;
    mov.b32 %f157, 0x0;
    mov.b32 %f158, 0x0;
    mov.b32 %f159, 0x0;
    mov.b32 %f160, 0x0;
    mov.b32 %f161, 0x0;
    mov.b32 %f162, 0x0;
    mov.b32 %f163, 0x0;
    mov.b32 %f164, 0x0;
    mov.b32 %f165, 0x0;
    mov.b32 %f166, 0x0;
    mov.b32 %f167, 0x0;
    mov.b32 %f168, 0x0;
    mov.b32 %f169, 0x0;
    mov.b32 %f170, 0x0;
    mov.b32 %f171, 0x0;
    mov.b32 %f172, 0x0;
    mov.b32 %f173, 0x0;
    mov.b32 %f174, 0x0;
    mov.b32 %f175, 0x0;
    mov.b32 %f176, 0x0;
    mov.b32 %f177, 0x0;
    mov.b32 %f178, 0x0;
    mov.b32 %f179, 0x0;
    mov.b32 %f180, 0x0;
    mov.b32 %f181, 0x0;
    mov.b32 %f182, 0x0;
    mov.b32 %f183, 0x0;
    mov.b32 %f184, 0x0;
    mov.b32 %f185, 0x0;
    mov.b32 %f186, 0x0;
    mov.b32 %f187, 0x0;
    mov.b32 %f188, 0x0;
    mov.b32 %f189, 0x0;
    mov.b32 %f190, 0x0;
    mov.b32 %f191, 0x0;
    mov.b32 %f192, 0x0;
    mov.b32 %f193, 0x0;
    mov.b32 %f194, 0x0;
    mov.b32 %f195, 0x0;
    mov.b32 %f196, 0x0;
    mov.b32 %f197, 0x0;
    ld.const.u64 %rd198, [params+184];
    mad.wide.u32 %rd3, %r99, 4, %rd198;
    ld.global.nc.u32 %r199, [%rd3];
    mov.b32 %r200, 0x0;
    mov.b32 %r201, 0x0;
    mov.b32 %r202, 0x0;
    mov.u32 %r203, %r7;
    mov.pred %p204, %p8;
    mov.u64 %rd205, %rd94;
    mov.f32 %f206, %f95;
    mov.pred %p207, %p96;
    mov.u32 %r208, %r101;
    mov.f32 %f209, %f103;
    mov.u32 %r210, %r104;
    mov.f32 %f211, %f106;
    mov.f32 %f212, %f108;
    mov.f32 %f213, %f110;
    mov.f32 %f214, %f112;
    mov.f32 %f215, %f112;
    mov.f32 %f216, %f114;
    mov.f32 %f217, %f116;
    mov.f32 %f218, %f118;
    mov.f32 %f219, %f120;
    mov.f32 %f220, %f122;
    mov.f32 %f221, %f122;
    mov.f32 %f222, %f124;
    mov.f32 %f223, %f126;
    mov.f32 %f224, %f128;
    mov.f32 %f225, %f128;
    mov.f32 %f226, %f130;
    mov.f32 %f227, %f132;
    mov.f32 %f228, %f134;
    mov.f32 %f229, %f135;
    mov.f32 %f230, %f136;
    mov.f32 %f231, %f137;
    mov.f32 %f232, %f138;
    mov.f32 %f233, %f139;
    mov.f32 %f234, %f140;
    mov.f32 %f235, %f141;
    mov.f32 %f236, %f143;
    mov.f32 %f237, %f144;
    mov.f32 %f238, %f146;
    mov.f32 %f239, %f147;
    mov.f32 %f240, %f149;
    mov.f32 %f241, %f150;
    mov.f32 %f242, %f152;
    mov.f32 %f243, %f153;
    mov.f32 %f244, %f154;
    mov.f32 %f245, %f155;
    mov.f32 %f246, %f156;
    mov.f32 %f247, %f157;
    mov.f32 %f248, %f158;
    mov.f32 %f249, %f159;
    mov.f32 %f250, %f160;
    mov.f32 %f251, %f161;
    mov.f32 %f252, %f162;
    mov.f32 %f253, %f163;
    mov.f32 %f254, %f164;
    mov.f32 %f255, %f165;
    mov.f32 %f256, %f166;
    mov.f32 %f257, %f167;
    mov.f32 %f258, %f168;
    mov.f32 %f259, %f169;
    mov.f32 %f260, %f170;
    mov.f32 %f261, %f171;
    mov.f32 %f262, %f172;
    mov.f32 %f263, %f173;
    mov.f32 %f264, %f174;
    mov.f32 %f265, %f176;
    mov.f32 %f266, %f178;
    mov.f32 %f267, %f180;
    mov.f32 %f268, %f182;
    mov.f32 %f269, %f184;
    mov.f32 %f270, %f186;
    mov.f32 %f271, %f188;
    mov.f32 %f272, %f190;
    mov.f32 %f273, %f192;
    mov.f32 %f274, %f194;
    mov.f32 %f275, %f195;
    mov.f32 %f276, %f196;
    mov.f32 %f277, %f197;
    mov.u32 %r278, %r199;
    mov.u32 %r279, %r200;
    mov.u32 %r280, %r201;
    mov.u32 %r281, %r202;

l_282_cond: // Loop (first smooth surface)
    @!%p204 bra l_282_done;

l_282_body:
    mov.u64 %rd284, %rd205;
    mov.pred %p285, %p204;
    mov.f32 %f286, %f206;
    mov.pred %p287, %p207;
    mov.u32 %r288, %r208;
    mov.f32 %f289, %f209;
    mov.u32 %r290, %r210;
    mov.f32 %f291, %f211;
    mov.f32 %f292, %f212;
    mov.f32 %f293, %f213;
    mov.f32 %f294, %f214;
    mov.f32 %f295, %f215;
    mov.f32 %f296, %f216;
    mov.f32 %f297, %f217;
    mov.f32 %f298, %f218;
    mov.f32 %f299, %f219;
    mov.f32 %f300, %f220;
    mov.f32 %f301, %f221;
    mov.f32 %f302, %f222;
    mov.f32 %f303, %f223;
    mov.f32 %f304, %f224;
    mov.f32 %f305, %f225;
    mov.f32 %f306, %f226;
    mov.f32 %f307, %f227;
    mov.f32 %f308, %f228;
    mov.f32 %f309, %f229;
    mov.f32 %f310, %f230;
    mov.f32 %f311, %f231;
    mov.f32 %f312, %f232;
    mov.f32 %f313, %f233;
    mov.f32 %f314, %f234;
    mov.f32 %f315, %f235;
    mov.u32 %r316, %r203;
    mov.f32 %f317, %f236;
    mov.f32 %f318, %f237;
    mov.f32 %f319, %f238;
    mov.f32 %f320, %f239;
    mov.f32 %f321, %f240;
    mov.f32 %f322, %f241;
    mov.f32 %f323, %f242;
    mov.f32 %f324, %f243;
    mov.f32 %f325, %f244;
    mov.f32 %f326, %f245;
    mov.f32 %f327, %f246;
    mov.f32 %f328, %f247;
    mov.f32 %f329, %f248;
    mov.f32 %f330, %f249;
    mov.f32 %f331, %f250;
    mov.f32 %f332, %f251;
    mov.f32 %f333, %f252;
    mov.f32 %f334, %f253;
    mov.f32 %f335, %f254;
    mov.f32 %f336, %f255;
    mov.f32 %f337, %f256;
    mov.f32 %f338, %f257;
    mov.f32 %f339, %f258;
    mov.f32 %f340, %f259;
    mov.f32 %f341, %f260;
    mov.f32 %f342, %f261;
    mov.f32 %f343, %f262;
    mov.f32 %f344, %f263;
    mov.f32 %f345, %f264;
    mov.f32 %f346, %f265;
    mov.f32 %f347, %f266;
    mov.f32 %f348, %f267;
    mov.f32 %f349, %f268;
    mov.f32 %f350, %f269;
    mov.f32 %f351, %f270;
    mov.f32 %f352, %f271;
    mov.f32 %f353, %f272;
    mov.f32 %f354, %f273;
    mov.f32 %f355, %f274;
    mov.f32 %f356, %f275;
    mov.f32 %f357, %f276;
    mov.f32 %f358, %f277;
    mov.u32 %r359, %r278;
    mov.u32 %r360, %r279;
    mov.u32 %r361, %r280;
    mov.u32 %r362, %r281;
    mov.b64 %rd363, 0x5851f42d4c957f2d;
    mad.lo.u64 %rd364, %rd284, %rd363, %rd90;
    mad.lo.u64 %rd365, %rd364, %rd363, %rd90;
    mad.lo.u64 %rd366, %rd365, %rd363, %rd90;
    mov.b32 %f367, 0x7f800000;
    setp.ne.f32 %p368, %f286, %f367;
    ld.const.u64 %rd369, [params+192];
    ld.const.u64 %rd370, [params+200];
    mov.b32 %r371, 0x0;
    setp.ne.u32 %p372, %r288, %r371;
    @!%p372 bra l_373_masked;
    mad.wide.u32 %rd3, %r288, 4, %rd370;
    ld.global.nc.u32 %r373, [%rd3];
    bra.uni l_373_done;

l_373_masked:
    mov.b32 %r373, 0;

l_373_done:
    setp.ne.u32 %p374, %r373, %r371;
    @!%p374 bra l_375_masked;
    mad.wide.u32 %rd3, %r373, 4, %rd369;
    ld.global.nc.u32 %r375, [%rd3];
    bra.uni l_375_done;

l_375_masked:
    mov.b32 %r375, 0;

l_375_done:
    mov.b32 %r376, 0x1;
    and.b32 %r377, %r375, %r376;
    setp.ne.u32 %p378, %r377, %r371;
    ld.const.u64 %rd379, [params+208];
    @!%p374 bra l_380_masked;
    mad.wide.u32 %rd3, %r373, 4, %rd379;
    ld.global.nc.u32 %r380, [%rd3];
    bra.uni l_380_done;

l_380_masked:
    mov.b32 %r380, 0;

l_380_done:
    mov.b32 %r381, 0x10000;
    and.b32 %r382, %r380, %r381;
    setp.ne.u32 %p383, %r382, %r371;
    not.pred %p384, %p383;
    mov.b32 %f385, 0x0;
    setp.lt.f32 %p386, %f289, %f385;
    and.pred %p387, %p384, %p386;
    or.pred %p388, %p378, %p387;
    and.pred %p389, %p287, %p388;
    not.pred %p390, %p389;
    and.pred %p391, %p368, %p390;
    mov.b32 %r392, 0x10;
    setp.lo.u32 %p393, %r290, %r392;
    and.pred %p394, %p391, %p393;
    and.pred %p395, %p285, %p394;
    ld.const.u64 %rd396, [params+216];
    @!%p374 bra l_397_masked;
    mad.wide.u32 %rd3, %r373, 4, %rd396;
    ld.global.nc.u32 %r397, [%rd3];
    bra.uni l_397_done;

l_397_masked:
    mov.b32 %r397, 0;

l_397_done:
    mov.b32 %r398, 0x1e;
    and.b32 %r399, %r397, %r398;
    setp.ne.u32 %p400, %r399, %r371;
    not.pred %p401, %p400;
    and.pred %p402, %p395, %p401;
    mov.b64 %rd403, 0x12;
    cvt.u32.u64 %r3, %rd403;
    shr.u64 %rd404, %rd284, %r3;
    xor.b64 %rd405, %rd404, %rd284;
    mov.b64 %rd406, 0x1b;
    cvt.u32.u64 %r3, %rd406;
    shr.u64 %rd407, %rd405, %r3;
    cvt.u32.u64 %r408, %rd407;
    mov.b64 %rd409, 0x3b;
    cvt.u32.u64 %r3, %rd409;
    shr.u64 %rd410, %rd284, %r3;
    cvt.u32.u64 %r411, %rd410;
    shr.u32 %r412, %r408, %r411;
    mov.b32 %r413, %r411;
    neg.s32 %r414, %r413;
    mov.b32 %r415, 0x1f;
    and.b32 %r416, %r414, %r415;
    mov.b32 %r417, %r416;
    shl.b32 %r418, %r408, %r417;
    or.b32 %r419, %r412, %r418;
    mov.b32 %r420, 0x9;
    shr.u32 %r421, %r419, %r420;
    mov.b32 %r422, 0x3f800000;
    or.b32 %r423, %r421, %r422;
    mov.b32 %f424, %r423;
    mov.b32 %f425, 0x3f800000;
    sub.ftz.f32 %f426, %f424, %f425;
    cvt.u32.u64 %r3, %rd403;
    shr.u64 %rd427, %rd364, %r3;
    xor.b64 %rd428, %rd427, %rd364;
    cvt.u32.u64 %r3, %rd406;
    shr.u64 %rd429, %rd428, %r3;
    cvt.u32.u64 %r430, %rd429;
    cvt.u32.u64 %r3, %rd409;
    shr.u64 %rd431, %rd364, %r3;
    cvt.u32.u64 %r432, %rd431;
    shr.u32 %r433, %r430, %r432;
    mov.b32 %r434, %r432;
    neg.s32 %r435, %r434;
    and.b32 %r436, %r435, %r415;
    mov.b32 %r437, %r436;
    shl.b32 %r438, %r430, %r437;
    or.b32 %r439, %r433, %r438;
    shr.u32 %r440, %r439, %r420;
    or.b32 %r441, %r440, %r422;
    mov.b32 %f442, %r441;
    sub.ftz.f32 %f443, %f442, %f425;
    cvt.u32.u64 %r3, %rd403;
    shr.u64 %rd444, %rd365, %r3;
    xor.b64 %rd445, %rd444, %rd365;
    cvt.u32.u64 %r3, %rd406;
    shr.u64 %rd446, %rd445, %r3;
    cvt.u32.u64 %r447, %rd446;
    cvt.u32.u64 %r3, %rd409;
    shr.u64 %rd448, %rd365, %r3;
    cvt.u32.u64 %r449, %rd448;
    shr.u32 %r450, %r447, %r449;
    mov.b32 %r451, %r449;
    neg.s32 %r452, %r451;
    and.b32 %r453, %r452, %r415;
    mov.b32 %r454, %r453;
    shl.b32 %r455, %r447, %r454;
    or.b32 %r456, %r450, %r455;
    shr.u32 %r457, %r456, %r420;
    or.b32 %r458, %r457, %r422;
    mov.b32 %f459, %r458;
    sub.ftz.f32 %f460, %f459, %f425;
    selp.f32 %f461, %f286, %f308, %p285;
    selp.f32 %f462, %f133, %f309, %p285;
    selp.f32 %f463, %f291, %f310, %p285;
    selp.f32 %f464, %f292, %f311, %p285;
    selp.f32 %f465, %f293, %f312, %p285;
    selp.f32 %f466, %f304, %f313, %p285;
    selp.f32 %f467, %f300, %f314, %p285;
    selp.f32 %f468, %f294, %f315, %p285;
    selp.u32 %r469, %r288, %r316, %p285;
    selp.f32 %f470, %f317, %f318, %p285;
    selp.f32 %f471, %f319, %f320, %p285;
    selp.f32 %f472, %f321, %f322, %p285;
    selp.f32 %f473, %f323, %f324, %p285;
    selp.f32 %f474, %f307, %f325, %p285;
    selp.f32 %f475, %f303, %f326, %p285;
    selp.f32 %f476, %f299, %f327, %p285;
    selp.f32 %f477, %f306, %f328, %p285;
    selp.f32 %f478, %f302, %f329, %p285;
    selp.f32 %f479, %f298, %f330, %p285;
    selp.f32 %f480, %f305, %f331, %p285;
    selp.f32 %f481, %f301, %f332, %p285;
    selp.f32 %f482, %f295, %f333, %p285;
    selp.f32 %f483, %f334, %f335, %p285;
    selp.f32 %f484, %f336, %f337, %p285;
    selp.f32 %f485, %f338, %f339, %p285;
    selp.f32 %f486, %f340, %f341, %p285;
    selp.f32 %f487, %f342, %f343, %p285;
    selp.f32 %f488, %f344, %f345, %p285;
    selp.f32 %f489, %f175, %f346, %p285;
    selp.f32 %f490, %f177, %f347, %p285;
    selp.f32 %f491, %f179, %f348, %p285;
    selp.f32 %f492, %f181, %f349, %p285;
    selp.f32 %f493, %f183, %f350, %p285;
    selp.f32 %f494, %f185, %f351, %p285;
    selp.f32 %f495, %f187, %f352, %p285;
    selp.f32 %f496, %f189, %f353, %p285;
    selp.f32 %f497, %f191, %f354, %p285;
    selp.f32 %f498, %f193, %f355, %p285;
    selp.f32 %f499, %f296, %f356, %p285;
    selp.f32 %f500, %f297, %f357, %p285;
    selp.f32 %f501, %f289, %f358, %p285;
    selp.u32 %r502, %r359, %r360, %p285;
    selp.u32 %r503, %r361, %r362, %p285;
    mov.b32 %r504, 0x0;
    setp.ne.u32 %p505, %r373, %r504;
    and.pred %p506, %p402, %p505;
    ld.const.u64 %rd507, [params+224];
    ld.const.u64 %rd508, [params+232];

    @!%p506 bra l_masked_509;

    { // VCall: mitsuba::BSDF::sample()

        mad.wide.u32 %rd3, %r373, 8, %rd507;
        ld.global.u64 %rd3, [%rd3];
        cvt.u32.u64 %r3, %rd3;
        call (%rd2), _optix_call_direct_callable, (%r3);
        shr.u64 %rd3, %rd3, 32;
        add.u64 %rd3, %rd3, %rd508;

        {
            proto: .callprototype (.param .align 4 .b8 result[12]) _(.reg .u64 data, .param .align 4 .b8 params[24]);
            .param .align 4 .b8 out[12];
            .param .align 4 .b8 in[24];
            st.param.f32 [in+0], %f296;
            st.param.f32 [in+4], %f297;
            st.param.f32 [in+8], %f289;
            st.param.f32 [in+12], %f426;
            st.param.f32 [in+16], %f443;
            st.param.f32 [in+20], %f460;
            call (out), %rd2, (%rd3, in), proto;
            ld.param.f32 %f512, [out+0];
            ld.param.f32 %f511, [out+4];
            ld.param.f32 %f510, [out+8];
        }

        bra.uni l_done_509;
    }

l_masked_509:
    mov.b32 %f512, 0;
    mov.b32 %f511, 0;
    mov.b32 %f510, 0;

l_done_509:
    not.pred %p513, %p402;
    mov.b32 %f514, 0x7f800000;
    mov.b32 %f515, 0x3f800000;
    abs.f32 %f516, %f291;
    abs.f32 %f517, %f292;
    max.ftz.f32 %f518, %f516, %f517;
    abs.f32 %f519, %f293;
    max.ftz.f32 %f520, %f518, %f519;
    add.ftz.f32 %f521, %f515, %f520;
    mov.b32 %f522, 0x38bb8000;
    mul.ftz.f32 %f523, %f521, %f522;
    mov.b32 %f524, 0x80000000;
    mul.ftz.f32 %f525, %f299, %f512;
    fma.rn.ftz.f32 %f526, %f298, %f511, %f525;
    fma.rn.ftz.f32 %f527, %f295, %f510, %f526;
    mul.ftz.f32 %f528, %f303, %f512;
    fma.rn.ftz.f32 %f529, %f302, %f511, %f528;
    fma.rn.ftz.f32 %f530, %f301, %f510, %f529;
    mul.ftz.f32 %f531, %f307, %f512;
    fma.rn.ftz.f32 %f532, %f306, %f511, %f531;
    fma.rn.ftz.f32 %f533, %f305, %f510, %f532;
    mul.ftz.f32 %f534, %f304, %f533;
    fma.rn.ftz.f32 %f535, %f300, %f530, %f534;
    fma.rn.ftz.f32 %f536, %f294, %f527, %f535;
    and.b32 %f537, %f524, %f536;
    xor.b32 %f538, %f523, %f537;
    fma.rn.ftz.f32 %f539, %f538, %f304, %f291;
    fma.rn.ftz.f32 %f540, %f538, %f300, %f292;
    fma.rn.ftz.f32 %f541, %f538, %f294, %f293;
    mov.b32 %f542, 0x0;
    mov.b32 %f543, 0x7f7fffff;
    mov.b32 %r544, 0xff;
    mov.b32 %r545, 0x0;
    mov.b32 %r546, 0x1;
    .reg.u32 %u547_out_<32>;
    @!%p402 bra l_masked_547;
    .reg.u32 %u547_payload_type, %u547_payload_count;
    mov.u32 %u547_payload_type, 0;
    mov.u32 %u547_payload_count, 6;
    call (%u547_out_0, %u547_out_1, %u547_out_2, %u547_out_3, %u547_out_4, %u547_out_5, %u547_out_6, %u547_out_7, %u547_out_8, %u547_out_9, %u547_out_10, %u547_out_11, %u547_out_12, %u547_out_13, %u547_out_14, %u547_out_15, %u547_out_16, %u547_out_17, %u547_out_18, %u547_out_19, %u547_out_20, %u547_out_21, %u547_out_22, %u547_out_23, %u547_out_24, %u547_out_25, %u547_out_26, %u547_out_27, %u547_out_28, %u547_out_29, %u547_out_30, %u547_out_31), _optix_trace_typed_32, (%u547_payload_type, %rd6, %f539, %f540, %f541, %f533, %f530, %f527, %f542, %f543, %f133, %r544, %r545, %r545, %r546, %r545, %u547_payload_count, %r545, %r545, %r545, %r545, %r545, %r545, %u547_out_6, %u547_out_7, %u547_out_8, %u547_out_9, %u547_out_10, %u547_out_11, %u547_out_12, %u547_out_13, %u547_out_14, %u547_out_15, %u547_out_16, %u547_out_17, %u547_out_18, %u547_out_19, %u547_out_20, %u547_out_21, %u547_out_22, %u547_out_23, %u547_out_24, %u547_out_25, %u547_out_26, %u547_out_27, %u547_out_28, %u547_out_29, %u547_out_30, %u547_out_31);

l_masked_547:
    mov.b32 %r548, %u547_out_0;
    mov.b32 %f549, %r548;
    selp.f32 %f550, %f514, %f549, %p513;
    setp.ne.f32 %p551, %f550, %f514;
    and.pred %p552, %p402, %p551;
    not.pred %p553, %p552;
    mov.b32 %r554, %u547_out_5;
    selp.u32 %r555, %r545, %r554, %p553;
    setp.eq.u32 %p556, %r555, %r545;
    mov.b32 %r557, %u547_out_4;
    selp.u32 %r558, %r545, %r557, %p553;
    selp.u32 %r559, %r558, %r555, %p556;
    mov.b32 %r560, %u547_out_1;
    mov.b32 %f561, %r560;
    mov.b32 %r562, %u547_out_2;
    mov.b32 %f563, %r562;
    mov.b32 %r564, %u547_out_3;
    setp.ne.f32 %p565, %f286, %f514;
    add.u32 %r566, %r290, %r546;
    selp.u32 %r567, %r566, %r290, %p565;
    mov.b32 %r568, 0x0;
    setp.ne.u32 %p569, %r559, %r568;
    and.pred %p570, %p552, %p569;
    ld.const.u64 %rd571, [params+240];
    ld.const.u64 %rd572, [params+248];

    @!%p570 bra l_masked_573;

    { // VCall: mitsuba::Shape::compute_surface_interaction()

        mad.wide.u32 %rd3, %r559, 8, %rd571;
        ld.global.u64 %rd3, [%rd3];
        cvt.u32.u64 %r3, %rd3;
        call (%rd2), _optix_call_direct_callable, (%r3);
        shr.u64 %rd3, %rd3, 32;
        add.u64 %rd3, %rd3, %rd572;

        {
            proto: .callprototype (.param .align 4 .b8 result[84]) _(.reg .u32 self, .reg .u64 data, .param .align 4 .b8 params[40]);
            .param .align 4 .b8 out[84];
            .param .align 4 .b8 in[40];
            st.param.f32 [in+0], %f539;
            st.param.f32 [in+4], %f540;
            st.param.f32 [in+8], %f541;
            st.param.f32 [in+12], %f533;
            st.param.f32 [in+16], %f530;
            st.param.f32 [in+20], %f527;
            st.param.f32 [in+24], %f550;
            st.param.f32 [in+28], %f561;
            st.param.f32 [in+32], %f563;
            st.param.u32 [in+36], %r564;
            call (out), %rd2, (%r559, %rd3, in), proto;
            ld.param.f32 %f574, [out+0];
            ld.param.f32 %f594, [out+4];
            ld.param.f32 %f575, [out+8];
            ld.param.f32 %f576, [out+12];
            ld.param.f32 %f577, [out+16];
            ld.param.f32 %f578, [out+20];
            ld.param.f32 %f579, [out+24];
            ld.param.f32 %f580, [out+28];
            ld.param.u32 %r581, [out+32];
            ld.param.f32 %f582, [out+36];
            ld.param.f32 %f583, [out+40];
            ld.param.f32 %f584, [out+44];
            ld.param.f32 %f585, [out+48];
            ld.param.f32 %f593, [out+52];
            ld.param.f32 %f592, [out+56];
            ld.param.f32 %f588, [out+60];
            ld.param.f32 %f587, [out+64];
            ld.param.f32 %f586, [out+68];
            ld.param.f32 %f590, [out+72];
            ld.param.f32 %f589, [out+76];
            ld.param.f32 %f591, [out+80];
        }

        bra.uni l_done_573;
    }

l_masked_573:
    mov.b32 %f574, 0;
    mov.b32 %f594, 0;
    mov.b32 %f575, 0;
    mov.b32 %f576, 0;
    mov.b32 %f577, 0;
    mov.b32 %f578, 0;
    mov.b32 %f579, 0;
    mov.b32 %f580, 0;
    mov.b32 %r581, 0;
    mov.b32 %f582, 0;
    mov.b32 %f583, 0;
    mov.b32 %f584, 0;
    mov.b32 %f585, 0;
    mov.b32 %f593, 0;
    mov.b32 %f592, 0;
    mov.b32 %f588, 0;
    mov.b32 %f587, 0;
    mov.b32 %f586, 0;
    mov.b32 %f590, 0;
    mov.b32 %f589, 0;
    mov.b32 %f591, 0;

l_done_573:
    mov.b32 %r595, 0x0;
    not.pred %p596, %p552;
    mov.b32 %f597, 0x7f800000;
    selp.f32 %f598, %f597, %f574, %p596;
    setp.ne.f32 %p599, %f598, %f597;
    and.pred %p600, %p552, %p599;
    not.pred %p601, %p600;
    mov.b32 %r602, 0x0;
    selp.u32 %r603, %r602, %r581, %p601;
    mov.b32 %f604, 0x0;
    setp.eq.f32 %p605, %f586, %f604;
    setp.eq46, %r545, %u547_payload_count, %r545, %r545, %r545, %r545, %r545, %r545, %u547_out_6, %u547_out_7, %u547_out_8, %u547_out_9, %u547_out_10, %u547_out_11, %u547_out_12, %u547_out_13, %u547_out_14, %u547_out_15, %u547_out_16, %u547_out_17, %u547_out_18, %u547_out_19, %u547_out_20, %u547_out_21, %u547_out_22, %u547_out_23, %u547_out_24, %u547_out_25, %u547_out_26, %u547_out_27, %u547_out_28, %u547_out_29, %u547_out_30, %u547_out_31);

l_masked_547:
    mov.b32 %r548, %u547_out_0;
    mov.b32 %f549, %r548;
    selp.f32 %f550, %f514, %f549, %p513;
    setp.ne.f32 %p551, %f550, %f514;
    and.pred %p552, %p402, %p551;
    not.pred %p553, %p552;
    mov.b32 %r554, %u547_out_5;
    selp.u32 %r555, %r545, %r554, %p553;
    setp.eq.u32 %p556, %r555, %r545;
    mov.b32 %r557, %u547_out_4;
    selp.u32 %r558, %r545, %r557, %p553;
    selp.u32 %r559, %r558, %r555, %p556;
    mov.b32 %r560, %u547_out_1;
    mov.b32 %f561, %r560;
    mov.b32 %r562, %u547_out_2;
    mov.b32 %f563, %r562;
    mov.b32 %r564, %u547_out_3;
    setp.ne.f32 %p565, %f286, %f514;
    add.u32 %r566, %r290, %r546;
    selp.u32 %r567, %r566, %r290, %p565;
    mov.b32 %r568, 0x0;
    setp.ne.u32 %p569, %r559, %r568;
    and.pred %p570, %p552, %p569;
    ld.const.u64 %rd571, [params+240];
    ld.const.u64 %rd572, [params+248];

    @!%p570 bra l_masked_573;

    { // VCall: mitsuba::Shape::compute_surface_interaction()

        mad.wide.u32 %rd3, %r559, 8, %rd571;
        ld.global.u64 %rd3, [%rd3];
        cvt.u32.u64 %r3, %rd3;
        call (%rd2), _optix_call_direct_callable, (%r3);
        shr.u64 %rd3, %rd3, 32;
        add.u64 %rd3, %rd3, %rd572;

        {
            proto: .callprototype (.param .align 4 .b8 result[84]) _(.reg .u32 self, .reg .u64 data, .param .align 4 .b8 params[40]);
            .param .align 4 .b8 out[84];
            .param .align 4 .b8 in[40];
            st.param.f32 [in+0], %f539;
            st.param.f32 [in+4], %f540;
            st.param.f32 [in+8], %f541;
            st.param.f32 [in+12], %f533;
            st.param.f32 [in+16], %f530;
            st.param.f32 [in+20], %f527;
            st.param.f32 [in+24], %f550;
            st.param.f32 [in+28], %f561;
            st.param.f32 [in+32], %f563;
            st.param.u32 [in+36], %r564;
            call (out), %rd2, (%r559, %rd3, in), proto;
            ld.param.f32 %f574, [out+0];
            ld.param.f32 %f594, [out+4];
            ld.param.f32 %f575, [out+8];
            ld.param.f32 %f576, [out+12];
            ld.param.f32 %f577, [out+16];
            ld.param.f32 %f578, [out+20];
            ld.param.f32 %f579, [out+24];
            ld.param.f32 %f580, [out+28];
            ld.param.u32 %r581, [out+32];
            ld.param.f32 %f582, [out+36];
            ld.param.f32 %f583, [out+40];
            ld.param.f32 %f584, [out+44];
            ld.param.f32 %f585, [out+48];
            ld.param.f32 %f593, [out+52];
            ld.param.f32 %f592, [out+56];
            ld.param.f32 %f588, [out+60];
            ld.param.f32 %f587, [out+64];
            ld.param.f32 %f586, [out+68];
            ld.param.f32 %f590, [out+72];
            ld.param.f32 %f589, [out+76];
            ld.param.f32 %f591, [out+80];
        }

        bra.uni l_done_573;
    }

l_masked_573:
    mov.b32 %f574, 0;
    mov.b32 %f594, 0;
    mov.b32 %f575, 0;
    mov.b32 %f576, 0;
    mov.b32 %f577, 0;
    mov.b32 %f578, 0;
    mov.b32 %f579, 0;
    mov.b32 %f580, 0;
    mov.b32 %r581, 0;
    mov.b32 %f582, 0;
    mov.b32 %f583, 0;
    mov.b32 %f584, 0;
    mov.b32 %f585, 0;
    mov.b32 %f593, 0;
    mov.b32 %f592, 0;
    mov.b32 %f588, 0;
    mov.b32 %f587, 0;
    mov.b32 %f586, 0;
    mov.b32 %f590, 0;
    mov.b32 %f589, 0;
    mov.b32 %f591, 0;

l_done_573:
    mov.b32 %r595, 0x0;
    not.pred %p596, %p552;
    mov.b32 %f597, 0x7f800000;
    selp.f32 %f598, %f597, %f574, %p596;
    setp.ne.f32 %p599, %f598, %f597;
    and.pred %p600, %p552, %p599;
    not.pred %p601, %p600;
    mov.b32 %r602, 0x0;
    selp.u32 %r603, %r602, %r581, %p601;
    mov.b32 %f604, 0x0;
    setp.eq.f32 %p605, %f586, %f604;
    setp.eq.f32 %p606, %f587, %f604;
    and.pred %p607, %p605, %p606;
    setp.eq.f32 %p608, %f588, %f604;
    and.pred %p609, %p607, %p608;
    mul.ftz.f32 %f610, %f589, %f589;
    mov.b32 %f611, 0x3f800000;
    mov.b32 %f612, 0x80000000;
    and.b32 %f613, %f612, %f590;
    or.b32 %f614, %f611, %f613;
    add.ftz.f32 %f615, %f614, %f590;
    rcp.approx.ftz.f32 %f616, %f615;
    neg.ftz.f32 %f617, %f616;
    mul.ftz.f32 %f618, %f610, %f617;
    xor.b32 %f619, %f618, %f613;
    add.ftz.f32 %f620, %f619, %f611;
    mul.ftz.f32 %f621, %f589, %f586;
    fma.rn.ftz.f32 %f622, %f591, %f587, %f621;
    fma.rn.ftz.f32 %f623, %f590, %f588, %f622;
    neg.ftz.f32 %f624, %f623;
    fma.rn.ftz.f32 %f625, %f589, %f624, %f586;
    fma.rn.ftz.f32 %f626, %f590, %f624, %f588;
    fma.rn.ftz.f32 %f627, %f591, %f624, %f587;
    mul.ftz.f32 %f628, %f625, %f625;
    fma.rn.ftz.f32 %f629, %f627, %f627, %f628;
    fma.rn.ftz.f32 %f630, %f626, %f626, %f629;
    rsqrt.approx.ftz.f32 %f631, %f630;
    mul.ftz.f32 %f632, %f625, %f631;
    selp.f32 %f633, %f620, %f632, %p609;
    mul.ftz.f32 %f634, %f589, %f591;
    mul.ftz.f32 %f635, %f634, %f617;
    xor.b32 %f636, %f635, %f613;
    mul.ftz.f32 %f637, %f627, %f631;
    selp.f32 %f638, %f636, %f637, %p609;
    setp.ge.f32 %p639, %f590, %f604;
    neg.ftz.f32 %f640, %f589;
    selp.f32 %f641, %f640, %f589, %p639;
    mul.ftz.f32 %f642, %f626, %f631;
    selp.f32 %f643, %f641, %f642, %p609;
    mul.ftz.f32 %f644, %f590, %f638;
    neg.ftz.f32 %f645, %f644;
    fma.rn.ftz.f32 %f646, %f591, %f643, %f645;
    mul.ftz.f32 %f647, %f589, %f643;
    neg.ftz.f32 %f648, %f647;
    fma.rn.ftz.f32 %f649, %f590, %f633, %f648;
    mul.ftz.f32 %f650, %f591, %f633;
    neg.ftz.f32 %f651, %f650;
    fma.rn.ftz.f32 %f652, %f589, %f638, %f651;
    neg.ftz.f32 %f653, %f527;
    neg.ftz.f32 %f654, %f530;
    neg.ftz.f32 %f655, %f533;
    mul.ftz.f32 %f656, %f655, %f633;
    fma.rn.ftz.f32 %f657, %f654, %f638, %f656;
    fma.rn.ftz.f32 %f658, %f653, %f643, %f657;
    selp.f32 %f659, %f658, %f655, %p600;
    mul.ftz.f32 %f660, %f655, %f646;
    fma.rn.ftz.f32 %f661, %f654, %f649, %f660;
    fma.rn.ftz.f32 %f662, %f653, %f652, %f661;
    selp.f32 %f663, %f662, %f654, %p600;
    mul.ftz.f32 %f664, %f655, %f589;
    fma.rn.ftz.f32 %f665, %f654, %f591, %f664;
    fma.rn.ftz.f32 %f666, %f653, %f590, %f665;
    selp.f32 %f667, %f666, %f653, %p600;
    selp.u32 %r668, %r602, %r595, %p601;
    mov.u64 %rd205, %rd366;
    mov.f32 %f206, %f598;
    mov.f32 %f211, %f575;
    mov.f32 %f212, %f576;
    mov.f32 %f213, %f577;
    mov.f32 %f224, %f578;
    mov.f32 %f220, %f579;
    mov.f32 %f214, %f580;
    mov.u32 %r208, %r603;
    mov.f32 %f236, %f582;
    mov.f32 %f238, %f583;
    mov.f32 %f240, %f584;
    mov.f32 %f242, %f585;
    mov.f32 %f227, %f633;
    mov.f32 %f223, %f638;
    mov.f32 %f219, %f643;
    mov.f32 %f226, %f646;
    mov.f32 %f222, %f649;
    mov.f32 %f218, %f652;
    mov.f32 %f225, %f589;
    mov.f32 %f221, %f591;
    mov.f32 %f215, %f590;
    mov.f32 %f253, %f586;
    mov.f32 %f255, %f587;
    mov.f32 %f257, %f588;
    mov.f32 %f259, %f592;
    mov.f32 %f261, %f593;
    mov.f32 %f263, %f594;
    mov.f32 %f216, %f659;
    mov.f32 %f217, %f663;
    mov.f32 %f209, %f667;
    mov.u32 %r278, %r564;
    mov.u32 %r280, %r668;
    mov.f32 %f228, %f461;
    mov.f32 %f229, %f462;
    mov.f32 %f230, %f463;
    mov.f32 %f231, %f464;
    mov.f32 %f232, %f465;
    mov.f32 %f233, %f466;
    mov.f32 %f234, %f467;
    mov.f32 %f235, %f468;
    mov.u32 %r203, %r469;
    mov.f32 %f237, %f470;
    mov.f32 %f239, %f471;
    mov.f32 %f241, %f472;
    mov.f32 %f243, %f473;
    mov.f32 %f244, %f474;
    mov.f32 %f245, %f475;
    mov.f32 %f246, %f476;
    mov.f32 %f247, %f477;
    mov.f32 %f248, %f478;
    mov.f32 %f249, %f479;
    mov.f32 %f250, %f480;
    mov.f32 %f251, %f481;
    mov.f32 %f252, %f482;
    mov.f32 %f254, %f483;
    mov.f32 %f256, %f484;
    mov.f32 %f258, %f485;
    mov.f32 %f260, %f486;
    mov.f32 %f262, %f487;
    mov.f32 %f264, %f488;
    mov.f32 %f265, %f489;
    mov.f32 %f266, %f490;
    mov.f32 %f267, %f491;
    mov.f32 %f268, %f492;
    mov.f32 %f269, %f493;
    mov.f32 %f270, %f494;
    mov.f32 %f271, %f495;
    mov.f32 %f272, %f496;
    mov.f32 %f273, %f497;
    mov.f32 %f274, %f498;
    mov.f32 %f275, %f499;
    mov.f32 %f276, %f500;
    mov.f32 %f277, %f501;
    mov.u32 %r279, %r502;
    mov.u32 %r281, %r503;
    mov.pred %p204, %p402;
    mov.u32 %r210, %r567;
    mov.pred %p207, %p389;
    bra l_282_cond;

l_282_done:
    mov.u32 %r670, %r203;
    mov.f32 %f671, %f237;
    mov.f32 %f672, %f239;
    mov.f32 %f673, %f275;
    mov.f32 %f674, %f276;
    mov.f32 %f675, %f277;
    ld.const.u64 %rd676, [params+256];
    mov.b32 %r677, 0x0;
    setp.ne.u32 %p678, %r670, %r677;
    @!%p678 bra l_679_masked;
    mad.wide.u32 %rd3, %r670, 4, %rd676;
    ld.global.nc.u32 %r679, [%rd3];
    bra.uni l_679_done;

l_679_masked:
    mov.b32 %r679, 0;

l_679_done:
    mov.b64 %rd680, 0x0;
    mov.b64 %rd681, 0x5851f42d4c957f2d;
    mov.u32 %r682, %r0;
    ld.const.u64 %rd0, [params+264];
    ldu.global.u32 %r683, [%rd0];
    mov.b32 %r684, 0x4;
    shl.b32 %r685, %r682, %r684;
    mov.b32 %r686, 0xa341316c;
    add.u32 %r687, %r685, %r686;
    mov.b32 %r688, 0x9e3779b9;
    add.u32 %r689, %r682, %r688;
    xor.b32 %r690, %r687, %r689;
    mov.b32 %r691, 0x5;
    shr.u32 %r692, %r682, %r691;
    mov.b32 %r693, 0xc8013ea4;
    add.u32 %r694, %r692, %r693;
    xor.b32 %r695, %r690, %r694;
    add.u32 %r696, %r683, %r695;
    shl.b32 %r697, %r696, %r684;
    mov.b32 %r698, 0xad90777d;
    add.u32 %r699, %r697, %r698;
    add.u32 %r700, %r696, %r688;
    xor.b32 %r701, %r699, %r700;
    shr.u32 %r702, %r696, %r691;
    mov.b32 %r703, 0x7e95761e;
    add.u32 %r704, %r702, %r703;
    xor.b32 %r705, %r701, %r704;
    add.u32 %r706, %r682, %r705;
    shl.b32 %r707, %r706, %r684;
    add.u32 %r708, %r707, %r686;
    mov.b32 %r709, 0x3c6ef372;
    add.u32 %r710, %r706, %r709;
    xor.b32 %r711, %r708, %r710;
    shr.u32 %r712, %r706, %r691;
    add.u32 %r713, %r712, %r693;
    xor.b32 %r714, %r711, %r713;
    add.u32 %r715, %r696, %r714;
    shl.b32 %r716, %r715, %r684;
    add.u32 %r717, %r716, %r698;
    add.u32 %r718, %r715, %r709;
    xor.b32 %r719, %r717, %r718;
    shr.u32 %r720, %r715, %r691;
    add.u32 %r721, %r720, %r703;
    xor.b32 %r722, %r719, %r721;
    add.u32 %r723, %r706, %r722;
    shl.b32 %r724, %r723, %r684;
    add.u32 %r725, %r724, %r686;
    mov.b32 %r726, 0xdaa66d2b;
    add.u32 %r727, %r723, %r726;
    xor.b32 %r728, %r725, %r727;
    shr.u32 %r729, %r723, %r691;
    add.u32 %r730, %r729, %r693;
    xor.b32 %r731, %r728, %r730;
    add.u32 %r732, %r715, %r731;
    shl.b32 %r733, %r732, %r684;
    add.u32 %r734, %r733, %r698;
    add.u32 %r735, %r732, %r726;
    xor.b32 %r736, %r734, %r735;
    shr.u32 %r737, %r732, %r691;
    add.u32 %r738, %r737, %r703;
    xor.b32 %r739, %r736, %r738;
    add.u32 %r740, %r723, %r739;
    shl.b32 %r741, %r740, %r684;
    add.u32 %r742, %r741, %r686;
    mov.b32 %r743, 0x78dde6e4;
    add.u32 %r744, %r740, %r743;
    xor.b32 %r745, %r742, %r744;
    shr.u32 %r746, %r740, %r691;
    add.u32 %r747, %r746, %r693;
    xor.b32 %r748, %r745, %r747;
    add.u32 %r749, %r732, %r748;
    shl.b32 %r750, %r749, %r684;
    add.u32 %r751, %r750, %r698;
    add.u32 %r752, %r749, %r743;
    xor.b32 %r753, %r751, %r752;
    shr.u32 %r754, %r749, %r691;
    add.u32 %r755, %r754, %r703;
    xor.b32 %r756, %r753, %r755;
    add.u32 %r757, %r740, %r756;
    cvt.u64.u32 %rd758, %r757;
    mov.b64 %rd759, 0x1;
    cvt.u32.u64 %r3, %rd759;
    shl.b64 %rd760, %rd758, %r3;
    or.b64 %rd761, %rd760, %rd759;
    mad.lo.u64 %rd762, %rd680, %rd681, %rd761;
    cvt.u64.u32 %rd763, %r749;
    add.u64 %rd764, %rd762, %rd763;
    mad.lo.u64 %rd765, %rd764, %rd681, %rd761;
    mov.b64 %rd766, 0x12;
    cvt.u32.u64 %r3, %rd766;
    shr.u64 %rd767, %rd765, %r3;
    xor.b64 %rd768, %rd767, %rd765;
    mov.b64 %rd769, 0x1b;
    cvt.u32.u64 %r3, %rd769;
    shr.u64 %rd770, %rd768, %r3;
    cvt.u32.u64 %r771, %rd770;
    mov.b64 %rd772, 0x3b;
    cvt.u32.u64 %r3, %rd772;
    shr.u64 %rd773, %rd765, %r3;
    cvt.u32.u64 %r774, %rd773;
    .f32 %p606, %f587, %f604;
    and.pred %p607, %p605, %p606;
    setp.eq.f32 %p608, %f588, %f604;
    and.pred %p609, %p607, %p608;
    mul.ftz.f32 %f610, %f589, %f589;
    mov.b32 %f611, 0x3f800000;
    mov.b32 %f612, 0x80000000;
    and.b32 %f613, %f612, %f590;
    or.b32 %f614, %f611, %f613;
    add.ftz.f32 %f615, %f614, %f590;
    rcp.approx.ftz.f32 %f616, %f615;
    neg.ftz.f32 %f617, %f616;
    mul.ftz.f32 %f618, %f610, %f617;
    xor.b32 %f619, %f618, %f613;
    add.ftz.f32 %f620, %f619, %f611;
    mul.ftz.f32 %f621, %f589, %f586;
    fma.rn.ftz.f32 %f622, %f591, %f587, %f621;
    fma.rn.ftz.f32 %f623, %f590, %f588, %f622;
    neg.ftz.f32 %f624, %f623;
    fma.rn.ftz.f32 %f625, %f589, %f624, %f586;
    fma.rn.ftz.f32 %f626, %f590, %f624, %f588;
    fma.rn.ftz.f32 %f627, %f591, %f624, %f587;
    mul.ftz.f32 %f628, %f625, %f625;
    fma.rn.ftz.f32 %f629, %f627, %f627, %f628;
    fma.rn.ftz.f32 %f630, %f626, %f626, %f629;
    rsqrt.approx.ftz.f32 %f631, %f630;
    mul.ftz.f32 %f632, %f625, %f631;
    selp.f32 %f633, %f620, %f632, %p609;
    mul.ftz.f32 %f634, %f589, %f591;
    mul.ftz.f32 %f635, %f634, %f617;
    xor.b32 %f636, %f635, %f613;
    mul.ftz.f32 %f637, %f627, %f631;
    selp.f32 %f638, %f636, %f637, %p609;
    setp.ge.f32 %p639, %f590, %f604;
    neg.ftz.f32 %f640, %f589;
    selp.f32 %f641, %f640, %f589, %p639;
    mul.ftz.f32 %f642, %f626, %f631;
    selp.f32 %f643, %f641, %f642, %p609;
    mul.ftz.f32 %f644, %f590, %f638;
    neg.ftz.f32 %f645, %f644;
    fma.rn.ftz.f32 %f646, %f591, %f643, %f645;
    mul.ftz.f32 %f647, %f589, %f643;
    neg.ftz.f32 %f648, %f647;
    fma.rn.ftz.f32 %f649, %f590, %f633, %f648;
    mul.ftz.f32 %f650, %f591, %f633;
    neg.ftz.f32 %f651, %f650;
    fma.rn.ftz.f32 %f652, %f589, %f638, %f651;
    neg.ftz.f32 %f653, %f527;
    neg.ftz.f32 %f654, %f530;
    neg.ftz.f32 %f655, %f533;
    mul.ftz.f32 %f656, %f655, %f633;
    fma.rn.ftz.f32 %f657, %f654, %f638, %f656;
    fma.rn.ftz.f32 %f658, %f653, %f643, %f657;
    selp.f32 %f659, %f658, %f655, %p600;
    mul.ftz.f32 %f660, %f655, %f646;
    fma.rn.ftz.f32 %f661, %f654, %f649, %f660;
    fma.rn.ftz.f32 %f662, %f653, %f652, %f661;
    selp.f32 %f663, %f662, %f654, %p600;
    mul.ftz.f32 %f664, %f655, %f589;
    fma.rn.ftz.f32 %f665, %f654, %f591, %f664;
    fma.rn.ftz.f32 %f666, %f653, %f590, %f665;
    selp.f32 %f667, %f666, %f653, %p600;
    selp.u32 %r668, %r602, %r595, %p601;
    mov.u64 %rd205, %rd366;
    mov.f32 %f206, %f598;
    mov.f32 %f211, %f575;
    mov.f32 %f212, %f576;
    mov.f32 %f213, %f577;
    mov.f32 %f224, %f578;
    mov.f32 %f220, %f579;
    mov.f32 %f214, %f580;
    mov.u32 %r208, %r603;
    mov.f32 %f236, %f582;
    mov.f32 %f238, %f583;
    mov.f32 %f240, %f584;
    mov.f32 %f242, %f585;
    mov.f32 %f227, %f633;
    mov.f32 %f223, %f638;
    mov.f32 %f219, %f643;
    mov.f32 %f226, %f646;
    mov.f32 %f222, %f649;
    mov.f32 %f218, %f652;
    mov.f32 %f225, %f589;
    mov.f32 %f221, %f591;
    mov.f32 %f215, %f590;
    mov.f32 %f253, %f586;
    mov.f32 %f255, %f587;
    mov.f32 %f257, %f588;
    mov.f32 %f259, %f592;
    mov.f32 %f261, %f593;
    mov.f32 %f263, %f594;
    mov.f32 %f216, %f659;
    mov.f32 %f217, %f663;
    mov.f32 %f209, %f667;
    mov.u32 %r278, %r564;
    mov.u32 %r280, %r668;
    mov.f32 %f228, %f461;
    mov.f32 %f229, %f462;
    mov.f32 %f230, %f463;
    mov.f32 %f231, %f464;
    mov.f32 %f232, %f465;
    mov.f32 %f233, %f466;
    mov.f32 %f234, %f467;
    mov.f32 %f235, %f468;
    mov.u32 %r203, %r469;
    mov.f32 %f237, %f470;
    mov.f32 %f239, %f471;
    mov.f32 %f241, %f472;
    mov.f32 %f243, %f473;
    mov.f32 %f244, %f474;
    mov.f32 %f245, %f475;
    mov.f32 %f246, %f476;
    mov.f32 %f247, %f477;
    mov.f32 %f248, %f478;
    mov.f32 %f249, %f479;
    mov.f32 %f250, %f480;
    mov.f32 %f251, %f481;
    mov.f32 %f252, %f482;
    mov.f32 %f254, %f483;
    mov.f32 %f256, %f484;
    mov.f32 %f258, %f485;
    mov.f32 %f260, %f486;
    mov.f32 %f262, %f487;
    mov.f32 %f264, %f488;
    mov.f32 %f265, %f489;
    mov.f32 %f266, %f490;
    mov.f32 %f267, %f491;
    mov.f32 %f, %f334, %f335, %p285;
    selp.f32 %f484, %f336, %f337, %p285;
    selp.f32 %f485, %f338, %f339, %p285;
    selp.f32 %f486, %f340, %f341, %p285;
    selp.f32 %f487, %f342, %f343, %p285;
    selp.f32 %f488, %f344, %f345, %p285;
    selp.f32 %f489, %f175, %f346, %p285;
    selp.f32 %f490, %f177, %f347, %p285;
    selp.f32 %f491, %f179, %f348, %p285;
    selp.f32 %f492, %f181, %f349, %p285;
    selp.f32 %f493, %f183, %f350, %p285;
    selp.f32 %f494, %f185, %f351, %p285;
    selp.f32 %f495, %f187, %f352, %p285;
    selp.f32 %f496, %f189, %f353, %p285;
    selp.f32 %f497, %f191, %f354, %p285;
    selp.f32 %f498, %f193, %f355, %p285;
    selp.f32 %f499, %f296, %f356, %p285;
    selp.f32 %f500, %f297, %f357, %p285;
    selp.f32 %f501, %f289, %f358, %p285;
    selp.u32 %r502, %r359, %r360, %p285;
    selp.u32 %r503, %r361, %r362, %p285;
    mov.b32 %r504, 0x0;
    setp.ne.u32 %p505, %r373, %r504;
    and.pred %p506, %p402, %p505;
    ld.const.u64 %rd507, [params+224];
    ld.const.u64 %rd508, [params+232];

    @!%p506 bra l_masked_509;

    { // VCall: mitsuba::BSDF::sample()

        mad.wide.u32 %rd3, %r373, 8, %rd507;
        ld.global.u64 %rd3, [%rd3];
        cvt.u32.u64 %r3, %rd3;
        call (%rd2), _optix_call_direct_callable, (%r3);
        shr.u64 %rd3, %rd3, 32;
        add.u64 %rd3, %rd3, %rd508;

        {
            proto: .callprototype (.param .align 4 .b8 result[12]) _(.reg .u64 data, .param .align 4 .b8 params[24]);
            .param .align 4 .b8 out[12];
            .param .align 4 .b8 in[24];
            st.param.f32 [in+0], %f296;
            st.param.f32 [in+4], %f297;
            st.param.f32 [in+8], %f289;
            st.param.f32 [in+12], %f426;
            st.param.f32 [in+16], %f443;
            st.param.f32 [in+20], %f460;
            call (out), %rd2, (%rd3, in), proto;
            ld.param.f32 %f512, [out+0];
            ld.param.f32 %f511, [out+4];
            ld.param.f32 %f510, [out+8];
        }

        bra.uni l_done_509;
    }

l_masked_509:
    mov.b32 %f512, 0;
    mov.b32 %f511, 0;
    mov.b32 %f510, 0;

l_done_509:
    not.pred %p513, %p402;
    mov.b32 %f514, 0x7f800000;
    mov.b32 %f515, 0x3f800000;
    abs.f32 %f516, %f291;
    abs.f32 %f517, %f292;
    max.ftz.f32 %f518, %f516, %f517;
    abs.f32 %f519, %f293;
    max.ftz.f32 %f520, %f518, %f519;
    add.ftz.f32 %f521, %f515, %f520;
    mov.b32 %f522, 0x38bb8000;
    mul.ftz.f32 %f523, %f521, %f522;
    mov.b32 %f524, 0x80000000;
    mul.ftz.f32 %f525, %f299, %f512;
    fma.rn.ftz.f32 %f526, %f298, %f511, %f525;
    fma.rn.ftz.f32 %f527, %f295, %f510, %f526;
    mul.ftz.f32 %f528, %f303, %f512;
    fma.rn.ftz.f32 %f529, %f302, %f511, %f528;
    fma.rn.ftz.f32 %f530, %f301, %f510, %f529;
    mul.ftz.f32 %f531, %f307, %f512;
    fma.rn.ftz.f32 %f532, %f306, %f511, %f531;
    fma.rn.ftz.f32 %f533, %f305, %f510, %f532;
    mul.ftz.f32 %f534, %f304, %f533;
    fma.rn.ftz.f32 %f535, %f300, %f530, %f534;
    fma.rn.ftz.f32 %f536, %f294, %f527, %f535;
    and.b32 %f537, %f524, %f536;
    xor.b32 %f538, %f523, %f537;
    fma.rn.ftz.f32 %f539, %f538, %f304, %f291;
    fma.rn.ftz.f32 %f540, %f538, %f300, %f292;
    fma.rn.ftz.f32 %f541, %f538, %f294, %f293;
    mov.b32 %f542, 0x0;
    mov.b32 %f543, 0x7f7fffff;
    mov.b32 %r544, 0xff;
    mov.b32 %r545, 0x0;
    mov.b32 %r546, 0x1;
    .reg.u32 %u547_out_<32>;
    @!%p402 bra l_masked_547;
    .reg.u32 %u547_payload_type, %u547_payload_count;
    mov.u32 %u547_payload_type, 0;
    mov.u32 %u547_payload_count, 6;
    call (%u547_out_0, %u547_out_1, %u547_out_2, %u547_out_3, %u547_out_4, %u547_out_5, %u547_out_6, %u547_out_7, %u547_out_8, %u547_out_9, %u547_out_10, %u547_out_11, %u547_out_12, %u547_out_13, %u547_out_14, %u547_out_15, %u547_out_16, %u547_out_17, %u547_out_18, %u547_out_19, %u547_out_20, %u547_out_21, %u547_out_22, %u547_out_23, %u547_out_24, %u547_out_25, %u547_out_26, %u547_out_27, %u547_out_28, %u547_out_29, %u547_out_30, %u547_out_31), _optix_trace_typed_32, (%u547_payload_type, %rd6, %f539, %f540, %f541, %f533, %f530, %f527, %f542, %f543, %f133, %r544, %r545, %r545, %r546, %r545, %u547_payload_count, %r545, %r545, %r545, %r545, %r545, %r545, %u547_out_6, %u547_out_7, %u547_out_8, %u547_out_9, %u547_out_10, %u547_out_11, %u547_out_12, %u547_out_13, %u547_out_14, %u547_out_15, %u547_out_16, %u547_out_17, %u547_out_18, %u547_out_19, %u547_out_20, %u547_out_21, %u547_out_22, %u547_out_23, %u547_out_24, %u547_out_25, %u547_out_26, %u547_out_27, %u547_out_28, %u547_out_29, %u547_out_30, %u547_out_31);

l_masked_547:
    mov.b32 %r548, %u547_out_0;
    mov.b32 %f549, %r548;
    selp.f32 %f550, %f514, %f549, %p513;
    setp.ne.f32 %p551, %f550, %f514;
    and.pred %p552, %p402, %p551;
    not.pred %p553, %p552;
    mov.b32 %r554, %u547_out_5;
    selp.u32 %r555, %r545, %r554, %p553;
    setp.eq.u32 %p556, %r555, %r545;
    mov.b32 %r557, %u547_out_4;
    selp.u32 %r558, %r545, %r557, %p553;
    selp.u32 %r559, %r558, %r555, %p556;
    mov.b32 %r560, %u547_out_1;
    mov.b32 %f561, %r560;
    mov.b32 %r562, %u547_out_2;
    mov.b32 %f563, %r562;
    mov.b32 %r564, %u547_out_3;
    setp.ne.f32 %p565, %f286, %f514;
    add.u32 %r566, %r290, %r546;
    selp.u32 %r567, %r566, %r290, %p565;
    mov.b32 %r568, 0x0;
    setp.ne.u32 %p569, %r559, %r568;
    and.pred %p570, %p552, %p569;
    ld.const.u64 %rd571, [params+240];
    ld.const.u64 %rd572, [params+248];

    @!%p570 bra l_masked_573;

    { // VCall: mitsuba::Shape::compute_surface_interaction()

        mad.wide.u32 %rd3, %r559, 8, %rd571;
        ld.global.u64 %rd3, [%rd3];
        cvt.u32.u64 %r3, %rd3;
        call (%rd2), _optix_call_direct_callable, (%r3);
        shr.u64 %rd3, %rd3, 32;
        add.u64 %rd3, %rd3, %rd572;

        {
            proto: .callprototype (.param .align 4 .b8 result[84]) _(.reg .u32 self, .reg .u64 data, .param .align 4 .b8 params[40]);
            .param .align 4 .b8 out[84];
            .param .align 4 .b8 in[40];
            st.param.f32 [in+0], %f539;
            st.param.f32 [in+4], %f540;
            st.param.f32 [in+8], %f541;
            st.param.f32 [in+12], %f533;
            st.param.f32 [in+16], %f530;
            st.param.f32 [in+20], %f527;
            st.param.f32 [in+24], %f550;
            st.param.f32 [in+28], %f561;
            st.param.f32 [in+32], %f563;
            st.param.u32 [in+36], %r564;
            call (out), %rd2, (%r559, %rd3, in), proto;
            ld.param.f32 %f574, [out+0];
            ld.param.f32 %f594, [out+4];
            ld.param.f32 %f575, [out+8];
            ld.param.f32 %f576, [out+12];
            ld.param.f32 %f577, [out+16];
            ld.param.f32 %f578, [out+20];
            ld.param.f32 %f579, [out+24];
            ld.param.f32 %f580, [out+28];
            ld.param.u32 %r581, [out+32];
            ld.param.f32 %f582, [out+36];
            ld.param.f32 %f583, [out+40];
            ld.param.f32 %f584, [out+44];
            ld.param.f32 %f585, [out+48];
            ld.param.f32 %f593, [out+52];
            ld.param.f32 %f592, [out+56];
            ld.param.f32 %f588, [out+60];
            ld.param.f32 %f587, [out+64];
            ld.param.f32 %f586, [out+68];
            ld.param.f32 %f590, [out+72];
            ld.param.f32 %f589, [out+76];
            ld.param.f32 %f591, [out+80];
        }

        bra.uni l_done_573;
    }

l_masked_573:
    mov.b32 %f574, 0;
    mov.b32 %f594, 0;
    mov.b32 %f575, 0;
    mov.b32 %f576, 0;
    mov.b32 %f577, 0;
    mov.b32 %f578, 0;
    mov.b32 %f579, 0;
    mov.b32 %f580, 0;
    mov.b32 %r581, 0;
    mov.b32 %f582, 0;
    mov.b32 %f583, 0;
    mov.b32 %f584, 0;
    mov.b32 %f585, 0;
    mov.b32 %f593, 0;
    mov.b32 %f592, 0;
    mov.b32 %f588, 0;
    mov.b32 %f587, 0;
    mov.b32 %f586, 0;
    mov.b32 %f590, 0;
    mov.b32 %f589, 0;
    mov.b32 %f591, 0;

l_done_573:
    mov.b32 %r595, 0x0;
    not.pred %p596, %p552;
    mov.b32 %f597, 0x7f800000;
    selp.f32 %f598, %f597, %f574, %p596;
    setp.ne.f32 %p599, %f598, %f597;
    and.pred %p600, %p552, %p599;
    not.pred %p601, %p600;
    mov.b32 %r602, 0x0;
    selp.u32 %r603, %r602, %r581, %p601;
    mov.b32 %f604, 0x0;
    setp.eq.f32 %p605, %f586, %f604;
    setp.eq.f32 %p606, %f587, %f604;
    and.pred %p607, %p605, %p606;
    setp.eq.f32 %p608, %f588, %f604;
    and.pred %p609, %p607, %p608;
    mul.ftz.f32 %f610, %f589, %f589;
    mov.b32 %f611, 0x3f800000;
    mov.b32 %f612, 0x80000000;
    and.b32 %f613, %f612, %f590;
    or.b32 %f614, %f611, %f613;
    add.ftz.f32 %f615, %f614, %f590;
    rcp.approx.ftz.f32 %f616, %f615;
    neg.ftz.f32 %f617, %f616;
    mul.ftz.f32 %f618, %f610, %f617;
    xor.b32 %f619, %f618, %f613;
    add.ftz.f32 %f620, %f619, %f611;
    mul.ftz.f32 %f621, %f589, %f586;
    fma.rn.ftz.f32 %f622, %f591, %f587, %f621;
    fma.rn.ftz.f32 %f623, %f590, %f588, %f622;
    neg.ftz.f32 %f624, %f623;
    fma.rn.ftz.f32 %f625, %f589, %f624, %f586;
    fma.rn.ftz.f32 %f626, %f590, %f624, %f588;
    fma.rn.ftz.f32 %f627, %f591, %f624, %f587;
    mul.ftz.f32 %f628, %f625, %f625;
    fma.rn.ftz.f32 %f629, %f627, %f627, %f628;
    fma.rn.ftz.f32 %f630, %f626, %f626, %f629;
    rsqrt.approx.ftz.f32 %f631, %f630;
    mul.ftz.f32 %f632, %f625, %f631;
    selp.f32 %f633, %f620, %f632, %p609;
    mul.ftz.f32 %f634, %f589, %f591;
    mul.ftz.f32 %f635, %f634, %f617;
    xor.b32 %f636, %f635, %f613;
    mul.ftz.f32 %f637, %f627, %f631;
    selp.f32 %f638, %f636, %f637, %p609;
    setp.ge.f32 %p639, %f590, %f604;
    neg.ftz.f32 %f640, %f589;
    selp.f32 %f641, %f640, %f589, %p639;
    mul.ftz.f32 %f642, %f626, %f631;
    selp.f32 %f643, %f641, %f642, %p609;
    mul.ftz.f32 %f644, %f590, %f638;
    neg.ftz.f32 %f645, %f644;
    fma.rn.ftz.f32 %f646, %f591, %f643, %f645;
    mul.ftz.f32 %f647, %f589, %f643;
    neg.ftz.f32 %f648, %f647;
    fma.rn.ftz.f32 %f649, %f590, %f633, %f648;
    mul.ftz.f32 %f650, %f591, %f633;
    neg.ftz.f32 %f651, %f650;
    fma.rn.ftz.f32 %f652, %f589, %f638, %f651;
    neg.ftz.f32 %f653, %f527;
    neg.ftz.f32 %f654, %f530;
    neg.ftz.f32 %f655, %f533;
    mul.ftz.f32 %f656, %f655, %f633;
    fma.rn.ftz.f32 %f657, %f654, %f638, %f656;
    fma.rn.ftz.f32 %f658, %f653, %f643, %f657;
    selp.f32 %f659, %f658, %f655, %p600;
    mul.ftz.f32 %f660, %f655, %f646;
    fma.rn.ftz.f32 %f661, %f654, %f649, %f660;
    fma.rn.ftz.f32 %f662, %f653, %f652, %f661;
    selp.f32 %f663, %f662, %f654, %p600;
    mul.ftz.f32 %f664, %f655, %f589;
    fma.rn.ftz.f32 %f665, %f654, %f591, %f664;
    fma.rn.ftz.f32 %f666, %f653, %f590, %f665;
    selp.f32 %f667, %f666, %f653, %p600;
    selp.u32 %r668, %r602, %r595, %p601;
    mov.u64 %rd205, %rd366;
    mov.f32 %f206, %f598;
    mov.f32 %f211, %f575;
    mov.f32 %f212, %f576;
    mov.f32 %f213, %f577;
    mov.f32 %f224, %f578;
    mov.f32 %f220, %f579;
    mov.f32 %f214, %f580;
    mov.u32 %r208, %r603;
    mov.f32 %f236, %f582;
    mov.f32 %f238, %f583;
    mov.f32 %f240, %f584;
    mov.f32 %f242, %f585;
    mov.f32 %f227, %f633;
    mov.f32 %f223, %f638;
    mov.f32 %f219, %f643;
    mov.f32 %f226, %f646;
    mov.f32 %f222, %f649;
    mov.f32 %f218, %f652;
    mov.f32 %f225, %f589;
    mov.f32 %f221, %f591;
    mov.f32 %f215, %f590;
    mov.f32 %f253, %f586;
    mov.f32 %f255, %f587;
    mov.f32 %f257, %f588;
    mov.f32 %f259, %f592;
    mov.f32 %f261, %f593;
    mov.f32 %f263, %f594;
    mov.f32 %f216, %f659;
    mov.f32 %f217, %f663;
    mov.f32 %f209, %f667;
    mov.u32 %r278, %r564;
    mov.u32 %r280, %r668;
    mov.f32 %f228, %f461;
    mov.f32 %f229, %f462;
    mov.f32 %f230, %f463;
    mov.f32 %f231, %f464;
    mov.f32 %f232, %f465;
    mov.f32 %f233, %f466;
    mov.f32 %f234, %f467;
    mov.f32 %f235, %f468;
    mov.u32 %r203, %r469;
    mov.f32 %f237, %f470;
    mov.f32 %f239, %f471;
    mov.f32 %f241, %f472;
    mov.f32 %f243, %f473;
    mov.f32 %f244, %f474;
    mov.f32 %f245, %f475;
    mov.f32 %f246, %f476;
    mov.f32 %f247, %f477;
    mov.f32 %f248, %f478;
    mov.f32 %f249, %f479;
    mov.f32 %f250, %f480;
    mov.f32 %f251, %f481;
    mov.f32 %f252, %f482;
    mov.f32 %f254, %f483;
    mov.f32 %f256, %f484;
    mov.f32 %f258, %f485;
    mov.f32 %f260, %f486;
    mov.f32 %f262, %f487;
    mov.f32 %f264, %f488;
    mov.f32 %f265, %f489;
    mov.f32 %f266, %f490;
    mov.f32 %f267, %f491;
    mov.f32 %f268, %f492;
    mov.f32 %f269, %f493;
    mov.f32 %f270, %f494;
    mov.f32 %f271, %f495;
    mov.f32 %f272, %f496;
    mov.f32 %f273, %f497;
    mov.f32 %f274, %f498;
    mov.f32 %f275, %f499;
    mov.f32 %f276, %f500;
    mov.f32 %f277, %f501;
    mov.u32 %r279, %r502;
    mov.u32 %r281, %r503;
    mov.pred %p204, %p402;
    mov.u32 %r210, %r567;
    mov.pred %p207, %p389;
    bra l_282_cond;

l_282_done:
    mov.u32 %r670, %r203;
    mov.f32 %f671, %f237;
    mov.f32 %f672, %f239;
    mov.f32 %f673, %f275;
    mov.f32 %f674, %f276;
    mov.f32 %f675, %f277;
    ld.const.u64 %rd676, [params+256];
    mov.b32 %r677, 0x0;
    setp.ne.u32 %p678, %r670, %r677;
    @!%p678 bra l_679_masked;
    mad.wide.u32 %rd3, %r670, 4, %rd676;
    ld.global.nc.u32 %r679, [%rd3];
    bra.uni l_679_done;

l_679_masked:
    mov.b32 %r679, 0;

l_679_done:
    mov.b64 %rd680, 0x0;
    mov.b64 %rd681, 0x5851f42d4c957f2d;
    mov.u32 %r682, %r0;
    ld.const.u64 %rd0, [params+264];
    ldu.global.u32 %r683, [%rd0];
    mov.b32 %r684, 0x4;
    shl.b32 %r685, %r682, %r684;
    mov.b32 %r686, 0xa341316c;
    add.u32 %r687, %r685, %r686;
    mov.b32 %r688, 0x9e3779b9;
    add.u32 %r689, %r682, %r688;
    xor.b32 %r690, %r687, %r689;
    mov.b32 %r691, 0x5;
    shr.u32 %r692, %r682, %r691;
    mov.b32 %r693, 0xc8013ea4;
    add.u32 %r694, %r692, %r693;
    xor.b32 %r695, %r690, %r694;
    add.u32 %r696, %r683, %r695;
    shl.b32 %r697, %r696, %r684;
    mov.b32 %r698, 0xad90777d;
    add.u32 %r699, %r697, %r698;
    add.u32 %r700, %r696, %r688;
    xor.b32 %r701, %r699, %r700;
    shr.u32 %r702, %r696, %r691;
    mov.b32 %r703, 0x7e95761e;
    add.u32 %r704, %r702, %r703;
    xor.b32 %r705, %r701, %r704;
    add.u32 %r706, %r682, %r705;
    shl.b32 %r707, %r706, %r684;
    add.u32 %r708, %r707, %r686;
    mov.b32 %r709, 0x3c6ef372;
    add.u32 %r710, %r706, %r709;
    xor.b32 %r711, %r708, %r710;
    shr.u32 %r712, %r706, %r691;
    add.u32 %r713, %r712, %r693;
    xor.b32 %r714, %r711, %r713;
    add.u32 %r715, %r696, %r714;
    shl.b32 %r716, %r715, %r684;
    add.u32 %r717, %r716, %r698;
    add.u32 %r718, %r715, %r709;
    xor.b32 %r719, %r717, %r718;
    shr.u32 %r720, %r715, %r691;
    add.u32 %r721, %r720, %r703;
    xor.b32 %r722, %r719, %r721;
    add.u32 %r723, %r706, %r722;
    shl.b32 %r724, %r723, %r684;
    add.u32 %r725, %r724, %r686;
    mov.b32 %r726, 0xdaa66d2b;
    add.u32 %r727, %r723, %r726;
    xor.b32 %r728, %r725, %r727;
    shr.u32 %r729, %r723, %r691;
    add.u32 %r730, %r729, %r693;
    xor.b32 %r731, %r728, %r730;
    add.u32 %r732, %r715, %r731;
    shl.b32 %r733, %r732, %r684;
    add.u32 %r734, %r733, %r698;
    add.u32 %r735, %r732, %r726;
    xor.b32 %r736, %r734, %r735;
    shr.u32 %r737, %r732, %r691;
    add.u32 %r738, %r737, %r703;
    xor.b32 %r739, %r736, %r738;
    add.u32 %r740, %r723, %r739;
    shl.b32 %r741, %r740, %r684;
    add.u32 %r742, %r741, %r686;
    mov.b32 %r743, 0x78dde6e4;
    add.u32 %r744, %r740, %r743;
    xor.b32 %r745, %r742, %r744;
    shr.u32 %r746, %r740, %r691;
    add.u32 %r747, %r746, %r693;
    xor.b32 %r748, %r745, %r747;
    add.u32 %r749, %r732, %r748;
    shl.b32 %r750, %r749, %r684;
    add.u32 %r751, %r750, %r698;
    add.u32 %r752, %r749, %r743;
    xor.b32 %r753, %r751, %r752;
    shr.u32 %r754, %r749, %r691;
    add.u32 %r755, %r754, %r703;
    xor.b32 %r756, %r753, %r755;
    add.u32 %r757, %r740, %r756;
    cvt.u64.u32 %rd758, %r757;
    mov.b64 %rd759, 0x1;
    cvt.u32.u64 %r3, %rd759;
    shl.b64 %rd760, %rd758, %r3;
    or.b64 %rd761, %rd760, %rd759;
    mad.lo.u64 %rd762, %rd680, %rd681, %rd761;
    cvt.u64.u32 %rd763, %r749;
    add.u64 %rd764, %rd762, %rd763;
    mad.lo.u64 %rd765, %rd764, %rd681, %rd761;
    mov.b64 %rd766, 0x12;
    cvt.u32.u64 %r3, %rd766;
    shr.u64 %rd767, %rd765, %r3;
    xor.b64 %rd768, %rd767, %rd765;
    mov.b64 %rd769, 0x1b;
    cvt.u32.u64 %r3, %rd769;
    shr.u64 %rd770, %rd768, %r3;
    cvt.u32.u64 %r771, %rd770;
    mov.b64 %rd772, 0x3b;
    cvt.u32.u64 %r3, %rd772;
    shr.u64 %rd773, %rd765, %r3;
    cvt.u32.u64 %r774, %rd773;
    shr.u32 %r775, %r771, %r774;
    mov.b32 %r776, %r774;
    neg.s32 %r777, %r776;
    mov.b32 %r778, 0x1f;
    and.b32 %r779, %r777, %r778;
    mov.b32 %r780, %r779;
    shl.b32 %r781, %r771, %r780;
    or.b32 %r782, %r775, %r781;
    mov.b32 %r783, 0x9;
    shr.u32 %r784, %r782, %r783;
    mov.b32 %r785, 0x3f800000;
    or.b32 %r786, %r784, %r785;
    mov.b32 %f787, %r786;
    mov.b32 %f788, 0x3f800000;
    sub.ftz.f32 %f789, %f787, %f788;
    mad.lo.u64 %rd790, %rd765, %rd681, %rd761;
    cvt.u32.u64 %r3, %rd766;
    shr.u64 %rd791, %rd790, %r3;
    xor.b64 %rd792, %rd791, %rd790;
    cvt.u32.u64 %r3, %rd769;
    shr.u64 %rd793, %rd792, %r3;
    cvt.u32.u64 %r794, %rd793;
    cvt.u32.u64 %r3, %rd772;
    shr.u64 %rd795, %rd790, %r3;
    cvt.u32.u64 %r796, %rd795;
    shr.u32 %r797, %r794, %r796;
    mov.b32 %r798, %r796;
    neg.s32 %r799, %r798;
    and.b32 %r800, %r799, %r778;
    mov.b32 %r801, %r800;
    shl.b32 %r802, %r794, %r801;
    or.b32 %r803, %r797, %r802;
    shr.u32 %r804, %r803, %r783;
    or.b32 %r805, %r804, %r785;
    mov.b32 %f806, %r805;
    sub.ftz.f32 %f807, %f806, %f788;
    mad.lo.u64 %rd808, %rd790, %rd681, %rd761;
    cvt.u32.u64 %r3, %rd766;
    shr.u64 %rd809, %rd808, %r3;
    xor.b64 %rd810, %rd809, %rd808;
    cvt.u32.u64 %r3, %rd769;
    shr.u64 %rd811, %rd810, %r3;
    cvt.u32.u64 %r812, %rd811;
    cvt.u32.u64 %r3, %rd772;
    shr.u64 %rd813, %rd808, %r3;
    cvt.u32.u64 %r814, %rd813;
    shr.u32 %r815, %r812, %r814;
    mov.b32 %r816, %r814;
    neg.s32 %r817, %r816;
    and.b32 %r818, %r817, %r778;
    mov.b32 %r819, %r818;
    shl.b32 %r820, %r812, %r819;
    or.b32 %r821, %r815, %r820;
    shr.u32 %r822, %r821, %r783;
    or.b32 %r823, %r822, %r785;
    mov.b32 %f824, %r823;
    sub.ftz.f32 %f825, %f824, %f788;
    mov.b32 %r826, 0x0;
    setp.ne.u32 %p827, %r679, %r826;
    ld.const.u64 %rd828, [params+272];
    ld.const.u64 %rd829, [params+280];

    @!%p827 bra l_masked_830;

    { // VCall: mitsuba::BSDF::sample()

        mad.wide.u32 %rd3, %r679, 8, %rd828;
        ld.global.u64 %rd3, [%rd3];
        cvt.u32.u64 %r3, %rd3;
        call (%rd2), _optix_call_direct_callable, (%r3);
        shr.u64 %rd3, %rd3, 32;
        add.u64 %rd3, %rd3, %rd829;

        {
            proto: .callprototype (.param .align 4 .b8 result[40]) _(.reg .u64 data, .param .align 4 .b8 params[32]);
            .param .align 4 .b8 out[40];
            .param .align 4 .b8 in[32];
            st.param.f32 [in+0], %f671;
            st.param.f32 [in+4], %f672;
            st.param.f32 [in+8], %f673;
            st.param.f32 [in+12], %f674;
            st.param.f32 [in+16], %f675;
            st.param.f32 [in+20], %f789;
            st.param.f32 [in+24], %f807;
            st.param.f32 [in+28], %f825;
            call (out), %rd2, (%rd3, in), proto;
            ld.param.f32 %f831, [out+28];
            ld.param.f32 %f832, [out+32];
            ld.param.f32 %f833, [out+36];
        }

        bra.uni l_done_830;
    }

l_masked_830:
    mov.b32 %f831, 0;
    mov.b32 %f832, 0;
    mov.b32 %f833, 0;

l_done_830:
    ld.const.u64 %rd834, [params+288];
    mov.u32 %r835, %r0;
    mov.b32 %r836, 0x3;
    mul.lo.u32 %r837, %r835, %r836;
    mov.pred %p838, 0x1;
    mad.wide.u32 %rd3, %r837, 4, %rd834;
    st.global.f32 [%rd3], %f831;
    mov.b32 %r840, 0x1;
    add.u32 %r841, %r837, %r840;
    mad.wide.u32 %rd3, %r841, 4, %rd834;
    st.global.f32 [%rd3], %f832;
    mov.b32 %r843, 0x2;
    add.u32 %r844, %r837, %r843;
    mad.wide.u32 %rd3, %r844, 4, %rd834;
    st.global.f32 [%rd3], %f833;
    ret;
}

.visible .func (.param .align 4 .b8 result[12]) __direct_callable__1e4dd3bb4f4a43b90960888763f811da(.reg .u64 data, .param .align 4 .b8 params[24]) {
    // VCall: mitsuba::BSDF::sample()
    .reg.b8   %b <36>; .reg.b16 %w<36>; .reg.b32 %r<36>;
    .reg.b64  %rd<36>; .reg.f32 %f<36>; .reg.f64 %d<36>;
    .reg.pred %p <36>;

    mov.b32 %f4, 0x40000000;
    ld.param.f32 %f5, [params+16];
    mov.b32 %f6, 0xbf800000;
    fma.rn.ftz.f32 %f7, %f4, %f5, %f6;
    abs.f32 %f8, %f7;
    ld.param.f32 %f9, [params+20];
    fma.rn.ftz.f32 %f10, %f4, %f9, %f6;
    abs.f32 %f11, %f10;
    setp.lt.f32 %p12, %f8, %f11;
    selp.f32 %f13, %f10, %f7, %p12;
    mov.b32 %f14, 0x0;
    setp.eq.f32 %p15, %f7, %f14;
    setp.eq.f32 %p16, %f10, %f14;
    and.pred %p17, %p15, %p16;
    mov.b32 %f18, 0x3fc90fdb;
    mov.b32 %f19, 0x3f490fdb;
    selp.f32 %f20, %f7, %f10, %p12;
    mul.ftz.f32 %f21, %f19, %f20;
    div.approx.ftz.f32 %f22, %f21, %f13;
    sub.ftz.f32 %f23, %f18, %f22;
    selp.f32 %f24, %f23, %f22, %p12;
    selp.f32 %f25, %f14, %f24, %p17;
    cos.approx.ftz.f32 %f26, %f25;
    mul.ftz.f32 %f27, %f13, %f26;
    sin.approx.ftz.f32 %f28, %f25;
    mul.ftz.f32 %f29, %f13, %f28;
    mov.b32 %f30, 0x3f800000;
    mul.ftz.f32 %f31, %f27, %f27;
    fma.rn.ftz.f32 %f32, %f29, %f29, %f31;
    sub.ftz.f32 %f33, %f30, %f32;
    max.ftz.f32 %f34, %f33, %f14;
    sqrt.approx.ftz.f32 %f35, %f34;
    st.param.f32 [result+0], %f27;
    st.param.f32 [result+4], %f29;
    st.param.f32 [result+8], %f35;
    ret;
}

.visible .func (.param .align 4 .b8 result[40]) __direct_callable__203403e6f04f88a9a64c84338253d9a1(.reg .u64 data, .param .align 4 .b8 params[32]) {
    // VCall: mitsuba::BSDF::sample()
    .reg.b8   %b <50>; .reg.b16 %w<50>; .reg.b32 %r<50>;
    .reg.b64  %rd<50>; .reg.f32 %f<50>; .reg.f64 %d<50>;
    .reg.pred %p <50>;

    ld.global.f32 %f4, [data+0];
    ld.global.f32 %f5, [data+4];
    ld.global.f32 %f6, [data+8];
    mov.b32 %f7, 0x40000000;
    ld.param.f32 %f8, [params+24];
    mov.b32 %f9, 0xbf800000;
    fma.rn.ftz.f32 %f10, %f7, %f8, %f9;
    abs.f32 %f11, %f10;
    ld.param.f32 %f12, [params+28];
    fma.rn.ftz.f32 %f13, %f7, %f12, %f9;
    abs.f32 %f14, %f13;
    setp.lt.f32 %p15, %f11, %f14;
    selp.f32 %f16, %f13, %f10, %p15;
    mov.b32 %f17, 0x0;
    setp.eq.f32 %p18, %f10, %f17;
    setp.eq.f32 %p19, %f13, %f17;
    and.pred %p20, %p18, %p19;
    mov.b32 %f21, 0x3fc90fdb;
    mov.b32 %f22, 0x3f490fdb;
    selp.f32 %f23, %f10, %f13, %p15;
    mul.ftz.f32 %f24, %f22, %f23;
    div.approx.ftz.f32 %f25, %f24, %f16;
    sub.ftz.f32 %f26, %f21, %f25;
    selp.f32 %f27, %f26, %f25, %p15;
    selp.f32 %f28, %f17, %f27, %p20;
    cos.approx.ftz.f32 %f29, %f28;
    mul.ftz.f32 %f30, %f16, %f29;
    sin.approx.ftz.f32 %f31, %f28;
    mul.ftz.f32 %f32, %f16, %f31;
    mov.b32 %f33, 0x3f800000;
    mul.ftz.f32 %f34, %f30, %f30;
    fma.rn.ftz.f32 %f35, %f32, %f32, %f34;
    sub.ftz.f32 %f36, %f33, %f35;
    max.ftz.f32 %f37, %f36, %f17;
    sqrt.approx.ftz.f32 %f38, %f37;
    mov.b32 %f39, 0x3ea2f983;
    mul.ftz.f32 %f40, %f39, %f38;
    mov.b32 %r41, 0x2;
    mov.b32 %r42, 0x0;
    ld.param.f32 %f43, [params+16];
    setp.gt.f32 %p44, %f43, %f17;
    setp.gt.f32 %p45, %f40, %f17;
    and.pred %p46, %p44, %p45;
    selp.b32 %f47, %f4, 0, %p46;
    selp.b32 %f48, %f5, 0, %p46;
    selp.b32 %f49, %f6, 0, %p46;
    st.param.f32 [result+0], %f30;
    st.param.f32 [result+4], %f32;
    st.param.f32 [result+8], %f38;
    st.param.f32 [result+12], %f40;
    st.param.f32 [result+16], %f33;
    st.param.u32 [result+20], %r41;
    st.param.u32 [result+24], %r42;
    st.param.f32 [result+28], %f47;
    st.param.f32 [result+32], %f48;
    st.param.f32 [result+36], %f49;
    ret;
}

.visible .func (.param .align 4 .b8 result[40]) __direct_callable__3f116f31549d286144ecfe2091f3ef0d(.reg .u64 data, .param .align 4 .b8 params[32]) {
    // VCall: mitsuba::BSDF::sample()
    .reg.b8   %b <637>; .reg.b16 %w<637>; .reg.b32 %r<637>;
    .reg.b64  %rd<637>; .reg.f32 %f<637>; .reg.f64 %d<637>;
    .reg.pred %p <637>;

    ld.global.f32 %f4, [data+4];
    ld.global.f32 %f5, [data+8];
    ld.global.f32 %f6, [data+12];
    ld.global.f32 %f7, [data+16];
    ld.global.f32 %f8, [data+20];
    ld.global.f32 %f9, [data+24];
    ld.global.f32 %f10, [data+28];
    ld.global.f32 %f11, [data+32];
    ld.global.f32 %f12, [data+36];
    ld.global.f32 %f13, [data+0];
    mov.b32 %f14, 0x38d1b717;
    max.ftz.f32 %f15, %f13, %f14;
    ld.param.f32 %f16, [params+8];
    mul.ftz.f32 %f17, %f15, %f16;
    ld.param.f32 %f18, [params+16];
    ld.param.f32 %f19, [params+12];
    mul.ftz.f32 %f20, %f15, %f19;
    mul.ftz.f32 %f21, %f17, %f17;
    fma.rn.ftz.f32 %f22, %f20, %f20, %f21;
    fma.rn.ftz.f32 %f23, %f18, %f18, %f22;
    rsqrt.approx.ftz.f32 %f24, %f23;
    mul.ftz.f32 %f25, %f17, %f24;
    mul.ftz.f32 %f26, %f20, %f24;
    mul.ftz.f32 %f27, %f26, %f26;
    fma.rn.ftz.f32 %f28, %f25, %f25, %f27;
    abs.f32 %f29, %f28;
    mov.b32 %f30, 0x34800000;
    setp.le.f32 %p31, %f29, %f30;
    mov.b32 %f32, 0x3f800000;
    rsqrt.approx.ftz.f32 %f33, %f28;
    mul.ftz.f32 %f34, %f25, %f33;
    min.ftz.f32 %f35, %f34, %f32;
    mov.b32 %f36, 0xbf800000;
    max.ftz.f32 %f37, %f35, %f36;
    selp.f32 %f38, %f32, %f37, %p31;
    mul.ftz.f32 %f39, %f18, %f24;
    neg.ftz.f32 %f40, %f39;
    fma.rn.ftz.f32 %f41, %f39, %f40, %f32;
    mov.b32 %f42, 0x0;
    max.ftz.f32 %f43, %f41, %f42;
    sqrt.approx.ftz.f32 %f44, %f43;
    div.approx.ftz.f32 %f45, %f44, %f39;
    rcp.approx.ftz.f32 %f46, %f45;
    abs.f32 %f47, %f46;
    setp.lt.f32 %p48, %f47, %f32;
    mul.ftz.f32 %f49, %f46, %f46;
    mul.ftz.f32 %f50, %f49, %f49;
    mul.ftz.f32 %f51, %f50, %f50;
    mul.ftz.f32 %f52, %f51, %f51;
    mov.b32 %f53, 0xb055d725;
    mov.b32 %f54, 0x326b8d88;
    fma.rn.ftz.f32 %f55, %f49, %f53, %f54;
    mov.b32 %f56, 0xb42e0393;
    mov.b32 %f57, 0x35dcbfea;
    fma.rn.ftz.f32 %f58, %f49, %f56, %f57;
    fma.rn.ftz.f32 %f59, %f50, %f55, %f58;
    mov.b32 %f60, 0xb77a6527;
    mov.b32 %f61, 0x38fcd15d;
    fma.rn.ftz.f32 %f62, %f49, %f60, %f61;
    mov.b32 %f63, 0xba6016d8;
    mov.b32 %f64, 0x3bab2de6;
    fma.rn.ftz.f32 %f65, %f49, %f63, %f64;
    fma.rn.ftz.f32 %f66, %f50, %f62, %f65;
    mov.b32 %f67, 0xbcdc1672;
    mov.b32 %f68, 0x3de71791;
    fma.rn.ftz.f32 %f69, %f49, %f67, %f68;
    mov.b32 %f70, 0xbec093a3;
    mov.b32 %f71, 0x3f906ebb;
    fma.rn.ftz.f32 %f72, %f49, %f70, %f71;
    fma.rn.ftz.f32 %f73, %f50, %f69, %f72;
    fma.rn.ftz.f32 %f74, %f51, %f66, %f73;
    fma.rn.ftz.f32 %f75, %f52, %f59, %f74;
    mul.ftz.f32 %f76, %f46, %f75;
    mul.ftz.f32 %f77, %f47, %f47;
    mul.ftz.f32 %f78, %f77, %f77;
    mov.b32 %f79, 0xb9cd1e1c;
    mov.b32 %f80, 0xbc327bfe;
    fma.rn.ftz.f32 %f81, %f47, %f79, %f80;
    mov.b32 %f82, 0xbdce6dbf;
    mov.b32 %f83, 0xbefd92d0;
    fma.rn.ftz.f32 %f84, %f47, %f82, %f83;
    fma.rn.ftz.f32 %f85, %f77, %f81, %f84;
    mov.b32 %f86, 0xbfbda45c;
    mov.b32 %f87, 0xc031cf5c;
    fma.rn.ftz.f32 %f88, %f47, %f86, %f87;
    mov.b32 %f89, 0xc045d94b;
    mov.b32 %f90, 0xbfd05f42;
    fma.rn.ftz.f32 %f91, %f47, %f89, %f90;
    fma.rn.ftz.f32 %f92, %f77, %f88, %f91;
    fma.rn.ftz.f32 %f93, %f78, %f85, %f92;
    mov.b32 %f94, 0xb001e898;
    mov.b32 %f95, 0x398e350d;
    fma.rn.ftz.f32 %f96, %f47, %f94, %f95;
    mov.b32 %f97, 0x3bf73fc8;
    mov.b32 %f98, 0x3d8c7442;
    fma.rn.ftz.f32 %f99, %f47, %f97, %f98;
    fma.rn.ftz.f32 %f100, %f77, %f96, %f99;
    mov.b32 %f101, 0x3ea34427;
    mov.b32 %f102, 0x3f5ccc80;
    fma.rn.ftz.f32 %f103, %f47, %f101, %f102;
    mov.b32 %f104, 0x3faadae8;
    fma.rn.ftz.f32 %f105, %f47, %f104, %f32;
    fma.rn.ftz.f32 %f106, %f77, %f103, %f105;
    fma.rn.ftz.f32 %f107, %f78, %f100, %f106;
    div.approx.ftz.f32 %f108, %f93, %f107;
    mul.ftz.f32 %f109, %f108, %f47;
    ex2.approx.ftz.f32 %f110, %f109;
    sub.ftz.f32 %f111, %f32, %f110;
    abs.f32 %f112, %f111;
    mov.b32 %f113, 0x7f800000;
    setp.lt.f32 %p114, %f112, %f113;
    selp.f32 %f115, %f111, %f32, %p114;
    abs.f32 %f116, %f115;
    mov.b32 %f117, 0x80000000;
    and.b32 %f118, %f117, %f46;
    or.b32 %f119, %f116, %f118;
    selp.f32 %f120, %f76, %f119, %p48;
    add.ftz.f32 %f121, %f120, %f32;
    ld.param.f32 %f122, [params+24];
    mov.b32 %f123, 0x3f7fffef;
    min.ftz.f32 %f124, %f122, %f123;
    mov.b32 %f125, 0x358637bd;
    max.ftz.f32 %f126, %f124, %f125;
    lg2.approx.ftz.f32 %f127, %f126;
    mov.b32 %f128, 0x3f317218;
    mul.ftz.f32 %f129, %f127, %f128;
    neg.ftz.f32 %f130, %f129;
    sqrt.approx.ftz.f32 %f131, %f130;
    abs.f32 %f132, %f131;
    setp.lt.f32 %p133, %f132, %f32;
    mul.ftz.f32 %f134, %f131, %f131;
    mul.ftz.f32 %f135, %f134, %f134;
    mul.ftz.f32 %f136, %f135, %f135;
    mul.ftz.f32 %f137, %f136, %f136;
    fma.rn.ftz.f32 %f138, %f134, %f53, %f54;
    fma.rn.ftz.f32 %f139, %f134, %f56, %f57;
    fma.rn.ftz.f32 %f140, %f135, %f138, %f139;
    fma.rn.ftz.f32 %f141, %f134, %f60, %f61;
    fma.rn.ftz.f32 %f142, %f134, %f63, %f64;
    fma.rn.ftz.f32 %f143, %f135, %f141, %f142;
    fma.rn.ftz.f32 %f144, %f134, %f67, %f68;
    fma.rn.ftz.f32 %f145, %f134, %f70, %f71;
    fma.rn.ftz.f32 %f146, %f135, %f144, %f145;
    fma.rn.ftz.f32 %f147, %f136, %f143, %f146;
    fma.rn.ftz.f32 %f148, %f137, %f140, %f147;
    mul.ftz.f32 %f149, %f131, %f148;
    mul.ftz.f32 %f150, %f132, %f132;
    mul.ftz.f32 %f151, %f150, %f150;
    fma.rn.ftz.f32 %f152, %f132, %f79, %f80;
    fma.rn.ftz.f32 %f153, %f132, %f82, %f83;
    fma.rn.ftz.f32 %f154, %f150, %f152, %f153;
    fma.rn.ftz.f32 %f155, %f132, %f86, %f87;
    fma.rn.ftz.f32 %f156, %f132, %f89, %f90;
    fma.rn.ftz.f32 %f157, %f150, %f155, %f156;
    fma.rn.ftz.f32 %f158, %f151, %f154, %f157;
    fma.rn.ftz.f32 %f159, %f132, %f94, %f95;
    fma.rn.ftz.f32 %f160, %f132, %f97, %f98;
    fma.rn.ftz.f32 %f161, %f150, %f159, %f160;
    fma.rn.ftz.f32 %f162, %f132, %f101, %f102;
    fma.rn.ftz.f32 %f163, %f132, %f104, %f32;
    fma.rn.ftz.f32 %f164, %f150, %f162, %f163;
    fma.rn.ftz.f32 %f165, %f151, %f161, %f164;
    div.approx.ftz.f32 %f166, %f158, %f165;
    mul.ftz.f32 %f167, %f166, %f132;
    ex2.approx.ftz.f32 %f168, %f167;
    sub.ftz.f32 %f169, %f32, %f168;
    abs.f32 %f170, %f169;
    setp.lt.f32 %p171, %f170, %f113;
    selp.f32 %f172, %f169, %f32, %p171;
    abs.f32 %f173, %f172;
    and.b32 %f174, %f117, %f131;
    or.b32 %f175, %f173, %f174;
    selp.f32 %f176, %f149, %f175, %p133;
    mul.ftz.f32 %f177, %f121, %f176;
    sub.ftz.f32 %f178, %f120, %f177;
    add.ftz.f32 %f179, %f32, %f178;
    mov.b32 %f180, 0x3f106ebb;
    mul.ftz.f32 %f181, %f180, %f45;
    mov.b32 %f182, 0x3fb8aa3b;
    sub.ftz.f32 %f183, %f32, %f178;
    mul.ftz.f32 %f184, %f183, %f179;
    lg2.approx.ftz.f32 %f185, %f184;
    mul.ftz.f32 %f186, %f185, %f128;
    neg.ftz.f32 %f187, %f186;
    mov.b32 %f188, 0x40a00000;
    setp.lt.f32 %p189, %f187, %f188;
    mov.b32 %f190, 0x40200000;
    sub.ftz.f32 %f191, %f187, %f190;
    mul.ftz.f32 %f192, %f191, %f191;
    mul.ftz.f32 %f193, %f192, %f192;
    mul.ftz.f32 %f194, %f193, %f193;
    mov.b32 %f195, 0x32f16588;
    mov.b32 %f196, 0x34b84b36;
    mov.b32 %f197, 0xb66c7357;
    fma.rn.ftz.f32 %f198, %f191, %f196, %f197;
    mov.b32 %f199, 0xb6935ac1;
    mov.b32 %f200, 0x396532db;
    fma.rn.ftz.f32 %f201, %f191, %f199, %f200;
    fma.rn.ftz.f32 %f202, %f192, %f198, %f201;
    mov.b32 %f203, 0xbaa45408;
    mov.b32 %f204, 0xbb88e4ef;
    fma.rn.ftz.f32 %f205, %f191, %f203, %f204;
    mov.b32 %f206, 0x3e7c8f63;
    mov.b32 %f207, 0x3fc02e2f;
    fma.rn.ftz.f32 %f208, %f191, %f206, %f207;
    fma.rn.ftz.f32 %f209, %f192, %f205, %f208;
    fma.rn.ftz.f32 %f210, %f193, %f202, %f209;
    fma.rn.ftz.f32 %f211, %f194, %f195, %f210;
    sqrt.approx.ftz.f32 %f212, %f187;
    mov.b32 %f213, 0x40400000;
    sub.ftz.f32 %f214, %f212, %f213;
    mul.ftz.f32 %f215, %f214, %f214;
    mul.ftz.f32 %f216, %f215, %f215;
    mul.ftz.f32 %f217, %f216, %f216;
    mov.b32 %f218, 0xb951f09b;
    mov.b32 %f219, 0x38d3b56b;
    mov.b32 %f220, 0x3ab0dc72;
    fma.rn.ftz.f32 %f221, %f214, %f219, %f220;
    mov.b32 %f222, 0xbb70bde7;
    mov.b32 %f223, 0x3bbc127b;
    fma.rn.ftz.f32 %f224, %f214, %f222, %f223;
    fma.rn.ftz.f32 %f225, %f215, %f221, %f224;
    mov.b32 %f226, 0xbbf9c5d7;
    mov.b32 %f227, 0x3c1aa57e;
    fma.rn.ftz.f32 %f228, %f214, %f226, %f227;
    mov.b32 %f229, 0x3f8036db;
    mov.b32 %f230, 0x40354f7e;
    fma.rn.ftz.f32 %f231, %f214, %f229, %f230;
    fma.rn.ftz.f32 %f232, %f215, %f228, %f231;
    fma.rn.ftz.f32 %f233, %f216, %f225, %f232;
    fma.rn.ftz.f32 %f234, %f217, %f218, %f233;
    selp.f32 %f235, %f211, %f234, %p189;
    mul.ftz.f32 %f236, %f235, %f178;
    mul.ftz.f32 %f237, %f236, %f236;
    neg.ftz.f32 %f238, %f237;
    mul.ftz.f32 %f239, %f182, %f238;
    ex2.approx.ftz.f32 %f240, %f239;
    mul.ftz.f32 %f241, %f181, %f240;
    add.ftz.f32 %f242, %f179, %f241;
    add.ftz.f32 %f243, %f32, %f120;
    neg.ftz.f32 %f244, %f49;
    mul.ftz.f32 %f245, %f182, %f244;
    ex2.approx.ftz.f32 %f246, %f245;
    mul.ftz.f32 %f247, %f181, %f246;
    add.ftz.f32 %f248, %f243, %f247;
    mul.ftz.f32 %f249, %f126, %f248;
    sub.ftz.f32 %f250, %f242, %f249;
    mul.ftz.f32 %f251, %f236, %f45;
    sub.ftz.f32 %f252, %f32, %f251;
    div.approx.ftz.f32 %f253, %f250, %f252;
    sub.ftz.f32 %f254, %f178, %f253;
    add.ftz.f32 %f255, %f32, %f254;
    sub.ftz.f32 %f256, %f32, %f254;
    mul.ftz.f32 %f257, %f256, %f255;
    lg2.approx.ftz.f32 %f258, %f257;
    mul.ftz.f32 %f259, %f258, %f128;
    neg.ftz.f32 %f260, %f259;
    setp.lt.f32 %p261, %f260, %f188;
    sub.ftz.f32 %f262, %f260, %f190;
    mul.ftz.f32 %f263, %f262, %f262;
    mul.ftz.f32 %f264, %f263, %f263;
    mul.ftz.f32 %f265, %f264, %f264;
    fma.rn.ftz.f32 %f266, %f262, %f196, %f197;
    fma.rn.ftz.f32 %f267, %f262, %f199, %f200;
    fma.rn.ftz.f32 %f268, %f263, %f266, %f267;
    fma.rn.ftz.f32 %f269, %f262, %f203, %f204;
    fma.rn.ftz.f32 %f270, %f262, %f206, %f207;
    fma.rn.ftz.f32 %f271, %f263, %f269, %f270;
    fma.rn.ftz.f32 %f272, %f264, %f268, %f271;
    fma.rn.ftz.f32 %f273, %f265, %f195, %f272;
    sqrt.approx.ftz.f32 %f274, %f260;
    sub.ftz.f32 %f275, %f274, %f213;
    mul.ftz.f32 %f276, %f275, %f275;
    mul.ftz.f32 %f277, %f276, %f276;
    mul.ftz.f32 %f278, %f277, %f277;
    fma.rn.ftz.f32 %f279, %f275, %f219, %f220;
    fma.rn.ftz.f32 %f280, %f275, %f222, %f223;
    fma.rn.ftz.f32 %f281, %f276, %f279, %f280;
    fma.rn.ftz.f32 %f282, %f275, %f226, %f227;
    fma.rn.ftz.f32 %f283, %f275, %f229, %f230;
    fma.rn.ftz.f32 %f284, %f276, %f282, %f283;
    fma.rn.ftz.f32 %f285, %f277, %f281, %f284;
    fma.rn.ftz.f32 %f286, %f278, %f218, %f285;
    selp.f32 %f287, %f273, %f286, %p261;
    mul.ftz.f32 %f288, %f287, %f254;
    mul.ftz.f32 %f289, %f288, %f288;
    neg.ftz.f32 %f290, %f289;
    mul.ftz.f32 %f291, %f182, %f290;
    ex2.approx.ftz.f32 %f292, %f291;
    mul.ftz.f32 %f293, %f181, %f292;
    add.ftz.f32 %f294, %f255, %f293;
    sub.ftz.f32 %f295, %f294, %f249;
    mul.ftz.f32 %f296, %f288, %f45;
    sub.ftz.f32 %f297, %f32, %f296;
    div.approx.ftz.f32 %f298, %f295, %f297;
    sub.ftz.f32 %f299, %f254, %f298;
    add.ftz.f32 %f300, %f32, %f299;
    sub.ftz.f32 %f301, %f32, %f299;
    mul.ftz.f32 %f302, %f301, %f300;
    lg2.approx.ftz.f32 %f303, %f302;
    mul.ftz.f32 %f304, %f303, %f128;
    neg.ftz.f32 %f305, %f304;
    setp.lt.f32 %p306, %f305, %f188;
    sub.ftz.f32 %f307, %f305, %f190;
    mul.ftz.f32 %f308, %f307, %f307;
    mul.ftz.f32 %f309, %f308, %f308;
    mul.ftz.f32 %f310, %f309, %f309;
    fma.rn.ftz.f32 %f311, %f307, %f196, %f197;
    fma.rn.ftz.f32 %f312, %f307, %f199, %f200;
    fma.rn.ftz.f32 %f313, %f308, %f311, %f312;
    fma.rn.ftz.f32 %f314, %f307, %f203, %f204;
    fma.rn.ftz.f32 %f315, %f307, %f206, %f207;
    fma.rn.ftz.f32 %f316, %f308, %f314, %f315;
    fma.rn.ftz.f32 %f317, %f309, %f313, %f316;
    fma.rn.ftz.f32 %f318, %f310, %f195, %f317;
    sqrt.approx.ftz.f32 %f319, %f305;
    sub.ftz.f32 %f320, %f319, %f213;
    mul.ftz.f32 %f321, %f320, %f320;
    mul.ftz.f32 %f322, %f321, %f321;
    mul.ftz.f32 %f323, %f322, %f322;
    fma.rn.ftz.f32 %f324, %f320, %f219, %f220;
    fma.rn.ftz.f32 %f325, %f320, %f222, %f223;
    fma.rn.ftz.f32 %f326, %f321, %f324, %f325;
    fma.rn.ftz.f32 %f327, %f320, %f226, %f227;
    fma.rn.ftz.f32 %f328, %f320, %f229, %f230;
    fma.rn.ftz.f32 %f329, %f321, %f327, %f328;
    fma.rn.ftz.f32 %f330, %f322, %f326, %f329;
    fma.rn.ftz.f32 %f331, %f323, %f218, %f330;
    selp.f32 %f332, %f318, %f331, %p306;
    mul.ftz.f32 %f333, %f332, %f299;
    mul.ftz.f32 %f334, %f333, %f333;
    neg.ftz.f32 %f335, %f334;
    mul.ftz.f32 %f336, %f182, %f335;
    ex2.approx.ftz.f32 %f337, %f336;
    mul.ftz.f32 %f338, %f181, %f337;
    add.ftz.f32 %f339, %f300, %f338;
    sub.ftz.f32 %f340, %f339, %f249;
    mul.ftz.f32 %f341, %f333, %f45;
    sub.ftz.f32 %f342, %f32, %f341;
    div.approx.ftz.f32 %f343, %f340, %f342;
    sub.ftz.f32 %f344, %f299, %f343;
    sub.ftz.f32 %f345, %f32, %f344;
    add.ftz.f32 %f346, %f32, %f344;
    mul.ftz.f32 %f347, %f345, %f346;
    lg2.approx.ftz.f32 %f348, %f347;
    mul.ftz.f32 %f349, %f348, %f128;
    neg.ftz.f32 %f350, %f349;
    setp.lt.f32 %p351, %f350, %f188;
    sub.ftz.f32 %f352, %f350, %f190;
    mul.ftz.f32 %f353, %f352, %f352;
    mul.ftz.f32 %f354, %f353, %f353;
    mul.ftz.f32 %f355, %f354, %f354;
    fma.rn.ftz.f32 %f356, %f352, %f196, %f197;
    fma.rn.ftz.f32 %f357, %f352, %f199, %f200;
    fma.rn.ftz.f32 %f358, %f353, %f356, %f357;
    fma.rn.ftz.f32 %f359, %f352, %f203, %f204;
    fma.rn.ftz.f32 %f360, %f352, %f206, %f207;
    fma.rn.ftz.f32 %f361, %f353, %f359, %f360;
    fma.rn.ftz.f32 %f362, %f354, %f358, %f361;
    fma.rn.ftz.f32 %f363, %f355, %f195, %f362;
    sqrt.approx.ftz.f32 %f364, %f350;
    sub.ftz.f32 %f365, %f364, %f213;
    mul.ftz.f32 %f366, %f365, %f365;
    mul.ftz.f32 %f367, %f366, %f366;
    mul.ftz.f32 %f368, %f367, %f367;
    fma.rn.ftz.f32 %f369, %f365, %f219, %f220;
    fma.rn.ftz.f32 %f370, %f365, %f222, %f223;
    fma.rn.ftz.f32 %f371, %f366, %f369, %f370;
    fma.rn.ftz.f32 %f372, %f365, %f226, %f227;
    fma.rn.ftz.f32 %f373, %f365, %f229, %f230;
    fma.rn.ftz.f32 %f374, %f366, %f372, %f373;
    fma.rn.ftz.f32 %f375, %f367, %f371, %f374;
    fma.rn.ftz.f32 %f376, %f368, %f218, %f375;
    selp.f32 %f377, %f363, %f376, %p351;
    mul.ftz.f32 %f378, %f377, %f344;
    mul.ftz.f32 %f379, %f26, %f33;
    min.ftz.f32 %f380, %f379, %f32;
    max.ftz.f32 %f381, %f380, %f36;
    selp.f32 %f382, %f42, %f381, %p31;
    mov.b32 %f383, 0x40000000;
    ld.param.f32 %f384, [params+28];
    min.ftz.f32 %f385, %f384, %f123;
    max.ftz.f32 %f386, %f385, %f125;
    fma.rn.ftz.f32 %f387, %f383, %f386, %f36;
    sub.ftz.f32 %f388, %f32, %f387;
    add.ftz.f32 %f389, %f32, %f387;
    mul.ftz.f32 %f390, %f388, %f389;
    lg2.approx.ftz.f32 %f391, %f390;
    mul.ftz.f32 %f392, %f391, %f128;
    neg.ftz.f32 %f393, %f392;
    setp.lt.f32 %p394, %f393, %f188;
    sub.ftz.f32 %f395, %f393, %f190;
    mul.ftz.f32 %f396, %f395, %f395;
    mul.ftz.f32 %f397, %f396, %f396;
    mul.ftz.f32 %f398, %f397, %f397;
    fma.rn.ftz.f32 %f399, %f395, %f196, %f197;
    fma.rn.ftz.f32 %f400, %f395, %f199, %f200;
    fma.rn.ftz.f32 %f401, %f396, %f399, %f400;
    fma.rn.ftz.f32 %f402, %f395, %f203, %f204;
    fma.rn.ftz.f32 %f403, %f395, %f206, %f207;
    fma.rn.ftz.f32 %f404, %f396, %f402, %f403;
    fma.rn.ftz.f32 %f405, %f397, %f401, %f404;
    fma.rn.ftz.f32 %f406, %f398, %f195, %f405;
    sqrt.approx.ftz.f32 %f407, %f393;
    sub.ftz.f32 %f408, %f407, %f213;
    mul.ftz.f32 %f409, %f408, %f408;
    mul.ftz.f32 %f410, %f409, %f409;
    mul.ftz.f32 %f411, %f410, %f410;
    fma.rn.ftz.f32 %f412, %f408, %f219, %f220;
    fma.rn.ftz.f32 %f413, %f408, %f222, %f223;
    fma.rn.ftz.f32 %f414, %f409, %f412, %f413;
    fma.rn.ftz.f32 %f415, %f408, %f226, %f227;
    fma.rn.ftz.f32 %f416, %f408, %f229, %f230;
    fma.rn.ftz.f32 %f417, %f409, %f415, %f416;
    fma.rn.ftz.f32 %f418, %f410, %f414, %f417;
    fma.rn.ftz.f32 %f419, %f411, %f218, %f418;
    selp.f32 %f420, %f406, %f419, %p394;
    mul.ftz.f32 %f421, %f420, %f387;
    mul.ftz.f32 %f422, %f382, %f421;
    neg.ftz.f32 %f423, %f422;
    fma.rn.ftz.f32 %f424, %f38, %f378, %f423;
    mul.ftz.f32 %f425, %f424, %f15;
    neg.ftz.f32 %f426, %f425;
    mul.ftz.f32 %f427, %f38, %f421;
    fma.rn.ftz.f32 %f428, %f382, %f378, %f427;
    mul.ftz.f32 %f429, %f428, %f15;
    neg.ftz.f32 %f430, %f429;
    mul.ftz.f32 %f431, %f426, %f426;
    fma.rn.ftz.f32 %f432, %f430, %f430, %f431;
    add.ftz.f32 %f433, %f32, %f432;
    rsqrt.approx.ftz.f32 %f434, %f433;
    mul.ftz.f32 %f435, %f426, %f434;
    mul.ftz.f32 %f436, %f430, %f434;
    mul.ftz.f32 %f437, %f16, %f435;
    fma.rn.ftz.f32 %f438, %f19, %f436, %f437;
    fma.rn.ftz.f32 %f439, %f18, %f434, %f438;
    mul.ftz.f32 %f440, %f383, %f439;
    neg.ftz.f32 %f441, %f16;
    fma.rn.ftz.f32 %f442, %f435, %f440, %f441;
    neg.ftz.f32 %f443, %f19;
    fma.rn.ftz.f32 %f444, %f436, %f440, %f443;
    neg.ftz.f32 %f445, %f18;
    fma.rn.ftz.f32 %f446, %f434, %f440, %f445;
    div.approx.ftz.f32 %f447, %f435, %f15;
    mul.ftz.f32 %f448, %f447, %f447;
    div.approx.ftz.f32 %f449, %f436, %f15;
    mul.ftz.f32 %f450, %f449, %f449;
    add.ftz.f32 %f451, %f448, %f450;
    neg.ftz.f32 %f452, %f451;
    mul.ftz.f32 %f453, %f434, %f434;
    div.approx.ftz.f32 %f454, %f452, %f453;
    mul.ftz.f32 %f455, %f182, %f454;
    ex2.approx.ftz.f32 %f456, %f455;
    mov.b32 %f457, 0x40490fdb;
    mul.ftz.f32 %f458, %f15, %f15;
    mul.ftz.f32 %f459, %f457, %f458;
    mul.ftz.f32 %f460, %f453, %f453;
    mul.ftz.f32 %f461, %f459, %f460;
    div.approx.ftz.f32 %f462, %f456, %f461;
    mul.ftz.f32 %f463, %f462, %f434;
    mov.b32 %f464, 0x1e3ce508;
    setp.gt.f32 %p465, %f463, %f464;
    selp.f32 %f466, %f462, %f42, %p465;
    mul.ftz.f32 %f467, %f439, %f18;
    setp.le.f32 %p468, %f467, %f42;
    mul.ftz.f32 %f469, %f20, %f20;
    add.ftz.f32 %f470, %f21, %f469;
    setp.eq.f32 %p471, %f470, %f42;
    mul.ftz.f32 %f472, %f18, %f18;
    div.approx.ftz.f32 %f473, %f470, %f472;
    rsqrt.approx.ftz.f32 %f474, %f473;
    mov.b32 %f475, 0x3fcccccd;
    setp.ge.f32 %p476, %f474, %f475;
    mov.b32 %f477, 0x40623d71;
    mul.ftz.f32 %f478, %f477, %f474;
    mov.b32 %f479, 0x400b9581;
    mul.ftz.f32 %f480, %f474, %f474;
    mul.ftz.f32 %f481, %f479, %f480;
    add.ftz.f32 %f482, %f478, %f481;
    mov.b32 %f483, 0x4011a9fc;
    mul.ftz.f32 %f484, %f483, %f474;
    add.ftz.f32 %f485, %f32, %f484;
    mov.b32 %f486, 0x4024ed91;
    mul.ftz.f32 %f487, %f486, %f480;
    add.ftz.f32 %f488, %f485, %f487;
    div.approx.ftz.f32 %f489, %f482, %f488;
    selp.f32 %f490, %f32, %f489, %p476;
    selp.f32 %f491, %f32, %f490, %p471;
    selp.f32 %f492, %f42, %f491, %p468;
    mul.ftz.f32 %f493, %f466, %f492;
    abs.f32 %f494, %f439;
    mul.ftz.f32 %f495, %f493, %f494;
    div.approx.ftz.f32 %f496, %f495, %f18;
    mov.b32 %f497, 0x40800000;
    mul.ftz.f32 %f498, %f442, %f435;
    fma.rn.ftz.f32 %f499, %f444, %f436, %f498;
    fma.rn.ftz.f32 %f500, %f446, %f434, %f499;
    mul.ftz.f32 %f501, %f497, %f500;
    div.approx.ftz.f32 %f502, %f496, %f501;
    mov.b32 %r503, 0x8;
    mov.b32 %r504, 0x0;
    mov.b32 %f505, 0x3f000000;
    mul.ftz.f32 %f506, %f4, %f4;
    mul.ftz.f32 %f507, %f5, %f5;
    sub.ftz.f32 %f508, %f506, %f507;
    mul.ftz.f32 %f509, %f439, %f439;
    sub.ftz.f32 %f510, %f32, %f509;
    sub.ftz.f32 %f511, %f508, %f510;
    mul.ftz.f32 %f512, %f511, %f511;
    mul.ftz.f32 %f513, %f497, %f5;
    mul.ftz.f32 %f514, %f513, %f5;
    mul.ftz.f32 %f515, %f514, %f4;
    mul.ftz.f32 %f516, %f515, %f4;
    add.ftz.f32 %f517, %f512, %f516;
    max.ftz.f32 %f518, %f517, %f42;
    sqrt.approx.ftz.f32 %f519, %f518;
    add.ftz.f32 %f520, %f519, %f509;
    add.ftz.f32 %f521, %f519, %f511;
    mul.ftz.f32 %f522, %f505, %f521;
    max.ftz.f32 %f523, %f522, %f42;
    sqrt.approx.ftz.f32 %f524, %f523;
    mul.ftz.f32 %f525, %f440, %f524;
    sub.ftz.f32 %f526, %f520, %f525;
    add.ftz.f32 %f527, %f520, %f525;
    div.approx.ftz.f32 %f528, %f526, %f527;
    mul.ftz.f32 %f529, %f519, %f509;
    mul.ftz.f32 %f530, %f510, %f510;
    add.ftz.f32 %f531, %f529, %f530;
    mul.ftz.f32 %f532, %f525, %f510;
    sub.ftz.f32 %f533, %f531, %f532;
    mul.ftz.f32 %f534, %f528, %f533;
    add.ftz.f32 %f535, %f531, %f532;
    div.approx.ftz.f32 %f536, %f534, %f535;
    add.ftz.f32 %f537, %f528, %f536;
    mul.ftz.f32 %f538, %f505, %f537;
    mul.ftz.f32 %f539, %f500, %f446;
    setp.le.f32 %p540, %f539, %f42;
    mul.ftz.f32 %f541, %f15, %f442;
    mul.ftz.f32 %f542, %f541, %f541;
    mul.ftz.f32 %f543, %f15, %f444;
    mul.ftz.f32 %f544, %f543, %f543;
    add.ftz.f32 %f545, %f542, %f544;
    setp.eq.f32 %p546, %f545, %f42;
    mul.ftz.f32 %f547, %f446, %f446;
    div.approx.ftz.f32 %f548, %f545, %f547;
    rsqrt.approx.ftz.f32 %f549, %f548;
    setp.ge.f32 %p550, %f549, %f475;
    mul.ftz.f32 %f551, %f477, %f549;
    mul.ftz.f32 %f552, %f549, %f549;
    mul.ftz.f32 %f553, %f479, %f552;
    add.ftz.f32 %f554, %f551, %f553;
    mul.ftz.f32 %f555, %f483, %f549;
    add.ftz.f32 %f556, %f32, %f555;
    mul.ftz.f32 %f557, %f486, %f552;
    add.ftz.f32 %f558, %f556, %f557;
    div.approx.ftz.f32 %f559, %f554, %f558;
    selp.f32 %f560, %f32, %f559, %p550;
    selp.f32 %f561, %f32, %f560, %p546;
    selp.f32 %f562, %f42, %f561, %p540;
    mul.ftz.f32 %f563, %f562, %f6;
    mul.ftz.f32 %f564, %f538, %f563;
    setp.gt.f32 %p565, %f18, %f42;
    setp.ne.f32 %p566, %f496, %f42;
    setp.gt.f32 %p567, %f446, %f42;
    and.pred %p568, %p566, %p567;
    and.pred %p569, %p565, %p568;
    selp.b32 %f570, %f564, 0, %p569;
    mul.ftz.f32 %f571, %f7, %f7;
    mul.ftz.f32 %f572, %f8, %f8;
    sub.ftz.f32 %f573, %f571, %f572;
    sub.ftz.f32 %f574, %f573, %f510;
    mul.ftz.f32 %f575, %f574, %f574;
    mul.ftz.f32 %f576, %f497, %f8;
    mul.ftz.f32 %f577, %f576, %f8;
    mul.ftz.f32 %f578, %f577, %f7;
    mul.ftz.f32 %f579, %f578, %f7;
    add.ftz.f32 %f580, %f575, %f579;
    max.ftz.f32 %f581, %f580, %f42;
    sqrt.approx.ftz.f32 %f582, %f581;
    add.ftz.f32 %f583, %f582, %f509;
    add.ftz.f32 %f584, %f582, %f574;
    mul.ftz.f32 %f585, %f505, %f584;
    max.ftz.f32 %f586, %f585, %f42;
    sqrt.approx.ftz.f32 %f587, %f586;
    mul.ftz.f32 %f588, %f440, %f587;
    sub.ftz.f32 %f589, %f583, %f588;
    add.ftz.f32 %f590, %f583, %f588;
    div.approx.ftz.f32 %f591, %f589, %f590;
    mul.ftz.f32 %f592, %f582, %f509;
    add.ftz.f32 %f593, %f592, %f530;
    mul.ftz.f32 %f594, %f588, %f510;
    sub.ftz.f32 %f595, %f593, %f594;
    mul.ftz.f32 %f596, %f591, %f595;
    add.ftz.f32 %f597, %f593, %f594;
    div.approx.ftz.f32 %f598, %f596, %f597;
    add.ftz.f32 %f599, %f591, %f598;
    mul.ftz.f32 %f600, %f505, %f599;
    mul.ftz.f32 %f601, %f562, %f9;
    mul.ftz.f32 %f602, %f600, %f601;
    selp.b32 %f603, %f602, 0, %p569;
    mul.ftz.f32 %f604, %f10, %f10;
    mul.ftz.f32 %f605, %f11, %f11;
    sub.ftz.f32 %f606, %f604, %f605;
    sub.ftz.f32 %f607, %f606, %f510;
    mul.ftz.f32 %f608, %f607, %f607;
    mul.ftz.f32 %f609, %f497, %f11;
    mul.ftz.f32 %f610, %f609, %f11;
    mul.ftz.f32 %f611, %f610, %f10;
    mul.ftz.f32 %f612, %f611, %f10;
    add.ftz.f32 %f613, %f608, %f612;
    max.ftz.f32 %f614, %f613, %f42;
    sqrt.approx.ftz.f32 %f615, %f614;
    add.ftz.f32 %f616, %f615, %f509;
    add.ftz.f32 %f617, %f615, %f607;
    mul.ftz.f32 %f618, %f505, %f617;
    max.ftz.f32 %f619, %f618, %f42;
    sqrt.approx.ftz.f32 %f620, %f619;
    mul.ftz.f32 %f621, %f440, %f620;
    sub.ftz.f32 %f622, %f616, %f621;
    add.ftz.f32 %f623, %f616, %f621;
    div.approx.ftz.f32 %f624, %f622, %f623;
    mul.ftz.f32 %f625, %f615, %f509;
    add.ftz.f32 %f626, %f625, %f530;
    mul.ftz.f32 %f627, %f621, %f510;
    sub.ftz.f32 %f628, %f626, %f627;
    mul.ftz.f32 %f629, %f624, %f628;
    add.ftz.f32 %f630, %f626, %f627;
    div.approx.ftz.f32 %f631, %f629, %f630;
    add.ftz.f32 %f632, %f624, %f631;
    mul.ftz.f32 %f633, %f505, %f632;
    mul.ftz.f32 %f634, %f562, %f12;
    mul.ftz.f32 %f635, %f633, %f634;
    selp.b32 %f636, %f635, 0, %p569;
    st.param.f32 [result+0], %f442;
    st.param.f32 [result+4], %f444;
    st.param.f32 [result+8], %f446;
    st.param.f32 [result+12], %f502;
    st.param.f32 [result+16], %f32;
    st.param.u32 [result+20], %r503;
    st.param.u32 [result+24], %r504;
    st.param.f32 [result+28], %f570;
    st.param.f32 [result+32], %f603;
    st.param.f32 [result+36], %f636;
    ret;
}

.visible .func (.param .align 4 .b8 result[84]) __direct_callable__4516cd2ab718f9aa896604bb79d9548b(.reg .u32 self, .reg .u64 data, .param .align 4 .b8 params[40]) {
    // VCall: mitsuba::Shape::compute_surface_interaction()
    .reg.b8   %b <45>; .reg.b16 %w<45>; .reg.b32 %r<45>;
    .reg.b64  %rd<45>; .reg.f32 %f<45>; .reg.f64 %d<45>;
    .reg.pred %p <45>;

    ld.global.f32 %f4, [data+44];
    ld.global.f32 %f5, [data+0];
    ld.global.f32 %f6, [data+4];
    ld.global.f32 %f7, [data+8];
    ld.global.f32 %f8, [data+12];
    ld.global.f32 %f9, [data+16];
    ld.global.f32 %f10, [data+20];
    ld.global.f32 %f11, [data+40];
    ld.global.f32 %f12, [data+36];
    ld.global.f32 %f13, [data+32];
    ld.global.f32 %f14shr.u32 %r775, %r771, %r774;
    mov.b32 %r776, %r774;
    neg.s32 %r777, %r776;
    mov.b32 %r778, 0x1f;
    and.b32 %r779, %r777, %r778;
    mov.b32 %r780, %r779;
    shl.b32 %r781, %r771, %r780;
    or.b32 %r782, %r775, %r781;
    mov.b32 %r783, 0x9;
    shr.u32 %r784, %r782, %r783;
    mov.b32 %r785, 0x3f800000;
    or.b32 %r786, %r784, %r785;
    mov.b32 %f787, %r786;
    mov.b32 %f788, 0x3f800000;
    sub.ftz.f32 %f789, %f787, %f788;
    mad.lo.u64 %rd790, %rd765, %rd681, %rd761;
    cvt.u32.u64 %r3, %rd766;
    shr.u64 %rd791, %rd790, %r3;
    xor.b64 %rd792, %rd791, %rd790;
    cvt.u32.u64 %r3, %rd769;
    shr.u64 %rd793, %rd792, %r3;
    cvt.u32.u64 %r794, %rd793;
    cvt.u32.u64 %r3, %rd772;
    shr.u64 %rd795, %rd790, %r3;
    cvt.u32.u64 %r796, %rd795;
    shr.u32 %r797, %r794, %r796;
    mov.b32 %r798, %r796;
    neg.s32 %r799, %r798;
    and.b32 %r800, %r799, %r778;
    mov.b32 %r801, %r800;
    shl.b32 %r802, %r794, %r801;
    or.b32 %r803, %r797, %r802;
    shr.u32 %r804, %r803, %r783;
    or.b32 %r805, %r804, %r785;
    mov.b32 %f806, %r805;
    sub.ftz.f32 %f807, %f806, %f788;
    mad.lo.u64 %rd808, %rd790, %rd681, %rd761;
    cvt.u32.u64 %r3, %rd766;
    shr.u64 %rd809, %rd808, %r3;
    xor.b64 %rd810, %rd809, %rd808;
    cvt.u32.u64 %r3, %rd769;
    shr.u64 %rd811, %rd810, %r3;
    cvt.u32.u64 %r812, %rd811;
    cvt.u32.u64 %r3, %rd772;
    shr.u64 %rd813, %rd808, %r3;
    cvt.u32.u64 %r814, %rd813;
    shr.u32 %r815, %r812, %r814;
    mov.b32 %r816, %r814;
    neg.s32 %r817, %r816;
    and.b32 %r818, %r817, %r778;
    mov.b32 %r819, %r818;
    shl.b32 %r820, %r812, %r819;
    or.b32 %r821, %r815, %r820;
    shr.u32 %r822, %r821, %r783;
    or.b32 %r823, %r822, %r785;
    mov.b32 %f824, %r823;
    sub.ftz.f32 %f825, %f824, %f788;
    mov.b32 %r826, 0x0;
    setp.ne.u32 %p827, %r679, %r826;
    ld.const.u64 %rd828, [params+272];
    ld.const.u64 %rd829, [params+280];

    @!%p827 bra l_masked_830;

    { // VCall: mitsuba::BSDF::sample()

        mad.wide.u32 %rd3, %r679, 8, %rd828;
        ld.global.u64 %rd3, [%rd3];
        cvt.u32.u64 %r3, %rd3;
        call (%rd2), _optix_call_direct_callable, (%r3);
        shr.u64 %rd3, %rd3, 32;
        add.u64 %rd3, %rd3, %rd829;

        {
            proto: .callprototype (.param .align 4 .b8 result[40]) _(.reg .u64 data, .param .align 4 .b8 params[32]);
            .param .align 4 .b8 out[40];
            .param .align 4 .b8 in[32];
            st.param.f32 [in+0], %f671;
            st.param.f32 [in+4], %f672;
            st.param.f32 [in+8], %f673;
            st.param.f32 [in+12], %f674;
            st.param.f32 [in+16], %f675;
            st.param.f32 [in+20], %f789;
            st.param.f32 [in+24], %f807;
            st.param.f32 [in+28], %f825;
            call (out), %rd2, (%rd3, in), proto;
            ld.param.f32 %f831, [out+28];
            ld.param.f32 %f832, [out+32];
            ld.param.f32 %f833, [out+36];
        }

        bra.uni l_done_830;
    }

l_masked_830:
    mov.b32 %f831, 0;
    mov.b32 %f832, 0;
    mov.b32 %f833, 0;

l_done_830:
    ld.const.u64 %rd834, [params+288];
    mov.u32 %r835, %r0;
    mov.b32 %r836, 0x3;
    mul.lo.u32 %r837, %r835, %r836;
    mov.pred %p838, 0x1;
    mad.wide.u32 %rd3, %r837, 4, %rd834;
    st.global.f32 [%rd3], %f831;
    mov.b32 %r840, 0x1;
    add.u32 %r841, %r837, %r840;
    mad.wide.u32 %rd3, %r841, 4, %rd834;
    st.global.f32 [%rd3], %f832;
    mov.b32 %r843, 0x2;
    add.u32 %r844, %r837, %r843;
    mad.wide.u32 %rd3, %r844, 4, %rd834;
    st.global.f32 [%rd3], %f833;
    ret;
}

.visible .func (.param .align 4 .b8 result[12]) __direct_callable__1e4dd3bb4f4a43b90960888763f811da(.reg .u64 data, .param .align 4 .b8 params[24]) {
    // VCall: mitsuba::BSDF::sample()
    .reg.b8   %b <36>; .reg.b16 %w<36>; .reg.b32 %r<36>;
    .reg.b64  %rd<36>; .reg.f32 %f<36>; .reg.f64 %d<36>;
    .reg.pred %p <36>;

    mov.b32 %f4, 0x40000000;
    ld.param.f32 %f5, [params+16];
    mov.b32 %f6, 0xbf800000;
    fma.rn.ftz.f32 %f7, %f4, %f5, %f6;
    abs.f32 %f8, %f7;
    ld.param.f32 %f9, [params+20];
    fma.rn.ftz.f32 %f10, %f4, %f9, %f6;
    abs.f32 %f11, %f10;
    setp.lt.f32 %p12, %f8, %f11;
    selp.f32 %f13, %f10, %f7, %p12;
    mov.b32 %f14, 0x0;
    setp.eq.f32 %p15, %f7, %f14;
    setp.eq.f32 %p16, %f10, %f14;
    and.pred %p17, %p15, %p16;
    mov.b32 %f18, 0x3fc90fdb;
    mov.b32 %f19, 0x3f490fdb;
    selp.f32 %f20, %f7, %f10, %p12;
    mul.ftz.f32 %f21, %f19, %f20;
    div.approx.ftz.f32 %f22, %f21, %f13;
    sub.ftz.f32 %f23, %f18, %f22;
    selp.f32 %f24, %f23, %f22, %p12;
    selp.f32 %f25, %f14, %f24, %p17;
    cos.approx.ftz.f32 %f26, %f25;
    mul.ftz.f32 %f27, %f13, %f26;
    sin.approx.ftz.f32 %f28, %f25;
    mul.ftz.f32 %f29, %f13, %f28;
    mov.b32 %f30, 0x3f800000;
    mul.ftz.f32 %f31, %f27, %f27;
    fma.rn.ftz.f32 %f32, %f29, %f29, %f31;
    sub.ftz.f32 %f33, %f30, %f32;
    max.ftz.f32 %f34, %f33, %f14;
    sqrt.approx.ftz.f32 %f35, %f34;
    st.param.f32 [result+0], %f27;
    st.param.f32 [result+4], %f29;
    st.param.f32 [result+8], %f35;
    ret;
}

.visible .func (.param .align 4 .b8 result[40]) __direct_callable__203403e6f04f88a9a64c84338253d9a1(.reg .u64 data, .param .align 4 .b8 params[32]) {
    // VCall: mitsuba::BSDF::sample()
    .reg.b8   %b <50>; .reg.b16 %w<50>; .reg.b32 %r<50>;
    .reg.b64  %rd<50>; .reg.f32 %f<50>; .reg.f64 %d<50>;
    .reg.pred %p <50>;

    ld.global.f32 %f4, [data+0];
    ld.global.f32 %f5, [data+4];
    ld.global.f32 %f6, [data+8];
    mov.b32 %f7, 0x40000000;
    ld.param.f32 %f8, [params+24];
    mov.b32 %f9, 0xbf800000;
    fma.rn.ftz.f32 %f10, %f7, %f8, %f9;
    abs.f32 %f11, %f10;
    ld.param.f32 %f12, [params+28];
    fma.rn.ftz.f32 %f13, %f7, %f12, %f9;
    abs.f32 %f14, %f13;
    setp.lt.f32 %p15, %f11, %f14;
    selp.f32 %f16, %f13, %f10, %p15;
    mov.b32 %f17, 0x0;
    setp.eq.f32 %p18, %f10, %f17;
    setp.eq.f32 %p19, %f13, %f17;
    and.pred %p20, %p18, %p19;
    mov.b32 %f21, 0x3fc90fdb;
    mov.b32 %f22, 0x3f490fdb;
    selp.f32 %f23, %f10, %f13, %p15;
    mul.ftz.f32 %f24, %f22, %f23;
    div.approx.ftz.f32 %f25, %f24, %f16;
    sub.ftz.f32 %f26, %f21, %f25;
    selp.f32 %f27, %f26, %f25, %p15;
    selp.f32 %f28, %f17, %f27, %p20;
    cos.approx.ftz.f32 %f29, %f28;
    mul.ftz.f32 %f30, %f16, %f29;
    sin.approx.ftz.f32 %f31, %f28;
    mul.ftz.f32 %f32, %f16, %f31;
    mov.b32 %f33, 0x3f800000;
    mul.ftz.f32 %f34, %f30, %f30;
    fma.rn.ftz.f32 %f35, %f32, %f32, %f34;
    sub.ftz.f32 %f36, %f33, %f35;
    max.ftz.f32 %f37, %f36, %f17;
    sqrt.approx.ftz.f32 %f38, %f37;
    mov.b32 %f39, 0x3ea2f983;
    mul.ftz.f32 %f40, %f39, %f38;
    mov.b32 %r41, 0x2;
    mov.b32 %r42, 0x0;
    ld.param.f32 %f43, [params+16];
    setp.gt.f32 %p44, %f43, %f17;
    setp.gt.f32 %p45, %f40, %f17;
    and.pred %p46, %p44, %p45;
    selp.b32 %f47, %f4, 0, %p46;
    selp.b32 %f48, %f5, 0, %p46;
    selp.b32 %f49, %f6, 0, %p46;
    st.param.f32 [result+0], %f30;
    st.param.f32 [result+4], %f32;
    st.param.f32 [result+8], %f38;
    st.param.f32 [result+12], %f40;
    st.param.f32 [result+16], %f33;
    st.param.u32 [result+20], %r41;
    st.param.u32 [result+24], %r42;
    st.param.f32 [result+28], %f47;
    st.param.f32 [result+32], %f48;
    st.param.f32 [result+36], %f49;
    ret;
}

.visible .func (.param .align 4 .b8 result[40]) __direct_callable__3f116f31549d286144ecfe2091f3ef0d(.reg .u64 data, .param .align 4 .b8 params[32]) {
    // VCall: mitsuba::BSDF::sample()
    .reg.b8   %b <637>; .reg.b16 %w<637>; .reg.b32 %r<637>;
    .reg.b64  %rd<637>; .reg.f32 %f<637>; .reg.f64 %d<637>;
    .reg.pred %p <637>;

    ld.global.f32 %f4, [data+4];
    ld.global.f32 %f5, [data+8];
    ld.global.f32 %f6, [data+12];
    ld.global.f32 %f7, [data+16];
    ld.global.f32 %f8, [data+20];
    ld.global.f32 %f9, [data+24];
    ld.global.f32 %f10, [data+28];
    ld.global.f32 %f11, [data+32];
    ld.global.f32 %f12, [data+36];
    ld.global.f32 %f13, [data+0];
    mov.b32 %f14, 0x38d1b717;
    max.ftz.f32 %f15, %f13, %f14;
    ld.param.f32 %f16, [params+8];
    mul.ftz.f32 %f17, %f15, %f16;
    ld.param.f32 %f18, [params+16];
    ld.param.f32 %f19, [params+12];
    mul.ftz.f32 %f20, %f15, %f19;
    mul.ftz.f32 %f21, %f17, %f17;
    fma.rn.ftz.f32 %f22, %f20, %f20, %f21;
    fma.rn.ftz.f32 %f23, %f18, %f18, %f22;
    rsqrt.approx.ftz.f32 %f24, %f23;
    mul.ftz.f32 %f25, %f17, %f24;
    mul.ftz.f32 %f26, %f20, %f24;
    mul.ftz.f32 %f27, %f26, %f26;
    fma.rn.ftz.f32 %f28, %f25, %f25, %f27;
    abs.f32 %f29, %f28;
    mov.b32 %f30, 0x34800000;
    setp.le.f32 %p31, %f29, %f30;
    mov.b32 %f32, 0x3f800000;
    rsqrt.approx.ftz.f32 %f33, %f28;
    mul.ftz.f32 %f34, %f25, %f33;
    min.ftz.f32 %f35, %f34, %f32;
    mov.b32 %f36, 0xbf800000;
    max.ftz.f32 %f37, %f35, %f36;
    selp.f32 %f38, %f32, %f37, %p31;
    mul.ftz.f32 %f39, %f18, %f24;
    neg.ftz.f32 %f40, %f39;
    fma.rn.ftz.f32 %f41, %f39, %f40, %f32;
    mov.b32 %f42, 0x0;
    max.ftz.f32 %f43, %f41, %f42;
    sqrt.approx.ftz.f32 %f44, %f43;
    div.approx.ftz.f32 %f45, %f44, %f39;
    rcp.approx.ftz.f32 %f46, %f45;
    abs.f32 %f47, %f46;
    setp.lt.f32 %p48, %f47, %f32;
    mul.ftz.f32 %f49, %f46, %f46;
    mul.ftz.f32 %f50, %f49, %f49;
    mul.ftz.f32 %f51, %f50, %f50;
    mul.ftz.f32 %f52, %f51, %f51;
    mov.b32 %f53, 0xb055d725;
    mov.b32 %f54, 0x326b8d88;
    fma.rn.ftz.f32 %f55, %f49, %f53, %f54;
    mov.b32 %f56, 0xb42e0393;
    mov.b32 %f57, 0x35dcbfea;
    fma.rn.ftz.f32 %f58, %f49, %f56, %f57;
    fma.rn.ftz.f32 %f59, %f50, %f55, %f58;
    mov.b32 %f60, 0xb77a6527;
    mov.b32 %f61, 0x38fcd15d;
    fma.rn.ftz.f32 %f62, %f49, %f60, %f61;
    mov.b32 %f63, 0xba6016d8;
    mov.b32 %f64, 0x3bab2de6;
    fma.rn.ftz.f32 %f65, %f49, %f63, %f64;
    fma.rn.ftz.f32 %f66, %f50, %f62, %f65;
    mov.b32 %f67, 0xbcdc1672;
    mov.b32 %f68, 0x3de71791;
    fma.rn.ftz.f32 %f69, %f49, %f67, %f68;
    mov.b32 %f70, 0xbec093a3;
    mov.b32 %f71, 0x3f906ebb;
    fma.rn.ftz.f32 %f72, %f49, %f70, %f71;
    fma.rn.ftz.f32 %f73, %f50, %f69, %f72;
    fma.rn.ftz.f32 %f74, %f51, %f66, %f73;
    fma.rn.ftz.f32 %f75, %f52, %f59, %f74;
    mul.ftz.f32 %f76, %f46, %f75;
    mul.ftz.f32 %f77, %f47, %f47;
    mul.ftz.f32 %f78, %f77, %f77;
    mov.b32 %f79, 0xb9cd1e1c;
    mov.b32 %f80, 0xbc327bfe;
    fma.rn.ftz.f32 %f81, %f47, %f79, %f80;
    mov.b32 %f82, 0xbdce6dbf;
    mov.b32 %f83, 0xbefd92d0;
    fma.rn.ftz.f32 %f84, %f47, %f82, %f83;
    fma.rn.ftz.f32 %f85, %f77, %f81, %f84;
    mov.b32 %f86, 0xbfbda45c;
    mov.b32 %f87, 0xc031cf5c;
    fma.rn.ftz.f32 %f88, %f47, %f86, %f87;
    mov.b32 %f89, 0xc045d94b;
    mov.b32 %f90, 0xbfd05f42;
    fma.rn.ftz.f32 %f91, %f47, %f89, %f90;
    fma.rn.ftz.f32 %f92, %f77, %f88, %f91;
    fma.rn.ftz.f32 %f93, %f78, %f85, %f92;
    mov.b32 %f94, 0xb001e898;
    mov.b32 %f95, 0x398e350d;
    fma.rn.ftz.f32 %f96, %f47, %f94, %f95;
    mov.b32 %f97, 0x3bf73fc8;
    mov.b32 %f98, 0x3d8c7442;
    fma.rn.ftz.f32 %f99, %f47, %f97, %f98;
    fma.rn.ftz.f32 %f100, %f77, %f96, %f99;
    mov.b32 %f101, 0x3ea34427;
    mov.b32 %f102, 0x3f5ccc80;
    fma.rn.ftz.f32 %f103, %f47, %f101, %f102;
    mov.b32 %f104, 0x3faadae8;
    fma.rn.ftz.f32 %f105, %f47, %f104, %f32;
    fma.rn.ftz.f32 %f106, %f77, %f103, %f105;
    fma.rn.ftz.f32 %f107, %f78, %f100, %f106;
    div.approx.ftz.f32 %f108, %f93, %f107;
    mul.ftz.f32 %f109, %f108, %f47;
    ex2.approx.ftz.f32 %f110, %f109;
    sub.ftz.f32 %f111, %f32, %f110;
    abs.f32 %f112, %f111;
    mov.b32 %f113, 0x7f800000;
    setp.lt.f32 %p114, %f112, %f113;
    selp.f32 %f115, %f111, %f32, %p114;
    abs.f32 %f116, %f115;
    mov.b32 %f117, 0x80000000;
    and.b32 %f118, %f117, %f46;
    or.b32 %f119, %f116, %f118;
    selp.f32 %f120, %f76, %f119, %p48;
    add.ftz.f32 %f121, %f120, %f32;
    ld.param.f32 %f122, [params+24];
    mov.b32 %f123, 0x3f7fffef;
    min.ftz.f32 %f124, %f122, %f123;
    mov.b32 %f125, 0x358637bd;
    max.ftz.f32 %f126, %f124, %f125;
    lg2.approx.ftz.f32 %f127, %f126;
    mov.b32 %f128, 0x3f317218;
    mul.ftz.f32 %f129, %f127, %f128;
    neg.ftz.f32 %f130, %f129;
    sqrt.approx.ftz.f32 %f131, %f130;
    abs.f32 %f132, %f131;
    setp.lt.f32 %p133, %f132, %f32;
    mul.ftz.f32 %f134, %f131, %f131;
    mul.ftz.f32 %f135, %f134, %f134;
    mul.ftz.f32 %f136, %f135, %f135;
    mul.ftz.f32 %f137, %f136, %f136;
    fma.rn.ftz.f32 %f138, %f134, %f53, %f54;
    fma.rn.ftz.f32 %f139, %f134, %f56, %f57;
    fma.rn.ftz.f32 %f140, %f135, %f138, %f139;
    fma.rn.ftz.f32 %f141, %f134, %f60, %f61;
    fma.rn.ftz.f32 %f142, %f134, %f63, %f64;
    fma.rn.ftz.f32 %f143, %f135, %f141, %f142;
    fma.rn.ftz.f32 %f144, %f134, %f67, %f68;
    fma.rn.ftz.f32 %f145, %f134, %f70, %f71;
    fma.rn.ftz.f32 %f146, %f135, %f144, %f145;
    fma.rn.ftz.f32 %f147, %f136, %f143, %f146;
    fma.rn.ftz.f32 %f148, %f137, %f140, %f147;
    mul.ftz.f32 %f149, %f131, %f148;
    mul.ftz.f32 %f150, %f132, %f132;
    mul.ftz.f32 %f151, %f150, %f150;
    fma.rn.ftz.f32 %f152, %f132, %f79, %f80;
    fma.rn.ftz.f32 %f153, %f132, %f82, %f83;
    fma.rn.ftz.f32 %f154, %f150, %f152, %f153;
    fma.rn.ftz.f32 %f155, %f132, %f86, %f87;
    fma.rn.ftz.f32 %f156, %f132, %f89, %f90;
    fma.rn.ftz.f32 %f157, %f150, %f155, %f156;
    fma.rn.ftz.f32 %f158, %f151, %f154, %f157;
    fma.rn.ftz.f32 %f159, %f132, %f94, %f95;
    fma.rn.ftz.f32 %f160, %f132, %f97, %f98;
    fma.rn.ftz.f32 %f161, %f150, %f159, %f160;
    fma.rn.ftz.f32 %f162, %f132, %f101, %f102;
    fma.rn.ftz.f32 %f163, %f132, %f104, %f32;
    fma.rn.ftz.f32 %f164, %f150, %f162, %f163;
    fma.rn.ftz.f32 %f165, %f151, %f161, %f164;
    div.approx.ftz.f32 %f166, %f158, %f165;
    mul.ftz.f32 %f167, %f166, %f132;
    ex2.approx.ftz.f32 %f168, %f167;
    sub.ftz.f32 %f169, %f32, %f168;
    abs.f32 %f170, %f169;
    setp.lt.f32 %p171, %f170, %f113;
    selp.f32 %f172, %f169, %f32, %p171;
    abs.f32 %f173, %f172;
    and.b32 %f174, %f117, %f131;
    or.b32 %f175, %f173, %f174;
    selp.f32 %f176, %f149, %f175, %p133;
    mul.ftz.f32 %f177, %f121, %f176;
    sub.ftz.f32 %f178, %f120, %f177;
    add.ftz.f32 %f179, %f32, %f178;
    mov.b32 %f180, 0x3f106ebb;
    mul.ftz.f32 %f181, %f180, %f45;
    mov.b32 %f182, 0x3fb8aa3b;
    sub.ftz.f32 %f183, %f32, %f178;
    mul.ftz.f32 %f184, %f183, %f179;
    lg2.approx.ftz.f32 %f185, %f184;
    mul.ftz.f32 %f186, %f185, %f128;
    neg.ftz.f32 %f187, %f186;
    mov.b32 %f188, 0x40a00000;
    setp.lt.f32 %p189, %f187, %f188;
    mov.b32 %f190, 0x40200000;
    sub.ftz.f32 %f191, %f187, %f190;
    mul.ftz.f32 %f192, %f191, %f191;
    mul.ftz.f32 %f193, %f192, %f192;
    mul.ftz.f32 %f194, %f193, %f193;
    mov.b32 %f195, 0x32f16588;
    mov.b32 %f196, 0x34b84b36;
    mov.b32 %f197, 0xb66c7357;
    fma.rn.ftz.f32 %f198, %f191, %f196, %f197;
    mov.b32 %f199, 0xb6935ac1;
    mov.b32 %f200, 0x396532db;
    fma.rn.ftz.f32 %f201, %f191, %f199, %f200;
    fma.rn.ftz.f32 %f202, %f192, %f198, %f201;
    mov.b32 %f203, 0xbaa45408;
    mov.b32 %f204, 0xbb88e4ef;
    fma.rn.ftz.f32 %f205, %f191, %f203, %f204;
    mov.b32 %f206, 0x3e7c8f63;
    mov.b32 %f207, 0x3fc02e2f;
    fma.rn.ftz.f32 %f208, %f191, %f206, %f207;
    fma.rn.ftz.f32 %f209, %f192, %f205, %f208;
    fma.rn.ftz.f32 %f210, %f193, %f202, %f209;
    fma.rn.ftz.f32 %f211, %f194, %f195, %f210;
    sqrt.approx.ftz.f32 %f212, %f187;
    mov.b32 %f213, 0x40400000;
    sub.ftz.f32 %f214, %f212, %f213;
    mul.ftz.f32 %f215, %f214, %f214;
    mul.ftz.f32 %f216, %f215, %f215;
    mul.ftz.f32 %f217, %f216, %f216;
    mov.b32 %f218, 0xb951f09b;
    mov.b32 %f219, 0x38d3b56b;
    mov.b32 %f220, 0x3ab0dc72;
    fma.rn.ftz.f32 %f221, %f214, %f219, %f220;
    mov.b32 %f222, 0xbb70bde7;
    mov.b32 %f223, 0x3bbc127b;
    fma.rn.ftz.f32 %f224, %f214, %f222, %f223;
    fma.rn.ftz.f32 %f225, %f215, %f221, %f224;
    mov.b32 %f226, 0xbbf9c5d7;
    mov.b32 %f227, 0x3c1aa57e;
    fma.rn.ftz.f32 %f228, %f214, %f226, %f227;
    mov.b32 %f229, 0x3f8036db;
    mov.b32 %f230, 0x40354f7e;
    fma.rn.ftz.f32 %f231, %f214, %f229, %f230;
    fma.rn.ftz.f32 %f232, %f215, %f228, %f231;
    fma.rn.ftz.f32 %f233, %f216, %f225, %f232;
    fma.rn.ftz.f32 %f234, %f217, %f218, %f233;
    selp.f32 %f235, %f211, %f234, %p189;
    mul.ftz.f32 %f236, %f235, %f178;
    mul.ftz.f32 %f237, %f236, %f236;
    neg.ftz.f32 %f238, %f237;
    mul.ftz.f32 %f239, %f182, %f238;
    ex2.approx.ftz.f32 %f240, %f239;
   , [data+28];
    ld.global.f32 %f15, [data+24];
    ld.param.f32 %f16, [params+24];
    ld.param.f32 %f17, [params+12];
    ld.param.f32 %f18, [params+0];
    fma.rn.ftz.f32 %f19, %f17, %f16, %f18;
    ld.param.f32 %f20, [params+20];
    ld.param.f32 %f21, [params+8];
    fma.rn.ftz.f32 %f22, %f20, %f16, %f21;
    sub.ftz.f32 %f23, %f5, %f22;
    ld.param.f32 %f24, [params+16];
    ld.param.f32 %f25, [params+4];
    fma.rn.ftz.f32 %f26, %f24, %f16, %f25;
    sub.ftz.f32 %f27, %f7, %f26;
    sub.ftz.f32 %f28, %f9, %f19;
    mul.ftz.f32 %f29, %f28, %f10;
    fma.rn.ftz.f32 %f30, %f27, %f8, %f29;
    fma.rn.ftz.f32 %f31, %f23, %f6, %f30;
    mul.ftz.f32 %f32, %f31, %f10;
    add.ftz.f32 %f33, %f19, %f32;
    mul.ftz.f32 %f34, %f31, %f8;
    add.ftz.f32 %f35, %f26, %f34;
    mul.ftz.f32 %f36, %f31, %f6;
    add.ftz.f32 %f37, %f22, %f36;
    mov.u32 %r38, self;
    ld.param.f32 %f39, [params+28];
    mov.b32 %f40, 0x3f000000;
    fma.rn.ftz.f32 %f41, %f39, %f40, %f40;
    ld.param.f32 %f42, [params+32];
    fma.rn.ftz.f32 %f43, %f42, %f40, %f40;
    mov.b32 %f44, 0x0;
    st.param.f32 [result+0], %f16;
    st.param.f32 [result+4], %f4;
    st.param.f32 [result+8], %f33;
    st.param.f32 [result+12], %f35;
    st.param.f32 [result+16], %f37;
    st.param.f32 [result+20], %f10;
    st.param.f32 [result+24], %f8;
    st.param.f32 [result+28], %f6;
    st.param.u32 [result+32], %r38;
    st.param.f32 [result+36], %f41;
    st.param.f32 [result+40], %f43;
    st.param.f32 [result+44], %f44;
    st.param.f32 [result+48], %f44;
    st.param.f32 [result+52], %f11;
    st.param.f32 [result+56], %f12;
    st.param.f32 [result+60], %f13;
    st.param.f32 [result+64], %f14;
    st.param.f32 [result+68], %f15;
    st.param.f32 [result+72], %f6;
    st.param.f32 [result+76], %f10;
    st.param.f32 [result+80], %f8;
    ret;
}

.visible .func (.param .align 4 .b8 result[12]) __direct_callable__64c9c90116c43f6928a7486b8c17abb3(.reg .u64 data, .param .align 4 .b8 params[24]) {
    // VCall: mitsuba::BSDF::sample()
    .reg.b8   %b <48>; .reg.b16 %w<48>; .reg.b32 %r<48>;
    .reg.b64  %rd<48>; .reg.f32 %f<48>; .reg.f64 %d<48>;
    .reg.pred %p <48>;

    ld.param.f32 %f4, [params+12];
    ld.param.f32 %f5, [params+8];
    abs.f32 %f6, %f5;
    mov.b32 %f7, 0x0;
    setp.eq.f32 %p8, %f6, %f7;
    mov.b32 %f9, 0x3f800000;
    mov.b32 %f10, 0x3f000000;
    setp.ge.f32 %p11, %f5, %f7;
    mov.b32 %f12, 0x3fc00000;
    mov.b32 %f13, 0x3f2aaaab;
    selp.f32 %f14, %f12, %f13, %p11;
    neg.ftz.f32 %f15, %f5;
    fma.rn.ftz.f32 %f16, %f5, %f15, %f9;
    selp.f32 %f17, %f13, %f12, %p11;
    mul.ftz.f32 %f18, %f17, %f17;
    neg.ftz.f32 %f19, %f18;
    fma.rn.ftz.f32 %f20, %f16, %f19, %f9;
    max.ftz.f32 %f21, %f20, %f7;
    sqrt.approx.ftz.f32 %f22, %f21;
    neg.ftz.f32 %f23, %f22;
    fma.rn.ftz.f32 %f24, %f14, %f23, %f6;
    fma.rn.ftz.f32 %f25, %f14, %f22, %f6;
    div.approx.ftz.f32 %f26, %f24, %f25;
    mul.ftz.f32 %f27, %f26, %f26;
    neg.ftz.f32 %f28, %f6;
    fma.rn.ftz.f32 %f29, %f14, %f28, %f22;
    fma.rn.ftz.f32 %f30, %f14, %f6, %f22;
    div.approx.ftz.f32 %f31, %f29, %f30;
    mul.ftz.f32 %f32, %f31, %f31;
    add.ftz.f32 %f33, %f27, %f32;
    mul.ftz.f32 %f34, %f10, %f33;
    selp.f32 %f35, %f9, %f34, %p8;
    setp.le.f32 %p36, %f4, %f35;
    ld.param.f32 %f37, [params+0];
    neg.ftz.f32 %f38, %f37;
    neg.ftz.f32 %f39, %f17;
    mul.ftz.f32 %f40, %f39, %f37;
    selp.f32 %f41, %f38, %f40, %p36;
    ld.param.f32 %f42, [params+4];
    neg.ftz.f32 %f43, %f42;
    mul.ftz.f32 %f44, %f39, %f42;
    selp.f32 %f45, %f43, %f44, %p36;
    selp.f32 %f46, %f23, %f22, %p11;
    selp.f32 %f47, %f5, %f46, %p36;
    st.param.f32 [result+0], %f41;
    st.param.f32 [result+4], %f45;
    st.param.f32 [result+8], %f47;
    ret;
}

.visible .func (.param .align 4 .b8 result[40]) __direct_callable__6907fa219ccaa93496cdbc1947aefac0(.reg .u64 data, .param .align 4 .b8 params[32]) {
    // VCall: mitsuba::BSDF::sample()
    .reg.b8   %b <285>; .reg.b16 %w<285>; .reg.b32 %r<285>;
    .reg.b64  %rd<285>; .reg.f32 %f<285>; .reg.f64 %d<285>;
    .reg.pred %p <285>;

    ld.global.f32 %f4, [data+4];
    ld.global.f32 %f5, [data+8];
    ld.global.f32 %f6, [data+12];
    ld.global.f32 %f7, [data+16];
    ld.global.f32 %f8, [data+20];
    ld.global.f32 %f9, [data+24];
    ld.global.f32 %f10, [data+28];
    ld.global.f32 %f11, [data+32];
    ld.global.f32 %f12, [data+36];
    ld.global.f32 %f13, [data+0];
    mov.b32 %f14, 0x38d1b717;
    max.ftz.f32 %f15, %f13, %f14;
    ld.param.f32 %f16, [params+8];
    mul.ftz.f32 %f17, %f15, %f16;
    ld.param.f32 %f18, [params+16];
    ld.param.f32 %f19, [params+12];
    mul.ftz.f32 %f20, %f15, %f19;
    mul.ftz.f32 %f21, %f17, %f17;
    fma.rn.ftz.f32 %f22, %f20, %f20, %f21;
    fma.rn.ftz.f32 %f23, %f18, %f18, %f22;
    rsqrt.approx.ftz.f32 %f24, %f23;
    mul.ftz.f32 %f25, %f17, %f24;
    mul.ftz.f32 %f26, %f20, %f24;
    mul.ftz.f32 %f27, %f26, %f26;
    fma.rn.ftz.f32 %f28, %f25, %f25, %f27;
    abs.f32 %f29, %f28;
    mov.b32 %f30, 0x34800000;
    setp.le.f32 %p31, %f29, %f30;
    mov.b32 %f32, 0x3f800000;
    rsqrt.approx.ftz.f32 %f33, %f28;
    mul.ftz.f32 %f34, %f25, %f33;
    min.ftz.f32 %f35, %f34, %f32;
    mov.b32 %f36, 0xbf800000;
    max.ftz.f32 %f37, %f35, %f36;
    selp.f32 %f38, %f32, %f37, %p31;
    mul.ftz.f32 %f39, %f18, %f24;
    mov.b32 %f40, 0x40000000;
    ld.param.f32 %f41, [params+24];
    fma.rn.ftz.f32 %f42, %f40, %f41, %f36;
    abs.f32 %f43, %f42;
    ld.param.f32 %f44, [params+28];
    fma.rn.ftz.f32 %f45, %f40, %f44, %f36;
    abs.f32 %f46, %f45;
    setp.lt.f32 %p47, %f43, %f46;
    selp.f32 %f48, %f45, %f42, %p47;
    mov.b32 %f49, 0x0;
    setp.eq.f32 %p50, %f42, %f49;
    setp.eq.f32 %p51, %f45, %f49;
    and.pred %p52, %p50, %p51;
    mov.b32 %f53, 0x3fc90fdb;
    mov.b32 %f54, 0x3f490fdb;
    selp.f32 %f55, %f42, %f45, %p47;
    mul.ftz.f32 %f56, %f54, %f55;
    div.approx.ftz.f32 %f57, %f56, %f48;
    sub.ftz.f32 %f58, %f53, %f57;
    selp.f32 %f59, %f58, %f57, %p47;
    selp.f32 %f60, %f49, %f59, %p52;
    sin.approx.ftz.f32 %f61, %f60;
    mul.ftz.f32 %f62, %f48, %f61;
    mov.b32 %f63, 0x3f000000;
    add.ftz.f32 %f64, %f32, %f39;
    mul.ftz.f32 %f65, %f63, %f64;
    cos.approx.ftz.f32 %f66, %f60;
    mul.ftz.f32 %f67, %f48, %f66;
    mul.ftz.f32 %f68, %f67, %f67;
    sub.ftz.f32 %f69, %f32, %f68;
    max.ftz.f32 %f70, %f69, %f49;
    sqrt.approx.ftz.f32 %f71, %f70;
    neg.ftz.f32 %f72, %f65;
    fma.rn.ftz.f32 %f73, %f71, %f72, %f71;
    fma.rn.ftz.f32 %f74, %f62, %f65, %f73;
    mul.ftz.f32 %f75, %f39, %f39;
    sub.ftz.f32 %f76, %f32, %f75;
    max.ftz.f32 %f77, %f76, %f49;
    sqrt.approx.ftz.f32 %f78, %f77;
    fma.rn.ftz.f32 %f79, %f74, %f74, %f68;
    sub.ftz.f32 %f80, %f32, %f79;
    max.ftz.f32 %f81, %f80, %f49;
    sqrt.approx.ftz.f32 %f82, %f81;
    mul.ftz.f32 %f83, %f78, %f82;
    neg.ftz.f32 %f84, %f83;
    fma.rn.ftz.f32 %f85, %f39, %f74, %f84;
    mul.ftz.f32 %f86, %f39, %f82;
    fma.rn.ftz.f32 %f87, %f78, %f74, %f86;
    rcp.approx.ftz.f32 %f88, %f87;
    mul.ftz.f32 %f89, %f85, %f88;
    mul.ftz.f32 %f90, %f26, %f33;
    min.ftz.f32 %f91, %f90, %f32;
    max.ftz.f32 %f92, %f91, %f36;
    selp.f32 %f93, %f49, %f92, %p31;
    mul.ftz.f32 %f94, %f67, %f88;
    mul.ftz.f32 %f95, %f93, %f94;
    neg.ftz.f32 %f96, %f95;
    fma.rn.ftz.f32 %f97, %f38, %f89, %f96;
    mul.ftz.f32 %f98, %f97, %f15;
    neg.ftz.f32 %f99, %f98;
    mul.ftz.f32 %f100, %f38, %f94;
    fma.rn.ftz.f32 %f101, %f93, %f89, %f100;
    mul.ftz.f32 %f102, %f101, %f15;
    neg.ftz.f32 %f103, %f102;
    mul.ftz.f32 %f104, %f99, %f99;
    fma.rn.ftz.f32 %f105, %f103, %f103, %f104;
    add.ftz.f32 %f106, %f32, %f105;
    rsqrt.approx.ftz.f32 %f107, %f106;
    mul.ftz.f32 %f108, %f99, %f107;
    mul.ftz.f32 %f109, %f103, %f107;
    mul.ftz.f32 %f110, %f16, %f108;
    fma.rn.ftz.f32 %f111, %f19, %f109, %f110;
    fma.rn.ftz.f32 %f112, %f18, %f107, %f111;
    mul.ftz.f32 %f113, %f40, %f112;
    neg.ftz.f32 %f114, %f16;
    fma.rn.ftz.f32 %f115, %f108, %f113, %f114;
    neg.ftz.f32 %f116, %f19;
    fma.rn.ftz.f32 %f117, %f109, %f113, %f116;
    neg.ftz.f32 %f118, %f18;
    fma.rn.ftz.f32 %f119, %f107, %f113, %f118;
    mo mul.ftz.f32 %f241, %f181, %f240;
    add.ftz.f32 %f242, %f179, %f241;
    add.ftz.f32 %f243, %f32, %f120;
    neg.ftz.f32 %f244, %f49;
    mul.ftz.f32 %f245, %f182, %f244;
    ex2.approx.ftz.f32 %f246, %f245;
    mul.ftz.f32 %f247, %f181, %f246;
    add.ftz.f32 %f248, %f243, %f247;
    mul.ftz.f32 %f249, %f126, %f248;
    sub.ftz.f32 %f250, %f242, %f249;
    mul.ftz.f32 %f251, %f236, %f45;
    sub.ftz.f32 %f252, %f32, %f251;
    div.approx.ftz.f32 %f253, %f250, %f252;
    sub.ftz.f32 %f254, %f178, %f253;
    add.ftz.f32 %f255, %f32, %f254;
    sub.ftz.f32 %f256, %f32, %f254;
    mul.ftz.f32 %f257, %f256, %f255;
    lg2.approx.ftz.f32 %f258, %f257;
    mul.ftz.f32 %f259, %f258, %f128;
    neg.ftz.f32 %f260, %f259;
    setp.lt.f32 %p261, %f260, %f188;
    sub.ftz.f32 %f262, %f260, %f190;
    mul.ftz.f32 %f263, %f262, %f262;
    mul.ftz.f32 %f264, %f263, %f263;
    mul.ftz.f32 %f265, %f264, %f264;
    fma.rn.ftz.f32 %f266, %f262, %f196, %f197;
    fma.rn.ftz.f32 %f267, %f262, %f199, %f200;
    fma.rn.ftz.f32 %f268, %f263, %f266, %f267;
    fma.rn.ftz.f32 %f269, %f262, %f203, %f204;
    fma.rn.ftz.f32 %f270, %f262, %f206, %f207;
    fma.rn.ftz.f32 %f271, %f263, %f269, %f270;
    fma.rn.ftz.f32 %f272, %f264, %f268, %f271;
    fma.rn.ftz.f32 %f273, %f265, %f195, %f272;
    sqrt.approx.ftz.f32 %f274, %f260;
    sub.ftz.f32 %f275, %f274, %f213;
    mul.ftz.f32 %f276, %f275, %f275;
    mul.ftz.f32 %f277, %f276, %f276;
    mul.ftz.f32 %f278, %f277, %f277;
    fma.rn.ftz.f32 %f279, %f275, %f219, %f220;
    fma.rn.ftz.f32 %f280, %f275, %f222, %f223;
    fma.rn.ftz.f32 %f281, %f276, %f279, %f280;
    fma.rn.ftz.f32 %f282, %f275, %f226, %f227;
    fma.rn.ftz.f32 %f283, %f275, %f229, %f230;
    fma.rn.ftz.f32 %f284, %f276, %f282, %f283;
    fma.rn.ftz.f32 %f285, %f277, %f281, %f284;
    fma.rn.ftz.f32 %f286, %f278, %f218, %f285;
    selp.f32 %f287, %f273, %f286, %p261;
    mul.ftz.f32 %f288, %f287, %f254;
    mul.ftz.f32 %f289, %f288, %f288;
    neg.ftz.f32 %f290, %f289;
    mul.ftz.f32 %f291, %f182, %f290;
    ex2.approx.ftz.f32 %f292, %f291;
    mul.ftz.f32 %f293, %f181, %f292;
    add.ftz.f32 %f294, %f255, %f293;
    sub.ftz.f32 %f295, %f294, %f249;
    mul.ftz.f32 %f296, %f288, %f45;
    sub.ftz.f32 %f297, %f32, %f296;
    div.approx.ftz.f32 %f298, %f295, %f297;
    sub.ftz.f32 %f299, %f254, %f298;
    add.ftz.f32 %f300, %f32, %f299;
    sub.ftz.f32 %f301, %f32, %f299;
    mul.ftz.f32 %f302, %f301, %f300;
    lg2.approx.ftz.f32 %f303, %f302;
    mul.ftz.f32 %f304, %f303, %f128;
    neg.ftz.f32 %f305, %f304;
    setp.lt.f32 %p306, %f305, %f188;
    sub.ftz.f32 %f307, %f305, %f190;
    mul.ftz.f32 %f308, %f307, %f307;
    mul.ftz.f32 %f309, %f308, %f308;
    mul.ftz.f32 %f310, %f309, %f309;
    fma.rn.ftz.f32 %f311, %f307, %f196, %f197;
    fma.rn.ftz.f32 %f312, %f307, %f199, %f200;
    fma.rn.ftz.f32 %f313, %f308, %f311, %f312;
    fma.rn.ftz.f32 %f314, %f307, %f203, %f204;
    fma.rn.ftz.f32 %f315, %f307, %f206, %f207;
    fma.rn.ftz.f32 %f316, %f308, %f314, %f315;
    fma.rn.ftz.f32 %f317, %f309, %f313, %f316;
    fma.rn.ftz.f32 %f318, %f310, %f195, %f317;
    sqrt.approx.ftz.f32 %f319, %f305;
    sub.ftz.f32 %f320, %f319, %f213;
    mul.ftz.f32 %f321, %f320, %f320;
    mul.ftz.f32 %f322, %f321, %f321;
    mul.ftz.f32 %f323, %f322, %f322;
    fma.rn.ftz.f32 %f324, %f320, %f219, %f220;
    fma.rn.ftz.f32 %f325, %f320, %f222, %f223;
    fma.rn.ftz.f32 %f326, %f321, %f324, %f325;
    fma.rn.ftz.f32 %f327, %f320, %f226, %f227;
    fma.rn.ftz.f32 %f328, %f320, %f229, %f230;
    fma.rn.ftz.f32 %f329, %f321, %f327, %f328;
    fma.rn.ftz.f32 %f330, %f322, %f326, %f329;
    fma.rn.ftz.f32 %f331, %f323, %f218, %f330;
    selp.f32 %f332, %f318, %f331, %p306;
    mul.ftz.f32 %f333, %f332, %f299;
    mul.ftz.f32 %f334, %f333, %f333;
    neg.ftz.f32 %f335, %f334;
    mul.ftz.f32 %f336, %f182, %f335;
    ex2.approx.ftz.f32 %f337, %f336;
    mul.ftz.f32 %f338, %f181, %f337;
    add.ftz.f32 %f339, %f300, %f338;
    sub.ftz.f32 %f340, %f339, %f249;
    mul.ftz.f32 %f341, %f333, %f45;
    sub.ftz.f32 %f342, %f32, %f341;
    div.approx.ftz.f32 %f343, %f340, %f342;
    sub.ftz.f32 %f344, %f299, %f343;
    sub.ftz.f32 %f345, %f32, %f344;
    add.ftz.f32 %f346, %f32, %f344;
    mul.ftz.f32 %f347, %f345, %f346;
    lg2.approx.ftz.f32 %f348, %f347;
    mul.ftz.f32 %f349, %f348, %f128;
    neg.ftz.f32 %f350, %f349;
    setp.lt.f32 %p351, %f350, %f188;
    sub.ftz.f32 %f352, %f350, %f190;
    mul.ftz.f32 %f353, %f352, %f352;
    mul.ftz.f32 %f354, %f353, %f353;
    mul.ftz.f32 %f355, %f354, %f354;
    fma.rn.ftz.f32 %f356, %f352, %f196, %f197;
    fma.rn.ftz.f32 %f357, %f352, %f199, %f200;
    fma.rn.ftz.f32 %f358, %f353, %f356, %f357;
    fma.rn.ftz.f32 %f359, %f352, %f203, %f204;
    fma.rn.ftz.f32 %f360, %f352, %f206, %f207;
    fma.rn.ftz.f32 %f361, %f353, %f359, %f360;
    fma.rn.ftz.f32 %f362, %f354, %f358, %f361;
    fma.rn.ftz.f32 %f363, %f355, %f195, %f362;
    sqrt.approx.ftz.f32 %f364, %f350;
    sub.ftz.f32 %f365, %f364, %f213;
    mul.ftz.f32 %f366, %f365, %f365;
    mul.ftz.f32 %f367, %f366, %f366;
    mul.ftz.f32 %f368, %f367, %f367;
    fma.rn.ftz.f32 %f369, %f365, %f219, %f220;
    fma.rn.ftz.f32 %f370, %f365, %f222, %f223;
    fma.rn.ftz.f32 %f371, %f366, %f369, %f370;
    fma.rn.ftz.f32 %f372, %f365, %f226, %f227;
    fma.rn.ftz.f32 %f373, %f365, %f229, %f230;
    fma.rn.ftz.f32 %f374, %f366, %f372, %f373;
    fma.rn.ftz.f32 %f375, %f367, %f371, %f374;
    fma.rn.ftz.f32 %f376, %f368, %f218, %f375;
    selp.f32 %f377, %f363, %f376, %p351;
    mul.ftz.f32 %f378, %f377, %f344;
    mul.ftz.f32 %f379, %f26, %f33;
    min.ftz.f32 %f380, %f379, %f32;
    max.ftz.f32 %f381, %f380, %f36;
    selp.f32 %f382, %f42, %f381, %p31;
    mov.b32 %f383, 0x40000000;
    ld.param.f32 %f384, [params+28];
    min.ftz.f32 %f385, %f384, %f123;
    max.ftz.f32 %f386, %f385, %f125;
    fma.rn.ftz.f32 %f387, %f383, %f386, %f36;
    sub.ftz.f32 %f388, %f32, %f387;
    add.ftz.f32 %f389, %f32, %f387;
    mul.ftz.f32 %f390, %f388, %f389;
    lg2.approx.ftz.f32 %f391, %f390;
    mul.ftz.f32 %f392, %f391, %f128;
    neg.ftz.f32 %f393, %f392;
    setp.lt.f32 %p394, %f393, %f188;
    sub.ftz.f32 %f395, %f393, %f190;
    mul.ftz.f32 %f396, %f395, %f395;
    mul.ftz.f32 %f397, %f396, %f396;
    mul.ftz.f32 %f398, %f397, %f397;
    fma.rn.ftz.f32 %f399, %f395, %f196, %f197;
    fma.rn.ftz.f32 %f400, %f395, %f199, %f200;
    fma.rn.ftz.f32 %f401, %f396, %f399, %f400;
    fma.rn.ftz.f32 %f402, %f395, %f203, %f204;
    fma.rn.ftz.f32 %f403, %f395, %f206, %f207;
    fma.rn.ftz.f32 %f404, %f396, %f402, %f403;
    fma.rn.ftz.f32 %f405, %f397, %f401, %f404;
    fma.rn.ftz.f32 %f406, %f398, %f195, %f405;
    sqrt.approx.ftz.f32 %f407, %f393;
    sub.ftz.f32 %f408, %f407, %f213;
    mul.ftz.f32 %f409, %f408, %f408;
    mul.ftz.f32 %f410, %f409, %f409;
    mul.ftz.f32 %f411, %f410, %f410;
    fma.rn.ftz.f32 %f412, %f408, %f219, %f220;
    fma.rn.ftz.f32 %f413, %f408, %f222, %f223;
    fma.rn.ftz.f32 %f414, %f409, %f412, %f413;
    fma.rn.ftz.f32 %f415, %f408, %f226, %f227;
    fma.rn.ftz.f32 %f416, %f408, %f229, %f230;
    fma.rn.ftz.f32 %f417, %f409, %f415, %f416;
    fma.rn.ftz.f32 %f418, %f410, %f414, %f417;
    fma.rn.ftz.f32 %f419, %f411, %f218, %f418;
    selp.f32 %f420, %f406, %f419, %p394;
    mul.ftz.f32 %f421, %f420, %f387;
    mul.ftz.f32 %f422, %f382, %f421;
    neg.ftz.f32 %f423, %f422;
    fma.rn.ftz.f32 %f424, %f38, %f378, %f423;
    mul.ftz.f32 %f425, %f424, %f15;
    neg.ftz.f32 %f426, %f425;
    mul.ftz.f32 %f427, %f38, %f421;
    fma.rn.ftz.f32 %f428, %f382, %f378, %f427;
    mul.ftz.f32 %f429, %f428, %f15;
    neg.ftz.f32 %f430, %f429;
    mul.ftz.f32 %f431, %f426, %f426;
    fma.rn.ftz.f32 %f432, %f430, %f430, %f431;
    add.ftz.f32 %f433, %f32, %f432;
    rsqrt.approx.ftz.f32 %f434, %f433;
    mul.ftz.f32 %f435, %f426, %f434;
    mul.ftz.f32 %f436, %f430, %f434;
    mul.ftz.f32 %f437, %f16, %f435;
    fma.rn.ftz.f32 %f438, %f19, %f436, %f437;
    fma.rn.ftz.f32 %f439, %f18, %f434, %f438;
    mul.ftz.f32 %f440, %f383, %f439;
    neg.ftz.f32 %f441, %f16;
    fma.rn.ftz.f32 %f442, %f435, %f440, %f441;
    neg.ftz.f32 %f443, %f19;
    fma.rn.ftz.f32 %f444, %f436, %f440, %f443;
   268, %f492;
    mov.f32 %f269, %f493;
    mov.f32 %f270, %f494;
    mov.f32 %f271, %f495;
    mov.f32 %f272, %f496;
    mov.f32 %f273, %f497;
    mov.f32 %f274, %f498;
    mov.f32 %f275, %f499;
    mov.f32 %f276, %f500;
    mov.f32 %f277, %f501;
    mov.u32 %r279, %r502;
    mov.u32 %r281, %r503;
    mov.pred %p204, %p402;
    mov.u32 %r210, %r567;
    mov.pred %p207, %p389;
    bra l_282_cond;

l_282_done:
    mov.u32 %r670, %r203;
    mov.f32 %f671, %f237;
    mov.f32 %f672, %f239;
    mov.f32 %f673, %f275;
    mov.f32 %f674, %f276;
    mov.f32 %f675, %f277;
    ld.const.u64 %rd676, [params+256];
    mov.b32 %r677, 0x0;
    setp.ne.u32 %p678, %r670, %r677;
    @!%p678 bra l_679_masked;
    mad.wide.u32 %rd3, %r670, 4, %rd676;
    ld.global.nc.u32 %r679, [%rd3];
    bra.uni l_679_done;

l_679_masked:
    mov.b32 %r679, 0;

l_679_done:
    mov.b64 %rd680, 0x0;
    mov.b64 %rd681, 0x5851f42d4c957f2d;
    mov.u32 %r682, %r0;
    ld.const.u64 %rd0, [params+264];
    ldu.global.u32 %r683, [%rd0];
    mov.b32 %r684, 0x4;
    shl.b32 %r685, %r682, %r684;
    mov.b32 %r686, 0xa341316c;
    add.u32 %r687, %r685, %r686;
    mov.b32 %r688, 0x9e3779b9;
    add.u32 %r689, %r682, %r688;
    xor.b32 %r690, %r687, %r689;
    mov.b32 %r691, 0x5;
    shr.u32 %r692, %r682, %r691;
    mov.b32 %r693, 0xc8013ea4;
    add.u32 %r694, %r692, %r693;
    xor.b32 %r695, %r690, %r694;
    add.u32 %r696, %r683, %r695;
    shl.b32 %r697, %r696, %r684;
    mov.b32 %r698, 0xad90777d;
    add.u32 %r699, %r697, %r698;
    add.u32 %r700, %r696, %r688;
    xor.b32 %r701, %r699, %r700;
    shr.u32 %r702, %r696, %r691;
    mov.b32 %r703, 0x7e95761e;
    add.u32 %r704, %r702, %r703;
    xor.b32 %r705, %r701, %r704;
    add.u32 %r706, %r682, %r705;
    shl.b32 %r707, %r706, %r684;
    add.u32 %r708, %r707, %r686;
    mov.b32 %r709, 0x3c6ef372;
    add.u32 %r710, %r706, %r709;
    xor.b32 %r711, %r708, %r710;
    shr.u32 %r712, %r706, %r691;
    add.u32 %r713, %r712, %r693;
    xor.b32 %r714, %r711, %r713;
    add.u32 %r715, %r696, %r714;
    shl.b32 %r716, %r715, %r684;
    add.u32 %r717, %r716, %r698;
    add.u32 %r718, %r715, %r709;
    xor.b32 %r719, %r717, %r718;
    shr.u32 %r720, %r715, %r691;
    add.u32 %r721, %r720, %r703;
    xor.b32 %r722, %r719, %r721;
    add.u32 %r723, %r706, %r722;
    shl.b32 %r724, %r723, %r684;
    add.u32 %r725, %r724, %r686;
    mov.b32 %r726, 0xdaa66d2b;
    add.u32 %r727, %r723, %r726;
    xor.b32 %r728, %r725, %r727;
    shr.u32 %r729, %r723, %r691;
    add.u32 %r730, %r729, %r693;
    xor.b32 %r731, %r728, %r730;
    add.u32 %r732, %r715, %r731;
    shl.b32 %r733, %r732, %r684;
    add.u32 %r734, %r733, %r698;
    add.u32 %r735, %r732, %r726;
    xor.b32 %r736, %r734, %r735;
    shr.u32 %r737, %r732, %r691;
    add.u32 %r738, %r737, %r703;
    xor.b32 %r739, %r736, %r738;
    add.u32 %r740, %r723, %r739;
    shl.b32 %r741, %r740, %r684;
    add.u32 %r742, %r741, %r686;
    mov.b32 %r743, 0x78dde6e4;
    add.u32 %r744, %r740, %r743;
    xor.b32 %r745, %r742, %r744;
    shr.u32 %r746, %r740, %r691;
    add.u32 %r747, %r746, %r693;
    xor.b32 %r748, %r745, %r747;
    add.u32 %r749, %r732, %r748;
    shl.b32 %r750, %r749, %r684;
    add.u32 %r751, %r750, %r698;
    add.u32 %r752, %r749, %r743;
    xor.b32 %r753, %r751, %r752;
    shr.u32 %r754, %r749, %r691;
    add.u32 %r755, %r754, %r703;
    xor.b32 %r756, %r753, %r755;
    add.u32 %r757, %r740, %r756;
    cvt.u64.u32 %rd758, %r757;
    mov.b64 %rd759, 0x1;
    cvt.u32.u64 %r3, %rd759;
    shl.b64 %rd760, %rd758, %r3;
    or.b64 %rd761, %rd760, %rd759;
    mad.lo.u64 %rd762, %rd680, %rd681, %rd761;
    cvt.u64.u32 %rd763, %r749;
    add.u64 %rd764, %rd762, %rd763;
    mad.lo.u64 %rd765, %rd764, %rd681, %rd761;
    mov.b64 %rd766, 0x12;
    cvt.u32.u64 %r3, %rd766;
    shr.u64 %rd767, %rd765, %r3;
    xor.b64 %rd768, %rd767, %rd765;
    mov.b64 %rd769, 0x1b;
    cvt.u32.u64 %r3, %rd769;
    shr.u64 %rd770, %rd768, %r3;
    cvt.u32.u64 %r771, %rd770;
    mov.b64 %rd772, 0x3b;
    cvt.u32.u64 %r3, %rd772;
    shr.u64 %rd773, %rd765, %r3;
    cvt.u32.u64 %r774, %rd773;
     neg.ftz.f32 %f445, %f18;
    fma.rn.ftz.f32 %f446, %f434, %f440, %f445;
    div.approx.ftz.f32 %f447, %f435, %f15;
    mul.ftz.f32 %f448, %f447, %f447;
    div.approx.ftz.f32 %f449, %f436, %f15;
    mul.ftz.f32 %f450, %f449, %f449;
    add.ftz.f32 %f451, %f448, %f450;
    neg.ftz.f32 %f452, %f451;
    mul.ftz.f32 %f453, %f434, %f434;
    div.approx.ftz.f32 %f454, %f452, %f453;
    mul.ftz.f32 %f455, %f182, %f454;
    ex2.approx.ftz.f32 %f456, %f455;
    mov.b32 %f457, 0x40490fdb;
    mul.ftz.f32 %f458, %f15, %f15;
    mul.ftz.f32 %f459, %f457, %f458;
    mul.ftz.f32 %f460, %f453, %f453;
    mul.ftz.f32 %f461, %f459, %f460;
    div.approx.ftz.f32 %f462, %f456, %f461;
    mul.ftz.f32 %f463, %f462, %f434;
    mov.b32 %f464, 0x1e3ce508;
    setp.gt.f32 %p465, %f463, %f464;
    selp.f32 %f466, %f462, %f42, %p465;
    mul.ftz.f32 %f467, %f439, %f18;
    setp.le.f32 %p468, %f467, %f42;
    mul.ftz.f32 %f469, %f20, %f20;
    add.ftz.f32 %f470, %f21, %f469;
    setp.eq.f32 %p471, %f470, %f42;
    mul.ftz.f32 %f472, %f18, %f18;
    div.approx.ftz.f32 %f473, %f470, %f472;
    rsqrt.approx.ftz.f32 %f474, %f473;
    mov.b32 %f475, 0x3fcccccd;
    setp.ge.f32 %p476, %f474, %f475;
    mov.b32 %f477, 0x40623d71;
    mul.ftz.f32 %f478, %f477, %f474;
    mov.b32 %f479, 0x400b9581;
    mul.ftz.f32 %f480, %f474, %f474;
    mul.ftz.f32 %f481, %f479, %f480;
    add.ftz.f32 %f482, %f478, %f481;
    mov.b32 %f483, 0x4011a9fc;
    mul.ftz.f32 %f484, %f483, %f474;
    add.ftz.f32 %f485, %f32, %f484;
    mov.b32 %f486, 0x4024ed91;
    mul.ftz.f32 %f487, %f486, %f480;
    add.ftz.f32 %f488, %f485, %f487;
    div.approx.ftz.f32 %f489, %f482, %f488;
    selp.f32 %f490, %f32, %f489, %p476;
    selp.f32 %f491, %f32, %f490, %p471;
    selp.f32 %f492, %f42, %f491, %p468;
    mul.ftz.f32 %f493, %f466, %f492;
    abs.f32 %f494, %f439;
    mul.ftz.f32 %f495, %f493, %f494;
    div.approx.ftz.f32 %f496, %f495, %f18;
    mov.b32 %f497, 0x40800000;
    mul.ftz.f32 %f498, %f442, %f435;
    fma.rn.ftz.f32 %f499, %f444, %f436, %f498;
    fma.rn.ftz.f32 %f500, %f446, %f434, %f499;
    mul.ftz.f32 %f501, %f497, %f500;
    div.approx.ftz.f32 %f502, %f496, %f501;
    mov.b32 %r503, 0x8;
    mov.b32 %r504, 0x0;
    mov.b32 %f505, 0x3f000000;
    mul.ftz.f32 %f506, %f4, %f4;
    mul.ftz.f32 %f507, %f5, %f5;
    sub.ftz.f32 %f508, %f506, %f507;
    mul.ftz.f32 %f509, %f439, %f439;
    sub.ftz.f32 %f510, %f32, %f509;
    sub.ftz.f32 %f511, %f508, %f510;
    mul.ftz.f32 %f512, %f511, %f511;
    mul.ftz.f32 %f513, %f497, %f5;
    mul.ftz.f32 %f514, %f513, %f5;
    mul.ftz.f32 %f515, %f514, %f4;
    mul.ftz.f32 %f516, %f515, %f4;
    add.ftz.f32 %f517, %f512, %f516;
    max.ftz.f32 %f518, %f517, %f42;
    sqrt.approx.ftz.f32 %f519, %f518;
    add.ftz.f32 %f520, %f519, %f509;
    add.ftz.f32 %f521, %f519, %f511;
    mul.ftz.f32 %f522, %f505, %f521;
    max.ftz.f32 %f523, %f522, %f42;
    sqrt.approx.ftz.f32 %f524, %f523;
    mul.ftz.f32 %f525, %f440, %f524;
    sub.ftz.f32 %f526, %f520, %f525;
    add.ftz.f32 %f527, %f520, %f525;
    div.approx.ftz.f32 %f528, %f526, %f527;
    mul.ftz.f32 %f529, %f519, %f509;
    mul.ftz.f32 %f530, %f510, %f510;
    add.ftz.f32 %f531, %f529, %f530;
    mul.ftz.f32 %f532, %f525, %f510;
    sub.ftz.f32 %f533, %f531, %f532;
    mul.ftz.f32 %f534, %f528, %f533;
    add.ftz.f32 %f535, %f531, %f532;
    div.approx.ftz.f32 %f536, %f534, %f535;
    add.ftz.f32 %f537, %f528, %f536;
    mul.ftz.f32 %f538, %f505, %f537;
    mul.ftz.f32 %f539, %f500, %f446;
    setp.le.f32 %p540, %f539, %f42;
    mul.ftz.f32 %f541, %f15, %f442;
    mul.ftz.f32 %f542, %f541, %f541;
    mul.ftz.f32 %f543, %f15, %f444;
    mul.ftz.f32 %f544, %f543, %f543;
    add.ftz.f32 %f545, %f542, %f544;
    setp.eq.f32 %p546, %f545, %f42;
    mul.ftz.f32 %f547, %f446, %f446;
    div.approx.ftz.f32 %f548, %f545, %f547;
    rsqrt.approx.ftz.f32 %f549, %f548;
    setp.ge.f32 %p550, %f549, %f475;
    mul.ftz.f32 %f551, %f477, %f549;
    mul.ftz.f32 %f552, %f549, %f549;
    mul.ftz.f32 %f553, %f479, %f552;
    add.ftz.f32 %f554, %f551, %f553;
    mul.ftz.f32 %f555, %f483, %f549;
    add.ftshr.u32 %r775, %r771, %r774;
    mov.b32 %r776, %r774;
    neg.s32 %r777, %r776;
    mov.b32 %r778, 0x1f;
    and.b32 %r779, %r777, %r778;
    mov.b32 %r780, %r779;
    shl.b32 %r781, %r771, %r780;
    or.b32 %r782, %r775, %r781;
    mov.b32 %r783, 0x9;
    shr.u32 %r784, %r782, %r783;
    mov.b32 %r785, 0x3f800000;
    or.b32 %r786, %r784, %r785;
    mov.b32 %f787, %r786;
    mov.b32 %f788, 0x3f800000;
    sub.ftz.f32 %f789, %f787, %f788;
    mad.lo.u64 %rd790, %rd765, %rd681, %rd761;
    cvt.u32.u64 %r3, %rd766;
    shr.u64 %rd791, %rd790, %r3;
    xor.b64 %rd792, %rd791, %rd790;
    cvt.u32.u64 %r3, %rd769;
    shr.u64 %rd793, %rd792, %r3;
    cvt.u32.u64 %r794, %rd793;
    cvt.u32.u64 %r3, %rd772;
    shr.u64 %rd795, %rd790, %r3;
    cvt.u32.u64 %r796, %rd795;
    shr.u32 %r797, %r794, %r796;
    mov.b32 %r798, %r796;
    neg.s32 %r799, %r798;
    and.b32 %r800, %r799, %r778;
    mov.b32 %r801, %r800;
    shl.b32 %r802, %r794, %r801;
    or.b32 %r803, %r797, %r802;
    shr.u32 %r804, %r803, %r783;
    or.b32 %r805, %r804, %r785;
    mov.b32 %f806, %r805;
    sub.ftz.f32 %f807, %f806, %f788;
    mad.lo.u64 %rd808, %rd790, %rd681, %rd761;
    cvt.u32.u64 %r3, %rd766;
    shr.u64 %rd809, %rd808, %r3;
    xor.b64 %rd810, %rd809, %rd808;
    cvt.u32.u64 %r3, %rd769;
    shr.u64 %rd811, %rd810, %r3;
    cvt.u32.u64 %r812, %rd811;
    cvt.u32.u64 %r3, %rd772;
    shr.u64 %rd813, %rd808, %r3;
    cvt.u32.u64 %r814, %rd813;
    shr.u32 %r815, %r812, %r814;
    mov.b32 %r816, %r814;
    neg.s32 %r817, %r816;
    and.b32 %r818, %r817, %r778;
    mov.b32 %r819, %r818;
    shl.b32 %r820, %r812, %r819;
    or.b32 %r821, %r815, %r820;
    shr.u32 %r822, %r821, %r783;
    or.b32 %r823, %r822, %r785;
    mov.b32 %f824, %r823;
    sub.ftz.f32 %f825, %f824, %f788;
    mov.b32 %r826, 0x0;
    setp.ne.u32 %p827, %r679, %r826;
    ld.const.u64 %rd828, [params+272];
    ld.const.u64 %rd829, [params+280];

    @!%p827 bra l_masked_830;

    { // VCall: mitsuba::BSDF::sample()

        mad.wide.u32 %rd3, %r679, 8, %rd828;
        ld.global.u64 %rd3, [%rd3];
        cvt.u32.u64 %r3, %rd3;
        call (%rd2), _optix_call_direct_callable, (%r3);
        shr.u64 %rd3, %rd3, 32;
        add.u64 %rd3, %rd3, %rd829;

        {
            proto: .callprototype (.param .align 4 .b8 result[40]) _(.reg .u64 data, .param .align 4 .b8 params[32]);
            .param .align 4 .b8 out[40];
            .param .align 4 .b8 in[32];
            st.param.f32 [in+0], %f671;
            st.param.f32 [in+4], %f672;
            st.param.f32 [in+8], %f673;
            st.param.f32 [in+12], %f674;
            st.param.f32 [in+16], %f675;
            st.param.f32 [in+20], %f789;
            st.param.f32 [in+24], %f807;
            st.param.f32 [in+28], %f825;
            call (out), %rd2, (%rd3, in), proto;
            ld.param.f32 %f831, [out+28];
            ld.param.f32 %f832, [out+32];
            ld.param.f32 %f833, [out+36];
        }

        bra.uni l_done_830;
    }

l_masked_830:
    mov.b32 %f831, 0;
    mov.b32 %f832, 0;
    mov.b32 %f833, 0;

l_done_830:
    ld.const.u64 %rd834, [params+288];
    mov.u32 %r835, %r0;
    mov.b32 %r836, 0x3;
    mul.lo.u32 %r837, %r835, %r836;
    mov.pred %p838, 0x1;
    mad.wide.u32 %rd3, %r837, 4, %rd834;
    st.global.f32 [%rd3], %f831;
    mov.b32 %r840, 0x1;
    add.u32 %r841, %r837, %r840;
    mad.wide.u32 %rd3, %r841, 4, %rd834;
    st.global.f32 [%rd3], %f832;
    mov.b32 %r843, 0x2;
    add.u32 %r844, %r837, %r843;
    mad.wide.u32 %rd3, %r844, 4, %rd834;
    st.global.f32 [%rd3], %f833;
    ret;
}

.visible .func (.param .align 4 .b8 result[12]) __direct_callable__1e4dd3bb4f4a43b90960888763f811da(.reg .u64 data, .param .align 4 .b8 params[24]) {
    // VCall: mitsuba::BSDF::sample()
    .reg.b8   %b <36>; .reg.b16 %w<36>; .reg.b32 %r<36>;
    .reg.b64  %rd<36>; .reg.f32 %f<36>; .reg.f64 %d<36>;
    .reg.pred %p <36>;

    mov.b32 %f4, 0x40000000;
    ld.param.f32 %f5, [params+16];
    mov.b32 %f6, 0xbf800000;
    fma.rn.ftz.f32 %f7, %f4, %f5, %f6;
    abs.f32 %f8, %f7;
    ld.param.f32 %f9, [params+20];
    fma.rn.ftz.f32 %f10, %f4, %f9, %f6;
    abs.f32 %f11, %f10;
    setp.lt.f32 %p12, %f8, %f11;
    selp.f32 %f13, %f10, %f7, %p12;
    mov.b32 %f14, 0x0;
    setp.eq.f32 %p15, %f7, %f14;
    setp.eq.f32 %p16, %f10, %f14;
    and.pred %p17, %p15, %p16;
    mov.b32 %f18, 0x3fc90fdb;
    mov.b32 %f19, 0x3f490fdb;
    selp.f32 %f20, %f7, %f10, %p12;
    mul.ftz.f32 %f21, %f19, %f20;
    div.approx.ftz.f32 %f22, %f21, %f13;
    sub.ftz.f32 %f23, %f18, %f22;
    selp.f32 %f24, %f23, %f22, %p12;
    selp.f32 %f25, %f14, %f24, %p17;
    cos.approx.ftz.f32 %f26, %f25;
    mul.ftz.f32 %f27, %f13, %f26;
    sin.approx.ftz.f32 %f28, %f25;
    mul.ftz.f32 %f29, %f13, %f28;
    mov.b32 %f30, 0x3f800000;
    mul.ftz.f32 %f31, %f27, %f27;
    fma.rn.ftz.f32 %f32, %f29, %f29, %f31;
    sub.ftz.f32 %f33, %f30, %f32;
    max.ftz.f32 %f34, %f33, %f14;
    sqrt.approx.ftz.f32 %f35, %f34;
    st.param.f32 [result+0], %f27;
    st.param.f32 [result+4], %f29;
    st.param.f32 [result+8], %f35;
    ret;
}

.visible .func (.param .align 4 .b8 result[40]) __direct_callable__203403e6f04f88a9a64c84338253d9a1(.reg .u64 data, .param .align 4 .b8 params[32]) {
    // VCall: mitsuba::BSDF::sample()
    .reg.b8   %b <50>; .reg.b16 %w<50>; .reg.b32 %r<50>;
    .reg.b64  %rd<50>; .reg.f32 %f<50>; .reg.f64 %d<50>;
    .reg.pred %p <50>;

    ld.global.f32 %f4, [data+0];
    ld.global.f32 %f5, [data+4];
    ld.global.f32 %f6, [data+8];
    mov.b32 %f7, 0x40000000;
    ld.param.f32 %f8, [params+24];
    mov.b32 %f9, 0xbf800000;
    fma.rn.ftz.f32 %f10, %f7, %f8, %f9;
    abs.f32 %f11, %f10;
    ld.param.f32 %f12, [params+28];
    fma.rn.ftz.f32 %f13, %f7, %f12, %f9;
    abs.f32 %f14, %f13;
    setp.lt.f32 %p15, %f11, %f14;
    selp.f32 %f16, %f13, %f10, %p15;
    mov.b32 %f17, 0x0;
    setp.eq.f32 %p18, %f10, %f17;
    setp.eq.f32 %p19, %f13, %f17;
    and.pred %p20, %p18, %p19;
    mov.b32 %f21, 0x3fc90fdb;
    mov.b32 %f22, 0x3f490fdb;
    selp.f32 %f23, %f10, %f13, %p15;
    mul.ftz.f32 %f24, %f22, %f23;
    div.approx.ftz.f32 %f25, %f24, %f16;
    sub.ftz.f32 %f26, %f21, %f25;
    selp.f32 %f27, %f26, %f25, %p15;
    selp.f32 %f28, %f17, %f27, %p20;
    cos.approx.ftz.f32 %f29, %f28;
    mul.ftz.f32 %f30, %f16, %f29;
    sin.approx.ftz.f32 %f31, %f28;
    mul.ftz.f32 %f32, %f16, %f31;
    mov.b32 %f33, 0x3f800000;
    mul.ftz.f32 %f34, %f30, %f30;
    fma.rn.ftz.f32 %f35, %f32, %f32, %f34;
    sub.ftz.f32 %f36, %f33, %f35;
    max.ftz.f32 %f37, %f36, %f17;
    sqrt.approx.ftz.f32 %f38, %f37;
    mov.b32 %f39, 0x3ea2f983;
    mul.ftz.f32 %f40, %f39, %f38;
    mov.b32 %r41, 0x2;
    mov.b32 %r42, 0x0;
    ld.param.f32 %f43, [params+16];
    setp.gt.f32 %p44, %f43, %f17;
    setp.gt.f32 %p45, %f40, %f17;
    and.pred %p46, %p44, %p45;
    selp.b32 %f47, %f4, 0, %p46;
    selp.b32 %f48, %f5, 0, %p46;
    selp.b32 %f49, %f6, 0, %p46;
    st.param.f32 [result+0], %f30;
    st.param.f32 [result+4], %f32;
    st.param.f32 [result+8], %f38;
    st.param.f32 [result+12], %f40;
    st.param.f32 [result+16], %f33;
    st.param.u32 [result+20], %r41;
    st.param.u32 [result+24], %r42;
    st.param.f32 [result+28], %f47;
    st.param.f32 [result+32], %f48;
    st.param.f32 [result+36], %f49;
    ret;
}

.visible .func (.param .align 4 .b8 result[40]) __direct_callable__3f116f31549d286144ecfe2091f3ef0d(.reg .u64 data, .param .align 4 .b8 params[32]) {
    // VCall: mitsuba::BSDF::sample()
    .reg.b8   %b <637>; .reg.b16 %w<637>; .reg.b32 %r<637>;
    .reg.b64  %rd<637>; .reg.f32 %f<637>; .reg.f64 %d<637>;
    .reg.pred %p <637>;

    ld.global.f32 %f4, [data+4];
    ld.global.f32 %f5, [data+8];
    ld.global.f32 %f6, [data+12];
    ld.global.f32 %f7, [data+16];
    ld.global.f32 %f8, [data+20];
    ld.global.f32 %f9, [data+24];
    ld.global.f32 %f10, [data+28];
    ld.global.f32 %f11, [data+32];
    ld.global.f32 %f12, [data+36];
    ld.global.f32 %f13, [data+0];
    mov.b32 %f14, 0x38d1b717;
    max.ftz.f32 %f15, %f13, %f14;
    ld.param.f32 %f16, [params+8];
    mul.ftz.f32 %f17, %f15, %f16;
    ld.param.f32 %f18, [params+16];
    ld.param.f32 %f19, [params+12];
    mul.ftz.f32 %f20, %f15, %f19;
    mul.ftz.f32 %f21, %f17, %f17;
    fma.rn.ftz.f32 %f22, %f20, %f20, %f21;
    fma.rn.ftz.f32 %f23, %f18, %f18, %f22;
    rsqrt.approx.ftz.f32 %f24, %f23;
    mul.ftz.f32 %f25, %f17, %f24;
    mul.ftz.f32 %f26, %f20, %f24;
    mul.ftz.f32 %f27, %f26, %f26;
    fma.rn.ftz.f32 %f28, %f25, %f25, %f27;
    abs.f32 %f29, %f28;
    mov.b32 %f30, 0x34800000;
    setp.le.f32 %p31, %f29, %f30;
    mov.b32 %f32, 0x3f800000;
    rsqrt.approx.ftz.f32 %f33, %f28;
    mul.ftz.f32 %f34, %f25, %f33;
    min.ftz.f32 %f35, %f34, %f32;
    mov.b32 %f36, 0xbf800000;
    max.ftz.f32 %f37, %f35, %f36;
    selp.f32 %f38, %f32, %f37, %p31;
    mul.ftz.f32 %f39, %f18, %f24;
    neg.ftz.f32 %f40, %f39;
    fma.rn.ftz.f32 %f41, %f39, %f40, %f32;
    mov.b32 %f42, 0x0;
    max.ftz.f32 %f43, %f41, %f42;
    sqrt.approx.ftz.f32 %f44, %f43;
    div.approx.ftz.f32 %f45, %f44, %f39;
    rcp.approx.ftz.f32 %f46, %f45;
    abs.f32 %f47, %f46;
    setp.lt.f32 %p48, %f47, %f32;
    mul.ftz.f32 %f49, %f46, %f46;
    mul.ftz.f32 %f50, %f49, %f49;
    mul.ftz.f32 %f51, %f50, %f50;
    mul.ftz.f32 %f52, %f51, %f51;
    mov.b32 %f53, 0xb055d725;
    mov.b32 %f54, 0x326b8d88;
    fma.rn.ftz.f32 %f55, %f49, %f53, %f54;
    mov.b32 %f56, 0xb42e0393;
    mov.b32 %f57, 0x35dcbfea;
    fma.rn.ftz.f32 %f58, %f49, %f56, %f57;
    fma.rn.ftz.f32 %f59, %f50, %f55, %f58;
    mov.b32 %f60, 0xb77a6527;
    mov.b32 %f61, 0x38fcd15d;
    fma.rn.ftz.f32 %f62, %f49, %f60, %f61;
    mov.b32 %f63, 0xba6016d8;
    mov.b32 %f64, 0x3bab2de6;
    fma.rn.ftz.f32 %f65, %f49, %f63, %f64;
    fma.rn.ftz.f32 %f66, %f50, %f62, %f65;
    mov.b32 %f67, 0xbcdc1672;
    mov.b32 %f68, 0x3de71791;
    fma.rn.ftz.f32 %f69, %f49, %f67, %f68;
    mov.b32 %f70, 0xbec093a3;
    mov.b32 %f71, 0x3f906ebb;
    fma.rn.ftz.f32 %f72, %f49, %f70, %f71;
    fma.rn.ftz.f32 %f73, %f50, %f69, %f72;
    fma.rn.ftz.f32 %f74, %f51, %f66, %f73;
    fma.rn.ftz.f32 %f75, %f52, %f59, %f74;
    mul.ftz.f32 %f76, %f46, %f75;
    mul.ftz.f32 %f77, %f47, %f47;
    mul.ftz.f32 %f78, %f77, %f77;
    mov.b32 %f79, 0xb9cd1e1c;
    mov.b32 %f80, 0xbc327bfe;
    fma.rn.ftz.f32 %f81, %f47, %f79, %f80;
    mov.b32 %f82, 0xbdce6dbf;
    mov.b32 %f83, 0xbefd92d0;
    fma.rn.ftz.f32 %f84, %f47, %f82, %f83;
    fma.rn.ftz.f32 %f85, %f77, %f81, %f84;
    mov.b32 %f86, 0xbfbda45c;
    mov.b32 %f87, 0xc031cf5c;
    fma.rn.ftz.f32 %f88, %f47, %f86, %f87;
    mov.b32 %f89, 0xc045d94b;
    mov.b32 %f90, 0xbfd05f42;
    fma.rn.ftz.f32 %f91, %f47, %f89, %f90;
    fma.rn.ftz.f32 %f92, %f77, %f88, %f91;
    fma.rn.ftz.f32 %f93, %f78, %f85, %f92;
    mov.b32 %f94, 0xb001e898;
    mov.b32 %f95, 0x398e350d;
    fma.rn.ftz.f32 %f96, %f47, %f94, %f95;
    mov.b32 %f97, 0x3bf73fc8;
    mov.b32 %f98, 0x3d8c7442;
    fma.rn.ftz.f32 %f99, %f47, %f97, %f98;
    fma.rn.ftz.f32 %f100, %f77, %f96, %f99;
    mov.b32 %f101, 0x3ea34427;
    mov.b32 %f102, 0x3f5ccc80;
    fma.rn.ftz.f32 %f103, %f47, %f101, %f102;
    mov.b32 %f104, 0x3faadae8;
    fma.rn.ftz.f32 %f105, %f47, %f104, %f32;
    fma.rn.ftz.f32 %f106, %f77, %f103, %f105;
    fma.rn.ftz.f32 %f107, %f78, %f100, %f106;
    div.approx.ftz.f32 %f108, %f93, %f107;
    mul.ftz.f32 %f109, %f108, %f47;
    ex2.approx.ftz.f32 %f110, %f109;
    sub.ftz.f32 %f111, %f32, %f110;
    abs.f32 %f112, %f111;
    mov.b32 %f113, 0x7f800000;
    setp.lt.f32 %p114, %f112, %f113;
    selp.f32 %f115, %f111, %f32, %p114;
    abs.f32 %f116, %f115;
    mov.b32 %f117, 0x80000000;
    and.b32 %f118, %f117, %f46;
    or.b32 %f119, %f116, %f118;
    selp.f32 %f120, %f76, %f119, %p48;
    add.ftz.f32 %f121, %f120, %f32;
    ld.param.f32 %f122, [params+24];
    mov.b32 %f123, 0x3f7fffef;
    min.ftz.f32 %f124, %f122, %f123;
    mov.b32 %f125, 0x358637bd;
    max.ftz.f32 %f126, %f124, %f125;
    lg2.approx.ftz.f32 %f127, %f126;
    mov.b32 %f128, 0x3f317218;
    mul.ftz.f32 %f129, %f127, %f128;
    neg.ftz.f32 %f130, %f129;
    sqrt.approx.ftz.f32 %f131, %f130;
    abs.f32 %f132, %f131;
    setp.lt.f32 %p133, %f132, %f32;
    mul.ftz.f32 %f134, %f131, %f131;
    mul.ftz.f32 %f135, %f134, %f134;
    mul.ftz.f32 %f136, %f135, %f135;
    mul.ftz.f32 %f137, %f136, %f136;
    fma.rn.ftz.f32 %f138, %f134, %f53, %f54;
    fma.rn.ftz.f32 %f139, %f134, %f56, %f57;
    fma.rn.ftz.f32 %f140, %f135, %f138, %f139;
    fma.rn.ftz.f32 %f141, %f134, %f60, %f61;
    fma.rn.ftz.f32 %f142, %f134, %f63, %f64;
    fma.rn.ftz.f32 %f143, %f135, %f141, %f142;
    fma.rn.ftz.f32 %f144, %f134, %f67, %f68;
    fma.rn.ftz.f32 %f145, %f134, %f70, %f71;
    fma.rn.ftz.f32 %f146, %f135, %f144, %f145;
    fma.rn.ftz.f32 %f147, %f136, %f143, %f146;
    fma.rn.ftz.f32 %f148, %f137, %f140, %f147;
    mul.ftz.f32 %f149, %f131, %f148;
    mul.ftz.f32 %f150, %f132, %f132;
    mul.ftz.f32 %f151, %f150, %f150;
    fma.rn.ftz.f32 %f152, %f132, %f79, %f80;
    fma.rn.ftz.f32 %f153, %f132, %f82, %f83;
    fma.rn.ftz.f32 %f154, %f150, %f152, %f153;
    fma.rn.ftz.f32 %f155, %f132, %f86, %f87;
    fma.rn.ftz.f32 %f156, %f132, %f89, %f90;
    fma.rn.ftz.f32 %f157, %f150, %f155, %f156;
    fma.rn.ftz.f32 %f158, %f151, %f154, %f157;
    fma.rn.ftz.f32 %f159, %f132, %f94, %f95;
    fma.rn.ftz.f32 %f160, %f132, %f97, %f98;
    fma.rn.ftz.f32 %f161, %f150, %f159, %f160;
    fma.rn.ftz.f32 %f162, %f132, %f101, %f102;
    fma.rn.ftz.f32 %f163, %f132, %f104, %f32;
    fma.rn.ftz.f32 %f164, %f150, %f162, %f163;
    fma.rn.ftz.f32 %f165, %f151, %f161, %f164;
    div.approx.ftz.f32 %f166, %f158, %f165;
    mul.ftz.f32 %f167, %f166, %f132;
    ex2.approx.ftz.f32 %f168, %f167;
    sub.ftz.f32 %f169, %f32, %f168;
    abs.f32 %f170, %f169;
    setp.lt.f32 %p171, %f170, %f113;
    selp.f32 %f172, %f169, %f32, %p171;
    abs.f32 %f173, %f172;
    and.b32 %f174, %f117, %f131;
    or.b32 %f175, %f173, %f174;
    selp.f32 %f176, %f149, %f175, %p133;
    mul.ftz.f32 %f177, %f121, %f176;
    sub.ftz.f32 %f178, %f120, %f177;
    add.ftz.f32 %f179, %f32, %f178;
    mov.b32 %f180, 0x3f106ebb;
    mul.ftz.f32 %f181, %f180, %f45;
    mov.b32 %f182, 0x3fb8aa3b;
    sub.ftz.f32 %f183, %f32, %f178;
    mul.ftz.f32 %f184, %f183, %f179;
    lg2.approx.ftz.f32 %f185, %f184;
    mul.ftz.f32 %f186, %f185, %f128;
    neg.ftz.f32 %f187, %f186;
    mov.b32 %f188, 0x40a00000;
    setp.lt.f32 %p189, %f187, %f188;
    mov.b32 %f190, 0x40200000;
    sub.ftz.f32 %f191, %f187, %f190;
    mul.ftz.f32 %f192, %f191, %f191;
    mul.ftz.f32 %f193, %f192, %f192;
    mul.ftz.f32 %f194, %f193, %f193;
    mov.b32 %f195, 0x32f16588;
    mov.b32 %f196, 0x34b84b36;
    mov.b32 %f197, 0xb66c7357;
    fma.rn.ftz.f32 %f198, %f191, %f196, %f197;
    mov.b32 %f199, 0xb6935ac1;
    mov.b32 %f200, 0x396532db;
    fma.rn.ftz.f32 %f201, %f191, %f199, %f200;
    fma.rn.ftz.f32 %f202, %f192, %f198, %f201;
    mov.b32 %f203, 0xbaa45408;
    mov.b32 %f204, 0xbb88e4ef;
    fma.rn.ftz.f32 %f205, %f191, %f203, %f204;
    mov.b32 %f206, 0x3e7c8f63;
    mov.b32 %f207, 0x3fc02e2f;
    fma.rn.ftz.f32 %f208, %f191, %f206, %f207;
    fma.rn.ftz.f32 %f209, %f192, %f205, %f208;
    fma.rn.ftz.f32 %f210, %f193, %f202, %f209;
    fma.rn.ftz.f32 %f211, %f194, %f195, %f210;
    sqrt.approx.ftz.f32 %f212, %f187;
    mov.b32 %f213, 0x40400000;
    sub.ftz.f32 %f214, %f212, %f213;
    mul.ftz.f32 %f215, %f214, %f214;
    mul.ftz.f32 %f216, %f215, %f215;
    mul.ftz.f32 %f217, %f216, %f216;
    mov.b32 %f218, 0xb951f09b;
    mov.b32 %f219, 0x38d3b56b;
    mov.b32 %f220, 0x3ab0dc72;
    fma.rn.ftz.f32 %f221, %f214, %f219, %f220;
    mov.b32 %f222, 0xbb70bde7;
    mov.b32 %f223, 0x3bbc127b;
    fma.rn.ftz.f32 %f224, %f214, %f222, %f223;
    fma.rn.ftz.f32 %f225, %f215, %f221, %f224;
    mov.b32 %f226, 0xbbf9c5d7;
    mov.b32 %f227, 0x3c1aa57e;
    fma.rn.ftz.f32 %f228, %f214, %f226, %f227;
    mov.b32 %f229, 0x3f8036db;
    mov.b32 %f230, 0x40354f7e;
    fma.rn.ftz.f32 %f231, %f214, %f229, %f230;
    fma.rn.ftz.f32 %f232, %f215, %f228, %f231;
    fma.rn.ftz.f32 %f233, %f216, %f225, %f232;
    fma.rn.ftz.f32 %f234, %f217, %f218, %f233;
    selp.f32 %f235, %f211, %f234, %p189;
    mul.ftz.f32 %f236, %f235, %f178;
    mul.ftz.f32 %f237, %f236, %f236;
    neg.ftz.f32 %f238, %f237;
    mul.ftz.f32 %f239, %f182, %f238;
    ex2.approx.ftz.f32 %f240, %f239;
    mul.ftz.f32 %f241, %f181, %f240;
    add.ftz.f32 %f242, %f179, %f241;
    add.ftz.f32 %f243, %f32, %f120;
    neg.ftz.f32 %f244, %f49;
    mul.ftz.f32 %f245, %f182, %f244;
    ex2.approx.ftz.f32 %f246, %f245;
    mul.ftz.f32 %f247, %f181, %f246;
    add.ftz.f32 %f248, %f243, %f247;
    mul.ftz.f32 %f249, %f126, %f248;
    sub.ftz.f32 %f250, %f242, %f249;
    mul.ftz.f32 %f251, %f236, %f45;
    sub.ftz.f32 %f252, %f32, %f251;
    div.approx.ftz.f32 %f253, %f250, %f252;
    sub.ftz.f32 %f254, %f178, %f253;
    add.ftz.f32 %f255, %f32, %f254;
    sub.ftz.f32 %f256, %f32, %f254;
    mul.ftz.f32 %f257, %f256, %f255;
    lg2.approx.ftz.f32 %f258, %f257;
    mul.ftz.f32 %f259, %f258, %f128;
    neg.ftz.f32 %f260, %f259;
    setp.lt.f32 %p261, %f260, %f188;
    sub.ftz.f32 %f262, %f260, %f190;
    mul.ftz.f32 %f263, %f262, %f262;
    mul.ftz.f32 %f264, %f263, %f263;
    mul.ftz.f32 %f265, %f264, %f264;
    fma.rn.ftz.f32 %f266, %f262, %f196, %f197;
    fma.rn.ftz.f32 %f267, %f262, %f199, %f200;
    fma.rn.ftz.f32 %f268, %f263, %f266, %f267;
    fma.rn.ftz.f32 %f269, %f262, %f203, %f204;
    fma.rn.ftz.f32 %f270, %f262, %f206, %f207;
    fma.rn.ftz.f32 %f271, %f263, %f269, %f270;
    fma.rn.ftz.f32 %f272, %f264, %f268, %f271;
    fma.rn.ftz.f32 %f273, %f265, %f195, %f272;
    sqrt.approx.ftz.f32 %f274, %f260;
    sub.ftz.f32 %f275, %f274, %f213;
    mul.ftz.f32 %f276, %f275, %f275;
    mul.ftz.f32 %f277, %f276, %f276;
    mul.ftz.f32 %f278, %f277, %f277;
    fma.rn.ftz.f32 %f279, %f275, %f219, %f220;
    fma.rn.ftz.f32 %f280, %f275, %f222, %f223;
    fma.rn.ftz.f32 %f281, %f276, %f279, %f280;
    fma.rn.ftz.f32 %f282, %f275, %f226, %f227;
    fma.rn.ftz.f32 %f283, %f275, %f229, %f230;
    fma.rn.ftz.f32 %f284, %f276, %f282, %f283;
    fma.rn.ftz.f32 %f285, %f277, %f281, %f284;
    fma.rn.ftz.f32 %f286, %f278, %f218, %f285;
    selp.f32 %f287, %f273, %f286, %p261;
    mul.ftz.f32 %f288, %f287, %f254;
    mul.ftz.f32 %f289, %f288, %f288;
    neg.ftz.f32 %f290, %f289;
    mul.ftz.f32 %f291, %f182, %f290;
    ex2.approx.ftz.f32 %f292, %f291;
    mul.ftz.f32 %f293, %f181, %f292;
    add.ftz.f32 %f294, %f255, %f293;
    sub.ftz.f32 %f295, %f294, %f249;
    mul.ftz.f32 %f296, %f288, %f45;
    sub.ftz.f32 %f297, %f32, %f296;
    div.approx.ftz.f32 %f298, %f295, %f297;
    sub.ftz.f32 %f299, %f254, %f298;
    add.ftz.f32 %f300, %f32, %f299;
    sub.ftz.f32 %f301, %f32, %f299;
    mul.ftz.f32 %f302, %f301, %f300;
    lg2.approx.ftz.f32 %f303, %f302;
    mul.ftz.f32 %f304, %f303, %f128;
    neg.ftz.f32 %f305, %f304;
    setp.lt.f32 %p306, %f305, %f188;
    sub.ftz.f32 %f307, %f305, %f190;
    mul.ftz.f32 %f308, %f307, %f307;
    mul.ftz.f32 %f309, %f308, %f308;
    mul.ftz.f32 %f310, %f309, %f309;
    fma.rn.ftz.f32 %f311, %f307, %f196, %f197;
    fma.rn.ftz.f32 %f312, %f307, %f199, %f200;
    fma.rn.ftz.f32 %f313, %f308, %f311, %f312;
    fma.rn.ftz.f32 %f314, %f307, %f203, %f204;
    fma.rn.ftz.f32 %f315, %f307, %f206, %f207;
    fma.rn.ftz.f32 %f316, %f308, %f314, %f315;
    fma.rn.ftz.f32 %f317, %f309, %f313, %f316;
    fma.rn.ftz.f32 %f318, %f310, %f195, %f317;
    sqrt.approx.ftz.f32 %f319, %f305;
    sub.ftz.f32 %f320, %f319, %f213;
    mul.ftz.f32 %f321, %f320, %f320;
    mul.ftz.f32 %f322, %f321, %f321;
    mul.ftz.f32 %f323, %f322, %f322;
    fma.rn.ftz.f32 %f324, %f320, %f219, %f220;
    fma.rn.ftz.f32 %f325, %f320, %f222, %f223;
    fma.rn.ftz.f32 %f326, %f321, %f324, %f325;
    fma.rn.ftz.f32 %f327, %f320, %f226, %f227;
    fma.rn.ftz.f32 %f328, %f320, %f229, %f230;
    fma.rn.ftz.f32 %f329, %f321, %f327, %f328;
    fma.rn.ftz.f32 %f330, %f322, %f326, %f329;
    fma.rn.ftz.f32 %f331, %f323, %f218, %f330;
    selp.f32 %f332, %f318, %f331, %p306;
    mul.ftz.f32 %f333, %f332, %f299;
    mul.ftz.f32 %f334, %f333, %f333;
    neg.ftz.f32 %f335, %f334;
    mul.ftz.f32 %f336, %f182, %f335;
    ex2.approx.ftz.f32 %f337, %f336;
    mul.ftz.f32 %f338, %f181, %f337;
    add.ftz.f32 %f339, %f300, %f338;
    sub.ftz.f32 %f340, %f339, %f249;
    mul.ftz.f32 %f341, %f333, %f45;
    sub.ftz.f32 %f342, %f32, %f341;
    div.approx.ftz.f32 %f343, %f340, %f342;
    sub.ftz.f32 %f344, %f299, %f343;
    sub.ftz.f32 %f345, %f32, %f344;
    add.ftz.f32 %f346, %f32, %f344;
    mul.ftz.f32 %f347, %f345, %f346;
    lg2.approx.ftz.f32 %f348, %f347;
    mul.ftz.f32 %f349, %f348, %f128;
    neg.ftz.f32 %f350, %f349;
    setp.lt.f32 %p351, %f350, %f188;
    sub.ftz.f32 %f352, %f350, %f190;
    mul.ftz.f32 %f353, %f352, %f352;
    mul.ftz.f32 %f354, %f353, %f353;
    mul.ftz.f32 %f355, %f354, %f354;
    fma.rn.ftz.f32 %f356, %f352, %f196, %f197;
    fma.rn.ftz.f32 %f357, %f352, %f199, %f200;
    fma.rn.ftz.f32 %f358, %f353, %f356, %f357;
    fma.rn.ftz.f32 %f359, %f352, %f203, %f204;
    fma.rn.ftz.f32 %f360, %f352, %f206, %f207;
    fma.rn.ftz.f32 %f361, %f353, %f359, %f360;
    fma.rn.ftz.f32 %f362, %f354, %f358, %f361;
    fma.rn.ftz.f32 %f363, %f355, %f195, %f362;
    sqrt.approx.ftz.f32 %f364, %f350;
    sub.ftz.f32 %f365, %f364, %f213;
    mul.ftz.f32 %f366, %f365, %f365;
    mul.ftz.f32 %f367, %f366, %f366;
    mul.ftz.f32 %f368, %f367, %f367;
    fma.rn.ftz.f32 %f369, %f365, %f219, %f220;
    fma.rn.ftz.f32 %f370, %f365, %f222, %f223;
    fma.rn.ftz.f32 %f371, %f366, %f369, %f370;
    fma.rn.ftz.f32 %f372, %f365, %f226, %f227;
    fma.rn.ftz.f32 %f373, %f365, %f229, %f230;
    fma.rn.ftz.f32 %f374, %f366, %f372, %f373;
    fma.rn.ftz.f32 %f375, %f367, %f371, %f374;
    fma.rn.ftz.f32 %f376, %f368, %f218, %f375;
    selp.f32 %f377, %f363, %f376, %p351;
    mul.ftz.f32 %f378, %f377, %f344;
    mul.ftz.f32 %f379, %f26, %f33;
    min.ftz.f32 %f380, %f379, %f32;
    max.ftz.f32 %f381, %f380, %f36;
    selp.f32 %f382, %f42, %f381, %p31;
    mov.b32 %f383, 0x40000000;
    ld.param.f32 %f384, [params+28];
    min.ftz.f32 %f385, %f384, %f123;
    max.ftz.f32 %f386, %f385, %f125;
    fma.rn.ftz.f32 %f387, %f383, %f386, %f36;
    sub.ftz.f32 %f388, %f32, %f387;
    add.ftz.f32 %f389, %f32, %f387;
    mul.ftz.f32 %f390, %f388, %f389;
    lg2.approx.ftz.f32 %f391, %f390;
    mul.ftz.f32 %f392, %f391, %f128;
    neg.ftz.f32 %f393, %f392;
    setp.lt.f32 %p394, %f393, %f188;
    sub.ftz.f32 %f395, %f393, %f190;
    mul.ftz.f32 %f396, %f395, %f395;
    mul.ftz.f32 %f397, %f396, %f396;
    mul.ftz.f32 %f398, %f397, %f397;
    fma.rn.ftz.f32 %f399, %f395, %f196, %f197;
    fma.rn.ftz.f32 %f400, %f395, %f199, %f200;
    fma.rn.ftz.f32 %f401, %f396, %f399, %f400;
    fma.rn.ftz.f32 %f402, %f395, %f203, %f204;
    fma.rn.ftz.f32 %f403, %f395, %f206, %f207;
    fma.rn.ftz.f32 %f404, %f396, %f402, %f403;
    fma.rn.ftz.f32 %f405, %f397, %f401, %f404;
    fma.rn.ftz.f32 %f406, %f398, %f195, %f405;
    sqrt.approx.ftz.f32 %f407, %f393;
    sub.ftz.f32 %f408, %f407, %f213;
    mul.ftz.f32 %f409, %f408, %f408;
    mul.ftz.f32 %f410, %f409, %f409;
    mul.ftz.f32 %f411, %f410, %f410;
    fma.rn.ftz.f32 %f412, %f408, %f219, %f220;
    fma.rn.ftz.f32 %f413, %f408, %f222, %f223;
    fma.rn.ftz.f32 %f414, %f409, %f412, %f413;
    fma.rn.ftz.f32 %f415, %f408, %f226, %f227;
    fma.rn.ftz.f32 %f416, %f408, %f229, %f230;
    fma.rn.ftz.f32 %f417, %f409, %f415, %f416;
    fma.rn.ftz.f32 %f418, %f410, %f414, %f417;
    fma.rn.ftz.f32 %f419, %f411, %f218, %f418;
    selp.f32 %f420, %f406, %f419, %p394;
    mul.ftz.f32 %f421, %f420, %f387;
    mul.ftz.f32 %f422, %f382, %f421;
    neg.ftz.f32 %f423, %f422;
    fma.rn.ftz.f32 %f424, %f38, %f378, %f423;
    mul.ftz.f32 %f425, %f424, %f15;
    neg.ftz.f32 %f426, %f425;
    mul.ftz.f32 %f427, %f38, %f421;
    fma.rn.ftz.f32 %f428, %f382, %f378, %f427;
    mul.ftz.f32 %f429, %f428, %f15;
    neg.ftz.f32 %f430, %f429;
    mul.ftz.f32 %f431, %f426, %f426;
    fma.rn.ftz.f32 %f432, %f430, %f430, %f431;
    add.ftz.f32 %f433, %f32, %f432;
    rsqrt.approx.ftz.f32 %f434, %f433;
    mul.ftz.f32 %f435, %f426, %f434;
    mul.ftz.f32 %f436, %f430, %f434;
    mul.ftz.f32 %f437, %f16, %f435;
    fma.rn.ftz.f32 %f438, %f19, %f436, %f437;
    fma.rn.ftz.f32 %f439, %f18, %f434, %f438;
    mul.ftz.f32 %f440, %f383, %f439;
    neg.ftz.f32 %f441, %f16;
    fma.rn.ftz.f32 %f442, %f435, %f440, %f441;
    neg.ftz.f32 %f443, %f19;
    fma.rn.ftz.f32 %f444, %f436, %f440, %f443;
   z.f32 %f556, %f32, %f555;
    mul.ftz.f32 %f557, %f486, %f552;
    add.ftz.f32 %f558, %f556, %f557;
    div.approx.ftz.f32 %f559, %f554, %f558;
    selp.f32 %f560, %f32, %f559, %p550;
    selp.f32 %f561, %f32, %f560, %p546;
    selp.f32 %f562, %f42, %f561, %p540;
    mul.ftz.f32 %f563, %f562, %f6;
    mul.ftz.f32 %f564, %f538, %f563;
    setp.gt.f32 %p565, %f18, %f42;
    setp.ne.f32 %p566, %f496, %f42;
    setp.gt.f32 %p567, %f446, %f42;
    and.pred %p568, %p566, %p567;
    and.pred %p569, %p565, %p568;
    selp.b32 %f570, %f564, 0, %p569;
    mul.ftz.f32 %f571, %f7, %f7;
    mul.ftz.f32 %f572, %f8, %f8;
    sub.ftz.f32 %f573, %f571, %f572;
    sub.ftz.f32 %f574, %f573, %f510;
    mul.ftz.f32 %f575, %f574, %f574;
    mul.ftz.f32 %f576, %f497, %f8;
    mul.ftz.f32 %f577, %f576, %f8;
    mul.ftz.f32 %f578, %f577, %f7;
    mul.ftz.f32 %f579, %f578, %f7;
    add.ftz.f32 %f580, %f575, %f579;
    max.ftz.f32 %f581, %f580, %f42;
    sqrt.approx.ftz.f32 %f582, %f581;
    add.ftz.f32 %f583, %f582, %f509;
    add.ftz.f32 %f584, %f582, %f574;
    mul.ftz.f32 %f585, %f505, %f584;
    max.ftz.f32 %f586, %f585, %f42;
    sqrt.approx.ftz.f32 %f587, %f586;
    mul.ftz.f32 %f588, %f440, %f587;
    sub.ftz.f32 %f589, %f583, %f588;
    add.ftz.f32 %f590, %f583, %f588;
    div.approx.ftz.f32 %f591, %f589, %f590;
    mul.ftz.f32 %f592, %f582, %f509;
    add.ftz.f32 %f593, %f592, %f530;
    mul.ftz.f32 %f594, %f588, %f510;
    sub.ftz.f32 %f595, %f593, %f594;
    mul.ftz.f32 %f596, %f591, %f595;
    add.ftz.f32 %f597, %f593, %f594;
    div.approx.ftz.f32 %f598, %f596, %f597;
    add.ftz.f32 %f599, %f591, %f598;
    mul.ftz.f32 %f600, %f505, %f599;
    mul.ftz.f32 %f601, %f562, %f9;
    mul.ftz.f32 %f602, %f600, %f601;
    selp.b32 %f603, %f602, 0, %p569;
    mul.ftz.f32 %f604, %f10, %f10;
    mul.ftz.f32 %f605, %f11, %f11;
    sub.ftz.f32 %f606, %f604, %f605;
    sub.ftz.f32 %f607, %f606, %f510;
    mul.ftz.f32 %f608, %f607, %f607;
    mul.ftz.f32 %f609, %f497, %f11;
    mul.ftz.f32 %f610, %f609, %f11;
    mul.ftz.f32 %f611, %f610, %f10;
    mul.ftz.f32 %f612, %f611, %f10;
    add.ftz.f32 %f613, %f608, %f612;
    max.ftz.f32 %f614, %f613, %f42;
    sqrt.approx.ftz.f32 %f615, %f614;
    add.ftz.f32 %f616, %f615, %f509;
    add.ftz.f32 %f617, %f615, %f607;
    mul.ftz.f32 %f618, %f505, %f617;
    max.ftz.f32 %f619, %f618, %f42;
    sqrt.approx.ftz.f32 %f620, %f619;
    mul.ftz.f32 %f621, %f440, %f620;
    sub.ftz.f32 %f622, %f616, %f621;
    add.ftz.f32 %f623, %f616, %f621;
    div.approx.ftz.f32 %f624, %f622, %f623;
    mul.ftz.f32 %f625, %f615, %f509;
    add.ftz.f32 %f626, %f625, %f530;
    mul.ftz.f32 %f627, %f621, %f510;
    sub.ftz.f32 %f628, %f626, %f627;
    mul.ftz.f32 %f629, %f624, %f628;
    add.ftz.f32 %f630, %f626, %f627;
    div.approx.ftz.f32 %f631, %f629, %f630;
    add.ftz.f32 %f632, %f624, %f631;
    mul.ftz.f32 %f633, %f505, %f632;
    mul.ftz.f32 %f634, %f562, %f12;
    mul.ftz.f32 %f635, %f633, %f634;
    selp.b32 %f636, %f635, 0, %p569;
    st.param.f32 [result+0], %f442;
    st.param.f32 [result+4], %f444;
    st.param.f32 [result+8], %f446;
    st.param.f32 [result+12], %f502;
    st.param.f32 [result+16], %f32;
    st.param.u32 [result+20], %r503;
    st.param.u32 [result+24], %r504;
    st.param.f32 [result+28], %f570;
    st.param.f32 [result+32], %f603;
    st.param.f32 [result+36], %f636;
    ret;
}

.visible .func (.param .align 4 .b8 result[84]) __direct_callable__4516cd2ab718f9aa896604bb79d9548b(.reg .u32 self, .reg .u64 data, .param .align 4 .b8 params[40]) {
    // VCall: mitsuba::Shape::compute_surface_interaction()
    .reg.b8   %b <45>; .reg.b16 %w<45>; .reg.b32 %r<45>;
    .reg.b64  %rd<45>; .reg.f32 %f<45>; .reg.f64 %d<45>;
    .reg.pred %p <45>;

    ld.global.f32 %f4, [data+44];
    ld.global.f32 %f5, [data+0];
    ld.global.f32 %f6, [data+4];
    ld.global.f32 %f7, [data+8];
    ld.global.f32 %f8, [data+12];
    ld.global.f32 %f9, [data+16];
    ld.global.f32 %f10, [data+20];
    ld.global.f32 %f11, [data+40];
    ld.global.f32 %f12, [data+36];
    ld.global.f32 %f13, [data+32];
    ld.global.f32 %f14 neg.ftz.f32 %f445, %f18;
    fma.rn.ftz.f32 %f446, %f434, %f440, %f445;
    div.approx.ftz.f32 %f447, %f435, %f15;
    mul.ftz.f32 %f448, %f447, %f447;
    div.approx.ftz.f32 %f449, %f436, %f15;
    mul.ftz.f32 %f450, %f449, %f449;
    add.ftz.f32 %f451, %f448, %f450;
    neg.ftz.f32 %f452, %f451;
    mul.ftz.f32 %f453, %f434, %f434;
    div.approx.ftz.f32 %f454, %f452, %f453;
    mul.ftz.f32 %f455, %f182, %f454;
    ex2.approx.ftz.f32 %f456, %f455;
    mov.b32 %f457, 0x40490fdb;
    mul.ftz.f32 %f458, %f15, %f15;
    mul.ftz.f32 %f459, %f457, %f458;
    mul.ftz.f32 %f460, %f453, %f453;
    mul.ftz.f32 %f461, %f459, %f460;
    div.approx.ftz.f32 %f462, %f456, %f461;
    mul.ftz.f32 %f463, %f462, %f434;
    mov.b32 %f464, 0x1e3ce508;
    setp.gt.f32 %p465, %f463, %f464;
    selp.f32 %f466, %f462, %f42, %p465;
    mul.ftz.f32 %f467, %f439, %f18;
    setp.le.f32 %p468, %f467, %f42;
    mul.ftz.f32 %f469, %f20, %f20;
    add.ftz.f32 %f470, %f21, %f469;
    setp.eq.f32 %p471, %f470, %f42;
    mul.ftz.f32 %f472, %f18, %f18;
    div.approx.ftz.f32 %f473, %f470, %f472;
    rsqrt.approx.ftz.f32 %f474, %f473;
    mov.b32 %f475, 0x3fcccccd;
    setp.ge.f32 %p476, %f474, %f475;
    mov.b32 %f477, 0x40623d71;
    mul.ftz.f32 %f478, %f477, %f474;
    mov.b32 %f479, 0x400b9581;
    mul.ftz.f32 %f480, %f474, %f474;
    mul.ftz.f32 %f481, %f479, %f480;
    add.ftz.f32 %f482, %f478, %f481;
    mov.b32 %f483, 0x4011a9fc;
    mul.ftz.f32 %f484, %f483, %f474;
    add.ftz.f32 %f485, %f32, %f484;
    mov.b32 %f486, 0x4024ed91;
    mul.ftz.f32 %f487, %f486, %f480;
    add.ftz.f32 %f488, %f485, %f487;
    div.approx.ftz.f32 %f489, %f482, %f488;
    selp.f32 %f490, %f32, %f489, %p476;
    selp.f32 %f491, %f32, %f490, %p471;
    selp.f32 %f492, %f42, %f491, %p468;
    mul.ftz.f32 %f493, %f466, %f492;
    abs.f32 %f494, %f439;
    mul.ftz.f32 %f495, %f493, %f494;
    div.approx.ftz.f32 %f496, %f495, %f18;
    mov.b32 %f497, 0x40800000;
    mul.ftz.f32 %f498, %f442, %f435;
    fma.rn.ftz.f32 %f499, %f444, %f436, %f498;
    fma.rn.ftz.f32 %f500, %f446, %f434, %f499;
    mul.ftz.f32 %f501, %f497, %f500;
    div.approx.ftz.f32 %f502, %f496, %f501;
    mov.b32 %r503, 0x8;
    mov.b32 %r504, 0x0;
    mov.b32 %f505, 0x3f000000;
    mul.ftz.f32 %f506, %f4, %f4;
    mul.ftz.f32 %f507, %f5, %f5;
    sub.ftz.f32 %f508, %f506, %f507;
    mul.ftz.f32 %f509, %f439, %f439;
    sub.ftz.f32 %f510, %f32, %f509;
    sub.ftz.f32 %f511, %f508, %f510;
    mul.ftz.f32 %f512, %f511, %f511;
    mul.ftz.f32 %f513, %f497, %f5;
    mul.ftz.f32 %f514, %f513, %f5;
    mul.ftz.f32 %f515, %f514, %f4;
    mul.ftz.f32 %f516, %f515, %f4;
    add.ftz.f32 %f517, %f512, %f516;
    max.ftz.f32 %f518, %f517, %f42;
    sqrt.approx.ftz.f32 %f519, %f518;
    add.ftz.f32 %f520, %f519, %f509;
    add.ftz.f32 %f521, %f519, %f511;
    mul.ftz.f32 %f522, %f505, %f521;
    max.ftz.f32 %f523, %f522, %f42;
    sqrt.approx.ftz.f32 %f524, %f523;
    mul.ftz.f32 %f525, %f440, %f524;
    sub.ftz.f32 %f526, %f520, %f525;
    add.ftz.f32 %f527, %f520, %f525;
    div.approx.ftz.f32 %f528, %f526, %f527;
    mul.ftz.f32 %f529, %f519, %f509;
    mul.ftz.f32 %f530, %f510, %f510;
    add.ftz.f32 %f531, %f529, %f530;
    mul.ftz.f32 %f532, %f525, %f510;
    sub.ftz.f32 %f533, %f531, %f532;
    mul.ftz.f32 %f534, %f528, %f533;
    add.ftz.f32 %f535, %f531, %f532;
    div.approx.ftz.f32 %f536, %f534, %f535;
    add.ftz.f32 %f537, %f528, %f536;
    mul.ftz.f32 %f538, %f505, %f537;
    mul.ftz.f32 %f539, %f500, %f446;
    setp.le.f32 %p540, %f539, %f42;
    mul.ftz.f32 %f541, %f15, %f442;
    mul.ftz.f32 %f542, %f541, %f541;
    mul.ftz.f32 %f543, %f15, %f444;
    mul.ftz.f32 %f544, %f543, %f543;
    add.ftz.f32 %f545, %f542, %f544;
    setp.eq.f32 %p546, %f545, %f42;
    mul.ftz.f32 %f547, %f446, %f446;
    div.approx.ftz.f32 %f548, %f545, %f547;
    rsqrt.approx.ftz.f32 %f549, %f548;
    setp.ge.f32 %p550, %f549, %f475;
    mul.ftz.f32 %f551, %f477, %f549;
    mul.ftz.f32 %f552, %f549, %f549;
    mul.ftz.f32 %f553, %f479, %f552;
    add.ftz.f32 %f554, %f551, %f553;
    mul.ftz.f32 %f555, %f483, %f549;
    add.ft, [data+28];
    ld.global.f32 %f15, [data+24];
    ld.param.f32 %f16, [params+24];
    ld.param.f32 %f17, [params+12];
    ld.param.f32 %f18, [params+0];
    fma.rn.ftz.f32 %f19, %f17, %f16, %f18;
    ld.param.f32 %f20, [params+20];
    ld.param.f32 %f21, [params+8];
    fma.rn.ftz.f32 %f22, %f20, %f16, %f21;
    sub.ftz.f32 %f23, %f5, %f22;
    ld.param.f32 %f24, [params+16];
    ld.param.f32 %f25, [params+4];
    fma.rn.ftz.f32 %f26, %f24, %f16, %f25;
    sub.ftz.f32 %f27, %f7, %f26;
    sub.ftz.f32 %f28, %f9, %f19;
    mul.ftz.f32 %f29, %f28, %f10;
    fma.rn.ftz.f32 %f30, %f27, %f8, %f29;
    fma.rn.ftz.f32 %f31, %f23, %f6, %f30;
    mul.ftz.f32 %f32, %f31, %f10;
    add.ftz.f32 %f33, %f19, %f32;
    mul.ftz.f32 %f34, %f31, %f8;
    add.ftz.f32 %f35, %f26, %f34;
    mul.ftz.f32 %f36, %f31, %f6;
    add.ftz.f32 %f37, %f22, %f36;
    mov.u32 %r38, self;
    ld.param.f32 %f39, [params+28];
    mov.b32 %f40, 0x3f000000;
    fma.rn.ftz.f32 %f41, %f39, %f40, %f40;
    ld.param.f32 %f42, [params+32];
    fma.rn.ftz.f32 %f43, %f42, %f40, %f40;
    mov.b32 %f44, 0x0;
    st.param.f32 [result+0], %f16;
    st.param.f32 [result+4], %f4;
    st.param.f32 [result+8], %f33;
    st.param.f32 [result+12], %f35;
    st.param.f32 [result+16], %f37;
    st.param.f32 [result+20], %f10;
    st.param.f32 [result+24], %f8;
    st.param.f32 [result+28], %f6;
    st.param.u32 [result+32], %r38;
    st.param.f32 [result+36], %f41;
    st.param.f32 [result+40], %f43;
    st.param.f32 [result+44], %f44;
    st.param.f32 [result+48], %f44;
    st.param.f32 [result+52], %f11;
    st.param.f32 [result+56], %f12;
    st.param.f32 [result+60], %f13;
    st.param.f32 [result+64], %f14;
    st.param.f32 [result+68], %f15;
    st.param.f32 [result+72], %f6;
    st.param.f32 [result+76], %f10;
    st.param.f32 [result+80], %f8;
    ret;
}

.visible .func (.param .align 4 .b8 result[12]) __direct_callable__64c9c90116c43f6928a7486b8c17abb3(.reg .u64 data, .param .align 4 .b8 params[24]) {
    // VCall: mitsuba::BSDF::sample()
    .reg.b8   %b <48>; .reg.b16 %w<48>; .reg.b32 %r<48>;
    .reg.b64  %rd<48>; .reg.f32 %f<48>; .reg.f64 %d<48>;
    .reg.pred %p <48>;

    ld.param.f32 %f4, [params+12];
    ld.param.f32 %f5, [params+8];
    abs.f32 %f6, %f5;
    mov.b32 %f7, 0x0;
    setp.eq.f32 %p8, %f6, %f7;
    mov.b32 %f9, 0x3f800000;
    mov.b32 %f10, 0x3f000000;
    setp.ge.f32 %p11, %f5, %f7;
    mov.b32 %f12, 0x3fc00000;
    mov.b32 %f13, 0x3f2aaaab;
    selp.f32 %f14, %f12, %f13, %p11;
    neg.ftz.f32 %f15, %f5;
    fma.rn.ftz.f32 %f16, %f5, %f15, %f9;
    selp.f32 %f17, %f13, %f12, %p11;
    mul.ftz.f32 %f18, %f17, %f17;
    neg.ftz.f32 %f19, %f18;
    fma.rn.ftz.f32 %f20, %f16, %f19, %f9;
    max.ftz.f32 %f21, %f20, %f7;
    sqrt.approx.ftz.f32 %f22, %f21;
    neg.ftz.f32 %f23, %f22;
    fma.rn.ftz.f32 %f24, %f14, %f23, %f6;
    fma.rn.ftz.f32 %f25, %f14, %f22, %f6;
    div.approx.ftz.f32 %f26, %f24, %f25;
    mul.ftz.f32 %f27, %f26, %f26;
    neg.ftz.f32 %f28, %f6;
    fma.rn.ftz.f32 %f29, %f14, %f28, %f22;
    fma.rn.ftz.f32 %f30, %f14, %f6, %f22;
    div.approx.ftz.f32 %f31, %f29, %f30;
    mul.ftz.f32 %f32, %f31, %f31;
    add.ftz.f32 %f33, %f27, %f32;
    mul.ftz.f32 %f34, %f10, %f33;
    selp.f32 %f35, %f9, %f34, %p8;
    setp.le.f32 %p36, %f4, %f35;
    ld.param.f32 %f37, [params+0];
    neg.ftz.f32 %f38, %f37;
    neg.ftz.f32 %f39, %f17;
    mul.ftz.f32 %f40, %f39, %f37;
    selp.f32 %f41, %f38, %f40, %p36;
    ld.param.f32 %f42, [params+4];
    neg.ftz.f32 %f43, %f42;
    mul.ftz.f32 %f44, %f39, %f42;
    selp.f32 %f45, %f43, %f44, %p36;
    selp.f32 %f46, %f23, %f22, %p11;
    selp.f32 %f47, %f5, %f46, %p36;
    st.param.f32 [result+0], %f41;
    st.param.f32 [result+4], %f45;
    st.param.f32 [result+8], %f47;
    ret;
}

.visible .func (.param .align 4 .b8 result[40]) __direct_callable__6907fa219ccaa93496cdbc1947aefac0(.reg .u64 data, .param .align 4 .b8 params[32]) {
    // VCall: mitsuba::BSDF::sample()
    .reg.b8   %b <285>; .reg.b16 %w<285>; .reg.b32 %r<285>;
    .reg.b64  %rd<285>; .reg.f32 %f<285>; .reg.f64 %d<285>;
    .reg.pred %p <285>;

    ld.global.f32 %f4, [data+4];
    ld.global.f32 %f5, [data+8];
    ld.global.f32 %f6, [data+12];
    ld.global.f32 %f7, [data+16];
    ld.global.f32 %f8, [data+20];
    ld.global.f32 %f9, [data+24];
    ld.global.f32 %f10, [data+28];
    ld.global.f32 %f11, [data+32];
    ld.global.f32 %f12, [data+36];
    ld.global.f32 %f13, [data+0];
    mov.b32 %f14, 0x38d1b717;
    max.ftz.f32 %f15, %f13, %f14;
    ld.param.f32 %f16, [params+8];
    mul.ftz.f32 %f17, %f15, %f16;
    ld.param.f32 %f18, [params+16];
    ld.param.f32 %f19, [params+12];
    mul.ftz.f32 %f20, %f15, %f19;
    mul.ftz.f32 %f21, %f17, %f17;
    fma.rn.ftz.f32 %f22, %f20, %f20, %f21;
    fma.rn.ftz.f32 %f23, %f18, %f18, %f22;
    rsqrt.approx.ftz.f32 %f24, %f23;
    mul.ftz.f32 %f25, %f17, %f24;
    mul.ftz.f32 %f26, %f20, %f24;
    mul.ftz.f32 %f27, %f26, %f26;
    fma.rn.ftz.f32 %f28, %f25, %f25, %f27;
    abs.f32 %f29, %f28;
    mov.b32 %f30, 0x34800000;
    setp.le.f32 %p31, %f29, %f30;
    mov.b32 %f32, 0x3f800000;
    rsqrt.approx.ftz.f32 %f33, %f28;
    mul.ftz.f32 %f34, %f25, %f33;
    min.ftz.f32 %f35, %f34, %f32;
    mov.b32 %f36, 0xbf800000;
    max.ftz.f32 %f37, %f35, %f36;
    selp.f32 %f38, %f32, %f37, %p31;
    mul.ftz.f32 %f39, %f18, %f24;
    mov.b32 %f40, 0x40000000;
    ld.param.f32 %f41, [params+24];
    fma.rn.ftz.f32 %f42, %f40, %f41, %f36;
    abs.f32 %f43, %f42;
    ld.param.f32 %f44, [params+28];
    fma.rn.ftz.f32 %f45, %f40, %f44, %f36;
    abs.f32 %f46, %f45;
    setp.lt.f32 %p47, %f43, %f46;
    selp.f32 %f48, %f45, %f42, %p47;
    mov.b32 %f49, 0x0;
    setp.eq.f32 %p50, %f42, %f49;
    setp.eq.f32 %p51, %f45, %f49;
    and.pred %p52, %p50, %p51;
    mov.b32 %f53, 0x3fc90fdb;
    mov.b32 %f54, 0x3f490fdb;
    selp.f32 %f55, %f42, %f45, %p47;
    mul.ftz.f32 %f56, %f54, %f55;
    div.approx.ftz.f32 %f57, %f56, %f48;
    sub.ftz.f32 %f58, %f53, %f57;
    selp.f32 %f59, %f58, %f57, %p47;
    selp.f32 %f60, %f49, %f59, %p52;
    sin.approx.ftz.f32 %f61, %f60;
    mul.ftz.f32 %f62, %f48, %f61;
    mov.b32 %f63, 0x3f000000;
    add.ftz.f32 %f64, %f32, %f39;
    mul.ftz.f32 %f65, %f63, %f64;
    cos.approx.ftz.f32 %f66, %f60;
    mul.ftz.f32 %f67, %f48, %f66;
    mul.ftz.f32 %f68, %f67, %f67;
    sub.ftz.f32 %f69, %f32, %f68;
    max.ftz.f32 %f70, %f69, %f49;
    sqrt.approx.ftz.f32 %f71, %f70;
    neg.ftz.f32 %f72, %f65;
    fma.rn.ftz.f32 %f73, %f71, %f72, %f71;
    fma.rn.ftz.f32 %f74, %f62, %f65, %f73;
    mul.ftz.f32 %f75, %f39, %f39;
    sub.ftz.f32 %f76, %f32, %f75;
    max.ftz.f32 %f77, %f76, %f49;
    sqrt.approx.ftz.f32 %f78, %f77;
    fma.rn.ftz.f32 %f79, %f74, %f74, %f68;
    sub.ftz.f32 %f80, %f32, %f79;
    max.ftz.f32 %f81, %f80, %f49;
    sqrt.approx.ftz.f32 %f82, %f81;
    mul.ftz.f32 %f83, %f78, %f82;
    neg.ftz.f32 %f84, %f83;
    fma.rn.ftz.f32 %f85, %f39, %f74, %f84;
    mul.ftz.f32 %f86, %f39, %f82;
    fma.rn.ftz.f32 %f87, %f78, %f74, %f86;
    rcp.approx.ftz.f32 %f88, %f87;
    mul.ftz.f32 %f89, %f85, %f88;
    mul.ftz.f32 %f90, %f26, %f33;
    min.ftz.f32 %f91, %f90, %f32;
    max.ftz.f32 %f92, %f91, %f36;
    selp.f32 %f93, %f49, %f92, %p31;
    mul.ftz.f32 %f94, %f67, %f88;
    mul.ftz.f32 %f95, %f93, %f94;
    neg.ftz.f32 %f96, %f95;
    fma.rn.ftz.f32 %f97, %f38, %f89, %f96;
    mul.ftz.f32 %f98, %f97, %f15;
    neg.ftz.f32 %f99, %f98;
    mul.ftz.f32 %f100, %f38, %f94;
    fma.rn.ftz.f32 %f101, %f93, %f89, %f100;
    mul.ftz.f32 %f102, %f101, %f15;
    neg.ftz.f32 %f103, %f102;
    mul.ftz.f32 %f104, %f99, %f99;
    fma.rn.ftz.f32 %f105, %f103, %f103, %f104;
    add.ftz.f32 %f106, %f32, %f105;
    rsqrt.approx.ftz.f32 %f107, %f106;
    mul.ftz.f32 %f108, %f99, %f107;
    mul.ftz.f32 %f109, %f103, %f107;
    mul.ftz.f32 %f110, %f16, %f108;
    fma.rn.ftz.f32 %f111, %f19, %f109, %f110;
    fma.rn.ftz.f32 %f112, %f18, %f107, %f111;
    mul.ftz.f32 %f113, %f40, %f112;
    neg.ftz.f32 %f114, %f16;
    fma.rn.ftz.f32 %f115, %f108, %f113, %f114;
    neg.ftz.f32 %f116, %f19;
    fma.rn.ftz.f32 %f117, %f109, %f113, %f116;
    neg.ftz.f32 %f118, %f18;
    fma.rn.ftz.f32 %f119, %f107, %f113, %f118;
    mov.b32 %f120, 0x40490fdb;
    mul.ftz.f32 %f121, %f15, %f15;
    mul.ftz.f32 %f122, %f120, %f121;
    div.approx.ftz.f32 %f123, %f108, %f15;
    mul.ftz.f32 %f124, %f123, %f123;
    div.approx.ftz.f32 %f125, %f109, %f15;
    mul.ftz.f32 %f126, %f125, %f125;
    add.ftz.f32 %f127, %f124, %f126;
    mul.ftz.f32 %f128, %f107, %f107;
    add.ftz.f32 %f129, %f127, %f128;
    mul.ftz.f32 %f130, %f129, %f129;
    mul.ftz.f32 %f131, %f122, %f130;
    rcp.approx.ftz.f32 %f132, %f131;
    mul.ftz.f32 %f133, %f132, %f107;
    mov.b32 %f134, 0x1e3ce508;
    setp.gt.f32 %p135, %f133, %f134;
    selp.f32 %f136, %f132, %f49, %p135;
    mul.ftz.f32 %f137, %f112, %f18;
    setp.le.f32 %p138, %f137, %f49;
    mul.ftz.f32 %f139, %f20, %f20;
    add.ftz.f32 %f140, %f21, %f139;
    setp.eq.f32 %p141, %f140, %f49;
    mul.ftz.f32 %f142, %f18, %f18;
    div.approx.ftz.f32 %f143, %f140, %f142;
    add.ftz.f32 %f144, %f32, %f143;
    sqrt.approx.ftz.f32 %f145, %f144;
    add.ftz.f32 %f146, %f32, %f145;
    div.approx.ftz.f32 %f147, %f40, %f146;
    selp.f32 %f148, %f32, %f147, %p141;
    selp.f32 %f149, %f49, %f148, %p138;
    mul.ftz.f32 %f150, %f136, %f149;
    abs.f32 %f151, %f112;
    mul.ftz.f32 %f152, %f150, %f151;
    div.approx.ftz.f32 %f153, %f152, %f18;
    mov.b32 %f154, 0x40800000;
    mul.ftz.f32 %f155, %f115, %f108;
    fma.rn.ftz.f32 %f156, %f117, %f109, %f155;
    fma.rn.ftz.f32 %f157, %f119, %f107, %f156;
    mul.ftz.f32 %f158, %f154, %f157;
    div.approx.ftz.f32 %f159, %f153, %f158;
    mov.b32 %r160, 0x8;
    mov.b32 %r161, 0x0;
    mul.ftz.f32 %f162, %f4, %f4;
    mul.ftz.f32 %f163, %f5, %f5;
    sub.ftz.f32 %f164, %f162, %f163;
    mul.ftz.f32 %f165, %f112, %f112;
    sub.ftz.f32 %f166, %f32, %f165;
    sub.ftz.f32 %f167, %f164, %f166;
    mul.ftz.f32 %f168, %f167, %f167;
    mul.ftz.f32 %f169, %f154, %f5;
    mul.ftz.f32 %f170, %f169, %f5;
    mul.ftz.f32 %f171, %f170, %f4;
    mul.ftz.f32 %f172, %f171, %f4;
    add.ftz.f32 %f173, %f168, %f172;
    max.ftz.f32 %f174, %f173, %f49;
    sqrt.approx.ftz.f32 %f175, %f174;
    add.ftz.f32 %f176, %f175, %f165;
    add.ftz.f32 %f177, %f175, %f167;
    mul.ftz.f32 %f178, %f63, %f177;
    max.ftz.f32 %f179, %f178, %f49;
    sqrt.approx.ftz.f32 %f180, %f179;
    mul.ftz.f32 %f181, %f113, %f180;
    sub.ftz.f32 %f182, %f176, %f181;
    add.ftz.f32 %f183, %f176, %f181;
    div.approx.ftz.f32 %f184, %f182, %f183;
    mul.ftz.f32 %f185, %f175, %f165;
    mul.ftz.f32 %f186, %f166, %f166;
    add.ftz.f32 %f187, %f185, %f186;
    mul.ftz.f32 %f188, %f181, %f166;
    sub.ftz.f32 %f189, %f187, %f188;
    mul.ftz.f32 %f190, %f184, %f189;
    add.ftz.f32 %f191, %f187, %f188;
    div.approx.ftz.f32 %f192, %f190, %f191;
    add.ftz.f32 %f193, %f184, %f192;
    mul.ftz.f32 %f194, %f63, %f193;
    mul.ftz.f32 %f195, %f157, %f119;
    setp.le.f32 %p196, %f195, %f49;
    mul.ftz.f32 %f197, %f15, %f115;
    mul.ftz.f32 %f198, %f197, %f197;
    mul.ftz.f32 %f199, %f15, %f117;
    mul.ftz.f32 %f200, %f199, %f199;
    add.ftz.f32 %f201, %f198, %f200;
    setp.eq.f32 %p202, %f201, %f49;
    mul.ftz.f32 %f203, %f119, %f119;
    div.approx.ftz.f32 %f204, %f201, %f203;
    add.ftz.f32 %f205, %f32, %f204;
    sqrt.approx.ftz.f32 %f206, %f205;
    add.ftz.f32 %f207, %f32, %f206;
    div.approx.ftz.f32 %f208, %f40, %f207;
    selp.f32 %f209, %f32, %f208, %p202;
    selp.f32 %f210, %f49, %f209, %p196;
    mul.ftz.f32 %f211, %f210, %f6;
    mul.ftz.f32 %f212, %f194, %f211;
    setp.gt.f32 %p213, %f18, %f49;
    setp.ne.f32 %p214, %f153, %f49;
    setp.gt.f32 %p215, %f119, %f49;
    and.pred %p216, %p214, %p215;
    and.pred %p217, %p213, %p216;
    selp.b32 %f218, %f212, 0, %p217;
    mul.ftz.f32 %f219, %f7, %f7;
    mul.ftz.f32 %f220, %f8, %f8;
    sub.ftz.f32 %f221, %f219, %f220;
    sub.ftz.f32 %f222, %f221, %f166;
    mul.ftz.f32 %f223, %f222, %f222;
    mul.ftz.f32 %f224, %f154, %f8;
    mul.ftz.f32 %f225, %f224, %f8;
    mul.ftz.f32 %f226, %f225, %f7;
    mul.ftz.f32 %f227, %f226, %f7;
    add.ftz.f32 %f228, %f223, %f227;
    max.ftz.f32 %f229, %f228, %f49;
    sqrt.approx.ftz.f32 %f230, %f229;
    add.ftz.f32 %f231, %f230, %f165;
    add.ftz.f32 %f232, %f230, %f222;
    mul.ftz.f32 %f233, %f63, %f232;
    max.ftz.f32 %f234, %f233, %f49;
    sqrt.approx.ftz.f32 %f235, %f234;
    mul.ftz.f32 %f236, %f113, %f235;
    sub.ftz.f32 %f237, %f231, %f236;
    add.ftz.f32 %f238, %f231, %f236;
    div.approx.ftz.f32 %f239, %f237, %f238;
    mul.ftz.f32 %f240, %f230, %f165;
    add.ftz.f32 %f241, %f240, %f186;
    mul.ftz.f32 %f242, %f236, %f166;
    sub.ftz.f32 %f243, %f241, %f242;
    mul.ftz.f32 %f244, %f239, %f243;
    add.ftz.f32 %f245, %f241, %f242;
    div.approx.ftz.f32 %f246, %f244, %f245;
    add.ftz.f32 %f247, %f239, %f246;
    mul.ftz.f32 %f248, %f63, %f247;
    mul.ftz.f32 %f249, %f210, %f9;
    mul.ftz.f32 %f250, %f248, %f249;
    selp.b32 %f251, %f250, 0, %p217;
    mul.ftz.f32 %f252, %f10, %f10;
    mul.ftz.f32 %f253, %f11, %f11;
    sub.ftz.f32 %f254, %f252, %f253;
    sub.ftz.f32 %f255, %f254, %f166;
    mul.ftz.f32 %f256, %f255, %f255;
    mul.ftz.f32 %f257, %f154, %f11;
    mul.ftz.f32 %f258, %f257, %f11;
    mul.ftz.f32 %f259, %f258, %f10;
    mul.ftz.f32 %f260, %f259, %f10;
    add.ftz.f32 %f261, %f256, %f260;
    max.ftz.f32 %f262, %f261, %f49;
    sqrt.approx.ftz.f32 %f263, %f262;
    add.ftz.f32 %f264, %f263, %f165;
    add.ftz.f32 %f265, %f263, %f255;
    mul.ftz.f32 %f266, %f63, %f265;
    max.ftz.f32 %f267, %f266, %f49;
    sqrt.approx.ftz.f32 %f268, %f267;
    mul.ftz.f32 %f269, %f113, %f268;
    sub.ftz.f32 %f270, %f264, %f269;
    add.ftz.f32 %f271, %f264, %f269;
    div.approx.ftz.f32 %f272, %f270, %f271;
    mul.ftz.f32 %f273, %f263, %f165;
    add.ftz.f32 %f274, %f273, %f186;
    mul.ftz.f32 %f275, %f269, %f166;
    sub.ftz.f32 %f276, %f274, %f275;
    mul.ftz.f32 %f277, %f272, %f276;
    add.ftz.f32 %f278, %f274, %f275;
    div.approx.ftz.f32 %f279, %f277, %f278;
    add.ftz.f32 %f280, %f272, %f279;
    mul.ftz.f32 %f281, %f63, %f280;
    mul.ftz.f32 %f282, %f210, %f12;
    mul.ftz.f32 %f283, %f281, %f282;
    selp.b32 %f284, %f283, 0, %p217;
    st.param.f32 [result+0], %f115;
    st.param.f32 [result+4], %f117;
    st.param.f32 [result+8], %f119;
    st.param.f32 [result+12], %f159;
    st.param.f32 [result+16], %f32;
    st.param.u32 [result+20], %r160;
    st.param.u32 [result+24], %r161;
    st.param.f32 [result+28], %f218;
    st.param.f32 [result+32], %f251;
    st.param.f32 [result+36], %f284;
    ret;
}

.visible .func (.param .align 4 .b8 result[12]) __direct_callable__76deb0265f0727ddec6574c390d22e42(.reg .u64 data, .param .align 4 .b8 params[24]) {
    // VCall: mitsuba::BSDF::sample()
    .reg.b8   %b <111>; .reg.b16 %w<111>; .reg.b32 %r<111>;
    .reg.b64  %rd<111>; .reg.f32 %f<111>; .reg.f64 %d<111>;
    .reg.pred %p <111>;

    ld.global.f32 %f4, [data+0];
    mov.b32 %f5, 0x38d1b717;
    max.ftz.f32 %f6, %f4, %f5;
    ld.param.f32 %f7, [params+0];
    mul.ftz.f32 %f8, %f6, %f7;
    ld.param.f32 %f9, [params+8];
    ld.param.f32 %f10, [params+4];
    mul.ftz.f32 %f11, %f6, %f10;
    mul.ftz.f32 %f12, %f8, %f8;
    fma.rn.ftz.f32 %f13, %f11, %f11, %f12;
    fma.rn.ftz.f32 %f14, %f9, %f9, %f13;
    rsqrt.approx.ftz.f32 %f15, %f14;
    mul.ftz.f32 %f16, %f8, %f15;
    mul.ftz.f32 %f17, %f11, %f15;
    mul.ftz.f32 %f18, %f17, %f17;
    fma.rn.ftz.f32 %f19, %f16, %f16, %f18;
    abs.f32 %f20, %f19;
    mov.b32 %f21, 0x34800000;
    setp.le.f32 %p22, %f20, %f21;
    mov.b32 %f23, 0x3f800000;
    rsqrt.approx.ftz.f32 %f24, %f19;
    mul.ftz.f32 %f25, %f16, %f24;
    min.ftz.f32 %f26, %f25, %f23;
    mov.b32 %f27, 0xbf800000;
    max.ftz.f32 %f28, %f26, %f27;
    selp.f32 %f29, %f23, %f28, %p22;
    mul.ftz.f32 %f30, %f9, %f15;
    mov.b32 %f31, 0x40000000;
    ld.param.f32 %f32, [params+16];
    fma.rn.ftz.f32 %f33, %f31, %f32, %f27;
    abs.f32 %f34, %f33;
    ld.param.f32 %f35, [params+20];
    fma.rn.ftz.f32 %f36, %f31, %f35, %f27;
    abs.f32 %f37, %f36;
    setp.lt.f32 %p38, %f34, %f37;
    selp.f32 %f39, %f36, %f33, %p38;
    mov.b32 %f40, 0x0;
    setp.eq.f32 %p41, %f33, %f40;
    setp.eq.f32 %p42, %f36, %f40;
    and.pred %p43, %p41, %p42;
    mov.b32 %f44, 0x3fc90fdb;
    mov.b32 %f45, 0x3f490fdb;
    selp.f32 %f46, %f33, %f36, %p38;
    mul.ftz.f32 %f47, %f45, %f46;
    div.approx.ftz.f32 %f48, %f47, %f39;
    sub.ftz.f32 %f49, %f44, %f48;
    selp.f32 %f50, %f49, %f48, %p38;
    selp.f32 %f51, %f40, %f50, %p43;
    sin.approx.ftz.f32 %f52, %f51;
    mul.ftz.f32 %f53, %f39, %f52;
    mov.b32 %f54, 0x3f000000;
    add.ftz.f32 %f55, %f23, %f30;
    mul.ftz.f32 %f56, %f54, %f55;
    cos.approx.ftz.f32 %f57, %f51;
    mul.ftz.f32 %f58, %f39, %f57;
    mul.ftz.f32 %f59, %f58, %f58;
    sub.ftz.f32 %f60, %f23, %f59;
    max.ftz.f32 %f61, %f60, %f40;
    sqrt.approx.ftz.f32 %f62, %f61;
    neg.ftz.f32 %f63, %f56;
    fma.rn.ftz.f32 %f64, %f62, %f63, %f62;
    fma.rn.ftz.f32 %f65, %f53, %f56, %f64;
    mul.ftz.f32 %f66, %f30, %f30;
    sub.ftz.f32 %f67, %f23, %f66;
    max.ftz.f32 %f68, %f67, %f40;
    sqrt.approx.ftz.f32 %f69, %f68;
    fma.rn.ftz.f32 %f70, %f65, %f65, %f59;
    sub.ftz.f32 %f71, %f23, %f70;
    max.ftz.f32 %f72, %f71, %f40;
    sqrt.approx.ftz.f32 %f73, %f72;
    mul.ftz.f32 %f74, %f69, %f73;
    neg.ftz.f32 %f75, %f74;
    fma.rn.ftz.f32 %f76, %f30, %f65, %f75;
    mul.ftz.f32 %f77, %f30, %f73;
    fma.rn.ftz.f32 %f78, %f69, %f65, %f77;
    rcp.approx.ftz.f32 %f79, %f78;
    mul.ftz.f32 %f80, %f76, %f79;
    mul.ftz.f32 %f81, %f17, %f24;
    min.ftz.f32 %f82, %f81, %f23;
    max.ftz.f32 %f83, %f82, %f27;
    selp.f32 %f84, %f40, %f83, %p22;
    mul.ftz.f32 %f85, %f58, %f79;
    mul.ftz.f32 %f86, %f84, %f85;
    neg.ftz.f32 %f87, %f86;
    fma.rn.ftz.f32 %f88, %f29, %f80, %f87;
    mul.ftz.f32 %f89, %f88, %f6;
    neg.ftz.f32 %f90, %f89;
    mul.ftz.f32 %f91, %f29, %f85;
    fma.rn.ftz.f32 %f92, %f84, %f80, %f91;
    mul.ftz.f32 %f93, %f92, %f6;
    neg.ftz.f32 %f94, %f93;
    mul.ftz.f32 %f95, %f90, %f90;
    fma.rn.ftz.f32 %f96, %f94, %f94, %f95;
    add.ftz.f32 %f97, %f23, %f96;
    rsqrt.approx.ftz.f32 %f98, %f97;
    mul.ftz.f32 %f99, %f90, %f98;
    mul.ftz.f32 %f100, %f94, %f98;
    mul.ftz.f32 %f101, %f7, %f99;
    fma.rn.ftz.f32 %f102, %f10, %f100, %f101;
    fma.rn.ftz.f32 %f103, %f9, %f98, %f102;
    mul.ftz.f32 %f104, %f31, %f103;
    neg.ftz.f32 %f105, %f7;
    fma.rn.ftz.f32 %f106, %f99, %f104, %f105;
    neg.ftz.f32 %f107, %f10;
    fma.rn.ftz.f32 %f108, %f100, %f104, %f107;
    neg.ftz.f32 %f109, %f9;
    fma.rn.ftz.f32 %f110, %f98, %f104, %f109;
    st.param.f32 [result+0], %f106;
    st.param.f32 [result+4], %f108;
    st.param.f32 [result+8], %f110;
    ret;
}

.visible .func (.param .align 4 .b8 result[40]) __direct_callable__7708b6595bd8f1cf89c9568c46c56990(.reg .u64 data, .param .align 4 .b8 params[32]) {
    // VCall: mitsuba::BSDF::sample()
    .reg.b8   %b <312>; .reg.b16 %w<312>; .reg.b32 %r<312>;
    .reg.b64  %rd<312>; .reg.f32 %f<312>; .reg.f64 %d<312>;
    .reg.pred %p <312>;

    ld.global.f32 %f4, [data+12];
    ld.global.f32 %f5, [data+16];
    ld.global.f32 %f6, [data+28];
    ld.global.f32 %f7, [data+32];
    ld.global.f32 %f8, [data+44];
    ld.global.f32 %f9, [data+48];
    ld.global.f32 %f10, [data+4];
    ld.global.f32 %f11, [data+8];
    ld.global.f32 %f12, [data+20];
    ld.global.f32 %f13, [data+24];
    ld.global.f32 %f14, [data+36];
    ld.global.f32 %f15, [data+40];
    ld.global.f32 %f16, [data+0];
    mov.b32 %f17, 0x38d1b717;
    max.ftz.f32 %f18, %f16, %f17;
    ld.param.f32 %f19, [params+8];
    mul.ftz.f32 %f20, %f18, %f19;
    ld.param.f32 %f21, [params+16];
    ld.param.f32 %f22, [params+12];
    mul.ftz.f32 %f23, %f18, %f22;
    mul.ftz.f32 %f24, %f20, %f20;
    fma.rn.ftz.f32 %f25, %f23, %f23, %f24;
    fma.rn.ftz.f32 %f26, %f21, %f21, %f25;
    rsqrt.approx.ftz.f32 %f27, %f26;
    mul.ftz.f32 %f28, %f20, %f27;
    mul.ftz.f32 %f29, %f23, %f27;
    mul.ftz.f32 %f30, %f29, %f29;
    fma.rn.ftz.f32 %f31, %f28, %f28, %f30;
    abs.f32 %f32, %f31;
    mov.b32 %f33, 0x34800000;
    setp.le.f32 %p34, %f32, %f33;
    mov.b32 %f35, 0x3f800000;
    rsqrt.approx.ftz.f32 %f36, %f31;
    mul.ftz.f32 %f37, %f28, %f36;
    min.ftz.f32 %f38, %f37, %f35;
    mov.b32 %f39, 0xbf800000;
    max.ftz.f32 %f40, %f38, %f39;
    selp.f32 %f41, %f35, %f40, %p34;
    mul.ftz.f32 %f42, %f21, %f27;
    mov.b32 %f43, 0x40000000;
    ld.param.f32 %f44, [params+24];
    fma.rn.ftz.f32 %f45, %f43, %f44, %f39;
    abs.f32 %f46, %f45;
    ld.param.f32 %f47, [params+28];
    fma.rn.ftz.f32 %f48, %f43, %f47, %f39;
    abs.f32 %f49, %f48;
    setp.lt.f32 %p50, %f46, %f49;
    selp.f32 %f51, %f48, %f45, %p50;
    mov.b32 %f52, 0x0;
    setp.eq.f32 %p53, %f45, %f52;
    setp.eq.f32 %p54, %f48, %f52;
    and.pred %p55, %p53, %p54;
    mov.b32 %f56, 0x3fc90fdb;
    mov.b32 %f57, 0x3f490fdb;
    selp.f32 %f58, %f45, %f48, %p50;
    mul.ftz.f32 %f59, %f57, %f58;
    div.approx.ftz.f32 %f60, %f59, %f51;
    sub.ftz.f32 %f61, %f56, %f60;
    selp.f32 %f62, %f61, %f60, %p50;
    selp.f32 %f63, %f52, %f62, %p55;
    sin.approx.ftz.f32 %f64, %f63;
    mul.ftz.f32 %f65, %f51, %f64;
    mov.b32 %f66, 0x3f000000;
    add.ftz.f32 %f67, %f35, %f42;
    mul.ftz.f32 %f68, %f66, %f67;
    cos.approx.ftz.f32 %f69, %f63;
    mul.ftz.f32 %f70, %f51, %f69;
    mul.ftz.f32 %f71, %f70, %f70;
    sub.ftz.f32 %f72, %f35, %f71;
    max.ftz.f32 %f73, %f72, %f52;
    sqrt.approx.ftz.f32 %f74, %f73;
    neg.ftz.f32 %f75, %f68;
    fma.rn.ftz.f32 %f76, %f74, %f75, %f74;
    fma.rn.ftz.f32 %f77, %f65, %f68, %f76;
    mul.ftz.f32 %f78, %f42, %f42;
    sub.ftz.f32 %f79, %f35, %f78;
    max.ftz.f32 %f80, %f79, %f52;
    sqrt.approx.ftz.f32 %f81, %f80;
    fma.rn.ftz.f32 %f82, %f77, %f77, %f71;
    sub.ftz.f32 %f83, %f35, %f82;
    max.ftz.f32 %f84, %f83, %f52;
    sqrt.approx.ftz.f32 %f85, %f84;
    mul.ftz.f32 %f86, %f81, %f85;
    neg.ftz.f32 %f87, %f86;
    fma.rn.ftz.f32 %f88, %f42, %f77, %f87;
    mul.ftz.f32 %f89, %f42, %f85;
    fma.rn.ftz.f32 %f90, %f81, %f77, %f89;
    rcp.approx.ftz.f32 %f91, %f90;
    mul.ftz.f32 %f92, %f88, %f91;
    mul.ftz.f32 %f93, %f29, %f36;
    min.ftz.f32 %f94, %f93, %f35;
    max.ftz.f32 %f95, %f94, %f39;
    selp.f32 %f96, %f52, %f95, %p34;
    mul.ftz.f32 %f97, %f70, %f91;
    mul.ftz.f32 %f98, %f96, %f97;
    neg.ftz.f32 %f99, %f98;
    fma.rn.ftz.f32 %f100, %f41, %f92, %f99;
    mul.ftz.f32 %f101, %f100, %f18;
    neg.ftz.f32 %f102, %f101;
    mul.ftz.f32 %f103, %f41, %f97;
    fma.rn.ftz.f32 %f104, %f96, %f92, %f103;
    mul.ftz.f32 %f105, %f104, %f18;
    neg.ftz.f32 %f106, %f105;
    mul.ftz.f32 %f107, %f102, %f102;
    fma.rn.ftz.f32 %f108, %f106, %f106, %f107;
    add.ftz.f32 %f109, %f35, %f108;
    rsqrt.approx.ftz.f32 %f110, %f109;
    mul.ftz.f32 %f111, %f102, %f110;
    mul.ftz.f32 %f112, %f106, %f110;
    mul.ftz.f32 %f113, %f19, %f111;
    fma.rn.ftz.f32 %f114, %f22, %f112, %f113;
    fma.rn.ftz.f32 %f115, %f21, %f110, %f114;
    mul.ftz.f32 %f116, %f43, %f115;
    neg.ftz.f32 %f117, %f19;
    fma.rn.ftz.f32 %f118, %f111, %f116, %f117;
    neg.ftz.f32 %f119, %f22;
    fma.rn.ftz.f32 %f120, %f112, %f116, %f119;
    neg.ftz.f32 %f121, %f21;
    fma.rn.ftz.f32 %f122, %f110, %f116, %f121;
    mov.b32 %f123, 0x40490fdb;
    mul.ftz.f32 %f124, %f18, %f18;
    mul.ftz.f32 %f125, %f123, %f124;
    div.approx.ftz.f32 %f126, %f111, %f18;
    mul.ftz.f32 %f127, %f126, %f126;
    div.approx.ftz.f32 %f128, %f112, %f18;
    mul.ftz.f32 %f129, %f128, %f128;
    add.ftz.f32 %f130, %f127, %f129;
    mul.ftz.f32 %f131, %f110, %f110;
    add.ftz.f32 %f132, %f130, %f131;
    mul.ftz.f32 %f133, %f132, %f132;
    mul.ftz.f32 %f134, %f125, %f133;
    rcp.approx.ftz.f32 %f135, %f134;
    mul.ftz.f32 %f136, %f135, %f110;
    mov.b32 %f137, 0x1e3ce508;
    setp.gt.f32 %p138, %f136, %f137;
    selp.f32 %f139, %f135, %f52, %p138;
    mul.ftz.f32 %f140, %f115, %f21;
    setp.le.f32 %p141, %f140, %f52;
    mul.ftz.f32 %f142, %f23, %f23;
    add.ftz.f32 %f143, %f24, %f142;
    setp.eq.f32 %p144, %f143, %f52;
    mul.ftz.f32 %f145, %f21, %f21;
    div.approx.ftz.f32 %f146, %f143, %f145;
    add.ftz.f32 %f147, %f35, %f146;
    sqrt.approx.ftz.f32 %f148, %f147;
    add.ftz.f32 %f149, %f35, %f148;
    div.approx.ftz.f32 %f150, %f43, %f149;
    selp.f32 %f151, %f35, %f150, %p144;
    selp.f32 %f152, %f52, %f151, %p141;
    mul.ftz.f32 %f153, %f139, %f152;
    abs.f32 %f154, %f115;
    mul.ftz.f32 %f155, %f153, %f154;
    div.approx.ftz.f32 %f156, %f155, %f21;
    mov.b32 %f157, 0x40800000;
    mul.ftz.f32 %f158, %f118, %f111;
    fma.rn.ftz.f32 %f159, %f120, %f112, %f158;
    fma.rn.ftz.f32 %f160, %f122, %f110, %f159;
    mul.ftz.f32 %f161, %f157, %f160;
    div.approx.ftz.f32 %f162, %f156, %f161;
    mov.b32 %r163, 0x8;
    mov.b32 %r164, 0x0;
    mul.ftz.f32 %f165, %f10, %f10;
    mul.ftz.f32 %f166, %f11, %f11;
    sub.ftz.f32 %f167, %f165, %f166;
    mul.ftz.f32 %f168, %f115, %f115;
    sub.ftz.f32 %f169, %f35, %f168;
    sub.ftz.f32 %f170, %f167, %f169;
    mul.ftz.f32 %f171, %f170, %f170;
    mul.ftz.f32 %f172, %f157, %f11;
    mul.ftz.f32 %f173, %f172, %f11;
    mul.ftz.f32 %f174, %f173, %f10;
    mul.ftz.f32 %f175, %f174, %f10;
    add.ftz.f32 %f176, %f171, %f175;
    max.ftz.f32 %f177, %f176, %f52;
    sqrt.approx.ftz.f32 %f178, %f177;
    add.ftz.f32 %f179, %f178, %f168;
    add.ftz.f32 %f180, %f178, %f170;
    mul.ftz.f32 %f181, %f66, %f180;
    max.ftz.f32 %f182, %f181, %f52;
    sqrt.approx.ftz.f32 %f183, %f182;
    mul.ftz.f32 %f184, %f116, %f183;
    sub.ftz.f32 %f185, %f179, %f184;
    add.ftz.f32 %f186, %f179, %f184;
    div.approx.ftz.f32 %f187, %f185, %f186;
    mul.ftz.f32 %f188, %f178, %f168;
    mul.ftz.f32 %f189, %f169, %f169;
    add.ftz.f32 %f190, %f188, %f189;
    mul.ftz.f32 %f191, %f184, %f169;
    sub.ftz.f32 %f192, %f190, %f191;
    mul.ftz.f32 %f193, %f187, %f192;
    add.ftz.f32 %f194, %f190, %f191;
    div.approx.ftz.f32 %f195, %f193, %f194;
    add.ftz.f32 %f196, %f187, %f195;
    mul.ftz.f32 %f197, %f66, %f196;
    mul.ftz.f32 %f198, %f160, %f122;
    setp.le.f32 %p199, %f198, %f52;
    mul.ftz.f32 %f200, %f18, %f118;
    mul.ftz.f32 %f201, %f200, %f200;
    mul.ftz.f32 %f202, %f18, %f120;
    mul.ftz.f32 %f203, %f202, %f202;
    add.ftz.f32 %f204, %f201, %f203;
    setp.eq.f32 %p205, %f204, %f52;
    mul.ftz.f32 %f206, %f122, %f122;
    div.approx.ftz.f32 %f207, %f204, %f206;
    add.ftz.f32 %f208, %f35, %f207;
    sqrt.approx.ftz.f32 %f209, %f208;
    add.ftz.f32 %f210, %f35, %f209;
    div.approx.ftz.f32 %f211, %f43, %f210;
    selp.f32 %f212, %f35, %f211, %p205;
    selp.f32 %f213, %f52, %f212, %p199;
    ld.param.f32 %f214, [params+4];
    mov.b32 %f215, 0x41a00000;
    ld.param.f32 %f216, [params+0];
    mul.ftz.f32 %f217, %f215, %f216;
    fma.rn.ftz.f32 %f218, %f52, %f214, %f217;
    cvt.rmi.f32.f32 %f219, %f218;
    sub.ftz.f32 %f220, %f218, %f219;
    setp.gt.f32 %p221, %f220, %f66;
    mov.b32 %f222, 0x42a00000;
    mul.ftz.f32 %f223, %f52, %f216;
    fma.rn.ftz.f32 %f224, %f222, %f214, %f223;
    cvt.rmi.f32.f32 %f225, %f224;
    sub.ftz.f32 %f226, %f224, %f225;
    setp.gt.f32 %p227, %f226, %f66;
    xor.pred %p228, %p221, %p227;
    not.pred %p228, %p228;    not.pred %p229, %p228;
    setp.gt.f32 %p230, %f21, %f52;
    setp.ne.f32 %p231, %f156, %f52;
    setp.gt.f32 %p232, %f122, %f52;
    and.pred %p233, %p231, %p232;
    and.pred %p234, %p230, %p233;
    and.pred %p235, %p229, %p234;
    and.pred %p236, %p228, %p234;
    selp.f32 %f237, %f5, %f52, %p236;
    selp.f32 %f238, %f4, %f237, %p235;
    mul.ftz.f32 %f239, %f213, %f238;
    mul.ftz.f32 %f240, %f197, %f239;
    selp.b32 %f241, %f240, 0, %p234;
    mul.ftz.f32 %f242, %f12, %f12;
    mul.ftz.f32 %f243, %f13, %f13;
    sub.ftz.f32 %f244, %f242, %f243;
    sub.ftz.f32 %f245, %f244, %f169;
    mul.ftz.f32 %f246, %f245, %f245;
    mul.ftz.f32 %f247, %f157, %f13;
    mul.ftz.f32 %f248, %f247, %f13;
    mul.ftz.f32 %f249, %f248, %f12;
    mul.ftz.f32 %f250, %f249, %f12;
    add.ftz.f32 %f251, %f246, %f250;
    max.ftz.f32 %f252, %f251, %f52;
    sqrt.approx.ftz.f32 %f253, %f252;
    add.ftz.f32 %f254, %f253, %f168;
    add.ftz.f32 %f255, %f253, %f245;
    mul.ftz.f32 %f256, %f66, %f255;
    max.ftz.f32 %f257, %f256, %f52;
    sqrt.approx.ftz.f32 %f258, %f257;
    mul.ftz.f32 %f259, %f116, %f258;
    sub.ftz.f32 %f260, %f254, %f259;
    add.ftz.f32 %f261, %f254, %f259;
    div.approx.ftz.f32 %f262, %f260, %f261;
    mul.ftz.f32 %f263, %f253, %f168;
    add.ftz.f32 %f264, %f263, %f189;
    mul.ftz.f32 %f265, %f259, %f169;
    sub.ftz.f32 %f266, %f264, %f265;
    mul.ftz.f32 %f267, %f262, %f266;
    add.ftz.f32 %f268, %f264, %f265;
    div.approx.ftz.f32 %f269, %f267, %f268;
    add.ftz.f32 %f270, %f262, %f269;
    mul.ftz.f32 %f271, %f66, %f270;
    selp.f32 %f272, %f7, %f52, %p236;
    selp.f32 %f273, %f6, %f272, %p235;
    mul.ftz.f32 %f274, %f213, %f273;
    mul.ftz.f32 %f275, %f271, %f274;
    selp.b32 %f276, %f275, 0, %p234;
    mul.ftz.f32 %f277, %f14, %f14;
    mul.ftz.f32 %f278, %f15, %f15;
    sub.ftz.f32 %f279, %f277, %f278;
    sub.ftz.f32 %f280, %f279, %f169;
    mul.ftz.f32 %f281, %f280, %f280;
    mul.ftz.f32 %f282, %f157, %f15;
    mul.ftz.f32 %f283, %f282, %f15;
    mul.ftz.f32 %f284, %f283, %f14;
    mul.ftz.f32 %f285, %f284, %f14;
    add.ftz.f32 %f286, %f281, %f285;
    max.ftz.f32 %f287, %f286, %f52;
    sqrt.approx.ftz.f32 %f288, %f287;
    add.ftz.f32 %f289, %f288, %f168;
    add.ftz.f32 %f290, %f288, %f280;
    mul.ftz.f32 %f291, %f66, %f290;
    max.ftz.f32 %f292, %f291, %f52;
    sqrt.approx.ftz.f32 %f293, %f292;
    mul.ftz.f32 %f294, %f116, %f293;
    sub.ftz.f32 %f295, %f289, %f294;
    add.ftz.f32 %f296, %f289, %f294;
    div.approx.ftz.f32 %f297, %f295, %f296;
    mul.ftz.f32 %f298, %f288, %f168;
    add.ftz.f32 %f299, %f298, %f189;
    mul.ftz.f32 %f300, %f294, %f169;
    sub.ftz.f32 %f301, %f299, %f300;
    mul.ftz.f32 %f302, %f297, %f301;
    add.ftz.f32 %f303, %f299, %f300;
    div.approx.ftz.f32 %f304, %f302, %f303;
    add.ftz.f32 %f305, %f297, %f304;
    mul.ftz.f32 %f306, %f66, %f305;
    selp.f32 %f307, %f9, %f52, %p236;
    selp.f32 %f308, %f8, %f307, %p235;
    mul.ftz.f32 %f309, %f213, %f308;
    mul.ftz.f32 %f310, %f306, %f309;
    selp.b32 %f311, %f310, 0, %p234;
    st.param.f32 [result+0], %f118;
    st.param.f32 [result+4], %f120;
    st.param.f32 [result+8], %f122;
    st.param.f32 [result+12], %f162;
    st.param.f32 [result+16], %f35;
    st.param.u32 [result+20], %r163;
    st.param.u32 [result+24], %r164;
    st.param.f32 [result+28], %f241;
    st.param.f32 [result+32], %f276;
    st.param.f32 [result+36], %f311;
    ret;
}

.visible .func (.param .align 4 .b8 result[12]) __direct_callable__802333739527ac2c145adb6cbe510e42(.reg .u64 data, .param .align 4 .b8 params[24]) {
    // VCall: mitsuba::BSDF::sample()
    .reg.b8   %b <438>; .reg.b16 %w<438>; .reg.b32 %r<438>;
    .reg.b64  %rd<438>; .reg.f32 %f<438>; .reg.f64 %d<438>;
    .reg.pred %p <438>;

    ld.global.f32 %f4, [data+0];
    mov.b32 %f5, 0x38d1b717;
    max.ftz.f32 %f6, %f4, %f5;
    ld.param.f32 %f7, [params+0];
    mul.ftz.f32 %f8, %f6, %f7;
    ld.param.f32 %f9, [params+8];
    ld.param.f32 %f10, [params+4];
    mul.ftz.f32 %f11, %f6, %f10;
    mul.ftz.f32 %f12, %f8, %f8;
    fma.rn.ftz.f32 %f13, %f11, %f11, %f12;
    fma.rn.ftz.f32 %f14, %f9, %f9, %f13;
    rsqrt.approx.ftz.f32 %f15, %f14;
    mul.ftz.f32 %f16, %f8, %f15;
    mul.ftz.f32 %f17, %f11, %f15;
    mul.ftz.f32 %f18, %f17, %f17;
    fma.rn.ftz.f32 %f19, %f16, %f16, %f18;
    abs.f32 %f20, %f19;
    mov.b32 %f21, 0x34800000;
    setp.le.f32 %p22, %f20, %f21;
    mov.b32 %f23, 0x3f800000;
    rsqrt.approx.ftz.f32 %f24, %f19;
    mul.ftz.f32 %f25, %f16, %f24;
    min.ftz.f32 %f26, %f25, %f23;
    mov.b32 %f27, 0xbf800000;
    max.ftz.f32 %f28, %f26, %f27;
    selp.f32 %f29, %f23, %f28, %p22;
    mul.ftz.f32 %f30, %f9, %f15;
    neg.ftz.f32 %f31, %f30;
    fma.rn.ftz.f32 %f32, %f30, %f31, %f23;
    mov.b32 %f33, 0x0;
    max.ftz.f32 %f34, %f32, %f33;
    sqrt.approx.ftz.f32 %f35, %f34;
    div.approx.ftz.f32 %f36, %f35, %f30;
    rcp.approx.ftz.f32 %f37, %f36;
    abs.f32 %f38, %f37;
    setp.lt.f32 %p39, %f38, %f23;
    mul.ftz.f32 %f40, %f37, %f37;
    mul.ftz.f32 %f41, %f40, %f40;
    mul.ftz.f32 %f42, %f41, %f41;
    mul.ftz.f32 %f43, %f42, %f42;
    mov.b32 %f44, 0xb055d725;
    mov.b32 %f45, 0x326b8d88;
    fma.rn.ftz.f32 %f46, %f40, %f44, %f45;
    mov.b32 %f47, 0xb42e0393;
    mov.b32 %f48, 0x35dcbfea;
    fma.rn.ftz.f32 %f49, %f40, %f47, %f48;
    fma.rn.ftz.f32 %f50, %f41, %f46, %f49;
    mov.b32 %f51, 0xb77a6527;
    mov.b32 %f52, 0x38fcd15d;
    fma.rn.ftz.f32 %f53, %f40, %f51, %f52;
    mov.b32 %f54, 0xba6016d8;
    mov.b32 %f55, 0x3bab2de6;
    fma.rn.ftz.f32 %f56, %f40, %f54, %f55;
    fma.rn.ftz.f32 %f57, %f41, %f53, %f56;
    mov.b32 %f58, 0xbcdc1672;
    mov.b32 %f59, 0x3de71791;
    fma.rn.ftz.f32 %f60, %f40, %f58, %f59;
    mov.b32 %f61, 0xbec093a3;
    mov.b32 %f62, 0x3f906ebb;
    fma.rn.ftz.f32 %f63, %f40, %f61, %f62;
    fma.rn.ftz.f32 %f64, %f41, %f60, %f63;
    fma.rn.ftz.f32 %f65, %f42, %f57, %f64;
    fma.rn.ftz.f32 %f66, %f43, %f50, %f65;
    mul.ftz.f32 %f67, %f37, %f66;
    mul.ftz.f32 %f68, %f38, %f38;
    mul.ftz.f32 %f69, %f68, %f68;
    mov.b32 %f70, 0xb9cd1e1c;
    mov.b32 %f71, 0xbc327bfe;
    fma.rn.ftz.f32 %f72, %f38, %f70, %f71;
    mov.b32 %f73, 0xbdce6dbf;
    mov.b32 %f74, 0xbefd92d0;
    fma.rn.ftz.f32 %f75, %f38, %f73, %f74;
    fma.rn.ftz.f32 %f76, %f68, %f72, %f75;
    mov.b32 %f77, 0xbfbda45c;
    mov.b32 %f78, 0xc031cf5c;
    fma.rn.ftz.f32 %f79, %f38, %f77, %f78;
    mov.b32 %f80, 0xc045d94b;
    mov.b32 %f81, 0xbfd05f42;
    fma.rn.ftz.f32 %f82, %f38, %f80, %f81;
    fma.rn.ftz.f32 %f83, %f68, %f79, %f82;
    fma.rn.ftz.f32 %f84, %f69, %f76, %f83;
    mov.b32 %f85, 0xb001e898;
    mov.b32 %f86, 0x398e350d;
    fma.rn.ftz.f32 %f87, %f38, %f85, %f86;
    mov.b32 %f88, 0x3bf73fc8;
    mov.b32 %f89, 0x3d8c7442;
    fma.rn.ftz.f32 %f90, %f38, %f88, %f89;
    fma.rn.ftz.f32 %f91, %f68, %f87, %f90;
    mov.b32 %f92, 0x3ea34427;
    mov.b32 %f93, 0x3f5ccc80;
    fma.rn.ftz.f32 %f94, %f38, %f92, %f93;
    mov.b32 %f95, 0x3faadae8;
    fma.rn.ftz.f32 %f96, %f38, %f95, %f23;
    fma.rn.ftz.f32 %f97, %f68, %f94, %f96;
    fma.rn.ftz.f32 %f98, %f69, %f91, %f97;
    div.approx.ftz.f32 %f99, %f84, %f98;
    mul.ftz.f32 %f100, %f99, %f38;
    ex2.approx.ftz.f32 %f101, %f100;
    sub.ftz.f32 %f102, %f23, %f101;
    abs.f32 %f103, %f102;
    mov.b32 %f104, 0x7f800000;
    setp.lt.f32 %p105, %f103, %f104;
    selp.f32 %f106, %f102, %f23, %p105;
    abs.f32 %f107, %f106;
    mov.b32 %f108, 0x80000000;
    and.b32 %f109, %f108, %f37;
    or.b32 %f110, %f107, %f109;
    selp.f32 %f111, %f67, %f110, %p39;
    add.ftz.f32 %f112, %f111, %f23;
    ld.param.f32 %f113, [params+16];
    mov.b32 %f114, 0x3f7fffef;
    min.ftz.f32 %f115, %f113, %f114;
    mov.b32 %f116, 0x358637bd;
    max.ftz.f32 %f117, %f115, %f116;
    lg2.approx.ftz.f32 %f118, %f117;
    mov.b32 %f119, 0x3f317218;
    mul.ftz.f32 %f120, %f118, %f119;
    neg.ftz.f32 %f121, %f120;
    sqrt.approx.ftz.f32 %f122, %f121;
    abs.f32 %f123, %f122;
    setp.lt.f32 %p124, %f123, %f23;
    mul.ftz.f32 %f125, %f122, %f122;
    mul.ftz.f32 %f126, %f125, %f125;
    mul.ftz.f32 %f127, %f126, %f126;
    mul.ftz.f32 %f128, %f127, %f127;
    fma.rn.ftz.f32 %f129, %f125, %f44, %f45;
    fma.rn.ftz.f32 %f130, %f125, %f47, %f48;
    fma.rn.ftz.f32 %f131, %f126, %f129, %f130;
    fma.rn.ftz.f32 %f132, %f125, %f51, %f52;
    fma.rn.ftz.f32 %f133, %f125, %f54, %f55;
    fma.rn.ftz.f32 %f134, %f126, %f132, %f133;
    fma.rn.ftz.f32 %f135, %f125, %f58, %f59;
    fma.rn.ftz.f32 %f136, %f125, %f61, %f62;
    fma.rn.ftz.f32 %f137, %f126, %f135, %f136;
    fma.rn.ftz.f32 %f138, %f127, %f134, %f137;
    fma.rn.ftz.f32 %f139, %f128, %f131, %f138;
    mul.ftz.f32 %f140, %f122, %f139;
    mul.ftz.f32 %f141, %f123, %f123;
    mul.ftz.f32 %f142, %f141, %f141;
    fma.rn.ftz.f32 %f143, %f123, %f70, %f71;
    fma.rn.ftz.f32 %f144, %f123, %f73, %f74;
    fma.rn.ftz.f32 %f145, %f141, %f143, %f144;
    fma.rn.ftz.f32 %f146, %f123, %f77, %f78;
    fma.rn.ftz.f32 %f147, %f123, %f80, %f81;
    fma.rn.ftz.f32 %f148, %f141, %f146, %f147;
    fma.rn.ftz.f32 %f149, %f142, %f145, %f148;
    fma.rn.ftz.f32 %f150, %f123, %f85, %f86;
    fma.rn.ftz.f32 %f151, %f123, %f88, %f89;
    fma.rn.ftz.f32 %f152, %f141, %f150, %f151;
    fma.rn.ftz.f32 %f153, %f123, %f92, %f93;
    fma.rn.ftz.f32 %f154, %f123, %f95, %f23;
    fma.rn.ftz.f32 %f155, %f141, %f153, %f154;
    fma.rn.ftz.f32 %f156, %f142, %f152, %f155;
    div.approx.ftz.f32 %f157, %f149, %f156;
    mul.ftz.f32 %f158, %f157, %f123;
    ex2.approx.ftz.f32 %f159, %f158;
    sub.ftz.f32 %f160, %f23, %f159;
    abs.f32 %f161, %f160;
    setp.lt.f32 %p162, %f161, %f104;
    selp.f32 %f163, %f160, %f23, %p162;
    abs.f32 %f164, %f163;
    and.b32 %f165, %f108, %f122;
    or.b32 %f166, %f164, %f165;
    selp.f32 %f167, %f140, %f166, %p124;
    mul.ftz.f32 %f168, %f112, %f167;
    sub.ftz.f32 %f169, %f111, %f168;
    add.ftz.f32 %f170, %f23, %f169;
    mov.b32 %f171, 0x3f106ebb;
    mul.ftz.f32 %f172, %f171, %f36;
    mov.b32 %f173, 0x3fb8aa3b;
    sub.ftz.f32 %f174, %f23, %f169;
    mul.ftz.f32 %f175, %f174, %f170;
    lg2.approx.ftz.f32 %f176, %f175;
    mul.ftz.f32 %f177, %f176, %f119;
    neg.ftz.f32 %f178, %f177;
    mov.b32 %f179, 0x40a00000;
    setp.lt.f32 %p180, %f178, %f179;
    mov.b32 %f181, 0x40200000;
    sub.ftz.f32 %f182, %f178, %f181;
    mul.ftz.f32 %f183, %f182, %f182;
    mul.ftz.f32 %f184, %f183, %f183;
    mul.ftz.f32 %f185, %f184, %f184;
    mov.b32 %f186, 0x32f16588;
    mov.b32 %f187, 0x34b84b36;
    mov.b32 %f188, 0xb66c7357;
    fma.rn.ftz.f32 %f189, %f182, %f187, %f188;
    mov.b32 %f190, 0xb6935ac1;
    mov.b32 %f191, 0x396532db;
    fma.rn.ftz.f32 %f192, %f182, %f190, %f191;
    fma.rn.ftz.f32 %f193, %f183, %f189, %f192;
    mov.b32 %f194, 0xbaa45408;
    mov.b32 %f195, 0xbb88e4ef;
    fma.rn.ftz.f32 %f196, %f182, %f194, %f195;
    mov.b32 %f197, 0x3e7c8f63;
    mov.b32 %f198, 0x3fc02e2f;
    fma.rn.ftz.f32 %f199, %f182, %f197, %f198;
    fma.rn.ftz.f32 %f200, %f183, %f196, %f199;
    fma.rn.ftz.f32 %f201, %f184, %f193, %f200;
    fma.rn.ftz.f32 %f202, %f185, %f186, %f201;
    sqrt.approx.ftz.f32 %f203, %f178;
    mov.b32 %f204, 0x40400000;
    sub.ftz.f32 %f205, %f203, %f204;
    mul.ftz.f32 %f206, %f205, %f205;
    mul.ftz.f32 %f207, %f206, %f206;
    mul.ftz.f32 %f208, %f207, %f207;
    mov.b32 %f209, 0xb951f09b;
    mov.b32 %f210, 0x38d3b56b;
    mov.b32 %f211, 0x3ab0dc72;
    fma.rn.ftz.f32 %f212, %f205, %f210, %f211;
    mov.b32 %f213, 0xbb70bde7;
    mov.b32 %f214, 0x3bbc127b;
    fma.rn.ftz.f32 %f215, %f205, %f213, %f214;
    fma.rn.ftz.f32 %f216, %f206, %f212, %f215;
    mov.b32 %f217, 0xbbf9c5d7;
    mov.b32 %f218, 0x3c1aa57e;
    fma.rn.ftz.f32 %f219, %f205, %f217, %f218;
    mov.b32 %f220, 0x3f8036db;
    mov.b32 %f221, 0x40354f7e;
    fma.rn.ftz.f32 %f222, %f205, %f220, %f221;
    fma.rn.ftz.f32 %f223, %f206, %f219, %f222;
    fma.rn.ftz.f32 %f224, %f207, %f216, %f223;
    fma.rn.ftz.f32 %f225, %f208, %f209, %f224;
    selp.f32 %f226, %f202, %f225, %p180;
    mul.ftz.f32 %f227, %f226, %f169;
    mul.ftz.f32 %f228, %f227, %f227;
    neg.ftz.f32 %f229, %f228;
    mul.ftz.f32 %f230, %f173, %f229;
    ex2.approx.ftz.f32 %f231, %f230;
    mul.ftz.f32 %f232, %f172, %f231;
    add.ftz.f32 %f233, %f170, %f232;
    add.ftz.f32 %f234, %f23, %f111;
    neg.ftz.f32 %f235, %f40;
    mul.ftz.f32 %f236, %f173, %f235;
    ex2.approx.ftz.f32 %f237, %f236;
    mul.ftz.f32 %f238, %f172, %f237;
    add.ftz.f32 %f239, %f234, %f238;
    mul.ftz.f32 %f240, %f117, %f239;
    sub.ftz.f32 %f241, %f233, %f240;
    mul.ftz.f32 %f242, %f227, %f36;
    sub.ftz.f32 %f243, %f23, %f242;
    div.approx.ftz.f32 %f244, %f241, %f243;
    sub.ftz.f32 %f245, %f169, %f244;
    add.ftz.f32 %f246, %f23, %f245;
    sub.ftz.f32 %f247, %f23, %f245;
    mul.ftz.f32 %f248, %f247, %f246;
    lg2.approx.ftz.f32 %f249, %f248;
    mul.ftz.f32 %f250, %f249, %f119;
    neg.ftz.f32 %f251, %f250;
    setp.lt.f32 %p252, %f251, %f179;
    sub.ftz.f32 %f253, %f251, %f181;
    mul.ftz.f32 %f254, %f253, %f253;
    mul.ftz.f32 %f255, %f254, %f254;
    mul.ftz.f32 %f256, %f255, %f255;
    fma.rn.ftz.f32 %f257, %f253, %f187, %f188;
    fma.rn.ftz.f32 %f258, %f253, %f190, %f191;
    fma.rn.ftz.f32 %f259, %f254, %f257, %f258;
    fma.rn.ftz.f32 %f260, %f253, %f194, %f195;
    fma.rn.ftz.f32 %f261, %f253, %f197, %f198;
    fma.rn.ftz.f32 %f262, %f254, %f260, %f261;
    fma.rn.ftz.f32 %f263, %f255, %f259, %f262;
    fma.rn.ftz.f32 %f264, %f256, %f186, %f263;
    sqrt.approx.ftz.f32 %f265, %f251;
    sub.ftz.f32 %f266, %f265, %f204;
    mul.ftz.f32 %f267, %f266, %f266;
    mul.ftz.f32 %f268, %f267, %f267;
    mul.ftz.f32 %f269, %f268, %f268;
    fma.rn.ftz.f32 %f270, %f266, %f210, %f211;
    fma.rn.ftz.f32 %f271, %f266, %f213, %f214;
    fma.rn.ftz.f32 %f272, %f267, %f270, %f271;
    fma.rn.ftz.f32 %f273, %f266, %f217, %f218;
    fma.rn.ftz.f32 %f274, %f266, %f220, %f221;
    fma.rn.ftz.f32 %f275, %f267, %f273, %f274;
    fma.rn.ftz.f32 %f276, %f268, %f272, %f275;
    fma.rn.ftz.f32 %f277, %f269, %f209, %f276;
    selp.f32 %f278, %f264, %f277, %p252;
    mul.ftz.f32 %f279, %f278, %f245;
    mul.ftz.f32 %f280, %f279, %f279;
    neg.ftz.f32 %f281, %f280;
    mul.ftz.f32 %f282, %f173, %f281;
    ex2.approx.ftz.f32 %f283, %f282;
    mul.ftz.f32 %f284, %f172, %f283;
    add.ftz.f32 %f285, %f246, %f284;
    sub.ftz.f32 %f286, %f285, %f240;
    mul.ftz.f32 %f287, %f279, %f36;
    sub.ftz.f32 %f288, %f23, %f287;
    div.approx.ftz.f32 %f289, %f286, %f288;
    sub.ftz.f32 %f290, %f245, %f289;
    add.ftz.f32 %f291, %f23, %f290;
    sub.ftz.f32 %f292, %f23, %f290;
    mul.ftz.f32 %f293, %f292, %f291;
    lg2.approx.ftz.f32 %f294, %f293;
    mul.ftz.f32 %f295, %f294, %f119;
    neg.ftz.f32 %f296, %f295;
    setp.lt.f32 %p297, %f296, %f179;
    sub.ftz.f32 %f298, %f296, %f181;
    mul.ftz.f32 %f299, %f298, %f298;
    mul.ftz.f32 %f300, %f299, %f299;
    mul.ftz.f32 %f301, %f300, %f300;
    fma.rn.ftz.f32 %f302, %f298, %f187, %f188;
    fma.rn.ftz.f32 %f303, %f298, %f190, %f191;
    fma.rn.ftz.f32 %f304, %f299, %f302, %f303;
    fma.rn.ftz.f32 %f305, %f298, %f194, %f195;
    fma.rn.ftz.f32 %f306, %f298, %f197, %f198;
    fma.rn.ftz.f32 %f307, %f299, %f305, %f306;
    fma.rn.ftz.f32 %f308, %f300, %f304, %f307;
    fma.rn.ftz.f32 %f309, %f301, %f186, %f308;
    sqrt.approx.ftz.f32 %f310, %f296;
    sub.ftz.f32 %f311, %f310, %f204;
    mul.ftz.f32 %f312, %f311, %f311;
    mul.ftz.f32 %f313, %f312, %f312;
    mul.ftz.f32 %f314, %f313, %f313;
    fma.rn.ftz.f32 %f315, %f311, %f210, %f211;
    fma.rn.ftz.f32 %f316, %f311, %f213, %f214;
    fma.rn.ftz.f32 %f317, %f312, %f315, %f316;
    fma.rn.ftz.f32 %f318, %f311, %f217, %f218;
    fma.rn.ftz.f32 %f319, %f311, %f220, %f221;
    fma.rn.ftz.f32 %f320, %f312, %f318, %f319;
    fma.rn.ftz.f32 %f321, %f313, %f317, %f320;
    fma.rn.ftz.f32 %f322, %f314, %f209, %f321;
    selp.f32 %f323, %f309, %f322, %p297;
    mul.ftz.f32 %f324, %f323, %f290;
    mul.ftz.f32 %f325, %f324, %f324;
    neg.ftz.f32 %f326, %f325;
    mul.ftz.f32 %f327, %f173, %f326;
    ex2.approx.ftz.f32 %f328, %f327;
    mul.ftz.f32 %f329, %f172, %f328;
    add.ftz.f32 %f330, %f291, %f329;
    sub.ftz.f32 %f331, %f330, %f240;
    mul.ftz.f32 %f332, %f324, %f36;
    sub.ftz.f32 %f333, %f23, %f332;
    div.approx.ftz.f32 %f334, %f331, %f333;
    sub.ftz.f32 %f335, %f290, %f334;
    sub.ftz.f32 %f336, %f23, %f335;
    add.ftz.f32 %f337, %f23, %f335;
    mul.ftz.f32 %f338, %f336, %f337;
    lg2.approx.ftz.f32 %f339, %f338;
    mul.ftz.f32 %f340, %f339, %f119;
    neg.ftz.f32 %f341, %f340;
    setp.lt.f32 %p342, %f341, %f179;
    sub.ftz.f32 %f343, %f341, %f181;
    mul.ftz.f32 %f344, %f343, %f343;
    mul.ftz.f32 %f345, %f344, %f344;
    mul.ftz.f32 %f346, %f345, %f345;
    fma.rn.ftz.f32 %f347, %f343, %f187, %f188;
    fma.rn.ftz.f32 %f348, %f343, %f190, %f191;
    fma.rn.ftz.f32 %f349, %f344, %f347, %f348;
    fma.rn.ftz.f32 %f350, %f343, %f194, %f195;
    fma.rn.ftz.f32 %f351, %f343, %f197, %f198;
    fma.rn.ftz.f32 %f352, %f344, %f350, %f351;
    fma.rn.ftz.f32 %f353, %f345, %f349, %f352;
    fma.rn.ftz.f32 %f354, %f346, %f186, %f353;
    sqrt.approx.ftz.f32 %f355, %f341;
    sub.ftz.f32 %f356, %f355, %f204;
    mul.ftz.f32 %f357, %f356, %f356;
    mul.ftz.f32 %f358, %f357, %f357;
    mul.ftz.f32 %f359, %f358, %f358;
    fma.rn.ftz.f32 %f360, %f356, %f210, %f211;
    fma.rn.ftz.f32 %f361, %f356, %f213, %f214;
    fma.rn.ftz.f32 %f362, %f357, %f360, %f361;
    fma.rn.ftz.f32 %f363, %f356, %f217, %f218;
    fma.rn.ftz.f32 %f364, %f356, %f220, %f221;
    fma.rn.ftz.f32 %f365, %f357, %f363, %f364;
    fma.rn.ftz.f32 %f366, %f358, %f362, %f365;
    fma.rn.ftz.f32 %f367, %f359, %f209, %f366;
    selp.f32 %f368, %f354, %f367, %p342;
    mul.ftz.f32 %f369, %f368, %f335;
    mul.ftz.f32 %f370, %f17, %f24;
    min.ftz.f32 %f371, %f370, %f23;
    max.ftz.f32 %f372, %f371, %f27;
    selp.f32 %f373, %f33, %f372, %p22;
    mov.b32 %f374, 0x40000000;
    ld.param.f32 %f375, [params+20];
    min.ftz.f32 %f376, %f375, %f114;
    max.ftz.f32 %f377, %f376, %f116;
    fma.rn.ftz.f32 %f378, %f374, %f377, %f27;
    sub.ftz.f32 %f379, %f23, %f378;
    add.ftz.f32 %f380, %f23, %f378;
    mul.ftz.f32 %f381, %f379, %f380;
    lg2.approx.ftz.f32 %f382, %f381;
    mul.ftz.f32 %f383, %f382, %f119;
    neg.ftz.f32 %f384, %f383;
    setp.lt.f32 %p385, %f384, %f179;
    sub.ftz.f32 %f386, %f384, %f181;
    mul.ftz.f32 %f387, %f386, %f386;
    mul.ftz.f32 %f388, %f387, %f387;
    mul.ftz.f32 %f389, %f388, %f388;
    fma.rn.ftz.f32 %f390, %f386, %f187, %f188;
    fma.rn.ftz.f32 %f391, %f386, %f190, %f191;
    fma.rn.ftz.f32 %f392, %f387, %f390, %f391;
    fma.rn.ftz.f32 %f393, %f386, %f194, %f195;
    fma.rn.ftz.f32 %f394, %f386, %f197, %f198;
    fma.rn.ftz.f32 %f395, %f387, %f393, %f394;
    fma.rn.ftz.f32 %f396, %f388, %f392, %f395;
    fma.rn.ftz.f32 %f397, %f389, %f186, %f396;
    sqrt.approx.ftz.f32 %f398, %f384;
    sub.ftz.f32 %f399, %f398, %f204;
    mul.ftz.f32 %f400, %f399, %f399;
    mul.ftz.f32 %f401, %f400, %f400;
    mul.ftz.f32 %f402, %f401, %f401;
    fma.rn.ftz.f32 %f403, %f399, %f210, %f211;
    fma.rn.ftz.f32 %f404, %f399, %f213, %f214;
    fma.rn.ftz.f32 %f405, %f400, %f403, %f404;
    fma.rn.ftz.f32 %f406, %f399, %f217, %f218;
    fma.rn.ftz.f32 %f407, %f399, %f220, %f221;
    fma.rn.ftz.f32 %f408, %f400, %f406, %f407;
    fma.rn.ftz.f32 %f409, %f401, %f405, %f408;
    fma.rn.ftz.f32 %f410, %f402, %f209, %f409;
    selp.f32 %f411, %f397, %f410, %p385;
    mul.ftz.f32 %f412, %f411, %f378;
    mul.ftz.f32 %f413, %f373, %f412;
    neg.ftz.f32 %f414, %f413;
    fma.rn.ftz.f32 %f415, %f29, %f369, %f414;
    mul.ftz.f32 %f416, %f415, %f6;
    neg.ftz.f32 %f417, %f416;
    mul.ftz.f32 %f418, %f29, %f412;
    fma.rn.ftz.f32 %f419, %f373, %f369, %f418;
    mul.ftz.f32 %f420, %f419, %f6;
    neg.ftz.f32 %f421, %f420;
    mul.ftz.f32 %f422, %f417, %f417;
    fma.rn.ftz.f32 %f423, %f421, %f421, %f422;
    add.ftz.f32 %f424, %f23, %f423;
    rsqrt.approx.ftz.f32 %f425, %f424;
    mul.ftz.f32 %f426, %f417, %f425;
    mul.ftz.f32 %f427, %f421, %f425;
    mul.ftz.f32 %f428, %f7, %f426;
    fma.rn.ftz.f32 %f429, %f10, %f427, %f428;
    fma.rn.ftz.f32 %f430, %f9, %f425, %f429;
    mul.ftz.f32 %f431, %f374, %f430;
    neg.ftz.f32 %f432, %f7;
    fma.rn.ftz.f32 %f433, %f426, %f431, %f432;
    neg.ftz.f32 %f434, %f10;
    fma.rn.ftz.f32 %f435, %f427, %f431, %f434;
    neg.ftz.f32 %f436, %f9;
    fma.rn.ftz.f32 %f437, %f425, %f431, %f436;
    st.param.f32 [result+0], %f433;
    st.param.f32 [result+4], %f435;
    st.param.f32 [result+8], %f437;
    ret;
}

.visible .func (.param .align 4 .b8 result[84]) __direct_callable__b51fdf1c2d33b3ba4d4178a8a31b575b(.reg .u32 self, .reg .u64 data, .param .align 4 .b8 params[40]) {
    // VCall: mitsuba::Shape::compute_surface_interaction()
    .reg.b8   %b <177>; .reg.b16 %w<177>; .reg.b32 %r<177>;
    .reg.b64  %rd<177>; .reg.f32 %f<177>; .reg.f64 %d<177>;
    .reg.pred %p <177>;

    ld.param.f32 %f4, [params+24];
    ld.global.u64 %rd5, [data+16];
    ld.global.u64 %rd6, [data+8];
    ld.param.u32 %r7, [params+36];
    mov.b32 %r8, 0x3;
    mul.lo.u32 %r9, %r7, %r8;
    mov.b32 %r10, 0x1;
    add.u32 %r11, %r9, %r10;
    mov.pred %p12, 0x1;
    mad.wide.u32 %rd3, %r11, 4, %rd6;
    ld.global.nc.u32 %r13, [%rd3];
    shl.b32 %r14, %r13, %r10;
    mad.wide.u32 %rd3, %r14, 4, %rd5;
    ld.global.nc.f32 %f15, [%rd3];
    mad.wide.u32 %rd3, %r9, 4, %rd6;
    ld.global.nc.u32 %r16, [%rd3];
    shl.b32 %r17, %r16, %r10;
    mad.wide.u32 %rd3, %r17, 4, %rd5;
    ld.global.nc.f32 %f18, [%rd3];
    sub.ftz.f32 %f19, %f15, %f18;
    mov.b32 %r20, 0x2;
    add.u32 %r21, %r9, %r20;
    mad.wide.u32 %rd3, %r21, 4, %rd6;
    ld.global.nc.u32 %r22, [%rd3];
    shl.b32 %r23, %r22, %r10;
    add.u32 %r24, %r23, %r10;
    mad.wide.u32 %rd3, %r24, 4, %rd5;
    ld.global.nc.f32 %f25, [v.b32 %f120, 0x40490fdb;
    mul.ftz.f32 %f121, %f15, %f15;
    mul.ftz.f32 %f122, %f120, %f121;
    div.approx.ftz.f32 %f123, %f108, %f15;
    mul.ftz.f32 %f124, %f123, %f123;
    div.approx.ftz.f32 %f125, %f109, %f15;
    mul.ftz.f32 %f126, %f125, %f125;
    add.ftz.f32 %f127, %f124, %f126;
    mul.ftz.f32 %f128, %f107, %f107;
    add.ftz.f32 %f129, %f127, %f128;
    mul.ftz.f32 %f130, %f129, %f129;
    mul.ftz.f32 %f131, %f122, %f130;
    rcp.approx.ftz.f32 %f132, %f131;
    mul.ftz.f32 %f133, %f132, %f107;
    mov.b32 %f134, 0x1e3ce508;
    setp.gt.f32 %p135, %f133, %f134;
    selp.f32 %f136, %f132, %f49, %p135;
    mul.ftz.f32 %f137, %f112, %f18;
    setp.le.f32 %p138, %f137, %f49;
    mul.ftz.f32 %f139, %f20, %f20;
    add.ftz.f32 %f140, %f21, %f139;
    setp.eq.f32 %p141, %f140, %f49;
    mul.ftz.f32 %f142, %f18, %f18;
    div.approx.ftz.f32 %f143, %f140, %f142;
    add.ftz.f32 %f144, %f32, %f143;
    sqrt.approx.ftz.f32 %f145, %f144;
    add.ftz.f32 %f146, %f32, %f145;
    div.approx.ftz.f32 %f147, %f40, %f146;
    selp.f32 %f148, %f32, %f147, %p141;
    selp.f32 %f149, %f49, %f148, %p138;
    mul.ftz.f32 %f150, %f136, %f149;
    abs.f32 %f151, %f112;
    mul.ftz.f32 %f152, %f150, %f151;
    div.approx.ftz.f32 %f153, %f152, %f18;
    mov.b32 %f154, 0x40800000;
    mul.ftz.f32 %f155, %f115, %f108;
    fma.rn.ftz.f32 %f156, %f117, %f109, %f155;
    fma.rn.ftz.f32 %f157, %f119, %f107, %f156;
    mul.ftz.f32 %f158, %f154, %f157;
    div.approx.ftz.f32 %f159, %f153, %f158;
    mov.b32 %r160, 0x8;
    mov.b32 %r161, 0x0;
    mul.ftz.f32 %f162, %f4, %f4;
    mul.ftz.f32 %f163, %f5, %f5;
    sub.ftz.f32 %f164, %f162, %f163;
    mul.ftz.f32 %f165, %f112, %f112;
    sub.ftz.f32 %f166, %f32, %f165;
    sub.ftz.f32 %f167, %f164, %f166;
    mul.ftz.f32 %f168, %f167, %f167;
    mul.ftz.f32 %f169, %f154, %f5;
    mul.ftz.f32 %f170, %f169, %f5;
    mul.ftz.f32 %f171, %f170, %f4;
    mul.ftz.f32 %f172, %f171, %f4;
    add.ftz.f32 %f173, %f168, %f172;
    max.ftz.f32 %f174, %f173, %f49;
    sqrt.approx.ftz.f32 %f175, %f174;
    add.ftz.f32 %f176, %f175, %f165;
    add.ftz.f32 %f177, %f175, %f167;
    mul.ftz.f32 %f178, %f63, %f177;
    max.ftz.f32 %f179, %f178, %f49;
    sqrt.approx.ftz.f32 %f180, %f179;
    mul.ftz.f32 %f181, %f113, %f180;
    sub.ftz.f32 %f182, %f176, %f181;
    add.ftz.f32 %f183, %f176, %f181;
    div.approx.ftz.f32 %f184, %f182, %f183;
    mul.ftz.f32 %f185, %f175, %f165;
    mul.ftz.f32 %f186, %f166, %f166;
    add.ftz.f32 %f187, %f185, %f186;
    mul.ftz.f32 %f188, %f181, %f166;
    sub.ftz.f32 %f189, %f187, %f188;
    mul.ftz.f32 %f190, %f184, %f189;
    add.ftz.f32 %f191, %f187, %f188;
    div.approx.ftz.f32 %f192, %f190, %f191;
    add.ftz.f32 %f193, %f184, %f192;
    mul.ftz.f32 %f194, %f63, %f193;
    mul.ftz.f32 %f195, %f157, %f119;
    setp.le.f32 %p196, %f195, %f49;
    mul.ftz.f32 %f197, %f15, %f115;
    mul.ftz.f32 %f198, %f197, %f197;
    mul.ftz.f32 %f199, %f15, %f117;
    mul.ftz.f32 %f200, %f199, %f199;
    add.ftz.f32 %f201, %f198, %f200;
    setp.eq.f32 %p202, %f201, %f49;
    mul.ftz.f32 %f203, %f119, %f119;
    div.approx.ftz.f32 %f204, %f201, %f203;
    add.ftz.f32 %f205, %f32, %f204;
    sqrt.approx.ftz.f32 %f206, %f205;
    add.ftz.f32 %f207, %f32, %f206;
    div.approx.ftz.f32 %f208, %f40, %f207;
    selp.f32 %f209, %f32, %f208, %p202;
    selp.f32 %f210, %f49, %f209, %p196;
    mul.ftz.f32 %f211, %f210, %f6;
    mul.ftz.f32 %f212, %f194, %f211;
    setp.gt.f32 %p213, %f18, %f49;
    setp.ne.f32 %p214, %f153, %f49;
    setp.gt.f32 %p215, %f119, %f49;
    and.pred %p216, %p214, %p215;
    and.pred %p217, %p213, %p216;
    selp.b32 %f218, %f212, 0, %p217;
    mul.ftz.f32 %f219, %f7, %f7;
    mul.ftz.f32 %f220, %f8, %f8;
    sub.ftz.f32 %f221, %f219, %f220;
    sub.ftz.f32 %f222, %f221, %f166;
    mul.ftz.f32 %f223, %f222, %f222;
    mul.ftz.f32 %f224, %f154, %f8;
    mul.ftz.f32 %f225, %f224, %f8;
    mul.ftz.f32 %f226, %f225, %f7;
    mul.ftz.f32 %f227, %f226, %f7;
    add.ftz.f32 %f228, %f223, %f227;
    max.ftz.f32 %f229, %f228, %f49;
    sqrt.approx.ftz.f32 %f230, %f229;
    add.ftz.f32 %f231, %f230, %f165;
    add.ftz.f32 %f232, %f230, %f222;
    mul.ftz.f32 %f233, %f63, %f232;
    max.ftz.f32 %f234, %f233, %f49;
    sqrt.approx.ftz.f32 %f235, %f234;
    mul.ftz.f32 %f236, %f113, %f235;
    sub.ftz.f32 %f237, %f231, %f236;
    add.ftz.f32 %f238, %f231, %f236;
    div.approx.ftz.f32 %f239, %f237, %f238;
    mul.ftz.f32 %f240, %f230, %f165;
    add.ftz.f32 %f241, %f240, %f186;
    mul.ftz.f32 %f242, %f236, %f166;
    sub.ftz.f32 %f243, %f241, %f242;
    mul.ftz.f32 %f244, %f239, %f243;
    add.ftz.f32 %f245, %f241, %f242;
    div.approx.ftz.f32 %f246, %f244, %f245;
    add.ftz.f32 %f247, %f239, %f246;
    mul.ftz.f32 %f248, %f63, %f247;
    mul.ftz.f32 %f249, %f210, %f9;
    mul.ftz.f32 %f250, %f248, %f249;
    selp.b32 %f251, %f250, 0, %p217;
    mul.ftz.f32 %f252, %f10, %f10;
    mul.ftz.f32 %f253, %f11, %f11;
    sub.ftz.f32 %f254, %f252, %f253;
    sub.ftz.f32 %f255, %f254, %f166;
    mul.ftz.f32 %f256, %f255, %f255;
    mul.ftz.f32 %f257, %f154, %f11;
    mul.ftz.f32 %f258, %f257, %f11;
    mul.ftz.f32 %f259, %f258, %f10;
    mul.ftz.f32 %f260, %f259, %f10;
    add.ftz.f32 %f261, %f256, %f260;
    max.ftz.f32 %f262, %f261, %f49;
    sqrt.approx.ftz.f32 %f263, %f262;
    add.ftz.f32 %f264, %f263, %f165;
    add.ftz.f32 %f265, %f263, %f255;
    mul.ftz.f32 %f266, %f63, %f265;
    max.ftz.f32 %f267, %f266, %f49;
    sqrt.approx.ftz.f32 %f268, %f267;
    mul.ftz.f32 %f269, %f113, %f268;
    sub.ftz.f32 %f270, %f264, %f269;
    add.ftz.f32 %f271, %f264, %f269;
    div.approx.ftz.f32 %f272, %f270, %f271;
    mul.ftz.f32 %f273, %f263, %f165;
    add.ftz.f32 %f274, %f273, %f186;
    mul.ftz.f32 %f275, %f269, %f166;
    sub.ftz.f32 %f276, %f274, %f275;
    mul.ftz.f32 %f277, %f272, %f276;
    add.ftz.f32 %f278, %f274, %f275;
    div.approx.ftz.f32 %f279, %f277, %f278;
    add.ftz.f32 %f280, %f272, %f279;
    mul.ftz.f32 %f281, %f63, %f280;
    mul.ftz.f32 %f282, %f210, %f12;
    mul.ftz.f32 %f283, %f281, %f282;
    selp.b32 %f284, %f283, 0, %p217;
    st.param.f32 [result+0], %f115;
    st.param.f32 [result+4], %f117;
    st.param.f32 [result+8], %f119;
    st.param.f32 [result+12], %f159;
    st.param.f32 [result+16], %f32;
    st.param.u32 [result+20], %r160;
    st.param.u32 [result+24], %r161;
    st.param.f32 [result+28], %f218;
    st.param.f32 [result+32], %f251;
    st.param.f32 [result+36], %f284;
    ret;
}

.visible .func (.param .align 4 .b8 result[12]) __direct_callable__76deb0265f0727ddec6574c390d22e42(.reg .u64 data, .param .align 4 .b8 params[24]) {
    // VCall: mitsuba::BSDF::sample()
    .reg.b8   %b <111>; .reg.b16 %w<111>; .reg.b32 %r<111>;
    .reg.b64  %rd<111>; .reg.f32 %f<111>; .reg.f64 %d<111>;
    .reg.pred %p <111>;

    ld.global.f32 %f4, [data+0];
    mov.b32 %f5, 0x38d1b717;
    max.ftz.f32 %f6, %f4, %f5;
    ld.param.f32 %f7, [params+0];
    mul.ftz.f32 %f8, %f6, %f7;
    ld.param.f32 %f9, [params+8];
    ld.param.f32 %f10, [params+4];
    mul.ftz.f32 %f11, %f6, %f10;
    mul.ftz.f32 %f12, %f8, %f8;
    fma.rn.ftz.f32 %f13, %f11, %f11, %f12;
    fma.rn.ftz.f32 %f14, %f9, %f9, %f13;
    rsqrt.approx.ftz.f32 %f15, %f14;
    mul.ftz.f32 %f16, %f8, %f15;
    mul.ftz.f32 %f17, %f11, %f15;
    mul.ftz.f32 %f18, %f17, %f17;
    fma.rn.ftz.f32 %f19, %f16, %f16, %f18;
    abs.f32 %f20, %f19;
    mov.b32 %f21, 0x34800000;
    setp.le.f32 %p22, %f20, %f21;
    mov.b32 %f23, 0x3f800000;
    rsqrt.approx.ftz.f32 %f24, %f19;
    mul.ftz.f32 %f25, %f16, %f24;
    min.ftz.f32 %f26, %f25, %f23;
    mov.b32 %f27, 0xbf800000;
    max.ftz.f32 %f28, %f26, %f27;
    selp.f32 %f29, %f23, %f28, %p22;
    mul.ftz.f32 %f30, %f9, %f15;
    mov.b32 %f31, 0x40000000;
    ld.param.f32 %f32, [params+16];
    fma.rn.ftz.f32 %f33, %f31, %f32, %f27;
    abs.f32 %f34, %f33;
    ld.param.f32 %f35, [params+20];
    fma.rn.ftz.f32 %f36, %f31, %f35, %f27;
    abs.f32 %f37, %f36;
    setp.lt.f32 %p38, %f34, %f37;
    selp.f32 %f39, %f36, %f33, %p38;
    mov.b32 %f40, 0x0;
    setp.eq.f32 %p41, %f33, %f40;
    setp.eq.f32 %p42, %f36, %f40;
    and.pred %p43, %p41, %p42;
    mov.b32 %f44, 0x3fc90fdb;
    mov.b32 %fz.f32 %f556, %f32, %f555;
    mul.ftz.f32 %f557, %f486, %f552;
    add.ftz.f32 %f558, %f556, %f557;
    div.approx.ftz.f32 %f559, %f554, %f558;
    selp.f32 %f560, %f32, %f559, %p550;
    selp.f32 %f561, %f32, %f560, %p546;
    selp.f32 %f562, %f42, %f561, %p540;
    mul.ftz.f32 %f563, %f562, %f6;
    mul.ftz.f32 %f564, %f538, %f563;
    setp.gt.f32 %p565, %f18, %f42;
    setp.ne.f32 %p566, %f496, %f42;
    setp.gt.f32 %p567, %f446, %f42;
    and.pred %p568, %p566, %p567;
    and.pred %p569, %p565, %p568;
    selp.b32 %f570, %f564, 0, %p569;
    mul.ftz.f32 %f571, %f7, %f7;
    mul.ftz.f32 %f572, %f8, %f8;
    sub.ftz.f32 %f573, %f571, %f572;
    sub.ftz.f32 %f574, %f573, %f510;
    mul.ftz.f32 %f575, %f574, %f574;
    mul.ftz.f32 %f576, %f497, %f8;
    mul.ftz.f32 %f577, %f576, %f8;
    mul.ftz.f32 %f578, %f577, %f7;
    mul.ftz.f32 %f579, %f578, %f7;
    add.ftz.f32 %f580, %f575, %f579;
    max.ftz.f32 %f581, %f580, %f42;
    sqrt.approx.ftz.f32 %f582, %f581;
    add.ftz.f32 %f583, %f582, %f509;
    add.ftz.f32 %f584, %f582, %f574;
    mul.ftz.f32 %f585, %f505, %f584;
    max.ftz.f32 %f586, %f585, %f42;
    sqrt.approx.ftz.f32 %f587, %f586;
    mul.ftz.f32 %f588, %f440, %f587;
    sub.ftz.f32 %f589, %f583, %f588;
    add.ftz.f32 %f590, %f583, %f588;
    div.approx.ftz.f32 %f591, %f589, %f590;
    mul.ftz.f32 %f592, %f582, %f509;
    add.ftz.f32 %f593, %f592, %f530;
    mul.ftz.f32 %f594, %f588, %f510;
    sub.ftz.f32 %f595, %f593, %f594;
    mul.ftz.f32 %f596, %f591, %f595;
    add.ftz.f32 %f597, %f593, %f594;
    div.approx.ftz.f32 %f598, %f596, %f597;
    add.ftz.f32 %f599, %f591, %f598;
    mul.ftz.f32 %f600, %f505, %f599;
    mul.ftz.f32 %f601, %f562, %f9;
    mul.ftz.f32 %f602, %f600, %f601;
    selp.b32 %f603, %f602, 0, %p569;
    mul.ftz.f32 %f604, %f10, %f10;
    mul.ftz.f32 %f605, %f11, %f11;
    sub.ftz.f32 %f606, %f604, %f605;
    sub.ftz.f32 %f607, %f606, %f510;
    mul.ftz.f32 %f608, %f607, %f607;
    mul.ftz.f32 %f609, %f497, %f11;
    mul.ftz.f32 %f610, %f609, %f11;
    mul.ftz.f32 %f611, %f610, %f10;
    mul.ftz.f32 %f612, %f611, %f10;
    add.ftz.f32 %f613, %f608, %f612;
    max.ftz.f32 %f614, %f613, %f42;
    sqrt.approx.ftz.f32 %f615, %f614;
    add.ftz.f32 %f616, %f615, %f509;
    add.ftz.f32 %f617, %f615, %f607;
    mul.ftz.f32 %f618, %f505, %f617;
    max.ftz.f32 %f619, %f618, %f42;
    sqrt.approx.ftz.f32 %f620, %f619;
    mul.ftz.f32 %f621, %f440, %f620;
    sub.ftz.f32 %f622, %f616, %f621;
    add.ftz.f32 %f623, %f616, %f621;
    div.approx.ftz.f32 %f624, %f622, %f623;
    mul.ftz.f32 %f625, %f615, %f509;
    add.ftz.f32 %f626, %f625, %f530;
    mul.ftz.f32 %f627, %f621, %f510;
    sub.ftz.f32 %f628, %f626, %f627;
    mul.ftz.f32 %f629, %f624, %f628;
    add.ftz.f32 %f630, %f626, %f627;
    div.approx.ftz.f32 %f631, %f629, %f630;
    add.ftz.f32 %f632, %f624, %f631;
    mul.ftz.f32 %f633, %f505, %f632;
    mul.ftz.f32 %f634, %f562, %f12;
    mul.ftz.f32 %f635, %f633, %f634;
    selp.b32 %f636, %f635, 0, %p569;
    st.param.f32 [result+0], %f442;
    st.param.f32 [result+4], %f444;
    st.param.f32 [result+8], %f446;
    st.param.f32 [result+12], %f502;
    st.param.f32 [result+16], %f32;
    st.param.u32 [result+20], %r503;
    st.param.u32 [result+24], %r504;
    st.param.f32 [result+28], %f570;
    st.param.f32 [result+32], %f603;
    st.param.f32 [result+36], %f636;
    ret;
}

.visible .func (.param .align 4 .b8 result[84]) __direct_callable__4516cd2ab718f9aa896604bb79d9548b(.reg .u32 self, .reg .u64 data, .param .align 4 .b8 params[40]) {
    // VCall: mitsuba::Shape::compute_surface_interaction()
    .reg.b8   %b <45>; .reg.b16 %w<45>; .reg.b32 %r<45>;
    .reg.b64  %rd<45>; .reg.f32 %f<45>; .reg.f64 %d<45>;
    .reg.pred %p <45>;

    ld.global.f32 %f4, [data+44];
    ld.global.f32 %f5, [data+0];
    ld.global.f32 %f6, [data+4];
    ld.global.f32 %f7, [data+8];
    ld.global.f32 %f8, [data+12];
    ld.global.f32 %f9, [data+16];
    ld.global.f32 %f10, [data+20];
    ld.global.f32 %f11, [data+40];
    ld.global.f32 %f12, [data+36];
    ld.global.f32 %f13, [data+32];
    ld.global.f32 %f1445, 0x3f490fdb;
    selp.f32 %f46, %f33, %f36, %p38;
    mul.ftz.f32 %f47, %f45, %f46;
    div.approx.ftz.f32 %f48, %f47, %f39;
    sub.ftz.f32 %f49, %f44, %f48;
    selp.f32 %f50, %f49, %f48, %p38;
    selp.f32 %f51, %f40, %f50, %p43;
    sin.approx.ftz.f32 %f52, %f51;
    mul.ftz.f32 %f53, %f39, %f52;
    mov.b32 %f54, 0x3f000000;
    add.ftz.f32 %f55, %f23, %f30;
    mul.ftz.f32 %f56, %f54, %f55;
    cos.approx.ftz.f32 %f57, %f51;
    mul.ftz.f32 %f58, %f39, %f57;
    mul.ftz.f32 %f59, %f58, %f58;
    sub.ftz.f32 %f60, %f23, %f59;
    max.ftz.f32 %f61, %f60, %f40;
    sqrt.approx.ftz.f32 %f62, %f61;
    neg.ftz.f32 %f63, %f56;
    fma.rn.ftz.f32 %f64, %f62, %f63, %f62;
    fma.rn.ftz.f32 %f65, %f53, %f56, %f64;
    mul.ftz.f32 %f66, %f30, %f30;
    sub.ftz.f32 %f67, %f23, %f66;
    max.ftz.f32 %f68, %f67, %f40;
    sqrt.approx.ftz.f32 %f69, %f68;
    fma.rn.ftz.f32 %f70, %f65, %f65, %f59;
    sub.ftz.f32 %f71, %f23, %f70;
    max.ftz.f32 %f72, %f71, %f40;
    sqrt.approx.ftz.f32 %f73, %f72;
    mul.ftz.f32 %f74, %f69, %f73;
    neg.ftz.f32 %f75, %f74;
    fma.rn.ftz.f32 %f76, %f30, %f65, %f75;
    mul.ftz.f32 %f77, %f30, %f73;
    fma.rn.ftz.f32 %f78, %f69, %f65, %f77;
    rcp.approx.ftz.f32 %f79, %f78;
    mul.ftz.f32 %f80, %f76, %f79;
    mul.ftz.f32 %f81, %f17, %f24;
    min.ftz.f32 %f82, %f81, %f23;
    max.ftz.f32 %f83, %f82, %f27;
    selp.f32 %f84, %f40, %f83, %p22;
    mul.ftz.f32 %f85, %f58, %f79;
    mul.ftz.f32 %f86, %f84, %f85;
    neg.ftz.f32 %f87, %f86;
    fma.rn.ftz.f32 %f88, %f29, %f80, %f87;
    mul.ftz.f32 %f89, %f88, %f6;
    neg.ftz.f32 %f90, %f89;
    mul.ftz.f32 %f91, %f29, %f85;
    fma.rn.ftz.f32 %f92, %f84, %f80, %f91;
    mul.ftz.f32 %f93, %f92, %f6;
    neg.ftz.f32 %f94, %f93;
    mul.ftz.f32 %f95, %f90, %f90;
    fma.rn.ftz.f32 %f96, %f94, %f94, %f95;
    add.ftz.f32 %f97, %f23, %f96;
    rsqrt.approx.ftz.f32 %f98, %f97;
    mul.ftz.f32 %f99, %f90, %f98;
    mul.ftz.f32 %f100, %f94, %f98;
    mul.ftz.f32 %f101, %f7, %f99;
    fma.rn.ftz.f32 %f102, %f10, %f100, %f101;
    fma.rn.ftz.f32 %f103, %f9, %f98, %f102;
    mul.ftz.f32 %f104, %f31, %f103;
    neg.ftz.f32 %f105, %f7;
    fma.rn.ftz.f32 %f106, %f99, %f104, %f105;
    neg.ftz.f32 %f107, %f10;
    fma.rn.ftz.f32 %f108, %f100, %f104, %f107;
    neg.ftz.f32 %f109, %f9;
    fma.rn.ftz.f32 %f110, %f98, %f104, %f109;
    st.param.f32 [result+0], %f106;
    st.param.f32 [result+4], %f108;
    st.param.f32 [result+8], %f110;
    ret;
}

.visible .func (.param .align 4 .b8 result[40]) __direct_callable__7708b6595bd8f1cf89c9568c46c56990(.reg .u64 data, .param .align 4 .b8 params[32]) {
    // VCall: mitsuba::BSDF::sample()
    .reg.b8   %b <312>; .reg.b16 %w<312>; .reg.b32 %r<312>;
    .reg.b64  %rd<312>; .reg.f32 %f<312>; .reg.f64 %d<312>;
    .reg.pred %p <312>;

    ld.global.f32 %f4, [data+12];
    ld.global.f32 %f5, [data+16];
    ld.global.f32 %f6, [data+28];
    ld.global.f32 %f7, [data+32];
    ld.global.f32 %f8, [data+44];
    ld.global.f32 %f9, [data+48];
    ld.global.f32 %f10, [data+4];
    ld.global.f32 %f11, [data+8];
    ld.global.f32 %f12, [data+20];
    ld.global.f32 %f13, [data+24];
    ld.global.f32 %f14, [data+36];
    ld.global.f32 %f15, [data+40];
    ld.global.f32 %f16, [data+0];
    mov.b32 %f17, 0x38d1b717;
    max.ftz.f32 %f18, %f16, %f17;
    ld.param.f32 %f19, [params+8];
    mul.ftz.f32 %f20, %f18, %f19;
    ld.param.f32 %f21, [params+16];
    ld.param.f32 %f22, [params+12];
    mul.ftz.f32 %f23, %f18, %f22;
    mul.ftz.f32 %f24, %f20, %f20;
    fma.rn.ftz.f32 %f25, %f23, %f23, %f24;
    fma.rn.ftz.f32 %f26, %f21, %f21, %f25;
    rsqrt.approx.ftz.f32 %f27, %f26;
    mul.ftz.f32 %f28, %f20, %f27;
    mul.ftz.f32 %f29, %f23, %f27;
    mul.ftz.f32 %f30, %f29, %f29;
    fma.rn.ftz.f32 %f31, %f28, %f28, %f30;
    abs.f32 %f32, %f31;
    mov.b32 %f33, 0x34800000;
    setp.le.f32 %p34, %f32, %f33;
    mov.b32 %f35, 0x3f800000;
    rsqrt.approx.ftz.f32 %f36, %f31;
    mul.ftz.f32 %f37, %f28, %f36;
    min.ftz.f32 %f38, %f37, %f35;
    mov.b32 %f39, 0xbf800000;
    max.ftz.f32 %f40, %f38, %f39;
    selp.f32 %f41, %f35, %f40, , [data+28];
    ld.global.f32 %f15, [data+24];
    ld.param.f32 %f16, [params+24];
    ld.param.f32 %f17, [params+12];
    ld.param.f32 %f18, [params+0];
    fma.rn.ftz.f32 %f19, %f17, %f16, %f18;
    ld.param.f32 %f20, [params+20];
    ld.param.f32 %f21, [params+8];
    fma.rn.ftz.f32 %f22, %f20, %f16, %f21;
    sub.ftz.f32 %f23, %f5, %f22;
    ld.param.f32 %f24, [params+16];
    ld.param.f32 %f25, [params+4];
    fma.rn.ftz.f32 %f26, %f24, %f16, %f25;
    sub.ftz.f32 %f27, %f7, %f26;
    sub.ftz.f32 %f28, %f9, %f19;
    mul.ftz.f32 %f29, %f28, %f10;
    fma.rn.ftz.f32 %f30, %f27, %f8, %f29;
    fma.rn.ftz.f32 %f31, %f23, %f6, %f30;
    mul.ftz.f32 %f32, %f31, %f10;
    add.ftz.f32 %f33, %f19, %f32;
    mul.ftz.f32 %f34, %f31, %f8;
    add.ftz.f32 %f35, %f26, %f34;
    mul.ftz.f32 %f36, %f31, %f6;
    add.ftz.f32 %f37, %f22, %f36;
    mov.u32 %r38, self;
    ld.param.f32 %f39, [params+28];
    mov.b32 %f40, 0x3f000000;
    fma.rn.ftz.f32 %f41, %f39, %f40, %f40;
    ld.param.f32 %f42, [params+32];
    fma.rn.ftz.f32 %f43, %f42, %f40, %f40;
    mov.b32 %f44, 0x0;
    st.param.f32 [result+0], %f16;
    st.param.f32 [result+4], %f4;
    st.param.f32 [result+8], %f33;
    st.param.f32 [result+12], %f35;
    st.param.f32 [result+16], %f37;
    st.param.f32 [result+20], %f10;
    st.param.f32 [result+24], %f8;
    st.param.f32 [result+28], %f6;
    st.param.u32 [result+32], %r38;
    st.param.f32 [result+36], %f41;
    st.param.f32 [result+40], %f43;
    st.param.f32 [result+44], %f44;
    st.param.f32 [result+48], %f44;
    st.param.f32 [result+52], %f11;
    st.param.f32 [result+56], %f12;
    st.param.f32 [result+60], %f13;
    st.param.f32 [result+64], %f14;
    st.param.f32 [result+68], %f15;
    st.param.f32 [result+72], %f6;
    st.param.f32 [result+76], %f10;
    st.param.f32 [result+80], %f8;
    ret;
}

.visible .func (.param .align 4 .b8 result[12]) __direct_callable__64c9c90116c43f6928a7486b8c17abb3(.reg .u64 data, .param .align 4 .b8 params[24]) {
    // VCall: mitsuba::BSDF::sample()
    .reg.b8   %b <48>; .reg.b16 %w<48>; .reg.b32 %r<48>;
    .reg.b64  %rd<48>; .reg.f32 %f<48>; .reg.f64 %d<48>;
    .reg.pred %p <48>;

    ld.param.f32 %f4, [params+12];
    ld.param.f32 %f5, [params+8];
    abs.f32 %f6, %f5;
    mov.b32 %f7, 0x0;
    setp.eq.f32 %p8, %f6, %f7;
    mov.b32 %f9, 0x3f800000;
    mov.b32 %f10, 0x3f000000;
    setp.ge.f32 %p11, %f5, %f7;
    mov.b32 %f12, 0x3fc00000;
    mov.b32 %f13, 0x3f2aaaab;
    selp.f32 %f14, %f12, %f13, %p11;
    neg.ftz.f32 %f15, %f5;
    fma.rn.ftz.f32 %f16, %f5, %f15, %f9;
    selp.f32 %f17, %f13, %f12, %p11;
    mul.ftz.f32 %f18, %f17, %f17;
    neg.ftz.f32 %f19, %f18;
    fma.rn.ftz.f32 %f20, %f16, %f19, %f9;
    max.ftz.f32 %f21, %f20, %f7;
    sqrt.approx.ftz.f32 %f22, %f21;
    neg.ftz.f32 %f23, %f22;
    fma.rn.ftz.f32 %f24, %f14, %f23, %f6;
    fma.rn.ftz.f32 %f25, %f14, %f22, %f6;
    div.approx.ftz.f32 %f26, %f24, %f25;
    mul.ftz.f32 %f27, %f26, %f26;
    neg.ftz.f32 %f28, %f6;
    fma.rn.ftz.f32 %f29, %f14, %f28, %f22;
    fma.rn.ftz.f32 %f30, %f14, %f6, %f22;
    div.approx.ftz.f32 %f31, %f29, %f30;
    mul.ftz.f32 %f32, %f31, %f31;
    add.ftz.f32 %f33, %f27, %f32;
    mul.ftz.f32 %f34, %f10, %f33;
    selp.f32 %f35, %f9, %f34, %p8;
    setp.le.f32 %p36, %f4, %f35;
    ld.param.f32 %f37, [params+0];
    neg.ftz.f32 %f38, %f37;
    neg.ftz.f32 %f39, %f17;
    mul.ftz.f32 %f40, %f39, %f37;
    selp.f32 %f41, %f38, %f40, %p36;
    ld.param.f32 %f42, [params+4];
    neg.ftz.f32 %f43, %f42;
    mul.ftz.f32 %f44, %f39, %f42;
    selp.f32 %f45, %f43, %f44, %p36;
    selp.f32 %f46, %f23, %f22, %p11;
    selp.f32 %f47, %f5, %f46, %p36;
    st.param.f32 [result+0], %f41;
    st.param.f32 [result+4], %f45;
    st.param.f32 [result+8], %f47;
    ret;
}

.visible .func (.param .align 4 .b8 result[40]) __direct_callable__6907fa219ccaa93496cdbc1947aefac0(.reg .u64 data, .param .align 4 .b8 params[32]) {
    // VCall: mitsuba::BSDF::sample()
    .reg.b8   %b <285>; .reg.b16 %w<285>; .reg.b32 %r<285>;
    .reg.b64  %rd<285>; .reg.f32 %f<285>; .reg.f64 %d<285>;
    .reg.pred %p <285>;

    ld.global.f32 %f4, [data+4];
    ld.global.f32 %f5, [data+8];
    ld.global.f32 %f6, [data+12];
    ld.global.f32 %f7, [data+16];
    ld.global.f32 %f8, [data+20];
    ld.global.f32 %f9, [data+24];
    ld.global.f32 %f10, [data+28];
    ld.global.f32 %f11, [data+32];
    ld.global.f32 %f12, [data+36];
    ld.global.f32 %f13, [data+0];
    mov.b32 %f14, 0x38d1b717;
    max.ftz.f32 %f15, %f13, %f14;
    ld.param.f32 %f16, [params+8];
    mul.ftz.f32 %f17, %f15, %f16;
    ld.param.f32 %f18, [params+16];
    ld.param.f32 %f19, [params+12];
    mul.ftz.f32 %f20, %f15, %f19;
    mul.ftz.f32 %f21, %f17, %f17;
    fma.rn.ftz.f32 %f22, %f20, %f20, %f21;
    fma.rn.ftz.f32 %f23, %f18, %f18, %f22;
    rsqrt.approx.ftz.f32 %f24, %f23;
    mul.ftz.f32 %f25, %f17, %f24;
    mul.ftz.f32 %f26, %f20, %f24;
    mul.ftz.f32 %f27, %f26, %f26;
    fma.rn.ftz.f32 %f28, %f25, %f25, %f27;
    abs.f32 %f29, %f28;
    mov.b32 %f30, 0x34800000;
    setp.le.f32 %p31, %f29, %f30;
    mov.b32 %f32, 0x3f800000;
    rsqrt.approx.ftz.f32 %f33, %f28;
    mul.ftz.f32 %f34, %f25, %f33;
    min.ftz.f32 %f35, %f34, %f32;
    mov.b32 %f36, 0xbf800000;
    max.ftz.f32 %f37, %f35, %f36;
    selp.f32 %f38, %f32, %f37, %p31;
    mul.ftz.f32 %f39, %f18, %f24;
    mov.b32 %f40, 0x40000000;
    ld.param.f32 %f41, [params+24];
    fma.rn.ftz.f32 %f42, %f40, %f41, %f36;
    abs.f32 %f43, %f42;
    ld.param.f32 %f44, [params+28];
    fma.rn.ftz.f32 %f45, %f40, %f44, %f36;
    abs.f32 %f46, %f45;
    setp.lt.f32 %p47, %f43, %f46;
    selp.f32 %f48, %f45, %f42, %p47;
    mov.b32 %f49, 0x0;
    setp.eq.f32 %p50, %f42, %f49;
    setp.eq.f32 %p51, %f45, %f49;
    and.pred %p52, %p50, %p51;
    mov.b32 %f53, 0x3fc90fdb;
    mov.b32 %f54, 0x3f490fdb;
    selp.f32 %f55, %f42, %f45, %p47;
    mul.ftz.f32 %f56, %f54, %f55;
    div.approx.ftz.f32 %f57, %f56, %f48;
    sub.ftz.f32 %f58, %f53, %f57;
    selp.f32 %f59, %f58, %f57, %p47;
    selp.f32 %f60, %f49, %f59, %p52;
    sin.approx.ftz.f32 %f61, %f60;
    mul.ftz.f32 %f62, %f48, %f61;
    mov.b32 %f63, 0x3f000000;
    add.ftz.f32 %f64, %f32, %f39;
    mul.ftz.f32 %f65, %f63, %f64;
    cos.approx.ftz.f32 %f66, %f60;
    mul.ftz.f32 %f67, %f48, %f66;
    mul.ftz.f32 %f68, %f67, %f67;
    sub.ftz.f32 %f69, %f32, %f68;
    max.ftz.f32 %f70, %f69, %f49;
    sqrt.approx.ftz.f32 %f71, %f70;
    neg.ftz.f32 %f72, %f65;
    fma.rn.ftz.f32 %f73, %f71, %f72, %f71;
    fma.rn.ftz.f32 %f74, %f62, %f65, %f73;
    mul.ftz.f32 %f75, %f39, %f39;
    sub.ftz.f32 %f76, %f32, %f75;
    max.ftz.f32 %f77, %f76, %f49;
    sqrt.approx.ftz.f32 %f78, %f77;
    fma.rn.ftz.f32 %f79, %f74, %f74, %f68;
    sub.ftz.f32 %f80, %f32, %f79;
    max.ftz.f32 %f81, %f80, %f49;
    sqrt.approx.ftz.f32 %f82, %f81;
    mul.ftz.f32 %f83, %f78, %f82;
    neg.ftz.f32 %f84, %f83;
    fma.rn.ftz.f32 %f85, %f39, %f74, %f84;
    mul.ftz.f32 %f86, %f39, %f82;
    fma.rn.ftz.f32 %f87, %f78, %f74, %f86;
    rcp.approx.ftz.f32 %f88, %f87;
    mul.ftz.f32 %f89, %f85, %f88;
    mul.ftz.f32 %f90, %f26, %f33;
    min.ftz.f32 %f91, %f90, %f32;
    max.ftz.f32 %f92, %f91, %f36;
    selp.f32 %f93, %f49, %f92, %p31;
    mul.ftz.f32 %f94, %f67, %f88;
    mul.ftz.f32 %f95, %f93, %f94;
    neg.ftz.f32 %f96, %f95;
    fma.rn.ftz.f32 %f97, %f38, %f89, %f96;
    mul.ftz.f32 %f98, %f97, %f15;
    neg.ftz.f32 %f99, %f98;
    mul.ftz.f32 %f100, %f38, %f94;
    fma.rn.ftz.f32 %f101, %f93, %f89, %f100;
    mul.ftz.f32 %f102, %f101, %f15;
    neg.ftz.f32 %f103, %f102;
    mul.ftz.f32 %f104, %f99, %f99;
    fma.rn.ftz.f32 %f105, %f103, %f103, %f104;
    add.ftz.f32 %f106, %f32, %f105;
    rsqrt.approx.ftz.f32 %f107, %f106;
    mul.ftz.f32 %f108, %f99, %f107;
    mul.ftz.f32 %f109, %f103, %f107;
    mul.ftz.f32 %f110, %f16, %f108;
    fma.rn.ftz.f32 %f111, %f19, %f109, %f110;
    fma.rn.ftz.f32 %f112, %f18, %f107, %f111;
    mul.ftz.f32 %f113, %f40, %f112;
    neg.ftz.f32 %f114, %f16;
    fma.rn.ftz.f32 %f115, %f108, %f113, %f114;
    neg.ftz.f32 %f116, %f19;
    fma.rn.ftz.f32 %f117, %f109, %f113, %f116;
    neg.ftz.f32 %f118, %f18;
    fma.rn.ftz.f32 %f119, %f107, %f113, %f118;
    mov.b32 %f120, 0x40490fdb;
    mul.ftz.f32 %f121, %f15, %f15;
    mul.ftz.f32 %f122, %f120, %f121;
    div.approx.ftz.f32 %f123, %f108, %f15;
    mul.ftz.f32 %f124, %f123, %f123;
    div.approx.ftz.f32 %f125, %f109, %f15;
    mul.ftz.f32 %f126, %f125, %f125;
    add.ftz.f32 %f127, %f124, %f126;
    mul.ftz.f32 %f128, %f107, %f107;
    add.ftz.f32 %f129, %f127, %f128;
    mul.ftz.f32 %f130, %f129, %f129;
    mul.ftz.f32 %f131, %f122, %f130;
    rcp.approx.ftz.f32 %f132, %f131;
    mul.ftz.f32 %f133, %f132, %f107;
    mov.b32 %f134, 0x1e3ce508;
    setp.gt.f32 %p135, %f133, %f134;
    selp.f32 %f136, %f132, %f49, %p135;
    mul.ftz.f32 %f137, %f112, %f18;
    setp.le.f32 %p138, %f137, %f49;
    mul.ftz.f32 %f139, %f20, %f20;
    add.ftz.f32 %f140, %f21, %f139;
    setp.eq.f32 %p141, %f140, %f49;
    mul.ftz.f32 %f142, %f18, %f18;
    div.approx.ftz.f32 %f143, %f140, %f142;
    add.ftz.f32 %f144, %f32, %f143;
    sqrt.approx.ftz.f32 %f145, %f144;
    add.ftz.f32 %f146, %f32, %f145;
    div.approx.ftz.f32 %f147, %f40, %f146;
    selp.f32 %f148, %f32, %f147, %p141;
    selp.f32 %f149, %f49, %f148, %p138;
    mul.ftz.f32 %f150, %f136, %f149;
    abs.f32 %f151, %f112;
    mul.ftz.f32 %f152, %f150, %f151;
    div.approx.ftz.f32 %f153, %f152, %f18;
    mov.b32 %f154, 0x40800000;
    mul.ftz.f32 %f155, %f115, %f108;
    fma.rn.ftz.f32 %f156, %f117, %f109, %f155;
    fma.rn.ftz.f32 %f157, %f119, %f107, %f156;
    mul.ftz.f32 %f158, %f154, %f157;
    div.approx.ftz.f32 %f159, %f153, %f158;
    mov.b32 %r160, 0x8;
    mov.b32 %r161, 0x0;
    mul.ftz.f32 %f162, %f4, %f4;
    mul.ftz.f32 %f163, %f5, %f5;
    sub.ftz.f32 %f164, %f162, %f163;
    mul.ftz.f32 %f165, %f112, %f112;
    sub.ftz.f32 %f166, %f32, %f165;
    sub.ftz.f32 %f167, %f164, %f166;
    mul.ftz.f32 %f168, %f167, %f167;
    mul.ftz.f32 %f169, %f154, %f5;
    mul.ftz.f32 %f170, %f169, %f5;
    mul.ftz.f32 %f171, %f170, %f4;
    mul.ftz.f32 %f172, %f171, %f4;
    add.ftz.f32 %f173, %f168, %f172;
    max.ftz.f32 %f174, %f173, %f49;
    sqrt.approx.ftz.f32 %f175, %f174;
    add.ftz.f32 %f176, %f175, %f165;
    add.ftz.f32 %f177, %f175, %f167;
    mul.ftz.f32 %f178, %f63, %f177;
    max.ftz.f32 %f179, %f178, %f49;
    sqrt.approx.ftz.f32 %f180, %f179;
    mul.ftz.f32 %f181, %f113, %f180;
    sub.ftz.f32 %f182, %f176, %f181;
    add.ftz.f32 %f183, %f176, %f181;
    div.approx.ftz.f32 %f184, %f182, %f183;
    mul.ftz.f32 %f185, %f175, %f165;
    mul.ftz.f32 %f186, %f166, %f166;
    add.ftz.f32 %f187, %f185, %f186;
    mul.ftz.f32 %f188, %f181, %f166;
    sub.ftz.f32 %f189, %f187, %f188;
    mul.ftz.f32 %f190, %f184, %f189;
    add.ftz.f32 %f191, %f187, %f188;
    div.approx.ftz.f32 %f192, %f190, %f191;
    add.ftz.f32 %f193, %f184, %f192;
    mul.ftz.f32 %f194, %f63, %f193;
    mul.ftz.f32 %f195, %f157, %f119;
    setp.le.f32 %p196, %f195, %f49;
    mul.ftz.f32 %f197, %f15, %f115;
    mul.ftz.f32 %f198, %f197, %f197;
    mul.ftz.f32 %f199, %f15, %f117;
    mul.ftz.f32 %f200, %f199, %f199;
    add.ftz.f32 %f201, %f198, %f200;
    setp.eq.f32 %p202, %f201, %f49;
    mul.ftz.f32 %f203, %f119, %f119;
    div.approx.ftz.f32 %f204, %f201, %f203;
    add.ftz.f32 %f205, %f32, %f204;
    sqrt.approx.ftz.f32 %f206, %f205;
    add.ftz.f32 %f207, %f32, %f206;
    div.approx.ftz.f32 %f208, %f40, %f207;
    selp.f32 %f209, %f32, %f208, %p202;
    selp.f32 %f210, %f49, %f209, %p196;
    mul.ftz.f32 %f211, %f210, %f6;
    mul.ftz.f32 %f212, %f194, %f211;
    setp.gt.f32 %p213, %f18, %f49;
    setp.ne.f32 %p214, %f153, %f49;
    setp.gt.f32 %p215, %f119, %f49;
    and.pred %p216, %p214, %p215;
    and.pred %p217, %p213, %p216;
    selp.b32 %f218, %f212, 0, %p217;
    mul.ftz.f32 %f219, %f7, %f7;
    mul.ftz.f32 %f220, %f8, %f8;
    sub.ftz.f32 %f221, %f219, %f220;
    sub.ftz.f32 %f222, %f221, %f166;
    mul.ftz.f32 %f223, %f222, %f222;
    mul.ftz.f32 %f224, %f154, %f8;
    mul.ftz.f32 %f225, %f224, %f8;
    mul.ftz.f32 %f226, %f225, %f7;
    mul.ftz.f32 %f227, %f226, %f7;
    add.ftz.f32 %f228, %f223, %f227;
    max.ftz.f32 %f229, %f228, %f49;
    sqrt.approx.ftz.f32 %f230, %f229;
    add.ftz.f32 %f231, %f230, %f165;
    add.ftz.f32 %f232, %f230, %f222;
    mul.ftz.f32 %f233, %f63, %f232;
    max.ftz.f32 %f234, %f233, %f49;
    sqrt.approx.ftz.f32 %f235, %f234;
    mul.ftz.f32 %f236, %f113, %f235;
    sub.ftz.f32 %f237, %f231, %f236;
    add.ftz.f32 %f238, %f231, %f236;
    div.approx.ftz.f32 %f239, %f237, %f238;
    mul.ftz.f32 %f240, %f230, %f165;
    add.ftz.f32 %f241, %f240, %f186;
    mul.ftz.f32 %f242, %f236, %f166;
    sub.ftz.f32 %f243, %f241, %f242;
    mul.ftz.f32 %f244, %f239, %f243;
    add.ftz.f32 %f245, %f241, %f242;
    div.approx.ftz.f32 %f246, %f244, %f245;
    add.ftz.f32 %f247, %f239, %f246;
    mul.ftz.f32 %f248, %f63, %f247;
    mul.ftz.f32 %f249, %f210, %f9;
    mul.ftz.f32 %f250, %f248, %f249;
    selp.b32 %f251, %f250, 0, %p217;
    mul.ftz.f32 %f252, %f10, %f10;
    mul.ftz.f32 %f253, %f11, %f11;
    sub.ftz.f32 %f254, %f252, %f253;
    sub.ftz.f32 %f255, %f254, %f166;
    mul.ftz.f32 %f256, %f255, %f255;
    mul.ftz.f32 %f257, %f154, %f11;
    mul.ftz.f32 %f258, %f257, %f11;
    mul.ftz.f32 %f259, %f258, %f10;
    mul.ftz.f32 %f260, %f259, %f10;
    add.ftz.f32 %f261, %f256, %f260;
    max.ftz.f32 %f262, %f261, %f49;
    sqrt.approx.ftz.f32 %f263, %f262;
    add.ftz.f32 %f264, %f263, %f165;
    add.ftz.f32 %f265, %f263, %f255;
    mul.ftz.f32 %f266, %f63, %f265;
    max.ftz.f32 %f267, %f266, %f49;
    sqrt.approx.ftz.f32 %f268, %f267;
    mul.ftz.f32 %f269, %f113, %f268;
    sub.ftz.f32 %f270, %f264, %f269;
    add.ftz.f32 %f271, %f264, %f269;
    div.approx.ftz.f32 %f272, %f270, %f271;
    mul.ftz.f32 %f273, %f263, %f165;
    add.ftz.f32 %f274, %f273, %f186;
    mul.ftz.f32 %f275, %f269, %f166;
    sub.ftz.f32 %f276, %f274, %f275;
    mul.ftz.f32 %f277, %f272, %f276;
    add.ftz.f32 %f278, %f274, %f275;
    div.approx.ftz.f32 %f279, %f277, %f278;
    add.ftz.f32 %f280, %f272, %f279;
    mul.ftz.f32 %f281, %f63, %f280;
    mul.ftz.f32 %f282, %f210, %f12;
    mul.ftz.f32 %f283, %f281, %f282;
    selp.b32 %f284, %f283, 0, %p217;
    st.param.f32 [result+0], %f115;
    st.param.f32 [result+4], %f117;
    st.param.f32 [result+8], %f119;
    st.param.f32 [result+12], %f159;
    st.param.f32 [result+16], %f32;
    st.param.u32 [result+20], %r160;
    st.param.u32 [result+24], %r161;
    st.param.f32 [result+28], %f218;
    st.param.f32 [result+32], %f251;
    st.param.f32 [result+36], %f284;
    ret;
}

.visible .func (.param .align 4 .b8 result[12]) __direct_callable__76deb0265f0727ddec6574c390d22e42(.reg .u64 data, .param .align 4 .b8 params[24]) {
    // VCall: mitsuba::BSDF::sample()
    .reg.b8   %b <111>; .reg.b16 %w<111>; .reg.b32 %r<111>;
    .reg.b64  %rd<111>; .reg.f32 %f<111>; .reg.f64 %d<111>;
    .reg.pred %p <111>;

    ld.global.f32 %f4, [data+0];
    mov.b32 %f5, 0x38d1b717;
    max.ftz.f32 %f6, %f4, %f5;
    ld.param.f32 %f7, [params+0];
    mul.ftz.f32 %f8, %f6, %f7;
    ld.param.f32 %f9, [params+8];
    ld.param.f32 %f10, [params+4];
    mul.ftz.f32 %f11, %f6, %f10;
    mul.ftz.f32 %f12, %f8, %f8;
    fma.rn.ftz.f32 %f13, %f11, %f11, %f12;
    fma.rn.ftz.f32 %f14, %f9, %f9, %f13;
    rsqrt.approx.ftz.f32 %f15, %f14;
    mul.ftz.f32 %f16, %f8, %f15;
    mul.ftz.f32 %f17, %f11, %f15;
    mul.ftz.f32 %f18, %f17, %f17;
    fma.rn.ftz.f32 %f19, %f16, %f16, %f18;
    abs.f32 %f20, %f19;
    mov.b32 %f21, 0x34800000;
    setp.le.f32 %p22, %f20, %f21;
    mov.b32 %f23, 0x3f800000;
    rsqrt.approx.ftz.f32 %f24, %f19;
    mul.ftz.f32 %f25, %f16, %f24;
    min.ftz.f32 %f26, %f25, %f23;
    mov.b32 %f27, 0xbf800000;
    max.ftz.f32 %f28, %f26, %f27;
    selp.f32 %f29, %f23, %f28, %p22;
    mul.ftz.f32 %f30, %f9, %f15;
    mov.b32 %f31, 0x40000000;
    ld.param.f32 %f32, [params+16];
    fma.rn.ftz.f32 %f33, %f31, %f32, %f27;
    abs.f32 %f34, %f33;
    ld.param.f32 %f35, [params+20];
    fma.rn.ftz.f32 %f36, %f31, %f35, %f27;
    abs.f32 %f37, %f36;
    setp.lt.f32 %p38, %f34, %f37;
    selp.f32 %f39, %f36, %f33, %p38;
    mov.b32 %f40, 0x0;
    setp.eq.f32 %p41, %f33, %f40;
    setp.eq.f32 %p42, %f36, %f40;
    and.pred %p43, %p41, %p42;
    mov.b32 %f44, 0x3fc90fdb;
    mov.b32 %f45, 0x3f490fdb;
    selp.f32 %f46, %f33, %f36, %p38;
    mul.ftz.f32 %f47, %f45, %f46;
    div.approx.ftz.f32 %f48, %f47, %f39;
    sub.ftz.f32 %f49, %f44, %f48;
    selp.f32 %f50, %f49, %f48, %p38;
    selp.f32 %f51, %f40, %f50, %p43;
    sin.approx.ftz.f32 %f52, %f51;
    mul.ftz.f32 %f53, %f39, %f52;
    mov.b32 %f54, 0x3f000000;
    add.ftz.f32 %f55, %f23, %f30;
    mul.ftz.f32 %f56, %f54, %f55;
    cos.approx.ftz.f32 %f57, %f51;
    mul.ftz.f32 %f58, %f39, %f57;
    mul.ftz.f32 %f59, %f58, %f58;
    sub.ftz.f32 %f60, %f23, %f59;
    max.ftz.f32 %f61, %f60, %f40;
    sqrt.approx.ftz.f32 %f62, %f61;
    neg.ftz.f32 %f63, %f56;
    fma.rn.ftz.f32 %f64, %f62, %f63, %f62;
    fma.rn.ftz.f32 %f65, %f53, %f56, %f64;
    mul.ftz.f32 %f66, %f30, %f30;
    sub.ftz.f32 %f67, %f23, %f66;
    max.ftz.f32 %f68, %f67, %f40;
    sqrt.approx.ftz.f32 %f69, %f68;
    fma.rn.ftz.f32 %f70, %f65, %f65, %f59;
    sub.ftz.f32 %f71, %f23, %f70;
    max.ftz.f32 %f72, %f71, %f40;
    sqrt.approx.ftz.f32 %f73, %f72;
    mul.ftz.f32 %f74, %f69, %f73;
    neg.ftz.f32 %f75, %f74;
    fma.rn.ftz.f32 %f76, %f30, %f65, %f75;
    mul.ftz.f32 %f77, %f30, %f73;
    fma.rn.ftz.f32 %f78, %f69, %f65, %f77;
    rcp.approx.ftz.f32 %f79, %f78;
    mul.ftz.f32 %f80, %f76, %f79;
    mul.ftz.f32 %f81, %f17, %f24;
    min.ftz.f32 %f82, %f81, %f23;
    max.ftz.f32 %f83, %f82, %f27;
    selp.f32 %f84, %f40, %f83, %p22;
    mul.ftz.f32 %f85, %f58, %f79;
    mul.ftz.f32 %f86, %f84, %f85;
    neg.ftz.f32 %f87, %f86;
    fma.rn.ftz.f32 %f88, %f29, %f80, %f87;
    mul.ftz.f32 %f89, %f88, %f6;
    neg.ftz.f32 %f90, %f89;
    mul.ftz.f32 %f91, %f29, %f85;
    fma.rn.ftz.f32 %f92, %f84, %f80, %f91;
    mul.ftz.f32 %f93, %f92, %f6;
    neg.ftz.f32 %f94, %f93;
    mul.ftz.f32 %f95, %f90, %f90;
    fma.rn.ftz.f32 %f96, %f94, %f94, %f95;
    add.ftz.f32 %f97, %f23, %f96;
    rsqrt.approx.ftz.f32 %f98, %f97;
    mul.ftz.f32 %f99, %f90, %f98;
    mul.ftz.f32 %f100, %f94, %f98;
    mul.ftz.f32 %f101, %f7, %f99;
    fma.rn.ftz.f32 %f102, %f10, %f100, %f101;
    fma.rn.ftz.f32 %f103, %f9, %f98, %f102;
    mul.ftz.f32 %f104, %f31, %f103;
    neg.ftz.f32 %f105, %f7;
    fma.rn.ftz.f32 %f106, %f99, %f104, %f105;
    neg.ftz.f32 %f107, %f10;
    fma.rn.ftz.f32 %f108, %f100, %f104, %f107;
    neg.ftz.f32 %f109, %f9;
    fma.rn.ftz.f32 %f110, %f98, %f104, %f109;
    st.param.f32 [result+0], %f106;
    st.param.f32 [result+4], %f108;
    st.param.f32 [result+8], %f110;
    ret;
}

.visible .func (.param .align 4 .b8 result[40]) __direct_callable__7708b6595bd8f1cf89c9568c46c56990(.reg .u64 data, .param .align 4 .b8 params[32]) {
    // VCall: mitsuba::BSDF::sample()
    .reg.b8   %b <312>; .reg.b16 %w<312>; .reg.b32 %r<312>;
    .reg.b64  %rd<312>; .reg.f32 %f<312>; .reg.f64 %d<312>;
    .reg.pred %p <312>;

    ld.global.f32 %f4, [data+12];
    ld.global.f32 %f5, [data+16];
    ld.global.f32 %f6, [data+28];
    ld.global.f32 %f7, [data+32];
    ld.global.f32 %f8, [data+44];
    ld.global.f32 %f9, [data+48];
    ld.global.f32 %f10, [data+4];
    ld.global.f32 %f11, [data+8];
    ld.global.f32 %f12, [data+20];
    ld.global.f32 %f13, [data+24];
    ld.global.f32 %f14, [data+36];
    ld.global.f32 %f15, [data+40];
    ld.global.f32 %f16, [data+0];
    mov.b32 %f17, 0x38d1b717;
    max.ftz.f32 %f18, %f16, %f17;
    ld.param.f32 %f19, [params+8];
    mul.ftz.f32 %f20, %f18, %f19;
    ld.param.f32 %f21, [params+16];
    ld.param.f32 %f22, [params+12];
    mul.ftz.f32 %f23, %f18, %f22;
    mul.ftz.f32 %f24, %f20, %f20;
    fma.rn.ftz.f32 %f25, %f23, %f23, %f24;
    fma.rn.ftz.f32 %f26, %f21, %f21, %f25;
    rsqrt.approx.ftz.f32 %f27, %f26;
    mul.ftz.f32 %f28, %f20, %f27;
    mul.ftz.f32 %f29, %f23, %f27;
    mul.ftz.f32 %f30, %f29, %f29;
    fma.rn.ftz.f32 %f31, %f28, %f28, %f30;
    abs.f32 %f32, %f31;
    mov.b32 %f33, 0x34800000;
    setp.le.f32 %p34, %f32, %f33;
    mov.b32 %f35, 0x3f800000;
    rsqrt.approx.ftz.f32 %f36, %f31;
    mul.ftz.f32 %f37, %f28, %f36;
    min.ftz.f32 %f38, %f37, %f35;
    mov.b32 %f39, 0xbf800000;
    max.ftz.f32 %f40, %f38, %f39;
    selp.f32 %f41, %f35, %f40, %p34;
    mul.ftz.f32 %f42, %f21, %f27;
    mov.b32 %f43, 0x40000000;
    ld.param.f32 %f44, [params+24];
    fma.rn.ftz.f32 %f45, %f43, %f44, %f39;
    abs.f32 %f46, %f45;
    ld.param.f32 %f47, [params+28];
    fma.rn.ftz.f32 %f48, %f43, %f47, %f39;
    abs.f32 %f49, %f48;
    setp.lt.f32 %p50, %f46, %f49;
    selp.f32 %f51, %f48, %f45, %p50;
    mov.b32 %f52, 0x0;
    setp.eq.f32 %p53, %f45, %f52;
    setp.eq.f32 %p54, %f48, %f52;
    and.pred %p55, %p53, %p54;
    mov.b32 %f56, 0x3fc90fdb;
    mov.b32 %f57, 0x3f490fdb;
    selp.f32 %f58, %f45, %f48, %p50;
    mul.ftz.f32 %f59, %f57, %f58;
    div.approx.ftz.f32 %f60, %f59, %f51;
    sub.ftz.f32 %f61, %f56, %f60;
    selp.f32 %f62, %f61, %f60, %p50;
    selp.f32 %f63, %f52, %f62, %p55;
    sin.approx.ftz.f32 %f64, %f63;
    mul.ftz.f32 %f65, %f51, %f64;
    mov.b32 %f66, 0x3f000000;
    add.ftz.f32 %f67, %f35, %f42;
    mul.ftz.f32 %f68, %f66, %f67;
    cos.approx.ftz.f32 %f69, %f63;
    mul.ftz.f32 %f70, %f51, %f69;
    mul.ftz.f32 %f71, %f70, %f70;
    sub.ftz.f32 %f72, %f35, %f71;
    max.ftz.f32 %f73, %f72, %f52;
    sqrt.approx.ftz.f32 %f74, %f73;
    neg.ftz.f32 %f75, %f68;
    fma.rn.ftz.f32 %f76, %f74, %f75, %f74;
    fma.rn.ftz.f32 %f77, %f65, %f68, %f76;
    mul.ftz.f32 %f78, %f42, %f42;
    sub.ftz.f32 %f79, %f35, %f78;
    max.ftz.f32 %f80, %f79, %f52;
    sqrt.approx.ftz.f32 %f81, %f80;
    fma.rn.ftz.f32 %f82, %f77, %f77, %f71;
    sub.ftz.f32 %f83, %f35, %f82;
    max.ftz.f32 %f84, %f83, %f52;
    sqrt.approx.ftz.f32 %f85, %f84;
    mul.ftz.f32 %f86, %f81, %f85;
    neg.ftz.f32 %f87, %f86;
    fma.rn.ftz.f32 %f88, %f42, %f77, %f87;
    mul.ftz.f32 %f89, %f42, %f85;
    fma.rn.ftz.f32 %f90, %f81, %f77, %f89;
    rcp.approx.ftz.f32 %f91, %f90;
    mul.ftz.f32 %f92, %f88, %f91;
    mul.ftz.f32 %f93, %f29, %f36;
    min.ftz.f32 %f94, %f93, %f35;
    max.ftz.f32 %f95, %f94, %f39;
    selp.f32 %f96, %f52, %f95, %p34;
    mul.ftz.f32 %f97, %f70, %f91;
    mul.ftz.f32 %f98, %f96, %f97;
    neg.ftz.f32 %f99, %f98;
    fma.rn.ftz.f32 %f100, %f41, %f92, %f99;
    mul.ftz.f32 %f101, %f100, %f18;
    neg.ftz.f32 %f102, %f101;
    mul.ftz.f32 %f103, %f41, %f97;
    fma.rn.ftz.f32 %f104, %f96, %f92, %f103;
    mul.ftz.f32 %f105, %f104, %f18;
    neg.ftz.f32 %f106, %f105;
    mul.ftz.f32 %f107, %f102, %f102;
    fma.rn.ftz.f32 %f108, %f106, %f106, %f107;
    add.ftz.f32 %f109, %f35, %f108;
    rsqrt.approx.ftz.f32 %f110, %f109;
    mul.ftz.f32 %f111, %f102, %f110;
    mul.ftz.f32 %f112, %f106, %f110;
    mul.ftz.f32 %f113, %f19, %f111;
    fma.rn.ftz.f32 %f114, %f22, %f112, %f113;
    fma.rn.ftz.f32 %f115, %f21, %f110, %f114;
    mul.ftz.f32 %f116, %f43, %f115;
    neg.ftz.f32 %f117, %f19;
    fma.rn.ftz.f32 %f118, %f111, %f116, %f117;
    neg.ftz.f32 %f119, %f22;
    fma.rn.ftz.f32 %f120, %f112, %f116, %f119;
    neg.ftz.f32 %f121, %f21;
    fma.rn.ftz.f32 %f122, %f110, %f116, %f121;
    mov.b32 %f123, 0x40490fdb;
    mul.ftz.f32 %f124, %f18, %f18;
    mul.ftz.f32 %f125, %f123, %f124;
    div.approx.ftz.f32 %f126, %f111, %f18;
    mul.ftz.f32 %f127, %f126, %f126;
    div.approx.ftz.f32 %f128, %f112, %f18;
    mul.ftz.f32 %f129, %f128, %f128;
    add.ftz.f32 %f130, %f127, %f129;
    mul.ftz.f32 %f131, %f110, %f110;
    add.ftz.f32 %f132, %f130, %f131;
    mul.ftz.f32 %f133, %f132, %f132;
    mul.ftz.f32 %f134, %f125, %f133;
    rcp.approx.ftz.f32 %f135, %f134;
    mul.ftz.f32 %f136, %f135, %f110;
    mov.b32 %f137, 0x1e3ce508;
    setp.gt.f32 %p138, %f136, %f137;
    selp.f32 %f139, %f135, %f52, %p138;
    mul.ftz.f32 %f140, %f115, %f21;
    setp.le.f32 %p141, %f140, %f52;
    mul.ftz.f32 %f142, %f23, %f23;
    add.ftz.f32 %f143, %f24, %f142;
    setp.eq.f32 %p144, %f143, %f52;
    mul.ftz.f32 %f145, %f21, %f21;
    div.approx.ftz.f32 %f146, %f143, %f145;
    add.ftz.f32 %f147, %f35, %f146;
    sqrt.approx.ftz.f32 %f148, %f147;
    add.ftz.f32 %f149, %f35, %f148;
    div.approx.ftz.f32 %f150, %f43, %f149;
    selp.f32 %f151, %f35, %f150, %p144;
    selp.f32 %f152, %f52, %f151, %p141;
    mul.ftz.f32 %f153, %f139, %f152;
    abs.f32 %f154, %f115;
    mul.ftz.f32 %f155, %f153, %f154;
    div.approx.ftz.f32 %f156, %f155, %f21;
    mov.b32 %f157, 0x40800000;
    mul.ftz.f32 %f158, %f118, %f111;
    fma.rn.ftz.f32 %f159, %f120, %f112, %f158;
    fma.rn.ftz.f32 %f160, %f122, %f110, %f159;
    mul.ftz.f32 %f161, %f157, %f160;
    div.approx.ftz.f32 %f162, %f156, %f161;
    mov.b32 %r163, 0x8;
    mov.b32 %r164, 0x0;
    mul.ftz.f32 %f165, %f10, %f10;
    mul.ftz.f32 %f166, %f11, %f11;
    sub.ftz.f32 %f167, %f165, %f166;
    mul.ftz.f32 %f168, %f115, %f115;
    sub.ftz.f32 %f169, %f35, %f168;
    sub.ftz.f32 %f170, %f167, %f169;
    mul.ftz.f32 %f171, %f170, %f170;
    mul.ftz.f32 %f172, %f157, %f11;
    mul.ftz.f32 %f173, %f172, %f11;
    mul.ftz.f32 %f174, %f173, %f10;
    mul.ftz.f32 %f175, %f174, %f10;
    add.ftz.f32 %f176, %f171, %f175;
    max.ftz.f32 %f177, %f176, %f52;
    sqrt.approx.ftz.f32 %f178, %f177;
    add.ftz.f32 %f179, %f178, %f168;
    add.ftz.f32 %f180, %f178, %f170;
    mul.ftz.f32 %f181, %f66, %f180;
    max.ftz.f32 %f182, %f181, %f52;
    sqrt.approx.ftz.f32 %f183, %f182;
    mul.ftz.f32 %f184, %f116, %f183;
    sub.ftz.f32 %f185, %f179, %f184;
    add.ftz.f32 %f186, %f179, %f184;
    div.approx.ftz.f32 %f187, %f185, %f186;
    mul.ftz.f32 %f188, %f178, %f168;
    mul.ftz.f32 %f189, %f169, %f169;
    add.ftz.f32 %f190, %f188, %f189;
    mul.ftz.f32 %f191, %f184, %f169;
    sub.ftz.f32 %f192, %f190, %f191;
    mul.ftz.f32 %f193, %f187, %f192;
    add.ftz.f32 %f194, %f190, %f191;
    div.approx.ftz.f32 %f195, %f193, %f194;
    add.ftz.f32 %f196, %f187, %f195;
    mul.ftz.f32 %f197, %f66, %f196;
    mul.ftz.f32 %f198, %f160, %f122;
    setp.le.f32 %p199, %f198, %f52;
    mul.ftz.f32 %f200, %f18, %f118;
    mul.ftz.f32 %f201, %f200, %f200;
    mul.ftz.f32 %f202, %f18, %f120;
    mul.ftz.f32 %f203, %f202, %f202;
    add.ftz.f32 %f204, %f201, %f203;
    setp.eq.f32 %p205, %f204, %f52;
    mul.ftz.f32 %f206, %f122, %f122;
    div.approx.ftz.f32 %f207, %f204, %f206;
    add.ftz.f32 %f208, %f35, %f207;
    sqrt.approx.ftz.f32 %f209, %f208;
    add.ftz.f32 %f210, %f35, %f209;
    div.approx.ftz.f32 %f211, %f43, %f210;
    selp.f32 %f212, %f35, %f211, %p205;
    selp.f32 %f213, %f52, %f212, %p199;
    ld.param.f32 %f214, [params+4];
    mov.b32 %f215, 0x41a00000;
    ld.param.f32 %f216, [params+0];
    mul.ftz.f32 %f217, %f215, %f216;
    fma.rn.ftz.f32 %f218, %f52, %f214, %f217;
    cvt.rmi.f32.f32 %f219, %f218;
    sub.ftz.f32 %f220, %f218, %f219;
    setp.gt.f32 %p221, %f220, %f66;
    mov.b32 %f222, 0x42a00000;
    mul.ftz.f32 %f223, %f52, %f216;
    fma.rn.ftz.f32 %f224, %f222, %f214, %f223;
    cvt.rmi.f32.f32 %f225, %f224;
    sub.ftz.f32 %f226, %f224, %f225;
    setp.gt.f32 %p227, %f226, %f66;
    xor.pred %p228, %p221, %p227;
    not.pred %p228, %p228;    not.pred %p229, %p228;
    setp.gt.f32 %p230, %f21, %f52;
    setp.ne.f32 %p231, %f156, %f52;
    setp.gt.f32 %p232, %f122, %f52;
    and.pred %p233, %p231, %p232;
    and.pred %p234, %p230, %p233;
    and.pred %p235, %p229, %p234;
    and.pred %p236, %p228, %p234;
    selp.f32 %f237, %f5, %f52, %p236;
    selp.f32 %f238, %f4, %f237, %p235;
    mul.ftz.f32 %f239, %f213, %f238;
    mul.ftz.f32 %f240, %f197, %f239;
    selp.b32 %f241, %f240, 0, %p234;
    mul.ftz.f32 %f242, %f12, %f12;
    mul.ftz.f32 %f243, %f13, %f13;
    sub.ftz.f32 %f244, %f242, %f243;
    sub.ftz.f32 %f245, %f244, %f169;
    mul.ftz.f32 %f246, %f245, %f245;
    mul.ftz.f32 %f247, %f157, %f13;
    mul.ftz.f32 %f248, %f247, %f13;
    mul.ftz.f32 %f249, %f248, %f12;
    mul.ftz.f32 %f250, %f249, %f12;
    add.ftz.f32 %f251, %f246, %f250;
    max.ftz.f32 %f252, %f251, %f52;
    sqrt.approx.ftz.f32 %f253, %f252;
    add.ftz.f32 %f254, %f253, %f168;
    add.ftz.f32 %f255, %f253, %f245;
    mul.ftz.f32 %f256, %f66, %f255;
    max.ftz.f32 %f257, %f256, %f52;
    sqrt.approx.ftz.f32 %f258, %f257;
    mul.ftz.f32 %f259, %f116, %f258;
    sub.ftz.f32 %f260, %f254, %f259;
    add.ftz.f32 %f261, %f254, %f259;
    div.approx.ftz.f32 %f262, %f260, %f261;
    mul.ftz.f32 %f263, %f253, %f168;
    add.ftz.f32 %f264, %f263, %f189;
    mul.ftz.f32 %f265, %f259, %f169;
    sub.ftz.f32 %f266, %f264, %f265;
    mul.ftz.f32 %f267, %f262, %f266;
    add.ftz.f32 %f268, %f264, %f265;
    div.approx.ftz.f32 %f269, %f267, %f268;
    add.ftz.f32 %f270, %f262, %f269;
    mul.ftz.f32 %f271, %f66, %f270;
    selp.f32 %f272, %f7, %f52, %p236;
    selp.f32 %f273, %f6, %f272, %p235;
    mul.ftz.f32 %f274, %f213, %f273;
    mul.ftz.f32 %f275, %f271, %f274;
    selp.b32 %f276, %f275, 0, %p234;
    mul.ftz.f32 %f277, %f14, %f14;
    mul.ftz.f32 %f278, %f15, %f15;
    sub.ftz.f32 %f279, %f277, %f278;
    sub.ftz.f32 %f280, %f279, %f169;
    mul.ftz.f32 %f281, %f280, %f280;
    mul.ftz.f32 %f282, %f157, %f15;
    mul.ftz.f32 %f283, %f282, %f15;
    mul.ftz.f32 %f284, %f283, %f14;
    mul.ftz.f32 %f285, %f284, %f14;
    add.ftz.f32 %f286, %f281, %f285;
    max.ftz.f32 %f287, %f286, %f52;
    sqrt.approx.ftz.f32 %f288, %f287;
    add.ftz.f32 %f289, %f288, %f168;
    add.ftz.f32 %f290, %f288, %f280;
    mul.ftz.f32 %f291, %f66, %f290;
    max.ftz.f32 %f292, %f291, %f52;
    sqrt.approx.ftz.f32 %f293, %f292;
    mul.ftz.f32 %f294, %f116, %f293;
    sub.ftz.f32 %f295, %f289, %f294;
    add.ftz.f32 %f296, %f289, %f294;
    div.approx.ftz.f32 %f297, %f295, %f296;
    mul.ftz.f32 %f298, %f288, %f168;
    add.ftz.f32 %f299, %f298, %f189;
    mul.ftz.f32 %f300, %f294, %f169;
    sub.ftz.f32 %f301, %f299, %f300;
    mul.ftz.f32 %f302, %f297, %f301;
    add.ftz.f32 %f303, %f299, %f300;
    div.approx.ftz.f32 %f304, %f302, %f303;
    add.ftz.f32 %f305, %f297, %f304;
    mul.ftz.f32 %f306, %f66, %f305;
    selp.f32 %f307, %f9, %f52, %p236;
    selp.f32 %f308, %f8, %f307, %p235;
    mul.ftz.f32 %f309, %f213, %f308;
    mul.ftz.f32 %f310, %f306, %f309;
    selp.b32 %f311, %f310, 0, %p234;
    st.param.f32 [result+0], %f118;
    st.param.f32 [result+4], %f120;
    st.param.f32 [result+8], %f122;
    st.param.f32 [result+12], %f162;
    st.param.f32 [result+16], %f35;
    st.param.u32 [result+20], %r163;
    st.param.u32 [result+24], %r164;
    st.param.f32 [result+28], %f241;
    st.param.f32 [result+32], %f276;
    st.param.f32 [result+36], %f311;
    ret;
}

.visible .func (.param .align 4 .b8 result[12]) __direct_callable__802333739527ac2c145adb6cbe510e42(.reg .u64 data, .param .align 4 .b8 params[24]) {
    // VCall: mitsuba::BSDF::sample()
    .reg.b8   %b <438>; .reg.b16 %w<438>; .reg.b32 %r<438>;
    .reg.b64  %rd<438>; .reg.f32 %f<438>; .reg.f64 %d<438>;
    .reg.pred %p <438>;

    ld.global.f32 %f4, [data+0];
    mov.b32 %f5, 0x38d1b717;
    max.ftz.f32 %f6, %f4, %f5;
    ld.param.f32 %f7, [params+0];
    mul.ftz.f32 %f8, %f6, %f7;
    ld.param.f32 %f9, [params+8];
    ld.param.f32 %f10, [params+4];
    mul.ftz.f32 %f11, %f6, %f10;
    mul.ftz.f32 %f12, %f8, %f8;
    fma.rn.ftz.f32 %f13, %f11, %f11, %f12;
    fma.rn.ftz.f32 %f14, %f9, %f9, %f13;
    rsqrt.approx.ftz.f32 %f15, %f14;
    mul.ftz.f32 %f16, %f8, %f15;
    mul.ftz.f32 %f17, %f11, %f15;
    mul.ftz.f32 %f18, %f17, %f17;
    fma.rn.ftz.f32 %f19, %f16, %f16, %f18;
    abs.f32 %f20, %f19;
    mov.b32 %f21, 0x34800000;
    setp.le.f32 %p22, %f20, %f21;
    mov.b32 %f23, 0x3f800000;
    rsqrt.approx.ftz.f32 %f24, %f19;
    mul.ftz.f32 %f25, %f16, %f24;
    min.ftz.f32 %f26, %f25, %f23;
    mov.b32 %f27, 0xbf800000;
    max.ftz.f32 %f28, %f26, %f27;
    selp.f32 %f29, %f23, %f28, %p22;
    mul.ftz.f32 %f30, %f9, %f15;
    neg.ftz.f32 %f31, %f30;
    fma.rn.ftz.f32 %f32, %f30, %f31, %f23;
    mov.b32 %f33, 0x0;
    max.ftz.f32 %f34, %f32, %f33;
    sqrt.approx.ftz.f32 %f35, %f34;
    div.approx.ftz.f32 %f36, %f35, %f30;
    rcp.approx.ftz.f32 %f37, %f36;
    abs.f32 %f38, %f37;
    setp.lt.f32 %p39, %f38, %f23;
    mul.ftz.f32 %f40, %f37, %f37;
    mul.ftz.f32 %f41, %f40, %f40;
    mul.ftz.f32 %f42, %f41, %f41;
    mul.ftz.f32 %f43, %f42, %f42;
    mov.b32 %f44, 0xb055d725;
    mov.b32 %f45, 0x326b8d88;
    fma.rn.ftz.f32 %f46, %f40, %f44, %f45;
    mov.b32 %f47, 0xb42e0393;
    mov.b32 %f48, 0x35dcbfea;
    fma.rn.ftz.f32 %f49, %f40, %f47, %f48;
    fma.rn.ftz.f32 %f50, %f41, %f46, %f49;
    mov.b32 %f51, 0xb77a6527;
    mov.b32 %f52, 0x38fcd15d;
    fma.rn.ftz.f32 %f53, %f40, %f51, %f52;
    mov.b32 %f54, 0xba6016d8;
    mov.b32 %f55, 0x3bab2de6;
    fma.rn.ftz.f32 %f56, %f40, %f54, %f55;
    fma.rn.ftz.f32 %f57, %f41, %f53, %f56;
    mov.b32 %f58, 0xbcdc1672;
    mov.b32 %f59, 0x3de71791;
    fma.rn.ftz.f32 %f60, %f40, %f58, %f59;
    mov.b32 %f61, 0xbec093a3;
    mov.b32 %f62, 0x3f906ebb;
    fma.rn.ftz.f32 %f63, %f40, %f61, %f62;
    fma.rn.ftz.f32 %f64, %f41, %f60, %f63;
    fma.rn.ftz.f32 %f65, %f42, %f57, %f64;
    fma.rn.ftz.f32 %f66, %f43, %f50, %f65;
    mul.ftz.f32 %f67, %f37, %f66;
    mul.ftz.f32 %f68, %f38, %f38;
    mul.ftz.f32 %f69, %f68, %f68;
    mov.b32 %f70, 0xb9cd1e1c;
    mov.b32 %f71, 0xbc327bfe;
    fma.rn.ftz.f32 %f72, %f38, %f70, %f71;
    mov.b32 %f73, 0xbdce6dbf;
    mov.b32 %f74, 0xbefd92d0;
    fma.rn.ftz.f32 %f75, %f38, %f73, %f74;
    fma.rn.ftz.f32 %f76, %f68, %f72, %f75;
    mov.b32 %f77, 0xbfbda45c;
    mov.b32 %f78, 0xc031cf5c;
    fma.rn.ftz.f32 %f79, %f38, %f77, %f78;
    mov.b32 %f80, 0xc045d94b;
    mov.b32 %f81, 0xbfd05f42;
    fma.rn.ftz.f32 %f82, %f38, %f80, %f81;
    fma.rn.ftz.f32 %f83, %f68, %f79, %f82;
    fma.rn.ftz.f32 %f84, %f69, %f76, %f83;
    mov.b32 %f85, 0xb001e898;
    mov.b32 %f86, 0x398e350d;
    fma.rn.ftz.f32 %f87, %f38, %f85, %f86;
    mov.b32 %f88, 0x3bf73fc8;
    mov.b32 %f89, 0x3d8c7442;
    fma.rn.ftz.f32 %f90, %f38, %f88, %f89;
    fma.rn.ftz.f32 %f91, %f68, %f87, %f90;
    mov.b32 %f92, 0x3ea34427;
    mov.b32 %f93, 0x3f5ccc80;
    fma.rn.ftz.f32 %f94, %f38, %f92, %f93;
    mov.b32 %f95, 0x3faadae8;
    fma.rn.ftz.f32 %f96, %f38, %f95, %f23;
    fma.rn.ftz.f32 %f97, %f68, %f94, %f96;
    fma.rn.ftz.f32 %f98, %f69, %f91, %f97;
    div.approx.ftz.f32 %f99, %f84, %f98;
    mul.ftz.f32 %f100, %f99, %f38;
    ex2.approx.ftz.f32 %f101, %f100;
    sub.ftz.f32 %f102, %f23, %f101;
    abs.f32 %f103, %f102;
    mov.b32 %f104, 0x7f800000;
    setp.lt.f32 %p105, %f103, %f104;
    selp.f32 %f106, %f102, %f23, %p105;
    abs.f32 %f107, %f106;
    mov.b32 %f108, 0x80000000;
    and.b32 %f109, %f108, %f37;
    or.b32 %f110, %f107, %f109;
    selp.f32 %f111, %f67, %f110, %p39;
    add.ftz.f32 %f112, %f111, %f23;
    ld.param.f32 %f113, [params+16];
    mov.b32 %f114, 0x3f7fffef;
    min.ftz.f32 %f115, %f113, %f114;
    mov.b32 %f116, 0x358637bd;
    max.ftz.f32 %f117, %f115, %f116;
    lg2.approx.ftz.f32 %f118, %f117;
    mov.b32 %f119, 0x3f317218;
    mul.ftz.f32 %f120, %f118, %f119;
    neg.ftz.f32 %f121, %f120;
    sqrt.approx.ftz.f32 %f122, %f121;
    abs.f32 %f123, %f122;
    setp.lt.f32 %p124, %f123, %f23;
    mul.ftz.f32 %f125, %f122, %f122;
    mul.ftz.f32 %f126, %f125, %f125;
    mul.ftz.f32 %f127, %f126, %f126;
    mul.ftz.f32 %f128, %f127, %f127;
    fma.rn.ftz.f32 %f129, %f125, %f44, %f45;
    fma.rn.ftz.f32 %f130, %f125, %f47, %f48;
    fma.rn.ftz.f32 %f131, %f126, %f129, %f130;
    fma.rn.ftz.f32 %f132, %f125, %f51, %f52;
    fma.rn.ftz.f32 %f133, %f125, %f54, %f55;
    fma.rn.ftz.f32 %f134, %f126, %f132, %f133;
    fma.rn.ftz.f32 %f135, %f125, %f58, %f59;
    fma.rn.ftz.f32 %f136, %f125, %f61, %f62;
    fma.rn.ftz.f32 %f137, %f126, %f135, %f136;
    fma.rn.ftz.f32 %f138, %f127, %f134, %f137;
    fma.rn.ftz.f32 %f139, %f128, %f131, %f138;
    mul.ftz.f32 %f140, %f122, %f139;
    mul.ftz.f32 %f141, %f123, %f123;
    mul.ftz.f32 %f142, %f141, %f141;
    fma.rn.ftz.f32 %f143, %f123, %f70, %f71;
    fma.rn.ftz.f32 %f144, %f123, %f73, %f74;
    fma.rn.ftz.f32 %f145, %f141, %f143, %f144;
    fma.rn.ftz.f32 %f146, %f123, %f77, %f78;
    fma.rn.ftz.f32 %f147, %f123, %f80, %f81;
    fma.rn.ftz.f32 %f148, %f141, %f146, %f147;
    fma.rn.ftz.f32 %f149, %f142, %f145, %f148;
    fma.rn.ftz.f32 %f150, %f123, %f85, %f86;
    fma.rn.ftz.f32 %f151, %f123, %f88, %f89;
    fma.rn.ftz.f32 %f152, %f141, %f150, %f151;
    fma.rn.ftz.f32 %f153, %f123, %f92, %f93;
    fma.rn.ftz.f32 %f154, %f123, %f95, %f23;
    fma.rn.ftz.f32 %f155, %f141, %f153, %f154;
    fma.rn.ftz.f32 %f156, %f142, %f152, %f155;
    div.approx.ftz.f32 %f157, %f149, %f156;
    mul.ftz.f32 %f158, %f157, %f123;
    ex2.approx.ftz.f32 %f159, %f158;
    sub.ftz.f32 %f160, %f23, %f159;
    abs.f32 %f161, %f160;
    setp.lt.f32 %p162, %f161, %f104;
    selp.f32 %f163, %f160, %f23, %p162;
    abs.f32 %f164, %f163;
    and.b32 %f165, %f108, %f122;
    or.b32 %f166, %f164, %f165;
    selp.f32 %f167, %f140, %f166, %p124;
    mul.ftz.f32 %f168, %f112, %f167;
    sub.ftz.f32 %f169, %f111, %f168;
    add.ftz.f32 %f170, %f23, %f169;
    mov.b32 %f171, 0x3f106ebb;
    mul.ftz.f32 %f172, %f171, %f36;
    mov.b32 %f173, 0x3fb8aa3b;
    sub.ftz.f32 %f174, %f23, %f169;
    mul.ftz.f32 %f175, %f174, %f170;
    lg2.approx.ftz.f32 %f176, %f175;
    mul.ftz.f32 %f177, %f176, %f119;
    neg.ftz.f32 %f178, %f177;
    mov.b32 %f179, 0x40a00000;
    setp.lt.f32 %p180, %f178, %f179;
    mov.b32 %f181, 0x40200000;
    sub.ftz.f32 %f182, %f178, %f181;
    mul.ftz.f32 %f183, %f182, %f182;
    mul.ftz.f32 %f184, %f183, %f183;
    mul.ftz.f32 %f185, %f184, %f184;
    mov.b32 %f186, 0x32f16588;
    mov.b32 %f187, 0x34b84b36;
    mov.b32 %f188, 0xb66c7357;
    fma.rn.ftz.f32 %f189, %f182, %f187, %f188;
    mov.b32 %f190, 0xb6935ac1;
    mov.b32 %f191, 0x396532db;
    fma.rn.ftz.f32 %f192, %f182, %f190, %f191;
    fma.rn.ftz.f32 %f193, %f183, %f189, %f192;
    mov.b32 %f194, 0xbaa45408;
    mov.b32 %f195, 0xbb88e4ef;
    fma.rn.ftz.f32 %f196, %f182, %f194, %f195;
    mov.b32 %f197, 0x3e7c8f63;
    mov.b32 %f198, 0x3fc02e2f;
    fma.rn.ftz.f32 %f199, %f182, %f197, %f198;
    fma.rn.ftz.f32 %f200, %f183, %f196, %f199;
    fma.rn.ftz.f32 %f201, %f184, %f193, %f200;
    fma.rn.ftz.f32 %f202, %f185, %f186, %f201;
    sqrt.approx.ftz.f32 %f203, %f178;
    mov.b32 %f204, 0x40400000;
    sub.ftz.f32 %f205, %f203, %f204;
    mul.ftz.f32 %f206, %f205, %f205;
    mul.ftz.f32 %f207, %f206, %f206;
    mul.ftz.f32 %f208, %f207, %f207;
    mov.b32 %f209, 0xb951f09b;
    mov.b32 %f210, 0x38d3b56b;
    mov.b32 %f211, 0x3ab0dc72;
    fma.rn.ftz.f32 %f212, %f205, %f210, %f211;
    mov.b32 %f213, 0xbb70bde7;
    mov.b32 %f214, 0x3bbc127b;
    fma.rn.ftz.f32 %f215, %f205, %f213, %f214;
    fma.rn.ftz.f32 %f216, %f206, %f212, %f215;
    mov.b32 %f217, 0xbbf9c5d7;
    mov.b32 %f218, 0x3c1aa57e;
    fma.rn.ftz.f32 %f219, %f205, %f217, %f218;
    mov.b32 %f220, 0x3f8036db;
    mov.b32 %f221, 0x40354f7e;
    fma.rn.ftz.f32 %f222, %f205, %f220, %f221;
    fma.rn.ftz.f32 %f223, %f206, %f219, %f222;
    fma.rn.ftz.f32 %f224, %f207, %f216, %f223;
    fma.rn.ftz.f32 %f225, %f208, %f209, %f224;
    selp.f32 %f226, %f202, %f225, %p180;
    mul.ftz.f32 %f227, %f226, %f169;
    mul.ftz.f32 %f228, %f227, %f227;
    neg.ftz.f32 %f229, %f228;
    mul.ftz.f32 %f230, %f173, %f229;
    ex2.approx.ftz.f32 %f231, %f230;
    mul.ftz.f32 %f232, %f172, %f231;
    add.ftz.f32 %f233, %f170, %f232;
    add.ftz.f32 %f234, %f23, %f111;
    neg.ftz.f32 %f235, %f40;
    mul.ftz.f32 %f236, %f173, %f235;
    ex2.approx.ftz.f32 %f237, %f236;
    mul.ftz.f32 %f238, %f172, %f237;
    add.ftz.f32 %f239, %f234, %f238;
    mul.ftz.f32 %f240, %f117, %f239;
    sub.ftz.f32 %f241, %f233, %f240;
    mul.ftz.f32 %f242, %f227, %f36;
    sub.ftz.f32 %f243, %f23, %f242;
    div.approx.ftz.f32 %f244, %f241, %f243;
    sub.ftz.f32 %f245, %f169, %f244;
    add.ftz.f32 %f246, %f23, %f245;
    sub.ftz.f32 %f247, %f23, %f245;
    mul.ftz.f32 %f248, %f247, %f246;
    lg2.approx.ftz.f32 %f249, %f248;
    mul.ftz.f32 %f250, %f249, %f119;
    neg.ftz.f32 %f251, %f250;
    setp.lt.f32 %p252, %f251, %f179;
    sub.ftz.f32 %f253, %f251, %f181;
    mul.ftz.f32 %f254, %f253, %f253;
    mul.ftz.f32 %f255, %f254, %f254;
    mul.ftz.f32 %f256, %f255, %f255;
    fma.rn.ftz.f32 %f257, %f253, %f187, %f188;
    fma.rn.ftz.f32 %f258, %f253, %f190, %f191;
    fma.rn.ftz.f32 %f259, %f254, %f257, %f258;
    fma.rn.ftz.f32 %f260, %f253, %f194, %f195;
    fma.rn.ftz.f32 %f261, %f253, %f197, %f198;
    fma.rn.ftz.f32 %f262, %f254, %f260, %f261;
    fma.rn.ftz.f32 %f263, %f255, %f259, %f262;
    fma.rn.ftz.f32 %f264, %f256, %f186, %f263;
    sqrt.approx.ftz.f32 %f265, %f251;
    sub.ftz.f32 %f266, %f265, %f204;
    mul.ftz.f32 %f267, %f266, %f266;
    mul.ftz.f32 %f268, %f267, %f267;
    mul.ftz.f32 %f269, %f268, %f268;
    fma.rn.ftz.f32 %f270, %f266, %f210, %f211;
    fma.rn.ftz.f32 %f271, %f266, %f213, %f214;
    fma.rn.ftz.f32 %f272, %f267, %f270, %f271;
    fma.rn.ftz.f32 %f273, %f266, %f217, %f218;
    fma.rn.ftz.f32 %f274, %f266, %f220, %f221;
    fma.rn.ftz.f32 %f275, %f267, %f273, %f274;
    fma.rn.ftz.f32 %f276, %f268, %f272, %f275;
    fma.rn.ftz.f32 %f277, %f269, %f209, %f276;
    selp.f32 %f278, %f264, %f277, %p252;
    mul.ftz.f32 %f279, %f278, %f245;
    mul.ftz.f32 %f280, %f279, %f279;
    neg.ftz.f32 %f281, %f280;
    mul.ftz.f32 %f282, %f173, %f281;
    ex2.approx.ftz.f32 %f283, %f282;
    mul.ftz.f32 %f284, %f172, %f283;
    add.ftz.f32 %f285, %f246, %f284;
    sub.ftz.f32 %f286, %f285, %f240;
    mul.ftz.f32 %f287, %f279, %f36;
    sub.ftz.f32 %f288, %f23, %f287;
    div.approx.ftz.f32 %f289, %f286, %f288;
    sub.ftz.f32 %f290, %f245, %f289;
    add.ftz.f32 %f291, %f23, %f290;
    sub.ftz.f32 %f292, %f23, %f290;
    mul.ftz.f32 %f293, %f292, %f291;
    lg2.approx.ftz.f32 %f294, %f293;
    mul.ftz.f32 %f295, %f294, %f119;
    neg.ftz.f32 %f296, %f295;
    setp.lt.f32 %p297, %f296, %f179;
    sub.ftz.f32 %f298, %f296, %f181;
    mul.ftz.f32 %f299, %f298, %f298;
    mul.ftz.f32 %f300, %f299, %f299;
    mul.ftz.f32 %f301, %f300, %f300;
    fma.rn.ftz.f32 %f302, %f298, %f187, %f188;
    fma.rn.ftz.f32 %f303, %f298, %f190, %f191;
    fma.rn.ftz.f32 %f304, %f299, %f302, %f303;
    fma.rn.ftz.f32 %f305, %f298, %f194, %f195;
    fma.rn.ftz.f32 %f306, %f298, %f197, %f198;
    fma.rn.ftz.f32 %f307, %f299, %f305, %f306;
    fma.rn.ftz.f32 %f308, %f300, %f304, %f307;
    fma.rn.ftz.f32 %f309, %f301, %f186, %f308;
    sqrt.approx.ftz.f32 %f310, %f296;
    sub.ftz.f32 %f311, %f310, %f204;
    mul.ftz.f32 %f312, %f311, %f311;
    mul.ftz.f32 %f313, %f312, %f312;
    mul.ftz.f32 %f314, %f313, %f313;
    fma.rn.ftz.f32 %f315, %f311, %f210, %f211;
    fma.rn.ftz.f32 %f316, %f311, %f213, %f214;
    fma.rn.ftz.f32 %f317, %f312, %f315, %f316;
    fma.rn.ftz.f32 %f318, %f311, %f217, %f218;
    fma.rn.ftz.f32 %f319, %f311, %f220, %f221;
    fma.rn.ftz.f32 %f320, %f312, %f318, %f319;
    fma.rn.ftz.f32 %f321, %f313, %f317, %f320;
    fma.rn.ftz.f32 %f322, %f314, %f209, %f321;
    selp.f32 %f323, %f309, %f322, %p297;
    mul.ftz.f32 %f324, %f323, %f290;
    mul.ftz.f32 %f325, %f324, %f324;
    neg.ftz.f32 %f326, %f325;
    mul.ftz.f32 %f327, %f173, %f326;
    ex2.approx.ftz.f32 %f328, %f327;
    mul.ftz.f32 %f329, %f172, %f328;
    add.ftz.f32 %f330, %f291, %f329;
    sub.ftz.f32 %f331, %f330, %f240;
    mul.ftz.f32 %f332, %f324, %f36;
    sub.ftz.f32 %f333, %f23, %f332;
    div.approx.ftz.f32 %f334, %f331, %f333;
    sub.ftz.f32 %f335, %f290, %f334;
    sub.ftz.f32 %f336, %f23, %f335;
    add.ftz.f32 %f337, %f23, %f335;
    mul.ftz.f32 %f338, %f336, %f337;
    lg2.approx.ftz.f32 %f339, %f338;
    mul.ftz.f32 %f340, %f339, %f119;
    neg.ftz.f32 %f341, %f340;
    setp.lt.f32 %p342, %f341, %f179;
    sub.ftz.f32 %f343, %f341, %f181;
    mul.ftz.f32 %f344, %f343, %f343;
    mul.ftz.f32 %f345, %f344, %f344;
    mul.ftz.f32 %f346, %f345, %f345;
    fma.rn.ftz.f32 %f347, %f343, %f187, %f188;
    fma.rn.ftz.f32 %f348, %f343, %f190, %f191;
    fma.rn.ftz.f32 %f349, %f344, %f347, %f348;
    fma.rn.ftz.f32 %f350, %f343, %f194, %f195;
    fma.rn.ftz.f32 %f351, %f343, %f197, %f198;
    fma.rn.ftz.f32 %f352, %f344, %f350, %f351;
    fma.rn.ftz.f32 %f353, %f345, %f349, %f352;
    fma.rn.ftz.f32 %f354, %f346, %f186, %f353;
    sqrt.approx.ftz.f32 %f355, %f341;
    sub.ftz.f32 %f356, %f355, %f204;
    mul.ftz.f32 %f357, %f356, %f356;
    mul.ftz.f32 %f358, %f357, %f357;
    mul.ftz.f32 %f359, %f358, %f358;
    fma.rn.ftz.f32 %f360, %f356, %f210, %f211;
    fma.rn.ftz.f32 %f361, %f356, %f213, %f214;
    fma.rn.ftz.f32 %f362, %f357, %f360, %f361;
    fma.rn.ftz.f32 %f363, %f356, %f217, %f218;
    fma.rn.ftz.f32 %f364, %f356, %f220, %f221;
    fma.rn.ftz.f32 %f365, %f357, %f363, %f364;
    fma.rn.ftz.f32 %f366, %f358, %f362, %f365;
    fma.rn.ftz.f32 %f367, %f359, %f209, %f366;
    selp.f32 %f368, %f354, %f367, %p342;
    mul.ftz.f32 %f369, %f368, %f335;
    mul.ftz.f32 %f370, %f17, %f24;
    min.ftz.f32 %f371, %f370, %f23;
    max.ftz.f32 %f372, %f371, %f27;
    selp.f32 %f373, %f33, %f372, %p22;
    mov.b32 %f374, 0x40000000;
    ld.param.f32 %f375, [params+20];
    min.ftz.f32 %f376, %f375, %f114;
    max.ftz.f32 %f377, %f376, %f116;
    fma.rn.ftz.f32 %f378, %f374, %f377, %f27;
    sub.ftz.f32 %f379, %f23, %f378;
    add.ftz.f32 %f380, %f23, %f378;
    mul.ftz.f32 %f381, %f379, %f380;
    lg2.approx.ftz.f32 %f382, %f381;
    mul.ftz.f32 %f383, %f382, %f119;
    neg.ftz.f32 %f384, %f383;
    setp.lt.f32 %p385, %f384, %f179;
    sub.ftz.f32 %f386, %f384, %f181;
    mul.ftz.f32 %f387, %f386, %f386;
    mul.ftz.f32 %f388, %f387, %f387;
    mul.ftz.f32 %f389, %f388, %f388;
    fma.rn.ftz.f32 %f390, %f386, %f187, %f188;
    fma.rn.ftz.f32 %f391, %f386, %f190, %f191;
    fma.rn.ftz.f32 %f392, %f387, %f390, %f391;
    fma.rn.ftz.f32 %f393, %f386, %f194, %f195;
    fma.rn.ftz.f32 %f394, %f386, %f197, %f198;
    fma.rn.ftz.f32 %f395, %f387, %f393, %f394;
    fma.rn.ftz.f32 %f396, %f388, %f392, %f395;
    fma.rn.ftz.f32 %f397, %f389, %f186, %f396;
    sqrt.approx.ftz.f32 %f398, %f384;
    sub.ftz.f32 %f399, %f398, %f204;
    mul.ftz.f32 %f400, %f399, %f399;
    mul.ftz.f32 %f401, %f400, %f400;
    mul.ftz.f32 %f402, %f401, %f401;
    fma.rn.ftz.f32 %f403, %f399, %f210, %f211;
    fma.rn.ftz.f32 %f404, %f399, %f213, %f214;
    fma.rn.ftz.f32 %f405, %f400, %f403, %f404;
    fma.rn.ftz.f32 %f406, %f399, %f217, %f218;
    fma.rn.ftz.f32 %f407, %f399, %f220, %f221;
    fma.rn.ftz.f32 %f408, %f400, %f406, %f407;
    fma.rn.ftz.f32 %f409, %f401, %f405, %f408;
    fma.rn.ftz.f32 %f410, %f402, %f209, %f409;
    selp.f32 %f411, %f397, %f410, %p385;
    mul.ftz.f32 %f412, %f411, %f378;
    mul.ftz.f32 %f413, %f373, %f412;
    neg.ftz.f32 %f414, %f413;
    fma.rn.ftz.f32 %f415, %f29, %f369, %f414;
    mul.ftz.f32 %f416, %f415, %f6;
    neg.ftz.f32 %f417, %f416;
    mul.ftz.f32 %f418, %f29, %f412;
    fma.rn.ftz.f32 %f419, %f373, %f369, %f418;
    mul.ftz.f32 %f420, %f419, %f6;
    neg.ftz.f32 %f421, %f420;
    mul.ftz.f32 %f422, %f417, %f417;
    fma.rn.ftz.f32 %f423, %f421, %f421, %f422;
    add.ftz.f32 %f424, %f23, %f423;
    rsqrt.approx.ftz.f32 %f425, %f424;
    mul.ftz.f32 %f426, %f417, %f425;
    mul.ftz.f32 %f427, %f421, %f425;
    mul.ftz.f32 %f428, %f7, %f426;
    fma.rn.ftz.f32 %f429, %f10, %f427, %f428;
    fma.rn.ftz.f32 %f430, %f9, %f425, %f429;
    mul.ftz.f32 %f431, %f374, %f430;
    neg.ftz.f32 %f432, %f7;
    fma.rn.ftz.f32 %f433, %f426, %f431, %f432;
    neg.ftz.f32 %f434, %f10;
    fma.rn.ftz.f32 %f435, %f427, %f431, %f434;
    neg.ftz.f32 %f436, %f9;
    fma.rn.ftz.f32 %f437, %f425, %f431, %f436;
    st.param.f32 [result+0], %f433;
    st.param.f32 [result+4], %f435;
    st.param.f32 [result+8], %f437;
    ret;
}

.visible .func (.param .align 4 .b8 result[84]) __direct_callable__b51fdf1c2d33b3ba4d4178a8a31b575b(.reg .u32 self, .reg .u64 data, .param .align 4 .b8 params[40]) {
    // VCall: mitsuba::Shape::compute_surface_interaction()
    .reg.b8   %b <177>; .reg.b16 %w<177>; .reg.b32 %r<177>;
    .reg.b64  %rd<177>; .reg.f32 %f<177>; .reg.f64 %d<177>;
    .reg.pred %p <177>;

    ld.param.f32 %f4, [params+24];
    ld.global.u64 %rd5, [data+16];
    ld.global.u64 %rd6, [data+8];
    ld.param.u32 %r7, [params+36];
    mov.b32 %r8, 0x3;
    mul.lo.u32 %r9, %r7, %r8;
    mov.b32 %r10, 0x1;
    add.u32 %r11, %r9, %r10;
    mov.pred %p12, 0x1;
    mad.wide.u32 %rd3, %r11, 4, %rd6;
    ld.global.nc.u32 %r13, [%rd3];
    shl.b32 %r14, %r13, %r10;
    mad.wide.u32 %rd3, %r14, 4, %rd5;
    ld.global.nc.f32 %f15, [%rd3];
    mad.wide.u32 %rd3, %r9, 4, %rd6;
    ld.global.nc.u32 %r16, [%rd3];
    shl.b32 %r17, %r16, %r10;
    mad.wide.u32 %rd3, %r17, 4, %rd5;
    ld.global.nc.f32 %f18, [%rd3];
    sub.ftz.f32 %f19, %f15, %f18;
    mov.b32 %r20, 0x2;
    add.u32 %r21, %r9, %r20;
    mad.wide.u32 %rd3, %r21, 4, %rd6;
    ld.global.nc.u32 %r22, [%rd3];
    shl.b32 %r23, %r22, %r10;
    add.u32 %r24, %r23, %r10;
    mad.wide.u32 %rd3, %r24, 4, %rd5;
    ld.global.nc.f32 %f25, [%rd3];
    add.u32 %r26, %r17, %r10;
    mad.wide.u32 %rd3, %r26, 4, %rd5;
    ld.global.nc.f32 %f27, [%rd3];
    sub.ftz.f32 %f28, %f25, %f27;
    add.u32 %r29, %r14, %r10;
    mad.wide.u32 %rd3, %r29, 4, %rd5;
    ld.global.nc.f32 %f30, [%rd3];
    sub.ftz.f32 %f31, %f30, %f27;
    mad.wide.u32 %rd3, %r23, 4, %rd5;
    ld.global.nc.f32 %f32, [%rd3];
    sub.ftz.f32 %f33, %f32, %f18;
    mul.ftz.f32 %f34, %f31, %f33;
    neg.ftz.f32 %f35, %f34;
    fma.rn.ftz.f32 %f36, %f19, %f28, %f35;
    mov.b32 %f37, 0x0;
    setp.ne.f32 %p38, %f36, %f37;
    ld.global.u64 %rd39, [data+0];
    mul.lo.u32 %r40, %r13, %r8;
    add.u32 %r41, %r40, %r20;
    mad.wide.u32 %rd3, %r41, 4, %rd39;
    ld.global.nc.f32 %f42, [%rd3];
    mul.lo.u32 %r43, %r16, %r8;
    add.u32 %r44, %r43, %r20;
    mad.wide.u32 %rd3, %r44, 4, %rd39;
    ld.global.nc.f32 %f45, [%rd3];
    sub.ftz.f32 %f46, %f42, %f45;
    neg.ftz.f32 %f47, %f46;
    mul.lo.u32 %r48, %r22, %r8;
    add.u32 %r49, %r48, %r20;
    mad.wide.u32 %rd3, %r49, 4, %rd39;
    ld.global.nc.f32 %f50, [%rd3];
    sub.ftz.f32 %f51, %f50, %f45;
    mul.ftz.f32 %f52, %f19, %f51;
    fma.rn.ftz.f32 %f53, %f33, %f47, %f52;
    rcp.approx.ftz.f32 %f54, %f36;
    mul.ftz.f32 %f55, %f53, %f54;
    mad.wide.u32 %rd3, %r48, 4, %rd39;
    ld.global.nc.f32 %f56, [%rd3];
    mad.wide.u32 %rd3, %r43, 4, %rd39;
    ld.global.nc.f32 %f57, [%rd3];
    sub.ftz.f32 %f58, %f56, %f57;
    mad.wide.u32 %rd3, %r40, 4, %rd39;
    ld.global.nc.f32 %f59, [%rd3];
    sub.ftz.f32 %f60, %f59, %f57;
    mul.ftz.f32 %f61, %f60, %f51;
    neg.ftz.f32 %f62, %f61;
    fma.rn.ftz.f32 %f63, %f46, %f58, %f62;
    add.u32 %r64, %r48, %r10;
    mad.wide.u32 %rd3, %r64, 4, %rd39;
    ld.global.nc.f32 %f65, [%rd3];
    add.u32 %r66, %r43, %r10;
    mad.wide.u32 %rd3, %r66, 4, %rd39;
    ld.global.nc.f32 %f67, [%rd3];
    sub.ftz.f32 %f68, %f65, %f67;
    add.u32 %r69, %r40, %r10;
    mad.wide.u32 %rd3, %r69, 4, %rd39;
    ld.global.nc.f32 %f70, [%rd3];
    sub.ftz.f32 %f71, %f70, %f67;
    mul.ftz.f32 %f72, %f71, %f58;
    neg.ftz.f32 %f73, %f72;
    fma.rn.ftz.f32 %f74, %f60, %f68, %f73;
    mul.ftz.f32 %f75, %f46, %f68;
    neg.ftz.f32 %f76, %f75;
    fma.rn.ftz.f32 %f77, %f71, %f51, %f76;
    mul.ftz.f32 %f78, %f77, %f77;
    fma.rn.ftz.f32 %f79, %f63, %f63, %f78;
    fma.rn.ftz.f32 %f80, %f74, %f74, %f79;
    rsqrt.approx.ftz.f32 %f81, %f80;
    mul.ftz.f32 %f82, %f63, %f81;
    neg.ftz.f32 %f83, %f82;
    selp.f32 %f84, %f55, %f83, %p38;
    mov.b32 %f85, 0x3f800000;
    ld.param.f32 %f86, [params+28];
    sub.ftz.f32 %f87, %f85, %f86;
    ld.param.f32 %f88, [params+32];
    sub.ftz.f32 %f89, %f87, %f88;
    mul.ftz.f32 %f90, %f56, %f88;
    fma.rn.ftz.f32 %f91, %f59, %f86, %f90;
    fma.rn.ftz.f32 %f92, %f57, %f89, %f91;
    mul.ftz.f32 %f93, %f65, %f88;
    fma.rn.ftz.f32 %f94, %f70, %f86, %f93;
    fma.rn.ftz.f32 %f95, %f67, %f89, %f94;
    mul.ftz.f32 %f96, %f50, %f88;
    fma.rn.ftz.f32 %f97, %f42, %f86, %f96;
    fma.rn.ftz.f32 %f98, %f45, %f89, %f97;
    mul.ftz.f32 %f99, %f77, %f81;
    mul.ftz.f32 %f100, %f74, %f81;
    mov.u32 %r101, self;
    mul.ftz.f32 %f102, %f18, %f89;
    fma.rn.ftz.f32 %f103, %f15, %f86, %f102;
    fma.rn.ftz.f32 %f104, %f32, %f88, %f103;
    mul.ftz.f32 %f105, %f27, %f89;
    fma.rn.ftz.f32 %f106, %f30, %f86, %f105;
    fma.rn.ftz.f32 %f107, %f25, %f88, %f106;
    neg.ftz.f32 %f108, %f71;
    mul.ftz.f32 %f109, %f19, %f68;
    fma.rn.ftz.f32 %f110, %f33, %f108, %f109;
    mul.ftz.f32 %f111, %f110, %f54;
    mov.b32 %f112, 0x80000000;
    and.b32 %f113, %f112, %f100;
    or.b32 %f114, %f85, %f113;
    add.ftz.f32 %f115, %f114, %f100;
    rcp.approx.ftz.f32 %f116, %f115;
    neg.ftz.f32 %f117, %f116;
    mul.ftz.f32 %f118, %f82, %f117;
    fma.rn.ftz.f32 %f119, %f82, %f118, %f114;
    selp.f32 %f120, %f111, %f119, %p38;
    neg.ftz.f32 %f121, %f60;
    mul.ftz.f32 %f122, %f19, %f58;
    fma.rn.ftz.f32 %f123, %f33, %f121, %f122;
    mul.ftz.f32 %f124, %f123, %f54;
    mul.ftz.f32 %f125, %f99, %f82;
    mul.ftz.f32 %f126, %f125, %f117;
    selp.f32 %f127, %f124, %f126, %p38;
    mul.ftz.f32 %f128, %f31, %f51;
    neg.ftz.f32 %f129, %f128;
    fma.rn.ftz.f32 %f130, %f28, %f46, %f129;
    mul.ftz.f32 %f131, %f130, %f54;
    setp.ge.f32 %p132, %f100, %f37;
    neg.ftz.f32 %f133, %f99;
    selp.f32 %f134, %f133, %f99, %p132;
    selp.f32 %f135, %f131, %f134, %p38;
    mul.ftz.f32 %f136, %f31, %f68;
    neg.ftz.f32 %f137, %f136;
    fma.rn.ftz.f32 %f138, %f28, %f71, %f137;
    mul.ftz.f32 %f139, %f138, %f54;
    xor.b32 %f140, %f126, %f113;
    selp.f32 %f141, %f139, %f140, %p38;
    mul.ftz.f32 %f142, %f31, %f58;
    neg.ftz.f32 %f143, %f142;
    fma.rn.ftz.f32 %f144, %f28, %f60, %f143;
    mul.ftz.f32 %f145, %f144, %f54;
    mul.ftz.f32 %f146, %f99, %f99;
    mul.ftz.f32 %f147, %f146, %f117;
    xor.b32 %f148, %f147, %f113;
    add.ftz.f32 %f149, %f148, %f85;
    selp.f32 %f150, %f145, %f149, %p38;
    ld.global.u64 %rd151, [data+24];
    mad.wide.u32 %rd3, %r49, 4, %rd151;
    ld.global.nc.f32 %f152, [%rd3];
    mad.wide.u32 %rd3, %r41, 4, %rd151;
    ld.global.nc.f32 %f153, [%rd3];
    mad.wide.u32 %rd3, %r44, 4, %rd151;
    ld.global.nc.f32 %f154, [%rd3];
    mul.ftz.f32 %f155, %f154, %f89;
    fma.rn.ftz.f32 %f156, %f153, %f86, %f155;
    fma.rn.ftz.f32 %f157, %f152, %f88, %f156;
    mad.wide.u32 %rd3, %r64, 4, %rd151;
    ld.global.nc.f32 %f158, [%rd3];
    mad.wide.u32 %rd3, %r69, 4, %rd151;
    ld.global.nc.f32 %f159, [%rd3];
    mad.wide.u32 %rd3, %r66, 4, %rd151;
    ld.global.nc.f32 %f160, [%rd3];
    mul.ftz.f32 %f161, %f160, %f89;
    fma.rn.ftz.f32 %f162, %f159, %f86, %f161;
    fma.rn.ftz.f32 %f163, %f158, %f88, %f162;
    mad.wide.u32 %rd3, %r48, 4, %rd151;
    ld.global.nc.f32 %f164, [%rd3];
    mad.wide.u32 %rd3, %r40, 4, %rd151;
    ld.global.nc.f32 %f165, [%rd3];
    mad.wide.u32 %rd3, %r43, 4, %rd151;
    ld.global.nc.f32 %f166, [%rd3];
    mul.ftz.f32 %f167, %f166, %f89;
    fma.rn.ftz.f32 %f168, %f165, %f86, %f167;
    fma.rn.ftz.f32 %f169, %f164, %f88, %f168;
    mul.ftz.f32 %f170, %f169, %f169;
    fma.rn.ftz.f32 %f171, %f163, %f163, %f170;
    fma.rn.ftz.f32 %f172, %f157, %f157, %f171;
    rsqrt.approx.ftz.f32 %f173, %f172;
    mul.ftz.f32 %f174, %f157, %f173;
    mul.ftz.f32 %f175, %f169, %f173;
    mul.ftz.f32 %f176, %f163, %f173;
    st.param.f32 [result+0], %f4;
    st.param.f32 [result+4], %f84;
    st.param.f32 [result+8], %f92;
    st.param.f32 [result+12], %f95;
    st.param.f32 [result+16], %f98;
    st.param.f32 [result+20], %f99;
    st.param.f32 [result+24], %f82;
    st.param.f32 [result+28], %f100;
    st.param.u32 [result+32], %r101;
    st.param.f32 [result+36], %f104;
    st.param.f32 [result+40], %f107;
    st.param.f32 [result+44], %f86;
    st.param.f32 [result+48], %f88;
    st.param.f32 [result+52], %f120;
    st.param.f32 [result+56], %f127;
    st.param.f32 [result+60], %f135;
    st.param.f32 [result+64], %f141;
    st.param.f32 [result+68], %f150;
    st.param.f32 [result+72], %f174;
    st.param.f32 [result+76], %f175;
    st.param.f32 [result+80], %f176;
    ret;
}

.visible .func (.param .align 4 .b8 result[40]) __direct_callable__c4d47f60c8da4f88452a1a340c2c1995(.reg .u64 data, .param .align 4 .b8 params[32]) {
    // VCall: mitsuba::BSDF::sample()
    .reg.b8   %b <57>; .reg.b16 %w<57>; .reg.b32 %r<57>;
    .reg.b64  %rd<57>; .reg.f32 %f<57>; .reg.f64 %d<57>;
    .reg.pred %p <57>;

    ld.global.u64 %rd4, [data+0];
    mov.b32 %f5, 0x40000000;
    ld.param.f32 %f6, [params+24];
    mov.b32 %f7, 0xbf800000;
    fma.rn.ftz.f32 %f8, %f5, %f6, %f7;
    abs.f32 %f9, %f8;
    ld.param.f32 %f10, [params+28];
    fma.rn.ftz.f32 %f11, %f5, %f10, %f7;
    abs.f32 %f12, %f11;
    setp.lt.f32 %p13, %f9, %f12;
    selp.f32 %f14, %f11, %f8, %p13;
    mov.b32 %f15, 0x0;
    setp.eq.f32 %p16, %f8, %f15;
    setp.eq.f32 %p17, %f11, %f15;
    and.pred %p18, %p16, %p17;
    mov.b32 %f19, 0x3fc90fdb;
    mov.b32 %f20, 0x3f490fdb;
    selp.f32 %f21, %f8, %f11, %p13;
    mul.ftz.f32 %f22, %f20, %f21;
    div.approx.ftz.f32 %f23, %f22, %f14;
    sub.ftz.f32 %f24, %f19, %f23;
    selp.f32 %f25, %f24, %f23, %p13;
    selp.f32 %f26, %f15, %f25, %p18;
    cos.approx.ftz.f32 %f27, %f26;
    mul.ftz.f32 %f28, %f14, %f27;
    sin.approx.ftz.f32 %f29, %f26;
    mul.ftz.f32 %f30, %f14, %f29;
    mov.b32 %f31, 0x3f800000;
    mul.ftz.f32 %f32, %f28, %f28;
    fma.rn.ftz.f32 %f33, %f30, %f30, %f32;
    sub.ftz.f32 %f34, %f31, %f33;
    max.ftz.f32 %f35, %f34, %f15;
    sqrt.approx.ftz.f32 %f36, %f35;
    mov.b32 %f37, 0x3ea2f983;
    mul.ftz.f32 %f38, %f37, %f36;
    mov.b32 %r39, 0x2;
    mov.b32 %r40, 0x0;
    ld.param.f32 %f41, [params+4];
    ld.param.f32 %f42, [params+0];
    fma.rn.ftz.f32 %f43, %f15, %f41, %f42;
    mul.ftz.f32 %f44, %f15, %f42;
    add.ftz.f32 %f45, %f41, %f44;
    .reg.f32 %f46_out_<4>;
    tex.2d.v4.f32.f32 {%f46_out_0, %f46_out_1, %f46_out_2, %f46_out_3}, [%rd4, {%f43, %f45}];
    mov.b32 %f47, %f46_out_0;
    ld.param.f32 %f48, [params+16];
    setp.gt.f32 %p49, %f48, %f15;
    setp.gt.f32 %p50, %f38, %f15;
    and.pred %p51, %p49, %p50;
    selp.b32 %f52, %f47, 0, %p51;
    mov.b32 %f53, %f46_out_1;
    selp.b32 %f54, %f53, 0, %p51;
    mov.b32 %f55, %f46_out_2;
    selp.b32 %f56, %f55, 0, %p51;
    st.param.f32 [result+0], %f28;
    st.param.f32 [result+4], %f30;
    st.param.f32 [result+8], %f36;
    st.param.f32 [result+12], %f38;
    st.param.f32 [result+16], %f31;
    st.param.u32 [result+20], %r39;
    st.param.u32 [result+24], %r40;
    st.param.f32 [result+28], %f52;
    st.param.f32 [result+32], %f54;
    st.param.f32 [result+36], %f56;
    ret;
}

.visible .func (.param .align 4 .b8 result[40]) __direct_callable__f2b9df0a807beedc131b1e1ba408af05(.reg .u64 data, .param .align 4 .b8 params[32]) {
    // VCall: mitsuba::BSDF::sample()
    .reg.b8   %b <59>; .reg.b16 %w<59>; .reg.b32 %r<59>;
    .reg.b64  %rd<59>; .reg.f32 %f<59>; .reg.f64 %d<59>;
    .reg.pred %p <59>;

    ld.param.f32 %f4, [params+20];
    ld.param.f32 %f5, [params+16];
    abs.f32 %f6, %f5;
    mov.b32 %f7, 0x0;
    setp.eq.f32 %p8, %f6, %f7;
    mov.b32 %f9, 0x3f800000;
    mov.b32 %f10, 0x3f000000;
    setp.ge.f32 %p11, %f5, %f7;
    mov.b32 %f12, 0x3fc00000;
    mov.b32 %f13, 0x3f2aaaab;
    selp.f32 %f14, %f12, %f13, %p11;
    neg.ftz.f32 %f15, %f5;
    fma.rn.ftz.f32 %f16, %f5, %f15, %f9;
    selp.f32 %f17, %f13, %f12, %p11;
    mul.ftz.f32 %f18, %f17, %f17;
    neg.ftz.f32 %f19, %f18;
    fma.rn.ftz.f32 %f20, %f16, %f19, %f9;
    max.ftz.f32 %f21, %f20, %f7;
    sqrt.approx.ftz.f32 %f22, %f21;
    neg.ftz.f32 %f23, %f22;
    fma.rn.ftz.f32 %f24, %f14, %f23, %f6;
    fma.rn.ftz.f32 %f25, %f14, %f22, %f6;
    div.approx.ftz.f32 %f26, %f24, %f25;
    mul.ftz.f32 %f27, %f26, %f26;
    neg.ftz.f32 %f28, %f6;
    fma.rn.ftz.f32 %f29, %f14, %f28, %f22;
    fma.rn.ftz.f32 %f30, %f14, %f6, %f22;
    div.approx.ftz.f32 %f31, %f29, %f30;
    mul.ftz.f32 %f32, %f31, %f31;
    add.ftz.f32 %f33, %f27, %f32;
    mul.ftz.f32 %f34, %f10, %f33;
    selp.f32 %f35, %f9, %f34, %p8;
    setp.le.f32 %p36, %f4, %f35;
    ld.param.f32 %f37, [params+8];
    neg.ftz.f32 %f38, %f37;
    neg.ftz.f32 %f39, %f17;
    mul.ftz.f32 %f40, %f39, %f37;
    selp.f32 %f41, %f38, %f40, %p36;
    ld.param.f32 %f42, [params+12];
    neg.ftz.f32 %f43, %f42;
    mul.ftz.f32 %f44, %f39, %f42;
    selp.f32 %f45, %f43, %f44, %p36;
    selp.f32 %f46, %f23, %f22, %p11;
    selp.f32 %f47, %f5, %f46, %p36;
    sub.ftz.f32 %f48, %f9, %f35;
    selp.f32 %f49, %f35, %f48, %p36;
    selp.f32 %f50, %f9, %f14, %p36;
    mov.b32 %r51, 0x20;
    mov.b32 %r52, 0x40;
    selp.u32 %r53, %r51, %r52, %p36;
    mov.b32 %r54, 0x0;
    mov.b32 %r55, 0x1;
    selp.u32 %r56, %r54, %r55, %p36;
    not.pred %p57, %p36;
    selp.f32 %f58, %f18, %f9, %p57;
    st.param.f32 [result+0], %f41;
    st.param.f32 [result+4], %f45;
    st.param.f32 [result+8], %f47;
    st.param.f32 [result+12], %f49;
    st.param.f32 [result+16], %f50;
    st.param.u32 [result+20], %r53;
    st.param.u32 [result+24], %r56;
    st.param.f32 [result+28], %f58;
    st.param.f32 [result+32], %f58;
    st.param.f32 [result+36], %f58;
    ret;
}

.visible .func (.param .align 4 .b8 result[84]) __direct_callable__f9bd1a8ba432bd68f535c3799a2e3ec5(.reg .u32 self, .reg .u64 data, .param .align 4 .b8 params[40]) {
    // VCall: mitsuba::Shape::compute_surface_interaction()
    .reg.b8   %b <151>; .reg.b16 %w<151>; .reg.b32 %r<151>;
    .reg.b64  %rd<151>; .reg.f32 %f<151>; .reg.f64 %d<151>;
    .reg.pred %p <151>;

    ld.param.f32 %f4, [params+24];
    ld.global.u64 %rd5, [data+16];
    ld.global.u64 %rd6, [data+8];
    ld.param.u32 %r7, [params+36];
    mov.b32 %r8, 0x3;
    mul.lo.u32 %r9, %r7, %r8;
    mov.b32 %r10, 0x1;
    add.u32 %r11, %r9, %r10;
    mov.pred %p12, 0x1;
    mad.wide.u32 %rd3, %r11, 4, %rd6;
    ld.global.nc.u32 %r13, [%rd3];
    shl.b32 %r14, %r13, %r10;
    mad.wide.u32 %rd3, %r14, 4, %rd5;
    ld.global.nc.f32 %f15, [%rd3];
    mad.wide.u32 %rd3, %r9, 4, %rd6;
    ld.global.nc.u32 %r16, [%rd3];
    shl.b32 %r17, %r16, %r10;
    mad.wide.u32 %rd3, %r17, 4, %rd5;
    ld.global.nc.f32 %f18, [%rd3];
    sub.ftz.f32 %f19, %f15, %f18;
    mov.b32 %r20, 0x2;
    add.u32 %r21, %r9, %r20;
    mad.wide.u32 %rd3, %r21, 4, %rd6;
    ld.global.nc.u32 %r22, [%rd3];
    shl.b32 %r23, %r22, %r10;
    add.u32 %r24, %r23, %r10;
    mad.wide.u32 %rd3, %r24, 4, %rd5;
    ld.global.nc.f32 %f25, [%rd3];
    add.u32 %r26, %r17, %r10;
    mad.wide.u32 %rd3, %r26, 4, %rd5;
    ld.global.nc.f32 %f27, [%rd3];
    sub.ftz.f32 %f28, %f25, %f27;
    add.u32 %r29, %r14, %r10;
    mad.wide.u32 %rd3, %r29, 4, %rd5;
    ld.global.nc.f32 %f30, [%rd3];
    sub.ftz.f32 %f31, %f30, %f27;
    mad.wide.u32 %rd3, %r23, 4, %rd5;
    ld.global.nc.f32 %f32, [%rd3];
    sub.ftz.f32 %f33, %f32, %f18;
    mul.ftz.f32 %f34, %f31, %f33;
    neg.ftz.f32 %f35, %f34;
    fma.rn.ftz.f32 %f36, %f19, %f28, %f35;
    mov.b32 %f37, 0x0;
    setp.ne.f32 %p38, %f36, %f37;
    ld.global.u64 %rd39, [data+0];
    mul.lo.u32 %r40, %r13, %r8;
    add.u32 %r41, %r40, %r20;
    mad.wide.u32 %rd3, %r41, 4, %rd39;
    ld.global.nc.f32 %f42, [%rd3];
    mul.lo.u32 %r43, %r16, %r8;
    add.u32 %r44, %r43, %r20;
    mad.wide.u32 %rd3, %r44, 4, %rd39;
    ld.global.nc.f32 %f45, [%rd3];
    sub.ftz.f32 %f46, %f42, %f45;
    neg.ftz.f32 %f47, %f46;
    mul.lo.u32 %r48, %r22, %r8;
    add.u32 %r49, %r48, %r20;
    mad.wide.u32 %rd3, %r49, 4, %rd39;
    ld.global.nc.f32 %f50, [%rd3];
    sub.ftz.f32 %f51, %f50, %f45;
    mul.ftz.f32 %f52, %f19, %f51;
    fma.rn.ftz.f32 %f53, %f33, %f47, %f52;
    rcp.approx.ftz.f32 %f54, %f36;
    mul.ftz.f32 %f55, %f53, %f54;
    mad.wide.u32 %rd3, %r48, 4, %rd39;
    ld.global.nc.f32 %f56, [%rd3];
    mad.wide.u32 %rd3, %r43, 4, %rd39;
    ld.global.nc.f32 %f57, [%rd3];
    sub.ftz.f32 %f58, %f56, %f57;
    mad.wide.u32 %rd3, %r40, 4, %rd39;
    ld.global.nc.f32 %f59, [%rd3];
    sub.ftz.f32 %f60, %f59, %f57;
    mul.ftz.f32 %f61, %f60, %f51;
    neg.ftz.f32 %f62, %f61;
    fma.rn.ftz.f32 %f63, %f46, %f58, %f62;
    add.u32 %r64, %r48, %r10;
    mad.wide.u32 %rd3, %r64, 4, %rd39;
    ld.global.nc.f32 %f65, [%rd3];
    add.u32 %r66, %r43, %r10;
    mad.wide.u32 %rd3, %r66, 4, %rd39;
    ld.global.nc.f32 %f67, [%rd3];
    sub.ftz.f32 %f68, %f65, %f67;
    add.u32 %r69, %r40, %r10;
    mad.wide.u32 %rd3, %r69, 4, %rd39;
    ld.global.nc.f32 %f70, [%rd3];
    sub.ftz.f32 %f71, %f70, %f67;
    mul.ftz.f32 %f72, %f71, %f58;
    neg.ftz.f32 %f73, %f72;
    fma.rn.ftz.f32 %f74, %f60, %f68, %f73;
    mul.ftz.f32 %f75, %f46, %f68;
    neg.ftz.f32 %f76, %f75;
    fma.rn.ftz.f32 %f77, %f71, %f51, %f76;
    mul.ftz.f32 %f78, %f77, %f77;
    fma.rn.ftz.f32 %f79, %f63, %f63, %f78;
    fma.rn.ftz.f32 %f80, %f74, %f74, %f79;
    rsqrt.approx.ftz.f32 %f81, %f80;
    mul.ftz.f32 %f82, %f63, %f81;
    neg.ftz.f32 %f83, %f82;
    selp.f32 %f84, %f55, %f83, %p38;
    mov.b32 %f85, 0x3f800000;
    ld.param.f32 %f86, [params+28];
    sub.ftz.f32 %f87, %f85, %f86;
    ld.param.f32 %f88, [params+32];
    sub.ftz.f32 %f89, %f87, %f88;
    mul.ftz.f32 %f90, %f56, %f88;
    fma.rn.ftz.f32 %f91, %f59, %f86, %f90;
    fma.rn.ftz.f32 %f92, %f57, %f89, %f91;
    mul.ftz.f32 %f93, %f65, %f88;
    fma.rn.ftz.f32 %f94, %f70, %f86, %f93;
    fma.rn.ftz.f32 %f95, %f67, %f89, %f94;
    mul.ftz.f32 %f96, %f50, %f88;
    fma.rn.ftz.f32 %f97, %f42, %f86, %f96;
    fma.rn.ftz.f32 %f98, %f45, %f89, %f97;
    mul.ftz.f32 %f99, %f77, %f81;
    mul.ftz.f32 %f100, %f74, %f81;
    mov.u32 %r101, self;
    mul.ftz.f32 %f102, %f18, %f89;
    fma.rn.ftz.f32 %f103, %f15, %f86, %f102;
    fma.rn.ftz.f32 %f104, %f32, %f88, %f103;
    mul.ftz.f32 %f105, %f27, %f89;
    fma.rn.ftz.f32 %f106, %f30, %f86, %f105;
    fma.rn.ftz.f32 %f107, %f25, %f88, %f106;
    neg.ftz.f32 %f108, %f71;
    mul.ftz.f32 %f109, %f19, %f68;
    fma.rn.ftz.f32 %f110, %f33, %f108, %f109;
    mul.ftz.f32 %f111, %f110, %f54;
    mov.b32 %f112, 0x80000000;
    and.b32 %f113, %f112, %f100;
    or.b32 %f114, %f85, %f113;
    add.ftz.f32 %f115, %f114, %f100;
    rcp.approx.ftz.f32 %f116, %f115;
    neg.ftz.f32 %f117, %f116;
    mul.ftz.f32 %f118, %f82, %f117;
    fma.rn.ftz.f32 %f119, %f82, %f118, %f114;
    selp.f32 %f120, %f111, %f119, %p38;
    neg.ftz.f32 %f121, %f60;
    mul.ftz.f32 %f122, %f19, %f58;
    fma.rn.ftz.f32 %f123, %f33, %f121, %f122;
    mul.ftz.f32 %f124, %f123, %f54;
    mul.ftz.f32 %f125, %f99, %f82;
    mul.ftz.f32 %f126, %f125, %f117;
    selp.f32 %f127, %f124, %f126, %p38;
    mul.ftz.f32 %f128, %f31, %f51;
    neg.ftz.f32 %f129, %f128;
    fma.rn.ftz.f32 %f130, %f28, %f46, %f129;
    mul.ftz.f32 %f131, %f130, %f54;
    setp.ge.f32 %p132, %f100, %f37;
    neg.ftz.f32 %f133, %f99;
    selp.f32 %f134, %f133, %f99, %p132;
    selp.f32 %f135, %f131, %f134, %p38;
    mul.ftz.f32 %f136, %f31, %f68;
    neg.ftz.f32 %f137, %f136;
    fma.rn.ftz.f32 %f138, %f28, %f71, %f137;
    mul.ftz.f32 %f139, %f138, %f54;
    xor.b32 %f140, %f126, %f113;
    selp.f32 %f141, %f139, %f140, %p38;
    mul.ftz.f32 %f142, %f31, %f58;
    neg.ftz.f32 %f143, %f142;
    fma.rn.ftz.f32 %f144, %f28, %f60, %f143;
    mul.ftz.f32 %f145, %f144, %f54;
    mul.ftz.f32 %f146, %f99, %f99;
    mul.ftz.f32 %f147, %f146, %f117;
    xor.b32 %f148, %f147, %f113;
    add.ftz.f32 %f149, %f148, %f85;
    selp.f32 %f150, %f145, %f149, %p38;
    st.param.f32 [result+0], %f4;
    st.param.f32 [result+4], %f84;
    st.param.f32 [result+8], %f92;
    st.param.f32 [result+12], %f95;
    st.param.f32 [result+16], %f98;
    st.param.f32 [result+20], %f99;
    st.param.f32 [result+24], %f82;
    st.param.f32 [result+28], %f100;
    st.param.u32 [result+32], %r101;
    st.param.f32 [result+36], %f104;
    st.param.f32 [result+40], %f107;
    st.param.f32 [result+44], %f86;
    st.param.f32 [result+48], %f88;
    st.param.f32 [result+52], %f120;
    st.param.f32 [result+56], %f127;
    st.param.f32 [result+60], %f135;
    st.param.f32 [result+64], %f141;
    st.param.f32 [result+68], %f150;
    st.param.f32 [result+72], %f100;
    st.param.f32 [result+76], %f99;
    st.param.f32 [result+80], %f82;
    ret;
}


COMPILE ERROR: failed to create pipeline
Info: Pipeline statistics
	module(s)                            :     2
	entry function(s)                    :    28
	trace call(s)                        :     1
	continuation callable call(s)        :     0
	direct callable call(s)              :     3
	basic block(s) in entry functions    :   397
	instruction(s) in entry functions    : 14281
	non-entry function(s)                :     0
	basic block(s) in non-entry functions:     0
	instruction(s) in non-entry functions:     0
	debug information                    :    no

%p34;
    mul.ftz.f32 %f42, %f21, %f27;
    mov.b32 %f43, 0x40000000;
    ld.param.f32 %f44, [params+24];
    fma.rn.ftz.f32 %f45, %f43, %f44, %f39;
    abs.f32 %f46, %f45;
    ld.param.f32 %f47, [params+28];
    fma.rn.ftz.f32 %f48, %f43, %f47, %f39;
    abs.f32 %f49, %f48;
    setp.lt.f32 %p50, %f46, %f49;
    selp.f32 %f51, %f48, %f45, %p50;
    mov.b32 %f52, 0x0;
    setp.eq.f32 %p53, %f45, %f52;
    setp.eq.f32 %p54, %f48, %f52;
    and.pred %p55, %p53, %p54;
    mov.b32 %f56, 0x3fc90fdb;
    mov.b32 %f57, 0x3f490fdb;
    selp.f32 %f58, %f45, %f48, %p50;
    mul.ftz.f32 %f59, %f57, %f58;
    div.approx.ftz.f32 %f60, %f59, %f51;
    sub.ftz.f32 %f61, %f56, %f60;
    selp.f32 %f62, %f61, %f60, %p50;
    selp.f32 %f63, %f52, %f62, %p55;
    sin.approx.ftz.f32 %f64, %f63;
    mul.ftz.f32 %f65, %f51, %f64;
    mov.b32 %f66, 0x3f000000;
    add.ftz.f32 %f67, %f35, %f42;
    mul.ftz.f32 %f68, %f66, %f67;
    cos.approx.ftz.f32 %f69, %f63;
    mul.ftz.f32 %f70, %f51, %f69;
    mul.ftz.f32 %f71, %f70, %f70;
    sub.ftz.f32 %f72, %f35, %f71;
    max.ftz.f32 %f73, %f72, %f52;
    sqrt.approx.ftz.f32 %f74, %f73;
    neg.ftz.f32 %f75, %f68;
    fma.rn.ftz.f32 %f76, %f74, %f75, %f74;
    fma.rn.ftz.f32 %f77, %f65, %f68, %f76;
    mul.ftz.f32 %f78, %f42, %f42;
    sub.ftz.f32 %f79, %f35, %f78;
    max.ftz.f32 %f80, %f79, %f52;
    sqrt.approx.ftz.f32 %f81, %f80;
    fma.rn.ftz.f32 %f82, %f77, %f77, %f71;
    sub.ftz.f32 %f83, %f35, %f82;
    max.ftz.f32 %f84, %f83, %f52;
    sqrt.approx.ftz.f32 %f85, %f84;
    mul.ftz.f32 %f86, %f81, %f85;
    neg.ftz.f32 %f87, %f86;
    fma.rn.ftz.f32 %f88, %f42, %f77, %f87;
    mul.ftz.f32 %f89, %f42, %f85;
    fma.rn.ftz.f32 %f90, %f81, %f77, %f89;
    rcp.approx.ftz.f32 %f91, %f90;
    mul.ftz.f32 %f92, %f88, %f91;
    mul.ftz.f32 %f93, %f29, %f36;
    min.ftz.f32 %f94, %f93, %f35;
    max.ftz.f32 %f95, %f94, %f39;
    selp.f32 %f96, %f52, %f95, %p34;
    mul.ftz.f32 %f97, %f70, %f91;
    mul.ftz.f32 %f98, %f96, %f97;
    neg.ftz.f32 %f99, %f98;
    fma.rn.ftz.f32 %f100, %f41, %f92, %f99;
    mul.ftz.f32 %f101, %f100, %f18;
    neg.ftz.f32 %f102, %f101;
    mul.ftz.f32 %f103, %f41, %f97;
    fma.rn.ftz.f32 %f104, %f96, %f92, %f103;
    mul.ftz.f32 %f105, %f104, %f18;
    neg.ftz.f32 %f106, %f105;
    mul.ftz.f32 %f107, %f102, %f102;
    fma.rn.ftz.f32 %f108, %f106, %f106, %f107;
    add.ftz.f32 %f109, %f35, %f108;
    rsqrt.approx.ftz.f32 %f110, %f109;
    mul.ftz.f32 %f111, %f102, %f110;
    mul.ftz.f32 %f112, %f106, %f110;
    mul.ftz.f32 %f113, %f19, %f111;
    fma.rn.ftz.f32 %f114, %f22, %f112, %f113;
    fma.rn.ftz.f32 %f115, %f21, %f110, %f114;
    mul.ftz.f32 %f116, %f43, %f115;
    neg.ftz.f32 %f117, %f19;
    fma.rn.ftz.f32 %f118, %f111, %f116, %f117;
    neg.ftz.f32 %f119, %f22;
    fma.rn.ftz.f32 %f120, %f112, %f116, %f119;
    neg.ftz.f32 %f121, %f21;
    fma.rn.ftz.f32 %f122, %f110, %f116, %f121;
    mov.b32 %f123, 0x40490fdb;
    mul.ftz.f32 %f124, %f18, %f18;
    mul.ftz.f32 %f125, %f123, %f124;
    div.approx.ftz.f32 %f126, %f111, %f18;
    mul.ftz.f32 %f127, %f126, %f126;
    div.approx.ftz.f32 %f128, %f112, %f18;
    mul.ftz.f32 %f129, %f128, %f128;
    add.ftz.f32 %f130, %f127, %f129;
    mul.ftz.f32 %f131, %f110, %f110;
    add.ftz.f32 %f132, %f130, %f131;
    mul.ftz.f32 %f133, %f132, %f132;
    mul.ftz.f32 %f134, %f125, %f133;
    rcp.approx.ftz.f32 %f135, %f134;
    mul.ftz.f32 %f136, %f135, %f110;
    mov.b32 %f137, 0x1e3ce508;
    setp.gt.f32 %p138, %f136, %f137;
    selp.f32 %f139, %f135, %f52, %p138;
    mul.ftz.f32 %f140, %f115, %f21;
    setp.le.f32 %p141, %f140, %f52;
    mul.ftz.f32 %f142, %f23, %f23;
    add.ftz.f32 %f143, %f24, %f142;
    setp.eq.f32 %p144, %f143, %f52;
    mul.ftz.f32 %f145, %f21, %f21;
    div.approx.ftz.f32 %f146, %f143, %f145;
    add.ftz.f32 %f147, %f35, %f146;
    sqrt.approx.ftz.f32 %f148, %f147;
    add.ftz.f32 %f149, %f35, %f148;
    div.approx.ftz.f32 %f150, %f43, %f149;
    selp.f32 %f151, %f35, %f150, %p144;
    selp.f32 %f152, %f52, %f151, %p141;
    mul.ftz.f32 %f153, %f139, %f152;
    abs.f32 %f154, %f115;
    mul.ftz.f32 %f155, %f153, %f154;
    div.approx.ftz.f32 %f156, %f155, %f21;
    mov.b32 %f157, 0x40800000;
    mul.ftz.f32 %f158, %f118, %f111;
    fma.rn.ftz.f32 %f159, %f120, %f112, %f158;
    fma.rn.ftz.f32 %f160, %f122, %f110, %f159;
    mul.ftz.f32 %f161, %f157, %f160;
    div.approx.ftz.f32 %f162, %f156, %f161;
    mov.b32 %r163, 0x8;
    mov.b32 %r164, 0x0;
    mul.ftz.f32 %f165, %f10, %f10;
    mul.ftz.f32 %f166, %f11, %f11;
    sub.ftz.f32 %f167, %f165, %f166;
    mul.ftz.f32 %f168, %f115, %f115;
    sub.ftz.f32 %f169, %f35, %f168;
    sub.ftz.f32 %f170, %f167, %f169;
    mul.ftz.f32 %f171, %f170, %f170;
    mul.ftz.f32 %f172, %f157, %f11;
    mul.ftz.f32 %f173, %f172, %f11;
    mul.ftz.f32 %f174, %f173, %f10;
    mul.ftz.f32 %f175, %f174, %f10;
    add.ftz.f32 %f176, %f171, %f175;
    max.ftz.f32 %f177, %f176, %f52;
    sqrt.approx.ftz.f32 %f178, %f177;
    add.ftz.f32 %f179, %f178, %f168;
    add.ftz.f32 %f180, %f178, %f170;
    mul.ftz.f32 %f181, %f66, %f180;
    max.ftz.f32 %f182, %f181, %f52;
    sqrt.approx.ftz.f32 %f183, %f182;
    mul.ftz.f32 %f184, %f116, %f183;
    sub.ftz.f32 %f185, %f179, %f184;
    add.ftz.f32 %f186, %f179, %f184;
    div.approx.ftz.f32 %f187, %f185, %f186;
    mul.ftz.f32 %f188, %f178, %f168;
    mul.ftz.f32 %f189, %f169, %f169;
    add.ftz.f32 %f190, %f188, %f189;
    mul.ftz.f32 %f191, %f184, %f169;
    sub.ftz.f32 %f192, %f190, %f191;
    mul.ftz.f32 %f193, %f187, %f192;
    add.ftz.f32 %f194, %f190, %f191;
    div.approx.ftz.f32 %f195, %f193, %f194;
    add.ftz.f32 %f196, %f187, %f195;
    mul.ftz.f32 %f197, %f66, %f196;
    mul.ftz.f32 %f198, %f160, %f122;
    setp.le.f32 %p199, %f198, %f52;
    mul.ftz.f32 %f200, %f18, %f118;
    mul.ftz.f32 %f201, %f200, %f200;
    mul.ftz.f32 %f202, %f18, %f120;
    mul.ftz.f32 %f203, %f202, %f202;
    add.ftz.f32 %f204, %f201, %f203;
    setp.eq.f32 %p205, %f204, %f52;
    mul.ftz.f32 %f206, %f122, %f122;
    div.approx.ftz.f32 %f207, %f204, %f206;
    add.ftz.f32 %f208, %f35, %f207;
    sqrt.approx.ftz.f32 %f209, %f208;
    add.ftz.f32 %f210, %f35, %f209;
    div.approx.ftz.f32 %f211, %f43, %f210;
    selp.f32 %f212, %f35, %f211, %p205;
    selp.f32 %f213, %f52, %f212, %p199;
    ld.param.f32 %f214, [params+4];
    mov.b32 %f215, 0x41a00000;
    ld.param.f32 %f216, [params+0];
    mul.ftz.f32 %f217, %f215, %f216;
    fma.rn.ftz.f32 %f218, %f52, %f214, %f217;
    cvt.rmi.f32.f32 %f219, %f218;
    sub.ftz.f32 %f220, %f218, %f219;
    setp.gt.f32 %p221, %f220, %f66;
    mov.b32 %f222, 0x42a00000;
    mul.ftz.f32 %f223, %f52, %f216;
    fma.rn.ftz.f32 %f224, %f222, %f214, %f223;
    cvt.rmi.f32.f32 %f225, %f224;
    sub.ftz.f32 %f226, %f224, %f225;
    setp.gt.f32 %p227, %f226, %f66;
    xor.pred %p228, %p221, %p227;
    not.pred %p228, %p228;    not.pred %p229, %p228;
    setp.gt.f32 %p230, %f21, %f52;
    setp.ne.f32 %p231, %f156, %f52;
    setp.gt.f32 %p232, %f122, %f52;
    and.pred %p233, %p231, %p232;
    and.pred %p234, %p230, %p233;
    and.pred %p235, %p229, %p234;
    and.pred %p236, %p228, %p234;
    selp.f32 %f237, %f5, %f52, %p236;
    selp.f32 %f238, %f4, %f237, %p235;
    mul.ftz.f32 %f239, %f213, %f238;
    mul.ftz.f32 %f240, %f197, %f239;
    selp.b32 %f241, %f240, 0, %p234;
    mul.ftz.f32 %f242, %f12, %f12;
    mul.ftz.f32 %f243, %f13, %f13;
    sub.ftz.f32 %f244, %f242, %f243;
    sub.ftz.f32 %f245, %f244, %f169;
    mul.ftz.f32 %f246, %f245, %f245;
    mul.ftz.f32 %f247, %f157, %f13;
    mul.ftz.f32 %f248, %f247, %f13;
    mul.ftz.f32 %f249, %f248, %f12;
    mul.ftz.f32 %f250, %f249, %f12;
    add.ftz.f32 %f251, %f246, %f250;
    max.ftz.f32 %f252, %f251, %f52;
    sqrt.approx.ftz.f32 %f253, %f252;
    add.ftz.f32 %f254, %f253, %f168;
    add.ftz.f32 %f255, %f253, %f245;
    mul.ftz.f32 %f256, %f66, %f255;
    max.ftz.f32 %f257, %f256, %f52;
    sqrt.approx.ftz.f32 %f258, %f257;
    mul.ftz.f32 %f259, %f116, %f258;
    sub.ftz.f32 %f260, %f254, %f259;
    add.ftz.f32 %f261, %f254, %f259;
    div.approx.ftz.f32 %f262, %f260, %f261;
    mul.ftz.f32 %f263, %f253, %f168;
    add.ftz.f32 %f264, %f263, %f189;
    mul.ftz.f32 %f265, %f259, %f169;
    sub.ftz.f32 %f266, %f264, %f265;
    mul.ftz.f32 %f267, %f262, %f266;
    add.ftz.f32 %f268, %f264, %f265;
    div.approx.ftz.f32 %f269, %f267, %f268;
    add.ftz.f32 %f270, %f262, %f269;
    mul.ftz.f32 %f271, %f66, %f270;
    selp.f32 %f272, %f7, %f52, %p236;
    selp.f32 %f273, %f6, %f272, %p235;
    mul.ftz.f32 %f274, %f213, %f273;
    mul.ftz.f32 %f275, %f271, %f274;
    selp.b32 %f276, %f275, 0, %p234;
    mul.ftz.f32 %f277, %f14, %f14;
    mul.ftz.f32 %f278, %f15, %f15;
    sub.ftz.f32 %f279, %f277, %f278;
    sub.ftz.f32 %f280, %f279, %f169;
    mul.ftz.f32 %f281, %f280, %f280;
    mul.ftz.f32 %f282, %f157, %f15;
    mul.ftz.f32 %f283, %f282, %f15;
    mul.ftz.f32 %f284, %f283, %f14;
    mul.ftz.f32 %f285, %f284, %f14;
    add.ftz.f32 %f286, %f281, %f285;
    max.ftz.f32 %f287, %f286, %f52;
    sqrt.approx.ftz.f32 %f288, %f287;
    add.ftz.f32 %f289, %f288, %f168;
    add.ftz.f32 %f290, %f288, %f280;
    mul.ftz.f32 %f291, %f66, %f290;
    max.ftz.f32 %f292, %f291, %f52;
    sqrt.approx.ftz.f32 %f293, %f292;
    mul.ftz.f32 %f294, %f116, %f293;
    sub.ftz.f32 %f295, %f289, %f294;
    add.ftz.f32 %f296, %f289, %f294;
    div.approx.ftz.f32 %f297, %f295, %f296;
    mul.ftz.f32 %f298, %f288, %f168;
    add.ftz.f32 %f299, %f298, %f189;
    mul.ftz.f32 %f300, %f294, %f169;
    sub.ftz.f32 %f301, %f299, %f300;
    mul.ftz.f32 %f302, %f297, %f301;
    add.ftz.f32 %f303, %f299, %f300;
    div.approx.ftz.f32 %f304, %f302, %f303;
    add.ftz.f32 %f305, %f297, %f304;
    mul.ftz.f32 %f306, %f66, %f305;
    selp.f32 %f307, %f9, %f52, %p236;
    selp.f32 %f308, %f8, %f307, %p235;
    mul.ftz.f32 %f309, %f213, %f308;
    mul.ftz.f32 %f310, %f306, %f309;
    selp.b32 %f311, %f310, 0, %p234;
    st.param.f32 [result+0], %f118;
    st.param.f32 [result+4], %f120;
    st.param.f32 [result+8], %f122;
    st.param.f32 [result+12], %f162;
    st.param.f32 [result+16], %f35;
    st.param.u32 [result+20], %r163;
    st.param.u32 [result+24], %r164;
    st.param.f32 [result+28], %f241;
    st.param.f32 [result+32], %f276;
    st.param.f32 [result+36], %f311;
    ret;
}

.visible .func (.param .align 4 .b8 result[12]) __direct_callable__802333739527ac2c145adb6cbe510e42(.reg .u64 data, .param .align 4 .b8 params[24]) {
    // VCall: mitsuba::BSDF::sample()
    .reg.b8   %b <438>; .reg.b16 %w<438>; .reg.b32 %r<438>;
    .reg.b64  %rd<438>; .reg.f32 %f<438>; .reg.f64 %d<438>;
    .reg.pred %p <438>;

    ld.global.f32 %f4, [data+0];
    mov.b32 %f5, 0x38d1b717;
    max.ftz.f32 %f6, %f4, %f5;
    ld.param.f32 %f7, [params+0];
    mul.ftz.f32 %f8, %f6, %f7;
    ld.param.f32 %f9, [params+8];
    ld.param.f32 %f10, [params+4];
    mul.ftz.f32 %f11, %f6, %f10;
    mul.ftz.f32 %f12, %f8, %f8;
    fma.rn.ftz.f32 %f13, %f11, %f11, %f12;
    fma.rn.ftz.f32 %f14, %f9, %f9, %f13;
    rsqrt.approx.ftz.f32 %f15, %f14;
    mul.ftz.f32 %f16, %f8, %f15;
    mul.ftz.f32 %f17, %f11, %f15;
    mul.ftz.f32 %f18, %f17, %f17;
    fma.rn.ftz.f32 %f19, %f16, %f16, %f18;
    abs.f32 %f20, %f19;
    mov.b32 %f21, 0x34800000;
    setp.le.f32 %p22, %f20, %f21;
    mov.b32 %f23, 0x3f800000;
    rsqrt.approx.ftz.f32 %f24, %f19;
    mul.ftz.f32 %f25, %f16, %f24;
    min.ftz.f32 %f26, %f25, %f23;
    mov.b32 %f27, 0xbf800000;
    max.ftz.f32 %f28, %f26, %f27;
    selp.f32 %f29, %f23, %f28, %p22;
    mul.ftz.f32 %f30, %f9, %f15;
    neg.ftz.f32 %f31, %f30;
    fma.rn.ftz.f32 %f32, %f30, %f31, %f23;
    mov.b32 %f33, 0x0;
    max.ftz.f32 %f34, %f32, %f33;
    sqrt.approx.ftz.f32 %f35, %f34;
    div.approx.ftz.f32 %f36, %f35, %f30;
    rcp.approx.ftz.f32 %f37, %f36;
    abs.f32 %f38, %f37;
    setp.lt.f32 %p39, %f38, %f23;
    mul.ftz.f32 %f40, %f37, %f37;
    mul.ftz.f32 %f41, %f40, %f40;
    mul.ftz.f32 %f42, %f41, %f41;
    mul.ftz.f32 %f43, %f42, %f42;
    mov.b32 %f44, 0xb055d725;
    mov.b32 %f45, 0x326b8d88;
    fma.rn.ftz.f32 %f46, %f40, %f44, %f45;
    mov.b32 %f47, 0xb42e0393;
    mov.b32 %f48, 0x35dcbfea;
    fma.rn.ftz.f32 %f49, %f40, %f47, %f48;
    fma.rn.ftz.f32 %f50, %f41, %f46, %f49;
    mov.b32 %f51, 0xb77a6527;
    mov.b32 %f52, 0x38fcd15d;
    fma.rn.ftz.f32 %f53, %f40, %f51, %f52;
    mov.b32 %f54, 0xba6016d8;
    mov.b32 %f55, 0x3bab2de6;
    fma.rn.ftz.f32 %f56, %f40, %f54, %f55;
    fma.rn.ftz.f32 %f57, %f41, %f53, %f56;
    mov.b32 %f58, 0xbcdc1672;
    mov.b32 %f59, 0x3de71791;
    fma.rn.ftz.f32 %f60, %f40, %f58, %f59;
    mov.b32 %f61, 0xbec093a3;
    mov.b32 %f62, 0x3f906ebb;
    fma.rn.ftz.f32 %f63, %f40, %f61, %f62;
    fma.rn.ftz.f32 %f64, %f41, %f60, %f63;
    fma.rn.ftz.f32 %f65, %f42, %f57, %f64;
    fma.rn.ftz.f32 %f66, %f43, %f50, %f65;
    mul.ftz.f32 %f67, %f37, %f66;
    mul.ftz.f32 %f68, %f38, %f38;
    mul.ftz.f32 %f69, %f68, %f68;
    mov.b32 %f70, 0xb9cd1e1c;
    mov.b32 %f71, 0xbc327bfe;
    fma.rn.ftz.f32 %f72, %f38, %f70, %f71;
    mov.b32 %f73, 0xbdce6dbf;
    mov.b32 %f74, 0xbefd92d0;
    fma.rn.ftz.f32 %f75, %f38, %f73, %f74;
    fma.rn.ftz.f32 %f76, %f68, %f72, %f75;
    mov.b32 %f77, 0xbfbda45c;
    mov.b32 %f78, 0xc031cf5c;
    fma.rn.ftz.f32 %f79, %f38, %f77, %f78;
    mov.b32 %f80, 0xc045d94b;
    mov.b32 %f81, 0xbfd05f42;
    fma.rn.ftz.f32 %f82, %f38, %f80, %f81;
    fma.rn.ftz.f32 %f83, %f68, %f79, %f82;
    fma.rn.ftz.f32 %f84, %f69, %f76, %f83;
    mov.b32 %f85, 0xb001e898;
    mov.b32 %f86, 0x398e350d;
    fma.rn.ftz.f32 %f87, %f38, %f85, %f86;
    mov.b32 %f88, 0x3bf73fc8;
    mov.b32 %f89, 0x3d8c7442;
    fma.rn.ftz.f32 %f90, %f38, %f88, %f89;
    fma.rn.ftz.f32 %f91, %f68, %f87, %f90;
    mov.b32 %f92, 0x3ea34427;
    mov.b32 %f93, 0x3f5ccc80;
    fma.rn.ftz.f32 %f94, %f38, %f92, %f93;
    mov.b32 %f95, 0x3faadae8;
    fma.rn.ftz.f32 %f96, %f38, %f95, %f23;
    fma.rn.ftz.f32 %f97, %f68, %f94, %f96;
    fma.rn.ftz.f32 %f98, %f69, %f91, %f97;
    div.approx.ftz.f32 %f99, %f84, %f98;
    mul.ftz.f32 %f100, %f99, %f38;
    ex2.approx.ftz.f32 %f101, %f100;
    sub.ftz.f32 %f102, %f23, %f101;
    abs.f32 %f103, %f102;
    mov.b32 %f104, 0x7f800000;
    setp.lt.f32 %p105, %f103, %f104;
    selp.f32 %f106, %f102, %f23, %p105;
    abs.f32 %f107, %f106;
    mov.b32 %f108, 0x80000000;
    and.b32 %f109, %f108, %f37;
    or.b32 %f110, %f107, %f109;
    selp.f32 %f111, %f67, %f110, %p39;
    add.ftz.f32 %f112, %f111, %f23;
    ld.param.f32 %f113, [params+16];
    mov.b32 %f114, 0x3f7fffef;
    min.ftz.f32 %f115, %f113, %f114;
    mov.b32 %f116, 0x358637bd;
    max.ftz.f32 %f117, %f115, %f116;
    lg2.approx.ftz.f32 %f118, %f117;
    mov.b32 %f119, 0x3f317218;
    mul.ftz.f32 %f120, %f118, %f119;
    neg.ftz.f32 %f121, %f120;
    sqrt.approx.ftz.f32 %f122, %f121;
    abs.f32 %f123, %f122;
    setp.lt.f32 %p124, %f123, %f23;
    mul.ftz.f32 %f125, %f122, %f122;
    mul.ftz.f32 %f126, %f125, %f125;
    mul.ftz.f32 %f127, %f126, %f126;
    mul.ftz.f32 %f128, %f127, %f127;
    fma.rn.ftz.f32 %f129, %f125, %f44, %f45;
    fma.rn.ftz.f32 %f130, %f125, %f47, %f48;
    fma.rn.ftz.f32 %f131, %f126, %f129, %f130;
    fma.rn.ftz.f32 %f132, %f125, %f51, %f52;
    fma.rn.ftz.f32 %f133, %f125, %f54, %f55;
    fma.rn.ftz.f32 %f134, %f126, %f132, %f133;
    fma.rn.ftz.f32 %f135, %f125, %f58, %f59;
    fma.rn.ftz.f32 %f136, %f125, %f61, %f62;
    fma.rn.ftz.f32 %f137, %f126, %f135, %f136;
    fma.rn.ftz.f32 %f138, %f127, %f134, %f137;
    fma.rn.ftz.f32 %f139, %f128, %f131, %f138;
    mul.ftz.f32 %f140, %f122, %f139;
    mul.ftz.f32 %f141, %f123, %f123;
    mul.ftz.f32 %f142, %f141, %f141;
    fma.rn.ftz.f32 %f143, %f123, %f70, %f71;
    fma.rn.ftz.f32 %f144, %f123, %f73, %f74;
    fma.rn.ftz.f32 %f145, %f141, %f143, %f144;
    fma.rn.ftz.f32 %f146, %f123, %f77, %f78;
    fma.rn.ftz.f32 %f147, %f123, %f80, %f81;
    fma.rn.ftz.f32 %f148, %f141, %f146, %f147;
    fma.rn.ftz.f32 %f149, %f142, %f145, %f148;
    fma.rn.ftz.f32 %f150, %f123, %f85, %f86;
    fma.rn.ftz.f32 %f151, %f123, %f88, %f89;
    fma.rn.ftz.f32 %f152, %f141, %f150, %f151;
    fma.rn.ftz.f32 %f153, %f123, %f92, %f93;
    fma.rn.ftz.f32 %f154, %f123, %f95, %f23;
    fma.rn.ftz.f32 %f155, %f141, %f153, %f154;
    fma.rn.ftz.f32 %f156, %f142, %f152, %f155;
    div.approx.ftz.f32 %f157, %f149, %f156;
    mul.ftz.f32 %f158, %f157, %f123;
    ex2.approx.ftz.f32 %f159, %f158;
    sub.ftz.f32 %f160, %f23, %f159;
    abs.f32 %f161, %f160;
    setp.lt.f32 %p162, %f161, %f104;
    selp.f32 %f163, %f160, %f23, %p162;
    abs.f32 %f164, %f163;
    and.b32 %f165, %f108, %f122;
    or.b32 %f166, %f164, %f165;
    selp.f32 %f167, %f140, %f166, %p124;
    mul.ftz.f32 %f168, %f112, %f167;
    sub.ftz.f32 %f169, %f111, %f168;
    add.ftz.f32 %f170, %f23, %f169;
    mov.b32 %f171, 0x3f106ebb;
    mul.ftz.f32 %f172, %f171, %f36;
    mov.b32 %f173, 0x3fb8aa3b;
    sub.ftz.f32 %f174, %f23, %f169;
    mul.ftz.f32 %f175, %f174, %f170;
    lg2.approx.ftz.f32 %f176, %f175;
    mul.ftz.f32 %f177, %f176, %f119;
    neg.ftz.f32 %f178, %f177;
    mov.b32 %f179, 0x40a00000;
    setp.lt.f32 %p180, %f178, %f179;
    mov.b32 %f181, 0x40200000;
    sub.ftz.f32 %f182, %f178, %f181;
    mul.ftz.f32 %f183, %f182, %f182;
    mul.ftz.f32 %f184, %f183, %f183;
    mul.ftz.f32 %f185, %f184, %f184;
    mov.b32 %f186, 0x32f16588;
    mov.b32 %f187, 0x34b84b36;
    mov.b32 %f188, 0xb66c7357;
    fma.rn.ftz.f32 %f189, %f182, %f187, %f188;
    mov.b32 %f190, 0xb6935ac1;
    mov.b32 %f191, 0x396532db;
    fma.rn.ftz.f32 %f192, %f182, %f190, %f191;
    fma.rn.ftz.f32 %f193, %f183, %f189, %f192;
    mov.b32 %f194, 0xbaa45408;
    mov.b32 %f195, 0xbb88e4ef;
    fma.rn.ftz.f32 %f196, %f182, %f194, %f195;
    mov.b32 %f197, 0x3e7c8f63;
    mov.b32 %f198, 0x3fc02e2f;
    fma.rn.ftz.f32 %f199, %f182, %f197, %f198;
    fma.rn.ftz.f32 %f200, %f183, %f196, %f199;
    fma.rn.ftz.f32 %f201, %f184, %f193, %f200;
    fma.rn.ftz.f32 %f202, %f185, %f186, %f201;
    sqrt.approx.ftz.f32 %f203, %f178;
    mov.b32 %f204, 0x40400000;
    sub.ftz.f32 %f205, %f203, %f204;
    mul.ftz.f32 %f206, %f205, %f205;
    mul.ftz.f32 %f207, %f206, %f206;
    mul.ftz.f32 %f208, %f207, %f207;
    mov.b32 %f209, 0xb951f09b;
    mov.b32 %f210, 0x38d3b56b;
    mov.b32 %f211, 0x3ab0dc72;
    fma.rn.ftz.f32 %f212, %f205, %f210, %f211;
    mov.b32 %f213, 0xbb70bde7;
    mov.b32 %f214, 0x3bbc127b;
    fma.rn.ftz.f32 %f215, %f205, %f213, %f214;
    fma.rn.ftz.f32 %f216, %f206, %f212, %f215;
    mov.b32 %f217, 0xbbf9c5d7;
    mov.b32 %f218, 0x3c1aa57e;
    fma.rn.ftz.f32 %f219, %f205, %f217, %f218;
    mov.b32 %f220, 0x3f8036db;
    mov.b32 %f221, 0x40354f7e;
    fma.rn.ftz.f32 %f222, %f205, %f220, %f221;
    fma.rn.ftz.f32 %f223, %f206, %f219, %f222;
    fma.rn.ftz.f32 %f224, %f207, %f216, %f223;
    fma.rn.ftz.f32 %f225, %f208, %f209, %f224;
    selp.f32 %f226, %f202, %f225, %p180;
    mul.ftz.f32 %f227, %f226, %f169;
    mul.ftz.f32 %f228, %f227, %f227;
    neg.ftz.f32 %f229, %f228;
    mul.ftz.f32 %f230, %f173, %f229;
    ex2.approx.ftz.f32 %f231, %f230;
    mul.ftz.f32 %f232, %f172, %f231;
    add.ftz.f32 %f233, %f170, %f232;
    add.ftz.f32 %f234, %f23, %f111;
    neg.ftz.f32 %f235, %f40;
    mul.ftz.f32 %f236, %f173, %f235;
    ex2.approx.ftz.f32 %f237, %f236;
    mul.ftz.f32 %f238, %f172, %f237;
    add.ftz.f32 %f239, %f234, %f238;
    mul.ftz.f32 %f240, %f117, %f239;
    sub.ftz.f32 %f241, %f233, %f240;
    mul.ftz.f32 %f242, %f227, %f36;
    sub.ftz.f32 %f243, %f23, %f242;
    div.approx.ftz.f32 %f244, %f241, %f243;
    sub.ftz.f32 %f245, %f169, %f244;
    add.ftz.f32 %f246, %f23, %f245;
    sub.ftz.f32 %f247, %f23, %f245;
    mul.ftz.f32 %f248, %f247, %f246;
    lg2.approx.ftz.f32 %f249, %f248;
    mul.ftz.f32 %f250, %f249, %f119;
    neg.ftz.f32 %f251, %f250;
    setp.lt.f32 %p252, %f251, %f179;
    sub.ftz.f32 %f253, %f251, %f181;
    mul.ftz.f32 %f254, %f253, %f253;
    mul.ftz.f32 %f255, %f254, %f254;
    mul.ftz.f32 %f256, %f255, %f255;
    fma.rn.ftz.f32 %f257, %f253, %f187, %f188;
    fma.rn.ftz.f32 %f258, %f253, %f190, %f191;
    fma.rn.ftz.f32 %f259, %f254, %f257, %f258;
    fma.rn.ftz.f32 %f260, %f253, %f194, %f195;
    fma.rn.ftz.f32 %f261, %f253, %f197, %f198;
    fma.rn.ftz.f32 %f262, %f254, %f260, %f261;
    fma.rn.ftz.f32 %f263, %f255, %f259, %f262;
    fma.rn.ftz.f32 %f264, %f256, %f186, %f263;
    sqrt.approx.ftz.f32 %f265, %f251;
    sub.ftz.f32 %f266, %f265, %f204;
    mul.ftz.f32 %f267, %f266, %f266;
    mul.ftz.f32 %f268, %f267, %f267;
    mul.ftz.f32 %f269, %f268, %f268;
    fma.rn.ftz.f32 %f270, %f266, %f210, %f211;
    fma.rn.ftz.f32 %f271, %f266, %f213, %f214;
    fma.rn.ftz.f32 %f272, %f267, %f270, %f271;
    fma.rn.ftz.f32 %f273, %f266, %f217, %f218;
    fma.rn.ftz.f32 %f274, %f266, %f220, %f221;
    fma.rn.ftz.f32 %f275, %f267, %f273, %f274;
    fma.rn.ftz.f32 %f276, %f268, %f272, %f275;
    fma.rn.ftz.f32 %f277, %f269, %f209, %f276;
    selp.f32 %f278, %f264, %f277, %p252;
    mul.ftz.f32 %f279, %f278, %f245;
    mul.ftz.f32 %f280, %f279, %f279;
    neg.ftz.f32 %f281, %f280;
    mul.ftz.f32 %f282, %f173, %f281;
    ex2.approx.ftz.f32 %f283, %f282;
    mul.ftz.f32 %f284, %f172, %f283;
    add.ftz.f32 %f285, %f246, %f284;
    sub.ftz.f32 %f286, %f285, %f240;
    mul.ftz.f32 %f287, %f279, %f36;
    sub.ftz.f32 %f288, %f23, %f287;
    div.approx.ftz.f32 %f289, %f286, %f288;
    sub.ftz.f32 %f290, %f245, %f289;
    add.ftz.f32 %f291, %f23, %f290;
    sub.ftz.f32 %f292, %f23, %f290;
    mul.ftz.f32 %f293, %f292, %f291;
    lg2.approx.ftz.f32 %f294, %f293;
    mul.ftz.f32 %f295, %f294, %f119;
    neg.ftz.f32 %f296, %f295;
    setp.lt.f32 %p297, %f296, %f179;
    sub.ftz.f32 %f298, %f296, %f181;
    mul.ftz.f32 %f299, %f298, %f298;
    mul.ftz.f32 %f300, %f299, %f299;
    mul.ftz.f32 %f301, %f300, %f300;
    fma.rn.ftz.f32 %f302, %f298, %f187, %f188;
    fma.rn.ftz.f32 %f303, %f298, %f190, %f191;
    fma.rn.ftz.f32 %f304, %f299, %f302, %f303;
    fma.rn.ftz.f32 %f305, %f298, %f194, %f195;
    fma.rn.ftz.f32 %f306, %f298, %f197, %f198;
    fma.rn.ftz.f32 %f307, %f299, %f305, %f306;
    fma.rn.ftz.f32 %f308, %f300, %f304, %f307;
    fma.rn.ftz.f32 %f309, %f301, %f186, %f308;
    sqrt.approx.ftz.f32 %f310, %f296;
    sub.ftz.f32 %f311, %f310, %f204;
    mul.ftz.f32 %f312, %f311, %f311;
    mul.ftz.f32 %f313, %f312, %f312;
    mul.ftz.f32 %f314, %f313, %f313;
    fma.rn.ftz.f32 %f315, %f311, %f210, %f211;
    fma.rn.ftz.f32 %f316, %f311, %f213, %f214;
    fma.rn.ftz.f32 %f317, %f312, %f315, %f316;
    fma.rn.ftz.f32 %f318, %f311, %f217, %f218;
    fma.rn.ftz.f32 %f319, %f311, %f220, %f221;
    fma.rn.ftz.f32 %f320, %f312, %f318, %f319;
    fma.rn.ftz.f32 %f321, %f313, %f317, %f320;
    fma.rn.ftz.f32 %f322, %f314, %f209, %f321;
    selp.f32 %f323, %f309, %f322, %p297;
    mul.ftz.f32 %f324, %f323, %f290;
    mul.ftz.f32 %f325, %f324, %f324;
    neg.ftz.f32 %f326, %f325;
    mul.ftz.f32 %f327, %f173, %f326;
    ex2.approx.ftz.f32 %f328, %f327;
    mul.ftz.f32 %f329, %f172, %f328;
    add.ftz.f32 %f330, %f291, %f329;
    sub.ftz.f32 %f331, %f330, %f240;
    mul.ftz.f32 %f332, %f324, %f36;
    sub.ftz.f32 %f333, %f23, %f332;
    div.approx.ftz.f32 %f334, %f331, %f333;
    sub.ftz.f32 %f335, %f290, %f334;
    sub.ftz.f32 %f336, %f23, %f335;
    add.ftz.f32 %f337, %f23, %f335;
    mul.ftz.f32 %f338, %f336, %f337;
    lg2.approx.ftz.f32 %f339, %f338;
    mul.ftz.f32 %f340, %f339, %f119;
    neg.ftz.f32 %f341, %f340;
    setp.lt.f32 %p342, %f341, %f179;
    sub.ftz.f32 %f343, %f341, %f181;
    mul.ftz.f32 %f344, %f343, %f343;
    mul.ftz.f32 %f345, %f344, %f344;
    mul.ftz.f32 %f346, %f345, %f345;
    fma.rn.ftz.f32 %f347, %f343, %f187, %f188;
    fma.rn.ftz.f32 %f348, %f343, %f190, %f191;
    fma.rn.ftz.f32 %f349, %f344, %f347, %f348;
    fma.rn.ftz.f32 %f350, %f343, %f194, %f195;
    fma.rn.ftz.f32 %f351, %f343, %f197, %f198;
    fma.rn.ftz.f32 %f352, %f344, %f350, %f351;
    fma.rn.ftz.f32 %f353, %f345, %f349, %f352;
    fma.rn.ftz.f32 %f354, %f346, %f186, %f353;
    sqrt.approx.ftz.f32 %f355, %f341;
    sub.ftz.f32 %f356, %f355, %f204;
    mul.ftz.f32 %f357, %f356, %f356;
    mul.ftz.f32 %f358, %f357, %f357;
    mul.ftz.f32 %f359, %f358, %f358;
    fma.rn.ftz.f32 %f360, %f356, %f210, %f211;
    fma.rn.ftz.f32 %f361, %f356, %f213, %f214;
    fma.rn.ftz.f32 %f362, %f357, %f360, %f361;
    fma.rn.ftz.f32 %f363, %f356, %f217, %f218;
    fma.rn.ftz.f32 %f364, %f356, %f220, %f221;
    fma.rn.ftz.f32 %f365, %f357, %f363, %f364;
    fma.rn.ftz.f32 %f366, %f358, %f362, %f365;
    fma.rn.ftz.f32 %f367, %f359, %f209, %f366;
    selp.f32 %f368, %f354, %f367, %p342;
    mul.ftz.f32 %f369, %f368, %f335;
    mul.ftz.f32 %f370, %f17, %f24;
    min.ftz.f32 %f371, %f370, %f23;
    max.ftz.f32 %f372, %f371, %f27;
    selp.f32 %f373, %f33, %f372, %p22;
    mov.b32 %f374, 0x40000000;
    ld.param.f32 %f375, [params+20];
    min.ftz.f32 %f376, %f375, %f114;
    max.ftz.f32 %f377, %f376, %f116;
    fma.rn.ftz.f32 %f378, %f374, %f377, %f27;
    sub.ftz.f32 %f379, %f23, %f378;
    add.ftz.f32 %f380, %f23, %f378;
    mul.ftz.f32 %f381, %f379, %f380;
    lg2.approx.ftz.f32 %f382, %f381;
    mul.ftz.f32 %f383, %f382, %f119;
    neg.ftz.f32 %f384, %f383;
    setp.lt.f32 %p385, %f384, %f179;
    sub.ftz.f32 %f386, %f384, %f181;
    mul.ftz.f32 %f387, %f386, %f386;
    mul.ftz.f32 %f388, %f387, %f387;
    mul.ftz.f32 %f389, %f388, %f388;
    fma.rn.ftz.f32 %f390, %f386, %f187, %f188;
    fma.rn.ftz.f32 %f391, %f386, %f190, %f191;
    fma.rn.ftz.f32 %f392, %f387, %f390, %f391;
    fma.rn.ftz.f32 %f393, %f386, %f194, %f195;
    fma.rn.ftz.f32 %f394, %f386, %f197, %f198;
    fma.rn.ftz.f32 %f395, %f387, %f393, %f394;
    fma.rn.ftz.f32 %f396, %f388, %f392, %f395;
    fma.rn.ftz.f32 %f397, %f389, %f186, %f396;
    sqrt.approx.ftz.f32 %f398, %f384;
    sub.ftz.f32 %f399, %f398, %f204;
    mul.ftz.f32 %f400, %f399, %f399;
    mul.ftz.f32 %f401, %f400, %f400;
    mul.ftz.f32 %f402, %f401, %f401;
    fma.rn.ftz.f32 %f403, %f399, %f210, %f211;
    fma.rn.ftz.f32 %f404, %f399, %f213, %f214;
    fma.rn.ftz.f32 %f405, %f400, %f403, %f404;
    fma.rn.ftz.f32 %f406, %f399, %f217, %f218;
    fma.rn.ftz.f32 %f407, %f399, %f220, %f221;
    fma.rn.ftz.f32 %f408, %f400, %f406, %f407;
    fma.rn.ftz.f32 %f409, %f401, %f405, %f408;
    fma.rn.ftz.f32 %f410, %f402, %f209, %f409;
    selp.f32 %f411, %f397, %f410, %p385;
    mul.ftz.f32 %f412, %f411, %f378;
    mul.ftz.f32 %f413, %f373, %f412;
    neg.ftz.f32 %f414, %f413;
    fma.rn.ftz.f32 %f415, %f29, %f369, %f414;
    mul.ftz.f32 %f416, %f415, %f6;
    neg.ftz.f32 %f417, %f416;
    mul.ftz.f32 %f418, %f29, %f412;
    fma.rn.ftz.f32 %f419, %f373, %f369, %f418;
    mul.ftz.f32 %f420, %f419, %f6;
    neg.ftz.f32 %f421, %f420;
    mul.ftz.f32 %f422, %f417, %f417;
    fma.rn.ftz.f32 %f423, %f421, %f421, %f422;
    add.ftz.f32 %f424, %f23, %f423;
    rsqrt.approx.ftz.f32 %f425, %f424;
    mul.ftz.f32 %f426, %f417, %f425;
    mul.ftz.f32 %f427, %f421, %f425;
    mul.ftz.f32 %f428, %f7, %f426;
    fma.rn.ftz.f32 %f429, %f10, %f427, %f428;
    fma.rn.ftz.f32 %f430, %f9, %f425, %f429;
    mul.ftz.f32 %f431, %f374, %f430;
    neg.ftz.f32 %f432, %f7;
    fma.rn.ftz.f32 %f433, %f426, %f431, %f432;
    neg.ftz.f32 %f434, %f10;
    fma.rn.ftz.f32 %f435, %f427, %f431, %f434;
    neg.ftz.f32 %f436, %f9;
    fma.rn.ftz.f32 %f437, %f425, %f431, %f436;
    st.param.f32 [result+0], %f433;
    st.param.f32 [result+4], %f435;
    st.param.f32 [result+8], %f437;
    ret;
}

.visible .func (.param .align 4 .b8 result[84]) __direct_callable__b51fdf1c2d33b3ba4d4178a8a31b575b(.reg .u32 self, .reg .u64 data, .param .align 4 .b8 params[40]) {
    // VCall: mitsuba::Shape::compute_surface_interaction()
    .reg.b8   %b <177>; .reg.b16 %w<177>; .reg.b32 %r<177>;
    .reg.b64  %rd<177>; .reg.f32 %f<177>; .reg.f64 %d<177>;
    .reg.pred %p <177>;

    ld.param.f32 %f4, [params+24];
    ld.global.u64 %rd5, [data+16];
    ld.global.u64 %rd6, [data+8];
    ld.param.u32 %r7, [params+36];
    mov.b32 %r8, 0x3;
    mul.lo.u32 %r9, %r7, %r8;
    mov.b32 %r10, 0x1;
    add.u32 %r11, %r9, %r10;
    mov.pred %p12, 0x1;
    mad.wide.u32 %rd3, %r11, 4, %rd6;
    ld.global.nc.u32 %r13, [%rd3];
    shl.b32 %r14, %r13, %r10;
    mad.wide.u32 %rd3, %r14, 4, %rd5;
    ld.global.nc.f32 %f15, [%rd3];
    mad.wide.u32 %rd3, %r9, 4, %rd6;
    ld.global.nc.u32 %r16, [%rd3];
    shl.b32 %r17, %r16, %r10;
    mad.wide.u32 %rd3, %r17, 4, %rd5;
    ld.global.nc.f32 %f18, [%rd3];
    sub.ftz.f32 %f19, %f15, %f18;
    mov.b32 %r20, 0x2;
    add.u32 %r21, %r9, %r20;
    mad.wide.u32 %rd3, %r21, 4, %rd6;
    ld.global.nc.u32 %r22, [%rd3];
    shl.b32 %r23, %r22, %r10;
    add.u32 %r24, %r23, %r10;
    mad.wide.u32 %rd3, %r24, 4, %rd5;
    ld.global.nc.f32 %f25, [%rd3];
    add.u32 %r26, %r17, %r10;
    mad.wide.u32 %rd3, %r26, 4, %rd5;
    ld.global.nc.f32 %f27, [%rd3];
    sub.ftz.f32 %f28, %f25, %f27;
    add.u32 %r29, %r14, %r10;
    mad.wide.u32 %rd3, %r29, 4, %rd5;
    ld.global.nc.f32 %f30, [%rd3];
    sub.ftz.f32 %f31, %f30, %f27;
    mad.wide.u32 %rd3, %r23, 4, %rd5;
    ld.global.nc.f32 %f32, [%rd3];
    sub.ftz.f32 %f33, %f32, %f18;
    mul.ftz.f32 %f34, %f31, %f33;
    neg.ftz.f32 %f35, %f34;
    fma.rn.ftz.f32 %f36, %f19, %f28, %f35;
    mov.b32 %f37, 0x0;
    setp.ne.f32 %p38, %f36, %f37;
    ld.global.u64 %rd39, [data+0];
    mul.lo.u32 %r40, %r13, %r8;
    add.u32 %r41, %r40, %r20;
    mad.wide.u32 %rd3, %r41, 4, %rd39;
    ld.global.nc.f32 %f42, [%rd3];
    mul.lo.u32 %r43, %r16, %r8;
    add.u32 %r44, %r43, %r20;
    mad.wide.u32 %rd3, %r44, 4, %rd39;
    ld.global.nc.f32 %f45, [%rd3];
    sub.ftz.f32 %f46, %f42, %f45;
    neg.ftz.f32 %f47, %f46;
    mul.lo.u32 %r48, %r22, %r8;
    add.u32 %r49, %r48, %r20;
    mad.wide.u32 %rd3, %r49, 4, %rd39;
    ld.global.nc.f32 %f50, [%rd3];
    sub.ftz.f32 %f51, %f50, %f45;
    mul.ftz.f32 %f52, %f19, %f51;
    fma.rn.ftz.f32 %f53, %f33, %f47, %f52;
    rcp.approx.ftz.f32 %f54, %f36;
    mul.ftz.f32 %f55, %f53, %f54;
    mad.wide.u32 %rd3, %r48, 4, %rd39;
    ld.global.nc.f32 %f56, [%rd3];
    mad.wide.u32 %rd3, %r43, 4, %rd39;
    ld.global.nc.f32 %f57, [%rd3];
    sub.ftz.f32 %f58, %f56, %f57;
    mad.wide.u32 %rd3, %r40, 4, %rd39;
    ld.global.nc.f32 %f59, [%rd3];
    sub.ftz.f32 %f60, %f59, %f57;
    mul.ftz.f32 %f61, %f60, %f51;
    neg.ftz.f32 %f62, %f61;
    fma.rn.ftz.f32 %f63, %f46, %f58, %f62;
    add.u32 %r64, %r48, %r10;
    mad.wide.u32 %rd3, %r64, 4, %rd39;
    ld.global.nc.f32 %f65, [%rd3];
    add.u32 %r66, %r43, %r10;
    mad.wide.u32 %rd3, %r66, 4, %rd39;
    ld.global.nc.f32 %f67, [%rd3];
    sub.ftz.f32 %f68, %f65, %f67;
    add.u32 %r69, %r40, %r10;
    mad.wide.u32 %rd3, %r69, 4, %rd39;
    ld.global.nc.f32 %f70, [%rd3];
    sub.ftz.f32 %f71, %f70, %f67;
    mul.ftz.f32 %f72, %f71, %f58;
    neg.ftz.f32 %f73, %f72;
    fma.rn.ftz.f32 %f74, %f60, %f68, %f73;
    mul.ftz.f32 %f75, %f46, %f68;
    neg.ftz.f32 %f76, %f75;
    fma.rn.ftz.f32 %f77, %f71, %f51, %f76;
    mul.ftz.f32 %f78, %f77, %f77;
    fma.rn.ftz.f32 %f79, %f63, %f63, %f78;
    fma.rn.ftz.f32 %f80, %f74, %f74, %f79;
    rsqrt.approx.ftz.f32 %f81, %f80;
    mul.ftz.f32 %f82, %f63, %f81;
    neg.ftz.f32 %f83, %f82;
    selp.f32 %f84, %f55, %f83, %p38;
    mov.b32 %f85, 0x3f800000;
    ld.param.f32 %f86, [params+28];
    sub.ftz.f32 %f87, %f85, %f86;
    ld.param.f32 %f88, [params+32];
    sub.ftz.f32 %f89, %f87, %f88;
    mul.ftz.f32 %f90, %f56, %f88;
    fma.rn.ftz.f32 %f91, %f59, %f86, %f90;
    fma.rn.ftz.f32 %f92, %f57, %f89, %f91;
    mul.ftz.f32 %f93, %f65, %f88;
    fma.rn.ftz.f32 %f94, %f70, %f86, %f93;
    fma.rn.ftz.f32 %f95, %f67, %f89, %f94;
    mul.ftz.f32 %f96, %f50, %f88;
    fma.rn.ftz.f32 %f97, %f42, %f86, %f96;
    fma.rn.ftz.f32 %f98, %f45, %f89, %f97;
    mul.ftz.f32 %f99, %f77, %f81;
    mul.ftz.f32 %f100, %f74, %f81;
    mov.u32 %r101, self;
    mul.ftz.f32 %f102, %f18, %f89;
    fma.rn.ftz.f32 %f103, %f15, %f86, %f102;
    fma.rn.ftz.f32 %f104, %f32, %f88, %f103;
    mul.ftz.f32 %f105, %f27, %f89;
    fma.rn.ftz.f32 %f106, %f30, %f86, %f105;
    fma.rn.ftz.f32 %f107, %f25, %f88, %f106;
    neg.ftz.f32 %f108, %f71;
    mul.ftz.f32 %f109, %f19, %f68;
    fma.rn.ftz.f32 %f110, %f33, %f108, %f109;
    mul.ftz.f32 %f111, %f110, %f54;
    mov.b32 %f112, 0x80000000;
    and.b32 %f113, %f112, %f100;
    or.b32 %f114, %f85, %f113;
    add.ftz.f32 %f115, %f114, %f100;
    rcp.approx.ftz.f32 %f116, %f115;
    neg.ftz.f32 %f117, %f116;
    mul.ftz.f32 %f118, %f82, %f117;
    fma.rn.ftz.f32 %f119, %f82, %f118, %f114;
    selp.f32 %f120, %f111, %f119, %p38;
    neg.ftz.f32 %f121, %f60;
    mul.ftz.f32 %f122, %f19, %f58;
    fma.rn.ftz.f32 %f123, %f33, %f121, %f122;
    mul.ftz.f32 %f124, %f123, %f54;
    mul.ftz.f32 %f125, %f99, %f82;
    mul.ftz.f32 %f126, %f125, %f117;
    selp.f32 %f127, %f124, %f126, %p38;
    mul.ftz.f32 %f128, %f31, %f51;
    neg.ftz.f32 %f129, %f128;
    fma.rn.ftz.f32 %f130, %f28, %f46, %f129;
    mul.ftz.f32 %f131, %f130, %f54;
    setp.ge.f32 %p132, %f100, %f37;
    neg.ftz.f32 %f133, %f99;
    selp.f32 %f134, %f133, %f99, %p132;
    selp.f32 %f135, %f131, %f134, %p38;
    mul.ftz.f32 %f136, %f31, %f68;
    neg.ftz.f32 %f137, %f136;
    fma.rn.ftz.f32 %f138, %f28, %f71, %f137;
    mul.ftz.f32 %f139, %f138, %f54;
    xor.b32 %f140, %f126, %f113;
    selp.f32 %f141, %f139, %f140, %p38;
    mul.ftz.f32 %f142, %f31, %f58;
    neg.ftz.f32 %f143, %f142;
    fma.rn.ftz.f32 %f144, %f28, %f60, %f143;
    mul.ftz.f32 %f145, %f144, %f54;
    mul.ftz.f32 %f146, %f99, %f99;
    mul.ftz.f32 %f147, %f146, %f117;
    xor.b32 %f148, %f147, %f113;
    add.ftz.f32 %f149, %f148, %f85;
    selp.f32 %f150, %f145, %f149, %p38;
    ld.global.u64 %rd151, [data+24];
    mad.wide.u32 %rd3, %r49, 4, %rd151;
    ld.global.nc.f32 %f152, [%rd3];
    mad.wide.u32 %rd3, %r41, 4, %rd151;
    ld.global.nc.f32 %f153, [%rd3];
    mad.wide.u32 %rd3, %r44, 4, %rd151;
    ld.global.nc.f32 %f154, [%rd3];
    mul.ftz.f32 %f155, %f154, %f89;
    fma.rn.ftz.f32 %f156, %f153, %f86, %f155;
    fma.rn.ftz.f32 %f157, %f152, %f88, %f156;
    mad.wide.u32 %rd3, %r64, 4, %rd151;
    ld.global.nc.f32 %f158, [%rd3];
    mad.wide.u32 %rd3, %r69, 4, %rd151;
    ld.global.nc.f32 %f159, [%rd3];
    mad.wide.u32 %rd3, %r66, 4, %rd151;
    ld.global.nc.f32 %f160, [%rd3];
    mul.ftz.f32 %f161, %f160, %f89;
    fma.rn.ftz.f32 %f162, %f159, %f86, %f161;
    fma.rn.ftz.f32 %f163, %f158, %f88, %f162;
    mad.wide.u32 %rd3, %r48, 4, %rd151;
    ld.global.nc.f32 %f164, [%rd3];
    mad.wide.u32 %rd3, %r40, 4, %rd151;
    ld.global.nc.f32 %f165, [%rd3];
    mad.wide.u32 %rd3, %r43, 4, %rd151;
    ld.global.nc.f32 %f166, [%rd3];
    mul.ftz.f32 %f167, %f166, %f89;
    fma.rn.ftz.f32 %f168, %f165, %f86, %f167;
    fma.rn.ftz.f32 %f169, %f164, %f88, %f168;
    mul.ftz.f32 %f170, %f169, %f169;
    fma.rn.ftz.f32 %f171, %f163, %f163, %f170;
    fma.rn.ftz.f32 %f172, %f157, %f157, %f171;
    rsqrt.approx.ftz.f32 %f173, %f172;
    mul.ftz.f32 %f174, %f157, %f173;
    mul.ftz.f32 %f175, %f169, %f173;
    mul.ftz.f32 %f176, %f163, %f173;
    st.param.f32 [result+0], %f4;
    st.param.f32 [result+4], %f84;
    st.param.f32 [result+8], %f92;
    st.param.f32 [result+12], %f95;
    st.param.f32 [result+16], %f98;
    st.param.f32 [result+20], %f99;
    st.param.f32 [result+24], %f82;
    st.param.f32 [result+28], %f100;
    st.param.u32 [result+32], %r101;
    st.param.f32 [result+36], %f104;
    st.param.f32 [result+40], %f107;
    st.param.f32 [result+44], %f86;
    st.param.f32 [result+48], %f88;
    st.param.f32 [result+52], %f120;
    st.param.f32 [result+56], %f127;
    st.param.f32 [result+60], %f135;
    st.param.f32 [result+64], %f141;
    st.param.f32 [result+68], %f150;
    st.param.f32 [result+72], %f174;
    st.param.f32 [result+76], %f175;
    st.param.f32 [result+80], %f176;
    ret;
}

.visible .func (.param .align 4 .b8 result[40]) __direct_callable__c4d47f60c8da4f88452a1a340c2c1995(.reg .u64 data, .param .align 4 .b8 params[32]) {
    // VCall: mitsuba::BSDF::sample()
    .reg.b8   %b <57>; .reg.b16 %w<57>; .reg.b32 %r<57>;
    .reg.b64  %rd<57>; .reg.f32 %f<57>; .reg.f64 %d<57>;
    .reg.pred %p <57>;

    ld.global.u64 %rd4, [data+0];
    mov.b32 %f5, 0x40000000;
    ld.param.f32 %f6, [params+24];
    mov.b32 %f7, 0xbf800000;
    fma.rn.ftz.f32 %f8, %f5, %f6, %f7;
    abs.f32 %f9, %f8;
    ld.param.f32 %f10, [params+28];
    fma.rn.ftz.f32 %f11, %f5, %f10, %f7;
    abs.f32 %f12, %f11;
    setp.lt.f32 %p13, %f9, %f12;
    selp.f32 %f14, %f11, %f8, %p13;
    mov.b32 %f15, 0x0;
    setp.eq.f32 %p16, %f8, %f15;
    setp.eq.f32 %p17, %f11, %f15;
    and.pred %p18, %p16, %p17;
    mov.b32 %f19, 0x3fc90fdb;
    mov.b32 %f20, 0x3f490fdb;
    selp.f32 %f21, %f8, %f11, %p13;
    mul.ftz.f32 %f22, %f20, %f21;
    div.approx.ftz.f32 %f23, %f22, %f14;
    sub.ftz.f32 %f24, %f19, %f23;
    selp.f32 %f25, %f24, %f23, %p13;
    selp.f32 %f26, %f15, %f25, %p18;
    cos.approx.ftz.f32 %f27, %f26;
    mul.ftz.f32 %f28, %f14, %f27;
    sin.approx.ftz.f32 %f29, %f26;
    mul.ftz.f32 %f30, %f14, %f29;
    mov.b32 %f31, 0x3f800000;
    mul.ftz.f32 %f32, %f28, %f28;
    fma.rn.ftz.f32 %f33, %f30, %f30, %f32;
    sub.ftz.f32 %f34, %f31, %f33;
    max.ftz.f32 %f35, %f34, %f15;
    sqrt.approx.ftz.f32 %f36, %f35;
    mov.b32 %f37, 0x3ea2f983;
    mul.ftz.f32 %f38, %f37, %f36;
    mov.b32 %r39, 0x2;
    mov.b32 %r40, 0x0;
    ld.param.f32 %f41, [params+4];
    ld.param.f32 %f42, [params+0];
    fma.rn.ftz.f32 %f43, %f15, %f41, %f42;
    mul.ftz.f32 %f44, %f15, %f42;
    add.ftz.f32 %f45, %f41, %f44;
    .reg.f32 %f46_out_<4>;
    tex.2d.v4.f32.f32 {%f46_out_0, %f46_out_1, %f46_out_2, %f46_out_3}, [%rd4, {%f43, %f45}];
    mov.b32 %f47, %f46_out_0;
    ld.param.f32 %f48, [params+16];
    setp.gt.f32 %p49, %f48, %f15;
    setp.gt.f32 %p50, %f38, %f15;
    and.pred %p51, %p49, %p50;
    selp.b32 %f52, %f47, 0, %p51;
    mov.b32 %f53, %f46_out_1;
    selp.b32 %f54, %f53, 0, %p51;
    mov.b32 %f55, %f46_out_2;
    selp.b32 %f56, %f55, 0, %p51;
    st.param.f32 [result+0], %f28;
    st.param.f32 [result+4], %f30;
    st.param.f32 [result+8], %f36;
    st.param.f32 [result+12], %f38;
    st.param.f32 [result+16], %f31;
    st.param.u32 [result+20], %r39;
    st.param.u32 [result+24], %r40;
    st.param.f32 [result+28], %f52;
    st.param.f32 [result+32], %f54;
    st.param.f32 [result+36], %f56;
    ret;
}

.visible .func (.param .align 4 .b8 result[40]) __direct_callable__f2b9df0a807beedc131b1e1ba408af05(.reg .u64 data, .param .align 4 .b8 params[32]) {
    // VCall: mitsuba::BSDF::sample()
    .reg.b8   %b <59>; .reg.b16 %w<59>; .reg.b32 %r<59>;
    .reg.b64  %rd<59>; .reg.f32 %f<59>; .reg.f64 %d<59>;
    .reg.pred %p <59>;

    ld.param.f32 %f4, [params+20];
    ld.param.f32 %f5, [params+16];
    abs.f32 %f6, %f5;
    mov.b32 %f7, 0x0;
    setp.eq.f32 %p8, %f6, %f7;
    mov.b32 %f9, 0x3f800000;
    mov.b32 %f10, 0x3f000000;
    setp.ge.f32 %p11, %f5, %f7;
    mov.b32 %f12, 0x3fc00000;
    mov.b32 %f13, 0x3f2aaaab;
    selp.f32 %f14, %f12, %f13, %p11;
    neg.ftz.f32 %f15, %f5;
    fma.rn.ftz.f32 %f16, %f5, %f15, %f9;
    selp.f32 %f17, %f13, %f12, %p11;
    mul.ftz.f32 %f18, %f17, %f17;
    neg.ftz.f32 %f19, %f18;
    fma.rn.ftz.f32 %f20, %f16, %f19, %f9;
    max.ftz.f32 %f21, %f20, %f7;
    sqrt.approx.ftz.f32 %f22, %f21;
    neg.ftz.f32 %f23, %f22;
    fma.rn.ftz.f32 %f24, %f14, %f23, %f6;
    fma.rn.ftz.f32 %f25, %f14, %f22, %f6;
    div.approx.ftz.f32 %f26, %f24, %f25;
    mul.ftz.f32 %f27, %f26, %f26;
    neg.ftz.f32 %f28, %f6;
    fma.rn.ftz.f32 %f29, %f14, %f28, %f22;
    fma.rn.ftz.f32 %f30, %f14, %f6, %f22;
    div.approx.ftz.f32 %f31, %f29, %f30;
    mul.ftz.f32 %f32, %f31, %f31;
    add.ftz.f32 %f33, %f27, %f32;
    mul.ftz.f32 %f34, %f10, %f33;
    selp.f32 %f35, %f9, %f34, %p8;
    setp.le.f32 %p36, %f4, %f35;
    ld.param.f32 %f37, [params+8];
    neg.ftz.f32 %f38, %f37;
    neg.ftz.f32 %f39, %f17;
    mul.ftz.f32 %f40, %f39, %f37;
    selp.f32 %f41, %f38, %f40, %p36;
    ld.param.f32 %f42, [params+12];
    neg.ftz.f32 %f43, %f42;
    mul.ftz.f32 %f44, %f39, %f42;
    selp.f32 %f45, %f43, %f44, %p36;
    selp.f32 %f46, %f23, %f22, %p11;
    selp.f32 %f47, %f5, %f46, %p36;
    sub.ftz.f32 %f48, %f9, %f35;
    selp.f32 %f49, %f35, %f48, %p36;
    selp.f32 %f50, %f9, %f14, %p36;
    mov.b32 %r51, 0x20;
    mov.b32 %r52, 0x40;
    selp.u32 %r53, %r51, %r52, %p36;
    mov.b32 %r54, 0x0;
    mov.b32 %r55, 0x1;
    selp.u32 %r56, %r54, %r55, %p36;
    not.pred %p57, %p36;
    selp.f32 %f58, %f18, %f9, %p57;
    st.param.f32 [result+0], %f41;
    st.param.f32 [result+4], %f45;
    st.param.f32 [result+8], %f47;
    st.param.f32 [result+12], %f49;
    st.param.f32 [result+16], %f50;
    st.param.u32 [result+20], %r53;
    st.param.u32 [result+24], %r56;
    st.param.f32 [result+28], %f58;
    st.param.f32 [result+32], %f58;
    st.param.f32 [result+36], %f58;
    ret;
}

.visible .func (.param .align 4 .b8 result[84]) __direct_callable__f9bd1a8ba432bd68f535c3799a2e3ec5(.reg .u32 self, .reg .u64 data, .param .align 4 .b8 params[40]) {
    // VCall: mitsuba::Shape::compute_surface_interaction()
    .reg.b8   %b <151>; .reg.b16 %w<151>; .reg.b32 %r<151>;
    .reg.b64  %rd<151>; .reg.f32 %f<151>; .reg.f64 %d<151>;
    .reg.pred %p <151>;

    ld.param.f32 %f4, [params+24];
    ld.global.u64 %rd5, [data+16];
    ld.global.u64 %rd6, [data+8];
    ld.param.u32 %r7, [params+36];
    mov.b32 %r8, 0x3;
    mul.lo.u32 %r9, %r7, %r8;
    mov.b32 %r10, 0x1;
    add.u32 %r11, %r9, %r10;
    mov.pred %p12, 0x1;
    mad.wide.u32 %rd3, %r11, 4, %rd6;
    ld.global.nc.u32 %r13, [%rd3];
    shl.b32 %r14, %r13, %r10;
    mad.wide.u32 %rd3, %r14, 4, %rd5;
    ld.global.nc.f32 %f15, [%rd3];
    mad.wide.u32 %rd3, %r9, 4, %rd6;
    ld.global.nc.u32 %r16, [%rd3];
    shl.b32 %r17, %r16, %r10;
    mad.wide.u32 %rd3, %r17, 4, %rd5;
    ld.global.nc.f32 %f18, [%rd3];
    sub.ftz.f32 %f19, %f15, %f18;
    mov.b32 %r20, 0x2;
    add.u32 %r21, %r9, %r20;
    mad.wide.u32 %rd3, %r21, 4, %rd6;
    ld.global.nc.u32 %r22, [%rd3];
    shl.b32 %r23, %r22, %r10;
    add.u32 %r24, %r23, %r10;
    mad.wide.u32 %rd3, %r24, 4, %rd5;
    ld.global.nc.f32 %f25, [%rd3];
    add.u32 %r26, %r17, %r10;
    mad.wide.u32 %rd3, %r26, 4, %rd5;
    ld.global.nc.f32 %f27, [%rd3];
    sub.ftz.f32 %f28, %f25, %f27;
    add.u32 %r29, %r14, %r10;
    mad.wide.u32 %rd3, %r29, 4, %rd5;
    ld.global.nc.f32 %f30, [%rd3];
    sub.ftz.f32 %f31, %f30, %f27;
    mad.wide.u32 %rd3, %r23, 4, %rd5;
    ld.global.nc.f32 %f32, [%rd3];
    sub.ftz.f32 %f33, %f32, %f18;
    mul.ftz.f32 %f34, %f31, %f33;
    neg.ftz.f32 %f35, %f34;
    fma.rn.ftz.f32 %f36, %f19, %f28, %f35;
    mov.b32 %f37, 0x0;
    setp.ne.f32 %p38, %f36, %f37;
    ld.global.u64 %rd39, [data+0];
    mul.lo.u32 %r40, %r13, %r8;
    add.u32 %r41, %r40, %r20;
    mad.wide.u32 %rd3, %r41, 4, %rd39;
    ld.global.nc.f32 %f42, [%rd3];
    mul.lo.u32 %r43, %r16, %r8;
    add.u32 %r44, %r43, %r20;
    mad.wide.u32 %rd3, %r44, 4, %rd39;
    ld.global.nc.f32 %f45, [%rd3];
    sub.ftz.f32 %f46, %f42, %f45;
    neg.ftz.f32 %f47, %f46;
    mul.lo.u32 %r48, %r22, %r8;
    add.u32 %r49, %r48, %r20;
    mad.wide.u32 %rd3, %r49, 4, %rd39;
    ld.global.nc.f32 %f50, [%rd3];
    sub.ftz.f32 %f51, %f50, %f45;
    mul.ftz.f32 %f52, %f19, %f51;
    fma.rn.ftz.f32 %f53, %f33, %f47, %f52;
    rcp.approx.ftz.f32 %f54, %f36;
    mul.ftz.f32 %f55, %f53, %f54;
    mad.wide.u32 %rd3, %r48, 4, %rd39;
    ld.global.nc.f32 %f56, [%rd3];
    mad.wide.u32 %rd3, %r43, 4, %rd39;
    ld.global.nc.f32 %f57, [%rd3];
    sub.ftz.f32 %f58, %f56, %f57;
    mad.wide.u32 %rd3, %r40, 4, %rd39;
    ld.global.nc.f32 %f59, [%rd3];
    sub.ftz.f32 %f60, %f59, %f57;
    mul.ftz.f32 %f61, %f60, %f51;
    neg.ftz.f32 %f62, %f61;
    fma.rn.ftz.f32 %f63, %f46, %f58, %f62;
    add.u32 %r64, %r48, %r10;
    mad.wide.u32 %rd3, %r64, 4, %rd39;
    ld.global.nc.f32 %f65, [%rd3];
    add.u32 %r66, %r43, %r10;
    mad.wide.u32 %rd3, %r66, 4, %rd39;
    ld.global.nc.f32 %f67, [%rd3];
    sub.ftz.f32 %f68, %f65, %f67;
    add.u32 %r69, %r40, %r10;
    mad.wide.u32 %rd3, %r69, 4, %rd39;
    ld.global.nc.f32 %f70, [%rd3];
    sub.ftz.f32 %f71, %f70, %f67;
    mul.ftz.f32 %f72, %f71, %f58;
    neg.ftz.f32 %f73, %f72;
    fma.rn.ftz.f32 %f74, %f60, %f68, %f73;
    mul.ftz.f32 %f75, %f46, %f68;
    neg.ftz.f32 %f76, %f75;
    fma.rn.ftz.f32 %f77, %f71, %f51, %f76;
    mul.ftz.f32 %f78, %f77, %f77;
    fma.rn.ftz.f32 %f79, %f63, %f63, %f78;
    fma.rn.ftz.f32 %f80, %f74, %f74, %f79;
    rsqrt.approx.ftz.f32 %f81, %f80;
    mul.ftz.f32 %f82, %f63, %f81;
    neg.ftz.f32 %f83, %f82;
    selp.f32 %f84, %f55, %f83, %p38;
    mov.b32 %f85, 0x3f800000;
    ld.param.f32 %f86, [params+28];
    sub.ftz.f32 %f87, %f85, %f86;
    ld.param.f32 %f88, [params+32];
    sub.ftz.f32 %f89, %f87, %f88;
    mul.ftz.f32 %f90, %f56, %f88;
    fma.rn.ftz.f32 %f91, %f59, %f86, %f90;
    fma.rn.ftz.f32 %f92, %f57, %f89, %f91;
    mul.ftz.f32 %f93, %f65, %f88;
    fma.rn.ftz.f32 %f94, %f70, %f86, %f93;
    fma.rn.ftz.f32 %f95, %f67, %f89, %f94;
    mul.ftz.f32 %f96, %f50, %f88;
    fma.rn.ftz.f32 %f97, %f42, %f86, %f96;
    fma.rn.

Critical Dr.Jit compiler failure: ftz.f32 %f98, %f45, %f89, %f97;
    mul.ftz.f32 %f99, %f77, %f81;
    mul.ftz.f32 %f100, %f74, %f81;
    mov.u32 %r101, self;
    mul.ftz.f32 %f102, %f18, %f89;
    fma.rn.ftz.f32 %f103, %f15, %f86, %f102;
    fma.rn.ftz.f32 %f104, %f32, %f88, %f103;
    mul.ftz.f32 %f105, %f27, %f89;
    fma.rn.ftz.f32 %f106, %f30, %f86, %f105;
    fma.rn.ftz.f32 %f107, %f25, %f88, %f106;
    neg.ftz.f32 %f108, %f71;
    mul.ftz.f32 %f109, %f19, %f68;
    fma.rn.ftz.f32 %f110, %f33, %f108, %f109;
    mul.ftz.f32 %f111, %f110, %f54;
    mov.b32 %f112, 0x80000000;
    and.b32 %f113, %f112, %f100;
    or.b32 %f114, %f85, %f113;
    add.ftz.f32 %f115, %f114, %f100;
    rcp.approx.ftz.f32 %f116, %f115;
    neg.ftz.f32 %f117, %f116;
    mul.ftz.f32 %f118, %f82, %f117;
    fma.rn.ftz.f32 %f119, %f82, %f118, %f114;
    selp.f32 %f120, %f111, %f119, %p38;
    neg.ftz.f32 %f121, %f60;
    mul.ftz.f32 %f122, %f19, %f58;
    fma.rn.ftz.f32 %f123, %f33, %f121, %f122;
    mul.ftz.f32 %f124, %f123, %f54;
    mul.ftz.f32 %f125, %f99, %f82;
    mul.ftz.f32 %f126, %f125, %f117;
    selp.f32 %f127, %f124, %f126, %p38;
    mul.ftz.f32 %f128, %f31, %f51;
    neg.ftz.f32 %f129, %f128;
    fma.rn.ftz.f32 %f130, %f28, %f46, %f129;
    mul.ftz.f32 %f131, %f130, %f54;
    setp.ge.f32 %p132, %f100, %f37;
    neg.ftz.f32 %f133, %f99;
    selp.f32 %f134, %f133, %f99, %p132;
    selp.f32 %f135, %f131, %f134, %p38;
    mul.ftz.f32 %f136, %f31, %f68;
    neg.ftz.f32 %f137, %f136;
    fma.rn.ftz.f32 %f138, %f28, %f71, %f137;
    mul.ftz.f32 %f139, %f138, %f54;
    xor.b32 %f140, %f126, %f113;
    selp.f32 %f141, %f139, %f140, %p38;
    mul.ftz.f32 %f142, %f31, %f58;
    neg.ftz.f32 %f143, %f142;
    fma.rn.ftz.f32 %f144, %f28, %f60, %f143;
    mul.ftz.f32 %f145, %f144, %f54;
    mul.ftz.f32 %f146, %f99, %f99;
    mul.ftz.f32 %f147, %f146, %f117;
    xor.b32 %f148, %f147, %f113;
    add.ftz.f32 %f149, %f148, %f85;
    selp.f32 %f150, %f145, %f149, %p38;
    st.param.f32 [result+0], %f4;
    st.param.f32 [result+4], %f84;
    st.param.f32 [result+8], %f92;
    st.param.f32 [result+12], %f95;
    st.param.f32 [result+16], %f98;
    st.param.f32 [result+20], %f99;
    st.param.f32 [result+24], %f82;
    st.param.f32 [result+28], %f100;
    st.param.u32 [result+32], %r101;
    st.param.f32 [result+36], %f104;
    st.param.f32 [result+40], %f107;
    st.param.f32 [result+44], %f86;
    st.param.f32 [result+48], %f88;
    st.param.f32 [result+52], %f120;
    st.param.f32 [result+56], %f127;
    st.param.f32 [result+60], %f135;
    st.param.f32 [result+64], %f141;
    st.param.f32 [result+68], %f150;
    st.param.f32 [result+72], %f100;
    st.param.f32 [result+76], %f99;
    st.param.f32 [result+80], %f82;
    ret;
}


COMPILE ERROR: failed to create pipeline
Info: Pipeline statistics
	module(s)                            :     2
	entry function(s)                    :    28
	trace call(s)                        :     1
	continuation callable call(s)        :     0
	direct callable call(s)              :     3
	basic block(s) in entry functions    :   397
	instruction(s) in entry functions    : 14281
	non-entry function(s)                :     0
	basic block(s) in non-entry functions:     0
	instruction(s) in non-entry functions:     0
	debug information                    :    no



Critical Dr.Jit compiler failure: jit_optix_check(): API error 7251 (OPTIX_ERROR_PIPELINE_LINK_ERROR): "Pipeline link error" in ../ext/drjit/ext/drjit-core/src/optix_core.cpp:398.
jit_optix_check(): API error 7251 (OPTIX_ERROR_PIPELINE_LINK_ERROR): "Pipeline link error" in ../ext/drjit/ext/drjit-core/src/optix_core.cpp:398.
%rd3];
    add.u32 %r26, %r17, %r10;
    mad.wide.u32 %rd3, %r26, 4, %rd5;
    ld.global.nc.f32 %f27, [%rd3];
    sub.ftz.f32 %f28, %f25, %f27;
    add.u32 %r29, %r14, %r10;
    mad.wide.u32 %rd3, %r29, 4, %rd5;
    ld.global.nc.f32 %f30, [%rd3];
    sub.ftz.f32 %f31, %f30, %f27;
    mad.wide.u32 %rd3, %r23, 4, %rd5;
    ld.global.nc.f32 %f32, [%rd3];
    sub.ftz.f32 %f33, %f32, %f18;
    mul.ftz.f32 %f34, %f31, %f33;
    neg.ftz.f32 %f35, %f34;
    fma.rn.ftz.f32 %f36, %f19, %f28, %f35;
    mov.b32 %f37, 0x0;
    setp.ne.f32 %p38, %f36, %f37;
    ld.global.u64 %rd39, [data+0];
    mul.lo.u32 %r40, %r13, %r8;
    add.u32 %r41, %r40, %r20;
    mad.wide.u32 %rd3, %r41, 4, %rd39;
    ld.global.nc.f32 %f42, [%rd3];
    mul.lo.u32 %r43, %r16, %r8;
    add.u32 %r44, %r43, %r20;
    mad.wide.u32 %rd3, %r44, 4, %rd39;
    ld.global.nc.f32 %f45, [%rd3];
    sub.ftz.f32 %f46, %f42, %f45;
    neg.ftz.f32 %f47, %f46;
    mul.lo.u32 %r48, %r22, %r8;
    add.u32 %r49, %r48, %r20;
    mad.wide.u32 %rd3, %r49, 4, %rd39;
    ld.global.nc.f32 %f50, [%rd3];
    sub.ftz.f32 %f51, %f50, %f45;
    mul.ftz.f32 %f52, %f19, %f51;
    fma.rn.ftz.f32 %f53, %f33, %f47, %f52;
    rcp.approx.ftz.f32 %f54, %f36;
    mul.ftz.f32 %f55, %f53, %f54;
    mad.wide.u32 %rd3, %r48, 4, %rd39;
    ld.global.nc.f32 %f56, [%rd3];
    mad.wide.u32 %rd3, %r43, 4, %rd39;
    ld.global.nc.f32 %f57, [%rd3];
    sub.ftz.f32 %f58, %f56, %f57;
    mad.wide.u32 %rd3, %r40, 4, %rd39;
    ld.global.nc.f32 %f59, [%rd3];
    sub.ftz.f32 %f60, %f59, %f57;
    mul.ftz.f32 %f61, %f60, %f51;
    neg.ftz.f32 %f62, %f61;
    fma.rn.ftz.f32 %f63, %f46, %f58, %f62;
    add.u32 %r64, %r48, %r10;
    mad.wide.u32 %rd3, %r64, 4, %rd39;
    ld.global.nc.f32 %f65, [%rd3];
    add.u32 %r66, %r43, %r10;
    mad.wide.u32 %rd3, %r66, 4, %rd39;
    ld.global.nc.f32 %f67, [%rd3];
    sub.ftz.f32 %f68, %f65, %f67;
    add.u32 %r69, %r40, %r10;
    mad.wide.u32 %rd3, %r69, 4, %rd39;
    ld.global.nc.f32 %f70, [%rd3];
    sub.ftz.f32 %f71, %f70, %f67;
    mul.ftz.f32 %f72, %f71, %f58;
    neg.ftz.f32 %f73, %f72;
    fma.rn.ftz.f32 %f74, %f60, %f68, %f73;
    mul.ftz.f32 %f75, %f46, %f68;
    neg.ftz.f32 %f76, %f75;
    fma.rn.ftz.f32 %f77, %f71, %f51, %f76;
    mul.ftz.f32 %f78, %f77, %f77;
    fma.rn.ftz.f32 %f79, %f63, %f63, %f78;
    fma.rn.ftz.f32 %f80, %f74, %f74, %f79;
    rsqrt.approx.ftz.f32 %f81, %f80;
    mul.ftz.f32 %f82, %f63, %f81;
    neg.ftz.f32 %f83, %f82;
    selp.f32 %f84, %f55, %f83, %p38;
    mov.b32 %f85, 0x3f800000;
    ld.param.f32 %f86, [params+28];
    sub.ftz.f32 %f87, %f85, %f86;
    ld.param.f32 %f88, [params+32];
    sub.ftz.f32 %f89, %f87, %f88;
    mul.ftz.f32 %f90, %f56, %f88;
    fma.rn.ftz.f32 %f91, %f59, %f86, %f90;
    fma.rn.ftz.f32 %f92, %f57, %f89, %f91;
    mul.ftz.f32 %f93, %f65, %f88;
    fma.rn.ftz.f32 %f94, %f70, %f86, %f93;
    fma.rn.ftz.f32 %f95, %f67, %f89, %f94;
    mul.ftz.f32 %f96, %f50, %f88;
    fma.rn.ftz.f32 %f97, %f42, %f86, %f96;
    fma.rn.ftz.f32 %f98, %f45, %f89, %f97;
    mul.ftz.f32 %f99, %f77, %f81;
    mul.ftz.f32 %f100, %f74, %f81;
    mov.u32 %r101, self;
    mul.ftz.f32 %f102, %f18, %f89;
    fma.rn.ftz.f32 %f103, %f15, %f86, %f102;
    fma.rn.ftz.f32 %f104, %f32, %f88, %f103;
    mul.ftz.f32 %f105, %f27, %f89;
    fma.rn.ftz.f32 %f106, %f30, %f86, %f105;
    fma.rn.ftz.f32 %f107, %f25, %f88, %f106;
    neg.ftz.f32 %f108, %f71;
    mul.ftz.f32 %f109, %f19, %f68;
    fma.rn.ftz.f32 %f110, %f33, %f108, %f109;
    mul.ftz.f32 %f111, %f110, %f54;
    mov.b32 %f112, 0x80000000;
    and.b32 %f113, %f112, %f100;
    or.b32 %f114, %f85, %f113;
    add.ftz.f32 %f115, %f114, %f100;
    rcp.approx.ftz.f32 %f116, %f115;
    neg.ftz.f32 %f117, %f116;
    mul.ftz.f32 %f118, %f82, %f117;
    fma.rn.ftz.f32 %f119, %f82, %f118, %f114;
    selp.f32 %f120, %f111, %f119, %p38;
    neg.ftz.f32 %f121, %f60;
    mul.ftz.f32 %f122, %f19, %f58;
    fma.rn.ftz.f32 %f123, %f33, %f121, %f122;
    mul.ftz.f32 %f124, %f123, %f54;
    mul.ftz.f32 %f125, %f99, %f82;
    mul.ftz.f32 %f126, %f125, %f117;
    selp.f32 %f127, %f124, %f126, %p38;
    mul.ftz.f32 %f128, %f31, %f51;
    neg.ftz.f32 %f129, %f128;
    fma.rn.ftz.f32 %f130, %f28, %f46, %f129;
    mul.ftz.f32 %f131, %f130, %f54;
    setp.ge.f32 %p132, %f100, %f37;
    neg.ftz.f32 %f133, %f99;
    selp.f32 %f134, %f133, %f99, %p132;
    selp.f32 %f135, %f131, %f134, %p38;
    mul.ftz.f32 %f136, %f31, %f68;
    neg.ftz.f32 %f137, %f136;
    fma.rn.ftz.f32 %f138, %f28, %f71, %f137;
    mul.ftz.f32 %f139, %f138, %f54;
    xor.b32 %f140, %f126, %f113;
    selp.f32 %f141, %f139, %f140, %p38;
    mul.ftz.f32 %f142, %f31, %f58;
    neg.ftz.f32 %f143, %f142;
    fma.rn.ftz.f32 %f144, %f28, %f60, %f143;
    mul.ftz.f32 %f145, %f144, %f54;
    mul.ftz.f32 %f146, %f99, %f99;
    mul.ftz.f32 %f147, %f146, %f117;
    xor.b32 %f148, %f147, %f113;
    add.ftz.f32 %f149, %f148, %f85;
    selp.f32 %f150, %f145, %f149, %p38;
    ld.global.u64 %rd151, [data+24];
    mad.wide.u32 %rd3, %r49, 4, %rd151;
    ld.global.nc.f32 %f152, [%rd3];
    mad.wide.u32 %rd3, %r41, 4, %rd151;
    ld.global.nc.f32 %f153, [%rd3];
    mad.wide.u32 %rd3, %r44, 4, %rd151;
    ld.global.nc.f32 %f154, [%rd3];
    mul.ftz.f32 %f155, %f154, %f89;
    fma.rn.ftz.f32 %f156, %f153, %f86, %f155;
    fma.rn.ftz.f32 %f157, %f152, %f88, %f156;
    mad.wide.u32 %rd3, %r64, 4, %rd151;
    ld.global.nc.f32 %f158, [%rd3];
    mad.wide.u32 %rd3, %r69, 4, %rd151;
    ld.global.nc.f32 %f159, [%rd3];
    mad.wide.u32 %rd3, %r66, 4, %rd151;
    ld.global.nc.f32 %f160, [%rd3];
    mul.ftz.f32 %f161, %f160, %f89;
    fma.rn.ftz.f32 %f162, %f159, %f86, %f161;
    fma.rn.ftz.f32 %f163, %f158, %f88, %f162;
    mad.wide.u32 %rd3, %r48, 4, %rd151;
    ld.global.nc.f32 %f164, [%rd3];
    mad.wide.u32 %rd3, %r40, 4, %rd151;
    ld.global.nc.f32 %f165, [%rd3];
    mad.wide.u32 %rd3, %r43, 4, %rd151;
    ld.global.nc.f32 %f166, [%rd3];
    mul.ftz.f32 %f167, %f166, %f89;
    fma.rn.ftz.f32 %f168, %f165, %f86, %f167;
    fma.rn.ftz.f32 %f169, %f164, %f88, %f168;
    mul.ftz.f32 %f170, %f169, %f169;
    fma.rn.ftz.f32 %f171, %f163, %f163, %f170;
    fma.rn.ftz.f32 %f172, %f157, %f157, %f171;
    rsqrt.approx.ftz.f32 %f173, %f172;
    mul.ftz.f32 %f174, %f157, %f173;
    mul.ftz.f32 %f175, %f169, %f173;
    mul.ftz.f32 %f176, %f163, %f173;
    st.param.f32 [result+0], %f4;
    st.param.f32 [result+4], %f84;
    st.param.f32 [result+8], %f92;
    st.param.f32 [result+12], %f95;
    st.param.f32 [result+16], %f98;
    st.param.f32 [result+20], %f99;
    st.param.f32 [result+24], %f82;
    st.param.f32 [result+28], %f100;
    st.param.u32 [result+32], %r101;
    st.param.f32 [result+36], %f104;
    st.param.f32 [result+40], %f107;
    st.param.f32 [result+44], %f86;
    st.param.f32 [result+48], %f88;
    st.param.f32 [result+52], %f120;
    st.param.f32 [result+56], %f127;
    st.param.f32 [result+60], %f135;
    st.param.f32 [result+64], %f141;
    st.param.f32 [result+68], %f150;
    st.param.f32 [result+72], %f174;
    st.param.f32 [result+76], %f175;
    st.param.f32 [result+80], %f176;
    ret;
}

.visible .func (.param .align 4 .b8 result[40]) __direct_callable__c4d47f60c8da4f88452a1a340c2c1995(.reg .u64 data, .param .align 4 .b8 params[32]) {
    // VCall: mitsuba::BSDF::sample()
    .reg.b8   %b <57>; .reg.b16 %w<57>; .reg.b32 %r<57>;
    .reg.b64  %rd<57>; .reg.f32 %f<57>; .reg.f64 %d<57>;
    .reg.pred %p <57>;

    ld.global.u64 %rd4, [data+0];
    mov.b32 %f5, 0x40000000;
    ld.param.f32 %f6, [params+24];
    mov.b32 %f7, 0xbf800000;
    fma.rn.ftz.f32 %f8, %f5, %f6, %f7;
    abs.f32 %f9, %f8;
    ld.param.f32 %f10, [params+28];
    fma.rn.ftz.f32 %f11, %f5, %f10, %f7;
    abs.f32 %f12, %f11;
    setp.lt.f32 %p13, %f9, %f12;
    selp.f32 %f14, %f11, %f8, %p13;
    mov.b32 %f15, 0x0;
    setp.eq.f32 %p16, %f8, %f15;
    setp.eq.f32 %p17, %f11, %f15;
    and.pred %p18, %p16, %p17;
    mov.b32 %f19, 0x3fc90fdb;
    mov.b32 %f20, 0x3f490fdb;
    selp.f32 %f21, %f8, %f11, %p13;
    mul.ftz.f32 %f22, %f20, %f21;
    div.approx.ftz.f32 %f23, %f22, %f14;
    sub.ftz.f32 %f24, %f19, %f23;
    selp.f32 %f25, %f24, %f23, %p13;
    selp.f32 %f26, %f15, %f25, %p18;
    cos.approx.ftz.f32 %f27, %f26;
    mul.ftz.f32 %f28, %f14, %f27;
    sin.approx.ftz.f32 %f29, %f26;
    mul.ftz.f32 %f30, %f14, %f29;
    mov.b32 %f31, 0x3f800000;
    mul.ftz.f32 %f32, %f28, %f28;
    fma.rn.ftz.f32 %f33, %f30, %f30, %f32;
    sub.ftz.f32 %f34, %f31, %f33;
    max.ftz.f32 %f35, %f34, %f15;
    sqrt.approx.ftz.f32 %f36, %f35;
    mov.b32 %f37, 0x3ea2f983;
    mul.ftz.f32 %f38, %f37, %f36;
    mov.b32 %r39, 0x2;
    mov.b32 %r40, 0x0;
    ld.param.f32 %f41, [params+4];
    ld.param.f32 %f42, [params+0];
    fma.rn.ftz.f32 %f43, %f15, %f41, %f42;
    mul.ftz.f32 %f44, %f15, %f42;
    add.ftz.f32 %f45, %f41, %f44;
    .reg.f32 %f46_out_<4>;
    tex.2d.v4.f32.f32 {%f46_out_0, %f46_out_1, %f46_out_2, %f46_out_3}, [%rd4, {%f43, %f45}];
    mov.b32 %f47, %f46_out_0;
    ld.param.f32 %f48, [params+16];
    setp.gt.f32 %p49, %f48, %f15;
    setp.gt.f32 %p50, %f38, %f15;
    and.pred %p51, %p49, %p50;
    selp.b32 %f52, %f47, 0, %p51;
    mov.b32 %f53, %f46_out_1;
    selp.b32 %f54, %f53, 0, %p51;
    mov.b32 %f55, %f46_out_2;
    selp.b32 %f56, %f55, 0, %p51;
    st.param.f32 [result+0], %f28;
    st.param.f32 [result+4], %f30;
    st.param.f32 [result+8], %f36;
    st.param.f32 [result+12], %f38;
    st.param.f32 [result+16], %f31;
    st.param.u32 [result+20], %r39;
    st.param.u32 [result+24], %r40;
    st.param.f32 [result+28], %f52;
    st.param.f32 [result+32], %f54;
    st.param.f32 [result+36], %f56;
    ret;
}

.visible .func (.param .align 4 .b8 result[40]) __direct_callable__f2b9df0a807beedc131b1e1ba408af05(.reg .u64 data, .param .align 4 .b8 params[32]) {
    // VCall: mitsuba::BSDF::sample()
    .reg.b8   %b <59>; .reg.b16 %w<59>; .reg.b32 %r<59>;
    .reg.b64  %rd<59>; .reg.f32 %f<59>; .reg.f64 %d<59>;
    .reg.pred %p <59>;

    ld.param.f32 %f4, [params+20];
    ld.param.f32 %f5, [params+16];
    abs.f32 %f6, %f5;
    mov.b32 %f7, 0x0;
    setp.eq.f32 %p8, %f6, %f7;
    mov.b32 %f9, 0x3f800000;
    mov.b32 %f10, 0x3f000000;
    setp.ge.f32 %p11, %f5, %f7;
    mov.b32 %f12, 0x3fc00000;
    mov.b32 %f13, 0x3f2aaaab;
    selp.f32 %f14, %f12, %f13, %p11;
    neg.ftz.f32 %f15, %f5;
    fma.rn.ftz.f32 %f16, %f5, %f15, %f9;
    selp.f32 %f17, %f13, %f12, %p11;
    mul.ftz.f32 %f18, %f17, %f17;
    neg.ftz.f32 %f19, %f18;
    fma.rn.ftz.f32 %f20, %f16, %f19, %f9;
    max.ftz.f32 %f21, %f20, %f7;
    sqrt.approx.ftz.f32 %f22, %f21;
    neg.ftz.f32 %f23, %f22;
    fma.rn.ftz.f32 %f24, %f14, %f23, %f6;
    fma.rn.ftz.f32 %f25, %f14, %f22, %f6;
    div.approx.ftz.f32 %f26, %f24, %f25;
    mul.ftz.f32 %f27, %f26, %f26;
    neg.ftz.f32 %f28, %f6;
    fma.rn.ftz.f32 %f29, %f14, %f28, %f22;
    fma.rn.ftz.f32 %f30, %f14, %f6, %f22;
    div.approx.ftz.f32 %f31, %f29, %f30;
    mul.ftz.f32 %f32, %f31, %f31;
    add.ftz.f32 %f33, %f27, %f32;
    mul.ftz.f32 %f34, %f10, %f33;
    selp.f32 %f35, %f9, %f34, %p8;
    setp.le.f32 %p36, %f4, %f35;
    ld.param.f32 %f37, [params+8];
    neg.ftz.f32 %f38, %f37;
    neg.ftz.f32 %f39, %f17;
    mul.ftz.f32 %f40, %f39, %f37;
    selp.f32 %f41, %f38, %f40, %p36;
    ld.param.f32 %f42, [params+12];
    neg.ftz.f32 %f43, %f42;
    mul.ftz.f32 %f44, %f39, %f42;
    selp.f32 %f45, %f43, %f44, %p36;
    selp.f32 %f46, %f23, %f22, %p11;
    selp.f32 %f47, %f5, %f46, %p36;
    sub.ftz.f32 %f48, %f9, %f35;
    selp.f32 %f49, %f35, %f48, %p36;
    selp.f32 %f50, %f9, %f14, %p36;
    mov.b32 %r51, 0x20;
    mov.b32 %r52, 0x40;
    selp.u32 %r53, %r51, %r52, %p36;
    mov.b32 %r54, 0x0;
    mov.b32 %r55, 0x1;
    selp.u32 %r56, %r54, %r55, %p36;
    not.pred %p57, %p36;
    selp.f32 %f58, %f18, %f9, %p57;
    st.param.f32 [result+0], %f41;
    st.param.f32 [result+4], %f45;
    st.param.f32 [result+8], %f47;
    st.param.f32 [result+12], %f49;
    st.param.f32 [result+16], %f50;
    st.param.u32 [result+20], %r53;
    st.param.u32 [result+24], %r56;
    st.param.f32 [result+28], %f58;
    st.param.f32 [result+32], %f58;
    st.param.f32 [result+36], %f58;
    ret;
}

.visible .func (.param .align 4 .b8 result[84]) __direct_callable__f9bd1a8ba432bd68f535c3799a2e3ec5(.reg .u32 self, .reg .u64 data, .param .align 4 .b8 params[40]) {
    // VCall: mitsuba::Shape::compute_surface_interaction()
    .reg.b8   %b <151>; .reg.b16 %w<151>; .reg.b32 %r<151>;
    .reg.b64  %rd<151>; .reg.f32 %f<151>; .reg.f64 %d<151>;
    .reg.pred %p <151>;

    ld.param.f32 %f4, [params+24];
    ld.global.u64 %rd5, [data+16];
    ld.global.u64 %rd6, [data+8];
    ld.param.u32 %r7, [params+36];
    mov.b32 %r8, 0x3;
    mul.lo.u32 %r9, %r7, %r8;
    mov.b32 %r10, 0x1;
    add.u32 %r11, %r9, %r10;
    mov.pred %p12, 0x1;
    mad.wide.u32 %rd3, %r11, 4, %rd6;
    ld.global.nc.u32 %r13, [%rd3];
    shl.b32 %r14, %r13, %r10;
    mad.wide.u32 %rd3, %r14, 4, %rd5;
    ld.global.nc.f32 %f15, [%rd3];
    mad.wide.u32 %rd3, %r9, 4, %rd6;
    ld.global.nc.u32 %r16, [%rd3];
    shl.b32 %r17, %r16, %r10;
    mad.wide.u32 %rd3, %r17, 4, %rd5;
    ld.global.nc.f32 %f18, [%rd3];
    sub.ftz.f32 %f19, %f15, %f18;
    mov.b32 %r20, 0x2;
    add.u32 %r21, %r9, %r20;
    mad.wide.u32 %rd3, %r21, 4, %rd6;
    ld.global.nc.u32 %r22, [%rd3];
    shl.b32 %r23, %r22, %r10;
    add.u32 %r24, %r23, %r10;
    mad.wide.u32 %rd3, %r24, 4, %rd5;
    ld.global.nc.f32 %f25, [%rd3];
    add.u32 %r26, %r17, %r10;
    mad.wide.u32 %rd3, %r26, 4, %rd5;
    ld.global.nc.f32 %f27, [%rd3];
    sub.ftz.f32 %f28, %f25, %f27;
    add.u32 %r29, %r14, %r10;
    mad.wide.u32 %rd3, %r29, 4, %rd5;
    ld.global.nc.f32 %f30, [%rd3];
    sub.ftz.f32 %f31, %f30, %f27;
    mad.wide.u32 %rd3, %r23, 4, %rd5;
    ld.global.nc.f32 %f32, [%rd3];
    sub.ftz.f32 %f33, %f32, %f18;
    mul.ftz.f32 %f34, %f31, %f33;
    neg.ftz.f32 %f35, %f34;
    fma.rn.ftz.f32 %f36, %f19, %f28, %f35;
    mov.b32 %f37, 0x0;
    setp.ne.f32 %p38, %f36, %f37;
    ld.global.u64 %rd39, [data+0];
    mul.lo.u32 %r40, %r13, %r8;
    add.u32 %r41, %r40, %r20;
    mad.wide.u32 %rd3, %r41, 4, %rd39;
    ld.global.nc.f32 %f42, [%rd3];
    mul.lo.u32 %r43, %r16, %r8;
    add.u32 %r44, %r43, %r20;
    mad.wide.u32 %rd3, %r44, 4, %rd39;
    ld.global.nc.f32 %f45, [%rd3];
    sub.ftz.f32 %f46, %f42, %f45;
    neg.ftz.f32 %f47, %f46;
    mul.lo.u32 %r48, %r22, %r8;
    add.u32 %r49, %r48, %r20;
    mad.wide.u32 %rd3, %r49, 4, %rd39;
    ld.global.nc.f32 %f50, [%rd3];
    sub.ftz.f32 %f51, %f50, %f45;
    mul.ftz.f32 %f52, %f19, %f51;
    fma.rn.ftz.f32 %f53, %f33, %f47, %f52;
    rcp.approx.ftz.f32 %f54, %f36;
    mul.ftz.f32 %f55, %f53, %f54;
    mad.wide.u32 %rd3, %r48, 4, %rd39;
    ld.global.nc.f32 %f56, [%rd3];
    mad.wide.u32 %rd3, %r43, 4, %rd39;
    ld.global.nc.f32 %f57, [%rd3];
    sub.ftz.f32 %f58, %f56, %f57;
    mad.wide.u32 %rd3, %r40, 4, %rd39;
    ld.global.nc.f32 %f59, [%rd3];
    sub.ftz.f32 %f60, %f59, %f57;
    mul.ftz.f32 %f61, %f60, %f51;
    neg.ftz.f32 %f62, %f61;
    fma.rn.ftz.f32 %f63, %f46, %f58, %f62;
    add.u32 %r64, %r48, %r10;
    mad.wide.u32 %rd3, %r64, 4, %rd39;
    ld.global.nc.f32 %f65, [%rd3];
    add.u32 %r66, %r43, %r10;
    mad.wide.u32 %rd3, %r66, 4, %rd39;
    ld.global.nc.f32 %f67, [%rd3];
    sub.ftz.f32 %f68, %f65, %f67;
    add.u32 %r69, %r40, %r10;
    mad.wide.u32 %rd3, %r69, 4, %rd39;
    ld.global.nc.f32 %f70, [%rd3];
    sub.ftz.f32 %f71, %f70, %f67;
    mul.ftz.f32 %f72, %f71, %f58;
    neg.ftz.f32 %f73, %f72;
    fma.rn.ftz.f32 %f74, %f60, %f68, %f73;
    mul.ftz.f32 %f75, %f46, %f68;
    neg.ftz.f32 %f76, %f75;
    fma.rn.ftz.f32 %f77, %f71, %f51, %f76;
    mul.ftz.f32 %f78, %f77, %f77;
    fma.rn.ftz.f32 %f79, %f63, %f63, %f78;
    fma.rn.ftz.f32 %f80, %f74, %f74, %f79;
    rsqrt.approx.ftz.f32 %f81, %f80;
    mul.ftz.f32 %f82, %f63, %f81;
    neg.ftz.f32 %f83, %f82;
    selp.f32 %f84, %f55, %f83, %p38;
    mov.b32 %f85, 0x3f800000;
    ld.param.f32 %f86, [params+28];
    sub.ftz.f32 %f87, %f85, %f86;
    ld.param.f32 %f88, [params+32];
    sub.ftz.f32 %f89, %f87, %f88;
    mul.ftz.f32 %f90, %f56, %f88;
    fma.rn.ftz.f32 %f91, %f59, %f86, %f90;
    fma.rn.ftz.f32 %f92, %f57, %f89, %f91;
    mul.ftz.f32 %f93, %f65, %f88;
    fma.rn.ftz.f32 %f94, %f70, %f86, %f93;
    fma.rn.ftz.f32 %f95, %f67, %f89, %f94;
    mul.ftz.f32 %f96, %f50, %f88;
    fma.rn.ftz.f32 %f97, %f42, %f86, %f96;
    fma.rn.ftz.f32 %f98, %f45, %f89, %f97;
    mul.ftz.f32 %f99, %f77, %f81;
    mul.ftz.f32 %f100, %f74, %f81;
    mov.u32 %r101, self;
    mul.ftz.f32 %f102, %f18, %f89;
    fma.rn.ftz.f32 %f103, %f15, %f86, %f102;
    fma.rn.ftz.f32 %f104, %f32, %f88, %f103;
    mul.ftz.f32 %f105, %f27, %f89;
    fma.rn.ftz.f32 %f106, %f30, %f86, %f105;
    fma.rn.ftz.f32 %f107, %f25, %f88, %f106;
    neg.ftz.f32 %f108, %f71;
    mul.ftz.f32 %f109, %f19, %f68;
    fma.rn.ftz.f32 %f110, %f33, %f108, %f109;
    mul.ftz.f32 %f111, %f110, %f54;
    mov.b32 %f112, 0x80000000;
    and.b32 %f113, %f112, %f100;
    or.b32 %f114, %f85, %f113;
    add.ftz.f32 %f115, %f114, %f100;
    rcp.approx.ftz.f32 %f116, %f115;
    neg.ftz.f32 %f117, %f116;
    mul.ftz.f32 %f118, %f82, %f117;
    fma.rn.ftz.f32 %f119, %f82, %f118, %f114;
    selp.f32 %f120, %f111, %f119, %p38;
    neg.ftz.f32 %f121, %f60;
    mul.ftz.f32 %f122, %f19, %f58;
    fma.rn.ftz.f32 %f123, %f33, %f121, %f122;
    mul.ftz.f32 %f124, %f123, %f54;
    mul.ftz.f32 %f125, %f99, %f82;
    mul.ftz.f32 %f126, %f125, %f117;
    selp.f32 %f127, %f124, %f126, %p38;
    mul.ftz.f32 %f128, %f31, %f51;
    neg.ftz.f32 %f129, %f128;
    fma.rn.ftz.f32 %f130, %f28, %f46, %f129;
    mul.ftz.f32 %f131, %f130, %f54;
    setp.ge.f32 %p132, %f100, %f37;
    neg.ftz.f32 %f133, %f99;
    selp.f32 %f134, %f133, %f99, %p132;
    selp.f32 %f135, %f131, %f134, %p38;
    mul.ftz.f32 %f136, %f31, %f68;
    neg.ftz.f32 %f137, %f136;
    fma.rn.ftz.f32 %f138, %f28, %f71, %f137;
    mul.ftz.f32 %f139, %f138, %f54;
    xor.b32 %f140, %f126, %f113;
    selp.f32 %f141, %f139, %f140, %p38;
    mul.ftz.f32 %f142, %f31, %f58;
    neg.ftz.f32 %f143, %f142;
    fma.rn.ftz.f32 %f144, %f28, %f60, %f143;
    mul.ftz.f32 %f145, %f144, %f54;
    mul.ftz.f32 %f146, %f99, %f99;
    mul.ftz.f32 %f147, %f146, %f117;
    xor.b32 %f148, %f147, %f113;
    add.ftz.f32 %f149, %f148, %f85;
    selp.f32 %f150, %f145, %f149, %p38;
    st.param.f32 [result+0], %f4;
    st.param.f32 [result+4], %f84;
    st.param.f32 [result+8], %f92;
    st.param.f32 [result+12], %f95;
    st.param.f32 [result+16], %f98;
    st.param.f32 [result+20], %f99;
    st.param.f32 [result+24], %f82;
    st.param.f32 [result+28], %f100;
    st.param.u32 [result+32], %r101;
    st.param.f32 [result+36], %f104;
    st.param.f32 [result+40], %f107;
    st.param.f32 [result+44], %f86;
    st.param.f32 [result+48], %f88;
    st.param.f32 [result+52], %f120;
    st.param.f32 [result+56], %f127;
    st.param.f32 [result+60], %f135;
    st.param.f32 [result+64], %f141;
    st.param.f32 [result+68], %f150;
    st.param.f32 [result+72], %f100;
    st.param.f32 [result+76], %f99;
    st.param.f32 [result+80], %f82;
    ret;
}


COMPILE ERROR: failed to create pipeline
Info: Pipeline statistics
	module(s)                            :     2
	entry function(s)                    :    28
	trace call(s)                        :     1
	continuation callable call(s)        :     0
	direct callable call(s)              :     3
	basic block(s) in entry functions    :   397
	instruction(s) in entry functions    : 14281
	non-entry function(s)                :     0
	basic block(s) in non-entry functions:     0
	instruction(s) in non-entry functions:     0
	debug information                    :    no



Critical Dr.Jit compiler failure: jit_optix_check(): API error 7251 (OPTIX_ERROR_PIPELINE_LINK_ERROR): "Pipeline link error" in ../ext/drjit/ext/drjit-core/src/optix_core.cpp:398.
jit_optix_compile(): optixPipelineCreate() failed. Please see the PTX assembly listing and error message below:

.version 6.0
.target sm_50
.address_size 64

.const .align 8 .b8 params[296];

.entry __raygen__3a66243e1300deb0223f37bb1d56b652() {
    .reg.b8   %b <846>; .reg.b16 %w<846>; .reg.b32 %r<846>;
    .reg.b64  %rd<846>; .reg.f32 %f<846>; .reg.f64 %d<846>;
    .reg.pred %p <846>;

    call (%r0), _optix_get_launch_index_x, ();
    ld.const.u32 %r1, [params + 4];
    add.u32 %r0, %r0, %r1;

body:
    ld.const.u64 %rd0, [params+8];
    ldu.global.u64 %rd6, [%rd0];
    mov.b32 %r7, 0x0;
    mov.pred %p8, 0x1;
    mov.b64 %rd9, 0x0;
    mov.b64 %rd10, 0x5851f42d4c957f2d;
    mov.u32 %r11, %r0;
    ld.const.u64 %rd0, [params+16];
    ldu.global.u32 %r12, [%rd0];
    mov.b32 %r13, 0x4;
    shl.b32 %r14, %r11, %r13;
    mov.b32 %r15, 0xa341316c;
    add.u32 %r16, %r14, %r15;
    mov.b32 %r17, 0x9e3779b9;
    add.u32 %r18, %r11, %r17;
    xor.b32 %r19, %r16, %r18;
    mov.b32 %r20, 0x5;
    shr.u32 %r21, %r11, %r20;
    mov.b32 %r22, 0xc8013ea4;
    add.u32 %r23, %r21, %r22;
    xor.b32 %r24, %r19, %r23;
    add.u32 %r25, %r12, %r24;
    shl.b32 %r26, %r25, %r13;
    mov.b32 %r27, 0xad90777d;
    add.u32 %r28, %r26, %r27;
    add.u32 %r29, %r25, %r17;
    xor.b32 %r30, %r28, %r29;
    shr.u32 %r31, %r25, %r20;
    mov.b32 %r32, 0x7e95761e;
    add.u32 %r33, %r31, %r32;
    xor.b32 %r34, %r30, %r33;
    add.u32 %r35, %r11, %r34;
    shl.b32 %r36, %r35, %r13;
    add.u32 %r37, %r36, %r15;
    mov.b32 %r38, 0x3c6ef372;
    add.u32 %r39, %r35, %r38;
    xor.b32 %r40, %r37, %r39;
    shr.u32 %r41, %r35, %r20;
    add.u32 %r42, %r41, %r22;
    xor.b32 %r43, %r40, %r42;
    add.u32 %r44, %r25, %r43;
    shl.b32 %r45, %r44, %r13;
    add.u32 %r46, %r45, %r27;
    add.u32 %r47, %r44, %r38;
    xor.b32 %r48, %r46, %r47;
    shr.u32 %r49, %r44, %r20;
    add.u32 %r50, %r49, %r32;
    xor.b32 %r51, %r48, %r50;
    add.u32 %r52, %r35, %r51;
    shl.b32 %r53, %r52, %r13;
    add.u32 %r54, %r53, %r15;
    mov.b32 %r55, 0xdaa66d2b;
    add.u32 %r56, %r52, %r55;
    xor.b32 %r57, %r54, %r56;
    shr.u32 %r58, %r52, %r20;
    add.u32 %r59, %r58, %r22;
    xor.b32 %r60, %r57, %r59;
    add.u32 %r61, %r44, %r60;
    shl.b32 %r62, %r61, %r13;
    add.u32 %r63, %r62, %r27;
    add.u32 %r64, %r61, %r55;
    xor.b32 %r65, %r63, %r64;
    shr.u32 %r66, %r61, %r20;
    add.u32 %r67, %r66, %r32;
    xor.b32 %r68, %r65, %r67;
    add.u32 %r69, %r52, %r68;
    shl.b32 %r70, %r69, %r13;
    add.u32 %r71, %r70, %r15;
    mov.b32 %r72, 0x78dde6e4;
    add.u32 %r73, %r69, %r72;
    xor.b32 %r74, %r71, %r73;
    shr.u32 %r75, %r69, %r20;
    add.u32 %r76, %r75, %r22;
    xor.b32 %r77, %r74, %r76;
    add.u32 %r78, %r61, %r77;
    shl.b32 %r79, %r78, %r13;
    add.u32 %r80, %r79, %r27;
    add.u32 %r81, %r78, %r72;
    xor.b32 %r82, %r80, %r81;
    shr.u32 %r83, %r78, %r20;
    add.u32 %r84, %r83, %r32;
    xor.b32 %r85, %r82, %r84;
    add.u32 %r86, %r69, %r85;
    cvt.u64.u32 %rd87, %r86;
    mov.b64 %rd88, 0x1;
    cvt.u32.u64 %r3, %rd88;
    shl.b64 %rd89, %rd87, %r3;
    or.b64 %rd90, %rd89, %rd88;
    mad.lo.u64 %rd91, %rd9, %rd10, %rd90;
    cvt.u64.u32 %rd92, %r78;
    add.u64 %rd93, %rd91, %rd92;
    mad.lo.u64 %rd94, %rd93, %rd10, %rd90;
    mov.b32 %f95, 0x0;
    mov.pred %p96, 0x1;
    ld.const.u64 %rd97, [params+24];
    mov.b32 %r98, %r21;
    mov.b32 %r99, %r98;
    mov.pred %p100, 0x1;
    mad.wide.u32 %rd3, %r99, 4, %rd97;
    ld.global.nc.u32 %r101, [%rd3];
    ld.const.u64 %rd102, [params+32];
    mad.wide.u32 %rd3, %r99, 4, %rd102;
    ld.global.nc.f32 %f103, [%rd3];
    mov.b32 %r104, 0x0;
    ld.const.u64 %rd105, [params+40];
    mad.wide.u32 %rd3, %r99, 4, %rd105;
    ld.global.nc.f32 %f106, [%rd3];
    ld.const.u64 %rd107, [params+48];
    mad.wide.u32 %rd3, %r99, 4, %rd107;
    ld.global.nc.f32 %f108, [%rd3];
    ld.const.u64 %rd109, [params+56];
    mad.wide.u32 %rd3, %r99, 4, %rd109;
    ld.global.nc.f32 %f110, [%rd3];
    ld.const.u64 %rd111, [params+64];
    mad.wide.u32 %rd3, %r99, 4, %rd111;
    ld.global.nc.f32 %f112, [%rd3];
    ld.const.u64 %rd113, [params+72];
    mad.wide.u32 %rd3, %r99, 4, %rd113;
    ld.global.nc.f32 %f114, [%rd3];
    ld.const.u64 %rd115, [params+80];
    mad.wide.u32 %rd3, %r99, 4, %rd115;
    ld.global.nc.f32 %f116, [%rd3];
    ld.const.u64 %rd117, [params+88];
    mad.wide.u32 %rd3, %r99, 4, %rd117;
    ld.global.nc.f32 %f118, [%rd3];
    ld.const.u64 %rd119, [params+96];
    mad.wide.u32 %rd3, %r99, 4, %rd119;
    ld.global.nc.f32 %f120, [%rd3];
    ld.const.u64 %rd121, [params+104];
    mad.wide.u32 %rd3, %r99, 4, %rd121;
    ld.global.nc.f32 %f122, [%rd3];
    ld.const.u64 %rd123, [params+112];
    mad.wide.u32 %rd3, %r99, 4, %rd123;
    ld.global.nc.f32 %f124, [%rd3];
    ld.const.u64 %rd125, [params+120];
    mad.wide.u32 %rd3, %r99, 4, %rd125;
    ld.global.nc.f32 %f126, [%rd3];
    ld.const.u64 %rd127, [params+128];
    mad.wide.u32 %rd3, %r99, 4, %rd127;
    ld.global.nc.f32 %f128, [%rd3];
    ld.const.u64 %rd129, [params+136];
    mad.wide.u32 %rd3, %r99, 4, %rd129;
    ld.global.nc.f32 %f130, [%rd3];
    ld.const.u64 %rd131, [params+144];
    mad.wide.u32 %rd3, %r99, 4, %rd131;
    ld.global.nc.f32 %f132, [%rd3];
    mov.b32 %f133, 0x0;
    mov.b32 %f134, 0x7f800000;
    mov.b32 %f135, 0x0;
    mov.b32 %f136, 0x0;
    mov.b32 %f137, 0x0;
    mov.b32 %f138, 0x0;
    mov.b32 %f139, 0x0;
    mov.b32 %f140, 0x0;
    mov.b32 %f141, 0x0;
    ld.const.u64 %rd142, [params+152];
    mad.wide.u32 %rd3, %r99, 4, %rd142;
    ld.global.nc.f32 %f143, [%rd3];
    mov.b32 %f144, 0x0;
    ld.const.u64 %rd145, [params+160];
    mad.wide.u32 %rd3, %r99, 4, %rd145;
    ld.global.nc.f32 %f146, [%rd3];
    mov.b32 %f147, 0x0;
    ld.const.u64 %rd148, [params+168];
    mad.wide.u32 %rd3, %r99, 4, %rd148;
    ld.global.nc.f32 %f149, [%rd3];
    mov.b32 %f150, 0x0;
    ld.const.u64 %rd151, [params+176];
    mad.wide.u32 %rd3, %r99, 4, %rd151;
    ld.global.nc.f32 %f152, [%rd3];
    mov.b32 %f153, 0x0;
    mov.b32 %f154, 0x0;
    mov.b32 %f155, 0x0;
    mov.b32 %f156, 0x0;
    mov.b32 %f157, 0x0;
    mov.b32 %f158, 0x0;
    mov.b32 %f159, 0x0;
    mov.b32 %f160, 0x0;
    mov.b32 %f161, 0x0;
    mov.b32 %f162, 0x0;
    mov.b32 %f163, 0x0;
    mov.b32 %f164, 0x0;
    mov.b32 %f165, 0x0;
    mov.b32 %f166, 0x0;
    mov.b32 %f167, 0x0;
    mov.b32 %f168, 0x0;
    mov.b32 %f169, 0x0;
    mov.b32 %f170, 0x0;
    mov.b32 %f171, 0x0;
    mov.b32 %f172, 0x0;
    mov.b32 %f173, 0x0;
    mov.b32 %f174, 0x0;
    mov.b32 %f175, 0x0;
    mov.b32 %f176, 0x0;
    mov.b32 %f177, 0x0;
    mov.b32 %f178, 0x0;
    mov.b32 %f179, 0x0;
    mov.b32 %f180, 0x0;
    mov.b32 %f181, 0x0;
    mov.b32 %f182, 0x0;
    mov.b32 %f183, 0x0;
    mov.b32 %f184, 0x0;
    mov.b32 %f185, 0x0;
    mov.b32 %f186, 0x0;
    mov.b32 %f187, 0x0;
    mov.b32 %f188, 0x0;
    mov.b32 %f189, 0x0;
    mov.b32 %f190, 0x0;
    mov.b32 %f191, 0x0;
    mov.b32 %f192, 0x0;
    mov.b32 %f193, 0x0;
    mov.b32 %f194, 0x0;
    mov.b32 %f195, 0x0;
    mov.b32 %f196, 0x0;
    mov.b32 %f197, 0x0;
    ld.const.u64 %rd198, [params+184];
    mad.wide.u32 %rd3, %r99, 4, %rd198;
    ld.global.nc.u32 %r199, [%rd3];
    mov.b32 %r200, 0x0;
    mov.b32 %r201, 0x0;
    mov.b32 %r202, 0x0;
    mov.u32 %r203, %r7;
    mov.pred %p204, %p8;
    mov.u64 %rd205, %rd94;
    mov.f32 %f206, %f95;
    mov.pred %p207, %p96;
    mov.u32 %r208, %r101;
    mov.f32 %f209, %f103;
    mov.u32 %r210, %r104;
    mov.f32 %f211, %f106;
    mov.f32 %f212, %f108;
    mov.f32 %f213, %f110;
    mov.f32 %f214, %f112;
    mov.f32 %f215, %f112;
    mov.f32 %f216, %f114;
    mov.f32 %f217, %f116;
    mov.f32 %f218, %f118;
    mov.f32 %f219, %f120;
    mov.f32 %f220, %f122;
    mov.f32 %f221, %f122;
    mov.f32 %f222, %f124;
    mov.f32 %f223, %f126;
    mov.f32 %f224, %f128;
    mov.f32 %f225, %f128;
    mov.f32 %f226, %f130;
    mov.f32 %f227, %f132;
    mov.f32 %f228, %f134;
    mov.f32 %f229, %f135;
    mov.f32 %f230, %f136;
    mov.f32 %f231, %f137;
    mov.f32 %f232, %f138;
    mov.f32 %f233, %f139;
    mov.f32 %f234, %f140;
    mov.f32 %f235, %f141;
    mov.f32 %f236, %f143;
    mov.f32 %f237, %f144;
    mov.f32 %f238, %f146;
    mov.f32 %f239, %f147;
    mov.f32 %f240, %f149;
    mov.f32 %f241, %f150;
    mov.f32 %f242, %f152;
    mov.f32 %f243, %f153;
    mov.f32 %f244, %f154;
    mov.f32 %f245, %f155;
    mov.f32 %f246, %f156;
    mov.f32 %f247, %f157;
    mov.f32 %f248, %f158;
    mov.f32 %f249, %f159;
    mov.f32 %f250, %f160;
    mov.f32 %f251, %f161;
    mov.f32 %f252, %f162;
    mov.f32 %f253, %f163;
    mov.f32 %f254, %f164;
    mov.f32 %f255, %f165;
    mov.f32 %f256, %f166;
    mov.f32 %f257, %f167;
    mov.f32 %f258, %f168;
    mov.f32 %f259, %f169;
    mov.f32 %f260, %f170;
    mov.f32 %f261, %f171;
    mov.f32 %f262, %f172;
    mov.f32 %f263, %f173;
    mov.f32 %f264, %f174;
    mov.f32 %f265, %f176;
    mov.f32 %f266, %f178;
    mov.f32 %f267, %f180;
    mov.f32 %f268, %f182;
    mov.f32 %f269, %f184;
    mov.f32 %f270, %f186;
    mov.f32 %f271, %f188;
    mov.f32 %f272, %f190;
    mov.f32 %f273, %f192;
    mov.f32 %f274, %f194;
    mov.f32 %f275, %f195;
    mov.f32 %f276, %f196;
    mov.f32 %f277, %f197;
    mov.u32 %r278, %r199;
    mov.u32 %r279, %r200;
    mov.u32 %r280, %r201;
    mov.u32 %r281, %r202;

l_282_cond: // Loop (first smooth surface)
    @!%p204 bra l_282_done;

l_282_body:
    mov.u64 %rd284, %rd205;
    mov.pred %p285, %p204;
    mov.f32 %f286, %f206;
    mov.pred %p287, %p207;
    mov.u32 %r288, %r208;
    mov.f32 %f289, %f209;
    mov.u32 %r290, %r210;
    mov.f32 %f291, %f211;
    mov.f32 %f292, %f212;
    mov.f32 %f293, %f213;
    mov.f32 %f294, %f214;
    mov.f32 %f295, %f215;
    mov.f32 %f296, %f216;
    mov.f32 %f297, %f217;
    mov.f32 %f298, %f218;
    mov.f32 %f299, %f219;
    mov.f32 %f300, %f220;
    mov.f32 %f301, %f221;
    mov.f32 %f302, %f222;
    mov.f32 %f303, %f223;
    mov.f32 %f304, %f224;
    mov.f32 %f305, %f225;
    mov.f32 %f306, %f226;
    mov.f32 %f307, %f227;
    mov.f32 %f308, %f228;
    mov.f32 %f309, %f229;
    mov.f32 %f310, %f230;
    mov.f32 %f311, %f231;
    mov.f32 %f312, %f232;
    mov.f32 %f313, %f233;
    mov.f32 %f314, %f234;
    mov.f32 %f315, %f235;
    mov.u32 %r316, %r203;
    mov.f32 %f317, %f236;
    mov.f32 %f318, %f237;
    mov.f32 %f319, %f238;
    mov.f32 %f320, %f239;
    mov.f32 %f321, %f240;
    mov.f32 %f322, %f241;
    mov.f32 %f323, %f242;
    mov.f32 %f324, %f243;
    mov.f32 %f325, %f244;
    mov.f32 %f326, %f245;
    mov.f32 %f327, %f246;
    mov.f32 %f328, %f247;
    mov.f32 %f329, %f248;
    mov.f32 %f330, %f249;
    mov.f32 %f331, %f250;
    mov.f32 %f332, %f251;
    mov.f32 %f333, %f252;
    mov.f32 %f334, %f253;
    mov.f32 %f335, %f254;
    mov.f32 %f336, %f255;
    mov.f32 %f337, %f256;
    mov.f32 %f338, %f257;
    mov.f32 %f339, %f258;
    mov.f32 %f340, %f259;
    mov.f32 %f341, %f260;
    mov.f32 %f342, %f261;
    mov.f32 %f343, %f262;
    mov.f32 %f344, %f263;
    mov.f32 %f345, %f264;
    mov.f32 %f346, %f265;
    mov.f32 %f347, %f266;
    mov.f32 %f348, %f267;
    mov.f32 %f349, %f268;
    mov.f32 %f350, %f269;
    mov.f32 %f351, %f270;
    mov.f32 %f352, %f271;
    mov.f32 %f353, %f272;
    mov.f32 %f354, %f273;
    mov.f32 %f355, %f274;
    mov.f32 %f356, %f275;
    mov.f32 %f357, %f276;
    mov.f32 %f358, %f277;
    mov.u32 %r359, %r278;
    mov.u32 %r360, %r279;
    mov.u32 %r361, %r280;
    mov.u32 %r362, %r281;
    mov.b64 %rd363, 0x5851f42d4c957f2d;
    mad.lo.u64 %rd364, %rd284, %rd363, %rd90;
    mad.lo.u64 %rd365, %rd364, %rd363, %rd90;
    mad.lo.u64 %rd366, %rd365, %rd363, %rd90;
    mov.b32 %f367, 0x7f800000;
    setp.ne.f32 %p368, %f286, %f367;
    ld.const.u64 %rd369, [params+192];
    ld.const.u64 %rd370, [params+200];
    mov.b32 %r371, 0x0;
    setp.ne.u32 %p372, %r288, %r371;
    @!%p372 bra l_373_masked;
    mad.wide.u32 %rd3, %r288, 4, %rd370;
    ld.global.nc.u32 %r373, [%rd3];
    bra.uni l_373_done;

l_373_masked:
    mov.b32 %r373, 0;

l_373_done:
    setp.ne.u32 %p374, %r373, %r371;
    @!%p374 bra l_375_masked;
    mad.wide.u32 %rd3, %r373, 4, %rd369;
    ld.global.nc.u32 %r375, [%rd3];
    bra.uni l_375_done;

l_375_masked:
    mov.b32 %r375, 0;

l_375_done:
    mov.b32 %r376, 0x1;
    and.b32 %r377, %r375, %r376;
    setp.ne.u32 %p378, %r377, %r371;
    ld.const.u64 %rd379, [params+208];
    @!%p374 bra l_380_masked;
    mad.wide.u32 %rd3, %r373, 4, %rd379;
    ld.global.nc.u32 %r380, [%rd3];
    bra.uni l_380_done;

l_380_masked:
    mov.b32 %r380, 0;

l_380_done:
    mov.b32 %r381, 0x10000;
    and.b32 %r382, %r380, %r381;
    setp.ne.u32 %p383, %r382, %r371;
    not.pred %p384, %p383;
    mov.b32 %f385, 0x0;
    setp.lt.f32 %p386, %f289, %f385;
    and.pred %p387, %p384, %p386;
    or.pred %p388, %p378, %p387;
    and.pred %p389, %p287, %p388;
    not.pred %p390, %p389;
    and.pred %p391, %p368, %p390;
    mov.b32 %r392, 0x10;
    setp.lo.u32 %p393, %r290, %r392;
    and.pred %p394, %p391, %p393;
    and.pred %p395, %p285, %p394;
    ld.const.u64 %rd396, [params+216];
    @!%p374 bra l_397_masked;
    mad.wide.u32 %rd3, %r373, 4, %rd396;
    ld.global.nc.u32 %r397, [%rd3];
    bra.uni l_397_done;

l_397_masked:
    mov.b32 %r397, 0;

l_397_done:
    mov.b32 %r398, 0x1e;
    and.b32 %r399, %r397, %r398;
    setp.ne.u32 %p400, %r399, %r371;
    not.pred %p401, %p400;
    and.pred %p402, %p395, %p401;
    mov.b64 %rd403, 0x12;
    cvt.u32.u64 %r3, %rd403;
    shr.u64 %rd404, %rd284, %r3;
    xor.b64 %rd405, %rd404, %rd284;
    mov.b64 %rd406, 0x1b;
    cvt.u32.u64 %r3, %rd406;
    shr.u64 %rd407, %rd405, %r3;
    cvt.u32.u64 %r408, %rd407;
    mov.b64 %rd409, 0x3b;
    cvt.u32.u64 %r3, %rd409;
    shr.u64 %rd410, %rd284, %r3;
    cvt.u32.u64 %r411, %rd410;
    shr.u32 %r412, %r408, %r411;
    mov.b32 %r413, %r411;
    neg.s32 %r414, %r413;
    mov.b32 %r415, 0x1f;
    and.b32 %r416, %r414, %r415;
    mov.b32 %r417, %r416;
    shl.b32 %r418, %r408, %r417;
    or.b32 %r419, %r412, %r418;
    mov.b32 %r420, 0x9;
    shr.u32 %r421, %r419, %r420;
    mov.b32 %r422, 0x3f800000;
    or.b32 %r423, %r421, %r422;
    mov.b32 %f424, %r423;
    mov.b32 %f425, 0x3f800000;
    sub.ftz.f32 %f426, %f424, %f425;
    cvt.u32.u64 %r3, %rd403;
    shr.u64 %rd427, %rd364, %r3;
    xor.b64 %rd428, %rd427, %rd364;
    cvt.u32.u64 %r3, %rd406;
    shr.u64 %rd429, %rd428, %r3;
    cvt.u32.u64 %r430, %rd429;
    cvt.u32.u64 %r3, %rd409;
    shr.u64 %rd431, %rd364, %r3;
    cvt.u32.u64 %r432, %rd431;
    shr.u32 %r433, %r430, %r432;
    mov.b32 %r434, %r432;
    neg.s32 %r435, %r434;
    and.b32 %r436, %r435, %r415;
    mov.b32 %r437, %r436;
    shl.b32 %r438, %r430, %r437;
    or.b32 %r439, %r433, %r438;
    shr.u32 %r440, %r439, %r420;
    or.b32 %r441, %r440, %r422;
    mov.b32 %f442, %r441;
    sub.ftz.f32 %f443, %f442, %f425;
    cvt.u32.u64 %r3, %rd403;
    shr.u64 %rd444, %rd365, %r3;
    xor.b64 %rd445, %rd444, %rd365;
    cvt.u32.u64 %r3, %rd406;
    shr.u64 %rd446, %rd445, %r3;
    cvt.u32.u64 %r447, %rd446;
    cvt.u32.u64 %r3, %rd409;
    shr.u64 %rd448, %rd365, %r3;
    cvt.u32.u64 %r449, %rd448;
    shr.u32 %r450, %r447, %r449;
    mov.b32 %r451, %r449;
    neg.s32 %r452, %r451;
    and.b32 %r453, %r452, %r415;
    mov.b32 %r454, %r453;
    shl.b32 %r455, %r447, %r454;
    or.b32 %r456, %r450, %r455;
    shr.u32 %r457, %r456, %r420;
    or.b32 %r458, %r457, %r422;
    mov.b32 %f459, %r458;
    sub.ftz.f32 %f460, %f459, %f425;
    selp.f32 %f461, %f286, %f308, %p285;
    selp.f32 %f462, %f133, %f309, %p285;
    selp.f32 %f463, %f291, %f310, %p285;
    selp.f32 %f464, %f292, %f311, %p285;
    selp.f32 %f465, %f293, %f312, %p285;
    selp.f32 %f466, %f304, %f313, %p285;
    selp.f32 %f467, %f300, %f314, %p285;
    selp.f32 %f468, %f294, %f315, %p285;
    selp.u32 %r469, %r288, %r316, %p285;
    selp.f32 %f470, %f317, %f318, %p285;
    selp.f32 %f471, %f319, %f320, %p285;
    selp.f32 %f472, %f321, %f322, %p285;
    selp.f32 %f473, %f323, %f324, %p285;
    selp.f32 %f474, %f307, %f325, %p285;
    selp.f32 %f475, %f303, %f326, %p285;
    selp.f32 %f476, %f299, %f327, %p285;
    selp.f32 %f477, %f306, %f328, %p285;
    selp.f32 %f478, %f302, %f329, %p285;
    selp.f32 %f479, %f298, %f330, %p285;
    selp.f32 %f480, %f305, %f331, %p285;
    selp.f32 %f481, %f301, %f332, %p285;
    selp.f32 %f482, %f295, %f333, %p285;
    selp.f32 %f483, %f334, %f335, %p285;
    selp.f32 %f484, %f336, %f337, %p285;
    selp.f32 %f485, %f338, %f339, %p285;
    selp.f32 %f486, %f340, %f341, %p285;
    selp.f32 %f487, %f342, %f343, %p285;
    selp.f32 %f488, %f344, %f345, %p285;
    selp.f32 %f489, %f175, %f346, %p285;
    selp.f32 %f490, %f177, %f347, %p285;
    selp.f32 %f491, %f179, %f348, %p285;
    selp.f32 %f492, %f181, %f349, %p285;
    selp.f32 %f493, %f183, %f350, %p285;
    selp.f32 %f494, %f185, %f351, %p285;
    selp.f32 %f495, %f187, %f352, %p285;
    selp.f32 %f496, %f189, %f353, %p285;
    selp.f32 %f497, %f191, %f354, %p285;
    selp.f32 %f498, %f193, %f355, %p285;
    selp.f32 %f499, %f296, %f356, %p285;
    selp.f32 %f500, %f297, %f357, %p285;
    selp.f32 %f501, %f289, %f358, %p285;
    selp.u32 %r502, %r359, %r360, %p285;
    selp.u32 %r503, %r361, %r362, %p285;
    mov.b32 %r504, 0x0;
    setp.ne.u32 %p505, %r373, %r504;
    and.pred %p506, %p402, %p505;
    ld.const.u64 %rd507, [params+224];
    ld.const.u64 %rd508, [params+232];

    @!%p506 bra l_masked_509;

    { // VCall: mitsuba::BSDF::sample()

        mad.wide.u32 %rd3, %r373, 8, %rd507;
        ld.global.u64 %rd3, [%rd3];
        cvt.u32.u64 %r3, %rd3;
        call (%rd2), _optix_call_direct_callable, (%r3);
        shr.u64 %rd3, %rd3, 32;
        add.u64 %rd3, %rd3, %rd508;

        {
            proto: .callprototype (.param .align 4 .b8 result[12]) _(.reg .u64 data, .param .align 4 .b8 params[24]);
            .param .align 4 .b8 out[12];
            .param .align 4 .b8 in[24];
            st.param.f32 [in+0], %f296;
            st.param.f32 [in+4], %f297;
            st.param.f32 [in+8], %f289;
            st.param.f32 [in+12], %f426;
            st.param.f32 [in+16], %f443;
            st.param.f32 [in+20], %f460;
            call (out), %rd2, (%rd3, in), proto;
            ld.param.f32 %f512, [out+0];
            ld.param.f32 %f511, [out+4];
            ld.param.f32 %f510, [out+8];
        }

        bra.uni l_done_509;
    }

l_masked_509:
    mov.b32 %f512, 0;
    mov.b32 %f511, 0;
    mov.b32 %f510, 0;

l_done_509:
    not.pred %p513, %p402;
    mov.b32 %f514, 0x7f800000;
    mov.b32 %f515, 0x3f800000;
    abs.f32 %f516, %f291;
    abs.f32 %f517, %f292;
    max.ftz.f32 %f518, %f516, %f517;
    abs.f32 %f519, %f293;
    max.ftz.f32 %f520, %f518, %f519;
    add.ftz.f32 %f521, %f515, %f520;
    mov.b32 %f522, 0x38bb8000;
    mul.ftz.f32 %f523, %f521, %f522;
    mov.b32 %f524, 0x80000000;
    mul.ftz.f32 %f525, %f299, %f512;
    fma.rn.ftz.f32 %f526, %f298, %f511, %f525;
    fma.rn.ftz.f32 %f527, %f295, %f510, %f526;
    mul.ftz.f32 %f528, %f303, %f512;
    fma.rn.ftz.f32 %f529, %f302, %f511, %f528;
    fma.rn.ftz.f32 %f530, %f301, %f510, %f529;
    mul.ftz.f32 %f531, %f307, %f512;
    fma.rn.ftz.f32 %f532, %f306, %f511, %f531;
    fma.rn.ftz.f32 %f533, %f305, %f510, %f532;
    mul.ftz.f32 %f534, %f304, %f533;
    fma.rn.ftz.f32 %f535, %f300, %f530, %f534;
    fma.rn.ftz.f32 %f536, %f294, %f527, %f535;
    and.b32 %f537, %f524, %f536;
    xor.b32 %f538, %f523, %f537;
    fma.rn.ftz.f32 %f539, %f538, %f304, %f291;
    fma.rn.ftz.f32 %f540, %f538, %f300, %f292;
    fma.rn.ftz.f32 %f541, %f538, %f294, %f293;
    mov.b32 %f542, 0x0;
    mov.b32 %f543, 0x7f7fffff;
    mov.b32 %r544, 0xff;
    mov.b32 %r545, 0x0;
    mov.b32 %r546, 0x1;
    .reg.u32 %u547_out_<32>;
    @!%p402 bra l_masked_547;
    .reg.u32 %u547_payload_type, %u547_payload_count;
    mov.u32 %u547_payload_type, 0;
    mov.u32 %u547_payload_count, 6;
    call (%u547_out_0, %u547_out_1, %u547_out_2, %u547_out_3, %u547_out_4, %u547_out_5, %u547_out_6, %u547_out_7, %u547_out_8, %u547_out_9, %u547_out_10, %u547_out_11, %u547_out_12, %u547_out_13, %u547_out_14, %u547_out_15, %u547_out_16, %u547_out_17, %u547_out_18, %u547_out_19, %u547_out_20, %u547_out_21, %u547_out_22, %u547_out_23, %u547_out_24, %u547_out_25, %u547_out_26, %u547_out_27, %u547_out_28, %u547_out_29, %u547_out_30, %u547_out_31), _optix_trace_typed_32, (%u547_payload_type, %rd6, %f539, %f540, %f541, %f533, %f530, %f527, %f542, %f543, %f133, %r544, %r545, %r545, %r546, %r545, %u547_payload_count, %r545, %r545, %r545, %r545, %r545, %r545, %u547_out_6, %u547_out_7, %u547_out_8, %u547_out_9, %u547_out_10, %u547_out_11, %u547_out_12, %u547_out_13, %u547_out_14, %u547_out_15, %u547_out_16, %u547_out_17, %u547_out_18, %u547_out_19, %u547_out_20, %u547_out_21, %u547_out_22, %u547_out_23, %u547_out_24, %u547_out_25, %u547_out_26, %u547_out_27, %u547_out_28, %u547_out_29, %u547_out_30, %u547_out_31);

l_masked_547:
    mov.b32 %r548, %u547_out_0;
    mov.b32 %f549, %r548;
    selp.f32 %f550, %f514, %f549, %p513;
    setp.ne.f32 %p551, %f550, %f514;
    and.pred %p552, %p402, %p551;
    not.pred %p553, %p552;
    mov.b32 %r554, %u547_out_5;
    selp.u32 %r555, %r545, %r554, %p553;
    setp.eq.u32 %p556, %r555, %r545;
    mov.b32 %r557, %u547_out_4;
    selp.u32 %r558, %r545, %r557, %p553;
    selp.u32 %r559, %r558, %r555, %p556;
    mov.b32 %r560, %u547_out_1;
    mov.b32 %f561, %r560;
    mov.b32 %r562, %u547_out_2;
    mov.b32 %f563, %r562;
    mov.b32 %r564, %u547_out_3;
    setp.ne.f32 %p565, %f286, %f514;
    add.u32 %r566, %r290, %r546;
    selp.u32 %r567, %r566, %r290, %p565;
    mov.b32 %r568, 0x0;
    setp.ne.u32 %p569, %r559, %r568;
    and.pred %p570, %p552, %p569;
    ld.const.u64 %rd571, [params+240];
    ld.const.u64 %rd572, [params+248];

    @!%p570 bra l_masked_573;

    { // VCall: mitsuba::Shape::compute_surface_interaction()

        mad.wide.u32 %rd3, %r559, 8, %rd571;
        ld.global.u64 %rd3, [%rd3];
        cvt.u32.u64 %r3, %rd3;
        call (%rd2), _optix_call_direct_callable, (%r3);
        shr.u64 %rd3, %rd3, 32;
        add.u64 %rd3, %rd3, %rd572;

        {
            proto: .callprototype (.param .align 4 .b8 result[84]) _(.reg .u32 self, .reg .u64 data, .param .align 4 .b8 params[40]);
            .param .align 4 .b8 out[84];
            .param .align 4 .b8 in[40];
            st.param.f32 [in+0], %f539;
            st.param.f32 [in+4], %f540;
            st.param.f32 [in+8], %f541;
            st.param.f32 [in+12], %f533;
            st.param.f32 [in+16], %f530;
            st.param.f32 [in+20], %f527;
            st.param.f32 [in+24], %f550;
            st.param.f32 [in+28], %f561;
            st.param.f32 [in+32], %f563;
            st.param.u32 [in+36], %r564;
            call (out), %rd2, (%r559, %rd3, in), proto;
            ld.param.f32 %f574, [out+0];
            ld.param.f32 %f594, [out+4];
            ld.param.f32 %f575, [out+8];
            ld.param.f32 %f576, [out+12];
            ld.param.f32 %f577, [out+16];
            ld.param.f32 %f578, [out+20];
            ld.param.f32 %f579, [out+24];
            ld.param.f32 %f580, [out+28];
            ld.param.u32 %r581, [out+32];
            ld.param.f32 %f582, [out+36];
            ld.param.f32 %f583, [out+40];
            ld.param.f32 %f584, [out+44];
            ld.param.f32 %f585, [out+48];
            ld.param.f32 %f593, [out+52];
            ld.param.f32 %f592, [out+56];
            ld.param.f32 %f588, [out+60];
            ld.param.f32 %f587, [out+64];
            ld.param.f32 %f586, [out+68];
            ld.param.f32 %f590, [out+72];
            ld.param.f32 %f589, [out+76];
            ld.param.f32 %f591, [out+80];
        }

        bra.uni l_done_573;
    }

l_masked_573:
    mov.b32 %f574, 0;
    mov.b32 %f594, 0;
    mov.b32 %f575, 0;
    mov.b32 %f576, 0;
    mov.b32 %f577, 0;
    mov.b32 %f578, 0;
    mov.b32 %f579, 0;
    mov.b32 %f580, 0;
    mov.b32 %r581, 0;
    mov.b32 %f582, 0;
    mov.b32 %f583, 0;
    mov.b32 %f584, 0;
    mov.b32 %f585, 0;
    mov.b32 %f593, 0;
    mov.b32 %f592, 0;
    mov.b32 %f588, 0;
    mov.b32 %f587, 0;
    mov.b32 %f586, 0;
    mov.b32 %f590, 0;
    mov.b32 %f589, 0;
    mov.b32 %f591, 0;

l_done_573:
    mov.b32 %r595, 0x0;
    not.pred %p596, %p552;
    mov.b32 %f597, 0x7f800000;
    selp.f32 %f598, %f597, %f574, %p596;
    setp.ne.f32 %p599, %f598, %f597;
    and.pred %p600, %p552, %p599;
    not.pred %p601, %p600;
    mov.b32 %r602, 0x0;
    selp.u32 %r603, %r602, %r581, %p601;
    mov.b32 %f604, 0x0;
    setp.eq.f32 %p605, %f586, %f604;
    setp.eq.f32 %p606, %f587, %f604;
    and.pred %p607, %p605, %p606;
    setp.eq.f32 %p608, %f588, %f604;
    and.pred %p609, %p607, %p608;
    mul.ftz.f32 %f610, %f589, %f589;
    mov.b32 %f611, 0x3f800000;
    mov.b32 %f612, 0x80000000;
    and.b32 %f613, %f612, %f590;
    or.b32 %f614, %f611, %f613;
    add.ftz.f32 %f615, %f614, %f590;
    rcp.approx.ftz.f32 %f616, %f615;
    neg.ftz.f32 %f617, %f616;
    mul.ftz.f32 %f618, %f610, %f617;
    xor.b32 %f619, %f618, %f613;
    add.ftz.f32 %f620, %f619, %f611;
    mul.ftz.f32 %f621, %f589, %f586;
    fma.rn.ftz.f32 %f622, %f591, %f587, %f621;
    fma.rn.ftz.f32 %f623, %f590, %f588, %f622;
    neg.ftz.f32 %f624, %f623;
    fma.rn.ftz.f32 %f625, %f589, %f624, %f586;
    fma.rn.ftz.f32 %f626, %f590, %f624, %f588;
    fma.rn.ftz.f32 %f627, %f591, %f624, %f587;
    mul.ftz.f32 %f628, %f625, %f625;
    fma.rn.ftz.f32 %f629, %f627, %f627, %f628;
    fma.rn.ftz.f32 %f630, %f626, %f626, %f629;
    rsqrt.approx.ftz.f32 %f631, %f630;
    mul.ftz.f32 %f632, %f625, %f631;
    selp.f32 %f633, %f620, %f632, %p609;
    mul.ftz.f32 %f634, %f589, %f591;
    mul.ftz.f32 %f635, %f634, %f617;
    xor.b32 %f636, %f635, %f613;
    mul.ftz.f32 %f637, %f627, %f631;
    selp.f32 %f638, %f636, %f637, %p609;
    setp.ge.f32 %p639, %f590, %f604;
    neg.ftz.f32 %f640, %f589;
    selp.f32 %f641, %f640, %f589, %p639;
    mul.ftz.f32 %f642, %f626, %f631;
    selp.f32 %f643, %f641, %f642, %p609;
    mul.ftz.f32 %f644, %f590, %f638;
    neg.ftz.f32 %f645, %f644;
    fma.rn.ftz.f32 %f646, %f591, %f643, %f645;
    mul.ftz.f32 %f647, %f589, %f643;
    neg.ftz.f32 %f648, %f647;
    fma.rn.ftz.f32 %f649, %f590, %f633, %f648;
    mul.ftz.f32 %f650, %f591, %f633;
    neg.ftz.f32 %f651, %f650;
    fma.rn.ftz.f32 %f652, %f589, %f638, %f651;
    neg.ftz.f32 %f653, %f527;
    neg.ftz.f32 %f654, %f530;
    neg.ftz.f32 %f655, %f533;
    mul.ftz.f32 %f656, %f655, %f633;
    fma.rn.ftz.f32 %f657, %f654, %f638, %f656;
    fma.rn.ftz.f32 %f658, %f653, %f643, %f657;
    selp.f32 %f659, %f658, %f655, %p600;
    mul.ftz.f32 %f660, %f655, %f646;
    fma.rn.ftz.f32 %f661, %f654, %f649, %f660;
    fma.rn.ftz.f32 %f662, %f653, %f652, %f661;
    selp.f32 %f663, %f662, %f654, %p600;
    mul.ftz.f32 %f664, %f655, %f589;
    fma.rn.ftz.f32 %f665, %f654, %f591, %f664;
    fma.rn.ftz.f32 %f666, %f653, %f590, %f665;
    selp.f32 %f667, %f666, %f653, %p600;
    selp.u32 %r668, %r602, %r595, %p601;
    mov.u64 %rd205, %rd366;
    mov.f32 %f206, %f598;
    mov.f32 %f211, %f575;
    mov.f32 %f212, %f576;
    mov.f32 %f213, %f577;
    mov.f32 %f224, %f578;
    mov.f32 %f220, %f579;
    mov.f32 %f214, %f580;
    mov.u32 %r208, %r603;
    mov.f32 %f236, %f582;
    mov.f32 %f238, %f583;
    mov.f32 %f240, %f584;
    mov.f32 %f242, %f585;
    mov.f32 %f227, %f633;
    mov.f32 %f223, %f638;
    mov.f32 %f219, %f643;
    mov.f32 %f226, %f646;
    mov.f32 %f222, %f649;
    mov.f32 %f218, %f652;
    mov.f32 %f225, %f589;
    mov.f32 %f221, %f591;
    mov.f32 %f215, %f590;
    mov.f32 %f253, %f586;
    mov.f32 %f255, %f587;
    mov.f32 %f257, %f588;
    mov.f32 %f259, %f592;
    mov.f32 %f261, %f593;
    mov.f32 %f263, %f594;
    mov.f32 %f216, %f659;
    mov.f32 %f217, %f663;
    mov.f32 %f209, %f667;
    mov.u32 %r278, %r564;
    mov.u32 %r280, %r668;
    mov.f32 %f228, %f461;
    mov.f32 %f229, %f462;
    mov.f32 %f230, %f463;
    mov.f32 %f231, %f464;
    mov.f32 %f232, %f465;
    mov.f32 %f233, %f466;
    mov.f32 %f234, %f467;
    mov.f32 %f235, %f468;
    mov.u32 %r203, %r469;
    mov.f32 %f237, %f470;
    mov.f32 %f239, %f471;
    mov.f32 %f241, %f472;
    mov.f32 %f243, %f473;
    mov.f32 %f244, %f474;
    mov.f32 %f245, %f475;
    mov.f32 %f246, %f476;
    mov.f32 %f247, %f477;
    mov.f32 %f248, %f478;
    mov.f32 %f249, %f479;
    mov.f32 %f250, %f480;
    mov.f32 %f251, %f481;
    mov.f32 %f252, %f482;
    mov.f32 %f254, %f483;
    mov.f32 %f256, %f484;
    mov.f32 %f258, %f485;
    mov.f32 %f260, %f486;
    mov.f32 %f262, %f487;
    mov.f32 %f264, %f488;
    mov.f32 %f265, %f489;
    mov.f32 %f266, %f490;
    mov.f32 %f267, %f491;
    mov.f32 %f268, %f492;
    mov.f32 %f269, %f493;
    mov.f32 %f270, %f494;
    mov.f32 %f271, %f495;
    mov.f32 %f272, %f496;
    mov.f32 %f273, %f497;
    mov.f32 %f274, %f498;
    mov.f32 %f275, %f499;
    mov.f32 %f276, %f500;
    mov.f32 %f277, %f501;
    mov.u32 %r279, %r502;
    mov.u32 %r281, %r503;
    mov.pred %p204, %p402;
    mov.u32 %r210, %r567;
    mov.pred %p207, %p389;
    bra l_282_cond;

l_282_done:
    mov.u32 %r670, %r203;
    mov.f32 %f671, %f237;
    mov.f32 %f672, %f239;
    mov.f32 %f673, %f275;
    mov.f32 %f674, %f276;
    mov.f32 %f675, %f277;
    ld.const.u64 %rd676, [params+256];
    mov.b32 %r677, 0x0;
    setp.ne.u32 %p678, %r670, %r677;
    @!%p678 bra l_679_masked;
    mad.wide.u32 %rd3, %r670, 4, %rd676;
    ld.global.nc.u32 %r679, [%rd3];
    bra.uni l_679_done;

l_679_masked:
    mov.b32 %r679, 0;

l_679_done:
    mov.b64 %rd680, 0x0;
    mov.b64 %rd681, 0x5851f42d4c957f2d;
    mov.u32 %r682, %r0;
    ld.const.u64 %rd0, [params+264];
    ldu.global.u32 %r683, [%rd0];
    mov.b32 %r684, 0x4;
    shl.b32 %r685, %r682, %r684;
    mov.b32 %r686, 0xa341316c;
    add.u32 %r687, %r685, %r686;
    mov.b32 %r688, 0x9e3779b9;
    add.u32 %r689, %r682, %r688;
    xor.b32 %r690, %r687, %r689;
    mov.b32 %r691, 0x5;
    shr.u32 %r692, %r682, %r691;
    mov.b32 %r693, 0xc8013ea4;
    add.u32 %r694, %r692, %r693;
    xor.b32 %r695, %r690, %r694;
    add.u32 %r696, %r683, %r695;
    shl.b32 %r697, %r696, %r684;
    mov.b32 %r698, 0xad90777d;
    add.u32 %r699, %r697, %r698;
    add.u32 %r700, %r696, %r688;
    xor.b32 %r701, %r699, %r700;
    shr.u32 %r702, %r696, %r691;
    mov.b32 %r703, 0x7e95761e;
    add.u32 %r704, %r702, %r703;
    xor.b32 %r705, %r701, %r704;
    add.u32 %r706, %r682, %r705;
    shl.b32 %r707, %r706, %r684;
    add.u32 %r708, %r707, %r686;
    mov.b32 %r709, 0x3c6ef372;
    add.u32 %r710, %r706, %r709;
    xor.b32 %r711, %r708, %r710;
    shr.u32 %r712, %r706, %r691;
    add.u32 %r713, %r712, %r693;
    xor.b32 %r714, %r711, %r713;
    add.u32 %r715, %r696, %r714;
    shl.b32 %r716, %r715, %r684;
    add.u32 %r717, %r716, %r698;
    add.u32 %r718, %r715, %r709;
    xor.b32 %r719, %r717, %r718;
    shr.u32 %r720, %r715, %r691;
    add.u32 %r721, %r720, %r703;
    xor.b32 %r722, %r719, %r721;
    add.u32 %r723, %r706, %r722;
    shl.b32 %r724, %r723, %r684;
    add.u32 %r725, %r724, %r686;
    mov.b32 %r726, 0xdaa66d2b;
    add.u32 %r727, %r723, %r726;
    xor.b32 %r728, %r725, %r727;
    shr.u32 %r729, %r723, %r691;
    add.u32 %r730, %r729, %r693;
    xor.b32 %r731, %r728, %r730;
    add.u32 %r732, %r715, %r731;
    shl.b32 %r733, %r732, %r684;
    add.u32 %r734, %r733, %r698;
    add.u32 %r735, %r732, %r726;
    xor.b32 %r736, %r734, %r735;
    shr.u32 %r737, %r732, %r691;
    add.u32 %r738, %r737, %r703;
    xor.b32 %r739, %r736, %r738;
    add.u32 %r740, %r723, %r739;
    shl.b32 %r741, %r740, %r684;
    add.u32 %r742, %r741, %r686;
    mov.b32 %r743, 0x78dde6e4;
    add.u32 %r744, %r740, %r743;
    xor.b32 %r745, %r742, %r744;
    shr.u32 %r746, %r740, %r691;
    add.u32 %r747, %r746, %r693;
    xor.b32 %r748, %r745, %r747;
    add.u32 %r749, %r732, %r748;
    shl.b32 %r750, %r749, %r684;
    add.u32 %r751, %r750, %r698;
    add.u32 %r752, %r749, %r743;
    xor.b32 %r753, %r751, %r752;
    shr.u32 %r754, %r749, %r691;
    add.u32 %r755, %r754, %r703;
    xor.b32 %r756, %r753, %r755;
    add.u32 %r757, %r740, %r756;
    cvt.u64.u32 %rd758, %r757;
    mov.b64 %rd759, 0x1;
    cvt.u32.u64 %r3, %rd759;
    shl.b64 %rd760, %rd758, %r3;
    or.b64 %rd761, %rd760, %rd759;
    mad.lo.u64 %rd762, %rd680, %rd681, %rd761;
    cvt.u64.u32 %rd763, %r749;
    add.u64 %rd764, %rd762, %rd763;
    mad.lo.u64 %rd765, %rd764, %rd681, %rd761;
    mov.b64 %rd766, 0x12;
    cvt.u32.u64 %r3, %rd766;
    shr.u64 %rd767, %rd765, %r3;
    xor.b64 %rd768, %rd767, %rd765;
    mov.b64 %rd769, 0x1b;
    cvt.u32.u64 %r3, %rd769;
    shr.u64 %rd770, %rd768, %r3;
    cvt.u32.u64 %r771, %rd770;
    mov.b64 %rd772, 0x3b;
    cvt.u32.u64 %r3, %rd772;
    shr.u64 %rd773, %rd765, %r3;
    cvt.u32.u64 %r774, %rd773;
    shr.u32 %r775, %r771, %r774;
    mov.b32 %r776, %r774;
    neg.s32 %r777, %r776;
    mov.b32 %r778, 0x1f;
    and.b32 %r779, %r777, %r778;
    mov.b32 %r780, %r779;
    shl.b32 %r781, %r771, %r780;
    or.b32 %r782, %r775, %r781;
    mov.b32 %r783, 0x9;
    shr.u32 %r784, %r782, %r783;
    mov.b32 %r785, 0x3f800000;
    or.b32 %r786, %r784, %r785;
    mov.b32 %f787, %r786;
    mov.b32 %f788, 0x3f800000;
    sub.ftz.f32 %f789, %f787, %f788;
    mad.lo.u64 %rd790, %rd765, %rd681, %rd761;
    cvt.u32.u64 %r3, %rd766;
    shr.u64 %rd791, %rd790, %r3;
    xor.b64 %rd792, %rd791, %rd790;
    cvt.u32.u64 %r3, %rd769;
    shr.u64 %rd793, %rd792, %r3;
    cvt.u32.u64 %r794, %rd793;
    cvt.u32.u64 %r3, %rd772;
    shr.u64 %rd795, %rd790, %r3;
    cvt.u32.u64 %r796, %rd795;
    shr.u32 %r797, %r794, %r796;
    mov.b32 %r798, %r796;
    neg.s32 %r799, %r798;
    and.b32 %r800, %r799, %r778;
    mov.b32 %r801, %r800;
    shl.b32 %r802, %r794, %r801;
    or.b32 %r803, %r797, %r802;
    shr.u32 %r804, %r803, %r783;
    or.b32 %r805, %r804, %r785;
    mov.b32 %f806, %r805;
    sub.ftz.f32 %f807, %f806, %f788;
    mad.lo.u64 %rd808, %rd790, %rd681, %rd761;
    cvt.u32.u64 %r3, %rd766;
    shr.u64 %rd809, %rd808, %r3;
    xor.b64 %rd810, %rd809, %rd808;
    cvt.u32.u64 %r3, %rd769;
    shr.u64 %rd811, %rd810, %r3;
    cvt.u32.u64 %r812, %rd811;
    cvt.u32.u64 %r3, %rd772;
    shr.u64 %rd813, %rd808, %r3;
    cvt.u32.u64 %r814, %rd813;
    shr.u32 %r815, %r812, %r814;
    mov.b32 %r816, %r814;
    neg.s32 %r817, %r816;
    and.b32 %r818, %r817, %r778;
    mov.b32 %r819, %r818;
    shl.b32 %r820, %r812, %r819;
    or.b32 %r821, %r815, %r820;
    shr.u32 %r822, %r821, %r783;
    or.b32 %r823, %r822, %r785;
    mov.b32 %f824, %r823;
    sub.ftz.f32 %f825, %f824, %f788;
    mov.b32 %r826, 0x0;
    setp.ne.u32 %p827, %r679, %r826;
    ld.const.u64 %rd828, [params+272];
    ld.const.u64 %rd829, [params+280];

    @!%p827 bra l_masked_830;

    { // VCall: mitsuba::BSDF::sample()

        mad.wide.u32 %rd3, %r679, 8, %rd828;
        ld.global.u64 %rd3, [%rd3];
        cvt.u32.u64 %r3, %rd3;
        call (%rd2), _optix_call_direct_callable, (%r3);
        shr.u64 %rd3, %rd3, 32;
        add.u64 %rd3, %rd3, %rd829;

        {
            proto: .callprototype (.param .align 4 .b8 result[40]) _(.reg .u64 data, .param .align 4 .b8 params[32]);
            .param .align 4 .b8 out[40];
            .param .align 4 .b8 in[32];
            st.param.f32 [in+0], %f671;
            st.param.f32 [in+4], %f672;
            st.param.f32 [in+8], %f673;
            st.param.f32 [in+12], %f674;
            st.param.f32 [in+16], %f675;
            st.param.f32 [in+20], %f789;
            st.param.f32 [in+24], %f807;
            st.param.f32 [in+28], %f825;
            call (out), %rd2, (%rd3, in), proto;
            ld.param.f32 %f831, [out+28];
            ld.param.f32 %f832, [out+32];
            ld.param.f32 %f833, [out+36];
        }

        bra.uni l_done_830;
    }

l_masked_830:
    mov.b32 %f831, 0;
    mov.b32 %f832, 0;
    mov.b32 %f833, 0;

l_done_830:
    ld.const.u64 %rd834, [params+288];
    mov.u32 %r835, %r0;
    mov.b32 %r836, 0x3;
    mul.lo.u32 %r837, %r835, %r836;
    mov.pred %p838, 0x1;
    mad.wide.u32 %rd3, %r837, 4, %rd834;
    st.global.f32 [%rd3], %f831;
    mov.b32 %r840, 0x1;
    add.u32 %r841, %r837, %r840;
    mad.wide.u32 %rd3, %r841, 4, %rd834;
    st.global.f32 [%rd3], %f832;
    mov.b32 %r843, 0x2;
    add.u32 %r844, %r837, %r843;
    mad.wide.u32 %rd3, %r844, 4, %rd834;
    st.global.f32 [%rd3], %f833;
    ret;
}

.visible .func (.param .align 4 .b8 result[12]) __direct_callable__1e4dd3bb4f4a43b90960888763f811da(.reg .u64 data, .param .align 4 .b8 params[24]) {
    // VCall: mitsuba::BSDF::sample()
    .reg.b8   %b <36>; .reg.b16 %w<36>; .reg.b32 %r<36>;
    .reg.b64  %rd<36>; .reg.f32 %f<36>; .reg.f64 %d<36>;
    .reg.pred %p <36>;

    mov.b32 %f4, 0x40000000;
    ld.param.f32 %f5, [params+16];
    mov.b32 %f6, 0xbf800000;
    fma.rn.ftz.f32 %f7, %f4, %f5, %f6;
    abs.f32 %f8, %f7;
    ld.param.f32 %f9, [params+20];
    fma.rn.ftz.f32 %f10, %f4, %f9, %f6;
    abs.f32 %f11, %f10;
    setp.lt.f32 %p12, %f8, %f11;
    selp.f32 %f13, %f10, %f7, %p12;
    mov.b32 %f14, 0x0;
    setp.eq.f32 %p15, %f7, %f14;
    setp.eq.f32 %p16, %f10, %f14;
    and.pred %p17, %p15, %p16;
    mov.b32 %f18, 0x3fc90fdb;
    mov.b32 %f19, 0x3f490fdb;
    selp.f32 %f20, %f7, %f10, %p12;
    mul.ftz.f32 %f21, %f19, %f20;
    div.approx.ftz.f32 %f22, %f21, %f13;
    sub.ftz.f32 %f23, %f18, %f22;
    selp.f32 %f24, %f23, %f22, %p12;
    selp.f32 %f25, %f14, %f24, %p17;
    cos.approx.ftz.f32 %f26, %f25;
    mul.ftz.f32 %f27, %f13, %f26;
    sin.approx.ftz.f32 %f28, %f25;
    mul.ftz.f32 %f29, %f13, %f28;
    mov.b32 %f30, 0x3f800000;
    mul.ftz.f32 %f31, %f27, %f27;
    fma.rn.ftz.f32 %f32, %f29, %f29, %f31;
    sub.ftz.f32 %f33, %f30, %f32;
    max.ftz.f32 %f34, %f33, %f14;
    sqrt.approx.ftz.f32 %f35, %f34;
    st.param.f32 [result+0], %f27;
    st.param.f32 [result+4], %f29;
    st.param.f32 [result+8], %f35;
    ret;
}

.visible .func (.param .align 4 .b8 result[40]) __direct_callable__203403e6f04f88a9a64c84338253d9a1(.reg .u64 data, .param .align 4 .b8 params[32]) {
    // VCall: mitsuba::BSDF::sample()
    .reg.b8   %b <50>; .reg.b16 %w<50>; .reg.b32 %r<50>;
    .reg.b64  %rd<50>; .reg.f32 %f<50>; .reg.f64 %d<50>;
    .reg.pred %p <50>;

    ld.global.f32 %f4, [data+0];
    ld.global.f32 %f5, [data+4];
    ld.global.f32 %f6, [data+8];
    mov.b32 %f7, 0x40000000;
    ld.param.f32 %f8, [params+24];
    mov.b32 %f9, 0xbf800000;
    fma.rn.ftz.f32 %f10, %f7, %f8, %f9;
    abs.f32 %f11, %f10;
    ld.param.f32 %f12, [params+28];
    fma.rn.ftz.f32 %f13, %f7, %f12, %f9;
    abs.f32 %f14, %f13;
    setp.lt.f32 %p15, %f11, %f14;
    selp.f32 %f16, %f13, %f10, %p15;
    mov.b32 %f17, 0x0;
    setp.eq.f32 %p18, %f10, %f17;
    setp.eq.f32 %p19, %f13, %f17;
    and.pred %p20, %p18, %p19;
    mov.b32 %f21, 0x3fc90fdb;
    mov.b32 %f22, 0x3f490fdb;
    selp.f32 %f23, %f10, %f13, %p15;
    mul.ftz.f32 %f24, %f22, %f23;
    div.approx.ftz.f32 %f25, %f24, %f16;
    sub.ftz.f32 %f26, %f21, %f25;
    selp.f32 %f27, %f26, %f25, %p15;
    selp.f32 %f28, %f17, %f27, %p20;
    cos.approx.ftz.f32 %f29, %f28;
    mul.ftz.f32 %f30, %f16, %f29;
    sin.approx.ftz.f32 %f31, %f28;
    mul.ftz.f32 %f32, %f16, %f31;
    mov.b32 %f33, 0x3f800000;
    mul.ftz.f32 %f34, %f30, %f30;
    fma.rn.ftz.f32 %f35, %f32, %f32, %f34;
    sub.ftz.f32 %f36, %f33, %f35;
    max.ftz.f32 %f37, %f36, %f17;
    sqrt.approx.ftz.f32 %f38, %f37;
    mov.b32 %f39, 0x3ea2f983;
    mul.ftz.f32 %f40, %f39, %f38;
    mov.b32 %r41, 0x2;
    mov.b32 %r42, 0x0;
    ld.param.f32 %f43, [params+16];
    setp.gt.f32 %p44, %f43, %f17;
    setp.gt.f32 %p45, %f40, %f17;
    and.pred %p46, %p44, %p45;
    selp.b32 %f47, %f4, 0, %p46;
    selp.b32 %f48, %f5, 0, %p46;
    selp.b32 %f49, %f6, 0, %p46;
    st.param.f32 [result+0], %f30;
    st.param.f32 [result+4], %f32;
    st.param.f32 [result+8], %f38;
    st.param.f32 [result+12], %f40;
    st.param.f32 [result+16], %f33;
    st.param.u32 [result+20], %r41;
    st.param.u32 [result+24], %r42;
    st.param.f32 [result+28], %f47;
    st.param.f32 [result+32], %f48;
    st.param.f32 [result+36], %f49;
    ret;
}

.visible .func (.param .align 4 .b8 result[40]) __direct_callable__3f116f31549d286144ecfe2091f3ef0d(.reg .u64 data, .param .align 4 .b8 params[32]) {
    // VCall: mitsuba::BSDF::sample()
    .reg.b8   %b <637>; .reg.b16 %w<637>; .reg.b32 %r<637>;
    .reg.b64  %rd<637>; .reg.f32 %f<637>; .reg.f64 %d<637>;
    .reg.pred %p <637>;

    ld.global.f32 %f4, [data+4];
    ld.global.f32 %f5, [data+8];
    ld.global.f32 %f6, [data+12];
    ld.global.f32 %f7, [data+16];
    ld.global.f32 %f8, [data+20];
    ld.global.f32 %f9, [data+24];
    ld.global.f32 %f10, [data+28];
    ld.global.f32 %f11, [data+32];
    ld.global.f32 %f12, [data+36];
    ld.global.f32 %f13, [data+0];
    mov.b32 %f14, 0x38d1b717;
    max.ftz.f32 %f15, %f13, %f14;
    ld.param.f32 %f16, [params+8];
    mul.ftz.f32 %f17, %f15, %f16;
    ld.param.f32 %f18, [params+16];
    ld.param.f32 %f19, [params+12];
    mul.ftz.f32 %f20, %f15, %f19;
    mul.ftz.f32 %f21, %f17, %f17;
    fma.rn.ftz.f32 %f22, %f20, %f20, %f21;
    fma.rn.ftz.f32 %f23, %f18, %f18, %f22;
    rsqrt.approx.ftz.f32 %f24, %f23;
    mul.ftz.f32 %f25, %f17, %f24;
    mul.ftz.f32 %f26, %f20, %f24;
    mul.ftz.f32 %f27, %f26, %f26;
    fma.rn.ftz.f32 %f28, %f25, %f25, %f27;
    abs.f32 %f29, %f28;
    mov.b32 %f30, 0x34800000;
    setp.le.f32 %p31, %f29, %f30;
    mov.b32 %f32, 0x3f800000;
    rsqrt.approx.ftz.f32 %f33, %f28;
    mul.ftz.f32 %f34, %f25, %f33;
    min.ftz.f32 %f35, %f34, %f32;
    mov.b32 %f36, 0xbf800000;
    max.ftz.f32 %f37, %f35, %f36;
    selp.f32 %f38, %f32, %f37, %p31;
    mul.ftz.f32 %f39, %f18, %f24;
    neg.ftz.f32 %f40, %f39;
    fma.rn.ftz.f32 %f41, %f39, %f40, %f32;
    mov.b32 %f42, 0x0;
    max.ftz.f32 %f43, %f41, %f42;
    sqrt.approx.ftz.f32 %f44, %f43;
    div.approx.ftz.f32 %f45, %f44, %f39;
    rcp.approx.ftz.f32 %f46, %f45;
    abs.f32 %f47, %f46;
    setp.lt.f32 %p48, %f47, %f32;
    mul.ftz.f32 %f49, %f46, %f46;
    mul.ftz.f32 %f50, %f49, %f49;
    mul.ftz.f32 %f51, %f50, %f50;
    mul.ftz.f32 %f52, %f51, %f51;
    mov.b32 %f53, 0xb055d725;
    mov.b32 %f54, 0x326b8d88;
    fma.rn.ftz.f32 %f55, %f49, %f53, %f54;
    mov.b32 %f56, 0xb42e0393;
    mov.b32 %f57, 0x35dcbfea;
    fma.rn.ftz.f32 %f58, %f49, %f56, %f57;
    fma.rn.ftz.f32 %f59, %f50, %f55, %f58;
    mov.b32 %f60, 0xb77a6527;
    mov.b32 %f61, 0x38fcd15d;
    fma.rn.ftz.f32 %f62, %f49, %f60, %f61;
    mov.b32 %f63, 0xba6016d8;
    mov.b32 %f64, 0x3bab2de6;
    fma.rn.ftz.f32 %f65, %f49, %f63, %f64;
    fma.rn.ftz.f32 %f66, %f50, %f62, %f65;
    mov.b32 %f67, 0xbcdc1672;
    mov.b32 %f68, 0x3de71791;
    fma.rn.ftz.f32 %f69, %f49, %f67, %f68;
    mov.b32 %f70, 0xbec093a3;
    mov.b32 %f71, 0x3f906ebb;
    fma.rn.ftz.f32 %f72, %f49, %f70, %f71;
    fma.rn.ftz.f32 %f73, %f50, %f69, %f72;
    fma.rn.ftz.f32 %f74, %f51, %f66, %f73;
    fma.rn.ftz.f32 %f75, %f52, %f59, %f74;
    mul.ftz.f32 %f76, %f46, %f75;
    mul.ftz.f32 %f77, %f47, %f47;
    mul.ftz.f32 %f78, %f77, %f77;
    mov.b32 %f79, 0xb9cd1e1c;
    mov.b32 %f80, 0xbc327bfe;
    fma.rn.ftz.f32 %f81, %f47, %f79, %f80;
    mov.b32 %f82, 0xbdce6dbf;
    mov.b32 %f83, 0xbefd92d0;
    fma.rn.ftz.f32 %f84, %f47, %f82, %f83;
    fma.rn.ftz.f32 %f85, %f77, %f81, %f84;
    mov.b32 %f86, 0xbfbda45c;
    mov.b32 %f87, 0xc031cf5c;
    fma.rn.ftz.f32 %f88, %f47, %f86, %f87;
    mov.b32 %f89, 0xc045d94b;
    mov.b32 %f90, 0xbfd05f42;
    fma.rn.ftz.f32 %f91, %f47, %f89, %f90;
    fma.rn.ftz.f32 %f92, %f77, %f88, %f91;
    fma.rn.ftz.f32 %f93, %f78, %f85, %f92;
    mov.b32 %f94, 0xb001e898;
    mov.b32 %f95, 0x398e350d;
    fma.rn.ftz.f32 %f96, %f47, %f94, %f95;
    mov.b32 %f97, 0x3bf73fc8;
    mov.b32 %f98, 0x3d8c7442;
    fma.rn.ftz.f32 %f99, %f47, %f97, %f98;
    fma.rn.ftz.f32 %f100, %f77, %f96, %f99;
    mov.b32 %f101, 0x3ea34427;
    mov.b32 %f102, 0x3f5ccc80;
    fma.rn.ftz.f32 %f103, %f47, %f101, %f102;
    mov.b32 %f104, 0x3faadae8;
    fma.rn.ftz.f32 %f105, %f47, %f104, %f32;
    fma.rn.ftz.f32 %f106, %f77, %f103, %f105;
    fma.rn.ftz.f32 %f107, %f78, %f100, %f106;
    div.approx.ftz.f32 %f108, %f93, %f107;
    mul.ftz.f32 %f109, %f108, %f47;
    ex2.approx.ftz.f32 %f110, %f109;
    sub.ftz.f32 %f111, %f32, %f110;
    abs.f32 %f112, %f111;
    mov.b32 %f113, 0x7f800000;
    setp.lt.f32 %p114, %f112, %f113;
    selp.f32 %f115, %f111, %f32, %p114;
    abs.f32 %f116, %f115;
    mov.b32 %f117, 0x80000000;
    and.b32 %f118, %f117, %f46;
    or.b32 %f119, %f116, %f118;
    selp.f32 %f120, %f76, %f119, %p48;
    add.ftz.f32 %f121, %f120, %f32;
    ld.param.f32 %f122, [params+24];
    mov.b32 %f123, 0x3f7fffef;
    min.ftz.f32 %f124, %f122, %f123;
    mov.b32 %f125, 0x358637bd;
    max.ftz.f32 %f126, %f124, %f125;
    lg2.approx.ftz.f32 %f127, %f126;
    mov.b32 %f128, 0x3f317218;
    mul.ftz.f32 %f129, %f127, %f128;
    neg.ftz.f32 %f130, %f129;
    sqrt.approx.ftz.f32 %f131, %f130;
    abs.f32 %f132, %f131;
    setp.lt.f32 %p133, %f132, %f32;
    mul.ftz.f32 %f134, %f131, %f131;
    mul.ftz.f32 %f135, %f134, %f134;
    mul.ftz.f32 %f136, %f135, %f135;
    mul.ftz.f32 %f137, %f136, %f136;
    fma.rn.ftz.f32 %f138, %f134, %f53, %f54;
    fma.rn.ftz.f32 %f139, %f134, %f56, %f57;
    fma.rn.ftz.f32 %f140, %f135, %f138, %f139;
    fma.rn.ftz.f32 %f141, %f134, %f60, %f61;
    fma.rn.ftz.f32 %f142, %f134, %f63, %f64;
    fma.rn.ftz.f32 %f143, %f135, %f141, %f142;
    fma.rn.ftz.f32 %f144, %f134, %f67, %f68;
    fma.rn.ftz.f32 %f145, %f134, %f70, %f71;
    fma.rn.ftz.f32 %f146, %f135, %f144, %f145;
    fma.rn.ftz.f32 %f147, %f136, %f143, %f146;
    fma.rn.ftz.f32 %f148, %f137, %f140, %f147;
    mul.ftz.f32 %f149, %f131, %f148;
    mul.ftz.f32 %f150, %f132, %f132;
    mul.ftz.f32 %f151, %f150, %f150;
    fma.rn.ftz.f32 %f152, %f132, %f79, %f80;
    fma.rn.ftz.f32 %f153, %f132, %f82, %f83;
    fma.rn.ftz.f32 %f154, %f150, %f152, %f153;
    fma.rn.ftz.f32 %f155, %f132, %f86, %f87;
    fma.rn.ftz.f32 %f156, %f132, %f89, %f90;
    fma.rn.ftz.f32 %f157, %f150, %f155, %f156;
    fma.rn.ftz.f32 %f158, %f151, %f154, %f157;
    fma.rn.ftz.f32 %f159, %f132, %f94, %f95;
    fma.rn.ftz.f32 %f160, %f132, %f97, %f98;
    fma.rn.ftz.f32 %f161, %f150, %f159, %f160;
    fma.rn.ftz.f32 %f162, %f132, %f101, %f102;
    fma.rn.ftz.f32 %f163, %f132, %f104, %f32;
    fma.rn.ftz.f32 %f164, %f150, %f162, %f163;
    fma.rn.ftz.f32 %f165, %f151, %f161, %f164;
    div.approx.ftz.f32 %f166, %f158, %f165;
    mul.ftz.f32 %f167, %f166, %f132;
    ex2.approx.ftz.f32 %f168, %f167;
    sub.ftz.f32 %f169, %f32, %f168;
    abs.f32 %f170, %f169;
    setp.lt.f32 %p171, %f170, %f113;
    selp.f32 %f172, %f169, %f32, %p171;
    abs.f32 %f173, %f172;
    and.b32 %f174, %f117, %f131;
    or.b32 %f175, %f173, %f174;
    selp.f32 %f176, %f149, %f175, %p133;
    mul.ftz.f32 %f177, %f121, %f176;
    sub.ftz.f32 %f178, %f120, %f177;
    add.ftz.f32 %f179, %f32, %f178;
    mov.b32 %f180, 0x3f106ebb;
    mul.ftz.f32 %f181, %f180, %f45;
    mov.b32 %f182, 0x3fb8aa3b;
    sub.ftz.f32 %f183, %f32, %f178;
    mul.ftz.f32 %f184, %f183, %f179;
    lg2.approx.ftz.f32 %f185, %f184;
    mul.ftz.f32 %f186, %f185, %f128;
    neg.ftz.f32 %f187, %f186;
    mov.b32 %f188, 0x40a00000;
    setp.lt.f32 %p189, %f187, %f188;
    mov.b32 %f190, 0x40200000;
    sub.ftz.f32 %f191, %f187, %f190;
    mul.ftz.f32 %f192, %f191, %f191;
    mul.ftz.f32 %f193, %f192, %f192;
    mul.ftz.f32 %f194, %f193, %f193;
    mov.b32 %f195, 0x32f16588;
    mov.b32 %f196, 0x34b84b36;
    mov.b32 %f197, 0xb66c7357;
    fma.rn.ftz.f32 %f198, %f191, %f196, %f197;
    mov.b32 %f199, 0xb6935ac1;
    mov.b32 %f200, 0x396532db;
    fma.rn.ftz.f32 %f201, %f191, %f199, %f200;
    fma.rn.ftz.f32 %f202, %f192, %f198, %f201;
    mov.b32 %f203, 0xbaa45408;
    mov.b32 %f204, 0xbb88e4ef;
    fma.rn.ftz.f32 %f205, %f191, %f203, %f204;
    mov.b32 %f206, 0x3e7c8f63;
    mov.b32 %f207, 0x3fc02e2f;
    fma.rn.ftz.f32 %f208, %f191, %f206, %f207;
    fma.rn.ftz.f32 %f209, %f192, %f205, %f208;
    fma.rn.ftz.f32 %f210, %f193, %f202, %f209;
    fma.rn.ftz.f32 %f211, %f194, %f195, %f210;
    sqrt.approx.ftz.f32 %f212, %f187;
    mov.b32 %f213, 0x40400000;
    sub.ftz.f32 %f214, %f212, %f213;
    mul.ftz.f32 %f215, %f214, %f214;
    mul.ftz.f32 %f216, %f215, %f215;
    mul.ftz.f32 %f217, %f216, %f216;
    mov.b32 %f218, 0xb951f09b;
    mov.b32 %f219, 0x38d3b56b;
    mov.b32 %f220, 0x3ab0dc72;
    fma.rn.ftz.f32 %f221, %f214, %f219, %f220;
    mov.b32 %f222, 0xbb70bde7;
    mov.b32 %f223, 0x3bbc127b;
    fma.rn.ftz.f32 %f224, %f214, %f222, %f223;
    fma.rn.ftz.f32 %f225, %f215, %f221, %f224;
    mov.b32 %f226, 0xbbf9c5d7;
    mov.b32 %f227, 0x3c1aa57e;
    fma.rn.ftz.f32 %f228, %f214, %f226, %f227;
    mov.b32 %f229, 0x3f8036db;
    mov.b32 %f230, 0x40354f7e;
    fma.rn.ftz.f32 %f231, %f214, %f229, %f230;
    fma.rn.ftz.f32 %f232, %f215, %f228, %f231;
    fma.rn.ftz.f32 %f233, %f216, %f225, %f232;
    fma.rn.ftz.f32 %f234, %f217, %f218, %f233;
    selp.f32 %f235, %f211, %f234, %p189;
    mul.ftz.f32 %f236, %f235, %f178;
    mul.ftz.f32 %f237, %f236, %f236;
    neg.ftz.f32 %f238, %f237;
    mul.ftz.f32 %f239, %f182, %f238;
    ex2.approx.ftz.f32 %f240, %f239;
    mul.ftz.f32 %f241, %f181, %f240;
    add.ftz.f32 %f242, %f179, %f241;
    add.ftz.f32 %f243, %f32, %f120;
    neg.ftz.f32 %f244, %f49;
    mul.ftz.f32 %f245, %f182, %f244;
    ex2.approx.ftz.f32 %f246, %f245;
    mul.ftz.f32 %f247, %f181, %f246;
    add.ftz.f32 %f248, %f243, %f247;
    mul.ftz.f32 %f249, %f126, %f248;
    sub.ftz.f32 %f250, %f242, %f249;
    mul.ftz.f32 %f251, %f236, %f45;
    sub.ftz.f32 %f252, %f32, %f251;
    div.approx.ftz.f32 %f253, %f250, %f252;
    sub.ftz.f32 %f254, %f178, %f253;
    add.ftz.f32 %f255, %f32, %f254;
    sub.ftz.f32 %f256, %f32, %f254;
    mul.ftz.f32 %f257, %f256, %f255;
    lg2.approx.ftz.f32 %f258, %f257;
    mul.ftz.f32 %f259, %f258, %f128;
    neg.ftz.f32 %f260, %f259;
    setp.lt.f32 %p261, %f260, %f188;
    sub.ftz.f32 %f262, %f260, %f190;
    mul.ftz.f32 %f263, %f262, %f262;
    mul.ftz.f32 %f264, %f263, %f263;
    mul.ftz.f32 %f265, %f264, %f264;
    fma.rn.ftz.f32 %f266, %f262, %f196, %f197;
    fma.rn.ftz.f32 %f267, %f262, %f199, %f200;
    fma.rn.ftz.f32 %f268, %f263, %f266, %f267;
    fma.rn.ftz.f32 %f269, %f262, %f203, %f204;
    fma.rn.ftz.f32 %f270, %f262, %f206, %f207;
    fma.rn.ftz.f32 %f271, %f263, %f269, %f270;
    fma.rn.ftz.f32 %f272, %f264, %f268, %f271;
    fma.rn.ftz.f32 %f273, %f265, %f195, %f272;
    sqrt.approx.ftz.f32 %f274, %f260;
    sub.ftz.f32 %f275, %f274, %f213;
    mul.ftz.f32 %f276, %f275, %f275;
    mul.ftz.f32 %f277, %f276, %f276;
    mul.ftz.f32 %f278, %f277, %f277;
    fma.rn.ftz.f32 %f279, %f275, %f219, %f220;
    fma.rn.ftz.f32 %f280, %f275, %f222, %f223;
    fma.rn.ftz.f32 %f281, %f276, %f279, %f280;
    fma.rn.ftz.f32 %f282, %f275, %f226, %f227;
    fma.rn.ftz.f32 %f283, %f275, %f229, %f230;
    fma.rn.ftz.f32 %f284, %f276, %f282, %f283;
    fma.rn.ftz.f32 %f285, %f277, %f281, %f284;
    fma.rn.ftz.f32 %f286, %f278, %f218, %f285;
    selp.f32 %f287, %f273, %f286, %p261;
    mul.ftz.f32 %f288, %f287, %f254;
    mul.ftz.f32 %f289, %f288, %f288;
    neg.ftz.f32 %f290, %f289;
    mul.ftz.f32 %f291, %f182, %f290;
    ex2.approx.ftz.f32 %f292, %f291;
    mul.ftz.f32 %f293, %f181, %f292;
    add.ftz.f32 %f294, %f255, %f293;
    sub.ftz.f32 %f295, %f294, %f249;
    mul.ftz.f32 %f296, %f288, %f45;
    sub.ftz.f32 %f297, %f32, %f296;
    div.approx.ftz.f32 %f298, %f295, %f297;
    sub.ftz.f32 %f299, %f254, %f298;
    add.ftz.f32 %f300, %f32, %f299;
    sub.ftz.f32 %f301, %f32, %f299;
    mul.ftz.f32 %f302, %f301, %f300;
    lg2.approx.ftz.f32 %f303, %f302;
    mul.ftz.f32 %f304, %f303, %f128;
    neg.ftz.f32 %f305, %f304;
    setp.lt.f32 %p306, %f305, %f188;
    sub.ftz.f32 %f307, %f305, %f190;
    mul.ftz.f32 %f308, %f307, %f307;
    mul.ftz.f32 %f309, %f308, %f308;
    mul.ftz.f32 %f310, %f309, %f309;
    fma.rn.ftz.f32 %f311, %f307, %f196, %f197;
    fma.rn.ftz.f32 %f312, %f307, %f199, %f200;
    fma.rn.ftz.f32 %f313, %f308, %f311, %f312;
    fma.rn.ftz.f32 %f314, %f307, %f203, %f204;
    fma.rn.ftz.f32 %f315, %f307, %f206, %f207;
    fma.rn.ftz.f32 %f316, %f308, %f314, %f315;
    fma.rn.ftz.f32 %f317, %f309, %f313, %f316;
    fma.rn.ftz.f32 %f318, %f310, %f195, %f317;
    sqrt.approx.ftz.f32 %f319, %f305;
    sub.ftz.f32 %f320, %f319, %f213;
    mul.ftz.f32 %f321, %f320, %f320;
    mul.ftz.f32 %f322, %f321, %f321;
    mul.ftz.f32 %f323, %f322, %f322;
    fma.rn.ftz.f32 %f324, %f320, %f219, %f220;
    fma.rn.ftz.f32 %f325, %f320, %f222, %f223;
    fma.rn.ftz.f32 %f326, %f321, %f324, %f325;
    fma.rn.ftz.f32 %f327, %f320, %f226, %f227;
    fma.rn.ftz.f32 %f328, %f320, %f229, %f230;
    fma.rn.ftz.f32 %f329, %f321, %f327, %f328;
    fma.rn.ftz.f32 %f330, %f322, %f326, %f329;
    fma.rn.ftz.f32 %f331, %f323, %f218, %f330;
    selp.f32 %f332, %f318, %f331, %p306;
    mul.ftz.f32 %f333, %f332, %f299;
    mul.ftz.f32 %f334, %f333, %f333;
    neg.ftz.f32 %f335, %f334;
    mul.ftz.f32 %f336, %f182, %f335;
    ex2.approx.ftz.f32 %f337, %f336;
    mul.ftz.f32 %f338, %f181, %f337;
    add.ftz.f32 %f339, %f300, %f338;
    sub.ftz.f32 %f340, %f339, %f249;
    mul.ftz.f32 %f341, %f333, %f45;
    sub.ftz.f32 %f342, %f32, %f341;
    div.approx.ftz.f32 %f343, %f340, %f342;
    sub.ftz.f32 %f344, %f299, %f343;
    sub.ftz.f32 %f345, %f32, %f344;
    add.ftz.f32 %f346, %f32, %f344;
    mul.ftz.f32 %f347, %f345, %f346;
    lg2.approx.ftz.f32 %f348, %f347;
    mul.ftz.f32 %f349, %f348, %f128;
    neg.ftz.f32 %f350, %f349;
    setp.lt.f32 %p351, %f350, %f188;
    sub.ftz.f32 %f352, %f350, %f190;
    mul.ftz.f32 %f353, %f352, %f352;
    mul.ftz.f32 %f354, %f353, %f353;
    mul.ftz.f32 %f355, %f354, %f354;
    fma.rn.ftz.f32 %f356, %f352, %f196, %f197;
    fma.rn.ftz.f32 %f357, %f352, %f199, %f200;
    fma.rn.ftz.f32 %f358, %f353, %f356, %f357;
    fma.rn.ftz.f32 %f359, %f352, %f203, %f204;
    fma.rn.ftz.f32 %f360, %f352, %f206, %f207;
    fma.rn.ftz.f32 %f361, %f353, %f359, %f360;
    fma.rn.ftz.f32 %f362, %f354, %f358, %f361;
    fma.rn.ftz.f32 %f363, %f355, %f195, %f362;
    sqrt.approx.ftz.f32 %f364, %f350;
    sub.ftz.f32 %f365, %f364, %f213;
    mul.ftz.f32 %f366, %f365, %f365;
    mul.ftz.f32 %f367, %f366, %f366;
    mul.ftz.f32 %f368, %f367, %f367;
    fma.rn.ftz.f32 %f369, %f365, %f219, %f220;
    fma.rn.ftz.f32 %f370, %f365, %f222, %f223;
    fma.rn.ftz.f32 %f371, %f366, %f369, %f370;
    fma.rn.ftz.f32 %f372, %f365, %f226, %f227;
    fma.rn.ftz.f32 %f373, %f365, %f229, %f230;
    fma.rn.ftz.f32 %f374, %f366, %f372, %f373;
    fma.rn.ftz.f32 %f375, %f367, %f371, %f374;
    fma.rn.ftz.f32 %f376, %f368, %f218, %f375;
    selp.f32 %f377, %f363, %f376, %p351;
    mul.ftz.f32 %f378, %f377, %f344;
    mul.ftz.f32 %f379, %f26, %f33;
    min.ftz.f32 %f380, %f379, %f32;
    max.ftz.f32 %f381, %f380, %f36;
    selp.f32 %f382, %f42, %f381, %p31;
    mov.b32 %f383, 0x40000000;
    ld.param.f32 %f384, [params+28];
    min.ftz.f32 %f385, %f384, %f123;
    max.ftz.f32 %f386, %f385, %f125;
    fma.rn.ftz.f32 %f387, %f383, %f386, %f36;
    sub.ftz.f32 %f388, %f32, %f387;
    add.ftz.f32 %f389, %f32, %f387;
    mul.ftz.f32 %f390, %f388, %f389;
    lg2.approx.ftz.f32 %f391, %f390;
    mul.ftz.f32 %f392, %f391, %f128;
    neg.ftz.f32 %f393, %f392;
    setp.lt.f32 %p394, %f393, %f188;
    sub.ftz.f32 %f395, %f393, %f190;
    mul.ftz.f32 %f396, %f395, %f395;
    mul.ftz.f32 %f397, %f396, %f396;
    mul.ftz.f32 %f398, %f397, %f397;
    fma.rn.ftz.f32 %f399, %f395, %f196, %f197;
    fma.rn.ftz.f32 %f400, %f395, %f199, %f200;
    fma.rn.ftz.f32 %f401, %f396, %f399, %f400;
    fma.rn.ftz.f32 %f402, %f395, %f203, %f204;
    fma.rn.ftz.f32 %f403, %f395, %f206, %f207;
    fma.rn.ftz.f32 %f404, %f396, %f402, %f403;
    fma.rn.ftz.f32 %f405, %f397, %f401, %f404;
    fma.rn.ftz.f32 %f406, %f398, %f195, %f405;
    sqrt.approx.ftz.f32 %f407, %f393;
    sub.ftz.f32 %f408, %f407, %f213;
    mul.ftz.f32 %f409, %f408, %f408;
    mul.ftz.f32 %f410, %f409, %f409;
    mul.ftz.f32 %f411, %f410, %f410;
    fma.rn.ftz.f32 %f412, %f408, %f219, %f220;
    fma.rn.ftz.f32 %f413, %f408, %f222, %f223;
    fma.rn.ftz.f32 %f414, %f409, %f412, %f413;
    fma.rn.ftz.f32 %f415, %f408, %f226, %f227;
    fma.rn.ftz.f32 %f416, %f408, %f229, %f230;
    fma.rn.ftz.f32 %f417, %f409, %f415, %f416;
    fma.rn.ftz.f32 %f418, %f410, %f414, %f417;
    fma.rn.ftz.f32 %f419, %f411, %f218, %f418;
    selp.f32 %f420, %f406, %f419, %p394;
    mul.ftz.f32 %f421, %f420, %f387;
    mul.ftz.f32 %f422, %f382, %f421;
    neg.ftz.f32 %f423, %f422;
    fma.rn.ftz.f32 %f424, %f38, %f378, %f423;
    mul.ftz.f32 %f425, %f424, %f15;
    neg.ftz.f32 %f426, %f425;
    mul.ftz.f32 %f427, %f38, %f421;
    fma.rn.ftz.f32 %f428, %f382, %f378, %f427;
    mul.ftz.f32 %f429, %f428, %f15;
    neg.ftz.f32 %f430, %f429;
    mul.ftz.f32 %f431, %f426, %f426;
    fma.rn.ftz.f32 %f432, %f430, %f430, %f431;
    add.ftz.f32 %f433, %f32, %f432;
    rsqrt.approx.ftz.f32 %f434, %f433;
    mul.ftz.f32 %f435, %f426, %f434;
    mul.ftz.f32 %f436, %f430, %f434;
    mul.ftz.f32 %f437, %f16, %f435;
    fma.rn.ftz.f32 %f438, %f19, %f436, %f437;
    fma.rn.ftz.f32 %f439, %f18, %f434, %f438;
    mul.ftz.f32 %f440, %f383, %f439;
    neg.ftz.f32 %f441, %f16;
    fma.rn.ftz.f32 %f442, %f435, %f440, %f441;
    neg.ftz.f32 %f443, %f19;
    fma.rn.ftz.f32 %f444, %f436, %f440, %f443;
    neg.ftz.f32 %f445, %f18;
    fma.rn.ftz.f32 %f446, %f434, %f440, %f445;
    div.approx.ftz.f32 %f447, %f435, %f15;
    mul.ftz.f32 %f448, %f447, %f447;
    div.approx.ftz.f32 %f449, %f436, %f15;
    mul.ftz.f32 %f450, %f449, %f449;
    add.ftz.f32 %f451, %f448, %f450;
    neg.ftz.f32 %f452, %f451;
    mul.ftz.f32 %f453, %f434, %f434;
    div.approx.ftz.f32 %f454, %f452, %f453;
    mul.ftz.f32 %f455, %f182, %f454;
    ex2.approx.ftz.f32 %f456, %f455;
    mov.b32 %f457, 0x40490fdb;
    mul.ftz.f32 %f458, %f15, %f15;
    mul.ftz.f32 %f459, %f457, %f458;
    mul.ftz.f32 %f460, %f453, %f453;
    mul.ftz.f32 %f461, %f459, %f460;
    div.approx.ftz.f32 %f462, %f456, %f461;
    mul.ftz.f32 %f463, %f462, %f434;
    mov.b32 %f464, 0x1e3ce508;
    setp.gt.f32 %p465, %f463, %f464;
    selp.f32 %f466, %f462, %f42, %p465;
    mul.ftz.f32 %f467, %f439, %f18;
    setp.le.f32 %p468, %f467, %f42;
    mul.ftz.f32 %f469, %f20, %f20;
    add.ftz.f32 %f470, %f21, %f469;
    setp.eq.f32 %p471, %f470, %f42;
    mul.ftz.f32 %f472, %f18, %f18;
    div.approx.ftz.f32 %f473, %f470, %f472;
    rsqrt.approx.ftz.f32 %f474, %f473;
    mov.b32 %f475, 0x3fcccccd;
    setp.ge.f32 %p476, %f474, %f475;
    mov.b32 %f477, 0x40623d71;
    mul.ftz.f32 %f478, %f477, %f474;
    mov.b32 %f479, 0x400b9581;
    mul.ftz.f32 %f480, %f474, %f474;
    mul.ftz.f32 %f481, %f479, %f480;
    add.ftz.f32 %f482, %f478, %f481;
    mov.b32 %f483, 0x4011a9fc;
    mul.ftz.f32 %f484, %f483, %f474;
    add.ftz.f32 %f485, %f32, %f484;
    mov.b32 %f486, 0x4024ed91;
    mul.ftz.f32 %f487, %f486, %f480;
    add.ftz.f32 %f488, %f485, %f487;
    div.approx.ftz.f32 %f489, %f482, %f488;
    selp.f32 %f490, %f32, %f489, %p476;
    selp.f32 %f491, %f32, %f490, %p471;
    selp.f32 %f492, %f42, %f491, %p468;
    mul.ftz.f32 %f493, %f466, %f492;
    abs.f32 %f494, %f439;
    mul.ftz.f32 %f495, %f493, %f494;
    div.approx.ftz.f32 %f496, %f495, %f18;
    mov.b32 %f497, 0x40800000;
    mul.ftz.f32 %f498, %f442, %f435;
    fma.rn.ftz.f32 %f499, %f444, %f436, %f498;
    fma.rn.ftz.f32 %f500, %f446, %f434, %f499;
    mul.ftz.f32 %f501, %f497, %f500;
    div.approx.ftz.f32 %f502, %f496, %f501;
    mov.b32 %r503, 0x8;
    mov.b32 %r504, 0x0;
    mov.b32 %f505, 0x3f000000;
    mul.ftz.f32 %f506, %f4, %f4;
    mul.ftz.f32 %f507, %f5, %f5;
    sub.ftz.f32 %f508, %f506, %f507;
    mul.ftz.f32 %f509, %f439, %f439;
    sub.ftz.f32 %f510, %f32, %f509;
    sub.ftz.f32 %f511, %f508, %f510;
    mul.ftz.f32 %f512, %f511, %f511;
    mul.ftz.f32 %f513, %f497, %f5;
    mul.ftz.f32 %f514, %f513, %f5;
    mul.ftz.f32 %f515, %f514, %f4;
    mul.ftz.f32 %f516, %f515, %f4;
    add.ftz.f32 %f517, %f512, %f516;
    max.ftz.f32 %f518, %f517, %f42;
    sqrt.approx.ftz.f32 %f519, %f518;
    add.ftz.f32 %f520, %f519, %f509;
    add.ftz.f32 %f521, %f519, %f511;
    mul.ftz.f32 %f522, %f505, %f521;
    max.ftz.f32 %f523, %f522, %f42;
    sqrt.approx.ftz.f32 %f524, %f523;
    mul.ftz.f32 %f525, %f440, %f524;
    sub.ftz.f32 %f526, %f520, %f525;
    add.ftz.f32 %f527, %f520, %f525;
    div.approx.ftz.f32 %f528, %f526, %f527;
    mul.ftz.f32 %f529, %f519, %f509;
    mul.ftz.f32 %f530, %f510, %f510;
    add.ftz.f32 %f531, %f529, %f530;
    mul.ftz.f32 %f532, %f525, %f510;
    sub.ftz.f32 %f533, %f531, %f532;
    mul.ftz.f32 %f534, %f528, %f533;
    add.ftz.f32 %f535, %f531, %f532;
    div.approx.ftz.f32 %f536, %f534, %f535;
    add.ftz.f32 %f537, %f528, %f536;
    mul.ftz.f32 %f538, %f505, %f537;
    mul.ftz.f32 %f539, %f500, %f446;
    setp.le.f32 %p540, %f539, %f42;
    mul.ftz.f32 %f541, %f15, %f442;
    mul.ftz.f32 %f542, %f541, %f541;
    mul.ftz.f32 %f543, %f15, %f444;
    mul.ftz.f32 %f544, %f543, %f543;
    add.ftz.f32 %f545, %f542, %f544;
    setp.eq.f32 %p546, %f545, %f42;
    mul.ftz.f32 %f547, %f446, %f446;
    div.approx.ftz.f32 %f548, %f545, %f547;
    rsqrt.approx.ftz.f32 %f549, %f548;
    setp.ge.f32 %p550, %f549, %f475;
    mul.ftz.f32 %f551, %f477, %f549;
    mul.ftz.f32 %f552, %f549, %f549;
    mul.ftz.f32 %f553, %f479, %f552;
    add.ftz.f32 %f554, %f551, %f553;
    mul.ftz.f32 %f555, %f483, %f549;
    add.ftz.f32 %f556, %f32, %f555;
    mul.ftz.f32 %f557, %f486, %f552;
    add.ftz.f32 %f558, %f556, %f557;
    div.approx.ftz.f32 %f559, %f554, %f558;
    selp.f32 %f560, %f32, %f559, %p550;
    selp.f32 %f561, %f32, %f560, %p546;
    selp.f32 %f562, %f42, %f561, %p540;
    mul.ftz.f32 %f563, %f562, %f6;
    mul.ftz.f32 %f564, %f538, %f563;
    setp.gt.f32 %p565, %f18, %f42;
    setp.ne.f32 %p566, %f496, %f42;
    setp.gt.f32 %p567, %f446, %f42;
    and.pred %p568, %p566, %p567;
    and.pred %p569, %p565, %p568;
    selp.b32 %f570, %f564, 0, %p569;
    mul.ftz.f32 %f571, %f7, %f7;
    mul.ftz.f32 %f572, %f8, %f8;
    sub.ftz.f32 %f573, %f571, %f572;
    sub.ftz.f32 %f574, %f573, %f510;
    mul.ftz.f32 %f575, %f574, %f574;
    mul.ftz.f32 %f576, %f497, %f8;
    mul.ftz.f32 %f577, %f576, %f8;
    mul.ftz.f32 %f578, %f577, %f7;
    mul.ftz.f32 %f579, %f578, %f7;
    add.ftz.f32 %f580, %f575, %f579;
    max.ftz.f32 %f581, %f580, %f42;
    sqrt.approx.ftz.f32 %f582, %f581;
    add.ftz.f32 %f583, %f582, %f509;
    add.ftz.f32 %f584, %f582, %f574;
    mul.ftz.f32 %f585, %f505, %f584;
    max.ftz.f32 %f586, %f585, %f42;
    sqrt.approx.ftz.f32 %f587, %f586;
    mul.ftz.f32 %f588, %f440, %f587;
    sub.ftz.f32 %f589, %f583, %f588;
    add.ftz.f32 %f590, %f583, %f588;
    div.approx.ftz.f32 %f591, %f589, %f590;
    mul.ftz.f32 %f592, %f582, %f509;
    add.ftz.f32 %f593, %f592, %f530;
    mul.ftz.f32 %f594, %f588, %f510;
    sub.ftz.f32 %f595, %f593, %f594;
    mul.ftz.f32 %f596, %f591, %f595;
    add.ftz.f32 %f597, %f593, %f594;
    div.approx.ftz.f32 %f598, %f596, %f597;
    add.ftz.f32 %f599, %f591, %f598;
    mul.ftz.f32 %f600, %f505, %f599;
    mul.ftz.f32 %f601, %f562, %f9;
    mul.ftz.f32 %f602, %f600, %f601;
    selp.b32 %f603, %f602, 0, %p569;
    mul.ftz.f32 %f604, %f10, %f10;
    mul.ftz.f32 %f605, %f11, %f11;
    sub.ftz.f32 %f606, %f604, %f605;
    sub.ftz.f32 %f607, %f606, %f510;
    mul.ftz.f32 %f608, %f607, %f607;
    mul.ftz.f32 %f609, %f497, %f11;
    mul.ftz.f32 %f610, %f609, %f11;
    mul.ftz.f32 %f611, %f610, %f10;
    mul.ftz.f32 %f612, %f611, %f10;
    add.ftz.f32 %f613, %f608, %f612;
    max.ftz.f32 %f614, %f613, %f42;
    sqrt.approx.ftz.f32 %f615, %f614;
    add.ftz.f32 %f616, %f615, %f509;
    add.ftz.f32 %f617, %f615, %f607;
    mul.ftz.f32 %f618, %f505, %f617;
    max.ftz.f32 %f619, %f618, %f42;
    sqrt.approx.ftz.f32 %f620, %f619;
    mul.ftz.f32 %f621, %f440, %f620;
    sub.ftz.f32 %f622, %f616, %f621;
    add.ftz.f32 %f623, %f616, %f621;
    div.approx.ftz.f32 %f624, %f622, %f623;
    mul.ftz.f32 %f625, %f615, %f509;
    add.ftz.f32 %f626, %f625, %f530;
    mul.ftz.f32 %f627, %f621, %f510;
    sub.ftz.f32 %f628, %f626, %f627;
    mul.ftz.f32 %f629, %f624, %f628;
    add.ftz.f32 %f630, %f626, %f627;
    div.approx.ftz.f32 %f631, %f629, %f630;
    add.ftz.f32 %f632, %f624, %f631;
    mul.ftz.f32 %f633, %f505, %f632;
    mul.ftz.f32 %f634, %f562, %f12;
    mul.ftz.f32 %f635, %f633, %f634;
    selp.b32 %f636, %f635, 0, %p569;
    st.param.f32 [result+0], %f442;
    st.param.f32 [result+4], %f444;
    st.param.f32 [result+8], %f446;
    st.param.f32 [result+12], %f502;
    st.param.f32 [result+16], %f32;
    st.param.u32 [result+20], %r503;
    st.param.u32 [result+24], %r504;
    st.param.f32 [result+28], %f570;
    st.param.f32 [result+32], %f603;
    st.param.f32 [result+36], %f636;
    ret;
}

.visible .func (.param .align 4 .b8 result[84]) __direct_callable__4516cd2ab718f9aa896604bb79d9548b(.reg .u32 self, .reg .u64 data, .param .align 4 .b8 params[40]) {
    // VCall: mitsuba::Shape::compute_surface_interaction()
    .reg.b8   %b <45>; .reg.b16 %w<45>; .reg.b32 %r<45>;
    .reg.b64  %rd<45>; .reg.f32 %f<45>; .reg.f64 %d<45>;
    .reg.pred %p <45>;

    ld.global.f32 %f4, [data+44];
    ld.global.f32 %f5, [data+0];
    ld.global.f32 %f6, [data+4];
    ld.global.f32 %f7, [data+8];
    ld.global.f32 %f8, [data+12];
    ld.global.f32 %f9, [data+16];
    ld.global.f32 %f10, [data+20];
    ld.global.f32 %f11, [data+40];
    ld.global.f32 %f12, [data+36];
    ld.global.f32 %f13, [data+32];
    ld.global.f32 %f14, [data+28];
    ld.global.f32 %f15, [data+24];
    ld.param.f32 %f16, [params+24];
    ld.param.f32 %f17, [params+12];
    ld.param.f32 %f18, [params+0];
    fma.rn.ftz.f32 %f19, %f17, %f16, %f18;
    ld.param.f32 %f20, [params+20];
    ld.param.f32 %f21, [params+8];
    fma.rn.ftz.f32 %f22, %f20, %f16, %f21;
    sub.ftz.f32 %f23, %f5, %f22;
    ld.param.f32 %f24, [params+16];
    ld.param.f32 %f25, [params+4];
    fma.rn.ftz.f32 %f26, %f24, %f16, %f25;
    sub.ftz.f32 %f27, %f7, %f26;
    sub.ftz.f32 %f28, %f9, %f19;
    mul.ftz.f32 %f29, %f28, %f10;
    fma.rn.ftz.f32 %f30, %f27, %f8, %f29;
    fma.rn.ftz.f32 %f31, %f23, %f6, %f30;
    mul.ftz.f32 %f32, %f31, %f10;
    add.ftz.f32 %f33, %f19, %f32;
    mul.ftz.f32 %f34, %f31, %f8;
    add.ftz.f32 %f35, %f26, %f34;
    mul.ftz.f32 %f36, %f31, %f6;
    add.ftz.f32 %f37, %f22, %f36;
    mov.u32 %r38, self;
    ld.param.f32 %f39, [params+28];
    mov.b32 %f40, 0x3f000000;
    fma.rn.ftz.f32 %f41, %f39, %f40, %f40;
    ld.param.f32 %f42, [params+32];
    fma.rn.ftz.f32 %f43, %f42, %f40, %f40;
    mov.b32 %f44, 0x0;
    st.param.f32 [result+0], %f16;
    st.param.f32 [result+4], %f4;
    st.param.f32 [result+8], %f33;
    st.param.f32 [result+12], %f35;
    st.param.f32 [result+16], %f37;
    st.param.f32 [result+20], %f10;
    st.param.f32 [result+24], %f8;
    st.param.f32 [result+28], %f6;
    st.param.u32 [result+32], %r38;
    st.param.f32 [result+36], %f41;
    st.param.f32 [result+40], %f43;
    st.param.f32 [result+44], %f44;
    st.param.f32 [result+48], %f44;
    st.param.f32 [result+52], %f11;
    st.param.f32 [result+56], %f12;
    st.param.f32 [result+60], %f13;
    st.param.f32 [result+64], %f14;
    st.param.f32 [result+68], %f15;
    st.param.f32 [result+72], %f6;
    st.param.f32 [result+76], %f10;
    st.param.f32 [result+80], %f8;
    ret;
}

.visible .func (.param .align 4 .b8 result[12]) __direct_callable__64c9c90116c43f6928a7486b8c17abb3(.reg .u64 data, .param .align 4 .b8 params[24]) {
    // VCall: mitsuba::BSDF::sample()
    .reg.b8   %b <48>; .reg.b16 %w<48>; .reg.b32 %r<48>;
    .reg.b64  %rd<48>; .reg.f32 %f<48>; .reg.f64 %d<48>;
    .reg.pred %p <48>;

    ld.param.f32 %f4, [params+12];
    ld.param.f32 %f5, [params+8];
    abs.f32 %f6, %f5;
    mov.b32 %f7, 0x0;
    setp.eq.f32 %p8, %f6, %f7;
    mov.b32 %f9, 0x3f800000;
    mov.b32 %f10, 0x3f000000;
    setp.ge.f32 %p11, %f5, %f7;
    mov.b32 %f12, 0x3fc00000;
    mov.b32 %f13, 0x3f2aaaab;
    selp.f32 %f14, %f12, %f13, %p11;
    neg.ftz.f32 %f15, %f5;
    fma.rn.ftz.f32 %f16, %f5, %f15, %f9;
    selp.f32 %f17, %f13, %f12, %p11;
    mul.ftz.f32 %f18, %f17, %f17;
    neg.ftz.f32 %f19, %f18;
    fma.rn.ftz.f32 %f20, %f16, %f19, %f9;
    max.ftz.f32 %f21, %f20, %f7;
    sqrt.approx.ftz.f32 %f22, %f21;
    neg.ftz.f32 %f23, %f22;
    fma.rn.ftz.f32 %f24, %f14, %f23, %f6;
    fma.rn.ftz.f32 %f25, %f14, %f22, %f6;
    div.approx.ftz.f32 %f26, %f24, %f25;
    mul.ftz.f32 %f27, %f26, %f26;
    neg.ftz.f32 %f28, %f6;
    fma.rn.ftz.f32 %f29, %f14, %f28, %f22;
    fma.rn.ftz.f32 %f30, %f14, %f6, %f22;
    div.approx.ftz.f32 %f31, %f29, %f30;
    mul.ftz.f32 %f32, %f31, %f31;
    add.ftz.f32 %f33, %f27, %f32;
    mul.ftz.f32 %f34, %f10, %f33;
    selp.f32 %f35, %f9, %f34, %p8;
    setp.le.f32 %p36, %f4, %f35;
    ld.param.f32 %f37, [params+0];
    neg.ftz.f32 %f38, %f37;
    neg.ftz.f32 %f39, %f17;
    mul.ftz.f32 %f40, %f39, %f37;
    selp.f32 %f41, %f38, %f40, %p36;
    ld.param.f32 %f42, [params+4];
    neg.ftz.f32 %f43, %f42;
    mul.ftz.f32 %f44, %f39, %f42;
    selp.f32 %f45, %f43, %f44, %p36;
    selp.f32 %f46, %f23, %f22, %p11;
    selp.f32 %f47, %f5, %f46, %p36;
    st.param.f32 [result+0], %f41;
    st.param.f32 [result+4], %f45;
    st.param.f32 [result+8], %f47;
    ret;
}

.visible .func (.param .align 4 .b8 result[40]) __direct_callable__6907fa219ccaa93496cdbc1947aefac0(.reg .u64 data, .param .align 4 .b8 params[32]) {
    // VCall: mitsuba::BSDF::sample()
    .reg.b8   %b <285>; .reg.b16 %w<285>; .reg.b32 %r<285>;
    .reg.b64  %rd<285>; .reg.f32 %f<285>; .reg.f64 %d<285>;
    .reg.pred %p <285>;

    ld.global.f32 %f4, [data+4];
    ld.global.f32 %f5, [data+8];
    ld.global.f32 %f6, [data+12];
    ld.global.f32 %f7, [data+16];
    ld.global.f32 %f8, [data+20];
    ld.global.f32 %f9, [data+24];
    ld.global.f32 %f10, [data+28];
    ld.global.f32 %f11, [data+32];
    ld.global.f32 %f12, [data+36];
    ld.global.f32 %f13, [data+0];
    mov.b32 %f14, 0x38d1b717;
    max.ftz.f32 %f15, %f13, %f14;
    ld.param.f32 %f16, [params+8];
    mul.ftz.f32 %f17, %f15, %f16;
    ld.param.f32 %f18, [params+16];
    ld.param.f32 %f19, [params+12];
    mul.ftz.f32 %f20, %f15, %f19;
    mul.ftz.f32 %f21, %f17, %f17;
    fma.rn.ftz.f32 %f22, %f20, %f20, %f21;
    fma.rn.ftz.f32 %f23, %f18, %f18, %f22;
    rsqrt.approx.ftz.f32 %f24, %f23;
    mul.ftz.f32 %f25, %f17, %f24;
    mul.ftz.f32 %f26, %f20, %f24;
    mul.ftz.f32 %f27, %f26, %f26;
    fma.rn.ftz.f32 %f28, %f25, %f25, %f27;
    abs.f32 %f29, %f28;
    mov.b32 %f30, 0x34800000;
    setp.le.f32 %p31, %f29, %f30;
    mov.b32 %f32, 0x3f800000;
    rsqrt.approx.ftz.f32 %f33, %f28;
    mul.ftz.f32 %f34, %f25, %f33;
    min.ftz.f32 %f35, %f34, %f32;
    mov.b32 %f36, 0xbf800000;
    max.ftz.f32 %f37, %f35, %f36;
    selp.f32 %f38, %f32, %f37, %p31;
    mul.ftz.f32 %f39, %f18, %f24;
    mov.b32 %f40, 0x40000000;
    ld.param.f32 %f41, [params+24];
    fma.rn.ftz.f32 %f42, %f40, %f41, %f36;
    abs.f32 %f43, %f42;
    ld.param.f32 %f44, [params+28];
    fma.rn.ftz.f32 %f45, %f40, %f44, %f36;
    abs.f32 %f46, %f45;
    setp.lt.f32 %p47, %f43, %f46;
    selp.f32 %f48, %f45, %f42, %p47;
    mov.b32 %f49, 0x0;
    setp.eq.f32 %p50, %f42, %f49;
    setp.eq.f32 %p51, %f45, %f49;
    and.pred %p52, %p50, %p51;
    mov.b32 %f53, 0x3fc90fdb;
    mov.b32 %f54, 0x3f490fdb;
    selp.f32 %f55, %f42, %f45, %p47;
    mul.ftz.f32 %f56, %f54, %f55;
    div.approx.ftz.f32 %f57, %f56, %f48;
    sub.ftz.f32 %f58, %f53, %f57;
    selp.f32 %f59, %f58, %f57, %p47;
    selp.f32 %f60, %f49, %f59, %p52;
    sin.approx.ftz.f32 %f61, %f60;
    mul.ftz.f32 %f62, %f48, %f61;
    mov.b32 %f63, 0x3f000000;
    add.ftz.f32 %f64, %f32, %f39;
    mul.ftz.f32 %f65, %f63, %f64;
    cos.approx.ftz.f32 %f66, %f60;
    mul.ftz.f32 %f67, %f48, %f66;
    mul.ftz.f32 %f68, %f67, %f67;
    sub.ftz.f32 %f69, %f32, %f68;
    max.ftz.f32 %f70, %f69, %f49;
    sqrt.approx.ftz.f32 %f71, %f70;
    neg.ftz.f32 %f72, %f65;
    fma.rn.ftz.f32 %f73, %f71, %f72, %f71;
    fma.rn.ftz.f32 %f74, %f62, %f65, %f73;
    mul.ftz.f32 %f75, %f39, %f39;
    sub.ftz.f32 %f76, %f32, %f75;
    max.ftz.f32 %f77, %f76, %f49;
    sqrt.approx.ftz.f32 %f78, %f77;
    fma.rn.ftz.f32 %f79, %f74, %f74, %f68;
    sub.ftz.f32 %f80, %f32, %f79;
    max.ftz.f32 %f81, %f80, %f49;
    sqrt.approx.ftz.f32 %f82, %f81;
    mul.ftz.f32 %f83, %f78, %f82;
    neg.ftz.f32 %f84, %f83;
    fma.rn.ftz.f32 %f85, %f39, %f74, %f84;
    mul.ftz.f32 %f86, %f39, %f82;
    fma.rn.ftz.f32 %f87, %f78, %f74, %f86;
    rcp.approx.ftz.f32 %f88, %f87;
    mul.ftz.f32 %f89, %f85, %f88;
    mul.ftz.f32 %f90, %f26, %f33;
    min.ftz.f32 %f91, %f90, %f32;
    max.ftz.f32 %f92, %f91, %f36;
    selp.f32 %f93, %f49, %f92, %p31;
    mul.ftz.f32 %f94, %f67, %f88;
    mul.ftz.f32 %f95, %f93, %f94;
    neg.ftz.f32 %f96, %f95;
    fma.rn.ftz.f32 %f97, %f38, %f89, %f96;
    mul.ftz.f32 %f98, %f97, %f15;
    neg.ftz.f32 %f99, %f98;
    mul.ftz.f32 %f100, %f38, %f94;
    fma.rn.ftz.f32 %f101, %f93, %f89, %f100;
    mul.ftz.f32 %f102, %f101, %f15;
    neg.ftz.f32 %f103, %f102;
    mul.ftz.f32 %f104, %f99, %f99;
    fma.rn.ftz.f32 %f105, %f103, %f103, %f104;
    add.ftz.f32 %f106, %f32, %f105;
    rsqrt.approx.ftz.f32 %f107, %f106;
    mul.ftz.f32 %f108, %f99, %f107;
    mul.ftz.f32 %f109, %f103, %f107;
    mul.ftz.f32 %f110, %f16, %f108;
    fma.rn.ftz.f32 %f111, %f19, %f109, %f110;
    fma.rn.ftz.f32 %f112, %f18, %f107, %f111;
    mul.ftz.f32 %f113, %f40, %f112;
    neg.ftz.f32 %f114, %f16;
    fma.rn.ftz.f32 %f115, %f108, %f113, %f114;
    neg.ftz.f32 %f116, %f19;
    fma.rn.ftz.f32 %f117, %f109, %f113, %f116;
    neg.ftz.f32 %f118, %f18;
    fma.rn.ftz.f32 %f119, %f107, %f113, %f118;
    mov.b32 %f120, 0x40490fdb;
    mul.ftz.f32 %f121, %f15, %f15;
    mul.ftz.f32 %f122, %f120, %f121;
    div.approx.ftz.f32 %f123, %f108, %f15;
    mul.ftz.f32 %f124, %f123, %f123;
    div.approx.ftz.f32 %f125, %f109, %f15;
    mul.ftz.f32 %f126, %f125, %f125;
    add.ftz.f32 %f127, %f124, %f126;
    mul.ftz.f32 %f128, %f107, %f107;
    add.ftz.f32 %f129, %f127, %f128;
    mul.ftz.f32 %f130, %f129, %f129;
    mul.ftz.f32 %f131, %f122, %f130;
    rcp.approx.ftz.f32 %f132, %f131;
    mul.ftz.f32 %f133, %f132, %f107;
    mov.b32 %f134, 0x1e3ce508;
    setp.gt.f32 %p135, %f133, %f134;
    selp.f32 %f136, %f132, %f49, %p135;
    mul.ftz.f32 %f137, %f112, %f18;
    setp.le.f32 %p138, %f137, %f49;
    mul.ftz.f32 %f139, %f20, %f20;
    add.ftz.f32 %f140, %f21, %f139;
    setp.eq.f32 %p141, %f140, %f49;
    mul.ftz.f32 %f142, %f18, %f18;
    div.approx.ftz.f32 %f143, %f140, %f142;
    add.ftz.f32 %f144, %f32, %f143;
    sqrt.approx.ftz.f32 %f145, %f144;
    add.ftz.f32 %f146, %f32, %f145;
    div.approx.ftz.f32 %f147, %f40, %f146;
    selp.f32 %f148, %f32, %f147, %p141;
    selp.f32 %f149, %f49, %f148, %p138;
    mul.ftz.f32 %f150, %f136, %f149;
    abs.f32 %f151, %f112;
    mul.ftz.f32 %f152, %f150, %f151;
    div.approx.ftz.f32 %f153, %f152, %f18;
    mov.b32 %f154, 0x40800000;
    mul.ftz.f32 %f155, %f115, %f108;
    fma.rn.ftz.f32 %f156, %f117, %f109, %f155;
    fma.rn.ftz.f32 %f157, %f119, %f107, %f156;
    mul.ftz.f32 %f158, %f154, %f157;
    div.approx.ftz.f32 %f159, %f153, %f158;
    mov.b32 %r160, 0x8;
    mov.b32 %r161, 0x0;
    mul.ftz.f32 %f162, %f4, %f4;
    mul.ftz.f32 %f163, %f5, %f5;
    sub.ftz.f32 %f164, %f162, %f163;
    mul.ftz.f32 %f165, %f112, %f112;
    sub.ftz.f32 %f166, %f32, %f165;
    sub.ftz.f32 %f167, %f164, %f166;
    mul.ftz.f32 %f168, %f167, %f167;
    mul.ftz.f32 %f169, %f154, %f5;
    mul.ftz.f32 %f170, %f169, %f5;
    mul.ftz.f32 %f171, %f170, %f4;
    mul.ftz.f32 %f172, %f171, %f4;
    add.ftz.f32 %f173, %f168, %f172;
    max.ftz.f32 %f174, %f173, %f49;
    sqrt.approx.ftz.f32 %f175, %f174;
    add.ftz.f32 %f176, %f175, %f165;
    add.ftz.f32 %f177, %f175, %f167;
    mul.ftz.f32 %f178, %f63, %f177;
    max.ftz.f32 %f179, %f178, %f49;
    sqrt.approx.ftz.f32 %f180, %f179;
    mul.ftz.f32 %f181, %f113, %f180;
    sub.ftz.f32 %f182, %f176, %f181;
    add.ftz.f32 %f183, %f176, %f181;
    div.approx.ftz.f32 %f184, %f182, %f183;
    mul.ftz.f32 %f185, %f175, %f165;
    mul.ftz.f32 %f186, %f166, %f166;
    add.ftz.f32 %f187, %f185, %f186;
    mul.ftz.f32 %f188, %f181, %f166;
    sub.ftz.f32 %f189, %f187, %f188;
    mul.ftz.f32 %f190, %f184, %f189;
    add.ftz.f32 %f191, %f187, %f188;
    div.approx.ftz.f32 %f192, %f190, %f191;
    add.ftz.f32 %f193, %f184, %f192;
    mul.ftz.f32 %f194, %f63, %f193;
    mul.ftz.f32 %f195, %f157, %f119;
    setp.le.f32 %p196, %f195, %f49;
    mul.ftz.f32 %f197, %f15, %f115;
    mul.ftz.f32 %f198, %f197, %f197;
    mul.ftz.f32 %f199, %f15, %f117;
    mul.ftz.f32 %f200, %f199, %f199;
    add.ftz.f32 %f201, %f198, %f200;
    setp.eq.f32 %p202, %f201, %f49;
    mul.ftz.f32 %f203, %f119, %f119;
    div.approx.ftz.f32 %f204, %f201, %f203;
    add.ftz.f32 %f205, %f32, %f204;
    sqrt.approx.ftz.f32 %f206, %f205;
    add.ftz.f32 %f207, %f32, %f206;
    div.approx.ftz.f32 %f208, %f40, %f207;
    selp.f32 %f209, %f32, %f208, %p202;
    selp.f32 %f210, %f49, %f209, %p196;
    mul.ftz.f32 %f211, %f210, %f6;
    mul.ftz.f32 %f212, %f194, %f211;
    setp.gt.f32 %p213, %f18, %f49;
    setp.ne.f32 %p214, %f153, %f49;
    setp.gt.f32 %p215, %f119, %f49;
    and.pred %p216, %p214, %p215;
    and.pred %p217, %p213, %p216;
    selp.b32 %f218, %f212, 0, %p217;
    mul.ftz.f32 %f219, %f7, %f7;
    mul.ftz.f32 %f220, %f8, %f8;
    sub.ftz.f32 %f221, %f219, %f220;
    sub.ftz.f32 %f222, %f221, %f166;
    mul.ftz.f32 %f223, %f222, %f222;
    mul.ftz.f32 %f224, %f154, %f8;
    mul.ftz.f32 %f225, %f224, %f8;
    mul.ftz.f32 %f226, %f225, %f7;
    mul.ftz.f32 %f227, %f226, %f7;
    add.ftz.f32 %f228, %f223, %f227;
    max.ftz.f32 %f229, %f228, %f49;
    sqrt.approx.ftz.f32 %f230, %f229;
    add.ftz.f32 %f231, %f230, %f165;
    add.ftz.f32 %f232, %f230, %f222;
    mul.ftz.f32 %f233, %f63, %f232;
    max.ftz.f32 %f234, %f233, %f49;
    sqrt.approx.ftz.f32 %f235, %f234;
    mul.ftz.f32 %f236, %f113, %f235;
    sub.ftz.f32 %f237, %f231, %f236;
    add.ftz.f32 %f238, %f231, %f236;
    div.approx.ftz.f32 %f239, %f237, %f238;
    mul.ftz.f32 %f240, %f230, %f165;
    add.ftz.f32 %f241, %f240, %f186;
    mul.ftz.f32 %f242, %f236, %f166;
    sub.ftz.f32 %f243, %f241, %f242;
    mul.ftz.f32 %f244, %f239, %f243;
    add.ftz.f32 %f245, %f241, %f242;
    div.approx.ftz.f32 %f246, %f244, %f245;
    add.ftz.f32 %f247, %f239, %f246;
    mul.ftz.f32 %f248, %f63, %f247;
    mul.ftz.f32 %f249, %f210, %f9;
    mul.ftz.f32 %f250, %f248, %f249;
    selp.b32 %f251, %f250, 0, %p217;
    mul.ftz.f32 %f252, %f10, %f10;
    mul.ftz.f32 %f253, %f11, %f11;
    sub.ftz.f32 %f254, %f252, %f253;
    sub.ftz.f32 %f255, %f254, %f166;
    mul.ftz.f32 %f256, %f255, %f255;
    mul.ftz.f32 %f257, %f154, %f11;
    mul.ftz.f32 %f258, %f257, %f11;
    mul.ftz.f32 %f259, %f258, %f10;
    mul.ftz.f32 %f260, %f259, %f10;
    add.ftz.f32 %f261, %f256, %f260;
    max.ftz.f32 %f262, %f261, %f49;
    sqrt.approx.ftz.f32 %f263, %f262;
    add.ftz.f32 %f264, %f263, %f165;
    add.ftz.f32 %f265, %f263, %f255;
    mul.ftz.f32 %f266, %f63, %f265;
    max.ftz.f32 %f267, %f266, %f49;
    sqrt.approx.ftz.f32 %f268, %f267;
    mul.ftz.f32 %f269, %f113, %f268;
    sub.ftz.f32 %f270, %f264, %f269;
    add.ftz.f32 %f271, %f264, %f269;
    div.approx.ftz.f32 %f272, %f270, %f271;
    mul.ftz.f32 %f273, %f263, %f165;
    add.ftz.f32 %f274, %f273, %f186;
    mul.ftz.f32 %f275, %f269, %f166;
    sub.ftz.f32 %f276, %f274, %f275;
    mul.ftz.f32 %f277, %f272, %f276;
    add.ftz.f32 %f278, %f274, %f275;
    div.approx.ftz.f32 %f279, %f277, %f278;
    add.ftz.f32 %f280, %f272, %f279;
    mul.ftz.f32 %f281, %f63, %f280;
    mul.ftz.f32 %f282, %f210, %f12;
    mul.ftz.f32 %f283, %f281, %f282;
    selp.b32 %f284, %f283, 0, %p217;
    st.param.f32 [result+0], %f115;
    st.param.f32 [result+4], %f117;
    st.param.f32 [result+8], %f119;
    st.param.f32 [result+12], %f159;
    st.param.f32 [result+16], %f32;
    st.param.u32 [result+20], %r160;
    st.param.u32 [result+24], %r161;
    st.param.f32 [result+28], %f218;
    st.param.f32 [result+32], %f251;
    st.param.f32 [result+36], %f284;
    ret;
}

.visible .func (.param .align 4 .b8 result[12]) __direct_callable__76deb0265f0727ddec6574c390d22e42(.reg .u64 data, .param .align 4 .b8 params[24]) {
    // VCall: mitsuba::BSDF::sample()
    .reg.b8   %b <111>; .reg.b16 %w<111>; .reg.b32 %r<111>;
    .reg.b64  %rd<111>; .reg.f32 %f<111>; .reg.f64 %d<111>;
    .reg.pred %p <111>;

    ld.global.f32 %f4, [data+0];
    mov.b32 %f5, 0x38d1b717;
    max.ftz.f32 %f6, %f4, %f5;
    ld.param.f32 %f7, [params+0];
    mul.ftz.f32 %f8, %f6, %f7;
    ld.param.f32 %f9, [params+8];
    ld.param.f32 %f10, [params+4];
    mul.ftz.f32 %f11, %f6, %f10;
    mul.ftz.f32 %f12, %f8, %f8;
    fma.rn.ftz.f32 %f13, %f11, %f11, %f12;
    fma.rn.ftz.f32 %f14, %f9, %f9, %f13;
    rsqrt.approx.ftz.f32 %f15, %f14;
    mul.ftz.f32 %f16, %f8, %f15;
    mul.ftz.f32 %f17, %f11, %f15;
    mul.ftz.f32 %f18, %f17, %f17;
    fma.rn.ftz.f32 %f19, %f16, %f16, %f18;
    abs.f32 %f20, %f19;
    mov.b32 %f21, 0x34800000;
    setp.le.f32 %p22, %f20, %f21;
    mov.b32 %f23, 0x3f800000;
    rsqrt.approx.ftz.f32 %f24, %f19;
    mul.ftz.f32 %f25, %f16, %f24;
    min.ftz.f32 %f26, %f25, %f23;
    mov.b32 %f27, 0xbf800000;
    max.ftz.f32 %f28, %f26, %f27;
    selp.f32 %f29, %f23, %f28, %p22;
    mul.ftz.f32 %f30, %f9, %f15;
    mov.b32 %f31, 0x40000000;
    ld.param.f32 %f32, [params+16];
    fma.rn.ftz.f32 %f33, %f31, %f32, %f27;
    abs.f32 %f34, %f33;
    ld.param.f32 %f35, [params+20];
    fma.rn.ftz.f32 %f36, %f31, %f35, %f27;
    abs.f32 %f37, %f36;
    setp.lt.f32 %p38, %f34, %f37;
    selp.f32 %f39, %f36, %f33, %p38;
    mov.b32 %f40, 0x0;
    setp.eq.f32 %p41, %f33, %f40;
    setp.eq.f32 %p42, %f36, %f40;
    and.pred %p43, %p41, %p42;
    mov.b32 %f44, 0x3fc90fdb;
    mov.b32 %f45, 0x3f490fdb;
    selp.f32 %f46, %f33, %f36, %p38;
    mul.ftz.f32 %f47, %f45, %f46;
    div.approx.ftz.f32 %f48, %f47, %f39;
    sub.ftz.f32 %f49, %f44, %f48;
    selp.f32 %f50, %f49, %f48, %p38;
    selp.f32 %f51, %f40, %f50, %p43;
    sin.approx.ftz.f32 %f52, %f51;
    mul.ftz.f32 %f53, %f39, %f52;
    mov.b32 %f54, 0x3f000000;
    add.ftz.f32 %f55, %f23, %f30;
    mul.ftz.f32 %f56, %f54, %f55;
    cos.approx.ftz.f32 %f57, %f51;
    mul.ftz.f32 %f58, %f39, %f57;
    mul.ftz.f32 %f59, %f58, %f58;
    sub.ftz.f32 %f60, %f23, %f59;
    max.ftz.f32 %f61, %f60, %f40;
    sqrt.approx.ftz.f32 %f62, %f61;
    neg.ftz.f32 %f63, %f56;
    fma.rn.ftz.f32 %f64, %f62, %f63, %f62;
    fma.rn.ftz.f32 %f65, %f53, %f56, %f64;
    mul.ftz.f32 %f66, %f30, %f30;
    sub.ftz.f32 %f67, %f23, %f66;
    max.ftz.f32 %f68, %f67, %f40;
    sqrt.approx.ftz.f32 %f69, %f68;
    fma.rn.ftz.f32 %f70, %f65, %f65, %f59;
    sub.ftz.f32 %f71, %f23, %f70;
    max.ftz.f32 %f72, %f71, %f40;
    sqrt.approx.ftz.f32 %f73, %f72;
    mul.ftz.f32 %f74, %f69, %f73;
    neg.ftz.f32 %f75, %f74;
    fma.rn.ftz.f32 %f76, %f30, %f65, %f75;
    mul.ftz.f32 %f77, %f30, %f73;
    fma.rn.ftz.f32 %f78, %f69, %f65, %f77;
    rcp.approx.ftz.f32 %f79, %f78;
    mul.ftz.f32 %f80, %f76, %f79;
    mul.ftz.f32 %f81, %f17, %f24;
    min.ftz.f32 %f82, %f81, %f23;
    max.ftz.f32 %f83, %f82, %f27;
    selp.f32 %f84, %f40, %f83, %p22;
    mul.ftz.f32 %f85, %f58, %f79;
    mul.ftz.f32 %f86, %f84, %f85;
    neg.ftz.f32 %f87, %f86;
    fma.rn.ftz.f32 %f88, %f29, %f80, %f87;
    mul.ftz.f32 %f89, %f88, %f6;
    neg.ftz.f32 %f90, %f89;
    mul.ftz.f32 %f91, %f29, %f85;
    fma.rn.ftz.f32 %f92, %f84, %f80, %f91;
    mul.ftz.f32 %f93, %f92, %f6;
    neg.ftz.f32 %f94, %f93;
    mul.ftz.f32 %f95, %f90, %f90;
    fma.rn.ftz.f32 %f96, %f94, %f94, %f95;
    add.ftz.f32 %f97, %f23, %f96;
    rsqrt.approx.ftz.f32 %f98, %f97;
    mul.ftz.f32 %f99, %f90, %f98;
    mul.ftz.f32 %f100, %f94, %f98;
    mul.ftz.f32 %f101, %f7, %f99;
    fma.rn.ftz.f32 %f102, %f10, %f100, %f101;
    fma.rn.ftz.f32 %f103, %f9, %f98, %f102;
    mul.ftz.f32 %f104, %f31, %f103;
    neg.ftz.f32 %f105, %f7;
    fma.rn.ftz.f32 %f106, %f99, %f104, %f105;
    neg.ftz.f32 %f107, %f10;
    fma.rn.ftz.f32 %f108, %f100, %f104, %f107;
    neg.ftz.f32 %f109, %f9;
    fma.rn.ftz.f32 %f110, %f98, %f104, %f109;
    st.param.f32 [result+0], %f106;
    st.param.f32 [result+4], %f108;
    st.param.f32 [result+8], %f110;
    ret;
}

.visible .func (.param .align 4 .b8 result[40]) __direct_callable__7708b6595bd8f1cf89c9568c46c56990(.reg .u64 data, .param .align 4 .b8 params[32]) {
    // VCall: mitsuba::BSDF::sample()
    .reg.b8   %b <312>; .reg.b16 %w<312>; .reg.b32 %r<312>;
    .reg.b64  %rd<312>; .reg.f32 %f<312>; .reg.f64 %d<312>;
    .reg.pred %p <312>;

    ld.global.f32 %f4, [data+12];
    ld.global.f32 %f5, [data+16];
    ld.global.f32 %f6, [data+28];
    ld.global.f32 %f7, [data+32];
    ld.global.f32 %f8, [data+44];
    ld.global.f32 %f9, [data+48];
    ld.global.f32 %f10, [data+4];
    ld.global.f32 %f11, [data+8];
    ld.global.f32 %f12, [data+20];
    ld.global.f32 %f13, [data+24];
    ld.global.f32 %f14, [data+36];
    ld.global.f32 %f15, [data+40];
    ld.global.f32 %f16, [data+0];
    mov.b32 %f17, 0x38d1b717;
    max.ftz.f32 %f18, %f16, %f17;
    ld.param.f32 %f19, [params+8];
    mul.ftz.f32 %f20, %f18, %f19;
    ld.param.f32 %f21, [params+16];
    ld.param.f32 %f22, [params+12];
    mul.ftz.f32 %f23, %f18, %f22;
    mul.ftz.f32 %f24, %f20, %f20;
    fma.rn.ftz.f32 %f25, %f23, %f23, %f24;
    fma.rn.ftz.f32 %f26, %f21, %f21, %f25;
    rsqrt.approx.ftz.f32 %f27, %f26;
    mul.ftz.f32 %f28, %f20, %f27;
    mul.ftz.f32 %f29, %f23, %f27;
    mul.ftz.f32 %f30, %f29, %f29;
    fma.rn.ftz.f32 %f31, %f28, %f28, %f30;
    abs.f32 %f32, %f31;
    mov.b32 %f33, 0x34800000;
    setp.le.f32 %p34, %f32, %f33;
    mov.b32 %f35, 0x3f800000;
    rsqrt.approx.ftz.f32 %f36, %f31;
    mul.ftz.f32 %f37, %f28, %f36;
    min.ftz.f32 %f38, %f37, %f35;
    mov.b32 %f39, 0xbf800000;
    max.ftz.f32 %f40, %f38, %f39;
    selp.f32 %f41, %f35, %f40, %p34;
    mul.ftz.f32 %f42, %f21, %f27;
    mov.b32 %f43, 0x40000000;
    ld.param.f32 %f44, [params+24];
    fma.rn.ftz.f32 %f45, %f43, %f44, %f39;
    abs.f32 %f46, %f45;
    ld.param.f32 %f47, [params+28];
    fma.rn.ftz.f32 %f48, %f43, %f47, %f39;
    abs.f32 %f49, %f48;
    setp.lt.f32 %p50, %f46, %f49;
    selp.f32 %f51, %f48, %f45, %p50;
    mov.b32 %f52, 0x0;
    setp.eq.f32 %p53, %f45, %f52;
    setp.eq.f32 %p54, %f48, %f52;
    and.pred %p55, %p53, %p54;
    mov.b32 %f56, 0x3fc90fdb;
    mov.b32 %f57, 0x3f490fdb;
    selp.f32 %f58, %f45, %f48, %p50;
    mul.ftz.f32 %f59, %f57, %f58;
    div.approx.ftz.f32 %f60, %f59, %f51;
    sub.ftz.f32 %f61, %f56, %f60;
    selp.f32 %f62, %f61, %f60, %p50;
    selp.f32 %f63, %f52, %f62, %p55;
    sin.approx.ftz.f32 %f64, %f63;
    mul.ftz.f32 %f65, %f51, %f64;
    mov.b32 %f66, 0x3f000000;
    add.ftz.f32 %f67, %f35, %f42;
    mul.ftz.f32 %f68, %f66, %f67;
    cos.approx.ftz.f32 %f69, %f63;
    mul.ftz.f32 %f70, %f51, %f69;
    mul.ftz.f32 %f71, %f70, %f70;
    sub.ftz.f32 %f72, %f35, %f71;
    max.ftz.f32 %f73, %f72, %f52;
    sqrt.approx.ftz.f32 %f74, %f73;
    neg.ftz.f32 %f75, %f68;
    fma.rn.ftz.f32 %f76, %f74, %f75, %f74;
    fma.rn.ftz.f32 %f77, %f65, %f68, %f76;
    mul.ftz.f32 %f78, %f42, %f42;
    sub.ftz.f32 %f79, %f35, %f78;
    max.ftz.f32 %f80, %f79, %f52;
    sqrt.approx.ftz.f32 %f81, %f80;
    fma.rn.ftz.f32 %f82, %f77, %f77, %f71;
    sub.ftz.f32 %f83, %f35, %f82;
    max.ftz.f32 %f84, %f83, %f52;
    sqrt.approx.ftz.f32 %f85, %f84;
    mul.ftz.f32 %f86, %f81, %f85;
    neg.ftz.f32 %f87, %f86;
    fma.rn.ftz.f32 %f88, %f42, %f77, %f87;
    mul.ftz.f32 %f89, %f42, %f85;
    fma.rn.ftz.f32 %f90, %f81, %f77, %f89;
    rcp.approx.ftz.f32 %f91, %f90;
    mul.ftz.f32 %f92, %f88, %f91;
    mul.ftz.f32 %f93, %f29, %f36;
    min.ftz.f32 %f94, %f93, %f35;
    max.ftz.f32 %f95, %f94, %f39;
    selp.f32 %f96, %f52, %f95, %p34;
    mul.ftz.f32 %f97, %f70, %f91;
    mul.ftz.f32 %f98, %f96, %f97;
    neg.ftz.f32 %f99, %f98;
    fma.rn.ftz.f32 %f100, %f41, %f92, %f99;
    mul.ftz.f32 %f101, %f100, %f18;
    neg.ftz.f32 %f102, %f101;
    mul.ftz.f32 %f103, %f41, %f97;
    fma.rn.ftz.f32 %f104, %f96, %f92, %f103;
    mul.ftz.f32 %f105, %f104, %f18;
    neg.ftz.f32 %f106, %f105;
    mul.ftz.f32 %f107, %f102, %f102;
    fma.rn.ftz.f32 %f108, %f106, %f106, %f107;
    add.ftz.f32 %f109, %f35, %f108;
    rsqrt.approx.ftz.f32 %f110, %f109;
    mul.ftz.f32 %f111, %f102, %f110;
    mul.ftz.f32 %f112, %f106, %f110;
    mul.ftz.f32 %f113, %f19, %f111;
    fma.rn.ftz.f32 %f114, %f22, %f112, %f113;
    fma.rn.ftz.f32 %f115, %f21, %f110, %f114;
    mul.ftz.f32 %f116, %f43, %f115;
    neg.ftz.f32 %f117, %f19;
    fma.rn.ftz.f32 %f118, %f111, %f116, %f117;
    neg.ftz.f32 %f119, %f22;
    fma.rn.ftz.f32 %f120, %f112, %f116, %f119;
    neg.ftz.f32 %f121, %f21;
    fma.rn.ftz.f32 %f122, %f110, %f116, %f121;
    mov.b32 %f123, 0x40490fdb;
    mul.ftz.f32 %f124, %f18, %f18;
    mul.ftz.f32 %f125, %f123, %f124;
    div.approx.ftz.f32 %f126, %f111, %f18;
    mul.ftz.f32 %f127, %f126, %f126;
    div.approx.ftz.f32 %f128, %f112, %f18;
    mul.ftz.f32 %f129, %f128, %f128;
    add.ftz.f32 %f130, %f127, %f129;
    mul.ftz.f32 %f131, %f110, %f110;
    add.ftz.f32 %f132, %f130, %f131;
    mul.ftz.f32 %f133, %f132, %f132;
    mul.ftz.f32 %f134, %f125, %f133;
    rcp.approx.ftz.f32 %f135, %f134;
    mul.ftz.f32 %f136, %f135, %f110;
    mov.b32 %f137, 0x1e3ce508;
    setp.gt.f32 %p138, %f136, %f137;
    selp.f32 %f139, %f135, %f52, %p138;
    mul.ftz.f32 %f140, %f115, %f21;
    setp.le.f32 %p141, %f140, %f52;
    mul.ftz.f32 %f142, %f23, %f23;
    add.ftz.f32 %f143, %f24, %f142;
    setp.eq.f32 %p144, %f143, %f52;
    mul.ftz.f32 %f145, %f21, %f21;
    div.approx.ftz.f32 %f146, %f143, %f145;
    add.ftz.f32 %f147, %f35, %f146;
    sqrt.approx.ftz.f32 %f148, %f147;
    add.ftz.f32 %f149, %f35, %f148;
    div.approx.ftz.f32 %f150, %f43, %f149;
    selp.f32 %f151, %f35, %f150, %p144;
    selp.f32 %f152, %f52, %f151, %p141;
    mul.ftz.f32 %f153, %f139, %f152;
    abs.f32 %f154, %f115;
    mul.ftz.f32 %f155, %f153, %f154;
    div.approx.ftz.f32 %f156, %f155, %f21;
    mov.b32 %f157, 0x40800000;
    mul.ftz.f32 %f158, %f118, %f111;
    fma.rn.ftz.f32 %f159, %f120, %f112, %f158;
    fma.rn.ftz.f32 %f160, %f122, %f110, %f159;
    mul.ftz.f32 %f161, %f157, %f160;
    div.approx.ftz.f32 %f162, %f156, %f161;
    mov.b32 %r163, 0x8;
    mov.b32 %r164, 0x0;
    mul.ftz.f32 %f165, %f10, %f10;
    mul.ftz.f32 %f166, %f11, %f11;
    sub.ftz.f32 %f167, %f165, %f166;
    mul.ftz.f32 %f168, %f115, %f115;
    sub.ftz.f32 %f169, %f35, %f168;
    sub.ftz.f32 %f170, %f167, %f169;
    mul.ftz.f32 %f171, %f170, %f170;
    mul.ftz.f32 %f172, %f157, %f11;
    mul.ftz.f32 %f173, %f172, %f11;
    mul.ftz.f32 %f174, %f173, %f10;
    mul.ftz.f32 %f175, %f174, %f10;
    add.ftz.f32 %f176, %f171, %f175;
    max.ftz.f32 %f177, %f176, %f52;
    sqrt.approx.ftz.f32 %f178, %f177;
    add.ftz.f32 %f179, %f178, %f168;
    add.ftz.f32 %f180, %f178, %f170;
    mul.ftz.f32 %f181, %f66, %f180;
    max.ftz.f32 %f182, %f181, %f52;
    sqrt.approx.ftz.f32 %f183, %f182;
    mul.ftz.f32 %f184, %f116, %f183;
    sub.ftz.f32 %f185, %f179, %f184;
    add.ftz.f32 %f186, %f179, %f184;
    div.approx.ftz.f32 %f187, %f185, %f186;
    mul.ftz.f32 %f188, %f178, %f168;
    mul.ftz.f32 %f189, %f169, %f169;
    add.ftz.f32 %f190, %f188, %f189;
    mul.ftz.f32 %f191, %f184, %f169;
    sub.ftz.f32 %f192, %f190, %f191;
    mul.ftz.f32 %f193, %f187, %f192;
    add.ftz.f32 %f194, %f190, %f191;
    div.approx.ftz.f32 %f195, %f193, %f194;
    add.ftz.f32 %f196, %f187, %f195;
    mul.ftz.f32 %f197, %f66, %f196;
    mul.ftz.f32 %f198, %f160, %f122;
    setp.le.f32 %p199, %f198, %f52;
    mul.ftz.f32 %f200, %f18, %f118;
    mul.ftz.f32 %f201, %f200, %f200;
    mul.ftz.f32 %f202, %f18, %f120;
    mul.ftz.f32 %f203, %f202, %f202;
    add.ftz.f32 %f204, %f201, %f203;
    setp.eq.f32 %p205, %f204, %f52;
    mul.ftz.f32 %f206, %f122, %f122;
    div.approx.ftz.f32 %f207, %f204, %f206;
    add.ftz.f32 %f208, %f35, %f207;
    sqrt.approx.ftz.f32 %f209, %f208;
    add.ftz.f32 %f210, %f35, %f209;
    div.approx.ftz.f32 %f211, %f43, %f210;
    selp.f32 %f212, %f35, %f211, %p205;
    selp.f32 %f213, %f52, %f212, %p199;
    ld.param.f32 %f214, [params+4];
    mov.b32 %f215, 0x41a00000;
    ld.param.f32 %f216, [params+0];
    mul.ftz.f32 %f217, %f215, %f216;
    fma.rn.ftz.f32 %f218, %f52, %f214, %f217;
    cvt.rmi.f32.f32 %f219, %f218;
    sub.ftz.f32 %f220, %f218, %f219;
    setp.gt.f32 %p221, %f220, %f66;
    mov.b32 %f222, 0x42a00000;
    mul.ftz.f32 %f223, %f52, %f216;
    fma.rn.ftz.f32 %f224, %f222, %f214, %f223;
    cvt.rmi.f32.f32 %f225, %f224;
    sub.ftz.f32 %f226, %f224, %f225;
    setp.gt.f32 %p227, %f226, %f66;
    xor.pred %p228, %p221, %p227;
    not.pred %p228, %p228;    not.pred %p229, %p228;
    setp.gt.f32 %p230, %f21, %f52;
    setp.ne.f32 %p231, %f156, %f52;
    setp.gt.f32 %p232, %f122, %f52;
    and.pred %p233, %p231, %p232;
    and.pred %p234, %p230, %p233;
    and.pred %p235, %p229, %p234;
    and.pred %p236, %p228, %p234;
    selp.f32 %f237, %f5, %f52, %p236;
    selp.f32 %f238, %f4, %f237, %p235;
    mul.ftz.f32 %f239, %f213, %f238;
    mul.ftz.f32 %f240, %f197, %f239;
    selp.b32 %f241, %f240, 0, %p234;
    mul.ftz.f32 %f242, %f12, %f12;
    mul.ftz.f32 %f243, %f13, %f13;
    sub.ftz.f32 %f244, %f242, %f243;
    sub.ftz.f32 %f245, %f244, %f169;
    mul.ftz.f32 %f246, %f245, %f245;
    mul.ftz.f32 %f247, %f157, %f13;
    mul.ftz.f32 %f248, %f247, %f13;
    mul.ftz.f32 %f249, %f248, %f12;
    mul.ftz.f32 %f250, %f249, %f12;
    add.ftz.f32 %f251, %f246, %f250;
    max.ftz.f32 %f252, %f251, %f52;
    sqrt.approx.ftz.f32 %f253, %f252;
    add.ftz.f32 %f254, %f253, %f168;
    add.ftz.f32 %f255, %f253, %f245;
    mul.ftz.f32 %f256, %f66, %f255;
    max.ftz.f32 %f257, %f256, %f52;
    sqrt.approx.ftz.f32 %f258, %f257;
    mul.ftz.f32 %f259, %f116, %f258;
    sub.ftz.f32 %f260, %f254, %f259;
    add.ftz.f32 %f261, %f254, %f259;
    div.approx.ftz.f32 %f262, %f260, %f261;
    mul.ftz.f32 %f263, %f253, %f168;
    add.ftz.f32 %f264, %f263, %f189;
    mul.ftz.f32 %f265, %f259, %f169;
    sub.ftz.f32 %f266, %f264, %f265;
    mul.ftz.f32 %f267, %f262, %f266;
    add.ftz.f32 %f268, %f264, %f265;
    div.approx.ftz.f32 %f269, %f267, %f268;
    add.ftz.f32 %f270, %f262, %f269;
    mul.ftz.f32 %f271, %f66, %f270;
    selp.f32 %f272, %f7, %f52, %p236;
    selp.f32 %f273, %f6, %f272, %p235;
    mul.ftz.f32 %f274, %f213, %f273;
    mul.ftz.f32 %f275, %f271, %f274;
    selp.b32 %f276, %f275, 0, %p234;
    mul.ftz.f32 %f277, %f14, %f14;
    mul.ftz.f32 %f278, %f15, %f15;
    sub.ftz.f32 %f279, %f277, %f278;
    sub.ftz.f32 %f280, %f279, %f169;
    mul.ftz.f32 %f281, %f280, %f280;
    mul.ftz.f32 %f282, %f157, %f15;
    mul.ftz.f32 %f283, %f282, %f15;
    mul.ftz.f32 %f284, %f283, %f14;
    mul.ftz.f32 %f285, %f284, %f14;
    add.ftz.f32 %f286, %f281, %f285;
    max.ftz.f32 %f287, %f286, %f52;
    sqrt.approx.ftz.f32 %f288, %f287;
    add.ftz.f32 %f289, %f288, %f168;
    add.ftz.f32 %f290, %f288, %f280;
    mul.ftz.f32 %f291, %f66, %f290;
    max.ftz.f32 %f292, %f291, %f52;
    sqrt.approx.ftz.f32 %f293, %f292;
    mul.ftz.f32 %f294, %f116, %f293;
    sub.ftz.f32 %f295, %f289, %f294;
    add.ftz.f32 %f296, %f289, %f294;
    div.approx.ftz.f32 %f297, %f295, %f296;
    mul.ftz.f32 %f298, %f288, %f168;
    add.ftz.f32 %f299, %f298, %f189;
    mul.ftz.f32 %f300, %f294, %f169;
    sub.ftz.f32 %f301, %f299, %f300;
    mul.ftz.f32 %f302, %f297, %f301;
    add.ftz.f32 %f303, %f299, %f300;
    div.approx.ftz.f32 %f304, %f302, %f303;
    add.ftz.f32 %f305, %f297, %f304;
    mul.ftz.f32 %f306, %f66, %f305;
    selp.f32 %f307, %f9, %f52, %p236;
    selp.f32 %f308, %f8, %f307, %p235;
    mul.ftz.f32 %f309, %f213, %f308;
    mul.ftz.f32 %f310, %f306, %f309;
    selp.b32 %f311, %f310, 0, %p234;
    st.param.f32 [result+0], %f118;
    st.param.f32 [result+4], %f120;
    st.param.f32 [result+8], %f122;
    st.param.f32 [result+12], %f162;
    st.param.f32 [result+16], %f35;
    st.param.u32 [result+20], %r163;
    st.param.u32 [result+24], %r164;
    st.param.f32 [result+28], %f241;
    st.param.f32 [result+32], %f276;
    st.param.f32 [result+36], %f311;
    ret;
}

.visible .func (.param .align 4 .b8 result[12]) __direct_callable__802333739527ac2c145adb6cbe510e42(.reg .u64 data, .param .align 4 .b8 params[24]) {
    // VCall: mitsuba::BSDF::sample()
    .reg.b8   %b <438>; .reg.b16 %w<438>; .reg.b32 %r<438>;
    .reg.b64  %rd<438>; .reg.f32 %f<438>; .reg.f64 %d<438>;
    .reg.pred %p <438>;

    ld.global.f32 %f4, [data+0];
    mov.b32 %f5, 0x38d1b717;
    max.ftz.f32 %f6, %f4, %f5;
    ld.param.f32 %f7, [params+0];
    mul.ftz.f32 %f8, %f6, %f7;
    ld.param.f32 %f9, [params+8];
    ld.param.f32 %f10, [params+4];
    mul.ftz.f32 %f11, %f6, %f10;
    mul.ftz.f32 %f12, %f8, %f8;
    fma.rn.ftz.f32 %f13, %f11, %f11, %f12;
    fma.rn.ftz.f32 %f14, %f9, %f9, %f13;
    rsqrt.approx.ftz.f32 %f15, %f14;
    mul.ftz.f32 %f16, %f8, %f15;
    mul.ftz.f32 %f17, %f11, %f15;
    mul.ftz.f32 %f18, %f17, %f17;
    fma.rn.ftz.f32 %f19, %f16, %f16, %f18;
    abs.f32 %f20, %f19;
    mov.b32 %f21, 0x34800000;
    setp.le.f32 %p22, %f20, %f21;
    mov.b32 %f23, 0x3f800000;
    rsqrt.approx.ftz.f32 %f24, %f19;
    mul.ftz.f32 %f25, %f16, %f24;
    min.ftz.f32 %f26, %f25, %f23;
    mov.b32 %f27, 0xbf800000;
    max.ftz.f32 %f28, %f26, %f27;
    selp.f32 %f29, %f23, %f28, %p22;
    mul.ftz.f32 %f30, %f9, %f15;
    neg.ftz.f32 %f31, %f30;
    fma.rn.ftz.f32 %f32, %f30, %f31, %f23;
    mov.b32 %f33, 0x0;
    max.ftz.f32 %f34, %f32, %f33;
    sqrt.approx.ftz.f32 %f35, %f34;
    div.approx.ftz.f32 %f36, %f35, %f30;
    rcp.approx.ftz.f32 %f37, %f36;
    abs.f32 %f38, %f37;
    setp.lt.f32 %p39, %f38, %f23;
    mul.ftz.f32 %f40, %f37, %f37;
    mul.ftz.f32 %f41, %f40, %f40;
    mul.ftz.f32 %f42, %f41, %f41;
    mul.ftz.f32 %f43, %f42, %f42;
    mov.b32 %f44, 0xb055d725;
    mov.b32 %f45, 0x326b8d88;
    fma.rn.ftz.f32 %f46, %f40, %f44, %f45;
    mov.b32 %f47, 0xb42e0393;
    mov.b32 %f48, 0x35dcbfea;
    fma.rn.ftz.f32 %f49, %f40, %f47, %f48;
    fma.rn.ftz.f32 %f50, %f41, %f46, %f49;
    mov.b32 %f51, 0xb77a6527;
    mov.b32 %f52, 0x38fcd15d;
    fma.rn.ftz.f32 %f53, %f40, %f51, %f52;
    mov.b32 %f54, 0xba6016d8;
    mov.b32 %f55, 0x3bab2de6;
    fma.rn.ftz.f32 %f56, %f40, %f54, %f55;
    fma.rn.ftz.f32 %f57, %f41, %f53, %f56;
    mov.b32 %f58, 0xbcdc1672;
    mov.b32 %f59, 0x3de71791;
    fma.rn.ftz.f32 %f60, %f40, %f58, %f59;
    mov.b32 %f61, 0xbec093a3;
    mov.b32 %f62, 0x3f906ebb;
    fma.rn.ftz.f32 %f63, %f40, %f61, %f62;
    fma.rn.ftz.f32 %f64, %f41, %f60, %f63;
    fma.rn.ftz.f32 %f65, %f42, %f57, %f64;
    fma.rn.ftz.f32 %f66, %f43, %f50, %f65;
    mul.ftz.f32 %f67, %f37, %f66;
    mul.ftz.f32 %f68, %f38, %f38;
    mul.ftz.f32 %f69, %f68, %f68;
    mov.b32 %f70, 0xb9cd1e1c;
    mov.b32 %f71, 0xbc327bfe;
    fma.rn.ftz.f32 %f72, %f38, %f70, %f71;
    mov.b32 %f73, 0xbdce6dbf;
    mov.b32 %f74, 0xbefd92d0;
    fma.rn.ftz.f32 %f75, %f38, %f73, %f74;
    fma.rn.ftz.f32 %f76, %f68, %f72, %f75;
    mov.b32 %f77, 0xbfbda45c;
    mov.b32 %f78, 0xc031cf5c;
    fma.rn.ftz.f32 %f79, %f38, %f77, %f78;
    mov.b32 %f80, 0xc045d94b;
    mov.b32 %f81, 0xbfd05f42;
    fma.rn.ftz.f32 %f82, %f38, %f80, %f81;
    fma.rn.ftz.f32 %f83, %f68, %f79, %f82;
    fma.rn.ftz.f32 %f84, %f69, %f76, %f83;
    mov.b32 %f85, 0xb001e898;
    mov.b32 %f86, 0x398e350d;
    fma.rn.ftz.f32 %f87, %f38, %f85, %f86;
    mov.b32 %f88, 0x3bf73fc8;
    mov.b32 %f89, 0x3d8c7442;
    fma.rn.ftz.f32 %f90, %f38, %f88, %f89;
    fma.rn.ftz.f32 %f91, %f68, %f87, %f90;
    mov.b32 %f92, 0x3ea34427;
    mov.b32 %f93, 0x3f5ccc80;
    fma.rn.ftz.f32 %f94, %f38, %f92, %f93;
    mov.b32 %f95, 0x3faadae8;
    fma.rn.ftz.f32 %f96, %f38, %f95, %f23;
    fma.rn.ftz.f32 %f97, %f68, %f94, %f96;
    fma.rn.ftz.f32 %f98, %f69, %f91, %f97;
    div.approx.ftz.f32 %f99, %f84, %f98;
    mul.ftz.f32 %f100, %f99, %f38;
    ex2.approx.ftz.f32 %f101, %f100;
    sub.ftz.f32 %f102, %f23, %f101;
    abs.f32 %f103, %f102;
    mov.b32 %f104, 0x7f800000;
    setp.lt.f32 %p105, %f103, %f104;
    selp.f32 %f106, %f102, %f23, %p105;
    abs.f32 %f107, %f106;
    mov.b32 %f108, 0x80000000;
    and.b32 %f109, %f108, %f37;
    or.b32 %f110, %f107, %f109;
    selp.f32 %f111, %f67, %f110, %p39;
    add.ftz.f32 %f112, %f111, %f23;
    ld.param.f32 %f113, [params+16];
    mov.b32 %f114, 0x3f7fffef;
    min.ftz.f32 %f115, %f113, %f114;
    mov.b32 %f116, 0x358637bd;
    max.ftz.f32 %f117, %f115, %f116;
    lg2.approx.ftz.f32 %f118, %f117;
    mov.b32 %f119, 0x3f317218;
    mul.ftz.f32 %f120, %f118, %f119;
    neg.ftz.f32 %f121, %f120;
    sqrt.approx.ftz.f32 %f122, %f121;
    abs.f32 %f123, %f122;
    setp.lt.f32 %p124, %f123, %f23;
    mul.ftz.f32 %f125, %f122, %f122;
    mul.ftz.f32 %f126, %f125, %f125;
    mul.ftz.f32 %f127, %f126, %f126;
    mul.ftz.f32 %f128, %f127, %f127;
    fma.rn.ftz.f32 %f129, %f125, %f44, %f45;
    fma.rn.ftz.f32 %f130, %f125, %f47, %f48;
    fma.rn.ftz.f32 %f131, %f126, %f129, %f130;
    fma.rn.ftz.f32 %f132, %f125, %f51, %f52;
    fma.rn.ftz.f32 %f133, %f125, %f54, %f55;
    fma.rn.ftz.f32 %f134, %f126, %f132, %f133;
    fma.rn.ftz.f32 %f135, %f125, %f58, %f59;
    fma.rn.ftz.f32 %f136, %f125, %f61, %f62;
    fma.rn.ftz.f32 %f137, %f126, %f135, %f136;
    fma.rn.ftz.f32 %f138, %f127, %f134, %f137;
    fma.rn.ftz.f32 %f139, %f128, %f131, %f138;
    mul.ftz.f32 %f140, %f122, %f139;
    mul.ftz.f32 %f141, %f123, %f123;
    mul.ftz.f32 %f142, %f141, %f141;
    fma.rn.ftz.f32 %f143, %f123, %f70, %f71;
    fma.rn.ftz.f32 %f144, %f123, %f73, %f74;
    fma.rn.ftz.f32 %f145, %f141, %f143, %f144;
    fma.rn.ftz.f32 %f146, %f123, %f77, %f78;
    fma.rn.ftz.f32 %f147, %f123, %f80, %f81;
    fma.rn.ftz.f32 %f148, %f141, %f146, %f147;
    fma.rn.ftz.f32 %f149, %f142, %f145, %f148;
    fma.rn.ftz.f32 %f150, %f123, %f85, %f86;
    fma.rn.ftz.f32 %f151, %f123, %f88, %f89;
    fma.rn.ftz.f32 %f152, %f141, %f150, %f151;
    fma.rn.ftz.f32 %f153, %f123, %f92, %f93;
    fma.rn.ftz.f32 %f154, %f123, %f95, %f23;
    fma.rn.ftz.f32 %f155, %f141, %f153, %f154;
    fma.rn.ftz.f32 %f156, %f142, %f152, %f155;
    div.approx.ftz.f32 %f157, %f149, %f156;
    mul.ftz.f32 %f158, %f157, %f123;
    ex2.approx.ftz.f32 %f159, %f158;
    sub.ftz.f32 %f160, %f23, %f159;
    abs.f32 %f161, %f160;
    setp.lt.f32 %p162, %f161, %f104;
    selp.f32 %f163, %f160, %f23, %p162;
    abs.f32 %f164, %f163;
    and.b32 %f165, %f108, %f122;
    or.b32 %f166, %f164, %f165;
    selp.f32 %f167, %f140, %f166, %p124;
    mul.ftz.f32 %f168, %f112, %f167;
    sub.ftz.f32 %f169, %f111, %f168;
    add.ftz.f32 %f170, %f23, %f169;
    mov.b32 %f171, 0x3f106ebb;
    mul.ftz.f32 %f172, %f171, %f36;
    mov.b32 %f173, 0x3fb8aa3b;
    sub.ftz.f32 %f174, %f23, %f169;
    mul.ftz.f32 %f175, %f174, %f170;
    lg2.approx.ftz.f32 %f176, %f175;
    mul.ftz.f32 %f177, %f176, %f119;
    neg.ftz.f32 %f178, %f177;
    mov.b32 %f179, 0x40a00000;
    setp.lt.f32 %p180, %f178, %f179;
    mov.b32 %f181, 0x40200000;
    sub.ftz.f32 %f182, %f178, %f181;
    mul.ftz.f32 %f183, %f182, %f182;
    mul.ftz.f32 %f184, %f183, %f183;
    mul.ftz.f32 %f185, %f184, %f184;
    mov.b32 %f186, 0x32f16588;
    mov.b32 %f187, 0x34b84b36;
    mov.b32 %f188, 0xb66c7357;
    fma.rn.ftz.f32 %f189, %f182, %f187, %f188;
    mov.b32 %f190, 0xb6935ac1;
    mov.b32 %f191, 0x396532db;
    fma.rn.ftz.f32 %f192, %f182, %f190, %f191;
    fma.rn.ftz.f32 %f193, %f183, %f189, %f192;
    mov.b32 %f194, 0xbaa45408;
    mov.b32 %f195, 0xbb88e4ef;
    fma.rn.ftz.f32 %f196, %f182, %f194, %f195;
    mov.b32 %f197, 0x3e7c8f63;
    mov.b32 %f198, 0x3fc02e2f;
    fma.rn.ftz.f32 %f199, %f182, %f197, %f198;
    fma.rn.ftz.f32 %f200, %f183, %f196, %f199;
    fma.rn.ftz.f32 %f201, %f184, %f193, %f200;
    fma.rn.ftz.f32 %f202, %f185, %f186, %f201;
    sqrt.approx.ftz.f32 %f203, %f178;
    mov.b32 %f204, 0x40400000;
    sub.ftz.f32 %f205, %f203, %f204;
    mul.ftz.f32 %f206, %f205, %f205;
    mul.ftz.f32 %f207, %f206, %f206;
    mul.ftz.f32 %f208, %f207, %f207;
    mov.b32 %f209, 0xb951f09b;
    mov.b32 %f210, 0x38d3b56b;
    mov.b32 %f211, 0x3ab0dc72;
    fma.rn.ftz.f32 %f212, %f205, %f210, %f211;
    mov.b32 %f213, 0xbb70bde7;
    mov.b32 %f214, 0x3bbc127b;
    fma.rn.ftz.f32 %f215, %f205, %f213, %f214;
    fma.rn.ftz.f32 %f216, %f206, %f212, %f215;
    mov.b32 %f217, 0xbbf9c5d7;
    mov.b32 %f218, 0x3c1aa57e;
    fma.rn.ftz.f32 %f219, %f205, %f217, %f218;
    mov.b32 %f220, 0x3f8036db;
    mov.b32 %f221, 0x40354f7e;
    fma.rn.ftz.f32 %f222, %f205, %f220, %f221;
    fma.rn.ftz.f32 %f223, %f206, %f219, %f222;
    fma.rn.ftz.f32 %f224, %f207, %f216, %f223;
    fma.rn.ftz.f32 %f225, %f208, %f209, %f224;
    selp.f32 %f226, %f202, %f225, %p180;
    mul.ftz.f32 %f227, %f226, %f169;
    mul.ftz.f32 %f228, %f227, %f227;
    neg.ftz.f32 %f229, %f228;
    mul.ftz.f32 %f230, %f173, %f229;
    ex2.approx.ftz.f32 %f231, %f230;
    mul.ftz.f32 %f232, %f172, %f231;
    add.ftz.f32 %f233, %f170, %f232;
    add.ftz.f32 %f234, %f23, %f111;
    neg.ftz.f32 %f235, %f40;
    mul.ftz.f32 %f236, %f173, %f235;
    ex2.approx.ftz.f32 %f237, %f236;
    mul.ftz.f32 %f238, %f172, %f237;
    add.ftz.f32 %f239, %f234, %f238;
    mul.ftz.f32 %f240, %f117, %f239;
    sub.ftz.f32 %f241, %f233, %f240;
    mul.ftz.f32 %f242, %f227, %f36;
    sub.ftz.f32 %f243, %f23, %f242;
    div.approx.ftz.f32 %f244, %f241, %f243;
    sub.ftz.f32 %f245, %f169, %f244;
    add.ftz.f32 %f246, %f23, %f245;
    sub.ftz.f32 %f247, %f23, %f245;
    mul.ftz.f32 %f248, %f247, %f246;
    lg2.approx.ftz.f32 %f249, %f248;
    mul.ftz.f32 %f250, %f249, %f119;
    neg.ftz.f32 %f251, %f250;
    setp.lt.f32 %p252, %f251, %f179;
    sub.ftz.f32 %f253, %f251, %f181;
    mul.ftz.f32 %f254, %f253, %f253;
    mul.ftz.f32 %f255, %f254, %f254;
    mul.ftz.f32 %f256, %f255, %f255;
    fma.rn.ftz.f32 %f257, %f253, %f187, %f188;
    fma.rn.ftz.f32 %f258, %f253, %f190, %f191;
    fma.rn.ftz.f32 %f259, %f254, %f257, %f258;
    fma.rn.ftz.f32 %f260, %f253, %f194, %f195;
    fma.rn.ftz.f32 %f261, %f253, %f197, %f198;
    fma.rn.ftz.f32 %f262, %f254, %f260, %f261;
    fma.rn.ftz.f32 %f263, %f255, %f259, %f262;
    fma.rn.ftz.f32 %f264, %f256, %f186, %f263;
    sqrt.approx.ftz.f32 %f265, %f251;
    sub.ftz.f32 %f266, %f265, %f204;
    mul.ftz.f32 %f267, %f266, %f266;
    mul.ftz.f32 %f268, %f267, %f267;
    mul.ftz.f32 %f269, %f268, %f268;
    fma.rn.ftz.f32 %f270, %f266, %f210, %f211;
    fma.rn.ftz.f32 %f271, %f266, %f213, %f214;
    fma.rn.ftz.f32 %f272, %f267, %f270, %f271;
    fma.rn.ftz.f32 %f273, %f266, %f217, %f218;
    fma.rn.ftz.f32 %f274, %f266, %f220, %f221;
    fma.rn.ftz.f32 %f275, %f267, %f273, %f274;
    fma.rn.ftz.f32 %f276, %f268, %f272, %f275;
    fma.rn.ftz.f32 %f277, %f269, %f209, %f276;
    selp.f32 %f278, %f264, %f277, %p252;
    mul.ftz.f32 %f279, %f278, %f245;
    mul.ftz.f32 %f280, %f279, %f279;
    neg.ftz.f32 %f281, %f280;
    mul.ftz.f32 %f282, %f173, %f281;
    ex2.approx.ftz.f32 %f283, %f282;
    mul.ftz.f32 %f284, %f172, %f283;
    add.ftz.f32 %f285, %f246, %f284;
    sub.ftz.f32 %f286, %f285, %f240;
    mul.ftz.f32 %f287, %f279, %f36;
    sub.ftz.f32 %f288, %f23, %f287;
    div.approx.ftz.f32 %f289, %f286, %f288;
    sub.ftz.f32 %f290, %f245, %f289;
    add.ftz.f32 %f291, %f23, %f290;
    sub.ftz.f32 %f292, %f23, %f290;
    mul.ftz.f32 %f293, %f292, %f291;
    lg2.approx.ftz.f32 %f294, %f293;
    mul.ftz.f32 %f295, %f294, %f119;
    neg.ftz.f32 %f296, %f295;
    setp.lt.f32 %p297, %f296, %f179;
    sub.ftz.f32 %f298, %f296, %f181;
    mul.ftz.f32 %f299, %f298, %f298;
    mul.ftz.f32 %f300, %f299, %f299;
    mul.ftz.f32 %f301, %f300, %f300;
    fma.rn.ftz.f32 %f302, %f298, %f187, %f188;
    fma.rn.ftz.f32 %f303, %f298, %f190, %f191;
    fma.rn.ftz.f32 %f304, %f299, %f302, %f303;
    fma.rn.ftz.f32 %f305, %f298, %f194, %f195;
    fma.rn.ftz.f32 %f306, %f298, %f197, %f198;
    fma.rn.ftz.f32 %f307, %f299, %f305, %f306;
    fma.rn.ftz.f32 %f308, %f300, %f304, %f307;
    fma.rn.ftz.f32 %f309, %f301, %f186, %f308;
    sqrt.approx.ftz.f32 %f310, %f296;
    sub.ftz.f32 %f311, %f310, %f204;
    mul.ftz.f32 %f312, %f311, %f311;
    mul.ftz.f32 %f313, %f312, %f312;
    mul.ftz.f32 %f314, %f313, %f313;
    fma.rn.ftz.f32 %f315, %f311, %f210, %f211;
    fma.rn.ftz.f32 %f316, %f311, %f213, %f214;
    fma.rn.ftz.f32 %f317, %f312, %f315, %f316;
    fma.rn.ftz.f32 %f318, %f311, %f217, %f218;
    fma.rn.ftz.f32 %f319, %f311, %f220, %f221;
    fma.rn.ftz.f32 %f320, %f312, %f318, %f319;
    fma.rn.ftz.f32 %f321, %f313, %f317, %f320;
    fma.rn.ftz.f32 %f322, %f314, %f209, %f321;
    selp.f32 %f323, %f309, %f322, %p297;
    mul.ftz.f32 %f324, %f323, %f290;
    mul.ftz.f32 %f325, %f324, %f324;
    neg.ftz.f32 %f326, %f325;
    mul.ftz.f32 %f327, %f173, %f326;
    ex2.approx.ftz.f32 %f328, %f327;
    mul.ftz.f32 %f329, %f172, %f328;
    add.ftz.f32 %f330, %f291, %f329;
    sub.ftz.f32 %f331, %f330, %f240;
    mul.ftz.f32 %f332, %f324, %f36;
    sub.ftz.f32 %f333, %f23, %f332;
    div.approx.ftz.f32 %f334, %f331, %f333;
    sub.ftz.f32 %f335, %f290, %f334;
    sub.ftz.f32 %f336, %f23, %f335;
    add.ftz.f32 %f337, %f23, %f335;
    mul.ftz.f32 %f338, %f336, %f337;
    lg2.approx.ftz.f32 %f339, %f338;
    mul.ftz.f32 %f340, %f339, %f119;
    neg.ftz.f32 %f341, %f340;
    setp.lt.f32 %p342, %f341, %f179;
    sub.ftz.f32 %f343, %f341, %f181;
    mul.ftz.f32 %f344, %f343, %f343;
    mul.ftz.f32 %f345, %f344, %f344;
    mul.ftz.f32 %f346, %f345, %f345;
    fma.rn.ftz.f32 %f347, %f343, %f187, %f188;
    fma.rn.ftz.f32 %f348, %f343, %f190, %f191;
    fma.rn.ftz.f32 %f349, %f344, %f347, %f348;
    fma.rn.ftz.f32 %f350, %f343, %f194, %f195;
    fma.rn.ftz.f32 %f351, %f343, %f197, %f198;
    fma.rn.ftz.f32 %f352, %f344, %f350, %f351;
    fma.rn.ftz.f32 %f353, %f345, %f349, %f352;
    fma.rn.ftz.f32 %f354, %f346, %f186, %f353;
    sqrt.approx.ftz.f32 %f355, %f341;
    sub.ftz.f32 %f356, %f355, %f204;
    mul.ftz.f32 %f357, %f356, %f356;
    mul.ftz.f32 %f358, %f357, %f357;
    mul.ftz.f32 %f359, %f358, %f358;
    fma.rn.ftz.f32 %f360, %f356, %f210, %f211;
    fma.rn.ftz.f32 %f361, %f356, %f213, %f214;
    fma.rn.ftz.f32 %f362, %f357, %f360, %f361;
    fma.rn.ftz.f32 %f363, %f356, %f217, %f218;
    fma.rn.ftz.f32 %f364, %f356, %f220, %f221;
    fma.rn.ftz.f32 %f365, %f357, %f363, %f364;
    fma.rn.ftz.f32 %f366, %f358, %f362, %f365;
    fma.rn.ftz.f32 %f367, %f359, %f209, %f366;
    selp.f32 %f368, %f354, %f367, %p342;
    mul.ftz.f32 %f369, %f368, %f335;
    mul.ftz.f32 %f370, %f17, %f24;
    min.ftz.f32 %f371, %f370, %f23;
    max.ftz.f32 %f372, %f371, %f27;
    selp.f32 %f373, %f33, %f372, %p22;
    mov.b32 %f374, 0x40000000;
    ld.param.f32 %f375, [params+20];
    min.ftz.f32 %f376, %f375, %f114;
    max.ftz.f32 %f377, %f376, %f116;
    fma.rn.ftz.f32 %f378, %f374, %f377, %f27;
    sub.ftz.f32 %f379, %f23, %f378;
    add.ftz.f32 %f380, %f23, %f378;
    mul.ftz.f32 %f381, %f379, %f380;
    lg2.approx.ftz.f32 %f382, %f381;
    mul.ftz.f32 %f383, %f382, %f119;
    neg.ftz.f32 %f384, %f383;
    setp.lt.f32 %p385, %f384, %f179;
    sub.ftz.f32 %f386, %f384, %f181;
    mul.ftz.f32 %f387, %f386, %f386;
    mul.ftz.f32 %f388, %f387, %f387;
    mul.ftz.f32 %f389, %f388, %f388;
    fma.rn.ftz.f32 %f390, %f386, %f187, %f188;
    fma.rn.ftz.f32 %f391, %f386, %f190, %f191;
    fma.rn.ftz.f32 %f392, %f387, %f390, %f391;
    fma.rn.ftz.f32 %f393, %f386, %f194, %f195;
    fma.rn.ftz.f32 %f394, %f386, %f197, %f198;
    fma.rn.ftz.f32 %f395, %f387, %f393, %f394;
    fma.rn.ftz.f32 %f396, %f388, %f392, %f395;
    fma.rn.ftz.f32 %f397, %f389, %f186, %f396;
    sqrt.approx.ftz.f32 %f398, %f384;
    sub.ftz.f32 %f399, %f398, %f204;
    mul.ftz.f32 %f400, %f399, %f399;
    mul.ftz.f32 %f401, %f400, %f400;
    mul.ftz.f32 %f402, %f401, %f401;
    fma.rn.ftz.f32 %f403, %f399, %f210, %f211;
    fma.rn.ftz.f32 %f404, %f399, %f213, %f214;
    fma.rn.ftz.f32 %f405, %f400, %f403, %f404;
    fma.rn.ftz.f32 %f406, %f399, %f217, %f218;
    fma.rn.ftz.f32 %f407, %f399, %f220, %f221;
    fma.rn.ftz.f32 %f408, %f400, %f406, %f407;
    fma.rn.ftz.f32 %f409, %f401, %f405, %f408;
    fma.rn.ftz.f32 %f410, %f402, %f209, %f409;
    selp.f32 %f411, %f397, %f410, %p385;
    mul.ftz.f32 %f412, %f411, %f378;
    mul.ftz.f32 %f413, %f373, %f412;
    neg.ftz.f32 %f414, %f413;
    fma.rn.ftz.f32 %f415, %f29, %f369, %f414;
    mul.ftz.f32 %f416, %f415, %f6;
    neg.ftz.f32 %f417, %f416;
    mul.ftz.f32 %f418, %f29, %f412;
    fma.rn.ftz.f32 %f419, %f373, %f369, %f418;
    mul.ftz.f32 %f420, %f419, %f6;
    neg.ftz.f32 %f421, %f420;
    mul.ftz.f32 %f422, %f417, %f417;
    fma.rn.ftz.f32 %f423, %f421, %f421, %f422;
    add.ftz.f32 %f424, %f23, %f423;
    rsqrt.approx.ftz.f32 %f425, %f424;
    mul.ftz.f32 %f426, %f417, %f425;
    mul.ftz.f32 %f427, %f421, %f425;
    mul.ftz.f32 %f428, %f7, %f426;
    fma.rn.ftz.f32 %f429, %f10, %f427, %f428;
    fma.rn.ftz.f32 %f430, %f9, %f425, %f429;
    mul.ftz.f32 %f431, %f374, %f430;
    neg.ftz.f32 %f432, %f7;
    fma.rn.ftz.f32 %f433, %f426, %f431, %f432;
    neg.ftz.f32 %f434, %f10;
    fma.rn.ftz.f32 %f435, %f427, %f431, %f434;
    neg.ftz.f32 %f436, %f9;
    fma.rn.ftz.f32 %f437, %f425, %f431, %f436;
    st.param.f32 [result+0], %f433;
    st.param.f32 [result+4], %f435;
    st.param.f32 [result+8], %f437;
    ret;
}

.visible .func (.param .align 4 .b8 result[84]) __direct_callable__b51fdf1c2d33b3ba4d4178a8a31b575b(.reg .u32 self, .reg .u64 data, .param .align 4 .b8 params[40]) {
    // VCall: mitsuba::Shape::compute_surface_interaction()
    .reg.b8   %b <177>; .reg.b16 %w<177>; .reg.b32 %r<177>;
    .reg.b64  %rd<177>; .reg.f32 %f<177>; .reg.f64 %d<177>;
    .reg.pred %p <177>;

    ld.param.f32 %f4, [params+24];
    ld.global.u64 %rd5, [data+16];
    ld.global.u64 %rd6, [data+8];
    ld.param.u32 %r7, [params+36];
    mov.b32 %r8, 0x3;
    mul.lo.u32 %r9, %r7, %r8;
    mov.b32 %r10, 0x1;
    add.u32 %r11, %r9, %r10;
    mov.pred %p12, 0x1;
    mad.wide.u32 %rd3, %r11, 4, %rd6;
    ld.global.nc.u32 %r13, [%rd3];
    shl.b32 %r14, %r13, %r10;
    mad.wide.u32 %rd3, %r14, 4, %rd5;
    ld.global.nc.f32 %f15, [%rd3];
    mad.wide.u32 %rd3, %r9, 4, %rd6;
    ld.global.nc.u32 %r16, [%rd3];
    shl.b32 %r17, %r16, %r10;
    mad.wide.u32 %rd3, %r17, 4, %rd5;
    ld.global.nc.f32 %f18, [%rd3];
    sub.ftz.f32 %f19, %f15, %f18;
    mov.b32 %r20, 0x2;
    add.u32 %r21, %r9, %r20;
    mad.wide.u32 %rd3, %r21, 4, %rd6;
    ld.global.nc.u32 %r22, [%rd3];
    shl.b32 %r23, %r22, %r10;
    add.u32 %r24, %r23, %r10;
    mad.wide.u32 %rd3, %r24, 4, %rd5;
    ld.global.nc.f32 %f25, [%rd3];
    add.u32 %r26, %r17, %r10;
    mad.wide.u32 %rd3, %r26, 4, %rd5;
    ld.global.nc.f32 %f27, [%rd3];
    sub.ftz.f32 %f28, %f25, %f27;
    add.u32 %r29, %r14, %r10;
    mad.wide.u32 %rd3, %r29, 4, %rd5;
    ld.global.nc.f32 %f30, [%rd3];
    sub.ftz.f32 %f31, %f30, %f27;
    mad.wide.u32 %rd3, %r23, 4, %rd5;
    ld.global.nc.f32 %f32, [%rd3];
    sub.ftz.f32 %f33, %f32, %f18;
    mul.ftz.f32 %f34, %f31, %f33;
    neg.ftz.f32 %f35, %f34;
    fma.rn.ftz.f32 %f36, %f19, %f28, %f35;
    mov.b32 %f37, 0x0;
    setp.ne.f32 %p38, %f36, %f37;
    ld.global.u64 %rd39, [data+0];
    mul.lo.u32 %r40, %r13, %r8;
    add.u32 %r41, %r40, %r20;
    mad.wide.u32 %rd3, %r41, 4, %rd39;
    ld.global.nc.f32 %f42, [%rd3];
    mul.lo.u32 %r43, %r16, %r8;
    add.u32 %r44, %r43, %r20;
    mad.wide.u32 %rd3, %r44, 4, %rd39;
    ld.global.nc.f32 %f45, [%rd3];
    sub.ftz.f32 %f46, %f42, %f45;
    neg.ftz.f32 %f47, %f46;
    mul.lo.u32 %r48, %r22, %r8;
    add.u32 %r49, %r48, %r20;
    mad.wide.u32 %rd3, %r49, 4, %rd39;
    ld.global.nc.f32 %f50, [%rd3];
    sub.ftz.f32 %f51, %f50, %f45;
    mul.ftz.f32 %f52, %f19, %f51;
    fma.rn.ftz.f32 %f53, %f33, %f47, %f52;
    rcp.approx.ftz.f32 %f54, %f36;
    mul.ftz.f32 %f55, %f53, %f54;
    mad.wide.u32 %rd3, %r48, 4, %rd39;
    ld.global.nc.f32 %f56, [%rd3];
    mad.wide.u32 %rd3, %r43, 4, %rd39;
    ld.global.nc.f32 %f57, [%rd3];
    sub.ftz.f32 %f58, %f56, %f57;
    mad.wide.u32 %rd3, %r40, 4, %rd39;
    ld.global.nc.f32 %f59, [%rd3];
    sub.ftz.f32 %f60, %f59, %f57;
    mul.ftz.f32 %f61, %f60, %f51;
    neg.ftz.f32 %f62, %f61;
    fma.rn.ftz.f32 %f63, %f46, %f58, %f62;
    add.u32 %r64, %r48, %r10;
    mad.wide.u32 %rd3, %r64, 4, %rd39;
    ld.global.nc.f32 %f65, [%rd3];
    add.u32 %r66, %r43, %r10;
    mad.wide.u32 %rd3, %r66, 4, %rd39;
    ld.global.nc.f32 %f67, [%rd3];
    sub.ftz.f32 %f68, %f65, %f67;
    add.u32 %r69, %r40, %r10;
    mad.wide.u32 %rd3, %r69, 4, %rd39;
    ld.global.nc.f32 %f70, [%rd3];
    sub.ftz.f32 %f71, %f70, %f67;
    mul.ftz.f32 %f72, %f71, %f58;
    neg.ftz.f32 %f73, %f72;
    fma.rn.ftz.f32 %f74, %f60, %f68, %f73;
    mul.ftz.f32 %f75, %f46, %f68;
    neg.ftz.f32 %f76, %f75;
    fma.rn.ftz.f32 %f77, %f71, %f51, %f76;
    mul.ftz.f32 %f78, %f77, %f77;
    fma.rn.ftz.f32 %f79, %f63, %f63, %f78;
    fma.rn.ftz.f32 %f80, %f74, %f74, %f79;
    rsqrt.approx.ftz.f32 %f81, %f80;
    mul.ftz.f32 %f82, %f63, %f81;
    neg.ftz.f32 %f83, %f82;
    selp.f32 %f84, %f55, %f83, %p38;
    mov.b32 %f85, 0x3f800000;
    ld.param.f32 %f86, [params+28];
    sub.ftz.f32 %f87, %f85, %f86;
    ld.param.f32 %f88, [params+32];
    sub.ftz.f32 %f89, %f87, %f88;
    mul.ftz.f32 %f90, %f56, %f88;
    fma.rn.ftz.f32 %f91, %f59, %f86, %f90;
    fma.rn.ftz.f32 %f92, %f57, %f89, %f91;
    mul.ftz.f32 %f93, %f65, %f88;
    fma.rn.ftz.f32 %f94, %f70, %f86, %f93;
    fma.rn.ftz.f32 %f95, %f67, %f89, %f94;
    mul.ftz.f32 %f96, %f50, %f88;
    fma.rn.ftz.f32 %f97, %f42, %f86, %f96;
    fma.rn.ftz.f32 %f98, %f45, %f89, %f97;
    mul.ftz.f32 %f99, %f77, %f81;
    mul.ftz.f32 %f100, %f74, %f81;
    mov.u32 %r101, self;
    mul.ftz.f32 %f102, %f18, %f89;
    fma.rn.ftz.f32 %f103, %f15, %f86, %f102;
    fma.rn.ftz.f32 %f104, %f32, %f88, %f103;
    mul.ftz.f32 %f105, %f27, %f89;
    fma.rn.ftz.f32 %f106, %f30, %f86, %f105;
    fma.rn.ftz.f32 %f107, %f25, %f88, %f106;
    neg.ftz.f32 %f108, %f71;
    mul.ftz.f32 %f109, %f19, %f68;
    fma.rn.ftz.f32 %f110, %f33, %f108, %f109;
    mul.ftz.f32 %f111, %f110, %f54;
    mov.b32 %f112, 0x80000000;
    and.b32 %f113, %f112, %f100;
    or.b32 %f114, %f85, %f113;
    add.ftz.f32 %f115, %f114, %f100;
    rcp.approx.ftz.f32 %f116, %f115;
    neg.ftz.f32 %f117, %f116;
    mul.ftz.f32 %f118, %f82, %f117;
    fma.rn.ftz.f32 %f119, %f82, %f118, %f114;
    selp.f32 %f120, %f111, %f119, %p38;
    neg.ftz.f32 %f121, %f60;
    mul.ftz.f32 %f122, %f19, %f58;
    fma.rn.ftz.f32 %f123, %f33, %f121, %f122;
    mul.ftz.f32 %f124, %f123, %f54;
    mul.ftz.f32 %f125, %f99, %f82;
    mul.ftz.f32 %f126, %f125, %f117;
    selp.f32 %f127, %f124, %f126, %p38;
    mul.ftz.f32 %f128, %f31, %f51;
    neg.ftz.f32 %f129, %f128;
    fma.rn.ftz.f32 %f130, %f28, %f46, %f129;
    mul.ftz.f32 %f131, %f130, %f54;
    setp.ge.f32 %p132, %f100, %f37;
    neg.ftz.f32 %f133, %f99;
    selp.f32 %f134, %f133, %f99, %p132;
    selp.f32 %f135, %f131, %f134, %p38;
    mul.ftz.f32 %f136, %f31, %f68;
    neg.ftz.f32 %f137, %f136;
    fma.rn.ftz.f32 %f138, %f28, %f71, %f137;
    mul.ftz.f32 %f139, %f138, %f54;
    xor.b32 %f140, %f126, %f113;
    selp.f32 %f141, %f139, %f140, %p38;
    mul.ftz.f32 %f142, %f31, %f58;
    neg.ftz.f32 %f143, %f142;
    fma.rn.ftz.f32 %f144, %f28, %f60, %f143;
    mul.ftz.f32 %f145, %f144, %f54;
    mul.ftz.f32 %f146, %f99, %f99;
    mul.ftz.f32 %f147, %f146, %f117;
    xor.b32 %f148, %f147, %f113;
    add.ftz.f32 %f149, %f148, %f85;
    selp.f32 %f150, %f145, %f149, %p38;
    ld.global.u64 %rd151, [data+24];
    mad.wide.u32 %rd3, %r49, 4, %rd151;
    ld.global.nc.f32 %f152, [%rd3];
    mad.wide.u32 %rd3, %r41, 4, %rd151;
    ld.global.nc.f32 %f153, [%rd3];
    mad.wide.u32 %rd3, %r44, 4, %rd151;
    ld.global.nc.f32 %f154, [%rd3];
    mul.ftz.f32 %f155, %f154, %f89;
    fma.rn.ftz.f32 %f156, %f153, %f86, %f155;
    fma.rn.ftz.f32 %f157, %f152, %f88, %f156;
    mad.wide.u32 %rd3, %r64, 4, %rd151;
    ld.global.nc.f32 %f158, [%rd3];
    mad.wide.u32 %rd3, %r69, 4, %rd151;
    ld.global.nc.f32 %f159, [%rd3];
    mad.wide.u32 %rd3, %r66, 4, %rd151;
    ld.global.nc.f32 %f160, [%rd3];
    mul.ftz.f32 %f161, %f160, %f89;
    fma.rn.ftz.f32 %f162, %f159, %f86, %f161;
    fma.rn.ftz.f32 %f163, %f158, %f88, %f162;
    mad.wide.u32 %rd3, %r48, 4, %rd151;
    ld.global.nc.f32 %f164, [%rd3];
    mad.wide.u32 %rd3, %r40, 4, %rd151;
    ld.global.nc.f32 %f165, [%rd3];
    mad.wide.u32 %rd3, %r43, 4, %rd151;
    ld.global.nc.f32 %f166, [%rd3];
    mul.ftz.f32 %f167, %f166, %f89;
    fma.rn.ftz.f32 %f168, %f165, %f86, %f167;
    fma.rn.ftz.f32 %f169, %f164, %f88, %f168;
    mul.ftz.f32 %f170, %f169, %f169;
    fma.rn.ftz.f32 %f171, %f163, %f163, %f170;
    fma.rn.ftz.f32 %f172, %f157, %f157, %f171;
    rsqrt.approx.ftz.f32 %f173, %f172;
    mul.ftz.f32 %f174, %f157, %f173;
    mul.ftz.f32 %f175, %f169, %f173;
    mul.ftz.f32 %f176, %f163, %f173;
    st.param.f32 [result+0], %f4;
    st.param.f32 [result+4], %f84;
    st.param.f32 [result+8], %f92;
    st.param.f32 [result+12], %f95;
    st.param.f32 [result+16], %f98;
    st.param.f32 [result+20], %f99;
    st.param.f32 [result+24], %f82;
    st.param.f32 [result+28], %f100;
    st.param.u32 [result+32], %r101;
    st.param.f32 [result+36], %f104;
    st.param.f32 [result+40], %f107;
    st.param.f32 [result+44], %f86;
    st.param.f32 [result+48], %f88;
    st.param.f32 [result+52], %f120;
    st.param.f32 [result+56], %f127;
    st.param.f32 [result+60], %f135;
    st.param.f32 [result+64], %f141;
    st.param.f32 [result+68], %f150;
    st.param.f32 [result+72], %f174;
    st.param.f32 [result+76], %f175;
    st.param.f32 [result+80], %f176;
    ret;
}

.visible .func (.param .align 4 .b8 result[40]) __direct_callable__c4d47f60c8da4f88452a1a340c2c1995(.reg .u64 data, .param .align 4 .b8 params[32]) {
    // VCall: mitsuba::BSDF::sample()
    .reg.b8   %b <57>; .reg.b16 %w<57>; .reg.b32 %r<57>;
    .reg.b64  %rd<57>; .reg.f32 %f<57>; .reg.f64 %d<57>;
    .reg.pred %p <57>;

    ld.global.u64 %rd4, [data+0];
    mov.b32 %f5, 0x40000000;
    ld.param.f32 %f6, [params+24];
    mov.b32 %f7, 0xbf800000;
    fma.rn.ftz.f32 %f8, %f5, %f6, %f7;
    abs.f32 %f9, %f8;
    ld.param.f32 %f10, [params+28];
    fma.rn.ftz.f32 %f11, %f5, %f10, %f7;
    abs.f32 %f12, %f11;
    setp.lt.f32 %p13, %f9, %f12;
    selp.f32 %f14, %f11, %f8, %p13;
    mov.b32 %f15, 0x0;
    setp.eq.f32 %p16, %f8, %f15;
    setp.eq.f32 %p17, %f11, %f15;
    and.pred %p18, %p16, %p17;
    mov.b32 %f19, 0x3fc90fdb;
    mov.b32 %f20, 0x3f490fdb;
    selp.f32 %f21, %f8, %f11, %p13;
    mul.ftz.f32 %f22, %f20, %f21;
    div.approx.ftz.f32 %f23, %f22, %f14;
    sub.ftz.f32 %f24, %f19, %f23;
    selp.f32 %f25, %f24, %f23, %p13;
    selp.f32 %f26, %f15, %f25, %p18;
    cos.approx.ftz.f32 %f27, %f26;
    mul.ftz.f32 %f28, %f14, %f27;
    sin.approx.ftz.f32 %f29, %f26;
    mul.ftz.f32 %f30, %f14, %f29;
    mov.b32 %f31, 0x3f800000;
    mul.ftz.f32 %f32, %f28, %f28;
    fma.rn.ftz.f32 %f33, %f30, %f30, %f32;
    sub.ftz.f32 %f34, %f31, %f33;
    max.ftz.f32 %f35, %f34, %f15;
    sqrt.approx.ftz.f32 %f36, %f35;
    mov.b32 %f37, 0x3ea2f983;
    mul.ftz.f32 %f38, %f37, %f36;
    mov.b32 %r39, 0x2;
    mov.b32 %r40, 0x0;
    ld.param.f32 %f41, [params+4];
    ld.param.f32 %f42, [params+0];
    fma.rn.ftz.f32 %f43, %f15, %f41, %f42;
    mul.ftz.f32 %f44, %f15, %f42;
    add.ftz.f32 %f45, %f41, %f44;
    .reg.f32 %f46_out_<4>;
    tex.2d.v4.f32.f32 {%f46_out_0, %f46_out_1, %f46_out_2, %f46_out_3}, [%rd4, {%f43, %f45}];
    mov.b32 %f47, %f46_out_0;
    ld.param.f32 %f48, [params+16];
    setp.gt.f32 %p49, %f48, %f15;
    setp.gt.f32 %p50, %f38, %f15;
    and.pred %p51, %p49, %p50;
    selp.b32 %f52, %f47, 0, %p51;
    mov.b32 %f53, %f46_out_1;
    selp.b32 %f54, %f53, 0, %p51;
    mov.b32 %f55, %f46_out_2;
    selp.b32 %f56, %f55, 0, %p51;
    st.param.f32 [result+0], %f28;
    st.param.f32 [result+4], %f30;
    st.param.f32 [result+8], %f36;
    st.param.f32 [result+12], %f38;
    st.param.f32 [result+16], %f31;
    st.param.u32 [result+20], %r39;
    st.param.u32 [result+24], %r40;
    st.param.f32 [result+28], %f52;
    st.param.f32 [result+32], %f54;
    st.param.f32 [result+36], %f56;
    ret;
}

.visible .func (.param .align 4 .b8 result[40]) __direct_callable__f2b9df0a807beedc131b1e1ba408af05(.reg .u64 data, .param .align 4 .b8 params[32]) {
    // VCall: mitsuba::BSDF::sample()
    .reg.b8   %b <59>; .reg.b16 %w<59>; .reg.b32 %r<59>;
    .reg.b64  %rd<59>; .reg.f32 %f<59>; .reg.f64 %d<59>;
    .reg.pred %p <59>;

    ld.param.f32 %f4, [params+20];
    ld.param.f32 %f5, [params+16];
    abs.f32 %f6, %f5;
    mov.b32 %f7, 0x0;
    setp.eq.f32 %p8, %f6, %f7;
    mov.b32 %f9, 0x3f800000;
    mov.b32 %f10, 0x3f000000;
    setp.ge.f32 %p11, %f5, %f7;
    mov.b32 %f12, 0x3fc00000;
    mov.b32 %f13, 0x3f2aaaab;
    selp.f32 %f14, %f12, %f13, %p11;
    neg.ftz.f32 %f15, %f5;
    fma.rn.ftz.f32 %f16, %f5, %f15, %f9;
    selp.f32 %f17, %f13, %f12, %p11;
    mul.ftz.f32 %f18, %f17, %f17;
    neg.ftz.f32 %f19, %f18;
    fma.rn.ftz.f32 %f20, %f16, %f19, %f9;
    max.ftz.f32 %f21, %f20, %f7;
    sqrt.approx.ftz.f32 %f22, %f21;
    neg.ftz.f32 %f23, %f22;
    fma.rn.ftz.f32 %f24, %f14, %f23, %f6;
    fma.rn.ftz.f32 %f25, %f14, %f22, %f6;
    div.approx.ftz.f32 %f26, %f24, %f25;
    mul.ftz.f32 %f27, %f26, %f26;
    neg.ftz.f32 %f28, %f6;
    fma.rn.ftz.f32 %f29, %f14, %f28, %f22;
    fma.rn.ftz.f32 %f30, %f14, %f6, %f22;
    div.approx.ftz.f32 %f31, %f29, %f30;
    mul.ftz.f32 %f32, %f31, %f31;
    add.ftz.f32 %f33, %f27, %f32;
    mul.ftz.f32 %f34, %f10, %f33;
    selp.f32 %f35, %f9, %f34, %p8;
    setp.le.f32 %p36, %f4, %f35;
    ld.param.f32 %f37, [params+8];
    neg.ftz.f32 %f38, %f37;
    neg.ftz.f32 %f39, %f17;
    mul.ftz.f32 %f40, %f39, %f37;
    selp.f32 %f41, %f38, %f40, %p36;
    ld.param.f32 %f42, [params+12];
    neg.ftz.f32 %f43, %f42;
    mul.ftz.f32 %f44, %f39, %f42;
    selp.f32 %f45, %f43, %f44, %p36;
    selp.f32 %f46, %f23, %f22, %p11;
    selp.f32 %f47, %f5, %f46, %p36;
    sub.ftz.f32 %f48, %f9, %f35;
    selp.f32 %f49, %f35, %f48, %p36;
    selp.f32 %f50, %f9, %f14, %p36;
    mov.b32 %r51, 0x20;
    mov.b32 %r52, 0x40;
    selp.u32 %r53, %r51, %r52, %p36;
    mov.b32 %r54, 0x0;
    mov.b32 %r55, 0x1;
    selp.u32 %r56, %r54, %r55, %p36;
    not.pred %p57, %p36;
    selp.f32 %f58, %f18, %f9, %p57;
    st.param.f32 [result+0], %f41;
    st.param.f32 [result+4], %f45;
    st.param.f32 [result+8], %f47;
    st.param.f32 [result+12], %f49;
    st.param.f32 [result+16], %f50;
    st.param.u32 [result+20], %r53;
    st.param.u32 [result+24], %r56;
    st.param.f32 [result+28], %f58;
    st.param.f32 [result+32], %f58;
    st.param.f32 [result+36], %f58;
    ret;
}

.visible .func (.param .align 4 .b8 result[84]) __direct_callable__f9bd1a8ba432bd68f535c3799a2e3ec5(.reg .u32 self, .reg .u64 data, .param .align 4 .b8 params[40]) {
    // VCall: mitsuba::Shape::compute_surface_interaction()
    .reg.b8   %b <151>; .reg.b16 %w<151>; .reg.b32 %r<151>;
    .reg.b64  %rd<151>; .reg.f32 %f<151>; .reg.f64 %d<151>;
    .reg.pred %p <151>;

    ld.param.f32 %f4, [params+24];
    ld.global.u64 %rd5, [data+16];
    ld.global.u64 %rd6, [data+8];
    ld.param.u32 %r7, [params+36];
    mov.b32 %r8, 0x3;
    mul.lo.u32 %r9, %r7, %r8;
    mov.b32 %r10, 0x1;
    add.u32 %r11, %r9, %r10;
    mov.pred %p12, 0x1;
    mad.wide.u32 %rd3, %r11, 4, %rd6;
    ld.global.nc.u32 %r13, [%rd3];
    shl.b32 %r14, %r13, %r10;
    mad.wide.u32 %rd3, %r14, 4, %rd5;
    ld.global.nc.f32 %f15, [%rd3];
    mad.wide.u32 %rd3, %r9, 4, %rd6;
    ld.global.nc.u32 %r16, [%rd3];
    shl.b32 %r17, %r16, %r10;
    mad.wide.u32 %rd3, %r17, 4, %rd5;
    ld.global.nc.f32 %f18, [%rd3];
    sub.ftz.f32 %f19, %f15, %f18;
    mov.b32 %r20, 0x2;
    add.u32 %r21, %r9, %r20;
    mad.wide.u32 %rd3, %r21, 4, %rd6;
    ld.global.nc.u32 %r22, [%rd3];
    shl.b32 %r23, %r22, %r10;
    add.u32 %r24, %r23, %r10;
    mad.wide.u32 %rd3, %r24, 4, %rd5;
    ld.global.nc.f32 %f25, [%rd3];
    add.u32 %r26, %r17, %r10;
    mad.wide.u32 %rd3, %r26, 4, %rd5;
    ld.global.nc.f32 %f27, [%rd3];
    sub.ftz.f32 %f28, %f25, %f27;
    add.u32 %r29, %r14, %r10;
    mad.wide.u32 %rd3, %r29, 4, %rd5;
    ld.global.nc.f32 %f30, [%rd3];
    sub.ftz.f32 %f31, %f30, %f27;
    mad.wide.u32 %rd3, %r23, 4, %rd5;
    ld.global.nc.f32 %f32, [%rd3];
    sub.ftz.f32 %f33, %f32, %f18;
    mul.ftz.f32 %f34, %f31, %f33;
    neg.ftz.f32 %f35, %f34;
    fma.rn.ftz.f32 %f36, %f19, %f28, %f35;
    mov.b32 %f37, 0x0;
    setp.ne.f32 %p38, %f36, %f37;
    ld.global.u64 %rd39, [data+0];
    mul.lo.u32 %r40, %r13, %r8;
    add.u32 %r41, %r40, %r20;
    mad.wide.u32 %rd3, %r41, 4, %rd39;
    ld.global.nc.f32 %f42, [%rd3];
    mul.lo.u32 %r43, %r16, %r8;
    add.u32 %r44, %r43, %r20;
    mad.wide.u32 %rd3, %r44, 4, %rd39;
    ld.global.nc.f32 %f45, [%rd3];
    sub.ftz.f32 %f46, %f42, %f45;
    neg.ftz.f32 %f47, %f46;
    mul.lo.u32 %r48, %r22, %r8;
    add.u32 %r49, %r48, %r20;
    mad.wide.u32 %rd3, %r49, 4, %rd39;
    ld.global.nc.f32 %f50, [%rd3];
    sub.ftz.f32 %f51, %f50, %f45;
    mul.ftz.f32 %f52, %f19, %f51;
    fma.rn.ftz.f32 %f53, %f33, %f47, %f52;
    rcp.approx.ftz.f32 %f54, %f36;
    mul.ftz.f32 %f55, %f53, %f54;
    mad.wide.u32 %rd3, %r48, 4, %rd39;
    ld.global.nc.f32 %f56, [%rd3];
    mad.wide.u32 %rd3, %r43, 4, %rd39;
    ld.global.nc.f32 %f57, [%rd3];
    sub.ftz.f32 %f58, %f56, %f57;
    mad.wide.u32 %rd3, %r40, 4, %rd39;
    ld.global.nc.f32 %f59, [%rd3];
    sub.ftz.f32 %f60, %f59, %f57;
    mul.ftz.f32 %f61, %f60, %f51;
    neg.ftz.f32 %f62, %f61;
    fma.rn.ftz.f32 %f63, %f46, %f58, %f62;
    add.u32 %r64, %r48, %r10;
    mad.wide.u32 %rd3, %r64, 4, %rd39;
    ld.global.nc.f32 %f65, [%rd3];
    add.u32 %r66, %r43, %r10;
    mad.wide.u32 %rd3, %r66, 4, %rd39;
    ld.global.nc.f32 %f67, [%rd3];
    sub.ftz.f32 %f68, %f65, %f67;
    add.u32 %r69, %r40, %r10;
    mad.wide.u32 %rd3, %r69, 4, %rd39;
    ld.global.nc.f32 %f70, [%rd3];
    sub.ftz.f32 %f71, %f70, %f67;
    mul.ftz.f32 %f72, %f71, %f58;
    neg.ftz.f32 %f73, %f72;
    fma.rn.ftz.f32 %f74, %f60, %f68, %f73;
    mul.ftz.f32 %f75, %f46, %f68;
    neg.ftz.f32 %f76, %f75;
    fma.rn.ftz.f32 %f77, %f71, %f51, %f76;
    mul.ftz.f32 %f78, %f77, %f77;
    fma.rn.ftz.f32 %f79, %f63, %f63, %f78;
    fma.rn.ftz.f32 %f80, %f74, %f74, %f79;
    rsqrt.approx.ftz.f32 %f81, %f80;
    mul.ftz.f32 %f82, %f63, %f81;
    neg.ftz.f32 %f83, %f82;
    selp.f32 %f84, %f55, %f83, %p38;
    mov.b32 %f85, 0x3f800000;
    ld.param.f32 %f86, [params+28];
    sub.ftz.f32 %f87, %f85, %f86;
    ld.param.f32 %f88, [params+32];
    sub.ftz.f32 %f89, %f87, %f88;
    mul.ftz.f32 %f90, %f56, %f88;
    fma.rn.ftz.f32 %f91, %f59, %f86, %f90;
    fma.rn.ftz.f32 %f92, %f57, %f89, %f91;
    mul.ftz.f32 %f93, %f65, %f88;
    fma.rn.ftz.f32 %f94, %f70, %f86, %f93;
    fma.rn.ftz.f32 %f95, %f67, %f89, %f94;
    mul.ftz.f32 %f96, %f50, %f88;
    fma.rn.ftz.f32 %f97, %f42, %f86, %f96;
    fma.rn.ftz.f32 %f98, %f45, %f89, %f97;
    mul.ftz.f32 %f99, %f77, %f81;
    mul.ftz.f32 %f100, %f74, %f81;
    mov.u32 %r101, self;
    mul.ftz.f32 %f102, %f18, %f89;
    fma.rn.ftz.f32 %f103, %f15, %f86, %f102;
    fma.rn.ftz.f32 %f104, %f32, %f88, %f103;
    mul.ftz.f32 %f105, %f27, %f89;
    fma.rn.ftz.f32 %f106, %f30, %f86, %f105;
    fma.rn.ftz.f32 %f107, %f25, %f88, %f106;
    neg.ftz.f32 %f108, %f71;
    mul.ftz.f32 %f109, %f19, %f68;
    fma.rn.ftz.f32 %f110, %f33, %f108, %f109;
    mul.ftz.f32 %f111, %f110, %f54;
    mov.b32 %f112, 0x80000000;
    and.b32 %f113, %f112, %f100;
    or.b32 %f114, %f85, %f113;
    add.ftz.f32 %f115, %f114, %f100;
    rcp.approx.ftz.f32 %f116, %f115;
    neg.ftz.f32 %f117, %f116;
    mul.ftz.f32 %f118, %f82, %f117;
    fma.rn.ftz.f32 %f119, %f82, %f118, %f114;
    selp.f32 %f120, %f111, %f119, %p38;
    neg.ftz.f32 %f121, %f60;
    mul.ftz.f32 %f122, %f19, %f58;
    fma.rn.ftz.f32 %f123, %f33, %f121, %f122;
    mul.ftz.f32 %f124, %f123, %f54;
    mul.ftz.f32 %f125, %f99, %f82;
    mul.ftz.f32 %f126, %f125, %f117;
    selp.f32 %f127, %f124, %f126, %p38;
    mul.ftz.f32 %f128, %f31, %f51;
    neg.ftz.f32 %f129, %f128;
    fma.rn.ftz.f32 %f130, %f28, %f46, %f129;
    mul.ftz.f32 %f131, %f130, %f54;
    setp.ge.f32 %p132, %f100, %f37;
    neg.ftz.f32 %f133, %f99;
    selp.f32 %f134, %f133, %f99, %p132;
    selp.f32 %f135, %f131, %f134, %p38;
    mul.ftz.f32 %f136, %f31, %f68;
    neg.ftz.f32 %f137, %f136;
    fma.rn.ftz.f32 %f138, %f28, %f71, %f137;
    mul.ftz.f32 %f139, %f138, %f54;
    xor.b32 %f140, %f126, %f113;
    selp.f32 %f141, %f139, %f140, %p38;
    mul.ftz.f32 %f142, %f31, %f58;
    neg.ftz.f32 %f143, %f142;
    fma.rn.ftz.f32 %f144, %f28, %f60, %f143;
    mul.ftz.f32 %f145, %f144, %f54;
    mul.ftz.f32 %f146, %f99, %f99;
    mul.ftz.f32 %f147, %f146, %f117;
    xor.b32 %f148, %f147, %f113;
    add.ftz.f32 %f149, %f148, %f85;
    selp.f32 %f150, %f145, %f149, %p38;
    st.param.f32 [result+0], %f4;
    st.param.f32 [result+4], %f84;
    st.param.f32 [result+8], %f92;
    st.param.f32 [result+12], %f95;
    st.param.f32 [result+16], %f98;
    st.param.f32 [result+20], %f99;
    st.param.f32 [result+24], %f82;
    st.param.f32 [result+28], %f100;
    st.param.u32 [result+32], %r101;
    st.param.f32 [result+36], %f104;
    st.param.f32 [result+40], %f107;
    st.param.f32 [result+44], %f86;
    st.param.f32 [result+48], %f88;
    st.param.f32 [result+52], %f120;
    st.param.f32 [result+56], %f127;
    st.param.f32 [result+60], %f135;
    st.param.f32 [result+64], %f141;
    st.param.f32 [result+68], %f150;
    st.param.f32 [result+72], %f100;
    st.param.f32 [result+76], %f99;
    st.param.f32 [result+80], %f82;
    ret;
}


COMPILE ERROR: failed to create pipeline
Info: Pipeline statistics
	module(s)                            :     2
	entry function(s)                    :    28
	trace call(s)                        :     1
	continuation callable call(s)        :     0
	direct callable call(s)              :     3
	basic block(s) in entry functions    :   397
	instruction(s) in entry functions    : 14281
	non-entry function(s)                :     0
	basic block(s) in non-entry functions:     0
	instruction(s) in non-entry functions:     0
	debug information                    :    no



Critical Dr.Jit compiler failure: jit_optix_check(): API error 7251 (OPTIX_ERROR_PIPELINE_LINK_ERROR): "Pipeline link error" in ../ext/drjit/ext/drjit-core/src/optix_core.cpp:398.
jit_optix_compile(): optixPipelineCreate() failed. Please see the PTX assembly listing and error message below:

.version 6.0
.target sm_50
.address_size 64

.const .align 8 .b8 params[296];

.entry __raygen__3a66243e1300deb0223f37bb1d56b652() {
    .reg.b8   %b <846>; .reg.b16 %w<846>; .reg.b32 %r<846>;
    .reg.b64  %rd<846>; .reg.f32 %f<846>; .reg.f64 %d<846>;
    .reg.pred %p <846>;

    call (%r0), _optix_get_launch_index_x, ();
    ld.const.u32 %r1, [params + 4];
    add.u32 %r0, %r0, %r1;

body:
    ld.const.u64 %rd0, [params+8];
    ldu.global.u64 %rd6, [%rd0];
    mov.b32 %r7, 0x0;
    mov.pred %p8, 0x1;
    mov.b64 %rd9, 0x0;
    mov.b64 %rd10, 0x5851f42d4c957f2d;
    mov.u32 %r11, %r0;
    ld.const.u64 %rd0, [params+16];
    ldu.global.u32 %r12, [%rd0];
    mov.b32 %r13, 0x4;
    shl.b32 %r14, %r11, %r13;
    mov.b32 %r15, 0xa341316c;
    add.u32 %r16, %r14, %r15;
    mov.b32 %r17, 0x9e3779b9;
    add.u32 %r18, %r11, %r17;
    xor.b32 %r19, %r16, %r18;
    mov.b32 %r20, 0x5;
    shr.u32 %r21, %r11, %r20;
    mov.b32 %r22, 0xc8013ea4;
    add.u32 %r23, %r21, %r22;
    xor.b32 %r24, %r19, %r23;
    add.u32 %r25, %r12, %r24;
    shl.b32 %r26, %r25, %r13;
    mov.b32 %r27, 0xad90777d;
    add.u32 %r28, %r26, %r27;
    add.u32 %r29, %r25, %r17;
    xor.b32 %r30, %r28, %r29;
    shr.u32 %r31, %r25, %r20;
    mov.b32 %r32, 0x7e95761e;
    add.u32 %r33, %r31, %r32;
    xor.b32 %r34, %r30, %r33;
    add.u32 %r35, %r11, %r34;
    shl.b32 %r36, %r35, %r13;
    add.u32 %r37, %r36, %r15;
    mov.b32 %r38, 0x3c6ef372;
    add.u32 %r39, %r35, %r38;
    xor.b32 %r40, %r37, %r39;
    shr.u32 %r41, %r35, %r20;
    add.u32 %r42, %r41, %r22;
    xor.b32 %r43, %r40, %r42;
    add.u32 %r44, %r25, %r43;
    shl.b32 %r45, %r44, %r13;
    add.u32 %r46, %r45, %r27;
    add.u32 %r47, %r44, %r38;
    xor.b32 %r48, %r46, %r47;
    shr.u32 %r49, %r44, %r20;
    add.u32 %r50, %r49, %r32;
    xor.b32 %r51, %r48, %r50;
    add.u32 %r52, %r35, %r51;
    shl.b32 %r53, %r52, %r13;
    add.u32 %r54, %r53, %r15;
    mov.b32 %r55, 0xdaa66d2b;
    add.u32 %r56, %r52, %r55;
    xor.b32 %r57, %r54, %r56;
    shr.u32 %r58, %r52, %r20;
    add.u32 %r59, %r58, %r22;
    xor.b32 %r60, %r57, %r59;
    add.u32 %r61, %r44, %r60;
    shl.b32 %r62, %r61, %r13;
    add.u32 %r63, %r62, %r27;
    add.u32 %r64, %r61, %r55;
    xor.b32 %r65, %r63, %r64;
    shr.u32 %r66, %r61, %r20;
    add.u32 %r67, %r66, %r32;
    xor.b32 %r68, %r65, %r67;
    add.u32 %r69, %r52, %r68;
    shl.b32 %r70, %r69, %r13;
    add.u32 %r71, %r70, %r15;
    mov.b32 %r72, 0x78dde6e4;
    add.u32 %r73, %r69, %r72;
    xor.b32 %r74, %r71, %r73;
    shr.u32 %r75, %r69, %r20;
    add.u32 %r76, %r75, %r22;
    xor.b32 %r77, %r74, %r76;
    add.u32 %r78, %r61, %r77;
    shl.b32 %r79, %r78, %r13;
    add.u32 %r80, %r79, %r27;
    add.u32 %r81, %r78, %r72;
    xor.b32 %r82, %r80, %r81;
    shr.u32 %r83, %r78, %r20;
    add.u32 %r84, %r83, %r32;
    xor.b32 %r85, %r82, %r84;
    add.u32 %r86, %r69, %r85;
    cvt.u64.u32 %rd87, %r86;
    mov.b64 %rd88, 0x1;
    cvt.u32.u64 %r3, %rd88;
    shl.b64 %rd89, %rd87, %r3;
    or.b64 %rd90, %rd89, %rd88;
    mad.lo.u64 %rd91, %rd9, %rd10, %rd90;
    cvt.u64.u32 %rd92, %r78;
    add.u64 %rd93, %rd91, %rd92;
    mad.lo.u64 %rd94, %rd93, %rd10, %rd90;
    mov.b32 %f95, 0x0;
    mov.pred %p96, 0x1;
    ld.const.u64 %rd97, [params+24];
    mov.b32 %r98, %r21;
    mov.b32 %r99, %r98;
    mov.pred %p100, 0x1;
    mad.wide.u32 %rd3, %r99, 4, %rd97;
    ld.global.nc.u32 %r101, [%rd3];
    ld.const.u64 %rd102, [params+32];
    mad.wide.u32 %rd3, %r99, 4, %rd102;
    ld.global.nc.f32 %f103, [%rd3];
    mov.b32 %r104, 0x0;
    ld.const.u64 %rd105, [params+40];
    mad.wide.u32 %rd3, %r99, 4, %rd105;
    ld.global.nc.f32 %f106, [%rd3];
    ld.const.u64 %rd107, [params+48];
    mad.wide.u32 %rd3, %r99, 4, %rd107;
    ld.global.nc.f32 %f108, [%rd3];
    ld.const.u64 %rd109, [params+56];
    mad.wide.u32 %rd3, %r99, 4, %rd109;
    ld.global.nc.f32 %f110, [%rd3];
    ld.const.u64 %rd111, [params+64];
    mad.wide.u32 %rd3, %r99, 4, %rd111;
    ld.global.nc.f32 %f112, [%rd3];
    ld.const.u64 %rd113, [params+72];
    mad.wide.u32 %rd3, %r99, 4, %rd113;
    ld.global.nc.f32 %f114, [%rd3];
    ld.const.u64 %rd115, [params+80];
    mad.wide.u32 %rd3, %r99, 4, %rd115;
    ld.global.nc.f32 %f116, [%rd3];
    ld.const.u64 %rd117, [params+88];
    mad.wide.u32 %rd3, %r99, 4, %rd117;
    ld.global.nc.f32 %f118, [%rd3];
    ld.const.u64 %rd119, [params+96];
    mad.wide.u32 %rd3, %r99, 4, %rd119;
    ld.global.nc.f32 %f120, [%rd3];
    ld.const.u64 %rd121, [params+104];
    mad.wide.u32 %rd3, %r99, 4, %rd121;
    ld.global.nc.f32 %f122, [%rd3];
    ld.const.u64 %rd123, [params+112];
    mad.wide.u32 %rd3, %r99, 4, %rd123;
    ld.global.nc.f32 %f124, [%rd3];
    ld.const.u64 %rd125, [params+120];
    mad.wide.u32 %rd3, %r99, 4, %rd125;
    ld.global.nc.f32 %f126, [%rd3];
    ld.const.u64 %rd127, [params+128];
    mad.wide.u32 %rd3, %r99, 4, %rd127;
    ld.global.nc.f32 %f128, [%rd3];
    ld.const.u64 %rd129, [params+136];
    mad.wide.u32 %rd3, %r99, 4, %rd129;
    ld.global.nc.f32 %f130, [%rd3];
    ld.const.u64 %rd131, [params+144];
    mad.wide.u32 %rd3, %r99, 4, %rd131;
    ld.global.nc.f32 %f132, [%rd3];
    mov.b32 %f133, 0x0;
    mov.b32 %f134, 0x7f800000;
    mov.b32 %f135, 0x0;
    mov.b32 %f136, 0x0;
    mov.b32 %f137, 0x0;
    mov.b32 %f138, 0x0;
    mov.b32 %f139, 0x0;
    mov.b32 %f140, 0x0;
    mov.b32 %f141, 0x0;
    ld.const.u64 %rd142, [params+152];
    mad.wide.u32 %rd3, %r99, 4, %rd142;
    ld.global.nc.f32 %f143, [%rd3];
    mov.b32 %f144, 0x0;
    ld.const.u64 %rd145, [params+160];
    mad.wide.u32 %rd3, %r99, 4, %rd145;
    ld.global.nc.f32 %f146, [%rd3];
    mov.b32 %f147, 0x0;
    ld.const.u64 %rd148, [params+168];
    mad.wide.u32 %rd3, %r99, 4, %rd148;
    ld.global.nc.f32 %f149, [%rd3];
    mov.b32 %f150, 0x0;
    ld.const.u64 %rd151, [params+176];
    mad.wide.u32 %rd3, %r99, 4, %rd151;
    ld.global.nc.f32 %f152, [%rd3];
    mov.b32 %f153, 0x0;
    mov.b32 %f154, 0x0;
    mov.b32 %f155, 0x0;
    mov.b32 %f156, 0x0;
    mov.b32 %f157, 0x0;
    mov.b32 %f158, 0x0;
    mov.b32 %f159, 0x0;
    mov.b32 %f160, 0x0;
    mov.b32 %f161, 0x0;
    mov.b32 %f162, 0x0;
    mov.b32 %f163, 0x0;
    mov.b32 %f164, 0x0;
    mov.b32 %f165, 0x0;
    mov.b32 %f166, 0x0;
    mov.b32 %f167, 0x0;
    mov.b32 %f168, 0x0;
    mov.b32 %f169, 0x0;
    mov.b32 %f170, 0x0;
    mov.b32 %f171, 0x0;
    mov.b32 %f172, 0x0;
    mov.b32 %f173, 0x0;
    mov.b32 %f174, 0x0;
    mov.b32 %f175, 0x0;
    mov.b32 %f176, 0x0;
    mov.b32 %f177, 0x0;
    mov.b32 %f178, 0x0;
    mov.b32 %f179, 0x0;
    mov.b32 %f180, 0x0;
    mov.b32 %f181, 0x0;
    mov.b32 %f182, 0x0;
    mov.b32 %f183, 0x0;
    mov.b32 %f184, 0x0;
    mov.b32 %f185, 0x0;
    mov.b32 %f186, 0x0;
    mov.b32 %f187, 0x0;
    mov.b32 %f188, 0x0;
    mov.b32 %f189, 0x0;
    mov.b32 %f190, 0x0;
    mov.b32 %f191, 0x0;
    mov.b32 %f192, 0x0;
    mov.b32 %f193, 0x0;
    mov.b32 %f194, 0x0;
    mov.b32 %f195, 0x0;
    mov.b32 %f196, 0x0;
    mov.b32 %f197, 0x0;
    ld.const.u64 %rd198, [params+184];
    mad.wide.u32 %rd3, %r99, 4, %rd198;
    ld.global.nc.u32 %r199, [%rd3];
    mov.b32 %r200, 0x0;
    mov.b32 %r201, 0x0;
    mov.b32 %r202, 0x0;
    mov.u32 %r203, %r7;
    mov.pred %p204, %p8;
    mov.u64 %rd205, %rd94;
    mov.f32 %f206, %f95;
    mov.pred %p207, %p96;
    mov.u32 %r208, %r101;
    mov.f32 %f209, %f103;
    mov.u32 %r210, %r104;
    mov.f32 %f211, %f106;
    mov.f32 %f212, %f108;
    mov.f32 %f213, %f110;
    mov.f32 %f214, %f112;
    mov.f32 %f215, %f112;
    mov.f32 %f216, %f114;
    mov.f32 %f217, %f116;
    mov.f32 %f218, %f118;
    mov.f32 %f219, %f120;
    mov.f32 %f220, %f122;
    mov.f32 %f221, %f122;
    mov.f32 %f222, %f124;
    mov.f32 %f223, %f126;
    mov.f32 %f224, %f128;
    mov.f32 %f225, %f128;
    mov.f32 %f226, %f130;
    mov.f32 %f227, %f132;
    mov.f32 %f228, %f134;
    mov.f32 %f229, %f135;
    mov.f32 %f230, %f136;
    mov.f32 %f231, %f137;
    mov.f32 %f232, %f138;
    mov.f32 %f233, %f139;
    mov.f32 %f234, %f140;
    mov.f32 %f235, %f141;
    mov.f32 %f236, %f143;
    mov.f32 %f237, %f144;
    mov.f32 %f238, %f146;
    mov.f32 %f239, %f147;
    mov.f32 %f240, %f149;
    mov.f32 %f241, %f150;
    mov.f32 %f242, %f152;
    mov.f32 %f243, %f153;
    mov.f32 %f244, %f154;
    mov.f32 %f245, %f155;
    mov.f32 %f246, %f156;
    mov.f32 %f247, %f157;
    mov.f32 %f248, %f158;
    mov.f32 %f249, %f159;
    mov.f32 %f250, %f160;
    mov.f32 %f251, %f161;
    mov.f32 %f252, %f162;
    mov.f32 %f253, %f163;
    mov.f32 %f254, %f164;
    mov.f32 %f255, %f165;
    mov.f32 %f256, %f166;
    mov.f32 %f257, %f167;
    mov.f32 %f258, %f168;
    mov.f32 %f259, %f169;
    mov.f32 %f260, %f170;
    mov.f32 %f261, %f171;
    mov.f32 %f262, %f172;
    mov.f32 %f263, %f173;
    mov.f32 %f264, %f174;
    mov.f32 %f265, %f176;
    mov.f32 %f266, %f178;
    mov.f32 %f267, %f180;
    mov.f32 %f268, %f182;
    mov.f32 %f269, %f184;
    mov.f32 %f270, %f186;
    mov.f32 %f271, %f188;
    mov.f32 %f272, %f190;
    mov.f32 %f273, %f192;
    mov.f32 %f274, %f194;
    mov.f32 %f275, %f195;
    mov.f32 %f276, %f196;
    mov.f32 %f277, %f197;
    mov.u32 %r278, %r199;
    mov.u32 %r279, %r200;
    mov.u32 %r280, %r201;
    mov.u32 %r281, %r202;

l_282_cond: // Loop (first smooth surface)
    @!%p204 bra l_282_done;

l_282_body:
    mov.u64 %rd284, %rd205;
    mov.pred %p285, %p204;
    mov.f32 %f286, %f206;
    mov.pred %p287, %p207;
    mov.u32 %r288, %r208;
    mov.f32 %f289, %f209;
    mov.u32 %r290, %r210;
    mov.f32 %f291, %f211;
    mov.f32 %f292, %f212;
    mov.f32 %f293, %f213;
    mov.f32 %f294, %f214;
    mov.f32 %f295, %f215;
    mov.f32 %f296, %f216;
    mov.f32 %f297, %f217;
    mov.f32 %f298, %f218;
    mov.f32 %f299, %f219;
    mov.f32 %f300, %f220;
    mov.f32 %f301, %f221;
    mov.f32 %f302, %f222;
    mov.f32 %f303, %f223;
    mov.f32 %f304, %f224;
    mov.f32 %f305, %f225;
    mov.f32 %f306, %f226;
    mov.f32 %f307, %f227;
    mov.f32 %f308, %f228;
    mov.f32 %f309, %f229;
    mov.f32 %f310, %f230;
    mov.f32 %f311, %f231;
    mov.f32 %f312, %f232;
    mov.f32 %f313, %f233;
    mov.f32 %f314, %f234;
    mov.f32 %f315, %f235;
    mov.u32 %r316, %r203;
    mov.f32 %f317, %f236;
    mov.f32 %f318, %f237;
    mov.f32 %f319, %f238;
    mov.f32 %f320, %f239;
    mov.f32 %f321, %f240;
    mov.f32 %f322, %f241;
    mov.f32 %f323, %f242;
    mov.f32 %f324, %f243;
    mov.f32 %f325, %f244;
    mov.f32 %f326, %f245;
    mov.f32 %f327, %f246;
    mov.f32 %f328, %f247;
    mov.f32 %f329, %f248;
    mov.f32 %f330, %f249;
    mov.f32 %f331, %f250;
    mov.f32 %f332, %f251;
    mov.f32 %f333, %f252;
    mov.f32 %f334, %f253;
    mov.f32 %f335, %f254;
    mov.f32 %f336, %f255;
    mov.f32 %f337, %f256;
    mov.f32 %f338, %f257;
    mov.f32 %f339, %f258;
    mov.f32 %f340, %f259;
    mov.f32 %f341, %f260;
    mov.f32 %f342, %f261;
    mov.f32 %f343, %f262;
    mov.f32 %f344, %f263;
    mov.f32 %f345, %f264;
    mov.f32 %f346, %f265;
    mov.f32 %f347, %f266;
    mov.f32 %f348, %f267;
    mov.f32 %f349, %f268;
    mov.f32 %f350, %f269;
    mov.f32 %f351, %f270;
    mov.f32 %f352, %f271;
    mov.f32 %f353, %f272;
    mov.f32 %f354, %f273;
    mov.f32 %f355, %f274;
    mov.f32 %f356, %f275;
    mov.f32 %f357, %f276;
    mov.f32 %f358, %f277;
    mov.u32 %r359, %r278;
    mov.u32 %r360, %r279;
    mov.u32 %r361, %r280;
    mov.u32 %r362, %r281;
    mov.b64 %rd363, 0x5851f42d4c957f2d;
    mad.lo.u64 %rd364, %rd284, %rd363, %rd90;
    mad.lo.u64 %rd365, %rd364, %rd363, %rd90;
    mad.lo.u64 %rd366, %rd365, %rd363, %rd90;
    mov.b32 %f367, 0x7f800000;
    setp.ne.f32 %p368, %f286, %f367;
    ld.const.u64 %rd369, [params+192];
    ld.const.u64 %rd370, [params+200];
    mov.b32 %r371, 0x0;
    setp.ne.u32 %p372, %r288, %r371;
    @!%p372 bra l_373_masked;
    mad.wide.u32 %rd3, %r288, 4, %rd370;
    ld.global.nc.u32 %r373, [%rd3];
    bra.uni l_373_done;

l_373_masked:
    mov.b32 %r373, 0;

l_373_done:
    setp.ne.u32 %p374, %r373, %r371;
    @!%p374 bra l_375_masked;
    mad.wide.u32 %rd3, %r373, 4, %rd369;
    ld.global.nc.u32 %r375, [%rd3];
    bra.uni l_375_done;

l_375_masked:
    mov.b32 %r375, 0;

l_375_done:
    mov.b32 %r376, 0x1;
    and.b32 %r377, %r375, %r376;
    setp.ne.u32 %p378, %r377, %r371;
    ld.const.u64 %rd379, [params+208];
    @!%p374 bra l_380_masked;
    mad.wide.u32 %rd3, %r373, 4, %rd379;
    ld.global.nc.u32 %r380, [%rd3];
    bra.uni l_380_done;

l_380_masked:
    mov.b32 %r380, 0;

l_380_done:
    mov.b32 %r381, 0x10000;
    and.b32 %r382, %r380, %r381;
    setp.ne.u32 %p383, %r382, %r371;
    not.pred %p384, %p383;
    mov.b32 %f385, 0x0;
    setp.lt.f32 %p386, %f289, %f385;
    and.pred %p387, %p384, %p386;
    or.pred %p388, %p378, %p387;
    and.pred %p389, %p287, %p388;
    not.pred %p390, %p389;
    and.pred %p391, %p368, %p390;
    mov.b32 %r392, 0x10;
    setp.lo.u32 %p393, %r290, %r392;
    and.pred %p394, %p391, %p393;
    and.pred %p395, %p285, %p394;
    ld.const.u64 %rd396, [params+216];
    @!%p374 bra l_397_masked;
    mad.wide.u32 %rd3, %r373, 4, %rd396;
    ld.global.nc.u32 %r397, [%rd3];
    bra.uni l_397_done;

l_397_masked:
    mov.b32 %r397, 0;

l_397_done:
    mov.b32 %r398, 0x1e;
    and.b32 %r399, %r397, %r398;
    setp.ne.u32 %p400, %r399, %r371;
    not.pred %p401, %p400;
    and.pred %p402, %p395, %p401;
    mov.b64 %rd403, 0x12;
    cvt.u32.u64 %r3, %rd403;
    shr.u64 %rd404, %rd284, %r3;
    xor.b64 %rd405, %rd404, %rd284;
    mov.b64 %rd406, 0x1b;
    cvt.u32.u64 %r3, %rd406;
    shr.u64 %rd407, %rd405, %r3;
    cvt.u32.u64 %r408, %rd407;
    mov.b64 %rd409, 0x3b;
    cvt.u32.u64 %r3, %rd409;
    shr.u64 %rd410, %rd284, %r3;
    cvt.u32.u64 %r411, %rd410;
    shr.u32 %r412, %r408, %r411;
    mov.b32 %r413, %r411;
    neg.s32 %r414, %r413;
    mov.b32 %r415, 0x1f;
    and.b32 %r416, %r414, %r415;
    mov.b32 %r417, %r416;
    shl.b32 %r418, %r408, %r417;
    or.b32 %r419, %r412, %r418;
    mov.b32 %r420, 0x9;
    shr.u32 %r421, %r419, %r420;
    mov.b32 %r422, 0x3f800000;
    or.b32 %r423, %r421, %r422;
    mov.b32 %f424, %r423;
    mov.b32 %f425, 0x3f800000;
    sub.ftz.f32 %f426, %f424, %f425;
    cvt.u32.u64 %r3, %rd403;
    shr.u64 %rd427, %rd364, %r3;
    xor.b64 %rd428, %rd427, %rd364;
    cvt.u32.u64 %r3, %rd406;
    shr.u64 %rd429, %rd428, %r3;
    cvt.u32.u64 %r430, %rd429;
    cvt.u32.u64 %r3, %rd409;
    shr.u64 %rd431, %rd364, %r3;
    cvt.u32.u64 %r432, %rd431;
    shr.u32 %r433, %r430, %r432;
    mov.b32 %r434, %r432;
    neg.s32 %r435, %r434;
    and.b32 %r436, %r435, %r415;
    mov.b32 %r437, %r436;
    shl.b32 %r438, %r430, %r437;
    or.b32 %r439, %r433, %r438;
    shr.u32 %r440, %r439, %r420;
    or.b32 %r441, %r440, %r422;
    mov.b32 %f442, %r441;
    sub.ftz.f32 %f443, %f442, %f425;
    cvt.u32.u64 %r3, %rd403;
    shr.u64 %rd444, %rd365, %r3;
    xor.b64 %rd445, %rd444, %rd365;
    cvt.u32.u64 %r3, %rd406;
    shr.u64 %rd446, %rd445, %r3;
    cvt.u32.u64 %r447, %rd446;
    cvt.u32.u64 %r3, %rd409;
    shr.u64 %rd448, %rd365, %r3;
    cvt.u32.u64 %r449, %rd448;
    shr.u32 %r450, %r447, %r449;
    mov.b32 %r451, %r449;
    neg.s32 %r452, %r451;
    and.b32 %r453, %r452, %r415;
    mov.b32 %r454, %r453;
    shl.b32 %r455, %r447, %r454;
    or.b32 %r456, %r450, %r455;
    shr.u32 %r457, %r456, %r420;
    or.b32 %r458, %r457, %r422;
    mov.b32 %f459, %r458;
    sub.ftz.f32 %f460, %f459, %f425;
    selp.f32 %f461, %f286, %f308, %p285;
    selp.f32 %f462, %f133, %f309, %p285;
    selp.f32 %f463, %f291, %f310, %p285;
    selp.f32 %f464, %f292, %f311, %p285;
    selp.f32 %f465, %f293, %f312, %p285;
    selp.f32 %f466, %f304, %f313, %p285;
    selp.f32 %f467, %f300, %f314, %p285;
    selp.f32 %f468, %f294, %f315, %p285;
    selp.u32 %r469, %r288, %r316, %p285;
    selp.f32 %f470, %f317, %f318, %p285;
    selp.f32 %f471, %f319, %f320, %p285;
    selp.f32 %f472, %f321, %f322, %p285;
    selp.f32 %f473, %f323, %f324, %p285;
    selp.f32 %f474, %f307, %f325, %p285;
    selp.f32 %f475, %f303, %f326, %p285;
    selp.f32 %f476, %f299, %f327, %p285;
    selp.f32 %f477, %f306, %f328, %p285;
    selp.f32 %f478, %f302, %f329, %p285;
    selp.f32 %f479, %f298, %f330, %p285;
    selp.f32 %f480, %f305, %f331, %p285;
    selp.f32 %f481, %f301, %f332, %p285;
    selp.f32 %f482, %f295, %f333, %p285;
    selp.f32 %f483, %f334, %f335, %p285;
    selp.f32 %f484, %f336, %f337, %p285;
    selp.f32 %f485, %f338, %f339, %p285;
    selp.f32 %f486, %f340, %f341, %p285;
    selp.f32 %f487, %f342, %f343, %p285;
    selp.f32 %f488, %f344, %f345, %p285;
    selp.f32 %f489, %f175, %f346, %p285;
    selp.f32 %f490, %f177, %f347, %p285;
    selp.f32 %f491, %f179, %f348, %p285;
    selp.f32 %f492, %f181, %f349, %p285;
    selp.f32 %f493, %f183, %f350, %p285;
    selp.f32 %f494, %f185, %f351, %p285;
    selp.f32 %f495, %f187, %f352, %p285;
    selp.f32 %f496, %f189, %f353, %p285;
    selp.f32 %f497, %f191, %f354, %p285;
    selp.f32 %f498, %f193, %f355, %p285;
    selp.f32 %f499, %f296, %f356, %p285;
    selp.f32 %f500, %f297, %f357, %p285;
    selp.f32 %f501, %f289, %f358, %p285;
    selp.u32 %r502, %r359, %r360, %p285;
    selp.u32 %r503, %r361, %r362, %p285;
    mov.b32 %r504, 0x0;
    setp.ne.u32 %p505, %r373, %r504;
    and.pred %p506, %p402, %p505;
    ld.const.u64 %rd507, [params+224];
    ld.const.u64 %rd508, [params+232];

    @!%p506 bra l_masked_509;

    { // VCall: mitsuba::BSDF::sample()

        mad.wide.u32 %rd3, %r373, 8, %rd507;
        ld.global.u64 %rd3, [%rd3];
        cvt.u32.u64 %r3, %rd3;
        call (%rd2), _optix_call_direct_callable, (%r3);
        shr.u64 %rd3, %rd3, 32;
        add.u64 %rd3, %rd3, %rd508;

        {
            proto: .callprototype (.param .align 4 .b8 result[12]) _(.reg .u64 data, .param .align 4 .b8 params[24]);
            .param .align 4 .b8 out[12];
            .param .align 4 .b8 in[24];
            st.param.f32 [in+0], %f296;
            st.param.f32 [in+4], %f297;
            st.param.f32 [in+8], %f289;
            st.param.f32 [in+12], %f426;
            st.param.f32 [in+16], %f443;
            st.param.f32 [in+20], %f460;
            call (out), %rd2, (%rd3, in), proto;
            ld.param.f32 %f512, [out+0];
            ld.param.f32 %f511, [out+4];
            ld.param.f32 %f510, [out+8];
        }

        bra.uni l_done_509;
    }

l_masked_509:
    mov.b32 %f512, 0;
    mov.b32 %f511, 0;
    mov.b32 %f510, 0;

l_done_509:
    not.pred %p513, %p402;
    mov.b32 %f514, 0x7f800000;
    mov.b32 %f515, 0x3f800000;
    abs.f32 %f516, %f291;
    abs.f32 %f517, %f292;
    max.ftz.f32 %f518, %f516, %f517;
    abs.f32 %f519, %f293;
    max.ftz.f32 %f520, %f518, %f519;
    add.ftz.f32 %f521, %f515, %f520;
    mov.b32 %f522, 0x38bb8000;
    mul.ftz.f32 %f523, %f521, %f522;
    mov.b32 %f524, 0x80000000;
    mul.ftz.f32 %f525, %f299, %f512;
    fma.rn.ftz.f32 %f526, %f298, %f511, %f525;
    fma.rn.ftz.f32 %f527, %f295, %f510, %f526;
    mul.ftz.f32 %f528, %f303, %f512;
    fma.rn.ftz.f32 %f529, %f302, %f511, %f528;
    fma.rn.ftz.f32 %f530, %f301, %f510, %f529;
    mul.ftz.f32 %f531, %f307, %f512;
    fma.rn.ftz.f32 %f532, %f306, %f511, %f531;
    fma.rn.ftz.f32 %f533, %f305, %f510, %f532;
    mul.ftz.f32 %f534, %f304, %f533;
    fma.rn.ftz.f32 %f535, %f300, %f530, %f534;
    fma.rn.ftz.f32 %f536, %f294, %f527, %f535;
    and.b32 %f537, %f524, %f536;
    xor.b32 %f538, %f523, %f537;
    fma.rn.ftz.f32 %f539, %f538, %f304, %f291;
    fma.rn.ftz.f32 %f540, %f538, %f300, %f292;
    fma.rn.ftz.f32 %f541, %f538, %f294, %f293;
    mov.b32 %f542, 0x0;
    mov.b32 %f543, 0x7f7fffff;
    mov.b32 %r544, 0xff;
    mov.b32 %r545, 0x0;
    mov.b32 %r546, 0x1;
    .reg.u32 %u547_out_<32>;
    @!%p402 bra l_masked_547;
    .reg.u32 %u547_payload_type, %u547_payload_count;
    mov.u32 %u547_payload_type, 0;
    mov.u32 %u547_payload_count, 6;
    call (%u547_out_0, %u547_out_1, %u547_out_2, %u547_out_3, %u547_out_4, %u547_out_5, %u547_out_6, %u547_out_7, %u547_out_8, %u547_out_9, %u547_out_10, %u547_out_11, %u547_out_12, %u547_out_13, %u547_out_14, %u547_out_15, %u547_out_16, %u547_out_17, %u547_out_18, %u547_out_19, %u547_out_20, %u547_out_21, %u547_out_22, %u547_out_23, %u547_out_24, %u547_out_25, %u547_out_26, %u547_out_27, %u547_out_28, %u547_out_29, %u547_out_30, %u547_out_31), _optix_trace_typed_32, (%u547_payload_type, %rd6, %f539, %f540, %f541, %f533, %f530, %f527, %f542, %f543, %f133, %r544, %r545, %r545, %r546, %r545, %u547_payload_count, %r545, %r545, %r545, %r545, %r545, %r545, %u547_out_6, %u547_out_7, %u547_out_8, %u547_out_9, %u547_out_10, %u547_out_11, %u547_out_12, %u547_out_13, %u547_out_14, %u547_out_15, %u547_out_16, %u547_out_17, %u547_out_18, %u547_out_19, %u547_out_20, %u547_out_21, %u547_out_22, %u547_out_23, %u547_out_24, %u547_out_25, %u547_out_26, %u547_out_27, %u547_out_28, %u547_out_29, %u547_out_30, %u547_out_31);

l_masked_547:
    mov.b32 %r548, %u547_out_0;
    mov.b32 %f549, %r548;
    selp.f32 %f550, %f514, %f549, %p513;
    setp.ne.f32 %p551, %f550, %f514;
    and.pred %p552, %p402, %p551;
    not.pred %p553, %p552;
    mov.b32 %r554, %u547_out_5;
    selp.u32 %r555, %r545, %r554, %p553;
    setp.eq.u32 %p556, %r555, %r545;
    mov.b32 %r557, %u547_out_4;
    selp.u32 %r558, %r545, %r557, %p553;
    selp.u32 %r559, %r558, %r555, %p556;
    mov.b32 %r560, %u547_out_1;
    mov.b32 %f561, %r560;
    mov.b32 %r562, %u547_out_2;
    mov.b32 %f563, %r562;
    mov.b32 %r564, %u547_out_3;
    setp.ne.f32 %p565, %f286, %f514;
    add.u32 %r566, %r290, %r546;
    selp.u32 %r567, %r566, %r290, %p565;
    mov.b32 %r568, 0x0;
    setp.ne.u32 %p569, %r559, %r568;
    and.pred %p570, %p552, %p569;
    ld.const.u64 %rd571, [params+240];
    ld.const.u64 %rd572, [params+248];

    @!%p570 bra l_masked_573;

    { // VCall: mitsuba::Shape::compute_surface_interaction()

        mad.wide.u32 %rd3, %r559, 8, %rd571;
        ld.global.u64 %rd3, [%rd3];
        cvt.u32.u64 %r3, %rd3;
        call (%rd2), _optix_call_direct_callable, (%r3);
        shr.u64 %rd3, %rd3, 32;
        add.u64 %rd3, %rd3, %rd572;

        {
            proto: .callprototype (.param .align 4 .b8 result[84]) _(.reg .u32 self, .reg .u64 data, .param .align 4 .b8 params[40]);
            .param .align 4 .b8 out[84];
            .param .align 4 .b8 in[40];
            st.param.f32 [in+0], %f539;
            st.param.f32 [in+4], %f540;
            st.param.f32 [in+8], %f541;
            st.param.f32 [in+12], %f533;
            st.param.f32 [in+16], %f530;
            st.param.f32 [in+20], %f527;
            st.param.f32 [in+24], %f550;
            st.param.f32 [in+28], %f561;
            st.param.f32 [in+32], %f563;
            st.param.u32 [in+36], %r564;
            call (out), %rd2, (%r559, %rd3, in), proto;
            ld.param.f32 %f574, [out+0];
            ld.param.f32 %f594, [out+4];
            ld.param.f32 %f575, [out+8];
            ld.param.f32 %f576, [out+12];
            ld.param.f32 %f577, [out+16];
            ld.param.f32 %f578, [out+20];
            ld.param.f32 %f579, [out+24];
            ld.param.f32 %f580, [out+28];
            ld.param.u32 %r581, [out+32];
            ld.param.f32 %f582, [out+36];
            ld.param.f32 %f583, [out+40];
            ld.param.f32 %f584, [out+44];
            ld.param.f32 %f585, [out+48];
            ld.param.f32 %f593, [out+52];
            ld.param.f32 %f592, [out+56];
            ld.param.f32 %f588, [out+60];
            ld.param.f32 %f587, [out+64];
            ld.param.f32 %f586, [out+68];
            ld.param.f32 %f590, [out+72];
            ld.param.f32 %f589, [out+76];
            ld.param.f32 %f591, [out+80];
        }

        bra.uni l_done_573;
    }

l_masked_573:
    mov.b32 %f574, 0;
    mov.b32 %f594, 0;
    mov.b32 %f575, 0;
    mov.b32 %f576, 0;
    mov.b32 %f577, 0;
    mov.b32 %f578, 0;
    mov.b32 %f579, 0;
    mov.b32 %f580, 0;
    mov.b32 %r581, 0;
    mov.b32 %f582, 0;
    mov.b32 %f583, 0;
    mov.b32 %f584, 0;
    mov.b32 %f585, 0;
    mov.b32 %f593, 0;
    mov.b32 %f592, 0;
    mov.b32 %f588, 0;
    mov.b32 %f587, 0;
    mov.b32 %f586, 0;
    mov.b32 %f590, 0;
    mov.b32 %f589, 0;
    mov.b32 %f591, 0;

l_done_573:
    mov.b32 %r595, 0x0;
    not.pred %p596, %p552;
    mov.b32 %f597, 0x7f800000;
    selp.f32 %f598, %f597, %f574, %p596;
    setp.ne.f32 %p599, %f598, %f597;
    and.pred %p600, %p552, %p599;
    not.pred %p601, %p600;
    mov.b32 %r602, 0x0;
    selp.u32 %r603, %r602, %r581, %p601;
    mov.b32 %f604, 0x0;
    setp.eq.f32 %p605, %f586, %f604;
    setp.eq.f32 %p606, %f587, %f604;
    and.pred %p607, %p605, %p606;
    setp.eq.f32 %p608, %f588, %f604;
    and.pred %p609, %p607, %p608;
    mul.ftz.f32 %f610, %f589, %f589;
    mov.b32 %f611, 0x3f800000;
    mov.b32 %f612, 0x80000000;
    and.b32 %f613, %f612, %f590;
    or.b32 %f614, %f611, %f613;
    add.ftz.f32 %f615, %f614, %f590;
    rcp.approx.ftz.f32 %f616, %f615;
    neg.ftz.f32 %f617, %f616;
    mul.ftz.f32 %f618, %f610, %f617;
    xor.b32 %f619, %f618, %f613;
    add.ftz.f32 %f620, %f619, %f611;
    mul.ftz.f32 %f621, %f589, %f586;
    fma.rn.ftz.f32 %f622, %f591, %f587, %f621;
    fma.rn.ftz.f32 %f623, %f590, %f588, %f622;
    neg.ftz.f32 %f624, %f623;
    fma.rn.ftz.f32 %f625, %f589, %f624, %f586;
    fma.rn.ftz.f32 %f626, %f590, %f624, %f588;
    fma.rn.ftz.f32 %f627, %f591, %f624, %f587;
    mul.ftz.f32 %f628, %f625, %f625;
    fma.rn.ftz.f32 %f629, %f627, %f627, %f628;
    fma.rn.ftz.f32 %f630, %f626, %f626, %f629;
    rsqrt.approx.ftz.f32 %f631, %f630;
    mul.ftz.f32 %f632, %f625, %f631;
    selp.f32 %f633, %f620, %f632, %p609;
    mul.ftz.f32 %f634, %f589, %f591;
    mul.ftz.f32 %f635, %f634, %f617;
    xor.b32 %f636, %f635, %f613;
    mul.ftz.f32 %f637, %f627, %f631;
    selp.f32 %f638, %f636, %f637, %p609;
    setp.ge.f32 %p639, %f590, %f604;
    neg.ftz.f32 %f640, %f589;
    selp.f32 %f641, %f640, %f589, %p639;
    mul.ftz.f32 %f642, %f626, %f631;
    selp.f32 %f643, %f641, %f642, %p609;
    mul.ftz.f32 %f644, %f590, %f638;
    neg.ftz.f32 %f645, %f644;
    fma.rn.ftz.f32 %f646, %f591, %f643, %f645;
    mul.ftz.f32 %f647, %f589, %f643;
    neg.ftz.f32 %f648, %f647;
    fma.rn.ftz.f32 %f649, %f590, %f633, %f648;
    mul.ftz.f32 %f650, %f591, %f633;
    neg.ftz.f32 %f651, %f650;
    fma.rn.ftz.f32 %f652, %f589, %f638, %f651;
    neg.ftz.f32 %f653, %f527;
    neg.ftz.f32 %f654, %f530;
    neg.ftz.f32 %f655, %f533;
    mul.ftz.f32 %f656, %f655, %f633;
    fma.rn.ftz.f32 %f657, %f654, %f638, %f656;
    fma.rn.ftz.f32 %f658, %f653, %f643, %f657;
    selp.f32 %f659, %f658, %f655, %p600;
    mul.ftz.f32 %f660, %f655, %f646;
    fma.rn.ftz.f32 %f661, %f654, %f649, %f660;
    fma.rn.ftz.f32 %f662, %f653, %f652, %f661;
    selp.f32 %f663, %f662, %f654, %p600;
    mul.ftz.f32 %f664, %f655, %f589;
    fma.rn.ftz.f32 %f665, %f654, %f591, %f664;
    fma.rn.ftz.f32 %f666, %f653, %f590, %f665;
    selp.f32 %f667, %f666, %f653, %p600;
    selp.u32 %r668, %r602, %r595, %p601;
    mov.u64 %rd205, %rd366;
    mov.f32 %f206, %f598;
    mov.f32 %f211, %f575;
    mov.f32 %f212, %f576;
    mov.f32 %f213, %f577;
    mov.f32 %f224, %f578;
    mov.f32 %f220, %f579;
    mov.f32 %f214, %f580;
    mov.u32 %r208, %r603;
    mov.f32 %f236, %f582;
    mov.f32 %f238, %f583;
    mov.f32 %f240, %f584;
    mov.f32 %f242, %f585;
    mov.f32 %f227, %f633;
    mov.f32 %f223, %f638;
    mov.f32 %f219, %f643;
    mov.f32 %f226, %f646;
    mov.f32 %f222, %f649;
    mov.f32 %f218, %f652;
    mov.f32 %f225, %f589;
    mov.f32 %f221, %f591;
    mov.f32 %f215, %f590;
    mov.f32 %f253, %f586;
    mov.f32 %f255, %f587;
    mov.f32 %f257, %f588;
    mov.f32 %f259, %f592;
    mov.f32 %f261, %f593;
    mov.f32 %f263, %f594;
    mov.f32 %f216, %f659;
    mov.f32 %f217, %f663;
    mov.f32 %f209, %f667;
    mov.u32 %r278, %r564;
    mov.u32 %r280, %r668;
    mov.f32 %f228, %f461;
    mov.f32 %f229, %f462;
    mov.f32 %f230, %f463;
    mov.f32 %f231, %f464;
    mov.f32 %f232, %f465;
    mov.f32 %f233, %f466;
    mov.f32 %f234, %f467;
    mov.f32 %f235, %f468;
    mov.u32 %r203, %r469;
    mov.f32 %f237, %f470;
    mov.f32 %f239, %f471;
    mov.f32 %f241, %f472;
    mov.f32 %f243, %f473;
    mov.f32 %f244, %f474;
    mov.f32 %f245, %f475;
    mov.f32 %f246, %f476;
    mov.f32 %f247, %f477;
    mov.f32 %f248, %f478;
    mov.f32 %f249, %f479;
    mov.f32 %f250, %f480;
    mov.f32 %f251, %f481;
    mov.f32 %f252, %f482;
    mov.f32 %f254, %f483;
    mov.f32 %f256, %f484;
    mov.f32 %f258, %f485;
    mov.f32 %f260, %f486;
    mov.f32 %f262, %f487;
    mov.f32 %f264, %f488;
    mov.f32 %f265, %f489;
    mov.f32 %f266, %f490;
    mov.f32 %f267, %f491;
    mov.f32 %f268, %f492;
    mov.f32 %f269, %f493;
    mov.f32 %f270, %f494;
    mov.f32 %f271, %f495;
    mov.f32 %f272, %f496;
    mov.f32 %f273, %f497;
    mov.f32 %f274, %f498;
    mov.f32 %f275, %f499;
    mov.f32 %f276, %f500;
    mov.f32 %f277, %f501;
    mov.u32 %r279, %r502;
    mov.u32 %r281, %r503;
    mov.pred %p204, %p402;
    mov.u32 %r210, %r567;
    mov.pred %p207, %p389;
    bra l_282_cond;

l_282_done:
    mov.u32 %r670, %r203;
    mov.f32 %f671, %f237;
    mov.f32 %f672, %f239;
    mov.f32 %f673, %f275;
    mov.f32 %f674, %f276;
    mov.f32 %f675, %f277;
    ld.const.u64 %rd676, [params+256];
    mov.b32 %r677, 0x0;
    setp.ne.u32 %p678, %r670, %r677;
    @!%p678 bra l_679_masked;
    mad.wide.u32 %rd3, %r670, 4, %rd676;
    ld.global.nc.u32 %r679, [%rd3];
    bra.uni l_679_done;

l_679_masked:
    mov.b32 %r679, 0;

l_679_done:
    mov.b64 %rd680, 0x0;
    mov.b64 %rd681, 0x5851f42d4c957f2d;
    mov.u32 %r682, %r0;
    ld.const.u64 %rd0, [params+264];
    ldu.global.u32 %r683, [%rd0];
    mov.b32 %r684, 0x4;
    shl.b32 %r685, %r682, %r684;
    mov.b32 %r686, 0xa341316c;
    add.u32 %r687, %r685, %r686;
    mov.b32 %r688, 0x9e3779b9;
    add.u32 %r689, %r682, %r688;
    xor.b32 %r690, %r687, %r689;
    mov.b32 %r691, 0x5;
    shr.u32 %r692, %r682, %r691;
    mov.b32 %r693, 0xc8013ea4;
    add.u32 %r694, %r692, %r693;
    xor.b32 %r695, %r690, %r694;
    add.u32 %r696, %r683, %r695;
    shl.b32 %r697, %r696, %r684;
    mov.b32 %r698, 0xad90777d;
    add.u32 %r699, %r697, %r698;
    add.u32 %r700, %r696, %r688;
    xor.b32 %r701, %r699, %r700;
    shr.u32 %r702, %r696, %r691;
    mov.b32 %r703, 0x7e95761e;
    add.u32 %r704, %r702, %r703;
    xor.b32 %r705, %r701, %r704;
    add.u32 %r706, %r682, %r705;
    shl.b32 %r707, %r706, %r684;
    add.u32 %r708, %r707, %r686;
    mov.b32 %r709, 0x3c6ef372;
    add.u32 %r710, %r706, %r709;
    xor.b32 %r711, %r708, %r710;
    shr.u32 %r712, %r706, %r691;
    add.u32 %r713, %r712, %r693;
    xor.b32 %r714, %r711, %r713;
    add.u32 %r715, %r696, %r714;
    shl.b32 %r716, %r715, %r684;
    add.u32 %r717, %r716, %r698;
    add.u32 %r718, %r715, %r709;
    xor.b32 %r719, %r717, %r718;
    shr.u32 %r720, %r715, %r691;
    add.u32 %r721, %r720, %r703;
    xor.b32 %r722, %r719, %r721;
    add.u32 %r723, %r706, %r722;
    shl.b32 %r724, %r723, %r684;
    add.u32 %r725, %r724, %r686;
    mov.b32 %r726, 0xdaa66d2b;
    add.u32 %r727, %r723, %r726;
    xor.b32 %r728, %r725, %r727;
    shr.u32 %r729, %r723, %r691;
    add.u32 %r730, %r729, %r693;
    xor.b32 %r731, %r728, %r730;
    add.u32 %r732, %r715, %r731;
    shl.b32 %r733, %r732, %r684;
    add.u32 %r734, %r733, %r698;
    add.u32 %r735, %r732, %r726;
    xor.b32 %r736, %r734, %r735;
    shr.u32 %r737, %r732, %r691;
    add.u32 %r738, %r737, %r703;
    xor.b32 %r739, %r736, %r738;
    add.u32 %r740, %r723, %r739;
    shl.b32 %r741, %r740, %r684;
    add.u32 %r742, %r741, %r686;
    mov.b32 %r743, 0x78dde6e4;
    add.u32 %r744, %r740, %r743;
    xor.b32 %r745, %r742, %r744;
    shr.u32 %r746, %r740, %r691;
    add.u32 %r747, %r746, %r693;
    xor.b32 %r748, %r745, %r747;
    add.u32 %r749, %r732, %r748;
    shl.b32 %r750, %r749, %r684;
    add.u32 %r751, %r750, %r698;
    add.u32 %r752, %r749, %r743;
    xor.b32 %r753, %r751, %r752;
    shr.u32 %r754, %r749, %r691;
    add.u32 %r755, %r754, %r703;
    xor.b32 %r756, %r753, %r755;
    add.u32 %r757, %r740, %r756;
    cvt.u64.u32 %rd758, %r757;
    mov.b64 %rd759, 0x1;
    cvt.u32.u64 %r3, %rd759;
    shl.b64 %rd760, %rd758, %r3;
    or.b64 %rd761, %rd760, %rd759;
    mad.lo.u64 %rd762, %rd680, %rd681, %rd761;
    cvt.u64.u32 %rd763, %r749;
    add.u64 %rd764, %rd762, %rd763;
    mad.lo.u64 %rd765, %rd764, %rd681, %rd761;
    mov.b64 %rd766, 0x12;
    cvt.u32.u64 %r3, %rd766;
    shr.u64 %rd767, %rd765, %r3;
    xor.b64 %rd768, %rd767, %rd765;
    mov.b64 %rd769, 0x1b;
    cvt.u32.u64 %r3, %rd769;
    shr.u64 %rd770, %rd768, %r3;
    cvt.u32.u64 %r771, %rd770;
    mov.b64 %rd772, 0x3b;
    cvt.u32.u64 %r3, %rd772;
    shr.u64 %rd773, %rd765, %r3;
    cvt.u32.u64 %r774, %rd773;
    shr.u32 %r775, %r771, %r774;
    mov.b32 %r776, %r774;
    neg.s32 %r777, %r776;
    mov.b32 %r778, 0x1f;
    and.b32 %r779, %r777, %r778;
    mov.b32 %r780, %r779;
    shl.b32 %r781, %r771, %r780;
    or.b32 %r782, %r775, %r781;
    mov.b32 %r783, 0x9;
    shr.u32 %r784, %r782, %r783;
    mov.b32 %r785, 0x3f800000;
    or.b32 %r786, %r784, %r785;
    mov.b32 %f787, %r786;
    mov.b32 %f788, 0x3f800000;
    sub.ftz.f32 %f789, %f787, %f788;
    mad.lo.u64 %rd790, %rd765, %rd681, %rd761;
    cvt.u32.u64 %r3, %rd766;
    shr.u64 %rd791, %rd790, %r3;
    xor.b64 %rd792, %rd791, %rd790;
    cvt.u32.u64 %r3, %rd769;
    shr.u64 %rd793, %rd792, %r3;
    cvt.u32.u64 %r794, %rd793;
    cvt.u32.u64 %r3, %rd772;
    shr.u64 %rd795, %rd790, %r3;
    cvt.u32.u64 %r796, %rd795;
    shr.u32 %r797, %r794, %r796;
    mov.b32 %r798, %r796;
    neg.s32 %r799, %r798;
    and.b32 %r800, %r799, %r778;
    mov.b32 %r801, %r800;
    shl.b32 %r802, %r794, %r801;
    or.b32 %r803, %r797, %r802;
    shr.u32 %r804, %r803, %r783;
    or.b32 %r805, %r804, %r785;
    mov.b32 %f806, %r805;
    sub.ftz.f32 %f807, %f806, %f788;
    mad.lo.u64 %rd808, %rd790, %rd681, %rd761;
    cvt.u32.u64 %r3, %rd766;
    shr.u64 %rd809, %rd808, %r3;
    xor.b64 %rd810, %rd809, %rd808;
    cvt.u32.u64 %r3, %rd769;
    shr.u64 %rd811, %rd810, %r3;
    cvt.u32.u64 %r812, %rd811;
    cvt.u32.u64 %r3, %rd772;
    shr.u64 %rd813, %rd808, %r3;
    cvt.u32.u64 %r814, %rd813;
    shr.u32 %r815, %r812, %r814;
    mov.b32 %r816, %r814;
    neg.s32 %r817, %r816;
    and.b32 %r818, %r817, %r778;
    mov.b32 %r819, %r818;
    shl.b32 %r820, %r812, %r819;
    or.b32 %r821, %r815, %r820;
    shr.u32 %r822, %r821, %r783;
    or.b32 %r823, %r822, %r785;
    mov.b32 %f824, %r823;
    sub.ftz.f32 %f825, %f824, %f788;
    mov.b32 %r826, 0x0;
    setp.ne.u32 %p827, %r679, %r826;
    ld.const.u64 %rd828, [params+272];
    ld.const.u64 %rd829, [params+280];

    @!%p827 bra l_masked_830;

    { // VCall: mitsuba::BSDF::sample()

        mad.wide.u32 %rd3, %r679, 8, %rd828;
        ld.global.u64 %rd3, [%rd3];
        cvt.u32.u64 %r3, %rd3;
        call (%rd2), _optix_call_direct_callable, (%r3);
        shr.u64 %rd3, %rd3, 32;
        add.u64 %rd3, %rd3, %rd829;

        {
            proto: .callprototype (.param .align 4 .b8 result[40]) _(.reg .u64 data, .param .align 4 .b8 params[32]);
            .param .align 4 .b8 out[40];
            .param .align 4 .b8 in[32];
            st.param.f32 [in+0], %f671;
            st.param.f32 [in+4], %f672;
            st.param.f32 [in+8], %f673;
            st.param.f32 [in+12], %f674;
            st.param.f32 [in+16], %f675;
            st.param.f32 [in+20], %f789;
            st.param.f32 [in+24], %f807;
            st.param.f32 [in+28], %f825;
            call (out), %rd2, (%rd3, in), proto;
            ld.param.f32 %f831, [out+28];
            ld.param.f32 %f832, [out+32];
            ld.param.f32 %f833, [out+36];
        }

        bra.uni l_done_830;
    }

l_masked_830:
    mov.b32 %f831, 0;
    mov.b32 %f832, 0;
    mov.b32 %f833, 0;

l_done_830:
    ld.const.u64 %rd834, [params+288];
    mov.u32 %r835, %r0;
    mov.b32 %r836, 0x3;
    mul.lo.u32 %r837, %r835, %r836;
    mov.pred %p838, 0x1;
    mad.wide.u32 %rd3, %r837, 4, %rd834;
    st.global.f32 [%rd3], %f831;
    mov.b32 %r840, 0x1;
    add.u32 %r841, %r837, %r840;
    mad.wide.u32 %rd3, %r841, 4, %rd834;
    st.global.f32 [%rd3], %f832;
    mov.b32 %r843, 0x2;
    add.u32 %r844, %r837, %r843;
    mad.wide.u32 %rd3, %r844, 4, %rd834;
    st.global.f32 [%rd3], %f833;
    ret;
}

.visible .func (.param .align 4 .b8 result[12]) __direct_callable__1e4dd3bb4f4a43b90960888763f811da(.reg .u64 data, .param .align 4 .b8 params[24]) {
    // VCall: mitsuba::BSDF::sample()
    .reg.b8   %b <36>; .reg.b16 %w<36>; .reg.b32 %r<36>;
    .reg.b64  %rd<36>; .reg.f32 %f<36>; .reg.f64 %d<36>;
    .reg.pred %p <36>;

    mov.b32 %f4, 0x40000000;
    ld.param.f32 %f5, [params+16];
    mov.b32 %f6, 0xbf800000;
    fma.rn.ftz.f32 %f7, %f4, %f5, %f6;
    abs.f32 %f8, %f7;
    ld.param.f32 %f9, [params+20];
    fma.rn.ftz.f32 %f10, %f4, %f9, %f6;
    abs.f32 %f11, %f10;
    setp.lt.f32 %p12, %f8, %f11;
    selp.f32 %f13, %f10, %f7, %p12;
    mov.b32 %f14, 0x0;
    setp.eq.f32 %p15, %f7, %f14;
    setp.eq.f32 %p16, %f10, %f14;
    and.pred %p17, %p15, %p16;
    mov.b32 %f18, 0x3fc90fdb;
    mov.b32 %f19, 0x3f490fdb;
    selp.f32 %f20, %f7, %f10, %p12;
    mul.ftz.f32 %f21, %f19, %f20;
    div.approx.ftz.f32 %f22, %f21, %f13;
    sub.ftz.f32 %f23, %f18, %f22;
    selp.f32 %f24, %f23, %f22, %p12;
    selp.f32 %f25, %f14, %f24, %p17;
    cos.approx.ftz.f32 %f26, %f25;
    mul.ftz.f32 %f27, %f13, %f26;
    sin.approx.ftz.f32 %f28, %f25;
    mul.ftz.f32 %f29, %f13, %f28;
    mov.b32 %f30, 0x3f800000;
    mul.ftz.f32 %f31, %f27, %f27;
    fma.rn.ftz.f32 %f32, %f29, %f29, %f31;
    sub.ftz.f32 %f33, %f30, %f32;
    max.ftz.f32 %f34, %f33, %f14;
    sqrt.approx.ftz.f32 %f35, %f34;
    st.param.f32 [result+0], %f27;
    st.param.f32 [result+4], %f29;
    st.param.f32 [result+8], %f35;
    ret;
}

.visible .func (.param .align 4 .b8 result[40]) __direct_callable__203403e6f04f88a9a64c84338253d9a1(.reg .u64 data, .param .align 4 .b8 params[32]) {
    // VCall: mitsuba::BSDF::sample()
    .reg.b8   %b <50>; .reg.b16 %w<50>; .reg.b32 %r<50>;
    .reg.b64  %rd<50>; .reg.f32 %f<50>; .reg.f64 %d<50>;
    .reg.pred %p <50>;

    ld.global.f32 %f4, [data+0];
    ld.global.f32 %f5, [data+4];
    ld.global.f32 %f6, [data+8];
    mov.b32 %f7, 0x40000000;
    ld.param.f32 %f8, [params+24];
    mov.b32 %f9, 0xbf800000;
    fma.rn.ftz.f32 %f10, %f7, %f8, %f9;
    abs.f32 %f11, %f10;
    ld.param.f32 %f12, [params+28];
    fma.rn.ftz.f32 %f13, %f7, %f12, %f9;
    abs.f32 %f14, %f13;
    setp.lt.f32 %p15, %f11, %f14;
    selp.f32 %f16, %f13, %f10, %p15;
    mov.b32 %f17, 0x0;
    setp.eq.f32 %p18, %f10, %f17;
    setp.eq.f32 %p19, %f13, %f17;
    and.pred %p20, %p18, %p19;
    mov.b32 %f21, 0x3fc90fdb;
    mov.b32 %f22, 0x3f490fdb;
    selp.f32 %f23, %f10, %f13, %p15;
    mul.ftz.f32 %f24, %f22, %f23;
    div.approx.ftz.f32 %f25, %f24, %f16;
    sub.ftz.f32 %f26, %f21, %f25;
    selp.f32 %f27, %f26, %f25, %p15;
    selp.f32 %f28, %f17, %f27, %p20;
    cos.approx.ftz.f32 %f29, %f28;
    mul.ftz.f32 %f30, %f16, %f29;
    sin.approx.ftz.f32 %f31, %f28;
    mul.ftz.f32 %f32, %f16, %f31;
    mov.b32 %f33, 0x3f800000;
    mul.ftz.f32 %f34, %f30, %f30;
    fma.rn.ftz.f32 %f35, %f32, %f32, %f34;
    sub.ftz.f32 %f36, %f33, %f35;
    max.ftz.f32 %f37, %f36, %f17;
    sqrt.approx.ftz.f32 %f38, %f37;
    mov.b32 %f39, 0x3ea2f983;
    mul.ftz.f32 %f40, %f39, %f38;
    mov.b32 %r41, 0x2;
    mov.b32 %r42, 0x0;
    ld.param.f32 %f43, [params+16];
    setp.gt.f32 %p44, %f43, %f17;
    setp.gt.f32 %p45, %f40, %f17;
    and.pred %p46, %p44, %p45;
    selp.b32 %f47, %f4, 0, %p46;
    selp.b32 %f48, %f5, 0, %p46;
    selp.b32 %f49, %f6, 0, %p46;
    st.param.f32 [result+0], %f30;
    st.param.f32 [result+4], %f32;
    st.param.f32 [result+8], %f38;
    st.param.f32 [result+12], %f40;
    st.param.f32 [result+16], %f33;
    st.param.u32 [result+20], %r41;
    st.param.u32 [result+24], %r42;
    st.param.f32 [result+28], %f47;
    st.param.f32 [result+32], %f48;
    st.param.f32 [result+36], %f49;
    ret;
}

.visible .func (.param .align 4 .b8 result[40]) __direct_callable__3f116f31549d286144ecfe2091f3ef0d(.reg .u64 data, .param .align 4 .b8 params[32]) {
    // VCall: mitsuba::BSDF::sample()
    .reg.b8   %b <637>; .reg.b16 %w<637>; .reg.b32 %r<637>;
    .reg.b64  %rd<637>; .reg.f32 %f<637>; .reg.f64 %d<637>;
    .reg.pred %p <637>;

    ld.global.f32 %f4, [data+4];
    ld.global.f32 %f5, [data+8];
    ld.global.f32 %f6, [data+12];
    ld.global.f32 %f7, [data+16];
    ld.global.f32 %f8, [data+20];
    ld.global.f32 %f9, [data+24];
    ld.global.f32 %f10, [data+28];
    ld.global.f32 %f11, [data+32];
    ld.global.f32 %f12, [data+36];
    ld.global.f32 %f13, [data+0];
    mov.b32 %f14, 0x38d1b717;
    max.ftz.f32 %f15, %f13, %f14;
    ld.param.f32 %f16, [params+8];
    mul.ftz.f32 %f17, %f15, %f16;
    ld.param.f32 %f18, [params+16];
    ld.param.f32 %f19, [params+12];
    mul.ftz.f32 %f20, %f15, %f19;
    mul.ftz.f32 %f21, %f17, %f17;
    fma.rn.ftz.f32 %f22, %f20, %f20, %f21;
    fma.rn.ftz.f32 %f23, %f18, %f18, %f22;
    rsqrt.approx.ftz.f32 %f24, %f23;
    mul.ftz.f32 %f25, %f17, %f24;
    mul.ftz.f32 %f26, %f20, %f24;
    mul.ftz.f32 %f27, %f26, %f26;
    fma.rn.ftz.f32 %f28, %f25, %f25, %f27;
    abs.f32 %f29, %f28;
    mov.b32 %f30, 0x34800000;
    setp.le.f32 %p31, %f29, %f30;
    mov.b32 %f32, 0x3f800000;
    rsqrt.approx.ftz.f32 %f33, %f28;
    mul.ftz.f32 %f34, %f25, %f33;
    min.ftz.f32 %f35, %f34, %f32;
    mov.b32 %f36, 0xbf800000;
    max.ftz.f32 %f37, %f35, %f36;
    selp.f32 %f38, %f32, %f37, %p31;
    mul.ftz.f32 %f39, %f18, %f24;
    neg.ftz.f32 %f40, %f39;
    fma.rn.ftz.f32 %f41, %f39, %f40, %f32;
    mov.b32 %f42, 0x0;
    max.ftz.f32 %f43, %f41, %f42;
    sqrt.approx.ftz.f32 %f44, %f43;
    div.approx.ftz.f32 %f45, %f44, %f39;
    rcp.approx.ftz.f32 %f46, %f45;
    abs.f32 %f47, %f46;
    setp.lt.f32 %p48, %f47, %f32;
    mul.ftz.f32 %f49, %f46, %f46;
    mul.ftz.f32 %f50, %f49, %f49;
    mul.ftz.f32 %f51, %f50, %f50;
    mul.ftz.f32 %f52, %f51, %f51;
    mov.b32 %f53, 0xb055d725;
    mov.b32 %f54, 0x326b8d88;
    fma.rn.ftz.f32 %f55, %f49, %f53, %f54;
    mov.b32 %f56, 0xb42e0393;
    mov.b32 %f57, 0x35dcbfea;
    fma.rn.ftz.f32 %f58, %f49, %f56, %f57;
    fma.rn.ftz.f32 %f59, %f50, %f55, %f58;
    mov.b32 %f60, 0xb77a6527;
    mov.b32 %f61, 0x38fcd15d;
    fma.rn.ftz.f32 %f62, %f49, %f60, %f61;
    mov.b32 %f63, 0xba6016d8;
    mov.b32 %f64, 0x3bab2de6;
    fma.rn.ftz.f32 %f65, %f49, %f63, %f64;
    fma.rn.ftz.f32 %f66, %f50, %f62, %f65;
    mov.b32 %f67, 0xbcdc1672;
    mov.b32 %f68, 0x3de71791;
    fma.rn.ftz.f32 %f69, %f49, %f67, %f68;
    mov.b32 %f70, 0xbec093a3;
    mov.b32 %f71, 0x3f906ebb;
    fma.rn.ftz.f32 %f72, %f49, %f70, %f71;
    fma.rn.ftz.f32 %f73, %f50, %f69, %f72;
    fma.rn.ftz.f32 %f74, %f51, %f66, %f73;
    fma.rn.ftz.f32 %f75, %f52, %f59, %f74;
    mul.ftz.f32 %f76, %f46, %f75;
    mul.ftz.f32 %f77, %f47, %f47;
    mul.ftz.f32 %f78, %f77, %f77;
    mov.b32 %f79, 0xb9cd1e1c;
    mov.b32 %f80, 0xbc327bfe;
    fma.rn.ftz.f32 %f81, %f47, %f79, %f80;
    mov.b32 %f82, 0xbdce6dbf;
    mov.b32 %f83, 0xbefd92d0;
    fma.rn.ftz.f32 %f84, %f47, %f82, %f83;
    fma.rn.ftz.f32 %f85, %f77, %f81, %f84;
    mov.b32 %f86, 0xbfbda45c;
    mov.b32 %f87, 0xc031cf5c;
    fma.rn.ftz.f32 %f88, %f47, %f86, %f87;
    mov.b32 %f89, 0xc045d94b;
    mov.b32 %f90, 0xbfd05f42;
    fma.rn.ftz.f32 %f91, %f47, %f89, %f90;
    fma.rn.ftz.f32 %f92, %f77, %f88, %f91;
    fma.rn.ftz.f32 %f93, %f78, %f85, %f92;
    mov.b32 %f94, 0xb001e898;
    mov.b32 %f95, 0x398e350d;
    fma.rn.ftz.f32 %f96, %f47, %f94, %f95;
    mov.b32 %f97, 0x3bf73fc8;
    mov.b32 %f98, 0x3d8c7442;
    fma.rn.ftz.f32 %f99, %f47, %f97, %f98;
    fma.rn.ftz.f32 %f100, %f77, %f96, %f99;
    mov.b32 %f101, 0x3ea34427;
    mov.b32 %f102, 0x3f5ccc80;
    fma.rn.ftz.f32 %f103, %f47, %f101, %f102;
    mov.b32 %f104, 0x3faadae8;
    fma.rn.ftz.f32 %f105, %f47, %f104, %f32;
    fma.rn.ftz.f32 %f106, %f77, %f103, %f105;
    fma.rn.ftz.f32 %f107, %f78, %f100, %f106;
    div.approx.ftz.f32 %f108, %f93, %f107;
    mul.ftz.f32 %f109, %f108, %f47;
    ex2.approx.ftz.f32 %f110, %f109;
    sub.ftz.f32 %f111, %f32, %f110;
    abs.f32 %f112, %f111;
    mov.b32 %f113, 0x7f800000;
    setp.lt.f32 %p114, %f112, %f113;
    selp.f32 %f115, %f111, %f32, %p114;
    abs.f32 %f116, %f115;
    mov.b32 %f117, 0x80000000;
    and.b32 %f118, %f117, %f46;
    or.b32 %f119, %f116, %f118;
    selp.f32 %f120, %f76, %f119, %p48;
    add.ftz.f32 %f121, %f120, %f32;
    ld.param.f32 %f122, [params+24];
    mov.b32 %f123, 0x3f7fffef;
    min.ftz.f32 %f124, %f122, %f123;
    mov.b32 %f125, 0x358637bd;
    max.ftz.f32 %f126, %f124, %f125;
    lg2.approx.ftz.f32 %f127, %f126;
    mov.b32 %f128, 0x3f317218;
    mul.ftz.f32 %f129, %f127, %f128;
    neg.ftz.f32 %f130, %f129;
    sqrt.approx.ftz.f32 %f131, %f130;
    abs.f32 %f132, %f131;
    setp.lt.f32 %p133, %f132, %f32;
    mul.ftz.f32 %f134, %f131, %f131;
    mul.ftz.f32 %f135, %f134, %f134;
    mul.ftz.f32 %f136, %f135, %f135;
    mul.ftz.f32 %f137, %f136, %f136;
    fma.rn.ftz.f32 %f138, %f134, %f53, %f54;
    fma.rn.ftz.f32 %f139, %f134, %f56, %f57;
    fma.rn.ftz.f32 %f140, %f135, %f138, %f139;
    fma.rn.ftz.f32 %f141, %f134, %f60, %f61;
    fma.rn.ftz.f32 %f142, %f134, %f63, %f64;
    fma.rn.ftz.f32 %f143, %f135, %f141, %f142;
    fma.rn.ftz.f32 %f144, %f134, %f67, %f68;
    fma.rn.ftz.f32 %f145, %f134, %f70, %f71;
    fma.rn.ftz.f32 %f146, %f135, %f144, %f145;
    fma.rn.ftz.f32 %f147, %f136, %f143, %f146;
    fma.rn.ftz.f32 %f148, %f137, %f140, %f147;
    mul.ftz.f32 %f149, %f131, %f148;
    mul.ftz.f32 %f150, %f132, %f132;
    mul.ftz.f32 %f151, %f150, %f150;
    fma.rn.ftz.f32 %f152, %f132, %f79, %f80;
    fma.rn.ftz.f32 %f153, %f132, %f82, %f83;
    fma.rn.ftz.f32 %f154, %f150, %f152, %f153;
    fma.rn.ftz.f32 %f155, %f132, %f86, %f87;
    fma.rn.ftz.f32 %f156, %f132, %f89, %f90;
    fma.rn.ftz.f32 %f157, %f150, %f155, %f156;
    fma.rn.ftz.f32 %f158, %f151, %f154, %f157;
    fma.rn.ftz.f32 %f159, %f132, %f94, %f95;
    fma.rn.ftz.f32 %f160, %f132, %f97, %f98;
    fma.rn.ftz.f32 %f161, %f150, %f159, %f160;
    fma.rn.ftz.f32 %f162, %f132, %f101, %f102;
    fma.rn.ftz.f32 %f163, %f132, %f104, %f32;
    fma.rn.ftz.f32 %f164, %f150, %f162, %f163;
    fma.rn.ftz.f32 %f165, %f151, %f161, %f164;
    div.approx.ftz.f32 %f166, %f158, %f165;
    mul.ftz.f32 %f167, %f166, %f132;
    ex2.approx.ftz.f32 %f168, %f167;
    sub.ftz.f32 %f169, %f32, %f168;
    abs.f32 %f170, %f169;
    setp.lt.f32 %p171, %f170, %f113;
    selp.f32 %f172, %f169, %f32, %p171;
    abs.f32 %f173, %f172;
    and.b32 %f174, %f117, %f131;
    or.b32 %f175, %f173, %f174;
    selp.f32 %f176, %f149, %f175, %p133;
    mul.ftz.f32 %f177, %f121, %f176;
    sub.ftz.f32 %f178, %f120, %f177;
    add.ftz.f32 %f179, %f32, %f178;
    mov.b32 %f180, 0x3f106ebb;
    mul.ftz.f32 %f181, %f180, %f45;
    mov.b32 %f182, 0x3fb8aa3b;
    sub.ftz.f32 %f183, %f32, %f178;
    mul.ftz.f32 %f184, %f183, %f179;
    lg2.approx.ftz.f32 %f185, %f184;
    mul.ftz.f32 %f186, %f185, %f128;
    neg.ftz.f32 %f187, %f186;
    mov.b32 %f188, 0x40a00000;
    setp.lt.f32 %p189, %f187, %f188;
    mov.b32 %f190, 0x40200000;
    sub.ftz.f32 %f191, %f187, %f190;
    mul.ftz.f32 %f192, %f191, %f191;
    mul.ftz.f32 %f193, %f192, %f192;
    mul.ftz.f32 %f194, %f193, %f193;
    mov.b32 %f195, 0x32f16588;
    mov.b32 %f196, 0x34b84b36;
    mov.b32 %f197, 0xb66c7357;
    fma.rn.ftz.f32 %f198, %f191, %f196, %f197;
    mov.b32 %f199, 0xb6935ac1;
    mov.b32 %f200, 0x396532db;
    fma.rn.ftz.f32 %f201, %f191, %f199, %f200;
    fma.rn.ftz.f32 %f202, %f192, %f198, %f201;
    mov.b32 %f203, 0xbaa45408;
    mov.b32 %f204, 0xbb88e4ef;
    fma.rn.ftz.f32 %f205, %f191, %f203, %f204;
    mov.b32 %f206, 0x3e7c8f63;
    mov.b32 %f207, 0x3fc02e2f;
    fma.rn.ftz.f32 %f208, %f191, %f206, %f207;
    fma.rn.ftz.f32 %f209, %f192, %f205, %f208;
    fma.rn.ftz.f32 %f210, %f193, %f202, %f209;
    fma.rn.ftz.f32 %f211, %f194, %f195, %f210;
    sqrt.approx.ftz.f32 %f212, %f187;
    mov.b32 %f213, 0x40400000;
    sub.ftz.f32 %f214, %f212, %f213;
    mul.ftz.f32 %f215, %f214, %f214;
    mul.ftz.f32 %f216, %f215, %f215;
    mul.ftz.f32 %f217, %f216, %f216;
    mov.b32 %f218, 0xb951f09b;
    mov.b32 %f219, 0x38d3b56b;
    mov.b32 %f220, 0x3ab0dc72;
    fma.rn.ftz.f32 %f221, %f214, %f219, %f220;
    mov.b32 %f222, 0xbb70bde7;
    mov.b32 %f223, 0x3bbc127b;
    fma.rn.ftz.f32 %f224, %f214, %f222, %f223;
    fma.rn.ftz.f32 %f225, %f215, %f221, %f224;
    mov.b32 %f226, 0xbbf9c5d7;
    mov.b32 %f227, 0x3c1aa57e;
    fma.rn.ftz.f32 %f228, %f214, %f226, %f227;
    mov.b32 %f229, 0x3f8036db;
    mov.b32 %f230, 0x40354f7e;
    fma.rn.ftz.f32 %f231, %f214, %f229, %f230;
    fma.rn.ftz.f32 %f232, %f215, %f228, %f231;
    fma.rn.ftz.f32 %f233, %f216, %f225, %f232;
    fma.rn.ftz.f32 %f234, %f217, %f218, %f233;
    selp.f32 %f235, %f211, %f234, %p189;
    mul.ftz.f32 %f236, %f235, %f178;
    mul.ftz.f32 %f237, %f236, %f236;
    neg.ftz.f32 %f238, %f237;
    mul.ftz.f32 %f239, %f182, %f238;
    ex2.approx.ftz.f32 %f240, %f239;
    mul.ftz.f32 %f241, %f181, %f240;
    add.ftz.f32 %f242, %f179, %f241;
    add.ftz.f32 %f243, %f32, %f120;
    neg.ftz.f32 %f244, %f49;
    mul.ftz.f32 %f245, %f182, %f244;
    ex2.approx.ftz.f32 %f246, %f245;
    mul.ftz.f32 %f247, %f181, %f246;
    add.ftz.f32 %f248, %f243, %f247;
    mul.ftz.f32 %f249, %f126, %f248;
    sub.ftz.f32 %f250, %f242, %f249;
    mul.ftz.f32 %f251, %f236, %f45;
    sub.ftz.f32 %f252, %f32, %f251;
    div.approx.ftz.f32 %f253, %f250, %f252;
    sub.ftz.f32 %f254, %f178, %f253;
    add.ftz.f32 %f255, %f32, %f254;
    sub.ftz.f32 %f256, %f32, %f254;
    mul.ftz.f32 %f257, %f256, %f255;
    lg2.approx.ftz.f32 %f258, %f257;
    mul.ftz.f32 %f259, %f258, %f128;
    neg.ftz.f32 %f260, %f259;
    setp.lt.f32 %p261, %f260, %f188;
    sub.ftz.f32 %f262, %f260, %f190;
    mul.ftz.f32 %f263, %f262, %f262;
    mul.ftz.f32 %f264, %f263, %f263;
    mul.ftz.f32 %f265, %f264, %f264;
    fma.rn.ftz.f32 %f266, %f262, %f196, %f197;
    fma.rn.ftz.f32 %f267, %f262, %f199, %f200;
    fma.rn.ftz.f32 %f268, %f263, %f266, %f267;
    fma.rn.ftz.f32 %f269, %f262, %f203, %f204;
    fma.rn.ftz.f32 %f270, %f262, %f206, %f207;
    fma.rn.ftz.f32 %f271, %f263, %f269, %f270;
    fma.rn.ftz.f32 %f272, %f264, %f268, %f271;
    fma.rn.ftz.f32 %f273, %f265, %f195, %f272;
    sqrt.approx.ftz.f32 %f274, %f260;
    sub.ftz.f32 %f275, %f274, %f213;
    mul.ftz.f32 %f276, %f275, %f275;
    mul.ftz.f32 %f277, %f276, %f276;
    mul.ftz.f32 %f278, %f277, %f277;
    fma.rn.ftz.f32 %f279, %f275, %f219, %f220;
    fma.rn.ftz.f32 %f280, %f275, %f222, %f223;
    fma.rn.ftz.f32 %f281, %f276, %f279, %f280;
    fma.rn.ftz.f32 %f282, %f275, %f226, %f227;
    fma.rn.ftz.f32 %f283, %f275, %f229, %f230;
    fma.rn.ftz.f32 %f284, %f276, %f282, %f283;
    fma.rn.ftz.f32 %f285, %f277, %f281, %f284;
    fma.rn.ftz.f32 %f286, %f278, %f218, %f285;
    selp.f32 %f287, %f273, %f286, %p261;
    mul.ftz.f32 %f288, %f287, %f254;
    mul.ftz.f32 %f289, %f288, %f288;
    neg.ftz.f32 %f290, %f289;
    mul.ftz.f32 %f291, %f182, %f290;
    ex2.approx.ftz.f32 %f292, %f291;
    mul.ftz.f32 %f293, %f181, %f292;
    add.ftz.f32 %f294, %f255, %f293;
    sub.ftz.f32 %f295, %f294, %f249;
    mul.ftz.f32 %f296, %f288, %f45;
    sub.ftz.f32 %f297, %f32, %f296;
    div.approx.ftz.f32 %f298, %f295, %f297;
    sub.ftz.f32 %f299, %f254, %f298;
    add.ftz.f32 %f300, %f32, %f299;
    sub.ftz.f32 %f301, %f32, %f299;
    mul.ftz.f32 %f302, %f301, %f300;
    lg2.approx.ftz.f32 %f303, %f302;
    mul.ftz.f32 %f304, %f303, %f128;
    neg.ftz.f32 %f305, %f304;
    setp.lt.f32 %p306, %f305, %f188;
    sub.ftz.f32 %f307, %f305, %f190;
    mul.ftz.f32 %f308, %f307, %f307;
    mul.ftz.f32 %f309, %f308, %f308;
    mul.ftz.f32 %f310, %f309, %f309;
    fma.rn.ftz.f32 %f311, %f307, %f196, %f197;
    fma.rn.ftz.f32 %f312, %f307, %f199, %f200;
    fma.rn.ftz.f32 %f313, %f308, %f311, %f312;
    fma.rn.ftz.f32 %f314, %f307, %f203, %f204;
    fma.rn.ftz.f32 %f315, %f307, %f206, %f207;
    fma.rn.ftz.f32 %f316, %f308, %f314, %f315;
    fma.rn.ftz.f32 %f317, %f309, %f313, %f316;
    fma.rn.ftz.f32 %f318, %f310, %f195, %f317;
    sqrt.approx.ftz.f32 %f319, %f305;
    sub.ftz.f32 %f320, %f319, %f213;
    mul.ftz.f32 %f321, %f320, %f320;
    mul.ftz.f32 %f322, %f321, %f321;
    mul.ftz.f32 %f323, %f322, %f322;
    fma.rn.ftz.f32 %f324, %f320, %f219, %f220;
    fma.rn.ftz.f32 %f325, %f320, %f222, %f223;
    fma.rn.ftz.f32 %f326, %f321, %f324, %f325;
    fma.rn.ftz.f32 %f327, %f320, %f226, %f227;
    fma.rn.ftz.f32 %f328, %f320, %f229, %f230;
    fma.rn.ftz.f32 %f329, %f321, %f327, %f328;
    fma.rn.ftz.f32 %f330, %f322, %f326, %f329;
    fma.rn.ftz.f32 %f331, %f323, %f218, %f330;
    selp.f32 %f332, %f318, %f331, %p306;
    mul.ftz.f32 %f333, %f332, %f299;
    mul.ftz.f32 %f334, %f333, %f333;
    neg.ftz.f32 %f335, %f334;
    mul.ftz.f32 %f336, %f182, %f335;
    ex2.approx.ftz.f32 %f337, %f336;
    mul.ftz.f32 %f338, %f181, %f337;
    add.ftz.f32 %f339, %f300, %f338;
    sub.ftz.f32 %f340, %f339, %f249;
    mul.ftz.f32 %f341, %f333, %f45;
    sub.ftz.f32 %f342, %f32, %f341;
    div.approx.ftz.f32 %f343, %f340, %f342;
    sub.ftz.f32 %f344, %f299, %f343;
    sub.ftz.f32 %f345, %f32, %f344;
    add.ftz.f32 %f346, %f32, %f344;
    mul.ftz.f32 %f347, %f345, %f346;
    lg2.approx.ftz.f32 %f348, %f347;
    mul.ftz.f32 %f349, %f348, %f128;
    neg.ftz.f32 %f350, %f349;
    setp.lt.f32 %p351, %f350, %f188;
    sub.ftz.f32 %f352, %f350, %f190;
    mul.ftz.f32 %f353, %f352, %f352;
    mul.ftz.f32 %f354, %f353, %f353;
    mul.ftz.f32 %f355, %f354, %f354;
    fma.rn.ftz.f32 %f356, %f352, %f196, %f197;
    fma.rn.ftz.f32 %f357, %f352, %f199, %f200;
    fma.rn.ftz.f32 %f358, %f353, %f356, %f357;
    fma.rn.ftz.f32 %f359, %f352, %f203, %f204;
    fma.rn.ftz.f32 %f360, %f352, %f206, %f207;
    fma.rn.ftz.f32 %f361, %f353, %f359, %f360;
    fma.rn.ftz.f32 %f362, %f354, %f358, %f361;
    fma.rn.ftz.f32 %f363, %f355, %f195, %f362;
    sqrt.approx.ftz.f32 %f364, %f350;
    sub.ftz.f32 %f365, %f364, %f213;
    mul.ftz.f32 %f366, %f365, %f365;
    mul.ftz.f32 %f367, %f366, %f366;
    mul.ftz.f32 %f368, %f367, %f367;
    fma.rn.ftz.f32 %f369, %f365, %f219, %f220;
    fma.rn.ftz.f32 %f370, %f365, %f222, %f223;
    fma.rn.ftz.f32 %f371, %f366, %f369, %f370;
    fma.rn.ftz.f32 %f372, %f365, %f226, %f227;
    fma.rn.ftz.f32 %f373, %f365, %f229, %f230;
    fma.rn.ftz.f32 %f374, %f366, %f372, %f373;
    fma.rn.ftz.f32 %f375, %f367, %f371, %f374;
    fma.rn.ftz.f32 %f376, %f368, %f218, %f375;
    selp.f32 %f377, %f363, %f376, %p351;
    mul.ftz.f32 %f378, %f377, %f344;
    mul.ftz.f32 %f379, %f26, %f33;
    min.ftz.f32 %f380, %f379, %f32;
    max.ftz.f32 %f381, %f380, %f36;
    selp.f32 %f382, %f42, %f381, %p31;
    mov.b32 %f383, 0x40000000;
    ld.param.f32 %f384, [params+28];
    min.ftz.f32 %f385, %f384, %f123;
    max.ftz.f32 %f386, %f385, %f125;
    fma.rn.ftz.f32 %f387, %f383, %f386, %f36;
    sub.ftz.f32 %f388, %f32, %f387;
    add.ftz.f32 %f389, %f32, %f387;
    mul.ftz.f32 %f390, %f388, %f389;
    lg2.approx.ftz.f32 %f391, %f390;
    mul.ftz.f32 %f392, %f391, %f128;
    neg.ftz.f32 %f393, %f392;
    setp.lt.f32 %p394, %f393, %f188;
    sub.ftz.f32 %f395, %f393, %f190;
    mul.ftz.f32 %f396, %f395, %f395;
    mul.ftz.f32 %f397, %f396, %f396;
    mul.ftz.f32 %f398, %f397, %f397;
    fma.rn.ftz.f32 %f399, %f395, %f196, %f197;
    fma.rn.ftz.f32 %f400, %f395, %f199, %f200;
    fma.rn.ftz.f32 %f401, %f396, %f399, %f400;
    fma.rn.ftz.f32 %f402, %f395, %f203, %f204;
    fma.rn.ftz.f32 %f403, %f395, %f206, %f207;
    fma.rn.ftz.f32 %f404, %f396, %f402, %f403;
    fma.rn.ftz.f32 %f405, %f397, %f401, %f404;
    fma.rn.ftz.f32 %f406, %f398, %f195, %f405;
    sqrt.approx.ftz.f32 %f407, %f393;
    sub.ftz.f32 %f408, %f407, %f213;
    mul.ftz.f32 %f409, %f408, %f408;
    mul.ftz.f32 %f410, %f409, %f409;
    mul.ftz.f32 %f411, %f410, %f410;
    fma.rn.ftz.f32 %f412, %f408, %f219, %f220;
    fma.rn.ftz.f32 %f413, %f408, %f222, %f223;
    fma.rn.ftz.f32 %f414, %f409, %f412, %f413;
    fma.rn.ftz.f32 %f415, %f408, %f226, %f227;
    fma.rn.ftz.f32 %f416, %f408, %f229, %f230;
    fma.rn.ftz.f32 %f417, %f409, %f415, %f416;
    fma.rn.ftz.f32 %f418, %f410, %f414, %f417;
    fma.rn.ftz.f32 %f419, %f411, %f218, %f418;
    selp.f32 %f420, %f406, %f419, %p394;
    mul.ftz.f32 %f421, %f420, %f387;
    mul.ftz.f32 %f422, %f382, %f421;
    neg.ftz.f32 %f423, %f422;
    fma.rn.ftz.f32 %f424, %f38, %f378, %f423;
    mul.ftz.f32 %f425, %f424, %f15;
    neg.ftz.f32 %f426, %f425;
    mul.ftz.f32 %f427, %f38, %f421;
    fma.rn.ftz.f32 %f428, %f382, %f378, %f427;
    mul.ftz.f32 %f429, %f428, %f15;
    neg.ftz.f32 %f430, %f429;
    mul.ftz.f32 %f431, %f426, %f426;
    fma.rn.ftz.f32 %f432, %f430, %f430, %f431;
    add.ftz.f32 %f433, %f32, %f432;
    rsqrt.approx.ftz.f32 %f434, %f433;
    mul.ftz.f32 %f435, %f426, %f434;
    mul.ftz.f32 %f436, %f430, %f434;
    mul.ftz.f32 %f437, %f16, %f435;
    fma.rn.ftz.f32 %f438, %f19, %f436, %f437;
    fma.rn.ftz.f32 %f439, %f18, %f434, %f438;
    mul.ftz.f32 %f440, %f383, %f439;
    neg.ftz.f32 %f441, %f16;
    fma.rn.ftz.f32 %f442, %f435, %f440, %f441;
    neg.ftz.f32 %f443, %f19;
    fma.rn.ftz.f32 %f444, %f436, %f440, %f443;
    neg.ftz.f32 %f445, %f18;
    fma.rn.ftz.f32 %f446, %f434, %f440, %f445;
    div.approx.ftz.f32 %f447, %f435, %f15;
    mul.ftz.f32 %f448, %f447, %f447;
    div.approx.ftz.f32 %f449, %f436, %f15;
    mul.ftz.f32 %f450, %f449, %f449;
    add.ftz.f32 %f451, %f448, %f450;
    neg.ftz.f32 %f452, %f451;
    mul.ftz.f32 %f453, %f434, %f434;
    div.approx.ftz.f32 %f454, %f452, %f453;
    mul.ftz.f32 %f455, %f182, %f454;
    ex2.approx.ftz.f32 %f456, %f455;
    mov.b32 %f457, 0x40490fdb;
    mul.ftz.f32 %f458, %f15, %f15;
    mul.ftz.f32 %f459, %f457, %f458;
    mul.ftz.f32 %f460, %f453, %f453;
    mul.ftz.f32 %f461, %f459, %f460;
    div.approx.ftz.f32 %f462, %f456, %f461;
    mul.ftz.f32 %f463, %f462, %f434;
    mov.b32 %f464, 0x1e3ce508;
    setp.gt.f32 %p465, %f463, %f464;
    selp.f32 %f466, %f462, %f42, %p465;
    mul.ftz.f32 %f467, %f439, %f18;
    setp.le.f32 %p468, %f467, %f42;
    mul.ftz.f32 %f469, %f20, %f20;
    add.ftz.f32 %f470, %f21, %f469;
    setp.eq.f32 %p471, %f470, %f42;
    mul.ftz.f32 %f472, %f18, %f18;
    div.approx.ftz.f32 %f473, %f470, %f472;
    rsqrt.approx.ftz.f32 %f474, %f473;
    mov.b32 %f475, 0x3fcccccd;
    setp.ge.f32 %p476, %f474, %f475;
    mov.b32 %f477, 0x40623d71;
    mul.ftz.f32 %f478, %f477, %f474;
    mov.b32 %f479, 0x400b9581;
    mul.ftz.f32 %f480, %f474, %f474;
    mul.ftz.f32 %f481, %f479, %f480;
    add.ftz.f32 %f482, %f478, %f481;
    mov.b32 %f483, 0x4011a9fc;
    mul.ftz.f32 %f484, %f483, %f474;
    add.ftz.f32 %f485, %f32, %f484;
    mov.b32 %f486, 0x4024ed91;
    mul.ftz.f32 %f487, %f486, %f480;
    add.ftz.f32 %f488, %f485, %f487;
    div.approx.ftz.f32 %f489, %f482, %f488;
    selp.f32 %f490, %f32, %f489, %p476;
    selp.f32 %f491, %f32, %f490, %p471;
    selp.f32 %f492, %f42, %f491, %p468;
    mul.ftz.f32 %f493, %f466, %f492;
    abs.f32 %f494, %f439;
    mul.ftz.f32 %f495, %f493, %f494;
    div.approx.ftz.f32 %f496, %f495, %f18;
    mov.b32 %f497, 0x40800000;
    mul.ftz.f32 %f498, %f442, %f435;
    fma.rn.ftz.f32 %f499, %f444, %f436, %f498;
    fma.rn.ftz.f32 %f500, %f446, %f434, %f499;
    mul.ftz.f32 %f501, %f497, %f500;
    div.approx.ftz.f32 %f502, %f496, %f501;
    mov.b32 %r503, 0x8;
    mov.b32 %r504, 0x0;
    mov.b32 %f505, 0x3f000000;
    mul.ftz.f32 %f506, %f4, %f4;
    mul.ftz.f32 %f507, %f5, %f5;
    sub.ftz.f32 %f508, %f506, %f507;
    mul.ftz.f32 %f509, %f439, %f439;
    sub.ftz.f32 %f510, %f32, %f509;
    sub.ftz.f32 %f511, %f508, %f510;
    mul.ftz.f32 %f512, %f511, %f511;
    mul.ftz.f32 %f513, %f497, %f5;
    mul.ftz.f32 %f514, %f513, %f5;
    mul.ftz.f32 %f515, %f514, %f4;
    mul.ftz.f32 %f516, %f515, %f4;
    add.ftz.f32 %f517, %f512, %f516;
    max.ftz.f32 %f518, %f517, %f42;
    sqrt.approx.ftz.f32 %f519, %f518;
    add.ftz.f32 %f520, %f519, %f509;
    add.ftz.f32 %f521, %f519, %f511;
    mul.ftz.f32 %f522, %f505, %f521;
    max.ftz.f32 %f523, %f522, %f42;
    sqrt.approx.ftz.f32 %f524, %f523;
    mul.ftz.f32 %f525, %f440, %f524;
    sub.ftz.f32 %f526, %f520, %f525;
    add.ftz.f32 %f527, %f520, %f525;
    div.approx.ftz.f32 %f528, %f526, %f527;
    mul.ftz.f32 %f529, %f519, %f509;
    mul.ftz.f32 %f530, %f510, %f510;
    add.ftz.f32 %f531, %f529, %f530;
    mul.ftz.f32 %f532, %f525, %f510;
    sub.ftz.f32 %f533, %f531, %f532;
    mul.ftz.f32 %f534, %f528, %f533;
    add.ftz.f32 %f535, %f531, %f532;
    div.approx.ftz.f32 %f536, %f534, %f535;
    add.ftz.f32 %f537, %f528, %f536;
    mul.ftz.f32 %f538, %f505, %f537;
    mul.ftz.f32 %f539, %f500, %f446;
    setp.le.f32 %p540, %f539, %f42;
    mul.ftz.f32 %f541, %f15, %f442;
    mul.ftz.f32 %f542, %f541, %f541;
    mul.ftz.f32 %f543, %f15, %f444;
    mul.ftz.f32 %f544, %f543, %f543;
    add.ftz.f32 %f545, %f542, %f544;
    setp.eq.f32 %p546, %f545, %f42;
    mul.ftz.f32 %f547, %f446, %f446;
    div.approx.ftz.f32 %f548, %f545, %f547;
    rsqrt.approx.ftz.f32 %f549, %f548;
    setp.ge.f32 %p550, %f549, %f475;
    mul.ftz.f32 %f551, %f477, %f549;
    mul.ftz.f32 %f552, %f549, %f549;
    mul.ftz.f32 %f553, %f479, %f552;
    add.ftz.f32 %f554, %f551, %f553;
    mul.ftz.f32 %f555, %f483, %f549;
    add.ftz.f32 %f556, %f32, %f555;
    mul.ftz.f32 %f557, %f486, %f552;
    add.ftz.f32 %f558, %f556, %f557;
    div.approx.ftz.f32 %f559, %f554, %f558;
    selp.f32 %f560, %f32, %f559, %p550;
    selp.f32 %f561, %f32, %f560, %p546;
    selp.f32 %f562, %f42, %f561, %p540;
    mul.ftz.f32 %f563, %f562, %f6;
    mul.ftz.f32 %f564, %f538, %f563;
    setp.gt.f32 %p565, %f18, %f42;
    setp.ne.f32 %p566, %f496, %f42;
    setp.gt.f32 %p567, %f446, %f42;
    and.pred %p568, %p566, %p567;
    and.pred %p569, %p565, %p568;
    selp.b32 %f570, %f564, 0, %p569;
    mul.ftz.f32 %f571, %f7, %f7;
    mul.ftz.f32 %f572, %f8, %f8;
    sub.ftz.f32 %f573, %f571, %f572;
    sub.ftz.f32 %f574, %f573, %f510;
    mul.ftz.f32 %f575, %f574, %f574;
    mul.ftz.f32 %f576, %f497, %f8;
    mul.ftz.f32 %f577, %f576, %f8;
    mul.ftz.f32 %f578, %f577, %f7;
    mul.ftz.f32 %f579, %f578, %f7;
    add.ftz.f32 %f580, %f575, %f579;
    max.ftz.f32 %f581, %f580, %f42;
    sqrt.approx.ftz.f32 %f582, %f581;
    add.ftz.f32 %f583, %f582, %f509;
    add.ftz.f32 %f584, %f582, %f574;
    mul.ftz.f32 %f585, %f505, %f584;
    max.ftz.f32 %f586, %f585, %f42;
    sqrt.approx.ftz.f32 %f587, %f586;
    mul.ftz.f32 %f588, %f440, %f587;
    sub.ftz.f32 %f589, %f583, %f588;
    add.ftz.f32 %f590, %f583, %f588;
    div.approx.ftz.f32 %f591, %f589, %f590;
    mul.ftz.f32 %f592, %f582, %f509;
    add.ftz.f32 %f593, %f592, %f530;
    mul.ftz.f32 %f594, %f588, %f510;
    sub.ftz.f32 %f595, %f593, %f594;
    mul.ftz.f32 %f596, %f591, %f595;
    add.ftz.f32 %f597, %f593, %f594;
    div.approx.ftz.f32 %f598, %f596, %f597;
    add.ftz.f32 %f599, %f591, %f598;
    mul.ftz.f32 %f600, %f505, %f599;
    mul.ftz.f32 %f601, %f562, %f9;
    mul.ftz.f32 %f602, %f600, %f601;
    selp.b32 %f603, %f602, 0, %p569;
    mul.ftz.f32 %f604, %f10, %f10;
    mul.ftz.f32 %f605, %f11, %f11;
    sub.ftz.f32 %f606, %f604, %f605;
    sub.ftz.f32 %f607, %f606, %f510;
    mul.ftz.f32 %f608, %f607, %f607;
    mul.ftz.f32 %f609, %f497, %f11;
    mul.ftz.f32 %f610, %f609, %f11;
    mul.ftz.f32 %f611, %f610, %f10;
    mul.ftz.f32 %f612, %f611, %f10;
    add.ftz.f32 %f613, %f608, %f612;
    max.ftz.f32 %f614, %f613, %f42;
    sqrt.approx.ftz.f32 %f615, %f614;
    add.ftz.f32 %f616, %f615, %f509;
    add.ftz.f32 %f617, %f615, %f607;
    mul.ftz.f32 %f618, %f505, %f617;
    max.ftz.f32 %f619, %f618, %f42;
    sqrt.approx.ftz.f32 %f620, %f619;
    mul.ftz.f32 %f621, %f440, %f620;
    sub.ftz.f32 %f622, %f616, %f621;
    add.ftz.f32 %f623, %f616, %f621;
    div.approx.ftz.f32 %f624, %f622, %f623;
    mul.ftz.f32 %f625, %f615, %f509;
    add.ftz.f32 %f626, %f625, %f530;
    mul.ftz.f32 %f627, %f621, %f510;
    sub.ftz.f32 %f628, %f626, %f627;
    mul.ftz.f32 %f629, %f624, %f628;
    add.ftz.f32 %f630, %f626, %f627;
    div.approx.ftz.f32 %f631, %f629, %f630;
    add.ftz.f32 %f632, %f624, %f631;
    mul.ftz.f32 %f633, %f505, %f632;
    mul.ftz.f32 %f634, %f562, %f12;
    mul.ftz.f32 %f635, %f633, %f634;
    selp.b32 %f636, %f635, 0, %p569;
    st.param.f32 [result+0], %f442;
    st.param.f32 [result+4], %f444;
    st.param.f32 [result+8], %f446;
    st.param.f32 [result+12], %f502;
    st.param.f32 [result+16], %f32;
    st.param.u32 [result+20], %r503;
    st.param.u32 [result+24], %r504;
    st.param.f32 [result+28], %f570;
    st.param.f32 [result+32], %f603;
    st.param.f32 [result+36], %f636;
    ret;
}

.visible .func (.param .align 4 .b8 result[84]) __direct_callable__4516cd2ab718f9aa896604bb79d9548b(.reg .u32 self, .reg .u64 data, .param .align 4 .b8 params[40]) {
    // VCall: mitsuba::Shape::compute_surface_interaction()
    .reg.b8   %b <45>; .reg.b16 %w<45>; .reg.b32 %r<45>;
    .reg.b64  %rd<45>; .reg.f32 %f<45>; .reg.f64 %d<45>;
    .reg.pred %p <45>;

    ld.global.f32 %f4, [data+44];
    ld.global.f32 %f5, [data+0];
    ld.global.f32 %f6, [data+4];
    ld.global.f32 %f7, [data+8];
    ld.global.f32 %f8, [data+12];
    ld.global.f32 %f9, [data+16];
    ld.global.f32 %f10, [data+20];
    ld.global.f32 %f11, [data+40];
    ld.global.f32 %f12, [data+36];
    ld.global.f32 %f13, [data+32];
    ld.global.f32 %f14, [data+28];
    ld.global.f32 %f15, [data+24];
    ld.param.f32 %f16, [params+24];
    ld.param.f32 %f17, [params+12];
    ld.param.f32 %f18, [params+0];
    fma.rn.ftz.f32 %f19, %f17, %f16, %f18;
    ld.param.f32 %f20, [params+20];
    ld.param.f32 %f21, [params+8];
    fma.rn.ftz.f32 %f22, %f20, %f16, %f21;
    sub.ftz.f32 %f23, %f5, %f22;
    ld.param.f32 %f24, [params+16];
    ld.param.f32 %f25, [params+4];
    fma.rn.ftz.f32 %f26, %f24, %f16, %f25;
    sub.ftz.f32 %f27, %f7, %f26;
    sub.ftz.f32 %f28, %f9, %f19;
    mul.ftz.f32 %f29, %f28, %f10;
    fma.rn.ftz.f32 %f30, %f27, %f8, %f29;
    fma.rn.ftz.f32 %f31, %f23, %f6, %f30;
    mul.ftz.f32 %f32, %f31, %f10;
    add.ftz.f32 %f33, %f19, %f32;
    mul.ftz.f32 %f34, %f31, %f8;
    add.ftz.f32 %f35, %f26, %f34;
    mul.ftz.f32 %f36, %f31, %f6;
    add.ftz.f32 %f37, %f22, %f36;
    mov.u32 %r38, self;
    ld.param.f32 %f39, [params+28];
    mov.b32 %f40, 0x3f000000;
    fma.rn.ftz.f32 %f41, %f39, %f40, %f40;
    ld.param.f32 %f42, [params+32];
    fma.rn.ftz.f32 %f43, %f42, %f40, %f40;
    mov.b32 %f44, 0x0;
    st.param.f32 [result+0], %f16;
    st.param.f32 [result+4], %f4;
    st.param.f32 [result+8], %f33;
    st.param.f32 [result+12], %f35;
    st.param.f32 [result+16], %f37;
    st.param.f32 [result+20], %f10;
    st.param.f32 [result+24], %f8;
    st.param.f32 [result+28], %f6;
    st.param.u32 [result+32], %r38;
    st.param.f32 [result+36], %f41;
    st.param.f32 [result+40], %f43;
    st.param.f32 [result+44], %f44;
    st.param.f32 [result+48], %f44;
    st.param.f32 [result+52], %f11;
    st.param.f32 [result+56], %f12;
    st.param.f32 [result+60], %f13;
    st.param.f32 [result+64], %f14;
    st.param.f32 [result+68], %f15;
    st.param.f32 [result+72], %f6;
    st.param.f32 [result+76], %f10;
    st.param.f32 [result+80], %f8;
    ret;
}

.visible .func (.param .align 4 .b8 result[12]) __direct_callable__64c9c90116c43f6928a7486b8c17abb3(.reg .u64 data, .param .align 4 .b8 params[24]) {
    // VCall: mitsuba::BSDF::sample()
    .reg.b8   %b <48>; .reg.b16 %w<48>; .reg.b32 %r<48>;
    .reg.b64  %rd<48>; .reg.f32 %f<48>; .reg.f64 %d<48>;
    .reg.pred %p <48>;

    ld.param.f32 %f4, [params+12];
    ld.param.f32 %f5, [params+8];
    abs.f32 %f6, %f5;
    mov.b32 %f7, 0x0;
    setp.eq.f32 %p8, %f6, %f7;
    mov.b32 %f9, 0x3f800000;
    mov.b32 %f10, 0x3f000000;
    setp.ge.f32 %p11, %f5, %f7;
    mov.b32 %f12, 0x3fc00000;
    mov.b32 %f13, 0x3f2aaaab;
    selp.f32 %f14, %f12, %f13, %p11;
    neg.ftz.f32 %f15, %f5;
    fma.rn.ftz.f32 %f16, %f5, %f15, %f9;
    selp.f32 %f17, %f13, %f12, %p11;
    mul.ftz.f32 %f18, %f17, %f17;
    neg.ftz.f32 %f19, %f18;
    fma.rn.ftz.f32 %f20, %f16, %f19, %f9;
    max.ftz.f32 %f21, %f20, %f7;
    sqrt.approx.ftz.f32 %f22, %f21;
    neg.ftz.f32 %f23, %f22;
    fma.rn.ftz.f32 %f24, %f14, %f23, %f6;
    fma.rn.ftz.f32 %f25, %f14, %f22, %f6;
    div.approx.ftz.f32 %f26, %f24, %f25;
    mul.ftz.f32 %f27, %f26, %f26;
    neg.ftz.f32 %f28, %f6;
    fma.rn.ftz.f32 %f29, %f14, %f28, %f22;
    fma.rn.ftz.f32 %f30, %f14, %f6, %f22;
    div.approx.ftz.f32 %f31, %f29, %f30;
    mul.ftz.f32 %f32, %f31, %f31;
    add.ftz.f32 %f33, %f27, %f32;
    mul.ftz.f32 %f34, %f10, %f33;
    selp.f32 %f35, %f9, %f34, %p8;
    setp.le.f32 %p36, %f4, %f35;
    ld.param.f32 %f37, [params+0];
    neg.ftz.f32 %f38, %f37;
    neg.ftz.f32 %f39, %f17;
    mul.ftz.f32 %f40, %f39, %f37;
    selp.f32 %f41, %f38, %f40, %p36;
    ld.param.f32 %f42, [params+4];
    neg.ftz.f32 %f43, %f42;
    mul.ftz.f32 %f44, %f39, %f42;
    selp.f32 %f45, %f43, %f44, %p36;
    selp.f32 %f46, %f23, %f22, %p11;
    selp.f32 %f47, %f5, %f46, %p36;
    st.param.f32 [result+0], %f41;
    st.param.f32 [result+4], %f45;
    st.param.f32 [result+8], %f47;
    ret;
}

.visible .func (.param .align 4 .b8 result[40]) __direct_callable__6907fa219ccaa93496cdbc1947aefac0(.reg .u64 data, .param .align 4 .b8 params[32]) {
    // VCall: mitsuba::BSDF::sample()
    .reg.b8   %b <285>; .reg.b16 %w<285>; .reg.b32 %r<285>;
    .reg.b64  %rd<285>; .reg.f32 %f<285>; .reg.f64 %d<285>;
    .reg.pred %p <285>;

    ld.global.f32 %f4, [data+4];
    ld.global.f32 %f5, [data+8];
    ld.global.f32 %f6, [data+12];
    ld.global.f32 %f7, [data+16];
    ld.global.f32 %f8, [data+20];
    ld.global.f32 %f9, [data+24];
    ld.global.f32 %f10, [data+28];
    ld.global.f32 %f11, [data+32];
    ld.global.f32 %f12, [data+36];
    ld.global.f32 %f13, [data+0];
    mov.b32 %f14, 0x38d1b717;
    max.ftz.f32 %f15, %f13, %f14;
    ld.param.f32 %f16, [params+8];
    mul.ftz.f32 %f17, %f15, %f16;
    ld.param.f32 %f18, [params+16];
    ld.param.f32 %f19, [params+12];
    mul.ftz.f32 %f20, %f15, %f19;
    mul.ftz.f32 %f21, %f17, %f17;
    fma.rn.ftz.f32 %f22, %f20, %f20, %f21;
    fma.rn.ftz.f32 %f23, %f18, %f18, %f22;
    rsqrt.approx.ftz.f32 %f24, %f23;
    mul.ftz.f32 %f25, %f17, %f24;
    mul.ftz.f32 %f26, %f20, %f24;
    mul.ftz.f32 %f27, %f26, %f26;
    fma.rn.ftz.f32 %f28, %f25, %f25, %f27;
    abs.f32 %f29, %f28;
    mov.b32 %f30, 0x34800000;
    setp.le.f32 %p31, %f29, %f30;
    mov.b32 %f32, 0x3f800000;
    rsqrt.approx.ftz.f32 %f33, %f28;
    mul.ftz.f32 %f34, %f25, %f33;
    min.ftz.f32 %f35, %f34, %f32;
    mov.b32 %f36, 0xbf800000;
    max.ftz.f32 %f37, %f35, %f36;
    selp.f32 %f38, %f32, %f37, %p31;
    mul.ftz.f32 %f39, %f18, %f24;
    mov.b32 %f40, 0x40000000;
    ld.param.f32 %f41, [params+24];
    fma.rn.ftz.f32 %f42, %f40, %f41, %f36;
    abs.f32 %f43, %f42;
    ld.param.f32 %f44, [params+28];
    fma.rn.ftz.f32 %f45, %f40, %f44, %f36;
    abs.f32 %f46, %f45;
    setp.lt.f32 %p47, %f43, %f46;
    selp.f32 %f48, %f45, %f42, %p47;
    mov.b32 %f49, 0x0;
    setp.eq.f32 %p50, %f42, %f49;
    setp.eq.f32 %p51, %f45, %f49;
    and.pred %p52, %p50, %p51;
    mov.b32 %f53, 0x3fc90fdb;
    mov.b32 %f54, 0x3f490fdb;
    selp.f32 %f55, %f42, %f45, %p47;
    mul.ftz.f32 %f56, %f54, %f55;
    div.approx.ftz.f32 %f57, %f56, %f48;
    sub.ftz.f32 %f58, %f53, %f57;
    selp.f32 %f59, %f58, %f57, %p47;
    selp.f32 %f60, %f49, %f59, %p52;
    sin.approx.ftz.f32 %f61, %f60;
    mul.ftz.f32 %f62, %f48, %f61;
    mov.b32 %f63, 0x3f000000;
    add.ftz.f32 %f64, %f32, %f39;
    mul.ftz.f32 %f65, %f63, %f64;
    cos.approx.ftz.f32 %f66, %f60;
    mul.ftz.f32 %f67, %f48, %f66;
    mul.ftz.f32 %f68, %f67, %f67;
    sub.ftz.f32 %f69, %f32, %f68;
    max.ftz.f32 %f70, %f69, %f49;
    sqrt.approx.ftz.f32 %f71, %f70;
    neg.ftz.f32 %f72, %f65;
    fma.rn.ftz.f32 %f73, %f71, %f72, %f71;
    fma.rn.ftz.f32 %f74, %f62, %f65, %f73;
    mul.ftz.f32 %f75, %f39, %f39;
    sub.ftz.f32 %f76, %f32, %f75;
    max.ftz.f32 %f77, %f76, %f49;
    sqrt.approx.ftz.f32 %f78, %f77;
    fma.rn.ftz.f32 %f79, %f74, %f74, %f68;
    sub.ftz.f32 %f80, %f32, %f79;
    max.ftz.f32 %f81, %f80, %f49;
    sqrt.approx.ftz.f32 %f82, %f81;
    mul.ftz.f32 %f83, %f78, %f82;
    neg.ftz.f32 %f84, %f83;
    fma.rn.ftz.f32 %f85, %f39, %f74, %f84;
    mul.ftz.f32 %f86, %f39, %f82;
    fma.rn.ftz.f32 %f87, %f78, %f74, %f86;
    rcp.approx.ftz.f32 %f88, %f87;
    mul.ftz.f32 %f89, %f85, %f88;
    mul.ftz.f32 %f90, %f26, %f33;
    min.ftz.f32 %f91, %f90, %f32;
    max.ftz.f32 %f92, %f91, %f36;
    selp.f32 %f93, %f49, %f92, %p31;
    mul.ftz.f32 %f94, %f67, %f88;
    mul.ftz.f32 %f95, %f93, %f94;
    neg.ftz.f32 %f96, %f95;
    fma.rn.ftz.f32 %f97, %f38, %f89, %f96;
    mul.ftz.f32 %f98, %f97, %f15;
    neg.ftz.f32 %f99, %f98;
    mul.ftz.f32 %f100, %f38, %f94;
    fma.rn.ftz.f32 %f101, %f93, %f89, %f100;
    mul.ftz.f32 %f102, %f101, %f15;
    neg.ftz.f32 %f103, %f102;
    mul.ftz.f32 %f104, %f99, %f99;
    fma.rn.ftz.f32 %f105, %f103, %f103, %f104;
    add.ftz.f32 %f106, %f32, %f105;
    rsqrt.approx.ftz.f32 %f107, %f106;
    mul.ftz.f32 %f108, %f99, %f107;
    mul.ftz.f32 %f109, %f103, %f107;
    mul.ftz.f32 %f110, %f16, %f108;
    fma.rn.ftz.f32 %f111, %f19, %f109, %f110;
    fma.rn.ftz.f32 %f112, %f18, %f107, %f111;
    mul.ftz.f32 %f113, %f40, %f112;
    neg.ftz.f32 %f114, %f16;
    fma.rn.ftz.f32 %f115, %f108, %f113, %f114;
    neg.ftz.f32 %f116, %f19;
    fma.rn.ftz.f32 %f117, %f109, %f113, %f116;
    neg.ftz.f32 %f118, %f18;
    fma.rn.ftz.f32 %f119, %f107, %f113, %f118;
    mov.b32 %f120, 0x40490fdb;
    mul.ftz.f32 %f121, %f15, %f15;
    mul.ftz.f32 %f122, %f120, %f121;
    div.approx.ftz.f32 %f123, %f108, %f15;
    mul.ftz.f32 %f124, %f123, %f123;
    div.approx.ftz.f32 %f125, %f109, %f15;
    mul.ftz.f32 %f126, %f125, %f125;
    add.ftz.f32 %f127, %f124, %f126;
    mul.ftz.f32 %f128, %f107, %f107;
    add.ftz.f32 %f129, %f127, %f128;
    mul.ftz.f32 %f130, %f129, %f129;
    mul.ftz.f32 %f131, %f122, %f130;
    rcp.approx.ftz.f32 %f132, %f131;
    mul.ftz.f32 %f133, %f132, %f107;
    mov.b32 %f134, 0x1e3ce508;
    setp.gt.f32 %p135, %f133, %f134;
    selp.f32 %f136, %f132, %f49, %p135;
    mul.ftz.f32 %f137, %f112, %f18;
    setp.le.f32 %p138, %f137, %f49;
    mul.ftz.f32 %f139, %f20, %f20;
    add.ftz.f32 %f140, %f21, %f139;
    setp.eq.f32 %p141, %f140, %f49;
    mul.ftz.f32 %f142, %f18, %f18;
    div.approx.ftz.f32 %f143, %f140, %f142;
    add.ftz.f32 %f144, %f32, %f143;
    sqrt.approx.ftz.f32 %f145, %f144;
    add.ftz.f32 %f146, %f32, %f145;
    div.approx.ftz.f32 %f147, %f40, %f146;
    selp.f32 %f148, %f32, %f147, %p141;
    selp.f32 %f149, %f49, %f148, %p138;
    mul.ftz.f32 %f150, %f136, %f149;
    abs.f32 %f151, %f112;
    mul.ftz.f32 %f152, %f150, %f151;
    div.approx.ftz.f32 %f153, %f152, %f18;
    mov.b32 %f154, 0x40800000;
    mul.ftz.f32 %f155, %f115, %f108;
    fma.rn.ftz.f32 %f156, %f117, %f109, %f155;
    fma.rn.ftz.f32 %f157, %f119, %f107, %f156;
    mul.ftz.f32 %f158, %f154, %f157;
    div.approx.ftz.f32 %f159, %f153, %f158;
    mov.b32 %r160, 0x8;
    mov.b32 %r161, 0x0;
    mul.ftz.f32 %f162, %f4, %f4;
    mul.ftz.f32 %f163, %f5, %f5;
    sub.ftz.f32 %f164, %f162, %f163;
    mul.ftz.f32 %f165, %f112, %f112;
    sub.ftz.f32 %f166, %f32, %f165;
    sub.ftz.f32 %f167, %f164, %f166;
    mul.ftz.f32 %f168, %f167, %f167;
    mul.ftz.f32 %f169, %f154, %f5;
    mul.ftz.f32 %f170, %f169, %f5;
    mul.ftz.f32 %f171, %f170, %f4;
    mul.ftz.f32 %f172, %f171, %f4;
    add.ftz.f32 %f173, %f168, %f172;
    max.ftz.f32 %f174, %f173, %f49;
    sqrt.approx.ftz.f32 %f175, %f174;
    add.ftz.f32 %f176, %f175, %f165;
    add.ftz.f32 %f177, %f175, %f167;
    mul.ftz.f32 %f178, %f63, %f177;
    max.ftz.f32 %f179, %f178, %f49;
    sqrt.approx.ftz.f32 %f180, %f179;
    mul.ftz.f32 %f181, %f113, %f180;
    sub.ftz.f32 %f182, %f176, %f181;
    add.ftz.f32 %f183, %f176, %f181;
    div.approx.ftz.f32 %f184, %f182, %f183;
    mul.ftz.f32 %f185, %f175, %f165;
    mul.ftz.f32 %f186, %f166, %f166;
    add.ftz.f32 %f187, %f185, %f186;
    mul.ftz.f32 %f188, %f181, %f166;
    sub.ftz.f32 %f189, %f187, %f188;
    mul.ftz.f32 %f190, %f184, %f189;
    add.ftz.f32 %f191, %f187, %f188;
    div.approx.ftz.f32 %f192, %f190, %f191;
    add.ftz.f32 %f193, %f184, %f192;
    mul.ftz.f32 %f194, %f63, %f193;
    mul.ftz.f32 %f195, %f157, %f119;
    setp.le.f32 %p196, %f195, %f49;
    mul.ftz.f32 %f197, %f15, %f115;
    mul.ftz.f32 %f198, %f197, %f197;
    mul.ftz.f32 %f199, %f15, %f117;
    mul.ftz.f32 %f200, %f199, %f199;
    add.ftz.f32 %f201, %f198, %f200;
    setp.eq.f32 %p202, %f201, %f49;
    mul.ftz.f32 %f203, %f119, %f119;
    div.approx.ftz.f32 %f204, %f201, %f203;
    add.ftz.f32 %f205, %f32, %f204;
    sqrt.approx.ftz.f32 %f206, %f205;
    add.ftz.f32 %f207, %f32, %f206;
    div.approx.ftz.f32 %f208, %f40, %f207;
    selp.f32 %f209, %f32, %f208, %p202;
    selp.f32 %f210, %f49, %f209, %p196;
    mul.ftz.f32 %f211, %f210, %f6;
    mul.ftz.f32 %f212, %f194, %f211;
    setp.gt.f32 %p213, %f18, %f49;
    setp.ne.f32 %p214, %f153, %f49;
    setp.gt.f32 %p215, %f119, %f49;
    and.pred %p216, %p214, %p215;
    and.pred %p217, %p213, %p216;
    selp.b32 %f218, %f212, 0, %p217;
    mul.ftz.f32 %f219, %f7, %f7;
    mul.ftz.f32 %f220, %f8, %f8;
    sub.ftz.f32 %f221, %f219, %f220;
    sub.ftz.f32 %f222, %f221, %f166;
    mul.ftz.f32 %f223, %f222, %f222;
    mul.ftz.f32 %f224, %f154, %f8;
    mul.ftz.f32 %f225, %f224, %f8;
    mul.ftz.f32 %f226, %f225, %f7;
    mul.ftz.f32 %f227, %f226, %f7;
    add.ftz.f32 %f228, %f223, %f227;
    max.ftz.f32 %f229, %f228, %f49;
    sqrt.approx.ftz.f32 %f230, %f229;
    add.ftz.f32 %f231, %f230, %f165;
    add.ftz.f32 %f232, %f230, %f222;
    mul.ftz.f32 %f233, %f63, %f232;
    max.ftz.f32 %f234, %f233, %f49;
    sqrt.approx.ftz.f32 %f235, %f234;
    mul.ftz.f32 %f236, %f113, %f235;
    sub.ftz.f32 %f237, %f231, %f236;
    add.ftz.f32 %f238, %f231, %f236;
    div.approx.ftz.f32 %f239, %f237, %f238;
    mul.ftz.f32 %f240, %f230, %f165;
    add.ftz.f32 %f241, %f240, %f186;
    mul.ftz.f32 %f242, %f236, %f166;
    sub.ftz.f32 %f243, %f241, %f242;
    mul.ftz.f32 %f244, %f239, %f243;
    add.ftz.f32 %f245, %f241, %f242;
    div.approx.ftz.f32 %f246, %f244, %f245;
    add.ftz.f32 %f247, %f239, %f246;
    mul.ftz.f32 %f248, %f63, %f247;
    mul.ftz.f32 %f249, %f210, %f9;
    mul.ftz.f32 %f250, %f248, %f249;
    selp.b32 %f251, %f250, 0, %p217;
    mul.ftz.f32 %f252, %f10, %f10;
    mul.ftz.f32 %f253, %f11, %f11;
    sub.ftz.f32 %f254, %f252, %f253;
    sub.ftz.f32 %f255, %f254, %f166;
    mul.ftz.f32 %f256, %f255, %f255;
    mul.ftz.f32 %f257, %f154, %f11;
    mul.ftz.f32 %f258, %f257, %f11;
    mul.ftz.f32 %f259, %f258, %f10;
    mul.ftz.f32 %f260, %f259, %f10;
    add.ftz.f32 %f261, %f256, %f260;
    max.ftz.f32 %f262, %f261, %f49;
    sqrt.approx.ftz.f32 %f263, %f262;
    add.ftz.f32 %f264, %f263, %f165;
    add.ftz.f32 %f265, %f263, %f255;
    mul.ftz.f32 %f266, %f63, %f265;
    max.ftz.f32 %f267, %f266, %f49;
    sqrt.approx.ftz.f32 %f268, %f267;
    mul.ftz.f32 %f269, %f113, %f268;
    sub.ftz.f32 %f270, %f264, %f269;
    add.ftz.f32 %f271, %f264, %f269;
    div.approx.ftz.f32 %f272, %f270, %f271;
    mul.ftz.f32 %f273, %f263, %f165;
    add.ftz.f32 %f274, %f273, %f186;
    mul.ftz.f32 %f275, %f269, %f166;
    sub.ftz.f32 %f276, %f274, %f275;
    mul.ftz.f32 %f277, %f272, %f276;
    add.ftz.f32 %f278, %f274, %f275;
    div.approx.ftz.f32 %f279, %f277, %f278;
    add.ftz.f32 %f280, %f272, %f279;
    mul.ftz.f32 %f281, %f63, %f280;
    mul.ftz.f32 %f282, %f210, %f12;
    mul.ftz.f32 %f283, %f281, %f282;
    selp.b32 %f284, %f283, 0, %p217;
    st.param.f32 [result+0], %f115;
    st.param.f32 [result+4], %f117;
    st.param.f32 [result+8], %f119;
    st.param.f32 [result+12], %f159;
    st.param.f32 [result+16], %f32;
    st.param.u32 [result+20], %r160;
    st.param.u32 [result+24], %r161;
    st.param.f32 [result+28], %f218;
    st.param.f32 [result+32], %f251;
    st.param.f32 [result+36], %f284;
    ret;
}

.visible .func (.param .align 4 .b8 result[12]) __direct_callable__76deb0265f0727ddec6574c390d22e42(.reg .u64 data, .param .align 4 .b8 params[24]) {
    // VCall: mitsuba::BSDF::sample()
    .reg.b8   %b <111>; .reg.b16 %w<111>; .reg.b32 %r<111>;
    .reg.b64  %rd<111>; .reg.f32 %f<111>; .reg.f64 %d<111>;
    .reg.pred %p <111>;

    ld.global.f32 %f4, [data+0];
    mov.b32 %f5, 0x38d1b717;
    max.ftz.f32 %f6, %f4, %f5;
    ld.param.f32 %f7, [params+0];
    mul.ftz.f32 %f8, %f6, %f7;
    ld.param.f32 %f9, [params+8];
    ld.param.f32 %f10, [params+4];
    mul.ftz.f32 %f11, %f6, %f10;
    mul.ftz.f32 %f12, %f8, %f8;
    fma.rn.ftz.f32 %f13, %f11, %f11, %f12;
    fma.rn.ftz.f32 %f14, %f9, %f9, %f13;
    rsqrt.approx.ftz.f32 %f15, %f14;
    mul.ftz.f32 %f16, %f8, %f15;
    mul.ftz.f32 %f17, %f11, %f15;
    mul.ftz.f32 %f18, %f17, %f17;
    fma.rn.ftz.f32 %f19, %f16, %f16, %f18;
    abs.f32 %f20, %f19;
    mov.b32 %f21, 0x34800000;
    setp.le.f32 %p22, %f20, %f21;
    mov.b32 %f23, 0x3f800000;
    rsqrt.approx.ftz.f32 %f24, %f19;
    mul.ftz.f32 %f25, %f16, %f24;
    min.ftz.f32 %f26, %f25, %f23;
    mov.b32 %f27, 0xbf800000;
    max.ftz.f32 %f28, %f26, %f27;
    selp.f32 %f29, %f23, %f28, %p22;
    mul.ftz.f32 %f30, %f9, %f15;
    mov.b32 %f31, 0x40000000;
    ld.param.f32 %f32, [params+16];
    fma.rn.ftz.f32 %f33, %f31, %f32, %f27;
    abs.f32 %f34, %f33;
    ld.param.f32 %f35, [params+20];
    fma.rn.ftz.f32 %f36, %f31, %f35, %f27;
    abs.f32 %f37, %f36;
    setp.lt.f32 %p38, %f34, %f37;
    selp.f32 %f39, %f36, %f33, %p38;
    mov.b32 %f40, 0x0;
    setp.eq.f32 %p41, %f33, %f40;
    setp.eq.f32 %p42, %f36, %f40;
    and.pred %p43, %p41, %p42;
    mov.b32 %f44, 0x3fc90fdb;
    mov.b32 %f45, 0x3f490fdb;
    selp.f32 %f46, %f33, %f36, %p38;
    mul.ftz.f32 %f47, %f45, %f46;
    div.approx.ftz.f32 %f48, %f47, %f39;
    sub.ftz.f32 %f49, %f44, %f48;
    selp.f32 %f50, %f49, %f48, %p38;
    selp.f32 %f51, %f40, %f50, %p43;
    sin.approx.ftz.f32 %f52, %f51;
    mul.ftz.f32 %f53, %f39, %f52;
    mov.b32 %f54, 0x3f000000;
    add.ftz.f32 %f55, %f23, %f30;
    mul.ftz.f32 %f56, %f54, %f55;
    cos.approx.ftz.f32 %f57, %f51;
    mul.ftz.f32 %f58, %f39, %f57;
    mul.ftz.f32 %f59, %f58, %f58;
    sub.ftz.f32 %f60, %f23, %f59;
    max.ftz.f32 %f61, %f60, %f40;
    sqrt.approx.ftz.f32 %f62, %f61;
    neg.ftz.f32 %f63, %f56;
    fma.rn.ftz.f32 %f64, %f62, %f63, %f62;
    fma.rn.ftz.f32 %f65, %f53, %f56, %f64;
    mul.ftz.f32 %f66, %f30, %f30;
    sub.ftz.f32 %f67, %f23, %f66;
    max.ftz.f32 %f68, %f67, %f40;
    sqrt.approx.ftz.f32 %f69, %f68;
    fma.rn.ftz.f32 %f70, %f65, %f65, %f59;
    sub.ftz.f32 %f71, %f23, %f70;
    max.ftz.f32 %f72, %f71, %f40;
    sqrt.approx.ftz.f32 %f73, %f72;
    mul.ftz.f32 %f74, %f69, %f73;
    neg.ftz.f32 %f75, %f74;
    fma.rn.ftz.f32 %f76, %f30, %f65, %f75;
    mul.ftz.f32 %f77, %f30, %f73;
    fma.rn.ftz.f32 %f78, %f69, %f65, %f77;
    rcp.approx.ftz.f32 %f79, %f78;
    mul.ftz.f32 %f80, %f76, %f79;
    mul.ftz.f32 %f81, %f17, %f24;
    min.ftz.f32 %f82, %f81, %f23;
    max.ftz.f32 %f83, %f82, %f27;
    selp.f32 %f84, %f40, %f83, %p22;
    mul.ftz.f32 %f85, %f58, %f79;
    mul.ftz.f32 %f86, %f84, %f85;
    neg.ftz.f32 %f87, %f86;
    fma.rn.ftz.f32 %f88, %f29, %f80, %f87;
    mul.ftz.f32 %f89, %f88, %f6;
    neg.ftz.f32 %f90, %f89;
    mul.ftz.f32 %f91, %f29, %f85;
    fma.rn.ftz.f32 %f92, %f84, %f80, %f91;
    mul.ftz.f32 %f93, %f92, %f6;
    neg.ftz.f32 %f94, %f93;
    mul.ftz.f32 %f95, %f90, %f90;
    fma.rn.ftz.f32 %f96, %f94, %f94, %f95;
    add.ftz.f32 %f97, %f23, %f96;
    rsqrt.approx.ftz.f32 %f98, %f97;
    mul.ftz.f32 %f99, %f90, %f98;
    mul.ftz.f32 %f100, %f94, %f98;
    mul.ftz.f32 %f101, %f7, %f99;
    fma.rn.ftz.f32 %f102, %f10, %f100, %f101;
    fma.rn.ftz.f32 %f103, %f9, %f98, %f102;
    mul.ftz.f32 %f104, %f31, %f103;
    neg.ftz.f32 %f105, %f7;
    fma.rn.ftz.f32 %f106, %f99, %f104, %f105;
    neg.ftz.f32 %f107, %f10;
    fma.rn.ftz.f32 %f108, %f100, %f104, %f107;
    neg.ftz.f32 %f109, %f9;
    fma.rn.ftz.f32 %f110, %f98, %f104, %f109;
    st.param.f32 [result+0], %f106;
    st.param.f32 [result+4], %f108;
    st.param.f32 [result+8], %f110;
    ret;
}

.visible .func (.param .align 4 .b8 result[40]) __direct_callable__7708b6595bd8f1cf89c9568c46c56990(.reg .u64 data, .param .align 4 .b8 params[32]) {
    // VCall: mitsuba::BSDF::sample()
    .reg.b8   %b <312>; .reg.b16 %w<312>; .reg.b32 %r<312>;
    .reg.b64  %rd<312>; .reg.f32 %f<312>; .reg.f64 %d<312>;
    .reg.pred %p <312>;

    ld.global.f32 %f4, [data+12];
    ld.global.f32 %f5, [data+16];
    ld.global.f32 %f6, [data+28];
    ld.global.f32 %f7, [data+32];
    ld.global.f32 %f8, [data+44];
    ld.global.f32 %f9, [data+48];
    ld.global.f32 %f10, [data+4];
    ld.global.f32 %f11, [data+8];
    ld.global.f32 %f12, [data+20];
    ld.global.f32 %f13, [data+24];
    ld.global.f32 %f14, [data+36];
    ld.global.f32 %f15, [data+40];
    ld.global.f32 %f16, [data+0];
    mov.b32 %f17, 0x38d1b717;
    max.ftz.f32 %f18, %f16, %f17;
    ld.param.f32 %f19, [params+8];
    mul.ftz.f32 %f20, %f18, %f19;
    ld.param.f32 %f21, [params+16];
    ld.param.f32 %f22, [params+12];
    mul.ftz.f32 %f23, %f18, %f22;
    mul.ftz.f32 %f24, %f20, %f20;
    fma.rn.ftz.f32 %f25, %f23, %f23, %f24;
    fma.rn.ftz.f32 %f26, %f21, %f21, %f25;
    rsqrt.approx.ftz.f32 %f27, %f26;
    mul.ftz.f32 %f28, %f20, %f27;
    mul.ftz.f32 %f29, %f23, %f27;
    mul.ftz.f32 %f30, %f29, %f29;
    fma.rn.ftz.f32 %f31, %f28, %f28, %f30;
    abs.f32 %f32, %f31;
    mov.b32 %f33, 0x34800000;
    setp.le.f32 %p34, %f32, %f33;
    mov.b32 %f35, 0x3f800000;
    rsqrt.approx.ftz.f32 %f36, %f31;
    mul.ftz.f32 %f37, %f28, %f36;
    min.ftz.f32 %f38, %f37, %f35;
    mov.b32 %f39, 0xbf800000;
    max.ftz.f32 %f40, %f38, %f39;
    selp.f32 %f41, %f35, %f40, %p34;
    mul.ftz.f32 %f42, %f21, %f27;
    mov.b32 %f43, 0x40000000;
    ld.param.f32 %f44, [params+24];
    fma.rn.ftz.f32 %f45, %f43, %f44, %f39;
    abs.f32 %f46, %f45;
    ld.param.f32 %f47, [params+28];
    fma.rn.ftz.f32 %f48, %f43, %f47, %f39;
    abs.f32 %f49, %f48;
    setp.lt.f32 %p50, %f46, %f49;
    selp.f32 %f51, %f48, %f45, %p50;
    mov.b32 %f52, 0x0;
    setp.eq.f32 %p53, %f45, %f52;
    setp.eq.f32 %p54, %f48, %f52;
    and.pred %p55, %p53, %p54;
    mov.b32 %f56, 0x3fc90fdb;
    mov.b32 %f57, 0x3f490fdb;
    selp.f32 %f58, %f45, %f48, %p50;
    mul.ftz.f32 %f59, %f57, %f58;
    div.approx.ftz.f32 %f60, %f59, %f51;
    sub.ftz.f32 %f61, %f56, %f60;
    selp.f32 %f62, %f61, %f60, %p50;
    selp.f32 %f63, %f52, %f62, %p55;
    sin.approx.ftz.f32 %f64, %f63;
    mul.ftz.f32 %f65, %f51, %f64;
    mov.b32 %f66, 0x3f000000;
    add.ftz.f32 %f67, %f35, %f42;
    mul.ftz.f32 %f68, %f66, %f67;
    cos.approx.ftz.f32 %f69, %f63;
    mul.ftz.f32 %f70, %f51, %f69;
    mul.ftz.f32 %f71, %f70, %f70;
    sub.ftz.f32 %f72, %f35, %f71;
    max.ftz.f32 %f73, %f72, %f52;
    sqrt.approx.ftz.f32 %f74, %f73;
    neg.ftz.f32 %f75, %f68;
    fma.rn.ftz.f32 %f76, %f74, %f75, %f74;
    fma.rn.ftz.f32 %f77, %f65, %f68, %f76;
    mul.ftz.f32 %f78, %f42, %f42;
    sub.ftz.f32 %f79, %f35, %f78;
    max.ftz.f32 %f80, %f79, %f52;
    sqrt.approx.ftz.f32 %f81, %f80;
    fma.rn.ftz.f32 %f82, %f77, %f77, %f71;
    sub.ftz.f32 %f83, %f35, %f82;
    max.ftz.f32 %f84, %f83, %f52;
    sqrt.approx.ftz.f32 %f85, %f84;
    mul.ftz.f32 %f86, %f81, %f85;
    neg.ftz.f32 %f87, %f86;
    fma.rn.ftz.f32 %f88, %f42, %f77, %f87;
    mul.ftz.f32 %f89, %f42, %f85;
    fma.rn.ftz.f32 %f90, %f81, %f77, %f89;
    rcp.approx.ftz.f32 %f91, %f90;
    mul.ftz.f32 %f92, %f88, %f91;
    mul.ftz.f32 %f93, %f29, %f36;
    min.ftz.f32 %f94, %f93, %f35;
    max.ftz.f32 %f95, %f94, %f39;
    selp.f32 %f96, %f52, %f95, %p34;
    mul.ftz.f32 %f97, %f70, %f91;
    mul.ftz.f32 %f98, %f96, %f97;
    neg.ftz.f32 %f99, %f98;
    fma.rn.ftz.f32 %f100, %f41, %f92, %f99;
    mul.ftz.f32 %f101, %f100, %f18;
    neg.ftz.f32 %f102, %f101;
    mul.ftz.f32 %f103, %f41, %f97;
    fma.rn.ftz.f32 %f104, %f96, %f92, %f103;
    mul.ftz.f32 %f105, %f104, %f18;
    neg.ftz.f32 %f106, %f105;
    mul.ftz.f32 %f107, %f102, %f102;
    fma.rn.ftz.f32 %f108, %f106, %f106, %f107;
    add.ftz.f32 %f109, %f35, %f108;
    rsqrt.approx.ftz.f32 %f110, %f109;
    mul.ftz.f32 %f111, %f102, %f110;
    mul.ftz.f32 %f112, %f106, %f110;
    mul.ftz.f32 %f113, %f19, %f111;
    fma.rn.ftz.f32 %f114, %f22, %f112, %f113;
    fma.rn.ftz.f32 %f115, %f21, %f110, %f114;
    mul.ftz.f32 %f116, %f43, %f115;
    neg.ftz.f32 %f117, %f19;
    fma.rn.ftz.f32 %f118, %f111, %f116, %f117;
    neg.ftz.f32 %f119, %f22;
    fma.rn.ftz.f32 %f120, %f112, %f116, %f119;
    neg.ftz.f32 %f121, %f21;
    fma.rn.ftz.f32 %f122, %f110, %f116, %f121;
    mov.b32 %f123, 0x40490fdb;
    mul.ftz.f32 %f124, %f18, %f18;
    mul.ftz.f32 %f125, %f123, %f124;
    div.approx.ftz.f32 %f126, %f111, %f18;
    mul.ftz.f32 %f127, %f126, %f126;
    div.approx.ftz.f32 %f128, %f112, %f18;
    mul.ftz.f32 %f129, %f128, %f128;
    add.ftz.f32 %f130, %f127, %f129;
    mul.ftz.f32 %f131, %f110, %f110;
    add.ftz.f32 %f132, %f130, %f131;
    mul.ftz.f32 %f133, %f132, %f132;
    mul.ftz.f32 %f134, %f125, %f133;
    rcp.approx.ftz.f32 %f135, %f134;
    mul.ftz.f32 %f136, %f135, %f110;
    mov.b32 %f137, 0x1e3ce508;
    setp.gt.f32 %p138, %f136, %f137;
    selp.f32 %f139, %f135, %f52, %p138;
    mul.ftz.f32 %f140, %f115, %f21;
    setp.le.f32 %p141, %f140, %f52;
    mul.ftz.f32 %f142, %f23, %f23;
    add.ftz.f32 %f143, %f24, %f142;
    setp.eq.f32 %p144, %f143, %f52;
    mul.ftz.f32 %f145, %f21, %f21;
    div.approx.ftz.f32 %f146, %f143, %f145;
    add.ftz.f32 %f147, %f35, %f146;
    sqrt.approx.ftz.f32 %f148, %f147;
    add.ftz.f32 %f149, %f35, %f148;
    div.approx.ftz.f32 %f150, %f43, %f149;
    selp.f32 %f151, %f35, %f150, %p144;
    selp.f32 %f152, %f52, %f151, %p141;
    mul.ftz.f32 %f153, %f139, %f152;
    abs.f32 %f154, %f115;
    mul.ftz.f32 %f155, %f153, %f154;
    div.approx.ftz.f32 %f156, %f155, %f21;
    mov.b32 %f157, 0x40800000;
    mul.ftz.f32 %f158, %f118, %f111;
    fma.rn.ftz.f32 %f159, %f120, %f112, %f158;
    fma.rn.ftz.f32 %f160, %f122, %f110, %f159;
    mul.ftz.f32 %f161, %f157, %f160;
    div.approx.ftz.f32 %f162, %f156, %f161;
    mov.b32 %r163, 0x8;
    mov.b32 %r164, 0x0;
    mul.ftz.f32 %f165, %f10, %f10;
    mul.ftz.f32 %f166, %f11, %f11;
    sub.ftz.f32 %f167, %f165, %f166;
    mul.ftz.f32 %f168, %f115, %f115;
    sub.ftz.f32 %f169, %f35, %f168;
    sub.ftz.f32 %f170, %f167, %f169;
    mul.ftz.f32 %f171, %f170, %f170;
    mul.ftz.f32 %f172, %f157, %f11;
    mul.ftz.f32 %f173, %f172, %f11;
    mul.ftz.f32 %f174, %f173, %f10;
    mul.ftz.f32 %f175, %f174, %f10;
    add.ftz.f32 %f176, %f171, %f175;
    max.ftz.f32 %f177, %f176, %f52;
    sqrt.approx.ftz.f32 %f178, %f177;
    add.ftz.f32 %f179, %f178, %f168;
    add.ftz.f32 %f180, %f178, %f170;
    mul.ftz.f32 %f181, %f66, %f180;
    max.ftz.f32 %f182, %f181, %f52;
    sqrt.approx.ftz.f32 %f183, %f182;
    mul.ftz.f32 %f184, %f116, %f183;
    sub.ftz.f32 %f185, %f179, %f184;
    add.ftz.f32 %f186, %f179, %f184;
    div.approx.ftz.f32 %f187, %f185, %f186;
    mul.ftz.f32 %f188, %f178, %f168;
    mul.ftz.f32 %f189, %f169, %f169;
    add.ftz.f32 %f190, %f188, %f189;
    mul.ftz.f32 %f191, %f184, %f169;
    sub.ftz.f32 %f192, %f190, %f191;
    mul.ftz.f32 %f193, %f187, %f192;
    add.ftz.f32 %f194, %f190, %f191;
    div.approx.ftz.f32 %f195, %f193, %f194;
    add.ftz.f32 %f196, %f187, %f195;
    mul.ftz.f32 %f197, %f66, %f196;
    mul.ftz.f32 %f198, %f160, %f122;
    setp.le.f32 %p199, %f198, %f52;
    mul.ftz.f32 %f200, %f18, %f118;
    mul.ftz.f32 %f201, %f200, %f200;
    mul.ftz.f32 %f202, %f18, %f120;
    mul.ftz.f32 %f203, %f202, %f202;
    add.ftz.f32 %f204, %f201, %f203;
    setp.eq.f32 %p205, %f204, %f52;
    mul.ftz.f32 %f206, %f122, %f122;
    div.approx.ftz.f32 %f207, %f204, %f206;
    add.ftz.f32 %f208, %f35, %f207;
    sqrt.approx.ftz.f32 %f209, %f208;
    add.ftz.f32 %f210, %f35, %f209;
    div.approx.ftz.f32 %f211, %f43, %f210;
    selp.f32 %f212, %f35, %f211, %p205;
    selp.f32 %f213, %f52, %f212, %p199;
    ld.param.f32 %f214, [params+4];
    mov.b32 %f215, 0x41a00000;
    ld.param.f32 %f216, [params+0];
    mul.ftz.f32 %f217, %f215, %f216;
    fma.rn.ftz.f32 %f218, %f52, %f214, %f217;
    cvt.rmi.f32.f32 %f219, %f218;
    sub.ftz.f32 %f220, %f218, %f219;
    setp.gt.f32 %p221, %f220, %f66;
    mov.b32 %f222, 0x42a00000;
    mul.ftz.f32 %f223, %f52, %f216;
    fma.rn.ftz.f32 %f224, %f222, %f214, %f223;
    cvt.rmi.f32.f32 %f225, %f224;
    sub.ftz.f32 %f226, %f224, %f225;
    setp.gt.f32 %p227, %f226, %f66;
    xor.pred %p228, %p221, %p227;
    not.pred %p228, %p228;    not.pred %p229, %p228;
    setp.gt.f32 %p230, %f21, %f52;
    setp.ne.f32 %p231, %f156, %f52;
    setp.gt.f32 %p232, %f122, %f52;
    and.pred %p233, %p231, %p232;
    and.pred %p234, %p230, %p233;
    and.pred %p235, %p229, %p234;
    and.pred %p236, %p228, %p234;
    selp.f32 %f237, %f5, %f52, %p236;
    selp.f32 %f238, %f4, %f237, %p235;
    mul.ftz.f32 %f239, %f213, %f238;
    mul.ftz.f32 %f240, %f197, %f239;
    selp.b32 %f241, %f240, 0, %p234;
    mul.ftz.f32 %f242, %f12, %f12;
    mul.ftz.f32 %f243, %f13, %f13;
    sub.ftz.f32 %f244, %f242, %f243;
    sub.ftz.f32 %f245, %f244, %f169;
    mul.ftz.f32 %f246, %f245, %f245;
    mul.ftz.f32 %f247, %f157, %f13;
    mul.ftz.f32 %f248, %f247, %f13;
    mul.ftz.f32 %f249, %f248, %f12;
    mul.ftz.f32 %f250, %f249, %f12;
    add.ftz.f32 %f251, %f246, %f250;
    max.ftz.f32 %f252, %f251, %f52;
    sqrt.approx.ftz.f32 %f253, %f252;
    add.ftz.f32 %f254, %f253, %f168;
    add.ftz.f32 %f255, %f253, %f245;
    mul.ftz.f32 %f256, %f66, %f255;
    max.ftz.f32 %f257, %f256, %f52;
    sqrt.approx.ftz.f32 %f258, %f257;
    mul.ftz.f32 %f259, %f116, %f258;
    sub.ftz.f32 %f260, %f254, %f259;
    add.ftz.f32 %f261, %f254, %f259;
    div.approx.ftz.f32 %f262, %f260, %f261;
    mul.ftz.f32 %f263, %f253, %f168;
    add.ftz.f32 %f264, %f263, %f189;
    mul.ftz.f32 %f265, %f259, %f169;
    sub.ftz.f32 %f266, %f264, %f265;
    mul.ftz.f32 %f267, %f262, %f266;
    add.ftz.f32 %f268, %f264, %f265;
    div.approx.ftz.f32 %f269, %f267, %f268;
    add.ftz.f32 %f270, %f262, %f269;
    mul.ftz.f32 %f271, %f66, %f270;
    selp.f32 %f272, %f7, %f52, %p236;
    selp.f32 %f273, %f6, %f272, %p235;
    mul.ftz.f32 %f274, %f213, %f273;
    mul.ftz.f32 %f275, %f271, %f274;
    selp.b32 %f276, %f275, 0, %p234;
    mul.ftz.f32 %f277, %f14, %f14;
    mul.ftz.f32 %f278, %f15, %f15;
    sub.ftz.f32 %f279, %f277, %f278;
    sub.ftz.f32 %f280, %f279, %f169;
    mul.ftz.f32 %f281, %f280, %f280;
    mul.ftz.f32 %f282, %f157, %f15;
    mul.ftz.f32 %f283, %f282, %f15;
    mul.ftz.f32 %f284, %f283, %f14;
    mul.ftz.f32 %f285, %f284, %f14;
    add.ftz.f32 %f286, %f281, %f285;
    max.ftz.f32 %f287, %f286, %f52;
    sqrt.approx.ftz.f32 %f288, %f287;
    add.ftz.f32 %f289, %f288, %f168;
    add.ftz.f32 %f290, %f288, %f280;
    mul.ftz.f32 %f291, %f66, %f290;
    max.ftz.f32 %f292, %f291, %f52;
    sqrt.approx.ftz.f32 %f293, %f292;
    mul.ftz.f32 %f294, %f116, %f293;
    sub.ftz.f32 %f295, %f289, %f294;
    add.ftz.f32 %f296, %f289, %f294;
    div.approx.ftz.f32 %f297, %f295, %f296;
    mul.ftz.f32 %f298, %f288, %f168;
    add.ftz.f32 %f299, %f298, %f189;
    mul.ftz.f32 %f300, %f294, %f169;
    sub.ftz.f32 %f301, %f299, %f300;
    mul.ftz.f32 %f302, %f297, %f301;
    add.ftz.f32 %f303, %f299, %f300;
    div.approx.ftz.f32 %f304, %f302, %f303;
    add.ftz.f32 %f305, %f297, %f304;
    mul.ftz.f32 %f306, %f66, %f305;
    selp.f32 %f307, %f9, %f52, %p236;
    selp.f32 %f308, %f8, %f307, %p235;
    mul.ftz.f32 %f309, %f213, %f308;
    mul.ftz.f32 %f310, %f306, %f309;
    selp.b32 %f311, %f310, 0, %p234;
    st.param.f32 [result+0], %f118;
    st.param.f32 [result+4], %f120;
    st.param.f32 [result+8], %f122;
    st.param.f32 [result+12], %f162;
    st.param.f32 [result+16], %f35;
    st.param.u32 [result+20], %r163;
    st.param.u32 [result+24], %r164;
    st.param.f32 [result+28], %f241;
    st.param.f32 [result+32], %f276;
    st.param.f32 [result+36], %f311;
    ret;
}

.visible .func (.param .align 4 .b8 result[12]) __direct_callable__802333739527ac2c145adb6cbe510e42(.reg .u64 data, .param .align 4 .b8 params[24]) {
    // VCall: mitsuba::BSDF::sample()
    .reg.b8   %b <438>; .reg.b16 %w<438>; .reg.b32 %r<438>;
    .reg.b64  %rd<438>; .reg.f32 %f<438>; .reg.f64 %d<438>;
    .reg.pred %p <438>;

    ld.global.f32 %f4, [data+0];
    mov.b32 %f5, 0x38d1b717;
    max.ftz.f32 %f6, %f4, %f5;
    ld.param.f32 %f7, [params+0];
    mul.ftz.f32 %f8, %f6, %f7;
    ld.param.f32 %f9, [params+8];
    ld.param.f32 %f10, [params+4];
    mul.ftz.f32 %f11, %f6, %f10;
    mul.ftz.f32 %f12, %f8, %f8;
    fma.rn.ftz.f32 %f13, %f11, %f11, %f12;
    fma.rn.ftz.f32 %f14, %f9, %f9, %f13;
    rsqrt.approx.ftz.f32 %f15, %f14;
    mul.ftz.f32 %f16, %f8, %f15;
    mul.ftz.f32 %f17, %f11, %f15;
    mul.ftz.f32 %f18, %f17, %f17;
    fma.rn.ftz.f32 %f19, %f16, %f16, %f18;
    abs.f32 %f20, %f19;
    mov.b32 %f21, 0x34800000;
    setp.le.f32 %p22, %f20, %f21;
    mov.b32 %f23, 0x3f800000;
    rsqrt.approx.ftz.f32 %f24, %f19;
    mul.ftz.f32 %f25, %f16, %f24;
    min.ftz.f32 %f26, %f25, %f23;
    mov.b32 %f27, 0xbf800000;
    max.ftz.f32 %f28, %f26, %f27;
    selp.f32 %f29, %f23, %f28, %p22;
    mul.ftz.f32 %f30, %f9, %f15;
    neg.ftz.f32 %f31, %f30;
    fma.rn.ftz.f32 %f32, %f30, %f31, %f23;
    mov.b32 %f33, 0x0;
    max.ftz.f32 %f34, %f32, %f33;
    sqrt.approx.ftz.f32 %f35, %f34;
    div.approx.ftz.f32 %f36, %f35, %f30;
    rcp.approx.ftz.f32 %f37, %f36;
    abs.f32 %f38, %f37;
    setp.lt.f32 %p39, %f38, %f23;
    mul.ftz.f32 %f40, %f37, %f37;
    mul.ftz.f32 %f41, %f40, %f40;
    mul.ftz.f32 %f42, %f41, %f41;
    mul.ftz.f32 %f43, %f42, %f42;
    mov.b32 %f44, 0xb055d725;
    mov.b32 %f45, 0x326b8d88;
    fma.rn.ftz.f32 %f46, %f40, %f44, %f45;
    mov.b32 %f47, 0xb42e0393;
    mov.b32 %f48, 0x35dcbfea;
    fma.rn.ftz.f32 %f49, %f40, %f47, %f48;
    fma.rn.ftz.f32 %f50, %f41, %f46, %f49;
    mov.b32 %f51, 0xb77a6527;
    mov.b32 %f52, 0x38fcd15d;
    fma.rn.ftz.f32 %f53, %f40, %f51, %f52;
    mov.b32 %f54, 0xba6016d8;
    mov.b32 %f55, 0x3bab2de6;
    fma.rn.ftz.f32 %f56, %f40, %f54, %f55;
    fma.rn.ftz.f32 %f57, %f41, %f53, %f56;
    mov.b32 %f58, 0xbcdc1672;
    mov.b32 %f59, 0x3de71791;
    fma.rn.ftz.f32 %f60, %f40, %f58, %f59;
    mov.b32 %f61, 0xbec093a3;
    mov.b32 %f62, 0x3f906ebb;
    fma.rn.ftz.f32 %f63, %f40, %f61, %f62;
    fma.rn.ftz.f32 %f64, %f41, %f60, %f63;
    fma.rn.ftz.f32 %f65, %f42, %f57, %f64;
    fma.rn.ftz.f32 %f66, %f43, %f50, %f65;
    mul.ftz.f32 %f67, %f37, %f66;
    mul.ftz.f32 %f68, %f38, %f38;
    mul.ftz.f32 %f69, %f68, %f68;
    mov.b32 %f70, 0xb9cd1e1c;
    mov.b32 %f71, 0xbc327bfe;
    fma.rn.ftz.f32 %f72, %f38, %f70, %f71;
    mov.b32 %f73, 0xbdce6dbf;
    mov.b32 %f74, 0xbefd92d0;
    fma.rn.ftz.f32 %f75, %f38, %f73, %f74;
    fma.rn.ftz.f32 %f76, %f68, %f72, %f75;
    mov.b32 %f77, 0xbfbda45c;
    mov.b32 %f78, 0xc031cf5c;
    fma.rn.ftz.f32 %f79, %f38, %f77, %f78;
    mov.b32 %f80, 0xc045d94b;
    mov.b32 %f81, 0xbfd05f42;
    fma.rn.ftz.f32 %f82, %f38, %f80, %f81;
    fma.rn.ftz.f32 %f83, %f68, %f79, %f82;
    fma.rn.ftz.f32 %f84, %f69, %f76, %f83;
    mov.b32 %f85, 0xb001e898;
    mov.b32 %f86, 0x398e350d;
    fma.rn.ftz.f32 %f87, %f38, %f85, %f86;
    mov.b32 %f88, 0x3bf73fc8;
    mov.b32 %f89, 0x3d8c7442;
    fma.rn.ftz.f32 %f90, %f38, %f88, %f89;
    fma.rn.ftz.f32 %f91, %f68, %f87, %f90;
    mov.b32 %f92, 0x3ea34427;
    mov.b32 %f93, 0x3f5ccc80;
    fma.rn.ftz.f32 %f94, %f38, %f92, %f93;
    mov.b32 %f95, 0x3faadae8;
    fma.rn.ftz.f32 %f96, %f38, %f95, %f23;
    fma.rn.ftz.f32 %f97, %f68, %f94, %f96;
    fma.rn.ftz.f32 %f98, %f69, %f91, %f97;
    div.approx.ftz.f32 %f99, %f84, %f98;
    mul.ftz.f32 %f100, %f99, %f38;
    ex2.approx.ftz.f32 %f101, %f100;
    sub.ftz.f32 %f102, %f23, %f101;
    abs.f32 %f103, %f102;
    mov.b32 %f104, 0x7f800000;
    setp.lt.f32 %p105, %f103, %f104;
    selp.f32 %f106, %f102, %f23, %p105;
    abs.f32 %f107, %f106;
    mov.b32 %f108, 0x80000000;
    and.b32 %f109, %f108, %f37;
    or.b32 %f110, %f107, %f109;
    selp.f32 %f111, %f67, %f110, %p39;
    add.ftz.f32 %f112, %f111, %f23;
    ld.param.f32 %f113, [params+16];
    mov.b32 %f114, 0x3f7fffef;
    min.ftz.f32 %f115, %f113, %f114;
    mov.b32 %f116, 0x358637bd;
    max.ftz.f32 %f117, %f115, %f116;
    lg2.approx.ftz.f32 %f118, %f117;
    mov.b32 %f119, 0x3f317218;
    mul.ftz.f32 %f120, %f118, %f119;
    neg.ftz.f32 %f121, %f120;
    sqrt.approx.ftz.f32 %f122, %f121;
    abs.f32 %f123, %f122;
    setp.lt.f32 %p124, %f123, %f23;
    mul.ftz.f32 %f125, %f122, %f122;
    mul.ftz.f32 %f126, %f125, %f125;
    mul.ftz.f32 %f127, %f126, %f126;
    mul.ftz.f32 %f128, %f127, %f127;
    fma.rn.ftz.f32 %f129, %f125, %f44, %f45;
    fma.rn.ftz.f32 %f130, %f125, %f47, %f48;
    fma.rn.ftz.f32 %f131, %f126, %f129, %f130;
    fma.rn.ftz.f32 %f132, %f125, %f51, %f52;
    fma.rn.ftz.f32 %f133, %f125, %f54, %f55;
    fma.rn.ftz.f32 %f134, %f126, %f132, %f133;
    fma.rn.ftz.f32 %f135, %f125, %f58, %f59;
    fma.rn.ftz.f32 %f136, %f125, %f61, %f62;
    fma.rn.ftz.f32 %f137, %f126, %f135, %f136;
    fma.rn.ftz.f32 %f138, %f127, %f134, %f137;
    fma.rn.ftz.f32 %f139, %f128, %f131, %f138;
    mul.ftz.f32 %f140, %f122, %f139;
    mul.ftz.f32 %f141, %f123, %f123;
    mul.ftz.f32 %f142, %f141, %f141;
    fma.rn.ftz.f32 %f143, %f123, %f70, %f71;
    fma.rn.ftz.f32 %f144, %f123, %f73, %f74;
    fma.rn.ftz.f32 %f145, %f141, %f143, %f144;
    fma.rn.ftz.f32 %f146, %f123, %f77, %f78;
    fma.rn.ftz.f32 %f147, %f123, %f80, %f81;
    fma.rn.ftz.f32 %f148, %f141, %f146, %f147;
    fma.rn.ftz.f32 %f149, %f142, %f145, %f148;
    fma.rn.ftz.f32 %f150, %f123, %f85, %f86;
    fma.rn.ftz.f32 %f151, %f123, %f88, %f89;
    fma.rn.ftz.f32 %f152, %f141, %f150, %f151;
    fma.rn.ftz.f32 %f153, %f123, %f92, %f93;
    fma.rn.ftz.f32 %f154, %f123, %f95, %f23;
    fma.rn.ftz.f32 %f155, %f141, %f153, %f154;
    fma.rn.ftz.f32 %f156, %f142, %f152, %f155;
    div.approx.ftz.f32 %f157, %f149, %f156;
    mul.ftz.f32 %f158, %f157, %f123;
    ex2.approx.ftz.f32 %f159, %f158;
    sub.ftz.f32 %f160, %f23, %f159;
    abs.f32 %f161, %f160;
    setp.lt.f32 %p162, %f161, %f104;
    selp.f32 %f163, %f160, %f23, %p162;
    abs.f32 %f164, %f163;
    and.b32 %f165, %f108, %f122;
    or.b32 %f166, %f164, %f165;
    selp.f32 %f167, %f140, %f166, %p124;
    mul.ftz.f32 %f168, %f112, %f167;
    sub.ftz.f32 %f169, %f111, %f168;
    add.ftz.f32 %f170, %f23, %f169;
    mov.b32 %f171, 0x3f106ebb;
    mul.ftz.f32 %f172, %f171, %f36;
    mov.b32 %f173, 0x3fb8aa3b;
    sub.ftz.f32 %f174, %f23, %f169;
    mul.ftz.f32 %f175, %f174, %f170;
    lg2.approx.ftz.f32 %f176, %f175;
    mul.ftz.f32 %f177, %f176, %f119;
    neg.ftz.f32 %f178, %f177;
    mov.b32 %f179, 0x40a00000;
    setp.lt.f32 %p180, %f178, %f179;
    mov.b32 %f181, 0x40200000;
    sub.ftz.f32 %f182, %f178, %f181;
    mul.ftz.f32 %f183, %f182, %f182;
    mul.ftz.f32 %f184, %f183, %f183;
    mul.ftz.f32 %f185, %f184, %f184;
    mov.b32 %f186, 0x32f16588;
    mov.b32 %f187, 0x34b84b36;
    mov.b32 %f188, 0xb66c7357;
    fma.rn.ftz.f32 %f189, %f182, %f187, %f188;
    mov.b32 %f190, 0xb6935ac1;
    mov.b32 %f191, 0x396532db;
    fma.rn.ftz.f32 %f192, %f182, %f190, %f191;
    fma.rn.ftz.f32 %f193, %f183, %f189, %f192;
    mov.b32 %f194, 0xbaa45408;
    mov.b32 %f195, 0xbb88e4ef;
    fma.rn.ftz.f32 %f196, %f182, %f194, %f195;
    mov.b32 %f197, 0x3e7c8f63;
    mov.b32 %f198, 0x3fc02e2f;
    fma.rn.ftz.f32 %f199, %f182, %f197, %f198;
    fma.rn.ftz.f32 %f200, %f183, %f196, %f199;
    fma.rn.ftz.f32 %f201, %f184, %f193, %f200;
    fma.rn.ftz.f32 %f202, %f185, %f186, %f201;
    sqrt.approx.ftz.f32 %f203, %f178;
    mov.b32 %f204, 0x40400000;
    sub.ftz.f32 %f205, %f203, %f204;
    mul.ftz.f32 %f206, %f205, %f205;
    mul.ftz.f32 %f207, %f206, %f206;
    mul.ftz.f32 %f208, %f207, %f207;
    mov.b32 %f209, 0xb951f09b;
    mov.b32 %f210, 0x38d3b56b;
    mov.b32 %f211, 0x3ab0dc72;
    fma.rn.ftz.f32 %f212, %f205, %f210, %f211;
    mov.b32 %f213, 0xbb70bde7;
    mov.b32 %f214, 0x3bbc127b;
    fma.rn.ftz.f32 %f215, %f205, %f213, %f214;
    fma.rn.ftz.f32 %f216, %f206, %f212, %f215;
    mov.b32 %f217, 0xbbf9c5d7;
    mov.b32 %f218, 0x3c1aa57e;
    fma.rn.ftz.f32 %f219, %f205, %f217, %f218;
    mov.b32 %f220, 0x3f8036db;
    mov.b32 %f221, 0x40354f7e;
    fma.rn.ftz.f32 %f222, %f205, %f220, %f221;
    fma.rn.ftz.f32 %f223, %f206, %f219, %f222;
    fma.rn.ftz.f32 %f224, %f207, %f216, %f223;
    fma.rn.ftz.f32 %f225, %f208, %f209, %f224;
    selp.f32 %f226, %f202, %f225, %p180;
    mul.ftz.f32 %f227, %f226, %f169;
    mul.ftz.f32 %f228, %f227, %f227;
    neg.ftz.f32 %f229, %f228;
    mul.ftz.f32 %f230, %f173, %f229;
    ex2.approx.ftz.f32 %f231, %f230;
    mul.ftz.f32 %f232, %f172, %f231;
    add.ftz.f32 %f233, %f170, %f232;
    add.ftz.f32 %f234, %f23, %f111;
    neg.ftz.f32 %f235, %f40;
    mul.ftz.f32 %f236, %f173, %f235;
    ex2.approx.ftz.f32 %f237, %f236;
    mul.ftz.f32 %f238, %f172, %f237;
    add.ftz.f32 %f239, %f234, %f238;
    mul.ftz.f32 %f240, %f117, %f239;
    sub.ftz.f32 %f241, %f233, %f240;
    mul.ftz.f32 %f242, %f227, %f36;
    sub.ftz.f32 %f243, %f23, %f242;
    div.approx.ftz.f32 %f244, %f241, %f243;
    sub.ftz.f32 %f245, %f169, %f244;
    add.ftz.f32 %f246, %f23, %f245;
    sub.ftz.f32 %f247, %f23, %f245;
    mul.ftz.f32 %f248, %f247, %f246;
    lg2.approx.ftz.f32 %f249, %f248;
    mul.ftz.f32 %f250, %f249, %f119;
    neg.ftz.f32 %f251, %f250;
    setp.lt.f32 %p252, %f251, %f179;
    sub.ftz.f32 %f253, %f251, %f181;
    mul.ftz.f32 %f254, %f253, %f253;
    mul.ftz.f32 %f255, %f254, %f254;
    mul.ftz.f32 %f256, %f255, %f255;
    fma.rn.ftz.f32 %f257, %f253, %f187, %f188;
    fma.rn.ftz.f32 %f258, %f253, %f190, %f191;
    fma.rn.ftz.f32 %f259, %f254, %f257, %f258;
    fma.rn.ftz.f32 %f260, %f253, %f194, %f195;
    fma.rn.ftz.f32 %f261, %f253, %f197, %f198;
    fma.rn.ftz.f32 %f262, %f254, %f260, %f261;
    fma.rn.ftz.f32 %f263, %f255, %f259, %f262;
    fma.rn.ftz.f32 %f264, %f256, %f186, %f263;
    sqrt.approx.ftz.f32 %f265, %f251;
    sub.ftz.f32 %f266, %f265, %f204;
    mul.ftz.f32 %f267, %f266, %f266;
    mul.ftz.f32 %f268, %f267, %f267;
    mul.ftz.f32 %f269, %f268, %f268;
    fma.rn.ftz.f32 %f270, %f266, %f210, %f211;
    fma.rn.ftz.f32 %f271, %f266, %f213, %f214;
    fma.rn.ftz.f32 %f272, %f267, %f270, %f271;
    fma.rn.ftz.f32 %f273, %f266, %f217, %f218;
    fma.rn.ftz.f32 %f274, %f266, %f220, %f221;
    fma.rn.ftz.f32 %f275, %f267, %f273, %f274;
    fma.rn.ftz.f32 %f276, %f268, %f272, %f275;
    fma.rn.ftz.f32 %f277, %f269, %f209, %f276;
    selp.f32 %f278, %f264, %f277, %p252;
    mul.ftz.f32 %f279, %f278, %f245;
    mul.ftz.f32 %f280, %f279, %f279;
    neg.ftz.f32 %f281, %f280;
    mul.ftz.f32 %f282, %f173, %f281;
    ex2.approx.ftz.f32 %f283, %f282;
    mul.ftz.f32 %f284, %f172, %f283;
    add.ftz.f32 %f285, %f246, %f284;
    sub.ftz.f32 %f286, %f285, %f240;
    mul.ftz.f32 %f287, %f279, %f36;
    sub.ftz.f32 %f288, %f23, %f287;
    div.approx.ftz.f32 %f289, %f286, %f288;
    sub.ftz.f32 %f290, %f245, %f289;
    add.ftz.f32 %f291, %f23, %f290;
    sub.ftz.f32 %f292, %f23, %f290;
    mul.ftz.f32 %f293, %f292, %f291;
    lg2.approx.ftz.f32 %f294, %f293;
    mul.ftz.f32 %f295, %f294, %f119;
    neg.ftz.f32 %f296, %f295;
    setp.lt.f32 %p297, %f296, %f179;
    sub.ftz.f32 %f298, %f296, %f181;
    mul.ftz.f32 %f299, %f298, %f298;
    mul.ftz.f32 %f300, %f299, %f299;
    mul.ftz.f32 %f301, %f300, %f300;
    fma.rn.ftz.f32 %f302, %f298, %f187, %f188;
    fma.rn.ftz.f32 %f303, %f298, %f190, %f191;
    fma.rn.ftz.f32 %f304, %f299, %f302, %f303;
    fma.rn.ftz.f32 %f305, %f298, %f194, %f195;
    fma.rn.ftz.f32 %f306, %f298, %f197, %f198;
    fma.rn.ftz.f32 %f307, %f299, %f305, %f306;
    fma.rn.ftz.f32 %f308, %f300, %f304, %f307;
    fma.rn.ftz.f32 %f309, %f301, %f186, %f308;
    sqrt.approx.ftz.f32 %f310, %f296;
    sub.ftz.f32 %f311, %f310, %f204;
    mul.ftz.f32 %f312, %f311, %f311;
    mul.ftz.f32 %f313, %f312, %f312;
    mul.ftz.f32 %f314, %f313, %f313;
    fma.rn.ftz.f32 %f315, %f311, %f210, %f211;
    fma.rn.ftz.f32 %f316, %f311, %f213, %f214;
    fma.rn.ftz.f32 %f317, %f312, %f315, %f316;
    fma.rn.ftz.f32 %f318, %f311, %f217, %f218;
    fma.rn.ftz.f32 %f319, %f311, %f220, %f221;
    fma.rn.ftz.f32 %f320, %f312, %f318, %f319;
    fma.rn.ftz.f32 %f321, %f313, %f317, %f320;
    fma.rn.ftz.f32 %f322, %f314, %f209, %f321;
    selp.f32 %f323, %f309, %f322, %p297;
    mul.ftz.f32 %f324, %f323, %f290;
    mul.ftz.f32 %f325, %f324, %f324;
    neg.ftz.f32 %f326, %f325;
    mul.ftz.f32 %f327, %f173, %f326;
    ex2.approx.ftz.f32 %f328, %f327;
    mul.ftz.f32 %f329, %f172, %f328;
    add.ftz.f32 %f330, %f291, %f329;
    sub.ftz.f32 %f331, %f330, %f240;
    mul.ftz.f32 %f332, %f324, %f36;
    sub.ftz.f32 %f333, %f23, %f332;
    div.approx.ftz.f32 %f334, %f331, %f333;
    sub.ftz.f32 %f335, %f290, %f334;
    sub.ftz.f32 %f336, %f23, %f335;
    add.ftz.f32 %f337, %f23, %f335;
    mul.ftz.f32 %f338, %f336, %f337;
    lg2.approx.ftz.f32 %f339, %f338;
    mul.ftz.f32 %f340, %f339, %f119;
    neg.ftz.f32 %f341, %f340;
    setp.lt.f32 %p342, %f341, %f179;
    sub.ftz.f32 %f343, %f341, %f181;
    mul.ftz.f32 %f344, %f343, %f343;
    mul.ftz.f32 %f345, %f344, %f344;
    mul.ftz.f32 %f346, %f345, %f345;
    fma.rn.ftz.f32 %f347, %f343, %f187, %f188;
    fma.rn.ftz.f32 %f348, %f343, %f190, %f191;
    fma.rn.ftz.f32 %f349, %f344, %f347, %f348;
    fma.rn.ftz.f32 %f350, %f343, %f194, %f195;
    fma.rn.ftz.f32 %f351, %f343, %f197, %f198;
    fma.rn.ftz.f32 %f352, %f344, %f350, %f351;
    fma.rn.ftz.f32 %f353, %f345, %f349, %f352;
    fma.rn.ftz.f32 %f354, %f346, %f186, %f353;
    sqrt.approx.ftz.f32 %f355, %f341;
    sub.ftz.f32 %f356, %f355, %f204;
    mul.ftz.f32 %f357, %f356, %f356;
    mul.ftz.f32 %f358, %f357, %f357;
    mul.ftz.f32 %f359, %f358, %f358;
    fma.rn.ftz.f32 %f360, %f356, %f210, %f211;
    fma.rn.ftz.f32 %f361, %f356, %f213, %f214;
    fma.rn.ftz.f32 %f362, %f357, %f360, %f361;
    fma.rn.ftz.f32 %f363, %f356, %f217, %f218;
    fma.rn.ftz.f32 %f364, %f356, %f220, %f221;
    fma.rn.ftz.f32 %f365, %f357, %f363, %f364;
    fma.rn.ftz.f32 %f366, %f358, %f362, %f365;
    fma.rn.ftz.f32 %f367, %f359, %f209, %f366;
    selp.f32 %f368, %f354, %f367, %p342;
    mul.ftz.f32 %f369, %f368, %f335;
    mul.ftz.f32 %f370, %f17, %f24;
    min.ftz.f32 %f371, %f370, %f23;
    max.ftz.f32 %f372, %f371, %f27;
    selp.f32 %f373, %f33, %f372, %p22;
    mov.b32 %f374, 0x40000000;
    ld.param.f32 %f375, [params+20];
    min.ftz.f32 %f376, %f375, %f114;
    max.ftz.f32 %f377, %f376, %f116;
    fma.rn.ftz.f32 %f378, %f374, %f377, %f27;
    sub.ftz.f32 %f379, %f23, %f378;
    add.ftz.f32 %f380, %f23, %f378;
    mul.ftz.f32 %f381, %f379, %f380;
    lg2.approx.ftz.f32 %f382, %f381;
    mul.ftz.f32 %f383, %f382, %f119;
    neg.ftz.f32 %f384, %f383;
    setp.lt.f32 %p385, %f384, %f179;
    sub.ftz.f32 %f386, %f384, %f181;
    mul.ftz.f32 %f387, %f386, %f386;
    mul.ftz.f32 %f388, %f387, %f387;
    mul.ftz.f32 %f389, %f388, %f388;
    fma.rn.ftz.f32 %f390, %f386, %f187, %f188;
    fma.rn.ftz.f32 %f391, %f386, %f190, %f191;
    fma.rn.ftz.f32 %f392, %f387, %f390, %f391;
    fma.rn.ftz.f32 %f393, %f386, %f194, %f195;
    fma.rn.ftz.f32 %f394, %f386, %f197, %f198;
    fma.rn.ftz.f32 %f395, %f387, %f393, %f394;
    fma.rn.ftz.f32 %f396, %f388, %f392, %f395;
    fma.rn.ftz.f32 %f397, %f389, %f186, %f396;
    sqrt.approx.ftz.f32 %f398, %f384;
    sub.ftz.f32 %f399, %f398, %f204;
    mul.ftz.f32 %f400, %f399, %f399;
    mul.ftz.f32 %f401, %f400, %f400;
    mul.ftz.f32 %f402, %f401, %f401;
    fma.rn.ftz.f32 %f403, %f399, %f210, %f211;
    fma.rn.ftz.f32 %f404, %f399, %f213, %f214;
    fma.rn.ftz.f32 %f405, %f400, %f403, %f404;
    fma.rn.ftz.f32 %f406, %f399, %f217, %f218;
    fma.rn.ftz.f32 %f407, %f399, %f220, %f221;
    fma.rn.ftz.f32 %f408, %f400, %f406, %f407;
    fma.rn.ftz.f32 %f409, %f401, %f405, %f408;
    fma.rn.ftz.f32 %f410, %f402, %f209, %f409;
    selp.f32 %f411, %f397, %f410, %p385;
    mul.ftz.f32 %f412, %f411, %f378;
    mul.ftz.f32 %f413, %f373, %f412;
    neg.ftz.f32 %f414, %f413;
    fma.rn.ftz.f32 %f415, %f29, %f369, %f414;
    mul.ftz.f32 %f416, %f415, %f6;
    neg.ftz.f32 %f417, %f416;
    mul.ftz.f32 %f418, %f29, %f412;
    fma.rn.ftz.f32 %f419, %f373, %f369, %f418;
    mul.ftz.f32 %f420, %f419, %f6;
    neg.ftz.f32 %f421, %f420;
    mul.ftz.f32 %f422, %f417, %f417;
    fma.rn.ftz.f32 %f423, %f421, %f421, %f422;
    add.ftz.f32 %f424, %f23, %f423;
    rsqrt.approx.ftz.f32 %f425, %f424;
    mul.ftz.f32 %f426, %f417, %f425;
    mul.ftz.f32 %f427, %f421, %f425;
    mul.ftz.f32 %f428, %f7, %f426;
    fma.rn.ftz.f32 %f429, %f10, %f427, %f428;
    fma.rn.ftz.f32 %f430, %f9, %f425, %f429;
    mul.ftz.f32 %f431, %f374, %f430;
    neg.ftz.f32 %f432, %f7;
    fma.rn.ftz.f32 %f433, %f426, %f431, %f432;
    neg.ftz.f32 %f434, %f10;
    fma.rn.ftz.f32 %f435, %f427, %f431, %f434;
    neg.ftz.f32 %f436, %f9;
    fma.rn.ftz.f32 %f437, %f425, %f431, %f436;
    st.param.f32 [result+0], %f433;
    st.param.f32 [result+4], %f435;
    st.param.f32 [result+8], %f437;
    ret;
}

.visible .func (.param .align 4 .b8 result[84]) __direct_callable__b51fdf1c2d33b3ba4d4178a8a31b575b(.reg .u32 self, .reg .u64 data, .param .align 4 .b8 params[40]) {
    // VCall: mitsuba::Shape::compute_surface_interaction()
    .reg.b8   %b <177>; .reg.b16 %w<177>; .reg.b32 %r<177>;
    .reg.b64  %rd<177>; .reg.f32 %f<177>; .reg.f64 %d<177>;
    .reg.pred %p <177>;

    ld.param.f32 %f4, [params+24];
    ld.global.u64 %rd5, [data+16];
    ld.global.u64 %rd6, [data+8];
    ld.param.u32 %r7, [params+36];
    mov.b32 %r8, 0x3;
    mul.lo.u32 %r9, %r7, %r8;
    mov.b32 %r10, 0x1;
    add.u32 %r11, %r9, %r10;
    mov.pred %p12, 0x1;
    mad.wide.u32 %rd3, %r11, 4, %rd6;
    ld.global.nc.u32 %r13, [%rd3];
    shl.b32 %r14, %r13, %r10;
    mad.wide.u32 %rd3, %r14, 4, %rd5;
    ld.global.nc.f32 %f15, [%rd3];
    mad.wide.u32 %rd3, %r9, 4, %rd6;
    ld.global.nc.u32 %r16, [%rd3];
    shl.b32 %r17, %r16, %r10;
    mad.wide.u32 %rd3, %r17, 4, %rd5;
    ld.global.nc.f32 %f18, [%rd3];
    sub.ftz.f32 %f19, %f15, %f18;
    mov.b32 %r20, 0x2;
    add.u32 %r21, %r9, %r20;
    mad.wide.u32 %rd3, %r21, 4, %rd6;
    ld.global.nc.u32 %r22, [%rd3];
    shl.b32 %r23, %r22, %r10;
    add.u32 %r24, %r23, %r10;
    mad.wide.u32 %rd3, %r24, 4, %rd5;
    ld.global.nc.f32 %f25, [%rd3];
    add.u32 %r26, %r17, %r10;
    mad.wide.u32 %rd3, %r26, 4, %rd5;
    ld.global.nc.f32 %f27, [%rd3];
    sub.ftz.f32 %f28, %f25, %f27;
    add.u32 %r29, %r14, %r10;
    mad.wide.u32 %rd3, %r29, 4, %rd5;
    ld.global.nc.f32 %f30, [%rd3];
    sub.ftz.f32 %f31, %f30, %f27;
    mad.wide.u32 %rd3, %r23, 4, %rd5;
    ld.global.nc.f32 %f32, [%rd3];
    sub.ftz.f32 %f33, %f32, %f18;
    mul.ftz.f32 %f34, %f31, %f33;
    neg.ftz.f32 %f35, %f34;
    fma.rn.ftz.f32 %f36, %f19, %f28, %f35;
    mov.b32 %f37, 0x0;
    setp.ne.f32 %p38, %f36, %f37;
    ld.global.u64 %rd39, [data+0];
    mul.lo.u32 %r40, %r13, %r8;
    add.u32 %r41, %r40, %r20;
    mad.wide.u32 %rd3, %r41, 4, %rd39;
    ld.global.nc.f32 %f42, [%rd3];
    mul.lo.u32 %r43, %r16, %r8;
    add.u32 %r44, %r43, %r20;
    mad.wide.u32 %rd3, %r44, 4, %rd39;
    ld.global.nc.f32 %f45, [%rd3];
    sub.ftz.f32 %f46, %f42, %f45;
    neg.ftz.f32 %f47, %f46;
    mul.lo.u32 %r48, %r22, %r8;
    add.u32 %r49, %r48, %r20;
    mad.wide.u32 %rd3, %r49, 4, %rd39;
    ld.global.nc.f32 %f50, [%rd3];
    sub.ftz.f32 %f51, %f50, %f45;
    mul.ftz.f32 %f52, %f19, %f51;
    fma.rn.ftz.f32 %f53, %f33, %f47, %f52;
    rcp.approx.ftz.f32 %f54, %f36;
    mul.ftz.f32 %f55, %f53, %f54;
    mad.wide.u32 %rd3, %r48, 4, %rd39;
    ld.global.nc.f32 %f56, [%rd3];
    mad.wide.u32 %rd3, %r43, 4, %rd39;
    ld.global.nc.f32 %f57, [%rd3];
    sub.ftz.f32 %f58, %f56, %f57;
    mad.wide.u32 %rd3, %r40, 4, %rd39;
    ld.global.nc.f32 %f59, [%rd3];
    sub.ftz.f32 %f60, %f59, %f57;
    mul.ftz.f32 %f61, %f60, %f51;
    neg.ftz.f32 %f62, %f61;
    fma.rn.ftz.f32 %f63, %f46, %f58, %f62;
    add.u32 %r64, %r48, %r10;
    mad.wide.u32 %rd3, %r64, 4, %rd39;
    ld.global.nc.f32 %f65, [%rd3];
    add.u32 %r66, %r43, %r10;
    mad.wide.u32 %rd3, %r66, 4, %rd39;
    ld.global.nc.f32 %f67, [%rd3];
    sub.ftz.f32 %f68, %f65, %f67;
    add.u32 %r69, %r40, %r10;
    mad.wide.u32 %rd3, %r69, 4, %rd39;
    ld.global.nc.f32 %f70, [%rd3];
    sub.ftz.f32 %f71, %f70, %f67;
    mul.ftz.f32 %f72, %f71, %f58;
    neg.ftz.f32 %f73, %f72;
    fma.rn.ftz.f32 %f74, %f60, %f68, %f73;
    mul.ftz.f32 %f75, %f46, %f68;
    neg.ftz.f32 %f76, %f75;
    fma.rn.ftz.f32 %f77, %f71, %f51, %f76;
    mul.ftz.f32 %f78, %f77, %f77;
    fma.rn.ftz.f32 %f79, %f63, %f63, %f78;
    fma.rn.ftz.f32 %f80, %f74, %f74, %f79;
    rsqrt.approx.ftz.f32 %f81, %f80;
    mul.ftz.f32 %f82, %f63, %f81;
    neg.ftz.f32 %f83, %f82;
    selp.f32 %f84, %f55, %f83, %p38;
    mov.b32 %f85, 0x3f800000;
    ld.param.f32 %f86, [params+28];
    sub.ftz.f32 %f87, %f85, %f86;
    ld.param.f32 %f88, [params+32];
    sub.ftz.f32 %f89, %f87, %f88;
    mul.ftz.f32 %f90, %f56, %f88;
    fma.rn.ftz.f32 %f91, %f59, %f86, %f90;
    fma.rn.ftz.f32 %f92, %f57, %f89, %f91;
    mul.ftz.f32 %f93, %f65, %f88;
    fma.rn.ftz.f32 %f94, %f70, %f86, %f93;
    fma.rn.ftz.f32 %f95, %f67, %f89, %f94;
    mul.ftz.f32 %f96, %f50, %f88;
    fma.rn.ftz.f32 %f97, %f42, %f86, %f96;
    fma.rn.ftz.f32 %f98, %f45, %f89, %f97;
    mul.ftz.f32 %f99, %f77, %f81;
    mul.ftz.f32 %f100, %f74, %f81;
    mov.u32 %r101, self;
    mul.ftz.f32 %f102, %f18, %f89;
    fma.rn.ftz.f32 %f103, %f15, %f86, %f102;
    fma.rn.ftz.f32 %f104, %f32, %f88, %f103;
    mul.ftz.f32 %f105, %f27, %f89;
    fma.rn.ftz.f32 %f106, %f30, %f86, %f105;
    fma.rn.ftz.f32 %f107, %f25, %f88, %f106;
    neg.ftz.f32 %f108, %f71;
    mul.ftz.f32 %f109, %f19, %f68;
    fma.rn.ftz.f32 %f110, %f33, %f108, %f109;
    mul.ftz.f32 %f111, %f110, %f54;
    mov.b32 %f112, 0x80000000;
    and.b32 %f113, %f112, %f100;
    or.b32 %f114, %f85, %f113;
    add.ftz.f32 %f115, %f114, %f100;
    rcp.approx.ftz.f32 %f116, %f115;
    neg.ftz.f32 %f117, %f116;
    mul.ftz.f32 %f118, %f82, %f117;
    fma.rn.ftz.f32 %f119, %f82, %f118, %f114;
    selp.f32 %f120, %f111, %f119, %p38;
    neg.ftz.f32 %f121, %f60;
    mul.ftz.f32 %f122, %f19, %f58;
    fma.rn.ftz.f32 %f123, %f33, %f121, %f122;
    mul.ftz.f32 %f124, %f123, %f54;
    mul.ftz.f32 %f125, %f99, %f82;
    mul.ftz.f32 %f126, %f125, %f117;
    selp.f32 %f127, %f124, %f126, %p38;
    mul.ftz.f32 %f128, %f31, %f51;
    neg.ftz.f32 %f129, %f128;
    fma.rn.ftz.f32 %f130, %f28, %f46, %f129;
    mul.ftz.f32 %f131, %f130, %f54;
    setp.ge.f32 %p132, %f100, %f37;
    neg.ftz.f32 %f133, %f99;
    selp.f32 %f134, %f133, %f99, %p132;
    selp.f32 %f135, %f131, %f134, %p38;
    mul.ftz.f32 %f136, %f31, %f68;
    neg.ftz.f32 %f137, %f136;
    fma.rn.ftz.f32 %f138, %f28, %f71, %f137;
    mul.ftz.f32 %f139, %f138, %f54;
    xor.b32 %f140, %f126, %f113;
    selp.f32 %f141, %f139, %f140, %p38;
    mul.ftz.f32 %f142, %f31, %f58;
    neg.ftz.f32 %f143, %f142;
    fma.rn.ftz.f32 %f144, %f28, %f60, %f143;
    mul.ftz.f32 %f145, %f144, %f54;
    mul.ftz.f32 %f146, %f99, %f99;
    mul.ftz.f32 %f147, %f146, %f117;
    xor.b32 %f148, %f147, %f113;
    add.ftz.f32 %f149, %f148, %f85;
    selp.f32 %f150, %f145, %f149, %p38;
    ld.global.u64 %rd151, [data+24];
    mad.wide.u32 %rd3, %r49, 4, %rd151;
    ld.global.nc.f32 %f152, [%rd3];
    mad.wide.u32 %rd3, %r41, 4, %rd151;
    ld.global.nc.f32 %f153, [%rd3];
    mad.wide.u32 %rd3, %r44, 4, %rd151;
    ld.global.nc.f32 %f154, [%rd3];
    mul.ftz.f32 %f155, %f154, %f89;
    fma.rn.ftz.f32 %f156, %f153, %f86, %f155;
    fma.rn.ftz.f32 %f157, %f152, %f88, %f156;
    mad.wide.u32 %rd3, %r64, 4, %rd151;
    ld.global.nc.f32 %f158, [%rd3];
    mad.wide.u32 %rd3, %r69, 4, %rd151;
    ld.global.nc.f32 %f159, [%rd3];
    mad.wide.u32 %rd3, %r66, 4, %rd151;
    ld.global.nc.f32 %f160, [%rd3];
    mul.ftz.f32 %f161, %f160, %f89;
    fma.rn.ftz.f32 %f162, %f159, %f86, %f161;
    fma.rn.ftz.f32 %f163, %f158, %f88, %f162;
    mad.wide.u32 %rd3, %r48, 4, %rd151;
    ld.global.nc.f32 %f164, [%rd3];
    mad.wide.u32 %rd3, %r40, 4, %rd151;
    ld.global.nc.f32 %f165, [%rd3];
    mad.wide.u32 %rd3, %r43, 4, %rd151;
    ld.global.nc.f32 %f166, [%rd3];
    mul.ftz.f32 %f167, %f166, %f89;
    fma.rn.ftz.f32 %f168, %f165, %f86, %f167;
    fma.rn.ftz.f32 %f169, %f164, %f88, %f168;
    mul.ftz.f32 %f170, %f169, %f169;
    fma.rn.ftz.f32 %f171, %f163, %f163, %f170;
    fma.rn.ftz.f32 %f172, %f157, %f157, %f171;
    rsqrt.approx.ftz.f32 %f173, %f172;
    mul.ftz.f32 %f174, %f157, %f173;
    mul.ftz.f32 %f175, %f169, %f173;
    mul.ftz.f32 %f176, %f163, %f173;
    st.param.f32 [result+0], %f4;
    st.param.f32 [result+4], %f84;
    st.param.f32 [result+8], %f92;
    st.param.f32 [result+12], %f95;
    st.param.f32 [result+16], %f98;
    st.param.f32 [result+20], %f99;
    st.param.f32 [result+24], %f82;
    st.param.f32 [result+28], %f100;
    st.param.u32 [result+32], %r101;
    st.param.f32 [result+36], %f104;
    st.param.f32 [result+40], %f107;
    st.param.f32 [result+44], %f86;
    st.param.f32 [result+48], %f88;
    st.param.f32 [result+52], %f120;
    st.param.f32 [result+56], %f127;
    st.param.f32 [result+60], %f135;
    st.param.f32 [result+64], %f141;
    st.param.f32 [result+68], %f150;
    st.param.f32 [result+72], %f174;
    st.param.f32 [result+76], %f175;
    st.param.f32 [result+80], %f176;
    ret;
}

.visible .func (.param .align 4 .b8 result[40]) __direct_callable__c4d47f60c8da4f88452a1a340c2c1995(.reg .u64 data, .param .align 4 .b8 params[32]) {
    // VCall: mitsuba::BSDF::sample()
    .reg.b8   %b <57>; .reg.b16 %w<57>; .reg.b32 %r<57>;
    .reg.b64  %rd<57>; .reg.f32 %f<57>; .reg.f64 %d<57>;
    .reg.pred %p <57>;

    ld.global.u64 %rd4, [data+0];
    mov.b32 %f5, 0x40000000;
    ld.param.f32 %f6, [params+24];
    mov.b32 %f7, 0xbf800000;
    fma.rn.ftz.f32 %f8, %f5, %f6, %f7;
    abs.f32 %f9, %f8;
    ld.param.f32 %f10, [params+28];
    fma.rn.ftz.f32 %f11, %f5, %f10, %f7;
    abs.f32 %f12, %f11;
    setp.lt.f32 %p13, %f9, %f12;
    selp.f32 %f14, %f11, %f8, %p13;
    mov.b32 %f15, 0x0;
    setp.eq.f32 %p16, %f8, %f15;
    setp.eq.f32 %p17, %f11, %f15;
    and.pred %p18, %p16, %p17;
    mov.b32 %f19, 0x3fc90fdb;
    mov.b32 %f20, 0x3f490fdb;
    selp.f32 %f21, %f8, %f11, %p13;
    mul.ftz.f32 %f22, %f20, %f21;
    div.approx.ftz.f32 %f23, %f22, %f14;
    sub.ftz.f32 %f24, %f19, %f23;
    selp.f32 %f25, %f24, %f23, %p13;
    selp.f32 %f26, %f15, %f25, %p18;
    cos.approx.ftz.f32 %f27, %f26;
    mul.ftz.f32 %f28, %f14, %f27;
    sin.approx.ftz.f32 %f29, %f26;
    mul.ftz.f32 %f30, %f14, %f29;
    mov.b32 %f31, 0x3f800000;
    mul.ftz.f32 %f32, %f28, %f28;
    fma.rn.ftz.f32 %f33, %f30, %f30, %f32;
    sub.ftz.f32 %f34, %f31, %f33;
    max.ftz.f32 %f35, %f34, %f15;
    sqrt.approx.ftz.f32 %f36, %f35;
    mov.b32 %f37, 0x3ea2f983;
    mul.ftz.f32 %f38, %f37, %f36;
    mov.b32 %r39, 0x2;
    mov.b32 %r40, 0x0;
    ld.param.f32 %f41, [params+4];
    ld.param.f32 %f42, [params+0];
    fma.rn.ftz.f32 %f43, %f15, %f41, %f42;
    mul.ftz.f32 %f44, %f15, %f42;
    add.ftz.f32 %f45, %f41, %f44;
    .reg.f32 %f46_out_<4>;
    tex.2d.v4.f32.f32 {%f46_out_0, %f46_out_1, %f46_out_2, %f46_out_3}, [%rd4, {%f43, %f45}];
    mov.b32 %f47, %f46_out_0;
    ld.param.f32 %f48, [params+16];
    setp.gt.f32 %p49, %f48, %f15;
    setp.gt.f32 %p50, %f38, %f15;
    and.pred %p51, %p49, %p50;
    selp.b32 %f52, %f47, 0, %p51;
    mov.b32 %f53, %f46_out_1;
    selp.b32 %f54, %f53, 0, %p51;
    mov.b32 %f55, %f46_out_2;
    selp.b32 %f56, %f55, 0, %p51;
    st.param.f32 [result+0], %f28;
    st.param.f32 [result+4], %f30;
    st.param.f32 [result+8], %f36;
    st.param.f32 [result+12], %f38;
    st.param.f32 [result+16], %f31;
    st.param.u32 [result+20], %r39;
    st.param.u32 [result+24], %r40;
    st.param.f32 [result+28], %f52;
    st.param.f32 [result+32], %f54;
    st.param.f32 [result+36], %f56;
    ret;
}

.visible .func (.param .align 4 .b8 result[40]) __direct_callable__f2b9df0a807beedc131b1e1ba408af05(.reg .u64 data, .param .align 4 .b8 params[32]) {
    // VCall: mitsuba::BSDF::sample()
    .reg.b8   %b <59>; .reg.b16 %w<59>; .reg.b32 %r<59>;
    .reg.b64  %rd<59>; .reg.f32 %f<59>; .reg.f64 %d<59>;
    .reg.pred %p <59>;

    ld.param.f32 %f4, [params+20];
    ld.param.f32 %f5, [params+16];
    abs.f32 %f6, %f5;
    mov.b32 %f7, 0x0;
    setp.eq.f32 %p8, %f6, %f7;
    mov.b32 %f9, 0x3f800000;
    mov.b32 %f10, 0x3f000000;
    setp.ge.f32 %p11, %f5, %f7;
    mov.b32 %f12, 0x3fc00000;
    mov.b32 %f13, 0x3f2aaaab;
    selp.f32 %f14, %f12, %f13, %p11;
    neg.ftz.f32 %f15, %f5;
    fma.rn.ftz.f32 %f16, %f5, %f15, %f9;
    selp.f32 %f17, %f13, %f12, %p11;
    mul.ftz.f32 %f18, %f17, %f17;
    neg.ftz.f32 %f19, %f18;
    fma.rn.ftz.f32 %f20, %f16, %f19, %f9;
    max.ftz.f32 %f21, %f20, %f7;
    sqrt.approx.ftz.f32 %f22, %f21;
    neg.ftz.f32 %f23, %f22;
    fma.rn.ftz.f32 %f24, %f14, %f23, %f6;
    fma.rn.ftz.f32 %f25, %f14, %f22, %f6;
    div.approx.ftz.f32 %f26, %f24, %f25;
    mul.ftz.f32 %f27, %f26, %f26;
    neg.ftz.f32 %f28, %f6;
    fma.rn.ftz.f32 %f29, %f14, %f28, %f22;
    fma.rn.ftz.f32 %f30, %f14, %f6, %f22;
    div.approx.ftz.f32 %f31, %f29, %f30;
    mul.ftz.f32 %f32, %f31, %f31;
    add.ftz.f32 %f33, %f27, %f32;
    mul.ftz.f32 %f34, %f10, %f33;
    selp.f32 %f35, %f9, %f34, %p8;
    setp.le.f32 %p36, %f4, %f35;
    ld.param.f32 %f37, [params+8];
    neg.ftz.f32 %f38, %f37;
    neg.ftz.f32 %f39, %f17;
    mul.ftz.f32 %f40, %f39, %f37;
    selp.f32 %f41, %f38, %f40, %p36;
    ld.param.f32 %f42, [params+12];
    neg.ftz.f32 %f43, %f42;
    mul.ftz.f32 %f44, %f39, %f42;
    selp.f32 %f45, %f43, %f44, %p36;
    selp.f32 %f46, %f23, %f22, %p11;
    selp.f32 %f47, %f5, %f46, %p36;
    sub.ftz.f32 %f48, %f9, %f35;
    selp.f32 %f49, %f35, %f48, %p36;
    selp.f32 %f50, %f9, %f14, %p36;
    mov.b32 %r51, 0x20;
    mov.b32 %r52, 0x40;
    selp.u32 %r53, %r51, %r52, %p36;
    mov.b32 %r54, 0x0;
    mov.b32 %r55, 0x1;
    selp.u32 %r56, %r54, %r55, %p36;
    not.pred %p57, %p36;
    selp.f32 %f58, %f18, %f9, %p57;
    st.param.f32 [result+0], %f41;
    st.param.f32 [result+4], %f45;
    st.param.f32 [result+8], %f47;
    st.param.f32 [result+12], %f49;
    st.param.f32 [result+16], %f50;
    st.param.u32 [result+20], %r53;
    st.param.u32 [result+24], %r56;
    st.param.f32 [result+28], %f58;
    st.param.f32 [result+32], %f58;
    st.param.f32 [result+36], %f58;
    ret;
}

.visible .func (.param .align 4 .b8 result[84]) __direct_callable__f9bd1a8ba432bd68f535c3799a2e3ec5(.reg .u32 self, .reg .u64 data, .param .align 4 .b8 params[40]) {
    // VCall: mitsuba::Shape::compute_surface_interaction()
    .reg.b8   %b <151>; .reg.b16 %w<151>; .reg.b32 %r<151>;
    .reg.b64  %rd<151>; .reg.f32 %f<151>; .reg.f64 %d<151>;
    .reg.pred %p <151>;

    ld.param.f32 %f4, [params+24];
    ld.global.u64 %rd5, [data+16];
    ld.global.u64 %rd6, [data+8];
    ld.param.u32 %r7, [params+36];
    mov.b32 %r8, 0x3;
    mul.lo.u32 %r9, %r7, %r8;
    mov.b32 %r10, 0x1;
    add.u32 %r11, %r9, %r10;
    mov.pred %p12, 0x1;
    mad.wide.u32 %rd3, %r11, 4, %rd6;
    ld.global.nc.u32 %r13, [%rd3];
    shl.b32 %r14, %r13, %r10;
    mad.wide.u32 %rd3, %r14, 4, %rd5;
    ld.global.nc.f32 %f15, [%rd3];
    mad.wide.u32 %rd3, %r9, 4, %rd6;
    ld.global.nc.u32 %r16, [%rd3];
    shl.b32 %r17, %r16, %r10;
    mad.wide.u32 %rd3, %r17, 4, %rd5;
    ld.global.nc.f32 %f18, [%rd3];
    sub.ftz.f32 %f19, %f15, %f18;
    mov.b32 %r20, 0x2;
    add.u32 %r21, %r9, %r20;
    mad.wide.u32 %rd3, %r21, 4, %rd6;
    ld.global.nc.u32 %r22, [%rd3];
    shl.b32 %r23, %r22, %r10;
    add.u32 %r24, %r23, %r10;
    mad.wide.u32 %rd3, %r24, 4, %rd5;
    ld.global.nc.f32 %f25, [%rd3];
    add.u32 %r26, %r17, %r10;
    mad.wide.u32 %rd3, %r26, 4, %rd5;
    ld.global.nc.f32 %f27, [%rd3];
    sub.ftz.f32 %f28, %f25, %f27;
    add.u32 %r29, %r14, %r10;
    mad.wide.u32 %rd3, %r29, 4, %rd5;
    ld.global.nc.f32 %f30, [%rd3];
    sub.ftz.f32 %f31, %f30, %f27;
    mad.wide.u32 %rd3, %r23, 4, %rd5;
    ld.global.nc.f32 %f32, [%rd3];
    sub.ftz.f32 %f33, %f32, %f18;
    mul.ftz.f32 %f34, %f31, %f33;
    neg.ftz.f32 %f35, %f34;
    fma.rn.ftz.f32 %f36, %f19, %f28, %f35;
    mov.b32 %f37, 0x0;
    setp.ne.f32 %p38, %f36, %f37;
    ld.global.u64 %rd39, [data+0];
    mul.lo.u32 %r40, %r13, %r8;
    add.u32 %r41, %r40, %r20;
    mad.wide.u32 %rd3, %r41, 4, %rd39;
    ld.global.nc.f32 %f42, [%rd3];
    mul.lo.u32 %r43, %r16, %r8;
    add.u32 %r44, %r43, %r20;
    mad.wide.u32 %rd3, %r44, 4, %rd39;
    ld.global.nc.f32 %f45, [%rd3];
    sub.ftz.f32 %f46, %f42, %f45;
    neg.ftz.f32 %f47, %f46;
    mul.lo.u32 %r48, %r22, %r8;
    add.u32 %r49, %r48, %r20;
    mad.wide.u32 %rd3, %r49, 4, %rd39;
    ld.global.nc.f32 %f50, [%rd3];
    sub.ftz.f32 %f51, %f50, %f45;
    mul.ftz.f32 %f52, %f19, %f51;
    fma.rn.ftz.f32 %f53, %f33, %f47, %f52;
    rcp.approx.ftz.f32 %f54, %f36;
    mul.ftz.f32 %f55, %f53, %f54;
    mad.wide.u32 %rd3, %r48, 4, %rd39;
    ld.global.nc.f32 %f56, [%rd3];
    mad.wide.u32 %rd3, %r43, 4, %rd39;
    ld.global.nc.f32 %f57, [%rd3];
    sub.ftz.f32 %f58, %f56, %f57;
    mad.wide.u32 %rd3, %r40, 4, %rd39;
    ld.global.nc.f32 %f59, [%rd3];
    sub.ftz.f32 %f60, %f59, %f57;
    mul.ftz.f32 %f61, %f60, %f51;
    neg.ftz.f32 %f62, %f61;
    fma.rn.ftz.f32 %f63, %f46, %f58, %f62;
    add.u32 %r64, %r48, %r10;
    mad.wide.u32 %rd3, %r64, 4, %rd39;
    ld.global.nc.f32 %f65, [%rd3];
    add.u32 %r66, %r43, %r10;
    mad.wide.u32 %rd3, %r66, 4, %rd39;
    ld.global.nc.f32 %f67, [%rd3];
    sub.ftz.f32 %f68, %f65, %f67;
    add.u32 %r69, %r40, %r10;
    mad.wide.u32 %rd3, %r69, 4, %rd39;
    ld.global.nc.f32 %f70, [%rd3];
    sub.ftz.f32 %f71, %f70, %f67;
    mul.ftz.f32 %f72, %f71, %f58;
    neg.ftz.f32 %f73, %f72;
    fma.rn.ftz.f32 %f74, %f60, %f68, %f73;
    mul.ftz.f32 %f75, %f46, %f68;
    neg.ftz.f32 %f76, %f75;
    fma.rn.ftz.f32 %f77, %f71, %f51, %f76;
    mul.ftz.f32 %f78, %f77, %f77;
    fma.rn.ftz.f32 %f79, %f63, %f63, %f78;
    fma.rn.ftz.f32 %f80, %f74, %f74, %f79;
    rsqrt.approx.ftz.f32 %f81, %f80;
    mul.ftz.f32 %f82, %f63, %f81;
    neg.ftz.f32 %f83, %f82;
    selp.f32 %f84, %f55, %f83, %p38;
    mov.b32 %f85, 0x3f800000;
    ld.param.f32 %f86, [params+28];
    sub.ftz.f32 %f87, %f85, %f86;
    ld.param.f32 %f88, [params+32];
    sub.ftz.f32 %f89, %f87, %f88;
    mul.ftz.f32 %f90, %f56, %f88;
    fma.rn.ftz.f32 %f91, %f59, %f86, %f90;
    fma.rn.ftz.f32 %f92, %f57, %f89, %f91;
    mul.ftz.f32 %f93, %f65, %f88;
    fma.rn.ftz.f32 %f94, %f70, %f86, %f93;
    fma.rn.ftz.f32 %f95, %f67, %f89, %f94;
    mul.ftz.f32 %f96, %f50, %f88;
    fma.rn.ftz.f32 %f97, %f42, %f86, %f96;
    fma.rn.jit_optix_compile(): optixPipelineCreate() failed. Please see the PTX assembly listing and error message below:

.version 6.0
.target sm_50
.address_size 64

.const .align 8 .b8 params[296];

.entry __raygen__3a66243e1300deb0223f37bb1d56b652() {
    .reg.b8   %b <846>; .reg.b16 %w<846>; .reg.b32 %r<846>;
    .reg.b64  %rd<846>; .reg.f32 %f<846>; .reg.f64 %d<846>;
    .reg.pred %p <846>;

    call (%r0), _optix_get_launch_index_x, ();
    ld.const.u32 %r1, [params + 4];
    add.u32 %r0, %r0, %r1;

body:
    ld.const.u64 %rd0, [params+8];
    ldu.global.u64 %rd6, [%rd0];
    mov.b32 %r7, 0x0;
    mov.pred %p8, 0x1;
    mov.b64 %rd9, 0x0;
    mov.b64 %rd10, 0x5851f42d4c957f2d;
    mov.u32 %r11, %r0;
    ld.const.u64 %rd0, [params+16];
    ldu.global.u32 %r12, [%rd0];
    mov.b32 %r13, 0x4;
    shl.b32 %r14, %r11, %r13;
    mov.b32 %r15, 0xa341316c;
    add.u32 %r16, %r14, %r15;
    mov.b32 %r17, 0x9e3779b9;
    add.u32 %r18, %r11, %r17;
    xor.b32 %r19, %r16, %r18;
    mov.b32 %r20, 0x5;
    shr.u32 %r21, %r11, %r20;
    mov.b32 %r22, 0xc8013ea4;
    add.u32 %r23, %r21, %r22;
    xor.b32 %r24, %r19, %r23;
    add.u32 %r25, %r12, %r24;
    shl.b32 %r26, %r25, %r13;
    mov.b32 %r27, 0xad90777d;
    add.u32 %r28, %r26, %r27;
    add.u32 %r29, %r25, %r17;
    xor.b32 %r30, %r28, %r29;
    shr.u32 %r31, %r25, %r20;
    mov.b32 %r32, 0x7e95761e;
    add.u32 %r33, %r31, %r32;
    xor.b32 %r34, %r30, %r33;
    add.u32 %r35, %r11, %r34;
    shl.b32 %r36, %r35, %r13;
    add.u32 %r37, %r36, %r15;
    mov.b32 %r38, 0x3c6ef372;
    add.u32 %r39, %r35, %r38;
    xor.b32 %r40, %r37, %r39;
    shr.u32 %r41, %r35, %r20;
    add.u32 %r42, %r41, %r22;
    xor.b32 %r43, %r40, %r42;
    add.u32 %r44, %r25, %r43;
    shl.b32 %r45, %r44, %r13;
    add.u32 %r46, %r45, %r27;
    add.u32 %r47, %r44, %r38;
    xor.b32 %r48, %r46, %r47;
    shr.u32 %r49, %r44, %r20;
    add.u32 %r50, %r49, %r32;
    xor.b32 %r51, %r48, %r50;
    add.u32 %r52, %r35, %r51;
    shl.b32 %r53, %r52, %r13;
    add.u32 %r54, %r53, %r15;
    mov.b32 %r55, 0xdaa66d2b;
    add.u32 %r56, %r52, %r55;
    xor.b32 %r57, %r54, %r56;
    shr.u32 %r58, %r52, %r20;
    add.u32 %r59, %r58, %r22;
    xor.b32 %r60, %r57, %r59;
    add.u32 %r61, %r44, %r60;
    shl.b32 %r62, %r61, %r13;
    add.u32 %r63, %r62, %r27;
    add.u32 %r64, %r61, %r55;
    xor.b32 %r65, %r63, %r64;
    shr.u32 %r66, %r61, %r20;
    add.u32 %r67, %r66, %r32;
    xor.b32 %r68, %r65, %r67;
    add.u32 %r69, %r52, %r68;
    shl.b32 %r70, %r69, %r13;
    add.u32 %r71, %r70, %r15;
    mov.b32 %r72, 0x78dde6e4;
    add.u32 %r73, %r69, %r72;
    xor.b32 %r74, %r71, %r73;
    shr.u32 %r75, %r69, %r20;
    add.u32 %r76, %r75, %r22;
    xor.b32 %r77, %r74, %r76;
    add.u32 %r78, %r61, %r77;
    shl.b32 %r79, %r78, %r13;
    add.u32 %r80, %r79, %r27;
    add.u32 %r81, %r78, %r72;
    xor.b32 %r82, %r80, %r81;
    shr.u32 %r83, %r78, %r20;
    add.u32 %r84, %r83, %r32;
    xor.b32 %r85, %r82, %r84;
    add.u32 %r86, %r69, %r85;
    cvt.u64.u32 %rd87, %r86;
    mov.b64 %rd88, 0x1;
    cvt.u32.u64 %r3, %rd88;
    shl.b64 %rd89, %rd87, %r3;
    or.b64 %rd90, %rd89, %rd88;
    mad.lo.u64 %rd91, %rd9, %rd10, %rd90;
    cvt.u64.u32 %rd92, %r78;
    add.u64 %rd93, %rd91, %rd92;
    mad.lo.u64 %rd94, %rd93, %rd10, %rd90;
    mov.b32 %f95, 0x0;
    mov.pred %p96, 0x1;
    ld.const.u64 %rd97, [params+24];
    mov.b32 %r98, %r21;
    mov.b32 %r99, %r98;
    mov.pred %p100, 0x1;
    mad.wide.u32 %rd3, %r99, 4, %rd97;
    ld.global.nc.u32 %r101, [%rd3];
    ld.const.u64 %rd102, [params+32];
    mad.wide.u32 %rd3, %r99, 4, %rd102;
    ld.global.nc.f32 %f103, [%rd3];
    mov.b32 %r104, 0x0;
    ld.const.u64 %rd105, [params+40];
    mad.wide.u32 %rd3, %r99, 4, %rd105;
    ld.global.nc.f32 %f106, [%rd3];
    ld.const.u64 %rd107, [params+48];
    mad.wide.u32 %rd3, %r99, 4, %rd107;
    ld.global.nc.f32 %f108, [%rd3];
    ld.const.u64 %rd109, [params+56];
    mad.wide.u32 %rd3, %r99, 4, %rd109;
    ld.global.nc.f32 %f110, [%rd3];
    ld.const.u64 %rd111, [params+64];
    mad.wide.u32 %rd3, %r99, 4, %rd111;
    ld.global.nc.f32 %f112, [%rd3];
    ld.const.u64 %rd113, [params+72];
    mad.wide.u32 %rd3, %r99, 4, %rd113;
    ld.global.nc.f32 %f114, [%rd3];
    ld.const.u64 %rd115, [params+80];
    mad.wide.u32 %rd3, %r99, 4, %rd115;
    ld.global.nc.f32 %f116, [%rd3];
    ld.const.u64 %rd117, [params+88];
    mad.wide.u32 %rd3, %r99, 4, %rd117;
    ld.global.nc.f32 %f118, [%rd3];
    ld.const.u64 %rd119, [params+96];
    mad.wide.u32 %rd3, %r99, 4, %rd119;
    ld.global.nc.f32 %f120, [%rd3];
    ld.const.u64 %rd121, [params+104];
    mad.wide.u32 %rd3, %r99, 4, %rd121;
    ld.global.nc.f32 %f122, [%rd3];
    ld.const.u64 %rd123, [params+112];
    mad.wide.u32 %rd3, %r99, 4, %rd123;
    ld.global.nc.f32 %f124, [%rd3];
    ld.const.u64 %rd125, [params+120];
    mad.wide.u32 %rd3, %r99, 4, %rd125;
    ld.global.nc.f32 %f126, [%rd3];
    ld.const.u64 %rd127, [params+128];
    mad.wide.u32 %rd3, %r99, 4, %rd127;
    ld.global.nc.f32 %f128, [%rd3];
    ld.const.u64 %rd129, [params+136];
    mad.wide.u32 %rd3, %r99, 4, %rd129;
    ld.global.nc.f32 %f130, [%rd3];
    ld.const.u64 %rd131, [params+144];
    mad.wide.u32 %rd3, %r99, 4, %rd131;
    ld.global.nc.f32 %f132, [%rd3];
    mov.b32 %f133, 0x0;
    mov.b32 %f134, 0x7f800000;
    mov.b32 %f135, 0x0;
    mov.b32 %f136, 0x0;
    mov.b32 %f137, 0x0;
    mov.b32 %f138, 0x0;
    mov.b32 %f139, 0x0;
    mov.b32 %f140, 0x0;
    mov.b32 %f141, 0x0;
    ld.const.u64 %rd142, [params+152];
    mad.wide.u32 %rd3, %r99, 4, %rd142;
    ld.global.nc.f32 %f143, [%rd3];
    mov.b32 %f144, 0x0;
    ld.const.u64 %rd145, [params+160];
    mad.wide.u32 %rd3, %r99, 4, %rd145;
    ld.global.nc.f32 %f146, [%rd3];
    mov.b32 %f147, 0x0;
    ld.const.u64 %rd148, [params+168];
    mad.wide.u32 %rd3, %r99, 4, %rd148;
    ld.global.nc.f32 %f149, [%rd3];
    mov.b32 %f150, 0x0;
    ld.const.u64 %rd151, [params+176];
    mad.wide.u32 %rd3, %r99, 4, %rd151;
    ld.global.nc.f32 %f152, [%rd3];
    mov.b32 %f153, 0x0;
    mov.b32 %f154, 0x0;
    mov.b32 %f155, 0x0;
    mov.b32 %f156, 0x0;
    mov.b32 %f157, 0x0;
    mov.b32 %f158, 0x0;
    mov.b32 %f159, 0x0;
    mov.b32 %f160, 0x0;
    mov.b32 %f161, 0x0;
    mov.b32 %f162, 0x0;
    mov.b32 %f163, 0x0;
    mov.b32 %f164, 0x0;
    mov.b32 %f165, 0x0;
    mov.b32 %f166, 0x0;
    mov.b32 %f167, 0x0;
    mov.b32 %f168, 0x0;
    mov.b32 %f169, 0x0;
    mov.b32 %f170, 0x0;
    mov.b32 %f171, 0x0;
    mov.b32 %f172, 0x0;
    mov.b32 %f173, 0x0;
    mov.b32 %f174, 0x0;
    mov.b32 %f175, 0x0;
    mov.b32 %f176, 0x0;
    mov.b32 %f177, 0x0;
    mov.b32 %f178, 0x0;
    mov.b32 %f179, 0x0;
    mov.b32 %f180, 0x0;
    mov.b32 %f181, 0x0;
    mov.b32 %f182, 0x0;
    mov.b32 %f183, 0x0;
    mov.b32 %f184, 0x0;
    mov.b32 %f185, 0x0;
    mov.b32 %f186, 0x0;
    mov.b32 %f187, 0x0;
    mov.b32 %f188, 0x0;
    mov.b32 %f189, 0x0;
    mov.b32 %f190, 0x0;
    mov.b32 %f191, 0x0;
    mov.b32 %f192, 0x0;
    mov.b32 %f193, 0x0;
    mov.b32 %f194, 0x0;
    mov.b32 %f195, 0x0;
    mov.b32 %f196, 0x0;
    mov.b32 %f197, 0x0;
    ld.const.u64 %rd198, [params+184];
    mad.wide.u32 %rd3, %r99, 4, %rd198;
    ld.global.nc.u32 %r199, [%rd3];
    mov.b32 %r200, 0x0;
    mov.b32 %r201, 0x0;
    mov.b32 %r202, 0x0;
    mov.u32 %r203, %r7;
    mov.pred %p204, %p8;
    mov.u64 %rd205, %rd94;
    mov.f32 %f206, %f95;
    mov.pred %p207, %p96;
    mov.u32 %r208, %r101;
    mov.f32 %f209, %f103;
    mov.u32 %r210, %r104;
    mov.f32 %f211, %f106;
    mov.f32 %f212, %f108;
    mov.f32 %f213, %f110;
    mov.f32 %f214, %f112;
    mov.f32 %f215, %f112;
    mov.f32 %f216, %f114;
    mov.f32 %f217, %f116;
    mov.f32 %f218, %f118;
    mov.f32 %f219, %f120;
    mov.f32 %f220, %f122;
    mov.f32 %f221, %f122;
    mov.f32 %f222, %f124;
    mov.f32 %f223, %f126;
    mov.f32 %f224, %f128;
    mov.f32 %f225, %f128;
    mov.f32 %f226, %f130;
    mov.f32 %f227, %f132;
    mov.f32 %f228, %f134;
    mov.f32 %f229, %f135;
    mov.f32 %f230, %f136;
    mov.f32 %f231, %f137;
    mov.f32 %f232, %f138;
    mov.f32 %f233, %f139;
    mov.f32 %f234, %f140;
    mov.f32 %f235, %f141;
    mov.f32 %f236, %f143;
    mov.f32 %f237, %f144;
    mov.f32 %f238, ftz.f32 %f98, %f45, %f89, %f97;
    mul.ftz.f32 %f99, %f77, %f81;
    mul.ftz.f32 %f100, %f74, %f81;
    mov.u32 %r101, self;
    mul.ftz.f32 %f102, %f18, %f89;
    fma.rn.ftz.f32 %f103, %f15, %f86, %f102;
    fma.rn.ftz.f32 %f104, %f32, %f88, %f103;
    mul.ftz.f32 %f105, %f27, %f89;
    fma.rn.ftz.f32 %f106, %f30, %f86, %f105;
    fma.rn.ftz.f32 %f107, %f25, %f88, %f106;
    neg.ftz.f32 %f108, %f71;
    mul.ftz.f32 %f109, %f19, %f68;
    fma.rn.ftz.f32 %f110, %f33, %f108, %f109;
    mul.ftz.f32 %f111, %f110, %f54;
    mov.b32 %f112, 0x80000000;
    and.b32 %f113, %f112, %f100;
    or.b32 %f114, %f85, %f113;
    add.ftz.f32 %f115, %f114, %f100;
    rcp.approx.ftz.f32 %f116, %f115;
    neg.ftz.f32 %f117, %f116;
    mul.ftz.f32 %f118, %f82, %f117;
    fma.rn.ftz.f32 %f119, %f82, %f118, %f114;
    selp.f32 %f120, %f111, %f119, %p38;
    neg.ftz.f32 %f121, %f60;
    mul.ftz.f32 %f122, %f19, %f58;
    fma.rn.ftz.f32 %f123, %f33, %f121, %f122;
    mul.ftz.f32 %f124, %f123, %f54;
    mul.ftz.f32 %f125, %f99, %f82;
    mul.ftz.f32 %f126, %f125, %f117;
    selp.f32 %f127, %f124, %f126, %p38;
    mul.ftz.f32 %f128, %f31, %f51;
    neg.ftz.f32 %f129, %f128;
    fma.rn.ftz.f32 %f130, %f28, %f46, %f129;
    mul.ftz.f32 %f131, %f130, %f54;
    setp.ge.f32 %p132, %f100, %f37;
    neg.ftz.f32 %f133, %f99;
    selp.f32 %f134, %f133, %f99, %p132;
    selp.f32 %f135, %f131, %f134, %p38;
    mul.ftz.f32 %f136, %f31, %f68;
    neg.ftz.f32 %f137, %f136;
    fma.rn.ftz.f32 %f138, %f28, %f71, %f137;
    mul.ftz.f32 %f139, %f138, %f54;
    xor.b32 %f140, %f126, %f113;
    selp.f32 %f141, %f139, %f140, %p38;
    mul.ftz.f32 %f142, %f31, %f58;
    neg.ftz.f32 %f143, %f142;
    fma.rn.ftz.f32 %f144, %f28, %f60, %f143;
    mul.ftz.f32 %f145, %f144, %f54;
    mul.ftz.f32 %f146, %f99, %f99;
    mul.ftz.f32 %f147, %f146, %f117;
    xor.b32 %f148, %f147, %f113;
    add.ftz.f32 %f149, %f148, %f85;
    selp.f32 %f150, %f145, %f149, %p38;
    st.param.f32 [result+0], %f4;
    st.param.f32 [result+4], %f84;
    st.param.f32 [result+8], %f92;
    st.param.f32 [result+12], %f95;
    st.param.f32 [result+16], %f98;
    st.param.f32 [result+20], %f99;
    st.param.f32 [result+24], %f82;
    st.param.f32 [result+28], %f100;
    st.param.u32 [result+32], %r101;
    st.param.f32 [result+36], %f104;
    st.param.f32 [result+40], %f107;
    st.param.f32 [result+44], %f86;
    st.param.f32 [result+48], %f88;
    st.param.f32 [result+52], %f120;
    st.param.f32 [result+56], %f127;
    st.param.f32 [result+60], %f135;
    st.param.f32 [result+64], %f141;
    st.param.f32 [result+68], %f150;
    st.param.f32 [result+72], %f100;
    st.param.f32 [result+76], %f99;
    st.param.f32 [result+80], %f82;
    ret;
}


COMPILE ERROR: failed to create pipeline
Info: Pipeline statistics
	module(s)                            :     2
	entry function(s)                    :    28
	trace call(s)                        :     1
	continuation callable call(s)        :     0
	direct callable call(s)              :     3
	basic block(s) in entry functions    :   397
	instruction(s) in entry functions    : 14281
	non-entry function(s)                :     0
	basic block(s) in non-entry functions:     0
	instruction(s) in non-entry functions:     0
	debug information                    :    no

%f146;
    mov.f32 %f239, %f147;
    mov.f32 %f240, %f149;
    mov.f32 %f241, %f150;
    mov.f32 %f242, %f152;
    mov.f32 %f243, %f153;
    mov.f32 %f244, %f154;
    mov.f32 %f245, %f155;
    mov.f32 %f246, %f156;
    mov.f32 %f247, %f157;
    mov.f32 %f248, %f158;
    mov.f32 %f249, %f159;
    mov.f32 %f250, %f160;
    mov.f32 %f251, %f161;
    mov.f32 %f252, %f162;
    mov.f32 %f253, %f163;
    mov.f32 %f254, %f164;
    mov.f32 %f255, %f165;
    mov.f32 %f256, %f166;
    mov.f32 %f257, %f167;
    mov.f32 %f258, %f168;
    mov.f32 %f259, %f169;
    mov.f32 %f260, %f170;
    mov.f32 %f261, %f171;
    mov.f32 %f262, %f172;
    mov.f32 %f263, %f173;
    mov.f32 %f264, %f174;
    mov.f32 %f265, %f176;
    mov.f32 %f266, %f178;
    mov.f32 %f267, %f180;
    mov.f32 %f268, %f182;
    mov.f32 %f269, %f184;
    mov.f32 %f270, %f186;
    mov.f32 %f271, %f188;
    mov.f32 %f272, %f190;
    mov.f32 %f273, %f192;
    mov.f32 %f274, %f194;
    mov.f32 %f275, %f195;
    mov.f32 %f276, %f196;
    mov.f32 %f277, %f197;
    mov.u32 %r278, %r199;
    mov.u32 %r279, %r200;
    mov.u32 %r280, %r201;
    mov.u32 %r281, %r202;

l_282_cond: // Loop (first smooth surface)
    @!%p204 bra l_282_done;

l_282_body:
    mov.u64 %rd284, %rd205;
    mov.pred %p285, %p204;
    mov.f32 %f286, %f206;
    mov.pred %p287, %p207;
    mov.u32 %r288, %r208;
    mov.f32 %f289, %f209;
    mov.u32 %r290, %r210;
    mov.f32 %f291, %f211;
    mov.f32 %f292, %f212;
    mov.f32 %f293, %f213;
    mov.f32 %f294, %f214;
    mov.f32 %f295, %f215;
    mov.f32 %f296, %f216;
    mov.f32 %f297, %f217;
    mov.f32 %f298, %f218;
    mov.f32 %f299, %f219;
    mov.f32 %f300, %f220;
    mov.f32 %f301, %f221;
    mov.f32 %f302, %f222;
    mov.f32 %f303, %f223;
    mov.f32 %f304, %f224;
    mov.f32 %f305, %f225;
    mov.f32 %f306, %f226;
    mov.f32 %f307, %f227;
    mov.f32 %f308, %f228;
    mov.f32 %f309, %f229;
    mov.f32 %f310, %f230;
    mov.f32 %f311, %f231;
    mov.f32 %f312, %f232;
    mov.f32 %f313, %f233;
    mov.f32 %f314, %f234;
    mov.f32 %f315, %f235;
    mov.u32 %r316, %r203;
    mov.f32 %f317, %f236;
    mov.f32 %f318, %f237;
    mov.f32 %f319, %f238;
    mov.f32 %f320, %f239;
    mov.f32 %f321, %f240;
    mov.f32 %f322, %f241;
    mov.f32 %f323, %f242;
    mov.f32 %f324, %f243;
    mov.f32 %f325, %f244;
    mov.f32 %f326, %f245;
    mov.f32 %f327, %f246;
    mov.f32 %f328, %f247;
    mov.f32 %f329, %f248;
    mov.f32 %f330, %f249;
    mov.f32 %f331, %f250;
    mov.f32 %f332, %f251;
    mov.f32 %f333, %f252;
    mov.f32 %f334, %f253;
    mov.f32 %f335, %f254;
    mov.f32 %f336, %f255;
    mov.f32 %f337, %f256;
    mov.f32 %f338, %f257;
    mov.f32 %f339, %f258;
    mov.f32 %f340, %f259;
    mov.f32 %f341, %f260;
    mov.f32 %f342, %f261;
    mov.f32 %f343, %f262;
    mov.f32 %f344, %f263;
    mov.f32 %f345, %f264;
    mov.f32 %f346, %f265;
    mov.f32 %f347, %f266;
    mov.f32 %f348, %f267;
    mov.f32 %f349, %f268;
    mov.f32 %f350, %f269;
    mov.f32 %f351, %f270;
    mov.f32 %f352, %f271;
    mov.f32 %f353, %f272;
    mov.f32 %f354, %f273;
    mov.f32 %f355, %f274;
    mov.f32 %f356, %f275;
    mov.f32 %f357, %f276;
    mov.f32 %f358, %f277;
    mov.u32 %r359, %r278;
    mov.u32 %r360, %r279;
    mov.u32 %r361, %r280;
    mov.u32 %r362, %r281;
    mov.b64 %rd363, 0x5851f42d4c957f2d;
    mad.lo.u64 %rd364, %rd284, %rd363, %rd90;
    mad.lo.u64 %rd365, %rd364, %rd363, %rd90;
    mad.lo.u64 %rd366, %rd365, %rd363, %rd90;
    mov.b32 %f367, 0x7f800000;
    setp.ne.f32 %p368, %f286, %f367;
    ld.const.u64 %rd369, [params+192];
    ld.const.u64 %rd370, [params+200];
    mov.b32 %r371, 0x0;
    setp.ne.u32 %p372, %r288, %r371;
    @!%p372 bra l_373_masked;
    mad.wide.u32 %rd3, %r288, 4, %rd370;
    ld.global.nc.u32 %r373, [%rd3];
    bra.uni l_373_done;

l_373_masked:
    mov.b32 %r373, 0;

l_373_done:
    setp.ne.u32 %p374, %r373, %r371;
    @!%p374 bra l_375_masked;
    mad.wide.u32 %rd3, %r373, 4, %rd369;
    ld.global.nc.u32 %r375, [%rd3];
    bra.uni l_375_done;

l_375_masked:
    mov.b32 %r375, 0;

l_375_done:
    mov.b32 %r376, 0x1;
    and.b32 %r377, %

Critical Dr.Jit compiler failure: jit_optix_check(): API error 7251 (OPTIX_ERROR_PIPELINE_LINK_ERROR): "Pipeline link error" in ../ext/drjit/ext/drjit-core/src/optix_core.cpp:398.
r375, %r376;
    setp.ne.u32 %p378, %r377, %r371;
    ld.const.u64 %rd379, [params+208];
    @!%p374 bra l_380_masked;
    mad.wide.u32 %rd3, %r373, 4, %rd379;
    ld.global.nc.u32 %r380, [%rd3];
    bra.uni l_380_done;

l_380_masked:
    mov.b32 %r380, 0;

l_380_done:
    mov.b32 %r381, 0x10000;
    and.b32 %r382, %r380, %r381;
    setp.ne.u32 %p383, %r382, %r371;
    not.pred %p384, %p383;
    mov.b32 %f385, 0x0;
    setp.lt.f32 %p386, %f289, %f385;
    and.pred %p387, %p384, %p386;
    or.pred %p388, %p378, %p387;
    and.pred %p389, %p287, %p388;
    not.pred %p390, %p389;
    and.pred %p391, %p368, %p390;
    mov.b32 %r392, 0x10;
    setp.lo.u32 %p393, %r290, %r392;
    and.pred %p394, %p391, %p393;
    and.pred %p395, %p285, %p394;
    ld.const.u64 %rd396, [params+216];
    @!%p374 bra l_397_masked;
    mad.wide.u32 %rd3, %r373, 4, %rd396;
    ld.global.nc.u32 %r397, [%rd3];
    bra.uni l_397_done;

l_397_masked:
    mov.b32 %r397, 0;

l_397_done:
    mov.b32 %r398, 0x1e;
    and.b32 %r399, %r397, %r398;
    setp.ne.u32 %p400, %r399, %r371;
    not.pred %p401, %p400;
    and.pred %p402, %p395, %p401;
    mov.b64 %rd403, 0x12;
    cvt.u32.u64 %r3, %rd403;
    shr.u64 %rd404, %rd284, %r3;
    xor.b64 %rd405, %rd404, %rd284;
    mov.b64 %rd406, 0x1b;
    cvt.u32.u64 %r3, %rd406;
    shr.u64 %rd407, %rd405, %r3;
    cvt.u32.u64 %r408, %rd407;
    mov.b64 %rd409, 0x3b;
    cvt.u32.u64 %r3, %rd409;
    shr.u64 %rd410, %rd284, %r3;
    cvt.u32.u64 %r411, %rd410;
    shr.u32 %r412, %r408, %r411;
    mov.b32 %r413, %r411;
    neg.s32 %r414, %r413;
    mov.b32 %r415, 0x1f;
    and.b32 %r416, %r414, %r415;
    mov.b32 %r417, %r416;
    shl.b32 %r418, %r408, %r417;
    or.b32 %r419, %r412, %r418;
    mov.b32 %r420, 0x9;
    shr.u32 %r421, %r419, %r420;
    mov.b32 %r422, 0x3f800000;
    or.b32 %r423, %r421, %r422;
    mov.b32 %f424, %r423;
    mov.b32 %f425, 0x3f800000;
    sub.ftz.f32 %f426, %f424, %f425;
    cvt.u32.u64 %r3, %rd403;
    shr.u64 %rd427, %rd364, %r3;
    xor.b64 %rd428, %rd427, %rd364;
    cvt.u32.u64 %r3, %rd406;
    shr.u64 %rd429, %rd428, %r3;
    cvt.u32.u64 %r430, %rd429;
    cvt.u32.u64 %r3, %rd409;
    shr.u64 %rd431, %rd364, %r3;
    cvt.u32.u64 %r432, %rd431;
    shr.u32 %r433, %r430, %r432;
    mov.b32 %r434, %r432;
    neg.s32 %r435, %r434;
    and.b32 %r436, %r435, %r415;
    mov.b32 %r437, %r436;
    shl.b32 %r438, %r430, %r437;
    or.b32 %r439, %r433, %r438;
    shr.u32 %r440, %r439, %r420;
    or.b32 %r441, %r440, %r422;
    mov.b32 %f442, %r441;
    sub.ftz.f32 %f443, %f442, %f425;
    cvt.u32.u64 %r3, %rd403;
    shr.u64 %rd444, %rd365, %r3;
    xor.b64 %rd445, %rd444, %rd365;
    cvt.u32.u64 %r3, %rd406;
    shr.u64 %rd446, %rd445, %r3;
    cvt.u32.u64 %r447, %rd446;
    cvt.u32.u64 %r3, %rd409;
    shr.u64 %rd448, %rd365, %r3;
    cvt.u32.u64 %r449, %rd448;
    shr.u32 %r450, %r447, %r449;
    mov.b32 %r451, %r449;
    neg.s32 %r452, %r451;
    and.b32 %r453, %r452, %r415;
    mov.b32 %r454, %r453;
    shl.b32 %r455, %r447, %r454;
    or.b32 %r456, %r450, %r455;
    shr.u32 %r457, %r456, %r420;
    or.b32 %r458, %r457, %r422;
    mov.b32 %f459, %r458;
    sub.ftz.f32 %f460, %f459, %f425;
    selp.f32 %f461, %f286, %f308, %p285;
    selp.f32 %f462, %f133, %f309, %p285;
    selp.f32 %f463, %f291, %f310, %p285;
    selp.f32 %f464, %f292, %f311, %p285;
    selp.f32 %f465, %f293, %f312, %p285;
    selp.f32 %f466, %f304, %f313, %p285;
    selp.f32 %f467, %f300, %f314, %p285;
    selp.f32 %f468, %f294, %f315, %p285;
    selp.u32 %r469, %r288, %r316, %p285;
    selp.f32 %f470, %f317, %f318, %p285;
    selp.f32 %f471, %f319, %f320, %p285;
    selp.f32 %f472, %f321, %f322, %p285;
    selp.f32 %f473, %f323, %f324, %p285;
    selp.f32 %f474, %f307, %f325, %p285;
    selp.f32 %f475, %f303, %f326, %p285;
    selp.f32 %f476, %f299, %f327, %p285;
    selp.f32 %f477, %f306, %f328, %p285;
    selp.f32 %f478, %f302, %f329, %p285;
    selp.f32 %f479, %f298, %f330, %p285;
    selp.f32 %f480, %f305, %f331, %p285;
    selp.f32 %f481, %f301, %f332, %p285;
    selp.f32 %f482, %f295, %f333, %p285;
    selp.f32 %f483, %f334, %f335, %p285;
    selp.f32 %f484, %f336, %f337, %p285;
    selp.f32 %f485, %f338, %f339, %p285;
    selp.f32 %f486, %f340, %f341, %p285;
    selp.f32 %f487, %f342, %f343, %p285;
    selp.f32 %f488, %f344, %f345, %p285;
    selp.f32 %f489, %f175, %f346, %p285;
    selp.f32 %f490, %f177, %f347, %p285;
    selp.f32 %f491, %f179, %f348, %p285;
    selp.f32 %f492, %f181, %f349, %p285;
    selp.f32 %f493, %f183, %f350, %p285;
    selp.f32 %f494, %f185, %f351, %p285;
    selp.f32 %f495, %f187, %f352, %p285;
    selp.f32 %f496, %f189, %f353, %p285;
    selp.f32 %f497, %f191, %f354, %p285;
    selp.f32 %f498, %f193, %f355, %p285;
    selp.f32 %f499, %f296, %f356, %p285;
    selp.f32 %f500, %f297, %f357, %p285;
    selp.f32 %f501, %f289, %f358, %p285;
    selp.u32 %r502, %r359, %r360, %p285;
    selp.u32 %r503, %r361, %r362, %p285;
    mov.b32 %r504, 0x0;
    setp.ne.u32 %p505, %r373, %r504;
    and.pred %p506, %p402, %p505;
    ld.const.u64 %rd507, [params+224];
    ld.const.u64 %rd508, [params+232];

    @!%p506 bra l_masked_509;

    { // VCall: mitsuba::BSDF::sample()

        mad.wide.u32 %rd3, %r373, 8, %rd507;
        ld.global.u64 %rd3, [%rd3];
        cvt.u32.u64 %r3, %rd3;
        call (%rd2), _optix_call_direct_callable, (%r3);
        shr.u64 %rd3, %rd3, 32;
        add.u64 %rd3, %rd3, %rd508;

        {
            proto: .callprototype (.param .align 4 .b8 result[12]) _(.reg .u64 data, .param .align 4 .b8 params[24]);
            .param .align 4 .b8 out[12];
            .param .align 4 .b8 in[24];
            st.param.f32 [in+0], %f296;
            st.param.f32 [in+4], %f297;
            st.param.f32 [in+8], %f289;
            st.param.f32 [in+12], %f426;
            st.param.f32 [in+16], %f443;
            st.param.f32 [in+20], %f460;
            call (out), %rd2, (%rd3, in), proto;
            ld.param.f32 %f512, [out+0];
            ld.param.f32 %f511, [out+4];
            ld.param.f32 %f510, [out+8];
        }

        bra.uni l_done_509;
    }

l_masked_509:
    mov.b32 %f512, 0;
    mov.b32 %f511, 0;
    mov.b32 %f510, 0;

l_done_509:
    not.pred %p513, %p402;
    mov.b32 %f514, 0x7f800000;
    mov.b32 %f515, 0x3f800000;
    abs.f32 %f516, %f291;
    abs.f32 %f517, %f292;
    max.ftz.f32 %f518, %f516, %f517;
    abs.f32 %f519, %f293;
    max.ftz.f32 %f520, %f518, %f519;
    add.ftz.f32 %f521, %f515, %f520;
    mov.b32 %f522, 0x38bb8000;
    mul.ftz.f32 %f523, %f521, %f522;
    mov.b32 %f524, 0x80000000;
    mul.ftz.f32 %f525, %f299, %f512;
    fma.rn.ftz.f32 %f526, %f298, %f511, %f525;
    fma.rn.ftz.f32 %f527, %f295, %f510, %f526;
    mul.ftz.f32 %f528, %f303, %f512;
    fma.rn.ftz.f32 %f529, %f302, %f511, %f528;
    fma.rn.ftz.f32 %f530, %f301, %f510, %f529;
    mul.ftz.f32 %f531, %f307, %f512;
    fma.rn.ftz.f32 %f532, %f306, %f511, %f531;
    fma.rn.ftz.f32 %f533, %f305, %f510, %f532;
    mul.ftz.f32 %f534, %f304, %f533;
    fma.rn.ftz.f32 %f535, %f300, %f530, %f534;
    fma.rn.ftz.f32 %f536, %f294, %f527, %f535;
    and.b32 %f537, %f524, %f536;
    xor.b32 %f538, %f523, %f537;
    fma.rn.ftz.f32 %f539, %f538, %f304, %f291;
    fma.rn.ftz.f32 %f540, %f538, %f300, %f292;
    fma.rn.ftz.f32 %f541, %f538, %f294, %f293;
    mov.b32 %f542, 0x0;
    mov.b32 %f543, 0x7f7fffff;
    mov.b32 %r544, 0xff;
    mov.b32 %r545, 0x0;
    mov.b32 %r546, 0x1;
    .reg.u32 %u547_out_<32>;
    @!%p402 bra l_masked_547;
    .reg.u32 %u547_payload_type, %u547_payload_count;
    mov.u32 %u547_payload_type, 0;
    mov.u32 %u547_payload_count, 6;
    call (%u547_out_0, %u547_out_1, %u547_out_2, %u547_out_3, %u547_out_4, %u547_out_5, %u547_out_6, %u547_out_7, %u547_out_8, %u547_out_9, %u547_out_10, %u547_out_11, %u547_out_12, %u547_out_13, %u547_out_14, %u547_out_15, %u547_out_16, %u547_out_17, %u547_out_18, %u547_out_19, %u547_out_20, %u547_out_21, %u547_out_22, %u547_out_23, %u547_out_24, %u547_out_25, %u547_out_26, %u547_out_27, %u547_out_28, %u547_out_29, %u547_out_30, %u547_out_31), _optix_trace_typed_32, (%u547_payload_type, %rd6, %f539, %f540, %f541, %f533, %f530, %f527, %f542, %f543, %f133, %r544, %r545, %r545, %r546, %r545, %u547_payload_count, %r545, %r545, %r545, %r545, %r545, %r545, %u547_out_6, %u547_out_7, %u547_out_8, %u547_out_9, %u547_out_10, %u547_out_11, %u547_out_12, %u547_out_13, %u547_out_14, %u547_out_15, %u547_out_16, %u547_out_17, %u547_out_18, %u547_out_19, %u547_out_20, %u547_out_21, %u547_out_22, %u547_out_23, %u547_out_24, %u547_out_25, %u547_out_26, %u547_out_27, %u547_out_28, %u547_out_29, %u547_out_30, %u547_out_31);

l_masked_547:
    mov.b32 %r548, %u547_out_0;
    mov.b32 %f549, %r548;
    selp.f32 %f550, %f514, %f549, %p513;
    setp.ne.f32 %p551, %f550, %f514;
    and.pred %p552, %p402, %p551;
    not.pred %p553, %p552;
    mov.b32 %r554, %u547_out_5;
    selp.u32 %r555, %r545, %r554, %p553;
    setp.eq.u32 %p556, %r555, %r545;
    mov.b32 %r557, %u547_out_4;
    selp.u32 %r558, %r545, %r557, %p553;
    selp.u32 %r559, %r558, %r555, %p556;
    mov.b32 %r560, %u547_out_1;
    mov.b32 %f561, %r560;
    mov.b32 %r562, %u547_out_2;
    mov.b32 %f563, %r562;
    mov.b32 %r564, %u547_out_3;
    setp.ne.f32 %p565, %f286, %f514;
    add.u32 %r566, %r290, %r546;
    selp.u32 %r567, %r566, %r290, %p565;
    mov.b32 %r568, 0x0;
    setp.ne.u32 %p569, %r559, %r568;
    and.pred %p570, %p552, %p569;
    ld.const.u64 %rd571, [params+240];
    ld.const.u64 %rd572, [params+248];

    @!%p570 bra l_masked_573;

    { // VCall: mitsuba::Shape::compute_surface_interaction()

        mad.wide.u32 %rd3, %r559, 8, %rd571;
        ld.global.u64 %rd3, [%rd3];
        cvt.u32.u64 %r3, %rd3;
        call (%rd2), _optix_call_direct_callable, (%r3);
        shr.u64 %rd3, %rd3, 32;
        add.u64 %rd3, %rd3, %rd572;

        {
            proto: .callprototype (.param .align 4 .b8 result[84]) _(.reg .u32 self, .reg .u64 data, .param .align 4 .b8 params[40]);
            .param .align 4 .b8 out[84];
            .param .align 4 .b8 in[40];
            st.param.f32 [in+0], %f539;
            st.param.f32 [in+4], %f540;
            st.param.f32 [in+8], %f541;
            st.param.f32 [in+12], %f533;
            st.param.f32 [in+16], %f530;
            st.param.f32 [in+20], %f527;
            st.param.f32 [in+24], %f550;
            st.param.f32 [in+28], %f561;
            st.param.f32 [in+32], %f563;
            st.param.u32 [in+36], %r564;
            call (out), %rd2, (%r559, %rd3, in), proto;
            ld.param.f32 %f574, [out+0];
            ld.param.f32 %f594, [out+4];
            ld.param.f32 %f575, [out+8];
            ld.param.f32 %f576, [out+12];
            ld.param.f32 %f577, [out+16];
            ld.param.f32 %f578, [out+20];
            ld.param.f32 %f579, [out+24];
            ld.param.f32 %f580, [out+28];
            ld.param.u32 %r581, [out+32];
            ld.param.f32 %f582, [out+36];
            ld.param.f32 %f583, [out+40];
            ld.param.f32 %f584, [out+44];
            ld.param.f32 %f585, [out+48];
            ld.param.f32 %f593, [out+52];
            ld.param.f32 %f592, [out+56];
            ld.param.f32 %f588, [out+60];
            ld.param.f32 %f587, [out+64];
            ld.param.f32 %f586, [out+68];
            ld.param.f32 %f590, [out+72];
            ld.param.f32 %f589, [out+76];
            ld.param.f32 %f591, [out+80];
        }

        bra.uni l_done_573;
    }

l_masked_573:
    mov.b32 %f574, 0;
    mov.b32 %f594, 0;
    mov.b32 %f575, 0;
    mov.b32 %f576, 0;
    mov.b32 %f577, 0;
    mov.b32 %f578, 0;
    mov.b32 %f579, 0;
    mov.b32 %f580, 0;
    mov.b32 %r581, 0;
    mov.b32 %f582, 0;
    mov.b32 %f583, 0;
    mov.b32 %f584, 0;
    mov.b32 %f585, 0;
    mov.b32 %f593, 0;
    mov.b32 %f592, 0;
    mov.b32 %f588, 0;
    mov.b32 %f587, 0;
    mov.b32 %f586, 0;
    mov.b32 %f590, 0;
    mov.b32 %f589, 0;
    mov.b32 %f591, 0;

l_done_573:
    mov.b32 %r595, 0x0;
    not.pred %p596, %p552;
    mov.b32 %f597, 0x7f800000;
    selp.f32 %f598, %f597, %f574, %p596;
    setp.ne.f32 %p599, %f598, %f597;
    and.pred %p600, %p552, %p599;
    not.pred %p601, %p600;
    mov.b32 %r602, 0x0;
    selp.u32 %r603, %r602, %r581, %p601;
    mov.b32 %f604, 0x0;
    setp.eq.f32 %p605, %f586, %f604;
    setp.eq.f32 %p606, %f587, %f604;
    and.pred %p607, %p605, %p606;
    setp.eq.f32 %p608, %f588, %f604;
    and.pred %p609, %p607, %p608;
    mul.ftz.f32 %f610, %f589, %f589;
    mov.b32 %f611, 0x3f800000;
    mov.b32 %f612, 0x80000000;
    and.b32 %f613, %f612, %f590;
    or.b32 %f614, %f611, %f613;
    add.ftz.f32 %f615, %f614, %f590;
    rcp.approx.ftz.f32 %f616, %f615;
    neg.ftz.f32 %f617, %f616;
    mul.ftz.f32 %f618, %f610, %f617;
    xor.b32 %f619, %f618, %f613;
    add.ftz.f32 %f620, %f619, %f611;
    mul.ftz.f32 %f621, %f589, %f586;
    fma.rn.ftz.f32 %f622, %f591, %f587, %f621;
    fma.rn.ftz.f32 %f623, %f590, %f588, %f622;
    neg.ftz.f32 %f624, %f623;
    fma.rn.ftz.f32 %f625, %f589, %f624, %f586;
    fma.rn.ftz.f32 %f626, %f590, %f624, %f588;
    fma.rn.ftz.f32 %f627, %f591, %f624, %f587;
    mul.ftz.f32 %f628, %f625, %f625;
    fma.rn.ftz.f32 %f629, %f627, %f627, %f628;
    fma.rn.ftz.f32 %f630, %f626, %f626, %f629;
    rsqrt.approx.ftz.f32 %f631, %f630;
    mul.ftz.f32 %f632, %f625, %f631;
    selp.f32 %f633, %f620, %f632, %p609;
    mul.ftz.f32 %f634, %f589, %f591;
    mul.ftz.f32 %f635, %f634, %f617;
    xor.b32 %f636, %f635, %f613;
    mul.ftz.f32 %f637, %f627, %f631;
    selp.f32 %f638, %f636, %f637, %p609;
    setp.ge.f32 %p639, %f590, %f604;
    neg.ftz.f32 %f640, %f589;
    selp.f32 %f641, %f640, %f589, %p639;
    mul.ftz.f32 %f642, %f626, %f631;
    selp.f32 %f643, %f641, %f642, %p609;
    mul.ftz.f32 %f644, %f590, %f638;
    neg.ftz.f32 %f645, %f644;
    fma.rn.ftz.f32 %f646, %f591, %f643, %f645;
    mul.ftz.f32 %f647, %f589, %f643;
    neg.ftz.f32 %f648, %f647;
    fma.rn.ftz.f32 %f649, %f590, %f633, %f648;
    mul.ftz.f32 %f650, %f591, %f633;
    neg.ftz.f32 %f651, %f650;
    fma.rn.ftz.f32 %f652, %f589, %f638, %f651;
    neg.ftz.f32 %f653, %f527;
    neg.ftz.f32 %f654, %f530;
    neg.ftz.f32 %f655, %f533;
    mul.ftz.f32 %f656, %f655, %f633;
    fma.rn.ftz.f32 %f657, %f654, %f638, %f656;
    fma.rn.ftz.f32 %f658, %f653, %f643, %f657;
    selp.f32 %f659, %f658, %f655, %p600;
    mul.ftz.f32 %f660, %f655, %f646;
    fma.rn.ftz.f32 %f661, %f654, %f649, %f660;
    fma.rn.ftz.f32 %f662, %f653, %f652, %f661;
    selp.f32 %f663, %f662, %f654, %p600;
    mul.ftz.f32 %f664, %f655, %f589;
    fma.rn.ftz.f32 %f665, %f654, %f591, %f664;
    fma.rn.ftz.f32 %f666, %f653, %f590, %f665;
    selp.f32 %f667, %f666, %f653, %p600;
    selp.u32 %r668, %r602, %r595, %p601;
    mov.u64 %rd205, %rd366;
    mov.f32 %f206, %f598;
    mov.f32 %f211, %f575;
    mov.f32 %f212, %f576;
    mov.f32 %f213, %f577;
    mov.f32 %f224, %f578;
    mov.f32 %f220, %f579;
    mov.f32 %f214, %f580;
    mov.u32 %r208, %r603;
    mov.f32 %f236, %f582;
    mov.f32 %f238, %f583;
    mov.f32 %f240, %f584;
    mov.f32 %f242, %f585;
    mov.f32 %f227, %f633;
    mov.f32 %f223, %f638;
    mov.f32 %f219, %f643;
    mov.f32 %f226, %f646;
    mov.f32 %f222, %f649;
    mov.f32 %f218, %f652;
    mov.f32 %f225, %f589;
    mov.f32 %f221, %f591;
    mov.f32 %f215, %f590;
    mov.f32 %f253, %f586;
    mov.f32 %f255, %f587;
    mov.f32 %f257, %f588;
    mov.f32 %f259, %f592;
    mov.f32 %f261, %f593;
    mov.f32 %f263, %f594;
    mov.f32 %f216, %f659;
    mov.f32 %f217, %f663;
    mov.f32 %f209, %f667;
    mov.u32 %r278, %r564;
    mov.u32 %r280, %r668;
    mov.f32 %f228, %f461;
    mov.f32 %f229, %f462;
    mov.f32 %f230, %f463;
    mov.f32 %f231, %f464;
    mov.f32 %f232, %f465;
    mov.f32 %f233, %f466;
    mov.f32 %f234, %f467;
    mov.f32 %f235, %f468;
    mov.u32 %r203, %r469;
    mov.f32 %f237, %f470;
    mov.f32 %f239, %f471;
    mov.f32 %f241, %f472;
    mov.f32 %f243, %f473;
    mov.f32 %f244, %f474;
    mov.f32 %f245, %f475;
    mov.f32 %f246, %f476;
    mov.f32 %f247, %f477;
    mov.f32 %f248, %f478;
    mov.f32 %f249, %f479;
    mov.f32 %f250, %f480;
    mov.f32 %f251, %f481;
    mov.f32 %f252, %f482;
    mov.f32 %f254, %f483;
    mov.f32 %f256, %f484;
    mov.f32 %f258, %f485;
    mov.f32 %f260, %f486;
    mov.f32 %f262, %f487;
    mov.f32 %f264, %f488;
    mov.f32 %f265, %f489;
    mov.f32 %f266, %f490;
    mov.f32 %f267, %f491;
    mov.f32 %f268, %f492;
    mov.f32 %f269, %f493;
    mov.f32 %f270, %f494;
    mov.f32 %f271, %f495;
    mov.f32 %f272, %f496;
    mov.f32 %f273, %f497;
    mov.f32 %f274, %f498;
    mov.f32 %f275, %f499;
    mov.f32 %f276, %f500;
    mov.f32 %f277, %f501;
    mov.u32 %r279, %r502;
    mov.u32 %r281, %r503;
    mov.pred %p204, %p402;
    mov.u32 %r210, %r567;
    mov.pred %p207, %p389;
    bra l_282_cond;

l_282_done:
    mov.u32 %r670, %r203;
    mov.f32 %f671, %f237;
    mov.f32 %f672, %f239;
    mov.f32 %f673, %f275;
    mov.f32 %f674, %f276;
    mov.f32 %f675, %f277;
    ld.const.u64 %rd676, [params+256];
    mov.b32 %r677, 0x0;
    setp.ne.u32 %p678, %r670, %r677;
    @!%p678 bra l_679_masked;
    mad.wide.u32 %rd3, %r670, 4, %rd676;
    ld.global.nc.u32 %r679, [%rd3];
    bra.uni l_679_done;

l_679_masked:
    mov.b32 %r679, 0;

l_679_done:
    mov.b64 %rd680, 0x0;
    mov.b64 %rd681, 0x5851f42d4c957f2d;
    mov.u32 %r682, %r0;
    ld.const.u64 %rd0, [params+264];
    ldu.global.u32 %r683, [%rd0];
    mov.b32 %r684, 0x4;
    shl.b32 %r685, %r682, %r684;
    mov.b32 %r686, 0xa341316c;
    add.u32 %r687, %r685, %r686;
    mov.b32 %r688, 0x9e3779b9;
    add.u32 %r689, %r682, %r688;
    xor.b32 %r690, %r687, %r689;
    mov.b32 %r691, 0x5;
    shr.u32 %r692, %r682, %r691;
    mov.b32 %r693, 0xc8013ea4;
    add.u32 %r694, %r692, %r693;
    xor.b32 %r695, %r690, %r694;
    add.u32 %r696, %r683, %r695;
    shl.b32 %r697, %r696, %r684;
    mov.b32 %r698, 0xad90777d;
    add.u32 %r699, %r697, %r698;
    add.u32 %r700, %r696, %r688;
    xor.b32 %r701, %r699, %r700;
    shr.u32 %r702, %r696, %r691;
    mov.b32 %r703, 0x7e95761e;
    add.u32 %r704, %r702, %r703;
    xor.b32 %r705, %r701, %r704;
    add.u32 %r706, %r682, %r705;
    shl.b32 %r707, %r706, %r684;
    add.u32 %r708, %r707, %r686;
    mov.b32 %r709, 0x3c6ef372;
    add.u32 %r710, %r706, %r709;
    xor.b32 %r711, %r708, %r710;
    shr.u32 %r712, %r706, %r691;
    add.u32 %r713, %r712, %r693;
    xor.b32 %r714, %r711, %r713;
    add.u32 %r715, %r696, %r714;
    shl.b32 %r716, %r715, %r684;
    add.u32 %r717, %r716, %r698;
    add.u32 %r718, %r715, %r709;
    xor.b32 %r719, %r717, %r718;
    shr.u32 %r720, %r715, %r691;
    add.u32 %r721, %r720, %r703;
    xor.b32 %r722, %r719, %r721;
    add.u32 %r723, %r706, %r722;
    shl.b32 %r724, %r723, %r684;
    add.u32 %r725, %r724, %r686;
    mov.b32 %r726, 0xdaa66d2b;
    add.u32 %r727, %r723, %r726;
    xor.b32 %r728, %r725, %r727;
    shr.u32 %r729, %r723, %r691;
    add.u32 %r730, %r729, %r693;
    xor.b32 %r731, %r728, %r730;
    add.u32 %r732, %r715, %r731;
    shl.b32 %r733, %r732, %r684;
    add.u32 %r734, %r733, %r698;
    add.u32 %r735, %r732, %r726;
    xor.b32 %r736, %r734, %r735;
    shr.u32 %r737, %r732, %r691;
    add.u32 %r738, %r737, %r703;
    xor.b32 %r739, %r736, %r738;
    add.u32 %r740, %r723, %r739;
    shl.b32 %r741, %r740, %r684;
    add.u32 %r742, %r741, %r686;
    mov.b32 %r743, 0x78dde6e4;
    add.u32 %r744, %r740, %r743;
    xor.b32 %r745, %r742, %r744;
    shr.u32 %r746, %r740, %r691;
    add.u32 %r747, %r746, %r693;
    xor.b32 %r748, %r745, %r747;
    add.u32 %r749, %r732, %r748;
    shl.b32 %r750, %r749, %r684;
    add.u32 %r751, %r750, %r698;
    add.u32 %r752, %r749, %r743;
    xor.b32 %r753, %r751, %r752;
    shr.u32 %r754, %r749, %r691;
    add.u32 %r755, %r754, %r703;
    xor.b32 %r756, %r753, %r755;
    add.u32 %r757, %r740, %r756;
    cvt.u64.u32 %rd758, %r757;
    mov.b64 %rd759, 0x1;
    cvt.u32.u64 %r3, %rd759;
    shl.b64 %rd760, %rd758, %r3;
    or.b64 %rd761, %rd760, %rd759;
    mad.lo.u64 %rd762, %rd680, %rd681, %rd761;
    cvt.u64.u32 %rd763, %r749;
    add.u64 %rd764, %rd762, %rd763;
    mad.lo.u64 %rd765, %rd764, %rd681, %rd761;
    mov.b64 %rd766, 0x12;
    cvt.u32.u64 %r3, %rd766;
    shr.u64 %rd767, %rd765, %r3;
    xor.b64 %rd768, %rd767, %rd765;
    mov.b64 %rd769, 0x1b;
    cvt.u32.u64 %r3, %rd769;
    shr.u64 %rd770, %rd768, %r3;
    cvt.u32.u64 %r771, %rd770;
    mov.b64 %rd772, 0x3b;
    cvt.u32.u64 %r3, %rd772;
    shr.u64 %rd773, %rd765, %r3;
    cvt.u32.u64 %r774, %rd773;
    shr.u32 %r775, %r771, %r774;
    mov.b32 %r776, %r774;
    neg.s32 %r777, %r776;
    mov.b32 %r778, 0x1f;
    and.b32 %r779, %r777, %r778;
    mov.b32 %r780, %r779;
    shl.b32 %r781, %r771, %r780;
    or.b32 %r782, %r775, %r781;
    mov.b32 %r783, 0x9;
    shr.u32 %r784, %r782, %r783;
    mov.b32 %r785, 0x3f800000;
    or.b32 %r786, %r784, %r785;
    mov.b32 %f787, %r786;
    mov.b32 %f788, 0x3f800000;
    sub.ftz.f32 %f789, %f787, %f788;
    mad.lo.u64 %rd790, %rd765, %rd681, %rd761;
    cvt.u32.u64 %r3, %rd766;
    shr.u64 %rd791, %rd790, %r3;
    xor.b64 %rd792, %rd791, %rd790;
    cvt.u32.u64 %r3, %rd769;
    shr.u64 %rd793, %rd792, %r3;
    cvt.u32.u64 %r794, %rd793;
    cvt.u32.u64 %r3, %rd772;
    shr.u64 %rd795, %rd790, %r3;
    cvt.u32.u64 %r796, %rd795;
    shr.u32 %r797, %r794, %r796;
    mov.b32 %r798, %r796;
    neg.s32 %r799, %r798;
    and.b32 %r800, %r799, %r778;
    mov.b32 %r801, %r800;
    shl.b32 %r802, %r794, %r801;
    or.b32 %r803, %r797, %r802;
    shr.u32 %r804, %r803, %r783;
    or.b32 %r805, %r804, %r785;
    mov.b32 %f806, %r805;
    sub.ftz.f32 %f807, %f806, %f788;
    mad.lo.u64 %rd808, %rd790, %rd681, %rd761;
    cvt.u32.u64 %r3, %rd766;
    shr.u64 %rd809, %rd808, %r3;
    xor.b64 %rd810, %rd809, %rd808;
    cvt.u32.u64 %r3, %rd769;
    shr.u64 %rd811, %rd810, %r3;
    cvt.u32.u64 %r812, %rd811;
    cvt.u32.u64 %r3, %rd772;
    shr.u64 %rd813, %rd808, %r3;
    cvt.u32.u64 %r814, %rd813;
    shr.u32 %r815, %r812, %r814;
    mov.b32 %r816, %r814;
    neg.s32 %r817, %r816;
    and.b32 %r818, %r817, %r778;
    mov.b32 %r819, %r818;
    shl.b32 %r820, %r812, %r819;
    or.b32 %r821, %r815, %r820;
    shr.u32 %r822, %r821, %r783;
    or.b32 %r823, %r822, %r785;
    mov.b32 %f824, %r823;
    sub.ftz.f32 %f825, %f824, %f788;
    mov.b32 %r826, 0x0;
    setp.ne.u32 %p827, %r679, %r826;
    ld.const.u64 %rd828, [params+272];
    ld.const.u64 %rd829, [params+280];

    @!%p827 bra l_masked_830;

    { // VCall: mitsuba::BSDF::sample()

        mad.wide.u32 %rd3, %r679, 8, %rd828;
        ld.global.u64 %rd3, [%rd3];
        cvt.u32.u64 %r3, %rd3;
        call (%rd2), _optix_call_direct_callable, (%r3);
        shr.u64 %rd3, %rd3, 32;
        add.u64 %rd3, %rd3, %rd829;

        {
            proto: .callprototype (.param .align 4 .b8 result[40]) _(.reg .u64 data, .param .align 4 .b8 params[32]);
            .param .align 4 .b8 out[40];
            .param .align 4 .b8 in[32];
            st.param.f32 [in+0], %f671;
            st.param.f32 [in+4], %f672;
            st.param.f32 [in+8], %f673;
            st.param.f32 [in+12], %f674;
            st.param.f32 [in+16], %f675;
            st.param.f32 [in+20], %f789;
            st.param.f32 [in+24], %f807;
            st.param.f32 [in+28], %f825;
            call (out), %rd2, (%rd3, in), proto;
            ld.param.f32 %f831, [out+28];
            ld.param.f32 %f832, [out+32];
            ld.param.f32 %f833, [out+36];
        }

        bra.uni l_done_830;
    }

l_masked_830:
    mov.b32 %f831, 0;
    mov.b32 %f832, 0;
    mov.b32 %f833, 0;

l_done_830:
    ld.const.u64 %rd834, [params+288];
    mov.u32 %r835, %r0;
    mov.b32 %r836, 0x3;
    mul.lo.u32 %r837, %r835, %r836;
    mov.pred %p838, 0x1;
    mad.wide.u32 %rd3, %r837, 4, %rd834;
    st.global.f32 [%rd3], %f831;
    mov.b32 %r840, 0x1;
    add.u32 %r841, %r837, %r840;
    mad.wide.u32 %rd3, %r841, 4, %rd834;
    st.global.f32 [%rd3], %f832;
    mov.b32 %r843, 0x2;
    add.u32 %r844, %r837, %r843;
    mad.wide.u32 %rd3, %r844, 4, %rd834;
    st.global.f32 [%rd3], %f833;
    ret;
}

.visible .func (.param .align 4 .b8 result[12]) __direct_callable__1e4dd3bb4f4a43b90960888763f811da(.reg .u64 data, .param .align 4 .b8 params[24]) {
    // VCall: mitsuba::BSDF::sample()
    .reg.b8   %b <36>; .reg.b16 %w<36>; .reg.b32 %r<36>;
    .reg.b64  %rd<36>; .reg.f32 %f<36>; .reg.f64 %d<36>;
    .reg.pred %p <36>;

    mov.b32 %f4, 0x40000000;
    ld.param.f32 %f5, [params+16];
    mov.b32 %f6, 0xbf800000;
    fma.rn.ftz.f32 %f7, %f4, %f5, %f6;
    abs.f32 %f8, %f7;
    ld.param.f32 %f9, [params+20];
    fma.rn.ftz.f32 %f10, %f4, %f9, %f6;
    abs.f32 %f11, %f10;
    setp.lt.f32 %p12, %f8, %f11;
    selp.f32 %f13, %f10, %f7, %p12;
    mov.b32 %f14, 0x0;
    setp.eq.f32 %p15, %f7, %f14;
    setp.eq.f32 %p16, %f10, %f14;
    and.pred %p17, %p15, %p16;
    mov.b32 %f18, 0x3fc90fdb;
    mov.b32 %f19, 0x3f490fdb;
    selp.f32 %f20, %f7, %f10, %p12;
    mul.ftz.f32 %f21, %f19, %f20;
    div.approx.ftz.f32 %f22, %f21, %f13;
    sub.ftz.f32 %f23, %f18, %f22;
    selp.f32 %f24, %f23, %f22, %p12;
    selp.f32 %f25, %f14, %f24, %p17;
    cos.approx.ftz.f32 %f26, %f25;
    mul.ftz.f32 %f27, %f13, %f26;
    sin.approx.ftz.f32 %f28, %f25;
    mul.ftz.f32 %f29, %f13, %f28;
    mov.b32 %f30, 0x3f800000;
    mul.ftz.f32 %f31, %f27, %f27;
    fma.rn.ftz.f32 %f32, %f29, %f29, %f31;
    sub.ftz.f32 %f33, %f30, %f32;
    max.ftz.f32 %f34, %f33, %f14;
    sqrt.approx.ftz.f32 %f35, %f34;
    st.param.f32 [result+0], %f27;
    st.param.f32 [result+4], %f29;
    st.param.f32 [result+8], %f35;
    ret;
}

.visible .func (.param .align 4 .b8 result[40]) __direct_callable__203403e6f04f88a9a64c84338253d9a1(.reg .u64 data, .param .align 4 .b8 params[32]) {
    // VCall: mitsuba::BSDF::sample()
    .reg.b8   %b <50>; .reg.b16 %w<50>; .reg.b32 %r<50>;
    .reg.b64  %rd<50>; .reg.f32 %f<50>; .reg.f64 %d<50>;
    .reg.pred %p <50>;

    ld.global.f32 %f4, [data+0];
    ld.global.f32 %f5, [data+4];
    ld.global.f32 %f6, [data+8];
    mov.b32 %f7, 0x40000000;
    ld.param.f32 %f8, [params+24];
    mov.b32 %f9, 0xbf800000;
    fma.rn.ftz.f32 %f10, %f7, %f8, %f9;
    abs.f32 %f11, %f10;
    ld.param.f32 %f12, [params+28];
    fma.rn.ftz.f32 %f13, %f7, %f12, %f9;
    abs.f32 %f14, %f13;
    setp.lt.f32 %p15, %f11, %f14;
    selp.f32 %f16, %f13, %f10, %p15;
    mov.b32 %f17, 0x0;
    setp.eq.f32 %p18, %f10, %f17;
    setp.eq.f32 %p19, %f13, %f17;
    and.pred %p20, %p18, %p19;
    mov.b32 %f21, 0x3fc90fdb;
    mov.b32 %f22, 0x3f490fdb;
    selp.f32 %f23, %f10, %f13, %p15;
    mul.ftz.f32 %f24, %f22, %f23;
    div.approx.ftz.f32 %f25, %f24, %f16;
    sub.ftz.f32 %f26, %f21, %f25;
    selp.f32 %f27, %f26, %f25, %p15;
    selp.f32 %f28, %f17, %f27, %p20;
    cos.approx.ftz.f32 %f29, %f28;
    mul.ftz.f32 %f30, %f16, %f29;
    sin.approx.ftz.f32 %f31, %f28;
    mul.ftz.f32 %f32, %f16, %f31;
    mov.b32 %f33, 0x3f800000;
    mul.ftz.f32 %f34, %f30, %f30;
    fma.rn.ftz.f32 %f35, %f32, %f32, %f34;
    sub.ftz.f32 %f36, %f33, %f35;
    max.ftz.f32 %f37, %f36, %f17;
    sqrt.approx.ftz.f32 %f38, %f37;
    mov.b32 %f39, 0x3ea2f983;
    mul.ftz.f32 %f40, %f39, %f38;
    mov.b32 %r41, 0x2;
    mov.b32 %r42, 0x0;
    ld.param.f32 %f43, [params+16];
    setp.gt.f32 %p44, %f43, %f17;
    setp.gt.f32 %p45, %f40, %f17;
    and.pred %p46, %p44, %p45;
    selp.b32 %f47, %f4, 0, %p46;
    selp.b32 %f48, %f5, 0, %p46;
    selp.b32 %f49, %f6, 0, %p46;
    st.param.f32 [result+0], %f30;
    st.param.f32 [result+4], %f32;
    st.param.f32 [result+8], %f38;
    st.param.f32 [result+12], %f40;
    st.param.f32 [result+16], %f33;
    st.param.u32 [result+20], %r41;
    st.param.u32 [result+24], %r42;
    st.param.f32 [result+28], %f47;
    st.param.f32 [result+32], %f48;
    st.param.f32 [result+36], %f49;
    ret;
}

.visible .func (.param .align 4 .b8 result[40]) __direct_callable__3f116f31549d286144ecfe2091f3ef0d(.reg .u64 data, .param .align 4 .b8 params[32]) {
    // VCall: mitsuba::BSDF::sample()
    .reg.b8   %b <637>; .reg.b16 %w<637>; .reg.b32 %r<637>;
    .reg.b64  %rd<637>; .reg.f32 %f<637>; .reg.f64 %d<637>;
    .reg.pred %p <637>;

    ld.global.f32 %f4, [data+4];
    ld.global.f32 %f5, [data+8];
    ld.global.f32 %f6, [data+12];
    ld.global.f32 %f7, [data+16];
    ld.global.f32 %f8, [data+20];
    ld.global.f32 %f9, [data+24];
    ld.global.f32 %f10, [data+28];
    ld.global.f32 %f11, [data+32];
    ld.global.f32 %f12, [data+36];
    ld.global.f32 %f13, [data+0];
    mov.b32 %f14, 0x38d1b717;
    max.ftz.f32 %f15, %f13, %f14;
    ld.param.f32 %f16, [params+8];
    mul.ftz.f32 %f17, %f15, %f16;
    ld.param.f32 %f18, [params+16];
    ld.param.f32 %f19, [params+12];
    mul.ftz.f32 %f20, %f15, %f19;
    mul.ftz.f32 %f21, %f17, %f17;
    fma.rn.ftz.f32 %f22, %f20, %f20, %f21;
    fma.rn.ftz.f32 %f23, %f18, %f18, %f22;
    rsqrt.approx.ftz.f32 %f24, %f23;
    mul.ftz.f32 %f25, %f17, %f24;
    mul.ftz.f32 %f26, %f20, %f24;
    mul.ftz.f32 %f27, %f26, %f26;
    fma.rn.ftz.f32 %f28, %f25, %f25, %f27;
    abs.f32 %f29, %f28;
    mov.b32 %f30, 0x34800000;
    setp.le.f32 %p31, %f29, %f30;
    mov.b32 %f32, 0x3f800000;
    rsqrt.approx.ftz.f32 %f33, %f28;
    mul.ftz.f32 %f34, %f25, %f33;
    min.ftz.f32 %f35, %f34, %f32;
    mov.b32 %f36, 0xbf800000;
    max.ftz.f32 %f37, %f35, %f36;
    selp.f32 %f38, %f32, %f37, %p31;
    mul.ftz.f32 %f39, %f18, %f24;
    neg.ftz.f32 %f40, %f39;
    fma.rn.ftz.f32 %f41, %f39, %f40, %f32;
    mov.b32 %f42, 0x0;
    max.ftz.f32 %f43, %f41, %f42;
    sqrt.approx.ftz.f32 %f44, %f43;
    div.approx.ftz.f32 %f45, %f44, %f39;
    rcp.approx.ftz.f32 %f46, %f45;
    abs.f32 %f47, %f46;
    setp.lt.f32 %p48, %f47, %f32;
    mul.ftz.f32 %f49, %f46, %f46;
    mul.ftz.f32 %f50, %f49, %f49;
    mul.ftz.f32 %f51, %f50, %f50;
    mul.ftz.f32 %f52, %f51, %f51;
    mov.b32 %f53, 0xb055d725;
    mov.b32 %f54, 0x326b8d88;
    fma.rn.ftz.f32 %f55, %f49, %f53, %f54;
    mov.b32 %f56, 0xb42e0393;
    mov.b32 %f57, 0x35dcbfea;
    fma.rn.ftz.f32 %f58, %f49, %f56, %f57;
    fma.rn.ftz.f32 %f59, %f50, %f55, %f58;
    mov.b32 %f60, 0xb77a6527;
    mov.b32 %f61, 0x38fcd15d;
    fma.rn.ftz.f32 %f62, %f49, %f60, %f61;
    mov.b32 %f63, 0xba6016d8;
    mov.b32 %f64, 0x3bab2de6;
    fma.rn.ftz.f32 %f65, %f49, %f63, %f64;
    fma.rn.ftz.f32 %f66, %f50, %f62, %f65;
    mov.b32 %f67, 0xbcdc1672;
    mov.b32 %f68, 0x3de71791;
    fma.rn.ftz.f32 %f69, %f49, %f67, %f68;
    mov.b32 %f70, 0xbec093a3;
    mov.b32 %f71, 0x3f906ebb;
    fma.rn.ftz.f32 %f72, %f49, %f70, %f71;
    fma.rn.ftz.f32 %f73, %f50, %f69, %f72;
    fma.rn.ftz.f32 %f74, %f51, %f66, %f73;
    fma.rn.ftz.f32 %f75, %f52, %f59, %f74;
    mul.ftz.f32 %f76, %f46, %f75;
    mul.ftz.f32 %f77, %f47, %f47;
    mul.ftz.f32 %f78, %f77, %f77;
    mov.b32 %f79, 0xb9cd1e1c;
    mov.b32 %f80, 0xbc327bfe;
    fma.rn.ftz.f32 %f81, %f47, %f79, %f80;
    mov.b32 %f82, 0xbdce6dbf;
    mov.b32 %f83, 0xbefd92d0;
    fma.rn.ftz.f32 %f84, %f47, %f82, %f83;
    fma.rn.ftz.f32 %f85, %f77, %f81, %f84;
    mov.b32 %f86, 0xbfbda45c;
    mov.b32 %f87, 0xc031cf5c;
    fma.rn.ftz.f32 %f88, %f47, %f86, %f87;
    mov.b32 %f89, 0xc045d94b;
    mov.b32 %f90, 0xbfd05f42;
    fma.rn.ftz.f32 %f91, %f47, %f89, %f90;
    fma.rn.ftz.f32 %f92, %f77, %f88, %f91;
    fma.rn.ftz.f32 %f93, %f78, %f85, %f92;
    mov.b32 %f94, 0xb001e898;
    mov.b32 %f95, 0x398e350d;
    fma.rn.ftz.f32 %f96, %f47, %f94, %f95;
    mov.b32 %f97, 0x3bf73fc8;
    mov.b32 %f98, 0x3d8c7442;
    fma.rn.ftz.f32 %f99, %f47, %f97, %f98;
    fma.rn.ftz.f32 %f100, %f77, %f96, %f99;
    mov.b32 %f101, 0x3ea34427;
    mov.b32 %f102, 0x3f5ccc80;
    fma.rn.ftz.f32 %f103, %f47, %f101, %f102;
    mov.b32 %f104, 0x3faadae8;
    fma.rn.ftz.f32 %f105, %f47, %f104, %f32;
    fma.rn.ftz.f32 %f106, %f77, %f103, %f105;
    fma.rn.ftz.f32 %f107, %f78, %f100, %f106;
    div.approx.ftz.f32 %f108, %f93, %f107;
    mul.ftz.f32 %f109, %f108, %f47;
    ex2.approx.ftz.f32 %f110, %f109;
    sub.ftz.f32 %f111, %f32, %f110;
    abs.f32 %f112, %f111;
    mov.b32 %f113, 0x7f800000;
    setp.lt.f32 %p114, %f112, %f113;
    selp.f32 %f115, %f111, %f32, %p114;
    abs.f32 %f116, %f115;
    mov.b32 %f117, 0x80000000;
    and.b32 %f118, %f117, %f46;
    or.b32 %f119, %f116, %f118;
    selp.f32 %f120, %f76, %f119, %p48;
    add.ftz.f32 %f121, %f120, %f32;
    ld.param.f32 %f122, [params+24];
    mov.b32 %f123, 0x3f7fffef;
    min.ftz.f32 %f124, %f122, %f123;
    mov.b32 %f125, 0x358637bd;
    max.ftz.f32 %f126, %f124, %f125;
    lg2.approx.ftz.f32 %f127, %f126;
    mov.b32 %f128, 0x3f317218;
    mul.ftz.f32 %f129, %f127, %f128;
    neg.ftz.f32 %f130, %f129;
    sqrt.approx.ftz.f32 %f131, %f130;
    abs.f32 %f132, %f131;
    setp.lt.f32 %p133, %f132, %f32;
    mul.ftz.f32 %f134, %f131, %f131;
    mul.ftz.f32 %f135, %f134, %f134;
    mul.ftz.f32 %f136, %f135, %f135;
    mul.ftz.f32 %f137, %f136, %f136;
    fma.rn.ftz.f32 %f138, %f134, %f53, %f54;
    fma.rn.ftz.f32 %f139, %f134, %f56, %f57;
    fma.rn.ftz.f32 %f140, %f135, %f138, %f139;
    fma.rn.ftz.f32 %f141, %f134, %f60, %f61;
    fma.rn.ftz.f32 %f142, %f134, %f63, %f64;
    fma.rn.ftz.f32 %f143, %f135, %f141, %f142;
    fma.rn.ftz.f32 %f144, %f134, %f67, %f68;
    fma.rn.ftz.f32 %f145, %f134, %f70, %f71;
    fma.rn.ftz.f32 %f146, %f135, %f144, %f145;
    fma.rn.ftz.f32 %f147, %f136, %f143, %f146;
    fma.rn.ftz.f32 %f148, %f137, %f140, %f147;
    mul.ftz.f32 %f149, %f131, %f148;
    mul.ftz.f32 %f150, %f132, %f132;
    mul.ftz.f32 %f151, %f150, %f150;
    fma.rn.ftz.f32 %f152, %f132, %f79, %f80;
    fma.rn.ftz.f32 %f153, %f132, %f82, %f83;
    fma.rn.ftz.f32 %f154, %f150, %f152, %f153;
    fma.rn.ftz.f32 %f155, %f132, %f86, %f87;
    fma.rn.ftz.f32 %f156, %f132, %f89, %f90;
    fma.rn.ftz.f32 %f157, %f150, %f155, %f156;
    fma.rn.ftz.f32 %f158, %f151, %f154, %f157;
    fma.rn.ftz.f32 %f159, %f132, %f94, %f95;
    fma.rn.ftz.f32 %f160, %f132, %f97, %f98;
    fma.rn.ftz.f32 %f161, %f150, %f159, %f160;
    fma.rn.ftz.f32 %f162, %f132, %f101, %f102;
    fma.rn.ftz.f32 %f163, %f132, %f104, %f32;
    fma.rn.ftz.f32 %f164, %f150, %f162, %f163;
    fma.rn.ftz.f32 %f165, %f151, %f161, %f164;
    div.approx.ftz.f32 %f166, %f158, %f165;
    mul.ftz.f32 %f167, %f166, %f132;
    ex2.approx.ftz.f32 %f168, %f167;
    sub.ftz.f32 %f169, %f32, %f168;
    abs.f32 %f170, %f169;
    setp.lt.f32 %p171, %f170, %f113;
    selp.f32 %f172, %f169, %f32, %p171;
    abs.f32 %f173, %f172;
    and.b32 %f174, %f117, %f131;
    or.b32 %f175, %f173, %f174;
    selp.f32 %f176, %f149, %f175, %p133;
    mul.ftz.f32 %f177, %f121, %f176;
    sub.ftz.f32 %f178, %f120, %f177;
    add.ftz.f32 %f179, %f32, %f178;
    mov.b32 %f180, 0x3f106ebb;
    mul.ftz.f32 %f181, %f180, %f45;
    mov.b32 %f182, 0x3fb8aa3b;
    sub.ftz.f32 %f183, %f32, %f178;
    mul.ftz.f32 %f184, %f183, %f179;
    lg2.approx.ftz.f32 %f185, %f184;
    mul.ftz.f32 %f186, %f185, %f128;
    neg.ftz.f32 %f187, %f186;
    mov.b32 %f188, 0x40a00000;
    setp.lt.f32 %p189, %f187, %f188;
    mov.b32 %f190, 0x40200000;
    sub.ftz.f32 %f191, %f187, %f190;
    mul.ftz.f32 %f192, %f191, %f191;
    mul.ftz.f32 %f193, %f192, %f192;
    mul.ftz.f32 %f194, %f193, %f193;
    mov.b32 %f195, 0x32f16588;
    mov.b32 %f196, 0x34b84b36;
    mov.b32 %f197, 0xb66c7357;
    fma.rn.ftz.f32 %f198, %f191, %f196, %f197;
    mov.b32 %f199, 0xb6935ac1;
    mov.b32 %f200, 0x396532db;
    fma.rn.ftz.f32 %f201, %f191, %f199, %f200;
    fma.rn.ftz.f32 %f202, %f192, %f198, %f201;
    mov.b32 %f203, 0xbaa45408;
    mov.b32 %f204, 0xbb88e4ef;
    fma.rn.ftz.f32 %f205, %f191, %f203, %f204;
    mov.b32 %f206, 0x3e7c8f63;
    mov.b32 %f207, 0x3fc02e2f;
    fma.rn.ftz.f32 %f208, %f191, %f206, %f207;
    fma.rn.ftz.f32 %f209, %f192, %f205, %f208;
    fma.rn.ftz.f32 %f210, %f193, %f202, %f209;
    fma.rn.ftz.f32 %f211, %f194, %f195, %f210;
    sqrt.approx.ftz.f32 %f212, %f187;
    mov.b32 %f213, 0x40400000;
    sub.ftz.f32 %f214, %f212, %f213;
    mul.ftz.f32 %f215, %f214, %f214;
    mul.ftz.f32 %f216, %f215, %f215;
    mul.ftz.f32 %f217, %f216, %f216;
    mov.b32 %f218, 0xb951f09b;
    mov.b32 %f219, 0x38d3b56b;
    mov.b32 %f220, 0x3ab0dc72;
    fma.rn.ftz.f32 %f221, %f214, %f219, %f220;
    mov.b32 %f222, 0xbb70bde7;
    mov.b32 %f223, 0x3bbc127b;
    fma.rn.ftz.f32 %f224, %f214, %f222, %f223;
    fma.rn.ftz.f32 %f225, %f215, %f221, %f224;
    mov.b32 %f226, 0xbbf9c5d7;
    mov.b32 %f227, 0x3c1aa57e;
    fma.rn.ftz.f32 %f228, %f214, %f226, %f227;
    mov.b32 %f229, 0x3f8036db;
    mov.b32 %f230, 0x40354f7e;
    fma.rn.ftz.f32 %f231, %f214, %f229, %f230;
    fma.rn.ftz.f32 %f232, %f215, %f228, %f231;
    fma.rn.ftz.f32 %f233, %f216, %f225, %f232;
    fma.rn.ftz.f32 %f234, %f217, %f218, %f233;
    selp.f32 %f235, %f211, %f234, %p189;
    mul.ftz.f32 %f236, %f235, %f178;
    mul.ftz.f32 %f237, %f236, %f236;
    neg.ftz.f32 %f238, %f237;
    mul.ftz.f32 %f239, %f182, %f238;
    ex2.approx.ftz.f32 %f240, %f239;
    mul.ftz.f32 %f241, %f181, %f240;
    add.ftz.f32 %f242, %f179, %f241;
    add.ftz.f32 %f243, %f32, %f120;
    neg.ftz.f32 %f244, %f49;
    mul.ftz.f32 %f245, %f182, %f244;
    ex2.approx.ftz.f32 %f246, %f245;
    mul.ftz.f32 %f247, %f181, %f246;
    add.ftz.f32 %f248, %f243, %f247;
    mul.ftz.f32 %f249, %f126, %f248;
    sub.ftz.f32 %f250, %f242, %f249;
    mul.ftz.f32 %f251, %f236, %f45;
    sub.ftz.f32 %f252, %f32, %f251;
    div.approx.ftz.f32 %f253, %f250, %f252;
    sub.ftz.f32 %f254, %f178, %f253;
    add.ftz.f32 %f255, %f32, %f254;
    sub.ftz.f32 %f256, %f32, %f254;
    mul.ftz.f32 %f257, %f256, %f255;
    lg2.approx.ftz.f32 %f258, %f257;
    mul.ftz.f32 %f259, %f258, %f128;
    neg.ftz.f32 %f260, %f259;
    setp.lt.f32 %p261, %f260, %f188;
    sub.ftz.f32 %f262, %f260, %f190;
    mul.ftz.f32 %f263, %f262, %f262;
    mul.ftz.f32 %f264, %f263, %f263;
    mul.ftz.f32 %f265, %f264, %f264;
    fma.rn.ftz.f32 %f266, %f262, %f196, %f197;
    fma.rn.ftz.f32 %f267, %f262, %f199, %f200;
    fma.rn.ftz.f32 %f268, %f263, %f266, %f267;
    fma.rn.ftz.f32 %f269, %f262, %f203, %f204;
    fma.rn.ftz.f32 %f270, %f262, %f206, %f207;
    fma.rn.ftz.f32 %f271, %f263, %f269, %f270;
    fma.rn.ftz.f32 %f272, %f264, %f268, %f271;
    fma.rn.ftz.f32 %f273, %f265, %f195, %f272;
    sqrt.approx.ftz.f32 %f274, %f260;
    sub.ftz.f32 %f275, %f274, %f213;
    mul.ftz.f32 %f276, %f275, %f275;
    mul.ftz.f32 %f277, %f276, %f276;
    mul.ftz.f32 %f278, %f277, %f277;
    fma.rn.ftz.f32 %f279, %f275, %f219, %f220;
    fma.rn.ftz.f32 %f280, %f275, %f222, %f223;
    fma.rn.ftz.f32 %f281, %f276, %f279, %f280;
    fma.rn.ftz.f32 %f282, %f275, %f226, %f227;
    fma.rn.ftz.f32 %f283, %f275, %f229, %f230;
    fma.rn.ftz.f32 %f284, %f276, %f282, %f283;
    fma.rn.ftz.f32 %f285, %f277, %f281, %f284;
    fma.rn.ftz.f32 %f286, %f278, %f218, %f285;
    selp.f32 %f287, %f273, %f286, %p261;
    mul.ftz.f32 %f288, %f287, %f254;
    mul.ftz.f32 %f289, %f288, %f288;
    neg.ftz.f32 %f290, %f289;
    mul.ftz.f32 %f291, %f182, %f290;
    ex2.approx.ftz.f32 %f292, %f291;
    mul.ftz.f32 %f293, %f181, %f292;
    add.ftz.f32 %f294, %f255, %f293;
    sub.ftz.f32 %f295, %f294, %f249;
    mul.ftz.f32 %f296, %f288, %f45;
    sub.ftz.f32 %f297, %f32, %f296;
    div.approx.ftz.f32 %f298, %f295, %f297;
    sub.ftz.f32 %f299, %f254, %f298;
    add.ftz.f32 %f300, %f32, %f299;
    sub.ftz.f32 %f301, %f32, %f299;
    mul.ftz.f32 %f302, %f301, %f300;
    lg2.approx.ftz.f32 %f303, %f302;
    mul.ftz.f32 %f304, %f303, %f128;
    neg.ftz.f32 %f305, %f304;
    setp.lt.f32 %p306, %f305, %f188;
    sub.ftz.f32 %f307, %f305, %f190;
    mul.ftz.f32 %f308, %f307, %f307;
    mul.ftz.f32 %f309, %f308, %f308;
    mul.ftz.f32 %f310, %f309, %f309;
    fma.rn.ftz.f32 %f311, %f307, %f196, %f197;
    fma.rn.ftz.f32 %f312, %f307, %f199, %f200;
    fma.rn.ftz.f32 %f313, %f308, %f311, %f312;
    fma.rn.ftz.f32 %f314, %f307, %f203, %f204;
    fma.rn.ftz.f32 %f315, %f307, %f206, %f207;
    fma.rn.ftz.f32 %f316, %f308, %f314, %f315;
    fma.rn.ftz.f32 %f317, %f309, %f313, %f316;
    fma.rn.ftz.f32 %f318, %f310, %f195, %f317;
    sqrt.approx.ftz.f32 %f319, %f305;
    sub.ftz.f32 %f320, %f319, %f213;
    mul.ftz.f32 %f321, %f320, %f320;
    mul.ftz.f32 %f322, %f321, %f321;
    mul.ftz.f32 %f323, %f322, %f322;
    fma.rn.ftz.f32 %f324, %f320, %f219, %f220;
    fma.rn.ftz.f32 %f325, %f320, %f222, %f223;
    fma.rn.ftz.f32 %f326, %f321, %f324, %f325;
    fma.rn.ftz.f32 %f327, %f320, %f226, %f227;
    fma.rn.ftz.f32 %f328, %f320, %f229, %f230;
    fma.rn.ftz.f32 %f329, %f321, %f327, %f328;
    fma.rn.ftz.f32 %f330, %f322, %f326, %f329;
    fma.rn.ftz.f32 %f331, %f323, %f218, %f330;
    selp.f32 %f332, %f318, %f331, %p306;
    mul.ftz.f32 %f333, %f332, %f299;
    mul.ftz.f32 %f334, %f333, %f333;
    neg.ftz.f32 %f335, %f334;
    mul.ftz.f32 %f336, %f182, %f335;
    ex2.approx.ftz.f32 %f337, %f336;
    mul.ftz.f32 %f338, %f181, %f337;
    add.ftz.f32 %f339, %f300, %f338;
    sub.ftz.f32 %f340, %f339, %f249;
    mul.ftz.f32 %f341, %f333, %f45;
    sub.ftz.f32 %f342, %f32, %f341;
    div.approx.ftz.f32 %f343, %f340, %f342;
    sub.ftz.f32 %f344, %f299, %f343;
    sub.ftz.f32 %f345, %f32, %f344;
    add.ftz.f32 %f346, %f32, %f344;
    mul.ftz.f32 %f347, %f345, %f346;
    lg2.approx.ftz.f32 %f348, %f347;
    mul.ftz.f32 %f349, %f348, %f128;
    neg.ftz.f32 %f350, %f349;
    setp.lt.f32 %p351, %f350, %f188;
    sub.ftz.f32 %f352, %f350, %f190;
    mul.ftz.f32 %f353, %f352, %f352;
    mul.ftz.f32 %f354, %f353, %f353;
    mul.ftz.f32 %f355, %f354, %f354;
    fma.rn.ftz.f32 %f356, %f352, %f196, %f197;
    fma.rn.ftz.f32 %f357, %f352, %f199, %f200;
    fma.rn.ftz.f32 %f358, %f353, %f356, %f357;
    fma.rn.ftz.f32 %f359, %f352, %f203, %f204;
    fma.rn.ftz.f32 %f360, %f352, %f206, %f207;
    fma.rn.ftz.f32 %f361, %f353, %f359, %f360;
    fma.rn.ftz.f32 %f362, %f354, %f358, %f361;
    fma.rn.ftz.f32 %f363, %f355, %f195, %f362;
    sqrt.approx.ftz.f32 %f364, %f350;
    sub.ftz.f32 %f365, %f364, %f213;
    mul.ftz.f32 %f366, %f365, %f365;
    mul.ftz.f32 %f367, %f366, %f366;
    mul.ftz.f32 %f368, %f367, %f367;
    fma.rn.ftz.f32 %f369, %f365, %f219, %f220;
    fma.rn.ftz.f32 %f370, %f365, %f222, %f223;
    fma.rn.ftz.f32 %f371, %f366, %f369, %f370;
    fma.rn.ftz.f32 %f372, %f365, %f226, %f227;
    fma.rn.ftz.f32 %f373, %f365, %f229, %f230;
    fma.rn.ftz.f32 %f374, %f366, %f372, %f373;
    fma.rn.ftz.f32 %f375, %f367, %f371, %f374;
    fma.rn.ftz.f32 %f376, %f368, %f218, %f375;
    selp.f32 %f377, %f363, %f376, %p351;
    mul.ftz.f32 %f378, %f377, %f344;
    mul.ftz.f32 %f379, %f26, %f33;
    min.ftz.f32 %f380, %f379, %f32;
    max.ftz.f32 %f381, %f380, %f36;
    selp.f32 %f382, %f42, %f381, %p31;
    mov.b32 %f383, 0x40000000;
    ld.param.f32 %f384, [params+28];
    min.ftz.f32 %f385, %f384, %f123;
    max.ftz.f32 %f386, %f385, %f125;
    fma.rn.ftz.f32 %f387, %f383, %f386, %f36;
    sub.ftz.f32 %f388, %f32, %f387;
    add.ftz.f32 %f389, %f32, %f387;
    mul.ftz.f32 %f390, %f388, %f389;
    lg2.approx.ftz.f32 %f391, %f390;
    mul.ftz.f32 %f392, %f391, %f128;
    neg.ftz.f32 %f393, %f392;
    setp.lt.f32 %p394, %f393, %f188;
    sub.ftz.f32 %f395, %f393, %f190;
    mul.ftz.f32 %f396, %f395, %f395;
    mul.ftz.f32 %f397, %f396, %f396;
    mul.ftz.f32 %f398, %f397, %f397;
    fma.rn.ftz.f32 %f399, %f395, %f196, %f197;
    fma.rn.ftz.f32 %f400, %f395, %f199, %f200;
    fma.rn.ftz.f32 %f401, %f396, %f399, %f400;
    fma.rn.ftz.f32 %f402, %f395, %f203, %f204;
    fma.rn.ftz.f32 %f403, %f395, %f206, %f207;
    fma.rn.ftz.f32 %f404, %f396, %f402, %f403;
    fma.rn.ftz.f32 %f405, %f397, %f401, %f404;
    fma.rn.ftz.f32 %f406, %f398, %f195, %f405;
    sqrt.approx.ftz.f32 %f407, %f393;
    sub.ftz.f32 %f408, %f407, %f213;
    mul.ftz.f32 %f409, %f408, %f408;
    mul.ftz.f32 %f410, %f409, %f409;
    mul.ftz.f32 %f411, %f410, %f410;
    fma.rn.ftz.f32 %f412, %f408, %f219, %f220;
    fma.rn.ftz.f32 %f413, %f408, %f222, %f223;
    fma.rn.ftz.f32 %f414, %f409, %f412, %f413;
    fma.rn.ftz.f32 %f415, %f408, %f226, %f227;
    fma.rn.ftz.f32 %f416, %f408, %f229, %f230;
    fma.rn.ftz.f32 %f417, %f409, %f415, %f416;
    fma.rn.ftz.f32 %f418, %f410, %f414, %f417;
    fma.rn.ftz.f32 %f419, %f411, %f218, %f418;
    selp.f32 %f420, %f406, %f419, %p394;
    mul.ftz.f32 %f421, %f420, %f387;
    mul.ftz.f32 %f422, %f382, %f421;
    neg.ftz.f32 %f423, %f422;
    fma.rn.ftz.f32 %f424, %f38, %f378, %f423;
    mul.ftz.f32 %f425, %f424, %f15;
    neg.ftz.f32 %f426, %f425;
    mul.ftz.f32 %f427, %f38, %f421;
    fma.rn.ftz.f32 %f428, %f382, %f378, %f427;
    mul.ftz.f32 %f429, %f428, %f15;
    neg.ftz.f32 %f430, %f429;
    mul.ftz.f32 %f431, %f426, %f426;
    fma.rn.ftz.f32 %f432, %f430, %f430, %f431;
    add.ftz.f32 %f433, %f32, %f432;
    rsqrt.approx.ftz.f32 %f434, %f433;
    mul.ftz.f32 %f435, %f426, %f434;
    mul.ftz.f32 %f436, %f430, %f434;
    mul.ftz.f32 %f437, %f16, %f435;
    fma.rn.ftz.f32 %f438, %f19, %f436, %f437;
    fma.rn.ftz.f32 %f439, %f18, %f434, %f438;
    mul.ftz.f32 %f440, %f383, %f439;
    neg.ftz.f32 %f441, %f16;
    fma.rn.ftz.f32 %f442, %f435, %f440, %f441;
    neg.ftz.f32 %f443, %f19;
    fma.rn.ftz.f32 %f444, %f436, %f440, %f443;
    neg.ftz.f32 %f445, %f18;
    fma.rn.ftz.f32 %f446, %f434, %f440, %f445;
    div.approx.ftz.f32 %f447, %f435, %f15;
    mul.ftz.f32 %f448, %f447, %f447;
    div.approx.ftz.f32 %f449, %f436, %f15;
    mul.ftz.f32 %f450, %f449, %f449;
    add.ftz.f32 %f451, %f448, %f450;
    neg.ftz.f32 %f452, %f451;
    mul.ftz.f32 %f453, %f434, %f434;
    div.approx.ftz.f32 %f454, %f452, %f453;
    mul.ftz.f32 %f455, %f182, %f454;
    ex2.approx.ftz.f32 %f456, %f455;
    mov.b32 %f457, 0x40490fdb;
    mul.ftz.f32 %f458, %f15, %f15;
    mul.ftz.f32 %f459, %f457, %f458;
    mul.ftz.f32 %f460, %f453, %f453;
    mul.ftz.f32 %f461, %f459, %f460;
    div.approx.ftz.f32 %f462, %f456, %f461;
    mul.ftz.f32 %f463, %f462, %f434;
    mov.b32 %f464, 0x1e3ce508;
    setp.gt.f32 %p465, %f463, %f464;
    selp.f32 %f466, %f462, %f42, %p465;
    mul.ftz.f32 %f467, %f439, %f18;
    setp.le.f32 %p468, %f467, %f42;
    mul.ftz.f32 %f469, %f20, %f20;
    add.ftz.f32 %f470, %f21, %f469;
    setp.eq.f32 %p471, %f470, %f42;
    mul.ftz.f32 %f472, %f18, %f18;
    div.approx.ftz.f32 %f473, %f470, %f472;
    rsqrt.approx.ftz.f32 %f474, %f473;
    mov.b32 %f475, 0x3fcccccd;
    setp.ge.f32 %p476, %f474, %f475;
    mov.b32 %f477, 0x40623d71;
    mul.ftz.f32 %f478, %f477, %f474;
    mov.b32 %f479, 0x400b9581;
    mul.ftz.f32 %f480, %f474, %f474;
    mul.ftz.f32 %f481, %f479, %f480;
    add.ftz.f32 %f482, %f478, %f481;
    mov.b32 %f483, 0x4011a9fc;
    mul.ftz.f32 %f484, %f483, %f474;
    add.ftz.f32 %f485, %f32, %f484;
    mov.b32 %f486, 0x4024ed91;
    mul.ftz.f32 %f487, %f486, %f480;
    add.ftz.f32 %f488, %f485, %f487;
    div.approx.ftz.f32 %f489, %f482, %f488;
    selp.f32 %f490, %f32, %f489, %p476;
    selp.f32 %f491, %f32, %f490, %p471;
    selp.f32 %f492, %f42, %f491, %p468;
    mul.ftz.f32 %f493, %f466, %f492;
    abs.f32 %f494, %f439;
    mul.ftz.f32 %f495, %f493, %f494;
    div.approx.ftz.f32 %f496, %f495, %f18;
    mov.b32 %f497, 0x40800000;
    mul.ftz.f32 %f498, %f442, %f435;
    fma.rn.ftz.f32 %f499, %f444, %f436, %f498;
    fma.rn.ftz.f32 %f500, %f446, %f434, %f499;
    mul.ftz.f32 %f501, %f497, %f500;
    div.approx.ftz.f32 %f502, %f496, %f501;
    mov.b32 %r503, 0x8;
    mov.b32 %r504, 0x0;
    mov.b32 %f505, 0x3f000000;
    mul.ftz.f32 %f506, %f4, %f4;
    mul.ftz.f32 %f507, %f5, %f5;
    sub.ftz.f32 %f508, %f506, %f507;
    mul.ftz.f32 %f509, %f439, %f439;
    sub.ftz.f32 %f510, %f32, %f509;
    sub.ftz.f32 %f511, %f508, %f510;
    mul.ftz.f32 %f512, %f511, %f511;
    mul.ftz.f32 %f513, %f497, %f5;
    mul.ftz.f32 %f514, %f513, %f5;
    mul.ftz.f32 %f515, %f514, %f4;
    mul.ftz.f32 %f516, %f515, %f4;
    add.ftz.f32 %f517, %f512, %f516;
    max.ftz.f32 %f518, %f517, %f42;
    sqrt.approx.ftz.f32 %f519, %f518;
    add.ftz.f32 %f520, %f519, %f509;
    add.ftz.f32 %f521, %f519, %f511;
    mul.ftz.f32 %f522, %f505, %f521;
    max.ftz.f32 %f523, %f522, %f42;
    sqrt.approx.ftz.f32 %f524, %f523;
    mul.ftz.f32 %f525, %f440, %f524;
    sub.ftz.f32 %f526, %f520, %f525;
    add.ftz.f32 %f527, %f520, %f525;
    div.approx.ftz.f32 %f528, %f526, %f527;
    mul.ftz.f32 %f529, %f519, %f509;
    mul.ftz.f32 %f530, %f510, %f510;
    add.ftz.f32 %f531, %f529, %f530;
    mul.ftz.f32 %f532, %f525, %f510;
    sub.ftz.f32 %f533, %f531, %f532;
    mul.ftz.f32 %f534, %f528, %f533;
    add.ftz.f32 %f535, %f531, %f532;
    div.approx.ftz.f32 %f536, %f534, %f535;
    add.ftz.f32 %f537, %f528, %f536;
    mul.ftz.f32 %f538, %f505, %f537;
    mul.ftz.f32 %f539, %f500, %f446;
    setp.le.f32 %p540, %f539, %f42;
    mul.ftz.f32 %f541, %f15, %f442;
    mul.ftz.f32 %f542, %f541, %f541;
    mul.ftz.f32 %f543, %f15, %f444;
    mul.ftz.f32 %f544, %f543, %f543;
    add.ftz.f32 %f545, %f542, %f544;
    setp.eq.f32 %p546, %f545, %f42;
    mul.ftz.f32 %f547, %f446, %f446;
    div.approx.ftz.f32 %f548, %f545, %f547;
    rsqrt.approx.ftz.f32 %f549, %f548;
    setp.ge.f32 %p550, %f549, %f475;
    mul.ftz.f32 %f551, %f477, %f549;
    mul.ftz.f32 %f552, %f549, %f549;
    mul.ftz.f32 %f553, %f479, %f552;
    add.ftz.f32 %f554, %f551, %f553;
    mul.ftz.f32 %f555, %f483, %f549;
    add.ftz.f32 %f556, %f32, %f555;
    mul.ftz.f32 %f557, %f486, %f552;
    add.ftz.f32 %f558, %f556, %f557;
    div.approx.ftz.f32 %f559, %f554, %f558;
    selp.f32 %f560, %f32, %f559, %p550;
    selp.f32 %f561, %f32, %f560, %p546;
    selp.f32 %f562, %f42, %f561, %p540;
    mul.ftz.f32 %f563, %f562, %f6;
    mul.ftz.f32 %f564, %f538, %f563;
    setp.gt.f32 %p565, %f18, %f42;
    setp.ne.f32 %p566, %f496, %f42;
    setp.gt.f32 %p567, %f446, %f42;
    and.pred %p568, %p566, %p567;
    and.pred %p569, %p565, %p568;
    selp.b32 %f570, %f564, 0, %p569;
    mul.ftz.f32 %f571, %f7, %f7;
    mul.ftz.f32 %f572, %f8, %f8;
    sub.ftz.f32 %f573, %f571, %f572;
    sub.ftz.f32 %f574, %f573, %f510;
    mul.ftz.f32 %f575, %f574, %f574;
    mul.ftz.f32 %f576, %f497, %f8;
    mul.ftz.f32 %f577, %f576, %f8;
    mul.ftz.f32 %f578, %f577, %f7;
    mul.ftz.f32 %f579, %f578, %f7;
    add.ftz.f32 %f580, %f575, %f579;
    max.ftz.f32 %f581, %f580, %f42;
    sqrt.approx.ftz.f32 %f582, %f581;
    add.ftz.f32 %f583, %f582, %f509;
    add.ftz.f32 %f584, %f582, %f574;
    mul.ftz.f32 %f585, %f505, %f584;
    max.ftz.f32 %f586, %f585, %f42;
    sqrt.approx.ftz.f32 %f587, %f586;
    mul.ftz.f32 %f588, %f440, %f587;
    sub.ftz.f32 %f589, %f583, %f588;
    add.ftz.f32 %f590, %f583, %f588;
    div.approx.ftz.f32 %f591, %f589, %f590;
    mul.ftz.f32 %f592, %f582, %f509;
    add.ftz.f32 %f593, %f592, %f530;
    mul.ftz.f32 %f594, %f588, %f510;
    sub.ftz.f32 %f595, %f593, %f594;
    mul.ftz.f32 %f596, %f591, %f595;
    add.ftz.f32 %f597, %f593, %f594;
    div.approx.ftz.f32 %f598, %f596, %f597;
    add.ftz.f32 %f599, %f591, %f598;
    mul.ftz.f32 %f600, %f505, %f599;
    mul.ftz.f32 %f601, %f562, %f9;
    mul.ftz.f32 %f602, %f600, %f601;
    selp.b32 %f603, %f602, 0, %p569;
    mul.ftz.f32 %f604, %f10, %f10;
    mul.ftz.f32 %f605, %f11, %f11;
    sub.ftz.f32 %f606, %f604, %f605;
    sub.ftz.f32 %f607, %f606, %f510;
    mul.ftz.f32 %f608, %f607, %f607;
    mul.ftz.f32 %f609, %f497, %f11;
    mul.ftz.f32 %f610, %f609, %f11;
    mul.ftz.f32 %f611, %f610, %f10;
    mul.ftz.f32 %f612, %f611, %f10;
    add.ftz.f32 %f613, %f608, %f612;
    max.ftz.f32 %f614, %f613, %f42;
    sqrt.approx.ftz.f32 %f615, %f614;
    add.ftz.f32 %f616, %f615, %f509;
    add.ftz.f32 %f617, %f615, %f607;
    mul.ftz.f32 %f618, %f505, %f617;
    max.ftz.f32 %f619, %f618, %f42;
    sqrt.approx.ftz.f32 %f620, %f619;
    mul.ftz.f32 %f621, %f440, %f620;
    sub.ftz.f32 %f622, %f616, %f621;
    add.ftz.f32 %f623, %f616, %f621;
    div.approx.ftz.f32 %f624, %f622, %f623;
    mul.ftz.f32 %f625, %f615, %f509;
    add.ftz.f32 %f626, %f625, %f530;
    mul.ftz.f32 %f627, %f621, %f510;
    sub.ftz.f32 %f628, %f626, %f627;
    mul.ftz.f32 %f629, %f624, %f628;
    add.ftz.f32 %f630, %f626, %f627;
    div.approx.ftz.f32 %f631, %f629, %f630;
    add.ftz.f32 %f632, %f624, %f631;
    mul.ftz.f32 %f633, %f505, %f632;
    mul.ftz.f32 %f634, %f562, %f12;
    mul.ftz.f32 %f635, %f633, %f634;
    selp.b32 %f636, %f635, 0, %p569;
    st.param.f32 [result+0], %f442;
    st.param.f32 [result+4], %f444;
    st.param.f32 [result+8], %f446;
    st.param.f32 [result+12], %f502;
    st.param.f32 [result+16], %f32;
    st.param.u32 [result+20], %r503;
    st.param.u32 [result+24], %r504;
    st.param.f32 [result+28], %f570;
    st.param.f32 [result+32], %f603;
    st.param.f32 [result+36], %f636;
    ret;
}

.visible .func (.param .align 4 .b8 result[84]) __direct_callable__4516cd2ab718f9aa896604bb79d9548b(.reg .u32 self, .reg .u64 data, .param .align 4 .b8 params[40]) {
    // VCall: mitsuba::Shape::compute_surface_interaction()
    .reg.b8   %b <45>; .reg.b16 %w<45>; .reg.b32 %r<45>;
    .reg.b64  %rd<45>; .reg.f32 %f<45>; .reg.f64 %d<45>;
    .reg.pred %p <45>;

    ld.global.f32 %f4, [data+44];
    ld.global.f32 %f5, [data+0];
    ld.global.f32 %f6, [data+4];
    ld.global.f32 %f7, [data+8];
    ld.global.f32 %f8, [data+12];
    ld.global.f32 %f9, [data+16];
    ld.global.f32 %f10, [data+20];
    ld.global.f32 %f11, [data+40];
    ld.global.f32 %f12, [data+36];
    ld.global.f32 %f13, [data+32];
    ld.global.f32 %f14, [data+28];
    ld.global.f32 %f15, [data+24];
    ld.param.f32 %f16, [params+24];
    ld.param.f32 %f17, [params+12];
    ld.param.f32 %f18, [params+0];
    fma.rn.ftz.f32 %f19, %f17, %f16, %f18;
    ld.param.f32 %f20, [params+20];
    ld.param.f32 %f21, [params+8];
    fma.rn.ftz.f32 %f22, %f20, %f16, %f21;
    sub.ftz.f32 %f23, %f5, %f22;
    ld.param.f32 %f24, [params+16];
    ld.param.f32 %f25, [params+4];
    fma.rn.ftz.f32 %f26, %f24, %f16, %f25;
    sub.ftz.f32 %f27, %f7, %f26;
    sub.ftz.f32 %f28, %f9, %f19;
    mul.ftz.f32 %f29, %f28, %f10;
    fma.rn.ftz.f32 %f30, %f27, %f8, %f29;
    fma.rn.ftz.f32 %f31, %f23, %f6, %f30;
    mul.ftz.f32 %f32, %f31, %f10;
    add.ftz.f32 %f33, %f19, %f32;
    mul.ftz.f32 %f34, %f31, %f8;
    add.ftz.f32 %f35, %f26, %f34;
    mul.ftz.f32 %f36, %f31, %f6;
    add.ftz.f32 %f37, %f22, %f36;
    mov.u32 %r38, self;
    ld.param.f32 %f39, [params+28];
    mov.b32 %f40, 0x3f000000;
    fma.rn.ftz.f32 %f41, %f39, %f40, %f40;
    ld.param.f32 %f42, [params+32];
    fma.rn.ftz.f32 %f43, %f42, %f40, %f40;
    mov.b32 %f44, 0x0;
    st.param.f32 [result+0], %f16;
    st.param.f32 [result+4], %f4;
    st.param.f32 [result+8], %f33;
    st.param.f32 [result+12], %f35;
    st.param.f32 [result+16], %f37;
    st.param.f32 [result+20], %f10;
    st.param.f32 [result+24], %f8;
    st.param.f32 [result+28], %f6;
    st.param.u32 [result+32], %r38;
    st.param.f32 [result+36], %f41;
    st.param.f32 [result+40], %f43;
    st.param.f32 [result+44], %f44;
    st.param.f32 [result+48], %f44;
    st.param.f32 [result+52], %f11;
    st.param.f32 [result+56], %f12;
    st.param.f32 [result+60], %f13;
    st.param.f32 [result+64], %f14;
    st.param.f32 [result+68], %f15;
    st.param.f32 [result+72], %f6;
    st.param.f32 [result+76], %f10;
    st.param.f32 [result+80], %f8;
    ret;
}

.visible .func (.param .align 4 .b8 result[12]) __direct_callable__64c9c90116c43f6928a7486b8c17abb3(.reg .u64 data, .param .align 4 .b8 params[24]) {
    // VCall: mitsuba::BSDF::sample()
    .reg.b8   %b <48>; .reg.b16 %w<48>; .reg.b32 %r<48>;
    .reg.b64  %rd<48>; .reg.f32 %f<48>; .reg.f64 %d<48>;
    .reg.pred %p <48>;

    ld.param.f32 %f4, [params+12];
    ld.param.f32 %f5, [params+8];
    abs.f32 %f6, %f5;
    mov.b32 %f7, 0x0;
    setp.eq.f32 %p8, %f6, %f7;
    mov.b32 %f9, 0x3f800000;
    mov.b32 %f10, 0x3f000000;
    setp.ge.f32 %p11, %f5, %f7;
    mov.b32 %f12, 0x3fc00000;
    mov.b32 %f13, 0x3f2aaaab;
    selp.f32 %f14, %f12, %f13, %p11;
    neg.ftz.f32 %f15, %f5;
    fma.rn.ftz.f32 %f16, %f5, %f15, %f9;
    selp.f32 %f17, %f13, %f12, %p11;
    mul.ftz.f32 %f18, %f17, %f17;
    neg.ftz.f32 %f19, %f18;
    fma.rn.ftz.f32 %f20, %f16, %f19, %f9;
    max.ftz.f32 %f21, %f20, %f7;
    sqrt.approx.ftz.f32 %f22, %f21;
    neg.ftz.f32 %f23, %f22;
    fma.rn.ftz.f32 %f24, %f14, %f23, %f6;
    fma.rn.ftz.f32 %f25, %f14, %f22, %f6;
    div.approx.ftz.f32 %f26, %f24, %f25;
    mul.ftz.f32 %f27, %f26, %f26;
    neg.ftz.f32 %f28, %f6;
    fma.rn.ftz.f32 %f29, %f14, %f28, %f22;
    fma.rn.ftz.f32 %f30, %f14, %f6, %f22;
    div.approx.ftz.f32 %f31, %f29, %f30;
    mul.ftz.f32 %f32, %f31, %f31;
    add.ftz.f32 %f33, %f27, %f32;
    mul.ftz.f32 %f34, %f10, %f33;
    selp.f32 %f35, %f9, %f34, %p8;
    setp.le.f32 %p36, %f4, %f35;
    ld.param.f32 %f37, [params+0];
    neg.ftz.f32 %f38, %f37;
    neg.ftz.f32 %f39, %f17;
    mul.ftz.f32 %f40, %f39, %f37;
    selp.f32 %f41, %f38, %f40, %p36;
    ld.param.f32 %f42, [params+4];
    neg.ftz.f32 %f43, %f42;
    mul.ftz.f32 %f44, %f39, %f42;
    selp.f32 %f45, %f43, %f44, %p36;
    selp.f32 %f46, %f23, %f22, %p11;
    selp.f32 %f47, %f5, %f46, %p36;
    st.param.f32 [result+0], %f41;
    st.param.f32 [result+4], %f45;
    st.param.f32 [result+8], %f47;
    ret;
}

.visible .func (.param .align 4 .b8 result[40]) __direct_callable__6907fa219ccaa93496cdbc1947aefac0(.reg .u64 data, .param .align 4 .b8 params[32]) {
    // VCall: mitsuba::BSDF::sample()
    .reg.b8   %b <285>; .reg.b16 %w<285>; .reg.b32 %r<285>;
    .reg.b64  %rd<285>; .reg.f32 %f<285>; .reg.f64 %d<285>;
    .reg.pred %p <285>;

    ld.global.f32 %f4, [data+4];
    ld.global.f32 %f5, [data+8];
    ld.global.f32 %f6, [data+12];
    ld.global.f32 %f7, [data+16];
    ld.global.f32 %f8, [data+20];
    ld.global.f32 %f9, [data+24];
    ld.global.f32 %f10, [data+28];
    ld.global.f32 %f11, [data+32];
    ld.global.f32 %f12, [data+36];
    ld.global.f32 %f13, [data+0];
    mov.b32 %f14, 0x38d1b717;
    max.ftz.f32 %f15, %f13, %f14;
    ld.param.f32 %f16, [params+8];
    mul.ftz.f32 %f17, %f15, %f16;
    ld.param.f32 %f18, [params+16];
    ld.param.f32 %f19, [params+12];
    mul.ftz.f32 %f20, %f15, %f19;
    mul.ftz.f32 %f21, %f17, %f17;
    fma.rn.ftz.f32 %f22, %f20, %f20, %f21;
    fma.rn.ftz.f32 %f23, %f18, %f18, %f22;
    rsqrt.approx.ftz.f32 %f24, %f23;
    mul.ftz.f32 %f25, %f17, %f24;
    mul.ftz.f32 %f26, %f20, %f24;
    mul.ftz.f32 %f27, %f26, %f26;
    fma.rn.ftz.f32 %f28, %f25, %f25, %f27;
    abs.f32 %f29, %f28;
    mov.b32 %f30, 0x34800000;
    setp.le.f32 %p31, %f29, %f30;
    mov.b32 %f32, 0x3f800000;
    rsqrt.approx.ftz.f32 %f33, %f28;
    mul.ftz.f32 %f34, %f25, %f33;
    min.ftz.f32 %f35, %f34, %f32;
    mov.b32 %f36, 0xbf800000;
    max.ftz.f32 %f37, %f35, %f36;
    selp.f32 %f38, %f32, %f37, %p31;
    mul.ftz.f32 %f39, %f18, %f24;
    mov.b32 %f40, 0x40000000;
    ld.param.f32 %f41, [params+24];
    fma.rn.ftz.f32 %f42, %f40, %f41, %f36;
    abs.f32 %f43, %f42;
    ld.param.f32 %f44, [params+28];
    fma.rn.ftz.f32 %f45, %f40, %f44, %f36;
    abs.f32 %f46, %f45;
    setp.lt.f32 %p47, %f43, %f46;
    selp.f32 %f48, %f45, %f42, %p47;
    mov.b32 %f49, 0x0;
    setp.eq.f32 %p50, %f42, %f49;
    setp.eq.f32 %p51, %f45, %f49;
    and.pred %p52, %p50, %p51;
    mov.b32 %f53, 0x3fc90fdb;
    mov.b32 %f54, 0x3f490fdb;
    selp.f32 %f55, %f42, %f45, %p47;
    mul.ftz.f32 %f56, %f54, %f55;
    div.approx.ftz.f32 %f57, %f56, %f48;
    sub.ftz.f32 %f58, %f53, %f57;
    selp.f32 %f59, %f58, %f57, %p47;
    selp.f32 %f60, %f49, %f59, %p52;
    sin.approx.ftz.f32 %f61, %f60;
    mul.ftz.f32 %f62, %f48, %f61;
    mov.b32 %f63, 0x3f000000;
    add.ftz.f32 %f64, %f32, %f39;
    mul.ftz.f32 %f65, %f63, %f64;
    cos.approx.ftz.f32 %f66, %f60;
    mul.ftz.f32 %f67, %f48, %f66;
    mul.ftz.f32 %f68, %f67, %f67;
    sub.ftz.f32 %f69, %f32, %f68;
    max.ftz.f32 %f70, %f69, %f49;
    sqrt.approx.ftz.f32 %f71, %f70;
    neg.ftz.f32 %f72, %f65;
    fma.rn.ftz.f32 %f73, %f71, %f72, %f71;
    fma.rn.ftz.f32 %f74, %f62, %f65, %f73;
    mul.ftz.f32 %f75, %f39, %f39;
    sub.ftz.f32 %f76, %f32, %f75;
    max.ftz.f32 %f77, %f76, %f49;
    sqrt.approx.ftz.f32 %f78, %f77;
    fma.rn.ftz.f32 %f79, %f74, %f74, %f68;
    sub.ftz.f32 %f80, %f32, %f79;
    max.ftz.f32 %f81, %f80, %f49;
    sqrt.approx.ftz.f32 %f82, %f81;
    mul.ftz.f32 %f83, %f78, %f82;
    neg.ftz.f32 %f84, %f83;
    fma.rn.ftz.f32 %f85, %f39, %f74, %f84;
    mul.ftz.f32 %f86, %f39, %f82;
    fma.rn.ftz.f32 %f87, %f78, %f74, %f86;
    rcp.approx.ftz.f32 %f88, %f87;
    mul.ftz.f32 %f89, %f85, %f88;
    mul.ftz.f32 %f90, %f26, %f33;
    min.ftz.f32 %f91, %f90, %f32;
    max.ftz.f32 %f92, %f91, %f36;
    selp.f32 %f93, %f49, %f92, %p31;
    mul.ftz.f32 %f94, %f67, %f88;
    mul.ftz.f32 %f95, %f93, %f94;
    neg.ftz.f32 %f96, %f95;
    fma.rn.ftz.f32 %f97, %f38, %f89, %f96;
    mul.ftz.f32 %f98, %f97, %f15;
    neg.ftz.f32 %f99, %f98;
    mul.ftz.f32 %f100, %f38, %f94;
    fma.rn.ftz.f32 %f101, %f93, %f89, %f100;
    mul.ftz.f32 %f102, %f101, %f15;
    neg.ftz.f32 %f103, %f102;
    mul.ftz.f32 %f104, %f99, %f99;
    fma.rn.ftz.f32 %f105, %f103, %f103, %f104;
    add.ftz.f32 %f106, %f32, %f105;
    rsqrt.approx.ftz.f32 %f107, %f106;
    mul.ftz.f32 %f108, %f99, %f107;
    mul.ftz.f32 %f109, %f103, %f107;
    mul.ftz.f32 %f110, %f16, %f108;
    fma.rn.ftz.f32 %f111, %f19, %f109, %f110;
    fma.rn.ftz.f32 %f112, %f18, %f107, %f111;
    mul.ftz.f32 %f113, %f40, %f112;
    neg.ftz.f32 %f114, %f16;
    fma.rn.ftz.f32 %f115, %f108, %f113, %f114;
    neg.ftz.f32 %f116, %f19;
    fma.rn.ftz.f32 %f117, %f109, %f113, %f116;
    neg.ftz.f32 %f118, %f18;
    fma.rn.ftz.f32 %f119, %f107, %f113, %f118;
    mov.b32 %f120, 0x40490fdb;
    mul.ftz.f32 %f121, %f15, %f15;
    mul.ftz.f32 %f122, %f120, %f121;
    div.approx.ftz.f32 %f123, %f108, %f15;
    mul.ftz.f32 %f124, %f123, %f123;
    div.approx.ftz.f32 %f125, %f109, %f15;
    mul.ftz.f32 %f126, %f125, %f125;
    add.ftz.f32 %f127, %f124, %f126;
    mul.ftz.f32 %f128, %f107, %f107;
    add.ftz.f32 %f129, %f127, %f128;
    mul.ftz.f32 %f130, %f129, %f129;
    mul.ftz.f32 %f131, %f122, %f130;
    rcp.approx.ftz.f32 %f132, %f131;
    mul.ftz.f32 %f133, %f132, %f107;
    mov.b32 %f134, 0x1e3ce508;
    setp.gt.f32 %p135, %f133, %f134;
    selp.f32 %f136, %f132, %f49, %p135;
    mul.ftz.f32 %f137, %f112, %f18;
    setp.le.f32 %p138, %f137, %f49;
    mul.ftz.f32 %f139, %f20, %f20;
    add.ftz.f32 %f140, %f21, %f139;
    setp.eq.f32 %p141, %f140, %f49;
    mul.ftz.f32 %f142, %f18, %f18;
    div.approx.ftz.f32 %f143, %f140, %f142;
    add.ftz.f32 %f144, %f32, %f143;
    sqrt.approx.ftz.f32 %f145, %f144;
    add.ftz.f32 %f146, %f32, %f145;
    div.approx.ftz.f32 %f147, %f40, %f146;
    selp.f32 %f148, %f32, %f147, %p141;
    selp.f32 %f149, %f49, %f148, %p138;
    mul.ftz.f32 %f150, %f136, %f149;
    abs.f32 %f151, %f112;
    mul.ftz.f32 %f152, %f150, %f151;
    div.approx.ftz.f32 %f153, %f152, %f18;
    mov.b32 %f154, 0x40800000;
    mul.ftz.f32 %f155, %f115, %f108;
    fma.rn.ftz.f32 %f156, %f117, %f109, %f155;
    fma.rn.ftz.f32 %f157, %f119, %f107, %f156;
    mul.ftz.f32 %f158, %f154, %f157;
    div.approx.ftz.f32 %f159, %f153, %f158;
    mov.b32 %r160, 0x8;
    mov.b32 %r161, 0x0;
    mul.ftz.f32 %f162, %f4, %f4;
    mul.ftz.f32 %f163, %f5, %f5;
    sub.ftz.f32 %f164, %f162, %f163;
    mul.ftz.f32 %f165, %f112, %f112;
    sub.ftz.f32 %f166, %f32, %f165;
    sub.ftz.f32 %f167, %f164, %f166;
    mul.ftz.f32 %f168, %f167, %f167;
    mul.ftz.f32 %f169, %f154, %f5;
    mul.ftz.f32 %f170, %f169, %f5;
    mul.ftz.f32 %f171, %f170, %f4;
    mul.ftz.f32 %f172, %f171, %f4;
    add.ftz.f32 %f173, %f168, %f172;
    max.ftz.f32 %f174, %f173, %f49;
    sqrt.approx.ftz.f32 %f175, %f174;
    add.ftz.f32 %f176, %f175, %f165;
    add.ftz.f32 %f177, %f175, %f167;
    mul.ftz.f32 %f178, %f63, %f177;
    max.ftz.f32 %f179, %f178, %f49;
    sqrt.approx.ftz.f32 %f180, %f179;
    mul.ftz.f32 %f181, %f113, %f180;
    sub.ftz.f32 %f182, %f176, %f181;
    add.ftz.f32 %f183, %f176, %f181;
    div.approx.ftz.f32 %f184, %f182, %f183;
    mul.ftz.f32 %f185, %f175, %f165;
    mul.ftz.f32 %f186, %f166, %f166;
    add.ftz.f32 %f187, %f185, %f186;
    mul.ftz.f32 %f188, %f181, %f166;
    sub.ftz.f32 %f189, %f187, %f188;
    mul.ftz.f32 %f190, %f184, %f189;
    add.ftz.f32 %f191, %f187, %f188;
    div.approx.ftz.f32 %f192, %f190, %f191;
    add.ftz.f32 %f193, %f184, %f192;
    mul.ftz.f32 %f194, %f63, %f193;
    mul.ftz.f32 %f195, %f157, %f119;
    setp.le.f32 %p196, %f195, %f49;
    mul.ftz.f32 %f197, %f15, %f115;
    mul.ftz.f32 %f198, %f197, %f197;
    mul.ftz.f32 %f199, %f15, %f117;
    mul.ftz.f32 %f200, %f199, %f199;
    add.ftz.f32 %f201, %f198, %f200;
    setp.eq.f32 %p202, %f201, %f49;
    mul.ftz.f32 %f203, %f119, %f119;
    div.approx.ftz.f32 %f204, %f201, %f203;
    add.ftz.f32 %f205, %f32, %f204;
    sqrt.approx.ftz.f32 %f206, %f205;
    add.ftz.f32 %f207, %f32, %f206;
    div.approx.ftz.f32 %f208, %f40, %f207;
    selp.f32 %f209, %f32, %f208, %p202;
    selp.f32 %f210, %f49, %f209, %p196;
    mul.ftz.f32 %f211, %f210, %f6;
    mul.ftz.f32 %f212, %f194, %f211;
    setp.gt.f32 %p213, %f18, %f49;
    setp.ne.f32 %p214, %f153, %f49;
    setp.gt.f32 %p215, %f119, %f49;
    and.pred %p216, %p214, %p215;
    and.pred %p217, %p213, %p216;
    selp.b32 %f218, %f212, 0, %p217;
    mul.ftz.f32 %f219, %f7, %f7;
    mul.ftz.f32 %f220, %f8, %f8;
    sub.ftz.f32 %f221, %f219, %f220;
    sub.ftz.f32 %f222, %f221, %f166;
    mul.ftz.f32 %f223, %f222, %f222;
    mul.ftz.f32 %f224, %f154, %f8;
    mul.ftz.f32 %f225, %f224, %f8;
    mul.ftz.f32 %f226, %f225, %f7;
    mul.ftz.f32 %f227, %f226, %f7;
    add.ftz.f32 %f228, %f223, %f227;
    max.ftz.f32 %f229, %f228, %f49;
    sqrt.approx.ftz.f32 %f230, %f229;
    add.ftz.f32 %f231, %f230, %f165;
    add.ftz.f32 %f232, %f230, %f222;
    mul.ftz.f32 %f233, %f63, %f232;
    max.ftz.f32 %f234, %f233, %f49;
    sqrt.approx.ftz.f32 %f235, %f234;
    mul.ftz.f32 %f236, %f113, %f235;
    sub.ftz.f32 %f237, %f231, %f236;
    add.ftz.f32 %f238, %f231, %f236;
    div.approx.ftz.f32 %f239, %f237, %f238;
    mul.ftz.f32 %f240, %f230, %f165;
    add.ftz.f32 %f241, %f240, %f186;
    mul.ftz.f32 %f242, %f236, %f166;
    sub.ftz.f32 %f243, %f241, %f242;
    mul.ftz.f32 %f244, %f239, %f243;
    add.ftz.f32 %f245, %f241, %f242;
    div.approx.ftz.f32 %f246, %f244, %f245;
    add.ftz.f32 %f247, %f239, %f246;
    mul.ftz.f32 %f248, %f63, %f247;
    mul.ftz.f32 %f249, %f210, %f9;
    mul.ftz.f32 %f250, %f248, %f249;
    selp.b32 %f251, %f250, 0, %p217;
    mul.ftz.f32 %f252, %f10, %f10;
    mul.ftz.f32 %f253, %f11, %f11;
    sub.ftz.f32 %f254, %f252, %f253;
    sub.ftz.f32 %f255, %f254, %f166;
    mul.ftz.f32 %f256, %f255, %f255;
    mul.ftz.f32 %f257, %f154, %f11;
    mul.ftz.f32 %f258, %f257, %f11;
    mul.ftz.f32 %f259, %f258, %f10;
    mul.ftz.f32 %f260, %f259, %f10;
    add.ftz.f32 %f261, %f256, %f260;
    max.ftz.f32 %f262, %f261, %f49;
    sqrt.approx.ftz.f32 %f263, %f262;
    add.ftz.f32 %f264, %f263, %f165;
    add.ftz.f32 %f265, %f263, %f255;
    mul.ftz.f32 %f266, %f63, %f265;
    max.ftz.f32 %f267, %f266, %f49;
    sqrt.approx.ftz.f32 %f268, %f267;
    mul.ftz.f32 %f269, %f113, %f268;
    sub.ftz.f32 %f270, %f264, %f269;
    add.ftz.f32 %f271, %f264, %f269;
    div.approx.ftz.f32 %f272, %f270, %f271;
    mul.ftz.f32 %f273, %f263, %f165;
    add.ftz.f32 %f274, %f273, %f186;
    mul.ftz.f32 %f275, %f269, %f166;
    sub.ftz.f32 %f276, %f274, %f275;
    mul.ftz.f32 %f277, %f272, %f276;
    add.ftz.f32 %f278, %f274, %f275;
    div.approx.ftz.f32 %f279, %f277, %f278;
    add.ftz.f32 %f280, %f272, %f279;
    mul.ftz.f32 %f281, %f63, %f280;
    mul.ftz.f32 %f282, %f210, %f12;
    mul.ftz.f32 %f283, %f281, %f282;
    selp.b32 %f284, %f283, 0, %p217;
    st.param.f32 [result+0], %f115;
    st.param.f32 [result+4], %f117;
    st.param.f32 [result+8], %f119;
    st.param.f32 [result+12], %f159;
    st.param.f32 [result+16], %f32;
    st.param.u32 [result+20], %r160;
    st.param.u32 [result+24], %r161;
    st.param.f32 [result+28], %f218;
    st.param.f32 [result+32], %f251;
    st.param.f32 [result+36], %f284;
    ret;
}

.visible .func (.param .align 4 .b8 result[12]) __direct_callable__76deb0265f0727ddec6574c390d22e42(.reg .u64 data, .param .align 4 .b8 params[24]) {
    // VCall: mitsuba::BSDF::sample()
    .reg.b8   %b <111>; .reg.b16 %w<111>; .reg.b32 %r<111>;
    .reg.b64  %rd<111>; .reg.f32 %f<111>; .reg.f64 %d<111>;
    .reg.pred %p <111>;

    ld.global.f32 %f4, [data+0];
    mov.b32 %f5, 0x38d1b717;
    max.ftz.f32 %f6, %f4, %f5;
    ld.param.f32 %f7, [params+0];
    mul.ftz.f32 %f8, %f6, %f7;
    ld.param.f32 %f9, [params+8];
    ld.param.f32 %f10, [params+4];
    mul.ftz.f32 %f11, %f6, %f10;
    mul.ftz.f32 %f12, %f8, %f8;
    fma.rn.ftz.f32 %f13, %f11, %f11, %f12;
    fma.rn.ftz.f32 %f14, %f9, %f9, %f13;
    rsqrt.approx.ftz.f32 %f15, %f14;
    mul.ftz.f32 %f16, %f8, %f15;
    mul.ftz.f32 %f17, %f11, %f15;
    mul.ftz.f32 %f18, %f17, %f17;
    fma.rn.ftz.f32 %f19, %f16, %f16, %f18;
    abs.f32 %f20, %f19;
    mov.b32 %f21, 0x34800000;
    setp.le.f32 %p22, %f20, %f21;
    mov.b32 %f23, 0x3f800000;
    rsqrt.approx.ftz.f32 %f24, %f19;
    mul.ftz.f32 %f25, %f16, %f24;
    min.ftz.f32 %f26, %f25, %f23;
    mov.b32 %f27, 0xbf800000;
    max.ftz.f32 %f28, %f26, %f27;
    selp.f32 %f29, %f23, %f28, %p22;
    mul.ftz.f32 %f30, %f9, %f15;
    mov.b32 %f31, 0x40000000;
    ld.param.f32 %f32, [params+16];
    fma.rn.ftz.f32 %f33, %f31, %f32, %f27;
    abs.f32 %f34, %f33;
    ld.param.f32 %f35, [params+20];
    fma.rn.ftz.f32 %f36, %f31, %f35, %f27;
    abs.f32 %f37, %f36;
    setp.lt.f32 %p38, %f34, %f37;
    selp.f32 %f39, %f36, %f33, %p38;
    mov.b32 %f40, 0x0;
    setp.eq.f32 %p41, %f33, %f40;
    setp.eq.f32 %p42, %f36, %f40;
    and.pred %p43, %p41, %p42;
    mov.b32 %f44, 0x3fc90fdb;
    mov.b32 %f45, 0x3f490fdb;
    selp.f32 %f46, %f33, %f36, %p38;
    mul.ftz.f32 %f47, %f45, %f46;
    div.approx.ftz.f32 %f48, %f47, %f39;
    sub.ftz.f32 %f49, %f44, %f48;
    selp.f32 %f50, %f49, %f48, %p38;
    selp.f32 %f51, %f40, %f50, %p43;
    sin.approx.ftz.f32 %f52, %f51;
    mul.ftz.f32 %f53, %f39, %f52;
    mov.b32 %f54, 0x3f000000;
    add.ftz.f32 %f55, %f23, %f30;
    mul.ftz.f32 %f56, %f54, %f55;
    cos.approx.ftz.f32 %f57, %f51;
    mul.ftz.f32 %f58, %f39, %f57;
    mul.ftz.f32 %f59, %f58, %f58;
    sub.ftz.f32 %f60, %f23, %f59;
    max.ftz.f32 %f61, %f60, %f40;
    sqrt.approx.ftz.f32 %f62, %f61;
    neg.ftz.f32 %f63, %f56;
    fma.rn.ftz.f32 %f64, %f62, %f63, %f62;
    fma.rn.ftz.f32 %f65, %f53, %f56, %f64;
    mul.ftz.f32 %f66, %f30, %f30;
    sub.ftz.f32 %f67, %f23, %f66;
    max.ftz.f32 %f68, %f67, %f40;
    sqrt.approx.ftz.f32 %f69, %f68;
    fma.rn.ftz.f32 %f70, %f65, %f65, %f59;
    sub.ftz.f32 %f71, %f23, %f70;
    max.ftz.f32 %f72, %f71, %f40;
    sqrt.approx.ftz.f32 %f73, %f72;
    mul.ftz.f32 %f74, %f69, %f73;
    neg.ftz.f32 %f75, %f74;
    fma.rn.ftz.f32 %f76, %f30, %f65, %f75;
    mul.ftz.f32 %f77, %f30, %f73;
    fma.rn.ftz.f32 %f78, %f69, %f65, %f77;
    rcp.approx.ftz.f32 %f79, %f78;
    mul.ftz.f32 %f80, %f76, %f79;
    mul.ftz.f32 %f81, %f17, %f24;
    min.ftz.f32 %f82, %f81, %f23;
    max.ftz.f32 %f83, %f82, %f27;
    selp.f32 %f84, %f40, %f83, %p22;
    mul.ftz.f32 %f85, %f58, %f79;
    mul.ftz.f32 %f86, %f84, %f85;
    neg.ftz.f32 %f87, %f86;
    fma.rn.ftz.f32 %f88, %f29, %f80, %f87;
    mul.ftz.f32 %f89, %f88, %f6;
    neg.ftz.f32 %f90, %f89;
    mul.ftz.f32 %f91, %f29, %f85;
    fma.rn.ftz.f32 %f92, %f84, %f80, %f91;
    mul.ftz.f32 %f93, %f92, %f6;
    neg.ftz.f32 %f94, %f93;
    mul.ftz.f32 %f95, %f90, %f90;
    fma.rn.ftz.f32 %f96, %f94, %f94, %f95;
    add.ftz.f32 %f97, %f23, %f96;
    rsqrt.approx.ftz.f32 %f98, %f97;
    mul.ftz.f32 %f99, %f90, %f98;
    mul.ftz.f32 %f100, %f94, %f98;
    mul.ftz.f32 %f101, %f7, %f99;
    fma.rn.ftz.f32 %f102, %f10, %f100, %f101;
    fma.rn.ftz.f32 %f103, %f9, %f98, %f102;
    mul.ftz.f32 %f104, %f31, %f103;
    neg.ftz.f32 %f105, %f7;
    fma.rn.ftz.f32 %f106, %f99, %f104, %f105;
    neg.ftz.f32 %f107, %f10;
    fma.rn.ftz.f32 %f108, %f100, %f104, %f107;
    neg.ftz.f32 %f109, %f9;
    fma.rn.ftz.f32 %f110, %f98, %f104, %f109;
    st.param.f32 [result+0], %f106;
    st.param.f32 [result+4], %f108;
    st.param.f32 [result+8], %f110;
    ret;
}

.visible .func (.param .align 4 .b8 result[40]) __direct_callable__7708b6595bd8f1cf89c9568c46c56990(.reg .u64 data, .param .align 4 .b8 params[32]) {
    // VCall: mitsuba::BSDF::sample()
    .reg.b8   %b <312>; .reg.b16 %w<312>; .reg.b32 %r<312>;
    .reg.b64  %rd<312>; .reg.f32 %f<312>; .reg.f64 %d<312>;
    .reg.pred %p <312>;

    ld.global.f32 %f4, [data+12];
    ld.global.f32 %f5, [data+16];
    ld.global.f32 %f6, [data+28];
    ld.global.f32 %f7, [data+32];
    ld.global.f32 %f8, [data+44];
    ld.global.f32 %f9, [data+48];
    ld.global.f32 %f10, [data+4];
    ld.global.f32 %f11, [data+8];
    ld.global.f32 %f12, [data+20];
    ld.global.f32 %f13, [data+24];
    ld.global.f32 %f14, [data+36];
    ld.global.f32 %f15, [data+40];
    ld.global.f32 %f16, [data+0];
    mov.b32 %f17, 0x38d1b717;
    max.ftz.f32 %f18, %f16, %f17;
    ld.param.f32 %f19, [params+8];
    mul.ftz.f32 %f20, %f18, %f19;
    ld.param.f32 %f21, [params+16];
    ld.param.f32 %f22, [params+12];
    mul.ftz.f32 %f23, %f18, %f22;
    mul.ftz.f32 %f24, %f20, %f20;
    fma.rn.ftz.f32 %f25, %f23, %f23, %f24;
    fma.rn.ftz.f32 %f26, %f21, %f21, %f25;
    rsqrt.approx.ftz.f32 %f27, %f26;
    mul.ftz.f32 %f28, %f20, %f27;
    mul.ftz.f32 %f29, %f23, %f27;
    mul.ftz.f32 %f30, %f29, %f29;
    fma.rn.ftz.f32 %f31, %f28, %f28, %f30;
    abs.f32 %f32, %f31;
    mov.b32 %f33, 0x34800000;
    setp.le.f32 %p34, %f32, %f33;
    mov.b32 %f35, 0x3f800000;
    rsqrt.approx.ftz.f32 %f36, %f31;
    mul.ftz.f32 %f37, %f28, %f36;
    min.ftz.f32 %f38, %f37, %f35;
    mov.b32 %f39, 0xbf800000;
    max.ftz.f32 %f40, %f38, %f39;
    selp.f32 %f41, %f35, %f40, %p34;
    mul.ftz.f32 %f42, %f21, %f27;
    mov.b32 %f43, 0x40000000;
    ld.param.f32 %f44, [params+24];
    fma.rn.ftz.f32 %f45, %f43, %f44, %f39;
    abs.f32 %f46, %f45;
    ld.param.f32 %f47, [params+28];
    fma.rn.ftz.f32 %f48, %f43, %f47, %f39;
    abs.f32 %f49, %f48;
    setp.lt.f32 %p50, %f46, %f49;
    selp.f32 %f51, %f48, %f45, %p50;
    mov.b32 %f52, 0x0;
    setp.eq.f32 %p53, %f45, %f52;
    setp.eq.f32 %p54, %f48, %f52;
    and.pred %p55, %p53, %p54;
    mov.b32 %f56, 0x3fc90fdb;
    mov.b32 %f57, 0x3f490fdb;
    selp.f32 %f58, %f45, %f48, %p50;
    mul.ftz.f32 %f59, %f57, %f58;
    div.approx.ftz.f32 %f60, %f59, %f51;
    sub.ftz.f32 %f61, %f56, %f60;
    selp.f32 %f62, %f61, %f60, %p50;
    selp.f32 %f63, %f52, %f62, %p55;
    sin.approx.ftz.f32 %f64, %f63;
    mul.ftz.f32 %f65, %f51, %f64;
    mov.b32 %f66, 0x3f000000;
    add.ftz.f32 %f67, %f35, %f42;
    mul.ftz.f32 %f68, %f66, %f67;
    cos.approx.ftz.f32 %f69, %f63;
    mul.ftz.f32 %f70, %f51, %f69;
    mul.ftz.f32 %f71, %f70, %f70;
    sub.ftz.f32 %f72, %f35, %f71;
    max.ftz.f32 %f73, %f72, %f52;
    sqrt.approx.ftz.f32 %f74, %f73;
    neg.ftz.f32 %f75, %f68;
    fma.rn.ftz.f32 %f76, %f74, %f75, %f74;
    fma.rn.ftz.f32 %f77, %f65, %f68, %f76;
    mul.ftz.f32 %f78, %f42, %f42;
    sub.ftz.f32 %f79, %f35, %f78;
    max.ftz.f32 %f80, %f79, %f52;
    sqrt.approx.ftz.f32 %f81, %f80;
    fma.rn.ftz.f32 %f82, %f77, %f77, %f71;
    sub.ftz.f32 %f83, %f35, %f82;
    max.ftz.f32 %f84, %f83, %f52;
    sqrt.approx.ftz.f32 %f85, %f84;
    mul.ftz.f32 %f86, %f81, %f85;
    neg.ftz.f32 %f87, %f86;
    fma.rn.ftz.f32 %f88, %f42, %f77, %f87;
    mul.ftz.f32 %f89, %f42, %f85;
    fma.rn.ftz.f32 %f90, %f81, %f77, %f89;
    rcp.approx.ftz.f32 %f91, %f90;
    mul.ftz.f32 %f92, %f88, %f91;
    mul.ftz.f32 %f93, %f29, %f36;
    min.ftz.f32 %f94, %f93, %f35;
    max.ftz.f32 %f95, %f94, %f39;
    selp.f32 %f96, %f52, %f95, %p34;
    mul.ftz.f32 %f97, %f70, %f91;
    mul.ftz.f32 %f98, %f96, %f97;
    neg.ftz.f32 %f99, %f98;
    fma.rn.ftz.f32 %f100, %f41, %f92, %f99;
    mul.ftz.f32 %f101, %f100, %f18;
    neg.ftz.f32 %f102, %f101;
    mul.ftz.f32 %f103, %f41, %f97;
    fma.rn.ftz.f32 %f104, %f96, %f92, %f103;
    mul.ftz.f32 %f105, %f104, %f18;
    neg.ftz.f32 %f106, %f105;
    mul.ftz.f32 %f107, %f102, %f102;
    fma.rn.ftz.f32 %f108, %f106, %f106, %f107;
    add.ftz.f32 %f109, %f35, %f108;
    rsqrt.approx.ftz.f32 %f110, %f109;
    mul.ftz.f32 %f111, %f102, %f110;
    mul.ftz.f32 %f112, %f106, %f110;
    mul.ftz.f32 %f113, %f19, %f111;
    fma.rn.ftz.f32 %f114, %f22, %f112, %f113;
    fma.rn.ftz.f32 %f115, %f21, %f110, %f114;
    mul.ftz.f32 %f116, %f43, %f115;
    neg.ftz.f32 %f117, %f19;
    fma.rn.ftz.f32 %f118, %f111, %f116, %f117;
    neg.ftz.f32 %f119, %f22;
    fma.rn.ftz.f32 %f120, %f112, %f116, %f119;
    neg.ftz.f32 %f121, %f21;
    fma.rn.ftz.f32 %f122, %f110, %f116, %f121;
    mov.b32 %f123, 0x40490fdb;
    mul.ftz.f32 %f124, %f18, %f18;
    mul.ftz.f32 %f125, %f123, %f124;
    div.approx.ftz.f32 %f126, %f111, %f18;
    mul.ftz.f32 %f127, %f126, %f126;
    div.approx.ftz.f32 %f128, %f112, %f18;
    mul.ftz.f32 %f129, %f128, %f128;
    add.ftz.f32 %f130, %f127, %f129;
    mul.ftz.f32 %f131, %f110, %f110;
    add.ftz.f32 %f132, %f130, %f131;
    mul.ftz.f32 %f133, %f132, %f132;
    mul.ftz.f32 %f134, %f125, %f133;
    rcp.approx.ftz.f32 %f135, %f134;
    mul.ftz.f32 %f136, %f135, %f110;
    mov.b32 %f137, 0x1e3ce508;
    setp.gt.f32 %p138, %f136, %f137;
    selp.f32 %f139, %f135, %f52, %p138;
    mul.ftz.f32 %f140, %f115, %f21;
    setp.le.f32 %p141, %f140, %f52;
    mul.ftz.f32 %f142, %f23, %f23;
    add.ftz.f32 %f143, %f24, %f142;
    setp.eq.f32 %p144, %f143, %f52;
    mul.ftz.f32 %f145, %f21, %f21;
    div.approx.ftz.f32 %f146, %f143, %f145;
    add.ftz.f32 %f147, %f35, %f146;
    sqrt.approx.ftz.f32 %f148, %f147;
    add.ftz.f32 %f149, %f35, %f148;
    div.approx.ftz.f32 %f150, %f43, %f149;
    selp.f32 %f151, %f35, %f150, %p144;
    selp.f32 %f152, %f52, %f151, %p141;
    mul.ftz.f32 %f153, %f139, %f152;
    abs.f32 %f154, %f115;
    mul.ftz.f32 %f155, %f153, %f154;
    div.approx.ftz.f32 %f156, %f155, %f21;
    mov.b32 %f157, 0x40800000;
    mul.ftz.f32 %f158, %f118, %f111;
    fma.rn.ftz.f32 %f159, %f120, %f112, %f158;
    fma.rn.ftz.f32 %f160, %f122, %f110, %f159;
    mul.ftz.f32 %f161, %f157, %f160;
    div.approx.ftz.f32 %f162, %f156, %f161;
    mov.b32 %r163, 0x8;
    mov.b32 %r164, 0x0;
    mul.ftz.f32 %f165, %f10, %f10;
    mul.ftz.f32 %f166, %f11, %f11;
    sub.ftz.f32 %f167, %f165, %f166;
    mul.ftz.f32 %f168, %f115, %f115;
    sub.ftz.f32 %f169, %f35, %f168;
    sub.ftz.f32 %f170, %f167, %f169;
    mul.ftz.f32 %f171, %f170, %f170;
    mul.ftz.f32 %f172, %f157, %f11;
    mul.ftz.f32 %f173, %f172, %f11;
    mul.ftz.f32 %f174, %f173, %f10;
    mul.ftz.f32 %f175, %f174, %f10;
    add.ftz.f32 %f176, %f171, %f175;
    max.ftz.f32 %f177, %f176, %f52;
    sqrt.approx.ftz.f32 %f178, %f177;
    add.ftz.f32 %f179, %f178, %f168;
    add.ftz.f32 %f180, %f178, %f170;
    mul.ftz.f32 %f181, %f66, %f180;
    max.ftz.f32 %f182, %f181, %f52;
    sqrt.approx.ftz.f32 %f183, %f182;
    mul.ftz.f32 %f184, %f116, %f183;
    sub.ftz.f32 %f185, %f179, %f184;
    add.ftz.f32 %f186, %f179, %f184;
    div.approx.ftz.f32 %f187, %f185, %f186;
    mul.ftz.f32 %f188, %f178, %f168;
    mul.ftz.f32 %f189, %f169, %f169;
    add.ftz.f32 %f190, %f188, %f189;
    mul.ftz.f32 %f191, %f184, %f169;
    sub.ftz.f32 %f192, %f190, %f191;
    mul.ftz.f32 %f193, %f187, %f192;
    add.ftz.f32 %f194, %f190, %f191;
    div.approx.ftz.f32 %f195, %f193, %f194;
    add.ftz.f32 %f196, %f187, %f195;
    mul.ftz.f32 %f197, %f66, %f196;
    mul.ftz.f32 %f198, %f160, %f122;
    setp.le.f32 %p199, %f198, %f52;
    mul.ftz.f32 %f200, %f18, %f118;
    mul.ftz.f32 %f201, %f200, %f200;
    mul.ftz.f32 %f202, %f18, %f120;
    mul.ftz.f32 %f203, %f202, %f202;
    add.ftz.f32 %f204, %f201, %f203;
    setp.eq.f32 %p205, %f204, %f52;
    mul.ftz.f32 %f206, %f122, %f122;
    div.approx.ftz.f32 %f207, %f204, %f206;
    add.ftz.f32 %f208, %f35, %f207;
    sqrt.approx.ftz.f32 %f209, %f208;
    add.ftz.f32 %f210, %f35, %f209;
    div.approx.ftz.f32 %f211, %f43, %f210;
    selp.f32 %f212, %f35, %f211, %p205;
    selp.f32 %f213, %f52, %f212, %p199;
    ld.param.f32 %f214, [params+4];
    mov.b32 %f215, 0x41a00000;
    ld.param.f32 %f216, [params+0];
    mul.ftz.f32 %f217, %f215, %f216;
    fma.rn.ftz.f32 %f218, %f52, %f214, %f217;
    cvt.rmi.f32.f32 %f219, %f218;
    sub.ftz.f32 %f220, %f218, %f219;
    setp.gt.f32 %p221, %f220, %f66;
    mov.b32 %f222, 0x42a00000;
    mul.ftz.f32 %f223, %f52, %f216;
    fma.rn.ftz.f32 %f224, %f222, %f214, %f223;
    cvt.rmi.f32.f32 %f225, %f224;
    sub.ftz.f32 %f226, %f224, %f225;
    setp.gt.f32 %p227, %f226, %f66;
    xor.pred %p228, %p221, %p227;
    not.pred %p228, %p228;    not.pred %p229, %p228;
    setp.gt.f32 %p230, %f21, %f52;
    setp.ne.f32 %p231, %f156, %f52;
    setp.gt.f32 %p232, %f122, %f52;
    and.pred %p233, %p231, %p232;
    and.pred %p234, %p230, %p233;
    and.pred %p235, %p229, %p234;
    and.pred %p236, %p228, %p234;
    selp.f32 %f237, %f5, %f52, %p236;
    selp.f32 %f238, %f4, %f237, %p235;
    mul.ftz.f32 %f239, %f213, %f238;
    mul.ftz.f32 %f240, %f197, %f239;
    selp.b32 %f241, %f240, 0, %p234;
    mul.ftz.f32 %f242, %f12, %f12;
    mul.ftz.f32 %f243, %f13, %f13;
    sub.ftz.f32 %f244, %f242, %f243;
    sub.ftz.f32 %f245, %f244, %f169;
    mul.ftz.f32 %f246, %f245, %f245;
    mul.ftz.f32 %f247, %f157, %f13;
    mul.ftz.f32 %f248, %f247, %f13;
    mul.ftz.f32 %f249, %f248, %f12;
    mul.ftz.f32 %f250, %f249, %f12;
    add.ftz.f32 %f251, %f246, %f250;
    max.ftz.f32 %f252, %f251, %f52;
    sqrt.approx.ftz.f32 %f253, %f252;
    add.ftz.f32 %f254, %f253, %f168;
    add.ftz.f32 %f255, %f253, %f245;
    mul.ftz.f32 %f256, %f66, %f255;
    max.ftz.f32 %f257, %f256, %f52;
    sqrt.approx.ftz.f32 %f258, %f257;
    mul.ftz.f32 %f259, %f116, %f258;
    sub.ftz.f32 %f260, %f254, %f259;
    add.ftz.f32 %f261, %f254, %f259;
    div.approx.ftz.f32 %f262, %f260, %f261;
    mul.ftz.f32 %f263, %f253, %f168;
    add.ftz.f32 %f264, %f263, %f189;
    mul.ftz.f32 %f265, %f259, %f169;
    sub.ftz.f32 %f266, %f264, %f265;
    mul.ftz.f32 %f267, %f262, %f266;
    add.ftz.f32 %f268, %f264, %f265;
    div.approx.ftz.f32 %f269, %f267, %f268;
    add.ftz.f32 %f270, %f262, %f269;
    mul.ftz.f32 %f271, %f66, %f270;
    selp.f32 %f272, %f7, %f52, %p236;
    selp.f32 %f273, %f6, %f272, %p235;
    mul.ftz.f32 %f274, %f213, %f273;
    mul.ftz.f32 %f275, %f271, %f274;
    selp.b32 %f276, %f275, 0, %p234;
    mul.ftz.f32 %f277, %f14, %f14;
    mul.ftz.f32 %f278, %f15, %f15;
    sub.ftz.f32 %f279, %f277, %f278;
    sub.ftz.f32 %f280, %f279, %f169;
    mul.ftz.f32 %f281, %f280, %f280;
    mul.ftz.f32 %f282, %f157, %f15;
    mul.ftz.f32 %f283, %f282, %f15;
    mul.ftz.f32 %f284, %f283, %f14;
    mul.ftz.f32 %f285, %f284, %f14;
    add.ftz.f32 %f286, %f281, %f285;
    max.ftz.f32 %f287, %f286, %f52;
    sqrt.approx.ftz.f32 %f288, %f287;
    add.ftz.f32 %f289, %f288, %f168;
    add.ftz.f32 %f290, %f288, %f280;
    mul.ftz.f32 %f291, %f66, %f290;
    max.ftz.f32 %f292, %f291, %f52;
    sqrt.approx.ftz.f32 %f293, %f292;
    mul.ftz.f32 %f294, %f116, %f293;
    sub.ftz.f32 %f295, %f289, %f294;
    add.ftz.f32 %f296, %f289, %f294;
    div.approx.ftz.f32 %f297, %f295, %f296;
    mul.ftz.f32 %f298, %f288, %f168;
    add.ftz.f32 %f299, %f298, %f189;
    mul.ftz.f32 %f300, %f294, %f169;
    sub.ftz.f32 %f301, %f299, %f300;
    mul.ftz.f32 %f302, %f297, %f301;
    add.ftz.f32 %f303, %f299, %f300;
    div.approx.ftz.f32 %f304, %f302, %f303;
    add.ftz.f32 %f305, %f297, %f304;
    mul.ftz.f32 %f306, %f66, %f305;
    selp.f32 %f307, %f9, %f52, %p236;
    selp.f32 %f308, %f8, %f307, %p235;
    mul.ftz.f32 %f309, %f213, %f308;
    mul.ftz.f32 %f310, %f306, %f309;
    selp.b32 %f311, %f310, 0, %p234;
    st.param.f32 [result+0], %f118;
    st.param.f32 [result+4], %f120;
    st.param.f32 [result+8], %f122;
    st.param.f32 [result+12], %f162;
    st.param.f32 [result+16], %f35;
    st.param.u32 [result+20], %r163;
    st.param.u32 [result+24], %r164;
    st.param.f32 [result+28], %f241;
    st.param.f32 [result+32], %f276;
    st.param.f32 [result+36], %f311;
    ret;
}

.visible .func (.param .align 4 .b8 result[12]) __direct_callable__802333739527ac2c145adb6cbe510e42(.reg .u64 data, .param .align 4 .b8 params[24]) {
    // VCall: mitsuba::BSDF::sample()
    .reg.b8   %b <438>; .reg.b16 %w<438>; .reg.b32 %r<438>;
    .reg.b64  %rd<438>; .reg.f32 %f<438>; .reg.f64 %d<438>;
    .reg.pred %p <438>;

    ld.global.f32 %f4, [data+0];
    mov.b32 %f5, 0x38d1b717;
    max.ftz.f32 %f6, %f4, %f5;
    ld.param.f32 %f7, [params+0];
    mul.ftz.f32 %f8, %f6, %f7;
    ld.param.f32 %f9, [params+8];
    ld.param.f32 %f10, [params+4];
    mul.ftz.f32 %f11, %f6, %f10;
    mul.ftz.f32 %f12, %f8, %f8;
    fma.rn.ftz.f32 %f13, %f11, %f11, %f12;
    fma.rn.ftz.f32 %f14, %f9, %f9, %f13;
    rsqrt.approx.ftz.f32 %f15, %f14;
    mul.ftz.f32 %f16, %f8, %f15;
    mul.ftz.f32 %f17, %f11, %f15;
    mul.ftz.f32 %f18, %f17, %f17;
    fma.rn.ftz.f32 %f19, %f16, %f16, %f18;
    abs.f32 %f20, %f19;
    mov.b32 %f21, 0x34800000;
    setp.le.f32 %p22, %f20, %f21;
    mov.b32 %f23, 0x3f800000;
    rsqrt.approx.ftz.f32 %f24, %f19;
    mul.ftz.f32 %f25, %f16, %f24;
    min.ftz.f32 %f26, %f25, %f23;
    mov.b32 %f27, 0xbf800000;
    max.ftz.f32 %f28, %f26, %f27;
    selp.f32 %f29, %f23, %f28, %p22;
    mul.ftz.f32 %f30, %f9, %f15;
    neg.ftz.f32 %f31, %f30;
    fma.rn.ftz.f32 %f32, %f30, %f31, %f23;
    mov.b32 %f33, 0x0;
    max.ftz.f32 %f34, %f32, %f33;
    sqrt.approx.ftz.f32 %f35, %f34;
    div.approx.ftz.f32 %f36, %f35, %f30;
    rcp.approx.ftz.f32 %f37, %f36;
    abs.f32 %f38, %f37;
    setp.lt.f32 %p39, %f38, %f23;
    mul.ftz.f32 %f40, %f37, %f37;
    mul.ftz.f32 %f41, %f40, %f40;
    mul.ftz.f32 %f42, %f41, %f41;
    mul.ftz.f32 %f43, %f42, %f42;
    mov.b32 %f44, 0xb055d725;
    mov.b32 %f45, 0x326b8d88;
    fma.rn.ftz.f32 %f46, %f40, %f44, %f45;
    mov.b32 %f47, 0xb42e0393;
    mov.b32 %f48, 0x35dcbfea;
    fma.rn.ftz.f32 %f49, %f40, %f47, %f48;
    fma.rn.ftz.f32 %f50, %f41, %f46, %f49;
    mov.b32 %f51, 0xb77a6527;
    mov.b32 %f52, 0x38fcd15d;
    fma.rn.ftz.f32 %f53, %f40, %f51, %f52;
    mov.b32 %f54, 0xba6016d8;
    mov.b32 %f55, 0x3bab2de6;
    fma.rn.ftz.f32 %f56, %f40, %f54, %f55;
    fma.rn.ftz.f32 %f57, %f41, %f53, %f56;
    mov.b32 %f58, 0xbcdc1672;
    mov.b32 %f59, 0x3de71791;
    fma.rn.ftz.f32 %f60, %f40, %f58, %f59;
    mov.b32 %f61, 0xbec093a3;
    mov.b32 %f62, 0x3f906ebb;
    fma.rn.ftz.f32 %f63, %f40, %f61, %f62;
    fma.rn.ftz.f32 %f64, %f41, %f60, %f63;
    fma.rn.ftz.f32 %f65, %f42, %f57, %f64;
    fma.rn.ftz.f32 %f66, %f43, %f50, %f65;
    mul.ftz.f32 %f67, %f37, %f66;
    mul.ftz.f32 %f68, %f38, %f38;
    mul.ftz.f32 %f69, %f68, %f68;
    mov.b32 %f70, 0xb9cd1e1c;
    mov.b32 %f71, 0xbc327bfe;
    fma.rn.ftz.f32 %f72, %f38, %f70, %f71;
    mov.b32 %f73, 0xbdce6dbf;
    mov.b32 %f74, 0xbefd92d0;
    fma.rn.ftz.f32 %f75, %f38, %f73, %f74;
    fma.rn.ftz.f32 %f76, %f68, %f72, %f75;
    mov.b32 %f77, 0xbfbda45c;
    mov.b32 %f78, 0xc031cf5c;
    fma.rn.ftz.f32 %f79, %f38, %f77, %f78;
    mov.b32 %f80, 0xc045d94b;
    mov.b32 %f81, 0xbfd05f42;
    fma.rn.ftz.f32 %f82, %f38, %f80, %f81;
    fma.rn.ftz.f32 %f83, %f68, %f79, %f82;
    fma.rn.ftz.f32 %f84, %f69, %f76, %f83;
    mov.b32 %f85, 0xb001e898;
    mov.b32 %f86, 0x398e350d;
    fma.rn.ftz.f32 %f87, %f38, %f85, %f86;
    mov.b32 %f88, 0x3bf73fc8;
    mov.b32 %f89, 0x3d8c7442;
    fma.rn.ftz.f32 %f90, %f38, %f88, %f89;
    fma.rn.ftz.f32 %f91, %f68, %f87, %f90;
    mov.b32 %f92, 0x3ea34427;
    mov.b32 %f93, 0x3f5ccc80;
    fma.rn.ftz.f32 %f94, %f38, %f92, %f93;
    mov.b32 %f95, 0x3faadae8;
    fma.rn.ftz.f32 %f96, %f38, %f95, %f23;
    fma.rn.ftz.f32 %f97, %f68, %f94, %f96;
    fma.rn.ftz.f32 %f98, %f69, %f91, %f97;
    div.approx.ftz.f32 %f99, %f84, %f98;
    mul.ftz.f32 %f100, %f99, %f38;
    ex2.approx.ftz.f32 %f101, %f100;
    sub.ftz.f32 %f102, %f23, %f101;
    abs.f32 %f103, %f102;
    mov.b32 %f104, 0x7f800000;
    setp.lt.f32 %p105, %f103, %f104;
    selp.f32 %f106, %f102, %f23, %p105;
    abs.f32 %f107, %f106;
    mov.b32 %f108, 0x80000000;
    and.b32 %f109, %f108, %f37;
    or.b32 %f110, %f107, %f109;
    selp.f32 %f111, %f67, %f110, %p39;
    add.ftz.f32 %f112, %f111, %f23;
    ld.param.f32 %f113, [params+16];
    mov.b32 %f114, 0x3f7fffef;
    min.ftz.f32 %f115, %f113, %f114;
    mov.b32 %f116, 0x358637bd;
    max.ftz.f32 %f117, %f115, %f116;
    lg2.approx.ftz.f32 %f118, %f117;
    mov.b32 %f119, 0x3f317218;
    mul.ftz.f32 %f120, %f118, %f119;
    neg.ftz.f32 %f121, %f120;
    sqrt.approx.ftz.f32 %f122, %f121;
    abs.f32 %f123, %f122;
    setp.lt.f32 %p124, %f123, %f23;
    mul.ftz.f32 %f125, %f122, %f122;
    mul.ftz.f32 %f126, %f125, %f125;
    mul.ftz.f32 %f127, %f126, %f126;
    mul.ftz.f32 %f128, %f127, %f127;
    fma.rn.ftz.f32 %f129, %f125, %f44, %f45;
    fma.rn.ftz.f32 %f130, %f125, %f47, %f48;
    fma.rn.ftz.f32 %f131, %f126, %f129, %f130;
    fma.rn.ftz.f32 %f132, %f125, %f51, %f52;
    fma.rn.ftz.f32 %f133, %f125, %f54, %f55;
    fma.rn.ftz.f32 %f134, %f126, %f132, %f133;
    fma.rn.ftz.f32 %f135, %f125, %f58, %f59;
    fma.rn.ftz.f32 %f136, %f125, %f61, %f62;
    fma.rn.ftz.f32 %f137, %f126, %f135, %f136;
    fma.rn.ftz.f32 %f138, %f127, %f134, %f137;
    fma.rn.ftz.f32 %f139, %f128, %f131, %f138;
    mul.ftz.f32 %f140, %f122, %f139;
    mul.ftz.f32 %f141, %f123, %f123;
    mul.ftz.f32 %f142, %f141, %f141;
    fma.rn.ftz.f32 %f143, %f123, %f70, %f71;
    fma.rn.ftz.f32 %f144, %f123, %f73, %f74;
    fma.rn.ftz.f32 %f145, %f141, %f143, %f144;
    fma.rn.ftz.f32 %f146, %f123, %f77, %f78;
    fma.rn.ftz.f32 %f147, %f123, %f80, %f81;
    fma.rn.ftz.f32 %f148, %f141, %f146, %f147;
    fma.rn.ftz.f32 %f149, %f142, %f145, %f148;
    fma.rn.ftz.f32 %f150, %f123, %f85, %f86;
    fma.rn.ftz.f32 %f151, %f123, %f88, %f89;
    fma.rn.ftz.f32 %f152, %f141, %f150, %f151;
    fma.rn.ftz.f32 %f153, %f123, %f92, %f93;
    fma.rn.ftz.f32 %f154, %f123, %f95, %f23;
    fma.rn.ftz.f32 %f155, %f141, %f153, %f154;
    fma.rn.ftz.f32 %f156, %f142, %f152, %f155;
    div.approx.ftz.f32 %f157, %f149, %f156;
    mul.ftz.f32 %f158, %f157, %f123;
    ex2.approx.ftz.f32 %f159, %f158;
    sub.ftz.f32 %f160, %f23, %f159;
    abs.f32 %f161, %f160;
    setp.lt.f32 %p162, %f161, %f104;
    selp.f32 %f163, %f160, %f23, %p162;
    abs.f32 %f164, %f163;
    and.b32 %f165, %f108, %f122;
    or.b32 %f166, %f164, %f165;
    selp.f32 %f167, %f140, %f166, %p124;
    mul.ftz.f32 %f168, %f112, %f167;
    sub.ftz.f32 %f169, %f111, %f168;
    add.ftz.f32 %f170, %f23, %f169;
    mov.b32 %f171, 0x3f106ebb;
    mul.ftz.f32 %f172, %f171, %f36;
    mov.b32 %f173, 0x3fb8aa3b;
    sub.ftz.f32 %f174, %f23, %f169;
    mul.ftz.f32 %f175, %f174, %f170;
    lg2.approx.ftz.f32 %f176, %f175;
    mul.ftz.f32 %f177, %f176, %f119;
    neg.ftz.f32 %f178, %f177;
    mov.b32 %f179, 0x40a00000;
    setp.lt.f32 %p180, %f178, %f179;
    mov.b32 %f181, 0x40200000;
    sub.ftz.f32 %f182, %f178, %f181;
    mul.ftz.f32 %f183, %f182, %f182;
    mul.ftz.f32 %f184, %f183, %f183;
    mul.ftz.f32 %f185, %f184, %f184;
    mov.b32 %f186, 0x32f16588;
    mov.b32 %f187, 0x34b84b36;
    mov.b32 %f188, 0xb66c7357;
    fma.rn.ftz.f32 %f189, %f182, %f187, %f188;
    mov.b32 %f190, 0xb6935ac1;
    mov.b32 %f191, 0x396532db;
    fma.rn.ftz.f32 %f192, %f182, %f190, %f191;
    fma.rn.ftz.f32 %f193, %f183, %f189, %f192;
    mov.b32 %f194, 0xbaa45408;
    mov.b32 %f195, 0xbb88e4ef;
    fma.rn.ftz.f32 %f196, %f182, %f194, %f195;
    mov.b32 %f197, 0x3e7c8f63;
    mov.b32 %f198, 0x3fc02e2f;
    fma.rn.ftz.f32 %f199, %f182, %f197, %f198;
    fma.rn.ftz.f32 %f200, %f183, %f196, %f199;
    fma.rn.ftz.f32 %f201, %f184, %f193, %f200;
    fma.rn.ftz.f32 %f202, %f185, %f186, %f201;
    sqrt.approx.ftz.f32 %f203, %f178;
    mov.b32 %f204, 0x40400000;
    sub.ftz.f32 %f205, %f203, %f204;
    mul.ftz.f32 %f206, %f205, %f205;
    mul.ftz.f32 %f207, %f206, %f206;
    mul.ftz.f32 %f208, %f207, %f207;
    mov.b32 %f209, 0xb951f09b;
    mov.b32 %f210, 0x38d3b56b;
    mov.b32 %f211, 0x3ab0dc72;
    fma.rn.ftz.f32 %f212, %f205, %f210, %f211;
    mov.b32 %f213, 0xbb70bde7;
    mov.b32 %f214, 0x3bbc127b;
    fma.rn.ftz.f32 %f215, %f205, %f213, %f214;
    fma.rn.ftz.f32 %f216, %f206, %f212, %f215;
    mov.b32 %f217, 0xbbf9c5d7;
    mov.b32 %f218, 0x3c1aa57e;
    fma.rn.ftz.f32 %f219, %f205, %f217, %f218;
    mov.b32 %f220, 0x3f8036db;
    mov.b32 %f221, 0x40354f7e;
    fma.rn.ftz.f32 %f222, %f205, %f220, %f221;
    fma.rn.ftz.f32 %f223, %f206, %f219, %f222;
    fma.rn.ftz.f32 %f224, %f207, %f216, %f223;
    fma.rn.ftz.f32 %f225, %f208, %f209, %f224;
    selp.f32 %f226, %f202, %f225, %p180;
    mul.ftz.f32 %f227, %f226, %f169;
    mul.ftz.f32 %f228, %f227, %f227;
    neg.ftz.f32 %f229, %f228;
    mul.ftz.f32 %f230, %f173, %f229;
    ex2.approx.ftz.f32 %f231, %f230;
    mul.ftz.f32 %f232, %f172, %f231;
    add.ftz.f32 %f233, %f170, %f232;
    add.ftz.f32 %f234, %f23, %f111;
    neg.ftz.f32 %f235, %f40;
    mul.ftz.f32 %f236, %f173, %f235;
    ex2.approx.ftz.f32 %f237, %f236;
    mul.ftz.f32 %f238, %f172, %f237;
    add.ftz.f32 %f239, %f234, %f238;
    mul.ftz.f32 %f240, %f117, %f239;
    sub.ftz.f32 %f241, %f233, %f240;
    mul.ftz.f32 %f242, %f227, %f36;
    sub.ftz.f32 %f243, %f23, %f242;
    div.approx.ftz.f32 %f244, %f241, %f243;
    sub.ftz.f32 %f245, %f169, %f244;
    add.ftz.f32 %f246, %f23, %f245;
    sub.ftz.f32 %f247, %f23, %f245;
    mul.ftz.f32 %f248, %f247, %f246;
    lg2.approx.ftz.f32 %f249, %f248;
    mul.ftz.f32 %f250, %f249, %f119;
    neg.ftz.f32 %f251, %f250;
    setp.lt.f32 %p252, %f251, %f179;
    sub.ftz.f32 %f253, %f251, %f181;
    mul.ftz.f32 %f254, %f253, %f253;
    mul.ftz.f32 %f255, %f254, %f254;
    mul.ftz.f32 %f256, %f255, %f255;
    fma.rn.ftz.f32 %f257, %f253, %f187, %f188;
    fma.rn.ftz.f32 %f258, %f253, %f190, %f191;
    fma.rn.ftz.f32 %f259, %f254, %f257, %f258;
    fma.rn.ftz.f32 %f260, %f253, %f194, %f195;
    fma.rn.ftz.f32 %f261, %f253, %f197, %f198;
    fma.rn.ftz.f32 %f262, %f254, %f260, %f261;
    fma.rn.ftz.f32 %f263, %f255, %f259, %f262;
    fma.rn.ftz.f32 %f264, %f256, %f186, %f263;
    sqrt.approx.ftz.f32 %f265, %f251;
    sub.ftz.f32 %f266, %f265, %f204;
    mul.ftz.f32 %f267, %f266, %f266;
    mul.ftz.f32 %f268, %f267, %f267;
    mul.ftz.f32 %f269, %f268, %f268;
    fma.rn.ftz.f32 %f270, %f266, %f210, %f211;
    fma.rn.ftz.f32 %f271, %f266, %f213, %f214;
    fma.rn.ftz.f32 %f272, %f267, %f270, %f271;
    fma.rn.ftz.f32 %f273, %f266, %f217, %f218;
    fma.rn.ftz.f32 %f274, %f266, %f220, %f221;
    fma.rn.ftz.f32 %f275, %f267, %f273, %f274;
    fma.rn.ftz.f32 %f276, %f268, %f272, %f275;
    fma.rn.ftz.f32 %f277, %f269, %f209, %f276;
    selp.f32 %f278, %f264, %f277, %p252;
    mul.ftz.f32 %f279, %f278, %f245;
    mul.ftz.f32 %f280, %f279, %f279;
    neg.ftz.f32 %f281, %f280;
    mul.ftz.f32 %f282, %f173, %f281;
    ex2.approx.ftz.f32 %f283, %f282;
    mul.ftz.f32 %f284, %f172, %f283;
    add.ftz.f32 %f285, %f246, %f284;
    sub.ftz.f32 %f286, %f285, %f240;
    mul.ftz.f32 %f287, %f279, %f36;
    sub.ftz.f32 %f288, %f23, %f287;
    div.approx.ftz.f32 %f289, %f286, %f288;
    sub.ftz.f32 %f290, %f245, %f289;
    add.ftz.f32 %f291, %f23, %f290;
    sub.ftz.f32 %f292, %f23, %f290;
    mul.ftz.f32 %f293, %f292, %f291;
    lg2.approx.ftz.f32 %f294, %f293;
    mul.ftz.f32 %f295, %f294, %f119;
    neg.ftz.f32 %f296, %f295;
    setp.lt.f32 %p297, %f296, %f179;
    sub.ftz.f32 %f298, %f296, %f181;
    mul.ftz.f32 %f299, %f298, %f298;
    mul.ftz.f32 %f300, %f299, %f299;
    mul.ftz.f32 %f301, %f300, %f300;
    fma.rn.ftz.f32 %f302, %f298, %f187, %f188;
    fma.rn.ftz.f32 %f303, %f298, %f190, %f191;
    fma.rn.ftz.f32 %f304, %f299, %f302, %f303;
    fma.rn.ftz.f32 %f305, %f298, %f194, %f195;
    fma.rn.ftz.f32 %f306, %f298, %f197, %f198;
    fma.rn.ftz.f32 %f307, %f299, %f305, %f306;
    fma.rn.ftz.f32 %f308, %f300, %f304, %f307;
    fma.rn.ftz.f32 %f309, %f301, %f186, %f308;
    sqrt.approx.ftz.f32 %f310, %f296;
    sub.ftz.f32 %f311, %f310, %f204;
    mul.ftz.f32 %f312, %f311, %f311;
    mul.ftz.f32 %f313, %f312, %f312;
    mul.ftz.f32 %f314, %f313, %f313;
    fma.rn.ftz.f32 %f315, %f311, %f210, %f211;
    fma.rn.ftz.f32 %f316, %f311, %f213, %f214;
    fma.rn.ftz.f32 %f317, %f312, %f315, %f316;
    fma.rn.ftz.f32 %f318, %f311, %f217, %f218;
    fma.rn.ftz.f32 %f319, %f311, %f220, %f221;
    fma.rn.ftz.f32 %f320, %f312, %f318, %f319;
    fma.rn.ftz.f32 %f321, %f313, %f317, %f320;
    fma.rn.ftz.f32 %f322, %f314, %f209, %f321;
    selp.f32 %f323, %f309, %f322, %p297;
    mul.ftz.f32 %f324, %f323, %f290;
    mul.ftz.f32 %f325, %f324, %f324;
    neg.ftz.f32 %f326, %f325;
    mul.ftz.f32 %f327, %f173, %f326;
    ex2.approx.ftz.f32 %f328, %f327;
    mul.ftz.f32 %f329, %f172, %f328;
    add.ftz.f32 %f330, %f291, %f329;
    sub.ftz.f32 %f331, %f330, %f240;
    mul.ftz.f32 %f332, %f324, %f36;
    sub.ftz.f32 %f333, %f23, %f332;
    div.approx.ftz.f32 %f334, %f331, %f333;
    sub.ftz.f32 %f335, %f290, %f334;
    sub.ftz.f32 %f336, %f23, %f335;
    add.ftz.f32 %f337, %f23, %f335;
    mul.ftz.f32 %f338, %f336, %f337;
    lg2.approx.ftz.f32 %f339, %f338;
    mul.ftz.f32 %f340, %f339, %f119;
    neg.ftz.f32 %f341, %f340;
    setp.lt.f32 %p342, %f341, %f179;
    sub.ftz.f32 %f343, %f341, %f181;
    mul.ftz.f32 %f344, %f343, %f343;
    mul.ftz.f32 %f345, %f344, %f344;
    mul.ftz.f32 %f346, %f345, %f345;
    fma.rn.ftz.f32 %f347, %f343, %f187, %f188;
    fma.rn.ftz.f32 %f348, %f343, %f190, %f191;
    fma.rn.ftz.f32 %f349, %f344, %f347, %f348;
    fma.rn.ftz.f32 %f350, %f343, %f194, %f195;
    fma.rn.ftz.f32 %f351, %f343, %f197, %f198;
    fma.rn.ftz.f32 %f352, %f344, %f350, %f351;
    fma.rn.ftz.f32 %f353, %f345, %f349, %f352;
    fma.rn.ftz.f32 %f354, %f346, %f186, %f353;
    sqrt.approx.ftz.f32 %f355, %f341;
    sub.ftz.f32 %f356, %f355, %f204;
    mul.ftz.f32 %f357, %f356, %f356;
    mul.ftz.f32 %f358, %f357, %f357;
    mul.ftz.f32 %f359, %f358, %f358;
    fma.rn.ftz.f32 %f360, %f356, %f210, %f211;
    fma.rn.ftz.f32 %f361, %f356, %f213, %f214;
    fma.rn.ftz.f32 %f362, %f357, %f360, %f361;
    fma.rn.ftz.f32 %f363, %f356, %f217, %f218;
    fma.rn.ftz.f32 %f364, %f356, %f220, %f221;
    fma.rn.ftz.f32 %f365, %f357, %f363, %f364;
    fma.rn.ftz.f32 %f366, %f358, %f362, %f365;
    fma.rn.ftz.f32 %f367, %f359, %f209, %f366;
    selp.f32 %f368, %f354, %f367, %p342;
    mul.ftz.f32 %f369, %f368, %f335;
    mul.ftz.f32 %f370, %f17, %f24;
    min.ftz.f32 %f371, %f370, %f23;
    max.ftz.f32 %f372, %f371, %f27;
    selp.f32 %f373, %f33, %f372, %p22;
    mov.b32 %f374, 0x40000000;
    ld.param.f32 %f375, [params+20];
    min.ftz.f32 %f376, %f375, %f114;
    max.ftz.f32 %f377, %f376, %f116;
    fma.rn.ftz.f32 %f378, %f374, %f377, %f27;
    sub.ftz.f32 %f379, %f23, %f378;
    add.ftz.f32 %f380, %f23, %f378;
    mul.ftz.f32 %f381, %f379, %f380;
    lg2.approx.ftz.f32 %f382, %f381;
    mul.ftz.f32 %f383, %f382, %f119;
    neg.ftz.f32 %f384, %f383;
    setp.lt.f32 %p385, %f384, %f179;
    sub.ftz.f32 %f386, %f384, %f181;
    mul.ftz.f32 %f387, %f386, %f386;
    mul.ftz.f32 %f388, %f387, %f387;
    mul.ftz.f32 %f389, %f388, %f388;
    fma.rn.ftz.f32 %f390, %f386, %f187, %f188;
    fma.rn.ftz.f32 %f391, %f386, %f190, %f191;
    fma.rn.ftz.f32 %f392, %f387, %f390, %f391;
    fma.rn.ftz.f32 %f393, %f386, %f194, %f195;
    fma.rn.ftz.f32 %f394, %f386, %f197, %f198;
    fma.rn.ftz.f32 %f395, %f387, %f393, %f394;
    fma.rn.ftz.f32 %f396, %f388, %f392, %f395;
    fma.rn.ftz.f32 %f397, %f389, %f186, %f396;
    sqrt.approx.ftz.f32 %f398, %f384;
    sub.ftz.f32 %f399, %f398, %f204;
    mul.ftz.f32 %f400, %f399, %f399;
    mul.ftz.f32 %f401, %f400, %f400;
    mul.ftz.f32 %f402, %f401, %f401;
    fma.rn.ftz.f32 %f403, %f399, %f210, %f211;
    fma.rn.ftz.f32 %f404, %f399, %f213, %f214;
    fma.rn.ftz.f32 %f405, %f400, %f403, %f404;
    fma.rn.ftz.f32 %f406, %f399, %f217, %f218;
    fma.rn.ftz.f32 %f407, %f399, %f220, %f221;
    fma.rn.ftz.f32 %f408, %f400, %f406, %f407;
    fma.rn.ftz.f32 %f409, %f401, %f405, %f408;
    fma.rn.ftz.f32 %f410, %f402, %f209, %f409;
    selp.f32 %f411, %f397, %f410, %p385;
    mul.ftz.f32 %f412, %f411, %f378;
    mul.ftz.f32 %f413, %f373, %f412;
    neg.ftz.f32 %f414, %f413;
    fma.rn.ftz.f32 %f415, %f29, %f369, %f414;
    mul.ftz.f32 %f416, %f415, %f6;
    neg.ftz.f32 %f417, %f416;
    mul.ftz.f32 %f418, %f29, %f412;
    fma.rn.ftz.f32 %f419, %f373, %f369, %f418;
    mul.ftz.f32 %f420, %f419, %f6;
    neg.ftz.f32 %f421, %f420;
    mul.ftz.f32 %f422, %f417, %f417;
    fma.rn.ftz.f32 %f423, %f421, %f421, %f422;
    add.ftz.f32 %f424, %f23, %f423;
    rsqrt.approx.ftz.f32 %f425, %f424;
    mul.ftz.f32 %f426, %f417, %f425;
    mul.ftz.f32 %f427, %f421, %f425;
    mul.ftz.f32 %f428, %f7, %f426;
    fma.rn.ftz.f32 %f429, %f10, %f427, %f428;
    fma.rn.ftz.f32 %f430, %f9, %f425, %f429;
    mul.ftz.f32 %f431, %f374, %f430;
    neg.ftz.f32 %f432, %f7;
    fma.rn.ftz.f32 %f433, %f426, %f431, %f432;
    neg.ftz.f32 %f434, %f10;
    fma.rn.ftz.f32 %f435, %f427, %f431, %f434;
    neg.ftz.f32 %f436, %f9;
    fma.rn.ftz.f32 %f437, %f425, %f431, %f436;
    st.param.f32 [result+0], %f433;
    st.param.f32 [result+4], %f435;
    st.param.f32 [result+8], %f437;
    ret;
}

.visible .func (.param .align 4 .b8 result[84]) __direct_callable__b51fdf1c2d33b3ba4d4178a8a31b575b(.reg .u32 self, .reg .u64 data, .param .align 4 .b8 params[40]) {
    // VCall: mitsuba::Shape::compute_surface_interaction()
    .reg.b8   %b <177>; .reg.b16 %w<177>; .reg.b32 %r<177>;
    .reg.b64  %rd<177>; .reg.f32 %f<177>; .reg.f64 %d<177>;
    .reg.pred %p <177>;

    ld.param.f32 %f4, [params+24];
    ld.global.u64 %rd5, [data+16];
    ld.global.u64 %rd6, [data+8];
    ld.param.u32 %r7, [params+36];
    mov.b32 %r8, 0x3;
    mul.lo.u32 %r9, %r7, %r8;
    mov.b32 %r10, 0x1;
    add.u32 %r11, %r9, %r10;
    mov.pred %p12, 0x1;
    mad.wide.u32 %rd3, %r11, 4, %rd6;
    ld.global.nc.u32 %r13, [%rd3];
    shl.b32 %r14, %r13, %r10;
    mad.wide.u32 %rd3, %r14, 4, %rd5;
    ld.global.nc.f32 %f15, [%rd3];
    mad.wide.u32 %rd3, %r9, 4, %rd6;
    ld.global.nc.u32 %r16, [%rd3];
    shl.b32 %r17, %r16, %r10;
    mad.wide.u32 %rd3, %r17, 4, %rd5;
    ld.global.nc.f32 %f18, [%rd3];
    sub.ftz.f32 %f19, %f15, %f18;
    mov.b32 %r20, 0x2;
    add.u32 %r21, %r9, %r20;
    mad.wide.u32 %rd3, %r21, 4, %rd6;
    ld.global.nc.u32 %r22, [%rd3];
    shl.b32 %r23, %r22, %r10;
    add.u32 %r24, %r23, %r10;
    mad.wide.u32 %rd3, %r24, 4, %rd5;
    ld.global.nc.f32 %f25, [%rd3];
    add.u32 %r26, %r17, %r10;
    mad.wide.u32 %rd3, %r26, 4, %rd5;
    ld.global.nc.f32 %f27, [%rd3];
    sub.ftz.f32 %f28, %f25, %f27;
    add.u32 %r29, %r14, %r10;
    mad.wide.u32 %rd3, %r29, 4, %rd5;
    ld.global.nc.f32 %f30, [%rd3];
    sub.ftz.f32 %f31, %f30, %f27;
    mad.wide.u32 %rd3, %r23, 4, %rd5;
    ld.global.nc.f32 %f32, [%rd3];
    sub.ftz.f32 %f33, %f32, %f18;
    mul.ftz.f32 %f34, %f31, %f33;
    neg.ftz.f32 %f35, %f34;
    fma.rn.ftz.f32 %f36, %f19, %f28, %f35;
    mov.b32 %f37, 0x0;
    setp.ne.f32 %p38, %f36, %f37;
    ld.global.u64 %rd39, [data+0];
    mul.lo.u32 %r40, %r13, %r8;
    add.u32 %r41, %r40, %r20;
    mad.wide.u32 %rd3, %r41, 4, %rd39;
    ld.global.nc.f32 %f42, [%rd3];
    mul.lo.u32 %r43, %r16, %r8;
    add.u32 %r44, %r43, %r20;
    mad.wide.u32 %rd3, %r44, 4, %rd39;
    ld.global.nc.f32 %f45, [%rd3];
    sub.ftz.f32 %f46, %f42, %f45;
    neg.ftz.f32 %f47, %f46;
    mul.lo.u32 %r48, %r22, %r8;
    add.u32 %r49, %r48, %r20;
    mad.wide.u32 %rd3, %r49, 4, %rd39;
    ld.global.nc.f32 %f50, [%rd3];
    sub.ftz.f32 %f51, %f50, %f45;
    mul.ftz.f32 %f52, %f19, %f51;
    fma.rn.ftz.f32 %f53, %f33, %f47, %f52;
    rcp.approx.ftz.f32 %f54, %f36;
    mul.ftz.f32 %f55, %f53, %f54;
    mad.wide.u32 %rd3, %r48, 4, %rd39;
    ld.global.nc.f32 %f56, [%rd3];
    mad.wide.u32 %rd3, %r43, 4, %rd39;
    ld.global.nc.f32 %f57, [%rd3];
    sub.ftz.f32 %f58, %f56, %f57;
    mad.wide.u32 %rd3, %r40, 4, %rd39;
    ld.global.nc.f32 %f59, [%rd3];
    sub.ftz.f32 %f60, %f59, %f57;
    mul.ftz.f32 %f61, %f60, %f51;
    neg.ftz.f32 %f62, %f61;
    fma.rn.ftz.f32 %f63, %f46, %f58, %f62;
    add.u32 %r64, %r48, %r10;
    mad.wide.u32 %rd3, %r64, 4, %rd39;
    ld.global.nc.f32 %f65, [%rd3];
    add.u32 %r66, %r43, %r10;
    mad.wide.u32 %rd3, %r66, 4, %rd39;
    ld.global.nc.f32 %f67, [%rd3];
    sub.ftz.f32 %f68, %f65, %f67;
    add.u32 %r69, %r40, %r10;
    mad.wide.u32 %rd3, %r69, 4, %rd39;
    ld.global.nc.f32 %f70, [%rd3];
    sub.ftz.f32 %f71, %f70, %f67;
    mul.ftz.f32 %f72, %f71, %f58;
    neg.ftz.f32 %f73, %f72;
    fma.rn.ftz.f32 %f74, %f60, %f68, %f73;
    mul.ftz.f32 %f75, %f46, %f68;
    neg.ftz.f32 %f76, %f75;
    fma.rn.ftz.f32 %f77, %f71, %f51, %f76;
    mul.ftz.f32 %f78, %f77, %f77;
    fma.rn.ftz.f32 %f79, %f63, %f63, %f78;
    fma.rn.ftz.f32 %f80, %f74, %f74, %f79;
    rsqrt.approx.ftz.f32 %f81, %f80;
    mul.ftz.f32 %f82, %f63, %f81;
    neg.ftz.f32 %f83, %f82;
    selp.f32 %f84, %f55, %f83, %p38;
    mov.b32 %f85, 0x3f800000;
    ld.param.f32 %f86, [params+28];
    sub.ftz.f32 %f87, %f85, %f86;
    ld.param.f32 %f88, [params+32];
    sub.ftz.f32 %f89, %f87, %f88;
    mul.ftz.f32 %f90, %f56, %f88;
    fma.rn.ftz.f32 %f91, %f59, %f86, %f90;
    fma.rn.ftz.f32 %f92, %f57, %f89, %f91;
    mul.ftz.f32 %f93, %f65, %f88;
    fma.rn.ftz.f32 %f94, %f70, %f86, %f93;
    fma.rn.ftz.f32 %f95, %f67, %f89, %f94;
    mul.ftz.f32 %f96, %f50, %f88;
    fma.rn.ftz.f32 %f97, %f42, %f86, %f96;
    fma.rn.ftz.f32 %f98, %f45, %f89, %f97;
    mul.ftz.f32 %f99, %f77, %f81;
    mul.ftz.f32 %f100, %f74, %f81;
    mov.u32 %r101, self;
    mul.ftz.f32 %f102, %f18, %f89;
    fma.rn.ftz.f32 %f103, %f15, %f86, %f102;
    fma.rn.ftz.f32 %f104, %f32, %f88, %f103;
    mul.ftz.f32 %f105, %f27, %f89;
    fma.rn.ftz.f32 %f106, %f30, %f86, %f105;
    fma.rn.ftz.f32 %f107, %f25, %f88, %f106;
    neg.ftz.f32 %f108, %f71;
    mul.ftz.f32 %f109, %f19, %f68;
    fma.rn.ftz.f32 %f110, %f33, %f108, %f109;
    mul.ftz.f32 %f111, %f110, %f54;
    mov.b32 %f112, 0x80000000;
    and.b32 %f113, %f112, %f100;
    or.b32 %f114, %f85, %f113;
    add.ftz.f32 %f115, %f114, %f100;
    rcp.approx.ftz.f32 %f116, %f115;
    neg.ftz.f32 %f117, %f116;
    mul.ftz.f32 %f118, %f82, %f117;
    fma.rn.ftz.f32 %f119, %f82, %f118, %f114;
    selp.f32 %f120, %f111, %f119, %p38;
    neg.ftz.f32 %f121, %f60;
    mul.ftz.f32 %f122, %f19, %f58;
    fma.rn.ftz.f32 %f123, %f33, %f121, %f122;
    mul.ftz.f32 %f124, %f123, %f54;
    mul.ftz.f32 %f125, %f99, %f82;
    mul.ftz.f32 %f126, %f125, %f117;
    selp.f32 %f127, %f124, %f126, %p38;
    mul.ftz.f32 %f128, %f31, %f51;
    neg.ftz.f32 %f129, %f128;
    fma.rn.ftz.f32 %f130, %f28, %f46, %f129;
    mul.ftz.f32 %f131, %f130, %f54;
    setp.ge.f32 %p132, %f100, %f37;
    neg.ftz.f32 %f133, %f99;
    selp.f32 %f134, %f133, %f99, %p132;
    selp.f32 %f135, %f131, %f134, %p38;
    mul.ftz.f32 %f136, %f31, %f68;
    neg.ftz.f32 %f137, %f136;
    fma.rn.ftz.f32 %f138, %f28, %f71, %f137;
    mul.ftz.f32 %f139, %f138, %f54;
    xor.b32 %f140, %f126, %f113;
    selp.f32 %f141, %f139, %f140, %p38;
    mul.ftz.f32 %f142, %f31, %f58;
    neg.ftz.f32 %f143, %f142;
    fma.rn.ftz.f32 %f144, %f28, %f60, %f143;
    mul.ftz.f32 %f145, %f144, %f54;
    mul.ftz.f32 %f146, %f99, %f99;
    mul.ftz.f32 %f147, %f146, %f117;
    xor.b32 %f148, %f147, %f113;
    add.ftz.f32 %f149, %f148, %f85;
    selp.f32 %f150, %f145, %f149, %p38;
    ld.global.u64 %rd151, [data+24];
    mad.wide.u32 %rd3, %r49, 4, %rd151;
    ld.global.nc.f32 %f152, [%rd3];
    mad.wide.u32 %rd3, %r41, 4, %rd151;
    ld.global.nc.f32 %f153, [%rd3];
    mad.wide.u32 %rd3, %r44, 4, %rd151;
    ld.global.nc.f32 %f154, [%rd3];
    mul.ftz.f32 %f155, %f154, %f89;
    fma.rn.ftz.f32 %f156, %f153, %f86, %f155;
    fma.rn.ftz.f32 %f157, %f152, %f88, %f156;
    mad.wide.u32 %rd3, %r64, 4, %rd151;
    ld.global.nc.f32 %f158, [%rd3];
    mad.wide.u32 %rd3, %r69, 4, %rd151;
    ld.global.nc.f32 %f159, [%rd3];
    mad.wide.u32 %rd3, %r66, 4, %rd151;
    ld.global.nc.f32 %f160, [%rd3];
    mul.ftz.f32 %f161, %f160, %f89;
    fma.rn.ftz.f32 %f162, %f159, %f86, %f161;
    fma.rn.ftz.f32 %f163, %f158, %f88, %f162;
    mad.wide.u32 %rd3, %r48, 4, %rd151;
    ld.global.nc.f32 %f164, [%rd3];
    mad.wide.u32 %rd3, %r40, 4, %rd151;
    ld.global.nc.f32 %f165, [%rd3];
    mad.wide.u32 %rd3, %r43, 4, %rd151;
    ld.global.nc.f32 %f166, [%rd3];
    mul.ftz.f32 %f167, %f166, %f89;
    fma.rn.ftz.f32 %f168, %f165, %f86, %f167;
    fma.rn.ftz.f32 %f169, %f164, %f88, %f168;
    mul.ftz.f32 %f170, %f169, %f169;
    fma.rn.ftz.f32 %f171, %f163, %f163, %f170;
    fma.rn.ftz.f32 %f172, %f157, %f157, %f171;
    rsqrt.approx.ftz.f32 %f173, %f172;
    mul.ftz.f32 %f174, %f157, %f173;
    mul.ftz.f32 %f175, %f169, %f173;
    mul.ftz.f32 %f176, %f163, %f173;
    st.param.f32 [result+0], %f4;
    st.param.f32 [result+4], %f84;
    st.param.f32 [result+8], %f92;
    st.param.f32 [result+12], %f95;
    st.param.f32 [result+16], %f98;
    st.param.f32 [result+20], %f99;
    st.param.f32 [result+24], %f82;
    st.param.f32 [result+28], %f100;
    st.param.u32 [result+32], %r101;
    st.param.f32 [result+36], %f104;
    st.param.f32 [result+40], %f107;
    st.param.f32 [result+44], %f86;
    st.param.f32 [result+48], %f88;
    st.param.f32 [result+52], %f120;
    st.param.f32 [result+56], %f127;
    st.param.f32 [result+60], %f135;
    st.param.f32 [result+64], %f141;
    st.param.f32 [result+68], %f150;
    st.param.f32 [result+72], %f174;
    st.param.f32 [result+76], %f175;
    st.param.f32 [result+80], %f176;
    ret;
}

.visible .func (.param .align 4 .b8 result[40]) __direct_callable__c4d47f60c8da4f88452a1a340c2c1995(.reg .u64 data, .param .align 4 .b8 params[32]) {
    // VCall: mitsuba::BSDF::sample()
    .reg.b8   %b <57>; .reg.b16 %w<57>; .reg.b32 %r<57>;
    .reg.b64  %rd<57>; .reg.f32 %f<57>; .reg.f64 %d<57>;
    .reg.pred %p <57>;

    ld.global.u64 %rd4, [data+0];
    mov.b32 %f5, 0x40000000;
    ld.param.f32 %f6, [params+24];
    mov.b32 %f7, 0xbf800000;
    fma.rn.ftz.f32 %f8, %f5, %f6, %f7;
    abs.f32 %f9, %f8;
    ld.param.f32 %f10, [params+28];
    fma.rn.ftz.f32 %f11, %f5, %f10, %f7;
    abs.f32 %f12, %f11;
    setp.lt.f32 %p13, %f9, %f12;
    selp.f32 %f14, %f11, %f8, %p13;
    mov.b32 %f15, 0x0;
    setp.eq.f32 %p16, %f8, %f15;
    setp.eq.f32 %p17, %f11, %f15;
    and.pred %p18, %p16, %p17;
    mov.b32 %f19, 0x3fc90fdb;
    mov.b32 %f20, 0x3f490fdb;
    selp.f32 %f21, %f8, %f11, %p13;
    mul.ftz.f32 %f22, %f20, %f21;
    div.approx.ftz.f32 %f23, %f22, %f14;
    sub.ftz.f32 %f24, %f19, %f23;
    selp.f32 %f25, %f24, %f23, %p13;
    selp.f32 %f26, %f15, %f25, %p18;
    cos.approx.ftz.f32 %f27, %f26;
    mul.ftz.f32 %f28, %f14, %f27;
    sin.approx.ftz.f32 %f29, %f26;
    mul.ftz.f32 %f30, %f14, %f29;
    mov.b32 %f31, 0x3f800000;
    mul.ftz.f32 %f32, %f28, %f28;
    fma.rn.ftz.f32 %f33, %f30, %f30, %f32;
    sub.ftz.f32 %f34, %f31, %f33;
    max.ftz.f32 %f35, %f34, %f15;
    sqrt.approx.ftz.f32 %f36, %f35;
    mov.b32 %f37, 0x3ea2f983;
    mul.ftz.f32 %f38, %f37, %f36;
    mov.b32 %r39, 0x2;
    mov.b32 %r40, 0x0;
    ld.param.f32 %f41, [params+4];
    ld.param.f32 %f42, [params+0];
    fma.rn.ftz.f32 %f43, %f15, %f41, %f42;
    mul.ftz.f32 %f44, %f15, %f42;
    add.ftz.f32 %f45, %f41, %f44;
    .reg.f32 %f46_out_<4>;
    tex.2d.v4.f32.f32 {%f46_out_0, %f46_out_1, %f46_out_2, %f46_out_3}, [%rd4, {%f43, %f45}];
    mov.b32 %f47, %f46_out_0;
    ld.param.f32 %f48, [params+16];
    setp.gt.f32 %p49, %f48, %f15;
    setp.gt.f32 %p50, %f38, %f15;
    and.pred %p51, %p49, %p50;
    selp.b32 %f52, %f47, 0, %p51;
    mov.b32 %f53, %f46_out_1;
    selp.b32 %f54, %f53, 0, %p51;
    mov.b32 %f55, %f46_out_2;
    selp.b32 %f56, %f55, 0, %p51;
    st.param.f32 [result+0], %f28;
    st.param.f32 [result+4], %f30;
    st.param.f32 [result+8], %f36;
    st.param.f32 [result+12], %f38;
    st.param.f32 [result+16], %f31;
    st.param.u32 [result+20], %r39;
    st.param.u32 [result+24], %r40;
    st.param.f32 [result+28], %f52;
    st.param.f32 [result+32], %f54;
    st.param.f32 [result+36], %f56;
    ret;
}

.visible .func (.param .align 4 .b8 result[40]) __direct_callable__f2b9df0a807beedc131b1e1ba408af05(.reg .u64 data, .param .align 4 .b8 params[32]) {
    // VCall: mitsuba::BSDF::sample()
    .reg.b8   %b <59>; .reg.b16 %w<59>; .reg.b32 %r<59>;
    .reg.b64  %rd<59>; .reg.f32 %f<59>; .reg.f64 %d<59>;
    .reg.pred %p <59>;

    ld.param.f32 %f4, [params+20];
    ld.param.f32 %f5, [params+16];
    abs.f32 %f6, %f5;
    mov.b32 %f7, 0x0;
    setp.eq.f32 %p8, %f6, %f7;
    mov.b32 %f9, 0x3f800000;
    mov.b32 %f10, 0x3f000000;
    setp.ge.f32 %p11, %f5, %f7;
    mov.b32 %f12, 0x3fc00000;
    mov.b32 %f13, 0x3f2aaaab;
    selp.f32 %f14, %f12, %f13, %p11;
    neg.ftz.f32 %f15, %f5;
    fma.rn.ftz.f32 %f16, %f5, %f15, %f9;
    selp.f32 %f17, %f13, %f12, %p11;
    mul.ftz.f32 %f18, %f17, %f17;
    neg.ftz.f32 %f19, %f18;
    fma.rn.ftz.f32 %f20, %f16, %f19, %f9;
    max.ftz.f32 %f21, %f20, %f7;
    sqrt.approx.ftz.f32 %f22, %f21;
    neg.ftz.f32 %f23, %f22;
    fma.rn.ftz.f32 %f24, %f14, %f23, %f6;
    fma.rn.ftz.f32 %f25, %f14, %f22, %f6;
    div.approx.ftz.f32 %f26, %f24, %f25;
    mul.ftz.f32 %f27, %f26, %f26;
    neg.ftz.f32 %f28, %f6;
    fma.rn.ftz.f32 %f29, %f14, %f28, %f22;
    fma.rn.ftz.f32 %f30, %f14, %f6, %f22;
    div.approx.ftz.f32 %f31, %f29, %f30;
    mul.ftz.f32 %f32, %f31, %f31;
    add.ftz.f32 %f33, %f27, %f32;
    mul.ftz.f32 %f34, %f10, %f33;
    selp.f32 %f35, %f9, %f34, %p8;
    setp.le.f32 %p36, %f4, %f35;
    ld.param.f32 %f37, [params+8];
    neg.ftz.f32 %f38, %f37;
    neg.ftz.f32 %f39, %f17;
    mul.ftz.f32 %f40, %f39, %f37;
    selp.f32 %f41, %f38, %f40, %p36;
    ld.param.f32 %f42, [params+12];
    neg.ftz.f32 %f43, %f42;
    mul.ftz.f32 %f44, %f39, %f42;
    selp.f32 %f45, %f43, %f44, %p36;
    selp.f32 %f46, %f23, %f22, %p11;
    selp.f32 %f47, %f5, %f46, %p36;
    sub.ftz.f32 %f48, %f9, %f35;
    selp.f32 %f49, %f35, %f48, %p36;
    selp.f32 %f50, %f9, %f14, %p36;
    mov.b32 %r51, 0x20;
    mov.b32 %r52, 0x40;
    selp.u32 %r53, %r51, %r52, %p36;
    mov.b32 %r54, 0x0;
    mov.b32 %r55, 0x1;
    selp.u32 %r56, %r54, %r55, %p36;
    not.pred %p57, %p36;
    selp.f32 %f58, %f18, %f9, %p57;
    st.param.f32 [result+0], %f41;
    st.param.f32 [result+4], %f45;
    st.param.f32 [result+8], %f47;
    st.param.f32 [result+12], %f49;
    st.param.f32 [result+16], %f50;
    st.param.u32 [result+20], %r53;
    st.param.u32 [result+24], %r56;
    st.param.f32 [result+28], %f58;
    st.param.f32 [result+32], %f58;
    st.param.f32 [result+36], %f58;
    ret;
}

.visible .func (.param .align 4 .b8 result[84]) __direct_callable__f9bd1a8ba432bd68f535c3799a2e3ec5(.reg .u32 self, .reg .u64 data, .param .align 4 .b8 params[40]) {
    // VCall: mitsuba::Shape::compute_surface_interaction()
    .reg.b8   %b <151>; .reg.b16 %w<151>; .reg.b32 %r<151>;
    .reg.b64  %rd<151>; .reg.f32 %f<151>; .reg.f64 %d<151>;
    .reg.pred %p <151>;

    ld.param.f32 %f4, [params+24];
    ld.global.u64 %rd5, [data+16];
    ld.global.u64 %rd6, [data+8];
    ld.param.u32 %r7, [params+36];
    mov.b32 %r8, 0x3;
    mul.lo.u32 %r9, %r7, %r8;
    mov.b32 %r10, 0x1;
    add.u32 %r11, %r9, %r10;
    mov.pred %p12, 0x1;
    mad.wide.u32 %rd3, %r11, 4, %rd6;
    ld.global.nc.u32 %r13, [%rd3];
    shl.b32 %r14, %r13, %r10;
    mad.wide.u32 %rd3, %r14, 4, %rd5;
    ld.global.nc.f32 %f15, [%rd3];
    mad.wide.u32 %rd3, %r9, 4, %rd6;
    ld.global.nc.u32 %r16, [%rd3];
    shl.b32 %r17, %r16, %r10;
    mad.wide.u32 %rd3, %r17, 4, %rd5;
    ld.global.nc.f32 %f18, [%rd3];
    sub.ftz.f32 %f19, %f15, %f18;
    mov.b32 %r20, 0x2;
    add.u32 %r21, %r9, %r20;
    mad.wide.u32 %rd3, %r21, 4, %rd6;
    ld.global.nc.u32 %r22, [%rd3];
    shl.b32 %r23, %r22, %r10;
    add.u32 %r24, %r23, %r10;
    mad.wide.u32 %rd3, %r24, 4, %rd5;
    ld.global.nc.f32 %f25, [%rd3];
    add.u32 %r26, %r17, %r10;
    mad.wide.u32 %rd3, %r26, 4, %rd5;
    ld.global.nc.f32 %f27, [%rd3];
    sub.ftz.f32 %f28, %f25, %f27;
    add.u32 %r29, %r14, %r10;
    mad.wide.u32 %rd3, %r29, 4, %rd5;
    ld.global.nc.f32 %f30, [%rd3];
    sub.ftz.f32 %f31, %f30, %f27;
    mad.wide.u32 %rd3, %r23, 4, %rd5;
    ld.global.nc.f32 %f32, [%rd3];
    sub.ftz.f32 %f33, %f32, %f18;
    mul.ftz.f32 %f34, %f31, %f33;
    neg.ftz.f32 %f35, %f34;
    fma.rn.ftz.f32 %f36, %f19, %f28, %f35;
    mov.b32 %f37, 0x0;
    setp.ne.f32 %p38, %f36, %f37;
    ld.global.u64 %rd39, [data+0];
    mul.lo.u32 %r40, %r13, %r8;
    add.u32 %r41, %r40, %r20;
    mad.wide.u32 %rd3, %r41, 4, %rd39;
    ld.global.nc.f32 %f42, [%rd3];
    mul.lo.u32 %r43, %r16, %r8;
    add.u32 %r44, %r43, %r20;
    mad.wide.u32 %rd3, %r44, 4, %rd39;
    ld.global.nc.f32 %f45, [%rd3];
    sub.ftz.f32 %f46, %f42, %f45;
    neg.ftz.f32 %f47, %f46;
    mul.lo.u32 %r48, %r22, %r8;
    add.u32 %r49, %r48, %r20;
    mad.wide.u32 %rd3, %r49, 4, %rd39;
    ld.global.nc.f32 %f50, [%rd3];
    sub.ftz.f32 %f51, %f50, %f45;
    mul.ftz.f32 %f52, %f19, %f51;
    fma.rn.ftz.f32 %f53, %f33, %f47, %f52;
    rcp.approx.ftz.f32 %f54, %f36;
    mul.ftz.f32 %f55, %f53, %f54;
    mad.wide.u32 %rd3, %r48, 4, %rd39;
    ld.global.nc.f32 %f56, [%rd3];
    mad.wide.u32 %rd3, %r43, 4, %rd39;
    ld.global.nc.f32 %f57, [%rd3];
    sub.ftz.f32 %f58, %f56, %f57;
    mad.wide.u32 %rd3, %r40, 4, %rd39;
    ld.global.nc.f32 %f59, [%rd3];
    sub.ftz.f32 %f60, %f59, %f57;
    mul.ftz.f32 %f61, %f60, %f51;
    neg.ftz.f32 %f62, %f61;
    fma.rn.ftz.f32 %f63, %f46, %f58, %f62;
    add.u32 %r64, %r48, %r10;
    mad.wide.u32 %rd3, %r64, 4, %rd39;
    ld.global.nc.f32 %f65, [%rd3];
    add.u32 %r66, %r43, %r10;
    mad.wide.u32 %rd3, %r66, 4, %rd39;
    ld.global.nc.f32 %f67, [%rd3];
    sub.ftz.f32 %f68, %f65, %f67;
    add.u32 %r69, %r40, %r10;
    mad.wide.u32 %rd3, %r69, 4, %rd39;
    ld.global.nc.f32 %f70, [%rd3];
    sub.ftz.f32 %f71, %f70, %f67;
    mul.ftz.f32 %f72, %f71, %f58;
    neg.ftz.f32 %f73, %f72;
    fma.rn.ftz.f32 %f74, %f60, %f68, %f73;
    mul.ftz.f32 %f75, %f46, %f68;
    neg.ftz.f32 %f76, %f75;
    fma.rn.ftz.f32 %f77, %f71, %f51, %f76;
    mul.ftz.f32 %f78, %f77, %f77;
    fma.rn.ftz.f32 %f79, %f63, %f63, %f78;
    fma.rn.ftz.f32 %f80, %f74, %f74, %f79;
    rsqrt.approx.ftz.f32 %f81, %f80;
    mul.ftz.f32 %f82, %f63, %f81;
    neg.ftz.f32 %f83, %f82;
    selp.f32 %f84, %f55, %f83, %p38;
    mov.b32 %f85, 0x3f800000;
    ld.param.f32 %f86, [params+28];
    sub.ftz.f32 %f87, %f85, %f86;
    ld.param.f32 %f88, [params+32];
    sub.ftz.f32 %f89, %f87, %f88;
    mul.ftz.f32 %f90, %f56, %f88;
    fma.rn.ftz.f32 %f91, %f59, %f86, %f90;
    fma.rn.ftz.f32 %f92, %f57, %f89, %f91;
    mul.ftz.f32 %f93, %f65, %f88;
    fma.rn.ftz.f32 %f94, %f70, %f86, %f93;
    fma.rn.ftz.f32 %f95, %f67, %f89, %f94;
    mul.ftz.f32 %f96, %f50, %f88;
    fma.rn.ftz.f32 %f97, %f42, %f86, %f96;
    fma.rn.ftz.f32 %f98, %f45, %f89, %f97;
    mul.ftz.f32 %f99, %f77, %f81;
    mul.ftz.f32 %f100, %f74, %f81;
    mov.u32 %r101, self;
    mul.ftz.f32 %f102, %f18, %f89;
    fma.rn.ftz.f32 %f103, %f15, %f86, %f102;
    fma.rn.ftz.f32 %f104, %f32, %f88, %f103;
    mul.ftz.f32 %f105, %f27, %f89;
    fma.rn.ftz.f32 %f106, %f30, %f86, %f105;
    fma.rn.ftz.f32 %f107, %f25, %f88, %f106;
    neg.ftz.f32 %f108, %f71;
    mul.ftz.f32 %f109, %f19, %f68;
    fma.rn.ftz.f32 %f110, %f33, %f108, %f109;
    mul.ftz.f32 %f111, %f110, %f54;
    mov.b32 %f112, 0x80000000;
    and.b32 %f113, %f112, %f100;
    or.b32 %f114, %f85, %f113;
    add.ftz.f32 %f115, %f114, %f100;
    rcp.approx.ftz.f32 %f116, %f115;
    neg.ftz.f32 %f117, %f116;
    mul.ftz.f32 %f118, %f82, %f117;
    fma.rn.ftz.f32 %f119, %f82, %f118, %f114;
    selp.f32 %f120, %f111, %f119, %p38;
    neg.ftz.f32 %f121, %f60;
    mul.ftz.f32 %f122, %f19, %f58;
    fma.rn.ftz.f32 %f123, %f33, %f121, %f122;
    mul.ftz.f32 %f124, %f123, %f54;
    mul.ftz.f32 %f125, %f99, %f82;
    mul.ftz.f32 %f126, %f125, %f117;
    selp.f32 %f127, %f124, %f126, %p38;
    mul.ftz.f32 %f128, %f31, %f51;
    neg.ftz.f32 %f129, %f128;
    fma.rn.ftz.f32 %f130, %f28, %f46, %f129;
    mul.ftz.f32 %f131, %f130, %f54;
    setp.ge.f32 %p132, %f100, %f37;
    neg.ftz.f32 %f133, %f99;
    selp.f32 %f134, %f133, %f99, %p132;
    selp.f32 %f135, %f131, %f134, %p38;
    mul.ftz.f32 %f136, %f31, %f68;
    neg.ftz.f32 %f137, %f136;
    fma.rn.ftz.f32 %f138, %f28, %f71, %f137;
    mul.ftz.f32 %f139, %f138, %f54;
    xor.b32 %f140, %f126, %f113;
    selp.f32 %f141, %f139, %f140, %p38;
    mul.ftz.f32 %f142, %f31, %f58;
    neg.ftz.f32 %f143, %f142;
    fma.rn.ftz.f32 %f144, %f28, %f60, %f143;
    mul.ftz.f32 %f145, %f144, %f54;
    mul.ftz.f32 %f146, %f99, %f99;
    mul.ftz.f32 %f147, %f146, %f117;
    xor.b32 %f148, %f147, %f113;
    add.ftz.f32 %f149, %f148, %f85;
    selp.f32 %f150, %f145, %f149, %p38;
    st.param.f32 [result+0], %f4;
    st.param.f32 [result+4], %f84;
    st.param.f32 [result+8], %f92;
    st.param.f32 [result+12], %f95;
    st.param.f32 [result+16], %f98;
    st.param.f32 [result+20], %f99;
    st.param.f32 [result+24], %f82;
    st.param.f32 [result+28], %f100;
    st.param.u32 [result+32], %r101;
    st.param.f32 [result+36], %f104;
    st.param.f32 [result+40], %f107;
    st.param.f32 [result+44], %f86;
    st.param.f32 [result+48], %f88;
    st.param.f32 [result+52], %f120;
    st.param.f32 [result+56], %f127;
    st.param.f32 [result+60], %f135;
    st.param.f32 [result+64], %f141;
    st.param.f32 [result+68], %f150;
    st.param.f32 [result+72], %f100;
    st.param.f32 [result+76], %f99;
    st.param.f32 [result+80], %f82;
    ret;
}


COMPILE ERROR: failed to create pipeline
Info: Pipeline statistics
	module(s)                            :     2
	entry function(s)                    :    28
	trace call(s)                        :     1
	continuation callable call(s)        :     0
	direct callable call(s)              :     3
	basic block(s) in entry functions    :   397
	instruction(s) in entry functions    : 14281
	non-entry function(s)                :     0
	basic block(s) in non-entry functions:     0
	instruction(s) in non-entry functions:     0
	debug information                    :    no



Critical Dr.Jit compiler failure: jit_optix_check(): API error 7251 (OPTIX_ERROR_PIPELINE_LINK_ERROR): "Pipeline link error" in ../ext/drjit/ext/drjit-core/src/optix_core.cpp:398.
[2025-04-09 21:18:59,956] torch.distributed.elastic.multiprocessing.api: [ERROR] failed (exitcode: -6) local_rank: 0 (pid: 94266) of binary: /home/renjierui/.conda/envs/mitsuba/bin/python
Traceback (most recent call last):
  File "/home/renjierui/.conda/envs/mitsuba/bin/torchrun", line 33, in <module>
    sys.exit(load_entry_point('torch==2.1.1', 'console_scripts', 'torchrun')())
  File "/home/renjierui/.conda/envs/mitsuba/lib/python3.9/site-packages/torch/distributed/elastic/multiprocessing/errors/__init__.py", line 346, in wrapper
    return f(*args, **kwargs)
  File "/home/renjierui/.conda/envs/mitsuba/lib/python3.9/site-packages/torch/distributed/run.py", line 806, in main
    run(args)
  File "/home/renjierui/.conda/envs/mitsuba/lib/python3.9/site-packages/torch/distributed/run.py", line 797, in run
    elastic_launch(
  File "/home/renjierui/.conda/envs/mitsuba/lib/python3.9/site-packages/torch/distributed/launcher/api.py", line 134, in __call__
    return launch_agent(self._config, self._entrypoint, list(args))
  File "/home/renjierui/.conda/envs/mitsuba/lib/python3.9/site-packages/torch/distributed/launcher/api.py", line 264, in launch_agent
    raise ChildFailedError(
torch.distributed.elastic.multiprocessing.errors.ChildFailedError: 
======================================================
train.py FAILED
------------------------------------------------------
Failures:
[1]:
  time      : 2025-04-09_21:18:59
  host      : amax
  rank      : 1 (local_rank: 1)
  exitcode  : -6 (pid: 94267)
  error_file: <N/A>
  traceback : Signal 6 (SIGABRT) received by PID 94267
[2]:
  time      : 2025-04-09_21:18:59
  host      : amax
  rank      : 2 (local_rank: 2)
  exitcode  : -6 (pid: 94268)
  error_file: <N/A>
  traceback : Signal 6 (SIGABRT) received by PID 94268
[3]:
  time      : 2025-04-09_21:18:59
  host      : amax
  rank      : 3 (local_rank: 3)
  exitcode  : -6 (pid: 94269)
  error_file: <N/A>
  traceback : Signal 6 (SIGABRT) received by PID 94269
[4]:
  time      : 2025-04-09_21:18:59
  host      : amax
  rank      : 4 (local_rank: 4)
  exitcode  : -6 (pid: 94270)
  error_file: <N/A>
  traceback : Signal 6 (SIGABRT) received by PID 94270
[5]:
  time      : 2025-04-09_21:18:59
  host      : amax
  rank      : 5 (local_rank: 5)
  exitcode  : -6 (pid: 94271)
  error_file: <N/A>
  traceback : Signal 6 (SIGABRT) received by PID 94271
[6]:
  time      : 2025-04-09_21:18:59
  host      : amax
  rank      : 6 (local_rank: 6)
  exitcode  : -6 (pid: 94272)
  error_file: <N/A>
  traceback : Signal 6 (SIGABRT) received by PID 94272
------------------------------------------------------
Root Cause (first observed failure):
[0]:
  time      : 2025-04-09_21:18:59
  host      : amax
  rank      : 0 (local_rank: 0)
  exitcode  : -6 (pid: 94266)
  error_file: <N/A>
  traceback : Signal 6 (SIGABRT) received by PID 94266
======================================================
