####
#
# OBJ File Generated by Meshlab
#
####
# Object Mesh002.obj
#
# Vertices: 3970
# Faces: 7936
#
####
mtllib ./Mesh002.obj.mtl

vn 0.0000000 -0.9995069 0.0314002
v -2.3767049 1.9073880 -0.0311710
vn 0.0000000 -0.9947541 0.1022953
v -2.3767059 1.9106300 0.0191510
vn -0.0099995 -0.9947551 0.1017954
v -2.3872261 1.9106300 0.0186350
vn -0.0031000 -0.9995053 0.0313002
v -2.3822930 1.9073880 -0.0314460
vn -0.0198992 -0.9947587 0.1002958
v -2.3976440 1.9106300 0.0170890
vn -0.0061000 -0.9995039 0.0309001
v -2.3878260 1.9073880 -0.0322670
vn -0.0296986 -0.9947535 0.0978954
v -2.4078610 1.9106300 0.0145300
vn -0.0091001 -0.9995055 0.0301002
v -2.3932519 1.9073880 -0.0336260
vn -0.0390983 -0.9947572 0.0944959
v -2.4177771 1.9106300 0.0109820
vn -0.0120001 -0.9995045 0.0291001
v -2.3985190 1.9073880 -0.0355110
vn -0.0481979 -0.9947571 0.0901961
v -2.4272981 1.9106300 0.0064780
vn -0.0148001 -0.9995067 0.0277002
v -2.4035759 1.9073880 -0.0379020
vn -0.0567978 -0.9947611 0.0849967
v -2.4363320 1.9106300 0.0010640
vn -0.0175001 -0.9995036 0.0262001
v -2.4083741 1.9073880 -0.0407780
vn -0.0648969 -0.9947523 0.0790962
v -2.4447920 1.9106300 -0.0052110
vn -0.0200001 -0.9995046 0.0243001
v -2.4128671 1.9073880 -0.0441100
vn -0.0722971 -0.9947594 0.0722971
v -2.4525959 1.9106300 -0.0122840
vn -0.0222002 -0.9995071 0.0222002
v -2.4170110 1.9073880 -0.0478670
vn -0.0789969 -0.9947602 0.0648974
v -2.4596691 1.9106300 -0.0200880
vn -0.0243002 -0.9995067 0.0199001
v -2.4207680 1.9073880 -0.0520120
vn -0.0849967 -0.9947611 0.0567978
v -2.4659431 1.9106300 -0.0285470
vn -0.0262001 -0.9995036 0.0175001
v -2.4240999 1.9073880 -0.0565050
vn -0.0901961 -0.9947571 0.0481979
v -2.4713571 1.9106300 -0.0375810
vn -0.0277002 -0.9995067 0.0148001
v -2.4269760 1.9073880 -0.0613030
vn -0.0944959 -0.9947572 0.0390983
v -2.4758601 1.9106300 -0.0471020
vn -0.0291001 -0.9995045 0.0120001
v -2.4293680 1.9073880 -0.0663600
vn -0.0978954 -0.9947535 0.0296986
v -2.4794090 1.9106300 -0.0570190
vn -0.0301002 -0.9995055 0.0091001
v -2.4312520 1.9073880 -0.0716260
vn -0.1002958 -0.9947587 0.0198992
v -2.4819679 1.9106300 -0.0672360
vn -0.0309001 -0.9995039 0.0061000
v -2.4326119 1.9073880 -0.0770530
vn -0.1017954 -0.9947551 0.0099995
v -2.4835131 1.9106300 -0.0776540
vn -0.0313002 -0.9995053 0.0031000
v -2.4334331 1.9073880 -0.0825860
vn -0.1022953 -0.9947541 0.0000000
v -2.4840300 1.9106300 -0.0881740
vn -0.0314002 -0.9995069 0.0000000
v -2.4337070 1.9073880 -0.0881730
vn -0.1017954 -0.9947551 -0.0099995
v -2.4835131 1.9106300 -0.0986930
vn -0.0313002 -0.9995053 -0.0031000
v -2.4334331 1.9073880 -0.0937600
vn -0.1002958 -0.9947587 -0.0198992
v -2.4819670 1.9106300 -0.1091120
vn -0.0309001 -0.9995039 -0.0061000
v -2.4326119 1.9073880 -0.0992940
vn -0.0978954 -0.9947535 -0.0296986
v -2.4794080 1.9106300 -0.1193280
vn -0.0301002 -0.9995055 -0.0091001
v -2.4312520 1.9073880 -0.1047200
vn -0.0944959 -0.9947572 -0.0390983
v -2.4758601 1.9106300 -0.1292450
vn -0.0291001 -0.9995045 -0.0120001
v -2.4293680 1.9073880 -0.1099870
vn -0.0901961 -0.9947571 -0.0481979
v -2.4713571 1.9106300 -0.1387660
vn -0.0277002 -0.9995067 -0.0148001
v -2.4269760 1.9073880 -0.1150440
vn -0.0849967 -0.9947611 -0.0567978
v -2.4659419 1.9106300 -0.1478000
vn -0.0262001 -0.9995036 -0.0175001
v -2.4240999 1.9073880 -0.1198420
vn -0.0789969 -0.9947602 -0.0648974
v -2.4596679 1.9106300 -0.1562590
vn -0.0243002 -0.9995067 -0.0199001
v -2.4207680 1.9073880 -0.1243350
vn -0.0722971 -0.9947594 -0.0722971
v -2.4525950 1.9106300 -0.1640630
vn -0.0222002 -0.9995071 -0.0222002
v -2.4170110 1.9073880 -0.1284790
vn -0.0648974 -0.9947602 -0.0789969
v -2.4447911 1.9106300 -0.1711360
vn -0.0199001 -0.9995067 -0.0243002
v -2.4128671 1.9073880 -0.1322360
vn -0.0567973 -0.9947526 -0.0850960
v -2.4363310 1.9106300 -0.1774100
vn -0.0175001 -0.9995036 -0.0262001
v -2.4083741 1.9073880 -0.1355680
vn -0.0481979 -0.9947571 -0.0901961
v -2.4272971 1.9106300 -0.1828250
vn -0.0148001 -0.9995067 -0.0277002
v -2.4035759 1.9073880 -0.1384440
vn -0.0390983 -0.9947572 -0.0944959
v -2.4177761 1.9106300 -0.1873280
vn -0.0120001 -0.9995045 -0.0291001
v -2.3985190 1.9073880 -0.1408360
vn -0.0296986 -0.9947535 -0.0978954
v -2.4078591 1.9106300 -0.1908760
vn -0.0091001 -0.9995055 -0.0301002
v -2.3932519 1.9073880 -0.1427200
vn -0.0198992 -0.9947587 -0.1002958
v -2.3976431 1.9106300 -0.1934350
vn -0.0061000 -0.9995039 -0.0309001
v -2.3878260 1.9073880 -0.1440790
vn -0.0099995 -0.9947551 -0.1017954
v -2.3872240 1.9106300 -0.1949810
vn -0.0031000 -0.9995053 -0.0313002
v -2.3822930 1.9073880 -0.1449000
vn 0.0000000 -0.9947541 -0.1022953
v -2.3767049 1.9106300 -0.1954980
vn 0.0000000 -0.9995069 -0.0314002
v -2.3767049 1.9073880 -0.1451750
vn 0.0099995 -0.9947551 -0.1017954
v -2.3661849 1.9106300 -0.1949810
vn 0.0031000 -0.9995053 -0.0313002
v -2.3711181 1.9073880 -0.1449000
vn 0.0198992 -0.9947587 -0.1002958
v -2.3557670 1.9106300 -0.1934350
vn 0.0061000 -0.9995039 -0.0309001
v -2.3655851 1.9073880 -0.1440790
vn 0.0296986 -0.9947535 -0.0978954
v -2.3455501 1.9106300 -0.1908760
vn 0.0091001 -0.9995055 -0.0301002
v -2.3601589 1.9073880 -0.1427200
vn 0.0390983 -0.9947572 -0.0944959
v -2.3356340 1.9106300 -0.1873280
vn 0.0120001 -0.9995045 -0.0291001
v -2.3548920 1.9073880 -0.1408360
vn 0.0481979 -0.9947571 -0.0901961
v -2.3261130 1.9106300 -0.1828240
vn 0.0148001 -0.9995067 -0.0277002
v -2.3498349 1.9073880 -0.1384440
vn 0.0567978 -0.9947611 -0.0849967
v -2.3170791 1.9106300 -0.1774100
vn 0.0175001 -0.9995036 -0.0262001
v -2.3450370 1.9073880 -0.1355680
vn 0.0648969 -0.9947523 -0.0790962
v -2.3086190 1.9106300 -0.1711360
vn 0.0199001 -0.9995067 -0.0243002
v -2.3405440 1.9073880 -0.1322360
vn 0.0722971 -0.9947594 -0.0722971
v -2.3008151 1.9106300 -0.1640620
vn 0.0222002 -0.9995071 -0.0222002
v -2.3363991 1.9073880 -0.1284790
vn 0.0789969 -0.9947602 -0.0648974
v -2.2937419 1.9106300 -0.1562590
vn 0.0243002 -0.9995067 -0.0199001
v -2.3326430 1.9073880 -0.1243340
vn 0.0849967 -0.9947611 -0.0567978
v -2.2874680 1.9106300 -0.1477990
vn 0.0262001 -0.9995036 -0.0175001
v -2.3293099 1.9073880 -0.1198410
vn 0.0901961 -0.9947571 -0.0481979
v -2.2820530 1.9106300 -0.1387650
vn 0.0277002 -0.9995067 -0.0148001
v -2.3264339 1.9073880 -0.1150430
vn 0.0944959 -0.9947572 -0.0390983
v -2.2775500 1.9106300 -0.1292440
vn 0.0291001 -0.9995045 -0.0120001
v -2.3240430 1.9073880 -0.1099870
vn 0.0978954 -0.9947535 -0.0296986
v -2.2740021 1.9106300 -0.1193270
vn 0.0301002 -0.9995055 -0.0091001
v -2.3221581 1.9073880 -0.1047200
vn 0.1002958 -0.9947587 -0.0198992
v -2.2714429 1.9106300 -0.1091100
vn 0.0309001 -0.9995039 -0.0061000
v -2.3207991 1.9073880 -0.0992930
vn 0.1017954 -0.9947551 -0.0099995
v -2.2698979 1.9106300 -0.0986920
vn 0.0313002 -0.9995053 -0.0031000
v -2.3199780 1.9073880 -0.0937600
vn 0.1022953 -0.9947541 0.0000000
v -2.2693810 1.9106300 -0.0881720
vn 0.0314002 -0.9995069 0.0000000
v -2.3197041 1.9073880 -0.0881730
vn 0.1017954 -0.9947551 0.0099995
v -2.2698979 1.9106300 -0.0776530
vn 0.0313002 -0.9995053 0.0031000
v -2.3199780 1.9073880 -0.0825860
vn 0.1002958 -0.9947587 0.0198992
v -2.2714429 1.9106300 -0.0672350
vn 0.0309001 -0.9995039 0.0061000
v -2.3207991 1.9073880 -0.0770530
vn 0.0978954 -0.9947535 0.0296986
v -2.2740030 1.9106300 -0.0570180
vn 0.0301002 -0.9995055 0.0091001
v -2.3221581 1.9073880 -0.0716260
vn 0.0944959 -0.9947572 0.0390983
v -2.2775509 1.9106300 -0.0471010
vn 0.0291001 -0.9995045 0.0120001
v -2.3240430 1.9073880 -0.0663590
vn 0.0901961 -0.9947571 0.0481979
v -2.2820539 1.9106300 -0.0375800
vn 0.0277002 -0.9995067 0.0148001
v -2.3264339 1.9073880 -0.0613030
vn 0.0849967 -0.9947611 0.0567978
v -2.2874689 1.9106300 -0.0285460
vn 0.0262001 -0.9995036 0.0175001
v -2.3293099 1.9073880 -0.0565050
vn 0.0789969 -0.9947602 0.0648974
v -2.2937429 1.9106300 -0.0200870
vn 0.0243002 -0.9995067 0.0199001
v -2.3326430 1.9073880 -0.0520120
vn 0.0722971 -0.9947594 0.0722971
v -2.3008161 1.9106300 -0.0122830
vn 0.0222002 -0.9995071 0.0222002
v -2.3363991 1.9073880 -0.0478670
vn 0.0648974 -0.9947602 0.0789969
v -2.3086200 1.9106300 -0.0052100
vn 0.0199001 -0.9995067 0.0243002
v -2.3405440 1.9073880 -0.0441100
vn 0.0567973 -0.9947526 0.0850960
v -2.3170800 1.9106300 0.0010640
vn 0.0175001 -0.9995036 0.0262001
v -2.3450370 1.9073880 -0.0407780
vn 0.0481979 -0.9947571 0.0901961
v -2.3261130 1.9106300 0.0064790
vn 0.0148001 -0.9995067 0.0277002
v -2.3498349 1.9073880 -0.0379020
vn 0.0390983 -0.9947572 0.0944959
v -2.3356349 1.9106300 0.0109820
vn 0.0120001 -0.9995045 0.0291001
v -2.3548920 1.9073880 -0.0355100
vn 0.0296986 -0.9947535 0.0978954
v -2.3455510 1.9106300 0.0145300
vn 0.0091001 -0.9995055 0.0301002
v -2.3601589 1.9073880 -0.0336260
vn 0.0198992 -0.9947587 0.1002958
v -2.3557680 1.9106300 0.0170890
vn 0.0061000 -0.9995039 0.0309001
v -2.3655851 1.9073880 -0.0322670
vn 0.0099995 -0.9947551 0.1017954
v -2.3661859 1.9106300 0.0186350
vn 0.0031000 -0.9995053 0.0313002
v -2.3711181 1.9073880 -0.0314460
vn 0.0000000 -0.9839386 0.1785070
v -2.3767080 1.9171630 0.0660890
vn -0.0175008 -0.9839457 0.1776082
v -2.3918281 1.9171630 0.0653460
vn -0.0348012 -0.9839343 0.1751061
v -2.4068019 1.9171630 0.0631240
vn -0.0518022 -0.9839418 0.1708072
v -2.4214871 1.9171630 0.0594460
vn -0.0683029 -0.9839413 0.1649069
v -2.4357409 1.9171630 0.0543460
vn -0.0841039 -0.9839459 0.1574073
v -2.4494259 1.9171630 0.0478730
vn -0.0992039 -0.9839382 0.1484057
v -2.4624100 1.9171630 0.0400900
vn -0.1132047 -0.9839407 0.1380057
v -2.4745700 1.9171630 0.0310720
vn -0.1262056 -0.9839433 0.1262056
v -2.4857869 1.9171630 0.0209050
vn -0.1380057 -0.9839407 0.1132047
v -2.4959531 1.9171630 0.0096880
vn -0.1484057 -0.9839382 0.0992039
v -2.5049710 1.9171630 -0.0024720
vn -0.1574073 -0.9839459 0.0841039
v -2.5127530 1.9171630 -0.0154560
vn -0.1649069 -0.9839413 0.0683029
v -2.5192261 1.9171630 -0.0291420
vn -0.1708072 -0.9839418 0.0518022
v -2.5243261 1.9171630 -0.0433950
vn -0.1751061 -0.9839343 0.0348012
v -2.5280039 1.9171630 -0.0580800
vn -0.1776082 -0.9839457 0.0175008
v -2.5302250 1.9171630 -0.0730550
vn -0.1785070 -0.9839386 0.0000000
v -2.5309670 1.9171630 -0.0881750
vn -0.1776082 -0.9839457 -0.0175008
v -2.5302241 1.9171630 -0.1032960
vn -0.1751061 -0.9839343 -0.0348012
v -2.5280030 1.9171630 -0.1182700
vn -0.1708072 -0.9839418 -0.0518022
v -2.5243239 1.9171630 -0.1329550
vn -0.1649069 -0.9839413 -0.0683029
v -2.5192239 1.9171630 -0.1472090
vn -0.1574073 -0.9839459 -0.0841039
v -2.5127511 1.9171630 -0.1608940
vn -0.1484057 -0.9839382 -0.0992039
v -2.5049679 1.9171630 -0.1738780
vn -0.1380057 -0.9839407 -0.1132047
v -2.4959500 1.9171630 -0.1860380
vn -0.1262056 -0.9839433 -0.1262056
v -2.4857841 1.9171630 -0.1972540
vn -0.1132047 -0.9839407 -0.1380057
v -2.4745660 1.9171630 -0.2074210
vn -0.0992039 -0.9839382 -0.1484057
v -2.4624071 1.9171630 -0.2164380
vn -0.0841039 -0.9839459 -0.1574073
v -2.4494219 1.9171630 -0.2242210
vn -0.0683029 -0.9839413 -0.1649069
v -2.4357369 1.9171630 -0.2306930
vn -0.0518022 -0.9839418 -0.1708072
v -2.4214830 1.9171630 -0.2357930
vn -0.0348012 -0.9839343 -0.1751061
v -2.4067979 1.9171630 -0.2394710
vn -0.0175008 -0.9839457 -0.1776082
v -2.3918240 1.9171630 -0.2416920
vn 0.0000000 -0.9839386 -0.1785070
v -2.3767030 1.9171630 -0.2424350
vn 0.0175008 -0.9839457 -0.1776082
v -2.3615830 1.9171630 -0.2416920
vn 0.0348012 -0.9839343 -0.1751061
v -2.3466079 1.9171630 -0.2394710
vn 0.0518022 -0.9839418 -0.1708072
v -2.3319230 1.9171630 -0.2357920
vn 0.0683029 -0.9839413 -0.1649069
v -2.3176701 1.9171630 -0.2306920
vn 0.0841039 -0.9839459 -0.1574073
v -2.3039851 1.9171630 -0.2242190
vn 0.0992039 -0.9839382 -0.1484057
v -2.2909999 1.9171630 -0.2164360
vn 0.1132047 -0.9839407 -0.1380057
v -2.2788410 1.9171630 -0.2074180
vn 0.1262056 -0.9839433 -0.1262056
v -2.2676239 1.9171630 -0.1972510
vn 0.1380057 -0.9839407 -0.1132047
v -2.2574580 1.9171630 -0.1860340
vn 0.1484057 -0.9839382 -0.0992039
v -2.2484400 1.9171630 -0.1738750
vn 0.1574073 -0.9839459 -0.0841039
v -2.2406571 1.9171630 -0.1608900
vn 0.1649069 -0.9839413 -0.0683029
v -2.2341850 1.9171630 -0.1472050
vn 0.1708072 -0.9839418 -0.0518022
v -2.2290850 1.9171630 -0.1329510
vn 0.1751061 -0.9839343 -0.0348012
v -2.2254069 1.9171630 -0.1182660
vn 0.1776082 -0.9839457 -0.0175008
v -2.2231860 1.9171630 -0.1032910
vn 0.1785070 -0.9839386 0.0000000
v -2.2224431 1.9171630 -0.0881710
vn 0.1776082 -0.9839457 0.0175008
v -2.2231860 1.9171630 -0.0730510
vn 0.1751061 -0.9839343 0.0348012
v -2.2254081 1.9171630 -0.0580760
vn 0.1708072 -0.9839418 0.0518022
v -2.2290859 1.9171630 -0.0433910
vn 0.1649069 -0.9839413 0.0683029
v -2.2341869 1.9171630 -0.0291380
vn 0.1574073 -0.9839459 0.0841039
v -2.2406590 1.9171630 -0.0154530
vn 0.1484057 -0.9839382 0.0992039
v -2.2484419 1.9171630 -0.0024680
vn 0.1380057 -0.9839407 0.1132047
v -2.2574611 1.9171630 0.0096910
vn 0.1262056 -0.9839433 0.1262056
v -2.2676270 1.9171630 0.0209080
vn 0.1132047 -0.9839407 0.1380057
v -2.2788441 1.9171630 0.0310740
vn 0.0992039 -0.9839382 0.1484057
v -2.2910039 1.9171630 0.0400920
vn 0.0841039 -0.9839459 0.1574073
v -2.3039889 1.9171630 0.0478750
vn 0.0683029 -0.9839413 0.1649069
v -2.3176739 1.9171630 0.0543470
vn 0.0518022 -0.9839418 0.1708072
v -2.3319280 1.9171630 0.0594470
vn 0.0348012 -0.9839343 0.1751061
v -2.3466120 1.9171630 0.0631250
vn 0.0175008 -0.9839457 0.1776082
v -2.3615870 1.9171630 0.0653460
vn 0.0000000 -0.9658471 0.2591126
v -2.3767109 1.9268390 0.1097350
vn -0.0254009 -0.9658352 0.2579094
v -2.3961091 1.9268390 0.1087820
vn -0.0505029 -0.9658548 0.2541144
v -2.4153199 1.9268390 0.1059320
vn -0.0752046 -0.9658584 0.2479150
v -2.4341600 1.9268390 0.1012120
vn -0.0992038 -0.9658374 0.2394093
v -2.4524460 1.9268390 0.0946680
vn -0.1221067 -0.9658530 0.2285125
v -2.4700029 1.9268390 0.0863640
vn -0.1440070 -0.9658470 0.2154105
v -2.4866619 1.9268390 0.0763790
vn -0.1644068 -0.9658401 0.2003083
v -2.5022609 1.9268390 0.0648090
vn -0.1832097 -0.9658512 0.1832097
v -2.5166509 1.9268390 0.0517660
vn -0.2003083 -0.9658400 0.1644068
v -2.5296941 1.9268390 0.0373750
vn -0.2154136 -0.9658609 0.1439091
v -2.5412631 1.9268390 0.0217750
vn -0.2285125 -0.9658530 0.1221067
v -2.5512469 1.9268390 0.0051160
vn -0.2394116 -0.9658470 0.0991048
v -2.5595510 1.9268390 -0.0124420
vn -0.2479150 -0.9658584 0.0752046
v -2.5660930 1.9268390 -0.0307280
vn -0.2541144 -0.9658548 0.0505029
v -2.5708120 1.9268390 -0.0495680
vn -0.2579094 -0.9658352 0.0254009
v -2.5736611 1.9268390 -0.0687800
vn -0.2591126 -0.9658471 0.0000000
v -2.5746140 1.9268390 -0.0881780
vn -0.2579094 -0.9658352 -0.0254009
v -2.5736599 1.9268390 -0.1075770
vn -0.2541144 -0.9658548 -0.0505029
v -2.5708101 1.9268390 -0.1267880
vn -0.2479150 -0.9658584 -0.0752046
v -2.5660901 1.9268390 -0.1456280
vn -0.2394093 -0.9658374 -0.0992038
v -2.5595469 1.9268390 -0.1639140
vn -0.2285125 -0.9658530 -0.1221067
v -2.5512431 1.9268390 -0.1814710
vn -0.2154105 -0.9658470 -0.1440070
v -2.5412569 1.9268390 -0.1981290
vn -0.2003083 -0.9658400 -0.1644068
v -2.5296869 1.9268390 -0.2137290
vn -0.1832097 -0.9658512 -0.1832097
v -2.5166440 1.9268390 -0.2281190
vn -0.1644068 -0.9658401 -0.2003083
v -2.5022531 1.9268390 -0.2411620
vn -0.1439091 -0.9658609 -0.2154136
v -2.4866531 1.9268390 -0.2527310
vn -0.1221067 -0.9658530 -0.2285125
v -2.4699941 1.9268390 -0.2627150
vn -0.0991048 -0.9658470 -0.2394116
v -2.4524369 1.9268390 -0.2710190
vn -0.0752046 -0.9658584 -0.2479150
v -2.4341500 1.9268390 -0.2775610
vn -0.0505029 -0.9658548 -0.2541144
v -2.4153099 1.9268390 -0.2822800
vn -0.0254009 -0.9658352 -0.2579094
v -2.3960991 1.9268390 -0.2851290
vn 0.0000000 -0.9658471 -0.2591126
v -2.3766999 1.9268390 -0.2860810
vn 0.0254009 -0.9658352 -0.2579094
v -2.3573020 1.9268390 -0.2851280
vn 0.0505029 -0.9658548 -0.2541144
v -2.3380899 1.9268390 -0.2822780
vn 0.0752046 -0.9658584 -0.2479150
v -2.3192511 1.9268390 -0.2775580
vn 0.0992038 -0.9658374 -0.2394093
v -2.3009641 1.9268390 -0.2710150
vn 0.1221067 -0.9658530 -0.2285125
v -2.2834070 1.9268390 -0.2627100
vn 0.1440070 -0.9658470 -0.2154105
v -2.2667489 1.9268390 -0.2527250
vn 0.1644068 -0.9658401 -0.2003083
v -2.2511499 1.9268390 -0.2411550
vn 0.1832097 -0.9658512 -0.1832097
v -2.2367589 1.9268390 -0.2281120
vn 0.2003083 -0.9658400 -0.1644068
v -2.2237170 1.9268390 -0.2137210
vn 0.2154136 -0.9658609 -0.1439091
v -2.2121480 1.9268390 -0.1981210
vn 0.2285125 -0.9658530 -0.1221067
v -2.2021630 1.9268390 -0.1814620
vn 0.2394116 -0.9658470 -0.0991048
v -2.1938601 1.9268390 -0.1639040
vn 0.2479150 -0.9658584 -0.0752046
v -2.1873169 1.9268390 -0.1456180
vn 0.2541144 -0.9658548 -0.0505029
v -2.1825991 1.9268390 -0.1267780
vn 0.2579094 -0.9658352 -0.0254009
v -2.1797490 1.9268390 -0.1075660
vn 0.2591126 -0.9658471 0.0000000
v -2.1787970 1.9268390 -0.0881680
vn 0.2579094 -0.9658352 0.0254009
v -2.1797500 1.9268390 -0.0687690
vn 0.2541144 -0.9658548 0.0505029
v -2.1826010 1.9268390 -0.0495580
vn 0.2479150 -0.9658584 0.0752046
v -2.1873200 1.9268390 -0.0307180
vn 0.2394093 -0.9658374 0.0992038
v -2.1938641 1.9268390 -0.0124320
vn 0.2285125 -0.9658530 0.1221067
v -2.2021680 1.9268390 0.0051250
vn 0.2154105 -0.9658470 0.1440070
v -2.2121530 1.9268390 0.0217830
vn 0.2003083 -0.9658400 0.1644068
v -2.2237229 1.9268390 0.0373830
vn 0.1832097 -0.9658512 0.1832097
v -2.2367671 1.9268390 0.0517730
vn 0.1644068 -0.9658401 0.2003083
v -2.2511580 1.9268390 0.0648150
vn 0.1439091 -0.9658609 0.2154136
v -2.2667580 1.9268390 0.0763850
vn 0.1221067 -0.9658530 0.2285125
v -2.2834170 1.9268390 0.0863690
vn 0.0991048 -0.9658470 0.2394116
v -2.3009739 1.9268390 0.0946720
vn 0.0752046 -0.9658584 0.2479150
v -2.3192611 1.9268390 0.1012150
vn 0.0505029 -0.9658548 0.2541144
v -2.3381000 1.9268390 0.1059340
vn 0.0254009 -0.9658352 0.2579094
v -2.3573120 1.9268390 0.1087830
vn 0.0000000 -0.9394075 0.3428027
v -2.3767149 1.9395061 0.1501850
vn -0.0336008 -0.9394233 0.3411084
v -2.4000790 1.9395061 0.1490360
vn -0.0669007 -0.9394102 0.3362036
v -2.4232171 1.9395061 0.1456030
vn -0.0995022 -0.9394204 0.3280071
v -2.4459071 1.9395061 0.1399180
vn -0.1312010 -0.9394072 0.3167025
v -2.4679301 1.9395061 0.1320370
vn -0.1616022 -0.9394131 0.3023042
v -2.4890749 1.9395061 0.1220350
vn -0.1904048 -0.9394237 0.2850072
v -2.5091381 1.9395061 0.1100080
vn -0.2174101 -0.9394436 0.2649123
v -2.5279260 1.9395061 0.0960730
vn -0.2424074 -0.9394285 0.2423074
v -2.5452571 1.9395061 0.0803640
vn -0.2650053 -0.9394187 0.2174043
v -2.5609651 1.9395061 0.0630320
vn -0.2850072 -0.9394237 0.1904048
v -2.5748980 1.9395061 0.0442430
vn -0.3023042 -0.9394131 0.1616022
v -2.5869229 1.9395061 0.0241790
vn -0.3167066 -0.9394196 0.1311027
v -2.5969231 1.9395061 0.0030330
vn -0.3280071 -0.9394204 0.0995022
v -2.6048019 1.9395061 -0.0189910
vn -0.3362059 -0.9394164 0.0668012
v -2.6104851 1.9395061 -0.0416820
vn -0.3411084 -0.9394233 0.0336008
v -2.6139159 1.9395061 -0.0648200
vn -0.3428027 -0.9394075 0.0000000
v -2.6150630 1.9395061 -0.0881830
vn -0.3411084 -0.9394233 -0.0336008
v -2.6139140 1.9395061 -0.1115460
vn -0.3362036 -0.9394102 -0.0669007
v -2.6104810 1.9395061 -0.1346840
vn -0.3280071 -0.9394204 -0.0995022
v -2.6047959 1.9395061 -0.1573740
vn -0.3167025 -0.9394072 -0.1312010
v -2.5969150 1.9395061 -0.1793980
vn -0.3023042 -0.9394131 -0.1616022
v -2.5869131 1.9395061 -0.2005430
vn -0.2850072 -0.9394237 -0.1904048
v -2.5748870 1.9395061 -0.2206060
vn -0.2649123 -0.9394436 -0.2174101
v -2.5609519 1.9395061 -0.2393930
vn -0.2423074 -0.9394285 -0.2424074
v -2.5452430 1.9395061 -0.2567250
vn -0.2174043 -0.9394187 -0.2650053
v -2.5279100 1.9395061 -0.2724320
vn -0.1904048 -0.9394237 -0.2850072
v -2.5091209 1.9395061 -0.2863660
vn -0.1616022 -0.9394131 -0.3023042
v -2.4890571 1.9395061 -0.2983910
vn -0.1311027 -0.9394196 -0.3167066
v -2.4679110 1.9395061 -0.3083910
vn -0.0995022 -0.9394204 -0.3280071
v -2.4458871 1.9395061 -0.3162701
vn -0.0668012 -0.9394164 -0.3362059
v -2.4231970 1.9395061 -0.3219530
vn -0.0336008 -0.9394233 -0.3411084
v -2.4000580 1.9395061 -0.3253840
vn 0.0000000 -0.9394075 -0.3428027
v -2.3766949 1.9395061 -0.3265310
vn 0.0336008 -0.9394233 -0.3411084
v -2.3533320 1.9395061 -0.3253821
vn 0.0669007 -0.9394102 -0.3362036
v -2.3301940 1.9395061 -0.3219491
vn 0.0995022 -0.9394204 -0.3280071
v -2.3075039 1.9395061 -0.3162640
vn 0.1312010 -0.9394072 -0.3167025
v -2.2854800 1.9395061 -0.3083830
vn 0.1616022 -0.9394131 -0.3023042
v -2.2643349 1.9395061 -0.2983810
vn 0.1904048 -0.9394237 -0.2850072
v -2.2442720 1.9395061 -0.2863550
vn 0.2174101 -0.9394436 -0.2649123
v -2.2254851 1.9395061 -0.2724200
vn 0.2424074 -0.9394285 -0.2423074
v -2.2081540 1.9395061 -0.2567100
vn 0.2650053 -0.9394187 -0.2174043
v -2.1924460 1.9395061 -0.2393780
vn 0.2850072 -0.9394237 -0.1904048
v -2.1785131 1.9395061 -0.2205890
vn 0.3023042 -0.9394131 -0.1616022
v -2.1664879 1.9395061 -0.2005250
vn 0.3167066 -0.9394196 -0.1311027
v -2.1564879 1.9395061 -0.1793790
vn 0.3280071 -0.9394204 -0.0995022
v -2.1486080 1.9395061 -0.1573550
vn 0.3362059 -0.9394164 -0.0668012
v -2.1429260 1.9395061 -0.1346640
vn 0.3411084 -0.9394233 -0.0336008
v -2.1394939 1.9395061 -0.1115260
vn 0.3428027 -0.9394075 0.0000000
v -2.1383481 1.9395061 -0.0881630
vn 0.3411084 -0.9394233 0.0336008
v -2.1394970 1.9395061 -0.0648000
vn 0.3362036 -0.9394102 0.0669007
v -2.1429300 1.9395061 -0.0416620
vn 0.3280071 -0.9394204 0.0995022
v -2.1486139 1.9395061 -0.0189720
vn 0.3167025 -0.9394072 0.1312010
v -2.1564960 1.9395061 0.0030520
vn 0.3023042 -0.9394131 0.1616022
v -2.1664970 1.9395061 0.0241970
vn 0.2850072 -0.9394237 0.1904048
v -2.1785240 1.9395061 0.0442600
vn 0.2649123 -0.9394436 0.2174101
v -2.1924591 1.9395061 0.0630470
vn 0.2423074 -0.9394285 0.2424074
v -2.2081680 1.9395061 0.0803780
vn 0.2174043 -0.9394187 0.2650053
v -2.2255011 1.9395061 0.0960860
vn 0.1904048 -0.9394237 0.2850072
v -2.2442889 1.9395061 0.1100200
vn 0.1616022 -0.9394131 0.3023042
v -2.2643530 1.9395061 0.1220440
vn 0.1311027 -0.9394196 0.3167066
v -2.2854991 1.9395061 0.1320450
vn 0.0995022 -0.9394204 0.3280071
v -2.3075230 1.9395061 0.1399240
vn 0.0668012 -0.9394164 0.3362059
v -2.3302140 1.9395061 0.1456070
vn 0.0336008 -0.9394233 0.3411084
v -2.3533530 1.9395061 0.1490380
vn 0.0000000 -0.9039739 0.4275877
v -2.3767231 1.9550149 0.1875310
vn -0.0418995 -0.9039901 0.4254954
v -2.4037471 1.9550149 0.1862020
vn -0.0833972 -0.9039693 0.4193858
v -2.4305100 1.9550149 0.1822300
vn -0.1240962 -0.9039722 0.4091874
v -2.4567549 1.9550149 0.1756540
vn -0.1635995 -0.9039973 0.3949988
v -2.4822290 1.9550149 0.1665370
vn -0.2015937 -0.9039716 0.3770881
v -2.5066869 1.9550149 0.1549680
vn -0.2375941 -0.9039774 0.3554911
v -2.5298929 1.9550149 0.1410570
vn -0.2712006 -0.9040020 0.3305007
v -2.5516241 1.9550149 0.1249380
vn -0.3023021 -0.9040061 0.3023021
v -2.5716701 1.9550149 0.1067670
vn -0.3305007 -0.9040020 0.2712006
v -2.5898390 1.9550149 0.0867180
vn -0.3554996 -0.9039989 0.2374997
v -2.6059549 1.9550149 0.0649850
vn -0.3770958 -0.9039898 0.2014977
v -2.6198630 1.9550149 0.0417770
vn -0.3949988 -0.9039973 0.1635995
v -2.6314290 1.9550149 0.0173180
vn -0.4091875 -0.9039723 0.1240962
v -2.6405430 1.9550149 -0.0081570
vn -0.4193858 -0.9039693 0.0833972
v -2.6471150 1.9550149 -0.0344030
vn -0.4254954 -0.9039901 0.0418995
v -2.6510830 1.9550149 -0.0611670
vn -0.4275877 -0.9039739 0.0000000
v -2.6524091 1.9550149 -0.0881910
vn -0.4254954 -0.9039901 -0.0418995
v -2.6510799 1.9550149 -0.1152140
vn -0.4193858 -0.9039693 -0.0833972
v -2.6471081 1.9550149 -0.1419770
vn -0.4091875 -0.9039723 -0.1240962
v -2.6405320 1.9550149 -0.1682230
vn -0.3949988 -0.9039973 -0.1635995
v -2.6314161 1.9550149 -0.1936970
vn -0.3770881 -0.9039716 -0.2015937
v -2.6198461 1.9550149 -0.2181550
vn -0.3554912 -0.9039775 -0.2375941
v -2.6059351 1.9550149 -0.2413610
vn -0.3305007 -0.9040020 -0.2712006
v -2.5898161 1.9550149 -0.2630910
vn -0.3023021 -0.9040061 -0.3023021
v -2.5716450 1.9550149 -0.2831380
vn -0.2712006 -0.9040020 -0.3305007
v -2.5515959 1.9550149 -0.3013061
vn -0.2374997 -0.9039989 -0.3554996
v -2.5298641 1.9550149 -0.3174220
vn -0.2014977 -0.9039898 -0.3770958
v -2.5066559 1.9550149 -0.3313310
vn -0.1635995 -0.9039973 -0.3949988
v -2.4821961 1.9550149 -0.3428970
vn -0.1240962 -0.9039722 -0.4091874
v -2.4567211 1.9550149 -0.3520101
vn -0.0833972 -0.9039693 -0.4193858
v -2.4304750 1.9550149 -0.3585830
vn -0.0418995 -0.9039901 -0.4254954
v -2.4037120 1.9550149 -0.3625510
vn 0.0000000 -0.9039739 -0.4275877
v -2.3766880 1.9550149 -0.3638770
vn 0.0418995 -0.9039901 -0.4254954
v -2.3496640 1.9550149 -0.3625481
vn 0.0833972 -0.9039693 -0.4193858
v -2.3229010 1.9550149 -0.3585760
vn 0.1240962 -0.9039722 -0.4091874
v -2.2966559 1.9550149 -0.3520001
vn 0.1635995 -0.9039973 -0.3949988
v -2.2711821 1.9550149 -0.3428840
vn 0.2015937 -0.9039716 -0.3770881
v -2.2467239 1.9550149 -0.3313140
vn 0.2375941 -0.9039774 -0.3554911
v -2.2235179 1.9550149 -0.3174030
vn 0.2712006 -0.9040020 -0.3305007
v -2.2017870 1.9550149 -0.3012840
vn 0.3023021 -0.9040061 -0.3023021
v -2.1817410 1.9550149 -0.2831130
vn 0.3305007 -0.9040020 -0.2712006
v -2.1635721 1.9550149 -0.2630640
vn 0.3554996 -0.9039989 -0.2374997
v -2.1474559 1.9550149 -0.2413310
vn 0.3770958 -0.9039898 -0.2014977
v -2.1335480 1.9550149 -0.2181230
vn 0.3949988 -0.9039973 -0.1635995
v -2.1219809 1.9550149 -0.1936640
vn 0.4091875 -0.9039723 -0.1240962
v -2.1128681 1.9550149 -0.1681890
vn 0.4193858 -0.9039693 -0.0833972
v -2.1062961 1.9550149 -0.1419430
vn 0.4254954 -0.9039901 -0.0418995
v -2.1023271 1.9550149 -0.1151790
vn 0.4275877 -0.9039739 0.0000000
v -2.1010020 1.9550149 -0.0881550
vn 0.4254954 -0.9039901 0.0418995
v -2.1023309 1.9550149 -0.0611320
vn 0.4193858 -0.9039693 0.0833972
v -2.1063020 1.9550149 -0.0343690
vn 0.4091875 -0.9039723 0.1240962
v -2.1128781 1.9550149 -0.0081240
vn 0.3949988 -0.9039973 0.1635995
v -2.1219950 1.9550149 0.0173510
vn 0.3770881 -0.9039716 0.2015937
v -2.1335640 1.9550149 0.0418080
vn 0.3554912 -0.9039775 0.2375941
v -2.1474760 1.9550149 0.0650140
vn 0.3305007 -0.9040020 0.2712006
v -2.1635940 1.9550149 0.0867450
vn 0.3023021 -0.9040061 0.3023021
v -2.1817660 1.9550149 0.1067920
vn 0.2712006 -0.9040020 0.3305007
v -2.2018139 1.9550149 0.1249600
vn 0.2374997 -0.9039989 0.3554996
v -2.2235470 1.9550149 0.1410760
vn 0.2014977 -0.9039898 0.3770958
v -2.2467549 1.9550149 0.1549840
vn 0.1635995 -0.9039973 0.3949988
v -2.2712140 1.9550149 0.1665510
vn 0.1240962 -0.9039722 0.4091874
v -2.2966900 1.9550149 0.1756640
vn 0.0833972 -0.9039693 0.4193858
v -2.3229361 1.9550149 0.1822370
vn 0.0418995 -0.9039901 0.4254954
v -2.3496990 1.9550149 0.1862050
vn 0.0000000 -0.8594017 0.5113011
v -2.3767331 1.9732150 0.2218680
vn -0.0501011 -0.8594190 0.5088113
v -2.4071231 1.9732150 0.2203730
vn -0.0998035 -0.8594300 0.5014175
v -2.4372189 1.9732150 0.2159050
vn -0.1484069 -0.8594397 0.4892226
v -2.4667320 1.9732150 0.2085100
vn -0.1957065 -0.8594283 0.4723155
v -2.4953790 1.9732150 0.1982570
vn -0.2410048 -0.8594171 0.4509090
v -2.5228820 1.9732150 0.1852460
vn -0.2841013 -0.8594038 0.4251019
v -2.5489781 1.9732150 0.1696010
vn -0.3244022 -0.8594057 0.3952027
v -2.5734150 1.9732150 0.1514740
vn -0.3615991 -0.8593978 0.3614991
v -2.5959580 1.9732150 0.1310390
vn -0.3952155 -0.8594336 0.3243127
v -2.6163881 1.9732150 0.1084930
vn -0.4251959 -0.8593917 0.2839973
v -2.6345110 1.9732150 0.0840530
vn -0.4509090 -0.8594171 0.2410048
v -2.6501510 1.9732150 0.0579550
vn -0.4724025 -0.8594045 0.1956010
v -2.6631570 1.9732150 0.0304490
vn -0.4892987 -0.8593977 0.1483996
v -2.6734040 1.9732150 0.0018000
vn -0.5014974 -0.8593954 0.0996995
v -2.6807950 1.9732150 -0.0277140
vn -0.5088113 -0.8594190 0.0501011
v -2.6852560 1.9732150 -0.0578110
vn -0.5113011 -0.8594017 -0.0000000
v -2.6867471 1.9732150 -0.0882010
vn -0.5088113 -0.8594190 -0.0501011
v -2.6852510 1.9732150 -0.1185900
vn -0.5014175 -0.8594300 -0.0998035
v -2.6807840 1.9732150 -0.1486870
vn -0.4892226 -0.8594397 -0.1484069
v -2.6733880 1.9732150 -0.1782000
vn -0.4723155 -0.8594283 -0.1957065
v -2.6631360 1.9732150 -0.2068470
vn -0.4509090 -0.8594171 -0.2410048
v -2.6501241 1.9732150 -0.2343500
vn -0.4251019 -0.8594038 -0.2841013
v -2.6344800 1.9732150 -0.2604460
vn -0.3952027 -0.8594057 -0.3244022
v -2.6163530 1.9732150 -0.2848830
vn -0.3614991 -0.8593978 -0.3615991
v -2.5959179 1.9732150 -0.3074250
vn -0.3243127 -0.8594336 -0.3952155
v -2.5733719 1.9732150 -0.3278560
vn -0.2839973 -0.8593917 -0.4251959
v -2.5489321 1.9732150 -0.3459790
vn -0.2410048 -0.8594171 -0.4509090
v -2.5228331 1.9732150 -0.3616180
vn -0.1956010 -0.8594045 -0.4724025
v -2.4953270 1.9732150 -0.3746250
vn -0.1483996 -0.8593977 -0.4892987
v -2.4666791 1.9732150 -0.3848720
vn -0.0996995 -0.8593954 -0.5014974
v -2.4371641 1.9732150 -0.3922630
vn -0.0501011 -0.8594190 -0.5088113
v -2.4070671 1.9732150 -0.3967240
vn 0.0000000 -0.8594017 -0.5113011
v -2.3766780 1.9732150 -0.3982140
vn 0.0501011 -0.8594190 -0.5088113
v -2.3462880 1.9732150 -0.3967190
vn 0.0998035 -0.8594300 -0.5014175
v -2.3161919 1.9732150 -0.3922520
vn 0.1484069 -0.8594397 -0.4892226
v -2.2866781 1.9732150 -0.3848560
vn 0.1957065 -0.8594283 -0.4723155
v -2.2580321 1.9732150 -0.3746030
vn 0.2410990 -0.8593964 -0.4508981
v -2.2305281 1.9732150 -0.3615920
vn 0.2841013 -0.8594038 -0.4251019
v -2.2044320 1.9732150 -0.3459470
vn 0.3244022 -0.8594057 -0.3952027
v -2.1799960 1.9732150 -0.3278200
vn 0.3615991 -0.8593978 -0.3614991
v -2.1574531 1.9732150 -0.3073860
vn 0.3952155 -0.8594336 -0.3243127
v -2.1370220 1.9732150 -0.2848400
vn 0.4251959 -0.8593917 -0.2839973
v -2.1189001 1.9732150 -0.2604000
vn 0.4509090 -0.8594171 -0.2410048
v -2.1032600 1.9732150 -0.2343010
vn 0.4724025 -0.8594045 -0.1956010
v -2.0902541 1.9732150 -0.2067950
vn 0.4892987 -0.8593977 -0.1483996
v -2.0800059 1.9732150 -0.1781470
vn 0.5014974 -0.8593954 -0.0996995
v -2.0726161 1.9732150 -0.1486320
vn 0.5088113 -0.8594190 -0.0501011
v -2.0681541 1.9732150 -0.1185350
vn 0.5113011 -0.8594017 0.0000000
v -2.0666640 1.9732150 -0.0881450
vn 0.5088113 -0.8594190 0.0501011
v -2.0681601 1.9732150 -0.0577560
vn 0.5014175 -0.8594300 0.0998035
v -2.0726271 1.9732150 -0.0276600
vn 0.4892226 -0.8594397 0.1484069
v -2.0800231 1.9732150 0.0018540
vn 0.4723155 -0.8594283 0.1957065
v -2.0902750 1.9732150 0.0305000
vn 0.4509090 -0.8594171 0.2410048
v -2.1032870 1.9732150 0.0580040
vn 0.4251019 -0.8594038 0.2841013
v -2.1189311 1.9732150 0.0841000
vn 0.3952027 -0.8594057 0.3244022
v -2.1370580 1.9732150 0.1085370
vn 0.3614991 -0.8593978 0.3615991
v -2.1574931 1.9732150 0.1310790
vn 0.3243127 -0.8594336 0.3952155
v -2.1800389 1.9732150 0.1515100
vn 0.2839973 -0.8593917 0.4251959
v -2.2044790 1.9732150 0.1696320
vn 0.2410048 -0.8594171 0.4509090
v -2.2305770 1.9732150 0.1852720
vn 0.1956010 -0.8594045 0.4724025
v -2.2580841 1.9732150 0.1982780
vn 0.1483996 -0.8593977 0.4892987
v -2.2867320 1.9732150 0.2085260
vn 0.0996995 -0.8593954 0.5014974
v -2.3162470 1.9732150 0.2159160
vn 0.0501011 -0.8594190 0.5088113
v -2.3463440 1.9732150 0.2203780
vn -0.0001000 -0.8063033 0.5915024
v -2.3767469 1.9939560 0.2532910
vn -0.0579985 -0.8062793 0.5886849
v -2.4102161 1.9939560 0.2516430
vn -0.1155014 -0.8063097 0.5801070
v -2.4433620 1.9939560 0.2467220
vn -0.1718008 -0.8063037 0.5660026
v -2.4758670 1.9939560 0.2385750
vn -0.2263956 -0.8062843 0.5464894
v -2.5074160 1.9939560 0.2272830
vn -0.2789040 -0.8063115 0.5216075
v -2.5377071 1.9939560 0.2129520
vn -0.3286950 -0.8062877 0.4917925
v -2.5664470 1.9939560 0.1957210
vn -0.3752997 -0.8062994 0.4571997
v -2.5933599 1.9939560 0.1757560
vn -0.4183030 -0.8063057 0.4182030
v -2.6181860 1.9939560 0.1532490
vn -0.4572959 -0.8062928 0.3751966
v -2.6406870 1.9939560 0.1284170
vn -0.4918845 -0.8062745 0.3285896
v -2.6606450 1.9939560 0.1014990
vn -0.5216948 -0.8062919 0.2787972
v -2.6778691 1.9939560 0.0727550
vn -0.5465018 -0.8063025 0.2263007
v -2.6921930 1.9939560 0.0424610
vn -0.5660900 -0.8062857 0.1715970
v -2.7034781 1.9939560 0.0109090
vn -0.5801867 -0.8062815 0.1152974
v -2.7116160 1.9939560 -0.0215980
vn -0.5886883 -0.8062840 0.0578989
v -2.7165289 1.9939560 -0.0547450
vn -0.5915024 -0.8063033 -0.0001000
v -2.7181690 1.9939560 -0.0882150
vn -0.5886849 -0.8062793 -0.0579985
v -2.7165210 1.9939560 -0.1216840
vn -0.5801070 -0.8063097 -0.1155014
v -2.7116001 1.9939560 -0.1548300
vn -0.5660026 -0.8063037 -0.1718008
v -2.7034540 1.9939560 -0.1873350
vn -0.5464894 -0.8062843 -0.2263956
v -2.6921611 1.9939560 -0.2188840
vn -0.5216075 -0.8063115 -0.2789040
v -2.6778300 1.9939560 -0.2491750
vn -0.4917925 -0.8062877 -0.3286950
v -2.6605990 1.9939560 -0.2779150
vn -0.4571997 -0.8062994 -0.3752997
v -2.6406341 1.9939560 -0.3048280
vn -0.4182030 -0.8063057 -0.4183030
v -2.6181271 1.9939560 -0.3296540
vn -0.3751966 -0.8062928 -0.4572959
v -2.5932961 1.9939560 -0.3521550
vn -0.3285896 -0.8062745 -0.4918845
v -2.5663781 1.9939560 -0.3721130
vn -0.2787972 -0.8062919 -0.5216948
v -2.5376329 1.9939560 -0.3893370
vn -0.2263007 -0.8063025 -0.5465018
v -2.5073390 1.9939560 -0.4036610
vn -0.1715970 -0.8062857 -0.5660900
v -2.4757869 1.9939560 -0.4149460
vn -0.1152974 -0.8062815 -0.5801867
v -2.4432809 1.9939560 -0.4230840
vn -0.0578989 -0.8062840 -0.5886883
v -2.4101329 1.9939560 -0.4279971
vn 0.0001000 -0.8063033 -0.5915024
v -2.3766639 1.9939560 -0.4296370
vn 0.0579985 -0.8062793 -0.5886849
v -2.3431940 1.9939560 -0.4279891
vn 0.1155014 -0.8063097 -0.5801070
v -2.3100481 1.9939560 -0.4230680
vn 0.1718008 -0.8063037 -0.5660026
v -2.2775440 1.9939560 -0.4149221
vn 0.2263956 -0.8062843 -0.5464894
v -2.2459941 1.9939560 -0.4036290
vn 0.2789040 -0.8063115 -0.5216075
v -2.2157030 1.9939560 -0.3892980
vn 0.3286950 -0.8062877 -0.4917925
v -2.1869640 1.9939560 -0.3720670
vn 0.3752997 -0.8062994 -0.4571997
v -2.1600511 1.9939560 -0.3521020
vn 0.4183030 -0.8063057 -0.4182030
v -2.1352241 1.9939560 -0.3295950
vn 0.4572959 -0.8062928 -0.3751966
v -2.1127241 1.9939560 -0.3047630
vn 0.4918845 -0.8062745 -0.3285896
v -2.0927651 1.9939560 -0.2778460
vn 0.5216948 -0.8062919 -0.2787972
v -2.0755410 1.9939560 -0.2491010
vn 0.5465018 -0.8063025 -0.2263007
v -2.0612180 1.9939560 -0.2188070
vn 0.5660900 -0.8062857 -0.1715970
v -2.0499330 1.9939560 -0.1872550
vn 0.5801867 -0.8062815 -0.1152974
v -2.0417950 1.9939560 -0.1547480
vn 0.5886883 -0.8062840 -0.0578989
v -2.0368819 1.9939560 -0.1216010
vn 0.5915024 -0.8063033 0.0001000
v -2.0352409 1.9939560 -0.0881310
vn 0.5886849 -0.8062793 0.0579985
v -2.0368900 1.9939560 -0.0546620
vn 0.5801070 -0.8063097 0.1155014
v -2.0418110 1.9939560 -0.0215160
vn 0.5660026 -0.8063037 0.1718008
v -2.0499570 1.9939560 0.0109890
vn 0.5464894 -0.8062843 0.2263956
v -2.0612500 1.9939560 0.0425380
vn 0.5216075 -0.8063115 0.2789040
v -2.0755811 1.9939560 0.0728290
vn 0.4917925 -0.8062877 0.3286950
v -2.0928121 1.9939560 0.1015690
vn 0.4571997 -0.8062994 0.3752997
v -2.1127770 1.9939560 0.1284820
vn 0.4182030 -0.8063057 0.4183030
v -2.1352830 1.9939560 0.1533080
vn 0.3751966 -0.8062928 0.4572959
v -2.1601150 1.9939560 0.1758090
vn 0.3285896 -0.8062745 0.4918845
v -2.1870329 1.9939560 0.1957670
vn 0.2787972 -0.8062919 0.5216948
v -2.2157769 1.9939560 0.2129910
vn 0.2263007 -0.8063025 0.5465018
v -2.2460711 1.9939560 0.2273140
vn 0.1715970 -0.8062857 0.5660900
v -2.2776239 1.9939560 0.2386000
vn 0.1152974 -0.8062815 0.5801867
v -2.3101299 1.9939560 0.2467380
vn 0.0578989 -0.8062840 0.5886883
v -2.3432779 1.9939560 0.2516510
vn -0.0001000 -0.7458791 0.6660814
v -2.3767650 2.0170879 0.2818930
vn -0.0653974 -0.7458701 0.6628734
v -2.4130371 2.0170879 0.2801050
vn -0.1300041 -0.7459235 0.6532206
v -2.4489601 2.0170879 0.2747700
vn -0.1934076 -0.7459292 0.6373250
v -2.4841869 2.0170879 0.2659410
vn -0.2550018 -0.7459053 0.6153044
v -2.5183780 2.0170879 0.2537000
vn -0.3140899 -0.7458760 0.5873811
v -2.5512061 2.0170879 0.2381680
vn -0.3700935 -0.7458869 0.5537902
v -2.5823519 2.0170879 0.2194920
vn -0.4226050 -0.7459087 0.5148061
v -2.6115191 2.0170879 0.1978540
vn -0.4710885 -0.7458818 0.4708885
v -2.6384230 2.0170879 0.1734610
vn -0.5149013 -0.7459018 0.4225011
v -2.6628079 2.0170879 0.1465480
vn -0.5539006 -0.7459008 0.3699004
v -2.6844370 2.0170879 0.1173750
vn -0.5874835 -0.7458791 0.3138912
v -2.7031021 2.0170879 0.0862220
vn -0.6153979 -0.7458974 0.2547991
v -2.7186241 2.0170879 0.0533900
vn -0.6374090 -0.7459105 0.1932027
v -2.7308540 2.0170879 0.0191950
vn -0.6532949 -0.7458941 0.1297990
v -2.7396719 2.0170879 -0.0160350
vn -0.6628820 -0.7458798 0.0651982
v -2.7449951 2.0170879 -0.0519590
vn -0.6660814 -0.7458791 -0.0001000
v -2.7467711 2.0170879 -0.0882320
vn -0.6628734 -0.7458701 -0.0653974
v -2.7449830 2.0170879 -0.1245050
vn -0.6532206 -0.7459235 -0.1300041
v -2.7396491 2.0170879 -0.1604280
vn -0.6373250 -0.7459292 -0.1934076
v -2.7308190 2.0170879 -0.1956540
vn -0.6153044 -0.7459053 -0.2550018
v -2.7185791 2.0170879 -0.2298460
vn -0.5873811 -0.7458760 -0.3140899
v -2.7030461 2.0170879 -0.2626730
vn -0.5537903 -0.7458869 -0.3700935
v -2.6843710 2.0170879 -0.2938200
vn -0.5148061 -0.7459087 -0.4226050
v -2.6627319 2.0170879 -0.3229861
vn -0.4708885 -0.7458818 -0.4710885
v -2.6383400 2.0170879 -0.3498910
vn -0.4225011 -0.7459018 -0.5149013
v -2.6114271 2.0170879 -0.3742750
vn -0.3699004 -0.7459008 -0.5539006
v -2.5822530 2.0170879 -0.3959050
vn -0.3138912 -0.7458791 -0.5874835
v -2.5511010 2.0170879 -0.4145700
vn -0.2547991 -0.7458974 -0.6153979
v -2.5182691 2.0170879 -0.4300920
vn -0.1932027 -0.7459105 -0.6374090
v -2.4840729 2.0170879 -0.4423210
vn -0.1297990 -0.7458941 -0.6532949
v -2.4488430 2.0170879 -0.4511400
vn -0.0651982 -0.7458798 -0.6628820
v -2.4129190 2.0170879 -0.4564630
vn 0.0001000 -0.7458791 -0.6660814
v -2.3766460 2.0170879 -0.4582390
vn 0.0653974 -0.7458701 -0.6628734
v -2.3403740 2.0170879 -0.4564510
vn 0.1300041 -0.7459235 -0.6532206
v -2.3044510 2.0170879 -0.4511170
vn 0.1934076 -0.7459292 -0.6373250
v -2.2692239 2.0170879 -0.4422870
vn 0.2550018 -0.7459053 -0.6153044
v -2.2350330 2.0170879 -0.4300470
vn 0.3140899 -0.7458760 -0.5873811
v -2.2022049 2.0170879 -0.4145140
vn 0.3700935 -0.7458869 -0.5537902
v -2.1710579 2.0170879 -0.3958390
vn 0.4226050 -0.7459087 -0.5148061
v -2.1418920 2.0170879 -0.3742000
vn 0.4710885 -0.7458818 -0.4708885
v -2.1149869 2.0170879 -0.3498070
vn 0.5149013 -0.7459018 -0.4225011
v -2.0906031 2.0170879 -0.3228950
vn 0.5539006 -0.7459008 -0.3699004
v -2.0689740 2.0170879 -0.2937210
vn 0.5874835 -0.7458791 -0.3138912
v -2.0503080 2.0170879 -0.2625690
vn 0.6153979 -0.7458974 -0.2547991
v -2.0347860 2.0170879 -0.2297360
vn 0.6374090 -0.7459105 -0.1932027
v -2.0225570 2.0170879 -0.1955410
vn 0.6532949 -0.7458941 -0.1297990
v -2.0137391 2.0170879 -0.1603110
vn 0.6628820 -0.7458798 -0.0651982
v -2.0084159 2.0170879 -0.1243870
vn 0.6660814 -0.7458791 0.0001000
v -2.0066390 2.0170879 -0.0881140
vn 0.6628734 -0.7458701 0.0653974
v -2.0084269 2.0170879 -0.0518410
vn 0.6532206 -0.7459235 0.1300041
v -2.0137620 2.0170879 -0.0159190
vn 0.6373250 -0.7459292 0.1934076
v -2.0225921 2.0170879 0.0193080
vn 0.6153044 -0.7459053 0.2550018
v -2.0348320 2.0170879 0.0535000
vn 0.5873811 -0.7458760 0.3140899
v -2.0503640 2.0170879 0.0863270
vn 0.5537903 -0.7458869 0.3700935
v -2.0690401 2.0170879 0.1174740
vn 0.5148061 -0.7459087 0.4226050
v -2.0906780 2.0170879 0.1466400
vn 0.4708885 -0.7458818 0.4710885
v -2.1150711 2.0170879 0.1735450
vn 0.4225011 -0.7459018 0.5149013
v -2.1419840 2.0170879 0.1979290
vn 0.3699004 -0.7459008 0.5539006
v -2.1711569 2.0170879 0.2195580
vn 0.3138912 -0.7458791 0.5874835
v -2.2023101 2.0170879 0.2382240
vn 0.2547991 -0.7458974 0.6153979
v -2.2351420 2.0170879 0.2537460
vn 0.1932027 -0.7459105 0.6374090
v -2.2693379 2.0170879 0.2659750
vn 0.1297990 -0.7458941 0.6532949
v -2.3045671 2.0170879 0.2747940
vn 0.0651982 -0.7458798 0.6628820
v -2.3404920 2.0170879 0.2801170
vn -0.0001000 -0.6800060 0.7332065
v -2.3767869 2.0424609 0.3077680
vn -0.0720036 -0.6800340 0.7296364
v -2.4155960 2.0424609 0.3058530
vn -0.1431992 -0.6799963 0.7190961
v -2.4540300 2.0424609 0.3001440
vn -0.2129987 -0.6799961 0.7015960
v -2.4917190 2.0424609 0.2906950
vn -0.2807102 -0.6800246 0.6773245
v -2.5283010 2.0424609 0.2775980
vn -0.3457224 -0.6800440 0.6465418
v -2.5634220 2.0424609 0.2609770
vn -0.4075109 -0.6800182 0.6095163
v -2.5967460 2.0424609 0.2409950
vn -0.4652093 -0.6800136 0.5667113
v -2.6279509 2.0424609 0.2178420
vn -0.5185319 -0.6800418 0.5183318
v -2.6567359 2.0424609 0.1917420
vn -0.5668999 -0.6799998 0.4649999
v -2.6828239 2.0424609 0.1629460
vn -0.6097165 -0.6800184 0.4072110
v -2.7059641 2.0424609 0.1317320
vn -0.6467029 -0.6800030 0.3455015
v -2.7259331 2.0424609 0.0984000
vn -0.6774356 -0.6800358 0.2804148
v -2.7425380 2.0424609 0.0632720
vn -0.7016915 -0.6799918 0.2126974
v -2.7556210 2.0424609 0.0266850
vn -0.7191269 -0.6800255 0.1429054
v -2.7650540 2.0424609 -0.0110090
vn -0.7296990 -0.6799991 0.0716999
v -2.7707479 2.0424609 -0.0494450
vn -0.7332065 -0.6800060 -0.0001000
v -2.7726460 2.0424609 -0.0882550
vn -0.7296364 -0.6800340 -0.0720036
v -2.7707319 2.0424609 -0.1270630
vn -0.7190477 -0.6800452 -0.1432095
v -2.7650230 2.0424609 -0.1654970
vn -0.7015960 -0.6799961 -0.2129988
v -2.7555740 2.0424609 -0.2031870
vn -0.6773245 -0.6800246 -0.2807102
v -2.7424760 2.0424609 -0.2397680
vn -0.6465418 -0.6800440 -0.3457224
v -2.7258561 2.0424609 -0.2748900
vn -0.6095163 -0.6800182 -0.4075109
v -2.7058730 2.0424609 -0.3082140
vn -0.5667114 -0.6800137 -0.4652094
v -2.6827199 2.0424609 -0.3394180
vn -0.5183318 -0.6800418 -0.5185319
v -2.6566210 2.0424609 -0.3682030
vn -0.4649999 -0.6799998 -0.5668999
v -2.6278250 2.0424609 -0.3942910
vn -0.4072110 -0.6800184 -0.6097165
v -2.5966110 2.0424609 -0.4174311
vn -0.3455015 -0.6800030 -0.6467029
v -2.5632789 2.0424609 -0.4374000
vn -0.2804147 -0.6800357 -0.6774356
v -2.5281501 2.0424609 -0.4540060
vn -0.2126974 -0.6799918 -0.7016915
v -2.4915631 2.0424609 -0.4670890
vn -0.1429054 -0.6800255 -0.7191269
v -2.4538701 2.0424609 -0.4765220
vn -0.0716999 -0.6799990 -0.7296990
v -2.4154329 2.0424609 -0.4822150
vn 0.0001000 -0.6800060 -0.7332065
v -2.3766241 2.0424609 -0.4841140
vn 0.0720036 -0.6800340 -0.7296364
v -2.3378150 2.0424609 -0.4822000
vn 0.1431992 -0.6799963 -0.7190961
v -2.2993810 2.0424609 -0.4764900
vn 0.2129987 -0.6799961 -0.7015960
v -2.2616920 2.0424609 -0.4670410
vn 0.2807102 -0.6800246 -0.6773245
v -2.2251101 2.0424609 -0.4539440
vn 0.3457224 -0.6800440 -0.6465418
v -2.1899879 2.0424609 -0.4373230
vn 0.4075109 -0.6800182 -0.6095163
v -2.1566651 2.0424609 -0.4173411
vn 0.4652093 -0.6800136 -0.5667113
v -2.1254599 2.0424609 -0.3941880
vn 0.5185319 -0.6800418 -0.5183318
v -2.0966749 2.0424609 -0.3680881
vn 0.5668999 -0.6799998 -0.4649999
v -2.0705869 2.0424609 -0.3392920
vn 0.6097165 -0.6800184 -0.4072110
v -2.0474470 2.0424609 -0.3080780
vn 0.6467029 -0.6800030 -0.3455015
v -2.0274780 2.0424609 -0.2747470
vn 0.6774356 -0.6800358 -0.2804148
v -2.0108719 2.0424609 -0.2396180
vn 0.7016915 -0.6799918 -0.2126974
v -1.9977900 2.0424609 -0.2030310
vn 0.7191269 -0.6800255 -0.1429054
v -1.9883560 2.0424609 -0.1653370
vn 0.7296990 -0.6799991 -0.0716999
v -1.9826630 2.0424609 -0.1269010
vn 0.7332065 -0.6800060 0.0001000
v -1.9807640 2.0424609 -0.0880920
vn 0.7296364 -0.6800340 0.0720036
v -1.9826790 2.0424609 -0.0492830
vn 0.7190961 -0.6799963 0.1431992
v -1.9883879 2.0424609 -0.0108490
vn 0.7015960 -0.6799961 0.2129988
v -1.9978369 2.0424609 0.0268410
vn 0.6773245 -0.6800246 0.2807102
v -2.0109351 2.0424609 0.0634220
vn 0.6465418 -0.6800440 0.3457224
v -2.0275550 2.0424609 0.0985440
vn 0.6095163 -0.6800182 0.4075109
v -2.0475380 2.0424609 0.1318680
vn 0.5667114 -0.6800137 0.4652094
v -2.0706911 2.0424609 0.1630720
vn 0.5183318 -0.6800418 0.5185319
v -2.0967910 2.0424609 0.1918570
vn 0.4649999 -0.6799998 0.5668999
v -2.1255860 2.0424609 0.2179450
vn 0.4072110 -0.6800184 0.6097165
v -2.1568000 2.0424609 0.2410850
vn 0.3455015 -0.6800030 0.6467029
v -2.1901319 2.0424609 0.2610540
vn 0.2804147 -0.6800357 0.6774356
v -2.2252600 2.0424609 0.2776600
vn 0.2126974 -0.6799918 0.7016915
v -2.2618480 2.0424609 0.2907430
vn 0.1429054 -0.6800255 0.7191269
v -2.2995410 2.0424609 0.3001760
vn 0.0716999 -0.6799990 0.7296990
v -2.3379779 2.0424609 0.3058690
vn -0.0002000 -0.6107928 0.7917905
v -2.3768139 2.0699251 0.3310110
vn -0.0778033 -0.6108257 0.7879331
v -2.4179010 2.0699251 0.3289820
vn -0.1547030 -0.6108119 0.7765151
v -2.4585900 2.0699251 0.3229350
vn -0.2300075 -0.6108201 0.7576249
v -2.4984920 2.0699251 0.3129290
vn -0.3032072 -0.6108144 0.7314172
v -2.5372200 2.0699251 0.2990610
vn -0.3734023 -0.6108038 0.6982043
v -2.5744030 2.0699251 0.2814630
vn -0.4400211 -0.6108294 0.6582317
v -2.6096821 2.0699251 0.2603050
vn -0.5024989 -0.6107987 0.6118986
v -2.6427169 2.0699251 0.2357920
vn -0.5600166 -0.6108181 0.5597166
v -2.6731901 2.0699251 0.2081580
vn -0.6122092 -0.6108092 0.5021076
v -2.7008080 2.0699251 0.1776710
vn -0.6584319 -0.6108296 0.4397213
v -2.7253039 2.0699251 0.1446230
vn -0.6983851 -0.6107870 0.3730920
v -2.7464440 2.0699251 0.1093330
vn -0.7315989 -0.6107991 0.3027995
v -2.7640221 2.0699251 0.0721410
vn -0.7577371 -0.6108299 0.2296112
v -2.7778709 2.0699251 0.0334060
vn -0.7766148 -0.6108117 0.1542029
v -2.7878561 2.0699251 -0.0065010
vn -0.7879955 -0.6107966 0.0773996
v -2.7938809 2.0699251 -0.0471940
vn -0.7917905 -0.6107928 -0.0002000
v -2.7958889 2.0699251 -0.0882820
vn -0.7879331 -0.6108257 -0.0778033
v -2.7938600 2.0699251 -0.1293680
vn -0.7765151 -0.6108120 -0.1547030
v -2.7878129 2.0699251 -0.1700580
vn -0.7576249 -0.6108201 -0.2300075
v -2.7778080 2.0699251 -0.2099590
vn -0.7314172 -0.6108144 -0.3032072
v -2.7639389 2.0699251 -0.2486880
vn -0.6982043 -0.6108038 -0.3734023
v -2.7463410 2.0699251 -0.2858710
vn -0.6582317 -0.6108294 -0.4400211
v -2.7251840 2.0699251 -0.3211491
vn -0.6118986 -0.6107987 -0.5024989
v -2.7006700 2.0699251 -0.3541840
vn -0.5597166 -0.6108181 -0.5600166
v -2.6730361 2.0699251 -0.3846570
vn -0.5021076 -0.6108092 -0.6122092
v -2.6425490 2.0699251 -0.4122750
vn -0.4397213 -0.6108295 -0.6584318
v -2.6095009 2.0699251 -0.4367720
vn -0.3730920 -0.6107869 -0.6983851
v -2.5742121 2.0699251 -0.4579110
vn -0.3027995 -0.6107991 -0.7315989
v -2.5370200 2.0699251 -0.4754900
vn -0.2296112 -0.6108299 -0.7577371
v -2.4982841 2.0699251 -0.4893380
vn -0.1542029 -0.6108117 -0.7766148
v -2.4583781 2.0699251 -0.4993240
vn -0.0773996 -0.6107966 -0.7879955
v -2.4176850 2.0699251 -0.5053490
vn 0.0002000 -0.6107928 -0.7917905
v -2.3765969 2.0699251 -0.5073571
vn 0.0778033 -0.6108257 -0.7879331
v -2.3355100 2.0699251 -0.5053280
vn 0.1547030 -0.6108119 -0.7765151
v -2.2948201 2.0699251 -0.4992810
vn 0.2300075 -0.6108201 -0.7576249
v -2.2549191 2.0699251 -0.4892760
vn 0.3032072 -0.6108144 -0.7314172
v -2.2161911 2.0699251 -0.4754071
vn 0.3734023 -0.6108038 -0.6982043
v -2.1790080 2.0699251 -0.4578090
vn 0.4400211 -0.6108294 -0.6582317
v -2.1437290 2.0699251 -0.4366520
vn 0.5024989 -0.6107987 -0.6118986
v -2.1106939 2.0699251 -0.4121380
vn 0.5600166 -0.6108181 -0.5597166
v -2.0802209 2.0699251 -0.3845040
vn 0.6122092 -0.6108092 -0.5021076
v -2.0526030 2.0699251 -0.3540170
vn 0.6584319 -0.6108296 -0.4397213
v -2.0281060 2.0699251 -0.3209690
vn 0.6983851 -0.6107870 -0.3730920
v -2.0069671 2.0699251 -0.2856790
vn 0.7315989 -0.6107991 -0.3027995
v -1.9893880 2.0699251 -0.2484880
vn 0.7577371 -0.6108299 -0.2296112
v -1.9755400 2.0699251 -0.2097520
vn 0.7766148 -0.6108117 -0.1542029
v -1.9655550 2.0699251 -0.1698460
vn 0.7879955 -0.6107966 -0.0773996
v -1.9595290 2.0699251 -0.1291520
vn 0.7917905 -0.6107928 0.0002000
v -1.9575220 2.0699251 -0.0880650
vn 0.7879331 -0.6108257 0.0778033
v -1.9595510 2.0699251 -0.0469780
vn 0.7765151 -0.6108120 0.1547030
v -1.9655970 2.0699251 -0.0062880
vn 0.7576249 -0.6108201 0.2300075
v -1.9756030 2.0699251 0.0336130
vn 0.7314172 -0.6108144 0.3032072
v -1.9894720 2.0699251 0.0723420
vn 0.6982043 -0.6108038 0.3734023
v -2.0070691 2.0699251 0.1095240
vn 0.6582317 -0.6108294 0.4400211
v -2.0282271 2.0699251 0.1448030
vn 0.6118986 -0.6107987 0.5024989
v -2.0527411 2.0699251 0.1778380
vn 0.5597166 -0.6108181 0.5600166
v -2.0803740 2.0699251 0.2083110
vn 0.5021076 -0.6108092 0.6122092
v -2.1108620 2.0699251 0.2359290
vn 0.4397213 -0.6108295 0.6584318
v -2.1439090 2.0699251 0.2604260
vn 0.3730920 -0.6107869 0.6983851
v -2.1791990 2.0699251 0.2815650
vn 0.3027995 -0.6107991 0.7315989
v -2.2163911 2.0699251 0.2991440
vn 0.2296112 -0.6108299 0.7577371
v -2.2551260 2.0699251 0.3129920
vn 0.1542029 -0.6108117 0.7766148
v -2.2950330 2.0699251 0.3229770
vn 0.0773996 -0.6107966 0.7879955
v -2.3357260 2.0699251 0.3290030
vn -0.0002000 -0.5403330 0.8414513
v -2.3768461 2.0993290 0.3517150
vn -0.0826999 -0.5402994 0.8373991
v -2.4199619 2.0993290 0.3495830
vn -0.1644077 -0.5403253 0.8252386
v -2.4626610 2.0993290 0.3432350
vn -0.2445134 -0.5403296 0.8051442
v -2.5045331 2.0993290 0.3327330
vn -0.3222109 -0.5403183 0.7773263
v -2.5451729 2.0993290 0.3181770
vn -0.3968965 -0.5402952 0.7419934
v -2.5841911 2.0993290 0.2997070
vn -0.4677075 -0.5403087 0.6995113
v -2.6212111 2.0993290 0.2775020
vn -0.5340080 -0.5403081 0.6503097
v -2.6558759 2.0993290 0.2517760
vn -0.5952077 -0.5403070 0.5948077
v -2.6878531 2.0993290 0.2227750
vn -0.6506217 -0.5403180 0.5336177
v -2.7168331 2.0993290 0.1907800
vn -0.6998280 -0.5403216 0.4672187
v -2.7425370 2.0993290 0.1560990
vn -0.7422305 -0.5403222 0.3964162
v -2.7647181 2.0993290 0.1190650
vn -0.7775056 -0.5403039 0.3218023
v -2.7831631 2.0993290 0.0800350
vn -0.8053128 -0.5403086 0.2440039
v -2.7976930 2.0993290 0.0393850
vn -0.8253382 -0.5403250 0.1639076
v -2.8081689 2.0993290 -0.0024930
vn -0.8374336 -0.5403217 0.0822033
v -2.8144889 2.0993290 -0.0451970
vn -0.8414513 -0.5403330 -0.0002000
v -2.8165929 2.0993290 -0.0883140
vn -0.8373991 -0.5402994 -0.0826999
v -2.8144610 2.0993290 -0.1314300
vn -0.8252386 -0.5403253 -0.1644077
v -2.8081141 2.0993290 -0.1741290
vn -0.8051442 -0.5403296 -0.2445134
v -2.7976110 2.0993290 -0.2160010
vn -0.7773263 -0.5403183 -0.3222109
v -2.7830551 2.0993290 -0.2566410
vn -0.7419934 -0.5402952 -0.3968965
v -2.7645860 2.0993290 -0.2956590
vn -0.6995113 -0.5403087 -0.4677075
v -2.7423811 2.0993290 -0.3326790
vn -0.6503097 -0.5403081 -0.5340080
v -2.7166541 2.0993290 -0.3673440
vn -0.5948077 -0.5403070 -0.5952077
v -2.6876540 2.0993290 -0.3993201
vn -0.5336177 -0.5403180 -0.6506217
v -2.6556590 2.0993290 -0.4283000
vn -0.4672187 -0.5403216 -0.6998280
v -2.6209769 2.0993290 -0.4540051
vn -0.3964163 -0.5403222 -0.7422305
v -2.5839429 2.0993290 -0.4761860
vn -0.3218023 -0.5403039 -0.7775056
v -2.5449131 2.0993290 -0.4946310
vn -0.2440039 -0.5403086 -0.8053128
v -2.5042629 2.0993290 -0.5091611
vn -0.1639076 -0.5403251 -0.8253382
v -2.4623849 2.0993290 -0.5196360
vn -0.0822033 -0.5403217 -0.8374336
v -2.4196820 2.0993290 -0.5259570
vn 0.0002000 -0.5403330 -0.8414513
v -2.3765650 2.0993290 -0.5280610
vn 0.0826999 -0.5402994 -0.8373991
v -2.3334489 2.0993290 -0.5259290
vn 0.1644077 -0.5403253 -0.8252386
v -2.2907491 2.0993290 -0.5195810
vn 0.2445134 -0.5403296 -0.8051442
v -2.2488780 2.0993290 -0.5090790
vn 0.3222109 -0.5403183 -0.7773263
v -2.2082369 2.0993290 -0.4945230
vn 0.3968965 -0.5402952 -0.7419934
v -2.1692190 2.0993290 -0.4760531
vn 0.4677075 -0.5403087 -0.6995113
v -2.1322000 2.0993290 -0.4538481
vn 0.5340080 -0.5403081 -0.6503097
v -2.0975339 2.0993290 -0.4281220
vn 0.5952077 -0.5403070 -0.5948077
v -2.0655580 2.0993290 -0.3991210
vn 0.6506217 -0.5403180 -0.5336177
v -2.0365779 2.0993290 -0.3671260
vn 0.6998280 -0.5403216 -0.4672187
v -2.0108740 2.0993290 -0.3324450
vn 0.7422305 -0.5403222 -0.3964162
v -1.9886920 2.0993290 -0.2954110
vn 0.7775056 -0.5403039 -0.3218023
v -1.9702480 2.0993290 -0.2563810
vn 0.8053128 -0.5403086 -0.2440039
v -1.9557180 2.0993290 -0.2157310
vn 0.8253382 -0.5403250 -0.1639076
v -1.9452420 2.0993290 -0.1738530
vn 0.8374336 -0.5403217 -0.0822033
v -1.9389220 2.0993290 -0.1311500
vn 0.8414513 -0.5403330 0.0002000
v -1.9368170 2.0993290 -0.0880320
vn 0.8373991 -0.5402994 0.0826999
v -1.9389490 2.0993290 -0.0449160
vn 0.8252386 -0.5403253 0.1644077
v -1.9452970 2.0993290 -0.0022170
vn 0.8051442 -0.5403296 0.2445134
v -1.9558001 2.0993290 0.0396550
vn 0.7773263 -0.5403183 0.3222109
v -1.9703560 2.0993290 0.0802950
vn 0.7419934 -0.5402952 0.3968965
v -1.9888250 2.0993290 0.1193130
vn 0.6995113 -0.5403087 0.4677075
v -2.0110300 2.0993290 0.1563330
vn 0.6503097 -0.5403081 0.5340080
v -2.0367570 2.0993290 0.1909980
vn 0.5948077 -0.5403070 0.5952077
v -2.0657570 2.0993290 0.2229740
vn 0.5336177 -0.5403180 0.6506217
v -2.0977521 2.0993290 0.2519540
vn 0.4672187 -0.5403216 0.6998280
v -2.1324339 2.0993290 0.2776590
vn 0.3964163 -0.5403222 0.7422305
v -2.1694679 2.0993290 0.2998400
vn 0.3218023 -0.5403039 0.7775056
v -2.2084980 2.0993290 0.3182840
vn 0.2440039 -0.5403086 0.8053128
v -2.2491469 2.0993290 0.3328140
vn 0.1639076 -0.5403251 0.8253382
v -2.2910261 2.0993290 0.3432900
vn 0.0822033 -0.5403217 0.8374336
v -2.3337290 2.0993290 0.3496110
vn -0.0003000 -0.4704221 0.8824415
v -2.3768840 2.1305239 0.3699750
vn -0.0868056 -0.4704306 0.8781571
v -2.4217899 2.1305239 0.3677510
vn -0.1725044 -0.4704119 0.8654218
v -2.4662609 2.1305239 0.3611370
vn -0.2565114 -0.4704210 0.8443376
v -2.5098701 2.1305239 0.3501950
vn -0.3380155 -0.4704216 0.8151374
v -2.5521960 2.1305239 0.3350320
vn -0.4163280 -0.4704316 0.7780522
v -2.5928330 2.1305239 0.3157930
vn -0.4905273 -0.4704262 0.7335408
v -2.6313870 2.1305239 0.2926640
vn -0.5600381 -0.4704320 0.6819465
v -2.6674900 2.1305239 0.2658670
vn -0.6242301 -0.4704227 0.6237301
v -2.7007921 2.1305239 0.2356600
vn -0.6823512 -0.4704354 0.5595421
v -2.7309721 2.1305239 0.2023350
vn -0.7339414 -0.4704265 0.4899276
v -2.7577410 2.1305239 0.1662120
vn -0.7784042 -0.4704026 0.4157023
v -2.7808399 2.1305239 0.1276390
vn -0.8154033 -0.4704019 0.3374013
v -2.8000469 2.1305239 0.0869870
vn -0.8445465 -0.4704259 0.2558141
v -2.8151779 2.1305239 0.0446490
vn -0.8655512 -0.4704279 0.1718102
v -2.8260851 2.1305239 0.0010320
vn -0.8782331 -0.4704178 0.0861032
v -2.8326650 2.1305239 -0.0434450
vn -0.8824415 -0.4704221 -0.0003000
v -2.8348529 2.1305239 -0.0883520
vn -0.8781571 -0.4704306 -0.0868056
v -2.8326299 2.1305239 -0.1332580
vn -0.8654218 -0.4704119 -0.1725044
v -2.8260150 2.1305239 -0.1777290
vn -0.8443376 -0.4704210 -0.2565114
v -2.8150740 2.1305239 -0.2213380
vn -0.8151374 -0.4704216 -0.3380155
v -2.7999110 2.1305239 -0.2636640
vn -0.7780522 -0.4704316 -0.4163280
v -2.7806721 2.1305239 -0.3043000
vn -0.7335408 -0.4704262 -0.4905273
v -2.7575419 2.1305239 -0.3428550
vn -0.6819465 -0.4704320 -0.5600381
v -2.7307451 2.1305239 -0.3789570
vn -0.6237301 -0.4704227 -0.6242301
v -2.7005379 2.1305239 -0.4122590
vn -0.5595421 -0.4704354 -0.6823512
v -2.6672130 2.1305239 -0.4424400
vn -0.4899276 -0.4704265 -0.7339414
v -2.6310899 2.1305239 -0.4692090
vn -0.4157023 -0.4704026 -0.7784042
v -2.5925169 2.1305239 -0.4923080
vn -0.3374013 -0.4704019 -0.8154032
v -2.5518661 2.1305239 -0.5115150
vn -0.2558141 -0.4704258 -0.8445464
v -2.5095270 2.1305239 -0.5266450
vn -0.1718102 -0.4704279 -0.8655512
v -2.4659100 2.1305239 -0.5375530
vn -0.0861032 -0.4704178 -0.8782331
v -2.4214339 2.1305239 -0.5441330
vn 0.0003000 -0.4704221 -0.8824415
v -2.3765261 2.1305239 -0.5463210
vn 0.0868056 -0.4704306 -0.8781571
v -2.3316209 2.1305239 -0.5440970
vn 0.1725044 -0.4704119 -0.8654218
v -2.2871499 2.1305239 -0.5374830
vn 0.2565114 -0.4704210 -0.8443376
v -2.2435410 2.1305239 -0.5265420
vn 0.3380155 -0.4704216 -0.8151374
v -2.2012141 2.1305239 -0.5113780
vn 0.4163280 -0.4704316 -0.7780522
v -2.1605780 2.1305239 -0.4921390
vn 0.4905273 -0.4704262 -0.7335408
v -2.1220231 2.1305239 -0.4690101
vn 0.5600381 -0.4704320 -0.6819465
v -2.0859210 2.1305239 -0.4422130
vn 0.6242301 -0.4704227 -0.6237301
v -2.0526190 2.1305239 -0.4120060
vn 0.6823512 -0.4704354 -0.5595421
v -2.0224390 2.1305239 -0.3786810
vn 0.7339414 -0.4704265 -0.4899276
v -1.9956700 2.1305239 -0.3425580
vn 0.7784042 -0.4704026 -0.4157023
v -1.9725710 2.1305239 -0.3039851
vn 0.8154033 -0.4704019 -0.3374013
v -1.9533629 2.1305239 -0.2633330
vn 0.8445465 -0.4704259 -0.2558141
v -1.9382330 2.1305239 -0.2209950
vn 0.8655512 -0.4704279 -0.1718102
v -1.9273260 2.1305239 -0.1773780
vn 0.8782331 -0.4704178 -0.0861032
v -1.9207460 2.1305239 -0.1329010
vn 0.8824415 -0.4704221 0.0003000
v -1.9185570 2.1305239 -0.0879940
vn 0.8781571 -0.4704306 0.0868056
v -1.9207810 2.1305239 -0.0430890
vn 0.8654218 -0.4704119 0.1725044
v -1.9273950 2.1305239 0.0013830
vn 0.8443376 -0.4704210 0.2565114
v -1.9383370 2.1305239 0.0449920
vn 0.8151374 -0.4704216 0.3380155
v -1.9535000 2.1305239 0.0873180
vn 0.7780522 -0.4704316 0.4163280
v -1.9727390 2.1305239 0.1279540
vn 0.7335408 -0.4704262 0.4905273
v -1.9958690 2.1305239 0.1665090
vn 0.6819465 -0.4704320 0.5600381
v -2.0226660 2.1305239 0.2026110
vn 0.6237301 -0.4704227 0.6242301
v -2.0528719 2.1305239 0.2359130
vn 0.5595421 -0.4704354 0.6823512
v -2.0861981 2.1305239 0.2660940
vn 0.4899276 -0.4704265 0.7339414
v -2.1223209 2.1305239 0.2928620
vn 0.4157023 -0.4704026 0.7784042
v -2.1608939 2.1305239 0.3159620
vn 0.3374013 -0.4704019 0.8154032
v -2.2015450 2.1305239 0.3351690
vn 0.2558141 -0.4704258 0.8445464
v -2.2438829 2.1305239 0.3502990
vn 0.1718102 -0.4704279 0.8655512
v -2.2875011 2.1305239 0.3612070
vn 0.0861032 -0.4704178 0.8782331
v -2.3319769 2.1305239 0.3677860
vn -0.0004000 -0.4027118 0.9153268
v -2.3769290 2.1633589 0.3858850
vn -0.0900989 -0.4026951 0.9108890
v -2.4233930 2.1633589 0.3835800
vn -0.1790095 -0.4027213 0.8976476
v -2.4694090 2.1633589 0.3767320
vn -0.2660997 -0.4026996 0.8757991
v -2.5145309 2.1633589 0.3654070
vn -0.3506951 -0.4026944 0.8454882
v -2.5583260 2.1633589 0.3497140
vn -0.4319099 -0.4027093 0.8070186
v -2.6003721 2.1633589 0.3298030
vn -0.5089094 -0.4027075 0.7608141
v -2.6402640 2.1633589 0.3058670
vn -0.5809996 -0.4026997 0.7072995
v -2.6776171 2.1633589 0.2781370
vn -0.6475313 -0.4027195 0.6469314
v -2.7120731 2.1633589 0.2468780
vn -0.7078367 -0.4027209 0.5803301
v -2.7432990 2.1633589 0.2123930
vn -0.7612954 -0.4026976 0.5081969
v -2.7709939 2.1633589 0.1750130
vn -0.8074715 -0.4026858 0.4310848
v -2.7948921 2.1633589 0.1350990
vn -0.8458106 -0.4027050 0.3499044
v -2.8147631 2.1633589 0.0930350
vn -0.8760318 -0.4027146 0.2653096
v -2.8304150 2.1633589 0.0492250
vn -0.8978307 -0.4027137 0.1781061
v -2.8416979 2.1633589 0.0040920
vn -0.9109544 -0.4027241 0.0893053
v -2.8485019 2.1633589 -0.0419300
vn -0.9153268 -0.4027118 -0.0004000
v -2.8507631 2.1633589 -0.0883970
vn -0.9108890 -0.4026951 -0.0900989
v -2.8484590 2.1633589 -0.1348610
vn -0.8976476 -0.4027213 -0.1790095
v -2.8416109 2.1633589 -0.1808760
vn -0.8757991 -0.4026996 -0.2660997
v -2.8302860 2.1633589 -0.2259990
vn -0.8454882 -0.4026944 -0.3506951
v -2.8145919 2.1633589 -0.2697940
vn -0.8070186 -0.4027093 -0.4319099
v -2.7946820 2.1633589 -0.3118400
vn -0.7608141 -0.4027075 -0.5089094
v -2.7707460 2.1633589 -0.3517310
vn -0.7072995 -0.4026997 -0.5809996
v -2.7430151 2.1633589 -0.3890850
vn -0.6469314 -0.4027195 -0.6475313
v -2.7117569 2.1633589 -0.4235410
vn -0.5803301 -0.4027209 -0.7078367
v -2.6772721 2.1633589 -0.4547660
vn -0.5081969 -0.4026976 -0.7612954
v -2.6398921 2.1633589 -0.4824620
vn -0.4310848 -0.4026858 -0.8074715
v -2.5999770 2.1633589 -0.5063600
vn -0.3499044 -0.4027050 -0.8458106
v -2.5579131 2.1633589 -0.5262310
vn -0.2653096 -0.4027146 -0.8760318
v -2.5141029 2.1633589 -0.5418831
vn -0.1781061 -0.4027137 -0.8978307
v -2.4689701 2.1633589 -0.5531660
vn -0.0893053 -0.4027241 -0.9109544
v -2.4229491 2.1633589 -0.5599700
vn 0.0004000 -0.4027118 -0.9153268
v -2.3764820 2.1633589 -0.5622310
vn 0.0900989 -0.4026951 -0.9108890
v -2.3300171 2.1633589 -0.5599260
vn 0.1790095 -0.4027213 -0.8976476
v -2.2840021 2.1633589 -0.5530780
vn 0.2660997 -0.4026996 -0.8757991
v -2.2388799 2.1633589 -0.5417530
vn 0.3506951 -0.4026944 -0.8454882
v -2.1950850 2.1633589 -0.5260600
vn 0.4319099 -0.4027093 -0.8070186
v -2.1530390 2.1633589 -0.5061490
vn 0.5089094 -0.4027075 -0.7608141
v -2.1131470 2.1633589 -0.4822140
vn 0.5809996 -0.4026997 -0.7072995
v -2.0757940 2.1633589 -0.4544830
vn 0.6475313 -0.4027195 -0.6469314
v -2.0413380 2.1633589 -0.4232240
vn 0.7078367 -0.4027209 -0.5803301
v -2.0101120 2.1633589 -0.3887390
vn 0.7612954 -0.4026976 -0.5081969
v -1.9824170 2.1633589 -0.3513600
vn 0.8074715 -0.4026858 -0.4310848
v -1.9585180 2.1633589 -0.3114451
vn 0.8458106 -0.4027050 -0.3499044
v -1.9386480 2.1633589 -0.2693800
vn 0.8760318 -0.4027146 -0.2653096
v -1.9229950 2.1633589 -0.2255710
vn 0.8978307 -0.4027137 -0.1781061
v -1.9117130 2.1633589 -0.1804380
vn 0.9109544 -0.4027241 -0.0893053
v -1.9049079 2.1633589 -0.1344160
vn 0.9153268 -0.4027118 0.0004000
v -1.9026480 2.1633589 -0.0879500
vn 0.9108890 -0.4026951 0.0900989
v -1.9049520 2.1633589 -0.0414850
vn 0.8976476 -0.4027213 0.1790095
v -1.9118000 2.1633589 0.0045300
vn 0.8757991 -0.4026996 0.2660997
v -1.9231250 2.1633589 0.0496530
vn 0.8454882 -0.4026944 0.3506951
v -1.9388191 2.1633589 0.0934480
vn 0.8070186 -0.4027093 0.4319099
v -1.9587290 2.1633589 0.1354930
vn 0.7608141 -0.4027075 0.5089094
v -1.9826649 2.1633589 0.1753850
vn 0.7072995 -0.4026997 0.5809996
v -2.0103960 2.1633589 0.2127390
vn 0.6469314 -0.4027195 0.6475313
v -2.0416541 2.1633589 0.2471950
vn 0.5803301 -0.4027209 0.7078367
v -2.0761390 2.1633589 0.2784200
vn 0.5081969 -0.4026976 0.7612954
v -2.1135190 2.1633589 0.3061160
vn 0.4310848 -0.4026858 0.8074715
v -2.1534331 2.1633589 0.3300140
vn 0.3499044 -0.4027050 0.8458106
v -2.1954980 2.1633589 0.3498850
vn 0.2653096 -0.4027146 0.8760318
v -2.2393081 2.1633589 0.3655370
vn 0.1781061 -0.4027137 0.8978307
v -2.2844410 2.1633589 0.3768190
vn 0.0893053 -0.4027241 0.9109544
v -2.3304620 2.1633589 0.3836240
vn -0.0005000 -0.3380146 0.9411407
v -2.3769801 2.1976831 0.3995380
vn -0.0927965 -0.3379873 0.9365647
v -2.4247830 2.1976831 0.3971630
vn -0.1841109 -0.3380201 0.9229549
v -2.4721229 2.1976831 0.3901130
vn -0.2737170 -0.3380210 0.9004559
v -2.5185430 2.1976831 0.3784580
vn -0.3606074 -0.3380069 0.8693179
v -2.5635979 2.1976831 0.3623080
vn -0.4441287 -0.3380218 0.8297536
v -2.6068530 2.1976831 0.3418200
vn -0.5233200 -0.3380129 0.7822298
v -2.6478920 2.1976831 0.3171910
vn -0.5974791 -0.3379882 0.7271745
v -2.6863191 2.1976831 0.2886590
vn -0.6658917 -0.3379958 0.6650918
v -2.7217641 2.1976831 0.2564970
vn -0.7278479 -0.3380222 0.5966393
v -2.7538860 2.1976831 0.2210150
vn -0.7828307 -0.3380133 0.5224205
v -2.7823751 2.1976831 0.1825560
vn -0.8302717 -0.3379885 0.4431849
v -2.8069580 2.1976831 0.1414900
vn -0.8696973 -0.3379990 0.3596989
v -2.8273971 2.1976831 0.0982120
vn -0.9007775 -0.3379916 0.2726932
v -2.8434961 2.1976831 0.0531390
vn -0.9231687 -0.3379886 0.1830938
v -2.8550990 2.1976831 0.0067050
vn -0.9366598 -0.3380215 0.0917059
v -2.8620951 2.1976831 -0.0406430
vn -0.9411408 -0.3380147 -0.0005000
v -2.8644171 2.1976831 -0.0884480
vn -0.9365647 -0.3379873 -0.0927965
v -2.8620410 2.1976831 -0.1362510
vn -0.9229548 -0.3380201 -0.1841109
v -2.8549919 2.1976831 -0.1835900
vn -0.9004559 -0.3380210 -0.2737170
v -2.8433361 2.1976831 -0.2300110
vn -0.8693179 -0.3380069 -0.3606074
v -2.8271871 2.1976831 -0.2750660
vn -0.8297536 -0.3380218 -0.4441287
v -2.8066990 2.1976831 -0.3183210
vn -0.7822298 -0.3380129 -0.5233200
v -2.7820699 2.1976831 -0.3593600
vn -0.7271745 -0.3379882 -0.5974791
v -2.7535369 2.1976831 -0.3977860
vn -0.6650918 -0.3379958 -0.6658917
v -2.7213750 2.1976831 -0.4332311
vn -0.5966393 -0.3380222 -0.7278479
v -2.6858940 2.1976831 -0.4653540
vn -0.5224205 -0.3380133 -0.7828307
v -2.6474349 2.1976831 -0.4938430
vn -0.4431849 -0.3379885 -0.8302717
v -2.6063690 2.1976831 -0.5184260
vn -0.3596989 -0.3379990 -0.8696973
v -2.5630910 2.1976831 -0.5388650
vn -0.2726932 -0.3379916 -0.9007775
v -2.5180180 2.1976831 -0.5549640
vn -0.1830938 -0.3379885 -0.9231687
v -2.4715841 2.1976831 -0.5665670
vn -0.0917059 -0.3380215 -0.9366598
v -2.4242361 2.1976831 -0.5735630
vn 0.0005000 -0.3380146 -0.9411407
v -2.3764310 2.1976831 -0.5758850
vn 0.0927965 -0.3379873 -0.9365647
v -2.3286281 2.1976831 -0.5735090
vn 0.1841109 -0.3380201 -0.9229549
v -2.2812879 2.1976831 -0.5664600
vn 0.2737170 -0.3380210 -0.9004559
v -2.2348671 2.1976831 -0.5548040
vn 0.3606074 -0.3380069 -0.8693179
v -2.1898119 2.1976831 -0.5386540
vn 0.4441287 -0.3380218 -0.8297536
v -2.1465571 2.1976831 -0.5181670
vn 0.5233200 -0.3380129 -0.7822298
v -2.1055191 2.1976831 -0.4935380
vn 0.5974791 -0.3379882 -0.7271745
v -2.0670919 2.1976831 -0.4650050
vn 0.6658917 -0.3379958 -0.6650918
v -2.0316470 2.1976831 -0.4328430
vn 0.7278479 -0.3380222 -0.5966393
v -1.9995250 2.1976831 -0.3973621
vn 0.7828307 -0.3380133 -0.5224205
v -1.9710350 2.1976831 -0.3589020
vn 0.8302717 -0.3379885 -0.4431849
v -1.9464530 2.1976831 -0.3178360
vn 0.8696973 -0.3379990 -0.3596989
v -1.9260130 2.1976831 -0.2745580
vn 0.9007775 -0.3379916 -0.2726932
v -1.9099150 2.1976831 -0.2294850
vn 0.9231687 -0.3379886 -0.1830938
v -1.8983120 2.1976831 -0.1830510
vn 0.9366598 -0.3380215 -0.0917059
v -1.8913150 2.1976831 -0.1357030
vn 0.9411408 -0.3380147 0.0005000
v -1.8889940 2.1976831 -0.0878980
vn 0.9365647 -0.3379873 0.0927965
v -1.8913690 2.1976831 -0.0400950
vn 0.9229548 -0.3380201 0.1841109
v -1.8984190 2.1976831 0.0072440
vn 0.9004559 -0.3380210 0.2737170
v -1.9100740 2.1976831 0.0536650
vn 0.8693179 -0.3380069 0.3606074
v -1.9262240 2.1976831 0.0987200
vn 0.8297536 -0.3380218 0.4441287
v -1.9467120 2.1976831 0.1419750
vn 0.7822298 -0.3380129 0.5233200
v -1.9713410 2.1976831 0.1830140
vn 0.7271745 -0.3379882 0.5974791
v -1.9998740 2.1976831 0.2214400
vn 0.6650918 -0.3379958 0.6658917
v -2.0320361 2.1976831 0.2568850
vn 0.5966393 -0.3380222 0.7278479
v -2.0675170 2.1976831 0.2890070
vn 0.5224205 -0.3380133 0.7828307
v -2.1059761 2.1976831 0.3174970
vn 0.4431849 -0.3379885 0.8302717
v -2.1470420 2.1976831 0.3420800
vn 0.3596989 -0.3379990 0.8696973
v -2.1903200 2.1976831 0.3625190
vn 0.2726932 -0.3379916 0.9007775
v -2.2353930 2.1976831 0.3786180
vn 0.1830938 -0.3379885 0.9231687
v -2.2818270 2.1976831 0.3902210
vn 0.0917059 -0.3380215 0.9366598
v -2.3291750 2.1976831 0.3972170
vn -0.0006000 -0.2771109 0.9608378
v -2.3770390 2.2333479 0.4110300
vn -0.0948048 -0.2771141 0.9561485
v -2.4259679 2.2333479 0.4085930
vn -0.1881088 -0.2771129 0.9422439
v -2.4744220 2.2333479 0.4013730
vn -0.2794976 -0.2770976 0.9192922
v -2.5219359 2.2333479 0.3894380
vn -0.3683169 -0.2771128 0.8874408
v -2.5680499 2.2333479 0.3729030
vn -0.4534943 -0.2770965 0.8470894
v -2.6123221 2.2333479 0.3519270
vn -0.5343366 -0.2771190 0.7985547
v -2.6543250 2.2333479 0.3267140
vn -0.6100324 -0.2771147 0.7423394
v -2.6936541 2.2333479 0.2975040
vn -0.6799158 -0.2771065 0.6789158
v -2.7299311 2.2333479 0.2645810
vn -0.7431509 -0.2771190 0.6090418
v -2.7628059 2.2333479 0.2282600
vn -0.7992344 -0.2771119 0.5333229
v -2.7919631 2.2333479 0.1888920
vn -0.8477191 -0.2771062 0.4523102
v -2.8171210 2.2333479 0.1468550
vn -0.8879385 -0.2771120 0.3671159
v -2.8380370 2.2333479 0.1025550
vn -0.9196463 -0.2771139 0.2783140
v -2.8545101 2.2333479 0.0564190
vn -0.9425071 -0.2771021 0.1868014
v -2.8663809 2.2333479 0.0088890
vn -0.9562827 -0.2770950 0.0934983
v -2.8735371 2.2333479 -0.0395750
vn -0.9608378 -0.2771109 -0.0006000
v -2.8759079 2.2333479 -0.0885070
vn -0.9561484 -0.2771140 -0.0948048
v -2.8734720 2.2333479 -0.1374360
vn -0.9422439 -0.2771129 -0.1881088
v -2.8662510 2.2333479 -0.1858900
vn -0.9192922 -0.2770976 -0.2794976
v -2.8543160 2.2333479 -0.2334030
vn -0.8874408 -0.2771128 -0.3683169
v -2.8377810 2.2333479 -0.2795180
vn -0.8470894 -0.2770965 -0.4534943
v -2.8168061 2.2333479 -0.3237900
vn -0.7985546 -0.2771190 -0.5343366
v -2.7915919 2.2333479 -0.3657930
vn -0.7423394 -0.2771147 -0.6100324
v -2.7623830 2.2333479 -0.4051220
vn -0.6789157 -0.2771064 -0.6799157
v -2.7294590 2.2333479 -0.4413990
vn -0.6090418 -0.2771190 -0.7431509
v -2.6931391 2.2333479 -0.4742740
vn -0.5333230 -0.2771119 -0.7992344
v -2.6537700 2.2333479 -0.5034310
vn -0.4523102 -0.2771062 -0.8477191
v -2.6117339 2.2333479 -0.5285880
vn -0.3671159 -0.2771120 -0.8879385
v -2.5674341 2.2333479 -0.5495040
vn -0.2783140 -0.2771139 -0.9196463
v -2.5212970 2.2333479 -0.5659780
vn -0.1868014 -0.2771021 -0.9425071
v -2.4737680 2.2333479 -0.5778490
vn -0.0934983 -0.2770950 -0.9562827
v -2.4253039 2.2333479 -0.5850050
vn 0.0006000 -0.2771109 -0.9608378
v -2.3763721 2.2333479 -0.5873761
vn 0.0948048 -0.2771141 -0.9561485
v -2.3274429 2.2333479 -0.5849400
vn 0.1881088 -0.2771129 -0.9422439
v -2.2789879 2.2333479 -0.5777190
vn 0.2794976 -0.2770976 -0.9192922
v -2.2314751 2.2333479 -0.5657840
vn 0.3683169 -0.2771128 -0.8874408
v -2.1853600 2.2333479 -0.5492490
vn 0.4534943 -0.2770965 -0.8470894
v -2.1410880 2.2333479 -0.5282740
vn 0.5343366 -0.2771190 -0.7985547
v -2.0990860 2.2333479 -0.5030600
vn 0.6100324 -0.2771147 -0.7423394
v -2.0597570 2.2333479 -0.4738510
vn 0.6799158 -0.2771065 -0.6789158
v -2.0234790 2.2333479 -0.4409270
vn 0.7431509 -0.2771190 -0.6090418
v -1.9906050 2.2333479 -0.4046060
vn 0.7992344 -0.2771119 -0.5333229
v -1.9614480 2.2333479 -0.3652380
vn 0.8477191 -0.2771062 -0.4523102
v -1.9362900 2.2333479 -0.3232020
vn 0.8879385 -0.2771120 -0.3671159
v -1.9153740 2.2333479 -0.2789020
vn 0.9196463 -0.2771139 -0.2783140
v -1.8989010 2.2333479 -0.2327650
vn 0.9425071 -0.2771021 -0.1868014
v -1.8870291 2.2333479 -0.1852360
vn 0.9562827 -0.2770950 -0.0934983
v -1.8798740 2.2333479 -0.1367710
vn 0.9608378 -0.2771109 0.0006000
v -1.8775020 2.2333479 -0.0878390
vn 0.9561484 -0.2771140 0.0948048
v -1.8799390 2.2333479 -0.0389100
vn 0.9422439 -0.2771129 0.1881088
v -1.8871590 2.2333479 0.0095440
vn 0.9192922 -0.2770976 0.2794976
v -1.8990951 2.2333479 0.0570570
vn 0.8874408 -0.2771128 0.3683169
v -1.9156300 2.2333479 0.1031720
vn 0.8470894 -0.2770965 0.4534943
v -1.9366050 2.2333479 0.1474440
vn 0.7985546 -0.2771190 0.5343366
v -1.9618191 2.2333479 0.1894470
vn 0.7423394 -0.2771147 0.6100324
v -1.9910280 2.2333479 0.2287760
vn 0.6789157 -0.2771064 0.6799157
v -2.0239520 2.2333479 0.2650530
vn 0.6090418 -0.2771190 0.7431509
v -2.0602720 2.2333479 0.2979280
vn 0.5333230 -0.2771119 0.7992344
v -2.0996399 2.2333479 0.3270840
vn 0.4523102 -0.2771062 0.8477191
v -2.1416769 2.2333479 0.3522420
vn 0.3671159 -0.2771120 0.8879385
v -2.1859770 2.2333479 0.3731580
vn 0.2783140 -0.2771139 0.9196463
v -2.2321141 2.2333479 0.3896310
vn 0.1868014 -0.2771021 0.9425071
v -2.2796431 2.2333479 0.4015030
vn 0.0934983 -0.2770950 0.9562827
v -2.3281071 2.2333479 0.4086590
vn -0.0008000 -0.2202117 0.9754518
v -2.3771050 2.2702031 0.4204530
vn -0.0962990 -0.2201978 0.9706902
v -2.4269581 2.2702031 0.4179650
vn -0.1910132 -0.2202153 0.9565663
v -2.4763260 2.2702031 0.4106020
vn -0.2839072 -0.2202056 0.9332236
v -2.5247350 2.2702031 0.3984360
vn -0.3740029 -0.2202017 0.9009069
v -2.5717180 2.2702031 0.3815830
vn -0.4605055 -0.2202026 0.8599102
v -2.6168230 2.2702031 0.3602070
vn -0.5426068 -0.2202028 0.8106101
v -2.6596160 2.2702031 0.3345120
vn -0.6194289 -0.2202103 0.7535352
v -2.6996839 2.2702019 0.3047470
vn -0.6903005 -0.2202002 0.6892005
v -2.7366419 2.2702019 0.2711970
vn -0.7545266 -0.2202078 0.6182218
v -2.7701330 2.2702019 0.2341870
vn -0.8114895 -0.2201971 0.5412930
v -2.7998350 2.2702019 0.1940720
vn -0.8606459 -0.2202118 0.4591245
v -2.8254631 2.2702019 0.1512390
vn -0.9014905 -0.2201977 0.3725961
v -2.8467679 2.2702019 0.1061000
vn -0.9336844 -0.2201963 0.2823953
v -2.8635471 2.2702019 0.0590910
vn -0.9568648 -0.2202149 0.1895128
v -2.8756371 2.2702019 0.0106630
vn -0.9708351 -0.2202080 0.0948034
v -2.8829219 2.2702019 -0.0387170
vn -0.9754518 -0.2202117 -0.0008000
v -2.8853321 2.2702019 -0.0885730
vn -0.9706902 -0.2201978 -0.0962990
v -2.8828430 2.2702019 -0.1384250
vn -0.9565663 -0.2202153 -0.1910132
v -2.8754809 2.2702019 -0.1877940
vn -0.9332236 -0.2202056 -0.2839072
v -2.8633139 2.2702019 -0.2362020
vn -0.9009068 -0.2202017 -0.3740028
v -2.8464620 2.2702019 -0.2831860
vn -0.8599102 -0.2202026 -0.4605055
v -2.8250849 2.2702019 -0.3282910
vn -0.8106101 -0.2202028 -0.5426068
v -2.7993910 2.2702019 -0.3710840
vn -0.7535352 -0.2202103 -0.6194289
v -2.7696249 2.2702019 -0.4111521
vn -0.6892005 -0.2202002 -0.6903005
v -2.7360761 2.2702019 -0.4481090
vn -0.6182218 -0.2202078 -0.7545266
v -2.6990650 2.2702019 -0.4816011
vn -0.5412930 -0.2201971 -0.8114895
v -2.6589501 2.2702031 -0.5113030
vn -0.4591245 -0.2202118 -0.8606459
v -2.6161170 2.2702031 -0.5369300
vn -0.3725961 -0.2201977 -0.9014905
v -2.5709791 2.2702031 -0.5582361
vn -0.2823953 -0.2201963 -0.9336844
v -2.5239689 2.2702031 -0.5750150
vn -0.1895128 -0.2202149 -0.9568648
v -2.4755411 2.2702031 -0.5871050
vn -0.0948034 -0.2202080 -0.9708351
v -2.4261611 2.2702031 -0.5943900
vn 0.0008000 -0.2202117 -0.9754518
v -2.3763051 2.2702031 -0.5968000
vn 0.0962990 -0.2201978 -0.9706902
v -2.3264530 2.2702031 -0.5943111
vn 0.1910132 -0.2202153 -0.9565663
v -2.2770851 2.2702031 -0.5869480
vn 0.2839072 -0.2202056 -0.9332236
v -2.2286761 2.2702031 -0.5747820
vn 0.3740029 -0.2202017 -0.9009069
v -2.1816931 2.2702031 -0.5579301
vn 0.4605055 -0.2202026 -0.8599102
v -2.1365881 2.2702031 -0.5365530
vn 0.5426068 -0.2202028 -0.8106101
v -2.0937951 2.2702031 -0.5108580
vn 0.6194289 -0.2202103 -0.7535352
v -2.0537269 2.2702031 -0.4810930
vn 0.6903005 -0.2202002 -0.6892005
v -2.0167689 2.2702031 -0.4475430
vn 0.7545266 -0.2202078 -0.6182218
v -1.9832780 2.2702031 -0.4105330
vn 0.8114895 -0.2201971 -0.5412930
v -1.9535750 2.2702031 -0.3704180
vn 0.8606459 -0.2202118 -0.4591245
v -1.9279480 2.2702031 -0.3275850
vn 0.9014905 -0.2201977 -0.3725961
v -1.9066430 2.2702031 -0.2824460
vn 0.9336844 -0.2201963 -0.2823953
v -1.8898640 2.2702031 -0.2354370
vn 0.9568648 -0.2202149 -0.1895128
v -1.8777740 2.2702031 -0.1870090
vn 0.9708351 -0.2202080 -0.0948034
v -1.8704890 2.2702031 -0.1376290
vn 0.9754518 -0.2202117 0.0008000
v -1.8680789 2.2702031 -0.0877730
vn 0.9706902 -0.2201978 0.0962990
v -1.8705670 2.2702031 -0.0379210
vn 0.9565663 -0.2202153 0.1910132
v -1.8779300 2.2702031 0.0114480
vn 0.9332236 -0.2202056 0.2839072
v -1.8900959 2.2702031 0.0598560
vn 0.9009068 -0.2202017 0.3740028
v -1.9069490 2.2702031 0.1068400
vn 0.8599102 -0.2202026 0.4605055
v -1.9283251 2.2702031 0.1519450
vn 0.8106101 -0.2202028 0.5426068
v -1.9540200 2.2702031 0.1947370
vn 0.7535352 -0.2202103 0.6194289
v -1.9837860 2.2702031 0.2348060
vn 0.6892005 -0.2202002 0.6903005
v -2.0173349 2.2702031 0.2717630
vn 0.6182218 -0.2202078 0.7545266
v -2.0543461 2.2702031 0.3052540
vn 0.5412930 -0.2201971 0.8114895
v -2.0944600 2.2702031 0.3349570
vn 0.4591245 -0.2202118 0.8606459
v -2.1372941 2.2702031 0.3605840
vn 0.3725961 -0.2201977 0.9014905
v -2.1824319 2.2702031 0.3818900
vn 0.2823953 -0.2201963 0.9336844
v -2.2294419 2.2702031 0.3986680
vn 0.1895128 -0.2202149 0.9568648
v -2.2778699 2.2702031 0.4107580
vn 0.0948034 -0.2202080 0.9708351
v -2.3272500 2.2702031 0.4180440
vn -0.0009000 -0.1674953 0.9858725
v -2.3771801 2.3080959 0.4279030
vn -0.0975037 -0.1675064 0.9810376
v -2.4277630 2.3080959 0.4253720
vn -0.1932105 -0.1675091 0.9667525
v -2.4778531 2.3080959 0.4178940
vn -0.2870197 -0.1675115 0.9431647
v -2.5269690 2.3080959 0.4055430
vn -0.3780951 -0.1674978 0.9104882
v -2.5746379 2.3080959 0.3884380
vn -0.4655215 -0.1675078 0.8690402
v -2.6204009 2.3080959 0.3667420
vn -0.5485008 -0.1675003 0.8192012
v -2.6638169 2.3080959 0.3406650
vn -0.6261189 -0.1675051 0.7615229
v -2.7044680 2.3080959 0.3104580
vn -0.6977162 -0.1675039 0.6965161
v -2.7419620 2.3080959 0.2764120
vn -0.7627061 -0.1674013 0.6247050
v -2.7759390 2.3080959 0.2388550
vn -0.8202165 -0.1674034 0.5470110
v -2.8060710 2.3080959 0.1981490
vn -0.8699209 -0.1674040 0.4639111
v -2.8320680 2.3080959 0.1546850
vn -0.9111915 -0.1674984 0.3763965
v -2.8536799 2.3080959 0.1088820
vn -0.9436896 -0.1674982 0.2852969
v -2.8706970 2.3080959 0.0611810
vn -0.9671133 -0.1675023 0.1914026
v -2.8829579 2.3080959 0.0120430
vn -0.9812156 -0.1675027 0.0957015
v -2.8903430 2.3080959 -0.0380610
vn -0.9858725 -0.1674953 -0.0009000
v -2.8927820 2.3080959 -0.0886480
vn -0.9810376 -0.1675064 -0.0975037
v -2.8902500 2.3080959 -0.1392300
vn -0.9667525 -0.1675091 -0.1932105
v -2.8827729 2.3080959 -0.1893200
vn -0.9431647 -0.1675115 -0.2870197
v -2.8704219 2.3080959 -0.2384370
vn -0.9104881 -0.1674978 -0.3780951
v -2.8533161 2.3080959 -0.2861060
vn -0.8690403 -0.1675078 -0.4655215
v -2.8316200 2.3080959 -0.3318691
vn -0.8192012 -0.1675003 -0.5485008
v -2.8055429 2.3080959 -0.3752850
vn -0.7615229 -0.1675051 -0.6261189
v -2.7753370 2.3080959 -0.4159361
vn -0.6965161 -0.1675039 -0.6977161
v -2.7412910 2.3080959 -0.4534300
vn -0.6246945 -0.1674985 -0.7626933
v -2.7037339 2.3080959 -0.4874070
vn -0.5470018 -0.1675006 -0.8202028
v -2.6630270 2.3080959 -0.5175390
vn -0.4639034 -0.1675012 -0.8699063
v -2.6195631 2.3080959 -0.5435360
vn -0.3763965 -0.1674984 -0.9111915
v -2.5737610 2.3080959 -0.5651470
vn -0.2852969 -0.1674982 -0.9436896
v -2.5260601 2.3080959 -0.5821651
vn -0.1914026 -0.1675023 -0.9671133
v -2.4769211 2.3080959 -0.5944260
vn -0.0957015 -0.1675027 -0.9812156
v -2.4268169 2.3080959 -0.6018110
vn 0.0009000 -0.1674953 -0.9858725
v -2.3762300 2.3080959 -0.6042500
vn 0.0975037 -0.1675064 -0.9810376
v -2.3256481 2.3080959 -0.6017180
vn 0.1932105 -0.1675091 -0.9667525
v -2.2755580 2.3080959 -0.5942400
vn 0.2870197 -0.1675115 -0.9431647
v -2.2264421 2.3080959 -0.5818900
vn 0.3780951 -0.1674978 -0.9104882
v -2.1787729 2.3080959 -0.5647840
vn 0.4655215 -0.1675078 -0.8690402
v -2.1330099 2.3080959 -0.5430880
vn 0.5485008 -0.1675003 -0.8192012
v -2.0895939 2.3080959 -0.5170110
vn 0.6261294 -0.1674079 -0.7615357
v -2.0489430 2.3080959 -0.4868041
vn 0.6977279 -0.1674067 -0.6965278
v -2.0114479 2.3080959 -0.4527580
vn 0.7626933 -0.1674985 -0.6246945
v -1.9774719 2.3080959 -0.4152010
vn 0.8202028 -0.1675006 -0.5470018
v -1.9473400 2.3080959 -0.3744950
vn 0.8699063 -0.1675012 -0.4639034
v -1.9213430 2.3080959 -0.3310310
vn 0.9111915 -0.1674984 -0.3763965
v -1.8997310 2.3080959 -0.2852280
vn 0.9437054 -0.1674010 -0.2853016
v -1.8827130 2.3080959 -0.2375280
vn 0.9671295 -0.1674051 -0.1914058
v -1.8704530 2.3080959 -0.1883890
vn 0.9812156 -0.1675027 -0.0957015
v -1.8630680 2.3080959 -0.1382850
vn 0.9858725 -0.1674953 0.0009000
v -1.8606290 2.3080959 -0.0876980
vn 0.9810376 -0.1675064 0.0975037
v -1.8631610 2.3080959 -0.0371160
vn 0.9667525 -0.1675091 0.1932105
v -1.8706380 2.3080959 0.0129740
vn 0.9431647 -0.1675115 0.2870197
v -1.8829890 2.3080959 0.0620910
vn 0.9105034 -0.1674006 0.3781014
v -1.9000950 2.3080959 0.1097600
vn 0.8690548 -0.1674106 0.4655293
v -1.9217900 2.3080959 0.1555230
vn 0.8192149 -0.1674031 0.5485100
v -1.9478680 2.3080959 0.1989390
vn 0.7615357 -0.1674079 0.6261294
v -1.9780740 2.3080959 0.2395890
vn 0.6965161 -0.1675039 0.6977161
v -2.0121200 2.3080959 0.2770840
vn 0.6246945 -0.1674985 0.7626933
v -2.0496769 2.3080959 0.3110610
vn 0.5470018 -0.1675006 0.8202028
v -2.0903840 2.3080959 0.3411930
vn 0.4639034 -0.1675012 0.8699063
v -2.1338480 2.3080959 0.3671900
vn 0.3763965 -0.1674984 0.9111915
v -2.1796501 2.3080959 0.3888010
vn 0.2852969 -0.1674982 0.9436896
v -2.2273510 2.3080959 0.4058190
vn 0.1914026 -0.1675023 0.9671133
v -2.2764900 2.3080959 0.4180800
vn 0.0957015 -0.1675027 0.9812156
v -2.3265941 2.3080959 0.4254650
vn -0.0010000 -0.1187035 0.9929293
v -2.3772640 2.3468800 0.4334730
vn -0.0984041 -0.1187050 0.9880414
v -2.4283919 2.3468800 0.4309070
vn -0.1947103 -0.1187062 0.9736513
v -2.4790211 2.3468800 0.4233410
vn -0.2891948 -0.1186978 0.9498827
v -2.5286660 2.3468800 0.4108490
vn -0.3809229 -0.1187071 0.9169550
v -2.5768471 2.3468800 0.3935520
vn -0.4689940 -0.1186985 0.8751888
v -2.6231010 2.3468800 0.3716150
vn -0.5525081 -0.1187017 0.8250120
v -2.6669810 2.3468800 0.3452500
vn -0.6306976 -0.1186995 0.7668970
v -2.7080660 2.3468800 0.3147110
vn -0.7028565 -0.1187095 0.7013564
v -2.7459600 2.3468800 0.2802920
vn -0.7682047 -0.1187007 0.6291039
v -2.7802980 2.3468800 0.2423240
vn -0.8262138 -0.1187020 0.5507092
v -2.8107491 2.3468800 0.2011740
vn -0.8762007 -0.1187001 0.4671003
v -2.8370199 2.3468800 0.1572370
vn -0.9177598 -0.1186948 0.3789834
v -2.8588581 2.3468800 0.1109360
vn -0.9504887 -0.1186986 0.2871966
v -2.8760519 2.3468800 0.0627180
vn -0.9740543 -0.1186944 0.1926910
v -2.8884370 2.3468800 0.0130470
vn -0.9882505 -0.1186940 0.0962952
v -2.8958950 2.3468800 -0.0375990
vn -0.9929293 -0.1187035 -0.0010000
v -2.8983519 2.3468800 -0.0887320
vn -0.9880414 -0.1187050 -0.0984041
v -2.8957851 2.3468800 -0.1398590
vn -0.9736513 -0.1187062 -0.1947103
v -2.8882191 2.3468800 -0.1904890
vn -0.9498827 -0.1186978 -0.2891948
v -2.8757279 2.3468800 -0.2401340
vn -0.9169550 -0.1187071 -0.3809229
v -2.8584299 2.3468800 -0.2883150
vn -0.8751888 -0.1186985 -0.4689940
v -2.8364930 2.3468800 -0.3345680
vn -0.8250120 -0.1187017 -0.5525081
v -2.8101280 2.3468800 -0.3784490
vn -0.7668970 -0.1186995 -0.6306976
v -2.7795889 2.3468800 -0.4195340
vn -0.7013564 -0.1187095 -0.7028565
v -2.7451701 2.3468800 -0.4574280
vn -0.6291039 -0.1187007 -0.7682047
v -2.7072020 2.3468800 -0.4917660
vn -0.5507092 -0.1187020 -0.8262138
v -2.6660521 2.3468800 -0.5222160
vn -0.4671003 -0.1187001 -0.8762007
v -2.6221149 2.3468800 -0.5484870
vn -0.3789834 -0.1186948 -0.9177598
v -2.5758150 2.3468800 -0.5703250
vn -0.2871966 -0.1186986 -0.9504887
v -2.5275970 2.3468800 -0.5875201
vn -0.1926910 -0.1186944 -0.9740543
v -2.4779260 2.3468800 -0.5999050
vn -0.0962952 -0.1186940 -0.9882505
v -2.4272799 2.3468800 -0.6073620
vn 0.0010000 -0.1187035 -0.9929293
v -2.3761470 2.3468800 -0.6098190
vn 0.0984041 -0.1187050 -0.9880414
v -2.3250189 2.3468800 -0.6072530
vn 0.1947103 -0.1187062 -0.9736513
v -2.2743890 2.3468800 -0.5996870
vn 0.2891948 -0.1186978 -0.9498827
v -2.2247450 2.3468800 -0.5871950
vn 0.3809229 -0.1187071 -0.9169550
v -2.1765640 2.3468800 -0.5698981
vn 0.4689940 -0.1186985 -0.8751888
v -2.1303101 2.3468800 -0.5479611
vn 0.5525081 -0.1187017 -0.8250120
v -2.0864301 2.3468800 -0.5215960
vn 0.6306976 -0.1186995 -0.7668970
v -2.0453451 2.3468800 -0.4910570
vn 0.7028565 -0.1187095 -0.7013564
v -2.0074511 2.3468800 -0.4566380
vn 0.7682047 -0.1187007 -0.6291039
v -1.9731129 2.3468800 -0.4186700
vn 0.8262138 -0.1187020 -0.5507092
v -1.9426620 2.3468800 -0.3775200
vn 0.8762007 -0.1187001 -0.4671003
v -1.9163910 2.3468800 -0.3335831
vn 0.9177598 -0.1186948 -0.3789834
v -1.8945529 2.3468800 -0.2872820
vn 0.9504887 -0.1186986 -0.2871966
v -1.8773590 2.3468800 -0.2390640
vn 0.9740543 -0.1186944 -0.1926910
v -1.8649729 2.3468800 -0.1893930
vn 0.9882505 -0.1186940 -0.0962952
v -1.8575161 2.3468800 -0.1387470
vn 0.9929293 -0.1187035 0.0010000
v -1.8550590 2.3468800 -0.0876140
vn 0.9880414 -0.1187050 0.0984041
v -1.8576260 2.3468800 -0.0364870
vn 0.9736513 -0.1187062 0.1947103
v -1.8651910 2.3468800 0.0141430
vn 0.9498827 -0.1186978 0.2891948
v -1.8776830 2.3468800 0.0637880
vn 0.9169550 -0.1187071 0.3809229
v -1.8949810 2.3468800 0.1119680
vn 0.8751888 -0.1186985 0.4689940
v -1.9169180 2.3468800 0.1582220
vn 0.8250120 -0.1187017 0.5525081
v -1.9432830 2.3468800 0.2021030
vn 0.7668970 -0.1186995 0.6306976
v -1.9738220 2.3468800 0.2431880
vn 0.7013564 -0.1187095 0.7028565
v -2.0082409 2.3468800 0.2810820
vn 0.6291039 -0.1187007 0.7682047
v -2.0462079 2.3468800 0.3154190
vn 0.5507092 -0.1187020 0.8262138
v -2.0873590 2.3468800 0.3458700
vn 0.4671003 -0.1187001 0.8762007
v -2.1312959 2.3468800 0.3721410
vn 0.3789834 -0.1186948 0.9177598
v -2.1775961 2.3468800 0.3939790
vn 0.2871966 -0.1186986 0.9504887
v -2.2258141 2.3468800 0.4111740
vn 0.1926910 -0.1186944 0.9740543
v -2.2754850 2.3468800 0.4235590
vn 0.0962952 -0.1186940 0.9882505
v -2.3261311 2.3468800 0.4310160
vn -0.0012000 -0.0736985 0.9972799
v -2.3773570 2.3864019 0.4372580
vn -0.0990053 -0.0737040 0.9923536
v -2.4288549 2.3864019 0.4346640
vn -0.1956982 -0.0736993 0.9778909
v -2.4798510 2.3864019 0.4270340
vn -0.2906921 -0.0736980 0.9539742
v -2.5298531 2.3864019 0.4144440
vn -0.3827954 -0.0736991 0.9208888
v -2.5783811 2.3864019 0.3970120
vn -0.4712174 -0.0737027 0.8789324
v -2.6249659 2.3864019 0.3749080
vn -0.5551056 -0.0737007 0.8285083
v -2.6691611 2.3864019 0.3483450
vn -0.6336207 -0.0737024 0.7701252
v -2.7105391 2.3864019 0.3175770
vn -0.7060331 -0.0737035 0.7043331
v -2.7487020 2.3864019 0.2829020
vn -0.7717010 -0.0737001 0.6317008
v -2.7832820 2.3864019 0.2446530
vn -0.8299105 -0.0737009 0.5530069
v -2.8139470 2.3864019 0.2031990
vn -0.8801138 -0.0737012 0.4690073
v -2.8404009 2.3864019 0.1589390
vn -0.9218336 -0.0737027 0.3805138
v -2.8623891 2.3864019 0.1122990
vn -0.9546997 -0.0737000 0.2882999
v -2.8796999 2.3864019 0.0637280
vn -0.9783648 -0.0737049 0.1933128
v -2.8921671 2.3864019 0.0136940
vn -0.9926006 -0.0737000 0.0965001
v -2.8996699 2.3864019 -0.0373200
vn -0.9972799 -0.0736985 -0.0012000
v -2.9021361 2.3864019 -0.0888250
vn -0.9923536 -0.0737040 -0.0990054
v -2.8995421 2.3864019 -0.1403230
vn -0.9778909 -0.0736993 -0.1956982
v -2.8919129 2.3864019 -0.1913190
vn -0.9539742 -0.0736980 -0.2906921
v -2.8793221 2.3864019 -0.2413210
vn -0.9208888 -0.0736991 -0.3827954
v -2.8618910 2.3864019 -0.2898490
vn -0.8789324 -0.0737027 -0.4712174
v -2.8397870 2.3864019 -0.3364341
vn -0.8285083 -0.0737007 -0.5551056
v -2.8132229 2.3864019 -0.3806290
vn -0.7701252 -0.0737024 -0.6336207
v -2.7824550 2.3864019 -0.4220061
vn -0.7043331 -0.0737035 -0.7060331
v -2.7477801 2.3864019 -0.4601690
vn -0.6317008 -0.0737001 -0.7717010
v -2.7095320 2.3864019 -0.4947500
vn -0.5530069 -0.0737009 -0.8299105
v -2.6680770 2.3864019 -0.5254150
vn -0.4690074 -0.0737012 -0.8801138
v -2.6238170 2.3864019 -0.5518690
vn -0.3805138 -0.0737027 -0.9218336
v -2.5771770 2.3864019 -0.5738570
vn -0.2882999 -0.0737000 -0.9546997
v -2.5286059 2.3864019 -0.5911680
vn -0.1933128 -0.0737049 -0.9783649
v -2.4785731 2.3864019 -0.6036350
vn -0.0965001 -0.0737000 -0.9926007
v -2.4275579 2.3864019 -0.6111370
vn 0.0012000 -0.0736985 -0.9972799
v -2.3760540 2.3864019 -0.6136040
vn 0.0990053 -0.0737040 -0.9923536
v -2.3245561 2.3864019 -0.6110100
vn 0.1956982 -0.0736993 -0.9778909
v -2.2735600 2.3864019 -0.6033810
vn 0.2906921 -0.0736980 -0.9539742
v -2.2235570 2.3864019 -0.5907900
vn 0.3827954 -0.0736991 -0.9208888
v -2.1750300 2.3864019 -0.5733580
vn 0.4712174 -0.0737027 -0.8789324
v -2.1284440 2.3864019 -0.5512540
vn 0.5551056 -0.0737007 -0.8285083
v -2.0842500 2.3864019 -0.5246910
vn 0.6336207 -0.0737024 -0.7701252
v -2.0428720 2.3864019 -0.4939230
vn 0.7060331 -0.0737035 -0.7043331
v -2.0047090 2.3864019 -0.4592480
vn 0.7717010 -0.0737001 -0.6317008
v -1.9701290 2.3864019 -0.4209990
vn 0.8299105 -0.0737009 -0.5530069
v -1.9394640 2.3864019 -0.3795450
vn 0.8801138 -0.0737012 -0.4690073
v -1.9130100 2.3864019 -0.3352850
vn 0.9218336 -0.0737027 -0.3805138
v -1.8910210 2.3864019 -0.2886450
vn 0.9546997 -0.0737000 -0.2882999
v -1.8737110 2.3864019 -0.2400740
vn 0.9783648 -0.0737049 -0.1933128
v -1.8612440 2.3864019 -0.1900410
vn 0.9926006 -0.0737000 -0.0965001
v -1.8537410 2.3864019 -0.1390260
vn 0.9972799 -0.0736985 0.0012000
v -1.8512750 2.3864019 -0.0875220
vn 0.9923536 -0.0737040 0.0990054
v -1.8538690 2.3864019 -0.0360230
vn 0.9778909 -0.0736993 0.1956982
v -1.8614980 2.3864019 0.0149720
vn 0.9539742 -0.0736980 0.2906921
v -1.8740890 2.3864019 0.0649750
vn 0.9208888 -0.0736991 0.3827954
v -1.8915200 2.3864019 0.1135030
vn 0.8789324 -0.0737027 0.4712174
v -1.9136240 2.3864019 0.1600880
vn 0.8285083 -0.0737007 0.5551056
v -1.9401881 2.3864019 0.2042820
vn 0.7701252 -0.0737024 0.6336207
v -1.9709550 2.3864019 0.2456600
vn 0.7043331 -0.0737035 0.7060331
v -2.0056310 2.3864019 0.2838230
vn 0.6317008 -0.0737001 0.7717010
v -2.0438800 2.3864019 0.3184040
vn 0.5530069 -0.0737009 0.8299105
v -2.0853331 2.3864019 0.3490690
vn 0.4690074 -0.0737012 0.8801138
v -2.1295941 2.3864019 0.3755230
vn 0.3805138 -0.0737027 0.9218336
v -2.1762340 2.3864019 0.3975110
vn 0.2882999 -0.0737000 0.9546997
v -2.2248051 2.3864019 0.4148220
vn 0.1933128 -0.0737049 0.9783649
v -2.2748380 2.3864019 0.4272890
vn 0.0965001 -0.0737000 0.9926007
v -2.3258531 2.3864019 0.4347910
vn -0.0014000 -0.0320995 0.9994838
v -2.3774600 2.4265139 0.4393500
vn -0.0994029 -0.0321009 0.9945294
v -2.4291620 2.4265139 0.4367360
vn -0.1963997 -0.0320999 0.9799984
v -2.4803600 2.4265139 0.4290670
vn -0.2915090 -0.0321010 0.9560294
v -2.5305591 2.4265139 0.4164160
vn -0.3838206 -0.0321017 0.9228495
v -2.5792770 2.4265139 0.3989060
vn -0.4723998 -0.0321000 0.8807997
v -2.6260431 2.4265139 0.3767050
vn -0.5564436 -0.0321025 0.8302650
v -2.6704090 2.4265139 0.3500280
vn -0.6351904 -0.0320995 0.7716883
v -2.7119460 2.4265139 0.3191300
vn -0.7077417 -0.0321019 0.7057416
v -2.7502539 2.4265139 0.2843090
vn -0.7734916 -0.0320997 0.6329932
v -2.7849650 2.4265139 0.2459010
vn -0.8318214 -0.0321008 0.5541143
v -2.8157439 2.4265139 0.2042760
vn -0.8821279 -0.0321010 0.4699149
v -2.8422949 2.4265139 0.1598350
vn -0.9239653 -0.0321023 0.3811269
v -2.8643620 2.4265139 0.1130050
vn -0.9568745 -0.0321025 0.2887225
v -2.8817329 2.4265139 0.0642370
vn -0.9805532 -0.0321017 0.1936105
v -2.8942399 2.4265139 0.0140020
vn -0.9948151 -0.0321005 0.0965015
v -2.9017620 2.4265139 -0.0372170
vn -0.9994838 -0.0320995 -0.0014000
v -2.9042289 2.4265139 -0.0889270
vn -0.9945294 -0.0321009 -0.0994029
v -2.9016149 2.4265139 -0.1406300
vn -0.9799984 -0.0320999 -0.1963997
v -2.8939450 2.4265139 -0.1918280
vn -0.9560294 -0.0321010 -0.2915090
v -2.8812950 2.4265139 -0.2420270
vn -0.9228495 -0.0321017 -0.3838206
v -2.8637850 2.4265139 -0.2907440
vn -0.8807997 -0.0321000 -0.4723998
v -2.8415840 2.4265139 -0.3375110
vn -0.8302650 -0.0321025 -0.5564436
v -2.8149059 2.4265139 -0.3818770
vn -0.7716883 -0.0320995 -0.6351904
v -2.7840080 2.4265139 -0.4234130
vn -0.7057416 -0.0321019 -0.7077417
v -2.7491870 2.4265139 -0.4617220
vn -0.6329932 -0.0320997 -0.7734916
v -2.7107799 2.4265139 -0.4964330
vn -0.5541143 -0.0321008 -0.8318214
v -2.6691549 2.4265139 -0.5272120
vn -0.4699149 -0.0321010 -0.8821279
v -2.6247129 2.4265139 -0.5537630
vn -0.3811269 -0.0321023 -0.9239652
v -2.5778830 2.4265139 -0.5758300
vn -0.2887225 -0.0321025 -0.9568745
v -2.5291159 2.4265139 -0.5932000
vn -0.1936105 -0.0321017 -0.9805532
v -2.4788799 2.4265139 -0.6057070
vn -0.0965015 -0.0321005 -0.9948151
v -2.4276609 2.4265139 -0.6132300
vn 0.0014000 -0.0320995 -0.9994838
v -2.3759511 2.4265139 -0.6156960
vn 0.0994029 -0.0321009 -0.9945294
v -2.3242481 2.4265139 -0.6130820
vn 0.1963997 -0.0320999 -0.9799984
v -2.2730510 2.4265139 -0.6054130
vn 0.2915090 -0.0321010 -0.9560294
v -2.2228520 2.4265139 -0.5927630
vn 0.3838206 -0.0321017 -0.9228495
v -2.1741340 2.4265139 -0.5752531
vn 0.4723998 -0.0321000 -0.8807997
v -2.1273670 2.4265139 -0.5530520
vn 0.5564436 -0.0321025 -0.8302650
v -2.0830021 2.4265139 -0.5263740
vn 0.6351904 -0.0320995 -0.7716883
v -2.0414650 2.4265139 -0.4954761
vn 0.7077417 -0.0321019 -0.7057416
v -2.0031569 2.4265139 -0.4606550
vn 0.7734916 -0.0320997 -0.6329932
v -1.9684460 2.4265139 -0.4222470
vn 0.8318214 -0.0321008 -0.5541143
v -1.9376670 2.4265139 -0.3806220
vn 0.8821279 -0.0321010 -0.4699149
v -1.9111160 2.4265139 -0.3361810
vn 0.9239653 -0.0321023 -0.3811269
v -1.8890491 2.4265139 -0.2893510
vn 0.9568745 -0.0321025 -0.2887225
v -1.8716780 2.4265139 -0.2405830
vn 0.9805532 -0.0321017 -0.1936105
v -1.8591710 2.4265139 -0.1903480
vn 0.9948151 -0.0321005 -0.0965015
v -1.8516480 2.4265139 -0.1391290
vn 0.9994838 -0.0320995 0.0014000
v -1.8491820 2.4265139 -0.0874190
vn 0.9945294 -0.0321009 0.0994029
v -1.8517960 2.4265139 -0.0357160
vn 0.9799984 -0.0320999 0.1963997
v -1.8594650 2.4265139 0.0154810
vn 0.9560294 -0.0321010 0.2915090
v -1.8721160 2.4265139 0.0656810
vn 0.9228495 -0.0321017 0.3838206
v -1.8896260 2.4265139 0.1143980
vn 0.8807997 -0.0321000 0.4723998
v -1.9118270 2.4265139 0.1611650
vn 0.8302650 -0.0321025 0.5564436
v -1.9385051 2.4265139 0.2055300
vn 0.7716883 -0.0320995 0.6351904
v -1.9694030 2.4265139 0.2470670
vn 0.7057416 -0.0321019 0.7077417
v -2.0042231 2.4265139 0.2853760
vn 0.6329932 -0.0320997 0.7734916
v -2.0426309 2.4265139 0.3200870
vn 0.5541143 -0.0321008 0.8318214
v -2.0842559 2.4265139 0.3508660
vn 0.4699149 -0.0321010 0.8821279
v -2.1286981 2.4265139 0.3774170
vn 0.3811269 -0.0321023 0.9239652
v -2.1755280 2.4265139 0.3994840
vn 0.2887225 -0.0321025 0.9568745
v -2.2242949 2.4265139 0.4168540
vn 0.1936105 -0.0321017 0.9805532
v -2.2745299 2.4265139 0.4293610
vn 0.0965015 -0.0321005 0.9948151
v -2.3257501 2.4265139 0.4368840
vn -0.0016000 0.0061999 0.9999795
v -2.3775730 2.4670639 0.4398460
vn -0.0996008 0.0062001 0.9950082
v -2.4293230 2.4670639 0.4372180
vn -0.1967085 0.0062003 0.9804425
v -2.4805670 2.4670639 0.4295310
vn -0.2918166 0.0062004 0.9564543
v -2.5308111 2.4670639 0.4168580
vn -0.3842103 0.0062002 0.9232248
v -2.5795710 2.4670639 0.3993210
vn -0.4728200 0.0062003 0.8811373
v -2.6263771 2.4670639 0.3770890
vn -0.5569261 0.0062003 0.8305389
v -2.6707780 2.4670639 0.3503770
vn -0.6356460 0.0062004 0.7719558
v -2.7123470 2.4670639 0.3194410
vn -0.7082423 0.0062004 0.7059422
v -2.7506840 2.4670639 0.2845790
vn -0.7740270 0.0062002 0.6331221
v -2.7854199 2.4670639 0.2461280
vn -0.8323727 0.0061998 0.5541818
v -2.8162191 2.4670639 0.2044570
vn -0.8826984 0.0062000 0.4698991
v -2.8427849 2.4670639 0.1599680
vn -0.9245112 0.0062001 0.3811046
v -2.8648629 2.4670639 0.1130900
vn -0.9573996 0.0062000 0.2886999
v -2.8822401 2.4670639 0.0642730
vn -0.9810814 0.0061999 0.1934963
v -2.8947480 2.4670639 0.0139880
vn -0.9953232 0.0062001 0.0964023
v -2.9022670 2.4670639 -0.0372810
vn -0.9999795 0.0061999 -0.0016000
v -2.9047239 2.4670639 -0.0890400
vn -0.9950082 0.0062001 -0.0996008
v -2.9020970 2.4670639 -0.1407910
vn -0.9804425 0.0062003 -0.1967085
v -2.8944089 2.4670639 -0.1920350
vn -0.9564542 0.0062004 -0.2918165
v -2.8817360 2.4670639 -0.2422790
vn -0.9232248 0.0062002 -0.3842103
v -2.8641989 2.4670639 -0.2910380
vn -0.8811373 0.0062003 -0.4728200
v -2.8419681 2.4670639 -0.3378440
vn -0.8305389 0.0062003 -0.5569261
v -2.8152549 2.4670639 -0.3822460
vn -0.7719558 0.0062004 -0.6356460
v -2.7843189 2.4670639 -0.4238150
vn -0.7059422 0.0062004 -0.7082423
v -2.7494581 2.4670639 -0.4621521
vn -0.6331221 0.0062002 -0.7740270
v -2.7110071 2.4670639 -0.4968870
vn -0.5541818 0.0061998 -0.8323727
v -2.6693361 2.4670639 -0.5276861
vn -0.4698991 0.0062000 -0.8826984
v -2.6248469 2.4670639 -0.5542530
vn -0.3811046 0.0062001 -0.9245112
v -2.5779679 2.4670639 -0.5763310
vn -0.2886999 0.0062000 -0.9573996
v -2.5291510 2.4670639 -0.5937070
vn -0.1934963 0.0061999 -0.9810814
v -2.4788661 2.4670639 -0.6062151
vn -0.0964023 0.0062001 -0.9953232
v -2.4275970 2.4670639 -0.6137341
vn 0.0016000 0.0061999 -0.9999795
v -2.3758380 2.4670639 -0.6161920
vn 0.0996008 0.0062001 -0.9950082
v -2.3240869 2.4670639 -0.6135640
vn 0.1967085 0.0062003 -0.9804425
v -2.2728429 2.4670639 -0.6058770
vn 0.2918166 0.0062004 -0.9564543
v -2.2226000 2.4670639 -0.5932040
vn 0.3842103 0.0062002 -0.9232248
v -2.1738400 2.4670639 -0.5756670
vn 0.4728200 0.0062003 -0.8811373
v -2.1270339 2.4670639 -0.5534350
vn 0.5569261 0.0062003 -0.8305389
v -2.0826330 2.4670639 -0.5267230
vn 0.6356460 0.0062004 -0.7719558
v -2.0410631 2.4670639 -0.4957870
vn 0.7082423 0.0062004 -0.7059422
v -2.0027270 2.4670639 -0.4609260
vn 0.7740270 0.0062002 -0.6331221
v -1.9679910 2.4670639 -0.4224740
vn 0.8323727 0.0061998 -0.5541818
v -1.9371920 2.4670639 -0.3808040
vn 0.8826984 0.0062000 -0.4698991
v -1.9106261 2.4670639 -0.3363150
vn 0.9245112 0.0062001 -0.3811046
v -1.8885480 2.4670639 -0.2894360
vn 0.9573996 0.0062000 -0.2886999
v -1.8711710 2.4670639 -0.2406190
vn 0.9810814 0.0061999 -0.1934963
v -1.8586630 2.4670639 -0.1903340
vn 0.9953232 0.0062001 -0.0964023
v -1.8511440 2.4670639 -0.1390650
vn 0.9999795 0.0061999 0.0016000
v -1.8486871 2.4670639 -0.0873060
vn 0.9950082 0.0062001 0.0996008
v -1.8513139 2.4670639 -0.0355550
vn 0.9804425 0.0062003 0.1967085
v -1.8590010 2.4670639 0.0156890
vn 0.9564542 0.0062004 0.2918165
v -1.8716750 2.4670639 0.0659330
vn 0.9232248 0.0062002 0.3842103
v -1.8892120 2.4670639 0.1146920
vn 0.8811373 0.0062003 0.4728200
v -1.9114430 2.4670639 0.1614980
vn 0.8305389 0.0062003 0.5569261
v -1.9381560 2.4670639 0.2059000
vn 0.7719558 0.0062004 0.6356460
v -1.9690911 2.4670639 0.2474690
vn 0.7059422 0.0062004 0.7082423
v -2.0039530 2.4670639 0.2858060
vn 0.6331221 0.0062002 0.7740270
v -2.0424039 2.4670639 0.3205410
vn 0.5541818 0.0061998 0.8323727
v -2.0840750 2.4670639 0.3513400
vn 0.4698991 0.0062000 0.8826984
v -2.1285639 2.4670639 0.3779070
vn 0.3811046 0.0062001 0.9245112
v -2.1754420 2.4670639 0.3999850
vn 0.2886999 0.0062000 0.9573996
v -2.2242601 2.4670639 0.4173610
vn 0.1934963 0.0061999 0.9810814
v -2.2745450 2.4670639 0.4298690
vn 0.0964023 0.0062001 0.9953232
v -2.3258140 2.4670639 0.4373880
vn -0.0019001 0.0417012 0.9991283
v -2.3776960 2.5079041 0.4388380
vn -0.0998033 0.0417014 0.9941330
v -2.4293480 2.5079041 0.4362030
vn -0.1967916 0.0416982 0.9795582
v -2.4804921 2.5079041 0.4285180
vn -0.2918195 0.0417028 0.9555638
v -2.5306370 2.5079041 0.4158570
vn -0.3841175 0.0417019 0.9223420
v -2.5792990 2.5079041 0.3983420
vn -0.4726374 0.0417033 0.8802697
v -2.6260099 2.5079041 0.3761420
vn -0.5566154 0.0417012 0.8297231
v -2.6703210 2.5079041 0.3494700
vn -0.6353190 0.0417012 0.7711231
v -2.7118030 2.5079041 0.3185830
vn -0.7078404 0.0417024 0.7051403
v -2.7500589 2.5079041 0.2837790
vn -0.7735113 0.0417006 0.6324092
v -2.7847190 2.5079041 0.2453930
vn -0.8318031 0.0417002 0.5535021
v -2.8154490 2.5079041 0.2037940
vn -0.8820418 0.0417020 0.4693222
v -2.8419540 2.5079041 0.1593840
vn -0.9237992 0.0417000 0.3805997
v -2.8639791 2.5079041 0.1125900
vn -0.9566566 0.0417025 0.2882170
v -2.8813109 2.5079041 0.0638620
vn -0.9802929 0.0416997 0.1930986
v -2.8937831 2.5079041 0.0136700
vn -0.9945074 0.0417003 0.0960007
v -2.9012761 2.5079041 -0.0375030
vn -0.9991283 0.0417012 -0.0019001
v -2.9037161 2.5079041 -0.0891640
vn -0.9941329 0.0417014 -0.0998033
v -2.9010811 2.5079041 -0.1408150
vn -0.9795582 0.0416982 -0.1967916
v -2.8933959 2.5079041 -0.1919600
vn -0.9555638 0.0417028 -0.2918195
v -2.8807349 2.5079041 -0.2421040
vn -0.9223420 0.0417019 -0.3841175
v -2.8632209 2.5079041 -0.2907670
vn -0.8802697 0.0417033 -0.4726374
v -2.8410201 2.5079041 -0.3374780
vn -0.8297231 0.0417012 -0.5566154
v -2.8143480 2.5079041 -0.3817890
vn -0.7711231 0.0417012 -0.6353190
v -2.7834620 2.5079041 -0.4232710
vn -0.7051403 0.0417024 -0.7078404
v -2.7486570 2.5079041 -0.4615270
vn -0.6324092 0.0417006 -0.7735113
v -2.7102709 2.5079041 -0.4961860
vn -0.5535021 0.0417002 -0.8318032
v -2.6686730 2.5079041 -0.5269170
vn -0.4693222 0.0417020 -0.8820418
v -2.6242630 2.5079041 -0.5534220
vn -0.3805997 0.0417000 -0.9237992
v -2.5774679 2.5079041 -0.5754470
vn -0.2882170 0.0417025 -0.9566566
v -2.5287399 2.5079041 -0.5927780
vn -0.1930986 0.0416997 -0.9802929
v -2.4785480 2.5079041 -0.6052510
vn -0.0960007 0.0417003 -0.9945074
v -2.4273751 2.5079041 -0.6127430
vn 0.0019001 0.0417012 -0.9991283
v -2.3757150 2.5079041 -0.6151840
vn 0.0998033 0.0417014 -0.9941330
v -2.3240631 2.5079041 -0.6125490
vn 0.1967916 0.0416982 -0.9795582
v -2.2729189 2.5079041 -0.6048641
vn 0.2918195 0.0417028 -0.9555638
v -2.2227740 2.5079041 -0.5922030
vn 0.3841175 0.0417019 -0.9223420
v -2.1741121 2.5079041 -0.5746880
vn 0.4726374 0.0417033 -0.8802697
v -2.1273999 2.5079041 -0.5524880
vn 0.5566154 0.0417012 -0.8297231
v -2.0830901 2.5079041 -0.5258160
vn 0.6353190 0.0417012 -0.7711231
v -2.0416069 2.5079041 -0.4949290
vn 0.7078404 0.0417024 -0.7051403
v -2.0033519 2.5079041 -0.4601250
vn 0.7735113 0.0417006 -0.6324092
v -1.9686919 2.5079041 -0.4217390
vn 0.8318031 0.0417002 -0.5535021
v -1.9379610 2.5079041 -0.3801400
vn 0.8820418 0.0417020 -0.4693222
v -1.9114560 2.5079041 -0.3357300
vn 0.9237992 0.0417000 -0.3805997
v -1.8894320 2.5079041 -0.2889360
vn 0.9566566 0.0417025 -0.2882170
v -1.8721000 2.5079041 -0.2402080
vn 0.9802929 0.0416997 -0.1930986
v -1.8596280 2.5079041 -0.1900160
vn 0.9945074 0.0417003 -0.0960007
v -1.8521349 2.5079041 -0.1388430
vn 0.9991283 0.0417012 0.0019001
v -1.8496950 2.5079041 -0.0871820
vn 0.9941329 0.0417014 0.0998033
v -1.8523290 2.5079041 -0.0355310
vn 0.9795582 0.0416982 0.1967916
v -1.8600140 2.5079041 0.0156140
vn 0.9555638 0.0417028 0.2918195
v -1.8726749 2.5079041 0.0657580
vn 0.9223420 0.0417019 0.3841175
v -1.8901900 2.5079041 0.1144210
vn 0.8802697 0.0417033 0.4726374
v -1.9123909 2.5079041 0.1611320
vn 0.8297231 0.0417012 0.5566154
v -1.9390630 2.5079041 0.2054420
vn 0.7711231 0.0417012 0.6353190
v -1.9699490 2.5079041 0.2469250
vn 0.7051403 0.0417024 0.7078404
v -2.0047531 2.5079041 0.2851810
vn 0.6324092 0.0417006 0.7735113
v -2.0431390 2.5079041 0.3198400
vn 0.5535021 0.0417002 0.8318032
v -2.0847380 2.5079041 0.3505710
vn 0.4693222 0.0417020 0.8820418
v -2.1291480 2.5079041 0.3770760
vn 0.3805997 0.0417000 0.9237992
v -2.1759429 2.5079041 0.3991010
vn 0.2882170 0.0417025 0.9566566
v -2.2246709 2.5079041 0.4164320
vn 0.1930986 0.0416997 0.9802929
v -2.2748630 2.5079041 0.4289050
vn 0.0960007 0.0417003 0.9945074
v -2.3260360 2.5079041 0.4363970
vn -0.0021000 0.0747997 0.9971964
v -2.3778310 2.5488820 0.4364200
vn -0.0998982 0.0747987 0.9921823
v -2.4292450 2.5488820 0.4337840
vn -0.1966051 0.0748019 0.9776253
v -2.4801531 2.5488820 0.4261210
vn -0.2915116 0.0748030 0.9536380
v -2.5300641 2.5488820 0.4135050
vn -0.3835877 0.0747976 0.9204705
v -2.5784991 2.5488820 0.3960570
vn -0.4719304 0.0748048 0.8784566
v -2.6249900 2.5488820 0.3739460
vn -0.5558203 0.0748027 0.8279302
v -2.6690900 2.5488820 0.3473850
vn -0.6342804 0.0747977 0.7694763
v -2.7103741 2.5488820 0.3166290
vn -0.7066242 0.0748026 0.7036241
v -2.7484450 2.5488820 0.2819740
vn -0.7722299 0.0748029 0.6309244
v -2.7829361 2.5488820 0.2437550
vn -0.8303341 0.0748031 0.5522227
v -2.8135140 2.5488820 0.2023390
vn -0.8804619 0.0747968 0.4681797
v -2.8398860 2.5488820 0.1581260
vn -0.9221187 0.0748015 0.3796076
v -2.8617971 2.5488820 0.1115400
vn -0.9548867 0.0747990 0.2873960
v -2.8790369 2.5488820 0.0630310
vn -0.9784633 0.0747972 0.1923928
v -2.8914380 2.5488820 0.0130660
vn -0.9926054 0.0748004 0.0956005
v -2.8988831 2.5488820 -0.0378740
vn -0.9971964 0.0747997 -0.0021000
v -2.9012990 2.5488820 -0.0892990
vn -0.9921823 0.0747987 -0.0998982
v -2.8986621 2.5488820 -0.1407130
vn -0.9776253 0.0748019 -0.1966051
v -2.8909991 2.5488820 -0.1916200
vn -0.9536380 0.0748030 -0.2915116
v -2.8783829 2.5488820 -0.2415320
vn -0.9204705 0.0747976 -0.3835877
v -2.8609359 2.5488820 -0.2899660
vn -0.8784567 0.0748048 -0.4719304
v -2.8388250 2.5488820 -0.3364580
vn -0.8279302 0.0748027 -0.5558203
v -2.8122630 2.5488820 -0.3805580
vn -0.7694763 0.0747977 -0.6342804
v -2.7815070 2.5488820 -0.4218420
vn -0.7036241 0.0748026 -0.7066242
v -2.7468531 2.5488820 -0.4599130
vn -0.6309244 0.0748029 -0.7722299
v -2.7086339 2.5488820 -0.4944031
vn -0.5522227 0.0748031 -0.8303341
v -2.6672180 2.5488820 -0.5249820
vn -0.4681797 0.0747968 -0.8804619
v -2.6230040 2.5488820 -0.5513540
vn -0.3796076 0.0748015 -0.9221187
v -2.5764179 2.5488820 -0.5732650
vn -0.2873960 0.0747990 -0.9548867
v -2.5279100 2.5488820 -0.5905040
vn -0.1923928 0.0747972 -0.9784633
v -2.4779439 2.5488820 -0.6029060
vn -0.0956005 0.0748004 -0.9926054
v -2.4270041 2.5488820 -0.6103510
vn 0.0021000 0.0747997 -0.9971964
v -2.3755801 2.5488820 -0.6127660
vn 0.0998982 0.0747987 -0.9921823
v -2.3241661 2.5488820 -0.6101300
vn 0.1966051 0.0748019 -0.9776253
v -2.2732580 2.5488820 -0.6024670
vn 0.2915116 0.0748030 -0.9536380
v -2.2233460 2.5488820 -0.5898510
vn 0.3835877 0.0747976 -0.9204705
v -2.1749120 2.5488820 -0.5724030
vn 0.4719304 0.0748048 -0.8784566
v -2.1284211 2.5488820 -0.5502920
vn 0.5558203 0.0748027 -0.8279302
v -2.0843210 2.5488820 -0.5237311
vn 0.6342804 0.0747977 -0.7694763
v -2.0430360 2.5488820 -0.4929751
vn 0.7066242 0.0748026 -0.7036241
v -2.0049660 2.5488820 -0.4583200
vn 0.7722299 0.0748029 -0.6309244
v -1.9704750 2.5488820 -0.4201010
vn 0.8303341 0.0748031 -0.5522227
v -1.9398960 2.5488820 -0.3786851
vn 0.8804619 0.0747968 -0.4681797
v -1.9135250 2.5488820 -0.3344720
vn 0.9221187 0.0748015 -0.3796076
v -1.8916130 2.5488820 -0.2878860
vn 0.9548867 0.0747990 -0.2873960
v -1.8743740 2.5488820 -0.2393770
vn 0.9784633 0.0747972 -0.1923928
v -1.8619720 2.5488820 -0.1894120
vn 0.9926054 0.0748004 -0.0956005
v -1.8545280 2.5488820 -0.1384720
vn 0.9971964 0.0747997 0.0021000
v -1.8521121 2.5488820 -0.0870470
vn 0.9921823 0.0747987 0.0998982
v -1.8547480 2.5488820 -0.0356330
vn 0.9776253 0.0748019 0.1966051
v -1.8624120 2.5488820 0.0152740
vn 0.9536380 0.0748030 0.2915116
v -1.8750280 2.5488820 0.0651860
vn 0.9204705 0.0747976 0.3835877
v -1.8924750 2.5488820 0.1136200
vn 0.8784567 0.0748048 0.4719304
v -1.9145859 2.5488820 0.1601110
vn 0.8279302 0.0748027 0.5558203
v -1.9411480 2.5488820 0.2042120
vn 0.7694763 0.0747977 0.6342804
v -1.9719030 2.5488820 0.2454960
vn 0.7036241 0.0748026 0.7066242
v -2.0065579 2.5488820 0.2835670
vn 0.6309244 0.0748029 0.7722299
v -2.0447769 2.5488820 0.3180570
vn 0.5522227 0.0748031 0.8303341
v -2.0861931 2.5488820 0.3486360
vn 0.4681797 0.0747968 0.8804619
v -2.1304071 2.5488820 0.3750080
vn 0.3796076 0.0748015 0.9221187
v -2.1769919 2.5488820 0.3969190
vn 0.2873960 0.0747990 0.9548867
v -2.2255020 2.5488820 0.4141580
vn 0.1923928 0.0747972 0.9784633
v -2.2754660 2.5488820 0.4265600
vn 0.0956005 0.0748004 0.9926054
v -2.3264070 2.5488820 0.4340050
vn -0.0024000 0.1056006 0.9944057
v -2.3779781 2.5898480 0.4326880
vn -0.0998978 0.1055977 0.9893784
v -2.4290249 2.5898480 0.4300550
vn -0.1964040 0.1056022 0.9748198
v -2.4795680 2.5898480 0.4224310
vn -0.2909937 0.1055977 0.9508795
v -2.5291209 2.5898480 0.4098900
vn -0.3827916 0.1055977 0.9177798
v -2.5772059 2.5898480 0.3925530
vn -0.4709179 0.1056040 0.8758334
v -2.6233599 2.5898480 0.3705850
vn -0.5544801 0.1055962 0.8254704
v -2.6671381 2.5898480 0.3442000
vn -0.6327307 0.1056051 0.7671372
v -2.7081201 2.5898480 0.3136500
vn -0.7049010 0.1056001 0.7014009
v -2.7459090 2.5898480 0.2792310
vn -0.7701999 0.1056000 0.6289999
v -2.7801430 2.5898480 0.2412740
vn -0.8281972 0.1055996 0.5503982
v -2.8104920 2.5898480 0.2001440
vn -0.8781323 0.1056039 0.4666172
v -2.8366630 2.5898480 0.1562370
vn -0.9196339 0.1056039 0.3783140
v -2.8584051 2.5898480 0.1099760
vn -0.9523027 0.1056003 0.2863008
v -2.8755071 2.5898480 0.0618070
vn -0.9757769 0.1055975 0.1915955
v -2.8878059 2.5898480 0.0121940
vn -0.9898592 0.1056063 0.0950057
v -2.8951831 2.5898480 -0.0383860
vn -0.9944057 0.1056006 -0.0024000
v -2.8975661 2.5898480 -0.0894460
vn -0.9893784 0.1055977 -0.0998978
v -2.8949330 2.5898480 -0.1404930
vn -0.9748198 0.1056022 -0.1964040
v -2.8873100 2.5898480 -0.1910360
vn -0.9508795 0.1055977 -0.2909937
v -2.8747690 2.5898480 -0.2405890
vn -0.9177798 0.1055977 -0.3827916
v -2.8574309 2.5898480 -0.2886740
vn -0.8758334 0.1056040 -0.4709179
v -2.8354640 2.5898480 -0.3348270
vn -0.8254704 0.1055962 -0.5544801
v -2.8090780 2.5898480 -0.3786060
vn -0.7671372 0.1056051 -0.6327307
v -2.7785289 2.5898480 -0.4195870
vn -0.7014009 0.1056001 -0.7049010
v -2.7441101 2.5898480 -0.4573770
vn -0.6289999 0.1056000 -0.7701999
v -2.7061520 2.5898480 -0.4916111
vn -0.5503982 0.1055996 -0.8281972
v -2.6650219 2.5898480 -0.5219600
vn -0.4666172 0.1056039 -0.8781323
v -2.6211150 2.5898480 -0.5481310
vn -0.3783140 0.1056039 -0.9196339
v -2.5748539 2.5898480 -0.5698730
vn -0.2863008 0.1056003 -0.9523028
v -2.5266860 2.5898480 -0.5869750
vn -0.1915955 0.1055975 -0.9757769
v -2.4770720 2.5898480 -0.5992740
vn -0.0950057 0.1056063 -0.9898592
v -2.4264920 2.5898480 -0.6066501
vn 0.0024000 0.1056006 -0.9944057
v -2.3754330 2.5898480 -0.6090340
vn 0.0998978 0.1055977 -0.9893784
v -2.3243859 2.5898480 -0.6064010
vn 0.1964040 0.1056022 -0.9748198
v -2.2738421 2.5898480 -0.5987770
vn 0.2909937 0.1055977 -0.9508795
v -2.2242899 2.5898480 -0.5862361
vn 0.3827916 0.1055977 -0.9177798
v -2.1762049 2.5898480 -0.5688990
vn 0.4709179 0.1056040 -0.8758334
v -2.1300509 2.5898480 -0.5469310
vn 0.5544801 0.1055962 -0.8254704
v -2.0862730 2.5898480 -0.5205460
vn 0.6327307 0.1056051 -0.7671372
v -2.0452909 2.5898480 -0.4899960
vn 0.7049010 0.1056001 -0.7014009
v -2.0075009 2.5898480 -0.4555770
vn 0.7701999 0.1056000 -0.6289999
v -1.9732670 2.5898480 -0.4176200
vn 0.8281972 0.1055996 -0.5503982
v -1.9429190 2.5898480 -0.3764901
vn 0.8781323 0.1056039 -0.4666172
v -1.9167470 2.5898480 -0.3325830
vn 0.9196339 0.1056039 -0.3783140
v -1.8950059 2.5898480 -0.2863220
vn 0.9523027 0.1056003 -0.2863008
v -1.8779030 2.5898480 -0.2381530
vn 0.9757769 0.1055975 -0.1915955
v -1.8656050 2.5898480 -0.1885400
vn 0.9898592 0.1056063 -0.0950057
v -1.8582280 2.5898480 -0.1379600
vn 0.9944057 0.1056006 0.0024000
v -1.8558450 2.5898480 -0.0869010
vn 0.9893784 0.1055977 0.0998978
v -1.8584770 2.5898480 -0.0358530
vn 0.9748198 0.1056022 0.1964040
v -1.8661010 2.5898480 0.0146900
vn 0.9508795 0.1055977 0.2909937
v -1.8786420 2.5898480 0.0642430
vn 0.9177798 0.1055977 0.3827916
v -1.8959800 2.5898480 0.1123270
vn 0.8758334 0.1056040 0.4709179
v -1.9179471 2.5898480 0.1584810
vn 0.8254704 0.1055962 0.5544801
v -1.9443330 2.5898480 0.2022600
vn 0.7671372 0.1056051 0.6327307
v -1.9748820 2.5898480 0.2432410
vn 0.7014009 0.1056001 0.7049010
v -2.0093009 2.5898480 0.2810310
vn 0.6289999 0.1056000 0.7701999
v -2.0472591 2.5898480 0.3152650
vn 0.5503982 0.1055996 0.8281972
v -2.0883889 2.5898480 0.3456140
vn 0.4666172 0.1056039 0.8781323
v -2.1322961 2.5898480 0.3717850
vn 0.3783140 0.1056039 0.9196339
v -2.1785560 2.5898480 0.3935260
vn 0.2863008 0.1056003 0.9523028
v -2.2267251 2.5898480 0.4106290
vn 0.1915955 0.1055975 0.9757769
v -2.2763391 2.5898480 0.4229280
vn 0.0950057 0.1056063 0.9898592
v -2.3269191 2.5898480 0.4303040
vn -0.0027001 0.1344031 0.9909231
v -2.3781371 2.6306520 0.4277340
vn -0.0998979 0.1343972 0.9858793
v -2.4286981 2.6306520 0.4251090
vn -0.1960095 0.1344065 0.9713472
v -2.4787581 2.6306520 0.4175420
vn -0.2903139 0.1344064 0.9474454
v -2.5278349 2.6306520 0.4051040
vn -0.3817219 0.1344077 0.9144523
v -2.5754571 2.6306520 0.3879150
vn -0.4695178 0.1344051 0.8726330
v -2.6211650 2.6306520 0.3661420
vn -0.5528020 0.1344005 0.8224029
v -2.6645181 2.6306520 0.3399930
vn -0.6308084 0.1344018 0.7642101
v -2.7051001 2.6306520 0.3097200
vn -0.7026380 0.1344073 0.6987378
v -2.7425189 2.6306520 0.2756160
vn -0.7677273 0.1344048 0.6265222
v -2.7764151 2.6306520 0.2380080
vn -0.8254529 0.1344086 0.5482352
v -2.8064620 2.6306520 0.1972590
vn -0.8752068 0.1344010 0.4647036
v -2.8323700 2.6306520 0.1537610
vn -0.9165282 0.1344041 0.3767116
v -2.8538890 2.6306520 0.1079340
vn -0.9490525 0.1344074 0.2850158
v -2.8708129 2.6306520 0.0602170
vn -0.9724227 0.1344031 0.1906044
v -2.8829789 2.6306520 0.0110710
vn -0.9864199 0.1344027 0.0944019
v -2.8902690 2.6306520 -0.0390300
vn -0.9909231 0.1344031 -0.0027001
v -2.8926120 2.6306520 -0.0896040
vn -0.9858793 0.1343972 -0.0998979
v -2.8899879 2.6306520 -0.1401650
vn -0.9713471 0.1344065 -0.1960095
v -2.8824201 2.6306520 -0.1902250
vn -0.9474454 0.1344064 -0.2903139
v -2.8699820 2.6306520 -0.2393030
vn -0.9144523 0.1344077 -0.3817219
v -2.8527939 2.6306520 -0.2869250
vn -0.8726330 0.1344051 -0.4695178
v -2.8310201 2.6306520 -0.3326320
vn -0.8224029 0.1344005 -0.5528020
v -2.8048711 2.6306520 -0.3759860
vn -0.7642583 0.1344102 -0.6307481
v -2.7745991 2.6306520 -0.4165680
vn -0.6987378 0.1344073 -0.7026380
v -2.7404950 2.6306520 -0.4539871
vn -0.6265222 0.1344048 -0.7677273
v -2.7028871 2.6306520 -0.4878830
vn -0.5482352 0.1344086 -0.8254529
v -2.6621380 2.6306520 -0.5179290
vn -0.4647036 0.1344011 -0.8752068
v -2.6186399 2.6306520 -0.5438370
vn -0.3767116 0.1344041 -0.9165282
v -2.5728121 2.6306520 -0.5653570
vn -0.2850158 0.1344074 -0.9490525
v -2.5250959 2.6306520 -0.5822811
vn -0.1906044 0.1344031 -0.9724227
v -2.4759500 2.6306520 -0.5944460
vn -0.0944019 0.1344027 -0.9864199
v -2.4258490 2.6306520 -0.6017360
vn 0.0027001 0.1344031 -0.9909231
v -2.3752739 2.6306520 -0.6040800
vn 0.0998979 0.1343972 -0.9858793
v -2.3247130 2.6306520 -0.6014560
vn 0.1960095 0.1344065 -0.9713472
v -2.2746530 2.6306520 -0.5938880
vn 0.2903139 0.1344064 -0.9474454
v -2.2255759 2.6306520 -0.5814500
vn 0.3817219 0.1344077 -0.9144523
v -2.1779540 2.6306520 -0.5642610
vn 0.4695178 0.1344051 -0.8726330
v -2.1322460 2.6306520 -0.5424880
vn 0.5528020 0.1344005 -0.8224029
v -2.0888920 2.6306520 -0.5163390
vn 0.6308084 0.1344018 -0.7642101
v -2.0483110 2.6306520 -0.4860670
vn 0.7026380 0.1344073 -0.6987378
v -2.0108919 2.6306520 -0.4519621
vn 0.7677273 0.1344048 -0.6265222
v -1.9769959 2.6306520 -0.4143550
vn 0.8254529 0.1344086 -0.5482352
v -1.9469490 2.6306520 -0.3736050
vn 0.8752068 0.1344010 -0.4647036
v -1.9210410 2.6306520 -0.3301080
vn 0.9165282 0.1344041 -0.3767116
v -1.8995219 2.6306520 -0.2842800
vn 0.9490525 0.1344074 -0.2850158
v -1.8825980 2.6306520 -0.2365630
vn 0.9724227 0.1344031 -0.1906044
v -1.8704320 2.6306520 -0.1874180
vn 0.9864199 0.1344027 -0.0944019
v -1.8631420 2.6306520 -0.1373160
vn 0.9909231 0.1344031 0.0027001
v -1.8607980 2.6306520 -0.0867420
vn 0.9858793 0.1343972 0.0998979
v -1.8634230 2.6306520 -0.0361810
vn 0.9713471 0.1344065 0.1960095
v -1.8709910 2.6306520 0.0138790
vn 0.9474454 0.1344064 0.2903139
v -1.8834291 2.6306520 0.0629570
vn 0.9144523 0.1344077 0.3817219
v -1.9006170 2.6306520 0.1105780
vn 0.8726330 0.1344051 0.4695178
v -1.9223911 2.6306520 0.1562860
vn 0.8224029 0.1344005 0.5528020
v -1.9485400 2.6306520 0.1996400
vn 0.7642101 0.1344018 0.6308084
v -1.9788120 2.6306520 0.2402210
vn 0.6987378 0.1344073 0.7026380
v -2.0129161 2.6306520 0.2776410
vn 0.6265222 0.1344048 0.7677273
v -2.0505240 2.6306520 0.3115370
vn 0.5482352 0.1344086 0.8254529
v -2.0912731 2.6306520 0.3415830
vn 0.4647036 0.1344011 0.8752068
v -2.1347711 2.6306520 0.3674910
vn 0.3767116 0.1344041 0.9165282
v -2.1805990 2.6306520 0.3890110
vn 0.2850158 0.1344074 0.9490525
v -2.2283151 2.6306520 0.4059350
vn 0.1906044 0.1344031 0.9724227
v -2.2774611 2.6306520 0.4181000
vn 0.0944019 0.1344027 0.9864199
v -2.3275621 2.6306520 0.4253900
vn -0.0031001 0.1617056 0.9868342
v -2.3783081 2.6711450 0.4216530
vn -0.0997981 0.1616969 0.9817813
v -2.4282720 2.6711450 0.4190410
vn -0.1955926 0.1616939 0.9672635
v -2.4777400 2.6711450 0.4115440
vn -0.2894141 0.1617078 0.9434459
v -2.5262339 2.6711450 0.3992350
vn -0.3805119 0.1617051 0.9105285
v -2.5732880 2.6711450 0.3822320
vn -0.4679256 0.1617088 0.8688475
v -2.6184499 2.6711450 0.3606980
vn -0.5508108 0.1617032 0.8188160
v -2.6612830 2.6711450 0.3348410
vn -0.6283994 0.1616998 0.7608991
v -2.7013750 2.6711450 0.3049110
vn -0.6999978 0.1616995 0.6955978
v -2.7383411 2.6711450 0.2711950
vn -0.7648218 0.1617046 0.6236178
v -2.7718229 2.6711450 0.2340180
vn -0.8222213 0.1617042 0.5457141
v -2.8015010 2.6711450 0.1937380
vn -0.8718018 0.1617003 0.4624009
v -2.8270881 2.6711450 0.1507440
vn -0.9128962 0.1616993 0.3747985
v -2.8483369 2.6711450 0.1054480
vn -0.9452368 0.1617063 0.2835110
v -2.8650441 2.6711450 0.0582880
vn -0.9684761 0.1616960 0.1894953
v -2.8770480 2.6711450 0.0097170
vn -0.9823914 0.1616986 0.0935992
v -2.8842340 2.6711450 -0.0397970
vn -0.9868342 0.1617056 -0.0031001
v -2.8865321 2.6711450 -0.0897760
vn -0.9817813 0.1616969 -0.0997981
v -2.8839200 2.6711450 -0.1397400
vn -0.9672635 0.1616939 -0.1955926
v -2.8764229 2.6711450 -0.1892070
vn -0.9434459 0.1617078 -0.2894141
v -2.8641131 2.6711450 -0.2377020
vn -0.9105285 0.1617051 -0.3805119
v -2.8471100 2.6711450 -0.2847560
vn -0.8688475 0.1617088 -0.4679256
v -2.8255761 2.6711450 -0.3299170
vn -0.8188160 0.1617032 -0.5508108
v -2.7997200 2.6711450 -0.3727500
vn -0.7608991 0.1616998 -0.6283994
v -2.7697899 2.6711450 -0.4128430
vn -0.6955978 0.1616995 -0.6999978
v -2.7360730 2.6711450 -0.4498081
vn -0.6236178 0.1617046 -0.7648218
v -2.6988969 2.6711450 -0.4832910
vn -0.5457141 0.1617042 -0.8222213
v -2.6586170 2.6711450 -0.5129690
vn -0.4624009 0.1617003 -0.8718018
v -2.6156220 2.6711450 -0.5385550
vn -0.3747985 0.1616993 -0.9128962
v -2.5703270 2.6711450 -0.5598050
vn -0.2835110 0.1617063 -0.9452368
v -2.5231659 2.6711450 -0.5765120
vn -0.1894953 0.1616960 -0.9684761
v -2.4745951 2.6711450 -0.5885161
vn -0.0935992 0.1616986 -0.9823914
v -2.4250820 2.6711450 -0.5957020
vn 0.0031001 0.1617056 -0.9868342
v -2.3751020 2.6711450 -0.5979990
vn 0.0997981 0.1616969 -0.9817813
v -2.3251381 2.6711450 -0.5953870
vn 0.1955926 0.1616939 -0.9672635
v -2.2756710 2.6711450 -0.5878910
vn 0.2894141 0.1617078 -0.9434459
v -2.2271769 2.6711450 -0.5755810
vn 0.3805119 0.1617051 -0.9105285
v -2.1801219 2.6711450 -0.5585780
vn 0.4679256 0.1617088 -0.8688475
v -2.1349609 2.6711450 -0.5370440
vn 0.5508108 0.1617032 -0.8188160
v -2.0921280 2.6711450 -0.5111880
vn 0.6283994 0.1616998 -0.7608991
v -2.0520360 2.6711450 -0.4812570
vn 0.6999978 0.1616995 -0.6955978
v -2.0150700 2.6711450 -0.4475411
vn 0.7648218 0.1617046 -0.6236178
v -1.9815871 2.6711450 -0.4103640
vn 0.8222213 0.1617042 -0.5457141
v -1.9519100 2.6711450 -0.3700840
vn 0.8718018 0.1617003 -0.4624009
v -1.9263231 2.6711450 -0.3270900
vn 0.9128962 0.1616993 -0.3747985
v -1.9050740 2.6711450 -0.2817940
vn 0.9452368 0.1617063 -0.2835110
v -1.8883671 2.6711450 -0.2346340
vn 0.9684761 0.1616960 -0.1894953
v -1.8763630 2.6711450 -0.1860630
vn 0.9823914 0.1616986 -0.0935992
v -1.8691770 2.6711450 -0.1365490
vn 0.9868342 0.1617056 0.0031001
v -1.8668790 2.6711450 -0.0865700
vn 0.9817813 0.1616969 0.0997981
v -1.8694910 2.6711450 -0.0366060
vn 0.9672635 0.1616939 0.1955926
v -1.8769881 2.6711450 0.0128610
vn 0.9434459 0.1617078 0.2894141
v -1.8892970 2.6711450 0.0613560
vn 0.9105285 0.1617051 0.3805119
v -1.9063010 2.6711450 0.1084100
vn 0.8688475 0.1617088 0.4679256
v -1.9278340 2.6711450 0.1535710
vn 0.8188160 0.1617032 0.5508108
v -1.9536910 2.6711450 0.1964040
vn 0.7608991 0.1616998 0.6283994
v -1.9836210 2.6711450 0.2364960
vn 0.6955978 0.1616995 0.6999978
v -2.0173371 2.6711450 0.2734620
vn 0.6236178 0.1617046 0.7648218
v -2.0545139 2.6711450 0.3069450
vn 0.5457141 0.1617042 0.8222213
v -2.0947940 2.6711450 0.3366230
vn 0.4624009 0.1617003 0.8718018
v -2.1377890 2.6711450 0.3622090
vn 0.3747985 0.1616993 0.9128962
v -2.1830840 2.6711450 0.3834580
vn 0.2835110 0.1617063 0.9452368
v -2.2302451 2.6711450 0.4001660
vn 0.1894953 0.1616960 0.9684761
v -2.2788160 2.6711450 0.4121700
vn 0.0935992 0.1616986 0.9823914
v -2.3283291 2.6711450 0.4193550
vn -0.0035002 0.1875108 0.9822564
v -2.3784931 2.7111750 0.4145400
vn -0.0996992 0.1874985 0.9771922
v -2.4277589 2.7111750 0.4119440
vn -0.1950027 0.1875026 0.9627132
v -2.4765329 2.7111750 0.4045310
vn -0.2885113 0.1875073 0.9389368
v -2.5243461 2.7111750 0.3923740
vn -0.3791208 0.1875103 0.9061497
v -2.5707369 2.7111750 0.3755890
vn -0.4661143 0.1875058 0.8646265
v -2.6152589 2.7111750 0.3543370
vn -0.5485953 0.1874984 0.8147930
v -2.6574841 2.7111750 0.3288240
vn -0.6258056 0.1875017 0.7571067
v -2.6970050 2.7111750 0.2992950
vn -0.6970113 0.1875030 0.6921112
v -2.7334411 2.7111750 0.2660340
vn -0.7615249 0.1875061 0.6204203
v -2.7664421 2.7111750 0.2293630
vn -0.8186764 0.1874946 0.5427843
v -2.7956891 2.7111750 0.1896330
vn -0.8679370 0.1875080 0.4599196
v -2.8209009 2.7111750 0.1472270
vn -0.9088266 0.1874055 0.3727109
v -2.8418360 2.7111750 0.1025550
vn -0.9409948 0.1873990 0.2817985
v -2.8582909 2.7111750 0.0560460
vn -0.9640620 0.1875121 0.1882121
v -2.8701079 2.7111750 0.0081480
vn -0.9778724 0.1874947 0.0927974
v -2.8771729 2.7111750 -0.0406780
vn -0.9822563 0.1875107 -0.0035002
v -2.8794179 2.7111750 -0.0899610
vn -0.9771922 0.1874985 -0.0996992
v -2.8768220 2.7111750 -0.1392270
vn -0.9627132 0.1875026 -0.1950027
v -2.8694100 2.7111750 -0.1880010
vn -0.9389368 0.1875073 -0.2885113
v -2.8572531 2.7111750 -0.2358140
vn -0.9061676 0.1874933 -0.3790865
v -2.8404670 2.7111750 -0.2822050
vn -0.8646428 0.1874093 -0.4661231
v -2.8192160 2.7111750 -0.3267270
vn -0.8148083 0.1874019 -0.5486056
v -2.7937031 2.7111750 -0.3689520
vn -0.7571067 0.1875017 -0.6258056
v -2.7641740 2.7111750 -0.4084730
vn -0.6921112 0.1875030 -0.6970114
v -2.7309129 2.7111750 -0.4449090
vn -0.6204203 0.1875061 -0.7615249
v -2.6942410 2.7111750 -0.4779100
vn -0.5427843 0.1874946 -0.8186764
v -2.6545110 2.7111750 -0.5071570
vn -0.4599196 0.1875080 -0.8679370
v -2.6121061 2.7111750 -0.5323690
vn -0.3727039 0.1875020 -0.9088096
v -2.5674341 2.7111750 -0.5533031
vn -0.2817932 0.1874955 -0.9409772
v -2.5209250 2.7111750 -0.5697580
vn -0.1882121 0.1875121 -0.9640620
v -2.4730270 2.7111750 -0.5815750
vn -0.0927974 0.1874947 -0.9778724
v -2.4242010 2.7111750 -0.5886400
vn 0.0035002 0.1875108 -0.9822564
v -2.3749180 2.7111750 -0.5908861
vn 0.0996992 0.1874985 -0.9771922
v -2.3256519 2.7111750 -0.5882900
vn 0.1950027 0.1875026 -0.9627132
v -2.2768769 2.7111750 -0.5808780
vn 0.2885113 0.1875073 -0.9389368
v -2.2290649 2.7111750 -0.5687200
vn 0.3791208 0.1875103 -0.9061497
v -2.1826739 2.7111750 -0.5519350
vn 0.4661143 0.1875058 -0.8646265
v -2.1381519 2.7111750 -0.5306830
vn 0.5485953 0.1874984 -0.8147930
v -2.0959270 2.7111750 -0.5051700
vn 0.6258056 0.1875017 -0.7571067
v -2.0564060 2.7111750 -0.4756410
vn 0.6970113 0.1875030 -0.6921112
v -2.0199690 2.7111750 -0.4423800
vn 0.7615249 0.1875061 -0.6204203
v -1.9869690 2.7111750 -0.4057090
vn 0.8186764 0.1874946 -0.5427843
v -1.9577219 2.7111750 -0.3659790
vn 0.8679370 0.1875080 -0.4599196
v -1.9325089 2.7111750 -0.3235740
vn 0.9088096 0.1875020 -0.3727039
v -1.9115750 2.7111750 -0.2789010
vn 0.9409772 0.1874955 -0.2817932
v -1.8951200 2.7111750 -0.2323920
vn 0.9640620 0.1875121 -0.1882121
v -1.8833030 2.7111750 -0.1844940
vn 0.9778724 0.1874947 -0.0927974
v -1.8762380 2.7111750 -0.1356680
vn 0.9822563 0.1875107 0.0035002
v -1.8739930 2.7111750 -0.0863850
vn 0.9771922 0.1874985 0.0996992
v -1.8765880 2.7111750 -0.0371190
vn 0.9627132 0.1875026 0.1950027
v -1.8840010 2.7111750 0.0116550
vn 0.9389368 0.1875073 0.2885113
v -1.8961580 2.7111750 0.0594680
vn 0.9061497 0.1875103 0.3791208
v -1.9129430 2.7111750 0.1058590
vn 0.8646265 0.1875058 0.4661143
v -1.9341950 2.7111750 0.1503810
vn 0.8147930 0.1874984 0.5485953
v -1.9597080 2.7111750 0.1926060
vn 0.7571067 0.1875017 0.6258056
v -1.9892370 2.7111750 0.2321270
vn 0.6921112 0.1875030 0.6970114
v -2.0224979 2.7111750 0.2685630
vn 0.6204203 0.1875061 0.7615249
v -2.0591700 2.7111750 0.3015630
vn 0.5427843 0.1874946 0.8186764
v -2.0989001 2.7111750 0.3308110
vn 0.4599196 0.1875080 0.8679370
v -2.1413050 2.7111750 0.3560230
vn 0.3727039 0.1875020 0.9088096
v -2.1859770 2.7111750 0.3769570
vn 0.2817932 0.1874955 0.9409772
v -2.2324860 2.7111750 0.3934120
vn 0.1882121 0.1875121 0.9640620
v -2.2803850 2.7111750 0.4052290
vn 0.0927974 0.1874947 0.9778724
v -2.3292100 2.7111750 0.4122940
vn -0.0039002 0.2121083 0.9772384
v -2.3786919 2.7505939 0.4064870
vn -0.0997047 0.2121101 0.9721463
v -2.4271669 2.7505939 0.4039110
vn -0.1944994 0.2120994 0.9576972
v -2.4751570 2.7505939 0.3965950
vn -0.2874085 0.2121062 0.9340275
v -2.5221980 2.7505939 0.3846110
vn -0.3776170 0.2121096 0.9013406
v -2.5678389 2.7505939 0.3680730
vn -0.4641058 0.2121026 0.8600107
v -2.6116390 2.7505939 0.3471420
vn -0.5461811 0.2120927 0.8103721
v -2.6531761 2.7505939 0.3220190
vn -0.6230082 0.2121028 0.7529099
v -2.6920500 2.7505939 0.2929450
vn -0.6938125 0.2121038 0.6882124
v -2.7278881 2.7505939 0.2602000
vn -0.7579135 0.2121038 0.6169110
v -2.7603431 2.7505939 0.2241010
vn -0.8147445 0.2121116 0.5396295
v -2.7891040 2.7505939 0.1849940
vn -0.8637018 0.2121004 0.4572009
v -2.8138931 2.7505939 0.1432560
vn -0.9043602 0.2121141 0.3703247
v -2.8344719 2.7505939 0.0992900
vn -0.9363056 0.2121013 0.2799017
v -2.8506429 2.7505939 0.0535190
vn -0.9592263 0.2121058 0.1868051
v -2.8622489 2.7505939 0.0063820
vn -0.9729163 0.2121036 0.0919015
v -2.8691790 2.7505939 -0.0416650
vn -0.9772384 0.2121083 -0.0039002
v -2.8713660 2.7505939 -0.0901590
vn -0.9721463 0.2121101 -0.0997047
v -2.8687890 2.7505939 -0.1386350
vn -0.9576972 0.2120994 -0.1944994
v -2.8614740 2.7505939 -0.1866250
vn -0.9340275 0.2121062 -0.2874085
v -2.8494890 2.7505939 -0.2336660
vn -0.9013406 0.2121096 -0.3776170
v -2.8329520 2.7505939 -0.2793070
vn -0.8600107 0.2121026 -0.4641058
v -2.8120210 2.7505939 -0.3231060
vn -0.8103721 0.2120927 -0.5461811
v -2.7868969 2.7505939 -0.3646430
vn -0.7529099 0.2121028 -0.6230082
v -2.7578230 2.7505939 -0.4035180
vn -0.6882124 0.2121038 -0.6938125
v -2.7250791 2.7505939 -0.4393550
vn -0.6169110 0.2121038 -0.7579135
v -2.6889789 2.7505939 -0.4718110
vn -0.5396295 0.2121116 -0.8147445
v -2.6498730 2.7505939 -0.5005720
vn -0.4572009 0.2121004 -0.8637018
v -2.6081350 2.7505939 -0.5253610
vn -0.3703247 0.2121141 -0.9043602
v -2.5641689 2.7505939 -0.5459400
vn -0.2799017 0.2121013 -0.9363056
v -2.5183971 2.7505939 -0.5621100
vn -0.1868051 0.2121058 -0.9592263
v -2.4712610 2.7505939 -0.5737160
vn -0.0919015 0.2121036 -0.9729163
v -2.4232140 2.7505939 -0.5806460
vn 0.0039002 0.2121083 -0.9772384
v -2.3747189 2.7505939 -0.5828341
vn 0.0997047 0.2121101 -0.9721463
v -2.3262429 2.7505939 -0.5802570
vn 0.1944994 0.2120994 -0.9576972
v -2.2782540 2.7505939 -0.5729410
vn 0.2874085 0.2121062 -0.9340275
v -2.2312119 2.7505939 -0.5609570
vn 0.3776170 0.2121096 -0.9013406
v -2.1855719 2.7505939 -0.5444201
vn 0.4641058 0.2121026 -0.8600107
v -2.1417720 2.7505939 -0.5234880
vn 0.5461811 0.2120927 -0.8103721
v -2.1002350 2.7505939 -0.4983650
vn 0.6230082 0.2121028 -0.7529099
v -2.0613611 2.7505939 -0.4692910
vn 0.6938125 0.2121038 -0.6882124
v -2.0255229 2.7505939 -0.4365460
vn 0.7579135 0.2121038 -0.6169110
v -1.9930680 2.7505939 -0.4004471
vn 0.8147445 0.2121116 -0.5396295
v -1.9643070 2.7505939 -0.3613400
vn 0.8637018 0.2121004 -0.4572009
v -1.9395170 2.7505939 -0.3196030
vn 0.9043602 0.2121141 -0.3703247
v -1.9189390 2.7505939 -0.2756360
vn 0.9363056 0.2121013 -0.2799017
v -1.9027680 2.7505939 -0.2298650
vn 0.9592263 0.2121058 -0.1868051
v -1.8911620 2.7505939 -0.1827290
vn 0.9729163 0.2121036 -0.0919015
v -1.8842320 2.7505939 -0.1346820
vn 0.9772384 0.2121083 0.0039002
v -1.8820450 2.7505939 -0.0861870
vn 0.9721463 0.2121101 0.0997047
v -1.8846220 2.7505939 -0.0377110
vn 0.9576972 0.2120994 0.1944994
v -1.8919370 2.7505939 0.0102790
vn 0.9340275 0.2121062 0.2874085
v -1.9039210 2.7505939 0.0573200
vn 0.9013406 0.2121096 0.3776170
v -1.9204590 2.7505939 0.1029600
vn 0.8600107 0.2121026 0.4641058
v -1.9413900 2.7505939 0.1467600
vn 0.8103721 0.2120927 0.5461811
v -1.9665140 2.7505939 0.1882970
vn 0.7529099 0.2121028 0.6230082
v -1.9955879 2.7505939 0.2271720
vn 0.6882124 0.2121038 0.6938125
v -2.0283320 2.7505939 0.2630090
vn 0.6169110 0.2121038 0.7579135
v -2.0644319 2.7505939 0.2954650
vn 0.5396295 0.2121116 0.8147445
v -2.1035380 2.7505939 0.3242260
vn 0.4572009 0.2121004 0.8637018
v -2.1452761 2.7505939 0.3490150
vn 0.3703247 0.2121141 0.9043602
v -2.1892419 2.7505939 0.3695940
vn 0.2799017 0.2121013 0.9363056
v -2.2350140 2.7505939 0.3857640
vn 0.1868051 0.2121058 0.9592263
v -2.2821500 2.7505939 0.3973700
vn 0.0919015 0.2121036 0.9729163
v -2.3301971 2.7505939 0.4043000
vn -0.0043999 0.2358925 0.9717692
v -2.3789041 2.7892499 0.3975900
vn -0.0996058 0.2359136 0.9666559
v -2.4265070 2.7892499 0.3950360
vn -0.1939067 0.2359082 0.9522329
v -2.4736300 2.7892499 0.3878280
vn -0.2863123 0.2359101 0.9286398
v -2.5198190 2.7892499 0.3760350
vn -0.3759104 0.2359065 0.8961247
v -2.5646310 2.7892499 0.3597720
vn -0.4620123 0.2359063 0.8549227
v -2.6076319 2.7892499 0.3391960
vn -0.5435350 0.2359152 0.8055518
v -2.6484089 2.7892499 0.3145030
vn -0.6198916 0.2358968 0.7483898
v -2.6865699 2.7892499 0.2859320
vn -0.6902411 0.2359141 0.6840408
v -2.7217469 2.7892499 0.2537590
vn -0.7539966 0.2357989 0.6130972
v -2.7536011 2.7892499 0.2182920
vn -0.8104567 0.2358165 0.5362375
v -2.7818251 2.7892499 0.1798740
vn -0.8591003 0.2359001 0.4542002
v -2.8061471 2.7892499 0.1388750
vn -0.8994884 0.2358969 0.3677953
v -2.8263340 2.7892499 0.0956890
vn -0.9311951 0.2358987 0.2778986
v -2.8421900 2.7892499 0.0507320
vn -0.9539606 0.2359150 0.1852118
v -2.8535640 2.7892499 0.0044380
vn -0.9675156 0.2359038 0.0909015
v -2.8603449 2.7892499 -0.0427480
vn -0.9717692 0.2358925 -0.0043999
v -2.8624690 2.7892499 -0.0903720
vn -0.9666559 0.2359136 -0.0996058
v -2.8599141 2.7892499 -0.1379750
vn -0.9522329 0.2359082 -0.1939067
v -2.8527060 2.7892499 -0.1850970
vn -0.9286398 0.2359101 -0.2863123
v -2.8409140 2.7892499 -0.2312870
vn -0.8961247 0.2359065 -0.3759104
v -2.8246510 2.7892499 -0.2760980
vn -0.8549227 0.2359063 -0.4620123
v -2.8040740 2.7892499 -0.3191000
vn -0.8055518 0.2359152 -0.5435350
v -2.7793810 2.7892499 -0.3598770
vn -0.7483898 0.2358968 -0.6198916
v -2.7508111 2.7892499 -0.3980380
vn -0.6840408 0.2359141 -0.6902411
v -2.7186370 2.7892499 -0.4332140
vn -0.6130828 0.2358934 -0.7539788
v -2.6831710 2.7892499 -0.4650680
vn -0.5362248 0.2359109 -0.8104376
v -2.6447530 2.7892499 -0.4932920
vn -0.4542002 0.2359001 -0.8591003
v -2.6037531 2.7892499 -0.5176150
vn -0.3677953 0.2358969 -0.8994884
v -2.5605669 2.7892499 -0.5378020
vn -0.2778986 0.2358987 -0.9311951
v -2.5156109 2.7892499 -0.5536581
vn -0.1852118 0.2359150 -0.9539605
v -2.4693160 2.7892499 -0.5650321
vn -0.0909015 0.2359038 -0.9675155
v -2.4221301 2.7892499 -0.5718130
vn 0.0043999 0.2358925 -0.9717692
v -2.3745060 2.7892499 -0.5739370
vn 0.0996058 0.2359136 -0.9666559
v -2.3269041 2.7892499 -0.5713820
vn 0.1939067 0.2359082 -0.9522329
v -2.2797811 2.7892499 -0.5641740
vn 0.2863123 0.2359101 -0.9286398
v -2.2335920 2.7892499 -0.5523810
vn 0.3759104 0.2359065 -0.8961247
v -2.1887801 2.7892499 -0.5361190
vn 0.4620123 0.2359063 -0.8549227
v -2.1457789 2.7892499 -0.5155420
vn 0.5435350 0.2359152 -0.8055518
v -2.1050010 2.7892499 -0.4908490
vn 0.6198916 0.2358968 -0.7483898
v -2.0668409 2.7892499 -0.4622781
vn 0.6902411 0.2359141 -0.6840408
v -2.0316639 2.7892499 -0.4301050
vn 0.7539787 0.2358934 -0.6130828
v -1.9998100 2.7892499 -0.3946380
vn 0.8104376 0.2359109 -0.5362248
v -1.9715860 2.7892499 -0.3562201
vn 0.8591003 0.2359001 -0.4542002
v -1.9472640 2.7892499 -0.3152210
vn 0.8994884 0.2358969 -0.3677953
v -1.9270771 2.7892499 -0.2720350
vn 0.9311951 0.2358987 -0.2778986
v -1.9112210 2.7892499 -0.2270780
vn 0.9539606 0.2359150 -0.1852118
v -1.8998470 2.7892499 -0.1807840
vn 0.9675156 0.2359038 -0.0909015
v -1.8930660 2.7892499 -0.1335980
vn 0.9717692 0.2358925 0.0043999
v -1.8909420 2.7892499 -0.0859740
vn 0.9666559 0.2359136 0.0996058
v -1.8934970 2.7892499 -0.0383710
vn 0.9522329 0.2359082 0.1939067
v -1.9007050 2.7892499 0.0087510
vn 0.9286398 0.2359101 0.2863123
v -1.9124970 2.7892499 0.0549410
vn 0.8961247 0.2359065 0.3759104
v -1.9287601 2.7892499 0.0997520
vn 0.8549227 0.2359063 0.4620123
v -1.9493370 2.7892499 0.1427530
vn 0.8055518 0.2359152 0.5435350
v -1.9740300 2.7892499 0.1835310
vn 0.7483898 0.2358968 0.6198916
v -2.0026000 2.7892499 0.2216920
vn 0.6840408 0.2359141 0.6902411
v -2.0347741 2.7892499 0.2568680
vn 0.6130828 0.2358934 0.7539788
v -2.0702400 2.7892499 0.2887220
vn 0.5362248 0.2359109 0.8104376
v -2.1086581 2.7892499 0.3169460
vn 0.4542002 0.2359001 0.8591003
v -2.1496570 2.7892499 0.3412690
vn 0.3677953 0.2358969 0.8994884
v -2.1928430 2.7892499 0.3614550
vn 0.2778986 0.2358987 0.9311951
v -2.2377999 2.7892499 0.3773120
vn 0.1852118 0.2359150 0.9539605
v -2.2840941 2.7892499 0.3886860
vn 0.0909015 0.2359038 0.9675155
v -2.3312809 2.7892499 0.3954670
vn -0.0049004 0.2589229 0.9658856
v -2.3791320 2.8269930 0.3879430
vn -0.0996053 0.2589137 0.9607510
v -2.4257870 2.8269930 0.3854120
vn -0.1932155 0.2589208 0.9463761
v -2.4719710 2.8269930 0.3783210
vn -0.2851184 0.2589167 0.9228595
v -2.5172360 2.8269930 0.3667370
vn -0.3741916 0.2588941 0.8904799
v -2.5611489 2.8269930 0.3507720
vn -0.4596203 0.2589114 0.8495376
v -2.6032851 2.8269930 0.3305800
vn -0.5407363 0.2589174 0.8003537
v -2.6432390 2.8269930 0.3063550
vn -0.6165328 0.2589138 0.7435395
v -2.6806250 2.8269930 0.2783300
vn -0.6864892 0.2588959 0.6794893
v -2.7150860 2.8269930 0.2467760
vn -0.7497606 0.2589209 0.6089492
v -2.7462871 2.8269930 0.2119960
vn -0.8058407 0.2589130 0.5325269
v -2.7739291 2.8269930 0.1743250
vn -0.8541740 0.2589224 0.4509391
v -2.7977459 2.8269930 0.1341270
vn -0.8942354 0.2589102 0.3651145
v -2.8175070 2.8269930 0.0917870
vn -0.9257440 0.2589123 0.2756131
v -2.8330240 2.8269930 0.0477140
vn -0.9482948 0.2588986 0.1835990
v -2.8441460 2.8269930 0.0023330
vn -0.9617192 0.2589051 0.0898018
v -2.8507659 2.8269930 -0.0439200
vn -0.9658856 0.2589229 -0.0049004
v -2.8528211 2.8269930 -0.0905990
vn -0.9607510 0.2589137 -0.0996053
v -2.8502910 2.8269930 -0.1372550
vn -0.9463762 0.2589208 -0.1932155
v -2.8431990 2.8269930 -0.1834380
vn -0.9228595 0.2589167 -0.2851184
v -2.8316150 2.8269930 -0.2287040
vn -0.8904799 0.2588941 -0.3741916
v -2.8156500 2.8269930 -0.2726160
vn -0.8495376 0.2589114 -0.4596203
v -2.7954581 2.8269930 -0.3147520
vn -0.8003537 0.2589174 -0.5407363
v -2.7712331 2.8269930 -0.3547060
vn -0.7435395 0.2589138 -0.6165328
v -2.7432089 2.8269930 -0.3920930
vn -0.6794893 0.2588959 -0.6864892
v -2.7116539 2.8269930 -0.4265531
vn -0.6089492 0.2589209 -0.7497606
v -2.6768751 2.8269930 -0.4577550
vn -0.5325269 0.2589130 -0.8058407
v -2.6392040 2.8269930 -0.4853970
vn -0.4509391 0.2589224 -0.8541740
v -2.5990050 2.8269930 -0.5092130
vn -0.3651145 0.2589102 -0.8942354
v -2.5566649 2.8269930 -0.5289751
vn -0.2756131 0.2589123 -0.9257440
v -2.5125930 2.8269930 -0.5444921
vn -0.1835990 0.2588986 -0.9482948
v -2.4672110 2.8269930 -0.5556141
vn -0.0898018 0.2589051 -0.9617192
v -2.4209590 2.8269930 -0.5622340
vn 0.0049004 0.2589229 -0.9658856
v -2.3742790 2.8269930 -0.5642890
vn 0.0996053 0.2589137 -0.9607510
v -2.3276229 2.8269930 -0.5617580
vn 0.1932155 0.2589208 -0.9463761
v -2.2814400 2.8269930 -0.5546671
vn 0.2851184 0.2589167 -0.9228595
v -2.2361751 2.8269930 -0.5430830
vn 0.3741916 0.2588941 -0.8904799
v -2.1922619 2.8269930 -0.5271180
vn 0.4596203 0.2589114 -0.8495376
v -2.1501260 2.8269930 -0.5069260
vn 0.5407363 0.2589174 -0.8003537
v -2.1101720 2.8269930 -0.4827010
vn 0.6165328 0.2589138 -0.7435395
v -2.0727849 2.8269930 -0.4546760
vn 0.6864892 0.2588959 -0.6794893
v -2.0383251 2.8269930 -0.4231220
vn 0.7497606 0.2589209 -0.6089492
v -2.0071239 2.8269930 -0.3883420
vn 0.8058407 0.2589130 -0.5325269
v -1.9794821 2.8269930 -0.3506710
vn 0.8541740 0.2589224 -0.4509391
v -1.9556650 2.8269930 -0.3104730
vn 0.8942354 0.2589102 -0.3651145
v -1.9359030 2.8269930 -0.2681330
vn 0.9257440 0.2589123 -0.2756131
v -1.9203870 2.8269930 -0.2240600
vn 0.9482948 0.2588986 -0.1835990
v -1.9092650 2.8269930 -0.1786790
vn 0.9617192 0.2589051 -0.0898018
v -1.9026450 2.8269930 -0.1324260
vn 0.9658856 0.2589229 0.0049004
v -1.9005899 2.8269930 -0.0857470
vn 0.9607510 0.2589137 0.0996053
v -1.9031200 2.8269930 -0.0390910
vn 0.9463762 0.2589208 0.1932155
v -1.9102120 2.8269930 0.0070920
vn 0.9228595 0.2589167 0.2851184
v -1.9217950 2.8269930 0.0523580
vn 0.8904799 0.2588941 0.3741916
v -1.9377600 2.8269930 0.0962700
vn 0.8495376 0.2589114 0.4596203
v -1.9579530 2.8269930 0.1384060
vn 0.8003537 0.2589174 0.5407363
v -1.9821780 2.8269930 0.1783600
vn 0.7435395 0.2589138 0.6165328
v -2.0102019 2.8269930 0.2157470
vn 0.6794893 0.2588959 0.6864892
v -2.0417571 2.8269930 0.2502070
vn 0.6089492 0.2589209 0.7497606
v -2.0765359 2.8269930 0.2814090
vn 0.5325269 0.2589130 0.8058407
v -2.1142070 2.8269930 0.3090510
vn 0.4509391 0.2589224 0.8541740
v -2.1544061 2.8269930 0.3328670
vn 0.3651145 0.2589102 0.8942354
v -2.1967449 2.8269930 0.3526290
vn 0.2756131 0.2589123 0.9257440
v -2.2408180 2.8269930 0.3681460
vn 0.1835990 0.2588986 0.9482948
v -2.2862000 2.8269930 0.3792670
vn 0.0898018 0.2589051 0.9617192
v -2.3324530 2.8269930 0.3858880
vn -0.0054999 0.2816964 0.9594879
v -2.3793740 2.8636770 0.3776370
vn -0.0995028 0.2817079 0.9543269
v -2.4250190 2.8636770 0.3751320
vn -0.1925952 0.2816930 0.9399767
v -2.4701979 2.8636770 0.3681660
vn -0.2837925 0.2816926 0.9165758
v -2.5144770 2.8636770 0.3568050
vn -0.3722234 0.2817177 0.8843557
v -2.5574291 2.8636770 0.3411580
vn -0.4571100 0.2817062 0.8436185
v -2.5986400 2.8636770 0.3213770
vn -0.5376224 0.2817117 0.7947332
v -2.6377139 2.8636770 0.2976510
vn -0.6129183 0.2817084 0.7382220
v -2.6742749 2.8636770 0.2702100
vn -0.6823091 0.2817037 0.6746090
v -2.7079699 2.8636770 0.2393170
vn -0.7452085 0.2817032 0.6044069
v -2.7384739 2.8636770 0.2052710
vn -0.8008209 0.2817073 0.5285138
v -2.7654951 2.8636770 0.1683980
vn -0.8488072 0.2817024 0.4474038
v -2.7887709 2.8636770 0.1290550
vn -0.8885429 0.2817136 0.3621175
v -2.8080790 2.8636770 0.0876190
vn -0.9197479 0.2817146 0.2733142
v -2.8232329 2.8636770 0.0444910
vn -0.9421195 0.2817058 0.1818038
v -2.8340859 2.8636770 0.0000850
vn -0.9554029 0.2817008 0.0886003
v -2.8405340 2.8636770 -0.0451710
vn -0.9594879 0.2816964 -0.0054999
v -2.8425150 2.8636770 -0.0908420
vn -0.9543269 0.2817079 -0.0995028
v -2.8400109 2.8636770 -0.1364860
vn -0.9399767 0.2816930 -0.1925952
v -2.8330450 2.8636770 -0.1816650
vn -0.9165757 0.2816925 -0.2837925
v -2.8216829 2.8636770 -0.2259440
vn -0.8843557 0.2817177 -0.3722234
v -2.8060369 2.8636770 -0.2688960
vn -0.8436185 0.2817062 -0.4571100
v -2.7862549 2.8636770 -0.3101080
vn -0.7947332 0.2817117 -0.5376224
v -2.7625301 2.8636770 -0.3491821
vn -0.7382220 0.2817084 -0.6129183
v -2.7350891 2.8636770 -0.3857430
vn -0.6746090 0.2817037 -0.6823091
v -2.7041960 2.8636770 -0.4194370
vn -0.6044068 0.2817032 -0.7452084
v -2.6701491 2.8636770 -0.4499421
vn -0.5285138 0.2817073 -0.8008209
v -2.6332769 2.8636770 -0.4769630
vn -0.4474038 0.2817024 -0.8488072
v -2.5939331 2.8636770 -0.5002390
vn -0.3621175 0.2817136 -0.8885429
v -2.5524981 2.8636770 -0.5195470
vn -0.2733142 0.2817146 -0.9197479
v -2.5093689 2.8636770 -0.5347000
vn -0.1818038 0.2817058 -0.9421195
v -2.4649630 2.8636770 -0.5455530
vn -0.0886003 0.2817008 -0.9554029
v -2.4197071 2.8636770 -0.5520020
vn 0.0054999 0.2816964 -0.9594879
v -2.3740370 2.8636770 -0.5539830
vn 0.0995028 0.2817079 -0.9543269
v -2.3283920 2.8636770 -0.5514790
vn 0.1925952 0.2816930 -0.9399767
v -2.2832129 2.8636770 -0.5445120
vn 0.2837925 0.2816926 -0.9165758
v -2.2389340 2.8636770 -0.5331510
vn 0.3722234 0.2817177 -0.8843557
v -2.1959820 2.8636770 -0.5175040
vn 0.4571100 0.2817062 -0.8436185
v -2.1547711 2.8636770 -0.4977230
vn 0.5376224 0.2817117 -0.7947332
v -2.1156960 2.8636770 -0.4739971
vn 0.6129183 0.2817084 -0.7382220
v -2.0791359 2.8636770 -0.4465560
vn 0.6823091 0.2817037 -0.6746090
v -2.0454409 2.8636770 -0.4156640
vn 0.7452085 0.2817032 -0.6044069
v -2.0149360 2.8636770 -0.3816170
vn 0.8008209 0.2817073 -0.5285138
v -1.9879160 2.8636770 -0.3447440
vn 0.8488072 0.2817024 -0.4474038
v -1.9646400 2.8636770 -0.3054010
vn 0.8885429 0.2817136 -0.3621175
v -1.9453321 2.8636770 -0.2639650
vn 0.9197479 0.2817146 -0.2733142
v -1.9301780 2.8636770 -0.2208370
vn 0.9421195 0.2817058 -0.1818038
v -1.9193250 2.8636770 -0.1764310
vn 0.9554029 0.2817008 -0.0886003
v -1.9128770 2.8636770 -0.1311750
vn 0.9594879 0.2816964 0.0054999
v -1.9108950 2.8636770 -0.0855050
vn 0.9543269 0.2817079 0.0995028
v -1.9134001 2.8636770 -0.0398600
vn 0.9399767 0.2816930 0.1925952
v -1.9203660 2.8636770 0.0053190
vn 0.9165757 0.2816925 0.2837925
v -1.9317280 2.8636770 0.0495980
vn 0.8843557 0.2817177 0.3722234
v -1.9473740 2.8636770 0.0925500
vn 0.8436185 0.2817062 0.4571100
v -1.9671550 2.8636770 0.1337620
vn 0.7947332 0.2817117 0.5376224
v -1.9908810 2.8636770 0.1728360
vn 0.7382220 0.2817084 0.6129183
v -2.0183220 2.8636770 0.2093970
vn 0.6746090 0.2817037 0.6823091
v -2.0492151 2.8636770 0.2430910
vn 0.6044068 0.2817032 0.7452084
v -2.0832610 2.8636770 0.2735960
vn 0.5285138 0.2817073 0.8008209
v -2.1201341 2.8636770 0.3006160
vn 0.4474038 0.2817024 0.8488072
v -2.1594779 2.8636770 0.3238930
vn 0.3621175 0.2817136 0.8885429
v -2.2009130 2.8636770 0.3432010
vn 0.2733142 0.2817146 0.9197479
v -2.2440419 2.8636770 0.3583540
vn 0.1818038 0.2817058 0.9421195
v -2.2884481 2.8636770 0.3692070
vn 0.0886003 0.2817008 0.9554029
v -2.3337040 2.8636770 0.3756560
vn -0.0061000 0.3044980 0.9524935
v -2.3796301 2.8992240 0.3667360
vn -0.0994011 0.3045034 0.9473104
v -2.4242051 2.8992240 0.3642590
vn -0.1918003 0.3045006 0.9330016
v -2.4683220 2.8992240 0.3574240
vn -0.2823046 0.3045050 0.9097147
v -2.5115571 2.8992240 0.3462990
vn -0.3701229 0.3045189 0.8776544
v -2.5534930 2.8992240 0.3309890
vn -0.4544145 0.3045097 0.8371268
v -2.5937271 2.8992240 0.3116420
vn -0.5343190 0.3045108 0.7885280
v -2.6318710 2.8992240 0.2884450
vn -0.6089967 0.3044983 0.7323960
v -2.6675570 2.8992240 0.2616210
vn -0.6778584 0.3045262 0.6691576
v -2.7004430 2.8992240 0.2314280
vn -0.7401487 0.3045201 0.5995395
v -2.7302101 2.8992240 0.1981580
vn -0.7953385 0.3045148 0.5241254
v -2.7565730 2.8992240 0.1621290
vn -0.8429077 0.3045028 0.4436041
v -2.7792780 2.8992240 0.1236900
vn -0.8823393 0.3045136 0.3588160
v -2.7981060 2.8992240 0.0832110
vn -0.9132553 0.3045185 0.2706164
v -2.8128750 2.8992240 0.0410810
vn -0.9353900 0.3044967 0.1797981
v -2.8234439 2.8992240 -0.0022930
vn -0.9485030 0.3045010 0.0873003
v -2.8297100 2.8992240 -0.0464950
vn -0.9524935 0.3044980 -0.0061000
v -2.8316140 2.8992240 -0.0910980
vn -0.9473104 0.3045034 -0.0994011
v -2.8291371 2.8992240 -0.1356720
vn -0.9330016 0.3045006 -0.1918003
v -2.8223031 2.8992240 -0.1797900
vn -0.9097148 0.3045050 -0.2823046
v -2.8111770 2.8992240 -0.2230250
vn -0.8776544 0.3045189 -0.3701229
v -2.7958670 2.8992240 -0.2649610
vn -0.8371268 0.3045097 -0.4544145
v -2.7765210 2.8992240 -0.3051950
vn -0.7885280 0.3045108 -0.5343190
v -2.7533240 2.8992240 -0.3433390
vn -0.7323960 0.3044983 -0.6089967
v -2.7265000 2.8992240 -0.3790250
vn -0.6691576 0.3045262 -0.6778584
v -2.6963069 2.8992240 -0.4119100
vn -0.5995394 0.3045200 -0.7401487
v -2.6630361 2.8992240 -0.4416780
vn -0.5241254 0.3045148 -0.7953386
v -2.6270080 2.8992240 -0.4680410
vn -0.4436041 0.3045028 -0.8429077
v -2.5885689 2.8992240 -0.4907460
vn -0.3588160 0.3045136 -0.8823393
v -2.5480900 2.8992240 -0.5095740
vn -0.2706164 0.3045185 -0.9132553
v -2.5059600 2.8992240 -0.5243430
vn -0.1797981 0.3044967 -0.9353900
v -2.4625850 2.8992240 -0.5349120
vn -0.0873003 0.3045010 -0.9485030
v -2.4183841 2.8992240 -0.5411780
vn 0.0061000 0.3044980 -0.9524935
v -2.3737810 2.8992240 -0.5430821
vn 0.0994011 0.3045034 -0.9473104
v -2.3292060 2.8992240 -0.5406050
vn 0.1918003 0.3045006 -0.9330016
v -2.2850890 2.8992240 -0.5337710
vn 0.2823046 0.3045050 -0.9097147
v -2.2418540 2.8992240 -0.5226451
vn 0.3701229 0.3045189 -0.8776544
v -2.1999171 2.8992240 -0.5073350
vn 0.4544145 0.3045097 -0.8371268
v -2.1596839 2.8992240 -0.4879881
vn 0.5343190 0.3045108 -0.7885280
v -2.1215401 2.8992240 -0.4647910
vn 0.6089967 0.3044983 -0.7323960
v -2.0858541 2.8992240 -0.4379670
vn 0.6778584 0.3045262 -0.6691576
v -2.0529680 2.8992240 -0.4077740
vn 0.7401487 0.3045201 -0.5995395
v -2.0232010 2.8992240 -0.3745040
vn 0.7953385 0.3045148 -0.5241254
v -1.9968380 2.8992240 -0.3384750
vn 0.8429077 0.3045028 -0.4436041
v -1.9741330 2.8992240 -0.3000360
vn 0.8823393 0.3045136 -0.3588160
v -1.9553050 2.8992240 -0.2595570
vn 0.9132553 0.3045185 -0.2706164
v -1.9405360 2.8992240 -0.2174280
vn 0.9353900 0.3044967 -0.1797981
v -1.9299670 2.8992240 -0.1740530
vn 0.9485030 0.3045010 -0.0873003
v -1.9237000 2.8992240 -0.1298510
vn 0.9524935 0.3044980 0.0061000
v -1.9217960 2.8992240 -0.0852490
vn 0.9473104 0.3045034 0.0994011
v -1.9242740 2.8992240 -0.0406740
vn 0.9330016 0.3045006 0.1918003
v -1.9311080 2.8992240 0.0034440
vn 0.9097148 0.3045050 0.2823046
v -1.9422340 2.8992240 0.0466790
vn 0.8776544 0.3045189 0.3701229
v -1.9575440 2.8992240 0.0886150
vn 0.8371268 0.3045097 0.4544145
v -1.9768900 2.8992240 0.1288490
vn 0.7885280 0.3045108 0.5343190
v -2.0000870 2.8992240 0.1669930
vn 0.7323960 0.3044983 0.6089967
v -2.0269110 2.8992240 0.2026790
vn 0.6691576 0.3045262 0.6778584
v -2.0571041 2.8992240 0.2355640
vn 0.5995394 0.3045200 0.7401487
v -2.0903749 2.8992240 0.2653320
vn 0.5241254 0.3045148 0.7953386
v -2.1264031 2.8992240 0.2916950
vn 0.4436041 0.3045028 0.8429077
v -2.1648419 2.8992240 0.3144000
vn 0.3588160 0.3045136 0.8823393
v -2.2053211 2.8992240 0.3332270
vn 0.2706164 0.3045185 0.9132553
v -2.2474511 2.8992240 0.3479970
vn 0.1797981 0.3044967 0.9353900
v -2.2908249 2.8992240 0.3585660
vn 0.0873003 0.3045010 0.9485030
v -2.3350270 2.8992240 0.3648320
vn -0.0067999 0.3275975 0.9447929
v -2.3798959 2.9336281 0.3552710
vn -0.0993975 0.3275918 0.9395764
v -2.4233460 2.9336281 0.3528230
vn -0.1910016 0.3276028 0.9253079
v -2.4663470 2.9336281 0.3461280
vn -0.2807142 0.3276166 0.9021457
v -2.5084839 2.9336281 0.3352510
vn -0.3677962 0.3275966 0.8702910
v -2.5493519 2.9336281 0.3202950
vn -0.4513240 0.3276175 0.8300442
v -2.5885580 2.9336281 0.3014060
vn -0.5305098 0.3276060 0.7818144
v -2.6257229 2.9336281 0.2787650
vn -0.6046185 0.3276100 0.7260222
v -2.6604900 2.9336281 0.2525900
vn -0.6728721 0.3275864 0.6632724
v -2.6925240 2.9336281 0.2231330
vn -0.7346317 0.3276141 0.5941256
v -2.7215171 2.9336281 0.1906790
vn -0.7893454 0.3276188 0.5192299
v -2.7471890 2.9336281 0.1555380
vn -0.8364171 0.3276067 0.4394090
v -2.7692931 2.9336281 0.1180510
vn -0.8754737 0.3275902 0.3552893
v -2.7876160 2.9336281 0.0785780
vn -0.9060990 0.3275996 0.2676997
v -2.8019810 2.9336281 0.0374990
vn -0.9279641 0.3276226 0.1776123
v -2.8122520 2.9336281 -0.0047910
vn -0.9409112 0.3276039 0.0858010
v -2.8183270 2.9336281 -0.0478830
vn -0.9447929 0.3275975 -0.0067999
v -2.8201499 2.9336281 -0.0913640
vn -0.9395764 0.3275918 -0.0993975
v -2.8177021 2.9336281 -0.1348140
vn -0.9253079 0.3276028 -0.1910016
v -2.8110070 2.9336281 -0.1778140
vn -0.9021457 0.3276166 -0.2807142
v -2.8001289 2.9336281 -0.2199520
vn -0.8702911 0.3275966 -0.3677962
v -2.7851739 2.9336281 -0.2608200
vn -0.8300443 0.3276175 -0.4513241
v -2.7662840 2.9336281 -0.3000250
vn -0.7818144 0.3276060 -0.5305098
v -2.7436430 2.9336281 -0.3371910
vn -0.7260222 0.3276100 -0.6046185
v -2.7174690 2.9336281 -0.3719580
vn -0.6632724 0.3275864 -0.6728721
v -2.6880119 2.9336281 -0.4039920
vn -0.5941256 0.3276141 -0.7346317
v -2.6555569 2.9336281 -0.4329841
vn -0.5192299 0.3276188 -0.7893454
v -2.6204171 2.9336281 -0.4586560
vn -0.4394090 0.3276067 -0.8364171
v -2.5829301 2.9336281 -0.4807600
vn -0.3552893 0.3275902 -0.8754737
v -2.5434561 2.9336281 -0.4990830
vn -0.2676997 0.3275996 -0.9060990
v -2.5023770 2.9336281 -0.5134490
vn -0.1776123 0.3276226 -0.9279641
v -2.4600880 2.9336281 -0.5237190
vn -0.0858010 0.3276039 -0.9409112
v -2.4169950 2.9336281 -0.5297950
vn 0.0067999 0.3275975 -0.9447929
v -2.3735149 2.9336281 -0.5316170
vn 0.0993975 0.3275918 -0.9395764
v -2.3300650 2.9336281 -0.5291690
vn 0.1910016 0.3276028 -0.9253079
v -2.2870641 2.9336281 -0.5224740
vn 0.2807142 0.3276166 -0.9021457
v -2.2449269 2.9336281 -0.5115970
vn 0.3677962 0.3275966 -0.8702910
v -2.2040589 2.9336281 -0.4966410
vn 0.4513240 0.3276175 -0.8300442
v -2.1648531 2.9336281 -0.4777520
vn 0.5305098 0.3276060 -0.7818144
v -2.1276879 2.9336281 -0.4551110
vn 0.6046185 0.3276100 -0.7260222
v -2.0929210 2.9336281 -0.4289361
vn 0.6728721 0.3275864 -0.6632724
v -2.0608871 2.9336281 -0.3994790
vn 0.7346317 0.3276141 -0.5941256
v -2.0318940 2.9336281 -0.3670250
vn 0.7893454 0.3276188 -0.5192299
v -2.0062220 2.9336281 -0.3318840
vn 0.8364171 0.3276067 -0.4394090
v -1.9841180 2.9336281 -0.2943970
vn 0.8754737 0.3275902 -0.3552893
v -1.9657950 2.9336281 -0.2549240
vn 0.9060990 0.3275996 -0.2676997
v -1.9514290 2.9336281 -0.2138450
vn 0.9279641 0.3276226 -0.1776123
v -1.9411590 2.9336281 -0.1715550
vn 0.9409112 0.3276039 -0.0858010
v -1.9350840 2.9336281 -0.1284630
vn 0.9447929 0.3275975 0.0067999
v -1.9332610 2.9336281 -0.0849820
vn 0.9395764 0.3275918 0.0993975
v -1.9357090 2.9336281 -0.0415320
vn 0.9253079 0.3276028 0.1910016
v -1.9424040 2.9336281 0.0014680
vn 0.9021457 0.3276166 0.2807142
v -1.9532820 2.9336281 0.0436060
vn 0.8702911 0.3275966 0.3677962
v -1.9682370 2.9336281 0.0844740
vn 0.8300443 0.3276175 0.4513241
v -1.9871269 2.9336281 0.1236790
vn 0.7818144 0.3276060 0.5305098
v -2.0097680 2.9336281 0.1608450
vn 0.7260222 0.3276100 0.6046185
v -2.0359430 2.9336281 0.1956120
vn 0.6632724 0.3275864 0.6728721
v -2.0653989 2.9336281 0.2276460
vn 0.5941256 0.3276141 0.7346317
v -2.0978539 2.9336281 0.2566380
vn 0.5192299 0.3276188 0.7893454
v -2.1329939 2.9336281 0.2823100
vn 0.4394090 0.3276067 0.8364171
v -2.1704810 2.9336281 0.3044140
vn 0.3552893 0.3275902 0.8754737
v -2.2099550 2.9336281 0.3227370
vn 0.2676997 0.3275996 0.9060990
v -2.2510340 2.9336281 0.3371030
vn 0.1776123 0.3276226 0.9279641
v -2.2933230 2.9336281 0.3473730
vn 0.0858010 0.3276039 0.9409112
v -2.3364160 2.9336281 0.3534490
vn -0.0074999 0.3508944 0.9363850
v -2.3801689 2.9668839 0.3432740
vn -0.0992040 0.3509143 0.9311379
v -2.4224420 2.9668839 0.3408570
vn -0.1900060 0.3509112 0.9169292
v -2.4642739 2.9668839 0.3343080
vn -0.2789960 0.3508949 0.8938870
v -2.5052619 2.9668839 0.3236900
vn -0.3653066 0.3509063 0.8622156
v -2.5450130 2.9668839 0.3091060
vn -0.4479973 0.3508978 0.8222950
v -2.5831430 2.9668839 0.2906960
vn -0.5264203 0.3509135 0.7744298
v -2.6192839 2.9668839 0.2686370
vn -0.5998445 0.3509260 0.7190533
v -2.6530900 2.9668839 0.2431420
vn -0.6674201 0.3509105 0.6568198
v -2.6842339 2.9668839 0.2144560
vn -0.7286117 0.3509056 0.5882094
v -2.7124159 2.9668839 0.1828560
vn -0.7827211 0.3509095 0.5140139
v -2.7373650 2.9668839 0.1486460
vn -0.8293331 0.3509140 0.4348173
v -2.7588401 2.9668839 0.1121550
vn -0.8679594 0.3509240 0.3514240
v -2.7766359 2.9668839 0.0737340
vn -0.8982417 0.3509163 0.2646123
v -2.7905800 2.9668839 0.0337550
vn -0.9198493 0.3509188 0.1753094
v -2.8005381 2.9668839 -0.0073990
vn -0.9326093 0.3509035 0.0843008
v -2.8064139 2.9668839 -0.0493310
vn -0.9363850 0.3508944 -0.0074999
v -2.8081520 2.9668839 -0.0916370
vn -0.9311379 0.3509143 -0.0992040
v -2.8057351 2.9668839 -0.1339090
vn -0.9169292 0.3509112 -0.1900060
v -2.7991860 2.9668839 -0.1757410
vn -0.8938870 0.3508949 -0.2789960
v -2.7885680 2.9668839 -0.2167300
vn -0.8622156 0.3509063 -0.3653066
v -2.7739840 2.9668839 -0.2564810
vn -0.8222950 0.3508978 -0.4479973
v -2.7555740 2.9668839 -0.2946100
vn -0.7744298 0.3509135 -0.5264203
v -2.7335160 2.9668839 -0.3307520
vn -0.7190533 0.3509260 -0.5998445
v -2.7080209 2.9668839 -0.3645570
vn -0.6568198 0.3509105 -0.6674201
v -2.6793351 2.9668839 -0.3957010
vn -0.5882094 0.3509056 -0.7286117
v -2.6477351 2.9668839 -0.4238830
vn -0.5140138 0.3509094 -0.7827211
v -2.6135240 2.9668839 -0.4488320
vn -0.4348173 0.3509140 -0.8293331
v -2.5770330 2.9668839 -0.4703080
vn -0.3514240 0.3509240 -0.8679594
v -2.5386131 2.9668839 -0.4881030
vn -0.2646123 0.3509163 -0.8982417
v -2.4986329 2.9668839 -0.5020470
vn -0.1753094 0.3509188 -0.9198493
v -2.4574790 2.9668839 -0.5120050
vn -0.0843008 0.3509035 -0.9326093
v -2.4155469 2.9668839 -0.5178820
vn 0.0074999 0.3508944 -0.9363850
v -2.3732419 2.9668839 -0.5196200
vn 0.0992040 0.3509143 -0.9311379
v -2.3309691 2.9668839 -0.5172030
vn 0.1900060 0.3509112 -0.9169292
v -2.2891369 2.9668839 -0.5106540
vn 0.2789960 0.3508949 -0.8938870
v -2.2481480 2.9668839 -0.5000361
vn 0.3653066 0.3509063 -0.8622156
v -2.2083981 2.9668839 -0.4854520
vn 0.4479973 0.3508978 -0.8222950
v -2.1702681 2.9668839 -0.4670420
vn 0.5264203 0.3509135 -0.7744298
v -2.1341259 2.9668839 -0.4449831
vn 0.5998445 0.3509260 -0.7190533
v -2.1003211 2.9668839 -0.4194880
vn 0.6674201 0.3509105 -0.6568198
v -2.0691769 2.9668839 -0.3908030
vn 0.7286117 0.3509056 -0.5882094
v -2.0409949 2.9668839 -0.3592020
vn 0.7827211 0.3509095 -0.5140139
v -2.0160460 2.9668839 -0.3249920
vn 0.8293331 0.3509140 -0.4348173
v -1.9945710 2.9668839 -0.2885010
vn 0.8679594 0.3509240 -0.3514240
v -1.9767751 2.9668839 -0.2500800
vn 0.8982417 0.3509163 -0.2646123
v -1.9628310 2.9668839 -0.2101010
vn 0.9198493 0.3509188 -0.1753094
v -1.9528730 2.9668839 -0.1689470
vn 0.9326093 0.3509035 -0.0843008
v -1.9469970 2.9668839 -0.1270150
vn 0.9363850 0.3508944 0.0074999
v -1.9452590 2.9668839 -0.0847090
vn 0.9311379 0.3509143 0.0992040
v -1.9476759 2.9668839 -0.0424370
vn 0.9169292 0.3509112 0.1900060
v -1.9542249 2.9668839 -0.0006050
vn 0.8938870 0.3508949 0.2789960
v -1.9648420 2.9668839 0.0403840
vn 0.8622156 0.3509063 0.3653066
v -1.9794260 2.9668839 0.0801350
vn 0.8222950 0.3508978 0.4479973
v -1.9978360 2.9668839 0.1182640
vn 0.7744298 0.3509135 0.5264203
v -2.0198951 2.9668839 0.1544060
vn 0.7190533 0.3509260 0.5998445
v -2.0453899 2.9668839 0.1882110
vn 0.6568198 0.3509105 0.6674201
v -2.0740759 2.9668839 0.2193550
vn 0.5882094 0.3509056 0.7286117
v -2.1056759 2.9668839 0.2475370
vn 0.5140138 0.3509094 0.7827211
v -2.1398871 2.9668839 0.2724860
vn 0.4348173 0.3509140 0.8293331
v -2.1763780 2.9668839 0.2939620
vn 0.3514240 0.3509240 0.8679594
v -2.2147980 2.9668839 0.3117570
vn 0.2646123 0.3509163 0.8982417
v -2.2547779 2.9668839 0.3257010
vn 0.1753094 0.3509188 0.9198493
v -2.2959321 2.9668839 0.3356590
vn 0.0843008 0.3509035 0.9326093
v -2.3378639 2.9668839 0.3415350
vn -0.0082999 0.3744964 0.9271912
v -2.3804460 2.9989891 0.3307730
vn -0.0991015 0.3745055 0.9219135
v -2.4214921 2.9989891 0.3283890
vn -0.1890104 0.3745205 0.9077497
v -2.4621060 2.9989891 0.3219940
vn -0.2769963 0.3744949 0.8848879
v -2.5018981 2.9989891 0.3116480
vn -0.3624226 0.3745233 0.8534531
v -2.5404849 2.9989891 0.2974520
vn -0.4443171 0.3745144 0.8138313
v -2.5774939 2.9989891 0.2795410
vn -0.5220131 0.3745094 0.7663192
v -2.6125700 2.9989891 0.2580900
vn -0.5945906 0.3744941 0.7114887
v -2.6453741 2.9989891 0.2333040
vn -0.6614760 0.3744864 0.6497765
v -2.6755900 2.9989891 0.2054220
vn -0.7219908 0.3744953 0.5817926
v -2.7029281 2.9989891 0.1747120
vn -0.7755319 0.3745154 0.5082209
v -2.7271249 2.9989891 0.1414710
vn -0.8215981 0.3744991 0.4297990
v -2.7479460 2.9989891 0.1060180
vn -0.8597767 0.3744899 0.3471906
v -2.7651930 2.9989891 0.0686950
vn -0.8896606 0.3745255 0.2612178
v -2.7786980 2.9989891 0.0298610
vn -0.9109859 0.3744942 0.1727973
v -2.7883320 2.9989891 -0.0101090
vn -0.9235345 0.3745140 0.0826031
v -2.7940011 2.9989891 -0.0508310
vn -0.9271912 0.3744964 -0.0082999
v -2.7956519 2.9989891 -0.0919130
vn -0.9219135 0.3745055 -0.0991015
v -2.7932680 2.9989891 -0.1329590
vn -0.9077497 0.3745205 -0.1890104
v -2.7868719 2.9989891 -0.1735740
vn -0.8848879 0.3744949 -0.2769963
v -2.7765260 2.9989891 -0.2133660
vn -0.8534531 0.3745233 -0.3624226
v -2.7623301 2.9989891 -0.2519530
vn -0.8138313 0.3745144 -0.4443171
v -2.7444201 2.9989891 -0.2889620
vn -0.7663192 0.3745094 -0.5220131
v -2.7229691 2.9989891 -0.3240370
vn -0.7114887 0.3744941 -0.5945906
v -2.6981831 2.9989891 -0.3568410
vn -0.6497765 0.3744864 -0.6614760
v -2.6703000 2.9989891 -0.3870580
vn -0.5817926 0.3744953 -0.7219908
v -2.6395910 2.9989891 -0.4143960
vn -0.5082209 0.3745154 -0.7755319
v -2.6063490 2.9989891 -0.4385920
vn -0.4297990 0.3744991 -0.8215981
v -2.5708971 2.9989891 -0.4594141
vn -0.3471027 0.3745029 -0.8598066
v -2.5335741 2.9989891 -0.4766600
vn -0.2612178 0.3745255 -0.8896606
v -2.4947400 2.9989891 -0.4901660
vn -0.1727973 0.3744942 -0.9109859
v -2.4547689 2.9989891 -0.4997990
vn -0.0826031 0.3745140 -0.9235345
v -2.4140470 2.9989891 -0.5054690
vn 0.0082999 0.3744964 -0.9271912
v -2.3729651 2.9989891 -0.5071190
vn 0.0991015 0.3745055 -0.9219135
v -2.3319190 2.9989891 -0.5047360
vn 0.1890104 0.3745205 -0.9077497
v -2.2913051 2.9989891 -0.4983401
vn 0.2769963 0.3744949 -0.8848879
v -2.2515121 2.9989891 -0.4879940
vn 0.3624226 0.3745233 -0.8534531
v -2.2129259 2.9989891 -0.4737980
vn 0.4443171 0.3745144 -0.8138313
v -2.1759169 2.9989901 -0.4558880
vn 0.5220131 0.3745094 -0.7663192
v -2.1408410 2.9989901 -0.4344360
vn 0.5945906 0.3744941 -0.7114887
v -2.1080370 2.9989901 -0.4096500
vn 0.6614760 0.3744864 -0.6497765
v -2.0778210 2.9989901 -0.3817680
vn 0.7219908 0.3744953 -0.5817926
v -2.0504830 2.9989901 -0.3510590
vn 0.7755319 0.3745154 -0.5082209
v -2.0262859 2.9989901 -0.3178170
vn 0.8215981 0.3744991 -0.4297990
v -2.0054650 2.9989901 -0.2823640
vn 0.8598066 0.3745029 -0.3471027
v -1.9882179 2.9989901 -0.2450410
vn 0.8896606 0.3745255 -0.2612178
v -1.9747130 2.9989901 -0.2062070
vn 0.9109859 0.3744942 -0.1727973
v -1.9650789 2.9989901 -0.1662370
vn 0.9235345 0.3745140 -0.0826031
v -1.9594100 2.9989901 -0.1255150
vn 0.9271912 0.3744964 0.0082999
v -1.9577590 2.9989901 -0.0844330
vn 0.9219135 0.3745055 0.0991015
v -1.9601430 2.9989901 -0.0433870
vn 0.9077497 0.3745205 0.1890104
v -1.9665390 2.9989901 -0.0027720
vn 0.8848879 0.3744949 0.2769963
v -1.9768850 2.9989901 0.0370200
vn 0.8534531 0.3745233 0.3624226
v -1.9910810 2.9989901 0.0756060
vn 0.8138313 0.3745144 0.4443171
v -2.0089910 2.9989901 0.1126160
vn 0.7663192 0.3745094 0.5220131
v -2.0304420 2.9989901 0.1476910
vn 0.7114393 0.3745207 0.5946329
v -2.0552280 2.9989901 0.1804950
vn 0.6497765 0.3744864 0.6614760
v -2.0831110 2.9989901 0.2107120
vn 0.5817926 0.3744953 0.7219908
v -2.1138201 2.9989901 0.2380500
vn 0.5082209 0.3745154 0.7755319
v -2.1470611 2.9989901 0.2622460
vn 0.4297990 0.3744991 0.8215981
v -2.1825140 2.9989891 0.2830680
vn 0.3471027 0.3745029 0.8598066
v -2.2198370 2.9989891 0.3003140
vn 0.2612178 0.3745255 0.8896606
v -2.2586710 2.9989891 0.3138190
vn 0.1727973 0.3744942 0.9109859
v -2.2986410 2.9989891 0.3234530
vn 0.0826031 0.3745140 0.9235345
v -2.3393641 2.9989891 0.3291230
vn -0.0091001 0.3983037 0.9172085
v -2.3807220 3.0299399 0.3178010
vn -0.0989007 0.3983029 0.9119065
v -2.4204950 3.0299399 0.3154530
vn -0.1878041 0.3983086 0.8978195
v -2.4598470 3.0299399 0.3092170
vn -0.2748982 0.3982974 0.8750944
v -2.4983971 3.0299399 0.2991540
vn -0.3594039 0.3983043 0.8439091
v -2.5357759 3.0299399 0.2853610
vn -0.4404052 0.3983047 0.8046096
v -2.5716231 3.0299399 0.2679710
vn -0.5171018 0.3983014 0.7576026
v -2.6055920 3.0299399 0.2471510
vn -0.5889187 0.3983127 0.7032224
v -2.6373580 3.0299399 0.2231010
vn -0.6550130 0.3983079 0.6421127
v -2.6666131 3.0299399 0.1960540
vn -0.7147593 0.3983331 0.5748478
v -2.6930759 3.0299399 0.1662690
vn -0.7676550 0.3983285 0.5020360
v -2.7164919 3.0299399 0.1340340
vn -0.8131787 0.3982896 0.4243889
v -2.7366359 3.0299399 0.0996590
vn -0.8508518 0.3983243 0.3426209
v -2.7533140 3.0299399 0.0634760
vn -0.8803540 0.3983245 0.2575158
v -2.7663651 3.0299399 0.0258310
vn -0.9013520 0.3983230 0.1700098
v -2.7756629 3.0299399 -0.0129110
vn -0.9136913 0.3982962 0.0807992
v -2.7811179 3.0299399 -0.0523780
vn -0.9172085 0.3983037 -0.0091001
v -2.7826800 3.0299399 -0.0921900
vn -0.9119065 0.3983029 -0.0989007
v -2.7803309 3.0299399 -0.1319630
vn -0.8978195 0.3983086 -0.1878041
v -2.7740951 3.0299399 -0.1713140
vn -0.8750944 0.3982974 -0.2748982
v -2.7640331 3.0299399 -0.2098650
vn -0.8439091 0.3983043 -0.3594039
v -2.7502401 3.0299399 -0.2472440
vn -0.8046096 0.3983047 -0.4404052
v -2.7328489 3.0299399 -0.2830910
vn -0.7576026 0.3983014 -0.5171018
v -2.7120290 3.0299399 -0.3170601
vn -0.7032224 0.3983127 -0.5889187
v -2.6879790 3.0299399 -0.3488260
vn -0.6421127 0.3983079 -0.6550130
v -2.6609321 3.0299399 -0.3780810
vn -0.5748478 0.3983331 -0.7147593
v -2.6311481 3.0299399 -0.4045441
vn -0.5020360 0.3983286 -0.7676551
v -2.5989130 3.0299399 -0.4279600
vn -0.4243889 0.3982896 -0.8131787
v -2.5645380 3.0299399 -0.4481040
vn -0.3426209 0.3983243 -0.8508518
v -2.5283539 3.0299399 -0.4647821
vn -0.2575158 0.3983245 -0.8803540
v -2.4907100 3.0299399 -0.4778320
vn -0.1700098 0.3983230 -0.9013520
v -2.4519670 3.0299399 -0.4871300
vn -0.0807992 0.3982962 -0.9136913
v -2.4124999 3.0299399 -0.4925860
vn 0.0091001 0.3983037 -0.9172085
v -2.3726890 3.0299399 -0.4941470
vn 0.0989007 0.3983029 -0.9119065
v -2.3329160 3.0299399 -0.4917991
vn 0.1878041 0.3983086 -0.8978195
v -2.2935641 3.0299399 -0.4855630
vn 0.2748982 0.3982974 -0.8750944
v -2.2550130 3.0299399 -0.4755000
vn 0.3594039 0.3983043 -0.8439091
v -2.2176349 3.0299399 -0.4617071
vn 0.4404052 0.3983047 -0.8046096
v -2.1817880 3.0299399 -0.4443170
vn 0.5171018 0.3983014 -0.7576026
v -2.1478181 3.0299399 -0.4234970
vn 0.5889187 0.3983127 -0.7032224
v -2.1160531 3.0299399 -0.3994470
vn 0.6550130 0.3983079 -0.6421127
v -2.0867980 3.0299399 -0.3724000
vn 0.7147593 0.3983331 -0.5748478
v -2.0603349 3.0299399 -0.3426151
vn 0.7676550 0.3983285 -0.5020360
v -2.0369191 3.0299399 -0.3103800
vn 0.8131787 0.3982896 -0.4243889
v -2.0167749 3.0299399 -0.2760050
vn 0.8508518 0.3983243 -0.3426209
v -2.0000970 3.0299399 -0.2398220
vn 0.8803540 0.3983245 -0.2575158
v -1.9870460 3.0299399 -0.2021770
vn 0.9013520 0.3983230 -0.1700098
v -1.9777480 3.0299399 -0.1634350
vn 0.9136913 0.3982962 -0.0807992
v -1.9722919 3.0299399 -0.1239680
vn 0.9172085 0.3983037 0.0091001
v -1.9707310 3.0299399 -0.0841560
vn 0.9119065 0.3983029 0.0989007
v -1.9730800 3.0299399 -0.0443830
vn 0.8978195 0.3983086 0.1878041
v -1.9793160 3.0299399 -0.0050320
vn 0.8750944 0.3982974 0.2748982
v -1.9893780 3.0299399 0.0335190
vn 0.8439091 0.3983043 0.3594039
v -2.0031710 3.0299399 0.0708980
vn 0.8046096 0.3983047 0.4404052
v -2.0205619 3.0299399 0.1067440
vn 0.7576026 0.3983014 0.5171018
v -2.0413821 3.0299399 0.1407140
vn 0.7032224 0.3983127 0.5889187
v -2.0654311 3.0299399 0.1724790
vn 0.6421127 0.3983079 0.6550130
v -2.0924790 3.0299399 0.2017340
vn 0.5748478 0.3983331 0.7147593
v -2.1222630 3.0299399 0.2281970
vn 0.5020360 0.3983286 0.7676551
v -2.1544981 3.0299399 0.2516140
vn 0.4244234 0.3983220 0.8131448
v -2.1888731 3.0299399 0.2717580
vn 0.3426209 0.3983243 0.8508518
v -2.2250569 3.0299399 0.2884350
vn 0.2575158 0.3983245 0.8803540
v -2.2627010 3.0299399 0.3014860
vn 0.1700098 0.3983230 0.9013520
v -2.3014431 3.0299399 0.3107840
vn 0.0807992 0.3982962 0.9136913
v -2.3409109 3.0299399 0.3162400
vn -0.0099001 0.4225034 0.9063073
v -2.3809950 3.0597320 0.3043880
vn -0.0986976 0.4224897 0.9009780
v -2.4194520 3.0597320 0.3020770
vn -0.1864946 0.4224879 0.8869745
v -2.4574981 3.0597320 0.2960080
vn -0.2725994 0.4224991 0.8643982
v -2.4947650 3.0597320 0.2862390
vn -0.3560063 0.4225075 0.8335148
v -2.5308950 3.0597320 0.2728640
vn -0.4360019 0.4225018 0.7946034
v -2.5655410 3.0597320 0.2560120
vn -0.5117008 0.4225007 0.7481012
v -2.5983670 3.0597320 0.2358460
vn -0.5826054 0.4225039 0.6943064
v -2.6290591 3.0597320 0.2125590
vn -0.6478475 0.4225310 0.6338465
v -2.6573210 3.0597320 0.1863760
vn -0.7069146 0.4224087 0.5673118
v -2.6828799 3.0597320 0.1575490
vn -0.7591089 0.4224049 0.4953058
v -2.7054911 3.0597320 0.1263550
vn -0.8039727 0.4224382 0.4185379
v -2.7249351 3.0597320 0.0930950
vn -0.8411369 0.4224186 0.3377149
v -2.7410259 3.0597320 0.0580900
vn -0.8701465 0.4225226 0.2536135
v -2.7536080 3.0597320 0.0216760
vn -0.8908208 0.4225099 0.1671039
v -2.7625599 3.0597320 -0.0157960
vn -0.9029110 0.4225052 0.0790010
v -2.7677960 3.0597320 -0.0539650
vn -0.9063073 0.4225034 -0.0099001
v -2.7692659 3.0597320 -0.0924630
vn -0.9010161 0.4224075 -0.0987018
v -2.7669549 3.0597320 -0.1309200
vn -0.8870120 0.4224057 -0.1865025
v -2.7608860 3.0597320 -0.1689650
vn -0.8643982 0.4224991 -0.2725994
v -2.7511170 3.0597320 -0.2062330
vn -0.8335148 0.4225075 -0.3560063
v -2.7377419 3.0597320 -0.2423630
vn -0.7946034 0.4225018 -0.4360019
v -2.7208910 3.0597320 -0.2770080
vn -0.7481012 0.4225007 -0.5117008
v -2.7007239 3.0597320 -0.3098350
vn -0.6943064 0.4225039 -0.5826054
v -2.6774380 3.0597320 -0.3405270
vn -0.6338732 0.4224488 -0.6478748
v -2.6512539 3.0597320 -0.3687890
vn -0.5672878 0.4224909 -0.7068847
v -2.6224270 3.0597320 -0.3943480
vn -0.4952849 0.4224871 -0.7590768
v -2.5912330 3.0597320 -0.4169590
vn -0.4185202 0.4225204 -0.8039387
v -2.5579741 3.0597320 -0.4364030
vn -0.3377006 0.4225007 -0.8411014
v -2.5229690 3.0597320 -0.4524940
vn -0.2536136 0.4225226 -0.8701465
v -2.4865551 3.0597320 -0.4650760
vn -0.1671039 0.4225099 -0.8908208
v -2.4490831 3.0597320 -0.4740281
vn -0.0790010 0.4225052 -0.9029110
v -2.4109139 3.0597320 -0.4792640
vn 0.0099001 0.4225034 -0.9063073
v -2.3724160 3.0597320 -0.4807341
vn 0.0986976 0.4224897 -0.9009780
v -2.3339591 3.0597320 -0.4784231
vn 0.1864946 0.4224879 -0.8869745
v -2.2959130 3.0597320 -0.4723540
vn 0.2725994 0.4224991 -0.8643982
v -2.2586460 3.0597320 -0.4625850
vn 0.3560063 0.4225075 -0.8335148
v -2.2225161 3.0597320 -0.4492100
vn 0.4360019 0.4225018 -0.7946034
v -2.1878700 3.0597320 -0.4323580
vn 0.5117008 0.4225007 -0.7481012
v -2.1550441 3.0597320 -0.4121920
vn 0.5826054 0.4225039 -0.6943064
v -2.1243520 3.0597320 -0.3889050
vn 0.6478748 0.4224488 -0.6338732
v -2.0960901 3.0597320 -0.3627220
vn 0.7069146 0.4224087 -0.5673118
v -2.0705299 3.0597320 -0.3338950
vn 0.7590768 0.4224871 -0.4952849
v -2.0479200 3.0597320 -0.3027011
vn 0.8039387 0.4225204 -0.4185202
v -2.0284760 3.0597320 -0.2694420
vn 0.8411369 0.4224186 -0.3377149
v -2.0123849 3.0597320 -0.2344360
vn 0.8701833 0.4224404 -0.2536243
v -1.9998029 3.0597320 -0.1980220
vn 0.8908208 0.4225099 -0.1671039
v -1.9908510 3.0597320 -0.1605500
vn 0.9029110 0.4225052 -0.0790010
v -1.9856150 3.0597320 -0.1223810
vn 0.9063073 0.4225034 0.0099001
v -1.9841450 3.0597320 -0.0838830
vn 0.9010161 0.4224075 0.0987018
v -1.9864550 3.0597320 -0.0454260
vn 0.8870120 0.4224057 0.1865025
v -1.9925250 3.0597320 -0.0073810
vn 0.8643982 0.4224991 0.2725994
v -2.0022941 3.0597320 0.0298870
vn 0.8335148 0.4225075 0.3560063
v -2.0156679 3.0597320 0.0660170
vn 0.7946034 0.4225018 0.4360019
v -2.0325201 3.0597320 0.1006620
vn 0.7481328 0.4224186 0.5117224
v -2.0526860 3.0597320 0.1334890
vn 0.6943064 0.4225039 0.5826054
v -2.0759730 3.0597320 0.1641810
vn 0.6338464 0.4225309 0.6478475
v -2.1021571 3.0597320 0.1924430
vn 0.5672878 0.4224909 0.7068847
v -2.1309841 3.0597320 0.2180020
vn 0.4952849 0.4224871 0.7590768
v -2.1621771 3.0597320 0.2406130
vn 0.4185202 0.4225204 0.8039387
v -2.1954370 3.0597320 0.2600570
vn 0.3377006 0.4225007 0.8411014
v -2.2304420 3.0597320 0.2761470
vn 0.2536136 0.4225226 0.8701465
v -2.2668560 3.0597320 0.2887290
vn 0.1671039 0.4225099 0.8908208
v -2.3043280 3.0597320 0.2976820
vn 0.0790010 0.4225052 0.9029110
v -2.3424971 3.0597320 0.3029180
vn -0.0107002 0.4469080 0.8945159
v -2.3812621 3.0883620 0.2905630
vn -0.0983961 0.4468824 0.8891650
v -2.4183619 3.0883620 0.2882930
vn -0.1851040 0.4469097 0.8752190
v -2.4550619 3.0883620 0.2823970
vn -0.2698995 0.4468991 0.8528983
v -2.4910071 3.0883620 0.2729330
vn -0.3522103 0.4469130 0.8223240
v -2.5258510 3.0883620 0.2599900
vn -0.4311196 0.4469203 0.7838356
v -2.5592589 3.0883620 0.2436950
vn -0.5058993 0.4468993 0.7377988
v -2.5909081 3.0883620 0.2242030
vn -0.5757772 0.4468823 0.6846728
v -2.6204951 3.0883620 0.2017040
vn -0.6401168 0.4469117 0.6249164
v -2.6477339 3.0883620 0.1764120
vn -0.6982836 0.4468895 0.5591869
v -2.6723630 3.0883620 0.1485730
vn -0.7497324 0.4469193 0.4880211
v -2.6941440 3.0883620 0.1184530
vn -0.7939745 0.4468856 0.4121867
v -2.7128689 3.0883620 0.0863440
vn -0.8305251 0.4469135 0.3324100
v -2.7283559 3.0883620 0.0525540
vn -0.8591117 0.4469061 0.2494034
v -2.7404561 3.0883620 0.0174080
vn -0.8794320 0.4469163 0.1639060
v -2.7490530 3.0883620 -0.0187540
vn -0.8912714 0.4468856 0.0769975
v -2.7540650 3.0883620 -0.0555850
vn -0.8945160 0.4469080 -0.0107002
v -2.7554419 3.0883620 -0.0927290
vn -0.8891650 0.4468824 -0.0983961
v -2.7531710 3.0883620 -0.1298300
vn -0.8752352 0.4469180 -0.1850075
v -2.7472761 3.0883620 -0.1665290
vn -0.8528983 0.4468991 -0.2698995
v -2.7378111 3.0883620 -0.2024740
vn -0.8223240 0.4469130 -0.3522103
v -2.7248690 3.0883620 -0.2373190
vn -0.7838356 0.4469203 -0.4311196
v -2.7085731 3.0883620 -0.2707260
vn -0.7377988 0.4468993 -0.5058993
v -2.6890819 3.0883620 -0.3023760
vn -0.6846728 0.4468823 -0.5757772
v -2.6665821 3.0883620 -0.3319630
vn -0.6249164 0.4469117 -0.6401168
v -2.6412909 3.0883620 -0.3592020
vn -0.5591868 0.4468895 -0.6982836
v -2.6134510 3.0883620 -0.3838310
vn -0.4880211 0.4469193 -0.7497324
v -2.5833321 3.0883620 -0.4056121
vn -0.4121867 0.4468856 -0.7939745
v -2.5512221 3.0883620 -0.4243360
vn -0.3324100 0.4469135 -0.8305251
v -2.5174320 3.0883620 -0.4398230
vn -0.2494034 0.4469061 -0.8591117
v -2.4822869 3.0883620 -0.4519240
vn -0.1639060 0.4469163 -0.8794320
v -2.4461250 3.0883620 -0.4605210
vn -0.0769975 0.4468856 -0.8912714
v -2.4092939 3.0883620 -0.4655320
vn 0.0107002 0.4469080 -0.8945159
v -2.3721490 3.0883620 -0.4669090
vn 0.0983961 0.4468824 -0.8891650
v -2.3350489 3.0883620 -0.4646390
vn 0.1851040 0.4469097 -0.8752190
v -2.2983489 3.0883620 -0.4587430
vn 0.2698995 0.4468991 -0.8528983
v -2.2624040 3.0883620 -0.4492790
vn 0.3522103 0.4469130 -0.8223240
v -2.2275600 3.0883620 -0.4363360
vn 0.4311196 0.4469203 -0.7838356
v -2.1941521 3.0883620 -0.4200410
vn 0.5058993 0.4468993 -0.7377988
v -2.1625030 3.0883620 -0.4005501
vn 0.5757772 0.4468823 -0.6846728
v -2.1329160 3.0883620 -0.3780500
vn 0.6401168 0.4469117 -0.6249164
v -2.1056769 3.0883620 -0.3527580
vn 0.6982836 0.4468895 -0.5591869
v -2.0810480 3.0883620 -0.3249190
vn 0.7497324 0.4469193 -0.4880211
v -2.0592661 3.0883620 -0.2947990
vn 0.7939745 0.4468856 -0.4121867
v -2.0405419 3.0883620 -0.2626900
vn 0.8305251 0.4469135 -0.3324100
v -2.0250549 3.0883620 -0.2289000
vn 0.8591117 0.4469061 -0.2494034
v -2.0129550 3.0883620 -0.1937540
vn 0.8794320 0.4469163 -0.1639060
v -2.0043581 3.0883620 -0.1575920
vn 0.8912714 0.4468856 -0.0769975
v -1.9993460 3.0883620 -0.1207620
vn 0.8945160 0.4469080 0.0107002
v -1.9979690 3.0883620 -0.0836170
vn 0.8891650 0.4468824 0.0983961
v -2.0002389 3.0883620 -0.0465160
vn 0.8752190 0.4469097 0.1851040
v -2.0061350 3.0883620 -0.0098170
vn 0.8528983 0.4468991 0.2698995
v -2.0156000 3.0883620 0.0261280
vn 0.8223240 0.4469130 0.3522103
v -2.0285420 3.0883620 0.0609720
vn 0.7838356 0.4469203 0.4311196
v -2.0448370 3.0883620 0.0943800
vn 0.7377988 0.4468993 0.5058993
v -2.0643289 3.0883620 0.1260300
vn 0.6846728 0.4468823 0.5757772
v -2.0868289 3.0883620 0.1556170
vn 0.6249164 0.4469117 0.6401168
v -2.1121199 3.0883620 0.1828560
vn 0.5591868 0.4468895 0.6982836
v -2.1399601 3.0883620 0.2074850
vn 0.4880211 0.4469193 0.7497324
v -2.1700790 3.0883620 0.2292660
vn 0.4121867 0.4468856 0.7939745
v -2.2021880 3.0883620 0.2479900
vn 0.3324100 0.4469135 0.8305251
v -2.2359791 3.0883620 0.2634770
vn 0.2494034 0.4469061 0.8591117
v -2.2711239 3.0883620 0.2755780
vn 0.1639060 0.4469163 0.8794320
v -2.3072860 3.0883620 0.2841750
vn 0.0769975 0.4468856 0.8912714
v -2.3441169 3.0883620 0.2891860
vn -0.0116004 0.4716151 0.8817282
v -2.3815169 3.1158249 0.2763590
vn -0.0980043 0.4716207 0.8763385
v -2.4172249 3.1158249 0.2741320
vn -0.1834047 0.4716122 0.8625222
v -2.4525421 3.1158249 0.2684160
vn -0.2670972 0.4715950 0.8403912
v -2.4871280 3.1158249 0.2592650
vn -0.3482153 0.4716208 0.8101358
v -2.5206521 3.1158249 0.2467690
vn -0.4259137 0.4716151 0.7721248
v -2.5527880 3.1158249 0.2310470
vn -0.4995001 0.4716001 0.7267001
v -2.5832300 3.1158249 0.2122510
vn -0.5683236 0.4716195 0.6742280
v -2.6116819 3.1158249 0.1905610
vn -0.6316856 0.4715893 0.6152860
v -2.6378710 3.1158249 0.1661870
vn -0.6889767 0.4715840 0.5503814
v -2.6615450 3.1158249 0.1393640
vn -0.7395976 0.4715984 0.4801984
v -2.6824760 3.1158249 0.1103490
vn -0.7830995 0.4715997 0.4053998
v -2.7004621 3.1158249 0.0794220
vn -0.8190737 0.4715849 0.3266895
v -2.7153311 3.1158249 0.0468820
vn -0.8471373 0.4716208 0.2448108
v -2.7269380 3.1158249 0.0130400
vn -0.8670734 0.4715855 0.1605951
v -2.7351720 3.1158249 -0.0217760
vn -0.8786266 0.4716143 0.0748023
v -2.7399540 3.1158249 -0.0572320
vn -0.8817282 0.4716151 -0.0116004
v -2.7412369 3.1158249 -0.0929850
vn -0.8763385 0.4716207 -0.0980043
v -2.7390101 3.1158249 -0.1286920
vn -0.8625223 0.4716122 -0.1834048
v -2.7332940 3.1158249 -0.1640090
vn -0.8403912 0.4715950 -0.2670972
v -2.7241440 3.1158249 -0.1985960
vn -0.8101358 0.4716208 -0.3482153
v -2.7116480 3.1158249 -0.2321190
vn -0.7721248 0.4716151 -0.4259137
v -2.6959250 3.1158249 -0.2642560
vn -0.7267001 0.4716001 -0.4995001
v -2.6771290 3.1158249 -0.2946970
vn -0.6742280 0.4716195 -0.5683236
v -2.6554401 3.1158249 -0.3231490
vn -0.6152860 0.4715893 -0.6316856
v -2.6310661 3.1158249 -0.3493391
vn -0.5503814 0.4715840 -0.6889767
v -2.6042421 3.1158249 -0.3730130
vn -0.4801984 0.4715984 -0.7395976
v -2.5752270 3.1158249 -0.3939440
vn -0.4053997 0.4715997 -0.7830995
v -2.5443010 3.1158249 -0.4119300
vn -0.3266895 0.4715849 -0.8190737
v -2.5117600 3.1158249 -0.4267980
vn -0.2448108 0.4716207 -0.8471373
v -2.4779191 3.1158249 -0.4384050
vn -0.1605951 0.4715855 -0.8670734
v -2.4431031 3.1158249 -0.4466390
vn -0.0748023 0.4716143 -0.8786266
v -2.4076469 3.1158249 -0.4514210
vn 0.0116004 0.4716151 -0.8817282
v -2.3718929 3.1158249 -0.4527050
vn 0.0980043 0.4716207 -0.8763385
v -2.3361859 3.1158249 -0.4504780
vn 0.1834047 0.4716122 -0.8625222
v -2.3008690 3.1158249 -0.4447621
vn 0.2670972 0.4715950 -0.8403912
v -2.2662830 3.1158249 -0.4356120
vn 0.3482153 0.4716208 -0.8101358
v -2.2327590 3.1158249 -0.4231150
vn 0.4259137 0.4716151 -0.7721248
v -2.2006221 3.1158249 -0.4073930
vn 0.4995001 0.4716001 -0.7267001
v -2.1701810 3.1158249 -0.3885971
vn 0.5683236 0.4716195 -0.6742280
v -2.1417291 3.1158249 -0.3669071
vn 0.6316856 0.4715893 -0.6152860
v -2.1155400 3.1158249 -0.3425331
vn 0.6889767 0.4715840 -0.5503814
v -2.0918660 3.1158249 -0.3157100
vn 0.7395976 0.4715984 -0.4801984
v -2.0709350 3.1158249 -0.2866950
vn 0.7830995 0.4715997 -0.4053998
v -2.0529490 3.1158249 -0.2557680
vn 0.8190737 0.4715849 -0.3266895
v -2.0380800 3.1158249 -0.2232280
vn 0.8471373 0.4716208 -0.2448108
v -2.0264730 3.1158249 -0.1893860
vn 0.8670734 0.4715855 -0.1605951
v -2.0182390 3.1158249 -0.1545700
vn 0.8786266 0.4716143 -0.0748023
v -2.0134571 3.1158249 -0.1191150
vn 0.8817282 0.4716151 0.0116004
v -2.0121739 3.1158249 -0.0833610
vn 0.8763385 0.4716207 0.0980043
v -2.0144000 3.1158249 -0.0476540
vn 0.8625223 0.4716122 0.1834048
v -2.0201170 3.1158249 -0.0123370
vn 0.8403912 0.4715950 0.2670972
v -2.0292671 3.1158249 0.0222500
vn 0.8101358 0.4716208 0.3482153
v -2.0417631 3.1158249 0.0557730
vn 0.7721248 0.4716151 0.4259137
v -2.0574851 3.1158249 0.0879100
vn 0.7267001 0.4716001 0.4995001
v -2.0762820 3.1158249 0.1183510
vn 0.6742280 0.4716195 0.5683236
v -2.0979710 3.1158249 0.1468030
vn 0.6152860 0.4715893 0.6316856
v -2.1223450 3.1158249 0.1729930
vn 0.5503814 0.4715840 0.6889767
v -2.1491690 3.1158249 0.1966670
vn 0.4801984 0.4715984 0.7395976
v -2.1781831 3.1158249 0.2175980
vn 0.4053997 0.4715997 0.7830995
v -2.2091100 3.1158249 0.2355840
vn 0.3266895 0.4715849 0.8190737
v -2.2416511 3.1158249 0.2504520
vn 0.2448108 0.4716207 0.8471373
v -2.2754920 3.1158249 0.2620590
vn 0.1605951 0.4715855 0.8670734
v -2.3103080 3.1158249 0.2702930
vn 0.0748023 0.4716143 0.8786266
v -2.3457639 3.1158249 0.2750750
vn -0.0124999 0.4965955 0.8678921
v -2.3817599 3.1421189 0.2618050
vn -0.0974988 0.4965940 0.8624896
v -2.4160390 3.1421189 0.2596240
vn -0.1815953 0.4965872 0.8487781
v -2.4499400 3.1421189 0.2540940
vn -0.2638976 0.4965954 0.8268924
v -2.4831350 3.1421189 0.2452680
vn -0.3437085 0.4966124 0.7970198
v -2.5153060 3.1421189 0.2332300
vn -0.4201135 0.4966159 0.7595244
v -2.5461409 3.1421189 0.2180970
vn -0.4925846 0.4965845 0.7146778
v -2.5753450 3.1421189 0.2000150
vn -0.5603045 0.4966040 0.6629053
v -2.6026361 3.1421189 0.1791570
vn -0.6225309 0.4966246 0.6048300
v -2.6277511 3.1421189 0.1557250
vn -0.6788157 0.4966115 0.5409125
v -2.6504481 3.1421189 0.1299430
vn -0.7286108 0.4966073 0.4717070
v -2.6705091 3.1421189 0.1020620
vn -0.7713004 0.4966003 0.3981002
v -2.6877410 3.1421189 0.0723480
vn -0.8066261 0.4966161 0.3205104
v -2.7019770 3.1421189 0.0410880
vn -0.8341474 0.4966282 0.2399136
v -2.7130799 3.1421189 0.0085830
vn -0.8536454 0.4966264 0.1570084
v -2.7209449 3.1421189 -0.0248530
vn -0.8649284 0.4966163 0.0726024
v -2.7254930 3.1421189 -0.0588990
vn -0.8678921 0.4965955 -0.0124999
v -2.7266829 3.1421189 -0.0932270
vn -0.8624896 0.4965940 -0.0974988
v -2.7245030 3.1421189 -0.1275070
vn -0.8487781 0.4965872 -0.1815953
v -2.7189720 3.1421189 -0.1614080
vn -0.8268924 0.4965954 -0.2638976
v -2.7101460 3.1421189 -0.1946030
vn -0.7970198 0.4966124 -0.3437085
v -2.6981089 3.1421189 -0.2267730
vn -0.7595244 0.4966159 -0.4201135
v -2.6829760 3.1421189 -0.2576090
vn -0.7146778 0.4965845 -0.4925846
v -2.6648929 3.1421189 -0.2868130
vn -0.6629053 0.4966040 -0.5603045
v -2.6440361 3.1421189 -0.3141040
vn -0.6048300 0.4966246 -0.6225309
v -2.6206031 3.1421189 -0.3392190
vn -0.5409125 0.4966115 -0.6788157
v -2.5948219 3.1421189 -0.3619160
vn -0.4717070 0.4966073 -0.7286108
v -2.5669401 3.1421189 -0.3819770
vn -0.3981002 0.4966003 -0.7713005
v -2.5372260 3.1421189 -0.3992090
vn -0.3205104 0.4966161 -0.8066261
v -2.5059659 3.1421189 -0.4134451
vn -0.2399136 0.4966282 -0.8341474
v -2.4734621 3.1421189 -0.4245480
vn -0.1570084 0.4966264 -0.8536454
v -2.4400260 3.1421189 -0.4324120
vn -0.0726024 0.4966163 -0.8649284
v -2.4059789 3.1421189 -0.4369610
vn 0.0124999 0.4965955 -0.8678921
v -2.3716509 3.1421189 -0.4381511
vn 0.0974988 0.4965940 -0.8624896
v -2.3373721 3.1421189 -0.4359700
vn 0.1815953 0.4965872 -0.8487781
v -2.3034711 3.1421189 -0.4304400
vn 0.2638976 0.4965954 -0.8268924
v -2.2702761 3.1421189 -0.4216140
vn 0.3437085 0.4966124 -0.7970198
v -2.2381051 3.1421189 -0.4095760
vn 0.4201135 0.4966159 -0.7595244
v -2.2072690 3.1421189 -0.3944430
vn 0.4925846 0.4965845 -0.7146778
v -2.1780660 3.1421189 -0.3763610
vn 0.5603045 0.4966040 -0.6629053
v -2.1507750 3.1421189 -0.3555030
vn 0.6225309 0.4966246 -0.6048300
v -2.1256599 3.1421189 -0.3320710
vn 0.6788157 0.4966115 -0.5409125
v -2.1029620 3.1421189 -0.3062900
vn 0.7286108 0.4966073 -0.4717070
v -2.0829010 3.1421189 -0.2784080
vn 0.7713004 0.4966003 -0.3981002
v -2.0656700 3.1421189 -0.2486940
vn 0.8066261 0.4966161 -0.3205104
v -2.0514340 3.1421189 -0.2174340
vn 0.8341474 0.4966282 -0.2399136
v -2.0403299 3.1421189 -0.1849300
vn 0.8536454 0.4966264 -0.1570084
v -2.0324659 3.1421189 -0.1514930
vn 0.8649284 0.4966163 -0.0726024
v -2.0279181 3.1421189 -0.1174470
vn 0.8678921 0.4965955 0.0124999
v -2.0267279 3.1421189 -0.0831190
vn 0.8624896 0.4965940 0.0974988
v -2.0289080 3.1421189 -0.0488390
vn 0.8487781 0.4965872 0.1815953
v -2.0344391 3.1421189 -0.0149390
vn 0.8268924 0.4965954 0.2638976
v -2.0432651 3.1421189 0.0182570
vn 0.7970198 0.4966124 0.3437085
v -2.0553019 3.1421189 0.0504270
vn 0.7595244 0.4966159 0.4201135
v -2.0704350 3.1421189 0.0812630
vn 0.7146778 0.4965845 0.4925846
v -2.0885179 3.1421189 0.1104670
vn 0.6629053 0.4966040 0.5603045
v -2.1093750 3.1421189 0.1377580
vn 0.6048300 0.4966246 0.6225309
v -2.1328080 3.1421189 0.1628730
vn 0.5409125 0.4966115 0.6788157
v -2.1585889 3.1421189 0.1855700
vn 0.4717070 0.4966073 0.7286108
v -2.1864710 3.1421189 0.2056310
vn 0.3981002 0.4966003 0.7713005
v -2.2161851 3.1421189 0.2228620
vn 0.3205104 0.4966161 0.8066261
v -2.2474439 3.1421189 0.2370980
vn 0.2399136 0.4966282 0.8341474
v -2.2799489 3.1421189 0.2482020
vn 0.1570084 0.4966264 0.8536454
v -2.3133850 3.1421189 0.2560660
vn 0.0726024 0.4966163 0.8649284
v -2.3474319 3.1421189 0.2606150
vn -0.0134012 0.5219451 0.8528738
v -2.3819849 3.1672390 0.2469320
vn -0.0970060 0.5219325 0.8474528
v -2.4148059 3.1672390 0.2448000
vn -0.1795010 0.5219029 0.8339046
v -2.4472589 3.1672390 0.2394630
vn -0.2604187 0.5219374 0.8122582
v -2.4790330 3.1672390 0.2309690
vn -0.3388100 0.5219154 0.7828231
v -2.5098219 3.1672390 0.2194030
vn -0.4139185 0.5219234 0.7458334
v -2.5393291 3.1672390 0.2048740
vn -0.4850031 0.5219033 0.7017044
v -2.5672691 3.1672390 0.1875230
vn -0.5514464 0.5219439 0.6507547
v -2.5933750 3.1672390 0.1675170
vn -0.6125316 0.5219269 0.5936306
v -2.6173930 3.1672390 0.1450480
vn -0.6678070 0.5219055 0.5307056
v -2.6390941 3.1672390 0.1203340
vn -0.7166381 0.5219277 0.4626245
v -2.6582680 3.1672390 0.0936110
vn -0.7585160 0.5219110 0.3902082
v -2.6747301 3.1672390 0.0651380
vn -0.7931316 0.5219208 0.3139125
v -2.6883221 3.1672390 0.0351880
vn -0.8200558 0.5219356 0.2347160
v -2.6989131 3.1672390 0.0040500
vn -0.8391258 0.5219160 0.1532047
v -2.7064011 3.1672390 -0.0279760
vn -0.8501095 0.5219058 0.0702008
v -2.7107141 3.1672390 -0.0605810
vn -0.8528738 0.5219451 -0.0134012
v -2.7118101 3.1672390 -0.0934530
vn -0.8474528 0.5219325 -0.0970061
v -2.7096789 3.1672390 -0.1262730
vn -0.8339046 0.5219029 -0.1795010
v -2.7043409 3.1672390 -0.1587270
vn -0.8122159 0.5220102 -0.2604051
v -2.6958480 3.1672390 -0.1905010
vn -0.7827823 0.5219882 -0.3387924
v -2.6842811 3.1672390 -0.2212900
vn -0.7458334 0.5219234 -0.4139185
v -2.6697531 3.1672390 -0.2507960
vn -0.7017044 0.5219033 -0.4850031
v -2.6524019 3.1672390 -0.2787370
vn -0.6507547 0.5219439 -0.5514464
v -2.6323960 3.1672390 -0.3048421
vn -0.5936306 0.5219269 -0.6125316
v -2.6099269 3.1672390 -0.3288611
vn -0.5307056 0.5219055 -0.6678070
v -2.5852120 3.1672390 -0.3505620
vn -0.4626004 0.5220005 -0.7166007
v -2.5584900 3.1672390 -0.3697360
vn -0.3902082 0.5219110 -0.7585160
v -2.5300159 3.1672390 -0.3861980
vn -0.3139125 0.5219207 -0.7931315
v -2.5000670 3.1672390 -0.3997900
vn -0.2347160 0.5219356 -0.8200559
v -2.4689291 3.1672390 -0.4103810
vn -0.1532047 0.5219160 -0.8391258
v -2.4369030 3.1672390 -0.4178690
vn -0.0702008 0.5219058 -0.8501095
v -2.4042971 3.1672390 -0.4221820
vn 0.0134012 0.5219451 -0.8528738
v -2.3714261 3.1672390 -0.4232780
vn 0.0970060 0.5219325 -0.8474528
v -2.3386049 3.1672390 -0.4211470
vn 0.1794916 0.5219756 -0.8338610
v -2.3061521 3.1672390 -0.4158090
vn 0.2604187 0.5219374 -0.8122582
v -2.2743781 3.1672390 -0.4073160
vn 0.3388100 0.5219154 -0.7828231
v -2.2435889 3.1672390 -0.3957490
vn 0.4139185 0.5219234 -0.7458334
v -2.2140820 3.1672390 -0.3812200
vn 0.4849778 0.5219761 -0.7016678
v -2.1861410 3.1672390 -0.3638690
vn 0.5514464 0.5219439 -0.6507547
v -2.1600361 3.1672390 -0.3438631
vn 0.6125316 0.5219269 -0.5936306
v -2.1360180 3.1672390 -0.3213950
vn 0.6678070 0.5219055 -0.5307056
v -2.1143169 3.1672390 -0.2966800
vn 0.7166049 0.5219035 -0.4627031
v -2.0951431 3.1672390 -0.2699570
vn 0.7585160 0.5219110 -0.3902082
v -2.0786810 3.1672390 -0.2414840
vn 0.7931316 0.5219208 -0.3139125
v -2.0650890 3.1672390 -0.2115340
vn 0.8200558 0.5219356 -0.2347160
v -2.0544980 3.1672390 -0.1803970
vn 0.8391258 0.5219160 -0.1532047
v -2.0470099 3.1672390 -0.1483710
vn 0.8501095 0.5219058 -0.0702008
v -2.0426970 3.1672390 -0.1157650
vn 0.8528738 0.5219451 0.0134012
v -2.0416009 3.1672390 -0.0828940
vn 0.8474528 0.5219325 0.0970061
v -2.0437319 3.1672390 -0.0500730
vn 0.8339046 0.5219029 0.1795010
v -2.0490699 3.1672390 -0.0176190
vn 0.8122582 0.5219374 0.2604187
v -2.0575631 3.1672390 0.0141550
vn 0.7828231 0.5219154 0.3388100
v -2.0691299 3.1672390 0.0449440
vn 0.7458334 0.5219234 0.4139185
v -2.0836580 3.1672390 0.0744500
vn 0.7017044 0.5219033 0.4850031
v -2.1010089 3.1672390 0.1023910
vn 0.6507547 0.5219439 0.5514464
v -2.1210151 3.1672390 0.1284960
vn 0.5936306 0.5219269 0.6125316
v -2.1434841 3.1672390 0.1525150
vn 0.5307056 0.5219055 0.6678070
v -2.1681991 3.1672390 0.1742160
vn 0.4627031 0.5219035 0.7166049
v -2.1949210 3.1672390 0.1933890
vn 0.3902082 0.5219110 0.7585160
v -2.2233939 3.1672390 0.2098520
vn 0.3139125 0.5219207 0.7931315
v -2.2533441 3.1672390 0.2234440
vn 0.2347160 0.5219356 0.8200559
v -2.2844820 3.1672390 0.2340350
vn 0.1532047 0.5219160 0.8391258
v -2.3165081 3.1672390 0.2415230
vn 0.0702008 0.5219058 0.8501095
v -2.3491139 3.1672390 0.2458350
vn -0.0143002 0.5476083 0.8366126
v -2.3821900 3.1911819 0.2317700
vn -0.0963064 0.5476365 0.8311554
v -2.4135230 3.1911819 0.2296920
vn -0.1773058 0.5476180 0.8177269
v -2.4445021 3.1911819 0.2245520
vn -0.2565114 0.5476243 0.7964355
v -2.4748280 3.1911819 0.2164010
vn -0.3334127 0.5476208 0.7674292
v -2.5042090 3.1911819 0.2053170
vn -0.4070253 0.5476340 0.7310454
v -2.5323620 3.1911819 0.1914060
vn -0.4767233 0.5476267 0.6876336
v -2.5590160 3.1911819 0.1748030
vn -0.5418144 0.5476146 0.6376170
v -2.5839140 3.1911819 0.1556670
vn -0.6017197 0.5476179 0.5814190
v -2.6068170 3.1911819 0.1341830
vn -0.6558251 0.5476210 0.5196199
v -2.6275041 3.1911819 0.1105570
vn -0.7035365 0.5476283 0.4529235
v -2.6457751 3.1911819 0.0850180
vn -0.7446038 0.5476028 0.3817020
v -2.6614549 3.1911819 0.0578100
vn -0.7784156 0.5476110 0.3069062
v -2.6743929 3.1911819 0.0291970
vn -0.8047424 0.5476289 0.2291121
v -2.6844640 3.1911819 -0.0005470
vn -0.8233332 0.5476220 0.1491060
v -2.6915710 3.1911819 -0.0311340
vn -0.8339675 0.5476443 0.0677055
v -2.6956451 3.1911819 -0.0622710
vn -0.8366126 0.5476083 -0.0143002
v -2.6966479 3.1911819 -0.0936570
vn -0.8311555 0.5476366 -0.0963064
v -2.6945701 3.1911819 -0.1249910
vn -0.8177269 0.5476180 -0.1773058
v -2.6894310 3.1911819 -0.1559700
vn -0.7964355 0.5476243 -0.2565114
v -2.6812799 3.1911819 -0.1862960
vn -0.7674292 0.5476208 -0.3334127
v -2.6701951 3.1911819 -0.2156770
vn -0.7310454 0.5476340 -0.4070253
v -2.6562850 3.1911819 -0.2438300
vn -0.6876336 0.5476267 -0.4767233
v -2.6396811 3.1911819 -0.2704840
vn -0.6376170 0.5476146 -0.5418144
v -2.6205449 3.1911819 -0.2953820
vn -0.5814190 0.5476179 -0.6017197
v -2.5990610 3.1911819 -0.3182850
vn -0.5196199 0.5476210 -0.6558251
v -2.5754361 3.1911819 -0.3389710
vn -0.4529235 0.5476283 -0.7035365
v -2.5498960 3.1911819 -0.3572430
vn -0.3817020 0.5476028 -0.7446038
v -2.5226891 3.1911819 -0.3729230
vn -0.3069062 0.5476110 -0.7784156
v -2.4940760 3.1911819 -0.3858600
vn -0.2291121 0.5476288 -0.8047424
v -2.4643321 3.1911819 -0.3959311
vn -0.1491060 0.5476220 -0.8233332
v -2.4337440 3.1911819 -0.4030380
vn -0.0677055 0.5476443 -0.8339675
v -2.4026070 3.1911819 -0.4071130
vn 0.0143002 0.5476083 -0.8366126
v -2.3712211 3.1911819 -0.4081160
vn 0.0963064 0.5476365 -0.8311554
v -2.3398881 3.1911819 -0.4060380
vn 0.1773058 0.5476180 -0.8177269
v -2.3089089 3.1911819 -0.4008980
vn 0.2565114 0.5476243 -0.7964355
v -2.2785830 3.1911819 -0.3927470
vn 0.3334127 0.5476208 -0.7674292
v -2.2492020 3.1911819 -0.3816630
vn 0.4070253 0.5476340 -0.7310454
v -2.2210491 3.1911819 -0.3677520
vn 0.4767233 0.5476267 -0.6876336
v -2.1943951 3.1911819 -0.3511490
vn 0.5418144 0.5476146 -0.6376170
v -2.1694970 3.1911819 -0.3320131
vn 0.6017197 0.5476179 -0.5814190
v -2.1465940 3.1911819 -0.3105291
vn 0.6558251 0.5476210 -0.5196199
v -2.1259069 3.1911819 -0.2869030
vn 0.7035365 0.5476283 -0.4529235
v -2.1076360 3.1911819 -0.2613640
vn 0.7446038 0.5476028 -0.3817020
v -2.0919559 3.1911819 -0.2341560
vn 0.7784156 0.5476110 -0.3069062
v -2.0790181 3.1911819 -0.2055430
vn 0.8047424 0.5476289 -0.2291121
v -2.0689471 3.1911819 -0.1758000
vn 0.8233332 0.5476220 -0.1491060
v -2.0618401 3.1911819 -0.1452120
vn 0.8339675 0.5476443 -0.0677055
v -2.0577660 3.1911819 -0.1140750
vn 0.8366126 0.5476083 0.0143002
v -2.0567629 3.1911819 -0.0826890
vn 0.8311555 0.5476366 0.0963064
v -2.0588410 3.1911819 -0.0513550
vn 0.8177269 0.5476180 0.1773058
v -2.0639801 3.1911819 -0.0203760
vn 0.7964355 0.5476243 0.2565114
v -2.0721309 3.1911819 0.0099500
vn 0.7674292 0.5476208 0.3334127
v -2.0832150 3.1911819 0.0393310
vn 0.7310454 0.5476340 0.4070253
v -2.0971260 3.1911819 0.0674840
vn 0.6876336 0.5476267 0.4767233
v -2.1137290 3.1911819 0.0941380
vn 0.6376170 0.5476146 0.5418144
v -2.1328650 3.1911819 0.1190360
vn 0.5814190 0.5476179 0.6017197
v -2.1543500 3.1911819 0.1419390
vn 0.5196199 0.5476210 0.6558251
v -2.1779749 3.1911819 0.1626250
vn 0.4529235 0.5476283 0.7035365
v -2.2035151 3.1911819 0.1808970
vn 0.3817020 0.5476028 0.7446038
v -2.2307220 3.1911819 0.1965770
vn 0.3069062 0.5476110 0.7784156
v -2.2593350 3.1911819 0.2095140
vn 0.2291121 0.5476288 0.8047424
v -2.2890790 3.1911819 0.2195850
vn 0.1491060 0.5476220 0.8233332
v -2.3196671 3.1911819 0.2266920
vn 0.0677055 0.5476443 0.8339675
v -2.3508029 3.1911819 0.2307670
vn -0.0152003 0.5737115 0.8189164
v -2.3823700 3.2139430 0.2163500
vn -0.0953993 0.5736957 0.8134938
v -2.4121921 3.2139430 0.2143290
vn -0.1747025 0.5737081 0.8002113
v -2.4416709 3.2139430 0.2093940
vn -0.2522880 0.5736727 0.7792628
v -2.4705250 3.2139430 0.2015930
vn -0.3274855 0.5736746 0.7507668
v -2.4984751 3.2139430 0.1910020
vn -0.3995086 0.5737124 0.7150154
v -2.5252531 3.2139430 0.1777220
vn -0.4676226 0.5737278 0.6724325
v -2.5506001 3.2139430 0.1618820
vn -0.5312897 0.5736889 0.6233879
v -2.5742719 3.2139430 0.1436330
vn -0.5898116 0.5737113 0.5683112
v -2.5960419 3.2139430 0.1231520
vn -0.6427147 0.5737132 0.5077116
v -2.6156991 3.2139430 0.1006350
vn -0.6893886 0.5736905 0.4422926
v -2.6330540 3.2139430 0.0763010
vn -0.7294048 0.5737038 0.3726025
v -2.6479411 3.2139430 0.0503820
vn -0.7624130 0.5737098 0.2993051
v -2.6602161 3.2139430 0.0231290
vn -0.7880797 0.5736852 0.2231942
v -2.6697600 3.2139430 -0.0051960
vn -0.8061770 0.5736836 0.1447959
v -2.6764829 3.2139430 -0.0343200
vn -0.8164829 0.5736880 0.0650986
v -2.6803181 3.2139430 -0.0639620
vn -0.8189164 0.5737116 -0.0152003
v -2.6812291 3.2139430 -0.0938380
vn -0.8134938 0.5736957 -0.0953993
v -2.6792071 3.2139430 -0.1236590
vn -0.8002113 0.5737081 -0.1747025
v -2.6742721 3.2139430 -0.1531390
vn -0.7792628 0.5736727 -0.2522880
v -2.6664710 3.2139430 -0.1819930
vn -0.7507668 0.5736746 -0.3274855
v -2.6558800 3.2139430 -0.2099430
vn -0.7150154 0.5737124 -0.3995086
v -2.6426010 3.2139430 -0.2367200
vn -0.6724325 0.5737278 -0.4676226
v -2.6267600 3.2139430 -0.2620670
vn -0.6233879 0.5736889 -0.5312897
v -2.6085110 3.2139430 -0.2857400
vn -0.5683112 0.5737113 -0.5898116
v -2.5880301 3.2139430 -0.3075090
vn -0.5077116 0.5737132 -0.6427147
v -2.5655141 3.2139430 -0.3271660
vn -0.4422926 0.5736904 -0.6893885
v -2.5411789 3.2139430 -0.3445221
vn -0.3726025 0.5737038 -0.7294048
v -2.5152609 3.2139430 -0.3594090
vn -0.2993051 0.5737098 -0.7624130
v -2.4880080 3.2139430 -0.3716840
vn -0.2231942 0.5736852 -0.7880797
v -2.4596829 3.2139430 -0.3812280
vn -0.1447959 0.5736836 -0.8061770
v -2.4305589 3.2139430 -0.3879500
vn -0.0650986 0.5736880 -0.8164829
v -2.4009161 3.2139430 -0.3917850
vn 0.0152003 0.5737115 -0.8189164
v -2.3710411 3.2139430 -0.3926960
vn 0.0953993 0.5736957 -0.8134938
v -2.3412189 3.2139430 -0.3906750
vn 0.1747025 0.5737081 -0.8002113
v -2.3117399 3.2139430 -0.3857400
vn 0.2522880 0.5736727 -0.7792628
v -2.2828860 3.2139430 -0.3779390
vn 0.3274855 0.5736746 -0.7507668
v -2.2549360 3.2139430 -0.3673480
vn 0.3995086 0.5737124 -0.7150154
v -2.2281580 3.2139430 -0.3540680
vn 0.4676226 0.5737278 -0.6724325
v -2.2028110 3.2139430 -0.3382280
vn 0.5312897 0.5736889 -0.6233879
v -2.1791389 3.2139430 -0.3199790
vn 0.5898116 0.5737113 -0.5683112
v -2.1573689 3.2139430 -0.2994980
vn 0.6426821 0.5736840 -0.5077858
v -2.1377120 3.2139430 -0.2769820
vn 0.6893886 0.5736905 -0.4422926
v -2.1203561 3.2139430 -0.2526470
vn 0.7294048 0.5737038 -0.3726025
v -2.1054690 3.2139430 -0.2267280
vn 0.7624130 0.5737098 -0.2993051
v -2.0931950 3.2139430 -0.1994750
vn 0.7880797 0.5736852 -0.2231942
v -2.0836501 3.2139430 -0.1711500
vn 0.8061770 0.5736836 -0.1447959
v -2.0769279 3.2139430 -0.1420270
vn 0.8164829 0.5736880 -0.0650986
v -2.0730929 3.2139430 -0.1123840
vn 0.8189164 0.5737116 0.0152003
v -2.0721819 3.2139430 -0.0825080
vn 0.8134938 0.5736957 0.0953993
v -2.0742040 3.2139430 -0.0526870
vn 0.8002113 0.5737081 0.1747025
v -2.0791390 3.2139430 -0.0232070
vn 0.7792628 0.5736727 0.2522880
v -2.0869391 3.2139430 0.0056460
vn 0.7507668 0.5736746 0.3274855
v -2.0975311 3.2139430 0.0335970
vn 0.7150154 0.5737124 0.3995086
v -2.1108100 3.2139430 0.0603740
vn 0.6724325 0.5737278 0.4676226
v -2.1266510 3.2139430 0.0857210
vn 0.6233879 0.5736889 0.5312897
v -2.1449001 3.2139430 0.1093930
vn 0.5683112 0.5737113 0.5898116
v -2.1653810 3.2139430 0.1311630
vn 0.5077858 0.5736840 0.6426821
v -2.1878970 3.2139430 0.1508200
vn 0.4422926 0.5736904 0.6893885
v -2.2122321 3.2139430 0.1681760
vn 0.3726025 0.5737038 0.7294048
v -2.2381499 3.2139430 0.1830630
vn 0.2993051 0.5737098 0.7624130
v -2.2654030 3.2139430 0.1953380
vn 0.2231942 0.5736852 0.7880797
v -2.2937281 3.2139430 0.2048820
vn 0.1447959 0.5736836 0.8061770
v -2.3228519 3.2139430 0.2116040
vn 0.0650986 0.5736880 0.8164829
v -2.3524950 3.2139430 0.2154390
vn -0.0161005 0.6000183 0.7998243
v -2.3825240 3.2355199 0.2007030
vn -0.0944008 0.6000052 0.7944068
v -2.4108100 3.2355199 0.1987420
vn -0.1718047 0.6000165 0.7813215
v -2.4387691 3.2355199 0.1940170
vn -0.2476037 0.6000090 0.7607113
v -2.4661300 3.2355199 0.1865750
vn -0.3209279 0.6000522 0.7327637
v -2.4926291 3.2355199 0.1764870
vn -0.3912074 0.6000113 0.6978132
v -2.5180120 3.2355199 0.1638500
vn -0.4577100 0.6000131 0.6561142
v -2.5420339 3.2355199 0.1487860
vn -0.5198058 0.6000068 0.6081068
v -2.5644641 3.2355199 0.1314400
vn -0.5769141 0.6000146 0.5542135
v -2.5850861 3.2355199 0.1119790
vn -0.6285194 0.6000186 0.4949153
v -2.6037011 3.2355199 0.0905900
vn -0.6739330 0.6000293 0.4310211
v -2.6201301 3.2355199 0.0674800
vn -0.7129534 0.6000450 0.3628272
v -2.6342139 3.2355199 0.0428710
vn -0.7451106 0.6000085 0.2912042
v -2.6458189 3.2355199 0.0170000
vn -0.7700543 0.6000423 0.2167153
v -2.6548319 3.2355199 -0.0098840
vn -0.7876119 0.6000091 0.1402021
v -2.6611660 3.2355199 -0.0375230
vn -0.7975448 0.6000338 0.0623035
v -2.6647611 3.2355199 -0.0656480
vn -0.7998243 0.6000183 -0.0161005
v -2.6655819 3.2355199 -0.0939910
vn -0.7944068 0.6000052 -0.0944008
v -2.6636200 3.2355199 -0.1222780
vn -0.7813215 0.6000165 -0.1718047
v -2.6588960 3.2355199 -0.1502360
vn -0.7607113 0.6000090 -0.2476037
v -2.6514540 3.2355199 -0.1775970
vn -0.7327637 0.6000522 -0.3209279
v -2.6413660 3.2355199 -0.2040970
vn -0.6978132 0.6000113 -0.3912074
v -2.6287291 3.2355199 -0.2294800
vn -0.6561142 0.6000131 -0.4577100
v -2.6136651 3.2355199 -0.2535020
vn -0.6080438 0.6000432 -0.5198374
v -2.5963190 3.2355199 -0.2759320
vn -0.5542135 0.6000146 -0.5769141
v -2.5768580 3.2355199 -0.2965540
vn -0.4949153 0.6000186 -0.6285194
v -2.5554690 3.2355199 -0.3151690
vn -0.4310211 0.6000293 -0.6739330
v -2.5323589 3.2355199 -0.3315970
vn -0.3628272 0.6000450 -0.7129534
v -2.5077500 3.2355199 -0.3456820
vn -0.2912042 0.6000085 -0.7451106
v -2.4818780 3.2355199 -0.3572870
vn -0.2167153 0.6000423 -0.7700543
v -2.4549940 3.2355199 -0.3662990
vn -0.1402021 0.6000091 -0.7876119
v -2.4273560 3.2355199 -0.3726340
vn -0.0623035 0.6000338 -0.7975448
v -2.3992300 3.2355199 -0.3762290
vn 0.0161005 0.6000183 -0.7998243
v -2.3708870 3.2355199 -0.3770490
vn 0.0944008 0.6000052 -0.7944068
v -2.3426001 3.2355199 -0.3750880
vn 0.1718047 0.6000165 -0.7813215
v -2.3146420 3.2355199 -0.3703640
vn 0.2476037 0.6000090 -0.7607113
v -2.2872810 3.2355199 -0.3629220
vn 0.3209279 0.6000522 -0.7327637
v -2.2607820 3.2355199 -0.3528330
vn 0.3912074 0.6000113 -0.6978132
v -2.2353990 3.2355199 -0.3401960
vn 0.4577100 0.6000131 -0.6561142
v -2.2113769 3.2355199 -0.3251320
vn 0.5198058 0.6000068 -0.6081068
v -2.1889470 3.2355199 -0.3077860
vn 0.5769141 0.6000146 -0.5542135
v -2.1683249 3.2355199 -0.2883250
vn 0.6285194 0.6000186 -0.4949153
v -2.1497099 3.2355199 -0.2669370
vn 0.6739330 0.6000293 -0.4310211
v -2.1332810 3.2355199 -0.2438260
vn 0.7129534 0.6000450 -0.3628272
v -2.1191969 3.2355199 -0.2192170
vn 0.7451106 0.6000085 -0.2912042
v -2.1075921 3.2355199 -0.1933460
vn 0.7700543 0.6000423 -0.2167153
v -2.0985789 3.2355199 -0.1664620
vn 0.7876119 0.6000091 -0.1402021
v -2.0922451 3.2355199 -0.1388240
vn 0.7975448 0.6000338 -0.0623035
v -2.0886500 3.2355199 -0.1106980
vn 0.7998243 0.6000183 0.0161005
v -2.0878291 3.2355199 -0.0823550
vn 0.7944068 0.6000052 0.0944008
v -2.0897911 3.2355199 -0.0540680
vn 0.7813215 0.6000165 0.1718047
v -2.0945151 3.2355199 -0.0261100
vn 0.7607113 0.6000090 0.2476037
v -2.1019571 3.2355199 0.0012510
vn 0.7327637 0.6000522 0.3209279
v -2.1120450 3.2355199 0.0277510
vn 0.6978132 0.6000113 0.3912074
v -2.1246819 3.2355199 0.0531330
vn 0.6561142 0.6000131 0.4577100
v -2.1397460 3.2355199 0.0771560
vn 0.6080438 0.6000432 0.5198374
v -2.1570921 3.2355199 0.0995860
vn 0.5542135 0.6000146 0.5769141
v -2.1765530 3.2355199 0.1202080
vn 0.4949153 0.6000186 0.6285194
v -2.1979420 3.2355199 0.1388220
vn 0.4310211 0.6000293 0.6739330
v -2.2210519 3.2355199 0.1552510
vn 0.3628272 0.6000450 0.7129534
v -2.2456610 3.2355199 0.1693360
vn 0.2912042 0.6000085 0.7451106
v -2.2715330 3.2355199 0.1809400
vn 0.2167153 0.6000423 0.7700543
v -2.2984171 3.2355199 0.1899530
vn 0.1402021 0.6000091 0.7876119
v -2.3260550 3.2355199 0.1962880
vn 0.0623035 0.6000338 0.7975448
v -2.3541811 3.2355199 0.1998820
vn -0.0169010 0.6267378 0.7790470
v -2.3826461 3.2559080 0.1848590
vn -0.0932048 0.6267326 0.7736402
v -2.4093790 3.2559080 0.1829620
vn -0.1686132 0.6267491 0.7607596
v -2.4357979 3.2559080 0.1784540
vn -0.2423060 0.6267155 0.7406183
v -2.4616480 3.2559080 0.1713780
vn -0.3138192 0.6267384 0.7132437
v -2.4866791 3.2559080 0.1618020
vn -0.3822247 0.6267405 0.6790439
v -2.5106511 3.2559080 0.1498200
vn -0.4469225 0.6267315 0.6383321
v -2.5333340 3.2559080 0.1355440
vn -0.5073355 0.6267438 0.5914414
v -2.5545080 3.2559080 0.1191150
vn -0.5628253 0.6267282 0.5389243
v -2.5739689 3.2559080 0.1006890
vn -0.6129440 0.6267450 0.4811345
v -2.5915310 3.2559080 0.0804450
vn -0.6572084 0.6267080 0.4187054
v -2.6070240 3.2559080 0.0585760
vn -0.6950371 0.6267335 0.3523188
v -2.6202991 3.2559080 0.0352940
vn -0.7262475 0.6267411 0.2824185
v -2.6312280 3.2559080 0.0108230
vn -0.7504334 0.6267279 0.2099093
v -2.6397059 3.2559080 -0.0146010
vn -0.7674147 0.6267120 0.1353026
v -2.6456511 3.2559080 -0.0407340
vn -0.7769518 0.6267418 0.0595040
v -2.6490049 3.2559080 -0.0673230
vn -0.7790470 0.6267378 -0.0169010
v -2.6497381 3.2559080 -0.0941140
vn -0.7736402 0.6267326 -0.0932048
v -2.6478410 3.2559080 -0.1208470
vn -0.7607596 0.6267492 -0.1686132
v -2.6433330 3.2559080 -0.1472660
vn -0.7406183 0.6267155 -0.2423060
v -2.6362569 3.2559080 -0.1731150
vn -0.7132437 0.6267384 -0.3138192
v -2.6266811 3.2559080 -0.1981470
vn -0.6790439 0.6267405 -0.3822247
v -2.6146979 3.2559080 -0.2221190
vn -0.6383321 0.6267316 -0.4469225
v -2.6004231 3.2559080 -0.2448010
vn -0.5914414 0.6267438 -0.5073355
v -2.5839939 3.2559080 -0.2659750
vn -0.5389243 0.6267282 -0.5628253
v -2.5655680 3.2559080 -0.2854370
vn -0.4811345 0.6267450 -0.6129440
v -2.5453229 3.2559080 -0.3029990
vn -0.4187054 0.6267080 -0.6572084
v -2.5234540 3.2559080 -0.3184920
vn -0.3523188 0.6267335 -0.6950371
v -2.5001731 3.2559080 -0.3317670
vn -0.2824185 0.6267411 -0.7262475
v -2.4757020 3.2559080 -0.3426960
vn -0.2099093 0.6267279 -0.7504334
v -2.4502780 3.2559080 -0.3511730
vn -0.1353026 0.6267120 -0.7674147
v -2.4241450 3.2559080 -0.3571181
vn -0.0595040 0.6267418 -0.7769518
v -2.3975551 3.2559080 -0.3604730
vn 0.0169010 0.6267378 -0.7790470
v -2.3707650 3.2559080 -0.3612060
vn 0.0932048 0.6267326 -0.7736402
v -2.3440311 3.2559080 -0.3593090
vn 0.1686132 0.6267491 -0.7607596
v -2.3176129 3.2559080 -0.3548000
vn 0.2423060 0.6267155 -0.7406183
v -2.2917631 3.2559080 -0.3477240
vn 0.3138192 0.6267384 -0.7132437
v -2.2667320 3.2559080 -0.3381490
vn 0.3822247 0.6267405 -0.6790439
v -2.2427590 3.2559080 -0.3261660
vn 0.4469225 0.6267315 -0.6383321
v -2.2200770 3.2559080 -0.3118910
vn 0.5073355 0.6267438 -0.5914414
v -2.1989031 3.2559080 -0.2954610
vn 0.5628253 0.6267282 -0.5389243
v -2.1794410 3.2559080 -0.2770350
vn 0.6129440 0.6267450 -0.4811345
v -2.1618800 3.2559080 -0.2567910
vn 0.6572084 0.6267080 -0.4187054
v -2.1463871 3.2559080 -0.2349220
vn 0.6950371 0.6267335 -0.3523188
v -2.1331120 3.2559080 -0.2116400
vn 0.7262475 0.6267411 -0.2824185
v -2.1221831 3.2559080 -0.1871690
vn 0.7504334 0.6267279 -0.2099093
v -2.1137049 3.2559080 -0.1617450
vn 0.7674147 0.6267120 -0.1353026
v -2.1077600 3.2559080 -0.1356120
vn 0.7769518 0.6267418 -0.0595040
v -2.1044049 3.2559080 -0.1090230
vn 0.7790470 0.6267378 0.0169010
v -2.1036730 3.2559080 -0.0822320
vn 0.7736402 0.6267326 0.0932048
v -2.1055701 3.2559080 -0.0554990
vn 0.7607596 0.6267492 0.1686132
v -2.1100781 3.2559080 -0.0290800
vn 0.7406183 0.6267155 0.2423060
v -2.1171539 3.2559080 -0.0032310
vn 0.7132437 0.6267384 0.3138192
v -2.1267300 3.2559080 0.0218010
vn 0.6790439 0.6267405 0.3822247
v -2.1387129 3.2559080 0.0457730
vn 0.6383321 0.6267316 0.4469225
v -2.1529880 3.2559080 0.0684550
vn 0.5914414 0.6267438 0.5073355
v -2.1694169 3.2559080 0.0896290
vn 0.5389243 0.6267282 0.5628253
v -2.1878431 3.2559080 0.1090910
vn 0.4811345 0.6267450 0.6129440
v -2.2080879 3.2559080 0.1266530
vn 0.4187054 0.6267080 0.6572084
v -2.2299559 3.2559080 0.1421460
vn 0.3523188 0.6267335 0.6950371
v -2.2532380 3.2559080 0.1554200
vn 0.2824185 0.6267411 0.7262475
v -2.2777090 3.2559080 0.1663490
vn 0.2099093 0.6267279 0.7504334
v -2.3031330 3.2559080 0.1748270
vn 0.1353026 0.6267120 0.7674147
v -2.3292661 3.2559080 0.1807720
vn 0.0595040 0.6267418 0.7769518
v -2.3558559 3.2559080 0.1841270
vn -0.0177008 0.6538299 0.7564345
v -2.3827350 3.2751031 0.1688490
vn -0.0917985 0.6537893 0.7510877
v -2.4078979 3.2751031 0.1670210
vn -0.1650071 0.6538281 0.7384318
v -2.4327610 3.2751031 0.1627340
vn -0.2365099 0.6538274 0.7187301
v -2.4570849 3.2751031 0.1560320
vn -0.3058952 0.6537897 0.6920891
v -2.4806340 3.2751031 0.1469770
vn -0.3722237 0.6538416 0.6587418
v -2.5031819 3.2751031 0.1356580
vn -0.4350078 0.6538117 0.6191111
v -2.5245130 3.2751031 0.1221840
vn -0.4936006 0.6538008 0.5735006
v -2.5444191 3.2751031 0.1066830
vn -0.5474278 0.6538332 0.5223265
v -2.5627110 3.2751031 0.0893060
vn -0.5959962 0.6537958 0.4661970
v -2.5792110 3.2751031 0.0702200
vn -0.6388160 0.6538163 0.4055101
v -2.5937610 3.2751031 0.0496080
vn -0.6755110 0.6538107 0.3409056
v -2.6062210 3.2751031 0.0276690
vn -0.7056320 0.6538296 0.2731124
v -2.6164711 3.2751031 0.0046150
vn -0.7290211 0.6538189 0.2026059
v -2.6244111 3.2751031 -0.0193330
vn -0.7453897 0.6537910 0.1301982
v -2.6299660 3.2751031 -0.0439440
vn -0.7545314 0.6538272 0.0565023
v -2.6330810 3.2751031 -0.0689810
vn -0.7564345 0.6538299 -0.0177008
v -2.6337280 3.2751031 -0.0942020
vn -0.7510877 0.6537893 -0.0917985
v -2.6318991 3.2751031 -0.1193660
vn -0.7384318 0.6538281 -0.1650071
v -2.6276131 3.2751031 -0.1442290
vn -0.7187301 0.6538274 -0.2365099
v -2.6209099 3.2751031 -0.1685520
vn -0.6920891 0.6537897 -0.3058952
v -2.6118560 3.2751031 -0.1921020
vn -0.6587418 0.6538416 -0.3722237
v -2.6005371 3.2751031 -0.2146500
vn -0.6191111 0.6538117 -0.4350078
v -2.5870619 3.2751031 -0.2359800
vn -0.5735006 0.6538008 -0.4936006
v -2.5715621 3.2751031 -0.2558870
vn -0.5223265 0.6538332 -0.5474278
v -2.5541840 3.2751031 -0.2741790
vn -0.4661970 0.6537958 -0.5959962
v -2.5350981 3.2751031 -0.2906790
vn -0.4055101 0.6538163 -0.6388159
v -2.5144861 3.2751031 -0.3052290
vn -0.3409056 0.6538107 -0.6755110
v -2.4925480 3.2751031 -0.3176890
vn -0.2731124 0.6538296 -0.7056320
v -2.4694929 3.2751031 -0.3279380
vn -0.2026059 0.6538189 -0.7290211
v -2.4455459 3.2751031 -0.3358780
vn -0.1301982 0.6537910 -0.7453897
v -2.4209349 3.2751031 -0.3414330
vn -0.0565023 0.6538272 -0.7545313
v -2.3958981 3.2751031 -0.3445490
vn 0.0177008 0.6538299 -0.7564345
v -2.3706760 3.2751031 -0.3451950
vn 0.0917985 0.6537893 -0.7510877
v -2.3455131 3.2751031 -0.3433670
vn 0.1650071 0.6538281 -0.7384318
v -2.3206501 3.2751031 -0.3390810
vn 0.2365099 0.6538274 -0.7187301
v -2.2963259 3.2751031 -0.3323780
vn 0.3058952 0.6537897 -0.6920891
v -2.2727771 3.2751031 -0.3233240
vn 0.3722237 0.6538416 -0.6587418
v -2.2502289 3.2751031 -0.3120040
vn 0.4350078 0.6538117 -0.6191111
v -2.2288980 3.2751031 -0.2985300
vn 0.4936006 0.6538008 -0.5735006
v -2.2089920 3.2751031 -0.2830290
vn 0.5474278 0.6538332 -0.5223265
v -2.1907001 3.2751031 -0.2656520
vn 0.5959962 0.6537958 -0.4661970
v -2.1742001 3.2751031 -0.2465660
vn 0.6388160 0.6538163 -0.4055101
v -2.1596489 3.2751031 -0.2259540
vn 0.6755110 0.6538107 -0.3409056
v -2.1471901 3.2751031 -0.2040150
vn 0.7056320 0.6538296 -0.2731124
v -2.1369400 3.2751031 -0.1809610
vn 0.7290211 0.6538189 -0.2026059
v -2.1289999 3.2751031 -0.1570130
vn 0.7453897 0.6537910 -0.1301982
v -2.1234460 3.2751031 -0.1324020
vn 0.7545314 0.6538272 -0.0565023
v -2.1203301 3.2751031 -0.1073650
vn 0.7564345 0.6538299 0.0177008
v -2.1196830 3.2751031 -0.0821440
vn 0.7510877 0.6537893 0.0917985
v -2.1215119 3.2751031 -0.0569800
vn 0.7384318 0.6538281 0.1650071
v -2.1257980 3.2751031 -0.0321170
vn 0.7187301 0.6538274 0.2365099
v -2.1325009 3.2751031 -0.0077940
vn 0.6920891 0.6537897 0.3058952
v -2.1415551 3.2751031 0.0157550
vn 0.6587418 0.6538416 0.3722237
v -2.1528740 3.2751031 0.0383040
vn 0.6191111 0.6538117 0.4350078
v -2.1663489 3.2751031 0.0596340
vn 0.5735006 0.6538008 0.4936006
v -2.1818490 3.2751031 0.0795410
vn 0.5223265 0.6538332 0.5474278
v -2.1992271 3.2751031 0.0978330
vn 0.4661970 0.6537958 0.5959962
v -2.2183130 3.2751031 0.1143330
vn 0.4055101 0.6538163 0.6388159
v -2.2389250 3.2751031 0.1288830
vn 0.3409056 0.6538107 0.6755110
v -2.2608631 3.2751031 0.1413430
vn 0.2731124 0.6538296 0.7056320
v -2.2839170 3.2751031 0.1515920
vn 0.2026059 0.6538189 0.7290211
v -2.3078649 3.2751031 0.1595320
vn 0.1301982 0.6537910 0.7453897
v -2.3324759 3.2751031 0.1650870
vn 0.0565023 0.6538272 0.7545313
v -2.3575130 3.2751031 0.1682030
vn -0.0184009 0.6812329 0.7318354
v -2.3827851 3.2931020 0.1527040
vn -0.0901021 0.6812158 0.7265168
v -2.4063661 3.2931020 0.1509480
vn -0.1608997 0.6811987 0.7141986
v -2.4296610 3.2931020 0.1468890
vn -0.2300995 0.6811985 0.6949984
v -2.4524460 3.2931020 0.1405670
vn -0.2971005 0.6812012 0.6691011
v -2.4745021 3.2931020 0.1320410
vn -0.3612206 0.6812389 0.6367363
v -2.4956160 3.2931020 0.1213950
vn -0.4219009 0.6812014 0.5983012
v -2.5155849 3.2931020 0.1087310
vn -0.4785211 0.6812301 0.5540245
v -2.5342159 3.2931020 0.0941700
vn -0.5305310 0.6812398 0.5044295
v -2.5513301 3.2931020 0.0778530
vn -0.5774219 0.6812258 0.4500170
v -2.5667629 3.2931020 0.0599380
vn -0.6188049 0.6812054 0.3912031
v -2.5803649 3.2931020 0.0405960
vn -0.6541249 0.6812260 0.3287125
v -2.5920060 3.2931020 0.0200130
vn -0.6832120 0.6812121 0.2630047
v -2.6015730 3.2931020 -0.0016110
vn -0.7057025 0.6812024 0.1948007
v -2.6089749 3.2931020 -0.0240680
vn -0.7213995 0.6811996 0.1246999
v -2.6141400 3.2931020 -0.0471440
vn -0.7301291 0.6812272 0.0533021
v -2.6170180 3.2931020 -0.0706140
vn -0.7318354 0.6812329 -0.0184009
v -2.6175821 3.2931020 -0.0942530
vn -0.7265168 0.6812158 -0.0901021
v -2.6158259 3.2931020 -0.1178340
vn -0.7141986 0.6811987 -0.1608997
v -2.6117680 3.2931020 -0.1411290
vn -0.6949985 0.6811985 -0.2300995
v -2.6054449 3.2931020 -0.1639140
vn -0.6691011 0.6812012 -0.2971005
v -2.5969200 3.2931020 -0.1859700
vn -0.6367363 0.6812389 -0.3612206
v -2.5862739 3.2931020 -0.2070840
vn -0.5983012 0.6812014 -0.4219009
v -2.5736091 3.2931020 -0.2270520
vn -0.5540245 0.6812301 -0.4785211
v -2.5590489 3.2931020 -0.2456830
vn -0.5044295 0.6812398 -0.5305310
v -2.5427320 3.2931020 -0.2627980
vn -0.4500170 0.6812258 -0.5774219
v -2.5248160 3.2931020 -0.2782300
vn -0.3912031 0.6812054 -0.6188049
v -2.5054741 3.2931020 -0.2918330
vn -0.3287125 0.6812260 -0.6541249
v -2.4848919 3.2931020 -0.3034731
vn -0.2630047 0.6812121 -0.6832120
v -2.4632680 3.2931020 -0.3130410
vn -0.1948007 0.6812024 -0.7057025
v -2.4408100 3.2931020 -0.3204430
vn -0.1246999 0.6811996 -0.7213995
v -2.4177351 3.2931020 -0.3256080
vn -0.0533021 0.6812272 -0.7301291
v -2.3942649 3.2931020 -0.3284860
vn 0.0184009 0.6812329 -0.7318354
v -2.3706250 3.2931020 -0.3290500
vn 0.0901021 0.6812158 -0.7265168
v -2.3470449 3.2931020 -0.3272941
vn 0.1608997 0.6811987 -0.7141986
v -2.3237500 3.2931020 -0.3232350
vn 0.2300995 0.6811985 -0.6949984
v -2.3009651 3.2931020 -0.3169131
vn 0.2971005 0.6812012 -0.6691011
v -2.2789090 3.2931020 -0.3083870
vn 0.3612206 0.6812389 -0.6367363
v -2.2577951 3.2931020 -0.2977410
vn 0.4219009 0.6812014 -0.5983012
v -2.2378261 3.2931020 -0.2850770
vn 0.4785211 0.6812301 -0.5540245
v -2.2191949 3.2931020 -0.2705160
vn 0.5305310 0.6812398 -0.5044295
v -2.2020810 3.2931020 -0.2541990
vn 0.5774219 0.6812258 -0.4500170
v -2.1866479 3.2931020 -0.2362840
vn 0.6188049 0.6812054 -0.3912031
v -2.1730461 3.2931020 -0.2169420
vn 0.6541249 0.6812260 -0.3287125
v -2.1614051 3.2931020 -0.1963600
vn 0.6832120 0.6812121 -0.2630047
v -2.1518381 3.2931020 -0.1747350
vn 0.7057025 0.6812024 -0.1948007
v -2.1444359 3.2931020 -0.1522780
vn 0.7213995 0.6811996 -0.1246999
v -2.1392710 3.2931020 -0.1292030
vn 0.7301291 0.6812272 -0.0533021
v -2.1363931 3.2931020 -0.1057320
vn 0.7318354 0.6812329 0.0184009
v -2.1358290 3.2931020 -0.0820930
vn 0.7265168 0.6812158 0.0901021
v -2.1375849 3.2931020 -0.0585120
vn 0.7141986 0.6811987 0.1608997
v -2.1416430 3.2931020 -0.0352170
vn 0.6949985 0.6811985 0.2300995
v -2.1479659 3.2931020 -0.0124320
vn 0.6691011 0.6812012 0.2971005
v -2.1564910 3.2931020 0.0096240
vn 0.6367363 0.6812389 0.3612206
v -2.1671369 3.2931020 0.0307370
vn 0.5983012 0.6812014 0.4219009
v -2.1798019 3.2931020 0.0507060
vn 0.5540245 0.6812301 0.4785211
v -2.1943619 3.2931020 0.0693370
vn 0.5044295 0.6812398 0.5305310
v -2.2106791 3.2931020 0.0864520
vn 0.4500170 0.6812258 0.5774219
v -2.2285950 3.2931020 0.1018840
vn 0.3912031 0.6812054 0.6188049
v -2.2479370 3.2931020 0.1154860
vn 0.3287125 0.6812260 0.6541249
v -2.2685189 3.2931020 0.1271270
vn 0.2630047 0.6812121 0.6832120
v -2.2901430 3.2931020 0.1366950
vn 0.1948007 0.6812024 0.7057025
v -2.3126011 3.2931020 0.1440970
vn 0.1246999 0.6811996 0.7213995
v -2.3356760 3.2931020 0.1492610
vn 0.0533021 0.6812272 0.7301291
v -2.3591461 3.2931020 0.1521400
vn -0.0191007 0.7089252 0.7050250
v -2.3827951 3.3099010 0.1364530
vn -0.0880991 0.7088926 0.6997927
v -2.4047830 3.3099010 0.1347740
vn -0.1562970 0.7088866 0.6877871
v -2.4265001 3.3099010 0.1309490
vn -0.2229091 0.7089289 0.6691273
v -2.4477379 3.3099010 0.1250130
vn -0.2874914 0.7088786 0.6440806
v -2.4682920 3.3099010 0.1170240
vn -0.3491994 0.7088987 0.6127989
v -2.4879639 3.3099010 0.1070590
vn -0.4076016 0.7089027 0.5756022
v -2.5065639 3.3099010 0.0952130
vn -0.4620080 0.7089122 0.5329092
v -2.5239141 3.3099010 0.0816020
vn -0.5120236 0.7089326 0.4850222
v -2.5398459 3.3099010 0.0663550
vn -0.5571123 0.7089157 0.4325096
v -2.5542071 3.3099010 0.0496210
vn -0.5968194 0.7089230 0.3758122
v -2.5668581 3.3099010 0.0315590
vn -0.6308038 0.7089042 0.3155019
v -2.5776780 3.3099010 0.0123440
vn -0.6587068 0.7089073 0.2521026
v -2.5865631 3.3099010 -0.0078390
vn -0.6802149 0.7089156 0.1864041
v -2.5934269 3.3099010 -0.0287950
vn -0.6952155 0.7089157 0.1188026
v -2.5982029 3.3099010 -0.0503230
vn -0.7035136 0.7089137 0.0501010
v -2.6008470 3.3099010 -0.0722160
vn -0.7050250 0.7089252 -0.0191007
v -2.6013310 3.3099010 -0.0942630
vn -0.6997927 0.7088926 -0.0880991
v -2.5996530 3.3099010 -0.1162510
vn -0.6877871 0.7088866 -0.1562970
v -2.5958271 3.3099010 -0.1379680
vn -0.6691273 0.7089289 -0.2229091
v -2.5898910 3.3099010 -0.1592060
vn -0.6440992 0.7088990 -0.2873996
v -2.5819020 3.3099010 -0.1797600
vn -0.6127989 0.7088987 -0.3491994
v -2.5719371 3.3099010 -0.1994320
vn -0.5756022 0.7089027 -0.4076016
v -2.5600920 3.3099010 -0.2180320
vn -0.5329092 0.7089122 -0.4620080
v -2.5464799 3.3099010 -0.2353820
vn -0.4850223 0.7089325 -0.5120235
v -2.5312340 3.3099010 -0.2513140
vn -0.4325096 0.7089157 -0.5571123
v -2.5144989 3.3099010 -0.2656750
vn -0.3758122 0.7089230 -0.5968194
v -2.4964380 3.3099010 -0.2783260
vn -0.3155019 0.7089042 -0.6308038
v -2.4772229 3.3099010 -0.2891460
vn -0.2521026 0.7089073 -0.6587068
v -2.4570401 3.3099010 -0.2980310
vn -0.1864041 0.7089155 -0.6802149
v -2.4360840 3.3099010 -0.3048940
vn -0.1188026 0.7089157 -0.6952155
v -2.4145551 3.3099010 -0.3096710
vn -0.0501010 0.7089137 -0.7035136
v -2.3926620 3.3099010 -0.3123140
vn 0.0191007 0.7089252 -0.7050250
v -2.3706160 3.3099010 -0.3127990
vn 0.0880991 0.7088926 -0.6997927
v -2.3486280 3.3099010 -0.3111200
vn 0.1562970 0.7088866 -0.6877871
v -2.3269100 3.3099010 -0.3072950
vn 0.2229091 0.7089289 -0.6691273
v -2.3056729 3.3099010 -0.3013590
vn 0.2874914 0.7088786 -0.6440806
v -2.2851191 3.3099010 -0.2933700
vn 0.3491994 0.7088987 -0.6127989
v -2.2654469 3.3099010 -0.2834050
vn 0.4076016 0.7089027 -0.5756022
v -2.2468469 3.3099010 -0.2715600
vn 0.4620080 0.7089122 -0.5329092
v -2.2294970 3.3099010 -0.2579480
vn 0.5120236 0.7089326 -0.4850222
v -2.2135651 3.3099010 -0.2427020
vn 0.5571123 0.7089157 -0.4325096
v -2.1992040 3.3099010 -0.2259670
vn 0.5968194 0.7089230 -0.3758122
v -2.1865530 3.3099010 -0.2079050
vn 0.6308038 0.7089042 -0.3155019
v -2.1757319 3.3099010 -0.1886900
vn 0.6587068 0.7089073 -0.2521026
v -2.1668479 3.3099010 -0.1685080
vn 0.6802149 0.7089156 -0.1864041
v -2.1599841 3.3099010 -0.1475510
vn 0.6952155 0.7089157 -0.1188026
v -2.1552081 3.3099010 -0.1260230
vn 0.7035136 0.7089137 -0.0501010
v -2.1525640 3.3099010 -0.1041300
vn 0.7050250 0.7089252 0.0191007
v -2.1520801 3.3099010 -0.0820830
vn 0.6997927 0.7088926 0.0880991
v -2.1537580 3.3099010 -0.0600960
vn 0.6877871 0.7088866 0.1562970
v -2.1575840 3.3099010 -0.0383780
vn 0.6691273 0.7089289 0.2229091
v -2.1635201 3.3099010 -0.0171400
vn 0.6440806 0.7088787 0.2874914
v -2.1715090 3.3099010 0.0034140
vn 0.6127989 0.7088987 0.3491994
v -2.1814740 3.3099010 0.0230850
vn 0.5756022 0.7089027 0.4076016
v -2.1933191 3.3099010 0.0416860
vn 0.5329092 0.7089122 0.4620080
v -2.2069299 3.3099010 0.0590350
vn 0.4850223 0.7089325 0.5120235
v -2.2221770 3.3099010 0.0749680
vn 0.4325096 0.7089157 0.5571123
v -2.2389121 3.3099010 0.0893280
vn 0.3758122 0.7089230 0.5968194
v -2.2569730 3.3099010 0.1019800
vn 0.3155019 0.7089042 0.6308038
v -2.2761879 3.3099010 0.1128000
vn 0.2521026 0.7089073 0.6587068
v -2.2963710 3.3099010 0.1216850
vn 0.1864041 0.7089155 0.6802149
v -2.3173270 3.3099010 0.1285480
vn 0.1188026 0.7089157 0.6952155
v -2.3388560 3.3099010 0.1333250
vn 0.0501010 0.7089137 0.7035136
v -2.3607490 3.3099010 0.1359680
vn -0.0196004 0.7368133 0.6758122
v -2.3827600 3.3254960 0.1201280
vn -0.0858026 0.7368220 0.6706200
v -2.4031479 3.3254960 0.1185310
vn -0.1511010 0.7368050 0.6590044
v -2.4232810 3.3254960 0.1149440
vn -0.2149067 0.7368231 0.6410201
v -2.4429660 3.3254960 0.1094010
vn -0.2767167 0.7368445 0.6168372
v -2.4620130 3.3254960 0.1019550
vn -0.3359134 0.7368295 0.5867235
v -2.4802370 3.3254960 0.0926770
vn -0.3917188 0.7368353 0.5510264
v -2.4974661 3.3254960 0.0816590
vn -0.4439179 0.7368297 0.5099205
v -2.5135300 3.3254960 0.0690040
vn -0.4917150 0.7368225 0.4640141
v -2.5282781 3.3254960 0.0548360
vn -0.5348354 0.7368488 0.4135274
v -2.5415649 3.3254960 0.0392910
vn -0.5728210 0.7368270 0.3591132
v -2.5532651 3.3254960 0.0225180
vn -0.6052415 0.7368506 0.3012207
v -2.5632639 3.3254960 0.0046790
vn -0.6318962 0.7367955 0.2404985
v -2.5714669 3.3254960 -0.0140540
vn -0.6524096 0.7368108 0.1774026
v -2.5777941 3.3254960 -0.0335010
vn -0.6666305 0.7368338 0.1126052
v -2.5821850 3.3254960 -0.0534740
vn -0.6744437 0.7368478 0.0467030
v -2.5845971 3.3254960 -0.0737820
vn -0.6758122 0.7368133 -0.0196004
v -2.5850060 3.3254960 -0.0942280
vn -0.6706200 0.7368220 -0.0858026
v -2.5834100 3.3254960 -0.1146160
vn -0.6590044 0.7368050 -0.1511010
v -2.5798221 3.3254960 -0.1347490
vn -0.6410201 0.7368231 -0.2149067
v -2.5742791 3.3254960 -0.1544340
vn -0.6168372 0.7368445 -0.2767167
v -2.5668330 3.3254960 -0.1734800
vn -0.5867235 0.7368295 -0.3359134
v -2.5575559 3.3254960 -0.1917050
vn -0.5510048 0.7368065 -0.3918034
v -2.5465369 3.3254960 -0.2089330
vn -0.5099205 0.7368297 -0.4439179
v -2.5338831 3.3254960 -0.2249980
vn -0.4640141 0.7368225 -0.4917150
v -2.5197151 3.3254960 -0.2397450
vn -0.4135274 0.7368488 -0.5348354
v -2.5041690 3.3254960 -0.2530330
vn -0.3591131 0.7368270 -0.5728209
v -2.4873970 3.3254960 -0.2647330
vn -0.3012207 0.7368506 -0.6052415
v -2.4695580 3.3254960 -0.2747320
vn -0.2404985 0.7367955 -0.6318962
v -2.4508250 3.3254960 -0.2829350
vn -0.1774026 0.7368108 -0.6524096
v -2.4313779 3.3254960 -0.2892620
vn -0.1126052 0.7368338 -0.6666305
v -2.4114039 3.3254960 -0.2936530
vn -0.0467030 0.7368478 -0.6744437
v -2.3910971 3.3254960 -0.2960640
vn 0.0196004 0.7368133 -0.6758122
v -2.3706510 3.3254960 -0.2964740
vn 0.0858026 0.7368220 -0.6706200
v -2.3502631 3.3254960 -0.2948770
vn 0.1511010 0.7368050 -0.6590044
v -2.3301289 3.3254960 -0.2912900
vn 0.2149067 0.7368231 -0.6410201
v -2.3104451 3.3254960 -0.2857470
vn 0.2767167 0.7368445 -0.6168372
v -2.2913980 3.3254960 -0.2783010
vn 0.3359134 0.7368295 -0.5867235
v -2.2731731 3.3254960 -0.2690240
vn 0.3918034 0.7368065 -0.5510048
v -2.2559450 3.3254960 -0.2580050
vn 0.4439179 0.7368297 -0.5099205
v -2.2398810 3.3254960 -0.2453500
vn 0.4917150 0.7368225 -0.4640141
v -2.2251329 3.3254960 -0.2311820
vn 0.5348354 0.7368488 -0.4135274
v -2.2118461 3.3254960 -0.2156370
vn 0.5728210 0.7368270 -0.3591132
v -2.2001460 3.3254960 -0.1988640
vn 0.6052415 0.7368506 -0.3012207
v -2.1901460 3.3254960 -0.1810250
vn 0.6318962 0.7367955 -0.2404985
v -2.1819439 3.3254960 -0.1622920
vn 0.6524096 0.7368108 -0.1774026
v -2.1756170 3.3254960 -0.1428450
vn 0.6666305 0.7368338 -0.1126052
v -2.1712260 3.3254960 -0.1228720
vn 0.6744437 0.7368478 -0.0467030
v -2.1688139 3.3254960 -0.1025640
vn 0.6758122 0.7368133 0.0196004
v -2.1684051 3.3254960 -0.0821180
vn 0.6706200 0.7368220 0.0858026
v -2.1700010 3.3254960 -0.0617300
vn 0.6590044 0.7368050 0.1511010
v -2.1735890 3.3254960 -0.0415970
vn 0.6410201 0.7368231 0.2149067
v -2.1791320 3.3254960 -0.0219120
vn 0.6168372 0.7368445 0.2767167
v -2.1865780 3.3254960 -0.0028660
vn 0.5867235 0.7368295 0.3359134
v -2.1958549 3.3254960 0.0153590
vn 0.5510048 0.7368065 0.3918034
v -2.2068739 3.3254960 0.0325870
vn 0.5099205 0.7368297 0.4439179
v -2.2195280 3.3254960 0.0486520
vn 0.4640141 0.7368225 0.4917150
v -2.2336960 3.3254960 0.0633990
vn 0.4135274 0.7368488 0.5348354
v -2.2492411 3.3254960 0.0766870
vn 0.3591131 0.7368270 0.5728209
v -2.2660141 3.3254960 0.0883860
vn 0.3012207 0.7368506 0.6052415
v -2.2838531 3.3254960 0.0983860
vn 0.2404985 0.7367955 0.6318962
v -2.3025861 3.3254960 0.1065890
vn 0.1774026 0.7368108 0.6524096
v -2.3220329 3.3254960 0.1129160
vn 0.1126052 0.7368338 0.6666305
v -2.3420060 3.3254960 0.1173060
vn 0.0467030 0.7368478 0.6744437
v -2.3623140 3.3254960 0.1197180
vn -0.0200005 0.7649190 0.6438160
v -2.3826780 3.3398831 0.1037580
vn -0.0830042 0.7649388 0.6387324
v -2.4014609 3.3398831 0.1022490
vn -0.1452064 0.7649339 0.6275278
v -2.4200070 3.3398831 0.0989050
vn -0.2060153 0.7649567 0.6102452
v -2.4381349 3.3398831 0.0937600
vn -0.2648162 0.7649469 0.5871360
v -2.4556720 3.3398831 0.0868630
vn -0.3211199 0.7649474 0.5583346
v -2.4724481 3.3398831 0.0782800
vn -0.3743078 0.7649160 0.5242110
v -2.4883020 3.3398831 0.0680940
vn -0.4239231 0.7649416 0.4849264
v -2.5030820 3.3398831 0.0564030
vn -0.4694052 0.7649086 0.4411049
v -2.5166440 3.3398831 0.0433200
vn -0.5103387 0.7649580 0.3929298
v -2.5288589 3.3398831 0.0289700
vn -0.5464257 0.7649360 0.3410160
v -2.5396080 3.3398831 0.0134930
vn -0.5772250 0.7649331 0.2858124
v -2.5487890 3.3398831 -0.0029640
vn -0.6024313 0.7649397 0.2279118
v -2.5563121 3.3398831 -0.0202420
vn -0.6219140 0.7649173 0.1677038
v -2.5621059 3.3398831 -0.0381730
vn -0.6353273 0.7649329 0.1060046
v -2.5661139 3.3398831 -0.0565870
vn -0.6426408 0.7649486 0.0432027
v -2.5682981 3.3398831 -0.0753040
vn -0.6438160 0.7649190 -0.0200005
v -2.5686369 3.3398831 -0.0941450
vn -0.6387324 0.7649388 -0.0830042
v -2.5671270 3.3398831 -0.1129290
vn -0.6275278 0.7649339 -0.1452064
v -2.5637839 3.3398831 -0.1314740
vn -0.6102452 0.7649567 -0.2060153
v -2.5586390 3.3398831 -0.1496030
vn -0.5871360 0.7649469 -0.2648162
v -2.5517421 3.3398831 -0.1671400
vn -0.5583346 0.7649474 -0.3211199
v -2.5431590 3.3398831 -0.1839160
vn -0.5242110 0.7649160 -0.3743078
v -2.5329731 3.3398831 -0.1997700
vn -0.4849264 0.7649416 -0.4239231
v -2.5212820 3.3398831 -0.2145500
vn -0.4411049 0.7649086 -0.4694052
v -2.5081980 3.3398831 -0.2281120
vn -0.3929298 0.7649580 -0.5103387
v -2.4938490 3.3398831 -0.2403270
vn -0.3410160 0.7649360 -0.5464257
v -2.4783709 3.3398831 -0.2510760
vn -0.2858124 0.7649332 -0.5772250
v -2.4619141 3.3398831 -0.2602570
vn -0.2279118 0.7649397 -0.6024313
v -2.4446371 3.3398831 -0.2677800
vn -0.1677038 0.7649173 -0.6219140
v -2.4267049 3.3398831 -0.2735740
vn -0.1060046 0.7649329 -0.6353273
v -2.4082921 3.3398831 -0.2775820
vn -0.0432027 0.7649486 -0.6426408
v -2.3895750 3.3398831 -0.2797660
vn 0.0200005 0.7649190 -0.6438160
v -2.3707330 3.3398831 -0.2801040
vn 0.0830042 0.7649388 -0.6387324
v -2.3519490 3.3398831 -0.2785950
vn 0.1452064 0.7649339 -0.6275278
v -2.3334041 3.3398831 -0.2752510
vn 0.2060153 0.7649567 -0.6102452
v -2.3152759 3.3398831 -0.2701060
vn 0.2648162 0.7649469 -0.5871360
v -2.2977390 3.3398831 -0.2632090
vn 0.3211199 0.7649474 -0.5583346
v -2.2809629 3.3398831 -0.2546260
vn 0.3743078 0.7649160 -0.5242110
v -2.2651081 3.3398831 -0.2444400
vn 0.4239231 0.7649416 -0.4849264
v -2.2503290 3.3398831 -0.2327490
vn 0.4694052 0.7649086 -0.4411049
v -2.2367671 3.3398831 -0.2196660
vn 0.5103387 0.7649580 -0.3929298
v -2.2245519 3.3398831 -0.2053170
vn 0.5464257 0.7649360 -0.3410160
v -2.2138021 3.3398831 -0.1898390
vn 0.5772250 0.7649331 -0.2858124
v -2.2046220 3.3398831 -0.1733820
vn 0.6024313 0.7649397 -0.2279118
v -2.1970980 3.3398831 -0.1561040
vn 0.6219140 0.7649173 -0.1677038
v -2.1913049 3.3398831 -0.1381730
vn 0.6353273 0.7649329 -0.1060046
v -2.1872971 3.3398831 -0.1197600
vn 0.6426408 0.7649486 -0.0432027
v -2.1851130 3.3398831 -0.1010420
vn 0.6438160 0.7649190 0.0200005
v -2.1847739 3.3398831 -0.0822010
vn 0.6387324 0.7649388 0.0830042
v -2.1862841 3.3398831 -0.0634170
vn 0.6275278 0.7649339 0.1452064
v -2.1896269 3.3398831 -0.0448720
vn 0.6102452 0.7649567 0.2060153
v -2.1947720 3.3398831 -0.0267430
vn 0.5871360 0.7649469 0.2648162
v -2.2016690 3.3398831 -0.0092070
vn 0.5583346 0.7649474 0.3211199
v -2.2102520 3.3398831 0.0075700
vn 0.5242110 0.7649160 0.3743078
v -2.2204380 3.3398831 0.0234240
vn 0.4849264 0.7649416 0.4239231
v -2.2321291 3.3398831 0.0382030
vn 0.4411049 0.7649086 0.4694052
v -2.2452130 3.3398831 0.0517660
vn 0.3929298 0.7649580 0.5103387
v -2.2595620 3.3398831 0.0639810
vn 0.3410160 0.7649360 0.5464257
v -2.2750399 3.3398831 0.0747300
vn 0.2858124 0.7649332 0.5772250
v -2.2914970 3.3398831 0.0839110
vn 0.2279118 0.7649397 0.6024313
v -2.3087740 3.3398831 0.0914340
vn 0.1677038 0.7649173 0.6219140
v -2.3267059 3.3398831 0.0972270
vn 0.1060046 0.7649329 0.6353273
v -2.3451190 3.3398831 0.1012360
vn 0.0432027 0.7649486 0.6426408
v -2.3638361 3.3398831 0.1034190
vn -0.0201995 0.7930790 0.6087838
v -2.3825440 3.3530591 0.0873760
vn -0.0798020 0.7931198 0.6038151
v -2.3997221 3.3530591 0.0859580
vn -0.1386010 0.7931059 0.5931045
v -2.4166789 3.3530591 0.0828640
vn -0.1961068 0.7931276 0.5766201
v -2.4332509 3.3530591 0.0781220
vn -0.2515997 0.7930991 0.5546994
v -2.4492791 3.3530591 0.0717790
vn -0.3048067 0.7931175 0.5273116
v -2.4646070 3.3530591 0.0638950
vn -0.3550074 0.7931165 0.4949102
v -2.4790890 3.3530591 0.0545470
vn -0.4018120 0.7931237 0.4577137
v -2.4925849 3.3530591 0.0438240
vn -0.4447026 0.7931047 0.4162025
v -2.5049651 3.3530591 0.0318300
vn -0.4833934 0.7930892 0.3705949
v -2.5161099 3.3530591 0.0186810
vn -0.5173979 0.7930967 0.3213986
v -2.5259130 3.3530591 0.0045020
vn -0.5464067 0.7931098 0.2691033
v -2.5342779 3.3530591 -0.0105690
vn -0.5701154 0.7931214 0.2143058
v -2.5411260 3.3530591 -0.0263870
vn -0.5884010 0.7931013 0.1574003
v -2.5463901 3.3530591 -0.0428010
vn -0.6010031 0.7931041 0.0989005
v -2.5500200 3.3530591 -0.0596510
vn -0.6078035 0.7931045 0.0395002
v -2.5519810 3.3530591 -0.0767760
vn -0.6087838 0.7930790 -0.0201995
v -2.5522540 3.3530591 -0.0940110
vn -0.6038151 0.7931198 -0.0798020
v -2.5508370 3.3530591 -0.1111900
vn -0.5931045 0.7931059 -0.1386010
v -2.5477419 3.3530591 -0.1281470
vn -0.5766201 0.7931276 -0.1961068
v -2.5430000 3.3530591 -0.1447190
vn -0.5546994 0.7930992 -0.2515997
v -2.5366571 3.3530591 -0.1607470
vn -0.5273117 0.7931175 -0.3048068
v -2.5287740 3.3530591 -0.1760750
vn -0.4949102 0.7931165 -0.3550074
v -2.5194249 3.3530591 -0.1905570
vn -0.4577137 0.7931237 -0.4018120
v -2.5087030 3.3530591 -0.2040530
vn -0.4162025 0.7931048 -0.4447027
v -2.4967091 3.3530591 -0.2164330
vn -0.3705949 0.7930892 -0.4833934
v -2.4835589 3.3530591 -0.2275780
vn -0.3213986 0.7930967 -0.5173979
v -2.4693811 3.3530591 -0.2373800
vn -0.2691033 0.7931098 -0.5464068
v -2.4543099 3.3530591 -0.2457450
vn -0.2143058 0.7931213 -0.5701154
v -2.4384911 3.3530591 -0.2525930
vn -0.1574002 0.7931013 -0.5884009
v -2.4220779 3.3530591 -0.2578580
vn -0.0989005 0.7931041 -0.6010031
v -2.4052269 3.3530591 -0.2614880
vn -0.0395002 0.7931045 -0.6078035
v -2.3881021 3.3530591 -0.2634490
vn 0.0201995 0.7930790 -0.6087838
v -2.3708670 3.3530591 -0.2637220
vn 0.0798020 0.7931198 -0.6038151
v -2.3536880 3.3530591 -0.2623040
vn 0.1386010 0.7931059 -0.5931045
v -2.3367310 3.3530591 -0.2592100
vn 0.1961068 0.7931276 -0.5766201
v -2.3201590 3.3530591 -0.2544680
vn 0.2515997 0.7930991 -0.5546994
v -2.3041320 3.3530591 -0.2481250
vn 0.3048067 0.7931175 -0.5273116
v -2.2888041 3.3530591 -0.2402410
vn 0.3550074 0.7931165 -0.4949102
v -2.2743220 3.3530591 -0.2308930
vn 0.4018120 0.7931237 -0.4577137
v -2.2608249 3.3530591 -0.2201700
vn 0.4447026 0.7931047 -0.4162025
v -2.2484460 3.3530591 -0.2081770
vn 0.4833934 0.7930892 -0.3705949
v -2.2373011 3.3530591 -0.1950270
vn 0.5173979 0.7930967 -0.3213986
v -2.2274990 3.3530591 -0.1808480
vn 0.5464067 0.7931098 -0.2691033
v -2.2191329 3.3530591 -0.1657770
vn 0.5701154 0.7931214 -0.2143058
v -2.2122850 3.3530591 -0.1499590
vn 0.5884010 0.7931013 -0.1574003
v -2.2070210 3.3530591 -0.1335450
vn 0.6010031 0.7931041 -0.0989005
v -2.2033911 3.3530591 -0.1166950
vn 0.6078035 0.7931045 -0.0395002
v -2.2014301 3.3530591 -0.0995700
vn 0.6087838 0.7930790 0.0201995
v -2.2011571 3.3530591 -0.0823350
vn 0.6038151 0.7931198 0.0798020
v -2.2025740 3.3530591 -0.0651560
vn 0.5931045 0.7931059 0.1386010
v -2.2056689 3.3530591 -0.0481990
vn 0.5766201 0.7931276 0.1961068
v -2.2104111 3.3530591 -0.0316270
vn 0.5546994 0.7930992 0.2515997
v -2.2167540 3.3530591 -0.0156000
vn 0.5273117 0.7931175 0.3048068
v -2.2246380 3.3530591 -0.0002710
vn 0.4949102 0.7931165 0.3550074
v -2.2339859 3.3530591 0.0142110
vn 0.4577137 0.7931237 0.4018120
v -2.2447081 3.3530591 0.0277070
vn 0.4162025 0.7931048 0.4447027
v -2.2567019 3.3530591 0.0400870
vn 0.3705949 0.7930892 0.4833934
v -2.2698510 3.3530591 0.0512320
vn 0.3213986 0.7930967 0.5173979
v -2.2840300 3.3530591 0.0610340
vn 0.2691033 0.7931098 0.5464068
v -2.2991011 3.3530591 0.0693990
vn 0.2143058 0.7931213 0.5701154
v -2.3149199 3.3530591 0.0762470
vn 0.1574002 0.7931013 0.5884009
v -2.3313329 3.3530591 0.0815110
vn 0.0989005 0.7931041 0.6010031
v -2.3481841 3.3530591 0.0851420
vn 0.0395002 0.7931045 0.6078035
v -2.3653090 3.3530591 0.0871030
vn -0.0202015 0.8211594 0.5703412
v -2.3823550 3.3650200 0.0710100
vn -0.0760044 0.8211474 0.5656326
v -2.3979299 3.3650200 0.0696900
vn -0.1311091 0.8211569 0.5554385
v -2.4133010 3.3650200 0.0668490
vn -0.1849106 0.8211471 0.5399310
v -2.4283199 3.3650200 0.0625160
vn -0.2369124 0.8211429 0.5192271
v -2.4428420 3.3650200 0.0567310
vn -0.2867080 0.8211229 0.4935138
v -2.4567261 3.3650200 0.0495510
vn -0.3337117 0.8211288 0.4630162
v -2.4698400 3.3650200 0.0410440
vn -0.3774340 0.8211739 0.4280385
v -2.4820580 3.3650200 0.0312930
vn -0.4176176 0.8211345 0.3890164
v -2.4932599 3.3650200 0.0203920
vn -0.4537219 0.8211397 0.3462167
v -2.5033400 3.3650200 0.0084450
vn -0.4854295 0.8211499 0.3001183
v -2.5122001 3.3650200 -0.0044330
vn -0.5125353 0.8211565 0.2510173
v -2.5197561 3.3650200 -0.0181170
vn -0.5347135 0.8211208 0.1996050
v -2.5259340 3.3650200 -0.0324760
vn -0.5517131 0.8211195 0.1462035
v -2.5306740 3.3650200 -0.0473710
vn -0.5633377 0.8211550 0.0914061
v -2.5339320 3.3650200 -0.0626590
vn -0.5696197 0.8211283 0.0358012
v -2.5356760 3.3650200 -0.0781930
vn -0.5703412 0.8211594 -0.0202015
v -2.5358889 3.3650200 -0.0938230
vn -0.5656326 0.8211474 -0.0760044
v -2.5345690 3.3650200 -0.1093980
vn -0.5554385 0.8211569 -0.1311091
v -2.5317280 3.3650200 -0.1247690
vn -0.5399310 0.8211471 -0.1849106
v -2.5273950 3.3650200 -0.1397880
vn -0.5192271 0.8211429 -0.2369124
v -2.5216100 3.3650200 -0.1543090
vn -0.4935138 0.8211229 -0.2867080
v -2.5144300 3.3650200 -0.1681940
vn -0.4630162 0.8211288 -0.3337117
v -2.5059230 3.3650200 -0.1813080
vn -0.4281202 0.8211387 -0.3774178
v -2.4961720 3.3650200 -0.1935250
vn -0.3890164 0.8211345 -0.4176176
v -2.4852700 3.3650200 -0.2047280
vn -0.3462167 0.8211397 -0.4537219
v -2.4733231 3.3650200 -0.2148070
vn -0.3001183 0.8211499 -0.4854295
v -2.4604459 3.3650200 -0.2236680
vn -0.2510172 0.8211565 -0.5125352
v -2.4467621 3.3650200 -0.2312230
vn -0.1996050 0.8211207 -0.5347135
v -2.4324031 3.3650200 -0.2374010
vn -0.1462035 0.8211195 -0.5517131
v -2.4175079 3.3650200 -0.2421420
vn -0.0914061 0.8211550 -0.5633377
v -2.4022200 3.3650200 -0.2454000
vn -0.0358012 0.8211283 -0.5696197
v -2.3866861 3.3650200 -0.2471440
vn 0.0202015 0.8211594 -0.5703412
v -2.3710561 3.3650200 -0.2473560
vn 0.0760044 0.8211474 -0.5656326
v -2.3554800 3.3650200 -0.2460360
vn 0.1311091 0.8211569 -0.5554385
v -2.3401091 3.3650200 -0.2431960
vn 0.1849106 0.8211471 -0.5399310
v -2.3250909 3.3650200 -0.2388620
vn 0.2369124 0.8211429 -0.5192271
v -2.3105690 3.3650200 -0.2330770
vn 0.2867080 0.8211229 -0.4935138
v -2.2966850 3.3650200 -0.2258970
vn 0.3337117 0.8211288 -0.4630162
v -2.2835710 3.3650200 -0.2173900
vn 0.3774178 0.8211387 -0.4281202
v -2.2713530 3.3650200 -0.2076390
vn 0.4176176 0.8211345 -0.3890164
v -2.2601509 3.3650200 -0.1967380
vn 0.4537219 0.8211397 -0.3462167
v -2.2500710 3.3650200 -0.1847910
vn 0.4854441 0.8211746 -0.3000273
v -2.2412109 3.3650200 -0.1719130
vn 0.5125353 0.8211565 -0.2510173
v -2.2336550 3.3650200 -0.1582290
vn 0.5347135 0.8211208 -0.1996050
v -2.2274771 3.3650200 -0.1438700
vn 0.5517131 0.8211195 -0.1462035
v -2.2227371 3.3650200 -0.1289750
vn 0.5633377 0.8211550 -0.0914061
v -2.2194791 3.3650200 -0.1136870
vn 0.5696197 0.8211283 -0.0358012
v -2.2177351 3.3650200 -0.0981530
vn 0.5703412 0.8211594 0.0202015
v -2.2175219 3.3650200 -0.0825240
vn 0.5656326 0.8211474 0.0760044
v -2.2188430 3.3650200 -0.0669480
vn 0.5554385 0.8211569 0.1311091
v -2.2216830 3.3650200 -0.0515770
vn 0.5399310 0.8211471 0.1849106
v -2.2260170 3.3650200 -0.0365580
vn 0.5192271 0.8211429 0.2369124
v -2.2318010 3.3650200 -0.0220370
vn 0.4935138 0.8211229 0.2867080
v -2.2389810 3.3650200 -0.0081520
vn 0.4630162 0.8211288 0.3337117
v -2.2474880 3.3650200 0.0049620
vn 0.4281202 0.8211387 0.3774178
v -2.2572391 3.3650200 0.0171790
vn 0.3890164 0.8211345 0.4176176
v -2.2681410 3.3650200 0.0283810
vn 0.3462167 0.8211397 0.4537219
v -2.2800879 3.3650200 0.0384610
vn 0.3000273 0.8211746 0.4854441
v -2.2929649 3.3650200 0.0473220
vn 0.2510172 0.8211565 0.5125352
v -2.3066490 3.3650200 0.0548770
vn 0.1996050 0.8211207 0.5347135
v -2.3210080 3.3650200 0.0610550
vn 0.1462035 0.8211195 0.5517131
v -2.3359029 3.3650200 0.0657960
vn 0.0914061 0.8211550 0.5633377
v -2.3511910 3.3650200 0.0690540
vn 0.0358012 0.8211283 0.5696197
v -2.3667250 3.3650200 0.0707980
vn -0.0198998 0.8488905 0.5281941
v -2.3821080 3.3757620 0.0546930
vn -0.0715993 0.8488918 0.5236949
v -2.3960860 3.3757620 0.0534750
vn -0.1226024 0.8489166 0.5141101
v -2.4098761 3.3757620 0.0508930
vn -0.1724040 0.8489199 0.4996117
v -2.4233470 3.3757620 0.0469730
vn -0.2205067 0.8489257 0.4803145
v -2.4363689 3.3757620 0.0417500
vn -0.2665061 0.8489193 0.4564104
v -2.4488170 3.3757620 0.0352760
vn -0.3099999 0.8488997 0.4280998
v -2.4605701 3.3757620 0.0276140
vn -0.3505034 0.8489082 0.3956038
v -2.4715149 3.3757620 0.0188360
vn -0.3875936 0.8488859 0.3593940
v -2.4815471 3.3757620 0.0090280
vn -0.4209008 0.8489017 0.3197006
v -2.4905701 3.3757620 -0.0017160
vn -0.4502034 0.8489065 0.2769021
v -2.4984961 3.3757620 -0.0132930
vn -0.4752019 0.8489034 0.2314009
v -2.5052490 3.3757620 -0.0255910
vn -0.4956009 0.8489016 0.1837004
v -2.5107639 3.3757620 -0.0384920
vn -0.5112087 0.8489143 0.1342023
v -2.5149879 3.3757620 -0.0518710
vn -0.5219044 0.8489072 0.0835007
v -2.5178800 3.3757620 -0.0656000
vn -0.5275972 0.8488955 0.0318998
v -2.5194130 3.3757620 -0.0795460
vn -0.5281941 0.8488905 -0.0198998
v -2.5195711 3.3757620 -0.0935760
vn -0.5236949 0.8488917 -0.0715993
v -2.5183539 3.3757620 -0.1075530
vn -0.5141101 0.8489166 -0.1226024
v -2.5157721 3.3757620 -0.1213440
vn -0.4996117 0.8489199 -0.1724040
v -2.5118511 3.3757620 -0.1348150
vn -0.4803145 0.8489257 -0.2205067
v -2.5066290 3.3757620 -0.1478370
vn -0.4564104 0.8489193 -0.2665061
v -2.5001550 3.3757620 -0.1602840
vn -0.4280998 0.8488997 -0.3099999
v -2.4924920 3.3757620 -0.1720370
vn -0.3956038 0.8489082 -0.3505034
v -2.4837151 3.3757620 -0.1829820
vn -0.3593940 0.8488859 -0.3875936
v -2.4739070 3.3757620 -0.1930150
vn -0.3197006 0.8489017 -0.4209008
v -2.4631619 3.3757620 -0.2020370
vn -0.2769021 0.8489065 -0.4502034
v -2.4515851 3.3757620 -0.2099630
vn -0.2314009 0.8489034 -0.4752019
v -2.4392869 3.3757620 -0.2167160
vn -0.1837004 0.8489016 -0.4956009
v -2.4263861 3.3757620 -0.2222310
vn -0.1342023 0.8489143 -0.5112087
v -2.4130070 3.3757620 -0.2264550
vn -0.0835007 0.8489072 -0.5219044
v -2.3992779 3.3757620 -0.2293480
vn -0.0318998 0.8488955 -0.5275972
v -2.3853321 3.3757620 -0.2308800
vn 0.0198998 0.8488905 -0.5281941
v -2.3713031 3.3757620 -0.2310390
vn 0.0715993 0.8488918 -0.5236949
v -2.3573260 3.3757620 -0.2298210
vn 0.1226024 0.8489166 -0.5141101
v -2.3435349 3.3757620 -0.2272400
vn 0.1724040 0.8489199 -0.4996117
v -2.3300641 3.3757620 -0.2233190
vn 0.2205067 0.8489257 -0.4803145
v -2.3170421 3.3757620 -0.2180960
vn 0.2665061 0.8489193 -0.4564104
v -2.3045940 3.3757620 -0.2116230
vn 0.3099999 0.8488997 -0.4280998
v -2.2928410 3.3757620 -0.2039600
vn 0.3505034 0.8489082 -0.3956038
v -2.2818961 3.3757620 -0.1951820
vn 0.3875936 0.8488859 -0.3593940
v -2.2718639 3.3757620 -0.1853740
vn 0.4209008 0.8489017 -0.3197006
v -2.2628410 3.3757620 -0.1746300
vn 0.4502159 0.8489300 -0.2768098
v -2.2549150 3.3757620 -0.1630530
vn 0.4752019 0.8489034 -0.2314009
v -2.2481630 3.3757620 -0.1507550
vn 0.4956009 0.8489016 -0.1837004
v -2.2426469 3.3757620 -0.1378540
vn 0.5112087 0.8489143 -0.1342023
v -2.2384231 3.3757620 -0.1244750
vn 0.5219044 0.8489072 -0.0835007
v -2.2355311 3.3757620 -0.1107460
vn 0.5275972 0.8488955 -0.0318998
v -2.2339981 3.3757620 -0.0968000
vn 0.5281941 0.8488905 0.0198998
v -2.2338400 3.3757620 -0.0827700
vn 0.5236949 0.8488917 0.0715993
v -2.2350571 3.3757620 -0.0687930
vn 0.5141101 0.8489166 0.1226024
v -2.2376390 3.3757620 -0.0550020
vn 0.4996117 0.8489199 0.1724040
v -2.2415600 3.3757620 -0.0415310
vn 0.4803145 0.8489257 0.2205067
v -2.2467821 3.3757620 -0.0285090
vn 0.4563982 0.8488967 0.2665990
v -2.2532561 3.3757620 -0.0160620
vn 0.4280998 0.8488997 0.3099999
v -2.2609191 3.3757620 -0.0043090
vn 0.3956038 0.8489082 0.3505034
v -2.2696960 3.3757620 0.0066360
vn 0.3593940 0.8488859 0.3875936
v -2.2795050 3.3757620 0.0166680
vn 0.3197006 0.8489017 0.4209008
v -2.2902491 3.3757620 0.0256910
vn 0.2769021 0.8489065 0.4502034
v -2.3018260 3.3757620 0.0336170
vn 0.2314009 0.8489034 0.4752019
v -2.3141241 3.3757620 0.0403700
vn 0.1837004 0.8489016 0.4956009
v -2.3270240 3.3757620 0.0458850
vn 0.1342023 0.8489143 0.5112087
v -2.3404040 3.3757620 0.0501090
vn 0.0835007 0.8489072 0.5219044
v -2.3541329 3.3757620 0.0530010
vn 0.0318998 0.8488955 0.5275972
v -2.3680789 3.3757620 0.0545340
vn -0.0193002 0.8760105 0.4819058
v -2.3817999 3.3852811 0.0384530
vn -0.0665002 0.8760020 0.4777011
v -2.3941870 3.3852811 0.0373440
vn -0.1129993 0.8759947 0.4688971
v -2.4064050 3.3852811 0.0350260
vn -0.1584042 0.8760233 0.4555121
v -2.4183381 3.3852811 0.0315220
vn -0.2023030 0.8760131 0.4378065
v -2.4298699 3.3852811 0.0268650
vn -0.2442022 0.8760077 0.4159036
v -2.4408889 3.3852811 0.0211000
vn -0.2838085 0.8760261 0.3899116
v -2.4512911 3.3852811 0.0142830
vn -0.3207051 0.8760138 0.3602057
v -2.4609740 3.3852811 0.0064790
vn -0.3544054 0.8760133 0.3271050
v -2.4698460 3.3852811 -0.0022370
vn -0.3848089 0.8760204 0.2907068
v -2.4778211 3.3852811 -0.0117800
vn -0.4114147 0.8760313 0.2516090
v -2.4848220 3.3852811 -0.0220590
vn -0.4341085 0.8760172 0.2101041
v -2.4907811 3.3852811 -0.0329750
vn -0.4526125 0.8760241 0.1665046
v -2.4956419 3.3852811 -0.0444220
vn -0.4667962 0.8759929 0.1213990
v -2.4993579 3.3852811 -0.0562900
vn -0.4764100 0.8760184 0.0750016
v -2.5018930 3.3852811 -0.0684660
vn -0.4814995 0.8759990 0.0280000
v -2.5032210 3.3852811 -0.0808310
vn -0.4819058 0.8760105 -0.0193002
v -2.5033319 3.3852811 -0.0932670
vn -0.4777011 0.8760020 -0.0665002
v -2.5022230 3.3852811 -0.1056540
vn -0.4688971 0.8759947 -0.1129993
v -2.4999051 3.3852811 -0.1178730
vn -0.4555121 0.8760233 -0.1584042
v -2.4964001 3.3852811 -0.1298060
vn -0.4378065 0.8760131 -0.2023030
v -2.4917431 3.3852811 -0.1413370
vn -0.4159036 0.8760077 -0.2442022
v -2.4859779 3.3852811 -0.1523570
vn -0.3899116 0.8760261 -0.2838085
v -2.4791610 3.3852811 -0.1627590
vn -0.3602057 0.8760138 -0.3207051
v -2.4713571 3.3852811 -0.1724420
vn -0.3271050 0.8760133 -0.3544054
v -2.4626410 3.3852811 -0.1813140
vn -0.2907068 0.8760204 -0.3848089
v -2.4530990 3.3852811 -0.1892880
vn -0.2516090 0.8760313 -0.4114147
v -2.4428201 3.3852811 -0.1962890
vn -0.2101041 0.8760172 -0.4341085
v -2.4319041 3.3852811 -0.2022490
vn -0.1665046 0.8760241 -0.4526125
v -2.4204569 3.3852811 -0.2071100
vn -0.1213990 0.8759929 -0.4667962
v -2.4085879 3.3852811 -0.2108260
vn -0.0750016 0.8760184 -0.4764100
v -2.3964131 3.3852811 -0.2133600
vn -0.0280000 0.8759990 -0.4814995
v -2.3840470 3.3852811 -0.2146890
vn 0.0193002 0.8760105 -0.4819058
v -2.3716111 3.3852811 -0.2147990
vn 0.0665002 0.8760020 -0.4777011
v -2.3592241 3.3852811 -0.2136900
vn 0.1129993 0.8759947 -0.4688971
v -2.3470061 3.3852811 -0.2113720
vn 0.1584042 0.8760233 -0.4555121
v -2.3350730 3.3852811 -0.2078680
vn 0.2023030 0.8760131 -0.4378065
v -2.3235409 3.3852811 -0.2032110
vn 0.2442022 0.8760077 -0.4159036
v -2.3125210 3.3852811 -0.1974460
vn 0.2838085 0.8760261 -0.3899116
v -2.3021200 3.3852811 -0.1906290
vn 0.3207051 0.8760138 -0.3602057
v -2.2924371 3.3852811 -0.1828250
vn 0.3544054 0.8760133 -0.3271050
v -2.2835650 3.3852811 -0.1741090
vn 0.3848089 0.8760204 -0.2907068
v -2.2755899 3.3852811 -0.1645660
vn 0.4114147 0.8760313 -0.2516090
v -2.2685890 3.3852811 -0.1542870
vn 0.4341085 0.8760172 -0.2101041
v -2.2626300 3.3852811 -0.1433720
vn 0.4526125 0.8760241 -0.1665046
v -2.2577691 3.3852811 -0.1319240
vn 0.4667962 0.8759929 -0.1213990
v -2.2540531 3.3852811 -0.1200560
vn 0.4764100 0.8760184 -0.0750016
v -2.2515180 3.3852811 -0.1078800
vn 0.4814995 0.8759990 -0.0280000
v -2.2501900 3.3852811 -0.0955150
vn 0.4819058 0.8760105 0.0193002
v -2.2500789 3.3852811 -0.0830790
vn 0.4777011 0.8760020 0.0665002
v -2.2511880 3.3852811 -0.0706920
vn 0.4688971 0.8759947 0.1129993
v -2.2535059 3.3852811 -0.0584730
vn 0.4555121 0.8760233 0.1584042
v -2.2570100 3.3852811 -0.0465400
vn 0.4378065 0.8760131 0.2023030
v -2.2616670 3.3852811 -0.0350090
vn 0.4159036 0.8760077 0.2442022
v -2.2674320 3.3852811 -0.0239890
vn 0.3899116 0.8760261 0.2838085
v -2.2742500 3.3852811 -0.0135880
vn 0.3602057 0.8760138 0.3207051
v -2.2820539 3.3852811 -0.0039040
vn 0.3271050 0.8760133 0.3544054
v -2.2907691 3.3852811 0.0049670
vn 0.2907068 0.8760204 0.3848089
v -2.3003130 3.3852811 0.0129420
vn 0.2516090 0.8760313 0.4114147
v -2.3105910 3.3852811 0.0199430
vn 0.2101041 0.8760172 0.4341085
v -2.3215070 3.3852811 0.0259030
vn 0.1665046 0.8760241 0.4526125
v -2.3329539 3.3852811 0.0307640
vn 0.1213990 0.8759929 0.4667962
v -2.3448229 3.3852811 0.0344800
vn 0.0750016 0.8760184 0.4764100
v -2.3569980 3.3852811 0.0370140
vn 0.0280000 0.8759990 0.4814995
v -2.3693640 3.3852811 0.0383430
vn -0.0184003 0.9021135 0.4311064
v -2.3814261 3.3935740 0.0223230
vn -0.0605017 0.9021251 0.4272119
v -2.3922341 3.3935740 0.0213280
vn -0.1021032 0.9021282 0.4192131
v -2.4028921 3.3935740 0.0192790
vn -0.1427029 0.9021183 0.4072082
v -2.4132979 3.3935740 0.0161940
vn -0.1819082 0.9021409 0.3912177
v -2.4233520 3.3935740 0.0121050
vn -0.2194073 0.9021302 0.3715124
v -2.4329560 3.3935740 0.0070500
vn -0.2548063 0.9021223 0.3482086
v -2.4420190 3.3935740 0.0010780
vn -0.2877026 0.9021081 0.3216029
v -2.4504530 3.3935740 -0.0057540
vn -0.3178114 0.9021323 0.2918105
v -2.4581759 3.3935740 -0.0133790
vn -0.3449040 0.9021104 0.2593030
v -2.4651151 3.3935740 -0.0217250
vn -0.3686155 0.9021379 0.2242094
v -2.4712019 3.3935740 -0.0307100
vn -0.3888158 0.9021366 0.1870076
v -2.4763789 3.3935740 -0.0402490
vn -0.4053088 0.9021196 0.1480032
v -2.4805970 3.3935740 -0.0502500
vn -0.4179039 0.9021086 0.1075010
v -2.4838140 3.3935740 -0.0606150
vn -0.4264063 0.9021133 0.0661010
v -2.4859991 3.3935740 -0.0712470
vn -0.4308110 0.9021230 0.0240006
v -2.4871321 3.3935740 -0.0820410
vn -0.4311064 0.9021135 -0.0184003
v -2.4872010 3.3935740 -0.0928940
vn -0.4272119 0.9021251 -0.0605017
v -2.4862070 3.3935740 -0.1037020
vn -0.4192131 0.9021282 -0.1021032
v -2.4841571 3.3935740 -0.1143600
vn -0.4072082 0.9021183 -0.1427029
v -2.4810729 3.3935740 -0.1247660
vn -0.3912106 0.9021245 -0.1820049
v -2.4769840 3.3935740 -0.1348190
vn -0.3715124 0.9021302 -0.2194073
v -2.4719291 3.3935740 -0.1444240
vn -0.3482086 0.9021223 -0.2548063
v -2.4659569 3.3935740 -0.1534870
vn -0.3216029 0.9021081 -0.2877026
v -2.4591250 3.3935740 -0.1619200
vn -0.2918105 0.9021323 -0.3178114
v -2.4514999 3.3935740 -0.1696440
vn -0.2593030 0.9021104 -0.3449040
v -2.4431541 3.3935740 -0.1765820
vn -0.2242094 0.9021379 -0.3686155
v -2.4341681 3.3935740 -0.1826700
vn -0.1870076 0.9021366 -0.3888158
v -2.4246290 3.3935740 -0.1878470
vn -0.1480032 0.9021196 -0.4053088
v -2.4146290 3.3935740 -0.1920650
vn -0.1075010 0.9021086 -0.4179039
v -2.4042630 3.3935740 -0.1952810
vn -0.0661010 0.9021133 -0.4264063
v -2.3936319 3.3935740 -0.1974670
vn -0.0240006 0.9021230 -0.4308110
v -2.3828380 3.3935740 -0.1986000
vn 0.0184003 0.9021135 -0.4311064
v -2.3719850 3.3935740 -0.1986690
vn 0.0605017 0.9021251 -0.4272119
v -2.3611770 3.3935740 -0.1976740
vn 0.1021032 0.9021282 -0.4192131
v -2.3505189 3.3935740 -0.1956250
vn 0.1427029 0.9021183 -0.4072082
v -2.3401129 3.3935740 -0.1925410
vn 0.1819082 0.9021409 -0.3912177
v -2.3300591 3.3935740 -0.1884510
vn 0.2194073 0.9021302 -0.3715124
v -2.3204551 3.3935740 -0.1833960
vn 0.2548063 0.9021223 -0.3482086
v -2.3113921 3.3935740 -0.1774240
vn 0.2877026 0.9021081 -0.3216029
v -2.3029580 3.3935740 -0.1705930
vn 0.3178114 0.9021323 -0.2918105
v -2.2952349 3.3935740 -0.1629670
vn 0.3449040 0.9021104 -0.2593030
v -2.2882960 3.3935740 -0.1546220
vn 0.3686155 0.9021379 -0.2242094
v -2.2822089 3.3935740 -0.1456360
vn 0.3888158 0.9021366 -0.1870076
v -2.2770309 3.3935740 -0.1360970
vn 0.4053088 0.9021196 -0.1480032
v -2.2728140 3.3935740 -0.1260960
vn 0.4179039 0.9021086 -0.1075010
v -2.2695971 3.3935740 -0.1157310
vn 0.4264063 0.9021133 -0.0661010
v -2.2674119 3.3935740 -0.1051000
vn 0.4308110 0.9021230 -0.0240006
v -2.2662790 3.3935740 -0.0943050
vn 0.4311064 0.9021135 0.0184003
v -2.2662101 3.3935740 -0.0834520
vn 0.4272119 0.9021251 0.0605017
v -2.2672050 3.3935740 -0.0726440
vn 0.4192131 0.9021282 0.1021032
v -2.2692540 3.3935740 -0.0619860
vn 0.4072082 0.9021183 0.1427029
v -2.2723379 3.3935740 -0.0515800
vn 0.3912106 0.9021245 0.1820049
v -2.2764270 3.3935740 -0.0415270
vn 0.3715124 0.9021302 0.2194073
v -2.2814820 3.3935740 -0.0319220
vn 0.3482086 0.9021223 0.2548063
v -2.2874539 3.3935740 -0.0228600
vn 0.3216029 0.9021081 0.2877026
v -2.2942860 3.3935740 -0.0144260
vn 0.2918105 0.9021323 0.3178114
v -2.3019111 3.3935740 -0.0067030
vn 0.2593030 0.9021104 0.3449040
v -2.3102570 3.3935740 0.0002360
vn 0.2242094 0.9021379 0.3686155
v -2.3192420 3.3935740 0.0063240
vn 0.1870076 0.9021366 0.3888158
v -2.3287821 3.3935740 0.0115010
vn 0.1480032 0.9021196 0.4053088
v -2.3387821 3.3935740 0.0157180
vn 0.1075010 0.9021086 0.4179039
v -2.3491480 3.3935740 0.0189350
vn 0.0661010 0.9021133 0.4264063
v -2.3597789 3.3935740 0.0211210
vn 0.0240006 0.9021230 0.4308110
v -2.3705730 3.3935740 0.0222530
vn -0.0169001 0.9267076 0.3754031
v -2.3809850 3.4006360 0.0063320
vn -0.0537009 0.9267157 0.3719063
v -2.3902271 3.4006360 0.0054570
vn -0.0898038 0.9267389 0.3648153
v -2.3993390 3.4006360 0.0036810
vn -0.1252015 0.9267110 0.3543042
v -2.4082339 3.4006360 0.0010200
vn -0.1593037 0.9267216 0.3403079
v -2.4168241 3.4006360 -0.0025000
vn -0.1919070 0.9267336 0.3230117
v -2.4250290 3.4006360 -0.0068440
vn -0.2226055 0.9267228 0.3027074
v -2.4327669 3.4006360 -0.0119720
vn -0.2512077 0.9267284 0.2794086
v -2.4399660 3.4006360 -0.0178340
vn -0.2774090 0.9267300 0.2534082
v -2.4465561 3.4006360 -0.0243740
vn -0.3009093 0.9267284 0.2250069
v -2.4524729 3.4006360 -0.0315280
vn -0.3215118 0.9267341 0.1944072
v -2.4576609 3.4006360 -0.0392270
vn -0.3390105 0.9267288 0.1620050
v -2.4620681 3.4006360 -0.0473980
vn -0.3533039 0.9267103 0.1280014
v -2.4656539 3.4006360 -0.0559610
vn -0.3641119 0.9267302 0.0927030
v -2.4683831 3.4006360 -0.0648350
vn -0.3714159 0.9267397 0.0566024
v -2.4702289 3.4006360 -0.0739330
vn -0.3752105 0.9267260 0.0199006
v -2.4711750 3.4006360 -0.0831680
vn -0.3754031 0.9267076 -0.0169001
v -2.4712100 3.4006360 -0.0924520
vn -0.3719063 0.9267157 -0.0537009
v -2.4703360 3.4006360 -0.1016950
vn -0.3648153 0.9267389 -0.0898038
v -2.4685600 3.4006360 -0.1108070
vn -0.3543042 0.9267110 -0.1252015
v -2.4658990 3.4006360 -0.1197010
vn -0.3403079 0.9267216 -0.1593037
v -2.4623790 3.4006360 -0.1282920
vn -0.3230117 0.9267336 -0.1919070
v -2.4580340 3.4006360 -0.1364960
vn -0.3027074 0.9267228 -0.2226055
v -2.4529059 3.4006360 -0.1442350
vn -0.2794086 0.9267284 -0.2512077
v -2.4470439 3.4006360 -0.1514340
vn -0.2534082 0.9267300 -0.2774090
v -2.4405050 3.4006360 -0.1580240
vn -0.2250069 0.9267284 -0.3009093
v -2.4333510 3.4006360 -0.1639410
vn -0.1944072 0.9267341 -0.3215118
v -2.4256520 3.4006360 -0.1691280
vn -0.1620050 0.9267288 -0.3390105
v -2.4174809 3.4006360 -0.1735360
vn -0.1280014 0.9267103 -0.3533039
v -2.4089179 3.4006360 -0.1771220
vn -0.0927030 0.9267302 -0.3641119
v -2.4000440 3.4006360 -0.1798510
vn -0.0566024 0.9267397 -0.3714159
v -2.3909459 3.4006360 -0.1816970
vn -0.0199006 0.9267260 -0.3752105
v -2.3817101 3.4006360 -0.1826420
vn 0.0169001 0.9267076 -0.3754031
v -2.3724270 3.4006360 -0.1826780
vn 0.0537009 0.9267157 -0.3719063
v -2.3631840 3.4006360 -0.1818030
vn 0.0898038 0.9267389 -0.3648153
v -2.3540721 3.4006360 -0.1800270
vn 0.1252015 0.9267110 -0.3543042
v -2.3451769 3.4006360 -0.1773660
vn 0.1593037 0.9267216 -0.3403079
v -2.3365870 3.4006360 -0.1738470
vn 0.1919070 0.9267336 -0.3230117
v -2.3283820 3.4006360 -0.1695020
vn 0.2226055 0.9267228 -0.3027074
v -2.3206429 3.4006360 -0.1643740
vn 0.2512077 0.9267284 -0.2794086
v -2.3134451 3.4006360 -0.1585120
vn 0.2774090 0.9267300 -0.2534082
v -2.3068550 3.4006360 -0.1519720
vn 0.3009093 0.9267284 -0.2250069
v -2.3009379 3.4006360 -0.1448190
vn 0.3215056 0.9267161 -0.1945034
v -2.2957499 3.4006360 -0.1371190
vn 0.3390105 0.9267288 -0.1620050
v -2.2913420 3.4006360 -0.1289490
vn 0.3533039 0.9267103 -0.1280014
v -2.2877569 3.4006360 -0.1203850
vn 0.3641119 0.9267302 -0.0927030
v -2.2850280 3.4006360 -0.1115120
vn 0.3714159 0.9267397 -0.0566024
v -2.2831819 3.4006360 -0.1024130
vn 0.3752105 0.9267260 -0.0199006
v -2.2822361 3.4006360 -0.0931780
vn 0.3754031 0.9267076 0.0169001
v -2.2822011 3.4006360 -0.0838940
vn 0.3719063 0.9267157 0.0537009
v -2.2830751 3.4006360 -0.0746520
vn 0.3648153 0.9267389 0.0898038
v -2.2848511 3.4006360 -0.0655390
vn 0.3543042 0.9267110 0.1252015
v -2.2875121 3.4006360 -0.0566450
vn 0.3403079 0.9267216 0.1593037
v -2.2910321 3.4006360 -0.0480540
vn 0.3230117 0.9267336 0.1919070
v -2.2953770 3.4006360 -0.0398500
vn 0.3027074 0.9267228 0.2226055
v -2.3005049 3.4006360 -0.0321110
vn 0.2794086 0.9267284 0.2512077
v -2.3063669 3.4006360 -0.0249120
vn 0.2534082 0.9267300 0.2774090
v -2.3129060 3.4006360 -0.0183220
vn 0.2250069 0.9267284 0.3009093
v -2.3200600 3.4006360 -0.0124050
vn 0.1944072 0.9267341 0.3215118
v -2.3277590 3.4006360 -0.0072180
vn 0.1620050 0.9267288 0.3390105
v -2.3359301 3.4006360 -0.0028100
vn 0.1280014 0.9267103 0.3533039
v -2.3444929 3.4006360 0.0007750
vn 0.0927030 0.9267302 0.3641119
v -2.3533671 3.4006360 0.0035050
vn 0.0566003 0.9267052 0.3715021
v -2.3624649 3.4006360 0.0053510
vn 0.0199006 0.9267260 0.3752105
v -2.3717010 3.4006360 0.0062960
vn -0.0149996 0.9491749 0.3143917
v -2.3804710 3.4064641 -0.0094890
vn -0.0456991 0.9491814 0.3113939
v -2.3881650 3.4064641 -0.0102370
vn -0.0759967 0.9491588 0.3054867
v -2.3957491 3.4064641 -0.0117360
vn -0.1055977 0.9491791 0.2964935
v -2.4031489 3.4064641 -0.0139700
vn -0.1341932 0.9491519 0.2847856
v -2.4102950 3.4064641 -0.0169200
vn -0.1613969 0.9491817 0.2701948
v -2.4171181 3.4064641 -0.0205550
vn -0.1870956 0.9491779 0.2530941
v -2.4235511 3.4064641 -0.0248420
vn -0.2109975 0.9491886 0.2334972
v -2.4295330 3.4064641 -0.0297380
vn -0.2328954 0.9491811 0.2116958
v -2.4350059 3.4064641 -0.0351980
vn -0.2524993 0.9491973 0.1877995
v -2.4399180 3.4064641 -0.0411670
vn -0.2697890 0.9491614 0.1621934
v -2.4442210 3.4064641 -0.0475890
vn -0.2842955 0.9491848 0.1349978
v -2.4478731 3.4064641 -0.0544030
vn -0.2961915 0.9491728 0.1064970
v -2.4508410 3.4064641 -0.0615410
vn -0.3051937 0.9491804 0.0768984
v -2.4530940 3.4064641 -0.0689360
vn -0.3112907 0.9491716 0.0465986
v -2.4546120 3.4064641 -0.0765160
vn -0.3143873 0.9491617 0.0158994
v -2.4553790 3.4064641 -0.0842080
vn -0.3143917 0.9491749 -0.0149996
v -2.4553890 3.4064641 -0.0919380
vn -0.3113939 0.9491814 -0.0456991
v -2.4546411 3.4064641 -0.0996330
vn -0.3054867 0.9491588 -0.0759967
v -2.4531429 3.4064641 -0.1072170
vn -0.2964935 0.9491791 -0.1055977
v -2.4509079 3.4064641 -0.1146170
vn -0.2846937 0.9491789 -0.1341970
v -2.4479589 3.4064641 -0.1217630
vn -0.2701948 0.9491817 -0.1613969
v -2.4443240 3.4064641 -0.1285850
vn -0.2530941 0.9491779 -0.1870956
v -2.4400370 3.4064641 -0.1350180
vn -0.2334972 0.9491886 -0.2109975
v -2.4351399 3.4064641 -0.1410000
vn -0.2116958 0.9491811 -0.2328954
v -2.4296811 3.4064641 -0.1464730
vn -0.1878960 0.9491795 -0.2524945
v -2.4237111 3.4064641 -0.1513850
vn -0.1621934 0.9491614 -0.2697890
v -2.4172890 3.4064641 -0.1556880
vn -0.1349940 0.9491578 -0.2843874
v -2.4104760 3.4064641 -0.1593410
vn -0.1064970 0.9491728 -0.2961915
v -2.4033380 3.4064641 -0.1623080
vn -0.0768984 0.9491804 -0.3051937
v -2.3959429 3.4064641 -0.1645620
vn -0.0465986 0.9491716 -0.3112907
v -2.3883629 3.4064641 -0.1660800
vn -0.0158994 0.9491617 -0.3143873
v -2.3806710 3.4064641 -0.1668470
vn 0.0149996 0.9491749 -0.3143917
v -2.3729401 3.4064641 -0.1668570
vn 0.0456991 0.9491814 -0.3113939
v -2.3652461 3.4064641 -0.1661090
vn 0.0759967 0.9491588 -0.3054867
v -2.3576620 3.4064641 -0.1646100
vn 0.1055977 0.9491791 -0.2964935
v -2.3502610 3.4064641 -0.1623760
vn 0.1341970 0.9491789 -0.2846937
v -2.3431160 3.4064641 -0.1594260
vn 0.1613969 0.9491817 -0.2701948
v -2.3362930 3.4064641 -0.1557910
vn 0.1870956 0.9491779 -0.2530941
v -2.3298600 3.4064641 -0.1515040
vn 0.2109975 0.9491886 -0.2334972
v -2.3238780 3.4064641 -0.1466080
vn 0.2328954 0.9491811 -0.2116958
v -2.3184049 3.4064641 -0.1411480
vn 0.2524945 0.9491795 -0.1878960
v -2.3134930 3.4064641 -0.1351790
vn 0.2697890 0.9491614 -0.1621934
v -2.3091900 3.4064641 -0.1287570
vn 0.2842955 0.9491848 -0.1349978
v -2.3055370 3.4064641 -0.1219440
vn 0.2961915 0.9491728 -0.1064970
v -2.3025701 3.4064641 -0.1148050
vn 0.3051937 0.9491804 -0.0768984
v -2.3003170 3.4064641 -0.1074110
vn 0.3112907 0.9491716 -0.0465986
v -2.2987990 3.4064641 -0.0998300
vn 0.3143873 0.9491617 -0.0158994
v -2.2980311 3.4064641 -0.0921380
vn 0.3143917 0.9491749 0.0149996
v -2.2980220 3.4064641 -0.0844080
vn 0.3113939 0.9491814 0.0456991
v -2.2987700 3.4064641 -0.0767130
vn 0.3054867 0.9491588 0.0759967
v -2.3002679 3.4064641 -0.0691300
vn 0.2964935 0.9491791 0.1055977
v -2.3025031 3.4064641 -0.0617290
vn 0.2846937 0.9491789 0.1341970
v -2.3054521 3.4064641 -0.0545830
vn 0.2701948 0.9491817 0.1613969
v -2.3090880 3.4064641 -0.0477610
vn 0.2530941 0.9491779 0.1870956
v -2.3133740 3.4064641 -0.0413280
vn 0.2334972 0.9491886 0.2109975
v -2.3182709 3.4064641 -0.0353460
vn 0.2116958 0.9491811 0.2328954
v -2.3237300 3.4064641 -0.0298730
vn 0.1878960 0.9491795 0.2524945
v -2.3297000 3.4064641 -0.0249610
vn 0.1621934 0.9491614 0.2697890
v -2.3361220 3.4064641 -0.0206580
vn 0.1349940 0.9491578 0.2843874
v -2.3429351 3.4064641 -0.0170050
vn 0.1064970 0.9491728 0.2961915
v -2.3500731 3.4064641 -0.0140380
vn 0.0768984 0.9491804 0.3051937
v -2.3574679 3.4064641 -0.0117840
vn 0.0465986 0.9491716 0.3112907
v -2.3650479 3.4064641 -0.0102670
vn 0.0158994 0.9491617 0.3143873
v -2.3727410 3.4064641 -0.0094990
vn -0.0123998 0.9686819 0.2479954
v -2.3798821 3.4110551 -0.0251100
vn -0.0366992 0.9686778 0.2455944
v -2.3860481 3.4110551 -0.0257250
vn -0.0604993 0.9686881 0.2407971
v -2.3921239 3.4110551 -0.0269410
vn -0.0838985 0.9686832 0.2336960
v -2.3980520 3.4110551 -0.0287470
vn -0.1063970 0.9686729 0.2243937
v -2.4037740 3.4110551 -0.0311260
vn -0.1277975 0.9686812 0.2128959
v -2.4092350 3.4110551 -0.0340530
vn -0.1480975 0.9686837 0.1992966
v -2.4143829 3.4110551 -0.0375030
vn -0.1668985 0.9686915 0.1837984
v -2.4191680 3.4110551 -0.0414400
vn -0.1840974 0.9686865 0.1665977
v -2.4235439 3.4110551 -0.0458270
vn -0.1995965 0.9686830 0.1476974
v -2.4274690 3.4110551 -0.0506210
vn -0.2130977 0.9686894 0.1273986
v -2.4309061 3.4110551 -0.0557780
vn -0.2245932 0.9686705 0.1059968
v -2.4338200 3.4110551 -0.0612470
vn -0.2338948 0.9686785 0.0833982
v -2.4361839 3.4110551 -0.0669740
vn -0.2408971 0.9686882 0.0600993
v -2.4379759 3.4110551 -0.0729060
vn -0.2455989 0.9686955 0.0361998
v -2.4391770 3.4110551 -0.0789860
vn -0.2479966 0.9686866 0.0119998
v -2.4397769 3.4110551 -0.0851530
vn -0.2479954 0.9686819 -0.0123998
v -2.4397690 3.4110551 -0.0913500
vn -0.2455944 0.9686778 -0.0366992
v -2.4391539 3.4110551 -0.0975160
vn -0.2407971 0.9686881 -0.0604993
v -2.4379370 3.4110551 -0.1035920
vn -0.2336960 0.9686832 -0.0838985
v -2.4361310 3.4110551 -0.1095190
vn -0.2243937 0.9686729 -0.1063970
v -2.4337530 3.4110551 -0.1152410
vn -0.2128931 0.9686688 -0.1278959
v -2.4308250 3.4110551 -0.1207020
vn -0.1992966 0.9686836 -0.1480975
v -2.4273760 3.4110551 -0.1258500
vn -0.1837984 0.9686915 -0.1668985
v -2.4234390 3.4110551 -0.1306360
vn -0.1665977 0.9686865 -0.1840974
v -2.4190519 3.4110551 -0.1350120
vn -0.1476974 0.9686830 -0.1995965
v -2.4142570 3.4110551 -0.1389370
vn -0.1273986 0.9686894 -0.2130977
v -2.4091010 3.4110551 -0.1423730
vn -0.1058979 0.9686808 -0.2245956
v -2.4036319 3.4110551 -0.1452880
vn -0.0833982 0.9686785 -0.2338948
v -2.3979039 3.4110551 -0.1476520
vn -0.0600993 0.9686882 -0.2408971
v -2.3919721 3.4110551 -0.1494430
vn -0.0361989 0.9686716 -0.2456928
v -2.3858931 3.4110551 -0.1506440
vn -0.0118999 0.9686878 -0.2479969
v -2.3797250 3.4110551 -0.1512440
vn 0.0123998 0.9686819 -0.2479954
v -2.3735290 3.4110551 -0.1512370
vn 0.0366992 0.9686778 -0.2455944
v -2.3673630 3.4110551 -0.1506220
vn 0.0604993 0.9686881 -0.2407971
v -2.3612871 3.4110551 -0.1494050
vn 0.0838985 0.9686832 -0.2336960
v -2.3553591 3.4110551 -0.1475990
vn 0.1063970 0.9686729 -0.2243937
v -2.3496380 3.4110551 -0.1452210
vn 0.1277975 0.9686812 -0.2128959
v -2.3441761 3.4110551 -0.1422930
vn 0.1480975 0.9686837 -0.1992966
v -2.3390279 3.4110551 -0.1388440
vn 0.1668985 0.9686915 -0.1837984
v -2.3342431 3.4110551 -0.1349070
vn 0.1840974 0.9686865 -0.1665977
v -2.3298669 3.4110551 -0.1305200
vn 0.1995965 0.9686830 -0.1476974
v -2.3259420 3.4110551 -0.1257250
vn 0.2130977 0.9686894 -0.1273986
v -2.3225050 3.4110551 -0.1205680
vn 0.2245932 0.9686705 -0.1059968
v -2.3195910 3.4110551 -0.1151000
vn 0.2338948 0.9686785 -0.0833982
v -2.3172269 3.4110551 -0.1093720
vn 0.2408971 0.9686882 -0.0600993
v -2.3154349 3.4110551 -0.1034400
vn 0.2455989 0.9686955 -0.0361998
v -2.3142340 3.4110551 -0.0973610
vn 0.2479969 0.9686878 -0.0118999
v -2.3136339 3.4110551 -0.0911930
vn 0.2479954 0.9686819 0.0123998
v -2.3136420 3.4110551 -0.0849970
vn 0.2455944 0.9686778 0.0366992
v -2.3142569 3.4110551 -0.0788310
vn 0.2407971 0.9686881 0.0604993
v -2.3154740 3.4110551 -0.0727550
vn 0.2336960 0.9686832 0.0838985
v -2.3172801 3.4110551 -0.0668270
vn 0.2243937 0.9686729 0.1063970
v -2.3196580 3.4110551 -0.0611050
vn 0.2128931 0.9686688 0.1278959
v -2.3225861 3.4110551 -0.0556440
vn 0.1992966 0.9686836 0.1480975
v -2.3260350 3.4110551 -0.0504960
vn 0.1837984 0.9686915 0.1668985
v -2.3299720 3.4110551 -0.0457110
vn 0.1665977 0.9686865 0.1840974
v -2.3343589 3.4110551 -0.0413340
vn 0.1476974 0.9686830 0.1995965
v -2.3391540 3.4110551 -0.0374090
vn 0.1273986 0.9686894 0.2130977
v -2.3443110 3.4110551 -0.0339730
vn 0.1058979 0.9686808 0.2245956
v -2.3497789 3.4110551 -0.0310590
vn 0.0833982 0.9686785 0.2338948
v -2.3555069 3.4110551 -0.0286940
vn 0.0600993 0.9686882 0.2408971
v -2.3614390 3.4110551 -0.0269030
vn 0.0361989 0.9686716 0.2456928
v -2.3675179 3.4110551 -0.0257020
vn 0.0118999 0.9686878 0.2479969
v -2.3736849 3.4110551 -0.0251020
vn -0.0092004 0.9843457 0.1760082
v -2.3792140 3.4144030 -0.0404990
vn -0.0264010 0.9843374 0.1743066
v -2.3838749 3.4144030 -0.0409740
vn -0.0433016 0.9843354 0.1709061
v -2.3884671 3.4144030 -0.0419040
vn -0.0599023 0.9843373 0.1658063
v -2.3929460 3.4144030 -0.0432800
vn -0.0758036 0.9843469 0.1591076
v -2.3972681 3.4144030 -0.0450880
vn -0.0911038 0.9843411 0.1509063
v -2.4013920 3.4144030 -0.0473110
vn -0.1054056 0.9843526 0.1412076
v -2.4052780 3.4144030 -0.0499270
vn -0.1188052 0.9843433 0.1302057
v -2.4088891 3.4144030 -0.0529120
vn -0.1310045 0.9843338 0.1180040
v -2.4121900 3.4144030 -0.0562360
vn -0.1419055 0.9843378 0.1046040
v -2.4151499 3.4144030 -0.0598680
vn -0.1515049 0.9843321 0.0902029
v -2.4177389 3.4144030 -0.0637730
vn -0.1596057 0.9843352 0.0749027
v -2.4199331 3.4144030 -0.0679120
vn -0.1661079 0.9843469 0.0589028
v -2.4217110 3.4144030 -0.0722470
vn -0.1711076 0.9843438 0.0423019
v -2.4230549 3.4144030 -0.0767350
vn -0.1744086 0.9843483 0.0253012
v -2.4239531 3.4144030 -0.0813330
vn -0.1761068 0.9843377 0.0081003
v -2.4243960 3.4144030 -0.0859970
vn -0.1760082 0.9843457 -0.0092004
v -2.4243801 3.4144030 -0.0906820
vn -0.1743066 0.9843374 -0.0264010
v -2.4239039 3.4144030 -0.0953430
vn -0.1708090 0.9843522 -0.0433023
v -2.4229741 3.4144030 -0.0999350
vn -0.1658063 0.9843373 -0.0599023
v -2.4215989 3.4144030 -0.1044130
vn -0.1591076 0.9843468 -0.0758036
v -2.4197910 3.4144030 -0.1087350
vn -0.1509063 0.9843411 -0.0911038
v -2.4175680 3.4144030 -0.1128590
vn -0.1413041 0.9843283 -0.1055030
v -2.4149511 3.4144030 -0.1167460
vn -0.1303040 0.9843305 -0.1188037
v -2.4119670 3.4144030 -0.1203570
vn -0.1180040 0.9843338 -0.1310045
v -2.4086421 3.4144030 -0.1236580
vn -0.1046040 0.9843378 -0.1419055
v -2.4050100 3.4144030 -0.1266170
vn -0.0902029 0.9843321 -0.1515049
v -2.4011061 3.4144030 -0.1292070
vn -0.0749027 0.9843352 -0.1596057
v -2.3969660 3.4144030 -0.1314010
vn -0.0589028 0.9843469 -0.1661079
v -2.3926320 3.4144030 -0.1331790
vn -0.0423019 0.9843438 -0.1711076
v -2.3881440 3.4144030 -0.1345230
vn -0.0253012 0.9843483 -0.1744086
v -2.3835461 3.4144030 -0.1354210
vn -0.0081003 0.9843377 -0.1761068
v -2.3788810 3.4144030 -0.1358640
vn 0.0092004 0.9843457 -0.1760082
v -2.3741970 3.4144030 -0.1358470
vn 0.0264010 0.9843374 -0.1743066
v -2.3695359 3.4144030 -0.1353720
vn 0.0433023 0.9843522 -0.1708090
v -2.3649440 3.4144030 -0.1344420
vn 0.0599023 0.9843373 -0.1658063
v -2.3604660 3.4144030 -0.1330660
vn 0.0758036 0.9843469 -0.1591076
v -2.3561430 3.4144030 -0.1312580
vn 0.0911038 0.9843411 -0.1509063
v -2.3520191 3.4144030 -0.1290350
vn 0.1054056 0.9843526 -0.1412076
v -2.3481331 3.4144030 -0.1264190
vn 0.1188052 0.9843433 -0.1302057
v -2.3445220 3.4144030 -0.1234340
vn 0.1310045 0.9843338 -0.1180040
v -2.3412211 3.4144030 -0.1201100
vn 0.1419055 0.9843378 -0.1046040
v -2.3382609 3.4144030 -0.1164780
vn 0.1515049 0.9843321 -0.0902029
v -2.3356719 3.4144030 -0.1125730
vn 0.1596057 0.9843352 -0.0749027
v -2.3334780 3.4144030 -0.1084340
vn 0.1661079 0.9843469 -0.0589028
v -2.3317001 3.4144030 -0.1040990
vn 0.1711076 0.9843438 -0.0423019
v -2.3303559 3.4144030 -0.0996110
vn 0.1744086 0.9843483 -0.0253012
v -2.3294580 3.4144030 -0.0950130
vn 0.1761068 0.9843377 -0.0081003
v -2.3290150 3.4144030 -0.0903490
vn 0.1760082 0.9843457 0.0092004
v -2.3290310 3.4144030 -0.0856640
vn 0.1743066 0.9843374 0.0264010
v -2.3295071 3.4144030 -0.0810030
vn 0.1708083 0.9843479 0.0434021
v -2.3304369 3.4144030 -0.0764120
vn 0.1658063 0.9843373 0.0599023
v -2.3318119 3.4144030 -0.0719330
vn 0.1591076 0.9843468 0.0758036
v -2.3336201 3.4144030 -0.0676110
vn 0.1509063 0.9843411 0.0911038
v -2.3358431 3.4144030 -0.0634870
vn 0.1413041 0.9843283 0.1055030
v -2.3384600 3.4144030 -0.0596010
vn 0.1303040 0.9843305 0.1188037
v -2.3414440 3.4144030 -0.0559890
vn 0.1180040 0.9843338 0.1310045
v -2.3447690 3.4144030 -0.0526880
vn 0.1046040 0.9843378 0.1419055
v -2.3484011 3.4144030 -0.0497290
vn 0.0902029 0.9843321 0.1515049
v -2.3523049 3.4144030 -0.0471400
vn 0.0749027 0.9843352 0.1596057
v -2.3564451 3.4144030 -0.0449450
vn 0.0589028 0.9843469 0.1661079
v -2.3607790 3.4144030 -0.0431680
vn 0.0423019 0.9843438 0.1711076
v -2.3652670 3.4144030 -0.0418230
vn 0.0253012 0.9843483 0.1744086
v -2.3698649 3.4144030 -0.0409250
vn 0.0081003 0.9843377 0.1761068
v -2.3745289 3.4144030 -0.0404820
vn -0.0052000 0.9951037 0.0987004
v -2.3784649 3.4165070 -0.0556260
vn -0.0149001 0.9951044 0.0977004
v -2.3816459 3.4165070 -0.0559550
vn -0.0244003 0.9951110 0.0957011
v -2.3847799 3.4165070 -0.0565950
vn -0.0337002 0.9951050 0.0929005
v -2.3878369 3.4165070 -0.0575380
vn -0.0426005 0.9951112 0.0891010
v -2.3907859 3.4165070 -0.0587770
vn -0.0511006 0.9951122 0.0845010
v -2.3936000 3.4165070 -0.0602990
vn -0.0592004 0.9951072 0.0791006
v -2.3962500 3.4165070 -0.0620890
vn -0.0667004 0.9951063 0.0729005
v -2.3987131 3.4165070 -0.0641300
vn -0.0735007 0.9951088 0.0660006
v -2.4009640 3.4165070 -0.0664030
vn -0.0796007 0.9951088 0.0585005
v -2.4029810 3.4165070 -0.0688860
vn -0.0850005 0.9951054 0.0504003
v -2.4047451 3.4165070 -0.0715540
vn -0.0895008 0.9951093 0.0418004
v -2.4062390 3.4165070 -0.0743820
vn -0.0932003 0.9951037 0.0329001
v -2.4074481 3.4165070 -0.0773430
vn -0.0960001 0.9951015 0.0236000
v -2.4083610 3.4165070 -0.0804090
vn -0.0978006 0.9951062 0.0141001
v -2.4089701 3.4165070 -0.0835490
vn -0.0987007 0.9951070 0.0045000
v -2.4092679 3.4165070 -0.0867340
vn -0.0987004 0.9951037 -0.0052000
v -2.4092519 3.4165070 -0.0899320
vn -0.0977004 0.9951044 -0.0149001
v -2.4089229 3.4165070 -0.0931140
vn -0.0957011 0.9951110 -0.0244003
v -2.4082839 3.4165070 -0.0962480
vn -0.0929005 0.9951050 -0.0337002
v -2.4073400 3.4165070 -0.0993040
vn -0.0891010 0.9951112 -0.0426005
v -2.4061010 3.4165070 -0.1022540
vn -0.0845010 0.9951122 -0.0511006
v -2.4045801 3.4165070 -0.1050670
vn -0.0791006 0.9951072 -0.0592004
v -2.4027901 3.4165070 -0.1077180
vn -0.0729005 0.9951063 -0.0667004
v -2.4007480 3.4165070 -0.1101800
vn -0.0660006 0.9951088 -0.0735007
v -2.3984759 3.4165070 -0.1124310
vn -0.0585005 0.9951088 -0.0796007
v -2.3959930 3.4165070 -0.1144480
vn -0.0504003 0.9951054 -0.0850005
v -2.3933251 3.4165070 -0.1162120
vn -0.0418004 0.9951093 -0.0895008
v -2.3904960 3.4165070 -0.1177060
vn -0.0329001 0.9951037 -0.0932003
v -2.3875351 3.4165070 -0.1189160
vn -0.0236000 0.9951015 -0.0960001
v -2.3844700 3.4165070 -0.1198290
vn -0.0141001 0.9951062 -0.0978006
v -2.3813300 3.4165070 -0.1204380
vn -0.0044000 0.9951074 -0.0987007
v -2.3781450 3.4165070 -0.1207360
vn 0.0052000 0.9951037 -0.0987004
v -2.3749461 3.4165070 -0.1207200
vn 0.0149001 0.9951044 -0.0977004
v -2.3717639 3.4165070 -0.1203910
vn 0.0244003 0.9951110 -0.0957011
v -2.3686299 3.4165070 -0.1197510
vn 0.0337002 0.9951050 -0.0929005
v -2.3655739 3.4165070 -0.1188080
vn 0.0426005 0.9951112 -0.0891010
v -2.3626249 3.4165070 -0.1175690
vn 0.0511006 0.9951122 -0.0845010
v -2.3598120 3.4165070 -0.1160470
vn 0.0592004 0.9951072 -0.0791006
v -2.3571610 3.4165070 -0.1142570
vn 0.0667004 0.9951063 -0.0729005
v -2.3546979 3.4165070 -0.1122160
vn 0.0735007 0.9951088 -0.0660006
v -2.3524480 3.4165070 -0.1099430
vn 0.0796007 0.9951088 -0.0585005
v -2.3504300 3.4165070 -0.1074610
vn 0.0850005 0.9951054 -0.0504003
v -2.3486660 3.4165070 -0.1047920
vn 0.0895008 0.9951093 -0.0418004
v -2.3471720 3.4165070 -0.1019640
vn 0.0932003 0.9951037 -0.0329001
v -2.3459630 3.4165070 -0.0990030
vn 0.0959999 0.9950992 -0.0237000
v -2.3450489 3.4165070 -0.0959370
vn 0.0978006 0.9951062 -0.0141001
v -2.3444409 3.4165070 -0.0927970
vn 0.0987007 0.9951074 -0.0044000
v -2.3441429 3.4165070 -0.0896120
vn 0.0987003 0.9951031 0.0053000
v -2.3441589 3.4165070 -0.0864140
vn 0.0977004 0.9951044 0.0149001
v -2.3444879 3.4165070 -0.0832320
vn 0.0957011 0.9951110 0.0244003
v -2.3451271 3.4165070 -0.0800980
vn 0.0929005 0.9951050 0.0337002
v -2.3460710 3.4165070 -0.0770420
vn 0.0891010 0.9951112 0.0426005
v -2.3473091 3.4165070 -0.0740930
vn 0.0845010 0.9951122 0.0511006
v -2.3488309 3.4165070 -0.0712790
vn 0.0791006 0.9951072 0.0592004
v -2.3506210 3.4165070 -0.0686280
vn 0.0729005 0.9951063 0.0667004
v -2.3526630 3.4165070 -0.0661660
vn 0.0660006 0.9951088 0.0735007
v -2.3549349 3.4165070 -0.0639150
vn 0.0585005 0.9951088 0.0796007
v -2.3574181 3.4165070 -0.0618980
vn 0.0504003 0.9951054 0.0850005
v -2.3600860 3.4165070 -0.0601340
vn 0.0419002 0.9951051 0.0895005
v -2.3629150 3.4165070 -0.0586400
vn 0.0329001 0.9951037 0.0932003
v -2.3658760 3.4165070 -0.0574300
vn 0.0236000 0.9951015 0.0960001
v -2.3689411 3.4165070 -0.0565170
vn 0.0141001 0.9951062 0.0978006
v -2.3720810 3.4165070 -0.0559080
vn 0.0044000 0.9951074 0.0987007
v -2.3752661 3.4165070 -0.0556110
vn -0.0010000 0.9998246 0.0187005
v -2.3776300 3.4173610 -0.0704610
vn -0.0028001 0.9998249 0.0185005
v -2.3793609 3.4173610 -0.0706370
vn -0.0046001 0.9998256 0.0181005
v -2.3810670 3.4173610 -0.0709820
vn -0.0064002 0.9998264 0.0175005
v -2.3827310 3.4173610 -0.0714920
vn -0.0081002 0.9998261 0.0168004
v -2.3843369 3.4173610 -0.0721630
vn -0.0097002 0.9998249 0.0160004
v -2.3858700 3.4173610 -0.0729880
vn -0.0112003 0.9998248 0.0150004
v -2.3873141 3.4173610 -0.0739600
vn -0.0126003 0.9998254 0.0138003
v -2.3886559 3.4173610 -0.0750680
vn -0.0139003 0.9998252 0.0125003
v -2.3898830 3.4173610 -0.0763030
vn -0.0151004 0.9998244 0.0111003
v -2.3909831 3.4173610 -0.0776510
vn -0.0161004 0.9998243 0.0096002
v -2.3919461 3.4173610 -0.0791010
vn -0.0169004 0.9998260 0.0079002
v -2.3927610 3.4173610 -0.0806390
vn -0.0176005 0.9998265 0.0061002
v -2.3934231 3.4173610 -0.0822490
vn -0.0182004 0.9998247 0.0044001
v -2.3939230 3.4173610 -0.0839160
vn -0.0185005 0.9998252 0.0027001
v -2.3942571 3.4173610 -0.0856240
vn -0.0187005 0.9998248 0.0008000
v -2.3944230 3.4173610 -0.0873570
vn -0.0187005 0.9998246 -0.0010000
v -2.3944170 3.4173610 -0.0890970
vn -0.0185005 0.9998249 -0.0028001
v -2.3942411 3.4173610 -0.0908290
vn -0.0181005 0.9998256 -0.0046001
v -2.3938971 3.4173610 -0.0925350
vn -0.0176004 0.9998246 -0.0064002
v -2.3933859 3.4173610 -0.0941990
vn -0.0169004 0.9998243 -0.0081002
v -2.3927150 3.4173610 -0.0958050
vn -0.0160004 0.9998259 -0.0096002
v -2.3918900 3.4173610 -0.0973370
vn -0.0150004 0.9998248 -0.0112003
v -2.3909190 3.4173610 -0.0987820
vn -0.0138003 0.9998254 -0.0126003
v -2.3898110 3.4173610 -0.1001240
vn -0.0125003 0.9998252 -0.0139003
v -2.3885760 3.4173610 -0.1013510
vn -0.0111003 0.9998244 -0.0151004
v -2.3872271 3.4173610 -0.1024510
vn -0.0095002 0.9998252 -0.0161004
v -2.3857770 3.4173610 -0.1034130
vn -0.0079002 0.9998243 -0.0170004
v -2.3842399 3.4173610 -0.1042290
vn -0.0062001 0.9998241 -0.0177004
v -2.3826301 3.4173610 -0.1048900
vn -0.0045001 0.9998242 -0.0182004
v -2.3809631 3.4173610 -0.1053900
vn -0.0027001 0.9998252 -0.0185005
v -2.3792551 3.4173610 -0.1057250
vn -0.0008000 0.9998248 -0.0187005
v -2.3775220 3.4173610 -0.1058900
vn 0.0010000 0.9998246 -0.0187005
v -2.3757811 3.4173610 -0.1058850
vn 0.0028001 0.9998249 -0.0185005
v -2.3740499 3.4173610 -0.1057090
vn 0.0046001 0.9998238 -0.0182004
v -2.3723440 3.4173610 -0.1053640
vn 0.0064002 0.9998246 -0.0176004
v -2.3706801 3.4173610 -0.1048540
vn 0.0081002 0.9998261 -0.0168004
v -2.3690741 3.4173610 -0.1041830
vn 0.0097002 0.9998249 -0.0160004
v -2.3675411 3.4173610 -0.1033580
vn 0.0112003 0.9998248 -0.0150004
v -2.3660970 3.4173610 -0.1023860
vn 0.0126003 0.9998254 -0.0138003
v -2.3647549 3.4173610 -0.1012780
vn 0.0139003 0.9998252 -0.0125003
v -2.3635280 3.4173610 -0.1000440
vn 0.0151004 0.9998255 -0.0110003
v -2.3624279 3.4173610 -0.0986950
vn 0.0161004 0.9998252 -0.0095002
v -2.3614650 3.4173610 -0.0972450
vn 0.0169004 0.9998260 -0.0079002
v -2.3606501 3.4173610 -0.0957070
vn 0.0176005 0.9998259 -0.0062002
v -2.3599880 3.4173610 -0.0940970
vn 0.0182004 0.9998247 -0.0044001
v -2.3594880 3.4173610 -0.0924300
vn 0.0185005 0.9998255 -0.0026001
v -2.3591540 3.4173610 -0.0907220
vn 0.0187005 0.9998248 -0.0008000
v -2.3589890 3.4173610 -0.0889890
vn 0.0187005 0.9998247 0.0009000
v -2.3589940 3.4173610 -0.0872490
vn 0.0185005 0.9998249 0.0028001
v -2.3591700 3.4173610 -0.0855170
vn 0.0181005 0.9998256 0.0046001
v -2.3595140 3.4173610 -0.0838110
vn 0.0176004 0.9998246 0.0064002
v -2.3600249 3.4173610 -0.0821470
vn 0.0169004 0.9998243 0.0081002
v -2.3606961 3.4173610 -0.0805410
vn 0.0160004 0.9998249 0.0097002
v -2.3615210 3.4173610 -0.0790090
vn 0.0150004 0.9998248 0.0112003
v -2.3624921 3.4173610 -0.0775650
vn 0.0138003 0.9998254 0.0126003
v -2.3636000 3.4173610 -0.0762230
vn 0.0125003 0.9998267 0.0138004
v -2.3648350 3.4173610 -0.0749960
vn 0.0111003 0.9998244 0.0151004
v -2.3661840 3.4173610 -0.0738960
vn 0.0095002 0.9998252 0.0161004
v -2.3676341 3.4173610 -0.0729330
vn 0.0079002 0.9998243 0.0170004
v -2.3691709 3.4173610 -0.0721170
vn 0.0062002 0.9998259 0.0176005
v -2.3707809 3.4173610 -0.0714560
vn 0.0045001 0.9998242 0.0182004
v -2.3724480 3.4173610 -0.0709560
vn 0.0027001 0.9998252 0.0185005
v -2.3741560 3.4173610 -0.0706210
vn 0.0008000 0.9998248 0.0187005
v -2.3758891 3.4173610 -0.0704560
vn 0.0000000 -1.0000000 0.0000000
v -2.3767049 1.9075880 -0.0881730
vn 0.0000000 1.0000000 0.0000000
v -2.3767049 3.4169631 -0.0881730
# 3970 vertices, 0 vertices normals


usemtl material_0
vt 0.0000000 0.0000000
f 1/1/1 2/1/2 3/1/3
f 1/1/1 3/1/3 4/1/4
f 4/1/4 3/1/3 5/1/5
f 4/1/4 5/1/5 6/1/6
f 6/1/6 5/1/5 7/1/7
f 6/1/6 7/1/7 8/1/8
f 8/1/8 7/1/7 9/1/9
f 8/1/8 9/1/9 10/1/10
f 10/1/10 9/1/9 11/1/11
f 10/1/10 11/1/11 12/1/12
f 12/1/12 11/1/11 13/1/13
f 12/1/12 13/1/13 14/1/14
f 14/1/14 13/1/13 15/1/15
f 14/1/14 15/1/15 16/1/16
f 16/1/16 15/1/15 17/1/17
f 16/1/16 17/1/17 18/1/18
f 18/1/18 17/1/17 19/1/19
f 18/1/18 19/1/19 20/1/20
f 20/1/20 19/1/19 21/1/21
f 20/1/20 21/1/21 22/1/22
f 22/1/22 21/1/21 23/1/23
f 22/1/22 23/1/23 24/1/24
f 24/1/24 23/1/23 25/1/25
f 24/1/24 25/1/25 26/1/26
f 26/1/26 25/1/25 27/1/27
f 26/1/26 27/1/27 28/1/28
f 28/1/28 27/1/27 29/1/29
f 28/1/28 29/1/29 30/1/30
f 30/1/30 29/1/29 31/1/31
f 30/1/30 31/1/31 32/1/32
f 32/1/32 31/1/31 33/1/33
f 32/1/32 33/1/33 34/1/34
f 34/1/34 33/1/33 35/1/35
f 34/1/34 35/1/35 36/1/36
f 36/1/36 35/1/35 37/1/37
f 36/1/36 37/1/37 38/1/38
f 38/1/38 37/1/37 39/1/39
f 38/1/38 39/1/39 40/1/40
f 40/1/40 39/1/39 41/1/41
f 40/1/40 41/1/41 42/1/42
f 42/1/42 41/1/41 43/1/43
f 42/1/42 43/1/43 44/1/44
f 44/1/44 43/1/43 45/1/45
f 44/1/44 45/1/45 46/1/46
f 46/1/46 45/1/45 47/1/47
f 46/1/46 47/1/47 48/1/48
f 48/1/48 47/1/47 49/1/49
f 48/1/48 49/1/49 50/1/50
f 50/1/50 49/1/49 51/1/51
f 50/1/50 51/1/51 52/1/52
f 52/1/52 51/1/51 53/1/53
f 52/1/52 53/1/53 54/1/54
f 54/1/54 53/1/53 55/1/55
f 54/1/54 55/1/55 56/1/56
f 56/1/56 55/1/55 57/1/57
f 56/1/56 57/1/57 58/1/58
f 58/1/58 57/1/57 59/1/59
f 58/1/58 59/1/59 60/1/60
f 60/1/60 59/1/59 61/1/61
f 60/1/60 61/1/61 62/1/62
f 62/1/62 61/1/61 63/1/63
f 62/1/62 63/1/63 64/1/64
f 64/1/64 63/1/63 65/1/65
f 64/1/64 65/1/65 66/1/66
f 66/1/66 65/1/65 67/1/67
f 66/1/66 67/1/67 68/1/68
f 68/1/68 67/1/67 69/1/69
f 68/1/68 69/1/69 70/1/70
f 70/1/70 69/1/69 71/1/71
f 70/1/70 71/1/71 72/1/72
f 72/1/72 71/1/71 73/1/73
f 72/1/72 73/1/73 74/1/74
f 74/1/74 73/1/73 75/1/75
f 74/1/74 75/1/75 76/1/76
f 76/1/76 75/1/75 77/1/77
f 76/1/76 77/1/77 78/1/78
f 78/1/78 77/1/77 79/1/79
f 78/1/78 79/1/79 80/1/80
f 80/1/80 79/1/79 81/1/81
f 80/1/80 81/1/81 82/1/82
f 82/1/82 81/1/81 83/1/83
f 82/1/82 83/1/83 84/1/84
f 84/1/84 83/1/83 85/1/85
f 84/1/84 85/1/85 86/1/86
f 86/1/86 85/1/85 87/1/87
f 86/1/86 87/1/87 88/1/88
f 88/1/88 87/1/87 89/1/89
f 88/1/88 89/1/89 90/1/90
f 90/1/90 89/1/89 91/1/91
f 90/1/90 91/1/91 92/1/92
f 92/1/92 91/1/91 93/1/93
f 92/1/92 93/1/93 94/1/94
f 94/1/94 93/1/93 95/1/95
f 94/1/94 95/1/95 96/1/96
f 96/1/96 95/1/95 97/1/97
f 96/1/96 97/1/97 98/1/98
f 98/1/98 97/1/97 99/1/99
f 98/1/98 99/1/99 100/1/100
f 100/1/100 99/1/99 101/1/101
f 100/1/100 101/1/101 102/1/102
f 102/1/102 101/1/101 103/1/103
f 102/1/102 103/1/103 104/1/104
f 104/1/104 103/1/103 105/1/105
f 104/1/104 105/1/105 106/1/106
f 106/1/106 105/1/105 107/1/107
f 106/1/106 107/1/107 108/1/108
f 108/1/108 107/1/107 109/1/109
f 108/1/108 109/1/109 110/1/110
f 110/1/110 109/1/109 111/1/111
f 110/1/110 111/1/111 112/1/112
f 112/1/112 111/1/111 113/1/113
f 112/1/112 113/1/113 114/1/114
f 114/1/114 113/1/113 115/1/115
f 114/1/114 115/1/115 116/1/116
f 116/1/116 115/1/115 117/1/117
f 116/1/116 117/1/117 118/1/118
f 118/1/118 117/1/117 119/1/119
f 118/1/118 119/1/119 120/1/120
f 120/1/120 119/1/119 121/1/121
f 120/1/120 121/1/121 122/1/122
f 122/1/122 121/1/121 123/1/123
f 122/1/122 123/1/123 124/1/124
f 124/1/124 123/1/123 125/1/125
f 124/1/124 125/1/125 126/1/126
f 126/1/126 125/1/125 127/1/127
f 126/1/126 127/1/127 128/1/128
f 128/1/128 127/1/127 2/1/2
f 128/1/128 2/1/2 1/1/1
f 2/1/2 129/1/129 130/1/130
f 2/1/2 130/1/130 3/1/3
f 3/1/3 130/1/130 131/1/131
f 3/1/3 131/1/131 5/1/5
f 5/1/5 131/1/131 132/1/132
f 5/1/5 132/1/132 7/1/7
f 7/1/7 132/1/132 133/1/133
f 7/1/7 133/1/133 9/1/9
f 9/1/9 133/1/133 134/1/134
f 9/1/9 134/1/134 11/1/11
f 11/1/11 134/1/134 135/1/135
f 11/1/11 135/1/135 13/1/13
f 13/1/13 135/1/135 136/1/136
f 13/1/13 136/1/136 15/1/15
f 15/1/15 136/1/136 137/1/137
f 15/1/15 137/1/137 17/1/17
f 17/1/17 137/1/137 138/1/138
f 17/1/17 138/1/138 19/1/19
f 19/1/19 138/1/138 139/1/139
f 19/1/19 139/1/139 21/1/21
f 21/1/21 139/1/139 140/1/140
f 21/1/21 140/1/140 23/1/23
f 23/1/23 140/1/140 141/1/141
f 23/1/23 141/1/141 25/1/25
f 25/1/25 141/1/141 142/1/142
f 25/1/25 142/1/142 27/1/27
f 27/1/27 142/1/142 143/1/143
f 27/1/27 143/1/143 29/1/29
f 29/1/29 143/1/143 144/1/144
f 29/1/29 144/1/144 31/1/31
f 31/1/31 144/1/144 145/1/145
f 31/1/31 145/1/145 33/1/33
f 33/1/33 145/1/145 146/1/146
f 33/1/33 146/1/146 35/1/35
f 35/1/35 146/1/146 147/1/147
f 35/1/35 147/1/147 37/1/37
f 37/1/37 147/1/147 148/1/148
f 37/1/37 148/1/148 39/1/39
f 39/1/39 148/1/148 149/1/149
f 39/1/39 149/1/149 41/1/41
f 41/1/41 149/1/149 150/1/150
f 41/1/41 150/1/150 43/1/43
f 43/1/43 150/1/150 151/1/151
f 43/1/43 151/1/151 45/1/45
f 45/1/45 151/1/151 152/1/152
f 45/1/45 152/1/152 47/1/47
f 47/1/47 152/1/152 153/1/153
f 47/1/47 153/1/153 49/1/49
f 49/1/49 153/1/153 154/1/154
f 49/1/49 154/1/154 51/1/51
f 51/1/51 154/1/154 155/1/155
f 51/1/51 155/1/155 53/1/53
f 53/1/53 155/1/155 156/1/156
f 53/1/53 156/1/156 55/1/55
f 55/1/55 156/1/156 157/1/157
f 55/1/55 157/1/157 57/1/57
f 57/1/57 157/1/157 158/1/158
f 57/1/57 158/1/158 59/1/59
f 59/1/59 158/1/158 159/1/159
f 59/1/59 159/1/159 61/1/61
f 61/1/61 159/1/159 160/1/160
f 61/1/61 160/1/160 63/1/63
f 63/1/63 160/1/160 161/1/161
f 63/1/63 161/1/161 65/1/65
f 65/1/65 161/1/161 162/1/162
f 65/1/65 162/1/162 67/1/67
f 67/1/67 162/1/162 163/1/163
f 67/1/67 163/1/163 69/1/69
f 69/1/69 163/1/163 164/1/164
f 69/1/69 164/1/164 71/1/71
f 71/1/71 164/1/164 165/1/165
f 71/1/71 165/1/165 73/1/73
f 73/1/73 165/1/165 166/1/166
f 73/1/73 166/1/166 75/1/75
f 75/1/75 166/1/166 167/1/167
f 75/1/75 167/1/167 77/1/77
f 77/1/77 167/1/167 168/1/168
f 77/1/77 168/1/168 79/1/79
f 79/1/79 168/1/168 169/1/169
f 79/1/79 169/1/169 81/1/81
f 81/1/81 169/1/169 170/1/170
f 81/1/81 170/1/170 83/1/83
f 83/1/83 170/1/170 171/1/171
f 83/1/83 171/1/171 85/1/85
f 85/1/85 171/1/171 172/1/172
f 85/1/85 172/1/172 87/1/87
f 87/1/87 172/1/172 173/1/173
f 87/1/87 173/1/173 89/1/89
f 89/1/89 173/1/173 174/1/174
f 89/1/89 174/1/174 91/1/91
f 91/1/91 174/1/174 175/1/175
f 91/1/91 175/1/175 93/1/93
f 93/1/93 175/1/175 176/1/176
f 93/1/93 176/1/176 95/1/95
f 95/1/95 176/1/176 177/1/177
f 95/1/95 177/1/177 97/1/97
f 97/1/97 177/1/177 178/1/178
f 97/1/97 178/1/178 99/1/99
f 99/1/99 178/1/178 179/1/179
f 99/1/99 179/1/179 101/1/101
f 101/1/101 179/1/179 180/1/180
f 101/1/101 180/1/180 103/1/103
f 103/1/103 180/1/180 181/1/181
f 103/1/103 181/1/181 105/1/105
f 105/1/105 181/1/181 182/1/182
f 105/1/105 182/1/182 107/1/107
f 107/1/107 182/1/182 183/1/183
f 107/1/107 183/1/183 109/1/109
f 109/1/109 183/1/183 184/1/184
f 109/1/109 184/1/184 111/1/111
f 111/1/111 184/1/184 185/1/185
f 111/1/111 185/1/185 113/1/113
f 113/1/113 185/1/185 186/1/186
f 113/1/113 186/1/186 115/1/115
f 115/1/115 186/1/186 187/1/187
f 115/1/115 187/1/187 117/1/117
f 117/1/117 187/1/187 188/1/188
f 117/1/117 188/1/188 119/1/119
f 119/1/119 188/1/188 189/1/189
f 119/1/119 189/1/189 121/1/121
f 121/1/121 189/1/189 190/1/190
f 121/1/121 190/1/190 123/1/123
f 123/1/123 190/1/190 191/1/191
f 123/1/123 191/1/191 125/1/125
f 125/1/125 191/1/191 192/1/192
f 125/1/125 192/1/192 127/1/127
f 127/1/127 192/1/192 129/1/129
f 127/1/127 129/1/129 2/1/2
f 129/1/129 193/1/193 194/1/194
f 129/1/129 194/1/194 130/1/130
f 130/1/130 194/1/194 195/1/195
f 130/1/130 195/1/195 131/1/131
f 131/1/131 195/1/195 196/1/196
f 131/1/131 196/1/196 132/1/132
f 132/1/132 196/1/196 197/1/197
f 132/1/132 197/1/197 133/1/133
f 133/1/133 197/1/197 198/1/198
f 133/1/133 198/1/198 134/1/134
f 134/1/134 198/1/198 199/1/199
f 134/1/134 199/1/199 135/1/135
f 135/1/135 199/1/199 200/1/200
f 135/1/135 200/1/200 136/1/136
f 136/1/136 200/1/200 201/1/201
f 136/1/136 201/1/201 137/1/137
f 137/1/137 201/1/201 202/1/202
f 137/1/137 202/1/202 138/1/138
f 138/1/138 202/1/202 203/1/203
f 138/1/138 203/1/203 139/1/139
f 139/1/139 203/1/203 204/1/204
f 139/1/139 204/1/204 140/1/140
f 140/1/140 204/1/204 205/1/205
f 140/1/140 205/1/205 141/1/141
f 141/1/141 205/1/205 206/1/206
f 141/1/141 206/1/206 142/1/142
f 142/1/142 206/1/206 207/1/207
f 142/1/142 207/1/207 143/1/143
f 143/1/143 207/1/207 208/1/208
f 143/1/143 208/1/208 144/1/144
f 144/1/144 208/1/208 209/1/209
f 144/1/144 209/1/209 145/1/145
f 145/1/145 209/1/209 210/1/210
f 145/1/145 210/1/210 146/1/146
f 146/1/146 210/1/210 211/1/211
f 146/1/146 211/1/211 147/1/147
f 147/1/147 211/1/211 212/1/212
f 147/1/147 212/1/212 148/1/148
f 148/1/148 212/1/212 213/1/213
f 148/1/148 213/1/213 149/1/149
f 149/1/149 213/1/213 214/1/214
f 149/1/149 214/1/214 150/1/150
f 150/1/150 214/1/214 215/1/215
f 150/1/150 215/1/215 151/1/151
f 151/1/151 215/1/215 216/1/216
f 151/1/151 216/1/216 152/1/152
f 152/1/152 216/1/216 217/1/217
f 152/1/152 217/1/217 153/1/153
f 153/1/153 217/1/217 218/1/218
f 153/1/153 218/1/218 154/1/154
f 154/1/154 218/1/218 219/1/219
f 154/1/154 219/1/219 155/1/155
f 155/1/155 219/1/219 220/1/220
f 155/1/155 220/1/220 156/1/156
f 156/1/156 220/1/220 221/1/221
f 156/1/156 221/1/221 157/1/157
f 157/1/157 221/1/221 222/1/222
f 157/1/157 222/1/222 158/1/158
f 158/1/158 222/1/222 223/1/223
f 158/1/158 223/1/223 159/1/159
f 159/1/159 223/1/223 224/1/224
f 159/1/159 224/1/224 160/1/160
f 160/1/160 224/1/224 225/1/225
f 160/1/160 225/1/225 161/1/161
f 161/1/161 225/1/225 226/1/226
f 161/1/161 226/1/226 162/1/162
f 162/1/162 226/1/226 227/1/227
f 162/1/162 227/1/227 163/1/163
f 163/1/163 227/1/227 228/1/228
f 163/1/163 228/1/228 164/1/164
f 164/1/164 228/1/228 229/1/229
f 164/1/164 229/1/229 165/1/165
f 165/1/165 229/1/229 230/1/230
f 165/1/165 230/1/230 166/1/166
f 166/1/166 230/1/230 231/1/231
f 166/1/166 231/1/231 167/1/167
f 167/1/167 231/1/231 232/1/232
f 167/1/167 232/1/232 168/1/168
f 168/1/168 232/1/232 233/1/233
f 168/1/168 233/1/233 169/1/169
f 169/1/169 233/1/233 234/1/234
f 169/1/169 234/1/234 170/1/170
f 170/1/170 234/1/234 235/1/235
f 170/1/170 235/1/235 171/1/171
f 171/1/171 235/1/235 236/1/236
f 171/1/171 236/1/236 172/1/172
f 172/1/172 236/1/236 237/1/237
f 172/1/172 237/1/237 173/1/173
f 173/1/173 237/1/237 238/1/238
f 173/1/173 238/1/238 174/1/174
f 174/1/174 238/1/238 239/1/239
f 174/1/174 239/1/239 175/1/175
f 175/1/175 239/1/239 240/1/240
f 175/1/175 240/1/240 176/1/176
f 176/1/176 240/1/240 241/1/241
f 176/1/176 241/1/241 177/1/177
f 177/1/177 241/1/241 242/1/242
f 177/1/177 242/1/242 178/1/178
f 178/1/178 242/1/242 243/1/243
f 178/1/178 243/1/243 179/1/179
f 179/1/179 243/1/243 244/1/244
f 179/1/179 244/1/244 180/1/180
f 180/1/180 244/1/244 245/1/245
f 180/1/180 245/1/245 181/1/181
f 181/1/181 245/1/245 246/1/246
f 181/1/181 246/1/246 182/1/182
f 182/1/182 246/1/246 247/1/247
f 182/1/182 247/1/247 183/1/183
f 183/1/183 247/1/247 248/1/248
f 183/1/183 248/1/248 184/1/184
f 184/1/184 248/1/248 249/1/249
f 184/1/184 249/1/249 185/1/185
f 185/1/185 249/1/249 250/1/250
f 185/1/185 250/1/250 186/1/186
f 186/1/186 250/1/250 251/1/251
f 186/1/186 251/1/251 187/1/187
f 187/1/187 251/1/251 252/1/252
f 187/1/187 252/1/252 188/1/188
f 188/1/188 252/1/252 253/1/253
f 188/1/188 253/1/253 189/1/189
f 189/1/189 253/1/253 254/1/254
f 189/1/189 254/1/254 190/1/190
f 190/1/190 254/1/254 255/1/255
f 190/1/190 255/1/255 191/1/191
f 191/1/191 255/1/255 256/1/256
f 191/1/191 256/1/256 192/1/192
f 192/1/192 256/1/256 193/1/193
f 192/1/192 193/1/193 129/1/129
f 193/1/193 257/1/257 258/1/258
f 193/1/193 258/1/258 194/1/194
f 194/1/194 258/1/258 259/1/259
f 194/1/194 259/1/259 195/1/195
f 195/1/195 259/1/259 260/1/260
f 195/1/195 260/1/260 196/1/196
f 196/1/196 260/1/260 261/1/261
f 196/1/196 261/1/261 197/1/197
f 197/1/197 261/1/261 262/1/262
f 197/1/197 262/1/262 198/1/198
f 198/1/198 262/1/262 263/1/263
f 198/1/198 263/1/263 199/1/199
f 199/1/199 263/1/263 264/1/264
f 199/1/199 264/1/264 200/1/200
f 200/1/200 264/1/264 265/1/265
f 200/1/200 265/1/265 201/1/201
f 201/1/201 265/1/265 266/1/266
f 201/1/201 266/1/266 202/1/202
f 202/1/202 266/1/266 267/1/267
f 202/1/202 267/1/267 203/1/203
f 203/1/203 267/1/267 268/1/268
f 203/1/203 268/1/268 204/1/204
f 204/1/204 268/1/268 269/1/269
f 204/1/204 269/1/269 205/1/205
f 205/1/205 269/1/269 270/1/270
f 205/1/205 270/1/270 206/1/206
f 206/1/206 270/1/270 271/1/271
f 206/1/206 271/1/271 207/1/207
f 207/1/207 271/1/271 272/1/272
f 207/1/207 272/1/272 208/1/208
f 208/1/208 272/1/272 273/1/273
f 208/1/208 273/1/273 209/1/209
f 209/1/209 273/1/273 274/1/274
f 209/1/209 274/1/274 210/1/210
f 210/1/210 274/1/274 275/1/275
f 210/1/210 275/1/275 211/1/211
f 211/1/211 275/1/275 276/1/276
f 211/1/211 276/1/276 212/1/212
f 212/1/212 276/1/276 277/1/277
f 212/1/212 277/1/277 213/1/213
f 213/1/213 277/1/277 278/1/278
f 213/1/213 278/1/278 214/1/214
f 214/1/214 278/1/278 279/1/279
f 214/1/214 279/1/279 215/1/215
f 215/1/215 279/1/279 280/1/280
f 215/1/215 280/1/280 216/1/216
f 216/1/216 280/1/280 281/1/281
f 216/1/216 281/1/281 217/1/217
f 217/1/217 281/1/281 282/1/282
f 217/1/217 282/1/282 218/1/218
f 218/1/218 282/1/282 283/1/283
f 218/1/218 283/1/283 219/1/219
f 219/1/219 283/1/283 284/1/284
f 219/1/219 284/1/284 220/1/220
f 220/1/220 284/1/284 285/1/285
f 220/1/220 285/1/285 221/1/221
f 221/1/221 285/1/285 286/1/286
f 221/1/221 286/1/286 222/1/222
f 222/1/222 286/1/286 287/1/287
f 222/1/222 287/1/287 223/1/223
f 223/1/223 287/1/287 288/1/288
f 223/1/223 288/1/288 224/1/224
f 224/1/224 288/1/288 289/1/289
f 224/1/224 289/1/289 225/1/225
f 225/1/225 289/1/289 290/1/290
f 225/1/225 290/1/290 226/1/226
f 226/1/226 290/1/290 291/1/291
f 226/1/226 291/1/291 227/1/227
f 227/1/227 291/1/291 292/1/292
f 227/1/227 292/1/292 228/1/228
f 228/1/228 292/1/292 293/1/293
f 228/1/228 293/1/293 229/1/229
f 229/1/229 293/1/293 294/1/294
f 229/1/229 294/1/294 230/1/230
f 230/1/230 294/1/294 295/1/295
f 230/1/230 295/1/295 231/1/231
f 231/1/231 295/1/295 296/1/296
f 231/1/231 296/1/296 232/1/232
f 232/1/232 296/1/296 297/1/297
f 232/1/232 297/1/297 233/1/233
f 233/1/233 297/1/297 298/1/298
f 233/1/233 298/1/298 234/1/234
f 234/1/234 298/1/298 299/1/299
f 234/1/234 299/1/299 235/1/235
f 235/1/235 299/1/299 300/1/300
f 235/1/235 300/1/300 236/1/236
f 236/1/236 300/1/300 301/1/301
f 236/1/236 301/1/301 237/1/237
f 237/1/237 301/1/301 302/1/302
f 237/1/237 302/1/302 238/1/238
f 238/1/238 302/1/302 303/1/303
f 238/1/238 303/1/303 239/1/239
f 239/1/239 303/1/303 304/1/304
f 239/1/239 304/1/304 240/1/240
f 240/1/240 304/1/304 305/1/305
f 240/1/240 305/1/305 241/1/241
f 241/1/241 305/1/305 306/1/306
f 241/1/241 306/1/306 242/1/242
f 242/1/242 306/1/306 307/1/307
f 242/1/242 307/1/307 243/1/243
f 243/1/243 307/1/307 308/1/308
f 243/1/243 308/1/308 244/1/244
f 244/1/244 308/1/308 309/1/309
f 244/1/244 309/1/309 245/1/245
f 245/1/245 309/1/309 310/1/310
f 245/1/245 310/1/310 246/1/246
f 246/1/246 310/1/310 311/1/311
f 246/1/246 311/1/311 247/1/247
f 247/1/247 311/1/311 312/1/312
f 247/1/247 312/1/312 248/1/248
f 248/1/248 312/1/312 313/1/313
f 248/1/248 313/1/313 249/1/249
f 249/1/249 313/1/313 314/1/314
f 249/1/249 314/1/314 250/1/250
f 250/1/250 314/1/314 315/1/315
f 250/1/250 315/1/315 251/1/251
f 251/1/251 315/1/315 316/1/316
f 251/1/251 316/1/316 252/1/252
f 252/1/252 316/1/316 317/1/317
f 252/1/252 317/1/317 253/1/253
f 253/1/253 317/1/317 318/1/318
f 253/1/253 318/1/318 254/1/254
f 254/1/254 318/1/318 319/1/319
f 254/1/254 319/1/319 255/1/255
f 255/1/255 319/1/319 320/1/320
f 255/1/255 320/1/320 256/1/256
f 256/1/256 320/1/320 257/1/257
f 256/1/256 257/1/257 193/1/193
f 257/1/257 321/1/321 322/1/322
f 257/1/257 322/1/322 258/1/258
f 258/1/258 322/1/322 323/1/323
f 258/1/258 323/1/323 259/1/259
f 259/1/259 323/1/323 324/1/324
f 259/1/259 324/1/324 260/1/260
f 260/1/260 324/1/324 325/1/325
f 260/1/260 325/1/325 261/1/261
f 261/1/261 325/1/325 326/1/326
f 261/1/261 326/1/326 262/1/262
f 262/1/262 326/1/326 327/1/327
f 262/1/262 327/1/327 263/1/263
f 263/1/263 327/1/327 328/1/328
f 263/1/263 328/1/328 264/1/264
f 264/1/264 328/1/328 329/1/329
f 264/1/264 329/1/329 265/1/265
f 265/1/265 329/1/329 330/1/330
f 265/1/265 330/1/330 266/1/266
f 266/1/266 330/1/330 331/1/331
f 266/1/266 331/1/331 267/1/267
f 267/1/267 331/1/331 332/1/332
f 267/1/267 332/1/332 268/1/268
f 268/1/268 332/1/332 333/1/333
f 268/1/268 333/1/333 269/1/269
f 269/1/269 333/1/333 334/1/334
f 269/1/269 334/1/334 270/1/270
f 270/1/270 334/1/334 335/1/335
f 270/1/270 335/1/335 271/1/271
f 271/1/271 335/1/335 336/1/336
f 271/1/271 336/1/336 272/1/272
f 272/1/272 336/1/336 337/1/337
f 272/1/272 337/1/337 273/1/273
f 273/1/273 337/1/337 338/1/338
f 273/1/273 338/1/338 274/1/274
f 274/1/274 338/1/338 339/1/339
f 274/1/274 339/1/339 275/1/275
f 275/1/275 339/1/339 340/1/340
f 275/1/275 340/1/340 276/1/276
f 276/1/276 340/1/340 341/1/341
f 276/1/276 341/1/341 277/1/277
f 277/1/277 341/1/341 342/1/342
f 277/1/277 342/1/342 278/1/278
f 278/1/278 342/1/342 343/1/343
f 278/1/278 343/1/343 279/1/279
f 279/1/279 343/1/343 344/1/344
f 279/1/279 344/1/344 280/1/280
f 280/1/280 344/1/344 345/1/345
f 280/1/280 345/1/345 281/1/281
f 281/1/281 345/1/345 346/1/346
f 281/1/281 346/1/346 282/1/282
f 282/1/282 346/1/346 347/1/347
f 282/1/282 347/1/347 283/1/283
f 283/1/283 347/1/347 348/1/348
f 283/1/283 348/1/348 284/1/284
f 284/1/284 348/1/348 349/1/349
f 284/1/284 349/1/349 285/1/285
f 285/1/285 349/1/349 350/1/350
f 285/1/285 350/1/350 286/1/286
f 286/1/286 350/1/350 351/1/351
f 286/1/286 351/1/351 287/1/287
f 287/1/287 351/1/351 352/1/352
f 287/1/287 352/1/352 288/1/288
f 288/1/288 352/1/352 353/1/353
f 288/1/288 353/1/353 289/1/289
f 289/1/289 353/1/353 354/1/354
f 289/1/289 354/1/354 290/1/290
f 290/1/290 354/1/354 355/1/355
f 290/1/290 355/1/355 291/1/291
f 291/1/291 355/1/355 356/1/356
f 291/1/291 356/1/356 292/1/292
f 292/1/292 356/1/356 357/1/357
f 292/1/292 357/1/357 293/1/293
f 293/1/293 357/1/357 358/1/358
f 293/1/293 358/1/358 294/1/294
f 294/1/294 358/1/358 359/1/359
f 294/1/294 359/1/359 295/1/295
f 295/1/295 359/1/359 360/1/360
f 295/1/295 360/1/360 296/1/296
f 296/1/296 360/1/360 361/1/361
f 296/1/296 361/1/361 297/1/297
f 297/1/297 361/1/361 362/1/362
f 297/1/297 362/1/362 298/1/298
f 298/1/298 362/1/362 363/1/363
f 298/1/298 363/1/363 299/1/299
f 299/1/299 363/1/363 364/1/364
f 299/1/299 364/1/364 300/1/300
f 300/1/300 364/1/364 365/1/365
f 300/1/300 365/1/365 301/1/301
f 301/1/301 365/1/365 366/1/366
f 301/1/301 366/1/366 302/1/302
f 302/1/302 366/1/366 367/1/367
f 302/1/302 367/1/367 303/1/303
f 303/1/303 367/1/367 368/1/368
f 303/1/303 368/1/368 304/1/304
f 304/1/304 368/1/368 369/1/369
f 304/1/304 369/1/369 305/1/305
f 305/1/305 369/1/369 370/1/370
f 305/1/305 370/1/370 306/1/306
f 306/1/306 370/1/370 371/1/371
f 306/1/306 371/1/371 307/1/307
f 307/1/307 371/1/371 372/1/372
f 307/1/307 372/1/372 308/1/308
f 308/1/308 372/1/372 373/1/373
f 308/1/308 373/1/373 309/1/309
f 309/1/309 373/1/373 374/1/374
f 309/1/309 374/1/374 310/1/310
f 310/1/310 374/1/374 375/1/375
f 310/1/310 375/1/375 311/1/311
f 311/1/311 375/1/375 376/1/376
f 311/1/311 376/1/376 312/1/312
f 312/1/312 376/1/376 377/1/377
f 312/1/312 377/1/377 313/1/313
f 313/1/313 377/1/377 378/1/378
f 313/1/313 378/1/378 314/1/314
f 314/1/314 378/1/378 379/1/379
f 314/1/314 379/1/379 315/1/315
f 315/1/315 379/1/379 380/1/380
f 315/1/315 380/1/380 316/1/316
f 316/1/316 380/1/380 381/1/381
f 316/1/316 381/1/381 317/1/317
f 317/1/317 381/1/381 382/1/382
f 317/1/317 382/1/382 318/1/318
f 318/1/318 382/1/382 383/1/383
f 318/1/318 383/1/383 319/1/319
f 319/1/319 383/1/383 384/1/384
f 319/1/319 384/1/384 320/1/320
f 320/1/320 384/1/384 321/1/321
f 320/1/320 321/1/321 257/1/257
f 321/1/321 385/1/385 386/1/386
f 321/1/321 386/1/386 322/1/322
f 322/1/322 386/1/386 387/1/387
f 322/1/322 387/1/387 323/1/323
f 323/1/323 387/1/387 388/1/388
f 323/1/323 388/1/388 324/1/324
f 324/1/324 388/1/388 389/1/389
f 324/1/324 389/1/389 325/1/325
f 325/1/325 389/1/389 390/1/390
f 325/1/325 390/1/390 326/1/326
f 326/1/326 390/1/390 391/1/391
f 326/1/326 391/1/391 327/1/327
f 327/1/327 391/1/391 392/1/392
f 327/1/327 392/1/392 328/1/328
f 328/1/328 392/1/392 393/1/393
f 328/1/328 393/1/393 329/1/329
f 329/1/329 393/1/393 394/1/394
f 329/1/329 394/1/394 330/1/330
f 330/1/330 394/1/394 395/1/395
f 330/1/330 395/1/395 331/1/331
f 331/1/331 395/1/395 396/1/396
f 331/1/331 396/1/396 332/1/332
f 332/1/332 396/1/396 397/1/397
f 332/1/332 397/1/397 333/1/333
f 333/1/333 397/1/397 398/1/398
f 333/1/333 398/1/398 334/1/334
f 334/1/334 398/1/398 399/1/399
f 334/1/334 399/1/399 335/1/335
f 335/1/335 399/1/399 400/1/400
f 335/1/335 400/1/400 336/1/336
f 336/1/336 400/1/400 401/1/401
f 336/1/336 401/1/401 337/1/337
f 337/1/337 401/1/401 402/1/402
f 337/1/337 402/1/402 338/1/338
f 338/1/338 402/1/402 403/1/403
f 338/1/338 403/1/403 339/1/339
f 339/1/339 403/1/403 404/1/404
f 339/1/339 404/1/404 340/1/340
f 340/1/340 404/1/404 405/1/405
f 340/1/340 405/1/405 341/1/341
f 341/1/341 405/1/405 406/1/406
f 341/1/341 406/1/406 342/1/342
f 342/1/342 406/1/406 407/1/407
f 342/1/342 407/1/407 343/1/343
f 343/1/343 407/1/407 408/1/408
f 343/1/343 408/1/408 344/1/344
f 344/1/344 408/1/408 409/1/409
f 344/1/344 409/1/409 345/1/345
f 345/1/345 409/1/409 410/1/410
f 345/1/345 410/1/410 346/1/346
f 346/1/346 410/1/410 411/1/411
f 346/1/346 411/1/411 347/1/347
f 347/1/347 411/1/411 412/1/412
f 347/1/347 412/1/412 348/1/348
f 348/1/348 412/1/412 413/1/413
f 348/1/348 413/1/413 349/1/349
f 349/1/349 413/1/413 414/1/414
f 349/1/349 414/1/414 350/1/350
f 350/1/350 414/1/414 415/1/415
f 350/1/350 415/1/415 351/1/351
f 351/1/351 415/1/415 416/1/416
f 351/1/351 416/1/416 352/1/352
f 352/1/352 416/1/416 417/1/417
f 352/1/352 417/1/417 353/1/353
f 353/1/353 417/1/417 418/1/418
f 353/1/353 418/1/418 354/1/354
f 354/1/354 418/1/418 419/1/419
f 354/1/354 419/1/419 355/1/355
f 355/1/355 419/1/419 420/1/420
f 355/1/355 420/1/420 356/1/356
f 356/1/356 420/1/420 421/1/421
f 356/1/356 421/1/421 357/1/357
f 357/1/357 421/1/421 422/1/422
f 357/1/357 422/1/422 358/1/358
f 358/1/358 422/1/422 423/1/423
f 358/1/358 423/1/423 359/1/359
f 359/1/359 423/1/423 424/1/424
f 359/1/359 424/1/424 360/1/360
f 360/1/360 424/1/424 425/1/425
f 360/1/360 425/1/425 361/1/361
f 361/1/361 425/1/425 426/1/426
f 361/1/361 426/1/426 362/1/362
f 362/1/362 426/1/426 427/1/427
f 362/1/362 427/1/427 363/1/363
f 363/1/363 427/1/427 428/1/428
f 363/1/363 428/1/428 364/1/364
f 364/1/364 428/1/428 429/1/429
f 364/1/364 429/1/429 365/1/365
f 365/1/365 429/1/429 430/1/430
f 365/1/365 430/1/430 366/1/366
f 366/1/366 430/1/430 431/1/431
f 366/1/366 431/1/431 367/1/367
f 367/1/367 431/1/431 432/1/432
f 367/1/367 432/1/432 368/1/368
f 368/1/368 432/1/432 433/1/433
f 368/1/368 433/1/433 369/1/369
f 369/1/369 433/1/433 434/1/434
f 369/1/369 434/1/434 370/1/370
f 370/1/370 434/1/434 435/1/435
f 370/1/370 435/1/435 371/1/371
f 371/1/371 435/1/435 436/1/436
f 371/1/371 436/1/436 372/1/372
f 372/1/372 436/1/436 437/1/437
f 372/1/372 437/1/437 373/1/373
f 373/1/373 437/1/437 438/1/438
f 373/1/373 438/1/438 374/1/374
f 374/1/374 438/1/438 439/1/439
f 374/1/374 439/1/439 375/1/375
f 375/1/375 439/1/439 440/1/440
f 375/1/375 440/1/440 376/1/376
f 376/1/376 440/1/440 441/1/441
f 376/1/376 441/1/441 377/1/377
f 377/1/377 441/1/441 442/1/442
f 377/1/377 442/1/442 378/1/378
f 378/1/378 442/1/442 443/1/443
f 378/1/378 443/1/443 379/1/379
f 379/1/379 443/1/443 444/1/444
f 379/1/379 444/1/444 380/1/380
f 380/1/380 444/1/444 445/1/445
f 380/1/380 445/1/445 381/1/381
f 381/1/381 445/1/445 446/1/446
f 381/1/381 446/1/446 382/1/382
f 382/1/382 446/1/446 447/1/447
f 382/1/382 447/1/447 383/1/383
f 383/1/383 447/1/447 448/1/448
f 383/1/383 448/1/448 384/1/384
f 384/1/384 448/1/448 385/1/385
f 384/1/384 385/1/385 321/1/321
f 385/1/385 449/1/449 450/1/450
f 385/1/385 450/1/450 386/1/386
f 386/1/386 450/1/450 451/1/451
f 386/1/386 451/1/451 387/1/387
f 387/1/387 451/1/451 452/1/452
f 387/1/387 452/1/452 388/1/388
f 388/1/388 452/1/452 453/1/453
f 388/1/388 453/1/453 389/1/389
f 389/1/389 453/1/453 454/1/454
f 389/1/389 454/1/454 390/1/390
f 390/1/390 454/1/454 455/1/455
f 390/1/390 455/1/455 391/1/391
f 391/1/391 455/1/455 456/1/456
f 391/1/391 456/1/456 392/1/392
f 392/1/392 456/1/456 457/1/457
f 392/1/392 457/1/457 393/1/393
f 393/1/393 457/1/457 458/1/458
f 393/1/393 458/1/458 394/1/394
f 394/1/394 458/1/458 459/1/459
f 394/1/394 459/1/459 395/1/395
f 395/1/395 459/1/459 460/1/460
f 395/1/395 460/1/460 396/1/396
f 396/1/396 460/1/460 461/1/461
f 396/1/396 461/1/461 397/1/397
f 397/1/397 461/1/461 462/1/462
f 397/1/397 462/1/462 398/1/398
f 398/1/398 462/1/462 463/1/463
f 398/1/398 463/1/463 399/1/399
f 399/1/399 463/1/463 464/1/464
f 399/1/399 464/1/464 400/1/400
f 400/1/400 464/1/464 465/1/465
f 400/1/400 465/1/465 401/1/401
f 401/1/401 465/1/465 466/1/466
f 401/1/401 466/1/466 402/1/402
f 402/1/402 466/1/466 467/1/467
f 402/1/402 467/1/467 403/1/403
f 403/1/403 467/1/467 468/1/468
f 403/1/403 468/1/468 404/1/404
f 404/1/404 468/1/468 469/1/469
f 404/1/404 469/1/469 405/1/405
f 405/1/405 469/1/469 470/1/470
f 405/1/405 470/1/470 406/1/406
f 406/1/406 470/1/470 471/1/471
f 406/1/406 471/1/471 407/1/407
f 407/1/407 471/1/471 472/1/472
f 407/1/407 472/1/472 408/1/408
f 408/1/408 472/1/472 473/1/473
f 408/1/408 473/1/473 409/1/409
f 409/1/409 473/1/473 474/1/474
f 409/1/409 474/1/474 410/1/410
f 410/1/410 474/1/474 475/1/475
f 410/1/410 475/1/475 411/1/411
f 411/1/411 475/1/475 476/1/476
f 411/1/411 476/1/476 412/1/412
f 412/1/412 476/1/476 477/1/477
f 412/1/412 477/1/477 413/1/413
f 413/1/413 477/1/477 478/1/478
f 413/1/413 478/1/478 414/1/414
f 414/1/414 478/1/478 479/1/479
f 414/1/414 479/1/479 415/1/415
f 415/1/415 479/1/479 480/1/480
f 415/1/415 480/1/480 416/1/416
f 416/1/416 480/1/480 481/1/481
f 416/1/416 481/1/481 417/1/417
f 417/1/417 481/1/481 482/1/482
f 417/1/417 482/1/482 418/1/418
f 418/1/418 482/1/482 483/1/483
f 418/1/418 483/1/483 419/1/419
f 419/1/419 483/1/483 484/1/484
f 419/1/419 484/1/484 420/1/420
f 420/1/420 484/1/484 485/1/485
f 420/1/420 485/1/485 421/1/421
f 421/1/421 485/1/485 486/1/486
f 421/1/421 486/1/486 422/1/422
f 422/1/422 486/1/486 487/1/487
f 422/1/422 487/1/487 423/1/423
f 423/1/423 487/1/487 488/1/488
f 423/1/423 488/1/488 424/1/424
f 424/1/424 488/1/488 489/1/489
f 424/1/424 489/1/489 425/1/425
f 425/1/425 489/1/489 490/1/490
f 425/1/425 490/1/490 426/1/426
f 426/1/426 490/1/490 491/1/491
f 426/1/426 491/1/491 427/1/427
f 427/1/427 491/1/491 492/1/492
f 427/1/427 492/1/492 428/1/428
f 428/1/428 492/1/492 493/1/493
f 428/1/428 493/1/493 429/1/429
f 429/1/429 493/1/493 494/1/494
f 429/1/429 494/1/494 430/1/430
f 430/1/430 494/1/494 495/1/495
f 430/1/430 495/1/495 431/1/431
f 431/1/431 495/1/495 496/1/496
f 431/1/431 496/1/496 432/1/432
f 432/1/432 496/1/496 497/1/497
f 432/1/432 497/1/497 433/1/433
f 433/1/433 497/1/497 498/1/498
f 433/1/433 498/1/498 434/1/434
f 434/1/434 498/1/498 499/1/499
f 434/1/434 499/1/499 435/1/435
f 435/1/435 499/1/499 500/1/500
f 435/1/435 500/1/500 436/1/436
f 436/1/436 500/1/500 501/1/501
f 436/1/436 501/1/501 437/1/437
f 437/1/437 501/1/501 502/1/502
f 437/1/437 502/1/502 438/1/438
f 438/1/438 502/1/502 503/1/503
f 438/1/438 503/1/503 439/1/439
f 439/1/439 503/1/503 504/1/504
f 439/1/439 504/1/504 440/1/440
f 440/1/440 504/1/504 505/1/505
f 440/1/440 505/1/505 441/1/441
f 441/1/441 505/1/505 506/1/506
f 441/1/441 506/1/506 442/1/442
f 442/1/442 506/1/506 507/1/507
f 442/1/442 507/1/507 443/1/443
f 443/1/443 507/1/507 508/1/508
f 443/1/443 508/1/508 444/1/444
f 444/1/444 508/1/508 509/1/509
f 444/1/444 509/1/509 445/1/445
f 445/1/445 509/1/509 510/1/510
f 445/1/445 510/1/510 446/1/446
f 446/1/446 510/1/510 511/1/511
f 446/1/446 511/1/511 447/1/447
f 447/1/447 511/1/511 512/1/512
f 447/1/447 512/1/512 448/1/448
f 448/1/448 512/1/512 449/1/449
f 448/1/448 449/1/449 385/1/385
f 449/1/449 513/1/513 514/1/514
f 449/1/449 514/1/514 450/1/450
f 450/1/450 514/1/514 515/1/515
f 450/1/450 515/1/515 451/1/451
f 451/1/451 515/1/515 516/1/516
f 451/1/451 516/1/516 452/1/452
f 452/1/452 516/1/516 517/1/517
f 452/1/452 517/1/517 453/1/453
f 453/1/453 517/1/517 518/1/518
f 453/1/453 518/1/518 454/1/454
f 454/1/454 518/1/518 519/1/519
f 454/1/454 519/1/519 455/1/455
f 455/1/455 519/1/519 520/1/520
f 455/1/455 520/1/520 456/1/456
f 456/1/456 520/1/520 521/1/521
f 456/1/456 521/1/521 457/1/457
f 457/1/457 521/1/521 522/1/522
f 457/1/457 522/1/522 458/1/458
f 458/1/458 522/1/522 523/1/523
f 458/1/458 523/1/523 459/1/459
f 459/1/459 523/1/523 524/1/524
f 459/1/459 524/1/524 460/1/460
f 460/1/460 524/1/524 525/1/525
f 460/1/460 525/1/525 461/1/461
f 461/1/461 525/1/525 526/1/526
f 461/1/461 526/1/526 462/1/462
f 462/1/462 526/1/526 527/1/527
f 462/1/462 527/1/527 463/1/463
f 463/1/463 527/1/527 528/1/528
f 463/1/463 528/1/528 464/1/464
f 464/1/464 528/1/528 529/1/529
f 464/1/464 529/1/529 465/1/465
f 465/1/465 529/1/529 530/1/530
f 465/1/465 530/1/530 466/1/466
f 466/1/466 530/1/530 531/1/531
f 466/1/466 531/1/531 467/1/467
f 467/1/467 531/1/531 532/1/532
f 467/1/467 532/1/532 468/1/468
f 468/1/468 532/1/532 533/1/533
f 468/1/468 533/1/533 469/1/469
f 469/1/469 533/1/533 534/1/534
f 469/1/469 534/1/534 470/1/470
f 470/1/470 534/1/534 535/1/535
f 470/1/470 535/1/535 471/1/471
f 471/1/471 535/1/535 536/1/536
f 471/1/471 536/1/536 472/1/472
f 472/1/472 536/1/536 537/1/537
f 472/1/472 537/1/537 473/1/473
f 473/1/473 537/1/537 538/1/538
f 473/1/473 538/1/538 474/1/474
f 474/1/474 538/1/538 539/1/539
f 474/1/474 539/1/539 475/1/475
f 475/1/475 539/1/539 540/1/540
f 475/1/475 540/1/540 476/1/476
f 476/1/476 540/1/540 541/1/541
f 476/1/476 541/1/541 477/1/477
f 477/1/477 541/1/541 542/1/542
f 477/1/477 542/1/542 478/1/478
f 478/1/478 542/1/542 543/1/543
f 478/1/478 543/1/543 479/1/479
f 479/1/479 543/1/543 544/1/544
f 479/1/479 544/1/544 480/1/480
f 480/1/480 544/1/544 545/1/545
f 480/1/480 545/1/545 481/1/481
f 481/1/481 545/1/545 546/1/546
f 481/1/481 546/1/546 482/1/482
f 482/1/482 546/1/546 547/1/547
f 482/1/482 547/1/547 483/1/483
f 483/1/483 547/1/547 548/1/548
f 483/1/483 548/1/548 484/1/484
f 484/1/484 548/1/548 549/1/549
f 484/1/484 549/1/549 485/1/485
f 485/1/485 549/1/549 550/1/550
f 485/1/485 550/1/550 486/1/486
f 486/1/486 550/1/550 551/1/551
f 486/1/486 551/1/551 487/1/487
f 487/1/487 551/1/551 552/1/552
f 487/1/487 552/1/552 488/1/488
f 488/1/488 552/1/552 553/1/553
f 488/1/488 553/1/553 489/1/489
f 489/1/489 553/1/553 554/1/554
f 489/1/489 554/1/554 490/1/490
f 490/1/490 554/1/554 555/1/555
f 490/1/490 555/1/555 491/1/491
f 491/1/491 555/1/555 556/1/556
f 491/1/491 556/1/556 492/1/492
f 492/1/492 556/1/556 557/1/557
f 492/1/492 557/1/557 493/1/493
f 493/1/493 557/1/557 558/1/558
f 493/1/493 558/1/558 494/1/494
f 494/1/494 558/1/558 559/1/559
f 494/1/494 559/1/559 495/1/495
f 495/1/495 559/1/559 560/1/560
f 495/1/495 560/1/560 496/1/496
f 496/1/496 560/1/560 561/1/561
f 496/1/496 561/1/561 497/1/497
f 497/1/497 561/1/561 562/1/562
f 497/1/497 562/1/562 498/1/498
f 498/1/498 562/1/562 563/1/563
f 498/1/498 563/1/563 499/1/499
f 499/1/499 563/1/563 564/1/564
f 499/1/499 564/1/564 500/1/500
f 500/1/500 564/1/564 565/1/565
f 500/1/500 565/1/565 501/1/501
f 501/1/501 565/1/565 566/1/566
f 501/1/501 566/1/566 502/1/502
f 502/1/502 566/1/566 567/1/567
f 502/1/502 567/1/567 503/1/503
f 503/1/503 567/1/567 568/1/568
f 503/1/503 568/1/568 504/1/504
f 504/1/504 568/1/568 569/1/569
f 504/1/504 569/1/569 505/1/505
f 505/1/505 569/1/569 570/1/570
f 505/1/505 570/1/570 506/1/506
f 506/1/506 570/1/570 571/1/571
f 506/1/506 571/1/571 507/1/507
f 507/1/507 571/1/571 572/1/572
f 507/1/507 572/1/572 508/1/508
f 508/1/508 572/1/572 573/1/573
f 508/1/508 573/1/573 509/1/509
f 509/1/509 573/1/573 574/1/574
f 509/1/509 574/1/574 510/1/510
f 510/1/510 574/1/574 575/1/575
f 510/1/510 575/1/575 511/1/511
f 511/1/511 575/1/575 576/1/576
f 511/1/511 576/1/576 512/1/512
f 512/1/512 576/1/576 513/1/513
f 512/1/512 513/1/513 449/1/449
f 513/1/513 577/1/577 578/1/578
f 513/1/513 578/1/578 514/1/514
f 514/1/514 578/1/578 579/1/579
f 514/1/514 579/1/579 515/1/515
f 515/1/515 579/1/579 580/1/580
f 515/1/515 580/1/580 516/1/516
f 516/1/516 580/1/580 581/1/581
f 516/1/516 581/1/581 517/1/517
f 517/1/517 581/1/581 582/1/582
f 517/1/517 582/1/582 518/1/518
f 518/1/518 582/1/582 583/1/583
f 518/1/518 583/1/583 519/1/519
f 519/1/519 583/1/583 584/1/584
f 519/1/519 584/1/584 520/1/520
f 520/1/520 584/1/584 585/1/585
f 520/1/520 585/1/585 521/1/521
f 521/1/521 585/1/585 586/1/586
f 521/1/521 586/1/586 522/1/522
f 522/1/522 586/1/586 587/1/587
f 522/1/522 587/1/587 523/1/523
f 523/1/523 587/1/587 588/1/588
f 523/1/523 588/1/588 524/1/524
f 524/1/524 588/1/588 589/1/589
f 524/1/524 589/1/589 525/1/525
f 525/1/525 589/1/589 590/1/590
f 525/1/525 590/1/590 526/1/526
f 526/1/526 590/1/590 591/1/591
f 526/1/526 591/1/591 527/1/527
f 527/1/527 591/1/591 592/1/592
f 527/1/527 592/1/592 528/1/528
f 528/1/528 592/1/592 593/1/593
f 528/1/528 593/1/593 529/1/529
f 529/1/529 593/1/593 594/1/594
f 529/1/529 594/1/594 530/1/530
f 530/1/530 594/1/594 595/1/595
f 530/1/530 595/1/595 531/1/531
f 531/1/531 595/1/595 596/1/596
f 531/1/531 596/1/596 532/1/532
f 532/1/532 596/1/596 597/1/597
f 532/1/532 597/1/597 533/1/533
f 533/1/533 597/1/597 598/1/598
f 533/1/533 598/1/598 534/1/534
f 534/1/534 598/1/598 599/1/599
f 534/1/534 599/1/599 535/1/535
f 535/1/535 599/1/599 600/1/600
f 535/1/535 600/1/600 536/1/536
f 536/1/536 600/1/600 601/1/601
f 536/1/536 601/1/601 537/1/537
f 537/1/537 601/1/601 602/1/602
f 537/1/537 602/1/602 538/1/538
f 538/1/538 602/1/602 603/1/603
f 538/1/538 603/1/603 539/1/539
f 539/1/539 603/1/603 604/1/604
f 539/1/539 604/1/604 540/1/540
f 540/1/540 604/1/604 605/1/605
f 540/1/540 605/1/605 541/1/541
f 541/1/541 605/1/605 606/1/606
f 541/1/541 606/1/606 542/1/542
f 542/1/542 606/1/606 607/1/607
f 542/1/542 607/1/607 543/1/543
f 543/1/543 607/1/607 608/1/608
f 543/1/543 608/1/608 544/1/544
f 544/1/544 608/1/608 609/1/609
f 544/1/544 609/1/609 545/1/545
f 545/1/545 609/1/609 610/1/610
f 545/1/545 610/1/610 546/1/546
f 546/1/546 610/1/610 611/1/611
f 546/1/546 611/1/611 547/1/547
f 547/1/547 611/1/611 612/1/612
f 547/1/547 612/1/612 548/1/548
f 548/1/548 612/1/612 613/1/613
f 548/1/548 613/1/613 549/1/549
f 549/1/549 613/1/613 614/1/614
f 549/1/549 614/1/614 550/1/550
f 550/1/550 614/1/614 615/1/615
f 550/1/550 615/1/615 551/1/551
f 551/1/551 615/1/615 616/1/616
f 551/1/551 616/1/616 552/1/552
f 552/1/552 616/1/616 617/1/617
f 552/1/552 617/1/617 553/1/553
f 553/1/553 617/1/617 618/1/618
f 553/1/553 618/1/618 554/1/554
f 554/1/554 618/1/618 619/1/619
f 554/1/554 619/1/619 555/1/555
f 555/1/555 619/1/619 620/1/620
f 555/1/555 620/1/620 556/1/556
f 556/1/556 620/1/620 621/1/621
f 556/1/556 621/1/621 557/1/557
f 557/1/557 621/1/621 622/1/622
f 557/1/557 622/1/622 558/1/558
f 558/1/558 622/1/622 623/1/623
f 558/1/558 623/1/623 559/1/559
f 559/1/559 623/1/623 624/1/624
f 559/1/559 624/1/624 560/1/560
f 560/1/560 624/1/624 625/1/625
f 560/1/560 625/1/625 561/1/561
f 561/1/561 625/1/625 626/1/626
f 561/1/561 626/1/626 562/1/562
f 562/1/562 626/1/626 627/1/627
f 562/1/562 627/1/627 563/1/563
f 563/1/563 627/1/627 628/1/628
f 563/1/563 628/1/628 564/1/564
f 564/1/564 628/1/628 629/1/629
f 564/1/564 629/1/629 565/1/565
f 565/1/565 629/1/629 630/1/630
f 565/1/565 630/1/630 566/1/566
f 566/1/566 630/1/630 631/1/631
f 566/1/566 631/1/631 567/1/567
f 567/1/567 631/1/631 632/1/632
f 567/1/567 632/1/632 568/1/568
f 568/1/568 632/1/632 633/1/633
f 568/1/568 633/1/633 569/1/569
f 569/1/569 633/1/633 634/1/634
f 569/1/569 634/1/634 570/1/570
f 570/1/570 634/1/634 635/1/635
f 570/1/570 635/1/635 571/1/571
f 571/1/571 635/1/635 636/1/636
f 571/1/571 636/1/636 572/1/572
f 572/1/572 636/1/636 637/1/637
f 572/1/572 637/1/637 573/1/573
f 573/1/573 637/1/637 638/1/638
f 573/1/573 638/1/638 574/1/574
f 574/1/574 638/1/638 639/1/639
f 574/1/574 639/1/639 575/1/575
f 575/1/575 639/1/639 640/1/640
f 575/1/575 640/1/640 576/1/576
f 576/1/576 640/1/640 577/1/577
f 576/1/576 577/1/577 513/1/513
f 577/1/577 641/1/641 642/1/642
f 577/1/577 642/1/642 578/1/578
f 578/1/578 642/1/642 643/1/643
f 578/1/578 643/1/643 579/1/579
f 579/1/579 643/1/643 644/1/644
f 579/1/579 644/1/644 580/1/580
f 580/1/580 644/1/644 645/1/645
f 580/1/580 645/1/645 581/1/581
f 581/1/581 645/1/645 646/1/646
f 581/1/581 646/1/646 582/1/582
f 582/1/582 646/1/646 647/1/647
f 582/1/582 647/1/647 583/1/583
f 583/1/583 647/1/647 648/1/648
f 583/1/583 648/1/648 584/1/584
f 584/1/584 648/1/648 649/1/649
f 584/1/584 649/1/649 585/1/585
f 585/1/585 649/1/649 650/1/650
f 585/1/585 650/1/650 586/1/586
f 586/1/586 650/1/650 651/1/651
f 586/1/586 651/1/651 587/1/587
f 587/1/587 651/1/651 652/1/652
f 587/1/587 652/1/652 588/1/588
f 588/1/588 652/1/652 653/1/653
f 588/1/588 653/1/653 589/1/589
f 589/1/589 653/1/653 654/1/654
f 589/1/589 654/1/654 590/1/590
f 590/1/590 654/1/654 655/1/655
f 590/1/590 655/1/655 591/1/591
f 591/1/591 655/1/655 656/1/656
f 591/1/591 656/1/656 592/1/592
f 592/1/592 656/1/656 657/1/657
f 592/1/592 657/1/657 593/1/593
f 593/1/593 657/1/657 658/1/658
f 593/1/593 658/1/658 594/1/594
f 594/1/594 658/1/658 659/1/659
f 594/1/594 659/1/659 595/1/595
f 595/1/595 659/1/659 660/1/660
f 595/1/595 660/1/660 596/1/596
f 596/1/596 660/1/660 661/1/661
f 596/1/596 661/1/661 597/1/597
f 597/1/597 661/1/661 662/1/662
f 597/1/597 662/1/662 598/1/598
f 598/1/598 662/1/662 663/1/663
f 598/1/598 663/1/663 599/1/599
f 599/1/599 663/1/663 664/1/664
f 599/1/599 664/1/664 600/1/600
f 600/1/600 664/1/664 665/1/665
f 600/1/600 665/1/665 601/1/601
f 601/1/601 665/1/665 666/1/666
f 601/1/601 666/1/666 602/1/602
f 602/1/602 666/1/666 667/1/667
f 602/1/602 667/1/667 603/1/603
f 603/1/603 667/1/667 668/1/668
f 603/1/603 668/1/668 604/1/604
f 604/1/604 668/1/668 669/1/669
f 604/1/604 669/1/669 605/1/605
f 605/1/605 669/1/669 670/1/670
f 605/1/605 670/1/670 606/1/606
f 606/1/606 670/1/670 671/1/671
f 606/1/606 671/1/671 607/1/607
f 607/1/607 671/1/671 672/1/672
f 607/1/607 672/1/672 608/1/608
f 608/1/608 672/1/672 673/1/673
f 608/1/608 673/1/673 609/1/609
f 609/1/609 673/1/673 674/1/674
f 609/1/609 674/1/674 610/1/610
f 610/1/610 674/1/674 675/1/675
f 610/1/610 675/1/675 611/1/611
f 611/1/611 675/1/675 676/1/676
f 611/1/611 676/1/676 612/1/612
f 612/1/612 676/1/676 677/1/677
f 612/1/612 677/1/677 613/1/613
f 613/1/613 677/1/677 678/1/678
f 613/1/613 678/1/678 614/1/614
f 614/1/614 678/1/678 679/1/679
f 614/1/614 679/1/679 615/1/615
f 615/1/615 679/1/679 680/1/680
f 615/1/615 680/1/680 616/1/616
f 616/1/616 680/1/680 681/1/681
f 616/1/616 681/1/681 617/1/617
f 617/1/617 681/1/681 682/1/682
f 617/1/617 682/1/682 618/1/618
f 618/1/618 682/1/682 683/1/683
f 618/1/618 683/1/683 619/1/619
f 619/1/619 683/1/683 684/1/684
f 619/1/619 684/1/684 620/1/620
f 620/1/620 684/1/684 685/1/685
f 620/1/620 685/1/685 621/1/621
f 621/1/621 685/1/685 686/1/686
f 621/1/621 686/1/686 622/1/622
f 622/1/622 686/1/686 687/1/687
f 622/1/622 687/1/687 623/1/623
f 623/1/623 687/1/687 688/1/688
f 623/1/623 688/1/688 624/1/624
f 624/1/624 688/1/688 689/1/689
f 624/1/624 689/1/689 625/1/625
f 625/1/625 689/1/689 690/1/690
f 625/1/625 690/1/690 626/1/626
f 626/1/626 690/1/690 691/1/691
f 626/1/626 691/1/691 627/1/627
f 627/1/627 691/1/691 692/1/692
f 627/1/627 692/1/692 628/1/628
f 628/1/628 692/1/692 693/1/693
f 628/1/628 693/1/693 629/1/629
f 629/1/629 693/1/693 694/1/694
f 629/1/629 694/1/694 630/1/630
f 630/1/630 694/1/694 695/1/695
f 630/1/630 695/1/695 631/1/631
f 631/1/631 695/1/695 696/1/696
f 631/1/631 696/1/696 632/1/632
f 632/1/632 696/1/696 697/1/697
f 632/1/632 697/1/697 633/1/633
f 633/1/633 697/1/697 698/1/698
f 633/1/633 698/1/698 634/1/634
f 634/1/634 698/1/698 699/1/699
f 634/1/634 699/1/699 635/1/635
f 635/1/635 699/1/699 700/1/700
f 635/1/635 700/1/700 636/1/636
f 636/1/636 700/1/700 701/1/701
f 636/1/636 701/1/701 637/1/637
f 637/1/637 701/1/701 702/1/702
f 637/1/637 702/1/702 638/1/638
f 638/1/638 702/1/702 703/1/703
f 638/1/638 703/1/703 639/1/639
f 639/1/639 703/1/703 704/1/704
f 639/1/639 704/1/704 640/1/640
f 640/1/640 704/1/704 641/1/641
f 640/1/640 641/1/641 577/1/577
f 641/1/641 705/1/705 706/1/706
f 641/1/641 706/1/706 642/1/642
f 642/1/642 706/1/706 707/1/707
f 642/1/642 707/1/707 643/1/643
f 643/1/643 707/1/707 708/1/708
f 643/1/643 708/1/708 644/1/644
f 644/1/644 708/1/708 709/1/709
f 644/1/644 709/1/709 645/1/645
f 645/1/645 709/1/709 710/1/710
f 645/1/645 710/1/710 646/1/646
f 646/1/646 710/1/710 711/1/711
f 646/1/646 711/1/711 647/1/647
f 647/1/647 711/1/711 712/1/712
f 647/1/647 712/1/712 648/1/648
f 648/1/648 712/1/712 713/1/713
f 648/1/648 713/1/713 649/1/649
f 649/1/649 713/1/713 714/1/714
f 649/1/649 714/1/714 650/1/650
f 650/1/650 714/1/714 715/1/715
f 650/1/650 715/1/715 651/1/651
f 651/1/651 715/1/715 716/1/716
f 651/1/651 716/1/716 652/1/652
f 652/1/652 716/1/716 717/1/717
f 652/1/652 717/1/717 653/1/653
f 653/1/653 717/1/717 718/1/718
f 653/1/653 718/1/718 654/1/654
f 654/1/654 718/1/718 719/1/719
f 654/1/654 719/1/719 655/1/655
f 655/1/655 719/1/719 720/1/720
f 655/1/655 720/1/720 656/1/656
f 656/1/656 720/1/720 721/1/721
f 656/1/656 721/1/721 657/1/657
f 657/1/657 721/1/721 722/1/722
f 657/1/657 722/1/722 658/1/658
f 658/1/658 722/1/722 723/1/723
f 658/1/658 723/1/723 659/1/659
f 659/1/659 723/1/723 724/1/724
f 659/1/659 724/1/724 660/1/660
f 660/1/660 724/1/724 725/1/725
f 660/1/660 725/1/725 661/1/661
f 661/1/661 725/1/725 726/1/726
f 661/1/661 726/1/726 662/1/662
f 662/1/662 726/1/726 727/1/727
f 662/1/662 727/1/727 663/1/663
f 663/1/663 727/1/727 728/1/728
f 663/1/663 728/1/728 664/1/664
f 664/1/664 728/1/728 729/1/729
f 664/1/664 729/1/729 665/1/665
f 665/1/665 729/1/729 730/1/730
f 665/1/665 730/1/730 666/1/666
f 666/1/666 730/1/730 731/1/731
f 666/1/666 731/1/731 667/1/667
f 667/1/667 731/1/731 732/1/732
f 667/1/667 732/1/732 668/1/668
f 668/1/668 732/1/732 733/1/733
f 668/1/668 733/1/733 669/1/669
f 669/1/669 733/1/733 734/1/734
f 669/1/669 734/1/734 670/1/670
f 670/1/670 734/1/734 735/1/735
f 670/1/670 735/1/735 671/1/671
f 671/1/671 735/1/735 736/1/736
f 671/1/671 736/1/736 672/1/672
f 672/1/672 736/1/736 737/1/737
f 672/1/672 737/1/737 673/1/673
f 673/1/673 737/1/737 738/1/738
f 673/1/673 738/1/738 674/1/674
f 674/1/674 738/1/738 739/1/739
f 674/1/674 739/1/739 675/1/675
f 675/1/675 739/1/739 740/1/740
f 675/1/675 740/1/740 676/1/676
f 676/1/676 740/1/740 741/1/741
f 676/1/676 741/1/741 677/1/677
f 677/1/677 741/1/741 742/1/742
f 677/1/677 742/1/742 678/1/678
f 678/1/678 742/1/742 743/1/743
f 678/1/678 743/1/743 679/1/679
f 679/1/679 743/1/743 744/1/744
f 679/1/679 744/1/744 680/1/680
f 680/1/680 744/1/744 745/1/745
f 680/1/680 745/1/745 681/1/681
f 681/1/681 745/1/745 746/1/746
f 681/1/681 746/1/746 682/1/682
f 682/1/682 746/1/746 747/1/747
f 682/1/682 747/1/747 683/1/683
f 683/1/683 747/1/747 748/1/748
f 683/1/683 748/1/748 684/1/684
f 684/1/684 748/1/748 749/1/749
f 684/1/684 749/1/749 685/1/685
f 685/1/685 749/1/749 750/1/750
f 685/1/685 750/1/750 686/1/686
f 686/1/686 750/1/750 751/1/751
f 686/1/686 751/1/751 687/1/687
f 687/1/687 751/1/751 752/1/752
f 687/1/687 752/1/752 688/1/688
f 688/1/688 752/1/752 753/1/753
f 688/1/688 753/1/753 689/1/689
f 689/1/689 753/1/753 754/1/754
f 689/1/689 754/1/754 690/1/690
f 690/1/690 754/1/754 755/1/755
f 690/1/690 755/1/755 691/1/691
f 691/1/691 755/1/755 756/1/756
f 691/1/691 756/1/756 692/1/692
f 692/1/692 756/1/756 757/1/757
f 692/1/692 757/1/757 693/1/693
f 693/1/693 757/1/757 758/1/758
f 693/1/693 758/1/758 694/1/694
f 694/1/694 758/1/758 759/1/759
f 694/1/694 759/1/759 695/1/695
f 695/1/695 759/1/759 760/1/760
f 695/1/695 760/1/760 696/1/696
f 696/1/696 760/1/760 761/1/761
f 696/1/696 761/1/761 697/1/697
f 697/1/697 761/1/761 762/1/762
f 697/1/697 762/1/762 698/1/698
f 698/1/698 762/1/762 763/1/763
f 698/1/698 763/1/763 699/1/699
f 699/1/699 763/1/763 764/1/764
f 699/1/699 764/1/764 700/1/700
f 700/1/700 764/1/764 765/1/765
f 700/1/700 765/1/765 701/1/701
f 701/1/701 765/1/765 766/1/766
f 701/1/701 766/1/766 702/1/702
f 702/1/702 766/1/766 767/1/767
f 702/1/702 767/1/767 703/1/703
f 703/1/703 767/1/767 768/1/768
f 703/1/703 768/1/768 704/1/704
f 704/1/704 768/1/768 705/1/705
f 704/1/704 705/1/705 641/1/641
f 705/1/705 769/1/769 770/1/770
f 705/1/705 770/1/770 706/1/706
f 706/1/706 770/1/770 771/1/771
f 706/1/706 771/1/771 707/1/707
f 707/1/707 771/1/771 772/1/772
f 707/1/707 772/1/772 708/1/708
f 708/1/708 772/1/772 773/1/773
f 708/1/708 773/1/773 709/1/709
f 709/1/709 773/1/773 774/1/774
f 709/1/709 774/1/774 710/1/710
f 710/1/710 774/1/774 775/1/775
f 710/1/710 775/1/775 711/1/711
f 711/1/711 775/1/775 776/1/776
f 711/1/711 776/1/776 712/1/712
f 712/1/712 776/1/776 777/1/777
f 712/1/712 777/1/777 713/1/713
f 713/1/713 777/1/777 778/1/778
f 713/1/713 778/1/778 714/1/714
f 714/1/714 778/1/778 779/1/779
f 714/1/714 779/1/779 715/1/715
f 715/1/715 779/1/779 780/1/780
f 715/1/715 780/1/780 716/1/716
f 716/1/716 780/1/780 781/1/781
f 716/1/716 781/1/781 717/1/717
f 717/1/717 781/1/781 782/1/782
f 717/1/717 782/1/782 718/1/718
f 718/1/718 782/1/782 783/1/783
f 718/1/718 783/1/783 719/1/719
f 719/1/719 783/1/783 784/1/784
f 719/1/719 784/1/784 720/1/720
f 720/1/720 784/1/784 785/1/785
f 720/1/720 785/1/785 721/1/721
f 721/1/721 785/1/785 786/1/786
f 721/1/721 786/1/786 722/1/722
f 722/1/722 786/1/786 787/1/787
f 722/1/722 787/1/787 723/1/723
f 723/1/723 787/1/787 788/1/788
f 723/1/723 788/1/788 724/1/724
f 724/1/724 788/1/788 789/1/789
f 724/1/724 789/1/789 725/1/725
f 725/1/725 789/1/789 790/1/790
f 725/1/725 790/1/790 726/1/726
f 726/1/726 790/1/790 791/1/791
f 726/1/726 791/1/791 727/1/727
f 727/1/727 791/1/791 792/1/792
f 727/1/727 792/1/792 728/1/728
f 728/1/728 792/1/792 793/1/793
f 728/1/728 793/1/793 729/1/729
f 729/1/729 793/1/793 794/1/794
f 729/1/729 794/1/794 730/1/730
f 730/1/730 794/1/794 795/1/795
f 730/1/730 795/1/795 731/1/731
f 731/1/731 795/1/795 796/1/796
f 731/1/731 796/1/796 732/1/732
f 732/1/732 796/1/796 797/1/797
f 732/1/732 797/1/797 733/1/733
f 733/1/733 797/1/797 798/1/798
f 733/1/733 798/1/798 734/1/734
f 734/1/734 798/1/798 799/1/799
f 734/1/734 799/1/799 735/1/735
f 735/1/735 799/1/799 800/1/800
f 735/1/735 800/1/800 736/1/736
f 736/1/736 800/1/800 801/1/801
f 736/1/736 801/1/801 737/1/737
f 737/1/737 801/1/801 802/1/802
f 737/1/737 802/1/802 738/1/738
f 738/1/738 802/1/802 803/1/803
f 738/1/738 803/1/803 739/1/739
f 739/1/739 803/1/803 804/1/804
f 739/1/739 804/1/804 740/1/740
f 740/1/740 804/1/804 805/1/805
f 740/1/740 805/1/805 741/1/741
f 741/1/741 805/1/805 806/1/806
f 741/1/741 806/1/806 742/1/742
f 742/1/742 806/1/806 807/1/807
f 742/1/742 807/1/807 743/1/743
f 743/1/743 807/1/807 808/1/808
f 743/1/743 808/1/808 744/1/744
f 744/1/744 808/1/808 809/1/809
f 744/1/744 809/1/809 745/1/745
f 745/1/745 809/1/809 810/1/810
f 745/1/745 810/1/810 746/1/746
f 746/1/746 810/1/810 811/1/811
f 746/1/746 811/1/811 747/1/747
f 747/1/747 811/1/811 812/1/812
f 747/1/747 812/1/812 748/1/748
f 748/1/748 812/1/812 813/1/813
f 748/1/748 813/1/813 749/1/749
f 749/1/749 813/1/813 814/1/814
f 749/1/749 814/1/814 750/1/750
f 750/1/750 814/1/814 815/1/815
f 750/1/750 815/1/815 751/1/751
f 751/1/751 815/1/815 816/1/816
f 751/1/751 816/1/816 752/1/752
f 752/1/752 816/1/816 817/1/817
f 752/1/752 817/1/817 753/1/753
f 753/1/753 817/1/817 818/1/818
f 753/1/753 818/1/818 754/1/754
f 754/1/754 818/1/818 819/1/819
f 754/1/754 819/1/819 755/1/755
f 755/1/755 819/1/819 820/1/820
f 755/1/755 820/1/820 756/1/756
f 756/1/756 820/1/820 821/1/821
f 756/1/756 821/1/821 757/1/757
f 757/1/757 821/1/821 822/1/822
f 757/1/757 822/1/822 758/1/758
f 758/1/758 822/1/822 823/1/823
f 758/1/758 823/1/823 759/1/759
f 759/1/759 823/1/823 824/1/824
f 759/1/759 824/1/824 760/1/760
f 760/1/760 824/1/824 825/1/825
f 760/1/760 825/1/825 761/1/761
f 761/1/761 825/1/825 826/1/826
f 761/1/761 826/1/826 762/1/762
f 762/1/762 826/1/826 827/1/827
f 762/1/762 827/1/827 763/1/763
f 763/1/763 827/1/827 828/1/828
f 763/1/763 828/1/828 764/1/764
f 764/1/764 828/1/828 829/1/829
f 764/1/764 829/1/829 765/1/765
f 765/1/765 829/1/829 830/1/830
f 765/1/765 830/1/830 766/1/766
f 766/1/766 830/1/830 831/1/831
f 766/1/766 831/1/831 767/1/767
f 767/1/767 831/1/831 832/1/832
f 767/1/767 832/1/832 768/1/768
f 768/1/768 832/1/832 769/1/769
f 768/1/768 769/1/769 705/1/705
f 769/1/769 833/1/833 834/1/834
f 769/1/769 834/1/834 770/1/770
f 770/1/770 834/1/834 835/1/835
f 770/1/770 835/1/835 771/1/771
f 771/1/771 835/1/835 836/1/836
f 771/1/771 836/1/836 772/1/772
f 772/1/772 836/1/836 837/1/837
f 772/1/772 837/1/837 773/1/773
f 773/1/773 837/1/837 838/1/838
f 773/1/773 838/1/838 774/1/774
f 774/1/774 838/1/838 839/1/839
f 774/1/774 839/1/839 775/1/775
f 775/1/775 839/1/839 840/1/840
f 775/1/775 840/1/840 776/1/776
f 776/1/776 840/1/840 841/1/841
f 776/1/776 841/1/841 777/1/777
f 777/1/777 841/1/841 842/1/842
f 777/1/777 842/1/842 778/1/778
f 778/1/778 842/1/842 843/1/843
f 778/1/778 843/1/843 779/1/779
f 779/1/779 843/1/843 844/1/844
f 779/1/779 844/1/844 780/1/780
f 780/1/780 844/1/844 845/1/845
f 780/1/780 845/1/845 781/1/781
f 781/1/781 845/1/845 846/1/846
f 781/1/781 846/1/846 782/1/782
f 782/1/782 846/1/846 847/1/847
f 782/1/782 847/1/847 783/1/783
f 783/1/783 847/1/847 848/1/848
f 783/1/783 848/1/848 784/1/784
f 784/1/784 848/1/848 849/1/849
f 784/1/784 849/1/849 785/1/785
f 785/1/785 849/1/849 850/1/850
f 785/1/785 850/1/850 786/1/786
f 786/1/786 850/1/850 851/1/851
f 786/1/786 851/1/851 787/1/787
f 787/1/787 851/1/851 852/1/852
f 787/1/787 852/1/852 788/1/788
f 788/1/788 852/1/852 853/1/853
f 788/1/788 853/1/853 789/1/789
f 789/1/789 853/1/853 854/1/854
f 789/1/789 854/1/854 790/1/790
f 790/1/790 854/1/854 855/1/855
f 790/1/790 855/1/855 791/1/791
f 791/1/791 855/1/855 856/1/856
f 791/1/791 856/1/856 792/1/792
f 792/1/792 856/1/856 857/1/857
f 792/1/792 857/1/857 793/1/793
f 793/1/793 857/1/857 858/1/858
f 793/1/793 858/1/858 794/1/794
f 794/1/794 858/1/858 859/1/859
f 794/1/794 859/1/859 795/1/795
f 795/1/795 859/1/859 860/1/860
f 795/1/795 860/1/860 796/1/796
f 796/1/796 860/1/860 861/1/861
f 796/1/796 861/1/861 797/1/797
f 797/1/797 861/1/861 862/1/862
f 797/1/797 862/1/862 798/1/798
f 798/1/798 862/1/862 863/1/863
f 798/1/798 863/1/863 799/1/799
f 799/1/799 863/1/863 864/1/864
f 799/1/799 864/1/864 800/1/800
f 800/1/800 864/1/864 865/1/865
f 800/1/800 865/1/865 801/1/801
f 801/1/801 865/1/865 866/1/866
f 801/1/801 866/1/866 802/1/802
f 802/1/802 866/1/866 867/1/867
f 802/1/802 867/1/867 803/1/803
f 803/1/803 867/1/867 868/1/868
f 803/1/803 868/1/868 804/1/804
f 804/1/804 868/1/868 869/1/869
f 804/1/804 869/1/869 805/1/805
f 805/1/805 869/1/869 870/1/870
f 805/1/805 870/1/870 806/1/806
f 806/1/806 870/1/870 871/1/871
f 806/1/806 871/1/871 807/1/807
f 807/1/807 871/1/871 872/1/872
f 807/1/807 872/1/872 808/1/808
f 808/1/808 872/1/872 873/1/873
f 808/1/808 873/1/873 809/1/809
f 809/1/809 873/1/873 874/1/874
f 809/1/809 874/1/874 810/1/810
f 810/1/810 874/1/874 875/1/875
f 810/1/810 875/1/875 811/1/811
f 811/1/811 875/1/875 876/1/876
f 811/1/811 876/1/876 812/1/812
f 812/1/812 876/1/876 877/1/877
f 812/1/812 877/1/877 813/1/813
f 813/1/813 877/1/877 878/1/878
f 813/1/813 878/1/878 814/1/814
f 814/1/814 878/1/878 879/1/879
f 814/1/814 879/1/879 815/1/815
f 815/1/815 879/1/879 880/1/880
f 815/1/815 880/1/880 816/1/816
f 816/1/816 880/1/880 881/1/881
f 816/1/816 881/1/881 817/1/817
f 817/1/817 881/1/881 882/1/882
f 817/1/817 882/1/882 818/1/818
f 818/1/818 882/1/882 883/1/883
f 818/1/818 883/1/883 819/1/819
f 819/1/819 883/1/883 884/1/884
f 819/1/819 884/1/884 820/1/820
f 820/1/820 884/1/884 885/1/885
f 820/1/820 885/1/885 821/1/821
f 821/1/821 885/1/885 886/1/886
f 821/1/821 886/1/886 822/1/822
f 822/1/822 886/1/886 887/1/887
f 822/1/822 887/1/887 823/1/823
f 823/1/823 887/1/887 888/1/888
f 823/1/823 888/1/888 824/1/824
f 824/1/824 888/1/888 889/1/889
f 824/1/824 889/1/889 825/1/825
f 825/1/825 889/1/889 890/1/890
f 825/1/825 890/1/890 826/1/826
f 826/1/826 890/1/890 891/1/891
f 826/1/826 891/1/891 827/1/827
f 827/1/827 891/1/891 892/1/892
f 827/1/827 892/1/892 828/1/828
f 828/1/828 892/1/892 893/1/893
f 828/1/828 893/1/893 829/1/829
f 829/1/829 893/1/893 894/1/894
f 829/1/829 894/1/894 830/1/830
f 830/1/830 894/1/894 895/1/895
f 830/1/830 895/1/895 831/1/831
f 831/1/831 895/1/895 896/1/896
f 831/1/831 896/1/896 832/1/832
f 832/1/832 896/1/896 833/1/833
f 832/1/832 833/1/833 769/1/769
f 833/1/833 897/1/897 898/1/898
f 833/1/833 898/1/898 834/1/834
f 834/1/834 898/1/898 899/1/899
f 834/1/834 899/1/899 835/1/835
f 835/1/835 899/1/899 900/1/900
f 835/1/835 900/1/900 836/1/836
f 836/1/836 900/1/900 901/1/901
f 836/1/836 901/1/901 837/1/837
f 837/1/837 901/1/901 902/1/902
f 837/1/837 902/1/902 838/1/838
f 838/1/838 902/1/902 903/1/903
f 838/1/838 903/1/903 839/1/839
f 839/1/839 903/1/903 904/1/904
f 839/1/839 904/1/904 840/1/840
f 840/1/840 904/1/904 905/1/905
f 840/1/840 905/1/905 841/1/841
f 841/1/841 905/1/905 906/1/906
f 841/1/841 906/1/906 842/1/842
f 842/1/842 906/1/906 907/1/907
f 842/1/842 907/1/907 843/1/843
f 843/1/843 907/1/907 908/1/908
f 843/1/843 908/1/908 844/1/844
f 844/1/844 908/1/908 909/1/909
f 844/1/844 909/1/909 845/1/845
f 845/1/845 909/1/909 910/1/910
f 845/1/845 910/1/910 846/1/846
f 846/1/846 910/1/910 911/1/911
f 846/1/846 911/1/911 847/1/847
f 847/1/847 911/1/911 912/1/912
f 847/1/847 912/1/912 848/1/848
f 848/1/848 912/1/912 913/1/913
f 848/1/848 913/1/913 849/1/849
f 849/1/849 913/1/913 914/1/914
f 849/1/849 914/1/914 850/1/850
f 850/1/850 914/1/914 915/1/915
f 850/1/850 915/1/915 851/1/851
f 851/1/851 915/1/915 916/1/916
f 851/1/851 916/1/916 852/1/852
f 852/1/852 916/1/916 917/1/917
f 852/1/852 917/1/917 853/1/853
f 853/1/853 917/1/917 918/1/918
f 853/1/853 918/1/918 854/1/854
f 854/1/854 918/1/918 919/1/919
f 854/1/854 919/1/919 855/1/855
f 855/1/855 919/1/919 920/1/920
f 855/1/855 920/1/920 856/1/856
f 856/1/856 920/1/920 921/1/921
f 856/1/856 921/1/921 857/1/857
f 857/1/857 921/1/921 922/1/922
f 857/1/857 922/1/922 858/1/858
f 858/1/858 922/1/922 923/1/923
f 858/1/858 923/1/923 859/1/859
f 859/1/859 923/1/923 924/1/924
f 859/1/859 924/1/924 860/1/860
f 860/1/860 924/1/924 925/1/925
f 860/1/860 925/1/925 861/1/861
f 861/1/861 925/1/925 926/1/926
f 861/1/861 926/1/926 862/1/862
f 862/1/862 926/1/926 927/1/927
f 862/1/862 927/1/927 863/1/863
f 863/1/863 927/1/927 928/1/928
f 863/1/863 928/1/928 864/1/864
f 864/1/864 928/1/928 929/1/929
f 864/1/864 929/1/929 865/1/865
f 865/1/865 929/1/929 930/1/930
f 865/1/865 930/1/930 866/1/866
f 866/1/866 930/1/930 931/1/931
f 866/1/866 931/1/931 867/1/867
f 867/1/867 931/1/931 932/1/932
f 867/1/867 932/1/932 868/1/868
f 868/1/868 932/1/932 933/1/933
f 868/1/868 933/1/933 869/1/869
f 869/1/869 933/1/933 934/1/934
f 869/1/869 934/1/934 870/1/870
f 870/1/870 934/1/934 935/1/935
f 870/1/870 935/1/935 871/1/871
f 871/1/871 935/1/935 936/1/936
f 871/1/871 936/1/936 872/1/872
f 872/1/872 936/1/936 937/1/937
f 872/1/872 937/1/937 873/1/873
f 873/1/873 937/1/937 938/1/938
f 873/1/873 938/1/938 874/1/874
f 874/1/874 938/1/938 939/1/939
f 874/1/874 939/1/939 875/1/875
f 875/1/875 939/1/939 940/1/940
f 875/1/875 940/1/940 876/1/876
f 876/1/876 940/1/940 941/1/941
f 876/1/876 941/1/941 877/1/877
f 877/1/877 941/1/941 942/1/942
f 877/1/877 942/1/942 878/1/878
f 878/1/878 942/1/942 943/1/943
f 878/1/878 943/1/943 879/1/879
f 879/1/879 943/1/943 944/1/944
f 879/1/879 944/1/944 880/1/880
f 880/1/880 944/1/944 945/1/945
f 880/1/880 945/1/945 881/1/881
f 881/1/881 945/1/945 946/1/946
f 881/1/881 946/1/946 882/1/882
f 882/1/882 946/1/946 947/1/947
f 882/1/882 947/1/947 883/1/883
f 883/1/883 947/1/947 948/1/948
f 883/1/883 948/1/948 884/1/884
f 884/1/884 948/1/948 949/1/949
f 884/1/884 949/1/949 885/1/885
f 885/1/885 949/1/949 950/1/950
f 885/1/885 950/1/950 886/1/886
f 886/1/886 950/1/950 951/1/951
f 886/1/886 951/1/951 887/1/887
f 887/1/887 951/1/951 952/1/952
f 887/1/887 952/1/952 888/1/888
f 888/1/888 952/1/952 953/1/953
f 888/1/888 953/1/953 889/1/889
f 889/1/889 953/1/953 954/1/954
f 889/1/889 954/1/954 890/1/890
f 890/1/890 954/1/954 955/1/955
f 890/1/890 955/1/955 891/1/891
f 891/1/891 955/1/955 956/1/956
f 891/1/891 956/1/956 892/1/892
f 892/1/892 956/1/956 957/1/957
f 892/1/892 957/1/957 893/1/893
f 893/1/893 957/1/957 958/1/958
f 893/1/893 958/1/958 894/1/894
f 894/1/894 958/1/958 959/1/959
f 894/1/894 959/1/959 895/1/895
f 895/1/895 959/1/959 960/1/960
f 895/1/895 960/1/960 896/1/896
f 896/1/896 960/1/960 897/1/897
f 896/1/896 897/1/897 833/1/833
f 897/1/897 961/1/961 962/1/962
f 897/1/897 962/1/962 898/1/898
f 898/1/898 962/1/962 963/1/963
f 898/1/898 963/1/963 899/1/899
f 899/1/899 963/1/963 964/1/964
f 899/1/899 964/1/964 900/1/900
f 900/1/900 964/1/964 965/1/965
f 900/1/900 965/1/965 901/1/901
f 901/1/901 965/1/965 966/1/966
f 901/1/901 966/1/966 902/1/902
f 902/1/902 966/1/966 967/1/967
f 902/1/902 967/1/967 903/1/903
f 903/1/903 967/1/967 968/1/968
f 903/1/903 968/1/968 904/1/904
f 904/1/904 968/1/968 969/1/969
f 904/1/904 969/1/969 905/1/905
f 905/1/905 969/1/969 970/1/970
f 905/1/905 970/1/970 906/1/906
f 906/1/906 970/1/970 971/1/971
f 906/1/906 971/1/971 907/1/907
f 907/1/907 971/1/971 972/1/972
f 907/1/907 972/1/972 908/1/908
f 908/1/908 972/1/972 973/1/973
f 908/1/908 973/1/973 909/1/909
f 909/1/909 973/1/973 974/1/974
f 909/1/909 974/1/974 910/1/910
f 910/1/910 974/1/974 975/1/975
f 910/1/910 975/1/975 911/1/911
f 911/1/911 975/1/975 976/1/976
f 911/1/911 976/1/976 912/1/912
f 912/1/912 976/1/976 977/1/977
f 912/1/912 977/1/977 913/1/913
f 913/1/913 977/1/977 978/1/978
f 913/1/913 978/1/978 914/1/914
f 914/1/914 978/1/978 979/1/979
f 914/1/914 979/1/979 915/1/915
f 915/1/915 979/1/979 980/1/980
f 915/1/915 980/1/980 916/1/916
f 916/1/916 980/1/980 981/1/981
f 916/1/916 981/1/981 917/1/917
f 917/1/917 981/1/981 982/1/982
f 917/1/917 982/1/982 918/1/918
f 918/1/918 982/1/982 983/1/983
f 918/1/918 983/1/983 919/1/919
f 919/1/919 983/1/983 984/1/984
f 919/1/919 984/1/984 920/1/920
f 920/1/920 984/1/984 985/1/985
f 920/1/920 985/1/985 921/1/921
f 921/1/921 985/1/985 986/1/986
f 921/1/921 986/1/986 922/1/922
f 922/1/922 986/1/986 987/1/987
f 922/1/922 987/1/987 923/1/923
f 923/1/923 987/1/987 988/1/988
f 923/1/923 988/1/988 924/1/924
f 924/1/924 988/1/988 989/1/989
f 924/1/924 989/1/989 925/1/925
f 925/1/925 989/1/989 990/1/990
f 925/1/925 990/1/990 926/1/926
f 926/1/926 990/1/990 991/1/991
f 926/1/926 991/1/991 927/1/927
f 927/1/927 991/1/991 992/1/992
f 927/1/927 992/1/992 928/1/928
f 928/1/928 992/1/992 993/1/993
f 928/1/928 993/1/993 929/1/929
f 929/1/929 993/1/993 994/1/994
f 929/1/929 994/1/994 930/1/930
f 930/1/930 994/1/994 995/1/995
f 930/1/930 995/1/995 931/1/931
f 931/1/931 995/1/995 996/1/996
f 931/1/931 996/1/996 932/1/932
f 932/1/932 996/1/996 997/1/997
f 932/1/932 997/1/997 933/1/933
f 933/1/933 997/1/997 998/1/998
f 933/1/933 998/1/998 934/1/934
f 934/1/934 998/1/998 999/1/999
f 934/1/934 999/1/999 935/1/935
f 935/1/935 999/1/999 1000/1/1000
f 935/1/935 1000/1/1000 936/1/936
f 936/1/936 1000/1/1000 1001/1/1001
f 936/1/936 1001/1/1001 937/1/937
f 937/1/937 1001/1/1001 1002/1/1002
f 937/1/937 1002/1/1002 938/1/938
f 938/1/938 1002/1/1002 1003/1/1003
f 938/1/938 1003/1/1003 939/1/939
f 939/1/939 1003/1/1003 1004/1/1004
f 939/1/939 1004/1/1004 940/1/940
f 940/1/940 1004/1/1004 1005/1/1005
f 940/1/940 1005/1/1005 941/1/941
f 941/1/941 1005/1/1005 1006/1/1006
f 941/1/941 1006/1/1006 942/1/942
f 942/1/942 1006/1/1006 1007/1/1007
f 942/1/942 1007/1/1007 943/1/943
f 943/1/943 1007/1/1007 1008/1/1008
f 943/1/943 1008/1/1008 944/1/944
f 944/1/944 1008/1/1008 1009/1/1009
f 944/1/944 1009/1/1009 945/1/945
f 945/1/945 1009/1/1009 1010/1/1010
f 945/1/945 1010/1/1010 946/1/946
f 946/1/946 1010/1/1010 1011/1/1011
f 946/1/946 1011/1/1011 947/1/947
f 947/1/947 1011/1/1011 1012/1/1012
f 947/1/947 1012/1/1012 948/1/948
f 948/1/948 1012/1/1012 1013/1/1013
f 948/1/948 1013/1/1013 949/1/949
f 949/1/949 1013/1/1013 1014/1/1014
f 949/1/949 1014/1/1014 950/1/950
f 950/1/950 1014/1/1014 1015/1/1015
f 950/1/950 1015/1/1015 951/1/951
f 951/1/951 1015/1/1015 1016/1/1016
f 951/1/951 1016/1/1016 952/1/952
f 952/1/952 1016/1/1016 1017/1/1017
f 952/1/952 1017/1/1017 953/1/953
f 953/1/953 1017/1/1017 1018/1/1018
f 953/1/953 1018/1/1018 954/1/954
f 954/1/954 1018/1/1018 1019/1/1019
f 954/1/954 1019/1/1019 955/1/955
f 955/1/955 1019/1/1019 1020/1/1020
f 955/1/955 1020/1/1020 956/1/956
f 956/1/956 1020/1/1020 1021/1/1021
f 956/1/956 1021/1/1021 957/1/957
f 957/1/957 1021/1/1021 1022/1/1022
f 957/1/957 1022/1/1022 958/1/958
f 958/1/958 1022/1/1022 1023/1/1023
f 958/1/958 1023/1/1023 959/1/959
f 959/1/959 1023/1/1023 1024/1/1024
f 959/1/959 1024/1/1024 960/1/960
f 960/1/960 1024/1/1024 961/1/961
f 960/1/960 961/1/961 897/1/897
f 961/1/961 1025/1/1025 1026/1/1026
f 961/1/961 1026/1/1026 962/1/962
f 962/1/962 1026/1/1026 1027/1/1027
f 962/1/962 1027/1/1027 963/1/963
f 963/1/963 1027/1/1027 1028/1/1028
f 963/1/963 1028/1/1028 964/1/964
f 964/1/964 1028/1/1028 1029/1/1029
f 964/1/964 1029/1/1029 965/1/965
f 965/1/965 1029/1/1029 1030/1/1030
f 965/1/965 1030/1/1030 966/1/966
f 966/1/966 1030/1/1030 1031/1/1031
f 966/1/966 1031/1/1031 967/1/967
f 967/1/967 1031/1/1031 1032/1/1032
f 967/1/967 1032/1/1032 968/1/968
f 968/1/968 1032/1/1032 1033/1/1033
f 968/1/968 1033/1/1033 969/1/969
f 969/1/969 1033/1/1033 1034/1/1034
f 969/1/969 1034/1/1034 970/1/970
f 970/1/970 1034/1/1034 1035/1/1035
f 970/1/970 1035/1/1035 971/1/971
f 971/1/971 1035/1/1035 1036/1/1036
f 971/1/971 1036/1/1036 972/1/972
f 972/1/972 1036/1/1036 1037/1/1037
f 972/1/972 1037/1/1037 973/1/973
f 973/1/973 1037/1/1037 1038/1/1038
f 973/1/973 1038/1/1038 974/1/974
f 974/1/974 1038/1/1038 1039/1/1039
f 974/1/974 1039/1/1039 975/1/975
f 975/1/975 1039/1/1039 1040/1/1040
f 975/1/975 1040/1/1040 976/1/976
f 976/1/976 1040/1/1040 1041/1/1041
f 976/1/976 1041/1/1041 977/1/977
f 977/1/977 1041/1/1041 1042/1/1042
f 977/1/977 1042/1/1042 978/1/978
f 978/1/978 1042/1/1042 1043/1/1043
f 978/1/978 1043/1/1043 979/1/979
f 979/1/979 1043/1/1043 1044/1/1044
f 979/1/979 1044/1/1044 980/1/980
f 980/1/980 1044/1/1044 1045/1/1045
f 980/1/980 1045/1/1045 981/1/981
f 981/1/981 1045/1/1045 1046/1/1046
f 981/1/981 1046/1/1046 982/1/982
f 982/1/982 1046/1/1046 1047/1/1047
f 982/1/982 1047/1/1047 983/1/983
f 983/1/983 1047/1/1047 1048/1/1048
f 983/1/983 1048/1/1048 984/1/984
f 984/1/984 1048/1/1048 1049/1/1049
f 984/1/984 1049/1/1049 985/1/985
f 985/1/985 1049/1/1049 1050/1/1050
f 985/1/985 1050/1/1050 986/1/986
f 986/1/986 1050/1/1050 1051/1/1051
f 986/1/986 1051/1/1051 987/1/987
f 987/1/987 1051/1/1051 1052/1/1052
f 987/1/987 1052/1/1052 988/1/988
f 988/1/988 1052/1/1052 1053/1/1053
f 988/1/988 1053/1/1053 989/1/989
f 989/1/989 1053/1/1053 1054/1/1054
f 989/1/989 1054/1/1054 990/1/990
f 990/1/990 1054/1/1054 1055/1/1055
f 990/1/990 1055/1/1055 991/1/991
f 991/1/991 1055/1/1055 1056/1/1056
f 991/1/991 1056/1/1056 992/1/992
f 992/1/992 1056/1/1056 1057/1/1057
f 992/1/992 1057/1/1057 993/1/993
f 993/1/993 1057/1/1057 1058/1/1058
f 993/1/993 1058/1/1058 994/1/994
f 994/1/994 1058/1/1058 1059/1/1059
f 994/1/994 1059/1/1059 995/1/995
f 995/1/995 1059/1/1059 1060/1/1060
f 995/1/995 1060/1/1060 996/1/996
f 996/1/996 1060/1/1060 1061/1/1061
f 996/1/996 1061/1/1061 997/1/997
f 997/1/997 1061/1/1061 1062/1/1062
f 997/1/997 1062/1/1062 998/1/998
f 998/1/998 1062/1/1062 1063/1/1063
f 998/1/998 1063/1/1063 999/1/999
f 999/1/999 1063/1/1063 1064/1/1064
f 999/1/999 1064/1/1064 1000/1/1000
f 1000/1/1000 1064/1/1064 1065/1/1065
f 1000/1/1000 1065/1/1065 1001/1/1001
f 1001/1/1001 1065/1/1065 1066/1/1066
f 1001/1/1001 1066/1/1066 1002/1/1002
f 1002/1/1002 1066/1/1066 1067/1/1067
f 1002/1/1002 1067/1/1067 1003/1/1003
f 1003/1/1003 1067/1/1067 1068/1/1068
f 1003/1/1003 1068/1/1068 1004/1/1004
f 1004/1/1004 1068/1/1068 1069/1/1069
f 1004/1/1004 1069/1/1069 1005/1/1005
f 1005/1/1005 1069/1/1069 1070/1/1070
f 1005/1/1005 1070/1/1070 1006/1/1006
f 1006/1/1006 1070/1/1070 1071/1/1071
f 1006/1/1006 1071/1/1071 1007/1/1007
f 1007/1/1007 1071/1/1071 1072/1/1072
f 1007/1/1007 1072/1/1072 1008/1/1008
f 1008/1/1008 1072/1/1072 1073/1/1073
f 1008/1/1008 1073/1/1073 1009/1/1009
f 1009/1/1009 1073/1/1073 1074/1/1074
f 1009/1/1009 1074/1/1074 1010/1/1010
f 1010/1/1010 1074/1/1074 1075/1/1075
f 1010/1/1010 1075/1/1075 1011/1/1011
f 1011/1/1011 1075/1/1075 1076/1/1076
f 1011/1/1011 1076/1/1076 1012/1/1012
f 1012/1/1012 1076/1/1076 1077/1/1077
f 1012/1/1012 1077/1/1077 1013/1/1013
f 1013/1/1013 1077/1/1077 1078/1/1078
f 1013/1/1013 1078/1/1078 1014/1/1014
f 1014/1/1014 1078/1/1078 1079/1/1079
f 1014/1/1014 1079/1/1079 1015/1/1015
f 1015/1/1015 1079/1/1079 1080/1/1080
f 1015/1/1015 1080/1/1080 1016/1/1016
f 1016/1/1016 1080/1/1080 1081/1/1081
f 1016/1/1016 1081/1/1081 1017/1/1017
f 1017/1/1017 1081/1/1081 1082/1/1082
f 1017/1/1017 1082/1/1082 1018/1/1018
f 1018/1/1018 1082/1/1082 1083/1/1083
f 1018/1/1018 1083/1/1083 1019/1/1019
f 1019/1/1019 1083/1/1083 1084/1/1084
f 1019/1/1019 1084/1/1084 1020/1/1020
f 1020/1/1020 1084/1/1084 1085/1/1085
f 1020/1/1020 1085/1/1085 1021/1/1021
f 1021/1/1021 1085/1/1085 1086/1/1086
f 1021/1/1021 1086/1/1086 1022/1/1022
f 1022/1/1022 1086/1/1086 1087/1/1087
f 1022/1/1022 1087/1/1087 1023/1/1023
f 1023/1/1023 1087/1/1087 1088/1/1088
f 1023/1/1023 1088/1/1088 1024/1/1024
f 1024/1/1024 1088/1/1088 1025/1/1025
f 1024/1/1024 1025/1/1025 961/1/961
f 1025/1/1025 1089/1/1089 1090/1/1090
f 1025/1/1025 1090/1/1090 1026/1/1026
f 1026/1/1026 1090/1/1090 1091/1/1091
f 1026/1/1026 1091/1/1091 1027/1/1027
f 1027/1/1027 1091/1/1091 1092/1/1092
f 1027/1/1027 1092/1/1092 1028/1/1028
f 1028/1/1028 1092/1/1092 1093/1/1093
f 1028/1/1028 1093/1/1093 1029/1/1029
f 1029/1/1029 1093/1/1093 1094/1/1094
f 1029/1/1029 1094/1/1094 1030/1/1030
f 1030/1/1030 1094/1/1094 1095/1/1095
f 1030/1/1030 1095/1/1095 1031/1/1031
f 1031/1/1031 1095/1/1095 1096/1/1096
f 1031/1/1031 1096/1/1096 1032/1/1032
f 1032/1/1032 1096/1/1096 1097/1/1097
f 1032/1/1032 1097/1/1097 1033/1/1033
f 1033/1/1033 1097/1/1097 1098/1/1098
f 1033/1/1033 1098/1/1098 1034/1/1034
f 1034/1/1034 1098/1/1098 1099/1/1099
f 1034/1/1034 1099/1/1099 1035/1/1035
f 1035/1/1035 1099/1/1099 1100/1/1100
f 1035/1/1035 1100/1/1100 1036/1/1036
f 1036/1/1036 1100/1/1100 1101/1/1101
f 1036/1/1036 1101/1/1101 1037/1/1037
f 1037/1/1037 1101/1/1101 1102/1/1102
f 1037/1/1037 1102/1/1102 1038/1/1038
f 1038/1/1038 1102/1/1102 1103/1/1103
f 1038/1/1038 1103/1/1103 1039/1/1039
f 1039/1/1039 1103/1/1103 1104/1/1104
f 1039/1/1039 1104/1/1104 1040/1/1040
f 1040/1/1040 1104/1/1104 1105/1/1105
f 1040/1/1040 1105/1/1105 1041/1/1041
f 1041/1/1041 1105/1/1105 1106/1/1106
f 1041/1/1041 1106/1/1106 1042/1/1042
f 1042/1/1042 1106/1/1106 1107/1/1107
f 1042/1/1042 1107/1/1107 1043/1/1043
f 1043/1/1043 1107/1/1107 1108/1/1108
f 1043/1/1043 1108/1/1108 1044/1/1044
f 1044/1/1044 1108/1/1108 1109/1/1109
f 1044/1/1044 1109/1/1109 1045/1/1045
f 1045/1/1045 1109/1/1109 1110/1/1110
f 1045/1/1045 1110/1/1110 1046/1/1046
f 1046/1/1046 1110/1/1110 1111/1/1111
f 1046/1/1046 1111/1/1111 1047/1/1047
f 1047/1/1047 1111/1/1111 1112/1/1112
f 1047/1/1047 1112/1/1112 1048/1/1048
f 1048/1/1048 1112/1/1112 1113/1/1113
f 1048/1/1048 1113/1/1113 1049/1/1049
f 1049/1/1049 1113/1/1113 1114/1/1114
f 1049/1/1049 1114/1/1114 1050/1/1050
f 1050/1/1050 1114/1/1114 1115/1/1115
f 1050/1/1050 1115/1/1115 1051/1/1051
f 1051/1/1051 1115/1/1115 1116/1/1116
f 1051/1/1051 1116/1/1116 1052/1/1052
f 1052/1/1052 1116/1/1116 1117/1/1117
f 1052/1/1052 1117/1/1117 1053/1/1053
f 1053/1/1053 1117/1/1117 1118/1/1118
f 1053/1/1053 1118/1/1118 1054/1/1054
f 1054/1/1054 1118/1/1118 1119/1/1119
f 1054/1/1054 1119/1/1119 1055/1/1055
f 1055/1/1055 1119/1/1119 1120/1/1120
f 1055/1/1055 1120/1/1120 1056/1/1056
f 1056/1/1056 1120/1/1120 1121/1/1121
f 1056/1/1056 1121/1/1121 1057/1/1057
f 1057/1/1057 1121/1/1121 1122/1/1122
f 1057/1/1057 1122/1/1122 1058/1/1058
f 1058/1/1058 1122/1/1122 1123/1/1123
f 1058/1/1058 1123/1/1123 1059/1/1059
f 1059/1/1059 1123/1/1123 1124/1/1124
f 1059/1/1059 1124/1/1124 1060/1/1060
f 1060/1/1060 1124/1/1124 1125/1/1125
f 1060/1/1060 1125/1/1125 1061/1/1061
f 1061/1/1061 1125/1/1125 1126/1/1126
f 1061/1/1061 1126/1/1126 1062/1/1062
f 1062/1/1062 1126/1/1126 1127/1/1127
f 1062/1/1062 1127/1/1127 1063/1/1063
f 1063/1/1063 1127/1/1127 1128/1/1128
f 1063/1/1063 1128/1/1128 1064/1/1064
f 1064/1/1064 1128/1/1128 1129/1/1129
f 1064/1/1064 1129/1/1129 1065/1/1065
f 1065/1/1065 1129/1/1129 1130/1/1130
f 1065/1/1065 1130/1/1130 1066/1/1066
f 1066/1/1066 1130/1/1130 1131/1/1131
f 1066/1/1066 1131/1/1131 1067/1/1067
f 1067/1/1067 1131/1/1131 1132/1/1132
f 1067/1/1067 1132/1/1132 1068/1/1068
f 1068/1/1068 1132/1/1132 1133/1/1133
f 1068/1/1068 1133/1/1133 1069/1/1069
f 1069/1/1069 1133/1/1133 1134/1/1134
f 1069/1/1069 1134/1/1134 1070/1/1070
f 1070/1/1070 1134/1/1134 1135/1/1135
f 1070/1/1070 1135/1/1135 1071/1/1071
f 1071/1/1071 1135/1/1135 1136/1/1136
f 1071/1/1071 1136/1/1136 1072/1/1072
f 1072/1/1072 1136/1/1136 1137/1/1137
f 1072/1/1072 1137/1/1137 1073/1/1073
f 1073/1/1073 1137/1/1137 1138/1/1138
f 1073/1/1073 1138/1/1138 1074/1/1074
f 1074/1/1074 1138/1/1138 1139/1/1139
f 1074/1/1074 1139/1/1139 1075/1/1075
f 1075/1/1075 1139/1/1139 1140/1/1140
f 1075/1/1075 1140/1/1140 1076/1/1076
f 1076/1/1076 1140/1/1140 1141/1/1141
f 1076/1/1076 1141/1/1141 1077/1/1077
f 1077/1/1077 1141/1/1141 1142/1/1142
f 1077/1/1077 1142/1/1142 1078/1/1078
f 1078/1/1078 1142/1/1142 1143/1/1143
f 1078/1/1078 1143/1/1143 1079/1/1079
f 1079/1/1079 1143/1/1143 1144/1/1144
f 1079/1/1079 1144/1/1144 1080/1/1080
f 1080/1/1080 1144/1/1144 1145/1/1145
f 1080/1/1080 1145/1/1145 1081/1/1081
f 1081/1/1081 1145/1/1145 1146/1/1146
f 1081/1/1081 1146/1/1146 1082/1/1082
f 1082/1/1082 1146/1/1146 1147/1/1147
f 1082/1/1082 1147/1/1147 1083/1/1083
f 1083/1/1083 1147/1/1147 1148/1/1148
f 1083/1/1083 1148/1/1148 1084/1/1084
f 1084/1/1084 1148/1/1148 1149/1/1149
f 1084/1/1084 1149/1/1149 1085/1/1085
f 1085/1/1085 1149/1/1149 1150/1/1150
f 1085/1/1085 1150/1/1150 1086/1/1086
f 1086/1/1086 1150/1/1150 1151/1/1151
f 1086/1/1086 1151/1/1151 1087/1/1087
f 1087/1/1087 1151/1/1151 1152/1/1152
f 1087/1/1087 1152/1/1152 1088/1/1088
f 1088/1/1088 1152/1/1152 1089/1/1089
f 1088/1/1088 1089/1/1089 1025/1/1025
f 1089/1/1089 1153/1/1153 1154/1/1154
f 1089/1/1089 1154/1/1154 1090/1/1090
f 1090/1/1090 1154/1/1154 1155/1/1155
f 1090/1/1090 1155/1/1155 1091/1/1091
f 1091/1/1091 1155/1/1155 1156/1/1156
f 1091/1/1091 1156/1/1156 1092/1/1092
f 1092/1/1092 1156/1/1156 1157/1/1157
f 1092/1/1092 1157/1/1157 1093/1/1093
f 1093/1/1093 1157/1/1157 1158/1/1158
f 1093/1/1093 1158/1/1158 1094/1/1094
f 1094/1/1094 1158/1/1158 1159/1/1159
f 1094/1/1094 1159/1/1159 1095/1/1095
f 1095/1/1095 1159/1/1159 1160/1/1160
f 1095/1/1095 1160/1/1160 1096/1/1096
f 1096/1/1096 1160/1/1160 1161/1/1161
f 1096/1/1096 1161/1/1161 1097/1/1097
f 1097/1/1097 1161/1/1161 1162/1/1162
f 1097/1/1097 1162/1/1162 1098/1/1098
f 1098/1/1098 1162/1/1162 1163/1/1163
f 1098/1/1098 1163/1/1163 1099/1/1099
f 1099/1/1099 1163/1/1163 1164/1/1164
f 1099/1/1099 1164/1/1164 1100/1/1100
f 1100/1/1100 1164/1/1164 1165/1/1165
f 1100/1/1100 1165/1/1165 1101/1/1101
f 1101/1/1101 1165/1/1165 1166/1/1166
f 1101/1/1101 1166/1/1166 1102/1/1102
f 1102/1/1102 1166/1/1166 1167/1/1167
f 1102/1/1102 1167/1/1167 1103/1/1103
f 1103/1/1103 1167/1/1167 1168/1/1168
f 1103/1/1103 1168/1/1168 1104/1/1104
f 1104/1/1104 1168/1/1168 1169/1/1169
f 1104/1/1104 1169/1/1169 1105/1/1105
f 1105/1/1105 1169/1/1169 1170/1/1170
f 1105/1/1105 1170/1/1170 1106/1/1106
f 1106/1/1106 1170/1/1170 1171/1/1171
f 1106/1/1106 1171/1/1171 1107/1/1107
f 1107/1/1107 1171/1/1171 1172/1/1172
f 1107/1/1107 1172/1/1172 1108/1/1108
f 1108/1/1108 1172/1/1172 1173/1/1173
f 1108/1/1108 1173/1/1173 1109/1/1109
f 1109/1/1109 1173/1/1173 1174/1/1174
f 1109/1/1109 1174/1/1174 1110/1/1110
f 1110/1/1110 1174/1/1174 1175/1/1175
f 1110/1/1110 1175/1/1175 1111/1/1111
f 1111/1/1111 1175/1/1175 1176/1/1176
f 1111/1/1111 1176/1/1176 1112/1/1112
f 1112/1/1112 1176/1/1176 1177/1/1177
f 1112/1/1112 1177/1/1177 1113/1/1113
f 1113/1/1113 1177/1/1177 1178/1/1178
f 1113/1/1113 1178/1/1178 1114/1/1114
f 1114/1/1114 1178/1/1178 1179/1/1179
f 1114/1/1114 1179/1/1179 1115/1/1115
f 1115/1/1115 1179/1/1179 1180/1/1180
f 1115/1/1115 1180/1/1180 1116/1/1116
f 1116/1/1116 1180/1/1180 1181/1/1181
f 1116/1/1116 1181/1/1181 1117/1/1117
f 1117/1/1117 1181/1/1181 1182/1/1182
f 1117/1/1117 1182/1/1182 1118/1/1118
f 1118/1/1118 1182/1/1182 1183/1/1183
f 1118/1/1118 1183/1/1183 1119/1/1119
f 1119/1/1119 1183/1/1183 1184/1/1184
f 1119/1/1119 1184/1/1184 1120/1/1120
f 1120/1/1120 1184/1/1184 1185/1/1185
f 1120/1/1120 1185/1/1185 1121/1/1121
f 1121/1/1121 1185/1/1185 1186/1/1186
f 1121/1/1121 1186/1/1186 1122/1/1122
f 1122/1/1122 1186/1/1186 1187/1/1187
f 1122/1/1122 1187/1/1187 1123/1/1123
f 1123/1/1123 1187/1/1187 1188/1/1188
f 1123/1/1123 1188/1/1188 1124/1/1124
f 1124/1/1124 1188/1/1188 1189/1/1189
f 1124/1/1124 1189/1/1189 1125/1/1125
f 1125/1/1125 1189/1/1189 1190/1/1190
f 1125/1/1125 1190/1/1190 1126/1/1126
f 1126/1/1126 1190/1/1190 1191/1/1191
f 1126/1/1126 1191/1/1191 1127/1/1127
f 1127/1/1127 1191/1/1191 1192/1/1192
f 1127/1/1127 1192/1/1192 1128/1/1128
f 1128/1/1128 1192/1/1192 1193/1/1193
f 1128/1/1128 1193/1/1193 1129/1/1129
f 1129/1/1129 1193/1/1193 1194/1/1194
f 1129/1/1129 1194/1/1194 1130/1/1130
f 1130/1/1130 1194/1/1194 1195/1/1195
f 1130/1/1130 1195/1/1195 1131/1/1131
f 1131/1/1131 1195/1/1195 1196/1/1196
f 1131/1/1131 1196/1/1196 1132/1/1132
f 1132/1/1132 1196/1/1196 1197/1/1197
f 1132/1/1132 1197/1/1197 1133/1/1133
f 1133/1/1133 1197/1/1197 1198/1/1198
f 1133/1/1133 1198/1/1198 1134/1/1134
f 1134/1/1134 1198/1/1198 1199/1/1199
f 1134/1/1134 1199/1/1199 1135/1/1135
f 1135/1/1135 1199/1/1199 1200/1/1200
f 1135/1/1135 1200/1/1200 1136/1/1136
f 1136/1/1136 1200/1/1200 1201/1/1201
f 1136/1/1136 1201/1/1201 1137/1/1137
f 1137/1/1137 1201/1/1201 1202/1/1202
f 1137/1/1137 1202/1/1202 1138/1/1138
f 1138/1/1138 1202/1/1202 1203/1/1203
f 1138/1/1138 1203/1/1203 1139/1/1139
f 1139/1/1139 1203/1/1203 1204/1/1204
f 1139/1/1139 1204/1/1204 1140/1/1140
f 1140/1/1140 1204/1/1204 1205/1/1205
f 1140/1/1140 1205/1/1205 1141/1/1141
f 1141/1/1141 1205/1/1205 1206/1/1206
f 1141/1/1141 1206/1/1206 1142/1/1142
f 1142/1/1142 1206/1/1206 1207/1/1207
f 1142/1/1142 1207/1/1207 1143/1/1143
f 1143/1/1143 1207/1/1207 1208/1/1208
f 1143/1/1143 1208/1/1208 1144/1/1144
f 1144/1/1144 1208/1/1208 1209/1/1209
f 1144/1/1144 1209/1/1209 1145/1/1145
f 1145/1/1145 1209/1/1209 1210/1/1210
f 1145/1/1145 1210/1/1210 1146/1/1146
f 1146/1/1146 1210/1/1210 1211/1/1211
f 1146/1/1146 1211/1/1211 1147/1/1147
f 1147/1/1147 1211/1/1211 1212/1/1212
f 1147/1/1147 1212/1/1212 1148/1/1148
f 1148/1/1148 1212/1/1212 1213/1/1213
f 1148/1/1148 1213/1/1213 1149/1/1149
f 1149/1/1149 1213/1/1213 1214/1/1214
f 1149/1/1149 1214/1/1214 1150/1/1150
f 1150/1/1150 1214/1/1214 1215/1/1215
f 1150/1/1150 1215/1/1215 1151/1/1151
f 1151/1/1151 1215/1/1215 1216/1/1216
f 1151/1/1151 1216/1/1216 1152/1/1152
f 1152/1/1152 1216/1/1216 1153/1/1153
f 1152/1/1152 1153/1/1153 1089/1/1089
f 1153/1/1153 1217/1/1217 1218/1/1218
f 1153/1/1153 1218/1/1218 1154/1/1154
f 1154/1/1154 1218/1/1218 1219/1/1219
f 1154/1/1154 1219/1/1219 1155/1/1155
f 1155/1/1155 1219/1/1219 1220/1/1220
f 1155/1/1155 1220/1/1220 1156/1/1156
f 1156/1/1156 1220/1/1220 1221/1/1221
f 1156/1/1156 1221/1/1221 1157/1/1157
f 1157/1/1157 1221/1/1221 1222/1/1222
f 1157/1/1157 1222/1/1222 1158/1/1158
f 1158/1/1158 1222/1/1222 1223/1/1223
f 1158/1/1158 1223/1/1223 1159/1/1159
f 1159/1/1159 1223/1/1223 1224/1/1224
f 1159/1/1159 1224/1/1224 1160/1/1160
f 1160/1/1160 1224/1/1224 1225/1/1225
f 1160/1/1160 1225/1/1225 1161/1/1161
f 1161/1/1161 1225/1/1225 1226/1/1226
f 1161/1/1161 1226/1/1226 1162/1/1162
f 1162/1/1162 1226/1/1226 1227/1/1227
f 1162/1/1162 1227/1/1227 1163/1/1163
f 1163/1/1163 1227/1/1227 1228/1/1228
f 1163/1/1163 1228/1/1228 1164/1/1164
f 1164/1/1164 1228/1/1228 1229/1/1229
f 1164/1/1164 1229/1/1229 1165/1/1165
f 1165/1/1165 1229/1/1229 1230/1/1230
f 1165/1/1165 1230/1/1230 1166/1/1166
f 1166/1/1166 1230/1/1230 1231/1/1231
f 1166/1/1166 1231/1/1231 1167/1/1167
f 1167/1/1167 1231/1/1231 1232/1/1232
f 1167/1/1167 1232/1/1232 1168/1/1168
f 1168/1/1168 1232/1/1232 1233/1/1233
f 1168/1/1168 1233/1/1233 1169/1/1169
f 1169/1/1169 1233/1/1233 1234/1/1234
f 1169/1/1169 1234/1/1234 1170/1/1170
f 1170/1/1170 1234/1/1234 1235/1/1235
f 1170/1/1170 1235/1/1235 1171/1/1171
f 1171/1/1171 1235/1/1235 1236/1/1236
f 1171/1/1171 1236/1/1236 1172/1/1172
f 1172/1/1172 1236/1/1236 1237/1/1237
f 1172/1/1172 1237/1/1237 1173/1/1173
f 1173/1/1173 1237/1/1237 1238/1/1238
f 1173/1/1173 1238/1/1238 1174/1/1174
f 1174/1/1174 1238/1/1238 1239/1/1239
f 1174/1/1174 1239/1/1239 1175/1/1175
f 1175/1/1175 1239/1/1239 1240/1/1240
f 1175/1/1175 1240/1/1240 1176/1/1176
f 1176/1/1176 1240/1/1240 1241/1/1241
f 1176/1/1176 1241/1/1241 1177/1/1177
f 1177/1/1177 1241/1/1241 1242/1/1242
f 1177/1/1177 1242/1/1242 1178/1/1178
f 1178/1/1178 1242/1/1242 1243/1/1243
f 1178/1/1178 1243/1/1243 1179/1/1179
f 1179/1/1179 1243/1/1243 1244/1/1244
f 1179/1/1179 1244/1/1244 1180/1/1180
f 1180/1/1180 1244/1/1244 1245/1/1245
f 1180/1/1180 1245/1/1245 1181/1/1181
f 1181/1/1181 1245/1/1245 1246/1/1246
f 1181/1/1181 1246/1/1246 1182/1/1182
f 1182/1/1182 1246/1/1246 1247/1/1247
f 1182/1/1182 1247/1/1247 1183/1/1183
f 1183/1/1183 1247/1/1247 1248/1/1248
f 1183/1/1183 1248/1/1248 1184/1/1184
f 1184/1/1184 1248/1/1248 1249/1/1249
f 1184/1/1184 1249/1/1249 1185/1/1185
f 1185/1/1185 1249/1/1249 1250/1/1250
f 1185/1/1185 1250/1/1250 1186/1/1186
f 1186/1/1186 1250/1/1250 1251/1/1251
f 1186/1/1186 1251/1/1251 1187/1/1187
f 1187/1/1187 1251/1/1251 1252/1/1252
f 1187/1/1187 1252/1/1252 1188/1/1188
f 1188/1/1188 1252/1/1252 1253/1/1253
f 1188/1/1188 1253/1/1253 1189/1/1189
f 1189/1/1189 1253/1/1253 1254/1/1254
f 1189/1/1189 1254/1/1254 1190/1/1190
f 1190/1/1190 1254/1/1254 1255/1/1255
f 1190/1/1190 1255/1/1255 1191/1/1191
f 1191/1/1191 1255/1/1255 1256/1/1256
f 1191/1/1191 1256/1/1256 1192/1/1192
f 1192/1/1192 1256/1/1256 1257/1/1257
f 1192/1/1192 1257/1/1257 1193/1/1193
f 1193/1/1193 1257/1/1257 1258/1/1258
f 1193/1/1193 1258/1/1258 1194/1/1194
f 1194/1/1194 1258/1/1258 1259/1/1259
f 1194/1/1194 1259/1/1259 1195/1/1195
f 1195/1/1195 1259/1/1259 1260/1/1260
f 1195/1/1195 1260/1/1260 1196/1/1196
f 1196/1/1196 1260/1/1260 1261/1/1261
f 1196/1/1196 1261/1/1261 1197/1/1197
f 1197/1/1197 1261/1/1261 1262/1/1262
f 1197/1/1197 1262/1/1262 1198/1/1198
f 1198/1/1198 1262/1/1262 1263/1/1263
f 1198/1/1198 1263/1/1263 1199/1/1199
f 1199/1/1199 1263/1/1263 1264/1/1264
f 1199/1/1199 1264/1/1264 1200/1/1200
f 1200/1/1200 1264/1/1264 1265/1/1265
f 1200/1/1200 1265/1/1265 1201/1/1201
f 1201/1/1201 1265/1/1265 1266/1/1266
f 1201/1/1201 1266/1/1266 1202/1/1202
f 1202/1/1202 1266/1/1266 1267/1/1267
f 1202/1/1202 1267/1/1267 1203/1/1203
f 1203/1/1203 1267/1/1267 1268/1/1268
f 1203/1/1203 1268/1/1268 1204/1/1204
f 1204/1/1204 1268/1/1268 1269/1/1269
f 1204/1/1204 1269/1/1269 1205/1/1205
f 1205/1/1205 1269/1/1269 1270/1/1270
f 1205/1/1205 1270/1/1270 1206/1/1206
f 1206/1/1206 1270/1/1270 1271/1/1271
f 1206/1/1206 1271/1/1271 1207/1/1207
f 1207/1/1207 1271/1/1271 1272/1/1272
f 1207/1/1207 1272/1/1272 1208/1/1208
f 1208/1/1208 1272/1/1272 1273/1/1273
f 1208/1/1208 1273/1/1273 1209/1/1209
f 1209/1/1209 1273/1/1273 1274/1/1274
f 1209/1/1209 1274/1/1274 1210/1/1210
f 1210/1/1210 1274/1/1274 1275/1/1275
f 1210/1/1210 1275/1/1275 1211/1/1211
f 1211/1/1211 1275/1/1275 1276/1/1276
f 1211/1/1211 1276/1/1276 1212/1/1212
f 1212/1/1212 1276/1/1276 1277/1/1277
f 1212/1/1212 1277/1/1277 1213/1/1213
f 1213/1/1213 1277/1/1277 1278/1/1278
f 1213/1/1213 1278/1/1278 1214/1/1214
f 1214/1/1214 1278/1/1278 1279/1/1279
f 1214/1/1214 1279/1/1279 1215/1/1215
f 1215/1/1215 1279/1/1279 1280/1/1280
f 1215/1/1215 1280/1/1280 1216/1/1216
f 1216/1/1216 1280/1/1280 1217/1/1217
f 1216/1/1216 1217/1/1217 1153/1/1153
f 1217/1/1217 1281/1/1281 1282/1/1282
f 1217/1/1217 1282/1/1282 1218/1/1218
f 1218/1/1218 1282/1/1282 1283/1/1283
f 1218/1/1218 1283/1/1283 1219/1/1219
f 1219/1/1219 1283/1/1283 1284/1/1284
f 1219/1/1219 1284/1/1284 1220/1/1220
f 1220/1/1220 1284/1/1284 1285/1/1285
f 1220/1/1220 1285/1/1285 1221/1/1221
f 1221/1/1221 1285/1/1285 1286/1/1286
f 1221/1/1221 1286/1/1286 1222/1/1222
f 1222/1/1222 1286/1/1286 1287/1/1287
f 1222/1/1222 1287/1/1287 1223/1/1223
f 1223/1/1223 1287/1/1287 1288/1/1288
f 1223/1/1223 1288/1/1288 1224/1/1224
f 1224/1/1224 1288/1/1288 1289/1/1289
f 1224/1/1224 1289/1/1289 1225/1/1225
f 1225/1/1225 1289/1/1289 1290/1/1290
f 1225/1/1225 1290/1/1290 1226/1/1226
f 1226/1/1226 1290/1/1290 1291/1/1291
f 1226/1/1226 1291/1/1291 1227/1/1227
f 1227/1/1227 1291/1/1291 1292/1/1292
f 1227/1/1227 1292/1/1292 1228/1/1228
f 1228/1/1228 1292/1/1292 1293/1/1293
f 1228/1/1228 1293/1/1293 1229/1/1229
f 1229/1/1229 1293/1/1293 1294/1/1294
f 1229/1/1229 1294/1/1294 1230/1/1230
f 1230/1/1230 1294/1/1294 1295/1/1295
f 1230/1/1230 1295/1/1295 1231/1/1231
f 1231/1/1231 1295/1/1295 1296/1/1296
f 1231/1/1231 1296/1/1296 1232/1/1232
f 1232/1/1232 1296/1/1296 1297/1/1297
f 1232/1/1232 1297/1/1297 1233/1/1233
f 1233/1/1233 1297/1/1297 1298/1/1298
f 1233/1/1233 1298/1/1298 1234/1/1234
f 1234/1/1234 1298/1/1298 1299/1/1299
f 1234/1/1234 1299/1/1299 1235/1/1235
f 1235/1/1235 1299/1/1299 1300/1/1300
f 1235/1/1235 1300/1/1300 1236/1/1236
f 1236/1/1236 1300/1/1300 1301/1/1301
f 1236/1/1236 1301/1/1301 1237/1/1237
f 1237/1/1237 1301/1/1301 1302/1/1302
f 1237/1/1237 1302/1/1302 1238/1/1238
f 1238/1/1238 1302/1/1302 1303/1/1303
f 1238/1/1238 1303/1/1303 1239/1/1239
f 1239/1/1239 1303/1/1303 1304/1/1304
f 1239/1/1239 1304/1/1304 1240/1/1240
f 1240/1/1240 1304/1/1304 1305/1/1305
f 1240/1/1240 1305/1/1305 1241/1/1241
f 1241/1/1241 1305/1/1305 1306/1/1306
f 1241/1/1241 1306/1/1306 1242/1/1242
f 1242/1/1242 1306/1/1306 1307/1/1307
f 1242/1/1242 1307/1/1307 1243/1/1243
f 1243/1/1243 1307/1/1307 1308/1/1308
f 1243/1/1243 1308/1/1308 1244/1/1244
f 1244/1/1244 1308/1/1308 1309/1/1309
f 1244/1/1244 1309/1/1309 1245/1/1245
f 1245/1/1245 1309/1/1309 1310/1/1310
f 1245/1/1245 1310/1/1310 1246/1/1246
f 1246/1/1246 1310/1/1310 1311/1/1311
f 1246/1/1246 1311/1/1311 1247/1/1247
f 1247/1/1247 1311/1/1311 1312/1/1312
f 1247/1/1247 1312/1/1312 1248/1/1248
f 1248/1/1248 1312/1/1312 1313/1/1313
f 1248/1/1248 1313/1/1313 1249/1/1249
f 1249/1/1249 1313/1/1313 1314/1/1314
f 1249/1/1249 1314/1/1314 1250/1/1250
f 1250/1/1250 1314/1/1314 1315/1/1315
f 1250/1/1250 1315/1/1315 1251/1/1251
f 1251/1/1251 1315/1/1315 1316/1/1316
f 1251/1/1251 1316/1/1316 1252/1/1252
f 1252/1/1252 1316/1/1316 1317/1/1317
f 1252/1/1252 1317/1/1317 1253/1/1253
f 1253/1/1253 1317/1/1317 1318/1/1318
f 1253/1/1253 1318/1/1318 1254/1/1254
f 1254/1/1254 1318/1/1318 1319/1/1319
f 1254/1/1254 1319/1/1319 1255/1/1255
f 1255/1/1255 1319/1/1319 1320/1/1320
f 1255/1/1255 1320/1/1320 1256/1/1256
f 1256/1/1256 1320/1/1320 1321/1/1321
f 1256/1/1256 1321/1/1321 1257/1/1257
f 1257/1/1257 1321/1/1321 1322/1/1322
f 1257/1/1257 1322/1/1322 1258/1/1258
f 1258/1/1258 1322/1/1322 1323/1/1323
f 1258/1/1258 1323/1/1323 1259/1/1259
f 1259/1/1259 1323/1/1323 1324/1/1324
f 1259/1/1259 1324/1/1324 1260/1/1260
f 1260/1/1260 1324/1/1324 1325/1/1325
f 1260/1/1260 1325/1/1325 1261/1/1261
f 1261/1/1261 1325/1/1325 1326/1/1326
f 1261/1/1261 1326/1/1326 1262/1/1262
f 1262/1/1262 1326/1/1326 1327/1/1327
f 1262/1/1262 1327/1/1327 1263/1/1263
f 1263/1/1263 1327/1/1327 1328/1/1328
f 1263/1/1263 1328/1/1328 1264/1/1264
f 1264/1/1264 1328/1/1328 1329/1/1329
f 1264/1/1264 1329/1/1329 1265/1/1265
f 1265/1/1265 1329/1/1329 1330/1/1330
f 1265/1/1265 1330/1/1330 1266/1/1266
f 1266/1/1266 1330/1/1330 1331/1/1331
f 1266/1/1266 1331/1/1331 1267/1/1267
f 1267/1/1267 1331/1/1331 1332/1/1332
f 1267/1/1267 1332/1/1332 1268/1/1268
f 1268/1/1268 1332/1/1332 1333/1/1333
f 1268/1/1268 1333/1/1333 1269/1/1269
f 1269/1/1269 1333/1/1333 1334/1/1334
f 1269/1/1269 1334/1/1334 1270/1/1270
f 1270/1/1270 1334/1/1334 1335/1/1335
f 1270/1/1270 1335/1/1335 1271/1/1271
f 1271/1/1271 1335/1/1335 1336/1/1336
f 1271/1/1271 1336/1/1336 1272/1/1272
f 1272/1/1272 1336/1/1336 1337/1/1337
f 1272/1/1272 1337/1/1337 1273/1/1273
f 1273/1/1273 1337/1/1337 1338/1/1338
f 1273/1/1273 1338/1/1338 1274/1/1274
f 1274/1/1274 1338/1/1338 1339/1/1339
f 1274/1/1274 1339/1/1339 1275/1/1275
f 1275/1/1275 1339/1/1339 1340/1/1340
f 1275/1/1275 1340/1/1340 1276/1/1276
f 1276/1/1276 1340/1/1340 1341/1/1341
f 1276/1/1276 1341/1/1341 1277/1/1277
f 1277/1/1277 1341/1/1341 1342/1/1342
f 1277/1/1277 1342/1/1342 1278/1/1278
f 1278/1/1278 1342/1/1342 1343/1/1343
f 1278/1/1278 1343/1/1343 1279/1/1279
f 1279/1/1279 1343/1/1343 1344/1/1344
f 1279/1/1279 1344/1/1344 1280/1/1280
f 1280/1/1280 1344/1/1344 1281/1/1281
f 1280/1/1280 1281/1/1281 1217/1/1217
f 1281/1/1281 1345/1/1345 1346/1/1346
f 1281/1/1281 1346/1/1346 1282/1/1282
f 1282/1/1282 1346/1/1346 1347/1/1347
f 1282/1/1282 1347/1/1347 1283/1/1283
f 1283/1/1283 1347/1/1347 1348/1/1348
f 1283/1/1283 1348/1/1348 1284/1/1284
f 1284/1/1284 1348/1/1348 1349/1/1349
f 1284/1/1284 1349/1/1349 1285/1/1285
f 1285/1/1285 1349/1/1349 1350/1/1350
f 1285/1/1285 1350/1/1350 1286/1/1286
f 1286/1/1286 1350/1/1350 1351/1/1351
f 1286/1/1286 1351/1/1351 1287/1/1287
f 1287/1/1287 1351/1/1351 1352/1/1352
f 1287/1/1287 1352/1/1352 1288/1/1288
f 1288/1/1288 1352/1/1352 1353/1/1353
f 1288/1/1288 1353/1/1353 1289/1/1289
f 1289/1/1289 1353/1/1353 1354/1/1354
f 1289/1/1289 1354/1/1354 1290/1/1290
f 1290/1/1290 1354/1/1354 1355/1/1355
f 1290/1/1290 1355/1/1355 1291/1/1291
f 1291/1/1291 1355/1/1355 1356/1/1356
f 1291/1/1291 1356/1/1356 1292/1/1292
f 1292/1/1292 1356/1/1356 1357/1/1357
f 1292/1/1292 1357/1/1357 1293/1/1293
f 1293/1/1293 1357/1/1357 1358/1/1358
f 1293/1/1293 1358/1/1358 1294/1/1294
f 1294/1/1294 1358/1/1358 1359/1/1359
f 1294/1/1294 1359/1/1359 1295/1/1295
f 1295/1/1295 1359/1/1359 1360/1/1360
f 1295/1/1295 1360/1/1360 1296/1/1296
f 1296/1/1296 1360/1/1360 1361/1/1361
f 1296/1/1296 1361/1/1361 1297/1/1297
f 1297/1/1297 1361/1/1361 1362/1/1362
f 1297/1/1297 1362/1/1362 1298/1/1298
f 1298/1/1298 1362/1/1362 1363/1/1363
f 1298/1/1298 1363/1/1363 1299/1/1299
f 1299/1/1299 1363/1/1363 1364/1/1364
f 1299/1/1299 1364/1/1364 1300/1/1300
f 1300/1/1300 1364/1/1364 1365/1/1365
f 1300/1/1300 1365/1/1365 1301/1/1301
f 1301/1/1301 1365/1/1365 1366/1/1366
f 1301/1/1301 1366/1/1366 1302/1/1302
f 1302/1/1302 1366/1/1366 1367/1/1367
f 1302/1/1302 1367/1/1367 1303/1/1303
f 1303/1/1303 1367/1/1367 1368/1/1368
f 1303/1/1303 1368/1/1368 1304/1/1304
f 1304/1/1304 1368/1/1368 1369/1/1369
f 1304/1/1304 1369/1/1369 1305/1/1305
f 1305/1/1305 1369/1/1369 1370/1/1370
f 1305/1/1305 1370/1/1370 1306/1/1306
f 1306/1/1306 1370/1/1370 1371/1/1371
f 1306/1/1306 1371/1/1371 1307/1/1307
f 1307/1/1307 1371/1/1371 1372/1/1372
f 1307/1/1307 1372/1/1372 1308/1/1308
f 1308/1/1308 1372/1/1372 1373/1/1373
f 1308/1/1308 1373/1/1373 1309/1/1309
f 1309/1/1309 1373/1/1373 1374/1/1374
f 1309/1/1309 1374/1/1374 1310/1/1310
f 1310/1/1310 1374/1/1374 1375/1/1375
f 1310/1/1310 1375/1/1375 1311/1/1311
f 1311/1/1311 1375/1/1375 1376/1/1376
f 1311/1/1311 1376/1/1376 1312/1/1312
f 1312/1/1312 1376/1/1376 1377/1/1377
f 1312/1/1312 1377/1/1377 1313/1/1313
f 1313/1/1313 1377/1/1377 1378/1/1378
f 1313/1/1313 1378/1/1378 1314/1/1314
f 1314/1/1314 1378/1/1378 1379/1/1379
f 1314/1/1314 1379/1/1379 1315/1/1315
f 1315/1/1315 1379/1/1379 1380/1/1380
f 1315/1/1315 1380/1/1380 1316/1/1316
f 1316/1/1316 1380/1/1380 1381/1/1381
f 1316/1/1316 1381/1/1381 1317/1/1317
f 1317/1/1317 1381/1/1381 1382/1/1382
f 1317/1/1317 1382/1/1382 1318/1/1318
f 1318/1/1318 1382/1/1382 1383/1/1383
f 1318/1/1318 1383/1/1383 1319/1/1319
f 1319/1/1319 1383/1/1383 1384/1/1384
f 1319/1/1319 1384/1/1384 1320/1/1320
f 1320/1/1320 1384/1/1384 1385/1/1385
f 1320/1/1320 1385/1/1385 1321/1/1321
f 1321/1/1321 1385/1/1385 1386/1/1386
f 1321/1/1321 1386/1/1386 1322/1/1322
f 1322/1/1322 1386/1/1386 1387/1/1387
f 1322/1/1322 1387/1/1387 1323/1/1323
f 1323/1/1323 1387/1/1387 1388/1/1388
f 1323/1/1323 1388/1/1388 1324/1/1324
f 1324/1/1324 1388/1/1388 1389/1/1389
f 1324/1/1324 1389/1/1389 1325/1/1325
f 1325/1/1325 1389/1/1389 1390/1/1390
f 1325/1/1325 1390/1/1390 1326/1/1326
f 1326/1/1326 1390/1/1390 1391/1/1391
f 1326/1/1326 1391/1/1391 1327/1/1327
f 1327/1/1327 1391/1/1391 1392/1/1392
f 1327/1/1327 1392/1/1392 1328/1/1328
f 1328/1/1328 1392/1/1392 1393/1/1393
f 1328/1/1328 1393/1/1393 1329/1/1329
f 1329/1/1329 1393/1/1393 1394/1/1394
f 1329/1/1329 1394/1/1394 1330/1/1330
f 1330/1/1330 1394/1/1394 1395/1/1395
f 1330/1/1330 1395/1/1395 1331/1/1331
f 1331/1/1331 1395/1/1395 1396/1/1396
f 1331/1/1331 1396/1/1396 1332/1/1332
f 1332/1/1332 1396/1/1396 1397/1/1397
f 1332/1/1332 1397/1/1397 1333/1/1333
f 1333/1/1333 1397/1/1397 1398/1/1398
f 1333/1/1333 1398/1/1398 1334/1/1334
f 1334/1/1334 1398/1/1398 1399/1/1399
f 1334/1/1334 1399/1/1399 1335/1/1335
f 1335/1/1335 1399/1/1399 1400/1/1400
f 1335/1/1335 1400/1/1400 1336/1/1336
f 1336/1/1336 1400/1/1400 1401/1/1401
f 1336/1/1336 1401/1/1401 1337/1/1337
f 1337/1/1337 1401/1/1401 1402/1/1402
f 1337/1/1337 1402/1/1402 1338/1/1338
f 1338/1/1338 1402/1/1402 1403/1/1403
f 1338/1/1338 1403/1/1403 1339/1/1339
f 1339/1/1339 1403/1/1403 1404/1/1404
f 1339/1/1339 1404/1/1404 1340/1/1340
f 1340/1/1340 1404/1/1404 1405/1/1405
f 1340/1/1340 1405/1/1405 1341/1/1341
f 1341/1/1341 1405/1/1405 1406/1/1406
f 1341/1/1341 1406/1/1406 1342/1/1342
f 1342/1/1342 1406/1/1406 1407/1/1407
f 1342/1/1342 1407/1/1407 1343/1/1343
f 1343/1/1343 1407/1/1407 1408/1/1408
f 1343/1/1343 1408/1/1408 1344/1/1344
f 1344/1/1344 1408/1/1408 1345/1/1345
f 1344/1/1344 1345/1/1345 1281/1/1281
f 1345/1/1345 1409/1/1409 1410/1/1410
f 1345/1/1345 1410/1/1410 1346/1/1346
f 1346/1/1346 1410/1/1410 1411/1/1411
f 1346/1/1346 1411/1/1411 1347/1/1347
f 1347/1/1347 1411/1/1411 1412/1/1412
f 1347/1/1347 1412/1/1412 1348/1/1348
f 1348/1/1348 1412/1/1412 1413/1/1413
f 1348/1/1348 1413/1/1413 1349/1/1349
f 1349/1/1349 1413/1/1413 1414/1/1414
f 1349/1/1349 1414/1/1414 1350/1/1350
f 1350/1/1350 1414/1/1414 1415/1/1415
f 1350/1/1350 1415/1/1415 1351/1/1351
f 1351/1/1351 1415/1/1415 1416/1/1416
f 1351/1/1351 1416/1/1416 1352/1/1352
f 1352/1/1352 1416/1/1416 1417/1/1417
f 1352/1/1352 1417/1/1417 1353/1/1353
f 1353/1/1353 1417/1/1417 1418/1/1418
f 1353/1/1353 1418/1/1418 1354/1/1354
f 1354/1/1354 1418/1/1418 1419/1/1419
f 1354/1/1354 1419/1/1419 1355/1/1355
f 1355/1/1355 1419/1/1419 1420/1/1420
f 1355/1/1355 1420/1/1420 1356/1/1356
f 1356/1/1356 1420/1/1420 1421/1/1421
f 1356/1/1356 1421/1/1421 1357/1/1357
f 1357/1/1357 1421/1/1421 1422/1/1422
f 1357/1/1357 1422/1/1422 1358/1/1358
f 1358/1/1358 1422/1/1422 1423/1/1423
f 1358/1/1358 1423/1/1423 1359/1/1359
f 1359/1/1359 1423/1/1423 1424/1/1424
f 1359/1/1359 1424/1/1424 1360/1/1360
f 1360/1/1360 1424/1/1424 1425/1/1425
f 1360/1/1360 1425/1/1425 1361/1/1361
f 1361/1/1361 1425/1/1425 1426/1/1426
f 1361/1/1361 1426/1/1426 1362/1/1362
f 1362/1/1362 1426/1/1426 1427/1/1427
f 1362/1/1362 1427/1/1427 1363/1/1363
f 1363/1/1363 1427/1/1427 1428/1/1428
f 1363/1/1363 1428/1/1428 1364/1/1364
f 1364/1/1364 1428/1/1428 1429/1/1429
f 1364/1/1364 1429/1/1429 1365/1/1365
f 1365/1/1365 1429/1/1429 1430/1/1430
f 1365/1/1365 1430/1/1430 1366/1/1366
f 1366/1/1366 1430/1/1430 1431/1/1431
f 1366/1/1366 1431/1/1431 1367/1/1367
f 1367/1/1367 1431/1/1431 1432/1/1432
f 1367/1/1367 1432/1/1432 1368/1/1368
f 1368/1/1368 1432/1/1432 1433/1/1433
f 1368/1/1368 1433/1/1433 1369/1/1369
f 1369/1/1369 1433/1/1433 1434/1/1434
f 1369/1/1369 1434/1/1434 1370/1/1370
f 1370/1/1370 1434/1/1434 1435/1/1435
f 1370/1/1370 1435/1/1435 1371/1/1371
f 1371/1/1371 1435/1/1435 1436/1/1436
f 1371/1/1371 1436/1/1436 1372/1/1372
f 1372/1/1372 1436/1/1436 1437/1/1437
f 1372/1/1372 1437/1/1437 1373/1/1373
f 1373/1/1373 1437/1/1437 1438/1/1438
f 1373/1/1373 1438/1/1438 1374/1/1374
f 1374/1/1374 1438/1/1438 1439/1/1439
f 1374/1/1374 1439/1/1439 1375/1/1375
f 1375/1/1375 1439/1/1439 1440/1/1440
f 1375/1/1375 1440/1/1440 1376/1/1376
f 1376/1/1376 1440/1/1440 1441/1/1441
f 1376/1/1376 1441/1/1441 1377/1/1377
f 1377/1/1377 1441/1/1441 1442/1/1442
f 1377/1/1377 1442/1/1442 1378/1/1378
f 1378/1/1378 1442/1/1442 1443/1/1443
f 1378/1/1378 1443/1/1443 1379/1/1379
f 1379/1/1379 1443/1/1443 1444/1/1444
f 1379/1/1379 1444/1/1444 1380/1/1380
f 1380/1/1380 1444/1/1444 1445/1/1445
f 1380/1/1380 1445/1/1445 1381/1/1381
f 1381/1/1381 1445/1/1445 1446/1/1446
f 1381/1/1381 1446/1/1446 1382/1/1382
f 1382/1/1382 1446/1/1446 1447/1/1447
f 1382/1/1382 1447/1/1447 1383/1/1383
f 1383/1/1383 1447/1/1447 1448/1/1448
f 1383/1/1383 1448/1/1448 1384/1/1384
f 1384/1/1384 1448/1/1448 1449/1/1449
f 1384/1/1384 1449/1/1449 1385/1/1385
f 1385/1/1385 1449/1/1449 1450/1/1450
f 1385/1/1385 1450/1/1450 1386/1/1386
f 1386/1/1386 1450/1/1450 1451/1/1451
f 1386/1/1386 1451/1/1451 1387/1/1387
f 1387/1/1387 1451/1/1451 1452/1/1452
f 1387/1/1387 1452/1/1452 1388/1/1388
f 1388/1/1388 1452/1/1452 1453/1/1453
f 1388/1/1388 1453/1/1453 1389/1/1389
f 1389/1/1389 1453/1/1453 1454/1/1454
f 1389/1/1389 1454/1/1454 1390/1/1390
f 1390/1/1390 1454/1/1454 1455/1/1455
f 1390/1/1390 1455/1/1455 1391/1/1391
f 1391/1/1391 1455/1/1455 1456/1/1456
f 1391/1/1391 1456/1/1456 1392/1/1392
f 1392/1/1392 1456/1/1456 1457/1/1457
f 1392/1/1392 1457/1/1457 1393/1/1393
f 1393/1/1393 1457/1/1457 1458/1/1458
f 1393/1/1393 1458/1/1458 1394/1/1394
f 1394/1/1394 1458/1/1458 1459/1/1459
f 1394/1/1394 1459/1/1459 1395/1/1395
f 1395/1/1395 1459/1/1459 1460/1/1460
f 1395/1/1395 1460/1/1460 1396/1/1396
f 1396/1/1396 1460/1/1460 1461/1/1461
f 1396/1/1396 1461/1/1461 1397/1/1397
f 1397/1/1397 1461/1/1461 1462/1/1462
f 1397/1/1397 1462/1/1462 1398/1/1398
f 1398/1/1398 1462/1/1462 1463/1/1463
f 1398/1/1398 1463/1/1463 1399/1/1399
f 1399/1/1399 1463/1/1463 1464/1/1464
f 1399/1/1399 1464/1/1464 1400/1/1400
f 1400/1/1400 1464/1/1464 1465/1/1465
f 1400/1/1400 1465/1/1465 1401/1/1401
f 1401/1/1401 1465/1/1465 1466/1/1466
f 1401/1/1401 1466/1/1466 1402/1/1402
f 1402/1/1402 1466/1/1466 1467/1/1467
f 1402/1/1402 1467/1/1467 1403/1/1403
f 1403/1/1403 1467/1/1467 1468/1/1468
f 1403/1/1403 1468/1/1468 1404/1/1404
f 1404/1/1404 1468/1/1468 1469/1/1469
f 1404/1/1404 1469/1/1469 1405/1/1405
f 1405/1/1405 1469/1/1469 1470/1/1470
f 1405/1/1405 1470/1/1470 1406/1/1406
f 1406/1/1406 1470/1/1470 1471/1/1471
f 1406/1/1406 1471/1/1471 1407/1/1407
f 1407/1/1407 1471/1/1471 1472/1/1472
f 1407/1/1407 1472/1/1472 1408/1/1408
f 1408/1/1408 1472/1/1472 1409/1/1409
f 1408/1/1408 1409/1/1409 1345/1/1345
f 1409/1/1409 1473/1/1473 1474/1/1474
f 1409/1/1409 1474/1/1474 1410/1/1410
f 1410/1/1410 1474/1/1474 1475/1/1475
f 1410/1/1410 1475/1/1475 1411/1/1411
f 1411/1/1411 1475/1/1475 1476/1/1476
f 1411/1/1411 1476/1/1476 1412/1/1412
f 1412/1/1412 1476/1/1476 1477/1/1477
f 1412/1/1412 1477/1/1477 1413/1/1413
f 1413/1/1413 1477/1/1477 1478/1/1478
f 1413/1/1413 1478/1/1478 1414/1/1414
f 1414/1/1414 1478/1/1478 1479/1/1479
f 1414/1/1414 1479/1/1479 1415/1/1415
f 1415/1/1415 1479/1/1479 1480/1/1480
f 1415/1/1415 1480/1/1480 1416/1/1416
f 1416/1/1416 1480/1/1480 1481/1/1481
f 1416/1/1416 1481/1/1481 1417/1/1417
f 1417/1/1417 1481/1/1481 1482/1/1482
f 1417/1/1417 1482/1/1482 1418/1/1418
f 1418/1/1418 1482/1/1482 1483/1/1483
f 1418/1/1418 1483/1/1483 1419/1/1419
f 1419/1/1419 1483/1/1483 1484/1/1484
f 1419/1/1419 1484/1/1484 1420/1/1420
f 1420/1/1420 1484/1/1484 1485/1/1485
f 1420/1/1420 1485/1/1485 1421/1/1421
f 1421/1/1421 1485/1/1485 1486/1/1486
f 1421/1/1421 1486/1/1486 1422/1/1422
f 1422/1/1422 1486/1/1486 1487/1/1487
f 1422/1/1422 1487/1/1487 1423/1/1423
f 1423/1/1423 1487/1/1487 1488/1/1488
f 1423/1/1423 1488/1/1488 1424/1/1424
f 1424/1/1424 1488/1/1488 1489/1/1489
f 1424/1/1424 1489/1/1489 1425/1/1425
f 1425/1/1425 1489/1/1489 1490/1/1490
f 1425/1/1425 1490/1/1490 1426/1/1426
f 1426/1/1426 1490/1/1490 1491/1/1491
f 1426/1/1426 1491/1/1491 1427/1/1427
f 1427/1/1427 1491/1/1491 1492/1/1492
f 1427/1/1427 1492/1/1492 1428/1/1428
f 1428/1/1428 1492/1/1492 1493/1/1493
f 1428/1/1428 1493/1/1493 1429/1/1429
f 1429/1/1429 1493/1/1493 1494/1/1494
f 1429/1/1429 1494/1/1494 1430/1/1430
f 1430/1/1430 1494/1/1494 1495/1/1495
f 1430/1/1430 1495/1/1495 1431/1/1431
f 1431/1/1431 1495/1/1495 1496/1/1496
f 1431/1/1431 1496/1/1496 1432/1/1432
f 1432/1/1432 1496/1/1496 1497/1/1497
f 1432/1/1432 1497/1/1497 1433/1/1433
f 1433/1/1433 1497/1/1497 1498/1/1498
f 1433/1/1433 1498/1/1498 1434/1/1434
f 1434/1/1434 1498/1/1498 1499/1/1499
f 1434/1/1434 1499/1/1499 1435/1/1435
f 1435/1/1435 1499/1/1499 1500/1/1500
f 1435/1/1435 1500/1/1500 1436/1/1436
f 1436/1/1436 1500/1/1500 1501/1/1501
f 1436/1/1436 1501/1/1501 1437/1/1437
f 1437/1/1437 1501/1/1501 1502/1/1502
f 1437/1/1437 1502/1/1502 1438/1/1438
f 1438/1/1438 1502/1/1502 1503/1/1503
f 1438/1/1438 1503/1/1503 1439/1/1439
f 1439/1/1439 1503/1/1503 1504/1/1504
f 1439/1/1439 1504/1/1504 1440/1/1440
f 1440/1/1440 1504/1/1504 1505/1/1505
f 1440/1/1440 1505/1/1505 1441/1/1441
f 1441/1/1441 1505/1/1505 1506/1/1506
f 1441/1/1441 1506/1/1506 1442/1/1442
f 1442/1/1442 1506/1/1506 1507/1/1507
f 1442/1/1442 1507/1/1507 1443/1/1443
f 1443/1/1443 1507/1/1507 1508/1/1508
f 1443/1/1443 1508/1/1508 1444/1/1444
f 1444/1/1444 1508/1/1508 1509/1/1509
f 1444/1/1444 1509/1/1509 1445/1/1445
f 1445/1/1445 1509/1/1509 1510/1/1510
f 1445/1/1445 1510/1/1510 1446/1/1446
f 1446/1/1446 1510/1/1510 1511/1/1511
f 1446/1/1446 1511/1/1511 1447/1/1447
f 1447/1/1447 1511/1/1511 1512/1/1512
f 1447/1/1447 1512/1/1512 1448/1/1448
f 1448/1/1448 1512/1/1512 1513/1/1513
f 1448/1/1448 1513/1/1513 1449/1/1449
f 1449/1/1449 1513/1/1513 1514/1/1514
f 1449/1/1449 1514/1/1514 1450/1/1450
f 1450/1/1450 1514/1/1514 1515/1/1515
f 1450/1/1450 1515/1/1515 1451/1/1451
f 1451/1/1451 1515/1/1515 1516/1/1516
f 1451/1/1451 1516/1/1516 1452/1/1452
f 1452/1/1452 1516/1/1516 1517/1/1517
f 1452/1/1452 1517/1/1517 1453/1/1453
f 1453/1/1453 1517/1/1517 1518/1/1518
f 1453/1/1453 1518/1/1518 1454/1/1454
f 1454/1/1454 1518/1/1518 1519/1/1519
f 1454/1/1454 1519/1/1519 1455/1/1455
f 1455/1/1455 1519/1/1519 1520/1/1520
f 1455/1/1455 1520/1/1520 1456/1/1456
f 1456/1/1456 1520/1/1520 1521/1/1521
f 1456/1/1456 1521/1/1521 1457/1/1457
f 1457/1/1457 1521/1/1521 1522/1/1522
f 1457/1/1457 1522/1/1522 1458/1/1458
f 1458/1/1458 1522/1/1522 1523/1/1523
f 1458/1/1458 1523/1/1523 1459/1/1459
f 1459/1/1459 1523/1/1523 1524/1/1524
f 1459/1/1459 1524/1/1524 1460/1/1460
f 1460/1/1460 1524/1/1524 1525/1/1525
f 1460/1/1460 1525/1/1525 1461/1/1461
f 1461/1/1461 1525/1/1525 1526/1/1526
f 1461/1/1461 1526/1/1526 1462/1/1462
f 1462/1/1462 1526/1/1526 1527/1/1527
f 1462/1/1462 1527/1/1527 1463/1/1463
f 1463/1/1463 1527/1/1527 1528/1/1528
f 1463/1/1463 1528/1/1528 1464/1/1464
f 1464/1/1464 1528/1/1528 1529/1/1529
f 1464/1/1464 1529/1/1529 1465/1/1465
f 1465/1/1465 1529/1/1529 1530/1/1530
f 1465/1/1465 1530/1/1530 1466/1/1466
f 1466/1/1466 1530/1/1530 1531/1/1531
f 1466/1/1466 1531/1/1531 1467/1/1467
f 1467/1/1467 1531/1/1531 1532/1/1532
f 1467/1/1467 1532/1/1532 1468/1/1468
f 1468/1/1468 1532/1/1532 1533/1/1533
f 1468/1/1468 1533/1/1533 1469/1/1469
f 1469/1/1469 1533/1/1533 1534/1/1534
f 1469/1/1469 1534/1/1534 1470/1/1470
f 1470/1/1470 1534/1/1534 1535/1/1535
f 1470/1/1470 1535/1/1535 1471/1/1471
f 1471/1/1471 1535/1/1535 1536/1/1536
f 1471/1/1471 1536/1/1536 1472/1/1472
f 1472/1/1472 1536/1/1536 1473/1/1473
f 1472/1/1472 1473/1/1473 1409/1/1409
f 1473/1/1473 1537/1/1537 1538/1/1538
f 1473/1/1473 1538/1/1538 1474/1/1474
f 1474/1/1474 1538/1/1538 1539/1/1539
f 1474/1/1474 1539/1/1539 1475/1/1475
f 1475/1/1475 1539/1/1539 1540/1/1540
f 1475/1/1475 1540/1/1540 1476/1/1476
f 1476/1/1476 1540/1/1540 1541/1/1541
f 1476/1/1476 1541/1/1541 1477/1/1477
f 1477/1/1477 1541/1/1541 1542/1/1542
f 1477/1/1477 1542/1/1542 1478/1/1478
f 1478/1/1478 1542/1/1542 1543/1/1543
f 1478/1/1478 1543/1/1543 1479/1/1479
f 1479/1/1479 1543/1/1543 1544/1/1544
f 1479/1/1479 1544/1/1544 1480/1/1480
f 1480/1/1480 1544/1/1544 1545/1/1545
f 1480/1/1480 1545/1/1545 1481/1/1481
f 1481/1/1481 1545/1/1545 1546/1/1546
f 1481/1/1481 1546/1/1546 1482/1/1482
f 1482/1/1482 1546/1/1546 1547/1/1547
f 1482/1/1482 1547/1/1547 1483/1/1483
f 1483/1/1483 1547/1/1547 1548/1/1548
f 1483/1/1483 1548/1/1548 1484/1/1484
f 1484/1/1484 1548/1/1548 1549/1/1549
f 1484/1/1484 1549/1/1549 1485/1/1485
f 1485/1/1485 1549/1/1549 1550/1/1550
f 1485/1/1485 1550/1/1550 1486/1/1486
f 1486/1/1486 1550/1/1550 1551/1/1551
f 1486/1/1486 1551/1/1551 1487/1/1487
f 1487/1/1487 1551/1/1551 1552/1/1552
f 1487/1/1487 1552/1/1552 1488/1/1488
f 1488/1/1488 1552/1/1552 1553/1/1553
f 1488/1/1488 1553/1/1553 1489/1/1489
f 1489/1/1489 1553/1/1553 1554/1/1554
f 1489/1/1489 1554/1/1554 1490/1/1490
f 1490/1/1490 1554/1/1554 1555/1/1555
f 1490/1/1490 1555/1/1555 1491/1/1491
f 1491/1/1491 1555/1/1555 1556/1/1556
f 1491/1/1491 1556/1/1556 1492/1/1492
f 1492/1/1492 1556/1/1556 1557/1/1557
f 1492/1/1492 1557/1/1557 1493/1/1493
f 1493/1/1493 1557/1/1557 1558/1/1558
f 1493/1/1493 1558/1/1558 1494/1/1494
f 1494/1/1494 1558/1/1558 1559/1/1559
f 1494/1/1494 1559/1/1559 1495/1/1495
f 1495/1/1495 1559/1/1559 1560/1/1560
f 1495/1/1495 1560/1/1560 1496/1/1496
f 1496/1/1496 1560/1/1560 1561/1/1561
f 1496/1/1496 1561/1/1561 1497/1/1497
f 1497/1/1497 1561/1/1561 1562/1/1562
f 1497/1/1497 1562/1/1562 1498/1/1498
f 1498/1/1498 1562/1/1562 1563/1/1563
f 1498/1/1498 1563/1/1563 1499/1/1499
f 1499/1/1499 1563/1/1563 1564/1/1564
f 1499/1/1499 1564/1/1564 1500/1/1500
f 1500/1/1500 1564/1/1564 1565/1/1565
f 1500/1/1500 1565/1/1565 1501/1/1501
f 1501/1/1501 1565/1/1565 1566/1/1566
f 1501/1/1501 1566/1/1566 1502/1/1502
f 1502/1/1502 1566/1/1566 1567/1/1567
f 1502/1/1502 1567/1/1567 1503/1/1503
f 1503/1/1503 1567/1/1567 1568/1/1568
f 1503/1/1503 1568/1/1568 1504/1/1504
f 1504/1/1504 1568/1/1568 1569/1/1569
f 1504/1/1504 1569/1/1569 1505/1/1505
f 1505/1/1505 1569/1/1569 1570/1/1570
f 1505/1/1505 1570/1/1570 1506/1/1506
f 1506/1/1506 1570/1/1570 1571/1/1571
f 1506/1/1506 1571/1/1571 1507/1/1507
f 1507/1/1507 1571/1/1571 1572/1/1572
f 1507/1/1507 1572/1/1572 1508/1/1508
f 1508/1/1508 1572/1/1572 1573/1/1573
f 1508/1/1508 1573/1/1573 1509/1/1509
f 1509/1/1509 1573/1/1573 1574/1/1574
f 1509/1/1509 1574/1/1574 1510/1/1510
f 1510/1/1510 1574/1/1574 1575/1/1575
f 1510/1/1510 1575/1/1575 1511/1/1511
f 1511/1/1511 1575/1/1575 1576/1/1576
f 1511/1/1511 1576/1/1576 1512/1/1512
f 1512/1/1512 1576/1/1576 1577/1/1577
f 1512/1/1512 1577/1/1577 1513/1/1513
f 1513/1/1513 1577/1/1577 1578/1/1578
f 1513/1/1513 1578/1/1578 1514/1/1514
f 1514/1/1514 1578/1/1578 1579/1/1579
f 1514/1/1514 1579/1/1579 1515/1/1515
f 1515/1/1515 1579/1/1579 1580/1/1580
f 1515/1/1515 1580/1/1580 1516/1/1516
f 1516/1/1516 1580/1/1580 1581/1/1581
f 1516/1/1516 1581/1/1581 1517/1/1517
f 1517/1/1517 1581/1/1581 1582/1/1582
f 1517/1/1517 1582/1/1582 1518/1/1518
f 1518/1/1518 1582/1/1582 1583/1/1583
f 1518/1/1518 1583/1/1583 1519/1/1519
f 1519/1/1519 1583/1/1583 1584/1/1584
f 1519/1/1519 1584/1/1584 1520/1/1520
f 1520/1/1520 1584/1/1584 1585/1/1585
f 1520/1/1520 1585/1/1585 1521/1/1521
f 1521/1/1521 1585/1/1585 1586/1/1586
f 1521/1/1521 1586/1/1586 1522/1/1522
f 1522/1/1522 1586/1/1586 1587/1/1587
f 1522/1/1522 1587/1/1587 1523/1/1523
f 1523/1/1523 1587/1/1587 1588/1/1588
f 1523/1/1523 1588/1/1588 1524/1/1524
f 1524/1/1524 1588/1/1588 1589/1/1589
f 1524/1/1524 1589/1/1589 1525/1/1525
f 1525/1/1525 1589/1/1589 1590/1/1590
f 1525/1/1525 1590/1/1590 1526/1/1526
f 1526/1/1526 1590/1/1590 1591/1/1591
f 1526/1/1526 1591/1/1591 1527/1/1527
f 1527/1/1527 1591/1/1591 1592/1/1592
f 1527/1/1527 1592/1/1592 1528/1/1528
f 1528/1/1528 1592/1/1592 1593/1/1593
f 1528/1/1528 1593/1/1593 1529/1/1529
f 1529/1/1529 1593/1/1593 1594/1/1594
f 1529/1/1529 1594/1/1594 1530/1/1530
f 1530/1/1530 1594/1/1594 1595/1/1595
f 1530/1/1530 1595/1/1595 1531/1/1531
f 1531/1/1531 1595/1/1595 1596/1/1596
f 1531/1/1531 1596/1/1596 1532/1/1532
f 1532/1/1532 1596/1/1596 1597/1/1597
f 1532/1/1532 1597/1/1597 1533/1/1533
f 1533/1/1533 1597/1/1597 1598/1/1598
f 1533/1/1533 1598/1/1598 1534/1/1534
f 1534/1/1534 1598/1/1598 1599/1/1599
f 1534/1/1534 1599/1/1599 1535/1/1535
f 1535/1/1535 1599/1/1599 1600/1/1600
f 1535/1/1535 1600/1/1600 1536/1/1536
f 1536/1/1536 1600/1/1600 1537/1/1537
f 1536/1/1536 1537/1/1537 1473/1/1473
f 1537/1/1537 1601/1/1601 1602/1/1602
f 1537/1/1537 1602/1/1602 1538/1/1538
f 1538/1/1538 1602/1/1602 1603/1/1603
f 1538/1/1538 1603/1/1603 1539/1/1539
f 1539/1/1539 1603/1/1603 1604/1/1604
f 1539/1/1539 1604/1/1604 1540/1/1540
f 1540/1/1540 1604/1/1604 1605/1/1605
f 1540/1/1540 1605/1/1605 1541/1/1541
f 1541/1/1541 1605/1/1605 1606/1/1606
f 1541/1/1541 1606/1/1606 1542/1/1542
f 1542/1/1542 1606/1/1606 1607/1/1607
f 1542/1/1542 1607/1/1607 1543/1/1543
f 1543/1/1543 1607/1/1607 1608/1/1608
f 1543/1/1543 1608/1/1608 1544/1/1544
f 1544/1/1544 1608/1/1608 1609/1/1609
f 1544/1/1544 1609/1/1609 1545/1/1545
f 1545/1/1545 1609/1/1609 1610/1/1610
f 1545/1/1545 1610/1/1610 1546/1/1546
f 1546/1/1546 1610/1/1610 1611/1/1611
f 1546/1/1546 1611/1/1611 1547/1/1547
f 1547/1/1547 1611/1/1611 1612/1/1612
f 1547/1/1547 1612/1/1612 1548/1/1548
f 1548/1/1548 1612/1/1612 1613/1/1613
f 1548/1/1548 1613/1/1613 1549/1/1549
f 1549/1/1549 1613/1/1613 1614/1/1614
f 1549/1/1549 1614/1/1614 1550/1/1550
f 1550/1/1550 1614/1/1614 1615/1/1615
f 1550/1/1550 1615/1/1615 1551/1/1551
f 1551/1/1551 1615/1/1615 1616/1/1616
f 1551/1/1551 1616/1/1616 1552/1/1552
f 1552/1/1552 1616/1/1616 1617/1/1617
f 1552/1/1552 1617/1/1617 1553/1/1553
f 1553/1/1553 1617/1/1617 1618/1/1618
f 1553/1/1553 1618/1/1618 1554/1/1554
f 1554/1/1554 1618/1/1618 1619/1/1619
f 1554/1/1554 1619/1/1619 1555/1/1555
f 1555/1/1555 1619/1/1619 1620/1/1620
f 1555/1/1555 1620/1/1620 1556/1/1556
f 1556/1/1556 1620/1/1620 1621/1/1621
f 1556/1/1556 1621/1/1621 1557/1/1557
f 1557/1/1557 1621/1/1621 1622/1/1622
f 1557/1/1557 1622/1/1622 1558/1/1558
f 1558/1/1558 1622/1/1622 1623/1/1623
f 1558/1/1558 1623/1/1623 1559/1/1559
f 1559/1/1559 1623/1/1623 1624/1/1624
f 1559/1/1559 1624/1/1624 1560/1/1560
f 1560/1/1560 1624/1/1624 1625/1/1625
f 1560/1/1560 1625/1/1625 1561/1/1561
f 1561/1/1561 1625/1/1625 1626/1/1626
f 1561/1/1561 1626/1/1626 1562/1/1562
f 1562/1/1562 1626/1/1626 1627/1/1627
f 1562/1/1562 1627/1/1627 1563/1/1563
f 1563/1/1563 1627/1/1627 1628/1/1628
f 1563/1/1563 1628/1/1628 1564/1/1564
f 1564/1/1564 1628/1/1628 1629/1/1629
f 1564/1/1564 1629/1/1629 1565/1/1565
f 1565/1/1565 1629/1/1629 1630/1/1630
f 1565/1/1565 1630/1/1630 1566/1/1566
f 1566/1/1566 1630/1/1630 1631/1/1631
f 1566/1/1566 1631/1/1631 1567/1/1567
f 1567/1/1567 1631/1/1631 1632/1/1632
f 1567/1/1567 1632/1/1632 1568/1/1568
f 1568/1/1568 1632/1/1632 1633/1/1633
f 1568/1/1568 1633/1/1633 1569/1/1569
f 1569/1/1569 1633/1/1633 1634/1/1634
f 1569/1/1569 1634/1/1634 1570/1/1570
f 1570/1/1570 1634/1/1634 1635/1/1635
f 1570/1/1570 1635/1/1635 1571/1/1571
f 1571/1/1571 1635/1/1635 1636/1/1636
f 1571/1/1571 1636/1/1636 1572/1/1572
f 1572/1/1572 1636/1/1636 1637/1/1637
f 1572/1/1572 1637/1/1637 1573/1/1573
f 1573/1/1573 1637/1/1637 1638/1/1638
f 1573/1/1573 1638/1/1638 1574/1/1574
f 1574/1/1574 1638/1/1638 1639/1/1639
f 1574/1/1574 1639/1/1639 1575/1/1575
f 1575/1/1575 1639/1/1639 1640/1/1640
f 1575/1/1575 1640/1/1640 1576/1/1576
f 1576/1/1576 1640/1/1640 1641/1/1641
f 1576/1/1576 1641/1/1641 1577/1/1577
f 1577/1/1577 1641/1/1641 1642/1/1642
f 1577/1/1577 1642/1/1642 1578/1/1578
f 1578/1/1578 1642/1/1642 1643/1/1643
f 1578/1/1578 1643/1/1643 1579/1/1579
f 1579/1/1579 1643/1/1643 1644/1/1644
f 1579/1/1579 1644/1/1644 1580/1/1580
f 1580/1/1580 1644/1/1644 1645/1/1645
f 1580/1/1580 1645/1/1645 1581/1/1581
f 1581/1/1581 1645/1/1645 1646/1/1646
f 1581/1/1581 1646/1/1646 1582/1/1582
f 1582/1/1582 1646/1/1646 1647/1/1647
f 1582/1/1582 1647/1/1647 1583/1/1583
f 1583/1/1583 1647/1/1647 1648/1/1648
f 1583/1/1583 1648/1/1648 1584/1/1584
f 1584/1/1584 1648/1/1648 1649/1/1649
f 1584/1/1584 1649/1/1649 1585/1/1585
f 1585/1/1585 1649/1/1649 1650/1/1650
f 1585/1/1585 1650/1/1650 1586/1/1586
f 1586/1/1586 1650/1/1650 1651/1/1651
f 1586/1/1586 1651/1/1651 1587/1/1587
f 1587/1/1587 1651/1/1651 1652/1/1652
f 1587/1/1587 1652/1/1652 1588/1/1588
f 1588/1/1588 1652/1/1652 1653/1/1653
f 1588/1/1588 1653/1/1653 1589/1/1589
f 1589/1/1589 1653/1/1653 1654/1/1654
f 1589/1/1589 1654/1/1654 1590/1/1590
f 1590/1/1590 1654/1/1654 1655/1/1655
f 1590/1/1590 1655/1/1655 1591/1/1591
f 1591/1/1591 1655/1/1655 1656/1/1656
f 1591/1/1591 1656/1/1656 1592/1/1592
f 1592/1/1592 1656/1/1656 1657/1/1657
f 1592/1/1592 1657/1/1657 1593/1/1593
f 1593/1/1593 1657/1/1657 1658/1/1658
f 1593/1/1593 1658/1/1658 1594/1/1594
f 1594/1/1594 1658/1/1658 1659/1/1659
f 1594/1/1594 1659/1/1659 1595/1/1595
f 1595/1/1595 1659/1/1659 1660/1/1660
f 1595/1/1595 1660/1/1660 1596/1/1596
f 1596/1/1596 1660/1/1660 1661/1/1661
f 1596/1/1596 1661/1/1661 1597/1/1597
f 1597/1/1597 1661/1/1661 1662/1/1662
f 1597/1/1597 1662/1/1662 1598/1/1598
f 1598/1/1598 1662/1/1662 1663/1/1663
f 1598/1/1598 1663/1/1663 1599/1/1599
f 1599/1/1599 1663/1/1663 1664/1/1664
f 1599/1/1599 1664/1/1664 1600/1/1600
f 1600/1/1600 1664/1/1664 1601/1/1601
f 1600/1/1600 1601/1/1601 1537/1/1537
f 1601/1/1601 1665/1/1665 1666/1/1666
f 1601/1/1601 1666/1/1666 1602/1/1602
f 1602/1/1602 1666/1/1666 1667/1/1667
f 1602/1/1602 1667/1/1667 1603/1/1603
f 1603/1/1603 1667/1/1667 1668/1/1668
f 1603/1/1603 1668/1/1668 1604/1/1604
f 1604/1/1604 1668/1/1668 1669/1/1669
f 1604/1/1604 1669/1/1669 1605/1/1605
f 1605/1/1605 1669/1/1669 1670/1/1670
f 1605/1/1605 1670/1/1670 1606/1/1606
f 1606/1/1606 1670/1/1670 1671/1/1671
f 1606/1/1606 1671/1/1671 1607/1/1607
f 1607/1/1607 1671/1/1671 1672/1/1672
f 1607/1/1607 1672/1/1672 1608/1/1608
f 1608/1/1608 1672/1/1672 1673/1/1673
f 1608/1/1608 1673/1/1673 1609/1/1609
f 1609/1/1609 1673/1/1673 1674/1/1674
f 1609/1/1609 1674/1/1674 1610/1/1610
f 1610/1/1610 1674/1/1674 1675/1/1675
f 1610/1/1610 1675/1/1675 1611/1/1611
f 1611/1/1611 1675/1/1675 1676/1/1676
f 1611/1/1611 1676/1/1676 1612/1/1612
f 1612/1/1612 1676/1/1676 1677/1/1677
f 1612/1/1612 1677/1/1677 1613/1/1613
f 1613/1/1613 1677/1/1677 1678/1/1678
f 1613/1/1613 1678/1/1678 1614/1/1614
f 1614/1/1614 1678/1/1678 1679/1/1679
f 1614/1/1614 1679/1/1679 1615/1/1615
f 1615/1/1615 1679/1/1679 1680/1/1680
f 1615/1/1615 1680/1/1680 1616/1/1616
f 1616/1/1616 1680/1/1680 1681/1/1681
f 1616/1/1616 1681/1/1681 1617/1/1617
f 1617/1/1617 1681/1/1681 1682/1/1682
f 1617/1/1617 1682/1/1682 1618/1/1618
f 1618/1/1618 1682/1/1682 1683/1/1683
f 1618/1/1618 1683/1/1683 1619/1/1619
f 1619/1/1619 1683/1/1683 1684/1/1684
f 1619/1/1619 1684/1/1684 1620/1/1620
f 1620/1/1620 1684/1/1684 1685/1/1685
f 1620/1/1620 1685/1/1685 1621/1/1621
f 1621/1/1621 1685/1/1685 1686/1/1686
f 1621/1/1621 1686/1/1686 1622/1/1622
f 1622/1/1622 1686/1/1686 1687/1/1687
f 1622/1/1622 1687/1/1687 1623/1/1623
f 1623/1/1623 1687/1/1687 1688/1/1688
f 1623/1/1623 1688/1/1688 1624/1/1624
f 1624/1/1624 1688/1/1688 1689/1/1689
f 1624/1/1624 1689/1/1689 1625/1/1625
f 1625/1/1625 1689/1/1689 1690/1/1690
f 1625/1/1625 1690/1/1690 1626/1/1626
f 1626/1/1626 1690/1/1690 1691/1/1691
f 1626/1/1626 1691/1/1691 1627/1/1627
f 1627/1/1627 1691/1/1691 1692/1/1692
f 1627/1/1627 1692/1/1692 1628/1/1628
f 1628/1/1628 1692/1/1692 1693/1/1693
f 1628/1/1628 1693/1/1693 1629/1/1629
f 1629/1/1629 1693/1/1693 1694/1/1694
f 1629/1/1629 1694/1/1694 1630/1/1630
f 1630/1/1630 1694/1/1694 1695/1/1695
f 1630/1/1630 1695/1/1695 1631/1/1631
f 1631/1/1631 1695/1/1695 1696/1/1696
f 1631/1/1631 1696/1/1696 1632/1/1632
f 1632/1/1632 1696/1/1696 1697/1/1697
f 1632/1/1632 1697/1/1697 1633/1/1633
f 1633/1/1633 1697/1/1697 1698/1/1698
f 1633/1/1633 1698/1/1698 1634/1/1634
f 1634/1/1634 1698/1/1698 1699/1/1699
f 1634/1/1634 1699/1/1699 1635/1/1635
f 1635/1/1635 1699/1/1699 1700/1/1700
f 1635/1/1635 1700/1/1700 1636/1/1636
f 1636/1/1636 1700/1/1700 1701/1/1701
f 1636/1/1636 1701/1/1701 1637/1/1637
f 1637/1/1637 1701/1/1701 1702/1/1702
f 1637/1/1637 1702/1/1702 1638/1/1638
f 1638/1/1638 1702/1/1702 1703/1/1703
f 1638/1/1638 1703/1/1703 1639/1/1639
f 1639/1/1639 1703/1/1703 1704/1/1704
f 1639/1/1639 1704/1/1704 1640/1/1640
f 1640/1/1640 1704/1/1704 1705/1/1705
f 1640/1/1640 1705/1/1705 1641/1/1641
f 1641/1/1641 1705/1/1705 1706/1/1706
f 1641/1/1641 1706/1/1706 1642/1/1642
f 1642/1/1642 1706/1/1706 1707/1/1707
f 1642/1/1642 1707/1/1707 1643/1/1643
f 1643/1/1643 1707/1/1707 1708/1/1708
f 1643/1/1643 1708/1/1708 1644/1/1644
f 1644/1/1644 1708/1/1708 1709/1/1709
f 1644/1/1644 1709/1/1709 1645/1/1645
f 1645/1/1645 1709/1/1709 1710/1/1710
f 1645/1/1645 1710/1/1710 1646/1/1646
f 1646/1/1646 1710/1/1710 1711/1/1711
f 1646/1/1646 1711/1/1711 1647/1/1647
f 1647/1/1647 1711/1/1711 1712/1/1712
f 1647/1/1647 1712/1/1712 1648/1/1648
f 1648/1/1648 1712/1/1712 1713/1/1713
f 1648/1/1648 1713/1/1713 1649/1/1649
f 1649/1/1649 1713/1/1713 1714/1/1714
f 1649/1/1649 1714/1/1714 1650/1/1650
f 1650/1/1650 1714/1/1714 1715/1/1715
f 1650/1/1650 1715/1/1715 1651/1/1651
f 1651/1/1651 1715/1/1715 1716/1/1716
f 1651/1/1651 1716/1/1716 1652/1/1652
f 1652/1/1652 1716/1/1716 1717/1/1717
f 1652/1/1652 1717/1/1717 1653/1/1653
f 1653/1/1653 1717/1/1717 1718/1/1718
f 1653/1/1653 1718/1/1718 1654/1/1654
f 1654/1/1654 1718/1/1718 1719/1/1719
f 1654/1/1654 1719/1/1719 1655/1/1655
f 1655/1/1655 1719/1/1719 1720/1/1720
f 1655/1/1655 1720/1/1720 1656/1/1656
f 1656/1/1656 1720/1/1720 1721/1/1721
f 1656/1/1656 1721/1/1721 1657/1/1657
f 1657/1/1657 1721/1/1721 1722/1/1722
f 1657/1/1657 1722/1/1722 1658/1/1658
f 1658/1/1658 1722/1/1722 1723/1/1723
f 1658/1/1658 1723/1/1723 1659/1/1659
f 1659/1/1659 1723/1/1723 1724/1/1724
f 1659/1/1659 1724/1/1724 1660/1/1660
f 1660/1/1660 1724/1/1724 1725/1/1725
f 1660/1/1660 1725/1/1725 1661/1/1661
f 1661/1/1661 1725/1/1725 1726/1/1726
f 1661/1/1661 1726/1/1726 1662/1/1662
f 1662/1/1662 1726/1/1726 1727/1/1727
f 1662/1/1662 1727/1/1727 1663/1/1663
f 1663/1/1663 1727/1/1727 1728/1/1728
f 1663/1/1663 1728/1/1728 1664/1/1664
f 1664/1/1664 1728/1/1728 1665/1/1665
f 1664/1/1664 1665/1/1665 1601/1/1601
f 1665/1/1665 1729/1/1729 1730/1/1730
f 1665/1/1665 1730/1/1730 1666/1/1666
f 1666/1/1666 1730/1/1730 1731/1/1731
f 1666/1/1666 1731/1/1731 1667/1/1667
f 1667/1/1667 1731/1/1731 1732/1/1732
f 1667/1/1667 1732/1/1732 1668/1/1668
f 1668/1/1668 1732/1/1732 1733/1/1733
f 1668/1/1668 1733/1/1733 1669/1/1669
f 1669/1/1669 1733/1/1733 1734/1/1734
f 1669/1/1669 1734/1/1734 1670/1/1670
f 1670/1/1670 1734/1/1734 1735/1/1735
f 1670/1/1670 1735/1/1735 1671/1/1671
f 1671/1/1671 1735/1/1735 1736/1/1736
f 1671/1/1671 1736/1/1736 1672/1/1672
f 1672/1/1672 1736/1/1736 1737/1/1737
f 1672/1/1672 1737/1/1737 1673/1/1673
f 1673/1/1673 1737/1/1737 1738/1/1738
f 1673/1/1673 1738/1/1738 1674/1/1674
f 1674/1/1674 1738/1/1738 1739/1/1739
f 1674/1/1674 1739/1/1739 1675/1/1675
f 1675/1/1675 1739/1/1739 1740/1/1740
f 1675/1/1675 1740/1/1740 1676/1/1676
f 1676/1/1676 1740/1/1740 1741/1/1741
f 1676/1/1676 1741/1/1741 1677/1/1677
f 1677/1/1677 1741/1/1741 1742/1/1742
f 1677/1/1677 1742/1/1742 1678/1/1678
f 1678/1/1678 1742/1/1742 1743/1/1743
f 1678/1/1678 1743/1/1743 1679/1/1679
f 1679/1/1679 1743/1/1743 1744/1/1744
f 1679/1/1679 1744/1/1744 1680/1/1680
f 1680/1/1680 1744/1/1744 1745/1/1745
f 1680/1/1680 1745/1/1745 1681/1/1681
f 1681/1/1681 1745/1/1745 1746/1/1746
f 1681/1/1681 1746/1/1746 1682/1/1682
f 1682/1/1682 1746/1/1746 1747/1/1747
f 1682/1/1682 1747/1/1747 1683/1/1683
f 1683/1/1683 1747/1/1747 1748/1/1748
f 1683/1/1683 1748/1/1748 1684/1/1684
f 1684/1/1684 1748/1/1748 1749/1/1749
f 1684/1/1684 1749/1/1749 1685/1/1685
f 1685/1/1685 1749/1/1749 1750/1/1750
f 1685/1/1685 1750/1/1750 1686/1/1686
f 1686/1/1686 1750/1/1750 1751/1/1751
f 1686/1/1686 1751/1/1751 1687/1/1687
f 1687/1/1687 1751/1/1751 1752/1/1752
f 1687/1/1687 1752/1/1752 1688/1/1688
f 1688/1/1688 1752/1/1752 1753/1/1753
f 1688/1/1688 1753/1/1753 1689/1/1689
f 1689/1/1689 1753/1/1753 1754/1/1754
f 1689/1/1689 1754/1/1754 1690/1/1690
f 1690/1/1690 1754/1/1754 1755/1/1755
f 1690/1/1690 1755/1/1755 1691/1/1691
f 1691/1/1691 1755/1/1755 1756/1/1756
f 1691/1/1691 1756/1/1756 1692/1/1692
f 1692/1/1692 1756/1/1756 1757/1/1757
f 1692/1/1692 1757/1/1757 1693/1/1693
f 1693/1/1693 1757/1/1757 1758/1/1758
f 1693/1/1693 1758/1/1758 1694/1/1694
f 1694/1/1694 1758/1/1758 1759/1/1759
f 1694/1/1694 1759/1/1759 1695/1/1695
f 1695/1/1695 1759/1/1759 1760/1/1760
f 1695/1/1695 1760/1/1760 1696/1/1696
f 1696/1/1696 1760/1/1760 1761/1/1761
f 1696/1/1696 1761/1/1761 1697/1/1697
f 1697/1/1697 1761/1/1761 1762/1/1762
f 1697/1/1697 1762/1/1762 1698/1/1698
f 1698/1/1698 1762/1/1762 1763/1/1763
f 1698/1/1698 1763/1/1763 1699/1/1699
f 1699/1/1699 1763/1/1763 1764/1/1764
f 1699/1/1699 1764/1/1764 1700/1/1700
f 1700/1/1700 1764/1/1764 1765/1/1765
f 1700/1/1700 1765/1/1765 1701/1/1701
f 1701/1/1701 1765/1/1765 1766/1/1766
f 1701/1/1701 1766/1/1766 1702/1/1702
f 1702/1/1702 1766/1/1766 1767/1/1767
f 1702/1/1702 1767/1/1767 1703/1/1703
f 1703/1/1703 1767/1/1767 1768/1/1768
f 1703/1/1703 1768/1/1768 1704/1/1704
f 1704/1/1704 1768/1/1768 1769/1/1769
f 1704/1/1704 1769/1/1769 1705/1/1705
f 1705/1/1705 1769/1/1769 1770/1/1770
f 1705/1/1705 1770/1/1770 1706/1/1706
f 1706/1/1706 1770/1/1770 1771/1/1771
f 1706/1/1706 1771/1/1771 1707/1/1707
f 1707/1/1707 1771/1/1771 1772/1/1772
f 1707/1/1707 1772/1/1772 1708/1/1708
f 1708/1/1708 1772/1/1772 1773/1/1773
f 1708/1/1708 1773/1/1773 1709/1/1709
f 1709/1/1709 1773/1/1773 1774/1/1774
f 1709/1/1709 1774/1/1774 1710/1/1710
f 1710/1/1710 1774/1/1774 1775/1/1775
f 1710/1/1710 1775/1/1775 1711/1/1711
f 1711/1/1711 1775/1/1775 1776/1/1776
f 1711/1/1711 1776/1/1776 1712/1/1712
f 1712/1/1712 1776/1/1776 1777/1/1777
f 1712/1/1712 1777/1/1777 1713/1/1713
f 1713/1/1713 1777/1/1777 1778/1/1778
f 1713/1/1713 1778/1/1778 1714/1/1714
f 1714/1/1714 1778/1/1778 1779/1/1779
f 1714/1/1714 1779/1/1779 1715/1/1715
f 1715/1/1715 1779/1/1779 1780/1/1780
f 1715/1/1715 1780/1/1780 1716/1/1716
f 1716/1/1716 1780/1/1780 1781/1/1781
f 1716/1/1716 1781/1/1781 1717/1/1717
f 1717/1/1717 1781/1/1781 1782/1/1782
f 1717/1/1717 1782/1/1782 1718/1/1718
f 1718/1/1718 1782/1/1782 1783/1/1783
f 1718/1/1718 1783/1/1783 1719/1/1719
f 1719/1/1719 1783/1/1783 1784/1/1784
f 1719/1/1719 1784/1/1784 1720/1/1720
f 1720/1/1720 1784/1/1784 1785/1/1785
f 1720/1/1720 1785/1/1785 1721/1/1721
f 1721/1/1721 1785/1/1785 1786/1/1786
f 1721/1/1721 1786/1/1786 1722/1/1722
f 1722/1/1722 1786/1/1786 1787/1/1787
f 1722/1/1722 1787/1/1787 1723/1/1723
f 1723/1/1723 1787/1/1787 1788/1/1788
f 1723/1/1723 1788/1/1788 1724/1/1724
f 1724/1/1724 1788/1/1788 1789/1/1789
f 1724/1/1724 1789/1/1789 1725/1/1725
f 1725/1/1725 1789/1/1789 1790/1/1790
f 1725/1/1725 1790/1/1790 1726/1/1726
f 1726/1/1726 1790/1/1790 1791/1/1791
f 1726/1/1726 1791/1/1791 1727/1/1727
f 1727/1/1727 1791/1/1791 1792/1/1792
f 1727/1/1727 1792/1/1792 1728/1/1728
f 1728/1/1728 1792/1/1792 1729/1/1729
f 1728/1/1728 1729/1/1729 1665/1/1665
f 1729/1/1729 1793/1/1793 1794/1/1794
f 1729/1/1729 1794/1/1794 1730/1/1730
f 1730/1/1730 1794/1/1794 1795/1/1795
f 1730/1/1730 1795/1/1795 1731/1/1731
f 1731/1/1731 1795/1/1795 1796/1/1796
f 1731/1/1731 1796/1/1796 1732/1/1732
f 1732/1/1732 1796/1/1796 1797/1/1797
f 1732/1/1732 1797/1/1797 1733/1/1733
f 1733/1/1733 1797/1/1797 1798/1/1798
f 1733/1/1733 1798/1/1798 1734/1/1734
f 1734/1/1734 1798/1/1798 1799/1/1799
f 1734/1/1734 1799/1/1799 1735/1/1735
f 1735/1/1735 1799/1/1799 1800/1/1800
f 1735/1/1735 1800/1/1800 1736/1/1736
f 1736/1/1736 1800/1/1800 1801/1/1801
f 1736/1/1736 1801/1/1801 1737/1/1737
f 1737/1/1737 1801/1/1801 1802/1/1802
f 1737/1/1737 1802/1/1802 1738/1/1738
f 1738/1/1738 1802/1/1802 1803/1/1803
f 1738/1/1738 1803/1/1803 1739/1/1739
f 1739/1/1739 1803/1/1803 1804/1/1804
f 1739/1/1739 1804/1/1804 1740/1/1740
f 1740/1/1740 1804/1/1804 1805/1/1805
f 1740/1/1740 1805/1/1805 1741/1/1741
f 1741/1/1741 1805/1/1805 1806/1/1806
f 1741/1/1741 1806/1/1806 1742/1/1742
f 1742/1/1742 1806/1/1806 1807/1/1807
f 1742/1/1742 1807/1/1807 1743/1/1743
f 1743/1/1743 1807/1/1807 1808/1/1808
f 1743/1/1743 1808/1/1808 1744/1/1744
f 1744/1/1744 1808/1/1808 1809/1/1809
f 1744/1/1744 1809/1/1809 1745/1/1745
f 1745/1/1745 1809/1/1809 1810/1/1810
f 1745/1/1745 1810/1/1810 1746/1/1746
f 1746/1/1746 1810/1/1810 1811/1/1811
f 1746/1/1746 1811/1/1811 1747/1/1747
f 1747/1/1747 1811/1/1811 1812/1/1812
f 1747/1/1747 1812/1/1812 1748/1/1748
f 1748/1/1748 1812/1/1812 1813/1/1813
f 1748/1/1748 1813/1/1813 1749/1/1749
f 1749/1/1749 1813/1/1813 1814/1/1814
f 1749/1/1749 1814/1/1814 1750/1/1750
f 1750/1/1750 1814/1/1814 1815/1/1815
f 1750/1/1750 1815/1/1815 1751/1/1751
f 1751/1/1751 1815/1/1815 1816/1/1816
f 1751/1/1751 1816/1/1816 1752/1/1752
f 1752/1/1752 1816/1/1816 1817/1/1817
f 1752/1/1752 1817/1/1817 1753/1/1753
f 1753/1/1753 1817/1/1817 1818/1/1818
f 1753/1/1753 1818/1/1818 1754/1/1754
f 1754/1/1754 1818/1/1818 1819/1/1819
f 1754/1/1754 1819/1/1819 1755/1/1755
f 1755/1/1755 1819/1/1819 1820/1/1820
f 1755/1/1755 1820/1/1820 1756/1/1756
f 1756/1/1756 1820/1/1820 1821/1/1821
f 1756/1/1756 1821/1/1821 1757/1/1757
f 1757/1/1757 1821/1/1821 1822/1/1822
f 1757/1/1757 1822/1/1822 1758/1/1758
f 1758/1/1758 1822/1/1822 1823/1/1823
f 1758/1/1758 1823/1/1823 1759/1/1759
f 1759/1/1759 1823/1/1823 1824/1/1824
f 1759/1/1759 1824/1/1824 1760/1/1760
f 1760/1/1760 1824/1/1824 1825/1/1825
f 1760/1/1760 1825/1/1825 1761/1/1761
f 1761/1/1761 1825/1/1825 1826/1/1826
f 1761/1/1761 1826/1/1826 1762/1/1762
f 1762/1/1762 1826/1/1826 1827/1/1827
f 1762/1/1762 1827/1/1827 1763/1/1763
f 1763/1/1763 1827/1/1827 1828/1/1828
f 1763/1/1763 1828/1/1828 1764/1/1764
f 1764/1/1764 1828/1/1828 1829/1/1829
f 1764/1/1764 1829/1/1829 1765/1/1765
f 1765/1/1765 1829/1/1829 1830/1/1830
f 1765/1/1765 1830/1/1830 1766/1/1766
f 1766/1/1766 1830/1/1830 1831/1/1831
f 1766/1/1766 1831/1/1831 1767/1/1767
f 1767/1/1767 1831/1/1831 1832/1/1832
f 1767/1/1767 1832/1/1832 1768/1/1768
f 1768/1/1768 1832/1/1832 1833/1/1833
f 1768/1/1768 1833/1/1833 1769/1/1769
f 1769/1/1769 1833/1/1833 1834/1/1834
f 1769/1/1769 1834/1/1834 1770/1/1770
f 1770/1/1770 1834/1/1834 1835/1/1835
f 1770/1/1770 1835/1/1835 1771/1/1771
f 1771/1/1771 1835/1/1835 1836/1/1836
f 1771/1/1771 1836/1/1836 1772/1/1772
f 1772/1/1772 1836/1/1836 1837/1/1837
f 1772/1/1772 1837/1/1837 1773/1/1773
f 1773/1/1773 1837/1/1837 1838/1/1838
f 1773/1/1773 1838/1/1838 1774/1/1774
f 1774/1/1774 1838/1/1838 1839/1/1839
f 1774/1/1774 1839/1/1839 1775/1/1775
f 1775/1/1775 1839/1/1839 1840/1/1840
f 1775/1/1775 1840/1/1840 1776/1/1776
f 1776/1/1776 1840/1/1840 1841/1/1841
f 1776/1/1776 1841/1/1841 1777/1/1777
f 1777/1/1777 1841/1/1841 1842/1/1842
f 1777/1/1777 1842/1/1842 1778/1/1778
f 1778/1/1778 1842/1/1842 1843/1/1843
f 1778/1/1778 1843/1/1843 1779/1/1779
f 1779/1/1779 1843/1/1843 1844/1/1844
f 1779/1/1779 1844/1/1844 1780/1/1780
f 1780/1/1780 1844/1/1844 1845/1/1845
f 1780/1/1780 1845/1/1845 1781/1/1781
f 1781/1/1781 1845/1/1845 1846/1/1846
f 1781/1/1781 1846/1/1846 1782/1/1782
f 1782/1/1782 1846/1/1846 1847/1/1847
f 1782/1/1782 1847/1/1847 1783/1/1783
f 1783/1/1783 1847/1/1847 1848/1/1848
f 1783/1/1783 1848/1/1848 1784/1/1784
f 1784/1/1784 1848/1/1848 1849/1/1849
f 1784/1/1784 1849/1/1849 1785/1/1785
f 1785/1/1785 1849/1/1849 1850/1/1850
f 1785/1/1785 1850/1/1850 1786/1/1786
f 1786/1/1786 1850/1/1850 1851/1/1851
f 1786/1/1786 1851/1/1851 1787/1/1787
f 1787/1/1787 1851/1/1851 1852/1/1852
f 1787/1/1787 1852/1/1852 1788/1/1788
f 1788/1/1788 1852/1/1852 1853/1/1853
f 1788/1/1788 1853/1/1853 1789/1/1789
f 1789/1/1789 1853/1/1853 1854/1/1854
f 1789/1/1789 1854/1/1854 1790/1/1790
f 1790/1/1790 1854/1/1854 1855/1/1855
f 1790/1/1790 1855/1/1855 1791/1/1791
f 1791/1/1791 1855/1/1855 1856/1/1856
f 1791/1/1791 1856/1/1856 1792/1/1792
f 1792/1/1792 1856/1/1856 1793/1/1793
f 1792/1/1792 1793/1/1793 1729/1/1729
f 1793/1/1793 1857/1/1857 1858/1/1858
f 1793/1/1793 1858/1/1858 1794/1/1794
f 1794/1/1794 1858/1/1858 1859/1/1859
f 1794/1/1794 1859/1/1859 1795/1/1795
f 1795/1/1795 1859/1/1859 1860/1/1860
f 1795/1/1795 1860/1/1860 1796/1/1796
f 1796/1/1796 1860/1/1860 1861/1/1861
f 1796/1/1796 1861/1/1861 1797/1/1797
f 1797/1/1797 1861/1/1861 1862/1/1862
f 1797/1/1797 1862/1/1862 1798/1/1798
f 1798/1/1798 1862/1/1862 1863/1/1863
f 1798/1/1798 1863/1/1863 1799/1/1799
f 1799/1/1799 1863/1/1863 1864/1/1864
f 1799/1/1799 1864/1/1864 1800/1/1800
f 1800/1/1800 1864/1/1864 1865/1/1865
f 1800/1/1800 1865/1/1865 1801/1/1801
f 1801/1/1801 1865/1/1865 1866/1/1866
f 1801/1/1801 1866/1/1866 1802/1/1802
f 1802/1/1802 1866/1/1866 1867/1/1867
f 1802/1/1802 1867/1/1867 1803/1/1803
f 1803/1/1803 1867/1/1867 1868/1/1868
f 1803/1/1803 1868/1/1868 1804/1/1804
f 1804/1/1804 1868/1/1868 1869/1/1869
f 1804/1/1804 1869/1/1869 1805/1/1805
f 1805/1/1805 1869/1/1869 1870/1/1870
f 1805/1/1805 1870/1/1870 1806/1/1806
f 1806/1/1806 1870/1/1870 1871/1/1871
f 1806/1/1806 1871/1/1871 1807/1/1807
f 1807/1/1807 1871/1/1871 1872/1/1872
f 1807/1/1807 1872/1/1872 1808/1/1808
f 1808/1/1808 1872/1/1872 1873/1/1873
f 1808/1/1808 1873/1/1873 1809/1/1809
f 1809/1/1809 1873/1/1873 1874/1/1874
f 1809/1/1809 1874/1/1874 1810/1/1810
f 1810/1/1810 1874/1/1874 1875/1/1875
f 1810/1/1810 1875/1/1875 1811/1/1811
f 1811/1/1811 1875/1/1875 1876/1/1876
f 1811/1/1811 1876/1/1876 1812/1/1812
f 1812/1/1812 1876/1/1876 1877/1/1877
f 1812/1/1812 1877/1/1877 1813/1/1813
f 1813/1/1813 1877/1/1877 1878/1/1878
f 1813/1/1813 1878/1/1878 1814/1/1814
f 1814/1/1814 1878/1/1878 1879/1/1879
f 1814/1/1814 1879/1/1879 1815/1/1815
f 1815/1/1815 1879/1/1879 1880/1/1880
f 1815/1/1815 1880/1/1880 1816/1/1816
f 1816/1/1816 1880/1/1880 1881/1/1881
f 1816/1/1816 1881/1/1881 1817/1/1817
f 1817/1/1817 1881/1/1881 1882/1/1882
f 1817/1/1817 1882/1/1882 1818/1/1818
f 1818/1/1818 1882/1/1882 1883/1/1883
f 1818/1/1818 1883/1/1883 1819/1/1819
f 1819/1/1819 1883/1/1883 1884/1/1884
f 1819/1/1819 1884/1/1884 1820/1/1820
f 1820/1/1820 1884/1/1884 1885/1/1885
f 1820/1/1820 1885/1/1885 1821/1/1821
f 1821/1/1821 1885/1/1885 1886/1/1886
f 1821/1/1821 1886/1/1886 1822/1/1822
f 1822/1/1822 1886/1/1886 1887/1/1887
f 1822/1/1822 1887/1/1887 1823/1/1823
f 1823/1/1823 1887/1/1887 1888/1/1888
f 1823/1/1823 1888/1/1888 1824/1/1824
f 1824/1/1824 1888/1/1888 1889/1/1889
f 1824/1/1824 1889/1/1889 1825/1/1825
f 1825/1/1825 1889/1/1889 1890/1/1890
f 1825/1/1825 1890/1/1890 1826/1/1826
f 1826/1/1826 1890/1/1890 1891/1/1891
f 1826/1/1826 1891/1/1891 1827/1/1827
f 1827/1/1827 1891/1/1891 1892/1/1892
f 1827/1/1827 1892/1/1892 1828/1/1828
f 1828/1/1828 1892/1/1892 1893/1/1893
f 1828/1/1828 1893/1/1893 1829/1/1829
f 1829/1/1829 1893/1/1893 1894/1/1894
f 1829/1/1829 1894/1/1894 1830/1/1830
f 1830/1/1830 1894/1/1894 1895/1/1895
f 1830/1/1830 1895/1/1895 1831/1/1831
f 1831/1/1831 1895/1/1895 1896/1/1896
f 1831/1/1831 1896/1/1896 1832/1/1832
f 1832/1/1832 1896/1/1896 1897/1/1897
f 1832/1/1832 1897/1/1897 1833/1/1833
f 1833/1/1833 1897/1/1897 1898/1/1898
f 1833/1/1833 1898/1/1898 1834/1/1834
f 1834/1/1834 1898/1/1898 1899/1/1899
f 1834/1/1834 1899/1/1899 1835/1/1835
f 1835/1/1835 1899/1/1899 1900/1/1900
f 1835/1/1835 1900/1/1900 1836/1/1836
f 1836/1/1836 1900/1/1900 1901/1/1901
f 1836/1/1836 1901/1/1901 1837/1/1837
f 1837/1/1837 1901/1/1901 1902/1/1902
f 1837/1/1837 1902/1/1902 1838/1/1838
f 1838/1/1838 1902/1/1902 1903/1/1903
f 1838/1/1838 1903/1/1903 1839/1/1839
f 1839/1/1839 1903/1/1903 1904/1/1904
f 1839/1/1839 1904/1/1904 1840/1/1840
f 1840/1/1840 1904/1/1904 1905/1/1905
f 1840/1/1840 1905/1/1905 1841/1/1841
f 1841/1/1841 1905/1/1905 1906/1/1906
f 1841/1/1841 1906/1/1906 1842/1/1842
f 1842/1/1842 1906/1/1906 1907/1/1907
f 1842/1/1842 1907/1/1907 1843/1/1843
f 1843/1/1843 1907/1/1907 1908/1/1908
f 1843/1/1843 1908/1/1908 1844/1/1844
f 1844/1/1844 1908/1/1908 1909/1/1909
f 1844/1/1844 1909/1/1909 1845/1/1845
f 1845/1/1845 1909/1/1909 1910/1/1910
f 1845/1/1845 1910/1/1910 1846/1/1846
f 1846/1/1846 1910/1/1910 1911/1/1911
f 1846/1/1846 1911/1/1911 1847/1/1847
f 1847/1/1847 1911/1/1911 1912/1/1912
f 1847/1/1847 1912/1/1912 1848/1/1848
f 1848/1/1848 1912/1/1912 1913/1/1913
f 1848/1/1848 1913/1/1913 1849/1/1849
f 1849/1/1849 1913/1/1913 1914/1/1914
f 1849/1/1849 1914/1/1914 1850/1/1850
f 1850/1/1850 1914/1/1914 1915/1/1915
f 1850/1/1850 1915/1/1915 1851/1/1851
f 1851/1/1851 1915/1/1915 1916/1/1916
f 1851/1/1851 1916/1/1916 1852/1/1852
f 1852/1/1852 1916/1/1916 1917/1/1917
f 1852/1/1852 1917/1/1917 1853/1/1853
f 1853/1/1853 1917/1/1917 1918/1/1918
f 1853/1/1853 1918/1/1918 1854/1/1854
f 1854/1/1854 1918/1/1918 1919/1/1919
f 1854/1/1854 1919/1/1919 1855/1/1855
f 1855/1/1855 1919/1/1919 1920/1/1920
f 1855/1/1855 1920/1/1920 1856/1/1856
f 1856/1/1856 1920/1/1920 1857/1/1857
f 1856/1/1856 1857/1/1857 1793/1/1793
f 1857/1/1857 1921/1/1921 1922/1/1922
f 1857/1/1857 1922/1/1922 1858/1/1858
f 1858/1/1858 1922/1/1922 1923/1/1923
f 1858/1/1858 1923/1/1923 1859/1/1859
f 1859/1/1859 1923/1/1923 1924/1/1924
f 1859/1/1859 1924/1/1924 1860/1/1860
f 1860/1/1860 1924/1/1924 1925/1/1925
f 1860/1/1860 1925/1/1925 1861/1/1861
f 1861/1/1861 1925/1/1925 1926/1/1926
f 1861/1/1861 1926/1/1926 1862/1/1862
f 1862/1/1862 1926/1/1926 1927/1/1927
f 1862/1/1862 1927/1/1927 1863/1/1863
f 1863/1/1863 1927/1/1927 1928/1/1928
f 1863/1/1863 1928/1/1928 1864/1/1864
f 1864/1/1864 1928/1/1928 1929/1/1929
f 1864/1/1864 1929/1/1929 1865/1/1865
f 1865/1/1865 1929/1/1929 1930/1/1930
f 1865/1/1865 1930/1/1930 1866/1/1866
f 1866/1/1866 1930/1/1930 1931/1/1931
f 1866/1/1866 1931/1/1931 1867/1/1867
f 1867/1/1867 1931/1/1931 1932/1/1932
f 1867/1/1867 1932/1/1932 1868/1/1868
f 1868/1/1868 1932/1/1932 1933/1/1933
f 1868/1/1868 1933/1/1933 1869/1/1869
f 1869/1/1869 1933/1/1933 1934/1/1934
f 1869/1/1869 1934/1/1934 1870/1/1870
f 1870/1/1870 1934/1/1934 1935/1/1935
f 1870/1/1870 1935/1/1935 1871/1/1871
f 1871/1/1871 1935/1/1935 1936/1/1936
f 1871/1/1871 1936/1/1936 1872/1/1872
f 1872/1/1872 1936/1/1936 1937/1/1937
f 1872/1/1872 1937/1/1937 1873/1/1873
f 1873/1/1873 1937/1/1937 1938/1/1938
f 1873/1/1873 1938/1/1938 1874/1/1874
f 1874/1/1874 1938/1/1938 1939/1/1939
f 1874/1/1874 1939/1/1939 1875/1/1875
f 1875/1/1875 1939/1/1939 1940/1/1940
f 1875/1/1875 1940/1/1940 1876/1/1876
f 1876/1/1876 1940/1/1940 1941/1/1941
f 1876/1/1876 1941/1/1941 1877/1/1877
f 1877/1/1877 1941/1/1941 1942/1/1942
f 1877/1/1877 1942/1/1942 1878/1/1878
f 1878/1/1878 1942/1/1942 1943/1/1943
f 1878/1/1878 1943/1/1943 1879/1/1879
f 1879/1/1879 1943/1/1943 1944/1/1944
f 1879/1/1879 1944/1/1944 1880/1/1880
f 1880/1/1880 1944/1/1944 1945/1/1945
f 1880/1/1880 1945/1/1945 1881/1/1881
f 1881/1/1881 1945/1/1945 1946/1/1946
f 1881/1/1881 1946/1/1946 1882/1/1882
f 1882/1/1882 1946/1/1946 1947/1/1947
f 1882/1/1882 1947/1/1947 1883/1/1883
f 1883/1/1883 1947/1/1947 1948/1/1948
f 1883/1/1883 1948/1/1948 1884/1/1884
f 1884/1/1884 1948/1/1948 1949/1/1949
f 1884/1/1884 1949/1/1949 1885/1/1885
f 1885/1/1885 1949/1/1949 1950/1/1950
f 1885/1/1885 1950/1/1950 1886/1/1886
f 1886/1/1886 1950/1/1950 1951/1/1951
f 1886/1/1886 1951/1/1951 1887/1/1887
f 1887/1/1887 1951/1/1951 1952/1/1952
f 1887/1/1887 1952/1/1952 1888/1/1888
f 1888/1/1888 1952/1/1952 1953/1/1953
f 1888/1/1888 1953/1/1953 1889/1/1889
f 1889/1/1889 1953/1/1953 1954/1/1954
f 1889/1/1889 1954/1/1954 1890/1/1890
f 1890/1/1890 1954/1/1954 1955/1/1955
f 1890/1/1890 1955/1/1955 1891/1/1891
f 1891/1/1891 1955/1/1955 1956/1/1956
f 1891/1/1891 1956/1/1956 1892/1/1892
f 1892/1/1892 1956/1/1956 1957/1/1957
f 1892/1/1892 1957/1/1957 1893/1/1893
f 1893/1/1893 1957/1/1957 1958/1/1958
f 1893/1/1893 1958/1/1958 1894/1/1894
f 1894/1/1894 1958/1/1958 1959/1/1959
f 1894/1/1894 1959/1/1959 1895/1/1895
f 1895/1/1895 1959/1/1959 1960/1/1960
f 1895/1/1895 1960/1/1960 1896/1/1896
f 1896/1/1896 1960/1/1960 1961/1/1961
f 1896/1/1896 1961/1/1961 1897/1/1897
f 1897/1/1897 1961/1/1961 1962/1/1962
f 1897/1/1897 1962/1/1962 1898/1/1898
f 1898/1/1898 1962/1/1962 1963/1/1963
f 1898/1/1898 1963/1/1963 1899/1/1899
f 1899/1/1899 1963/1/1963 1964/1/1964
f 1899/1/1899 1964/1/1964 1900/1/1900
f 1900/1/1900 1964/1/1964 1965/1/1965
f 1900/1/1900 1965/1/1965 1901/1/1901
f 1901/1/1901 1965/1/1965 1966/1/1966
f 1901/1/1901 1966/1/1966 1902/1/1902
f 1902/1/1902 1966/1/1966 1967/1/1967
f 1902/1/1902 1967/1/1967 1903/1/1903
f 1903/1/1903 1967/1/1967 1968/1/1968
f 1903/1/1903 1968/1/1968 1904/1/1904
f 1904/1/1904 1968/1/1968 1969/1/1969
f 1904/1/1904 1969/1/1969 1905/1/1905
f 1905/1/1905 1969/1/1969 1970/1/1970
f 1905/1/1905 1970/1/1970 1906/1/1906
f 1906/1/1906 1970/1/1970 1971/1/1971
f 1906/1/1906 1971/1/1971 1907/1/1907
f 1907/1/1907 1971/1/1971 1972/1/1972
f 1907/1/1907 1972/1/1972 1908/1/1908
f 1908/1/1908 1972/1/1972 1973/1/1973
f 1908/1/1908 1973/1/1973 1909/1/1909
f 1909/1/1909 1973/1/1973 1974/1/1974
f 1909/1/1909 1974/1/1974 1910/1/1910
f 1910/1/1910 1974/1/1974 1975/1/1975
f 1910/1/1910 1975/1/1975 1911/1/1911
f 1911/1/1911 1975/1/1975 1976/1/1976
f 1911/1/1911 1976/1/1976 1912/1/1912
f 1912/1/1912 1976/1/1976 1977/1/1977
f 1912/1/1912 1977/1/1977 1913/1/1913
f 1913/1/1913 1977/1/1977 1978/1/1978
f 1913/1/1913 1978/1/1978 1914/1/1914
f 1914/1/1914 1978/1/1978 1979/1/1979
f 1914/1/1914 1979/1/1979 1915/1/1915
f 1915/1/1915 1979/1/1979 1980/1/1980
f 1915/1/1915 1980/1/1980 1916/1/1916
f 1916/1/1916 1980/1/1980 1981/1/1981
f 1916/1/1916 1981/1/1981 1917/1/1917
f 1917/1/1917 1981/1/1981 1982/1/1982
f 1917/1/1917 1982/1/1982 1918/1/1918
f 1918/1/1918 1982/1/1982 1983/1/1983
f 1918/1/1918 1983/1/1983 1919/1/1919
f 1919/1/1919 1983/1/1983 1984/1/1984
f 1919/1/1919 1984/1/1984 1920/1/1920
f 1920/1/1920 1984/1/1984 1921/1/1921
f 1920/1/1920 1921/1/1921 1857/1/1857
f 1921/1/1921 1985/1/1985 1986/1/1986
f 1921/1/1921 1986/1/1986 1922/1/1922
f 1922/1/1922 1986/1/1986 1987/1/1987
f 1922/1/1922 1987/1/1987 1923/1/1923
f 1923/1/1923 1987/1/1987 1988/1/1988
f 1923/1/1923 1988/1/1988 1924/1/1924
f 1924/1/1924 1988/1/1988 1989/1/1989
f 1924/1/1924 1989/1/1989 1925/1/1925
f 1925/1/1925 1989/1/1989 1990/1/1990
f 1925/1/1925 1990/1/1990 1926/1/1926
f 1926/1/1926 1990/1/1990 1991/1/1991
f 1926/1/1926 1991/1/1991 1927/1/1927
f 1927/1/1927 1991/1/1991 1992/1/1992
f 1927/1/1927 1992/1/1992 1928/1/1928
f 1928/1/1928 1992/1/1992 1993/1/1993
f 1928/1/1928 1993/1/1993 1929/1/1929
f 1929/1/1929 1993/1/1993 1994/1/1994
f 1929/1/1929 1994/1/1994 1930/1/1930
f 1930/1/1930 1994/1/1994 1995/1/1995
f 1930/1/1930 1995/1/1995 1931/1/1931
f 1931/1/1931 1995/1/1995 1996/1/1996
f 1931/1/1931 1996/1/1996 1932/1/1932
f 1932/1/1932 1996/1/1996 1997/1/1997
f 1932/1/1932 1997/1/1997 1933/1/1933
f 1933/1/1933 1997/1/1997 1998/1/1998
f 1933/1/1933 1998/1/1998 1934/1/1934
f 1934/1/1934 1998/1/1998 1999/1/1999
f 1934/1/1934 1999/1/1999 1935/1/1935
f 1935/1/1935 1999/1/1999 2000/1/2000
f 1935/1/1935 2000/1/2000 1936/1/1936
f 1936/1/1936 2000/1/2000 2001/1/2001
f 1936/1/1936 2001/1/2001 1937/1/1937
f 1937/1/1937 2001/1/2001 2002/1/2002
f 1937/1/1937 2002/1/2002 1938/1/1938
f 1938/1/1938 2002/1/2002 2003/1/2003
f 1938/1/1938 2003/1/2003 1939/1/1939
f 1939/1/1939 2003/1/2003 2004/1/2004
f 1939/1/1939 2004/1/2004 1940/1/1940
f 1940/1/1940 2004/1/2004 2005/1/2005
f 1940/1/1940 2005/1/2005 1941/1/1941
f 1941/1/1941 2005/1/2005 2006/1/2006
f 1941/1/1941 2006/1/2006 1942/1/1942
f 1942/1/1942 2006/1/2006 2007/1/2007
f 1942/1/1942 2007/1/2007 1943/1/1943
f 1943/1/1943 2007/1/2007 2008/1/2008
f 1943/1/1943 2008/1/2008 1944/1/1944
f 1944/1/1944 2008/1/2008 2009/1/2009
f 1944/1/1944 2009/1/2009 1945/1/1945
f 1945/1/1945 2009/1/2009 2010/1/2010
f 1945/1/1945 2010/1/2010 1946/1/1946
f 1946/1/1946 2010/1/2010 2011/1/2011
f 1946/1/1946 2011/1/2011 1947/1/1947
f 1947/1/1947 2011/1/2011 2012/1/2012
f 1947/1/1947 2012/1/2012 1948/1/1948
f 1948/1/1948 2012/1/2012 2013/1/2013
f 1948/1/1948 2013/1/2013 1949/1/1949
f 1949/1/1949 2013/1/2013 2014/1/2014
f 1949/1/1949 2014/1/2014 1950/1/1950
f 1950/1/1950 2014/1/2014 2015/1/2015
f 1950/1/1950 2015/1/2015 1951/1/1951
f 1951/1/1951 2015/1/2015 2016/1/2016
f 1951/1/1951 2016/1/2016 1952/1/1952
f 1952/1/1952 2016/1/2016 2017/1/2017
f 1952/1/1952 2017/1/2017 1953/1/1953
f 1953/1/1953 2017/1/2017 2018/1/2018
f 1953/1/1953 2018/1/2018 1954/1/1954
f 1954/1/1954 2018/1/2018 2019/1/2019
f 1954/1/1954 2019/1/2019 1955/1/1955
f 1955/1/1955 2019/1/2019 2020/1/2020
f 1955/1/1955 2020/1/2020 1956/1/1956
f 1956/1/1956 2020/1/2020 2021/1/2021
f 1956/1/1956 2021/1/2021 1957/1/1957
f 1957/1/1957 2021/1/2021 2022/1/2022
f 1957/1/1957 2022/1/2022 1958/1/1958
f 1958/1/1958 2022/1/2022 2023/1/2023
f 1958/1/1958 2023/1/2023 1959/1/1959
f 1959/1/1959 2023/1/2023 2024/1/2024
f 1959/1/1959 2024/1/2024 1960/1/1960
f 1960/1/1960 2024/1/2024 2025/1/2025
f 1960/1/1960 2025/1/2025 1961/1/1961
f 1961/1/1961 2025/1/2025 2026/1/2026
f 1961/1/1961 2026/1/2026 1962/1/1962
f 1962/1/1962 2026/1/2026 2027/1/2027
f 1962/1/1962 2027/1/2027 1963/1/1963
f 1963/1/1963 2027/1/2027 2028/1/2028
f 1963/1/1963 2028/1/2028 1964/1/1964
f 1964/1/1964 2028/1/2028 2029/1/2029
f 1964/1/1964 2029/1/2029 1965/1/1965
f 1965/1/1965 2029/1/2029 2030/1/2030
f 1965/1/1965 2030/1/2030 1966/1/1966
f 1966/1/1966 2030/1/2030 2031/1/2031
f 1966/1/1966 2031/1/2031 1967/1/1967
f 1967/1/1967 2031/1/2031 2032/1/2032
f 1967/1/1967 2032/1/2032 1968/1/1968
f 1968/1/1968 2032/1/2032 2033/1/2033
f 1968/1/1968 2033/1/2033 1969/1/1969
f 1969/1/1969 2033/1/2033 2034/1/2034
f 1969/1/1969 2034/1/2034 1970/1/1970
f 1970/1/1970 2034/1/2034 2035/1/2035
f 1970/1/1970 2035/1/2035 1971/1/1971
f 1971/1/1971 2035/1/2035 2036/1/2036
f 1971/1/1971 2036/1/2036 1972/1/1972
f 1972/1/1972 2036/1/2036 2037/1/2037
f 1972/1/1972 2037/1/2037 1973/1/1973
f 1973/1/1973 2037/1/2037 2038/1/2038
f 1973/1/1973 2038/1/2038 1974/1/1974
f 1974/1/1974 2038/1/2038 2039/1/2039
f 1974/1/1974 2039/1/2039 1975/1/1975
f 1975/1/1975 2039/1/2039 2040/1/2040
f 1975/1/1975 2040/1/2040 1976/1/1976
f 1976/1/1976 2040/1/2040 2041/1/2041
f 1976/1/1976 2041/1/2041 1977/1/1977
f 1977/1/1977 2041/1/2041 2042/1/2042
f 1977/1/1977 2042/1/2042 1978/1/1978
f 1978/1/1978 2042/1/2042 2043/1/2043
f 1978/1/1978 2043/1/2043 1979/1/1979
f 1979/1/1979 2043/1/2043 2044/1/2044
f 1979/1/1979 2044/1/2044 1980/1/1980
f 1980/1/1980 2044/1/2044 2045/1/2045
f 1980/1/1980 2045/1/2045 1981/1/1981
f 1981/1/1981 2045/1/2045 2046/1/2046
f 1981/1/1981 2046/1/2046 1982/1/1982
f 1982/1/1982 2046/1/2046 2047/1/2047
f 1982/1/1982 2047/1/2047 1983/1/1983
f 1983/1/1983 2047/1/2047 2048/1/2048
f 1983/1/1983 2048/1/2048 1984/1/1984
f 1984/1/1984 2048/1/2048 1985/1/1985
f 1984/1/1984 1985/1/1985 1921/1/1921
f 1985/1/1985 2049/1/2049 2050/1/2050
f 1985/1/1985 2050/1/2050 1986/1/1986
f 1986/1/1986 2050/1/2050 2051/1/2051
f 1986/1/1986 2051/1/2051 1987/1/1987
f 1987/1/1987 2051/1/2051 2052/1/2052
f 1987/1/1987 2052/1/2052 1988/1/1988
f 1988/1/1988 2052/1/2052 2053/1/2053
f 1988/1/1988 2053/1/2053 1989/1/1989
f 1989/1/1989 2053/1/2053 2054/1/2054
f 1989/1/1989 2054/1/2054 1990/1/1990
f 1990/1/1990 2054/1/2054 2055/1/2055
f 1990/1/1990 2055/1/2055 1991/1/1991
f 1991/1/1991 2055/1/2055 2056/1/2056
f 1991/1/1991 2056/1/2056 1992/1/1992
f 1992/1/1992 2056/1/2056 2057/1/2057
f 1992/1/1992 2057/1/2057 1993/1/1993
f 1993/1/1993 2057/1/2057 2058/1/2058
f 1993/1/1993 2058/1/2058 1994/1/1994
f 1994/1/1994 2058/1/2058 2059/1/2059
f 1994/1/1994 2059/1/2059 1995/1/1995
f 1995/1/1995 2059/1/2059 2060/1/2060
f 1995/1/1995 2060/1/2060 1996/1/1996
f 1996/1/1996 2060/1/2060 2061/1/2061
f 1996/1/1996 2061/1/2061 1997/1/1997
f 1997/1/1997 2061/1/2061 2062/1/2062
f 1997/1/1997 2062/1/2062 1998/1/1998
f 1998/1/1998 2062/1/2062 2063/1/2063
f 1998/1/1998 2063/1/2063 1999/1/1999
f 1999/1/1999 2063/1/2063 2064/1/2064
f 1999/1/1999 2064/1/2064 2000/1/2000
f 2000/1/2000 2064/1/2064 2065/1/2065
f 2000/1/2000 2065/1/2065 2001/1/2001
f 2001/1/2001 2065/1/2065 2066/1/2066
f 2001/1/2001 2066/1/2066 2002/1/2002
f 2002/1/2002 2066/1/2066 2067/1/2067
f 2002/1/2002 2067/1/2067 2003/1/2003
f 2003/1/2003 2067/1/2067 2068/1/2068
f 2003/1/2003 2068/1/2068 2004/1/2004
f 2004/1/2004 2068/1/2068 2069/1/2069
f 2004/1/2004 2069/1/2069 2005/1/2005
f 2005/1/2005 2069/1/2069 2070/1/2070
f 2005/1/2005 2070/1/2070 2006/1/2006
f 2006/1/2006 2070/1/2070 2071/1/2071
f 2006/1/2006 2071/1/2071 2007/1/2007
f 2007/1/2007 2071/1/2071 2072/1/2072
f 2007/1/2007 2072/1/2072 2008/1/2008
f 2008/1/2008 2072/1/2072 2073/1/2073
f 2008/1/2008 2073/1/2073 2009/1/2009
f 2009/1/2009 2073/1/2073 2074/1/2074
f 2009/1/2009 2074/1/2074 2010/1/2010
f 2010/1/2010 2074/1/2074 2075/1/2075
f 2010/1/2010 2075/1/2075 2011/1/2011
f 2011/1/2011 2075/1/2075 2076/1/2076
f 2011/1/2011 2076/1/2076 2012/1/2012
f 2012/1/2012 2076/1/2076 2077/1/2077
f 2012/1/2012 2077/1/2077 2013/1/2013
f 2013/1/2013 2077/1/2077 2078/1/2078
f 2013/1/2013 2078/1/2078 2014/1/2014
f 2014/1/2014 2078/1/2078 2079/1/2079
f 2014/1/2014 2079/1/2079 2015/1/2015
f 2015/1/2015 2079/1/2079 2080/1/2080
f 2015/1/2015 2080/1/2080 2016/1/2016
f 2016/1/2016 2080/1/2080 2081/1/2081
f 2016/1/2016 2081/1/2081 2017/1/2017
f 2017/1/2017 2081/1/2081 2082/1/2082
f 2017/1/2017 2082/1/2082 2018/1/2018
f 2018/1/2018 2082/1/2082 2083/1/2083
f 2018/1/2018 2083/1/2083 2019/1/2019
f 2019/1/2019 2083/1/2083 2084/1/2084
f 2019/1/2019 2084/1/2084 2020/1/2020
f 2020/1/2020 2084/1/2084 2085/1/2085
f 2020/1/2020 2085/1/2085 2021/1/2021
f 2021/1/2021 2085/1/2085 2086/1/2086
f 2021/1/2021 2086/1/2086 2022/1/2022
f 2022/1/2022 2086/1/2086 2087/1/2087
f 2022/1/2022 2087/1/2087 2023/1/2023
f 2023/1/2023 2087/1/2087 2088/1/2088
f 2023/1/2023 2088/1/2088 2024/1/2024
f 2024/1/2024 2088/1/2088 2089/1/2089
f 2024/1/2024 2089/1/2089 2025/1/2025
f 2025/1/2025 2089/1/2089 2090/1/2090
f 2025/1/2025 2090/1/2090 2026/1/2026
f 2026/1/2026 2090/1/2090 2091/1/2091
f 2026/1/2026 2091/1/2091 2027/1/2027
f 2027/1/2027 2091/1/2091 2092/1/2092
f 2027/1/2027 2092/1/2092 2028/1/2028
f 2028/1/2028 2092/1/2092 2093/1/2093
f 2028/1/2028 2093/1/2093 2029/1/2029
f 2029/1/2029 2093/1/2093 2094/1/2094
f 2029/1/2029 2094/1/2094 2030/1/2030
f 2030/1/2030 2094/1/2094 2095/1/2095
f 2030/1/2030 2095/1/2095 2031/1/2031
f 2031/1/2031 2095/1/2095 2096/1/2096
f 2031/1/2031 2096/1/2096 2032/1/2032
f 2032/1/2032 2096/1/2096 2097/1/2097
f 2032/1/2032 2097/1/2097 2033/1/2033
f 2033/1/2033 2097/1/2097 2098/1/2098
f 2033/1/2033 2098/1/2098 2034/1/2034
f 2034/1/2034 2098/1/2098 2099/1/2099
f 2034/1/2034 2099/1/2099 2035/1/2035
f 2035/1/2035 2099/1/2099 2100/1/2100
f 2035/1/2035 2100/1/2100 2036/1/2036
f 2036/1/2036 2100/1/2100 2101/1/2101
f 2036/1/2036 2101/1/2101 2037/1/2037
f 2037/1/2037 2101/1/2101 2102/1/2102
f 2037/1/2037 2102/1/2102 2038/1/2038
f 2038/1/2038 2102/1/2102 2103/1/2103
f 2038/1/2038 2103/1/2103 2039/1/2039
f 2039/1/2039 2103/1/2103 2104/1/2104
f 2039/1/2039 2104/1/2104 2040/1/2040
f 2040/1/2040 2104/1/2104 2105/1/2105
f 2040/1/2040 2105/1/2105 2041/1/2041
f 2041/1/2041 2105/1/2105 2106/1/2106
f 2041/1/2041 2106/1/2106 2042/1/2042
f 2042/1/2042 2106/1/2106 2107/1/2107
f 2042/1/2042 2107/1/2107 2043/1/2043
f 2043/1/2043 2107/1/2107 2108/1/2108
f 2043/1/2043 2108/1/2108 2044/1/2044
f 2044/1/2044 2108/1/2108 2109/1/2109
f 2044/1/2044 2109/1/2109 2045/1/2045
f 2045/1/2045 2109/1/2109 2110/1/2110
f 2045/1/2045 2110/1/2110 2046/1/2046
f 2046/1/2046 2110/1/2110 2111/1/2111
f 2046/1/2046 2111/1/2111 2047/1/2047
f 2047/1/2047 2111/1/2111 2112/1/2112
f 2047/1/2047 2112/1/2112 2048/1/2048
f 2048/1/2048 2112/1/2112 2049/1/2049
f 2048/1/2048 2049/1/2049 1985/1/1985
f 2049/1/2049 2113/1/2113 2114/1/2114
f 2049/1/2049 2114/1/2114 2050/1/2050
f 2050/1/2050 2114/1/2114 2115/1/2115
f 2050/1/2050 2115/1/2115 2051/1/2051
f 2051/1/2051 2115/1/2115 2116/1/2116
f 2051/1/2051 2116/1/2116 2052/1/2052
f 2052/1/2052 2116/1/2116 2117/1/2117
f 2052/1/2052 2117/1/2117 2053/1/2053
f 2053/1/2053 2117/1/2117 2118/1/2118
f 2053/1/2053 2118/1/2118 2054/1/2054
f 2054/1/2054 2118/1/2118 2119/1/2119
f 2054/1/2054 2119/1/2119 2055/1/2055
f 2055/1/2055 2119/1/2119 2120/1/2120
f 2055/1/2055 2120/1/2120 2056/1/2056
f 2056/1/2056 2120/1/2120 2121/1/2121
f 2056/1/2056 2121/1/2121 2057/1/2057
f 2057/1/2057 2121/1/2121 2122/1/2122
f 2057/1/2057 2122/1/2122 2058/1/2058
f 2058/1/2058 2122/1/2122 2123/1/2123
f 2058/1/2058 2123/1/2123 2059/1/2059
f 2059/1/2059 2123/1/2123 2124/1/2124
f 2059/1/2059 2124/1/2124 2060/1/2060
f 2060/1/2060 2124/1/2124 2125/1/2125
f 2060/1/2060 2125/1/2125 2061/1/2061
f 2061/1/2061 2125/1/2125 2126/1/2126
f 2061/1/2061 2126/1/2126 2062/1/2062
f 2062/1/2062 2126/1/2126 2127/1/2127
f 2062/1/2062 2127/1/2127 2063/1/2063
f 2063/1/2063 2127/1/2127 2128/1/2128
f 2063/1/2063 2128/1/2128 2064/1/2064
f 2064/1/2064 2128/1/2128 2129/1/2129
f 2064/1/2064 2129/1/2129 2065/1/2065
f 2065/1/2065 2129/1/2129 2130/1/2130
f 2065/1/2065 2130/1/2130 2066/1/2066
f 2066/1/2066 2130/1/2130 2131/1/2131
f 2066/1/2066 2131/1/2131 2067/1/2067
f 2067/1/2067 2131/1/2131 2132/1/2132
f 2067/1/2067 2132/1/2132 2068/1/2068
f 2068/1/2068 2132/1/2132 2133/1/2133
f 2068/1/2068 2133/1/2133 2069/1/2069
f 2069/1/2069 2133/1/2133 2134/1/2134
f 2069/1/2069 2134/1/2134 2070/1/2070
f 2070/1/2070 2134/1/2134 2135/1/2135
f 2070/1/2070 2135/1/2135 2071/1/2071
f 2071/1/2071 2135/1/2135 2136/1/2136
f 2071/1/2071 2136/1/2136 2072/1/2072
f 2072/1/2072 2136/1/2136 2137/1/2137
f 2072/1/2072 2137/1/2137 2073/1/2073
f 2073/1/2073 2137/1/2137 2138/1/2138
f 2073/1/2073 2138/1/2138 2074/1/2074
f 2074/1/2074 2138/1/2138 2139/1/2139
f 2074/1/2074 2139/1/2139 2075/1/2075
f 2075/1/2075 2139/1/2139 2140/1/2140
f 2075/1/2075 2140/1/2140 2076/1/2076
f 2076/1/2076 2140/1/2140 2141/1/2141
f 2076/1/2076 2141/1/2141 2077/1/2077
f 2077/1/2077 2141/1/2141 2142/1/2142
f 2077/1/2077 2142/1/2142 2078/1/2078
f 2078/1/2078 2142/1/2142 2143/1/2143
f 2078/1/2078 2143/1/2143 2079/1/2079
f 2079/1/2079 2143/1/2143 2144/1/2144
f 2079/1/2079 2144/1/2144 2080/1/2080
f 2080/1/2080 2144/1/2144 2145/1/2145
f 2080/1/2080 2145/1/2145 2081/1/2081
f 2081/1/2081 2145/1/2145 2146/1/2146
f 2081/1/2081 2146/1/2146 2082/1/2082
f 2082/1/2082 2146/1/2146 2147/1/2147
f 2082/1/2082 2147/1/2147 2083/1/2083
f 2083/1/2083 2147/1/2147 2148/1/2148
f 2083/1/2083 2148/1/2148 2084/1/2084
f 2084/1/2084 2148/1/2148 2149/1/2149
f 2084/1/2084 2149/1/2149 2085/1/2085
f 2085/1/2085 2149/1/2149 2150/1/2150
f 2085/1/2085 2150/1/2150 2086/1/2086
f 2086/1/2086 2150/1/2150 2151/1/2151
f 2086/1/2086 2151/1/2151 2087/1/2087
f 2087/1/2087 2151/1/2151 2152/1/2152
f 2087/1/2087 2152/1/2152 2088/1/2088
f 2088/1/2088 2152/1/2152 2153/1/2153
f 2088/1/2088 2153/1/2153 2089/1/2089
f 2089/1/2089 2153/1/2153 2154/1/2154
f 2089/1/2089 2154/1/2154 2090/1/2090
f 2090/1/2090 2154/1/2154 2155/1/2155
f 2090/1/2090 2155/1/2155 2091/1/2091
f 2091/1/2091 2155/1/2155 2156/1/2156
f 2091/1/2091 2156/1/2156 2092/1/2092
f 2092/1/2092 2156/1/2156 2157/1/2157
f 2092/1/2092 2157/1/2157 2093/1/2093
f 2093/1/2093 2157/1/2157 2158/1/2158
f 2093/1/2093 2158/1/2158 2094/1/2094
f 2094/1/2094 2158/1/2158 2159/1/2159
f 2094/1/2094 2159/1/2159 2095/1/2095
f 2095/1/2095 2159/1/2159 2160/1/2160
f 2095/1/2095 2160/1/2160 2096/1/2096
f 2096/1/2096 2160/1/2160 2161/1/2161
f 2096/1/2096 2161/1/2161 2097/1/2097
f 2097/1/2097 2161/1/2161 2162/1/2162
f 2097/1/2097 2162/1/2162 2098/1/2098
f 2098/1/2098 2162/1/2162 2163/1/2163
f 2098/1/2098 2163/1/2163 2099/1/2099
f 2099/1/2099 2163/1/2163 2164/1/2164
f 2099/1/2099 2164/1/2164 2100/1/2100
f 2100/1/2100 2164/1/2164 2165/1/2165
f 2100/1/2100 2165/1/2165 2101/1/2101
f 2101/1/2101 2165/1/2165 2166/1/2166
f 2101/1/2101 2166/1/2166 2102/1/2102
f 2102/1/2102 2166/1/2166 2167/1/2167
f 2102/1/2102 2167/1/2167 2103/1/2103
f 2103/1/2103 2167/1/2167 2168/1/2168
f 2103/1/2103 2168/1/2168 2104/1/2104
f 2104/1/2104 2168/1/2168 2169/1/2169
f 2104/1/2104 2169/1/2169 2105/1/2105
f 2105/1/2105 2169/1/2169 2170/1/2170
f 2105/1/2105 2170/1/2170 2106/1/2106
f 2106/1/2106 2170/1/2170 2171/1/2171
f 2106/1/2106 2171/1/2171 2107/1/2107
f 2107/1/2107 2171/1/2171 2172/1/2172
f 2107/1/2107 2172/1/2172 2108/1/2108
f 2108/1/2108 2172/1/2172 2173/1/2173
f 2108/1/2108 2173/1/2173 2109/1/2109
f 2109/1/2109 2173/1/2173 2174/1/2174
f 2109/1/2109 2174/1/2174 2110/1/2110
f 2110/1/2110 2174/1/2174 2175/1/2175
f 2110/1/2110 2175/1/2175 2111/1/2111
f 2111/1/2111 2175/1/2175 2176/1/2176
f 2111/1/2111 2176/1/2176 2112/1/2112
f 2112/1/2112 2176/1/2176 2113/1/2113
f 2112/1/2112 2113/1/2113 2049/1/2049
f 2113/1/2113 2177/1/2177 2178/1/2178
f 2113/1/2113 2178/1/2178 2114/1/2114
f 2114/1/2114 2178/1/2178 2179/1/2179
f 2114/1/2114 2179/1/2179 2115/1/2115
f 2115/1/2115 2179/1/2179 2180/1/2180
f 2115/1/2115 2180/1/2180 2116/1/2116
f 2116/1/2116 2180/1/2180 2181/1/2181
f 2116/1/2116 2181/1/2181 2117/1/2117
f 2117/1/2117 2181/1/2181 2182/1/2182
f 2117/1/2117 2182/1/2182 2118/1/2118
f 2118/1/2118 2182/1/2182 2183/1/2183
f 2118/1/2118 2183/1/2183 2119/1/2119
f 2119/1/2119 2183/1/2183 2184/1/2184
f 2119/1/2119 2184/1/2184 2120/1/2120
f 2120/1/2120 2184/1/2184 2185/1/2185
f 2120/1/2120 2185/1/2185 2121/1/2121
f 2121/1/2121 2185/1/2185 2186/1/2186
f 2121/1/2121 2186/1/2186 2122/1/2122
f 2122/1/2122 2186/1/2186 2187/1/2187
f 2122/1/2122 2187/1/2187 2123/1/2123
f 2123/1/2123 2187/1/2187 2188/1/2188
f 2123/1/2123 2188/1/2188 2124/1/2124
f 2124/1/2124 2188/1/2188 2189/1/2189
f 2124/1/2124 2189/1/2189 2125/1/2125
f 2125/1/2125 2189/1/2189 2190/1/2190
f 2125/1/2125 2190/1/2190 2126/1/2126
f 2126/1/2126 2190/1/2190 2191/1/2191
f 2126/1/2126 2191/1/2191 2127/1/2127
f 2127/1/2127 2191/1/2191 2192/1/2192
f 2127/1/2127 2192/1/2192 2128/1/2128
f 2128/1/2128 2192/1/2192 2193/1/2193
f 2128/1/2128 2193/1/2193 2129/1/2129
f 2129/1/2129 2193/1/2193 2194/1/2194
f 2129/1/2129 2194/1/2194 2130/1/2130
f 2130/1/2130 2194/1/2194 2195/1/2195
f 2130/1/2130 2195/1/2195 2131/1/2131
f 2131/1/2131 2195/1/2195 2196/1/2196
f 2131/1/2131 2196/1/2196 2132/1/2132
f 2132/1/2132 2196/1/2196 2197/1/2197
f 2132/1/2132 2197/1/2197 2133/1/2133
f 2133/1/2133 2197/1/2197 2198/1/2198
f 2133/1/2133 2198/1/2198 2134/1/2134
f 2134/1/2134 2198/1/2198 2199/1/2199
f 2134/1/2134 2199/1/2199 2135/1/2135
f 2135/1/2135 2199/1/2199 2200/1/2200
f 2135/1/2135 2200/1/2200 2136/1/2136
f 2136/1/2136 2200/1/2200 2201/1/2201
f 2136/1/2136 2201/1/2201 2137/1/2137
f 2137/1/2137 2201/1/2201 2202/1/2202
f 2137/1/2137 2202/1/2202 2138/1/2138
f 2138/1/2138 2202/1/2202 2203/1/2203
f 2138/1/2138 2203/1/2203 2139/1/2139
f 2139/1/2139 2203/1/2203 2204/1/2204
f 2139/1/2139 2204/1/2204 2140/1/2140
f 2140/1/2140 2204/1/2204 2205/1/2205
f 2140/1/2140 2205/1/2205 2141/1/2141
f 2141/1/2141 2205/1/2205 2206/1/2206
f 2141/1/2141 2206/1/2206 2142/1/2142
f 2142/1/2142 2206/1/2206 2207/1/2207
f 2142/1/2142 2207/1/2207 2143/1/2143
f 2143/1/2143 2207/1/2207 2208/1/2208
f 2143/1/2143 2208/1/2208 2144/1/2144
f 2144/1/2144 2208/1/2208 2209/1/2209
f 2144/1/2144 2209/1/2209 2145/1/2145
f 2145/1/2145 2209/1/2209 2210/1/2210
f 2145/1/2145 2210/1/2210 2146/1/2146
f 2146/1/2146 2210/1/2210 2211/1/2211
f 2146/1/2146 2211/1/2211 2147/1/2147
f 2147/1/2147 2211/1/2211 2212/1/2212
f 2147/1/2147 2212/1/2212 2148/1/2148
f 2148/1/2148 2212/1/2212 2213/1/2213
f 2148/1/2148 2213/1/2213 2149/1/2149
f 2149/1/2149 2213/1/2213 2214/1/2214
f 2149/1/2149 2214/1/2214 2150/1/2150
f 2150/1/2150 2214/1/2214 2215/1/2215
f 2150/1/2150 2215/1/2215 2151/1/2151
f 2151/1/2151 2215/1/2215 2216/1/2216
f 2151/1/2151 2216/1/2216 2152/1/2152
f 2152/1/2152 2216/1/2216 2217/1/2217
f 2152/1/2152 2217/1/2217 2153/1/2153
f 2153/1/2153 2217/1/2217 2218/1/2218
f 2153/1/2153 2218/1/2218 2154/1/2154
f 2154/1/2154 2218/1/2218 2219/1/2219
f 2154/1/2154 2219/1/2219 2155/1/2155
f 2155/1/2155 2219/1/2219 2220/1/2220
f 2155/1/2155 2220/1/2220 2156/1/2156
f 2156/1/2156 2220/1/2220 2221/1/2221
f 2156/1/2156 2221/1/2221 2157/1/2157
f 2157/1/2157 2221/1/2221 2222/1/2222
f 2157/1/2157 2222/1/2222 2158/1/2158
f 2158/1/2158 2222/1/2222 2223/1/2223
f 2158/1/2158 2223/1/2223 2159/1/2159
f 2159/1/2159 2223/1/2223 2224/1/2224
f 2159/1/2159 2224/1/2224 2160/1/2160
f 2160/1/2160 2224/1/2224 2225/1/2225
f 2160/1/2160 2225/1/2225 2161/1/2161
f 2161/1/2161 2225/1/2225 2226/1/2226
f 2161/1/2161 2226/1/2226 2162/1/2162
f 2162/1/2162 2226/1/2226 2227/1/2227
f 2162/1/2162 2227/1/2227 2163/1/2163
f 2163/1/2163 2227/1/2227 2228/1/2228
f 2163/1/2163 2228/1/2228 2164/1/2164
f 2164/1/2164 2228/1/2228 2229/1/2229
f 2164/1/2164 2229/1/2229 2165/1/2165
f 2165/1/2165 2229/1/2229 2230/1/2230
f 2165/1/2165 2230/1/2230 2166/1/2166
f 2166/1/2166 2230/1/2230 2231/1/2231
f 2166/1/2166 2231/1/2231 2167/1/2167
f 2167/1/2167 2231/1/2231 2232/1/2232
f 2167/1/2167 2232/1/2232 2168/1/2168
f 2168/1/2168 2232/1/2232 2233/1/2233
f 2168/1/2168 2233/1/2233 2169/1/2169
f 2169/1/2169 2233/1/2233 2234/1/2234
f 2169/1/2169 2234/1/2234 2170/1/2170
f 2170/1/2170 2234/1/2234 2235/1/2235
f 2170/1/2170 2235/1/2235 2171/1/2171
f 2171/1/2171 2235/1/2235 2236/1/2236
f 2171/1/2171 2236/1/2236 2172/1/2172
f 2172/1/2172 2236/1/2236 2237/1/2237
f 2172/1/2172 2237/1/2237 2173/1/2173
f 2173/1/2173 2237/1/2237 2238/1/2238
f 2173/1/2173 2238/1/2238 2174/1/2174
f 2174/1/2174 2238/1/2238 2239/1/2239
f 2174/1/2174 2239/1/2239 2175/1/2175
f 2175/1/2175 2239/1/2239 2240/1/2240
f 2175/1/2175 2240/1/2240 2176/1/2176
f 2176/1/2176 2240/1/2240 2177/1/2177
f 2176/1/2176 2177/1/2177 2113/1/2113
f 2177/1/2177 2241/1/2241 2242/1/2242
f 2177/1/2177 2242/1/2242 2178/1/2178
f 2178/1/2178 2242/1/2242 2243/1/2243
f 2178/1/2178 2243/1/2243 2179/1/2179
f 2179/1/2179 2243/1/2243 2244/1/2244
f 2179/1/2179 2244/1/2244 2180/1/2180
f 2180/1/2180 2244/1/2244 2245/1/2245
f 2180/1/2180 2245/1/2245 2181/1/2181
f 2181/1/2181 2245/1/2245 2246/1/2246
f 2181/1/2181 2246/1/2246 2182/1/2182
f 2182/1/2182 2246/1/2246 2247/1/2247
f 2182/1/2182 2247/1/2247 2183/1/2183
f 2183/1/2183 2247/1/2247 2248/1/2248
f 2183/1/2183 2248/1/2248 2184/1/2184
f 2184/1/2184 2248/1/2248 2249/1/2249
f 2184/1/2184 2249/1/2249 2185/1/2185
f 2185/1/2185 2249/1/2249 2250/1/2250
f 2185/1/2185 2250/1/2250 2186/1/2186
f 2186/1/2186 2250/1/2250 2251/1/2251
f 2186/1/2186 2251/1/2251 2187/1/2187
f 2187/1/2187 2251/1/2251 2252/1/2252
f 2187/1/2187 2252/1/2252 2188/1/2188
f 2188/1/2188 2252/1/2252 2253/1/2253
f 2188/1/2188 2253/1/2253 2189/1/2189
f 2189/1/2189 2253/1/2253 2254/1/2254
f 2189/1/2189 2254/1/2254 2190/1/2190
f 2190/1/2190 2254/1/2254 2255/1/2255
f 2190/1/2190 2255/1/2255 2191/1/2191
f 2191/1/2191 2255/1/2255 2256/1/2256
f 2191/1/2191 2256/1/2256 2192/1/2192
f 2192/1/2192 2256/1/2256 2257/1/2257
f 2192/1/2192 2257/1/2257 2193/1/2193
f 2193/1/2193 2257/1/2257 2258/1/2258
f 2193/1/2193 2258/1/2258 2194/1/2194
f 2194/1/2194 2258/1/2258 2259/1/2259
f 2194/1/2194 2259/1/2259 2195/1/2195
f 2195/1/2195 2259/1/2259 2260/1/2260
f 2195/1/2195 2260/1/2260 2196/1/2196
f 2196/1/2196 2260/1/2260 2261/1/2261
f 2196/1/2196 2261/1/2261 2197/1/2197
f 2197/1/2197 2261/1/2261 2262/1/2262
f 2197/1/2197 2262/1/2262 2198/1/2198
f 2198/1/2198 2262/1/2262 2263/1/2263
f 2198/1/2198 2263/1/2263 2199/1/2199
f 2199/1/2199 2263/1/2263 2264/1/2264
f 2199/1/2199 2264/1/2264 2200/1/2200
f 2200/1/2200 2264/1/2264 2265/1/2265
f 2200/1/2200 2265/1/2265 2201/1/2201
f 2201/1/2201 2265/1/2265 2266/1/2266
f 2201/1/2201 2266/1/2266 2202/1/2202
f 2202/1/2202 2266/1/2266 2267/1/2267
f 2202/1/2202 2267/1/2267 2203/1/2203
f 2203/1/2203 2267/1/2267 2268/1/2268
f 2203/1/2203 2268/1/2268 2204/1/2204
f 2204/1/2204 2268/1/2268 2269/1/2269
f 2204/1/2204 2269/1/2269 2205/1/2205
f 2205/1/2205 2269/1/2269 2270/1/2270
f 2205/1/2205 2270/1/2270 2206/1/2206
f 2206/1/2206 2270/1/2270 2271/1/2271
f 2206/1/2206 2271/1/2271 2207/1/2207
f 2207/1/2207 2271/1/2271 2272/1/2272
f 2207/1/2207 2272/1/2272 2208/1/2208
f 2208/1/2208 2272/1/2272 2273/1/2273
f 2208/1/2208 2273/1/2273 2209/1/2209
f 2209/1/2209 2273/1/2273 2274/1/2274
f 2209/1/2209 2274/1/2274 2210/1/2210
f 2210/1/2210 2274/1/2274 2275/1/2275
f 2210/1/2210 2275/1/2275 2211/1/2211
f 2211/1/2211 2275/1/2275 2276/1/2276
f 2211/1/2211 2276/1/2276 2212/1/2212
f 2212/1/2212 2276/1/2276 2277/1/2277
f 2212/1/2212 2277/1/2277 2213/1/2213
f 2213/1/2213 2277/1/2277 2278/1/2278
f 2213/1/2213 2278/1/2278 2214/1/2214
f 2214/1/2214 2278/1/2278 2279/1/2279
f 2214/1/2214 2279/1/2279 2215/1/2215
f 2215/1/2215 2279/1/2279 2280/1/2280
f 2215/1/2215 2280/1/2280 2216/1/2216
f 2216/1/2216 2280/1/2280 2281/1/2281
f 2216/1/2216 2281/1/2281 2217/1/2217
f 2217/1/2217 2281/1/2281 2282/1/2282
f 2217/1/2217 2282/1/2282 2218/1/2218
f 2218/1/2218 2282/1/2282 2283/1/2283
f 2218/1/2218 2283/1/2283 2219/1/2219
f 2219/1/2219 2283/1/2283 2284/1/2284
f 2219/1/2219 2284/1/2284 2220/1/2220
f 2220/1/2220 2284/1/2284 2285/1/2285
f 2220/1/2220 2285/1/2285 2221/1/2221
f 2221/1/2221 2285/1/2285 2286/1/2286
f 2221/1/2221 2286/1/2286 2222/1/2222
f 2222/1/2222 2286/1/2286 2287/1/2287
f 2222/1/2222 2287/1/2287 2223/1/2223
f 2223/1/2223 2287/1/2287 2288/1/2288
f 2223/1/2223 2288/1/2288 2224/1/2224
f 2224/1/2224 2288/1/2288 2289/1/2289
f 2224/1/2224 2289/1/2289 2225/1/2225
f 2225/1/2225 2289/1/2289 2290/1/2290
f 2225/1/2225 2290/1/2290 2226/1/2226
f 2226/1/2226 2290/1/2290 2291/1/2291
f 2226/1/2226 2291/1/2291 2227/1/2227
f 2227/1/2227 2291/1/2291 2292/1/2292
f 2227/1/2227 2292/1/2292 2228/1/2228
f 2228/1/2228 2292/1/2292 2293/1/2293
f 2228/1/2228 2293/1/2293 2229/1/2229
f 2229/1/2229 2293/1/2293 2294/1/2294
f 2229/1/2229 2294/1/2294 2230/1/2230
f 2230/1/2230 2294/1/2294 2295/1/2295
f 2230/1/2230 2295/1/2295 2231/1/2231
f 2231/1/2231 2295/1/2295 2296/1/2296
f 2231/1/2231 2296/1/2296 2232/1/2232
f 2232/1/2232 2296/1/2296 2297/1/2297
f 2232/1/2232 2297/1/2297 2233/1/2233
f 2233/1/2233 2297/1/2297 2298/1/2298
f 2233/1/2233 2298/1/2298 2234/1/2234
f 2234/1/2234 2298/1/2298 2299/1/2299
f 2234/1/2234 2299/1/2299 2235/1/2235
f 2235/1/2235 2299/1/2299 2300/1/2300
f 2235/1/2235 2300/1/2300 2236/1/2236
f 2236/1/2236 2300/1/2300 2301/1/2301
f 2236/1/2236 2301/1/2301 2237/1/2237
f 2237/1/2237 2301/1/2301 2302/1/2302
f 2237/1/2237 2302/1/2302 2238/1/2238
f 2238/1/2238 2302/1/2302 2303/1/2303
f 2238/1/2238 2303/1/2303 2239/1/2239
f 2239/1/2239 2303/1/2303 2304/1/2304
f 2239/1/2239 2304/1/2304 2240/1/2240
f 2240/1/2240 2304/1/2304 2241/1/2241
f 2240/1/2240 2241/1/2241 2177/1/2177
f 2241/1/2241 2305/1/2305 2306/1/2306
f 2241/1/2241 2306/1/2306 2242/1/2242
f 2242/1/2242 2306/1/2306 2307/1/2307
f 2242/1/2242 2307/1/2307 2243/1/2243
f 2243/1/2243 2307/1/2307 2308/1/2308
f 2243/1/2243 2308/1/2308 2244/1/2244
f 2244/1/2244 2308/1/2308 2309/1/2309
f 2244/1/2244 2309/1/2309 2245/1/2245
f 2245/1/2245 2309/1/2309 2310/1/2310
f 2245/1/2245 2310/1/2310 2246/1/2246
f 2246/1/2246 2310/1/2310 2311/1/2311
f 2246/1/2246 2311/1/2311 2247/1/2247
f 2247/1/2247 2311/1/2311 2312/1/2312
f 2247/1/2247 2312/1/2312 2248/1/2248
f 2248/1/2248 2312/1/2312 2313/1/2313
f 2248/1/2248 2313/1/2313 2249/1/2249
f 2249/1/2249 2313/1/2313 2314/1/2314
f 2249/1/2249 2314/1/2314 2250/1/2250
f 2250/1/2250 2314/1/2314 2315/1/2315
f 2250/1/2250 2315/1/2315 2251/1/2251
f 2251/1/2251 2315/1/2315 2316/1/2316
f 2251/1/2251 2316/1/2316 2252/1/2252
f 2252/1/2252 2316/1/2316 2317/1/2317
f 2252/1/2252 2317/1/2317 2253/1/2253
f 2253/1/2253 2317/1/2317 2318/1/2318
f 2253/1/2253 2318/1/2318 2254/1/2254
f 2254/1/2254 2318/1/2318 2319/1/2319
f 2254/1/2254 2319/1/2319 2255/1/2255
f 2255/1/2255 2319/1/2319 2320/1/2320
f 2255/1/2255 2320/1/2320 2256/1/2256
f 2256/1/2256 2320/1/2320 2321/1/2321
f 2256/1/2256 2321/1/2321 2257/1/2257
f 2257/1/2257 2321/1/2321 2322/1/2322
f 2257/1/2257 2322/1/2322 2258/1/2258
f 2258/1/2258 2322/1/2322 2323/1/2323
f 2258/1/2258 2323/1/2323 2259/1/2259
f 2259/1/2259 2323/1/2323 2324/1/2324
f 2259/1/2259 2324/1/2324 2260/1/2260
f 2260/1/2260 2324/1/2324 2325/1/2325
f 2260/1/2260 2325/1/2325 2261/1/2261
f 2261/1/2261 2325/1/2325 2326/1/2326
f 2261/1/2261 2326/1/2326 2262/1/2262
f 2262/1/2262 2326/1/2326 2327/1/2327
f 2262/1/2262 2327/1/2327 2263/1/2263
f 2263/1/2263 2327/1/2327 2328/1/2328
f 2263/1/2263 2328/1/2328 2264/1/2264
f 2264/1/2264 2328/1/2328 2329/1/2329
f 2264/1/2264 2329/1/2329 2265/1/2265
f 2265/1/2265 2329/1/2329 2330/1/2330
f 2265/1/2265 2330/1/2330 2266/1/2266
f 2266/1/2266 2330/1/2330 2331/1/2331
f 2266/1/2266 2331/1/2331 2267/1/2267
f 2267/1/2267 2331/1/2331 2332/1/2332
f 2267/1/2267 2332/1/2332 2268/1/2268
f 2268/1/2268 2332/1/2332 2333/1/2333
f 2268/1/2268 2333/1/2333 2269/1/2269
f 2269/1/2269 2333/1/2333 2334/1/2334
f 2269/1/2269 2334/1/2334 2270/1/2270
f 2270/1/2270 2334/1/2334 2335/1/2335
f 2270/1/2270 2335/1/2335 2271/1/2271
f 2271/1/2271 2335/1/2335 2336/1/2336
f 2271/1/2271 2336/1/2336 2272/1/2272
f 2272/1/2272 2336/1/2336 2337/1/2337
f 2272/1/2272 2337/1/2337 2273/1/2273
f 2273/1/2273 2337/1/2337 2338/1/2338
f 2273/1/2273 2338/1/2338 2274/1/2274
f 2274/1/2274 2338/1/2338 2339/1/2339
f 2274/1/2274 2339/1/2339 2275/1/2275
f 2275/1/2275 2339/1/2339 2340/1/2340
f 2275/1/2275 2340/1/2340 2276/1/2276
f 2276/1/2276 2340/1/2340 2341/1/2341
f 2276/1/2276 2341/1/2341 2277/1/2277
f 2277/1/2277 2341/1/2341 2342/1/2342
f 2277/1/2277 2342/1/2342 2278/1/2278
f 2278/1/2278 2342/1/2342 2343/1/2343
f 2278/1/2278 2343/1/2343 2279/1/2279
f 2279/1/2279 2343/1/2343 2344/1/2344
f 2279/1/2279 2344/1/2344 2280/1/2280
f 2280/1/2280 2344/1/2344 2345/1/2345
f 2280/1/2280 2345/1/2345 2281/1/2281
f 2281/1/2281 2345/1/2345 2346/1/2346
f 2281/1/2281 2346/1/2346 2282/1/2282
f 2282/1/2282 2346/1/2346 2347/1/2347
f 2282/1/2282 2347/1/2347 2283/1/2283
f 2283/1/2283 2347/1/2347 2348/1/2348
f 2283/1/2283 2348/1/2348 2284/1/2284
f 2284/1/2284 2348/1/2348 2349/1/2349
f 2284/1/2284 2349/1/2349 2285/1/2285
f 2285/1/2285 2349/1/2349 2350/1/2350
f 2285/1/2285 2350/1/2350 2286/1/2286
f 2286/1/2286 2350/1/2350 2351/1/2351
f 2286/1/2286 2351/1/2351 2287/1/2287
f 2287/1/2287 2351/1/2351 2352/1/2352
f 2287/1/2287 2352/1/2352 2288/1/2288
f 2288/1/2288 2352/1/2352 2353/1/2353
f 2288/1/2288 2353/1/2353 2289/1/2289
f 2289/1/2289 2353/1/2353 2354/1/2354
f 2289/1/2289 2354/1/2354 2290/1/2290
f 2290/1/2290 2354/1/2354 2355/1/2355
f 2290/1/2290 2355/1/2355 2291/1/2291
f 2291/1/2291 2355/1/2355 2356/1/2356
f 2291/1/2291 2356/1/2356 2292/1/2292
f 2292/1/2292 2356/1/2356 2357/1/2357
f 2292/1/2292 2357/1/2357 2293/1/2293
f 2293/1/2293 2357/1/2357 2358/1/2358
f 2293/1/2293 2358/1/2358 2294/1/2294
f 2294/1/2294 2358/1/2358 2359/1/2359
f 2294/1/2294 2359/1/2359 2295/1/2295
f 2295/1/2295 2359/1/2359 2360/1/2360
f 2295/1/2295 2360/1/2360 2296/1/2296
f 2296/1/2296 2360/1/2360 2361/1/2361
f 2296/1/2296 2361/1/2361 2297/1/2297
f 2297/1/2297 2361/1/2361 2362/1/2362
f 2297/1/2297 2362/1/2362 2298/1/2298
f 2298/1/2298 2362/1/2362 2363/1/2363
f 2298/1/2298 2363/1/2363 2299/1/2299
f 2299/1/2299 2363/1/2363 2364/1/2364
f 2299/1/2299 2364/1/2364 2300/1/2300
f 2300/1/2300 2364/1/2364 2365/1/2365
f 2300/1/2300 2365/1/2365 2301/1/2301
f 2301/1/2301 2365/1/2365 2366/1/2366
f 2301/1/2301 2366/1/2366 2302/1/2302
f 2302/1/2302 2366/1/2366 2367/1/2367
f 2302/1/2302 2367/1/2367 2303/1/2303
f 2303/1/2303 2367/1/2367 2368/1/2368
f 2303/1/2303 2368/1/2368 2304/1/2304
f 2304/1/2304 2368/1/2368 2305/1/2305
f 2304/1/2304 2305/1/2305 2241/1/2241
f 2305/1/2305 2369/1/2369 2370/1/2370
f 2305/1/2305 2370/1/2370 2306/1/2306
f 2306/1/2306 2370/1/2370 2371/1/2371
f 2306/1/2306 2371/1/2371 2307/1/2307
f 2307/1/2307 2371/1/2371 2372/1/2372
f 2307/1/2307 2372/1/2372 2308/1/2308
f 2308/1/2308 2372/1/2372 2373/1/2373
f 2308/1/2308 2373/1/2373 2309/1/2309
f 2309/1/2309 2373/1/2373 2374/1/2374
f 2309/1/2309 2374/1/2374 2310/1/2310
f 2310/1/2310 2374/1/2374 2375/1/2375
f 2310/1/2310 2375/1/2375 2311/1/2311
f 2311/1/2311 2375/1/2375 2376/1/2376
f 2311/1/2311 2376/1/2376 2312/1/2312
f 2312/1/2312 2376/1/2376 2377/1/2377
f 2312/1/2312 2377/1/2377 2313/1/2313
f 2313/1/2313 2377/1/2377 2378/1/2378
f 2313/1/2313 2378/1/2378 2314/1/2314
f 2314/1/2314 2378/1/2378 2379/1/2379
f 2314/1/2314 2379/1/2379 2315/1/2315
f 2315/1/2315 2379/1/2379 2380/1/2380
f 2315/1/2315 2380/1/2380 2316/1/2316
f 2316/1/2316 2380/1/2380 2381/1/2381
f 2316/1/2316 2381/1/2381 2317/1/2317
f 2317/1/2317 2381/1/2381 2382/1/2382
f 2317/1/2317 2382/1/2382 2318/1/2318
f 2318/1/2318 2382/1/2382 2383/1/2383
f 2318/1/2318 2383/1/2383 2319/1/2319
f 2319/1/2319 2383/1/2383 2384/1/2384
f 2319/1/2319 2384/1/2384 2320/1/2320
f 2320/1/2320 2384/1/2384 2385/1/2385
f 2320/1/2320 2385/1/2385 2321/1/2321
f 2321/1/2321 2385/1/2385 2386/1/2386
f 2321/1/2321 2386/1/2386 2322/1/2322
f 2322/1/2322 2386/1/2386 2387/1/2387
f 2322/1/2322 2387/1/2387 2323/1/2323
f 2323/1/2323 2387/1/2387 2388/1/2388
f 2323/1/2323 2388/1/2388 2324/1/2324
f 2324/1/2324 2388/1/2388 2389/1/2389
f 2324/1/2324 2389/1/2389 2325/1/2325
f 2325/1/2325 2389/1/2389 2390/1/2390
f 2325/1/2325 2390/1/2390 2326/1/2326
f 2326/1/2326 2390/1/2390 2391/1/2391
f 2326/1/2326 2391/1/2391 2327/1/2327
f 2327/1/2327 2391/1/2391 2392/1/2392
f 2327/1/2327 2392/1/2392 2328/1/2328
f 2328/1/2328 2392/1/2392 2393/1/2393
f 2328/1/2328 2393/1/2393 2329/1/2329
f 2329/1/2329 2393/1/2393 2394/1/2394
f 2329/1/2329 2394/1/2394 2330/1/2330
f 2330/1/2330 2394/1/2394 2395/1/2395
f 2330/1/2330 2395/1/2395 2331/1/2331
f 2331/1/2331 2395/1/2395 2396/1/2396
f 2331/1/2331 2396/1/2396 2332/1/2332
f 2332/1/2332 2396/1/2396 2397/1/2397
f 2332/1/2332 2397/1/2397 2333/1/2333
f 2333/1/2333 2397/1/2397 2398/1/2398
f 2333/1/2333 2398/1/2398 2334/1/2334
f 2334/1/2334 2398/1/2398 2399/1/2399
f 2334/1/2334 2399/1/2399 2335/1/2335
f 2335/1/2335 2399/1/2399 2400/1/2400
f 2335/1/2335 2400/1/2400 2336/1/2336
f 2336/1/2336 2400/1/2400 2401/1/2401
f 2336/1/2336 2401/1/2401 2337/1/2337
f 2337/1/2337 2401/1/2401 2402/1/2402
f 2337/1/2337 2402/1/2402 2338/1/2338
f 2338/1/2338 2402/1/2402 2403/1/2403
f 2338/1/2338 2403/1/2403 2339/1/2339
f 2339/1/2339 2403/1/2403 2404/1/2404
f 2339/1/2339 2404/1/2404 2340/1/2340
f 2340/1/2340 2404/1/2404 2405/1/2405
f 2340/1/2340 2405/1/2405 2341/1/2341
f 2341/1/2341 2405/1/2405 2406/1/2406
f 2341/1/2341 2406/1/2406 2342/1/2342
f 2342/1/2342 2406/1/2406 2407/1/2407
f 2342/1/2342 2407/1/2407 2343/1/2343
f 2343/1/2343 2407/1/2407 2408/1/2408
f 2343/1/2343 2408/1/2408 2344/1/2344
f 2344/1/2344 2408/1/2408 2409/1/2409
f 2344/1/2344 2409/1/2409 2345/1/2345
f 2345/1/2345 2409/1/2409 2410/1/2410
f 2345/1/2345 2410/1/2410 2346/1/2346
f 2346/1/2346 2410/1/2410 2411/1/2411
f 2346/1/2346 2411/1/2411 2347/1/2347
f 2347/1/2347 2411/1/2411 2412/1/2412
f 2347/1/2347 2412/1/2412 2348/1/2348
f 2348/1/2348 2412/1/2412 2413/1/2413
f 2348/1/2348 2413/1/2413 2349/1/2349
f 2349/1/2349 2413/1/2413 2414/1/2414
f 2349/1/2349 2414/1/2414 2350/1/2350
f 2350/1/2350 2414/1/2414 2415/1/2415
f 2350/1/2350 2415/1/2415 2351/1/2351
f 2351/1/2351 2415/1/2415 2416/1/2416
f 2351/1/2351 2416/1/2416 2352/1/2352
f 2352/1/2352 2416/1/2416 2417/1/2417
f 2352/1/2352 2417/1/2417 2353/1/2353
f 2353/1/2353 2417/1/2417 2418/1/2418
f 2353/1/2353 2418/1/2418 2354/1/2354
f 2354/1/2354 2418/1/2418 2419/1/2419
f 2354/1/2354 2419/1/2419 2355/1/2355
f 2355/1/2355 2419/1/2419 2420/1/2420
f 2355/1/2355 2420/1/2420 2356/1/2356
f 2356/1/2356 2420/1/2420 2421/1/2421
f 2356/1/2356 2421/1/2421 2357/1/2357
f 2357/1/2357 2421/1/2421 2422/1/2422
f 2357/1/2357 2422/1/2422 2358/1/2358
f 2358/1/2358 2422/1/2422 2423/1/2423
f 2358/1/2358 2423/1/2423 2359/1/2359
f 2359/1/2359 2423/1/2423 2424/1/2424
f 2359/1/2359 2424/1/2424 2360/1/2360
f 2360/1/2360 2424/1/2424 2425/1/2425
f 2360/1/2360 2425/1/2425 2361/1/2361
f 2361/1/2361 2425/1/2425 2426/1/2426
f 2361/1/2361 2426/1/2426 2362/1/2362
f 2362/1/2362 2426/1/2426 2427/1/2427
f 2362/1/2362 2427/1/2427 2363/1/2363
f 2363/1/2363 2427/1/2427 2428/1/2428
f 2363/1/2363 2428/1/2428 2364/1/2364
f 2364/1/2364 2428/1/2428 2429/1/2429
f 2364/1/2364 2429/1/2429 2365/1/2365
f 2365/1/2365 2429/1/2429 2430/1/2430
f 2365/1/2365 2430/1/2430 2366/1/2366
f 2366/1/2366 2430/1/2430 2431/1/2431
f 2366/1/2366 2431/1/2431 2367/1/2367
f 2367/1/2367 2431/1/2431 2432/1/2432
f 2367/1/2367 2432/1/2432 2368/1/2368
f 2368/1/2368 2432/1/2432 2369/1/2369
f 2368/1/2368 2369/1/2369 2305/1/2305
f 2369/1/2369 2433/1/2433 2434/1/2434
f 2369/1/2369 2434/1/2434 2370/1/2370
f 2370/1/2370 2434/1/2434 2435/1/2435
f 2370/1/2370 2435/1/2435 2371/1/2371
f 2371/1/2371 2435/1/2435 2436/1/2436
f 2371/1/2371 2436/1/2436 2372/1/2372
f 2372/1/2372 2436/1/2436 2437/1/2437
f 2372/1/2372 2437/1/2437 2373/1/2373
f 2373/1/2373 2437/1/2437 2438/1/2438
f 2373/1/2373 2438/1/2438 2374/1/2374
f 2374/1/2374 2438/1/2438 2439/1/2439
f 2374/1/2374 2439/1/2439 2375/1/2375
f 2375/1/2375 2439/1/2439 2440/1/2440
f 2375/1/2375 2440/1/2440 2376/1/2376
f 2376/1/2376 2440/1/2440 2441/1/2441
f 2376/1/2376 2441/1/2441 2377/1/2377
f 2377/1/2377 2441/1/2441 2442/1/2442
f 2377/1/2377 2442/1/2442 2378/1/2378
f 2378/1/2378 2442/1/2442 2443/1/2443
f 2378/1/2378 2443/1/2443 2379/1/2379
f 2379/1/2379 2443/1/2443 2444/1/2444
f 2379/1/2379 2444/1/2444 2380/1/2380
f 2380/1/2380 2444/1/2444 2445/1/2445
f 2380/1/2380 2445/1/2445 2381/1/2381
f 2381/1/2381 2445/1/2445 2446/1/2446
f 2381/1/2381 2446/1/2446 2382/1/2382
f 2382/1/2382 2446/1/2446 2447/1/2447
f 2382/1/2382 2447/1/2447 2383/1/2383
f 2383/1/2383 2447/1/2447 2448/1/2448
f 2383/1/2383 2448/1/2448 2384/1/2384
f 2384/1/2384 2448/1/2448 2449/1/2449
f 2384/1/2384 2449/1/2449 2385/1/2385
f 2385/1/2385 2449/1/2449 2450/1/2450
f 2385/1/2385 2450/1/2450 2386/1/2386
f 2386/1/2386 2450/1/2450 2451/1/2451
f 2386/1/2386 2451/1/2451 2387/1/2387
f 2387/1/2387 2451/1/2451 2452/1/2452
f 2387/1/2387 2452/1/2452 2388/1/2388
f 2388/1/2388 2452/1/2452 2453/1/2453
f 2388/1/2388 2453/1/2453 2389/1/2389
f 2389/1/2389 2453/1/2453 2454/1/2454
f 2389/1/2389 2454/1/2454 2390/1/2390
f 2390/1/2390 2454/1/2454 2455/1/2455
f 2390/1/2390 2455/1/2455 2391/1/2391
f 2391/1/2391 2455/1/2455 2456/1/2456
f 2391/1/2391 2456/1/2456 2392/1/2392
f 2392/1/2392 2456/1/2456 2457/1/2457
f 2392/1/2392 2457/1/2457 2393/1/2393
f 2393/1/2393 2457/1/2457 2458/1/2458
f 2393/1/2393 2458/1/2458 2394/1/2394
f 2394/1/2394 2458/1/2458 2459/1/2459
f 2394/1/2394 2459/1/2459 2395/1/2395
f 2395/1/2395 2459/1/2459 2460/1/2460
f 2395/1/2395 2460/1/2460 2396/1/2396
f 2396/1/2396 2460/1/2460 2461/1/2461
f 2396/1/2396 2461/1/2461 2397/1/2397
f 2397/1/2397 2461/1/2461 2462/1/2462
f 2397/1/2397 2462/1/2462 2398/1/2398
f 2398/1/2398 2462/1/2462 2463/1/2463
f 2398/1/2398 2463/1/2463 2399/1/2399
f 2399/1/2399 2463/1/2463 2464/1/2464
f 2399/1/2399 2464/1/2464 2400/1/2400
f 2400/1/2400 2464/1/2464 2465/1/2465
f 2400/1/2400 2465/1/2465 2401/1/2401
f 2401/1/2401 2465/1/2465 2466/1/2466
f 2401/1/2401 2466/1/2466 2402/1/2402
f 2402/1/2402 2466/1/2466 2467/1/2467
f 2402/1/2402 2467/1/2467 2403/1/2403
f 2403/1/2403 2467/1/2467 2468/1/2468
f 2403/1/2403 2468/1/2468 2404/1/2404
f 2404/1/2404 2468/1/2468 2469/1/2469
f 2404/1/2404 2469/1/2469 2405/1/2405
f 2405/1/2405 2469/1/2469 2470/1/2470
f 2405/1/2405 2470/1/2470 2406/1/2406
f 2406/1/2406 2470/1/2470 2471/1/2471
f 2406/1/2406 2471/1/2471 2407/1/2407
f 2407/1/2407 2471/1/2471 2472/1/2472
f 2407/1/2407 2472/1/2472 2408/1/2408
f 2408/1/2408 2472/1/2472 2473/1/2473
f 2408/1/2408 2473/1/2473 2409/1/2409
f 2409/1/2409 2473/1/2473 2474/1/2474
f 2409/1/2409 2474/1/2474 2410/1/2410
f 2410/1/2410 2474/1/2474 2475/1/2475
f 2410/1/2410 2475/1/2475 2411/1/2411
f 2411/1/2411 2475/1/2475 2476/1/2476
f 2411/1/2411 2476/1/2476 2412/1/2412
f 2412/1/2412 2476/1/2476 2477/1/2477
f 2412/1/2412 2477/1/2477 2413/1/2413
f 2413/1/2413 2477/1/2477 2478/1/2478
f 2413/1/2413 2478/1/2478 2414/1/2414
f 2414/1/2414 2478/1/2478 2479/1/2479
f 2414/1/2414 2479/1/2479 2415/1/2415
f 2415/1/2415 2479/1/2479 2480/1/2480
f 2415/1/2415 2480/1/2480 2416/1/2416
f 2416/1/2416 2480/1/2480 2481/1/2481
f 2416/1/2416 2481/1/2481 2417/1/2417
f 2417/1/2417 2481/1/2481 2482/1/2482
f 2417/1/2417 2482/1/2482 2418/1/2418
f 2418/1/2418 2482/1/2482 2483/1/2483
f 2418/1/2418 2483/1/2483 2419/1/2419
f 2419/1/2419 2483/1/2483 2484/1/2484
f 2419/1/2419 2484/1/2484 2420/1/2420
f 2420/1/2420 2484/1/2484 2485/1/2485
f 2420/1/2420 2485/1/2485 2421/1/2421
f 2421/1/2421 2485/1/2485 2486/1/2486
f 2421/1/2421 2486/1/2486 2422/1/2422
f 2422/1/2422 2486/1/2486 2487/1/2487
f 2422/1/2422 2487/1/2487 2423/1/2423
f 2423/1/2423 2487/1/2487 2488/1/2488
f 2423/1/2423 2488/1/2488 2424/1/2424
f 2424/1/2424 2488/1/2488 2489/1/2489
f 2424/1/2424 2489/1/2489 2425/1/2425
f 2425/1/2425 2489/1/2489 2490/1/2490
f 2425/1/2425 2490/1/2490 2426/1/2426
f 2426/1/2426 2490/1/2490 2491/1/2491
f 2426/1/2426 2491/1/2491 2427/1/2427
f 2427/1/2427 2491/1/2491 2492/1/2492
f 2427/1/2427 2492/1/2492 2428/1/2428
f 2428/1/2428 2492/1/2492 2493/1/2493
f 2428/1/2428 2493/1/2493 2429/1/2429
f 2429/1/2429 2493/1/2493 2494/1/2494
f 2429/1/2429 2494/1/2494 2430/1/2430
f 2430/1/2430 2494/1/2494 2495/1/2495
f 2430/1/2430 2495/1/2495 2431/1/2431
f 2431/1/2431 2495/1/2495 2496/1/2496
f 2431/1/2431 2496/1/2496 2432/1/2432
f 2432/1/2432 2496/1/2496 2433/1/2433
f 2432/1/2432 2433/1/2433 2369/1/2369
f 2433/1/2433 2497/1/2497 2498/1/2498
f 2433/1/2433 2498/1/2498 2434/1/2434
f 2434/1/2434 2498/1/2498 2499/1/2499
f 2434/1/2434 2499/1/2499 2435/1/2435
f 2435/1/2435 2499/1/2499 2500/1/2500
f 2435/1/2435 2500/1/2500 2436/1/2436
f 2436/1/2436 2500/1/2500 2501/1/2501
f 2436/1/2436 2501/1/2501 2437/1/2437
f 2437/1/2437 2501/1/2501 2502/1/2502
f 2437/1/2437 2502/1/2502 2438/1/2438
f 2438/1/2438 2502/1/2502 2503/1/2503
f 2438/1/2438 2503/1/2503 2439/1/2439
f 2439/1/2439 2503/1/2503 2504/1/2504
f 2439/1/2439 2504/1/2504 2440/1/2440
f 2440/1/2440 2504/1/2504 2505/1/2505
f 2440/1/2440 2505/1/2505 2441/1/2441
f 2441/1/2441 2505/1/2505 2506/1/2506
f 2441/1/2441 2506/1/2506 2442/1/2442
f 2442/1/2442 2506/1/2506 2507/1/2507
f 2442/1/2442 2507/1/2507 2443/1/2443
f 2443/1/2443 2507/1/2507 2508/1/2508
f 2443/1/2443 2508/1/2508 2444/1/2444
f 2444/1/2444 2508/1/2508 2509/1/2509
f 2444/1/2444 2509/1/2509 2445/1/2445
f 2445/1/2445 2509/1/2509 2510/1/2510
f 2445/1/2445 2510/1/2510 2446/1/2446
f 2446/1/2446 2510/1/2510 2511/1/2511
f 2446/1/2446 2511/1/2511 2447/1/2447
f 2447/1/2447 2511/1/2511 2512/1/2512
f 2447/1/2447 2512/1/2512 2448/1/2448
f 2448/1/2448 2512/1/2512 2513/1/2513
f 2448/1/2448 2513/1/2513 2449/1/2449
f 2449/1/2449 2513/1/2513 2514/1/2514
f 2449/1/2449 2514/1/2514 2450/1/2450
f 2450/1/2450 2514/1/2514 2515/1/2515
f 2450/1/2450 2515/1/2515 2451/1/2451
f 2451/1/2451 2515/1/2515 2516/1/2516
f 2451/1/2451 2516/1/2516 2452/1/2452
f 2452/1/2452 2516/1/2516 2517/1/2517
f 2452/1/2452 2517/1/2517 2453/1/2453
f 2453/1/2453 2517/1/2517 2518/1/2518
f 2453/1/2453 2518/1/2518 2454/1/2454
f 2454/1/2454 2518/1/2518 2519/1/2519
f 2454/1/2454 2519/1/2519 2455/1/2455
f 2455/1/2455 2519/1/2519 2520/1/2520
f 2455/1/2455 2520/1/2520 2456/1/2456
f 2456/1/2456 2520/1/2520 2521/1/2521
f 2456/1/2456 2521/1/2521 2457/1/2457
f 2457/1/2457 2521/1/2521 2522/1/2522
f 2457/1/2457 2522/1/2522 2458/1/2458
f 2458/1/2458 2522/1/2522 2523/1/2523
f 2458/1/2458 2523/1/2523 2459/1/2459
f 2459/1/2459 2523/1/2523 2524/1/2524
f 2459/1/2459 2524/1/2524 2460/1/2460
f 2460/1/2460 2524/1/2524 2525/1/2525
f 2460/1/2460 2525/1/2525 2461/1/2461
f 2461/1/2461 2525/1/2525 2526/1/2526
f 2461/1/2461 2526/1/2526 2462/1/2462
f 2462/1/2462 2526/1/2526 2527/1/2527
f 2462/1/2462 2527/1/2527 2463/1/2463
f 2463/1/2463 2527/1/2527 2528/1/2528
f 2463/1/2463 2528/1/2528 2464/1/2464
f 2464/1/2464 2528/1/2528 2529/1/2529
f 2464/1/2464 2529/1/2529 2465/1/2465
f 2465/1/2465 2529/1/2529 2530/1/2530
f 2465/1/2465 2530/1/2530 2466/1/2466
f 2466/1/2466 2530/1/2530 2531/1/2531
f 2466/1/2466 2531/1/2531 2467/1/2467
f 2467/1/2467 2531/1/2531 2532/1/2532
f 2467/1/2467 2532/1/2532 2468/1/2468
f 2468/1/2468 2532/1/2532 2533/1/2533
f 2468/1/2468 2533/1/2533 2469/1/2469
f 2469/1/2469 2533/1/2533 2534/1/2534
f 2469/1/2469 2534/1/2534 2470/1/2470
f 2470/1/2470 2534/1/2534 2535/1/2535
f 2470/1/2470 2535/1/2535 2471/1/2471
f 2471/1/2471 2535/1/2535 2536/1/2536
f 2471/1/2471 2536/1/2536 2472/1/2472
f 2472/1/2472 2536/1/2536 2537/1/2537
f 2472/1/2472 2537/1/2537 2473/1/2473
f 2473/1/2473 2537/1/2537 2538/1/2538
f 2473/1/2473 2538/1/2538 2474/1/2474
f 2474/1/2474 2538/1/2538 2539/1/2539
f 2474/1/2474 2539/1/2539 2475/1/2475
f 2475/1/2475 2539/1/2539 2540/1/2540
f 2475/1/2475 2540/1/2540 2476/1/2476
f 2476/1/2476 2540/1/2540 2541/1/2541
f 2476/1/2476 2541/1/2541 2477/1/2477
f 2477/1/2477 2541/1/2541 2542/1/2542
f 2477/1/2477 2542/1/2542 2478/1/2478
f 2478/1/2478 2542/1/2542 2543/1/2543
f 2478/1/2478 2543/1/2543 2479/1/2479
f 2479/1/2479 2543/1/2543 2544/1/2544
f 2479/1/2479 2544/1/2544 2480/1/2480
f 2480/1/2480 2544/1/2544 2545/1/2545
f 2480/1/2480 2545/1/2545 2481/1/2481
f 2481/1/2481 2545/1/2545 2546/1/2546
f 2481/1/2481 2546/1/2546 2482/1/2482
f 2482/1/2482 2546/1/2546 2547/1/2547
f 2482/1/2482 2547/1/2547 2483/1/2483
f 2483/1/2483 2547/1/2547 2548/1/2548
f 2483/1/2483 2548/1/2548 2484/1/2484
f 2484/1/2484 2548/1/2548 2549/1/2549
f 2484/1/2484 2549/1/2549 2485/1/2485
f 2485/1/2485 2549/1/2549 2550/1/2550
f 2485/1/2485 2550/1/2550 2486/1/2486
f 2486/1/2486 2550/1/2550 2551/1/2551
f 2486/1/2486 2551/1/2551 2487/1/2487
f 2487/1/2487 2551/1/2551 2552/1/2552
f 2487/1/2487 2552/1/2552 2488/1/2488
f 2488/1/2488 2552/1/2552 2553/1/2553
f 2488/1/2488 2553/1/2553 2489/1/2489
f 2489/1/2489 2553/1/2553 2554/1/2554
f 2489/1/2489 2554/1/2554 2490/1/2490
f 2490/1/2490 2554/1/2554 2555/1/2555
f 2490/1/2490 2555/1/2555 2491/1/2491
f 2491/1/2491 2555/1/2555 2556/1/2556
f 2491/1/2491 2556/1/2556 2492/1/2492
f 2492/1/2492 2556/1/2556 2557/1/2557
f 2492/1/2492 2557/1/2557 2493/1/2493
f 2493/1/2493 2557/1/2557 2558/1/2558
f 2493/1/2493 2558/1/2558 2494/1/2494
f 2494/1/2494 2558/1/2558 2559/1/2559
f 2494/1/2494 2559/1/2559 2495/1/2495
f 2495/1/2495 2559/1/2559 2560/1/2560
f 2495/1/2495 2560/1/2560 2496/1/2496
f 2496/1/2496 2560/1/2560 2497/1/2497
f 2496/1/2496 2497/1/2497 2433/1/2433
f 2497/1/2497 2561/1/2561 2562/1/2562
f 2497/1/2497 2562/1/2562 2498/1/2498
f 2498/1/2498 2562/1/2562 2563/1/2563
f 2498/1/2498 2563/1/2563 2499/1/2499
f 2499/1/2499 2563/1/2563 2564/1/2564
f 2499/1/2499 2564/1/2564 2500/1/2500
f 2500/1/2500 2564/1/2564 2565/1/2565
f 2500/1/2500 2565/1/2565 2501/1/2501
f 2501/1/2501 2565/1/2565 2566/1/2566
f 2501/1/2501 2566/1/2566 2502/1/2502
f 2502/1/2502 2566/1/2566 2567/1/2567
f 2502/1/2502 2567/1/2567 2503/1/2503
f 2503/1/2503 2567/1/2567 2568/1/2568
f 2503/1/2503 2568/1/2568 2504/1/2504
f 2504/1/2504 2568/1/2568 2569/1/2569
f 2504/1/2504 2569/1/2569 2505/1/2505
f 2505/1/2505 2569/1/2569 2570/1/2570
f 2505/1/2505 2570/1/2570 2506/1/2506
f 2506/1/2506 2570/1/2570 2571/1/2571
f 2506/1/2506 2571/1/2571 2507/1/2507
f 2507/1/2507 2571/1/2571 2572/1/2572
f 2507/1/2507 2572/1/2572 2508/1/2508
f 2508/1/2508 2572/1/2572 2573/1/2573
f 2508/1/2508 2573/1/2573 2509/1/2509
f 2509/1/2509 2573/1/2573 2574/1/2574
f 2509/1/2509 2574/1/2574 2510/1/2510
f 2510/1/2510 2574/1/2574 2575/1/2575
f 2510/1/2510 2575/1/2575 2511/1/2511
f 2511/1/2511 2575/1/2575 2576/1/2576
f 2511/1/2511 2576/1/2576 2512/1/2512
f 2512/1/2512 2576/1/2576 2577/1/2577
f 2512/1/2512 2577/1/2577 2513/1/2513
f 2513/1/2513 2577/1/2577 2578/1/2578
f 2513/1/2513 2578/1/2578 2514/1/2514
f 2514/1/2514 2578/1/2578 2579/1/2579
f 2514/1/2514 2579/1/2579 2515/1/2515
f 2515/1/2515 2579/1/2579 2580/1/2580
f 2515/1/2515 2580/1/2580 2516/1/2516
f 2516/1/2516 2580/1/2580 2581/1/2581
f 2516/1/2516 2581/1/2581 2517/1/2517
f 2517/1/2517 2581/1/2581 2582/1/2582
f 2517/1/2517 2582/1/2582 2518/1/2518
f 2518/1/2518 2582/1/2582 2583/1/2583
f 2518/1/2518 2583/1/2583 2519/1/2519
f 2519/1/2519 2583/1/2583 2584/1/2584
f 2519/1/2519 2584/1/2584 2520/1/2520
f 2520/1/2520 2584/1/2584 2585/1/2585
f 2520/1/2520 2585/1/2585 2521/1/2521
f 2521/1/2521 2585/1/2585 2586/1/2586
f 2521/1/2521 2586/1/2586 2522/1/2522
f 2522/1/2522 2586/1/2586 2587/1/2587
f 2522/1/2522 2587/1/2587 2523/1/2523
f 2523/1/2523 2587/1/2587 2588/1/2588
f 2523/1/2523 2588/1/2588 2524/1/2524
f 2524/1/2524 2588/1/2588 2589/1/2589
f 2524/1/2524 2589/1/2589 2525/1/2525
f 2525/1/2525 2589/1/2589 2590/1/2590
f 2525/1/2525 2590/1/2590 2526/1/2526
f 2526/1/2526 2590/1/2590 2591/1/2591
f 2526/1/2526 2591/1/2591 2527/1/2527
f 2527/1/2527 2591/1/2591 2592/1/2592
f 2527/1/2527 2592/1/2592 2528/1/2528
f 2528/1/2528 2592/1/2592 2593/1/2593
f 2528/1/2528 2593/1/2593 2529/1/2529
f 2529/1/2529 2593/1/2593 2594/1/2594
f 2529/1/2529 2594/1/2594 2530/1/2530
f 2530/1/2530 2594/1/2594 2595/1/2595
f 2530/1/2530 2595/1/2595 2531/1/2531
f 2531/1/2531 2595/1/2595 2596/1/2596
f 2531/1/2531 2596/1/2596 2532/1/2532
f 2532/1/2532 2596/1/2596 2597/1/2597
f 2532/1/2532 2597/1/2597 2533/1/2533
f 2533/1/2533 2597/1/2597 2598/1/2598
f 2533/1/2533 2598/1/2598 2534/1/2534
f 2534/1/2534 2598/1/2598 2599/1/2599
f 2534/1/2534 2599/1/2599 2535/1/2535
f 2535/1/2535 2599/1/2599 2600/1/2600
f 2535/1/2535 2600/1/2600 2536/1/2536
f 2536/1/2536 2600/1/2600 2601/1/2601
f 2536/1/2536 2601/1/2601 2537/1/2537
f 2537/1/2537 2601/1/2601 2602/1/2602
f 2537/1/2537 2602/1/2602 2538/1/2538
f 2538/1/2538 2602/1/2602 2603/1/2603
f 2538/1/2538 2603/1/2603 2539/1/2539
f 2539/1/2539 2603/1/2603 2604/1/2604
f 2539/1/2539 2604/1/2604 2540/1/2540
f 2540/1/2540 2604/1/2604 2605/1/2605
f 2540/1/2540 2605/1/2605 2541/1/2541
f 2541/1/2541 2605/1/2605 2606/1/2606
f 2541/1/2541 2606/1/2606 2542/1/2542
f 2542/1/2542 2606/1/2606 2607/1/2607
f 2542/1/2542 2607/1/2607 2543/1/2543
f 2543/1/2543 2607/1/2607 2608/1/2608
f 2543/1/2543 2608/1/2608 2544/1/2544
f 2544/1/2544 2608/1/2608 2609/1/2609
f 2544/1/2544 2609/1/2609 2545/1/2545
f 2545/1/2545 2609/1/2609 2610/1/2610
f 2545/1/2545 2610/1/2610 2546/1/2546
f 2546/1/2546 2610/1/2610 2611/1/2611
f 2546/1/2546 2611/1/2611 2547/1/2547
f 2547/1/2547 2611/1/2611 2612/1/2612
f 2547/1/2547 2612/1/2612 2548/1/2548
f 2548/1/2548 2612/1/2612 2613/1/2613
f 2548/1/2548 2613/1/2613 2549/1/2549
f 2549/1/2549 2613/1/2613 2614/1/2614
f 2549/1/2549 2614/1/2614 2550/1/2550
f 2550/1/2550 2614/1/2614 2615/1/2615
f 2550/1/2550 2615/1/2615 2551/1/2551
f 2551/1/2551 2615/1/2615 2616/1/2616
f 2551/1/2551 2616/1/2616 2552/1/2552
f 2552/1/2552 2616/1/2616 2617/1/2617
f 2552/1/2552 2617/1/2617 2553/1/2553
f 2553/1/2553 2617/1/2617 2618/1/2618
f 2553/1/2553 2618/1/2618 2554/1/2554
f 2554/1/2554 2618/1/2618 2619/1/2619
f 2554/1/2554 2619/1/2619 2555/1/2555
f 2555/1/2555 2619/1/2619 2620/1/2620
f 2555/1/2555 2620/1/2620 2556/1/2556
f 2556/1/2556 2620/1/2620 2621/1/2621
f 2556/1/2556 2621/1/2621 2557/1/2557
f 2557/1/2557 2621/1/2621 2622/1/2622
f 2557/1/2557 2622/1/2622 2558/1/2558
f 2558/1/2558 2622/1/2622 2623/1/2623
f 2558/1/2558 2623/1/2623 2559/1/2559
f 2559/1/2559 2623/1/2623 2624/1/2624
f 2559/1/2559 2624/1/2624 2560/1/2560
f 2560/1/2560 2624/1/2624 2561/1/2561
f 2560/1/2560 2561/1/2561 2497/1/2497
f 2561/1/2561 2625/1/2625 2626/1/2626
f 2561/1/2561 2626/1/2626 2562/1/2562
f 2562/1/2562 2626/1/2626 2627/1/2627
f 2562/1/2562 2627/1/2627 2563/1/2563
f 2563/1/2563 2627/1/2627 2628/1/2628
f 2563/1/2563 2628/1/2628 2564/1/2564
f 2564/1/2564 2628/1/2628 2629/1/2629
f 2564/1/2564 2629/1/2629 2565/1/2565
f 2565/1/2565 2629/1/2629 2630/1/2630
f 2565/1/2565 2630/1/2630 2566/1/2566
f 2566/1/2566 2630/1/2630 2631/1/2631
f 2566/1/2566 2631/1/2631 2567/1/2567
f 2567/1/2567 2631/1/2631 2632/1/2632
f 2567/1/2567 2632/1/2632 2568/1/2568
f 2568/1/2568 2632/1/2632 2633/1/2633
f 2568/1/2568 2633/1/2633 2569/1/2569
f 2569/1/2569 2633/1/2633 2634/1/2634
f 2569/1/2569 2634/1/2634 2570/1/2570
f 2570/1/2570 2634/1/2634 2635/1/2635
f 2570/1/2570 2635/1/2635 2571/1/2571
f 2571/1/2571 2635/1/2635 2636/1/2636
f 2571/1/2571 2636/1/2636 2572/1/2572
f 2572/1/2572 2636/1/2636 2637/1/2637
f 2572/1/2572 2637/1/2637 2573/1/2573
f 2573/1/2573 2637/1/2637 2638/1/2638
f 2573/1/2573 2638/1/2638 2574/1/2574
f 2574/1/2574 2638/1/2638 2639/1/2639
f 2574/1/2574 2639/1/2639 2575/1/2575
f 2575/1/2575 2639/1/2639 2640/1/2640
f 2575/1/2575 2640/1/2640 2576/1/2576
f 2576/1/2576 2640/1/2640 2641/1/2641
f 2576/1/2576 2641/1/2641 2577/1/2577
f 2577/1/2577 2641/1/2641 2642/1/2642
f 2577/1/2577 2642/1/2642 2578/1/2578
f 2578/1/2578 2642/1/2642 2643/1/2643
f 2578/1/2578 2643/1/2643 2579/1/2579
f 2579/1/2579 2643/1/2643 2644/1/2644
f 2579/1/2579 2644/1/2644 2580/1/2580
f 2580/1/2580 2644/1/2644 2645/1/2645
f 2580/1/2580 2645/1/2645 2581/1/2581
f 2581/1/2581 2645/1/2645 2646/1/2646
f 2581/1/2581 2646/1/2646 2582/1/2582
f 2582/1/2582 2646/1/2646 2647/1/2647
f 2582/1/2582 2647/1/2647 2583/1/2583
f 2583/1/2583 2647/1/2647 2648/1/2648
f 2583/1/2583 2648/1/2648 2584/1/2584
f 2584/1/2584 2648/1/2648 2649/1/2649
f 2584/1/2584 2649/1/2649 2585/1/2585
f 2585/1/2585 2649/1/2649 2650/1/2650
f 2585/1/2585 2650/1/2650 2586/1/2586
f 2586/1/2586 2650/1/2650 2651/1/2651
f 2586/1/2586 2651/1/2651 2587/1/2587
f 2587/1/2587 2651/1/2651 2652/1/2652
f 2587/1/2587 2652/1/2652 2588/1/2588
f 2588/1/2588 2652/1/2652 2653/1/2653
f 2588/1/2588 2653/1/2653 2589/1/2589
f 2589/1/2589 2653/1/2653 2654/1/2654
f 2589/1/2589 2654/1/2654 2590/1/2590
f 2590/1/2590 2654/1/2654 2655/1/2655
f 2590/1/2590 2655/1/2655 2591/1/2591
f 2591/1/2591 2655/1/2655 2656/1/2656
f 2591/1/2591 2656/1/2656 2592/1/2592
f 2592/1/2592 2656/1/2656 2657/1/2657
f 2592/1/2592 2657/1/2657 2593/1/2593
f 2593/1/2593 2657/1/2657 2658/1/2658
f 2593/1/2593 2658/1/2658 2594/1/2594
f 2594/1/2594 2658/1/2658 2659/1/2659
f 2594/1/2594 2659/1/2659 2595/1/2595
f 2595/1/2595 2659/1/2659 2660/1/2660
f 2595/1/2595 2660/1/2660 2596/1/2596
f 2596/1/2596 2660/1/2660 2661/1/2661
f 2596/1/2596 2661/1/2661 2597/1/2597
f 2597/1/2597 2661/1/2661 2662/1/2662
f 2597/1/2597 2662/1/2662 2598/1/2598
f 2598/1/2598 2662/1/2662 2663/1/2663
f 2598/1/2598 2663/1/2663 2599/1/2599
f 2599/1/2599 2663/1/2663 2664/1/2664
f 2599/1/2599 2664/1/2664 2600/1/2600
f 2600/1/2600 2664/1/2664 2665/1/2665
f 2600/1/2600 2665/1/2665 2601/1/2601
f 2601/1/2601 2665/1/2665 2666/1/2666
f 2601/1/2601 2666/1/2666 2602/1/2602
f 2602/1/2602 2666/1/2666 2667/1/2667
f 2602/1/2602 2667/1/2667 2603/1/2603
f 2603/1/2603 2667/1/2667 2668/1/2668
f 2603/1/2603 2668/1/2668 2604/1/2604
f 2604/1/2604 2668/1/2668 2669/1/2669
f 2604/1/2604 2669/1/2669 2605/1/2605
f 2605/1/2605 2669/1/2669 2670/1/2670
f 2605/1/2605 2670/1/2670 2606/1/2606
f 2606/1/2606 2670/1/2670 2671/1/2671
f 2606/1/2606 2671/1/2671 2607/1/2607
f 2607/1/2607 2671/1/2671 2672/1/2672
f 2607/1/2607 2672/1/2672 2608/1/2608
f 2608/1/2608 2672/1/2672 2673/1/2673
f 2608/1/2608 2673/1/2673 2609/1/2609
f 2609/1/2609 2673/1/2673 2674/1/2674
f 2609/1/2609 2674/1/2674 2610/1/2610
f 2610/1/2610 2674/1/2674 2675/1/2675
f 2610/1/2610 2675/1/2675 2611/1/2611
f 2611/1/2611 2675/1/2675 2676/1/2676
f 2611/1/2611 2676/1/2676 2612/1/2612
f 2612/1/2612 2676/1/2676 2677/1/2677
f 2612/1/2612 2677/1/2677 2613/1/2613
f 2613/1/2613 2677/1/2677 2678/1/2678
f 2613/1/2613 2678/1/2678 2614/1/2614
f 2614/1/2614 2678/1/2678 2679/1/2679
f 2614/1/2614 2679/1/2679 2615/1/2615
f 2615/1/2615 2679/1/2679 2680/1/2680
f 2615/1/2615 2680/1/2680 2616/1/2616
f 2616/1/2616 2680/1/2680 2681/1/2681
f 2616/1/2616 2681/1/2681 2617/1/2617
f 2617/1/2617 2681/1/2681 2682/1/2682
f 2617/1/2617 2682/1/2682 2618/1/2618
f 2618/1/2618 2682/1/2682 2683/1/2683
f 2618/1/2618 2683/1/2683 2619/1/2619
f 2619/1/2619 2683/1/2683 2684/1/2684
f 2619/1/2619 2684/1/2684 2620/1/2620
f 2620/1/2620 2684/1/2684 2685/1/2685
f 2620/1/2620 2685/1/2685 2621/1/2621
f 2621/1/2621 2685/1/2685 2686/1/2686
f 2621/1/2621 2686/1/2686 2622/1/2622
f 2622/1/2622 2686/1/2686 2687/1/2687
f 2622/1/2622 2687/1/2687 2623/1/2623
f 2623/1/2623 2687/1/2687 2688/1/2688
f 2623/1/2623 2688/1/2688 2624/1/2624
f 2624/1/2624 2688/1/2688 2625/1/2625
f 2624/1/2624 2625/1/2625 2561/1/2561
f 2625/1/2625 2689/1/2689 2690/1/2690
f 2625/1/2625 2690/1/2690 2626/1/2626
f 2626/1/2626 2690/1/2690 2691/1/2691
f 2626/1/2626 2691/1/2691 2627/1/2627
f 2627/1/2627 2691/1/2691 2692/1/2692
f 2627/1/2627 2692/1/2692 2628/1/2628
f 2628/1/2628 2692/1/2692 2693/1/2693
f 2628/1/2628 2693/1/2693 2629/1/2629
f 2629/1/2629 2693/1/2693 2694/1/2694
f 2629/1/2629 2694/1/2694 2630/1/2630
f 2630/1/2630 2694/1/2694 2695/1/2695
f 2630/1/2630 2695/1/2695 2631/1/2631
f 2631/1/2631 2695/1/2695 2696/1/2696
f 2631/1/2631 2696/1/2696 2632/1/2632
f 2632/1/2632 2696/1/2696 2697/1/2697
f 2632/1/2632 2697/1/2697 2633/1/2633
f 2633/1/2633 2697/1/2697 2698/1/2698
f 2633/1/2633 2698/1/2698 2634/1/2634
f 2634/1/2634 2698/1/2698 2699/1/2699
f 2634/1/2634 2699/1/2699 2635/1/2635
f 2635/1/2635 2699/1/2699 2700/1/2700
f 2635/1/2635 2700/1/2700 2636/1/2636
f 2636/1/2636 2700/1/2700 2701/1/2701
f 2636/1/2636 2701/1/2701 2637/1/2637
f 2637/1/2637 2701/1/2701 2702/1/2702
f 2637/1/2637 2702/1/2702 2638/1/2638
f 2638/1/2638 2702/1/2702 2703/1/2703
f 2638/1/2638 2703/1/2703 2639/1/2639
f 2639/1/2639 2703/1/2703 2704/1/2704
f 2639/1/2639 2704/1/2704 2640/1/2640
f 2640/1/2640 2704/1/2704 2705/1/2705
f 2640/1/2640 2705/1/2705 2641/1/2641
f 2641/1/2641 2705/1/2705 2706/1/2706
f 2641/1/2641 2706/1/2706 2642/1/2642
f 2642/1/2642 2706/1/2706 2707/1/2707
f 2642/1/2642 2707/1/2707 2643/1/2643
f 2643/1/2643 2707/1/2707 2708/1/2708
f 2643/1/2643 2708/1/2708 2644/1/2644
f 2644/1/2644 2708/1/2708 2709/1/2709
f 2644/1/2644 2709/1/2709 2645/1/2645
f 2645/1/2645 2709/1/2709 2710/1/2710
f 2645/1/2645 2710/1/2710 2646/1/2646
f 2646/1/2646 2710/1/2710 2711/1/2711
f 2646/1/2646 2711/1/2711 2647/1/2647
f 2647/1/2647 2711/1/2711 2712/1/2712
f 2647/1/2647 2712/1/2712 2648/1/2648
f 2648/1/2648 2712/1/2712 2713/1/2713
f 2648/1/2648 2713/1/2713 2649/1/2649
f 2649/1/2649 2713/1/2713 2714/1/2714
f 2649/1/2649 2714/1/2714 2650/1/2650
f 2650/1/2650 2714/1/2714 2715/1/2715
f 2650/1/2650 2715/1/2715 2651/1/2651
f 2651/1/2651 2715/1/2715 2716/1/2716
f 2651/1/2651 2716/1/2716 2652/1/2652
f 2652/1/2652 2716/1/2716 2717/1/2717
f 2652/1/2652 2717/1/2717 2653/1/2653
f 2653/1/2653 2717/1/2717 2718/1/2718
f 2653/1/2653 2718/1/2718 2654/1/2654
f 2654/1/2654 2718/1/2718 2719/1/2719
f 2654/1/2654 2719/1/2719 2655/1/2655
f 2655/1/2655 2719/1/2719 2720/1/2720
f 2655/1/2655 2720/1/2720 2656/1/2656
f 2656/1/2656 2720/1/2720 2721/1/2721
f 2656/1/2656 2721/1/2721 2657/1/2657
f 2657/1/2657 2721/1/2721 2722/1/2722
f 2657/1/2657 2722/1/2722 2658/1/2658
f 2658/1/2658 2722/1/2722 2723/1/2723
f 2658/1/2658 2723/1/2723 2659/1/2659
f 2659/1/2659 2723/1/2723 2724/1/2724
f 2659/1/2659 2724/1/2724 2660/1/2660
f 2660/1/2660 2724/1/2724 2725/1/2725
f 2660/1/2660 2725/1/2725 2661/1/2661
f 2661/1/2661 2725/1/2725 2726/1/2726
f 2661/1/2661 2726/1/2726 2662/1/2662
f 2662/1/2662 2726/1/2726 2727/1/2727
f 2662/1/2662 2727/1/2727 2663/1/2663
f 2663/1/2663 2727/1/2727 2728/1/2728
f 2663/1/2663 2728/1/2728 2664/1/2664
f 2664/1/2664 2728/1/2728 2729/1/2729
f 2664/1/2664 2729/1/2729 2665/1/2665
f 2665/1/2665 2729/1/2729 2730/1/2730
f 2665/1/2665 2730/1/2730 2666/1/2666
f 2666/1/2666 2730/1/2730 2731/1/2731
f 2666/1/2666 2731/1/2731 2667/1/2667
f 2667/1/2667 2731/1/2731 2732/1/2732
f 2667/1/2667 2732/1/2732 2668/1/2668
f 2668/1/2668 2732/1/2732 2733/1/2733
f 2668/1/2668 2733/1/2733 2669/1/2669
f 2669/1/2669 2733/1/2733 2734/1/2734
f 2669/1/2669 2734/1/2734 2670/1/2670
f 2670/1/2670 2734/1/2734 2735/1/2735
f 2670/1/2670 2735/1/2735 2671/1/2671
f 2671/1/2671 2735/1/2735 2736/1/2736
f 2671/1/2671 2736/1/2736 2672/1/2672
f 2672/1/2672 2736/1/2736 2737/1/2737
f 2672/1/2672 2737/1/2737 2673/1/2673
f 2673/1/2673 2737/1/2737 2738/1/2738
f 2673/1/2673 2738/1/2738 2674/1/2674
f 2674/1/2674 2738/1/2738 2739/1/2739
f 2674/1/2674 2739/1/2739 2675/1/2675
f 2675/1/2675 2739/1/2739 2740/1/2740
f 2675/1/2675 2740/1/2740 2676/1/2676
f 2676/1/2676 2740/1/2740 2741/1/2741
f 2676/1/2676 2741/1/2741 2677/1/2677
f 2677/1/2677 2741/1/2741 2742/1/2742
f 2677/1/2677 2742/1/2742 2678/1/2678
f 2678/1/2678 2742/1/2742 2743/1/2743
f 2678/1/2678 2743/1/2743 2679/1/2679
f 2679/1/2679 2743/1/2743 2744/1/2744
f 2679/1/2679 2744/1/2744 2680/1/2680
f 2680/1/2680 2744/1/2744 2745/1/2745
f 2680/1/2680 2745/1/2745 2681/1/2681
f 2681/1/2681 2745/1/2745 2746/1/2746
f 2681/1/2681 2746/1/2746 2682/1/2682
f 2682/1/2682 2746/1/2746 2747/1/2747
f 2682/1/2682 2747/1/2747 2683/1/2683
f 2683/1/2683 2747/1/2747 2748/1/2748
f 2683/1/2683 2748/1/2748 2684/1/2684
f 2684/1/2684 2748/1/2748 2749/1/2749
f 2684/1/2684 2749/1/2749 2685/1/2685
f 2685/1/2685 2749/1/2749 2750/1/2750
f 2685/1/2685 2750/1/2750 2686/1/2686
f 2686/1/2686 2750/1/2750 2751/1/2751
f 2686/1/2686 2751/1/2751 2687/1/2687
f 2687/1/2687 2751/1/2751 2752/1/2752
f 2687/1/2687 2752/1/2752 2688/1/2688
f 2688/1/2688 2752/1/2752 2689/1/2689
f 2688/1/2688 2689/1/2689 2625/1/2625
f 2689/1/2689 2753/1/2753 2754/1/2754
f 2689/1/2689 2754/1/2754 2690/1/2690
f 2690/1/2690 2754/1/2754 2755/1/2755
f 2690/1/2690 2755/1/2755 2691/1/2691
f 2691/1/2691 2755/1/2755 2756/1/2756
f 2691/1/2691 2756/1/2756 2692/1/2692
f 2692/1/2692 2756/1/2756 2757/1/2757
f 2692/1/2692 2757/1/2757 2693/1/2693
f 2693/1/2693 2757/1/2757 2758/1/2758
f 2693/1/2693 2758/1/2758 2694/1/2694
f 2694/1/2694 2758/1/2758 2759/1/2759
f 2694/1/2694 2759/1/2759 2695/1/2695
f 2695/1/2695 2759/1/2759 2760/1/2760
f 2695/1/2695 2760/1/2760 2696/1/2696
f 2696/1/2696 2760/1/2760 2761/1/2761
f 2696/1/2696 2761/1/2761 2697/1/2697
f 2697/1/2697 2761/1/2761 2762/1/2762
f 2697/1/2697 2762/1/2762 2698/1/2698
f 2698/1/2698 2762/1/2762 2763/1/2763
f 2698/1/2698 2763/1/2763 2699/1/2699
f 2699/1/2699 2763/1/2763 2764/1/2764
f 2699/1/2699 2764/1/2764 2700/1/2700
f 2700/1/2700 2764/1/2764 2765/1/2765
f 2700/1/2700 2765/1/2765 2701/1/2701
f 2701/1/2701 2765/1/2765 2766/1/2766
f 2701/1/2701 2766/1/2766 2702/1/2702
f 2702/1/2702 2766/1/2766 2767/1/2767
f 2702/1/2702 2767/1/2767 2703/1/2703
f 2703/1/2703 2767/1/2767 2768/1/2768
f 2703/1/2703 2768/1/2768 2704/1/2704
f 2704/1/2704 2768/1/2768 2769/1/2769
f 2704/1/2704 2769/1/2769 2705/1/2705
f 2705/1/2705 2769/1/2769 2770/1/2770
f 2705/1/2705 2770/1/2770 2706/1/2706
f 2706/1/2706 2770/1/2770 2771/1/2771
f 2706/1/2706 2771/1/2771 2707/1/2707
f 2707/1/2707 2771/1/2771 2772/1/2772
f 2707/1/2707 2772/1/2772 2708/1/2708
f 2708/1/2708 2772/1/2772 2773/1/2773
f 2708/1/2708 2773/1/2773 2709/1/2709
f 2709/1/2709 2773/1/2773 2774/1/2774
f 2709/1/2709 2774/1/2774 2710/1/2710
f 2710/1/2710 2774/1/2774 2775/1/2775
f 2710/1/2710 2775/1/2775 2711/1/2711
f 2711/1/2711 2775/1/2775 2776/1/2776
f 2711/1/2711 2776/1/2776 2712/1/2712
f 2712/1/2712 2776/1/2776 2777/1/2777
f 2712/1/2712 2777/1/2777 2713/1/2713
f 2713/1/2713 2777/1/2777 2778/1/2778
f 2713/1/2713 2778/1/2778 2714/1/2714
f 2714/1/2714 2778/1/2778 2779/1/2779
f 2714/1/2714 2779/1/2779 2715/1/2715
f 2715/1/2715 2779/1/2779 2780/1/2780
f 2715/1/2715 2780/1/2780 2716/1/2716
f 2716/1/2716 2780/1/2780 2781/1/2781
f 2716/1/2716 2781/1/2781 2717/1/2717
f 2717/1/2717 2781/1/2781 2782/1/2782
f 2717/1/2717 2782/1/2782 2718/1/2718
f 2718/1/2718 2782/1/2782 2783/1/2783
f 2718/1/2718 2783/1/2783 2719/1/2719
f 2719/1/2719 2783/1/2783 2784/1/2784
f 2719/1/2719 2784/1/2784 2720/1/2720
f 2720/1/2720 2784/1/2784 2785/1/2785
f 2720/1/2720 2785/1/2785 2721/1/2721
f 2721/1/2721 2785/1/2785 2786/1/2786
f 2721/1/2721 2786/1/2786 2722/1/2722
f 2722/1/2722 2786/1/2786 2787/1/2787
f 2722/1/2722 2787/1/2787 2723/1/2723
f 2723/1/2723 2787/1/2787 2788/1/2788
f 2723/1/2723 2788/1/2788 2724/1/2724
f 2724/1/2724 2788/1/2788 2789/1/2789
f 2724/1/2724 2789/1/2789 2725/1/2725
f 2725/1/2725 2789/1/2789 2790/1/2790
f 2725/1/2725 2790/1/2790 2726/1/2726
f 2726/1/2726 2790/1/2790 2791/1/2791
f 2726/1/2726 2791/1/2791 2727/1/2727
f 2727/1/2727 2791/1/2791 2792/1/2792
f 2727/1/2727 2792/1/2792 2728/1/2728
f 2728/1/2728 2792/1/2792 2793/1/2793
f 2728/1/2728 2793/1/2793 2729/1/2729
f 2729/1/2729 2793/1/2793 2794/1/2794
f 2729/1/2729 2794/1/2794 2730/1/2730
f 2730/1/2730 2794/1/2794 2795/1/2795
f 2730/1/2730 2795/1/2795 2731/1/2731
f 2731/1/2731 2795/1/2795 2796/1/2796
f 2731/1/2731 2796/1/2796 2732/1/2732
f 2732/1/2732 2796/1/2796 2797/1/2797
f 2732/1/2732 2797/1/2797 2733/1/2733
f 2733/1/2733 2797/1/2797 2798/1/2798
f 2733/1/2733 2798/1/2798 2734/1/2734
f 2734/1/2734 2798/1/2798 2799/1/2799
f 2734/1/2734 2799/1/2799 2735/1/2735
f 2735/1/2735 2799/1/2799 2800/1/2800
f 2735/1/2735 2800/1/2800 2736/1/2736
f 2736/1/2736 2800/1/2800 2801/1/2801
f 2736/1/2736 2801/1/2801 2737/1/2737
f 2737/1/2737 2801/1/2801 2802/1/2802
f 2737/1/2737 2802/1/2802 2738/1/2738
f 2738/1/2738 2802/1/2802 2803/1/2803
f 2738/1/2738 2803/1/2803 2739/1/2739
f 2739/1/2739 2803/1/2803 2804/1/2804
f 2739/1/2739 2804/1/2804 2740/1/2740
f 2740/1/2740 2804/1/2804 2805/1/2805
f 2740/1/2740 2805/1/2805 2741/1/2741
f 2741/1/2741 2805/1/2805 2806/1/2806
f 2741/1/2741 2806/1/2806 2742/1/2742
f 2742/1/2742 2806/1/2806 2807/1/2807
f 2742/1/2742 2807/1/2807 2743/1/2743
f 2743/1/2743 2807/1/2807 2808/1/2808
f 2743/1/2743 2808/1/2808 2744/1/2744
f 2744/1/2744 2808/1/2808 2809/1/2809
f 2744/1/2744 2809/1/2809 2745/1/2745
f 2745/1/2745 2809/1/2809 2810/1/2810
f 2745/1/2745 2810/1/2810 2746/1/2746
f 2746/1/2746 2810/1/2810 2811/1/2811
f 2746/1/2746 2811/1/2811 2747/1/2747
f 2747/1/2747 2811/1/2811 2812/1/2812
f 2747/1/2747 2812/1/2812 2748/1/2748
f 2748/1/2748 2812/1/2812 2813/1/2813
f 2748/1/2748 2813/1/2813 2749/1/2749
f 2749/1/2749 2813/1/2813 2814/1/2814
f 2749/1/2749 2814/1/2814 2750/1/2750
f 2750/1/2750 2814/1/2814 2815/1/2815
f 2750/1/2750 2815/1/2815 2751/1/2751
f 2751/1/2751 2815/1/2815 2816/1/2816
f 2751/1/2751 2816/1/2816 2752/1/2752
f 2752/1/2752 2816/1/2816 2753/1/2753
f 2752/1/2752 2753/1/2753 2689/1/2689
f 2753/1/2753 2817/1/2817 2818/1/2818
f 2753/1/2753 2818/1/2818 2754/1/2754
f 2754/1/2754 2818/1/2818 2819/1/2819
f 2754/1/2754 2819/1/2819 2755/1/2755
f 2755/1/2755 2819/1/2819 2820/1/2820
f 2755/1/2755 2820/1/2820 2756/1/2756
f 2756/1/2756 2820/1/2820 2821/1/2821
f 2756/1/2756 2821/1/2821 2757/1/2757
f 2757/1/2757 2821/1/2821 2822/1/2822
f 2757/1/2757 2822/1/2822 2758/1/2758
f 2758/1/2758 2822/1/2822 2823/1/2823
f 2758/1/2758 2823/1/2823 2759/1/2759
f 2759/1/2759 2823/1/2823 2824/1/2824
f 2759/1/2759 2824/1/2824 2760/1/2760
f 2760/1/2760 2824/1/2824 2825/1/2825
f 2760/1/2760 2825/1/2825 2761/1/2761
f 2761/1/2761 2825/1/2825 2826/1/2826
f 2761/1/2761 2826/1/2826 2762/1/2762
f 2762/1/2762 2826/1/2826 2827/1/2827
f 2762/1/2762 2827/1/2827 2763/1/2763
f 2763/1/2763 2827/1/2827 2828/1/2828
f 2763/1/2763 2828/1/2828 2764/1/2764
f 2764/1/2764 2828/1/2828 2829/1/2829
f 2764/1/2764 2829/1/2829 2765/1/2765
f 2765/1/2765 2829/1/2829 2830/1/2830
f 2765/1/2765 2830/1/2830 2766/1/2766
f 2766/1/2766 2830/1/2830 2831/1/2831
f 2766/1/2766 2831/1/2831 2767/1/2767
f 2767/1/2767 2831/1/2831 2832/1/2832
f 2767/1/2767 2832/1/2832 2768/1/2768
f 2768/1/2768 2832/1/2832 2833/1/2833
f 2768/1/2768 2833/1/2833 2769/1/2769
f 2769/1/2769 2833/1/2833 2834/1/2834
f 2769/1/2769 2834/1/2834 2770/1/2770
f 2770/1/2770 2834/1/2834 2835/1/2835
f 2770/1/2770 2835/1/2835 2771/1/2771
f 2771/1/2771 2835/1/2835 2836/1/2836
f 2771/1/2771 2836/1/2836 2772/1/2772
f 2772/1/2772 2836/1/2836 2837/1/2837
f 2772/1/2772 2837/1/2837 2773/1/2773
f 2773/1/2773 2837/1/2837 2838/1/2838
f 2773/1/2773 2838/1/2838 2774/1/2774
f 2774/1/2774 2838/1/2838 2839/1/2839
f 2774/1/2774 2839/1/2839 2775/1/2775
f 2775/1/2775 2839/1/2839 2840/1/2840
f 2775/1/2775 2840/1/2840 2776/1/2776
f 2776/1/2776 2840/1/2840 2841/1/2841
f 2776/1/2776 2841/1/2841 2777/1/2777
f 2777/1/2777 2841/1/2841 2842/1/2842
f 2777/1/2777 2842/1/2842 2778/1/2778
f 2778/1/2778 2842/1/2842 2843/1/2843
f 2778/1/2778 2843/1/2843 2779/1/2779
f 2779/1/2779 2843/1/2843 2844/1/2844
f 2779/1/2779 2844/1/2844 2780/1/2780
f 2780/1/2780 2844/1/2844 2845/1/2845
f 2780/1/2780 2845/1/2845 2781/1/2781
f 2781/1/2781 2845/1/2845 2846/1/2846
f 2781/1/2781 2846/1/2846 2782/1/2782
f 2782/1/2782 2846/1/2846 2847/1/2847
f 2782/1/2782 2847/1/2847 2783/1/2783
f 2783/1/2783 2847/1/2847 2848/1/2848
f 2783/1/2783 2848/1/2848 2784/1/2784
f 2784/1/2784 2848/1/2848 2849/1/2849
f 2784/1/2784 2849/1/2849 2785/1/2785
f 2785/1/2785 2849/1/2849 2850/1/2850
f 2785/1/2785 2850/1/2850 2786/1/2786
f 2786/1/2786 2850/1/2850 2851/1/2851
f 2786/1/2786 2851/1/2851 2787/1/2787
f 2787/1/2787 2851/1/2851 2852/1/2852
f 2787/1/2787 2852/1/2852 2788/1/2788
f 2788/1/2788 2852/1/2852 2853/1/2853
f 2788/1/2788 2853/1/2853 2789/1/2789
f 2789/1/2789 2853/1/2853 2854/1/2854
f 2789/1/2789 2854/1/2854 2790/1/2790
f 2790/1/2790 2854/1/2854 2855/1/2855
f 2790/1/2790 2855/1/2855 2791/1/2791
f 2791/1/2791 2855/1/2855 2856/1/2856
f 2791/1/2791 2856/1/2856 2792/1/2792
f 2792/1/2792 2856/1/2856 2857/1/2857
f 2792/1/2792 2857/1/2857 2793/1/2793
f 2793/1/2793 2857/1/2857 2858/1/2858
f 2793/1/2793 2858/1/2858 2794/1/2794
f 2794/1/2794 2858/1/2858 2859/1/2859
f 2794/1/2794 2859/1/2859 2795/1/2795
f 2795/1/2795 2859/1/2859 2860/1/2860
f 2795/1/2795 2860/1/2860 2796/1/2796
f 2796/1/2796 2860/1/2860 2861/1/2861
f 2796/1/2796 2861/1/2861 2797/1/2797
f 2797/1/2797 2861/1/2861 2862/1/2862
f 2797/1/2797 2862/1/2862 2798/1/2798
f 2798/1/2798 2862/1/2862 2863/1/2863
f 2798/1/2798 2863/1/2863 2799/1/2799
f 2799/1/2799 2863/1/2863 2864/1/2864
f 2799/1/2799 2864/1/2864 2800/1/2800
f 2800/1/2800 2864/1/2864 2865/1/2865
f 2800/1/2800 2865/1/2865 2801/1/2801
f 2801/1/2801 2865/1/2865 2866/1/2866
f 2801/1/2801 2866/1/2866 2802/1/2802
f 2802/1/2802 2866/1/2866 2867/1/2867
f 2802/1/2802 2867/1/2867 2803/1/2803
f 2803/1/2803 2867/1/2867 2868/1/2868
f 2803/1/2803 2868/1/2868 2804/1/2804
f 2804/1/2804 2868/1/2868 2869/1/2869
f 2804/1/2804 2869/1/2869 2805/1/2805
f 2805/1/2805 2869/1/2869 2870/1/2870
f 2805/1/2805 2870/1/2870 2806/1/2806
f 2806/1/2806 2870/1/2870 2871/1/2871
f 2806/1/2806 2871/1/2871 2807/1/2807
f 2807/1/2807 2871/1/2871 2872/1/2872
f 2807/1/2807 2872/1/2872 2808/1/2808
f 2808/1/2808 2872/1/2872 2873/1/2873
f 2808/1/2808 2873/1/2873 2809/1/2809
f 2809/1/2809 2873/1/2873 2874/1/2874
f 2809/1/2809 2874/1/2874 2810/1/2810
f 2810/1/2810 2874/1/2874 2875/1/2875
f 2810/1/2810 2875/1/2875 2811/1/2811
f 2811/1/2811 2875/1/2875 2876/1/2876
f 2811/1/2811 2876/1/2876 2812/1/2812
f 2812/1/2812 2876/1/2876 2877/1/2877
f 2812/1/2812 2877/1/2877 2813/1/2813
f 2813/1/2813 2877/1/2877 2878/1/2878
f 2813/1/2813 2878/1/2878 2814/1/2814
f 2814/1/2814 2878/1/2878 2879/1/2879
f 2814/1/2814 2879/1/2879 2815/1/2815
f 2815/1/2815 2879/1/2879 2880/1/2880
f 2815/1/2815 2880/1/2880 2816/1/2816
f 2816/1/2816 2880/1/2880 2817/1/2817
f 2816/1/2816 2817/1/2817 2753/1/2753
f 2817/1/2817 2881/1/2881 2882/1/2882
f 2817/1/2817 2882/1/2882 2818/1/2818
f 2818/1/2818 2882/1/2882 2883/1/2883
f 2818/1/2818 2883/1/2883 2819/1/2819
f 2819/1/2819 2883/1/2883 2884/1/2884
f 2819/1/2819 2884/1/2884 2820/1/2820
f 2820/1/2820 2884/1/2884 2885/1/2885
f 2820/1/2820 2885/1/2885 2821/1/2821
f 2821/1/2821 2885/1/2885 2886/1/2886
f 2821/1/2821 2886/1/2886 2822/1/2822
f 2822/1/2822 2886/1/2886 2887/1/2887
f 2822/1/2822 2887/1/2887 2823/1/2823
f 2823/1/2823 2887/1/2887 2888/1/2888
f 2823/1/2823 2888/1/2888 2824/1/2824
f 2824/1/2824 2888/1/2888 2889/1/2889
f 2824/1/2824 2889/1/2889 2825/1/2825
f 2825/1/2825 2889/1/2889 2890/1/2890
f 2825/1/2825 2890/1/2890 2826/1/2826
f 2826/1/2826 2890/1/2890 2891/1/2891
f 2826/1/2826 2891/1/2891 2827/1/2827
f 2827/1/2827 2891/1/2891 2892/1/2892
f 2827/1/2827 2892/1/2892 2828/1/2828
f 2828/1/2828 2892/1/2892 2893/1/2893
f 2828/1/2828 2893/1/2893 2829/1/2829
f 2829/1/2829 2893/1/2893 2894/1/2894
f 2829/1/2829 2894/1/2894 2830/1/2830
f 2830/1/2830 2894/1/2894 2895/1/2895
f 2830/1/2830 2895/1/2895 2831/1/2831
f 2831/1/2831 2895/1/2895 2896/1/2896
f 2831/1/2831 2896/1/2896 2832/1/2832
f 2832/1/2832 2896/1/2896 2897/1/2897
f 2832/1/2832 2897/1/2897 2833/1/2833
f 2833/1/2833 2897/1/2897 2898/1/2898
f 2833/1/2833 2898/1/2898 2834/1/2834
f 2834/1/2834 2898/1/2898 2899/1/2899
f 2834/1/2834 2899/1/2899 2835/1/2835
f 2835/1/2835 2899/1/2899 2900/1/2900
f 2835/1/2835 2900/1/2900 2836/1/2836
f 2836/1/2836 2900/1/2900 2901/1/2901
f 2836/1/2836 2901/1/2901 2837/1/2837
f 2837/1/2837 2901/1/2901 2902/1/2902
f 2837/1/2837 2902/1/2902 2838/1/2838
f 2838/1/2838 2902/1/2902 2903/1/2903
f 2838/1/2838 2903/1/2903 2839/1/2839
f 2839/1/2839 2903/1/2903 2904/1/2904
f 2839/1/2839 2904/1/2904 2840/1/2840
f 2840/1/2840 2904/1/2904 2905/1/2905
f 2840/1/2840 2905/1/2905 2841/1/2841
f 2841/1/2841 2905/1/2905 2906/1/2906
f 2841/1/2841 2906/1/2906 2842/1/2842
f 2842/1/2842 2906/1/2906 2907/1/2907
f 2842/1/2842 2907/1/2907 2843/1/2843
f 2843/1/2843 2907/1/2907 2908/1/2908
f 2843/1/2843 2908/1/2908 2844/1/2844
f 2844/1/2844 2908/1/2908 2909/1/2909
f 2844/1/2844 2909/1/2909 2845/1/2845
f 2845/1/2845 2909/1/2909 2910/1/2910
f 2845/1/2845 2910/1/2910 2846/1/2846
f 2846/1/2846 2910/1/2910 2911/1/2911
f 2846/1/2846 2911/1/2911 2847/1/2847
f 2847/1/2847 2911/1/2911 2912/1/2912
f 2847/1/2847 2912/1/2912 2848/1/2848
f 2848/1/2848 2912/1/2912 2913/1/2913
f 2848/1/2848 2913/1/2913 2849/1/2849
f 2849/1/2849 2913/1/2913 2914/1/2914
f 2849/1/2849 2914/1/2914 2850/1/2850
f 2850/1/2850 2914/1/2914 2915/1/2915
f 2850/1/2850 2915/1/2915 2851/1/2851
f 2851/1/2851 2915/1/2915 2916/1/2916
f 2851/1/2851 2916/1/2916 2852/1/2852
f 2852/1/2852 2916/1/2916 2917/1/2917
f 2852/1/2852 2917/1/2917 2853/1/2853
f 2853/1/2853 2917/1/2917 2918/1/2918
f 2853/1/2853 2918/1/2918 2854/1/2854
f 2854/1/2854 2918/1/2918 2919/1/2919
f 2854/1/2854 2919/1/2919 2855/1/2855
f 2855/1/2855 2919/1/2919 2920/1/2920
f 2855/1/2855 2920/1/2920 2856/1/2856
f 2856/1/2856 2920/1/2920 2921/1/2921
f 2856/1/2856 2921/1/2921 2857/1/2857
f 2857/1/2857 2921/1/2921 2922/1/2922
f 2857/1/2857 2922/1/2922 2858/1/2858
f 2858/1/2858 2922/1/2922 2923/1/2923
f 2858/1/2858 2923/1/2923 2859/1/2859
f 2859/1/2859 2923/1/2923 2924/1/2924
f 2859/1/2859 2924/1/2924 2860/1/2860
f 2860/1/2860 2924/1/2924 2925/1/2925
f 2860/1/2860 2925/1/2925 2861/1/2861
f 2861/1/2861 2925/1/2925 2926/1/2926
f 2861/1/2861 2926/1/2926 2862/1/2862
f 2862/1/2862 2926/1/2926 2927/1/2927
f 2862/1/2862 2927/1/2927 2863/1/2863
f 2863/1/2863 2927/1/2927 2928/1/2928
f 2863/1/2863 2928/1/2928 2864/1/2864
f 2864/1/2864 2928/1/2928 2929/1/2929
f 2864/1/2864 2929/1/2929 2865/1/2865
f 2865/1/2865 2929/1/2929 2930/1/2930
f 2865/1/2865 2930/1/2930 2866/1/2866
f 2866/1/2866 2930/1/2930 2931/1/2931
f 2866/1/2866 2931/1/2931 2867/1/2867
f 2867/1/2867 2931/1/2931 2932/1/2932
f 2867/1/2867 2932/1/2932 2868/1/2868
f 2868/1/2868 2932/1/2932 2933/1/2933
f 2868/1/2868 2933/1/2933 2869/1/2869
f 2869/1/2869 2933/1/2933 2934/1/2934
f 2869/1/2869 2934/1/2934 2870/1/2870
f 2870/1/2870 2934/1/2934 2935/1/2935
f 2870/1/2870 2935/1/2935 2871/1/2871
f 2871/1/2871 2935/1/2935 2936/1/2936
f 2871/1/2871 2936/1/2936 2872/1/2872
f 2872/1/2872 2936/1/2936 2937/1/2937
f 2872/1/2872 2937/1/2937 2873/1/2873
f 2873/1/2873 2937/1/2937 2938/1/2938
f 2873/1/2873 2938/1/2938 2874/1/2874
f 2874/1/2874 2938/1/2938 2939/1/2939
f 2874/1/2874 2939/1/2939 2875/1/2875
f 2875/1/2875 2939/1/2939 2940/1/2940
f 2875/1/2875 2940/1/2940 2876/1/2876
f 2876/1/2876 2940/1/2940 2941/1/2941
f 2876/1/2876 2941/1/2941 2877/1/2877
f 2877/1/2877 2941/1/2941 2942/1/2942
f 2877/1/2877 2942/1/2942 2878/1/2878
f 2878/1/2878 2942/1/2942 2943/1/2943
f 2878/1/2878 2943/1/2943 2879/1/2879
f 2879/1/2879 2943/1/2943 2944/1/2944
f 2879/1/2879 2944/1/2944 2880/1/2880
f 2880/1/2880 2944/1/2944 2881/1/2881
f 2880/1/2880 2881/1/2881 2817/1/2817
f 2881/1/2881 2945/1/2945 2946/1/2946
f 2881/1/2881 2946/1/2946 2882/1/2882
f 2882/1/2882 2946/1/2946 2947/1/2947
f 2882/1/2882 2947/1/2947 2883/1/2883
f 2883/1/2883 2947/1/2947 2948/1/2948
f 2883/1/2883 2948/1/2948 2884/1/2884
f 2884/1/2884 2948/1/2948 2949/1/2949
f 2884/1/2884 2949/1/2949 2885/1/2885
f 2885/1/2885 2949/1/2949 2950/1/2950
f 2885/1/2885 2950/1/2950 2886/1/2886
f 2886/1/2886 2950/1/2950 2951/1/2951
f 2886/1/2886 2951/1/2951 2887/1/2887
f 2887/1/2887 2951/1/2951 2952/1/2952
f 2887/1/2887 2952/1/2952 2888/1/2888
f 2888/1/2888 2952/1/2952 2953/1/2953
f 2888/1/2888 2953/1/2953 2889/1/2889
f 2889/1/2889 2953/1/2953 2954/1/2954
f 2889/1/2889 2954/1/2954 2890/1/2890
f 2890/1/2890 2954/1/2954 2955/1/2955
f 2890/1/2890 2955/1/2955 2891/1/2891
f 2891/1/2891 2955/1/2955 2956/1/2956
f 2891/1/2891 2956/1/2956 2892/1/2892
f 2892/1/2892 2956/1/2956 2957/1/2957
f 2892/1/2892 2957/1/2957 2893/1/2893
f 2893/1/2893 2957/1/2957 2958/1/2958
f 2893/1/2893 2958/1/2958 2894/1/2894
f 2894/1/2894 2958/1/2958 2959/1/2959
f 2894/1/2894 2959/1/2959 2895/1/2895
f 2895/1/2895 2959/1/2959 2960/1/2960
f 2895/1/2895 2960/1/2960 2896/1/2896
f 2896/1/2896 2960/1/2960 2961/1/2961
f 2896/1/2896 2961/1/2961 2897/1/2897
f 2897/1/2897 2961/1/2961 2962/1/2962
f 2897/1/2897 2962/1/2962 2898/1/2898
f 2898/1/2898 2962/1/2962 2963/1/2963
f 2898/1/2898 2963/1/2963 2899/1/2899
f 2899/1/2899 2963/1/2963 2964/1/2964
f 2899/1/2899 2964/1/2964 2900/1/2900
f 2900/1/2900 2964/1/2964 2965/1/2965
f 2900/1/2900 2965/1/2965 2901/1/2901
f 2901/1/2901 2965/1/2965 2966/1/2966
f 2901/1/2901 2966/1/2966 2902/1/2902
f 2902/1/2902 2966/1/2966 2967/1/2967
f 2902/1/2902 2967/1/2967 2903/1/2903
f 2903/1/2903 2967/1/2967 2968/1/2968
f 2903/1/2903 2968/1/2968 2904/1/2904
f 2904/1/2904 2968/1/2968 2969/1/2969
f 2904/1/2904 2969/1/2969 2905/1/2905
f 2905/1/2905 2969/1/2969 2970/1/2970
f 2905/1/2905 2970/1/2970 2906/1/2906
f 2906/1/2906 2970/1/2970 2971/1/2971
f 2906/1/2906 2971/1/2971 2907/1/2907
f 2907/1/2907 2971/1/2971 2972/1/2972
f 2907/1/2907 2972/1/2972 2908/1/2908
f 2908/1/2908 2972/1/2972 2973/1/2973
f 2908/1/2908 2973/1/2973 2909/1/2909
f 2909/1/2909 2973/1/2973 2974/1/2974
f 2909/1/2909 2974/1/2974 2910/1/2910
f 2910/1/2910 2974/1/2974 2975/1/2975
f 2910/1/2910 2975/1/2975 2911/1/2911
f 2911/1/2911 2975/1/2975 2976/1/2976
f 2911/1/2911 2976/1/2976 2912/1/2912
f 2912/1/2912 2976/1/2976 2977/1/2977
f 2912/1/2912 2977/1/2977 2913/1/2913
f 2913/1/2913 2977/1/2977 2978/1/2978
f 2913/1/2913 2978/1/2978 2914/1/2914
f 2914/1/2914 2978/1/2978 2979/1/2979
f 2914/1/2914 2979/1/2979 2915/1/2915
f 2915/1/2915 2979/1/2979 2980/1/2980
f 2915/1/2915 2980/1/2980 2916/1/2916
f 2916/1/2916 2980/1/2980 2981/1/2981
f 2916/1/2916 2981/1/2981 2917/1/2917
f 2917/1/2917 2981/1/2981 2982/1/2982
f 2917/1/2917 2982/1/2982 2918/1/2918
f 2918/1/2918 2982/1/2982 2983/1/2983
f 2918/1/2918 2983/1/2983 2919/1/2919
f 2919/1/2919 2983/1/2983 2984/1/2984
f 2919/1/2919 2984/1/2984 2920/1/2920
f 2920/1/2920 2984/1/2984 2985/1/2985
f 2920/1/2920 2985/1/2985 2921/1/2921
f 2921/1/2921 2985/1/2985 2986/1/2986
f 2921/1/2921 2986/1/2986 2922/1/2922
f 2922/1/2922 2986/1/2986 2987/1/2987
f 2922/1/2922 2987/1/2987 2923/1/2923
f 2923/1/2923 2987/1/2987 2988/1/2988
f 2923/1/2923 2988/1/2988 2924/1/2924
f 2924/1/2924 2988/1/2988 2989/1/2989
f 2924/1/2924 2989/1/2989 2925/1/2925
f 2925/1/2925 2989/1/2989 2990/1/2990
f 2925/1/2925 2990/1/2990 2926/1/2926
f 2926/1/2926 2990/1/2990 2991/1/2991
f 2926/1/2926 2991/1/2991 2927/1/2927
f 2927/1/2927 2991/1/2991 2992/1/2992
f 2927/1/2927 2992/1/2992 2928/1/2928
f 2928/1/2928 2992/1/2992 2993/1/2993
f 2928/1/2928 2993/1/2993 2929/1/2929
f 2929/1/2929 2993/1/2993 2994/1/2994
f 2929/1/2929 2994/1/2994 2930/1/2930
f 2930/1/2930 2994/1/2994 2995/1/2995
f 2930/1/2930 2995/1/2995 2931/1/2931
f 2931/1/2931 2995/1/2995 2996/1/2996
f 2931/1/2931 2996/1/2996 2932/1/2932
f 2932/1/2932 2996/1/2996 2997/1/2997
f 2932/1/2932 2997/1/2997 2933/1/2933
f 2933/1/2933 2997/1/2997 2998/1/2998
f 2933/1/2933 2998/1/2998 2934/1/2934
f 2934/1/2934 2998/1/2998 2999/1/2999
f 2934/1/2934 2999/1/2999 2935/1/2935
f 2935/1/2935 2999/1/2999 3000/1/3000
f 2935/1/2935 3000/1/3000 2936/1/2936
f 2936/1/2936 3000/1/3000 3001/1/3001
f 2936/1/2936 3001/1/3001 2937/1/2937
f 2937/1/2937 3001/1/3001 3002/1/3002
f 2937/1/2937 3002/1/3002 2938/1/2938
f 2938/1/2938 3002/1/3002 3003/1/3003
f 2938/1/2938 3003/1/3003 2939/1/2939
f 2939/1/2939 3003/1/3003 3004/1/3004
f 2939/1/2939 3004/1/3004 2940/1/2940
f 2940/1/2940 3004/1/3004 3005/1/3005
f 2940/1/2940 3005/1/3005 2941/1/2941
f 2941/1/2941 3005/1/3005 3006/1/3006
f 2941/1/2941 3006/1/3006 2942/1/2942
f 2942/1/2942 3006/1/3006 3007/1/3007
f 2942/1/2942 3007/1/3007 2943/1/2943
f 2943/1/2943 3007/1/3007 3008/1/3008
f 2943/1/2943 3008/1/3008 2944/1/2944
f 2944/1/2944 3008/1/3008 2945/1/2945
f 2944/1/2944 2945/1/2945 2881/1/2881
f 2945/1/2945 3009/1/3009 3010/1/3010
f 2945/1/2945 3010/1/3010 2946/1/2946
f 2946/1/2946 3010/1/3010 3011/1/3011
f 2946/1/2946 3011/1/3011 2947/1/2947
f 2947/1/2947 3011/1/3011 3012/1/3012
f 2947/1/2947 3012/1/3012 2948/1/2948
f 2948/1/2948 3012/1/3012 3013/1/3013
f 2948/1/2948 3013/1/3013 2949/1/2949
f 2949/1/2949 3013/1/3013 3014/1/3014
f 2949/1/2949 3014/1/3014 2950/1/2950
f 2950/1/2950 3014/1/3014 3015/1/3015
f 2950/1/2950 3015/1/3015 2951/1/2951
f 2951/1/2951 3015/1/3015 3016/1/3016
f 2951/1/2951 3016/1/3016 2952/1/2952
f 2952/1/2952 3016/1/3016 3017/1/3017
f 2952/1/2952 3017/1/3017 2953/1/2953
f 2953/1/2953 3017/1/3017 3018/1/3018
f 2953/1/2953 3018/1/3018 2954/1/2954
f 2954/1/2954 3018/1/3018 3019/1/3019
f 2954/1/2954 3019/1/3019 2955/1/2955
f 2955/1/2955 3019/1/3019 3020/1/3020
f 2955/1/2955 3020/1/3020 2956/1/2956
f 2956/1/2956 3020/1/3020 3021/1/3021
f 2956/1/2956 3021/1/3021 2957/1/2957
f 2957/1/2957 3021/1/3021 3022/1/3022
f 2957/1/2957 3022/1/3022 2958/1/2958
f 2958/1/2958 3022/1/3022 3023/1/3023
f 2958/1/2958 3023/1/3023 2959/1/2959
f 2959/1/2959 3023/1/3023 3024/1/3024
f 2959/1/2959 3024/1/3024 2960/1/2960
f 2960/1/2960 3024/1/3024 3025/1/3025
f 2960/1/2960 3025/1/3025 2961/1/2961
f 2961/1/2961 3025/1/3025 3026/1/3026
f 2961/1/2961 3026/1/3026 2962/1/2962
f 2962/1/2962 3026/1/3026 3027/1/3027
f 2962/1/2962 3027/1/3027 2963/1/2963
f 2963/1/2963 3027/1/3027 3028/1/3028
f 2963/1/2963 3028/1/3028 2964/1/2964
f 2964/1/2964 3028/1/3028 3029/1/3029
f 2964/1/2964 3029/1/3029 2965/1/2965
f 2965/1/2965 3029/1/3029 3030/1/3030
f 2965/1/2965 3030/1/3030 2966/1/2966
f 2966/1/2966 3030/1/3030 3031/1/3031
f 2966/1/2966 3031/1/3031 2967/1/2967
f 2967/1/2967 3031/1/3031 3032/1/3032
f 2967/1/2967 3032/1/3032 2968/1/2968
f 2968/1/2968 3032/1/3032 3033/1/3033
f 2968/1/2968 3033/1/3033 2969/1/2969
f 2969/1/2969 3033/1/3033 3034/1/3034
f 2969/1/2969 3034/1/3034 2970/1/2970
f 2970/1/2970 3034/1/3034 3035/1/3035
f 2970/1/2970 3035/1/3035 2971/1/2971
f 2971/1/2971 3035/1/3035 3036/1/3036
f 2971/1/2971 3036/1/3036 2972/1/2972
f 2972/1/2972 3036/1/3036 3037/1/3037
f 2972/1/2972 3037/1/3037 2973/1/2973
f 2973/1/2973 3037/1/3037 3038/1/3038
f 2973/1/2973 3038/1/3038 2974/1/2974
f 2974/1/2974 3038/1/3038 3039/1/3039
f 2974/1/2974 3039/1/3039 2975/1/2975
f 2975/1/2975 3039/1/3039 3040/1/3040
f 2975/1/2975 3040/1/3040 2976/1/2976
f 2976/1/2976 3040/1/3040 3041/1/3041
f 2976/1/2976 3041/1/3041 2977/1/2977
f 2977/1/2977 3041/1/3041 3042/1/3042
f 2977/1/2977 3042/1/3042 2978/1/2978
f 2978/1/2978 3042/1/3042 3043/1/3043
f 2978/1/2978 3043/1/3043 2979/1/2979
f 2979/1/2979 3043/1/3043 3044/1/3044
f 2979/1/2979 3044/1/3044 2980/1/2980
f 2980/1/2980 3044/1/3044 3045/1/3045
f 2980/1/2980 3045/1/3045 2981/1/2981
f 2981/1/2981 3045/1/3045 3046/1/3046
f 2981/1/2981 3046/1/3046 2982/1/2982
f 2982/1/2982 3046/1/3046 3047/1/3047
f 2982/1/2982 3047/1/3047 2983/1/2983
f 2983/1/2983 3047/1/3047 3048/1/3048
f 2983/1/2983 3048/1/3048 2984/1/2984
f 2984/1/2984 3048/1/3048 3049/1/3049
f 2984/1/2984 3049/1/3049 2985/1/2985
f 2985/1/2985 3049/1/3049 3050/1/3050
f 2985/1/2985 3050/1/3050 2986/1/2986
f 2986/1/2986 3050/1/3050 3051/1/3051
f 2986/1/2986 3051/1/3051 2987/1/2987
f 2987/1/2987 3051/1/3051 3052/1/3052
f 2987/1/2987 3052/1/3052 2988/1/2988
f 2988/1/2988 3052/1/3052 3053/1/3053
f 2988/1/2988 3053/1/3053 2989/1/2989
f 2989/1/2989 3053/1/3053 3054/1/3054
f 2989/1/2989 3054/1/3054 2990/1/2990
f 2990/1/2990 3054/1/3054 3055/1/3055
f 2990/1/2990 3055/1/3055 2991/1/2991
f 2991/1/2991 3055/1/3055 3056/1/3056
f 2991/1/2991 3056/1/3056 2992/1/2992
f 2992/1/2992 3056/1/3056 3057/1/3057
f 2992/1/2992 3057/1/3057 2993/1/2993
f 2993/1/2993 3057/1/3057 3058/1/3058
f 2993/1/2993 3058/1/3058 2994/1/2994
f 2994/1/2994 3058/1/3058 3059/1/3059
f 2994/1/2994 3059/1/3059 2995/1/2995
f 2995/1/2995 3059/1/3059 3060/1/3060
f 2995/1/2995 3060/1/3060 2996/1/2996
f 2996/1/2996 3060/1/3060 3061/1/3061
f 2996/1/2996 3061/1/3061 2997/1/2997
f 2997/1/2997 3061/1/3061 3062/1/3062
f 2997/1/2997 3062/1/3062 2998/1/2998
f 2998/1/2998 3062/1/3062 3063/1/3063
f 2998/1/2998 3063/1/3063 2999/1/2999
f 2999/1/2999 3063/1/3063 3064/1/3064
f 2999/1/2999 3064/1/3064 3000/1/3000
f 3000/1/3000 3064/1/3064 3065/1/3065
f 3000/1/3000 3065/1/3065 3001/1/3001
f 3001/1/3001 3065/1/3065 3066/1/3066
f 3001/1/3001 3066/1/3066 3002/1/3002
f 3002/1/3002 3066/1/3066 3067/1/3067
f 3002/1/3002 3067/1/3067 3003/1/3003
f 3003/1/3003 3067/1/3067 3068/1/3068
f 3003/1/3003 3068/1/3068 3004/1/3004
f 3004/1/3004 3068/1/3068 3069/1/3069
f 3004/1/3004 3069/1/3069 3005/1/3005
f 3005/1/3005 3069/1/3069 3070/1/3070
f 3005/1/3005 3070/1/3070 3006/1/3006
f 3006/1/3006 3070/1/3070 3071/1/3071
f 3006/1/3006 3071/1/3071 3007/1/3007
f 3007/1/3007 3071/1/3071 3072/1/3072
f 3007/1/3007 3072/1/3072 3008/1/3008
f 3008/1/3008 3072/1/3072 3009/1/3009
f 3008/1/3008 3009/1/3009 2945/1/2945
f 3009/1/3009 3073/1/3073 3074/1/3074
f 3009/1/3009 3074/1/3074 3010/1/3010
f 3010/1/3010 3074/1/3074 3075/1/3075
f 3010/1/3010 3075/1/3075 3011/1/3011
f 3011/1/3011 3075/1/3075 3076/1/3076
f 3011/1/3011 3076/1/3076 3012/1/3012
f 3012/1/3012 3076/1/3076 3077/1/3077
f 3012/1/3012 3077/1/3077 3013/1/3013
f 3013/1/3013 3077/1/3077 3078/1/3078
f 3013/1/3013 3078/1/3078 3014/1/3014
f 3014/1/3014 3078/1/3078 3079/1/3079
f 3014/1/3014 3079/1/3079 3015/1/3015
f 3015/1/3015 3079/1/3079 3080/1/3080
f 3015/1/3015 3080/1/3080 3016/1/3016
f 3016/1/3016 3080/1/3080 3081/1/3081
f 3016/1/3016 3081/1/3081 3017/1/3017
f 3017/1/3017 3081/1/3081 3082/1/3082
f 3017/1/3017 3082/1/3082 3018/1/3018
f 3018/1/3018 3082/1/3082 3083/1/3083
f 3018/1/3018 3083/1/3083 3019/1/3019
f 3019/1/3019 3083/1/3083 3084/1/3084
f 3019/1/3019 3084/1/3084 3020/1/3020
f 3020/1/3020 3084/1/3084 3085/1/3085
f 3020/1/3020 3085/1/3085 3021/1/3021
f 3021/1/3021 3085/1/3085 3086/1/3086
f 3021/1/3021 3086/1/3086 3022/1/3022
f 3022/1/3022 3086/1/3086 3087/1/3087
f 3022/1/3022 3087/1/3087 3023/1/3023
f 3023/1/3023 3087/1/3087 3088/1/3088
f 3023/1/3023 3088/1/3088 3024/1/3024
f 3024/1/3024 3088/1/3088 3089/1/3089
f 3024/1/3024 3089/1/3089 3025/1/3025
f 3025/1/3025 3089/1/3089 3090/1/3090
f 3025/1/3025 3090/1/3090 3026/1/3026
f 3026/1/3026 3090/1/3090 3091/1/3091
f 3026/1/3026 3091/1/3091 3027/1/3027
f 3027/1/3027 3091/1/3091 3092/1/3092
f 3027/1/3027 3092/1/3092 3028/1/3028
f 3028/1/3028 3092/1/3092 3093/1/3093
f 3028/1/3028 3093/1/3093 3029/1/3029
f 3029/1/3029 3093/1/3093 3094/1/3094
f 3029/1/3029 3094/1/3094 3030/1/3030
f 3030/1/3030 3094/1/3094 3095/1/3095
f 3030/1/3030 3095/1/3095 3031/1/3031
f 3031/1/3031 3095/1/3095 3096/1/3096
f 3031/1/3031 3096/1/3096 3032/1/3032
f 3032/1/3032 3096/1/3096 3097/1/3097
f 3032/1/3032 3097/1/3097 3033/1/3033
f 3033/1/3033 3097/1/3097 3098/1/3098
f 3033/1/3033 3098/1/3098 3034/1/3034
f 3034/1/3034 3098/1/3098 3099/1/3099
f 3034/1/3034 3099/1/3099 3035/1/3035
f 3035/1/3035 3099/1/3099 3100/1/3100
f 3035/1/3035 3100/1/3100 3036/1/3036
f 3036/1/3036 3100/1/3100 3101/1/3101
f 3036/1/3036 3101/1/3101 3037/1/3037
f 3037/1/3037 3101/1/3101 3102/1/3102
f 3037/1/3037 3102/1/3102 3038/1/3038
f 3038/1/3038 3102/1/3102 3103/1/3103
f 3038/1/3038 3103/1/3103 3039/1/3039
f 3039/1/3039 3103/1/3103 3104/1/3104
f 3039/1/3039 3104/1/3104 3040/1/3040
f 3040/1/3040 3104/1/3104 3105/1/3105
f 3040/1/3040 3105/1/3105 3041/1/3041
f 3041/1/3041 3105/1/3105 3106/1/3106
f 3041/1/3041 3106/1/3106 3042/1/3042
f 3042/1/3042 3106/1/3106 3107/1/3107
f 3042/1/3042 3107/1/3107 3043/1/3043
f 3043/1/3043 3107/1/3107 3108/1/3108
f 3043/1/3043 3108/1/3108 3044/1/3044
f 3044/1/3044 3108/1/3108 3109/1/3109
f 3044/1/3044 3109/1/3109 3045/1/3045
f 3045/1/3045 3109/1/3109 3110/1/3110
f 3045/1/3045 3110/1/3110 3046/1/3046
f 3046/1/3046 3110/1/3110 3111/1/3111
f 3046/1/3046 3111/1/3111 3047/1/3047
f 3047/1/3047 3111/1/3111 3112/1/3112
f 3047/1/3047 3112/1/3112 3048/1/3048
f 3048/1/3048 3112/1/3112 3113/1/3113
f 3048/1/3048 3113/1/3113 3049/1/3049
f 3049/1/3049 3113/1/3113 3114/1/3114
f 3049/1/3049 3114/1/3114 3050/1/3050
f 3050/1/3050 3114/1/3114 3115/1/3115
f 3050/1/3050 3115/1/3115 3051/1/3051
f 3051/1/3051 3115/1/3115 3116/1/3116
f 3051/1/3051 3116/1/3116 3052/1/3052
f 3052/1/3052 3116/1/3116 3117/1/3117
f 3052/1/3052 3117/1/3117 3053/1/3053
f 3053/1/3053 3117/1/3117 3118/1/3118
f 3053/1/3053 3118/1/3118 3054/1/3054
f 3054/1/3054 3118/1/3118 3119/1/3119
f 3054/1/3054 3119/1/3119 3055/1/3055
f 3055/1/3055 3119/1/3119 3120/1/3120
f 3055/1/3055 3120/1/3120 3056/1/3056
f 3056/1/3056 3120/1/3120 3121/1/3121
f 3056/1/3056 3121/1/3121 3057/1/3057
f 3057/1/3057 3121/1/3121 3122/1/3122
f 3057/1/3057 3122/1/3122 3058/1/3058
f 3058/1/3058 3122/1/3122 3123/1/3123
f 3058/1/3058 3123/1/3123 3059/1/3059
f 3059/1/3059 3123/1/3123 3124/1/3124
f 3059/1/3059 3124/1/3124 3060/1/3060
f 3060/1/3060 3124/1/3124 3125/1/3125
f 3060/1/3060 3125/1/3125 3061/1/3061
f 3061/1/3061 3125/1/3125 3126/1/3126
f 3061/1/3061 3126/1/3126 3062/1/3062
f 3062/1/3062 3126/1/3126 3127/1/3127
f 3062/1/3062 3127/1/3127 3063/1/3063
f 3063/1/3063 3127/1/3127 3128/1/3128
f 3063/1/3063 3128/1/3128 3064/1/3064
f 3064/1/3064 3128/1/3128 3129/1/3129
f 3064/1/3064 3129/1/3129 3065/1/3065
f 3065/1/3065 3129/1/3129 3130/1/3130
f 3065/1/3065 3130/1/3130 3066/1/3066
f 3066/1/3066 3130/1/3130 3131/1/3131
f 3066/1/3066 3131/1/3131 3067/1/3067
f 3067/1/3067 3131/1/3131 3132/1/3132
f 3067/1/3067 3132/1/3132 3068/1/3068
f 3068/1/3068 3132/1/3132 3133/1/3133
f 3068/1/3068 3133/1/3133 3069/1/3069
f 3069/1/3069 3133/1/3133 3134/1/3134
f 3069/1/3069 3134/1/3134 3070/1/3070
f 3070/1/3070 3134/1/3134 3135/1/3135
f 3070/1/3070 3135/1/3135 3071/1/3071
f 3071/1/3071 3135/1/3135 3136/1/3136
f 3071/1/3071 3136/1/3136 3072/1/3072
f 3072/1/3072 3136/1/3136 3073/1/3073
f 3072/1/3072 3073/1/3073 3009/1/3009
f 3073/1/3073 3137/1/3137 3138/1/3138
f 3073/1/3073 3138/1/3138 3074/1/3074
f 3074/1/3074 3138/1/3138 3139/1/3139
f 3074/1/3074 3139/1/3139 3075/1/3075
f 3075/1/3075 3139/1/3139 3140/1/3140
f 3075/1/3075 3140/1/3140 3076/1/3076
f 3076/1/3076 3140/1/3140 3141/1/3141
f 3076/1/3076 3141/1/3141 3077/1/3077
f 3077/1/3077 3141/1/3141 3142/1/3142
f 3077/1/3077 3142/1/3142 3078/1/3078
f 3078/1/3078 3142/1/3142 3143/1/3143
f 3078/1/3078 3143/1/3143 3079/1/3079
f 3079/1/3079 3143/1/3143 3144/1/3144
f 3079/1/3079 3144/1/3144 3080/1/3080
f 3080/1/3080 3144/1/3144 3145/1/3145
f 3080/1/3080 3145/1/3145 3081/1/3081
f 3081/1/3081 3145/1/3145 3146/1/3146
f 3081/1/3081 3146/1/3146 3082/1/3082
f 3082/1/3082 3146/1/3146 3147/1/3147
f 3082/1/3082 3147/1/3147 3083/1/3083
f 3083/1/3083 3147/1/3147 3148/1/3148
f 3083/1/3083 3148/1/3148 3084/1/3084
f 3084/1/3084 3148/1/3148 3149/1/3149
f 3084/1/3084 3149/1/3149 3085/1/3085
f 3085/1/3085 3149/1/3149 3150/1/3150
f 3085/1/3085 3150/1/3150 3086/1/3086
f 3086/1/3086 3150/1/3150 3151/1/3151
f 3086/1/3086 3151/1/3151 3087/1/3087
f 3087/1/3087 3151/1/3151 3152/1/3152
f 3087/1/3087 3152/1/3152 3088/1/3088
f 3088/1/3088 3152/1/3152 3153/1/3153
f 3088/1/3088 3153/1/3153 3089/1/3089
f 3089/1/3089 3153/1/3153 3154/1/3154
f 3089/1/3089 3154/1/3154 3090/1/3090
f 3090/1/3090 3154/1/3154 3155/1/3155
f 3090/1/3090 3155/1/3155 3091/1/3091
f 3091/1/3091 3155/1/3155 3156/1/3156
f 3091/1/3091 3156/1/3156 3092/1/3092
f 3092/1/3092 3156/1/3156 3157/1/3157
f 3092/1/3092 3157/1/3157 3093/1/3093
f 3093/1/3093 3157/1/3157 3158/1/3158
f 3093/1/3093 3158/1/3158 3094/1/3094
f 3094/1/3094 3158/1/3158 3159/1/3159
f 3094/1/3094 3159/1/3159 3095/1/3095
f 3095/1/3095 3159/1/3159 3160/1/3160
f 3095/1/3095 3160/1/3160 3096/1/3096
f 3096/1/3096 3160/1/3160 3161/1/3161
f 3096/1/3096 3161/1/3161 3097/1/3097
f 3097/1/3097 3161/1/3161 3162/1/3162
f 3097/1/3097 3162/1/3162 3098/1/3098
f 3098/1/3098 3162/1/3162 3163/1/3163
f 3098/1/3098 3163/1/3163 3099/1/3099
f 3099/1/3099 3163/1/3163 3164/1/3164
f 3099/1/3099 3164/1/3164 3100/1/3100
f 3100/1/3100 3164/1/3164 3165/1/3165
f 3100/1/3100 3165/1/3165 3101/1/3101
f 3101/1/3101 3165/1/3165 3166/1/3166
f 3101/1/3101 3166/1/3166 3102/1/3102
f 3102/1/3102 3166/1/3166 3167/1/3167
f 3102/1/3102 3167/1/3167 3103/1/3103
f 3103/1/3103 3167/1/3167 3168/1/3168
f 3103/1/3103 3168/1/3168 3104/1/3104
f 3104/1/3104 3168/1/3168 3169/1/3169
f 3104/1/3104 3169/1/3169 3105/1/3105
f 3105/1/3105 3169/1/3169 3170/1/3170
f 3105/1/3105 3170/1/3170 3106/1/3106
f 3106/1/3106 3170/1/3170 3171/1/3171
f 3106/1/3106 3171/1/3171 3107/1/3107
f 3107/1/3107 3171/1/3171 3172/1/3172
f 3107/1/3107 3172/1/3172 3108/1/3108
f 3108/1/3108 3172/1/3172 3173/1/3173
f 3108/1/3108 3173/1/3173 3109/1/3109
f 3109/1/3109 3173/1/3173 3174/1/3174
f 3109/1/3109 3174/1/3174 3110/1/3110
f 3110/1/3110 3174/1/3174 3175/1/3175
f 3110/1/3110 3175/1/3175 3111/1/3111
f 3111/1/3111 3175/1/3175 3176/1/3176
f 3111/1/3111 3176/1/3176 3112/1/3112
f 3112/1/3112 3176/1/3176 3177/1/3177
f 3112/1/3112 3177/1/3177 3113/1/3113
f 3113/1/3113 3177/1/3177 3178/1/3178
f 3113/1/3113 3178/1/3178 3114/1/3114
f 3114/1/3114 3178/1/3178 3179/1/3179
f 3114/1/3114 3179/1/3179 3115/1/3115
f 3115/1/3115 3179/1/3179 3180/1/3180
f 3115/1/3115 3180/1/3180 3116/1/3116
f 3116/1/3116 3180/1/3180 3181/1/3181
f 3116/1/3116 3181/1/3181 3117/1/3117
f 3117/1/3117 3181/1/3181 3182/1/3182
f 3117/1/3117 3182/1/3182 3118/1/3118
f 3118/1/3118 3182/1/3182 3183/1/3183
f 3118/1/3118 3183/1/3183 3119/1/3119
f 3119/1/3119 3183/1/3183 3184/1/3184
f 3119/1/3119 3184/1/3184 3120/1/3120
f 3120/1/3120 3184/1/3184 3185/1/3185
f 3120/1/3120 3185/1/3185 3121/1/3121
f 3121/1/3121 3185/1/3185 3186/1/3186
f 3121/1/3121 3186/1/3186 3122/1/3122
f 3122/1/3122 3186/1/3186 3187/1/3187
f 3122/1/3122 3187/1/3187 3123/1/3123
f 3123/1/3123 3187/1/3187 3188/1/3188
f 3123/1/3123 3188/1/3188 3124/1/3124
f 3124/1/3124 3188/1/3188 3189/1/3189
f 3124/1/3124 3189/1/3189 3125/1/3125
f 3125/1/3125 3189/1/3189 3190/1/3190
f 3125/1/3125 3190/1/3190 3126/1/3126
f 3126/1/3126 3190/1/3190 3191/1/3191
f 3126/1/3126 3191/1/3191 3127/1/3127
f 3127/1/3127 3191/1/3191 3192/1/3192
f 3127/1/3127 3192/1/3192 3128/1/3128
f 3128/1/3128 3192/1/3192 3193/1/3193
f 3128/1/3128 3193/1/3193 3129/1/3129
f 3129/1/3129 3193/1/3193 3194/1/3194
f 3129/1/3129 3194/1/3194 3130/1/3130
f 3130/1/3130 3194/1/3194 3195/1/3195
f 3130/1/3130 3195/1/3195 3131/1/3131
f 3131/1/3131 3195/1/3195 3196/1/3196
f 3131/1/3131 3196/1/3196 3132/1/3132
f 3132/1/3132 3196/1/3196 3197/1/3197
f 3132/1/3132 3197/1/3197 3133/1/3133
f 3133/1/3133 3197/1/3197 3198/1/3198
f 3133/1/3133 3198/1/3198 3134/1/3134
f 3134/1/3134 3198/1/3198 3199/1/3199
f 3134/1/3134 3199/1/3199 3135/1/3135
f 3135/1/3135 3199/1/3199 3200/1/3200
f 3135/1/3135 3200/1/3200 3136/1/3136
f 3136/1/3136 3200/1/3200 3137/1/3137
f 3136/1/3136 3137/1/3137 3073/1/3073
f 3137/1/3137 3201/1/3201 3202/1/3202
f 3137/1/3137 3202/1/3202 3138/1/3138
f 3138/1/3138 3202/1/3202 3203/1/3203
f 3138/1/3138 3203/1/3203 3139/1/3139
f 3139/1/3139 3203/1/3203 3204/1/3204
f 3139/1/3139 3204/1/3204 3140/1/3140
f 3140/1/3140 3204/1/3204 3205/1/3205
f 3140/1/3140 3205/1/3205 3141/1/3141
f 3141/1/3141 3205/1/3205 3206/1/3206
f 3141/1/3141 3206/1/3206 3142/1/3142
f 3142/1/3142 3206/1/3206 3207/1/3207
f 3142/1/3142 3207/1/3207 3143/1/3143
f 3143/1/3143 3207/1/3207 3208/1/3208
f 3143/1/3143 3208/1/3208 3144/1/3144
f 3144/1/3144 3208/1/3208 3209/1/3209
f 3144/1/3144 3209/1/3209 3145/1/3145
f 3145/1/3145 3209/1/3209 3210/1/3210
f 3145/1/3145 3210/1/3210 3146/1/3146
f 3146/1/3146 3210/1/3210 3211/1/3211
f 3146/1/3146 3211/1/3211 3147/1/3147
f 3147/1/3147 3211/1/3211 3212/1/3212
f 3147/1/3147 3212/1/3212 3148/1/3148
f 3148/1/3148 3212/1/3212 3213/1/3213
f 3148/1/3148 3213/1/3213 3149/1/3149
f 3149/1/3149 3213/1/3213 3214/1/3214
f 3149/1/3149 3214/1/3214 3150/1/3150
f 3150/1/3150 3214/1/3214 3215/1/3215
f 3150/1/3150 3215/1/3215 3151/1/3151
f 3151/1/3151 3215/1/3215 3216/1/3216
f 3151/1/3151 3216/1/3216 3152/1/3152
f 3152/1/3152 3216/1/3216 3217/1/3217
f 3152/1/3152 3217/1/3217 3153/1/3153
f 3153/1/3153 3217/1/3217 3218/1/3218
f 3153/1/3153 3218/1/3218 3154/1/3154
f 3154/1/3154 3218/1/3218 3219/1/3219
f 3154/1/3154 3219/1/3219 3155/1/3155
f 3155/1/3155 3219/1/3219 3220/1/3220
f 3155/1/3155 3220/1/3220 3156/1/3156
f 3156/1/3156 3220/1/3220 3221/1/3221
f 3156/1/3156 3221/1/3221 3157/1/3157
f 3157/1/3157 3221/1/3221 3222/1/3222
f 3157/1/3157 3222/1/3222 3158/1/3158
f 3158/1/3158 3222/1/3222 3223/1/3223
f 3158/1/3158 3223/1/3223 3159/1/3159
f 3159/1/3159 3223/1/3223 3224/1/3224
f 3159/1/3159 3224/1/3224 3160/1/3160
f 3160/1/3160 3224/1/3224 3225/1/3225
f 3160/1/3160 3225/1/3225 3161/1/3161
f 3161/1/3161 3225/1/3225 3226/1/3226
f 3161/1/3161 3226/1/3226 3162/1/3162
f 3162/1/3162 3226/1/3226 3227/1/3227
f 3162/1/3162 3227/1/3227 3163/1/3163
f 3163/1/3163 3227/1/3227 3228/1/3228
f 3163/1/3163 3228/1/3228 3164/1/3164
f 3164/1/3164 3228/1/3228 3229/1/3229
f 3164/1/3164 3229/1/3229 3165/1/3165
f 3165/1/3165 3229/1/3229 3230/1/3230
f 3165/1/3165 3230/1/3230 3166/1/3166
f 3166/1/3166 3230/1/3230 3231/1/3231
f 3166/1/3166 3231/1/3231 3167/1/3167
f 3167/1/3167 3231/1/3231 3232/1/3232
f 3167/1/3167 3232/1/3232 3168/1/3168
f 3168/1/3168 3232/1/3232 3233/1/3233
f 3168/1/3168 3233/1/3233 3169/1/3169
f 3169/1/3169 3233/1/3233 3234/1/3234
f 3169/1/3169 3234/1/3234 3170/1/3170
f 3170/1/3170 3234/1/3234 3235/1/3235
f 3170/1/3170 3235/1/3235 3171/1/3171
f 3171/1/3171 3235/1/3235 3236/1/3236
f 3171/1/3171 3236/1/3236 3172/1/3172
f 3172/1/3172 3236/1/3236 3237/1/3237
f 3172/1/3172 3237/1/3237 3173/1/3173
f 3173/1/3173 3237/1/3237 3238/1/3238
f 3173/1/3173 3238/1/3238 3174/1/3174
f 3174/1/3174 3238/1/3238 3239/1/3239
f 3174/1/3174 3239/1/3239 3175/1/3175
f 3175/1/3175 3239/1/3239 3240/1/3240
f 3175/1/3175 3240/1/3240 3176/1/3176
f 3176/1/3176 3240/1/3240 3241/1/3241
f 3176/1/3176 3241/1/3241 3177/1/3177
f 3177/1/3177 3241/1/3241 3242/1/3242
f 3177/1/3177 3242/1/3242 3178/1/3178
f 3178/1/3178 3242/1/3242 3243/1/3243
f 3178/1/3178 3243/1/3243 3179/1/3179
f 3179/1/3179 3243/1/3243 3244/1/3244
f 3179/1/3179 3244/1/3244 3180/1/3180
f 3180/1/3180 3244/1/3244 3245/1/3245
f 3180/1/3180 3245/1/3245 3181/1/3181
f 3181/1/3181 3245/1/3245 3246/1/3246
f 3181/1/3181 3246/1/3246 3182/1/3182
f 3182/1/3182 3246/1/3246 3247/1/3247
f 3182/1/3182 3247/1/3247 3183/1/3183
f 3183/1/3183 3247/1/3247 3248/1/3248
f 3183/1/3183 3248/1/3248 3184/1/3184
f 3184/1/3184 3248/1/3248 3249/1/3249
f 3184/1/3184 3249/1/3249 3185/1/3185
f 3185/1/3185 3249/1/3249 3250/1/3250
f 3185/1/3185 3250/1/3250 3186/1/3186
f 3186/1/3186 3250/1/3250 3251/1/3251
f 3186/1/3186 3251/1/3251 3187/1/3187
f 3187/1/3187 3251/1/3251 3252/1/3252
f 3187/1/3187 3252/1/3252 3188/1/3188
f 3188/1/3188 3252/1/3252 3253/1/3253
f 3188/1/3188 3253/1/3253 3189/1/3189
f 3189/1/3189 3253/1/3253 3254/1/3254
f 3189/1/3189 3254/1/3254 3190/1/3190
f 3190/1/3190 3254/1/3254 3255/1/3255
f 3190/1/3190 3255/1/3255 3191/1/3191
f 3191/1/3191 3255/1/3255 3256/1/3256
f 3191/1/3191 3256/1/3256 3192/1/3192
f 3192/1/3192 3256/1/3256 3257/1/3257
f 3192/1/3192 3257/1/3257 3193/1/3193
f 3193/1/3193 3257/1/3257 3258/1/3258
f 3193/1/3193 3258/1/3258 3194/1/3194
f 3194/1/3194 3258/1/3258 3259/1/3259
f 3194/1/3194 3259/1/3259 3195/1/3195
f 3195/1/3195 3259/1/3259 3260/1/3260
f 3195/1/3195 3260/1/3260 3196/1/3196
f 3196/1/3196 3260/1/3260 3261/1/3261
f 3196/1/3196 3261/1/3261 3197/1/3197
f 3197/1/3197 3261/1/3261 3262/1/3262
f 3197/1/3197 3262/1/3262 3198/1/3198
f 3198/1/3198 3262/1/3262 3263/1/3263
f 3198/1/3198 3263/1/3263 3199/1/3199
f 3199/1/3199 3263/1/3263 3264/1/3264
f 3199/1/3199 3264/1/3264 3200/1/3200
f 3200/1/3200 3264/1/3264 3201/1/3201
f 3200/1/3200 3201/1/3201 3137/1/3137
f 3201/1/3201 3265/1/3265 3266/1/3266
f 3201/1/3201 3266/1/3266 3202/1/3202
f 3202/1/3202 3266/1/3266 3267/1/3267
f 3202/1/3202 3267/1/3267 3203/1/3203
f 3203/1/3203 3267/1/3267 3268/1/3268
f 3203/1/3203 3268/1/3268 3204/1/3204
f 3204/1/3204 3268/1/3268 3269/1/3269
f 3204/1/3204 3269/1/3269 3205/1/3205
f 3205/1/3205 3269/1/3269 3270/1/3270
f 3205/1/3205 3270/1/3270 3206/1/3206
f 3206/1/3206 3270/1/3270 3271/1/3271
f 3206/1/3206 3271/1/3271 3207/1/3207
f 3207/1/3207 3271/1/3271 3272/1/3272
f 3207/1/3207 3272/1/3272 3208/1/3208
f 3208/1/3208 3272/1/3272 3273/1/3273
f 3208/1/3208 3273/1/3273 3209/1/3209
f 3209/1/3209 3273/1/3273 3274/1/3274
f 3209/1/3209 3274/1/3274 3210/1/3210
f 3210/1/3210 3274/1/3274 3275/1/3275
f 3210/1/3210 3275/1/3275 3211/1/3211
f 3211/1/3211 3275/1/3275 3276/1/3276
f 3211/1/3211 3276/1/3276 3212/1/3212
f 3212/1/3212 3276/1/3276 3277/1/3277
f 3212/1/3212 3277/1/3277 3213/1/3213
f 3213/1/3213 3277/1/3277 3278/1/3278
f 3213/1/3213 3278/1/3278 3214/1/3214
f 3214/1/3214 3278/1/3278 3279/1/3279
f 3214/1/3214 3279/1/3279 3215/1/3215
f 3215/1/3215 3279/1/3279 3280/1/3280
f 3215/1/3215 3280/1/3280 3216/1/3216
f 3216/1/3216 3280/1/3280 3281/1/3281
f 3216/1/3216 3281/1/3281 3217/1/3217
f 3217/1/3217 3281/1/3281 3282/1/3282
f 3217/1/3217 3282/1/3282 3218/1/3218
f 3218/1/3218 3282/1/3282 3283/1/3283
f 3218/1/3218 3283/1/3283 3219/1/3219
f 3219/1/3219 3283/1/3283 3284/1/3284
f 3219/1/3219 3284/1/3284 3220/1/3220
f 3220/1/3220 3284/1/3284 3285/1/3285
f 3220/1/3220 3285/1/3285 3221/1/3221
f 3221/1/3221 3285/1/3285 3286/1/3286
f 3221/1/3221 3286/1/3286 3222/1/3222
f 3222/1/3222 3286/1/3286 3287/1/3287
f 3222/1/3222 3287/1/3287 3223/1/3223
f 3223/1/3223 3287/1/3287 3288/1/3288
f 3223/1/3223 3288/1/3288 3224/1/3224
f 3224/1/3224 3288/1/3288 3289/1/3289
f 3224/1/3224 3289/1/3289 3225/1/3225
f 3225/1/3225 3289/1/3289 3290/1/3290
f 3225/1/3225 3290/1/3290 3226/1/3226
f 3226/1/3226 3290/1/3290 3291/1/3291
f 3226/1/3226 3291/1/3291 3227/1/3227
f 3227/1/3227 3291/1/3291 3292/1/3292
f 3227/1/3227 3292/1/3292 3228/1/3228
f 3228/1/3228 3292/1/3292 3293/1/3293
f 3228/1/3228 3293/1/3293 3229/1/3229
f 3229/1/3229 3293/1/3293 3294/1/3294
f 3229/1/3229 3294/1/3294 3230/1/3230
f 3230/1/3230 3294/1/3294 3295/1/3295
f 3230/1/3230 3295/1/3295 3231/1/3231
f 3231/1/3231 3295/1/3295 3296/1/3296
f 3231/1/3231 3296/1/3296 3232/1/3232
f 3232/1/3232 3296/1/3296 3297/1/3297
f 3232/1/3232 3297/1/3297 3233/1/3233
f 3233/1/3233 3297/1/3297 3298/1/3298
f 3233/1/3233 3298/1/3298 3234/1/3234
f 3234/1/3234 3298/1/3298 3299/1/3299
f 3234/1/3234 3299/1/3299 3235/1/3235
f 3235/1/3235 3299/1/3299 3300/1/3300
f 3235/1/3235 3300/1/3300 3236/1/3236
f 3236/1/3236 3300/1/3300 3301/1/3301
f 3236/1/3236 3301/1/3301 3237/1/3237
f 3237/1/3237 3301/1/3301 3302/1/3302
f 3237/1/3237 3302/1/3302 3238/1/3238
f 3238/1/3238 3302/1/3302 3303/1/3303
f 3238/1/3238 3303/1/3303 3239/1/3239
f 3239/1/3239 3303/1/3303 3304/1/3304
f 3239/1/3239 3304/1/3304 3240/1/3240
f 3240/1/3240 3304/1/3304 3305/1/3305
f 3240/1/3240 3305/1/3305 3241/1/3241
f 3241/1/3241 3305/1/3305 3306/1/3306
f 3241/1/3241 3306/1/3306 3242/1/3242
f 3242/1/3242 3306/1/3306 3307/1/3307
f 3242/1/3242 3307/1/3307 3243/1/3243
f 3243/1/3243 3307/1/3307 3308/1/3308
f 3243/1/3243 3308/1/3308 3244/1/3244
f 3244/1/3244 3308/1/3308 3309/1/3309
f 3244/1/3244 3309/1/3309 3245/1/3245
f 3245/1/3245 3309/1/3309 3310/1/3310
f 3245/1/3245 3310/1/3310 3246/1/3246
f 3246/1/3246 3310/1/3310 3311/1/3311
f 3246/1/3246 3311/1/3311 3247/1/3247
f 3247/1/3247 3311/1/3311 3312/1/3312
f 3247/1/3247 3312/1/3312 3248/1/3248
f 3248/1/3248 3312/1/3312 3313/1/3313
f 3248/1/3248 3313/1/3313 3249/1/3249
f 3249/1/3249 3313/1/3313 3314/1/3314
f 3249/1/3249 3314/1/3314 3250/1/3250
f 3250/1/3250 3314/1/3314 3315/1/3315
f 3250/1/3250 3315/1/3315 3251/1/3251
f 3251/1/3251 3315/1/3315 3316/1/3316
f 3251/1/3251 3316/1/3316 3252/1/3252
f 3252/1/3252 3316/1/3316 3317/1/3317
f 3252/1/3252 3317/1/3317 3253/1/3253
f 3253/1/3253 3317/1/3317 3318/1/3318
f 3253/1/3253 3318/1/3318 3254/1/3254
f 3254/1/3254 3318/1/3318 3319/1/3319
f 3254/1/3254 3319/1/3319 3255/1/3255
f 3255/1/3255 3319/1/3319 3320/1/3320
f 3255/1/3255 3320/1/3320 3256/1/3256
f 3256/1/3256 3320/1/3320 3321/1/3321
f 3256/1/3256 3321/1/3321 3257/1/3257
f 3257/1/3257 3321/1/3321 3322/1/3322
f 3257/1/3257 3322/1/3322 3258/1/3258
f 3258/1/3258 3322/1/3322 3323/1/3323
f 3258/1/3258 3323/1/3323 3259/1/3259
f 3259/1/3259 3323/1/3323 3324/1/3324
f 3259/1/3259 3324/1/3324 3260/1/3260
f 3260/1/3260 3324/1/3324 3325/1/3325
f 3260/1/3260 3325/1/3325 3261/1/3261
f 3261/1/3261 3325/1/3325 3326/1/3326
f 3261/1/3261 3326/1/3326 3262/1/3262
f 3262/1/3262 3326/1/3326 3327/1/3327
f 3262/1/3262 3327/1/3327 3263/1/3263
f 3263/1/3263 3327/1/3327 3328/1/3328
f 3263/1/3263 3328/1/3328 3264/1/3264
f 3264/1/3264 3328/1/3328 3265/1/3265
f 3264/1/3264 3265/1/3265 3201/1/3201
f 3265/1/3265 3329/1/3329 3330/1/3330
f 3265/1/3265 3330/1/3330 3266/1/3266
f 3266/1/3266 3330/1/3330 3331/1/3331
f 3266/1/3266 3331/1/3331 3267/1/3267
f 3267/1/3267 3331/1/3331 3332/1/3332
f 3267/1/3267 3332/1/3332 3268/1/3268
f 3268/1/3268 3332/1/3332 3333/1/3333
f 3268/1/3268 3333/1/3333 3269/1/3269
f 3269/1/3269 3333/1/3333 3334/1/3334
f 3269/1/3269 3334/1/3334 3270/1/3270
f 3270/1/3270 3334/1/3334 3335/1/3335
f 3270/1/3270 3335/1/3335 3271/1/3271
f 3271/1/3271 3335/1/3335 3336/1/3336
f 3271/1/3271 3336/1/3336 3272/1/3272
f 3272/1/3272 3336/1/3336 3337/1/3337
f 3272/1/3272 3337/1/3337 3273/1/3273
f 3273/1/3273 3337/1/3337 3338/1/3338
f 3273/1/3273 3338/1/3338 3274/1/3274
f 3274/1/3274 3338/1/3338 3339/1/3339
f 3274/1/3274 3339/1/3339 3275/1/3275
f 3275/1/3275 3339/1/3339 3340/1/3340
f 3275/1/3275 3340/1/3340 3276/1/3276
f 3276/1/3276 3340/1/3340 3341/1/3341
f 3276/1/3276 3341/1/3341 3277/1/3277
f 3277/1/3277 3341/1/3341 3342/1/3342
f 3277/1/3277 3342/1/3342 3278/1/3278
f 3278/1/3278 3342/1/3342 3343/1/3343
f 3278/1/3278 3343/1/3343 3279/1/3279
f 3279/1/3279 3343/1/3343 3344/1/3344
f 3279/1/3279 3344/1/3344 3280/1/3280
f 3280/1/3280 3344/1/3344 3345/1/3345
f 3280/1/3280 3345/1/3345 3281/1/3281
f 3281/1/3281 3345/1/3345 3346/1/3346
f 3281/1/3281 3346/1/3346 3282/1/3282
f 3282/1/3282 3346/1/3346 3347/1/3347
f 3282/1/3282 3347/1/3347 3283/1/3283
f 3283/1/3283 3347/1/3347 3348/1/3348
f 3283/1/3283 3348/1/3348 3284/1/3284
f 3284/1/3284 3348/1/3348 3349/1/3349
f 3284/1/3284 3349/1/3349 3285/1/3285
f 3285/1/3285 3349/1/3349 3350/1/3350
f 3285/1/3285 3350/1/3350 3286/1/3286
f 3286/1/3286 3350/1/3350 3351/1/3351
f 3286/1/3286 3351/1/3351 3287/1/3287
f 3287/1/3287 3351/1/3351 3352/1/3352
f 3287/1/3287 3352/1/3352 3288/1/3288
f 3288/1/3288 3352/1/3352 3353/1/3353
f 3288/1/3288 3353/1/3353 3289/1/3289
f 3289/1/3289 3353/1/3353 3354/1/3354
f 3289/1/3289 3354/1/3354 3290/1/3290
f 3290/1/3290 3354/1/3354 3355/1/3355
f 3290/1/3290 3355/1/3355 3291/1/3291
f 3291/1/3291 3355/1/3355 3356/1/3356
f 3291/1/3291 3356/1/3356 3292/1/3292
f 3292/1/3292 3356/1/3356 3357/1/3357
f 3292/1/3292 3357/1/3357 3293/1/3293
f 3293/1/3293 3357/1/3357 3358/1/3358
f 3293/1/3293 3358/1/3358 3294/1/3294
f 3294/1/3294 3358/1/3358 3359/1/3359
f 3294/1/3294 3359/1/3359 3295/1/3295
f 3295/1/3295 3359/1/3359 3360/1/3360
f 3295/1/3295 3360/1/3360 3296/1/3296
f 3296/1/3296 3360/1/3360 3361/1/3361
f 3296/1/3296 3361/1/3361 3297/1/3297
f 3297/1/3297 3361/1/3361 3362/1/3362
f 3297/1/3297 3362/1/3362 3298/1/3298
f 3298/1/3298 3362/1/3362 3363/1/3363
f 3298/1/3298 3363/1/3363 3299/1/3299
f 3299/1/3299 3363/1/3363 3364/1/3364
f 3299/1/3299 3364/1/3364 3300/1/3300
f 3300/1/3300 3364/1/3364 3365/1/3365
f 3300/1/3300 3365/1/3365 3301/1/3301
f 3301/1/3301 3365/1/3365 3366/1/3366
f 3301/1/3301 3366/1/3366 3302/1/3302
f 3302/1/3302 3366/1/3366 3367/1/3367
f 3302/1/3302 3367/1/3367 3303/1/3303
f 3303/1/3303 3367/1/3367 3368/1/3368
f 3303/1/3303 3368/1/3368 3304/1/3304
f 3304/1/3304 3368/1/3368 3369/1/3369
f 3304/1/3304 3369/1/3369 3305/1/3305
f 3305/1/3305 3369/1/3369 3370/1/3370
f 3305/1/3305 3370/1/3370 3306/1/3306
f 3306/1/3306 3370/1/3370 3371/1/3371
f 3306/1/3306 3371/1/3371 3307/1/3307
f 3307/1/3307 3371/1/3371 3372/1/3372
f 3307/1/3307 3372/1/3372 3308/1/3308
f 3308/1/3308 3372/1/3372 3373/1/3373
f 3308/1/3308 3373/1/3373 3309/1/3309
f 3309/1/3309 3373/1/3373 3374/1/3374
f 3309/1/3309 3374/1/3374 3310/1/3310
f 3310/1/3310 3374/1/3374 3375/1/3375
f 3310/1/3310 3375/1/3375 3311/1/3311
f 3311/1/3311 3375/1/3375 3376/1/3376
f 3311/1/3311 3376/1/3376 3312/1/3312
f 3312/1/3312 3376/1/3376 3377/1/3377
f 3312/1/3312 3377/1/3377 3313/1/3313
f 3313/1/3313 3377/1/3377 3378/1/3378
f 3313/1/3313 3378/1/3378 3314/1/3314
f 3314/1/3314 3378/1/3378 3379/1/3379
f 3314/1/3314 3379/1/3379 3315/1/3315
f 3315/1/3315 3379/1/3379 3380/1/3380
f 3315/1/3315 3380/1/3380 3316/1/3316
f 3316/1/3316 3380/1/3380 3381/1/3381
f 3316/1/3316 3381/1/3381 3317/1/3317
f 3317/1/3317 3381/1/3381 3382/1/3382
f 3317/1/3317 3382/1/3382 3318/1/3318
f 3318/1/3318 3382/1/3382 3383/1/3383
f 3318/1/3318 3383/1/3383 3319/1/3319
f 3319/1/3319 3383/1/3383 3384/1/3384
f 3319/1/3319 3384/1/3384 3320/1/3320
f 3320/1/3320 3384/1/3384 3385/1/3385
f 3320/1/3320 3385/1/3385 3321/1/3321
f 3321/1/3321 3385/1/3385 3386/1/3386
f 3321/1/3321 3386/1/3386 3322/1/3322
f 3322/1/3322 3386/1/3386 3387/1/3387
f 3322/1/3322 3387/1/3387 3323/1/3323
f 3323/1/3323 3387/1/3387 3388/1/3388
f 3323/1/3323 3388/1/3388 3324/1/3324
f 3324/1/3324 3388/1/3388 3389/1/3389
f 3324/1/3324 3389/1/3389 3325/1/3325
f 3325/1/3325 3389/1/3389 3390/1/3390
f 3325/1/3325 3390/1/3390 3326/1/3326
f 3326/1/3326 3390/1/3390 3391/1/3391
f 3326/1/3326 3391/1/3391 3327/1/3327
f 3327/1/3327 3391/1/3391 3392/1/3392
f 3327/1/3327 3392/1/3392 3328/1/3328
f 3328/1/3328 3392/1/3392 3329/1/3329
f 3328/1/3328 3329/1/3329 3265/1/3265
f 3329/1/3329 3393/1/3393 3394/1/3394
f 3329/1/3329 3394/1/3394 3330/1/3330
f 3330/1/3330 3394/1/3394 3395/1/3395
f 3330/1/3330 3395/1/3395 3331/1/3331
f 3331/1/3331 3395/1/3395 3396/1/3396
f 3331/1/3331 3396/1/3396 3332/1/3332
f 3332/1/3332 3396/1/3396 3397/1/3397
f 3332/1/3332 3397/1/3397 3333/1/3333
f 3333/1/3333 3397/1/3397 3398/1/3398
f 3333/1/3333 3398/1/3398 3334/1/3334
f 3334/1/3334 3398/1/3398 3399/1/3399
f 3334/1/3334 3399/1/3399 3335/1/3335
f 3335/1/3335 3399/1/3399 3400/1/3400
f 3335/1/3335 3400/1/3400 3336/1/3336
f 3336/1/3336 3400/1/3400 3401/1/3401
f 3336/1/3336 3401/1/3401 3337/1/3337
f 3337/1/3337 3401/1/3401 3402/1/3402
f 3337/1/3337 3402/1/3402 3338/1/3338
f 3338/1/3338 3402/1/3402 3403/1/3403
f 3338/1/3338 3403/1/3403 3339/1/3339
f 3339/1/3339 3403/1/3403 3404/1/3404
f 3339/1/3339 3404/1/3404 3340/1/3340
f 3340/1/3340 3404/1/3404 3405/1/3405
f 3340/1/3340 3405/1/3405 3341/1/3341
f 3341/1/3341 3405/1/3405 3406/1/3406
f 3341/1/3341 3406/1/3406 3342/1/3342
f 3342/1/3342 3406/1/3406 3407/1/3407
f 3342/1/3342 3407/1/3407 3343/1/3343
f 3343/1/3343 3407/1/3407 3408/1/3408
f 3343/1/3343 3408/1/3408 3344/1/3344
f 3344/1/3344 3408/1/3408 3409/1/3409
f 3344/1/3344 3409/1/3409 3345/1/3345
f 3345/1/3345 3409/1/3409 3410/1/3410
f 3345/1/3345 3410/1/3410 3346/1/3346
f 3346/1/3346 3410/1/3410 3411/1/3411
f 3346/1/3346 3411/1/3411 3347/1/3347
f 3347/1/3347 3411/1/3411 3412/1/3412
f 3347/1/3347 3412/1/3412 3348/1/3348
f 3348/1/3348 3412/1/3412 3413/1/3413
f 3348/1/3348 3413/1/3413 3349/1/3349
f 3349/1/3349 3413/1/3413 3414/1/3414
f 3349/1/3349 3414/1/3414 3350/1/3350
f 3350/1/3350 3414/1/3414 3415/1/3415
f 3350/1/3350 3415/1/3415 3351/1/3351
f 3351/1/3351 3415/1/3415 3416/1/3416
f 3351/1/3351 3416/1/3416 3352/1/3352
f 3352/1/3352 3416/1/3416 3417/1/3417
f 3352/1/3352 3417/1/3417 3353/1/3353
f 3353/1/3353 3417/1/3417 3418/1/3418
f 3353/1/3353 3418/1/3418 3354/1/3354
f 3354/1/3354 3418/1/3418 3419/1/3419
f 3354/1/3354 3419/1/3419 3355/1/3355
f 3355/1/3355 3419/1/3419 3420/1/3420
f 3355/1/3355 3420/1/3420 3356/1/3356
f 3356/1/3356 3420/1/3420 3421/1/3421
f 3356/1/3356 3421/1/3421 3357/1/3357
f 3357/1/3357 3421/1/3421 3422/1/3422
f 3357/1/3357 3422/1/3422 3358/1/3358
f 3358/1/3358 3422/1/3422 3423/1/3423
f 3358/1/3358 3423/1/3423 3359/1/3359
f 3359/1/3359 3423/1/3423 3424/1/3424
f 3359/1/3359 3424/1/3424 3360/1/3360
f 3360/1/3360 3424/1/3424 3425/1/3425
f 3360/1/3360 3425/1/3425 3361/1/3361
f 3361/1/3361 3425/1/3425 3426/1/3426
f 3361/1/3361 3426/1/3426 3362/1/3362
f 3362/1/3362 3426/1/3426 3427/1/3427
f 3362/1/3362 3427/1/3427 3363/1/3363
f 3363/1/3363 3427/1/3427 3428/1/3428
f 3363/1/3363 3428/1/3428 3364/1/3364
f 3364/1/3364 3428/1/3428 3429/1/3429
f 3364/1/3364 3429/1/3429 3365/1/3365
f 3365/1/3365 3429/1/3429 3430/1/3430
f 3365/1/3365 3430/1/3430 3366/1/3366
f 3366/1/3366 3430/1/3430 3431/1/3431
f 3366/1/3366 3431/1/3431 3367/1/3367
f 3367/1/3367 3431/1/3431 3432/1/3432
f 3367/1/3367 3432/1/3432 3368/1/3368
f 3368/1/3368 3432/1/3432 3433/1/3433
f 3368/1/3368 3433/1/3433 3369/1/3369
f 3369/1/3369 3433/1/3433 3434/1/3434
f 3369/1/3369 3434/1/3434 3370/1/3370
f 3370/1/3370 3434/1/3434 3435/1/3435
f 3370/1/3370 3435/1/3435 3371/1/3371
f 3371/1/3371 3435/1/3435 3436/1/3436
f 3371/1/3371 3436/1/3436 3372/1/3372
f 3372/1/3372 3436/1/3436 3437/1/3437
f 3372/1/3372 3437/1/3437 3373/1/3373
f 3373/1/3373 3437/1/3437 3438/1/3438
f 3373/1/3373 3438/1/3438 3374/1/3374
f 3374/1/3374 3438/1/3438 3439/1/3439
f 3374/1/3374 3439/1/3439 3375/1/3375
f 3375/1/3375 3439/1/3439 3440/1/3440
f 3375/1/3375 3440/1/3440 3376/1/3376
f 3376/1/3376 3440/1/3440 3441/1/3441
f 3376/1/3376 3441/1/3441 3377/1/3377
f 3377/1/3377 3441/1/3441 3442/1/3442
f 3377/1/3377 3442/1/3442 3378/1/3378
f 3378/1/3378 3442/1/3442 3443/1/3443
f 3378/1/3378 3443/1/3443 3379/1/3379
f 3379/1/3379 3443/1/3443 3444/1/3444
f 3379/1/3379 3444/1/3444 3380/1/3380
f 3380/1/3380 3444/1/3444 3445/1/3445
f 3380/1/3380 3445/1/3445 3381/1/3381
f 3381/1/3381 3445/1/3445 3446/1/3446
f 3381/1/3381 3446/1/3446 3382/1/3382
f 3382/1/3382 3446/1/3446 3447/1/3447
f 3382/1/3382 3447/1/3447 3383/1/3383
f 3383/1/3383 3447/1/3447 3448/1/3448
f 3383/1/3383 3448/1/3448 3384/1/3384
f 3384/1/3384 3448/1/3448 3449/1/3449
f 3384/1/3384 3449/1/3449 3385/1/3385
f 3385/1/3385 3449/1/3449 3450/1/3450
f 3385/1/3385 3450/1/3450 3386/1/3386
f 3386/1/3386 3450/1/3450 3451/1/3451
f 3386/1/3386 3451/1/3451 3387/1/3387
f 3387/1/3387 3451/1/3451 3452/1/3452
f 3387/1/3387 3452/1/3452 3388/1/3388
f 3388/1/3388 3452/1/3452 3453/1/3453
f 3388/1/3388 3453/1/3453 3389/1/3389
f 3389/1/3389 3453/1/3453 3454/1/3454
f 3389/1/3389 3454/1/3454 3390/1/3390
f 3390/1/3390 3454/1/3454 3455/1/3455
f 3390/1/3390 3455/1/3455 3391/1/3391
f 3391/1/3391 3455/1/3455 3456/1/3456
f 3391/1/3391 3456/1/3456 3392/1/3392
f 3392/1/3392 3456/1/3456 3393/1/3393
f 3392/1/3392 3393/1/3393 3329/1/3329
f 3393/1/3393 3457/1/3457 3458/1/3458
f 3393/1/3393 3458/1/3458 3394/1/3394
f 3394/1/3394 3458/1/3458 3459/1/3459
f 3394/1/3394 3459/1/3459 3395/1/3395
f 3395/1/3395 3459/1/3459 3460/1/3460
f 3395/1/3395 3460/1/3460 3396/1/3396
f 3396/1/3396 3460/1/3460 3461/1/3461
f 3396/1/3396 3461/1/3461 3397/1/3397
f 3397/1/3397 3461/1/3461 3462/1/3462
f 3397/1/3397 3462/1/3462 3398/1/3398
f 3398/1/3398 3462/1/3462 3463/1/3463
f 3398/1/3398 3463/1/3463 3399/1/3399
f 3399/1/3399 3463/1/3463 3464/1/3464
f 3399/1/3399 3464/1/3464 3400/1/3400
f 3400/1/3400 3464/1/3464 3465/1/3465
f 3400/1/3400 3465/1/3465 3401/1/3401
f 3401/1/3401 3465/1/3465 3466/1/3466
f 3401/1/3401 3466/1/3466 3402/1/3402
f 3402/1/3402 3466/1/3466 3467/1/3467
f 3402/1/3402 3467/1/3467 3403/1/3403
f 3403/1/3403 3467/1/3467 3468/1/3468
f 3403/1/3403 3468/1/3468 3404/1/3404
f 3404/1/3404 3468/1/3468 3469/1/3469
f 3404/1/3404 3469/1/3469 3405/1/3405
f 3405/1/3405 3469/1/3469 3470/1/3470
f 3405/1/3405 3470/1/3470 3406/1/3406
f 3406/1/3406 3470/1/3470 3471/1/3471
f 3406/1/3406 3471/1/3471 3407/1/3407
f 3407/1/3407 3471/1/3471 3472/1/3472
f 3407/1/3407 3472/1/3472 3408/1/3408
f 3408/1/3408 3472/1/3472 3473/1/3473
f 3408/1/3408 3473/1/3473 3409/1/3409
f 3409/1/3409 3473/1/3473 3474/1/3474
f 3409/1/3409 3474/1/3474 3410/1/3410
f 3410/1/3410 3474/1/3474 3475/1/3475
f 3410/1/3410 3475/1/3475 3411/1/3411
f 3411/1/3411 3475/1/3475 3476/1/3476
f 3411/1/3411 3476/1/3476 3412/1/3412
f 3412/1/3412 3476/1/3476 3477/1/3477
f 3412/1/3412 3477/1/3477 3413/1/3413
f 3413/1/3413 3477/1/3477 3478/1/3478
f 3413/1/3413 3478/1/3478 3414/1/3414
f 3414/1/3414 3478/1/3478 3479/1/3479
f 3414/1/3414 3479/1/3479 3415/1/3415
f 3415/1/3415 3479/1/3479 3480/1/3480
f 3415/1/3415 3480/1/3480 3416/1/3416
f 3416/1/3416 3480/1/3480 3481/1/3481
f 3416/1/3416 3481/1/3481 3417/1/3417
f 3417/1/3417 3481/1/3481 3482/1/3482
f 3417/1/3417 3482/1/3482 3418/1/3418
f 3418/1/3418 3482/1/3482 3483/1/3483
f 3418/1/3418 3483/1/3483 3419/1/3419
f 3419/1/3419 3483/1/3483 3484/1/3484
f 3419/1/3419 3484/1/3484 3420/1/3420
f 3420/1/3420 3484/1/3484 3485/1/3485
f 3420/1/3420 3485/1/3485 3421/1/3421
f 3421/1/3421 3485/1/3485 3486/1/3486
f 3421/1/3421 3486/1/3486 3422/1/3422
f 3422/1/3422 3486/1/3486 3487/1/3487
f 3422/1/3422 3487/1/3487 3423/1/3423
f 3423/1/3423 3487/1/3487 3488/1/3488
f 3423/1/3423 3488/1/3488 3424/1/3424
f 3424/1/3424 3488/1/3488 3489/1/3489
f 3424/1/3424 3489/1/3489 3425/1/3425
f 3425/1/3425 3489/1/3489 3490/1/3490
f 3425/1/3425 3490/1/3490 3426/1/3426
f 3426/1/3426 3490/1/3490 3491/1/3491
f 3426/1/3426 3491/1/3491 3427/1/3427
f 3427/1/3427 3491/1/3491 3492/1/3492
f 3427/1/3427 3492/1/3492 3428/1/3428
f 3428/1/3428 3492/1/3492 3493/1/3493
f 3428/1/3428 3493/1/3493 3429/1/3429
f 3429/1/3429 3493/1/3493 3494/1/3494
f 3429/1/3429 3494/1/3494 3430/1/3430
f 3430/1/3430 3494/1/3494 3495/1/3495
f 3430/1/3430 3495/1/3495 3431/1/3431
f 3431/1/3431 3495/1/3495 3496/1/3496
f 3431/1/3431 3496/1/3496 3432/1/3432
f 3432/1/3432 3496/1/3496 3497/1/3497
f 3432/1/3432 3497/1/3497 3433/1/3433
f 3433/1/3433 3497/1/3497 3498/1/3498
f 3433/1/3433 3498/1/3498 3434/1/3434
f 3434/1/3434 3498/1/3498 3499/1/3499
f 3434/1/3434 3499/1/3499 3435/1/3435
f 3435/1/3435 3499/1/3499 3500/1/3500
f 3435/1/3435 3500/1/3500 3436/1/3436
f 3436/1/3436 3500/1/3500 3501/1/3501
f 3436/1/3436 3501/1/3501 3437/1/3437
f 3437/1/3437 3501/1/3501 3502/1/3502
f 3437/1/3437 3502/1/3502 3438/1/3438
f 3438/1/3438 3502/1/3502 3503/1/3503
f 3438/1/3438 3503/1/3503 3439/1/3439
f 3439/1/3439 3503/1/3503 3504/1/3504
f 3439/1/3439 3504/1/3504 3440/1/3440
f 3440/1/3440 3504/1/3504 3505/1/3505
f 3440/1/3440 3505/1/3505 3441/1/3441
f 3441/1/3441 3505/1/3505 3506/1/3506
f 3441/1/3441 3506/1/3506 3442/1/3442
f 3442/1/3442 3506/1/3506 3507/1/3507
f 3442/1/3442 3507/1/3507 3443/1/3443
f 3443/1/3443 3507/1/3507 3508/1/3508
f 3443/1/3443 3508/1/3508 3444/1/3444
f 3444/1/3444 3508/1/3508 3509/1/3509
f 3444/1/3444 3509/1/3509 3445/1/3445
f 3445/1/3445 3509/1/3509 3510/1/3510
f 3445/1/3445 3510/1/3510 3446/1/3446
f 3446/1/3446 3510/1/3510 3511/1/3511
f 3446/1/3446 3511/1/3511 3447/1/3447
f 3447/1/3447 3511/1/3511 3512/1/3512
f 3447/1/3447 3512/1/3512 3448/1/3448
f 3448/1/3448 3512/1/3512 3513/1/3513
f 3448/1/3448 3513/1/3513 3449/1/3449
f 3449/1/3449 3513/1/3513 3514/1/3514
f 3449/1/3449 3514/1/3514 3450/1/3450
f 3450/1/3450 3514/1/3514 3515/1/3515
f 3450/1/3450 3515/1/3515 3451/1/3451
f 3451/1/3451 3515/1/3515 3516/1/3516
f 3451/1/3451 3516/1/3516 3452/1/3452
f 3452/1/3452 3516/1/3516 3517/1/3517
f 3452/1/3452 3517/1/3517 3453/1/3453
f 3453/1/3453 3517/1/3517 3518/1/3518
f 3453/1/3453 3518/1/3518 3454/1/3454
f 3454/1/3454 3518/1/3518 3519/1/3519
f 3454/1/3454 3519/1/3519 3455/1/3455
f 3455/1/3455 3519/1/3519 3520/1/3520
f 3455/1/3455 3520/1/3520 3456/1/3456
f 3456/1/3456 3520/1/3520 3457/1/3457
f 3456/1/3456 3457/1/3457 3393/1/3393
f 3457/1/3457 3521/1/3521 3522/1/3522
f 3457/1/3457 3522/1/3522 3458/1/3458
f 3458/1/3458 3522/1/3522 3523/1/3523
f 3458/1/3458 3523/1/3523 3459/1/3459
f 3459/1/3459 3523/1/3523 3524/1/3524
f 3459/1/3459 3524/1/3524 3460/1/3460
f 3460/1/3460 3524/1/3524 3525/1/3525
f 3460/1/3460 3525/1/3525 3461/1/3461
f 3461/1/3461 3525/1/3525 3526/1/3526
f 3461/1/3461 3526/1/3526 3462/1/3462
f 3462/1/3462 3526/1/3526 3527/1/3527
f 3462/1/3462 3527/1/3527 3463/1/3463
f 3463/1/3463 3527/1/3527 3528/1/3528
f 3463/1/3463 3528/1/3528 3464/1/3464
f 3464/1/3464 3528/1/3528 3529/1/3529
f 3464/1/3464 3529/1/3529 3465/1/3465
f 3465/1/3465 3529/1/3529 3530/1/3530
f 3465/1/3465 3530/1/3530 3466/1/3466
f 3466/1/3466 3530/1/3530 3531/1/3531
f 3466/1/3466 3531/1/3531 3467/1/3467
f 3467/1/3467 3531/1/3531 3532/1/3532
f 3467/1/3467 3532/1/3532 3468/1/3468
f 3468/1/3468 3532/1/3532 3533/1/3533
f 3468/1/3468 3533/1/3533 3469/1/3469
f 3469/1/3469 3533/1/3533 3534/1/3534
f 3469/1/3469 3534/1/3534 3470/1/3470
f 3470/1/3470 3534/1/3534 3535/1/3535
f 3470/1/3470 3535/1/3535 3471/1/3471
f 3471/1/3471 3535/1/3535 3536/1/3536
f 3471/1/3471 3536/1/3536 3472/1/3472
f 3472/1/3472 3536/1/3536 3537/1/3537
f 3472/1/3472 3537/1/3537 3473/1/3473
f 3473/1/3473 3537/1/3537 3538/1/3538
f 3473/1/3473 3538/1/3538 3474/1/3474
f 3474/1/3474 3538/1/3538 3539/1/3539
f 3474/1/3474 3539/1/3539 3475/1/3475
f 3475/1/3475 3539/1/3539 3540/1/3540
f 3475/1/3475 3540/1/3540 3476/1/3476
f 3476/1/3476 3540/1/3540 3541/1/3541
f 3476/1/3476 3541/1/3541 3477/1/3477
f 3477/1/3477 3541/1/3541 3542/1/3542
f 3477/1/3477 3542/1/3542 3478/1/3478
f 3478/1/3478 3542/1/3542 3543/1/3543
f 3478/1/3478 3543/1/3543 3479/1/3479
f 3479/1/3479 3543/1/3543 3544/1/3544
f 3479/1/3479 3544/1/3544 3480/1/3480
f 3480/1/3480 3544/1/3544 3545/1/3545
f 3480/1/3480 3545/1/3545 3481/1/3481
f 3481/1/3481 3545/1/3545 3546/1/3546
f 3481/1/3481 3546/1/3546 3482/1/3482
f 3482/1/3482 3546/1/3546 3547/1/3547
f 3482/1/3482 3547/1/3547 3483/1/3483
f 3483/1/3483 3547/1/3547 3548/1/3548
f 3483/1/3483 3548/1/3548 3484/1/3484
f 3484/1/3484 3548/1/3548 3549/1/3549
f 3484/1/3484 3549/1/3549 3485/1/3485
f 3485/1/3485 3549/1/3549 3550/1/3550
f 3485/1/3485 3550/1/3550 3486/1/3486
f 3486/1/3486 3550/1/3550 3551/1/3551
f 3486/1/3486 3551/1/3551 3487/1/3487
f 3487/1/3487 3551/1/3551 3552/1/3552
f 3487/1/3487 3552/1/3552 3488/1/3488
f 3488/1/3488 3552/1/3552 3553/1/3553
f 3488/1/3488 3553/1/3553 3489/1/3489
f 3489/1/3489 3553/1/3553 3554/1/3554
f 3489/1/3489 3554/1/3554 3490/1/3490
f 3490/1/3490 3554/1/3554 3555/1/3555
f 3490/1/3490 3555/1/3555 3491/1/3491
f 3491/1/3491 3555/1/3555 3556/1/3556
f 3491/1/3491 3556/1/3556 3492/1/3492
f 3492/1/3492 3556/1/3556 3557/1/3557
f 3492/1/3492 3557/1/3557 3493/1/3493
f 3493/1/3493 3557/1/3557 3558/1/3558
f 3493/1/3493 3558/1/3558 3494/1/3494
f 3494/1/3494 3558/1/3558 3559/1/3559
f 3494/1/3494 3559/1/3559 3495/1/3495
f 3495/1/3495 3559/1/3559 3560/1/3560
f 3495/1/3495 3560/1/3560 3496/1/3496
f 3496/1/3496 3560/1/3560 3561/1/3561
f 3496/1/3496 3561/1/3561 3497/1/3497
f 3497/1/3497 3561/1/3561 3562/1/3562
f 3497/1/3497 3562/1/3562 3498/1/3498
f 3498/1/3498 3562/1/3562 3563/1/3563
f 3498/1/3498 3563/1/3563 3499/1/3499
f 3499/1/3499 3563/1/3563 3564/1/3564
f 3499/1/3499 3564/1/3564 3500/1/3500
f 3500/1/3500 3564/1/3564 3565/1/3565
f 3500/1/3500 3565/1/3565 3501/1/3501
f 3501/1/3501 3565/1/3565 3566/1/3566
f 3501/1/3501 3566/1/3566 3502/1/3502
f 3502/1/3502 3566/1/3566 3567/1/3567
f 3502/1/3502 3567/1/3567 3503/1/3503
f 3503/1/3503 3567/1/3567 3568/1/3568
f 3503/1/3503 3568/1/3568 3504/1/3504
f 3504/1/3504 3568/1/3568 3569/1/3569
f 3504/1/3504 3569/1/3569 3505/1/3505
f 3505/1/3505 3569/1/3569 3570/1/3570
f 3505/1/3505 3570/1/3570 3506/1/3506
f 3506/1/3506 3570/1/3570 3571/1/3571
f 3506/1/3506 3571/1/3571 3507/1/3507
f 3507/1/3507 3571/1/3571 3572/1/3572
f 3507/1/3507 3572/1/3572 3508/1/3508
f 3508/1/3508 3572/1/3572 3573/1/3573
f 3508/1/3508 3573/1/3573 3509/1/3509
f 3509/1/3509 3573/1/3573 3574/1/3574
f 3509/1/3509 3574/1/3574 3510/1/3510
f 3510/1/3510 3574/1/3574 3575/1/3575
f 3510/1/3510 3575/1/3575 3511/1/3511
f 3511/1/3511 3575/1/3575 3576/1/3576
f 3511/1/3511 3576/1/3576 3512/1/3512
f 3512/1/3512 3576/1/3576 3577/1/3577
f 3512/1/3512 3577/1/3577 3513/1/3513
f 3513/1/3513 3577/1/3577 3578/1/3578
f 3513/1/3513 3578/1/3578 3514/1/3514
f 3514/1/3514 3578/1/3578 3579/1/3579
f 3514/1/3514 3579/1/3579 3515/1/3515
f 3515/1/3515 3579/1/3579 3580/1/3580
f 3515/1/3515 3580/1/3580 3516/1/3516
f 3516/1/3516 3580/1/3580 3581/1/3581
f 3516/1/3516 3581/1/3581 3517/1/3517
f 3517/1/3517 3581/1/3581 3582/1/3582
f 3517/1/3517 3582/1/3582 3518/1/3518
f 3518/1/3518 3582/1/3582 3583/1/3583
f 3518/1/3518 3583/1/3583 3519/1/3519
f 3519/1/3519 3583/1/3583 3584/1/3584
f 3519/1/3519 3584/1/3584 3520/1/3520
f 3520/1/3520 3584/1/3584 3521/1/3521
f 3520/1/3520 3521/1/3521 3457/1/3457
f 3521/1/3521 3585/1/3585 3586/1/3586
f 3521/1/3521 3586/1/3586 3522/1/3522
f 3522/1/3522 3586/1/3586 3587/1/3587
f 3522/1/3522 3587/1/3587 3523/1/3523
f 3523/1/3523 3587/1/3587 3588/1/3588
f 3523/1/3523 3588/1/3588 3524/1/3524
f 3524/1/3524 3588/1/3588 3589/1/3589
f 3524/1/3524 3589/1/3589 3525/1/3525
f 3525/1/3525 3589/1/3589 3590/1/3590
f 3525/1/3525 3590/1/3590 3526/1/3526
f 3526/1/3526 3590/1/3590 3591/1/3591
f 3526/1/3526 3591/1/3591 3527/1/3527
f 3527/1/3527 3591/1/3591 3592/1/3592
f 3527/1/3527 3592/1/3592 3528/1/3528
f 3528/1/3528 3592/1/3592 3593/1/3593
f 3528/1/3528 3593/1/3593 3529/1/3529
f 3529/1/3529 3593/1/3593 3594/1/3594
f 3529/1/3529 3594/1/3594 3530/1/3530
f 3530/1/3530 3594/1/3594 3595/1/3595
f 3530/1/3530 3595/1/3595 3531/1/3531
f 3531/1/3531 3595/1/3595 3596/1/3596
f 3531/1/3531 3596/1/3596 3532/1/3532
f 3532/1/3532 3596/1/3596 3597/1/3597
f 3532/1/3532 3597/1/3597 3533/1/3533
f 3533/1/3533 3597/1/3597 3598/1/3598
f 3533/1/3533 3598/1/3598 3534/1/3534
f 3534/1/3534 3598/1/3598 3599/1/3599
f 3534/1/3534 3599/1/3599 3535/1/3535
f 3535/1/3535 3599/1/3599 3600/1/3600
f 3535/1/3535 3600/1/3600 3536/1/3536
f 3536/1/3536 3600/1/3600 3601/1/3601
f 3536/1/3536 3601/1/3601 3537/1/3537
f 3537/1/3537 3601/1/3601 3602/1/3602
f 3537/1/3537 3602/1/3602 3538/1/3538
f 3538/1/3538 3602/1/3602 3603/1/3603
f 3538/1/3538 3603/1/3603 3539/1/3539
f 3539/1/3539 3603/1/3603 3604/1/3604
f 3539/1/3539 3604/1/3604 3540/1/3540
f 3540/1/3540 3604/1/3604 3605/1/3605
f 3540/1/3540 3605/1/3605 3541/1/3541
f 3541/1/3541 3605/1/3605 3606/1/3606
f 3541/1/3541 3606/1/3606 3542/1/3542
f 3542/1/3542 3606/1/3606 3607/1/3607
f 3542/1/3542 3607/1/3607 3543/1/3543
f 3543/1/3543 3607/1/3607 3608/1/3608
f 3543/1/3543 3608/1/3608 3544/1/3544
f 3544/1/3544 3608/1/3608 3609/1/3609
f 3544/1/3544 3609/1/3609 3545/1/3545
f 3545/1/3545 3609/1/3609 3610/1/3610
f 3545/1/3545 3610/1/3610 3546/1/3546
f 3546/1/3546 3610/1/3610 3611/1/3611
f 3546/1/3546 3611/1/3611 3547/1/3547
f 3547/1/3547 3611/1/3611 3612/1/3612
f 3547/1/3547 3612/1/3612 3548/1/3548
f 3548/1/3548 3612/1/3612 3613/1/3613
f 3548/1/3548 3613/1/3613 3549/1/3549
f 3549/1/3549 3613/1/3613 3614/1/3614
f 3549/1/3549 3614/1/3614 3550/1/3550
f 3550/1/3550 3614/1/3614 3615/1/3615
f 3550/1/3550 3615/1/3615 3551/1/3551
f 3551/1/3551 3615/1/3615 3616/1/3616
f 3551/1/3551 3616/1/3616 3552/1/3552
f 3552/1/3552 3616/1/3616 3617/1/3617
f 3552/1/3552 3617/1/3617 3553/1/3553
f 3553/1/3553 3617/1/3617 3618/1/3618
f 3553/1/3553 3618/1/3618 3554/1/3554
f 3554/1/3554 3618/1/3618 3619/1/3619
f 3554/1/3554 3619/1/3619 3555/1/3555
f 3555/1/3555 3619/1/3619 3620/1/3620
f 3555/1/3555 3620/1/3620 3556/1/3556
f 3556/1/3556 3620/1/3620 3621/1/3621
f 3556/1/3556 3621/1/3621 3557/1/3557
f 3557/1/3557 3621/1/3621 3622/1/3622
f 3557/1/3557 3622/1/3622 3558/1/3558
f 3558/1/3558 3622/1/3622 3623/1/3623
f 3558/1/3558 3623/1/3623 3559/1/3559
f 3559/1/3559 3623/1/3623 3624/1/3624
f 3559/1/3559 3624/1/3624 3560/1/3560
f 3560/1/3560 3624/1/3624 3625/1/3625
f 3560/1/3560 3625/1/3625 3561/1/3561
f 3561/1/3561 3625/1/3625 3626/1/3626
f 3561/1/3561 3626/1/3626 3562/1/3562
f 3562/1/3562 3626/1/3626 3627/1/3627
f 3562/1/3562 3627/1/3627 3563/1/3563
f 3563/1/3563 3627/1/3627 3628/1/3628
f 3563/1/3563 3628/1/3628 3564/1/3564
f 3564/1/3564 3628/1/3628 3629/1/3629
f 3564/1/3564 3629/1/3629 3565/1/3565
f 3565/1/3565 3629/1/3629 3630/1/3630
f 3565/1/3565 3630/1/3630 3566/1/3566
f 3566/1/3566 3630/1/3630 3631/1/3631
f 3566/1/3566 3631/1/3631 3567/1/3567
f 3567/1/3567 3631/1/3631 3632/1/3632
f 3567/1/3567 3632/1/3632 3568/1/3568
f 3568/1/3568 3632/1/3632 3633/1/3633
f 3568/1/3568 3633/1/3633 3569/1/3569
f 3569/1/3569 3633/1/3633 3634/1/3634
f 3569/1/3569 3634/1/3634 3570/1/3570
f 3570/1/3570 3634/1/3634 3635/1/3635
f 3570/1/3570 3635/1/3635 3571/1/3571
f 3571/1/3571 3635/1/3635 3636/1/3636
f 3571/1/3571 3636/1/3636 3572/1/3572
f 3572/1/3572 3636/1/3636 3637/1/3637
f 3572/1/3572 3637/1/3637 3573/1/3573
f 3573/1/3573 3637/1/3637 3638/1/3638
f 3573/1/3573 3638/1/3638 3574/1/3574
f 3574/1/3574 3638/1/3638 3639/1/3639
f 3574/1/3574 3639/1/3639 3575/1/3575
f 3575/1/3575 3639/1/3639 3640/1/3640
f 3575/1/3575 3640/1/3640 3576/1/3576
f 3576/1/3576 3640/1/3640 3641/1/3641
f 3576/1/3576 3641/1/3641 3577/1/3577
f 3577/1/3577 3641/1/3641 3642/1/3642
f 3577/1/3577 3642/1/3642 3578/1/3578
f 3578/1/3578 3642/1/3642 3643/1/3643
f 3578/1/3578 3643/1/3643 3579/1/3579
f 3579/1/3579 3643/1/3643 3644/1/3644
f 3579/1/3579 3644/1/3644 3580/1/3580
f 3580/1/3580 3644/1/3644 3645/1/3645
f 3580/1/3580 3645/1/3645 3581/1/3581
f 3581/1/3581 3645/1/3645 3646/1/3646
f 3581/1/3581 3646/1/3646 3582/1/3582
f 3582/1/3582 3646/1/3646 3647/1/3647
f 3582/1/3582 3647/1/3647 3583/1/3583
f 3583/1/3583 3647/1/3647 3648/1/3648
f 3583/1/3583 3648/1/3648 3584/1/3584
f 3584/1/3584 3648/1/3648 3585/1/3585
f 3584/1/3584 3585/1/3585 3521/1/3521
f 3585/1/3585 3649/1/3649 3650/1/3650
f 3585/1/3585 3650/1/3650 3586/1/3586
f 3586/1/3586 3650/1/3650 3651/1/3651
f 3586/1/3586 3651/1/3651 3587/1/3587
f 3587/1/3587 3651/1/3651 3652/1/3652
f 3587/1/3587 3652/1/3652 3588/1/3588
f 3588/1/3588 3652/1/3652 3653/1/3653
f 3588/1/3588 3653/1/3653 3589/1/3589
f 3589/1/3589 3653/1/3653 3654/1/3654
f 3589/1/3589 3654/1/3654 3590/1/3590
f 3590/1/3590 3654/1/3654 3655/1/3655
f 3590/1/3590 3655/1/3655 3591/1/3591
f 3591/1/3591 3655/1/3655 3656/1/3656
f 3591/1/3591 3656/1/3656 3592/1/3592
f 3592/1/3592 3656/1/3656 3657/1/3657
f 3592/1/3592 3657/1/3657 3593/1/3593
f 3593/1/3593 3657/1/3657 3658/1/3658
f 3593/1/3593 3658/1/3658 3594/1/3594
f 3594/1/3594 3658/1/3658 3659/1/3659
f 3594/1/3594 3659/1/3659 3595/1/3595
f 3595/1/3595 3659/1/3659 3660/1/3660
f 3595/1/3595 3660/1/3660 3596/1/3596
f 3596/1/3596 3660/1/3660 3661/1/3661
f 3596/1/3596 3661/1/3661 3597/1/3597
f 3597/1/3597 3661/1/3661 3662/1/3662
f 3597/1/3597 3662/1/3662 3598/1/3598
f 3598/1/3598 3662/1/3662 3663/1/3663
f 3598/1/3598 3663/1/3663 3599/1/3599
f 3599/1/3599 3663/1/3663 3664/1/3664
f 3599/1/3599 3664/1/3664 3600/1/3600
f 3600/1/3600 3664/1/3664 3665/1/3665
f 3600/1/3600 3665/1/3665 3601/1/3601
f 3601/1/3601 3665/1/3665 3666/1/3666
f 3601/1/3601 3666/1/3666 3602/1/3602
f 3602/1/3602 3666/1/3666 3667/1/3667
f 3602/1/3602 3667/1/3667 3603/1/3603
f 3603/1/3603 3667/1/3667 3668/1/3668
f 3603/1/3603 3668/1/3668 3604/1/3604
f 3604/1/3604 3668/1/3668 3669/1/3669
f 3604/1/3604 3669/1/3669 3605/1/3605
f 3605/1/3605 3669/1/3669 3670/1/3670
f 3605/1/3605 3670/1/3670 3606/1/3606
f 3606/1/3606 3670/1/3670 3671/1/3671
f 3606/1/3606 3671/1/3671 3607/1/3607
f 3607/1/3607 3671/1/3671 3672/1/3672
f 3607/1/3607 3672/1/3672 3608/1/3608
f 3608/1/3608 3672/1/3672 3673/1/3673
f 3608/1/3608 3673/1/3673 3609/1/3609
f 3609/1/3609 3673/1/3673 3674/1/3674
f 3609/1/3609 3674/1/3674 3610/1/3610
f 3610/1/3610 3674/1/3674 3675/1/3675
f 3610/1/3610 3675/1/3675 3611/1/3611
f 3611/1/3611 3675/1/3675 3676/1/3676
f 3611/1/3611 3676/1/3676 3612/1/3612
f 3612/1/3612 3676/1/3676 3677/1/3677
f 3612/1/3612 3677/1/3677 3613/1/3613
f 3613/1/3613 3677/1/3677 3678/1/3678
f 3613/1/3613 3678/1/3678 3614/1/3614
f 3614/1/3614 3678/1/3678 3679/1/3679
f 3614/1/3614 3679/1/3679 3615/1/3615
f 3615/1/3615 3679/1/3679 3680/1/3680
f 3615/1/3615 3680/1/3680 3616/1/3616
f 3616/1/3616 3680/1/3680 3681/1/3681
f 3616/1/3616 3681/1/3681 3617/1/3617
f 3617/1/3617 3681/1/3681 3682/1/3682
f 3617/1/3617 3682/1/3682 3618/1/3618
f 3618/1/3618 3682/1/3682 3683/1/3683
f 3618/1/3618 3683/1/3683 3619/1/3619
f 3619/1/3619 3683/1/3683 3684/1/3684
f 3619/1/3619 3684/1/3684 3620/1/3620
f 3620/1/3620 3684/1/3684 3685/1/3685
f 3620/1/3620 3685/1/3685 3621/1/3621
f 3621/1/3621 3685/1/3685 3686/1/3686
f 3621/1/3621 3686/1/3686 3622/1/3622
f 3622/1/3622 3686/1/3686 3687/1/3687
f 3622/1/3622 3687/1/3687 3623/1/3623
f 3623/1/3623 3687/1/3687 3688/1/3688
f 3623/1/3623 3688/1/3688 3624/1/3624
f 3624/1/3624 3688/1/3688 3689/1/3689
f 3624/1/3624 3689/1/3689 3625/1/3625
f 3625/1/3625 3689/1/3689 3690/1/3690
f 3625/1/3625 3690/1/3690 3626/1/3626
f 3626/1/3626 3690/1/3690 3691/1/3691
f 3626/1/3626 3691/1/3691 3627/1/3627
f 3627/1/3627 3691/1/3691 3692/1/3692
f 3627/1/3627 3692/1/3692 3628/1/3628
f 3628/1/3628 3692/1/3692 3693/1/3693
f 3628/1/3628 3693/1/3693 3629/1/3629
f 3629/1/3629 3693/1/3693 3694/1/3694
f 3629/1/3629 3694/1/3694 3630/1/3630
f 3630/1/3630 3694/1/3694 3695/1/3695
f 3630/1/3630 3695/1/3695 3631/1/3631
f 3631/1/3631 3695/1/3695 3696/1/3696
f 3631/1/3631 3696/1/3696 3632/1/3632
f 3632/1/3632 3696/1/3696 3697/1/3697
f 3632/1/3632 3697/1/3697 3633/1/3633
f 3633/1/3633 3697/1/3697 3698/1/3698
f 3633/1/3633 3698/1/3698 3634/1/3634
f 3634/1/3634 3698/1/3698 3699/1/3699
f 3634/1/3634 3699/1/3699 3635/1/3635
f 3635/1/3635 3699/1/3699 3700/1/3700
f 3635/1/3635 3700/1/3700 3636/1/3636
f 3636/1/3636 3700/1/3700 3701/1/3701
f 3636/1/3636 3701/1/3701 3637/1/3637
f 3637/1/3637 3701/1/3701 3702/1/3702
f 3637/1/3637 3702/1/3702 3638/1/3638
f 3638/1/3638 3702/1/3702 3703/1/3703
f 3638/1/3638 3703/1/3703 3639/1/3639
f 3639/1/3639 3703/1/3703 3704/1/3704
f 3639/1/3639 3704/1/3704 3640/1/3640
f 3640/1/3640 3704/1/3704 3705/1/3705
f 3640/1/3640 3705/1/3705 3641/1/3641
f 3641/1/3641 3705/1/3705 3706/1/3706
f 3641/1/3641 3706/1/3706 3642/1/3642
f 3642/1/3642 3706/1/3706 3707/1/3707
f 3642/1/3642 3707/1/3707 3643/1/3643
f 3643/1/3643 3707/1/3707 3708/1/3708
f 3643/1/3643 3708/1/3708 3644/1/3644
f 3644/1/3644 3708/1/3708 3709/1/3709
f 3644/1/3644 3709/1/3709 3645/1/3645
f 3645/1/3645 3709/1/3709 3710/1/3710
f 3645/1/3645 3710/1/3710 3646/1/3646
f 3646/1/3646 3710/1/3710 3711/1/3711
f 3646/1/3646 3711/1/3711 3647/1/3647
f 3647/1/3647 3711/1/3711 3712/1/3712
f 3647/1/3647 3712/1/3712 3648/1/3648
f 3648/1/3648 3712/1/3712 3649/1/3649
f 3648/1/3648 3649/1/3649 3585/1/3585
f 3649/1/3649 3713/1/3713 3714/1/3714
f 3649/1/3649 3714/1/3714 3650/1/3650
f 3650/1/3650 3714/1/3714 3715/1/3715
f 3650/1/3650 3715/1/3715 3651/1/3651
f 3651/1/3651 3715/1/3715 3716/1/3716
f 3651/1/3651 3716/1/3716 3652/1/3652
f 3652/1/3652 3716/1/3716 3717/1/3717
f 3652/1/3652 3717/1/3717 3653/1/3653
f 3653/1/3653 3717/1/3717 3718/1/3718
f 3653/1/3653 3718/1/3718 3654/1/3654
f 3654/1/3654 3718/1/3718 3719/1/3719
f 3654/1/3654 3719/1/3719 3655/1/3655
f 3655/1/3655 3719/1/3719 3720/1/3720
f 3655/1/3655 3720/1/3720 3656/1/3656
f 3656/1/3656 3720/1/3720 3721/1/3721
f 3656/1/3656 3721/1/3721 3657/1/3657
f 3657/1/3657 3721/1/3721 3722/1/3722
f 3657/1/3657 3722/1/3722 3658/1/3658
f 3658/1/3658 3722/1/3722 3723/1/3723
f 3658/1/3658 3723/1/3723 3659/1/3659
f 3659/1/3659 3723/1/3723 3724/1/3724
f 3659/1/3659 3724/1/3724 3660/1/3660
f 3660/1/3660 3724/1/3724 3725/1/3725
f 3660/1/3660 3725/1/3725 3661/1/3661
f 3661/1/3661 3725/1/3725 3726/1/3726
f 3661/1/3661 3726/1/3726 3662/1/3662
f 3662/1/3662 3726/1/3726 3727/1/3727
f 3662/1/3662 3727/1/3727 3663/1/3663
f 3663/1/3663 3727/1/3727 3728/1/3728
f 3663/1/3663 3728/1/3728 3664/1/3664
f 3664/1/3664 3728/1/3728 3729/1/3729
f 3664/1/3664 3729/1/3729 3665/1/3665
f 3665/1/3665 3729/1/3729 3730/1/3730
f 3665/1/3665 3730/1/3730 3666/1/3666
f 3666/1/3666 3730/1/3730 3731/1/3731
f 3666/1/3666 3731/1/3731 3667/1/3667
f 3667/1/3667 3731/1/3731 3732/1/3732
f 3667/1/3667 3732/1/3732 3668/1/3668
f 3668/1/3668 3732/1/3732 3733/1/3733
f 3668/1/3668 3733/1/3733 3669/1/3669
f 3669/1/3669 3733/1/3733 3734/1/3734
f 3669/1/3669 3734/1/3734 3670/1/3670
f 3670/1/3670 3734/1/3734 3735/1/3735
f 3670/1/3670 3735/1/3735 3671/1/3671
f 3671/1/3671 3735/1/3735 3736/1/3736
f 3671/1/3671 3736/1/3736 3672/1/3672
f 3672/1/3672 3736/1/3736 3737/1/3737
f 3672/1/3672 3737/1/3737 3673/1/3673
f 3673/1/3673 3737/1/3737 3738/1/3738
f 3673/1/3673 3738/1/3738 3674/1/3674
f 3674/1/3674 3738/1/3738 3739/1/3739
f 3674/1/3674 3739/1/3739 3675/1/3675
f 3675/1/3675 3739/1/3739 3740/1/3740
f 3675/1/3675 3740/1/3740 3676/1/3676
f 3676/1/3676 3740/1/3740 3741/1/3741
f 3676/1/3676 3741/1/3741 3677/1/3677
f 3677/1/3677 3741/1/3741 3742/1/3742
f 3677/1/3677 3742/1/3742 3678/1/3678
f 3678/1/3678 3742/1/3742 3743/1/3743
f 3678/1/3678 3743/1/3743 3679/1/3679
f 3679/1/3679 3743/1/3743 3744/1/3744
f 3679/1/3679 3744/1/3744 3680/1/3680
f 3680/1/3680 3744/1/3744 3745/1/3745
f 3680/1/3680 3745/1/3745 3681/1/3681
f 3681/1/3681 3745/1/3745 3746/1/3746
f 3681/1/3681 3746/1/3746 3682/1/3682
f 3682/1/3682 3746/1/3746 3747/1/3747
f 3682/1/3682 3747/1/3747 3683/1/3683
f 3683/1/3683 3747/1/3747 3748/1/3748
f 3683/1/3683 3748/1/3748 3684/1/3684
f 3684/1/3684 3748/1/3748 3749/1/3749
f 3684/1/3684 3749/1/3749 3685/1/3685
f 3685/1/3685 3749/1/3749 3750/1/3750
f 3685/1/3685 3750/1/3750 3686/1/3686
f 3686/1/3686 3750/1/3750 3751/1/3751
f 3686/1/3686 3751/1/3751 3687/1/3687
f 3687/1/3687 3751/1/3751 3752/1/3752
f 3687/1/3687 3752/1/3752 3688/1/3688
f 3688/1/3688 3752/1/3752 3753/1/3753
f 3688/1/3688 3753/1/3753 3689/1/3689
f 3689/1/3689 3753/1/3753 3754/1/3754
f 3689/1/3689 3754/1/3754 3690/1/3690
f 3690/1/3690 3754/1/3754 3755/1/3755
f 3690/1/3690 3755/1/3755 3691/1/3691
f 3691/1/3691 3755/1/3755 3756/1/3756
f 3691/1/3691 3756/1/3756 3692/1/3692
f 3692/1/3692 3756/1/3756 3757/1/3757
f 3692/1/3692 3757/1/3757 3693/1/3693
f 3693/1/3693 3757/1/3757 3758/1/3758
f 3693/1/3693 3758/1/3758 3694/1/3694
f 3694/1/3694 3758/1/3758 3759/1/3759
f 3694/1/3694 3759/1/3759 3695/1/3695
f 3695/1/3695 3759/1/3759 3760/1/3760
f 3695/1/3695 3760/1/3760 3696/1/3696
f 3696/1/3696 3760/1/3760 3761/1/3761
f 3696/1/3696 3761/1/3761 3697/1/3697
f 3697/1/3697 3761/1/3761 3762/1/3762
f 3697/1/3697 3762/1/3762 3698/1/3698
f 3698/1/3698 3762/1/3762 3763/1/3763
f 3698/1/3698 3763/1/3763 3699/1/3699
f 3699/1/3699 3763/1/3763 3764/1/3764
f 3699/1/3699 3764/1/3764 3700/1/3700
f 3700/1/3700 3764/1/3764 3765/1/3765
f 3700/1/3700 3765/1/3765 3701/1/3701
f 3701/1/3701 3765/1/3765 3766/1/3766
f 3701/1/3701 3766/1/3766 3702/1/3702
f 3702/1/3702 3766/1/3766 3767/1/3767
f 3702/1/3702 3767/1/3767 3703/1/3703
f 3703/1/3703 3767/1/3767 3768/1/3768
f 3703/1/3703 3768/1/3768 3704/1/3704
f 3704/1/3704 3768/1/3768 3769/1/3769
f 3704/1/3704 3769/1/3769 3705/1/3705
f 3705/1/3705 3769/1/3769 3770/1/3770
f 3705/1/3705 3770/1/3770 3706/1/3706
f 3706/1/3706 3770/1/3770 3771/1/3771
f 3706/1/3706 3771/1/3771 3707/1/3707
f 3707/1/3707 3771/1/3771 3772/1/3772
f 3707/1/3707 3772/1/3772 3708/1/3708
f 3708/1/3708 3772/1/3772 3773/1/3773
f 3708/1/3708 3773/1/3773 3709/1/3709
f 3709/1/3709 3773/1/3773 3774/1/3774
f 3709/1/3709 3774/1/3774 3710/1/3710
f 3710/1/3710 3774/1/3774 3775/1/3775
f 3710/1/3710 3775/1/3775 3711/1/3711
f 3711/1/3711 3775/1/3775 3776/1/3776
f 3711/1/3711 3776/1/3776 3712/1/3712
f 3712/1/3712 3776/1/3776 3713/1/3713
f 3712/1/3712 3713/1/3713 3649/1/3649
f 3713/1/3713 3777/1/3777 3778/1/3778
f 3713/1/3713 3778/1/3778 3714/1/3714
f 3714/1/3714 3778/1/3778 3779/1/3779
f 3714/1/3714 3779/1/3779 3715/1/3715
f 3715/1/3715 3779/1/3779 3780/1/3780
f 3715/1/3715 3780/1/3780 3716/1/3716
f 3716/1/3716 3780/1/3780 3781/1/3781
f 3716/1/3716 3781/1/3781 3717/1/3717
f 3717/1/3717 3781/1/3781 3782/1/3782
f 3717/1/3717 3782/1/3782 3718/1/3718
f 3718/1/3718 3782/1/3782 3783/1/3783
f 3718/1/3718 3783/1/3783 3719/1/3719
f 3719/1/3719 3783/1/3783 3784/1/3784
f 3719/1/3719 3784/1/3784 3720/1/3720
f 3720/1/3720 3784/1/3784 3785/1/3785
f 3720/1/3720 3785/1/3785 3721/1/3721
f 3721/1/3721 3785/1/3785 3786/1/3786
f 3721/1/3721 3786/1/3786 3722/1/3722
f 3722/1/3722 3786/1/3786 3787/1/3787
f 3722/1/3722 3787/1/3787 3723/1/3723
f 3723/1/3723 3787/1/3787 3788/1/3788
f 3723/1/3723 3788/1/3788 3724/1/3724
f 3724/1/3724 3788/1/3788 3789/1/3789
f 3724/1/3724 3789/1/3789 3725/1/3725
f 3725/1/3725 3789/1/3789 3790/1/3790
f 3725/1/3725 3790/1/3790 3726/1/3726
f 3726/1/3726 3790/1/3790 3791/1/3791
f 3726/1/3726 3791/1/3791 3727/1/3727
f 3727/1/3727 3791/1/3791 3792/1/3792
f 3727/1/3727 3792/1/3792 3728/1/3728
f 3728/1/3728 3792/1/3792 3793/1/3793
f 3728/1/3728 3793/1/3793 3729/1/3729
f 3729/1/3729 3793/1/3793 3794/1/3794
f 3729/1/3729 3794/1/3794 3730/1/3730
f 3730/1/3730 3794/1/3794 3795/1/3795
f 3730/1/3730 3795/1/3795 3731/1/3731
f 3731/1/3731 3795/1/3795 3796/1/3796
f 3731/1/3731 3796/1/3796 3732/1/3732
f 3732/1/3732 3796/1/3796 3797/1/3797
f 3732/1/3732 3797/1/3797 3733/1/3733
f 3733/1/3733 3797/1/3797 3798/1/3798
f 3733/1/3733 3798/1/3798 3734/1/3734
f 3734/1/3734 3798/1/3798 3799/1/3799
f 3734/1/3734 3799/1/3799 3735/1/3735
f 3735/1/3735 3799/1/3799 3800/1/3800
f 3735/1/3735 3800/1/3800 3736/1/3736
f 3736/1/3736 3800/1/3800 3801/1/3801
f 3736/1/3736 3801/1/3801 3737/1/3737
f 3737/1/3737 3801/1/3801 3802/1/3802
f 3737/1/3737 3802/1/3802 3738/1/3738
f 3738/1/3738 3802/1/3802 3803/1/3803
f 3738/1/3738 3803/1/3803 3739/1/3739
f 3739/1/3739 3803/1/3803 3804/1/3804
f 3739/1/3739 3804/1/3804 3740/1/3740
f 3740/1/3740 3804/1/3804 3805/1/3805
f 3740/1/3740 3805/1/3805 3741/1/3741
f 3741/1/3741 3805/1/3805 3806/1/3806
f 3741/1/3741 3806/1/3806 3742/1/3742
f 3742/1/3742 3806/1/3806 3807/1/3807
f 3742/1/3742 3807/1/3807 3743/1/3743
f 3743/1/3743 3807/1/3807 3808/1/3808
f 3743/1/3743 3808/1/3808 3744/1/3744
f 3744/1/3744 3808/1/3808 3809/1/3809
f 3744/1/3744 3809/1/3809 3745/1/3745
f 3745/1/3745 3809/1/3809 3810/1/3810
f 3745/1/3745 3810/1/3810 3746/1/3746
f 3746/1/3746 3810/1/3810 3811/1/3811
f 3746/1/3746 3811/1/3811 3747/1/3747
f 3747/1/3747 3811/1/3811 3812/1/3812
f 3747/1/3747 3812/1/3812 3748/1/3748
f 3748/1/3748 3812/1/3812 3813/1/3813
f 3748/1/3748 3813/1/3813 3749/1/3749
f 3749/1/3749 3813/1/3813 3814/1/3814
f 3749/1/3749 3814/1/3814 3750/1/3750
f 3750/1/3750 3814/1/3814 3815/1/3815
f 3750/1/3750 3815/1/3815 3751/1/3751
f 3751/1/3751 3815/1/3815 3816/1/3816
f 3751/1/3751 3816/1/3816 3752/1/3752
f 3752/1/3752 3816/1/3816 3817/1/3817
f 3752/1/3752 3817/1/3817 3753/1/3753
f 3753/1/3753 3817/1/3817 3818/1/3818
f 3753/1/3753 3818/1/3818 3754/1/3754
f 3754/1/3754 3818/1/3818 3819/1/3819
f 3754/1/3754 3819/1/3819 3755/1/3755
f 3755/1/3755 3819/1/3819 3820/1/3820
f 3755/1/3755 3820/1/3820 3756/1/3756
f 3756/1/3756 3820/1/3820 3821/1/3821
f 3756/1/3756 3821/1/3821 3757/1/3757
f 3757/1/3757 3821/1/3821 3822/1/3822
f 3757/1/3757 3822/1/3822 3758/1/3758
f 3758/1/3758 3822/1/3822 3823/1/3823
f 3758/1/3758 3823/1/3823 3759/1/3759
f 3759/1/3759 3823/1/3823 3824/1/3824
f 3759/1/3759 3824/1/3824 3760/1/3760
f 3760/1/3760 3824/1/3824 3825/1/3825
f 3760/1/3760 3825/1/3825 3761/1/3761
f 3761/1/3761 3825/1/3825 3826/1/3826
f 3761/1/3761 3826/1/3826 3762/1/3762
f 3762/1/3762 3826/1/3826 3827/1/3827
f 3762/1/3762 3827/1/3827 3763/1/3763
f 3763/1/3763 3827/1/3827 3828/1/3828
f 3763/1/3763 3828/1/3828 3764/1/3764
f 3764/1/3764 3828/1/3828 3829/1/3829
f 3764/1/3764 3829/1/3829 3765/1/3765
f 3765/1/3765 3829/1/3829 3830/1/3830
f 3765/1/3765 3830/1/3830 3766/1/3766
f 3766/1/3766 3830/1/3830 3831/1/3831
f 3766/1/3766 3831/1/3831 3767/1/3767
f 3767/1/3767 3831/1/3831 3832/1/3832
f 3767/1/3767 3832/1/3832 3768/1/3768
f 3768/1/3768 3832/1/3832 3833/1/3833
f 3768/1/3768 3833/1/3833 3769/1/3769
f 3769/1/3769 3833/1/3833 3834/1/3834
f 3769/1/3769 3834/1/3834 3770/1/3770
f 3770/1/3770 3834/1/3834 3835/1/3835
f 3770/1/3770 3835/1/3835 3771/1/3771
f 3771/1/3771 3835/1/3835 3836/1/3836
f 3771/1/3771 3836/1/3836 3772/1/3772
f 3772/1/3772 3836/1/3836 3837/1/3837
f 3772/1/3772 3837/1/3837 3773/1/3773
f 3773/1/3773 3837/1/3837 3838/1/3838
f 3773/1/3773 3838/1/3838 3774/1/3774
f 3774/1/3774 3838/1/3838 3839/1/3839
f 3774/1/3774 3839/1/3839 3775/1/3775
f 3775/1/3775 3839/1/3839 3840/1/3840
f 3775/1/3775 3840/1/3840 3776/1/3776
f 3776/1/3776 3840/1/3840 3777/1/3777
f 3776/1/3776 3777/1/3777 3713/1/3713
f 3777/1/3777 3841/1/3841 3842/1/3842
f 3777/1/3777 3842/1/3842 3778/1/3778
f 3778/1/3778 3842/1/3842 3843/1/3843
f 3778/1/3778 3843/1/3843 3779/1/3779
f 3779/1/3779 3843/1/3843 3844/1/3844
f 3779/1/3779 3844/1/3844 3780/1/3780
f 3780/1/3780 3844/1/3844 3845/1/3845
f 3780/1/3780 3845/1/3845 3781/1/3781
f 3781/1/3781 3845/1/3845 3846/1/3846
f 3781/1/3781 3846/1/3846 3782/1/3782
f 3782/1/3782 3846/1/3846 3847/1/3847
f 3782/1/3782 3847/1/3847 3783/1/3783
f 3783/1/3783 3847/1/3847 3848/1/3848
f 3783/1/3783 3848/1/3848 3784/1/3784
f 3784/1/3784 3848/1/3848 3849/1/3849
f 3784/1/3784 3849/1/3849 3785/1/3785
f 3785/1/3785 3849/1/3849 3850/1/3850
f 3785/1/3785 3850/1/3850 3786/1/3786
f 3786/1/3786 3850/1/3850 3851/1/3851
f 3786/1/3786 3851/1/3851 3787/1/3787
f 3787/1/3787 3851/1/3851 3852/1/3852
f 3787/1/3787 3852/1/3852 3788/1/3788
f 3788/1/3788 3852/1/3852 3853/1/3853
f 3788/1/3788 3853/1/3853 3789/1/3789
f 3789/1/3789 3853/1/3853 3854/1/3854
f 3789/1/3789 3854/1/3854 3790/1/3790
f 3790/1/3790 3854/1/3854 3855/1/3855
f 3790/1/3790 3855/1/3855 3791/1/3791
f 3791/1/3791 3855/1/3855 3856/1/3856
f 3791/1/3791 3856/1/3856 3792/1/3792
f 3792/1/3792 3856/1/3856 3857/1/3857
f 3792/1/3792 3857/1/3857 3793/1/3793
f 3793/1/3793 3857/1/3857 3858/1/3858
f 3793/1/3793 3858/1/3858 3794/1/3794
f 3794/1/3794 3858/1/3858 3859/1/3859
f 3794/1/3794 3859/1/3859 3795/1/3795
f 3795/1/3795 3859/1/3859 3860/1/3860
f 3795/1/3795 3860/1/3860 3796/1/3796
f 3796/1/3796 3860/1/3860 3861/1/3861
f 3796/1/3796 3861/1/3861 3797/1/3797
f 3797/1/3797 3861/1/3861 3862/1/3862
f 3797/1/3797 3862/1/3862 3798/1/3798
f 3798/1/3798 3862/1/3862 3863/1/3863
f 3798/1/3798 3863/1/3863 3799/1/3799
f 3799/1/3799 3863/1/3863 3864/1/3864
f 3799/1/3799 3864/1/3864 3800/1/3800
f 3800/1/3800 3864/1/3864 3865/1/3865
f 3800/1/3800 3865/1/3865 3801/1/3801
f 3801/1/3801 3865/1/3865 3866/1/3866
f 3801/1/3801 3866/1/3866 3802/1/3802
f 3802/1/3802 3866/1/3866 3867/1/3867
f 3802/1/3802 3867/1/3867 3803/1/3803
f 3803/1/3803 3867/1/3867 3868/1/3868
f 3803/1/3803 3868/1/3868 3804/1/3804
f 3804/1/3804 3868/1/3868 3869/1/3869
f 3804/1/3804 3869/1/3869 3805/1/3805
f 3805/1/3805 3869/1/3869 3870/1/3870
f 3805/1/3805 3870/1/3870 3806/1/3806
f 3806/1/3806 3870/1/3870 3871/1/3871
f 3806/1/3806 3871/1/3871 3807/1/3807
f 3807/1/3807 3871/1/3871 3872/1/3872
f 3807/1/3807 3872/1/3872 3808/1/3808
f 3808/1/3808 3872/1/3872 3873/1/3873
f 3808/1/3808 3873/1/3873 3809/1/3809
f 3809/1/3809 3873/1/3873 3874/1/3874
f 3809/1/3809 3874/1/3874 3810/1/3810
f 3810/1/3810 3874/1/3874 3875/1/3875
f 3810/1/3810 3875/1/3875 3811/1/3811
f 3811/1/3811 3875/1/3875 3876/1/3876
f 3811/1/3811 3876/1/3876 3812/1/3812
f 3812/1/3812 3876/1/3876 3877/1/3877
f 3812/1/3812 3877/1/3877 3813/1/3813
f 3813/1/3813 3877/1/3877 3878/1/3878
f 3813/1/3813 3878/1/3878 3814/1/3814
f 3814/1/3814 3878/1/3878 3879/1/3879
f 3814/1/3814 3879/1/3879 3815/1/3815
f 3815/1/3815 3879/1/3879 3880/1/3880
f 3815/1/3815 3880/1/3880 3816/1/3816
f 3816/1/3816 3880/1/3880 3881/1/3881
f 3816/1/3816 3881/1/3881 3817/1/3817
f 3817/1/3817 3881/1/3881 3882/1/3882
f 3817/1/3817 3882/1/3882 3818/1/3818
f 3818/1/3818 3882/1/3882 3883/1/3883
f 3818/1/3818 3883/1/3883 3819/1/3819
f 3819/1/3819 3883/1/3883 3884/1/3884
f 3819/1/3819 3884/1/3884 3820/1/3820
f 3820/1/3820 3884/1/3884 3885/1/3885
f 3820/1/3820 3885/1/3885 3821/1/3821
f 3821/1/3821 3885/1/3885 3886/1/3886
f 3821/1/3821 3886/1/3886 3822/1/3822
f 3822/1/3822 3886/1/3886 3887/1/3887
f 3822/1/3822 3887/1/3887 3823/1/3823
f 3823/1/3823 3887/1/3887 3888/1/3888
f 3823/1/3823 3888/1/3888 3824/1/3824
f 3824/1/3824 3888/1/3888 3889/1/3889
f 3824/1/3824 3889/1/3889 3825/1/3825
f 3825/1/3825 3889/1/3889 3890/1/3890
f 3825/1/3825 3890/1/3890 3826/1/3826
f 3826/1/3826 3890/1/3890 3891/1/3891
f 3826/1/3826 3891/1/3891 3827/1/3827
f 3827/1/3827 3891/1/3891 3892/1/3892
f 3827/1/3827 3892/1/3892 3828/1/3828
f 3828/1/3828 3892/1/3892 3893/1/3893
f 3828/1/3828 3893/1/3893 3829/1/3829
f 3829/1/3829 3893/1/3893 3894/1/3894
f 3829/1/3829 3894/1/3894 3830/1/3830
f 3830/1/3830 3894/1/3894 3895/1/3895
f 3830/1/3830 3895/1/3895 3831/1/3831
f 3831/1/3831 3895/1/3895 3896/1/3896
f 3831/1/3831 3896/1/3896 3832/1/3832
f 3832/1/3832 3896/1/3896 3897/1/3897
f 3832/1/3832 3897/1/3897 3833/1/3833
f 3833/1/3833 3897/1/3897 3898/1/3898
f 3833/1/3833 3898/1/3898 3834/1/3834
f 3834/1/3834 3898/1/3898 3899/1/3899
f 3834/1/3834 3899/1/3899 3835/1/3835
f 3835/1/3835 3899/1/3899 3900/1/3900
f 3835/1/3835 3900/1/3900 3836/1/3836
f 3836/1/3836 3900/1/3900 3901/1/3901
f 3836/1/3836 3901/1/3901 3837/1/3837
f 3837/1/3837 3901/1/3901 3902/1/3902
f 3837/1/3837 3902/1/3902 3838/1/3838
f 3838/1/3838 3902/1/3902 3903/1/3903
f 3838/1/3838 3903/1/3903 3839/1/3839
f 3839/1/3839 3903/1/3903 3904/1/3904
f 3839/1/3839 3904/1/3904 3840/1/3840
f 3840/1/3840 3904/1/3904 3841/1/3841
f 3840/1/3840 3841/1/3841 3777/1/3777
f 3841/1/3841 3905/1/3905 3906/1/3906
f 3841/1/3841 3906/1/3906 3842/1/3842
f 3842/1/3842 3906/1/3906 3907/1/3907
f 3842/1/3842 3907/1/3907 3843/1/3843
f 3843/1/3843 3907/1/3907 3908/1/3908
f 3843/1/3843 3908/1/3908 3844/1/3844
f 3844/1/3844 3908/1/3908 3909/1/3909
f 3844/1/3844 3909/1/3909 3845/1/3845
f 3845/1/3845 3909/1/3909 3910/1/3910
f 3845/1/3845 3910/1/3910 3846/1/3846
f 3846/1/3846 3910/1/3910 3911/1/3911
f 3846/1/3846 3911/1/3911 3847/1/3847
f 3847/1/3847 3911/1/3911 3912/1/3912
f 3847/1/3847 3912/1/3912 3848/1/3848
f 3848/1/3848 3912/1/3912 3913/1/3913
f 3848/1/3848 3913/1/3913 3849/1/3849
f 3849/1/3849 3913/1/3913 3914/1/3914
f 3849/1/3849 3914/1/3914 3850/1/3850
f 3850/1/3850 3914/1/3914 3915/1/3915
f 3850/1/3850 3915/1/3915 3851/1/3851
f 3851/1/3851 3915/1/3915 3916/1/3916
f 3851/1/3851 3916/1/3916 3852/1/3852
f 3852/1/3852 3916/1/3916 3917/1/3917
f 3852/1/3852 3917/1/3917 3853/1/3853
f 3853/1/3853 3917/1/3917 3918/1/3918
f 3853/1/3853 3918/1/3918 3854/1/3854
f 3854/1/3854 3918/1/3918 3919/1/3919
f 3854/1/3854 3919/1/3919 3855/1/3855
f 3855/1/3855 3919/1/3919 3920/1/3920
f 3855/1/3855 3920/1/3920 3856/1/3856
f 3856/1/3856 3920/1/3920 3921/1/3921
f 3856/1/3856 3921/1/3921 3857/1/3857
f 3857/1/3857 3921/1/3921 3922/1/3922
f 3857/1/3857 3922/1/3922 3858/1/3858
f 3858/1/3858 3922/1/3922 3923/1/3923
f 3858/1/3858 3923/1/3923 3859/1/3859
f 3859/1/3859 3923/1/3923 3924/1/3924
f 3859/1/3859 3924/1/3924 3860/1/3860
f 3860/1/3860 3924/1/3924 3925/1/3925
f 3860/1/3860 3925/1/3925 3861/1/3861
f 3861/1/3861 3925/1/3925 3926/1/3926
f 3861/1/3861 3926/1/3926 3862/1/3862
f 3862/1/3862 3926/1/3926 3927/1/3927
f 3862/1/3862 3927/1/3927 3863/1/3863
f 3863/1/3863 3927/1/3927 3928/1/3928
f 3863/1/3863 3928/1/3928 3864/1/3864
f 3864/1/3864 3928/1/3928 3929/1/3929
f 3864/1/3864 3929/1/3929 3865/1/3865
f 3865/1/3865 3929/1/3929 3930/1/3930
f 3865/1/3865 3930/1/3930 3866/1/3866
f 3866/1/3866 3930/1/3930 3931/1/3931
f 3866/1/3866 3931/1/3931 3867/1/3867
f 3867/1/3867 3931/1/3931 3932/1/3932
f 3867/1/3867 3932/1/3932 3868/1/3868
f 3868/1/3868 3932/1/3932 3933/1/3933
f 3868/1/3868 3933/1/3933 3869/1/3869
f 3869/1/3869 3933/1/3933 3934/1/3934
f 3869/1/3869 3934/1/3934 3870/1/3870
f 3870/1/3870 3934/1/3934 3935/1/3935
f 3870/1/3870 3935/1/3935 3871/1/3871
f 3871/1/3871 3935/1/3935 3936/1/3936
f 3871/1/3871 3936/1/3936 3872/1/3872
f 3872/1/3872 3936/1/3936 3937/1/3937
f 3872/1/3872 3937/1/3937 3873/1/3873
f 3873/1/3873 3937/1/3937 3938/1/3938
f 3873/1/3873 3938/1/3938 3874/1/3874
f 3874/1/3874 3938/1/3938 3939/1/3939
f 3874/1/3874 3939/1/3939 3875/1/3875
f 3875/1/3875 3939/1/3939 3940/1/3940
f 3875/1/3875 3940/1/3940 3876/1/3876
f 3876/1/3876 3940/1/3940 3941/1/3941
f 3876/1/3876 3941/1/3941 3877/1/3877
f 3877/1/3877 3941/1/3941 3942/1/3942
f 3877/1/3877 3942/1/3942 3878/1/3878
f 3878/1/3878 3942/1/3942 3943/1/3943
f 3878/1/3878 3943/1/3943 3879/1/3879
f 3879/1/3879 3943/1/3943 3944/1/3944
f 3879/1/3879 3944/1/3944 3880/1/3880
f 3880/1/3880 3944/1/3944 3945/1/3945
f 3880/1/3880 3945/1/3945 3881/1/3881
f 3881/1/3881 3945/1/3945 3946/1/3946
f 3881/1/3881 3946/1/3946 3882/1/3882
f 3882/1/3882 3946/1/3946 3947/1/3947
f 3882/1/3882 3947/1/3947 3883/1/3883
f 3883/1/3883 3947/1/3947 3948/1/3948
f 3883/1/3883 3948/1/3948 3884/1/3884
f 3884/1/3884 3948/1/3948 3949/1/3949
f 3884/1/3884 3949/1/3949 3885/1/3885
f 3885/1/3885 3949/1/3949 3950/1/3950
f 3885/1/3885 3950/1/3950 3886/1/3886
f 3886/1/3886 3950/1/3950 3951/1/3951
f 3886/1/3886 3951/1/3951 3887/1/3887
f 3887/1/3887 3951/1/3951 3952/1/3952
f 3887/1/3887 3952/1/3952 3888/1/3888
f 3888/1/3888 3952/1/3952 3953/1/3953
f 3888/1/3888 3953/1/3953 3889/1/3889
f 3889/1/3889 3953/1/3953 3954/1/3954
f 3889/1/3889 3954/1/3954 3890/1/3890
f 3890/1/3890 3954/1/3954 3955/1/3955
f 3890/1/3890 3955/1/3955 3891/1/3891
f 3891/1/3891 3955/1/3955 3956/1/3956
f 3891/1/3891 3956/1/3956 3892/1/3892
f 3892/1/3892 3956/1/3956 3957/1/3957
f 3892/1/3892 3957/1/3957 3893/1/3893
f 3893/1/3893 3957/1/3957 3958/1/3958
f 3893/1/3893 3958/1/3958 3894/1/3894
f 3894/1/3894 3958/1/3958 3959/1/3959
f 3894/1/3894 3959/1/3959 3895/1/3895
f 3895/1/3895 3959/1/3959 3960/1/3960
f 3895/1/3895 3960/1/3960 3896/1/3896
f 3896/1/3896 3960/1/3960 3961/1/3961
f 3896/1/3896 3961/1/3961 3897/1/3897
f 3897/1/3897 3961/1/3961 3962/1/3962
f 3897/1/3897 3962/1/3962 3898/1/3898
f 3898/1/3898 3962/1/3962 3963/1/3963
f 3898/1/3898 3963/1/3963 3899/1/3899
f 3899/1/3899 3963/1/3963 3964/1/3964
f 3899/1/3899 3964/1/3964 3900/1/3900
f 3900/1/3900 3964/1/3964 3965/1/3965
f 3900/1/3900 3965/1/3965 3901/1/3901
f 3901/1/3901 3965/1/3965 3966/1/3966
f 3901/1/3901 3966/1/3966 3902/1/3902
f 3902/1/3902 3966/1/3966 3967/1/3967
f 3902/1/3902 3967/1/3967 3903/1/3903
f 3903/1/3903 3967/1/3967 3968/1/3968
f 3903/1/3903 3968/1/3968 3904/1/3904
f 3904/1/3904 3968/1/3968 3905/1/3905
f 3904/1/3904 3905/1/3905 3841/1/3841
f 3969/1/3969 1/1/1 4/1/4
f 3969/1/3969 4/1/4 6/1/6
f 3969/1/3969 6/1/6 8/1/8
f 3969/1/3969 8/1/8 10/1/10
f 3969/1/3969 10/1/10 12/1/12
f 3969/1/3969 12/1/12 14/1/14
f 3969/1/3969 14/1/14 16/1/16
f 3969/1/3969 16/1/16 18/1/18
f 3969/1/3969 18/1/18 20/1/20
f 3969/1/3969 20/1/20 22/1/22
f 3969/1/3969 22/1/22 24/1/24
f 3969/1/3969 24/1/24 26/1/26
f 3969/1/3969 26/1/26 28/1/28
f 3969/1/3969 28/1/28 30/1/30
f 3969/1/3969 30/1/30 32/1/32
f 3969/1/3969 32/1/32 34/1/34
f 3969/1/3969 34/1/34 36/1/36
f 3969/1/3969 36/1/36 38/1/38
f 3969/1/3969 38/1/38 40/1/40
f 3969/1/3969 40/1/40 42/1/42
f 3969/1/3969 42/1/42 44/1/44
f 3969/1/3969 44/1/44 46/1/46
f 3969/1/3969 46/1/46 48/1/48
f 3969/1/3969 48/1/48 50/1/50
f 3969/1/3969 50/1/50 52/1/52
f 3969/1/3969 52/1/52 54/1/54
f 3969/1/3969 54/1/54 56/1/56
f 3969/1/3969 56/1/56 58/1/58
f 3969/1/3969 58/1/58 60/1/60
f 3969/1/3969 60/1/60 62/1/62
f 3969/1/3969 62/1/62 64/1/64
f 3969/1/3969 64/1/64 66/1/66
f 3969/1/3969 66/1/66 68/1/68
f 3969/1/3969 68/1/68 70/1/70
f 3969/1/3969 70/1/70 72/1/72
f 3969/1/3969 72/1/72 74/1/74
f 3969/1/3969 74/1/74 76/1/76
f 3969/1/3969 76/1/76 78/1/78
f 3969/1/3969 78/1/78 80/1/80
f 3969/1/3969 80/1/80 82/1/82
f 3969/1/3969 82/1/82 84/1/84
f 3969/1/3969 84/1/84 86/1/86
f 3969/1/3969 86/1/86 88/1/88
f 3969/1/3969 88/1/88 90/1/90
f 3969/1/3969 90/1/90 92/1/92
f 3969/1/3969 92/1/92 94/1/94
f 3969/1/3969 94/1/94 96/1/96
f 3969/1/3969 96/1/96 98/1/98
f 3969/1/3969 98/1/98 100/1/100
f 3969/1/3969 100/1/100 102/1/102
f 3969/1/3969 102/1/102 104/1/104
f 3969/1/3969 104/1/104 106/1/106
f 3969/1/3969 106/1/106 108/1/108
f 3969/1/3969 108/1/108 110/1/110
f 3969/1/3969 110/1/110 112/1/112
f 3969/1/3969 112/1/112 114/1/114
f 3969/1/3969 114/1/114 116/1/116
f 3969/1/3969 116/1/116 118/1/118
f 3969/1/3969 118/1/118 120/1/120
f 3969/1/3969 120/1/120 122/1/122
f 3969/1/3969 122/1/122 124/1/124
f 3969/1/3969 124/1/124 126/1/126
f 3969/1/3969 126/1/126 128/1/128
f 3969/1/3969 128/1/128 1/1/1
f 3905/1/3905 3970/1/3970 3906/1/3906
f 3906/1/3906 3970/1/3970 3907/1/3907
f 3907/1/3907 3970/1/3970 3908/1/3908
f 3908/1/3908 3970/1/3970 3909/1/3909
f 3909/1/3909 3970/1/3970 3910/1/3910
f 3910/1/3910 3970/1/3970 3911/1/3911
f 3911/1/3911 3970/1/3970 3912/1/3912
f 3912/1/3912 3970/1/3970 3913/1/3913
f 3913/1/3913 3970/1/3970 3914/1/3914
f 3914/1/3914 3970/1/3970 3915/1/3915
f 3915/1/3915 3970/1/3970 3916/1/3916
f 3916/1/3916 3970/1/3970 3917/1/3917
f 3917/1/3917 3970/1/3970 3918/1/3918
f 3918/1/3918 3970/1/3970 3919/1/3919
f 3919/1/3919 3970/1/3970 3920/1/3920
f 3920/1/3920 3970/1/3970 3921/1/3921
f 3921/1/3921 3970/1/3970 3922/1/3922
f 3922/1/3922 3970/1/3970 3923/1/3923
f 3923/1/3923 3970/1/3970 3924/1/3924
f 3924/1/3924 3970/1/3970 3925/1/3925
f 3925/1/3925 3970/1/3970 3926/1/3926
f 3926/1/3926 3970/1/3970 3927/1/3927
f 3927/1/3927 3970/1/3970 3928/1/3928
f 3928/1/3928 3970/1/3970 3929/1/3929
f 3929/1/3929 3970/1/3970 3930/1/3930
f 3930/1/3930 3970/1/3970 3931/1/3931
f 3931/1/3931 3970/1/3970 3932/1/3932
f 3932/1/3932 3970/1/3970 3933/1/3933
f 3933/1/3933 3970/1/3970 3934/1/3934
f 3934/1/3934 3970/1/3970 3935/1/3935
f 3935/1/3935 3970/1/3970 3936/1/3936
f 3936/1/3936 3970/1/3970 3937/1/3937
f 3937/1/3937 3970/1/3970 3938/1/3938
f 3938/1/3938 3970/1/3970 3939/1/3939
f 3939/1/3939 3970/1/3970 3940/1/3940
f 3940/1/3940 3970/1/3970 3941/1/3941
f 3941/1/3941 3970/1/3970 3942/1/3942
f 3942/1/3942 3970/1/3970 3943/1/3943
f 3943/1/3943 3970/1/3970 3944/1/3944
f 3944/1/3944 3970/1/3970 3945/1/3945
f 3945/1/3945 3970/1/3970 3946/1/3946
f 3946/1/3946 3970/1/3970 3947/1/3947
f 3947/1/3947 3970/1/3970 3948/1/3948
f 3948/1/3948 3970/1/3970 3949/1/3949
f 3949/1/3949 3970/1/3970 3950/1/3950
f 3950/1/3950 3970/1/3970 3951/1/3951
f 3951/1/3951 3970/1/3970 3952/1/3952
f 3952/1/3952 3970/1/3970 3953/1/3953
f 3953/1/3953 3970/1/3970 3954/1/3954
f 3954/1/3954 3970/1/3970 3955/1/3955
f 3955/1/3955 3970/1/3970 3956/1/3956
f 3956/1/3956 3970/1/3970 3957/1/3957
f 3957/1/3957 3970/1/3970 3958/1/3958
f 3958/1/3958 3970/1/3970 3959/1/3959
f 3959/1/3959 3970/1/3970 3960/1/3960
f 3960/1/3960 3970/1/3970 3961/1/3961
f 3961/1/3961 3970/1/3970 3962/1/3962
f 3962/1/3962 3970/1/3970 3963/1/3963
f 3963/1/3963 3970/1/3970 3964/1/3964
f 3964/1/3964 3970/1/3970 3965/1/3965
f 3965/1/3965 3970/1/3970 3966/1/3966
f 3966/1/3966 3970/1/3970 3967/1/3967
f 3967/1/3967 3970/1/3970 3968/1/3968
f 3968/1/3968 3970/1/3970 3905/1/3905
# 7936 faces, 1 coords texture

# End of File
